<?xml version="1.0" encoding="UTF-8" standalone="yes"?>
<ExperimentResults><ExperimentInfo Name="OE292"><ExpDescription>AHC example method_screening with one Analyte_384 well plate
64 capture antibodies with Analyte at one concentration_no reference channel</ExpDescription><RTDVersion>2.0</RTDVersion><RunID>24F06473-F6D3-4D98-A1F9-0B1F7EF644AC</RunID><ExperimentType>KINETICS</ExperimentType><ExperimentSubType>KBASIC</ExperimentSubType><StartDateTime>2025-10-13T15:18:17</StartDateTime><MachineName>F4G0FZ3</MachineName><UserName>octet</UserName><LotNumber></LotNumber><PlateName>251013</PlateName><PlateName2></PlateName2><SensorName>A11</SensorName><SensorPlate>1</SensorPlate><SensorType>AHC (Anti-hIgG Fc Capture)</SensorType><SensorRole>LIGAND</SensorRole><SensorInfo></SensorInfo><WritingSW>OctetBLIDiscovery.exe 13.0.3.26</WritingSW><InstrumentType>OctetRED384</InstrumentType><InstrumentSerial>FB-20855</InstrumentSerial><InstrumentFW></InstrumentFW><IntegrationTime>3.2</IntegrationTime><DSPType>CPF</DSPType><HasManifest>1</HasManifest><InfoHash>244724468</InfoHash></ExperimentInfo><AssayParamsInfo/><KineticsData><Step><CommonData><SampleLocation>5</SampleLocation><SampleID>Glycine</SampleID><SampleGroup></SampleGroup><SampleInfo></SampleInfo><SampleRow>B</SampleRow><SamplePlate>1</SamplePlate><WellType>REGENERATION</WellType><Concentration>-1</Concentration><ConcentrationUnits>µg/ml</ConcentrationUnits><MolarConcentration>-1</MolarConcentration><MolarConcUnits>nM</MolarConcUnits><MolecularWeight>0</MolecularWeight><Temperature>30.1</Temperature><StartTime>0</StartTime><AssayTime>5</AssayTime></CommonData><FlowRate>1000</FlowRate><StepType>KREGENERATION</StepType><StepName>Regeneration</StepName><StepStatus>OK</StepStatus><ActualTime>5</ActualTime><CycleTime>0.2</CycleTime><AssayXData Points="25">AAAAAM3MTD7NzMw+I9sZP83MTD8AAIA/mpmZPzMzsz+R7cw/ZmbmP2IQAEDNzAxAmpkZQMl2
JkAzMzNAAABAQM3MTECamVlAZmZmQJZDc0AAAIBAZmaGQM3MjEAzM5NAmpmZQA==</AssayXData><AssayYData Points="25">AAAAACEtA740AFq+B6KQvuHJsb45eNK+KPLnvh1S/r5Rbwu/SOATv7gIHb8AgCW/ADIuv7LS
NL/w0Dy/p6JCv1cjSb8EEFC/lmtVvywXW78771+/kH9jvxOaab/NWG2/cDZxvw==</AssayYData></Step><Step><CommonData><SampleLocation>6</SampleLocation><SampleID>PBS</SampleID><SampleGroup></SampleGroup><SampleInfo></SampleInfo><SampleRow>B</SampleRow><SamplePlate>1</SamplePlate><WellType>NEUTRALIZATION</WellType><Concentration>-1</Concentration><ConcentrationUnits>µg/ml</ConcentrationUnits><MolarConcentration>-1</MolarConcentration><MolarConcUnits>nM</MolarConcUnits><MolecularWeight>0</MolecularWeight><Temperature>30</Temperature><StartTime>44141</StartTime><AssayTime>5</AssayTime></CommonData><FlowRate>1000</FlowRate><StepType>KREGENERATION</StepType><StepName>Regeneration</StepName><StepStatus>OK</StepStatus><ActualTime>5</ActualTime><CycleTime>0.2</CycleTime><AssayXData Points="25">AACgQGZmpkD+1KxAMzOzQJqZuUAAAMBAZmbGQM3MzEAzM9NAy6HZQAAA4EBmZuZAzczsQDMz
80DLoflAAAAAQTMzA0FmZgZBsp0JQebQDEEAABBBTDcTQdv5FkGamRlBzcwcQQ==</AssayXData><AssayYData Points="25">HHMuQJSmL0ARxzBACnYxQHe6MUDU1jJASCAzQEWBM0CN/jNAb040QJ0GNUD4STVAwZo1QGSE
NUDgFzZAyjk2QLd9NkAdwTZA4fQ2QBQxN0BQeTdAEqA3QPihN0DFizdAkPQ3QA==</AssayYData></Step><Step><CommonData><SampleLocation>5</SampleLocation><SampleID>Glycine</SampleID><SampleGroup></SampleGroup><SampleInfo></SampleInfo><SampleRow>B</SampleRow><SamplePlate>1</SamplePlate><WellType>REGENERATION</WellType><Concentration>-1</Concentration><ConcentrationUnits>µg/ml</ConcentrationUnits><MolarConcentration>-1</MolarConcentration><MolarConcUnits>nM</MolarConcUnits><MolecularWeight>0</MolecularWeight><Temperature>30</Temperature><StartTime>57531</StartTime><AssayTime>5</AssayTime></CommonData><FlowRate>1000</FlowRate><StepType>KREGENERATION</StepType><StepName>Regeneration</StepName><StepStatus>OK</StepStatus><ActualTime>5</ActualTime><CycleTime>0.2</CycleTime><AssayXData Points="25">AAAgQUw3I0F/aiZBsp0pQc3MLEEZBDBBMzMzQWZmNkGamTlB5dA8QQAAQEEzM0NBZmZGQZqZ
SUHm0ExBGARQQTMzU0F/alZBmplZQc3MXEEAAGBBMzNjQWZmZkGamWlBzcxsQQ==</AssayXData><AssayYData Points="25">ZG8zvwv6Rr8nClS/HGhevxQeY7+wc2m/qKpvv62Adb98U3q/qXl8v7D4f78vVoK/21KEv7D8
hL+3b4a/KMKHv7XeiL+qQoq/t0KLv3lEjL+WxI2/U5eOv170j78pnZC/mvOQvw==</AssayYData></Step><Step><CommonData><SampleLocation>6</SampleLocation><SampleID>PBS</SampleID><SampleGroup></SampleGroup><SampleInfo></SampleInfo><SampleRow>B</SampleRow><SamplePlate>1</SamplePlate><WellType>NEUTRALIZATION</WellType><Concentration>-1</Concentration><ConcentrationUnits>µg/ml</ConcentrationUnits><MolarConcentration>-1</MolarConcentration><MolarConcUnits>nM</MolarConcUnits><MolecularWeight>0</MolecularWeight><Temperature>30</Temperature><StartTime>70971</StartTime><AssayTime>5</AssayTime></CommonData><FlowRate>1000</FlowRate><StepType>KREGENERATION</StepType><StepName>Regeneration</StepName><StepStatus>OK</StepStatus><ActualTime>5</ActualTime><CycleTime>0.2</CycleTime><AssayXData Points="25">AQBwQTQzc0FnZnZBm5l5QebQfEEMAoBBppuBQTMzg0HNzIRBc2iGQQAAiEGamYlBTDeLQc3M
jEFzaI5BAACQQZqZkUEzM5NBzcyUQXNolkEAAJhBmpmZQUA1m0HNzJxBZmaeQQ==</AssayXData><AssayYData Points="25">2AIrQAJ9LECBlS1AnDguQJ7WLkAyRy9AFNkvQHxtMEDo/jBA+ukwQN/KMUBs/zFAnygyQLZe
MkCuyDJAfeUyQJJAM0DnRDNA5uozQASWM0BgKjRAIko0QPlfNEBosTRApKE0QA==</AssayYData></Step><Step><CommonData><SampleLocation>5</SampleLocation><SampleID>Glycine</SampleID><SampleGroup></SampleGroup><SampleInfo></SampleInfo><SampleRow>B</SampleRow><SamplePlate>1</SamplePlate><WellType>REGENERATION</WellType><Concentration>-1</Concentration><ConcentrationUnits>µg/ml</ConcentrationUnits><MolarConcentration>-1</MolarConcentration><MolarConcUnits>nM</MolarConcUnits><MolecularWeight>0</MolecularWeight><Temperature>30</Temperature><StartTime>84393</StartTime><AssayTime>5</AssayTime></CommonData><FlowRate>1000</FlowRate><StepType>KREGENERATION</StepType><StepName>Regeneration</StepName><StepStatus>OK</StepStatus><ActualTime>5.001</ActualTime><CycleTime>0.2</CycleTime><AssayXData Points="25">AACgQZqZoUEzM6NBzcykQWZmpkEMAqhBppupQUA1q0HNzKxBZmauQQwCsEGambFBQDWzQc3M
tEFmZrZBDAK4QZqZuUEzM7tB2c68QWZmvkEAAMBBmpnBQTMzw0HNzMRBc2jGQQ==</AssayXData><AssayYData Points="25">yStSv/b2ZL/Dh2+/vp11vygJfL8kEoG/iK+Cv6v5hL/Dd4a/Jk6Iv9WLib+2jIu/ZvaLv65d
jb+xuI6/AWmQv1tlkL8nbZG/faKSv3Wbkr+fhJO/EBaVvy2clL+v/5W/JByWvw==</AssayYData></Step><Step><CommonData><SampleLocation>6</SampleLocation><SampleID>PBS</SampleID><SampleGroup></SampleGroup><SampleInfo></SampleInfo><SampleRow>B</SampleRow><SamplePlate>1</SamplePlate><WellType>NEUTRALIZATION</WellType><Concentration>-1</Concentration><ConcentrationUnits>µg/ml</ConcentrationUnits><MolarConcentration>-1</MolarConcentration><MolarConcUnits>nM</MolarConcUnits><MolecularWeight>0</MolecularWeight><Temperature>30</Temperature><StartTime>97847</StartTime><AssayTime>5</AssayTime></CommonData><FlowRate>1000</FlowRate><StepType>KREGENERATION</StepType><StepName>Regeneration</StepName><StepStatus>OK</StepStatus><ActualTime>5.001</ActualTime><CycleTime>0.2</CycleTime><AssayXData Points="25">DQLIQbOdyUFMN8tB5tDMQXNozkENAtBBp5vRQUA100HaztRBgGrWQRkE2EGnm9lBQDXbQebQ
3EFzaN5BGQTgQbOd4UFANeNB5tDkQYBq5kENAuhBppvpQUw360HazuxBgGruQQ==</AssayXData><AssayYData Points="25">i3MrQKXgLECe5S1AccouQEWkL0D7BzBA2nAwQHTzMEBBVzFAtYUxQNc1MkBVlTJAq60yQNdS
M0AIVzNApywzQNSxM0A4EzRAfTQ0QJtvNEDPmzRA59A0QLK6NEBv7zRAU+40QA==</AssayYData></Step><Step><CommonData><SampleLocation>1</SampleLocation><SampleID>Octet Buffer</SampleID><SampleGroup></SampleGroup><SampleInfo></SampleInfo><SampleRow>A</SampleRow><SamplePlate>1</SamplePlate><WellType>BUFFER</WellType><Concentration>-1</Concentration><ConcentrationUnits>µg/ml</ConcentrationUnits><MolarConcentration>-1</MolarConcentration><MolarConcUnits>nM</MolarConcUnits><MolecularWeight>0</MolecularWeight><Temperature>30</Temperature><StartTime>112441</StartTime><AssayTime>20</AssayTime></CommonData><FlowRate>1000</FlowRate><StepType>CUSTOM</StepType><StepName>Sensor Check</StepName><StepStatus>OK</StepStatus><ActualTime>20</ActualTime><CycleTime>0.2</CycleTime><AssayXData Points="100">GgTwQcCf8UFZOfNB59D0QYBq9kEmBvhBtJ35QVo5+0Hn0PxBjWz+QQ0CAELazgBCp5sBQnpp
AkJANQNCDQIEQtrOBEKnmwVCc2gGQkY2B0ITAwhC2s4IQqebCUJzaApCQDULQg0CDELazgxC
p5sNQnppDkJANQ9CEwMQQtrOEEKnmxFCc2gSQkA1E0INAhRC2s4UQqebFUJ6aRZCQDUXQhMD
GELazhhCppsZQnppGkJANRtCDQIcQuDPHEKtnB1CdGgeQkA1H0ITAyBC2s4gQq2cIUJ6aSJC
QDUjQg0CJELaziRCrZwlQnRoJkJANSdCEwMoQuDPKEKtnClCdGgqQkA1K0INAixC2s4sQqab
LUJ0aC5CRjYvQhMDMELazjBCppsxQnppMkJANTNCDQI0QuDPNEKmmzVCemk2QkA1N0INAjhC
4M84QqycOUJ0aDpCQDU7QhMDPELgzzxCpps9QnRoPkJANT9CDQJAQtrOQEKmm0FCdGhCQkA1
Q0INAkRC4M9EQqabRUJ0aEZCQDVHQg==</AssayXData><AssayYData Points="100">NmUrQIXAKUB9WihA8wAnQMK9JkBRSiZAcxcmQB4oJkA6ICZA8f0lQJgXJkB3/yVAca8mQN/V
JkBF9SZAFvAmQP8bJ0BDTSdANE4nQJN+J0COtidAlpgnQGLWJ0A/LChAYykoQJoYKECdQyhA
e2QoQDmdKEBVvShA/u8oQLHDKED3IylANCQpQC7wKECdTylAuqopQLs/KUArlylAduMpQOvn
KUCUiylAPKkpQHYLKkASBSpAV/EpQNxEKkCqFipAkBIqQOg0KkC1FSpA0VsqQCObKkCwqypA
XTsqQPKdKkC3mCpATKUqQD3LKkCS/ypACrkqQFvQKkDSFytAZNAqQBcdK0BIIitAM1orQEAC
K0AfQCtASSgrQBQQK0DTbytA8nwrQDdJK0DEtCtArYorQCl0K0AapStAN5ArQLizK0AewStA
78srQPbuK0DhxStAWtgrQEECLEC8CixAJAksQGbvK0C1+itAhWAsQKYaLEAnPyxAsYosQHeb
LEDAXixAZWosQEt3LEDWVCxAQpEsQA==</AssayYData></Step><Step><CommonData><SampleLocation>5</SampleLocation><SampleID>SI-157C11_P5158</SampleID><SampleGroup></SampleGroup><SampleInfo></SampleInfo><SampleRow>A</SampleRow><SamplePlate>1</SamplePlate><WellType>KLOAD</WellType><Concentration>5</Concentration><ConcentrationUnits>µg/ml</ConcentrationUnits><MolarConcentration>5000</MolarConcentration><MolarConcUnits>nM</MolarConcUnits><MolecularWeight>0</MolecularWeight><Temperature>30</Temperature><StartTime>141226</StartTime><AssayTime>120</AssayTime></CommonData><FlowRate>1000</FlowRate><StepType>LOADING</StepType><StepName>Loading</StepName><StepStatus>OK</StepStatus><ActualTime>120</ActualTime><CycleTime>0.2</CycleTime><AssayXData Points="600">DQJIQtrOSEKnm0lCc2hKQkA1S0ITA0xC2s5MQqebTUJzaE5CRjZPQg0CUELazlBCrZxRQnpp
UkJGNlNCEwNUQtrOVEKnm1VCc2hWQkY2V0INAlhC2s5YQqebWUJ6aVpCRjZbQhMDXELazlxC
p5tdQnNoXkJANV9CDQJgQtrOYEKtnGFCc2hiQkA1Y0INAmRC2s5kQq2cZUJzaGZCQDVnQg0C
aELazmhCpptpQnppakJANWtCDQJsQtrObEKtnG1CemluQkA1b0INAnBC2s5wQq2ccUJ0aHJC
RjZzQg0CdELgz3RCppt1QnRodkJGNndCDQJ4QuDPeEKmm3lCeml6QkA1e0ITA3xC4M98Qqab
fUJ0aH5CRjZ/QgYBgELwZ4BCVs6AQr00gUKgmoFCBgGCQm1ngkJWzoJCvTSDQqCag0KKAYRC
bWeEQlbOhEI6NIVCoJqFQgYBhkJtZ4ZC082GQr00h0KgmodCBgGIQm1niELTzYhCOjSJQqCa
iUKKAYpC8GeKQtPNikI6NItCoJqLQgYBjEJtZ4xC082MQjo0jUKgmo1CBgGOQm1njkJWzo5C
OjSPQiObj0IGAZBC8GeQQtPNkEI6NJFCoJqRQgYBkkLwZ5JCVs6SQjo0k0KgmpNCigGUQm1n
lELTzZRCvTSVQqCalUIGAZZCbWeWQtPNlkK9NJdCoJqXQgYBmELwZ5hC082YQr00mUKgmplC
BgGaQm1nmkJWzppCOjSbQiObm0KKAZxCbWecQtPNnEI6NJ1CI5udQooBnkLwZ55C082eQjo0
n0Ijm59CigGgQvBnoEJWzqBCOjShQqCaoUKKAaJC8GeiQlbOokI6NKNCoJqjQooBpEJtZ6RC
1M2kQjo0pUIjm6VCBgGmQm1npkLUzaZCOjSnQiObp0IGAahCbWeoQtTNqEJANalCoJqpQgYB
qkJtZ6pC1M2qQjo0q0KgmqtCigGsQm1nrELUzaxCvTStQqCarUKKAa5CbWeuQtTNrkK9NK9C
oJqvQgYBsELwZ7BC1M2wQjo0sUKgmrFCBgGyQm1nskJWzrJCvTSzQqCas0IGAbRCbWe0QlbO
tEI6NLVCoJq1QgYBtkJtZ7ZCVs62Qjo0t0KgmrdCBgG4QvBnuELUzbhCOjS5QqCauUKKAbpC
bWe6QtTNukI6NLtCoJq7QgYBvELwZ7xC1M28Qjo0vUKgmr1CBgG+Qm1nvkLUzb5CvTS/QiOb
v0IGAcBC8GfAQtTNwEI6NMFCoJrBQgYBwkLwZ8JC1M3CQjo0w0KgmsNCigHEQm1nxEJWzsRC
vTTFQqCaxUKKAcZC8GfGQtTNxkI6NMdCoJrHQgYByEJtZ8hC1M3IQr00yUIjm8lCBgHKQm1n
ykJWzspCOjTLQiOby0KKAcxC8GfMQtTNzEI6NM1CI5vNQooBzkJtZ85CVs7OQr00z0Kgms9C
BgHQQm1n0ELUzdBCOjTRQiOb0UIGAdJC8GfSQlbO0kI6NNNCI5vTQgYB1EJtZ9RC1M3UQjo0
1UIjm9VCBgHWQm1n1kJWztZCvTTXQqCa10IGAdhCbWfYQlbO2EK9NNlCI5vZQgYB2kJtZ9pC
1M3aQjo020KgmttCigHcQm1n3ELUzdxCvTTdQqCa3UIGAd5CbWfeQlbO3kI6NN9CoJrfQgYB
4EJzaOBCVs7gQjo04UKgmuFCigHiQm1n4kJWzuJCOjTjQiOb40IGAeRCbGfkQtTN5EI6NOVC
JJvlQooB5kJsZ+ZC1M3mQrw050Ikm+dCBgHoQvBn6ELUzehCOjTpQiSb6UIGAepCbGfqQtTN
6kI6NOtCoJrrQgYB7EJsZ+xCVs7sQjo07UKgmu1CBgHuQmxn7kLUze5COjTvQqCa70IGAfBC
bGfwQlbO8EK8NPFCoJrxQgYB8kJsZ/JCVs7yQjo080KgmvNCigH0Qmxn9EJWzvRCOjT1QqCa
9UIGAfZCbGf2QtTN9kI6NPdCJJv3QooB+EJsZ/hC1M34Qjo0+UKgmvlCBgH6Qmxn+kLUzfpC
OjT7QqCa+0KKAfxCbGf8QtTN/EK8NP1CJJv9QooB/kLwZ/5CVs7+Qjo0/0Kgmv9CgwAAQ/gz
AEPqZgBDXpoAQ5LNAEPFAAFD+DMBQ+pmAUNemgFDks0BQ4MAAkO2MwJD6mYCQx2aAkNQzQJD
gwADQ7YzA0PqZgNDXpoDQ1DNA0PFAARDtjMEQ+pmBEMdmgRDUM0EQ8UABUO2MwVD6mYFQ16a
BUOSzQVDxQAGQ7YzBkMrZwZDHZoGQ5LNBkPFAAdDtjMHQ+pmB0MdmgdDks0HQ4MACEO2MwhD
6mYIQx2aCENQzQhDgwAJQ/gzCUMxaAlDHZoJQ1DNCUPFAApDtjMKQytnCkMdmgpDUM0KQ8UA
C0O2MwtDK2cLQx2aC0NQzQtDxQAMQ7YzDEMrZwxDXpoMQ1DNDEODAA1DtjMNQ+pmDUMdmg1D
UM0NQ4MADkO2Mw5D6mYOQ16aDkNQzQ5DgwAPQ7YzD0PqZg9DXpoPQ1DND0ODABBDtjMQQ+pm
EENemhBDUM0QQ4MAEUP4MxFD6mYRQ16aEUNQzRFDxQASQ7YzEkPqZhJDXpoSQ1DNEkODABND
+DMTQ+pmE0MdmhNDUM0TQ4MAFEP4MxRD6mYUQx2aFENQzRRDgwAVQ/gzFUPqZhVDHZoVQ1DN
FUODABZD+DMWQ+pmFkNemhZDUM0WQ4MAF0O2MxdD6mYXQ16aF0NQzRdDxQAYQ7YzGEMrZxhD
HZoYQ1DNGEPFABlDtjMZQytnGUNemhlDUM0ZQ4MAGkO2MxpDK2caQx2aGkNQzRpDxQAbQ7Yz
G0PqZhtDHZobQ1DNG0PFABxDtjMcQytnHENemhxDks0cQ4MAHUO2Mx1D6mYdQ16aHUNQzR1D
gwAeQ7YzHkNtZx5DHZoeQ5LNHkODAB9D+DMfQ+pmH0Mdmh9DUM0fQ4MAIEP4MyBD6mYgQ16a
IEOSzSBDgwAhQ7YzIUPqZiFDXpohQ1DNIUODACJD+DMiQ65nIkMdmiJDUM0iQ8UAI0P4MyND
6mYjQx2aI0NQzSNDgwAkQ/gzJEPqZiRDXpokQ1DNJEODACVDtjMlQytnJUMdmiVDUM0lQ8UA
JkO2MyZDK2cmQ16aJkNQzSZDgwAnQ/gzJ0PqZidDHZonQ5LNJ0ODAChDOjQoQ+pmKEMdmihD
UM0oQ4MAKUP4MylD6mYpQx2aKUNQzSlD</AssayXData><AssayYData Points="600">lQcrQC8gLEDsuixASiUtQPhXLUAuuy1AYT0uQPqtLkA22i5AQlIvQPhsL0CE9S9AeO8vQANc
MEDF8DBAdGQxQOhwMUAZEzJAVSgyQOh6MkC91DJAaS8zQP9/M0Aq5TNAsyg0QEJrNEBo1zRA
wBc1QAMdNUBRjTVAWeM1QJlDNkCNwDZAwbg2QAY6N0AMbTdA2QY4QAEFOEA8SjhAHGE4QJ7/
OEBSFDlABHo5QGmuOUBUIDpARcc6QDMIO0Dd1TpAIWc7QLsTPEDx1ztACiY8QEOaPEA+5TxA
RSU9QOmOPUDzxD1AdB0+QPKUPkA+6D5Ap7o+QFhTP0CVjD9AEP8/QGBkQEAaZEBA6uZAQNAV
QUB7GUFAUoVBQBLSQUDqY0JARbtCQJq9QkCdMUNAmoZDQGjBQ0Di60NApaZEQKeHREBCskRA
sTNFQLNJRUA940VAjoBGQL37RUBmuEZAa9hGQPv6RkCYYkdANI1HQEjpR0D5PUhAQntIQN2i
SECTIUlA5BBJQEyNSUA0mUlAJidKQKZcSkAbzEpAbThLQFFZS0DHhktA1M9LQCtBTECXM0xA
CbtMQHEZTUA9UE1ARHpNQGK2TUAlxk1AqEVOQMWQTkDABE9AdfFOQKZcT0BBvE9AaJNPQDIg
UEDColBA+ONQQO8nUUD2olFAWlJRQIB1UUAaPlJAH0lSQId8UkBM+VJAMB1TQGgXU0B1wFNA
kMBTQFEHVEDFSlRA8p1UQEm7VEC92FRA5HlVQBiMVUB9y1VAgW1WQEtLVkC2b1ZAthtXQFkN
V0A5dFdATalXQJDyV0Dhs1dAd1VYQPOpWEC7tFhA/fJYQBZ1WUB4LFlAB7dZQHQDWkBQZVpA
B7laQDenWkAn1FpAOzVbQDo7W0CZs1tAny5cQLwOXEAFg1xA18NcQPe6XEBAJF1AinZdQEJ/
XUBk4l1A7BheQGM5XkCKNV5A8MReQLfFXkCAWV9ARF9fQN9+X0Czjl9ALwRgQERFYEC8vGBA
OFJgQIDrYEDJMWFAoB9hQAWbYUDSbWFAwvxhQK4yYkDHV2JAJG5iQBEGY0AlEmNA4vNiQJhx
Y0BqLWNArwNkQB4sZEBdQGRA3HFkQKWBZEA6/2RAfaJkQFwlZUA3u2VALpdlQEfFZUAyF2ZA
dTVmQKMqZkC1zmZAGP9mQPA8Z0Ani2dA+HhnQNaGZ0BQAWhAfD9oQHghaECMmGhAAIFoQIWN
aEBcTGlAXTVpQCVoaUCpu2lATqFpQKjMaUArCGpAkl9qQPRGakCes2pAkulqQDbwakAeRmtA
JTVrQBmva0DAlWtAYONrQCUlbECEU2xAvalsQAyhbEDWrmxABmBtQHw0bUAQcW1A1kttQIoQ
bkBZ7G1AUStuQNshbkD+cm5AG7FuQF2tbkAp/25AciNvQONbb0AakG9AuGVvQCrOb0AsF3BA
A7BvQNxWcEBup3BAd0dwQPjacEAcDHFApMdwQG9XcUAiXnFAuF5xQKCMcUADpnFA8b1xQBPm
cUAJTnJAh55yQPsNckC0s3JA7PRyQJrWckAk3nJALFJzQHGpc0BJz3NANLRzQMXpc0DYH3RA
oPZzQNYbdECAJHRAor90QJ4IdUDEi3RAQRV1QD0+dUCSB3VA6V11QPvudUD6oHVAKvV1QLMT
dkC+93VAiRl2QF1adkA0VnZAKqt2QIrDdkDG/XZAAsR2QPkLd0BzNXdAHxh3QJFjd0Cej3dA
eaV3QCMGeED21HdAmjh4QFlPeEAkrHhABIp4QPefeEAxzHhA4t94QBMJeUBsW3lAH1F5QFZK
eUCzi3lAsZZ5QKGSeUDxs3lAiGR6QGNKekCqPHpAOJV6QPuKekDbdHpABcF6QBT0ekBXyHpA
ymV7QPBke0CLP3tAHXR7QClZe0ClintAg8h7QHPve0BYFHxAMtl7QEIefEBzB3xA5a58QJ6/
fEDtkXxAYr58QKMwfUBtLH1APTJ9QLRBfUBoTn1AVXR9QNdKfUAEpn1AhbF9QByofUA78X1A
UcJ9QKoFfkCoSH5AEhx+QAxxfkB+tX5AiKJ+QN98fkB68X5AIvR+QCXgfkCqEX9AhEp/QK8l
f0BJdn9AH99/QPKZf0Bwzn9AY+h/QPD9f0ARpX9AEBiAQOkOgEAiJoBA4SaAQBVfgEDOJ4BA
lk2AQONIgECdT4BAIWGAQEVvgECNcoBAs6qAQP3HgED5n4BAbr6AQHPZgEDD3oBAbf2AQDML
gUAU8YBAQ+uAQN0LgUAkGIFAWQWBQFlZgUBnWIFAozqBQHZLgUAmeYFAc2mBQCd1gUBoo4FA
IpmBQKSGgUDzqoFAjraBQGGmgUAb5IFAEeaBQAzhgUDE9YFApOeBQLHwgUAm24FAihWCQLQQ
gkBzD4JAyzeCQEwigkDSaYJAS1mCQI44gkBxQYJA722CQCFigkBcVYJAMX2CQGGjgkAfpoJA
vYqCQMi5gkCMm4JAELSCQHbNgkCxy4JAgt2CQAi+gkAyCoNAk/mCQE4og0A7LYNARNqCQFZA
g0AwGYNAbxWDQMdSg0CvV4NALjuDQDl9g0BraINAJYyDQGpug0D/goNAd42DQJWJg0D7loNA
DoaDQCebg0Bys4NAV6aDQGq+g0BxyYNAm+aDQETjg0CA9INA0+6DQCH2g0Bk74NAxBaEQP38
g0C2N4RAZTeEQL1chEA1OoRAEj2EQAv/g0BGMYRAh1OEQClEhECWToRAklGEQIJthEC9lYRA
B4eEQB6hhEDaYYRAU6mEQH6uhECVkIRA8eOEQOuqhECFrIRAGuWEQOHFhECl8YRARuOEQHHh
hECz8YRAJt6EQKgihUDS+YRA/jaFQLIohUAwN4VAqDCFQMQ5hUCEN4VAiXGFQI5MhUBZU4VA
N42FQGmDhUAAeIVAmaCFQG6VhUBFpIVA4seFQKejhUAAiYVAXqSFQPKmhUBApYVA1d2FQFfS
hUDcyIVAb96FQOW8hUB65YVAbtaFQFgUhkC9/IVAoeKFQPgQhkAt+YVAgQmGQEgRhkCYJYZA
jjiGQLwihkBsNoZAkj6GQF0qhkAhT4ZAt1mGQLFGhkBfY4ZA8lCGQON+hkD5lYZA0YCGQBiJ
hkBYxIZAF36GQGmihkB2w4ZAiKWGQAadhkBgtoZAzr+GQAeMhkD23oZAf9uGQO3nhkAA6oZA
8tCGQM7QhkA76oZAgw6HQC30hkDK64ZA</AssayYData></Step><Step><CommonData><SampleLocation>1</SampleLocation><SampleID>Octet Buffer</SampleID><SampleGroup></SampleGroup><SampleInfo></SampleInfo><SampleRow>A</SampleRow><SamplePlate>1</SamplePlate><WellType>BUFFER</WellType><Concentration>-1</Concentration><ConcentrationUnits>µg/ml</ConcentrationUnits><MolarConcentration>-1</MolarConcentration><MolarConcUnits>nM</MolarConcUnits><MolecularWeight>0</MolecularWeight><Temperature>30</Temperature><StartTime>270166</StartTime><AssayTime>100</AssayTime></CommonData><FlowRate>1000</FlowRate><StepType>BASELINE</StepType><StepName>Baseline</StepName><StepStatus>OK</StepStatus><ActualTime>100</ActualTime><CycleTime>0.2</CycleTime><AssayXData Points="500">gwAqQ7YzKkPpZipDHZoqQ1DNKkPFACtD+DMrQ+lmK0MdmitDUM0rQ4MALEO2MyxD6WYsQx2a
LENQzSxDxQAtQ7YzLUPpZi1DHZotQ5HNLUPFAC5DtjMuQytnLkMdmi5Dkc0uQ4MAL0P4My9D
6WYvQx2aL0ORzS9DxQAwQ7YzMEMrZzBDHZowQ5HNMEPFADFDtjMxQ+lmMUNemjFDUM0xQ4MA
MkO2MzJD6WYyQx2aMkNQzTJDxQAzQ/gzM0PpZjNDXpozQ1DNM0PFADRDtjM0QytnNENemjRD
UM00Q4MANUO2MzVD6WY1Q16aNUNQzTVDgwA2Q7YzNkPpZjZDXpo2Q5HNNkPFADdD+DM3Q+lm
N0MdmjdDkc03Q8UAOEP4MzhD6WY4Q16aOENQzThDgwA5Q7YzOUPpZjlDXpo5Q1DNOUODADpD
tjM6QytnOkMdmjpDUM06Q8QAO0P4MztD6WY7Q16aO0ORzTtDgwA8Q7YzPEO2czxDapw8Q1DN
PEPEAD1D+DM9Q+lmPUMdmj1D0809Q8QAPkO2Mz5D6WY+Qx2aPkORzT5DgwA/Q7YzP0PpZj9D
HZo/Q1DNP0ODAEBDtjNAQ+lmQENemkBDkc1AQ4MAQUO2M0FD6WZBQx2aQUNQzUFDgwBCQ7Yz
QkPpZkJDXppCQ1DNQkODAENDtjNDQytnQ0NemkNDkc1DQ4MAREP4M0RDK2dEQ16aREORzURD
gwBFQ7YzRUPpZkVDHZpFQ5HNRUODAEZD+DNGQ+lmRkNemkZDkc1GQ8QAR0O2M0dD6WZHQx2a
R0NQzUdDgwBIQ/gzSEPpZkhDHZpIQ1DNSEODAElDtjNJQ+lmSUMdmklDUM1JQ4MASkP4M0pD
6mZKQxyaSkORzUpDgwBLQ7YzS0PqZktDHJpLQ1DNS0ODAExD+DNMQytnTENemkxDkc1MQ4MA
TUO2M01D6mZNQxyaTUNQzU1DgwBOQ7YzTkPqZk5DHJpOQ1DNTkPEAE9DtjNPQytnT0Mcmk9D
kc1PQ8QAUEO2M1BDQHVQQ/SdUENQzVBDgwBRQ/gzUUPqZlFDHJpRQ1DNUUODAFJDtjNSQytn
UkMcmlJDUM1SQ4MAU0O2M1ND6mZTQ16aU0ORzVNDgwBUQ7YzVEPqZlRDHJpUQ1DNVEODAFVD
tjNVQ+pmVUMcmlVDUM1VQ4MAVkO2M1ZDK2dWQxyaVkORzVZDgwBXQ/gzV0PqZldDHJpXQ1DN
V0ODAFhD+DNYQ+pmWENemlhDUM1YQ4MAWUM5NFlD6mZZQxyaWUNQzVlDxABaQ7YzWkPqZlpD
HJpaQ1DNWkPEAFtDtjNbQ+pmW0McmltDkc1bQ8QAXEO2M1xD6mZcQ16aXEORzVxDxABdQ/gz
XUPqZl1DHJpdQ1DNXUODAF5D+DNeQytnXkNeml5Dkc1eQ4MAX0O2M19DK2dfQxyaX0NQzV9D
gwBgQ7YzYEPqZmBDHJpgQ1DNYEODAGFD+DNhQytnYUMcmmFDUM1hQ4MAYkO2M2JD6mZiQxya
YkNQzWJDxABjQ/gzY0MrZ2NDHJpjQ1DNY0ODAGRDtjNkQ7ByZEPnm2RDkc1kQ8QAZUP4M2VD
6mZlQxyaZUNQzWVDxABmQ7YzZkPqZmZDHJpmQ1DNZkODAGdD+DNnQytnZ0McmmdDUM1nQ4MA
aEO2M2hD6mZoQxyaaENQzWhDxABpQ7YzaUPqZmlDHJppQ5HNaUODAGpDtjNqQ+pmakMcmmpD
ks1qQ4MAa0P4M2tD6mZrQ16aa0NQzWtDgwBsQ7YzbEMrZ2xDHJpsQ1DNbEPEAG1DtjNtQ+pm
bUNemm1DUM1tQ4MAbkO2M25DK2duQxyabkNQzW5DgwBvQ7Yzb0PqZm9DHJpvQ1DNb0ODAHBD
+DNwQ+pmcEMcmnBDks1wQ4MAcUO2M3FD6mZxQ16acUNQzXFDgwByQ7YzckMrZ3JDHJpyQ1DN
ckPEAHNDtjNzQytnc0McmnNDks1zQwYBdEP4M3RD6mZ0QxyadENQzXRDxAB1Q7YzdUPqZnVD
HJp1Q1DNdUPEAHZDtjN2Q+pmdkNemnZDUM12Q4MAd0O2M3dDK2d3Qxyad0NQzXdDxAB4Q/gz
eEM6dHhD7px4Q1DNeEODAHlD+DN5Q+pmeUMcmnlDks15Q8QAekO2M3pDK2d6Q16aekNQzXpD
gwB7Q7Yze0PqZntDHJp7Q1DNe0PEAHxDtjN8Q+pmfEMcmnxDUM18Q4MAfUP4M31D6mZ9Q16a
fUNQzX1DgwB+Q/gzfkPqZn5DHJp+Q1DNfkPEAH9DtjN/Q+pmf0Mcmn9DUM1/Q0IAgEPbGYBD
dTOAQy9NgEOoZoBDYoCAQ9uZgEOWs4BDDs2AQ6jmgENiAIFD/BmBQ3UzgUMvTYFDyWaBQ0KA
gUPbmYFDdbOBQy/NgUOo5oFDQgCCQ9sZgkN1M4JDL02CQ8lmgkNCgIJD25mCQ5azgkMvzYJD
yeaCQ0IAg0PbGYNDljODQy9Ng0OoZoNDYoCDQ9uZg0N1s4NDL82DQ6jmg0NCAIRD2xmEQ3Uz
hEMOTYRDqGaEQ0KAhEP8mYRDdbOEQy/NhEPJ5oRDQgCFQ9sZhUN1M4VDL02FQ6hmhUNCgIVD
25mFQ3WzhUMOzYVDqOaFQ2IAhkP8GYZD4TqGQztPhkOoZoZDQoCGQ9uZhkN1s4ZDDs2GQ6jm
hkM=</AssayXData><AssayYData Points="500">xYaHQHmuh0B3uodAw/OHQMn+h0ASAYhAniyIQNP0h0Al+IdAswmIQC8QiED2DYhAiESIQGxO
iECZBIhAuyKIQA0RiEDIDohAsUOIQNs4iECAMYhAfjSIQKFEiEAvDIhA+zaIQKVOiECKO4hA
FAmIQF9LiEBiE4hAn0OIQCs2iEAKGIhAj0CIQCBSiEAZWohAQC6IQKBBiEDaWohAkTaIQDo9
iECFXohAWlmIQMdciECjbohAg1SIQLZpiEAyRYhAOzyIQIc0iEALVYhARl+IQCU9iEBUOIhA
uH2IQBJBiEDSVIhArTWIQIpOiEDRMYhAjGaIQPh+iEB1SohAjXqIQNRniECDS4hAR3OIQPVq
iEBiUIhA73iIQKGIiEBtVIhAFVuIQGt3iEBYa4hA1WyIQFYziEABVIhAHCaIQBM5iEAIWohA
v0CIQFtIiEAuf4hAhVeIQERfiEAWY4hA/VGIQFpFiEA/aohACjOIQLJRiEBEWIhADmmIQLt3
iEAUj4hAPGqIQMt9iEATWYhAYnOIQAtfiECKR4hA4IGIQOpHiEBRb4hAhFmIQPpGiEBqXIhA
8smIQIRciECJWohAxnGIQFJIiEBfYYhApY6IQExsiEChRYhA+3mIQMVwiEDGP4hAD3KIQJqE
iEBTQ4hA6VSIQA2ZiEDMZIhAQTyIQC+RiEBTUohAymCIQEh2iEBxYIhAXlqIQDeAiED1eYhA
n0qIQIF7iECVcYhAwWaIQGqFiEAhbYhAwmCIQNpViEBtdohADVqIQNNYiEDEeYhAwJyIQOx+
iEB0iIhAx36IQKFxiEDGUYhAQW2IQBxYiECkX4hAHJuIQDZXiEBya4hAynGIQMBliECIT4hA
bK6IQN9aiEDDVIhAKJiIQKpziEAHa4hA96SIQOBuiEAdRohARGiIQNqIiEA3UYhAIX6IQL2s
iEDYSYhAn7GIQKSCiEADaIhAHmiIQF15iEB+aIhABmqIQBOSiEAznIhA82aIQDJjiEDolohA
5UuIQGp/iED/nohAxX+IQKWRiEBig4hACmOIQPxkiEAdYYhAfZWIQIs+iECJjIhAbJmIQA57
iECIb4hAA4OIQEhyiEDwe4hALp6IQP18iECnX4hA75KIQG9diEARpYhAoIiIQB9XiECUkIhA
+biIQAiDiEAkk4hARXeIQO6diECGa4hAvqOIQP+YiEDQe4hAVI6IQLqfiEBabohAMnGIQKmk
iECMg4hAUHyIQB23iEAyfIhA1Y6IQHiEiECykIhAzVOIQACHiECuoIhAE3iIQFmPiEAIsIhA
ZKCIQGGCiECSmIhAYoeIQGl5iEDzjohA6J6IQNWRiEAAnIhAvJiIQO+FiEBcs4hAE8aIQGF1
iECFn4hAULeIQNa3iED6mohA/LeIQOeMiEC7k4hAL8mIQBDDiEBchohAS7mIQCvWiED/jYhA
mLKIQN+wiED8rohA57eIQFaZiED6vYhAsXuIQDvUiEA1pIhAJaWIQEHLiECYn4hALJWIQEmh
iEDYsohALpaIQMaviEDrr4hAA6+IQHqRiEBaqYhArdeIQJ/diEBwnYhAt4uIQGrRiECGwIhA
L7SIQLqiiEA83ohAmXOIQH++iECZsIhA4NuIQJCKiEDutohAHdGIQG+xiECoqIhAoreIQF+x
iEBenIhA7cCIQManiECvyohAueOIQG2kiEBZm4hAQ9SIQMbXiEDWx4hAvJ2IQKGwiEB3uohA
KciIQMjgiECqzIhAdL2IQAXSiEBProhA1KaIQCvRiEDL2IhA7L6IQCzUiEDPxYhAr6+IQNnp
iECJyYhAQtWIQGa4iEDG24hAE6uIQP7tiEB5AYlA8K6IQJeniEAL4ohAWqyIQP3liEDXxIhA
fOWIQMvtiECkwohAyceIQOKkiEBT1YhAUsmIQGm/iEBmDIlAydmIQHTKiEAY1ohAjdqIQI/B
iEAtu4hApQeJQHLLiEB6yIhAMeCIQJbUiEANt4hAItWIQFv3iECsp4hA4/2IQOXViEB35IhA
P82IQHHOiEBzsIhAP9+IQEy4iEAWtohAT9mIQBnviEAetohAv8yIQPkViUCnv4hAVreIQPHa
iECIA4lAqsGIQGzeiEBT4YhAOMyIQJj1iEBh/YhAu8iIQJjRiEA98IhAi9mIQITbiECY6ohA
COKIQGLwiEBa7IhApO6IQGnbiEBX6YhAMemIQHu0iEDN4YhAp+uIQMXHiEBuBIlA2AKJQNzt
iEBsy4hA7t+IQGH7iEDe2IhAWOWIQMEdiUAu44hA4wKJQHsKiUCXsIhACOKIQN7EiEBg04hA
1vOIQOD9iEAm/ohArMyIQIb7iEBb2ohAENKIQDT/iEBkC4lA9gGJQBfxiEC67IhAG+WIQLrc
iECi+ohAPcyIQGvXiECY+YhAywGJQFnriEBGA4lAxsyIQLf2iEDNAYlA8wKJQFrkiEB83ohA
dMmIQJ3ciEB76IhAwQeJQF4FiUDKAolAnRKJQLfZiEBR3ohA/OuIQL/NiEDS8IhAeg6JQEjA
iEBeAYlA9AaJQAPziEAl6ohAke6IQIURiUAH3ohABweJQGniiEBj/ohAgQOJQOkuiUCR74hA
yeGIQKnqiECi9IhAWN6IQCoZiUBAC4lAmtSIQF0CiUC78ohAGvmIQOQViUBTEIlAAAeJQMoC
iUA=</AssayYData></Step><Step><CommonData><SampleLocation>2</SampleLocation><SampleID>hsCD3d/e_Acro_CDD-H52W1</SampleID><SampleGroup></SampleGroup><SampleInfo></SampleInfo><SampleRow>A</SampleRow><SamplePlate>1</SamplePlate><WellType>KSAMPLE</WellType><Concentration>-1</Concentration><ConcentrationUnits>µg/ml</ConcentrationUnits><MolarConcentration>200</MolarConcentration><MolarConcUnits>nM</MolarConcUnits><MolecularWeight>0</MolecularWeight><Temperature>30</Temperature><StartTime>378598</StartTime><AssayTime>180</AssayTime></CommonData><FlowRate>1000</FlowRate><StepType>ASSOC</StepType><StepName>Association</StepName><StepStatus>OK</StepStatus><ActualTime>180</ActualTime><CycleTime>0.2</CycleTime><AssayXData Points="900">QgCHQ9wZh0N1M4dDD02HQ8lmh0NCgIdD3JmHQ3Wzh0MPzYdDyeaHQ0IAiEPcGYhDdTOIQw9N
iEPJZohDQoCIQ9yZiEN1s4hDD82IQ8nmiENCAIlD3BmJQ3UziUMPTYlDyWaJQ0KAiUP8mYlD
lrOJQw/NiUPJ5olDQgCKQ9wZikN1M4pDME2KQ8lmikNjgIpD/JmKQ5azikMPzYpDqOaKQ0IA
i0PcGYtDdTOLQw9Ni0OoZotDQoCLQ9yZi0OWs4tDD82LQ8nmi0NOAoxD3BmMQ5YzjEMwTYxD
qGaMQ0KAjEPcmYxDdbOMQzDNjEOo5oxDYwCNQ9wZjUN1M41DD02NQ6hmjUNCgI1D3JmNQ3Wz
jUMPzY1DqOaNQ2MAjkPcGY5DljOOQw9NjkOoZo5DQoCOQ/yZjkOWs45DMM2OQ8nmjkNCAI9D
3BmPQ5Yzj0MPTY9DqGaPQ2OAj0PcmY9DdbOPQzDNj0Oo5o9DYwCQQ9wZkEOWM5BDD02QQ8lm
kENCgJBD/JmQQ5azkEMwzZBDqOaQQ0IAkUMdGpFDljORQzBNkUOoZpFDQoCRQ9yZkUOWs5FD
D82RQ6jmkUNCAJJD/BmSQ3UzkkMwTZJDqGaSQ0KAkkP8mZJDlrOSQw/NkkPJ5pJDYwCTQ/wZ
k0N1M5NDD02TQ6hmk0NCgJND3JmTQ5azk0MPzZNDqOaTQ2MAlEPcGZRDdTOUQzBNlEOoZpRD
QoCUQ/yZlEN1s5RDD82UQ8nmlENCAJVD/BmVQ3UzlUMwTZVDqGaVQ2OAlUPcmZVDdbOVQw/N
lUOo5pVD8gKWQ9wZlkOWM5ZDD02WQ6hmlkNCgJZD3JmWQ3WzlkMPzZZDqOaWQ0IAl0PcGZdD
ljOXQw9Nl0PJZpdDQoCXQ9yZl0N1s5dDD82XQ8nml0NCAJhD3BmYQ3UzmEMPTZhDyWaYQ0KA
mEP8mZhDdbOYQzDNmEOo5phDQgCZQx0amUN1M5lDD02ZQ6hmmUNjgJlD3JmZQ3WzmUMPzZlD
yeaZQ0IAmkPcGZpDdTOaQw9NmkPJZppDY4CaQ9yZmkOWs5pDMM2aQ6jmmkNCAJtD/BmbQ3Uz
m0MPTZtDyWabQ2OAm0PcmZtDdbObQw/Nm0PJ5ptDQgCcQ9wZnEN1M5xDD02cQ6hmnENCgJxD
/JmcQ3WznEMPzZxDqOacQ2MAnUPcGZ1DljOdQw9NnUOoZp1DQoCdQ9yZnUOWs51DD82dQ6jm
nUNCAJ5D3BmeQ3UznkMPTZ5DqGaeQ0KAnkP8mZ5DdbOeQw/NnkOo5p5DQgCfQ9wZn0OWM59D
ME2fQ6hmn0NCgJ9D3JmfQ3Wzn0MPzZ9DqOafQ8sBoEPcGaBDljOgQw9NoEOoZqBDY4CgQ9yZ
oEOWs6BDMM2gQ6jmoENCAKFD3BmhQ5YzoUMwTaFDqGahQ0KAoUPcmaFDdbOhQw/NoUOo5qFD
QgCiQ9wZokN1M6JDME2iQ6hmokNCgKJD3JmiQ3WzokMwzaJDqOaiQ0IAo0PcGaNDdTOjQw9N
o0OoZqNDQoCjQ9yZo0OWs6NDD82jQ6jmo0NCAKRD/BmkQ3UzpEMPTaRDqGakQ0KApEPcmaRD
lrOkQw/NpEOo5qRDYwClQ9wZpUOWM6VDME2lQ6hmpUNCgKVD3JmlQ5azpUMwzaVDqOalQ0IA
pkP8GaZDljOmQw9NpkOoZqZDQoCmQ9yZpkN1s6ZDD82mQ6jmpkNCAKdD/BmnQ/gzp0MwTadD
yWanQ0KAp0PcmadDdbOnQw/Np0Oo5qdDQgCoQ9wZqEOWM6hDD02oQ6hmqENjgKhD3JmoQ5az
qEMPzahDqOaoQ0IAqUPcGalDdTOpQzBNqUOoZqlDQoCpQ9yZqUOWs6lDD82pQ8nmqUNvAqpD
3BmqQ3UzqkMwTapDyWaqQ0KAqkP8mapDlrOqQw/NqkOo5qpDQgCrQ9wZq0N1M6tDD02rQ6hm
q0NjgKtD3JmrQ3Wzq0MPzatDqOarQ0IArEPcGaxDljOsQzBNrEOoZqxDQoCsQ/yZrEN1s6xD
D82sQ6jmrENjAK1D3BmtQ3UzrUMPTa1DqGatQ0KArUPcma1DdbOtQzDNrUPJ5q1DQgCuQ9wZ
rkN1M65DD02uQ6hmrkNCgK5D3JmuQ3WzrkMPza5DqOauQ0IAr0PcGa9DljOvQw9Nr0PJZq9D
QoCvQ/yZr0N1s69DD82vQ6jmr0NCALBD/BmwQ3UzsEMwTbBDqGawQ2OAsEPcmbBDdbOwQzDN
sEPJ5rBDYwCxQ9wZsUN1M7FDD02xQ6hmsUNCgLFD3JmxQ3WzsUMwzbFDqOaxQ0IAskPcGbJD
ljOyQw9NskPJZrJDY4CyQ9yZskN1s7JDD82yQ6jmskNjALND3BmzQ5Yzs0MwTbNDqGazQ0KA
s0PcmbNDdbOzQw/Ns0Oo5rNDKAG0Q9wZtEN1M7RDME20Q8lmtENCgLRD/Jm0Q3WztEMwzbRD
qOa0Q2MAtUP8GbVDljO1Qw9NtUOoZrVDQoC1Q/yZtUOWs7VDD821Q6jmtUNCALZD/Bm2Q5Yz
tkMPTbZDyWa2Q0KAtkPcmbZDdbO2Qw/NtkOo5rZDQgC3Q9wZt0N1M7dDME23Q6hmt0NjgLdD
3Jm3Q3Wzt0MPzbdDqOa3Q2MAuEP8GbhDdTO4Qw9NuEOoZrhDQoC4Q/yZuEN1s7hDD824Q6jm
uENCALlD/Bm5Q3UzuUMwTblDyWa5Q0KAuUPcmblDlrO5Qw/NuUOo5rlDQgC6Q9wZukN1M7pD
D026Q8lmukNCgLpD/Jm6Q3WzukMPzbpDqOa6Q0IAu0NfGrtDdTO7Qw9Nu0OoZrtDQoC7Q9yZ
u0N1s7tDMM27Q6jmu0NjALxD/Bm8Q5YzvEMwTbxDqGa8Q0KAvEPcmbxDdbO8QzDNvEPJ5rxD
QgC9Q9wZvUN1M71DME29Q6hmvUNCgL1D/Jm9Q3WzvUMwzb1DqOa9Q/gDvkP8Gb5DdTO+Qw9N
vkPJZr5DQoC+Q9yZvkN1s75DD82+Q6jmvkNjAL9D/Bm/Q3Uzv0MwTb9DqGa/QyiBv0P8mb9D
dbO/Qw/Nv0PJ5r9DQgDAQ/wZwEN1M8BDD03AQ8lmwENCgMBD3JnAQ3WzwEMPzcBDqObAQ0IA
wUP8GcFDdTPBQzBNwUOoZsFDQoDBQ9yZwUOWs8FDMM3BQ8nmwUNjAMJD/BnCQ5YzwkMwTcJD
qGbCQ0KAwkPcmcJDdbPCQzDNwkOo5sJDQgDDQ9wZw0N1M8NDD03DQ8lmw0NCgMND/JnDQ3Wz
w0MwzcNDqObDQ2MAxEP8GcRDljPEQw9NxEPJZsRDQoDEQ9yZxEN1s8RDMM3EQ6jmxENCAMVD
3BnFQ3UzxUMwTcVDqGbFQ2OAxUP8mcVDdbPFQzDNxUOo5sVDQgDGQ9wZxkN1M8ZDD03GQ8lm
xkNjgMZD/JnGQ3WzxkMPzcZDqObGQ2MAx0PcGcdDdTPHQw9Nx0OoZsdDQoDHQ/yZx0N1s8dD
MM3HQ6jmx0OwAshD/BnIQ5YzyEMPTchDqGbIQ0KAyEP8mchDdbPIQw/NyEPJ5shDYwDJQ9wZ
yUOWM8lDD03JQ8lmyUNCgMlD/JnJQ3WzyUMPzclDqObJQ2MAykP8GcpDdTPKQw9NykOoZspD
QoDKQ9yZykN1s8pDD83KQ8nmykNjAMtD/BnLQ5Yzy0MwTctDqGbLQ0KAy0PcmctDtrPLQw/N
y0PJ5stDQgDMQ9wZzEOWM8xDD03MQ6hmzENCgMxD3JnMQ5azzEMwzcxDqObMQ0IAzUPcGc1D
ljPNQw9NzUOoZs1DQoDNQ9yZzUN1s81DMM3NQ6jmzUNCAM5D3BnOQ3UzzkMPTc5DqGbOQ0KA
zkPcmc5DlrPOQw/NzkOo5s5DQgDPQ9wZz0OWM89DD03PQ6hmz0NCgM9D3JnPQ5azz0Mwzc9D
qObPQ0IA0EP8GdBDdTPQQw9N0EOoZtBDQoDQQ9yZ0EN1s9BDD83QQ6jm0ENjANFD/BnRQ5Yz
0UMPTdFDqGbRQ0KA0UPcmdFDdbPRQw/N0UOo5tFDggXSQ/wZ0kN1M9JDD03SQ6hm0kNCgNJD
3JnSQ3Wz0kMPzdJDqObSQ2MA00P8GdNDdTPTQw9N00PJZtNDQoDTQ9yZ00N1s9NDMM3TQ6jm
00NjANRD3BnUQ3Uz1EMPTdRDyWbUQ0KA1EPcmdRDdbPUQw/N1EPJ5tRDYwDVQ9wZ1UOWM9VD
D03VQ6hm1UNCgNVD3JnVQ5az1UMwzdVDqObVQ0IA1kPcGdZDdTPWQzBN1kOoZtZDQoDWQ9yZ
1kN1s9ZDD83WQ8nm1kNCANdD/BnXQ3Uz10MwTddDqGbXQ0KA10PcmddDdbPXQw/N10Oo5tdD
QgDYQ9wZ2EN1M9hDD03YQ6hm2ENCgNhD3JnYQ5az2EMPzdhDyebYQ0IA2UP8GdlDdTPZQw9N
2UPJZtlDQoDZQ/yZ2UN1s9lDD83ZQ6jm2UNCANpD3BnaQ3Uz2kMPTdpDyWbaQ2OA2kPcmdpD
lrPaQzDN2kPJ5tpDYwDbQ/wZ20N1M9tDD03bQ8lm20NCgNtD3JnbQ3Wz20MPzdtDqObbQxkE
3EPcGdxDdTPcQw9N3EOoZtxDY4DcQ9yZ3EN1s9xDD83cQ6jm3ENCAN1D3BndQ3Uz3UMPTd1D
qGbdQ2OA3UPcmd1DdbPdQw/N3UPJ5t1DQgDeQ9wZ3kN1M95DD03eQ6hm3kNCgN5D3JneQ5az
3kMwzd5DqObeQ2MA30PcGd9DdTPfQw9N30OoZt9DQoDfQ/yZ30N1s99DD83fQ8nm30NCAOBD
3BngQ3Uz4EMwTeBDqGbgQ0KA4EP8meBDdbPgQw/N4EOo5uBD</AssayXData><AssayYData Points="900">TJaIQIIRiUC6KIlAbU6JQCeliUC8kolAio6JQET8iUArEopAwSaKQPJeikDXVIpAAy+KQLCW
ikBHnIpAOZiKQFzXikCI7opAEhmLQMTjikDkL4tA6jyLQPiBi0A8l4tAA4KLQLbCi0Bfy4tA
hfOLQC3Bi0DnBoxAKBuMQPgfjEC2VYxA6GiMQGVcjECcdoxA9puMQIjBjEDXz4xAYseMQHMC
jUDY14xARiONQD8/jUAoLY1A0WuNQLJ2jUBSa41Ah6mNQJykjUA8tY1AfKeNQEPgjUDD8Y1A
+fKNQFkNjkCq441A4ieOQJ86jkCAWY5AYCiOQPRkjkATlo5A5nGOQEi1jkC6zo5ASMCOQNjQ
jkDZBo9A2vaOQBgZj0A/BI9AzBmPQOFjj0CbW49AjEyPQFtgj0AikI9ANoaPQKqLj0DxnI9A
xqiPQLK7j0Azoo9A46CPQDTOj0Bq6Y9AXCGQQF/hj0BR+o9ATzaQQKQOkEC6W5BAYT+QQK1S
kEB0YpBAq2iQQMKAkEAhn5BAjqeQQDSZkEDwh5BAuNKQQNO5kEAIxZBA4wSRQAXdkEBC8pBA
dBWRQAAlkUC1N5FAgzCRQH4akUCUUpFA9miRQCCGkUCalZFAYYCRQL+NkUDYoZFAwn2RQJu0
kUBgqJFAIt6RQHOpkUDb0ZFAjs6RQKMPkkCt+JFAePSRQBgSkkBT6pFA0g6SQNo7kkCyJZJA
sEaSQEBVkkDhd5JAvE6SQN1rkkBGY5JAMICSQFCTkkCle5JAh9GSQD2VkkCr3JJAb+KSQMa9
kkB22pJAweeSQCnskkCs/pJA2+iSQC3ykkAUFpNATByTQGNBk0C9TZNAwB2TQIdhk0AQaZNA
2lGTQC9+k0AmbZNAeWKTQPuOk0DTdZNABLqTQJOrk0BvdZNAJ6yTQGask0Ao1ZNA7ciTQGTP
k0C755NAhaqTQAHvk0DfDZRAXf2TQMQElEDFCZRAdf+TQOb2k0DoUJRAU0GUQMYWlED1UZRA
AmWUQBtulEDOZ5RAcmeUQFNglEBGppRAeGmUQAySlEBVgpRARK+UQMp/lEDJtJRALbKUQFrE
lEBLg5RAbL6UQEyolECEzpRA/O6UQBEPlUC7A5VAEgWVQH4SlUBU6ZRAgzeVQHQtlUARQJVA
NimVQJVPlUCkVpVAL0KVQLZVlUBbcZVATC6VQGl/lUBLZJVAym2VQKqUlUCfh5VAhICVQM6C
lUAwo5VA9IeVQOF0lUD7s5VAQbiVQOW0lUAn3ZVAorKVQKP7lUDa2pVAJcaVQBsIlkBf7JVA
fQaWQBHHlUAQIpZAHBWWQAQjlkBz/JVAX2aWQOo+lkBBTZZANGGWQDY5lkDeRJZAEmuWQAlm
lkB8V5ZAX5iWQJqtlkDPWJZA1WSWQKiIlkD5oJZAGImWQFiTlkB7spZAVJaWQBq8lkAHx5ZA
msaWQKq5lkBO+ZZAo8KWQIvdlkB52pZAMciWQAfolkCSAJdAAfWWQBD6lkDUEZdAgy+XQN00
l0DpMJdASj6XQOkNl0CHTZdATiKXQNlbl0DhRpdA9nmXQOR4l0D6YpdAJH2XQD9pl0BUoJdA
2oCXQMyVl0ClgJdA0qiXQCzCl0DbtpdAj4qXQG3cl0CbrJdAHbmXQBm0l0CPspdAbcmXQFzp
l0BY9ZdAstKXQHH2l0CA3ZdAxBGYQB/5l0AFKZhAbuuXQAMEmEDQIZhAkwyYQHMgmEDnUphA
kwiYQDFamEA7NZhA0iWYQB5umEDyVphAtk6YQN9ZmEA1f5hAzlqYQH5VmECcfJhASZ+YQPFh
mEB1hZhAb5eYQDmImECmp5hA4amYQMifmED8ophAY8GYQAqnmEDY0ZhAtdqYQBz/mEB15phA
TgSZQH+3mEDC55hAcByZQG/7mEBZ85hAMN6YQHEZmUCeE5lAlweZQF0hmUAqHplAsjiZQC4q
mUDD9phAhyeZQBlAmUDwPJlApUaZQGg+mUAyYplAqGCZQEJwmUDAVZlAvnqZQM9ImUAfaJlA
5mGZQF6JmUB5OZlArpuZQAeQmUAHsZlAxI+ZQDmlmUDWt5lA3dGZQGC4mUD3mZlA07qZQAq3
mUAe4ZlAMcqZQFqimUCU4plA4+KZQN/jmUCA5plAlA+aQJAPmkCY8ZlA7QuaQL8AmkDDHppA
vxCaQBgNmkA4JppAIRyaQM0CmkDQLppABy2aQKcvmkB6LZpASluaQMtlmkBZV5pAWmCaQIZ3
mkAzjZpAZ4OaQD6hmkDDY5pAV2SaQEmBmkByhppAgnaaQBfFmkCxkppABpuaQCuYmkAzqZpA
6KSaQM3MmkDux5pAEb2aQKqsmkAMyZpAwOiaQGXEmkDny5pAPLSaQHPDmkDv25pAJdWaQFHs
mkAz+ZpA8f+aQKAJm0DV/5pAkBqbQJEbm0C2BptAXCObQEobm0BZEptAVB2bQAEPm0BbLJtA
TzabQKRVm0C0IptAkyubQBdrm0ATR5tAFWWbQLk4m0ACMJtAAVubQCZbm0A4dJtAb2ObQDZ0
m0Awl5tANFGbQAeQm0DujptA4oWbQPp9m0CbnptAB5qbQAehm0ConptAx5ybQMehm0Aq5JtA
dcqbQLjgm0BZzJtAJa+bQK4DnECdxptAMd+bQDnMm0C5DJxAIbubQGEBnEAj3ptAhxGcQFj7
m0Cp7ptAT/WbQGwLnEA4H5xA/CScQHYXnEAZLpxAuzOcQJEMnEBXEZxAsCucQOYAnED4HZxA
f0WcQDlPnEDHUpxAk1KcQCpPnECzZ5xAIHecQHFanEACMZxAVm6cQMdinEBlgpxAtUWcQAea
nEDucZxAPpWcQKqOnEAMaZxAq5qcQFtqnECTtZxA6LacQM+OnED4mZxALKWcQPvGnEBHupxA
Vr+cQN2snEBLz5xAoMGcQF/QnECMx5xApuCcQBX4nEBT7JxARMqcQMnfnEAzBZ1Ao/CcQHL/
nEDgz5xAABedQGfinECBz5xAFwSdQFbqnEBR4pxAXzCdQFAXnUDWF51AMCadQHoPnUCZD51A
5i6dQCBDnUDwD51ATk2dQLdYnUDJJ51A1k6dQGElnUDsap1ABi2dQKNNnUAkVJ1AZkqdQPBP
nUD1UZ1AuWGdQHhznUAtgp1Ad4+dQK53nUATj51APY+dQM11nUDrmp1AdWqdQJt8nUDnsp1A
LoedQCXZnUBXsJ1AccKdQAqfnUDA3J1A9sSdQE3CnUAxyp1AwsCdQJi8nUCn0J1AfNadQFLS
nUA0Bp5Ab+OdQG7XnUCF0Z1A4NydQIrpnUBuy51AYvGdQEvznUC+851AKdedQEftnUDvAZ5A
VCSeQJYenkDBH55ASv+dQCwgnkD5I55ALBeeQGVSnkCIIJ5AYC+eQEdpnkDbTJ5AvTieQKMx
nkD5LJ5AuD2eQLlSnkBdUJ5AWFaeQMoonkCsX55AG1qeQEBjnkBfcJ5AamqeQEJTnkD/cZ5A
MX6eQP1ynkCtep5AOYOeQOJ3nkAXfJ5ARrieQPaqnkDPpZ5AkqKeQON9nkCyrZ5AtJueQFSo
nkCGs55AwbieQJW6nkBlrZ5AdL6eQBjinkD0pZ5ABbieQCrJnkDqrZ5AcdWeQGHcnkAE2Z5A
NcyeQCvEnkA5pp5A7vOeQGcBn0D7BZ9AzxCfQIvenkDqBJ9ACfWeQD4gn0BGJ59AttWeQCgl
n0AY+J5AswSfQOkln0C9Lp9ABwSfQHogn0BpQJ9ATyGfQM4yn0DzJJ9ANDafQEUfn0CdN59A
tz+fQB0dn0C/RJ9ACkifQHpDn0A2RJ9Asl+fQDBFn0DCY59AX2+fQIpRn0BUZZ9A8FufQH+a
n0DYS59AupOfQBZxn0Dnhp9AcmKfQGB3n0Bmbp9A/XCfQJeOn0CNl59AAqCfQEe+n0DXmp9A
pImfQCjFn0AbrZ9A8LGfQBepn0D/tp9AtKGfQH/Cn0Akqp9AL7ifQJq2n0CZ9Z9A5uCfQNPD
n0AN5J9AF9KfQEPWn0CY259A4OSfQIq2n0B6/Z9A+eCfQIsCoEBy759A6f6fQMMioEBrBKBA
hzqgQO31n0CG+J9ApvGfQHK3n0B+F6BAWSOgQEcHoEAb759AVjagQDTgn0Az3J9APyigQOsS
oECzLqBAtTOgQIQnoEDrNaBAbUGgQNRLoEApGqBArEugQNogoEDAR6BAsTygQN92oEC8PKBA
T0ygQGVeoEACX6BAnl6gQMI6oEAaeqBASFygQOJwoEAMWaBAn2OgQHxhoEAxNaBA0XSgQMGI
oEDTdqBANXqgQP52oEAAgKBAOWygQMOXoEAxl6BA76agQGh+oEAquaBAk46gQBazoECvwaBA
gX2gQH+goEC4vKBACLugQM6joEBAvqBACZOgQPy0oEBerKBA7MagQJP0oED+xaBAh66gQOne
oED11KBAHOWgQBr5oEBQ6aBABdCgQEL7oECR8KBADAahQC3koEAF1qBARdWgQJT0oEB13KBA
A8KgQNfUoEA1+qBAPP2gQPfioEAOIaFAx/GgQFwIoUDUD6FAuCGhQM8MoUBSAaFARBmhQEMq
oUCSN6FAEQqhQD0doUCJKKFAGx2hQOoeoUByIqFAFjihQEoUoUAgO6FAYCehQP8+oUDsVqFA
EluhQIc+oUASPaFAcH+hQBVVoUDTRqFA2lKhQOlJoUCrMqFAN2qhQKleoUBKW6FAcHqhQLh4
oUAdRKFAjVWhQGZzoUC8d6FAyo6hQOGRoUDJd6FA45ShQKqToUDCfaFAQnmhQAGzoUB4iKFA
pJuhQHCjoUD7xKFAybehQByNoUDoqKFA1rOhQMmmoUALq6FA</AssayYData></Step><Step><CommonData><SampleLocation>1</SampleLocation><SampleID>Octet Buffer</SampleID><SampleGroup></SampleGroup><SampleInfo></SampleInfo><SampleRow>A</SampleRow><SamplePlate>1</SamplePlate><WellType>BUFFER</WellType><Concentration>-1</Concentration><ConcentrationUnits>µg/ml</ConcentrationUnits><MolarConcentration>-1</MolarConcentration><MolarConcUnits>nM</MolarConcUnits><MolecularWeight>0</MolecularWeight><Temperature>30</Temperature><StartTime>567011</StartTime><AssayTime>300</AssayTime></CommonData><FlowRate>1000</FlowRate><StepType>DISASSOC</StepType><StepName>Dissociation</StepName><StepStatus>OK</StepStatus><ActualTime>300.001</ActualTime><CycleTime>0.2</CycleTime><AssayXData Points="1500">QgDhQ9wZ4UN1M+FDME3hQ6hm4UNjgOFD3JnhQ3Wz4UMVzuFDyebhQ0IA4kPcGeJDdTPiQw9N
4kPJZuJDY4DiQ9yZ4kN1s+JDMM3iQ8nm4kNCAOND3BnjQ3Uz40MPTeNDqGbjQ2OA40PcmeND
dbPjQw/N40Oo5uNDYwDkQ9wZ5EOWM+RDME3kQ6hm5ENCgORD3JnkQ3Wz5EMwzeRDqObkQ2MA
5UP8GeVDljPlQw9N5UOoZuVDQoDlQ9yZ5UN1s+VDMM3lQ6jm5UNjAOZD3BnmQ5Yz5kMPTeZD
qGbmQ0KA5kPcmeZDdbPmQw/N5kPJ5uZDQgDnQ/wZ50OWM+dDD03nQ6hm50NCgOdD3JnnQ5az
50MPzedDqObnQ0IA6EPcGehDdTPoQzBN6EOoZuhDY4DoQ9yZ6EN1s+hDMM3oQ6jm6ENjAOlD
/BnpQ3Uz6UMPTelDqGbpQ0KA6UPcmelDlrPpQw/N6UOo5ulDQgDqQ9wZ6kN1M+pDD03qQ8lm
6kNjgOpD3JnqQ3Wz6kMwzepDyebqQ2MA60P8GetDdTPrQw9N60OoZutDY4DrQ9yZ60N1s+tD
MM3rQ8nm60NjAOxD/BnsQ5Yz7EMPTexDyWbsQ0KA7EPcmexDlrPsQw/N7EOo5uxDQgDtQ9wZ
7UN1M+1DME3tQ6hm7UNjgO1D/JntQ5az7UMwze1DyebtQ0IA7kPcGe5DdTPuQzBN7kOoZu5D
QoDuQ9yZ7kN1s+5DD83uQ8nm7kNCAO9D/BnvQ3Uz70MPTe9DyWbvQ2OA70Pcme9DlrPvQzDN
70PJ5u9DYwDwQ9wZ8EN1M/BDME3wQ6hm8ENCgPBD3JnwQ3Wz8EMwzfBDyebwQ2MA8UP8GfFD
ljPxQw9N8UOoZvFDQoDxQ/yZ8UN1s/FDMM3xQ6jm8UNCAPJD3BnyQ3Uz8kMPTfJDyWbyQ0KA
8kPcmfJDdbPyQw/N8kPJ5vJDYwDzQ9wZ80N1M/NDD03zQ6hm80NCgPND/JnzQ3Wz80MPzfND
qObzQ0IA9EPcGfRDdTP0Qw9N9EPJZvRDQoD0Q9yZ9EN1s/RDMM30Q8nm9ENCAPVD/Bn1Q5Yz
9UMPTfVDqGb1Q2OA9UPcmfVDdbP1Q33P9UPJ5vVDYwD2Q9wZ9kN1M/ZDME32Q6hm9kNCgPZD
3Jn2Q3Wz9kNQzfZDyeb2Q0IA90P8GfdDljP3Qw9N90PJZvdDY4D3Q/yZ90N1s/dDMM33Q6jm
90NCAPhD3Bn4Q3Uz+EMwTfhDqGb4Q0KA+EPcmfhDdbP4QzDN+EOo5vhDYwD5Q9wZ+UOWM/lD
D035Q6hm+UNCgPlD3Jn5Q3Wz+UMPzflDyeb5Q0IA+kP8GfpDljP6Qw9N+kPJZvpDQoD6Q9yZ
+kN1s/pDMM36Q8nm+kNCAPtD/Bn7Q3Uz+0MwTftDyWb7Q0KA+0PcmftDdbP7Qw/N+0Oo5vtD
QgD8Q/wZ/EN1M/xDD038Q8lm/ENCgPxD/Jn8Q3Wz/EMwzfxDyeb8Q0IA/UP8Gf1DdTP9Qw9N
/UOoZv1DY4D9Q9yZ/UN1s/1DMM39Q6jm/UNCAP5D3Bn+Q5Yz/kMwTf5DqGb+Q2OA/kP8mf5D
dbP+QzDN/kPJ5v5DQgD/Q9wZ/0N1M/9DD03/Q6hm/0NCgP9D3Jn/Q5az/0M2zv9DqOb/QyEA
AETuDABEyxkARIcmAERlMwBEIUAARP5MAES7WQBEh2YARFRzAEQxgABE/owARLuZAESHpgBE
VLMARCHAAETuzABEu9kARJjmAERU8wBEIQABRP4MAUS7GQFEmCYBRFQzAUQhQAFE/kwBRLtZ
AUSHZgFEVHMBRDGAAUTujAFEu5kBRJimAURlswFEIcABRO7MAUS72QFEh+YBRFTzAUQhAAJE
7gwCRMsZAkSHJgJEVDMCRCFAAkT+TAJEu1kCRIdmAkRUcwJEIYACRO6MAkTLmQJEh6YCRFSz
AkQhwAJE/swCRMvZAkSH5gJEZfMCRCEAA0TuDANEuxkDRIcmA0RlMwNEIUADRO5MA0TLWQNE
h2YDRGVzA0QhgANE/owDRMuZA0SYpgNEZbMDRCHAA0TuzANEy9kDRIfmA0Rl8wNEMQAERO4M
BES7GQREmCYERGUzBEQhQARE7kwERMtZBESHZgREVHMERDGABETujAREu5kERJimBERUswRE
IcAERO7MBETs2QREmOYERFTzBEQxAAVE7gwFRMsZBUSHJgVEZTMFRCFABUTuTAVEy1kFRIdm
BURUcwVEIYAFRO6MBUS7mQVEh6YFRFSzBUQhwAVE/swFRLvZBUSH5gVEZfMFRDEABkT+DAZE
uxkGRIcmBkRlMwZEIUAGRP5MBkS7WQZEh2YGRGVzBkQhgAZE7owGRMuZBkSYpgZEVLMGRCHA
BkTuzAZEy9kGRIfmBkRU8wZEIQAHRP4MB0S7GQdEhyYHRFQzB0QxQAdE/kwHRLtZB0SHZgdE
VHMHRDGAB0T+jAdEy5kHRIemB0RUswdEIcAHRP7MB0TL2QdEh+YHRFTzB0QhAAhE/gwIRMsZ
CESHJghEVDMIRCFACET+TAhEy1kIRIdmCERUcwhEIYAIRO6MCETLmQhEh6YIRFSzCEQhwAhE
7swIRLvZCESH5ghEVPMIRCEACUT+DAlEyxkJRIcmCURUMwlEIUAJRP5MCUS7WQlEh2YJRFRz
CUQxgAlE7owJRLuZCUSHpglEVLMJRCHACUT+zAlEu9kJRIfmCURl8wlEIQAKRP4MCkS7GQpE
hyYKRGUzCkQhQApE/kwKRLtZCkSHZgpEZXMKRCGACkTujApEy5kKRJimCkRlswpEMcAKRO7M
CkS72QpEh+YKRFTzCkQhAAtE7gwLRLsZC0SHJgtEVDMLRCFAC0TuTAtEy1kLRJhmC0RlcwtE
IYALRO6MC0S7mQtEmKYLRGWzC0QhwAtE7swLRMvZC0SY5gtEZfMLRCEADETuDAxEuxkMRIcm
DERUMwxEIUAMRP5MDES7WQxEmGYMRGVzDEQxgAxE7owMRMuZDESHpgxEVLMMRKDCDET+zAxE
u9kMRIfmDERU8wxEIQANRP4MDUS7GQ1EhyYNRFQzDUQhQA1E7kwNRMtZDUSHZg1EZXMNRCGA
DUT+jA1Ey5kNRIemDURlsw1EMcANRP7MDUS72Q1Eh+YNRFTzDUQxAA5E7gwORMsZDkSHJg5E
ZTMORCFADkTuTA5Eu1kORIdmDkRlcw5EMYAORO6MDkTLmQ5EmKYORFSzDkQhwA5E7swORLvZ
DkQ85w5EVPMORDEAD0TuDA9EuxkPRJgmD0RlMw9EIUAPRP5MD0S7WQ9EmGYPRFRzD0QhgA9E
7owPRLuZD0SHpg9EVLMPRCHAD0T+zA9Eu9kPRIfmD0RU8w9EIQAQRP4MEES7GRBEhyYQRGUz
EEQxQBBE7kwQRLtZEESHZhBEVHMQRCGAEET+jBBEupkQRIimEERUsxBEIcAQRO7MEETL2RBE
iOYQRFTzEEQyABFE/gwRRLoZEUSYJhFEZDMRRDJAEUTuTBFEulkRRIhmEURkcxFEIYARRP6M
EUS6mRFEiKYRRFSzEUQhwBFE/swRRLrZEUSY5hFEVPMRRDIAEkT+DBJEuhkSRIgmEkRUMxJE
IUASRO5MEkS6WRJEmGYSRFRzEkQygBJE7owSRLqZEkSIphJEVLMSRDLAEkTuzBJEutkSRIjm
EkRU8xJEMgATRO4ME0TLGRNEiCYTRFQzE0QyQBNE7kwTRMtZE0SIZhNEZHMTRDKAE0TujBNE
upkTRJimE0RUsxNEIcATRO7ME0TL2RNEiOYTRFTzE0QhABRE/gwURLoZFESIJhREZDMURCFA
FETuTBREulkURIhmFERUcxREMoAURO6MFES6mRREmKYURFSzFEQywBRE7swURLrZFESY5hRE
VPMURCEAFUTuDBVEuhkVRIgmFURUMxVEMkAVRO5MFUTLWRVEiGYVRGRzFUQhgBVE7owVRMuZ
FUSIphVEVLMVRDLAFUT+zBVEy9kVRJjmFURU8xVEIQAWRO4MFkS6GRZEiCYWRFQzFkQyQBZE
7kwWRLpZFkSYZhZEZHMWRDKAFkT+jBZEy5kWRIimFkRUsxZEMsAWRO7MFkS62RZEiOYWRGTz
FkQhABdE7gwXRLoZF0SIJhdEVDMXRCFAF0TuTBdEy1kXRJhmF0RkcxdEIYAXRO6MF0S6mRdE
iKYXRFSzF0QhwBdE7swXRLrZF0SI5hdEZPMXRDIAGETuDBhE7BkYRIgmGERUMxhEIUAYRO5M
GES6WRhEmGYYRGRzGEQygBhE7owYRMuZGESYphhEVLMYRCHAGETuzBhEutkYRADoGERU8xhE
IQAZRP4MGUS6GRlEiCYZRFQzGUQyQBlE7kwZRLpZGUSIZhlEZHMZRCGAGUT+jBlEupkZRIim
GURksxlEIcAZRO7MGUTL2RlEmOYZRFTzGUQhABpE/gwaRLoZGkSIJhpEVDMaRCFAGkT+TBpE
ulkaRIhmGkRUcxpEMoAaRP6MGkS6mRpEmKYaRFSzGkQywBpE7swaRLrZGkSI5hpEZPMaRDIA
G0T+DBtEuhkbRIgmG0RUMxtEMkAbRO5MG0S6WRtEiGYbRFRzG0QhgBtE7owbRLqZG0SIphtE
ZLMbRCHAG0QEzhtEutkbRIjmG0RU8xtEMgAcRO4MHES6GRxEmCYcRFQzHEQyQBxE7kwcRLpZ
HESIZhxEVHMcRDKAHETujBxEy5kcRJimHERUsxxEIcAcRO7MHES62RxEiOYcRGTzHEQyAB1E
7gwdRLoZHUSIJh1EVDMdRDJAHUTuTB1EulkdRIhmHURUcx1EMoAdRP6MHUS6mR1EiKYdRGSz
HUQhwB1E7swdRLrZHURc5x1EZPMdRCEAHkTuDB5EuhkeRIgmHkRUMx5EMkAeRO5MHkTLWR5E
iGYeRFRzHkQhgB5E/oweRLqZHkSIph5EZLMeRCHAHkT+zB5EutkeRJjmHkR18x5EIQAfRO4M
H0TLGR9EmCYfRGQzH0QhQB9E7kwfRMtZH0SIZh9EZHMfRCGAH0T+jB9Ey5kfRJimH0RUsx9E
MsAfRO7MH0S62R9EmOYfRFTzH0QhACBE7gwgRLoZIESIJiBEVDMgRCFAIET+TCBEy1kgRJhm
IERUcyBEMoAgRP6MIETLmSBEiKYgRGSzIEQhwCBE7swgRLrZIESI5iBEVPMgRCEAIUTuDCFE
yxkhRIgmIURkMyFEIUAhRP5MIUS6WSFEmGYhRFRzIUQhgCFE7owhRMuZIUSIpiFEZLMhRCHA
IUTuzCFEy9khRIjmIURU8yFEMgAiRP4MIkS6GSJEiCYiRGQzIkQyQCJE7kwiRLpZIkSYZiJE
VHMiRCGAIkTujCJEupkiRIimIkRUsyJEIcAiRO7MIkTL2SJEruciRFTzIkQhACNE7gwjRLoZ
I0SIJiNEVDMjRCFAI0TuTCNEy1kjRIhmI0RUcyNEMoAjRP6MI0S6mSNEiKYjRFSzI0QhwCNE
/swjRLrZI0SI5iNEZPMjRCEAJETuDCREuhkkRJgmJERUMyREIUAkRP5MJES6WSREiGYkRFRz
JEQhgCRE/owkRLqZJESIpiREZLMkRCHAJET+zCREutkkRIjmJERk8yREMgAlRO4MJUS6GSVE
iCYlRFQzJUQyQCVEDk0lRLpZJUSYZiVEVHMlRDKAJUT+jCVEy5klRIimJURUsyVEIcAlRO7M
JUS62SVEmOYlRFTzJUQhACZE/gwmRLoZJkSIJiZEZDMmRCFAJkT+TCZEulkmRIhmJkRkcyZE
IYAmRP6MJkS6mSZEiKYmRGSzJkQhwCZE7swmRLrZJkSY5iZEVPMmRDIAJ0TuDCdEyxknRIgm
J0RUMydEMkAnRP5MJ0S6WSdEiGYnRFRzJ0QhgCdE7ownRLqZJ0SYpidEZLMnRCHAJ0TuzCdE
utknRIjmJ0RU8ydEMgAoRO4MKES6GShEiCYoRGQzKEQhQChE7kwoRLpZKESIZihEZHMoRCGA
KET+jChEupkoRIimKERksyhEIcAoRO7MKETL2ShEiOYoRFTzKEQhAClE/gwpRLoZKUSIJilE
VDMpRDJAKUTuTClEulkpRIhmKURUcylEMoApRO6MKUS6mSlEmKYpRFSzKUQhwClE/swpRLrZ
KUSI5ilEVPMpRCEAKkTuDCpEuhkqRJgmKkRUMypEMkAqRO5MKkS6WSpEmGYqRGRzKkQygCpE
7owqRLqZKkSYpipEVLMqRCHAKkTuzCpEutkqRJjmKkRU8ypEMgArRP4MK0S6GStEiCYrRGQz
K0QhQCtE7kwrRLpZK0SIZitEZHMrRDKAK0TujCtEupkrRIimK0RUsytEIcArRP7MK0S62StE
iOYrRFTzK0QhACxE/gwsRLoZLESIJixEVDMsRDJALETuTCxEy1ksRIhmLERUcyxEMoAsRO6M
LES6mSxEiKYsRFSzLEQhwCxE7swsRLrZLERt5yxEVPMsRCEALUT+DC1EyxktRIgmLURUMy1E
IUAtRP5MLUS6WS1EiGYtRGRzLUQhgC1E7owtRMuZLUSYpi1EVLMtRCHALUTuzC1EutktRIjm
LURU8y1EMgAuRO4MLkS6GS5EiCYuRGQzLkQhQC5E7kwuRLpZLkSIZi5EVHMuRCGALkTujC5E
upkuRIimLkRUsy5EIcAuRO7MLkS62S5EmOYuRGTzLkQhAC9E/gwvRMsZL0SYJi9EVDMvRCFA
L0T+TC9Ey1kvRJhmL0Rkcy9EIYAvRO6ML0S6mS9EiKYvRGSzL0QhwC9E7swvRMvZL0SI5i9E
VPMvRCEAMET+DDBEyxkwRIgmMERUMzBEIUAwRO5MMES6WTBEiGYwRGRzMEQhgDBE/owwRMuZ
MESYpjBEZLMwRDLAMETuzDBEutkwRIjmMERU8zBEIQAxRO4MMUTLGTFEiCYxRGQzMUQyQDFE
/kwxRLpZMUSYZjFEZHMxRDKAMUTujDFEupkxRJimMURkszFEMsAxRO7MMUS62TFEvucxRGTz
MUQhADJE/gwyRMsZMkSYJjJEZDMyRCFAMkTuTDJEulkyRJhmMkRUczJEIYAyRO6MMkTLmTJE
iKYyRFSzMkQhwDJE/swyRLrZMkSI5jJEVPMyRDIAM0T+DDNEuhkzRJgmM0RUMzNEMkAzRO5M
M0S6WTNEmGYzRFRzM0QygDNE7owzRMuZM0SYpjNEVLMzRCHAM0T+zDNEutkzRIjmM0Rk8zNE
MgA0RP4MNES6GTREiCY0RFQzNEQhQDRE/kw0RLpZNESIZjREZHM0RDKANETujDREy5k0RIim
NERUszREIcA0RO7MNES62TREiOY0RGTzNEQhADVE7gw1RLoZNUSYJjVEZDM1RDJANUTuTDVE
ulk1RJhmNURkczVEIYA1RO6MNUS6mTVEiKY1RFSzNUQhwDVE/sw1RLrZNUSI5jVEZPM1RDIA
NkTuDDZEuhk2RJgmNkRUMzZEIUA2RO5MNkTLWTZEiGY2RGRzNkQhgDZE7ow2RMuZNkSopjZE
VLM2RELANkTuzDZEy9k2RJjmNkRk8zZEMgA3RO4MN0TcGTdEiCY3RFQzN0QyQDdE7kw3RMtZ
N0SYZjdEVHM3RDKAN0TujDdEupk3RIimN0RkszdEIcA3RO7MN0S62TdEiOY3RGTzN0QhADhE
/gw4RMsZOESIJjhEVDM4RCFAOET+TDhEy1k4RIhmOERUczhEIYA4RO6MOETLmThEiKY4RFSz
OEQhwDhE7sw4RMvZOESY5jhEVPM4RCEAOUTuDDlEyxk5RJgmOURkMzlEIUA5RO5MOUS6WTlE
mGY5RFRzOUQygDlE7ow5RLqZOUSIpjlEVLM5RDLAOUT+zDlEy9k5RMnmOURU8zlEIQA6RO4M
OkS6GTpEiCY6RGQzOkQhQDpE/kw6RLpZOkSIZjpEVHM6RDKAOkT+jDpEupk6RJimOkRkszpE
IcA6RO7MOkS62TpEiOY6RGTzOkQhADtE7gw7RLoZO0SIJjtEVDM7RCFAO0TuTDtEy1k7RIhm
O0RkcztE</AssayXData><AssayYData Points="1500">3KGhQM8EokDh2qFA+vmhQFcWokCU+KFAzgyiQPwRokCT+qFA4P+hQMr8oUA0CqJARfqhQCIu
okDzGKJA4++hQAPQoUD9KKJA492hQEQsokDEIaJAB/mhQL36oUB3QKJAXASiQAYeokBlEqJA
YR6iQBQRokC5DKJAaPehQFT2oUCO76FAsx6iQDwGokBI3aFAkS6iQBEaokA3EaJAQAiiQBsJ
okCW56FAMxGiQM0AokCLTKJA7fuhQIciokDrKaJAKgWiQD/qoUAvE6JASgiiQEQUokC7GqJA
aNyhQIkFokBnLKJAsw6iQCUNokAxEKJAEhOiQLAZokDmJqJADxSiQDA5okASFqJAhBOiQDsR
okDtTqJAmAKiQALzoUAiDKJA1fmhQKQMokBBJ6JA5+ihQMsMokCYPqJAKDSiQDQKokC6E6JA
wP+hQMX+oUBGAqJAfvyhQL0gokBxBKJA0jeiQOcTokAuFqJA/ByiQOspokCWPKJABSqiQCUH
okA5DKJA4/uhQF0zokBaBaJAQgKiQBgSokCiDqJAgBeiQIg4okD9MaJAFRWiQKchokCcAaJA
cw2iQAkKokBaKaJAA+qhQHASokDMJ6JAaOGhQFkZokDxEaJAFw6iQAf1oUBDIaJAWwCiQJcA
okAaG6JAZAGiQOAbokCrOqJA4yeiQHr/oUBXEaJAdzSiQBggokAnJqJAQhWiQAQdokDcF6JA
vxWiQIfpoUBwLaJAfxWiQGXnoUDc7aFAHCWiQOwmokAy66FAmSSiQHU3okDl+qFAGDmiQGsn
okBI86FAGjGiQOJCokD4D6JAQCWiQC1SokCdD6JAsRKiQOH/oUC5AqJAw+6hQB0TokB39qFA
EvehQC8zokCbAqJAs/6hQOoTokCSIaJAqOOhQAoUokAPH6JAsSGiQNQ/okBHBaJAEgyiQN8m
okCcIqJApguiQNP6oUABMaJAm0OiQMACokCDFKJArBuiQAnUoUBKDaJAnCmiQPbsoUDK76FA
o02iQNEeokDo9KFAwE2iQEL3oUArDqJAwjmiQNEfokAe3aFASwyiQE8xokABBKJAxCeiQFwF
okDmFaJA5xqiQHg0okBvGqJA4AaiQA4NokBn46FACiCiQK4ZokB0KqJA6+yhQBAwokChFaJA
JOihQAb+oUDFIaJAtwSiQEUBokDLTqJA5QmiQNg/okBoKqJAJxKiQBETokByR6JAayuiQAj6
oUDbR6JANf+hQN/eoUBuHaJAsfehQOgdokD0DqJA8zuiQETdoUDdGKJAiwOiQCskokAXBKJA
HiWiQL0hokCdOaJAaw+iQJX+oUCV9qFA4AWiQC8bokBGCaJAyBeiQOwXokA69aFA6v6hQCAU
okBh86FAbS+iQN4xokBdHKJAIR+iQKMhokB0D6JAvwCiQIciokDAIqJAFvChQDTYoUD5EaJA
Tf6hQD0iokC5EKJAJwWiQB4JokBTE6JA9waiQI4QokBGLqJAxvahQOojokBiIKJAZdihQDLr
oUC+NKJAngWiQEj8oUBaIKJAFxeiQDIEokDRDKJAeuKhQLb6oUAbC6JAm/uhQHIaokD9CaJA
5yCiQIdAokAOB6JA3DCiQNwOokBOLaJAfPyhQMYUokDO9qFAoh6iQHUzokCHE6JA/P2hQFgi
okCODqJAQAKiQDkYokDDSqJAyweiQMj/oUC6DKJA3fihQNv9oUDKRaJAsf2hQCcQokDTBKJA
pfqhQAQZokCd/6FAA/OhQD0tokDQQqJAMAKiQJQPokDp/aFAsSuiQN/9oUDuCqJAsgaiQNUt
okBhDKJAhQaiQD7joUB2NaJAviCiQKApokBZ7qFAPDmiQETpoUAk5qFARAGiQPATokDe+aFA
KByiQH0UokCe8KFApwOiQBkVokDQBaJAlP6hQAgPokCMBKJA3xeiQH0TokBX9aFAlwGiQNxI
okB6BqJANBGiQIUmokDU9KFAkvGhQKwcokBk/6FAeumhQJwpokBQJqJAfMihQGsWokBgNKJA
icyhQEgSokAW9aFAaMShQPDDoUDnLaJAGh6iQCjYoUDuPqJAUAGiQOgAokChEKJA5f+hQOv3
oUCIGKJAGyqiQF3joUDg5aFAggeiQG/9oUD/DKJAoxuiQD/0oUBU66FAq96hQG4GokDg3aFA
WgmiQF8vokDGu6FAm9ahQIASokDg6aFAAQSiQKHkoUAH6qFA+RiiQFYVokDxCaJANfuhQLTo
oUB5E6JAJwGiQBTnoUDGEKJAg+ShQPYDokDCDaJAkfahQOPnoUCS7KFAisihQDL9oUDQCKJA
VtuhQHPsoUBfK6JA0RGiQH7woUAL/6FAsxaiQGnyoUCkA6JAvgOiQMfYoUAsAaJAoBOiQBoY
okA616FADgmiQBPtoUBk3aFA/x2iQNALokBy1qFAA/WhQCztoUDL4KFAsvuhQKgmokBn+qFA
7vqhQGPvoUCMu6FA/QaiQOEpokCyzKFAj7ehQGzkoUBY3KFAEuqhQMQQokDt+qFAX/OhQBLp
oUAe8qFAZuahQFrgoUDwCKJAxv2hQLf9oUAP5KFA+8uhQCPnoUCH5KFAeOShQFXVoUBSBaJA
luahQLCzoUDg1KFAYQGiQDj+oUDW5qFA/wWiQBHYoUC13KFA7BiiQOuzoUCj2KFAU+ihQDUA
okDz96FAPNOhQOH2oUA03qFAQNWhQLj1oUCt/qFABA+iQE3/oUBr8aFA9tqhQM37oUA45aFA
bAOiQEoFokB10KFAg9mhQIDooUCQ56FAxr+hQK/roUDAyaFAIsqhQK4EokCd76FADs+hQHEL
okCd56FAnMmhQBX5oUBi96FAhNehQHXroUB946FAfumhQJ+4oUBwA6JAkfyhQGm7oUCv4KFA
fcWhQILRoUAU+qFA0PmhQCesoUBbE6JAm+2hQPTpoUA/36FA3MihQNDwoUADv6FAIReiQDju
oUAGtqFA+wuiQN72oUC6xaFAKOWhQKLjoUCXqKFAmdWhQHX/oUC3s6FAtuehQDoCokCTvqFA
eNOhQDvuoUCR4aFAbcmhQLbaoUCS86FAAMWhQNTqoUCd9qFAxeihQGzroUBX56FAqsChQNLI
oUDoBaJAf+ihQAHeoUC53aFAMOmhQPnBoUA9+aFAAcmhQBqvoUAK46FAW9ShQMzloUDw2KFA
2uChQDycoUDUyaFAqb+hQNDDoUAZ76FA++mhQL7hoUBjy6FAOMKhQELaoUBesqFACcehQNjg
oUA97KFAXeihQKTXoUBGqqFAa/OhQDi9oUCfs6FAIcihQITjoUDozqFAv8ChQJ3EoUBpuKFA
98mhQOTToUD0pKFAZp6hQKfIoUDI1aFA782hQNrxoUBv7KFAUsShQA7SoUAH1aFAurihQNDN
oUAiqqFAVLyhQNnBoUAJ0KFAxs2hQKSnoUCHzKFAQaKhQJu7oUBdtKFA5sGhQM23oUDs5KFA
59uhQO6koUBA7qFAAuShQLy8oUD21qFATbihQNqxoUDwvaFAycahQDSgoUDXv6FAmrqhQEzE
oUCClaFAt6yhQNHEoUBfuqFA1sWhQJD0oUDcyaFAFLahQBPXoUAkyaFApr+hQAS9oUBItaFA
LLWhQOS+oUA3waFA6I6hQFjIoUDA1aFAlMihQB21oUCK0qFA5GOhQIGtoUDI9aFAsqihQJbP
oUAPnaFAZbChQGypoUBsraFAdbihQEeIoUACxaFAnqChQCPHoUAbn6FAVMqhQOe/oUB2rqFA
ArWhQBeloUCak6FAH82hQMt6oUAn2aFAA72hQA/BoUD6qqFAyJehQDmnoUBNf6FAw8ahQHGZ
oUDmj6FAv8ShQFLZoUB8nqFA77WhQBHVoUA4m6FA83mhQO+noUB8j6FAvpChQCK7oUCqjqFA
nbyhQC6+oUBLsqFAoIehQIO1oUBMj6FAi7yhQJygoUAYraFAWpmhQNipoUA2zKFAFnuhQOen
oUBGoqFAcpChQBmGoUAqnqFA67OhQE+hoUAtt6FAkY2hQCKBoUBhuKFAxsShQLGdoUB9pqFA
oJShQCFroUCHhKFA9tKhQD2OoUCxTaFAcb6hQJ6goUATmqFALqGhQOSioUBbjqFAYZ+hQH24
oUAKhqFA3p2hQI6zoUAvpqFAGaOhQKCWoUC8jaFA3ZShQAmOoUBwt6FASn+hQFuboUCqr6FA
Jm2hQJGsoUBVpaFAYZChQIKroUDGraFArnuhQIlzoUB1xqFA4KChQGyHoUACnqFAmKKhQMB4
oUB6b6FAiauhQFWIoUBWlKFAAoyhQOB2oUCrnaFAPpChQMR+oUCDiKFA55WhQKZfoUAPrKFA
eKShQI9xoUDIl6FAopuhQOd+oUBmc6FAcpyhQCCRoUCXl6FAyrGhQFJ/oUDuXKFAcW6hQIGk
oUCJWKFAOIGhQBCPoUCTiaFAhFuhQJGXoUDNVKFAH4ahQFyloUCUuqFAan6hQKGPoUCedqFA
mo2hQCaKoUATjKFAgFChQMSToUCamqFArY6hQKCRoUDvfqFA5nShQLRnoUA7q6FAk3+hQDdi
oUA4fKFAAJehQBZvoUCKjKFAcWWhQKZhoUDWdqFAf4OhQDhmoUCcdaFAGpahQO6HoUAVg6FA
IaehQKNmoUDTZqFAyo2hQHmdoUAYhaFAkXWhQC1coUDyWKFAeJehQP1/oUD2YaFA3IShQEZ8
oUAFi6FAKXChQN5+oUBrmqFAk3KhQMt8oUB+jqFAAVyhQLa5oUCal6FAE2OhQNRooUAgj6FA
anKhQKZ5oUBuh6FABW6hQFdaoUDHiaFA03WhQAdBoUDWaqFAknqhQNI+oUB3YKFAOXmhQFRi
oUAeeaFAtlyhQEZjoUBwdKFAknahQBtzoUAlYaFAnJChQMJ1oUC7gaFAMJKhQAhqoUCVZqFA
a3+hQFdUoUDcPaFA7H+hQElZoUADNaFA7WahQBBaoUA0NqFA0mqhQKV/oUBxX6FAAUqhQEJb
oUCEXaFAJFmhQFqBoUCGcqFABUehQENqoUCNZ6FAqUGhQKhzoUCzZqFAp1yhQJJroUCmSqFA
AS6hQDFpoUAXZKFA1GihQKBOoUC7c6FAikihQKJUoUD6SqFA5GyhQGBEoUB8W6FA7HChQGtP
oUB6kqFAB0WhQAFhoUDeYKFArG2hQGs9oUB7O6FASHehQN9GoUCURqFAVJqhQKN2oUABFKFA
OnChQPh8oUAdFqFAEEKhQNBooUDlhqFApYKhQNaGoUAzOqFAGTahQF9foUBCV6FAuUKhQAhM
oUAhX6FAwjGhQOgzoUCbT6FAyE+hQGlGoUAdNqFA+E6hQJVJoUB2VaFAvUGhQP9MoUCKP6FA
IFGhQGxLoUBHl6FAZEahQMFboUC2Y6FAaGWhQKxcoUCCaKFAEFOhQM1SoUCUR6FANnehQG1E
oUD4WaFAXm+hQLpBoUDcMKFAinChQP1MoUArP6FA1HOhQP1coUCoOKFAtEChQC43oUBOLaFA
xXGhQBxjoUDrJ6FAmkyhQMtVoUCoNqFAkD6hQHxgoUDbPKFACEKhQJJioUB+T6FAJhyhQItV
oUC0TqFAgx2hQAJLoUBxZ6FA6i6hQLkroUDlH6FAYiyhQGw2oUBEMaFAqjqhQBIgoUDwaKFA
sUKhQH41oUDRSaFA/UKhQMMkoUBHY6FA32OhQPdEoUCFNqFAm0ihQH1FoUD+PaFAUWqhQCxC
oUDVMqFA7mKhQBIloUBALKFAi1OhQBA7oUAkA6FArl2hQG1HoUCDP6FAryuhQK1GoUBZIKFA
EDehQJ+BoUDkLKFA5iqhQLpRoUBxSKFAkgahQG9coUBxRKFAoRahQAsooUCVEqFArTKhQFgy
oUAKU6FANj2hQI0aoUD9XaFA5wahQJ0uoUDdMKFADyChQKjjoEB2LKFA1yGhQLEYoUAsUKFA
B1OhQFMSoUBuLaFArRShQMURoUCNOqFAUDqhQA4ZoUBaSaFAYjKhQC/2oEC3HaFA7yWhQIMX
oUCFOKFAFyehQDcnoUAQL6FALTWhQLsfoUC8M6FAHRmhQHQkoUCyFKFAAh6hQPwYoUDCIqFA
Jw6hQDRGoUCWC6FATB2hQOUroUCEJqFAx/GgQAQpoUBWPKFAXwuhQBYfoUDaKqFAUf+gQFoN
oUBuF6FA0hyhQNMDoUD3IqFAXSKhQMMaoUDF6aBAd+agQLL+oECTMqFAkBOhQPYToUAhH6FA
n2ehQGP3oEADCKFAlf+gQBIJoUDfR6FA+RehQAv7oEDz+6BA+hahQGPzoEDJC6FA3BahQM8K
oUCqE6FAYByhQKX4oECH5aBAgDChQGcMoUC8D6FAOPKgQGUNoUDU6aBAtgKhQDIhoUBPGKFA
3BmhQNIhoUDtI6FARO6gQFQWoUC7AKFA3xyhQHMXoUCOB6FAOcagQE8loUD7MaFAPPqgQOAW
oUB1J6FAhTWhQFn5oEBtKqFAdy2hQCngoEB8LqFAoAahQG/ZoEBjGaFAriuhQPveoEDvJaFA
NRChQAkGoUB16aBAhhuhQJ8ooUBuK6FA+BehQKAIoUB0FaFAYPGgQMj2oECt26BAVhShQKUM
oUD1CKFAp+OgQB0BoUAE86BArumgQJ8uoUDHx6BA5dmgQBneoEAeCKFASQShQCAEoUDPCaFA
28egQLIEoUDkDKFAQeOgQHkIoUAJ5aBAbtOgQI0OoUDcIaFAxAahQIzMoEAK+KBAvgOhQObr
oEBmC6FA+9KgQCYVoUDkAKFAx+2gQJDeoEA1JaFAlhihQAnjoEAvFKFANPWgQPXRoED096BA
7hWhQMT+oEDx46BABSihQNrpoEBxxaBABv2gQDryoEAY1KBAfeOgQL0AoUC+1KBA6BuhQMgH
oUC0CKFAT+agQMveoEDk0KBAIfOgQC8HoUBX4KBAQO2gQIXvoEAu7aBAGtmgQNP3oECo9aBA
v+6gQJvcoEAw86BA6uCgQFXzoEBXEaFA4/GgQH0eoUB7B6FALeOgQKzloEC3KaFAAOegQEzO
oED1zKBACN+gQJkCoUAv3qBAa/ygQIbVoEC27aBArPigQAHRoEB27aBAAQKhQI3OoEBn6aBA
y+GgQKbRoEAzy6BAO9qgQCQIoUAUx6BAWQuhQGvQoECGxqBAPP6gQHcNoUDN4aBAaeygQKXi
oEBe0KBAD+KgQF3CoEBL/qBAuMGgQMPfoEAyyqBAYs6gQFfxoEAw6aBAk8egQAfhoEAZ1KBA
ONagQL3moEDx6KBA1NmgQBfzoEBGB6FABMegQBDuoEA186BA/86gQILSoEAz9KBAibGgQPOz
oEAexaBAld+gQFqyoECaxqBAz9egQGS0oED63aBAOwyhQPTJoEBE2qBAhS6hQLPXoEA+wqBA
b9SgQN3goEBWtqBAP7qgQKb5oEAlyqBAyt6gQNDsoECkwKBAzc2gQBnaoEC7raBAGN6gQM3m
oEBRyqBAO7igQA7OoEBkvqBAjMigQAnOoEBV06BAaLugQIH/oEB6u6BA58agQFDcoED22aBA
XdCgQJTPoEAezKBArJagQOmsoEBB5qBAtaugQLe8oEBX6KBABtCgQCqroEDt4qBAGMugQE2i
oECRyqBArNOgQEK5oEAZwaBAwPGgQDu4oED/8KBAYqSgQNvMoED1n6BAONegQG28oEBVuaBA
4KagQE/JoEDur6BAp7CgQIzvoEBzpaBA7qCgQJTnoECvuaBAHKCgQLvSoECpm6BAPaygQMLa
oEAn4KBA97ugQLbxoECNzaBAiL2gQPjeoEDnyKBAd6ugQEi3oEDq3aBA3MmgQPfWoEAj0aBA
UougQBzKoEBXyaBAp52gQNKQoEDupqBAxKqgQAaZoEA5sqBA8segQJrToECvnKBAOMGgQE+u
oEDfraBAra+gQC5zoEBFl6BA1eigQCS6oEBilaBANsagQEW2oEAIhaBAhbOgQE64oEARsqBA
crqgQHjaoEDloqBA7J+gQACSoEB2k6BA24OgQFjSoEAOe6BAebGgQOm8oEBegKBAsqOgQKmp
oED9oqBA</AssayYData></Step><Step><CommonData><SampleLocation>5</SampleLocation><SampleID>Glycine</SampleID><SampleGroup></SampleGroup><SampleInfo></SampleInfo><SampleRow>B</SampleRow><SamplePlate>1</SamplePlate><WellType>REGENERATION</WellType><Concentration>-1</Concentration><ConcentrationUnits>µg/ml</ConcentrationUnits><MolarConcentration>-1</MolarConcentration><MolarConcUnits>nM</MolarConcUnits><MolecularWeight>0</MolecularWeight><Temperature>30</Temperature><StartTime>876189</StartTime><AssayTime>5</AssayTime></CommonData><FlowRate>1000</FlowRate><StepType>KREGENERATION</StepType><StepName>Regeneration</StepName><StepStatus>OK</StepStatus><ActualTime>4.99999</ActualTime><CycleTime>0.2</CycleTime><AssayXData Points="25">MYA7RA6NO0TLmTtEl6Y7RHWzO0QxwDtEDs07RMvZO0SX5jtEZPM7RDEAPET+DDxEyxk8RJcm
PERkMzxEMUA8RA5NPETLWTxEl2Y8RHVzPEQxgDxE/ow8RMuZPESXpjxEZLM8RA==</AssayXData><AssayYData Points="25">hp4YvmPneL4V8Zy+z4+3vjxgyr4IcNu+cZ7rvpSk/b7UpQW/c0oOv2MBE7/OxBi/B5Efv2dT
JL+WASm/nBIvv/gdMb8kGTe/sbY6v/9cPb+G6EC/j2VFv1KbSL+TDkm/KSFNvw==</AssayYData></Step><Step><CommonData><SampleLocation>6</SampleLocation><SampleID>PBS</SampleID><SampleGroup></SampleGroup><SampleInfo></SampleInfo><SampleRow>B</SampleRow><SamplePlate>1</SamplePlate><WellType>NEUTRALIZATION</WellType><Concentration>-1</Concentration><ConcentrationUnits>µg/ml</ConcentrationUnits><MolarConcentration>-1</MolarConcentration><MolarConcUnits>nM</MolarConcUnits><MolecularWeight>0</MolecularWeight><Temperature>30</Temperature><StartTime>889595</StartTime><AssayTime>5</AssayTime></CommonData><FlowRate>1000</FlowRate><StepType>KREGENERATION</StepType><StepName>Regeneration</StepName><StepStatus>OK</StepStatus><ActualTime>4.99999</ActualTime><CycleTime>0.2</CycleTime><AssayXData Points="25">McA8RP7MPETL2TxEl+Y8RGTzPERBAD1E/gw9RMsZPUSoJj1EZDM9RDFAPUT+TD1E21k9RJdm
PURkcz1EQYA9RA6NPUTLmT1EqKY9RGSzPURBwD1E/sw9RNvZPUSX5j1EZPM9RA==</AssayXData><AssayYData Points="25">kbRDQFNiRUAr/EVAXqRGQGfKR0AnXUhAsbVIQCd+SUBomElARSVKQB3mSkBwr0pA5CpLQEOL
S0CshktAwfdLQH8LTEBOK0xAfzhMQMOVTEAQAU1AfudMQAslTUAKT01ATnpNQA==</AssayYData></Step><Step><CommonData><SampleLocation>5</SampleLocation><SampleID>Glycine</SampleID><SampleGroup></SampleGroup><SampleInfo></SampleInfo><SampleRow>B</SampleRow><SamplePlate>1</SamplePlate><WellType>REGENERATION</WellType><Concentration>-1</Concentration><ConcentrationUnits>µg/ml</ConcentrationUnits><MolarConcentration>-1</MolarConcentration><MolarConcUnits>nM</MolarConcUnits><MolecularWeight>0</MolecularWeight><Temperature>30</Temperature><StartTime>903008</StartTime><AssayTime>5</AssayTime></CommonData><FlowRate>1000</FlowRate><StepType>KREGENERATION</StepType><StepName>Regeneration</StepName><StepStatus>OK</StepStatus><ActualTime>5.00103</ActualTime><CycleTime>0.2</CycleTime><AssayXData Points="25">MQA+RA4NPkTLGT5ElyY+RHUzPkQxQD5EDk0+RNtZPkSoZj5EZHM+RDGAPkQOjT5E25k+RJem
PkR1sz5EMcA+RP7MPkTL2T5El+Y+RHXzPkRBAD9E/gw/RMsZP0SXJj9EdTM/RA==</AssayXData><AssayYData Points="25">O10OvyhpIr8sHSy/KmI1vxPGPL/BxkC/Ao5FvyeYSr9uyUy/TABQv9weVL8sZ1a/4stYv6qy
W7+sSF6/4Flgv0PgYb9Vk2W//qhlv1iEZr+nrWi/4OtqvzVxbL/hx26/Jwhvvw==</AssayYData></Step><Step><CommonData><SampleLocation>6</SampleLocation><SampleID>PBS</SampleID><SampleGroup></SampleGroup><SampleInfo></SampleInfo><SampleRow>B</SampleRow><SamplePlate>1</SamplePlate><WellType>NEUTRALIZATION</WellType><Concentration>-1</Concentration><ConcentrationUnits>µg/ml</ConcentrationUnits><MolarConcentration>-1</MolarConcentration><MolarConcUnits>nM</MolarConcUnits><MolecularWeight>0</MolecularWeight><Temperature>30</Temperature><StartTime>916439</StartTime><AssayTime>5</AssayTime></CommonData><FlowRate>1000</FlowRate><StepType>KREGENERATION</StepType><StepName>Regeneration</StepName><StepStatus>OK</StepStatus><ActualTime>4.99999</ActualTime><CycleTime>0.2</CycleTime><AssayXData Points="25">QkA/RDBNP0TcWT9EqGY/RHVzP0RCgD9ED40/ROyZP0S5pj9EdbM/RELAP0QPzT9E3Nk/RKjm
P0R18z9EUgBARA8NQETcGUBEuSZARIYzQERSQEBED01AROxZQESoZkBEdXNARA==</AssayXData><AssayYData Points="25">ONs/QM6hQUA2uUJAypxDQMUjREBax0RAyflEQFKDRUAaMUZAN39GQBPdRkCsE0dAoFtHQNK8
R0BVFkhA/3NIQF14SEC1l0hAjDZJQD7LSEAK/0hA4Y1JQAhCSUAlqklAadZJQA==</AssayYData></Step><Step><CommonData><SampleLocation>5</SampleLocation><SampleID>Glycine</SampleID><SampleGroup></SampleGroup><SampleInfo></SampleInfo><SampleRow>B</SampleRow><SamplePlate>1</SamplePlate><WellType>REGENERATION</WellType><Concentration>-1</Concentration><ConcentrationUnits>µg/ml</ConcentrationUnits><MolarConcentration>-1</MolarConcentration><MolarConcUnits>nM</MolarConcUnits><MolecularWeight>0</MolecularWeight><Temperature>30</Temperature><StartTime>929544</StartTime><AssayTime>5</AssayTime></CommonData><FlowRate>1000</FlowRate><StepType>KREGENERATION</StepType><StepName>Regeneration</StepName><StepStatus>OK</StepStatus><ActualTime>4.99999</ActualTime><CycleTime>0.2</CycleTime><AssayXData Points="25">QoBARA+NQETcmUBEqKZARIazQERSwEBED81ARNzZQES55kBEdfNARFIAQUQPDUFE3BlBRKgm
QUR1M0FEQkBBRA9NQUTcWUFEqGZBRHVzQURCgEFED41BRNyZQUS5pkFEdbNBRA==</AssayXData><AssayYData Points="25">Iksgv03gL79GsTq/xPlBv/ivRr8Lrku/jmBPv2ecUr/r9VW/01hZvwziWb+1IF6/4R9fv3D4
X798qWK/s6FkvxMLZr8cAWm/Vl1pv+6Na79IxGu/G2Nuv6y7b78EkW6//mBxvw==</AssayYData></Step><Step><CommonData><SampleLocation>6</SampleLocation><SampleID>PBS</SampleID><SampleGroup></SampleGroup><SampleInfo></SampleInfo><SampleRow>B</SampleRow><SamplePlate>1</SamplePlate><WellType>NEUTRALIZATION</WellType><Concentration>-1</Concentration><ConcentrationUnits>µg/ml</ConcentrationUnits><MolarConcentration>-1</MolarConcentration><MolarConcUnits>nM</MolarConcUnits><MolecularWeight>0</MolecularWeight><Temperature>30</Temperature><StartTime>942945</StartTime><AssayTime>5</AssayTime></CommonData><FlowRate>1000</FlowRate><StepType>KREGENERATION</StepType><StepName>Regeneration</StepName><StepStatus>OK</StepStatus><ActualTime>5.002</ActualTime><CycleTime>0.2</CycleTime><AssayXData Points="25">QsBBRB/NQUTc2UFEueZBRIbzQURCAEJEDw1CRNwZQkS5JkJEdTNCREJAQkQPTUJE3FlCRLlm
QkR1c0JEQoBCRA+NQkTcmUJEqKZCRHWzQkRCwEJED81CRNzZQkSo5kJElvNCRA==</AssayXData><AssayYData Points="25">rwFBQPGSQkAPLkNA++hDQLgsRUCGdkVA0BNGQL25RkDI0kZA2GFHQDDHR0BvEkhALgdIQI5s
SEBYHklA97ZIQDQ1SUBpfElATktJQJLcSUBe90lAJxtKQNlGSkDaZUpAt3JKQA==</AssayYData></Step><Step><CommonData><SampleLocation>1</SampleLocation><SampleID>Octet Buffer</SampleID><SampleGroup></SampleGroup><SampleInfo></SampleInfo><SampleRow>A</SampleRow><SamplePlate>1</SamplePlate><WellType>BUFFER</WellType><Concentration>-1</Concentration><ConcentrationUnits>µg/ml</ConcentrationUnits><MolarConcentration>-1</MolarConcentration><MolarConcUnits>nM</MolarConcUnits><MolecularWeight>0</MolecularWeight><Temperature>30</Temperature><StartTime>957520</StartTime><AssayTime>20</AssayTime></CommonData><FlowRate>1000</FlowRate><StepType>CUSTOM</StepType><StepName>Sensor Check</StepName><StepStatus>OK</StepStatus><ActualTime>20</ActualTime><CycleTime>0.2</CycleTime><AssayXData Points="100">YwBDREANQ0QNGkNE2iZDRKczQ0RjQENEME1DRP1ZQ0TaZkNElnNDRHOAQ0QwjUNEDZpDRNqm
Q0SWs0NEY8BDRDDNQ0T92UNEyeZDRJbzQ0RzAEREQA1ERA0aRETJJkREljNERGNARERATURE
/VlERMlmRESnc0REY4BERDCNRET9mUREyaZERJazRERjwEREMM1ERP3ZRETa5kRElvNERHMA
RUQwDUVE/RlFRMkmRUSWM0VEc0BFRDBNRUT9WUVE2mZFRJZzRURzgEVEMI1FRA2aRUTapkVE
lrNFRHPARUQwzUVE/dlFRNrmRUSn80VEYwBGREANRkQNGkZEySZGRJYzRkRjQEZEQE1GRA1a
RkTJZkZElnNGRGOARkRAjUZEDZpGRMmmRkSWs0ZEY8BGRDDNRkQN2kZE2uZGRJbzRkRjAEdE
QA1HRP0ZR0TJJkdEljNHRHNAR0QwTUdEDVpHRMlmR0SWc0dEc4BHRDCNR0T9mUdEyaZHRJaz
R0RzwEdEMM1HRA3aR0TJ5kdElvNHRA==</AssayXData><AssayYData Points="100">96ZAQFOBPkDSCT1Aw8M7QIcWO0B5cDpA5Q87QEEWOkBrejpAxcs6QP64OkAvkTpA0lE7QPzw
OkATXztAnbM7QIygO0DnfDtAIg88QI/MO0Cd3ztAzqA8QFllPEAAnjxAj0k8QFiRPEAIrDxA
Oec8QEwlPUCNLT1A6eU8QOkPPUDQSj1AeAI9QHDxPUC4vz1ATWk9QOIKPkCOAz5AgMU9QN0B
PkD0Nz5AZg4+QDOQPkAbVj5Aq5A+QPKEPkCOmj5AZW4+QGSDPkAL/z5AquQ+QCbKPkDK5z5A
ZBk/QFLBPkAANT9AXhU/QE3uPkAhYz9A/XY/QEBwP0AxYT9AVsE/QD0VP0C17j9AHtc/QCrr
P0Cssz9Ajso/QIDSP0AwgT9AgY8/QEwgQEB89z9AahtAQIogQEDF+D9ARxJAQPU4QED8NUBA
JlJAQEBCQEB5NUBAXmBAQGxbQECPjUBA8INAQPN9QEBspkBACw5AQLDmQEDYqUBAZZxAQNVo
QEB6lUBAWK1AQM20QECB80BAnahAQA==</AssayYData></Step><Step><CommonData><SampleLocation>6</SampleLocation><SampleID>SI-157C12_P5159</SampleID><SampleGroup></SampleGroup><SampleInfo></SampleInfo><SampleRow>A</SampleRow><SamplePlate>1</SamplePlate><WellType>KLOAD</WellType><Concentration>5</Concentration><ConcentrationUnits>µg/ml</ConcentrationUnits><MolarConcentration>5000</MolarConcentration><MolarConcUnits>nM</MolarConcUnits><MolecularWeight>0</MolecularWeight><Temperature>30</Temperature><StartTime>986957</StartTime><AssayTime>120</AssayTime></CommonData><FlowRate>1000</FlowRate><StepType>LOADING</StepType><StepName>Loading</StepName><StepStatus>OK</StepStatus><ActualTime>120</ActualTime><CycleTime>0.2</CycleTime><AssayXData Points="600">YwBIREANSET9GUhEySZIRKczSERzQEhEME1IRP1ZSERpaUhEp3NIRGOASEQwjUhE/ZlIRMmm
SESWs0hEY8BIREDNSEQN2khEyeZIRKfzSERjAElEQA1JRP0ZSUTJJklEljNJRGNASURATUlE
/VlJRMlmSUSWc0lEY4BJRECNSUQNmklE2qZJRKezSURjwElEMM1JRP3ZSUTJ5klElvNJRGMA
SkRADUpE/RlKRMkmSkSWM0pEc0BKRDBNSkT9WUpE2mZKRJZzSkRjgEpEQI1KRA2aSkTJpkpE
lrNKRGPASkQwzUpE/dlKRMnmSkSn80pEYwBLRDANS0QNGktEySZLRJYzS0RjQEtEME1LRP1Z
S0TaZktElnNLRGOAS0QwjUtE/ZlLRMmmS0SWs0tEY8BLRDDNS0QN2ktEyeZLRJbzS0RzAExE
MA1MRP0ZTETJJkxEljNMRGNATEQwTUxE/VlMRMlmTESnc0xEY4BMRECNTEQNmkxEyaZMRKez
TERjwExEMM1MRA3aTETa5kxElvNMRGMATURADU1EDRpNRNomTUSnM01EY0BNRDBNTUQNWk1E
0mpNRO50TURjgE1EQI1NRA2aTUTJpk1Ep7NNRHPATURAzU1EDdpNRMnmTUSn801EcwBOREAN
TkQNGk5E2iZORKczTkRzQE5EQE1ORP1ZTkTJZk5Ep3NORGOATkQwjU5E/ZlORMmmTkSns05E
Y8BORDDNTkQN2k5E2uZORJbzTkRzAE9EMA1PRA0aT0TaJk9EljNPRHNAT0RATU9EDVpPRMlm
T0Snc09EY4BPRDCNT0T9mU9E2qZPRJazT0RjwE9EQM1PRP3ZT0TJ5k9ElvNPRHMAUEQwDVBE
/RlQRNomUESWM1BEY0BQRDBNUEQNWlBE2mZQRKdzUERjgFBEMI1QRA2aUETJplBElrNQRGPA
UEQwzVBE/dlQRMnmUESn81BEYwBRRDANUUQNGlFEySZRRKczUURjQFFEQE1RRP1ZUUTaZlFE
lnNRRGOAUUQwjVFE/ZlRRMmmUUSWs1FEc8BRRDDNUUQN2lFEyeZRRKfzUURzAFJEMA1SRA0a
UkTJJlJEljNSRGNAUkQwTVJE/VlSRC5qUkRKdFJEc4BSRECNUkT9mVJEyaZSRKezUkRzwFJE
MM1SRP3ZUkTJ5lJElvNSRGMAU0QwDVNEDRpTRMkmU0SWM1NEc0BTRDBNU0T9WVNEyWZTRJZz
U0RzgFNEMI1TRA2aU0TJplNElrNTRHPAU0RAzVNE/dlTRMnmU0Sn81NEYwBURDANVEQNGlRE
ySZURKczVERjQFREME1URP1ZVETJZlREp3NURGOAVEQwjVRE/ZlURNqmVESWs1REY8BUREDN
VET92VREyeZURJbzVERjAFVEMA1VRP0ZVUTaJlVEljNVRGNAVUQwTVVEDVpVRNpmVUSWc1VE
Y4BVRDCNVUT9mVVE2qZVRJazVURjwFVEMM1VRA3aVUTa5lVEp/NVRGMAVkQwDVZE/RlWRNom
VkSWM1ZEY0BWRDBNVkT9WVZE2mZWRKdzVkRjgFZEMI1WRA2aVkTJplZEp7NWRGPAVkQwzVZE
DdpWRMnmVkSW81ZEcwBXRDANV0T9GVdEySZXRKczV0RjQFdEME1XRA1aV0SAaldEnHRXRHOA
V0QwjVdE/ZlXRNqmV0SWs1dEc8BXRDDNV0QN2ldEyeZXRJbzV0RzAFhEMA1YRA0aWETJJlhE
pzNYRHNAWEQwTVhEDVpYRMlmWESnc1hEY4BYRDCNWET9mVhEyaZYRKezWERjwFhEMM1YRA3a
WETJ5lhElvNYRGMAWURADVlE/RlZRMkmWUSWM1lEc0BZRDBNWUQNWllEyWZZRJZzWURjgFlE
QI1ZRP2ZWUTJpllEp7NZRGPAWUQwzVlEDdpZRMnmWUSn81lEYwBaRDANWkT9GVpEySZaRJYz
WkRzQFpEME1aRA1aWkTaZlpElnNaRGOAWkQwjVpE/ZlaRMmmWkSns1pEY8BaREDNWkT92VpE
yeZaRJbzWkRzAFtEQA1bRP0ZW0TaJltEljNbRGNAW0QwTVtE/VlbRMlmW0Snc1tEc4BbRECN
W0T9mVtEyaZbRJazW0RjwFtEQM1bRA3aW0TJ5ltEp/NbRGMAXEQwDVxEDRpcRMkmXESWM1xE
Y0BcRDBNXEQNWlxE+GtcRCZ2XERzgFxEQI1cRP2ZXETaplxElrNcRGPAXERAzVxEDdpcRNrm
XESW81xEcwBdRDANXUT9GV1EySZdRJYzXURzQF1EQE1dRP1ZXUTJZl1ElnNdRGOAXUQwjV1E
/ZldRMmmXUSWs11Ec8BdREDNXUT92V1EyeZdRJbzXURjAF5EQA1eRP0ZXkTJJl5EpzNeRHNA
XkQwTV5E/VleRMlmXkSWc15Ec4BeRDCNXkT9mV5E2qZeRJazXkRzwF5EMM1eRA3aXkTJ5l5E
lvNeRHMAX0QwDV9E/RlfRNomX0SWM19Ec0BfREBNX0QNWl9EyWZfRJZzX0RzgF9EQI1fRP2Z
X0TJpl9ElrNfRGPAX0RAzV9E/dlfRMnmX0SW819EYwBgREANYET9GWBEySZgRJYzYERjQGBE
ME1gRP1ZYETJZmBEp3NgRGOAYEQwjWBE/ZlgRMmmYESns2BEY8BgREDNYET92WBE2uZgRJbz
YERjAGFEMA1hRP0ZYUTJJmFEpzNhRGNAYUQwTWFE/VlhRE5qYURrdGFEY4BhRECNYUT9mWFE
yaZhRJazYURjwGFEMM1hRA3aYUTa5mFElvNhRGMAYkQwDWJE/RliRMkmYkSWM2JEc0BiRDBN
YkT9WWJEyWZiRJZzYkRjgGJEMI1iRA2aYkTJpmJElrNiRGPAYkQwzWJEDdpiRMnmYkSW82JE
YwBjRDANY0QNGmNE2iZjRJYzY0RzQGNEME1jRP1ZY0TJZmNElnNjRHOAY0QwjWNE/ZljRMmm
Y0SWs2NEY8BjREDNY0T92WNEyeZjRJbzY0RzAGREQA1kRA0aZETJJmREljNkRGNAZEQwTWRE
DVpkRMlmZESnc2REY4BkRDCNZET9mWREyaZkRJazZERzwGREMM1kRP3ZZETJ5mRElvNkRHMA
ZURADWVE/RllRNomZUSnM2VEY0BlRDBNZUQNWmVE2mZlRKdzZURjgGVEMI1lRA2aZUTapmVE
p7NlRHPAZUQwzWVEDdplRNrmZUSW82VE</AssayXData><AssayYData Points="600">iuc/QIa7QEAigUFARRxCQHdaQkCIBENApkNDQHzHQ0A6WkRAMbREQCVaRUCKhEVA6sJFQIM5
RkBXuUZAoLNGQO1gR0ALt0dAemJIQGWgSEAqkEhAr0xJQMH2SUDFSkpA115KQDXeSkCrOUtA
GB1LQN7CS0DmHkxAmItMQF39TEC7eU1AkNVNQIAITkBigk5Ag+hOQCEqT0DumE9AM/9PQH6f
UEDzZVBAQBZRQI1iUUCFCVJAUAZSQCGIUkDJ5VJAHVhTQIpoU0ALRlRAw29UQH6MVEDS91RA
N3pVQBwJVkBgjVZAJIFWQG7rVkBHUFdA+7VXQE7XV0CXTFhAbplYQNk6WUAWbllAfstZQKIi
WkBvXVpA1bRaQNc7W0CkW1tAbdVbQP+tXEANeVxAAJVcQLsYXUD5cF1AGZZdQAz6XUBTul5A
E5ZeQKs4X0AUuV9A/sRfQLMcYECpkmBAeZhgQD8+YUAtp2FAxL5hQEnwYUDBnWJAX2BiQKsA
Y0AicWNAvmdjQNP+Y0AdJWRA1XtkQHEzZUCaVGVAS4BlQK6YZUB79GVADZpmQOqqZkCaC2dA
u0xnQIIyZ0BFxGdANz9oQLp/aEClVGhA4DtpQA1+aUCHiWlAnNRpQJpbakC9WmpAu/dqQMvz
akDFJWtAIN5rQE1KbEA19GtAHZNsQFLfbEC05WxAakdtQNTfbUAmom1A575tQAxKbkBOpW5A
i8huQH5Pb0CgkG9AvJ9vQCEFcECFIXBAXWlwQHujcECXJXFAcDtxQMh/cUBQ0XFAtM1xQEUf
ckD1g3JAkq9yQP9Yc0CIKnNAT5VzQGK+c0DZ7HNAGHp0QCdHdEBstnRAmzh1QDBEdUDNP3VA
Yd11QG4WdkBr2HVAu0h2QEOgdkC673ZAmPJ2QByTd0BYhHdAZuZ3QPnJd0Bq53dAvAF4QJac
eEChbXhAAZl4QC9XeUDobnlAFGx5QGDgeUC/UXpARWd6QP4nekAV3HpALpV6QOcAe0DTSHtA
AE57QHdre0CB33tAfT98QFJDfECcknxAkqJ8QKXyfEC1rHxA5VV9QP5mfUCLi31ASud9QKe+
fUAfCX5APzZ+QBZpfkCPon5Amat+QLb0fkBZPn9Agol/QALPf0DraX9A54d/QH3Rf0Ag3X9A
xRuAQB1DgEDBTYBA+ICAQLuGgECZnoBAeqaAQMLggECE3IBAUdKAQIoTgUAUNIFAoy6BQLJH
gUAnMoFAMFKBQFR5gUDKhIFAIIaBQBCggUCkxoFAl9yBQIDFgUAPDYJAlAmCQCEJgkB9UIJA
Cg6CQPJqgkAFeIJAGYSCQIaTgkAWcoJAX7uCQLaygkAYzYJAv9OCQAD7gkBM/IJALBCDQBIf
g0ADIoNA1FWDQK9Ig0BRf4NA90+DQKC3g0BdjoNA7MCDQFWdg0Ddx4NAMfKDQLfog0DoBYRA
tRqEQKYehEBYL4RANTaEQNYQhEDPV4RA5EqEQIiJhEA5b4RAe62EQACnhEC5w4RAYpWEQOX6
hEBf3oRAcPiEQLIShUBSPIVAthiFQPtQhUDtNYVA+HSFQGNjhUDkbYVAFmKFQNuJhUBBv4VA
J4eFQC+hhUBquoVAj7+FQNjUhUDZ+YVAnu6FQHrhhUB2HIZAuPuFQOs+hkAxUoZAPUeGQEFJ
hkC5YYZATX2GQMx2hkB/f4ZARLiGQKuxhkBaoIZAA7WGQPjGhkAjx4ZAOfmGQFj7hkDF8oZA
EiSHQDYwh0ASN4dAuFGHQDA1h0AUSIdAdVSHQBR9h0Bta4dAZWuHQH6jh0AGnodAU56HQASe
h0DFpodAq56HQNW9h0DM0IdAws6HQKrlh0Bk14dA4/eHQCYliECgDohAZQaIQPYLiEAeOohA
fzGIQBcJiEAUTohAf1aIQKRRiEBEZIhAQI6IQFxgiEA3pohABbGIQG+RiEDTh4hAXqeIQDzK
iEDt1ohAL8iIQPjjiEB72ohA//mIQH0biUBq+4hAogOJQNk1iUBILIlAmieJQBx5iUBkR4lA
xTuJQF9KiUART4lAqWKJQDlriUC0polApIuJQDOXiUC8h4lA+ImJQE+wiUAjhIlAkp+JQJqw
iUCv3olADeCJQAb7iUBc7IlAuNyJQGEUikDX8IlAY9WJQBcAikC1AIpAsxyKQMUWikCjRYpA
RkuKQIwtikBdc4pAtjqKQNJoikBmeopA+nSKQOF0ikASiIpAd5+KQMSNikDjqIpACMGKQM6E
ikD0qYpAA9KKQNXKikAfs4pA0PKKQCHhikCY2YpAvfKKQDvvikBRC4tA9y6LQMw8i0B3GotA
XzWLQNL+ikA8LItAX0WLQBNTi0C2ZotAgyuLQIx7i0ANSItAcm+LQJtwi0Aml4tAKnyLQPCO
i0CsmotAxmuLQCimi0AmsItA+7GLQGSwi0Dp3YtAYemLQMDZi0DNzotA+PCLQB7Ai0BzBIxA
vPaLQPzki0DwBYxA3fuLQH0njECtVYxAmS6MQA9QjEASWoxAiC6MQM1EjED0PoxAykSMQLJk
jEAuTYxAV26MQMtxjEBddIxAxGmMQHyujED0iYxAhJGMQJqvjEAMmIxAfYqMQFDRjEATnIxA
HKmMQLnbjECrvoxAjd2MQCzHjECR+IxAUeGMQPHejEAkHo1AMwKNQJkRjUChM41ACg2NQO4M
jUDgLY1AJeKMQHozjUCpSI1A6TONQKM2jUBfJo1AmleNQMBCjUA5WI1AnmyNQFJOjUBjbo1A
+k6NQA5kjUD9hI1AzJuNQHWcjUDee41A0a2NQL59jUD4o41Ak7GNQEW2jUDXuI1A+8uNQHPM
jUCFuY1AstiNQGPSjUBC5Y1AMQqOQAjkjUDqCo5AAi2OQE4FjkAJAo5Aof+NQEYSjkACI45A
r/+NQIQjjkD3KY5ArReOQGM8jkAGRY5A9E+OQHNzjkD4dI5AhECOQMdSjkC4YI5A64iOQAF2
jkAHl45AAaeOQAVjjkAslY5AT4qOQImajkB7oI5A9qeOQMORjkAwuY5A1PWOQCe3jkDg0I5A
COSOQLS1jkCt245AuvaOQGu4jkDnz45AxAOPQB/5jkDS8Y5AEveOQPMNj0Ad/I5A/AGPQKIL
j0DDI49At/WOQO8oj0DeKI9AjAaPQJJOj0CSQI9AIUuPQK02j0ATRo9A4VWPQKdJj0COY49A
9VKPQP5ij0DGXo9AYWqPQJRdj0DXoI9A</AssayYData></Step><Step><CommonData><SampleLocation>1</SampleLocation><SampleID>Octet Buffer</SampleID><SampleGroup></SampleGroup><SampleInfo></SampleInfo><SampleRow>A</SampleRow><SamplePlate>1</SamplePlate><WellType>BUFFER</WellType><Concentration>-1</Concentration><ConcentrationUnits>µg/ml</ConcentrationUnits><MolarConcentration>-1</MolarConcentration><MolarConcUnits>nM</MolarConcUnits><MolecularWeight>0</MolecularWeight><Temperature>30</Temperature><StartTime>1116245</StartTime><AssayTime>100</AssayTime></CommonData><FlowRate>1000</FlowRate><StepType>BASELINE</StepType><StepName>Baseline</StepName><StepStatus>OK</StepStatus><ActualTime>100</ActualTime><CycleTime>0.2</CycleTime><AssayXData Points="500">YwBmRDANZkT9GWZEySZmRJYzZkRjQGZEME1mRA1aZkTJZmZElnNmRGOAZkQwjWZE/ZlmRNqm
ZkSWs2ZEY8BmRDDNZkQN2mZEyeZmRJbzZkRjAGdEMA1nRP0ZZ0TJJmdEljNnRHNAZ0QwTWdE
DVpnRNpmZ0SWc2dEY4BnRECNZ0QNmmdE2qZnRJazZ0RjwGdEQM1nRP3ZZ0TJ5mdElvNnRHMA
aERADWhE/RloRMkmaESnM2hEY0BoRDBNaET9WWhEyWZoRKdzaERjgGhEMI1oRP2ZaETJpmhE
lrNoRGPAaERAzWhEDdpoRMnmaESW82hEcwBpRDANaUT9GWlEySZpRJYzaURzQGlEME1pRP1Z
aUTJZmlEp3NpRHOAaUQwjWlE/ZlpRNqmaUSns2lEc8BpREDNaUT92WlEyeZpRJbzaURjAGpE
MA1qRP0ZakTaJmpEljNqRGNAakRATWpE/VlqRMlmakSnc2pEY4BqRDCNakQNmmpEyaZqRKez
akRzwGpEMM1qRP3ZakTJ5mpEp/NqRGMAa0QwDWtE/RlrRMkma0SWM2tEY0BrREBNa0QNWmtE
yWZrRKdza0RjgGtEQI1rRP2Za0TapmtElrNrRGPAa0QwzWtE/dlrRNrma0Sn82tEYwBsRDAN
bEQNGmxE2iZsRKczbERzQGxEME1sRA1abETJZmxEp3NsRHOAbEQwjWxE/ZlsRNqmbESns2xE
Y8BsREDNbEQN2mxEyeZsRKfzbERjAG1EMA1tRP0ZbUTaJm1EljNtRGNAbUQwTW1EDVptRMlm
bUSnc21EY4BtRDCNbUT9mW1E2qZtRJazbURzwG1EMM1tRA3abUTJ5m1Ep/NtRGMAbkQwDW5E
DRpuRMkmbkSWM25EY0BuRDBNbkT9WW5EyWZuRJZzbkRjgG5EMI1uRP2ZbkTapm5ElrNuRHPA
bkRAzW5E/dluRMnmbkSW825EYwBvREANb0T9GW9E2iZvRKczb0RjQG9EME1vRP1Zb0TaZm9E
lnNvRHOAb0RAjW9E/ZlvRMmmb0SWs29Ec8BvREDNb0QN2m9EyeZvRJbzb0RzAHBEMA1wRA0a
cETaJnBEljNwRGNAcEQwTXBEDVpwRMlmcESWc3BEc4BwRECNcET9mXBEyaZwRJazcERjwHBE
MM1wRA3acETJ5nBElvNwRHMAcUQwDXFEDRpxRMkmcUSWM3FEY0BxRDBNcUT9WXFEyWZxRJZz
cURzgHFEMI1xRP2ZcUTJpnFEp7NxRGPAcURAzXFEDdpxRMnmcUSW83FEcwByREANckT9GXJE
ySZyRJYzckRjQHJEME1yRP1ZckTJZnJElnNyRGOAckQwjXJEDZpyRMmmckSWs3JEc8ByRDDN
ckT92XJE2uZyRJbzckTYA3NE9A1zRP0Zc0TJJnNEljNzRHNAc0QwTXNE/VlzRNpmc0Snc3NE
Y4BzRDCNc0QNmnNEyaZzRJazc0RjwHNEMM1zRP3Zc0TJ5nNElvNzRGMAdERADXRE/Rl0RMkm
dESWM3REY0B0REBNdET9WXREyWZ0RJZzdERjgHREMI10RA2adETJpnREp7N0RGPAdERAzXRE
/dl0RMnmdESn83REcwB1RDANdUQNGnVE2iZ1RJYzdURjQHVEME11RP1ZdUTaZnVEp3N1RHOA
dUQwjXVE/Zl1RMmmdUSWs3VEY8B1RDDNdUT92XVEyeZ1RKfzdURjAHZEMA12RP0ZdkTJJnZE
pzN2RGNAdkQwTXZEDVp2RMlmdkSWc3ZEY4B2RECNdkQNmnZEyaZ2RJazdkRjwHZEMM12RA3a
dkTJ5nZElvN2RHMAd0QwDXdEDRp3RMkmd0SWM3dEc0B3REBNd0T9WXdEyWZ3RJZzd0RzgHdE
MI13RP2Zd0TapndElrN3RGPAd0RAzXdE/dl3RMnmd0SW83dEYwB4RFENeET9GXhEySZ4RJYz
eERjQHhEQE14RP1ZeETJZnhEp3N4RHOAeEQwjXhE/Zl4RNqmeESWs3hEc8B4REDNeET92XhE
yeZ4RJbzeERjAHlEMA15RA0aeUTaJnlEpzN5RGNAeUQwTXlEDVp5RNpmeUSWc3lEc4B5RECN
eUQNmnlE2qZ5RKezeURjwHlEMM15RA3aeUTa5nlElvN5RHMAekQwDXpEDRp6RNomekSWM3pE
c0B6REBNekT9WXpEyWZ6RJZzekRzgHpEQI16RA2aekTJpnpElrN6RHPAekQwzXpEDdp6RMnm
ekSn83pEYwB7REANe0QNGntEySZ7RJYze0RzQHtEME17RP1Ze0TJZntEp3N7RGOAe0QwjXtE
DZp7RNqme0SWs3tEc8B7RDDNe0QN2ntEyeZ7RJbze0RjAHxEQA18RP0ZfETaJnxEljN8RHNA
fERATXxEDVp8RNpmfESWc3xEY4B8RDCNfET9mXxEyaZ8RJazfERjwHxEMM18RP3ZfETJ5nxE
lvN8RGMAfURADX1EDRp9RMkmfUSnM31EY0B9RDBNfUT9WX1E2mZ9RJZzfURjgH1EQI19RP2Z
fUTapn1Ep7N9RGPAfURAzX1E/dl9RMnmfUSn831EYwB+REANfkT9GX5E2iZ+RJYzfkRzQH5E
ME1+RA1afkTJZn5Ep3N+RGOAfkRAjX5E/Zl+RMmmfkSWs35Ec8B+REDNfkT92X5EyeZ+RJbz
fkQ=</AssayXData><AssayYData Points="500">hOCPQGLXj0AVGZBAByeQQMcfkEDwMpBAUUGQQLRHkED7RpBAe16QQFpOkEDiR5BAlkaQQPYq
kEBpWpBABYyQQJhjkEAgV5BAuZiQQIpqkEDVbJBAgnGQQNNUkEAfYpBA6XiQQBepkEAbgpBA
pGWQQF+1kEDlmpBANmSQQCB6kEBEd5BAkFCQQM1jkEA8kJBA9F+QQJ15kED6ipBAuluQQG9w
kEAHkZBAZoeQQPtUkEAGq5BAjXOQQDxykEDDb5BAtmyQQHtykEBWiZBAho+QQGSWkECdZpBA
I42QQPRakEBxqJBA+ZuQQKdgkEBqbZBAT5uQQMKnkEDEfpBAKoeQQABikEAWhJBA/X2QQAuO
kEB5cZBANomQQFKKkEBUfZBAGZyQQPmVkEAwX5BA2IKQQK6SkED/jZBAi2aQQNOokED0jpBA
Hm+QQK6SkEDpiZBAw36QQCiqkEC1o5BA/GqQQEi2kEDaq5BA2pCQQPeKkEBGrZBAL3uQQDFu
kECclpBAAI6QQHWOkEDxr5BA42aQQKKUkEDpl5BAgoiQQHyLkEB3pJBAfLKQQIp3kEB/s5BA
TsOQQPW7kECljZBAX4qQQBGLkEANkpBA7aOQQIWbkECIopBAu7KQQCt+kEB7iJBAgYaQQH+q
kEAljpBAnYaQQHexkED6r5BAYqyQQCTHkEAqnJBAwc6QQDe1kEAOoZBAf2yQQK7BkEDgsJBA
DKKQQNmRkEAUbJBAfrOQQKqvkEARp5BAvJqQQJKnkEBF3ZBAiL2QQPiskEB2rpBAn2+QQMyW
kEBQtZBAcbKQQD+6kEAT0pBAKL2QQFSOkEBix5BAA72QQBWxkECzoZBAcNyQQKG3kEBiu5BA
ZK+QQCKZkEC0k5BAScaQQA2pkEDdtJBAtL+QQNmlkEDElJBACsuQQJLJkEBgy5BAmcSQQMTD
kEBhmJBAO6+QQP7SkEDWxJBAxuKQQC7NkECg2pBAeqyQQOvTkECx15BAo7aQQJKykEBft5BA
47uQQIG+kEAFq5BAMpaQQLa8kEAI05BA3aeQQLnPkED41JBAH7mQQPDTkEAx8ZBA7L+QQLq0
kEDf85BADeeQQGWSkECP55BAcs6QQF/RkEAa5ZBAWMiQQLCxkEAiypBAqfiQQN3BkEAn5pBA
staQQIHUkEBZnpBAhaiQQDTLkEB5kpBAWMiQQFfQkEDA9ZBArO6QQIzkkECt4pBAxMaQQFfg
kECc15BAn7mQQETzkECW45BARM6QQF/xkECBvJBAdtKQQBHKkECE/ZBAd6mQQM/2kEAZ5pBA
HLiQQNvAkEDZ+ZBAu8WQQKHPkECs9pBAfQGRQLrLkEB21JBAtMOQQF69kEDZ7pBAIBCRQPzj
kEDsAZFA/tyQQJfBkEBi8JBAjc6QQPTEkEBO7ZBAWdGQQOzpkECD3ZBAP+qQQP7WkECq+ZBA
aRGRQOXlkEBK25BAQPSQQOm6kEBhwZBA6fmQQFb7kECz4ZBARfKQQA8EkUBTA5FAkwGRQL4Y
kUB9E5FAdhuRQPQPkUCDvZBA/uSQQB0UkUB+7ZBAK9WQQPTNkECw85BAhBGRQA8HkUCaBJFA
nvmQQIUDkUCIEpFA0A2RQDMVkUCcCpFAE/GQQMXwkEAOJ5FATeSQQI/vkEAGGpFApfmQQADi
kEBUBZFAkCmRQMH6kEDHA5FA8t+QQNLckEDgEJFATO6QQGP7kECoCJFAd/mQQOEXkUCd75BA
PzqRQGTtkEDwBZFA4/GQQNsgkUB+z5BARvqQQFcfkUBRE5FAiveQQJgFkUBx8JBA8eiQQNrp
kEAoJ5FA+AyRQFMrkUBuF5FA+/2QQBEhkUDdAJFA/NiQQGECkUDG+5BAVwyRQN/2kEC3CJFA
FRmRQCc3kUB/FZFAgv+QQCowkUClEJFAgx2RQPwNkUBBPpFAEAqRQA8ckUBNH5FAmiiRQFXm
kEAlJpFAxjCRQLMAkUAmD5FAOD+RQGINkUDKFpFABSeRQIw/kUCmApFAdCyRQF8skUCGAZFA
aDiRQAAakUCgM5FA9RCRQKUqkUDOF5FALymRQLc9kUCuJJFAGT+RQKoykUDGHZFA4jqRQHUu
kUAmNpFAWAuRQMpWkUDqJpFA8CeRQLU/kUBdPpFAiSiRQBIMkUBdF5FA7SiRQF1AkUAxVpFA
CyGRQDoXkUDtS5FAhz+RQOohkUCIM5FAvx+RQGcvkUCPOpFA+SeRQJ41kUCpSpFANluRQIA0
kUDuSZFA2EeRQFr5kEBzQZFAWz+RQP4lkUDRGJFAwmGRQNRekUAeJpFAsFGRQNlVkUCk/pBA
+06RQNo3kUBnGpFApSGRQDJBkUAyEpFALTWRQJA5kUA/ZpFAXiaRQK6BkUDiUZFA5lSRQL5e
kUDZLJFAISaRQJhQkUBIWpFARRKRQPBQkUA3ZJFAhT2RQNQ8kUCPVJFAET6RQGBhkUACXZFA
2TGRQNMlkUCnRJFAkVCRQMJUkUCKYJFABVORQBsukUD5SJFA2UWRQGFfkUAOVpFAr2WRQA5e
kUDdSJFA90iRQPZhkUDFQpFAU2WRQGVbkUAkJJFAkT+RQGBnkUBXQJFA6E6RQONdkUA1L5FA
bl2RQExVkUCENJFAS0iRQDVlkUBUFJFAH1KRQKN3kUB4XJFAg0eRQHF8kUAscZFAPiuRQGJY
kUA=</AssayYData></Step><Step><CommonData><SampleLocation>2</SampleLocation><SampleID>hsCD3d/e_Acro_CDD-H52W1</SampleID><SampleGroup></SampleGroup><SampleInfo></SampleInfo><SampleRow>A</SampleRow><SamplePlate>1</SamplePlate><WellType>KSAMPLE</WellType><Concentration>-1</Concentration><ConcentrationUnits>µg/ml</ConcentrationUnits><MolarConcentration>200</MolarConcentration><MolarConcUnits>nM</MolarConcUnits><MolecularWeight>0</MolecularWeight><Temperature>30</Temperature><StartTime>1224347</StartTime><AssayTime>180</AssayTime></CommonData><FlowRate>1000</FlowRate><StepType>ASSOC</StepType><StepName>Association</StepName><StepStatus>OK</StepStatus><ActualTime>180</ActualTime><CycleTime>0.2</CycleTime><AssayXData Points="900">YwB/RDANf0QNGn9E2iZ/RKczf0RzQH9EME1/RP1Zf0TaZn9ElnN/RGOAf0QwjX9E/Zl/RMmm
f0SWs39EY8B/REDNf0Qd2n9E2uZ/RJbzf0Q6AIBE7giARAQOgERtE4BEyxmARDIggESYJoBE
/iyARGUzgETTOYBEMkCARJhGgET+TIBEbVOARMtZgEQyYIBEmGaARP5sgERtc4BEy3mARDqA
gESYhoBEBo2ARG2TgETLmYBEOqCARJimgET+rIBEZbOARNO5gEQywIBEmMaARAbNgERl04BE
y9mARDLggESY5oBE/uyARGXzgETL+YBEMgCBRKAGgUQGDYFEZROBRMsZgUQyIIFEoCaBRP4s
gURlM4FEyzmBRDJAgUSgRoFE/kyBRG1TgUTLWYFEMmCBRJhmgUT+bIFEZXOBRMt5gUQygIFE
mIaBRP6MgURtk4FEy5mBRDKggUSYpoFE/qyBRGWzgUTTuYFEMsCBRJjGgUQGzYFEZdOBRMvZ
gUQy4IFEmOaBRP7sgURt84FEy/mBRDIAgkSYBoJEBg2CRG0TgkTLGYJEMiCCRKAmgkQGLYJE
ZTOCRMs5gkQyQIJEmEaCRAZNgkRlU4JEy1mCRDJggkSYZoJE/myCRG1zgkTLeYJEMoCCRJyI
gkSqjYJEZZOCRMuZgkQyoIJEmKaCRAatgkRts4JEy7mCRDrAgkSYxoJEBs2CRGXTgkTT2YJE
OuCCRJjmgkT+7IJEbfOCRMv5gkQ6AINEmAaDRP4Mg0RlE4NEyxmDRDogg0SgJoNEBi2DRGUz
g0TLOYNEMkCDRKBGg0T+TINEbVODRMtZg0QyYINEmGaDRP5sg0Rlc4NEy3mDRDqAg0SYhoNE
Bo2DRGWTg0TTmYNEMqCDRJimg0T+rINEZbODRNO5g0Q6wINEmMaDRAbNg0Rt04NEy9mDRDrg
g0SY5oNEBu2DRG3zg0TT+YNEMgCERKAGhET+DIREZROERNMZhEQyIIREoCaERP4shERtM4RE
0zmERDJAhESYRoREBk2ERG1ThETLWYREMmCERKBmhEQGbYREZXOERNN5hEQygIREoIaERP6M
hERlk4REy5mERDKghESYpoRE/qyERG2zhETTuYREMsCERKDGhET+zIREZdOERMvZhEQy4IRE
mOaERP7shERt84REy/mERDIAhURKCIVEWA2FRG0ThUTLGYVEMiCFRJgmhUT+LIVEZTOFRMs5
hUQyQIVEoEaFRP5MhURlU4VEy1mFRDpghUSYZoVEBm2FRGVzhUTLeYVEOoCFRJiGhUQGjYVE
ZZOFRMuZhUQ6oIVEmKaFRP6shURls4VEy7mFRDrAhUSYxoVEBs2FRGXThUTL2YVEMuCFRKDm
hUT+7IVEZfOFRNP5hUQ6AIZEmAaGRP4MhkRlE4ZEyxmGREIghkSgJoZE/iyGRGUzhkTTOYZE
MkCGRKBGhkT+TIZEZVOGRMtZhkQ6YIZEmGaGRAZthkRtc4ZE03mGRDKAhkSYhoZE/oyGRG2T
hkTLmYZEOqCGRKCmhkT+rIZEZbOGRNO5hkQ6wIZEmMaGRP7MhkRl04ZEy9mGRDLghkSY5oZE
Bu2GRG3zhkTT+YZEMgCHRKAGh0QGDYdEbROHRMsZh0QyIIdEoCaHRAYth0RlM4dEyzmHRDJA
h0SYRodEBk2HRG1Th0TLWYdEMmCHRKBmh0QGbYdEbXOHRNN5h0QygIdEgYmHRJCOh0Smk4dE
y5mHRDqgh0SYpodEBq2HRGWzh0TTuYdEMsCHRJjGh0T+zIdEZdOHRMvZh0Q64IdEoOaHRAbt
h0Rt84dEy/mHRDIAiESYBohEBg2IRGUTiETLGYhEMiCIRJgmiEQGLYhEZTOIRMs5iEQ6QIhE
mEaIRP5MiERlU4hEy1mIRDpgiESYZohE/myIRGVziETLeYhEOoCIRJiGiET+jIhEZZOIRNOZ
iEQ6oIhEoKaIRAatiERts4hE07mIRDLAiESYxohE/syIRGXTiETT2YhEOuCIRKDmiET+7IhE
ZfOIRNP5iEQyAIlEmAaJRP4MiURlE4lE0xmJRDogiUSYJolEBi2JRG0ziUTLOYlEMkCJRKBG
iUT+TIlEbVOJRMtZiUQ6YIlEmGaJRAZtiURlc4lEy3mJRDKAiUSYholE/oyJRG2TiUTTmYlE
MqCJRJimiUT+rIlEbbOJRNO5iUQywIlEoMaJRAbNiURl04lE09mJRDLgiUSY5olEBu2JRGXz
iUTT+YlEMgCKRKwIikS7DYpEbROKRMsZikQyIIpEmCaKRP4sikRtM4pE0zmKRDJAikSYRopE
/kyKRGVTikTLWYpEMmCKRKBmikT+bIpEbXOKRMt5ikQ6gIpEoIaKRP6MikRlk4pEy5mKRDKg
ikSgpopE/qyKRGWzikTTuYpEMsCKRJjGikT+zIpEbdOKRMvZikQ64IpEmOaKRP7sikRt84pE
y/mKRDIAi0SYBotE/gyLRGUTi0TLGYtEMiCLRKAmi0QGLYtEZTOLRMs5i0QyQItEmEaLRAZN
i0RlU4tEy1mLRDJgi0SgZotEBm2LRGVzi0TTeYtEMoCLRJiGi0T+jItEZZOLRMuZi0QyoItE
mKaLRAati0Rls4tEy7mLRDrAi0SYxotE/syLRG3Ti0TT2YtEMuCLRKDmi0T+7ItEZfOLRMv5
i0QyAIxEmAaMRAYNjERlE4xEyxmMRDIgjESYJoxE/iyMRG0zjETLOYxEMkCMRJhGjET+TIxE
bVOMRMtZjEQyYIxEmGaMRAZtjERlc4xEy3mMRDKAjERSiIxEaY2MRG2TjETLmYxEOqCMRJim
jEQGrYxEZbOMRMu5jEQywIxEmMaMRP7MjERl04xEy9mMRDrgjESg5oxE/uyMRGXzjETL+YxE
OgCNRJgGjUQGDY1EbRONRMsZjUQyII1EmCaNRAYtjURlM41EyzmNRDJAjUSYRo1EBk2NRGVT
jUTLWY1EOmCNRJhmjUQGbY1EbXONRMt5jUQygI1EmIaNRP6MjURlk41Ey5mNRDKgjUR5qY1E
iK6NRJ6zjUTLuY1EMsCNRJjGjUT+zI1EbdONRMvZjUQy4I1EmOaNRP7sjURt841Ey/mNRDIA
jkSYBo5E/gyORGUTjkTLGY5EOiCORKAmjkT+LI5EZTOORMs5jkQ6QI5EoEaORAZNjkRlU45E
y1mORDJgjkSgZo5E/myORGVzjkTLeY5EOoCORJiGjkT+jI5EZZOORNOZjkQyoI5EoKaORP6s
jkRls45E07mORDLAjkSgxo5E/syORGXTjkTc2Y5EOuCORKDmjkT+7I5EZfOORMv5jkQ6AI9E
oAaPRP4Mj0RlE49E0xmPRDogj0SgJo9E/iyPRGUzj0TTOY9EMkCPRJhGj0QGTY9EbVOPRNNZ
j0Q6YI9EmGaPRP5sj0Rlc49E03mPRDKAj0Sgho9E/oyPRGWTj0TLmY9EOqCPRKCmj0T+rI9E
bbOPRMu5j0QywI9EmMaPRAbNj0Rl049Ey9mPRDrgj0SY5o9E/uyPRG3zj0TT+Y9EMgCQRKgG
kEQGDZBEZROQRNMZkEQyIJBEmCaQRP4skERtM5BEyzmQRDJAkESYRpBE/kyQRGVTkETLWZBE
MmCQRKBmkET+bJBEbXOQRMt5kEQ6gJBEoIaQRP6MkERtk5BEy5mQRDqgkESYppBE/qyQRGWz
kETTuZBEOsCQRJjGkET+zJBEbdOQRMvZkEQ64JBEoOaQRP7skERl85BE0/mQRDIAkUSYBpFE
Bg2RRGUTkUTLGZFEMiCRRJgmkUT+LJFEZTORRMs5kUQyQJFEmEaRRP5MkURlU5FE01mRRDJg
kUSYZpFE/myRRG1zkUTLeZFEOoCRRDiJkURGjpFEZZORRMuZkUQ6oJFEoKaRRAatkURts5FE
y7mRRDLAkUSgxpFE/syRRGXTkUTL2ZFEMuCRRKDmkUT+7JFEZfORRNP5kUQ6AJJEoAaSRP4M
kkRtE5JEyxmSRDIgkkSYJpJEBi2SRG0zkkTLOZJEMkCSRKBGkkT+TJJEbVOSRNNZkkQ6YJJE
oGaSRAZtkkRlc5JE03mSRDKAkkSghpJE/oySRG2TkkTLmZJEOqCSRJimkkT+rJJEZbOSRMu5
kkQywJJEoMaSRP7MkkRl05JE09mSRDLgkkSY5pJE/uySRGXzkkTL+ZJEOgCTRJgGk0T+DJNE
bROTRMsZk0QyIJNEmCaTRP4sk0RlM5NEyzmTRDpAk0SYRpNEBk2TRG1Tk0TLWZNEMmCTRJhm
k0T+bJNEZXOTRMt5k0Q6gJNEoIaTRP6Mk0Rtk5NE05mTRDKgk0SgppNE/qyTRGWzk0TLuZNE
OsCTRKDGk0T+zJNEbdOTRNPZk0Q64JNEmOaTRP7sk0Rt85NE0/mTRDoAlERjCJREcQ2URG0T
lETLGZREOiCURJgmlEQGLZREZTOURMs5lEQyQJREmEaURAZNlERtU5REy1mURDJglESYZpRE
Bm2URG1zlETTeZREMoCURJiGlEQGjZREZZOURMuZlEQyoJREmKaURAatlERts5REy7mURDrA
lESYxpRE/syURGXTlETL2ZREMuCURKDmlEQG7ZREZfOURMv5lEQyAJVEmAaVRP4MlUR1E5VE
yxmVRDoglUSYJpVEBi2VRGUzlUTLOZVEOkCVRJhGlUT+TJVEZVOVRMtZlUQ6YJVEmGaVRP5s
lURtc5VE3HmVRDKAlUSYhpVE/oyVRGWTlUTLmZVEOqCVRJimlUQGrZVEZbOVRMu5lUQ6wJVE
mMaVRP7MlURt05VEy9mVRDrglUSY5pVEBu2VRGXzlUTL+ZVE</AssayXData><AssayYData Points="900">oPKQQEhekUBBoJFA9MORQE3OkUADNpJArUqSQFJAkkAiepJA4IKSQHuqkkBU5pJAX7GSQCEN
k0ASI5NAf1mTQEgSk0DIWZNANmuTQEG5k0B915NALMWTQMAClEC2BpRAACiUQIMllEByZ5RA
nH6UQJ6VlEBLfZRAobeUQL7VlEA95JRAOO6UQKAPlUB1JpVAwjaVQDxBlUAUZ5VAR2SVQCGo
lUBiuZVANeaVQGDNlUCJ1pVA8eGVQDkOlkB7D5ZAEUyWQAwrlkBzNpZA7W2WQOx8lkBAo5ZA
65qWQHa8lkB83ZZAJ9SWQAvwlkAZ+pZA1AmXQMQOl0AiFpdArhyXQBhRl0DiY5dAqpCXQAZs
l0DBnZdAuriXQM7Ol0CTrZdA2riXQF3wl0DPEZhAjSmYQAgsmEB9DphAwTGYQBFImEC1Y5hA
qG2YQC5rmED5kJhAx4mYQCSVmECOuphAuKSYQO3EmEBI/ZhAe/GYQOIGmUCd5ZhApAaZQKL5
mEAkKJlASwKZQNsLmUBZWplAQmuZQPZpmUBVbZlAbmuZQE+lmUAAmJlA14KZQJGimUBK1ZlA
38eZQLGcmUBK55lA4QWaQN0LmkD9AppAjvyZQBoZmkCMH5pA4COaQCghmkA9XJpAd3GaQCR0
mkCwmJpAA6maQIKGmkDmfppAtnqaQNWamkDjsppA1NyaQN/lmkCgzppAZcuaQBP4mkDgxppA
ExCbQLDlmkA3BptAnTGbQHgNm0BfLZtAx1SbQFdTm0DWYZtAt2WbQHh6m0BwbJtAy3GbQIaL
m0AHq5tALZ6bQGLGm0CQrZtA8KubQD/Vm0CjyZtAxMmbQNQCnECbCpxAwNSbQDABnEDcE5xA
8/WbQNo8nEAXK5xAuUWcQN4+nEBhaZxAs2ScQHGFnEB+XpxAZl6cQAdgnEB1eZxAJZScQHSA
nEC4npxAE8acQBeInEBTtZxAMrucQLC2nEBs75xA89WcQEnrnEBS75xAwPKcQJAMnUD3CZ1A
M/ycQE4xnUAsBp1AIAidQEJKnUAlDZ1A3DydQI0inUA+ZZ1Ap32dQNRmnUB4hZ1Au1GdQBit
nUAakp1Ag3KdQKeWnUATrJ1ALJmdQOp8nUD4uZ1AOJWdQMu3nUCf451AhwmeQM67nUCuCZ5A
TuidQN/9nUCgAp5AONSdQN0HnkAg7J1A2wqeQJ38nUASVZ5AEEyeQO5YnkBtTZ5Ao06eQE0l
nkB9Xp5AzGieQEZqnkDjiJ5AaXeeQGSfnkATZ55AmNCeQF24nkARjJ5AGreeQOKankClj55A
SLqeQH29nkCVv55AbqieQJjvnkCp055A+t2eQJb/nkBXu55A2+KeQMEOn0CdEp9AjeKeQGTg
nkA8FZ9AdRWfQH4Vn0A1G59ADDufQIA2n0C7GJ9AVVmfQDhMn0B3MJ9AH3ifQFE+n0Agep9A
5oifQFqIn0Bwcp9A2ZOfQC6ln0CvlJ9AwrefQPWfn0DUiJ9A4bqfQNfKn0CksJ9Aks2fQOTb
n0C+0p9AQ7KfQDDdn0AP359A6+qfQF/in0Bn0Z9AOf+fQFfxn0A1JqBAAfGfQBT3n0C/859A
2jWgQMsMoEB7MaBANFSgQLpUoEAvNKBANVagQGp0oEByc6BALXGgQERjoECHfaBAqHCgQGiG
oEBUXaBAM3CgQEiGoED6x6BAzaKgQJSNoEDtxKBAEKCgQEngoED0yaBAh8KgQIu3oEAD8qBA
xd2gQCbjoEAm5aBAEN2gQGnVoECB/qBAbfWgQDPHoEARAaFAkwehQDEKoUDqFaFA0i+hQFs/
oUDjFaFABTqhQMA9oUDgKKFAJzahQJMmoUC8OaFAqDyhQFp3oUCWYKFAPimhQF9eoUAfWKFA
S3WhQGBloUBecqFArXShQCqXoUBjyqFANZqhQP69oUDDsKFAi8KhQOaqoUCEn6FAZLihQGqF
oUAv1aFAXxCiQKO5oUDvy6FAPM2hQGjZoUCf0qFAVxiiQGsLokBa7qFAOPehQJD6oUBLCaJA
AxeiQGIZokBuGqJA3imiQIQiokD3DqJA5kKiQIZPokBMQaJAiFCiQJVPokDPYKJAEhGiQHlv
okCfUaJA0GWiQOBuokBBY6JARmiiQExnokBqZ6JAAKKiQFJ8okDYq6JA5JiiQO7DokC1kKJA
WbaiQAvQokDomaJAcceiQE+1okAOx6JAdpmiQNSxokBGsqJAJuKiQOsao0AqvaJA/9KiQMbj
okDN4qJAGvaiQMMAo0BEI6NAIhCjQLIjo0CdBaNAQjmjQBEso0DYEaNAwFSjQC76okBHC6NA
xDKjQAs9o0DTQaNAYlyjQMg+o0BbPqNAdHOjQBlco0CqiaNAH1+jQCeKo0A8kqNAA4mjQGCJ
o0Ddl6NAn3CjQG+Ho0DmdKNA+qejQGOeo0BHeaNA14KjQKCoo0B6tKNAZbijQIn+o0Act6NA
ULijQHTOo0Da6qNAcZ+jQL/ko0AT/aNA69KjQF3Mo0Ag66NA7eajQAwIpEBRK6RAkuKjQDMG
pEA116NALRKkQGYBpEBWG6RArgSkQJUJpEAa36NAHyKkQGP3o0BeIaRAUiakQO0cpECmNaRA
vVykQIAspEAvUqRAx3CkQOlRpEDUN6RASY+kQLtVpEDEaKRAiU+kQBt6pED+baRAx3ikQD16
pEDFc6RApXGkQGaHpECdgqRA7oSkQAiApECtoKRALbekQGvRpEBipKRA0qCkQOC2pECcq6RA
JZSkQMSlpEC+5aRAJ8qkQK7YpEDg3KRActikQLO1pEBi9aRAvNCkQB35pEAu4aRAhfCkQFzS
pEDT56RA2fCkQIDjpEBzAaVA4CGlQOcbpUD4CqVAbUKlQCIspUCTL6VA8DGlQJEkpUC1EaVA
bDSlQMgcpUD5E6VAiC6lQO/4pECJNaVAnDelQINNpUDwPKVAxWOlQExWpUBPgaVAi06lQGFP
pUBzcaVAOH6lQBCZpUC3ZqVAP3ylQEuSpUBgd6VAaX2lQB6OpUDynKVAgq+lQLqnpUDIiaVA
EZalQKajpUA8qKVAcrGlQLmhpUBO5KVA6LSlQN7kpUCGx6VA4dalQEHGpUAJzaVATsmlQLzg
pUC82KVAydqlQCLEpUBLqqVAp++lQOb/pUBD7aVAmAmmQF8qpkAdE6ZAUOulQBcVpkBNG6ZA
U+qlQGUWpkDmJaZACSSmQKoYpkDiCKZACR+mQBchpkCzKaZAiCymQH1VpkAMMaZAVB+mQBJQ
pkDjMaZAwlKmQJNupkD7UqZAKiSmQAFtpkDSh6ZAw1GmQIRRpkDbU6ZAWE2mQON+pkBhaqZA
6lymQAJUpkChWqZAL36mQEprpkCFpqZAU5CmQKuYpkBre6ZAzaimQIZ5pkC0rqZABrSmQJer
pkAwr6ZAu4+mQNWIpkDEyqZAO8umQCSnpkCUuKZAFb6mQLKvpkAZ16ZAB86mQCLSpkCUxaZA
k/mmQO3ypkAoy6ZAeuimQIf+pkDi5KZABxKnQFYBp0BpBadAq+WmQEsKp0BbFqdAOvmmQE0H
p0Ai/KZAC+umQJUWp0Dl96ZAIfumQM0Xp0CMLKdArzGnQGr5pkDr/aZAMBGnQLUOp0CqKKdA
ESGnQMA9p0BNYadAkj6nQAYrp0AVd6dAnk6nQEs4p0DfQadAvFunQO9Hp0B4aKdAyFCnQI9u
p0CcbadALlanQHeMp0AqZKdAJYenQCd+p0CMX6dAJWWnQM+Mp0B7aqdAoa+nQF6Wp0AehadA
AIinQPy+p0D1hadAjJ2nQHKmp0B5kKdAlcKnQIu9p0DzxqdAc7GnQFHnp0BdsadAwIinQNS9
p0CJ4qdAXt2nQHSsp0BQ9adAIKanQK7Up0Cd5adAGbinQPULqEBDA6hAhvSnQLXKp0Aq8qdA
k/OnQLn8p0DzFahA4tenQCcCqED+A6hASg6oQO7hp0BrAKhAwR+oQBoiqECdTqhAogKoQKEV
qEA2D6hAyCCoQKARqEC9F6hACDmoQC76p0CDKqhADTqoQLNBqEDXIqhALjaoQEoFqECQTahA
dEmoQExXqEAiSKhA4neoQClcqEAsSahADmuoQCRdqEDvW6hAskWoQK2GqEBtgqhAlW2oQFul
qEDfhahANYioQO6CqECZkahAq3aoQPJjqEDJe6hAQH2oQEaLqEDGrqhAYG6oQPaXqECUnahA
GaCoQNaeqEBlwKhAxtaoQITKqED+sahAHrioQPy0qEDPrqhAodWoQB6yqEBUqqhA5b2oQMrD
qEA24ahA3byoQH/DqECi16hAY+OoQJWyqEBWtahA4NGoQF7OqECWs6hAm+uoQAjsqECN0qhA
QMmoQBriqECW2KhAEPaoQIwAqUCzCalAKemoQAkVqUDx7qhABOuoQNkxqUAXJqlAkhapQGEg
qUAeFKlAJw6pQDcrqUA7O6lAXCWpQIXuqEC+QqlAGCCpQG4mqUAVUalAbC6pQDFRqUCjNKlA
rU6pQApLqUDXUqlApGypQMk3qUAHJqlASGOpQHwyqUBnJalADF2pQGcfqUDkPKlAgVCpQDZP
qUCfUqlA72mpQMtZqUAseqlAnUOpQFNMqUDdYKlAaY2pQNmjqUChYalA42CpQCekqUBKRqlA
lY6pQN2UqUCCX6lAPbupQAWBqUAWm6lAY52pQCnTqUAHq6lAupCpQC+lqUB8mqlAJ8WpQPfG
qUABuqlAD52pQKGIqUDCjKlAZ9epQFXQqUCztqlAIrypQP67qUCk46lAnqupQDDbqUCsu6lA
jMepQB7CqUCW2KlAd86pQHPdqUBA3alAncapQH3yqUAsxalA</AssayYData></Step><Step><CommonData><SampleLocation>1</SampleLocation><SampleID>Octet Buffer</SampleID><SampleGroup></SampleGroup><SampleInfo></SampleInfo><SampleRow>A</SampleRow><SamplePlate>1</SamplePlate><WellType>BUFFER</WellType><Concentration>-1</Concentration><ConcentrationUnits>µg/ml</ConcentrationUnits><MolarConcentration>-1</MolarConcentration><MolarConcUnits>nM</MolarConcUnits><MolecularWeight>0</MolecularWeight><Temperature>30</Temperature><StartTime>1412761</StartTime><AssayTime>300</AssayTime></CommonData><FlowRate>1000</FlowRate><StepType>DISASSOC</StepType><StepName>Dissociation</StepName><StepStatus>OK</StepStatus><ActualTime>300</ActualTime><CycleTime>0.2</CycleTime><AssayXData Points="1500">MQCWRJcGlkT+DJZEbBOWRMsZlkQ5IJZEoCaWRAYtlkRkM5ZEyzmWRDFAlkSXRpZE/kyWRGxT
lkTLWZZEMWCWRJdmlkT+bJZEZHOWRMt5lkQ5gJZEl4aWRP6MlkRsk5ZE05mWRDmglkSXppZE
Bq2WRGSzlkTTuZZEOcCWRJfGlkT+zJZEZNOWRNPZlkQx4JZEl+aWRP7slkRs85ZEy/mWRDEA
l0SXBpdEBg2XRGQTl0TLGZdEMSCXRJcml0QGLZdEZDOXRMs5l0QxQJdEoEaXRP5Ml0RkU5dE
y1mXRDFgl0SgZpdE/myXRGRzl0TTeZdEMYCXRKCGl0T+jJdEZJOXRMuZl0QxoJdEoKaXRP6s
l0Rss5dEy7mXRDnAl0SXxpdE/syXRGTTl0TL2ZdEMeCXRJfml0T+7JdEbPOXRAj8l0QfAZhE
lwaYRAYNmERsE5hEyxmYRDEgmESXJphE/iyYRGQzmETLOZhEOUCYRJdGmEQGTZhEbFOYRMtZ
mEQxYJhEoGaYRP5smERsc5hE03mYRDGAmESXhphE/oyYRGSTmETTmZhEMaCYRJemmET+rJhE
ZLOYRNO5mEQxwJhEoMaYRP7MmERk05hEy9mYRDngmESX5phE/uyYRGTzmETT+ZhEOQCZRJcG
mUT+DJlEZBOZRNMZmUQ5IJlEoCaZRP4smURkM5lEyzmZRDlAmUSgRplEDk2ZRGRTmUTTWZlE
MWCZRJdmmUT+bJlEZHOZRMt5mUQ5gJlEl4aZRAaNmURkk5lE05mZRDmgmUSXpplE/qyZRGyz
mUTLuZlEMcCZRKDGmUT+zJlEZNOZRNPZmUQx4JlEl+aZRP7smURk85lEy/mZRDEAmkSXBppE
/gyaRGQTmkTLGZpEOSCaRJcmmkQGLZpEZDOaRMs5mkQ5QJpEl0aaRP5MmkRkU5pEy1maRDlg
mkSXZppEBm2aRGRzmkQre5pEOYCaRJeGmkT+jJpEZJOaRNOZmkQxoJpEoKaaRP6smkRks5pE
07maRDnAmkSXxppE/syaRGTTmkTT2ZpEOeCaRKDmmkT+7JpEZPOaRNP5mkQ5AJtEoAabRP4M
m0RsE5tEyxmbRDEgm0SXJptEBi2bRGQzm0TLOZtEMUCbRJdGm0QGTZtEbFObRMtZm0QxYJtE
oGabRP5sm0Rkc5tE03mbRDmAm0SghptE/oybRGSTm0TLmZtEMaCbRKCmm0T+rJtEZLObRMu5
m0QxwJtEl8abRAbNm0Rs05tEy9mbRDHgm0Sg5ptEBu2bRGTzm0TL+ZtEOQCcRJcGnEQGDZxE
ZBOcRMsZnEQxIJxEoCacRP4snERkM5xEyzmcRDFAnESXRpxE/kycRGxTnETTWZxEOWCcRKBm
nET+bJxEbHOcRMt5nEQxgJxEl4acRP6MnERsk5xEy5mcRDmgnESgppxEBq2cRGSznETLuZxE
OcCcRJfGnET+zJxEZNOcRMvZnEQx4JxEoOacRP7snERs85xE5/ucRP4AnUSgBp1EBg2dRGwT
nUTTGZ1EMSCdRKAmnUT+LJ1EZDOdRMs5nUQ5QJ1El0adRP5MnURkU51Ey1mdRDlgnUSgZp1E
/mydRGRznUTLeZ1EOYCdRKCGnUQGjZ1EZJOdRMuZnUQ5oJ1EoKadRP6snURks51Ey7mdRDHA
nUSXxp1EBs2dRGTTnUTL2Z1EOeCdRJfmnUT+7J1EZPOdRMv5nUQ5AJ5ElwaeRP4MnkRsE55E
0xmeRDEgnkSXJp5E/iyeRGwznkTLOZ5EMUCeRKBGnkQGTZ5EbFOeRMtZnkQ5YJ5EoGaeRP5s
nkRkc55E03meRDGAnkSXhp5E/oyeRGyTnkTTmZ5EOaCeRJemnkT+rJ5EbLOeRMu5nkQ5wJ5E
l8aeRP7MnkRk055Ey9meRDHgnkSg5p5EBu2eRGzznkTT+Z5EMQCfRKAGn0QGDZ9EZBOfRMsZ
n0QxIJ9ElyafRAYtn0RsM59EyzmfRDFAn0SXRp9E/kyfRGxTn0TLWZ9EMWCfRJdmn0QGbZ9E
ZHOfRBB8n0QfgZ9El4afRAaNn0Rkk59Ey5mfRDmgn0SXpp9E/qyfRGSzn0TTuZ9EOcCfRJfG
n0QGzZ9EbNOfRNPZn0Qx4J9El+afRP7sn0Rk859Ey/mfRDkAoESXBqBE/gygRGQToETTGaBE
MSCgRJcmoET+LKBEZDOgRMs5oEQxQKBEoEagRAZNoERkU6BEy1mgRDFgoESgZqBEBm2gRGRz
oETTeaBEMYCgRJeGoET+jKBEZJOgRMuZoEQ5oKBEoKagRAatoERss6BE07mgRDHAoESXxqBE
Bs2gRGTToETT2aBEMeCgRKDmoET+7KBEZPOgRMv5oEQxAKFEoAahRAYNoURkE6FEyxmhRDEg
oUSgJqFEBi2hRGwzoUTLOaFEMUChRJdGoUQGTaFEZFOhRMtZoUQxYKFEoGahRP5soURsc6FE
y3mhRDmAoUSXhqFE/oyhRGyToUTLmaFEMaChRJemoUT+rKFEZLOhRMu5oUQxwKFEl8ahRAbN
oURk06FEy9mhRDngoUSg5qFE/uyhRGzzoUS++6FEzQCiRKAGokT+DKJEZBOiRMsZokQxIKJE
lyaiRAYtokRsM6JEyzmiRDFAokSgRqJE/kyiRGxTokTLWaJEMWCiRJdmokT+bKJEbHOiRNN5
okQxgKJEl4aiRP6MokRsk6JEy5miRDGgokSgpqJE/qyiRGSzokTTuaJEOcCiRJfGokT+zKJE
ZNOiRMvZokQx4KJEl+aiRAbtokRk86JEy/miRDEAo0SXBqNE/gyjRGQTo0TTGaNEMSCjRJcm
o0T+LKNEZDOjRMs5o0QxQKNEl0ajRP5Mo0RkU6NEy1mjRDFgo0SgZqNEBm2jRGRzo0TTeaNE
MYCjRJeGo0T+jKNEbJOjRMuZo0QxoKNEoKajRP6so0Rks6NE07mjRDHAo0SXxqNE/syjRGTT
o0TL2aNEOeCjRKDmo0T+7KNEbPOjRNP5o0Q5AKRElwakRAYNpERkE6RE0xmkROEipETvJ6RE
Bi2kRGwzpETLOaREMUCkRJdGpET+TKREZFOkRMtZpEQxYKREl2akRAZtpERkc6REbHukRHuA
pESghqRE/oykRGyTpETTmaREMaCkRKCmpEQGraREbLOkRNO5pEQxwKREoMakRP7MpERs06RE
y9mkRDHgpESg5qRE/uykRGzzpETL+aREOQClRJcGpUT+DKVEZBOlRMsZpUQxIKVElyalRP4s
pURkM6VEyzmlRDFApUSXRqVE/kylRGRTpUTTWaVEMWClRKBmpUT+bKVEZHOlRMt5pUQxgKVE
l4alRAaNpURkk6VE05mlRDGgpUSXpqVE/qylRGSzpUTLuaVEMcClRJfGpUQGzaVEZNOlRNPZ
pUQ54KVEl+alRP7spURk86VE0/mlRDEApkSXBqZE/gymRGQTpkTLGaZEMSCmRKAmpkT+LKZE
ZDOmRMs5pkQ5QKZEoEamRAZNpkRkU6ZE01mmRDFgpkSXZqZE/mymRGxzpkTTeaZEOYCmRJeG
pkT+jKZEZJOmRMuZpkQxoKZEl6amRP6spkRks6ZEy7mmRDHApkSgxqZE/symRGTTpkTL2aZE
MeCmRJfmpkT+7KZEZPOmRLb7pkS8AKdEoAanRAYNp0RkE6dE0xmnRDEgp0SXJqdE/iynRGQz
p0TLOadEOUCnRJdGp0T+TKdEZFOnRNNZp0QxYKdEl2anRP5sp0Rkc6dE03mnRDmAp0SghqdE
/oynRGSTp0TTmadEMaCnRJemp0T+rKdEbLOnRMu5p0QxwKdEoManRAbNp0Rs06dEy9mnRDHg
p0SX5qdEBu2nRGTzp0TT+adEMQCoRJcGqET+DKhEZBOoRMsZqEQ5IKhElyaoRP4sqERkM6hE
0zmoRDFAqESXRqhEBk2oRHVTqETTWahEOWCoRJdmqET+bKhEZHOoRNN5qEQxgKhEl4aoRP6M
qERkk6hEy5moRDmgqESgpqhE/qyoRGyzqETLuahEMcCoRJfGqET+zKhEZNOoRMvZqEQx4KhE
l+aoRP7sqERk86hEy/moRDEAqUSXBqlE/gypRGQTqUTTGalEOSCpRJcmqUQGLalEbDOpRMs5
qUQxQKlEl0apRAZNqURkU6lE01mpRDFgqUSXZqlE/mypRGxzqURce6lEaoCpRKCGqUT+jKlE
ZJOpRMuZqUQ5oKlEl6apRAatqURks6lEy7mpRDHAqUSXxqlEBs2pRGTTqUTL2alEMeCpRJfm
qUQG7alEZPOpRMv5qUQxAKpElwaqRP4MqkRkE6pE0xmqRDkgqkSXJqpE/iyqRGQzqkTTOapE
MUCqRKBGqkQGTapEbFOqRNNZqkQxYKpEl2aqRP5sqkRsc6pE03mqRDGAqkSghqpE/oyqRGST
qkTLmapEMaCqRJemqkT+rKpEZLOqRMu5qkQxwKpEoMaqRP7MqkRk06pE09mqRDHgqkSX5qpE
/uyqRGTzqkTL+apEOQCrRJcGq0T+DKtEZBOrRNMZq0QxIKtElyarRP4sq0RsM6tE0zmrRDlA
q0SgRqtEBk2rRGxTq0TTWatEMWCrRKBmq0QGbatEZHOrRMt5q0QxgKtEl4arRP6Mq0Rsk6tE
y5mrRDmgq0QQqKtEH62rRGyzq0TLuatEMcCrRJfGq0QGzatEZNOrRMvZq0Q54KtEl+arRP7s
q0Rk86tE+vqrRDkArESXBqxE/gysRGwTrETTGaxEMSCsRJcmrET+LKxEbDOsRMs5rEQ5QKxE
l0asRP5MrERsU6xEy1msRDlgrESgZqxEBm2sRGRzrETLeaxEOYCsRJeGrET+jKxEZJOsRMuZ
rEQxoKxEl6asRP6srERks6xE07msRDHArESXxqxE/sysRGzTrETL2axEOeCsRJfmrEQG7axE
bPOsRMv5rEQxAK1ElwatRP4MrURkE61E0xmtRDEgrUSgJq1E/iytRGQzrUTTOa1EMUCtRJdG
rUT+TK1EbFOtRMtZrUQ5YK1El2atRP5srURkc61Ey3mtRDGArUSXhq1EBo2tRGSTrUTLma1E
OaCtRJemrUT+rK1EZLOtRMu5rUQxwK1EoMatRP7MrURs061E09mtRDHgrUSX5q1EBu2tRGTz
rUTT+a1EMQCuRJcGrkT+DK5EZBOuRMsZrkQxIK5ElyauRP4srkRkM65EyzmuRDFArkSXRq5E
/kyuRGRTrkTTWa5EMWCuRKBmrkT+bK5EZHOuRK57rkS8gK5EoIauRP6MrkRkk65Ey5muRDmg
rkSgpq5E/qyuRGyzrkTLua5EMcCuRJfGrkQGza5EbNOuRMvZrkQx4K5EoOauRP7srkRk865E
y/muRDEAr0SXBq9E/gyvRGwTr0TTGa9EMSCvRKAmr0T+LK9EZDOvRNM5r0Q5QK9El0avRAZN
r0RkU69Ey1mvREFgr0SXZq9E/myvRGRzr0TLea9EOYCvRJeGr0QGja9EbJOvRNOZr0QxoK9E
l6avRAatr0Rks69Ey7mvRDHAr0SXxq9EBs2vRGzTr0TT2a9EMeCvRKDmr0QG7a9EZPOvRNP5
r0QxALBElwawRP4MsERkE7BEyxmwREEgsESXJrBEBi2wRGQzsETLObBEMUCwRJdGsET+TLBE
ZFOwRNNZsEQxYLBEl2awRP5ssERsc7BEy3mwRDGAsESXhrBE/oywRGSTsETTmbBEMaCwRJem
sEQGrbBEZLOwRNO5sEQxwLBEl8awRAbNsERs07BE09mwRDHgsESg5rBEBu2wRGTzsETf+7BE
7QCxRJcGsUT+DLFEZBOxRMsZsUQxILFElyaxRA4tsUR1M7FEyzmxRDFAsUSgRrFEBk2xRGxT
sUTLWbFEOWCxRJdmsUT+bLFEZHOxRMt5sUQxgLFEl4axRP6MsURsk7FE05mxRDmgsUSgprFE
/qyxRGSzsUTLubFEMcCxRJfGsUQGzbFEbNOxRMvZsUQ54LFEoOaxRAbtsURk87FEy/mxRDEA
skSXBrJE/gyyRGQTskTLGbJEOSCyRJcmskT+LLJEZDOyRMs5skQxQLJEl0ayRP5MskRkU7JE
01myRDlgskSXZrJE/myyRGRzskTLebJEMYCyRJeGskQGjbJEZJOyRNOZskQ5oLJEl6ayRP6s
skRss7JE07myRDnAskSgxrJE/syyRGTTskTL2bJEMeCyRJfmskQG7bJEbPOyRMv5skQ5ALNE
lwazRP4Ms0RsE7NE0xmzRDEgs0SXJrNEwi2zRGwzs0TLObNEOUCzRJdGs0T+TLNEZFOzRMtZ
s0Q5YLNEl2azRAZts0Rsc7NEhXuzRJyAs0SXhrNEBo2zRGSTs0TTmbNEMaCzRJems0T+rLNE
ZLOzRMu5s0Q5wLNEl8azRP7Ms0Rs07NEy9mzRDngs0SX5rNEBu2zRGTzs0TL+bNEMQC0RJcG
tET+DLREZBO0RNMZtEQxILREoCa0RP4stERkM7REyzm0RDFAtESXRrRE/ky0RGRTtETTWbRE
OWC0RJdmtEQGbbREbHO0RNN5tEQ5gLREoIa0RP6MtERkk7REy5m0RDGgtESgprREBq20RGSz
tETLubREOcC0RKDGtEQGzbREZNO0RMvZtEQx4LREl+a0RP7stERs87REy/m0RDEAtUSgBrVE
/gy1RGQTtUTTGbVEMSC1RKAmtUQGLbVEZDO1RNM5tUQxQLVEl0a1RAZNtURkU7VEy1m1REFg
tUSXZrVE/my1RGRztUTLebVEOYC1RKCGtUT+jLVEZJO1RNOZtUQxoLVEoKa1RP6stURks7VE
y7m1RDHAtUSgxrVEBs21RGzTtUTT2bVEMeC1RJfmtUT+7LVEZPO1RDn8tURQAbZEoAa2RAYN
tkRkE7ZEyhm2RDEgtkSYJrZEBi22RGQztkTKObZEOUC2RJhGtkT+TLZEbFO2RMpZtkQxYLZE
mGa2RP5stkRkc7ZEynm2RDmAtkSYhrZEBo22RGyTtkTTmbZEOaC2RKCmtkT+rLZEZLO2RNO5
tkQ5wLZEmMa2RP7MtkRk07ZE09m2RELgtkSg5rZE/uy2RGTztkTK+bZEOQC3RJgGt0T+DLdE
ZBO3RNMZt0Q5ILdEmCa3RP4st0RsM7dEyjm3RDFAt0SYRrdEBk23RGRTt0TTWbdEOWC3RKBm
t0QGbbdEZHO3RNN5t0Q5gLdEmIa3RP6Mt0Rsk7dEypm3RDGgt0SYprdE/qy3RGyzt0TTubdE
McC3RJjGt0T+zLdEbNO3RNPZt0Qx4LdEmOa3RP7st0Rs87dEyvm3RDEAuESYBrhE/gy4RGQT
uETKGbhEOSC4RKAmuEQGLbhEbDO4RNM5uEQxQLhEmEa4RP5MuERkU7hEylm4RDFguESYZrhE
/my4RGRzuETne7hE9oC4RJiGuEQGjbhEZJO4RMqZuEQxoLhEmKa4RP6suERss7hEyrm4RDHA
uESYxrhE/sy4RGzTuETK2bhEMeC4RJjmuET+7LhEZPO4RMr5uEQ5ALlEmAa5RP4MuURsE7lE
0xm5RDkguUSYJrlE/iy5RGwzuUTTOblEOUC5RKBGuUQGTblEbFO5RMpZuUQ5YLlEmGa5RP5s
uURsc7lE03m5RDmAuUSYhrlE/oy5RGyTuUTKmblEMaC5RJimuUT+rLlEZLO5RNO5uUQ5wLlE
oMa5RAbNuURs07lE09m5RDnguUSg5rlE/uy5RGTzuUTK+blEMQC6RJgGukQGDbpEbBO6RMoZ
ukQxILpEmCa6RAYtukRkM7pEyjm6RDFAukSYRrpEBk26RGRTukTTWbpEMWC6RJhmukT+bLpE
ZHO6RMp5ukQxgLpEoIa6RP6MukRsk7pE05m6RDGgukSYprpE/qy6RHK0ukTKubpEOcC6RJjG
ukT+zLpEbNO6RMrZukQ54LpEmOa6RP7sukRk87pElfu6RKQAu0SgBrtE/gy7RGQTu0TKGbtE
MSC7RKAmu0T+LLtEbDO7RMo5u0Q5QLtEmEa7RP5Mu0RkU7tEylm7RDFgu0SYZrtEBm27RGRz
u0TKebtE</AssayXData><AssayYData Points="1500">aripQHzuqUD5BqpAihyqQMoJqkArKKpAliWqQGwVqkDfTqpAkBaqQHsGqkB8N6pAJE6qQPsW
qkBgK6pAkQeqQFkCqkACM6pAmiWqQAIYqkC3+KlAEBeqQP4fqkDgDapAjDOqQCoJqkBDIqpA
5zmqQIgDqkAKE6pAsiSqQNwqqkAqNapA+xaqQEcvqkBzFqpAIh+qQH9CqkDLLKpA7C6qQKsv
qkCAVapAZS6qQAA7qkDUJqpAHguqQDU9qkBQLapAmgSqQNRjqkAsLapAqUCqQHM3qkCRSapA
hxuqQJL8qUBDNKpAniaqQEAGqkAtN6pALBiqQNkWqkBuAapACFWqQCg4qkC3GqpAQT+qQKok
qkAGT6pASkKqQAEbqkD5KqpAHkuqQHhBqkDHJqpA+ESqQJ9SqkD/HKpA8kuqQAQOqkAeMapA
j0KqQG5SqkDGMqpAxjeqQPFAqkDlB6pAliaqQOAxqkASEapAnw+qQEFUqkCpNapApBaqQDBb
qkA6TapAHymqQNWAqkBvQqpATx2qQHs5qkCCbqpAbQaqQIMnqkBpZKpAWUGqQFJFqkBiSqpA
wVWqQCcEqkB1aKpATTqqQNYsqkB0XqpAYHKqQFkaqkC6X6pAhTyqQEgSqkCZSKpA7TmqQNc6
qkDlMqpAnmSqQIAuqkB9RKpA5lWqQIU+qkC9JapAbz+qQLlXqkBrFKpARliqQCcoqkAmL6pA
vDmqQAI6qkCTYqpAXwaqQM1IqkBMRKpABzaqQO5dqkAhdapAmBiqQFpfqkCvNqpAlTuqQI1O
qkDDZqpAdDOqQHldqkBDWKpATjeqQPlMqkAdOKpAFGqqQIA5qkBNQapAj0uqQEcsqkDeRqpA
7FOqQEpOqkBjfqpAtlaqQFBCqkB/RapArDSqQGcZqkBIdKpAJGuqQM0WqkBnJapASzuqQO5F
qkCAU6pApVyqQKp8qkAROKpAmlKqQE1kqkA9RKpAoDyqQMlRqkDMLapA4U2qQJ9tqkD7DapA
60KqQJ9bqkAHU6pApmCqQHxmqkDCbKpAgGWqQHNbqkAhIapA3F+qQFY/qkCee6pA+T+qQCM6
qkC7SqpAUkGqQBluqkCjWapAQSCqQKNBqkBYXapAylCqQKM8qkCnWqpArE+qQCE/qkBbbapA
91OqQJRnqkCOUqpAsWiqQGt2qkCEWKpAK3KqQPMRqkCCMqpAlHmqQIgeqkD7bapAMY6qQPWC
qkDMVapA6WKqQHhkqkBeT6pAhWyqQJBTqkAyQapAUVKqQLhmqkDec6pAnUCqQJmIqkCcUKpA
xUGqQN5dqkApTqpAlUSqQPanqkD9Q6pAT2eqQKFPqkBKW6pAGoKqQCN8qkBHa6pAHDuqQGJJ
qkDceKpA3l+qQP1GqkD4c6pAMWGqQENEqkA/QqpA+lmqQCQxqkB9VKpALFaqQFZPqkBkaqpA
Nm6qQMs+qkAxaqpArWqqQKI6qkDeX6pAC1+qQHsvqkABSKpAEHmqQKxvqkAzPqpAVHWqQIiA
qkAuZ6pAWF2qQKc6qkD+UapAf3SqQPhiqkC7W6pAvR2qQCxOqkAiUqpAKW+qQLk6qkAlbapA
UBOqQC+PqkAwSqpAeTOqQE5ZqkDmcqpAP1OqQBB4qkB1W6pA6kKqQNdmqkDBdapArjuqQDlW
qkD5c6pAjEuqQJExqkDgZqpAFEqqQMFbqkAOk6pAkkeqQGNNqkAsbKpAqm6qQMheqkCSU6pA
4GqqQG9gqkCvOqpABWOqQHNSqkChdapAkFmqQB5cqkCTQ6pAcnKqQEdqqkBUWKpAd26qQLxk
qkDqj6pAsXSqQN5XqkBlf6pAEFiqQL5tqkBfc6pAxlyqQEp8qkCJeapAbiiqQP9WqkA0X6pA
YHKqQPNvqkCYUapAZWeqQNtIqkDzgqpAToKqQNBcqkBPaqpANVWqQHJ7qkA1VqpA8FKqQMNs
qkCYjKpAfIyqQM5gqkBqgapAw26qQKdbqkCmh6pAIImqQKtrqkBVUqpA32OqQHxrqkCuWqpA
9ayqQI9BqkC3dapAAlmqQNJpqkBiZKpAFlWqQN5sqkAxZapAX4+qQGNwqkB2XqpAJHWqQCSU
qkDQUKpAD1WqQKSSqkD7c6pAKWiqQAdvqkBam6pAnGGqQBR8qkDiXKpA8FiqQIlpqkB2a6pA
NE+qQNhxqkBQYqpAvEiqQG2DqkB6dqpAblaqQLVSqkBBrapA3l6qQFNqqkD+XKpAqFyqQFVz
qkD8bKpAxIaqQCFCqkCPjapAIlKqQGFQqkD/oKpA9muqQHdpqkBTbKpA1YeqQAFtqkD9YKpA
rISqQG9SqkDNZKpAVH2qQGGGqkDKW6pAGHKqQHiqqkAedqpAWE6qQM5rqkD+UqpAX3SqQFF+
qkA1Z6pAbG6qQOVnqkAkUapAjz6qQAR4qkAAZKpAZWKqQKtNqkAncqpApV+qQFiNqkDGYapA
P06qQK1aqkD2l6pAGGWqQFppqkDigapABzaqQPorqkCgdKpA8HeqQIRTqkA1gapADl6qQAdS
qkAyVqpAZGOqQIdDqkBYaKpAdYWqQP5pqkDhZapAzI+qQFQpqkDpgqpARIqqQME8qkDhV6pA
vUyqQPxyqkC3WqpAsGuqQF9wqkBoYqpAqHyqQLlhqkB4VqpA1l+qQMJnqkBIeqpABF2qQJla
qkBQRqpAnmmqQFxYqkCRXapAHWKqQKB4qkBYcKpAsUSqQNl+qkD/a6pAU3KqQJSIqkD9lqpA
aGuqQBxmqkC3eapAbjyqQPNvqkCFlKpAt3GqQDNqqkCSTKpAcD+qQLI0qkBbaapA9WeqQKdn
qkAEXqpA6mSqQDJjqkBkX6pAdomqQDVwqkCtaKpAWniqQKFbqkCGbapAI2eqQJxgqkAHfapA
L6SqQDJkqkB2XqpAJmCqQNZ2qkD2Z6pANTiqQMWIqkChQqpAm1WqQLFgqkDLUqpASj6qQJ5e
qkDBaapA/FiqQPNsqkDCRapAemmqQOqRqkAUZapAFVuqQE1dqkBgaapApXiqQPKXqkDSS6pA
zFyqQMZLqkDdZapAkkSqQONdqkBGVKpA3GuqQIJXqkDhjqpARmWqQOczqkBCRqpAH2eqQIZf
qkD8dqpAsnaqQGScqkBpb6pA42eqQCFKqkBMRKpAk1WqQMJ1qkC9VapAqpyqQOx8qkD+mapA
V2mqQPR2qkB6QapAg2GqQJhTqkAeWqpAQlmqQA+QqkD6TKpAg2SqQBB7qkC9aapA9UmqQLly
qkA6ZapAO0+qQJlsqkARYKpAeF+qQCqIqkDFf6pAtBKqQJBeqkAgkqpA9HCqQJtQqkC5lqpA
01uqQAReqkA9b6pAMmCqQDxKqkA5hKpA3nCqQJg7qkB6gKpAXGqqQERFqkDWZapANnWqQBNG
qkCoR6pAIJSqQCJKqkA/TKpAWWuqQD5uqkAVX6pAUo2qQM5bqkDKOapAX3WqQNdUqkAMRKpA
p0+qQOpZqkBNQqpAInqqQFdXqkDUYapAVGCqQAaFqkDhVapAC1qqQF9jqkBzbapAIHCqQOJP
qkCxoapAizmqQNUqqkBCfKpApXaqQHhMqkBycapAS1yqQJFFqkDGY6pATmOqQFEpqkCRiKpA
SXaqQEI5qkAveKpAy3GqQE91qkAPOKpAkEOqQLRdqkAPcapANFSqQN1CqkCyW6pATViqQDdp
qkAqLqpAsnSqQBhbqkBPX6pAIVqqQOZ9qkBKVqpA6lmqQMdjqkB5VapATFqqQLl4qkAEUKpA
FGCqQHBOqkB+P6pANCmqQG9dqkAoUapA6UaqQOuBqkCKcapASimqQDqlqkAPO6pA+x2qQC2H
qkBGbapAZ0aqQHBVqkBtN6pA2xmqQG5ZqkALcqpAIkSqQIhJqkDwnKpA7FKqQDRTqkAYdapA
lUmqQH8eqkDOfqpArVOqQBxFqkCLeqpADX2qQAU0qkC0TKpAOXOqQHhQqkDAM6pAWUSqQCNo
qkBjS6pA0maqQBdBqkByM6pADDGqQGRjqkBmO6pAo1eqQPVuqkCWP6pA7TiqQFJOqkBmY6pA
izaqQDpaqkD4ZKpAYUWqQMlaqkAJiKpAM0mqQGp3qkBoRapAgTuqQNJOqkCiaapAZjCqQJdw
qkAMhqpAQziqQA9AqkCBR6pABySqQONTqkAkTKpAiV2qQAszqkCbOKpA2WmqQJFAqkAYc6pA
c2CqQLBVqkAPW6pAbk2qQPwLqkCITKpAEpaqQFo5qkAON6pACHmqQCpjqkDkTqpA0WCqQDZt
qkATS6pAoSyqQHVFqkCGLKpAgjOqQPtbqkAFGKpAzxSqQHpRqkClPKpAR0CqQE96qkA7N6pA
B0iqQItiqkCMK6pAqlKqQDg2qkDrbKpAIleqQGZGqkAoT6pAdjmqQBxWqkCFWKpAWTyqQLE9
qkB3IKpAqDyqQC9uqkAGbqpAA0yqQJkfqkB3ZqpA8E6qQNFIqkDLg6pADWGqQNM0qkA6P6pA
22GqQFY2qkBqOKpAA0GqQIBSqkBxSqpA8DeqQB9wqkDeIapANVKqQKRLqkDpSapA5yCqQHle
qkBcQ6pAN1CqQLR4qkDmQapA9EKqQBY8qkB8LKpAvDeqQAJWqkBVPapAMUSqQMtaqkAARKpA
RjyqQAJPqkCdVapAMUeqQEYsqkAvXqpAqUqqQNU0qkDsZqpAU0KqQHs6qkBaQapACzeqQHdd
qkCbRKpAg02qQHk3qkBsTqpAgR+qQC9WqkCEQKpAgT+qQNBDqkA+UqpAD0OqQHpUqkDULKpA
116qQFkpqkAiUapAd1WqQPIYqkBrR6pARi+qQItgqkDfH6pAdXaqQN9WqkAMRKpAeWaqQNJS
qkBPF6pAnmeqQK0/qkD4N6pA4RyqQEdeqkD5MKpACTKqQDZvqkB0KKpAMiaqQMxUqkBcGqpA
u0mqQA1AqkBuV6pAHCOqQNgsqkAoQqpAoCCqQL0/qkDVMKpAmmaqQFsyqkCXVKpATjOqQLw1
qkAmQqpA0kSqQANJqkCkWKpA/B6qQGojqkDiRqpAXzaqQIVGqkBhRKpALj+qQMUvqkAEN6pA
SlKqQOk9qkAZKapAwzmqQLs2qkDMJKpA01+qQAw8qkBwMKpA70OqQOc5qkC8LqpAWVGqQKtP
qkC1TapAvUmqQE1IqkAFTapAezyqQA5QqkCxNqpADQmqQI9NqkBySapA1w6qQDhFqkCBNKpA
ezaqQPEhqkBZTqpAqEiqQEQoqkDXOKpAQxyqQM0HqkC/XapArz2qQCwxqkDqUKpAPmCqQLUk
qkDZT6pASB2qQJQOqkDIQ6pAVhSqQP4eqkANLapA1EKqQKM0qkAZKqpAti6qQIFAqkCfRqpA
eS2qQHtIqkDcNqpAnzuqQJYyqkDbKKpAimOqQCUvqkCTBKpAgyeqQFhWqkApMqpA7iuqQGA8
qkCiM6pAIjqqQKlpqkDIMqpA/PKpQIJaqkDnHKpAXhmqQCUuqkD6N6pA5D6qQGA3qkDYQ6pA
Ph6qQIZEqkA0KKpANROqQIQKqkA5QKpAlzOqQOf3qUCxOapA8kCqQJ8WqkBqd6pADVKqQMIz
qkAAEqpANRuqQGMfqkBAEapAkFGqQN4OqkA1EqpAmiWqQNYUqkBRPKpAE0eqQNVSqkBrHKpA
AxqqQN8pqkAcMKpA3DOqQJQgqkD/D6pAex6qQJpXqkCxEapAzSGqQA5AqkB8GapAjjSqQCw7
qkB0HapASv6pQL8uqkBCRKpA9QiqQLY2qkBILKpASTOqQF4UqkBmaKpAD/CpQDAhqkAQPKpA
3SKqQJwbqkBtG6pA/vypQL73qUBbSKpAAkSqQJAlqkBDJKpAD0WqQDkHqkD0MapA4EWqQCgP
qkAiSqpATT2qQMomqkBOC6pAP2GqQEdOqkCz96lAITqqQIgsqkDXD6pABiqqQMQwqkBJC6pA
2yOqQJ8mqkBC9KlA+jSqQBgrqkB4KqpAoBSqQP8uqkAyL6pAET2qQDw7qkBpOqpADv6pQDEf
qkDMLapAGBKqQNciqkDTO6pAB0qqQJ0TqkBlIqpA2ziqQJYvqkA7LKpAYAiqQGgkqkDqEKpA
CjKqQMAZqkBxJKpA+ROqQLYUqkCvEqpALRyqQDoGqkAXK6pASR+qQHvrqUBgVapADhiqQEAr
qkCYFKpA4CqqQIYbqkCo9qlAsz2qQGcWqkCBI6pA2yOqQP0zqkBM/alAMBGqQIr+qUBB+qlA
0y6qQDEiqkCsG6pA1wyqQLQ3qkA2IKpApPqpQMDyqUDv/KlAlAqqQJQvqkBGEapA7RGqQHwY
qkA2K6pA6i+qQJEfqkBvFapALfepQEYeqkA2A6pAXeKpQGUrqkC/NqpA9y6qQMwdqkCVJapA
ASyqQOECqkAH9qlASgKqQO0QqkDTN6pAoCGqQNXoqUBVKapAYQaqQJTaqUAmC6pAdRKqQDwO
qkDQBqpAPBaqQAgOqkCvHqpAUR2qQOwIqkA6GKpA1g2qQELvqUCx4qlAcAqqQLAEqkA6AKpA
DPOpQL8kqkAg/qlAAfSpQPs+qkD906lANO2pQFwLqkApHqpApsWpQOwrqkAPAapAud6pQHQY
qkBSB6pApPCpQCD5qUD/9qlA3t+pQDDPqUA8MqpAtwGqQE36qUAHH6pA5fOpQIkRqkCFGapA
UfOpQP7qqUBCE6pAGiuqQFgRqkD1NapATyCqQDH/qUBbI6pAdBqqQLruqUBBC6pAJiKqQFEU
qkCq/qlAlyeqQG4aqkDc66lAOOipQIgDqkDQ2KlAidypQFUgqkBZB6pAbxGqQEwcqkDK9alA
byGqQPwMqkBd6KlAigyqQFEtqkC886lASeSpQHn7qUDZDKpAaeqpQCQbqkA8C6pAtxuqQCr7
qUCHFapANA+qQFsOqkA3HqpA5P+pQEwXqkDy+qlAgdqpQPTjqUC6GKpAQ/upQHoAqkADCapA
Zw+qQGPUqUBf5KlA/weqQCAjqkBkFqpA+wyqQAb4qUB5E6pA1yaqQILwqUDxAKpAFvypQKT4
qUB16KlAcwWqQBILqkDc86lAOkCqQFASqkC4BKpA5f2pQOwHqkBb9alAlvKpQHcxqkCn1KlA
LRaqQHgNqkCk7KlAzO6pQF8kqkDtNKpA6/6pQFr0qUDr26lAoA2qQD3tqUBi/KlA4sGpQGMP
qkDWB6pA3fupQEj8qUB0FapA+u2pQEMBqkCS8alAufKpQF72qUANEapAeTKqQG23qUCjM6pA
YwmqQI7aqUAz76lA4+KpQBfuqUDj6KlAURCqQLPrqUDr0alAXQCqQDnqqUD8/KlAvB6qQLD/
qUD75qlAkv6pQGP9qUDL7alAhCGqQJYfqkBv0KlANu2pQHj9qUA4sqlAAuypQLjkqUARBKpA
NwGqQGn+qUCF/alAQ/KpQM8dqkDnFKpACPKpQD3mqUDF4qlAPvipQHjUqUDC/qlAMuypQCP+
qUBD3alAZeOpQOT8qUAM/KlAjvipQHfgqUCPHqpAzO6pQNz3qUBq/qlA+BeqQO72qUAD96lA
3NepQMTxqUCm6qlA6NupQOAEqkDN5alA0SiqQMXQqUDgvqlAzb2pQHDGqUCU0qlAfhCqQCf0
qUD3FKpAwP6pQLvlqUAOA6pAjtCpQLLtqUCU76lAeNupQIH1qUC74qlAgtqpQMfiqUCq5qlA
raqpQLYPqkC20alAyuipQKEAqkDA1qlAeuepQM3KqUCh/alAqNmpQPHQqUA7+alAIt6pQHIM
qkCT96lA/t+pQDLRqUCt86lACempQFbWqUCpHKpAL+mpQJ/VqUAA1qlAkwuqQLvbqUB756lA
vdupQFe/qUD666lAMwqqQBnvqUDR1KlAe8+pQDwSqkAy8KlAXt2pQG/jqUDp7alAz/upQDi3
qUCI2alAD9epQMj4qUApoqlAv9OpQKEUqkAQ2KlAi8upQObZqUCwAapA+OCpQJURqkCD0KlA
Gc6pQPgpqkB+66lA2AOqQJHoqUDM26lA7s+pQBDNqUA5+6lArM6pQD6+qUD1u6lAgPOpQPzb
qUBG/alA</AssayYData></Step><Step><CommonData><SampleLocation>5</SampleLocation><SampleID>Glycine</SampleID><SampleGroup></SampleGroup><SampleInfo></SampleInfo><SampleRow>B</SampleRow><SamplePlate>1</SamplePlate><WellType>REGENERATION</WellType><Concentration>-1</Concentration><ConcentrationUnits>µg/ml</ConcentrationUnits><MolarConcentration>-1</MolarConcentration><MolarConcUnits>nM</MolarConcUnits><MolecularWeight>0</MolecularWeight><Temperature>30</Temperature><StartTime>1721937</StartTime><AssayTime>5</AssayTime></CommonData><FlowRate>1000</FlowRate><StepType>KREGENERATION</StepType><StepName>Regeneration</StepName><StepStatus>OK</StepStatus><ActualTime>5.00005</ActualTime><CycleTime>0.2</CycleTime><AssayXData Points="25">MIC7RJaGu0QFjbtEY5O7RMqZu0Q4oLtEn6a7RP2su0Rjs7tEyrm7RDjAu0SWxrtE/cy7RGPT
u0TK2btEMOC7RJ/mu0QF7btEa/O7RNr5u0QwALxEnwa8RAUNvERjE7xEyhm8RA==</AssayXData><AssayYData Points="25">v4bPPfZV5DtEND69e+a1vWNz/r0bBB++wlc+vmeAXL4DjHa+/EGGvifPlL6coKC+6p+qvk/s
tr4Vdb2+MnjHvknf0L7yPde+58rbvtdj57468eq++O/yvj1E+b5nC/++38r/vg==</AssayYData></Step><Step><CommonData><SampleLocation>6</SampleLocation><SampleID>PBS</SampleID><SampleGroup></SampleGroup><SampleInfo></SampleInfo><SampleRow>B</SampleRow><SamplePlate>1</SamplePlate><WellType>NEUTRALIZATION</WellType><Concentration>-1</Concentration><ConcentrationUnits>µg/ml</ConcentrationUnits><MolarConcentration>-1</MolarConcentration><MolarConcUnits>nM</MolarConcUnits><MolecularWeight>0</MolecularWeight><Temperature>30</Temperature><StartTime>1735182</StartTime><AssayTime>5</AssayTime></CommonData><FlowRate>1000</FlowRate><StepType>KREGENERATION</StepType><StepName>Regeneration</StepName><StepStatus>OK</StepStatus><ActualTime>5.00103</ActualTime><CycleTime>0.2</CycleTime><AssayXData Points="25">MCC8RJYmvEQFLbxEazO8RMo5vEQwQLxElka8RAVNvERjU7xEylm8RDBgvESfZrxEBW28RGtz
vETSebxEMIC8RJ+GvET9jLxEY5O8RMqZvEQ4oLxElqa8RP2svERjs7xE0rm8RA==</AssayXData><AssayYData Points="25">G1BUQG3IVUCEeVZAgXZXQDNOWECU+1hAsxdZQNGyWUBxFVpA1f9ZQOK1WkAlEFtA30VbQNak
W0B9o1tAOuVbQGBJXEDEdlxACJJcQP3kXEDPA11AqiNdQJEMXUCXkF1AUW9dQA==</AssayYData></Step><Step><CommonData><SampleLocation>5</SampleLocation><SampleID>Glycine</SampleID><SampleGroup></SampleGroup><SampleInfo></SampleInfo><SampleRow>B</SampleRow><SamplePlate>1</SamplePlate><WellType>REGENERATION</WellType><Concentration>-1</Concentration><ConcentrationUnits>µg/ml</ConcentrationUnits><MolarConcentration>-1</MolarConcentration><MolarConcUnits>nM</MolarConcUnits><MolecularWeight>0</MolecularWeight><Temperature>30</Temperature><StartTime>1748424</StartTime><AssayTime>5</AssayTime></CommonData><FlowRate>1000</FlowRate><StepType>KREGENERATION</StepType><StepName>Regeneration</StepName><StepStatus>OK</StepStatus><ActualTime>5.00005</ActualTime><CycleTime>0.2</CycleTime><AssayXData Points="25">OMC8RErHvEQFzbxEc9O8RNLZvERA4LxEp+a8RAXtvERz87xE2vm8RDgAvUSnBr1EDQ29RGsT
vUTSGb1EOCC9RJ4mvUQNLb1EazO9RNI5vUQ4QL1Ep0a9RAVNvURrU71E0lm9RA==</AssayXData><AssayYData Points="25">DpaJviV8r75avMC+PPnQvqBs3L5yeee+x/LvvqIM+b4xHf6+htwAvxmJBb8hFwe/vMIIv5su
DL/+Iw+/uB8Pv5dREr/bexW/O6gVv6ARF7+n/Bm/CKcav6hzG7/Clh2/pbAevw==</AssayYData></Step><Step><CommonData><SampleLocation>6</SampleLocation><SampleID>PBS</SampleID><SampleGroup></SampleGroup><SampleInfo></SampleInfo><SampleRow>B</SampleRow><SamplePlate>1</SamplePlate><WellType>NEUTRALIZATION</WellType><Concentration>-1</Concentration><ConcentrationUnits>µg/ml</ConcentrationUnits><MolarConcentration>-1</MolarConcentration><MolarConcUnits>nM</MolarConcUnits><MolecularWeight>0</MolecularWeight><Temperature>30</Temperature><StartTime>1761518</StartTime><AssayTime>5</AssayTime></CommonData><FlowRate>1000</FlowRate><StepType>KREGENERATION</StepType><StepName>Regeneration</StepName><StepStatus>OK</StepStatus><ActualTime>5.00005</ActualTime><CycleTime>0.2</CycleTime><AssayXData Points="25">OWC9RJ9mvUQObb1EdHO9RNN5vURBgL1En4a9RA6NvURsk71E25m9RDmgvUSfpr1EBq29RGyz
vUTTub1EQcC9RJ/GvUQGzb1EbNO9RNvZvUQ54L1EqOa9RA7tvURs871E0/m9RA==</AssayXData><AssayYData Points="25">j5JRQKmmUkDI01NAnXNUQFtcVUBD/FVA2pFWQHdmVkAAMFdATZJXQMfhV0BrQFhAtsRYQOXA
WEC571hAaUxZQA+wWUACjFlAlrhZQJr0WUCN/VlAImBaQGmfWkAtg1pABIVaQA==</AssayYData></Step><Step><CommonData><SampleLocation>5</SampleLocation><SampleID>Glycine</SampleID><SampleGroup></SampleGroup><SampleInfo></SampleInfo><SampleRow>B</SampleRow><SamplePlate>1</SamplePlate><WellType>REGENERATION</WellType><Concentration>-1</Concentration><ConcentrationUnits>µg/ml</ConcentrationUnits><MolarConcentration>-1</MolarConcentration><MolarConcUnits>nM</MolarConcUnits><MolecularWeight>0</MolecularWeight><Temperature>30</Temperature><StartTime>1774771</StartTime><AssayTime>5</AssayTime></CommonData><FlowRate>1000</FlowRate><StepType>KREGENERATION</StepType><StepName>Regeneration</StepName><StepStatus>OK</StepStatus><ActualTime>5.00103</ActualTime><CycleTime>0.2</CycleTime><AssayXData Points="25">OQC+RJ8GvkQGDb5EdBO+RNMZvkQ5IL5Enya+RA4tvkR0M75E2zm+REFAvkSfRr5EBk2+RHRT
vkTTWb5EOWC+RJ9mvkQObb5EdHO+RNt5vkRBgL5En4a+RA6NvkRsk75E25m+RA==</AssayXData><AssayYData Points="25">dQWlvvRuwr7e1tW+2WrhvjVu7L6v7fe+QVP+vsCYAr8T2AO/AIMIv5P7CL/bkQy/JYUNv/XP
D78nHBK/zrESv/ApFb/zIxa/gXQZv2TSGL+BORm/cUYbv6LTHL9bqRy/fukevw==</AssayYData></Step><Step><CommonData><SampleLocation>6</SampleLocation><SampleID>PBS</SampleID><SampleGroup></SampleGroup><SampleInfo></SampleInfo><SampleRow>B</SampleRow><SamplePlate>1</SamplePlate><WellType>NEUTRALIZATION</WellType><Concentration>-1</Concentration><ConcentrationUnits>µg/ml</ConcentrationUnits><MolarConcentration>-1</MolarConcentration><MolarConcUnits>nM</MolarConcUnits><MolecularWeight>0</MolecularWeight><Temperature>30</Temperature><StartTime>1788047</StartTime><AssayTime>5</AssayTime></CommonData><FlowRate>1000</FlowRate><StepType>KREGENERATION</StepType><StepName>Regeneration</StepName><StepStatus>OK</StepStatus><ActualTime>5.00103</ActualTime><CycleTime>0.2</CycleTime><AssayXData Points="25">QqC+RLGmvkQXrb5EfbO+RNy5vkRKwL5EqMa+RA/NvkR9075E5Nm+RErgvkSo5r5ED+2+RHXz
vkTc+b5ESgC/RLEGv0QXDb9EdRO/RNwZv0RCIL9EqCa/RBctv0R1M79E5Dm/RA==</AssayXData><AssayYData Points="25">wVVSQAurU0Bsl1RAY0RVQNt+VkAMQVdAmalXQAL0V0DJVFhAJcJYQJEcWUCTj1lA/4tZQKXw
WUBpSVpAxTdaQDGjWkCDv1pA9x9bQJYLW0A4eltAx7ZbQBVpW0Bqx1tAH9JbQA==</AssayYData></Step><Step><CommonData><SampleLocation>1</SampleLocation><SampleID>Octet Buffer</SampleID><SampleGroup></SampleGroup><SampleInfo></SampleInfo><SampleRow>A</SampleRow><SamplePlate>1</SamplePlate><WellType>BUFFER</WellType><Concentration>-1</Concentration><ConcentrationUnits>µg/ml</ConcentrationUnits><MolarConcentration>-1</MolarConcentration><MolarConcUnits>nM</MolarConcUnits><MolecularWeight>0</MolecularWeight><Temperature>30</Temperature><StartTime>1802297</StartTime><AssayTime>20</AssayTime></CommonData><FlowRate>1000</FlowRate><StepType>CUSTOM</StepType><StepName>Sensor Check</StepName><StepStatus>OK</StepStatus><ActualTime>20.001</ActualTime><CycleTime>0.2</CycleTime><AssayXData Points="100">SkC/RLBGv0QfTb9EhVO/RORZv0RKYL9EsGa/RB9tv0R9c79E5Hm/REqAv0S5hr9EF42/RH2T
v0Tkmb9ESqC/RLmmv0QXrb9EhbO/ROS5v0RKwL9Euca/RB/Nv0R9079E7Nm/RErgv0Sw5r9E
F+2/RIXzv0Tk+b9ESgDARLkGwEQXDcBEfRPAROwZwERSIMBEsCbARBctwESFM8BE5DnAREpA
wESwRsBEF03ARH1TwETkWcBESmDARLBmwEQXbcBEfXPAROx5wERSgMBEsIbARB+NwER9k8BE
5JnAREqgwESwpsBEH63ARH2zwETsucBEUsDARLDGwEQfzcBEhdPAROTZwERK4MBEsObARBft
wESF88BE5PnAREoAwUS5BsFEFw3BRIUTwUTkGcFESiDBRLAmwUQfLcFEhTPBROw5wURSQMFE
uUbBRBdNwUSFU8FE5FnBREpgwUS5ZsFEF23BRIVzwUTkecFESoDBRLmGwUQfjcFEfZPBROSZ
wURSoMFEuabBRB+twUR9s8FE7LnBRA==</AssayXData><AssayYData Points="100">PVZRQJs1T0BOxkxAd/dLQLlJS0Dqb0pAPWtKQPOCSkB2ikpAxG9KQAFISkBTdkpAavZKQHgy
S0CaSktAilFLQAy3S0DC1UtAxahLQJ6dS0AyUUxA1zZMQCdnTEA3kUxAWIlMQEbVTEBWu0xA
yJNMQJ3wTEDDK01A0BBNQIsJTUDckk1AyrRNQMZtTUDHjE1AlY1NQNmpTUBu601A0G9OQOka
TkChTE5AxR1OQLMwTkDH501A1UVOQL5FTkB/g05ATTtOQBueTkCtuE5A6spOQIyzTkAnhU5A
2K9OQMbsTkD89k5AAQRPQHdJT0B7SE9AUdJOQESlT0DUM09AXClPQGFmT0CaT09AHW5PQEqy
T0CjfE9AtJ9PQE3gT0D3q09A/X1PQK6nT0DA9k9A+vNPQHbIT0D5RVBACgtQQEHxT0DBB1BA
DBNQQA9/UEAuhVBANi9QQAsvUECHo1BAIV5QQOI6UEClMFBAgKpQQLD6T0DoblBAlONQQMla
UEBWeFBA/PVQQHurUEAxdFBA07lQQA==</AssayYData></Step><Step><CommonData><SampleLocation>9</SampleLocation><SampleID>SI-157C15_P5235</SampleID><SampleGroup></SampleGroup><SampleInfo></SampleInfo><SampleRow>A</SampleRow><SamplePlate>1</SamplePlate><WellType>KLOAD</WellType><Concentration>5</Concentration><ConcentrationUnits>µg/ml</ConcentrationUnits><MolarConcentration>5000</MolarConcentration><MolarConcUnits>nM</MolarConcUnits><MolecularWeight>0</MolecularWeight><Temperature>30</Temperature><StartTime>1831778</StartTime><AssayTime>120</AssayTime></CommonData><FlowRate>1000</FlowRate><StepType>LOADING</StepType><StepName>Loading</StepName><StepStatus>OK</StepStatus><ActualTime>120.001</ActualTime><CycleTime>0.2</CycleTime><AssayXData Points="600">UsDBRLjGwUQfzcFEjdPBROzZwURa4MFEuObBRCftwUSN88FE7PnBRFIAwkS4BsJEHw3CRI0T
wkTsGcJEUiDCRLgmwkQfLcJEjTPCROw5wkRSQMJEuEbCRB9NwkSNU8JE7FnCRFpgwkTBZsJE
J23CRI1zwkTsecJEWoDCRLiGwkQnjcJEhZPCROyZwkRSoMJEuKbCRB+twkSFs8JE9LnCRFrA
wkS4xsJEH83CRI3TwkT02cJEUuDCRLjmwkQn7cJEjfPCROz5wkRSAMNEuAbDRB8Nw0SNE8NE
9BnDRFIgw0S4JsNEJy3DRIUzw0TsOcNEUkDDRMFGw0QfTcNEjVPDROxZw0RSYMNEwWbDRB9t
w0SNc8NE9HnDRFqAw0TBhsNEH43DRI2Tw0TsmcNEUqDDRLimw0QnrcNEhbPDROy5w0RSwMNE
wcbDRCfNw0SF08NEANzDRBfhw0TB5sNEH+3DRIXzw0Ts+cNEUgDERLgGxEQfDcREhRPERPQZ
xERSIMREuCbERCctxESFM8RE7DnERFJAxES4RsREH03ERI1TxETsWcREUmDERLhmxEQfbcRE
hXPEROx5xERSgMREwYbERB+NxESNk8RE9JnERFqgxES4psREJ63ERIWzxETsucREWsDERLjG
xEQfzcREjdPEROzZxERS4MREuObERB/txESN88RE7PnERFoAxUS4BsVEHw3FRIUTxUT0GcVE
UiDFRMEmxUQfLcVEhTPFROw5xURSQMVEuEbFRCdNxUSFU8VE7FnFRFpgxUTBZsVEH23FRI1z
xUTsecVEUoDFRLiGxUQfjcVEhZPFROyZxURSoMVEuKbFRB+txUSNs8VE9LnFRFLAxUTJxsVE
H83FRI3TxUT02cVEWuDFRMHmxUQf7cVEjfPFRPT5xURSAMZEuAbGRB8NxkSFE8ZE9BnGRFog
xkS4JsZEHy3GRIUzxkTsOcZEUkDGRLhGxkQnTcZEhVPGRDFcxkRQYcZEuGbGRCdtxkSFc8ZE
9HnGRFKAxkS4hsZEH43GRI2TxkTsmcZEUqDGRLimxkQfrcZEhbPGROy5xkRSwMZEuMbGRB/N
xkSN08ZE7NnGRFLgxkTB5sZEJ+3GRI3zxkTs+cZEWgDHRLgGx0QnDcdEhRPHRPQZx0RSIMdE
uCbHRB8tx0SFM8dE7DnHRFJAx0TBRsdEH03HRI1Tx0TsWcdEWmDHRLhmx0QnbcdEjXPHRPR5
x0RSgMdEuIbHRCeNx0SNk8dE9JnHRFKgx0TBpsdEH63HRI2zx0T0ucdEUsDHRLjGx0QnzcdE
hdPHROzZx0Ra4MdEuObHRB/tx0SF88dE7PnHRFIAyETBBshEJw3IRIUTyETsGchEWiDIRLgm
yEQfLchEhTPIROw5yERSQMhEwUbIRCdNyESFU8hE7FnIRFJgyES4ZshEH23IRIVzyETsechE
WoDIRMGGyEQfjchEhZPIROyZyERSoMhEwabIRB+tyESFs8hE7LnIRFrAyETBxshEJ83IRI3T
yESF28hEtODIRLjmyEQn7chEhfPIRPz5yERSAMlEuAbJRCcNyUSFE8lE9BnJRFogyUS4JslE
Jy3JRI0zyUTsOclEWkDJRLhGyUQnTclEhVPJRPRZyURSYMlEuGbJRB9tyUSFc8lE9HnJRFKA
yUS4hslEJ43JRIWTyUT0mclEWqDJRLimyUQnrclEhbPJRPS5yURSwMlEwcbJRB/NyUSF08lE
7NnJRFLgyUS45slEJ+3JRIXzyUTs+clEUgDKRLgGykQfDcpEhRPKRPQZykRSIMpEuCbKRB8t
ykSNM8pE7DnKRFpAykTBRspEJ03KRIVTykT0WcpEWmDKRMFmykQfbcpEjXPKROx5ykRSgMpE
wYbKRB+NykSFk8pE7JnKRFKgykS4pspEH63KRIWzykTsucpEUsDKRMHGykQnzcpEjdPKRPTZ
ykRS4MpEuObKRB/tykSF88pE7PnKRFIAy0S4BstEJw3LRIUTy0TsGctEUiDLRMEmy0QfLctE
hTPLROw5y0RSQMtEyUbLRCdNy0SNU8tEEFzLRCdhy0S4ZstEH23LRI1zy0TsectEUoDLRLiG
y0QfjctEhZPLRPSZy0RSoMtEuKbLRB+ty0SNs8tE7LnLRFLAy0S4xstEJ83LRIXTy0T02ctE
UuDLRLjmy0Qn7ctEjfPLRPT5y0RaAMxEwQbMRB8NzESNE8xE7BnMRFogzES4JsxEJy3MRIUz
zETsOcxEWkDMRLhGzEQnTcxEhVPMRPxZzERSYMxEuGbMRCdtzESFc8xE7HnMRFKAzES4hsxE
H43MRIWTzETsmcxEWqDMRLimzEQnrcxEhbPMROy5zERSwMxEuMbMRB/NzESF08xE9NnMRFrg
zETB5sxEH+3MRIXzzETs+cxEUgDNRLgGzUQnDc1EhRPNRPQZzURaIM1EuCbNRCctzUSNM81E
7DnNRFpAzUS4Rs1EJ03NRIVTzUTsWc1EUmDNRLhmzUQfbc1EhXPNRPR5zURagM1EwYbNRB+N
zUSFk81E7JnNRFqgzUS4ps1EH63NRIWzzUT0uc1EUsDNRLjGzUQfzc1EhdPNRL/bzUTd4M1E
uObNRCftzUSN881E9PnNRFoAzkS4Bs5EHw3ORIUTzkT0Gc5EWiDORMEmzkQnLc5EjTPOROw5
zkRSQM5EwUbORB9NzkSFU85E7FnORFJgzkS4Zs5EJ23ORIVzzkTsec5EWoDORLiGzkQnjc5E
jZPOROyZzkRSoM5EwabORB+tzkSFs85E9LnORFLAzkS4xs5EH83ORIXTzkTs2c5EUuDORMHm
zkQn7c5EhfPORPT5zkRSAM9EwQbPRB8Nz0SNE89E7BnPRFogz0S4Js9EHy3PRI0zz0TsOc9E
UkDPRMFGz0QfTc9EhVPPROxZz0RSYM9EwWbPRB9tz0SFc89E7HnPRFqAz0S4hs9EH43PRIWT
z0T0mc9EUqDPRLimz0Qfrc9EhbPPROy5z0RSwM9EwcbPRB/Nz0SN089E7NnPRFLgz0S45s9E
H+3PRIXzz0Ts+c9EUgDQRLgG0EQfDdBEhRPQRPQZ0ERSINBEuCbQRCct0ESNM9BE9DnQRFJA
0ES4RtBEH03QRIVT0ERkW9BEg2DQRLhm0EQnbdBEhXPQRPR50ERagNBEuIbQRB+N0ESFk9BE
7JnQRFqg0ETBptBEH63QRI2z0ET0udBE</AssayXData><AssayYData Points="600">JNBPQNPaUEC/91FAKNtSQH+BU0AMRlRAGQJVQJ+oVUBRblZA/BlXQCO8V0Bdl1hArCdZQHuu
WUArgVpA7ZRbQObwW0AKElxAPFJdQKvRXUAafl5AP0VfQEDWX0Adj2BApmZhQA2pYUBc7GFA
vAdjQChCY0BOWWRAxMBkQEolZUBxOGZAk4dmQGY3Z0B0I2hA6XVoQCAJaUAvlmlAGhtqQKLt
akBeNGtAeAlsQPWIbEC3I21ApYJtQAb3bUDHo25AafZuQCl5b0DiX3BA3ctwQMc8cUDHGHJA
tlxyQB75ckCMj3NAKONzQAs9dEB/y3RAFnh1QPcOdkDVHHZA2fN2QJobd0CFDHhAQWF4QGrl
eEAnOnlAlKJ5QCz5eUCVI3pAeMZ6QJo4e0BT33tAMzp8QGVkfEDfCH1Ax2p9QPL/fUDXIn5A
qtZ+QHjyfkB/W39AfA+AQIwMgEA3MIBAa3aAQOyxgEBev4BAWP2AQGAogUBXXoFAcl6BQLuW
gUBk5IFAi++BQN1KgkBlWIJARIKCQOmzgkDP04JAaCODQB87g0A3U4NAanKDQJirg0AF0INA
TwKEQEEehEAuUYRAYIOEQBNOhEAokoRAMt+EQB0AhUB/JIVA0VKFQNNbhUCJcoVAxcOFQJ7K
hUBBIYZAORuGQCokhkAPSYZAWZGGQDNbhkAan4ZAmMqGQJEJh0CY6oZA/ReHQOQgh0AFWIdA
xXOHQDmah0AyrYdA3sSHQCP8h0D3BYhAFvCHQII8iECmZ4hAEGmIQOGSiEClqohAqfCIQATt
iEDU4ohApS+JQMwliUBQf4lAgEyJQLuJiUCoxYlA+dWJQJHJiUA10IlAGhmKQB4likBRNIpA
J0+KQKswikBvdopA2IuKQGWeikDUt4pALMSKQCT0ikCp/IpATzGLQN38ikBnDYtA7WyLQDdn
i0AogYtAdLaLQH+xi0B9potAs+aLQJjXi0Ch74tA/CaMQJwvjEA0M4xA/CyMQPhXjEDeboxA
D2aMQIHAjEAjsIxAw6mMQFrijEDR9YxAFf2MQJoGjUAzMI1ACS+NQGY/jUA3X41ATnONQHOq
jUAuo41AuqONQOi2jUC14o1AJPuNQMrhjUDf/o1ATgWOQCopjkAhJ45ACneOQCROjkBRho5A
eYmOQA+cjkASlo5AltCOQDXIjkCKsY5A/w6PQNLmjkBG+Y5AMAyPQDhEj0CzOo9A+SCPQBNe
j0D5Uo9AuHqPQN5vj0CBno9AYbOPQLy2j0C9mI9AHdKPQIbrj0Bc3I9AdxGQQNzpj0DRFZBA
GBSQQIA0kEAnV5BAaEOQQHyHkEB2epBAEIuQQGWlkEBbrpBAfcOQQJbekECR2JBAxdWQQC7h
kEC0ApFAh/+QQJkQkUAZSJFAsymRQO01kUCrTZFA0FCRQPlnkUAAhZFAnZeRQE2nkUCNW5FA
39qRQKixkUC515FAu/yRQOLlkUBN85FAuwaSQH8HkkCo55FAtv+RQPA5kkA+RZJAA0iSQM98
kkBAYpJAU3KSQOK2kkAdiJJAXZuSQFe7kkA3x5JAubiSQNnSkkBc3pJA2bySQKkkk0BUIpNA
vQWTQCQsk0BKNpNAPQWTQGo/k0BTLZNA9D2TQKVRk0DIZ5NAFF6TQHdtk0DVqZNA15uTQA6w
k0ACvJNAMrqTQBTxk0Dx45NAPP6TQBLRk0CK1JNAjQmUQBoHlEBQE5RAPTSUQNYSlEDjYJRA
OlGUQO5OlECvT5RAM4iUQNOglEDefpRAvq2UQIWvlEAvopRAMY2UQGDolEAqvZRAWPmUQEnP
lECcz5RAkBWVQCEJlUCd5JRAdgKVQN0xlUDCP5VA5i+VQHhOlUCuYZVAkA6VQNlrlUCcZJVA
Nm2VQG9alUAWeJVAz3uVQJeYlUBinZVAcO+VQNi1lUAbzpVA7dKVQK3FlUAj6JVAYuaVQIzM
lUDU7ZVAcQ2WQBgSlkCdKZZAFmOWQFgslkALZpZAsE2WQPxSlkAaZ5ZACG2WQLxmlkBMdZZA
UpKWQHGIlkCilZZAM4uWQEWRlkBcq5ZACcaWQFfDlkALw5ZAtMWWQBsUl0CNCpdAPQeXQJ/8
lkCV+pZAJR6XQJEll0AhLJdABRqXQDVGl0CuO5dA4UGXQNxPl0CrX5dAb0uXQKFtl0D7ZpdA
l2SXQHd9l0AKvJdAioOXQBlcl0BRtZdAEcGXQIjTl0C03ZdAdsiXQCbel0B17JdA+feXQIQh
mEDK0JdAIPuXQHcVmECd5ZdAwkGYQAwQmED7MphA9kSYQMpimEATWJhA9kSYQEdcmEDmTJhA
14qYQPR1mEARiZhA6YqYQMN8mEDXd5hApLSYQFqbmEBaoJhAn9GYQAbWmEAVvZhARriYQOTQ
mEAt4phAoPGYQAEamUD26ZhAohuZQDcmmUABE5lAAh6ZQMU3mUD6OplAoDeZQGRKmUDdPZlA
xkqZQAtvmUA4hJlAHZmZQHVqmUBab5lAMVCZQHySmUC6m5lAcZOZQOGcmUAnt5lAy5yZQO6s
mUCOwJlArbCZQDarmUBTn5lAeeuZQMLrmUBk8plAGfiZQGLhmUDUEJpAjgKaQFgpmkBvO5pA
YiOaQOUImkBVHZpA0mGaQK86mkBDRppAHj+aQAc6mkDrYJpAkmiaQHN5mkAMX5pAkUyaQHOO
mkBKfJpALYqaQCWImkB30ZpAxYSaQCCymkBgoppAqteaQOvXmkDhBJtAjNyaQMT0mkBT5ppA
YeKaQDrvmkAP65pA6+qaQHQMm0CfJZtAriabQGUom0B0GJtAZiqbQGQfm0BKZptAxGebQMw1
m0AqWZtAJm2bQNh2m0DUZptASHybQL5cm0B1hJtAn6ybQP+Nm0DsnptAMq+bQBWnm0A0sZtA
bM+bQOu5m0B/yZtAWbebQFjpm0CZ8ZtA3OSbQKLhm0D8zptAnNObQPL+m0C14ZtAdeGbQAXh
m0DEBJxANCGcQNUZnECBFZxAFimcQEIpnECPWZxAD0ScQLw6nEDOjZxAIVKcQCYmnEABhpxA
J5GcQMiWnEBThZxAfmGcQJFznEDbfZxARbScQAyLnEAJs5xAZ5GcQP+nnEDs9pxAr7acQJaf
nEAt7ZxAvNWcQMj+nECAAp1AGPucQJUEnUDm75xA+gqdQBD1nEBQA51ApPqcQNMQnUAKF51A
ryudQBMMnUDRHJ1AmDSdQIkunUCGIJ1A</AssayYData></Step><Step><CommonData><SampleLocation>1</SampleLocation><SampleID>Octet Buffer</SampleID><SampleGroup></SampleGroup><SampleInfo></SampleInfo><SampleRow>A</SampleRow><SamplePlate>1</SamplePlate><WellType>BUFFER</WellType><Concentration>-1</Concentration><ConcentrationUnits>µg/ml</ConcentrationUnits><MolarConcentration>-1</MolarConcentration><MolarConcUnits>nM</MolarConcUnits><MolecularWeight>0</MolecularWeight><Temperature>30</Temperature><StartTime>1961362</StartTime><AssayTime>100</AssayTime></CommonData><FlowRate>1000</FlowRate><StepType>BASELINE</StepType><StepName>Baseline</StepName><StepStatus>OK</StepStatus><ActualTime>100</ActualTime><CycleTime>0.2</CycleTime><AssayXData Points="500">W8DQRMHG0EQozdBEjtPQRPXZ0ERj4NBEwebQRDDt0ESO89BE/fnQRGMA0UTBBtFEKA3RRJYT
0UT1GdFEWyDRRMEm0UQoLdFEjjPRRPU50URjQNFEykbRRDBN0USOU9FE/VnRRFtg0UTBZtFE
KG3RRI5z0UT1edFEW4DRRMGG0UQwjdFEjpPRRPWZ0URjoNFEwabRRCit0USOs9FE/bnRRFvA
0UTKxtFEMM3RRI7T0UT92dFEY+DRRMrm0UQw7dFEjvPRRPX50URjANJEwQbSRCgN0kSWE9JE
/RnSRGMg0kTBJtJEMC3SRI4z0kT9OdJEW0DSRMpG0kQoTdJEjlPSRP1Z0kRbYNJEwWbSRCht
0kSOc9JE9XnSRFuA0kTKhtJEKI3SRI6T0kT9mdJEW6DSRMGm0kQordJEjrPSRPW50kRbwNJE
ysbSRCjN0kSW09JE9dnSRFvg0kTB5tJEKO3SRI7z0kT1+dJEYwDTRMEG00QwDdNEjhPTRPUZ
00RjINNEyibTRCgt00SOM9NE9TnTRFtA00TKRtNEME3TRI5T00T1WdNEY2DTRMFm00QobdNE
jnPTRP1500RrgNNEwYbTRCiN00SOk9NE/ZnTRFug00TBptNEKK3TRI6z00T1udNEW8DTRMrG
00QozdNEltPTRPXZ00Rj4NNEyubTRCjt00SO89NE9fnTRGMA1ETBBtREKA3URI4T1ET1GdRE
YyDURMom1EQwLdREjjPURP051ERjQNREykbURChN1ESOU9RE/VnURGNg1ETBZtREMG3URI5z
1ET1edREW4DURMqG1EQojdRElpPURPWZ1ERboNREwabURCit1ESWs9RE9bnURGPA1ETKxtRE
KM3URI7T1ET12dREW+DURMrm1EQo7dRElvPURPX51ERjANVEygbVRCgN1USWE9VE9RnVRFsg
1UTBJtVEMC3VRJYz1UT9OdVEW0DVRMpG1UQwTdVEllPVRPVZ1URbYNVEymbVRDBt1USOc9VE
9XnVRFuA1UTKhtVEMI3VRI6T1UT1mdVEW6DVRMGm1UQwrdVEjrPVRPW51URjwNVEwcbVRCjN
1USW09VE9dnVRFvg1UTK5tVEKO3VRI7z1UT1+dVEWwDWRMoG1kQoDdZEjhPWRPUZ1kRbINZE
wSbWRCgt1kSOM9ZE9TnWRFtA1kTBRtZEME3WRI5T1kT9WdZEY2DWRMpm1kQobdZElnPWRPV5
1kRjgNZEyobWRCiN1kSOk9ZE9ZnWRFug1kTBptZEKK3WRI6z1kT9udZEW8DWRMHG1kQwzdZE
jtPWRP3Z1kRb4NZEwebWRCjt1kSW89ZE9fnWRFsA10TBBtdEKA3XRJYT10T1GddEYyDXRMom
10QoLddEETTXRPU510RbQNdEykbXRDBN10SWU9dE9VnXRFtg10TKZtdEKG3XRJZz10T1eddE
W4DXRMqG10QwjddEjpPXRPWZ10RboNdEwabXRCit10SOs9dE/bnXRFvA10TBxtdEMM3XRJbT
10T12ddEY+DXRMHm10Qo7ddElvPXRPX510RbANhEwQbYRCgN2ESOE9hE9RnYRFsg2ETBJthE
MC3YRI4z2ET1OdhEY0DYRMFG2EQoTdhEjlPYRPVZ2ERbYNhEymbYRCht2ESOc9hEBXrYRFuA
2ETBhthEMI3YRJaT2ET1mdhEW6DYRMqm2EQwrdhElrPYRPW52ERbwNhEwcbYRCjN2ESW09hE
9dnYRFvg2ETK5thEKO3YRJbz2ET1+dhEWwDZRMoG2UQoDdlElhPZRPUZ2URjINlEwSbZRDAt
2USOM9lE9TnZRGNA2UTBRtlEKE3ZRI5T2UT1WdlEW2DZRMFm2UQwbdlElnPZRPV52URbgNlE
wYbZRCiN2USWk9lE9ZnZRFug2UTKptlEKK3ZRJaz2UT1udlEY8DZRNLG2UQozdlEjtPZRP3Z
2URb4NlEyubZRCjt2USO89lE/fnZRFsA2kTBBtpEKA3aRI4T2kT1GdpEWyDaRMom2kQoLdpE
jjPaRPU52kRbQNpEykbaRChN2kSOU9pE/VnaRGNg2kTBZtpEMG3aRI5z2kT1edpEY4DaRMqG
2kQojdpEjpPaRPWZ2kRboNpEwabaRDCt2kSOs9pE/bnaRGPA2kTKxtpEMM3aRI7T2kT92dpE
W+DaRMHm2kQo7dpEjvPaRP352kRjANtEwQbbRCgN20SOE9tE9RnbRFsg20TKJttEMC3bRI4z
20T9OdtEY0DbRMFG20QoTdtEjlPbRP1Z20RjYNtEymbbRCht20SWc9tE/XnbRFuA20TBhttE
MI3bRI6T20T9mdtEY6DbRMGm20QwrdtEjrPbRPW520RbwNtEysbbRCjN20SW09tE9dnbRFvg
20TB5ttEKO3bRJbz20T1+dtEYwDcRMEG3EQoDdxElhPcRPUZ3ERbINxEwSbcRCgt3ESWM9xE
/TncRGNA3ETBRtxEME3cRI5T3ET1WdxEY2DcRMFm3EQobdxElnPcRAV63ERbgNxEwYbcRCiN
3ESWk9xE9ZncRGOg3ETBptxEKK3cRJaz3ET1udxEW8DcRMrG3EQozdxEjtPcRPXZ3ERb4NxE
webcRDDt3ESO89xE/fncRGMA3UTKBt1EKA3dRI4T3UT9Gd1EYyDdRMEm3UQoLd1EjjPdRPU5
3UQ=</AssayXData><AssayYData Points="500">tnedQMfjnUCH1J1AMeydQK0knkANBZ5AxfCdQP/8nUA1Wp5AvOmdQN47nkBHE55AXS+eQH4h
nkD2K55A1Q6eQNQOnkApBZ5AtB+eQBoSnkBe/p1A72ieQMo2nkDBGZ5A7jieQPIznkBnHZ5A
8RyeQMMgnkBnQ55ALFeeQJ9AnkDBPp5AwDKeQAJRnkAyH55A7zOeQEAknkDBKJ5Aji+eQMNX
nkAKFp5AbROeQIMxnkAQOZ5AmDaeQPRknkDWaJ5ApzaeQP5KnkAmFZ5A7DSeQOEunkCAP55A
eUqeQP5enkAsOZ5A3iWeQCFgnkBNUp5AVimeQJwxnkACYp5AmnmeQA45nkANVp5AeE+eQJQr
nkAFZZ5A2F2eQCIlnkDRV55ApGSeQMpInkCiQJ5AX3SeQFFZnkCYJ55Ak4WeQE9cnkBKU55A
dGGeQKltnkD5Sp5AwZieQKhvnkC5OJ5AVTueQGONnkDJWJ5AYFqeQFlnnkC+cJ5ARYaeQJ6U
nkBYYJ5AcoaeQI19nkAja55AglOeQDSLnkAtkZ5A3oueQD1inkDeXZ5AT1ueQMZVnkAde55A
FmCeQLBjnkDaUp5AIIeeQH5lnkD5g55AfJueQD1snkDzmp5AR5meQBRLnkBslp5A0IWeQDiL
nkBTeZ5A7F+eQLhrnkAFhZ5AzoCeQDhsnkCbpJ5AwZ+eQFyPnkC+kJ5A/KueQJKznkBdm55A
3K+eQHiqnkCvo55Aq6GeQHubnkCKm55AS66eQFmKnkAQmZ5AY52eQE+5nkAos55ALJaeQEqY
nkC5nJ5AyrGeQOe2nkDPrZ5AF6ueQPF6nkAQvJ5AgreeQMynnkBbzp5AT4eeQOSUnkCrvZ5A
acKeQC94nkAerJ5AYdieQOCpnkDQx55Adu2eQJWqnkDH6J5AOvaeQJWbnkAj1J5AmN+eQJSp
nkCuv55AFemeQILWnkC6xJ5A3+KeQGXKnkBfy55A7b+eQPzInkAHsJ5AruueQKDXnkA0sp5A
ZteeQMzInkBYfJ5AybyeQKPankDg7Z5AtbmeQHcbn0Dnv55Ai/SeQBX3nkBl855AidOeQPPv
nkDTvp5AHMaeQOYKn0AQzp5AWfKeQCz5nkD0BZ9Ad7yeQM76nkDC4Z5AS+SeQGy3nkD3B59A
oOyeQLsFn0DRFJ9AvwGfQMDtnkAT9p5AtvKeQEflnkDQ9J5AlDKfQP3ankBU7p5Au/+eQA3t
nkD/+p5AlAafQEAJn0A84Z5A8e+eQHb+nkBc5Z5ATxafQFIVn0Cf6Z5AkBifQG3snkCt/J5A
0jCfQA0Yn0AF6p5ABUefQDoHn0AfIp9AJhafQDwun0DfPp9Ani2fQOIln0A9Dp9AluyeQIoq
n0Bt8Z5A5xSfQOMjn0CkKJ9AkB+fQPUxn0A4Dp9AihGfQNfznkDRSZ9A/BufQOr+nkCsNp9A
cEufQCsrn0DMOJ9AZmGfQF1Mn0C5RJ9AOVafQEwIn0BzOp9Aal6fQIU2n0AQTJ9A2mKfQCtC
n0BkEZ9AoWefQBA6n0B7QZ9AomSfQHNln0DONJ9AnD+fQK9gn0D/LZ9A7RSfQCRrn0BRIp9A
YlOfQApqn0CATJ9Ajh+fQN08n0CfU59AWkufQAxzn0B1RZ9A3EWfQE9Un0BwU59AFzOfQNJ1
n0ABdJ9AVUifQJB8n0A2WZ9An0ufQMlEn0B7dZ9A91SfQE5Mn0DXaJ9AVHmfQKdSn0C4f59A
/VGfQARTn0DPbJ9ApXufQKZWn0Ctfp9AwoafQB9Ln0AnfJ9AmG+fQE1nn0Dzd59AzpafQPVp
n0BRc59AtYSfQHiDn0D9eJ9AQW2fQE2Gn0BQdp9A4G+fQJV4n0A8Yp9AW2ufQGWun0BpXp9A
zXefQFuEn0Btdp9AX2+fQEObn0CUfp9AvG2fQLuAn0AvoJ9A8mOfQAWRn0ATh59Aa4KfQAii
n0ANpZ9ADI2fQIVvn0DOiZ9AnpqfQEKCn0ADtZ9AEpCfQKB3n0D1tp9AHoWfQOJ8n0CWlp9A
CLWfQL2Xn0BAiJ9AYb+fQNekn0CPxZ9As6qfQHain0Bvv59AgMmfQFS1n0A6kp9AVKifQKyg
n0AZrZ9A38afQCKnn0B+kp9AMqSfQMezn0ARw59AK4+fQIC0n0BryZ9AaqWfQPvGn0BD2Z9A
ZMufQLPhn0AN259AcbufQNPmn0DOp59AJ7ufQP68n0Bpz59AcKufQHjHn0AgxJ9AcLGfQOG1
n0BKyp9ABrKfQB+9n0AZAKBAZsafQA3Vn0Ch6p9ATvyfQNunn0B0zJ9AJNifQOjHn0CduJ9A
QO+fQOyxn0DpyJ9AvN+fQDm0n0CF459AUsSfQLX4n0D5up9AZwygQNi+n0Anv59A4OifQAMC
oEC7u59AqeefQLL5n0B3959AfR+gQNgNoEBF259AtO2fQIDjn0A/1J9AfdufQGgkoECKE6BA
FtufQLkVoEDaHKBARs6fQJgVoEArEaBALuOfQGHEn0ARHqBASPmfQOLnn0CHDaBAXdKfQMvT
n0BDIaBA9QOgQCHtn0D9DaBA9xugQLgCoEAxIqBACy+gQGD2n0AVGqBABS6gQM4HoEBTA6BA
0hmgQEgloEBDDaBAIDigQKEKoEDmDqBA+RygQN83oEDlFaBAihagQFopoEDg8p9AHgigQH8w
oEA=</AssayYData></Step><Step><CommonData><SampleLocation>2</SampleLocation><SampleID>hsCD3d/e_Acro_CDD-H52W1</SampleID><SampleGroup></SampleGroup><SampleInfo></SampleInfo><SampleRow>A</SampleRow><SamplePlate>1</SamplePlate><WellType>KSAMPLE</WellType><Concentration>-1</Concentration><ConcentrationUnits>µg/ml</ConcentrationUnits><MolarConcentration>200</MolarConcentration><MolarConcUnits>nM</MolarConcUnits><MolecularWeight>0</MolecularWeight><Temperature>30</Temperature><StartTime>2069637</StartTime><AssayTime>180</AssayTime></CommonData><FlowRate>1000</FlowRate><StepType>ASSOC</StepType><StepName>Association</StepName><StepStatus>OK</StepStatus><ActualTime>180.001</ActualTime><CycleTime>0.2</CycleTime><AssayXData Points="900">W0DdRMFG3UQwTd1EllPdRPVZ3URbYN1EymbdRCht3USWc91E9XndRFuA3UTBht1EKI3dRI6T
3UT9md1EY6DdRNKm3UQord1EjrPdRPW53URbwN1EysbdRCjN3USO091E/dndRFvg3UTB5t1E
KO3dRJbz3UT1+d1EWwDeRMEG3kQoDd5EjhPeRP0Z3kRjIN5EwSbeRDAt3kSOM95E9TneRFtA
3kTBRt5EKE3eRI5T3kT9Wd5EW2DeRMpm3kQobd5En3PeRP153kRbgN5EwYbeRCiN3kSWk95E
9ZneRFug3kTBpt5EKK3eRI6z3kT9ud5EW8DeRMHG3kQ4zd5EltPeRP3Z3kRj4N5EyubeRDDt
3kSO895E9fneRFsA30TBBt9EKA3fRI4T30T1Gd9EYyDfRMom30QoLd9EjjPfRAU630RjQN9E
wUbfRDBN30SfU99E9VnfRFtg30TKZt9EKG3fRI5z30T1ed9EW4DfRMGG30Qwjd9ElpPfRPWZ
30RjoN9EyqbfRCit30SOs99E/bnfRFvA30TKxt9EKM3fRJbT30T12d9EY+DfRMHm30Qw7d9E
lvPfRPX530RbAOBEygbgRDAN4ESOE+BE9RngRFsg4ETBJuBEMC3gRI4z4ET1OeBEY0DgRMFG
4EQoTeBEllPgRPVZ4ERbYOBEymbgRCht4ESWc+BE/XngRFuA4ETBhuBEKI3gRI6T4ET9meBE
W6DgRMqm4EQ4reBEjrPgRAW64ERjwOBEwcbgRCjN4ESW0+BE/dngRGvg4ETK5uBEMO3gRI7z
4ET1+eBEWwDhRMEG4UQwDeFEjhPhRPUZ4URbIOFEyibhRCgt4USWM+FE9TnhRGtA4UTBRuFE
KE3hRI5T4UT1WeFEW2DhRMFm4UQwbeFElnPhRPV54URbgOFEyobhRCiN4USOk+FE9ZnhRFug
4UTKpuFEKK3hRJaz4UT1ueFEW8DhRMHG4UQwzeFEltPhRPXZ4URb4OFEwebhRCjt4USO8+FE
9fnhRGMA4kTKBuJEKA3iRI4T4kT9GeJE9yDiRMEm4kQoLeJEjjPiRP054kRbQOJEwUbiRDBN
4kSWU+JE9VniRFtg4kTBZuJEKG3iRJZz4kT9eeJEW4DiRMGG4kQojeJElpPiRP2Z4kRboOJE
wabiRCit4kSOs+JE/bniRFvA4kTKxuJEKM3iRI7T4kT92eJEW+DiRMHm4kQo7eJElvPiRPX5
4kRbAONE0gbjRCgN40SfE+NE/RnjRFsg40TBJuNEKC3jRJYz40T1OeNEY0DjRMFG40QoTeNE
llPjRP1Z40RbYONEwWbjRCht40SOc+NE/XnjRFuA40TKhuNEKI3jRI6T40T1meNEW6DjRMGm
40QoreNEjrPjRPW540RbwONEwcbjRCjN40SO0+NE/dnjRFvg40TK5uNEKO3jRI7z40T1+eNE
YwDkRMEG5EQoDeRElhPkRP0Z5ERjIOREyibkRCgt5ESWM+RE/TnkRFtA5ETBRuREME3kRJZT
5ET1WeREW2DkRMFm5EQobeREjnPkRP155ERbgOREyobkRDCN5ESOk+RE9ZnkRLWg5ETBpuRE
MK3kRJaz5ET1ueREY8DkRMrG5EQozeREltPkRPXZ5ERj4OREwebkRCjt5ESW8+RE/fnkRFsA
5UTBBuVEKA3lRI4T5UT9GeVEWyDlRMEm5UQoLeVEjjPlRPU55URjQOVEykblRDBN5USOU+VE
9VnlRFtg5UTBZuVEMG3lRI5z5UT1eeVEW4DlRMGG5UQwjeVEjpPlRAWa5URjoOVEwablRCit
5USWs+VE/bnlRFvA5UTBxuVEMM3lRI7T5UT12eVEY+DlRMHm5UQo7eVEjvPlRPX55URbAOZE
ygbmRCgN5kSOE+ZE/RnmRGMg5kTKJuZEKC3mRI4z5kT9OeZEW0DmRMpG5kQoTeZEllPmRPVZ
5kRbYOZEymbmRCht5kSOc+ZE9XnmRGOA5kTKhuZEKI3mRI6T5kT9meZEY6DmRMGm5kQoreZE
jrPmRP255kRjwOZEwcbmRDDN5kSO0+ZE/dnmRGPg5kTB5uZEKO3mRJbz5kT9+eZEWwDnRNIG
50QoDedEjhPnRPUZ50RRIedEyibnRCgt50SOM+dE/TnnRGNA50TBRudEME3nRJZT50T1WedE
W2DnRMFm50QobedEjnPnRP1550RjgOdEyobnRCiN50SOk+dE/ZnnRGug50TKpudEKK3nRJaz
50T9uedEW8DnRMHG50QwzedEjtPnRP3Z50Rj4OdEwebnRCjt50SO8+dE/fnnRGMA6ETBBuhE
MA3oRI4T6ET1GehEYyDoRMEm6EQwLehEjjPoRPU56ERbQOhEykboRDBN6ESWU+hE9VnoRGNg
6ETBZuhEMG3oRJZz6ET9eehEY4DoRMGG6EQojehEjpPoRP2Z6ERboOhEwaboRCit6ESWs+hE
9bnoRGPA6ETBxuhEKM3oRI7T6ET12ehEY+DoRMHm6EQo7ehEjvPoRPX56ERbAOlEygbpRDAN
6USOE+lE/RnpRGMg6UTBJulEKC3pRI4z6UT1OelEY0DpRMFG6UQoTelEjlPpRP1Z6URbYOlE
wWbpRCht6USOc+lE/XnpRFuA6UTBhulEKI3pRI6T6UT9melEB6HpRMqm6UQorelEjrPpRP25
6URjwOlEwcbpRCjN6USO0+lE9dnpRGPg6UTB5ulEMO3pRJbz6UT1+elEWwDqRMEG6kQwDepE
lhPqRPUZ6kRjIOpEwSbqRDAt6kSOM+pE9TnqRFtA6kTBRupEME3qRI5T6kT1WepEY2DqRMFm
6kQwbepEjnPqRPV56kRjgOpEyobqRCiN6kSWk+pE/ZnqRGOg6kTKpupEKK3qRI6z6kT1uepE
Y8DqRMrG6kQozepEjtPqRPXZ6kRb4OpEyubqRCjt6kSW8+pE9fnqRFsA60TBButEMA3rRI4T
60T9GetEYyDrRMom60QwLetEjjPrRP0560RbQOtEwUbrRChN60SWU+tE9VnrRGNg60TKZutE
KG3rRJZz60T1eetEY4DrRMGG60QojetElpPrRPWZ60RboOtEyqbrRCit60SOs+tE/bnrRFvA
60TBxutEKM3rRI7T60T92etEW+DrRMHm60Qw7etElvPrRP3560RbAOxEwQbsRCgN7ESWE+xE
/RnsRMUg7ETKJuxEKC3sRJYz7ET9OexEY0DsRMFG7EQoTexEjlPsRPVZ7ERbYOxEwWbsRCht
7ESOc+xE9XnsRGOA7ETBhuxEKI3sRI6T7ET1mexEW6DsRMGm7EQorexEjrPsRP257ERbwOxE
ysbsRCjN7ESf0+xE/dnsRGPg7ETB5uxEKO3sRI7z7ET1+exEWwDtRMoG7UQwDe1EjhPtRP0Z
7URbIO1EwSbtRCgt7USOM+1E/TntRFtA7UTBRu1EKE3tRI5T7UT9We1EW2DtRMFm7UQwbe1E
jnPtRAV67URbgO1EyobtRCiN7USWk+1E9ZntRGOg7UTBpu1EKK3tRJaz7UQFuu1EW8DtRMrG
7UQoze1EjtPtRPXZ7URj4O1EyubtRCjt7USW8+1E9fntRFsA7kTKBu5EKA3uRJYT7kT9Ge5E
WyDuRMEm7kQoLe5EljPuRPU57kRbQO5EwUbuRChN7kSWU+5E9VnuRGNg7kTBZu5EKG3uRI5z
7kT1ee5EW4DuRMqG7kQoje5EjpPuRPWZ7kRboO5EwabuRCit7kSOs+5E9bnuRGPA7kTBxu5E
MM3uRJbT7kT12e5EY+DuRMHm7kQo7e5ElvPuRP357kRbAO9EwQbvRCgN70SWE+9E/RnvRGsg
70TBJu9EMC3vRI4z70T9Oe9Ea0DvRMFG70QwTe9EjlPvRPVZ70RjYO9EwWbvRCht70SWc+9E
9XnvRFuA70TBhu9EMI3vRI6T70T9me9EW6DvRMGm70Qore9ElrPvRPW570RbwO9EwcbvRCjN
70SO0+9E9dnvRGPg70TB5u9EMO3vRI7z70T9+e9EawDwRMoG8EQwDfBEjhPwRPUZ8ERjIPBE
yibwRCgt8ESWM/BE9TnwRGNA8ETBRvBEME3wRJZT8ET1WfBEY2DwRMpm8EQwbfBEjnPwRP15
8ERbgPBEyobwRCiN8ESWk/BE/ZnwRFug8ETBpvBEMK3wRI6z8ET1ufBEY8DwRMHG8EQozfBE
jtPwRPXZ8ERj4PBE0ubwRCjt8ESO8/BE/fnwRFsA8UTBBvFEMA3xRI4T8UT1GfFEByHxRMEm
8UQoLfFEljPxRPU58URjQPFEwUbxRChN8USOU/FE/VnxRGNg8UTBZvFEKG3xRI5z8UT9efFE
Y4DxRMGG8UQojfFEjpPxRPWZ8URboPFEwabxRCit8USOs/FE9bnxRFvA8UTKxvFEKM3xRI7T
8UT12fFEW+DxRMrm8UQo7fFEjvPxRP358URjAPJEwQbyRDAN8kSWE/JE9RnyRFsg8kTKJvJE
KC3yRI4z8kT9OfJEW0DyRMFG8kQoTfJEjlPyRP1Z8kRbYPJEwWbyRCht8kSWc/JE9XnyRFuA
8kTBhvJEKI3yRI6T8kT9mfJEW6DyRMGm8kQorfJElrPyRPW58kRjwPJEysbyRCjN8kSW0/JE
/dnyRFvg8kTz5vJEKO3yRI7z8kT9+fJEWwDzRMoG80QwDfNEjhPzRP0Z80RjIPNEwSbzRCgt
80SOM/NE9TnzRFtA80TKRvNEKE3zRI5T80T1WfNEY2DzRMpm80QobfNEjnPzRPV580RbgPNE
yobzRDCN80SOk/NE9ZnzRFGh80TSpvNEKK3zRI6z80T9ufNE</AssayXData><AssayYData Points="900">jcCfQMxAoEA7fqBAec2gQAYHoUCtD6FA8lChQDNmoUDUYqFAjoKhQB+YoUChyKFAaNWhQBr6
oUCeJqJAgTCiQPxhokCAQaJA0FeiQHiTokAmp6JA1buiQOGrokDpwaJAY/GiQJTookBP16JA
MPuiQE4Wo0BBMqNAQGCjQF84o0BEOKNAQl6jQAdWo0DIbKNAK3yjQD5Uo0BIe6NA5cSjQJya
o0CyuqNAZZajQDvBo0Dgv6NAnbKjQAG4o0CB5qNAltGjQHb4o0Dv3aNAjfqjQOH6o0DDDKRA
0P6jQK8tpEBTGKRA8A+kQFhrpEBySaRA4TKkQN00pECtaaRArnGkQIZfpEBzeKRA0lWkQL9z
pECtTaRANF2kQCR3pEDBfKRA63KkQA2ipEBdvqRAeYukQLuLpECQpaRAHJ6kQPuWpEC9saRA
SrWkQNvNpEBJyKRAFeykQFfbpEDsxaRA6+ekQJHrpED12aRAL8ykQOIOpUCOA6VABROlQIv+
pEC6G6VAmhClQMgupUBSOaVAdy+lQJQupUDoF6VA3TSlQNA2pUCtRKVA8xmlQBo2pUA9U6VA
Hy6lQMYxpUDbXqVAnmClQC80pUBtW6VAFDKlQCk+pUAsdqVAhmqlQNtspUB4YKVAlYGlQOOl
pUCIlqVAz2GlQA+QpUB7i6VA/bOlQFOlpUBRkKVAn3+lQO2spUBcrKVAhJalQGGMpUBXlKVA
99SlQPSspUBMoaVAwuKlQHOqpUDEyqVAmdKlQEfMpUCh4qVAt+ulQGDopUBW46VAmN6lQFLf
pUAq9qVA1BymQODZpUBu5KVAVgqmQOYapkDn+KVAh/ClQIbgpUDrF6ZAmyGmQB0ipkD3IaZA
a/KlQMExpkAnWqZAYjamQBs2pkCEc6ZAjB6mQE80pkBCMaZADVKmQFospkCyIaZAsTemQMcw
pkB5L6ZA5GymQE5YpkAiWqZARFKmQKRppkCeeaZAMlSmQJVlpkDxbqZAU4emQFJ0pkBfeaZA
LJqmQAqkpkAhfaZATbCmQHenpkAqm6ZAKZ+mQPaNpkAJo6ZAg6umQPm6pkB0jaZAKdKmQNnK
pkBQy6ZAXcKmQESspkAewKZAndqmQDrKpkCk9aZAWu6mQBHupkBo/KZA7vOmQHQXp0AX/KZA
jdemQLfipkCQEKdAwAynQGTspkAH7qZAGuamQEsVp0COFKdArfqmQMT1pkAgHKdAERynQCkA
p0CDGqdAUS6nQHIvp0D0J6dA2UunQH4Bp0DEPqdA0zWnQM05p0C6OKdA1T6nQC1up0D8LqdA
wzynQIlPp0AJVqdATFanQOl5p0BuRKdARVinQPplp0CjTadADmmnQA17p0AqR6dAq0unQCqA
p0DKb6dAsqSnQGaKp0BscadAtG2nQIaEp0CmmqdAr4inQKF7p0B2lqdA0XynQLd6p0CaladA
3ZCnQGifp0C/r6dAjK+nQJqSp0DF0qdAL8inQA+Wp0Br1qdA4canQP2gp0Cx3KdAfMOnQEjA
p0D7t6dANc2nQHm2p0CrzqdADOynQMLdp0DewKdA0tqnQDAXqEAv5qdAnQSoQL34p0CK3adA
2OOnQJ/ep0D/H6hAByqoQD4hqEDlIahAwwqoQBQoqEDXBahAYi2oQKQYqEBvIahAUhOoQGsV
qEAGQahAYxqoQN4DqEAJL6hAKBeoQEIaqEBsWahArzuoQOUyqEA2PqhAj0WoQL5PqEArS6hA
nDOoQMtJqED5R6hArxeoQGFnqEDVfKhA72eoQIYyqEBaVahApGioQPpeqEBPPahA8k2oQACD
qEDoYahA06aoQBx4qEAof6hA0m6oQAtEqEB6gKhA2meoQCSEqEAKdKhA4ZOoQGqIqEAwkahA
NZSoQHynqEAxeKhAGJioQGWDqECCkahAIMqoQJ/FqEC/v6hAoo6oQEyeqECkmqhA46aoQOLJ
qEB5w6hAZeGoQL+kqEDI0KhA686oQEC6qEDP1qhAbL+oQK3IqEBCwKhAWtaoQFriqECb5qhA
8vioQGDSqEAYzqhAD/moQGndqEAv36hAEPCoQOHWqEDV5KhAhvmoQD77qEDmH6lAmhepQMP5
qEDA+KhAleuoQOwoqUD2QalAsxepQMDuqEDY6ahAk/6oQGgtqUDNEalAPRepQPsRqUBtJqlA
ij+pQJkwqUDKB6lAQTipQHRMqUC3PalAAEypQN4xqUBTVKlAdUOpQCNGqUA+XalAOU6pQFZB
qUBqS6lA70upQENYqUCPNKlAcHypQDNnqUCGeqlAoW+pQH9mqUB3a6lAfImpQLBmqUAdeqlA
lY6pQCA8qUDgb6lAjoWpQPRbqUBomqlAgXupQIuNqUAzjalAwZWpQO59qUAogKlAz3upQL+Z
qUCybqlADZ2pQKacqUCGfqlAIJ+pQImXqUDaj6lArpapQJyUqUBVuqlAlrapQMy5qUC+nalA
K6OpQGDWqUBouqlAV5ipQOGoqUBLt6lAWMypQHbuqUBEvalA3cepQGfTqUDiv6lACdSpQLzW
qUD80alAZdOpQMbkqUDqzqlAW9apQHbsqUBV+qlA9eOpQOLqqUC936lAxtGpQIXHqUCw5KlA
2N+pQDrnqUB31qlAt+WpQE7lqUC8+alANB2qQC8EqkAbGKpA9NupQPYGqkD9JKpArhuqQOL5
qUBURapAvCaqQD43qkCtBapALgSqQFc7qkBIBKpAdyaqQNo2qkCFPapA4x2qQEMwqkAVJapA
XiOqQCo0qkCdWapAxkeqQDIzqkCTYapAkwyqQCVlqkAudqpAm0+qQMk+qkBhdqpAnSWqQKAs
qkCGX6pAwRCqQARGqkAgVqpA2k+qQMBcqkDth6pALmWqQMKEqkAheKpAFHGqQFRYqkD8bqpA
fYSqQFOCqkDHdKpAUYyqQKVOqkA5fapAH2+qQOaMqkD8ZKpAZYqqQJmVqkCye6pA7WyqQOKn
qkC5f6pAvouqQJx5qkBfbapATYuqQPF9qkBYjKpAJoWqQJW5qkA8qqpAOJCqQOGgqkDvjKpA
35qqQEiwqkC3jqpArnqqQC26qkDry6pAwaSqQBOwqkCi6apAVsyqQCrSqkCBr6pA1rSqQFiy
qkD6yapAsaKqQJHSqkCnn6pAM8SqQH6xqkCm0KpAFfyqQI7IqkDI6qpAgdWqQFvWqkB326pA
DeaqQLEPq0B06apAft2qQNzaqkDMs6pAnPCqQEbAqkBIDKtAs+WqQEcFq0B40apAvOqqQAv2
qkAFGatA+OqqQBIkq0B5HqtAfvOqQNcgq0D/B6tAWuWqQMQZq0DE/6pACfGqQEM7q0DLK6tA
DQyrQBn8qkCnKqtAV/SqQOwmq0A/IKtAFkyrQDovq0BRUKtADRyrQOQtq0C/R6tAaFurQPQw
q0AjKKtAKCmrQEgdq0BONKtA6jurQOMvq0CtOqtAQlSrQAY+q0DjXatAF0OrQM1Jq0DLPatA
nlKrQMM2q0B7aatAK52rQAksq0DOXKtA4JGrQBxdq0CzYqtAmWerQB1Pq0AsTatAk2yrQBR+
q0BSgatA9VmrQKWIq0DyhatAL3yrQGlWq0Ccl6tAXHarQGmQq0D/a6tAnoCrQGWhq0A9ZqtA
EYOrQMWJq0AkgKtAYo+rQESHq0AejatAasOrQJSWq0BcnatA3pirQPh4q0CEq6tAoZqrQJKc
q0CFjKtAX4erQOmrq0Ads6tAN6CrQEuAq0B6eKtAqNerQLKrq0A6tqtA8carQBCkq0CxsqtA
tKarQE2iq0DSsatAha2rQPKeq0BczqtAwtKrQEbGq0CZ3KtABsqrQKLGq0BMxqtArdCrQPS1
q0C/w6tA0/SrQBbxq0D2yatA0dmrQLHWq0BK+6tAW/mrQNLgq0B8DaxAE+CrQJfKq0Bb9qtA
oemrQF7Rq0CRGqxAsOqrQIsTrECDz6tAUNSrQITMq0Cf3qtAXQesQOsFrEAB8atAn/yrQITv
q0D4BKxA6BqsQLf/q0Dz16tA5furQDgWrEBAC6xAcv6rQF3rq0Cl/6tAtvmrQGYkrEBHD6xA
RAKsQIUrrEC7+6tAxResQBBIrEDXJaxA2iGsQDorrECPNKxAugesQGlSrEDDIaxAfAasQHdA
rEB1LaxAOwqsQKUqrEDMMKxAbzasQOVNrEBvGaxATC2sQC41rEAeNqxA2z6sQFBErECKV6xA
szqsQJ4vrEBdbqxAwEasQFU1rEADLKxAommsQE8wrEDTSqxA9lWsQJJwrEBTTaxAaEysQOxE
rEDFd6xA6lKsQH1ZrEDKU6xAQV6sQO5PrECuPKxA6XGsQHs3rEAXTqxAI16sQCZ5rEDCZKxA
hYSsQNRbrEC+eaxAH2usQO11rED2ZaxAFWKsQLOXrEAUb6xAX2asQMCHrEAKe6xA0nusQFWD
rEBmpaxA6YysQFtmrEBomqxA61qsQLaCrEAUiqxAR42sQLSirEAKqaxAmHusQPOlrECkl6xA
FoysQJa6rEDFp6xAWbusQJ+frECDx6xA3H6sQOe2rEDdlaxAj4qsQLWWrEA2qqxA5JmsQFTY
rEDzsKxALaysQDW1rEAOnqxA/cysQIW9rECxsKxAeMysQA3FrECouaxAVbusQHTPrED6tqxA
uuCsQHzmrEDTsKxAkPSsQDrtrEAptqxA2uCsQHXXrEC83qxAbeCsQO0QrUC/2KxAAOSsQEjw
rEDe0qxAlcWsQC3grEDqEK1AasysQGzArEAG+axARPisQHHtrEDH7KxAH+esQD0PrUDO/qxA
x+ysQEEIrUDIIq1AyRCtQOMZrUD8E61AW/qsQNvorEBbDq1A</AssayYData></Step><Step><CommonData><SampleLocation>1</SampleLocation><SampleID>Octet Buffer</SampleID><SampleGroup></SampleGroup><SampleInfo></SampleInfo><SampleRow>A</SampleRow><SamplePlate>1</SamplePlate><WellType>BUFFER</WellType><Concentration>-1</Concentration><ConcentrationUnits>µg/ml</ConcentrationUnits><MolarConcentration>-1</MolarConcentration><MolarConcUnits>nM</MolarConcUnits><MolecularWeight>0</MolecularWeight><Temperature>30</Temperature><StartTime>2258048</StartTime><AssayTime>300</AssayTime></CommonData><FlowRate>1000</FlowRate><StepType>DISASSOC</StepType><StepName>Dissociation</StepName><StepStatus>OK</StepStatus><ActualTime>300</ActualTime><CycleTime>0.2</CycleTime><AssayXData Points="1500">ZMDzRMrG80Q5zfNEl9PzRAba80Rk4PNEyubzRDHt80SX8/NE/vnzRGwA9ETKBvREMQ30RJcT
9EQGGvREbCD0RMom9EQxLfREnzP0RAY69ERkQPRE00b0RDFN9ESfU/REBlr0RGRg9ETTZvRE
MW30RJ9z9ET+efREZID0RMqG9EQxjfREn5P0RP6Z9ERkoPREyqb0RDmt9ESXs/REBrr0RGTA
9ETTxvREOc30RJfT9ET+2fREbOD0RMrm9EQx7fREl/P0RAb69ERsAPVE0wb1RDEN9URLFPVE
/hn1RGQg9UTKJvVEMS31RJcz9UQGOvVEZED1RMpG9UQxTfVEn1P1RAZa9URkYPVEymb1RDlt
9USXc/VE/nn1RGSA9UTKhvVEOY31RJeT9UT+mfVEZKD1RMqm9UQ5rfVEn7P1RP659URswPVE
ysb1RDnN9USX0/VE/tn1RGTg9UTK5vVEMe31RJfz9UT++fVEZAD2RMoG9kQ5DfZElxP2RAYa
9kRsIPZEyib2RDkt9kSfM/ZEBjr2RGRA9kTKRvZEMU32RJdT9kQOWvZEbGD2RMpm9kQ5bfZE
n3P2RP559kRsgPZEyob2RDmN9kSXk/ZE/pn2RGSg9kTKpvZEMa32RJ+z9kT+ufZEZMD2RNvG
9kQxzfZEn9P2RP7Z9kRk4PZE0+b2RDnt9kSX8/ZE/vn2RGQA90TKBvdEMQ33RJcT90T+GfdE
bCD3RMom90Q5LfdElzP3RAY690RkQPdEykb3RDFN90SfU/dE/ln3RGxg90TKZvdEOW33RJ9z
90QGevdEZID3RMqG90Q5jfdEApT3RP6Z90RsoPdEyqb3RDGt90SXs/dE/rn3RGzA90TKxvdE
Mc33RJfT90T+2fdEZOD3RMrm90Q57fdEl/P3RP7590RsAPhEygb4RDEN+ESfE/hEBhr4RGQg
+ETKJvhEOS34RJ8z+EQGOvhEbED4RMpG+EQxTfhEl1P4RP5Z+ERsYPhEymb4RDlt+ESXc/hE
Bnr4RGyA+ETKhvhEMY34RJ+T+ET+mfhEZKD4RNOm+EQxrfhEl7P4RAa6+ERkwPhEysb4RDHN
+ESX0/hE/tn4RGTg+ETT5vhEOe34RJ/z+EQG+vhEbAD5RMoG+UQxDflEnxP5RP4Z+URkIPlE
0yb5RDEt+USXM/lE/jn5RGRA+UTKRvlEMU35RJdT+UT+WflEbGD5RMpm+UQxbflEl3P5RP55
+URkgPlEyob5RDmN+USXk/lE/pn5RGSg+UTTpvlEOa35RJ+z+UT+uflEbMD5RMrG+UQxzflE
n9P5RP7Z+URk4PlEyub5RDnt+USf8/lE/vn5RGQA+kTKBvpEMQ36RKgT+kQGGvpEZCD6RMom
+kQxLfpElzP6RP45+kRkQPpE00b6RDFN+kSXU/pEVFz6RHJh+kTKZvpEMW36RJdz+kT+efpE
ZID6RMqG+kQxjfpEl5P6RP6Z+kRkoPpEyqb6RDmt+kSXs/pE/rn6RGzA+kTKxvpEOc36RJfT
+kT+2fpEZOD6RNPm+kQx7fpEl/P6RP75+kRsAPtEygb7RDEN+0SXE/tEBhr7RGQg+0TKJvtE
MS37RJcz+0T+OftEZED7RMpG+0QxTftEn1P7RP5Z+0RkYPtEymb7RDlt+0Sfc/tE/nn7RGSA
+0TKhvtEMY37RJeT+0T+mftEZKD7RNOm+0QxrftEn7P7RP65+0RkwPtEysb7RDHN+0SX0/tE
/tn7RGTg+0TT5vtEMe37RJfz+0T++ftEZAD8RNMG/EQxDfxEnxP8RP4Z/ERkIPxEyib8RDkt
/ESfM/xE/jn8RGxA/ETTRvxEOU38RJ9T/ET+WfxEbGD8RNNm/EQxbfxEl3P8RP55/ERsgPxE
yob8RDGN/ESfk/xE/pn8RGyg/ETKpvxEMa38RJez/ET+ufxEZMD8RMrG/EQxzfxEl9P8RAba
/ERs4PxEyub8RDHt/ESf8/xE/vn8RGQA/UTKBv1EOQ39RJcT/UQGGv1EZCD9RMom/UQxLf1E
lzP9RP45/URkQP1Eykb9RDFN/USXU/1E/ln9RGxg/UTTZv1EMW39RJ9z/UT+ef1EZID9RNOG
/UQ5jf1El5P9RP6Z/URsoP1E06b9RDGt/USXs/1E/rn9RGTA/UTKxv1EOc39RJfT/UQG2v1E
ZOD9RMrm/UQ57f1El/P9RAb6/URkAP5Eygb+RDkN/kSXE/5E/hn+RGQg/kTKJv5EMS3+RJcz
/kQGOv5EZED+RNNG/kQxTf5En1P+RP5Z/kRkYP5E02b+RDFt/kSfc/5EBnr+RGyA/kTKhv5E
MY3+RJ+T/kQGmv5EZKD+RNOm/kQxrf5El7P+RP65/kRkwP5Eysb+RDnN/kSf0/5E/tn+RGTg
/kTK5v5EMe3+RJfz/kQG+v5EZAD/RNMG/0QxDf9EnxP/RAYa/0RkIP9E0yb/RDkt/0SfM/9E
/jn/RGRA/0TTRv9EOU3/RJ9T/0QGWv9EZGD/RMpm/0Qxbf9El3P/RP55/0RkgP9Eyob/RDGN
/0Sfk/9EBpr/RGSg/0TKpv9EMa3/RJ+z/0T+uf9EZMD/RMrG/0Q5zf9En9P/RAba/0Rk4P9E
0+b/RDnt/0SX8/9EBvr/RDYAAEVlAwBFnAYARdQJAEUDDQBFMhAARWUTAEWcFgBFzBkARQMd
AEUyIABFZSMARZgmAEXMKQBF/ywARTIwAEVpMwBFmDYARdA5AEX/PABFNkAARWlDAEWYRgBF
zEkARf9MAEUyUABFZVMARZhWAEXMWQBF/1wARTJgAEVlYwBFmGYARdBpAEX/bABFMnAARWlz
AEWcdgBFzHkARf98AEUygABFaYMARZyGAEXQiQBFB40ARTaQAEVpkwBFmJYARcyZAEUDnQBF
NqAARWmjAEWYpgBFzKkARf+sAEUysABFabMARZy2AEXMuQBFA70ARTLAAEVpwwBFmMYARdzJ
AEX/zABFMtAARWXTAEWY1gBF1NkARf/cAEU24ABFaeMARZzmAEXM6QBF/+wARUTxAEXI8wBF
nPYARcz5AEX//ABFMgABRWkDAUWYBgFF0AkBRf8MAUUyEAFFaRMBRZgWAUXQGQFF/xwBRTIg
AUVlIwFFnCYBRcwpAUX/LAFFMjABRWkzAUWYNgFFzDkBRf88AUU2QAFFaUMBRZhGAUXMSQFF
/0wBRTZQAUVlUwFFmFYBRcxZAUX/XAFFNmABRWljAUWYZgFFzGkBRf9sAUUycAFFaXMBRZx2
AUXQeQFFA30BRTKAAUVlgwFFmIYBRcyJAUUDjQFFMpABRWmTAUWclgFFzJkBRQOdAUUyoAFF
ZaMBRZimAUXMqQFFA60BRTKwAUVpswFFmLYBRcy5AUUDvQFFNsABRWXDAUWcxgFF0MkBRQPN
AUUy0AFFZdMBRZzWAUXM2QFFA90BRTLgAUVl4wFFmOYBRdDpAUX/7AFFMvABRWXzAUWc9gFF
zPkBRQP9AUUyAAJFZQMCRZgGAkXwCQJF/wwCRTIQAkVpEwJFmBYCRdAZAkX/HAJFOiACRWkj
AkWYJgJF0CkCRQMtAkU2MAJFZTMCRZw2AkXQOQJF/zwCRTJAAkVlQwJFnEYCRdBJAkX/TAJF
MlACRWVTAkWcVgJFzFkCRf9cAkUyYAJFZWMCRZhmAkXQaQJF/2wCRTJwAkVpcwJFmHYCRdB5
AkX/fAJFNoACRWWDAkWYhgJFzIkCRf+MAkUykAJFZZMCRZiWAkXQmQJF/5wCRTagAkVpowJF
nKYCRcypAkUDrQJFNrACRWWzAkWYtgJFzLkCRf+8AkUywAJFacMCRZzGAkXMyQJFA80CRTbQ
AkVl0wJFnNYCRdDZAkX/3AJFMuACRWnjAkWY5gJFzOkCRf/sAkUy8AJFafMCRZj2AkXM+QJF
A/0CRTYAA0VlAwNFmAYDRcwJA0X/DANFMhADRWkTA0WYFgNF0BkDRQMdA0UyIANFZSMDRZwm
A0XMKQNFAy0DRTIwA0VpMwNFmDYDRcw5A0UDPQNFMkADRWVDA0WYRgNF0EkDRf9MA0UyUANF
ZVMDRZhWA0XQWQNFA10DRTJgA0VlYwNFmGYDRcxpA0X/bANFNnADRWVzA0WYdgNFzHkDRf98
A0UygANFZYMDRZiGA0XMiQNF/4wDRTaQA0VlkwNFnJYDRcyZA0UDnQNFMqADRWWjA0WcpgNF
zKkDRf+sA0U2sANFabMDRZi2A0XMuQNF/7wDRTLAA0VlwwNFmMYDRczJA0X/zANFNtADRWnT
A0WY1gNFzNkDRf/cA0Uy4ANFZeMDRZzmA0XM6QNFA+0DRTLwA0Vl8wNFmPYDRdD5A0UD/QNF
MgAERWUDBEWcBgRF0AkERf8MBEUyEARFZRMERZgWBEXQGQRFAx0ERTIgBEVlIwRFmCYERdAp
BEUDLQRFNjAERWUzBEWcNgRFzDkERf88BEUyQARFZUMERZhGBEXMSQRF/0wERTJQBEVlUwRF
mFYERcxZBEX/XARFMmAERWVjBEWYZgRFzGkERf9sBEU2cARFZXMERZh2BEXMeQRF/3wERTKA
BEVlgwRFmIYERWOKBEUDjQRFMpAERWmTBEWYlgRF0JkERf+cBEUyoARFZaMERZymBEXQqQRF
/6wERTKwBEXYswRFnLYERcy5BEUDvQRFMsAERWXDBEWYxgRF0MkERf/MBEUy0ARFadMERZzW
BEXM2QRF/9wERTLgBEVl4wRFmOYERczpBEX/7ARFMvAERWXzBEWY9gRF0PkERf/8BEUyAAVF
ZQMFRZgGBUXQCQVFAw0FRTIQBUVlEwVFnBYFRdAZBUX/HAVFNiAFRWUjBUWYJgVFzCkFRQMt
BUU2MAVFZTMFRZw2BUXMOQVFAz0FRTJABUVlQwVFnEYFRdBJBUX/TAVFMlAFRWlTBUWcVgVF
zFkFRf9cBUU2YAVFZWMFRZxmBUXMaQVF/2wFRTJwBUVpcwVFnHYFRcx5BUUDfQVFMoAFRWWD
BUWYhgVFzIkFRf+MBUUykAVFZZMFRZiWBUXQmQVF/5wFRTKgBUVlowVFmKYFRcypBUX/rAVF
MrAFRWWzBUWYtgVFzLkFRQO9BUU2wAVFZcMFRZzGBUW9ygVFSM0FRTLQBUVl0wVFnNYFRczZ
BUUD3QVFNuAFRWnjBUWc5gVF0OkFRf/sBUUy8AVFafMFRZj2BUXQ+QVFA/0FRTIABkVlAwZF
nAYGRdAJBkX/DAZFNhAGRWkTBkWYFgZFzBkGRf8cBkUyIAZFaSMGRZgmBkXMKQZFAy0GRTIw
BkVpMwZFnDYGRcw5BkUDPQZFMkAGRWlDBkWYRgZFzEkGRQNNBkUyUAZFaVMGRZhWBkXMWQZF
/1wGRTJgBkVpYwZFmGYGRcxpBkX/bAZFMnAGRWVzBkWYdgZFzHkGRQN9BkUygAZFaYMGRZyG
BkXQiQZF/4wGRTKQBkVpkwZFmJYGRcyZBkUDnQZFNqAGRWWjBkWYpgZF0KkGRQOtBkUysAZF
abMGRZy2BkXQuQZF/7wGRTLABkVpwwZFmMYGRdDJBkX/zAZFMtAGRWXTBkWY1gZF0NkGRf/c
BkU24AZFaeMGRZjmBkXM6QZFA+0GRTbwBkVl8wZFmPYGRdD5BkUD/QZFMgAHRWkDB0WYBgdF
mAoHRSQNB0UyEAdFZRMHRZwWB0XMGQdF/xwHRTYgB0VlIwdFnCYHRdApB0UDLQdFNjAHRWUz
B0WcNgdF0DkHRf88B0U2QAdFZUMHRZhGB0XMSQdF/0wHRTJQB0VpUwdFnFYHRcxZB0X/XAdF
MmAHRWljB0WYZgdFzGkHRf9sB0UycAdFZXMHRZh2B0XQeQdF/3wHRTKAB0VlgwdFmIYHRdCJ
B0X/jAdFMpAHRWWTB0WYlgdF0JkHRf+cB0UyoAdFaaMHRaGmB0XQqQdF/6wHRTKwB0VlswdF
mLYHRcy5B0X/vAdFMsAHRWXDB0WYxgdFzMkHRf/MB0Uy0AdFZdMHRZzWB0XQ2QdFA90HRTLg
B0Vt4wdFmOYHRdDpB0X/7AdFMvAHRWnzB0Wc9gdFzPkHRQP9B0UyAAhFZQMIRZgGCEXMCQhF
Aw0IRTIQCEVlEwhFmBYIRcwZCEX/HAhFMiAIRWUjCEWcJghFzCkIRf8sCEUyMAhFZTMIRaE2
CEXQOQhFAz0IRTZACEVpQwhFmEYIRa1KCEU0TQhFMlAIRWVTCEWYVghFzFkIRQNdCEUyYAhF
aWMIRZxmCEXQaQhF/2wIRTJwCEVlcwhFcncIRf15CEX/fAhFNoAIRWWDCEWYhghFzIkIRf+M
CEUykAhFZZMIRZyWCEXMmQhF/5wIRTagCEVpowhFnKYIRcypCEUDrQhFMrAIRWWzCEWYtghF
0LkIRf+8CEU2wAhFZcMIRZjGCEXQyQhF/8wIRTLQCEVl0whFmNYIRdDZCEX/3AhFNuAIRWnj
CEWY5ghF0OkIRf/sCEU28AhFZfMIRZj2CEXQ+QhFA/0IRTIACUVlAwlFmAYJRdAJCUX/DAlF
MhAJRWUTCUWcFglFzBkJRf8cCUUyIAlFZSMJRZgmCUXMKQlF/ywJRTIwCUVlMwlFmDYJRdA5
CUX/PAlFMkAJRWlDCUWYRglFzEkJRf9MCUUyUAlFaVMJRZhWCUXMWQlFA10JRTZgCUVlYwlF
mGYJRcxpCUX/bAlFMnAJRWlzCUWYdglFzHkJRQN9CUU2gAlFZYMJRZiGCUWAiglFC40JRTaQ
CUVlkwlFmJYJRcyZCUX/nAlFMqAJRWWjCUWcpglF0KkJRf+sCUU2sAlFZbMJRZy2CUXMuQlF
/7wJRTLACUVlwwlFmMYJRczJCUUDzQlFMtAJRWXTCUWc1glFzNkJRf/cCUU24AlFaeMJRZjm
CUXM6QlF/+wJRTbwCUVl8wlFnPYJRdD5CUUD/QlFNgAKRWUDCkWYBgpFzAkKRQMNCkU2EApF
ZRMKRZgWCkXMGQpF/xwKRTYgCkVlIwpFmCYKRdApCkX/LApFMjAKRWUzCkWcNgpF0DkKRf88
CkU2QApFaUMKRZxGCkXMSQpFA00KRTJQCkVpUwpFmFYKRcxZCkUDXQpFMmAKRWVjCkWYZgpF
zGkKRf9sCkU2cApFZXMKRZx2CkXQeQpFA30KRTKACkVlgwpFnIYKRdCJCkX/jApFNpAKRWWT
CkWclgpFzJkKRQOdCkUyoApFZaMKRZymCkXMqQpF/6wKRTKwCkVtswpFnLYKRdC5CkX/vApF
NsAKRWnDCkWYxgpFmMoKRSjNCkUy0ApFZdMKRZjWCkXQ2QpF/9wKRTLgCkVl4wpFmOYKRczp
CkX/7ApFMvAKRWnzCkWc9gpFzPkKRQP9CkU2AAtFaQMLRZgGC0XMCQtFAw0LRTIQC0VlEwtF
nBYLRcwZC0X/HAtFMiALRWUjC0WYJgtF0CkLRf8sC0UyMAtFaTMLRZg2C0XMOQtF/zwLRTJA
C0VlQwtFmEYLRcxJC0UDTQtFNlALRWVTC0WYVgtFzFkLRf9cC0UyYAtFaWMLRZhmC0XMaQtF
/2wLRTZwC0VpcwtFmHYLRcx5C0X/fAtFNoALRWWDC0WYhgtFzIkLRQeNC0U2kAtFaZMLRZiW
C0XMmQtF/5wLRTagC0VlowtFnKYLRcypC0X/rAtFNrALRWmzC0WYtgtFzLkLRf+8C0UywAtF
ZcMLRZzGC0XQyQtFA80LRTLQC0Vl0wtFnNYLRczZC0X/3AtFMuALRWXjC0Wc5gtF0OkLRf/s
C0U28AtFZfMLRZj2C0XM+QtFA/0LRTIADEVlAwxFmAYMRbEKDEU8DQxFMhAMRWkTDEWcFgxF
0BkMRQMdDEUyIAxFaSMMRZgmDEXMKQxF/ywMRTIwDEVlMwxFmDYMRdA5DEUDPQxFNkAMRWVD
DEWYRgxF0EkMRQNNDEUyUAxFZVMMRZhWDEXMWQxF/1wMRTZgDEVlYwxFmGYMRcxpDEX/bAxF
MnAMRWlzDEWcdgxFzHkMRf98DEUygAxFaYMMRZiGDEXQiQxFA40MRTKQDEVpkwxFmJYMRdCZ
DEX/nAxF</AssayXData><AssayYData Points="1500">tMSsQGDOrEDWu6xAHKqsQBiirEBee6xAqIWsQDFXrEDmVqxASVKsQMk5rEDEQ6xAzxSsQNUX
rEDVGaxA7iqsQIzoq0CP5qtAGeWrQJHaq0Bev6tA/tWrQImcq0B4g6tAL9OrQF+iq0A6dKtA
lLWrQCWjq0DdZKtAAIGrQEpYq0DTYKtAWkirQJ9Xq0CkTatAu2qrQB85q0BiRKtAUhOrQDIt
q0BOHatAzgOrQDYpq0AFHatAnwirQC80q0ByFqtAm92qQNMDq0Ay6KpAlNWqQNfjqkBwwKpA
j8CqQMPGqkB17apAmNaqQAmgqkBD5qpAyLiqQGCQqkAh1KpA3LOqQKypqkC+tKpA9JuqQAaR
qkDrlapA1aOqQECiqkDep6pAo5eqQFWNqkDcZ6pAp2uqQD95qkABYapAdqaqQHV4qkCshKpA
i4aqQGpvqkCpSKpAp3qqQG2ZqkBzUKpASmaqQNFtqkDbcapA7zuqQMFZqkDsP6pAuE6qQA12
qkCUOapAwS+qQDlTqkAVGapAmPCpQKBAqkDIIKpAUhqqQNwNqkB+AapA1dOpQNEEqkAFTapA
2BGqQCX/qUC+QapAKxuqQPomqkC5BqpALyWqQCDiqUD6F6pAnC+qQNzKqUAmEKpAcu+pQEfr
qUB25KlAvAeqQFj5qUB65qlAf+mpQMXuqUAkz6lAkuepQML4qUBBvqlAysKpQJb7qUA34alA
mM2pQCn1qUCbzalAntypQPzTqUBxzKlAC8WpQDrqqUDB0qlAc8qpQHfRqUD0t6lA/8ipQBbv
qUD366lAG8upQAi8qUB72alAoJupQIXIqUD3zalAfaypQFuNqUBA46lAm3WpQJSnqUCwo6lA
352pQK/NqUCHs6lAa4mpQCGEqUAbk6lAorCpQLmdqUA7k6lAo6ypQBWYqUBRe6lAEp2pQICM
qUB4dKlAt4OpQL6KqUDkY6lAV3ypQAqGqUCIZKlAQqKpQA2qqUAIUKlA12ypQNCUqUBrh6lA
7GOpQIFgqUDsaKlAEkipQMOJqUBIValACmmpQNJxqUCKdalA2FGpQNdtqUCahKlAJ1upQFNN
qUAYaKlAYHqpQBd8qUBcbKlAXGqpQFx1qUBYcalApUKpQOlUqUBwdalAjV+pQMg7qUAefqlA
mFqpQONkqUCGValAR16pQDQ6qUBWP6lAsjepQEI8qUCGKalAhVmpQA0/qUBEUqlALz6pQNRW
qUB6KalARlOpQHhqqUD+XalACXmpQMZSqUD4OqlASSKpQMclqUAOFqlA6SupQLglqUBlFKlA
DwmpQClXqUBVKalAWRCpQHtKqUATHalAeR2pQL8XqUDPLKlADyWpQDgRqUAcMKlA1f+oQAEn
qUA4LqlARTmpQEsXqUANGalAUBmpQLQEqUAYLalAhACpQMgLqUC+OqlARBypQIH3qEApDqlA
Xh+pQHz3qEAjD6lAygipQELvqECnE6lAiwypQBvnqEAGKKlAiyqpQDkYqUCSDKlAOTipQIUk
qUCw/qhAMgCpQHUEqUDMF6lAPhapQAI2qUBn96hA5BGpQKT9qEBn+qhA4+eoQCYQqUAM+qhA
m/ioQLTFqEDdFqlANOmoQMgCqUAjGqlAt9CoQMrvqEDhBqlAzPWoQBIGqUCs7qhATfSoQOjj
qEDGIqlAe9WoQM4EqUBs7ahAvAqpQErgqEAw+6hA8teoQIHLqECH+KhAmvqoQK/ZqECD+KhA
0+yoQODMqEBV2KhA9NmoQGPTqEBun6hAMtqoQF3cqEC3uqhAHwupQPnoqEDuvqhA4+KoQCwD
qUDb2ahAXs2oQOkSqUDB16hAfduoQFzxqEBEsqhAlrCoQLUlqUBEr6hArPOoQGrdqECp4qhA
37uoQPDUqEAa16hAVcOoQEIEqUCx6ahAMwepQBrlqEBl26hAPOioQJPYqEC86KhAHLuoQLnI
qEBo26hADdGoQK7OqEDx4qhAi8CoQASjqECA36hARd+oQFnaqEB5A6lAU8+oQCviqEBDwqhA
6fGoQArKqECQtqhAh9CoQBi7qEB2sqhAGdeoQM7DqECk2KhAisioQD3bqECyqahAd7ioQJbt
qECnqKhAQs+oQM/BqEAjvqhAfNGoQFHjqEDyuqhAxqeoQATzqEC7rqhAvouoQC+9qEC2sahA
pMOoQCjYqEDtwqhAbJqoQGC8qECLoKhA9pGoQHetqEC/xKhAfJeoQBSqqEBNzqhAQsyoQCun
qEBox6hANaSoQNvZqEARxahA+c6oQESzqED22KhAn/ioQHGmqECS0qhAstKoQES6qEBQs6hA
AMOoQFWuqEB8uahArqCoQL/CqEAvo6hAecKoQJqmqEB/p6hAy8+oQG2yqEAbcqhAzLWoQDGy
qEByxKhAKLSoQCHJqEArj6hACZuoQC24qEB7q6hA15qoQKuiqEBawKhAV6aoQDXKqECamKhA
tbaoQEa4qECYq6hAYpqoQGirqEA72ahACX+oQASfqEBko6hAmYaoQJyHqEClxahApZuoQIOj
qECkjKhA0ICoQICBqECohKhA/L2oQHt6qEACjKhAVdmoQOOQqECMlKhATK+oQPiQqEBXnKhA
QKmoQMV9qEA+rKhA48WoQJGbqEAxg6hAOoqoQPWlqEBSlqhAFqmoQBCxqEDZn6hAnoSoQH7T
qECNoKhAA5qoQD2xqEDyjKhAz3yoQFqcqEDnmahAjaSoQFmSqEDQuqhAJr6oQB+RqED+0ahA
0KeoQJenqED2jqhARb6oQB2VqEDCp6hAHJaoQMeQqEDKt6hAHJ6oQPOMqEDWkKhAtJaoQPGo
qEDOh6hAqMCoQLeLqEAcgahAc3aoQCexqEBmm6hA74OoQM6YqEB5m6hAXJOoQGOTqEDdoqhA
UIGoQNuIqECqgqhAD6yoQDd7qEDycKhAFJGoQCWdqEB0pKhA1G+oQICTqEDriahAIWyoQNOr
qEBrjahAVqKoQCmGqEAPn6hAto6oQAK4qEA9hahAXYaoQGysqEAcmahArleoQPmfqEC0iqhA
OpaoQCyAqEBCiahAIoyoQBh+qED+lahAGWmoQOdtqECZkqhAR5GoQJF6qECPnahA5HSoQPF1
qEBWgqhAunqoQAhFqEDZi6hABKCoQFCPqEBxhqhA24OoQB9uqEDVuKhAAMGoQE+mqEBDd6hA
ZYWoQBC0qEBsY6hA3IaoQIKvqEBra6hAsXuoQFnDqEATi6hAnoCoQKiLqEC7X6hAEWyoQBFb
qEBObahABlKoQMGdqECKsahAZXeoQKyDqEDDnKhAi2ioQH1zqECAdKhA0HGoQOZ6qEBBkKhA
PIOoQHxuqEDHuKhASlyoQDOfqEAldahAu1SoQAN5qEANiKhA7HaoQLNbqEDBfqhAXYioQAGF
qEDCYahA0ZuoQChaqEBThahAZnmoQDx4qEDLKqhA3XKoQPiRqEDUZahARY6oQJCWqECjgahA
0XioQKSZqEBJe6hAHnSoQAOMqEAReahAP3OoQJ6GqEB7Z6hAvVKoQGeOqEATfKhA82KoQC14
qEB6jqhA42KoQAGHqEBjwahAcHqoQGhZqEC9cKhAemWoQHZsqECQf6hAeISoQIB9qEBHiahA
SpOoQDtyqEBElKhA136oQO5rqECWV6hAXoCoQFlpqECGbqhAd3GoQCJ3qECpc6hAlpmoQE1N
qEAyaqhAbZ+oQLZXqECxZKhANGqoQGycqEAOP6hAXISoQCitqEDxUKhAaHmoQIGRqEAXXqhA
JouoQHuhqECFU6hA51+oQFyOqEAHg6hAOZWoQEaCqEClgqhAooGoQN6DqEAFhqhAFmaoQGxq
qEBUb6hAeV+oQKWAqEDykKhAWGuoQBJwqEBjoKhAqH+oQDV4qEACfKhAUGuoQMJAqEBVgqhA
hnqoQLt0qEAWcqhAhY6oQMGAqEBCcahASX2oQJx1qECEbKhA83SoQFpbqEBciahA5Y2oQF10
qECyZqhAqFeoQP+IqEA/Q6hAc3WoQKxeqEDNK6hAcKioQGp7qEBjZqhAdYyoQJqaqEBuZahA
WoSoQNiQqED4SKhAz1qoQNFqqEC7kahA4m6oQPWNqEBmlahAgYWoQDN2qEC7cKhAu1qoQPFf
qEBsZKhAlU2oQPB6qEAFnqhARkuoQBNtqECDcahANWeoQMlBqEC5aqhAsmGoQN1WqECOgKhA
GZWoQPtgqECteqhAqHqoQLVRqEDHmahAHH2oQD9xqED+l6hA1pmoQINpqEA6kqhAzJioQF1b
qEBVU6hA23+oQGtsqEArcahAbG2oQKp0qEDUX6hAIFqoQNd/qEBubKhA5mGoQDJ0qEDFfahA
GkeoQPKQqEDqd6hAkFaoQBl8qEAPVahAjFuoQDhsqEBhdKhANlqoQGN/qECbXKhAoH2oQBx7
qECOgahAOG+oQPh/qED/iqhAfXmoQItnqEAAbKhA42aoQO4/qEApgqhA0IqoQPtDqEAIdahA
YJGoQAJEqECej6hAGYeoQN5dqEBHa6hApZGoQCxXqEBDYKhAC5yoQDyLqEC1YKhAWLWoQJV8
qEDBWqhAg42oQEiRqEBHeahARXeoQGF4qEC2a6hAgFeoQAdsqEDBc6hAUG2oQNutqEDveahA
SWeoQG9wqEBHXahACGSoQGpbqEBcaKhAnGSoQK5yqEDPk6hATmioQHh0qECOkKhA1GOoQMd8
qEDPgqhAnnmoQPxhqEAPY6hAOouoQDh5qEBff6hACW+oQABTqEAJnKhAVH+oQIU/qECofKhA
wmmoQPJtqEAwkKhAloCoQLGEqED3Z6hADFOoQMdtqEDkd6hAJIaoQBp2qEB/f6hA3pSoQEiB
qEBxXKhAuXaoQOSaqEB0Z6hAcHSoQMmNqEDKS6hANZWoQEqcqEDchKhAXmuoQMmaqEDegKhA
eHuoQFlDqEBXeKhAbHuoQAZiqEB5h6hAYH6oQBKDqEC4gKhAWmaoQEWEqEBDZahAwIaoQKaB
qEDJbahAtnWoQFN0qECwYqhA1KGoQApEqEC3gahAGp2oQFp1qEBcjahA2mGoQFhFqECoVqhA
QYioQONmqEA6dqhAlkuoQPCaqEAdS6hA4b6oQOqxqEBtiahAtW6oQMx8qEBLWqhA6ZKoQLG2
qED2W6hAx22oQD5pqEAiZ6hAM3CoQOKNqEBOjqhALoioQCCLqEC6XqhASlSoQHN/qEBwbKhA
HHeoQG5tqEAbm6hAsIKoQFBjqECJSKhAZWqoQP92qEAKj6hANU6oQNknqEAGqqhApWioQI9l
qEA2gahAZXqoQK1gqEAxiqhAYlmoQOxAqEAxlahA9qCoQH59qED7XahAmneoQF5zqEDbVahA
/nSoQJ1UqEC3WahA1ZWoQFOCqECdV6hAgcKoQBGMqECIV6hAp4ioQA1YqEBTcahA5paoQHlr
qEAYi6hAFJuoQDSCqEBDqKhAQmioQNTAqEBAgKhAwYOoQHSnqEC4VqhAaIqoQAiNqEAUXahA
v3eoQJ1xqEASg6hAC3aoQFZsqECisahA35eoQOqXqEDQg6hAGHqoQLlkqEDmfqhAFW2oQJqC
qEB3i6hAQmmoQFRjqEAToKhAgoGoQPeAqEB1TahA5pyoQBh0qEAAaKhAu4aoQOtdqEC0eKhA
SoaoQE2HqEDcd6hAurKoQNKFqEAbYqhAa2ioQKBUqEBYZahAGZeoQApnqEDIc6hATWioQPJw
qEDApahAYZKoQPV4qECacKhAv3moQJudqEAkmahAfYCoQPujqEAyeahAfWaoQCafqEA6kqhA
G2aoQPWAqEDciKhAnG6oQO1lqEBJoqhAQ2uoQNp4qECwrqhAcYWoQD97qEAKg6hAGZOoQDlj
qED0XahAq4OoQLd3qEBNeqhANGioQG5OqEBWcahAfpOoQHR2qED9d6hAC5qoQLNbqEDBb6hA
j46oQKeTqEBxbqhAU32oQM95qEBgcqhAgoWoQBmjqEBGd6hAc5qoQIWrqEDEnKhAQ0yoQOqG
qECOgKhAn4+oQCuMqED3jahAP1+oQIerqEBWmahAnomoQI+cqECsrKhAi3WoQCmjqEC7j6hA
Z2eoQFiVqEB5i6hAemKoQOKcqED6k6hABJmoQD5/qEAgpqhAN4qoQIWDqEBJp6hAAIqoQDl2
qEC3hahAWJ2oQAygqEDfkqhANJWoQPe3qECvjqhAL6ioQBybqEDVcKhAVIOoQKWvqEC2lqhA
MLGoQEyeqEDEbKhA1aKoQAagqEDxbKhARJSoQD+CqEBZnKhAfKeoQHmTqEBTd6hAVqOoQPWe
qEBniahAoXioQLOgqEDQh6hANHuoQFyqqEA2k6hAtHWoQEOQqEA0tqhAk3SoQKGlqEDEcKhA
iYaoQAOJqEAoqqhA/6qoQP11qEBll6hAiZOoQJdzqEALfqhAvHioQJ6WqED6q6hAoIioQBh5
qECCqahA5LSoQP+tqEA9qKhAhKGoQAiAqECPgqhAJoOoQGiQqEAzf6hAlXmoQPpwqEDqV6hA
u6KoQLiKqEApqahApYCoQNuuqEB8i6hADKmoQIu8qEDSTqhAJ5OoQGK5qEA8lahA8YCoQLSs
qEDnfahA3G6oQIWvqEDCkqhA3p+oQDacqEAusahAdnOoQBWcqECtwqhALYeoQHqCqEAewahA
C3+oQOeeqEAeqahA84CoQO+YqEDqjKhA6pqoQO+nqEBVo6hA2oKoQFKYqEBfaKhAu5SoQIGv
qED3lKhAuYmoQBqfqEC1bqhAb4moQJOnqEBck6hAMKaoQMipqEBugKhA/XSoQJOSqEA/cKhA
kKeoQAG+qEC1nKhA5IqoQLKNqEDxh6hAg4OoQPKrqEBNiKhAF5GoQK61qEConKhADVaoQEOo
qECusKhAlomoQF6XqECKm6hA5Z+oQAKjqEDCoqhAk6GoQGufqECXtqhAh6aoQLZ0qEChtqhA
KnuoQPWbqECelKhA1oioQE+PqEC5hKhAz8CoQM19qECIg6hAm5SoQPt+qEBBmqhA58uoQP+1
qEAqkahAx7+oQCWoqECVjqhAm4OoQFqdqEB0lahA046oQKy9qEB8iqhAiZ+oQBjFqEA/m6hA
xKOoQC6MqECgl6hAsY2oQAfKqEDro6hAF4CoQHq4qEAxw6hAWXioQJyNqEALp6hAMJeoQF6c
qEDaqqhAArSoQKWuqEClmKhABIGoQOigqECnmKhAy4+oQCGLqEDH0KhA+p+oQEuaqEDGoKhA
9sSoQCNdqEAPxqhAlo2oQKWSqEC8pKhA4qCoQPS0qEBOo6hAvbmoQCypqEB80ahADrSoQF65
qEBZiahAO6KoQHKTqEAvi6hAG5uoQO2GqEAAiKhAJKOoQPvEqECagKhAA7KoQFyiqECztqhA
WKqoQNmuqEA+sKhAV5WoQJ2xqEC+qKhALJ+oQFV1qEDizKhAL5KoQM+oqEBBy6hAfXmoQOKt
qEC3qqhAMYyoQPuJqEDzp6hADamoQFaNqEBJpKhAoJioQHuLqEBJ1qhANcSoQHuFqEDygahA
tLOoQMunqECLmKhAbomoQH+WqEDAnahAMLCoQLFoqEC9k6hAJLioQMzLqEDboahAuLaoQNub
qEDS06hAspmoQHS3qEBr26hAsJioQD+tqEBcnKhAnL6oQHOFqEA8n6hA5pqoQLrPqEAJvqhA
1XyoQCizqEA+zKhA4puoQHikqEAWt6hAPZmoQISwqECOqqhA3aeoQOSbqEBCzqhAwcyoQAKR
qECy2qhA25moQL+dqEBvoahA5LWoQG+YqEBztqhAicCoQI2VqECX66hAucSoQLGbqEDhtahA
scWoQCObqECjp6hA16ioQPaxqECvuqhABL+oQDygqEAHqqhA8LGoQLWdqEAEkahALr+oQHrt
qEC3oahAN8CoQCudqEAHe6hAu6ioQCPIqEABxqhA+qqoQOrIqEDtt6hAmo6oQLPBqEDQtqhA
o4yoQJDdqEC/y6hArm6oQGKgqEDvtqhArcmoQBmpqEAL7KhAGbGoQJmyqEA96KhAd6uoQPGY
qEBbw6hA</AssayYData></Step><Step><CommonData><SampleLocation>5</SampleLocation><SampleID>Glycine</SampleID><SampleGroup></SampleGroup><SampleInfo></SampleInfo><SampleRow>B</SampleRow><SamplePlate>1</SamplePlate><WellType>REGENERATION</WellType><Concentration>-1</Concentration><ConcentrationUnits>µg/ml</ConcentrationUnits><MolarConcentration>-1</MolarConcentration><MolarConcUnits>nM</MolarConcUnits><MolecularWeight>0</MolecularWeight><Temperature>30</Temperature><StartTime>2567235</StartTime><AssayTime>5</AssayTime></CommonData><FlowRate>1000</FlowRate><StepType>KREGENERATION</StepType><StepName>Regeneration</StepName><StepStatus>OK</StepStatus><ActualTime>5.00005</ActualTime><CycleTime>0.2</CycleTime><AssayXData Points="25">MqAMRWWjDEWYpgxFzKkMRQOtDEUysAxFabMMRUm3DEXQuQxFA70MRTbADEVlwwxFnMYMRczJ
DEX/zAxFMtAMRWXTDEWc1gxF0NkMRQPdDEU24AxFaeMMRZjmDEXQ6QxF/+wMRQ==</AssayXData><AssayYData Points="25">3hm+PrfdkT6g23E+iW9JPkUmKj4EtRE+/sDjPbY9oz2EwX09ryYOPQPSUzzaXp+7rtzxvFuo
ML13HXi9ggijvcBpub13BN297ufxvarYC74WYBe++XsivmDOMb5LCDq+pKxAvg==</AssayYData></Step><Step><CommonData><SampleLocation>6</SampleLocation><SampleID>PBS</SampleID><SampleGroup></SampleGroup><SampleInfo></SampleInfo><SampleRow>B</SampleRow><SamplePlate>1</SamplePlate><WellType>NEUTRALIZATION</WellType><Concentration>-1</Concentration><ConcentrationUnits>µg/ml</ConcentrationUnits><MolarConcentration>-1</MolarConcentration><MolarConcUnits>nM</MolarConcUnits><MolecularWeight>0</MolecularWeight><Temperature>30</Temperature><StartTime>2580308</StartTime><AssayTime>5</AssayTime></CommonData><FlowRate>1000</FlowRate><StepType>KREGENERATION</StepType><StepName>Regeneration</StepName><StepStatus>OK</StepStatus><ActualTime>5.00005</ActualTime><CycleTime>0.2</CycleTime><AssayXData Points="25">MvAMRWXzDEWY9gxFzPkMRf/8DEUyAA1FZQMNRZwGDUXMCQ1F/wwNRTYQDUVpEw1FmBYNRdAZ
DUX/HA1FNiANRWUjDUWYJg1F0CkNRQMtDUU2MA1FaTMNRZw2DUXMOQ1F/zwNRQ==</AssayXData><AssayYData Points="25">v69kQFHhZUB2LWdACxxoQG1xaEBHAWlAdXlpQFHyaUBfLGpAJ61qQDLdakACU2tAmVtrQPfc
a0CKnWtA40ZsQBWGbEBvv2xAyNhsQKkxbUCfAm1AjTZtQDKlbUCyfG1AU4NtQA==</AssayYData></Step><Step><CommonData><SampleLocation>5</SampleLocation><SampleID>Glycine</SampleID><SampleGroup></SampleGroup><SampleInfo></SampleInfo><SampleRow>B</SampleRow><SamplePlate>1</SamplePlate><WellType>REGENERATION</WellType><Concentration>-1</Concentration><ConcentrationUnits>µg/ml</ConcentrationUnits><MolarConcentration>-1</MolarConcentration><MolarConcUnits>nM</MolarConcUnits><MolecularWeight>0</MolecularWeight><Temperature>30</Temperature><StartTime>2593400</StartTime><AssayTime>5</AssayTime></CommonData><FlowRate>1000</FlowRate><StepType>KREGENERATION</StepType><StepName>Regeneration</StepName><StepStatus>OK</StepStatus><ActualTime>5.00005</ActualTime><CycleTime>0.2</CycleTime><AssayXData Points="25">MkANRWlDDUWYRg1FzEkNRf9MDUUyUA1FZVMNRZhWDUXQWQ1F/1wNRTZgDUVpYw1FmGYNRdBp
DUX/bA1FMnANRWlzDUWYdg1F0HkNRf98DUUygA1FaYMNRZyGDUXQiQ1F/4wNRQ==</AssayXData><AssayYData Points="25">I0ouPR6+/bwm84m9I5THvcu8+b2trwe+R58avkaDLb57HDu+NQZEvm4bUb4LzFe+VsljvoeA
bb4PRHG+GsV+vr8efL7U/IS+PwaKvgg0jL5DcYy+nNaQvm8ek74QLZW+JyiXvg==</AssayYData></Step><Step><CommonData><SampleLocation>6</SampleLocation><SampleID>PBS</SampleID><SampleGroup></SampleGroup><SampleInfo></SampleInfo><SampleRow>B</SampleRow><SamplePlate>1</SamplePlate><WellType>NEUTRALIZATION</WellType><Concentration>-1</Concentration><ConcentrationUnits>µg/ml</ConcentrationUnits><MolarConcentration>-1</MolarConcentration><MolarConcUnits>nM</MolarConcUnits><MolecularWeight>0</MolecularWeight><Temperature>30</Temperature><StartTime>2606510</StartTime><AssayTime>5</AssayTime></CommonData><FlowRate>1000</FlowRate><StepType>KREGENERATION</StepType><StepName>Regeneration</StepName><StepStatus>OK</StepStatus><ActualTime>5.00005</ActualTime><CycleTime>0.2</CycleTime><AssayXData Points="25">M5ANRWqTDUWdlg1F0ZkNRQCdDUU3oA1FZqMNRZmmDUXNqQ1FAK0NRTewDUVmsw1FmbYNRdG5
DUUAvQ1FM8ANRWbDDUWZxg1FzckNRQTNDUUz0A1FatMNRZnWDUXR2Q1FAN0NRQ==</AssayXData><AssayYData Points="25">NlhiQHyGY0AoxWRAULplQPr4ZUD6+2ZAJHFnQJfgZ0BCHmhAe9xoQDPLaEB34GhA23hpQJmU
aUAL7mlAEPZpQGBQakDVhWpA+5hqQPW3akBV9WpA+gJrQL9ka0AebGtAOcprQA==</AssayYData></Step><Step><CommonData><SampleLocation>5</SampleLocation><SampleID>Glycine</SampleID><SampleGroup></SampleGroup><SampleInfo></SampleInfo><SampleRow>B</SampleRow><SamplePlate>1</SamplePlate><WellType>REGENERATION</WellType><Concentration>-1</Concentration><ConcentrationUnits>µg/ml</ConcentrationUnits><MolarConcentration>-1</MolarConcentration><MolarConcUnits>nM</MolarConcUnits><MolecularWeight>0</MolecularWeight><Temperature>30</Temperature><StartTime>2619801</StartTime><AssayTime>5</AssayTime></CommonData><FlowRate>1000</FlowRate><StepType>KREGENERATION</StepType><StepName>Regeneration</StepName><StepStatus>OK</StepStatus><ActualTime>5.00005</ActualTime><CycleTime>0.2</CycleTime><AssayXData Points="25">M+ANRWbjDUWZ5g1F0ekNRQTtDUU38A1FavMNRZ32DUXN+Q1FAP0NRTMADkVqAw5FmQYORdEJ
DkUEDQ5FMxAORWoTDkWdFg5FzRkORQAdDkU3IA5FZiMORZkmDkXNKQ5FAC0ORQ==</AssayXData><AssayYData Points="25">VBTVO3Vtab31y8i9ngkBvsyeE76/sCC+9lA3vt28Pb719Ue+BMhPvsQHWL7tSma+seNpvomY
b758mXW+Vht9vtzYgb4YloS+9+mHvuMLib7dWYy+p/iPvg/lkL5FxpC+xwKUvg==</AssayYData></Step><Step><CommonData><SampleLocation>6</SampleLocation><SampleID>PBS</SampleID><SampleGroup></SampleGroup><SampleInfo></SampleInfo><SampleRow>B</SampleRow><SamplePlate>1</SamplePlate><WellType>NEUTRALIZATION</WellType><Concentration>-1</Concentration><ConcentrationUnits>µg/ml</ConcentrationUnits><MolarConcentration>-1</MolarConcentration><MolarConcUnits>nM</MolarConcUnits><MolecularWeight>0</MolecularWeight><Temperature>30</Temperature><StartTime>2632915</StartTime><AssayTime>5</AssayTime></CommonData><FlowRate>1000</FlowRate><StepType>KREGENERATION</StepType><StepName>Regeneration</StepName><StepStatus>OK</StepStatus><ActualTime>5.00005</ActualTime><CycleTime>0.2</CycleTime><AssayXData Points="25">MzAORWYzDkWdNg5F0TkORQA9DkU3QA5FZkMORZlGDkXNSQ5FAE0ORTNQDkVmUw5FmVYORc1Z
DkUEXQ5FM2AORWZjDkWZZg5FzWkORQBtDkU3cA5FanMORZl2DkXReQ5FAH0ORQ==</AssayXData><AssayYData Points="25">kaxjQE42ZUDk9WVA7/NmQFabZ0BKEGhAbuNoQFFZaUAcvmlAmdVpQIZnakCyX2pA095qQL+l
akBnZGtAS3FrQOzga0CatmtAcfNrQIYzbEB412xAjLJsQM2obEBXNW1AahZtQA==</AssayYData></Step><Step><CommonData><SampleLocation>1</SampleLocation><SampleID>Octet Buffer</SampleID><SampleGroup></SampleGroup><SampleInfo></SampleInfo><SampleRow>A</SampleRow><SamplePlate>1</SamplePlate><WellType>BUFFER</WellType><Concentration>-1</Concentration><ConcentrationUnits>µg/ml</ConcentrationUnits><MolarConcentration>-1</MolarConcentration><MolarConcUnits>nM</MolarConcUnits><MolecularWeight>0</MolecularWeight><Temperature>30</Temperature><StartTime>2647141</StartTime><AssayTime>20</AssayTime></CommonData><FlowRate>1000</FlowRate><StepType>CUSTOM</StepType><StepName>Sensor Check</StepName><StepStatus>OK</StepStatus><ActualTime>20</ActualTime><CycleTime>0.2</CycleTime><AssayXData Points="100">M4AORWaDDkWZhg5FzYkORQCNDkU3kA5FZpMORZmWDkXNmQ5FAJ0ORTOgDkVmow5FmaYORc2p
DkUErQ5FM7AORWazDkWZtg5F0bkORQC9DkUzwA5FasMORZ3GDkXRyQ5FBM0ORTPQDkVm0w5F
mdYORdHZDkUE3Q5FM+AORWbjDkWd5g5FzekORQTtDkU38A5FZvMORZ32DkXN+Q5FAP0ORTcA
D0VmAw9FmQYPRc0JD0UADQ9FNxAPRWoTD0WdFg9F0RkPRQAdD0U3IA9FaiMPRZkmD0XNKQ9F
BC0PRTMwD0VmMw9FmTYPRc05D0UAPQ9FM0APRWZDD0WZRg9F0UkPRQBND0U3UA9FalMPRZ1W
D0XRWQ9FAF0PRTNgD0VqYw9FnWYPRdFpD0UAbQ9FM3APRWZzD0Wddg9FzXkPRQB9D0UzgA9F
aoMPRZ2GD0XRiQ9FBI0PRTeQD0Vmkw9FmZYPRc2ZD0UAnQ9FN6APRWqjD0WZpg9F0akPRQCt
D0U3sA9FZrMPRZ22D0XNuQ9FAL0PRQ==</AssayXData><AssayYData Points="100">JZ5hQCNCX0AjjV1Azv5bQHHWWkCR01pAiYdaQJ89WkCtZFpA8o5aQIeUWkCLtlpA+QZbQOAA
W0D1tFtAD5NbQLM8W0A5t1tAu8dbQCi8W0CisltA+WNcQJxZXEBqXFxAnrxcQL9/XEAnr1xA
bctcQBT3XEDCyVxAuGldQHhtXUD/al1AdZBdQAZjXUA+UF1ASlldQGFCXkCE4V1ATPFdQLUR
XkBEDV5AH/5dQP0HXkB2H15APkheQK+mXkA7g15A2XFeQIXWXkCL415AIsBeQDfGXkDrr15A
ZndeQNjUXkDSY19ATSdfQGb6XkDTf19A/0lfQB0+X0BUeV9AkU9fQDwyX0CUil9ApEFfQEzR
XkARnl9ABcZfQIGJX0Bfcl9Ao8RfQJqWX0DJe19AIwNgQAC/X0BTcF9AANVfQN2/X0DwBWBA
0A5gQKArYEAY+19AvTlgQB3VX0DQL2BAdipgQLosYECZMWBAJGlgQKrBYEBEo2BAXjpgQCKa
YEBqh2BA+EZgQHN/YECMnmBArldgQA==</AssayYData></Step><Step><CommonData><SampleLocation>10</SampleLocation><SampleID>SI-157C16_P5236</SampleID><SampleGroup></SampleGroup><SampleInfo></SampleInfo><SampleRow>A</SampleRow><SamplePlate>1</SamplePlate><WellType>KLOAD</WellType><Concentration>5</Concentration><ConcentrationUnits>µg/ml</ConcentrationUnits><MolarConcentration>5000</MolarConcentration><MolarConcUnits>nM</MolarConcUnits><MolecularWeight>0</MolecularWeight><Temperature>30</Temperature><StartTime>2676752</StartTime><AssayTime>120</AssayTime></CommonData><FlowRate>1000</FlowRate><StepType>LOADING</StepType><StepName>Loading</StepName><StepStatus>OK</StepStatus><ActualTime>120.001</ActualTime><CycleTime>0.2</CycleTime><AssayXData Points="600">M8APRWrDD0WZxg9F0ckPRQTND0Uz0A9FZtMPRZnWD0XN2Q9FAN0PRTfgD0Vm4w9FmeYPRdHp
D0UA7Q9FM/APRWrzD0WZ9g9FzfkPRQD9D0UzABBFagMQRZ0GEEXNCRBFAA0QRTMQEEVmExBF
mRYQRdEZEEUAHRBFMyAQRWYjEEWdJhBFzSkQRQAtEEU3MBBFZjMQRZk2EEXRORBFAD0QRTNA
EEVqQxBFmUYQRc1JEEUATRBFM1AQRWZTEEWZVhBFzVkQRQBdEEU3YBBFamMQRZ1mEEXNaRBF
BG0QRTNwEEVqcxBFmXYQRc15EEUAfRBFM4AQRWqDEEWZhhBFzYkQRQCNEEUzkBBFapMQRZmW
EEXNmRBFAJ0QRTOgEEVqoxBFmaYQRdGpEEUErRBFM7AQRWazEEWZthBF0bkQRQC9EEU3wBBF
asMQRZnGEEXNyRBFBM0QRTPQEEVq0xBFmdYQRc3ZEEUA3RBFM+AQRWbjEEWZ5hBFzekQRQTt
EEUz8BBFZvMQRZn2EEXN+RBFAP0QRTcAEUVqAxFFnQYRRc0JEUUEDRFFMxARRWoTEUWdFhFF
0RkRRQAdEUUzIBFFaiMRRZkmEUXRKRFFAC0RRTMwEUVqMxFFnTYRRc05EUUAPRFFN0ARRWZD
EUWZRhFF0UkRRQBNEUUzUBFFZlMRRZ1WEUXRWRFFAF0RRTdgEUVqYxFFnWYRRc1pEUUAbRFF
M3ARRWZzEUWZdhFFzXkRRQR9EUU3gBFFZoMRRZ2GEUXNiRFFBI0RRTeQEUVmkxFFnZYRRc2Z
EUUEnRFFM6ARRWqjEUWZphFF0akRRQStEUUzsBFFZrMRRZm2EUXNuRFFAL0RRTPAEUVqwxFF
ncYRRc3JEUUEzRFFM9ARRWbTEUWZ1hFFzdkRRQDdEUUz4BFFauMRRZ3mEUXN6RFFBO0RRTPw
EUVm8xFFmfYRRdH5EUUA/RFFMwASRWYDEkWZBhJF0QkSRQANEkUzEBJFZhMSRZkWEkXNGRJF
AB0SRTcgEkVmIxJFmSYSRc0pEkUALRJFMzASRWYzEkWZNhJFzTkSRQQ9EkU3QBJFZkMSRZlG
EkXNSRJFBE0SRTdQEkVmUxJFnVYSRc1ZEkUAXRJFN2ASRWZjEkWZZhJFzWkSRQBtEkUzcBJF
anMSRZ12EkXNeRJFBH0SRTeAEkVmgxJFmYYSRdGJEkUAjRJFM5ASRWqTEkWZlhJFzZkSRQCd
EkUzoBJFZqMSRZ2mEkXRqRJFBK0SRTewEkVmsxJFnbYSRdG5EkUAvRJFM8ASRWbDEkWZxhJF
zckSRQTNEkU30BJFatMSRZ3WEkXN2RJFBN0SRTPgEkVq4xJFmeYSRc3pEkUA7RJFM/ASRWbz
EkXZ9xJFYPoSRQD9EkUzABNFZgMTRZ0GE0XNCRNFAA0TRTMQE0VmExNFmRYTRc0ZE0UEHRNF
MyATRWYjE0WdJhNFzSkTRQAtE0U3MBNFZjMTRZ02E0XNORNFAD0TRTdAE0VmQxNFmUYTRdFJ
E0UATRNFN1ATRWpTE0WZVhNF0VkTRQBdE0UzYBNFZmMTRZlmE0XNaRNFAG0TRTNwE0VmcxNF
nXYTRc15E0UEfRNFN4ATRW6DE0WdhhNFzYkTRQSNE0UzkBNFZpMTRZmWE0XRmRNFAJ0TRTOg
E0VmoxNFmaYTRc2pE0UArRNFM7ATRWazE0WdthNFzbkTRQC9E0UzwBNFasMTRZnGE0XRyRNF
AM0TRTPQE0Vm0xNFmdYTRc3ZE0UE3RNFM+ATRWbjE0WZ5hNFzekTRQDtE0Uz8BNFZvMTRZn2
E0XR+RNFBP0TRTMAFEVqAxRFmQYURc0JFEUADRRFMxAURWoTFEWdFhRFzRkURQAdFEUzIBRF
ZiMURZkmFEXNKRRFBC0URTcwFEVmMxRFnTYURc05FEUEPRRFN0AURWZDFEWZRhRF0UkURQBN
FEU3UBRFalMURZlWFEXRWRRFBF0URTdgFEVqYxRFmWYURc1pFEUAbRRFM3AURWZzFEWddhRF
zXkURQR9FEUzgBRFZoMURZmGFEXNiRRFBI0URTOQFEVqkxRFmZYURdGZFEUEnRRFM6AURWaj
FEWdphRF0akURQStFEU3sBRFZrMURZm2FEXNuRRFAL0URTPAFEVmwxRFmcYURdHJFEUEzRRF
N9AURWbTFEWd1hRFzdkURQDdFEUz4BRFauMURZ3mFEXR6RRFAO0URTPwFEVm8xRFnfYURc35
FEUE/RRFNwAVRWYDFUWdBhVF0QkVRQANFUUzEBVFahMVRZkWFUXRGRVFAB0VRTcgFUVmIxVF
mSYVRc0pFUUALRVFNzAVRWozFUWZNhVFzTkVRQA9FUUzQBVFZkMVRZ1GFUXNSRVFBE0VRTNQ
FUVmUxVFmVYVRdFZFUUAXRVFM2AVRWZjFUWZZhVF0WkVRQBtFUUzcBVFZnMVRZl2FUXNeRVF
AH0VRTeAFUVmgxVFnYYVRc2JFUUAjRVFM5AVRWaTFUWdlhVFzZkVRQSdFUUzoBVFaqMVRZmm
FUXRqRVFBK0VRTOwFUVqsxVFmbYVRc25FUUEvRVFM8AVRWbDFUWZxhVFzckVRQTNFUUz0BVF
atMVRZnWFUXR2RVFAN0VRTPgFUVq4xVFmeYVRc3pFUUA7RVFN/AVRWrzFUWZ9hVFzfkVRQT9
FUU3ABZFagMWRZkGFkXRCRZFAA0WRTcQFkVmExZFmRYWRc0ZFkUAHRZFMyAWRWYjFkWZJhZF
0SkWRQQtFkUzMBZFZjMWRZk2FkXNORZFAD0WRTNAFkVqQxZFnUYWRc1JFkUATRZFM1AWRWZT
FkWdVhZFzVkWRQRdFkUzYBZFZmMWRZlmFkXRaRZFBG0WRTNwFkVmcxZFmXYWRc15FkUAfRZF
M4AWRWaDFkWdhhZFzYkWRQCNFkUzkBZFapMWRZmWFkXNmRZFAJ0WRTegFkVqoxZFmaYWRc2p
FkUArRZFM7AWRWqzFkWZthZFzbkWRQS9FkU3wBZFZsMWRZ3GFkXNyRZFAM0WRTfQFkVm0xZF
mdYWRdXZFkUA3RZFN+AWRWrjFkWZ5hZFzekWRQDtFkUz8BZFZvMWRZn2FkXR+RZFAP0WRTcA
F0VmAxdFnQYXRc0JF0UEDRdFNxAXRWYTF0WdFhdFzRkXRQAdF0UzIBdFZiMXRZ0mF0XNKRdF
AC0XRTMwF0VmMxdFnTYXRdE5F0UEPRdF</AssayXData><AssayYData Points="600">pkthQM2WYkCu12NAZwplQMdqZkA5m2dA10xpQFNNakAjXWtAU9psQCy8bUCinG5AVVlwQOqT
cUA6P3JALPRzQF3jdECj7XVAmCd3QLdFeEDg23hAYFZ6QAUJe0CRBnxAQPV8QGH/fUDbN39A
3Kd/QESMgEB++IBAFEKBQJ3KgUDTFYJA4liCQHrsgkAvgINArLCDQPZFhECkiYRAfO2EQFIt
hUD/uIVA2vWFQKQrhkAeyIZADwqHQHNXh0CosYdAJ/GHQPYbiED0qIhAQfGIQIIOiUDmbYlA
57+JQMHxiUDkTYpABqWKQEikikC4A4tAnWGLQCdxi0Bfr4tAHRKMQAYjjEBFLoxAP5GMQL3M
jEDR44xA6xuNQNF4jUB8a41ANtONQFQGjkBrDI5ARUOOQMKijkBvx45AVd6OQAD7jkDYQY9A
akuPQKqMj0Dbv49AQLuPQM4BkECdZ5BAmn2QQMKWkEBfoZBAt7OQQAfkkECiE5FAOCORQN1f
kUCWjJFA2eCRQKfMkUA3+JFArRGSQA4YkkA+WJJAPGKSQK2CkkCLzZJAYNmSQBvKkkAZGJNA
bi+TQIIOk0BXYJNAFoGTQGONk0C4s5NAs+CTQM3zk0Bc5JNAxUKUQOxSlEBmZZRAy5GUQBDJ
lEA7jJRAmOqUQEXulEDI2pRAGzGVQFovlUDYJZVA8C2VQHZ/lUAFfJVAnHiVQIbZlUA79pVA
4OeVQP1ElkCy/5VA9yGWQExslkDTgJZA/FCWQODVlkClopZA18iWQFrklkAUF5dABhCXQDYH
l0CgIZdAhEeXQPhdl0CdZZdAlYyXQIF2l0DRkpdAys2XQCHZl0Df65dAv/yXQDD4l0A4GphA
9mGYQBBBmEC9XphAlYCYQF2SmEDGnJhAWL+YQNe/mEA5wJhA3xGZQFkJmUA+A5lAFB6ZQIoi
mUBARZlAm12ZQK1UmUA9X5lAcXiZQB6smUCIdJlAFK+ZQK7jmUDO8JlA49eZQF4UmkDBFZpA
4vaZQJItmkC5O5pAlkaaQC94mkBbY5pAB3iaQMShmkDZpZpAxJ+aQKS2mkDwy5pAfd+aQPv4
mkChJZtAlPWaQEUYm0A2KZtA1C2bQEVDm0D5SptAV3SbQER2m0BzYptAG6KbQB6cm0BbmptA
kfKbQEDwm0DD/ZtAg/qbQEL6m0DWB5xA/RWcQFY7nEAANZxAy0icQHuBnEBEMpxAxEacQG2H
nEDzl5xAg4ycQKm9nEBDxJxAy8icQE3unEAww5xAxt2cQPH5nEDZPJ1AyA6dQMUpnUBmNp1A
ISGdQHBonUC1eJ1A+medQNVWnUB+hJ1AOXadQLCGnUD9vZ1AEqqdQGHVnUCO751AEPSdQBL0
nUDxFJ5AcBeeQETmnUDXL55ADRyeQAVCnkB/Jp5AjlyeQLtNnkDMdJ5Ag5qeQJyAnkABSp5A
jqeeQFejnkDYmJ5AhbmeQGLPnkB+r55AP+OeQG3YnkAa5Z5A1hefQP4rn0Bs6p5APBKfQCo/
n0DEM59ARCKfQBxnn0AjZ59ATFGfQJmNn0CViJ9AooyfQJ6Sn0C3sZ9At5GfQMqgn0Aa1J9A
o72fQLPXn0BxEaBAW/OfQO34n0D8CaBAyQSgQBkHoEBuP6BAGDKgQDVBoEBYZKBAinegQLBK
oEB8ZKBAj22gQJpeoEB4eaBASYmgQOhtoECBoKBAwqWgQE7XoEBt2aBAeuCgQLPAoED/wKBA
cPygQGrxoEDoAKFABRqhQFIKoUAREaFAGTOhQM06oUCUJaFAlU+hQC5soUD7W6FA3UihQLaS
oUCiVKFAM16hQKp0oUBRc6FAU1+hQJG5oUBK0aFA2qehQFrQoUDk16FA8r6hQD7KoUAtBKJA
IrGhQC8DokCKLqJA7guiQKYMokA9OaJA2kSiQLf+oUDPSqJANUGiQG0ZokBybqJA8nKiQO1t
okCjfKJAtXqiQE9bokBSqaJA/7KiQNWNokA+aaJAuN+iQAzYokBfuKJAXtGiQBbwokBr06JA
R/CiQL77okCU7aJAgzejQPY8o0CHCaNA8iyjQFUxo0DeDqNA7hijQJY7o0AWOKNAolKjQGty
o0BPbKNAn2ajQAd+o0BYp6NALn+jQFKmo0BikaNAkIWjQPm6o0D8+aNAxMijQCawo0AU3aNA
19KjQD7Lo0AMBqRA2/2jQGjqo0BEJKRAhyqkQPgPpECWTaRALkOkQEg2pEB8PqRA8l6kQAMY
pECTTKRAtn2kQE5SpEA6WqRA37GkQKZdpEA9aqRA64CkQN2VpEDfkKRAU5ikQFy4pEDxo6RA
i62kQIrFpEByq6RAJ8ekQF/kpEAa2qRAxcSkQOAXpUBfFaVAN/mkQIbwpEAaD6VAw/CkQEkg
pUADSKVARRKlQKQ3pUBCIKVAkS2lQKJ5pUCQT6VAcj2lQHJlpUCYn6VASYelQNlupUDMeqVA
v4elQM1mpUBDs6VAiZqlQPSepUCysKVAwbalQCq6pUAU8qVAU8mlQLG8pUAa5aVAw/ilQPH7
pUApA6ZAegCmQHkLpkDJ76VAgSymQHUhpkDWF6ZAVUemQPY9pkBLEaZASTumQApXpkAGRaZA
UIemQFpypkCZWqZA6D2mQMCHpkAqeaZA8VumQOigpkDjm6ZA71qmQGyvpkByqqZAnnCmQGTO
pkB8tqZA/LqmQEPppkA54aZAbLimQDrBpkBF6qZA+8qmQFXRpkBS6KZAx/OmQDwEp0CYN6dA
3uKmQNr0pkASQqdAfTCnQOLwpkBlMadAOV6nQG0tp0DbW6dAu3WnQORRp0AWPadA5ZenQLFy
p0CVU6dAlm+nQAWAp0AmWKdAK3qnQDyGp0BLdKdAraKnQPKvp0AYdadAJLinQGHxp0Apr6dA
WOOnQBXwp0DmsqdAVp6nQCbHp0BR8qdA2dqnQKrip0CR46dAl/+nQPEhqEBBCKhAyCOoQEUL
qECEOqhAVhOoQP4/qEBeUahAvUKoQNknqEARW6hAVUOoQCQVqEBnaahADHaoQDEuqEDtVahA
cWioQGFuqEBNb6hA+rCoQGxcqEC3YKhARseoQEmEqEB6xKhAyc2oQF2cqEAqwahAAcqoQBrK
qEC4tKhASuuoQCDiqEACeqhAde2oQO3XqEAC8qhAaduoQBH9qEAX8qhAMPuoQAQwqUDfKKlA
FPioQAxFqUCDJqlA8iOpQGUqqUA+IqlA</AssayYData></Step><Step><CommonData><SampleLocation>1</SampleLocation><SampleID>Octet Buffer</SampleID><SampleGroup></SampleGroup><SampleInfo></SampleInfo><SampleRow>A</SampleRow><SamplePlate>1</SamplePlate><WellType>BUFFER</WellType><Concentration>-1</Concentration><ConcentrationUnits>µg/ml</ConcentrationUnits><MolarConcentration>-1</MolarConcentration><MolarConcUnits>nM</MolarConcUnits><MolecularWeight>0</MolecularWeight><Temperature>30</Temperature><StartTime>2806469</StartTime><AssayTime>100</AssayTime></CommonData><FlowRate>1000</FlowRate><StepType>BASELINE</StepType><StepName>Baseline</StepName><StepStatus>OK</StepStatus><ActualTime>100</ActualTime><CycleTime>0.2</CycleTime><AssayXData Points="500">OEAXRWtDF0WeRhdF1kkXRQVNF0U4UBdFa1MXRZ5WF0XWWRdFBV0XRThgF0XuYxdFomYXRdJp
F0UFbRdFOHAXRWtzF0WedhdF1nkXRQl9F0U8gBdFb4MXRZ6GF0XWiRdFBY0XRTiQF0VvkxdF
npYXRdKZF0UJnRdFOKAXRWujF0WiphdF0qkXRQmtF0U4sBdFa7MXRZ62F0XWuRdFBb0XRTjA
F0VrwxdFnsYXRdbJF0UFzRdFPNAXRWvTF0Wi1hdF1tkXRQndF0U44BdFa+MXRaLmF0XW6RdF
Be0XRTjwF0Vr8xdFnvYXRdb5F0UN/RdFOAAYRWsDGEWiBhhF0gkYRQUNGEU4EBhFbxMYRZ4W
GEXSGRhFBR0YRTggGEVrIxhFniYYRdIpGEUFLRhFODAYRWszGEWeNhhF0jkYRQU9GEU4QBhF
a0MYRZ5GGEXSSRhFBU0YRThQGEVvUxhFnlYYRdJZGEUJXRhFPGAYRWtjGEWiZhhF0mkYRQVt
GEU4cBhFa3MYRZ52GEXSeRhFCX0YRTiAGEVvgxhFnoYYRdKJGEUFjRhFOJAYRWuTGEWelhhF
0pkYRQWdGEU4oBhFxaMYRaKmGEXSqRhFCa0YRTiwGEVvsxhFnrYYRda5GEUFvRhFOMAYRW/D
GEWixhhF0skYRQXNGEU40BhFb9MYRZ7WGEXS2RhFBd0YRTjgGEVr4xhFnuYYRdbpGEUF7RhF
PPAYRWvzGEWi9hhF0vkYRQX9GEU4ABlFbwMZRZ4GGUXWCRlFBQ0ZRTgQGUVvExlFohYZRdIZ
GUUJHRlFOCAZRW8jGUWeJhlF1ikZRQktGUU4MBlFbzMZRZ42GUXSORlFBT0ZRThAGUVrQxlF
nkYZRdZJGUUJTRlFPFAZRW9TGUWeVhlF0lkZRQVdGUU4YBlFa2MZRZ5mGUXSaRlFCW0ZRThw
GUVrcxlFonYZRdJ5GUUJfRlFOIAZRWuDGUWehhlF1okZRQWNGUU4kBlFb5MZRZ6WGUXSmRlF
BZ0ZRTygGUVvoxlFoqYZRdKpGUUJrRlFPLAZRW+zGUWethlF1rkZRQW9GUU8wBlFb8MZRZ7G
GUXSyRlFBc0ZRTjQGUVr0xlFntYZRdLZGUUF3RlFOOAZRSTkGUWr5hlF0ukZRQntGUU48BlF
a/MZRZ72GUXS+RlFCf0ZRTgAGkVrAxpFngYaRdIJGkUJDRpFOBAaRW8TGkWeFhpF1hkaRQUd
GkU4IBpFbyMaRZ4mGkXWKRpFCS0aRTgwGkVrMxpFojYaRdI5GkUJPRpFOEAaRWtDGkWeRhpF
0kkaRQlNGkU8UBpFb1MaRZ5WGkXWWRpFBV0aRTxgGkVrYxpFnmYaRdZpGkUFbRpFOHAaRW9z
GkWAdxpFB3oaRQV9GkU8gBpFa4MaRZ6GGkXWiRpFCY0aRUCQGkVvkxpFnpYaRdKZGkUFnRpF
PKAaRWujGkWephpF1qkaRQmtGkU4sBpFa7MaRZ62GkXSuRpFBb0aRTjAGkVrwxpFnsYaRdLJ
GkUFzRpFPNAaRWvTGkWe1hpF1tkaRQndGkU84BpFa+MaRZ7mGkXS6RpFBe0aRTjwGkVr8xpF
ovYaRdL5GkUF/RpFOAAbRWsDG0WiBhtF0gkbRQUNG0U8EBtFaxMbRZ4WG0XSGRtFBR0bRTwg
G0U4JBtFvyYbRdYpG0UFLRtFPDAbRW8zG0WeNhtF0jkbRQU9G0U4QBtFb0MbRZ5GG0XWSRtF
BU0bRTxQG0VrUxtFnlYbRdJZG0UJXRtFPGAbRWtjG0WiZhtF0mkbRQltG0U8cBtFa3MbRZ52
G0XSeRtFCX0bRTiAG0VrgxtFnoYbRdKJG0UFjRtFOJAbRWuTG0WilhtF1pkbRQWdG0U4oBtF
a6MbRaKmG0XSqRtFBa0bRTiwG0VrsxtFp7YbRda5G0UJvRtFOMAbRW/DG0WexhtF0skbRQXN
G0U40BtFa9MbRaLWG0XS2RtFBd0bRTjgG0Vv4xtFouYbRdbpG0UJ7RtFOPAbRWvzG0We9htF
1vkbRQX9G0U4ABxFbwMcRZ4GHEXWCRxFBQ0cRTwQHEVvExxFnhYcRdYZHEUFHRxFOCAcRW8j
HEWeJhxF0ikcRQUtHEU4MBxFbzMcRaI2HEXWORxFBT0cRTxAHEVrQxxFokYcRdJJHEUJTRxF
OFAcRWtTHEWeVhxF0lkcRQVdHEU4YBxFjmQcRRlnHEXSaRxFBW0cRThwHEVrcxxFnnYcRdJ5
HEUFfRxFOIAcRWuDHEWehhxF1okcRQWNHEU8kBxFb5McRaKWHEXSmRxFBZ0cRTygHEVvoxxF
nqYcRdKpHEUJrRxFPLAcRWuzHEWithxF0rkcRQW9HEU4wBxFa8McRZ7GHEXWyRxFCc0cRTjQ
HEVv0xxFotYcRdLZHEUJ3RxFPOAcRW/jHEWe5hxF0ukcRQntHEU48BxFa/McRZ72HEXW+RxF
Cf0cRTgAHUVvAx1FngYdRdYJHUUFDR1FPBAdRWsTHUWeFh1F0hkdRQkdHUU8IB1FayMdRaIm
HUXWKR1FBS0dRTwwHUVrMx1FojYdRdI5HUUFPR1FOEAdRWtDHUWeRh1F0kkdRQVNHUU8UB1F
b1MdRZ5WHUXWWR1FBV0dRThgHUVvYx1FnmYdRdZpHUUFbR1FPHAdRWtzHUWedh1F0nkdRQV9
HUU=</AssayXData><AssayYData Points="500">4gGpQDJMqUA4YqlAIWmpQJlRqUChZKlAhlOpQJxWqUAdl6lApZGpQB1qqUBPc6lAAlipQHla
qUD+falAdp+pQHpSqUDDealAnY6pQOKNqUBlialAKbupQEqMqUCqlqlAXKupQLOOqUB8kqlA
O22pQEuFqUDJfKlAg6SpQMd7qUCgpqlACbmpQDnCqUCXnalAk5SpQK6zqUAsaalADL+pQES7
qUDcoqlACrOpQM2iqUCKtqlAqompQD3IqUC4x6lAaYSpQOuEqUDSoqlAvHSpQECzqUCYlqlA
pKSpQIXNqUBCuqlAq7KpQNGdqUD7vKlAEJipQMuiqUCQualAt6KpQOJ9qUCo0qlAhKSpQCaN
qUApwKlA88epQL+iqUBstKlAQ/apQEqYqUD9oalAHMapQCTJqUCWn6lAGLipQKiiqUDNuqlA
Hp6pQBqkqUD9k6lAnbapQK24qUC1cqlAkqmpQJO5qUCapqlAKaCpQCKnqUBGg6lA/LupQGqv
qUAoyalAbaypQPjrqUAe4KlASoipQByoqUAHtalAhK+pQBK2qUAQ06lAlaGpQBLCqUA87alA
Q6apQBzMqUB4vqlAHMepQNiRqUC216lAxfOpQKO+qUA91qlAq9ipQMjWqUDioqlAMcSpQNmU
qUD4/KlAF+OpQCPDqUCSmKlAGdWpQGqtqUAUw6lAq+6pQK7XqUDYwKlAxuSpQOntqUAiq6lA
1e+pQLrTqUAnv6lAKcapQCH7qUDJuKlAN8upQDv6qUCXzalAm7+pQArnqUCvH6pA8PGpQNvx
qUCg0alAfr+pQLDuqUAU4KlAgdSpQA75qUBBAapAquSpQITBqUDe46lAO9KpQJO+qUCmAKpA
WQGqQEXkqUCL96lAXdupQEnVqUDTFapAUuupQITEqUDABKpAyACqQJTAqUDO9alAEeipQOjj
qUBW4alA5AaqQBjeqUA+9qlAJBeqQOP/qUD9z6lA4h2qQDfiqUDh5qlAWQGqQH8MqkCBuKlA
VuCpQAn4qUB62qlAZ+WpQFkLqkADJ6pAQfipQG8NqkBkBqpA3gCqQD4iqkDkGKpAbACqQNY3
qkBP/KlAKtepQHMMqkAOHqpA/RCqQFAUqkAUJ6pA5wKqQM3/qUD0/6lAw9upQHgJqkDwQapA
7S6qQJ4oqkDlDKpAmUSqQDEqqkC2Q6pA5wKqQJf6qUBsMKpAZxuqQIQmqkDxI6pAElqqQKEB
qkD8HapAkSeqQC4nqkAtIapA/UuqQFj9qUAOEqpAckmqQOIZqkCEEKpARziqQA8fqkAdDKpA
aiGqQHtmqkCrHKpAE0aqQJw5qkBYHKpANzyqQAZNqkBJRapAdkOqQMMsqkAOLKpAX0yqQP4g
qkDkWqpAJReqQD5EqkAcMapA80mqQNZdqkB/R6pAODKqQD8sqkA8YqpA1lKqQHoyqkBVSKpA
LFKqQIcyqkBKOKpA00yqQF09qkBdV6pAYFWqQClJqkCdcqpAI0mqQOhTqkAeKqpAjWaqQGlR
qkBiNKpA0GmqQKddqkBwRapAvFeqQDtnqkCSP6pAo0GqQKtiqkCJLapA71KqQHVsqkAPSqpA
gkOqQAdHqkAAW6pAqkaqQHFyqkCKe6pAjVmqQG1zqkAwfKpAJUqqQGpjqkDyX6pAEEuqQOZl
qkAqfapAzVyqQPhUqkC3XqpA1XyqQD01qkBueapAx3aqQCxiqkAkkKpAdniqQNdmqkARlKpA
wXaqQDxXqkBej6pAtaaqQIRVqkCKlqpALJGqQJtjqkDvgKpALHCqQCtoqkBzYapAZ5iqQF2P
qkD2bKpAeJyqQIaNqkB9bKpA45qqQB2aqkA2YapAnLGqQJ2OqkC9aKpAHm6qQJCAqkDAkKpA
Vm2qQL2MqkDrm6pAAYyqQCSmqkAOjqpAVoiqQOuvqkCtrapApWWqQP6MqkAytapAU1mqQMSt
qkD0iKpADZCqQFl+qkAGuqpAPKqqQL6GqkBGqqpAnIGqQEWEqkBCvKpAr62qQNZ9qkAIeKpA
b66qQO6VqkDxuqpAbraqQMx9qkBXiapA87WqQNWdqkA8fKpAIamqQG+zqkDNoqpAs8aqQFe3
qkCzs6pA6sGqQGbNqkCPnapAdZqqQFjkqkAPm6pAuLOqQMLkqkDbtKpAM6mqQA29qkC31apA
9bmqQJmlqkCcl6pAX56qQIjCqkDP06pAsK+qQLCfqkAd3qpA0MeqQMjKqkAdxapAMLeqQJGp
qkBx5qpAbduqQKuqqkCb6qpAbemqQKTNqkAG56pAvtCqQB6jqkCMq6pAC9GqQPDOqkCiwqpA
sOGqQMSrqkD3BatAkOuqQF0Fq0AX1apAHw+rQFjkqkDyyqpAP/yqQP7KqkAd1apApvyqQGne
qkBBwKpATcqqQJTYqkDFqqpAa/KqQPP8qkDA36pA4+aqQLwRq0Bw0qpA2LCqQDQWq0DRwapA
bruqQOHjqkB22qpA4eqqQDsEq0Ap2KpAHwGrQCIQq0DZJatAptmqQPPqqkA0A6tAEPWqQHbs
qkC3HKtALuqqQIveqkDjLKtAVRerQFDzqkCG5apAqwirQA3rqkCWEatAieCqQPzuqkD7EatA
2gmrQNPWqkDm+6pA3gCrQCMKq0Bk7KpAwxKrQCfTqkCoNatARAerQMQrq0AW+apAEgmrQNb+
qkA=</AssayYData></Step><Step><CommonData><SampleLocation>2</SampleLocation><SampleID>hsCD3d/e_Acro_CDD-H52W1</SampleID><SampleGroup></SampleGroup><SampleInfo></SampleInfo><SampleRow>A</SampleRow><SamplePlate>1</SamplePlate><WellType>KSAMPLE</WellType><Concentration>-1</Concentration><ConcentrationUnits>µg/ml</ConcentrationUnits><MolarConcentration>200</MolarConcentration><MolarConcUnits>nM</MolarConcUnits><MolecularWeight>0</MolecularWeight><Temperature>30</Temperature><StartTime>2914722</StartTime><AssayTime>180</AssayTime></CommonData><FlowRate>1000</FlowRate><StepType>ASSOC</StepType><StepName>Association</StepName><StepStatus>OK</StepStatus><ActualTime>180.001</ActualTime><CycleTime>0.2</CycleTime><AssayXData Points="900">OIAdRWuDHUWihh1F0okdRQWNHUU4kB1Fb5MdRZ6WHUXSmR1FBZ0dRTygHUVrox1FnqYdRdap
HUUFrR1FOLAdRW+zHUWith1F0rkdRQm9HUU4wB1Fb8MdRZ7GHUXSyR1FBc0dRTzQHUVr0x1F
ntYdRdLZHUUF3R1FOOAdRWvjHUWe5h1F0ukdRQXtHUU88B1Fa/MdRZ72HUXW+R1FCf0dRTgA
HkVrAx5FogYeRdIJHkUFDR5FPBAeRWsTHkWiFh5F0hkeRQkdHkU4IB5FayMeRZ4mHkXWKR5F
CS0eRTwwHkVrMx5FnjYeRdI5HkUFPR5FPEAeRW9DHkWeRh5F1kkeRQVNHkU4UB5Fb1MeRZ5W
HkXWWR5FBV0eRXVgHkVrYx5FnmYeRdZpHkUFbR5FOHAeRWtzHkWedh5F0nkeRQl9HkU4gB5F
a4MeRZ6GHkXSiR5FBY0eRTiQHkVrkx5FopYeRdKZHkUFnR5FOKAeRWujHkWiph5F0qkeRQmt
HkU4sB5Fa7MeRZ62HkXSuR5FCb0eRTjAHkVrwx5FnsYeRdLJHkUJzR5FONAeRW/THkWe1h5F
0tkeRQXdHkU44B5Fa+MeRZ7mHkXS6R5FBe0eRTjwHkVr8x5FnvYeRdL5HkUF/R5FPAAfRWsD
H0WiBh9F0gkfRQUNH0U8EB9FbxMfRaIWH0XWGR9FCR0fRTggH0VrIx9FniYfRdIpH0UFLR9F
ODAfRWszH0WiNh9F1jkfRQU9H0U4QB9Fb0MfRaJGH0XSSR9FBU0fRThQH0VvUx9FolYfRdZZ
H0UJXR9FPGAfRWtjH0WiZh9F0mkfRQltH0U4cB9Fb3MfRZ52H0XSeR9FBX0fRTiAH0Vrgx9F
noYfRdKJH0UJjR9FPJAfRWuTH0Welh9F0pkfRQWdH0XLoB9Fb6MfRZ6mH0XSqR9FBa0fRTiw
H0Vrsx9ForYfRdK5H0UFvR9FPMAfRWvDH0Wexh9F1skfRQXNH0U40B9Fa9MfRaLWH0XW2R9F
Bd0fRTzgH0Vr4x9FouYfRdLpH0UJ7R9FPPAfRWvzH0We9h9F1vkfRQX9H0U8ACBFawMgRZ4G
IEXSCSBFCQ0gRTwQIEVrEyBFohYgRdIZIEUFHSBFPCAgRWsjIEWeJiBF0ikgRQUtIEU4MCBF
bzMgRaI2IEXSOSBFBT0gRThAIEVrQyBFnkYgRdJJIEUJTSBFOFAgRWtTIEWiViBF0lkgRQVd
IEU4YCBFb2MgRZ5mIEXSaSBFBW0gRTxwIEVvcyBFnnYgRdJ5IEUJfSBFPIAgRW+DIEWehiBF
0okgRQmNIEU8kCBFb5MgRaKWIEXSmSBFBZ0gRTigIEVvoyBFoqYgRdKpIEUFrSBFPLAgRWuz
IEWitiBF0rkgRQW9IEU4wCBFa8MgRZ7GIEXSySBFCc0gRTjQIEVv0yBFntYgRdbZIEUJ3SBF
r+AgRWvjIEWe5iBF0ukgRQntIEU48CBFa/MgRaL2IEXW+SBFBf0gRTwAIUVrAyFFngYhRdIJ
IUUJDSFFPBAhRWsTIUWiFiFF0hkhRQkdIUU8ICFFayMhRZ4mIUXSKSFFBS0hRTwwIUVrMyFF
njYhRdI5IUUFPSFFPEAhRWtDIUWiRiFF0kkhRQlNIUU4UCFFa1MhRZ5WIUXWWSFFBV0hRThg
IUVrYyFFomYhRdJpIUUFbSFFOHAhRWtzIUWidiFF0nkhRQV9IUU4gCFFa4MhRZ6GIUXWiSFF
CY0hRTyQIUVvkyFFnpYhRdaZIUUFnSFFOKAhRW+jIUWepiFF0qkhRQWtIUU8sCFFa7MhRZ62
IUXWuSFFBb0hRTjAIUVrwyFFnsYhRdLJIUUJzSFFONAhRW/TIUWe1iFF1tkhRQXdIUU84CFF
b+MhRaLmIUXS6SFFBe0hRTzwIUVr8yFFnvYhRdL5IUUF/SFFOAAiRWsDIkWeBiJF1gkiRQkN
IkU4ECJFaxMiRaIWIkXSGSJFCR0iRXogIkVvIyJFniYiRdIpIkUFLSJFODAiRWszIkWeNiJF
0jkiRQU9IkU4QCJFa0MiRaJGIkXSSSJFBU0iRThQIkVrUyJFolYiRdZZIkUJXSJFOGAiRWtj
IkWeZiJF0mkiRQVtIkU4cCJFa3MiRZ52IkXSeSJFBX0iRTiAIkVvgyJFnoYiRdKJIkUJjSJF
OJAiRW+TIkWiliJF0pkiRQWdIkU4oCJFb6MiRZ6mIkXSqSJFBa0iRTiwIkVrsyJForYiRdK5
IkUFvSJFPMAiRWvDIkWexiJF1skiRQXNIkU40CJFa9MiRaLWIkXS2SJFBd0iRTzgIkVv4yJF
nuYiRdLpIkUJ7SJFOPAiRWvzIkWe9iJF0vkiRQn9IkU8ACNFawMjRaIGI0XSCSNFCQ0jRTgQ
I0VrEyNFnhYjRdYZI0UFHSNFOCAjRWsjI0WeJiNF0ikjRQUtI0U4MCNFazMjRZ42I0XSOSNF
BT0jRTxAI0VvQyNFokYjRdZJI0UFTSNFPFAjRWtTI0WeViNF0lkjRQVdI0WSYCNFa2MjRZ5m
I0XWaSNFCW0jRThwI0VvcyNFnnYjRdZ5I0UFfSNFOIAjRWuDI0WehiNF1okjRQWNI0U4kCNF
a5MjRZ6WI0XSmSNFBZ0jRTigI0VroyNFoqYjRdKpI0UJrSNFOLAjRW+zI0WetiNF0rkjRQW9
I0U4wCNFa8MjRZ7GI0XSySNFBc0jRTjQI0Vr0yNFntYjRdLZI0UJ3SNFOOAjRWvjI0We5iNF
0ukjRQXtI0U88CNFa/MjRZ72I0XW+SNFBf0jRTgAJEVrAyRFngYkRdIJJEUNDSRFOBAkRW8T
JEWeFiRF0hkkRQkdJEU4ICRFayMkRaImJEXSKSRFCS0kRTgwJEVrMyRFnjYkRdI5JEUJPSRF
OEAkRW9DJEWeRiRF0kkkRQVNJEU8UCRFa1MkRZ5WJEXSWSRFBV0kRThgJEVrYyRFnmYkRdJp
JEUFbSRFOHAkRWtzJEWediRF0nkkRQl9JEU4gCRFa4MkRZ6GJEXSiSRFCY0kRTiQJEVrkyRF
npYkRdaZJEUJnSRFq6AkRWujJEWepiRF0qkkRQWtJEU4sCRFa7MkRZ62JEXWuSRFBb0kRTjA
JEVrwyRFnsYkRdbJJEUJzSRFONAkRW/TJEWi1iRF0tkkRQXdJEU44CRFa+MkRaLmJEXS6SRF
Be0kRTzwJEVr8yRFovYkRdL5JEUJ/SRFOAAlRW8DJUWiBiVF1gklRQkNJUU4ECVFaxMlRZ4W
JUXSGSVFBR0lRTggJUVrIyVFoiYlRdYpJUUJLSVFODAlRWszJUWiNiVF0jklRQU9JUU4QCVF
a0MlRZ5GJUXWSSVFCU0lRThQJUVvUyVFnlYlRdZZJUUFXSVFOGAlRW9jJUWiZiVF0mklRQlt
JUU4cCVFa3MlRZ52JUXSeSVFCX0lRTyAJUVrgyVFooYlRdaJJUUFjSVFOJAlRWuTJUWiliVF
0pklRQWdJUU4oCVFa6MlRZ6mJUXSqSVFBa0lRTywJUVrsyVForYlRdK5JUUFvSVFPMAlRWvD
JUWixiVF1sklRQXNJUU40CVFa9MlRZ7WJUXS2SVFBd0lRYLgJUVr4yVFnuYlRdLpJUUJ7SVF
OPAlRXPzJUWe9iVF0vklRQn9JUU4ACZFbwMmRZ4GJkXSCSZFBQ0mRTgQJkVrEyZFnhYmRdIZ
JkUJHSZFOCAmRWsjJkWeJiZF1ikmRQUtJkU8MCZFbzMmRZ42JkXSOSZFCT0mRTxAJkVvQyZF
okYmRdJJJkUFTSZFPFAmRWtTJkWeViZF1lkmRQVdJkU4YCZFb2MmRZ5mJkXWaSZFCW0mRThw
JkVrcyZFnnYmRdJ5JkUFfSZFQIAmRWuDJkWehiZF0okmRQWNJkU4kCZFa5MmRZ6WJkXSmSZF
BZ0mRTigJkVroyZFnqYmRdKpJkUFrSZFOLAmRWuzJkWitiZF0rkmRQW9JkU8wCZFb8MmRZ7G
JkXSySZFBc0mRTjQJkVv0yZFntYmRdLZJkUJ3SZFOOAmRWvjJkWe5iZF1ukmRQXtJkU48CZF
a/MmRaL2JkXS+SZFBf0mRTwAJ0VrAydFngYnRdYJJ0UJDSdFPBAnRWsTJ0WeFidF0hknRQUd
J0XUICdFayMnRaImJ0XSKSdFCS0nRTwwJ0VrMydFnjYnRdY5J0UJPSdFOEAnRWtDJ0WeRidF
1kknRQlNJ0U8UCdFa1MnRaJWJ0XWWSdFBV0nRTxgJ0VrYydFnmYnRdJpJ0UFbSdFPHAnRW9z
J0WedidF1nknRQl9J0U8gCdFb4MnRZ6GJ0XSiSdFBY0nRTiQJ0VrkydFopYnRdKZJ0UFnSdF
OKAnRWujJ0WepidF0qknRQWtJ0U8sCdFa7MnRaK2J0XSuSdFCb0nRTjAJ0VrwydFnsYnRdLJ
J0UFzSdFONAnRWvTJ0We1idF2tknRQXdJ0U84CdFa+MnRaLmJ0XS6SdFCe0nRTjwJ0Vr8ydF
ovYnRdb5J0UF/SdFOAAoRW8DKEWeBihF0gkoRQUNKEU8EChFaxMoRZ4WKEXSGShFBR0oRTwg
KEVrIyhFoiYoRdIpKEUFLShFODAoRW8zKEWiNihF0jkoRQU9KEU8QChFa0MoRZ5GKEXSSShF
CU0oRThQKEVrUyhFnlYoRdZZKEUFXShFr2AoRWtjKEWeZihF0mkoRQVtKEU4cChFa3MoRZ52
KEXWeShFCX0oRTiAKEVrgyhFnoYoRdKJKEUJjShFOJAoRWuTKEWelihF0pkoRQWdKEU4oChF
a6MoRaKmKEXWqShFBa0oRTiwKEVvsyhForYoRdK5KEUJvShF</AssayXData><AssayYData Points="900">bMWqQBYEq0AhhKtAhumrQN0KrECYM6xARDGsQEEbrEDMiqxA1n+sQHevrEAT0KxANMusQLDw
rEAH+KxArSmtQA42rUAVTK1AFFWtQIVjrUC/aK1ATp+tQBHGrUBCwK1AAMGtQOnBrUDJ2K1A
oemtQM3srUDmDK5Am/CtQH0IrkDrJq5ArRSuQHgRrkBaJ65AHoSuQB5frkCrXa5AUGeuQPWo
rkDNlq5ArqiuQL7ArkDyk65A/a2uQNbBrkD9xK5AnbyuQCq9rkAD165AmLCuQLbhrkAm4q5A
o9OuQCXArkBvAK9ANvuuQKDkrkDxBq9ABwqvQIY4r0BKIq9AbRmvQDsRr0AvRq9AAzivQN8+
r0DSLK9Ai1GvQLREr0AaWK9AeFyvQCR8r0A/V69Aa0WvQKppr0CWP69AMG+vQBdur0A7da9A
c5yvQCyRr0CRk69AJIivQEurr0DnnK9ApYyvQPizr0AZka9Ak7KvQIPKr0Blx69AdpivQLe+
r0ABva9Azq+vQOPhr0AQwa9A+9uvQMfsr0Ce869AsuavQA3Nr0DL569ALfmvQKMJsEAc5K9A
cQiwQMLhr0BSF7BA4iqwQEUfsEBwNrBAnEmwQFUnsEBfGrBALBewQEkcsEAiNLBANjCwQEYh
sEDaXbBAvU+wQEEzsEBaU7BA+GewQKdjsECDV7BA7HCwQN1vsEB3U7BAt1awQOpQsEDsXbBA
tnOwQH58sEALnbBAE36wQDxmsECPqLBAE3KwQC6RsECLmbBAioGwQFnTsEAaprBAj6qwQAS1
sEAKt7BAXrawQDmysECfnbBA9cmwQH3jsEDTn7BAc7qwQA2hsEACsrBAwMSwQPvisEAX8rBA
iLWwQILUsEBUxLBARBaxQBTSsEA/AbFAvRGxQPvYsEBfDLFAgu6wQALwsEB0IrFAOxKxQBXx
sECRNbFAtv2wQL07sUAfHrFAMzuxQMY1sUDeJrFAPeWwQE81sUBuOrFAGCixQNdQsUAZPLFA
QTCxQJ1esUAZLLFAOCuxQC0/sUAyXrFAhTKxQC06sUAsg7FAgWaxQIxWsUDOkLFAi2+xQItE
sUDFi7FAbWWxQPKDsUCsqbFAN0OxQAllsUBRZ7FA/5WxQE1msUCBnbFAEaaxQOxusUDWYbFA
hbexQPChsUCtkrFAjY6xQNmqsUAUpbFA4quxQNK4sUAsf7FAisSxQDLOsUAGn7FAJvKxQL3D
sUCitLFAgrGxQAbRsUCHyLFA3cWxQGLssUAe4rFADBOyQKD8sUCM5bFAHN2xQF3msUC857FA
tcWxQJHlsUBuCrJA2OyxQP0dskBo4bFAUtmxQHYKskCh7bFABQOyQAj5sUB5MrJABwmyQLwE
skBXKbJAxyKyQCwfskC4KrJA9xmyQMk3skB/LrJAPy6yQPA5skC9UrJAik6yQGhFskCnU7JA
4GWyQGxDskBSQrJAWoKyQHhcskC3S7JApWmyQFSGskDkZ7JAQ5eyQKptskALW7JACFWyQD55
skBNf7JA91uyQBdhskB0fLJAV2myQOSZskCJbrJAvpKyQCOuskAMl7JALbOyQKCnskA1rrJA
wnyyQGWZskBSmbJAlp6yQEygskAcmrJALY2yQPO+skA9t7JA2b+yQCqlskC3r7JAMtqyQLfV
skDYzbJAuLKyQASxskCKuLJAQNyyQK7vskAS1LJAj/uyQNbnskC937JA/LmyQO/DskCl6LJA
4fGyQBP4skBE3bJAneGyQCAgs0Dg5rJAR+OyQGLdskD84LJA5xWzQF4Is0CHLrNAEf6yQJIT
s0C5DrNAzvayQJcJs0DkF7NA3C+zQI0gs0DGPbNAUPOyQPMis0CzPLNAHlCzQKg8s0B5ObNA
GDSzQHE1s0AwM7NANy6zQPUTs0DvJLNAVTuzQAo4s0DsOLNAOTmzQCkts0BxRbNAqX+zQItW
s0AcYbNANYyzQP1ws0COc7NALWazQDFJs0CcibNAwG6zQO9zs0CoUrNAL5qzQJF8s0AuY7NA
GIqzQMqZs0BNebNAE4OzQAZ3s0CTf7NA4cCzQMmjs0BSjbNAX66zQN/Hs0AYjLNAUY6zQEav
s0Dpl7NAKqGzQDGis0ACnLNARrizQD2/s0Cuo7NAmsOzQBr5s0CvorNA/dGzQGH3s0D1zbNA
LvWzQFu/s0ADybNAbO2zQLDYs0C84bNAwbyzQMe3s0C017NAo9mzQIncs0D37LNAkfqzQG4G
tEDl3LNAVvKzQOjqs0Bn9rNAZSC0QAUOtEC4CrRAIia0QBTls0D80bNAL/OzQG30s0C6/7NA
wxq0QGg6tEBiGLRAWyu0QBIctECR/bNAZkC0QC04tEBVN7RA1Qe0QCgltED0OLRAOzy0QDc6
tEB9WbRApBy0QBQ/tEBaarRAaC+0QARJtECqQLRAR0S0QGpAtEDpQ7RABEG0QBMmtEBfUbRA
YTy0QG1JtECQRrRARFy0QAtAtECadLRAdj60QBx7tECybrRAqIy0QLhmtEAjYLRAJHS0QG91
tEBVSrRADJS0QHWCtEBtgrRAQW60QLljtEB3QbRA4n+0QEOLtEBEjbRAzLe0QLl9tED3YbRA
LIO0QGCctED3c7RAu6W0QDKotECQqLRA1p+0QD+RtEA5l7RAjpW0QAaytEBdnLRAcJ60QHq9
tEDXprRAYKm0QOKmtED+r7RA+7a0QEbCtECxr7RAHJi0QETvtEDrxLRApKS0QKi7tED637RA
IZm0QJC5tEAm6rRA08u0QPOftEAO5bRAVMS0QB3NtEDyw7RA5OG0QB3ktEB25rRANvq0QKL1
tECY47RAlPq0QFz7tEA46bRAtwK1QGUWtUCE7LRAlOa0QFkCtUCG+7RAn9W0QKIWtUAkCrVA
bPi0QBAJtUAf/LRATwS1QCREtUDT+bRAMvS0QPn+tEB9GLVA8S+1QC4utUAsFbVAKv+0QDEm
tUCK67RAMBe1QNobtUCMC7VAZ/q0QGQXtUAkerVArSq1QHYgtUDlOLVAoCW1QNIjtUDaRLVA
shy1QBANtUBATLVAgDS1QMEVtUBKWbVALEe1QMxPtUDhTbVAdXi1QCBOtUDDJbVAqWe1QARd
tUBgK7VA0V+1QGxatUDkXbVAqUG1QHhutUCCeLVAD3a1QKBgtUCEp7VAj361QM18tUAqb7VA
v2+1QM6EtUBNXrVARmK1QB6StUArX7VAXGS1QGtktUD1mLVAEnm1QD2UtUA/dLVAFry1QHSs
tUBRmLVAbaC1QP62tUDDrLVANIK1QL58tUATsbVAXbS1QFWgtUBIqrVAdaG1QBKvtUCBmLVA
6KO1QOmZtUDds7VA0ru1QPa1tUDyurVA/b+1QC2LtUBhorVAhem1QK+ttUDe77VADdu1QArk
tUAdq7VADsq1QGjItUCuvLVA2NW1QHrYtUBZ7bVAptW1QKfNtUDxs7VA/MG1QJrZtUAf47VA
t9u1QAYJtkCSCLZAAuK1QKvhtUAi4rVAZgy2QDwhtkBjBbZADhe2QNs5tkCFzLVA6Py1QD/Q
tUBe7LVAnQ+2QJ/VtUBH+LVAcA+2QFf9tUCL8bVAA+e1QAEOtkCpGbZAwh22QNAetkCgBrZA
cDe2QOLmtUD5C7ZAUyG2QBAxtkD3H7ZAdBy2QMgntkBzDLZACe+1QMhKtkALO7ZA8kG2QOYE
tkD4JLZAAiW2QO4CtkCDOrZA6Uq2QN43tkBTUrZA3j62QKc/tkAgS7ZAfyi2QERgtkCIS7ZA
Eyu2QPE0tkCMPLZAbWC2QDVTtkCGW7ZABzy2QB5OtkDtUbZAjVC2QHs3tkBRV7ZA1UK2QGJ9
tkB8TLZAC2i2QG5YtkCVVLZA4Ty2QD1RtkD+arZAS3i2QGRytkDUZ7ZAOnO2QAN9tkCOe7ZA
BHG2QDdltkCwk7ZAG3u2QHprtkCvWLZAnW62QNWAtkC4oLZAc4K2QBWLtkA9jrZAMoW2QNiA
tkAejbZANou2QLeLtkALfbZA/YW2QE+XtkD8jrZAPpC2QGawtkAtorZAeZe2QA6TtkAZsbZA
eIC2QN6ktkCDhbZATay2QKautkAFlbZAY7C2QESmtkA21LZAkZC2QGDDtkAUtbZAoMW2QISq
tkDRzbZAwsW2QDDWtkCz27ZAEMW2QJrItkBlyLZAJ9S2QMK/tkCU4rZAzOi2QEXHtkCI6bZA
G8e2QGULt0CY+rZAVdm2QCXVtkBqsrZAaP22QKr9tkCm47ZA3NO2QF7ztkATzLZAgPG2QPKm
tkDh7LZAzuK2QFQdt0DZEbdAlfS2QCr3tkA6AbdAwtG2QKjntkC3E7dAfAO3QAYIt0Cu4LZA
PNq2QFX1tkCeCrdAQw63QE3dtkDiGrdA8Rm3QC8Wt0DxF7dAJRe3QMrztkDXKLdAoPS2QH7o
tkAsAbdANFK3QKowt0DKA7dAizW3QB0Xt0AsR7dAewm3QLjwtkBKKbdAVka3QJcht0CiRrdA
dzC3QKEbt0AbJ7dAlUG3QIZAt0DpI7dAeke3QJU2t0AvL7dANUG3QMw9t0BhIrdA+Uy3QCg/
t0DVPrdAr1C3QIY9t0AnSLdA10K3QHFVt0AOardAujG3QFNbt0CEN7dAK1C3QLhft0A5RbdA
xGW3QOWNt0AJP7dA+FW3QChOt0BoQbdApWO3QPNDt0BpUbdA0W23QDlbt0BVSLdAVU+3QNRz
t0DUWbdAV2e3QHORt0AsfbdAnWu3QAU3t0CNgrdAt5a3QEVtt0B8VbdAfnC3QDqCt0CMWrdA
94q3QCF1t0AFhLdA4ni3QISAt0C5crdARXm3QNitt0Awe7dA</AssayYData></Step><Step><CommonData><SampleLocation>1</SampleLocation><SampleID>Octet Buffer</SampleID><SampleGroup></SampleGroup><SampleInfo></SampleInfo><SampleRow>A</SampleRow><SamplePlate>1</SamplePlate><WellType>BUFFER</WellType><Concentration>-1</Concentration><ConcentrationUnits>µg/ml</ConcentrationUnits><MolarConcentration>-1</MolarConcentration><MolarConcUnits>nM</MolarConcUnits><MolecularWeight>0</MolecularWeight><Temperature>30</Temperature><StartTime>3102799</StartTime><AssayTime>300</AssayTime></CommonData><FlowRate>1000</FlowRate><StepType>DISASSOC</StepType><StepName>Dissociation</StepName><StepStatus>OK</StepStatus><ActualTime>300.001</ActualTime><CycleTime>0.2</CycleTime><AssayXData Points="1500">PMAoRXPDKEWixihF2skoRQnNKEU80ChFb9MoRaLWKEXa2ShFDd0oRTzgKEVv4yhFpuYoRdbp
KEUJ7ShFPPAoRW/zKEWi9ihF1vkoRQ39KEU8AClFbwMpRaIGKUXWCSlFDQ0pRTwQKUVvEylF
phYpRdoZKUUJHSlFPCApRW8jKUWiJilF1ikpRQ0tKUVAMClFczMpRaI2KUXaOSlFCT0pRTxA
KUVvQylFpkYpRdZJKUUNTSlFPFApRXNTKUWiVilF1lkpRQ1dKUU8YClFb2MpRaJmKUXWaSlF
CW0pRUBwKUVzcylFpnYpRdZ5KUUJfSlFQIApRW+DKUWmhilF1okpRQmNKUU8kClFb5MpRaKW
KUXamSlFCZ0pRTygKUVvoylFoqYpRdqpKUUNrSlFPLApRW+zKUWitilF1rkpRQm9KUU8wClF
c8MpRaLGKUXWySlFDc0pRTzQKUVv0ylFotYpRdrZKUUJ3SlFPOApRW/jKUWi5ilF1ukpRQnt
KUU88ClFc/MpRaL2KUXa+SlFCf0pRUAAKkVvAypFogYqRdoJKkUJDSpFPBAqRW8TKkWiFipF
1hkqRQkdKkU8ICpFbyMqRaImKkXaKSpFDS0qRUAwKkVvMypFpjYqRdY5KkUNPSpFPEAqRW9D
KkWiRipF2kkqRQlNKkU8UCpFc1MqRaZWKkXWWSpFCV0qRUBgKkVzYypFpmYqRdZpKkUNbSpF
PHAqRXNzKkWidipF2nkqRQl9KkU8gCpFb4MqRaKGKkXWiSpFCY0qRTyQKkVvkypFopYqRdqZ
KkUJnSpFPKAqRXOjKkWipipF2qkqRQmtKkU8sCpFb7MqRaa2KkXWuSpFCb0qRTzAKkVvwypF
psYqRdbJKkUJzSpFQNAqRW/TKkWi1ipF2tkqRQndKkU84CpFb+MqRaLmKkXW6SpFCe0qRUDw
KkVv8ypFovYqRdb5KkUN/SpFPAArRXMDK0WiBitF1gkrRQ0NK0U8ECtFbxMrRaIWK0XWGStF
DR0rRTwgK0VvIytFpiYrRdYpK0UJLStFPDArRXMzK0WiNitF2jkrRQ09K0U8QCtFb0MrRaZG
K0XaSStFCU0rRTxQK0VvUytFplYrRdZZK0UJXStFPGArRW9jK0WiZitF2mkrRQ1tK0VAcCtF
b3MrRaJ2K0XaeStFDX0rRTyAK0VzgytFpoYrRdaJK0UJjStFQJArRW+TK0WmlitF2pkrRQmd
K0U8oCtFc6MrRaamK0XaqStFCa0rRTywK0VvsytForYrRdq5K0UNvStFQMArRXPDK0WmxitF
1skrRQ3NK0VA0CtFc9MrRaLWK0Xa2StFCd0rRUDgK0Vz4ytFouYrRdbpK0UJ7StFQPArRXPz
K0Wm9itF2vkrRQ39K0VAACxFbwMsRaIGLEXWCSxFCQ0sRTwQLEVvEyxFohYsRdoZLEUJHSxF
PCAsRW8jLEWiJixF1iksRQktLEU8MCxFbzMsRaY2LEXaOSxFDT0sRUBALEVvQyxFokYsRdZJ
LEUNTSxFPFAsRW9TLEWiVixF1lksRQ1dLEU8YCxFb2MsRaZmLEXWaSxFDW0sRTxwLEVvcyxF
onYsRdZ5LEUNfSxFPIAsRXODLEWihixF1oksRQmNLEVAkCxFb5MsRaKWLEXamSxFCZ0sRUCg
LEVzoyxFoqYsRdapLEUNrSxFPLAsRW+zLEWitixF1rksRQm9LEU8wCxFb8MsRaLGLEXWySxF
Dc0sRTzQLEVv0yxFotYsRdbZLEUN3SxFPOAsRW/jLEWm5ixF1uksRQntLEVA8CxFc/MsRab2
LEXW+SxFCf0sRUAALUVzAy1FogYtRdoJLUUNDS1FPBAtRW8TLUWmFi1F1hktRQ0dLUVAIC1F
byMtRaImLUXWKS1FCS0tRTwwLUVvMy1FojYtRdY5LUUNPS1FQEAtRW9DLUWiRi1F1kktRQlN
LUU8UC1Fb1MtRaZWLUXaWS1FCV0tRUBgLUVvYy1FomYtRdppLUUJbS1FQHAtRW9zLUWidi1F
1nktRQ19LUVAgC1Fb4MtRaKGLUXWiS1FCY0tRTyQLUVzky1FopYtRdaZLUUNnS1FQKAtRXOj
LUWmpi1F1qktRQ2tLUVAsC1Fc7MtRaK2LUXWuS1FDb0tRTzALUVzwy1Fq8YtRdbJLUUJzS1F
PNAtRW/TLUWm1i1F2tktRQndLUU84C1Fc+MtRaLmLUXW6S1FCe0tRUDwLUVv8y1FpvYtRdb5
LUUJ/S1FPAAuRW8DLkWiBi5F1gkuRQ0NLkU8EC5FcxMuRaIWLkXWGS5FCR0uRTwgLkVzIy5F
piYuRdopLkUJLS5FQDAuRXMzLkWiNi5F1jkuRQk9LkVAQC5Fb0MuRaJGLkXWSS5FCU0uRTxQ
LkVvUy5FolYuRdZZLkUJXS5FPGAuRXNjLkWmZi5F2mkuRQltLkVAcC5Fb3MuRaJ2LkXaeS5F
DX0uRTyALkVvgy5FpoYuRdaJLkUNjS5FPJAuRW+TLkWili5F1pkuRQ2dLkU8oC5Fb6MuRaam
LkXWqS5FCa0uRTywLkVvsy5FprYuRda5LkUNvS5FQMAuRXPDLkWixi5F1skuRQ3NLkU80C5F
b9MuRaLWLkXW2S5FCd0uRUDgLkVv4y5FouYuRdrpLkUJ7S5FPPAuRW/zLkWm9i5F2vkuRQn9
LkU8AC9FbwMvRaIGL0XaCS9FCQ0vRUAQL0VzEy9FphYvRdYZL0UJHS9FPCAvRW8jL0WmJi9F
1ikvRQktL0VAMC9FbzMvRaY2L0XaOS9FDT0vRUBAL0VzQy9FpkYvRdZJL0UJTS9FPFAvRXNT
L0WiVi9F1lkvRQ1dL0VAYC9Fc2MvRaZmL0XWaS9FCW0vRTxwL0Vzcy9FpnYvRdZ5L0UJfS9F
PIAvRW+DL0Wihi9F1okvRQ2NL0U8kC9Fc5MvRaKWL0XWmS9FCZ0vRUCgL0Vzoy9FoqYvRdap
L0UNrS9FPLAvRXOzL0Witi9F1rkvRQ29L0U8wC9Fc8MvRabGL0XWyS9FDc0vRTzQL0Vv0y9F
otYvRdrZL0UJ3S9FPOAvRW/jL0Wi5i9F1ukvRQntL0U88C9Fc/MvRaL2L0XW+S9FCf0vRUAA
MEVvAzBFogYwRdYJMEUNDTBFPBAwRXcTMEWiFjBF1hkwRQkdMEU8IDBFbyMwRaImMEXaKTBF
DS0wRTwwMEVzMzBFqzYwRdo5MEUJPTBFPEAwRXNDMEWiRjBF2kkwRQlNMEVAUDBFb1MwRaZW
MEXWWTBFDV0wRTxgMEVzYzBFomYwRdppMEUNbTBFPHAwRXNzMEWmdjBF1nkwRQl9MEVAgDBF
b4MwRaaGMEXaiTBFCY0wRTyQMEVzkzBFppYwRdaZMEUNnTBFPKAwRW+jMEWipjBF1qkwRQmt
MEU8sDBFb7MwRaa2MEXauTBFCb0wRTzAMEVzwzBFpsYwRdbJMEUJzTBFQNAwRXPTMEWi1jBF
1tkwRQndMEVA4DBFb+MwRaLmMEXW6TBFCe0wRTzwMEVv8zBFpvYwRdr5MEUJ/TBFQAAxRW8D
MUWmBjFF1gkxRQkNMUU8EDFFbxMxRaYWMUXWGTFFDR0xRTwgMUVvIzFFoiYxRdopMUUNLTFF
PDAxRXMzMUWiNjFF1jkxRQ09MUVAQDFFc0MxRaJGMUXWSTFFCU0xRUBQMUVvUzFFolYxRdpZ
MUUJXTFFPGAxRW9jMUWiZjFF1mkxRQltMUU8cDFFc3MxRaJ2MUXaeTFFCX0xRUCAMUVzgzFF
ooYxRdqJMUUJjTFFQJAxRW+TMUWiljFF1pkxRQ2dMUU8oDFFb6MxRaamMUXWqTFFDa0xRUCw
MUVvszFFprYxRdq5MUUNvTFFQMAxRW/DMUWixjFF1skxRQnNMUU80DFFc9MxRabWMUXW2TFF
Dd0xRTzgMUVv4zFFouYxRdbpMUUN7TFFPPAxRXPzMUWi9jFF1vkxRQn9MUVAADJFcwMyRaYG
MkXWCTJFCQ0yRTwQMkVvEzJFphYyRdYZMkUJHTJFQCAyRW8jMkWiJjJF2ikyRQktMkVAMDJF
bzMyRaI2MkXaOTJFDT0yRUBAMkVzQzJFokYyRdZJMkUJTTJFPFAyRXNTMkWiVjJF2lkyRQld
MkU8YDJFb2MyRaZmMkXWaTJFDW0yRUBwMkVvczJFonYyRdZ5MkUJfTJFPIAyRW+DMkWihjJF
1okyRQmNMkVAkDJFb5MyRaaWMkXWmTJFCZ0yRUCgMkVvozJFoqYyRdqpMkUJrTJFQLAyRXOz
MkWmtjJF1rkyRQm9MkU8wDJFc8MyRaLGMkXayTJFDc0yRTzQMkVv0zJFotYyRdbZMkUJ3TJF
POAyRW/jMkWi5jJF1ukyRQntMkU88DJFb/MyRaL2MkXW+TJFDf0yRTwAM0VzAzNFogYzRdYJ
M0UNDTNFQBAzRXMTM0WmFjNF1hkzRQkdM0VAIDNFcyMzRaImM0XaKTNFDS0zRTwwM0VvMzNF
pjYzRdY5M0UNPTNFREAzRW9DM0WmRjNF1kkzRQ1NM0VAUDNFb1MzRaZWM0XWWTNFDV0zRTxg
M0VzYzNFomYzRdppM0UNbTNFPHAzRXNzM0WidjNF2nkzRQl9M0U8gDNFb4MzRaaGM0XWiTNF
DY0zRTyQM0VvkzNFopYzRdqZM0UJnTNFPKAzRXOjM0WipjNF1qkzRQmtM0VAsDNFb7MzRaa2
M0XWuTNFCb0zRTzAM0VvwzNFpsYzRdrJM0UJzTNFPNAzRW/TM0Wi1jNF1tkzRQndM0U84DNF
b+MzRaLmM0XW6TNFDe0zRUDwM0Vz8zNFovYzRdr5M0UJ/TNFPAA0RXMDNEWiBjRF2gk0RQkN
NEU8EDRFbxM0RaIWNEXWGTRFCR00RTwgNEVzIzRFoiY0RdYpNEUNLTRFQDA0RW8zNEWmNjRF
1jk0RQk9NEU8QDRFb0M0RaZGNEXWSTRFDU00RUBQNEVvUzRFolY0RdZZNEUJXTRFQGA0RXNj
NEWmZjRF1mk0RQ1tNEVAcDRFb3M0RaJ2NEXWeTRFCX00RUCANEVvgzRFooY0RdaJNEUNjTRF
PJA0RW+TNEWiljRF2pk0RQmdNEVAoDRFb6M0RaKmNEXWqTRFCa00RTywNEVzszRForY0Rdq5
NEUJvTRFPMA0RW/DNEWixjRF2sk0RQnNNEU80DRFb9M0RabWNEXa2TRFCd00RTzgNEVz4zRF
puY0RdrpNEUN7TRFPPA0RW/zNEWi9jRF1vk0RQ39NEU8ADVFcwM1RaYGNUXWCTVFCQ01RUAQ
NUVvEzVFohY1RdYZNUUJHTVFQCA1RW8jNUWiJjVF2ik1RQktNUVAMDVFbzM1RaI2NUXaOTVF
DT01RTxANUVzQzVFokY1RdpJNUUJTTVFPFA1RW9TNUWmVjVF1lk1RQldNUVAYDVFc2M1RaJm
NUXWaTVFCW01RTxwNUVvczVFpnY1RdZ5NUUJfTVFPIA1RW+DNUWihjVF1ok1RQmNNUVAkDVF
b5M1RaKWNUXamTVFCZ01RUCgNUVvozVFpqY1RdqpNUUJrTVFQLA1RW+zNUWitjVF1rk1RQ29
NUU8wDVFb8M1RaLGNUXWyTVFCc01RTzQNUVv0zVFotY1RdbZNUUJ3TVFPOA1RW/jNUWi5jVF
1uk1RQntNUVA8DVFc/M1Rab2NUXa+TVFDf01RTwANkVzAzZFpgY2RdYJNkUNDTZFPBA2RW8T
NkWmFjZF1hk2RQkdNkVAIDZFcyM2RaImNkXWKTZFCS02RUAwNkVzMzZFojY2Rdo5NkUJPTZF
PEA2RW9DNkWiRjZF1kk2RQlNNkU8UDZFc1M2RaJWNkXWWTZFDV02RUBgNkVvYzZFomY2RdZp
NkUJbTZFQHA2RW9zNkWidjZF1nk2RQ19NkU8gDZFb4M2RaKGNkXWiTZFDY02RTyQNkVvkzZF
opY2RdqZNkUJnTZFPKA2RW+jNkWipjZF1qk2RQmtNkU8sDZFb7M2Raa2NkXWuTZFDb02RUDA
NkVvwzZFpsY2RdrJNkUNzTZFPNA2RXPTNkWm1jZF2tk2RQndNkU84DZFb+M2RaLmNkXa6TZF
Ce02RTzwNkVz8zZFovY2Rdr5NkUJ/TZFPAA3RXMDN0WiBjdF1gk3RQ0NN0VAEDdFbxM3RaIW
N0XWGTdFCR03RTwgN0VzIzdFoiY3RdopN0UJLTdFPDA3RW8zN0WmNjdF2jk3RQk9N0U8QDdF
b0M3RaZGN0XWSTdFDU03RTxQN0VvUzdFolY3RdZZN0UNXTdFPGA3RW9jN0WmZjdF1mk3RQ1t
N0VAcDdFb3M3RaZ2N0XaeTdFDX03RTyAN0VvgzdFooY3RdaJN0UJjTdFPJA3RW+TN0WiljdF
2pk3RQmdN0U8oDdFc6M3RaKmN0XWqTdFCa03RTywN0VzszdFprY3Rda5N0UNvTdFQMA3RW/D
N0WixjdF1sk3RQnNN0VA0DdFb9M3RaLWN0Xa2TdFCd03RTzgN0Vz4zdFpuY3RdrpN0UJ7TdF
QPA3RW/zN0Wi9jdF1vk3RQn9N0U8ADhFbwM4RaYGOEXaCThFDQ04RTwQOEVvEzhFohY4RdYZ
OEUJHThFQCA4RW8jOEWmJjhF1ik4RQ0tOEU8MDhFbzM4RaI2OEXWOThFCT04RTxAOEVvQzhF
pkY4RdpJOEUJTThFQFA4RW9TOEWiVjhF1lk4RQ1dOEU8YDhFc2M4RaZmOEXWaThFDW04RUBw
OEVzczhFonY4Rdp5OEUJfThFQIA4RXODOEWmhjhF1ok4RQ2NOEU8kDhFb5M4RaaWOEXWmThF
CZ04RUCgOEVzozhFoqY4RdapOEUJrThFPLA4RW+zOEWitjhF1rk4RQ29OEVAwDhFb8M4RaLG
OEXWyThFCc04RTzQOEVv0zhFotY4RdrZOEUN3ThFQOA4RW/jOEWm5jhF2uk4RQntOEU88DhF
b/M4RaL2OEXa+ThFCf04RUAAOUVvAzlFogY5RdoJOUUJDTlFPBA5RXMTOUWmFjlF2hk5RQkd
OUU8IDlFcyM5RaImOUXWKTlFCS05RUAwOUVzMzlFojY5RdY5OUUJPTlFPEA5RW9DOUWiRjlF
1kk5RQ1NOUU8UDlFc1M5RaZWOUXWWTlFCV05RTxgOUVvYzlFomY5RdZpOUUNbTlFPHA5RW9z
OUWidjlF1nk5RQl9OUVAgDlFc4M5RaaGOUXWiTlFCY05RUCQOUVzkzlFopY5RdaZOUUNnTlF
PKA5RW+jOUWipjlF1qk5RQ2tOUU8sDlFb7M5RaK2OUXauTlFCb05RUDAOUVvwzlFpsY5RdrJ
OUUJzTlFQNA5RXPTOUWm1jlF2tk5RQ3dOUU84DlFb+M5RaLmOUXa6TlFCe05RTzwOUVv8zlF
pvY5Rdb5OUUJ/TlFPAA6RXMDOkWmBjpF2gk6RQ0NOkU8EDpFcxM6RaYWOkXaGTpFCR06RUAg
OkVzIzpFoiY6RdopOkUJLTpFPDA6RW8zOkWmNjpF1jk6RQk9OkVAQDpFc0M6RaZGOkXWSTpF
DU06RTxQOkVzUzpFolY6RdZZOkUJXTpFPGA6RW9jOkWiZjpF1mk6RQltOkU8cDpFb3M6RaJ2
OkXaeTpFCX06RTyAOkVvgzpFooY6RdaJOkUNjTpFPJA6RW+TOkWmljpF2pk6RQ2dOkU8oDpF
c6M6RaKmOkXWqTpFCa06RTywOkVvszpFprY6Rda5OkUJvTpFPMA6RXPDOkWmxjpF1sk6RQnN
OkU80DpFc9M6RaLWOkXW2TpFCd06RUDgOkVz4zpFouY6RdrpOkUN7TpFQPA6RW/zOkWi9jpF
2vk6RQ39OkVAADtFcwM7RaYGO0XaCTtFDQ07RUAQO0VvEztFphY7RdYZO0UJHTtFQCA7RW8j
O0WiJjtF1ik7RQ0tO0U8MDtFczM7RaY2O0XaOTtFCT07RTxAO0VzQztFokY7RdZJO0UJTTtF
PFA7RW9TO0WmVjtF1lk7RQldO0VAYDtFb2M7RaZmO0XaaTtFCW07RTxwO0VvcztFonY7Rdp5
O0UNfTtF</AssayXData><AssayYData Points="1500">XGi3QL49t0B1Y7dAVR+3QK4vt0BRJrdAt+q2QGnGtkBw37ZAHbi2QLyntkDKv7ZAoaO2QKZx
tkDGhrZAUVu2QLZbtkD1a7ZAelq2QO09tkAxIrZAyjO2QJX1tUDR8bVAMfG1QKPUtUCS2LVA
vOS1QGzttUBRybVAw8K1QPnNtUBeabVACcK1QG6htUDdlbVAuWS1QGGOtUCrRLVAoIm1QLF1
tUAGSLVAFFS1QKBstUCkKbVAWFy1QCdAtUBnJrVAoSK1QJQ5tUBkPrVA0i21QC8ctUCFNrVA
/PK0QNT5tEC967RA1tm0QE8CtUAf67RAAMi0QFDutEDN8LRA7by0QOS7tED79bRAXsi0QPPA
tEA86LRAr9e0QCW/tEAgvrRAUY20QAmhtECdzLRAvsK0QACttECDoLRArZm0QBOYtEAyibRA
pbO0QBCQtECJirRAfaO0QFGptEAyrrRAmmG0QCSbtEDNebRAv2q0QE1/tEA5WbRA82K0QHaB
tEBybLRABmO0QNdgtEAvPrRAykm0QBt+tECJY7RAYTy0QEtNtEBYRbRAQzW0QCQ/tECjVrRA
IUe0QGMutECpXbRACyu0QIQMtEDpG7RAm/mzQMgXtEC5GrRACjK0QAFItECfK7RAtQa0QFgW
tEDIBbRAEk20QNUTtECDAbRA9Sa0QJnls0B497NApRG0QAgOtEC27rNAV/KzQEMItEBr3bNA
TN+zQMH1s0AP2rNAStezQEPLs0D02bNAlfKzQIkEtEDe07NA47izQJn3s0A+0rNAc+qzQI/n
s0Cn97NAt9yzQBsXtEBC1LNACMSzQKfSs0BTwLNAaq+zQKbZs0ClvLNArqizQF6ps0AR7LNA
vrWzQC+Xs0BXybNAmrqzQOh+s0D45bNAVdOzQBigs0Aa17NAkLSzQECgs0CMprNAvJizQICR
s0Ayr7NA2JyzQH+gs0B+nLNAIbuzQK+zs0A9k7NAsb+zQOuHs0AGebNAzYSzQOOqs0CAgrNA
P4azQI+zs0BieLNAUayzQMKGs0A9YrNA4JSzQBNxs0DilrNAWlSzQIems0AoTLNAynSzQFR1
s0CrnbNAEHSzQOd0s0DxjLNAXlizQKZTs0D4jbNAiWizQPZls0D4WbNAiUizQMpas0D8WbNA
cUOzQAtJs0Afi7NAIoezQAJbs0DOUbNAmquzQB4cs0ADc7NAJWizQD1Vs0BPaLNAE5GzQCBz
s0ANT7NAu3CzQPFYs0CaWrNA1FqzQMxSs0DXI7NAA26zQFo3s0B6H7NAfiuzQAxYs0BTGLNA
CkWzQBVYs0AyM7NAOiyzQD8+s0DvLbNAfiKzQPxHs0A2/rJAwDazQClXs0DBQ7NA5hCzQGI5
s0CyDrNAjSyzQIFBs0BJOrNAhP6yQMYjs0AeVrNAci+zQEAUs0B19rJAiB6zQHcns0ADTrNA
VxezQCIbs0AtLrNAAT+zQPkDs0ATGbNA8CuzQFXqskBYObNAFRqzQL/uskBkCrNADCSzQLro
skB4G7NAcDWzQHsJs0DuOLNA5/yyQJT8skARyrJAbCWzQPwHs0DG7LJAoAuzQDT1skBiCLNA
PASzQJgfs0D+BLNA3xGzQFUHs0Cu37JACBezQPUVs0Cf9LJAYcGyQBofs0Bu4LJAvM6yQDIL
s0BG4rJAaNayQCzGskDAGLNAas6yQNLVskBDHrNA99OyQObGskA+8LJA2diyQNf3skDmCLNA
zdmyQL7MskAMzrJAW+uyQMHIskAj67JA5ueyQMnGskAL67JAmQKzQCquskAF8LJAB/iyQLjY
skBl6bJAX+iyQPaaskATwLJADOOyQBjdskCi37JAh+SyQKrrskBN3LJA17+yQLHkskCT6LJA
eaCyQFPJskD867JAD+ayQBfEskDy1LJAksuyQJLsskD60LJApN2yQF/EskAt/7JAUsGyQGbn
skCy7bJAkMSyQBrNskAW07JAkMWyQN/FskCOybJARLWyQKenskCP7LJAbOGyQB/askCOubJA
Wr+yQLm1skCj0bJANvCyQAy2skCRv7JADbyyQMW4skBgvrJAzdGyQOG/skDU1rJAe6+yQJel
skBpprJAVb2yQNjTskA4qrJA+rKyQOGvskAIpbJAebKyQGq6skBPqbJA+rayQNvTskAenbJA
CIuyQC7RskBBy7JAvKWyQJXVskCsvLJAOq6yQFq7skD3t7JAYqiyQM6eskBwwbJA7YqyQCKg
skBy3LJAaYmyQBqRskBl2bJA5rKyQIWAskCjw7JALbuyQF1tskC927JAt9eyQG7MskDmpbJA
/6qyQAGYskC/w7JAkKSyQOakskCzqbJAA7eyQDtzskBRh7JA1a2yQHfAskAQo7JAfq6yQMCv
skBvprJAIqKyQKbAskBWe7JAPZWyQGy2skDBcrJAG8ayQHCLskATirJAYFOyQDW+skBFobJA
ZWuyQHKjskAPqLJAwVuyQBS7skALrrJAgLGyQDawskAPrbJAQVyyQAmdskCW17JAeaCyQH2R
skCmnrJAyYuyQKNiskBIpLJAqH+yQCGCskAghLJAmZeyQOl2skAiu7JACpCyQBmLskAwybJA
opOyQGlqskBhdLJAb5SyQJGVskAYY7JACpCyQHOEskBzj7JAGZqyQIOHskA3o7JApK2yQP6d
skBTibJAyWayQJ6kskCWiLJA2o+yQGl3skB8XbJAI3OyQKCZskCOl7JAyHayQFGYskBpmbJA
CoCyQFORskAqhrJAjoqyQIGRskBUh7JALXyyQN+SskDsl7JAf3eyQIqBskBvjrJAanayQCOU
skCkobJAd1yyQDWJskBnjLJAF4ayQAZuskCZlLJAycCyQPCRskCzgrJAm4WyQMaFskAkfLJA
jnGyQPOHskDndbJAzJiyQEdwskCukLJAxoeyQP2EskA2jLJAAGyyQFp0skBFWLJAH4iyQH96
skDGi7JAUICyQDx3skAqlrJAh2ayQMOLskBlk7JA2FyyQAt0skCOkbJAlGSyQOqdskD9j7JA
V4iyQGmHskCcf7JAGp2yQEyHskAYYLJAGHuyQI54skCGiLJAfmOyQNxwskDmWrJAO3+yQKlg
skDDarJAqnSyQNZVskD6Y7JAUWqyQMZCskDDorJAPnKyQFJzskC1d7JAFYeyQDFyskD8fbJA
kJyyQKGJskDlULJAoHCyQLx0skAGaLJA22yyQKiEskDVc7JACKuyQDh0skBFYLJAXleyQOJc
skCSO7JAl1myQGZuskCvQ7JASm2yQGdeskAohrJAtkyyQAposkCvf7JAl2WyQJVuskCTabJA
sGeyQH9RskAAWrJAf3uyQOxUskDNZrJAd2WyQH4uskCBcLJAUmeyQCpiskBLeLJAL1OyQKdh
skAShrJAZF6yQLhXskC3j7JANWKyQEFWskDsOrJA5nCyQAhSskCta7JAwUSyQE5mskCUVrJA
8oSyQBNjskC9brJACZiyQIJaskC7YbJAxEWyQPaAskCtULJAqHqyQGhjskAJWbJABUSyQIx1
skBmV7JAbyuyQAV4skDoarJA+z6yQIlWskAQdLJAK0myQBtqskAPfbJATzayQH9FskBWX7JA
JUyyQPWeskBuirJAIHGyQIhNskBIbbJA3FCyQDFHskA9cbJAgGSyQP8/skDpTrJA6YOyQOlK
skC/hLJAJFKyQNpOskByN7JAgFOyQNdEskCgQbJAJ2+yQGs6skBITLJAfWiyQPcfskBaK7JA
tVOyQE9KskCIP7JACHyyQBFoskCxTbJAE2ayQHJeskAJWrJAkzKyQEFFskDoUrJA/FmyQLNb
skB2R7JAPGGyQNB/skBnabJAwYKyQDRuskAiHLJA4i+yQPxFskDcXbJAxUOyQPI0skCGdLJA
KFyyQM9FskB7cbJAN3OyQOsvskCQT7JADzSyQBaBskBRQLJAHj2yQKZFskAXLbJAmleyQHk1
skCwVLJAyWGyQH9lskBpZbJA1YCyQMVBskD0SLJA6HayQNtDskDKOLJAYVayQNMeskB9SrJA
DXayQJRvskDNK7JAWUCyQC+CskBkOLJA/EuyQE57skBAW7JAPDayQGhhskCITbJA3FCyQNY3
skBMX7JAKlyyQFlxskBUW7JAriayQDZtskDdd7JAICSyQItDskAygLJAXjuyQGNAskBJS7JA
X1eyQEBKskCHZLJAzTqyQJETskAmUrJAtmmyQI8tskDFY7JAQFWyQC1EskDHQbJATEOyQNE4
skCNKrJA4GWyQLVcskDWJLJAH26yQMEuskC+JrJAnk6yQMdjskA7FrJA2zeyQGZDskBVQLJA
TEGyQMFjskAISbJAvB2yQENAskAvOLJA/2myQE5gskAQNrJA7EmyQM1XskDRVbJARjWyQBNY
skAAVbJAnR+yQDA+skB5R7JAgF+yQH46skAdZrJAgGayQNIGskBed7JAoVSyQFUtskBxWbJA
5jGyQIZlskBNb7JAdVuyQLE3skDcaLJAbEKyQA0+skA7TrJAFlqyQORRskD9ULJAuUGyQPBM
skCBF7JA04GyQClLskCqH7JATUiyQItQskBzSLJAqEayQL1gskCkPbJAr0KyQDFQskBrULJA
oziyQE9XskBhMbJAliayQJJhskAZQLJAGh2yQF9NskC1KrJAtSqyQHxrskCAG7JAQzmyQDdl
skAiaLJAPj2yQCJPskAzOLJAgkqyQCQ5skDvbbJAFVqyQDNZskCyXrJA1lKyQHYnskDqXrJA
83+yQIVuskB7UrJAEHiyQAhRskAaXLJAEWiyQGY3skAqU7JAxUqyQP1SskD2ULJAXlqyQGRd
skAhP7JA9EKyQJtTskBaULJAvVqyQGFDskDjXbJAXDayQLVUskAkM7JAtUmyQKNQskAzL7JA
CkOyQMFaskDyKrJAo1GyQPdwskAlcLJAGCyyQDVXskDTiLJAPDCyQIxUskBFRbJACUiyQPZh
skCXQbJAOm+yQMtLskDsfLJAdB6yQO5HskC9ZrJAMmGyQHgyskA3b7JAtEOyQNo6skDucLJA
8HOyQPNhskDLeLJAQnmyQNdYskAjUbJAZj+yQLpTskC1dbJAN32yQIReskBQOrJApWuyQBsi
skAWV7JAZk6yQG9uskAPQbJAZnKyQPpiskB3VrJARkWyQC11skAZMrJAFIWyQJxcskCsUbJA
eSiyQDdZskDoJbJAhUSyQFJEskCufbJAtSiyQC9jskBoXbJAkQmyQGMpskA5RrJAzjKyQHk4
skD+X7JAlD6yQGd3skDFSLJAV0yyQJ9iskBQa7JA4VGyQC89skBEL7JAjlWyQKQsskCxLbJA
LoOyQCdQskCSTLJAEI2yQJ0lskCkQ7JAkkGyQOp8skBrXLJAklayQFdMskA2LrJAE2ayQJs5
skBXSbJA512yQLtkskBrNbJAmVOyQKqCskBWR7JAciyyQJFmskDIMbJA9FKyQPByskCqUrJA
0zeyQFRUskChWLJAgDiyQOKJskCCK7JADy+yQId3skAvS7JANQqyQMInskB6YLJA50yyQB0u
skBZNLJAKGSyQOFaskAwTbJAo1iyQAM8skDsNbJA6WyyQJ4qskBBSrJAGU6yQBxFskAwUrJA
PXayQGk/skAMbrJAsmGyQAMhskAHQbJAEW+yQMt1skCMKLJAhlKyQGVsskCvcbJAYFCyQPVe
skDVM7JA+meyQM56skA5RrJAJk2yQGr7sUB0VbJAGimyQHtSskBrSLJAyzmyQFhIskDGVrJA
52WyQJxZskAfarJAwzyyQKNYskBoPbJA1WyyQNFEskAdZLJA2VGyQA9bskBGW7JAsFmyQHo2
skABRLJA2juyQKJFskAbVLJAlmKyQL1GskCVYbJAk4uyQBVNskAsVbJAr12yQIc0skDpVbJA
nX6yQOBjskAGPbJAsU+yQB1vskCHXrJAAUiyQNl1skBfQbJAbWWyQO96skCAR7JA7XSyQENk
skD1TrJAG0ayQAKHskBLT7JAwV+yQNt0skDEW7JAkFiyQGF/skD1YbJA5TSyQG9tskAIbLJA
aYmyQD5dskAmdLJAI1iyQD5IskD6MbJABjqyQKAzskDgebJASzuyQBknskAgZLJAD2KyQAIr
skD1jLJAHEyyQJc7skAlY7JATGiyQPNJskBfe7JAgXGyQPdNskBlSrJA4HeyQANRskCeY7JA
RGCyQHMfskCTYLJAYmuyQBo8skCnbLJAGpayQI0zskADJrJAUk+yQFlSskBmVbJAQjqyQGhX
skBVOLJAoliyQNSEskAFMbJASVKyQG1mskCzbbJAe0CyQCeKskDaf7JAgEWyQH5PskCUXbJA
V0eyQDZYskBWibJAKEKyQEVOskAemLJAr2GyQCVKskBogLJASG6yQJdHskD8hLJAAWCyQKs9
skBSU7JAHG2yQH9GskAnWLJA+VCyQHNeskCMU7JAQWqyQDsxskAyYrJAUEqyQAJrskCXFLJA
DHqyQMuMskCMYbJAS3yyQAtyskBEL7JAc4CyQD5gskCmbbJAKzOyQIGNskCsZrJAjj+yQLJv
skDKYrJAHzqyQMF6skBWTLJADTuyQA6DskCsUrJAaGWyQN98skBoYLJAVVayQFhiskB8lbJA
4UOyQN1pskDBb7JA6UyyQD1SskCrZbJAfW2yQARNskAGZLJAoGWyQIBRskCVdrJAgFyyQPtB
skAUPbJASF6yQNlYskCpWbJAH3ayQCtdskBKarJAUEyyQDxyskArUrJA6lCyQINaskAOXbJA
GGGyQOJyskB5UbJAvVeyQGtuskAvQbJAUUWyQDCRskBlTLJAmkeyQCtRskANVLJAClWyQCeU
skAWZLJAODyyQNhcskCPZLJAA2KyQO9LskAndbJAO0WyQLp3skDPYbJAOmeyQNhoskApkLJA
RVGyQABdskCWYbJA7IGyQFZdskD6bbJAWmWyQJJRskBFZrJADU6yQBNtskAzdLJAoXyyQOlS
skC6bLJA4mKyQIdIskBUXrJANHeyQIBjskBAWbJAcbuyQAuBskD6TLJAK1iyQClxskD+TbJA
ZJSyQFd2skBOcLJAUYuyQOZUskDwXbJA9mWyQA1hskA7O7JAuVWyQPCHskBUcLJAimayQPiW
skDWgbJAGFWyQHNfskBQk7JAKl2yQNxRskDDaLJAF0myQCqGskD6ZbJAXWeyQIFPskB1h7JA
xFeyQN1HskCie7JATJGyQNUzskA/XbJAvpWyQGlyskDOcLJA8o2yQL1mskDTU7JAMXCyQDaE
skCabrJA0UyyQIhOskAcVrJADJSyQLp0skDYXbJAuY2yQE1hskBXX7JA2FWyQEV1skBnarJA
hGSyQF8/skDFVLJAiDKyQCShskC/O7JAWmeyQCpiskBMZbJAAYGyQCt5skCwhLJAd22yQK5Q
skAJaLJA50qyQNNYskBLWLJAx1myQH5VskBKhbJAD2ayQMdJskA6jLJAeH6yQMRuskDNbbJA
noCyQIVwskDvPrJAloayQKhmskAiYrJAGHKyQP5JskBCLrJAtWuyQBhsskD9Y7JAPG6yQIdY
skAUTbJAyJWyQMmCskCWbbJAZ5WyQOB+skCvcrJANaSyQAeoskAmdbJA6XWyQKSSskAob7JA
h2yyQDllskAdabJA7zOyQKOdskCgbLJAimuyQN9SskBuTbJAnG6yQNReskDuWLJAkViyQNuG
skBZarJAdW2yQFRfskDzkbJADXiyQClsskBDb7JAc4iyQHFgskDXnLJAFYyyQPd2skDHk7JA
Z2eyQFx3skAGgrJA0mqyQDsvskDdUbJAwLKyQP2BskCbXLJA4quyQDRjskDKYrJAVo6yQN55
skCGj7JAlXuyQHCHskDKUbJAiHeyQMeGskDkdrJAZpSyQI6XskDMfrJAMFuyQIOHskA8YLJA
BFmyQHyaskCTebJAhGWyQHCiskDaRLJAA5SyQOmRskBJh7JAJXiyQL6GskC0kbJAkFWyQN1g
skAZe7JA</AssayYData></Step><Step><CommonData><SampleLocation>5</SampleLocation><SampleID>Glycine</SampleID><SampleGroup></SampleGroup><SampleInfo></SampleInfo><SampleRow>B</SampleRow><SamplePlate>1</SamplePlate><WellType>REGENERATION</WellType><Concentration>-1</Concentration><ConcentrationUnits>µg/ml</ConcentrationUnits><MolarConcentration>-1</MolarConcentration><MolarConcUnits>nM</MolarConcUnits><MolecularWeight>0</MolecularWeight><Temperature>30</Temperature><StartTime>3412175</StartTime><AssayTime>5</AssayTime></CommonData><FlowRate>1000</FlowRate><StepType>KREGENERATION</StepType><StepName>Regeneration</StepName><StepStatus>OK</StepStatus><ActualTime>5.00103</ActualTime><CycleTime>0.2</CycleTime><AssayXData Points="25">QIA7RXODO0WqhjtF2ok7RRGNO0VAkDtFc5M7RaqWO0XamTtFDZ07RUCgO0VzoztFpqY7Rd6p
O0URrTtFQLA7RXezO0WmtjtF2rk7RRG9O0VAwDtFd8M7RabGO0XayTtFEc07RQ==</AssayXData><AssayYData Points="25">OM8uP1z/Fz/1vgw/gRoDPwOb+j54iOY+633bPkgm0D6RLcE+AGq1Pr2dqz5n0KE+HbuXPq1g
jD6BSYY+Fql0Psy4Zz4AXF8+JCVUPkdqQj4G4DY+uJ8qPqi1HD722Rc+vOQSPg==</AssayYData></Step><Step><CommonData><SampleLocation>6</SampleLocation><SampleID>PBS</SampleID><SampleGroup></SampleGroup><SampleInfo></SampleInfo><SampleRow>B</SampleRow><SamplePlate>1</SamplePlate><WellType>NEUTRALIZATION</WellType><Concentration>-1</Concentration><ConcentrationUnits>µg/ml</ConcentrationUnits><MolarConcentration>-1</MolarConcentration><MolarConcUnits>nM</MolarConcUnits><MolecularWeight>0</MolecularWeight><Temperature>30</Temperature><StartTime>3425441</StartTime><AssayTime>5</AssayTime></CommonData><FlowRate>1000</FlowRate><StepType>KREGENERATION</StepType><StepName>Regeneration</StepName><StepStatus>OK</StepStatus><ActualTime>5.00103</ActualTime><CycleTime>0.2</CycleTime><AssayXData Points="25">RNA7RXvTO0Wq1jtF3tk7RRHdO0VI4DtFe+M7RarmO0Xe6TtFEe07RUTwO0V78ztFqvY7Rd75
O0UR/TtFRAA8RXcDPEWqBjxF4gk8RRENPEVIEDxFexM8RaoWPEXeGTxFFR08RQ==</AssayXData><AssayYData Points="25">ZFd2QL32d0BW+XhAPVt5QH88ekCP1HpABz57QA3He0DAJXxAH5V8QCmqfECrGn1A4y59QIiF
fUA8+n1Ar919QECAfkD1SH5AGct+QB6XfkDa6n5ATwx/QFklf0C4e39A/ml/QA==</AssayYData></Step><Step><CommonData><SampleLocation>5</SampleLocation><SampleID>Glycine</SampleID><SampleGroup></SampleGroup><SampleInfo></SampleInfo><SampleRow>B</SampleRow><SamplePlate>1</SamplePlate><WellType>REGENERATION</WellType><Concentration>-1</Concentration><ConcentrationUnits>µg/ml</ConcentrationUnits><MolarConcentration>-1</MolarConcentration><MolarConcUnits>nM</MolarConcUnits><MolecularWeight>0</MolecularWeight><Temperature>30</Temperature><StartTime>3438844</StartTime><AssayTime>5</AssayTime></CommonData><FlowRate>1000</FlowRate><StepType>KREGENERATION</StepType><StepName>Regeneration</StepName><StepStatus>OK</StepStatus><ActualTime>5.00005</ActualTime><CycleTime>0.2</CycleTime><AssayXData Points="25">SSA8RXwjPEWzJjxF5yk8RRYtPEVNMDxFgDM8Ra82PEXjOTxFGj08RUlAPEV8QzxFs0Y8ReNJ
PEUaTTxFSVA8RYBTPEWvVjxF51k8RRpdPEVNYDxFfGM8Ra9mPEXnaTxFFm08RQ==</AssayXData><AssayYData Points="25">9hazPkXikz7kAIE+y4liPvlPSz7Iczg+ie0oPkYoHj4wyA4++4z9PQHD9j28b909fc7MPbZk
wT0zqbM9/jybPZgekz0YZ4c9aYdlPUinXz17ZlE9ySMlPXcfJz1Rcw09apAAPQ==</AssayYData></Step><Step><CommonData><SampleLocation>6</SampleLocation><SampleID>PBS</SampleID><SampleGroup></SampleGroup><SampleInfo></SampleInfo><SampleRow>B</SampleRow><SamplePlate>1</SamplePlate><WellType>NEUTRALIZATION</WellType><Concentration>-1</Concentration><ConcentrationUnits>µg/ml</ConcentrationUnits><MolarConcentration>-1</MolarConcentration><MolarConcUnits>nM</MolarConcUnits><MolecularWeight>0</MolecularWeight><Temperature>30</Temperature><StartTime>3451946</StartTime><AssayTime>5</AssayTime></CommonData><FlowRate>1000</FlowRate><StepType>KREGENERATION</StepType><StepName>Regeneration</StepName><StepStatus>OK</StepStatus><ActualTime>5.00005</ActualTime><CycleTime>0.2</CycleTime><AssayXData Points="25">SXA8RXxzPEWzdjxF53k8RRZ9PEVNgDxFfIM8Ra+GPEXjiTxFGo08RUmQPEV8kzxFr5Y8ReeZ
PEUanTxFTaA8RYCjPEWvpjxF46k8RRatPEVJsDxFfLM8RbO2PEXjuTxFFr08RQ==</AssayXData><AssayYData Points="25">bWV0QESOdUC5uHZACXd3QCWxd0ArsnhAYDR5QJ3YeUCH93lAe1B6QNZ6ekCspHpA7A57QIVh
e0DNvHtABJ97QJ0TfEAMMnxArE58QOprfEAqQX1APf98QNvmfECOPn1ApIN9QA==</AssayYData></Step><Step><CommonData><SampleLocation>5</SampleLocation><SampleID>Glycine</SampleID><SampleGroup></SampleGroup><SampleInfo></SampleInfo><SampleRow>B</SampleRow><SamplePlate>1</SamplePlate><WellType>REGENERATION</WellType><Concentration>-1</Concentration><ConcentrationUnits>µg/ml</ConcentrationUnits><MolarConcentration>-1</MolarConcentration><MolarConcUnits>nM</MolarConcUnits><MolecularWeight>0</MolecularWeight><Temperature>30</Temperature><StartTime>3465383</StartTime><AssayTime>5</AssayTime></CommonData><FlowRate>1000</FlowRate><StepType>KREGENERATION</StepType><StepName>Regeneration</StepName><StepStatus>OK</StepStatus><ActualTime>5.00005</ActualTime><CycleTime>0.2</CycleTime><AssayXData Points="25">ScA8RYTDPEWvxjxF48k8RRbNPEVJ0DxFgNM8Ra/WPEXj2TxFFt08RUngPEV84zxFs+Y8RePp
PEUW7TxFTfA8RYDzPEWz9jxF5/k8RRb9PEVNAD1FfAM9Ra8GPUXjCT1FFg09RQ==</AssayXData><AssayYData Points="25">PeikPqUWhj5cAGg+HdBLPkrNNj5EziU+yzMbPtIHBT4cNAA+WMruPaMs3j193MQ9jR7EPcMU
sj0uv6I9dRmcPUA5jD1wlIA9Wm5oPWdzTz1JPko9UEI9PZlEND3QSg09qqgTPQ==</AssayYData></Step><Step><CommonData><SampleLocation>6</SampleLocation><SampleID>PBS</SampleID><SampleGroup></SampleGroup><SampleInfo></SampleInfo><SampleRow>B</SampleRow><SamplePlate>1</SamplePlate><WellType>NEUTRALIZATION</WellType><Concentration>-1</Concentration><ConcentrationUnits>µg/ml</ConcentrationUnits><MolarConcentration>-1</MolarConcentration><MolarConcUnits>nM</MolarConcUnits><MolecularWeight>0</MolecularWeight><Temperature>30</Temperature><StartTime>3478818</StartTime><AssayTime>5</AssayTime></CommonData><FlowRate>1000</FlowRate><StepType>KREGENERATION</StepType><StepName>Regeneration</StepName><StepStatus>OK</StepStatus><ActualTime>5.00103</ActualTime><CycleTime>0.2</CycleTime><AssayXData Points="25">SRA9RXwTPUWzFj1F4xk9RRodPUVJID1FfCM9RbMmPUXnKT1FFi09RU0wPUV8Mz1FrzY9ReM5
PUUWPT1FTUA9RYBDPUWvRj1F40k9RRpNPUVJUD1FgFM9RbNWPUXnWT1FGl09RQ==</AssayXData><AssayYData Points="25">7AN2QOAkd0BUIXhA45x4QMvseUAz2nlA+a16QAcJe0BiQntAYeZ7QDBKfEA0fnxA2bh8QGU1
fUDxU31AdTp9QPnYfUC/rX1AX+Z9QDcdfkBeYH5AVoF+QKHEfkDaMX9AxiF/QA==</AssayYData></Step><Step><CommonData><SampleLocation>1</SampleLocation><SampleID>Octet Buffer</SampleID><SampleGroup></SampleGroup><SampleInfo></SampleInfo><SampleRow>A</SampleRow><SamplePlate>1</SamplePlate><WellType>BUFFER</WellType><Concentration>-1</Concentration><ConcentrationUnits>µg/ml</ConcentrationUnits><MolarConcentration>-1</MolarConcentration><MolarConcUnits>nM</MolarConcUnits><MolecularWeight>0</MolecularWeight><Temperature>30</Temperature><StartTime>3493396</StartTime><AssayTime>20</AssayTime></CommonData><FlowRate>1000</FlowRate><StepType>CUSTOM</StepType><StepName>Sensor Check</StepName><StepStatus>OK</StepStatus><ActualTime>20.001</ActualTime><CycleTime>0.2</CycleTime><AssayXData Points="100">TWA9RYBjPUW3Zj1F52k9RRptPUVRcD1FgHM9Rbd2PUXreT1FGn09RU2APUWAgz1Fs4Y9ReuJ
PUUajT1FTZA9RYCTPUWzlj1F55k9RRqdPUVRoD1FgKM9RbOmPUXnqT1FGq09RU2wPUWAsz1F
t7Y9Ree5PUUavT1FTcA9RYTDPUW3xj1F58k9RRrNPUVN0D1FgNM9RbfWPUXn2T1FGt09RU3g
PUWA4z1Fs+Y9RevpPUUa7T1FTfA9RYTzPUWz9j1F6/k9RRr9PUVRAD5FgAM+RbcGPkXnCT5F
Gg0+RU0QPkWAEz5FsxY+RecZPkUaHT5FUSA+RYQjPkW3Jj5F6yk+RRotPkVRMD5FgDM+Rbc2
PkXrOT5FGj0+RU1APkWEQz5Fs0Y+RetJPkUaTT5FTVA+RYRTPkWzVj5F61k+RRpdPkVNYD5F
hGM+RbdmPkXraT5FHm0+RU1wPkWAcz5Fs3Y+Red5PkUefT5FUYA+RYSDPkWzhj5F54k+RR6N
PkVNkD5FhJM+RbOWPkXnmT5FHp0+RQ==</AssayXData><AssayYData Points="100">hupzQDyBcECpzG5AcDVtQCGZbEBst2tA74ZrQK3Ja0AfnWtAKolrQJ+Ca0CKGWxAwL9rQL61
a0AkQmxAl29sQExmbEBPTWxAwKxsQARobECQAm1ANmBtQJMRbUCOhG1AvYdtQG1nbUDbjm1A
L/ttQCL/bUCclG1AUh9uQLcwbkDq5G1A9VZuQA9xbkCfRG5AUKNuQNgFb0CCfW5AyOhuQOgn
b0A1CG9Am+BuQL9cb0APJW9AffRuQMP7bkCKUm9ApuJuQL67b0DOj29AMEdvQF95b0AK929A
8H9vQJi0b0Dg+W9AxrpvQMLjb0BKA3BAGddvQEIpcEBRRHBAsE9wQG3Eb0BaRHBA8WRwQHAw
cEBvlHBAWHRwQBc8cEBLa3BA/qNwQLNgcEA/w3BAZPhwQISpcED94HBAyOtwQFvTcEABqnBA
fiNxQKbXcEDPiXBABghxQDcqcUDGI3FApCpxQBQGcUB04nBAsUJxQG7ocECa3nBApdhwQEmC
cUB8YnFAhQJxQAxBcUDITXFAqn1xQA==</AssayYData></Step><Step><CommonData><SampleLocation>13</SampleLocation><SampleID>SI-83X1_P5364</SampleID><SampleGroup></SampleGroup><SampleInfo></SampleInfo><SampleRow>A</SampleRow><SamplePlate>1</SamplePlate><WellType>KLOAD</WellType><Concentration>5</Concentration><ConcentrationUnits>µg/ml</ConcentrationUnits><MolarConcentration>5000</MolarConcentration><MolarConcUnits>nM</MolarConcUnits><MolecularWeight>0</MolecularWeight><Temperature>30</Temperature><StartTime>3523692</StartTime><AssayTime>120</AssayTime></CommonData><FlowRate>1000</FlowRate><StepType>LOADING</StepType><StepName>Loading</StepName><StepStatus>OK</StepStatus><ActualTime>120</ActualTime><CycleTime>0.2</CycleTime><AssayXData Points="600">UqA+RYmjPkW4pj5F8Kk+RR+tPkVSsD5FibM+Rbi2PkXwuT5FI70+RVLAPkWFwz5FuMY+RezJ
PkUfzT5FUtA+RYXTPkW41j5F8Nk+RR/dPkVS4D5FheM+RbjmPkXw6T5FH+0+RVLwPkWF8z5F
vPY+Rez5PkUf/T5FUgA/RYkDP0W4Bj9F7Ak/RR8NP0VSED9FiRM/RbwWP0XwGT9FIx0/RVYg
P0WJIz9FvCY/RfApP0UjLT9FUjA/RYkzP0W4Nj9F7Dk/RSM9P0VSQD9FiUM/RbhGP0XsST9F
H00/RVJQP0WJUz9FuFY/RexZP0UjXT9FVmA/RYljP0W4Zj9F7Gk/RSNtP0VScD9FiXM/Rbh2
P0XseT9FI30/RVKAP0WFgz9FuIY/ReyJP0UfjT9FUpA/RYmTP0W4lj9F7Jk/RSOdP0VWoD9F
haM/RbimP0XwqT9FI60/RVawP0WFsz9FuLY/Rey5P0UfvT9FVsA/RYXDP0W4xj9F8Mk/RSPN
P0VW0D9FhdM/RbjWP0Xs2T9FH90/RVbgP0WF4z9FvOY/RezpP0Uf7T9FVvA/RYXzP0W49j9F
8Pk/RR/9P0VSAEBFhQNARbgGQEXsCUBFIw1ARVIQQEWFE0BFvBZARfQZQEUfHUBFUiBARYkj
QEW4JkBF7ClARR8tQEVkMUBF8DNARbw2QEXsOUBFHz1ARVZAQEWFQ0BFuEZARfBJQEUjTUBF
UlBARYlTQEW4VkBF7FlARR9dQEVWYEBFhWNARbhmQEXsaUBFH21ARVZwQEWFc0BFvHZARex5
QEUffUBFUoBARYWDQEW8hkBF8IlARR+NQEVSkEBFhZNARbiWQEXwmUBFI51ARVagQEWJo0BF
uKZAReypQEUfrUBFVrBARYWzQEW4tkBF7LlARR+9QEVSwEBFhcNARcHGQEXwyUBFI81ARVLQ
QEWF00BFvNZARezZQEUj3UBFUuBARYnjQEW45kBF7OlARSPtQEVW8EBFifNARbj2QEXw+UBF
H/1ARVIAQUWFA0FFuAZBRfAJQUUfDUFFVhBBRYkTQUW8FkFF8BlBRR8dQUVWIEFFhSNBRbwm
QUXsKUFFHy1BRVYwQUWJM0FFuDZBRew5QUUfPUFFVkBBRYVDQUW4RkFF8ElBRSNNQUVSUEFF
hVNBRbhWQUXsWUFFI11BRVJgQUWFY0FFuGZBRfBpQUUfbUFFUnBBRYVzQUW4dkFF7HlBRR99
QUVWgEFFhYNBRbiGQUXwiUFFH41BRVKQQUWFk0FFvJZBReyZQUUjnUFFUqBBRYWjQUW8pkFF
8KlBRR+tQUVSsEFFhbNBRbi2QUXsuUFFI71BRVLAQUWFw0FFvMZBRezJQUUjzUFFUtBBRYXT
QUW41kFF7NlBRSPdQUVS4EFFheNBRbzmQUXs6UFFH+1BRVLwQUWF80FFuPZBRez5QUUj/UFF
UgBCRYUDQkW8BkJF8AlCRSMNQkVSEEJFhRNCRbgWQkXsGUJFHx1CRVYgQkWJI0JFvCZCRewp
QkUfLUJFUjBCRYkzQkW8NkJF8DlCRR89QkVWQEJFiUNCRbhGQkXwSUJFH01CRVJQQkWJU0JF
uFZCRexZQkUjXUJFUmBCRYVjQkW4ZkJF7GlCRR9tQkVWcEJFhXNCRbh2QkXseUJFI31CRVaA
QkWFg0JFvIZCReyJQkUfjUJFVpBCRYmTQkW4lkJF7JlCRR+dQkVSoEJFiaNCRbimQkXsqUJF
H61CRVKwQkWFs0JFvLZCRey5QkUfvUJFUsBCRYXDQkW4xkJF8MlCRR/NQkVS0EJFhdNCRbzW
QkXs2UJFH91CRVLgQkWF40JFuOZCRezpQkUj7UJFUvBCRYnzQkW89kJF8PlCRR/9QkVSAENF
hQNDRbgGQ0XsCUNFIw1DRVYQQ0WFE0NFuBZDRewZQ0UfHUNFViBDRYUjQ0W4JkNF8ClDRR8t
Q0VWMENFiTNDRbw2Q0XsOUNFIz1DRVZAQ0WFQ0NFuEZDRfBJQ0UjTUNFVlBDRYVTQ0W4VkNF
8FlDRSNdQ0VSYENFiWNDRbhmQ0XsaUNFI21DRVZwQ0WJc0NFvHZDRex5Q0UjfUNFVoBDRYWD
Q0W4hkNF7IlDRR+NQ0VSkENFiZNDRbiWQ0XsmUNFH51DRVKgQ0WJo0NFuKZDRfCpQ0UfrUNF
VrBDRYmzQ0W8tkNF8LlDRSO9Q0VSwENFhcNDRbjGQ0XsyUNFI81DRVLQQ0WF00NFuNZDRezZ
Q0Uf3UNFUuBDRYXjQ0W45kNF7OlDRR/tQ0VS8ENFifNDRbj2Q0Xw+UNFH/1DRVYAREWJA0RF
vAZERewJREUjDURFVhBERYkTREW4FkRF7BlERScdREVSIERFhSNERbgmREXsKURFHy1ERVYw
REWJM0RFuDZERew5REUjPURFUkBERYlDREW4RkRF7ElERSNNREVSUERFiVNERbhWREXwWURF
H11ERVZgREWJY0RFvGZERfBpREUfbURFVnBERYVzREW8dkRF7HlERR99REVSgERFhYNERbiG
REXsiURFH41ERVKQREWFk0RFuJZEReyZREUfnURFUqBERYmjREW8pkRF8KlERSOtREVSsERF
hbNERbi2REXsuURFH71ERVLAREWJw0RFvMZERezJREUfzURFUtBERYnTREW41kRF7NlERR/d
REVW4ERFieNERbjmREXw6URFH+1ERVbwREWF80RFuPZERez5REUj/URFUgBFRYUDRUW8BkVF
7AlFRR8NRUVWEEVFiRNFRbgWRUXsGUVFHx1FRVYgRUWJI0VFuCZFRewpRUUfLUVFQDFFRcsz
RUW4NkVF7DlFRR89RUVWQEVFiUNFRbhGRUXsSUVFH01FRVZQRUWFU0VFuFZFRfBZRUUfXUVF
UmBFRYVjRUW4ZkVF7GlFRR9tRUVScEVFiXNFRbh2RUXseUVFI31FRVKARUWJg0VFvIZFReyJ
RUUjjUVFUpBFRYWTRUW8lkVF7JlFRR+dRUVSoEVFhaNFRbimRUXwqUVFI61FRVKwRUWFs0VF
uLZFRey5RUUfvUVFVsBFRYXDRUW4xkVF8MlFRR/NRUVS0EVFhdNFRbjWRUXw2UVFH91FRVbg
RUWF40VFuOZFRfDpRUUj7UVFUvBFRYXzRUW49kVF7PlFRR/9RUVSAEZFiQNGRbgGRkXwCUZF
Hw1GRVYQRkWFE0ZFvBZGRfAZRkUfHUZF</AssayXData><AssayYData Points="600">He9wQHbQcUAIUHNAOIpzQLdtdEBqqXVAcjB2QJUZd0At33dAz0Z4QDpyeUB5GnpAuH16QHR5
e0B4EnxAWPV8QH5xfUB1Rn5ApdN+QLyDf0A3G4BA2VyAQEmqgEA19IBAzYmBQLSvgUAC6IFA
/lKCQHmngkCuzoJALyuDQMFlg0BWpoNAgxaEQMJLhECni4RAsMqEQFAihUC4UoVAK4SFQDrs
hUCoN4ZAW06GQEfThkBdzoZAQB2HQPJXh0AnmYdAarqHQFz6h0AGN4hAxXmIQBSkiEB094hA
2S+JQERViUBEeIlAgLGJQOLPiUDdPIpAfUiKQNNeikCBoIpAMMmKQP4Bi0A3O4tACnaLQJ+T
i0A04ItAB/iLQDkgjEDeLoxAyWyMQI/GjEBmp4xA1uaMQP4QjUCgRo1A6mSNQPl7jUCopI1A
EdWNQGPFjUD6Jo5ANESOQA5tjkA5fY5ACMGOQBXfjkDEx45AffuOQPgoj0BJH49AAGiPQH2M
j0CSqI9AEKCPQB3fj0DS8o9Age2PQEQskEBlK5BABlKQQAiVkEBQoZBAIKCQQLfRkECt4pBA
DQ+RQO0rkUBXN5FAZ0yRQCZkkUCZq5FA95CRQIbEkUDetZFA29KRQNf2kUDkFZJAP0eSQJda
kkCWcZJAEliSQLR4kkAtiZJA9aeSQKrakkAM4ZJAqPySQLcSk0CD9ZJAyF2TQMZBk0A2bpNA
vn2TQHS6k0DripNAF62TQJHhk0Dy0ZNAPNSTQF0ilECV/JNAaRWUQExHlEBCOJRA6WWUQDuA
lECUtZRApZSUQJOzlEBBwZRAHp2UQN3alEAW45RAtwGVQIoclUDf+ZRAp0GVQJs6lUDlb5VA
ukSVQFpglUChlZVATniVQCSplUDKzpVAZsGVQLnLlUBl85VAJwqWQLnnlUCYMpZAhkiWQO4b
lkAVRJZABGGWQIFIlkB4VpZAKX2WQLq0lkB9k5ZABbCWQOGtlkB7yJZAAsiWQA/ylkDs8ZZA
k9mWQBEXl0BpDZdA3DmXQDFEl0BfMpdAAWyXQJA+l0CESJdA9ImXQEp6l0CPa5dA5oyXQOWJ
l0DgzpdAU56XQAfUl0AE8JdAo9KXQIP+l0Cr25dA+giYQOgJmECAOJhAriGYQN02mEB8SphA
sUmYQFxEmEB/VZhAEV6YQBl+mECkjJhA+XOYQPR3mECirZhATbWYQJ6RmECSzphAK7+YQLz7
mEDlxJhAMeqYQFvnmEA0JZlAVhKZQE0zmUCjHplAN06ZQLEkmUBUPplAV0iZQLE7mUBNQ5lA
iHKZQHF+mUC3lZlA0XKZQCdxmUBegplAVamZQH2wmUBAwplA3eCZQFLImUBLAJpA9vaZQKTt
mUBnGZpAYuaZQML9mUAYE5pAZw+aQKsdmkDePZpAI0aaQEwsmkCDOppAZ02aQN9KmkAEU5pA
DFqaQGqMmkAvuZpADIOaQMGJmkApn5pApJuaQLevmkC3zppAhM2aQPHRmkAW1JpA3uCaQDbf
mkBs5ZpAy/iaQInnmkC04JpA4wybQKYem0BoB5tA1h6bQFomm0DlIptAjEWbQMtLm0AyMJtA
mGSbQMFym0DgdJtA8libQIttm0AJb5tAq5ybQHiFm0D6hZtAV4GbQHGFm0ALu5tAE6ebQAXG
m0Dx05tAJp2bQJ/Sm0DFF5xAPO6bQMrRm0CZ7JtAm9WbQAXrm0C5F5xAVw+cQOnrm0ABKZxA
RiGcQLcvnEBgOpxACFicQE9KnEC4UpxA5WScQIFInEB9dpxA+mCcQFBknEAwkpxApYWcQE+W
nEDjnJxACJWcQCGAnEBYrpxAgZScQGHBnEBXyJxAIbCcQKjfnEB2w5xAm8ecQPfpnEBr25xA
BsScQLkBnUAau5xAXCKdQLPHnEBU95xAJOGcQIkanUCtE51AfSGdQAwlnUBHMZ1AAQOdQI8w
nUB7Op1AQD+dQJ1hnUB2LJ1AyF6dQDNsnUC5iZ1AbH2dQOVWnUDHmZ1ANoedQIyMnUC5mp1A
e32dQLaUnUDVtp1AKbWdQGGqnUD8j51Abb2dQPXMnUBblZ1AlLydQHulnUDFy51AYdedQP3s
nUBY4p1ADN+dQBv2nUCUCJ5A7emdQGcFnkAmA55ALx2eQMgCnkAMLJ5AjQmeQAhRnkAdB55A
LyGeQGZRnkCJX55A7hWeQKUvnkBdUp5ADE2eQEsrnkDDQZ5Aqz6eQMJlnkB3Tp5AY1OeQMWS
nkD2iJ5AMoGeQKyXnkB7l55ANn6eQNaEnkCLop5A5LOeQCS4nkAQ0Z5AgrKeQDecnkASuZ5A
xNKeQAXCnkCx3p5AVuqeQErlnkD88p5AP+meQALpnkDn3J5AahSfQJvonkD+855APeSeQGAT
n0Ba5J5AywCfQC0pn0DOJJ9AnTqfQHlBn0CVLp9A7TafQGpUn0BYLp9AHUGfQPA8n0DiV59A
lCefQONan0DXYp9AVEufQKyVn0BalJ9AKnWfQOF9n0DoS59A5X6fQBudn0ABlZ9AmISfQKmD
n0DGlp9Ai4+fQLeqn0CUwp9ALa2fQCuan0CLvJ9A7N+fQBjZn0BywJ9Aa6CfQHvEn0Do359A
Te6fQBjkn0BSAKBAtfKfQEQIoEDV6J9AbgCgQJ3dn0DH3p9A6PifQDIQoEALA6BAnxygQEgZ
oED6M6BA0VGgQIIboEALBKBABzKgQIlXoEBrF6BA6hygQNk+oEACRaBAx0CgQL1voECeN6BA
a1SgQPJaoECWaqBAmj6gQGZ3oEDfcqBA7mCgQGt4oEBKZKBA34SgQGRsoED8o6BA5IegQLmV
oEA7paBApJugQKGtoEDvk6BAzJmgQAWvoEDVrKBAfdKgQGa2oEDmtqBArtOgQDS7oECxzaBA
MqSgQKrVoECosqBAuPugQDPPoEAUzqBAkgehQAbGoECk5aBA48SgQBHSoEB02KBA6/qgQNsS
oUBX86BAZiuhQJj5oEA9E6FAKAmhQP8toUBIDqFAswihQA8toUBrH6FAqwqhQPo6oUASTKFA
jjuhQN02oUCSPKFA8WyhQHZdoUBcXKFAe0WhQJQ7oUCLU6FAM1ChQIk+oUC9YKFAuGOhQJWO
oUDVbqFA9myhQDFXoUCglKFALnehQFJPoUD8g6FAxaahQCd9oUBTfaFAWKOhQBeHoUBDjKFA
SJGhQEaDoUAyhKFA7qehQBCZoUCOjKFA</AssayYData></Step><Step><CommonData><SampleLocation>1</SampleLocation><SampleID>Octet Buffer</SampleID><SampleGroup></SampleGroup><SampleInfo></SampleInfo><SampleRow>A</SampleRow><SamplePlate>1</SamplePlate><WellType>BUFFER</WellType><Concentration>-1</Concentration><ConcentrationUnits>µg/ml</ConcentrationUnits><MolarConcentration>-1</MolarConcentration><MolarConcUnits>nM</MolarConcUnits><MolecularWeight>0</MolecularWeight><Temperature>30</Temperature><StartTime>3653954</StartTime><AssayTime>100</AssayTime></CommonData><FlowRate>1000</FlowRate><StepType>BASELINE</StepType><StepName>Baseline</StepName><StepStatus>OK</StepStatus><ActualTime>100.001</ActualTime><CycleTime>0.2</CycleTime><AssayXData Points="500">UiBGRYkjRkW4JkZF7ClGRR8tRkVWMEZFhTNGRbg2RkXsOUZFHz1GRVJARkWJQ0ZFuEZGRexJ
RkUfTUZFUlBGRYlTRkW4VkZF7FlGRSNdRkVSYEZFhWNGRbhmRkXwaUZFI21GRVJwRkWJc0ZF
uHZGRfB5RkUffUZFVoBGRYWDRkW4hkZF7IlGRR+NRkVSkEZFhZNGRbyWRkXsmUZFH51GRVKg
RkWJo0ZFuKZGReypRkUfrUZFVrBGRYWzRkW4tkZF7LlGRR+9RkVSwEZFicNGRbzGRkXsyUZF
H81GRVbQRkWJ00ZFuNZGRfDZRkUj3UZFUuBGRYnjRkW45kZF7OlGRSPtRkVW8EZFhfNGRbj2
RkXs+UZFI/1GRVIAR0WNA0dFuAZHRewJR0VADUdFUhBHRYUTR0W4FkdF7BlHRSMdR0VSIEdF
hSNHRbgmR0XsKUdFIy1HRVIwR0WJM0dFuDZHRfA5R0UjPUdFUkBHRYlDR0W8RkdF7ElHRSNN
R0VWUEdFhVNHRbhWR0XwWUdFH11HRVJgR0WFY0dFvGZHRexpR0UjbUdFUnBHRYVzR0W8dkdF
8HlHRR99R0VSgEdFhYNHRbiGR0XwiUdFH41HRVKQR0WJk0dFvJZHReyZR0UjnUdFUqBHRYmj
R0W8pkdF7KlHRR+tR0VSsEdFibNHRbi2R0XsuUdFI71HRVbAR0WFw0dFvMZHRezJR0UjzUdF
UtBHRYXTR0W41kdF8NlHRR/dR0VS4EdFieNHRbzmR0X06UdFH+1HRVbwR0WF80dFuPZHRfD5
R0Uf/UdFUgBIRYUDSEW4BkhF7AlIRSMNSEVSEEhFhRNIRbgWSEXsGUhFHx1IRVYgSEWFI0hF
vCZIRewpSEUjLUhFUjBIRYkzSEW8NkhF7DlIRSM9SEVSQEhFhUNIRbhGSEXwSUhFH01IRVJQ
SEWFU0hFuFZIRfBZSEUfXUhFUmBIRYVjSEW4ZkhF7GlIRR9tSEVScEhFhXNIRbx2SEXseUhF
H31IRVKASEWJg0hFuIZIReyJSEUjjUhFUpBIRYWTSEW8lkhF7JlIRR+dSEVWoEhFhaNIRbim
SEXwqUhFI61IRVKwSEWFs0hFuLZIRey5SEUfvUhFUsBIRYXDSEW8xkhF9MlIRR/NSEVS0EhF
hdNIRbjWSEXs2UhFI91IRVLgSEWJ40hFuOZIRezpSEUf7UhFUvBIRYXzSEW49khF8PlIRR/9
SEVSAElFhQNJRbwGSUXsCUlFHw1JRVYQSUWJE0lFuBZJRewZSUUfHUlFViBJRYkjSUW8JklF
8ClJRR8tSUVWMElFhTNJRbg2SUXsOUlFHz1JRVZASUWFQ0lFvEZJRexJSUUjTUlFUlBJRYVT
SUW4VklF8FlJRR9dSUVWYElFhWNJRbhmSUXsaUlFI21JRVZwSUWFc0lFvHZJRex5SUUffUlF
VoBJRYWDSUW8hklF8IlJRbqNSUVWkElFhZNJRbyWSUXsmUlFI51JRVKgSUWFo0lFuKZJRfCp
SUUfrUlFUrBJRYWzSUW4tklF8LlJRR+9SUVSwElFicNJRbjGSUXsyUlFH81JRVbQSUWF00lF
uNZJRezZSUUj3UlFUuBJRYXjSUW45klF7OlJRR/tSUVS8ElFifNJRbj2SUXw+UlFH/1JRVYA
SkWFA0pFvAZKRewJSkUfDUpFUhBKRYkTSkW4FkpF8BlKRSMdSkVSIEpFhSNKRbgmSkXwKUpF
Hy1KRVIwSkWFM0pFvDZKRew5SkUfPUpFUkBKRYVDSkW4RkpF8ElKRSNNSkVWUEpFiVNKRbxW
SkXsWUpFH11KRVZgSkWFY0pFvGZKRexpSkUjbUpFUnBKRYVzSkW8dkpF8HlKRR99SkVWgEpF
iYNKRcGGSkXsiUpFH41KRVaQSkWJk0pFuJZKRfCZSkUfnUpFUqBKRYWjSkW4pkpF7KlKRR+t
SkVSsEpFibNKRby2SkXsuUpFH71KRVLASkWFw0pFuMZKRfDJSkWJzUpFVtBKRYnTSkW41kpF
7NlKRSPdSkVW4EpFheNKRbzmSkXs6UpFH+1KRVLwSkWF80pFvPZKRez5SkUf/UpFVgBLRYUD
S0W4BktF7AlLRR8NS0VSEEtFhRNLRbgWS0XsGUtFHx1LRVIgS0WFI0tFuCZLRewpS0UfLUtF
VjBLRYkzS0W4NktF8DlLRR89S0VSQEtFiUNLRbhGS0XwSUtFH01LRVJQS0WJU0tFuFZLRexZ
S0UfXUtFVmBLRYVjS0W4ZktF7GlLRR9tS0VScEtFiXNLRbh2S0XweUtFI31LRVKAS0WJg0tF
vIZLRfCJS0UjjUtFUpBLRYWTS0W4lktF7JlLRR+dS0VSoEtFhaNLRbimS0XwqUtFH61LRVKw
S0WFs0tFuLZLRey5S0UfvUtFVsBLRYXDS0W4xktF7MlLRR/NS0VS0EtFhdNLRbzWS0Xw2UtF
H91LRVLgS0WJ40tFvOZLRfDpS0Uf7UtFUvBLRYnzS0W89ktF8PlLRR/9S0VSAExFiQNMRcEG
TEXsCUxFXA1MRVYQTEWFE0xFuBZMRfAZTEUfHUxFUiBMRYUjTEW4JkxF7ClMRR8tTEVSMExF
iTNMRbg2TEXsOUxFHz1MRVpATEWFQ0xFuEZMRexJTEUjTUxFUlBMRYlTTEW4VkxF7FlMRSNd
TEU=</AssayXData><AssayYData Points="500">VMWhQALnoUDr4qFAXh2iQEQ2okAJIaJAexWiQA0wokClTqJAVUiiQGA9okDQN6JA/EaiQH9s
okDBUaJAeC6iQN1fokCVb6JAyVCiQDF2okAOTqJAKEuiQEdcokDkZqJASVCiQMhJokC/VqJA
BleiQNFaokAecKJATXiiQMFJokDZeqJAwVCiQFtZokAMg6JAlo2iQB9mokB7bqJAuH6iQGpp
okAuhaJAr4SiQGFJokCuV6JAxoGiQKOIokBSXqJAl2uiQOlpokA9ZqJADniiQBqLokAzlqJA
wG+iQBKDokDiUqJA82CiQKOGokBOY6JAWk2iQF1qokD9eqJAzHiiQA2gokBjfqJAUFmiQHu4
okDBgqJAN0GiQHqUokAjc6JABl6iQAJgokCsf6JAdXaiQOl6okC7i6JAJ4CiQJKTokD+baJA
N4uiQG6LokBOhaJAnLqiQMNvokA7iaJAqnaiQAl4okAbnaJAJ3GiQJRfokCpc6JAbHqiQE1u
okDLhaJAYJKiQFNNokAaaqJAWnGiQChrokAac6JAcpGiQB6sokAxeaJA84qiQOV8okBfZ6JA
d2CiQNWIokDNhKJAuYWiQFWFokBXeaJADHCiQIeiokAwlKJAqHGiQASsokBOo6JArFKiQAhp
okAIfKJA5meiQF2rokAbiqJA6nKiQB6PokCYf6JAyoSiQCdkokDjhaJAiVOiQOSJokALtaJA
1aGiQDZlokB4eqJAZaaiQFZ6okB1iqJAP6KiQAdlokBrl6JAJY2iQA9/okC6cqJAb56iQLyQ
okDloaJAOJyiQGufokBjiqJAR4aiQIeAokAacaJAqpWiQC25okBhiKJAhpqiQCiCokCSfaJA
lqmiQFeSokD5cKJA8pOiQBW5okBTkaJAxKSiQBmdokBurqJA1JKiQFWFokA4kKJAf3yiQDWR
okCSs6JALouiQGqcokBFsaJAVmeiQMN0okA6mqJAUpuiQOiMokDukKJAq7CiQHp3okB2r6JA
CqiiQI+gokB7eqJAPrqiQOSLokD3n6JAwK6iQPOOokDPrKJA7ZyiQMGKokDAh6JA76miQO6n
okCPuKJA7aeiQHqjokAAh6JAL4iiQO+kokDAhaJAzouiQAWzokDElKJAH4+iQNSPokDyrKJA
YLSiQCqpokBBm6JAb5KiQLPRokAvs6JASoCiQI3EokARwaJASKmiQA6hokAwv6JAq46iQCef
okADyKJACKiiQNd9okC0l6JA8KOiQDO/okD0nqJAMpqiQKCFokDejqJAxM2iQKilokCFlqJA
vs+iQCeRokAkyaJAK6+iQDWcokAKsqJAT7eiQJTeokBhtKJACPWiQCa3okA0i6JAZpiiQPmq
okCbvaJAz8uiQCfXokALy6JA3duiQP7eokCltqJADruiQNi+okBOxKJA17yiQD2/okDf1aJA
aqCiQM3DokD2raJA5MyiQHm+okDMu6JAT6WiQDSrokA7raJAGbOiQJjhokAuyaJA3cGiQB/h
okAqqaJAi6iiQB7PokCfpqJAmPCiQHmgokCZ2KJA+PmiQBmpokA7+aJAScuiQC/JokC4zKJA
2daiQAK4okC8yqJAGsqiQIzpokDQpKJAsOaiQDu3okCvw6JAltSiQDXiokDVuaJAM7aiQJzL
okCDsaJA08miQNHlokCVwqJA9LWiQKe+okD1s6JAN/2iQODeokAOvKJAvMiiQOrmokBY36JA
htaiQL+9okBL0aJAOduiQE7bokAd5KJAwrKiQGHxokC7BaNAYMiiQPm5okAJyqJAqMOiQA7E
okBo16JAuLGiQGGtokCV3KJAUtCiQGPaokCnxaJAFPCiQP+cokDyv6JAKNuiQK7BokCw0KJA
HP6iQKbnokCQ0aJA79SiQHq5okBR4KJAqe+iQMbnokBTwaJAU/GiQCe0okBJrqJAB9SiQCfk
okB33KJAn9eiQOnkokCs+KJAv8uiQGjvokDC0KJAEcOiQMclo0BYyaJAsvOiQLnbokDACKNA
cr2iQC7yokD46aJAjLmiQKrwokDf+aJA4tWiQFDvokDP8qJAq+SiQOK0okA1AaNAt8iiQHwR
o0Cy6KJA3hejQI/dokBk7aJASwSjQG3iokBA5qJAxw2jQO7WokBNHKNAoPCiQOgCo0Bg86JA
8eaiQFnxokB056JAzv+iQEPwokD21KJA29aiQMX2okBqrqJAYs6iQEHxokBzw6JA6QmjQOjI
okA1BaNA6f+iQGv3okAM5aJAY/miQJ4qo0Ap76JALd+iQOP7okBM56JA7t6iQNsmo0BDFKNA
4BWjQAYIo0AnNKNAu/miQJYJo0BC9KJAAueiQK74okDy9qJAVOWiQOnwokAR9aJA5iWjQLTe
okDAD6NAAAejQPXjokD9IqNACgijQJoCo0AxK6NAeQ6jQLvxokAF+KJA/f6iQLdIo0Cq5KJA
Dw2jQC0To0A29qJAxRejQDUdo0AW8KJA+9eiQMYuo0C/8KJA6+KiQHjtokDl+aJAxiGjQHkR
o0B+DaNAkRujQMQmo0AcAaNAaQGjQG4po0ArA6NAhvmiQAkao0DfFaNAlwujQG8To0CbJKNA
hxWjQMQJo0AoHqNA8xSjQHQXo0CaSqNAjviiQB8Qo0AqI6NAhCyjQNjyokBlQaNADASjQIgI
o0A=</AssayYData></Step><Step><CommonData><SampleLocation>2</SampleLocation><SampleID>hsCD3d/e_Acro_CDD-H52W1</SampleID><SampleGroup></SampleGroup><SampleInfo></SampleInfo><SampleRow>A</SampleRow><SamplePlate>1</SamplePlate><WellType>KSAMPLE</WellType><Concentration>-1</Concentration><ConcentrationUnits>µg/ml</ConcentrationUnits><MolarConcentration>200</MolarConcentration><MolarConcUnits>nM</MolarConcUnits><MolecularWeight>0</MolecularWeight><Temperature>30</Temperature><StartTime>3762236</StartTime><AssayTime>180</AssayTime></CommonData><FlowRate>1000</FlowRate><StepType>ASSOC</StepType><StepName>Association</StepName><StepStatus>OK</StepStatus><ActualTime>180</ActualTime><CycleTime>0.2</CycleTime><AssayXData Points="900">VmBMRY1jTEW8ZkxF8GlMRSNtTEVacExFiXNMRbx2TEXweUxFJ31MRVqATEWJg0xFwIZMRfSJ
TEUjjUxFVpBMRYmTTEW8lkxF9JlMRSOdTEVaoExFiaNMRbymTEXwqUxFJ61MRVqwTEWJs0xF
wLZMRfS5TEUjvUxFWsBMRYnDTEW8xkxF9MlMRSPNTEVa0ExFidNMRbzWTEX02UxFI91MRVbg
TEWJ40xFvOZMRfTpTEUj7UxFVvBMRYnzTEXA9kxF8PlMRSf9TEVWAE1FiQNNRbwGTUXwCU1F
Iw1NRVYQTUWNE01FvBZNRfAZTUUjHU1FViBNRYkjTUXAJk1F8ClNRSMtTUVWME1FiTNNRbw2
TUXwOU1FIz1NRVZATUWJQ01FvEZNRfRJTUUjTU1FVlBNRYlTTUXAVk1F8FlNRSNdTUVaYE1F
iWNNRcBmTUX0aU1FI21NRVZwTUWNc01FvHZNRfh5TUUnfU1FWoBNRYmDTUW8hk1F9IlNRSON
TUVakE1FjZNNRbyWTUXwmU1FJ51NRVagTUWJo01FvKZNRfSpTUUnrU1FVrBNRYmzTUW8tk1F
9LlNRSO9TUVWwE1FicNNRcDGTUX0yU1FJ81NRVbQTUWN001FwNZNRfTZTUUn3U1FVuBNRYnj
TUW85k1F9OlNRSPtTUVW8E1FjfNNRcD2TUXw+U1FI/1NRVYATkWNA05FvAZORfAJTkUjDU5F
WhBORYkTTkXAFk5F8BlORScdTkVWIE5FiSNORbwmTkXwKU5FJy1ORVowTkWJM05FwDZORfQ5
TkUjPU5FVkBORYlDTkW8Rk5F8ElORSdNTkVWUE5FiVNORcBWTkXwWU5FJ11ORVZgTkWJY05F
vGZORfRpTkUjbU5FVnBORYlzTkW8dk5F8HlORSd9TkVWgE5FjYNORbyGTkXwiU5FI41ORVqQ
TkWJk05FvJZORfSZTkUjnU5FVqBORYmjTkW8pk5F8KlORSetTkVWsE5FibNORby2TkXwuU5F
J71ORVrATkWJw05FvMZORfDJTkUjzU5FVtBORYnTTkXA1k5F8NlORSfdTkVa4E5FjeNORbzm
TkXw6U5FJ+1ORVbwTkWJ805FvPZORfT5TkUn/U5FVgBPRYkDT0XABk9F8AlPRScNT0VWEE9F
iRNPRbwWT0XwGU9FIx1PRVYgT0WJI09FwCZPRfApT0UnLU9FVjBPRYkzT0W8Nk9F8DlPRSc9
T0VWQE9FiUNPRcBGT0XwSU9FI01PRVpQT0WNU09FvFZPRfBZT0UjXU9FWmBPRY1jT0XAZk9F
8GlPRSNtT0VWcE9FiXNPRbx2T0XweU9FI31PRVaAT0WJg09FvIZPRfCJT0UjjU9FWpBPRYmT
T0W8lk9F8JlPRSedT0VWoE9FjaNPRcCmT0X0qU9FI61PRVqwT0WJs09FwLZPRfS5T0UjvU9F
VsBPRY3DT0W8xk9F9MlPRSfNT0VW0E9FjdNPRbzWT0Xw2U9FI91PRVbgT0WN409FwOZPRfTp
T0Uj7U9FVvBPRYnzT0W89k9F8PlPRSP9T0VWAFBFiQNQRbwGUEXwCVBFIw1QRVYQUEWNE1BF
vBZQRfQZUEUjHVBFWiBQRYkjUEXAJlBF+ClQRSMtUEVWMFBFiTNQRcA2UEX0OVBFIz1QRVpA
UEWJQ1BFvEZQRfRJUEUjTVBFVlBQRYlTUEW8VlBF8FlQRSddUEVaYFBFjWNQRbxmUEXwaVBF
I21QRVpwUEWNc1BFvHZQRfB5UEUjfVBFVoBQRYmDUEW8hlBF9IlQRSONUEVWkFBFiZNQRbyW
UEX0mVBFI51QRVagUEWJo1BFvKZQRfCpUEUnrVBFWrBQRYmzUEW8tlBF8LlQRSO9UEVawFBF
icNQRcDGUEX0yVBFI81QRVrQUEWJ01BFvNZQRfDZUEUj3VBFVuBQRY3jUEXA5lBF8OlQRSPt
UEVW8FBFifNQRcD2UEX0+VBFI/1QRVoAUUWNA1FFwAZRRfAJUUUjDVFFWhBRRYkTUUW8FlFF
8BlRRScdUUVWIFFFiSNRRbwmUUXwKVFFJy1RRVYwUUWJM1FFwDZRRfA5UUUjPVFFVkBRRYlD
UUW8RlFF9ElRRSdNUUVWUFFFiVNRRcBWUUXwWVFFI11RRVZgUUWJY1FFwGZRRfRpUUUjbVFF
WnBRRYlzUUW8dlFF8HlRRSN9UUVWgFFFiYNRRcCGUUX0iVFFI41RRVaQUUWJk1FFwJZRRfSZ
UUUjnVFFVqBRRY2jUUW8plFF8KlRRSOtUUVWsFFFjbNRRby2UUXwuVFFJ71RRVbAUUWJw1FF
vMZRRfDJUUUjzVFFVtBRRY3TUUW81lFF9NlRRSfdUUVW4FFFieNRRbzmUUX06VFFI+1RRVrw
UUWN81FFwPZRRfD5UUUj/VFFVgBSRY0DUkW8BlJF8AlSRScNUkVaEFJFiRNSRbwWUkX0GVJF
Jx1SRVYgUkWNI1JFwCZSRfApUkUnLVJFVjBSRYkzUkXANlJF9DlSRSc9UkVWQFJFiUNSRcBG
UkXwSVJFI01SRVZQUkWJU1JFvFZSRfRZUkUnXVJFWmBSRY1jUkXAZlJF8GlSRSdtUkVWcFJF
iXNSRcB2UkX0eVJFJ31SRVaAUkWJg1JFvIZSRfCJUkUjjVJFVpBSRYmTUkXAllJF8JlSRSed
UkVWoFJFiaNSRbymUkXwqVJFI61SRVawUkWJs1JFvLZSRfS5UkUjvVJFWsBSRYnDUkW8xlJF
9MlSRSPNUkVW0FJFidNSRbzWUkXw2VJFI91SRVbgUkWN41JFvOZSRfTpUkUn7VJFVvBSRYnz
UkXA9lJF8PlSRSf9UkVaAFNFiQNTRbwGU0XwCVNFJw1TRVYQU0WJE1NFwBZTRfAZU0UjHVNF
WiBTRYkjU0XAJlNF8ClTRSMtU0VWMFNFiTNTRcA2U0X0OVNFIz1TRVZAU0WJQ1NFwEZTRfRJ
U0UjTVNFVlBTRY1TU0XAVlNF8FlTRSddU0VWYFNFiWNTRbxmU0X0aVNFJ21TRVZwU0WNc1NF
vHZTRfB5U0UjfVNFWoBTRYmDU0XAhlNF9IlTRSONU0VWkFNFjZNTRbyWU0XwmVNFI51TRVqg
U0WNo1NFvKZTRfCpU0UjrVNFVrBTRY2zU0W8tlNF9LlTRSO9U0VWwFNFjcNTRcDGU0X0yVNF
I81TRVbQU0WJ01NFvNZTRfDZU0Un3VNFVuBTRYnjU0W85lNF9OlTRSPtU0VW8FNFifNTRbz2
U0Xw+VNFI/1TRVoAVEWNA1RFwAZURfAJVEUjDVRFWhBURYkTVEW8FlRF8BlURSMdVEVWIFRF
iSNURbwmVEX0KVRFIy1URVYwVEWJM1RFvDZURfA5VEUjPVRFWkBURYlDVEW8RlRF8ElURSNN
VEVWUFRFjVNURbxWVEXwWVRFI11URVZgVEWJY1RFvGZURfBpVEUjbVRFVnBURYlzVEW8dlRF
8HlURSd9VEVWgFRFiYNURcCGVEX0iVRFI41URV6QVEWJk1RFvJZURfCZVEUnnVRFWqBURYmj
VEW8plRF8KlURSetVEVasFRFibNURcC2VEXwuVRFI71URVbAVEWJw1RFwMZURfDJVEUnzVRF
VtBURY3TVEXA1lRF8NlURSfdVEVa4FRFieNURbzmVEXw6VRFJ+1URVbwVEWJ81RFwPZURfD5
VEUj/VRFVgBVRYkDVUW8BlVF9AlVRSMNVUVaEFVFjRNVRbwWVUX0GVVFIx1VRVogVUWJI1VF
wCZVRfApVUUnLVVFVjBVRYkzVUXANlVF8DlVRSM9VUVWQFVFjUNVRcBGVUX0SVVFI01VRVZQ
VUWJU1VFvFZVRfRZVUUnXVVFVmBVRY1jVUXFZlVF8GlVRSNtVUVWcFVFiXNVRbx2VUX0eVVF
I31VRVqAVUWNg1VFwIZVRfSJVUUjjVVFVpBVRY2TVUW8llVF9JlVRSedVUVWoFVFjaNVRcCm
VUX0qVVFI61VRVawVUWNs1VFvLZVRfC5VUUnvVVFVsBVRYnDVUW8xlVF9MlVRSPNVUVW0FVF
jdNVRbzWVUXw2VVFJ91VRVrgVUWJ41VFvOZVRfTpVUUj7VVFVvBVRYnzVUW89lVF8PlVRSP9
VUVWAFZFiQNWRbwGVkX0CVZFIw1WRVYQVkWJE1ZFwBZWRfAZVkUnHVZFViBWRYkjVkW8JlZF
9ClWRSctVkVWMFZFiTNWRcA2VkXwOVZFIz1WRVZAVkWJQ1ZFvEZWRfBJVkUjTVZFVlBWRYlT
VkXAVlZF8FlWRSNdVkVWYFZFiWNWRcBmVkXwaVZFJ21WRVZwVkWJc1ZFvHZWRfB5VkUnfVZF
VoBWRY2DVkW8hlZF8IlWRSONVkVWkFZFiZNWRbyWVkX0mVZFI51WRVqgVkWJo1ZFwKZWRfSp
VkUjrVZFWrBWRYmzVkW8tlZF8LlWRSe9VkVWwFZFjcNWRbzGVkX0yVZFI81WRVrQVkWJ01ZF
vNZWRfDZVkUj3VZFVuBWRYnjVkXA5lZF8OlWRSPtVkVa8FZFjfNWRbz2VkX0+VZFJ/1WRVoA
V0WJA1dFwAZXRfAJV0UjDVdFVhBXRYkTV0W8FldF8BlXRSMdV0VWIFdFiSNXRbwmV0XwKVdF
Jy1XRVYwV0WJM1dFvDZXRfA5V0UnPVdFVkBXRYlDV0W8RldF8ElXRSNNV0VWUFdFiVNXRcBW
V0XwWVdFJ11XRVZgV0WNY1dFwGZXRfBpV0UnbVdFVnBXRY1zV0W8dldF9HlXRSd9V0VagFdF
iYNXRcCGV0XwiVdFI41XRVqQV0WJk1dFwJZXRfCZV0UjnVdF</AssayXData><AssayYData Points="900">KJWiQKgSo0BXUqNA352jQA60o0DS0KNABS+kQEATpEA3HqRAL0akQKthpECCg6RA0XykQGC8
pECju6RA2uekQDHXpEDuFaVAtyClQNQkpUBEFaVAzlWlQJBwpUBBRKVA3EGlQGWBpUBhdKVA
WKKlQCWppUCOtKVAWqylQH23pUDj1qVAJsKlQDrepUBbFKZAF/ulQKIBpkDvN6ZA7wKmQKk8
pkD/LKZAyTCmQFIrpkDPK6ZAvGimQLFEpkDooqZAcpWmQAxipkDri6ZAmo+mQEqXpkCDhaZA
LYumQA2kpkC4t6ZABbemQB7LpkBWn6ZAA9GmQAjHpkCOE6dAjACnQLbfpkBp2KZAIh6nQGnd
pkBx8aZAB/amQE/7pkCR86ZADA+nQEYyp0CSFKdAbCWnQEVFp0C2SKdAYTanQNdKp0BlWadA
ZmunQEtJp0CmaKdAKyenQK5bp0AKbqdAUnCnQBd6p0D5S6dAxFinQFuFp0DomKdAp4qnQImG
p0DpiKdA/62nQExIp0BsoKdApK2nQKyup0ABsqdAzMenQA+/p0BnwadAA6KnQJrmp0AP3KdA
bcWnQJW4p0A5xadAnNCnQC3Fp0CT16dA8wCoQILnp0Ck96dAGQCoQOT6p0Cz2qdAguenQDAM
qEAz8qdAVPSnQNckqEANCqhAm+6nQPMvqECaF6hAOQOoQAArqEDNI6hAihCoQI8tqEA7MqhA
KSOoQDtRqECwPKhA3TGoQGw4qEDkRahA90OoQEgwqEByV6hAQDuoQAVaqEANS6hArnKoQCFE
qECCSahA9WyoQIVZqED3kqhAE3KoQLRuqEA+hqhAMIqoQMRaqECVc6hAL5qoQKNvqECzhqhA
7IqoQLC/qECdbahA0pWoQFuSqECQg6hADpqoQHZmqECtgqhAR72oQPiYqECvqKhAdquoQNLD
qEDEoKhA0KaoQF6TqEDSo6hA3sOoQFSeqED/oKhAFt2oQJLAqEAk/ahAktaoQBrSqECJzKhA
3NWoQO22qEDw4KhA3wqpQFPcqEAb66hAmeqoQFIKqUB3xKhATtaoQOHlqECzuqhATgipQD/j
qEB76KhAqgqpQJPqqEDdAKlA2tWoQP4IqUC46qhAfwypQKUaqUBF8KhAE/uoQAkNqUBL9qhA
RP2oQDwHqUAK+KhAv+2oQAETqUA4FalA8P+oQE4nqUCq/KhAazipQPQcqUBwAqlA+iepQLos
qUC/O6lAVkSpQNIyqUAgUKlA+0GpQJMqqUDaKKlAGh+pQEFEqUBoPqlA5l6pQH1aqUBWM6lA
10KpQIBPqUD9XKlASg+pQL1sqUBlZKlAb0qpQBROqUBOZ6lA3UapQG48qUCeSqlAf4GpQCY7
qUCYaqlAPmGpQE5QqUCrX6lAnnOpQFJQqUAXU6lAL4GpQJmNqUDDYalA4WOpQLSLqUBZaalA
nYepQNWLqUAPfqlAFHepQCRkqUAVlKlAWJypQOeEqUBjValANIepQHOvqUC1sKlAg2qpQE+j
qUDkpqlAV5WpQNZxqUDbpalAoaWpQPWOqUA5vqlAKJOpQM6kqUA2y6lAr76pQNCaqUCurqlA
p92pQDCAqUCFp6lAPKqpQCWzqUCQsqlAS7+pQMCzqUDAxalApu6pQLXaqUAjvqlAvPupQPDc
qUADyqlA38WpQOCjqUBQsKlAN8ipQN7NqUAtzalABtapQIXXqUCYzalAMN2pQPXMqUBT3alA
1AiqQAHrqUBoy6lAZNupQD/4qUB546lAh+qpQBIPqkCpzKlA8vepQPfZqUAPsKlA8+SpQPLt
qUDu9alAUdGpQEIgqkAiAqpAtwCqQNTfqUCL+alANBKqQKDdqUDD/alAZBGqQK30qUCjCapA
LuapQJTwqUCj+alA2hOqQDIMqkB5DqpAoxeqQL77qUCoCKpAiuypQDL5qUAcLKpAtB6qQPsE
qkDeF6pAWhqqQPEDqkBDDKpASy6qQBwpqkCyBapARDOqQAMdqkDTPapAoh+qQLAuqkALJqpA
aEyqQKEwqkAyJ6pAnyeqQFUhqkDjU6pAkDiqQKc/qkDNPKpAaB2qQKk7qkDfQ6pAcEGqQCVF
qkCtEapAlFuqQBszqkBMO6pAfE2qQG4yqkClWapAVz2qQEJKqkCJN6pANU2qQMU4qkDJTapA
7WeqQOMeqkAHYapAZHiqQD1ZqkCEM6pAmVyqQFs6qkAvSapAZWaqQBNVqkA6RqpAi2CqQMAv
qkDpXqpAPkCqQH1qqkDvVqpAUGGqQC96qkDSXqpAkGGqQDCSqkDhTapAhFKqQFZzqkCAhKpA
qmyqQGxeqkDXcqpAelGqQH11qkD3WapAf2aqQHBeqkC8fKpA4JKqQFtvqkAisqpAA26qQONg
qkC7k6pATX6qQNF/qkBgfqpA0F6qQHKlqkDbPapAqoiqQNaMqkC9fKpASHyqQL5zqkC3japA
/L6qQNiVqkCOgKpAanqqQLeEqkDTl6pAHpaqQOSGqkAZrqpAW6+qQJ6QqkDqpKpAp4KqQC92
qkD5iqpAyryqQBaFqkAklKpA3naqQJGMqkC+h6pAgLeqQKWtqkB3u6pAesGqQDquqkDJmapA
h5eqQAfWqkDwsapAJqSqQGm6qkAktapAsoKqQIinqkAm8KpAP6aqQFbJqkBpkqpAobiqQCXd
qkA3wKpAOKyqQOTDqkBUtKpAleqqQNG/qkAX5apAWMGqQM2pqkB22KpAJ9uqQHaXqkCuyapA
5hSrQBu7qkC+56pAWr6qQIe8qkBKvapAxM2qQDHPqkCxyKpAF82qQN3MqkBjuqpAc8aqQOTU
qkAp1KpATOaqQFG+qkCuxKpAW+CqQGvoqkDQ1apAZtGqQH3yqkCf6qpAAciqQP3YqkBn9qpA
vv+qQJbuqkDm66pAVqCqQELuqkDc6qpAYsaqQFXuqkDb4KpAxe2qQCkOq0CF2apAoKaqQMHs
qkDl76pAx+SqQAPKqkBe9qpAQ/GqQI3xqkCJ+apA1yirQJ3cqkCO+qpA8wirQFnaqkBfCqtA
AuSqQLb7qkAF8KpA2wurQBvLqkAnBatAmeqqQPnuqkBl7apAUwarQAUUq0Cf86pAwhKrQIr9
qkArDatADQmrQJUOq0AyB6tAQAarQHT/qkB49KpAJ/6qQGYsq0BSIatApEmrQLQMq0CJEatA
TfyqQOkYq0DgBatAcAGrQC8Zq0BU/KpA4wCrQIAEq0AfWqtAUxmrQK4Tq0C1C6tAMyyrQEUp
q0AVSatA/0KrQBYDq0BKMqtA3imrQMA4q0AC96pA8yKrQCw8q0BMNqtAliqrQJQvq0DdA6tA
g1erQAswq0AQI6tA9V+rQAsRq0AkPKtALmWrQDcrq0ATJKtAHDOrQE5Cq0D1J6tACh+rQDBK
q0DHL6tAyzmrQGVVq0ASIqtAuDKrQPJSq0AtMqtAlUmrQMFIq0APNatA7DWrQJlRq0B8SKtA
sTmrQGJMq0DQUqtA6lqrQMBYq0BBgqtAKl6rQPAuq0CXQatADDqrQOlDq0B6WKtA/GWrQFFW
q0DbJatAL0irQP9zq0B5h6tA3kirQPsyq0DgUqtAz4OrQP16q0AQWKtA1JCrQFtEq0A1PatA
V3arQGppq0CJZKtAk2CrQH04q0DZbKtAT1CrQCprq0DIV6tAvWarQI6Kq0D1XatA41qrQPqN
q0DMZ6tAXWWrQJh1q0Agf6tAgm6rQIyjq0B0iatAdG+rQPeeq0AgW6tAW0qrQLp+q0DlaKtA
4lGrQOx+q0BjoqtA9G2rQAKBq0BZpKtA16GrQDtnq0DdeqtAL2OrQD9pq0CNe6tAsV+rQHGX
q0AwdKtAWYirQB2Vq0AlqKtA2YqrQMCXq0BYfqtAeYSrQDuKq0CxcKtALWqrQEZ7q0CkmKtA
so2rQOKOq0BCdqtAiaOrQIuTq0CFeqtAcZSrQOCSq0BrmatAJZKrQCefq0DuiqtAyZ2rQGKq
q0DVsatAIqarQDmsq0AxuqtAWnSrQHOxq0DvoqtAuberQIiOq0BW06tAOKirQG+Zq0Bmm6tA
nrurQGqVq0DSsKtADq+rQFurq0ByiKtAhLWrQACFq0B2uKtAQaerQL+oq0CcsKtA5M2rQPmu
q0BSk6tA7LmrQDGQq0DuyatAnLyrQHjLq0AGrqtAHd6rQBavq0BXqqtAz8KrQPyxq0CFqKtA
g7CrQGW5q0CVo6tAFbCrQLnEq0Dly6tApcSrQKPOq0Bos6tAQ8arQPaiq0BmxqtA5surQI29
q0BZs6tA/8arQA7fq0CXt6tAFsurQJiwq0BMxKtAPtKrQKXfq0ABxatAlrCrQL/Xq0B306tA
W7CrQJDuq0DR6atAgNGrQAPPq0AY2KtA1OOrQAy6q0B2l6tAeOSrQDfJq0AV5atAOvKrQJ3p
q0A01KtAHt2rQD7iq0DctKtAxOCrQL8BrED4zqtAn9OrQEzOq0Dk3KtAYvirQO0HrECzx6tA
D+2rQAX8q0DR4atAQb2rQEIOrEAS8qtALe+rQDv/q0Dw16tAYQasQKwDrEBq0qtAb++rQEzq
q0CuBqxA/earQB3tq0Aw/KtAhOGrQDP5q0CdA6xAsPGrQM/4q0Av/qtA+wSsQP7Wq0CZ7qtA
yeWrQMXjq0CVIqxAOP2rQDcIrECV7qtAxQysQG0JrED+A6xAAQusQODwq0BI6qtArCKsQEb9
q0C7BaxAVwCsQFYTrEBX8atAWwesQIgCrECy6atAORWsQJLzq0De96tACyCsQNISrEDA4KtA
TPmrQDMprEDI/6tAkwOsQPgArEDUMaxAgwmsQH4IrEC+HKxA</AssayYData></Step><Step><CommonData><SampleLocation>1</SampleLocation><SampleID>Octet Buffer</SampleID><SampleGroup></SampleGroup><SampleInfo></SampleInfo><SampleRow>A</SampleRow><SamplePlate>1</SamplePlate><WellType>BUFFER</WellType><Concentration>-1</Concentration><ConcentrationUnits>µg/ml</ConcentrationUnits><MolarConcentration>-1</MolarConcentration><MolarConcUnits>nM</MolarConcUnits><MolecularWeight>0</MolecularWeight><Temperature>30</Temperature><StartTime>3950497</StartTime><AssayTime>300</AssayTime></CommonData><FlowRate>1000</FlowRate><StepType>DISASSOC</StepType><StepName>Dissociation</StepName><StepStatus>OK</StepStatus><ActualTime>300.001</ActualTime><CycleTime>0.2</CycleTime><AssayXData Points="1500">VqBXRYmjV0XFpldF8KlXRSOtV0VasFdFibNXRby2V0XwuVdFI71XRVbAV0WJw1dFvMZXRfDJ
V0UjzVdFVtBXRYnTV0W81ldF8NlXRSPdV0Va4FdFjeNXRbzmV0Xw6VdFI+1XRVbwV0WJ81dF
vPZXRfT5V0Uj/VdFVgBYRY0DWEW8BlhF8AlYRSMNWEVWEFhFjRNYRbwWWEXwGVhFJx1YRVYg
WEWNI1hFvCZYRfQpWEUnLVhFWjBYRYkzWEXANlhF8DlYRSM9WEVWQFhFiUNYRbxGWEXwSVhF
J01YRVZQWEWJU1hFwFZYRfRZWEUnXVhFVmBYRYljWEW8ZlhF8GlYRSNtWEVWcFhFjXNYRcB2
WEX0eVhFI31YRVaAWEWJg1hFvIZYRfCJWEUjjVhFVpBYRYmTWEW8llhF9JlYRSedWEVaoFhF
iaNYRcCmWEX0qVhFI61YRVawWEWJs1hFvLZYRfS5WEUjvVhFVsBYRW/EWEX6xlhF8MlYRSPN
WEVW0FhFidNYRbzWWEXw2VhFI91YRVbgWEWJ41hFvOZYRfDpWEUj7VhFVvBYRY3zWEW89lhF
9PlYRSf9WEVWAFlFjQNZRbwGWUX0CVlFIw1ZRVoQWUWNE1lFvBZZRfAZWUUjHVlFViBZRYkj
WUXAJllF9ClZRSMtWUVWMFlFiTNZRbw2WUX0OVlFIz1ZRVZAWUWJQ1lFwEZZRfBJWUUnTVlF
VlBZRYlTWUXAVllF8FlZRSNdWUVWYFlFjWNZRbxmWUXwaVlFI21ZRVZwWUWNc1lFvHZZRfB5
WUUjfVlFVoBZRYmDWUW8hllF8IlZRSONWUVakFlFjZNZRbyWWUX0mVlFJ51ZRVagWUWNo1lF
wKZZRfCpWUUjrVlFVrBZRYmzWUXAtllF9LlZRSO9WUVawFlFicNZRbzGWUXwyVlFI81ZRVbQ
WUWJ01lFwNZZRfDZWUUj3VlFWuBZRYnjWUXA5llF8OlZRSPtWUVW8FlFifNZRbz2WUX0+VlF
I/1ZRVYAWkWJA1pFwAZaRfQJWkUnDVpFVhBaRYkTWkW8FlpF8BlaRSMdWkVWIFpFjSNaRcAm
WkX0KVpFIy1aRVowWkWJM1pFwDZaRfA5WkUjPVpFWkBaRYlDWkW8RlpF9ElaRSNNWkVaUFpF
jVNaRcBWWkX0WVpFI11aRVpgWkWJY1pFvGZaRfBpWkUjbVpFVnBaRY1zWkXAdlpF8HlaRSN9
WkVagFpFiYNaRbyGWkX0iVpFJ41aRVaQWkWJk1pFvJZaRfSZWkUjnVpFVqBaRYmjWkW8plpF
9KlaRSetWkVasFpFibNaRby2WkXwuVpFJ71aRVbAWkWJw1pFvMZaRfTJWkUjzVpFWtBaRYnT
WkW81lpF9NlaRSPdWkVW4FpFieNaRbzmWkX06VpFYu5aRe7wWkWJ81pFwPZaRfT5WkUj/VpF
VgBbRYkDW0W8BltF8AlbRSMNW0VaEFtFiRNbRbwWW0X0GVtFIx1bRVogW0WNI1tFvCZbRfAp
W0UjLVtFWjBbRYkzW0W8NltF8DlbRSM9W0VaQFtFoERbRS9HW0XwSVtFJ01bRVZQW0WJU1tF
wFZbRfRZW0UjXVtFWmBbRYljW0W8ZltF8GlbRSNtW0VacFtFiXNbRcB2W0XweVtFI31bRVaA
W0WNg1tFvIZbRfCJW0UjjVtFWpBbRYmTW0XAlltF8JlbRSOdW0VWoFtFjaNbRbymW0X0qVtF
I61bRVqwW0WJs1tFvLZbRfS5W0UjvVtFVsBbRYnDW0W8xltF8MlbRSPNW0VW0FtFidNbRbzW
W0Xw2VtFI91bRVrgW0WJ41tFwOZbRfTpW0Un7VtFVvBbRZHzW0XA9ltF8PlbRSP9W0VWAFxF
iQNcRbwGXEXwCVxFJw1cRVYQXEWJE1xFvBZcRfAZXEUjHVxFViBcRYkjXEW8JlxF9ClcRSMt
XEVWMFxFiTNcRcA2XEXwOVxFIz1cRVZAXEWNQ1xFvEZcRfRJXEUnTVxFVlBcRYlTXEW8VlxF
8FlcRSNdXEVaYFxFiWNcRcBmXEXwaVxFI21cRVpwXEWNc1xFvHZcRfB5XEUjfVxFVoBcRY2D
XEW8hlxF9IlcRSONXEVWkFxFiZNcRcCWXEXwmVxFI51cRVagXEWNo1xFwKZcRfCpXEUjrVxF
WrBcRY2zXEW8tlxF8LlcRSO9XEVawFxFicNcRbzGXEXwyVxFJ81cRVrQXEWJ01xFvNZcRfDZ
XEUn3VxFVuBcRYnjXEW85lxF9OlcRSPtXEVa8FxFifNcRbz2XEXw+VxFJ/1cRVYAXUWJA11F
vAZdRfAJXUUjDV1FVhBdRYkTXUXAFl1F8BldRSMdXUVWIF1FjSNdRcAmXUX0KV1FIy1dRVYw
XUWNM11FvDZdRfQ5XUUjPV1FVkBdRY1DXUW8Rl1F9EldRSdNXUVWUF1FiVNdRbxWXUXwWV1F
I11dRVpgXUWNY11FvGZdRfBpXUUjbV1FVnBdRY1zXUW8dl1F9HldRSN9XUVWgF1FiYNdRbyG
XUXwiV1FI41dRVaQXUWNk11FvJZdRfCZXUUjnV1FVqBdRYmjXUXApl1F8KldRSOtXUVasF1F
ibNdRby2XUX0uV1FJ71dRVrAXUXRxF1FWMddRfDJXUUnzV1FVtBdRY3TXUW81l1F8NldRSPd
XUVa4F1FjeNdRbzmXUXw6V1FI+1dRVrwXUWN811FvPZdRfD5XUUn/V1FVgBeRY0DXkW8Bl5F
9AleRScNXkVaEF5FiRNeRbwWXkXwGV5FIx1eRVogXkWJI15FwCZeRfApXkUnLV5FVjBeRYkz
XkXANl5F9DleRSM9XkVWQF5FiUNeRcBGXkXwSV5FI01eRVpQXkWJU15FvFZeRfBZXkUjXV5F
VmBeRY1jXkW8Zl5F8GleRSNtXkVacF5FiXNeRbx2XkXweV5FI31eRVqAXkWJg15FwIZeRfCJ
XkUjjV5FVpBeRY2TXkW8ll5F8JleRSedXkVWoF5FjaNeRbymXkXwqV5FI61eRTuxXkXDs15F
vLZeRfC5XkUjvV5FVsBeRY3DXkW8xl5F8MleRSPNXkVW0F5FidNeRcDWXkXw2V5FI91eRVbg
XkWN415FvOZeRfDpXkUj7V5FWvBeRYnzXkW89l5F8PleRSf9XkVWAF9F5QRfRXUHX0X8CV9F
Iw1fRVYQX0WJE19FvBZfRfQZX0UjHV9FWiBfRY0jX0XAJl9F9ClfRSMtX0VaMF9FiTNfRcA2
X0X0OV9FJz1fRVZAX0WJQ19FvEZfRfBJX0UjTV9FWlBfRYlTX0W8Vl9F9FlfRSNdX0VaYF9F
iWNfRbxmX0XwaV9FI21fRVZwX0WJc19FvHZfRfR5X0UnfV9FVoBfRYmDX0W8hl9F9IlfRSON
X0VWkF9FiZNfRcCWX0X0mV9FJ51fRVagX0WJo19FvKZfRfSpX0UjrV9FVrBfRYmzX0W8tl9F
8LlfRSO9X0VWwF9FjcNfRbzGX0XwyV9FJ81fRVbQX0WJ019FvNZfRfTZX0Uj3V9FVuBfRYnj
X0W85l9F8OlfRSPtX0VW8F9FjfNfRbz2X0X0+V9FJ/1fRVYAYEWJA2BFvAZgRfAJYEUjDWBF
VhBgRYkTYEW8FmBF9BlgRScdYEVaIGBFjSNgRbwmYEXwKWBFIy1gRVYwYEWJM2BFwDZgRfA5
YEUjPWBFVkBgRYNEYEUOR2BF8ElgRSNNYEVaUGBFiVNgRbxWYEX0WWBFI11gRVZgYEWJY2BF
vGZgRfBpYEUjbWBFWnBgRYlzYEXAdmBF8HlgRSd9YEVWgGBFiYNgRcCGYEXwiWBFJ41gRVaQ
YEWNk2BFvJZgRfSZYEUnnWBFVqBgRYmjYEW8pmBF8KlgRSOtYEVWsGBFibNgRby2YEXwuWBF
I71gRVbAYEWNw2BFwMZgRfDJYEUjzWBFVtBgRYnTYEW81mBF9NlgRSPdYEVW4GBFjeNgRbzm
YEXw6WBFJ+1gRVbwYEWW82BFwPZgRfD5YEUj/WBFVgBhRY0DYUW8BmFF9AlhRScNYUVaEGFF
iRNhRcAWYUXwGWFFIx1hRVogYUWJI2FFvCZhRfApYUUjLWFFWjBhRYkzYUW8NmFF8DlhRSM9
YUVWQGFFiUNhRbxGYUXwSWFFI01hRVZQYUWJU2FFvFZhRfBZYUUnXWFFVmBhRYljYUXAZmFF
8GlhRSNtYUVWcGFFiXNhRbx2YUXweWFFI31hRVaAYUWJg2FFwIZhRfiJYUUjjWFFVpBhRY2T
YUW8lmFF8JlhRSedYUVaoGFFiaNhRbymYUXwqWFFJ61hRVawYUWJs2FFwLZhRfC5YUUjvWFF
VsBhRYnDYUXAxmFF9MlhRSfNYUVW0GFFjdNhRbzWYUXw2WFFI91hRVbgYUWN42FFvOZhRfDp
YUUj7WFFWvBhRY3zYUW89mFF9PlhRSP9YUVaAGJFiQNiRbwGYkXwCWJFIw1iRVYQYkWNE2JF
vBZiRfQZYkUjHWJFViBiRY0jYkW8JmJF8CliRSMtYkVWMGJFjTNiRbw2YkX0OWJFIz1iRVpA
YkWJQ2JFvEZiRfBJYkUjTWJFVlBiRYlTYkXAVmJF8FliRSNdYkVaYGJFiWNiRbxmYkXwaWJF
I21iRVZwYkVWdGJF3XZiRfB5YkUjfWJFWoBiRYmDYkXAhmJF8IliRSONYkVWkGJFjZNiRcCW
YkXwmWJFI51iRVagYkWNo2JFvKZiRfSpYkUnrWJFVrBiRYmzYkXAtmJF8LliRSe9YkVWwGJF
7sRiRXnHYkUAymJFI81iRVbQYkWJ02JFvNZiRfDZYkUv3WJFWuBiRYnjYkW85mJF8OliRSPt
YkVa8GJFjfNiRcD2YkXw+WJFJ/1iRVoAY0WNA2NFvAZjRfQJY0UjDWNFVhBjRYkTY0W8FmNF
8BljRSMdY0VWIGNFjSNjRbwmY0X0KWNFIy1jRVowY0WJM2NFvDZjRfQ5Y0UnPWNFWkBjRY1D
Y0W8RmNF9EljRSNNY0VaUGNFiVNjRcBWY0X0WWNFI11jRVpgY0WJY2NFvGZjRfBpY0UjbWNF
WnBjRYlzY0XAdmNF8HljRSN9Y0VWgGNFiYNjRbyGY0XwiWNFJ41jRVaQY0WJk2NFvJZjRfCZ
Y0UnnWNFVqBjRYmjY0XApmNF8KljRSOtY0VWsGNFibNjRby2Y0XwuWNFI71jRVrAY0WNw2NF
vMZjRfDJY0UjzWNFWtBjRYnTY0W81mNF8NljRSPdY0VW4GNFjeNjRbzmY0Xw6WNFJ+1jRVrw
Y0WN82NFwPZjRfD5Y0Uj/WNFWgBkRX8EZEUKB2RF9AlkRScNZEVaEGRFkRNkRbwWZEX0GWRF
Jx1kRVYgZEWJI2RFvCZkRfQpZEUnLWRFWjBkRYkzZEW8NmRF8DlkRSc9ZEVWQGRFiUNkRbxG
ZEXwSWRFI01kRVpQZEWJU2RFvFZkRfRZZEUnXWRFVmBkRY1jZEW8ZmRF8GlkRSNtZEVacGRF
jXNkRbx2ZEXweWRFJ31kRVaAZEWJg2RFvIZkRfCJZEUjjWRFVpBkRYmTZEXAlmRF8JlkRSOd
ZEVWoGRFjaNkRbymZEXwqWRFI61kRVawZEWNs2RFvLZkRfC5ZEUjvWRFWsBkRYnDZEW8xmRF
9MlkRSPNZEVW0GRFjdNkRbzWZEX02WRFJ91kRVrgZEWJ42RFwOZkRfTpZEUj7WRFWvBkRYnz
ZEXA9mRF9PlkRSf9ZEVaAGVFiQNlRcAGZUX0CWVFJw1lRVYQZUWNE2VFvBZlRfAZZUUnHWVF
ViBlRYkjZUW8JmVF8CllRSctZUVWMGVFjTNlRcA2ZUX0OWVFJz1lRVZAZUXdRGVFZEdlRfRJ
ZUUnTWVFVlBlRYlTZUW8VmVF8FllRSNdZUVWYGVFiWNlRcBmZUX0aWVFI21lRVZwZUWJc2VF
wHZlRfB5ZUUjfWVFVoBlRY2DZUXAhmVF8IllRSONZUVWkGVFjZNlRbyWZUX0mWVFJ51lRVag
ZUWJo2VFvKZlRfCpZUUjrWVFVrBlRYmzZUW8tmVF8LllRSO9ZUVWwGVFicNlRbzGZUXwyWVF
I81lRVbQZUWJ02VFvNZlRfDZZUUn3WVFVuBlRY3jZUXA5mVF8OllRSPtZUVa8GVFifNlRbz2
ZUX0+WVFI/1lRVoAZkWJA2ZFvAZmRfQJZkUjDWZFYhBmRY0TZkW8FmZF8BlmRScdZkVWIGZF
iSNmRcAmZkX0KWZFIy1mRVYwZkWJM2ZFKzdmRfA5ZkUnPWZFVkBmRYlDZkXARmZF8ElmRSdN
ZkVWUGZFiVNmRcBWZkXwWWZFJ11mRVZgZkWJY2ZFvGZmRfBpZkUjbWZFVnBmRY1zZkW8dmZF
8HlmRSd9ZkVWgGZFuIRmRUSHZkXwiWZFJ41mRVaQZkWJk2ZFvJZmRfCZZkUnnWZFVqBmRY2j
ZkXApmZF8KlmRSOtZkVWsGZFibNmRby2ZkXwuWZFI71mRVbAZkWJw2ZFwMZmRfDJZkUjzWZF
VtBmRY3TZkXA1mZF8NlmRSfdZkVW4GZFieNmRcDmZkX46WZFJ+1mRVbwZkWJ82ZFvPZmRfD5
ZkUj/WZFWgBnRY0DZ0W8BmdF8AlnRSMNZ0VWEGdFjRNnRbwWZ0XwGWdFIx1nRVYgZ0WJI2dF
vCZnRfApZ0UjLWdFVjBnRYkzZ0W8NmdF9DlnRSc9Z0VaQGdFiUNnRbxGZ0X0SWdFJ01nRVZQ
Z0WJU2dFvFZnRfRZZ0UjXWdFYmBnRYljZ0W8ZmdF9GlnRSNtZ0VWcGdFiXNnRbx2Z0XweWdF
J31nRVaAZ0WJg2dFwIZnRfSJZ0UnjWdFWpBnRY2TZ0W8lmdF8JlnRSOdZ0VWoGdFiaNnRcCm
Z0XwqWdFI61nRVawZ0WJs2dFvLZnRfS5Z0UjvWdFVsBnRcnEZ0VUx2dF8MlnRSPNZ0Va0GdF
idNnRbzWZ0Xw2WdFI91nRVbgZ0WN42dFvOZnRfTpZ0Uj7WdFVvBnRYnzZ0W89mdF9PlnRSP9
Z0VWAGhFiQNoRcAGaEXwCWhFJw1oRVoQaEWJE2hFvBZoRfQZaEUjHWhFViBoRYkjaEW8JmhF
8CloRSMtaEVaMGhFiTNoRcA2aEXwOWhFIz1oRVZAaEWJQ2hFvEZoRfRJaEUjTWhFWlBoRYlT
aEXAVmhF8FloRSNdaEVaYGhFjWNoRbxmaEXwaWhFJ21oRVZwaEWNc2hFvHZoRfR5aEUjfWhF
VoBoRYmDaEW8hmhF9IloRSONaEVWkGhFiZNoRcCWaEXwmWhFI51oRVqgaEWJo2hFvKZoRfSp
aEUjrWhFVrBoRY2zaEXAtmhF9LloRSO9aEVWwGhFicNoRcXGaEX0yWhFJ81oRVbQaEWJ02hF
vNZoRfDZaEUj3WhFVuBoRY3jaEW85mhF9OloRSftaEVW8GhFifNoRbz2aEXw+WhFI/1oRVYA
aUWgBGlFJwdpRfAJaUUjDWlFVhBpRY0TaUW8FmlF8BlpRSMdaUVWIGlFiSNpRbwmaUXwKWlF
Iy1pRVYwaUWNM2lFvDZpRfA5aUUjPWlFWkBpRY1DaUW8RmlF8ElpRSNNaUVaUGlFiVNpRcBW
aUXwWWlFI11pRVZgaUWJY2lFvGZpRfBpaUUjbWlFVnBpRYlzaUW8dmlF9HlpRSN9aUVagGlF
iYNpRbyGaUX0iWlFI41pRVqQaUWJk2lFvJZpRfCZaUUjnWlFVqBpRYmjaUW8pmlF9KlpRSet
aUVasGlFibNpRby2aUXwuWlFI71pRVbAaUWNw2lFwMZpRfDJaUUnzWlFVtBpRYnTaUW81mlF
8NlpRSfdaUVW4GlFjeNpRcDmaUX06WlFI+1pRVbwaUWN82lFvPZpRQD6aUUj/WlFWgBqRY0D
akW8BmpF8AlqRSMNakVaEGpFjRNqRbwWakXwGWpFJx1qRVogakWJI2pFvCZqRfQpakUjLWpF
VjBqRY0zakW8NmpF8DlqRSM9akVWQGpFiUNqRbxGakX0SWpFJ01qRVpQakWJU2pFwFZqRfBZ
akUnXWpF</AssayXData><AssayYData Points="1500">JHyrQArLq0C+06tA1eKrQMXUq0Dd3atAZd6rQHzLq0DF06tA88KrQA/yq0BxAaxAHfirQCzk
q0DkCaxASg+sQNjCq0BL3KtAFwKsQJjsq0AnzatAQgGsQKDmq0Af2qtAEgysQC/3q0DG3atA
cwOsQNztq0AKw6tAfTGsQF7dq0Ai5qtATxCsQK3/q0Av5KtAodOrQCMHrEDo76tA7darQO0C
rEA256tAnL2rQBoGrECL7KtAy8erQPfjq0CBr6tA3L2rQIUPrEDC7KtAZ9SrQIjaq0AF+6tA
VeCrQEquq0D686tAPeGrQB/Wq0Bf2KtAmsarQAy+q0C926tA6dWrQDjKq0BgzKtAkNGrQIuN
q0Bw4qtAFNarQIbAq0Co3KtA2MyrQDupq0Av8KtAmcyrQCDKq0CS3atAwuGrQGThq0B51qtA
hQ2sQC/mq0AksqtAu8KrQBrUq0CGi6tAf8irQN8BrEDi16tA87+rQFTCq0C9wqtAaNWrQBrP
q0AUs6tArMmrQMu5q0Ay3KtANZyrQPfIq0B94qtApbarQHC6q0B4vKtAH7erQKGIq0CvuKtA
QbmrQN7Lq0D626tAJbKrQFbYq0A/zKtArburQHHWq0As16tA8sqrQIu6q0BXuKtAB8mrQLKO
q0DgxatAhcWrQHTAq0AlratABcirQIPDq0BdsatAfOerQButq0BLuqtAqsmrQMOpq0A256tA
z7arQGzEq0A4vKtANrurQLS/q0A2r6tA2bKrQPK+q0C+qqtAJqSrQIbQq0CDuqtAl6irQJzM
q0B17atAH5GrQP7Oq0AEs6tAsKurQKbaq0BWtqtAjsKrQCTGq0BCtKtAqZmrQJWXq0BlwqtA
qYarQH7Jq0DzqKtAp7mrQLGxq0BwnqtAw4irQCybq0AlkqtAnsyrQEDJq0C21atAkb6rQFa1
q0CdmqtAErirQEG9q0DJe6tA9sKrQGW7q0DpoatAC5erQMucq0CVhKtA2MirQOmuq0DwvatA
m4+rQCrQq0C6zKtAxsSrQJWdq0DFq6tAx6yrQDuKq0Atp6tAWaOrQObEq0BfyatAEJyrQE6W
q0Cc16tAaYyrQLeUq0Bpo6tAuIirQHGfq0BK1atAKZirQHefq0BMxatA1IOrQM6Nq0ClqatA
oZCrQPKWq0BMtatAB7OrQIKbq0BkgKtAILurQP+Hq0BJjKtA+oerQIGNq0AtqqtABqerQDaY
q0Dkn6tAFbCrQAu6q0CmjatAX42rQB2Qq0B3gatA5oGrQIubq0CvaatAB7SrQByQq0DdoatA
0qOrQMSiq0CiiatAJ6OrQB2Sq0D7h6tAWJOrQDqeq0DXdqtA4ourQF+Sq0DfkatATYGrQISk
q0Dzp6tADYurQJ+Dq0Bxp6tAyWqrQCfHq0Dpk6tAnHOrQG2aq0AmpqtAQpKrQBZwq0AWx6tA
+MCrQCixq0BbrqtAnMCrQLpvq0AcgKtA1aCrQLB4q0AJh6tA4bKrQOmCq0Abi6tASKmrQN1/
q0CLkatA5oWrQAJ1q0DeS6tASairQLKdq0BZjqtAzZirQOGhq0BYiKtAbW6rQL2hq0BdkatA
umirQEi8q0CmnqtAQoOrQCmBq0AvkatABo2rQIGpq0BtjKtAkGSrQCa2q0DFiKtARnyrQE+D
q0ADoqtAQ5yrQPWEq0D6wqtAWperQFiSq0AckKtAJJOrQFp1q0BUbqtAB5WrQEN4q0AKmqtA
6aKrQNQ7q0DEeatAyq+rQH9zq0BOhKtAn52rQOyBq0DUgqtAvLWrQFSeq0DTkKtAiqKrQMly
q0CDbatApbmrQCCTq0D3bqtAr4erQMCIq0COmqtA356rQHCaq0ClWatAGIurQMWbq0A/fatA
T16rQEiPq0DEX6tAIoSrQP62q0DZvatAYKqrQB53q0Czg6tASIurQEZ8q0DHiKtAMm6rQOWs
q0ABj6tAUXSrQDSJq0BGoatAC5irQAZjq0B+fqtAiYKrQHRXq0BeaKtAUo2rQPlzq0BKcatA
4qKrQJhmq0BMmKtAS4WrQIpkq0CfaatASnKrQD12q0BLVatAMYarQDRtq0AsjKtA4VurQERz
q0CXfKtA4ZerQGWWq0CqeKtAOoOrQAWWq0A/aKtAWIyrQFRxq0AGWqtASIerQPqTq0CrfKtA
1YarQDeGq0AvaqtA/Y2rQDyIq0BnaqtAREOrQJc/q0BJlatAgVOrQMN8q0Dvp6tAW1mrQKZo
q0C6eqtAqFCrQNGDq0DWXqtA+IWrQKyUq0CMiKtADXarQLVfq0A0mKtArVirQFdUq0BraatA
MHyrQD9gq0BZWqtA5WSrQL5gq0DpiatAtWarQDhuq0CFWatAbIqrQOJ5q0B2cKtAMLmrQNSF
q0CicqtAI3erQJaXq0AtaKtA/nmrQGZcq0DQeKtAf2mrQG6Eq0B5dKtASVOrQLGcq0AJlqtA
UGerQJuHq0Dgb6tAg3SrQPNwq0DAkKtAu2GrQCB2q0A6matAo1SrQLdlq0AjdqtARnyrQPR9
q0BmdKtAgHGrQC5sq0CRkatAy6KrQBpUq0CNhKtAMnyrQHNiq0BeZqtAmXKrQAFuq0ApaKtA
LHCrQC1rq0CaQqtA1HWrQGdwq0DPlKtA5I+rQLyHq0APdKtAcparQHuXq0AwTqtAmXOrQOlw
q0BcT6tA80yrQNaYq0DqV6tAoXCrQIKSq0A2cqtA+mWrQJB1q0CQeatAFVqrQBCOq0BrhqtA
fFurQFRrq0C7e6tABo2rQIJTq0DukKtAE3GrQCt2q0DUZqtAOmyrQNNpq0CAV6tAXZOrQMtU
q0Bub6tAzmarQLRDq0Dmh6tA5I6rQOxhq0AMaatAuGOrQJdRq0CDlKtAEpSrQHBbq0BCW6tA
QYyrQHB6q0AyfqtAe4arQCdfq0CVLKtAfayrQPOZq0D8Y6tAJIarQLl3q0CLeatA2G6rQAKA
q0DmWqtAKl6rQLqBq0CMcatAziirQGeIq0DCZqtAtHirQO1lq0A+WatAuaKrQAV8q0BSWKtA
1VirQOeHq0BKX6tAyHirQHeEq0DPeatAAIKrQM5Rq0BvTqtAXIurQAZ0q0CfY6tABHarQMRS
q0B8ratAjoirQEhSq0D0VqtAknqrQExXq0DSnKtA2WWrQHJnq0CyW6tA52KrQCR6q0AdVKtA
qYerQFeKq0BbbatAYXSrQGGJq0CnS6tACnerQG6eq0BdWatAe1yrQNiMq0CyVKtABoCrQMB1
q0DDfatA7FCrQGF2q0AzgKtAJWirQHCIq0DqnqtAkE+rQLd+q0A/iatACYSrQH+mq0DKfatA
NFWrQLhSq0CDhKtA44CrQBJqq0CsYKtA43urQFpfq0D5gKtAk2WrQKaAq0AlbqtAfZyrQMRw
q0B0datAFoirQHZLq0DwfqtA5rGrQJ5Wq0C8OqtA8U2rQJ+hq0AnS6tAB36rQGKIq0CsbqtA
c32rQKFsq0ADX6tAyICrQK1tq0B+T6tA3XKrQGZrq0BxV6tA+3erQESiq0CRdatAGzOrQLJ0
q0Cuc6tA41+rQGRUq0CqY6tAbjSrQAxYq0BMpqtA8kirQP5Sq0BtbKtADVSrQF1Bq0CJXqtA
WjyrQM9Pq0Bdl6tAlWWrQDp0q0CgdatAEZ+rQLpxq0C7d6tA0IirQDpeq0Bzh6tArWqrQNZR
q0BYhqtAwG6rQJNAq0CHfqtAhpqrQA9nq0Csc6tAFoarQDtvq0BTV6tAfnKrQJOUq0D2OKtA
qHSrQESLq0BMTatAUIarQI6Kq0D0dKtAaoGrQDuIq0CFh6tAdVqrQHpZq0CDZ6tAd4qrQDNt
q0DEVqtAdk6rQAZwq0D1bqtAJmyrQLtkq0DeaKtA52qrQDGTq0BupatAYGCrQMlHq0DLbqtA
42irQId1q0DCjqtAYVOrQBZOq0B1fKtAN4erQBtpq0D0datAxFirQJtoq0AZc6tARHSrQEuA
q0C2eatAboyrQElzq0DGaKtA/1yrQPOSq0D4catA7GmrQK5pq0CzOqtAWn+rQA1+q0CDS6tA
nTKrQM10q0Ade6tAU1arQNBsq0ATUatArGyrQJ2Tq0AkcKtA+lyrQFV4q0D5aKtAIVKrQH1x
q0AhcatARlCrQNpVq0AdcKtAOFarQJNiq0AvhqtAVGGrQJBlq0BcYKtAEG2rQBNQq0BSbqtA
f2+rQDJaq0AflKtAZnerQCNQq0CRkatA9W6rQHt4q0CIT6tA3GqrQLZSq0BQZqtA2pSrQEZM
q0BVZ6tAvXmrQNFpq0CndqtA12+rQPFyq0A7aqtAim+rQGtuq0DGTKtAY1GrQFRiq0ABWqtA
Xl2rQC6Oq0DoX6tAlDOrQF11q0CkRatAR1arQMJOq0CQnatAz16rQOp5q0BhnKtAv0arQE9R
q0BIcatAdFyrQCJ1q0DqdKtALnirQPNjq0DtfKtAglqrQMx6q0D2i6tAIWirQGRAq0CKj6tA
qo6rQOh9q0CnXqtAIYirQM5fq0BsEqtATpqrQPdTq0CwZKtAwY2rQOpLq0BeS6tAc1GrQMVC
q0BfV6tA9m+rQFFdq0CSTqtAdGirQIdwq0DiQatAW2mrQF6Dq0AGX6tAEGWrQEOfq0BBXqtA
vGGrQAp9q0Aef6tATlarQMiPq0BbTKtA+GSrQHF5q0CDb6tA5X2rQPtcq0C4eatAWVSrQABe
q0CucqtApoKrQHGGq0AckKtAhGqrQMRWq0C2eqtAMJKrQKhbq0B+gatAdJurQIdNq0DteatA
rnarQL9zq0C9WqtA4mmrQGaIq0DASqtAqIWrQKRZq0BoP6tAyHerQAhdq0BsaKtAmnurQBp1
q0DobqtAWIOrQDeAq0ACXqtAIF6rQE1oq0CBaqtAOXWrQLedq0A4X6tAo22rQGhmq0BggKtA
xHKrQOiWq0DETKtAtlyrQOecq0AWgatAUEmrQIVnq0C1iqtAFEqrQB5uq0DqhatAjnurQGRX
q0DuhatAgmOrQGtlq0BefatAu3OrQIFlq0D7kKtAhoCrQNRuq0BzZqtAVVyrQD1/q0Czb6tA
9IyrQIZaq0AOj6tAnHerQFdCq0AbX6tAdY2rQBxrq0DVVqtAa2yrQK5kq0DCgKtA83irQF5m
q0BwWKtAJKKrQMmkq0BZaKtAtKGrQBR2q0AMg6tA7GqrQB6Nq0CKYqtAAXirQK9Uq0DbTatA
pkWrQEKKq0BAfqtAXWirQAmqq0CTZKtADXarQOZzq0AokKtAMXGrQA5sq0Bvf6tAm2erQGZw
q0CNjKtAi2GrQJdYq0Dsg6tAm3+rQHN2q0Ddd6tAWJGrQJ9qq0DGgatAM5arQD9gq0AmcatA
jnirQLB+q0B8a6tAFX6rQIuYq0CFhKtAa4mrQEydq0D6RqtAKJSrQOqLq0DUXatA9mCrQP2N
q0Bdb6tA5WqrQBxrq0AcXatASV6rQDyYq0BNUatA/WOrQHKMq0DbZKtA0lyrQMdOq0DGg6tA
YmqrQGhTq0CvjqtAgXWrQGtwq0Bll6tANoqrQHt4q0Aji6tA5oKrQDBYq0BheqtAcl6rQElR
q0BrcatA+GurQD09q0BSVatAP3yrQN5Hq0AlU6tAS1yrQMFlq0Baf6tAS4WrQLJIq0A8a6tA
x4yrQLxdq0DaX6tAn3urQMqWq0DdgqtA/pSrQJt5q0COWKtAzG6rQAl9q0CqWatAep2rQMqB
q0AMY6tAg2irQAObq0BueKtAtmqrQC6Oq0BKZ6tAI1irQImBq0CmZKtAmmqrQJCLq0CYr6tA
1XerQNB2q0AUoatACj+rQKBZq0CcjKtAsHWrQEBGq0BZratAqGOrQFhtq0APaatAQJOrQDV2
q0Cph6tAwpmrQHtVq0DWgqtAssWrQEd3q0C+lqtA95mrQAqKq0CmgqtAblarQOZnq0AaUatA
656rQPtsq0CFOatAO4OrQLqXq0C2WKtA2KWrQLxzq0AQXatAdJCrQAp4q0DlZatAakirQE2P
q0AfYKtAQ5+rQAN8q0BJfqtAgmWrQNF8q0Dna6tAfFKrQD6Cq0Bzf6tAuVmrQJWCq0DrmqtA
r2OrQHGJq0B7dKtA6WKrQKt7q0D1mqtA0WarQAFmq0AIe6tAaIGrQMlRq0DHhatAbY2rQA+L
q0AWkatAL4arQPJbq0BzgqtAKoKrQPNzq0DmYatA2HmrQHuHq0AXaatAOIOrQAp9q0CPlatA
hYyrQCpzq0AjS6tAsnOrQFxUq0DuWatA4pWrQKdsq0CwcatAj46rQLRkq0BTlatAq2urQJ1/
q0D4g6tAoXmrQDCGq0Bjj6tA33yrQLh/q0AMfatAVF+rQOiZq0AHb6tAi2urQMlYq0CmjKtA
rGqrQLSZq0AQYqtAYVmrQO23q0D/qKtAw5arQG5oq0DkjatAupOrQNV9q0BFcqtASoirQHCP
q0DNaKtA3LGrQFebq0CkfqtAbKyrQEl2q0D3eKtANaKrQORvq0AnjKtApIyrQFSAq0D9aqtA
JJ2rQEx5q0BCUqtApIerQGqQq0B/h6tAQXyrQHqOq0AQoKtAtXGrQDqZq0CkjatAmnWrQESI
q0B6k6tAKm2rQAuGq0A4f6tARoOrQKmPq0AIsatAQo2rQLBnq0DGfKtA9o+rQGWIq0AEuKtA
VWWrQMZ+q0CGhKtAZI2rQLRyq0BBdKtAJaWrQGKIq0B+i6tAJ5KrQBieq0DTeatAwoerQOtu
q0ACn6tA156rQNh5q0DPZKtAiJ+rQHeWq0CRaqtAaJ6rQF+fq0CKgatAhI6rQMaCq0DFa6tA
NJarQEKiq0A8eatARYGrQEi0q0AleKtAoXmrQEKOq0Cgh6tAJ3OrQMKjq0CviKtAqY2rQD2C
q0ArfKtAPHerQCuAq0BSqatAp4GrQKiSq0Bju6tAFoarQO6uq0Dlh6tA06qrQGKTq0BgjqtA
hYGrQFl+q0Aih6tA3a6rQMGSq0B/oqtAYoyrQBNlq0BzoqtAo7WrQDi4q0AVhKtAk5mrQDyZ
q0BgfqtA/XSrQHt8q0BWjKtAv8yrQAZqq0BDYKtAsHCrQISdq0BubqtAK5CrQETCq0ALfKtA
mY6rQEenq0BxjatAvnqrQJycq0Bra6tAgnerQKyQq0DaoqtA43qrQLy8q0AisqtA+rerQAKs
q0D4dKtAipmrQFmhq0D0mKtAV3+rQBNxq0AhmatAnZGrQPmLq0DDtatA6qOrQIWBq0Dkv6tA
EbWrQJluq0CHrqtAm6CrQLdyq0CpkatATIGrQPJ/q0A7oqtAY8erQDqaq0C7kKtAHomrQMew
q0CEl6tATomrQF+Cq0Bde6tAJ3+rQKPDq0AagatAyrGrQEGqq0BieKtAs3arQPp8q0BKnatA
zJCrQC+Zq0AymKtAMb6rQCifq0BeqKtAC6mrQAWGq0DQz6tAtIarQBSVq0D3vKtAu5+rQI2L
q0AMZKtAMsWrQCDKq0CzoatAJJurQHynq0BAyqtAlZqrQC6Eq0CRqKtAELqrQBueq0A8xKtA
DcerQCutq0D7wqtAoKOrQNiJq0ApoatA7Z6rQL2kq0CdlatAa8CrQAi8q0DZgKtAVKSrQDGk
q0ALrKtAR5urQLvIq0ARlqtATcOrQFvQq0AmkqtA/pqrQLu5q0B0sqtAiHGrQMfSq0Bul6tA
xbCrQLawq0CGvatABJ+rQGrAq0DXp6tAN5WrQF+9q0Alq6tAxoGrQCKcq0CLxKtAza+rQCSb
q0DwrqtAyYWrQH2eq0B5vqtAQ5mrQIuIq0CbiKtAwrWrQD2Nq0CmxqtAc6urQHy9q0AktatA
fcOrQLGqq0ATiKtAnLSrQHKaq0AflqtAQr+rQNC3q0BchKtACKmrQLKMq0BqjKtAYb+rQKzL
q0CRbKtA0bWrQAahq0AFtatAc6irQOSjq0B1jatAx7erQNK4q0CGoKtAvsOrQIyyq0CTiKtA
3IOrQOO6q0CfmqtA6XarQDK6q0BcwqtA13erQM+4q0CbjKtA+ZWrQEytq0CUq6tAOaarQFyS
q0CwwqtA</AssayYData></Step><Step><CommonData><SampleLocation>5</SampleLocation><SampleID>Glycine</SampleID><SampleGroup></SampleGroup><SampleInfo></SampleInfo><SampleRow>B</SampleRow><SamplePlate>1</SamplePlate><WellType>REGENERATION</WellType><Concentration>-1</Concentration><ConcentrationUnits>µg/ml</ConcentrationUnits><MolarConcentration>-1</MolarConcentration><MolarConcUnits>nM</MolarConcUnits><MolecularWeight>0</MolecularWeight><Temperature>30</Temperature><StartTime>4259702</StartTime><AssayTime>5</AssayTime></CommonData><FlowRate>1000</FlowRate><StepType>KREGENERATION</StepType><StepName>Regeneration</StepName><StepStatus>OK</StepStatus><ActualTime>5.00005</ActualTime><CycleTime>0.2</CycleTime><AssayXData Points="25">WmBqRZFjakXEZmpF+GlqRSdtakVecGpFkXNqRcR2akX0eWpFJ31qRVqAakWRg2pFwIZqRfSJ
akUrjWpFWpBqRY2TakXJlmpF9JlqRSedakVaoGpFjaNqRcCmakX4qWpFJ61qRQ==</AssayXData><AssayYData Points="25">SeR5P7ifZT9PVFk/FTRRP5TKSD//N0M/IMo8P1f5Nj8AajE/p2YpP4qWJT+8VCA/+nwbP/Zq
Fz/HqRM/9MENP4AFCz+SUAg/ap4DPxocAD9+df0+GNnzPnb18T4Qqes+VAbnPg==</AssayYData></Step><Step><CommonData><SampleLocation>6</SampleLocation><SampleID>PBS</SampleID><SampleGroup></SampleGroup><SampleInfo></SampleInfo><SampleRow>B</SampleRow><SamplePlate>1</SamplePlate><WellType>NEUTRALIZATION</WellType><Concentration>-1</Concentration><ConcentrationUnits>µg/ml</ConcentrationUnits><MolarConcentration>-1</MolarConcentration><MolarConcUnits>nM</MolarConcUnits><MolecularWeight>0</MolecularWeight><Temperature>30</Temperature><StartTime>4273101</StartTime><AssayTime>5</AssayTime></CommonData><FlowRate>1000</FlowRate><StepType>KREGENERATION</StepType><StepName>Regeneration</StepName><StepStatus>OK</StepStatus><ActualTime>5.00103</ActualTime><CycleTime>0.2</CycleTime><AssayXData Points="25">W7BqRZKzakXBtmpF+blqRSi9akVbwGpFksNqRcHGakX1yWpFKM1qRVvQakWS02pFwdZqRfnZ
akUo3WpFW+BqRY7jakXB5mpF9elqRSjtakVf8GpFjvNqRcH2akX5+WpFLP1qRQ==</AssayXData><AssayYData Points="25">MIOCQMX1gkCHh4NAYOWDQNEvhEDdaIRA66eEQJv+hEBQEoVAokmFQFdjhUACpYVAe8+FQNvp
hUCG7oVAMxSGQJj3hUA2MYZAoVCGQAc9hkA1aYZASIiGQBumhkBJroZA/ryGQA==</AssayYData></Step><Step><CommonData><SampleLocation>5</SampleLocation><SampleID>Glycine</SampleID><SampleGroup></SampleGroup><SampleInfo></SampleInfo><SampleRow>B</SampleRow><SamplePlate>1</SamplePlate><WellType>REGENERATION</WellType><Concentration>-1</Concentration><ConcentrationUnits>µg/ml</ConcentrationUnits><MolarConcentration>-1</MolarConcentration><MolarConcUnits>nM</MolarConcUnits><MolecularWeight>0</MolecularWeight><Temperature>30</Temperature><StartTime>4286183</StartTime><AssayTime>5</AssayTime></CommonData><FlowRate>1000</FlowRate><StepType>KREGENERATION</StepType><StepName>Regeneration</StepName><StepStatus>OK</StepStatus><ActualTime>5.00005</ActualTime><CycleTime>0.2</CycleTime><AssayXData Points="25">XwBrRZIDa0XJBmtF/QlrRSwNa0VfEGtFkhNrRckWa0X5GWtFLB1rRV8ga0WWI2tFxSZrRfkp
a0UwLWtFXzBrRZIza0XFNmtF+TlrRTA9a0VfQGtFlkNrRclGa0X5SWtFLE1rRQ==</AssayXData><AssayYData Points="25">N8YnP1nuFz/JUw0/dB8GP3R8AD/qpfk+ZYnxPrXY7D6dpeQ+MrfgPm9j2z5Q8tY+8K3SPu4D
0T7m1Mk++evHPotawj4ib8A+TN++Pg8GvD4Mhbk+g+a0Plqssz5mqLE+MTqwPg==</AssayYData></Step><Step><CommonData><SampleLocation>6</SampleLocation><SampleID>PBS</SampleID><SampleGroup></SampleGroup><SampleInfo></SampleInfo><SampleRow>B</SampleRow><SamplePlate>1</SamplePlate><WellType>NEUTRALIZATION</WellType><Concentration>-1</Concentration><ConcentrationUnits>µg/ml</ConcentrationUnits><MolarConcentration>-1</MolarConcentration><MolarConcUnits>nM</MolarConcUnits><MolecularWeight>0</MolecularWeight><Temperature>30</Temperature><StartTime>4299587</StartTime><AssayTime>5</AssayTime></CommonData><FlowRate>1000</FlowRate><StepType>KREGENERATION</StepType><StepName>Regeneration</StepName><StepStatus>OK</StepStatus><ActualTime>4.99907</ActualTime><CycleTime>0.2</CycleTime><AssayXData Points="25">X1BrRY5Ta0XFVmtF9VlrRShda0VbYGtFkmNrRcVma0X1aWtFKG1rRVtwa0WSc2tFwXZrRfl5
a0UofWtFX4BrRY6Da0XBhmtF+YlrRSiNa0VbkGtFkpNrRcGWa0X1mWtFKJ1rRQ==</AssayXData><AssayYData Points="25">hd6BQJWBgkDg9IJAXkSDQAvKg0BT64NAHj2EQAGChECzroRA28aEQDfqhEDGC4VAlkmFQEVg
hUDyZIVA1m2FQPWRhUCI0oVAF/mFQLbihUDUA4ZA6mKGQHwEhkCkX4ZADViGQA==</AssayYData></Step><Step><CommonData><SampleLocation>5</SampleLocation><SampleID>Glycine</SampleID><SampleGroup></SampleGroup><SampleInfo></SampleInfo><SampleRow>B</SampleRow><SamplePlate>1</SamplePlate><WellType>REGENERATION</WellType><Concentration>-1</Concentration><ConcentrationUnits>µg/ml</ConcentrationUnits><MolarConcentration>-1</MolarConcentration><MolarConcUnits>nM</MolarConcUnits><MolecularWeight>0</MolecularWeight><Temperature>30</Temperature><StartTime>4312980</StartTime><AssayTime>5</AssayTime></CommonData><FlowRate>1000</FlowRate><StepType>KREGENERATION</StepType><StepName>Regeneration</StepName><StepStatus>OK</StepStatus><ActualTime>5.00005</ActualTime><CycleTime>0.2</CycleTime><AssayXData Points="25">W6BrRY6ja0XBpmtF+alrRSyta0VbsGtFjrNrRcW2a0X5uWtFKL1rRVvAa0WOw2tFwcZrRfXJ
a0UszWtFW9BrRZLTa0XF1mtF+dlrRSjda0Vb4GtFkuNrRcHma0X16WtFKO1rRQ==</AssayXData><AssayYData Points="25">CcoiP9+sET+0+gc/ZuYAPzLq9z6s5vE+t2XqPleT5T7B+90+Q/jZPie/1j7/iNQ+NITMPoOg
yj6YsMc+HTfHPq7/wT5tQsA+C0O8PvEPuD6sObs++iu4PgnOsz4N4bE+xamxPg==</AssayYData></Step><Step><CommonData><SampleLocation>6</SampleLocation><SampleID>PBS</SampleID><SampleGroup></SampleGroup><SampleInfo></SampleInfo><SampleRow>B</SampleRow><SamplePlate>1</SamplePlate><WellType>NEUTRALIZATION</WellType><Concentration>-1</Concentration><ConcentrationUnits>µg/ml</ConcentrationUnits><MolarConcentration>-1</MolarConcentration><MolarConcUnits>nM</MolarConcUnits><MolecularWeight>0</MolecularWeight><Temperature>30</Temperature><StartTime>4326402</StartTime><AssayTime>5</AssayTime></CommonData><FlowRate>1000</FlowRate><StepType>KREGENERATION</StepType><StepName>Regeneration</StepName><StepStatus>OK</StepStatus><ActualTime>5.00005</ActualTime><CycleTime>0.2</CycleTime><AssayXData Points="25">W/BrRY7za0XB9mtF9flrRSj9a0VbAGxFjgNsRcUGbEX1CWxFLA1sRV8QbEWOE2xFxRZsRfUZ
bEUsHWxFXyBsRY4jbEXBJmxF9SlsRSgtbEVfMGxFkjNsRcU2bEX5OWxFKD1sRQ==</AssayXData><AssayYData Points="25">usCCQItqg0A4xYNARVOEQN+YhEAg44RA+FSFQEF2hUC5sIVAUqmFQIr5hUCoEYZAAiWGQIRl
hkBiZ4ZANo+GQO3ChkBwwYZAJ8yGQHPvhkAXGYdA/ESHQPYrh0ACZodARkmHQA==</AssayYData></Step><Step><CommonData><SampleLocation>1</SampleLocation><SampleID>Octet Buffer</SampleID><SampleGroup></SampleGroup><SampleInfo></SampleInfo><SampleRow>A</SampleRow><SamplePlate>1</SamplePlate><WellType>BUFFER</WellType><Concentration>-1</Concentration><ConcentrationUnits>µg/ml</ConcentrationUnits><MolarConcentration>-1</MolarConcentration><MolarConcUnits>nM</MolarConcUnits><MolecularWeight>0</MolecularWeight><Temperature>30</Temperature><StartTime>4340970</StartTime><AssayTime>20</AssayTime></CommonData><FlowRate>1000</FlowRate><StepType>CUSTOM</StepType><StepName>Sensor Check</StepName><StepStatus>OK</StepStatus><ActualTime>20.001</ActualTime><CycleTime>0.2</CycleTime><AssayXData Points="100">XEBsRY9DbEXGRmxF+klsRSlNbEVcUGxFj1NsRcJWbEX6WWxFKV1sRVxgbEWTY2xFxmZsRfZp
bEUpbWxFYHBsRY9zbEXCdmxF9nlsRS19bEVggGxFj4NsRcKGbEX2iWxFKY1sRWCQbEWTk2xF
wpZsRfaZbEUpnWxFXKBsRY+jbEXCpmxF+qlsRSmtbEVgsGxFj7NsRcK2bEX2uWxFK75sRa7A
bEWPw2xFwsZsRfrJbEUtzWxFXNBsRY/TbEXG1mxF9tlsRSndbEVg4GxFj+NsRcbmbEX66WxF
Ke1sRVzwbEWT82xFwvZsRfb5bEUt/WxFXABtRY8DbUXCBm1F+gltRSkNbUVcEG1FjxNtRcIW
bUX2GW1FKR1tRWAgbUWPI21FwiZtRfYpbUUpLW1FXDBtRZMzbUXCNm1F+jltRS09bUVcQG1F
j0NtRcZGbUX2SW1FLU1tRVxQbUWTU21FxlZtRfZZbUUpXW1FXGBtRY9jbUXGZm1F+mltRS1t
bUVccG1Fj3NtRcZ2bUX6eW1FLX1tRQ==</AssayXData><AssayYData Points="100">WmiBQGKAf0Avzn1Arvd7QBPXekAd8XpA4WZ6QF7FeUBrKnpAHxt6QMbjeUASO3pAqZl6QH6F
ekD57HpAryx7QCcMe0BFCntA9XF7QFVoe0A2nXtASJB7QB7ee0Cf03tAkCx8QIkGfECQ63tA
1CV8QE69fEB9VHxA9J18QFeBfEDtvHxAKKl8QPAFfUDX3XxA6i59QCoIfUA2QH1Ag0h9QGl6
fUAOW31AGZF9QJCMfUB6131AP6d9QMh+fUD04H1Arcx9QEjBfUDaE35ApMJ9QMEMfkCIX35A
Ig1+QOUKfkAQV35AqUB+QAZVfkAYS35AeHx+QLFBfkCVXX5AQ7p+QJRxfkA1yX5AJCx/QHDW
fkAe4n5ACCx/QMvWfkAo3H5Amjd/QLujfkCb5n5AwL9+QL3ofkBbJX9AdRN/QHppf0DiQn9A
K3J/QF9If0C5fX9AwZx/QNzaf0CAkH9AOFZ/QHGhf0BvgH9AK1Z/QLiSf0CMhn9AR7F/QOwD
gEBOmH9AR8V/QFYIgED3y39A0vB/QA==</AssayYData></Step><Step><CommonData><SampleLocation>14</SampleLocation><SampleID>SI-157C19_P5365</SampleID><SampleGroup></SampleGroup><SampleInfo></SampleInfo><SampleRow>A</SampleRow><SamplePlate>1</SamplePlate><WellType>KLOAD</WellType><Concentration>5</Concentration><ConcentrationUnits>µg/ml</ConcentrationUnits><MolarConcentration>5000</MolarConcentration><MolarConcUnits>nM</MolarConcUnits><MolecularWeight>0</MolecularWeight><Temperature>30</Temperature><StartTime>4371431</StartTime><AssayTime>120</AssayTime></CommonData><FlowRate>1000</FlowRate><StepType>LOADING</StepType><StepName>Loading</StepName><StepStatus>OK</StepStatus><ActualTime>120.001</ActualTime><CycleTime>0.2</CycleTime><AssayXData Points="600">YIBtRZODbUXKhm1F+oltRS2NbUVgkG1Fl5NtRcqWbUX6mW1FLZ1tRWSgbUWTo21FxqZtRfqp
bUUtrW1FYLBtRZOzbUXGtm1F/rltRTG9bUVkwG1Fl8NtRcrGbUX6yW1FLc1tRWTQbUWT021F
xtZtRf7ZbUUx3W1FZOBtRZPjbUXG5m1F+ultRS3tbUVk8G1Fk/NtRcr2bUX6+W1FLf1tRWAA
bkWTA25FxgZuRfoJbkUxDW5FYBBuRZcTbkXKFm5F/hluRTEdbkVkIG5FlyNuRcYmbkX+KW5F
LS1uRWQwbkWTM25FyjZuRf45bkUtPW5FYEBuRZNDbkXGRm5F+kluRTFNbkVgUG5Fk1NuRcpW
bkX6WW5FLV1uRWBgbkWTY25FymZuRfppbkUxbW5FYHBuRZdzbkXGdm5F+nluRTF9bkVkgG5F
l4NuRcqGbkX6iW5FLY1uRWCQbkWTk25FxpZuRfqZbkUxnW5FYKBuRZOjbkXGpm5F/qluRS2t
bkVksG5Fk7NuRca2bkX+uW5FLb1uRWTAbkWTw25FxsZuRfrJbkUxzW5FYNBuRZPTbkXG1m5F
+tluRTHdbkVg4G5Fk+NuRcrmbkX66W5FMe1uRWDwbkWT825FxvZuRfr5bkUt/W5FYABvRZMD
b0XGBm9F/glvRTENb0VkEG9FkxNvRcoWb0X6GW9FLR1vRWAgb0WTI29FxiZvRfopb0UxLW9F
ZDBvRZMzb0XGNm9F+jlvRS09b0VgQG9Fl0NvRcZGb0X6SW9FMU1vRWRQb0WTU29FylZvRf5Z
b0UtXW9FZGBvRZNjb0XKZm9F/mlvRTFtb0VgcG9Fl3NvRcZ2b0X6eW9FLX1vRWCAb0WXg29F
yoZvRfqJb0UtjW9FYJBvRZOTb0XKlm9F/plvRS2db0VgoG9Fk6NvRcqmb0X+qW9FLa1vRWCw
b0WTs29FyrZvRfq5b0UtvW9FYMBvRZ/Db0XGxm9F/slvRS3Nb0Vk0G9Fl9NvRdfWb0X62W9F
Md1vRWDgb0WX429FyuZvRfrpb0Ux7W9FYPBvRZPzb0XK9m9F+vlvRS39b0VgAHBFlwNwRcYG
cEX6CXBFLQ1wRWAQcEWTE3BFyhZwRfoZcEUtHXBFZCBwRZMjcEXGJnBF/ilwRS0tcEVgMHBF
kzNwRco2cEX+OXBFLT1wRWRAcEWXQ3BFykZwRfpJcEUxTXBFZFBwRZNTcEXGVnBF/llwRS1d
cEVgYHBFl2NwRcZmcEX6aXBFLW1wRWRwcEWXc3BFxnZwRfp5cEUtfXBFZIBwRZODcEXGhnBF
/olwRS2NcEVgkHBFk5NwRcaWcEX6mXBFLZ1wRWCgcEWTo3BFxqZwRf6pcEUGrnBFibBwRZez
cEXGtnBF/rlwRS29cEVgwHBFl8NwRcbGcEX6yXBFLc1wRWDQcEWX03BFxtZwRfrZcEUt3XBF
ZOBwRZPjcEXG5nBF+ulwRS3tcEVg8HBFk/NwRcb2cEX6+XBFLf1wRWAAcUWTA3FFxgZxRfoJ
cUUtDXFFYBBxRZMTcUXKFnFF+hlxRS0dcUVgIHFFlyNxRcYmcUX6KXFFLS1xRWQwcUWTM3FF
yjZxRfo5cUUxPXFFYEBxRZdDcUXKRnFF+klxRS1NcUVgUHFFk1NxRcZWcUX+WXFFLV1xRWBg
cUWXY3FFymZxRf5pcUUtbXFFYHBxRZNzcUXGdnFF/nlxRS19cUVggHFFk4NxRcqGcUX6iXFF
LY1xRWSQcUWTk3FFxpZxRfqZcUUtnXFFYKBxRZejcUXGpnFF+qlxRS2tcUVgsHFFl7NxRcq2
cUX6uXFFLb1xRWDAcUWTw3FFxsZxRf7JcUUtzXFFYNBxRZfTcUXK1nFF+tlxRS3dcUVg4HFF
k+NxRcbmcUX66XFFMe1xRWDwcUWX83FFxvZxRf75cUUt/XFFYAByRZMDckXKBnJF+glyRS0N
ckVgEHJFlxNyRcYWckX6GXJFMR1yRWAgckWXI3JFyiZyRfopckUtLXJFYDByRZczckXGNnJF
/jlyRS09ckVgQHJFl0NyRcpGckX6SXJFMU1yRWRQckWTU3JFylZyRfpZckUtXXJFYGByRZNj
ckXKZnJF+mlyRS1tckVkcHJFk3NyRcZ2ckX+eXJFLX1yRWCAckWTg3JFxoZyRf6JckUtjXJF
YJByRZeTckXGlnJF/plyRS2dckVgoHJFk6NyRcqmckX6qXJFLa1yRWSwckWXs3JFxrZyRfq5
ckUtvXJFYMByRZfDckXKxnJF+slyRTHNckVg0HJFk9NyRcbWckX+2XJFLd1yRWTgckWX43JF
xuZyRfrpckUt7XJFZPByRZPzckXG9nJF+vlyRS39ckVkAHNFkwNzRcYGc0X+CXNFMQ1zRWAQ
c0WTE3NFxhZzRfoZc0UtHXNFZCBzRZMjc0XGJnNF+ilzRS0tc0VkMHNFkzNzRcY2c0X6OXNF
MT1zRWBAc0WXQ3NFxkZzRfpJc0UxTXNFZFBzRZNTc0XKVnNF/llzRS1dc0VkYHNFl2NzRcpm
c0X+aXNFLW1zRWBwc0WTc3NFxnZzRf55c0UtfXNFZIBzRZODc0XKhnNF+olzRS2Nc0VgkHNF
l5NzRcaWc0X+mXNFMZ1zRWCgc0WTo3NFxqZzRfqpc0UtrXNFZLBzRZOzc0XGtnNF+rlzRS29
c0VgwHNFk8NzRcrGc0X+yXNFLc1zRWTQc0WT03NFxtZzRfrZc0Ux3XNFZOBzRZPjc0XG5nNF
+ulzRTHtc0Vg8HNFk/NzRcb2c0X++XNFLf1zRWQAdEWTA3RFxgZ0RQIKdEUtDXRFYBB0RZMT
dEXKFnRF/hl0RS0ddEVkIHRFlyN0RcomdEX6KXRFMS10RWAwdEWTM3RFxjZ0Rfo5dEUtPXRF
YEB0RZNDdEXKRnRF+kl0RS1NdEVkUHRFk1N0RcZWdEX6WXRFMV10RWBgdEWXY3RFxmZ0Rf5p
dEUtbXRF23B0RZNzdEXGdnRF/nl0RS19dEVkgHRFk4N0RcqGdEX6iXRFMY10RWCQdEWTk3RF
xpZ0Rf6ZdEUtnXRFZKB0RZOjdEXKpnRF+ql0RS2tdEVksHRFk7N0Rca2dEX+uXRFLb10RWDA
dEWTw3RFxsZ0RfrJdEUxzXRFYNB0RZfTdEXK1nRF/tl0RS3ddEVg4HRFk+N0RcrmdEX+6XRF
Me10RWTwdEWT83RFxvZ0Rfr5dEUx/XRF</AssayXData><AssayYData Points="600">YN59QCvafkBN4n9A6+B/QIZegEDSu4BArBqBQD09gUCRdYFAxZmBQG7KgUCqzYFAkVqCQGxw
gkABpYJACd6CQEclg0BWfYNAI3qDQE+5g0Aa2YNAmfqDQABahED1mYRANKSEQMP1hEAaAYVA
mVqFQE9/hUCT4YVA18+FQEn7hUAAS4ZAN5CGQB6dhkCEzoZAChCHQLExh0CUmIdA+4SHQCrx
h0CX+odA2TaIQOhGiEBfq4hAH9uIQJ7diEC7MYlAFj+JQJsziUCxjYlAELiJQOXkiUCpHIpA
5jKKQP5zikAKiIpAA+KKQIsWi0AZCotA9YGLQJSIi0BDi4tAmOyLQMjti0DiJ4xAk1OMQEeN
jEBhiIxA5ryMQAf+jEAr+YxAeDqNQFePjUANdo1Ak7ONQPvzjUD/HI5AmyaOQJRgjkC+c45A
P6KOQEHcjkA+Co9AhSCPQIVYj0C8d49A+WePQKyRj0Db5o9AG9aPQKEOkEBPOZBATEmQQCpp
kEBll5BAueiQQIfNkEBoEZFAURmRQDs0kUAygZFA8ZeRQLefkUAuvZFAIeWRQPoikkAxJZJA
ClySQGl8kkCaa5JAg8WSQAe2kkAa6pJAXAyTQGovk0BASpNAwDyTQBuKk0CJppNAUa2TQDjP
k0CN/5NAgw6UQDVglEB7YpRA62CUQOyGlEBYrZRAtaSUQL7alEAu+5RAEgSVQGUTlUATOZVA
fFCVQO2FlUDwsZVA64SVQAWXlUD0/JVASPyVQAvplUBtMpZAXyKWQHMVlkBua5ZAgKyWQOqf
lkCHoZZACMmWQDuxlkBQ9ZZAUTuXQO38lkCiNZdABVmXQOlLl0AqS5dAPp+XQLu8l0C7r5dA
tNqXQND9l0DW+ZdAEvSXQKIjmEDIVZhARVqYQCFrmEDnSJhAR3mYQECjmEC5pJhAddqYQHTp
mEBlAZlAM/iYQA4RmUAXFZlAdTuZQOBBmUA/S5lAEECZQLSLmUAugplAsWaZQKPNmUBI05lA
TeWZQLvhmUCl9JlAZCyaQIAmmkAENppAfjuaQN43mkCKYJpAR5SaQKalmkD2i5pAAI+aQEKr
mkDErppAcdKaQMDBmkCd+ZpAVQGbQK8dm0D0OptApimbQD8um0C6UptAGnibQB9um0C7e5tA
RambQMiTm0A8n5tA17WbQBO+m0Ais5tAatibQCwunEDP/JtAewGcQJ07nEC4BJxAyQycQMRG
nEBaX5xARTOcQAhvnECNfZxAP36cQAV+nEA2qpxAM7ScQA3KnEAawJxAtcOcQDvCnEBQzJxA
vfucQD/PnEA0BZ1AJRidQJVGnUC3PZ1At32dQKlanUCeTZ1A1medQCtynUDaZJ1AjJWdQP3J
nUDdk51An7adQIPanUC3w51AcPWdQD7XnUDhw51AcgCeQEj4nUC0E55A3QieQKEInkAIMJ5A
VlueQPJbnkBVN55AL36eQB1UnkDsYp5AwXGeQBSJnkD4k55AR5SeQPqonkCSsJ5AXbyeQKnJ
nkC9xJ5AM9eeQAnTnkDNEZ9AiueeQO70nkAAB59ABgOfQAMxn0CgPJ9A+C6fQFoWn0D+WZ9A
skKfQLVqn0DQTZ9AIWefQOqFn0Dofp9AP6SfQEqIn0D3uJ9AGpafQPqGn0APt59An8afQIql
n0Ahwp9A2dGfQDPin0AO2Z9Af+OfQBwUoED9AaBA4yygQBpDoECP/59AnBagQFRZoEDiH6BA
KVSgQFZRoEDFT6BAamegQJB9oEAcXKBAwmigQEl3oEDd0KBAK4OgQBakoEA/oaBA0bCgQCrB
oEBa3KBANamgQIHBoED15aBAydagQM2woECTFaFALgqhQLLeoEBjAKFAmyuhQO7XoEApHqFA
tTGhQAspoUCSDKFAZ0+hQBQpoUChSqFAyk2hQG5VoUAjW6FA4V2hQNyDoUA9lqFAoYGhQKWP
oUB+j6FAGcuhQGWSoUBRkaFAh5ihQMDDoUCYo6FAv8uhQLqtoUBp06FAKNuhQJ7SoUDu3aFA
yd2hQOcSokCt1KFAR/KhQOD+oUBNDaJAueOhQCoQokAGNKJA0iqiQEpPokAvQKJAniKiQCxX
okA2XqJAQi2iQHVVokAQX6JA6HSiQJRpokAkfaJAL4OiQHd/okBKqKJArZGiQOxookAhb6JA
0rSiQLuIokDetaJAocqiQK6xokB2v6JAPfyiQGzFokAUsKJAKwGjQEiwokDO16JABASjQFAI
o0AGDKNA2Q6jQJ8ro0C/BaNAzg+jQGofo0ArBKNAyR6jQNU/o0ClK6NAFkmjQMw6o0BqQ6NA
30CjQDtoo0AgVqNAmkSjQFyHo0DWcaNAOWyjQN1Ro0D2b6NAMJejQN6Co0BXfaNAmXyjQL+t
o0DJsaNAfn+jQOHGo0Cml6NA2JmjQBupo0Cf0KNAiqmjQCWqo0C8tKNAsPOjQKy9o0AUDaRA
6tyjQErIo0D99aNAQRukQH8apEA9AqRANCakQHskpEDdEaRANxikQDTto0DF1qNAdRukQINC
pEDYJqRA1S6kQMNQpEDXP6RAGTekQKVjpED9UqRAeW2kQFN8pEDFTKRAcUikQEdTpEAFg6RA
gl+kQMWlpEA+aKRAFH6kQBOspECxbaRAhr6kQHyepECvxKRAMHykQMG2pEAp26RAALKkQMSb
pED2vaRAnOSkQH/LpEAd16RAsbqkQMnjpEDpwaRAw9ikQD7rpECHyqRAO/ikQDzGpEB/6KRA
sBalQMHhpEBTCKVALuakQJr9pECR/KRAEDelQGQjpUDiIKVA6UGlQIsUpUBBQ6VAjkmlQOxH
pUAjSqVArS2lQD4ppUBaWqVAEjylQJJhpUDbIaVAaFmlQD5WpUA2YaVAyFGlQAJspUDceKVA
p3ClQAqRpUBvhqVAtoGlQDWapUCVeqVAIZalQB6upUDtvqVAfrmlQEmkpUD0rKVAgcilQDzK
pUA7v6VAHd+lQM7ApUAX5qVAfq+lQFqcpUBGyqVAzeClQM/RpUBnCqZArs2lQKPppUAz2qVA
lcelQAXlpUD9/aVA7SimQHospkBpCaZA2f6lQCw0pkAKFaZABjumQKQrpkBWJaZAgmWmQEtB
pkBYGaZA2T6mQCJXpkDpIqZART+mQD5qpkC+M6ZAPUWmQAZYpkD1R6ZAH3mmQMFnpkDChaZA
bXWmQNeBpkACd6ZA/XmmQAl5pkCXfqZA</AssayYData></Step><Step><CommonData><SampleLocation>1</SampleLocation><SampleID>Octet Buffer</SampleID><SampleGroup></SampleGroup><SampleInfo></SampleInfo><SampleRow>A</SampleRow><SamplePlate>1</SamplePlate><WellType>BUFFER</WellType><Concentration>-1</Concentration><ConcentrationUnits>µg/ml</ConcentrationUnits><MolarConcentration>-1</MolarConcentration><MolarConcUnits>nM</MolarConcUnits><MolecularWeight>0</MolecularWeight><Temperature>30</Temperature><StartTime>4501830</StartTime><AssayTime>100</AssayTime></CommonData><FlowRate>1000</FlowRate><StepType>BASELINE</StepType><StepName>Baseline</StepName><StepStatus>OK</StepStatus><ActualTime>100.001</ActualTime><CycleTime>0.2</CycleTime><AssayXData Points="500">ZAB1RZsDdUXKBnVF/gl1RTUNdUVkEHVFlxN1RcoWdUUCGnVFMR11RWQgdUWbI3VFyiZ1Rf4p
dUU1LXVFZDB1RZczdUXONnVFAjp1RTU9dUVkQHVFl0N1RcpGdUUCSnVFMU11RWhQdUWbU3VF
ylZ1RQJadUU1XXVFZGB1RZtjdUXKZnVFAmp1RTFtdUVkcHVFl3N1Rc52dUX+eXVFNX11RWSA
dUWXg3VFyoZ1RQKKdUU1jXVFZJB1RZeTdUXKlnVF/pl1RTGddUVkoHVFl6N1RcqmdUX+qXVF
Na11RWiwdUWXs3VFyrZ1Rf65dUU1vXVFZMB1RZvDdUXKxnVFAsp1RTXNdUVo0HVFm9N1RcrW
dUX+2XVFMd11RWTgdUWX43VFzuZ1RQLqdUU17XVFaPB1RZfzdUXO9nVF/vl1RTH9dUVkAHZF
lwN2RcoGdkUCCnZFMQ12RWgQdkWXE3ZFyhZ2Rf4ZdkU1HXZFZCB2RZsjdkXKJnZFAip2RTEt
dkVkMHZFlzN2Rco2dkX+OXZFMT12RWhAdkWbQ3ZFykZ2RQJKdkU1TXZFZFB2RZdTdkXKVnZF
/ll2RTFddkVoYHZFl2N2RcpmdkX+aXZFMW12RWhwdkWbc3ZFynZ2Rf55dkUxfXZFZIB2RZeD
dkXOhnZFAop2RTGNdkVkkHZFl5N2RcqWdkX+mXZFMZ12RWSgdkWXo3ZFzqZ2RQKqdkU1rXZF
aLB2RZezdkXKtnZF/rl2RTG9dkVkwHZFl8N2RcrGdkUCynZFNc12RWjQdkWX03ZFytZ2Rf7Z
dkUx3XZFaOB2RZfjdkXO5nZFAup2RTHtdkVk8HZFm/N2Rc72dkX++XZFNf12RWQAd0WbA3dF
ygZ3Rf4Jd0U1DXdFaBB3RZsTd0XOFndF/hl3RTEdd0VoIHdFlyN3Rcomd0X+KXdFMS13RWgw
d0WXM3dFyjZ3Rf45d0UxPXdFZEB3RZtDd0XKRndF/kl3RTVNd0VoUHdFl1N3Rc5Wd0X+WXdF
MV13RWRgd0WXY3dFzmZ3RQJqd0UxbXdFaHB3RZtzd0XOdndF/nl3RTF9d0VogHdFm4N3Rc6G
d0UCindFMY13RWiQd0WXk3dFypZ3Rf6Zd0UxnXdFZKB3RZujd0XKpndFAqp3RTGtd0VksHdF
m7N3Rc62d0X+uXdFMb13RWTAd0WXw3dFysZ3Rf7Jd0U1zXdFaNB3RZvTd0XO1ndFAtp3RTHd
d0Vo4HdFl+N3Rcrmd0X+6XdFNe13RWTwd0Wb83dFzvZ3RQL6d0U1/XdFaAB4RZsDeEXKBnhF
Agp4RTENeEVkEHhFlxN4RcoWeEUCGnhFNR14RWggeEWXI3hFziZ4Rf4peEVJLXhFZDB4RZcz
eEXONnhF/jl4RTE9eEVoQHhFl0N4RcpGeEX+SXhFNU14RWRQeEWXU3hFzlZ4RQJaeEU1XXhF
ZGB4RZtjeEXOZnhF/ml4RTFteEVkcHhFm3N4Rc52eEX+eXhFMX14RWiAeEWbg3hFzoZ4Rf6J
eEU1jXhFZJB4RZuTeEXKlnhF/pl4RTWdeEVkoHhFl6N4Rc6meEX+qXhFNa14RWSweEWXs3hF
yrZ4Rf65eEU1vXhFaMB4RZfDeEXOxnhF/sl4RTHNeEVk0HhFl9N4RcrWeEX+2XhFNd14RWjg
eEWb43hFyuZ4Rf7peEU17XhFZPB4RZfzeEXK9nhFAvp4RTX9eEVoAHlFmwN5RcoGeUUCCnlF
NQ15RWQQeUWbE3lF0xZ5Rf4ZeUU1HXlFZCB5RZcjeUXKJnlF/il5RTEteUVoMHlFlzN5Rc42
eUX+OXlFNT15RWRAeUWbQ3lFykZ5Rf5JeUU1TXlFZFB5RZdTeUXOVnlFAlp5RTFdeUVoYHlF
l2N5RcpmeUX+aXlFNW15RWRweUWXc3lFznZ5RQJ6eUU1fXlFZIB5RZuDeUXKhnlF/ol5RTGN
eUVkkHlFl5N5Rc6WeUX+mXlFMZ15RWigeUWXo3lFzqZ5RQKqeUU1rXlFZLB5RZezeUXKtnlF
Arp5RTW9eUVowHlFm8N5RcrGeUUCynlFNc15RWjQeUWX03lFytZ5Rf7ZeUUx3XlFZOB5RZvj
eUXK5nlF/ul5RTHteUVo8HlFl/N5Rc72eUX++XlFMf15RWQAekWXA3pFygZ6RQIKekU1DXpF
aBB6RZsTekXKFnpF/hl6RTEdekVkIHpFlyN6RcomekX+KXpFNS16RWQwekWXM3pFzjZ6Rf45
ekUxPXpFZEB6RZdDekXKRnpF/kl6RTVNekVoUHpFl1N6RcpWekX+WXpFNV16RWhgekWXY3pF
ymZ6RQJqekUxbXpFZHB6RZtzekXKdnpF/nl6RTF9ekVkgHpFl4N6RcqGekUCinpFMY16RWSQ
ekWbk3pFypZ6RQKaekUxnXpFZKB6RZejekXKpnpF/ql6RTGtekVosHpFl7N6Rc62ekX+uXpF
Nb16RWjAekWXw3pFysZ6Rf7JekUxzXpFaNB6RZfTekXK1npF/tl6RTXdekVk4HpFm+N6Rcrm
ekX+6XpFNe16RWTwekWX83pFzvZ6Rf75ekUx/XpFZAB7RZsDe0XOBntF/gl7RTENe0VkEHtF
lxN7RcoWe0X+GXtFNR17RWQge0WXI3tFyiZ7RQIqe0U1LXtFbDB7RZcze0XONntF/jl7RTU9
e0U=</AssayXData><AssayYData Points="500">MsGmQA8cp0Ck/qZAEvumQD5Gp0ALP6dAHx2nQD1ip0B0RKdAQEinQChUp0AcdqdA11WnQPtd
p0DPaadAPVanQHOXp0BGfKdAaJKnQHZ8p0AgdqdAb4qnQPRip0A8j6dA0K6nQDyNp0Aym6dA
4Y6nQMGCp0AgiqdAXHenQIh4p0BgjKdAmY6nQGp6p0C6qqdAFY+nQPNrp0A8g6dAYK+nQPN4
p0BsqqdAeKinQJOsp0CYjadA2NSnQCahp0ABnqdAN8unQIaip0DUnKdAYKynQAKop0CUgKdA
XZSnQEnEp0DMp6dAHbOnQDqZp0AGtadAC7anQJy5p0ARladAWIqnQAeqp0C8t6dANbenQJKl
p0CSu6dA+7SnQNuep0AOwKdAYJCnQMyPp0Dx26dA14qnQGu+p0DClqdAL86nQFapp0BjoKdA
HounQGqcp0ACsadAtbenQBOsp0DIsqdAGL2nQLLCp0CssadAc9qnQAq7p0DKsqdAe8WnQPvb
p0Ayx6dAsuKnQP7bp0CXrqdAscanQAblp0Ck1adAXOunQCmgp0AZu6dA3M2nQBb9p0DBtqdA
5bynQFrlp0B8rqdAALOnQLC3p0DEv6dAbbCnQIHgp0APF6hAu8enQJD2p0DNBahA2c2nQArO
p0Bc06dA6dinQF3hp0As3adAO82nQD7Dp0Dp8KdAxfCnQMW4p0ADDqhAXumnQDmip0Bc5qdA
gP+nQA7Np0AN+KdALdKnQPHqp0CDyadAxwqoQO34p0A80qdAwOKnQJn1p0A9u6dA7eynQMAM
qEAqx6dAxASoQIDip0BryadArdWnQI0TqEDV1qdADfunQPTqp0Ad16dAaOqnQGX1p0As+KdA
CNanQDTsp0DPE6hANt+nQCz7p0DY9qdA/+inQHn2p0CJB6hAJ7+nQBnQp0B096dAbfanQHD5
p0DGHKhAcdWnQIsDqEAp8KdABQ2oQKvMp0CGMKhA1wOoQCL1p0B8DKhA7U2oQD/+p0CkBahA
mzGoQO7pp0Bw3KdAOBOoQBUQqECYBKhAuguoQNfyp0BgDahAbyKoQCENqEABBKhA7/6nQNYA
qECpBqhAFAaoQF/1p0Af76dAGACoQO4ZqEAWF6hAWyWoQIk9qEB4CahA6hCoQBZJqEBWGqhA
MwyoQHUwqECfKqhA9wCoQGEqqEDdIKhAs/qnQMoPqEB6RahAPROoQFAUqECoRahA4TaoQAEG
qECWRqhATzGoQI8CqEBpLahAKiqoQCcWqEBdJahAJ0KoQNb0p0B5D6hAlTioQEAIqECdGKhA
7V6oQAMUqED0EKhA9ECoQOMzqECrK6hAPEWoQFlNqEBmOahAX2GoQEw+qEDvIKhAHC+oQElI
qEARI6hAODaoQO0+qECuKKhAsUCoQPRWqEAEP6hAvlKoQIdFqECJRahAEy+oQCFRqED6NqhA
WSyoQBNTqECPVqhA/SaoQK89qEBVRqhAcDaoQN1aqEApm6hAfkOoQMU3qED/gKhA0EioQPg6
qEB1SahAnymoQF4nqEAHMqhAd1moQJBFqEBwZahASkmoQHZAqEAShahAe0yoQIVcqED8JahA
0nqoQFhUqEDbLqhAyFeoQLUiqEDkTKhAW2OoQLl6qEArW6hArVKoQABMqEC7VahAN06oQOlw
qEApWKhASEWoQNh/qEAIZqhAtFWoQOxdqEAbbqhA7jSoQLuBqED3bKhA9VKoQOloqEDta6hA
Tl2oQOZxqEAyaahAZ1GoQOZJqEBOZahAk2ioQDhkqEDebKhAOnuoQFRpqECjZqhAP2uoQKBL
qECmiKhAY2moQOhTqEDAdKhAHISoQMBtqEAPbKhAPIWoQJhtqECze6hAspCoQDqKqEADV6hA
G5ioQLloqEDoY6hAi3uoQDx2qEC0iKhArHuoQEeFqEDtZKhAA1+oQF2bqECGUKhAhWyoQLV7
qEBhhahAd1SoQDGdqECqeKhA+nuoQMiwqEA1j6hAhG2oQHunqECbf6hA4GGoQI+rqED/rahA
TZGoQLGAqECkr6hALpioQKCMqEC8i6hAfpCoQA1qqEBNlahAbIyoQO+lqECOtKhAKpmoQA+s
qECDj6hACZaoQCCYqEBNjqhAx66oQG6UqECQcahAPMCoQFmaqEDje6hADqGoQF3FqEBoiKhA
m9CoQNe7qEDikahA3rWoQFS4qEDmkqhAeMGoQOCdqEDTuqhAPLSoQOjDqEAHj6hAhr6oQArd
qECQrqhANpmoQAq2qEBitahA57SoQFO6qECj26hAELWoQA2jqEChq6hAQZyoQPKmqEAJ26hA
b5moQIfeqEC+pahAjKWoQNWXqEBUzahAqdaoQBCaqECk6qhAlMCoQJyNqEBnyqhA98qoQOCK
qEAh0qhAU8OoQLOuqEDf2KhA29KoQEKvqEASkqhA8teoQMfJqEBdv6hAxrmoQDPeqEBwuKhA
++eoQF/OqEC+t6hAZKqoQNu/qED3xqhALp+oQH7GqEDPr6hAdbqoQJPyqEAZoqhAzbqoQNMI
qUBkrahAgrSoQCP2qEAQvKhA4dWoQJO+qEBB5qhAq8eoQOu9qEDR/6hAA7uoQCzmqEDE16hA
UM+oQJvKqEDQ+6hAqeuoQBaMqEDe4KhAxO2oQFbPqECV6KhASeWoQO2lqEAZ3qhAU96oQDfS
qEA=</AssayYData></Step><Step><CommonData><SampleLocation>2</SampleLocation><SampleID>hsCD3d/e_Acro_CDD-H52W1</SampleID><SampleGroup></SampleGroup><SampleInfo></SampleInfo><SampleRow>A</SampleRow><SamplePlate>1</SamplePlate><WellType>KSAMPLE</WellType><Concentration>-1</Concentration><ConcentrationUnits>µg/ml</ConcentrationUnits><MolarConcentration>200</MolarConcentration><MolarConcUnits>nM</MolarConcUnits><MolecularWeight>0</MolecularWeight><Temperature>30</Temperature><StartTime>4610129</StartTime><AssayTime>180</AssayTime></CommonData><FlowRate>1000</FlowRate><StepType>ASSOC</StepType><StepName>Association</StepName><StepStatus>OK</StepStatus><ActualTime>180.001</ActualTime><CycleTime>0.2</CycleTime><AssayXData Points="900">aEB7RZtDe0XORntFAkp7RTVNe0VoUHtFm1N7Rc5We0UGWntFOV17RWhge0WfY3tFzmZ7RQZq
e0U1bXtFbHB7RZtze0XOdntFAnp7RTl9e0VsgHtFm4N7Rc6Ge0UCintFOY17RWyQe0Wfk3tF
zpZ7RQKae0U1nXtFaKB7RZ+je0XSpntFBqp7RTmte0VosHtFm7N7Rc62e0UCuntFOb17RWjA
e0Wfw3tFzsZ7RQLKe0U1zXtFaNB7RZ/Te0XO1ntFAtp7RTXde0Vs4HtFm+N7Rc7me0UG6ntF
Oe17RWzwe0Wf83tFzvZ7RQb6e0U1/XtFaAB8RZ8DfEXSBnxFAgp8RTUNfEVoEHxFnxN8Rc4W
fEUCGnxFNR18RWwgfEWfI3xFziZ8RQIqfEU1LXxFaDB8RZszfEXONnxFBjp8RTU9fEVoQHxF
n0N8Rc5GfEUCSnxFOU18RWhQfEWfU3xFzlZ8RQJafEU5XXxFbGB8RZtjfEXSZnxFAmp8RTVt
fEVscHxFm3N8Rc52fEUCenxFNX18RWyAfEWbg3xFzoZ8RQKKfEU1jXxFaJB8RZ+TfEXSlnxF
Bpp8RTmdfEVooHxFm6N8Rc6mfEUCqnxFOa18RWiwfEWbs3xFzrZ8RQK6fEU5vXxFaMB8RZvD
fEXSxnxFBsp8RTnNfEVs0HxFm9N8Rc7WfEUC2nxFOd18RWjgfEWb43xFzuZ8RQLqfEU57XxF
aPB8RZ/zfEXS9nxFAvp8RTn9fEVoAH1FmwN9RdIGfUUGCn1FOQ19RWgQfUWbE31FzhZ9RQYa
fUU5HX1FaCB9RZ8jfUXOJn1FAip9RTktfUVoMH1FmzN9Rc42fUUGOn1FNT19RWxAfUWbQ31F
zkZ9RQJKfUU5TX1FaFB9RZtTfUXSVn1FBlp9RTldfUVoYH1Fn2N9Rc5mfUUGan1FNW19RWhw
fUWbc31F0nZ9RQJ6fUU1fX1FaIB9RZuDfUXOhn1FAop9RTWNfUVokH1Fm5N9Rc6WfUUGmn1F
OZ19RWigfUWfo31FzqZ9RQKqfUU1rX1FaLB9RZ+zfUXOtn1FArp9RTW9fUVowH1Fn8N9Rc7G
fUUCyn1FOc19RWjQfUWf031FztZ9RQbafUU13X1FaOB9RZvjfUXO5n1FAup9RTXtfUVs8H1F
m/N9Rc72fUUG+n1FOf19RWgAfkWbA35F0gZ+RQYKfkU1DX5FbBB+RZ8TfkXSFn5FBhp+RTUd
fkVsIH5FmyN+RdImfkUGKn5FOS1+RWwwfkWjM35F0jZ+RQY6fkU1PX5FaEB+RZtDfkXSRn5F
Bkp+RTVNfkVoUH5Fn1N+RdJWfkUCWn5FOV1+RWhgfkWfY35FzmZ+RQZqfkU1bX5FbHB+RZtz
fkXOdn5FBnp+RTV9fkVogH5Fm4N+Rc6GfkUGin5FOY1+RWiQfkWbk35FzpZ+RQKafkU5nX5F
aKB+RZujfkXSpn5FAqp+RTWtfkVosH5Fm7N+RdK2fkUGun5FNb1+RWjAfkWbw35FzsZ+RQLK
fkU5zX5FaNB+RZvTfkXO1n5FAtp+RTXdfkVs4H5Fm+N+Rc7mfkUC6n5FNe1+RWjwfkWf835F
zvZ+RQL6fkU5/X5FaAB/RZsDf0XOBn9FAgp/RTUNf0VoEH9FnxN/RdIWf0UCGn9FNR1/RWgg
f0WfI39F0iZ/RQIqf0U5LX9FaDB/RZszf0XONn9FAjp/RTU9f0VoQH9Fm0N/Rc5Gf0UCSn9F
NU1/RWhQf0WfU39FzlZ/RQJaf0U1XX9FbGB/RZtjf0XOZn9FBmp/RTVtf0VocH9Fn3N/Rc52
f0UCen9FNX1/RWiAf0Wbg39FzoZ/RQKKf0U1jX9FaJB/RZ+Tf0XSln9FBpp/RTWdf0VooH9F
n6N/Rc6mf0UCqn9FOa1/RWiwf0Wfs39FzrZ/RQa6f0U1vX9FaMB/RZ/Df0XOxn9FAsp/RTXN
f0Vo0H9Fm9N/Rc7Wf0UC2n9FNd1/RWjgf0Wb439FzuZ/RQbqf0U17X9FbPB/RZvzf0XO9n9F
Bvp/RTX9f0U2AIBF0AGARWcDgEUBBYBFnAaARTQIgEXQCYBFZwuARQENgEWaDoBFNBCARc4R
gEVnE4BFAxWARZoWgEU2GIBFzhmARWcbgEUDHYBFnB6ARTQggEXOIYBFZyOARQElgEWaJoBF
NiiARc4pgEVpK4BFAS2ARZwugEU0MIBF0DGARWkzgEUDNYBFmjaARTY4gEXQOYBFaTuARQM9
gEWcPoBFNkCARc5BgEVnQ4BFAUWARZxGgEU2SIBFzkmARWlLgEUDTYBFmk6ARTZQgEXQUYBF
Z1OARQNVgEWaVoBFNliARc5ZgEVnW4BFAV2ARZxegEU0YIBF0GGARWdjgEUBZYBFnGaARTRo
gEXOaYBFZ2uARQFtgEWcboBFNHCARc5xgEVpc4BFAXWARZp2gEU0eIBFznmARWd7gEUBfYBF
mn6ARTaAgEXQgYBFZ4OARQGFgEWchoBFNoiARc6JgEVpi4BFA42ARZyOgEU2kIBF0JGARWeT
gEUBlYBFmpaARTaYgEXOmYBFaZuARQGdgEWcnoBFNKCARc6hgEVpo4BFAaWARZqmgEU0qIBF
zqmARWergEUDrYBFmq6ARTSwgEXQsYBFZ7OARQG1gEWatoBFNriARc65gEVnu4BFA72ARZy+
gEU0wIBFzsGARWfDgEUDxYBFnMaARTTIgEXOyYBFZ8uARQHNgEWazoBFNNCARc7RgEVn04BF
AdWARZrWgEU02IBFztmARWnbgEUB3YBFmt6ARTbggEXQ4YBFZ+OARQHlgEWc5oBFNuiARc7p
gEVr64BFAe2ARZzugEU08IBFzvGARWnzgEUB9YBFmvaARTT4gEXO+YBFZ/uARQH9gEWc/oBF
NgCBRc4BgUVpA4FFAwWBRZoGgUU0CIFFzgmBRWcLgUUDDYFFnA6BRTYQgUXOEYFFZxOBRQMV
gUWcFoFFNBiBRc4ZgUVnG4FFAx2BRZoegUU2IIFFziGBRWcjgUUBJYFFmiaBRTQogUXQKYFF
aSuBRQUtgUWaLoFFNDCBRdAxgUVpM4FFATWBRZw2gUU0OIFF0DmBRWc7gUUBPYFFmj6BRTRA
gUXOQYFFZ0OBRQFFgUWcRoFFNEiBRdBJgUVnS4FFAU2BRZxOgUU2UIFFzlGBRWlTgUUDVYFF
mlaBRTRYgUXOWYFFaVuBRQFdgUWaXoFFNGCBRc5hgUVnY4FFA2WBRZxmgUU0aIFFzmmBRWdr
gUUDbYFFnG6BRTRwgUXOcYFFZ3OBRQF1gUWadoFFNniBRc55gUVpe4FFA32BRZp+gUU0gIFF
zoGBRWeDgUUDhYFFmoaBRTSIgUXQiYFFZ4uBRQGNgUWajoFFNpCBRc6RgUVnk4FFAZWBRZqW
gUU2mIFFzpmBRWebgUUBnYFFnJ6BRTSggUXOoYFFZ6OBRQGlgUWapoFFNqiBRdCpgUVnq4FF
A62BRZqugUU0sIFF0LGBRWmzgUUDtYFFmraBRTS4gUXOuYFFZ7uBRQG9gUWcvoFFNMCBRc7B
gUVnw4FFA8WBRZrGgUU0yIFFzsmBRWfLgUUBzYFFms6BRTTQgUXO0YFFadOBRQHVgUWa1oFF
NtiBRc7ZgUVn24FFAd2BRZregUU04IFFzuGBRWfjgUUD5YFFmuaBRTbogUXO6YFFZ+uBRQHt
gUWc7oFFNvCBRc7xgUVn84FFA/WBRZz2gUU2+IFF0PmBRWf7gUUB/YFFnP6BRTQAgkXOAYJF
ZwOCRQEFgkWcBoJFNgiCRc4JgkVnC4JFAQ2CRZoOgkU0EIJFzhGCRWcTgkUBFYJFnBaCRTYY
gkXOGYJFZxuCRQEdgkWcHoJFNCCCRc4hgkVnI4JFASWCRZomgkU0KIJFzimCRWcrgkUBLYJF
nC6CRTYwgkXOMYJFaTOCRQM1gkWaNoJFNDiCRc45gkVrO4JFAT2CRZo+gkU0QIJFzkGCRWdD
gkUDRYJFmkaCRTRIgkXOSYJFZ0uCRQNNgkWaToJFNlCCRc5RgkVnU4JFAVWCRZpWgkU2WIJF
0FmCRWtbgkUBXYJFml6CRTRggkXOYYJFaWOCRQNlgkWaZoJFNGiCRdBpgkVpa4JFAW2CRZpu
gkU0cIJF0HGCRWdzgkUBdYJFmnaCRTZ4gkXOeYJFZ3uCRQF9gkWcfoJFNoCCRdCBgkVng4JF
AYWCRZyGgkU0iIJFzomCRWmLgkUDjYJFnI6CRTaQgkXQkYJFaZOCRQGVgkWaloJFNpiCRc6Z
gkVnm4JFAZ2CRZyegkU2oIJFzqGCRWejgkUDpYJFmqaCRTaogkXQqYJFZ6uCRQOtgkWaroJF
NLCCRc6xgkVps4JFAbWCRZq2gkU0uIJFzrmCRWm7gkUDvYJFnL6CRTbAgkXQwYJFacOCRQPF
gkWcxoJFNsiCRc7JgkVny4JFAc2CRZrOgkU00IJFztGCRWfTgkUB1YJFmtaCRTTYgkXQ2YJF
Z9uCRQPdgkWa3oJFNOCCRc7hgkVp44JFAeWCRZrmgkU06IJFzumCRWfrgkUD7YJFnO6CRTbw
gkXQ8YJFZ/OCRQP1gkWa9oJFNPiCRc75gkVn+4JFAf2CRZr+gkU0AINFzgGDRWcDg0UBBYNF
mgaDRTQIg0XQCYNFZwuDRQMNg0WaDoNFNhCDRc4Rg0VnE4NFARWDRZwWg0U0GINFzhmDRWcb
g0UDHYNFmh6DRTYgg0XQIYNFZyODRQElg0WcJoNFNCiDRc4pg0VnK4NFAy2DRZoug0U0MINF
0DGDRWkzg0UDNYNFmjaDRTQ4g0XQOYNFaTuDRQE9g0WcPoNF</AssayXData><AssayYData Points="900">imOoQO/ZqEB1TalAG4ipQCSeqUAx1qlA0A6qQOP/qUDwNqpAZFiqQN5fqkDLbapAAp2qQHTG
qkCA4KpAqeeqQAAFq0DkNatAnxyrQPNoq0DWTatAqqerQNi+q0BLq6tA2+OrQFT5q0C/3KtA
QQWsQHYnrED/H6xASmmsQF1erEBmhKxAaZasQFqgrEALhqxAp8msQH3KrEBn5qxAlgCtQE4W
rUD6NK1A/yitQHJwrUBWVq1AwUKtQOmPrUCsr61AE6atQLrQrUA4w61AstytQK78rUDeBq5A
nQmuQJccrkBMHq5AQyeuQCIirkCLV65AXFSuQHFcrkAqZq5A8KCuQEeArkD/pq5AaeGuQIHW
rkA33K5AqwavQB7nrkBG+K5AuS2vQL4Pr0CuH69ArjevQDRBr0BPMK9APFuvQClCr0Amf69A
tluvQNR6r0Data9AF5WvQIO6r0AI2K9AVM6vQJzYr0DV1K9AldqvQI0LsECD769ArRiwQG4O
sEAEHLBAfSqwQA8bsEDuPLBACEewQKQ9sEAvVbBAKFGwQERosEB+hbBAh5qwQBGssEDDlLBA
5qmwQOlysEBAsbBA68mwQOe4sEAkvLBAdsewQInrsEDs17BA97ewQFX8sED+8bBAVxWxQMwN
sUBIMbFAkBOxQBAmsUCCLbFAxU+xQKpGsUCmJrFAa0KxQMVesUCfbrFAwlaxQOd2sUA7b7FA
v3yxQB+osUCbb7FAg4KxQKWasUATwrFA6qCxQAbVsUANv7FA7cyxQEzMsUC/2LFAoNSxQO3x
sUAL6bFAcM+xQA0FskBjIrJA1TGyQLgYskC1QbJApyyyQFgpskA/ObJAmTCyQL0wskChU7JA
IE6yQNxiskDdWbJAcmiyQABFskB4XbJALW+yQORxskB4Z7JAQYOyQJqSskAylrJA7n+yQMud
skA8mbJA1KOyQHzFskDjzrJAcNOyQA/sskA7vbJAg96yQMrhskBc6bJAzu6yQPoIs0Bl8LJA
4vyyQGIAs0BSxrJAagizQIIOs0D++bJAZBOzQDggs0ApWLNA5EOzQAkns0A4RbNABDCzQBs7
s0DqXLNAJzuzQExZs0B+Q7NAh2izQFhrs0BDhLNAaYezQLhXs0CIi7NAXmazQAqXs0BEirNA
H5mzQPmes0AbrbNAM6izQMuIs0Bho7NAL6qzQG+Fs0ASqrNAtt2zQNbBs0Dq27NAg9yzQJDN
s0Bg9bNAHRC0QDP1s0BW47NAx/OzQJ//s0C93LNAjc2zQJcwtEC+8bNA0Bq0QO0rtEDF5bNA
/xe0QF8RtEAOOrRA9zq0QJk8tEC6E7RApha0QKhGtEBzN7RAw2e0QH0stEBugrRAfVu0QDZo
tEBIhLRAjm+0QJ9utED9hrRAuXC0QERMtEAAkLRAgqW0QKqdtECqcLRAbaW0QNiZtEBmi7RA
+eG0QNuktECrmrRA47O0QAjStED4trRAP7+0QFDEtEDLzrRADOq0QCnPtED5uLRAOL20QIrL
tEAR07RAtei0QHUItUAC2bRAPuq0QMPotEBG77RAGe+0QOwRtUC+97RAjPC0QI8HtUDf6LRA
/hK1QHRPtUAJGbVABCO1QN4ftUChKrVAHh21QA0XtUBBTbVAkT+1QDNRtUDJX7VAvUm1QElp
tUCHfbVA71C1QKtvtUDqYrVA4mO1QHqLtUAaZ7VAnlu1QGWEtUDPdLVAd5u1QG+JtUDWXbVA
t7u1QImjtUCedbVA/aa1QIW6tUAAibVAW6K1QJm1tUDFo7VAAbG1QHGotUDHqLVA0Lq1QLDd
tUCY07VAa+q1QLW7tUDXzbVAOMm1QGXatUCf1bVAQOq1QJoCtkCR67VADOC1QL/rtUC9E7ZA
6uW1QHcotkAi/bVAaga2QE0LtkAcUbZA/RC2QLIhtkDO5LVAnSe2QEMdtkCuHrZA9z22QDUw
tkDaPbZAuCW2QMtEtkA/G7ZAkUC2QHs6tkDmRbZA6Ge2QLk2tkClPbZAgU22QFpdtkBOZrZA
/m62QAJWtkBNZbZA4qC2QH1mtkAENLZA6Z62QBFptkBeaLZAGma2QFOatkCpsrZAq0y2QNrb
tkDho7ZAOnW2QAi0tkAjr7ZAAaK2QFuKtkCYo7ZACJi2QF2/tkCelbZA9sm2QCvUtkBUCbdA
grm2QDCktkB2+LZAW+u2QHG5tkDavrZASK+2QPbLtkByFrdAJ7q2QKfItkAVu7ZAuPq2QADI
tkDeCLdABua2QFb7tkB2H7dA+eS2QHjrtkCbG7dAUgK3QAHXtkByArdAYv22QAcLt0CmBbdA
0je3QDk3t0B1KLdAFwy3QJEbt0C5FbdAJhO3QEAJt0DMQLdA4jC3QMUnt0A9L7dAoja3QBJK
t0ChJrdAISy3QNRat0DzZLdAAki3QIRjt0CfY7dA+XW3QBllt0CKWrdAjFO3QMGHt0Ddh7dA
xY63QKVOt0DLkrdAyYy3QKByt0BJjrdADXm3QIJ0t0CzhrdAIIS3QOt7t0ArhLdAybS3QJux
t0BHpbdA0MS3QKLRt0BhrrdAab63QPCUt0A8zbdAaLC3QKjLt0C8lrdAtdK3QOHkt0Bm2rdA
2uK3QP3ot0AY57dAs8C3QPPwt0A+xbdAiNm3QGXpt0BPwbdAY6i3QM3jt0Al7bdAmNK3QIG/
t0Dj/LdAPs+3QLvjt0Bz1rdA6g24QDLit0B/4LdAxBi4QGwduEAVErhAsfm3QDwVuEAaH7hA
xya4QL8puED1DbhAKem3QA38t0AzBrhAOzW4QIpDuEAtN7hAQjy4QEE9uEBBU7hA0Ry4QKA5
uEBUTLhAhDG4QPMjuEB+MbhAmU+4QNlGuEC2JrhA5F64QDpCuECAWLhAU1e4QFNhuEDDS7hA
ho24QDleuEAxSrhAkXi4QAWguEDXZLhAPYi4QHuDuEBKeLhAnFC4QOtWuEDug7hAonu4QKmL
uEBeqLhABm+4QLF1uEBctbhACWu4QEOjuEC5l7hA9bO4QNmkuEAEjLhAc5a4QIiwuEBxqbhA
lpu4QN1ouEAysbhARbm4QC2JuEDNoLhA4La4QJG/uEA8rbhAueC4QG3huEDc1rhAuKK4QPuz
uEAjt7hA+NG4QA+/uEAnrrhAFuu4QETCuEDuv7hA6eK4QIreuECL2LhAC+i4QCz5uEDx0rhA
nPa4QNzjuEBz1bhA/PW4QA0TuUBhILlABAC5QHgPuUAZB7lApu24QBgxuUDyFblAQQe5QIQn
uUBAKblA/x+5QJEMuUDUCblAAya5QBBEuUCeMLlAph+5QOBJuUAwLrlAEi+5QKciuUCJUrlA
Sim5QOtMuUBkOLlA5DK5QI8kuUB0XLlAK0W5QHweuUBBXLlA4Du5QKRmuUBnX7lA83C5QDZr
uUCWTrlAZVG5QNVyuUCOVLlA04u5QNdcuUAAcrlAhoW5QCpouUAscrlAPIK5QJqXuUBmd7lA
eJa5QG+auUCWjblAI3u5QKNsuUCtpLlAIo65QLiZuUCWh7lAAI65QJFuuUDCcblAW365QBym
uUAIvrlAL5O5QPeLuUB8x7lAJqu5QNScuUCIr7lAJKi5QJDIuUC9vLlAQqW5QOKmuUBXvrlA
jcW5QIGnuUD4tblAfJy5QBmduUAS5rlAjt25QEzeuUDYo7lAas65QML6uUCfqblASN65QKfJ
uUDmw7lADru5QADwuUD0zLlAlOG5QK32uUBy5LlAuQK6QIkLukCC57lA4fO5QK4SukAg7LlA
dPu5QDPFuUB3+LlAwue5QNX5uUAVDLpA6Qe6QIIRukAeK7pA2Q+6QEcnukCJCrpAY/25QIM2
ukCnMLpAtQu6QNo2ukBtELpApTi6QN4jukDdPrpA7BG6QDgUukCNXbpAFi+6QGgoukA4SbpA
Kj66QPo3ukC4bbpASXi6QH5dukByM7pAejq6QHo/ukCuTrpAFDK6QKksukBSObpAz5G6QAdW
ukBudbpAoF26QAdKukCmdbpAgmy6QL9gukAvZbpAWE66QIB/ukAnX7pAUny6QK5rukCWRLpA
nXi6QFqIukCTcbpA94O6QMOaukAUkrpAV3q6QLijukBgmLpAt3C6QBGtukDxfLpAsYe6QARu
ukAbprpAsXS6QHqzukBxm7pAlp26QBysukAQqLpAFZK6QL2rukAFvrpAxLK6QMKCukBWmbpA
zLa6QJqQukCpo7pA8bq6QH6nukA5jLpA+rK6QN/AukAWibpAAL26QO/PukBkxLpAFsy6QNPG
ukDrnLpAAbK6QMHSukD237pAUMi6QC3CukAdu7pAN8O6QA/GukADrLpAAQG7QBW+ukCI0bpA
Z7i6QPrhukBO3rpAs/e6QN8Qu0Bw97pASdS6QMkFu0B14bpAmPy6QJICu0AHFLtAPAe7QKbE
ukB3C7tAwDG7QP3rukAv+rpAvBm7QBzRukBN6rpAvCC7QCoKu0DoFLtAtem6QCf2ukDBAbtA
ECi7QBUgu0BqKLtAJQe7QM0Uu0ATMbtAQCe7QCgwu0D9D7tA1hW7QFgfu0DICrtA9FK7QOgZ
u0BtKbtArx27QL82u0BVLrtA9je7QMdXu0DqW7tAmiC7QBBKu0DXNrtAvDa7QKdGu0A4hLtA
CTm7QGwUu0C/M7tAaDq7QORtu0DGcLtATkO7QExXu0AJU7tA2F67QBZ3u0DNX7tAKmS7QE9P
u0DbdrtA4V+7QPdju0CsfLtAO1q7QGJou0CKkrtA4oq7QAxPu0DFbrtAvqK7QGVRu0A6f7tA
WI+7QM6Iu0A1jbtARY67QAV+u0BijLtAko27QOKNu0AIiLtA</AssayYData></Step><Step><CommonData><SampleLocation>1</SampleLocation><SampleID>Octet Buffer</SampleID><SampleGroup></SampleGroup><SampleInfo></SampleInfo><SampleRow>A</SampleRow><SamplePlate>1</SamplePlate><WellType>BUFFER</WellType><Concentration>-1</Concentration><ConcentrationUnits>µg/ml</ConcentrationUnits><MolarConcentration>-1</MolarConcentration><MolarConcUnits>nM</MolarConcUnits><MolecularWeight>0</MolecularWeight><Temperature>30</Temperature><StartTime>4798212</StartTime><AssayTime>300</AssayTime></CommonData><FlowRate>1000</FlowRate><StepType>DISASSOC</StepType><StepName>Dissociation</StepName><StepStatus>OK</StepStatus><ActualTime>300</ActualTime><CycleTime>0.2</CycleTime><AssayXData Points="1500">NkCDRdBBg0VpQ4NFA0WDRZxGg0U6SINF0kmDRWlLg0UFTYNFnk6DRThQg0XSUYNFaVODRQNV
g0WcVoNFNliDRdBZg0VpW4NFA12DRZ5eg0U2YINF0GGDRWljg0UDZYNFnGaDRTZog0XQaYNF
aWuDRQVtg0WcboNFNnCDRdBxg0Vrc4NFA3WDRZx2g0U4eINF0nmDRWl7g0UFfYNFnn6DRTaA
g0XQgYNFaYODRQWFg0WehoNFNoiDRdCJg0Vri4NFBY2DRZyOg0U2kINF0JGDRWmTg0UZlYNF
npaDRTaYg0XSmYNFaZuDRQOdg0WcnoNFNqCDRdKhg0Vpo4NFBaWDRZymg0U4qINF0KmDRWmr
g0UDrYNFnK6DRTawg0XSsYNFa7ODRQO1g0WetoNFNriDRdK5g0Vpu4NFBb2DRZy+g0U4wINF
0MGDRWnDg0UDxYNFnMaDRTbIg0XSyYNFacuDRQXNg0WezoNFNtCDRdDRg0Vp04NFBdWDRZ7W
g0U42INF0NmDRWnbg0UD3YNFnN6DRTbgg0XQ4YNFaeODRQflg0Wc5oNFNuiDRdDpg0Vp64NF
Be2DRZzug0U28INF0PGDRWvzg0UD9YNFnvaDRTj4g0XQ+YNFafuDRQP9g0Wc/oNFOACERdIB
hEVpA4RFAwWERZ4GhEU2CIRF0AmERWkLhEUDDYRFng6ERTYQhEXQEYRFaROERQMVhEWcFoRF
NhiERdAZhEVpG4RFAx2ERZwehEU2IIRF0CGERWsjhEUDJYRFnCaERTYohEXQKYRFaSuERQUt
hEWeLoRFNjCERdAxhEVrM4RFBzWERZw2hEU2OIRF0DmERWk7hEUFPYRFnj6ERTZAhEXSQYRF
a0OERQVFhEWcRoRFNkiERdBJhEVrS4RFA02ERZxOhEU4UIRF0FGERWtThEUFVYRFnFaERTZY
hEXQWYRFaVuERQddhEWcXoRFNmCERdBhhEVrY4RFBWWERZxmhEU4aIRF0GmERWlrhEUDbYRF
nG6ERTZwhEXScYRFaXOERQN1hEWedoRFNniERdB5hEVre4RFA32ERZx+hEU2gIRF0IGERWmD
hEUDhYRFnoaERTaIhEXSiYRFaYuERQONhEWcjoRFNpCERdiRhEVpk4RFA5WERZ6WhEU4mIRF
0JmERWmbhEUFnYRFnJ6ERTaghEXQoYRFa6OERQOlhEWcpoRFNqiERdCphEVpq4RFA62ERZyu
hEU2sIRF0rGERWmzhEUDtYRFnraERTa4hEXQuYRFabuERQW9hEWevoRFNsCERdDBhEVpw4RF
BcWERZ7GhEU2yIRF0smERWnLhEUFzYRFns6ERTbQhEXQ0YRFa9OERTTVhEWe1oRFNtiERdLZ
hEVp24RFBd2ERZzehEU44IRF0OGERWvjhEUF5YRFnOaERYbohEXS6YRFa+uERQPthEWc7oRF
OPCERdLxhEVp84RFA/WERZz2hEU4+IRF0PmERWv7hEUD/YRFnP6ERTgAhUXQAYVFawOFRQMF
hUWcBoVFNgiFRdAJhUVpC4VFAw2FRZ4OhUU6EIVF0BGFRWsThUUDFYVFnBaFRTYYhUXQGYVF
aRuFRQMdhUWcHoVFNiCFRdAhhUVrI4VFAyWFRZ4mhUU2KIVF0CmFRWkrhUUDLYVFnC6FRTYw
hUXSMYVFaTOFRQU1hUWeNoVFODiFRdI5hUVrO4VFAz2FRZ4+hUU2QIVF0EGFRWtDhUUDRYVF
nkaFRThIhUXSSYVFaUuFRQVNhUWeToVFOFCFRdBRhUVpU4VFBVWFRZ5WhUU2WIVF0FmFRWlb
hUUFXYVFnl6FRTZghUXQYYVFa2OFRQNlhUWeZoVFNmiFRdJphUVpa4VFA22FRZ5uhUU2cIVF
0nGFRWlzhUUfdYVFnHaFRTZ4hUXQeYVFaXuFRQN9hUWcfoVFOICFRdCBhUVpg4VFA4WFRZyG
hUU4iIVF0omFRWuLhUUFjYVFnI6FRTiQhUXSkYVFaZOFRQOVhUWcloVFNpiFRdCZhUVpm4VF
BZ2FRZ6ehUU4oIVF0qGFRWujhUUFpYVFnKaFRTaohUXQqYVFaauFRQWthUWcroVFNrCFRdKx
hUVrs4VFBbWFRZy2hUU4uIVF0rmFRWu7hUUDvYVFnL6FRTbAhUXSwYVFacOFRQPFhUWcxoVF
NsiFRdLJhUVry4VFA82FRZzOhUU20IVF0tGFRWvThUUF1YVFnNaFRTbYhUXQ2YVFaduFRQfd
hUWc3oVFNuCFRdDhhUVr44VFA+WFRZzmhUU46IVF0umFRWnrhUUD7YVFnu6FRTbwhUXS8YVF
afOFRQP1hUWc9oVFNviFRdL5hUVp+4VFA/2FRZz+hUU2AIZF0AGGRWkDhkUDBYZFnAaGRTgI
hkXSCYZFaQuGRQMNhkWcDoZFNhCGRdIRhkVpE4ZFKhWGRZwWhkU4GIZF0BmGRWkbhkUDHYZF
nh6GRTgghkXSIYZFaSOGRQMlhkWeJoZFNiiGRdAphkVrK4ZFAy2GRZwuhkU4MIZF0DGGRWkz
hkUFNYZFnjaGRTY4hkXSOYZFaTuGRQU9hkWePoZFNkCGRdBBhkVpQ4ZFA0WGRZ5GhkU2SIZF
0EmGRWlLhkUDTYZFnE6GRThQhkXQUYZFa1OGRQNVhkWcVoZFNliGRdBZhkVrW4ZFA12GRZ5e
hkU2YIZF0mGGRWljhkUDZYZFnGaGRTZohkXQaYZFaWuGRQNthkWeboZFNnCGRdBxhkVpc4ZF
A3WGRZ52hkU2eIZF0HmGRWl7hkUDfYZFnH6GRTiAhkXSgYZFa4OGRQOFhkWchoZFOIiGRdCJ
hkVri4ZFBY2GRZyOhkU2kIZF0pGGRWmThkUDlYZFnpaGRTaYhkXQmYZFa5uGRQWdhkWcnoZF
OKCGRdChhkVro4ZFBaWGRZymhkU4qIZF0KmGRWurhkUDrYZFnK6GRTawhkXQsYZFa7OGRRW1
hkWctoZFNriGRdC5hkVpu4ZFBb2GRZ6+hkU4wIZF0sGGRWvDhkUFxYZFnsaGRTbIhkVTyoZF
mMuGRQPNhkWezoZFNtCGRdDRhkVr04ZFBdWGRZzWhkU22IZF0tmGRWnbhkUF3YZFnN6GRTjg
hkXQ4YZFaeOGRQXlhkWc5oZFNuiGRdTphkVr64ZFA+2GRZzuhkU28IZF0PGGRWnzhkUD9YZF
nvaGRTj4hkXQ+YZFafuGRQP9hkWc/oZFOACHRdIBh0VrA4dFAwWHRZ4Gh0U2CIdF0AmHRWsL
h0UFDYdFnA6HRTYQh0XQEYdFaROHRQMVh0WeFodFNhiHRdIZh0VrG4dFAx2HRZweh0U2IIdF
0CGHRWsjh0UDJYdFnCaHRTgoh0XQKYdFaSuHRQMth0WcLodFODCHRdIxh0VrM4dFBTWHRZw2
h0U2OIdF0jmHRWk7h0UDPYdFnD6HRTZAh0XSQYdFaUOHRQNFh0WcRodFOEiHRdBJh0VrS4dF
A02HRZxOh0U2UIdF0FGHRWtTh0UiVYdFnlaHRTZYh0XQWYdFaVuHRQNdh0WcXodFOGCHRdBh
h0VpY4dFA2WHRZxmh0U4aIdF0GmHRWlrh0UDbYdFnG6HRTZwh0XQcYdFaXOHRQN1h0WedodF
NniHRdJ5h0Vpe4dFA32HRZ5+h0U2gIdF0IGHRWuDh0UDhYdFnIaHRTiIh0XQiYdFaYuHRQON
h0WejodFNpCHRdCRh0Vrk4dFBZWHRZ6Wh0U2mIdF0JmHRWmbh0UDnYdFoJ6HRTigh0XQoYdF
aaOHRQWlh0WcpodFNqiHRdKph0Vpq4dFBa2HRZyuh0U4sIdF0rGHRWmzh0UFtYdFnLaHRTa4
h0XQuYdFabuHRQO9h0WevodFOMCHRdbBh0Vpw4dFA8WHRZ7Gh0U2yIdF0MmHRWvLh0UFzYdF
nM6HRTbQh0XQ0YdFadOHRQPVh0Wc1odFNtiHRdDZh0Vr24dFA92HRZ7eh0U44IdF0OGHRWvj
h0UF5YdFnOaHRTboh0XQ6YdFaeuHRQPth0Wc7odFNvCHRdDxh0Vr84dFDfWHRZz2h0U2+IdF
0vmHRWn7h0UD/YdFnv6HRTgAiEXQAYhFaQOIRQMFiEWeBohFOAiIRdAJiEVpC4hFAw2IRZ4O
iEU2EIhF0hGIRWsTiEUDFYhFnBaIRTYYiEXQGYhFaRuIRQMdiEWcHohFOCCIRdAhiEVpI4hF
AyWIRZwmiEU2KIhF0CmIRWkriEUDLYhFnC6IRTgwiEXSMYhFaTOIRQM1iEWcNohFNjiIRdA5
iEVrO4hFBT2IRZ4+iEU4QIhF0EGIRWlDiEUDRYhFnkaIRTZIiEXQSYhFaUuIRQNNiEWcTohF
OFCIRdJRiEVrU4hFA1WIRZxWiEU2WIhF0FmIRWlbiEUDXYhFnF6IRThgiEXQYYhFaWOIRQNl
iEWcZohFNmiIRdBpiEVpa4hFBW2IRZ5uiEU4cIhF0HGIRWlziEUFdYhFnnaIRTZ4iEXSeYhF
aXuIRQN9iEWefohFNoCIRdCBiEVpg4hFBYWIRZyGiEU4iIhF0ImIRWuLiEUFjYhFno6IRTaQ
iEXSkYhFa5OIRQWViEWclohFOJiIRdCZiEVrm4hFA52IRZ6eiEU4oIhF0KGIRWmjiEUFpYhF
nKaIRTaoiEXQqYhFH6yIRWetiEWtrohFNrCIRdCxiEVps4hFBbWIRZy2iEU4uIhF0LmIRWm7
iEUDvYhFnr6IRTjAiEXQwYhFacOIRQXFiEWcxohFOMiIRdDJiEVpy4hFBc2IRZ7OiEU40IhF
0tGIRWnTiEUF1YhFntaIRTbYiEXQ2YhFaduIRQPdiEWc3ohFNuCIRdDhiEVp44hFBeWIRZzm
iEU26IhF0umIRWnriEUD7YhFnO6IRTbwiEXQ8YhFa/OIRQP1iEWc9ohFOPiIRdL5iEVr+4hF
A/2IRZz+iEU2AIlF0gGJRWkDiUUDBYlFnAaJRTYIiUXQCYlFawuJRQMNiUWcDolFOBCJRdIR
iUVpE4lFAxWJRZwWiUU2GIlF0BmJRWkbiUUDHYlFnB6JRTYgiUXSIYlFaSOJRQMliUWeJolF
NiiJRdIpiUVrK4lFBS2JRZwuiUU4MIlF0DGJRWkziUUkNYlFnjaJRTg4iUXQOYlFaTuJRQU9
iUWcPolFNkCJRdBBiUVtQ4lFA0WJRZxGiUU2SIlF0EmJRWtLiUUFTYlFnE6JRThQiUXQUYlF
a1OJRQNViUWeVolFNliJRdBZiUVrW4lFA12JRZxeiUU2YIlF0mGJRWljiUUDZYlFnGaJRTho
iUXQaYlFa2uJRQNtiUWcbolFNnCJRdBxiUVpc4lFA3WJRZ52iUU2eIlF0HmJRWt7iUUDfYlF
nn6JRTaAiUXQgYlFaYOJRQOFiUWcholFOIiJRdKJiUVpi4lFBY2JRZyOiUU2kIlF0pGJRWmT
iUUDlYlFnJaJRTaYiUXQmYlFa5uJRQOdiUWenolFNqCJRdChiUVpo4lFBaWJRZymiUU4qIlF
0KmJRWuriUUFrYlFnK6JRTawiUXQsYlFa7OJRQW1iUWctolFNriJRdK5iUVpu4lFBb2JRZy+
iUU2wIlF0MGJRWvDiUUFxYlFnMaJRTbIiUXQyYlFacuJRQPNiUWczolFNtCJRdDRiUVp04lF
MNWJRZzWiUU42IlF0tmJRWnbiUUF3YlFnN6JRTrgiUXQ4YlFaeOJRQPliUWc5olFOOiJRdDp
iUVr64lFBe2JRZ7uiUU48IlF0PGJRWnziUUD9YlFnvaJRTb4iUXS+YlFa/uJRQP9iUWc/olF
OACKRdABikVpA4pFAwWKRZwGikU2CIpF0AmKRWsLikUDDYpFnA6KRTYQikXQEYpFaROKRQUV
ikWcFopFOBiKRdAZikVpG4pFBR2KRZ4eikU4IIpF0iGKRWkjikUDJYpFnCaKRTYoikXSKYpF
aSuKRQMtikWcLopFNjCKRdIxikVpM4pFBTWKRZw2ikU2OIpF0DmKRWk7ikUFPYpFnj6KRThA
ikXSQYpFaUOKRQNFikWeRopFNkiKRdBJikVpS4pFA02KRZ5OikU2UIpF0FGKRWlTikUDVYpF
nFaKRThYikXSWYpFa1uKRQVdikWeXopFNmCKRdBhikVpY4pFA2WKRZ5mikU2aIpF0GmKRWlr
ikUFbYpFnm6KRThwikXQcYpFa3OKRQV1ikWcdopFOHiKRdB5ikVpe4pFBX2KRZ5+ikU4gIpF
0oGKRWmDikUDhYpFnIaKRTiIikXQiYpFaYuKRWmNikWvjopFNpCKRdKRikVrk4pFBZWKRZyW
ikU2mIpF0JmKRW+bikUFnYpFnJ6KRTagikXQoYpFaaOKRQOlikWcpopFOKiKRdCpikVpq4pF
A62KRZyuikU2sIpF0rGKRWuzikUDtYpFnLaKRTi4ikXQuYpFa7uKRQO9ikWevopFNsCKRdDB
ikVpw4pFA8WKRZ7GikU2yIpF0smKRWnLikUFzYpFnM6KRTjQikXQ0YpFadOKRQPVikWc1opF
NtiKRdDZikVp24pFA92KRZzeikU44IpF0OGKRWnjikUD5YpFnOaKRTboikXQ6YpFaeuKRQXt
ikWc7opFNvCKRdDxikVp84pFA/WKRZz2ikU4+IpF0vmKRWv7ikUD/YpFnv6KRTYAi0XQAYtF
aQOLRQMFi0WeBotFOAiLRdAJi0VrC4tFAw2LRZwOi0U4EItF0BGLRWsTi0UFFYtFnBaLRTYY
i0XQGYtFaxuLRQUdi0WcHotFNiCLRdAhi0VpI4tFBSWLRZ4mi0U2KItF0CmLRWsri0UFLYtF
nC6LRTYwi0XQMYtFaTOLRQU1i0WeNotFNjiLRdA5i0VpO4tFAz2LRZw+i0U4QItF0EGLRWlD
i0UDRYtFnEaLRThIi0XQSYtFaUuLRQVNi0WeTotFOFCLRdBRi0VpU4tFA1WLRZxWi0U2WItF
0FmLRWlbi0UDXYtFnF6LRTZgi0XQYYtFa2OLRQNli0WcZotFOGiLRdBpi0Vpa4tFA22LRZxu
i0U4cItF0HGLRWlzi0UDdYtFnHaLRTZ4i0XSeYtFaXuLRQN9i0WefotFNoCLRdCBi0Vpg4tF
A4WLRZ6Gi0U2iItF0omLRWmLi0UDjYtFno6LRTaQi0XQkYtFaZOLRQOVi0WclotFNpiLRdKZ
i0Vrm4tFA52LRZ6ei0U4oItF0KGLRWuji0UDpYtFnKaLRTioi0XQqYtFaauLRQOti0WcrotF
NrCLRdKxi0Vrs4tFE7WLRZy2i0U4uItF0LmLRWu7i0UDvYtFnL6LRTjAi0XSwYtFacOLRQPF
i0WexotFOMiLRdDJi0Vpy4tFA82LRZzOi0U20ItF0NGLRWnTi0UD1YtFnNaLRTjYi0XQ2YtF
aduLRQXdi0Wc3otFNuCLRdDhi0Vr44tFBeWLRZzmi0U26ItF0OmLRWnri0UF7YtFnO6LRTjw
i0XQ8YtFa/OLRQX1i0Wc9otFNviLRdL5i0Vr+4tFA/2LRZz+i0U2AIxF0gGMRW0DjEUDBYxF
nAaMRTYIjEXSCYxFaQuMRQUNjEWcDoxFNhCMRdIRjEVpE4xFAxWMRZwWjEU2GIxF0BmMRWsb
jEUDHYxFnB6MRTggjEXQIYxFaSOMRQMljEWcJoxFNiiMRdIpjEVpK4xFAy2MRZwujEU2MIxF
0jGMRWkzjEUFNYxFnDaMRTg4jEXQOYxFazuMRQM9jEWePoxFNkCMRdJBjEVpQ4xFA0WMRZ5G
jEU4SIxF0EmMRWlLjEUDTYxFnk6MRTZQjEXQUYxFaVOMRSBVjEWcVoxFNliMRdJZjEVpW4xF
BV2MRZ5ejEU2YIxF0mGMRWtjjEUDZYxFnGaMRTZojEXQaYxFaWuMRQVtjEWcboxFNnCMRdJx
jEVrc4xFBXWMRZx2jEU2eIxF0nmMRWt7jEUDfYxFnn6MRTiAjEXSgYxFa4OMRQOFjEWehoxF
NoiMRdCJjEVpi4xFA42MRZyOjEU4kIxF0JGMRWmTjEUDlYxFnpaMRTaYjEXQmYxFa5uMRQOd
jEWcnoxF</AssayXData><AssayYData Points="1500">ACq7QLlpu0ADZrtAGSe7QN1Au0DGXrtAJEO7QGNtu0BMMLtADDW7QGd9u0DJUbtA4z27QPFa
u0B9fLtATWa7QBpwu0BkYLtAY2q7QGZju0AQdLtA2jm7QMdeu0BfWbtApXm7QAZPu0DVb7tA
Q427QKZtu0DZYbtA62u7QF5Fu0AQM7tAzXy7QBddu0CqWLtACoK7QDt0u0DCVrtABGq7QPhz
u0BPXbtAony7QGZ3u0DGj7tARma7QHN8u0D/ertA94C7QJmFu0DpULtAM2+7QE1Tu0Dga7tA
72y7QL10u0CEfrtAA2e7QO9lu0CJcLtAzXm7QBiXu0CMmbtACly7QO9mu0AmabtApVe7QPBb
u0B2c7tARpe7QDo7u0BSiLtAy1+7QKlsu0AfjrtAqYS7QCBLu0D6drtAXna7QAF6u0CVirtA
umG7QM9au0BpbLtAn527QNtdu0AQYLtA2Xa7QP1Gu0AKZbtAOYS7QDZnu0CqfrtA+mK7QOKU
u0AUa7tAy227QAOmu0B+VbtAKEe7QAVhu0AggrtA13a7QJSTu0A4dLtAR2G7QIltu0BCZ7tA
oWy7QGeTu0DIertAnkG7QPJuu0DGhLtA+4C7QBGeu0Cah7tAsKe7QJ+Vu0DGcLtA5Jm7QF+F
u0AIf7tABWa7QABZu0DSkrtALlm7QJBhu0CBdbtAl7q7QF5ku0CbU7tATZO7QBeEu0DNtLtA
LJ27QJBou0DxSbtAXI27QI18u0AiYrtAJqK7QIOau0CkZrtAXpG7QL18u0AelbtAi2C7QNGY
u0CKY7tAy4u7QExlu0D/VLtA3nK7QGF+u0AkfLtA/I+7QJ2vu0AbW7tAJXi7QJGZu0AViLtA
nV67QHJ6u0CslLtAhHW7QM59u0BribtAqTK7QPZ9u0DMeLtA8a27QEdsu0BvjrtAXbK7QB9+
u0Bml7tAB5G7QGNwu0CshbtAOKW7QGBzu0DFkbtAtI27QPV2u0DDubtABp+7QPxtu0AQZLtA
J7G7QBWJu0B2yLtAeay7QOeHu0CInrtA03a7QBuiu0DBjrtAALC7QOeFu0BphLtA9bu7QKWr
u0CvgLtAmJO7QHeou0C5r7tA6pW7QGe0u0BHqLtATYW7QFS1u0Clk7tAPne7QK2cu0BQm7tA
GoW7QIfHu0CdgrtAYpC7QCKwu0CmtbtA6Ja7QMSCu0ClsrtA6Zy7QPaCu0DGsLtA16K7QFp6
u0BhibtAdsW7QJSHu0DtwrtA77S7QOyIu0Atv7tA3Ka7QH+wu0Axq7tAj567QMSYu0DRzLtA
Q6W7QA6qu0AvoLtAoNK7QE6vu0BlrrtAhH67QF+Iu0BKa7tAVI27QDWZu0CNwrtAP6+7QJS2
u0AafrtANaq7QFHNu0B5mrtAuIa7QCTDu0CDsLtA/2S7QKVru0AGubtAfMi7QBKSu0CSt7tA
X4m7QBWpu0CDertAb7O7QPGfu0DrwLtA7Ki7QOyru0DwwbtAfpy7QC6Ju0CUtrtAV9O7QPZ4
u0BiyLtA5cm7QG7Nu0DJhLtAOdC7QPKOu0AUvbtAdaO7QMzKu0AtkrtAxNK7QPO/u0BvjLtA
XdC7QAGnu0DFvLtAb6+7QPHLu0DZpbtAVpu7QFDBu0AvqLtA88G7QMXWu0A85LtA55y7QFPj
u0BsfLtAnV27QLDGu0DfsbtAr7m7QL3Au0DnwLtAHZy7QLrku0CaqbtAaJO7QLuRu0CF0LtA
iY+7QDTTu0BT27tAXLi7QK3Ou0BxtrtAOdq7QJ+1u0BlyLtAK8W7QMmWu0BSxrtAn+W7QEKh
u0CIs7tAZNC7QJOuu0C5r7tApcq7QAuwu0AozrtAB8G7QE/Bu0B7h7tAgre7QEG9u0BljbtA
Jqe7QJHhu0Dht7tAGN27QGj/u0BwrbtAGp67QLvnu0AOkrtAY767QKjyu0C6tbtAm627QFbP
u0Beq7tA2Z67QAHZu0CrC7xATde7QHvxu0BNxbtACeK7QEb4u0C+z7tAk5y7QLW2u0DQ7btA
Z7i7QBCtu0DZzrtA48q7QPquu0B84btAze+7QKuzu0ApsLtA+cS7QIStu0Duy7tAO+e7QBLZ
u0C7qLtAxLi7QIfDu0CepLtArNW7QMu6u0B+rrtAyvC7QGT+u0AwyLtA99m7QLzOu0CAzLtA
kui7QPn5u0B6tLtAW5q7QKD7u0Ai+rtAI+O7QK2fu0D8w7tAQ7y7QNLgu0CQz7tAfLm7QF2v
u0Dj77tAGsO7QCiuu0CdyrtAJb27QLXUu0BS5rtAi9y7QMLDu0CX67tAT8C7QOnMu0BwvbtA
Sbu7QITNu0CyyrtAD9q7QDbYu0B957tA1uC7QNjau0AxxLtAZ9m7QK75u0AM97tAtdm7QKLw
u0B9p7tAUf27QKrWu0D1zbtAL/C7QN3xu0AHwbtAWc67QAjvu0Dny7tAyce7QB/vu0DK37tA
1ce7QOccvECWwbtAJMu7QP3mu0A55LtAjgi8QNj8u0Aw+rtAguq7QAbhu0BkH7xATcK7QD3b
u0D2+rtAfr67QI7eu0Be2LtAisy7QELUu0Dd4LtAcsK7QIXbu0DMAbxApNC7QBS8u0CWFrxA
+Qa8QDjNu0Dl4rtAuQ+8QLetu0D347tAI+i7QA4RvEAu2LtALu27QOX8u0A+6rtAQv67QNvW
u0CxyLtAwOK7QEjlu0A10rtAKN+7QBXyu0Cb3LtA0eC7QPvku0CM27tAtO27QOHfu0Ad3btA
E/27QAMMvEAo/7tAeN67QC0BvEDi1btA1v67QJkSvEDU+7tA3+m7QOsYvEDXEbxAHtK7QOL1
u0ATC7xAg+O7QMXuu0DmELxAoAm8QCLpu0Cn9btAZd27QMzIu0AgJbxAtvm7QHzqu0AJHbxA
OBS8QKXru0CD17tAZPe7QN3bu0DzyLtA3we8QGf/u0Ah9rtAwQq8QNMPvEAuzbtA9Om7QIQI
vEAGtrtAQS+8QM35u0BU8LtAxxC8QC8RvECECLxA0xC8QNnnu0AwBLxAkeC7QAf2u0B73rtA
RBO8QJEtvED4ALxAzQG8QKsivEC/+LtAZ9q7QJL+u0Dz/btAj/G7QNX6u0CEArxAwx+8QHQP
vEDUEbxAkvy7QPHzu0B287tAb/W7QJ3fu0BQGrxAagK8QBPeu0AQDrxAlPO7QIXEu0Dd/LtA
3iW8QCvVu0Dh9rtACja8QCjuu0BIALxA7QS8QJALvEAnCrxAHQy8QNEQvEDy+btAG/a7QJwF
vED8ELxAFRC8QNMVvECp/rtALPi7QMEWvEDDCLxA2P67QPgQvEA2+LtA/e27QGAYvEBNG7xA
Gvy7QDj3u0C4ELxA9/q7QPv1u0BHFLxAheq7QAYhvEDC87tAlAK8QCc9vEC3ELxABgm8QKoG
vECcKrxAzAe8QLj0u0DRM7xAdBK8QGEPvEDLCLxAdTC8QKQBvECwH7xAYSK8QFX/u0BFDLxA
eQK8QNYMvEDf8rtAhSW8QLkCvEC7KbxA6UO8QC8JvECFCLxAUCW8QKMPvEAeC7xAVfy7QHBA
vEB+77tAqwO8QNBCvEDu47tA7Bi8QNYqvEDJIbxAqge8QEE2vEAS97tAcBi8QGESvEDNGrxA
1RC8QPP2u0CiSLxAFgy8QB0EvEDwRLxAvCu8QIggvEANSLxAxwa8QIsavEBZCbxAeza8QO70
u0AsH7xAtRK8QAkbvEB//7tAXwy8QAsVvEDEBbxA6ym8QO7Tu0CyHLxAsAC8QLw2vED2FrxA
AUe8QOkHvEB997tATRy8QOU1vEBMO7xAlhm8QIQfvEBG4btAljq8QBwwvEDWG7xAfwq8QJs6
vEAVFLxAUAO8QFhAvECeF7xAHRu8QOY8vEArF7xAWiS8QHEkvEBhXLxAyBi8QOQZvEDFEbxA
Ugq8QPwRvEDINLxAvRK8QN0gvEA6GLxA9SO8QPcTvEC9Q7xApRG8QHIuvEAaGrxAohK8QEMs
vEDNOLxA5xK8QCLvu0BN9rtA9za8QHIkvEBzH7xAElG8QJkqvEDA+btAKT28QEwdvEDMHLxA
tiy8QKUevEA9BbxABWy8QGYqvEC0CrxASiC8QINPvEA5KrxAoEK8QPpAvEBhALxAkje8QMxh
vEC5TLxA+iO8QF9HvEBNM7xAKya8QE4hvECXK7xAeSC8QJc+vEDUIrxApUW8QE76u0D8MLxA
Hzu8QBAUvEA8QbxA+Tq8QDIivEB1LbxAJTa8QMEtvEC2LLxAOBK8QL/qu0AGRrxA3TC8QN8m
vEC4BbxA0EK8QCcmvECYTbxAbUO8QOocvECtS7xAsVW8QMdAvECYFbxAj0a8QB1XvEDMGbxA
W1m8QGlOvEBMIrxA+Cq8QFs3vEBdO7xAATW8QLFHvEAuI7xAsxO8QFplvEChE7xAdSK8QNdH
vEC5O7xAGBe8QBNvvEA0NbxAsey7QFRPvEDYYbxAyRC8QJ1CvED6UrxAPlG8QLEdvEA8G7xA
k0G8QK0uvEBLPrxAZCW8QLxRvEDDLLxA5jS8QBRRvEBRSbxAhU68QCwbvEBOeLxASTe8QBIU
vEC0PbxAB2G8QFE5vECRGrxAoWC8QPoVvEDKRbxAOlS8QFtdvEAYSbxAgky8QGw6vEDlJ7xA
CTC8QBg6vEBSW7xANje8QM9YvEAYKrxAbC28QBVGvEC6KrxA/R28QClQvEDSWLxAwyq8QLVG
vEB8VLxAIDu8QA99vEAFOrxAnw68QMU8vEDycbxAlhS8QMg4vECZYbxAz0K8QMcWvEBUTrxA
rke8QC00vEBmY7xAUlq8QL9FvECvVbxA6Iq8QPpNvEB4R7xAkW28QAU6vED1WLxAzly8QFAe
vECrRLxAKHi8QIA1vEB2e7xAnmi8QH+DvEBhQLxAaU+8QIVTvEDlLbxAVGG8QFJYvEA1WrxA
jEy8QKRIvEAALbxALE68QLxwvECPLLxA9US8QH2IvEB1ZLxAbyS8QHN4vEAgXrxApUa8QFRe
vEDIS7xAkTS8QG5QvEBJTrxADTu8QBscvECsZ7xAN0i8QGskvEB3Y7xAPnq8QFdGvEDBb7xA
B2C8QBBmvEBQcrxA90+8QBpHvECDdrxAml28QCdTvEB8l7xAH2C8QMAtvEDhVrxAy2G8QNVj
vECeULxAc3i8QKZNvEAZQ7xAmmW8QCBNvEDCNrxAdmW8QHJJvEDWVrxASjC8QCdvvEDpOrxA
gWi8QMZcvEDtRbxAdzW8QAGMvECAhbxAnFC8QDtxvEACgLxAqVq8QE1kvED9YrxAdW68QIdh
vEAxhbxAazu8QOhxvEA4XrxAjVi8QDddvEAxlbxAg2a8QIBuvECzfLxADme8QOJNvEAjXrxA
6E+8QPc1vEDwiLxADnG8QKhUvEDiZbxAg3i8QMpBvEDFZLxAoYu8QNdovEB4VbxATG68QCJz
vED6U7xApl28QMOKvEDQQbxAOnm8QGp2vEDMWrxASk+8QG9uvEDvUrxAtFO8QFODvEApXrxA
62C8QJxtvEA7WrxA9HK8QAqXvECxabxASWq8QMpbvECPZLxA+We8QF9ivEBccLxAUoi8QKNq
vEB8dbxAUGa8QGdpvECQfLxAcoO8QItnvEDYb7xAEYK8QOBZvEBrqbxAPnS8QNJjvEDKirxA
UTm8QOxbvECLiLxAf4O8QPJUvEBTV7xAEou8QKB/vECud7xA4l+8QC5/vEA7crxAn2q8QBJ5
vEA+i7xAbY68QClYvEANWrxA6Ju8QCN6vEAOdbxAtnm8QOyNvEB1Q7xAFGK8QI5mvEAxe7xA
13W8QGGGvEDGkbxAK428QG2WvEBxdbxAOzq8QIiWvEABdbxAX3W8QPt9vEBBjLxAkXu8QPd+
vEAdkbxAXWm8QOB8vEDsYrxAR1u8QGplvEAFnbxAFWO8QPlnvEDEa7xAcMG8QPWIvEAzdLxA
bZy8QER0vEDGg7xAbpO8QM5nvEDBmLxAOrq8QB+3vECpgLxAv4y8QEzAvEC8erxACo28QMFv
vEBfXrxAX3m8QPazvEDHfLxAjo68QNmBvEBklbxAAX68QHeRvEC1aLxA/3q8QNKlvEALbrxA
cny8QKRkvEDjoLxAzVO8QFKjvEBQarxAVqe8QAKIvEAZhbxAi468QEyVvEDcirxAA6e8QHZi
vECLfrxAg3+8QL6KvEClnbxA0Hq8QI5lvEC9z7xANIy8QCmBvEDzg7xA06u8QAKtvEA3orxA
v3G8QFJyvECoc7xAIre8QNyXvEDohLxAtqm8QFacvEBMg7xADqq8QMmmvEAJhrxAlKe8QJKh
vEChhLxAV628QKSRvEB3arxAeZm8QBSAvEAMmbxA9p28QDGKvEAxt7xAOpK8QImzvECdf7xA
QG+8QGWXvEBNw7xAumK8QLOgvEATd7xAElu8QEKfvEAbwrxAuIG8QPidvEBDn7xAjLi8QGVs
vED1qbxAhXq8QIOBvEB5bLxAmKS8QANwvECypLxA97W8QAiHvEB8ibxAYbS8QF2KvEC6p7xA
2Z68QMZlvEA2e7xAIKu8QB+jvEC8i7xArK68QCeovEC0jbxA6rG8QGmjvECMoLxA6Zq8QCHX
vEDlt7xAami8QPOxvEAgf7xA/4W8QOrDvEBPk7xAxcC8QNu9vEDcjrxASIG8QEzNvEDmyrxA
LKG8QNOavEAxrrxAk8C8QNOpvEAQyLxANKa8QBykvEBYkLxAxK28QNicvECIuLxA6au8QH6S
vEAxwLxA4a68QGafvEDOj7xA0qa8QIZ7vEA6v7xAQqu8QO25vEBVhLxAR768QDfMvEBjibxA
9KW8QNCavEAxdrxAC6u8QPOuvECUo7xAXJi8QDHDvEA1qrxA4Ie8QJ+svECFsbxApKm8QF2p
vEAAhbxABqK8QMvCvECbjbxAuZS8QDDTvED1wLxAPa68QJaivED12bxAJ4y8QGrfvEAvs7xA
H5u8QPSdvEBNpbxAYMO8QAvHvECDyrxAj8m8QGiuvEBvl7xAZ8G8QJ2FvECi27xAs++8QLfL
vEClrrxA6Mq8QHawvEBl8LxAeZ+8QPGevEAgwLxAjtS8QDbYvEBk3rxAda28QHibvECmrbxA
/vu8QLe7vEBSrLxALcm8QAC5vECqurxAxdm8QDbPvEDtrrxAv8m8QN/pvEDNubxAcdC8QBjQ
vEBDo7xArLe8QK3TvECdo7xAeba8QL64vEBow7xAsMe8QNXUvEAu4rxAn6u8QBKjvEC3y7xA
+J+8QNHKvEA2yLxALby8QPujvEAp27xAMbC8QAe6vEDmtLxAeba8QPKYvEA25bxALf+8QP61
vEBJ4LxATuW8QOnRvEC1vbxAl+G8QPq7vECnzrxArgu9QEzlvEBDtbxAoq68QMPhvEAln7xA
ZOq8QJ7jvEDbwrxAItC8QBu+vEDlzrxAicy8QJXevEAbybxAZO28QM8XvUAYwbxANMG8QNPu
vEDMoLxAmcC8QFLbvECO1rxA67G8QGDlvEB4vLxACNu8QN61vEAm87xA2cu8QJvevEBYDr1A
2Ly8QHTsvED+1rxA19S8QNSovEA92rxA2dW8QFq3vEA517xAY7K8QGHbvEAIrLxAMfm8QJ66
vEB90rxAVhu9QC7UvEAaurxAz9S8QBfwvECa2LxAT+68QNjrvECx3LxAesu8QKPfvEAPobxA
N+e8QALuvEAvsrxAjOK8QJnmvECP0LxA5uu8QODxvEAzxLxA4bu8QN/ovEDL5LxAd8C8QPf3
vEBF1bxADbq8QJzcvEBH7bxAAri8QHvivEBW8bxA6cW8QBn8vECP1bxAAM+8QC/mvEDGBb1A
UdG8QNbdvED/x7xAxMC8QBWavEB/CL1A8Pa8QDLhvECG8rxAMfS8QOr3vECe1bxAcf28QCbc
vECs3rxAAPW8QG+svEDr0rxA1wK9QIrsvEBL6bxAuuC8QF/zvEBp8bxAKvS8QLgfvUDV67xA
Xde8QIj9vEDg67xAzsa8QMjvvEBg2rxAKrW8QKzxvEBm0rxAV+68QCP/vEDQ4LxAo9q8QFzy
vEAZ7bxA</AssayYData></Step><Step><CommonData><SampleLocation>5</SampleLocation><SampleID>Glycine</SampleID><SampleGroup></SampleGroup><SampleInfo></SampleInfo><SampleRow>B</SampleRow><SamplePlate>1</SamplePlate><WellType>REGENERATION</WellType><Concentration>-1</Concentration><ConcentrationUnits>µg/ml</ConcentrationUnits><MolarConcentration>-1</MolarConcentration><MolarConcUnits>nM</MolarConcUnits><MolecularWeight>0</MolecularWeight><Temperature>30</Temperature><StartTime>5107567</StartTime><AssayTime>5</AssayTime></CommonData><FlowRate>1000</FlowRate><StepType>KREGENERATION</StepType><StepName>Regeneration</StepName><StepStatus>OK</StepStatus><ActualTime>4.9998</ActualTime><CycleTime>0.2</CycleTime><AssayXData Points="25">NaCMRc+hjEVoo4xFBKWMRZ2mjEU1qIxFM6qMRXerjEUErYxFm66MRTWwjEXPsYxFaLOMRQS1
jEWbtoxFNbiMRdG5jEVou4xFBL2MRZu+jEU1wIxF0cGMRWjDjEUCxYxFm8aMRQ==</AssayXData><AssayYData Points="25">MleePwoVlT8MRo8/6cOLP/kZiT/yjoY/vuiAPwcRgD+JBXs/YVp2PzPIbz+bmWs/LGxnP2j8
YT+RKF4/b/VXP0a2VT9XI1Q/ifFQP5VjTT+1Fko/NXtIP8n6Qz/SWUM/AQxDPw==</AssayYData></Step><Step><CommonData><SampleLocation>6</SampleLocation><SampleID>PBS</SampleID><SampleGroup></SampleGroup><SampleInfo></SampleInfo><SampleRow>B</SampleRow><SamplePlate>1</SamplePlate><WellType>NEUTRALIZATION</WellType><Concentration>-1</Concentration><ConcentrationUnits>µg/ml</ConcentrationUnits><MolarConcentration>-1</MolarConcentration><MolarConcUnits>nM</MolarConcUnits><MolecularWeight>0</MolecularWeight><Temperature>30</Temperature><StartTime>5120670</StartTime><AssayTime>5</AssayTime></CommonData><FlowRate>1000</FlowRate><StepType>KREGENERATION</StepType><StepName>Regeneration</StepName><StepStatus>OK</StepStatus><ActualTime>5.00078</ActualTime><CycleTime>0.2</CycleTime><AssayXData Points="25">NciMRc/JjEVoy4xFAs2MRZvOjEU30IxF0dGMRWjTjEUC1YxFm9aMRTXYjEXR2YxFatuMRQTd
jEWb3oxFN+CMRdHhjEVq44xFBOWMRZvmjEU16IxF0emMRWjrjEUC7YxFne6MRQ==</AssayXData><AssayYData Points="25">dISKQAQei0CSo4tAPA2MQAdDjECSrIxAS86MQKMSjUCOY41AWHiNQA6fjUA8t41AZMCNQFYB
jkD4M45A7y6OQDBAjkB0ao5AFl6OQK+QjkBApY5AesGOQN6tjkBE3I5AodmOQA==</AssayYData></Step><Step><CommonData><SampleLocation>5</SampleLocation><SampleID>Glycine</SampleID><SampleGroup></SampleGroup><SampleInfo></SampleInfo><SampleRow>B</SampleRow><SamplePlate>1</SamplePlate><WellType>REGENERATION</WellType><Concentration>-1</Concentration><ConcentrationUnits>µg/ml</ConcentrationUnits><MolarConcentration>-1</MolarConcentration><MolarConcUnits>nM</MolarConcUnits><MolecularWeight>0</MolecularWeight><Temperature>30</Temperature><StartTime>5133758</StartTime><AssayTime>5</AssayTime></CommonData><FlowRate>1000</FlowRate><StepType>KREGENERATION</StepType><StepName>Regeneration</StepName><StepStatus>OK</StepStatus><ActualTime>4.9998</ActualTime><CycleTime>0.2</CycleTime><AssayXData Points="25">OPCMRdLxjEVp84xFBfWMRZ72jEU2+IxF0PmMRWn7jEUD/YxFnP6MRTYAjUXQAY1FaQONRQMF
jUWcBo1FOAiNRdAJjUVpC41FAw2NRZ4OjUU4EI1F0BGNRWkTjUUFFY1FnhaNRQ==</AssayXData><AssayYData Points="25">Jdh3P9IUZz9OsF4/3RJVP/3qTz+RmEw/HeVHPxc7RT8070I/MUw/P5NpPD+D+To/PIc5P57D
Nj8MLjY/UK80Pz09MT/qrDA/lI4tP2hJLT92HCw/+LkqP7n3KT+2dyg/sI4oPw==</AssayYData></Step><Step><CommonData><SampleLocation>6</SampleLocation><SampleID>PBS</SampleID><SampleGroup></SampleGroup><SampleInfo></SampleInfo><SampleRow>B</SampleRow><SamplePlate>1</SamplePlate><WellType>NEUTRALIZATION</WellType><Concentration>-1</Concentration><ConcentrationUnits>µg/ml</ConcentrationUnits><MolarConcentration>-1</MolarConcentration><MolarConcUnits>nM</MolarConcUnits><MolecularWeight>0</MolecularWeight><Temperature>30</Temperature><StartTime>5146839</StartTime><AssayTime>5</AssayTime></CommonData><FlowRate>1000</FlowRate><StepType>KREGENERATION</StepType><StepName>Regeneration</StepName><StepStatus>OK</StepStatus><ActualTime>5.00078</ActualTime><CycleTime>0.2</CycleTime><AssayXData Points="25">OBiNRdIZjUVtG41FBR2NRaAejUU4II1F0iGNRW0jjUUFJY1FniaNRTgojUXUKY1FayuNRQUt
jUWeLo1FOjCNRdIxjUVtM41FBTWNRaA2jUU6OI1F0jmNRW07jUUFPY1FoD6NRQ==</AssayXData><AssayYData Points="25">esSJQDFhikDfuIpAfyGLQCl/i0Buw4tAb/uLQN5IjED6f4xAUbOMQBXgjECVB41AZECNQMVa
jUDmUI1AwX6NQDSkjUAiiY1AVOSNQEvMjUCc4I1AbPGNQBMmjkCTH45AuDmOQA==</AssayYData></Step><Step><CommonData><SampleLocation>5</SampleLocation><SampleID>Glycine</SampleID><SampleGroup></SampleGroup><SampleInfo></SampleInfo><SampleRow>B</SampleRow><SamplePlate>1</SamplePlate><WellType>REGENERATION</WellType><Concentration>-1</Concentration><ConcentrationUnits>µg/ml</ConcentrationUnits><MolarConcentration>-1</MolarConcentration><MolarConcUnits>nM</MolarConcUnits><MolecularWeight>0</MolecularWeight><Temperature>30</Temperature><StartTime>5159940</StartTime><AssayTime>5</AssayTime></CommonData><FlowRate>1000</FlowRate><StepType>KREGENERATION</StepType><StepName>Regeneration</StepName><StepStatus>OK</StepStatus><ActualTime>4.9998</ActualTime><CycleTime>0.2</CycleTime><AssayXData Points="25">OkCNRdRBjUVvQ41FB0WNRaBGjUU6SI1F1EmNRW9LjUUJTY1FoE6NRTpQjUXUUY1FbVONRQdV
jUWgVo1FOliNRdRZjUVtW41FCV2NRaBejUU6YI1F1mGNRW1jjUUJZY1FoGaNRQ==</AssayXData><AssayYData Points="25">eZpsPz3pXD+TtFQ/a2NOPw/gST+ZckU//xJCP+h1Pz9cAT4/LQo8P+doOT/wLjc/nJY2PyyV
Mz/uYjI/m/swPw1sMD+xmy4/OdstPwsIKz82SSo/EH0rP9OzKj/PpSg/9T4pPw==</AssayYData></Step><Step><CommonData><SampleLocation>6</SampleLocation><SampleID>PBS</SampleID><SampleGroup></SampleGroup><SampleInfo></SampleInfo><SampleRow>B</SampleRow><SamplePlate>1</SamplePlate><WellType>NEUTRALIZATION</WellType><Concentration>-1</Concentration><ConcentrationUnits>µg/ml</ConcentrationUnits><MolarConcentration>-1</MolarConcentration><MolarConcUnits>nM</MolarConcUnits><MolecularWeight>0</MolecularWeight><Temperature>30</Temperature><StartTime>5173511</StartTime><AssayTime>5</AssayTime></CommonData><FlowRate>1000</FlowRate><StepType>KREGENERATION</StepType><StepName>Regeneration</StepName><StepStatus>OK</StepStatus><ActualTime>5.00078</ActualTime><CycleTime>0.2</CycleTime><AssayXData Points="25">OmiNRdRpjUVva41FB22NRaJujUU6cI1F1HGNRW1zjUUJdY1FoHaNRTp4jUXUeY1FcXuNRQd9
jUWifo1FPICNRdSBjUVtg41FB4WNRaCGjUU8iI1F1ImNRW2LjUUJjY1Foo6NRQ==</AssayXData><AssayYData Points="25">eHeKQHsqi0BjmotAiPmLQJpUjEAHrIxAYteMQMMQjUA5UI1AfIaNQDWyjUAWr41AIfONQGgc
jkBGEY5AkS6OQJw4jkAbbI5Aw5GOQBuOjkDclY5AQMeOQF34jkDL3Y5AheaOQA==</AssayYData></Step><Step><CommonData><SampleLocation>1</SampleLocation><SampleID>Octet Buffer</SampleID><SampleGroup></SampleGroup><SampleInfo></SampleInfo><SampleRow>A</SampleRow><SamplePlate>1</SamplePlate><WellType>BUFFER</WellType><Concentration>-1</Concentration><ConcentrationUnits>µg/ml</ConcentrationUnits><MolarConcentration>-1</MolarConcentration><MolarConcUnits>nM</MolarConcUnits><MolecularWeight>0</MolecularWeight><Temperature>30</Temperature><StartTime>5187916</StartTime><AssayTime>20</AssayTime></CommonData><FlowRate>1000</FlowRate><StepType>CUSTOM</StepType><StepName>Sensor Check</StepName><StepStatus>OK</StepStatus><ActualTime>19.9998</ActualTime><CycleTime>0.2</CycleTime><AssayXData Points="100">PJCNRdaRjUVvk41FCZWNRaSWjUU8mI1F1pmNRW+bjUUJnY1Fop6NRTygjUXWoY1FcaONRQul
jUWipo1FPKiNRdapjUVvq41FC62NRaKujUU8sI1F1rGNRXGzjUUJtY1ForaNRTy4jUXWuY1F
b7uNRQm9jUWkvo1FPMCNRdbBjUVxw41FCcWNRaLGjUU8yI1F2MmNRW/LjUULzY1FpM6NRT7Q
jUXY0Y1Fb9ONRQnVjUWi1o1FPNiNRdbZjUVx241FCd2NRaTejUU84I1F2OGNRW/jjUUJ5Y1F
ouaNRTzojUXW6Y1Fb+uNRQntjUWk7o1FQPCNRdbxjUVv841FCfWNRaL2jUU8+I1F1vmNRW/7
jUUJ/Y1Fov6NRTwAjkXWAY5FbwOORQsFjkWiBo5FPgiORdYJjkVvC45FCQ2ORaIOjkU8EI5F
1hGORW8TjkUJFY5FohaORTwYjkXWGY5FbxuORQsdjkWiHo5FPiCORdYhjkVvI45FCSWORaQm
jkU8KI5F1imORXErjkUJLY5Foi6ORQ==</AssayXData><AssayYData Points="100">7iiJQNdNh0DgEYZAUUOFQG3xhEBkNIRACC6EQJVShECk94NAUzuEQMpPhEB5O4RANmeEQC1D
hEC0dIRAtHKEQHyuhEDYq4RA/aOEQFPNhEDkzoRADN2EQAXbhEA4IIVAQRWFQC4XhUA6QYVA
Xx+FQHpihUD2boVAxZGFQFQ6hUCIdIVAwHCFQGB3hUCosIVA7pmFQB1yhUC8voVAgcOFQAy0
hUC/zIVAdt2FQLe5hUDqr4VAmeuFQAr/hUA124VAZguGQI4JhkC97IVAFfOFQK1ChkCC7IVA
Wh+GQLlVhkBxVoZAOUGGQCpchkCkUoZAU0uGQP53hkCSeYZAKoKGQHpYhkD+dIZA4UqGQH1v
hkDfhYZAnoCGQM6qhkDpaIZAlXOGQKaMhkDvo4ZAOKyGQOGRhkCwrYZAGoyGQH+ihkA2wYZA
EseGQBaqhkA70YZATNqGQHvGhkDV+YZAGveGQFK9hkCsD4dAQv+GQPbzhkA+zoZA4AWHQEvg
hkCB9IZARwKHQPMFh0B29IZAYiOHQA==</AssayYData></Step><Step><CommonData><SampleLocation>17</SampleLocation><SampleID>SI-157X61_P5535</SampleID><SampleGroup></SampleGroup><SampleInfo></SampleInfo><SampleRow>A</SampleRow><SamplePlate>1</SamplePlate><WellType>KLOAD</WellType><Concentration>5</Concentration><ConcentrationUnits>µg/ml</ConcentrationUnits><MolarConcentration>5000</MolarConcentration><MolarConcUnits>nM</MolarConcUnits><MolecularWeight>0</MolecularWeight><Temperature>30</Temperature><StartTime>5219043</StartTime><AssayTime>120</AssayTime></CommonData><FlowRate>1000</FlowRate><StepType>LOADING</StepType><StepName>Loading</StepName><StepStatus>OK</StepStatus><ActualTime>120</ActualTime><CycleTime>0.2</CycleTime><AssayXData Points="600">PDCORdYxjkVxM45FCTWORaQ2jkU+OI5F1jmORXE7jkULPY5FpD6ORTxAjkXWQY5Fb0OORQtF
jkWiRo5FPkiORdZJjkVxS45FCU2ORaJOjkU+UI5F2FGORW9TjkUJVY5FpFaORT5YjkXYWY5F
b1uORQldjkWiXo5FPmCORdZhjkVvY45FC2WORaRmjkU8aI5F1mmORW9rjkUJbY5Fom6ORT5w
jkXWcY5Fb3OORQl1jkWido5FPHiORdZ5jkVve45FCX2ORdR+jkU+gI5F1oGORW+DjkULhY5F
pIaORTyIjkXWiY5FcYuORQmNjkWijo5FPpCORdaRjkVvk45FC5WORaKWjkU+mI5F1pmORW+b
jkUJnY5FpJ6ORTygjkXWoY5Fb6OORQmljkWipo5FPKiORdapjkVxq45FCa2ORaSujkU8sI5F
2LGORW+zjkUJtY5ForaORT64jkXYuY5FcbuORQm9jkWkvo5FPsCORdbBjkVxw45FCcWORaLG
jkU8yI5F1smORXHLjkUJzY5Fos6ORT7QjkXW0Y5Fb9OORQnVjkWk1o5FPNiORdbZjkVx245F
C92ORaTejkU84I5F1uGORXHjjkUJ5Y5FpOaORTzojkXW6Y5Fb+uORQntjkWi7o5FPvCORdbx
jkVv845FC/WORaT2jkU8+I5F1vmORW/7jkUL/Y5FpP6ORTwAj0XWAY9FbwOPRQsFj0WkBo9F
PAiPRdYJj0VvC49FCw2PRaIOj0U+EI9F1hGPRW8Tj0UJFY9FohaPRTwYj0XWGY9FbxuPRQkd
j0W/Ho9FPCCPRdYhj0VvI49FCSWPRaQmj0U8KI9F2CmPRW8rj0ULLY9Foi6PRT4wj0XYMY9F
cTOPRQk1j0WkNo9FPjiPRdY5j0VxO49FCT2PRaI+j0U8QI9F1kGPRW9Dj0UJRY9FokaPRTxI
j0XWSY9FcUuPRQlNj0WkTo9FPlCPRdZRj0VxU49FCVWPRaRWj0U8WI9F1lmPRW9bj0ULXY9F
pF6PRTxgj0XWYY9Fb2OPRQllj0WiZo9FPGiPRdZpj0Vva49FCW2PRaRuj0VAcI9F1nGPRXFz
j0ULdY9FpHaPRT54j0XYeY9FcXuPRQl9j0Wifo9FPICPRdiBj0Vvg49FCYWPRaKGj0U+iI9F
1omPRW+Lj0ULjY9Foo6PRTyQj0XWkY9FcZOPRQmVj0Wilo9FPJiPRdiZj0Vxm49FC52PRaKe
j0U8oI9F1qGPRW+jj0UJpY9FoqaPRTyoj0XYqY9Fb6uPRQutj0Wiro9FPrCPRdixj0Vxs49F
C7WPRaK2j0U+uI9F1rmPRW+7j0ULvY9Fy76PRTzAj0XYwY9Fb8OPRQvFj0Wkxo9FPMiPRdjJ
j0Vvy49FCc2PRaTOj0U80I9F2NGPRW/Tj0UJ1Y9FpNaPRTzYj0XW2Y9Fb9uPRQndj0Wk3o9F
POCPRdbhj0Vx449FCeWPRaLmj0U+6I9F2OmPRW/rj0UJ7Y9FpO6PRTzwj0XW8Y9FcfOPRQn1
j0Wi9o9FPPiPRdj5j0Vv+49FCf2PRaL+j0U8AJBF2AGQRXEDkEUJBZBFogaQRTwIkEXWCZBF
cQuQRQkNkEWiDpBFPhCQRdYRkEVvE5BFCxWQRaIWkEU8GJBF1hmQRXEbkEULHZBFpB6QRTwg
kEXWIZBFcSOQRQslkEWiJpBFPCiQRdYpkEVvK5BFCy2QRaIukEU8MJBF1jGQRXEzkEUJNZBF
ojaQRTw4kEXWOZBFbzuQRQs9kEWiPpBFPECQRdhBkEVvQ5BFCUWQRaRGkEU8SJBF1kmQRXFL
kEULTZBFok6QRT5QkEXWUZBFb1OQRQtVkEWiVpBFPliQRdhZkEVxW5BFC12QRfhekEU8YJBF
1mGQRXFjkEULZZBFpGaQRTxokEXWaZBFcWuQRQltkEWibpBFPnCQRdhxkEVvc5BFCXWQRaJ2
kEU8eJBF1nmQRXF7kEUJfZBFon6QRT6AkEXWgZBFb4OQRQuFkEWihpBFPIiQRdaJkEVvi5BF
CY2QRaSOkEU8kJBF1pGQRW+TkEUJlZBFpJaQRTyYkEXYmZBFb5uQRQmdkEWinpBFPKCQRdih
kEVvo5BFC6WQRaKmkEU+qJBF1qmQRW+rkEULrZBFoq6QRT6wkEXWsZBFb7OQRQm1kEWktpBF
PLiQRda5kEVvu5BFC72QRaK+kEU8wJBF2MGQRXHDkEUJxZBFpMaQRTzIkEXYyZBFb8uQRQnN
kEWizpBFPNCQRdjRkEVv05BFC9WQRaLWkEU+2JBF2NmQRXHbkEUL3ZBFot6QRTzgkEXY4ZBF
b+OQRQvlkEWi5pBFPuiQRdjpkEVx65BFC+2QRaLukEU88JBF1vGQRXPzkEUJ9ZBFpPaQRTz4
kEXW+ZBFb/uQRQn9kEXi/pBFPACRRdYBkUVvA5FFCQWRRaQGkUU8CJFF2AmRRW8LkUULDZFF
og6RRTwQkUXWEZFFbxORRQkVkUWkFpFFPBiRRdYZkUVvG5FFCx2RRaIekUU+IJFF2CGRRXEj
kUUJJZFFoiaRRTwokUXYKZFFbyuRRQktkUWiLpFFPjCRRdYxkUVvM5FFCzWRRaI2kUU+OJFF
1jmRRW87kUUJPZFFpD6RRTxAkUXWQZFFb0ORRQtFkUWkRpFFPEiRRdZJkUVxS5FFCU2RRaJO
kUU+UJFF2FGRRXFTkUULVZFFpFaRRTxYkUXWWZFFb1uRRQldkUWiXpFFPGCRRdhhkUVvY5FF
CWWRRaJmkUU8aJFF1mmRRXFrkUUJbZFFpG6RRT5wkUXWcZFFcXORRQl1kUWidpFFPHiRRdZ5
kUVxe5FFCX2RRaR+kUU8gJFF2IGRRXGDkUUJhZFFpIaRRTyIkUXWiZFFb4uRRQmNkUWkjpFF
PJCRRdiRkUVvk5FFC5WRRaSWkUU+mJFF2JmRRW+bkUUJnZFFzZ6RRZigkUXcoZFFcaORRQml
kUWkppFFPKiRRdapkUVvq5FFCa2RRaKukUU8sJFF2LGRRXGzkUUJtZFForaRRTy4kUXWuZFF
b7uRRQu9kUWivpFFPMCRRdjBkUVvw5FFCcWRRaLGkUU8yJFF2MmRRW/LkUUJzZFFos6RRTzQ
kUXW0ZFFb9ORRQvVkUWk1pFFPtiRRdbZkUVx25FFCd2RRaTekUU84JFF2OGRRXHjkUUJ5ZFF
ouaRRT7okUXW6ZFFceuRRQntkUWi7pFF</AssayXData><AssayYData Points="600">EBOGQO1+hkDMp4ZAs6uGQAn4hkDQQYdAuPeGQDtJh0A2bYdAOX2HQHV8h0BGkIdAYKqHQAyD
h0DwwYdAts+HQPrMh0BY3IdAMf6HQBPth0CZHIhAliyIQJVLiEC+cYhAR3OIQEBDiEA1oIhA
n42IQBWYiEDwmohAItSIQBq5iEAk14hA/xiJQJ0ciUDR64hA7AuJQJQniUA2+ohAQ1OJQHVY
iUACY4lAsE+JQESViUDKm4lAFICJQNqciUBspIlAXoKJQDDPiUBn4olASNaJQAsbikAL4IlA
EvSJQHxBikC4RIpAmzCKQFMlikC7VIpARlqKQFNwikD4eIpAO4GKQDKQikDCtYpAqZ+KQIi1
ikDK6YpAltWKQBTWikCTAItAHv6KQEsXi0AB8YpAeVqLQEY1i0DHJ4tAEkWLQEA4i0Aec4tA
OpCLQAN3i0CAWYtAa9KLQHjIi0AEqotAAN2LQM7Fi0AY3otACPSLQHjfi0B0yotA8PqLQG89
jEC+G4xA5x6MQN0ZjEDsHYxAa06MQG2BjEBslIxARm6MQOy0jEDrnYxAQomMQFPLjEBbwoxA
RKWMQCbIjEAf94xA6eKMQMMDjUAEIo1A6OqMQMEdjUDOJo1AwiqNQFsCjUDcbo1AwmaNQKQ+
jUCqf41AjWiNQINhjUDLf41A1qKNQI+xjUCjo41A/NWNQDamjUA6z41AMu+NQN7MjUCD441A
0PKNQD8bjkBP+o1AIS+OQI43jkDKCY5A7zOOQKhojkBUN45AkGKOQFN5jkAIfY5AFYGOQA+Y
jkBNlI5A9ZaOQIbgjkASz45AOamOQJXKjkDJ0o5AVt6OQA3fjkCyLI9AStSOQHTujkAHFI9A
/zGPQCtDj0DkO49A2U+PQCtHj0D1a49A/kiPQJhdj0BpTI9AvXmPQByPj0Bdp49AsJiPQGW0
j0CL1I9A8/SPQAatj0Dz749Ake6PQEjRj0BM7o9AyQ+QQJsBkEDXO5BAoRuQQJczkEBlRZBA
iUCQQKZbkECWZJBAfFuQQK97kEAoVZBAaJGQQLelkEDqnJBALaKQQFykkEA3qpBA05SQQIjL
kECZrZBA1a2QQD3gkECSzZBA/w2RQNnjkEDFLZFAHgORQAT8kEByMZFA2P+QQBU9kUBsPZFA
zCKRQJU4kUCSeZFAh1WRQL2XkUB3ZJFAAXeRQNxskUDui5FAJ4WRQCyekUAqv5FA876RQM3B
kUBm85FAINORQIShkUCyz5FA3faRQCPpkUAh4ZFAJAuSQGk2kkARCZJAmDOSQJBIkkD3KpJA
QDuSQFdIkkCeNJJA7lSSQMWbkkAidpJAh5ySQGqOkkAkdpJAFGOSQEeBkkCkoJJA06uSQLLA
kkDNopJAxYuSQMjEkkAF9pJA066SQCbLkkCL+pJATtqSQOrTkkB6GpNAxOKSQDjtkkCfJZNA
+OuSQBQTk0CGPpNAPxKTQLo1k0CFU5NAQ1OTQJJIk0CqWJNA9Z+TQGZIk0AhfJNAuYCTQHiP
k0CkpJNAspCTQMCGk0BuUpNAi8+TQCDEk0DLlJNAoeKTQOu+k0DSxpNAceKTQHLkk0CS7JNA
nvuTQKcTlEDN45NAKRCUQGIVlEB7MpRAqyiUQCYslEB6KpRA8iOUQAwrlEBTSpRA9UiUQHU/
lECaZZRAI02UQGN3lEAQcJRA03CUQDdjlEDKh5RA1XWUQCGMlECsqpRAjGuUQKG8lEANo5RA
JcuUQLarlECi5ZRAT8yUQEOulEAG95RA/vuUQBLtlEA/4JRArf6UQOjnlEC39ZRACgyVQJ4Q
lUC0GJVAmU2VQOIjlUAeD5VAp0mVQPpZlUCpC5VAq0+VQH5dlUCENJVABISVQPYalUDdXJVA
J16VQMBolUA3YJVAf2iVQHSilUA8fJVAz4eVQJ/ClUDWe5VAv4aVQK2slUCDxJVAvY+VQJaf
lUAZxZVAwreVQFS+lUAv4JVA/MuVQMrClUBxAJZAOhKWQGLllUDUE5ZAmAqWQLn1lUCnFpZA
ghqWQLoIlkBwNpZAKyuWQN/6lUCIO5ZAOkOWQBxLlkC3O5ZAMGeWQIdwlkBBTJZA1l6WQJOA
lkAtdZZA9muWQEJWlkA8eJZAGWmWQIeZlkAhfJZAHrKWQJCUlkAkdZZAoJeWQEPalkCgi5ZA
1qCWQFzOlkAKwZZA0tKWQBXClkBg7pZAZ7+WQI7alkB28JZAt9OWQE77lkB8KpdAwfaWQDAC
l0D0GJdA2T6XQJ0Vl0AvMZdA/xKXQC4El0BWP5dATySXQBEgl0DeNpdAYl+XQCxfl0A2R5dA
bVqXQPRpl0DzY5dAKIGXQDhVl0CfcZdA0nyXQCd9l0AGa5dADX+XQDN1l0B6apdA/aWXQA2X
l0Bea5dAwM6XQE+6l0AJzJdAXsyXQMfHl0CPrZdAtKuXQFIFmED/kpdAQ92XQNrpl0D36pdA
BuKXQDfll0Dd7pdABOuXQFUCmEDu/ZdAveOXQAsamEDtOphAXg2YQKfil0C7M5hAiiqYQNcg
mEBucZhAazGYQEUimEDwX5hAHVCYQPIOmEC6SphArTaYQHxomEBAIJhAhlOYQFVImEATaZhA
WoaYQKZjmECCZJhALHmYQNd+mEAGWphAe6eYQHd4mEDbhphAdYyYQOB1mECenphAYpaYQDHY
mEDne5hATKGYQA+VmEBQp5hAgaiYQJLTmEDU0phAf9aYQHngmED605hAj+WYQOjamEDj3phA
ItSYQN4LmUB89JhAOuGYQOkQmUDnHZlAcfOYQMoCmUCeQJlAGxKZQE4rmUA0CJlAwCWZQJwa
mUBWPJlAfiyZQLYRmUDXWplAdiiZQAUqmUA2KZlAkkqZQI5CmUD3OZlAdnOZQH87mUBXTJlA
xlyZQEkxmUCIXplAIWOZQGZ8mUBldJlAGJyZQDOBmUA6YJlAi5OZQEeGmUAzPZlAQZiZQG+R
mUCLgJlA4oWZQLWzmUBafplARoKZQD/KmUBpqJlARdGZQPyumUB3p5lAdceZQKvGmUAWvZlA
c9GZQEfMmUDi95lAkduZQKfLmUC515lAUt+ZQJTumUCpDppAh8eZQOvZmUCK/JlAY+6ZQK30
mUBqGJpAiieaQDYCmkB2KZpA0x6aQKExmkB7MppADyGaQNc1mkBRR5pA/y+aQGwHmkDUF5pA
3yyaQGhTmkBcOZpAGWeaQB9CmkBgJ5pA</AssayYData></Step><Step><CommonData><SampleLocation>1</SampleLocation><SampleID>Octet Buffer</SampleID><SampleGroup></SampleGroup><SampleInfo></SampleInfo><SampleRow>A</SampleRow><SamplePlate>1</SamplePlate><WellType>BUFFER</WellType><Concentration>-1</Concentration><ConcentrationUnits>µg/ml</ConcentrationUnits><MolarConcentration>-1</MolarConcentration><MolarConcUnits>nM</MolarConcUnits><MolecularWeight>0</MolecularWeight><Temperature>30</Temperature><StartTime>5350133</StartTime><AssayTime>100</AssayTime></CommonData><FlowRate>1000</FlowRate><StepType>BASELINE</StepType><StepName>Baseline</StepName><StepStatus>OK</StepStatus><ActualTime>99.9998</ActualTime><CycleTime>0.2</CycleTime><AssayXData Points="500">PPCRRdjxkUVv85FFCfWRRaL2kUU8+JFF1vmRRW/7kUUL/ZFFpP6RRTwAkkXWAZJFbwOSRQsF
kkWkBpJFPAiSRdYJkkVxC5JFCw2SRaIOkkU8EJJF1hGSRW8TkkUJFZJFohaSRT4YkkXWGZJF
bxuSRQsdkkWiHpJFPCCSRdghkkVvI5JFCSWSRaImkkU8KJJF1imSRXErkkUJLZJFoi6SRT4w
kkXYMZJFbzOSRQk1kkWiNpJFPDiSRdg5kkVxO5JFCT2SRaI+kkU8QJJF1kGSRXFDkkULRZJF
okaSRT5IkkXWSZJFb0uSRQlNkkWiTpJFPlCSRdhRkkVvU5JFCVWSRaRWkkU8WJJF1lmSRXFb
kkUJXZJFol6SRTxgkkXYYZJFcWOSRQtlkkWiZpJFPmiSRdZpkkVva5JFCW2SRaJukkU+cJJF
1nGSRW9zkkULdZJFonaSRT54kkXWeZJFb3uSRQl9kkWifpJFPICSRdaBkkVvg5JFC4WSRaSG
kkU8iJJF2ImSRW+LkkUJjZJFpI6SRT6QkkXYkZJFb5OSRQmVkkWilpJFPJiSRdaZkkVvm5JF
C52SRaKekkU+oJJF2KGSRW+jkkUJpZJFpKaSRT6okkXYqZJFb6uSRQmtkkWkrpJFPLCSRdax
kkVvs5JFCbWSRaS2kkU+uJJF1rmSRXG7kkUJvZJFor6SRTzAkkXWwZJFccOSRQnFkkWkxpJF
PsiSRdbJkkVvy5JFCc2SRaTOkkU+0JJF1tGSRW/TkkUL1ZJFotaSRT7YkkXW2ZJFb9uSRQnd
kkWi3pJFPOCSRdbhkkVv45JFC+WSRaTmkkU86JJF1umSRXHrkkUJ7ZJFou6SRTzwkkXW8ZJF
b/OSRQv1kkWi9pJFPPiSRdb5kkVx+5JFC/2SRaL+kkU+AJNF1gGTRW8Dk0ULBZNFogaTRTwI
k0XYCZNFcQuTRQkNk0WkDpNFPhCTRdYRk0VvE5NFCxWTRaIWk0U8GJNF1hmTRW8bk0ULHZNF
oh6TRTwgk0XWIZNFcSOTRQklk0WkJpNFPiiTRdYpk0VvK5NFCS2TRaIuk0U8MJNF2DGTRW8z
k0UJNZNFojaTRT44k0XWOZNFcTuTRQs9k0WkPpNFPkCTRdZBk0VxQ5NFCUWTRaJGk0U8SJNF
1kmTRXFLk0UJTZNFok6TRT5Qk0XYUZNFcVOTRQlVk0WiVpNFPliTRdhZk0VvW5NFCV2TRaJe
k0U+YJNF1mGTRW9jk0UJZZNFomaTRT5ok0XWaZNFb2uTRQltk0WkbpNFPnCTRdZxk0Vvc5NF
CXWTRaR2k0U8eJNF1nmTRW97k0ULfZNFon6TRT6Ak0XWgZNFcYOTRQuFk0WkhpNFPoiTRdiJ
k0Vvi5NFC42TRaKOk0U+kJNF2JGTRXGTk0ULlZNFopaTRT6Yk0XWmZNFb5uTRQmdk0WinpNF
PqCTRdihk0Vvo5NFCaWTRaKmk0U8qJNF1qmTRW+rk0UJrZNFoq6TRTywk0XYsZNFb7OTRQu1
k0WitpNFPLiTRda5k0Vvu5NFCb2TRaK+k0U+wJNF1sGTRXHDk0UJxZNFosaTRT7Ik0XWyZNF
ccuTRQnNk0WkzpNFPtCTRdbRk0Vv05NFC9WTRaLWk0U+2JNF2NmTRW/bk0UJ3ZNFot6TRUDg
k0XW4ZNFb+OTRQnlk0Wk5pNFPuiTRdjpk0Vv65NFC+2TRaLuk0U+8JNF1vGTRXHzk0UJ9ZNF
pPaTRTz4k0XW+ZNFcfuTRQn9k0Wi/pNFPACURdYBlEVvA5RFCQWURaQGlEU8CJRF1gmURW8L
lEUJDZRFpA6URTwQlEXWEZRFbxOURQkVlEWkFpRFPBiURdYZlEVvG5RFCR2URaQelEU8IJRF
1iGURW8jlEUJJZRFoiaURTwolEXWKZRFcSuURQktlEWkLpRFPjCURdYxlEVvM5RFCzWURaI2
lEU+OJRF2DmURXE7lEULPZRFoj6URT5AlEXYQZRFcUOURQlFlEWkRpRFPkiURdhJlEVvS5RF
C02URaJOlEU8UJRF2FGURW9TlEUJVZRFpFaURTxYlEXWWZRFb1uURQtdlEWiXpRFPmCURdhh
lEVvY5RFC2WURaJmlEU+aJRF1mmURXFrlEUJbZRFom6URT5wlEXYcZRFb3OURQt1lEWidpRF
PniURdZ5lEVve5RFCX2URaR+lEU8gJRF1oGURXGDlEUJhZRFooaURT6IlEXYiZRFb4uURQmN
lEWijpRFPJCURdaRlEVxk5RFCZWURaSWlEU+mJRF1pmURXGblEUJnZRFop6URTyglEXWoZRF
caOURQmllEWkppRFPKiURdaplEVxq5RFCa2URaKulEU+sJRF2LGURW+zlEULtZRFpLaURTy4
lEXWuZRFcbuURQm9lEWivpRFPMCURdbBlEVvw5RFC8WURaLGlEU+yJRF2MmURW/LlEUJzZRF
os6URT7QlEXW0ZRFcdOURQvVlEWi1pRFPNiURdbZlEVx25RFCd2URaTelEU84JRF2OGURW/j
lEUJ5ZRFpOaURTzolEXY6ZRFceuURQntlEWk7pRFPPCURdjxlEVv85RFCfWURaL2lEU8+JRF
1vmURXH7lEUJ/ZRFov6URTwAlUXWAZVFbwOVRQkFlUWkBpVFPgiVRdgJlUVxC5VFCQ2VRaIO
lUU=</AssayXData><AssayYData Points="500">YSqaQLifmkBfsZpABs6aQOHMmkAs1ZpAYwqbQJgYm0AS+ZpALNeaQJYVm0AHB5tAeg2bQHgT
m0CeO5tA1xGbQPr6mkCQRZtAYB+bQNoTm0DSMJtAeSObQHAYm0CnTZtACBWbQNQXm0AFUptA
oyqbQKAhm0AMQ5tAYHybQIkim0CVTJtAKk+bQE04m0COOptAAFubQIpLm0DqIZtAfVebQBNk
m0BOGptAa2ybQFZem0AuC5tAFVmbQCNdm0BZUZtADj6bQHRkm0BfO5tAyz+bQAlZm0DETZtA
7kObQFFUm0AYVptAgi+bQOxOm0BOeJtAbkibQMphm0DmQZtAhTqbQA9jm0DHXJtAPVGbQANf
m0BfeZtAzF+bQGJCm0CQcJtA4D6bQCJVm0ACXZtA4WqbQEdKm0AZS5tAh22bQD9Vm0CfQ5tA
oICbQPZVm0AsbptARoybQEBHm0CTX5tAHYmbQN1zm0D2TptAYVibQB5Sm0D1TptASXSbQG5v
m0Aje5tApGSbQNyLm0ADSptA1VabQBWam0DSlZtAAGWbQJR/m0B/TptABoybQHBim0AocZtA
PIabQN1hm0CKhZtAUXKbQHOVm0DjXptA202bQFpkm0DNn5tA2mWbQDeGm0CmdZtAiaubQGBg
m0DvoptA5VebQCpxm0AdpptA53ebQFpgm0AgbZtAn4ybQJdzm0AbeptAm4GbQD+Jm0CUm5tA
AYSbQLSCm0BIX5tAtpibQLVlm0Ayc5tA7XebQIJ3m0D/f5tA1qabQIN/m0AxiptAcpKbQAW/
m0DopptA1oubQAOum0C+i5tASYSbQESwm0BCnJtAR6mbQD2gm0B8kZtAA6ObQFaRm0Avj5tA
v6CbQFOrm0DI4ZtAPZObQDB/m0CLqptA18CbQFyKm0BBoZtAq4WbQIV/m0Bl25tAS5qbQJKm
m0BKsptAIqCbQLeam0DykptARaqbQJGrm0BfrZtAzZ2bQAqim0DPpJtATbubQJ6jm0DNj5tA
daibQEO0m0AcnJtAycWbQLrUm0ALjJtAbNmbQHjfm0BXhZtAX6CbQBW0m0BwxJtAXbObQOG+
m0DYn5tAKZybQEm2m0A2o5tAlZabQEa4m0DJv5tAuoSbQIe9m0AUtZtAnsibQF27m0B0y5tA
kbGbQBKBm0Dq1ptAHaObQEy3m0C/wptAP9ubQAumm0A02JtAR7ybQNm2m0CW0ZtAVOSbQIKw
m0AFx5tAzsWbQOyom0D9nptA0tybQPvIm0C1xZtAFMKbQOfSm0DYvptAAM+bQO7Fm0CvtJtA
bsebQA7Qm0Bas5tAds+bQM+8m0Aep5tAfaabQFfDm0CltZtAlcCbQFDem0Dr+JtArtSbQCbX
m0DP3ZtA4tKbQEHBm0DI2JtAv+WbQELjm0BL35tA4NmbQAT7m0CDxZtAgtqbQJnNm0ChApxA
y8SbQHfpm0Bt95tAcNubQPTTm0BQBJxA8O2bQOzhm0AZ5JtAod+bQNrIm0A4DJxALOubQFsB
nEDP9JtAnQacQLEEnEAb55tAQ+KbQBn4m0Afu5tA4g6cQIzqm0CYlptADwecQGjom0A89ptA
iiOcQBPjm0BXy5tArtObQCwFnED52JtAgeybQBkHnEAF/ZtAug+cQMQFnECMAJxAIumbQMP2
m0DKCJxAfvabQPwBnEAjDZxAFe2bQEj+m0C2I5xANt6bQFzxm0BSEZxA+RacQOYHnEDA55tA
PAqcQKL9m0A0/ptAQQOcQDUZnEBWA5xAfxCcQA0XnEAtGJxAVgicQNrQm0D/CJxAyBWcQD/j
m0CG95tAvA2cQLEinEARApxAqiOcQFYRnECCDpxAVf+bQKQPnEAXApxAoCCcQJUhnEBNEZxA
MSecQJM8nEDpFpxAuxycQBoXnEDGB5xAahqcQOQQnEC9F5xAfDScQGE1nEDrL5xA1AicQKkX
nEC4OZxAfU6cQBAinEDSKpxAF/ybQDMknEDCJpxASBScQEZBnEDlMpxA9iScQHMrnEAwSpxA
lRacQKEGnECbLZxA2i2cQH0RnECxJpxAOkGcQOENnEAVMpxAaTqcQHkOnED1Q5xAGm6cQFIk
nEDGU5xAnFWcQGYgnEBUFJxAoVGcQNIxnECIJZxAUl2cQHlDnEBMGpxA0DmcQDQ7nEA1R5xA
Vi2cQNlNnEAnMpxA5iicQLpfnEDfIJxAnkKcQI05nECuPJxAbyecQCJEnEASNZxA8jmcQDYx
nEA2SpxAmSGcQKQ/nEA9NJxAmS2cQNhXnEDXPZxAW0KcQC5NnEAsSpxATkCcQAA7nEAMUpxA
cCycQB4cnEBAP5xAvXycQDZMnECgZZxAtFycQIUdnEBuI5xAu0icQIs0nEAWO5xAfEGcQGOZ
nEBrQJxAwiKcQHJvnEAZYpxARiycQH93nEDWM5xAHFScQJRYnEB1WpxAXECcQHRrnEDwRZxA
n0GcQKh6nEC4GpxAykScQIF3nEDAQpxAy02cQMdnnEDWUpxAKSycQHlwnEBPWZxA62GcQPdW
nEBFT5xAnk6cQPl1nECQWpxA7mCcQIxBnEA6fJxAHGKcQE4+nEAOcZxA/micQG5jnEBSfZxA
PnScQAFUnEBufpxAuXucQEBbnEA0ZJxAjHucQIVvnEApRJxAg1KcQF1mnEAScJxAO42cQMty
nEA=</AssayYData></Step><Step><CommonData><SampleLocation>2</SampleLocation><SampleID>hsCD3d/e_Acro_CDD-H52W1</SampleID><SampleGroup></SampleGroup><SampleInfo></SampleInfo><SampleRow>A</SampleRow><SamplePlate>1</SamplePlate><WellType>KSAMPLE</WellType><Concentration>-1</Concentration><ConcentrationUnits>µg/ml</ConcentrationUnits><MolarConcentration>200</MolarConcentration><MolarConcUnits>nM</MolarConcUnits><MolecularWeight>0</MolecularWeight><Temperature>30</Temperature><StartTime>5458412</StartTime><AssayTime>180</AssayTime></CommonData><FlowRate>1000</FlowRate><StepType>ASSOC</StepType><StepName>Association</StepName><StepStatus>OK</StepStatus><ActualTime>180.001</ActualTime><CycleTime>0.2</CycleTime><AssayXData Points="900">PBCVRdgRlUVvE5VFERWVRaIWlUU8GJVF2BmVRW8blUUJHZVFoh6VRTwglUXWIZVFbyOVRQsl
lUWkJpVFPCiVRdYplUVxK5VFCS2VRaIulUU+MJVF2DGVRW8zlUUJNZVFojaVRT44lUXYOZVF
cTuVRQk9lUWiPpVFPkCVRdhBlUVvQ5VFCUWVRaJGlUU+SJVF1kmVRXFLlUUJTZVFok6VRTxQ
lUXWUZVFb1OVRQlVlUWiVpVFPFiVRdZZlUVvW5VFCV2VRaJelUU8YJVF1mGVRQ1klUVTZZVF
pGaVRTxolUXWaZVFb2uVRQttlUWkbpVFPHCVRdhxlUVvc5VFC3WVRaR2lUU8eJVF1nmVRW97
lUUJfZVFpH6VRTyAlUXWgZVFb4OVRQmFlUWkhpVFPIiVRdiJlUVxi5VFC42VRaKOlUU+kJVF
1pGVRW+TlUULlZVFopaVRT6YlUXWmZVFb5uVRQmdlUWinpVFPqCVRdihlUVvo5VFDaWVRaKm
lUU8qJVF1qmVRW+rlUULrZVFoq6VRTywlUXWsZVFb7OVRQm1lUWitpVFPLiVRda5lUVvu5VF
C72VRaK+lUU+wJVF1sGVRW/DlUUJxZVFpMaVRT7IlUXYyZVFb8uVRQvNlUWkzpVFPNCVRdbR
lUVx05VFCdWVRaTWlUU82JVF1tmVRXHblUUJ3ZVFpN6VRTzglUXW4ZVFceOVRQnllUWi5pVF
PuiVRdbplUVx65VFCe2VRaTulUU88JVF2PGVRXHzlUUL9ZVFovaVRTz4lUXW+ZVFcfuVRQv9
lUWi/pVFPACWRdYBlkUZBJZFXwWWRaIGlkU8CJZF1gmWRXELlkUJDZZFog6WRT4QlkXWEZZF
cROWRQkVlkWiFpZFPBiWRdYZlkVvG5ZFCR2WRaIelkU+IJZF1iGWRW8jlkUJJZZFpCaWRTwo
lkXYKZZFbyuWRQ0tlkWiLpZFPDCWRdYxlkVvM5ZFCTWWRaQ2lkU+OJZF1jmWRXE7lkUJPZZF
oj6WRTxAlkXWQZZFb0OWRQtFlkWkRpZFPEiWRdZJlkVvS5ZFCU2WRaJOlkU8UJZF1lGWRW9T
lkULVZZFolaWRTxYlkXYWZZFb1uWRQtdlkWkXpZFPGCWRdZhlkVvY5ZFCWWWRaJmlkU+aJZF
1mmWRW9rlkULbZZFpG6WRT5wlkXWcZZFb3OWRQl1lkWidpZFPHiWRdZ5lkVve5ZFC32WRaR+
lkU+gJZF1oGWRW+DlkUJhZZFooaWRTyIlkXWiZZFb4uWRQmNlkWijpZFPJCWRdiRlkVvk5ZF
C5WWRaKWlkU+mJZF2JmWRW+blkULnZZFpJ6WRTyglkXYoZZFBaSWRUyllkWippZFPKiWRdap
lkVxq5ZFCa2WRaKulkU8sJZF2LGWRW+zlkUJtZZForaWRT64lkXWuZZFcbuWRQu9lkWkvpZF
PMCWRdbBlkVvw5ZFC8WWRaLGlkU8yJZF2MmWRW/LlkULzZZFos6WRTzQlkXW0ZZFcdOWRQnV
lkWi1pZFPtiWRdbZlkVv25ZFC92WRaLelkU+4JZF2OGWRW/jlkUJ5ZZFpOaWRTzolkXY6ZZF
b+uWRQntlkWi7pZFPvCWRdbxlkVx85ZFC/WWRaT2lkU++JZF1vmWRW/7lkUJ/ZZFpP6WRTwA
l0XYAZdFbwOXRQsFl0WiBpdFPAiXRdYJl0VvC5dFCQ2XRaIOl0U8EJdF1hGXRW8Tl0UJFZdF
ohaXRT4Yl0XYGZdFbxuXRQsdl0WkHpdFPCCXRdYhl0VxI5dFCSWXRaIml0U+KJdF2CmXRW8r
l0ULLZdFoi6XRT4wl0XYMZdFcTOXRQk1l0WiNpdFPDiXRdg5l0VvO5dFCz2XRaQ+l0U+QJdF
2EGXRc9Dl0UVRZdFpEaXRTxIl0XWSZdFb0uXRQtNl0WkTpdFPlCXRdZRl0VvU5dFCVWXRaJW
l0U+WJdF2FmXRW9bl0ULXZdFol6XRTxgl0XYYZdFb2OXRQlll0WiZpdFPGiXRdZpl0Vxa5dF
C22XRaJul0U8cJdF2HGXRW9zl0UJdZdFonaXRTx4l0XWeZdFcXuXRQl9l0WkfpdFPICXRdaB
l0Vxg5dFCYWXRaSGl0U8iJdF1omXRW+Ll0ULjZdFoo6XRTyQl0XYkZdFb5OXRQmVl0WilpdF
PJiXRdaZl0Vxm5dFC52XRaSel0U+oJdF1qGXRXGjl0ULpZdFoqaXRTyol0XWqZdFcauXRQut
l0WkrpdFPrCXRdaxl0Vxs5dFCbWXRaS2l0U8uJdF1rmXRW+7l0UJvZdFor6XRTzAl0XYwZdF
b8OXRQvFl0WixpdFPMiXRdbJl0Vvy5dFC82XRaTOl0U80JdF1tGXRW/Tl0UJ1ZdFotaXRTzY
l0XY2ZdFb9uXRQndl0Wk3pdFPOCXRdbhl0Vv45dFCeWXRaLml0U86JdF1umXRXHrl0UL7ZdF
ou6XRT7wl0XW8ZdFcfOXRQn1l0Wk9pdFPPiXRdj5l0Vv+5dFC/2XRaL+l0U+AJhF1gGYRW8D
mEULBZhFogaYRTwImEXWCZhFbwuYRQkNmEWiDphFPhCYRdYRmEVvE5hFCRWYRaIWmEU8GJhF
1hmYRW8bmEULHZhFoh6YRT4gmEXWIZhFcSOYRQklmEWiJphFPiiYRdYpmEVxK5hFCy2YRaQu
mEU+MJhF1jGYRXEzmEUJNZhFojaYRTw4mEXWOZhFbzuYRQk9mEWkPphFPkCYRdZBmEVvQ5hF
CUWYRaJGmEU8SJhF2EmYRW9LmEUJTZhFok6YRTxQmEXWUZhFb1OYRQtVmEWkVphFPFiYRdZZ
mEVxW5hFCV2YRaRemEU8YJhF2GGYRW9jmEUJZZhFomaYRT5omEXWaZhFcWuYRQttmEWkbphF
PHCYRdZxmEVxc5hFCXWYRaR2mEU8eJhF2HmYRW97mEUJfZhFon6YRTyAmEXWgZhFCYSYRU6F
mEWkhphFPoiYRdaJmEVvi5hFCY2YRaSOmEU+kJhF2JGYRW+TmEUJlZhFopaYRT6YmEXWmZhF
b5uYRQudmEWknphFPKCYRdahmEVxo5hFCaWYRaKmmEU+qJhF2KmYRW+rmEULrZhFoq6YRT6w
mEXYsZhFb7OYRQm1mEWitphFPLiYRda5mEVxu5hFCb2YRaK+mEU8wJhF2sGYRXHDmEUJxZhF
osaYRTzImEXWyZhFb8uYRQnNmEWizphFPtCYRdbRmEVx05hFCdWYRaLWmEU82JhF2NmYRXHb
mEUJ3ZhFpN6YRTzgmEXW4ZhFb+OYRQnlmEWk5phFPOiYRdbpmEVv65hFCe2YRaLumEU88JhF
2PGYRXHzmEUJ9ZhFpPaYRTz4mEXY+ZhFb/uYRQn9mEWi/phFPACZRdgBmUVxA5lFCwWZRaIG
mUU8CJlF2AmZRXELmUULDZlFog6ZRTwQmUXWEZlFcROZRQkVmUWiFplFPBiZRdYZmUVxG5lF
Cx2ZRaIemUU8IJlF1iGZRfQjmUU4JZlFoiaZRTwomUXYKZlFbyuZRQstmUWkLplFPjCZRdgx
mUVvM5lFCTWZRaQ2mUU8OJlF2DmZRXE7mUUJPZlFpD6ZRT5AmUXWQZlFb0OZRQlFmUWkRplF
PkiZRdZJmUVvS5lFCU2ZRaROmUU8UJlF1lGZRW9TmUULVZlFolaZRT5YmUXWWZlFb1uZRQld
mUWkXplFPGCZRdZhmUVvY5lFCWWZRaJmmUU8aJlF2GmZRW9rmUULbZlFom6ZRT5wmUXWcZlF
b3OZRQt1mUWidplFPniZRdZ5mUVxe5lFCX2ZRaR+mUU8gJlF2IGZRW+DmUULhZlFooaZRT6I
mUXWiZlFb4uZRQmNmUWkjplFPJCZRdaRmUVxk5lFCZWZRaKWmUU8mJlF1pmZRW+bmUUJnZlF
pJ6ZRT6gmUXWoZlFcaOZRQmlmUWipplFPKiZRdapmUVvq5lFCa2ZRaSumUU+sJlF1rGZRW+z
mUULtZlForaZRT64mUXWuZlFb7uZRQu9mUWivplFPsCZRdjBmUUfxJlFZcWZRa3GmUU8yJlF
2MmZRW/LmUULzZlFos6ZRTzQmUXW0ZlFb9OZRQnVmUWi1plFPNiZRdbZmUVx25lFC92ZRaLe
mUU84JlF2OGZRW/jmUUJ5ZlFouaZRTzomUXW6ZlFceuZRQvtmUWi7plFPPCZRdbxmUVv85lF
CfWZRaT2mUU8+JlF2PmZRW/7mUUJ/ZlFov6ZRTwAmkXWAZpFcQOaRQkFmkWiBppFPgiaRdYJ
mkVvC5pFCw2aRaIOmkU+EJpF2BGaRW8TmkULFZpFohaaRT4YmkXWGZpFbxuaRQkdmkWkHppF
PiCaRdYhmkVvI5pFCSWaRaImmkU8KJpF1imaRW8rmkULLZpFpC6aRTwwmkXWMZpFbzOaRQk1
mkWkNppFPDiaRdg5mkVxO5pFCT2aRaI+mkU8QJpF2EGaRW9DmkUJRZpFokaaRT5ImkXWSZpF
b0uaRQlNmkWiTppFPFCaRdZRmkVvU5pFCVWaRaJWmkU8WJpF2FmaRXFbmkUJXZpFol6aRTxg
mkXYYZpFC2SaRU5lmkWiZppFPGiaRdhpmkVva5pFC22aRaJumkU8cJpF2HGaRW9zmkULdZpF
onaaRT54mkXWeZpFcXuaRQl9mkWifppFPoCaRdiBmkVvg5pFC4WaRaKGmkU8iJpF1omaRW+L
mkUJjZpFpI6aRTyQmkXWkZpFcZOaRQmVmkWilppFPpiaRdaZmkVvm5pFCZ2aRaSemkU8oJpF
2KGaRXGjmkULpZpFpKaaRTyomkXWqZpFcauaRQmtmkWkrppF</AssayXData><AssayYData Points="900">psqbQNlGnEDjaZxA/3KcQBeVnEAJqZxAd+ecQOzinEAGBp1A9eWcQDAinUAHFp1AmxqdQPxC
nUA7Gp1AsT2dQIQ5nUCkQZ1A7EedQKn9nEDkVZ1AaWCdQO58nUCGcp1ARVqdQIVrnUCZqJ1A
nHedQH94nUA5ap1ATaydQKiJnUDFt51Ax5GdQO+pnUB8zp1A1cidQFXDnUCmzJ1A+uGdQJO6
nUDKtJ1ACd2dQCzgnUAq551A8+KdQE7VnUCC/Z1AnQueQIf7nUCu8p1AhPadQG3inUDz5p1A
3fCdQJw7nkDnEZ5AERGeQBrdnUB3Dp5AXRqeQNsTnkDJMZ5AfDyeQAEynkAkPZ5AvySeQJgB
nkCPJ55AawyeQBk3nkANS55AnUWeQIhhnkAENp5AIlGeQBA1nkCyWJ5AumOeQHo4nkAIW55A
tW6eQPFSnkC0lJ5ALXeeQGZEnkCndJ5AxW6eQBhXnkDlWJ5AM3WeQCtznkAyi55AWYOeQMt2
nkDzdp5AqqGeQLuJnkBUhp5A6naeQDGFnkBKfZ5Av6SeQBOBnkD7qp5AEImeQDuDnkDgm55A
YnaeQFirnkBEnp5AJayeQBi4nkAYoZ5ABY+eQLCbnkD/k55AiJOeQJm2nkALnJ5ABrueQBin
nkAVtZ5Ae8ueQILNnkDktp5Adq6eQHmenkA1xJ5AzqSeQJ+pnkCK1J5ALrqeQInNnkDtt55A
YNmeQL7dnkBX3Z5AuNueQJrQnkAgy55Af+2eQBX2nkAQ255AVcieQDjmnkB+255AEAyfQAn0
nkCU7p5AEuieQA/dnkAvBJ9Ai/yeQPcFn0D+1J5AVA6fQEbmnkBQB59ABuKeQJgEn0D36Z5A
evueQOv7nkD47p5AcfOeQCTznkAn955A3dWeQP8Gn0B+8p5ABPCeQCMIn0B/7p5AwgmfQNL7
nkBtEp9ALiufQGH3nkBHN59AzeeeQD4in0C2Qp9ABP2eQAv9nkC3IZ9AzBufQCAsn0D2E59A
ZQ+fQH0nn0DuB59AiyWfQEsXn0BiUZ9A9AefQPZLn0ACDZ9AQyWfQBMUn0DBGp9AEy+fQKgs
n0AfQ59AIgWfQJE0n0Ce+p5AdiGfQIgLn0BvDp9AoB+fQN0xn0BAFp9A6Q6fQGZGn0CVEp9A
ETqfQMxxn0BNL59AUEKfQKwun0B/VJ9A1yqfQIpHn0A/SJ9AHQyfQAs0n0B6XJ9AWTSfQOk2
n0BKMJ9ARkafQPMcn0CdU59AU0GfQHMvn0B0J59AvEifQGxLn0AwS59AnU2fQIQvn0DmVJ9A
g0GfQMRbn0B1aJ9AzFSfQFhbn0AAS59Ak2mfQKBLn0BrXp9AM4mfQCltn0DVSZ9A+lSfQDVn
n0BUT59AKUGfQKtbn0CFXZ9AMVifQMNan0ABip9ARnGfQMB6n0B7ZJ9AAkufQEdIn0AdeZ9A
QFefQLdvn0D7Zp9ASEefQOdQn0AGd59AxFafQECbn0BObJ9A1XafQIpgn0CNl59ApWqfQGaU
n0B6ep9AQVqfQHh5n0BJkp9AnYOfQMpbn0BbaJ9A24GfQOF2n0D7aZ9AMpSfQG6Dn0DCdp9A
lZOfQFZ9n0AFbJ9Aa5efQEuRn0A7iZ9Aq5GfQGWUn0DeYp9AaZqfQE6En0DXZJ9AXIufQAaA
n0CXc59ArHGfQIWYn0BdpZ9A1XGfQL1/n0BIfp9AQqmfQK2on0AShZ9Ag5GfQPqXn0CUkp9A
3ZCfQJSVn0Bhq59AXXKfQCaVn0D6ep9AcbWfQPmQn0A1cZ9Aq7CfQPKAn0AYrJ9AWW2fQHec
n0D2qZ9AuIufQHaLn0DirZ9AiaefQC2Un0BDuZ9A0YKfQIzfn0A1m59Ao5qfQBKqn0B9gp9A
osmfQDean0BGhZ9A1bufQGSkn0AIlp9AcLafQEG2n0Cil59AiLufQIShn0BjqJ9AAKWfQNPE
n0BUp59A7aKfQDGnn0AzrJ9A4KqfQACjn0CEwp9AmZGfQP61n0DOxJ9ARbOfQNjFn0DwyJ9A
iaGfQJ7Kn0CIy59AUcafQFe/n0CPrp9AzKifQKOon0C6yJ9ApbifQJqhn0Caqp9AFMqfQESz
n0Ds0J9AbsGfQI/Ln0Bt2p9A+Z+fQE6un0CuqZ9Aya2fQJ6nn0DLn59Ak82fQAW5n0Cvpp9A
MuSfQNjVn0Db0Z9A5d2fQACzn0Bu1Z9AYaafQFGjn0CTsJ9A6c+fQF3Xn0Aq5p9A2/2fQLvL
n0AwwZ9A7cifQAr1n0Dvl59ACsafQLy0n0A61J9As7GfQI/cn0DFup9AZ8ifQKTDn0B/5Z9A
1uyfQKPmn0At0p9AH8efQO/Qn0CQwZ9AGryfQKbbn0DbxZ9AUfCfQM6/n0CIuZ9AnM2fQPfE
n0CYsJ9ABrGfQC7Nn0DB859AS9efQHnHn0Avyp9AUfWfQMbkn0AbCKBAqRegQLvKn0Bh4p9A
AMqfQOnvn0CO9Z9AFe2fQNDxn0A/0J9AfuifQPgGoECN7p9AtO2fQFD7n0CzzZ9AP66fQLzR
n0AE2p9A8OqfQLXMn0BO4J9ACfmfQAEHoECe0p9Am+yfQOAEoECk9p9A+QigQIUBoECN9Z9A
UuKfQFT2n0B6BKBAGQ2gQIL+n0B06p9Afd+fQIXxn0DeKaBAwQCgQGbMn0Dz559AmuqfQDrj
n0DY4Z9A2wigQPPzn0DYAqBAIOyfQAf+n0DLAKBAlR+gQJXtn0Ah9p9ADfCfQAL0n0DQAaBA
nPOfQM7zn0DSCaBAF/WfQI4QoEAxAKBAJ++fQCARoEDu859A+uefQC7wn0DT959ALAKgQP4D
oECgB6BA7AugQGn1n0Dc5J9AsPKfQPgIoEDIE6BA8OyfQGT0n0ARAqBA2vKfQJbwn0AQKaBA
LeGfQPDon0DXBKBABBWgQNXpn0AEBKBANfqfQAwooEDd+p9A1vKfQHjqn0AfGKBAig+gQE8A
oEDNHqBAUBagQOYboEAWEKBACAOgQLoYoECaJqBAAimgQNP7n0Ar7p9AOw+gQGYLoEDSDKBA
8gSgQK0xoECADaBADB2gQDQloEAYFKBANCugQP3/n0BE959AhhGgQFQioED27Z9A9QegQEYh
oECmCqBA3/+fQPH3n0Ch+p9AgBugQP0zoEAOAqBA4imgQMXyn0DAH6BAYR2gQOgMoECGDqBA
1gegQMT3n0AO6Z9AJBugQIAgoEAkHaBAcyWgQCUUoEDa659AgQKgQNT1n0BsEaBAjBSgQM9Q
oEDWIKBAYT2gQD0HoECCMqBAED6gQMwGoEBTBqBAOw2gQI0foEC2J6BA4zqgQPNJoEBgIqBA
SwagQNg7oEBEGaBAyTagQL8coEBMGKBAWgmgQJdAoED7AKBAPy6gQDMxoEDEQKBAcCWgQLcV
oEBrR6BAIimgQGsxoEBTL6BAKz+gQKAIoEDKLaBA/imgQKpUoEBnD6BAAi2gQGEhoEBANaBA
bSKgQJ4moEBIFqBAPjKgQGkXoECxUKBAkgOgQNQZoEAdMqBA/EWgQB0HoEBiH6BAJTygQNY6
oEAMMqBAHj6gQHwioEAROqBAiDygQH02oED6KaBAfVKgQBgHoEAQQqBAOzagQGEloEDeNKBA
ADegQJA6oEC3LKBAVk2gQGQxoEAuYKBAHkGgQEgNoED2LaBAfh2gQDVAoEAMV6BAozWgQLtX
oEDAQKBAdD6gQOI7oEC9HKBAhjmgQHI8oEBSVaBA/hWgQBMvoEAeTKBAGEygQAQ3oEBuPqBA
VTugQLQyoEAHQ6BAH0ugQKQeoEAgU6BANhKgQKFjoEAaSqBAu02gQPVgoEDpRaBA90mgQNVB
oEDgH6BACWagQGEyoEDxRaBAyTOgQBtFoEAfTaBAVmGgQCE4oEDoRqBAATSgQHJZoEAbR6BA
CzagQBc4oEDQb6BAvVagQJBboEAaS6BAQEGgQFxroED5T6BAwUKgQPNzoEAWYqBAr2igQMlA
oEB7RaBAMWSgQCVxoECSNaBAsVigQPpaoED5K6BA4DOgQIdVoEAPSqBAFWCgQI1SoEAeTqBA
OjKgQGBQoEDCaaBAGh6gQPRmoEADd6BAUlqgQOB9oECjUqBAYG2gQI5NoEDJQ6BAM2WgQMhp
oECBR6BAEGmgQCxroECiNKBACpOgQAM1oEDdSKBACGOgQDZToED+U6BA+kGgQD9loECYRKBA
fEOgQGVJoEB0U6BAUj+gQCpkoEBKaKBA6XWgQOtloEBEPqBAuVmgQNxVoEB4cKBAG1qgQCZ5
oEDxjaBASXagQAlmoEA7s6BAazOgQA1UoEC5fKBAU3qgQKVhoEARdaBAWFugQLpwoEBBZ6BA
EF6gQF5woECSWqBAZG+gQHdNoEBGXqBAsVGgQMRzoEDtYaBAOTigQLpzoEDoX6BAQVSgQLhP
oECjWqBAk2agQKeAoEABf6BAnFKgQH56oECscKBAJmmgQG4noEDsbqBA0mSgQFZPoEC+RaBA
OXKgQFhxoECjXqBAW4KgQEdToEC/RKBAOWSgQOpboED3YKBAA26gQFWOoECRaqBAtl+gQLhM
oEAqa6BAjUigQPdToEDzeqBA2G+gQFJ2oEDDTKBAooGgQGxNoEDIhKBAM42gQMlvoEBheaBA
0oygQNp9oEDXcaBAj5igQFlyoEBegaBA3HGgQBZUoEBjWqBA732gQPBQoEByi6BA2n2gQPl9
oEAkWaBAuIygQDeDoEDohqBAYH+gQDGRoECOaaBAenqgQPGXoEAfj6BAMXGgQMZ2oECCcqBA
NFigQNqboECefaBAD26gQEJqoEA6paBAsnCgQHt6oECxiqBA</AssayYData></Step><Step><CommonData><SampleLocation>1</SampleLocation><SampleID>Octet Buffer</SampleID><SampleGroup></SampleGroup><SampleInfo></SampleInfo><SampleRow>A</SampleRow><SamplePlate>1</SamplePlate><WellType>BUFFER</WellType><Concentration>-1</Concentration><ConcentrationUnits>µg/ml</ConcentrationUnits><MolarConcentration>-1</MolarConcentration><MolarConcUnits>nM</MolarConcUnits><MolecularWeight>0</MolecularWeight><Temperature>30</Temperature><StartTime>5646656</StartTime><AssayTime>300</AssayTime></CommonData><FlowRate>1000</FlowRate><StepType>DISASSOC</StepType><StepName>Dissociation</StepName><StepStatus>OK</StepStatus><ActualTime>300</ActualTime><CycleTime>0.2</CycleTime><AssayXData Points="1500">PrCaRdixmkVxs5pFC7WaRaS2mkVAuJpF2LmaRXG7mkUNvZpFpL6aRT7AmkUFwppFccOaRQ3F
mkWmxppFQMiaRdjJmkVxy5pFDc2aRabOmkU+0JpF2NGaRXHTmkUL1ZpFptaaRT7YmkXY2ZpF
c9uaRQvdmkWk3ppFPuCaRdjhmkVz45pFDeWaRabmmkU+6JpF2OmaRXPrmkUN7ZpFpO6aRT7w
mkXa8ZpFc/OaRQv1mkWm9ppFQPiaRdj5mkVz+5pFDf2aRaT+mkU+AJtF2AGbRXEDm0UNBZtF
pAabRUAIm0XYCZtFcQubRQsNm0WkDptFPhCbRdoRm0VzE5tFCxWbRaQWm0U+GJtF2BmbRXEb
m0ULHZtFpB6bRT4gm0XaIZtFcSObRQslm0WmJptFQCibRdopm0VzK5tFCy2bRaQum0VAMJtF
2jGbRXEzm0UNNZtFpDabRUA4m0XYOZtFczubRQ89m0WkPptFPkCbRdhBm0VzQ5tFC0WbRaRG
m0VASJtF2EmbRXFLm0UNTZtFpE6bRT5Qm0XYUZtFcVObRQtVm0WkVptFPlibRdpZm0VxW5tF
C12bRaRem0U+YJtF8GGbRXFjm0ULZZtFpGabRUBom0XaaZtFcWubRQ1tm0WmbptFPnCbRdhx
m0Vzc5tFC3WbRaR2m0U+eJtF2nmbRXF7m0ULfZtFpH6bRT6Am0XagZtFcYObRQuFm0WkhptF
QIibRdiJm0Vzi5tFD42bRaaOm0VAkJtF2pGbRXOTm0UNlZtFppabRT6Ym0XYmZtFc5ubRQud
m0WmnptFPqCbRdihm0Vzo5tFDaWbRaSmm0U+qJtF2KmbRXGrm0ULrZtFpK6bRT6wm0XasZtF
cbObRQ+1m0WktptFPribRdi5m0Vxu5tFDb2bRaS+m0VAwJtF2sGbRXHDm0UNxZtFpMabRT7I
m0XYyZtFc8ubRQvNm0WkzptFQNCbRdjRm0Vx05tFDdWbRaTWm0U+2JtF2NmbRXPbm0UN3ZtF
pN6bRT7gm0Xa4ZtFceObRQvlm0Wk5ptFPuibRdrpm0Vx65tFDe2bRaTum0U+8JtF2PGbRXHz
m0UL9ZtFpPabRT74m0XY+ZtFcfubRQv9m0Wk/ptFPgCcRR0CnEVxA5xFCwWcRaQGnEU+CJxF
2AmcRXELnEULDZxFpg6cRT4QnEXYEZxFcROcRQsVnEWkFpxFPhicRdgZnEVzG5xFDR2cRaQe
nEU+IJxF2iGcRXEjnEULJZxFpCacRT4onEXYKZxFcSucRQstnEWmLpxFPjCcRdgxnEVzM5xF
CzWcRaQ2nEVAOJxF2DmcRXM7nEULPZxFpj6cRUBAnEXYQZxFcUOcRQtFnEWkRpxFPkicRdhJ
nEVxS5xFC02cRaROnEVAUJxF2FGcRXFTnEUNVZxFpFacRT5YnEXaWZxFcVucRQtdnEWkXpxF
QGCcRdhhnEVzY5xFDWWcRaRmnEVAaJxF2GmcRXFrnEULbZxFpm6cRT5wnEXacZxFcXOcRQt1
nEWmdpxFPnicRdp5nEVxe5xFC32cRaR+nEVAgJxF2oGcRXGDnEUNhZxFpoacRUCInEXYiZxF
c4ucRQuNnEWkjpxFPpCcRdiRnEVxk5xFC5WcRaSWnEVAmJxF2JmcRXGbnEULnZxFpJ6cRT6g
nEUJopxFcaOcRQulnEWkppxFQKicRdipnEVxq5xFC62cRaSunEVAsJxF2LGcRXGznEULtZxF
pracRT64nEXYuZxFcbucRQu9nEWmvpxFPsCcRdjBnEVxw5xFC8WcRabGnEU+yJxF2smcRXHL
nEUNzZxFps6cRT7QnEXa0ZxFcdOcRQvVnEWk1pxFPticRdjZnEVx25xFDd2cRaTenEVA4JxF
2OGcRXPjnEUL5ZxFpuacRT7onEXY6ZxFceucRQ3tnEWk7pxFPvCcRdrxnEVx85xFC/WcRaT2
nEU++JxF2PmcRXH7nEUN/ZxFpP6cRT4AnUXaAZ1FcwOdRQsFnUWkBp1FPgidRdgJnUVxC51F
DQ2dRaYOnUU+EJ1F2BGdRXMTnUULFZ1FpBadRUAYnUXYGZ1FcRudRQ0dnUWkHp1FQCCdRdgh
nUVxI51FDSWdRaQmnUU+KJ1F2CmdRXErnUUNLZ1FpC6dRT4wnUXaMZ1FczOdRQs1nUWkNp1F
PjidRdg5nUVzO51FDT2dRaQ+nUVAQJ1F8kGdRXFDnUUNRZ1FpkadRT5InUXYSZ1FcUudRQtN
nUWmTp1FQlCdRdhRnUVxU51FDVWdRaZWnUVAWJ1F2FmdRXFbnUULXZ1FpF6dRUBgnUXYYZ1F
c2OdRQtlnUWkZp1FQGidRdhpnUVxa51FDW2dRaRunUVAcJ1F2nGdRXFznUUNdZ1FpHadRT54
nUXaeZ1FcXudRQ19nUWkfp1FQICdRdiBnUVxg51FDYWdRaSGnUU+iJ1F2omdRXGLnUULjZ1F
po6dRUCQnUXYkZ1FcZOdRQ2VnUWklp1FPpidRdiZnUVzm51FC52dRaaenUU+oJ1F2qGdRXOj
nUULpZ1FpqadRT6onUXYqZ1Fc6udRQutnUWkrp1FPrCdRdqxnUVzs51FC7WdRaa2nUU+uJ1F
2LmdRXG7nUUNvZ1FpL6dRT7AnUXYwZ1FccOdRQ3FnUWkxp1FPsidRdjJnUVxy51FC82dRaTO
nUU+0J1F2NGdRXPTnUUN1Z1FpNadRT7YnUXY2Z1FcdudRQvdnUWk3p1FPuCdRUDinUWE451F
C+WdRaTmnUVA6J1F2OmdRXPrnUUL7Z1Fpu6dRT7wnUXY8Z1FcfOdRQ31nUWm9p1FPvidRdj5
nUVx+51FC/2dRaT+nUU+AJ5F2AGeRXMDnkUNBZ5FpAaeRT4InkXaCZ5FcQueRQsNnkWkDp5F
PhCeRdgRnkVxE55FDRWeRaQWnkVAGJ5F2BmeRXEbnkULHZ5FpB6eRUAgnkXaIZ5FcSOeRQsl
nkWmJp5FPiieRdwpnkVxK55FDS2eRaQunkU+MJ5F2jGeRXEznkULNZ5FpDaeRUA4nkXYOZ5F
cTueRQs9nkWkPp5FPkCeRdpBnkVzQ55FC0WeRaRGnkVASJ5F2EmeRXNLnkULTZ5FpE6eRT5Q
nkXYUZ5FcVOeRQ1VnkWkVp5FPlieRdhZnkVxW55FDV2eRaRenkU+YJ5F2GGeRXFjnkULZZ5F
pGaeRT5onkXaaZ5FcWueRQttnkWkbp5FQHCeRdpxnkVxc55FC3WeRaR2nkVAeJ5F2nmeRXF7
nkULfZ5FpH6eRT6AnkUqgp5FcYOeRQuFnkWkhp5FPoieRdiJnkVxi55FC42eRaSOnkU+kJ5F
2JGeRXGTnkULlZ5FppaeRT6YnkXYmZ5FcZueRQ2dnkWmnp5FPqCeRdihnkVxo55FC6WeRaam
nkU+qJ5F2KmeRXGrnkUNrZ5FpK6eRT6wnkXYsZ5FcbOeRQu1nkWktp5FPrieRdi5nkVxu55F
C72eRaa+nkU+wJ5F2sGeRXPDnkULxZ5FpMaeRT7InkXYyZ5Fc8ueRQ3NnkWkzp5FPtCeRdzR
nkVx055FC9WeRaTWnkU+2J5F2NmeRXPbnkUN3Z5Fpt6eRT7gnkXa4Z5FceOeRQvlnkWk5p5F
QOieRdrpnkVx655FC+2eRaTunkU+8J5F2vGeRXHznkUL9Z5FpPaeRUD4nkXY+Z5FcfueRQv9
nkWm/p5FQACfRdgBn0VxA59FCwWfRaYGn0VACJ9F2AmfRXMLn0UNDZ9FpA6fRT4Qn0XYEZ9F
cROfRQsVn0WmFp9FQBifRdgZn0VxG59FCx2fRaYen0U+IJ9FFyKfRXEjn0UNJZ9FpiafRUAo
n0XYKZ9FcSufRQstn0WmLp9FPjCfRdoxn0VxM59FDTWfRaQ2n0U+OJ9F2DmfRXM7n0UNPZ9F
pD6fRT5An0XaQZ9FcUOfRQtFn0WmRp9FPkifRdhJn0VxS59FDU2fRaROn0U+UJ9F2FGfRXNT
n0UNVZ9FpFafRT5Yn0XYWZ9FcVufRQtdn0WkXp9FPmCfRdphn0VxY59FC2WfRaRmn0U+aJ9F
2GmfRXFrn0UNbZ9FpG6fRT5wn0XYcZ9FcXOfRQt1n0Wodp9FPnifRdh5n0Vze59FC32fRaR+
n0VAgJ9F2IGfRXGDn0ULhZ9FpoafRUCIn0XaiZ9Fc4ufRQuNn0Wkjp9FPpCfRdiRn0Vxk59F
DZWfRaSWn0U+mJ9F2JmfRXObn0ULnZ9Fpp6fRT6gn0XaoZ9FcaOfRQ2ln0Wmpp9FQKifRdqp
n0Vzq59FC62fRaSun0U+sJ9F2LGfRXOzn0UNtZ9FpLafRT64n0XYuZ9FcbufRQ29n0Wkvp9F
PsCfRUTCn0WIw59FDcWfRaTGn0U+yJ9F2smfRXHLn0ULzZ9Fps6fRUDQn0XY0Z9FcdOfRQvV
n0Wk1p9FPtifRdjZn0Vz259FDd2fRaTen0VA4J9F2OGfRXHjn0UL5Z9FpOafRT7on0Xa6Z9F
c+ufRQ3tn0Wk7p9FPvCfRdjxn0Vz859FC/WfRab2n0VA+J9F2PmfRXH7n0UL/Z9Fpv6fRT4A
oEXaAaBFcwOgRQ0FoEWkBqBFPgigRdoJoEVxC6BFCw2gRaYOoEVAEKBF2BGgRXEToEULFaBF
phagRT4YoEXYGaBFcRugRQ0doEWkHqBFQCCgRdghoEVxI6BFDSWgRaQmoEVAKKBF2imgRXMr
oEUNLaBFpi6gRUAwoEXYMaBFcTOgRQ01oEWkNqBFPjigRdg5oEVzO6BFCz2gRaY+oEVAQKBF
2EGgRXFDoEULRaBFpkagRUBIoEXYSaBFcUugRQtNoEWmTqBFPlCgRdhRoEVzU6BFC1WgRaRW
oEU+WKBF2lmgRXNboEULXaBFpl6gRUBgoEUwYqBFdWOgRQ1loEWmZqBFPmigRdppoEVxa6BF
C22gRaZuoEU+cKBF2HGgRXFzoEUNdaBFpnagRT54oEXYeaBFcXugRQt9oEWkfqBFPoCgRdiB
oEVxg6BFC4WgRaaGoEVAiKBF2omgRXOLoEUNjaBFpo6gRT6QoEXakaBFc5OgRQ2VoEWmlqBF
QJigRdiZoEVzm6BFDZ2gRaaeoEU+oKBF2KGgRXGjoEULpaBFpKagRT6ooEXYqaBFcaugRQut
oEWkrqBFPrCgRdixoEVxs6BFDbWgRaS2oEU+uKBF2rmgRXO7oEULvaBFpL6gRT7AoEXYwaBF
ccOgRQvFoEWkxqBFPsigRdrJoEVzy6BFC82gRaTOoEVA0KBF2tGgRXPToEUN1aBFpNagRUDY
oEXY2aBFcdugRQ3doEWk3qBFPuCgRdjhoEVx46BFDeWgRabmoEU+6KBF2umgRXHroEUL7aBF
pu6gRUDwoEXY8aBFcfOgRQv1oEWk9qBFQPigRdj5oEVx+6BFDf2gRaT+oEU+AKFFGQKhRXED
oUULBaFFpgahRT4IoUXYCaFFcwuhRQ0NoUWmDqFFPhChRdgRoUVzE6FFCxWhRaQWoUU+GKFF
2BmhRXEboUULHaFFpB6hRT4goUXaIaFFcSOhRQsloUWkJqFFQCihRdgpoUVzK6FFDS2hRaQu
oUU+MKFF2jGhRXEzoUULNaFFpDahRUA4oUXYOaFFcTuhRQs9oUWkPqFFQEChRdpBoUVxQ6FF
C0WhRaZGoUU+SKFF2EmhRXNLoUULTaFFpE6hRT5QoUXaUaFFcVOhRQtVoUWkVqFFPlihRdhZ
oUVzW6FFC12hRaZeoUU+YKFF2mGhRXFjoUULZaFFpGahRUBooUXaaaFFcWuhRQ1toUWmbqFF
PnChRdhxoUVzc6FFC3WhRaR2oUVAeKFF2nmhRXN7oUUNfaFFpH6hRT6AoUXYgaFFcYOhRQ2F
oUWkhqFFQIihRdqJoUVxi6FFD42hRaSOoUVAkKFF2pGhRXOToUULlaFFpJahRUCYoUXYmaFF
c5uhRQudoUWknqFFQKChRUaioUWKo6FFC6WhRaSmoUU+qKFF2KmhRXOroUULraFFpq6hRT6w
oUXasaFFcbOhRQu1oUWmtqFFPrihRdi5oUVzu6FFDb2hRaS+oUVAwKFF2MGhRXHDoUULxaFF
pMahRUDIoUXYyaFFccuhRQ3NoUWkzqFFPtChRdjRoUVz06FFC9WhRaTWoUU+2KFF2tmhRXHb
oUUL3aFFpt6hRT7goUXa4aFFc+OhRQ3loUWk5qFFPuihRdjpoUVz66FFC+2hRaTuoUVA8KFF
2PGhRXPzoUUN9aFFpPahRT74oUXa+aFFcfuhRQv9oUWk/qFFQACiRdgBokVzA6JFCwWiRaQG
okU+CKJF2gmiRXELokUNDaJFpA6iRT4QokXaEaJFcxOiRQsVokWkFqJFQBiiRdgZokVxG6JF
Cx2iRaYeokVAIKJF2CGiRXEjokULJaJFpCaiRT4ookXYKaJFcSuiRQstokWkLqJFPjCiRdox
okVzM6JFCzWiRaQ2okVAOKJF2jmiRXE7okULPaJFpj6iRUBAokUyQqJFdUOiRQtFokWmRqJF
QEiiRdhJokVxS6JFC02iRaZOokU+UKJF2FGiRXFTokULVaJFplaiRT5YokXaWaJFcVuiRQ1d
okWkXqJFPmCiRdxhokVxY6JFC2WiRaRmokU+aKJF2GmiRXNrokULbaJFpm6iRT5wokXYcaJF
cXOiRQ11okWmdqJFQHiiRdh5okVxe6JFDX2iRaZ+okU+gKJF2IGiRXGDokULhaJFpIaiRUCI
okXYiaJFcYuiRQuNokWkjqJFQJCiRdqRokVxk6JFDZWiRaaWokU+mKJF2JmiRXObokUNnaJF
pp6iRUCgokXYoaJFc6OiRQ2lokWkpqJFPqiiRdipokVxq6JFDa2iRaauokU+sKJF2rGiRXGz
okUNtaJFpLaiRUC4okXYuaJFcbuiRQu9okWkvqJFPsCiRdjBokVzw6JFDcWiRabGokU+yKJF
2MmiRXHLokUNzaJFpM6iRUDQokXY0aJFc9OiRQ3VokWk1qJFPtiiRdjZokVz26JFDd2iRabe
okU+4KJFHeKiRXHjokUL5aJFpOaiRT7ookXY6aJFceuiRQvtokWk7qJFPvCiRdrxokVx86JF
C/WiRaT2okU++KJF2PmiRXH7okUN/aJFpP6iRT4Ao0XaAaNFcQOjRQ0Fo0WkBqNFPgijRdgJ
o0VzC6NFDQ2jRaQOo0U+EKNF2BGjRXETo0ULFaNFpBajRUAYo0XYGaNFcRujRQ0do0WkHqNF
QCCjRdgho0VxI6NFCyWjRaQmo0U+KKNF2CmjRXMro0ULLaNFpC6jRUAwo0XYMaNFcTOjRQs1
o0WkNqNFQDijRdo5o0VxO6NFCz2jRaY+o0U+QKNF2EGjRXFDo0ULRaNFpEajRT5Io0XaSaNF
cUujRQ1No0WmTqNFPlCjRdpRo0VxU6NFC1WjRaRWo0U+WKNF2FmjRXNbo0ULXaNFpF6jRT5g
o0XYYaNFcWOjRQ1lo0WmZqNFPmijRdppo0Vxa6NFC22jRaRuo0U+cKNF2HGjRXFzo0ULdaNF
pHajRT54o0XaeaNFcXujRQt9o0WkfqNFQICjRUqCo0WQg6NFDYWjRaSGo0U+iKNF2ImjRXOL
o0ULjaNFpI6jRUCQo0XakaNFcZOjRQuVo0WklqNFPpijRdiZo0Vxm6NFC52jRaSeo0U+oKNF
2KGjRXGjo0ULpaNFpKajRUCoo0XYqaNFc6ujRQuto0WmrqNFQLCjRdixo0Vzs6NFC7WjRaa2
o0U+uKNF2rmjRXG7o0ULvaNFpL6jRT7Ao0XYwaNFccOjRQ3Fo0WkxqNFPsijRdjJo0Vxy6NF
C82jRabOo0VA0KNF2tGjRXHTo0UN1aNFptajRT7Yo0Xa2aNFcdujRQ3do0Wk3qNFQOCjRdrh
o0Vx46NFC+WjRaTmo0U+6KNF2OmjRXPro0UP7aNFpO6jRUDwo0Xa8aNFc/OjRQ31o0Wm9qNF
PvijRdj5o0Vx+6NFC/2jRaT+o0U+AKRF2AGkRXMDpEULBaRFpAakRUAIpEXYCaRFcQukRQ0N
pEWkDqRF</AssayXData><AssayYData Points="1500">4QmgQAgioECv3J9A8QegQKIFoEC8FqBAXx2gQMYpoEDaFqBAkAqgQI8hoEAkL6BA+y+gQMZA
oECvRaBAbi+gQAJWoEACK6BA3CygQERQoECDYKBAJjKgQGlZoEBDP6BAkP+fQHwyoEAkdKBA
DTOgQFIeoEDidaBAckegQFFAoEBMFaBAU2egQNA4oEDAXKBAtUSgQBpIoEC7Z6BAcUygQDJL
oEBGV6BA8jGgQPheoEDdPaBAUzegQAY9oEBPNaBA4F2gQE1FoEDTLqBACyqgQERloEDMUaBA
aGegQJ9GoEB6U6BAmUygQHRXoEBfSaBAvV2gQFlEoEDqJaBAQkSgQCpdoEChX6BA5SSgQFJ/
oEDKWqBAYkegQAtgoECpkKBAtEegQPBYoEBfa6BA4z+gQJxGoEAiV6BALDmgQAkeoEC+XqBA
yVCgQI1KoEAgV6BASVOgQMVBoEAXOqBA4lugQAEuoEC2c6BAwEegQPc/oECSYaBACnygQAc1
oEC+PKBAG1CgQHNooEBlcqBAtlWgQJE1oEDuRqBARn2gQC1coEBKNaBAMVmgQDiGoED4RqBA
g2WgQEtzoEBgUKBAlYmgQIJ4oEDWiqBAglSgQKVgoEAJXKBAqkmgQABcoEBHT6BAnkegQDVk
oEDbV6BA8UKgQHSGoEBEZ6BAMWKgQGRVoECgcKBA/Y2gQDdMoEAnd6BA8jygQI9koEB1eKBA
gV6gQLhWoEBQU6BAGlegQAxeoEADdqBA1HigQPs+oEBLZaBA/H+gQK9KoEDpTqBAB2GgQHBC
oECbZKBAN4ugQD19oEDmX6BA95egQOGaoEAIWKBARlugQPOGoEDnKaBAenugQGtqoEA7XKBA
J5GgQAeLoECEfqBA4WqgQDyMoECfTaBAPUKgQKpZoECciKBARkugQJ6DoED5fKBA/0GgQGxm
oEDzY6BAIFWgQH6SoECChKBA0nSgQEiBoECZeKBA92ygQA6NoEBXhaBA/5SgQNxWoEDneaBA
coygQHFkoECqo6BA2VGgQKmEoED4cKBAoIugQIBvoECpcKBA9JCgQDJ2oECMaqBApX2gQEmC
oEB6gqBAB4WgQCOPoEAMd6BA6UygQKGZoEAzaaBA0pigQACDoECeV6BAY4KgQEaYoEDHXaBA
WGugQFinoECjWKBA65egQP2DoEB4hqBAQFegQMaRoEBTc6BAoV2gQAqvoEASfKBARGqgQL97
oEDFjKBABGCgQOhboEBIrKBALHOgQEd1oEBUmKBAXoKgQIV3oEAPZKBAkIOgQERooEB6p6BA
h2CgQFRmoEDBhKBAWYegQFhnoEAMg6BA6oqgQKWCoED8nqBAl6GgQMx3oEA6lqBAqoigQNhf
oEDkgaBAPW6gQKtioEChZ6BAIpKgQPqfoEA7bqBAD3qgQB+aoECSdKBAsaegQBySoEBUUaBA
EG+gQKvGoECdlqBA44mgQHN4oEBguaBARpagQMmVoEClkKBA3ZCgQMuFoEBKaKBArVqgQIN8
oECMpqBAUYugQMiCoEDteKBAeW6gQD58oEBWnqBAAGagQJ9ooECZgKBA032gQHxNoECtbKBA
m6qgQKmsoEDAlqBAuXCgQNNgoECvfKBAvX2gQEyQoEBdcaBANpCgQGBxoEBMk6BATIagQNjM
oEDWsqBAB3CgQL2ZoEBlWqBAin+gQMyBoEARXKBAuGigQCqYoEACbKBAjpSgQPiZoED4YqBA
eoqgQPKMoEC+eqBA4mugQCOBoEDkmKBAxm2gQDeBoECpqqBAP4KgQEGPoECQoqBAIaagQNGE
oEAtuKBAqIOgQMx6oEDFvaBA5Y6gQG6JoEC2e6BAVKugQENzoEC3oaBAPI+gQAuhoEDfsqBA
oqugQMeGoEDotKBA6LqgQFqaoEDrgKBAdcOgQLeSoEAwkKBAJKWgQDCsoEBgmqBA7ZmgQAmN
oEA+laBAtnygQNqzoEBnlKBA+cegQBiyoEAUfaBA58WgQOTIoEBtmKBAS5mgQJ+ooEBGfqBA
UIagQAuzoEDse6BAGJKgQD2XoEAenKBA+ZKgQC+moECSqKBAraqgQLGnoECx0KBAtregQO+M
oEBouKBA17agQJqVoEAPzKBAe7agQFS7oEAHoKBALaegQAdyoEAVnaBAcMKgQHqOoEAUsaBA
qZqgQLWPoEBJoKBALbqgQP2MoEBbpqBAXLWgQAapoEBwqqBAkKigQErBoEB1oaBAy8egQDzI
oEB+oqBAx6ygQDW5oEAGj6BAZbOgQICsoEB+hqBAEY2gQJKboEBqp6BA95SgQFq/oEB/46BA
q66gQHaHoEAzsqBADLSgQNyqoEDbtaBA8KWgQAqJoEBwyaBAt32gQM+5oECg1aBAP6egQMun
oEAr2KBA06ygQJ2coEDtxqBAf7OgQJ+YoEDRp6BAEragQEKeoECtw6BAMeCgQLqAoEA6hqBA
l9GgQBaroEDanKBAYtegQAWUoEBVrqBAgNigQLnFoEAzeqBAjqSgQFa+oECzs6BAQaugQOfF
oEBzuqBAyqigQLGOoEB1t6BAi42gQEyzoEAnw6BABbygQIvvoEACoaBA66igQI3moEAt4KBA
Ws6gQD+VoEC74KBAx7ugQJ7ToEBCzqBAG7OgQCi1oEDyyKBAucCgQBmVoEBF36BAK8egQDK4
oEAgyqBA9MigQJevoEDdu6BAftSgQHO0oEDN2aBAWtWgQM/ToECLwqBAReCgQF7aoECqr6BA
9+egQJjToEAFq6BACrqgQDrhoEAlsKBAx9mgQHbdoEBMsaBA2cKgQDTVoEDHu6BAZcmgQAPu
oED6yaBAta6gQHTGoEDLy6BAK6ygQOLcoEClyqBADbqgQPXUoED93qBAP9egQNvIoEAU5KBA
1d+gQAOpoED6w6BAF62gQIajoEDQ26BAjLSgQLSKoECT66BA8+mgQLfNoEBj9qBAu9qgQBaT
oEBJ2aBACOGgQFrPoEDc2KBACeSgQCPCoEB1xqBAqOSgQJLPoEChuqBAttegQJfXoEA0sKBA
frGgQGK+oEBk0KBApOmgQGzPoEC6rqBAMsCgQAjOoEAeuaBAa82gQAjioED8saBAjregQDrF
oEA34aBAI7SgQOj6oEDcz6BAGbmgQDv0oEDl6qBAz8ugQIv1oEDS66BA/NmgQKzVoEDE4KBA
YsmgQMa5oED10qBAErugQNa0oEDv9KBA2cigQIbnoED18aBAAOigQN3SoEAA86BABeSgQGnn
oEAb1aBAjeigQPPUoEAs6aBA2/KgQFDKoECAwaBAdNugQDDfoEDMuqBA8+WgQMj3oEDB56BA
IfigQHfjoEB60KBAr+WgQHHKoECBpaBApMWgQJL1oEAG66BAv/GgQPgCoUAK5KBA4sWgQNPu
oEAr76BAcsSgQFzToECh6aBA3sOgQD0UoUAB4qBAr7+gQOrioEDsvqBAadygQNbpoEB726BA
L/OgQMu6oECu7aBAJtOgQOqvoECD5KBABgWhQN6noECJ/qBA3QChQOLPoEAC2qBAO/2gQEfm
oEC/66BA+wKhQOfyoEDt66BATxOhQIvuoEBM0aBADgyhQDH9oEBrvqBA/cugQIEeoUDa16BA
3PKgQAj1oECb0aBAndqgQIb1oED/96BAXAKhQIwNoUAE2KBAK9qgQJ/woEDf5KBAN+agQBcl
oUBc0KBAgfigQAgCoUC1/6BAb7KgQCn7oEDt+KBAu9+gQF/3oEAGF6FAQNmgQCbQoEAP8qBA
0gKhQDsAoUDA6qBAk/CgQM/4oEA8A6FAXOqgQP7woECAs6BAudqgQIrjoECX76BAlwuhQBTt
oEA796BAEAyhQHHAoEDw16BAAf6gQKPVoEAq0qBAXuagQOzxoED1CaFAWOKgQO3noED94aBA
hOugQNTtoEDE0qBA6fygQOEGoUDw+qBA0+qgQIrhoEDw9aBAaAChQADxoEA666BA8f+gQMYf
oUDRFKFAvMqgQE0CoUBoC6FAz7CgQEbwoEDVGaFAbeCgQMP9oEDwE6FAyuKgQC7JoEA+E6FA
v+qgQJvjoEDp6aBASBqhQJ7woECA/6BAag2hQH7loEBH/aBAMvagQBjVoEBZ0qBAfgihQI4B
oUB+BqFAt/WgQJXXoEAy8KBA4R2hQKkHoUBS26BAQf+gQCYEoUAy+aBAcvCgQPIKoUCjBqFA
9/WgQPTwoED74qBAJvSgQD4ooUBq5aBAeAShQJ0UoUBZDqFAn9mgQAnxoEDrHqFAd+2gQBPj
oEBLMKFA4/SgQMTpoEDjMaFA+BmhQDnXoECfFaFAAxihQHHioEBYK6FAJeWgQIe8oED+E6FA
P/egQGj3oED0C6FAjByhQC3GoEA0O6FAn+CgQCsEoUDG9aBAsw6hQKfhoECwz6BAkNOgQFnn
oED796BA2+WgQL4eoUBjDqFAPu+gQGbzoEApDKFA4AChQMoPoUBR9KBA1w6hQCE4oUBN56BA
keqgQH4YoUBr/6BAJhahQCQCoUA+7aBAahmhQKgToUDMEaFAg/SgQMvqoEDRMaFAzM+gQDz/
oEDqJ6FATx+hQJz+oEC6HKFA6h2hQI4OoUDG4KBANQahQATpoEBtP6FAsh6hQI4FoUCs3KBA
BkmhQM4YoUDzBKFA0RChQLYmoUCYLKFAkguhQD8PoUCQ8KBAJ0mhQMNYoUAeCaFAgDmhQL35
oEADBKFApi+hQN8soUDsJaFAuBuhQMwwoUCKHKFAmRKhQBRXoUBcCaFAIBGhQIgjoUA826BA
qQuhQK8roUCsKqFADQ2hQPktoUD9HaFAvhehQPQloUDvC6FAxQyhQGELoUCdUqFAf/qgQHP7
oEB+NKFA3SShQGr1oEAhMKFAwBKhQIMAoUD2HKFAICmhQJ8ioUCGJKFADiChQOLzoEAfIaFA
aRChQDE2oUDpM6FArg6hQBURoUB0BKFA5hShQFUjoUBe+qBAtWihQP0SoUABFKFAOzehQE87
oUB+HKFAATmhQGFCoUDnHaFAKy+hQDA7oUDV+aBAXSehQNwvoUDNH6FA8SyhQBMUoUAlJqFA
yCChQAkvoUA+HaFASwmhQFtSoUCFPKFAmBGhQFIooUDkP6FAriehQBbPoEBVI6FAsjKhQG8k
oUD6EqFAHCihQFkSoUD4OKFAlEehQMgcoUCCJqFAZ1KhQGLxoECXNaFARx2hQCcgoUAEOaFA
TUyhQP4soUAyJKFAjlShQA4aoUA7OqFA/UGhQFFCoUBwJKFAxz+hQLVXoUB4FqFAeCOhQOA9
oUBcDqFAxQWhQIISoUDmKqFAAB+hQNVUoUCv8aBAHxShQLhIoUCqHaFAmjyhQBUaoUCWL6FA
jSShQJwpoUC7Y6FAuTyhQBoSoUByL6FA9hmhQNkPoUBseqFAbC+hQNj/oECKUqFADE+hQH9Y
oUAdPaFAMUahQG8FoUABJaFAnkGhQD0ToUDjMKFAMzyhQPY/oUBSRaFAmRChQA48oUDwIKFA
hF2hQEtQoUAO76BAWmehQCExoUAqMaFAxDuhQGdKoUCaLqFAAEihQHNboUAdH6FAT0GhQKY6
oUD8a6FAECChQCpEoUCxXaFA1zShQOxjoUDtQ6FAGhqhQFZSoUAnO6FAKiShQMU4oUCUSqFA
IiShQG82oUBIN6FA9z2hQHRloUDiZaFAOkqhQBEQoUDhMqFAtByhQNVMoUDUWKFAmEmhQFor
oUBpLaFAhzChQPNEoUD7SKFArl6hQPVHoUA4WqFAeV2hQJpKoUAAVqFA90ShQJQjoUDfS6FA
7WWhQDdnoUCUO6FA4EehQP41oUBpD6FAjlmhQPJvoUB7IqFA20mhQFNQoUBPRqFAGzGhQARS
oUABNaFATkyhQH9boUA+T6FA1BehQJtWoUANeKFAfyihQA5ToUCmLaFAzTOhQEM2oUBQVqFA
HiahQMBBoUBfQaFAQWehQMlSoUD8XaFAGk6hQOkkoUBwWqFA0i6hQJo8oUAIUqFA9lGhQNtE
oUBoUKFAr1ChQNpJoUCMXqFAuU6hQG1WoUCpW6FA/G+hQExroUBdMKFAqGShQOxKoUC5YqFA
m0WhQARqoUBwYqFAcjyhQDRwoUC9aaFAd0GhQMhuoUDbQqFAJWahQE6KoUB+VqFA3VyhQPVg
oUAOTqFAAVehQENuoUABQKFAAWGhQESWoUC3TaFAsTahQDRSoUDoc6FAaz6hQIJioUCYW6FA
aUuhQGJLoUCCcqFAaHShQJxGoUCDiaFAYEahQANPoUAIZ6FAsG6hQBFFoUBhQaFAClyhQIBj
oUBuV6FA13uhQJ43oUCqOKFAyF+hQLlFoUCLMqFAGHahQKKWoUBiUaFAHoGhQGRroUAEQ6FA
SUChQH4/oUBiaKFAlFahQFFQoUADT6FAJlShQM2ZoUB4ZqFArkmhQL+HoUATdaFA93KhQAWM
oUCcg6FAqWWhQGE1oUBMbaFAOEuhQHs2oUCuWaFA1FKhQON5oUCjS6FAkF6hQA9EoUDLjKFA
UYihQO1QoUCkjaFAP26hQG04oUAjYaFAY3KhQMxloUDQfKFAeWShQP4ooUD1XaFAZ1KhQN6U
oUCOgaFA+pmhQBx8oUC9XKFA7ZChQD5KoUDvi6FA6YyhQPRfoUCme6FAvG+hQPNwoUDBbaFA
iF6hQNeaoUBAbKFAOlihQI92oUB4haFAJl6hQJ2RoUDNS6FAH3ChQNSQoUCEVKFA/1ahQN18
oUDLbaFAYTqhQOh7oUC5aKFAikKhQFB9oUArZKFAJIChQBJVoUArd6FAr26hQB5roUBAe6FA
WXShQBxvoUB1nqFAXmehQE5aoUAzd6FAnZmhQLpeoUC+cKFAVqShQBZtoUDBf6FAB5GhQFpt
oUA5eaFAqIChQIlwoUBAW6FA+HyhQIKLoUDWWaFAz1mhQCBsoUAZcKFAuFOhQOaFoUCiZKFA
1nShQC2yoUDZX6FApUuhQO2LoUCwhaFA3WuhQL+EoUCckaFA34WhQM2LoUBkn6FAuU2hQClh
oUB4faFAkXahQDuMoUB0l6FA7nChQLagoUDZeqFAkoKhQG5koUCImaFAqZKhQFCloUBig6FA
n6GhQMZyoUCDhaFAYXWhQAaWoUBtiaFAyIGhQPdxoUDkfaFAPpChQBaKoUBtaqFAhqShQK1/
oUBcaaFAQ5yhQABkoUDDj6FA7LOhQHbYoUAfaaFAUH2hQPmOoUCNdKFAk4qhQGiooUCdfaFA
eXahQM2EoUC4hKFAbouhQMGqoUDCXKFAQ5+hQD6OoUDXk6FAUoWhQA+foUDok6FALVChQLeJ
oUDPiaFAf6WhQDq5oUBWmKFARXOhQJuYoUCvoKFAG5mhQM+0oUADqKFAf3ihQBdVoUDIdKFA
hIShQJJzoUDOiqFAk4ChQPp+oUBTcKFARbyhQNOZoUDsaKFASIOhQEuGoUDVdqFA5q+hQJmQ
oUAij6FAVqyhQOuMoUCcraFASrKhQEGgoUDDdqFAkpChQOSMoUDvpqFA25GhQLGBoUAHq6FA
BaKhQH7UoUBAvaFAx3+hQEiUoUBzk6FAHIehQDecoUC9dqFAmY2hQNWLoUDpqKFAxaChQAWC
oUA1sqFAsqahQBqloUDho6FAeqOhQIevoUAdiKFA47GhQL6hoUAck6FAw5uhQC95oUDIhqFA
gKWhQICIoUC2iqFAT6uhQOB3oUB2gaFAkKehQHGIoUCRbqFAcpShQJLOoUDrgqFAyLehQG+3
oUBEaqFAqn6hQGeloUChl6FAOYKhQM6JoUCxi6FAGZahQF2aoUB2cKFAAJyhQHWmoUDJlqFA
BF6hQByqoUBLmqFAIaGhQIyhoUDXuqFAf4qhQByIoUC/nqFAf2ChQMiXoUADtqFAYKmhQLmd
oUABqqFAtI6hQG6ZoUAPkaFAOoihQKJzoUCfmaFAIbShQC6WoUCNgaFAC7qhQMi2oUAZZqFA
asihQLmVoUCFoqFAAamhQEWMoUCgl6FA1bChQEiqoUAenqFAosuhQFuXoUDRq6FATZShQKCp
oUB5k6FA</AssayYData></Step><Step><CommonData><SampleLocation>5</SampleLocation><SampleID>Glycine</SampleID><SampleGroup></SampleGroup><SampleInfo></SampleInfo><SampleRow>B</SampleRow><SamplePlate>1</SamplePlate><WellType>REGENERATION</WellType><Concentration>-1</Concentration><ConcentrationUnits>µg/ml</ConcentrationUnits><MolarConcentration>-1</MolarConcentration><MolarConcUnits>nM</MolarConcUnits><MolecularWeight>0</MolecularWeight><Temperature>30</Temperature><StartTime>5955849</StartTime><AssayTime>5</AssayTime></CommonData><FlowRate>1000</FlowRate><StepType>KREGENERATION</StepType><StepName>Regeneration</StepName><StepStatus>OK</StepStatus><ActualTime>4.9998</ActualTime><CycleTime>0.2</CycleTime><AssayXData Points="25">PhCkRdgRpEVxE6RFDRWkRaQWpEU+GKRF2BmkRXEbpEULHaRFph6kRT4gpEXaIaRFcSOkRQ0l
pEWkJqRFPiikRdoppEVzK6RFDS2kRaQupEVAMKRF2DGkRXEzpEULNaRFpDakRQ==</AssayXData><AssayYData Points="25">7xfAP1tJtj95s7E/wJSuP8NyrD+b16k/lKunPyf6oz8tHqE/JHCfP0rsnD+vpZk/zDKYP6zn
lT8wxZM/dvCRPwRYkD9QII8/22+NPxbziz9BSIo/OZaJP/gWiD+w9YY/KhSGPw==</AssayYData></Step><Step><CommonData><SampleLocation>6</SampleLocation><SampleID>PBS</SampleID><SampleGroup></SampleGroup><SampleInfo></SampleInfo><SampleRow>B</SampleRow><SamplePlate>1</SamplePlate><WellType>NEUTRALIZATION</WellType><Concentration>-1</Concentration><ConcentrationUnits>µg/ml</ConcentrationUnits><MolarConcentration>-1</MolarConcentration><MolarConcUnits>nM</MolarConcUnits><MolecularWeight>0</MolecularWeight><Temperature>30</Temperature><StartTime>5968942</StartTime><AssayTime>5</AssayTime></CommonData><FlowRate>1000</FlowRate><StepType>KREGENERATION</StepType><StepName>Regeneration</StepName><StepStatus>OK</StepStatus><ActualTime>4.9998</ActualTime><CycleTime>0.2</CycleTime><AssayXData Points="25">PjikRdo5pEVxO6RFDT2kRaQ+pEU+QKRF2EGkRXFDpEUNRaRFpkakRUBIpEXYSaRFcUukRQ1N
pEWkTqRFPlCkRdhRpEVzU6RFDVWkRaZWpEU+WKRF2FmkRXNbpEULXaRFpF6kRQ==</AssayXData><AssayYData Points="25">ZKCQQL44kUB3t5FAchWSQCyJkkAJxZJAUtqSQI0Sk0CXXpNAaFGTQIauk0Bpt5NAh86TQHcZ
lEAIDpRAGDOUQP5nlEDsSZRAA1qUQL+NlECKkJRAkJqUQO6llEDwyJRAiNGUQA==</AssayYData></Step><Step><CommonData><SampleLocation>5</SampleLocation><SampleID>Glycine</SampleID><SampleGroup></SampleGroup><SampleInfo></SampleInfo><SampleRow>B</SampleRow><SamplePlate>1</SamplePlate><WellType>REGENERATION</WellType><Concentration>-1</Concentration><ConcentrationUnits>µg/ml</ConcentrationUnits><MolarConcentration>-1</MolarConcentration><MolarConcUnits>nM</MolarConcUnits><MolecularWeight>0</MolecularWeight><Temperature>30</Temperature><StartTime>5982026</StartTime><AssayTime>5</AssayTime></CommonData><FlowRate>1000</FlowRate><StepType>KREGENERATION</StepType><StepName>Regeneration</StepName><StepStatus>OK</StepStatus><ActualTime>4.9998</ActualTime><CycleTime>0.2</CycleTime><AssayXData Points="25">PmCkRdphpEVzY6RFD2WkRaRmpEU+aKRF2GmkRXFrpEULbaRFpm6kRT5wpEXYcaRFc3OkRQt1
pEWkdqRFPnikRdh5pEVze6RFC32kRaZ+pEU+gKRF2IGkRXGDpEULhaRFpIakRQ==</AssayXData><AssayYData Points="25">S2ahP36dmD8o3JI/dtGPP4sNjj+hD4s/HxuJPzXuhz/SIoY//MeEPxIVhD++F4I/pgWCPzQG
gT9K738/DGV+Py5ifD/SwHo/lmF5P0vJdz+2v3Y/LnR1P/1udD/Q0nM/KodzPw==</AssayYData></Step><Step><CommonData><SampleLocation>6</SampleLocation><SampleID>PBS</SampleID><SampleGroup></SampleGroup><SampleInfo></SampleInfo><SampleRow>B</SampleRow><SamplePlate>1</SamplePlate><WellType>NEUTRALIZATION</WellType><Concentration>-1</Concentration><ConcentrationUnits>µg/ml</ConcentrationUnits><MolarConcentration>-1</MolarConcentration><MolarConcUnits>nM</MolarConcUnits><MolecularWeight>0</MolecularWeight><Temperature>30</Temperature><StartTime>5995121</StartTime><AssayTime>5</AssayTime></CommonData><FlowRate>1000</FlowRate><StepType>KREGENERATION</StepType><StepName>Regeneration</StepName><StepStatus>OK</StepStatus><ActualTime>4.9998</ActualTime><CycleTime>0.2</CycleTime><AssayXData Points="25">PoikRdiJpEVxi6RFDY2kRaaOpEU+kKRF2JGkRXOTpEUNlaRFpJakRUCYpEXYmaRFc5ukRQ2d
pEWknqRFPqCkRdihpEVzo6RFDaWkRaSmpEU+qKRF2qmkRXOrpEUNraRFpK6kRQ==</AssayXData><AssayYData Points="25">bkyQQD4BkUBDbpFAlcWRQIE8kkAKfpJAvrKSQGr5kkCyG5NARR2TQEltk0AHf5NAPsaTQO79
k0A9BZRA4ASUQLk+lECMX5RAzEuUQPVNlEBYbZRAKp2UQCamlEDZuJRArLWUQA==</AssayYData></Step><Step><CommonData><SampleLocation>5</SampleLocation><SampleID>Glycine</SampleID><SampleGroup></SampleGroup><SampleInfo></SampleInfo><SampleRow>B</SampleRow><SamplePlate>1</SamplePlate><WellType>REGENERATION</WellType><Concentration>-1</Concentration><ConcentrationUnits>µg/ml</ConcentrationUnits><MolarConcentration>-1</MolarConcentration><MolarConcUnits>nM</MolarConcUnits><MolecularWeight>0</MolecularWeight><Temperature>30</Temperature><StartTime>6008206</StartTime><AssayTime>5</AssayTime></CommonData><FlowRate>1000</FlowRate><StepType>KREGENERATION</StepType><StepName>Regeneration</StepName><StepStatus>OK</StepStatus><ActualTime>4.9998</ActualTime><CycleTime>0.2</CycleTime><AssayXData Points="25">PrCkRdqxpEVxs6RFDbWkRaa2pEU+uKRF2rmkRXG7pEULvaRFpr6kRT7ApEXawaRFc8OkRQvF
pEWkxqRFQsikRdjJpEVxy6RFDc2kRaTOpEU+0KRF2tGkRXPTpEUL1aRFpNakRQ==</AssayXData><AssayYData Points="25">o3ydPyeYlT8wZ5A/X4eMPwpFiz/604g/4r2GP2dvhT+EM4Q/B0ODP/L+gj/bGoE/uNSAPytp
fz+Fmn4/mWp8P0MrfD9JrHs/H6d5P25neD+NtHc/uM51Px7IdD+ayXQ/aa50Pw==</AssayYData></Step><Step><CommonData><SampleLocation>6</SampleLocation><SampleID>PBS</SampleID><SampleGroup></SampleGroup><SampleInfo></SampleInfo><SampleRow>B</SampleRow><SamplePlate>1</SamplePlate><WellType>NEUTRALIZATION</WellType><Concentration>-1</Concentration><ConcentrationUnits>µg/ml</ConcentrationUnits><MolarConcentration>-1</MolarConcentration><MolarConcUnits>nM</MolarConcUnits><MolecularWeight>0</MolecularWeight><Temperature>30</Temperature><StartTime>6021305</StartTime><AssayTime>5</AssayTime></CommonData><FlowRate>1000</FlowRate><StepType>KREGENERATION</StepType><StepName>Regeneration</StepName><StepStatus>OK</StepStatus><ActualTime>4.9998</ActualTime><CycleTime>0.2</CycleTime><AssayXData Points="25">PtikRdjZpEVx26RFC92kRaTepEVA4KRF2uGkRXHjpEUN5aRFpuakRT7opEXY6aRFceukRQvt
pEWm7qRFPvCkRdjxpEVx86RFC/WkRab2pEVA+KRF2vmkRXH7pEUL/aRFpP6kRQ==</AssayXData><AssayYData Points="25">jZCRQOMekkDmb5JAKtGSQJ5Bk0DBfJNAAr2TQMxClEAiQ5RAG06UQEBPlEB2eZRAXLGUQKrq
lEBC7pRAsAWVQKgYlUAaUZVAtGCVQHqBlUAajJVA7aiVQOS7lUDKypVAh9yVQA==</AssayYData></Step><Step><CommonData><SampleLocation>1</SampleLocation><SampleID>Octet Buffer</SampleID><SampleGroup></SampleGroup><SampleInfo></SampleInfo><SampleRow>A</SampleRow><SamplePlate>1</SamplePlate><WellType>BUFFER</WellType><Concentration>-1</Concentration><ConcentrationUnits>µg/ml</ConcentrationUnits><MolarConcentration>-1</MolarConcentration><MolarConcUnits>nM</MolarConcUnits><MolecularWeight>0</MolecularWeight><Temperature>30</Temperature><StartTime>6035727</StartTime><AssayTime>20</AssayTime></CommonData><FlowRate>1000</FlowRate><StepType>CUSTOM</StepType><StepName>Sensor Check</StepName><StepStatus>OK</StepStatus><ActualTime>19.9998</ActualTime><CycleTime>0.2</CycleTime><AssayXData Points="100">PgClRdoBpUVzA6VFDQWlRaQGpUU+CKVF2AmlRXELpUULDaVFpA6lRT4QpUXaEaVFcxOlRQsV
pUWmFqVFQBilRdoZpUVzG6VFCx2lRaYepUU+IKVF2iGlRXMjpUULJaVFpCalRT4opUXaKaVF
cSulRQstpUWkLqVFPjClRdgxpUVxM6VFDTWlRaQ2pUVAOKVF2DmlRXE7pUUNPaVFpD6lRUBA
pUXYQaVFcUOlRQtFpUWkRqVFPkilRdpJpUVzS6VFC02lRaROpUVAUKVF2FGlRXNTpUULVaVF
pFalRT5YpUXaWaVFc1ulRQ1dpUWkXqVFPmClRdhhpUVzY6VFC2WlRaRmpUU+aKVF4mmlRXNr
pUUNbaVFpG6lRT5wpUXYcaVFcXOlRQ11pUWkdqVFPnilRdp5pUVze6VFDX2lRaZ+pUVAgKVF
2oGlRXGDpUUNhaVFpoalRT6IpUXYiaVFcYulRQ2NpUWkjqVFPpClRdiRpUVxk6VFDZWlRaaW
pUVAmKVF2pmlRXGbpUUNnaVFpJ6lRQ==</AssayXData><AssayYData Points="100">O7aPQC0DjkDunYxAu86LQKoki0A0wYpAUYOKQPR1ikDmXopAskOKQLByikD2YopAz1mKQGap
ikAtp4pAYNmKQDmxikBL/4pAoumKQPX7ikCJA4tANDeLQA0Wi0CjS4tAlVCLQLxOi0BXd4tA
emSLQJU5i0ChjItA/rWLQBKIi0C0wotAdcaLQB6qi0D+v4tAOMuLQCzui0DFpYtArfGLQMXE
i0DJ1otAjfiLQMwhjEBp5YtA4huMQP8jjEBFHYxANzKMQJlCjEBJLoxACyGMQA8hjEDrI4xA
7BiMQPltjECLV4xATTmMQAuIjEBmi4xA0W2MQBdfjECLcIxA1X6MQCKojEB6nYxA7YaMQGaQ
jEBrs4xAjo6MQHR6jEAXkIxAZJyMQEKljEB+vYxAUMaMQIygjEBIy4xAteiMQD2vjEA9wIxA
EuOMQGTJjEDi6IxAWemMQNrojED93YxAteSMQPf/jEBABY1ARRmNQEcPjUAMAI1Aau6MQIIG
jUBeKY1ASgSNQGcOjUBlAI1AGhGNQA==</AssayYData></Step><Step><CommonData><SampleLocation>18</SampleLocation><SampleID>SI-157X62_P5536</SampleID><SampleGroup></SampleGroup><SampleInfo></SampleInfo><SampleRow>A</SampleRow><SamplePlate>1</SamplePlate><WellType>KLOAD</WellType><Concentration>5</Concentration><ConcentrationUnits>µg/ml</ConcentrationUnits><MolarConcentration>5000</MolarConcentration><MolarConcUnits>nM</MolarConcUnits><MolecularWeight>0</MolecularWeight><Temperature>30</Temperature><StartTime>6066996</StartTime><AssayTime>120</AssayTime></CommonData><FlowRate>1000</FlowRate><StepType>LOADING</StepType><StepName>Loading</StepName><StepStatus>OK</StepStatus><ActualTime>120</ActualTime><CycleTime>0.2</CycleTime><AssayXData Points="600">PqClRdihpUVxo6VFDaWlRaSmpUVAqKVF2KmlRXGrpUULraVFpK6lRUCwpUXYsaVFcbOlRQu1
pUWktqVFPrilRdq5pUVxu6VFDb2lRaS+pUU+wKVF2MGlRXHDpUULxaVFpsalRT7IpUXYyaVF
cculRQvNpUWmzqVFPtClRdrRpUVx06VFC9WlRaTWpUU+2KVF2NmlRXHbpUUL3aVFqN6lRT7g
pUXY4aVFceOlRQvlpUWm5qVFPuilRdrppUVx66VFC+2lRabupUU+8KVF2vGlRXHzpUUL9aVF
pvalRUD4pUXY+aVFcfulRQ39pUWk/qVFPgCmRdgBpkVxA6ZFDQWmRaYGpkU+CKZF2gmmRXEL
pkUNDaZFpg6mRT4QpkXYEaZFcROmRQsVpkWkFqZFPhimRdgZpkVzG6ZFDR2mRaQepkU+IKZF
2CGmRXEjpkULJaZFpCamRT4opkXYKaZFcyumRQ0tpkWoLqZFQDCmRdgxpkVxM6ZFCzWmRaQ2
pkU+OKZF2DmmRXE7pkULPaZFpj6mRUBApkXYQaZFcUOmRQ1FpkWkRqZFPkimRdhJpkVxS6ZF
DU2mRaROpkU+UKZF2FGmRXFTpkULVaZFpFamRT5YpkXaWaZFcVumRQtdpkWkXqZFPmCmRdph
pkVxY6ZFC2WmRaZmpkVAaKZF2GmmRXFrpkUNbaZFpm6mRT5wpkXYcaZFcXOmRQt1pkWkdqZF
PnimRdp5pkVze6ZFDX2mRaR+pkU+gKZF2IGmRXODpkUNhaZFpIamRUCIpkXYiaZFc4umRQ2N
pkWkjqZFPpCmRdiRpkVxk6ZFC5WmRaaWpkVAmKZF2JmmRXGbpkUNnaZFpJ6mRUCgpkXYoaZF
caOmRQ2lpkWkpqZFPqimRdqppkVxq6ZFC62mRaaupkU+sKZF2LGmRXGzpkULtaZFpLamRUC4
pkXauaZFcbumRQu9pkWkvqZFPsCmRdjBpkVxw6ZFC8WmRabGpkU+yKZF2smmRXPLpkULzaZF
pM6mRT7QpkXY0aZFcdOmRQvVpkWm1qZFPtimRdjZpkVx26ZFC92mRabepkU+4KZF2OGmRXPj
pkUN5aZFpOamRT7opkXY6aZFceumRQ3tpkWk7qZFPvCmRdjxpkVx86ZFDfWmRaT2pkU++KZF
2vmmRXH7pkUL/aZFpP6mRUAAp0XaAadFcwOnRQ0Fp0WkBqdFQAinRdoJp0VxC6dFCw2nRaQO
p0U+EKdF2hGnRXETp0UNFadFpBanRUAYp0XaGadFcRunRQsdp0WkHqdFPiCnRdghp0VxI6dF
DSWnRaQmp0U+KKdF2CmnRXErp0UNLadFpC6nRT4wp0XYMadFczOnRQ01p0WkNqdFPjinRdo5
p0VxO6dFCz2nRaY+p0U+QKdF2EGnRXNDp0ULRadFpEanRUBIp0XYSadFcUunRQtNp0WmTqdF
PlCnRdhRp0VzU6dFDVWnRaRWp0U+WKdF2lmnRXNbp0ULXadFpF6nRUBgp0XYYadFc2OnRQ1l
p0WmZqdFPminRdhpp0Vxa6dFC22nRaRup0U+cKdF2HGnRXFzp0UNdadFpHanRT54p0XaeadF
c3unRQ19p0WkfqdFQICnRdiBp0Vxg6dFC4WnRaaGp0U+iKdF2ImnRXGLp0ULjadFpI6nRT6Q
p0XakadFcZOnRQ2Vp0WklqdFPpinRdqZp0Vxm6dFC52nRaSep0U+oKdF2qGnRXOjp0UNpadF
pKanRT6op0XYqadFc6unRQutp0WmrqdFPrCnRdqxp0Vxs6dFC7WnRaa2p0U+uKdF2LmnRXG7
p0UNvadFpL6nRUDAp0XYwadFccOnRQvFp0WmxqdFQsinRdjJp0Vxy6dFDc2nRabOp0U+0KdF
2tGnRXHTp0UL1adFpNanRUDYp0XY2adFcdunRQvdp0Wm3qdFPuCnRdjhp0Vx46dFDeWnRaTm
p0U+6KdF2OmnRXHrp0UL7adFpO6nRT7wp0Xa8adFcfOnRQ31p0Wm9qdFPvinRdj5p0Vx+6dF
C/2nRaT+p0U+AKhF2gGoRXEDqEUNBahFpAaoRT4IqEXaCahFcwuoRQsNqEWkDqhFQBCoRdoR
qEVxE6hFCxWoRaYWqEVAGKhF2BmoRXEbqEULHahFpB6oRT4gqEXYIahFcyOoRQslqEWmJqhF
QCioRdgpqEVxK6hFCy2oRaQuqEVAMKhF2jGoRXMzqEULNahFpDaoRT44qEXYOahFcTuoRQs9
qEWmPqhFPkCoRdhBqEVxQ6hFC0WoRaRGqEVASKhF2EmoRXNLqEULTahFpk6oRUBQqEXYUahF
c1OoRQtVqEWmVqhFQFioRdhZqEVxW6hFC12oRaZeqEU+YKhF2GGoRXNjqEUNZahFpmaoRUBo
qEXYaahFc2uoRQttqEWmbqhFPnCoRdhxqEVxc6hFC3WoRaZ2qEU+eKhF2HmoRXN7qEUNfahF
pn6oRT6AqEXagahFcYOoRQuFqEWmhqhFPoioRdiJqEVxi6hFC42oRaSOqEU+kKhF2JGoRXOT
qEULlahFppaoRT6YqEXYmahFcZuoRQ2dqEWmnqhFPqCoRdqhqEVzo6hFC6WoRaamqEU+qKhF
2KmoRXOrqEULrahFpK6oRT6wqEXYsahFcbOoRQu1qEWktqhFPrioRdq5qEVxu6hFDb2oRaS+
qEVAwKhF2MGoRXPDqEUNxahFpsaoRT7IqEXYyahFc8uoRQvNqEWkzqhFPtCoRdrRqEVx06hF
C9WoRaTWqEU+2KhF2NmoRXHbqEUL3ahFpt6oRT7gqEXY4ahFc+OoRQ3lqEWk5qhFPuioRdjp
qEVx66hFC+2oRaTuqEU+8KhF2PGoRXHzqEUN9ahFpPaoRT74qEXa+ahFc/uoRQv9qEWm/qhF
PgCpRdgBqUVzA6lFDQWpRaYGqUVACKlF2AmpRXMLqUULDalFpA6pRUAQqUXYEalFcROpRQ0V
qUWmFqlFPhipRdgZqUVzG6lFDR2pRaQeqUVAIKlF2iGpRXEjqUULJalFpCapRT4oqUXYKalF
cyupRQstqUWkLqlFPjCpRdgxqUVxM6lFCzWpRaQ2qUU+OKlF2DmpRXM7qUUNPalFpj6pRUBA
qUXYQalFc0OpRQtFqUWkRqlFQEipRdhJqUVzS6lFDU2pRaROqUVAUKlF2FGpRXFTqUULValF
pFapRUBYqUXYWalFc1upRQ1dqUWkXqlF</AssayXData><AssayYData Points="600">RD2MQAeTjEBpuYxAXO+MQMb9jEAxG41AtyaNQCKGjUCAjo1AiIqNQNHBjUBT341AqduNQDTt
jUDeBo5AZQeOQGoljkDiKo5Am0eOQFB+jkDXvY5AHXmOQA6YjkCzvo5AgPuOQDzmjkDpDY9A
fyqPQIUpj0CtYI9AE0+PQM5jj0DJno9Ay6aPQG+Sj0Ce0I9AVO+PQOC6j0A5/o9AryOQQE4d
kEAUI5BAD1aQQIlokEA2S5BAUKKQQCOokEDRjpBAsbOQQAPJkEBa3ZBAtt+QQFAAkUC1LpFA
ySuRQGdCkUCZMpFADlGRQIiGkUDnfJFAToKRQP67kUAcvZFAuLORQNa3kUBE+ZFAuOGRQIQm
kkC3JJJAgUSSQD19kkBLdpJA81mSQPlMkkAvrpJAoLmSQMWjkkB40ZJA58WSQA2tkkCV9pJA
RyiTQKUQk0AIIZNAbUeTQK5dk0BxVpNAv2KTQGaJk0ADnZNAWteTQDGlk0ArwJNAAs+TQJr1
k0Db95NAgQuUQKwwlEBOL5RAe0iUQAJVlEAAbJRA1jqUQLGKlEB7epRABMCUQGnDlEBoypRA
zK2UQHfSlEAn4ZRAfeiUQFoXlUBFFZVAAPuUQHA6lUCpa5VAwlGVQNNslUCwd5VARoyVQMSe
lUCBgpVA6qKVQDHZlUBqxpVAD+qVQBTPlUAf+JVA0AaWQFRWlkC6UpZAzE2WQLUvlkCAdZZA
komWQMpwlkCFmZZAiZyWQI6dlkCcrpZAo8yWQHLGlkDTypZAdueWQEkRl0BI9pZAygqXQJMY
l0D+E5dAulqXQDpQl0AsNZdA+3GXQCSFl0DpgZdAK3KXQLKIl0DUpZdAkaCXQPnWl0AZ8ZdA
SdKXQC7ul0DAGJhAuOqXQHcGmEBtOZhAuDaYQGVWmECHT5hA5x2YQDM9mEBaVJhAllaYQFXF
mEAhiJhAooKYQF28mEBdzZhAHtGYQHy+mEBO1ZhAisOYQEz0mEAE95hAmfuYQBwYmUAlQplA
8DWZQLk1mUBSUJlAC3eZQIhOmUC0cplAimSZQN1rmUCNgplA546ZQNOXmUDhq5lAj86ZQHrJ
mUCwz5lAtPqZQKvgmUCrF5pAFvmZQHUVmkDMJJpAagCaQOtWmkC+JppA+FeaQLmAmkCaV5pA
IUSaQOKHmkB5dZpA2l6aQPqpmkBWe5pAbYmaQPm+mkBHoppAxtSaQNi8mkAV8JpAaNCaQBjN
mkAO35pAViKbQAchm0CvLptAvCibQLQim0AFXJtAoRebQP1Am0CGTptAeGabQLthm0BifptA
zX+bQINOm0C2hZtAvKebQECrm0BrqptANa+bQCm5m0Dn1ZtAk/ObQC7Zm0Cq6JtAQfCbQIIT
nEAC9ptABfabQC8enEBoGpxAfyqcQAFQnEBwS5xAs0WcQBZfnEA1apxA7gGcQOtqnEBHVJxA
r3ycQKV7nEAff5xAYaacQPmVnEAXlpxAnqScQNi3nEBCo5xAc+CcQErLnEBUyJxAbeecQETM
nED495xA9h2dQL4XnUDH2ZxAnhKdQEYbnUByGp1AIBedQBwgnUDOI51AWWWdQM02nUDQZJ1A
dHCdQFCBnUCRc51AA3adQGqGnUCGhJ1ASZqdQAOYnUDIsp1AkoSdQHSnnUDss51AcaydQAbU
nUA4tJ1ALdadQDDanUCt1J1AsMmdQJo1nkDDCp5A+NOdQNDlnUBN+Z1AEx2eQD4LnkCVKJ5A
ZzOeQF0QnkBAVJ5AjTaeQLJinkDAS55AclieQDlpnkA2WJ5AhZCeQBhQnkDjfZ5AH1ueQB2U
nkBqnp5AyqKeQJifnkCWpZ5AErKeQNaznkCHz55ARdOeQKPUnkB0rJ5AJNieQGvDnkD8y55A
MveeQBAEn0CH455A5xSfQOfonkBYCp9A2CCfQCAIn0ASEZ9AB0OfQDJHn0BVMZ9AZDufQKkk
n0A5P59AAkyfQFRTn0C6Mp9A11ifQMZjn0AKcp9AEWqfQOV2n0CRg59AiWifQCV4n0Cqep9A
mpKfQD2Wn0BHvp9AwY2fQBCan0Ahw59ALbufQCjGn0D2059APOOfQHa+n0By2p9AteefQAXi
n0Aszp9ArSCgQEvyn0BnCKBAngugQCn3n0CS2p9AKj6gQLcdoEB9BqBAajagQOMmoEA3SaBA
Ny6gQCNQoECQOaBAqk2gQN8zoEC+faBA4TygQIRvoEC2daBA+1ygQPWDoEBJWqBAmYygQF98
oECAh6BAXIegQOOjoEACzaBAz4WgQFPGoEAA36BAQrOgQP7koEBh06BATaygQIzloEBI06BA
DsmgQLH7oEDE+aBAs/+gQLbToEBe+aBA+OegQALhoECa5aBAKAmhQPrqoEBNAaFAVDKhQNYw
oUC6HaFA4zahQAEpoUAOOqFAzV2hQBQ7oUCeQqFAPSmhQIVGoUBmRaFAqHmhQEZdoUCVRaFA
bomhQHt5oUCnZ6FAvFKhQJ2HoUBhi6FAhHahQMVtoUDloqFAS4yhQIqaoUBdoKFAQYWhQCSw
oUCFq6FA0cmhQMTkoUCErqFAhqOhQECwoUAbz6FAA9ChQA+4oUB/5KFAFv+hQLQAokDF9qFA
EAiiQH/goUB+DqJAPxOiQOTooUAiAKJA/FGiQB8FokCKO6JAIyOiQF8WokDkCKJA6CSiQNdP
okBoK6JAnnCiQO4hokCVIaJAi1OiQPhIokB3MqJAnh2iQJpUokDyOqJAJo6iQO5ookADUaJA
GXeiQIduokB2fKJAAqKiQO2BokB1XqJAdY+iQKWWokAchKJAn5aiQLPBokCJmKJAzrOiQJLj
okB4qqJABLaiQP22okAqvqJAb8SiQJjnokA6z6JAbsqiQGrNokB3+qJA4eCiQC/fokCpxKJA
HuqiQOP/okCe4qJAIf2iQDHeokDF+6JAKhWjQNX8okBcAqNA4B2jQN78okADDaNACQGjQAgj
o0AOC6NA1ymjQCoFo0A5KKNASz+jQMk6o0DkMaNAHkujQI4Uo0CbJ6NADS2jQA1Vo0D+J6NA
LDmjQLBIo0BuSKNAnVmjQDRto0AjZKNAGlKjQCuLo0CEaKNAx2GjQI5yo0CGaaNA0mqjQIGI
o0DlhKNASlqjQLe8o0Cgv6NAf4SjQGR3o0AUuKNAioqjQF24o0AAm6NAAc+jQF+jo0DunaNA
zrejQFmto0DeyqNA1sKjQPPGo0Alv6NA</AssayYData></Step><Step><CommonData><SampleLocation>1</SampleLocation><SampleID>Octet Buffer</SampleID><SampleGroup></SampleGroup><SampleInfo></SampleInfo><SampleRow>A</SampleRow><SamplePlate>1</SamplePlate><WellType>BUFFER</WellType><Concentration>-1</Concentration><ConcentrationUnits>µg/ml</ConcentrationUnits><MolarConcentration>-1</MolarConcentration><MolarConcUnits>nM</MolarConcUnits><MolecularWeight>0</MolecularWeight><Temperature>30</Temperature><StartTime>6198454</StartTime><AssayTime>100</AssayTime></CommonData><FlowRate>1000</FlowRate><StepType>BASELINE</StepType><StepName>Baseline</StepName><StepStatus>OK</StepStatus><ActualTime>100.001</ActualTime><CycleTime>0.2</CycleTime><AssayXData Points="500">PmCpRdhhqUVxY6lFC2WpRaRmqUU+aKlF2mmpRXNrqUUNbalFpm6pRT5wqUXacalFcXOpRQt1
qUWmdqlFQHipRdh5qUVxe6lFDX2pRaR+qUVAgKlF2oGpRXODqUUNhalFpoapRT6IqUXYialF
c4upRQuNqUWkjqlFPpCpRdiRqUVxk6lFC5WpRaSWqUU+mKlF2pmpRXGbqUULnalFpJ6pRT6g
qUXYoalFcaOpRQulqUWmpqlFQKipRdipqUVxq6lFC62pRaSuqUU+sKlF2LGpRXGzqUULtalF
pLapRT64qUXYualFcbupRQu9qUWkvqlFQMCpRdjBqUVxw6lFC8WpRaTGqUVAyKlF2smpRXPL
qUUNzalFps6pRUDQqUXY0alFcdOpRQ3VqUWk1qlFQNipRdjZqUVx26lFC92pRaTeqUVA4KlF
2uGpRXPjqUUN5alFpOapRT7oqUXY6alFc+upRQvtqUWk7qlFPvCpRdjxqUVx86lFD/WpRaT2
qUU++KlF2vmpRXH7qUUL/alFpP6pRT4AqkXYAapFcQOqRQ0FqkWkBqpFPgiqRdgJqkVzC6pF
Cw2qRaYOqkU+EKpF2BGqRXMTqkULFapFphaqRT4YqkXYGapFcRuqRQ0dqkWmHqpFPiCqRdgh
qkVxI6pFDSWqRaQmqkU+KKpF2imqRXErqkUNLapFpi6qRUAwqkXaMapFcTOqRQs1qkWkNqpF
QDiqRdg5qkVxO6pFCz2qRaY+qkU+QKpF2kGqRXFDqkULRapFpkaqRT5IqkXYSapFc0uqRQ1N
qkWkTqpFQFCqRdhRqkVxU6pFC1WqRaZWqkVAWKpF2FmqRXFbqkUNXapFpl6qRT5gqkXYYapF
cWOqRQtlqkWmZqpFPmiqRdppqkVxa6pFC22qRaRuqkU+cKpF2HGqRXNzqkULdapFpHaqRUB4
qkXYeapFcXuqRQt9qkWkfqpFPoCqRdiBqkVxg6pFC4WqRaSGqkU+iKpF2omqRXOLqkULjapF
pI6qRT6QqkXakapFc5OqRQ2VqkWklqpFPpiqRdqZqkVxm6pFDZ2qRaaeqkU+oKpF2KGqRXGj
qkUNpapFpKaqRT6oqkXYqapFcauqRQutqkWkrqpFPrCqRdqxqkVzs6pFDbWqRaa2qkU+uKpF
2LmqRXO7qkULvapFpL6qRT7AqkXYwapFccOqRQvFqkWkxqpFPsiqRdrJqkVxy6pFC82qRabO
qkU+0KpF2NGqRXHTqkUN1apFptaqRT7YqkXY2apFc9uqRQ3dqkWk3qpFQuCqRdrhqkVz46pF
DeWqRaTmqkVA6KpF2OmqRXHrqkUN7apFCe+qRU7wqkXa8apFB/SqRU71qkWk9qpFQPiqRdj5
qkVx+6pFC/2qRaT+qkVAAKtF2gGrRXEDq0ULBatFpgarRT4Iq0XaCatFcQurRQsNq0WkDqtF
QBCrRdgRq0VxE6tFCxWrRaYWq0VAGKtF2BmrRXMbq0ULHatFph6rRUAgq0XaIatFcSOrRQsl
q0WkJqtFPiirRdgpq0VxK6tFDS2rRaYuq0U+MKtF2DGrRXEzq0UNNatFpDarRT44q0XYOatF
cTurRQs9q0WmPqtFQECrRdhBq0VzQ6tFC0WrRaRGq0U+SKtF2EmrRXFLq0UNTatFpk6rRT5Q
q0XaUatFc1OrRQ1Vq0WkVqtFPlirRdhZq0VzW6tFDV2rRaReq0U+YKtF2GGrRXNjq0ULZatF
pGarRUBoq0XaaatFcWurRQttq0WmbqtFPnCrRdhxq0Vxc6tFC3WrRaR2q0U+eKtF2HmrRXF7
q0ULfatFpH6rRUCAq0XagatFc4OrRQuFq0WmhqtFQIirRdiJq0Vzi6tFC42rRaSOq0U+kKtF
2JGrRXGTq0ULlatFpJarRT6Yq0XYmatFc5urRQudq0WknqtFQKCrRdqhq0Vxo6tFC6WrRaSm
q0U+qKtF2KmrRXGrq0UNratFpK6rRUCwq0XasatFcbOrRQu1q0WmtqtFPrirRdq5q0Vzu6tF
Db2rRaS+q0VAwKtF2MGrRXHDq0ULxatFpMarRT7Iq0XYyatFccurRQ3Nq0WmzqtFQNCrRdjR
q0Vx06tFC9WrRaTWq0VA2KtF2tmrRXHbq0UL3atFpN6rRUDgq0XY4atFc+OrRQ3lq0Wk5qtF
QOirRdjpq0Vx66tFC+2rRaTuq0VA8KtF2PGrRXHzq0UN9atFpParRT74q0XY+atFcfurRQv9
q0Wk/qtFPgCsRdoBrEVxA6xFCwWsRaYGrEVACKxF2AmsRXELrEULDaxFpg6sRT4QrEXaEaxF
cxOsRQsVrEWmFqxFPhisRdgZrEVxG6xFCx2sRaYerEU+IKxF2CGsRXEjrEUNJaxFpCasRUAo
rEXaKaxFcSusRQstrEWkLqxFPjCsRdgxrEVxM6xFDTWsRaQ2rEU+OKxF2DmsRXE7rEUNPaxF
pD6sRT5ArEXYQaxFcUOsRQ1FrEWmRqxFPkisRdhJrEVzS6xFC02sRaROrEU+UKxF2FGsRXFT
rEULVaxFplasRT5YrEXYWaxFcVusRQtdrEWmXqxFPmCsRdhhrEVzY6xFC2WsRaRmrEU+aKxF
2mmsRXNrrEUNbaxFpG6sRT5wrEXYcaxFc3OsRQt1rEWkdqxFQHisRdp5rEVxe6xFDX2sRaZ+
rEU=</AssayXData><AssayYData Points="500">aQykQKsMpECGPKRAx1ikQH9rpEB5P6RAXo6kQJGRpEDAV6RAoV+kQNKJpEDcnqRALJGkQJK1
pEAnnKRAWoukQBmfpED1maRAObKkQBeopEArw6RAFGqkQCzapECos6RARbSkQK7NpEDawaRA
vbWkQEK8pEBp5KRAs8akQGq/pEBO6aRAycmkQHK4pEA+46RArbOkQLzApEBIyKRAjr+kQJWe
pEDPo6RA9sikQCWfpEBcuaRAA+CkQIu2pEDYzqRAuvOkQJbjpECz4qRAZtGkQLzfpEBVtaRA
3fukQBHFpECb4qRApt+kQKvspECUy6RA/8WkQIHepEC7zaRApNGkQEbnpEBG26RAJcOkQNzi
pECW4aRAkMOkQNfYpEDZ16RAU8+kQDTQpEBp86RAGsekQLvOpEBc0KRAIsykQHHkpEB15aRA
zNakQB7BpEDV9aRAC+WkQLrNpEBX+aRAFbSkQKq5pEBi5qRAWtCkQJ/YpEA566RALuKkQGjS
pEAA36RAtd6kQMT2pEDS1qRAEPukQAfSpECUvqRAcd6kQMnapEAgx6RAHeqkQJr8pEBH4KRA
BwKlQLX6pEDG2qRAlt2kQBUKpUDw66RAXM2kQJAKpUBXyKRAL8ikQKIWpUBqCKVAlf+kQEj4
pEC95qRAlgmlQJYhpUDqE6VAjQKlQPHipEDmEqVAc9GkQBT6pECCCaVA7RilQJExpUB+AKVA
ePCkQM7npEDkFaVAyNykQCHapEBF7aRAxeykQALmpECmBaVAHQmlQGvtpEAR7qRAtwOlQADO
pECD16RAvPikQPQCpUAb/KRALRKlQB79pEDpJ6VAiCWlQDgGpUCM/KRAc92kQKorpUA39KRA
PPakQA44pUBV9aRA0fGkQJYGpUBq3KRA4AqlQA4xpUDkDaVAVeqkQPfmpEB7HqVAIgGlQNz7
pEDUCKVAUxylQAMjpUCoDKVA7helQKAEpUB5HaVA5zylQC4hpUCjNaVAyiSlQPgJpUDuHqVA
gBKlQKP8pECSHaVA7fKkQJoCpUBJCKVA5vOkQBQcpUBS9KRAUCClQNnwpEAe+aRA4x6lQBAl
pUDg+6RAuxWlQF8hpUAY8KRAjSClQIUipUBgC6VAqtakQLQrpUABGqVAHhilQN5NpUAKSqVA
/kGlQOE2pUArJ6VAfxWlQKw5pUD1JaVArhSlQLQ5pUDMK6VAWSalQL5DpUCJRKVAQRulQL8a
pUBFPKVAGzylQAYgpUCCNaVAph+lQFQypUAXYaVAmCClQLUxpUBfWqVA2UelQA04pUDzB6VA
pWSlQPnhpECRSqVAEVSlQIIfpUC//qRA3T2lQGkRpUAFPaVAMXGlQHYRpUCHLqVA20alQJo7
pUCnHqVAwTClQKdNpUBzL6VAXiClQHtQpUBCEqVAfjClQEhRpUBHIaVA3iilQAJspUB/MaVA
5DKlQHQjpUApQqVAzwmlQKVSpUBDOaVAhiKlQAZmpUBwEaVA4TalQOc9pUAmVKVAdgalQHpD
pUCMQ6VAgkGlQPMRpUAHRaVAMD+lQPBBpUD8X6VAVWSlQGQvpUByTaVAEWOlQDAdpUA6PKVA
A12lQCYspUCWRaVAbUqlQAZBpUCRVKVAfTSlQMZMpUCKI6VAzXOlQE5wpUDmPqVAB1mlQPta
pUAXQKVAQFilQO8/pUBZSqVAgU+lQN9PpUAQOKVAUEmlQDpMpUBlS6VABlalQINNpUD5eqVA
DzilQJhRpUDbWqVAMjalQAV4pUBGV6VA/j6lQB5tpUDkbaVAZFGlQJVUpUCZiqVALUelQIB9
pUANWaVAZ0ylQFFOpUDjVKVAUXSlQEFnpUBAgKVA11+lQONkpUAcfKVAaG2lQKZlpUBlaKVA
RXOlQNthpUCccqVAAHulQERFpUB7ZaVAg32lQHV9pUCXZ6VAa26lQJJSpUDqXaVAvHGlQEBk
pUAKSKVAPDylQA5jpUBWUKVASFalQEx6pUBreqVAMW+lQNlapUC8TaVAWFqlQMOSpUCEbaVA
VlOlQH+FpUCYnqVAIHSlQHNopUB2d6VAFnClQECJpUB1aaVAK2elQChxpUB2naVAxnSlQG53
pUARbqVA/4KlQLVypUB0paVAKpKlQPZppUDadaVAx7elQEmMpUDGnqVALoSlQPqLpUDQaqVA
X3qlQDmMpUDAbqVAE4ClQJB4pUD4g6VA/ZqlQL+apUAXf6VAKo6lQA6FpUCgbaVARX+lQLmA
pUCIhaVAYV6lQO2PpUAwWaVAMV2lQF6SpUC+cqVAf26lQHGqpUCkhqVAg4elQE58pUCOs6VA
fGqlQHmcpUDujaVACXOlQIB0pUDmoqVASFalQK+WpUCRl6VA0qelQIRapUAgi6VAGJOlQHd6
pUDMkaVAZ6ylQKiEpUB3tqVAnYKlQKCZpUDrZ6VAdZKlQLKMpUCrf6VAlq6lQJqEpUA+caVA
G3ylQCyIpUDrnKVABpmlQIGKpUBFmaVA0XWlQM2XpUCMoKVALbKlQPujpUAylaVA67alQJWk
pUBZjKVA1ZWlQOGRpUCpoKVAkp+lQHDjpUC6qKVAx5qlQI+xpUDWraVA9belQFLFpUAUvqVA
kIalQIekpUAx4aVAFY6lQIyhpUALsKVAgsWlQJ16pUD9p6VAXI+lQP6OpUBrpKVA1q2lQIGY
pUA=</AssayYData></Step><Step><CommonData><SampleLocation>2</SampleLocation><SampleID>hsCD3d/e_Acro_CDD-H52W1</SampleID><SampleGroup></SampleGroup><SampleInfo></SampleInfo><SampleRow>A</SampleRow><SamplePlate>1</SamplePlate><WellType>KSAMPLE</WellType><Concentration>-1</Concentration><ConcentrationUnits>µg/ml</ConcentrationUnits><MolarConcentration>200</MolarConcentration><MolarConcUnits>nM</MolarConcUnits><MolecularWeight>0</MolecularWeight><Temperature>30</Temperature><StartTime>6306737</StartTime><AssayTime>180</AssayTime></CommonData><FlowRate>1000</FlowRate><StepType>ASSOC</StepType><StepName>Association</StepName><StepStatus>OK</StepStatus><ActualTime>180</ActualTime><CycleTime>0.2</CycleTime><AssayXData Points="900">QICsRdyBrEV1g6xFD4WsRaaGrEVCiKxF2omsRXWLrEUNjaxFpo6sRUCQrEXokaxFc5OsRQ2V
rEWmlqxFQJisRdyZrEVzm6xFDZ2sRaaerEVCoKxF3KGsRXWjrEUNpaxFpqasRUCorEXaqaxF
dausRQ2trEWmrqxFQrCsRdyxrEVzs6xFD7WsRai2rEVAuKxF3LmsRXO7rEUNvaxFqL6sRUDA
rEXcwaxFc8OsRQ3FrEWoxqxFQMisRdzJrEVzy6xFDc2sRabOrEVC0KxF3NGsRXPTrEUP1axF
ptasRULYrEXa2axFc9usRQ3drEWo3qxFQOCsRdrhrEV146xFD+WsRajmrEVC6KxF2umsRXPr
rEUP7axFqO6sRULwrEXa8axFdfOsRQ31rEWm9qxFQvisRdz5rEV1+6xFD/2sRab+rEVAAK1F
3AGtRXMDrUUNBa1FqAatRUAIrUXaCa1FcwutRQ0NrUWoDq1FQBCtRdoRrUVzE61FDRWtRagW
rUVAGK1F2hmtRXMbrUUNHa1FqB6tRUAgrUXcIa1FcyOtRQ8lrUWmJq1FQCitRdoprUVzK61F
Dy2tRaYurUVAMK1F3DGtRXMzrUUNNa1FqDatRUA4rUXaOa1FczutRQ89rUWmPq1FQkCtRdpB
rUVzQ61FD0WtRaZGrUVCSK1F3EmtRXVLrUUNTa1Fpk6tRUJQrUXcUa1Fc1OtRQ1VrUWmVq1F
QFitRdpZrUV1W61FDV2tRaherUVAYK1F2mGtRXVjrUUPZa1FqGatRUJorUXaaa1FdWutRQ9t
rUWobq1FQHCtRdpxrUVzc61FD3WtRah2rUVAeK1F2nmtRXV7rUUNfa1FqH6tRUCArUXaga1F
c4OtRQ+FrUWmhq1FQoitRdqJrUVzi61FDY2tRaaOrUVAkK1F2pGtRXOTrUUNla1FppatRUCY
rUXema1Fc5utRQ+drUWonq1FQKCtRdyhrUV1o61FDaWtRaamrUVAqK1F3KmtRXOrrUUNra1F
qK6tRUCwrUXasa1Fc7OtRQ21rUWotq1FQLitRdq5rUV1u61FD72tRai+rUVCwK1F3MGtRXPD
rUUPxa1FqMatRUDIrUXaya1FdcutRQ/NrUWmzq1FQtCtRQHSrUVz061FDdWtRabWrUVA2K1F
3NmtRXXbrUUN3a1Fpt6tRUDgrUXa4a1Fc+OtRQ3lrUWm5q1FQOitRdrprUVz661FDe2tRaju
rUVA8K1F2vGtRXPzrUUN9a1FpvatRUD4rUXc+a1Fc/utRQ/9rUWm/q1FQACuRdwBrkVzA65F
DQWuRagGrkVCCK5F3gmuRXMLrkUPDa5Fpg6uRUIQrkXcEa5FcxOuRQ0VrkWoFq5FQBiuRdwZ
rkV1G65FDR2uRaYerkVAIK5F3CGuRXUjrkUPJa5FpiauRWMorkXcKa5FcyuuRQ0trkWmLq5F
QDCuRdoxrkVzM65FDzWuRaY2rkVAOK5F3DmuRXM7rkUNPa5Fpj6uRUBArkXcQa5Fc0OuRQ1F
rkWoRq5FQkiuRdpJrkVzS65FD02uRaZOrkVCUK5F2lGuRXNTrkUPVa5FplauRUBYrkXcWa5F
dVuuRQ1drkWmXq5FQGCuRdxhrkVzY65FDWWuRaZmrkVCaK5F2mmuRXNrrkUNba5Fpm6uRUBw
rkXsca5Fc3OuRQ11rkWmdq5FQHiuRdp5rkVze65FDX2uRaZ+rkVAgK5F2oGuRXWDrkUPha5F
qIauRUCIrkXaia5Fc4uuRQ2NrkWojq5FQpCuRdqRrkVzk65FDZWuRaaWrkVAmK5F2pmuRXOb
rkUPna5FqJ6uRUCgrkXcoa5FdaOuRQ+lrkWmpq5FQqiuRdqprkVzq65FD62uRaiurkVAsK5F
2rGuRXOzrkUPta5FprauRUC4rkXaua5FdbuuRQ+9rkWovq5FQMCuRdzBrkVzw65FD8WuRabG
rkVAyK5F2smuRXXLrkUNza5Fps6uRULQrkXa0a5Fc9OuRQ3VrkWo1q5FQNiuRdrZrkVz265F
Dd2uRaberkVC4K5F3OGuRXPjrkUN5a5FqOauRULorkXa6a5FdeuuRQ3trkWo7q5FQPCuRdrx
rkVz865FD/WuRab2rkVA+K5F3PmuRXP7rkUP/a5Fpv6uRUIAr0XcAa9FcwOvRQ0Fr0WmBq9F
QAivRdoJr0VzC69FDw2vRaYOr0VAEK9F9hGvRXMTr0UNFa9FphavRUAYr0XaGa9FcxuvRQ8d
r0WmHq9FQCCvRdwhr0VzI69FDSWvRaYmr0VAKK9F3CmvRXMrr0UNLa9FqC6vRUIwr0XcMa9F
czOvRQ01r0WmNq9FQjivRdw5r0VzO69FDT2vRag+r0VAQK9F3EGvRXVDr0UNRa9FqEavRUJI
r0XaSa9Fc0uvRQ9Nr0WmTq9FQFCvRdpRr0VzU69FD1WvRaZWr0VAWK9F2lmvRXVbr0UNXa9F
pl6vRUBgr0XcYa9Fc2OvRQ9lr0WmZq9FQGivRdxpr0Vza69FDW2vRaZur0VAcK9F3HGvRXNz
r0UNda9FpnavRUJ4r0Xcea9Fc3uvRQ19r0Wofq9FQICvRdqBr0V1g69FDYWvRaiGr0VAiK9F
2omvRXWLr0UNja9Fpo6vRUKQr0Xaka9Fc5OvRQ+Vr0Wolq9FQpivRdqZr0Vzm69FD52vRaae
r0VAoK9F2qGvRXOjr0UPpa9FpqavRUCor0Xaqa9Fc6uvRQ2tr0Wmrq9FQLCvRSWyr0Vzs69F
DbWvRai2r0VAuK9F3LmvRXO7r0UNva9FqL6vRUDAr0Xcwa9Fc8OvRQ/Fr0Woxq9FQMivRdrJ
r0V1y69FD82vRabOr0VC0K9F3NGvRXXTr0UN1a9FqNavRUDYr0Xc2a9Fc9uvRQ/dr0Wm3q9F
QOCvRdzhr0Vz469FDeWvRabmr0VC6K9F2umvRXXrr0UN7a9FqO6vRUDwr0Xa8a9Fc/OvRQ31
r0Wo9q9FQPivRdz5r0Vz+69FDf2vRab+r0VCALBF2gGwRXMDsEUPBbBFpgawRUAIsEVrCrBF
rwuwRQ8NsEWoDrBFQhCwRdwRsEVzE7BFDRWwRaYWsEVAGLBF3BmwRXUbsEUNHbBFph6wRUAg
sEXaIbBFcyOwRQ8lsEWoJrBFQCiwRdopsEV1K7BFDS2wRaYusEVAMLBF3DGwRXMzsEUPNbBF
qDawRUA4sEXaObBFczuwRQ89sEWmPrBFQECwRdpBsEVzQ7BFEUWwRahGsEVASLBF3EmwRXNL
sEUPTbBFpk6wRUBQsEURUrBFdVOwRQ9VsEWmVrBFQliwRdxZsEV1W7BFDV2wRaZesEVAYLBF
2mGwRXNjsEUPZbBFpmawRUJosEXaabBFdWuwRQ9tsEWmbrBFQHCwRdpxsEV1c7BFDXWwRah2
sEVAeLBF3HmwRXN7sEUNfbBFqH6wRUCAsEXcgbBFc4OwRQ2FsEWmhrBFQoiwRdqJsEV1i7BF
DY2wRaaOsEVAkLBF3JGwRXOTsEUNlbBFppawRUCYsEXambBFdZuwRQ2dsEWonrBFQKCwRdyh
sEV1o7BFD6WwRaamsEVAqLBF2qmwRXOrsEUNrbBFqK6wRUCwsEXcsbBFdbOwRQ21sEWmtrBF
QLiwRdy5sEV1u7BFDb2wRaa+sEVAwLBF2sGwRXXDsEUNxbBFpsawRULIsEXcybBFc8uwRQ3N
sEWmzrBFQNCwRdzRsEVz07BFD9WwRabWsEVC2LBF3NmwRXPbsEUP3bBFqN6wRUDgsEXc4bBF
deOwRQ/lsEWm5rBFQuiwRdzpsEV167BFDe2wRajusEVA8LBFG/KwRXXzsEUN9bBFqPawRUD4
sEXa+bBFdfuwRQ/9sEWm/rBFQACxRdwBsUV1A7FFDQWxRagGsUVCCLFF3AmxRXMLsUUNDbFF
pg6xRUAQsUXaEbFFcxOxRQ0VsUWmFrFFQBixRdoZsUVzG7FFER2xRaYesUVCILFF2iGxRXUj
sUUNJbFFpiaxRUIosUXaKbFFcyuxRQ0tsUWmLrFFQjCxRdoxsUV1M7FFDTWxRaY2sUVCOLFF
3jmxRXM7sUUPPbFFqD6xRUBAsUXaQbFFc0OxRQ1FsUWoRrFFQEixRdpJsUVzS7FFDU2xRaZO
sUVAULFF2lGxRXNTsUUPVbFFqFaxRUBYsUXcWbFFc1uxRQ1dsUWmXrFFQmCxRdxhsUVzY7FF
DWWxRaZmsUVAaLFF3GmxRXNrsUUNbbFFpm6xRUBwsUXacbFFc3OxRQ11sUWodrFFQnixRdx5
sUVze7FFD32xRaZ+sUVAgLFF2oGxRXODsUUNhbFFpoaxRUCIsUXcibFFdYuxRQ2NsUWmjrFF
QJCxRSeSsUVzk7FFDZWxRaaWsUVAmLFF2pmxRXWbsUUNnbFFqJ6xRUKgsUXaobFFc6OxRQ2l
sUWmprFFQqixRdqpsUVzq7FFD62xRaausUVAsLFF2rGxRXWzsUUPtbFFpraxRUK4sUXcubFF
c7uxRQ+9sUWmvrFFQMCxRdrBsUVzw7FFD8WxRajGsUVAyLFF2smxRXXLsUUNzbFFqM6xRUDQ
sUXa0bFFc9OxRQ/VsUWm1rFFQNixRdrZsUV127FFDd2xRabesUVA4LFF2uGxRXXjsUUN5bFF
puaxRUDosUXa6bFFc+uxRQ3tsUWm7rFFQPCxRdrxsUVz87FFD/WxRaj2sUVC+LFF2vmxRXP7
sUUP/bFFpv6xRUIAskXaAbJFcwOyRQ0FskWoBrJFQgiyRdwJskVzC7JFDQ2yRaYOskVAELJF
2hGyRXMTskUPFbJFphayRUIYskXaGbJFcxuyRQ8dskWmHrJF</AssayXData><AssayYData Points="900">YwelQG9ApUB4laVAhMWlQGTUpUDauaVADxGmQLAdpkCoB6ZA/gumQA5ZpkA+BqZA2yumQBMo
pkD9NaZAU2ymQHhRpkCOPaZAP3umQLdhpkAMZKZAQkCmQFpOpkCVZaZADmKmQGSspkDaWaZA
FDGmQN2zpkCLcaZAQpmmQA50pkB/oaZAIGamQGx1pkDVf6ZAmYmmQAabpkCpo6ZAEZ2mQI2R
pkDnpqZAAXymQB2DpkCp2KZAcaOmQHSSpkAR16ZAV7GmQDS9pkCR1qZAwuCmQDvSpkCPpaZA
Be+mQCfspkCer6ZArN6mQOvgpkDJy6ZAS6+mQInnpkD5yKZAtMCmQJH2pkA65KZAJ8amQIPF
pkAXuqZAE8amQLIRp0CR5qZAcNOmQH3YpkCvuqZAYe6mQEnBpkB5E6dA9POmQJXspkBSCadA
8+CmQM7jpkDs76ZAwt2mQLQXp0DaAKdAjyGnQO3zpkDqDqdAtfumQOfgpkDHHadAqhunQCUi
p0B77qZA9QynQKsCp0BjDadANS6nQPvXpkC3DKdAMxanQPf0pkCFGqdAki+nQOkTp0DKFadA
aDSnQJX4pkARBqdARgGnQPoPp0BvHqdAKCmnQCNXp0DgG6dAsxanQKM+p0B2FqdA+AanQHY0
p0DMJqdAMD2nQLE2p0DnDKdAbEOnQCAyp0DpM6dAGTmnQOU6p0CxLKdAXjGnQJxLp0BrVKdA
yQ2nQHpap0AVVKdAXDCnQFE1p0AuK6dAp0WnQDJHp0B1U6dAaD6nQG49p0CPPqdAekWnQGRH
p0DjTKdAjzunQJY0p0AMZadA9V2nQFY9p0ADWqdATz6nQH9Bp0BORqdAWYOnQCpMp0BnT6dA
kFenQCNKp0AGZ6dAOlCnQGBNp0AtOqdA+ICnQDVLp0DtS6dAZFKnQDpBp0DMaKdAmEGnQMNi
p0BcZKdAuGCnQJxUp0AJfqdAnUunQKpRp0CbYKdA8lOnQM9Np0DDeqdASyOnQIdwp0BXbadA
QXKnQIpTp0A0bKdAgG2nQEh5p0ChhqdAxoKnQBdXp0BRkadA9WCnQH5lp0CPT6dAF3KnQHpx
p0CEYKdAbWenQLtUp0BIpadAtX6nQOqSp0CJfqdAqpGnQOJMp0CkZ6dAVIenQK6Op0ABbKdA
BJqnQKx3p0BneqdAu4anQD63p0DMdqdAm3anQK9tp0DOfKdAq3unQLKOp0CBY6dAkX6nQJek
p0BtbqdApoqnQMh6p0AGhqdAdmmnQIh0p0BReadA5X2nQIyKp0Cxj6dA34anQEqPp0CpqadA
X4qnQJZ7p0A8k6dAT5anQLCmp0AmkKdAQ4KnQPCCp0AYl6dAZL2nQGhNp0Bpj6dAeImnQA90
p0Dhl6dAp7GnQHS9p0CAf6dAoZenQGmrp0DtsKdAp6unQG+np0Ahg6dA4qKnQGqnp0ASb6dA
tbanQACcp0AjsKdApqinQPScp0CVmadAg7inQOGlp0BhpadATWenQPmhp0COq6dACLynQMCI
p0B0pqdAv6KnQGOxp0CQzadAb7inQJu6p0ACoadA1KCnQJaup0Dgr6dAJLKnQCOwp0CKq6dA
jpmnQA6ep0DHwadAyL2nQO/Gp0BJ46dASbSnQGOMp0ByuqdAY6mnQEq/p0CCwadAdsWnQACy
p0ComadAOcGnQC3Ip0Bgj6dAfainQFKvp0Brw6dAoMWnQP/Np0Bsv6dAbMKnQMWsp0Cd1qdA
Mc+nQBLBp0AjvKdAT6enQNXGp0B21KdAuMSnQJ7Zp0DVwKdAVdunQAKSp0CL0KdA3cmnQJrS
p0BtxKdAqbinQL/Lp0AY4KdAGLKnQKmkp0B01adAC8WnQCyhp0BZzqdAVZ6nQK3Ip0C9sadA
mbynQDzWp0CH16dA2sinQGyrp0DVu6dAwMunQAWpp0Az2adAy/KnQL2+p0B85qdA5c+nQNus
p0Dy76dAptunQIfBp0DYx6dAnL2nQMHDp0AL46dA/dOnQAqnp0Ac06dAVcWnQGn7p0BQ3qdA
X+qnQEzdp0Aow6dANeynQFm3p0DNyadApdWnQNvHp0CaxqdAIPmnQOu1p0A6uqdAasynQJD+
p0C6v6dAO+CnQGftp0DR26dAlrqnQF/ep0AMBKhADfKnQC3Bp0BD6qdAOL+nQNTTp0A7/qdA
tL2nQJXkp0D03KdAVLCnQDvXp0Bh2qdAEtynQPP3p0Dz2KdAG+qnQKD1p0DY06dAKtSnQOLZ
p0DB0KdALbunQDjXp0DlvqdABeOnQAnjp0At0KdAqdOnQL3Tp0C8x6dAMMunQLP5p0A1w6dA
RgmoQK/np0AnqqdAT+OnQNj2p0BYGahAodenQJ7Jp0B1+adAO+SnQMXIp0CC7qdAL/anQHYW
qEBn3qdAlwGoQGf5p0Bn0qdAEuGnQHTIp0CJ1qdAjPynQJHGp0BE5KdABPunQO7cp0CC/qdA
Ss+nQGsKqECZ5qdAGCSoQD8YqEAFCKhApNynQIvsp0A38qdAvgyoQAb1p0AQz6dA+PSnQGvv
p0BB0qdAcPmnQBLYp0AI6qdAXQeoQB7Up0CeBahAYeenQDwRqECqBqhA0eKnQHT7p0BwB6hA
lOinQD7tp0DiDahAWeGnQDv0p0ClD6hAXP2nQDwBqEAVA6hA+xKoQJf9p0ABC6hA6vSnQADT
p0ByA6hAzsenQMwRqEAYG6hAXuSnQH78p0BSFahANgyoQAQPqEBJ9KdArCCoQGwZqEC69KdA
DtynQNbfp0CN+KdAavenQPj8p0AW+KdAeyGoQFEUqECkCahAFBKoQCTcp0Bm5adAiCKoQNoN
qEAk5KdA8CKoQFcZqEC/GahA/wOoQPclqEBcCqhAMBKoQCAjqEC5B6hAOx+oQOkaqEBW8qdA
XTKoQPDvp0ACFKhAd/2nQPoaqEAtHqhAN+ynQLEKqECyJqhAqgOoQLcNqEByIahAcC6oQDkt
qEAIAKhA+gioQGYeqECTEahAYQqoQEPxp0BdAKhAfAOoQE7sp0CxNKhAezyoQMEWqECaE6hA
wiSoQNwGqEB3HKhABBCoQMcFqEC4+adA4weoQDIUqEAgEahA7i2oQDA1qEAjGKhABh6oQFYO
qEAuCqhAgyGoQFz/p0BMEKhAVi2oQHcTqEBdHahAYwCoQI84qEAfFahAD0CoQCgVqEBvJqhA
VT6oQEkiqEBZLKhAvCioQNoDqEAZKahAPfmnQAkyqEBrKahAJfynQAQUqEDeLKhA7wqoQHMO
qEDjMqhAxzeoQOhbqEDJT6hApSGoQAQPqEDsH6hAiCqoQC8mqEAMI6hArRSoQMsbqECNQ6hA
Ei2oQC4VqEBSJKhAA/unQOYIqECrIahAHTyoQFclqEDhZahAFEOoQKgoqEB1EKhAzBGoQMo1
qECiNahAlguoQH8oqECeI6hAayqoQDwMqEAfHahAgiKoQJENqECGRKhAoA2oQGgcqED1LahA
aRKoQNtVqECQHqhAahWoQBJDqEAhRqhAzyeoQFw3qEBbbKhA3yaoQEwTqEDuHKhAz0uoQM4x
qEAtLahA7TKoQAsVqEBxVqhAwlGoQAErqED1CKhAVzKoQClCqEAYLahA9SaoQGg0qEB4YahA
dGGoQLlPqEA7LKhA/RioQElGqEA3PahAS0yoQDtJqEA5JahAri6oQDY7qEADUKhAh0aoQA1C
qEBPSahAR02oQCpFqEBbL6hAERSoQOAoqEAdT6hA7S2oQM5gqEBoLahAQEaoQKYpqEACPKhA
+x2oQG0pqEB6UKhA2DOoQHRBqEB+OKhAwDmoQJIuqECRTahACVyoQDE6qEA4HqhAQEaoQCkr
qEAePKhAikCoQIQsqEAqR6hAgSOoQPNFqEAeSahAnGGoQK4zqED2QKhAwkaoQHJfqEA0TahA
xl+oQNAmqEDeUqhAlluoQG1ZqEBQU6hA6WuoQOlJqEB4N6hAzWKoQCJOqEBFMKhAp1WoQFhO
qEDuR6hACi6oQGJOqED2NahAckmoQNVoqEBAWqhACVioQORBqECXSqhAZ0uoQG1PqEARS6hA
UlSoQD9JqEC/UqhA/CuoQCk0qEA7UahA+zmoQKEhqEBpTqhA42GoQL5DqEAkQKhABXWoQIRU
qEBgQKhAYHCoQPxQqECugahAMj6oQJJNqEAIRqhAwlKoQBwqqEBcVqhAP0CoQK9GqEA2TqhA
Y1moQDctqEAIM6hAHkGoQMx6qECQYKhADXCoQPBKqEDyS6hANTOoQG1PqEC+IahAu2SoQBhX
qEAhS6hAHjyoQBlYqED7dahA1T+oQNldqEChWKhAAlioQMs8qECxeKhAVzSoQO86qEAEU6hA
OWioQK9SqEBVVKhAQ3GoQPFhqECNRahAZDqoQPQ+qEDSa6hAy1CoQABkqEATTKhAUkqoQHdR
qEArUahAPFSoQAFmqECzW6hAXlmoQPtaqEAzfKhA2VqoQMsuqEDBNahAKoWoQM9gqEDog6hA
FlKoQJVkqECBW6hAWUuoQIBOqEDEQqhAsF2oQChvqEBtT6hAjoSoQO0+qEDyZKhAyFeoQD5P
qEBCX6hAAXeoQOQ4qEAeX6hAc5SoQMuEqED2X6hAZmWoQKhNqEDVfqhAflqoQHxlqEB5Q6hA
CGKoQJJHqEAKWKhAI2CoQA9qqEAJiahAXl2oQHlCqEAWd6hALnqoQGNgqECgZqhAVZGoQBVr
qED/bqhAy2ioQEaBqECtUKhAjF6oQI+CqEC2RahALoeoQAZ3qEBWbahAuomoQLxdqEAdQahA
OmCoQPqCqECSbKhAMnOoQNaJqECNeahA9FOoQJJwqEAvfKhA</AssayYData></Step><Step><CommonData><SampleLocation>1</SampleLocation><SampleID>Octet Buffer</SampleID><SampleGroup></SampleGroup><SampleInfo></SampleInfo><SampleRow>A</SampleRow><SamplePlate>1</SamplePlate><WellType>BUFFER</WellType><Concentration>-1</Concentration><ConcentrationUnits>µg/ml</ConcentrationUnits><MolarConcentration>-1</MolarConcentration><MolarConcUnits>nM</MolarConcUnits><MolecularWeight>0</MolecularWeight><Temperature>30</Temperature><StartTime>6495137</StartTime><AssayTime>300</AssayTime></CommonData><FlowRate>1000</FlowRate><StepType>DISASSOC</StepType><StepName>Dissociation</StepName><StepStatus>OK</StepStatus><ActualTime>300</ActualTime><CycleTime>0.2</CycleTime><AssayXData Points="1500">QCCyRdwhskVzI7JFDSWyRaYmskVAKLJF3CmyRXUrskUNLbJFpi6yRUAwskXaMbJFczOyRQ81
skWmNrJFQjiyRdo5skV1O7JFDz2yRaY+skVCQLJF2kGyRXNDskUPRbJFpkayRUBIskXaSbJF
c0uyRQ9NskWoTrJFQlCyRdpRskVzU7JFDVWyRaZWskVCWLJF2lmyRXVbskUNXbJFpl6yRUJg
skXaYbJFdWOyRQ9lskWoZrJFQGiyRdppskV1a7JFDW2yRahuskVCcLJF2nGyRXNzskUNdbJF
pnayRUJ4skXcebJFdXuyRQ19skWofrJFQoCyRdqBskVzg7JFD4WyRaiGskVAiLJF2omyRXOL
skUNjbJFLo+yRXGQskXakbJFdZOyRQ+VskWmlrJFQJiyRdqZskVzm7JFD52yRaieskVAoLJF
3KGyRXOjskUNpbJFpqayRUKoskXaqbJFdauyRQ2tskWorrJFQLCyRdqxskV1s7JFDbWyRaa2
skVAuLJF2rmyRXW7skUNvbJFpr6yRUDAskXcwbJFc8OyRQ3FskWoxrJFQsiyRdrJskVzy7JF
Dc2yRabOskVA0LJF2tGyRXPTskUN1bJFqNayRUDYskXc2bJFc9uyRQ/dskWo3rJFQuCyRdzh
skV147JFDeWyRabmskVA6LJF2umyRXXrskUN7bJFpu6yRUDwskXc8bJFc/OyRQ/1skWm9rJF
QviyRdr5skV1+7JFDf2yRab+skVAALNF3AGzRXMDs0UNBbNFqAazRUAIs0XaCbNFdQuzRQ0N
s0WoDrNFQBCzRdoRs0V1E7NFDxWzRagWs0VCGLNF3BmzRXUbs0UNHbNFph6zRUAgs0XaIbNF
dSOzRQ8ls0WmJrNFQiizRdwps0V1K7NFDS2zRRkvs0VdMLNF2jGzRXUzs0UPNbNFpjazRUA4
s0XaObNFczuzRQ09s0WoPrNFQECzRdpBs0VzQ7NFD0WzRaZGs0VASLNF2kmzRXNLs0UPTbNF
pk6zRUBQs0XaUbNFc1OzRQ1Vs0WoVrNFQlizRdpZs0VzW7NFDV2zRahes0VAYLNF2mGzRXNj
s0UNZbNFqGazRUBos0XaabNFc2uzRQ1ts0WmbrNFQnCzRdpxs0V1c7NFD3WzRah2s0VAeLNF
2nmzRXN7s0UPfbNFpn6zRUCAs0XagbNFc4OzRQ+Fs0WmhrNFQIizRdqJs0V1i7NFDY2zRaaO
s0VAkLNF2pGzRXWTs0UPlbNFppazRUCYs0XambNFdZuzRQ+ds0WmnrNFQKCzRdqhs0V1o7NF
DaWzRaams0VCqLNF2qmzRXOrs0UPrbNFpq6zRUCws0XcsbNFc7OzRQ21s0WmtrNFQrizRdq5
s0V3u7NFDb2zRaa+s0VAwLNF2sGzRXPDs0UNxbNFNsezRXnIs0XaybNFdcuzRQ3Ns0UFz7NF
RtCzRd7Rs0Vz07NFD9WzRabWs0VC2LNF3NmzRXPbs0UN3bNFpt6zRUDgs0Xa4bNFdeOzRQ3l
s0Wm5rNFQuizRdrps0Vz67NFDe2zRajus0VA8LNF3PGzRXXzs0UN9bNFpvazRUL4s0Xc+bNF
c/uzRQ39s0Wm/rNFQgC0RdoBtEV1A7RFDQW0RaYGtEVCCLRF3Am0RXULtEUPDbRFpg60RUIQ
tEXaEbRFcxO0RQ0VtEWmFrRFQhi0RdoZtEVzG7RFDR20RaYetEVCILRF3CG0RXMjtEUNJbRF
pia0RUIotEXaKbRFcyu0RQ8ttEWmLrRFQjC0RdoxtEV1M7RFDTW0RaY2tEVEOLRF2jm0RXU7
tEUNPbRFpj60RUJAtEXaQbRFc0O0RQ9FtEWoRrRFQEi0RdxJtEVzS7RFD020RaZOtEVAULRF
3FG0RXNTtEUNVbRFpla0RUBYtEXaWbRFc1u0RQ1dtEWmXrRFQGC0RdphtEV1Y7RFDWW0Rahm
tEVAaLRF2mm0RXNrtEUPbbRFMG+0RXVwtEXacbRFdXO0RQ11tEWodrRFQHi0Rdp5tEVze7RF
DX20RaZ+tEVCgLRF2oG0RXWDtEUNhbRFpoa0RUCItEXaibRFc4u0RQ2NtEWojrRFQpC0RdqR
tEV1k7RFDZW0RaaWtEVCmLRF2pm0RXObtEUPnbRFpp60RUCgtEXaobRFdaO0RQ2ltEWoprRF
Qqi0RdqptEVzq7RFD620RaautEVAsLRF2rG0RXWztEUPtbRFqLa0RUC4tEXcubRFc7u0RQ+9
tEWmvrRFQMC0RdrBtEV1w7RFDcW0RajGtEVAyLRF2sm0RXPLtEUPzbRFqM60RUDQtEXa0bRF
ddO0RQ3VtEWo1rRFQNi0RdrZtEVz27RFD920RajetEVA4LRF2uG0RXXjtEUN5bRFpua0RUDo
tEXa6bRFc+u0RQ/ttEWm7rRFQPC0RdzxtEVz87RFDfW0Rab2tEVC+LRF3Pm0RXP7tEUP/bRF
qP60RUAAtUXcAbVFcwO1RQ8FtUWmBrVFQAi1RdwJtUV1C7VFDQ21RRsPtUVfELVF3BG1RXMT
tUUPFbVFpha1RUAYtUXaGbVFcxu1RQ0dtUWmHrVFQCC1RdwhtUV1I7VFDSW1RagmtUVCKLVF
2im1RXMrtUUPLbVFpi61RUIwtUXaMbVFczO1RQ01tUWmNrVFQDi1Rdo5tUV1O7VFDT21Rag+
tUVCQLVF3EG1RXVDtUUPRbVFpka1RUJItUXaSbVFc0u1RQ1NtUWoTrVFQFC1RdxRtUV1U7VF
DVW1RaZWtUVAWLVF2lm1RXVbtUUNXbVFqF61RUJgtUXaYbVFc2O1RQ1ltUWmZrVFQGi1Rdxp
tUVza7VFDW21RahutUVCcLVF2nG1RXNztUUNdbVFqHa1RUJ4tUXaebVFdXu1RQ19tUWmfrVF
QIC1RdqBtUVzg7VFD4W1RaaGtUVAiLVF3Im1RXOLtUUNjbVFqI61RUCQtUXakbVFdZO1RQ2V
tUWolrVFQJi1RdqZtUV1m7VFDZ21RaaetUVAoLVF3KG1RXOjtUUNpbVFpqa1ReKotUUlqrVF
c6u1RQ+ttUUHr7VFTLC1RdqxtUVzs7VFD7W1Raa2tUVCuLVF2rm1RXW7tUUPvbVFqL61RUDA
tUXcwbVFc8O1RQ/FtUWoxrVFQMi1RdrJtUVzy7VFDc21RajOtUVA0LVF2tG1RXPTtUUP1bVF
qNa1RUDYtUXc2bVFc9u1RQ3dtUWo3rVFQOC1RdrhtUVz47VFD+W1RabmtUVC6LVF2um1RXPr
tUUP7bVFqO61RUDwtUXa8bVFc/O1RQ31tUWm9rVFQPi1Rdr5tUV1+7VFDf21Rab+tUVCALZF
2gG2RXMDtkUPBbZFqAa2RUIItkXaCbZFcwu2RQ8NtkWoDrZFQBC2RdwRtkV1E7ZFDRW2RaYW
tkVAGLZF2hm2RXUbtkUNHbZFph62RUIgtkXaIbZFdSO2RQ0ltkWoJrZFQCi2RdoptkVzK7ZF
DS22RaYutkVAMLZF2jG2RXMztkUPNbZFqDa2RUA4tkXaObZFczu2RQ89tkWmPrZFQEC2RdpB
tkVzQ7ZFDUW2RaZGtkVCSLZF3Em2RXVLtkUPTbZFE0+2RVdQtkXaUbZFdVO2RQ1VtkWmVrZF
QFi2RdpZtkVzW7ZFDV22RahetkVAYLZF2mG2RXVjtkUNZbZFqGa2RUBotkXcabZFc2u2RQ9t
tkWmbrZFQnC2RdpxtkVzc7ZFDXW2RaZ2tkVAeLZF2nm2RXV7tkUNfbZFpn62RUKAtkXagbZF
c4O2RQ+FtkWohrZFQIi2RdqJtkVzi7ZFDY22RaaOtkVAkLZF2pG2RXOTtkUPlbZFqJa2RUCY
tkXambZFc5u2RQ+dtkWonrZFQKC2RdqhtkV1o7ZFDaW2RaamtkVEqLZF2qm2RXWrtkUNrbZF
pq62RUKwtkXasbZFc7O2RQ21tkWmtrZFQLi2Rdq5tkV1u7ZFDb22Raa+tkVCwLZF2sG2RXXD
tkUNxbZFpsa2RULItkXcybZFdcu2RQ/NtkWozrZFQtC2RdrRtkVz07ZFD9W2RabWtkVC2LZF
2tm2RXPbtkUN3bZFpt62RUDgtkXa4bZFc+O2RQ3ltkWm5rZFQui2RdrptkVz67ZFDe22RUDv
tkWE8LZF2vG2RXPztkUP9bZFqPa2RUD4tkXa+bZFdfu2RQ/9tkWo/rZFQAC3RdoBt0VzA7dF
DwW3RaYGt0VCCLdF2gm3RXMLt0UPDbdFqA63RUAQt0XcEbdFcxO3RQ8Vt0WoFrdFQBi3RdoZ
t0V1G7dFDR23RaYet0VAILdF3CG3RXMjt0UPJbdFqCa3RUAot0XcKbdFdSu3RQ8tt0WoLrdF
QDC3Rdwxt0VzM7dFDTW3Rag2t0VCOLdF3Dm3RXM7t0UPPbdFpj63RUBAt0XcQbdFdUO3RQ9F
t0WmRrdFQEi3RdpJt0VzS7dFD023RaZOt0VAULdF2lG3RXVTt0UNVbdFqFa3RUBYt0XaWbdF
c1u3RQ1dt0WmXrdFQmC3Rdpht0VzY7dFD2W3Rahmt0VAaLdF3Gm3RXVrt0UNbbdFpm63RUJw
t0XccbdFdXO3RQ91t0WmdrdFQHi3Rdp5t0Vze7dFD323RaZ+t0VAgLdF2oG3RXWDt0UNhbdF
poa3RUCIt0VOirdFkou3RQ+Nt0Upj7dFb5C3RdyRt0V1k7dFDZW3RaaWt0VAmLdF2pm3RXWb
t0UNnbdFpp63RUKgt0XaobdFdaO3RQ+lt0WmprdFQKi3Rdypt0Vzq7dFD623Raaut0VAsLdF
2rG3RXOzt0UNtbdFpra3RUK4t0XcubdFc7u3RQ29t0WmvrdFQMC3RdzBt0Vzw7dFD8W3RajG
t0VAyLdF3Mm3RXPLt0UNzbdFps63RUDQt0Xa0bdFc9O3RQ/Vt0Wo1rdFQNi3RdrZt0V127dF
Dd23Rabet0VA4LdF3uG3RXPjt0UN5bdFqOa3RUDot0Xc6bdFc+u3RQ3tt0Wm7rdFQPC3Rdzx
t0Vz87dFD/W3Raj2t0VC+LdF3Pm3RXP7t0UP/bdFpv63RUAAuEXaAbhFcwO4RQ0FuEWmBrhF
QAi4RdoJuEVzC7hFDQ24RaYOuEVCELhF3BG4RXMTuEUNFbhFpha4RUIYuEXaGbhFdRu4RQ0d
uEWmHrhFQiC4RdwhuEVzI7hFDSW4RaYmuEVCKLhF2im4RXMruEUNLbhFFS+4RVkwuEXaMbhF
dTO4RQ81uEWoNrhFQDi4Rdw5uEVzO7hFDT24RaY+uEVCQLhF2kG4RXNDuEUNRbhFqEa4RUBI
uEXcSbhFc0u4RQ1NuEWoTrhFQFC4RdxRuEV1U7hFDVW4RaZWuEVAWLhF2lm4RXNbuEUNXbhF
pl64RUJguEXaYbhFdWO4RQ1luEWoZrhFQmi4RdppuEV1a7hFDW24RaZuuEVCcLhF3HG4RXVz
uEUNdbhFqHa4RUB4uEXaebhFc3u4RQ99uEWofrhFQIC4RdqBuEVzg7hFD4W4RaaGuEVCiLhF
3Im4RXOLuEUNjbhFpo64RUCQuEXakbhFc5O4RQ2VuEWmlrhFQJi4RdqZuEVzm7hFDZ24Raie
uEVAoLhF2qG4RXWjuEUNpbhFpqa4RUKouEXaqbhFdau4RQ+tuEWmrrhFQLC4RdyxuEVzs7hF
DbW4Rai2uEVCuLhF2rm4RXW7uEUNvbhFpr64RULAuEXcwbhFc8O4RQ3FuEWoxrhFQMi4RdrJ
uEVzy7hFDc24RSHPuEVl0LhF2tG4RXPTuEUN1bhFpta4RUDYuEXa2bhFc9u4RQ3duEWo3rhF
QOC4RdrhuEVz47hFDeW4RajmuEVA6LhF3Om4RXPruEUN7bhFpu64RUDwuEXa8bhFc/O4RQ/1
uEWm9rhFQPi4Rdr5uEVz+7hFD/24Rab+uEVCALlF3AG5RXUDuUUPBblFpga5RUAIuUXeCblF
cwu5RQ0NuUWmDrlFQhC5RdoRuUVzE7lFDRW5RaYWuUVAGLlF2hm5RXUbuUUNHblFph65RUAg
uUXaIblFcyO5RQ8luUWoJrlFQCi5RdopuUV1K7lFDy25RaguuUVCMLlF2jG5RXMzuUUNNblF
pja5RUA4uUXcOblFczu5RQ09uUWmPrlFQEC5RdpBuUVzQ7lFDUW5RaZGuUVASLlF2km5RXNL
uUUNTblFpk65RUBQuUXaUblFc1O5RQ1VuUWoVrlFQFi5RdxZuUVzW7lFDV25RaheuUVAYLlF
3GG5RXNjuUUNZblFpma5RUJouUXcablFuWu5RQ1tuUUub7lFcXC5RdxxuUVzc7lFDXW5Rah2
uUVAeLlF3Hm5RXN7uUUNfblFpn65RUKAuUXagblFc4O5RQ2FuUWohrlFQIi5RdqJuUVzi7lF
DY25RaaOuUVCkLlF2pG5RXOTuUUPlblFppa5RUCYuUXamblFdZu5RQ2duUWonrlFQKC5Rdqh
uUVzo7lFD6W5RaamuUVAqLlF3Km5RXOruUUPrblFqK65RUCwuUXasblFc7O5RQ+1uUWmtrlF
QLi5Rdq5uUV1u7lFDb25Raa+uUVCwLlF3MG5RXPDuUUNxblFpsa5RULIuUXcyblFdcu5RQ3N
uUWmzrlFQtC5RdzRuUV107lFD9W5RabWuUVA2LlF3Nm5RXXbuUUN3blFpt65RUDguUXc4blF
c+O5RQ3luUWo5rlFQui5RdrpuUVz67lFDe25RajuuUVE8LlF2vG5RXfzuUUN9blFqPa5RUD4
uUXc+blFdfu5RQ39uUWm/rlFQgC6RdoBukVzA7pFDQW6RagGukVCCLpF2gm6RXMLukUNDbpF
+A66RUIQukXaEbpFcxO6RQ0VukWmFrpFQhi6RdoZukVzG7pFDR26RaYeukVAILpF3CG6RXUj
ukUNJbpFqCa6RUIoukXcKbpFcyu6RQ0tukWoLrpFQDC6RdoxukVzM7pFDTW6Rag2ukVAOLpF
3Dm6RXM7ukUNPbpFqD66RUBAukXaQbpFc0O6RQ1FukWoRrpFQEi6RdxJukV1S7pFD026RahO
ukVCULpF3FG6RXNTukUNVbpFpla6RUJYukXcWbpFc1u6RQ9dukWmXrpFQGC6RdphukVzY7pF
DWW6RaZmukVAaLpF2mm6RXNrukUNbbpFpm66RUBwukXccbpFc3O6RQ91ukWmdrpFQni6Rdx5
ukVze7pFDX26RaZ+ukVAgLpF2oG6RXODukUNhbpFpoa6RUSIukXaibpFc4u6RQ+NukWojrpF
QJC6RdqRukVzk7pFDZW6RaaWukVCmLpF2pm6RXWbukUNnbpFqJ66RUCgukXaobpFc6O6RQ+l
ukWmprpFQKi6RdypukVzq7pFDa26RSWvukVrsLpF3LG6RXOzukUNtbpFpra6RUC4ukXcubpF
c7u6RQ29ukWovrpFQsC6RdrBukVzw7pFDcW6RabGukVAyLpF2sm6RXPLukUNzbpFps66RULQ
ukXa0bpFc9O6RQ3VukWm1rpFQti6RdzZukV127pFDd26RajeukVA4LpF2uG6RXPjukUN5bpF
pua6RULoukXa6bpFc+u6RQ/tukWm7rpFQPC6RdrxukVz87pFD/W6Rab2ukVA+LpF2vm6RXP7
ukUP/bpFpv66RUIAu0XaAbtFcwO7RQ0Fu0WmBrtFQAi7RdwJu0V1C7tFDw27RaYOu0VAELtF
2hG7RXUTu0UNFbtFpha7RUAYu0XaGbtFdRu7RQ8du0WoHrtFQiC7Rdohu0VzI7tFDSW7RaYm
u0VAKLtF2im7RXMru0UNLbtFqC67RUAwu0XaMbtFdTO7RQ01u0WmNrtFQDi7Rdo5u0VzO7tF
DT27Rag+u0VAQLtF3EG7RXNDu0UPRbtFpka7RUJIu0XaSbtFdUu7RSVNu0UyT7tFdVC7RdxR
u0VzU7tFDVW7RaZWu0VAWLtF2lm7RXNbu0UPXbtFqF67RUBgu0XcYbtFdWO7RQ1lu0WmZrtF
QGi7Rdppu0Vza7tFDW27RaZuu0VCcLtF3HG7RXVzu0UNdbtFpna7RUB4u0XaebtFc3u7RQ99
u0WmfrtF</AssayXData><AssayYData Points="1500">xeKnQODfp0CL7KdAQf6nQJfop0Bp5adAFP+nQNTtp0BOFKhAgg6oQB8cqEAEHahAv/CnQPwV
qECGL6hABhuoQIkRqECCLahA1B+oQEksqEAjKqhASSWoQAcOqECWA6hAwQyoQDssqED2Z6hA
nUOoQFUVqEArPKhA7TaoQDUIqEDiJahAaTCoQK0lqEBDIahAEzKoQOoVqEDxHqhAiQGoQNwg
qEDjMqhA61CoQOU1qED5NqhAUFaoQAcWqEAYMKhA+VSoQLxJqEDbGahAQ0GoQK0sqEDqEqhA
KAqoQJ1DqEBCKKhAzTqoQE4nqECsMahAAVWoQC5LqEApIKhA1CyoQE0oqECrRahA9iqoQBgk
qED3X6hAWRmoQI1ZqEB+cahAASOoQAovqEAtVKhA3zuoQKAWqEDtPKhAymCoQBNEqEBtV6hA
SkOoQHkcqEB6Q6hAB0WoQOwzqEDGQKhAAl2oQK4pqEC7HKhAWUOoQH42qEAdJahAt2OoQA9Y
qEA5CqhAtxioQEUdqEB4LKhA3WGoQLdRqECXMKhAAFuoQEMsqEBQEahAuHWoQPFAqEA7Q6hA
NCqoQJ9cqEA1SqhARzKoQEJLqEDXPqhAECWoQEc/qEClUqhANVCoQABsqEC7T6hA+DyoQHUi
qEBZOahACAOoQEFKqEDUFKhA8j6oQPlLqEDtdahA40ioQA4vqEDCSKhAAlGoQAM7qEDqdKhA
SUeoQJYkqEAtTahA+0yoQJlVqEB/IqhAh3KoQF4eqEDNL6hA+VeoQHtSqED8P6hADWGoQFZA
qEBHOqhAqDOoQEyBqEBuQahAQ1moQMxyqEDBUKhAREOoQIRjqEDIRahAxmKoQHdFqEBAWqhA
FzCoQItGqECHVahACy+oQBdgqEAFa6hAdwuoQPM/qECJbqhAcQ2oQDFWqEBkT6hAfDSoQK8l
qEBILqhAYEyoQGYoqEA9cahAZWGoQPFAqEAWfKhAW0WoQJNWqEAzVKhAj4CoQEY3qECmQKhA
mICoQKs/qEBrVKhACDqoQD1ZqEBHR6hAjnOoQCFYqEAYIahABW6oQOsxqEAJQ6hAG1ioQFhc
qEDOWKhAAUuoQB5ZqECCS6hAzVWoQPNsqEB8NqhAV1eoQIV7qED2cahAqjCoQPZsqEBnZKhA
SU6oQJpvqEBIIKhATCuoQINhqEDxPahAOUuoQAs3qEBXcKhA9kuoQNxkqEC5aKhAmkuoQIY4
qECBfqhAL0yoQOo7qECmdKhAIVaoQBtgqEByb6hAX3OoQEg4qEAchKhAtV6oQLZkqEDBVahA
7FqoQGA1qEBqX6hAClioQO1BqEBkSqhATWCoQMZHqEAkRqhAiVOoQAlsqEC5VKhAIGeoQEdf
qEAkQ6hAxl6oQKdGqEAmMKhAAR2oQKNvqECrZqhAR32oQHVPqECYPKhATjqoQL9/qED/dahA
p1eoQDp1qEAaZ6hAXVuoQEF8qEC/ZahA8UKoQG5bqECNe6hApGeoQNFuqECujahAZDqoQGUv
qEDOcKhAnFaoQGJMqEDOcahAZm6oQEFYqEBfZKhA92CoQBdbqEBchahA936oQMSBqEAQYahA
hZioQD9hqED6VqhA5VWoQK93qEBsa6hAKXioQGJVqEAPTKhAVUuoQAxgqEAaTqhAJlSoQHFu
qECAVqhAWVmoQMtvqEANQahAkVuoQO6EqEAwSqhAEzGoQLiGqECBU6hAsFGoQNNZqEAabahA
A2aoQDGUqECqUqhA732oQA9MqEA+hahAwV2oQIFBqEByfahAK3aoQDpoqEBxY6hAAWaoQCdw
qEAGZKhAHoioQE16qED+fKhAJ1KoQIdTqEDLbahAp26oQPBsqEBxdqhArGqoQIN8qECnQ6hA
7H2oQI5gqEAYhKhAFoWoQNJjqECheKhAW3ioQCRtqEBgUqhAKH2oQMSQqECaWahAdpWoQLVY
qEDufKhAUn2oQFhxqECfWqhAD4SoQJR3qEDSUKhAcl+oQNKKqECfcKhAJVioQPRsqEDpeKhA
r1WoQPVtqEDDiKhA5JaoQGhxqEB0h6hA0VWoQAY3qEDpj6hAcYOoQBZrqEAed6hA8qeoQK9g
qECZYqhAE4KoQD5pqEAPYKhAgJSoQBVQqEBmhahAg42oQKGRqED2fqhA3YmoQKFkqECFb6hA
XLCoQPB8qEB4bahA/26oQIx8qECDV6hAAJGoQIrBqEDBeahACVKoQCKiqEBmV6hAz3aoQNix
qEAbXKhA+GuoQAqRqECJZqhAAW+oQGC7qEDDi6hAWzqoQBGNqEB+lKhAiG2oQOhqqEBZfKhA
+ESoQBFOqEAWgahAKZOoQBmMqECPfqhAsICoQNN6qEDokqhAgmuoQBttqEADkKhAYo6oQGFq
qEDagqhAhZuoQDZzqEDShqhAQ5uoQKx1qECjgahA0ZOoQHyOqEA5n6hA026oQCGXqEDuZqhA
oKWoQNOUqEDjf6hAxpGoQFiiqECRb6hA/XeoQL6SqEBMj6hAYnCoQNRqqEAshKhAS3qoQPp1
qEABjKhAV1yoQH3GqEBhiqhAOXGoQHmKqECbkahAa5WoQCF+qED6oKhA1KKoQP50qECqnqhA
24KoQNqpqECap6hAdZ6oQNOTqEDHk6hAE5moQIpSqECGiKhARaCoQLeBqEDvjahArqioQCCJ
qEBFmKhAZI2oQJd3qECrjqhAV5OoQKihqEByZahAhGWoQAa/qEBRYqhA+LmoQPFpqEAYlKhA
vJWoQFHDqEA9gahArHSoQLfEqEDcqKhA3LeoQCTEqEB3dKhAI3SoQOuiqECagqhACVioQGF8
qECZvKhAEZqoQNamqEAYnqhAFnuoQK6NqED+uqhAfomoQFm8qEBWmahAA22oQJB8qECmj6hA
OpmoQDJxqECxi6hAMKmoQPuEqEDgjKhASqioQLWSqECitKhAjZaoQC9+qEBXuKhAg7CoQLGc
qECXsqhA9n6oQLiZqEDirahAmJmoQG6WqED+lqhAHtCoQHClqECWgqhAApqoQHSUqEAirqhA
HHqoQBGvqEAPoqhAkaSoQNjMqEDaoKhAAnaoQLWzqEBAk6hAyqKoQN+7qED6TahAY26oQNuE
qEB0jahAzWaoQNLLqEBd1KhA1p+oQHi/qEBKlahAOqOoQEh+qECD0qhAbJqoQI+XqEBQmqhA
mZ+oQHaeqEAyqKhAcJioQCOcqEDUlKhA6ZmoQCORqECWmKhAupaoQMhVqEDhg6hAjKCoQDik
qECwp6hAJp6oQNOUqEDFlKhAUK6oQLaeqECMeahA+KWoQDzHqEDAr6hAJ5aoQFuvqEAkvKhA
u8CoQG2UqEC5rqhA82uoQJOtqEB0mahAkseoQKWeqEAAqqhAVISoQDq0qEDpgahAI6GoQJmQ
qEAsu6hAGLKoQGt+qEDvf6hAmXqoQCSmqEDi1ahAJX+oQLeiqEC80ahAEqaoQKqOqECerKhA
/qKoQD6jqEA8gahAHLOoQAGmqEA8rqhAF7SoQP+XqEA8kKhA7JeoQEKyqECYlKhAH8OoQBy1
qECsjqhAZ8moQJLRqEBHm6hAramoQMrJqEBDsKhALJSoQKumqEDcmahAb7WoQOC4qEAohahA
HH6oQBaZqECAwqhA7bKoQD3FqEDgmqhAYa6oQC+2qEAxxqhAWZuoQJnDqEBntahAGK+oQHXA
qEAvx6hALb6oQOyLqECE06hAOqGoQNujqEBNqahAaryoQK6mqEBJ1ahAvpWoQI2+qEDi3ahA
u8yoQBWfqEDKvKhA9cOoQKiSqEBxpKhAh6yoQLyJqEBxkqhAitCoQOnCqEBtp6hAFNWoQI/D
qEC3sqhAMN2oQCOEqEBbrKhA8KmoQCKWqEAUoahA1qioQErfqEA2qKhAgIioQJ3GqECDw6hA
vXaoQH7aqEAcw6hAR6+oQA6+qEAIuqhAtbOoQPzCqEDWw6hAcauoQOy4qECcw6hApKCoQJa/
qEATyahAIJWoQLe5qEDgp6hAGMaoQFL1qECiu6hAXrqoQDDNqEDptKhAHu2oQF6mqECqrahA
4saoQB66qEBNtqhAGuioQOSqqEBU0qhADbuoQGi1qEB6sahARN+oQCoHqUAusahAGd6oQF64
qEAr46hA79SoQG+7qEAGlahAhrWoQPW1qEBwrqhAE52oQAPAqEA3w6hA57OoQJ30qECiw6hA
5b2oQK3EqEBU3KhA55KoQPrkqEA5wqhAQMKoQIjKqED8zahA1taoQIrJqEC26ahAFtaoQH+9
qEC8x6hAQcuoQAesqEDP2ahAgL6oQM2/qEDdyKhAp/CoQO+WqECFxqhAmdmoQJ3HqEBFyKhA
FMioQNXhqECQ6ahAnL2oQMDVqEBms6hAr+SoQBzBqECf2KhAefGoQIrcqEB+u6hAVdaoQNfo
qEABqqhAdNaoQKWyqEAr16hANL6oQJDcqEDf7ahABbyoQLLWqEAHzahAMs6oQB8BqUDFy6hA
9OioQDLkqEDl8ahAedmoQN/jqEC7zahAqr+oQAbMqECg4qhApeuoQGndqEC5yKhAoQepQGXK
qEAeAKlAAeKoQGC/qEDWvahAQeGoQKGyqEDntKhAd8eoQCi2qEDYxahANs2oQN7FqECLuahA
/t6oQNjVqEBF7qhA0N6oQNqwqEBD0qhAMuyoQI20qEAjq6hAuNeoQKjJqEC44qhAi9ioQP/7
qEDRzahAGO2oQDD6qEC/uqhAudioQIW/qEAUxKhAIseoQN3rqEApzKhAssioQI0AqUBQ7KhA
HZyoQC34qECX1qhAVcWoQCjpqEBI9KhANMqoQOjqqEBy4KhAccuoQE8CqUCf+qhAB8yoQIvg
qECmBKlAVwmpQDnGqEAP6KhA/dioQA61qECz4KhAbOuoQGDnqED9v6hAidqoQBrfqEDFsqhA
aOuoQMrnqEBly6hAfvCoQFTGqEB30KhAaPmoQO7AqEDL+qhADMSoQLb7qECg3qhAptqoQEPb
qEBryKhAdd+oQNjSqEBx9ahAxdOoQG4BqUAUBKlA4eeoQL7fqEC3t6hA796oQLPQqECe8qhA
NeOoQAH2qEBe+qhAYdqoQDHPqED956hACNmoQETyqEB53ahADfyoQJO8qEDM1KhAmAWpQAr6
qECR6ahAQ/6oQCCwqEC+xqhAAOCoQDDAqEAFzKhA1yOpQKn4qED67ahAZPioQDCnqEB/56hA
LiepQJj0qEBA4KhAGRCpQD8DqUCJyahAmrioQHT9qEBvuKhA89OoQM4PqUDC3KhAXuCoQFr4
qEDLyKhAEtqoQDz4qEBhBKlA/dioQBDiqEBjHqlAu+CoQNnkqEDF+ahAKOGoQOvoqEA5IalA
PPKoQFm/qEBvBqlAtfeoQNX5qEAkEKlA5uqoQIvCqEBk/qhAiAWpQG/YqED55qhAPOqoQLjh
qEC436hAAAKpQAH9qEBlDKlAFf+oQCvpqED1/KhA5fGoQEPhqEBOAalAowipQJkkqUAf5KhA
2v2oQGwNqUDF4KhAegCpQELuqEBkCKlAi/aoQA4GqUCH9ahAkOioQO0iqUCI66hAbt+oQDob
qUC366hAMQCpQKwcqUAbCKlAQPuoQJD3qEAV5KhAeeyoQCH1qEAfzahACdioQHvoqED2FqlA
k/aoQPbPqEBqB6lADtioQEDtqEBX56hAmwSpQJTmqEDjNalA0gmpQBL3qEDdJqlAef6oQL4P
qUBq1qhA6QupQKDhqECN/KhAog2pQBUHqUB8BqlAzROpQCr/qEBM4KhANCOpQHcGqUAd06hA
2wGpQL32qEBu0ahAGw6pQNYAqUAm96hA+OqoQJ4LqUAe86hATNmoQH/1qEBX7ahA8CCpQFIL
qUCF9KhArPeoQGYEqUD6+ahATPyoQDD2qEBfEalAIeSoQI0LqUAoA6lAHvCoQGMIqUDm86hA
gc2oQM/NqEBeHalANv+oQCPzqEBnEalAexSpQJgIqUCyIKlA7AGpQM8SqUCUFqlAJQCpQFoG
qUD3AalAgC2pQJz8qEBZ2ahAUC2pQIInqUBy36hAUfioQNgQqUDM3qhAzCCpQHcaqUAa6qhA
UPOoQOIXqUABFalAbQ2pQB8UqUA3+qhAdAmpQM4ZqUDVBqlAUwWpQEEeqUDiEKlA6/yoQKU6
qUArK6lANRGpQJP3qEA+OKlAyN6oQKn6qEAr9ahAw+2oQBHqqECq9ahAUhqpQKUBqUBFEalA
g/2oQIDfqEA+IqlAMyqpQHYCqUCxL6lAtBWpQGIWqUAQIalAm9qoQPEOqUAbGalAORipQJYF
qUASFKlAFSCpQPEmqUDKDqlAHhKpQF4RqUC2DqlA/yupQAY9qUD186hAHd6oQLgTqUDZB6lA
U/2oQLE0qUCQ9qhAEj2pQBEVqUD4DalATf2oQFovqUBZAalA7ympQIIkqUC5H6lANiepQHQX
qUA7TalASg2pQBkhqUDXBalAyS2pQAb2qEC/OalAASWpQEDuqEB4BqlAUzypQPAJqUCuQ6lA
TzypQN8jqUBXJqlAQhepQGP5qEBvLKlAijqpQE4RqUB1H6lA6kCpQIsHqUA7GalA4fGoQPYn
qUA9AqlArRKpQJ0NqUDkCalAXQKpQK1tqUAm9qhAFg6pQGYmqUCkN6lAER6pQDk0qUA3CalA
6TOpQNMoqUDvcalAfAGpQEstqUA6MKlANhipQAoaqUC9CKlASgupQFxAqUBOFalArhapQB0G
qUCjHqlAnCupQIsEqUDgKqlARgKpQP8TqUBhNalAeDWpQBEIqUChHqlAVCmpQHgVqUAUHalA
vyipQGHvqECKLKlAuimpQEIfqUBX/ahAO1KpQLDgqEDCD6lAVxSpQNgFqUD5GqlAdRWpQKUR
qUCqAKlASCqpQKodqUD+FalAKzOpQE5JqUBiHqlAH/eoQF0kqUCVDKlAghqpQA5KqUBfEKlA
uiKpQBE9qUDJB6lArRKpQCwsqUDCV6lA3hipQJpHqUB+CqlAKRSpQIk7qUDaRqlAggCpQOgh
qUAKIalAkBKpQDb8qED4P6lAKDKpQLYbqUAPHKlALVWpQDH0qEDeK6lA2i6pQLgWqUCSKalA
PmKpQLUfqUDvMalAoEepQGJDqUCMI6lA9fioQJ8xqUCJN6lA4zCpQBA7qUCUCKlA5BSpQHBK
qUCIKKlAVjipQGASqUADFqlADECpQCZCqUB7KKlA9vOoQBI9qUA5IalAQRepQNN6qUCWHqlA
mxypQLovqUBROalA9jWpQPIyqUBPP6lAkgypQKM6qUCVOKlAlT+pQAQxqUCwValAnwCpQCQb
qUDXHKlAoCypQGI3qUDGGqlA1UWpQK8mqUCKQ6lAOy6pQKwuqUDFD6lAr0SpQP4wqUDWGKlA
lR6pQEI/qUCTPqlAkTupQFQzqUC3LalAUEqpQNBDqUCzD6lAIEqpQMUbqUAlMqlAyV2pQIkk
qUBSIalAtzWpQNFDqUDULqlA/RupQBxCqUDfPqlAryGpQGdGqUCASqlAKCupQHpMqUAyNKlA
+V+pQJA5qUB0c6lA6UWpQKgtqUAtVKlAdw+pQJQ0qUB5TKlAX02pQLMpqUCmSqlAKimpQAwf
qUAWXqlAeiSpQGsKqUCuRKlAF0GpQMIVqUBmMalAAzCpQFMbqUAJaqlAgCupQEAvqUC5MqlA
7VipQAQWqUArOKlAdGqpQI1VqUAYQ6lAaFOpQA1aqUA2DKlAZFepQFlkqUCVOalAZS6pQP1Q
qUBVKqlAcQupQLRKqUDcTqlA/1WpQE9qqUBjaqlAr1ipQKFQqUBNV6lAjDypQJNXqUB+bqlA
NSipQJlrqUCBLKlAUlapQEwzqUBZaalAUFWpQFU5qUCDc6lA8z6pQPQ+qUDUZqlAsFupQPYO
qUAWQalAwGGpQIpXqUA6QKlA3DmpQCsOqUBFUalAzYypQEdJqUD1LqlAaoepQC1EqUDMWalA
BHOpQC5dqUDAOKlAJkipQDNqqUBAUqlAITipQL9dqUBDYqlAZDKpQKdpqUDXNqlAYiOpQCpR
qUAuNKlA</AssayYData></Step><Step><CommonData><SampleLocation>5</SampleLocation><SampleID>Glycine</SampleID><SampleGroup></SampleGroup><SampleInfo></SampleInfo><SampleRow>B</SampleRow><SamplePlate>1</SamplePlate><WellType>REGENERATION</WellType><Concentration>-1</Concentration><ConcentrationUnits>µg/ml</ConcentrationUnits><MolarConcentration>-1</MolarConcentration><MolarConcUnits>nM</MolarConcUnits><MolecularWeight>0</MolecularWeight><Temperature>30</Temperature><StartTime>6804189</StartTime><AssayTime>5</AssayTime></CommonData><FlowRate>1000</FlowRate><StepType>KREGENERATION</StepType><StepName>Regeneration</StepName><StepStatus>OK</StepStatus><ActualTime>5.00078</ActualTime><CycleTime>0.2</CycleTime><AssayXData Points="25">QIC7RdqBu0V1g7tFD4W7RaaGu0VAiLtF3om7RXOLu0UNjbtFpo67RUKQu0XakbtFc5O7RQ+V
u0WmlrtFQpi7RdqZu0V1m7tFDZ27Raieu0VAoLtF2qG7RXOju0UNpbtFqKa7RQ==</AssayXData><AssayYData Points="25">r+3jP1uu2j9L0NY/YWHTP9hd0T9Gas4/47XLP9mnyT/SV8Y/RM7DPxQQwj+oIr8/dfm8P3E1
vD9pJLo/6B+3P3eetT+eL7Q/kFOyP+rQsD/t2a8/osCuP4OcrT/osKw/2+KrPw==</AssayYData></Step><Step><CommonData><SampleLocation>6</SampleLocation><SampleID>PBS</SampleID><SampleGroup></SampleGroup><SampleInfo></SampleInfo><SampleRow>B</SampleRow><SamplePlate>1</SamplePlate><WellType>NEUTRALIZATION</WellType><Concentration>-1</Concentration><ConcentrationUnits>µg/ml</ConcentrationUnits><MolarConcentration>-1</MolarConcentration><MolarConcUnits>nM</MolarConcUnits><MolecularWeight>0</MolecularWeight><Temperature>30</Temperature><StartTime>6817286</StartTime><AssayTime>5</AssayTime></CommonData><FlowRate>1000</FlowRate><StepType>KREGENERATION</StepType><StepName>Regeneration</StepName><StepStatus>OK</StepStatus><ActualTime>4.9998</ActualTime><CycleTime>0.2</CycleTime><AssayXData Points="25">Qqi7Rdypu0V1q7tFD627Raiuu0VCsLtF3LG7RXWzu0URtbtFqra7RUS4u0XeubtFdbu7RRG9
u0WqvrtFQsC7RdzBu0V1w7tFD8W7RajGu0VCyLtF3sm7RXfLu0UPzbtFqM67RQ==</AssayXData><AssayYData Points="25">nouYQNAumUBfs5lAK+SZQIw2mkAtgZpA8LSaQJs1m0BJ+ppAkV6bQONjm0DBb5tAuK2bQIC7
m0CV/ZtAWQycQMwgnEAJKZxAc1WcQBBbnED/dJxAqJCcQK9ynEBQrZxAY8acQA==</AssayYData></Step><Step><CommonData><SampleLocation>5</SampleLocation><SampleID>Glycine</SampleID><SampleGroup></SampleGroup><SampleInfo></SampleInfo><SampleRow>B</SampleRow><SamplePlate>1</SamplePlate><WellType>REGENERATION</WellType><Concentration>-1</Concentration><ConcentrationUnits>µg/ml</ConcentrationUnits><MolarConcentration>-1</MolarConcentration><MolarConcUnits>nM</MolarConcUnits><MolecularWeight>0</MolecularWeight><Temperature>30</Temperature><StartTime>6830375</StartTime><AssayTime>5</AssayTime></CommonData><FlowRate>1000</FlowRate><StepType>KREGENERATION</StepType><StepName>Regeneration</StepName><StepStatus>OK</StepStatus><ActualTime>4.9998</ActualTime><CycleTime>0.2</CycleTime><AssayXData Points="25">QtC7RdzRu0V107tFD9W7RajWu0VE2LtF3Nm7RXXbu0UP3btFqN67RULgu0Xc4btFd+O7RQ/l
u0Wq5rtFQui7Rdzpu0V367tFD+27Rajuu0VC8LtF3PG7RXXzu0UR9btFqPa7RQ==</AssayXData><AssayYData Points="25">5TDHP7rTvT8yTLg/3kq1P97tsT/DXLA/mmWuP/7ErD/1MKw/myGqPy9HqT93a6g/JE2nP9CX
pj/y+aQ/22ekP3UfpD9W3KM/612iP+1DoT9traE/7rOgP0C2nz8jFqA/gqqfPw==</AssayYData></Step><Step><CommonData><SampleLocation>6</SampleLocation><SampleID>PBS</SampleID><SampleGroup></SampleGroup><SampleInfo></SampleInfo><SampleRow>B</SampleRow><SamplePlate>1</SamplePlate><WellType>NEUTRALIZATION</WellType><Concentration>-1</Concentration><ConcentrationUnits>µg/ml</ConcentrationUnits><MolarConcentration>-1</MolarConcentration><MolarConcUnits>nM</MolarConcUnits><MolecularWeight>0</MolecularWeight><Temperature>30</Temperature><StartTime>6843471</StartTime><AssayTime>5</AssayTime></CommonData><FlowRate>1000</FlowRate><StepType>KREGENERATION</StepType><StepName>Regeneration</StepName><StepStatus>OK</StepStatus><ActualTime>5.00078</ActualTime><CycleTime>0.2</CycleTime><AssayXData Points="25">Qvi7Rdz5u0V1+7tFD/27Raj+u0VCALxF3AG8RXUDvEUPBbxFqAa8RUQIvEXeCbxFdQu8RQ8N
vEWoDrxFRBC8Rd4RvEV1E7xFExW8RagWvEVCGLxF3Bm8RXUbvEUPHbxFqh68RQ==</AssayXData><AssayYData Points="25">d/aXQMmXmEDREJlAY1aZQKThmUD4P5pAcjmaQNuqmkC2kppATqyaQMERm0A0OptAYV6bQNFh
m0DciJtAjZqbQPO5m0Ax85tA6hCcQOACnECoBZxAXBScQEItnEDHO5xAVGqcQA==</AssayYData></Step><Step><CommonData><SampleLocation>5</SampleLocation><SampleID>Glycine</SampleID><SampleGroup></SampleGroup><SampleInfo></SampleInfo><SampleRow>B</SampleRow><SamplePlate>1</SamplePlate><WellType>REGENERATION</WellType><Concentration>-1</Concentration><ConcentrationUnits>µg/ml</ConcentrationUnits><MolarConcentration>-1</MolarConcentration><MolarConcUnits>nM</MolarConcUnits><MolecularWeight>0</MolecularWeight><Temperature>30</Temperature><StartTime>6856553</StartTime><AssayTime>5</AssayTime></CommonData><FlowRate>1000</FlowRate><StepType>KREGENERATION</StepType><StepName>Regeneration</StepName><StepStatus>OK</StepStatus><ActualTime>5.00078</ActualTime><CycleTime>0.2</CycleTime><AssayXData Points="25">RCC8Rd4hvEV5I7xFEyW8RaomvEVGKLxF4Cm8RXcrvEUTLbxFqi68RUYwvEXeMbxFdzO8RRE1
vEWqNrxFRDi8Rd45vEV5O7xFET28Rao+vEVEQLxF4EG8RXlDvEURRbxFrEa8RQ==</AssayXData><AssayYData Points="25">Sv7AP71XuT+237U/x1yyP2TErz+5H64/oZurP1DOqj8mjKk/Y56oP2cNpz8/h6Y/60mmPzY4
pT9KqKQ/zJGkP4Vzoz9cd6I/OHqiP0CuoT+d+aA/1aehP7YdoD9pJKA/Ey6gPw==</AssayYData></Step><Step><CommonData><SampleLocation>6</SampleLocation><SampleID>PBS</SampleID><SampleGroup></SampleGroup><SampleInfo></SampleInfo><SampleRow>B</SampleRow><SamplePlate>1</SamplePlate><WellType>NEUTRALIZATION</WellType><Concentration>-1</Concentration><ConcentrationUnits>µg/ml</ConcentrationUnits><MolarConcentration>-1</MolarConcentration><MolarConcUnits>nM</MolarConcUnits><MolecularWeight>0</MolecularWeight><Temperature>30</Temperature><StartTime>6869661</StartTime><AssayTime>5</AssayTime></CommonData><FlowRate>1000</FlowRate><StepType>KREGENERATION</StepType><StepName>Regeneration</StepName><StepStatus>OK</StepStatus><ActualTime>4.9998</ActualTime><CycleTime>0.2</CycleTime><AssayXData Points="25">Rki8ReJJvEV5S7xFE028RaxOvEVIULxF4FG8RXlTvEUVVbxFrla8RUZYvEXgWbxFe1u8RRNd
vEWsXrxFSGC8ReBhvEV5Y7xFFWW8Ra5mvEVIaLxF4mm8RXlrvEUVbbxFrG68RQ==</AssayXData><AssayYData Points="25">z9KYQB+gmUCeF5pA4lKaQOzLmkDJCJtAizqbQGeUm0BIrZtAFPmbQOL4m0AnM5xAHyqcQAJt
nEBtopxAQp2cQFShnEB0+JxA+OGcQOITnUCbO51AzDOdQKY2nUBYWJ1ACGadQA==</AssayYData></Step><Step><CommonData><SampleLocation>1</SampleLocation><SampleID>Octet Buffer</SampleID><SampleGroup></SampleGroup><SampleInfo></SampleInfo><SampleRow>A</SampleRow><SamplePlate>1</SamplePlate><WellType>BUFFER</WellType><Concentration>-1</Concentration><ConcentrationUnits>µg/ml</ConcentrationUnits><MolarConcentration>-1</MolarConcentration><MolarConcUnits>nM</MolarConcUnits><MolecularWeight>0</MolecularWeight><Temperature>30</Temperature><StartTime>6883918</StartTime><AssayTime>20</AssayTime></CommonData><FlowRate>1000</FlowRate><StepType>CUSTOM</StepType><StepName>Sensor Check</StepName><StepStatus>OK</StepStatus><ActualTime>19.9998</ActualTime><CycleTime>0.2</CycleTime><AssayXData Points="100">RnC8ReBxvEV7c7xFE3W8Rax2vEVGeLxF4nm8RXt7vEUTfbxFrH68RUaAvEXggbxFe4O8RROF
vEWshrxFRoi8ReKJvEV5i7xFFY28Ra6OvEVIkLxF4pG8RXuTvEUVlbxFrJa8RfaYvEU6mrxF
fZu8RROdvEWsnrxFRqC8ReKhvEV5o7xFFaW8RaymvEVGqLxF4Km8RXmrvEUVrbxFrK68RUiw
vEXgsbxFe7O8RRO1vEWutrxFRri8ReC5vEV5u7xFFb28Ray+vEVGwLxF4sG8RXnDvEUTxbxF
rMa8RUjIvEXiybxFecu8RRXNvEWszrxFRtC8ReLRvEV507xFE9W8Ra7WvEVG2LxF4tm8RXvb
vEUT3bxFrN68RUjgvEXg4bxFe+O8RRPlvEWu5rxFRui8ReLpvEV767xFE+28Ra7uvEVI8LxF
6vG8RXnzvEUT9bxFrPa8RUb4vEXg+bxFefu8RRP9vEWs/rxFRgC9ReIBvUV7A71FEwW9Ra4G
vUVICL1F4gm9RXkLvUUTDb1FrA69RQ==</AssayXData><AssayYData Points="100">fr2WQMgUlUAIipNAWKiSQEtGkkBN5ZFAX4+RQBNokUDhYZFAqz+RQNNhkUBqo5FAt3WRQMyc
kUDgmJFAp8SRQK+8kUCG/pFArvCRQArnkUCLCpJAFjaSQFPwkUCtQJJArjmSQAxQkkAJWZJA
3VuSQKFlkkCzY5JAJ7ySQC9gkkBLlZJAnZ6SQPmGkkBamJJAtbGSQLewkkALuZJA1taSQATW
kkCv5ZJAIAaTQDP7kkDi+ZJAljCTQKUNk0BTDpNALiGTQMvukkAeBpNABheTQOA3k0BVDZNA
wDqTQNhKk0CqT5NAvkSTQAFCk0DkcZNAcGiTQJF+k0CkZJNAbFCTQF5ck0DbhpNAkIyTQLF5
k0AOsJNAU1CTQM+gk0DWspNAfpaTQCqEk0AcsZNAqqyTQJufk0A9sZNAeuCTQDqjk0Ck2pNA
keSTQDWZk0ChppNAvveTQLXZk0Ap5JNAovmTQHPbk0Bx0pNA2xGUQOPQk0Df15NAx8uTQOXH
k0Af9JNAGu2TQDcHlEBvApRAQAqUQA==</AssayYData></Step><Step><CommonData><SampleLocation>21</SampleLocation><SampleID>SI-157X49_P5563</SampleID><SampleGroup></SampleGroup><SampleInfo></SampleInfo><SampleRow>A</SampleRow><SamplePlate>1</SamplePlate><WellType>KLOAD</WellType><Concentration>5</Concentration><ConcentrationUnits>µg/ml</ConcentrationUnits><MolarConcentration>5000</MolarConcentration><MolarConcUnits>nM</MolarConcUnits><MolecularWeight>0</MolecularWeight><Temperature>30</Temperature><StartTime>6915842</StartTime><AssayTime>120</AssayTime></CommonData><FlowRate>1000</FlowRate><StepType>LOADING</StepType><StepName>Loading</StepName><StepStatus>OK</StepStatus><ActualTime>120</ActualTime><CycleTime>0.2</CycleTime><AssayXData Points="600">RhC9ReIRvUV5E71FExW9Ra4WvUVGGL1F4Bm9RXsbvUUTHb1FrB69RUggvUXgIb1FeSO9RRUl
vUWsJr1FSCi9ReIpvUV7K71FEy29RawuvUVGML1F4jG9RXkzvUUTNb1Frja9RUY4vUXiOb1F
ezu9RRM9vUWsPr1FSEC9ReBBvUV5Q71FE0W9RaxGvUVGSL1F4Em9RXlLvUUTTb1FsE69RUZQ
vUXgUb1FeVO9RRVVvUWuVr1FSFi9ReBZvUV5W71FFV29RaxevUVGYL1F4GG9RXtjvUUVZb1F
rGa9RUZovUXgab1Fe2u9RRNtvUWsbr1FRnC9ReBxvUV7c71FFXW9Ra52vUVGeL1F4Hm9RXt7
vUUTfb1FrH69RUaAvUXggb1FeYO9RROFvUWshr1FRoi9ReKJvUV5i71FE429RayOvUVGkL1F
4JG9RXmTvUUVlb1FrJa9RUiYvUXgmb1Fe5u9RROdvUWsnr1FRqC9ReKhvUV5o71FE6W9Raym
vUVGqL1F4qm9RXmrvUUTrb1FrK69RUawvUXgsb1FebO9RRO1vUWstr1FRri9ReK5vUV5u71F
Fb29Ray+vUVIwL1F4MG9RXnDvUUTxb1Frsa9RUbIvUXgyb1Fe8u9RRPNvUWszr1FRtC9ReDR
vUV7071FFdW9Ra7WvUVI2L1F4Nm9RXnbvUUT3b1Frt69RUbgvUXg4b1Fe+O9RRPlvUWs5r1F
SOi9ReDpvUV7671FFe29RazuvUVI8L1F4vG9RXvzvUUT9b1Frva9RUj4vUXg+b1Fefu9RRP9
vUWu/r1FRgC+ReABvkV7A75FEwW+RawGvkVICL5F4Am+RXkLvkUTDb5FrA6+RUYQvkXgEb5F
eRO+RRUVvkWuFr5FRhi+ReIZvkV7G75FEx2+RawevkVGIL5F4iG+RXkjvkUTJb5FrCa+RUgo
vkXgKb5FeSu+RRMtvkWsLr5FSDC+ReAxvkV7M75FFTW+Ra42vkVGOL5F4Dm+RXk7vkUTPb5F
rD6+RUZAvkXgQb5FeUO+RRVFvkWsRr5FSki+ReBJvkV5S75FFU2+RaxOvkVGUL5F4lG+RXlT
vkUVVb5FrFa+RUhYvkXiWb5Fe1u+RRNdvkWuXr5FRmC+ReBhvkV5Y75FE2W+Ra5mvkVGaL5F
4mm+RXlrvkUTbb5Frm6+RUhwvkXicb5Fe3O+RRN1vkWudr5FRni+ReJ5vkV5e75FE32+Rax+
vkVGgL5F4IG+RXmDvkUVhb5FrIa+RUaIvkXiib5FeYu+RRWNvkWsjr5FSJC+ReCRvkV7k75F
E5W+RayWvkVImL5F4Jm+RbCbvkUTnb5Frp6+RUagvkXiob5FeaO+RROlvkWupr5FRqi+ReCp
vkV5q75FFa2+Ra6uvkVGsL5F4LG+RXuzvkUTtb5FrLa+RUa4vkXiub5Febu+RRO9vkWuvr5F
RsC+ReDBvkV7w75FFcW+RazGvkVIyL5F4sm+RXvLvkUTzb5FrM6+RUbQvkXg0b5FedO+RRPV
vkWs1r5FRti+ReDZvkV5275FFd2+Ra7evkVI4L5F4OG+RXnjvkUT5b5Frua+RUjovkXg6b5F
eeu+RRPtvkWu7r5FSPC+ReLxvkV5875FFfW+Raz2vkVI+L5F4Pm+RXv7vkUV/b5FrP6+RUYA
v0XiAb9FeQO/RRMFv0WuBr9FRgi/ReIJv0V5C79FFQ2/Ra4Ov0VIEL9F4BG/RXsTv0UVFb9F
rBa/RUYYv0XiGb9FeRu/RRUdv0WsHr9FRiC/ReIhv0V5I79FFSW/Rawmv0VGKL9F4Cm/RXkr
v0UTLb9FrC6/RUgwv0XgMb9FezO/RRU1v0WuNr9FRji/ReA5v0V5O79FEz2/Raw+v0VGQL9F
4EG/RXlDv0UTRb9FrEa/RUZIv0XgSb9Fe0u/RRVNv0WsTr9FRlC/ReBRv0V7U79FE1W/RaxW
v0VGWL9F4Fm/RXlbv0UTXb9FrF6/RUZgv0XgYb9FeWO/RRVlv0WsZr9FSGi/ReBpv0V5a79F
E22/Raxuv0VGcL9F4nG/RXlzv0UVdb9Frna/RUZ4v0Xgeb9Fe3u/RRN9v0Wufr9FSIC/ReCB
v0V7g79FFYW/RayGv0VGiL9F4Im/RXuLv0UTjb9Fro6/RUaQv0Xgkb9FeZO/RROVv0Wulr9F
Rpi/ReCZv0V5m79FE52/Rayev0VIoL9F4KG/RXujv0UTpb9FrKa/RUaov0Xiqb9Fe6u/RROt
v0Wurr9FRrC/ReKxv0V5s79FE7W/Ray2v0VGuL9F4rm/RXm7v0UVvb9FrL6/RUbAv0Xgwb9F
ecO/RRPFv0Wsxr9FRsi/ReDJv0V5y79FE82/RazOv0VG0L9F4NG/RXnTv0UT1b9FrNa/RUbY
v0Xg2b9Fe9u/RRPdv0Wu3r9FRuC/ReDhv0V5479FE+W/Ra7mv0VI6L9F4um/RXvrv0UV7b9F
rO6/RUbwv0Xi8b9Fe/O/RRP1v0Wu9r9FRvi/ReL5v0V7+79FE/2/Raz+v0VGAMBF4gHARXsD
wEUTBcBFrAbARUgIwEXgCcBFeQvARRMNwEWsDsBFRhDAReARwEV5E8BFExXARawWwEVIGMBF
4BnARXkbwEUVHcBFrB7ARUggwEXiIcBFeSPARRMlwEWuJsBFSCjAReApwEV5K8BFEy3ARawu
wEVGMMBF4DHARXkzwEUTNcBFrDbARUg4wEXgOcBFeTvARRM9wEWsPsBFRkDAReBBwEV5Q8BF
FUXARaxGwEVISMBF4knARXlLwEUTTcBFrE7ARUZQwEXgUcBFe1PARRVVwEWsVsBFRljAReJZ
wEV5W8BFE13ARa5ewEVGYMBF4GHARXtjwEUTZcBFrmbARUhowEXiacBFeWvARRVtwEWsbsBF
SHDAReBxwEV5c8BFFXXARax2wEVIeMBF4HnARXl7wEV/fcBFw37ARUaAwEXigcBFe4PARROF
wEWshsBFSIjAReCJwEV7i8BFE43ARayOwEVIkMBF4pHARXuTwEUVlcBFrJbARUiYwEXimcBF
eZvARROdwEWsnsBFRqDAReChwEV5o8BFE6XARaymwEVGqMBF4qnARXurwEUTrcBFrK7ARUiw
wEXiscBFebPARRO1wEWstsBFSLjAReK5wEV5u8BFE73ARay+wEVGwMBF4MHARXnDwEUTxcBF
rMbARUbIwEXgycBFecvARRPNwEWszsBF</AssayXData><AssayYData Points="600">AYSTQKAylECiVZRA2EeUQHSXlEBTq5RAV72UQKAYlUB1HZVAODOVQBJGlUAjlJVARXqVQLew
lUBr+pVAiuiVQIv6lUBAEpZATx2WQDVElkAygZZA/X2WQFiIlkC6uJZAWsmWQMzelkDC5ZZA
n/6WQJ0cl0CXIJdAIzyXQCdZl0AZeJdAyMCXQGyhl0Bqw5dAePaXQBICmEC69pdALTGYQHAm
mEDoTJhA8HeYQElsmECajJhA5bCYQBrNmECf5phAr+mYQDpBmUAQFZlAXSSZQO5UmUBXeplA
zWOZQF65mUBw05lAz92ZQAzkmUBA/5lACQKaQK/+mUCDH5pAf1+aQKJNmkAnappAok2aQMRw
mkBoyppAiaqaQEnNmkAU2ppAq+uaQE7nmkDRNZtAyy2bQHVEm0CLbZtANoqbQLJrm0BboJtA
666bQGTVm0Bg2JtA28+bQHUEnEDlKpxAUkCcQIkKnED6S5xAkmecQEB2nEBIYpxAUX+cQKim
nEDjmpxAueucQGL2nEDqzJxAOfqcQKManUAa+pxAFS2dQKMjnUCdaZ1AqludQHh9nUCNop1A
hHidQC7AnUCJrp1ARbydQFcAnkDUB55AftOdQOgLnkCgPZ5A9lSeQO41nkByR55ATFSeQLJk
nkBdeJ5ADI+eQM1inkBXmp5AMLueQJmdnkAhv55AQ9yeQFfhnkDV/55AfAOfQHMqn0C6EJ9A
0QefQOlNn0A0V59AAHSfQIJ2n0DqeJ9AOLOfQGq+n0Cvt59A3byfQBvVn0AjyZ9AYfqfQFf0
n0Cm859A4v+fQFgyoEB2B6BAFTugQGc8oEBmRaBAnE+gQAGCoEAggqBA+nagQLacoEBulaBA
e6egQAXBoEBQsaBA47qgQEjUoEDMCaFAj8OgQNkKoUBPKKFAfj2hQEcnoUDeDqFALjWhQPg9
oUBJX6FArnuhQCVXoUBuoqFAvqahQCidoUAFsaFAO9mhQBCkoUA71qFA+eShQFacoUDm+KFA
HvShQMX0oUAd66FA3ACiQAkRokDf4aFAsESiQP9HokANSaJAzkGiQLRpokCHPKJAAoaiQMCF
okC1TaJAIXmiQNrSokBjoKJAHLOiQPnLokDYoaJApaOiQJ/jokAQ6KJAyNyiQO8Po0D/9KJA
cOqiQHoro0B3EqNAmyKjQIdao0CeWqNAD0qjQElRo0BKV6NApEOjQEtKo0D4eaNAZ4KjQA5b
o0BJjqNADLOjQOJ8o0B1yKNArbSjQO6Vo0Ay6KNADgSkQJ3lo0BM0KNA7f+jQOwNpEC+DKRA
sxSkQPDWo0BPDqRAVTakQNkwpEA4JqRApk+kQO5CpEB8KKRAS32kQJRFpEAHc6RA03OkQG6N
pEB6hKRAGIikQBnBpEDQoqRAGZakQELEpEAeqqRAMcOkQFyypECD0qRA4sqkQAoOpUDI5KRA
VfykQLcKpUBQ+qRAceekQE8kpUB6BqVA/AmlQDlEpUDTS6VAWUOlQFtVpUDuXqVATE6lQN5x
pUCgcKVAm0+lQFdxpUDZkaVAFI2lQGlXpUASjKVAYZalQC2IpUCznKVAc9ylQL2ApUD7qqVA
DtalQAHLpUBMoqVAmdmlQNLkpUBcuqVAHMClQJgApkBf6aVAIiSmQGDypUCk1KVAn9alQIQL
pkBV7qVAjP+lQFNNpkCPLKZApEKmQMlRpkDMI6ZARTSmQOc8pkBbPaZAnTqmQBdUpkC1bqZA
F0+mQIdtpkD/mKZAVH6mQD9JpkDHhaZA6X6mQMxxpkAMlqZAaKemQIudpkDptaZAS9mmQFq+
pkBEwKZAzdmmQHzGpkDoAKdAGuSmQEHNpkDDxqZA8fKmQMnFpkDS+aZAxAmnQP3xpkDJ3KZA
JQCnQGUBp0B8FadAOBCnQKwSp0DmD6dAfDanQOMlp0BvRqdAGXmnQACDp0C6YqdA1WGnQKY8
p0D1VadAA1anQG+Qp0DcgadAe3OnQCiop0D/dqdAum+nQJOWp0DzgqdAH5SnQBSrp0BAtKdA
PZSnQGiYp0Afv6dApaCnQJCXp0B5zqdAqcqnQOvVp0Cr2qdAcuqnQNWzp0CgCKhArgioQJDb
p0Ap8adAiPGnQADpp0AT9qdAEgOoQPz6p0Ax7qdAvAaoQI0VqEC5CqhArSyoQGs4qEC0CahA
ph2oQO1AqEAtC6hApSWoQPpaqEBSUKhAElGoQF9VqEAoOKhA7k6oQGaHqEDlUKhAAlqoQN5S
qEA6l6hADm6oQORTqEAomqhA7pKoQHyOqECxiKhAbHioQLqBqEBBpqhA5ZuoQKK5qEDpwqhA
2ZSoQPO2qEANBalAy6ioQC+9qEDN0KhAdvioQICvqEAkx6hAJ+6oQGHMqECG6KhAS/WoQEzV
qEC93KhA+PqoQCXTqECoEqlA/R+pQCk1qUALDqlAbjapQIcLqUAyAqlAIB2pQIgdqUA7/KhA
RCypQH1IqUDdEqlAN1+pQM5XqUBjTqlAYDCpQDtEqUAgUKlAazipQBNBqUDBbKlAvUipQAtx
qUAnVqlAo2GpQEB1qUASkalAWmWpQDuRqUAIkKlA2nKpQOlvqUA/g6lACWypQHV5qUDKkqlA
GIepQAOQqUCRmqlAP9CpQLeSqUABualA7ACqQGqZqUCSn6lA4LipQOG2qUANsqlAtrmpQCXU
qUCooalAmd6pQEHYqUDi9alAa9ypQGT8qUBvuqlAZ9qpQNHvqUBI76lAGfipQLgOqkDb4qlA
88+pQHbuqUAQ+KlA0AWqQJAYqkDkOqpAXPepQHdGqkDgRKpASgeqQC8RqkBOOKpA9TCqQPlg
qkCwDKpA6R2qQDE9qkBBX6pAlTKqQN8zqkD3T6pA8UmqQBZHqkA7TapAXE6qQGxNqkAWc6pA
mJKqQMxaqkBAYapAToSqQCV5qkCtd6pAzpiqQGhiqkC6capAqZuqQER2qkARm6pAdcGqQByN
qkAig6pA+8WqQPGcqkAjiapA43uqQGqpqkB/vKpA17iqQAjeqkDcw6pABbmqQF3PqkCyq6pA
JsmqQBLmqkCOyqpAXLiqQL7vqkDE06pAutCqQO8Qq0DYA6tAUsmqQF/RqkC2AqtAU8qqQKfi
qkBK46pAv+6qQFD1qkC3+apASvyqQGTuqkA/GatAhgirQBcQq0BcCatAWPaqQDgFq0DhNatA
owarQPYQq0DFFKtAigirQCs5q0A6KatA</AssayYData></Step><Step><CommonData><SampleLocation>1</SampleLocation><SampleID>Octet Buffer</SampleID><SampleGroup></SampleGroup><SampleInfo></SampleInfo><SampleRow>A</SampleRow><SamplePlate>1</SamplePlate><WellType>BUFFER</WellType><Concentration>-1</Concentration><ConcentrationUnits>µg/ml</ConcentrationUnits><MolarConcentration>-1</MolarConcentration><MolarConcUnits>nM</MolarConcUnits><MolecularWeight>0</MolecularWeight><Temperature>30</Temperature><StartTime>7047613</StartTime><AssayTime>100</AssayTime></CommonData><FlowRate>1000</FlowRate><StepType>BASELINE</StepType><StepName>Baseline</StepName><StepStatus>OK</StepStatus><ActualTime>99.9998</ActualTime><CycleTime>0.2</CycleTime><AssayXData Points="500">RtDAReDRwEV508BFE9XARa7WwEVI2MBF4NnARXvbwEUT3cBFrt7ARUjgwEXg4cBFeePARRPl
wEWs5sBFRujAReDpwEV768BFFe3ARa7uwEVG8MBF4PHARXnzwEUV9cBFrPbARUb4wEXg+cBF
e/vARRP9wEWs/sBFRgDBReIBwUV7A8FFFQXBRawGwUVICMFF4AnBRXkLwUUTDcFFrg7BRUYQ
wUXgEcFFexPBRRUVwUWsFsFFRhjBReAZwUV5G8FFEx3BRawewUVIIMFF4iHBRXsjwUUTJcFF
ribBRUYowUXgKcFFeSvBRRUtwUWsLsFFSDDBReIxwUV7M8FFFTXBRaw2wUVGOMFF4jnBRXk7
wUUTPcFFrD7BRUhAwUXiQcFFeUPBRRNFwUWsRsFFRkjBReJJwUV7S8FFFU3BRaxOwUVGUMFF
4FHBRXlTwUUVVcFFrlbBRUZYwUXgWcFFeVvBRRVdwUWsXsFFRmDBReJhwUV5Y8FFE2XBRaxm
wUVIaMFF4GnBRXlrwUUTbcFFrG7BRUZwwUXiccFFeXPBRRV1wUWsdsFFSHjBReB5wUV7e8FF
E33BRax+wUVGgMFF4IHBRXmDwUUThcFFrobBRUiIwUXgicFFeYvBRRWNwUWujsFFRpDBReCR
wUV5k8FFFZXBRa6WwUVImMFF4JnBRXmbwUUTncFFrp7BRUigwUXgocFFeaPBRRWlwUWspsFF
RqjBReKpwUV7q8FFE63BRayuwUVGsMFF4LHBRXuzwUUTtcFFrLbBRUi4wUXiucFFebvBRRO9
wUWsvsFFRsDBReDBwUV5w8FFE8XBRa7GwUVIyMFF4MnBRXvLwUUVzcFFrs7BRUbQwUXg0cFF
e9PBRRPVwUWs1sFFStjBReLZwUV728FFFd3BRazewUVI4MFF4uHBRXnjwUUT5cFFrubBRUbo
wUXi6cFFe+vBRRPtwUWs7sFFSPDBReDxwUV788FFE/XBRa72wUVI+MFF4vnBRXv7wUUV/cFF
rP7BRUgAwkXgAcJFeQPCRRMFwkWsBsJFRgjCReIJwkV7C8JFFQ3CRawOwkVGEMJF4BHCRXkT
wkUTFcJFrhbCRUgYwkXiGcJFexvCRRMdwkWsHsJFRiDCReAhwkV5I8JFEyXCRawmwkVGKMJF
4CnCRXsrwkUVLcJFrC7CRUYwwkXgMcJFezPCRRM1wkWsNsJFRjjCReI5wkV7O8JFEz3CRaw+
wkVIQMJF4EHCRXlDwkUVRcJFrEbCRUZIwkXgScJFeUvCRRVNwkWuTsJFRlDCReJRwkV7U8JF
FVXCRaxWwkVGWMJF4FnCRdlbwkUdXcJFrl7CRUhgwkXiYcJFe2PCRRNlwkWsZsJFSGjCReBp
wkV7a8JFFW3CRaxuwkVGcMJF4HHCRXlzwkUVdcJFrHbCRUZ4wkXgecJFeXvCRRN9wkWsfsJF
RoDCReCBwkV5g8JFE4XCRayGwkVGiMJF4onCRXuLwkUVjcJFrI7CRUaQwkXgkcJFeZPCRROV
wkWslsJFRpjCReCZwkV5m8JFFZ3CRayewkVIoMJF4KHCRXujwkUVpcJFrKbCRUaowkXgqcJF
eavCRROtwkWsrsJFRrDCReKxwkV5s8JFE7XCRa62wkVIuMJF4rnCRXu7wkUTvcJFrr7CRUjA
wkXgwcJFecPCRRPFwkWsxsJFSsjCReLJwkV7y8JFE83CRa7OwkVI0MJF4NHCRXnTwkUT1cJF
rNbCRUbYwkXg2cJFedvCRRXdwkWs3sJFSODCReLhwkV748JFE+XCRazmwkVG6MJF4OnCRXnr
wkUT7cJFru7CRUjwwkXg8cJFefPCRRP1wkWs9sJFSPjCReD5wkV7+8JFE/3CRa7+wkVIAMNF
4AHDRXkDw0UTBcNFrgbDRUgIw0XgCcNFeQvDRRUNw0WsDsNFSBDDReARw0V5E8NFFRXDRawW
w0VIGMNF4BnDRXkbw0UVHcNFrB7DRUggw0XgIcNFeSPDRRMlw0WsJsNFSCjDReIpw0V7K8NF
Ey3DRawuw0VGMMNF4DHDRXszw0UTNcNFrjbDRUY4w0XgOcNFeTvDRRM9w0WsPsNFSEDDReBB
w0V5Q8NFE0XDRaxGw0VGSMNF4knDRXtLw0UTTcNFrE7DRUZQw0XgUcNFeVPDRRVVw0WsVsNF
SFjDReBZw0V7W8NFFV3DRaxew0VGYMNF4GHDRXljw0UVZcNFrGbDRUhow0XgacNFe2vDRRNt
w0WsbsNFRnDDReBxw0V5c8NFFXXDRax2w0VGeMNF4nnDRXl7w0UVfcNFrn7DRUiAw0XggcNF
e4PDRROFw0WuhsNFSIjDReCJw0V5i8NFE43DRayOw0VGkMNF4pHDRXmTw0UTlcNFrJbDRUaY
w0XgmcNFeZvDRROdw0WsnsNFRqDDReChw0V5o8NFE6XDRa6mw0VGqMNF4qnDRXurw0UVrcNF
rK7DRUaww0XgscNFe7PDRRO1w0WutsNFSLjDReC5w0V5u8NFE73DRa6+w0VGwMNF4MHDRXnD
w0UVxcNFrMbDRUjIw0XiycNFecvDRRPNw0WuzsNFRtDDReDRw0V508NFFdXDRazWw0VG2MNF
4tnDRXnbw0UT3cNFrN7DRUjgw0Xi4cNFe+PDRRPlw0Wu5sNFRujDReLpw0V768NFE+3DRazu
w0U=</AssayXData><AssayYData Points="500">LtKqQNTMqkAY3KpAJxmrQFL0qkDrI6tA61WrQBwZq0C4LatAB06rQPZeq0BuN6tARj2rQM1T
q0ANRqtAQ0WrQDCGq0BtZqtAOj2rQLJXq0DKVKtAqVWrQOxWq0BCd6tAk5OrQJNnq0CYeKtA
JXurQPuAq0AId6tApH+rQFZlq0BIiKtAeY2rQO99q0C/catA2WarQOaDq0AOeatAMpyrQJ1+
q0CQb6tAWIKrQE99q0D0hatAzIirQIFiq0CsZ6tAEJWrQK5uq0AbhqtAkourQOaSq0ASnKtA
bYurQIeOq0DWjatAWserQPtvq0CdmKtAyLKrQLp+q0CteKtAiH+rQKbCq0AelatAGKKrQI+0
q0AsoatAg4mrQHrOq0AkjqtAHHSrQAebq0A6hKtAM5WrQECeq0Be2KtAGWurQNGFq0BUzatA
XH6rQJKbq0CDq6tASr2rQJ6Cq0DVpKtAPMurQGewq0CwvatAipSrQOWbq0AK26tAErOrQBOm
q0BssatAE7SrQD56q0AM1KtAN8OrQLGPq0AVtKtAM8CrQB2mq0DematASMWrQHicq0Blp6tA
28CrQNrCq0BFtKtAkbirQN3Rq0AHr6tAvb2rQFKpq0D4v6tAlrurQKXeq0D93KtATZyrQDDK
q0AGpqtAhbmrQDvvq0D+watA47OrQDMErEA86qtAiZarQC6dq0Bs3atAqcSrQM7Gq0CE66tA
rdmrQMbWq0DT3atAtZurQCzZq0Ae/KtAIMerQKTWq0DX+qtAW/erQNvAq0DI1atAoeCrQNy+
q0A9x6tA0t2rQIHZq0D44atAVg6sQPP8q0AdpatAhvSrQN7Yq0AJ1atAx+OrQAjhq0CWt6tA
9eKrQO/tq0ChuqtAFgusQB/Tq0BNvatA58qrQBYBrEDh4atABLerQLP1q0BN3qtACd2rQEfT
q0AC2atAr9qrQJnyq0DH4KtAv9KrQF7uq0Az2KtAGPGrQIL+q0C0BqxAIOOrQBPuq0B3BqxA
TearQHboq0ChEKxAvNOrQHAKrEDe6qtAmOerQMABrEB7G6xAWOirQCXeq0Da+qtAZOyrQFS0
q0DDAqxAYM+rQPnRq0A88qtA0x6sQJPuq0D/2KtA8hCsQJb3q0DN8atA6gWsQPbSq0Ck56tA
yearQFQ4rECW86tAJgisQO3hq0BR+qtAGg2sQOHoq0DQ9qtADverQGjzq0C8CKxAo+mrQHMZ
rEAX+6tAfhWsQAwYrEB6/6tA7+2rQEkdrEAd7qtANNSrQHb0q0BSJaxA0gasQCcJrECeMKxA
VASsQLwFrECnQqxAaBKsQHH5q0DgP6xABQysQKsWrEBKJKxAplCsQEsKrEDG3KtAnhmsQFo/
rED+LKxAhgCsQCYSrEBb/KtAsRusQOkcrEAdGaxA+PerQIgJrEBF/qtAaCasQL8JrEBdGKxA
TVGsQIkyrEBF86tA7v2rQOkarEByNKxAOzWsQF8krEDU+6tAdSqsQBJIrEB0EaxA3iqsQAQR
rEBfUaxA5PWrQHIjrEDLI6xAwxGsQGzzq0AhTKxAmhisQEMUrEDqOKxAcSCsQN8WrEB0K6xA
MDysQIoYrEB4RaxAMyOsQHY+rEAiU6xAWkOsQGtCrEAdO6xAs1WsQLUprEAcOaxAJTesQMQ6
rECPQqxAyUmsQFQRrECIO6xAMkSsQCJTrEAnJKxA7j2sQDE0rEAuQqxACkusQJtPrECKK6xA
XEmsQG4prEBEJaxA/VusQF1urEBYX6xAg1msQJJorED0ZqxAhS+sQEJcrEAsWKxAPmasQCqA
rECqUKxAZkisQP9grEClQaxAeVOsQCBArECZd6xAYEysQDZKrED4X6xAuU+sQDRgrEDZYqxA
N2GsQGA3rEDGTaxAwEusQJJFrEAlkaxAI1qsQIxWrEDfR6xAL2+sQJk6rEArP6xA/VusQOpR
rECRZaxARm6sQH1DrEBaO6xADUysQHNxrECuF6xAoYGsQLRMrEApR6xAEFmsQFZ7rEAfV6xA
JEmsQIBirEAOTaxAZ1isQH1PrEBtUqxAZTSsQPJurEB9ZaxAnGCsQBJsrEAOdqxAOVisQLFp
rECueqxAhlSsQBlqrEBVd6xA0TisQExZrEBtmKxA6n2sQJp4rEB1faxAvoOsQKBnrEDJqqxA
+k+sQPhmrEBEgKxAIGysQMdtrECgmaxANKasQEZtrEDpZ6xApI2sQFtzrEADXqxAvW6sQE59
rEAKV6xAQ3CsQCuFrEARV6xAT4isQLqrrEC3dKxAhJasQEO+rEC3a6xA+HOsQHySrEDefqxA
mJCsQEp5rEBgfaxAN3esQAinrEAelaxAjmSsQKbZrEDxiaxADoWsQK2orEBio6xAzmesQPuK
rECmb6xAO4isQKaPrEDmcKxA4YesQKmMrEBPtaxAlpysQNZyrEBWkaxA2I2sQD+TrECXyKxA
2L2sQNeArEB8cqxAv7msQMOSrEAWo6xAMZSsQOt5rECCrqxA5I2sQNSKrEC1q6xAdJ+sQN6M
rEDAjKxArHisQHaErECIj6xAvqCsQDGprECvlaxAOpisQDW/rEDuxaxAcqqsQE+HrEAJlaxA
PcKsQJGerEDbuqxAU7CsQMiyrEBeqqxAkFqsQErErEBdx6xA/YmsQNOgrEAnsaxAHJysQOuY
rEA=</AssayYData></Step><Step><CommonData><SampleLocation>2</SampleLocation><SampleID>hsCD3d/e_Acro_CDD-H52W1</SampleID><SampleGroup></SampleGroup><SampleInfo></SampleInfo><SampleRow>A</SampleRow><SamplePlate>1</SamplePlate><WellType>KSAMPLE</WellType><Concentration>-1</Concentration><ConcentrationUnits>µg/ml</ConcentrationUnits><MolarConcentration>200</MolarConcentration><MolarConcUnits>nM</MolarConcUnits><MolecularWeight>0</MolecularWeight><Temperature>30</Temperature><StartTime>7156028</StartTime><AssayTime>180</AssayTime></CommonData><FlowRate>1000</FlowRate><StepType>ASSOC</StepType><StepName>Association</StepName><StepStatus>OK</StepStatus><ActualTime>180.001</ActualTime><CycleTime>0.2</CycleTime><AssayXData Points="900">RvDDReLxw0V588NFFfXDRa72w0VI+MNF4vnDRXn7w0UT/cNFrP7DRUYAxEXiAcRFeQPERRMF
xEWuBsRFRgjEReAJxEV5C8RFFQ3ERawOxEVGEMRF4BHERXkTxEUTFcRFrhbERUgYxEXgGcRF
eRvERRUdxEWsHsRFRiDEReIhxEV5I8RFEyXERa4mxEVGKMRF4inERXkrxEUTLcRFri7ERUYw
xEXiMcRFeTPERRU1xEWsNsRFSDjEReA5xEV5O8RFFT3ERa4+xEVGQMRF4EHERXlDxEUTRcRF
rEbERUZIxEXgScRFeUvERRVNxEWsTsRFSFDEReJRxEV5U8RFE1XERa5WxEVGWMRF4FnERXlb
xEUTXcRFrl7ERUhgxEXiYcRFeWPERRdlxEWsZsRFRmjEReBpxEV7a8RFE23ERaxuxEVIcMRF
4HHERXlzxEUTdcRFrHbERUZ4xEXgecRFeXvERRN9xEWufsRFRoDEReCBxEV5g8RFE4XERa6G
xEVGiMRF4InERXmLxEUVjcRFrI7ERUaQxEXikcRFeZPERROVxEWslsRFRpjEReCZxEV7m8RF
FZ3ERayexEVGoMRF4KHERXujxEUVpcRFrqbERUioxEXgqcRFeavERRWtxEWsrsRFRrDEReCx
xEV5s8RFFbXERa62xEVGuMRF4LnERXm7xEUVvcRFrL7ERUjAxEXgwcRFe8PERRPFxEWuxsRF
SMjEReDJxEV7y8RFE83ERazOxEVG0MRF4NHERXvTxEUV1cRFrNbERUbYxEXi2cRFedvERRPd
xEWs3sRFSODEReDhxEV548RFFeXERazmxEVG6MRF4unERXnrxEUT7cRFru7ERUjwxEXg8cRF
efPERRP1xEWs9sRFRvjEReD5xEV5+8RFE/3ERa7+xEVIAMVF4AHFRXkDxUUTBcVFrgbFRUgI
xUXgCcVFeQvFRRUNxUWuDsVFSBDFReARxUV7E8VFExXFRawWxUVGGMVF4BnFRXkbxUUVHcVF
rB7FRUYgxUXgIcVFeSPFRRUlxUWuJsVFSCjFReApxUV7K8VFEy3FRa4uxUVGMMVF4DHFRXsz
xUUTNcVFrDbFRUY4xUXiOcVFeTvFRRM9xUWsPsVFRkDFReBBxUV7Q8VFE0XFRa5GxUVISMVF
4knFRXtLxUUVTcVFrE7FRUhQxUXgUcVFe1PFRRVVxUWsVsVFRljFReBZxUV7W8VFFV3FRa5e
xUVGYMVF4GHFRXljxUUTZcVFrmbFRUZoxUXgacVFeWvFRRVtxUWubsVFRnDFReBxxUV7c8VF
E3XFRax2xUVGeMVF4nnFRXt7xUUVfcVFsH7FRUaAxUXggcVFe4PFRROFxUWshsVFSIjFReCJ
xUV5i8VFE43FRayOxUVIkMVF5JHFRXuTxUUTlcVFrJbFRUiYxUXimcVFeZvFRRWdxUWsnsVF
RqDFReChxUV5o8VFE6XFRa6mxUVGqMVF4qnFRXmrxUUTrcVFrK7FRUiwxUXgscVFe7PFRRW1
xUWutsVFRrjFReC5xUV7u8VFE73FRa6+xUVGwMVF4sHFRXvDxUUVxcVFrsbFRUbIxUXiycVF
ecvFRRPNxUWszsVFSNDFReDRxUV708VFE9XFRazWxUVG2MVF4tnFRXvbxUUV3cVFrt7FRUbg
xUXi4cVFeePFRRPlxUWu5sVFRujFReDpxUV568VFE+3FRa7uxUVI8MVF4PHFRXvzxUUT9cVF
rPbFRUj4xUXg+cVFefvFRRX9xUWs/sVFRgDGReABxkV5A8ZFEwXGRa4GxkVGCMZF4AnGRXkL
xkUTDcZFrg7GRUYQxkXgEcZFexPGRRUVxkWsFsZFSBjGReIZxkV5G8ZFEx3GRawexkVGIMZF
4CHGRXkjxkUTJcZFribGRUYoxkXiKcZFeSvGRRMtxkWsLsZFRjDGReIxxkV7M8ZFEzXGRaw2
xkVIOMZF4DnGRXk7xkUTPcZFrD7GRUZAxkXgQcZFeUPGRRVFxkWsRsZFRkjGReJJxkV5S8ZF
E03GRaxOxkVIUMZF4FHGRXtTxkUTVcZFrFbGRUZYxkXgWcZFeVvGRRNdxkWsXsZFRmDGReBh
xkV5Y8ZFE2XGRaxmxkVGaMZF4GnGRXtrxkUTbcZFrm7GRUhwxkXiccZFeXPGRRN1xkWudsZF
SHjGReJ5xkV7e8ZFE33GRa5+xkVGgMZF4IHGRXmDxkUVhcZFrIbGRUaIxkXiicZFeYvGRRON
xkWsjsZFRpDGReCRxkV7k8ZFE5XGRa6WxkVImMZF4JnGRXmbxkUTncZFrJ7GRUigxkXgocZF
eaPGRRWlxkWspsZFSKjGReKpxkV5q8ZFFa3GRayuxkVIsMZF4LHGRXmzxkUVtcZFrLbGRUa4
xkXiucZFebvGRRW9xkWsvsZFRsDGReDBxkV7w8ZFFcXGRazGxkVGyMZF4MnGRXnLxkUVzcZF
rM7GRUbQxkXg0cZFe9PGRRXVxkWu1sZFSNjGReDZxkV528ZFGd3GRazexkVG4MZF4OHGRXvj
xkUV5cZFrObGRUboxkXg6cZFe+vGRRXtxkWs7sZFSPDGReDxxkV788ZFE/XGRaz2xkVI+MZF
4PnGRXv7xkUT/cZFrP7GRUYAx0XgAcdFeQPHRRMFx0WuBsdFRgjHReIJx0V7C8dFEw3HRa4O
x0VIEMdF4BHHRXsTx0UTFcdFrhbHRUYYx0XiGcdFeRvHRRMdx0WsHsdFRiDHReIhx0V5I8dF
EyXHRa4mx0VGKMdF4CnHRXsrx0UVLcdFrC7HRUYwx0XiMcdFeTPHRRM1x0WsNsdFRjjHReI5
x0V5O8dFEz3HRaw+x0VGQMdF4EHHRXlDx0UTRcdFrEbHRUhIx0XgScdFeUvHRRNNx0WsTsdF
SFDHReBRx0V5U8dFFVXHRaxWx0VGWMdF4lnHRXlbx0UVXcdFrF7HRUhgx0XiYcdFe2PHRRNl
x0WsZsdFRmjHReBpx0V5a8dFFW3HRa5ux0VGcMdF4nHHRXlzx0UVdcdFrHbHRZR4x0XgecdF
e3vHRRN9x0WsfsdFRoDHReCBx0V5g8dFE4XHRa6Gx0VGiMdF4onHRXmLx0UVjcdFrI7HRUaQ
x0XgkcdFe5PHRROVx0WslsdFRpjHReKZx0V5m8dFE53HRayex0VGoMdF4qHHRXmjx0UTpcdF
rqbHRUiox0XiqcdFeavHRROtx0WursdFSLDHReCxx0V5s8dFE7XHRa62x0VGuMdF4rnHRXm7
x0UVvcdFrL7HRUjAx0XgwcdFe8PHRRPFx0WuxsdFRsjHReLJx0V5y8dFFc3HRa7Ox0VG0MdF
4NHHRXnTx0UT1cdFrtbHRUjYx0Xg2cdFe9vHRRXdx0Ws3sdFRuDHReLhx0V548dFE+XHRa7m
x0VI6MdF4OnHRXnrx0UV7cdFru7HRUjwx0Xg8cdFefPHRRP1x0Ws9sdFRvjHReD5x0V5+8dF
E/3HRa7+x0VGAMhF4gHIRXkDyEUVBchFrAbIRUYIyEXgCchFewvIRRUNyEWuDshFRhDIReAR
yEV5E8hFExXIRawWyEVIGMhF4hnIRXsbyEUTHchFrB7IRUYgyEXgIchFeyPIRRMlyEWsJshF
SCjIReApyEV5K8hFFS3IRa4uyEVGMMhF4jHIRXszyEUVNchFrjbIRUY4yEXiOchFeTvIRRU9
yEWuPshFRkDIReBByEV5Q8hFE0XIRaxGyEVISMhF4knIRXlLyEUTTchFrE7IRUZQyEXiUchF
eVPIRRNVyEWsVshFRljIReBZyEV5W8hFE13IRaxeyEVIYMhF4mHIRXljyEUTZchFrGbIRUho
yEXgachFe2vIRRVtyEWsbshFRnDIReBxyEV5c8hFE3XIRax2yEVGeMhF4nnIRXl7yEUTfchF
rn7IRUiAyEXigchFeYPIRROFyEWshshFRojIReKJyEV5i8hFE43IRayOyEVGkMhF4pHIRXmT
yEUVlchFrpbIRUaYyEXgmchFeZvIRRWdyEWsnshFSKDIReChyEV7o8hFE6XIRa6myEVIqMhF
4KnIRXmryEUVrchFrq7IRUawyEXgschFe7PIRRW1yEWstshFRrjIReK5yEV5u8hFE73IRa6+
yEVGwMhF4MHIRXnDyEUTxchFrMbIRUbIyEXgychFe8vIRRPNyEWuzshFRtDIReDRyEV708hF
FdXIRazWyEVG2MhF4NnIRXvbyEUT3chFrt7IRUjgyEXi4chFeePIRRXlyEWs5shFRujIReDp
yEV568hFE+3IRazuyEVI8MhF4vHIRXvzyEUT9chFrPbIRUj4yEXi+chFefvIRRP9yEWs/shF
RgDJReAByUV5A8lFEwXJRa4GyUVGCMlF4gnJRXsLyUUTDclFrA7JRUYQyUXgEclFexPJRRMV
yUWuFslFSBjJReAZyUV7G8lFEx3JRaweyUVGIMlF4CHJRXkjyUUTJclFrCbJRUYoyUXgKclF
eyvJRRctyUWsLslFSDDJReAxyUV7M8lFEzXJRaw2yUVGOMlF4jnJRXk7yUUTPclFrD7JRUhA
yUXgQclFeUPJRRVFyUWsRslFRkjJReBJyUV7S8lFE03JRa5OyUVIUMlF4FHJRXlTyUUTVclF
rlbJRV1YyUXgWclFe1vJRRNdyUWsXslFRmDJReBhyUV5Y8lFFWXJRaxmyUVGaMlF4GnJRXlr
yUUTbclFrm7JRUZwyUXgcclFeXPJRRN1yUWsdslFRnjJReB5yUV7e8lFFX3JRa5+yUVGgMlF
4IHJRXmDyUUVhclFrobJRUiIyUXiiclFe4vJRRONyUWujslF</AssayXData><AssayYData Points="900">xfurQHeArEBml6xA47KsQFMVrUCNGq1AXROtQBEUrUCgN61AhTqtQDdnrUBya61ATG+tQCJa
rUBhg61AJpqtQC6frUB2uK1AbMmtQAeRrUCmuq1AQ8KtQP61rUB7y61ALeKtQBHcrUABz61A
HPmtQEAbrkBN861AhP2tQDwZrkAAB65AayCuQDs+rkBcKq5AOiiuQCcqrkCNT65AbzauQMVJ
rkAsVK5A01SuQBhtrkA5Wa5AtXOuQHNIrkBWZ65AJ4GuQOiTrkD5fa5A8pyuQImZrkCikq5A
5p2uQA+trkCUuq5AHoWuQAWdrkA7qK5AodWuQBXBrkAWua5AN72uQFynrkD8ya5AENGuQGvV
rkA22a5AlwyvQDLyrkCNBq9ALSCvQA/yrkAiFa9AkkWvQDXprkBYBa9A0BavQEQLr0CdGq9A
ViivQHQyr0BND69AvgqvQEUur0D0Aq9ACw2vQLU4r0ByNq9A/z+vQG1Nr0D3Hq9ABz2vQDMv
r0A9N69A2VivQPOBr0AYSq9AYl2vQFNnr0B5TK9AYUCvQCh0r0Buc69Auj6vQOtwr0BkhK9A
VmivQL+Vr0D/ca9AGYOvQERfr0CinK9Ay3WvQExsr0BwaK9ACZOvQAJ2r0AMXq9AtYevQAag
r0DLs69AmXWvQCKlr0Awha9As4mvQFFyr0A2uq9Ajb2vQHWXr0BSp69Am82vQHjMr0DXxK9A
0aqvQIXTr0ARma9AopqvQBrAr0B+wq9AVeqvQEDXr0An0a9A1/OvQAjqr0Dhu69AjbqvQETr
r0Du3K9Awc6vQN/Sr0BX7a9A9eCvQNT5r0DPB7BAerivQHHlr0C69a9AZ/2vQH7Yr0Ba+q9A
y96vQADmr0AP/q9AkvevQHEDsECxC7BAwjewQKsgsEDiArBAdB2wQGTor0A1CLBARVewQAIK
sEApE7BAb/WvQAr7r0AhCrBASCywQJoSsEC8LLBAmQSwQCAMsEB7FLBA80SwQCoMsEAHGLBA
7RiwQPozsEC2GbBAeCSwQJkzsEDQM7BAe1qwQDU4sEA/KbBA5BqwQN8psEDJOLBAFyWwQIVM
sEAnVLBA4kCwQBJFsECCQbBAZjSwQKM3sEBoYrBAly+wQEE5sEDFQLBA7W2wQKJbsECgPrBA
hlqwQDZosEA9PbBAO2GwQNw/sECwcbBAMVuwQCpJsECkTbBADVmwQOk9sEDjUbBA0lOwQK9R
sEBoPrBA2niwQEZKsEDNWLBAoGmwQExXsECKYrBAqHSwQBVDsEBBSLBAq4WwQJWHsEDSc7BA
cY+wQE5vsEClhbBAdHOwQAdfsEDShrBAdXOwQH5lsED/jbBAFa6wQL9esECraLBAf1ewQD1s
sEDAgrBAKWiwQCaWsEBihLBAkWawQHttsECcn7BAiaiwQJ5osEAvfrBAXpywQNeYsED6arBA
mYCwQGqIsEAea7BAF3ywQJiqsEClhLBA5ImwQBqLsECysrBAI66wQIOKsEDDorBAMbOwQHF4
sEB8k7BAJ6OwQDGgsEBAgLBAT7CwQD20sEB0U7BA+piwQI+gsEAYk7BA/7mwQGSnsEAuurBA
cs+wQBzKsEDOs7BAkoCwQLCPsECatrBARKSwQLmJsEDKvrBA6JiwQN26sEBnqLBABoGwQGTN
sEAMtLBAR56wQEzBsECyubBAoZywQBqzsEC+wrBA2qCwQL/VsEAbtrBAS82wQNXZsEDH07BA
ZMGwQNuZsEDEr7BASciwQIjbsEC0yLBAfvCwQDWksECJtbBAovOwQM32sEBGpbBAzc6wQCa5
sEBturBAqOCwQFrhsEBUs7BATaKwQLm8sEBjyLBAatGwQP3hsEAJ3rBAdcOwQI/usEAF7rBA
qPSwQFq3sEAfwrBAs7uwQKnssEAT57BAL9GwQKDfsECOwrBAyLiwQN7SsED18LBAlPOwQJL7
sECY3LBAtuewQOnXsECz9bBAB+OwQLXdsECg17BATu+wQCLNsEDS9bBAq+OwQGXYsEBZA7FA
tQKxQEL6sEBy2bBAsSGxQC//sEDa+bBA3OawQJ7osEDIE7FAdOywQFTYsEBF2LBANtKwQJsK
sUDPFLFAbuGwQOfzsEB6+LBAT/OwQH37sEBDALFA8P2wQEfxsEAk/bBAuNWwQMgSsUARG7FA
BOywQPDssECI8rBAp+awQAEWsUDnHrFAQg6xQNgWsUD667BAdxGxQMP8sEBZE7FArwaxQB7f
sEDs+LBA4uCwQHj0sEAP/rBAxhKxQAHgsEBfCLFAGwmxQKECsUCe4LBASPewQPkEsUA667BA
Dh6xQM3msEAvGrFAfRGxQPsbsUCm+7BAygCxQODrsEDkBrFAgjCxQHcHsUBZ1LBA6iixQMkC
sUDM+LBA3/awQNtBsUBFFbFAlvqwQHcJsUALFbFATjGxQGfusEAvCbFABC6xQEUxsUDNDLFA
/QqxQIYysUBTG7FARiqxQFQhsUAgKrFAigOxQERJsUDXRLFALyexQNIxsUCnQLFAjiSxQN0h
sUCUKbFAARexQI8ysUByA7FA1iSxQNcNsUAbGbFAniWxQFEUsUCqHLFAkhGxQJ8ZsUB1CLFA
gFexQGMhsUD4E7FAATGxQN89sUB+NbFABiixQMc5sUAbM7FA4iuxQOlAsUC0JbFAfSCxQI8y
sUCdIrFA1C+xQAdUsUADJ7FAl1SxQMU5sUB3P7FAKBuxQEAZsUBYUrFAzkCxQJsisUABJLFA
4EexQM5FsUD6ObFA5zSxQOA7sUBw+rBARzyxQPsfsUD2ILFAGzGxQNMUsUBXV7FAXj2xQI5C
sUDCILFADimxQKpVsUDZHrFAX2GxQC8/sUAGULFAIE6xQNZWsUBRQ7FAoyKxQC80sUB8QbFA
tkmxQHlLsUCUVLFAPWOxQDZJsUCDOLFARX+xQFpxsUA5IbFAYlixQFU8sUAXKrFA2DWxQBuW
sUBvOrFAn16xQCtPsUDnSLFApHGxQHZRsUALVrFAmCuxQC9XsUC8QLFAFGGxQCBYsUA9Z7FA
vkWxQMlKsUCYbrFAI2CxQMkjsUC0VbFAmF6xQIxFsUCBdrFAI1uxQJtQsUAlPLFAEFuxQFBA
sUB7V7FA7WqxQLxxsUD+MbFA1zOxQFBNsUB9erFAXICxQAtDsUDLVbFAuFSxQNdjsUC2fbFA
C3axQK41sUAodrFAKGqxQFBksUD9V7FAj1+xQHBTsUA3aLFASJWxQK14sUCqV7FAqpKxQHqQ
sUBHX7FAXQ2xQICUsUBxWLFAzFexQGw9sUAzXrFA11uxQAhZsUBGc7FAuFSxQJlosUAxdLFA
94CxQEaIsUDMfrFAoGWxQCl5sUDfe7FAuW+xQFNasUAZgbFAd1mxQMZlsUBNZrFA+XmxQABE
sUCLorFA5qOxQPF4sUAyeLFAooSxQBJtsUANi7FA1paxQOKAsUCCerFAZYKxQJFnsUACWrFA
NHaxQBp4sUDIdbFAQHaxQLWHsUB2abFAtmKxQKaEsUCbdLFAX4WxQJyZsUCSgbFAAoqxQMaF
sUCtnrFACYixQE9tsUA4cLFAZ3uxQNuhsUAEdrFAo1uxQAhbsUC4gLFA0GexQH9jsUD/d7FA
eIaxQO9gsUBTs7FAkZWxQCCwsUCKobFAdIOxQMeFsUCslbFAdHqxQLd2sUCqfbFApLCxQI6O
sUCHnrFAJXOxQDuIsUC2fLFAonmxQHiNsUDrfLFAqquxQN+NsUCuebFAt4KxQPmIsUA5o7FA
NK2xQHd0sUDakrFAL56xQDlisUB0i7FAO22xQEGVsUA4j7FAZn6xQCKYsUA4d7FA3ouxQBKO
sUA+irFAkW6xQG+2sUCWk7FA2HaxQKaasUCSj7FArG+xQA2dsUABtrFAQY2xQC+OsUChh7FA
Uo+xQIOSsUA4zbFATKixQPiUsUAXvLFAZIaxQNuRsUCOcrFAm66xQPCDsUA/v7FABbaxQFSd
sUAYfLFAhLSxQPaksUADoLFAs5mxQAOJsUDWhrFAz8mxQCmqsUCbrbFAwrKxQLyhsUBkbbFA
2p6xQHjEsUBlkLFAML+xQFGmsUBpgLFA4JWxQMCNsUB+sbFAT4qxQMa/sUDGkbFAV5yxQOCi
sUDBvLFA2HyxQIeVsUCiqbFAU8axQFqfsUBxkrFAVKKxQHl+sUDRr7FApZqxQG+qsUD1ubFA
AYuxQEiPsUDYrbFAu5axQDabsUDDjrFA1ryxQLmgsUB+rbFAhrqxQNHAsUBkvbFAMLixQL6j
sUAFmLFA+bKxQAGxsUBya7FAlaWxQP+NsUDanbFAhraxQHbFsUDDnLFAh56xQJ7VsUBXfLFA
Lr+xQOqYsUDYtrFAbbexQJiwsUBesrFAxcGxQLefsUDGvrFA+bmxQDnAsUBfq7FABqmxQAWq
sUAYv7FAi5mxQEi1sUB5xbFAgZqxQFzBsUA4yLFA4cWxQDe6sUCmrLFA4auxQPeesUBZybFA
hr6xQI27sUBNq7FAYOGxQIzXsUAitbFAQ8uxQJicsUAVtLFAUdixQHu8sUBZvbFAtMKxQKa4
sUAWpbFAR7WxQErRsUDHprFAy9qxQL7DsUAWurFAeqaxQAiPsUAOobFAFNCxQLjHsUB077FA
GbexQCHNsUA7z7FADtCxQOK+sUA7s7FAbsSxQDnWsUDfzrFAFLSxQCHGsUB9q7FAh9CxQBPd
sUCYqbFA2sWxQFG+sUAMw7FA8sexQOudsUApy7FAYMGxQOG3sUDasbFAgMaxQKW2sUDAtrFA
ItixQCXdsUBr0bFAobWxQNDLsUA96LFAK6ixQF3WsUAZxbFA</AssayYData></Step><Step><CommonData><SampleLocation>1</SampleLocation><SampleID>Octet Buffer</SampleID><SampleGroup></SampleGroup><SampleInfo></SampleInfo><SampleRow>A</SampleRow><SamplePlate>1</SamplePlate><WellType>BUFFER</WellType><Concentration>-1</Concentration><ConcentrationUnits>µg/ml</ConcentrationUnits><MolarConcentration>-1</MolarConcentration><MolarConcUnits>nM</MolarConcUnits><MolecularWeight>0</MolecularWeight><Temperature>30</Temperature><StartTime>7344451</StartTime><AssayTime>300</AssayTime></CommonData><FlowRate>1000</FlowRate><StepType>DISASSOC</StepType><StepName>Dissociation</StepName><StepStatus>OK</StepStatus><ActualTime>300.001</ActualTime><CycleTime>0.2</CycleTime><AssayXData Points="1500">SJDJReSRyUV9k8lFF5XJRbCWyUVImMlF4pnJRX2byUUXnclFrp7JRUigyUXkoclFe6PJRRWl
yUWwpslFSqjJReKpyUV7q8lFF63JRa6uyUVIsMlF4rHJRXuzyUUVtclFrrbJRUi4yUXiuclF
fbvJRRW9yUWuvslFSsDJReLByUV7w8lFFcXJRa7GyUVIyMlF4snJRX3LyUUVzclFrs7JRUjQ
yUXi0clFf9PJRRXVyUWu1slFSNjJReLZyUV728lFFd3JRa7eyUVK4MlF4uHJRX3jyUUV5clF
sObJRUjoyUXi6clFe+vJRRXtyUWw7slFSPDJReTxyUV988lFFfXJRa72yUVI+MlF5PnJRX37
yUUV/clFrv7JRUgAykXkAcpFfQPKRRUFykWwBspFSAjKReQJykV9C8pFFQ3KRa4OykVIEMpF
4hHKRX0TykUVFcpFsBbKRUoYykXkGcpFexvKRRUdykWuHspFSCDKReIhykV7I8pFFyXKRa4m
ykVIKMpF4inKRXsrykUXLcpFsC7KRUgwykXiMcpFezPKRRU1ykWuNspFSDjKReI5ykV7O8pF
Fz3KRa4+ykVIQMpF5EHKRX1DykUVRcpFrkbKRUhIykXiScpFe0vKRRVNykWwTspFSFDKReJR
ykV7U8pFFVXKRa5WykVIWMpF4lnKRX1bykUXXcpFsF7KRUhgykXiYcpFe2PKRRdlykWuZspF
SGjKReJpykV7a8pFFW3KRa5uykVKcMpF4nHKRX1zykUVdcpFrnbKRUh4ykXkecpFe3vKRRd9
ykWwfspFSIDKReKBykV7g8pFFYXKRbCGykVIiMpF4onKRX2LykUVjcpFro7KRUiQykXkkcpF
e5PKRRWVykWulspFSJjKReSZykV7m8pFFZ3KRbCeykVIoMpF4qHKRXujykUVpcpFrqbKRUio
ykXkqcpFfavKRRetykWwrspFSLDKReSxykV7s8pFF7XKRa62ykVKuMpF4rnKRXu7ykUVvcpF
sL7KRUrAykXiwcpFe8PKRRfFykWwxspFSMjKReTJykV9y8pFFc3KRa7OykVK0MpF4tHKRXvT
ykUV1cpFrtbKRUrYykXm2cpFe9vKRRfdykWu3spFSODKReLhykV948pFFeXKRa7mykVI6MpF
4unKRX3rykUV7cpFsO7KRUjwykXk8cpFe/PKRRX1ykWu9spFSPjKReT5ykV9+8pFF/3KRbD+
ykVKAMtF4gHLRXsDy0UVBctFsAbLRUgIy0XiCctFewvLRRUNy0WyDstFSBDLReIRy0V7E8tF
FRXLRa4Wy0VIGMtF4hnLRXsby0UXHctFrh7LRUogy0XiIctFfSPLRRcly0WwJstFSijLReIp
y0V7K8tFFS3LRa4uy0VKMMtF4jHLRX0zy0UVNctFsDbLRUg4y0XiOctFezvLRRU9y0WuPstF
SEDLReRBy0V9Q8tFFUXLRa5Gy0VISMtF4knLRX1Ly0UVTctFrk7LRUhQy0XkUctFfVPLRRdV
y0WuVstFSFjLReJZy0V9W8tFF13LRbBey0VIYMtF5GHLRXtjy0UVZctFrmbLRUpoy0XkactF
e2vLRRVty0WwbstFTHDLReJxy0V7c8tFFXXLRa52y0VIeMtF4nnLRX17y0UVfctFrn7LRUiA
y0XigctFe4PLRRWFy0WwhstFSojLReSJy0V9i8tFF43LRa6Oy0VIkMtF4pHLRXuTy0UXlctF
rpbLRUqYy0XimctFfZvLRRWdy0WunstFSKDLReKhy0V7o8tFF6XLRa6my0VIqMtF5KnLRXur
y0UVrctFrq7LRUiwy0XisctFfbPLRRW1y0WutstFSrjLReS5y0V7u8tFFb3LRa6+y0VIwMtF
4sHLRXvDy0UVxctFrsbLRUrIy0XkyctFe8vLRRXNy0WwzstFSNDLReTRy0V908tFF9XLRa7W
y0VI2MtF4tnLRXvby0UV3ctFrt7LRUjgy0Xk4ctFe+PLRRXly0Wu5stFSOjLReLpy0V768tF
Fe3LRa7uy0VI8MtF5PHLRXvzy0UV9ctFrvbLRUj4y0Xi+ctFffvLRRX9y0Ww/stFSADMReQB
zEV9A8xFFwXMRa4GzEVICMxF5AnMRX0LzEUXDcxFrg7MRUgQzEXiEcxFfRPMRRUVzEWuFsxF
TBjMReYZzEV9G8xFFR3MRbAezEVIIMxF4iHMRX0jzEUVJcxFribMRUoozEXiKcxFeyvMRRct
zEWuLsxFSDDMReIxzEV7M8xFFTXMRbA2zEVKOMxF4jnMRXs7zEUXPcxFrj7MRUpAzEXiQcxF
e0PMRRVFzEWuRsxFSkjMReRJzEV7S8xFF03MRbBOzEVKUMxF4lHMRX1TzEUVVcxFrlbMRUpY
zEXiWcxFe1vMRRVdzEWuXsxFSmDMReJhzEV9Y8xFF2XMRa5mzEVKaMxF5GnMRX1rzEUXbcxF
rm7MRUpwzEXkccxFe3PMRRd1zEWwdsxFSHjMReJ5zEV9e8xFF33MRa5+zEVIgMxF4oHMRXuD
zEUVhcxFsIbMRUiIzEXkicxFfYvMRRWNzEWwjsxFSJDMReKRzEV7k8xFF5XMRa6WzEVImMxF
5JnMRX2bzEUVncxFsJ7MRUigzEXkocxFe6PMRRWlzEWupsxFSKjMReKpzEV7q8xFF63MRa6u
zEVKsMxF4rHMRXuzzEUVtcxFsLbMRUi4zEXiucxFe7vMRRm9zEWwvsxFSMDMReTBzEV7w8xF
F8XMRa7GzEVKyMxF4snMRX3LzEUVzcxFrs7MRUjQzEXk0cxFe9PMRRXVzEWu1sxFSNjMReLZ
zEV728xFF93MRa7ezEVI4MxF4uHMRX3jzEUX5cxFrubMRUjozEXi6cxFfevMRRXtzEWu7sxF
SvDMReTxzEV988xFF/XMRbD2zEVK+MxF4vnMRX37zEUV/cxFrv7MRUoAzUXkAc1FfQPNRRUF
zUWuBs1FSAjNReIJzUV9C81FFQ3NRbAOzUVKEM1F4hHNRX0TzUUXFc1FrhbNRUgYzUXkGc1F
exvNRRcdzUWuHs1FSCDNReIhzUV9I81FFSXNRa4mzUVIKM1F4inNRX0rzUUVLc1Fri7NRUgw
zUXkMc1FfTPNRRU1zUWuNs1FSDjNReI5zUV7O81FFz3NRa4+zUVIQM1F4kHNRXtDzUUVRc1F
rkbNRUhIzUXkSc1FfUvNRRVNzUWwTs1FSFDNReJRzUV9U81FF1XNRa5WzUVKWM1F5FnNRX1b
zUUXXc1Frl7NRUpgzUXiYc1Fe2PNRRVlzUWuZs1FSmjNReRpzUV9a81FFW3NRa5uzUVIcM1F
4nHNRXtzzUUXdc1FsHbNRUh4zUXiec1Fe3vNRRd9zUWufs1FSIDNReKBzUV9g81FFYXNRa6G
zUVKiM1F5InNRXuLzUUVjc1Fro7NRUiQzUXkkc1Fe5PNRReVzUWwls1FSpjNReKZzUV9m81F
FZ3NRa6ezUVKoM1F4qHNRXujzUUVpc1FrqbNRUqozUXiqc1Fe6vNRRetzUWurs1FSLDNReKx
zUV7s81FF7XNRa62zUVKuM1F4rnNRX27zUUXvc1Frr7NRUrAzUXiwc1Fe8PNRRXFzUWuxs1F
SMjNReLJzUV9y81FFc3NRa7OzUVK0M1F5NHNRXvTzUUV1c1FsNbNRUjYzUXi2c1FfdvNRRXd
zUWu3s1FSODNReLhzUV7481FFeXNRa7mzUVI6M1F5OnNRX3rzUUV7c1Fru7NRUrwzUXi8c1F
ffPNRRf1zUWu9s1FSvjNReL5zUV9+81FFf3NRa7+zUVIAM5F4gHORXsDzkUVBc5FrgbORUoI
zkXkCc5FewvORRcNzkWuDs5FSBDOReIRzkV7E85FFRXORa4WzkVIGM5F4hnORXsbzkUVHc5F
rh7ORUggzkXkIc5FfSPORRclzkWuJs5FSijOReQpzkV9K85FFS3ORa4uzkVIMM5F4jHORX0z
zkUVNc5FsDbORUo4zkXiOc5FfTvORRU9zkWuPs5FSEDOReRBzkV7Q85FFUXORa5GzkVISM5F
5EnORXtLzkUVTc5Frk7ORUhQzkXkUc5Fe1PORRdVzkWuVs5FSFjOReRZzkV7W85FFV3ORa5e
zkVKYM5F4mHORXtjzkUVZc5FsGbORUhozkXkac5Fe2vORRdtzkWubs5FSHDOReJxzkV9c85F
F3XORbB2zkVIeM5F4nnORX17zkUVfc5Frn7ORUiAzkXigc5Fe4PORReFzkWuhs5FSIjOReKJ
zkV9i85FFY3ORbCOzkVIkM5F5JHORX2TzkUVlc5FrpbORUiYzkXimc5Fe5vORRWdzkWwns5F
SqDOReKhzkV9o85FFaXORa6mzkVIqM5F5KnORXurzkUVrc5Fsq7ORUiwzkXisc5Fe7PORRW1
zkWwts5FSrjOReS5zkV9u85FF73ORa6+zkVKwM5F4sHORXvDzkUVxc5FsMbORUjIzkXiyc5F
e8vORRXNzkWwzs5FSNDOReTRzkV9085FF9XORbDWzkVK2M5F4tnORXvbzkUX3c5Frt7ORUjg
zkXk4c5Fe+PORRflzkWw5s5FSujOReTpzkV9685FFe3ORbDuzkVI8M5F5PHORX3zzkUV9c5F
rvbORUr4zkXi+c5FffvORRX9zkWw/s5FSgDPReIBz0V7A89FFQXPRa4Gz0VKCM9F5AnPRXsL
z0UVDc9Frg7PRUgQz0XkEc9FexPPRRUVz0WwFs9FShjPReIZz0V9G89FFR3PRa4ez0VIIM9F
5CHPRX0jz0UXJc9FribPRUooz0XkKc9FeyvPRRUtz0WuLs9FSjDPReIxz0V7M89FFTXPRa42
z0VIOM9F4jnPRX07z0UVPc9Frj7PRUpAz0XiQc9Fe0PPRRdFz0WuRs9FSEjPReJJz0V7S89F
FU3PRbBOz0VIUM9F5FHPRX1Tz0UVVc9FrlbPRUhYz0XkWc9FfVvPRRVdz0WuXs9FSGDPReJh
z0V7Y89FFWXPRa5mz0VIaM9F5GnPRXtrz0UXbc9Frm7PRUhwz0Xkcc9Fe3PPRRV1z0Wuds9F
SnjPReJ5z0V9e89FFX3PRbB+z0VKgM9F4oHPRX2Dz0UXhc9FrobPRUqIz0Xiic9Fe4vPRRWN
z0Wwjs9FSpDPReKRz0V7k89FFZXPRa6Wz0VImM9F4pnPRX2bz0UXnc9Frp7PRUigz0Xioc9F
e6PPRRWlz0Wups9FSqjPReSpz0V7q89FF63PRbCuz0VKsM9F5LHPRX2zz0UVtc9FrrbPRUq4
z0Xkuc9Fe7vPRRW9z0Wuvs9FSsDPReLBz0V9w89FFcXPRa7Gz0VKyM9F5MnPRX3Lz0UVzc9F
rs7PRUjQz0Xi0c9Fe9PPRRfVz0Ww1s9FSNjPReTZz0V7289FF93PRbDez0VI4M9F4uHPRXvj
z0UV5c9FsObPRUroz0Xi6c9FfevPRRXtz0Wu7s9FSPDPReLxz0V7889FF/XPRa72z0VI+M9F
5PnPRXv7z0UX/c9Frv7PRUgA0EXiAdBFewPQRRcF0EWuBtBFSgjQReQJ0EV9C9BFFw3QRa4O
0EVIENBF4hHQRX0T0EUXFdBFrhbQRUoY0EXkGdBFfRvQRRUd0EWwHtBFSiDQReIh0EV9I9BF
FSXQRbAm0EVKKNBF4inQRXsr0EUVLdBFri7QRUgw0EXiMdBFfTPQRRU10EWwNtBFSDjQReI5
0EV7O9BFFz3QRa4+0EVIQNBF4kHQRX1D0EUXRdBFrkbQRUhI0EXiSdBFfUvQRRVN0EWuTtBF
SlDQReJR0EV7U9BFF1XQRbBW0EVIWNBF4lnQRXtb0EUXXdBFrl7QRUhg0EXiYdBFe2PQRRVl
0EWuZtBFSGjQReRp0EV7a9BFF23QRa5u0EVKcNBF5HHQRXtz0EUVddBFrnbQRUp40EXiedBF
fXvQRRd90EWuftBFSoDQReKB0EV7g9BFF4XQRbCG0EVIiNBF5InQRXuL0EUVjdBFro7QRUqQ
0EXikdBFe5PQRRWV0EWultBFSJjQReKZ0EV7m9BFFZ3QRa6e0EVKoNBF4qHQRXuj0EUXpdBF
rqbQRUio0EXkqdBFfavQRRWt0EWwrtBFSLDQReSx0EV9s9BFF7XQRbC20EVIuNBF4rnQRX27
0EUVvdBFsL7QRUjA0EXiwdBFfcPQRRfF0EWwxtBFSMjQReTJ0EV9y9BFF83QRa7O0EVK0NBF
5NHQRX3T0EUX1dBFsNbQRUjY0EXk2dBFe9vQRRXd0EWu3tBFSODQReLh0EV749BFFeXQRbDm
0EVK6NBF5OnQRX3r0EUV7dBFru7QRUrw0EXk8dBFffPQRRX10EWw9tBFSPjQReT50EV9+9BF
F/3QRa7+0EVIANFF4gHRRX0D0UUXBdFFrgbRRUgI0UXkCdFFfQvRRRUN0UWwDtFFShDRReQR
0UV9E9FFFRXRRbAW0UVIGNFF4hnRRXsb0UUXHdFFrh7RRUog0UXiIdFFeyPRRRcl0UWwJtFF
SijRReIp0UV9K9FFFy3RRbAu0UVIMNFF5DHRRX0z0UUVNdFFrjbRRUg40UXiOdFFfTvRRRU9
0UWuPtFFSEDRReJB0UV9Q9FFF0XRRa5G0UVISNFF4knRRX1L0UUXTdFFrk7RRUhQ0UXkUdFF
e1PRRRVV0UWwVtFFSljRReJZ0UV7W9FFFV3RRa5e0UVIYNFF4mHRRX1j0UUXZdFFrmbRRUpo
0UXiadFFf2vRRRVt0UWwbtFFSnDRReJx0UV7c9FFF3XRRbB20UVKeNFF5HnRRXt70UUXfdFF
sH7RRUiA0UXkgdFFe4PRRReF0UWwhtFFSIjRReSJ0UV9i9FFF43RRa6O0UVIkNFF4pHRRX2T
0UUVldFFsJbRRUiY0UXimdFFe5vRRRWd0UWuntFFSKDRReSh0UV7o9FFF6XRRa6m0UVIqNFF
5KnRRX2r0UUVrdFFrq7RRUiw0UXksdFFe7PRRRW10UWuttFFSLjRReK50UV7u9FFF73RRa6+
0UVIwNFF5MHRRX3D0UUVxdFFrsbRRUjI0UXiydFFe8vRRRfN0UWwztFFStDRReTR0UV709FF
F9XRRa7W0UVI2NFF4tnRRXvb0UUV3dFFrt7RRUrg0UXi4dFFfePRRRXl0UWu5tFFSujRReLp
0UV769FFFe3RRbDu0UVK8NFF4vHRRXvz0UUV9dFFsPbRRUj40UXi+dFFe/vRRRf90UWu/tFF
SADSReIB0kV9A9JFFQXSRa4G0kVKCNJF5AnSRX0L0kUVDdJFrg7SRUgQ0kXiEdJFexPSRRUV
0kWwFtJFSBjSReIZ0kV9G9JFFR3SRa4e0kVKINJF5iHSRXsj0kUXJdJFribSRUgo0kXkKdJF
fSvSRRUt0kWwLtJFSDDSReQx0kV7M9JFFTXSRbA20kVIONJF4jnSRX070kUVPdJFrj7SRUhA
0kXiQdJFe0PSRRdF0kWwRtJFSEjSReJJ0kV7S9JFF03SRa5O0kVIUNJF4lHSRXtT0kUXVdJF
rlbSRUpY0kXiWdJFe1vSRRdd0kWwXtJFSGDSReRh0kV7Y9JFF2XSRa5m0kVKaNJF5GnSRXtr
0kUXbdJFrm7SRUhw0kXicdJFe3PSRRd10kWudtJFSnjSReR50kV7e9JFF33SRa5+0kVIgNJF
4oHSRX2D0kUXhdJFrobSRUiI0kXkidJFe4vSRRWN0kWwjtJFSpDSReSR0kV7k9JFF5XSRa6W
0kVImNJF4pnSRXub0kUVndJFrp7SRUqg0kXiodJFfaPSRRWl0kWuptJFSKjSReSp0kV7q9JF
Fa3SRbCu0kVIsNJF4rHSRXuz0kUXtdJFsLbSRUq40kXiudJFfbvSRRe90kWuvtJFSMDSReLB
0kV9w9JFFcXSRa7G0kVIyNJF5MnSRXvL0kUVzdJFrs7SRUjQ0kXi0dJFe9PSRRXV0kWw1tJF
SNjSReLZ0kV929JFF93SRa7e0kVK4NJF4uHSRXvj0kUV5dJFsObSRUro0kXk6dJFfevSRRft
0kWw7tJF</AssayXData><AssayYData Points="1500">SAOxQE1dsUAFWLFA1jOxQCgWsUCHMrFAkB2xQAUssUBGM7FAJTSxQI0zsUA6WrFAskCxQOpc
sUDJX7FAeomxQKVjsUDPPLFACH2xQHxWsUBwf7FAZHGxQMZwsUDsPLFAo36xQOVzsUBrNrFA
FHuxQFp9sUBHULFAlpKxQLhysUAdRLFATGKxQLansUAGarFAx2yxQGx3sUAhZLFAh2OxQEeL
sUB5VrFAyIOxQJWQsUBNj7FASquxQOzOsUCJlrFAF1CxQO6PsUCKb7FA/ZixQD17sUCJprFA
fWaxQFOYsUAusbFA+3yxQGpcsUACg7FAbIexQP1qsUDKjbFAOnWxQNp0sUBFg7FA9XuxQJ53
sUAbirFALYaxQH1+sUCBg7FA3o2xQPuFsUAtfLFAsKyxQOqVsUCik7FAoMaxQLOnsUDijLFA
Un+xQP6FsUANf7FAaHaxQLaosUB3hrFAfqyxQAKksUAWmbFAZKOxQKugsUDKm7FAB4mxQLy1
sUCNhbFAyqGxQEeTsUDkpLFASW2xQF+hsUB2krFAU5GxQBeOsUCuvrFA2JaxQN60sUCjtrFA
8a6xQDWmsUDNvbFAHsWxQHZmsUBpn7FAab6xQA6VsUBlfbFAz62xQN6QsUAZrrFAM66xQM2x
sUBKubFAIrWxQDK6sUDmurFAebaxQMyvsUD0sLFAksexQKqPsUCJqrFAo9WxQDCGsUD6YrFA
XruxQE6wsUBKr7FAFbqxQJC8sUAqerFAcMOxQDCfsUBlrrFAebKxQEe+sUCarrFAiMCxQPKn
sUAZybFAc4uxQASxsUAporFAra+xQKi7sUCKubFADJexQHe5sUA7xbFA66+xQE+csUCCvrFA
uLexQAHZsUCYybFAba+xQHPBsUCZx7FAYZKxQIS7sUDQ0LFA8e+xQFR2sUAp1rFA0MGxQGGq
sUBvurFAosmxQBKgsUB7o7FAy6WxQAzGsUAHw7FAE+axQKC2sUDrm7FAgrWxQJLasUBOk7FA
OvuxQKKwsUCEvrFAq82xQInJsUAVq7FAQJixQNnFsUA6tbFAQtOxQBW6sUCpmrFAsbexQHPM
sUCg2LFAvsixQE2vsUBLpbFAybWxQL68sUDO6bFAXKmxQOvXsUCb3rFA9YSxQPaUsUBx17FA
dMexQMycsUCW7rFAhNSxQE/LsUCx7rFAtfGxQE2usUDn0bFAI92xQIvFsUCb0bFAHLSxQK2t
sUBI5rFAwv2xQLDAsUCswrFAdMSxQIrGsUDz6bFA0s6xQBzrsUCY0LFAXQmyQALbsUAsnbFA
U/SxQP8WskDtv7FA4t6xQDvgsUB62rFAM7+xQPvesUBVybFAxe6xQCDHsUD/3LFA19CxQGnS
sUCv77FAK6mxQFOusUA55LFABMqxQI7HsUDG47FAUfOxQFvfsUAY67FASb2xQKrSsUCU87FA
nwqyQFDNsUA1vLFAgtqxQKfqsUAF17FATumxQDfYsUCb6bFANwmyQGDYsUBmvrFA8QeyQBcF
skDs6rFAYBGyQInisUDq2LFAfeCxQCrmsUBh0bFA8+ixQLjOsUAk3rFAfA+yQNrxsUDRtrFA
PuGxQHDTsUCb67FA+uuxQHH+sUBw67FA0+2xQDMQskBxzrFAVOaxQP/YsUCP67FA4uSxQB/e
sUAbBrJAQfKxQGzNsUDGCrJAtPKxQPECskDm/LFAN96xQBzLsUBTC7JAv+axQEjosUBe9rFA
I/mxQIe/sUAnAbJAZhCyQLvLsUAN77FAR/GxQDL+sUBx/rFA2P6xQLgQskDdzLFAVhuyQHkA
skAF0LFAvuyxQPzzsUDI3bFAEeKxQJEdskA2/bFAjgOyQHwKskCR6LFAi/+xQA8BskBCv7FA
nxGyQOQHskB3+LFAYtmxQJ0LskDr7rFAYb+xQPz9sUDrCLJAYuixQGQRskDf6LFAU+CxQIcY
skAdALJAVu2xQIP4sUBz/7FAxP+xQCr5sUBSCbJAePSxQBkFskBTL7JAoAKyQNsDskBu3rFA
+TayQF30sUCD1LFAAQayQKn7sUBK+7FA/hyyQE35sUAO4bFAQhOyQE4OskBB+rFA2S6yQEMu
skBw/LFARB2yQI4iskCVCLJAQPixQGwiskA3BLJAl9ixQJYhskD+DLJAqfyxQFkIskAwDbJA
mwmyQH4eskBR/bFAJBCyQHcRskB5/bFAAvCxQMQCskCkF7JA7QWyQG4IskBNPLJAtxayQMXj
sUCSRbJA+TCyQLn+sUDxG7JAghyyQLEXskCYELJARiSyQGjasUCBGrJAWUKyQFT8sUDaMLJA
1EWyQJoYskDvI7JAKk+yQGoPskBIFbJAqA+yQLcfskCLEbJAQSGyQP4wskBhCLJAdjuyQP9J
skDnBrJAwQWyQI0bskBF+bFAvyeyQBJZskCrF7JA/D6yQJUfskAwA7JAagyyQN0nskBnErJA
BiSyQLJDskBTLLJALh2yQKE8skDvK7JAFyWyQAArskChKbJAVg2yQJRAskAvLLJAWUKyQNsN
skBGL7JAJxKyQOzusUB0TbJA5SWyQCwHskCAOLJAGjKyQDEMskAyGrJA3iSyQJ40skCRLbJA
6RGyQJMvskB4F7JAETeyQCImskDgIbJA4DiyQA84skCwLrJA7TmyQLE/skB9GLJAclGyQPRF
skD2NrJAszyyQN9GskAYFLJArCuyQI1CskDmSLJA2SCyQBYwskDgXrJAySuyQKwpskCsSbJA
cSKyQHA8skCRNbJAmh6yQAFBskDfdbJAliWyQBA8skAbQrJAozeyQMwnskArLbJApTOyQLFI
skCSKLJAklWyQCogskAaT7JAL1WyQIE3skBkV7JAEDiyQCE5skA2YrJAFWiyQBxhskBOXbJA
FlOyQBQvskC7HrJASlSyQBZ4skAxQbJAHDqyQNpiskDoHLJAE0+yQBFSskAcObJAJmCyQA1G
skBWSbJA3FGyQBpWskC1SLJAJU2yQNtDskBxU7JAaDayQJRwskAvXrJAr2GyQAVXskACabJA
j0yyQEiOskASh7JAVkCyQPFQskCehLJAA1iyQL9VskC/cbJAbVCyQNg6skAhZrJAU16yQNIw
skDBbLJAQ0eyQDZCskDuXLJAB0CyQPUmskDbS7JAN2eyQJNJskBCV7JABk6yQA5iskBqLbJA
zVSyQH1jskAOSrJAKGKyQGhgskChLLJAP0uyQPNwskB6LbJABnKyQPxdskC1TbJAC0qyQLVn
skDRSbJAEVCyQM18skDwY7JApG6yQF16skCAT7JAtU2yQAtaskAMSrJAZlayQJNXskDjV7JA
5jCyQJVgskBed7JAkz6yQBNeskCJXLJAWVuyQBpcskA+ObJAr12yQJgyskDKebJAMluyQOM3
skA/VrJA6W2yQAZVskCHebJA4zyyQBqdskBLZbJAY4ayQL9JskDeW7JAFmSyQDN/skACZrJA
rl2yQHFrskDYWbJAUWOyQK+3skAib7JA7I6yQIx6skDPZLJA+mSyQJdyskCbWLJAzXmyQNV8
skAbfbJAmj+yQORvskC9X7JAhVWyQMlQskAgYLJAAUyyQPRCskBBabJApm2yQDFVskA+nLJA
UkqyQFxpskDhfrJAuXyyQCqAskD2j7JA2HyyQBpcskDNebJAkZ+yQJ5RskBuerJAJqKyQAVn
skBdXrJAFGeyQLtzskCdgrJAI3GyQNtkskDHZLJAbH+yQHyNskDxQbJA1n6yQOFtskBsfLJA
0HSyQF+gskDLQbJAyWOyQOR1skC3UrJAXYCyQFWAskCUgbJA4o2yQJiUskD6a7JAY0CyQKmV
skDUe7JA/WOyQNeEskCja7JAkGqyQG1gskA4lbJAaHWyQMGLskBXlrJApoKyQC1hskBojrJA
34OyQBF5skAiobJALGqyQE13skDftLJAYo+yQG2AskA5lLJAhXayQM93skAacbJAR76yQFV+
skDoo7JARqiyQNpRskCsfrJATZmyQLp2skCrl7JAsp2yQCmpskAgfrJAIYqyQLJ9skCqbrJA
2buyQAmfskBYbbJAMZOyQGKeskDJkLJAP0uyQG2iskC8jrJA6YKyQDm2skBbtrJAIZKyQC/a
skCAebJAiX2yQJuIskDPyLJAno2yQAKgskBRuLJAApKyQDZzskBOs7JASWiyQEiOskCOtLJA
v5yyQHKwskAtrbJApoOyQIaJskAlqLJA+LiyQBGYskBIn7JAHdayQN6JskBnn7JA8nmyQOp6
skCzhrJAwKayQLOAskBAnrJAtIyyQNu7skB+g7JAcpyyQLSjskCYXrJAPJ6yQNCvskDpf7JA
2JyyQGG5skAalrJAT5iyQPuPskDLsLJA3n+yQN2pskBbt7JAoYSyQG/GskCZuLJAbLCyQCC/
skAEs7JAlreyQPipskAqqLJAaZiyQGa6skANxLJAVaeyQIGCskDtpbJACJ+yQNyuskA2u7JA
wbOyQJy3skDdwbJAlbOyQNqeskDyrrJA5MiyQLTbskAEnbJANu+yQF6kskA73rJA6veyQNyY
skCfo7JAzeiyQOa2skAey7JAKeyyQH+3skCymLJAt8KyQBWvskBkrLJAi7KyQKDiskAvqbJA
y4yyQCfpskDOl7JAba2yQLnCskA+wbJAm6yyQGnQskA7r7JAIX2yQFzIskDBqrJAvKayQNGP
skBB27JAia6yQBHdskBJ2bJAC62yQFW9skDrs7JAvL6yQPDPskDj07JAtNWyQDysskDQy7JA
9a+yQKzXskDg5LJA0b2yQOC7skDzv7JA4sOyQL/DskD/xrJAld+yQO+YskAfpLJA88WyQIzY
skDIurJAyMayQIyrskCpu7JAVtCyQMa4skBEmbJA2bqyQCfWskC7jbJAYqqyQODCskCKvLJA
vaeyQCPGskCbtrJAhd+yQD22skCvs7JAftKyQA21skCX1rJABsSyQMjFskCb4bJADNWyQOO+
skCK3rJAtL+yQH/LskBNzrJAyN6yQIO/skDc5LJA9+myQKHAskC3x7JA1tWyQOa5skDC37JA
wv+yQD6pskBKDLNAdASzQErZskDIw7JAkdGyQEHRskBcybJAwBOzQHjqskAoyrJA+cqyQPnt
skBYy7JA1OqyQIjSskAkvLJA7dGyQL7AskB36bJA8tWyQDTLskACuLJASt+yQDb/skB05rJA
atKyQI7vskA5tLJAzdqyQNfmskB1DLNAx9CyQNDQskD94bJAyciyQC7askAJDbNArcGyQLLn
skC3I7NAb+OyQAnyskAF67JAeeKyQKaaskAVu7JAT/OyQKa+skBX37JAlAuzQO2xskDs4rJA
jAGzQHrKskAsDrNAmvKyQMbUskA9yrJATQazQLzkskCH5rJA4xizQHPnskB367JAt/yyQJwU
s0AS27JAqM+yQOj7skB85LJAzPSyQAzyskBe1bJAWwuzQAwKs0A167JA/g2zQLwEs0Ck77JA
3cKyQG8Es0CQF7NA6/SyQOjyskB29LJA49GyQOEYs0DEGrNAVgyzQJPhskCCA7NAtuuyQLHw
skDGDrNA/O+yQCUBs0BgFrNAhe+yQIjvskCM77JA/QezQODxskDP/LJAbvuyQKX8skBn/rJA
3OyyQIXVskA/9LJA/g2zQMXyskA03LJAxhSzQMIDs0DP1bJA1w2zQPfpskDeBLNAywizQDMB
s0BZ/LJA+viyQHENs0At8bJA6L+yQN76skCs77JA4BuzQOYVs0Ao+bJAvOCyQDoms0BhArNA
rAuzQIASs0DYHrNAcPGyQGoEs0ApBrNAHvuyQD0Es0D7HLNAMzGzQDEKs0BfE7NA2/ayQET1
skBPGbNABv6yQC/xskC9F7NAFP2yQKjHskBa77JANviyQJDeskB++LJAywSzQGfTskBSBLNA
WzGzQOwXs0CN+bJA6C6zQMoOs0B89bJAujizQIMAs0C8FrNANAKzQE4Ds0Df6rJABQOzQFQF
s0BoJbNAwiWzQDxFs0CpDbNAwgizQLcms0AqHbNAXAazQDUws0DGKLNAqQuzQGwCs0B5BrNA
3gOzQO0ms0DoFrNA8x6zQGAys0BZJrNApemyQMb/skDQD7NAiBOzQPcLs0CjKLNAGyWzQDjQ
skBNLrNA6zKzQO0rs0AQAbNAbvyyQIUes0DP+7JAQjizQDjxskCkCLNAcCizQLQFs0CvELNA
kE2zQCIjs0CTFrNAZCmzQJ4Qs0CRALNAYkazQJ4Is0BaFLNA/AizQANIs0BP/LJAiBGzQMYG
s0ApFLNAd+2yQA9Ds0AbIrNAmxKzQIABs0AJObNAVAqzQNQks0A/GLNAMi2zQEYfs0CZEbNA
JQ+zQPw4s0D4O7NAnBizQNEzs0C5RbNAPyGzQE0vs0BWNrNAbz+zQH8Rs0AeO7NAIxyzQDcK
s0DrP7NADkGzQKFIs0ADQbNADkizQEMCs0DwFbNAwfyyQOg+s0DfEbNAQyuzQNc3s0BOC7NA
9ECzQHsWs0DyLLNALVqzQPU+s0DoJLNA1R+zQChEs0ABMrNAklGzQHJQs0AJJLNAczKzQAog
s0D+KbNAkSuzQFdMs0C+NLNAfTCzQNYos0D8WLNAzy6zQNg7s0A5N7NANSCzQP1ks0DVQ7NA
oQuzQC00s0AGSbNAITCzQPIes0DHNbNAXhGzQDsqs0BBJ7NACimzQGkvs0BrYrNA9EezQLku
s0CKL7NAf0CzQK5is0DoMbNAME6zQB1Ds0C9KLNAZz6zQHdbs0CWHrNAMyGzQLxUs0DRMbNA
0jWzQCA0s0CYMLNAQmSzQN9Ps0ApRrNAn2izQD51s0AVhLNAeiizQI9Os0BiK7NAhxqzQPFl
s0AIS7NAEzWzQGNbs0DZQ7NApjizQCNWs0ALVrNAig+zQORXs0BSQbNAOlCzQF0us0CWcLNA
9ASzQDIvs0DYK7NAL0qzQC1ms0D+N7NAbyizQPwws0C6VrNAcUGzQDsms0BaHLNAQUazQN8m
s0AKNbNAPnKzQB1Ss0BcYbNA4W2zQE9Ts0AwTLNAUlWzQDdGs0D4LLNA1V+zQLZts0AFTbNA
XFazQJJNs0AdSLNABVyzQCGEs0BfTLNA3kOzQAE/s0C7YrNA2EuzQAp0s0Afe7NAjkizQEhB
s0DyU7NATj6zQNdys0BqeLNAg2KzQO5Vs0DGQrNA6jyzQD5ds0A1b7NAV0uzQNdLs0BLdLNA
742zQCJas0ACXbNAezizQBNbs0DSZbNA7FSzQNVDs0CRabNA9nuzQEtrs0CJVbNABE6zQBF4
s0CCV7NA41GzQIJss0AKcbNAVXuzQO1Us0AtYLNAC6GzQD9Vs0C/NLNAQFKzQIh0s0BIP7NA
CmyzQFigs0CdaLNAhVSzQBF5s0CKObNAG1SzQDR7s0D0ZbNAtmSzQPFPs0D8TLNAXy6zQJtF
s0AvmLNAAEyzQAl+s0CKgrNAPm2zQI1qs0CwdLNAB3OzQJg2s0AmPrNAeGizQKt5s0DkdbNA
uWazQB81s0CijrNAWpKzQBd5s0BAerNAgoGzQPgfs0CKYbNA9mSzQCRes0ABOLNA/IizQImG
s0CBVrNAlJOzQIBqs0CFV7NAs16zQMZqs0DWWrNAEmOzQEZys0AWWbNA8lOzQHB8s0Due7NA
rEazQHaEs0A9lbNAXYKzQAOCs0C0YrNA146zQJ6Zs0CogrNAg4GzQIK2s0A6lrNAhlezQLWH
s0DUjrNAgIWzQKaDs0DTj7NAd2+zQIZUs0Adg7NASnGzQHtus0CYirNAJmOzQJqBs0CbpLNA
l5KzQJeAs0B6qLNAMp6zQACNs0DsgLNAd3izQO53s0CxcLNAknOzQBifs0DrjLNA8bGzQBts
s0AOZrNA4X+zQJCxs0C5jbNACZ+zQKJ6s0CJZbNA/HyzQBJ/s0BjmrNAgI+zQJ2fs0D4ebNA
MHezQNNos0C/Z7NA1X+zQCGis0AtorNAMm6zQHOKs0AnaLNAPJWzQK58s0CexLNAymyzQL6m
s0DqhrNA</AssayYData></Step><Step><CommonData><SampleLocation>5</SampleLocation><SampleID>Glycine</SampleID><SampleGroup></SampleGroup><SampleInfo></SampleInfo><SampleRow>B</SampleRow><SamplePlate>1</SamplePlate><WellType>REGENERATION</WellType><Concentration>-1</Concentration><ConcentrationUnits>µg/ml</ConcentrationUnits><MolarConcentration>-1</MolarConcentration><MolarConcUnits>nM</MolarConcUnits><MolecularWeight>0</MolecularWeight><Temperature>30</Temperature><StartTime>7653691</StartTime><AssayTime>5</AssayTime></CommonData><FlowRate>1000</FlowRate><StepType>KREGENERATION</StepType><StepName>Regeneration</StepName><StepStatus>OK</StepStatus><ActualTime>4.9998</ActualTime><CycleTime>0.2</CycleTime><AssayXData Points="25">SvDSReTx0kV989JFF/XSRbD20kVO+NJF5vnSRX370kUX/dJFsP7SRUoA00XmAdNFfQPTRRkF
00WwBtNFSgjTReQJ00V9C9NFGQ3TRbAO00VMENNF5hHTRX0T00UXFdNFsBbTRQ==</AssayXData><AssayYData Points="25">Sc8BQENB+j9U9vY/UHz0P1WC8j+BTPA/VULuP+Dg6z9Ufek/6drmP4pJ5D9FmOI/7zngP3p7
3j+F+Nw/NGraP1j82D+Lddc/rILWP5lT1D8MHNM/82HSP2880T9cCdA/3K/PPw==</AssayYData></Step><Step><CommonData><SampleLocation>6</SampleLocation><SampleID>PBS</SampleID><SampleGroup></SampleGroup><SampleInfo></SampleInfo><SampleRow>B</SampleRow><SamplePlate>1</SamplePlate><WellType>NEUTRALIZATION</WellType><Concentration>-1</Concentration><ConcentrationUnits>µg/ml</ConcentrationUnits><MolarConcentration>-1</MolarConcentration><MolarConcUnits>nM</MolarConcUnits><MolecularWeight>0</MolecularWeight><Temperature>30</Temperature><StartTime>7667250</StartTime><AssayTime>5</AssayTime></CommonData><FlowRate>1000</FlowRate><StepType>KREGENERATION</StepType><StepName>Regeneration</StepName><StepStatus>OK</StepStatus><ActualTime>4.9998</ActualTime><CycleTime>0.2</CycleTime><AssayXData Points="25">ShjTReYZ00V9G9NFFx3TRbIe00VKINNF5iHTRX8j00UZJdNFsCbTRU4o00XkKdNFfSvTRRkt
00WyLtNFSjDTReYx00V9M9NFFzXTRbA200VMONNF5DnTRX8700UXPdNFsD7TRQ==</AssayXData><AssayYData Points="25">A2SeQGbqnkB4gJ9APAWgQP0koEBmXqBAK9CgQA4LoUCcAKFAcFGhQC1MoUBMcaFAVaihQF6/
oUBk66FAdQCiQMH7oUBDF6JAYjSiQM9vokBHPqJAV2+iQIGcokC7kqJAiJyiQA==</AssayYData></Step><Step><CommonData><SampleLocation>5</SampleLocation><SampleID>Glycine</SampleID><SampleGroup></SampleGroup><SampleInfo></SampleInfo><SampleRow>B</SampleRow><SamplePlate>1</SamplePlate><WellType>REGENERATION</WellType><Concentration>-1</Concentration><ConcentrationUnits>µg/ml</ConcentrationUnits><MolarConcentration>-1</MolarConcentration><MolarConcUnits>nM</MolarConcUnits><MolecularWeight>0</MolecularWeight><Temperature>30</Temperature><StartTime>7680518</StartTime><AssayTime>5</AssayTime></CommonData><FlowRate>1000</FlowRate><StepType>KREGENERATION</StepType><StepName>Regeneration</StepName><StepStatus>OK</StepStatus><ActualTime>4.9998</ActualTime><CycleTime>0.2</CycleTime><AssayXData Points="25">TEDTReZB00V9Q9NFF0XTRbRG00VKSNNF5EnTRX9L00UXTdNFsk7TRUpQ00XkUdNFfVPTRRdV
00WwVtNFTFjTReRZ00V9W9NFF13TRbJe00VMYNNF5mHTRX9j00UZZdNFsmbTRQ==</AssayXData><AssayYData Points="25">z0bqPy974D+uh9s/pJrXP9qP1T+RvtI/NBHSP+Vdzz9SEs4/+W/NP7/1yz+4jMs/WVzKP4Cu
yT+Pcsk/gKvHP9U8xz/Ak8Y/GlLGP1lhxT/PZsQ/SC3EP12rwz/FlMI/pFnCPw==</AssayYData></Step><Step><CommonData><SampleLocation>6</SampleLocation><SampleID>PBS</SampleID><SampleGroup></SampleGroup><SampleInfo></SampleInfo><SampleRow>B</SampleRow><SamplePlate>1</SamplePlate><WellType>NEUTRALIZATION</WellType><Concentration>-1</Concentration><ConcentrationUnits>µg/ml</ConcentrationUnits><MolarConcentration>-1</MolarConcentration><MolarConcUnits>nM</MolarConcUnits><MolecularWeight>0</MolecularWeight><Temperature>30</Temperature><StartTime>7693943</StartTime><AssayTime>5</AssayTime></CommonData><FlowRate>1000</FlowRate><StepType>KREGENERATION</StepType><StepName>Regeneration</StepName><StepStatus>OK</StepStatus><ActualTime>5.00078</ActualTime><CycleTime>0.2</CycleTime><AssayXData Points="25">TGjTReZp00V/a9NFG23TRbJu00VMcNNF5nHTRX9z00UbddNFsnbTRUx400XmedNFgXvTRRl9
00WyftNFTIDTReaB00V/g9NFGYXTRbKG00VMiNNF5onTRYGL00UZjdNFtI7TRQ==</AssayXData><AssayYData Points="25">AG+eQNTinkBJfJ9AnZifQIkqoEDTZaBA/7+gQL6voEDQB6FAD1qhQDdXoUCKgaFAAJ6hQFuc
oUC9v6FAAQCiQNYDokD5AKJAayiiQBdJokCxRaJAWlSiQG1ookAKj6JAGJuiQA==</AssayYData></Step><Step><CommonData><SampleLocation>5</SampleLocation><SampleID>Glycine</SampleID><SampleGroup></SampleGroup><SampleInfo></SampleInfo><SampleRow>B</SampleRow><SamplePlate>1</SamplePlate><WellType>REGENERATION</WellType><Concentration>-1</Concentration><ConcentrationUnits>µg/ml</ConcentrationUnits><MolarConcentration>-1</MolarConcentration><MolarConcUnits>nM</MolarConcUnits><MolecularWeight>0</MolecularWeight><Temperature>30</Temperature><StartTime>7707369</StartTime><AssayTime>5</AssayTime></CommonData><FlowRate>1000</FlowRate><StepType>KREGENERATION</StepType><StepName>Regeneration</StepName><StepStatus>OK</StepStatus><ActualTime>4.9998</ActualTime><CycleTime>0.2</CycleTime><AssayXData Points="25">TpDTReiR00WBk9NFG5XTRbSW00VOmNNF6pnTRYOb00WDndNFx57TRVCg00XqodNFgaPTRR2l
00W0ptNFTqjTReip00WBq9NFHa3TRbSu00VOsNNF6LHTRYGz00UdtdNFtLbTRQ==</AssayXData><AssayYData Points="25">S2/mP6zd3D+KJtg/hSTVP6tt0z+altA/rm/PPw6Kzj8GAM0/myrMPxzwyj8hVco/RjvJPzVE
yT9wFcg/0bLGP7WAxz/wosU/rtXEP+/jxD+Q/cQ/DkfEP8PTwz8zfsM/m6bDPw==</AssayYData></Step><Step><CommonData><SampleLocation>6</SampleLocation><SampleID>PBS</SampleID><SampleGroup></SampleGroup><SampleInfo></SampleInfo><SampleRow>B</SampleRow><SamplePlate>1</SamplePlate><WellType>NEUTRALIZATION</WellType><Concentration>-1</Concentration><ConcentrationUnits>µg/ml</ConcentrationUnits><MolarConcentration>-1</MolarConcentration><MolarConcUnits>nM</MolarConcUnits><MolecularWeight>0</MolecularWeight><Temperature>30</Temperature><StartTime>7720781</StartTime><AssayTime>5</AssayTime></CommonData><FlowRate>1000</FlowRate><StepType>KREGENERATION</StepType><StepName>Regeneration</StepName><StepStatus>OK</StepStatus><ActualTime>4.9998</ActualTime><CycleTime>0.2</CycleTime><AssayXData Points="25">TrjTReq500WBu9NFG73TRbS+00VSwNNF6sHTRYHD00UdxdNFtMbTRU7I00XoydNFgcvTRR3N
00W2ztNFTtDTRerR00WB09NFHdXTRbTW00VQ2NNF6tnTRYPb00Ub3dNFtN7TRQ==</AssayXData><AssayYData Points="25">5R6fQDfOn0Akg6BA9J6gQCv/oEC5Z6FA3cehQGfUoUBa/qFAkhOiQORHokCBhaJAuJyiQMy+
okBnq6JAX+2iQDUAo0Ao8qJAyWKjQCppo0AhVaNABF+jQCiZo0Dho6NAPamjQA==</AssayYData></Step><Step><CommonData><SampleLocation>1</SampleLocation><SampleID>Octet Buffer</SampleID><SampleGroup></SampleGroup><SampleInfo></SampleInfo><SampleRow>A</SampleRow><SamplePlate>1</SamplePlate><WellType>BUFFER</WellType><Concentration>-1</Concentration><ConcentrationUnits>µg/ml</ConcentrationUnits><MolarConcentration>-1</MolarConcentration><MolarConcUnits>nM</MolarConcUnits><MolecularWeight>0</MolecularWeight><Temperature>30</Temperature><StartTime>7735179</StartTime><AssayTime>20</AssayTime></CommonData><FlowRate>1000</FlowRate><StepType>CUSTOM</StepType><StepName>Sensor Check</StepName><StepStatus>OK</StepStatus><ActualTime>20.0008</ActualTime><CycleTime>0.2</CycleTime><AssayXData Points="100">TuDTRejh00WD49NFG+XTRbTm00VO6NNF6OnTRYHr00Ub7dNFtu7TRU7w00Xq8dNFgfPTRRv1
00W09tNFTvjTRej500WB+9NFHf3TRbT+00VQANRF6AHURYMD1EUbBdRFtAbURU4I1EXoCdRF
gQvURRsN1EW2DtRFThDUReoR1EWBE9RFGxXURbQW1EVQGNRF6BnURYEb1EUbHdRFth7URU4g
1EXoIdRFgyPURRsl1EW0JtRFTijUReop1EWBK9RFGy3URbYu1EVOMNRF6jHURYEz1EUbNdRF
tjbURU441EXoOdRFgTvURRs91EW0PtRFTkDURehB1EWBQ9RFG0XURbZG1EVQSNRF6knURYFL
1EUbTdRFIU/URWVQ1EXqUdRFgVPURRtV1EW4VtRFUFjURehZ1EWDW9RFHV3URbRe1EVOYNRF
6mHURYNj1EUdZdRFtGbURU5o1EXqadRFgWvURRtt1EW0btRFTnDURehx1EWBc9RFG3XURbR2
1EVQeNRF6nnURYN71EUbfdRFtn7URQ==</AssayXData><AssayYData Points="100">Wz2dQO1Im0Doo5lAC6iYQMMymECYopdApGGXQBpQl0BILJdAjQGXQPM4l0AscpdAnTqXQJiI
l0DVW5dAtISXQBV3l0BrwZdACI+XQG7Hl0DJ0ZdA3qqXQBnHl0CBBphA+f2XQC3Wl0BuFJhA
fz6YQOoOmEDtIZhAUUiYQC1QmEA6N5hAM0WYQIlbmEDRVphAhoSYQJ9UmEBfVJhAw2mYQK5u
mEB3dZhAXpSYQJeymEB4sJhAuIKYQCrHmEAgpZhACceYQEbDmEBG0JhAQ9KYQBn5mEBf3ZhA
176YQM7ZmEA43JhAL+OYQNcDmUDw/phAqeKYQLwJmUC1DplABgKZQNUwmUBVMJlAqAiZQKAi
mUCPGZlA4DGZQDJJmUAqOZlAbDeZQOkcmUD1SplALmSZQKMimUDeZplAp1WZQH1amUDWQplA
T02ZQEBvmUDSWJlAqnCZQLVmmUCVb5lAjnmZQDKQmUCqSJlASo6ZQLiGmUBLfZlAdpWZQGp3
mUDFqJlAl4mZQN+amUDRk5lAxqaZQA==</AssayYData></Step><Step><CommonData><SampleLocation>22</SampleLocation><SampleID>SI-157X50_P5564</SampleID><SampleGroup></SampleGroup><SampleInfo></SampleInfo><SampleRow>A</SampleRow><SamplePlate>1</SamplePlate><WellType>KLOAD</WellType><Concentration>5</Concentration><ConcentrationUnits>µg/ml</ConcentrationUnits><MolarConcentration>5000</MolarConcentration><MolarConcUnits>nM</MolarConcUnits><MolecularWeight>0</MolecularWeight><Temperature>30</Temperature><StartTime>7767127</StartTime><AssayTime>120</AssayTime></CommonData><FlowRate>1000</FlowRate><StepType>LOADING</StepType><StepName>Loading</StepName><StepStatus>OK</StepStatus><ActualTime>120.001</ActualTime><CycleTime>0.2</CycleTime><AssayXData Points="600">UIDUReqB1EWDg9RFHYXURbaG1EVSiNRF6onURYWL1EUdjdRFto7URVCQ1EXqkdRFg5PURR2V
1EW2ltRFUJjUReqZ1EWFm9RFH53URbae1EVSoNRF7KHURYWj1EUdpdRFuKbURVCo1EXsqdRF
g6vURR2t1EW2rtRFULDUReyx1EWDs9RFH7XURba21EVQuNRF6rnURYW71EUdvdRFtr7URVDA
1EXqwdRFg8PURR3F1EW2xtRFUsjURerJ1EWFy9RFH83URbjO1EVS0NRF7NHURYXT1EUd1dRF
ttbURVLY1EXq2dRFg9vURR3d1EW23tRFUuDURezh1EWD49RFH+XURbbm1EVQ6NRF7OnURYPr
1EUf7dRFtu7URVDw1EXs8dRFhfPURR311EW29tRFUvjURer51EWD+9RFHf3URbj+1EVQANVF
6gHVRYUD1UUdBdVFtgbVRVAI1UXsCdVFgwvVRR0N1UW2DtVFUBDVReoR1UWDE9VFHRXVRbYW
1UVSGNVF6hnVRYMb1UUfHdVFuB7VRVAg1UXsIdVFgyPVRR0l1UW4JtVFUCjVRewp1UWFK9VF
HS3VRbgu1UVSMNVF7DHVRYMz1UUfNdVFuDbVRVA41UXqOdVFgzvVRR091UW4PtVFUEDVRepB
1UWFQ9VFHUXVRbZG1UVSSNVF7EnVRYNL1UUdTdVFuE7VRVJQ1UXqUdVFg1PVRR1V1UW2VtVF
UljVRepZ1UWDW9VFHV3VRbZe1UVSYNVF7GHVRYVj1UUdZdVFtmbVRVJo1UXuadVFhWvVRR1t
1UW2btVFUnDVRepx1UWFc9VFHXXVRbh21UVQeNVF7HnVRYV71UUdfdVFuH7VRVCA1UXqgdVF
g4PVRR+F1UW2htVFUojVReqJ1UWFi9VFH43VRbaO1UVQkNVF6pHVRYWT1UUfldVFtpbVRVKY
1UXqmdVFg5vVRR+d1UW2ntVFUqDVReqh1UWDo9VFH6XVRbim1UVQqNVF7KnVRYOr1UUdrdVF
uK7VRVKw1UXqsdVFg7PVRR211UW2ttVFUrjVReq51UWFu9VFHb3VRbi+1UVQwNVF7MHVRYXD
1UUfxdVFtsbVRVDI1UXsydVFg8vVRR/N1UW4ztVFUNDVRerR1UWD09VFHdXVRbjW1UVS2NVF
7NnVRYXb1UUd3dVFuN7VRVLg1UXs4dVFg+PVRR3l1UW25tVFUujVRerp1UWF69VFHe3VRbbu
1UVQ8NVF7PHVRYPz1UUf9dVFuPbVRVL41UXs+dVFg/vVRR/91UW2/tVFUgDWReoB1kWDA9ZF
HQXWRbYG1kVQCNZFSArWRY0L1kUfDdZFtg7WRVAQ1kXsEdZFhRPWRR0V1kW2FtZFUBjWRewZ
1kWDG9ZFHR3WRbge1kVQINZF6iHWRYUj1kUdJdZFuCbWRVAo1kXsKdZFgyvWRR8t1kW4LtZF
UDDWReox1kWDM9ZFHTXWRbg21kVSONZF6jnWRYU71kUdPdZFuD7WRVBA1kXqQdZFhUPWRR9F
1kW2RtZFUEjWRexJ1kWDS9ZFHU3WRbhO1kVQUNZF7FHWRYNT1kUdVdZFuFbWRVJY1kXqWdZF
g1vWRR1d1kW2XtZFUGDWRexh1kWDY9ZFH2XWRbhm1kVQaNZF7GnWRYNr1kUdbdZFuG7WRVBw
1kXqcdZFg3PWRR911kW4dtZFUnjWRex51kWFe9ZFHX3WRbZ+1kVQgNZF6oHWRYWD1kUdhdZF
tobWRVKI1kXsidZFhYvWRR2N1kW2jtZFUJDWReyR1kWFk9ZFHZXWRbaW1kVQmNZF7JnWRYOb
1kUdndZFuJ7WRVKg1kXqodZFg6PWRR2l1kW4ptZFUqjWReqp1kWFq9ZFHa3WRbiu1kVSsNZF
6rHWRYWz1kUdtdZFtrbWRVC41kXsudZFg7vWRR291kW2vtZFUsDWRerB1kWDw9ZFHcXWRbbG
1kVQyNZF6snWRYXL1kUdzdZFts7WRVDQ1kXq0dZFhdPWRR3V1kW21tZFUNjWRerZ1kWF29ZF
Hd3WRbje1kVS4NZF6uHWRYPj1kUd5dZFuObWRVDo1kXq6dZFg+vWRR3t1kW27tZFUPDWRezx
1kWD89ZFHfXWRbb21kVQ+NZF6vnWRYP71kUf/dZFtv7WRVAA10XqAddFgwPXRR8F10W2BtdF
UAjXReoJ10WFC9dFHw3XRbYO10VQENdF6hHXRYMT10UfFddFthbXRVAY10XsGddFgxvXRR8d
10W2HtdFUCDXReoh10WDI9dFHyXXRbYm10VQKNdF6inXRYMr10UfLddFti7XRVAw10XqMddF
gzPXRR8110W4NtdFUDjXReo510WHO9dFHz3XRbY+10VQQNdF6kHXRYVD10UdRddFtkbXRVJI
10XsSddFg0vXRR9N10W4TtdFUFDXRepR10WDU9dFHVXXRbZW10VSWNdF7FnXRYNb10UdXddF
tl7XRVJg10XsYddFg2PXRR1l10W2ZtdFUmjXRexp10WFa9dFHW3XRbZu10VQcNdF7HHXRYNz
10UddddFuHbXRVB410XqeddFg3vXRR1910W2ftdFUoDXReyB10WFg9dFHYXXRbaG10VSiNdF
7InXRYOL10UfjddFuI7XRVCQ10XskddFhZPXRR2V10W2ltdFUpjXReqZ10WDm9dFH53XRbae
10VQoNdF6qHXRYOj10UdpddFuKbXRVCo10XqqddFhavXRR2t10W2rtdFULDXReqx10WFs9dF
HbXXRbi210VQuNdF7rnXRYO710UdvddFuL7XRVLA10XqwddFhcPXRR/F10W2xtdFUsjXRerJ
10WDy9dFHc3XRbbO10VQ0NdF6tHXRYPT10Uf1ddFuNbXRVLY10Xs2ddFhdvXRR3d10W23tdF
UODXRerh10WD49dFH+XXRbbm10VQ6NdF6unXRYPr10Uf7ddFtu7XRVLw10Xq8ddFhfPXRR31
10W29tdFUvjXRez510WD+9dFHf3XRbb+10VSANhF6gHYRYUD2EUdBdhFuAbYRVII2EXsCdhF
gwvYRR0N2EW4DthFUBDYRewR2EWDE9hFHRXYRbYW2EVQGNhF7BnYRYUb2EUfHdhFth7YRVAg
2EXqIdhFgyPYRR0l2EW2JthFUCjYReop2EWFK9hFHy3YRbYu2EVSMNhF7DHYRYMz2EUdNdhF
tjbYRVI42EXsOdhFgzvYRR092EW4PthF</AssayXData><AssayYData Points="600">ETSZQP62mUCF7ZlAxSiaQE1MmkAyUZpAfXCaQGuGmkBQqppAgvOaQGn+mkD7EJtAFTSbQGkq
m0COWJtA4VibQHWkm0Cjm5tA7ZubQG7Pm0C18JtAZwmcQMDvm0A0UpxAhDecQOdbnEAdWpxA
CpecQCmxnEABvJxAxsCcQCqynEB8/pxAluOcQC8MnUBzAZ1ASGadQL5tnUDISp1AfH+dQAmv
nUBbjZ1AArqdQCCmnUAtHZ5A1SueQI/4nUDCDJ5AhjGeQPM6nkBMZ55ADnueQAeMnkD+lJ5A
QqGeQI3bnkDCwJ5AZcmeQG3tnkA6Gp9AmyOfQJdSn0A7QJ9AOjyfQIFkn0BtwZ9ANGSfQBq9
n0CX7J9AubafQJj9n0CSAaBAgAagQNYloECAWqBAiWegQNFNoEDFW6BATGWgQKd6oEDfuqBA
lrGgQOCooEAt96BAT9ygQLUCoUBKGaFAqCehQBUSoUDnMaFAHIuhQFVZoUAfYaFAUo2hQCyG
oUCTkqFAGZmhQBuzoUCsvqFA8NehQFYKokBG5KFA8yqiQE42okAnJ6JAH1GiQFJdokA7X6JA
DGqiQAy3okBdq6JAVZaiQKrMokBL46JAxeGiQLTkokCYA6NAZd+iQL8Xo0D+KaNArD+jQOZP
o0BCV6NA7mKjQPx7o0DKmaNAmomjQBiYo0AWsaNAirSjQFWio0AD86NAWv6jQBkIpEAE8KNA
bNajQP/3o0AgLKRAl0GkQCwspEDreqRAv4GkQE2FpECHhaRADoKkQG6UpEA7lKRA9KCkQDzE
pECj1KRAjNukQHbwpEC8A6VAThSlQMIDpUBuF6VAaDulQNpDpUALQKVAv2GlQC1cpUBuSqVA
wHKlQOGapUCamqVAkYWlQFG6pUD356VA8IulQKzfpUBrx6VAD8ulQFMCpkAqE6ZAcCSmQEAQ
pkAyF6ZAkjOmQEsxpkApS6ZAWVGmQAlZpkDaf6ZAWXmmQPuIpkArfaZAuXemQJSspkBIlqZA
QeGmQNKqpkAzzaZAW9umQCrJpkDQ5qZA4u2mQEHgpkBF5qZAVAinQKQxp0D2MadA7y6nQI1Q
p0BzR6dARWCnQHB3p0AZbKdAr3inQMB2p0BAeqdA2LSnQJx/p0AUladARLOnQDvgp0A686dA
rsKnQEPbp0D44KdAAx2oQB8rqEB/CahA5PKnQJofqEBhKahAETCoQJVKqEAwRKhAt1KoQMdl
qEC0a6hAyUmoQGBqqEBBmqhAeYyoQIyYqEBXmahATJCoQMipqEBdkahAjdioQGyIqED0x6hA
9dOoQAHFqEC13KhAL+ioQDPbqEAr9ahANTapQMQ0qUBA9KhAxUOpQPdHqUBiNKlARlOpQJBR
qUAJZalAZ0apQKJLqUBxX6lAZJmpQPWfqUDSdqlA7n2pQO6SqUCak6lAWZKpQDqpqUDsyqlA
qpupQKfIqUA17alAEsapQCjNqUCMAapAA/CpQOr+qUD/D6pAH+CpQJT0qUDrRKpATDKqQIAF
qkCvEapAFBWqQEgVqkDAPKpAaSmqQNYpqkBaNqpAUTyqQJs+qkA3SqpAN4CqQINrqkASfKpA
kIOqQK2XqkACkqpAMJKqQPuiqkAHlapAmJGqQLa8qkDivKpAw/qqQD2eqkB0tapA8c2qQHv9
qkCn76pA0CCrQJ7nqkCJ8KpAGOiqQAcJq0BuF6tAVxWrQN0vq0CuKqtAfBOrQDk0q0DBFKtA
bzCrQCBcq0C8MKtAgkWrQGtQq0AjZqtAmE2rQO5mq0CCb6tAVoarQM+eq0CPeKtAm3KrQKuN
q0DIiatAxYerQN2Wq0D3oqtAFcyrQJyiq0AfpqtAtbmrQGbPq0A1qatAwLyrQDfqq0Cy1qtA
vvarQBTdq0CA5qtAr9SrQFoUrEBM9atATfGrQKnyq0AT+6tAUBysQEcErEA9KqxAdiGsQNxc
rEB9MaxA5EKsQN9WrEBeB6xAZjasQLtqrEA+UqxASlasQL52rEAYZaxA+o6sQLh1rEBHiqxA
5GisQHR2rED7daxAj4OsQB+QrEAJdaxAypGsQGOIrEC8tKxATJasQDnHrEAaxqxAw6asQJ6b
rECmh6xAwO+sQM7DrEAB2axAFd+sQD34rEDmB61AzPKsQI4MrUDW9axALRitQMAPrUAE+KxA
4QKtQAQerUAcCa1AswKtQMwRrUC286xAEyutQJ0srUBoFa1AwyOtQLVnrUDuKa1AdjOtQEI/
rUBrT61Agj2tQK5JrUCvRK1A/4itQB5prUAgk61A7HCtQMaArUDwUq1AqoatQLeWrUADaq1A
xpytQDFmrUCsca1AeJ6tQM6wrUBRwK1AELitQNumrUAE4K1AbbmtQMO7rUDk0K1ANcStQJnc
rUC/zq1ASQCuQGDZrUDsw61AwvqtQEv9rUDL9K1ArvStQNYPrkAP9K1ASh2uQAcPrkDE5q1A
lRiuQIAbrkBtGa5AGTauQJkVrkBq061A6SauQMYgrkAVR65AZWauQIdOrkBKNq5AHEiuQG0t
rkAgR65AYkyuQBFNrkCNOK5ACRuuQFx8rkDQT65A1U+uQHJ1rkDEc65AVoeuQNt7rkBkWq5A
PYWuQLqYrkChp65AcZ2uQCGDrkChlK5AB7CuQO+hrkBjkq5ANNSuQLCurkBR0K5AbZ+uQIDL
rkCjza5AybuuQA6+rkCRzK5A3ayuQDvArkBN0K5A5d6uQCnbrkC7g65Ay/KuQJH0rkB10K5A
ztauQEDTrkCf065AL92uQMkQr0BlDa9AT8+uQBMLr0CbAK9AuhKvQJv/rkAUHq9AqvKuQAz7
rkCQBq9Axx+vQLBHr0A7J69AWRmvQDAdr0BSR69AwDevQFc6r0BYTa9AcUuvQIhar0CJYq9A
3DmvQEwyr0Dsba9AqVSvQPM3r0Dic69AuGmvQLVcr0DAcq9AK5avQP8wr0AdXK9A3mevQNKb
r0BPWq9ANlKvQD+Lr0AZgK9AtKSvQJCQr0Drja9AX7SvQEKfr0B4ta9AIquvQG2Tr0AQpK9A
bLqvQLarr0CPqq9AsruvQE6jr0CSyq9AFKuvQEr9r0CO3K9ANfKvQGPYr0Dj6K9AcvOvQFHC
r0AX7a9AabmvQJnXr0DO769AhM+vQAr5r0DT9q9ALvqvQEEAsEDT/69AEwuwQN8IsEDMCbBA
ofqvQFoKsEBkFbBA/R2wQLwjsEAQCLBA</AssayYData></Step><Step><CommonData><SampleLocation>1</SampleLocation><SampleID>Octet Buffer</SampleID><SampleGroup></SampleGroup><SampleInfo></SampleInfo><SampleRow>A</SampleRow><SamplePlate>1</SamplePlate><WellType>BUFFER</WellType><Concentration>-1</Concentration><ConcentrationUnits>µg/ml</ConcentrationUnits><MolarConcentration>-1</MolarConcentration><MolarConcUnits>nM</MolarConcUnits><MolecularWeight>0</MolecularWeight><Temperature>30</Temperature><StartTime>7898926</StartTime><AssayTime>100</AssayTime></CommonData><FlowRate>1000</FlowRate><StepType>BASELINE</StepType><StepName>Baseline</StepName><StepStatus>OK</StepStatus><ActualTime>100.001</ActualTime><CycleTime>0.2</CycleTime><AssayXData Points="500">UkDYRexB2EWHQ9hFH0XYRbhG2EVSSNhF7knYRYVL2EUfTdhFuE7YRVJQ2EXsUdhFhVPYRR9V
2EW4VthFVFjYRexZ2EWFW9hFH13YRbhe2EVSYNhF7GHYRYVj2EUfZdhFuGbYRVJo2EXuadhF
hWvYRSFt2EW6bthFUnDYRexx2EWFc9hFH3XYRbh22EVSeNhF7nnYRYV72EUffdhFuH7YRVKA
2EXsgdhFhYPYRR+F2EW4hthFUojYReyJ2EWFi9hFIY3YRbiO2EVSkNhF7pHYRYeT2EUhldhF
uJbYRVSY2EXsmdhFh5vYRR+d2EW4nthFVKDYRe6h2EWFo9hFIaXYRbim2EVSqNhF7KnYRYWr
2EUhrdhFuK7YRVKw2EXssdhFh7PYRR+12EW4tthFUrjYRey52EWHu9hFIb3YRbq+2EVSwNhF
7sHYRYfD2EUfxdhFusbYRVTI2EXsydhFh8vYRR/N2EW4zthFUtDYRe7R2EWF09hFIdXYRbrW
2EVU2NhF7NnYRYXb2EUh3dhFut7YRVTg2EXs4dhFhePYRR/l2EW65thFUujYRezp2EWH69hF
H+3YRbru2EVU8NhF7vHYRYXz2EUh9dhFuPbYRVT42EXs+dhFhfvYRR/92EW4/thFVADZRe4B
2UWFA9lFHwXZRbgG2UVUCNlF7AnZRYUL2UUfDdlFuA7ZRVIQ2UXsEdlFhRPZRR8V2UW6FtlF
UhjZRewZ2UWHG9lFHx3ZRbge2UVSINlF7iHZRYUj2UUfJdlFuCbZRVIo2UXuKdlFhSvZRSEt
2UW6LtlFUjDZRewx2UWFM9lFITXZRbo22UVSONlF7jnZRYU72UUhPdlFuD7ZRVRA2UXsQdlF
hUPZRR9F2UW4RtlFUkjZRe5J2UWFS9lFH03ZRbhO2UVSUNlF7lHZRYVT2UUfVdlFuFbZRVJY
2UXsWdlFhVvZRSFd2UW4XtlFUmDZRe5h2UWHY9lFH2XZRbpm2UVSaNlF7GnZRYdr2UUhbdlF
uG7ZRVJw2UXscdlFh3PZRSF12UW6dtlFUnjZRex52UWHe9lFH33ZRbp+2UVSgNlF7oHZRYeD
2UUfhdlFuIbZRVSI2UXsidlFhYvZRSGN2UW4jtlFUpDZRe6R2UWFk9lFIZXZRbiW2UVSmNlF
7JnZRYWb2UUfndlFuJ7ZRVKg2UXsodlFhaPZRR+l2UW6ptlFUqjZRe6p2UWHq9lFH63ZRbqu
2UVUsNlF7LHZRYez2UUhtdlFuLbZRVK42UXsudlFh7vZRR+92UW4vtlFUsDZRezB2UWFw9lF
H8XZRbrG2UVUyNlFNcrZRYfL2UUfzdlFus7ZRVLQ2UXs0dlFhdPZRR/V2UW61tlFUtjZRezZ
2UWF29lFId3ZRbje2UVS4NlF7uHZRYfj2UUf5dlFuubZRVLo2UXs6dlFh+vZRR/t2UW47tlF
UvDZRezx2UWF89lFIfXZRbj22UVS+NlF7PnZRYX72UUh/dlFuP7ZRVQA2kXsAdpFhwPaRSEF
2kW4BtpFUgjaRewJ2kWHC9pFHw3aRbgO2kVSENpF7BHaRYcT2kUfFdpFuhbaRVQY2kXuGdpF
hxvaRR8d2kW4HtpFUiDaRewh2kWFI9pFISXaRbgm2kVUKNpF7inaRYUr2kUfLdpFui7aRVIw
2kXsMdpFhTPaRR812kW6NtpFUjjaRew52kWFO9pFIT3aRbg+2kVUQNpF7EHaRYdD2kUfRdpF
ukbaRVRI2kXsSdpFhUvaRR9N2kW4TtpFVFDaRexR2kWFU9pFH1XaRbpW2kVUWNpF7FnaRYdb
2kUhXdpFuF7aRVRg2kXsYdpFh2PaRR9l2kW4ZtpFUmjaRe5p2kWHa9pFH23aRbpu2kVScNpF
7HHaRYVz2kUfddpFunbaRVJ42kXsedpFhXvaRR992kW4ftpFUoDaReyB2kWFg9pFIYXaRbqG
2kVUiNpF7onaRYeL2kUfjdpFuo7aRVSQ2kXukdpFh5PaRR+V2kW6ltpFUpjaReyZ2kWHm9pF
H53aRbie2kVSoNpF7KHaRYWj2kUfpdpFuKbaRVKo2kXsqdpFhavaRR+t2kW6rtpFUrDaRe6x
2kWHs9pFIbXaRbi22kVUuNpF7LnaRYW72kUfvdpFuL7aRVLA2kXswdpFhcPaRR/F2kW6xtpF
VMjaRezJ2kWHy9pFIc3aRbjO2kVS0NpF7NHaRYfT2kUf1dpFuNbaRVLY2kXu2dpFh9vaRR/d
2kW63tpFUuDaRezh2kWF49pFH+XaRbjm2kVS6NpF7OnaRYXr2kUh7dpFuu7aRVLw2kXs8dpF
hfPaRR/12kW69tpFUvjaRez52kWF+9pFH/3aRbr+2kVSANtF7AHbRYUD20UhBdtFuAbbRVII
20XsCdtFhQvbRSEN20W4DttFVBDbRewR20WHE9tFIRXbRbgW20VSGNtF7BnbRYcb20UfHdtF
uB7bRVIg20XuIdtFhSPbRR8l20W4JttFVCjbRewp20WFK9tFIS3bRbgu20VSMNtF7jHbRYcz
20UfNdtFuDbbRVQ420XsOdtFhzvbRSE920W6PttFUkDbRexB20WHQ9tFH0XbRbpG20VUSNtF
7EnbRYdL20UfTdtFuk7bRVRQ20XuUdtFh1PbRR9V20W6VttFUljbRexZ20WFW9tFIV3bRbpe
20U=</AssayXData><AssayYData Points="500">rHCvQKjar0CBdq9AUr+vQKj3r0ANzq9AB+CvQJzkr0CC9K9AHfGvQD0HsECT6a9AsfyvQAAR
sEAp7q9AVwiwQPIFsEBeCLBAzhOwQKwdsEBeMbBAxvyvQCQIsEC6GLBAOCawQN37r0DBHrBA
aCKwQN0qsEDwRLBAMxewQJAisEADF7BAmhuwQEwssECZI7BA8SqwQKQYsEA6M7BAtTWwQGgH
sEAGLbBAZh+wQOQXsEC4JrBAJ1WwQIAtsEAFN7BAvDWwQO5FsEDRPrBAkzKwQCFUsEDvPrBA
BXCwQB5IsECqLbBAWU+wQKVusEA2Q7BA1iywQIFjsECHNLBAJWywQNtgsECoMrBAO0SwQDg4
sEBPQLBAMXCwQHJdsEC1SbBAiSCwQABpsEBAMrBAU0mwQItIsECZVrBAA0ewQNBpsED5dbBA
RmOwQHI0sEBcZbBAWDqwQNFGsECMj7BA1mGwQHRhsEAJrLBAjl6wQNQhsEAIQrBAJGCwQMdp
sEA0LrBAJ4WwQG9XsEC6gLBAvpawQNdSsEAxXrBA7luwQCZdsEDTIrBAM2qwQMNfsEB2MrBA
c4qwQE96sEAkbLBAjGKwQF9/sEA8XLBA4GmwQPeksECsXbBA54SwQAxisEB2drBAYX2wQISH
sEB0frBAPF+wQCV6sECkhbBAAEWwQLmEsECoZLBAUmawQBd5sECGg7BABnywQB5dsEBDh7BA
4oiwQL5KsECCdbBAp5WwQIFnsEB7drBAfIewQGBWsEDqjrBAfqewQOuXsEAtYrBAFpmwQJRn
sEBQl7BAxJiwQFuXsEA9tbBAm3mwQBODsECif7BAxK6wQIh7sEDVl7BAMJWwQAuksEALmLBA
w7GwQNKfsED7ibBAW3GwQGWwsEDPkrBAD5awQEuNsED2q7BACKKwQIeQsECVrbBA5HWwQAGX
sEA0lLBA2XiwQGrIsECwqbBAqYGwQCOosEBJm7BA6ZuwQHqPsEBErLBAVoWwQLOjsED0n7BA
x6ewQKCesEDptrBAG7CwQKiwsEAkgbBA0uawQGB/sECEqrBA0MuwQIuysECajrBAcq2wQC28
sEAunbBAuKewQEuXsEDNqrBA94mwQOy/sEABvbBANZuwQLvAsEATorBAB8GwQPS/sEDpo7BA
UKKwQCTCsEBJwLBAYY2wQO7vsEC7qbBAHKCwQAa+sECEw7BAR6CwQFqnsEAo6rBAGqawQAvU
sEAq5bBAXJiwQO3ksECvsrBA+tWwQK3AsEBszrBAPb6wQByssEDY0rBAk9mwQM+ssEDqvLBA
OQyxQEOXsEA0uLBA/eqwQCHGsECO2rBAn96wQLbIsEAHsLBAEP6wQBnksEDfwrBAH8+wQFCv
sED0wLBAQbewQOXFsECnu7BA58+wQA4AsUBrwLBALuewQJDpsECVybBAns2wQFDWsEAmsLBA
4suwQOi4sEDOvrBAus+wQPzCsEBA9rBArrewQPHDsEAYBbFAm9iwQFPgsEAWArFAzsSwQBXk
sEDc8rBAFZiwQKrPsEDb5rBAuQyxQMbpsEB87rBAGuuwQLHssEBs6LBAquWwQDbgsEDSAbFA
nfGwQH3BsEAT7bBAZuywQDDysEA36LBAuAuxQN4EsUAz2LBAjAGxQPzqsED42bBA3jexQDsX
sUAH67BAzdmwQDT/sEDx5bBAGgKxQGESsUBA/LBABu2wQBkxsUAdGrFAyvywQCACsUCaDLFA
pQWxQEzQsECgNbFA59iwQCIEsUDk+7BA6uSwQPkWsUCIDLFABP2wQOPgsEAMBbFACfWwQLIP
sUB1BbFAvNiwQBT9sEAFJbFAThCxQLIdsUDD+7BAnf6wQA3ksECNObFAzAixQOcPsUDb7LBA
rxaxQEQIsUBqIrFAnRKxQB/qsEBUCrFApQ2xQOkSsUD5/bBAVQ+xQD0MsUC2DbFADSSxQFb5
sECfALFAASKxQOwvsUCMGrFAoRqxQLUQsUBCHbFAFxmxQGAMsUDy67BAaeOwQOYusUAhGLFA
bw+xQFQzsUBj87BAUROxQJkqsUALJrFAOfGwQKsAsUD2IbFA3wWxQJQgsUCgLLFAkSmxQDbd
sEDhMbFArhSxQCUSsUDkI7FAVUGxQGcpsUDxKrFAQyCxQOL6sEC1RbFAuzGxQFX9sEA3GrFA
fxCxQKY4sUCNNbFAQhmxQF0lsUBsF7FAziSxQIEusUBvDrFAZD+xQHdKsUDPG7FAZe6wQFc6
sUAgIbFAjSOxQKwasUCdH7FAyEuxQK1DsUA+JbFA+AmxQJlAsUA6KbFABgWxQMA2sUB3XbFA
ei6xQHwZsUAlYLFAvS2xQKEzsUBvUrFAbzKxQK4tsUCXK7FA6kSxQMdNsUACJLFARCexQBgm
sUCpUrFA+DGxQDRPsUBLPLFAkUyxQERDsUAyM7FADmCxQMxAsUDEGLFAPWOxQF5FsUC6Z7FA
0GSxQElbsUCCWrFAllyxQHwhsUA9SLFAlHGxQH1WsUBqL7FAe2axQIxesUCRP7FAglSxQJBl
sUAlNLFAmHexQK9VsUDKNbFAS0qxQNZfsUB6P7FArxyxQIJfsUDuVrFAcSixQGdcsUAxT7FA
rimxQN83sUCXa7FAa3OxQP9EsUBjdrFAAEOxQBhgsUAeW7FAOluxQAlPsUCFa7FALmmxQHdk
sUA=</AssayYData></Step><Step><CommonData><SampleLocation>2</SampleLocation><SampleID>hsCD3d/e_Acro_CDD-H52W1</SampleID><SampleGroup></SampleGroup><SampleInfo></SampleInfo><SampleRow>A</SampleRow><SamplePlate>1</SamplePlate><WellType>KSAMPLE</WellType><Concentration>-1</Concentration><ConcentrationUnits>µg/ml</ConcentrationUnits><MolarConcentration>200</MolarConcentration><MolarConcUnits>nM</MolarConcUnits><MolecularWeight>0</MolecularWeight><Temperature>30</Temperature><StartTime>8007046</StartTime><AssayTime>180</AssayTime></CommonData><FlowRate>1000</FlowRate><StepType>ASSOC</StepType><StepName>Association</StepName><StepStatus>OK</StepStatus><ActualTime>179.999</ActualTime><CycleTime>0.2</CycleTime><AssayXData Points="900">VmDbRe5h20WJY9tFIWXbRbpm20VUaNtF7mnbRYlr20UhbdtFum7bRY9w20XucdtFiXPbRSF1
20W8dttFWHjbRfB520WJe9tFI33bRbx+20VWgNtF8IHbRYeD20UhhdtFvIbbRVaI20XuidtF
h4vbRSGN20W8jttFVpDbRe6R20WJk9tFI5XbRbyW20VWmNtF8JnbRYmb20UhndtFup7bRVSg
20XwodtFh6PbRSOl20W6pttFVKjbRe6p20WJq9tFIa3bRbqu20VWsNtF7rHbRYmz20UjtdtF
urbbRVS420XuudtFibvbRSG920W8vttFVMDbRfDB20WHw9tFIcXbRbrG20VWyNtF7snbRYnL
20UhzdtFus7bRVTQ20Xw0dtFidPbRSHV20W81ttFVtjbRfDZ20WH29tFId3bRbze20VW4NtF
7uHbRYfj20Uj5dtFuubbRVTo20Xu6dtFh+vbRSHt20W67ttFVPDbRe7x20WH89tFI/XbRbz2
20VU+NtF8PnbRYn720Uh/dtFuv7bRVYA3EXuAdxFhwPcRSEF3EW6BtxFVgjcRe4J3EWJC9xF
IQ3cRboO3EV5ENxF7hHcRYcT3EUhFdxFvBbcRVQY3EXuGdxFhxvcRSMd3EW6HtxFVCDcRe4h
3EWHI9xFISXcRbom3EVUKNxF8CncRYcr3EUjLdxFui7cRVYw3EXuMdxFhzPcRSM13EW8NtxF
VjjcRfA53EWHO9xFIz3cRbw+3EVWQNxF8EHcRYlD3EUhRdxFukbcRVRI3EXuSdxFiUvcRSFN
3EW8TtxFVFDcRe5R3EWHU9xFI1XcRbpW3EVUWNxF7lncRYdb3EUjXdxFul7cRVZg3EXwYdxF
h2PcRSFl3EW6ZtxFVmjcRe5p3EWJa9xFI23cRbpu3EVUcNxF7nHcRYdz3EUhddxFvHbcRVR4
3EXwedxFh3vcRSN93EW6ftxFVIDcRfCB3EWJg9xFI4XcRbyG3EVUiNxF8IncRYmL3EUhjdxF
uo7cRVSQ3EXukdxFh5PcRSGV3EW8ltxFVJjcRe6Z3EWJm9xFIZ3cRbqe3EVWoNxF7qHcRYej
3EUjpdxFuqbcRVSo3EXuqdxFh6vcRSOt3EW6rtxFqLDcRe6x3EWHs9xFI7XcRbq23EVWuNxF
7rncRYe73EUhvdxFur7cRVTA3EXuwdxFh8PcRSPF3EW8xtxFVMjcRe7J3EWJy9xFIc3cRbrO
3EVU0NxF7tHcRYfT3EUh1dxFutbcRVTY3EXu2dxFh9vcRSHd3EW63txFVuDcRe7h3EWH49xF
IeXcRbrm3EVW6NxF7uncRYfr3EUj7dxFuu7cRVTw3EXu8dxFifPcRSH13EW69txFVvjcRfD5
3EWH+9xFIf3cRbr+3EVUAN1F7gHdRYcD3UUhBd1FugbdRVQI3UXwCd1FhwvdRSMN3UW6Dt1F
VBDdRfAR3UWJE91FIxXdRboW3UVUGN1F7hndRYcb3UUjHd1Fuh7dRVQg3UXwId1FhyPdRSMl
3UW6Jt1FVCjdRe4p3UWHK91FIy3dRbou3UVWMN1F8DHdRYcz3UUhNd1FujbdRVY43UXwOd1F
hzvdRSM93UW6Pt1FVEDdRfBB3UWHQ91FIUXdRbxG3UVUSN1F8EndRYdL3UUhTd1FvE7dRZNQ
3UXuUd1FiVPdRSFV3UW6Vt1FVFjdRe5Z3UWHW91FI13dRbxe3UVUYN1F8GHdRYlj3UUjZd1F
vGbdRVZo3UXuad1Fh2vdRSNt3UW6bt1FVHDdRfBx3UWHc91FI3XdRbx23UVUeN1F7nndRYl7
3UUjfd1Fun7dRVaA3UXugd1Fh4PdRSGF3UW8ht1FVojdRe6J3UWHi91FIY3dRbqO3UVUkN1F
8JHdRYeT3UUjld1FupbdRVSY3UXumd1Fh5vdRSGd3UW8nt1FVKDdRe6h3UWJo91FIaXdRbqm
3UVWqN1F7qndRYmr3UUhrd1Fuq7dRVSw3UXusd1FibPdRSG13UW6tt1FVLjdRe653UWHu91F
Ib3dRby+3UVUwN1F8MHdRYfD3UUhxd1FusbdRVbI3UXwyd1FicvdRSPN3UW8zt1FVNDdRe7R
3UWH091FIdXdRbrW3UVW2N1F7tndRYnb3UUj3d1Fut7dRVTg3UXw4d1Fh+PdRSHl3UW65t1F
VOjdRe7p3UWH691FIe3dRbru3UV98N1F7vHdRYnz3UUh9d1FvPbdRVb43UXu+d1FifvdRSH9
3UW8/t1FVADeRfAB3kWHA95FIQXeRbwG3kVWCN5F7gneRYcL3kUhDd5Fug7eRVQQ3kXwEd5F
iRPeRSEV3kW6Ft5FVhjeRfAZ3kWHG95FIR3eRboe3kVWIN5F8CHeRYkj3kUhJd5FvCbeRVQo
3kXuKd5FiSveRSEt3kW6Lt5FVjDeRe4x3kWHM95FITXeRbw23kVWON5F7jneRYc73kUhPd5F
uj7eRVRA3kXuQd5Fh0PeRSFF3kW6Rt5FVEjeRfBJ3kWHS95FIU3eRbpO3kVUUN5F8FHeRYdT
3kUhVd5FvlbeRVRY3kXuWd5Fh1veRSFd3kW6Xt5FVGDeRfBh3kWHY95FIWXeRbpm3kVWaN5F
8mneRYdr3kUhbd5Fum7eRVZw3kXucd5Fh3PeRSF13kW6dt5FVnjeRe553kWHe95FI33eRbp+
3kVWgN5F8IHeRYmD3kUhhd5FuobeRVSI3kXuid5Fh4veRSON3kW6jt5FaJDeRe6R3kWHk95F
IZXeRbyW3kVWmN5F7pneRYeb3kUhnd5FvJ7eRVag3kXwod5Fh6PeRSGl3kW6pt5FVqjeRfCp
3kWJq95FI63eRbyu3kVWsN5F7rHeRYez3kUhtd5FvLbeRVS43kXuud5Fh7veRSO93kW8vt5F
VMDeRfDB3kWHw95FIcXeRbrG3kVUyN5F7sneRYnL3kUjzd5Fus7eRVTQ3kXw0d5FidPeRSHV
3kW81t5FVNjeRfDZ3kWH295FId3eRbre3kVW4N5F7uHeRYfj3kUh5d5FuubeRVTo3kXy6d5F
ieveRSPt3kW67t5FVPDeRe7x3kWH895FIfXeRbr23kVW+N5F8PneRYn73kUh/d5FvP7eRVQA
30XuAd9FhwPfRSMF30W8Bt9FVgjfRe4J30WHC99FIQ3fRbwO30VUEN9F8BHfRYkT30UjFd9F
uhbfRVYY30XwGd9FhxvfRSMd30W6Ht9FVCDfRe4h30WJI99FIyXfRbom30VUKN9F7infRYcr
30UjLd9FvC7fRZYw30XuMd9FiTPfRSE130W6Nt9FVDjfRe4530WHO99FIz3fRbo+30VUQN9F
7kHfRYdD30UhRd9FukbfRVRI30XwSd9Fh0vfRSFN30W6Tt9FVlDfRfBR30WJU99FIVXfRbpW
30VWWN9F8FnfRYlb30UhXd9Ful7fRVRg30XuYd9FiWPfRSFl30W8Zt9FVmjfRe5p30WJa99F
IW3fRbxu30VUcN9F7nHfRYdz30Ujdd9FunbfRVR430Xwed9FiXvfRSF930W6ft9FVIDfRe6B
30WHg99FI4XfRbqG30VWiN9F7onfRYeL30Uhjd9Fuo7fRVaQ30Xwkd9Fh5PfRSGV30W6lt9F
VpjfRe6Z30WHm99FIZ3fRbye30VUoN9F7qHfRYej30Uhpd9FuqbfRVSo30Xuqd9FiavfRSGt
30W6rt9FVrDfRfCx30WJs99FIbXfRby230VWuN9F7rnfRYe730Uhvd9FvL7fRVTA30Xuwd9F
h8PfRSHF30W6xt9FVsjfRe7J30WHy99FIc3fRbrO30V/0N9F7tHfRYnT30Uj1d9FutbfRVbY
30Xu2d9FidvfRSHd30W63t9FVODfRe7h30WJ499FIeXfRbrm30VU6N9F7unfRYfr30Uh7d9F
uu7fRVbw30Xw8d9Fh/PfRSP130W69t9FVPjfRe7530WH+99FIf3fRbr+30VUAOBF8AHgRYkD
4EUhBeBFugbgRVYI4EXuCeBFhwvgRSEN4EW6DuBFVhDgRe4R4EWHE+BFIxXgRboW4EVUGOBF
7hngRYkb4EUhHeBFuh7gRVYg4EXuIeBFiSPgRSMl4EW6JuBFVijgRe4p4EWJK+BFIS3gRbou
4EVUMOBF8DHgRYcz4EUhNeBFvDbgRVY44EXwOeBFhzvgRSE94EW6PuBFVEDgRe5B4EWHQ+BF
IUXgRbpG4EVUSOBF8EngRYdL4EUhTeBFuk7gRVRQ4EXwUeBFh1PgRSNV4EW6VuBFVljgRe5Z
4EWHW+BFIV3gRbxe4EVWYOBF7mHgRYlj4EUhZeBFumbgRVZo4EXwaeBFh2vgRSNt4EW6buBF
a3DgRfBx4EWHc+BFIXXgRbx24EVWeOBF7nngRYl74EUjfeBFun7gRVaA4EXugeBFiYPgRSOF
4EW6huBFVIjgRfCJ4EWHi+BFI43gRbqO4EVWkOBF8JHgRYmT4EUhleBFupbgRVSY4EXumeBF
h5vgRSOd4EW6nuBFVKDgRfCh4EWHo+BFIaXgRbym4EVUqOBF7qngRYer4EUjreBFuq7gRVaw
4EXuseBFh7PgRSO14EW8tuBFVrjgRfC54EWHu+BFIb3gRbq+4EVWwOBF7sHgRYfD4EUhxeBF
vMbgRVTI4EXuyeBFh8vgRSHN4EW6zuBFVtDgRfDR4EWJ0+BFIdXgRbzW4EVU2OBF7tngRYfb
4EUh3eBFut7gRVTg4EXu4eBFh+PgRSHl4EW65uBFVOjgRe7p4EWJ6+BFI+3gRbru4EVW8OBF
7vHgRYnz4EUh9eBFuvbgRVT44EXu+eBFh/vgRSP94EW6/uBF</AssayXData><AssayYData Points="900">Zm2wQNnVsEBLTLFA8muxQGN2sUAYvbFAK8qxQODKsUAf67FA5vGxQOoBskBe+7FA3SmyQOwb
skCRD7JAETWyQBIkskB+O7JAHWGyQDl0skCSQbJAe2iyQBR4skBLbLJA2Y2yQNlnskCEeLJA
hIKyQAGTskCXqLJAMqWyQOu7skCkyLJAnbyyQKG0skCtyrJATJWyQM3jskBQ77JA8tayQOMH
s0C72LJAPfqyQBUOs0AO4bJAfe6yQOT2skDKKbNAaS+zQCops0BCNLNAqx6zQC4Ys0CgLLNA
whSzQMxNs0BuL7NAtDazQKkws0BRW7NAn1GzQFY6s0B0b7NAMoGzQCJxs0BFULNAOmizQDNJ
s0CRYLNAR46zQN+Ps0AbP7NAEX6zQIOrs0AIerNAmZqzQHZ6s0BFarNAdKGzQJG0s0CRirNA
Y6mzQDG9s0BCjbNAObuzQDWis0Ae4bNAxbKzQIq6s0Ba0rNACsKzQMLSs0Cy1LNAN8uzQMXn
s0DFzrNAvdazQDjrs0DSHbRAguyzQLn/s0B19LNAt9mzQOr+s0AnCbRAteKzQMnus0DeB7RA
/gS0QEz5s0BLJbRAXwC0QKgatEA4OrRAwi60QOX+s0CQLLRAIjS0QPEmtEA7T7RAjki0QIsG
tEDGMLRA5Ca0QFk1tEBqIbRAPC60QI9StEDkOLRAFVG0QAdGtEBSGbRATEG0QAxktEDKIbRA
JGC0QDtItECuR7RA9jy0QBtUtEAxLrRAP3m0QDdQtEDvSLRA5Ge0QGdctEBbebRAmFG0QLWA
tEA3jLRAD2q0QMyatEDtgbRAlGS0QJt3tEAHgLRAsFq0QHNZtEBycbRAjp20QECDtEBUdbRA
ZGy0QDV4tEAIn7RAn3q0QLGitEDpirRATIe0QIp+tECUqrRA9oy0QO+etEA1q7RAyLK0QCOp
tEDborRAiam0QMqftEAVjrRAM7+0QNK2tEBepLRAc5W0QGyntEDVrLRA5ra0QEvBtEC0lrRA
VtC0QKDKtEALp7RAQt20QCHAtEAF47RAmbS0QNCltEBo5bRAg+q0QMrYtEASrLRA1MG0QBwB
tUA647RAzNi0QMPUtEDn6bRAjAC1QKbotEB5uLRAcue0QIrotEDN+LRAZcC0QAHVtEDSHLVA
8PC0QErPtECq1bRAZ/q0QHDytEDe57RA7OS0QADmtECI+bRAgeq0QO3rtEBJ/LRAogC1QKbq
tECS5rRApu60QFzrtEAx5bRAPB61QN/MtEB9LrVANfq0QJQKtUB7/rRAD9q0QFMNtUDk+rRA
zy21QMgvtUAP/bRAjAC1QKAYtUCr4rRAEiy1QDAStUA77rRAhRO1QDgntUAWH7VAwxC1QGYU
tUA6G7VA9Tm1QBgdtUCYG7VAMCO1QAUMtUDnDLVA3T61QAMitUAbJ7VAxgC1QL4ctUD2OLVA
rj61QJ0htUDOIrVA7Si1QFIhtUAVT7VA/Ca1QIEftUANGLVA9DC1QAMWtUC3PLVAQiS1QOU6
tUBPObVAtC21QDUutUChKrVA1jO1QB4ztUD5SbVAGzW1QEkstUBoUrVAvyO1QAlDtUACUbVA
TEq1QOd6tUBCWLVALlq1QHsZtUCwQ7VAVEi1QPs1tUAfcLVAlkm1QLVMtUB5OrVAi0O1QO5K
tUA7OLVA6UW1QHp0tUCCUbVAfFe1QN4ptUB3arVAr2S1QOY2tUBUT7VA7Uq1QF1rtUBlTbVA
XGS1QC8otUDHYrVAhl21QEButUAoiLVAt021QKFgtUBFXbVASWW1QKY6tUCfWLVA2FG1QMpy
tUBVP7VAD1y1QDWJtUA8V7VABGy1QJNftUCxabVAQXm1QJRHtUBYTbVAmYi1QLN1tUCxk7VA
b3G1QN5+tUCPjbVAKW61QG9LtUAGVbVANnq1QDdftUByfbVA02a1QBB1tUDrf7VA95K1QIeL
tUDmbbVAzn61QCeCtUBLhrVAkm+1QDJDtUBuVLVA4Wm1QNOHtUCbVbVAnoK1QNqGtUDKmrVA
G3W1QLGItUCHcLVAGYm1QKZltUDujbVADZ+1QHSHtUDWdLVAb5G1QDhptUBel7VAOoa1QBuK
tUDmdbVAzJC1QAyltUAZk7VANqG1QKOQtUAsbrVAUou1QBt1tUAso7VAhY61QA2ktUCMj7VA
Jaq1QE+etUAxn7VAw421QAGKtUCFf7VAJa61QOOgtUCMc7VAopW1QPCWtUBws7VACIW1QLKQ
tUCPqrVAvJK1QBigtUCmo7VAppy1QNeYtUDPobVAB7y1QN9vtUA1hrVArby1QHF/tUA6n7VA
cYO1QBiPtUBOprVASZa1QEvGtUALz7VAXZ21QLiltUBChLVAVp21QNqTtUALq7VA45q1QOmu
tUA3p7VAhbW1QK2etUBgo7VAsJu1QICktUD3zrVAe5O1QPS6tUDN1LVA8MS1QFm9tUDcwLVA
CMO1QKGxtUDIxbVAbMC1QM2XtUAQ0rVAALO1QMGdtUADuLVAU5S1QIG2tUDcsLVAJr+1QFOy
tUBv2LVAEc21QFrMtUAWyLVA8Li1QMW6tUAM4LVA5cC1QMqstUAnv7VAlsC1QNDUtUA0s7VA
9vu1QFmrtUCmt7VAbNC1QLzZtUCY5rVAq+C1QDPmtUDOrbVAqdy1QDamtUCb0rVAeN21QGfB
tUD5x7VANr61QE/qtUDz47VAFcC1QDb2tUDA4LVAVuq1QI7StUBb47VAu9y1QD3etUCqvrVA
0++1QCvXtUCz0LVAdPa1QJfJtUAhurVA3+u1QMTVtUCYybVAluC1QMW8tUBp4bVA5Ni1QArO
tUBw1bVADuW1QDnatUD40bVAPdW1QLLYtUClz7VAl/K1QKLStUBu8rVAQPC1QMTXtUBisrVA
j921QNLVtUCIwLVA9hW2QBjbtUCmvLVAXvu1QPD1tUDw2bVAwvC1QFH/tUBG4rVAzM+1QK7e
tUDhy7VAi+G1QNbntUCZ3rVAiAq2QCHztUAwzrVAIfm1QF/etUCy37VAmuy1QDrstUDT97VA
jeS1QH0HtkA19bVAO+S1QFYNtkCw9rVAG/21QIPJtUBzEbZA2eW1QAsKtkClDbZAxhy2QFv0
tUBi7bVAjdq1QMTwtUDiy7VAdiC2QJYNtkAq+LVAdAe2QHP9tUCP9LVAzt+1QBbxtUCn8LVA
LPW1QLQntkBH+LVA6wq2QIPntUD27bVAyv21QLn0tUAvG7ZAY9u1QLPvtUBuA7ZAHua1QMwd
tkC23LVA/Qe2QNEAtkC55bVApxq2QGkftkAWEbZAbNi1QDQetkAq8rVAYAC2QIfttUDW+LVA
jf+1QAghtkBFBrZAqgW2QPLetUD7GrZAwva1QAP+tUDAM7ZAl/O1QAALtkDz+rVAKxm2QAgR
tkB6JrZAGBS2QBTqtUBsE7ZAf+m1QE4etkDaDbZAfRe2QO5KtkCdD7ZARg+2QBYOtkDiF7ZA
Gx+2QCUntkAyG7ZAthm2QLIctkAgJLZAKAy2QP4etkBsCrZA/SW2QPYUtkC0MbZAQBy2QCoU
tkDIH7ZAKPy1QPgEtkCRArZAMg62QKAntkDdJ7ZA4Bm2QIoVtkCGKLZASu+1QHkutkCII7ZA
Eh62QDg/tkB9GrZA/C22QNENtkDjJLZA1jG2QOMutkARFLZAKkS2QJwttkB/HLZAqDm2QA0J
tkAxCrZA5DS2QEAytkDQMbZARTW2QB5DtkBAHrZAxiO2QDEdtkDQG7ZAuB+2QHL3tUA6FrZA
S1q2QGRitkAlELZA9ia2QD8ltkAlKLZACRO2QPwctkCwL7ZAgBi2QLJOtkAjMLZA8BC2QCAW
tkDdTbZAKRe2QDMXtkCML7ZAoSi2QA5OtkBlKrZAdAW2QNZVtkCEGLZAwCS2QDBItkBLFLZA
PhC2QMcVtkAcFLZAczS2QG0jtkBkOLZAUVa2QG0ftkBMKrZA0Tu2QBIStkASObZAlkm2QM0k
tkDs9bVABya2QPxptkBMSrZA40K2QF0PtkDDIbZAoD22QIAhtkAwIrZABCi2QDsxtkBLL7ZA
gCC2QItAtkDFErZA+VG2QLgwtkClNrZACiS2QF1jtkDCR7ZA4Ve2QAxAtkBZVrZARC+2QLw+
tkA7UrZAkzK2QI9MtkDTc7ZA20i2QFdAtkCNQ7ZA0km2QE0ntkCWSLZAEDS2QOhHtkDJVLZA
HkW2QIpUtkATTbZAKku2QPcTtkC0NLZAJlG2QBAqtkD2VLZAdTy2QJMWtkDHH7ZAMU22QFhD
tkBcRrZAEze2QP08tkB/KbZAdze2QNQZtkABKLZAz0y2QLdutkCFWLZAdjC2QIVNtkAnKbZA
1FS2QK1LtkAPPbZA3ES2QDw6tkBJKrZAT2S2QFdytkDvNbZA1Tu2QFdhtkCyR7ZApkm2QDBD
tkAaTbZAkF62QG1RtkBqUbZAwVG2QFFFtkBeRrZAVWW2QClktkCGXrZAkHm2QAJEtkBbNbZA
Bmm2QLZLtkDzarZA60i2QIBGtkBMRbZAYFO2QMJatkDOQ7ZAk0a2QCBVtkCqX7ZAGmO2QNBL
tkAcWbZAo0m2QI59tkCrQbZAujC2QItqtkAvT7ZA8X22QMxatkAXa7ZAO3m2QJiLtkBJbLZA
Rl+2QIhYtkA+QbZAq1S2QMtUtkAAVLZANF22QE1HtkCDSrZA50m2QA9NtkAZZbZA71e2QANN
tkD1PLZAZI22QMBTtkDEerZAK0q2QJ5OtkCke7ZAnHS2QAZ8tkD6WbZAjWS2QIlotkBQPbZA
mHq2QHlatkBWUrZA33G2QE1ftkDoUrZASIy2QD1itkDtXrZA</AssayYData></Step><Step><CommonData><SampleLocation>1</SampleLocation><SampleID>Octet Buffer</SampleID><SampleGroup></SampleGroup><SampleInfo></SampleInfo><SampleRow>A</SampleRow><SamplePlate>1</SamplePlate><WellType>BUFFER</WellType><Concentration>-1</Concentration><ConcentrationUnits>µg/ml</ConcentrationUnits><MolarConcentration>-1</MolarConcentration><MolarConcUnits>nM</MolarConcUnits><MolecularWeight>0</MolecularWeight><Temperature>30</Temperature><StartTime>8195114</StartTime><AssayTime>300</AssayTime></CommonData><FlowRate>1000</FlowRate><StepType>DISASSOC</StepType><StepName>Dissociation</StepName><StepStatus>OK</StepStatus><ActualTime>300.001</ActualTime><CycleTime>0.2</CycleTime><AssayXData Points="1500">VADhRe4B4UWHA+FFIwXhRbwG4UVUCOFF8AnhRYcL4UUhDeFFvA7hRVQQ4UXwEeFFiRPhRSEV
4UW6FuFFVBjhRe4Z4UWHG+FFIx3hRboe4UVWIOFF7iHhRYcj4UUhJeFFuibhRVQo4UXuKeFF
iSvhRSMt4UW8LuFFVDDhRfAx4UWHM+FFITXhRbo24UVWOOFF7jnhRYc74UUjPeFFvD7hRVZA
4UXuQeFFh0PhRSNF4UW8RuFFVEjhRe5J4UWHS+FFIU3hRbpO4UVWUOFF7lHhRYdT4UUjVeFF
vFbhRVZY4UXwWeFFh1vhRSNd4UW6XuFFVGDhRe5h4UWHY+FFIWXhRbpm4UVWaOFF7mnhRYdr
4UUhbeFFvG7hRVZw4UXwceFFh3PhRSN14UW6duFFVnjhRe554UWJe+FFI33hRbp+4UVUgOFF
7oHhRYmD4UUjheFFvIbhRVSI4UXuieFFiYvhRSGN4UW8juFFVpDhRe6R4UWHk+FFIZXhRbyW
4UVUmOFF8JnhRYeb4UUhneFFvJ7hRVag4UXwoeFFh6PhRSOl4UW8puFFVqjhRe6p4UWHq+FF
I63hRbqu4UVUsOFF7rHhRYmz4UUjteFFurbhRVS44UXwueFFh7vhRSG94UW8vuFFVsDhRe7B
4UWJw+FFIcXhRbrG4UVUyOFF7snhRYnL4UUhzeFFvM7hRVbQ4UXw0eFFidPhRSHV4UW81uFF
VNjhRe7Z4UWJ2+FFId3hRbre4UVU4OFF8OHhRYfj4UUj5eFFvObhRVTo4UXu6eFFh+vhRSPt
4UW67uFFVPDhRfDx4UWH8+FFIfXhRbr24UVW+OFF7vnhRYf74UUh/eFFuv7hRVQA4kXuAeJF
hwPiRSMF4kW6BuJFVAjiRe4J4kWJC+JFIw3iRboO4kVWEOJF7hHiRYcT4kUhFeJFvBbiRVYY
4kXwGeJFhxviRSEd4kW6HuJFViDiRe4h4kWJI+JFISXiRbwm4kVWKOJF8iniRYcr4kUhLeJF
ui7iRVQw4kXuMeJFhzPiRSE14kW8NuJFVDjiRe454kWJO+JFIz3iRbw+4kVUQOJF8EHiRYdD
4kUhReJFukbiRVRI4kXwSeJFiUviRSFN4kW6TuJFVlDiRe5R4kWHU+JFI1XiRbpW4kVUWOJF
7lniRYdb4kUhXeJFul7iRVRg4kXuYeJFh2PiRSFl4kW8ZuJFVGjiRe5p4kWJa+JFIW3iRbxu
4kVUcOJF7nHiRYlz4kUhdeJFunbiRVZ44kXueeJFiXviRSF94kW6fuJFVoDiRe6B4kWHg+JF
IYXiRbyG4kVUiOJF7oniRYeL4kUhjeJFuo7iRVaQ4kXukeJFh5PiRSOV4kW6luJFVJjiRfCZ
4kWHm+JFI53iRbye4kVUoOJF8KHiRYej4kUhpeJFvKbiRVao4kXwqeJFiaviRSGt4kW8ruJF
VLDiRe6x4kWHs+JFIbXiRbq24kVYuOJF8LniRYe74kUhveJFvL7iRVTA4kXuweJFh8PiRSHF
4kW6xuJFVsjiRfDJ4kWJy+JFIc3iRbzO4kVU0OJF8NHiRYfT4kUh1eJFutbiRVTY4kXu2eJF
h9viRSHd4kW63uJFVODiRfDh4kWH4+JFI+XiRbrm4kVW6OJF8OniRYfr4kUj7eJFuu7iRVTw
4kXu8eJFifPiRSP14kW69uJFVPjiRfD54kWH++JFIf3iRbz+4kVUAONF7gHjRYcD40UhBeNF
ugbjRVQI40XuCeNFiQvjRSEN40W8DuNFVBDjRe4R40WHE+NFIRXjRbwW40VWGONF8BnjRYcb
40UjHeNFvB7jRVQg40XuIeNFiSPjRSEl40W6JuNFVCjjRe4p40WJK+NFIS3jRbwu40VUMONF
7jHjRYcz40UhNeNFujbjRVY440XuOeNFiTvjRSE940W8PuNFVkDjRe5B40WJQ+NFI0XjRbxG
40VUSONF8EnjRYlL40UjTeNFvE7jRVRQ40XuUeNFh1PjRSFV40W6VuNFVFjjRe5Z40WJW+NF
I13jRbpe40VUYONF8GHjRYdj40UhZeNFvGbjRVZo40XuaeNFiWvjRSNt40W6buNFVnDjRe5x
40WJc+NFI3XjRbp240VWeONF7nnjRYd740UlfeNFun7jRVSA40XugeNFh4PjRSGF40W6huNF
VIjjRfCJ40WHi+NFIY3jRbyO40VUkONF7pHjRYmT40UhleNFupbjRVaY40XwmeNFiZvjRSGd
40W8nuNFVKDjRfCh40WJo+NFIaXjRbqm40VWqONF7qnjRYer40UhreNFvK7jRVaw40XuseNF
ibPjRSG140W6tuNFVrjjRe6540WHu+NFIb3jRbq+40VWwONF7sHjRYfD40UhxeNFvMbjRVbI
40XuyeNFh8vjRSHN40W8zuNFVNDjRe7R40WJ0+NFIdXjRbzW40VU2ONF7tnjRYfb40Uj3eNF
ut7jRVTg40Xu4eNFiePjRSPl40W65uNFVOjjRe7p40WH6+NFIe3jRbru40VU8ONF7vHjRYnz
40Uh9eNFuvbjRVb440Xu+eNFh/vjRSH940W8/uNFVgDkRe4B5EWHA+RFIQXkRboG5EVUCORF
8AnkRYcL5EUhDeRFvA7kRVQQ5EXwEeRFiRPkRSEV5EW6FuRFVBjkRe4Z5EWHG+RFIx3kRboe
5EVUIORF7iHkRYkj5EUhJeRFuibkRVYo5EXwKeRFiSvkRSEt5EW6LuRFVDDkRe4x5EWHM+RF
ITXkRbo25EVWOORF8DnkRYk75EUhPeRFvD7kRVRA5EXuQeRFh0PkRSNF5EW6RuRFVEjkRfBJ
5EWHS+RFIU3kRbxO5EVUUORF7lHkRYdT5EUhVeRFulbkRVRY5EXuWeRFiVvkRSNd5EW6XuRF
VGDkRfBh5EWHY+RFIWXkRbxm5EVUaORF8GnkRYdr5EUhbeRFvG7kRVZw5EXwceRFiXPkRSN1
5EW6duRFVnjkRe555EWJe+RFIX3kRbp+5EVUgORF7oHkRYmD5EUjheRFuobkRVSI5EXuieRF
h4vkRSGN5EW6juRFVJDkRe6R5EWJk+RFI5XkRbyW5EVWmORF7pnkRYeb5EUhneRFvJ7kRVSg
5EXwoeRFh6PkRSGl5EW8puRFVqjkRe6p5EWHq+RFI63kRbqu5EVUsORF7rHkRYmz5EUjteRF
urbkRVa45EXuueRFh7vkRSG95EW6vuRFVMDkRe7B5EWJw+RFIcXkRbrG5EVUyORF8MnkRYnL
5EUhzeRFus7kRVbQ5EXu0eRFh9PkRSPV5EW81uRFVNjkRfDZ5EWH2+RFId3kRbre5EVU4ORF
7uHkRYfj5EUh5eRFuubkRVbo5EXu6eRFievkRSPt5EW67uRFVPDkRe7x5EWH8+RFIfXkRbz2
5EVW+ORF8PnkRYf75EUh/eRFuv7kRVYA5UXwAeVFiQPlRSEF5UW8BuVFVAjlRfAJ5UWHC+VF
Iw3lRboO5UVUEOVF8BHlRYcT5UUhFeVFuhblRVQY5UXuGeVFiRvlRSEd5UW6HuVFViDlRe4h
5UWHI+VFIyXlRbom5UVWKOVF7inlRYkr5UUhLeVFvC7lRVYw5UXuMeVFiTPlRSE15UW6NuVF
VjjlRe455UWJO+VFIT3lRbo+5UVWQOVF7kHlRYdD5UUhReVFukblRVRI5UXuSeVFh0vlRSFN
5UW6TuVFVFDlRfBR5UWJU+VFIVXlRbpW5UVUWOVF7lnlRYlb5UUjXeVFvF7lRVRg5UXuYeVF
h2PlRSFl5UW6ZuVFVGjlRfBp5UWHa+VFIW3lRbpu5UVUcOVF7nHlRYlz5UUjdeVFunblRVR4
5UXueeVFh3vlRSN95UW6fuVFVIDlRe6B5UWHg+VFI4XlRbyG5UVUiOVF7onlRYeL5UUhjeVF
vI7lRVaQ5UXwkeVFiZPlRSOV5UW8luVFVJjlRe6Z5UWJm+VFIZ3lRbqe5UVUoOVF8KHlRYmj
5UUhpeVFuqblRVSo5UXuqeVFh6vlRSGt5UW6ruVFVLDlRe6x5UWJs+VFIbXlRbq25UVUuOVF
7rnlRYe75UUjveVFur7lRVTA5UXuweVFh8PlRSPF5UW6xuVFVMjlRfDJ5UWHy+VFI83lRbzO
5UVU0OVF7tHlRYfT5UUh1eVFutblRVbY5UXw2eVFh9vlRSHd5UW63uVFVODlRe7h5UWH4+VF
IeXlRbrm5UVW6OVF7unlRYfr5UUh7eVFvO7lRVTw5UXu8eVFifPlRSH15UW89uVFVPjlRfD5
5UWH++VFIf3lRbr+5UVUAOZF8AHmRYcD5kUjBeZFugbmRVYI5kXuCeZFhwvmRSEN5kW8DuZF
VBDmRfAR5kWHE+ZFIRXmRboW5kVUGOZF8BnmRYcb5kUhHeZFuh7mRVYg5kXuIeZFhyPmRSMl
5kW6JuZFVCjmRe4p5kWHK+ZFIS3mRbou5kVUMOZF7jHmRYkz5kUjNeZFujbmRVQ45kXwOeZF
iTvmRSE95kW8PuZFVEDmRe5B5kWHQ+ZFIUXmRbpG5kVWSOZF7knmRYlL5kUhTeZFvE7mRVRQ
5kXuUeZFh1PmRSFV5kW8VuZFVFjmRfBZ5kWHW+ZFIV3mRbpe5kVUYOZF8GHmRYdj5kUjZeZF
umbmRVRo5kXuaeZFh2vmRSFt5kW6buZFVnDmRe5x5kWJc+ZFIXXmRb525kVWeOZF7nnmRYl7
5kUhfeZFun7mRVSA5kXugeZFiYPmRSGF5kW8huZFVIjmRe6J5kWHi+ZFI43mRbqO5kVUkOZF
7pHmRYeT5kUhleZFupbmRVaY5kXwmeZFiZvmRSOd5kW6nuZFVKDmRe6h5kWHo+ZFIaXmRbqm
5kVUqOZF7qnmRYmr5kUhreZFvK7mRVaw5kXwseZFh7PmRSG15kW8tuZFVLjmRe655kWHu+ZF
Ib3mRbq+5kVUwOZF8MHmRYnD5kUhxeZFusbmRVTI5kXwyeZFicvmRSHN5kW6zuZFVtDmRe7R
5kWH0+ZFIdXmRbzW5kVU2OZF7tnmRYnb5kUh3eZFut7mRVTg5kXu4eZFh+PmRSHl5kW65uZF
VujmRe7p5kWJ6+ZFI+3mRbzu5kVU8OZF7vHmRYfz5kUh9eZFuvbmRVb45kXu+eZFh/vmRSH9
5kW8/uZFVgDnRfAB50WHA+dFIQXnRbwG50VUCOdF7gnnRYkL50UhDedFug7nRVQQ50XuEedF
iRPnRSEV50W+FudFVBjnRfAZ50WHG+dFIx3nRbwe50VWIOdF7iHnRYkj50UhJedFuibnRVQo
50XuKedFhyvnRSEt50W6LudFVjDnRe4x50WJM+dFITXnRbo250VUOOdF7jnnRYc750UhPedF
uj7nRVRA50XwQedFh0PnRSFF50W6RudFVEjnRfBJ50WJS+dFIU3nRbpO50VUUOdF7lHnRYdT
50UhVedFulbnRVZY50XwWedFh1vnRSFd50W6XudFVmDnRe5h50WHY+dFI2XnRbpm50VUaOdF
7mnnRYdr50UhbedFum7nRVZw50XwcedFiXPnRSN150W6dudFVnjnRe5550WHe+dFIX3nRbp+
50VWgOdF7oHnRYeD50UhhedFvIbnRVSI50XwiedFiYvnRSGN50W8judFVpDnRe6R50WHk+dF
IZXnRbyW50VUmOdF7pnnRYeb50UjnedFup7nRVSg50XuoedFh6PnRSGl50W6pudFVKjnRe6p
50WJq+dFI63nRbqu50VWsOdF7rHnRYez50UjtedFvrbnRVS450XuuedFh7vnRSO950W8vudF
VMDnRfDB50WJw+dFI8XnRbzG50VUyOdF8MnnRYfL50UhzedFus7nRVbQ50Xu0edFh9PnRSHV
50W61udFVNjnRfDZ50WH2+dFI93nRbze50VU4OdF7uHnRYnj50Uh5edFvObnRVTo50Xw6edF
h+vnRSPt50W87udFVPDnRe7x50WH8+dFIfXnRbz250VW+OdF7vnnRYf750Uh/edFvP7nRVQA
6EXwAehFhwPoRSEF6EW6BuhFVgjoRfAJ6EWJC+hFIQ3oRboO6EVUEOhF8BHoRYcT6EUjFehF
uhboRVYY6EXuGehFiRvoRSMd6EW8HuhFViDoRe4h6EWJI+hFIyXoRbom6EVWKOhF8CnoRYcr
6EUhLehFui7oRVYw6EXwMehFiTPoRSE16EW6NuhFVjjoRe456EWJO+hFIz3oRbw+6EVUQOhF
8EHoRYdD6EUhRehFvEboRVRI6EXuSehFh0voRSNN6EW8TuhFVFDoRe5R6EWHU+hFIVXoRbxW
6EVUWOhF7lnoRYdb6EUhXehFvF7oRVRg6EXwYehFiWPoRSNl6EW8ZuhFVGjoRe5p6EWJa+hF
I23oRbpu6EVUcOhF7nHoRYdz6EUjdehFunboRVR46EXueehFiXvoRSN96EW6fuhFVIDoRe6B
6EWHg+hFIYXoRbqG6EVWiOhF8InoRYmL6EUhjehFuo7oRVSQ6EXwkehFiZPoRSOV6EW8luhF
VJjoRe6Z6EWHm+hFIZ3oRbqe6EVUoOhF7qHoRYej6EUhpehFuqboRVSo6EXuqehFh6voRSGt
6EW6ruhFVLDoRfCx6EWHs+hFI7XoRbq26EVWuOhF7rnoRYm76EUhvehFvL7oRVbA6EXwwehF
h8PoRSPF6EW6xuhFVMjoRe7J6EWJy+hFI83oRbrO6EVW0OhF7tHoRYnT6EUh1ehFvNboRVbY
6EXu2ehFh9voRSHd6EW63uhFVODoRfDh6EWJ4+hFIeXoRbzm6EVW6OhF7unoRYnr6EUj7ehF
uu7oRVTw6EXu8ehFh/PoRSH16EW89uhFVPjoRe756EWH++hFIf3oRbz+6EVWAOlF8AHpRYcD
6UUhBelFvAbpRVYI6UXwCelFhwvpRSEN6UW6DulFVBDpRe4R6UWHE+lFIRXpRboW6UVUGOlF
7hnpRYcb6UUhHelFvB7pRVQg6UXwIelFhyPpRSEl6UW8JulFVCjpRe4p6UWJK+lFIS3pRbou
6UVWMOlF7jHpRYkz6UUhNelFvjbpRVY46UXuOelFhzvpRSM96UW6PulFVkDpRe5B6UWJQ+lF
IUXpRbpG6UVWSOlF7knpRYdL6UUhTelFvE7pRVZQ6UXuUelFh1PpRSFV6UW6VulFVFjpRfBZ
6UWHW+lFIV3pRbxe6UVWYOlF8GHpRYdj6UUjZelFvGbpRVRo6UXuaelFh2vpRSNt6UW6bulF
VHDpRe5x6UWHc+lFI3XpRbp26UVUeOlF8HnpRYd76UUhfelFun7pRVSA6UXugelFh4PpRSOF
6UW8hulFVojpRfCJ6UWJi+lFIY3pRbyO6UVWkOlF7pHpRYmT6UUhlelFupbpRVSY6UXwmelF
iZvpRSGd6UW8nulFVKDpRe6h6UWJo+lFIaXpRbym6UVWqOlF7qnpRYer6UUhrelFuq7pRVSw
6UXwselFh7PpRSG16UW6tulFVrjpRe656UWJu+lFIb3pRby+6UVUwOlF8MHpRYfD6UUjxelF
usbpRVTI6UXwyelFh8vpRSHN6UW8zulFVtDpRe7R6UWJ0+lFIdXpRbrW6UVW2OlF8NnpRYnb
6UUh3elFut7pRVbg6UXu4elFiePpRSPl6UW+5ulFVujpRfDp6UWH6+lFI+3pRbru6UVU8OlF
7vHpRYfz6UUj9elFuvbpRVT46UXu+elFh/vpRSP96UW8/ulFVgDqRe4B6kWHA+pFIwXqRboG
6kVWCOpF7gnqRYcL6kUhDepFug7qRVQQ6kXwEepFiRPqRSMV6kW6FupFVBjqRe4Z6kWHG+pF
Ix3qRboe6kVUIOpF8CHqRYcj6kUhJepFvCbqRVQo6kXuKepFiSvqRSEt6kW6LupFVjDqRfAx
6kWHM+pFIzXqRbo26kVUOOpF7jnqRYk76kUhPepFuj7qRVZA6kXuQepFiUPqRSNF6kW6RupF
VkjqRe5J6kWJS+pFIU3qRbpO6kVUUOpF8FHqRYlT6kUhVepFvFbqRVRY6kXuWepFh1vqRSNd
6kW8XupF</AssayXData><AssayYData Points="1500">oou1QIHOtUBw6rVAfbS1QAH5tUAk7LVAHtW1QEbXtUDZurVA/sq1QLnDtUBwDLZASdO1QEbi
tUCVEbZAn+W1QPXwtUCv97VARgO2QKv/tUDL1LVAGhe2QJDjtUAR0LVACBS2QL7wtUDy3bVA
fR+2QI7XtUDe8rVAMwC2QA7wtUAw9LVA0Q62QO8ztkAH57VAmSS2QBP7tUDU5rVAChi2QNL1
tUAR4bVAz+i1QJPztUCkC7ZADxm2QIQ4tkCr27VArdu1QCQ0tkA4FbZA5zu2QFghtkBMFLZA
ogG2QJMMtkDrILZAAgy2QG4utkAaQLZAsxG2QF5EtkB6G7ZAsiK2QNkctkBwGLZAYEO2QLTo
tUBbP7ZA/FG2QB0CtkCUJLZAxSO2QDIXtkCAI7ZAHA62QOcqtkAP+bVA7hK2QHYitkC+ErZA
Ki22QD4mtkA8ArZALy22QMAbtkAC/7VAlke2QHMZtkBvHbZAHTu2QKE+tkAJEbZAxDu2QEUW
tkD6C7ZA+w+2QGcXtkAEELZAlV22QEJBtkBjHbZA41G2QAY/tkDUIrZAh0a2QOoPtkCrRbZA
PC22QCkZtkDYQrZAbyG2QExBtkC2S7ZAWjW2QGgqtkBcPrZA7R22QAwltkD0S7ZA7xm2QAwO
tkDlN7ZARj62QIw7tkB2N7ZAHEK2QOIktkAuQ7ZAQV+2QGM3tkBPLbZAZzC2QHgqtkCAPrZA
sUy2QFRhtkDPRLZAGiW2QAE8tkAVHbZADCK2QHxttkDEJrZA8EW2QApgtkDDU7ZADzy2QEZY
tkDpPLZALmC2QJkqtkBxULZAnzO2QIBotkDoVbZAFj22QBtmtkDgdbZAYBO2QKpdtkBZTbZA
0UG2QBs2tkB6fLZAEFC2QNtItkAEaLZAZzi2QKdmtkByZLZALze2QLletkA0YrZA1lW2QCQd
tkApRrZAbT62QKFBtkAePbZAZni2QNc8tkAoOLZAJ1O2QLFEtkAeXrZA40C2QKSHtkCYT7ZA
UV62QN5ttkD0XbZA42S2QGM5tkBgc7ZAIW+2QGtjtkBBSbZA8z22QFNNtkBwSrZA6Fu2QBpn
tkB2T7ZAoFC2QDY6tkCPLbZABCy2QAR0tkBSXbZAc1S2QKJ2tkDdhLZAfSG2QERUtkCfTLZA
6162QKxItkC4i7ZApFq2QKNUtkAYe7ZAEkO2QP5ZtkCJULZAwHi2QCBTtkDBY7ZAu3W2QDpd
tkDGZrZAIJO2QARztkBePbZAwXu2QFlltkCuY7ZA75W2QHhStkDZaLZACaC2QJSCtkCKeLZA
ZVa2QHhWtkDqULZAxG22QDl3tkA0W7ZAm2W2QNEmtkAZXLZALkO2QGCetkBIabZAdG62QGqF
tkC5a7ZAXka2QPqTtkCDgrZAG122QD6dtkAEibZAkkK2QMputkBmebZACWu2QLxWtkCLYrZA
mW22QOI/tkCTb7ZA44O2QD1LtkD4UrZA6Vi2QBBntkBBZ7ZAX4S2QFVPtkA8grZAdKy2QMZh
tkBubbZA/HG2QFVZtkABjrZAnJe2QMCAtkDNUbZARoG2QGmftkDwbLZAm3i2QFmotkAyWbZA
aEO2QC+stkAoU7ZAxX+2QORttkC1jbZANI62QP+LtkA4bbZA6la2QFCjtkAOcrZAw4K2QIOc
tkA0crZA7aO2QBaGtkAMmbZAWWa2QEeItkArnbZADFK2QISGtkDih7ZAcni2QFSJtkAIp7ZA
M322QLBdtkB7nrZAUrW2QFpatkCQgrZAXH22QBtctkCtj7ZAz4u2QOFhtkAybbZARYe2QKNz
tkAng7ZAlIi2QLeWtkCpeLZAO3S2QPmBtkCgR7ZAMJ62QJertkCUgLZA2Xu2QDeetkCVbrZA
w5m2QGeQtkAYnLZApnK2QJmftkAyhbZAKmi2QPZ3tkDWdrZA4lq2QF6ItkDhmLZA0WK2QL2j
tkA7qLZAtnG2QJBhtkA4tbZAxom2QJKWtkAXmrZAzHe2QEuRtkB9nLZA1ZO2QKGCtkCYdbZA
CYC2QC55tkADo7ZA1ra2QH6atkCilbZAuK+2QKGetkDCo7ZA6ru2QEGbtkBflbZArbq2QDDA
tkDzsbZA+oy2QA6dtkA5o7ZA/3C2QI+QtkD/n7ZANIy2QELBtkDKh7ZAlai2QHOltkBSjbZA
n6q2QEu8tkBJwrZAyHW2QOCrtkDUpLZA/3u2QPuttkDLmLZAKaC2QO/WtkDkvLZAtY62QG2S
tkDPvrZApbC2QHKttkB7rbZAyIG2QCGHtkDhp7ZAy7a2QJqotkCWubZASLy2QHWatkDlqrZA
Rs+2QGSdtkA1rrZAY622QIKltkBfp7ZA87+2QEmqtkBUyLZAEqW2QFy2tkBmp7ZAZpu2QCGp
tkCLjrZAGMy2QE22tkA+jbZA/dG2QG27tkARtrZANau2QH/BtkCuibZAPLe2QIu6tkCqybZA
S7+2QLjYtkCOv7ZAf3G2QKvStkCo2bZAZqa2QDWztkDQwbZAO6S2QKi5tkBN9rZAYKq2QL6g
tkDJurZAQMi2QNGGtkCzsrZACdC2QFKgtkAs2rZAFtS2QIxytkDZvLZAn8W2QFmGtkAWs7ZA
Z8+2QBW+tkBon7ZAfdO2QEyUtkD/wrZAZrm2QP2atkCUzLZApMW2QGKltkB1nLZAWcK2QOe9
tkAHkLZATMW2QCXitkCXr7ZAIdK2QI62tkAFvLZA0bm2QFi7tkDm1bZAdL62QP7OtkAnpLZA
raG2QPzztkDiz7ZARbG2QGSytkAo0LZA6JO2QFrftkDt87ZANNG2QNzHtkCmrLZA0722QD/q
tkCRCbdAIL+2QEvTtkBHvLZAj/m2QGyntkDVzbZAxvm2QFuhtkDH7rZA0Nu2QCvFtkDa6LZA
wdK2QJKqtkCzzLZA0ui2QKDbtkBZvrZAwv22QHa2tkBiq7ZACwC3QM3XtkB3wLZAauW2QDHm
tkB4r7ZAcu+2QBjKtkCV1rZA+tu2QHv8tkB8t7ZAvOK2QAW8tkAq27ZAOt22QFnutkAHz7ZA
+bi2QOrmtkCw7LZAq8q2QIzGtkAL87ZAMZa2QNLltkAN6bZAn+O2QLLBtkAR77ZAGNu2QI3g
tkDh6rZAOdW2QNShtkATzLZAeuS2QNDGtkBI7rZACOq2QDC8tkBa37ZA+9y2QI3StkAr7rZA
pOS2QAPEtkC63rZA9ea2QC/EtkC237ZAzfq2QCLGtkAS3LZASe+2QJHetkDs2rZAhOK2QF/y
tkD6+rZAlPq2QJ76tkDIy7ZAAtq2QNndtkB+0rZAic22QIDptkAB6rZAANG2QKcHt0CU67ZA
59W2QHbutkDz/rZAMrS2QOTgtkB8AbdAHLi2QG/qtkDmDbdAd9q2QHn1tkD+97ZArOm2QKDG
tkAQyLZAEOe2QGnXtkCvALdAFKW2QOe/tkC+z7ZALA63QF7ZtkBm3bZA7xO3QKSmtkC00LZA
sPe2QNvotkCT4bZAONy2QML3tkCf2LZAMve2QC79tkBy6bZAfdi2QLvwtkBDx7ZA1ve2QEQG
t0Aa9LZAZgO3QNLwtkCu4bZA/gW3QGMot0CAxLZAs8q2QHsIt0Be8LZAJeG2QKoDt0Cu+7ZA
Jvm2QN/qtkDxILdAAOi2QBkVt0BMGrdAYPy2QKLHtkAiA7dASNm2QHnztkCY9LZA1+C2QKjT
tkBaFLdAdCK3QOvztkD/5bZATfW2QBsIt0BT/bZAig+3QLnVtkAC8bZAk/q2QHLltkAKELdA
Vxm3QM/xtkDMArdAT+a2QLoHt0CG7rZAsfi2QF8Mt0ADIrdAD/m2QFYAt0Dp2bZA0PC2QC8s
t0CDL7dAngu3QKQit0Bh+LZAWwm3QPEwt0ANALdAsB23QKYVt0Br9bZA4u22QPcbt0Dm5rZA
1x+3QFkEt0DCL7dAzPy2QOYSt0BmSrdAhiG3QA0st0A//7ZAt/i2QD/2tkBfFrdAcQy3QNQA
t0BhErdAFQ63QHAat0Av/bZAwRu3QPT0tkC79rZATye3QEwgt0D6/rZA+iO3QHAKt0C9CbdA
HDa3QA04t0CUCbdAVTm3QAoKt0Da+7ZAjxm3QAs+t0CmFbdA7RC3QGITt0DrC7dA1/u2QLog
t0A6/rZAmhO3QB0it0CKDLdAzfy2QJwwt0BqHrdAQQ63QH35tkCCCbdAJfq2QLEot0B+M7dA
YxO3QIIpt0CrWLdATiS3QKQqt0ARHLdA4BC3QGcLt0DWRrdAkyC3QMwut0AfOLdAh0a3QNAd
t0DmC7dAkj63QDUyt0DsArdAqy63QL0Vt0BoNLdAljG3QOwft0DeCbdAtxW3QJdQt0D/C7dA
5B+3QOYvt0DU57ZAVjC3QDRMt0AtHrdAwwq3QBVEt0AyCLdAIki3QAYit0AyEbdAISy3QPk/
t0AURbdAFC23QGBit0BYPrdA5ya3QJ5Ot0A0KrdAYhS3QG8mt0D+S7dAMfq2QNAvt0DhbrdA
Dxa3QCgwt0A8O7dAzz+3QJsqt0CJWbdAaDO3QA4Kt0BdSLdAJFC3QMpat0ABTrdAwU63QPws
t0DzN7dAfDa3QCoXt0C0CbdAhz+3QHM3t0Am/7ZA0By3QPk9t0C5GbdAv1a3QJNdt0A5N7dA
XUq3QHE9t0DCNbdAx1u3QCkrt0DsL7dAQyG3QPtOt0AKU7dAsRC3QElMt0AXSrdAmDK3QKxQ
t0BGP7dACBu3QDQxt0DbVLdAyDm3QNlEt0AGWbdABBm3QH0ot0ACM7dAp2S3QEMyt0DrWbdA
gV23QEk/t0DiYrdAkle3QGVZt0D+crdABVW3QKINt0DKYbdAp2a3QIFCt0DwNLdAa3O3QLJV
t0DbJbdAEV63QCQXt0DcKbdATlS3QDY0t0CqSrdAX2K3QNk/t0CTK7dAjU23QD5Gt0DsGbdA
4j23QJJet0AjNrdAbx23QMdpt0BpardAHCy3QCFht0DWIrdAiUm3QKFTt0A0hrdAx0S3QJeK
t0B+QrdAIQ+3QPcvt0CHTLdANFC3QPwSt0CrObdAOWC3QEYxt0CTYbdA5E+3QNMot0Bsc7dA
tVS3QLBDt0A7YrdA02q3QBoqt0DeX7dAOlO3QAtQt0CTardAYk+3QAE6t0BWV7dAn263QL5n
t0BJXLdAwly3QLlAt0BrOLdA22y3QIhgt0C7OrdAplW3QM9kt0DIR7dAAkq3QAFft0ApQrdA
qmi3QHlct0BDabdAx3S3QDUpt0CGXbdArDi3QLh+t0B6ubdANXG3QHOgt0D0a7dAEmK3QOgx
t0CNdrdAQlO3QEJIt0BqVLdARkG3QMhSt0BHcLdA2Ei3QP9lt0CnfLdAJ2q3QF9Nt0BmgbdA
Xoa3QHs6t0CbdLdArou3QIFot0DtTbdAVUq3QCZct0AFXrdABmy3QAtqt0DaZLdAPpe3QLif
t0CpXrdAC5i3QFJRt0AtSbdA/Y63QCR0t0AGPLdA13S3QGiJt0DLiLdAmmS3QAFnt0BIX7dA
6I23QAmNt0ALjLdA40y3QESEt0DIYLdAsUq3QHZ0t0A3hrdAsEW3QJJpt0Cbj7dAIGy3QHiQ
t0CMcbdAJm+3QCZKt0AtkbdAoFi3QIFst0BkXrdAtki3QDdZt0All7dAK4G3QOFwt0BIXLdA
6Wi3QBlAt0AvX7dAEqm3QBNst0CAYLdAS3u3QCGKt0AXkLdAPny3QCeHt0AEibdAIoS3QAmc
t0AlkrdASHq3QIBst0BWb7dA1o+3QNuCt0CHX7dAzoe3QFm3t0A6gLdAGmS3QM51t0DMurdA
wli3QHmPt0DRhrdAAVW3QP1St0BahbdAN5i3QIGxt0BwordAQni3QNVrt0CKmbdA4Wu3QHNg
t0CSW7dALYK3QER0t0BFgLdA35W3QAp3t0B2lLdAtJC3QC9rt0Dch7dAgXa3QMmat0Dcd7dA
ooO3QLJut0AzWLdAXs23QNmIt0D5drdANI23QOqat0C0gbdAIbe3QMmSt0AQbLdAQZy3QD+J
t0B5nLdAz4a3QEeot0AGbbdAlHy3QBrMt0ChhrdAT2O3QF2it0B2dLdAIXy3QI6dt0AgZbdA
wp23QJqNt0DMkbdAS5O3QAtyt0CzqbdAnJe3QPKNt0CngbdA1pO3QJl2t0DdmLdAkqy3QPzA
t0ChprdAWoi3QABgt0DLerdA5py3QP6Jt0DEobdAG463QLGHt0D9prdAupK3QElOt0CHe7dA
SJm3QFKMt0ASjrdAFre3QHR/t0BKmLdAb9O3QIqXt0BLfLdAFKC3QIG/t0AYc7dAZ4u3QLat
t0Afs7dA+pW3QASFt0CjgbdAUKK3QPurt0BilrdAF3q3QB6dt0DAlrdAmXa3QLiOt0Bhg7dA
erG3QEWOt0D5x7dAWau3QGfJt0Afx7dApMK3QLl4t0BPv7dAcL63QJy8t0BItrdAfYK3QPqT
t0BolLdAgrm3QFJ3t0Dis7dAT7S3QFezt0CDfrdASL63QKakt0ANu7dAudG3QGedt0BdqrdA
1JS3QNSvt0BvtLdASK+3QIvUt0Blr7dAj7W3QJOTt0CmqLdA3Ky3QEnJt0ChmbdAb6m3QOWT
t0BqsbdAJ7e3QLzLt0C7u7dAKou3QGrCt0CLx7dAXaK3QIXlt0DH0rdA9JS3QBCmt0AkvbdA
4LS3QGzKt0Ch6bdAAda3QOS5t0CdqrdACMK3QIbCt0CrrrdA8bO3QFy0t0B/t7dA4LS3QMGk
t0CQlrdA29m3QLSKt0DMz7dAzau3QCbAt0CgxbdAzbq3QEfPt0A4iLdAxa+3QJ2/t0AR37dA
Iau3QJ7at0B5wLdAuL+3QInSt0CrsrdABNC3QDXGt0CowbdA6663QAO+t0D/4LdAgNG3QCP0
t0Cku7dA55y3QKe2t0Ab17dAGdS3QCe9t0D3vrdACLK3QAy3t0BRzbdA+J23QPXAt0A11bdA
IcO3QBq2t0BFxbdAxpq3QI68t0Dc1LdAYtS3QAW0t0A9uLdAqLe3QNTKt0BA37dAMdW3QCja
t0Bc67dAN9G3QG+7t0Dwn7dA6P+3QMe/t0Bjs7dAq+C3QHDIt0Aw1bdA8vW3QNDFt0AIqLdA
zay3QJPXt0C637dAOc23QGzwt0CEqLdAg8i3QFrkt0DtxLdADNS3QD7gt0AXt7dAbZ63QD4K
uEDDrbdAkNK3QN6/t0Ao6bdA06G3QCLPt0CO07dAAdi3QMDZt0BT67dA8c+3QMC5t0AwArhA
LM63QP7Et0BI57dACNC3QO2ot0D+1LdAm9K3QJD3t0AK07dA/xS4QALLt0CAxrdAtuW3QOTH
t0BDmLdAHee3QPatt0AO4rdA1xG4QBDwt0D8rbdAbsO3QPr3t0Dgv7dA/9O3QJ3Ut0BxzrdA
5NG3QM7Zt0DWz7dAasu3QDD9t0DWx7dApO63QB3it0Ac0LdAHeG3QBr9t0DH27dAlMC3QHfX
t0DY07dA/dy3QAftt0Ay7bdA1cW3QK/mt0CeCbhAD/K3QG4EuEC9ubdAGb63QInyt0As97dA
Qe63QFr9t0B54bdASOK3QNACuEBy9rdAeha4QCvgt0BM7rdA3uK3QG+it0C7w7dAOdu3QGH9
t0BJurdAg9+3QCznt0AEsrdAKue3QJ3jt0DD4bdA0O23QOXlt0Bh37dA7g24QC8auEDb8rdA
S923QF3ht0AR7LdAj+23QD3wt0AG8bdAQNy3QG/kt0BG8bdAbPu3QP/lt0Ay47dAt963QLft
t0BW/bdAQ9a3QM3Pt0D97LdA8cq3QBbgt0DR9rdA9tG3QOXkt0DoKLhAZeK3QLD7t0A+47dA
evm3QFDlt0BdGLhAw/m3QGPzt0Db9bdAh/23QGPut0Cu57dAP/m3QD8euECwALhAGgG4QJ0A
uEB24rdANw24QIbot0Bzu7dAS/W3QHgHuEAk87dARd23QLwJuEBn87dAvti3QITPt0Cp/7dA
L+a3QID3t0AH77dAIva3QCn+t0CgK7hABvS3QDcWuEBKDbhAIeS3QE45uEC5C7hASei3QPYD
uEAk97dA</AssayYData></Step><Step><CommonData><SampleLocation>5</SampleLocation><SampleID>Glycine</SampleID><SampleGroup></SampleGroup><SampleInfo></SampleInfo><SampleRow>B</SampleRow><SamplePlate>1</SamplePlate><WellType>REGENERATION</WellType><Concentration>-1</Concentration><ConcentrationUnits>µg/ml</ConcentrationUnits><MolarConcentration>-1</MolarConcentration><MolarConcUnits>nM</MolarConcUnits><MolecularWeight>0</MolecularWeight><Temperature>30</Temperature><StartTime>8504312</StartTime><AssayTime>5</AssayTime></CommonData><FlowRate>1000</FlowRate><StepType>KREGENERATION</StepType><StepName>Regeneration</StepName><StepStatus>OK</StepStatus><ActualTime>4.9998</ActualTime><CycleTime>0.2</CycleTime><AssayXData Points="25">VmDqRfJh6kWJY+pFJWXqRbxm6kVWaOpF8GnqRYtr6kUjbepFvG7qRVZw6kXwcepFiXPqRSN1
6kW+dupFVnjqRfB56kWLe+pFJX3qRbx+6kVYgOpF8IHqRYmD6kUjhepFvIbqRQ==</AssayXData><AssayYData Points="25">u74RQCUTDUBXOwtA5wUKQCmWCUA/iQhAp3AHQEiIBkCFNAVAWuYDQKwPA0A16AFAQ+sAQMIX
AEDJKf4/RRX8P7g++z+rQvk/vtv3P4G49j8WHfY/OEH0P9LO8z8eBPI/KpvxPw==</AssayYData></Step><Step><CommonData><SampleLocation>6</SampleLocation><SampleID>PBS</SampleID><SampleGroup></SampleGroup><SampleInfo></SampleInfo><SampleRow>B</SampleRow><SamplePlate>1</SamplePlate><WellType>NEUTRALIZATION</WellType><Concentration>-1</Concentration><ConcentrationUnits>µg/ml</ConcentrationUnits><MolarConcentration>-1</MolarConcentration><MolarConcUnits>nM</MolarConcUnits><MolecularWeight>0</MolecularWeight><Temperature>30</Temperature><StartTime>8517416</StartTime><AssayTime>5</AssayTime></CommonData><FlowRate>1000</FlowRate><StepType>KREGENERATION</StepType><StepName>Regeneration</StepName><StepStatus>OK</StepStatus><ActualTime>4.9998</ActualTime><CycleTime>0.2</CycleTime><AssayXData Points="25">VojqRfCJ6kWJi+pFI43qRb6O6kVWkOpF8JHqRYmT6kUjlepFvpbqRVaY6kXwmepFiZvqRSWd
6kW+nupFVqDqRfKh6kWJo+pFJaXqRbym6kVYqOpF8KnqRYmr6kUlrepFvK7qRQ==</AssayXData><AssayYData Points="25">HSalQETjpUAgSKZAWqSmQAa4pkBdI6dAtnGnQN5/p0A3pqdA0OmnQLj8p0AoKqhARRqoQFpw
qEAdkqhAUKqoQKyHqEB8qqhAec+oQKXfqEAG1qhAidyoQGXpqEDlBqlAs0ypQA==</AssayYData></Step><Step><CommonData><SampleLocation>5</SampleLocation><SampleID>Glycine</SampleID><SampleGroup></SampleGroup><SampleInfo></SampleInfo><SampleRow>B</SampleRow><SamplePlate>1</SamplePlate><WellType>REGENERATION</WellType><Concentration>-1</Concentration><ConcentrationUnits>µg/ml</ConcentrationUnits><MolarConcentration>-1</MolarConcentration><MolarConcUnits>nM</MolarConcUnits><MolecularWeight>0</MolecularWeight><Temperature>30</Temperature><StartTime>8530692</StartTime><AssayTime>5</AssayTime></CommonData><FlowRate>1000</FlowRate><StepType>KREGENERATION</StepType><StepName>Regeneration</StepName><StepStatus>OK</StepStatus><ActualTime>4.9998</ActualTime><CycleTime>0.2</CycleTime><AssayXData Points="25">VrDqRfCx6kWJs+pFJbXqRb626kVWuOpF8LnqRYm76kUjvepFvL7qRVjA6kXywepFicPqRSPF
6kW+xupFWMjqRfLJ6kWJy+pFJc3qRbzO6kVW0OpF8tHqRYnT6kUl1epFvNbqRQ==</AssayXData><AssayYData Points="25">NNkFQD8VAUBM/P0/FXH6P2Cb+D/tV/Y/s5j0P9688j+0W/E/sEzwP3Di7z+dYu4/V3jtP2VM
7D+lRus/fkfqP/po6j/0TOk/QUzpP6eU6D+Wruc/Kg3nPwzp5j9uneY/vw7mPw==</AssayYData></Step><Step><CommonData><SampleLocation>6</SampleLocation><SampleID>PBS</SampleID><SampleGroup></SampleGroup><SampleInfo></SampleInfo><SampleRow>B</SampleRow><SamplePlate>1</SamplePlate><WellType>NEUTRALIZATION</WellType><Concentration>-1</Concentration><ConcentrationUnits>µg/ml</ConcentrationUnits><MolarConcentration>-1</MolarConcentration><MolarConcUnits>nM</MolarConcUnits><MolecularWeight>0</MolecularWeight><Temperature>30</Temperature><StartTime>8543927</StartTime><AssayTime>5</AssayTime></CommonData><FlowRate>1000</FlowRate><StepType>KREGENERATION</StepType><StepName>Regeneration</StepName><StepStatus>OK</StepStatus><ActualTime>4.9998</ActualTime><CycleTime>0.2</CycleTime><AssayXData Points="25">VtjqRfLZ6kWJ2+pFI93qRbze6kVY4OpF8OHqRYvj6kUl5epFvObqRVbo6kXw6epFi+vqRSPt
6kW87upFVvDqRfDx6kWJ8+pFJfXqRbz26kVY+OpF8PnqRYn76kUl/epFvP7qRQ==</AssayXData><AssayYData Points="25">KeqkQCqkpUAkE6ZAbXemQBmnpkCb5aZALlCnQGFWp0A0o6dA7NenQH3bp0BeHqhAsjyoQB1Y
qECeRqhASKSoQKR/qECRlKhAz96oQJvSqED49ahAiQWpQLboqECKL6lAGT6pQA==</AssayYData></Step><Step><CommonData><SampleLocation>5</SampleLocation><SampleID>Glycine</SampleID><SampleGroup></SampleGroup><SampleInfo></SampleInfo><SampleRow>B</SampleRow><SamplePlate>1</SamplePlate><WellType>REGENERATION</WellType><Concentration>-1</Concentration><ConcentrationUnits>µg/ml</ConcentrationUnits><MolarConcentration>-1</MolarConcentration><MolarConcUnits>nM</MolarConcUnits><MolecularWeight>0</MolecularWeight><Temperature>30</Temperature><StartTime>8557030</StartTime><AssayTime>5</AssayTime></CommonData><FlowRate>1000</FlowRate><StepType>KREGENERATION</StepType><StepName>Regeneration</StepName><StepStatus>OK</StepStatus><ActualTime>5.00078</ActualTime><CycleTime>0.2</CycleTime><AssayXData Points="25">VgDrRfIB60WLA+tFIwXrRbwG60VWCOtF8gnrRYkL60UlDetFvA7rRVYQ60XyEetFiRPrRSUV
60W+FutFVhjrRfIZ60WLG+tFIx3rRbwe60VWIOtF8CHrRYkj60UjJetFvibrRQ==</AssayXData><AssayYData Points="25">2Z4EQIfG/z/sLfs/r7f3PwXq9D9Mq/M/IsvxP5Fz8D/d0+8/UPfuP9zt7T8UJu0/bFfsPxsd
7D9aquo/UrjqP5uY6T/9neg/3nLpP8dM6D802eY/R1LnP9qx5z+7y+Y/fNfmPw==</AssayYData></Step><Step><CommonData><SampleLocation>6</SampleLocation><SampleID>PBS</SampleID><SampleGroup></SampleGroup><SampleInfo></SampleInfo><SampleRow>B</SampleRow><SamplePlate>1</SamplePlate><WellType>NEUTRALIZATION</WellType><Concentration>-1</Concentration><ConcentrationUnits>µg/ml</ConcentrationUnits><MolarConcentration>-1</MolarConcentration><MolarConcUnits>nM</MolarConcUnits><MolecularWeight>0</MolecularWeight><Temperature>30</Temperature><StartTime>8570432</StartTime><AssayTime>5</AssayTime></CommonData><FlowRate>1000</FlowRate><StepType>KREGENERATION</StepType><StepName>Regeneration</StepName><StepStatus>OK</StepStatus><ActualTime>4.9998</ActualTime><CycleTime>0.2</CycleTime><AssayXData Points="25">WCjrRfQp60WLK+tFJy3rRcAu60VYMOtF9DHrRY0z60UnNetFvjbrRVg460XyOetFizvrRSc9
60W+PutFWEDrRfhB60WLQ+tFJUXrRb5G60VYSOtF8knrRYtL60UlTetFvk7rRQ==</AssayXData><AssayYData Points="25">bc6lQHRWpkBLBKdAS06nQBeSp0Bh56dAeUOoQHJfqEBddqhAM5OoQPPFqECd2ahAUx2pQDNW
qUCfdKlAQXqpQF6uqUAJ2alAsbSpQI3YqUDDBKpAfSqqQMAKqkCiJ6pA8TyqQA==</AssayYData></Step><Step><CommonData><SampleLocation>1</SampleLocation><SampleID>Octet Buffer</SampleID><SampleGroup></SampleGroup><SampleInfo></SampleInfo><SampleRow>A</SampleRow><SamplePlate>1</SamplePlate><WellType>BUFFER</WellType><Concentration>-1</Concentration><ConcentrationUnits>µg/ml</ConcentrationUnits><MolarConcentration>-1</MolarConcentration><MolarConcUnits>nM</MolarConcUnits><MolecularWeight>0</MolecularWeight><Temperature>30</Temperature><StartTime>8584860</StartTime><AssayTime>20</AssayTime></CommonData><FlowRate>1000</FlowRate><StepType>CUSTOM</StepType><StepName>Sensor Check</StepName><StepStatus>OK</StepStatus><ActualTime>19.9998</ActualTime><CycleTime>0.2</CycleTime><AssayXData Points="100">WFDrRfRR60WNU+tFJ1XrRcBW60VYWOtF8lnrRYtb60UlXetFvl7rRVhg60X0YetFjWPrRSVl
60XAZutFWGjrRfJp60WLa+tFJW3rRb5u60VYcOtF8nHrRYtz60UndetFvnbrRVh460X0eetF
i3vrRSd960W+futFWoDrRfSB60WLg+tFJ4XrRcCG60VaiOtF8onrRYuL60UljetFwI7rRViQ
60XyketFjZPrRSmV60W+lutFWJjrRfSZ60WLm+tFJZ3rRb6e60VaoOtF8qHrRYuj60UlpetF
wKbrRVio60XyqetFi6vrRSet60XArutFWLDrRfKx60WLs+tFJbXrRcC260VYuOtF9LnrRYu7
60UlvetFvr7rRVjA60XywetFjcPrRSfF60W+xutFWMjrRfLJ60WNy+tFJc3rRb7O60VY0OtF
9NHrRY3T60Ul1etFvtbrRVjY60Xy2etFi9vrRSXd60XA3utFWuDrRfTh60WN4+tFJeXrRcDm
60VY6OtF8unrRY3r60Ul7etFvu7rRQ==</AssayXData><AssayYData Points="100">AJOjQD5woUDeBKBA0LOeQOornkBsr51AsoadQFpInUAPS51AFzOdQMnjnEA6QZ1AAVidQOA9
nUCWY51AKZGdQFhsnUD7ep1AKYGdQO6mnUBGrJ1ANLqdQImunUBaz51A8dWdQP/DnUCf451A
lhqeQOAgnkDA7p1AwxWeQJAnnkDNIZ5AJRWeQJVmnkDlRJ5A01SeQFhZnkCIXZ5AOCaeQPJr
nkAZXJ5AloCeQCd4nkDJnZ5Aho+eQFKQnkBPdJ5A4IOeQF62nkAcnp5AyZGeQBOgnkB4vJ5A
L56eQKPXnkDUvp5AhrqeQBCunkBv5J5AVOaeQPfNnkDF7Z5Au+2eQMwAn0BI655AHQyfQCcE
n0AMDJ9AjRufQG/2nkAhAJ9AijefQEj6nkAoLZ9A6TKfQHoAn0CbFZ9AVUufQDM0n0AIFZ9A
llyfQB1dn0ASMp9AFWefQFxOn0BGKp9ArTWfQK1bn0CEP59AJ0ifQDxtn0CuPJ9ALEGfQOiL
n0BFWJ9AEoGfQDiFn0Bbd59AGXCfQA==</AssayYData></Step><Step><CommonData><SampleLocation>1</SampleLocation><SampleID>SI-157X65_P5567</SampleID><SampleGroup></SampleGroup><SampleInfo></SampleInfo><SampleRow>B</SampleRow><SamplePlate>1</SamplePlate><WellType>KLOAD</WellType><Concentration>5</Concentration><ConcentrationUnits>µg/ml</ConcentrationUnits><MolarConcentration>5000</MolarConcentration><MolarConcUnits>nM</MolarConcUnits><MolecularWeight>0</MolecularWeight><Temperature>30</Temperature><StartTime>8613160</StartTime><AssayTime>120</AssayTime></CommonData><FlowRate>1000</FlowRate><StepType>LOADING</StepType><StepName>Loading</StepName><StepStatus>OK</StepStatus><ActualTime>120.001</ActualTime><CycleTime>0.2</CycleTime><AssayXData Points="600">WPDrRfLx60WL8+tFJfXrRb7260VY+OtF8vnrRY3760Ul/etFvv7rRVoA7EXyAexFiwPsRSUF
7EW+BuxFWAjsRfIJ7EWLC+xFJw3sRb4O7EVYEOxF8hHsRYsT7EUnFexFwBbsRVgY7EXyGexF
ixvsRSUd7EW+HuxFWiDsRfIh7EWLI+xFJyXsRcAm7EVYKOxF9CnsRY0r7EUlLexFvi7sRVgw
7EXyMexFizPsRSU17EXANuxFWjjsRfQ57EWLO+xFJz3sRb4+7EVYQOxF9EHsRYtD7EUnRexF
wEbsRVhI7EXySexFi0vsRSVN7EW+TuxFWFDsRfJR7EWLU+xFJVXsRb5W7EVYWOxF8lnsRYtb
7EUlXexFvl7sRVhg7EX0YexFjWPsRSdl7EXAZuxFWGjsRfJp7EWNa+xFJ23sRcBu7EVYcOxF
8nHsRYtz7EUldexFvnbsRVp47EXyeexFi3vsRSd97EW+fuxFWIDsRfKB7EWLg+xFJ4XsRb6G
7EVYiOxF8onsRYuL7EUnjexFwI7sRViQ7EXykexFi5PsRSWV7EXAluxFWJjsRfSZ7EWNm+xF
JZ3sRcCe7EVaoOxF8qHsRYuj7EUlpexFvqbsRVio7EX0qexFjavsRSWt7EW+ruxFWrDsRfKx
7EWLs+xFJbXsRb627EVYuOxF8rnsRY277EUlvexFvr7sRVrA7EX0wexFi8PsRSXF7EXAxuxF
WMjsRfLJ7EWLy+xFJc3sRb7O7EVY0OxF8tHsRYvT7EUn1exFvtbsRVrY7EXy2exFjdvsRSXd
7EW+3uxFWODsRfLh7EWL4+xFJeXsRb7m7EVY6OxF8unsRY3r7EUl7exFwO7sRVjw7EX08exF
jfPsRSf17EXA9uxFWPjsRfT57EWN++xFJf3sRb7+7EVYAO1F8gHtRYsD7UUlBe1FvgbtRVoI
7UXyCe1FiwvtRScN7UW+Du1FWBDtRfIR7UWLE+1FJRXtRcAW7UVaGO1F8hntRY0b7UUlHe1F
wB7tRVgg7UXyIe1FiyPtRSUl7UXAJu1FWijtRfQp7UWLK+1FJy3tRcAu7UVYMO1F8jHtRYsz
7UUlNe1FvjbtRVg47UXyOe1FjTvtRSU97UW+Pu1FWEDtRfJB7UWLQ+1FJUXtRb5G7UVaSO1F
8kntRY1L7UUlTe1Fvk7tRVhQ7UXyUe1Fi1PtRSdV7UW+Vu1FWFjtRfJZ7UWLW+1FJV3tRcBe
7UVaYO1F8mHtRYtj7UUlZe1FvmbtRVho7UX0ae1Fi2vtRSVt7UW+bu1FWHDtRfRx7UWLc+1F
JXXtRb527UVaeO1F8nntRYt77UUlfe1Fvn7tRViA7UXyge1Fi4PtRSeF7UXAhu1FWIjtRfKJ
7UWNi+1FJ43tRcCO7UVakO1F8pHtRYuT7UUnle1FXpftRaKY7UX0me1Fi5vtRSWd7UW+nu1F
XKDtRfKh7UWLo+1FJ6XtRb6m7UVYqO1F8qntRYur7UUlre1Fvq7tRViw7UXyse1FjbPtRSe1
7UW+tu1FWLjtRfK57UWNu+1FJb3tRb6+7UVawO1F8sHtRYvD7UUlxe1FwMbtRVjI7UXyye1F
i8vtRSfN7UW+zu1FWNDtRfLR7UWL0+1FJdXtRb7W7UVY2O1F9NntRYvb7UUl3e1Fvt7tRVrg
7UXy4e1FjePtRSXl7UXA5u1FWOjtRfLp7UWL6+1FJe3tRcDu7UVY8O1F8vHtRYvz7UUl9e1F
wPbtRVr47UXy+e1Fi/vtRSf97UW+/u1FWgDuRfIB7kWLA+5FJwXuRb4G7kVaCO5F8gnuRYsL
7kUlDe5Fvg7uRVgQ7kXyEe5FjRPuRSUV7kW+Fu5FWBjuRfQZ7kWLG+5FJR3uRcAe7kVYIO5F
8iHuRYsj7kUnJe5FvibuRVgo7kXyKe5FiyvuRSUt7kW+Lu5FWjDuRfIx7kWNM+5FJTXuRb42
7kVYOO5F8jnuRY077kUlPe5Fvj7uRVhA7kXyQe5FjUPuRSVF7kXARu5FWkjuRfJJ7kWNS+5F
JU3uRb5O7kVaUO5F9FHuRY1T7kUnVe5FwFbuRVhY7kX0We5Fi1vuRSVd7kW+Xu5FWGDuRfRh
7kWNY+5FJ2XuRb5m7kVaaO5F9GnuRYtr7kUnbe5Fvm7uRVhw7kXyce5FjXPuRSV17kXAdu5F
WHjuRfJ57kWLe+5FJ33uRcB+7kVYgO5F8oHuRYuD7kUlhe5FvobuRVqI7kX0ie5Fi4vuRSWN
7kW+ju5FWJDuRfSR7kWNk+5FJZXuRb6W7kVYmO5F8pnuRY2b7kUlne5FwJ7uRVig7kXyoe5F
i6PuRSel7kW+pu5FWqjuRfKp7kWLq+5FJa3uRb6u7kVYsO5F8rHuRY2z7kUlte5FwLbuRVq4
7kXyue5Fi7vuRSW97kW+vu5FWMDuRfTB7kWNw+5FJ8XuRb7G7kVcyO5F9MnuRYvL7kUnze5F
vs7uRVjQ7kXy0e5FjdPuRSXV7kW+1u5FWNjuRfLZ7kWN2+5FJd3uRcDe7kVY4O5F8uHuRYvj
7kUn5e5FwObuRVro7kX06e5Fi+vuRSXt7kXA7u5FWPDuRfLx7kWN8+5FJfXuRcD27kVY+O5F
8vnuRYv77kUl/e5Fvv7uRVoA70X0Ae9FjQPvRScF70W+Bu9FWAjvRfIJ70WLC+9FJQ3vRb4O
70VYEO9F8hHvRY0T70UlFe9FvhbvRVgY70X0Ge9FixvvRSUd70W+Hu9FXCDvRfQh70WLI+9F
JSXvRcAm70VaKO9F8invRYsr70UlLe9Fvi7vRVgw70XyMe9FizPvRSU170W+Nu9FWjjvRfI5
70WNO+9FJT3vRb4+70VYQO9F8kHvRYtD70UlRe9FwEbvRVhI70X0Se9Fi0vvRSVN70W+Tu9F
WFDvRfJR70WLU+9FJVXvRb5W70VYWO9F9FnvRY1b70UlXe9Fvl7vRVhg70X0Ye9FjWPvRSdl
70W+Zu9FWGjvRfRp70WLa+9FJ23vRb5u70VYcO9F9HHvRYtz70Ulde9FvnbvRct470UQeu9F
i3vvRSV970XAfu9FWIDvRfKB70WLg+9FJYXvRcCG70VaiO9F9InvRYuL70Ulje9Fvo7vRViQ
70X0ke9Fi5PvRSWV70W+lu9FWJjvRfKZ70WLm+9FJZ3vRcCe70VYoO9F8qHvRY2j70Unpe9F
vqbvRVio70Xyqe9Fi6vvRSet70XAru9F</AssayXData><AssayYData Points="600">0HCfQLLpn0BlW6BABJqgQPTKoEAq4aBAFB+hQNJAoUCoa6FAZZShQGefoUBl0qFAuRGiQMkD
okDTSqJAOYiiQLakokBphqJAONiiQDLJokB02KJAOTejQKxko0BGZaNAsJGjQK2ro0DMrqNA
IOejQGwapEAZI6RAVT+kQNOCpEDwiqRAo56kQBQDpUAayaRAfxOlQAwLpUAjMaVAl22lQLhn
pUC2iKVA7mulQBLfpUCV/qVAdeelQOQppkCsSaZAiCumQH50pkDIf6ZAn5CmQLOtpkCwBKdA
tg+nQAYHp0ACQKdAOD2nQNlkp0CbmKdAcIWnQESqp0Ab+adAIvinQD7Np0AaF6hAbDaoQA4s
qECwNahARKSoQD9xqEC5jKhAjbioQEe8qED4vKhA4/qoQFcBqUDGDqlAiTypQNQvqUBVYKlA
KHGpQEmgqUA8u6lA956pQDrHqUCZAqpAjDSqQFkWqkAJPqpAzEiqQJN3qkBQVqpAo3SqQLux
qkAe6qpAmqGqQGbeqkD26qpAX86qQGQ0q0B7MKtARUSrQI1Mq0AfS6tA3HurQGugq0AvoqtA
OJ2rQJmlq0DYvatA89WrQOTRq0AM6KtA0fyrQBYcrEDHPaxAtnmsQH9ErECXRKxAsXusQD6f
rECesqxA9MWsQOa0rEC9taxA8ROtQI/1rEA2/KxAqR2tQEIxrUAbHa1AgVytQE4rrUCgJa1A
bXGtQBRcrUAaeq1AsKCtQCe1rUDs4K1AA7GtQH3KrUB83K1A5NatQOcOrkB6Eq5AKQ+uQOdD
rkAdQ65AeDiuQDJQrkAYha5A9FmuQFqirkCWr65AlIquQNeXrkBfx65AMrGuQB/LrkCI/K5A
EwKvQIbkrkBlDa9ASAuvQKM0r0BXNa9AtSivQB4+r0ApQ69A+I2vQDJKr0AlUa9AkIuvQCmi
r0Bprq9AxbWvQLmMr0DQpa9AydWvQGrUr0D3w69AjvGvQLX2r0Ci/K9At9qvQE8wsEC4KrBA
azOwQKQjsEBkLbBAeT+wQOFqsEBqUrBABHmwQN6csEBOoLBAlHqwQB+rsECDfLBAv4uwQPez
sEAvw7BAUquwQKrHsEDO9bBA05qwQPDOsEB9D7FAktywQGf7sEBM97BA3gaxQI4WsUBzR7FA
FV2xQHFCsUBbXbFAr0SxQHlFsUAVirFAXJCxQNp+sUDZeLFAOJ6xQAOWsUCSgrFAsZqxQBS/
sUBBvbFAk8WxQBrnsUCg3bFAzPCxQGkKskB4/LFAifOxQJQTskC1DrJA9guyQEMWskBAF7JA
2SOyQGc7skCtHrJAjlyyQIJnskBoXrJACi6yQC5ZskDyh7JAlIeyQKp/skBsrbJAu4iyQFGa
skD9qLJAlpyyQJSiskBHsrJAALCyQA3LskBo+7JAIbiyQFLHskCC67JAGPmyQAvBskCDIrNA
7uayQCLxskDIELNAbiuzQBNIs0CcNbNAUlyzQIYrs0CoPrNALkazQN18s0AjSLNAfG6zQE55
s0DOVLNAXmOzQFpss0COcrNAw2izQGKAs0Dwi7NAHJ+zQOOxs0DhnrNAcMWzQB/Ps0B/tLNA
l9ezQFn5s0C8trNA/9qzQOLcs0CG2LNAhfuzQIn3s0A277NAOeGzQIAjtECBKrRAYBm0QC0W
tEA+L7RAdha0QPAbtEBrKbRAkjW0QMdKtECPNLRAA0+0QF1BtEBYUbRAuV60QEdPtEAQf7RA
H260QAWitEDairRAVJu0QGWRtEAzebRAKrG0QCCptECoqbRA5ru0QBijtEDUw7RAzrK0QEyq
tEBpmrRA/q20QOzHtEAG77RAIOG0QArktEDAFbVAEgW1QIoUtUAJ7rRAVRa1QKATtUD5NLVA
9ia1QHUMtUAzQLVA+Ca1QPkutUDWL7VAVhq1QEBLtUCHhLVAhU21QHkxtUDpWbVABGC1QD8+
tUDberVAD0+1QOeFtUA6f7VAIK21QN1utUAUgbVA7pG1QIV3tUA6j7VAbK+1QPeEtUDgsLVA
S9C1QH+XtUCgrbVAdMm1QCG9tUB+2bVAt8W1QEnPtUCvorVAugC2QE3HtUC+wbVAQuS1QHvw
tUDA6bVAHvu1QAActkCh5LVAT/S1QEYmtkAwALZAsjm2QK4atkAIF7ZA/BO2QOUntkCcJ7ZA
+Bq2QE9ytkDURLZAETG2QCMUtkAFWbZAn1C2QLZMtkAQobZAZGe2QNt/tkACcLZARWC2QGVD
tkD8iLZA4V62QC5btkBopLZAw5G2QCFetkCEfrZAroa2QMJvtkDNi7ZAa7S2QOSStkBso7ZA
pMy2QE29tkCOnLZAkLu2QHzBtkDXkrZADLS2QFfOtkBVybZAK8a2QLvTtkBrz7ZAk/e2QETw
tkCR6rZA/AK3QJ8Gt0BvErdAcAe3QIoVt0CqObdALvm2QFcnt0AmBbdAGxG3QJkat0DSKrdA
yfe2QMket0A4ILdAMDe3QNkvt0BmL7dAQjy3QItFt0CTO7dAIiq3QEVKt0B4Z7dAYHC3QKIl
t0AMi7dA50C3QMp2t0CeZLdA9om3QCxjt0D9bbdAGH23QDN7t0A2dbdAyKq3QBZst0AunbdA
hJa3QLKAt0Cri7dAz4C3QA20t0DdrbdAq5u3QBy5t0BfkbdAzNG3QCPat0DbjbdAOb+3QJfa
t0Cup7dAhMC3QC/yt0BJ2LdA0tC3QPrqt0Bi1LdATee3QIHat0DD7rdAj7i3QJ3rt0Aa97dA
Mu23QOz7t0CV/rdA3gC4QFUIuEBAGbhAnSe4QPjrt0COJLhAL/u3QJsguEBbErhAzyO4QOH8
t0AbHrhA9jW4QHIguECtO7hAEWK4QCNCuEAPSrhAFEe4QJ5EuEDmLrhAaCq4QJwtuEB7GrhA
q0O4QAJtuECWTrhA+Gu4QEWIuED+Z7hAkWC4QLOZuEAYcLhAtF24QAlRuEAyjLhAoYi4QE2i
uEBnmrhAsZq4QCqTuEC5iLhArI24QJfZuEBX4LhAf6G4QD+nuEDVp7hApYK4QFV4uEBjlLhA
gMu4QBe0uECC9bhA5JS4QOqkuEAaxrhAu+O4QDSauEC6y7hA5Ni4QG+zuEDg4rhAKM24QJHN
uECw4rhAyc64QLrmuEDSw7hAmuS4QEoJuUAK97hAzQW5QJcZuUDK4bhA4iG5QGMYuUBp37hA
yBO5QOAwuUAQDblAjCy5QKMKuUAAEblA</AssayYData></Step><Step><CommonData><SampleLocation>1</SampleLocation><SampleID>Octet Buffer</SampleID><SampleGroup></SampleGroup><SampleInfo></SampleInfo><SampleRow>A</SampleRow><SamplePlate>1</SamplePlate><WellType>BUFFER</WellType><Concentration>-1</Concentration><ConcentrationUnits>µg/ml</ConcentrationUnits><MolarConcentration>-1</MolarConcentration><MolarConcUnits>nM</MolarConcUnits><MolecularWeight>0</MolecularWeight><Temperature>30</Temperature><StartTime>8741413</StartTime><AssayTime>100</AssayTime></CommonData><FlowRate>1000</FlowRate><StepType>BASELINE</StepType><StepName>Baseline</StepName><StepStatus>OK</StepStatus><ActualTime>99.9998</ActualTime><CycleTime>0.2</CycleTime><AssayXData Points="500">WrDvRfax70WNs+9FKbXvRcC270VauO9F9LnvRY2770Upve9FwL7vRVzA70X0we9FjcPvRSnF
70XAxu9FWsjvRfTJ70WNy+9FKc3vRcDO70Va0O9F9NHvRY3T70Un1e9FwtbvRVrY70X02e9F
jdvvRSnd70XC3u9FXODvRfTh70WP4+9FJ+XvRcDm70Va6O9F9OnvRY/r70WX7e9F3e7vRVrw
70X08e9Fj/PvRSf170XA9u9FXPjvRfT570WN++9FJ/3vRcD+70VcAPBF9AHwRY8D8EUnBfBF
wgbwRVoI8EX0CfBFjQvwRSkN8EXCDvBFWhDwRfQR8EWPE/BFJxXwRcIW8EVaGPBF9BnwRY0b
8EUpHfBFwh7wRVwg8EX2IfBFjSPwRScl8EXCJvBFXCjwRfQp8EWNK/BFJy3wRcIu8EVaMPBF
9DHwRY8z8EUpNfBFwDbwRVw48EX0OfBFjTvwRSk98EXCPvBFXEDwRfRB8EWNQ/BFJ0XwRcBG
8EVcSPBF9knwRY1L8EUnTfBFwE7wRVxQ8EX2UfBFjVPwRSdV8EXAVvBFWljwRfZZ8EWNW/BF
J13wRcBe8EVaYPBF9GHwRY1j8EUpZfBFwGbwRVpo8EX0afBFjWvwRSlt8EXAbvBFWnDwRfRx
8EWNc/BFKXXwRcB28EVcePBF9HnwRY178EUpffBFwn7wRVyA8EX0gfBFjYPwRSmF8EXAhvBF
WojwRfSJ8EWPi/BFoo3wReWO8EVckPBF9JHwRY2T8EUnlfBFwJbwRVqY8EX0mfBFjZvwRSmd
8EXAnvBFWqDwRfSh8EWPo/BFKaXwRcCm8EVcqPBF9qnwRY2r8EUnrfBFwK7wRVqw8EX2sfBF
jbPwRSm18EXAtvBFWrjwRfa58EWPu/BFKb3wRcC+8EVawPBF9sHwRZHD8EUnxfBFwMbwRVrI
8EX0yfBFjcvwRSfN8EXAzvBFXNDwRfTR8EWN0/BFJ9XwRcLW8EVa2PBF9tnwRY3b8EUn3fBF
wN7wRVrg8EX24fBFjePwRSfl8EXA5vBFWujwRfTp8EWP6/BFJ+3wRcDu8EVa8PBF9vHwRY3z
8EUn9fBFwPbwRVr48EX0+fBFjfvwRSn98EXA/vBFXADxRfQB8UWNA/FFKQXxRcAG8UVcCPFF
9AnxRY0L8UUnDfFFwg7xRVoQ8UX2EfFFjxPxRSkV8UXCFvFFXBjxRfYZ8UWNG/FFJx3xRcAe
8UVaIPFF9CHxRZEj8UUnJfFFwibxRVwo8UX2KfFFjSvxRbAt8UX0LvFFXDDxRfQx8UWPM/FF
KTXxRcI28UVcOPFF9jnxRY078UUnPfFFwj7xRVpA8UX0QfFFj0PxRSlF8UXARvFFXEjxRfRJ
8UWPS/FFJ03xRcBO8UVaUPFF9FHxRY1T8UUnVfFFwFbxRVpY8UX2WfFFj1vxRSld8UXAXvFF
XGDxRfRh8UWNY/FFJ2XxRcJm8UVaaPFF9GnxRY1r8UUnbfFFwG7xRVxw8UX0cfFFjXPxRSd1
8UXCdvFFXHjxRfZ58UWNe/FFKX3xRcB+8UVagPFF9IHxRY2D8UUnhfFFwIbxRVqI8UX0ifFF
j4vxRSeN8UXAjvFFXJDxRfSR8UWNk/FFJ5XxRcCW8UVamPFF9JnxRY2b8UUnnfFFwJ7xRVqg
8UX0ofFFj6PxRSel8UXApvFFWqjxRfSp8UWNq/FFKa3xRcCu8UVasPFF9LHxRY+z8UUntfFF
wLbxRVy48UX0ufFFjbvxRSe98UXCvvFFWsDxRfTB8UWPw/FFKcXxRcDG8UVcyPFF9MnxRY3L
8UXCzfFFCM/xRVzQ8UX20fFFjdPxRSfV8UXC1vFFWtjxRfTZ8UWP2/FFJ93xRcDe8UVa4PFF
9OHxRY/j8UUn5fFFwObxRVro8UX06fFFjevxRSft8UXA7vFFXPDxRfbx8UWN8/FFJ/XxRcL2
8UVa+PFF9vnxRY378UUn/fFFwv7xRVoA8kX2AfJFjQPyRScF8kXCBvJFXAjyRfQJ8kWNC/JF
Kw3yRcIO8kVcEPJF9BHyRY0T8kUnFfJFwhbyRVoY8kX0GfJFjxvyRScd8kXAHvJFWiDyRfQh
8kWNI/JFJyXyRcAm8kVaKPJF9CnyRY8r8kUnLfJFwi7yRVow8kX0MfJFjzPyRSc18kXANvJF
WjjyRfQ58kWPO/JFJz3yRcA+8kVaQPJF9EHyRY9D8kUnRfJFwEbyRVpI8kX2SfJFj0vyRSlN
8kXATvJFXFDyRfRR8kWNU/JFJ1XyRcBW8kVaWPJF9lnyRY9b8kUnXfJFwl7yRVpg8kX0YfJF
j2PyRSll8kXAZvJFWmjyRfRp8kWNa/JFpm3yRetu8kVacPJF9HHyRY1z8kUpdfJFwnbyRVx4
8kX2efJFjXvyRSd98kXAfvJFXIDyRfSB8kWNg/JFJ4XyRcCG8kVciPJF9InyRY2L8kUnjfJF
wI7yRVyQ8kX2kfJFj5PyRSmV8kXClvJFWpjyRfSZ8kWPm/JFJ53yRcCe8kVaoPJF9KHyRY2j
8kUnpfJFxKbyRVyo8kX0qfJFj6vyRSet8kXArvJFWrDyRfSx8kWPs/JFJ7XyRcK28kVauPJF
9LnyRY+78kUnvfJFwL7yRVrA8kX2wfJFjcPyRSnF8kXAxvJFXMjyRfTJ8kWNy/JFJ83yRcDO
8kU=</AssayXData><AssayYData Points="500">hlW4QPRtuEDUf7hAwD24QLBjuEA1ZbhALVK4QDlXuECdT7hAKWm4QGRnuEDTi7hA4l24QEtj
uECNcrhACla4QEVVuEBnYbhAb4O4QGNwuEA7aLhArG+4QMB1uEDdh7hApLK4QOBcuEDYfLhA
YW+4QL2DuECET7hA03i4QCmWuECDfLhAF4e4QKGSuECEf7hAJ2+4QL6wuEAinbhAtZ+4QPvL
uEAArrhAT4q4QHGQuEA1orhA/Xu4QENwuEA1obhAGI64QCKsuEA2s7hApXi4QK6euEC+orhA
mZG4QG+ZuEC/ibhAm3K4QKiuuEAAi7hAOKy4QJJruEDMq7hAbre4QLt3uECvtLhAhM+4QNi6
uECiqLhAmLa4QEqMuEALz7hAqbG4QC2WuEA6k7hAEsO4QDeZuEBReLhABaO4QACZuEARkLhA
UY24QPyyuEBJorhADI24QOm/uECcd7hA4Ia4QPy2uEAOkbhArq24QAOkuECL0LhAA5e4QGrf
uECusrhAerW4QGS3uEA217hAqJa4QLjHuEDgvLhA0re4QNS+uECOpbhA5am4QDjRuEAssbhA
S8C4QOCpuEAlrLhAYpS4QFODuEB4qLhAQ7G4QG2nuEAUsrhA55K4QIGQuEBBvbhAD6S4QG/E
uEDWo7hA4L24QOWiuEAvqbhAp9O4QNq4uEBdsLhAb+q4QN3ZuECTorhAvM+4QAGzuEAYtbhA
btm4QKDOuECRrrhAV9G4QKvKuECf0rhAdLG4QPm0uEA35bhAm9q4QDnUuEAc17hADLq4QI/q
uEBK5bhAoqK4QIkAuUD/6bhAJNi4QJfwuECeuLhAQZW4QP+uuEB28bhAOdK4QCSkuEBUx7hA
od64QFu9uECiC7lA3tK4QPXpuEC987hAJOi4QN+yuEAbybhAWuK4QE2ruEA9wrhAtr24QKax
uEBs5rhAiga5QA3fuEBMtLhAH+S4QJ74uEC9yLhA8Na4QHjAuECOyLhAYN64QLjGuEBIw7hA
WNe4QJTsuEBJr7hATcG4QMMDuUDp77hAQMS4QJTXuEDT97hAH6+4QHrluEBp9rhAPeq4QBEV
uUDH0rhAZ+e4QGTsuECz87hAPMm4QInVuEBsyLhA4cG4QD+duECe5bhAofW4QNWiuEC747hA
lc24QM3auECbubhApN64QFDIuEAE3LhARu+4QNzRuEBz5rhAmtm4QOapuECgwrhAE/e4QE0H
uUBLtLhAHfe4QD7yuED6n7hAdhS5QBUAuUD5ELlAPvW4QNLuuEDGF7lAGwu5QPPuuEAO67hA
4vu4QCPyuEAz/rhAjNa4QGUAuUCm6rhABeG4QHwluUCA/7hAZui4QLb0uEBQDblAs9G4QNQf
uUCzHblAt+K4QBz5uEBGDrlACee4QLbruEC8BrlA1A+5QOAVuUCwFrlAZuu4QB72uEC98bhA
Qem4QOrruEBu9rhA0/+4QGrMuECC6bhAVyW5QKXxuEAY/LhAUCC5QB3/uEBtDrlA4R+5QH7y
uEC1CrlAhQS5QP0GuUDe9rhAeie5QMsMuUBYBblAsQi5QI8BuUDGGrlAoBq5QMoNuUAG/bhA
wAq5QOD/uEAl8bhAcva4QGQtuUCZH7lAkPu4QIcmuUCB7LhAzeu4QHQZuUBQL7lAORO5QAck
uUCVA7lA7fu4QDg+uUC8ILlAqvq4QC4ZuUDOPblAIvC4QE8juUDZGblA8TO5QNXhuEDEErlA
ZB25QLLUuED8GrlA8SO5QPIBuUBS9bhAIQa5QEYhuUD9ALlAaBe5QMn3uEDYJrlAYAa5QGAA
uUD0C7lApgO5QI3zuEDLAblA7Bq5QN8ZuUDM/rhAojG5QPk4uUAyKLlAEgS5QCYmuUBp77hA
Lya5QNAhuUAPCrlASyC5QOg3uUCCLLlAhA65QBMKuUC+M7lALSq5QLU+uUBkZ7lAJxy5QOgx
uUAGILlAlSe5QGEIuUAsLrlA0R25QAUOuUBqOLlAgwS5QC1JuUBNLLlA1kK5QDUUuUCVKrlA
SDW5QBAxuUAvJLlAozi5QJQbuUAx9bhAaSm5QPX3uEBdLblAWim5QCAXuUBeO7lAvyu5QNk8
uUAqErlASz+5QLMguUCNOblAIkW5QB44uUCLSblAISG5QIsluUDWLLlAuyu5QJ8ouUBy+bhA
1RS5QKtEuUCcJblA8xu5QPI/uUAcQblAbg+5QIw8uUAVOLlAKkG5QEtCuUADLrlAcie5QBkw
uUAzPblAYi65QDsluUCeK7lAkVm5QN0euUCRQ7lAd0u5QBAcuUA1PLlAOSW5QKYauUDRMblA
XGa5QOQcuUDzH7lAFzS5QBNJuUB3JrlAL3a5QL5TuUBAG7lAFy25QFBCuUCQRblAlTG5QLhe
uUDPMLlAdVa5QOlFuUCtGLlA7jq5QPtGuUD3FblAFky5QHRPuUCsYblASlC5QGhkuUA0VblA
pzG5QC1MuUCNWLlAiFS5QIdbuUCHW7lAITG5QCxDuUDUWrlAInG5QKVCuUC1XblAD1q5QPpW
uUALWLlAdT+5QDpbuUBqXrlA3US5QNgouUDFjblAaVS5QGA/uUBCTLlAiU65QLsguUBIRrlA
klO5QBlLuUBXNLlAG325QC88uUDDMLlA33m5QP1QuUDkVLlAwG65QAJ/uUCwUrlA1FC5QItV
uUA=</AssayYData></Step><Step><CommonData><SampleLocation>2</SampleLocation><SampleID>hsCD3d/e_Acro_CDD-H52W1</SampleID><SampleGroup></SampleGroup><SampleInfo></SampleInfo><SampleRow>A</SampleRow><SamplePlate>1</SamplePlate><WellType>KSAMPLE</WellType><Concentration>-1</Concentration><ConcentrationUnits>µg/ml</ConcentrationUnits><MolarConcentration>200</MolarConcentration><MolarConcUnits>nM</MolarConcUnits><MolecularWeight>0</MolecularWeight><Temperature>30</Temperature><StartTime>8849838</StartTime><AssayTime>180</AssayTime></CommonData><FlowRate>1000</FlowRate><StepType>ASSOC</StepType><StepName>Association</StepName><StepStatus>OK</StepStatus><ActualTime>180.001</ActualTime><CycleTime>0.2</CycleTime><AssayXData Points="900">WtDyRfbR8kWR0/JFJ9XyRcLW8kVa2PJF9tnyRY/b8kUn3fJFwt7yRVzg8kX24fJFj+PyRSfl
8kXA5vJFXOjyRfTp8kWN6/JFKe3yRcDu8kVa8PJF9PHyRY3z8kUn9fJFwPbyRVz48kX0+fJF
j/vyRSf98kXA/vJFWgDzRfQB80WNA/NFKQXzRcAG80VaCPNF9AnzRY8L80UpDfNFwA7zRVoQ
80X0EfNFjRPzRSkV80XAFvNFWhjzRfYZ80WNG/NFKR3zRcIe80VcIPNF9iHzRY8j80UnJfNF
wCbzRVoo80X2KfNFjyvzRSkt80XALvNFWjDzRfYx80WNM/NFJzXzRcA280VcOPNF9jnzRY07
80UpPfNFwj7zRVpA80X0QfNFj0PzRSdF80XARvNFWkjzRfZJ80WPS/NFJ03zRcJO80VcUPNF
9FHzRY1T80UnVfNFwFbzRVxY80X0WfNFjVvzRSld80XCXvNFXGDzRfRh80WPY/NFJ2XzRcBm
80VaaPNFWGrzRZ5r80UnbfNFwm7zRVpw80X0cfNFj3PzRSd180XCdvNFWnjzRfZ580WNe/NF
KX3zRcB+80VagPNF9oHzRY2D80UnhfNFwIbzRVqI80X0ifNFkYvzRSmN80XAjvNFWpDzRfaR
80WNk/NFKZXzRcKW80VamPNF9JnzRY2b80UnnfNFwp7zRVqg80X0ofNFjaPzRSel80XApvNF
XKjzRfap80WNq/NFJ63zRcKu80VasPNF9rHzRY2z80UntfNFwLbzRVq480X0ufNFj7vzRSe9
80XAvvNFWsDzRfTB80WNw/NFKcXzRcLG80VayPNF9MnzRY3L80UpzfNFwM7zRVrQ80X00fNF
j9PzRSnV80XA1vNFXNjzRfbZ80WN2/NFKd3zRcDe80Va4PNF9uHzRY3j80Up5fNFwObzRVzo
80X06fNFjevzRSnt80XA7vNFWvDzRfTx80WN8/NFJ/XzRcD280Ve+PNF9PnzRY/780Up/fNF
wv7zRVoA9EX0AfRFjQP0RScF9EXABvRFXAj0RUMK9EWPC/RFJw30RcAO9EVcEPRF9BH0RY8T
9EUnFfRFwBb0RVwY9EX0GfRFjRv0RSkd9EXCHvRFXCD0RfQh9EWNI/RFJyX0RcIm9EVaKPRF
9in0RY8r9EUpLfRFwi70RVow9EX0MfRFjTP0RSc19EXCNvRFWjj0RfY59EWNO/RFKT30RcI+
9EVaQPRF9EH0RY9D9EUpRfRFwEb0RVxI9EX0SfRFjUv0RSdN9EXCTvRFXFD0RfRR9EWNU/RF
J1X0RcBW9EVaWPRF9Fn0RY1b9EUnXfRFwF70RVpg9EX2YfRFjWP0RSll9EXAZvRFWmj0RfRp
9EWPa/RFJ230RcBu9EVacPRF9nH0RY1z9EUndfRFwnb0RVp49EX0efRFjXv0RSd99EXCfvRF
XID0RfaB9EWNg/RFKYX0RcKG9EVciPRF9on0RY2L9EUnjfRFwo70RVqQ9EX2kfRFjZP0RSmV
9EXClvRFWpj0RfSZ9EWPm/RFKZ30RcKe9EVaoPRF9KH0RY+j9EUnpfRFwKb0RVqo9EUtqvRF
jav0RSmt9EXCrvRFWrD0Rfax9EWNs/RFJ7X0RcC29EVauPRF9Ln0RY279EUnvfRFwL70RVrA
9EX2wfRFjcP0RSnF9EXAxvRFWsj0RfTJ9EWNy/RFJ830RcDO9EVc0PRF9NH0RY/T9EUn1fRF
wNb0RVzY9EX02fRFj9v0RSnd9EXA3vRFXOD0RfTh9EWN4/RFKeX0RcDm9EVa6PRF9un0RY3r
9EUp7fRFwO70RVzw9EX28fRFjfP0RSn19EXC9vRFXPj0RfT59EWN+/RFJ/30RcL+9EVcAPVF
9AH1RZED9UUnBfVFwAb1RVwI9UX0CfVFjQv1RScN9UXCDvVFXBD1RfYR9UWNE/VFJxX1RcAW
9UVaGPVF9Bn1RY0b9UUpHfVFwB71RVog9UX2IfVFjyP1RScl9UXAJvVFWij1RfYp9UWPK/VF
KS31RcAu9UVaMPVF9jH1RY0z9UUnNfVFwDb1RVw49UX0OfVFjTv1RSc99UXAPvVFXED1RfRB
9UWNQ/VFJ0X1RcBG9UVaSPVFWkr1RaBL9UUpTfVFwk71RVxQ9UX0UfVFjVP1RSdV9UXCVvVF
XFj1RfRZ9UWNW/VFJ131RcBe9UVaYPVF9mH1RY1j9UUnZfVFwmb1RVpo9UX0afVFjWv1RSlt
9UXCbvVFXHD1RfZx9UWNc/VFJ3X1RcB29UVaePVF9Hn1RY979UUnffVFwn71RVqA9UX0gfVF
j4P1RSmF9UXAhvVFXIj1RfSJ9UWNi/VFKY31RcCO9UVakPVF9JH1RY2T9UUplfVFwJb1RVqY
9UX2mfVFj5v1RSed9UXAnvVFXKD1RfSh9UWPo/VFKaX1RcCm9UVcqPVF9qn1RY+r9UUprfVF
wK71RVyw9UX2sfVFjbP1RSe19UXCtvVFWrj1RfS59UWNu/VFKb31RcC+9UVcwPVF9MH1RY/D
9UUpxfVFwMb1RVzI9UX2yfVFj8v1RSfN9UXCzvVFWtD1RfTR9UWN0/VFJ9X1RcDW9UVa2PVF
9Nn1RY3b9UUn3fVFwN71RVzg9UX24fVFjeP1RSfl9UXA5vVFXOj1RWbq9UWq6/VFKe31RcLu
9UVa8PVF9PH1RY/z9UUp9fVFwvb1RVr49UX2+fVFj/v1RSf99UXA/vVFXAD2RfQB9kWPA/ZF
JwX2RcAG9kVcCPZF9gn2RY0L9kUnDfZFwg72RVwQ9kX4EfZFjRP2RScV9kXCFvZFWhj2RfQZ
9kWPG/ZFJx32RcIe9kVcIPZF9CH2RY0j9kUpJfZFwib2RVwo9kX0KfZFjyv2RSct9kXALvZF
WjD2RfQx9kWNM/ZFJzX2RcI29kVaOPZF9Dn2RY879kUpPfZFwj72RVpA9kX0QfZFjUP2RSdF
9kXARvZFWkj2RfZJ9kWNS/ZFKU32RcBO9kVaUPZF9FH2RY1T9kUpVfZFwFb2RVxY9kX0WfZF
jVv2RSld9kXAXvZFWmD2RfRh9kWPY/ZFKWX2RcBm9kVeaPZF9mn2RY1r9kUpbfZFwm72RVxw
9kX2cfZFjXP2RSd19kXAdvZFWnj2RfR59kWNe/ZFJ332RcJ+9kVagPZF9oH2RY+D9kUnhfZF
wIb2RVyI9kWVivZF3Yv2RSeN9kXAjvZFWpD2RfaR9kWNk/ZFJ5X2RcCW9kVcmPZF9Jn2RY2b
9kUnnfZFwJ72RVyg9kX0ofZFj6P2RSel9kXEpvZFWqj2RfSp9kWPq/ZFJ632RcCu9kVcsPZF
9LH2RY+z9kUntfZFwLb2RVq49kX0ufZFj7v2RSe99kXAvvZFXMD2RfjB9kWNw/ZFJ8X2RcLG
9kVayPZF9sn2RY/L9kUnzfZFws72RVrQ9kX00fZFjdP2RSfV9kXA1vZFWtj2RfTZ9kWN2/ZF
Kd32RcDe9kVc4PZF9OH2RY/j9kUn5fZFwub2RVzo9kX06fZFjev2RSnt9kXA7vZFWvD2RfTx
9kWN8/ZFJ/X2RcL29kVa+PZF9Pn2RY/79kUn/fZFwP72RVoA90X2AfdFjQP3RSkF90XABvdF
Wgj3RfQJ90WNC/dFJw33RcIO90VaEPdF9BH3RY8T90UnFfdFwBb3RVoY90X2GfdFjRv3RScd
90XAHvdFWiD3RfQh90WPI/dFJyX3RcAm90VaKPdFoCr3ReUr90UpLfdFwi73RVow90X2MfdF
jTP3RSc190XCNvdFWjj3RfY590WNO/dFJz33RcI+90VcQPdF9EH3RY1D90UpRfdFwEb3RVpI
90X0SfdFjUv3RSdN90XCTvdFWlD3RfRR90WNU/dFJ1X3RcJW90VaWPdF9Fn3RY1b90UnXfdF
wl73RVpg90X0YfdFjWP3RSdl90XAZvdFXGj3RfZp90WPa/dFJ233RcBu90VccPdF9HH3RY1z
90UndfdFwHb3RVp490X2efdFj3v3RSl990XAfvdFXID3RfSB90WNg/dFKYX3RcCG90VaiPdF
9on3RY2L90UnjfdFwI73RVqQ90X2kfdFjZP3RSeV90XAlvdFXJj3RfSZ90WPm/dFJ533RcKe
90VcoPdF9qH3RY2j90UnpfdFwqb3RVyo90X0qfdFj6v3RSet90XArvdFWrD3RfSx90WNs/dF
J7X3RcC290VeuPdF9rn3RY2790UpvfdFwL73RVrA90X2wfdFjcP3RSfF90XAxvdFWsj3RfTJ
90WPy/dFJ833RcDO90Va0PdF9NH3RY3T90Up1fdFwtb3RVrY90X22fdFj9v3RSnd90XA3vdF
XOD3Rfbh90WP4/dFJ+X3RcLm90Vc6PdF9On3RY3r90Un7fdFwO73RVrw90X28fdFjfP3RSf1
90XC9vdFWvj3Rfb590WN+/dFJ/33RcL+90VcAPhF9AH4RY0D+EUnBfhFwgb4RVwI+EX0CfhF
jQv4RScN+EXCDvhFWhD4RfQR+EWNE/hFJxX4RcAW+EVaGPhF9Bn4RY0b+EUnHfhFwB74RVog
+EX2IfhFjyP4RScl+EXAJvhFXCj4RfQp+EWPK/hFJy34RcAu+EVaMPhF9DH4RY0z+EUnNfhF
wDb4RVw4+EX0OfhFjzv4RSc9+EXCPvhFXED4RfRB+EWNQ/hFJ0X4RcBG+EVcSPhF+En4RY1L
+EUnTfhFwk74RVpQ+EX2UfhFjVP4RSdV+EXAVvhFWlj4RfRZ+EWNW/hFJ134RcJe+EVaYPhF
9GH4RY9j+EUnZfhFwGb4RVpo+EV9avhFwGv4RSdt+EXCbvhF</AssayXData><AssayYData Points="900">VrK4QAzkuEBcSblAtF25QHxSuUCshLlAAIK5QDWZuUAFl7lAVae5QAveuUDT2LlAN725QP+5
uUDBqblARbi5QFbnuUD/s7lAzcS5QHbkuUCIwblAN965QK3suUBizblAycu5QArVuUCW2rlA
suC5QEfouUAxBLpAz/q5QEAaukDW2LlAI+C5QF7kuUCGALpABsa5QCn9uUBfCLpAmSK6QJgg
ukBeBrpA/t65QP7OuUAoCrpAZfi5QCoPukC+A7pANwq6QCEKukCE47lArAy6QDMGukDg67lA
fSO6QGMNukA16LlA1/W5QOMmukCeAbpADPm5QCUaukDT/rlAjhi6QOcSukDTDLpAsgG6QEQb
ukB9IbpAOTm6QLJJukBo/rlAnUS6QAU/ukBrQrpA5Ci6QFpJukCXL7pA1iq6QKpbukAaQLpA
lAC6QL1BukCqDLpAjzC6QBAwukCKYrpAxzy6QJE1ukClOLpArCq6QCQRukDjULpA7ju6QJ4K
ukA+RLpA5l26QMk0ukB5QrpAnj66QMA1ukBTaLpAd0q6QCtIukD6QrpA5T+6QFJFukCVNLpA
X0W6QOxZukBxPLpAnXW6QJpaukAeTLpA+ki6QKNXukCWPbpAIlS6QChpukB0grpAgmW6QEdT
ukAuRLpA8VW6QG54ukDOR7pAsDK6QIKCukANhbpANma6QPtzukDIYrpAx466QL95ukDWcbpA
Uzi6QCJvukBSY7pAU0y6QHpsukAKerpAg4m6QGdsukAbZ7pApHy6QLZJukD2b7pALYW6QOSP
ukBWc7pAd2u6QC+DukBkgbpAuWe6QDtxukD7kLpA1JW6QD9wukAQl7pA93e6QFFzukA2jrpA
IoK6QPRzukAUh7pAhqG6QKiUukANd7pAWnu6QI7GukD0d7pA1ou6QE+cukBWd7pA/Z26QAGj
ukD8hLpAgZK6QGh3ukCHm7pARGe6QGpuukCEc7pAq3y6QMmDukDbhrpA7Xu6QMiVukAnq7pA
P4+6QJmnukAyvLpAeaS6QOaWukCMqLpAH6W6QFuPukC2orpAvY26QA2uukBvdLpABay6QA5g
ukBFgLpAO7S6QOyGukCgnbpAXse6QAOyukCCorpAsLy6QDyuukD+q7pAaJW6QJq/ukAkp7pA
kaS6QCCJukAEhrpAQrK6QKKmukAIvrpANpm6QKixukCgsrpAMrW6QCy1ukAxyrpAYZS6QMTM
ukCCr7pAT9G6QJy1ukBMqLpAg6C6QCedukAYnrpAmti6QJHMukB2ybpAvaq6QErMukBvorpA
XqG6QNqsukDSvrpA6Om6QGDaukCU2bpASuC6QAqdukAj4LpAy726QB20ukCX3bpA9sq6QNPg
ukBX17pASNe6QGnKukDTr7pAuNa6QNXoukCP+bpAA+a6QFzGukA9trpAXdy6QMzFukDGu7pA
+Ou6QEGyukAau7pA9bq6QK+XukB2ubpAd8u6QPzEukDpuLpA0du6QNXcukAyvbpAYOC6QLrS
ukDi2LpAK966QHjiukDl3bpAx9m6QMzQukB77bpAT866QHLMukDUA7tAsOu6QJrEukC0v7pA
/uq6QEncukDu4bpANt+6QAnqukAP6bpAMOO6QDHaukCyAbtArOa6QLThukDt5LpA6/a6QA72
ukBI27pAu9S6QEDsukBC0bpAFQW7QMoJu0B25LpAzv26QIf7ukC27bpASvy6QJXUukBY9rpA
1++6QBUHu0D+3rpAJeq6QMHxukDI67pAiv+6QJj8ukAb4LpA0vC6QF4du0D28LpAkOC6QO/Z
ukBI+7pAft26QMIJu0BV8LpAJwe7QOMEu0AO8bpAPw27QAEbu0B9/rpAbB+7QL8Pu0DRKbtA
ByC7QDDqukDYErtA4wa7QAgMu0DWCLtA+B+7QA7sukCtMrtAaBO7QDEMu0B/JrtAqw27QOTz
ukB+9bpAfCm7QAcDu0An97pArhG7QFkUu0BG4rpAtjC7QFs1u0DV7bpA5Qa7QE0Pu0CL+rpA
nyK7QHFMu0DFFLtAaw+7QKgIu0A2C7tAZCC7QIMxu0BDLLtA9DS7QPFCu0AuCLtAhS67QFsJ
u0DRLbtANSq7QC0gu0A+HbtAjiK7QPkYu0DsJbtA3yO7QH4Nu0ABGrtAph+7QPASu0BRJrtA
n0C7QB8iu0BJJbtA0By7QJwQu0A/K7tAmD+7QDUlu0DXIbtA7hS7QJsru0B7H7tAqze7QPof
u0CAL7tARCy7QKlHu0C6EbtA1Eu7QJYhu0CeRbtAeyi7QIw+u0C5PLtA/ju7QEI9u0A8MLtA
CUW7QNZVu0AKRrtAfkS7QDxIu0A9RrtAf2S7QIlDu0AdKLtAeji7QD8wu0A6RbtAs0a7QDMz
u0BJKrtAZlS7QJM6u0BwQrtAxTu7QKBHu0ApQLtA4Sy7QAZnu0AdSrtAoD+7QPAyu0A7WbtA
NVu7QPlHu0CnPrtAf2C7QLUbu0AYPrtAik+7QCI8u0AYW7tAo1a7QEFPu0DSLbtAsS67QCdT
u0DGS7tA8EC7QNdIu0DSVLtAck+7QHRgu0DHWbtAZye7QBJku0BZK7tAhy27QIl2u0DndrtA
wS67QHBru0ChU7tAhFC7QAs8u0DWdrtALEG7QCkpu0CkVbtAXTy7QEFlu0AwUrtA0k+7QEoj
u0AEUbtAs1y7QDZ7u0C/cLtAH0y7QJdMu0DiPbtAnnG7QH5Ku0CAabtAnZa7QExJu0BvX7tA
aDu7QCR3u0BvMLtAmYW7QFBTu0B3aLtAeG27QPNiu0BFcLtAPY+7QB2fu0DIPrtA3Wq7QFOT
u0Cjb7tApJu7QAGTu0CQf7tAgme7QLtNu0D0mrtAZmW7QLVku0DLYbtAX4i7QK6Nu0AigLtA
6mi7QKNpu0B+XrtAQHS7QHiSu0D3ibtAtpy7QCNtu0BkkbtAila7QB6Ru0AfbrtAoG67QH9o
u0DAbrtAK0e7QAJ7u0DTgbtA4D27QF1nu0BfnrtA+3S7QKh/u0Afc7tAw4a7QM9vu0DtnLtA
vn+7QLmNu0AHf7tANZm7QDeju0BHjrtAlJK7QFJ2u0BxjLtAwmS7QJ2Vu0BPd7tAEaW7QBWb
u0CVlrtAx6y7QMqau0ByurtAiqC7QEGqu0CKeLtAzYa7QGOtu0CZkbtAqaK7QFV6u0BxULtA
YpW7QLiGu0C4ebtAOJG7QD20u0CijrtAQIa7QNauu0AoobtAyXu7QBehu0B1jLtAj3i7QCBt
u0B0grtAibC7QDeLu0CVlbtATq+7QPyJu0DrortAN4S7QLqOu0C3m7tA+5W7QIm1u0BToLtA
DrK7QOyku0DZr7tAxqi7QPiOu0AfmLtAEZu7QGuxu0D1urtAjKa7QFKXu0BHobtAmpq7QDaP
u0DBe7tAoqi7QP6Nu0D00rtAP667QLHJu0DWp7tAia+7QJCyu0CnxrtA9LW7QJyku0BUmbtA
kIq7QKa2u0C1ubtA9oG7QKmWu0Aj0btAH4+7QLiCu0AkpLtA9Oe7QGSdu0AfqbtAjbG7QP2t
u0AkpbtAV6m7QJawu0DhprtA05a7QEW7u0C8y7tA46m7QKG9u0DZi7tAGMe7QBbiu0AQvLtA
w767QKatu0C7wLtA3bm7QIewu0D7r7tA7cq7QJ6+u0AsybtAILy7QLfbu0Dpm7tAFtS7QDSx
u0DlsLtAgJe7QFWru0BanrtAHr+7QNGmu0BwzbtAmcC7QCeeu0D05rtA6Zm7QEGxu0BGnLtA
3K27QOufu0DRoLtA/MK7QDO+u0AOybtAHMi7QKTLu0CiqLtAN9C7QPWYu0BWtLtABsq7QJ7A
u0CurLtAd+K7QCC/u0CcprtAyd+7QJq7u0CX6LtAi867QPi9u0BGzrtAoce7QEzpu0BcxbtA
eN27QLHXu0B+t7tAGtS7QAi6u0DMxrtAfY+7QE/pu0Cmy7tAe+y7QO3gu0Bq2LtAldy7QCbk
u0DN1btAyb67QOvru0Ak2LtASue7QOG2u0Di8LtAvbu7QKDyu0AJxbtAbOy7QGTUu0AuzrtA
7OO7QF/Yu0CSs7tAb8K7QKjLu0BBBLxAm/y7QHbHu0DX2rtAHeq7QFa6u0BeBbxAf9i7QHHD
u0CNy7tA3RW8QHvZu0Ar27tAS+W7QJbpu0AS2rtAId27QF7Ju0CJv7tA/uW7QCf3u0C27rtA
Rdy7QEy0u0Cww7tAKK67QLDzu0A+47tAPdy7QCbgu0AJ5LtAbsi7QDT2u0Al27tAUPC7QGvM
u0Dg6btAjb+7QFvwu0Cq3rtANvC7QJTcu0CexrtAVdO7QMDzu0Al5btAx+i7QPbeu0D077tA
vP67QK3wu0BY7LtAJt67QA/uu0D107tATfC7QELnu0BlzbtAvva7QMPgu0DE0rtAOA+8QE7R
u0Am7LtABAu8QLLru0Dt8rtAOOW7QMzUu0Ax67tAvwK8QMMTvEA05btAU++7QD4BvECd1LtA
cQS8QDv+u0DC8LtA/NS7QIz0u0Dy1LtA2NC7QEL2u0BF9rtAgQi8QP4AvECIGLxAQue7QFf9
u0CB8btA8uS7QHn/u0CP3LtAJQO8QAj4u0AMBbxAffK7QCX8u0B5BLxAeuu7QF8NvEDiDbxA
vA68QEPou0AyILxAFPO7QKnZu0B2/7tAnP+7QAoCvEA6+7tA/QO8QJ8PvEDK/btABym8QCoK
vEBHB7xAiRG8QMQavECw4btA7BC8QI0AvEAZDrxAiCG8QNsPvEDr9btAwv+7QAAyvEAHGrxA
JRG8QAoOvEA1ArxA2Re8QOArvEA+B7xAB/m7QH4ivEC+BbxA</AssayYData></Step><Step><CommonData><SampleLocation>1</SampleLocation><SampleID>Octet Buffer</SampleID><SampleGroup></SampleGroup><SampleInfo></SampleInfo><SampleRow>A</SampleRow><SamplePlate>1</SamplePlate><WellType>BUFFER</WellType><Concentration>-1</Concentration><ConcentrationUnits>µg/ml</ConcentrationUnits><MolarConcentration>-1</MolarConcentration><MolarConcUnits>nM</MolarConcUnits><MolecularWeight>0</MolecularWeight><Temperature>30</Temperature><StartTime>9038058</StartTime><AssayTime>300</AssayTime></CommonData><FlowRate>1000</FlowRate><StepType>DISASSOC</StepType><StepName>Dissociation</StepName><StepStatus>OK</StepStatus><ActualTime>300.001</ActualTime><CycleTime>0.2</CycleTime><AssayXData Points="1500">XHD4Rfhx+EWPc/hFK3X4RcJ2+EVeePhF9nn4RY97+EUrffhFwn74RVyA+EX2gfhFkYP4RSuF
+EXChvhFXIj4RfiJ+EWPi/hFKY34RcSO+EVckPhF9pH4RZGT+EUplfhFxJb4RVyY+EX4mfhF
kZv4RSmd+EXEnvhFXKD4Rfih+EWRo/hFKaX4RcKm+EVeqPhF+Kn4RY+r+EUrrfhFwq74RVyw
+EX2sfhFj7P4RSm1+EXCtvhFXLj4Rfa5+EWRu/hFKb34RcK++EVewPhF9sH4RY/D+EUpxfhF
xMb4ReHI+EUlyvhFj8v4RSnN+EXCzvhFYND4RfbR+EWP0/hFK9X4RcLW+EVc2PhF9tn4RY/b
+EUp3fhFwt74RVzg+EX24fhFkeP4RSnl+EXE5vhFXOj4Rfbp+EWP6/hFK+34RcLu+EVc8PhF
+PH4RZHz+EUp9fhFxPb4RV74+EX4+fhFj/v4RSn9+EXE/vhFXgD5RfYB+UWPA/lFKwX5RcQG
+UVcCPlF+An5RY8L+UUpDflFxA75RVwQ+UX4EflFjxP5RSsV+UXCFvlFXBj5RfYZ+UWRG/lF
KR35RcIe+UVcIPlF9iH5RY8j+UUpJflFwib5RVwo+UX2KflFjyv5RSkt+UXELvlFXDD5Rfgx
+UWPM/lFKTX5RcQ2+UVeOPlF+Dn5RZE7+UUpPflFxD75RV5A+UX2QflFkUP5RSlF+UXCRvlF
XEj5RfZJ+UWRS/lFKU35RcJO+UVcUPlF9lH5RZFT+UUpVflFwlb5RV5Y+UX2WflFkVv5RSld
+UXCXvlFXmD5RfZh+UWRY/lFKWX5RcJm+UXNaPlFEGr5RY9r+UUrbflFwm75RVxw+UX2cflF
j3P5RSt1+UXCdvlFXHj5RfZ5+UWPe/lFKX35RcJ++UVcgPlF9oH5RY+D+UUphflFwob5RV6I
+UX4iflFkYv5RSmN+UXCjvlFXJD5RfiR+UWPk/lFKZX5RcSW+UVcmPlF+Jn5RY+b+UUpnflF
wp75RVyg+UX2oflFj6P5RSml+UXEpvlFXKj5Rfap+UWPq/lFK635RcKu+UVcsPlF+LH5RZGz
+UUptflFxLb5RV64+UX4uflFkbv5RSm9+UXCvvlFXsD5RfjB+UWPw/lFK8X5RcLG+UVcyPlF
9sn5RY/L+UUpzflFxM75RV7Q+UX40flFj9P5RSvV+UXC1vlFXNj5RfbZ+UWP2/lFKd35RcLe
+UVc4PlF+OH5RY/j+UUp5flFxOb5RVzo+UX46flFkev5RSvt+UXC7vlFXPD5Rfjx+UWP8/lF
KfX5RcL2+UVc+PlF9vn5RY/7+UUr/flFxP75RV4A+kX4AfpFjwP6RSkF+kXEBvpF+gj6RT0K
+kWPC/pFKQ36RcIO+kVeEPpF9hH6RZET+kUrFfpFEhf6RV4Y+kX4GfpFjxv6RSsd+kXEHvpF
XCD6RfYh+kWPI/pFKSX6RcIm+kVeKPpF9in6RY8r+kUrLfpFwi76RVww+kX2MfpFjzP6RSs1
+kXCNvpFXjj6Rfg5+kWPO/pFKT36RcQ++kVcQPpF9kH6RZFD+kUrRfpFxEb6RVxI+kX4SfpF
j0v6RSlN+kXETvpFXFD6RfhR+kWPU/pFK1X6RcRW+kVcWPpF9ln6RY9b+kUrXfpFwl76RVxg
+kX4YfpFj2P6RSll+kXCZvpFXGj6RfZp+kWRa/pFKW36RcJu+kVccPpF9nH6RY9z+kUrdfpF
wnb6RV54+kX6efpFj3v6RSl9+kXEfvpFXID6RfiB+kWPg/pFKYX6RcKG+kVciPpF+In6RZGL
+kUpjfpFwo76RV6Q+kX2kfpFj5P6RSuV+kXClvpFXJj6RfiZ+kWPm/pFKZ36RcKe+kVeoPpF
9qH6RY+j+kUrpfpFwqb6ReOo+kUpqvpFkav6RSut+kXCrvpFXLD6Rfax+kWRs/pFK7X6RcK2
+kVeuPpF9rn6RZG7+kUrvfpFxL76RVzA+kX2wfpFj8P6RSnF+kXCxvpFXsj6RfbJ+kWPy/pF
Kc36RcLO+kVe0PpF9tH6RY/T+kUp1fpFwtb6RVzY+kX42fpFj9v6RSnd+kXC3vpFXuD6Rfjh
+kWR4/pFKeX6RcLm+kVe6PpF9un6RY/r+kUp7fpFwu76RVzw+kX48fpFj/P6RSv1+kXC9vpF
XPj6Rfj5+kWR+/pFKf36RcL++kVcAPtF9gH7RY8D+0UrBftFwgb7RVwI+0X2CftFjwv7RSkN
+0XCDvtFXBD7RfYR+0WPE/tFKRX7RcIW+0VcGPtF+Bn7RZEb+0UpHftFwh77RVwg+0X2IftF
kSP7RSkl+0XCJvtFXCj7Rfgp+0WRK/tFKS37RcQu+0VeMPtF9jH7RY8z+0UpNftFxDb7RVw4
+0X2OftFjzv7RSk9+0XCPvtFXED7RfZB+0WRQ/tFKUX7RcJG+0XRSPtFFEr7RZFL+0UrTftF
wk77RVxQ+0X2UftFj1P7RSlV+0XCVvtFXFj7RfhZ+0WRW/tFK137RcJe+0VeYPtF9mH7RZFj
+0UpZftFwmb7RV5o+0X4aftFkWv7RS1t+0XEbvtFXnD7Rfhx+0WPc/tFKXX7RcR2+0VeePtF
9nn7RZF7+0UrfftFwn77RV6A+0X2gftFkYP7RSmF+0XChvtFXoj7RfaJ+0WRi/tFKY37RcSO
+0VckPtF+JH7RY+T+0UplftFwpb7RVyY+0X2mftFkZv7RSmd+0XCnvtFXKD7Rfih+0WRo/tF
K6X7RcKm+0VeqPtF9qn7RY+r+0UprftFwq77RVyw+0X2sftFkbP7RSm1+0XEtvtFXLj7Rfa5
+0WRu/tFK737RcK++0VewPtF9sH7RZHD+0UpxftFwsb7RV7I+0X2yftFj8v7RSnN+0XCzvtF
XND7RfjR+0WP0/tFKdX7RcTW+0Vc2PtF+Nn7RY/b+0Ur3ftFwt77RV7g+0X24ftFj+P7RSnl
+0XC5vtFuuj7RQDq+0WP6/tFLe37RcTu+0Vc8PtF9vH7RY/z+0Up9ftFxPb7RX34+0X4+ftF
j/v7RSn9+0XC/vtFXAD8RfYB/EWPA/xFKQX8RcIG/EVcCPxF9gn8RY8L/EUpDfxFxA78RVwQ
/EX2EfxFjxP8RSkV/EXCFvxFXBj8RfgZ/EWRG/xFKx38RcIe/EVcIPxF+CH8RY8j/EUpJfxF
wib8RVwo/EX4KfxFjyv8RSst/EXELvxFXjD8RfYx/EWPM/xFKzX8RcQ2/EVcOPxF9jn8RY87
/EUpPfxFwj78RVxA/EX2QfxFj0P8RSlF/EXCRvxFXEj8RfhJ/EWPS/xFK038RcJO/EVeUPxF
9lH8RY9T/EUtVfxFwlb8RV5Y/EX2WfxFkVv8RSld/EXEXvxFXmD8Rfhh/EWPY/xFK2X8RcJm
/EVcaPxF+Gn8RZFr/EUpbfxFwm78RVxw/EX4cfxFj3P8RSl1/EXCdvxFXHj8Rfh5/EWRe/xF
KX38RcR+/EVcgPxF9oH8RY+D/EUrhfxFwob8RaiI/EX2ifxFj4v8RSmN/EXCjvxFXJD8RfiR
/EWRk/xFK5X8RcKW/EVcmPxF9pn8RY+b/EUpnfxFwp78RV6g/EX2ofxFj6P8RSml/EXCpvxF
Xqj8Rfap/EWRq/xFKa38RcKu/EVcsPxF9rH8RZGz/EUrtfxFwrb8RVy4/EX4ufxFj7v8RSm9
/EXCvvxFXMD8RfbB/EWPw/xFK8X8RcTG/EVeyPxF9sn8RY/L/EUpzfxFxM78RVzQ/EX20fxF
kdP8RSnV/EXC1vxFXtj8RfbZ/EWP2/xFK938RcLe/EVc4PxF9uH8RZHj/EUr5fxFwub8RV7o
/EX46fxFj+v8RSvt/EXC7vxFXPD8Rfjx/EWR8/xFK/X8RcL2/EVe+PxF+Pn8RZH7/EUp/fxF
wv78RVwA/UX4Af1FjwP9RSkF/UXCBv1FXgj9RfYJ/UWRC/1FKQ39RcIO/UVcEP1F9hH9RY8T
/UUrFf1Fwhb9RV4Y/UX4Gf1Fjxv9RSkd/UXCHv1FXCD9RfYh/UWPI/1FKSX9RcIm/UXTKP1F
Fir9RY8r/UUrLf1Fwi79RVww/UX2Mf1FjzP9RSk1/UXCNv1FXDj9Rfg5/UWPO/1FKT39RcI+
/UVeQP1F9kH9RY9D/UUpRf1FxEb9RVxI/UX2Sf1FkUv9RStN/UXCTv1FXlD9RfZR/UWPU/1F
KVX9RcJW/UVcWP1F9ln9RY9b/UUpXf1FxF79RV5g/UX2Yf1Fj2P9RSll/UXCZv1FXmj9Rfhp
/UWRa/1FKW39RcRu/UVccP1F9nH9RZFz/UUpdf1Fwnb9RV54/UX2ef1Fj3v9RSt9/UXCfv1F
XID9RfiB/UWPg/1FKYX9RcKG/UVciP1F9on9RY+L/UUrjf1Fwo79RVyQ/UX2kf1Fj5P9RSmV
/UXClv1FXJj9RfaZ/UWPm/1FK539RcSe/UVcoP1F+KH9RZGj/UUrpf1Fwqb9RVyo/UX4qf1F
kav9RSmt/UXCrv1FXLD9Rfax/UWRs/1FKbX9RcS2/UVeuP1F9rn9RY+7/UUpvf1Fwr79RVzA
/UX2wf1Fj8P9RSvF/UXCxv1F38j9RSXK/UWPy/1FK839RcLO/UVe0P1F9tH9RY/T/UUp1f1F
wtb9RVzY/UUI2v1Fkdv9RSnd/UXC3v1FXOD9Rfjh/UWR4/1FKeX9RcLm/UVc6P1F9un9RY/r
/UUp7f1Fwu79RVzw/UX28f1FkfP9RSn1/UXC9v1FXPj9Rfj5/UWP+/1FK/39RcL+/UVeAP5F
9gH+RY8D/kUpBf5Fwgb+RVwI/kX2Cf5Fjwv+RSkN/kXCDv5FXhD+RfYR/kWPE/5FKxX+RcIW
/kVcGP5F+Bn+RY8b/kUpHf5Fwh7+RVwg/kX2If5FjyP+RSkl/kXCJv5FXCj+Rfgp/kWRK/5F
KS3+RcIu/kVeMP5F+DH+RY8z/kUrNf5Fwjb+RV44/kX4Of5Fjzv+RSk9/kXCPv5FXED+RfZB
/kWRQ/5FKUX+RcJG/kVcSP5F9kn+RY9L/kUrTf5Fwk7+RV5Q/kX2Uf5Fj1P+RSlV/kXEVv5F
Xlj+RfhZ/kWRW/5FKV3+RcRe/kVeYP5F9mH+RY9j/kUpZf5FxGb+RQxp/kVOav5Fk2v+RSlt
/kXCbv5FXHD+RfZx/kWPc/5FKXX+RcJ2/kVceP5F9nn+RY97/kUpff5Fwn7+RVyA/kX4gf5F
j4P+RSuF/kXChv5FXIj+RfaJ/kWPi/5FK43+RcSO/kVekP5F9pH+RZGT/kUplf5Fwpb+RVyY
/kX2mf5Fj5v+RSmd/kXCnv5FXKD+Rfah/kWRo/5FK6X+RcKm/kVcqP5F9qn+RY+r/kUprf5F
wq7+RV6w/kX2sf5FkbP+RSu1/kXEtv5FXrj+Rfa5/kWPu/5FK73+RcS+/kVcwP5F9sH+RZHD
/kUpxf5Fwsb+RVzI/kX2yf5Fj8v+RSnN/kXCzv5FXtD+RfjR/kWR0/5FKdX+RcLW/kVe2P5F
9tn+RZHb/kUp3f5FxN7+RVzg/kX24f5FkeP+RSvl/kXC5v5FXOj+Rfbp/kWR6/5FK+3+RcTu
/kVc8P5F+PH+RY/z/kUp9f5Fwvb+RVz4/kX4+f5Fj/v+RSv9/kXC/v5FXAD/RfYB/0WRA/9F
KwX/RcIG/0VcCP9F+An/RZEL/0UrDf9FxA7/RVwQ/0X2Ef9FjxP/RSkV/0XEFv9FXBj/RfgZ
/0WPG/9FKR3/RcIe/0VcIP9F9iH/RY8j/0UpJf9FxCb/RV4o/0X2Kf9Fjyv/RSkt/0XCLv9F
XDD/RfYx/0WPM/9FKTX/RcI2/0VcOP9F+Dn/RY87/0UrPf9Fwj7/RV5A/0X2Qf9FkUP/RSlF
/0XCRv9FXkj/RfZJ/0WRS/9FKU3/RcJO/0VeUP9F9lH/RZFT/0UpVf9Fwlb/RV5Y/0X2Wf9F
j1v/RStd/0XCXv9FXmD/Rfhh/0WRY/9FKWX/RcJm/0VcaP9F9mn/RY9r/0Urbf9Fwm7/RV5w
/0X4cf9Fj3P/RSl1/0XCdv9FXHj/Rfh5/0WRe/9FK33/RcJ+/0VcgP9F9oH/RY+D/0Uphf9F
xIb/RV6I/0X2if9Fj4v/RSuN/0XCjv9FXJD/RfiR/0WPk/9FKZX/RcSW/0VcmP9F+Jn/RY+b
/0Upnf9FxJ7/RVyg/0X4of9Fj6P/RSml/0XCpv9FXKj/Rfip/0WRq/9FK63/RcSu/0VesP9F
9rH/RY+z/0Uptf9Fwrb/RVy4/0X4uf9Ftrv/RSm9/0XEvv9FXsD/RfbB/0WPw/9FKcX/RcLG
/0VcyP9F9sn/RZHL/0Urzf9Fws7/RV7Q/0X40f9Fj9P/RSvV/0XC1v9FXtj/RfbZ/0WP2/9F
Kd3/RcTe/0Vc4P9F9uH/RY/j/0Up5f9Fwub/RVzo/0X46f9Fkev/RSvt/0XC7v9FXvD/Rfbx
/0WR8/9FK/X/RcL2/0Vc+P9F9vn/RZH7/0Up/f9Fwv7/RS4AAEb8AABGyQEARpUCAEZiAwBG
LgQARvwEAEbIBQBGlAYARmIHAEYvCABG+wgARsgJAEaUCgBGYQsARi4MAEb8DABGyA0ARpQO
AEZiDwBGLhAARvsQAEbJEQBGlBIARmETAEYuFABG/BQARsgVAEaUFgBGYRcARi4YAEb7GABG
yRkARpQaAEZhGwBGLhwARvscAEbIHQBGlR4ARmIfAEYuIABG+yAARsghAEaUIgBGYSMARi4k
AEb7JABGyCUARpUmAEZhJwBGLigARvsoAEbIKQBGlCoARmErAEYuLABG+ywARsktAEaVLgBG
Yi8ARi4wAEb8MABGyDEARpQyAEZiMwBGLjQARvw0AEbJNQBGlDYARmE3AEYuOABG+zgARsk5
AEaUOgBGYjsARi48AEb8PABGyT0ARpU+AEZhPwBGLkAARvtAAEbIQQBGlEIARmFDAEYvRABG
+0QARshFAEaVRgBGYkcARi9IAEb7SABGyUkARpRKAEZiSwBGLkwARvtMAEbITQBGlE4ARmFP
AEYuUABG+1AARshRAEaUUgBGYVMARi5UAEb8VABGyFUARpRWAEZiVwBGLlgARvtYAEbIWQBG
lVoARmJbAEYuXABG+1wARshdAEaUXgBGYV8ARi5gAEb8YABGyWEARpViAEZhYwBGL2QARvtk
AEbIZQBGlGYARmFnAEYuaABG+2gARslpAEaUagBGYWsARi9sAEb7bABGyW0ARpRuAEZhbwBG
LnAARvtwAEbIcQBGlHIARmFzAEYvdABG+3QARsh1AEaUdgBGYncARi54AEb7eABGyXkARpR6
AEZiewBGL3wARvt8AEbJfQBGlH4ARmF/AEYugABG+4AARsiBAEaVggBGY4MARi6EAEb8hABG
yIUARpWGAEZhhwBGL4gARvuIAEbJiQBGlIoARmGLAEYujABG+4wARsiNAEaVjgBGYY8ARi+Q
AEb7kABGyZEARpSSAEZhkwBGL5QARvuUAEbJlQBGlJYARmGXAEYvmABG+5gARsiZAEaUmgBG
YZsARi6cAEb8nABGyZ0ARpSeAEZinwBGL6AARvugAEbJoQBGlaIARmGjAEYupABG/KQARsml
AEaUpgBGYacARi+oAEb8qABGyakARpSqAEZhqwBGL6wARvusAEbIrQBGlK4ARmGvAEYvsABG
/LAARsixAEaUsgBGYbMARi60AEb8tABGyLUARpS2AEZhtwBGL7gARvu4AEbJuQBGlLoARmG7
AEYuvABG/LwARsm9AEaUvgBGYb8ARi7AAEb7wABGycEARpXCAEZiwwBGL8QARvvEAEbJxQBG
lcYARmHHAEYuyABG/MgARsnJAEaUygBGYcsARi/MAEb7zABGyc0ARpTOAEZizwBGLtAARvzQ
AEbI0QBGldIARmLTAEYu1ABG+9QARsjVAEaU1gBGYtcARi7YAEb82ABGyNkARpTaAEZh2wBG
LtwARvvcAEbI3QBGld4ARmLfAEYu4ABG/OAARsnhAEaU4gBGYeMARi/kAEb85ABGyOUARpTm
AEZi5wBG</AssayXData><AssayYData Points="1500">ly27QDBYu0CBSbtAN4W7QC54u0AHcrtAaaK7QJKAu0A1drtAgHu7QNeDu0CDgbtAMm67QEiY
u0D3m7tAgnG7QLV7u0DOlLtA2rG7QIK0u0CRl7tA2na7QOWEu0BbqrtAup+7QJyfu0C0kLtA
OKS7QPCFu0CRnLtAWZm7QNScu0BxgbtA/r27QMZ4u0Dkl7tAV6e7QPunu0AijLtAXai7QAyn
u0CFnLtAqa67QMDLu0ANjrtAk6q7QPayu0DflbtAg5m7QHe5u0AwortAXqK7QKLXu0AZl7tA
t467QKzLu0DYlbtA2Ju7QJi+u0AizrtAgIu7QIOxu0DM1LtA+a+7QP6Yu0AOxrtAbKm7QI+Z
u0DytLtA2p27QAKAu0CCw7tAt6+7QAq4u0BKwLtAUsW7QBCsu0BmoLtAEqm7QEzCu0DykbtA
bru7QD+Qu0AEi7tAe+e7QN+9u0DkkrtAH+O7QOrJu0Dcy7tApt27QJ3Hu0ArmrtABbq7QNrK
u0BcqbtAqKG7QKfiu0C9uLtAvqS7QFqvu0B5qbtAUrS7QKTfu0DXwLtAxJG7QHPZu0DhnLtA
gZW7QATHu0BLxbtAGLG7QIXAu0D/5LtAE5i7QNPRu0AI0btA7sq7QA+yu0C5/rtAu6q7QO2h
u0AoyrtAm7S7QJqfu0ByxrtAgMS7QJfYu0Dht7tAHNG7QDW7u0CI2LtAybK7QCzJu0Byr7tA
vae7QO+7u0ChzLtAxMK7QOfGu0BmpLtAq5y7QKCju0AyyLtAL8e7QF+7u0A7r7tA7ca7QJGv
u0BIlLtALMO7QCavu0D6sbtAgdC7QEPMu0Cas7tAxtG7QNDDu0CtzrtAQa+7QIERvEDjvbtA
U527QPfbu0Ddx7tAq8u7QB++u0Bv47tAjfG7QPS6u0Dd0LtA/c+7QPrIu0D52LtAjNa7QLHW
u0AQzrtAu+m7QE+9u0D/ALxAtfC7QF/Ju0CF3LtAJPO7QLKou0Cs7LtA/eK7QH6yu0Ce0btA
27G7QKO7u0Dvq7tAwei7QIzAu0ABtbtAzsK7QGbKu0BesrtAn8i7QObbu0Bfv7tAP9S7QETg
u0ALu7tAD9m7QJLTu0D2zLtAF8W7QCzqu0Ad4btAidC7QHb0u0CI27tAU7G7QAbYu0Cy9btA
Bsy7QCmru0BB6rtAgLS7QA7xu0DdzLtAW9W7QBm/u0AD8rtAkNG7QO68u0DzFbxAeeS7QDrQ
u0BF1LtAzMG7QMmzu0B42LtAMeO7QMHBu0Ck1rtAj967QCO6u0BAsrtA9PC7QH3Yu0BnyLtA
d8u7QNvbu0AksbtAnN67QGHGu0AgzrtACPy7QMTvu0CdsrtANOK7QLDPu0Cs4rtAFsu7QLK6
u0C7+btATbe7QLPnu0AB27tAoLu7QBTlu0Aj9LtAgNq7QNfSu0AM4LtA0t27QIr9u0Dz5btA
N+O7QEHYu0CEC7xAIsa7QKWzu0D947tAj9u7QJLdu0Df7rtAXNW7QCLNu0D417tAAAe8QH/M
u0BO8btAn/a7QKHKu0AlCbxA1u27QN7su0Ca1rtAGf67QH7ju0DDq7tACt+7QEbCu0CM4rtA
rMa7QHjXu0BF27tAgOy7QLXmu0DxwrtA9AG8QPzQu0AuAbxAQ+a7QP36u0DW7btAw8e7QGji
u0Bqu7tA8dm7QALiu0As7rtAXcW7QGD7u0BWEbxARvi7QC/mu0CuI7xAT9a7QJjdu0BF/btA
PM+7QODAu0AI77tAzdW7QH7Vu0Dl6LtAxOa7QLDau0BkFrxAV+S7QHDAu0DC8rtAive7QEvc
u0ALyLtAliK8QIPKu0AR97tA0ue7QO8CvEAl5rtAQuu7QLcBvEAv3LtArfm7QOwDvEAf6rtA
d9G7QGfXu0C+47tAyRG8QHHTu0D38LtAUu67QKrqu0D16btAjPO7QH77u0B63btAxdC7QNrt
u0Dg17tA5tu7QNkOvEC/2LtAgc27QJP6u0C36btAsdq7QHYOvEDxAbxAO/m7QNPqu0DOBLxA
Wva7QEP7u0CEDLxAoeW7QD/6u0DRHrxAc+y7QA/Pu0CO+btAD/27QNXku0CJCLxA+Sy8QMX+
u0DS8btAz/y7QEbnu0AK1btA5QC8QMDuu0A6zLtAnum7QOUNvEAx5LtAO/m7QLsYvEDw/rtA
+fS7QFUavEAC0btA1P27QHEXvEAs1btAo+m7QEf4u0C117tAsL67QNDdu0Bj47tAuOm7QCnp
u0D45rtACdK7QAr6u0Bh9rtAtQi8QOoOvEDfGbxA5ga8QM7ru0BjPLxACM27QH0DvECn9rtA
SAS8QMHXu0BoEbxAX/K7QEb2u0D02rtAWv+7QP/lu0BnAbxArxy8QAoHvECZ/btAQy28QFUP
vEBA+rtALh68QAwDvEBv6btAHCa8QLcSvECCEbxA+AO8QKkIvECxyrtAwv67QJMMvECM8btA
HPW7QGgdvECyJLxAwAi8QEMOvEB/CrxAEPy7QOAtvECc77tA5ei7QDAjvEDr7rtA5+C7QOcT
vEDkELxA6+q7QJwEvEDGD7xAcf+7QLYbvEANM7xAlOi7QFcJvEBAIbxAfym8QGTZu0A8D7xA
8xG8QJYcvEBUDLxAyia8QPL+u0DQDbxALRK8QND+u0AMMbxAFyC8QKLou0DBKLxAICW8QD0u
vEDU5rtAXS28QBgNvEBP9btA9CS8QM8GvEDsDbxAOB68QCg3vEBU/LtAawG8QFgAvEC+zLtA
kfa7QIMXvEDR9btA2++7QGkWvEDnDrxAfve7QBgyvEBxALxAxN+7QG8SvEDO/rtAWvG7QBQZ
vEBEEbxA0/C7QOgHvEDjJ7xAGxG8QAEXvEBSILxA/Bu8QIoLvEBUHbxATgG8QMDvu0DlIbxA
uvu7QBsEvEDA/rtA5RW8QBwOvEDhI7xA0/S7QJ0UvEDu+btAAym8QEnzu0D6A7xA3QS8QNL0
u0CV77tAlAS8QK8SvEBr97tAvxa8QJ4YvEBsALxALSy8QK4cvECl67tAORi8QDYfvEAB+rtA
kAS8QGEsvEBEILxAOuS7QI0WvEBLJrxAhN+7QM0ZvEDWGLxAGeq7QC8CvEBkBbxAvg+8QKD/
u0CzGbxAqRS8QBISvEBQKLxARtu7QIUNvECrN7xAKBm8QMXmu0CnLrxAHxi8QOz4u0AkIbxA
4Qa8QPoRvEAkGbxAwSq8QGkdvEBL9rtAAh28QHgBvECu8btAREy8QKkSvEAv47tAQhy8QIQn
vEBH+7tA5wC8QDEYvEBB9LtAXhm8QKoZvECtFrxAgQe8QBoivEBMKrxANBO8QG0dvECNLLxA
hA28QEMgvED0HrxAJg68QIsUvEDQMLxAtye8QNr8u0DtEbxA4A28QNEdvEAVLrxAPOq7QJYD
vEDNILxAc/S7QOz6u0B0HrxAmQe8QCTzu0B/KLxAswy8QFwDvEBZQ7xAXxm8QG0DvEBoQbxA
1Pm7QG8DvECnKrxAARm8QBsKvECKM7xAcjq8QEhkvEDaJ7xA1U68QHD8u0DgPLxAzC+8QJAI
vEA4JrxA3iS8QGpPvEAHDrxAoQW8QMg8vEDzHLxAK/+7QG04vEBZHrxAmyO8QGY7vEAgLrxA
Oh68QEwxvECdNrxA8xC8QCcavEB8L7xAvB+8QK1NvECtX7xAyAS8QL8MvEA/NLxAk/m7QMMq
vEAcGbxAoxu8QAocvEC8O7xAXjG8QJkNvEDELrxAqiW8QAENvEBaQbxANSG8QM0PvEAdMbxA
MTu8QF78u0DgJ7xAjDG8QLw1vEBw+7tAQD+8QIwqvEBROrxAb1K8QGYbvEChQLxAsSS8QEg7
vEASSbxAWgy8QKMzvEBnNrxAfB+8QChIvEDYK7xA2lm8QDxDvEBbQLxAVBK8QH5jvECnDLxA
/Fq8QIgpvEBMZ7xAQBm8QFUmvECwSrxAbx+8QCw3vEBiabxAjTa8QCQfvEDGVbxAYGW8QMAT
vEBNTrxA3jG8QHYivEBNQ7xAKxS8QFMdvEBiKrxAUka8QOtdvEBTYbxAiGK8QGVavEA/OLxA
XUS8QNpJvEASTLxAoEy8QMw4vECULLxAdki8QCQhvEBDLLxAUmK8QMQzvEAkH7xALjG8QENX
vEDbTbxApEO8QF1bvECiWbxA+Eu8QAhLvEBdU7xANyy8QL1LvEABMrxArSO8QHxXvEC0brxA
8Em8QJo5vEDeO7xA1Sm8QHk+vEDVarxAcjy8QL1SvEC9XLxA9TO8QCtCvEAFR7xAhW+8QAQh
vEB6SbxAJU+8QCo+vEAvJLxATFa8QA42vEAWU7xAslC8QNs6vEABRrxAmXi8QPBAvEAFO7xA
Z3O8QJhNvEClILxAQFi8QI9qvECKUrxAylG8QDeBvEBnU7xAOFC8QOxSvEA0P7xAZkW8QKNk
vEA2YLxAuja8QBBgvEDWXbxAbzW8QDlLvEBdUrxA4C+8QOwzvEC5eLxAeT28QAhfvEA1eLxA
W1K8QDY2vEDiY7xA6lq8QChgvECURLxAniq8QOAuvEDqXLxAtm+8QIhhvEAEfLxAemW8QDMV
vEDBbrxA9VC8QHhAvEBlWrxAtS68QBZtvED6KbxAymy8QKU9vEBnK7xAjFK8QDQ9vEADcbxA
OUe8QCtUvECUQrxAbUe8QLlFvEBoQrxAs0W8QG84vEAwLrxA/l68QO6OvEBVULxAcke8QDR+
vECWPbxAWEC8QIBtvEBBMbxAzmG8QFBivED0RrxAYVK8QDluvEBVUrxAGm28QBFevEAwLLxA
iiO8QJFpvEDVa7xA4GG8QCBbvECtdLxAQHK8QHdIvECWU7xA21C8QAY7vEDxVLxA/EK8QGdZ
vEATLbxAHky8QE9tvEBvYLxA/1m8QLlavEAAJrxAnm28QPFevEDOU7xAkVO8QP1lvEA/QrxA
sk68QEV5vEB4RbxAqV68QCRtvEBJPrxAtj28QPpxvEBQV7xAt0G8QOCAvEBHVrxAa0i8QLF/
vEBnTbxAGkW8QFZ9vEB9TrxAC0G8QKhtvECkarxAoj+8QNxOvEAZgrxAIFu8QK1rvEAvfrxA
/UK8QHU+vEBqpbxA7Fa8QHpLvEAKY7xAPzm8QEEzvEAehLxAlUm8QMJ7vEDjQ7xAQGa8QPBS
vECmaLxAcXu8QIxnvEBFarxA13+8QFFNvECkb7xADYW8QH45vEDxWrxAP4S8QLF4vEClabxA
OV68QLBtvEAdRbxA0XW8QJBsvECHjLxAMHq8QCtMvECaVLxAcJW8QNqEvECTQrxAPUu8QK9t
vED+cLxAmVi8QB9zvEB0grxANnC8QDCEvECYd7xARDK8QF9fvEBzsbxAvK+8QAZlvEDbh7xA
z5W8QOlyvEDLmbxAY268QKtYvEAYfbxAPZm8QA1QvEA+UbxAdYG8QEpmvECkcbxARmK8QGBm
vEBzTrxAdYW8QPl6vEBIgrxA2nu8QINrvEA3WrxAs4u8QIKavEABXbxAs3m8QBGsvECsYbxA
SUi8QPaIvEAuZbxA85a8QDB6vEC0hbxAg2y8QLy0vEAbc7xAF1a8QPmHvEDoYbxApVi8QDyH
vEBbb7xAHXW8QF1yvECYVLxAs2O8QJtLvEDJj7xA22y8QEV4vEB+mbxACma8QNx/vED5qLxA
N1W8QKhkvEAymLxApG68QKtQvEDSjbxAlne8QE58vEA5YrxAdXa8QOh4vEBYdrxA6Yq8QIJs
vEB/dbxAMVu8QBZlvEBriLxAQlm8QAxyvED2ZbxAxaK8QIBnvEBqRrxAin+8QF2uvECGl7xA
fmO8QM2LvEDZaLxAK128QGiYvECeb7xACXO8QLSPvEDWlLxA8oa8QJldvEDss7xA8ZW8QKJs
vEDuwLxArG+8QGOAvEC6rrxA8XK8QE+AvEDZorxAfHe8QCKJvEBpkrxAVny8QAVavECFubxA
Kau8QHllvEA7irxAoaG8QMRnvEDIg7xA28y8QAWHvECpnrxAR4u8QFiHvEAarLxA+Jm8QJyC
vEDlTLxAK428QJmCvEDJm7xAd3y8QLalvED3crxAkpu8QHyQvECwhLxAh4y8QPqDvEB/gbxA
mXO8QCOQvEBppLxAqHi8QLWlvEDojbxApWi8QI+vvEBQs7xAYX28QG6PvECfiLxAnn28QNV4
vECzvrxArHy8QCGcvEBrurxAcKG8QH+UvECEp7xANJu8QLCdvEBlrbxAqoK8QDNdvEA2krxA
85G8QAlxvEAmeLxAuqm8QFBhvECVgrxAQna8QP6ovECVh7xAYp+8QOC+vEBOr7xAY5u8QIet
vEC1kbxA/5e8QBiQvED4drxA06q8QNGPvEB4grxApK68QN+gvEB8e7xA9p28QD2WvEDzg7xA
v4a8QIKevEDrk7xA8Yy8QN62vEDixbxAMoG8QPiYvEDdjbxA5m68QK+YvECLo7xAep+8QM+y
vECel7xAQnG8QJl/vECdqLxAU7u8QMVdvEDbobxA64C8QPlivEARpLxAO6S8QGFovEC8ubxA
u968QPKfvEBonLxA7bG8QPafvEDbjLxAmJ68QGKOvEDGurxAmce8QIOSvEA7a7xARJW8QMm3
vEB7nLxAkH68QE++vEC8lbxAaY+8QEqlvEAXm7xARH+8QP27vEDvv7xAt6+8QLLAvEBatLxA
/om8QAqYvEATirxAnnu8QMu9vEAi2bxAzoW8QMSJvEA0p7xASK68QDhpvEAsk7xAm8O8QDe2
vEAOtLxAZH68QEZ2vEBKtLxAXWq8QJGMvEAVj7xAE6i8QOCwvEAirrxA5LO8QKCvvEDnybxA
Zry8QBGnvEBaqbxA0qa8QL+AvECZgrxAPsC8QLGevEBwXLxAIpq8QHm4vEB9rLxAz7i8QKfP
vEDBn7xABbK8QHe9vEBtlbxAspq8QHO3vECPn7xA+nO8QLOzvECMsrxAUa28QGKrvEDNrLxA
8IC8QEmzvEBrpbxAvIS8QMmOvECOr7xAsIa8QFG4vED9s7xA1qO8QMKOvEDurbxA7py8QPS1
vECBrrxAEdK8QGSuvEBLzrxAvaK8QB5qvECHrrxAe8S8QB2ZvEAws7xAJbW8QCO2vEAJmLxA
2sm8QE2jvECbvLxAHey8QGqWvEAeqbxAoLu8QDaZvEAqh7xAM7u8QIrCvEA/vLxAFre8QNnA
vEDMorxA/bC8QFfXvECjrLxAFqO8QH/SvEDerrxAKJi8QNqRvEAJw7xAYI68QPOSvEDAqbxA
rZW8QFWTvEBCtrxAzcu8QJK8vEBqorxA8LC8QACxvEDG1bxAD5y8QMqavEBlprxAQry8QM6g
vEANo7xAEtO8QLSivEB9trxAvtC8QK+uvECPirxAFte8QMS/vEBYwrxAQ8q8QIiivEDYoLxA
bLe8QAi7vEDtsbxAocq8QMq+vEBbjLxAu5e8QHe2vEAonLxA6r+8QN+0vEDZrbxA+ci8QOOa
vEAcurxAq7C8QPbjvEABn7xA0Zy8QJ+pvECqvrxAJYy8QG6ovECWorxAr8C8QACyvEAb0LxA
5Ya8QJ28vEC1tLxA0KG8QBDnvECK9LxAZKy8QGenvEDr07xALci8QOSevEB97rxA8cq8QBmz
vEDD0rxAuLi8QB2YvEAD6LxA37y8QAjIvEAbtrxAvrq8QLOqvECK2LxAdrW8QJDxvEAKxLxA
7sW8QInUvEBV0LxA88e8QMLYvEBHobxAB7y8QKS4vEDfy7xApNy8QFK7vECJzLxAT6q8QLrS
vECBm7xAwZC8QCXEvEA36bxAu5+8QDPfvEDHz7xAOcG8QNDKvED2tLxAKde8QG6xvEDi4bxA
88S8QIHxvEAEyrxAmbu8QHuhvEDU17xAg7m8QGCQvEA747xAWKa8QI2avEAIybxANry8QOfG
vEBW47xAmPy8QLvXvEDTx7xAOtW8QEzkvEBZlbxAwdS8QGbfvECIyLxAqL28QLbDvEBKyLxA
TNS8QPvIvEDTorxATc28QEK3vEDdrbxAGMW8QLDPvEAL3LxAwcG8QNbdvEDwy7xAese8QEXV
vEAcprxA</AssayYData></Step><Step><CommonData><SampleLocation>5</SampleLocation><SampleID>Glycine</SampleID><SampleGroup></SampleGroup><SampleInfo></SampleInfo><SampleRow>B</SampleRow><SamplePlate>1</SamplePlate><WellType>REGENERATION</WellType><Concentration>-1</Concentration><ConcentrationUnits>µg/ml</ConcentrationUnits><MolarConcentration>-1</MolarConcentration><MolarConcUnits>nM</MolarConcUnits><MolecularWeight>0</MolecularWeight><Temperature>30</Temperature><StartTime>9347402</StartTime><AssayTime>5</AssayTime></CommonData><FlowRate>1000</FlowRate><StepType>KREGENERATION</StepType><StepName>Regeneration</StepName><StepStatus>OK</StepStatus><ActualTime>4.9998</ActualTime><CycleTime>0.2</CycleTime><AssayXData Points="25">L+gARv3oAEbK6QBGluoARmPrAEYv7ABG/OwARsrtAEaV7gBGYu8ARi/wAEb98ABGyfEARpXy
AEZj8wBGMPQARv30AEbJ9QBGlfYARmL3AEYw+ABG/PgARsn5AEaW+gBGYvsARg==</AssayXData><AssayYData Points="25">0zMiQO+THUDkIxxAjucaQKdxGkDLthlA00UYQM5zF0ByQxZA3igVQFWMFEAPaRNAgCYSQDYn
EUAmahBAXH8PQJxdDkCKFw5AMkkNQHKEDEBCLgxAfKgLQPjmCkCdVwpARhsKQA==</AssayYData></Step><Step><CommonData><SampleLocation>6</SampleLocation><SampleID>PBS</SampleID><SampleGroup></SampleGroup><SampleInfo></SampleInfo><SampleRow>B</SampleRow><SamplePlate>1</SamplePlate><WellType>NEUTRALIZATION</WellType><Concentration>-1</Concentration><ConcentrationUnits>µg/ml</ConcentrationUnits><MolarConcentration>-1</MolarConcentration><MolarConcUnits>nM</MolarConcUnits><MolecularWeight>0</MolecularWeight><Temperature>30</Temperature><StartTime>9360487</StartTime><AssayTime>5</AssayTime></CommonData><FlowRate>1000</FlowRate><StepType>KREGENERATION</StepType><StepName>Regeneration</StepName><StepStatus>OK</StepStatus><ActualTime>5.00078</ActualTime><CycleTime>0.2</CycleTime><AssayXData Points="25">L/wARv38AEbJ/QBGlv4ARmP/AEYvAAFG/AABRskBAUaWAgFGYgMBRi8EAUb9BAFGyQUBRpYG
AUZiBwFGLwgBRvwIAUbJCQFGlgoBRmILAUYvDAFG/AwBRskNAUaWDgFGYw8BRg==</AssayXData><AssayYData Points="25">uo+sQIM1rUDFv61Agg2uQH1brkD3u65ArAavQDkir0BkMq9A0nuvQKarr0Dnw69AmfGvQHUj
sEA0ALBAhkewQJs7sEDuRbBA/3OwQB91sEBjjbBAwJawQMvIsECuoLBAzcewQA==</AssayYData></Step><Step><CommonData><SampleLocation>5</SampleLocation><SampleID>Glycine</SampleID><SampleGroup></SampleGroup><SampleInfo></SampleInfo><SampleRow>B</SampleRow><SamplePlate>1</SamplePlate><WellType>REGENERATION</WellType><Concentration>-1</Concentration><ConcentrationUnits>µg/ml</ConcentrationUnits><MolarConcentration>-1</MolarConcentration><MolarConcUnits>nM</MolarConcUnits><MolecularWeight>0</MolecularWeight><Temperature>30</Temperature><StartTime>9373566</StartTime><AssayTime>5</AssayTime></CommonData><FlowRate>1000</FlowRate><StepType>KREGENERATION</StepType><StepName>Regeneration</StepName><StepStatus>OK</StepStatus><ActualTime>4.9998</ActualTime><CycleTime>0.2</CycleTime><AssayXData Points="25">MBABRv4QAUbKEQFGlxIBRmQTAUYwFAFG/RQBRsoVAUaXFgFGZBcBRjEYAUb9GAFGyhkBRpYa
AUZjGwFGMBwBRv0cAUbLHQFGlx4BRmMfAUYwIAFG/SABRsohAUaWIgFGYyMBRg==</AssayXData><AssayYData Points="25">T5gXQPNZEkAt0Q9AVIcOQFWgDUByOwxA72YLQJGpCkCoEQpA04EJQDG5CEDtJghAQ7cHQDq0
B0AFFgdAD78GQJmeBkD7agZAvp0FQPaOBUCOWwVATdoEQNSwBEC2mARA+20EQA==</AssayYData></Step><Step><CommonData><SampleLocation>6</SampleLocation><SampleID>PBS</SampleID><SampleGroup></SampleGroup><SampleInfo></SampleInfo><SampleRow>B</SampleRow><SamplePlate>1</SamplePlate><WellType>NEUTRALIZATION</WellType><Concentration>-1</Concentration><ConcentrationUnits>µg/ml</ConcentrationUnits><MolarConcentration>-1</MolarConcentration><MolarConcUnits>nM</MolarConcUnits><MolecularWeight>0</MolecularWeight><Temperature>30</Temperature><StartTime>9386636</StartTime><AssayTime>5</AssayTime></CommonData><FlowRate>1000</FlowRate><StepType>KREGENERATION</StepType><StepName>Regeneration</StepName><StepStatus>OK</StepStatus><ActualTime>5.00078</ActualTime><CycleTime>0.2</CycleTime><AssayXData Points="25">MCQBRv0kAUbLJQFGliYBRmMnAUYxKAFG/SgBRsopAUaWKgFGYysBRjEsAUb9LAFGyi0BRpYu
AUZkLwFGMTABRv0wAUbLMQFGljIBRmMzAUYwNAFG/jQBRss1AUaXNgFGZDcBRg==</AssayXData><AssayYData Points="25">+SysQPa+rEDlQa1A6qitQGkJrkBuZa5AFXuuQHvLrkCa/65AcSWvQFBfr0C5hK9A7pavQA6t
r0Djxq9AKQOwQCP/r0BPC7BA3iywQNpPsEBdN7BApWmwQG19sEDce7BA2X2wQA==</AssayYData></Step><Step><CommonData><SampleLocation>5</SampleLocation><SampleID>Glycine</SampleID><SampleGroup></SampleGroup><SampleInfo></SampleInfo><SampleRow>B</SampleRow><SamplePlate>1</SamplePlate><WellType>REGENERATION</WellType><Concentration>-1</Concentration><ConcentrationUnits>µg/ml</ConcentrationUnits><MolarConcentration>-1</MolarConcentration><MolarConcUnits>nM</MolarConcUnits><MolecularWeight>0</MolecularWeight><Temperature>30</Temperature><StartTime>9399728</StartTime><AssayTime>5</AssayTime></CommonData><FlowRate>1000</FlowRate><StepType>KREGENERATION</StepType><StepName>Regeneration</StepName><StepStatus>OK</StepStatus><ActualTime>5.00078</ActualTime><CycleTime>0.2</CycleTime><AssayXData Points="25">MTgBRv84AUbMOQFGmDoBRmU7AUYxPAFG/jwBRss9AUaYPgFGZT8BRjFAAUb+QAFGy0EBRpdC
AUZkQwFGMkQBRv5EAUbMRQFGl0YBRmZHAUYxSAFG/kgBRsxJAUaXSgFGZUsBRg==</AssayXData><AssayYData Points="25">m1YWQFAuEUB6qQ5ANxoNQG48DEDfJAtAU1cKQAqlCUAXcwlAgfQIQCJOCEDihwhAxcAHQB0A
B0AcBAdAUKsGQIBABkA14QVAtu8FQHSJBUCUHgVAiYYFQEsUBUAGRwVAE+gEQA==</AssayYData></Step><Step><CommonData><SampleLocation>6</SampleLocation><SampleID>PBS</SampleID><SampleGroup></SampleGroup><SampleInfo></SampleInfo><SampleRow>B</SampleRow><SamplePlate>1</SamplePlate><WellType>NEUTRALIZATION</WellType><Concentration>-1</Concentration><ConcentrationUnits>µg/ml</ConcentrationUnits><MolarConcentration>-1</MolarConcentration><MolarConcUnits>nM</MolarConcUnits><MolecularWeight>0</MolecularWeight><Temperature>30</Temperature><StartTime>9412824</StartTime><AssayTime>5</AssayTime></CommonData><FlowRate>1000</FlowRate><StepType>KREGENERATION</StepType><StepName>Regeneration</StepName><StepStatus>OK</StepStatus><ActualTime>5.00078</ActualTime><CycleTime>0.2</CycleTime><AssayXData Points="25">MkwBRv9MAUbMTQFGmE4BRmVPAUYyUAFGAFEBRs1RAUaZUgFGZlMBRjJUAUb/VAFGzFUBRphW
AUZmVwFGM1gBRv9YAUbMWQFGmVoBRmVbAUYyXAFGAV0BRsxdAUaYXgFGZl8BRg==</AssayXData><AssayYData Points="25">kDOtQKOgrUDTPa5AEceuQMX+rkDyFq9ABJKvQJK/r0C51q9A8BywQBFIsEAFZbBAwISwQBiM
sECMzLBAz+GwQBcEsUDe9bBA8zGxQKousUAfSLFAOlSxQCJksUC2XrFA0omxQA==</AssayYData></Step><Step><CommonData><SampleLocation>1</SampleLocation><SampleID>Octet Buffer</SampleID><SampleGroup></SampleGroup><SampleInfo></SampleInfo><SampleRow>A</SampleRow><SamplePlate>1</SamplePlate><WellType>BUFFER</WellType><Concentration>-1</Concentration><ConcentrationUnits>µg/ml</ConcentrationUnits><MolarConcentration>-1</MolarConcentration><MolarConcUnits>nM</MolarConcUnits><MolecularWeight>0</MolecularWeight><Temperature>30</Temperature><StartTime>9427078</StartTime><AssayTime>20</AssayTime></CommonData><FlowRate>1000</FlowRate><StepType>CUSTOM</StepType><StepName>Sensor Check</StepName><StepStatus>OK</StepStatus><ActualTime>20.0008</ActualTime><CycleTime>0.2</CycleTime><AssayXData Points="100">M2ABRgBhAUbNYQFGmWIBRmZjAUYzZAFGAGUBRs5lAUaZZgFGZ2cBRoNoAUYlaQFGzWkBRppq
AUZnawFGNGwBRgBtAUbObQFGmW4BRmZvAUY0cAFGAXEBRs5xAUaacgFGZ3MBRjR0AUYAdQFG
zXUBRpl2AUZmdwFGNHgBRgB5AUbNeQFGmXoBRmd7AUYzfAFGAX0BRs59AUaZfgFGZn8BRjOA
AUYBgQFGzYEBRpmCAUZmgwFGNIQBRgCFAUbNhQFGmoYBRmeHAUYziAFGAIkBRs6JAUaZigFG
ZosBRjOMAUYAjQFGzY0BRpmOAUZnjwFGNJABRgCRAUbOkQFGmZIBRmeTAUY0lAFGAJUBRs6V
AUaZlgFGZpcBRjSYAUYBmQFGzZkBRpmaAUZmmwFGM5wBRgCdAUbNnQFGmp4BRmafAUY0oAFG
AKEBRs2hAUaZogFGZ6MBRjOkAUYApQFGzqUBRpmmAUZmpwFGM6gBRgCpAUbNqQFGmaoBRmar
AUY0rAFGAK0BRs6tAUaZrgFGZ68BRg==</AssayXData><AssayYData Points="100">u9mqQMOWqEBu+6ZACL6lQBUQpUDrf6RAgCWkQJ74o0Ba76NANvWjQODeo0D596NAPuqjQEEx
pEBUNKRA7SKkQB8ZpEA/P6RAESakQN02pEAAYKRAzXekQD9wpEDHo6RAHZikQN1wpED4tKRA
yaCkQMfFpED7gaRAf8ekQGXOpEC5yKRAvNykQIK9pEBs3aRAMeKkQCrrpEA5EqVAVPikQEoL
pUAZ56RApCqlQFY0pUBlD6VA2zilQLY2pUATIqVA5CClQFNKpUBiSKVAszOlQL5UpUDkWqVA
x0mlQKNipUDye6VAnZ6lQB5epUC2d6VA0oKlQJSZpUCqkKVAn3WlQLmGpUCTsaVAaM+lQLmh
pUDj3qVAya6lQJ6rpUBL2KVAvNelQJTGpUB4sKVA6eelQAHspUCAyqVAHM+lQPjopUCexqVA
MxGmQBb4pUC956VAHwymQP/fpUAPAaZAXQimQEQqpkBi+6VABuylQH8UpkD3I6ZAteqlQGIe
pkCABqZAjyqmQLQmpkDHOKZAFDSmQA==</AssayYData></Step><Step><CommonData><SampleLocation>2</SampleLocation><SampleID>SI-157X66_P5568</SampleID><SampleGroup></SampleGroup><SampleInfo></SampleInfo><SampleRow>B</SampleRow><SamplePlate>1</SamplePlate><WellType>KLOAD</WellType><Concentration>5</Concentration><ConcentrationUnits>µg/ml</ConcentrationUnits><MolarConcentration>5000</MolarConcentration><MolarConcUnits>nM</MolarConcUnits><MolecularWeight>0</MolecularWeight><Temperature>30</Temperature><StartTime>9456017</StartTime><AssayTime>120</AssayTime></CommonData><FlowRate>1000</FlowRate><StepType>LOADING</StepType><StepName>Loading</StepName><StepStatus>OK</StepStatus><ActualTime>120.001</ActualTime><CycleTime>0.2</CycleTime><AssayXData Points="600">NLABRgGxAUbOsQFGmrIBRmezAUY0tAFGArUBRs+1AUabtgFGZ7cBRjW4AUYCuQFGzrkBRpu6
AUZouwFGNLwBRgG9AUbOvQFGm74BRmi/AUY0wAFGAsEBRs7BAUaawgFGaMMBRjXEAUYBxQFG
zsUBRprGAUZnxwFGNcgBRgHJAUbPyQFGmsoBRmfLAUY0zAFGAc0BRs7NAUabzgFGZ88BRjXQ
AUYB0QFGztEBRpvSAUZn0wFGNNQBRgLVAUbP1QFGmtYBRmfXAUY02AFGAtkBRs7ZAUaa2gFG
aNsBRjTcAUYB3QFGzt0BRpveAUZo3wFGNeABRgHhAUbP4QFGm+IBRmfjAUY05AFGAeUBRs/l
AUaa5gFGZ+cBRjXoAUYB6QFGzukBRprqAUZn6wFGNOwBRgHtAUbP7QFGm+4BRmjvAUY08AFG
AfEBRs/xAUaa8gFGZ/MBRjX0AUYB9QFGz/UBRpr2AUZo9wFGNPgBRgL5AUbO+QFGmvoBRmf7
AUY0/AFGAf0BRs/9AUaa/gFGaP8BRjQAAkYBAQJGzgECRpoCAkZnAwJGNQQCRgEFAkbPBQJG
mgYCRmcHAkY0CAJGAQkCRs8JAkaaCgJGZwsCRjQMAkYBDQJGzg0CRpsOAkZoDwJGNBACRgER
AkbPEQJGmhICRmcTAkY0FAJGARUCRs4VAkaaFgJGaBcCRjQYAkYCGQJGzhkCRpoaAkZoGwJG
NBwCRgIdAkbOHQJGmx4CRmcfAkY0IAJGASECRs8hAkaaIgJGZyMCRjUkAkYCJQJGzyUCRpom
AkZnJwJGNSgCRgEpAkbOKQJGmyoCRmgrAkY0LAJGAi0CRs4tAkabLgJGaC8CRjQwAkYCMQJG
zjECRpoyAkZnMwJGNTQCRgI1AkbPNQJGmjYCRmc3AkY0OAJGATkCRs85AkaaOgJGZzsCRjQ8
AkYBPQJGzj0CRpo+AkZnPwJGNEACRgFBAkbPQQJGm0ICRmhDAkY0RAJGA0UCRs5FAkaaRgJG
aEcCRjRIAkYBSQJGzkkCRppKAkZnSwJGNEwCRgFNAkbPTQJGm04CRmdPAkY1UAJGAVECRs5R
AkaaUgJGaFMCRjRUAkYBVQJGzlUCRppWAkZnVwJGNFgCRgJZAkbPWQJGm1oCRmhbAkY1XAJG
AV0CRs9dAkaaXgJGaF8CRjRgAkYCYQJGzmECRppiAkZoYwJGNWQCRgFlAkbPZQJGmmYCRmdn
AkY1aAJGAWkCRs5pAkaaagJGZ2sCRjRsAkYCbQJGzm0CRptuAkZobwJGNHACRgFxAkbPcQJG
m3ICRmhzAkY1dAJGAnUCRs51AkaadgJGZ3cCRjV4AkYBeQJGz3kCRpt6AkZoewJGNHwCRgF9
AkbOfQJGm34CRmd/AkY0gAJGAYECRs6BAkabggJGZ4MCRjSEAkYChQJGz4UCRpqGAkZnhwJG
NIgCRgGJAkbOiQJGmooCRmeLAkY0jAJGAo0CRs+NAkabjgJGaI8CRjSQAkYBkQJGzpECRpqS
AkZokwJGNJQCRgGVAkbOlQJGmpYCRmiXAkY1mAJGAZkCRs+ZAkaamgJGZ5sCRjWcAkYCnQJG
zp0CRpueAkZonwJGNKACRgKhAkbPoQJGm6ICRmejAkY0pAJGAaUCRs6lAkaapgJGaKcCRjSo
AkYCqQJGz6kCRpuqAkZnqwJGNawCRgGtAkbOrQJGm64CRmivAkY0sAJGAbECRs6xAkabsgJG
aLMCRjS0AkYBtQJGzrUCRpq2AkZntwJGNLgCRgK5AkbPuQJGmroCRme7AkY1vAJGAb0CRs+9
AkabvgJGZ78CRjTAAkYCwQJGz8ECRprCAkZowwJGNMQCRgHFAkbOxQJGmsYCRmfHAkY1yAJG
AckCRs/JAkaaygJGaMsCRjXMAkYBzQJGzs0CRprOAkZnzwJGNtACRgLRAkbO0QJGmtICRmjT
AkY01AJGAtUCRs7VAkaa1gJGZ9cCRjTYAkYC2QJGztkCRpraAkZo2wJGNNwCRgHdAkbP3QJG
mt4CRmffAkY04AJGAuECRs7hAkaa4gJGZ+MCRjTkAkYC5QJGzuUCRpvmAkZn5wJGNegCRgHp
AkbO6QJGmuoCRmfrAkY07AJGAu0CRs7tAkaa7gJGZ+8CRjTwAkYC8QJGzvECRpryAkZn8wJG
NPQCRgH1AkbP9QJGmvYCRmf3AkY1+AJGAvkCRs75Akab+gJGZ/sCRjT8AkYC/QJGzv0CRpv+
AkZn/wJGNAADRgEBA0bOAQNGmgIDRmcDA0Y0BANGAgUDRs4FA0abBgNGaAcDRjUIA0YBCQNG
zgkDRpsKA0ZoCwNGNQwDRgINA0bPDQNGmg4DRmcPA0Y0EANGAhEDRs4RA0aaEgNGZxMDRjUU
A0YBFQNGzhUDRpsWA0ZoFwNGNBgDRgEZA0bOGQNGmhoDRmgbA0Y0HANGAR0DRs8dA0aaHgNG
Zx8DRjQgA0YCIQNGziEDRpoiA0ZoIwNGNCQDRgElA0bOJQNGmyYDRmcnA0Y1KANGAikDRs4p
A0aaKgNGZysDRjUsA0YCLQNGzy0DRpouA0ZnLwNGNDADRgExA0bOMQNGmzIDRmczA0Y0NANG
ATUDRs41A0aaNgNGaDcDRjQ4A0YCOQNGzjkDRps6A0ZoOwNGNDwDRgI9A0bPPQNGmj4DRmc/
A0Y1QANGAUEDRs5BA0aaQgNGaEMDRjVEA0YBRQNGzkUDRptGA0ZnRwNGNUgDRgFJA0bOSQNG
mkoDRmdLA0Y1TANGAU0DRs9NA0abTgNGZ08DRjRQA0YBUQNGzlEDRppSA0ZoUwNGNVQDRgFV
A0bPVQNGm1YDRmhXA0Y0WANGAVkDRs5ZA0abWgNGZ1sDRjRcA0YCXQNGz10DRpteA0ZnXwNG
NGADRgFhA0bOYQNGmmIDRmhjA0Y1ZANGAmUDRs9lA0aaZgNGZ2cDRjRoA0YBaQNGzmkDRptq
A0ZnawNGNGwDRgFtA0bPbQNGmm4DRmhvA0Y1cANGAXEDRs5xA0abcgNGaHMDRjR0A0YBdQNG
znUDRpt2A0ZodwNGNHgDRgF5A0bOeQNGm3oDRmd7A0Y1fANGAn0DRs59A0aafgNGZ38DRjSA
A0YBgQNGzoEDRpqCA0ZngwNGNIQDRgGFA0bPhQNGmoYDRmeHA0Y1iANGAYkDRs6JA0aaigNG
aIsDRjSMA0YBjQNGzo0DRpqOA0ZojwNG</AssayXData><AssayYData Points="600">ZuulQO5gpkCHqKZAwzynQOc+p0Dkh6dAu6enQGrLp0AA8adA/RCoQJYyqEDFX6hAvWWoQHql
qEBLw6hAf9aoQBTvqEAqGqlAsjqpQOhFqUDcdKlAd4OpQC6XqUBrw6lA/M+pQIH6qUDQJqpA
DhqqQCwmqkDZR6pAUmiqQJeSqkAwl6pAe5KqQOT3qkB65qpA/OWqQDk7q0CtJatAFGirQLhk
q0AflatAEHyrQOKxq0Cnu6tAeMKrQDvgq0Ai7qtAyxysQKtDrEA9X6xA/3KsQM5xrEAtcqxA
r8msQGa3rECu56xAbPusQBEDrUAoNa1AYzCtQIQvrUBSXK1A/5KtQAqOrUDAj61ADLGtQLPi
rUAm8K1A/vWtQLkIrkBA+K1A9j2uQNcsrkBZC65ApJmuQGORrkCqk65AksWuQMS9rkAU3q5A
AeuuQBIKr0AWIa9A+0mvQM1Br0BqT69AYDOvQHVbr0D+pa9AbWuvQNV5r0DqnK9AarqvQEi8
r0CR1q9AlgWwQGEesED38q9A5C2wQEROsEDYd7BAmlGwQDhYsEBdebBAGZywQBubsEC1jbBA
xdewQPLGsEDj5bBAfNSwQKb/sEBGFrFA5DyxQPZlsUA5dLFArlmxQDV9sUAOdbFAzoKxQOeo
sUCbgrFAS8ixQAOysUAGwrFAR9mxQMbisUAd+7FAsPCxQGEZskCVGLJAcyyyQDRZskCWRrJA
+EKyQOJ+skDlcLJAGYCyQJucskDay7JAm7GyQIGyskBe17JAD9KyQGrcskCo27JA1iuzQP39
skAyGrNAMjazQLcls0BgW7NAk3qzQBVos0AQSrNA04+zQMKbs0CPbrNANrCzQO/Us0DptLNA
5cGzQDPls0Ak57NA/+izQFoOtEA//bNASBi0QHMGtEDfKrRAPCO0QFBctEBScLRAFEe0QFxY
tEC/kLRAwnW0QEmHtEB1krRA9Xy0QBiUtEA3t7RA5MK0QJK5tECQ3rRAfNu0QFPXtEAW/rRA
fwa1QM39tEBTGLVASD+1QIZGtUD9G7VAyEK1QJ84tUBHRrVAIW61QMlhtUDWYbVAaWi1QExo
tUBIl7VAo5+1QJ/JtUAroLVAv621QCHDtUCrzrVAj+u1QD7GtUDdxLVAlL61QPwEtkCp7bVA
1AG2QL/vtUDiOLZAch+2QD4ptkAuDbZAxSK2QIw+tkAVUbZAfWi2QHJdtkBAhrZAnFe2QOV/
tkBJp7ZA0Z62QMWjtkC5jbZAwL22QP3UtkATv7ZAPJ22QBnFtkDQzbZARuG2QMjotkB/9LZA
ns+2QBz2tkBJBbdAQvG2QJ0Et0AxBrdAaSW3QPhEt0A7G7dAyF23QExUt0AsSbdA3Fm3QP5N
t0CcaLdAoGW3QJRmt0BvpLdAF563QOCYt0CXg7dAKbS3QIeNt0DombdAPmq3QASYt0CcxbdA
csK3QF/Ht0DF07dAguW3QAvtt0Bu77dAIfG3QBPst0Bo9bdASeq3QIP4t0AJ+bdAIPi3QGoB
uEDmE7hATg24QN1KuEAXF7hAgBm4QMhIuEBdT7hATDG4QJVhuEBTQrhAMY24QHR+uEB/rrhA
OJm4QGyNuEAtaLhArZW4QPiGuEBLnrhALrC4QIOluECazLhATJO4QHu5uEAAuLhAxte4QNPm
uEDatrhADeS4QGDjuEAU27hARO+4QF/9uED857hAdvu4QHIYuUCyCLlAlRu5QDX2uEAm9bhA
QBq5QHNCuUDxCblAZT65QJwFuUB7TblArk25QBVfuUBUWrlAq1S5QNNcuUDOYblA9U25QDKC
uUDlWrlAUmW5QDKJuUBggrlADIi5QKCSuUCstblAR4O5QIq6uUD1o7lAoJ+5QFmUuUDAx7lA
/Zu5QDSQuUB14rlA0sy5QKbAuUD3y7lAP8y5QFXnuUDe/LlAF/C5QDfquUAO5blAcRe6QKcD
ukA4FbpAoDe6QLoKukBTELpALCO6QAQlukA6+7lAgSK6QMgqukDcNrpA6CS6QIJNukASWLpA
u2m6QDJiukB5cbpAa0W6QHBbukD1NbpAt1W6QORgukCNVbpABVa6QG1+ukDUeLpAp3O6QHpx
ukB7gbpAk5+6QOafukDMurpADJW6QLyqukDXnrpA3bS6QBqTukAXx7pApqm6QEfOukBF27pA
yNu6QPeoukDe17pACNW6QDHxukAD1bpAdOm6QGbQukB5ALtApAK7QEDfukBh/LpAhuu6QFwE
u0A99LpApBi7QFzoukBnMLtA7/W6QG8qu0D8KbtAEfy6QLkyu0CnK7tAr3G7QBRHu0BoJbtA
40m7QDdMu0C6YLtA3Vm7QFB1u0BFVbtAP2m7QA45u0CsaLtANGW7QKREu0AYYbtAo127QL5Y
u0BLlbtAFGu7QG9gu0DymrtAVYi7QLeHu0AGgrtAlZe7QEuAu0Bdn7tAxpK7QIi3u0A8pLtA
Gai7QIDXu0DmvLtAs7i7QA2+u0AMs7tAWue7QCbKu0C9wbtAueC7QIjNu0BszrtA3OS7QDnK
u0Bo5rtAG+C7QBIAvEAJCbxA9Be8QBIFvEDw8btAEfm7QF00vEBJDbxAKAS8QEYAvED1/LtA
UDW8QEccvEDAJrxAojW8QD4zvEAXS7xA5zO8QAdAvEBIJbxANE+8QCxKvEDdUbxAsji8QIVM
vEAKRLxALU+8QD9vvEADbrxAHVu8QBYkvEADh7xAvSa8QF5rvEByZ7xABWq8QH5YvEC7gLxA
F3O8QLxtvEA1rrxAXYu8QPN4vEC6pLxAmoC8QCBfvED2n7xAOIu8QCSxvEBOibxAx5y8QKqp
vEABqLxA6cC8QErDvECUoLxAbp28QOXMvECgr7xAlqq8QIfHvED6jrxASMO8QNi6vECy07xA
rMC8QBvqvECw3bxA1d28QDTnvEDi5LxA2PC8QG8IvUD257xAguG8QPcBvUCfEL1APQq9QEYg
vUC81LxAgwu9QBAEvUCGCL1AvAe9QMgGvUCaD71AegO9QAkXvUC7Sb1AlS+9QEAYvUCCYL1A
3B29QCo7vUAbMb1A5jS9QFlmvUAaR71ARyK9QEJIvUD5Lr1AcGG9QHpFvUDZT71Anla9QIda
vUDbLb1AX4S9QGmFvUAgcL1ADGW9QDmUvUDQab1AEn29QC5yvUCva71A/429QESMvUCPYL1A
aoi9QEahvUBIpb1ATnW9QAN3vUBlgr1A</AssayYData></Step><Step><CommonData><SampleLocation>1</SampleLocation><SampleID>Octet Buffer</SampleID><SampleGroup></SampleGroup><SampleInfo></SampleInfo><SampleRow>A</SampleRow><SamplePlate>1</SamplePlate><WellType>BUFFER</WellType><Concentration>-1</Concentration><ConcentrationUnits>µg/ml</ConcentrationUnits><MolarConcentration>-1</MolarConcentration><MolarConcUnits>nM</MolarConcUnits><MolecularWeight>0</MolecularWeight><Temperature>30</Temperature><StartTime>9584439</StartTime><AssayTime>100</AssayTime></CommonData><FlowRate>1000</FlowRate><StepType>BASELINE</StepType><StepName>Baseline</StepName><StepStatus>OK</StepStatus><ActualTime>99.9998</ActualTime><CycleTime>0.2</CycleTime><AssayXData Points="500">NZADRgKRA0bPkQNGnJIDRmiTA0Y2lANGA5UDRs+VA0ablgNGaZcDRjWYA0YCmQNG0JkDRpua
A0ZpmwNGNpwDRgOdA0bPnQNGm54DRmmfA0Y1oANGA6EDRs+hA0abogNGaaMDRjWkA0YCpQNG
z6UDRpumA0ZopwNGNagDRgKpA0bPqQNGm6oDRmmrA0Y1rANGA60DRs+tA0acrgNGaK8DRjWw
A0YCsQNGz7EDRpuyA0ZoswNGNbQDRgK1A0bQtQNGm7YDRmm3A0Y1uANGArkDRtC5A0abugNG
absDRjW8A0YCvQNGz70DRpu+A0ZovwNGNcADRgLBA0bPwQNGm8IDRmjDA0Y2xANGA8UDRs/F
A0abxgNGaMcDRjbIA0YDyQNGz8kDRpzKA0ZoywNGNcwDRgPNA0bQzQNGnM4DRmjPA0Y20ANG
AtEDRtDRA0ab0gNGadMDRjbUA0YD1QNGz9UDRpzWA0Zo1wNGNdgDRgLZA0bP2QNGm9oDRmjb
A0Y23ANGA90DRtDdA0ab3gNGad8DRjXgA0YD4QNGz+EDRpviA0Zo4wNGNeQDRgLlA0bR5QNG
m+YDRmnnA0Y16ANGAukDRs/pA0ab6gNGaesDRjXsA0YD7QNGz+0DRpzuA0Zp7wNGNfADRgLx
A0bP8QNGm/IDRmjzA0Y19ANGAvUDRs/1A0ac9gNGaPcDRjX4A0YC+QNGz/kDRpv6A0Zo+wNG
NfwDRgL9A0bQ/QNGm/4DRmn/A0Y2AARGAgEERs8BBEabAgRGaQMERjUEBEYDBQRGzwUERpsG
BEZoBwRGNggERgIJBEbQCQRGnAoERmgLBEY1DARGAw0ERs8NBEacDgRGaQ8ERjUQBEYDEQRG
zxEERpsSBEZoEwRGNhQERgIVBEbPFQRGnBYERmgXBEY1GARGAxkERs8ZBEabGgRGaRsERjUc
BEYCHQRGzx0ERpweBEZpHwRGNSAERgIhBEbPIQRGmyIERmgjBEY1JARGAyUERs8lBEabJgRG
aCcERjUoBEYCKQRGzykERpwqBEZoKwRGNSwERgItBEbPLQRGnC4ERmgvBEY1MARGAjEERs8x
BEabMgRGaTMERjc0BEYCNQRGzzUERp02BEZoNwRGNjgERgM5BEbPOQRGmzoERmk7BEY2PARG
Aj0ERtA9BEacPgRGaD8ERjVABEYDQQRGz0EERpxCBEZoQwRGNUQERgNFBEbPRQRGnEYERmhH
BEY2SARGA0kERs9JBEacSgRGaUsERjZMBEYDTQRGz00ERptOBEZoTwRGNlAERgJRBEbPUQRG
nFIERmhTBEY1VARGA1UERs9VBEabVgRGaFcERjVYBEYDWQRG0FkERpxaBEZoWwRGNlwERgJd
BEbQXQRGm14ERmlfBEY2YARGAmEERtBhBEabYgRGaGMERjVkBEYCZQRGz2UERptmBEZoZwRG
NmgERgJpBEbPaQRGm2oERmlrBEY2bARGAm0ERs9tBEabbgRGaG8ERjVwBEYDcQRG0HEERpxy
BEZocwRGNnQERgN1BEbPdQRGnHYERmh3BEY1eARGA3kERs95BEacegRGaHsERjZ8BEYDfQRG
z30ERpt+BEZpfwRGNoAERgOBBEbQgQRGm4IERmmDBEY1hARGAoUERs+FBEabhgRGaIcERjWI
BEYDiQRGz4kERpuKBEZoiwRGNYwERgKNBEbPjQRGnI4ERmmPBEY1kARGA5EERs+RBEackgRG
aJMERjWUBEYClQRGz5UERpuWBEZolwRGNZgERgOZBEbPmQRGm5oERmmbBEY2nARGAp0ERtCd
BEacngRGaJ8ERjWgBEYCoQRGz6EERpyiBEZoowRGNaQERgKlBEbPpQRGm6YERmmnBEY2qARG
AqkERtCpBEacqgRGaKsERjasBEYCrQRG0K0ERpuuBEZorwRGNbAERgOxBEbPsQRGm7IERmiz
BEY1tARGA7UERs+1BEactgRGabcERjW4BEYCuQRG0LkERpu6BEZouwRGNbwERgK9BEbPvQRG
m74ERmm/BEY2wARGA8EERs/BBEabwgRGaMMERjbEBEYCxQRG0MUERpzGBEZpxwRGNcgERgLJ
BEbQyQRGm8oERmjLBEY1zARGAs0ERs/NBEadzgRGaM8ERjbQBEYD0QRGz9EERpzSBEZo0wRG
NdQERgPVBEbP1QRGnNYERmjXBEY12ARGA9kERs/ZBEab2gRGaNsERjbcBEYC3QRG0N0ERpve
BEZo3wRGNuAERgLhBEbQ4QRGnOIERmnjBEY15ARGA+UERtDlBEac5gRGaecERjXoBEYC6QRG
0OkERpvqBEZo6wRGNewERgPtBEbQ7QRGm+4ERmjvBEY18ARGAvEERtDxBEab8gRGafMERjb0
BEYD9QRG0PUERpz2BEZp9wRGNvgERgL5BEbP+QRGm/oERmj7BEY1/ARGA/0ERs/9BEab/gRG
af8ERjUABUYDAQVG0AEFRpsCBUZoAwVGNQQFRgIFBUbPBQVGmwYFRmgHBUY1CAVGAwkFRs8J
BUabCgVGaAsFRjUMBUYCDQVG0A0FRpsOBUZoDwVGNhAFRgIRBUbQEQVGmxIFRmgTBUY1FAVG
AxUFRtAVBUabFgVGaRcFRjUYBUYDGQVGzxkFRpsaBUZpGwVGNRwFRgIdBUbRHQVGmx4FRmgf
BUY=</AssayXData><AssayYData Points="500">Uw+9QEbYvECGsbxAYuC8QF7IvEABjLxA1b+8QOG/vEDguLxAhaO8QMbSvEAHv7xAya68QHGw
vEDWs7xA2qy8QAetvEA4qLxATra8QELVvEBLy7xA/8S8QLnFvEBfzbxAfsS8QLPFvEBPAb1A
da28QI+vvEBA97xAyba8QIuuvEBI4bxATPi8QKe9vEA61bxA+gG9QBiqvEBO7bxA9Nm8QArm
vEC3/LxAEsG8QE3JvED63rxAXfi8QCPavEA607xAzcG8QEj3vEA06bxAj+68QHffvEB23LxA
Wfu8QKbzvEA62LxAdd68QGjnvECoB71Ay9q8QB7wvEAp+rxAwtG8QLoMvUAc6rxAAQK9QLsa
vUC52LxAtL+8QIMIvUDh8bxARO+8QL/tvECUGL1AVtS8QOMCvUDN/rxAv/+8QLzivEDvDr1A
vxm9QM0FvUAEGL1Amdm8QOPuvEAp47xA7xS9QP4NvUAZAL1A7Oi8QGAhvUBR/7xAvA69QJIJ
vUC94rxASRG9QOrzvEDF+LxAt/+8QFYYvUBt4LxAGAG9QIoBvUA127xAnQe9QGgSvUCO2LxA
ORe9QCYXvUAs+bxAaOW8QNX+vECk/7xA6ha9QCkPvUAC9LxAhfK8QPwMvUAR+bxAl+m8QJP/
vEC4Mb1AQxq9QCYQvUDWK71AL+y8QJH3vECxCr1AuBa9QCAcvUDqFr1Aou28QPgTvUAJGb1A
nhW9QH8bvUChHL1AtjG9QHYzvUDGMb1A1yi9QEMQvUAeIL1A4Ra9QMzxvECsHb1AaBe9QPQE
vUDRGL1AdD+9QA4IvUDXE71AuSe9QDstvUC5Jr1AFyy9QIIVvUBM/7xA1Cy9QIM4vUDsCb1A
IRy9QFYlvUAkHL1ACAG9QEJDvUD1Xr1AtBe9QIUbvUC8R71AECi9QLJIvUBtIb1APxu9QAtD
vUAdCr1ACwq9QMM/vUDe+7xAgzO9QIIevUDLTL1Abhq9QE4bvUBaIb1AmCe9QJQyvUBTR71A
axm9QF4vvUAKUL1A4TG9QDckvUDzJL1AZRy9QA45vUB9Hb1AoVC9QGwgvUDfI71AFVa9QNot
vUCiMr1AGFu9QP1CvUDjTb1AP3C9QG9kvUBmPb1Ahki9QE5AvUDDRL1AzWG9QOM7vUCHCL1A
ymi9QJxUvUAJO71AKCC9QLk8vUCUTb1A6Du9QIUzvUBGKb1AXj29QABgvUA1Mr1AuDC9QLxC
vUDvK71ADRG9QDhVvUCTR71Afwm9QHQpvUB1Wb1AWkq9QKwvvUB+br1AfVi9QNUzvUDgQ71A
kTC9QCRHvUB/Vb1A1na9QNIvvUAWS71AaWq9QPg2vUC2G71Ai0q9QLQ3vUBzOb1ANle9QFAy
vUAeML1AK2G9QNFKvUAEZ71Aw129QHdcvUBYNr1Ak0+9QEtbvUDGVr1AKH+9QOVmvUAGXL1A
VGm9QDZ1vUBebb1AdC29QGhzvUDwXr1AuFS9QCRbvUDIdr1Ayly9QNhIvUAVUb1Anle9QB1L
vUA7Zr1AV0y9QD9yvUC7db1ApCu9QKA3vUBGgL1AWXa9QDFLvUBrhL1AdHG9QMtJvUDwmL1A
cGm9QJ5nvUCeZL1AXnK9QCxdvUDcdr1AhHK9QLNUvUA3Yr1ARVi9QC5EvUDPbr1AUnC9QBE3
vUBoUL1ArZK9QHhFvUC+Ub1ApnO9QGptvUCVbb1A72i9QA+evUA+PL1AlXO9QByVvUBcXr1A
UG69QD9rvUCcXL1AtHq9QLODvUC2gb1A8GW9QFOLvUBkab1An3C9QL2HvUCnqr1AFoq9QC+D
vUAOdr1A7Y29QD1LvUCynb1AuV69QHxwvUB4eL1Ao5C9QAJpvUBDjr1AG3q9QJhWvUDRjL1A
Nlq9QIRYvUCxgL1AFXS9QJhovUCWPL1AHnK9QH1kvUCQh71Ai1S9QNlYvUC1Ur1Ay5a9QGyN
vUA6Tr1ArIe9QPF2vUDHjr1AGWG9QARwvUAxZL1Ad2q9QM5fvUCKiL1AE1y9QE9nvUCWU71A
iVu9QBN4vUATdr1A7YW9QA6XvUBMoL1Aj4S9QGJxvUDJnb1AMHa9QBpivUDxpb1AinG9QAyR
vUDUmb1Ai3u9QD95vUCptb1ANsy9QPFuvUAyer1AXWq9QP5svUC8b71AJH29QOxivUClh71A
J569QI1kvUCjj71ArYK9QKefvUCli71ACIW9QAJYvUBwqb1Ac5C9QO2RvUCnlL1AqKO9QEGE
vUBijb1AjJW9QLCTvUDOcr1A8529QNuivUB/b71AXbO9QO2/vUB2nb1AGHy9QKixvUCaqL1A
X429QIOcvUCWjL1AgYe9QDDQvUBwl71AuIW9QCq/vUA8pL1A7Y69QFu2vUD+q71AW4m9QGSQ
vUDasr1AN469QPilvUBhs71A+4K9QISCvUBrrb1AXKK9QIymvUDJhr1ABKW9QEWMvUChh71A
nJu9QOCrvUBjir1AzoG9QMurvUBgk71Auba9QOaGvUCnb71Arr29QA2mvUB8m71ADLO9QC7P
vUDPnr1Al369QFO6vUAgl71Aioy9QH26vUCVnL1AyIC9QGmnvUBgt71Ay5W9QGG6vUD0t71A
TaW9QLzAvUBlmb1A8o+9QGOxvUA3t71AfKi9QAC/vUAexb1ACMS9QMGivUCZxr1AkLC9QDij
vUA=</AssayYData></Step><Step><CommonData><SampleLocation>2</SampleLocation><SampleID>hsCD3d/e_Acro_CDD-H52W1</SampleID><SampleGroup></SampleGroup><SampleInfo></SampleInfo><SampleRow>A</SampleRow><SamplePlate>1</SamplePlate><WellType>KSAMPLE</WellType><Concentration>-1</Concentration><ConcentrationUnits>µg/ml</ConcentrationUnits><MolarConcentration>200</MolarConcentration><MolarConcUnits>nM</MolarConcUnits><MolecularWeight>0</MolecularWeight><Temperature>30</Temperature><StartTime>9692860</StartTime><AssayTime>180</AssayTime></CommonData><FlowRate>1000</FlowRate><StepType>ASSOC</StepType><StepName>Association</StepName><StepStatus>OK</StepStatus><ActualTime>180</ActualTime><CycleTime>0.2</CycleTime><AssayXData Points="900">NSAFRgIhBUbQIQVGmyIFRmgjBUY1JAVGAiUFRtAlBUabJgVGaCcFRjYoBUYCKQVG0CkFRpsq
BUZoKwVGNSwFRgMtBUbPLQVGnC4FRmgvBUY2MAVGAzEFRtAxBUabMgVGaDMFRjY0BUYCNQVG
zzUFRps2BUZoNwVGNTgFRgI5BUbPOQVGnToFRmg7BUY2PAVGAz0FRtA9BUacPgVGaD8FRjVA
BUYCQQVGz0EFRpxCBUZpQwVGNUQFRgRFBUbPRQVGm0YFRmhHBUY1SAVGAkkFRs9JBUacSgVG
aUsFRjVMBUYCTQVGz00FRptOBUZoTwVGNVAFRgJRBUbPUQVGm1IFRmlTBUY2VAVGA1UFRs9V
BUabVgVGaFcFRjZYBUYCWQVGz1kFRpxaBUZoWwVGNVwFRgNdBUbQXQVGnF4FRmhfBUY1YAVG
A2EFRtBhBUabYgVGaWMFRjVkBUYDZQVG0GUFRpxmBUZoZwVGNmgFRgJpBUbPaQVGnGoFRmlr
BUY2bAVGA20FRs9tBUacbgVGaG8FRjVwBUYEcQVGz3EFRptyBUZpcwVGNnQFRgN1BUbQdQVG
m3YFRml3BUY1eAVGA3kFRs95BUabegVGaHsFRjZ8BUYCfQVG0H0FRpt+BUZofwVGNoAFRgKB
BUbPgQVGm4IFRmiDBUY1hAVGA4UFRtCFBUabhgVGaYcFRjaIBUYCiQVG0YkFRpyKBUZpiwVG
NowFRgKNBUbPjQVGnI4FRmiPBUY1kAVGA5EFRs+RBUackgVGaZMFRjaUBUYClQVGz5UFRp2W
BUZolwVGNpgFRgOZBUbPmQVGm5oFRmibBUY1nAVGAp0FRtCdBUabngVGaZ8FRjagBUYDoQVG
z6EFRpuiBUZoowVGNqQFRgOlBUbPpQVGm6YFRminBUY2qAVGA6kFRs+pBUabqgVGaasFRjWs
BUYCrQVGz60FRpuuBUZorwVGNbAFRgOxBUbQsQVGm7IFRmizBUY1tAVGA7UFRs+1BUactgVG
aLcFRja4BUYCuQVGz7kFRpu6BUZouwVGNbwFRgK9BUbPvQVGm74FRmi/BUY1wAVGAsEFRs/B
BUacwgVGaMMFRjXEBUYDxQVGz8UFRpvGBUZoxwVGNsgFRgLJBUbPyQVGnMoFRmnLBUY1zAVG
As0FRtDNBUaczgVGac8FRjbQBUYD0QVGz9EFRpvSBUZp0wVGNdQFRgLVBUbP1QVGm9YFRmjX
BUY12AVGA9kFRs/ZBUab2gVGaNsFRjXcBUYD3QVGz90FRpveBUZo3wVGNuAFRgLhBUbP4QVG
m+IFRmjjBUY15AVGA+UFRs/lBUac5gVGaecFRjboBUYD6QVG0OkFRpvqBUZo6wVGNewFRgLt
BUbP7QVGm+4FRmjvBUY18AVGAvEFRtDxBUac8gVGgPMFRjX0BUYD9QVGz/UFRpv2BUZo9wVG
NfgFRgL5BUbQ+QVGm/oFRmn7BUY1/AVGAv0FRtD9BUab/gVGaP8FRjUABkYDAQZGzwEGRpwC
BkZpAwZGNQQGRgMFBkbQBQZGnAYGRmgHBkY1CAZGAgkGRs8JBkacCgZGaQsGRjYMBkYCDQZG
zw0GRpsOBkZoDwZGNRAGRgIRBkbQEQZGmxIGRmgTBkY2FAZGAhUGRs8VBkabFgZGaRcGRjYY
BkYCGQZGzxkGRpsaBkZpGwZGNRwGRgIdBkbQHQZGmx4GRmgfBkY1IAZGAiEGRtAhBkabIgZG
aSMGRjUkBkYDJQZG0CUGRpsmBkZpJwZGNSgGRgIpBkbPKQZGmyoGRmgrBkY1LAZGAi0GRs8t
BkacLgZGaC8GRjUwBkYCMQZG0DEGRpwyBkZoMwZGNTQGRgI1BkbPNQZGnDYGRmg3BkY1OAZG
AjkGRtA5BkacOgZGaDsGRjU8BkYCPQZG0D0GRps+BkZoPwZGNkAGRgNBBkbPQQZGm0IGRmlD
BkY2RAZGA0UGRs9FBkacRgZGaEcGRjVIBkYDSQZGz0kGRptKBkZoSwZGNUwGRgNNBkbQTQZG
m04GRmlPBkY1UAZGA1EGRs9RBkacUgZGaVMGRjVUBkYDVQZGz1UGRptWBkZoVwZGNVgGRgNZ
BkbPWQZGnFoGRmhbBkY1XAZGA10GRtBdBkabXgZGaF8GRjVgBkYDYQZGz2EGRpxiBkZoYwZG
NWQGRgJlBkbPZQZGm2YGRmhnBkY2aAZGAmkGRtBpBkabagZGaGsGRjZsBkYDbQZGz20GRptu
BkZobwZGNXAGRgNxBkbPcQZGnHIGRmhzBkY2dAZGA3UGRs91BkacdgZGaHcGRjZ4BkYCeQZG
z3kGRpt6BkZoewZGNXwGRgJ9BkbQfQZGm34GRml/BkY1gAZGAoEGRs+BBkabggZGaIMGRjWE
BkYChQZG0IUGRpuGBkZohwZGNYgGRgOJBkbPiQZGm4oGRmmLBkY1jAZGAo0GRs+NBkacjgZG
aI8GRjWQBkYCkQZGz5EGRpySBkZpkwZGNZQGRgOVBkbPlQZGm5YGRmiXBkY2mAZGA5kGRtCZ
BkabmgZGaJsGRjacBkYCnQZGz50GRpueBkZqnwZGNaAGRgKhBkbQoQZGnKIGRmmjBkY1pAZG
A6UGRs+lBkacpgZGaacGRjWoBkYCqQZG0KkGRpuqBkZoqwZGNawGRgKtBkbQrQZGm64GRmiv
BkY1sAZGArEGRs+xBkabsgZGabMGRjW0BkYDtQZGz7UGRpu2BkZotwZGNrgGRgO5BkbPuQZG
m7oGRmi7BkY1vAZGA70GRtC9BkacvgZGab8GRjbABkYCwQZGz8EGRpvCBkZowwZGNsQGRgPF
BkbQxQZGm8YGRmjHBkY1yAZGAskGRs/JBkabygZGaMsGRjbMBkYCzQZGz80GRpzOBkZozwZG
NdAGRgLRBkbP0QZGnNIGRmjTBkY11AZGAtUGRtDVBkac1gZGaNcGRjXYBkYC2QZG0NkGRpva
BkZo2wZGNdwGRgLdBkbP3QZGm94GRmjfBkY24AZGA+EGRtDhBkac4gZGaOMGRkXkBkYC5QZG
z+UGRpvmBkZp5wZGNegGRgPpBkbQ6QZGm+oGRmnrBkY27AZGAu0GRs/tBkab7gZGaO8GRjbw
BkYC8QZG0PEGRpvyBkZp8wZGNvQGRgL1BkbP9QZGm/YGRmj3BkY1+AZGAvkGRtD5Bkab+gZG
afsGRjX8BkYC/QZGz/0GRpv+BkZo/wZGNQAHRgIBB0bQAQdGmwIHRmgDB0Y2BAdGAwUHRs8F
B0abBgdGaAcHRjUIB0YDCQdG0AkHRpsKB0ZpCwdGNQwHRgINB0bPDQdGnA4HRmgPB0Y2EAdG
AhEHRtARB0acEgdGaBMHRjUUB0YCFQdG0BUHRpsWB0ZoFwdGNRgHRgMZB0bQGQdGmxoHRmkb
B0Y1HAdGAx0HRtAdB0acHgdGaB8HRjYgB0YCIQdG0CEHRpsiB0ZoIwdGNSQHRgMlB0bQJQdG
myYHRmgnB0Y1KAdGAikHRs8pB0abKgdGaSsHRjcsB0YCLQdG0C0HRpsuB0ZoLwdGNTAHRgMx
B0bPMQdGmzIHRmgzB0Y2NAdGAzUHRtA1B0abNgdGaDcHRjU4B0YDOQdG0DkHRpw6B0ZpOwdG
NTwHRgI9B0bPPQdGmz4HRmg/B0Y1QAdGA0EHRs9BB0abQgdGaUMHRjZEB0YCRQdGz0UHRptG
B0ZpRwdGNkgHRgJJB0bPSQdGnEoHRmhLB0Y2TAdGAk0HRtBNB0abTgdGaE8HRjVQB0YDUQdG
0FEHRpxSB0ZoUwdGNVQHRgNVB0bPVQdGm1YHRmhXB0Y2WAdGAlkHRs9ZB0acWgdGaFsHRjZc
B0YDXQdGz10HRpteB0ZoXwdGNWAHRgJhB0bPYQdGm2IHRmljB0Y1ZAdGAmUHRtBlB0acZgdG
aGcHRjVoB0YCaQdGz2kHRptqB0ZpawdGNWwHRgNtB0bQbQdGm24HRmhvB0Y2cAdGAnEHRs9x
B0abcgdGaHMHRjV0B0YDdQdG0HUHRpt2B0ZpdwdGNXgHRgJ5B0bReQdGm3oHRmp7B0Y2fAdG
An0HRs99B0abfgdGaX8HRjWAB0YDgQdGz4EHRpyCB0ZpgwdGNoQHRgKFB0bPhQdGm4YHRmmH
B0Y2iAdGAokHRs+JB0acigdGaYsHRjWMB0YDjQdG0I0HRpuOB0ZpjwdGNZAHRgKRB0bQkQdG
nJIHRmiTB0Y2lAdGApUHRtCVB0ablgdGaJcHRjaYB0YDmQdGz5kHRpyaB0ZomwdGNpwHRgKd
B0bPnQdGnJ4HRmifB0Y2oAdGAqEHRs+hB0acogdGaKMHRjakB0YCpQdG0KUHRpumB0ZopwdG
NagHRgKpB0bQqQdGm6oHRmirB0Y1rAdGAq0HRs+tB0abrgdGaK8HRjawB0YDsQdG0LEHRpyy
B0ZpswdGNbQHRgO1B0bQtQdGnLYHRmi3B0Y2uAdGArkHRtC5B0acugdGaLsHRjW8B0YCvQdG
0L0HRpy+B0ZovwdGNcAHRgPBB0bPwQdGnMIHRmnDB0Y1xAdGA8UHRtDFB0abxgdGaMcHRjbI
B0YCyQdGz8kHRpvKB0ZpywdGNswHRgPNB0bQzQdGnM4HRmjPB0Y10AdGA9EHRs/RB0ab0gdG
aNMHRjXUB0YL1QdG0NUHRpvWB0Zp1wdGNdgHRgLZB0bP2QdGm9oHRmnbB0Y13AdGAt0HRtDd
B0ac3gdGaN8HRjXgB0YD4QdGz+EHRpziB0Zp4wdGNeQHRgPlB0bP5QdGnOYHRmjnB0Y26AdG
AukHRs/pB0ab6gdGaOsHRjXsB0YC7QdG0O0HRpvuB0Zo7wdG</AssayXData><AssayYData Points="900">uO68QN1GvUCcrb1AQKy9QGPRvUBy+L1AXQy+QKsYvkCuDr5A1xu+QG4TvkBYLb5A6ge+QLwl
vkB6Kr5AjSi+QKQdvkDnOb5AyTa+QAUvvkDgOb5A4iS+QIkhvkD8Mr5AVjy+QEtNvkBAUL5A
Xya+QGMpvkCBMb5Ag22+QIBZvkBHML5AH02+QN5MvkBsSb5ABFW+QOBXvkD/P75AmkS+QJBf
vkBaQ75AdVK+QKxovkDNSr5AnWu+QMx7vkBhVb5AdUy+QHaivkDQXr5AuUa+QPdqvkCUer5A
8Ha+QPdhvkBQXb5AEnW+QJpovkBLXL5AcGi+QH5nvkAAcL5A10y+QLFJvkB9cr5AyES+QK5i
vkBRV75AZo2+QJV/vkCVjr5Aw4a+QMt9vkArdL5AOnq+QHmFvkDyd75AWZG+QFJvvkCbeL5A
rrC+QKBsvkDoh75AgI6+QNybvkCzfL5ACHe+QJZlvkDUbL5AAXO+QHBxvkDkjr5AYF++QFGT
vkClf75Aul6+QIdxvkDmkb5Alq++QDmUvkB+c75AhYi+QKSQvkD1qr5AQHm+QCOgvkCyor5A
DoW+QCiGvkAgtb5ADme+QGWYvkBvjr5AiZW+QOaUvkCHnL5AHKC+QNu1vkAfjL5A5rC+QFWa
vkCpk75A2sW+QIm1vkAAnb5AqK++QNfUvkC2tb5Ar9m+QGekvkCju75A16S+QFWOvkCrib5A
rsm+QParvkB9sb5AkaS+QD/DvkCgk75AGKq+QGOsvkCmwr5AOuS+QNKkvkCyw75AXNm+QLqq
vkCds75A+sW+QFu2vkA5qL5Anpi+QMKgvkAF075ASKy+QIS6vkB39r5APZe+QGK4vkCeqL5A
5Y6+QO6xvkAGvL5AZda+QD2mvkDNmr5AG9K+QB3cvkAFtr5AO86+QG/MvkCj275AycG+QFa6
vkCzr75A4/6+QJbSvkDs5r5AxAu/QHa9vkA1175AyNq+QAruvkCMxL5AwZi+QELNvkCKzb5A
LP2+QJjUvkASnb5AM82+QHvKvkBgsr5Aeti+QLPwvkCY975AQLW+QIwHv0BV2r5Ae/q+QFTz
vkDMyL5AfdK+QA3ovkAU0r5Ay7e+QKzqvkCg9r5AfJS+QKr7vkAW775AmfO+QAH6vkBB6r5A
peO+QGX3vkBr/b5AvPS+QPnSvkCQ075AL9O+QFnqvkCW+75AYti+QFcOv0BH7L5Aeia/QLIT
v0DN075AiB2/QIn1vkCW+L5AuBe/QN8Fv0Ae5L5AYfC+QMX4vkAFEr9ACQ+/QEUDv0CgBL9A
nRK/QHfTvkBGI79A0ue+QOr/vkC0HL9AmAG/QOwPv0DbBL9AG/G+QGcTv0C0E79AaiO/QBQr
v0CTBL9A2+W+QKkkv0At/L5AlSi/QOL6vkCALL9AlwG/QFkMv0CvHb9A0yW/QJMOv0AXLL9A
bd6+QMsAv0A5JL9AOym/QGfwvkBBH79Aj/m+QAgHv0ClDr9Aph2/QKQ8v0BGKr9A1Pm+QBsb
v0C4H79ATwy/QMogv0BFA79ASEO/QIwiv0D2975AZzK/QOQIv0DaAb9AFBq/QJEkv0DRJb9A
g+6+QFYFv0CrLL9ApCe/QEVHv0BBCL9AxBS/QMo/v0BOMr9AFBK/QGc9v0BVKL9A+iO/QAs9
v0CpAr9AChu/QOwOv0DyV79AtRq/QBgjv0AET79ALi6/QFQXv0CZHr9A21q/QM8Yv0BQRL9A
gk+/QNkzv0AVEr9AABi/QLctv0C7Mb9AODy/QCIhv0AYM79AhBS/QHQrv0AnO79AwzW/QH0q
v0CSYL9AJzC/QJlOv0ANNb9AnjO/QKc2v0DQQb9AxFe/QAhFv0ArQL9A2Ei/QN9Ev0DdRL9A
iTC/QJdGv0BaUr9A+EW/QCBWv0AHT79ADD+/QKwwv0AMRr9A/B+/QBBov0ArQb9AYE+/QK5A
v0CBW79A6F6/QC87v0DjS79AfWi/QC1Tv0AjYb9ACWa/QNFDv0CLOr9AfUm/QINRv0DPHL9A
0Vy/QBJcv0C1Nb9AnFC/QBdIv0D6Zb9AGky/QFVvv0BGaL9A4Ei/QLRUv0AyRb9AiyO/QJhS
v0CJOr9AdV+/QCldv0BWdb9AJnS/QOVcv0Dmgr9A11K/QKtzv0D+Y79Aane/QI1lv0BWYL9A
LUS/QJJJv0CCQb9AU4O/QCxnv0BhZb9ArX+/QKlov0CyeL9ASli/QPBNv0CZYr9AEGK/QJR1
v0Aikr9AeT+/QCFBv0BHh79A3IS/QPRVv0D2b79Al2C/QOZhv0ByZr9AwGG/QFlqv0Cvgb9A
lF+/QOJ2v0CxS79A12m/QLVgv0CiYL9AK3y/QNtsv0BHk79Ayny/QE+Sv0Czib9AuXW/QPKE
v0DbZr9AX5u/QEyIv0DiYb9AtWe/QHyXv0Agi79A2o6/QFh2v0AthL9ABIm/QPilv0B6jL9A
KXy/QMlhv0Andr9AwWO/QL17v0C1n79AoWa/QDB+v0BifL9A2Hm/QICcv0COnr9Amnm/QAJ4
v0AwdL9AX3m/QFdyv0BVtb9A3Y+/QNRiv0DkhL9Ap4m/QChbv0D7bL9AR22/QCJUv0AtZb9A
P4G/QIJuv0DwfL9AksC/QBdqv0Ckjr9A33u/QHCpv0CCar9AbLu/QGeIv0CHqL9Auq+/QM2n
v0ABk79AEaS/QGLDv0Cvfb9AeIq/QB+wv0CEhb9ARo2/QJSJv0Afeb9AhLm/QI6rv0CSmb9A
JpG/QLOLv0Bosr9AGZi/QHKuv0Drvb9AxZ2/QEuWv0CDmb9ALKC/QC+Rv0CGvb9A0qq/QA10
v0B0rr9Avay/QMCgv0Bwm79ABaq/QG2Xv0CEp79Ae8+/QLZYv0Bu5b9A+L2/QD2zv0C/lL9A
9ci/QCbUv0DOsr9AA6S/QOGyv0BJhr9A5Kq/QKbLv0BMsr9AaJO/QDDkv0DKn79Ar6S/QAea
v0Dkor9A26+/QIuxv0DRrr9Aoqe/QIS8v0Cpu79AwpC/QDy4v0Dpr79AF9m/QCytv0AIsb9A
jL2/QADCv0AVoL9At62/QL6/v0DivL9Ap8C/QI2sv0B/vb9Ak7S/QH+fv0DCtb9Ajra/QG+r
v0Dwxb9AAq+/QMrEv0A9o79A96e/QKyTv0AU1r9AqsG/QC7Fv0DQtr9Av8i/QHLBv0BRrL9A
45W/QM/Av0Cmob9AaLy/QFijv0BvvL9AhuC/QJLAv0BBo79A67C/QEjJv0Dvu79AZbm/QMjX
v0D73L9A+pm/QFXOv0CbtL9AfdO/QNXHv0DOwb9AweK/QJW7v0BPv79Az72/QNzov0CCsL9A
0Mm/QJHEv0AcAMBATsi/QPy7v0DE579Asc+/QIfGv0CS479Acr+/QKDLv0D+1b9AP9+/QFvG
v0Dhy79Ax+G/QEPFv0DQhr9AAty/QI2/v0Am1r9AIda/QPDiv0AHx79AIba/QDrBv0CL1L9A
JOG/QBjCv0AI2L9AMNy/QPy3v0AM879AvsW/QObdv0Cvwr9AzrK/QBi2v0C3zr9A46e/QEr8
v0DIx79AadS/QCjxv0CA0L9ANN6/QNfov0DU779ASdq/QDrWv0CIEMBAbM+/QLj5v0AM3b9A
8NG/QGLFv0CBCMBANeW/QCSnv0Dmz79ADAfAQJemv0D+579AOu+/QKzDv0CU5b9A7QbAQGXT
v0Ci4r9AJeW/QNvLv0AT4r9AcQ3AQFLHv0Cfub9Asfm/QG3hv0Ax8r9ACtq/QNn9v0AY/79A
Jdu/QJYNwEAH0b9AWQrAQPHxv0D1479Avve/QH8ZwEDs5b9AkgXAQNAdwEAN879Ads+/QKEa
wECT779AYgvAQOr8v0D/779AHvK/QMXvv0DZ6L9Aaf2/QB0JwECsDcBA+8a/QIj5v0DqCMBA
DvK/QCv9v0B39r9AlPG/QLPnv0AGIsBA3cu/QCvhv0CD1r9AQfq/QGPav0BFCMBAaue/QAng
v0DOFcBAFeS/QKf1v0Ag579A1RbAQLntv0D7+79AuQTAQAjTv0Cc6L9AkQvAQMvkv0DLAcBA
6gHAQBL9v0DgBMBALQ/AQF8WwEBW+b9ArSLAQLDvv0AACsBAHvy/QH35v0B+9L9AWAvAQLA9
wECmCsBAvgfAQIwPwEDhFcBAQgvAQOnjv0AWGsBAwRnAQEwLwEB2G8BA+xbAQIUGwEDm/b9A
GwzAQBsJwEA0B8BAJCDAQHYPwEAMAcBArQbAQO8mwEAM/L9Aph/AQJsJwEAVE8BAewfAQJYh
wEB4/L9Akfy/QLIDwEBiJMBAGBTAQPMUwEDkEMBAHRTAQJofwEClCMBATSvAQHsIwEBFCMBA
3CfAQJkswEAHMsBA+CHAQKIlwEC0K8BAjA3AQPQvwEDYGsBAYS/AQFlKwEDOJcBATwnAQL8J
wEC/I8BAajLAQLwOwEAf879ANRrAQEQ/wEC6RMBA1gPAQE4MwEAHH8BAxBPAQP8LwECDNMBA
2wLAQCo2wEB9F8BAsDHAQCQ7wECtLsBABzHAQNsgwEBJIsBAgkLAQMf9v0B+LMBAIBrAQCb7
v0Ch/b9AxjnAQK39v0AiN8BA9SHAQKNTwECbDsBAwybAQPwhwEAjCcBAtyDAQKguwEA9U8BA
ayjAQFQ3wEBwIMBA+QfAQOFHwEDbFcBAywXAQHQmwEA1UsBA1BTAQAEzwECXLMBAOTfAQDM1
wEApT8BAuCHAQIgtwEBiGMBAzhrAQD8SwECEPMBAITrAQOo5wEBcL8BAExLAQIv/v0AWCMBA
kD/AQFIxwEDYNsBAzy/AQHAVwEDvFcBA+ErAQCo7wEBGOcBA</AssayYData></Step><Step><CommonData><SampleLocation>1</SampleLocation><SampleID>Octet Buffer</SampleID><SampleGroup></SampleGroup><SampleInfo></SampleInfo><SampleRow>A</SampleRow><SamplePlate>1</SamplePlate><WellType>BUFFER</WellType><Concentration>-1</Concentration><ConcentrationUnits>µg/ml</ConcentrationUnits><MolarConcentration>-1</MolarConcentration><MolarConcUnits>nM</MolarConcUnits><MolecularWeight>0</MolecularWeight><Temperature>30</Temperature><StartTime>9881248</StartTime><AssayTime>300</AssayTime></CommonData><FlowRate>1000</FlowRate><StepType>DISASSOC</StepType><StepName>Dissociation</StepName><StepStatus>OK</StepStatus><ActualTime>300.001</ActualTime><CycleTime>0.2</CycleTime><AssayXData Points="1500">NfAHRgLxB0bQ8QdGnPIHRmnzB0Y19AdGA/UHRs/1B0ab9gdGaPcHRjX4B0YC+QdGz/kHRpv6
B0Zo+wdGNfwHRgL9B0bP/QdGnP4HRmj/B0Y2AAhGAwEIRs8BCEabAghGaQMIRjUECEYDBQhG
zwUIRpsGCEZoBwhGNQgIRgIJCEbQCQhGmwoIRmkLCEY1DAhGAw0IRs8NCEabDghGaQ8IRjUQ
CEYCEQhGzxEIRpsSCEZpEwhGNRQIRgMVCEbPFQhGmxYIRmgXCEY2GAhGAxkIRs8ZCEabGghG
aBsIRjYcCEYDHQhGzx0IRpweCEZpHwhGNiAIRgIhCEbPIQhGnCIIRmkjCEY1JAhGAyUIRs8l
CEacJghGaScIRjUoCEYCKQhGzykIRpsqCEZoKwhGNSwIRgItCEbPLQhGmy4IRmgvCEY1MAhG
AzEIRtAxCEabMghGaDMIRjY0CEYCNQhGzzUIRps2CEZpNwhGNTgIRgI5CEbQOQhGmzoIRmg7
CEY1PAhGAj0IRs89CEabPghGaT8IRjVACEYCQQhGz0EIRptCCEZoQwhGNkQIRgNFCEbPRQhG
nEYIRmlHCEY1SAhGA0kIRs9JCEabSghGaUsIRjVMCEYDTQhGz00IRpxOCEZpTwhGNVAIRgJR
CEbPUQhGnFIIRmlTCEY1VAhGA1UIRtBVCEabVghGalcIRjVYCEYDWQhG0FkIRpxaCEZpWwhG
NlwIRgJdCEbQXQhGm14IRmhfCEY1YAhGAmEIRs9hCEabYghGaGMIRjVkCEYCZQhGz2UIRptm
CEZoZwhGNWgIRgJpCEbPaQhGm2oIRmhrCEY2bAhGAm0IRs9tCEabbghGaG8IRjZwCEYDcQhG
0HEIRptyCEZocwhGNXQIRgJ1CEbQdQhGnHYIRmh3CEY1eAhGA3kIRs95CEabeghGaXsIRjV8
CEYCfQhGz30IRpx+CEZpfwhGNYAIRgKBCEbPgQhGm4IIRmmDCEY2hAhGA4UIRtGFCEachghG
aYcIRjaICEYDiQhGz4kIRpyKCEZpiwhGNYwIRgKNCEbPjQhGm44IRmiPCEY2kAhGA5EIRs+R
CEabkghGaJMIRjaUCEYClQhG0JUIRpyWCEZplwhGNZgIRgKZCEbQmQhGm5oIRmmbCEY1nAhG
A50IRs+dCEacnghGaJ8IRjWgCEYDoQhG0KEIRpuiCEZoowhGNaQIRgKlCEbQpQhGm6YIRmin
CEY2qAhGAqkIRs+pCEabqghGaKsIRjWsCEYCrQhGz60IRpuuCEZorwhGNbAIRgKxCEbPsQhG
nLIIRmizCEY1tAhGA7UIRtC1CEabtghGaLcIRjW4CEYCuQhGz7kIRpu6CEZpuwhGNrwIRgK9
CEbPvQhGm74IRmm/CEY1wAhGAsEIRs/BCEabwghGacMIRjXECEYDxQhGz8UIRpvGCEZoxwhG
NcgIRgPJCEbPyQhGm8oIRmjLCEY1zAhGAs0IRs/NCEaczghGaM8IRjXQCEYC0QhG0NEIRpzS
CEZp0whGNtQIRgLVCEbQ1QhGm9YIRmjXCEY12AhGAtkIRs/ZCEac2ghGadsIRjXcCEYD3QhG
0N0IRpveCEZo3whGNeAIRgLhCEbP4QhGnOIIRmnjCEY15AhGA+UIRs/lCEab5ghGaOcIRjXo
CEYC6QhGz+kIRpvqCEZp6whGNuwIRgLtCEbQ7QhGnO4IRmjvCEY18AhGAvEIRtDxCEac8ghG
afMIRjX0CEYD9QhG0PUIRpv2CEZp9whGNvgIRgP5CEbP+QhGnPoIRmj7CEY1/AhGA/0IRs/9
CEac/ghGaP8IRjcACUYCAQlG0AEJRpsCCUZoAwlGNgQJRgIFCUbPBQlGnAYJRmkHCUY1CAlG
AgkJRtAJCUacCglGaQsJRjUMCUYCDQlGzw0JRpsOCUZoDwlGNhAJRgIRCUbQEQlGmxIJRmkT
CUY2FAlGAhUJRtAVCUacFglGaBcJRjUYCUYDGQlG0BkJRpsaCUZoGwlGNRwJRgIdCUbQHQlG
mx4JRmgfCUY1IAlGAiEJRs8hCUacIglGaCMJRjUkCUYCJQlG0CUJRpwmCUZoJwlGNSgJRgMp
CUbQKQlGnCoJRmkrCUY1LAlGAi0JRtAtCUacLglGaC8JRjUwCUYDMQlGzzEJRpwyCUZpMwlG
NTQJRgM1CUbQNQlGmzYJRmg3CUY1OAlGAjkJRtA5CUabOglGaTsJRjU8CUYDPQlG0D0JRps+
CUZoPwlGNkAJRgNBCUbPQQlGm0IJRmhDCUY2RAlGAkUJRtBFCUacRglGaEcJRjZICUYCSQlG
0EkJRpxKCUZoSwlGNUwJRgNNCUbPTQlGm04JRmhPCUY2UAlGA1EJRtBRCUabUglGaFMJRjZU
CUYCVQlG0FUJRpxWCUZoVwlGNlgJRgJZCUbQWQlGnFoJRmhbCUY1XAlGAl0JRs9dCUabXglG
aF8JRjVgCUYCYQlG0GEJRptiCUZoYwlGNmQJRgNlCUbQZQlGnGYJRmhnCUY1aAlGA2kJRs9p
CUabaglGaWsJRjVsCUYCbQlGz20JRptuCUZobwlGNXAJRgJxCUbPcQlGnHIJRmhzCUY1dAlG
AnUJRs91CUabdglGaHcJRjV4CUYCeQlG0HkJRpt6CUZoewlGNXwJRgJ9CUbPfQlGm34JRml/
CUY2gAlGA4EJRtCBCUacgglGaYMJRjWECUYChQlGz4UJRpuGCUZphwlGNYgJRgOJCUbQiQlG
nIoJRmiLCUY1jAlGA40JRs+NCUacjglGaI8JRjaQCUYCkQlGz5EJRpySCUZokwlGNZQJRgOV
CUbPlQlGm5YJRmmXCUY1mAlGA5kJRs+ZCUacmglGaZsJRjWcCUYCnQlG0J0JRpueCUZonwlG
NaAJRgOhCUbPoQlGm6IJRmmjCUY2pAlGAqUJRtClCUabpglGaacJRjWoCUYDqQlGz6kJRpyq
CUZoqwlGNqwJRgKtCUbQrQlGm64JRmivCUY1sAlGArEJRs+xCUabsglGabMJRjW0CUYCtQlG
z7UJRpu2CUZotwlGNrgJRgK5CUbQuQlGm7oJRmi7CUY1vAlGAr0JRs+9CUacvglGab8JRjbA
CUYCwQlG0MEJRpvCCUZowwlGNcQJRgPFCUbQxQlGm8YJRmjHCUY2yAlGAskJRs/JCUacyglG
aMsJRjXMCUYCzQlGz80JRpvOCUZozwlGNdAJRgLRCUbP0QlGnNIJRmjTCUY11AlGA9UJRtDV
CUab1glGadcJRjbYCUYC2QlG0NkJRpvaCUZo2wlGNtwJRgPdCUbQ3QlGm94JRmjfCUY14AlG
AuEJRtDhCUab4glGaOMJRjXkCUYC5QlG0OUJRpvmCUZo5wlGNegJRgPpCUbP6QlGnOoJRmnr
CUY27AlGAu0JRs/tCUac7glGae8JRjbwCUYC8QlG0PEJRpvyCUZo8wlGNvQJRgP1CUbQ9QlG
m/YJRmj3CUY1+AlGAvkJRs/5CUac+glGaPsJRjX8CUYC/QlGz/0JRpv+CUZo/wlGNgAKRgMB
CkbPAQpGmwIKRmkDCkY1BApGAgUKRs8FCkabBgpGaAcKRjYICkYDCQpGzwkKRpsKCkZoCwpG
NgwKRgINCkbPDQpGmw4KRmgPCkY2EApGAhEKRs8RCkabEgpGaBMKRjUUCkYCFQpG0BUKRpsW
CkZpFwpGNhgKRgIZCkbQGQpGnBoKRmobCkY1HApGAh0KRs8dCkabHgpGaB8KRjUgCkYCIQpG
0CEKRpwiCkZoIwpGNSQKRgIlCkbPJQpGnCYKRmgnCkY2KApGAikKRs8pCkabKgpGaCsKRjUs
CkYDLQpG0C0KRpsuCkZoLwpGNjAKRgMxCkbPMQpGnDIKRmgzCkY2NApGAzUKRs81CkacNgpG
aDcKRjU4CkYCOQpGzzkKRps6CkZoOwpGNjwKRgM9CkbPPQpGmz4KRmg/CkY1QApGAkEKRs9B
CkacQgpGaEMKRjVECkYCRQpGz0UKRptGCkZoRwpGNkgKRgNJCkbPSQpGm0oKRmhLCkY2TApG
A00KRtBNCkabTgpGaE8KRjVQCkYCUQpG0FEKRpxSCkZoUwpGNlQKRgJVCkbPVQpGnFYKRmhX
CkY2WApGA1kKRtBZCkabWgpGaFsKRjZcCkYDXQpGz10KRpteCkZoXwpGNWAKRgJhCkbPYQpG
m2IKRmhjCkY2ZApGAmUKRtBlCkabZgpGaWcKRjdoCkYCaQpG0GkKRptqCkZoawpGNWwKRgNt
CkbPbQpGm24KRmhvCkY1cApGA3EKRs9xCkabcgpGaHMKRjV0CkYCdQpGz3UKRpt2CkZodwpG
NngKRgJ5CkbPeQpGnHoKRml7CkY2fApGAn0KRs99CkacfgpGaH8KRjaACkYCgQpG0IEKRpuC
CkZpgwpGNYQKRgKFCkbPhQpGm4YKRmiHCkY1iApGAokKRs+JCkacigpGaIsKRjWMCkYDjQpG
0I0KRp2OCkZojwpGNpAKRgKRCkbQkQpGm5IKRmiTCkY2lApGApUKRs+VCkablgpGaJcKRjaY
CkYDmQpG0JkKRpyaCkZomwpGNZwKRgKdCkbPnQpGm54KRmifCkY2oApGAqEKRtChCkacogpG
aaMKRjakCkYDpQpG0KUKRpumCkZppwpGNqgKRgOpCkbPqQpGnKoKRmirCkY1rApGA60KRtCt
CkacrgpGaa8KRjWwCkYCsQpG0LEKRpuyCkZpswpGNrQKRgO1CkbPtQpGnLYKRmi3CkY1uApG
A7kKRs+5CkacugpGabsKRjW8CkYCvQpG0L0KRpu+CkZovwpGNcAKRgLBCkbPwQpGm8IKRmjD
CkY1xApGAsUKRs/FCkacxgpGaMcKRjbICkYDyQpG0MkKRpvKCkZoywpGNswKRgLNCkbPzQpG
m84KRmjPCkY20ApGAtEKRtDRCkab0gpGadMKRjbUCkYD1QpGz9UKRpzWCkZo1wpGNdgKRgLZ
CkbP2QpGm9oKRmjbCkY13ApGAt0KRs/dCkac3gpGaN8KRjbgCkYD4QpG0OEKRpziCkZo4wpG
NuQKRgLlCkbQ5QpGm+YKRmjnCkY26ApGAukKRs/pCkab6gpGaOsKRjbsCkYC7QpGz+0KRpvu
CkZp7wpGNvAKRgPxCkbP8QpGm/IKRmjzCkY29ApGAvUKRs/1Ckab9gpGaPcKRjb4CkYC+QpG
z/kKRpv6CkZp+wpGNvwKRgP9CkbP/QpGm/4KRmj/CkY2AAtGAwELRtABC0abAgtGaAMLRjUE
C0YDBQtGzwULRpsGC0ZpBwtGNggLRgMJC0bQCQtGnAoLRmkLC0Y2DAtGAw0LRtANC0abDgtG
aA8LRjYQC0YCEQtG0BELRpsSC0ZoEwtGNhQLRgIVC0bQFQtGmxYLRmgXC0Y1GAtGAxkLRs8Z
C0abGgtGaRsLRjUcC0YCHQtG0B0LRpseC0ZoHwtGNSALRgIhC0bPIQtGmyILRmgjC0Y2JAtG
AyULRs8lC0abJgtGaScLRjUoC0YCKQtGzykLRpsqC0ZoKwtGNiwLRgItC0bPLQtGnC4LRmkv
C0Y2MAtGAjELRs8xC0abMgtGaDMLRjU0C0YCNQtG0DULRpw2C0ZoNwtGNTgLRgI5C0bPOQtG
mzoLRmk7C0Y1PAtGAj0LRs89C0abPgtGaD8LRjVAC0YDQQtGz0ELRpxCC0ZpQwtGNkQLRgNF
C0bQRQtGnEYLRmhHC0Y1SAtGA0kLRs9JC0acSgtGaEsLRjVMC0YCTQtG0E0LRptOC0ZoTwtG
NVALRgNRC0bPUQtGm1ILRmhTC0Y1VAtGA1ULRs9VC0acVgtGaFcLRjVYC0YCWQtGz1kLRpta
C0ZpWwtGNVwLRgJdC0bQXQtGnF4LRmhfC0Y2YAtGA2ELRs9hC0abYgtGaWMLRjVkC0YDZQtG
z2ULRpxmC0ZpZwtGNWgLRgJpC0bQaQtGm2oLRmhrC0Y2bAtGAm0LRs9tC0abbgtGaG8LRjVw
C0YDcQtG0HELRptyC0ZpcwtGNXQLRgJ1C0bQdQtGnHYLRmh3C0Y2eAtGAnkLRs95C0abegtG
aHsLRjV8C0YCfQtGz30LRpt+C0ZpfwtGPYALRgKBC0bPgQtGnIILRmiDC0Y2hAtGAoULRs+F
C0abhgtGaIcLRjWIC0YDiQtG0IkLRpuKC0ZpiwtGNowLRgKNC0bPjQtGm44LRmiPC0Y2kAtG
ApELRs+RC0abkgtGaJMLRjaUC0YClQtGz5ULRpuWC0ZplwtGNpgLRgKZC0bPmQtGm5oLRmib
C0Y2nAtGA50LRs+dC0abngtGaZ8LRjWgC0YCoQtGz6ELRpyiC0ZoowtGNqQLRgOlC0bPpQtG
naYLRminC0Y2qAtGAqkLRs+pC0acqgtGaKsLRjWsC0YCrQtG0K0LRpuuC0ZorwtGNrALRgOx
C0bPsQtGm7ILRmizC0Y1tAtGArULRtC1C0abtgtGabcLRjW4C0YDuQtGz7kLRpu6C0ZpuwtG
NrwLRgK9C0bQvQtGm74LRmi/C0Y2wAtGAsELRs/BC0abwgtGaMMLRjXEC0YDxQtGz8ULRpvG
C0ZoxwtGNcgLRgLJC0bQyQtGm8oLRmjLC0Y2zAtGAs0LRs/NC0abzgtGaM8LRjbQC0YC0QtG
0NELRpvSC0Zp0wtGNdQLRgLVC0bP1QtGnNYLRmjXC0Y32AtGAtkLRs/ZC0ab2gtGadsLRjXc
C0YC3QtGz90LRpveC0Zo3wtGNuALRgLhC0bP4QtGm+ILRmnjC0Y25AtGAuULRs/lC0ab5gtG
aecLRjXoC0YD6QtG0OkLRpvqC0Zp6wtGNuwLRgLtC0bP7QtGm+4LRmnvC0Y18AtGAvELRtDx
C0ab8gtGafMLRjb0C0YD9QtGz/ULRpv2C0Zo9wtGNvgLRgL5C0bP+QtGnPoLRmn7C0Y2/AtG
Av0LRs/9C0ab/gtGaP8LRjYADEYCAQxGzwEMRpsCDEZpAwxGNQQMRgIFDEbQBQxGnAYMRmkH
DEY2CAxGAgkMRtAJDEacCgxGaQsMRjUMDEYCDQxGzw0MRpsODEZoDwxGNRAMRgMRDEbPEQxG
mxIMRmgTDEY1FAxGAhUMRtAVDEabFgxGaRcMRjUYDEYCGQxG0BkMRpwaDEZpGwxGNRwMRgId
DEbPHQxGnB4MRmkfDEY1IAxGAyEMRs8hDEabIgxGaCMMRjUkDEYDJQxGzyUMRpwmDEZoJwxG
NSgMRgIpDEbPKQxGmyoMRmkrDEY2LAxGAi0MRtAtDEabLgxGaS8MRjYwDEYCMQxGzzEMRpwy
DEZpMwxGNTQMRgI1DEbPNQxGmzYMRmg3DEY2OAxGAjkMRs85DEabOgxGaDsMRjU8DEYCPQxG
zz0MRpw+DEZoPwxGNUAMRgNBDEbQQQxGm0IMRmpDDEY1RAxGAkUMRs9FDEabRgxGaEcMRjZI
DEYCSQxG0EkMRptKDEZoSwxGNUwMRgNNDEbPTQxGm04MRmlPDEY1UAxGAlEMRs9RDEacUgxG
aVMMRjVUDEYDVQxGz1UMRptWDEZoVwxGNVgMRgJZDEbPWQxGm1oMRmhbDEY1XAxGA10MRtBd
DEabXgxGaV8MRjVgDEYDYQxGz2EMRptiDEZoYwxGNmQMRgJlDEbPZQxGm2YMRmhnDEY2aAxG
AmkMRs9pDEacagxGaGsMRjVsDEYDbQxGz20MRpxuDEZobwxGNnAMRgNxDEbPcQxGm3IMRmhz
DEY1dAxGA3UMRs91DEabdgxGaHcMRjZ4DEYCeQxG0HkMRpx6DEZoewxGNXwMRgJ9DEbPfQxG
m34MRmh/DEY1gAxGAoEMRtCBDEabggxGaIMMRjaEDEYChQxGz4UMRpyGDEZohwxGNogMRgKJ
DEbPiQxGnIoMRmiLDEY1jAxGAo0MRs+NDEacjgxGaI8MRjaQDEYCkQxGz5EMRpySDEZpkwxG
NpQMRgKVDEbPlQxGm5YMRmiXDEY2mAxGA5kMRs+ZDEacmgxGapsMRjWcDEYCnQxGz50MRpue
DEZpnwxG</AssayXData><AssayYData Points="1500">HWG/QPxwv0DUh79AyZi/QJKav0Cahb9AR56/QGOfv0BsYb9AJYW/QCWmv0CilL9ADqC/QNnU
v0C4p79AmYe/QGbLv0Cwj79AjHe/QM2rv0C0tb9AgYe/QFaxv0De0r9AwZS/QOC+v0By6b9A
6re/QITGv0Dn8r9A3o+/QIu3v0BFu79Aa6a/QNHbv0DWAcBAHNS/QFyuv0AB8r9AEqK/QKzT
v0AP5b9A4L+/QMqav0DFzr9A+Lu/QNqev0Dh0L9A+uG/QDKqv0CUtb9AM/G/QOvWv0Blwb9A
ZgLAQHnNv0BlyL9ANui/QI/fv0CJoL9Ao9K/QBLRv0AExr9AgqW/QKImwEAh4L9Agqy/QBv4
v0Bx0r9A0Nq/QP8DwEAFx79Apti/QD7ov0Ag8b9A6/K/QF3gv0CRwr9AGs+/QMjav0Bb5b9A
JOW/QNa4v0BuCMBA8Nu/QKqpv0AeD8BAise/QHfDv0Cx8b9A5Ou/QFTGv0BE679Ale6/QOrS
v0DK/r9AYvO/QHPBv0Ba5L9Az+q/QLnbv0CP2b9APPC/QDrXv0Bh3r9AZtq/QGztv0ARt79A
ywTAQLPTv0Bgyr9Abuu/QJTzv0AH7r9ApcW/QG0TwEDi1r9A+86/QFz5v0CJ+r9AHuO/QP3a
v0At6b9AlMq/QNPXv0AA4b9AJeq/QOTfv0Az479A0+W/QFbTv0AD379AqwzAQOAawED96r9A
KNi/QLfnv0Bw/r9AMbK/QPXZv0Ba4L9A7RfAQP3+v0AAAcBA7e6/QLvYv0DuFMBAc+C/QH3i
v0CB5L9AuP+/QMz2v0ABzL9AINa/QG3ov0BT6r9AtxLAQKbrv0B1wb9A8QjAQMXYv0DQur9A
vO+/QE7dv0Bpwr9AxM2/QPcNwEDi6r9AkwfAQM/rv0DB5r9Auua/QOu4v0CP079AqNG/QITa
v0Ck+r9AmrW/QOTav0BiEMBAX/O/QCbtv0CM+L9ABei/QFIHwED//L9Ao/C/QM30v0D+DcBA
fwrAQHf0v0Au+b9AXO2/QOPhv0AMIMBAyNi/QJ7Wv0A9FcBAkfi/QDX3v0Ao/b9Akg7AQA3h
v0Dn4L9AuhTAQJLwv0CXAsBAmjPAQGkHwECr679AIvK/QF7jv0BB979AYfy/QKDWv0Dk3r9A
qPS/QAAgwEDH0r9Asei/QLfuv0AFDMBAYBHAQJoHwEDz6b9AU/a/QM/6v0CbC8BAJMa/QEUO
wEBW879A1A/AQNIDwEDF+L9AeOC/QAr/v0Ch+79AkP2/QCL3v0DXQMBAdBTAQIgHwEB2/b9A
qRnAQH/yv0DCBcBArQDAQNMUwEC3DsBASCHAQJDvv0Cw8r9A6yXAQNnMv0DZ/b9ATwbAQH0x
wED5tL9ArB/AQK/qv0B84r9AQiHAQHDuv0DS179AGgHAQGEdwEAJyb9AngrAQP49wEDA479A
/ee/QOIfwEB4AcBAmuW/QIIEwECu/79AjdO/QOjmv0AMKMBA2uS/QOMowEBOCsBA2fS/QKIn
wEB8JMBAQv6/QKgYwEBmDcBA4gfAQHEowECVDsBAEQ/AQBUAwED4H8BAfizAQE3bv0Ab+r9A
wRfAQBMYwEAIN8BAsy7AQOEQwECrCcBAFxTAQHgawECSHcBAVPi/QGQAwEBzCcBAf0fAQGrr
v0Bk/79APSfAQFEUwECHAMBAhQjAQIMAwEAE7L9ATgXAQPAIwEBjBsBAQgrAQFAvwEB4BcBA
rgjAQLkJwEA+7b9A8N2/QEUJwEAy9b9AFgTAQF0VwEALIsBA9eG/QGIewEBMGsBAxvq/QAP0
v0DKJcBA/hbAQOkVwEBdWcBATgPAQLXyv0BVIsBAXAjAQFjzv0AUEMBA8wTAQNIFwEAKG8BA
9CDAQDr5v0BhMMBA/RDAQEvCv0BeNMBATznAQJH6v0DG8r9AhzHAQB/jv0A8A8BAoSjAQFFJ
wEA6/b9A4yPAQIo+wEDAFsBAKBrAQKkEwEAl/r9ABPG/QHYRwEBh0r9ARNS/QOBBwEA1LsBA
wwTAQL1AwECNJcBAzhDAQC4fwEAfK8BAiO+/QI8HwEBtFMBA3+u/QCn+v0DdN8BAAfK/QMH9
v0B6WsBA2B/AQEP1v0A1E8BAuinAQA8OwEBcMcBA6iTAQPwcwECkDsBAHSDAQK3xv0BeLMBA
bC/AQLkdwECyMsBAPSHAQH36v0CyAcBAcTvAQKwiwECMN8BAByHAQIMowEDaB8BAThDAQMow
wEDCFcBAijfAQEghwEBGF8BAkyrAQG9EwEBVEsBAjRDAQFlAwEAnMcBACQHAQKA0wEALPMBA
myHAQJVMwEAkG8BAUBbAQO0uwECNQsBAtOG/QGwRwEDFR8BAPxDAQB8IwECSRsBAtSnAQEQI
wEA/N8BAyyfAQIdDwEDVOsBAMyfAQGZBwEAYRMBAEE7AQAzfv0DrKcBAUCPAQEEGwECaMsBA
ekbAQH8zwECdHsBA7kXAQOAwwEB/A8BAHEXAQGcjwECvKsBAxiPAQBRWwEAOAMBAKW/AQOA9
wEALLMBAOQHAQOYmwEAAAsBAfDXAQJtbwEAyJsBAiDLAQE5mwEAgOMBAgQjAQANHwECpdcBA
HxzAQM4wwECPOMBAXDTAQFA0wEALMMBAhFPAQDY3wEChNMBA5zPAQCEAwECRSsBAbibAQI0w
wEDtQsBA7BjAQGAqwEDVd8BASk/AQME5wEAeVsBAIFzAQHgqwEAXRsBAWjfAQIM7wEBSSsBA
nD3AQNA8wECgDcBAQE/AQEARwEAqPcBACkbAQK1HwEDkAsBAiGPAQNA+wEBNIMBA9UnAQEM8
wEAFQMBAwSPAQEktwEA7KcBAqAXAQN5qwEDBRcBAXx3AQAdCwEAmjMBAcjDAQNFBwEDGQMBA
ARTAQI0qwEB8PsBAxEfAQOoSwEDvacBARznAQMcIwEByOcBASx/AQDc5wEB7WMBAtk7AQEkl
wEDAPMBAcVDAQE0ZwED3WcBAgDHAQA05wEAELcBAwmjAQOw6wEAlXsBAzUHAQEVYwEAkG8BA
lVnAQME2wEDBUsBAcD3AQHBOwEBvP8BAtEXAQBNGwEDCK8BAKDLAQLNcwECgQMBA4SzAQNFK
wED4c8BAy0TAQFVbwEArYMBA5i/AQEhCwEAbNMBAsCrAQC5vwEDLPMBAFzXAQBV3wEBvUcBA
j0nAQBRMwEB5YMBA4CzAQKpJwEDTSMBAk2jAQCoSwEDmdMBAYzzAQJ5mwEB0SMBAH1TAQCYm
wEBQYMBAGnvAQAE7wEC/R8BAsVnAQABawEAeZsBAsITAQPBCwEA/esBA8lXAQOYvwEABNsBA
5HvAQAFhwEBlSsBAKmDAQPNnwEB4NMBAV0nAQOJNwEAPQ8BAy1bAQFlXwEApTsBAmk/AQF9m
wED6RsBAaDvAQCl1wEC2cMBAxynAQFFywECjY8BAsznAQOdrwED8b8BA7j3AQF9NwEDoT8BA
hiTAQIUzwEDIacBAUWjAQD9kwEA8WsBAomPAQOVAwECaS8BAE4LAQEZIwED9TsBAWnLAQPlN
wEBeRsBAxVLAQDNdwEACP8BAD2XAQG4cwEDxMMBAZELAQGczwEDoJsBAW1nAQOJ3wED+PcBA
QVfAQBMywEC1XsBAYGTAQPuXwED3OcBARVHAQEtlwEAYQcBA8UjAQLB2wEAPVMBAb17AQFVz
wEB1O8BAzFPAQNVawEC+VsBAjnLAQIlywEC0Z8BAkmHAQIJKwECUh8BAUhnAQPBawED7TMBA
pnLAQNdnwEBnZ8BAoDjAQDJpwEBpbcBAOlnAQJllwEBWhsBAg0vAQGxwwEC1U8BAe4XAQLJS
wEDBZMBAbmPAQEdewEBNW8BAZ1jAQKU/wEARdsBAi4jAQCKGwEClZ8BAUInAQIuGwEDHZcBA
ikPAQDVywEADVMBA6VbAQPqJwEDGT8BAskbAQI9hwEBIZ8BAlWjAQBhkwEDTisBAMz3AQE5e
wEDpe8BAV3HAQNo/wECtZMBAOFHAQMJZwECWZsBAQXHAQK2FwEDFfsBA73zAQFtPwED7ZsBA
gXnAQJh8wECWicBAyGfAQFJWwEDRdMBAQm7AQPYjwEBTYsBArFvAQCxgwEBzW8BAtmPAQARD
wEBgacBAkHHAQJNcwED/bsBAM4DAQG9SwEDtR8BAbGnAQHuEwEDcUMBAdoDAQBOFwEDTbsBA
UXTAQBaYwECOgcBAR0zAQCiAwECxXsBAgmLAQNtGwECtacBALXrAQGotwEAvdcBAcFPAQNt6
wECiWcBA+FrAQLdlwEACcMBAbnDAQHF8wEB3j8BAx2XAQDNAwEAokcBADXfAQIdjwECTgMBA
VVXAQJpwwEDqd8BAlYfAQKCGwEAqfsBATW/AQPyHwECZicBAMH7AQChmwEDOWsBACU/AQGxr
wEBGZ8BAIrDAQOVnwED4WsBA+oTAQPiBwEBYWMBAfF/AQApywEAuacBAKVbAQPqjwECrfsBA
CnzAQOqSwEBkXcBAWHrAQNCCwEAUicBAUHnAQGSxwEA/r8BAC3zAQBRAwECmaMBAjXbAQIxh
wEDQiMBA3HfAQC9UwEA5gMBAxYTAQNVowEDXgsBAaI7AQO1hwEC2kMBAD3vAQDlUwECJYsBA
64TAQFRuwEAsm8BA+5DAQCt8wEDaZMBAI3vAQJZIwEB0ZsBADZjAQG2QwECfb8BALnzAQLFz
wEBwccBAdmTAQEt9wEABfcBA26zAQL6OwEDoecBAZHTAQLV5wEByfsBANpLAQLKtwEA4kMBA
pZjAQCODwEDYjsBAL5fAQAp1wED/o8BAfXPAQHG4wECptcBArYXAQIKDwEDQhcBArn3AQPGx
wEC+gMBATG/AQJJtwEDrlsBAh6rAQMqIwEBybsBAiH7AQFKHwEB5ksBAmmDAQE6uwEBrisBA
zITAQFdtwEAlosBAPaXAQBOowEAlrsBATbDAQN+QwEBAiMBA4pzAQP6ewEDogcBAsYfAQLV0
wECAecBADJLAQHKkwEDifsBApXrAQIqSwECrdMBAB4vAQKePwEBygcBANoXAQKGuwEDdmsBA
xXjAQNKNwEAVk8BAVn3AQIm2wEAdu8BAs3vAQFq7wEAdzcBAeXrAQPKCwEAzpMBA1KHAQK5w
wEBFlMBA+JDAQPWCwEAbp8BAILHAQOKFwEBmp8BAZKPAQJVvwEBdtsBACoXAQOOUwECxhsBA
rY/AQJuEwEDxjcBAlbDAQJt7wEAMiMBAJbjAQNmswEAHlMBAQabAQE2WwEBujsBA9pnAQDrI
wEAwf8BAXYbAQHuxwECabcBAnZjAQO3BwEB4lcBACpHAQPSGwECEqsBA3KDAQLqQwEB3p8BA
envAQGjIwEBOvMBAIaHAQECmwECwxsBAxXPAQHmAwEAEicBAYonAQPqfwEAS0cBAc7fAQBNz
wEBMn8BAkl/AQPmPwEDLpMBAHK3AQHKKwED8scBACKXAQLlvwECdpMBAdKLAQHqPwECfmcBA
F7rAQDiYwEAHtsBATKDAQAy/wEA1mMBApsPAQAjXwECflcBAL6TAQL+fwECyjsBAKrvAQKmj
wEDWf8BASKPAQDzWwEBqkcBA2J/AQM6nwECltcBA/rbAQDqfwECluMBAZJ7AQIi8wEAZxMBA
OqfAQHCnwEBVpsBAQrnAQA18wEBJtsBAO3XAQC65wEDZusBAK4bAQHCiwEABnsBA1oHAQCig
wEDLvcBAQZHAQPe2wEBVo8BA+a3AQHqEwEAxhMBA987AQCObwEB2nMBA5rHAQIuSwEACz8BA
W7fAQKKkwECMpsBAheDAQMevwED2sMBA9MDAQGSuwECxsMBAt7LAQG7TwEBWpMBAQcHAQIit
wECDzsBAPo/AQBnJwEDmf8BAdqfAQP3ewEBOsMBAQZTAQK20wECXvsBAGoDAQP7NwEBfl8BA
NaXAQDi5wEBimsBAgoLAQNydwECer8BAyKHAQNucwEBIvsBARZzAQJC3wEAMtMBAxLvAQJKo
wEA5sMBA/urAQIqQwEBNzcBAj8vAQAOiwEDej8BAvcvAQDp+wECvsMBAl5TAQOyUwEBIhsBA
8cvAQGHDwEC8iMBAUJnAQNrOwEAhkcBAzsHAQFigwECSlcBAwb3AQJ6fwEBPosBA7aHAQIHa
wEC3xcBAFarAQAfFwEBhiMBATZrAQFK/wECKvcBAM5rAQDO4wEB6y8BAwpXAQP2hwEBJ2MBA
gqHAQDakwECzrcBAsb/AQACIwECwu8BAwqvAQD+3wEA1tMBAtKrAQDicwEBCwsBA58XAQBq0
wECPs8BAqqfAQP+WwEBT1sBAyrLAQPa5wEDZs8BAzcHAQJbhwEAZh8BAgcLAQDaqwECDs8BA
jdPAQGi3wEBEsMBASrbAQBjMwEBHpMBAFbrAQIi+wEAUwsBAcNHAQD7+wECLzMBAPqnAQL7I
wEDaysBA48vAQJ63wEDcvcBAiaXAQHcCwUBurMBANLbAQIG/wECgzsBAX8LAQDa3wEA768BA
A8rAQCbIwEBa78BAN8XAQFKwwEBn4cBAW/XAQNWJwEB2oMBA38fAQO2vwECw2sBAOb/AQAyT
wED5vsBAquPAQAiXwECAh8BAe8TAQCTDwEAUwsBAjL/AQMbowECBuMBAaufAQP3QwEC8s8BA
7fvAQMrEwECmgcBA8MnAQF7HwECgysBAg/zAQHXpwECHuMBAfLvAQFrbwEA/ysBAe+3AQErj
wEBhpcBACdPAQBO8wECpx8BAzL3AQMG6wEDN3cBA6cfAQBzQwEDVwMBA48vAQKzUwEC49sBA
0uPAQCrYwEDo3sBAouHAQJa4wEASvMBAVuLAQDufwED74MBAkOfAQGGtwEBu18BA3djAQDrL
wED48sBAIuXAQAXSwEA6y8BAmtfAQLvRwEAR0sBA/PTAQOLewEBzvMBA9eXAQDbdwECKl8BA
2dTAQKIBwUCM3cBA8NjAQKPlwEBA5sBA0/DAQHzGwEAqt8BAtvDAQPfxwEDQ2sBABMrAQDTU
wEDt0sBAMLjAQIX9wEDs/MBAn8DAQP7AwEDl78BAuNLAQKDOwECyDMFAf9fAQGn4wEAwFcFA
xNXAQF24wEBj4MBA/9jAQI/qwECU2cBADOPAQB2vwED+vcBAoc/AQNrGwECc7sBAktjAQNTf
wEDW8MBArNvAQEurwEDr9cBACujAQMy+wECmmcBA9+nAQHHZwEAsv8BAvvDAQDzLwEC348BA
3+rAQDwgwUDEtsBA7c3AQHDzwEC30sBAvMXAQHrvwEBt2cBAqc7AQND1wECKu8BAJuzAQPjm
wEDB/8BAHNDAQAXxwEC++8BAZtjAQAXWwEAVC8FAbbfAQIfLwEBcF8FAHNbAQGe7wECGCcFA
ZPzAQHziwECpzMBA/+PAQAnUwEAht8BA4tLAQAXAwECm3sBAOfDAQEMOwUC3xMBADxLBQGTe
wEDZ88BAvunAQKIOwUAiy8BAP/bAQEQXwUCo3sBARuTAQAYJwUCH4sBAxP7AQHDewEDB4cBA
1/bAQID7wEBb5sBAU8zAQF8NwUAyJMFAF63AQPzPwEDg7sBArvnAQBACwUB3DcFAiNHAQNnI
wEDzBcFAoQjBQAEAwUDy6sBACv/AQL/4wECPE8FAWt3AQAnswEAXDcFAJgvBQDjcwEDr+8BA
LAjBQCzdwEBSEMFAEQjBQH/vwECC5MBAoQ7BQL0BwUCM78BARBPBQLgGwUCC0MBAAezAQAP1
wEA438BA3RXBQHgKwUBY7sBAKwDBQHInwUBn28BAx+rAQLbzwEB2AMFALu7AQO/0wEDi68BA
RdjAQFQJwUDYB8FAtwfBQDEBwUC3DMFApeTAQAL9wEAE/cBAmeDAQMjywECHC8FActLAQLbN
wEBNFcFAHt/AQLPkwEB5AcFA9wLBQP/NwEC7KMFAN+jAQKcJwUAqBMFA5vLAQBjowEB87sBA
C+fAQKP5wEAo0sBAIAXBQGX1wEBo3MBA8eLAQC70wEDS5MBAxU/BQP/iwEDw5MBAlvvAQJH0
wECu7MBA</AssayYData></Step></KineticsData></ExperimentResults>
