<?xml version="1.0" encoding="UTF-8" standalone="yes"?>
<ExperimentResults><ExperimentInfo Name="OE292"><ExpDescription>AHC example method_screening with one Analyte_384 well plate
64 capture antibodies with Analyte at one concentration_no reference channel</ExpDescription><RTDVersion>2.0</RTDVersion><RunID>24F06473-F6D3-4D98-A1F9-0B1F7EF644AC</RunID><ExperimentType>KINETICS</ExperimentType><ExperimentSubType>KBASIC</ExperimentSubType><StartDateTime>2025-10-13T15:18:17</StartDateTime><MachineName>F4G0FZ3</MachineName><UserName>octet</UserName><LotNumber></LotNumber><PlateName>251013</PlateName><PlateName2></PlateName2><SensorName>E12</SensorName><SensorPlate>1</SensorPlate><SensorType>AHC (Anti-hIgG Fc Capture)</SensorType><SensorRole>LIGAND</SensorRole><SensorInfo></SensorInfo><WritingSW>OctetBLIDiscovery.exe 13.0.3.26</WritingSW><InstrumentType>OctetRED384</InstrumentType><InstrumentSerial>FB-20855</InstrumentSerial><InstrumentFW></InstrumentFW><IntegrationTime>2.7</IntegrationTime><DSPType>CPF</DSPType><HasManifest>1</HasManifest><InfoHash>244724468</InfoHash></ExperimentInfo><AssayParamsInfo/><KineticsData><Step><CommonData><SampleLocation>7</SampleLocation><SampleID>Glycine</SampleID><SampleGroup></SampleGroup><SampleInfo></SampleInfo><SampleRow>J</SampleRow><SamplePlate>1</SamplePlate><WellType>REGENERATION</WellType><Concentration>-1</Concentration><ConcentrationUnits>µg/ml</ConcentrationUnits><MolarConcentration>-1</MolarConcentration><MolarConcUnits>nM</MolarConcUnits><MolecularWeight>0</MolecularWeight><Temperature>30.1</Temperature><StartTime>0</StartTime><AssayTime>5</AssayTime></CommonData><FlowRate>1000</FlowRate><StepType>KREGENERATION</StepType><StepName>Regeneration</StepName><StepStatus>OK</StepStatus><ActualTime>5</ActualTime><CycleTime>0.2</CycleTime><AssayXData Points="25">AAAAAM3MTD7NzMw+I9sZP83MTD8AAIA/mpmZPzMzsz+R7cw/ZmbmP2IQAEDNzAxAmpkZQMl2
JkAzMzNAAABAQM3MTECamVlAZmZmQJZDc0AAAIBAZmaGQM3MjEAzM5NAmpmZQA==</AssayXData><AssayYData Points="25">AAAAANUwIL7qvX6+64iivme3yL61teG+cD37vnZVCb9DsRW/IdIcvyHbJb8MxS+/KMY3vxOC
Pr9NBke/qTpNv5FCUr8QKFm/elBev6lhY79s7mi/J+1tv/ZTcb8mU3a/NVl5vw==</AssayYData></Step><Step><CommonData><SampleLocation>8</SampleLocation><SampleID>PBS</SampleID><SampleGroup></SampleGroup><SampleInfo></SampleInfo><SampleRow>J</SampleRow><SamplePlate>1</SamplePlate><WellType>NEUTRALIZATION</WellType><Concentration>-1</Concentration><ConcentrationUnits>µg/ml</ConcentrationUnits><MolarConcentration>-1</MolarConcentration><MolarConcUnits>nM</MolarConcUnits><MolecularWeight>0</MolecularWeight><Temperature>30</Temperature><StartTime>44141</StartTime><AssayTime>5</AssayTime></CommonData><FlowRate>1000</FlowRate><StepType>KREGENERATION</StepType><StepName>Regeneration</StepName><StepStatus>OK</StepStatus><ActualTime>5</ActualTime><CycleTime>0.2</CycleTime><AssayXData Points="25">AACgQGZmpkD+1KxAMzOzQJqZuUAAAMBAZmbGQM3MzEAzM9NAy6HZQAAA4EBmZuZAzczsQDMz
80DLoflAAAAAQTMzA0FmZgZBsp0JQebQDEEAABBBTDcTQdv5FkGamRlBzcwcQQ==</AssayXData><AssayYData Points="25">o90wQMGCMkAOYTNAsnI0QJYzNUApmjVA20s2QGz2NkAy5jZAE5Y3QIkgOEDpWzhAL5g4QL81
OUDIfTlAQ3c5QAe+OUCSrzlAuvk5QMt5OkBbrTpATK06QO2sOkAkIDtAbQw7QA==</AssayYData></Step><Step><CommonData><SampleLocation>7</SampleLocation><SampleID>Glycine</SampleID><SampleGroup></SampleGroup><SampleInfo></SampleInfo><SampleRow>J</SampleRow><SamplePlate>1</SamplePlate><WellType>REGENERATION</WellType><Concentration>-1</Concentration><ConcentrationUnits>µg/ml</ConcentrationUnits><MolarConcentration>-1</MolarConcentration><MolarConcUnits>nM</MolarConcUnits><MolecularWeight>0</MolecularWeight><Temperature>30</Temperature><StartTime>57531</StartTime><AssayTime>5</AssayTime></CommonData><FlowRate>1000</FlowRate><StepType>KREGENERATION</StepType><StepName>Regeneration</StepName><StepStatus>OK</StepStatus><ActualTime>5</ActualTime><CycleTime>0.2</CycleTime><AssayXData Points="25">AAAgQUw3I0F/aiZBsp0pQc3MLEEZBDBBMzMzQWZmNkGamTlB5dA8QQAAQEEzM0NBZmZGQZqZ
SUHm0ExBGARQQTMzU0F/alZBmplZQc3MXEEAAGBBMzNjQWZmZkGamWlBzcxsQQ==</AssayXData><AssayYData Points="25">6Bg6v/yPTr8uGlu/koJkv4Pja78GXXO/STJ5v5oOfr+xcYG/fcKCv7dvhL+++oW/dv6Hv7A2
ib+0l4q/XVqMv2djjb/3ro2/s/qPv9QIkb/iNJG/HQyTv3Kjk78HD5S/2hqVvw==</AssayYData></Step><Step><CommonData><SampleLocation>8</SampleLocation><SampleID>PBS</SampleID><SampleGroup></SampleGroup><SampleInfo></SampleInfo><SampleRow>J</SampleRow><SamplePlate>1</SamplePlate><WellType>NEUTRALIZATION</WellType><Concentration>-1</Concentration><ConcentrationUnits>µg/ml</ConcentrationUnits><MolarConcentration>-1</MolarConcentration><MolarConcUnits>nM</MolarConcUnits><MolecularWeight>0</MolecularWeight><Temperature>30</Temperature><StartTime>70971</StartTime><AssayTime>5</AssayTime></CommonData><FlowRate>1000</FlowRate><StepType>KREGENERATION</StepType><StepName>Regeneration</StepName><StepStatus>OK</StepStatus><ActualTime>5</ActualTime><CycleTime>0.2</CycleTime><AssayXData Points="25">AQBwQTQzc0FnZnZBm5l5QebQfEEMAoBBppuBQTMzg0HNzIRBc2iGQQAAiEGamYlBTDeLQc3M
jEFzaI5BAACQQZqZkUEzM5NBzcyUQXNolkEAAJhBmpmZQUA1m0HNzJxBZmaeQQ==</AssayXData><AssayYData Points="25">K5YtQEISL0BECDBAvJ4wQI+iMUBUTDJAorMyQPovM0BPsTNA89gzQP+hNEAlrTRAWEI1QH5g
NUCGRjVAJMM1QO4nNkBcMDZAAt82QMK4NkDwyDZA6Cc3QB8UN0BBXjdAqm83QA==</AssayYData></Step><Step><CommonData><SampleLocation>7</SampleLocation><SampleID>Glycine</SampleID><SampleGroup></SampleGroup><SampleInfo></SampleInfo><SampleRow>J</SampleRow><SamplePlate>1</SamplePlate><WellType>REGENERATION</WellType><Concentration>-1</Concentration><ConcentrationUnits>µg/ml</ConcentrationUnits><MolarConcentration>-1</MolarConcentration><MolarConcUnits>nM</MolarConcUnits><MolecularWeight>0</MolecularWeight><Temperature>30</Temperature><StartTime>84393</StartTime><AssayTime>5</AssayTime></CommonData><FlowRate>1000</FlowRate><StepType>KREGENERATION</StepType><StepName>Regeneration</StepName><StepStatus>OK</StepStatus><ActualTime>5.001</ActualTime><CycleTime>0.2</CycleTime><AssayXData Points="25">AACgQZqZoUEzM6NBzcykQWZmpkEMAqhBppupQUA1q0HNzKxBZmauQQwCsEGambFBQDWzQc3M
tEFmZrZBDAK4QZqZuUEzM7tB2c68QWZmvkEAAMBBmpnBQTMzw0HNzMRBc2jGQQ==</AssayXData><AssayYData Points="25">509Zv5sNbL8Qf3i/8KB+v7xZgr/hcoW/6ZCHvzFZib91Vou/OMKMv4Uqjr+UC5C/NAKRvwwD
kr9jAZO/wSCUv+z+lL9GWZW/9xqXv0RGl7/dYZi/5pSZv6Asmr+2M5q/jGSbvw==</AssayYData></Step><Step><CommonData><SampleLocation>8</SampleLocation><SampleID>PBS</SampleID><SampleGroup></SampleGroup><SampleInfo></SampleInfo><SampleRow>J</SampleRow><SamplePlate>1</SamplePlate><WellType>NEUTRALIZATION</WellType><Concentration>-1</Concentration><ConcentrationUnits>µg/ml</ConcentrationUnits><MolarConcentration>-1</MolarConcentration><MolarConcUnits>nM</MolarConcUnits><MolecularWeight>0</MolecularWeight><Temperature>30</Temperature><StartTime>97847</StartTime><AssayTime>5</AssayTime></CommonData><FlowRate>1000</FlowRate><StepType>KREGENERATION</StepType><StepName>Regeneration</StepName><StepStatus>OK</StepStatus><ActualTime>5.001</ActualTime><CycleTime>0.2</CycleTime><AssayXData Points="25">DQLIQbOdyUFMN8tB5tDMQXNozkENAtBBp5vRQUA100HaztRBgGrWQRkE2EGnm9lBQDXbQebQ
3EFzaN5BGQTgQbOd4UFANeNB5tDkQYBq5kENAuhBppvpQUw360HazuxBgGruQQ==</AssayXData><AssayYData Points="25">WycuQB1JL0DQWTBAgBwxQPAZMkC3qzJAIuYyQBOdM0Da4jNAUaM0QO+yNEBaQDVARzw1QPZr
NUDKsTVAAOk1QN9rNkB11TZA6XQ2QMAIN0AETTdAhVE3QMGnN0BZ+DdArMw3QA==</AssayYData></Step><Step><CommonData><SampleLocation>3</SampleLocation><SampleID>Octet Buffer</SampleID><SampleGroup></SampleGroup><SampleInfo></SampleInfo><SampleRow>I</SampleRow><SamplePlate>1</SamplePlate><WellType>BUFFER</WellType><Concentration>-1</Concentration><ConcentrationUnits>µg/ml</ConcentrationUnits><MolarConcentration>-1</MolarConcentration><MolarConcUnits>nM</MolarConcUnits><MolecularWeight>0</MolecularWeight><Temperature>30</Temperature><StartTime>112441</StartTime><AssayTime>20</AssayTime></CommonData><FlowRate>1000</FlowRate><StepType>CUSTOM</StepType><StepName>Sensor Check</StepName><StepStatus>OK</StepStatus><ActualTime>20</ActualTime><CycleTime>0.2</CycleTime><AssayXData Points="100">GgTwQcCf8UFZOfNB59D0QYBq9kEmBvhBtJ35QVo5+0Hn0PxBjWz+QQ0CAELazgBCp5sBQnpp
AkJANQNCDQIEQtrOBEKnmwVCc2gGQkY2B0ITAwhC2s4IQqebCUJzaApCQDULQg0CDELazgxC
p5sNQnppDkJANQ9CEwMQQtrOEEKnmxFCc2gSQkA1E0INAhRC2s4UQqebFUJ6aRZCQDUXQhMD
GELazhhCppsZQnppGkJANRtCDQIcQuDPHEKtnB1CdGgeQkA1H0ITAyBC2s4gQq2cIUJ6aSJC
QDUjQg0CJELaziRCrZwlQnRoJkJANSdCEwMoQuDPKEKtnClCdGgqQkA1K0INAixC2s4sQqab
LUJ0aC5CRjYvQhMDMELazjBCppsxQnppMkJANTNCDQI0QuDPNEKmmzVCemk2QkA1N0INAjhC
4M84QqycOUJ0aDpCQDU7QhMDPELgzzxCpps9QnRoPkJANT9CDQJAQtrOQEKmm0FCdGhCQkA1
Q0INAkRC4M9EQqabRUJ0aEZCQDVHQg==</AssayXData><AssayYData Points="100">stgvQE89LkBCfSxA0jArQOmsKkCZ5ilAjrIpQHHyKUCXFipAtmQpQN6yKUBsFypAHOApQJ49
KkC5jSpABu0qQL7FKkAD1ipA7hErQEAjK0BPeStAD6YrQD6iK0DNvCtAF8wrQGubK0BGKCxA
4VwsQK9ULECHWyxA2dIsQBOkLED9jCxAe8MsQDPILEADAC1A1QstQG8yLUAX7SxAT2ItQHFa
LUAqXS1A7K8tQGiCLUBUpC1A0pMtQJK3LUCSsC1AGsEtQIiFLUB9By5AlfYtQFqILkDRIi5A
Ny0uQPVlLkDeni5AnGQuQAJPLkBdqy5A744uQH+TLkAorS5AJiAvQCrELkAv7C5AR+kuQIrO
LkAEFy9ANfguQBoWL0DbKi9AqmMvQCEaL0BZVS9ATmkvQEoaL0CRjC9AA3MvQNx8L0DnpS9A
sZEvQPNuL0AQqC9A+EMvQLFyL0BCxy9A/8EvQAUZMEC8ji9A0jUwQJ4FMEDzzy9ACPgvQJzu
L0CG9S9A4PAvQNsfMEBm5S9Arl8wQA==</AssayYData></Step><Step><CommonData><SampleLocation>7</SampleLocation><SampleID>SI-157C13_P5198</SampleID><SampleGroup></SampleGroup><SampleInfo></SampleInfo><SampleRow>I</SampleRow><SamplePlate>1</SamplePlate><WellType>KLOAD</WellType><Concentration>5</Concentration><ConcentrationUnits>µg/ml</ConcentrationUnits><MolarConcentration>5000</MolarConcentration><MolarConcUnits>nM</MolarConcUnits><MolecularWeight>0</MolecularWeight><Temperature>30</Temperature><StartTime>141226</StartTime><AssayTime>120</AssayTime></CommonData><FlowRate>1000</FlowRate><StepType>LOADING</StepType><StepName>Loading</StepName><StepStatus>OK</StepStatus><ActualTime>120</ActualTime><CycleTime>0.2</CycleTime><AssayXData Points="600">DQJIQtrOSEKnm0lCc2hKQkA1S0ITA0xC2s5MQqebTUJzaE5CRjZPQg0CUELazlBCrZxRQnpp
UkJGNlNCEwNUQtrOVEKnm1VCc2hWQkY2V0INAlhC2s5YQqebWUJ6aVpCRjZbQhMDXELazlxC
p5tdQnNoXkJANV9CDQJgQtrOYEKtnGFCc2hiQkA1Y0INAmRC2s5kQq2cZUJzaGZCQDVnQg0C
aELazmhCpptpQnppakJANWtCDQJsQtrObEKtnG1CemluQkA1b0INAnBC2s5wQq2ccUJ0aHJC
RjZzQg0CdELgz3RCppt1QnRodkJGNndCDQJ4QuDPeEKmm3lCeml6QkA1e0ITA3xC4M98Qqab
fUJ0aH5CRjZ/QgYBgELwZ4BCVs6AQr00gUKgmoFCBgGCQm1ngkJWzoJCvTSDQqCag0KKAYRC
bWeEQlbOhEI6NIVCoJqFQgYBhkJtZ4ZC082GQr00h0KgmodCBgGIQm1niELTzYhCOjSJQqCa
iUKKAYpC8GeKQtPNikI6NItCoJqLQgYBjEJtZ4xC082MQjo0jUKgmo1CBgGOQm1njkJWzo5C
OjSPQiObj0IGAZBC8GeQQtPNkEI6NJFCoJqRQgYBkkLwZ5JCVs6SQjo0k0KgmpNCigGUQm1n
lELTzZRCvTSVQqCalUIGAZZCbWeWQtPNlkK9NJdCoJqXQgYBmELwZ5hC082YQr00mUKgmplC
BgGaQm1nmkJWzppCOjSbQiObm0KKAZxCbWecQtPNnEI6NJ1CI5udQooBnkLwZ55C082eQjo0
n0Ijm59CigGgQvBnoEJWzqBCOjShQqCaoUKKAaJC8GeiQlbOokI6NKNCoJqjQooBpEJtZ6RC
1M2kQjo0pUIjm6VCBgGmQm1npkLUzaZCOjSnQiObp0IGAahCbWeoQtTNqEJANalCoJqpQgYB
qkJtZ6pC1M2qQjo0q0KgmqtCigGsQm1nrELUzaxCvTStQqCarUKKAa5CbWeuQtTNrkK9NK9C
oJqvQgYBsELwZ7BC1M2wQjo0sUKgmrFCBgGyQm1nskJWzrJCvTSzQqCas0IGAbRCbWe0QlbO
tEI6NLVCoJq1QgYBtkJtZ7ZCVs62Qjo0t0KgmrdCBgG4QvBnuELUzbhCOjS5QqCauUKKAbpC
bWe6QtTNukI6NLtCoJq7QgYBvELwZ7xC1M28Qjo0vUKgmr1CBgG+Qm1nvkLUzb5CvTS/QiOb
v0IGAcBC8GfAQtTNwEI6NMFCoJrBQgYBwkLwZ8JC1M3CQjo0w0KgmsNCigHEQm1nxEJWzsRC
vTTFQqCaxUKKAcZC8GfGQtTNxkI6NMdCoJrHQgYByEJtZ8hC1M3IQr00yUIjm8lCBgHKQm1n
ykJWzspCOjTLQiOby0KKAcxC8GfMQtTNzEI6NM1CI5vNQooBzkJtZ85CVs7OQr00z0Kgms9C
BgHQQm1n0ELUzdBCOjTRQiOb0UIGAdJC8GfSQlbO0kI6NNNCI5vTQgYB1EJtZ9RC1M3UQjo0
1UIjm9VCBgHWQm1n1kJWztZCvTTXQqCa10IGAdhCbWfYQlbO2EK9NNlCI5vZQgYB2kJtZ9pC
1M3aQjo020KgmttCigHcQm1n3ELUzdxCvTTdQqCa3UIGAd5CbWfeQlbO3kI6NN9CoJrfQgYB
4EJzaOBCVs7gQjo04UKgmuFCigHiQm1n4kJWzuJCOjTjQiOb40IGAeRCbGfkQtTN5EI6NOVC
JJvlQooB5kJsZ+ZC1M3mQrw050Ikm+dCBgHoQvBn6ELUzehCOjTpQiSb6UIGAepCbGfqQtTN
6kI6NOtCoJrrQgYB7EJsZ+xCVs7sQjo07UKgmu1CBgHuQmxn7kLUze5COjTvQqCa70IGAfBC
bGfwQlbO8EK8NPFCoJrxQgYB8kJsZ/JCVs7yQjo080KgmvNCigH0Qmxn9EJWzvRCOjT1QqCa
9UIGAfZCbGf2QtTN9kI6NPdCJJv3QooB+EJsZ/hC1M34Qjo0+UKgmvlCBgH6Qmxn+kLUzfpC
OjT7QqCa+0KKAfxCbGf8QtTN/EK8NP1CJJv9QooB/kLwZ/5CVs7+Qjo0/0Kgmv9CgwAAQ/gz
AEPqZgBDXpoAQ5LNAEPFAAFD+DMBQ+pmAUNemgFDks0BQ4MAAkO2MwJD6mYCQx2aAkNQzQJD
gwADQ7YzA0PqZgNDXpoDQ1DNA0PFAARDtjMEQ+pmBEMdmgRDUM0EQ8UABUO2MwVD6mYFQ16a
BUOSzQVDxQAGQ7YzBkMrZwZDHZoGQ5LNBkPFAAdDtjMHQ+pmB0MdmgdDks0HQ4MACEO2MwhD
6mYIQx2aCENQzQhDgwAJQ/gzCUMxaAlDHZoJQ1DNCUPFAApDtjMKQytnCkMdmgpDUM0KQ8UA
C0O2MwtDK2cLQx2aC0NQzQtDxQAMQ7YzDEMrZwxDXpoMQ1DNDEODAA1DtjMNQ+pmDUMdmg1D
UM0NQ4MADkO2Mw5D6mYOQ16aDkNQzQ5DgwAPQ7YzD0PqZg9DXpoPQ1DND0ODABBDtjMQQ+pm
EENemhBDUM0QQ4MAEUP4MxFD6mYRQ16aEUNQzRFDxQASQ7YzEkPqZhJDXpoSQ1DNEkODABND
+DMTQ+pmE0MdmhNDUM0TQ4MAFEP4MxRD6mYUQx2aFENQzRRDgwAVQ/gzFUPqZhVDHZoVQ1DN
FUODABZD+DMWQ+pmFkNemhZDUM0WQ4MAF0O2MxdD6mYXQ16aF0NQzRdDxQAYQ7YzGEMrZxhD
HZoYQ1DNGEPFABlDtjMZQytnGUNemhlDUM0ZQ4MAGkO2MxpDK2caQx2aGkNQzRpDxQAbQ7Yz
G0PqZhtDHZobQ1DNG0PFABxDtjMcQytnHENemhxDks0cQ4MAHUO2Mx1D6mYdQ16aHUNQzR1D
gwAeQ7YzHkNtZx5DHZoeQ5LNHkODAB9D+DMfQ+pmH0Mdmh9DUM0fQ4MAIEP4MyBD6mYgQ16a
IEOSzSBDgwAhQ7YzIUPqZiFDXpohQ1DNIUODACJD+DMiQ65nIkMdmiJDUM0iQ8UAI0P4MyND
6mYjQx2aI0NQzSNDgwAkQ/gzJEPqZiRDXpokQ1DNJEODACVDtjMlQytnJUMdmiVDUM0lQ8UA
JkO2MyZDK2cmQ16aJkNQzSZDgwAnQ/gzJ0PqZidDHZonQ5LNJ0ODAChDOjQoQ+pmKEMdmihD
UM0oQ4MAKUP4MylD6mYpQx2aKUNQzSlD</AssayXData><AssayYData Points="600">um0vQFmuMEAOyzFAv5gyQDVdM0C9mTRAtHI1QAE3NkB6SjdA8+Q3QAffOEC9DzpAnbc6QCTb
O0BTjjxAQTk9QDYnPkDiND9AgzVAQJbCQEDpt0FAC8xCQL4wQ0DbVkRACzJFQNvcRUCuzkZA
C2NHQL6KSEBQIklA3SNKQBOWSkABcEtAkw5MQKTpTEAFvk1Al5pOQFJBT0AN4k9Ag3dQQBaP
UUDp+1FA6/BSQHWsU0B6VFRAw/VUQGGAVUCveFZA6zFXQHC0V0CYJFhAf6VYQLuBWUBOa1pA
rKlaQDtOW0DU+1tAXY5cQIhPXUCF4V1A9P5dQFvxXkB0bl9AOxBgQAWOYECVMmFAA9FhQNlD
YkBOrGJAZBNjQM7kY0CgQmRA7sxkQNQfZUDIsWVAG0hmQKV/ZkAy6mZAkLFnQDUEaEBUZ2hA
pRtpQJpIaUC6EGpArQ9qQJaHakBaFWtAX2NrQAcmbEDjGWxAqWVsQNksbUBWeW1Ahc9tQENZ
bkAQcW5AVEFvQJRGb0A7nm9Ata5vQLNZcEBIwHBAOP1wQHoNcUAJenFAeANyQD9uckCHiXJA
ovxyQEdTc0CsxHNAsdpzQAf4c0D3g3RA52R0QDj8dECzRHVAt291QMWedUAXGnZAOnB2QPNe
dkA3/3ZAayx3QFsgd0AhvXdA9J13QJj5d0APEHhAqrB4QO2jeECPxXhAglF5QHSFeUANvnlA
Pe15QAo6ekDWRXpANp16QOH8ekAt2XpAREV7QBKae0AmuXtA4/R7QJUsfEBnTXxAdnh8QOTO
fEABBn1AxA19QGITfUDDJn1A7r19QHunfUDIOn5A5+l9QD2KfkCMdH5A0dx+QIUIf0AbCH9A
4Ud/QLixf0Bmf39AscN/QJWtf0DyC4BAqgiAQHtCgEAOQYBAqWSAQBprgECpUIBA/YGAQCmB
gEAn/4BAT9GAQAbzgEAQ94BASxWBQDP2gEACD4FAimmBQIRSgUAXX4FAYHWBQGWFgUAPiYFA
/pKBQJPVgUBA1oFAyAGCQIQqgkDdGIJAkCyCQAQfgkAtR4JA5AeCQLt8gkDdk4JA74OCQPOD
gkCAuIJAia6CQFnJgkCi8oJAEcCCQD/QgkAT9oJA4PiCQI86g0ASMYNAHCqDQAQog0DQYYNA
QlyDQFlag0CrpYNA9myDQHi5g0Bcz4NAm6+DQDiPg0Aq/4NAUfqDQET5g0B4EYRAlj6EQIAq
hED9LYRAcl2EQNlThECLLIRAnoaEQKd4hEDheYRAB5GEQKOMhEDamoRARNaEQJSjhEC1zIRA
Of+EQOkXhUBj+oRARxaFQDcchUA3SIVAIQ6FQDtHhUCVPoVA00iFQAU9hUDMa4VAommFQLmS
hUCRioVA8ZiFQKiyhUBarIVAu5yFQHrQhUDfs4VANNKFQBoAhkCl8YVAlf+FQIrjhUCgJIZA
UQeGQIk7hkCIPIZAQFOGQJ85hkCIaoZAhGmGQHJIhkCEToZATJqGQPGLhkAjsIZAwsOGQJma
hkAxuIZAGcWGQMHBhkAr1YZAcviGQKLghkCc74ZA+vmGQLf3hkDJ+IZALzeHQLQuh0D5P4dA
mjyHQN4yh0DxPodAZEWHQGxvh0AWfodAj3eHQIedh0DanYdARJiHQGiph0CZs4dA4IqHQOi4
h0CNrIdAC8WHQETfh0At7IdAEdaHQPsPiEA59IdABvuHQO8fiEBbN4hAQUyIQMkoiEDDKohA
01SIQDpZiEANRIhA32mIQM1MiEAIcohABGeIQE+HiEDohYhAGoeIQOpoiEDbnYhARJqIQHig
iEDFo4hAV8OIQGjciECT14hA5+SIQKUIiUDl0ohA68+IQP4OiUA/CYlACQWJQDkGiUCv8YhA
TCKJQNchiUBwKolAEhWJQBoaiUC0RIlAdDOJQKtMiUBnfYlAK4eJQLhDiUCXiIlAKIqJQL2d
iUAFpYlAdaaJQCuiiUAvaolAMrOJQDe7iUB9s4lAdrmJQA+0iUBq6olAG8yJQFatiUAxB4pA
wxaKQMzeiUDzF4pAHgiKQFfiiUAnAopAUjKKQMD5iUBeO4pA5TyKQLJPikDSVYpAbFOKQIJH
ikBJS4pApkCKQE1QikC5SopAen2KQEBvikA7Y4pABn+KQDyzikAIhIpABZ6KQJayikCtiYpA
UtOKQMu/ikC5kIpALs+KQAXIikCe5opAaLiKQOfDikDx3YpAPOqKQDr8ikDNFotAMumKQK0P
i0D2GYtACwSLQJ0zi0ATUItAJQyLQC82i0DUTItAXU6LQHVIi0AFcotApD6LQMtai0DDWItA
j5WLQGJLi0ATdotAo6+LQM9ui0CclItA9JeLQN1Xi0Bjp4tAM3+LQOafi0CinotAP7iLQEu1
i0BksYtAW86LQErgi0ABxotA2t+LQLP9i0DrvYtAduaLQJT9i0A654tA4LWLQCMUjEAYCoxA
cAaMQDARjED8DYxAjB6MQG1JjEDfIoxAXg6MQMAkjEBvMYxAtjqMQFBGjECMToxAkFeMQG99
jEBRaoxA9k6MQKlZjEBBX4xAeG+MQJZMjEBDh4xAiYGMQB6WjEB3p4xA4K2MQAW3jECvrYxA
jLyMQLm7jEBxnIxAe9SMQBCkjEBz04xAYKaMQAPJjECh2YxAXdyMQJzxjEBCII1AARuNQD3+
jEAzzoxA/BKNQJELjUCH4oxAoiCNQOUbjUAWII1AGwuNQHYnjUA5GY1AiuyMQIwtjUCJAY1A
0TKNQA8fjUD7QY1AOFmNQBhbjUC7SY1AsUuNQAVbjUBkjI1ASHuNQLxxjUA5lI1A0WaNQOeF
jUD4rI1AEZyNQDlujUDDs41ALqSNQFWWjUDLlI1AfrWNQNSjjUCjrI1AcOGNQBzdjUCVoY1A
LrqNQFu1jUAq1Y1A9OuNQFfnjUCDrI1A/9SNQJ/QjUCD+Y1A8PyNQHYHjkDd941AFvmNQMIT
jkAME45ApwWOQPoljkDcMo5AevyNQOxMjkCmE45AyTyOQHk4jkBoHY5A5jGOQDs+jkAFPI5A
qDWOQHNhjkAePI5AdDyOQPCJjkBoa45AymKOQNaUjkBhjI5AFHeOQPR2jkA/f45A4GCOQCiS
jkA6po5AxHyOQNCAjkBdeI5AdoyOQNWIjkA8no5AbseOQNacjkBsoY5AOKGOQGSKjkD6yY5A
B+WOQGzIjkBT0o5AO8yOQHXBjkCF7I5A</AssayYData></Step><Step><CommonData><SampleLocation>3</SampleLocation><SampleID>Octet Buffer</SampleID><SampleGroup></SampleGroup><SampleInfo></SampleInfo><SampleRow>I</SampleRow><SamplePlate>1</SamplePlate><WellType>BUFFER</WellType><Concentration>-1</Concentration><ConcentrationUnits>µg/ml</ConcentrationUnits><MolarConcentration>-1</MolarConcentration><MolarConcUnits>nM</MolarConcUnits><MolecularWeight>0</MolecularWeight><Temperature>30</Temperature><StartTime>270166</StartTime><AssayTime>100</AssayTime></CommonData><FlowRate>1000</FlowRate><StepType>BASELINE</StepType><StepName>Baseline</StepName><StepStatus>OK</StepStatus><ActualTime>100</ActualTime><CycleTime>0.2</CycleTime><AssayXData Points="500">gwAqQ7YzKkPpZipDHZoqQ1DNKkPFACtD+DMrQ+lmK0MdmitDUM0rQ4MALEO2MyxD6WYsQx2a
LENQzSxDxQAtQ7YzLUPpZi1DHZotQ5HNLUPFAC5DtjMuQytnLkMdmi5Dkc0uQ4MAL0P4My9D
6WYvQx2aL0ORzS9DxQAwQ7YzMEMrZzBDHZowQ5HNMEPFADFDtjMxQ+lmMUNemjFDUM0xQ4MA
MkO2MzJD6WYyQx2aMkNQzTJDxQAzQ/gzM0PpZjNDXpozQ1DNM0PFADRDtjM0QytnNENemjRD
UM00Q4MANUO2MzVD6WY1Q16aNUNQzTVDgwA2Q7YzNkPpZjZDXpo2Q5HNNkPFADdD+DM3Q+lm
N0MdmjdDkc03Q8UAOEP4MzhD6WY4Q16aOENQzThDgwA5Q7YzOUPpZjlDXpo5Q1DNOUODADpD
tjM6QytnOkMdmjpDUM06Q8QAO0P4MztD6WY7Q16aO0ORzTtDgwA8Q7YzPEO2czxDapw8Q1DN
PEPEAD1D+DM9Q+lmPUMdmj1D0809Q8QAPkO2Mz5D6WY+Qx2aPkORzT5DgwA/Q7YzP0PpZj9D
HZo/Q1DNP0ODAEBDtjNAQ+lmQENemkBDkc1AQ4MAQUO2M0FD6WZBQx2aQUNQzUFDgwBCQ7Yz
QkPpZkJDXppCQ1DNQkODAENDtjNDQytnQ0NemkNDkc1DQ4MAREP4M0RDK2dEQ16aREORzURD
gwBFQ7YzRUPpZkVDHZpFQ5HNRUODAEZD+DNGQ+lmRkNemkZDkc1GQ8QAR0O2M0dD6WZHQx2a
R0NQzUdDgwBIQ/gzSEPpZkhDHZpIQ1DNSEODAElDtjNJQ+lmSUMdmklDUM1JQ4MASkP4M0pD
6mZKQxyaSkORzUpDgwBLQ7YzS0PqZktDHJpLQ1DNS0ODAExD+DNMQytnTENemkxDkc1MQ4MA
TUO2M01D6mZNQxyaTUNQzU1DgwBOQ7YzTkPqZk5DHJpOQ1DNTkPEAE9DtjNPQytnT0Mcmk9D
kc1PQ8QAUEO2M1BDQHVQQ/SdUENQzVBDgwBRQ/gzUUPqZlFDHJpRQ1DNUUODAFJDtjNSQytn
UkMcmlJDUM1SQ4MAU0O2M1ND6mZTQ16aU0ORzVNDgwBUQ7YzVEPqZlRDHJpUQ1DNVEODAFVD
tjNVQ+pmVUMcmlVDUM1VQ4MAVkO2M1ZDK2dWQxyaVkORzVZDgwBXQ/gzV0PqZldDHJpXQ1DN
V0ODAFhD+DNYQ+pmWENemlhDUM1YQ4MAWUM5NFlD6mZZQxyaWUNQzVlDxABaQ7YzWkPqZlpD
HJpaQ1DNWkPEAFtDtjNbQ+pmW0McmltDkc1bQ8QAXEO2M1xD6mZcQ16aXEORzVxDxABdQ/gz
XUPqZl1DHJpdQ1DNXUODAF5D+DNeQytnXkNeml5Dkc1eQ4MAX0O2M19DK2dfQxyaX0NQzV9D
gwBgQ7YzYEPqZmBDHJpgQ1DNYEODAGFD+DNhQytnYUMcmmFDUM1hQ4MAYkO2M2JD6mZiQxya
YkNQzWJDxABjQ/gzY0MrZ2NDHJpjQ1DNY0ODAGRDtjNkQ7ByZEPnm2RDkc1kQ8QAZUP4M2VD
6mZlQxyaZUNQzWVDxABmQ7YzZkPqZmZDHJpmQ1DNZkODAGdD+DNnQytnZ0McmmdDUM1nQ4MA
aEO2M2hD6mZoQxyaaENQzWhDxABpQ7YzaUPqZmlDHJppQ5HNaUODAGpDtjNqQ+pmakMcmmpD
ks1qQ4MAa0P4M2tD6mZrQ16aa0NQzWtDgwBsQ7YzbEMrZ2xDHJpsQ1DNbEPEAG1DtjNtQ+pm
bUNemm1DUM1tQ4MAbkO2M25DK2duQxyabkNQzW5DgwBvQ7Yzb0PqZm9DHJpvQ1DNb0ODAHBD
+DNwQ+pmcEMcmnBDks1wQ4MAcUO2M3FD6mZxQ16acUNQzXFDgwByQ7YzckMrZ3JDHJpyQ1DN
ckPEAHNDtjNzQytnc0McmnNDks1zQwYBdEP4M3RD6mZ0QxyadENQzXRDxAB1Q7YzdUPqZnVD
HJp1Q1DNdUPEAHZDtjN2Q+pmdkNemnZDUM12Q4MAd0O2M3dDK2d3Qxyad0NQzXdDxAB4Q/gz
eEM6dHhD7px4Q1DNeEODAHlD+DN5Q+pmeUMcmnlDks15Q8QAekO2M3pDK2d6Q16aekNQzXpD
gwB7Q7Yze0PqZntDHJp7Q1DNe0PEAHxDtjN8Q+pmfEMcmnxDUM18Q4MAfUP4M31D6mZ9Q16a
fUNQzX1DgwB+Q/gzfkPqZn5DHJp+Q1DNfkPEAH9DtjN/Q+pmf0Mcmn9DUM1/Q0IAgEPbGYBD
dTOAQy9NgEOoZoBDYoCAQ9uZgEOWs4BDDs2AQ6jmgENiAIFD/BmBQ3UzgUMvTYFDyWaBQ0KA
gUPbmYFDdbOBQy/NgUOo5oFDQgCCQ9sZgkN1M4JDL02CQ8lmgkNCgIJD25mCQ5azgkMvzYJD
yeaCQ0IAg0PbGYNDljODQy9Ng0OoZoNDYoCDQ9uZg0N1s4NDL82DQ6jmg0NCAIRD2xmEQ3Uz
hEMOTYRDqGaEQ0KAhEP8mYRDdbOEQy/NhEPJ5oRDQgCFQ9sZhUN1M4VDL02FQ6hmhUNCgIVD
25mFQ3WzhUMOzYVDqOaFQ2IAhkP8GYZD4TqGQztPhkOoZoZDQoCGQ9uZhkN1s4ZDDs2GQ6jm
hkM=</AssayXData><AssayYData Points="500">uYmPQFuUj0AUoo9AWcWPQK+2j0BhrY9AjriPQOy6j0BNy49AzsCPQLn6j0DS2Y9AIsmPQFYF
kEC54Y9AQhKQQB9GkECH7Y9AIQuQQPAJkEC2A5BA9eWPQKEWkECq7I9A4vCPQAwZkEBO4Y9A
JR+QQM0NkECqIpBAhxGQQNX3j0Do7Y9AI+aPQO34j0AsB5BA+/WPQCn5j0DjD5BACAOQQGAE
kEC4EJBAHRyQQM0NkECwFZBAGRmQQAS6j0AoIpBA7EiQQKDkj0A2BZBAeQ+QQMYdkEDIJZBA
l+uPQHoFkEDD/49ASvWPQADpj0AfE5BAaw2QQKT9j0CiJZBAeS6QQCtVkECJApBAbfyPQKsd
kEDs6I9AeOGPQIk0kEDbEJBAtOGPQGgRkECgHZBAGgCQQIPxj0Bx5o9Aay+QQIvyj0DMGZBA
HACQQLsLkEBpEZBARBSQQFXXj0DxGJBAtgSQQKQhkEA8CZBAdh2QQBvuj0AA7o9A4fyPQJz+
j0AgCpBAP/2PQLoAkEAwFJBAGP2PQCoTkECh7I9AUw+QQAIakEDfG5BAUBiQQOnpj0DBHpBA
GBeQQJwKkEDD6Y9AnACQQOgPkEB6FpBAvu6PQI0qkECeK5BA9PuPQHgjkEDE6Y9A+vePQGQe
kEB7749Amg6QQDEGkEAzAJBAggeQQC0LkEBICJBAfeuPQPYDkEAeIZBArfuPQAsFkEDHAZBA
bvCPQK4WkEBs949AmgGQQInvj0ADCpBABAKQQA4DkEAoDpBAbwaQQMUhkECEBZBAQA+QQAQF
kEAF949AXS2QQBAAkEDD649AyhaQQGnxj0DR9o9AYQKQQLMLkEDI549AAfWPQFb6j0AXApBA
BBCQQCH8j0AM749A1QaQQMYFkECGBpBAv+6PQLokkEAM5I9A5hmQQAMYkECOFJBAnBOQQP8Z
kEChFZBAWwaQQOc4kEDuG5BAAeiPQJjyj0DHCZBAI9yPQB72j0DE9o9ABAeQQAZBkEBLGpBA
sPWPQPUCkEB2EJBAWvuPQF0NkEALLpBAoAWQQK/pj0BpAJBAegGQQEchkEBuDZBAgguQQKoD
kECJEJBAbwuQQCUUkEBX6o9A7RuQQL4VkEDdMpBAWx6QQDYmkEDyFpBAwjaQQE8CkEDf8Y9A
RyCQQNMRkEBF/Y9AKAyQQNoUkEBoD5BAwxOQQO8qkEBGJZBAShGQQJ0okEC++49AEACQQL7/
j0CuEZBA9AqQQFUokEAkCJBAMvCPQNsZkED8H5BA+PuPQC86kEAAIJBAICOQQI/ij0BdDpBA
UgmQQBj/j0AXEpBA3wuQQPkOkEDZN5BAajCQQKftj0DQKpBA0iuQQOnrj0CJFpBAuxGQQBAZ
kEB8HZBAtweQQOQpkEAzC5BAYAyQQHEdkECRBpBAoD6QQAzvj0BtApBAAhiQQDUVkECt6I9A
bPePQEkfkEAUF5BAe/SPQBUykECh8I9Asw+QQEQukEA8949A6AGQQK4skECXA5BAYwaQQHY3
kEDIIpBAov6PQGoAkEDuGJBA8i+QQO8IkEC3DJBAaf+PQBAUkEDPM5BAEf+PQIgqkEAMNpBA
ffyPQJEikEDfKZBA/iSQQA4SkEC6MpBASx6QQDv8j0BqJJBAfSSQQDYkkEDiHJBAhzGQQBEC
kECRJ5BAWySQQCkykECJDpBA2BGQQKBAkECUEZBAbCiQQM42kEBHGJBA/TeQQOE7kEC8EZBA
VyyQQB1AkEAxLpBAmBKQQAAukECqJJBAGReQQPgXkEDNF5BAVS+QQMElkEAHMpBALg2QQOQ/
kEBsLJBAXBiQQKkfkEAAIZBA+i+QQAwtkEC2JJBAUQOQQCsjkECQSZBAJCqQQMMikEA+FJBA
CzKQQPwUkEBPJpBAg/WPQKsjkED2A5BAufaPQBMFkEA5OJBA3BGQQHshkEAKGJBAsTSQQEQQ
kEBdIpBAYSmQQJT6j0CcI5BAbBqQQKExkEC7MpBAqi2QQPVIkEAYHpBAuiCQQOsOkEAaEpBA
zh+QQB9JkEAxAJBAsDSQQMozkEAlEJBAli+QQLQEkEBSLpBAfCWQQNMSkEA/N5BAQTiQQPcL
kEDABJBAIhqQQA0WkEDRNJBAoByQQM8XkEAANpBAp+6PQPogkEAoLZBAdSuQQJIwkEB4OZBA
fjOQQK8dkECdI5BAFDOQQEUvkEAuLZBArzWQQCshkEDSUpBADjGQQKYykEAuIJBAHDiQQC8W
kEDcLZBAZ16QQBU6kEBLM5BAwiSQQFgykEDhD5BAwCiQQH80kECKPpBALiaQQCA8kEAEVpBA
fz6QQNI/kEDEJpBAph6QQEY4kED+JpBAkRGQQN0VkEDcNZBANUuQQBg5kEBzK5BAxO+PQNc4
kECyMZBA8TqQQBxUkEBjP5BAXxWQQB0lkEBaYZBAshGQQKMKkEBdM5BAuUWQQNcpkECFYpBA
cVmQQJ40kEBQKJBAzDeQQOclkEDPJZBACzmQQNkhkEAZG5BASBiQQME1kEBFHpBAjRmQQHVB
kEB/M5BAjGmQQEImkECTQ5BAZ1CQQGhPkEAnUZBAti+QQFsVkEDIK5BAMUKQQKk2kEC9LZBA
c/aPQIZCkEBaLZBAY/iPQM8tkED6SpBAnQuQQFJSkEBvXJBAHSaQQCoXkECKXJBAvDSQQP8l
kEA=</AssayYData></Step><Step><CommonData><SampleLocation>4</SampleLocation><SampleID>hsCD3d/e_Acro_CDD-H52W1</SampleID><SampleGroup></SampleGroup><SampleInfo></SampleInfo><SampleRow>I</SampleRow><SamplePlate>1</SamplePlate><WellType>KSAMPLE</WellType><Concentration>-1</Concentration><ConcentrationUnits>µg/ml</ConcentrationUnits><MolarConcentration>12.5</MolarConcentration><MolarConcUnits>nM</MolarConcUnits><MolecularWeight>0</MolecularWeight><Temperature>30</Temperature><StartTime>378598</StartTime><AssayTime>180</AssayTime></CommonData><FlowRate>1000</FlowRate><StepType>ASSOC</StepType><StepName>Association</StepName><StepStatus>OK</StepStatus><ActualTime>180</ActualTime><CycleTime>0.2</CycleTime><AssayXData Points="900">QgCHQ9wZh0N1M4dDD02HQ8lmh0NCgIdD3JmHQ3Wzh0MPzYdDyeaHQ0IAiEPcGYhDdTOIQw9N
iEPJZohDQoCIQ9yZiEN1s4hDD82IQ8nmiENCAIlD3BmJQ3UziUMPTYlDyWaJQ0KAiUP8mYlD
lrOJQw/NiUPJ5olDQgCKQ9wZikN1M4pDME2KQ8lmikNjgIpD/JmKQ5azikMPzYpDqOaKQ0IA
i0PcGYtDdTOLQw9Ni0OoZotDQoCLQ9yZi0OWs4tDD82LQ8nmi0NOAoxD3BmMQ5YzjEMwTYxD
qGaMQ0KAjEPcmYxDdbOMQzDNjEOo5oxDYwCNQ9wZjUN1M41DD02NQ6hmjUNCgI1D3JmNQ3Wz
jUMPzY1DqOaNQ2MAjkPcGY5DljOOQw9NjkOoZo5DQoCOQ/yZjkOWs45DMM2OQ8nmjkNCAI9D
3BmPQ5Yzj0MPTY9DqGaPQ2OAj0PcmY9DdbOPQzDNj0Oo5o9DYwCQQ9wZkEOWM5BDD02QQ8lm
kENCgJBD/JmQQ5azkEMwzZBDqOaQQ0IAkUMdGpFDljORQzBNkUOoZpFDQoCRQ9yZkUOWs5FD
D82RQ6jmkUNCAJJD/BmSQ3UzkkMwTZJDqGaSQ0KAkkP8mZJDlrOSQw/NkkPJ5pJDYwCTQ/wZ
k0N1M5NDD02TQ6hmk0NCgJND3JmTQ5azk0MPzZNDqOaTQ2MAlEPcGZRDdTOUQzBNlEOoZpRD
QoCUQ/yZlEN1s5RDD82UQ8nmlENCAJVD/BmVQ3UzlUMwTZVDqGaVQ2OAlUPcmZVDdbOVQw/N
lUOo5pVD8gKWQ9wZlkOWM5ZDD02WQ6hmlkNCgJZD3JmWQ3WzlkMPzZZDqOaWQ0IAl0PcGZdD
ljOXQw9Nl0PJZpdDQoCXQ9yZl0N1s5dDD82XQ8nml0NCAJhD3BmYQ3UzmEMPTZhDyWaYQ0KA
mEP8mZhDdbOYQzDNmEOo5phDQgCZQx0amUN1M5lDD02ZQ6hmmUNjgJlD3JmZQ3WzmUMPzZlD
yeaZQ0IAmkPcGZpDdTOaQw9NmkPJZppDY4CaQ9yZmkOWs5pDMM2aQ6jmmkNCAJtD/BmbQ3Uz
m0MPTZtDyWabQ2OAm0PcmZtDdbObQw/Nm0PJ5ptDQgCcQ9wZnEN1M5xDD02cQ6hmnENCgJxD
/JmcQ3WznEMPzZxDqOacQ2MAnUPcGZ1DljOdQw9NnUOoZp1DQoCdQ9yZnUOWs51DD82dQ6jm
nUNCAJ5D3BmeQ3UznkMPTZ5DqGaeQ0KAnkP8mZ5DdbOeQw/NnkOo5p5DQgCfQ9wZn0OWM59D
ME2fQ6hmn0NCgJ9D3JmfQ3Wzn0MPzZ9DqOafQ8sBoEPcGaBDljOgQw9NoEOoZqBDY4CgQ9yZ
oEOWs6BDMM2gQ6jmoENCAKFD3BmhQ5YzoUMwTaFDqGahQ0KAoUPcmaFDdbOhQw/NoUOo5qFD
QgCiQ9wZokN1M6JDME2iQ6hmokNCgKJD3JmiQ3WzokMwzaJDqOaiQ0IAo0PcGaNDdTOjQw9N
o0OoZqNDQoCjQ9yZo0OWs6NDD82jQ6jmo0NCAKRD/BmkQ3UzpEMPTaRDqGakQ0KApEPcmaRD
lrOkQw/NpEOo5qRDYwClQ9wZpUOWM6VDME2lQ6hmpUNCgKVD3JmlQ5azpUMwzaVDqOalQ0IA
pkP8GaZDljOmQw9NpkOoZqZDQoCmQ9yZpkN1s6ZDD82mQ6jmpkNCAKdD/BmnQ/gzp0MwTadD
yWanQ0KAp0PcmadDdbOnQw/Np0Oo5qdDQgCoQ9wZqEOWM6hDD02oQ6hmqENjgKhD3JmoQ5az
qEMPzahDqOaoQ0IAqUPcGalDdTOpQzBNqUOoZqlDQoCpQ9yZqUOWs6lDD82pQ8nmqUNvAqpD
3BmqQ3UzqkMwTapDyWaqQ0KAqkP8mapDlrOqQw/NqkOo5qpDQgCrQ9wZq0N1M6tDD02rQ6hm
q0NjgKtD3JmrQ3Wzq0MPzatDqOarQ0IArEPcGaxDljOsQzBNrEOoZqxDQoCsQ/yZrEN1s6xD
D82sQ6jmrENjAK1D3BmtQ3UzrUMPTa1DqGatQ0KArUPcma1DdbOtQzDNrUPJ5q1DQgCuQ9wZ
rkN1M65DD02uQ6hmrkNCgK5D3JmuQ3WzrkMPza5DqOauQ0IAr0PcGa9DljOvQw9Nr0PJZq9D
QoCvQ/yZr0N1s69DD82vQ6jmr0NCALBD/BmwQ3UzsEMwTbBDqGawQ2OAsEPcmbBDdbOwQzDN
sEPJ5rBDYwCxQ9wZsUN1M7FDD02xQ6hmsUNCgLFD3JmxQ3WzsUMwzbFDqOaxQ0IAskPcGbJD
ljOyQw9NskPJZrJDY4CyQ9yZskN1s7JDD82yQ6jmskNjALND3BmzQ5Yzs0MwTbNDqGazQ0KA
s0PcmbNDdbOzQw/Ns0Oo5rNDKAG0Q9wZtEN1M7RDME20Q8lmtENCgLRD/Jm0Q3WztEMwzbRD
qOa0Q2MAtUP8GbVDljO1Qw9NtUOoZrVDQoC1Q/yZtUOWs7VDD821Q6jmtUNCALZD/Bm2Q5Yz
tkMPTbZDyWa2Q0KAtkPcmbZDdbO2Qw/NtkOo5rZDQgC3Q9wZt0N1M7dDME23Q6hmt0NjgLdD
3Jm3Q3Wzt0MPzbdDqOa3Q2MAuEP8GbhDdTO4Qw9NuEOoZrhDQoC4Q/yZuEN1s7hDD824Q6jm
uENCALlD/Bm5Q3UzuUMwTblDyWa5Q0KAuUPcmblDlrO5Qw/NuUOo5rlDQgC6Q9wZukN1M7pD
D026Q8lmukNCgLpD/Jm6Q3WzukMPzbpDqOa6Q0IAu0NfGrtDdTO7Qw9Nu0OoZrtDQoC7Q9yZ
u0N1s7tDMM27Q6jmu0NjALxD/Bm8Q5YzvEMwTbxDqGa8Q0KAvEPcmbxDdbO8QzDNvEPJ5rxD
QgC9Q9wZvUN1M71DME29Q6hmvUNCgL1D/Jm9Q3WzvUMwzb1DqOa9Q/gDvkP8Gb5DdTO+Qw9N
vkPJZr5DQoC+Q9yZvkN1s75DD82+Q6jmvkNjAL9D/Bm/Q3Uzv0MwTb9DqGa/QyiBv0P8mb9D
dbO/Qw/Nv0PJ5r9DQgDAQ/wZwEN1M8BDD03AQ8lmwENCgMBD3JnAQ3WzwEMPzcBDqObAQ0IA
wUP8GcFDdTPBQzBNwUOoZsFDQoDBQ9yZwUOWs8FDMM3BQ8nmwUNjAMJD/BnCQ5YzwkMwTcJD
qGbCQ0KAwkPcmcJDdbPCQzDNwkOo5sJDQgDDQ9wZw0N1M8NDD03DQ8lmw0NCgMND/JnDQ3Wz
w0MwzcNDqObDQ2MAxEP8GcRDljPEQw9NxEPJZsRDQoDEQ9yZxEN1s8RDMM3EQ6jmxENCAMVD
3BnFQ3UzxUMwTcVDqGbFQ2OAxUP8mcVDdbPFQzDNxUOo5sVDQgDGQ9wZxkN1M8ZDD03GQ8lm
xkNjgMZD/JnGQ3WzxkMPzcZDqObGQ2MAx0PcGcdDdTPHQw9Nx0OoZsdDQoDHQ/yZx0N1s8dD
MM3HQ6jmx0OwAshD/BnIQ5YzyEMPTchDqGbIQ0KAyEP8mchDdbPIQw/NyEPJ5shDYwDJQ9wZ
yUOWM8lDD03JQ8lmyUNCgMlD/JnJQ3WzyUMPzclDqObJQ2MAykP8GcpDdTPKQw9NykOoZspD
QoDKQ9yZykN1s8pDD83KQ8nmykNjAMtD/BnLQ5Yzy0MwTctDqGbLQ0KAy0PcmctDtrPLQw/N
y0PJ5stDQgDMQ9wZzEOWM8xDD03MQ6hmzENCgMxD3JnMQ5azzEMwzcxDqObMQ0IAzUPcGc1D
ljPNQw9NzUOoZs1DQoDNQ9yZzUN1s81DMM3NQ6jmzUNCAM5D3BnOQ3UzzkMPTc5DqGbOQ0KA
zkPcmc5DlrPOQw/NzkOo5s5DQgDPQ9wZz0OWM89DD03PQ6hmz0NCgM9D3JnPQ5azz0Mwzc9D
qObPQ0IA0EP8GdBDdTPQQw9N0EOoZtBDQoDQQ9yZ0EN1s9BDD83QQ6jm0ENjANFD/BnRQ5Yz
0UMPTdFDqGbRQ0KA0UPcmdFDdbPRQw/N0UOo5tFDggXSQ/wZ0kN1M9JDD03SQ6hm0kNCgNJD
3JnSQ3Wz0kMPzdJDqObSQ2MA00P8GdNDdTPTQw9N00PJZtNDQoDTQ9yZ00N1s9NDMM3TQ6jm
00NjANRD3BnUQ3Uz1EMPTdRDyWbUQ0KA1EPcmdRDdbPUQw/N1EPJ5tRDYwDVQ9wZ1UOWM9VD
D03VQ6hm1UNCgNVD3JnVQ5az1UMwzdVDqObVQ0IA1kPcGdZDdTPWQzBN1kOoZtZDQoDWQ9yZ
1kN1s9ZDD83WQ8nm1kNCANdD/BnXQ3Uz10MwTddDqGbXQ0KA10PcmddDdbPXQw/N10Oo5tdD
QgDYQ9wZ2EN1M9hDD03YQ6hm2ENCgNhD3JnYQ5az2EMPzdhDyebYQ0IA2UP8GdlDdTPZQw9N
2UPJZtlDQoDZQ/yZ2UN1s9lDD83ZQ6jm2UNCANpD3BnaQ3Uz2kMPTdpDyWbaQ2OA2kPcmdpD
lrPaQzDN2kPJ5tpDYwDbQ/wZ20N1M9tDD03bQ8lm20NCgNtD3JnbQ3Wz20MPzdtDqObbQxkE
3EPcGdxDdTPcQw9N3EOoZtxDY4DcQ9yZ3EN1s9xDD83cQ6jm3ENCAN1D3BndQ3Uz3UMPTd1D
qGbdQ2OA3UPcmd1DdbPdQw/N3UPJ5t1DQgDeQ9wZ3kN1M95DD03eQ6hm3kNCgN5D3JneQ5az
3kMwzd5DqObeQ2MA30PcGd9DdTPfQw9N30OoZt9DQoDfQ/yZ30N1s99DD83fQ8nm30NCAOBD
3BngQ3Uz4EMwTeBDqGbgQ0KA4EP8meBDdbPgQw/N4EOo5uBD</AssayXData><AssayYData Points="900">GN+PQKUqkEC+F5BAIzOQQL19kEAQW5BAeliQQFV6kEB+kJBAkHKQQDGKkECZY5BAw4KQQHqB
kECel5BAAmWQQBlWkEBIdpBAB5SQQNWWkEB2jJBAJpOQQESFkEDPoZBAk5aQQH+DkEB4q5BA
la2QQFKakEAfwJBAUrCQQJGYkEARlpBAgsaQQF2GkEC3ppBA/6qQQIexkEDKl5BAccmQQNqs
kEAjv5BAZMGQQP63kEDvopBACL+QQOuzkECpt5BAFOSQQJnNkED0xpBAtd6QQDDmkEBy7pBA
yeCQQNnakEBL3JBACeuQQIPhkEBrxpBAzsuQQPoLkUAG8JBAJdGQQFjOkEDOBJFAyt2QQKft
kEBny5BAxOOQQJXtkEAsB5FAihKRQPb4kEDr05BAuiWRQO4RkUAoCJFA2/WQQAb9kEB395BA
8feQQNYPkUCGGZFAyRSRQLMIkUDIGZFAZy6RQOP8kEBAGpFA+yKRQJsskUAS5JBABzyRQEz7
kEAWG5FA/j6RQDhVkUCFJJFAIyORQFxKkUBoNJFAkByRQN0pkUAsK5FA+jKRQKwQkUCTKZFA
EDeRQHArkUBtH5FAxB+RQIVUkUDIUJFAc1CRQMIkkUDfJ5FADh+RQPQhkUDfRpFACDeRQJpa
kUDHi5FAoV2RQKlJkUBmLZFAC3WRQKNekUC6U5FAdGORQJ9nkUDYgZFARV+RQBRlkUDHdZFA
Z2qRQGRNkUCrSZFAqF+RQEV0kUCNX5FArmuRQC1mkUDwaZFA8H2RQECFkUD0U5FARoeRQJpw
kUCKfJFAYKqRQE13kUAck5FA0mCRQHF6kUDDh5FAr4WRQGyXkUAziZFA6aORQKadkUBVl5FA
4WuRQD+ZkUAHrZFAz4eRQLyVkUARpJFAMZiRQPCnkUAPppFAk6yRQFamkUDq2JFAab+RQKq3
kUDhyJFAOKuRQOOMkUD9tZFABJ2RQBeckUDCspFAiM+RQDTLkUB6zJFACMyRQLfIkUCWypFA
Y9eRQPqwkUDcsZFA6MaRQEfJkUAKxpFAKPSRQPm/kUCUn5FA/fCRQH33kUAF2ZFAcfyRQN3u
kUAZ2JFAbQ6SQN3vkUDKAJJAe9iRQEwMkkDt5ZFAmMWRQHAUkkCA75FAzx6SQIkWkkA/HZJA
5QaSQEkgkkAlIJJAud+RQMkKkkBa95FABhaSQB8XkkA3D5JA4zCSQDQHkkCCKJJAyQ6SQCQI
kkD4IJJAkRKSQKH/kUCFQ5JA3gySQKwvkkCcLZJAqAaSQBk5kkA0X5JAOzySQHEQkkCtRZJA
RzKSQEIpkkA2EpJAuR2SQMMykkDePJJArE2SQK0nkkBRFZJA5lmSQM09kkAPPZJAYEiSQGJl
kkBwGJJAGlaSQAF7kkDrSpJAJDmSQJhhkkCxYZJAJmiSQBxQkkDjVZJAgIaSQKxwkkDrg5JA
2WySQNU7kkCtdZJA91KSQEFokkDKipJAJoqSQLRpkkBeYZJAnmaSQIp9kkCtd5JAZXiSQNyF
kkCCqJJAiZ6SQJmDkkDhi5JAy6uSQKajkkCvs5JA7JySQB6VkkDMf5JAGZiSQKOpkkDEqJJA
xb2SQI+UkkBymJJA58GSQMSskkACsZJAmJeSQHrAkkCbxJJA8baSQF6/kkBaspJAJJqSQF/O
kkD62pJAf9qSQFvkkkB+75JAD6eSQALMkkB+xJJAMbuSQEzBkkDM65JATb+SQGXckkDM7pJA
EpOSQGvVkkB/tJJAR+KSQFTmkkCn8JJAK82SQFnvkkBw/ZJA6+CSQDL2kkCcIpNA6fiSQMf/
kkA1F5NAAA6TQCULk0CJ75JAbQ+TQIzzkkAx9pJAwCmTQAIQk0ADAZNA8xyTQGjnkkDoHZNA
ExyTQHgYk0CQBZNAGBmTQJ8Ok0CPIpNAEw6TQDYFk0A7VpNAaiaTQDtAk0CYMpNAvR+TQDxJ
k0BTFJNAvDGTQIszk0D6MpNANS2TQPkxk0AXYZNAF/ySQJVSk0DlRZNASkOTQEJAk0DYXpNA
g0CTQPROk0D6cZNA82GTQPtck0AraZNAzU6TQNp3k0BfT5NA2E2TQNJdk0BaRJNApVWTQJ1q
k0CscZNA53GTQDNmk0CNdJNAJH6TQDpqk0AFe5NAgouTQI1Gk0DqZJNAUnOTQMl+k0Aih5NA
0aiTQPGlk0Cfh5NAbZyTQOmLk0Cwg5NAP5KTQHqjk0BInZNA7p6TQFy2k0BXoZNA46KTQHaP
k0D4jJNAIIyTQD+Rk0BZepNAYoiTQC6Zk0Dqk5NA3LqTQOLIk0DRxZNAj7OTQI/Fk0B8v5NA
twKUQGaZk0Di3pNAdraTQMWsk0Dg3ZNA3buTQPuUk0A/ypNAEeuTQB3lk0DPvJNAR+yTQPDP
k0AT15NAp9uTQN7Tk0A55ZNA7vKTQEzpk0AZ3ZNAfdmTQIH4k0BJ7JNAa/uTQCbyk0CJ7ZNA
ct6TQI8IlEAS3JNAgwyUQHEMlEB/+pNAVPyTQMX2k0D+ApRARN6TQAYilEApDJRA0w2UQOYo
lEDSU5RA2xSUQHgplEBjHJRAciqUQOcElEDVJ5RA+xqUQMs2lEDHDZRAbjCUQIgflEAzMZRA
MzaUQOMTlEDnPJRAwi2UQHMdlECZSJRAVyiUQBwolEB9L5RAgU2UQDo9lECBI5RAVVyUQEk+
lEDwTZRA2mKUQNQplEBnN5RAOGuUQAuRlEBbX5RA/zaUQABXlECSZZRAOmuUQNVxlEDOUZRA
vFGUQARQlEC+gZRAPlqUQMhllEDTW5RA2GSUQFRxlECWepRAfnCUQIRylEARfJRARm2UQIJi
lEADhpRA6JKUQHNtlECIlpRAzGaUQD6nlEBiipRAdYSUQJCElEBLgpRAJqaUQHaulECEr5RA
9IOUQP6GlECMoZRAzpiUQESYlEBWoJRA+5mUQIK+lEAH5JRAf+qUQFywlEBMw5RAhqeUQP+4
lEAtuJRA0MqUQJbAlECPwJRAXuWUQN4ClUCEuJRAJJqUQKPblEBHxZRARMWUQCTMlEA5xJRA
5cCUQH7tlECTw5RAd9eUQOzhlEDUwpRA2eKUQGX+lEB+7JRAltyUQL/llEBsB5VAUAmVQBsI
lUAmCZVATumUQBP9lEDB+pRABvmUQLv3lEC+LJVAkvmUQCMMlUBk6JRA9/yUQOj9lEDwAZVA
qAiVQP/flEDtEJVAZgKVQH4TlUC5GZVA0TmVQLwflUBjFpVANzSVQPcVlUASEpVACj2VQDhF
lUBPHJVA0kGVQMVYlUDLOZVAFjeVQLEplUDwR5VA4TiVQCdylUB9LpVAoj2VQJRWlUAFVZVA
z0aVQBRQlUBuNpVAy0eVQKVclUBTSpVAkU2VQIVqlUCXP5VAzGOVQCs2lUCwZpVAXICVQEN7
lUCrf5VA2WeVQAFdlUB/X5VAKGeVQMuclUAYUZVAGoWVQDJrlUAnaJVApYyVQHRWlUCCl5VA
dIyVQJpXlUBco5VAAKmVQDuclUCWjJVAvMGVQKSIlUAFhJVA1ZeVQGuGlUCUa5VAvo2VQCWa
lUA5p5VAWqWVQMrQlUBLiZVAtqqVQJnRlUB5j5VAN5CVQGemlUB7ypVABaGVQKnPlUBXrZVA
Kp+VQIO+lUAE0ZVAGsyVQHHklUCc1JVAadiVQAzElUBd4ZVA0LuVQJLSlUAc05VAjcqVQNTj
lUCE3ZVAXs2VQP7IlUAm0pVAndyVQLb+lUDE9pVALtGVQNXelUDG7JVAR/KVQLzQlUCi35VA
cx2WQHvolUCQ5JVAs9mVQCgNlkBc4ZVASgGWQHEMlkB29pVAmjeWQO8SlkDsEpZA6eSVQNnw
lUAK95VA1xeWQAMulkD+B5ZAJCqWQLsdlkAoLpZAbSSWQMcDlkAWK5ZAfPiVQGUtlkABHpZA
mlKWQHs6lkBDEZZAqyOWQMxRlkArLpZA3T+WQI0tlkAgUpZAdCiWQA89lkCfepZAYT2WQAhJ
lkAeYJZAbz+WQGJClkDwgJZA832WQGdDlkBiXJZAPG2WQLs4lkDmdZZA2FKWQLk6lkD7Q5ZA
X2GWQLxelkDVZ5ZAlGmWQGxylkDeXpZAF4CWQNJrlkBji5ZAWJ2WQF5rlkBoWpZA7Z+WQPGN
lkBxf5ZAooqWQJaAlkAhjZZABoaWQOSZlkC8kJZAu6aWQO6DlkBUh5ZAuKGWQIx/lkCUm5ZA
SoCWQH+zlkAwm5ZAp5+WQC+mlkAIo5ZAgaaWQKOYlkCznZZA47SWQCqPlkCHpZZAhruWQMp8
lkBrxpZA3KCWQKChlkCbs5ZAyMGWQISZlkCXypZATeGWQAnolkBP45ZA99aWQDDKlkAOzJZA
SfKWQMrglkDS05ZAy8aWQH7xlkD5wZZAFuyWQLfZlkDk0JZAZdqWQEXmlkBf75ZAGfaWQP35
lkDM+ZZAwvuWQCX+lkAY5JZAyQSXQFb5lkCQ65ZA5uqWQLAJl0BD75ZAGBeXQEnglkDX/ZZA
U/iWQFYLl0C48pZA2PyWQI4Ul0DB+5ZAFiOXQD0Rl0Bi4pZAJQaXQMTzlkC7LpdADTiXQL0w
l0B2MpdAGx2XQG4Vl0AhHpdARU6XQIIel0DYIpdA8SGXQEM2l0D+PpdA8z6XQJYgl0CdO5dA
0VKXQKE8l0BiOpdAUC2XQM49l0DyS5dAHymXQMo7l0BoTZdA50qXQBVkl0DtTJdAdlCXQJdi
l0BVQZdAoDyXQHFwl0BqcpdAyWqXQHBol0CxQ5dAw1aXQKyPl0AOVJdAMnWXQLRil0B4epdA
AmqXQO9Kl0B4QpdAq2GXQKCKl0ArbpdAFoaXQA14l0A/fJdA</AssayYData></Step><Step><CommonData><SampleLocation>3</SampleLocation><SampleID>Octet Buffer</SampleID><SampleGroup></SampleGroup><SampleInfo></SampleInfo><SampleRow>I</SampleRow><SamplePlate>1</SamplePlate><WellType>BUFFER</WellType><Concentration>-1</Concentration><ConcentrationUnits>µg/ml</ConcentrationUnits><MolarConcentration>-1</MolarConcentration><MolarConcUnits>nM</MolarConcUnits><MolecularWeight>0</MolecularWeight><Temperature>30</Temperature><StartTime>567011</StartTime><AssayTime>300</AssayTime></CommonData><FlowRate>1000</FlowRate><StepType>DISASSOC</StepType><StepName>Dissociation</StepName><StepStatus>OK</StepStatus><ActualTime>300.001</ActualTime><CycleTime>0.2</CycleTime><AssayXData Points="1500">QgDhQ9wZ4UN1M+FDME3hQ6hm4UNjgOFD3JnhQ3Wz4UMVzuFDyebhQ0IA4kPcGeJDdTPiQw9N
4kPJZuJDY4DiQ9yZ4kN1s+JDMM3iQ8nm4kNCAOND3BnjQ3Uz40MPTeNDqGbjQ2OA40PcmeND
dbPjQw/N40Oo5uNDYwDkQ9wZ5EOWM+RDME3kQ6hm5ENCgORD3JnkQ3Wz5EMwzeRDqObkQ2MA
5UP8GeVDljPlQw9N5UOoZuVDQoDlQ9yZ5UN1s+VDMM3lQ6jm5UNjAOZD3BnmQ5Yz5kMPTeZD
qGbmQ0KA5kPcmeZDdbPmQw/N5kPJ5uZDQgDnQ/wZ50OWM+dDD03nQ6hm50NCgOdD3JnnQ5az
50MPzedDqObnQ0IA6EPcGehDdTPoQzBN6EOoZuhDY4DoQ9yZ6EN1s+hDMM3oQ6jm6ENjAOlD
/BnpQ3Uz6UMPTelDqGbpQ0KA6UPcmelDlrPpQw/N6UOo5ulDQgDqQ9wZ6kN1M+pDD03qQ8lm
6kNjgOpD3JnqQ3Wz6kMwzepDyebqQ2MA60P8GetDdTPrQw9N60OoZutDY4DrQ9yZ60N1s+tD
MM3rQ8nm60NjAOxD/BnsQ5Yz7EMPTexDyWbsQ0KA7EPcmexDlrPsQw/N7EOo5uxDQgDtQ9wZ
7UN1M+1DME3tQ6hm7UNjgO1D/JntQ5az7UMwze1DyebtQ0IA7kPcGe5DdTPuQzBN7kOoZu5D
QoDuQ9yZ7kN1s+5DD83uQ8nm7kNCAO9D/BnvQ3Uz70MPTe9DyWbvQ2OA70Pcme9DlrPvQzDN
70PJ5u9DYwDwQ9wZ8EN1M/BDME3wQ6hm8ENCgPBD3JnwQ3Wz8EMwzfBDyebwQ2MA8UP8GfFD
ljPxQw9N8UOoZvFDQoDxQ/yZ8UN1s/FDMM3xQ6jm8UNCAPJD3BnyQ3Uz8kMPTfJDyWbyQ0KA
8kPcmfJDdbPyQw/N8kPJ5vJDYwDzQ9wZ80N1M/NDD03zQ6hm80NCgPND/JnzQ3Wz80MPzfND
qObzQ0IA9EPcGfRDdTP0Qw9N9EPJZvRDQoD0Q9yZ9EN1s/RDMM30Q8nm9ENCAPVD/Bn1Q5Yz
9UMPTfVDqGb1Q2OA9UPcmfVDdbP1Q33P9UPJ5vVDYwD2Q9wZ9kN1M/ZDME32Q6hm9kNCgPZD
3Jn2Q3Wz9kNQzfZDyeb2Q0IA90P8GfdDljP3Qw9N90PJZvdDY4D3Q/yZ90N1s/dDMM33Q6jm
90NCAPhD3Bn4Q3Uz+EMwTfhDqGb4Q0KA+EPcmfhDdbP4QzDN+EOo5vhDYwD5Q9wZ+UOWM/lD
D035Q6hm+UNCgPlD3Jn5Q3Wz+UMPzflDyeb5Q0IA+kP8GfpDljP6Qw9N+kPJZvpDQoD6Q9yZ
+kN1s/pDMM36Q8nm+kNCAPtD/Bn7Q3Uz+0MwTftDyWb7Q0KA+0PcmftDdbP7Qw/N+0Oo5vtD
QgD8Q/wZ/EN1M/xDD038Q8lm/ENCgPxD/Jn8Q3Wz/EMwzfxDyeb8Q0IA/UP8Gf1DdTP9Qw9N
/UOoZv1DY4D9Q9yZ/UN1s/1DMM39Q6jm/UNCAP5D3Bn+Q5Yz/kMwTf5DqGb+Q2OA/kP8mf5D
dbP+QzDN/kPJ5v5DQgD/Q9wZ/0N1M/9DD03/Q6hm/0NCgP9D3Jn/Q5az/0M2zv9DqOb/QyEA
AETuDABEyxkARIcmAERlMwBEIUAARP5MAES7WQBEh2YARFRzAEQxgABE/owARLuZAESHpgBE
VLMARCHAAETuzABEu9kARJjmAERU8wBEIQABRP4MAUS7GQFEmCYBRFQzAUQhQAFE/kwBRLtZ
AUSHZgFEVHMBRDGAAUTujAFEu5kBRJimAURlswFEIcABRO7MAUS72QFEh+YBRFTzAUQhAAJE
7gwCRMsZAkSHJgJEVDMCRCFAAkT+TAJEu1kCRIdmAkRUcwJEIYACRO6MAkTLmQJEh6YCRFSz
AkQhwAJE/swCRMvZAkSH5gJEZfMCRCEAA0TuDANEuxkDRIcmA0RlMwNEIUADRO5MA0TLWQNE
h2YDRGVzA0QhgANE/owDRMuZA0SYpgNEZbMDRCHAA0TuzANEy9kDRIfmA0Rl8wNEMQAERO4M
BES7GQREmCYERGUzBEQhQARE7kwERMtZBESHZgREVHMERDGABETujAREu5kERJimBERUswRE
IcAERO7MBETs2QREmOYERFTzBEQxAAVE7gwFRMsZBUSHJgVEZTMFRCFABUTuTAVEy1kFRIdm
BURUcwVEIYAFRO6MBUS7mQVEh6YFRFSzBUQhwAVE/swFRLvZBUSH5gVEZfMFRDEABkT+DAZE
uxkGRIcmBkRlMwZEIUAGRP5MBkS7WQZEh2YGRGVzBkQhgAZE7owGRMuZBkSYpgZEVLMGRCHA
BkTuzAZEy9kGRIfmBkRU8wZEIQAHRP4MB0S7GQdEhyYHRFQzB0QxQAdE/kwHRLtZB0SHZgdE
VHMHRDGAB0T+jAdEy5kHRIemB0RUswdEIcAHRP7MB0TL2QdEh+YHRFTzB0QhAAhE/gwIRMsZ
CESHJghEVDMIRCFACET+TAhEy1kIRIdmCERUcwhEIYAIRO6MCETLmQhEh6YIRFSzCEQhwAhE
7swIRLvZCESH5ghEVPMIRCEACUT+DAlEyxkJRIcmCURUMwlEIUAJRP5MCUS7WQlEh2YJRFRz
CUQxgAlE7owJRLuZCUSHpglEVLMJRCHACUT+zAlEu9kJRIfmCURl8wlEIQAKRP4MCkS7GQpE
hyYKRGUzCkQhQApE/kwKRLtZCkSHZgpEZXMKRCGACkTujApEy5kKRJimCkRlswpEMcAKRO7M
CkS72QpEh+YKRFTzCkQhAAtE7gwLRLsZC0SHJgtEVDMLRCFAC0TuTAtEy1kLRJhmC0RlcwtE
IYALRO6MC0S7mQtEmKYLRGWzC0QhwAtE7swLRMvZC0SY5gtEZfMLRCEADETuDAxEuxkMRIcm
DERUMwxEIUAMRP5MDES7WQxEmGYMRGVzDEQxgAxE7owMRMuZDESHpgxEVLMMRKDCDET+zAxE
u9kMRIfmDERU8wxEIQANRP4MDUS7GQ1EhyYNRFQzDUQhQA1E7kwNRMtZDUSHZg1EZXMNRCGA
DUT+jA1Ey5kNRIemDURlsw1EMcANRP7MDUS72Q1Eh+YNRFTzDUQxAA5E7gwORMsZDkSHJg5E
ZTMORCFADkTuTA5Eu1kORIdmDkRlcw5EMYAORO6MDkTLmQ5EmKYORFSzDkQhwA5E7swORLvZ
DkQ85w5EVPMORDEAD0TuDA9EuxkPRJgmD0RlMw9EIUAPRP5MD0S7WQ9EmGYPRFRzD0QhgA9E
7owPRLuZD0SHpg9EVLMPRCHAD0T+zA9Eu9kPRIfmD0RU8w9EIQAQRP4MEES7GRBEhyYQRGUz
EEQxQBBE7kwQRLtZEESHZhBEVHMQRCGAEET+jBBEupkQRIimEERUsxBEIcAQRO7MEETL2RBE
iOYQRFTzEEQyABFE/gwRRLoZEUSYJhFEZDMRRDJAEUTuTBFEulkRRIhmEURkcxFEIYARRP6M
EUS6mRFEiKYRRFSzEUQhwBFE/swRRLrZEUSY5hFEVPMRRDIAEkT+DBJEuhkSRIgmEkRUMxJE
IUASRO5MEkS6WRJEmGYSRFRzEkQygBJE7owSRLqZEkSIphJEVLMSRDLAEkTuzBJEutkSRIjm
EkRU8xJEMgATRO4ME0TLGRNEiCYTRFQzE0QyQBNE7kwTRMtZE0SIZhNEZHMTRDKAE0TujBNE
upkTRJimE0RUsxNEIcATRO7ME0TL2RNEiOYTRFTzE0QhABRE/gwURLoZFESIJhREZDMURCFA
FETuTBREulkURIhmFERUcxREMoAURO6MFES6mRREmKYURFSzFEQywBRE7swURLrZFESY5hRE
VPMURCEAFUTuDBVEuhkVRIgmFURUMxVEMkAVRO5MFUTLWRVEiGYVRGRzFUQhgBVE7owVRMuZ
FUSIphVEVLMVRDLAFUT+zBVEy9kVRJjmFURU8xVEIQAWRO4MFkS6GRZEiCYWRFQzFkQyQBZE
7kwWRLpZFkSYZhZEZHMWRDKAFkT+jBZEy5kWRIimFkRUsxZEMsAWRO7MFkS62RZEiOYWRGTz
FkQhABdE7gwXRLoZF0SIJhdEVDMXRCFAF0TuTBdEy1kXRJhmF0RkcxdEIYAXRO6MF0S6mRdE
iKYXRFSzF0QhwBdE7swXRLrZF0SI5hdEZPMXRDIAGETuDBhE7BkYRIgmGERUMxhEIUAYRO5M
GES6WRhEmGYYRGRzGEQygBhE7owYRMuZGESYphhEVLMYRCHAGETuzBhEutkYRADoGERU8xhE
IQAZRP4MGUS6GRlEiCYZRFQzGUQyQBlE7kwZRLpZGUSIZhlEZHMZRCGAGUT+jBlEupkZRIim
GURksxlEIcAZRO7MGUTL2RlEmOYZRFTzGUQhABpE/gwaRLoZGkSIJhpEVDMaRCFAGkT+TBpE
ulkaRIhmGkRUcxpEMoAaRP6MGkS6mRpEmKYaRFSzGkQywBpE7swaRLrZGkSI5hpEZPMaRDIA
G0T+DBtEuhkbRIgmG0RUMxtEMkAbRO5MG0S6WRtEiGYbRFRzG0QhgBtE7owbRLqZG0SIphtE
ZLMbRCHAG0QEzhtEutkbRIjmG0RU8xtEMgAcRO4MHES6GRxEmCYcRFQzHEQyQBxE7kwcRLpZ
HESIZhxEVHMcRDKAHETujBxEy5kcRJimHERUsxxEIcAcRO7MHES62RxEiOYcRGTzHEQyAB1E
7gwdRLoZHUSIJh1EVDMdRDJAHUTuTB1EulkdRIhmHURUcx1EMoAdRP6MHUS6mR1EiKYdRGSz
HUQhwB1E7swdRLrZHURc5x1EZPMdRCEAHkTuDB5EuhkeRIgmHkRUMx5EMkAeRO5MHkTLWR5E
iGYeRFRzHkQhgB5E/oweRLqZHkSIph5EZLMeRCHAHkT+zB5EutkeRJjmHkR18x5EIQAfRO4M
H0TLGR9EmCYfRGQzH0QhQB9E7kwfRMtZH0SIZh9EZHMfRCGAH0T+jB9Ey5kfRJimH0RUsx9E
MsAfRO7MH0S62R9EmOYfRFTzH0QhACBE7gwgRLoZIESIJiBEVDMgRCFAIET+TCBEy1kgRJhm
IERUcyBEMoAgRP6MIETLmSBEiKYgRGSzIEQhwCBE7swgRLrZIESI5iBEVPMgRCEAIUTuDCFE
yxkhRIgmIURkMyFEIUAhRP5MIUS6WSFEmGYhRFRzIUQhgCFE7owhRMuZIUSIpiFEZLMhRCHA
IUTuzCFEy9khRIjmIURU8yFEMgAiRP4MIkS6GSJEiCYiRGQzIkQyQCJE7kwiRLpZIkSYZiJE
VHMiRCGAIkTujCJEupkiRIimIkRUsyJEIcAiRO7MIkTL2SJEruciRFTzIkQhACNE7gwjRLoZ
I0SIJiNEVDMjRCFAI0TuTCNEy1kjRIhmI0RUcyNEMoAjRP6MI0S6mSNEiKYjRFSzI0QhwCNE
/swjRLrZI0SI5iNEZPMjRCEAJETuDCREuhkkRJgmJERUMyREIUAkRP5MJES6WSREiGYkRFRz
JEQhgCRE/owkRLqZJESIpiREZLMkRCHAJET+zCREutkkRIjmJERk8yREMgAlRO4MJUS6GSVE
iCYlRFQzJUQyQCVEDk0lRLpZJUSYZiVEVHMlRDKAJUT+jCVEy5klRIimJURUsyVEIcAlRO7M
JUS62SVEmOYlRFTzJUQhACZE/gwmRLoZJkSIJiZEZDMmRCFAJkT+TCZEulkmRIhmJkRkcyZE
IYAmRP6MJkS6mSZEiKYmRGSzJkQhwCZE7swmRLrZJkSY5iZEVPMmRDIAJ0TuDCdEyxknRIgm
J0RUMydEMkAnRP5MJ0S6WSdEiGYnRFRzJ0QhgCdE7ownRLqZJ0SYpidEZLMnRCHAJ0TuzCdE
utknRIjmJ0RU8ydEMgAoRO4MKES6GShEiCYoRGQzKEQhQChE7kwoRLpZKESIZihEZHMoRCGA
KET+jChEupkoRIimKERksyhEIcAoRO7MKETL2ShEiOYoRFTzKEQhAClE/gwpRLoZKUSIJilE
VDMpRDJAKUTuTClEulkpRIhmKURUcylEMoApRO6MKUS6mSlEmKYpRFSzKUQhwClE/swpRLrZ
KUSI5ilEVPMpRCEAKkTuDCpEuhkqRJgmKkRUMypEMkAqRO5MKkS6WSpEmGYqRGRzKkQygCpE
7owqRLqZKkSYpipEVLMqRCHAKkTuzCpEutkqRJjmKkRU8ypEMgArRP4MK0S6GStEiCYrRGQz
K0QhQCtE7kwrRLpZK0SIZitEZHMrRDKAK0TujCtEupkrRIimK0RUsytEIcArRP7MK0S62StE
iOYrRFTzK0QhACxE/gwsRLoZLESIJixEVDMsRDJALETuTCxEy1ksRIhmLERUcyxEMoAsRO6M
LES6mSxEiKYsRFSzLEQhwCxE7swsRLrZLERt5yxEVPMsRCEALUT+DC1EyxktRIgmLURUMy1E
IUAtRP5MLUS6WS1EiGYtRGRzLUQhgC1E7owtRMuZLUSYpi1EVLMtRCHALUTuzC1EutktRIjm
LURU8y1EMgAuRO4MLkS6GS5EiCYuRGQzLkQhQC5E7kwuRLpZLkSIZi5EVHMuRCGALkTujC5E
upkuRIimLkRUsy5EIcAuRO7MLkS62S5EmOYuRGTzLkQhAC9E/gwvRMsZL0SYJi9EVDMvRCFA
L0T+TC9Ey1kvRJhmL0Rkcy9EIYAvRO6ML0S6mS9EiKYvRGSzL0QhwC9E7swvRMvZL0SI5i9E
VPMvRCEAMET+DDBEyxkwRIgmMERUMzBEIUAwRO5MMES6WTBEiGYwRGRzMEQhgDBE/owwRMuZ
MESYpjBEZLMwRDLAMETuzDBEutkwRIjmMERU8zBEIQAxRO4MMUTLGTFEiCYxRGQzMUQyQDFE
/kwxRLpZMUSYZjFEZHMxRDKAMUTujDFEupkxRJimMURkszFEMsAxRO7MMUS62TFEvucxRGTz
MUQhADJE/gwyRMsZMkSYJjJEZDMyRCFAMkTuTDJEulkyRJhmMkRUczJEIYAyRO6MMkTLmTJE
iKYyRFSzMkQhwDJE/swyRLrZMkSI5jJEVPMyRDIAM0T+DDNEuhkzRJgmM0RUMzNEMkAzRO5M
M0S6WTNEmGYzRFRzM0QygDNE7owzRMuZM0SYpjNEVLMzRCHAM0T+zDNEutkzRIjmM0Rk8zNE
MgA0RP4MNES6GTREiCY0RFQzNEQhQDRE/kw0RLpZNESIZjREZHM0RDKANETujDREy5k0RIim
NERUszREIcA0RO7MNES62TREiOY0RGTzNEQhADVE7gw1RLoZNUSYJjVEZDM1RDJANUTuTDVE
ulk1RJhmNURkczVEIYA1RO6MNUS6mTVEiKY1RFSzNUQhwDVE/sw1RLrZNUSI5jVEZPM1RDIA
NkTuDDZEuhk2RJgmNkRUMzZEIUA2RO5MNkTLWTZEiGY2RGRzNkQhgDZE7ow2RMuZNkSopjZE
VLM2RELANkTuzDZEy9k2RJjmNkRk8zZEMgA3RO4MN0TcGTdEiCY3RFQzN0QyQDdE7kw3RMtZ
N0SYZjdEVHM3RDKAN0TujDdEupk3RIimN0RkszdEIcA3RO7MN0S62TdEiOY3RGTzN0QhADhE
/gw4RMsZOESIJjhEVDM4RCFAOET+TDhEy1k4RIhmOERUczhEIYA4RO6MOETLmThEiKY4RFSz
OEQhwDhE7sw4RMvZOESY5jhEVPM4RCEAOUTuDDlEyxk5RJgmOURkMzlEIUA5RO5MOUS6WTlE
mGY5RFRzOUQygDlE7ow5RLqZOUSIpjlEVLM5RDLAOUT+zDlEy9k5RMnmOURU8zlEIQA6RO4M
OkS6GTpEiCY6RGQzOkQhQDpE/kw6RLpZOkSIZjpEVHM6RDKAOkT+jDpEupk6RJimOkRkszpE
IcA6RO7MOkS62TpEiOY6RGTzOkQhADtE7gw7RLoZO0SIJjtEVDM7RCFAO0TuTDtEy1k7RIhm
O0RkcztE</AssayXData><AssayYData Points="1500">siuXQL1xl0AUhJdAYEuXQAegl0C5qJdAZmKXQBCfl0DDkJdAE52XQO+Nl0BUn5dAzZOXQBxz
l0CumJdAkLOXQOqbl0CwsZdAjoqXQBihl0CGyJdAjoiXQDKHl0APoJdAmq6XQPqgl0CmkZdA
PreXQLmwl0DYt5dAVZKXQG6fl0DZl5dAPMaXQNKnl0DUfpdA38KXQKi4l0ApjZdA58yXQCWt
l0DHcpdA+6OXQFukl0COqZdA5saXQJK0l0AIg5dAma2XQJe8l0BugZdAvoaXQJ2ml0ABs5dA
57SXQMm7l0BZ2ZdAI56XQPSpl0Atw5dArbyXQGbMl0CsuZdArryXQB2tl0D2q5dAgK+XQP+c
l0BAx5dAF56XQEKfl0AVxJdAvKuXQAqel0AVtpdACsGXQNB0l0BVn5dAf56XQOmzl0BjmZdA
AbuXQNmKl0CMjpdALqSXQJnEl0BJjJdAyMGXQOF1l0DNqpdAdrSXQMiZl0B2pJdAf6eXQLGb
l0C2n5dAwYeXQL2pl0BQj5dA7JmXQKTFl0BNopdATH2XQMaZl0ARfpdAdaiXQDzCl0BulJdA
tJWXQJqMl0BcppdA9qWXQKW7l0BShZdASY2XQD+Zl0B+updAOL6XQG6rl0B5q5dAh6qXQJyq
l0AIrZdArZmXQCeLl0CZsJdAiKKXQKigl0CNm5dAX4+XQNOcl0AjkJdAXbmXQOlnl0CRmZdA
Z4qXQLN+l0DgkJdArKqXQO97l0DenZdA5aCXQKKSl0Cdo5dAIauXQBSsl0Dfo5dAX4SXQIiR
l0CpgpdA/5qXQMOal0ANcZdAE86XQH2Rl0BMlpdAvKuXQADCl0ATmZdAx3OXQDSNl0C5x5dA
MaKXQGuKl0D3u5dAgo6XQNi1l0BAnJdAMZKXQKCHl0BWrJdA75+XQEdyl0Cxq5dAHISXQPiE
l0ADnJdA3pCXQMSKl0CUn5dAfqSXQLyHl0A7kpdApKaXQFyFl0ClepdAyZaXQJGvl0DQj5dA
6pWXQISVl0B7oZdATrqXQHmxl0CiZZdAS6aXQHmll0DRipdAWq+XQDCxl0DEjpdA3KSXQBaM
l0A4uZdAPYuXQDmKl0APZJdAV3yXQDSrl0C0kpdAmo6XQNqEl0CggpdAeZSXQMill0BRlZdA
hoGXQEOnl0BJo5dA1mmXQGmpl0Aei5dAbI2XQAyIl0AkupdAjciXQJyIl0C3pZdAlKCXQAWC
l0AUdpdACoWXQGSPl0DlgJdAAYKXQPiel0ADY5dAHXeXQHqul0B8lJdAhXKXQOOBl0CWl5dA
eZGXQNlhl0D7dpdA3JyXQIeFl0CNf5dAQIGXQC+Gl0D3gpdAgo6XQLV8l0BlbZdAdW6XQNq9
l0C6e5dA1H+XQAuFl0DrdJdAjoOXQL+Il0CeeZdAgHOXQDmel0CnpJdAxpmXQP6ql0D4opdA
I4KXQLtsl0CleZdAzXKXQOGdl0BljJdARqOXQG6Dl0A6a5dAW36XQGVvl0CiaZdA+WyXQDJu
l0DJoJdAlXWXQJNxl0DCmpdAuY2XQM1/l0CAgpdAsIWXQDF4l0CfgpdA9WqXQEmil0AdfpdA
YGmXQI16l0A9cZdAwXSXQHd8l0ClepdAl3OXQLmUl0DtYZdAI22XQFNyl0DrZZdAEGyXQBqY
l0D3a5dAapCXQLiYl0BAjJdAUl2XQKODl0DCb5dAB3CXQBh1l0BEiZdA1oyXQASQl0DaiZdA
rHGXQCmHl0CsUJdAOHGXQOBhl0BleZdA8YiXQJ2Bl0Bcd5dAO4KXQM2Jl0BEbpdAIIiXQNlu
l0D/a5dAJp6XQCWLl0BfQ5dAZoWXQGd7l0AwfJdAvnKXQMp8l0CiZpdACpCXQBKBl0DJcpdA
sn2XQHN0l0DXVpdA0HWXQL6Ql0D1j5dA92GXQN9/l0Bzb5dAlmuXQFlfl0C4bpdA/mOXQPKL
l0CHfpdAA2GXQAN1l0DNY5dAeVaXQA5Ul0CeZpdAzmeXQEl0l0D6f5dAH3yXQI5Xl0CHfpdA
u2CXQA54l0AfcpdAmlyXQKRMl0AZkJdAFESXQLldl0BQa5dA552XQO40l0AvWJdAQWKXQNh1
l0DGaZdABXWXQAqBl0CkUJdA3WuXQFNhl0C0XJdA82WXQANyl0DsaJdAAVyXQDNil0B0V5dA
XHiXQJF/l0AjZJdAqmqXQDFil0C1bZdAs0+XQLl+l0BuaJdAbmGXQBxTl0CKSJdAdEuXQCJj
l0BJX5dAl4KXQLlwl0B3apdAQWWXQGBXl0B0U5dAl4GXQFpdl0CTYpdAzGCXQCdjl0BDdZdA
7DuXQDN7l0DPhZdAZmOXQDFJl0ABb5dAPleXQK42l0DlYpdAanSXQNxGl0CYXZdAYVqXQChi
l0DuQpdAjICXQPNSl0CaWJdAfpCXQDtml0DBaJdADk2XQNxhl0BkRZdAhmeXQJhyl0DzLJdA
HUCXQPxgl0BsIZdA51OXQPV2l0DVQ5dAujiXQANwl0D2c5dAdjqXQNI5l0BfapdA5VKXQHNs
l0CdhJdALy+XQPlzl0DPUpdAjlWXQNtol0ACPpdAeVuXQORul0D1cZdAjVKXQNNMl0DpgpdA
C12XQJxAl0C+UpdAbESXQJlGl0AKOpdAf4CXQNQ+l0BGdJdAoFqXQHgql0DJWJdA7TSXQF1h
l0DZWpdAf0aXQIWKl0D/PZdA1XuXQAFMl0AgdZdAWXOXQI1Al0B1VJdA40KXQExSl0A7QJdA
DFaXQHoql0D6SJdAJUCXQEQ3l0DscJdATTuXQFNSl0D3bJdAGzmXQOKRl0BuRZdAtiqXQCxD
l0DEYpdAbjGXQFJCl0CuTZdAaCWXQNNCl0CdQ5dA+0mXQMw4l0A8V5dAXS2XQDA8l0DkQJdA
dkKXQGoXl0CIQpdAh1OXQG87l0CHRJdA3BiXQDlIl0AwOJdAhDmXQO4ml0ClI5dAqUSXQMc3
l0D/MZdAp0+XQPVHl0DeQJdANDaXQG5Ul0AWUJdAHjmXQDstl0D0WpdANFaXQBY2l0BQVJdA
FUCXQAdTl0ATLpdAmiyXQBwzl0CDKZdA5TGXQLA2l0BpZpdAYCCXQNI8l0AyWpdAyj2XQEAq
l0AkTJdAAy+XQLkal0ChZ5dAtj6XQGAyl0DdQJdAGD+XQAQil0AIKpdA4F2XQCUXl0AnWJdA
ixWXQAEal0BLVZdA40aXQPRNl0BPVJdAWyWXQPIXl0C3G5dAjh2XQF8yl0BMQ5dAWhuXQJ02
l0BoFJdAolWXQL4Yl0B3IJdA3jGXQAlEl0COE5dAihOXQJZRl0CuL5dAaz2XQOUyl0CBM5dA
vUCXQMs8l0AoSZdAgf2WQC8Sl0DLJ5dAiSOXQGQol0BUI5dA+BGXQF08l0CcPZdAS1uXQBoy
l0D/FJdAEimXQIg9l0CnLpdA2hqXQJJFl0BmPZdAuBaXQL38lkDbT5dA1hyXQI02l0APFZdA
dyaXQPLxlkCCKpdANhiXQIoSl0CmE5dAUjCXQA3zlkCgGpdAnAyXQO0wl0BXFZdA9QGXQLUo
l0D9AJdA5BSXQDEwl0ApLpdA9S+XQH0wl0DZDpdAG0GXQGgzl0CcMJdA3BOXQDscl0BVK5dA
KCqXQJErl0ArC5dAVBSXQI0Gl0ArFpdAHyGXQEUml0CUBZdAOwqXQDIwl0AfIZdAGgKXQH0D
l0DtOZdA1hiXQO8Fl0BTF5dAEBqXQDT9lkCm/pZARBqXQIYCl0DJRpdAcRCXQJ4nl0D6GJdA
8zCXQJzvlkB+E5dAfEyXQDkLl0Cw8ZZAmCGXQCUVl0DD8pZAuTSXQBwPl0Cy8ZZAVSGXQHP0
lkCO65ZAdweXQIAGl0BOEZdAS+iWQC0tl0AbB5dAzN+WQL3slkAeA5dAsxuXQMcOl0BHEpdA
U/WWQEgXl0DzJZdAre6WQL8Yl0BvCJdAtt+WQAkyl0C4HZdAVBeXQCMJl0BWFpdAjyeXQPX5
lkBuCpdAA/OWQG7YlkBnJpdA7yiXQMfYlkAsCpdAIPGWQJzTlkCz6ZZA8huXQJzqlkAb85ZA
1iqXQF/5lkC0BpdARfmWQJUcl0B4DpdAzBSXQLPqlkC5JpdAxNmWQKD3lkAqBZdAiueWQD8U
l0AZ55ZAWfOWQEsel0Cd7ZZA6ieXQIXzlkDkApdAfvKWQFIbl0Bc45ZAXheXQOfylkAkBpdA
r+iWQNfplkAvApdAheuWQMLtlkAA7JZAR+2WQPrYlkCWA5dAVQeXQJAcl0BoBZdAUy+XQLvg
lkBfBJdAbRmXQFLelkDb/5ZAKxCXQIkHl0CpKJdA2/KWQKvylkB68ZZAhuKWQLcUl0BO5pZA
suWWQFQNl0CtDpdAtwGXQCHJlkDG05ZAyBmXQB8El0DB3pZAafuWQLcAl0D2/pZAAeuWQNwX
l0Dl8ZZAW8eWQGzplkAG9pZA5dmWQH3klkB15ZZAgtyWQBHBlkBS+JZA0A+XQJPvlkC16ZZA
ib2WQN7xlkAc/JZAbbCWQOHqlkBj6pZATeyWQNHSlkD57pZAMPyWQBjOlkBS+pZAcOSWQEXt
lkAa85ZANfWWQMjUlkDj6ZZANBCXQPTRlkBhDZdANf+WQH/alkBdz5ZAE9iWQPDAlkDq25ZA
SN6WQPfglkDK45ZAsAGXQA37lkDC3JZA6+OWQAT2lkD50ZZAYfyWQPLalkCB95ZAjM2WQLvg
lkBE6JZArt2WQML0lkBV8JZA+b2WQIDYlkCC1JZAZeqWQL7jlkB/+5ZAV96WQFfelkA98ZZA
5cmWQGf7lkD8E5dAkciWQNrVlkA05pZAq+iWQDPplkCQt5ZAf9qWQMLZlkDq6ZZAeMqWQIi4
lkDJ45ZAE/iWQJP0lkB/6JZAsrOWQHvzlkAs9JZACPSWQJLIlkDHs5ZA5vuWQKrQlkAF4ZZA
aMaWQG3OlkDL4JZAesWWQJPGlkDju5ZAE8eWQHPLlkAh7ZZA5uqWQD7ulkB6ypZAp86WQPbf
lkCBppZAb7GWQB71lkDfx5ZAlKSWQFHVlkAT4JZAXd+WQOjhlkAvx5ZA966WQP3tlkBK6ZZA
VwSXQAnTlkB54JZAQOmWQFjblkA2x5ZAIdKWQACilkA435ZAud+WQESDlkD12ZZAw7SWQI7a
lkCv3ZZAXeqWQJDNlkB/4JZAOcuWQH/qlkC60ZZA1rOWQITZlkCYs5ZAg+2WQCDtlkAG8ZZA
ddyWQNjulkALvZZAAs+WQOO4lkDdqpZAZKeWQPHilkAKzJZAA/OWQNrKlkDbw5ZAUbeWQOa8
lkBW05ZAxNKWQKyzlkArz5ZAvMSWQA64lkC1upZA36iWQJW7lkC40JZAo72WQIzQlkA985ZA
+MOWQO6jlkBAvpZAguOWQF3JlkAhppZAecKWQDzAlkCfnJZA0uKWQLa/lkD84ZZAVNOWQEfc
lkC5w5ZAgc+WQLiYlkAEyJZA076WQAPVlkDKipZA39WWQH7AlkAXsJZACLWWQJ+wlkDzwZZA
ErqWQBbdlkCStZZA4s6WQJK2lkDM2ZZAcMSWQPe7lkBMs5ZA66aWQG7WlkBRppZA0rSWQFm7
lkAM0JZAuKeWQF22lkAql5ZABKiWQKyplkDGy5ZAIqaWQJGklkBhrpZAbreWQHmqlkAKvJZA
WLeWQHHelkAJqZZAba+WQEmnlkAaspZAyMeWQF+2lkC5kZZAX8eWQBW3lkB0pJZAWJyWQJHB
lkBWy5ZA4cCWQH+5lkDcp5ZAD9WWQAy2lkAnvJZACbSWQD+wlkANwJZAC8WWQGu4lkDhgZZA
gpaWQIillkAdvZZANNaWQL63lkAcoJZAooeWQKmllkB945ZASZ2WQL+6lkAVm5ZA+aSWQMam
lkCJjZZAt7mWQCaklkAnu5ZA77WWQPi4lkD5upZA3biWQMKZlkBQwJZA0bWWQBaHlkB4spZA
cYiWQMyqlkBmp5ZAEo+WQEWplkBeppZATaCWQKW9lkD1pZZAMK+WQK60lkBXvJZAVLCWQK6J
lkCbo5ZA/6+WQGK8lkCin5ZARmGWQLuFlkB+h5ZA9rOWQMWglkCLoJZAMraWQF+wlkAajpZA
5XOWQNyblkAylpZAs5CWQCuclkD3tZZAgJWWQGLClkDWeZZAK4WWQNS2lkCRnpZA1JWWQJp/
lkBvr5ZAV6KWQNSclkBnyZZAkXSWQAaElkCRm5ZADY2WQF6NlkDtnZZAeMqWQAeTlkDUpZZA
pMWWQOqDlkDqk5ZAJ3+WQK+BlkBSspZAWMKWQIunlkDAgJZAQ6qWQDKVlkCDiZZAaa2WQKap
lkCPjJZAxKSWQPq7lkAnepZAInOWQLyalkBlkZZA3peWQJKmlkBjkZZAZ52WQFGSlkDEo5ZA
eZuWQHVclkADkJZAdIWWQGSblkCdhJZA3YWWQBN6lkAvpZZANqGWQK+TlkB8qpZA0pGWQPyv
lkCCpZZAun6WQHFplkDAjJZAtYSWQKCelkBOipZAS66WQOxllkA/hJZAQJqWQK5MlkCUpZZA
16SWQJaXlkA5iZZARKeWQEd3lkCgcJZA74+WQKxelkClqJZAWWiWQJGolkCWiZZAS4yWQAWB
lkDZmpZASZeWQEx8lkAxoZZAAKSWQFyblkCNipZA8VqWQBmVlkCyVJZAyFqWQAlxlkDkk5ZA
21WWQEOilkBEi5ZAS2SWQASJlkBCn5ZAjGmWQGNqlkCgcZZAHXCWQFmDlkA1pZZAQJCWQLxx
lkBKp5ZA8qGWQDtllkA2hpZAcoOWQB1alkAbjZZADH2WQAOUlkBSbpZATY+WQNF0lkAkfZZA
64KWQKV2lkC8n5ZAw4qWQN1ilkA/hJZANYWWQGSnlkAXdJZAQ4KWQCOLlkB2bZZAPI2WQGyS
lkApdJZAppaWQCJklkD9dpZATouWQKxslkC2dpZAI26WQDZ+lkD5i5ZA5maWQC1qlkBVg5ZA
tUqWQEqXlkD2oZZAFlKWQD1UlkBicZZAKXWWQOSclkCTmJZAFnaWQAxZlkATX5ZATGSWQJR+
lkBGl5ZAhXKWQOxnlkB4cZZAUnCWQHWQlkAGgJZAaW2WQEFulkBSepZA1GeWQBt1lkCThZZA
1ISWQGdmlkBiWZZAKn2WQB1ylkAFVpZAkZWWQM2ClkA9QJZA+0uWQDFflkDjdZZAGnmWQF1D
lkCPI5ZAn3WWQO2RlkD9eJZAK2WWQM9mlkD4h5ZAMmqWQPlblkANjZZAgVKWQD5RlkB2dZZA
tEyWQAx7lkDyeJZAp1+WQDVSlkCla5ZAn4WWQBJqlkCvgpZAOEqWQEw1lkBhVpZA3n2WQCtq
lkASQZZATUKWQMx7lkDPX5ZA+m6WQMN0lkDTWJZAEkqWQEpglkAlXJZAI3uWQKpXlkBzZZZA
aH+WQD1TlkC/LpZA0laWQIl7lkCbWpZAQWOWQCOMlkC0bpZAWkuWQIB5lkCfUJZA/GmWQL88
lkDzcJZA71iWQA5klkC7cJZA00uWQMJklkBeWZZAMVSWQBR/lkChcJZAoWGWQHN1lkCLX5ZA
Sk2WQBE+lkCLUpZAomaWQHFQlkCDYJZA3l6WQGQ2lkDPSpZAW1qWQMo5lkB/YJZAP3qWQOBM
lkAwWpZAC4KWQKE5lkB2U5ZA6HOWQHdhlkBfY5ZA+22WQG9ilkCJUJZA31OWQMJ5lkCEW5ZA
Ui+WQOM4lkAyYZZA8TqWQI9qlkDZK5ZAGV2WQMg0lkBUW5ZA21mWQMBIlkD9QZZAmG+WQItX
lkAWQpZApm2WQPJolkDiWJZAqliWQI4xlkBJUpZAsmCWQDY4lkAXS5ZAs1iWQDBelkDOepZA
OjyWQJAwlkA/Z5ZAQVGWQHxplkC1TZZApECWQL5ClkBKf5ZAlFGWQMhElkAEZZZA9VSWQAk9
lkBgWpZAFk+WQEkrlkBeNZZAFEWWQJZPlkC0PJZA2kqWQElSlkCYVpZAFlSWQJxHlkACSZZA
DkyWQPZSlkDTd5ZAEDaWQOBdlkD8TpZA8CCWQIhylkAnRZZAlkuWQMRdlkDtZpZACiuWQNNL
lkClSpZA</AssayYData></Step><Step><CommonData><SampleLocation>7</SampleLocation><SampleID>Glycine</SampleID><SampleGroup></SampleGroup><SampleInfo></SampleInfo><SampleRow>J</SampleRow><SamplePlate>1</SamplePlate><WellType>REGENERATION</WellType><Concentration>-1</Concentration><ConcentrationUnits>µg/ml</ConcentrationUnits><MolarConcentration>-1</MolarConcentration><MolarConcUnits>nM</MolarConcUnits><MolecularWeight>0</MolecularWeight><Temperature>30</Temperature><StartTime>876189</StartTime><AssayTime>5</AssayTime></CommonData><FlowRate>1000</FlowRate><StepType>KREGENERATION</StepType><StepName>Regeneration</StepName><StepStatus>OK</StepStatus><ActualTime>4.99999</ActualTime><CycleTime>0.2</CycleTime><AssayXData Points="25">MYA7RA6NO0TLmTtEl6Y7RHWzO0QxwDtEDs07RMvZO0SX5jtEZPM7RDEAPET+DDxEyxk8RJcm
PERkMzxEMUA8RA5NPETLWTxEl2Y8RHVzPEQxgDxE/ow8RMuZPESXpjxEZLM8RA==</AssayXData><AssayYData Points="25">pnQ+vjgSk77G0bW+RhPTvglN577eSfy++6AIv7ThD78k9Re/STohv+ihJ7+m2iu/WZM0vylZ
Or9MDT2/QJZDv6gYSL95Zku/PjVPv+oJVL+ve1i/prJZv1/CXr86rWC/awBivw==</AssayYData></Step><Step><CommonData><SampleLocation>8</SampleLocation><SampleID>PBS</SampleID><SampleGroup></SampleGroup><SampleInfo></SampleInfo><SampleRow>J</SampleRow><SamplePlate>1</SamplePlate><WellType>NEUTRALIZATION</WellType><Concentration>-1</Concentration><ConcentrationUnits>µg/ml</ConcentrationUnits><MolarConcentration>-1</MolarConcentration><MolarConcUnits>nM</MolarConcUnits><MolecularWeight>0</MolecularWeight><Temperature>30</Temperature><StartTime>889595</StartTime><AssayTime>5</AssayTime></CommonData><FlowRate>1000</FlowRate><StepType>KREGENERATION</StepType><StepName>Regeneration</StepName><StepStatus>OK</StepStatus><ActualTime>4.99999</ActualTime><CycleTime>0.2</CycleTime><AssayXData Points="25">McA8RP7MPETL2TxEl+Y8RGTzPERBAD1E/gw9RMsZPUSoJj1EZDM9RDFAPUT+TD1E21k9RJdm
PURkcz1EQYA9RA6NPUTLmT1EqKY9RGSzPURBwD1E/sw9RNvZPUSX5j1EZPM9RA==</AssayXData><AssayYData Points="25">rnJJQCXaSkC7qEtAp/pMQDWPTUAveU5AeAVPQDplT0Dy/E9AeRlQQHOaUECx0lBAgaRQQPeH
UUDMvVFAwthRQM1VUkBaYlJAT5xSQCOvUkBB4VJARO5SQB42U0AuYlNARkhTQA==</AssayYData></Step><Step><CommonData><SampleLocation>7</SampleLocation><SampleID>Glycine</SampleID><SampleGroup></SampleGroup><SampleInfo></SampleInfo><SampleRow>J</SampleRow><SamplePlate>1</SamplePlate><WellType>REGENERATION</WellType><Concentration>-1</Concentration><ConcentrationUnits>µg/ml</ConcentrationUnits><MolarConcentration>-1</MolarConcentration><MolarConcUnits>nM</MolarConcUnits><MolecularWeight>0</MolecularWeight><Temperature>30</Temperature><StartTime>903008</StartTime><AssayTime>5</AssayTime></CommonData><FlowRate>1000</FlowRate><StepType>KREGENERATION</StepType><StepName>Regeneration</StepName><StepStatus>OK</StepStatus><ActualTime>5.00103</ActualTime><CycleTime>0.2</CycleTime><AssayXData Points="25">MQA+RA4NPkTLGT5ElyY+RHUzPkQxQD5EDk0+RNtZPkSoZj5EZHM+RDGAPkQOjT5E25k+RJem
PkR1sz5EMcA+RP7MPkTL2T5El+Y+RHXzPkRBAD9E/gw/RMsZP0SXJj9EdTM/RA==</AssayXData><AssayYData Points="25">tkojv+D3N7/DBES/EyxKv1klUr8Lbli/ImlbvwNbYb+OwGW/029nv/sXbL9rmnC/l0Jyv39C
db8UoXi/19V4v87Fer/bYH2/Eh+Av+abgL8qMYG/XmmCv7kDg78Cg4O/1TCEvw==</AssayYData></Step><Step><CommonData><SampleLocation>8</SampleLocation><SampleID>PBS</SampleID><SampleGroup></SampleGroup><SampleInfo></SampleInfo><SampleRow>J</SampleRow><SamplePlate>1</SamplePlate><WellType>NEUTRALIZATION</WellType><Concentration>-1</Concentration><ConcentrationUnits>µg/ml</ConcentrationUnits><MolarConcentration>-1</MolarConcentration><MolarConcUnits>nM</MolarConcUnits><MolecularWeight>0</MolecularWeight><Temperature>30</Temperature><StartTime>916439</StartTime><AssayTime>5</AssayTime></CommonData><FlowRate>1000</FlowRate><StepType>KREGENERATION</StepType><StepName>Regeneration</StepName><StepStatus>OK</StepStatus><ActualTime>4.99999</ActualTime><CycleTime>0.2</CycleTime><AssayXData Points="25">QkA/RDBNP0TcWT9EqGY/RHVzP0RCgD9ED40/ROyZP0S5pj9EdbM/RELAP0QPzT9E3Nk/RKjm
P0R18z9EUgBARA8NQETcGUBEuSZARIYzQERSQEBED01AROxZQESoZkBEdXNARA==</AssayXData><AssayYData Points="25">Q01EQGOaRUClk0ZAqZBHQCpCSEDy3khA+HxJQLCbSUAmfkpAtcRKQMAYS0B4dEtA4tRLQDb+
S0ChT0xAbaVMQC2vTEBTME1A9GNNQMU6TUCUt01A7LpNQMK/TUAL501AEAxOQA==</AssayYData></Step><Step><CommonData><SampleLocation>7</SampleLocation><SampleID>Glycine</SampleID><SampleGroup></SampleGroup><SampleInfo></SampleInfo><SampleRow>J</SampleRow><SamplePlate>1</SamplePlate><WellType>REGENERATION</WellType><Concentration>-1</Concentration><ConcentrationUnits>µg/ml</ConcentrationUnits><MolarConcentration>-1</MolarConcentration><MolarConcUnits>nM</MolarConcUnits><MolecularWeight>0</MolecularWeight><Temperature>30</Temperature><StartTime>929544</StartTime><AssayTime>5</AssayTime></CommonData><FlowRate>1000</FlowRate><StepType>KREGENERATION</StepType><StepName>Regeneration</StepName><StepStatus>OK</StepStatus><ActualTime>4.99999</ActualTime><CycleTime>0.2</CycleTime><AssayXData Points="25">QoBARA+NQETcmUBEqKZARIazQERSwEBED81ARNzZQES55kBEdfNARFIAQUQPDUFE3BlBRKgm
QUR1M0FEQkBBRA9NQUTcWUFEqGZBRHVzQURCgEFED41BRNyZQUS5pkFEdbNBRA==</AssayXData><AssayYData Points="25">4YY5vywuSb9u/FO/uyJbvy4RYr+N7me/GRFsv4lDbr/AMHK/IwR1v3Nld7/yn3m/lpp7v+Eg
fr+5ZX+/ce2AvzWngb9GoYG/DgKDvzPNg7+66YS/QVmFv2Tvhb9/zIW/36SGvw==</AssayYData></Step><Step><CommonData><SampleLocation>8</SampleLocation><SampleID>PBS</SampleID><SampleGroup></SampleGroup><SampleInfo></SampleInfo><SampleRow>J</SampleRow><SamplePlate>1</SamplePlate><WellType>NEUTRALIZATION</WellType><Concentration>-1</Concentration><ConcentrationUnits>µg/ml</ConcentrationUnits><MolarConcentration>-1</MolarConcentration><MolarConcUnits>nM</MolarConcUnits><MolecularWeight>0</MolecularWeight><Temperature>30</Temperature><StartTime>942945</StartTime><AssayTime>5</AssayTime></CommonData><FlowRate>1000</FlowRate><StepType>KREGENERATION</StepType><StepName>Regeneration</StepName><StepStatus>OK</StepStatus><ActualTime>5.002</ActualTime><CycleTime>0.2</CycleTime><AssayXData Points="25">QsBBRB/NQUTc2UFEueZBRIbzQURCAEJEDw1CRNwZQkS5JkJEdTNCREJAQkQPTUJE3FlCRLlm
QkR1c0JEQoBCRA+NQkTcmUJEqKZCRHWzQkRCwEJED81CRNzZQkSo5kJElvNCRA==</AssayXData><AssayYData Points="25">9qFDQFvmRECBHEZA3eVGQBG4R0B2aEhAVFNIQHduSUCqQEpAuEtKQJutSkARXUtAbP5KQOKp
S0DD/ktA8/ZLQGeBTEDhYkxAdsFMQPCdTEAiG01AEoRNQCJ3TUDhhE1Ae91NQA==</AssayYData></Step><Step><CommonData><SampleLocation>3</SampleLocation><SampleID>Octet Buffer</SampleID><SampleGroup></SampleGroup><SampleInfo></SampleInfo><SampleRow>I</SampleRow><SamplePlate>1</SamplePlate><WellType>BUFFER</WellType><Concentration>-1</Concentration><ConcentrationUnits>µg/ml</ConcentrationUnits><MolarConcentration>-1</MolarConcentration><MolarConcUnits>nM</MolarConcUnits><MolecularWeight>0</MolecularWeight><Temperature>30</Temperature><StartTime>957520</StartTime><AssayTime>20</AssayTime></CommonData><FlowRate>1000</FlowRate><StepType>CUSTOM</StepType><StepName>Sensor Check</StepName><StepStatus>OK</StepStatus><ActualTime>20</ActualTime><CycleTime>0.2</CycleTime><AssayXData Points="100">YwBDREANQ0QNGkNE2iZDRKczQ0RjQENEME1DRP1ZQ0TaZkNElnNDRHOAQ0QwjUNEDZpDRNqm
Q0SWs0NEY8BDRDDNQ0T92UNEyeZDRJbzQ0RzAEREQA1ERA0aRETJJkREljNERGNARERATURE
/VlERMlmRESnc0REY4BERDCNRET9mUREyaZERJazRERjwEREMM1ERP3ZRETa5kRElvNERHMA
RUQwDUVE/RlFRMkmRUSWM0VEc0BFRDBNRUT9WUVE2mZFRJZzRURzgEVEMI1FRA2aRUTapkVE
lrNFRHPARUQwzUVE/dlFRNrmRUSn80VEYwBGREANRkQNGkZEySZGRJYzRkRjQEZEQE1GRA1a
RkTJZkZElnNGRGOARkRAjUZEDZpGRMmmRkSWs0ZEY8BGRDDNRkQN2kZE2uZGRJbzRkRjAEdE
QA1HRP0ZR0TJJkdEljNHRHNAR0QwTUdEDVpHRMlmR0SWc0dEc4BHRDCNR0T9mUdEyaZHRJaz
R0RzwEdEMM1HRA3aR0TJ5kdElvNHRA==</AssayXData><AssayYData Points="100">4NtEQNhpQkAZAEFAqwpAQDksP0Aexz5AdVg+QHdqPkBbrz5Ak60+QFYCP0CcnD5AHSU/QOUE
P0BITT9Aya4/QCqnP0BuuT9A9xBAQCtfQEANL0BAbV5AQEF3QEB8ekBAXcJAQLfVQEDozkBA
eyNBQMwkQUDK7EBAkFxBQExIQUBgnkFA0L1BQL6oQUBxzEFAaN5BQDoEQkASGEJANDZCQKfv
QUCCY0JAqjpCQOwiQkCwx0JAkHpCQBajQkA31EJAmO9CQJWVQkDdBUNApv5CQE3QQkC870JA
LyNDQF/eQkCuIUNAMyBDQPRGQ0CDCENAlJ9DQPBxQ0Aik0NAjn1DQNuFQ0CHmUNAkqRDQCTC
Q0DfZkNAssdDQOfiQ0DLukNAT/ZDQBAcREAKL0RAgQBEQKwkRECLGkRA6+NDQPJXREDhKURA
RTtEQG1cRECWmkRAiQZEQMtFREA76URAR35EQJ3UREAuoURAQ3ZEQBXHREBGBUVAPrZEQBey
REDJkkRAW9JEQGXDREC8E0VAGfhEQA==</AssayYData></Step><Step><CommonData><SampleLocation>8</SampleLocation><SampleID>SI-157C14_P5199</SampleID><SampleGroup></SampleGroup><SampleInfo></SampleInfo><SampleRow>I</SampleRow><SamplePlate>1</SamplePlate><WellType>KLOAD</WellType><Concentration>5</Concentration><ConcentrationUnits>µg/ml</ConcentrationUnits><MolarConcentration>5000</MolarConcentration><MolarConcUnits>nM</MolarConcUnits><MolecularWeight>0</MolecularWeight><Temperature>30</Temperature><StartTime>986957</StartTime><AssayTime>120</AssayTime></CommonData><FlowRate>1000</FlowRate><StepType>LOADING</StepType><StepName>Loading</StepName><StepStatus>OK</StepStatus><ActualTime>120</ActualTime><CycleTime>0.2</CycleTime><AssayXData Points="600">YwBIREANSET9GUhEySZIRKczSERzQEhEME1IRP1ZSERpaUhEp3NIRGOASEQwjUhE/ZlIRMmm
SESWs0hEY8BIREDNSEQN2khEyeZIRKfzSERjAElEQA1JRP0ZSUTJJklEljNJRGNASURATUlE
/VlJRMlmSUSWc0lEY4BJRECNSUQNmklE2qZJRKezSURjwElEMM1JRP3ZSUTJ5klElvNJRGMA
SkRADUpE/RlKRMkmSkSWM0pEc0BKRDBNSkT9WUpE2mZKRJZzSkRjgEpEQI1KRA2aSkTJpkpE
lrNKRGPASkQwzUpE/dlKRMnmSkSn80pEYwBLRDANS0QNGktEySZLRJYzS0RjQEtEME1LRP1Z
S0TaZktElnNLRGOAS0QwjUtE/ZlLRMmmS0SWs0tEY8BLRDDNS0QN2ktEyeZLRJbzS0RzAExE
MA1MRP0ZTETJJkxEljNMRGNATEQwTUxE/VlMRMlmTESnc0xEY4BMRECNTEQNmkxEyaZMRKez
TERjwExEMM1MRA3aTETa5kxElvNMRGMATURADU1EDRpNRNomTUSnM01EY0BNRDBNTUQNWk1E
0mpNRO50TURjgE1EQI1NRA2aTUTJpk1Ep7NNRHPATURAzU1EDdpNRMnmTUSn801EcwBOREAN
TkQNGk5E2iZORKczTkRzQE5EQE1ORP1ZTkTJZk5Ep3NORGOATkQwjU5E/ZlORMmmTkSns05E
Y8BORDDNTkQN2k5E2uZORJbzTkRzAE9EMA1PRA0aT0TaJk9EljNPRHNAT0RATU9EDVpPRMlm
T0Snc09EY4BPRDCNT0T9mU9E2qZPRJazT0RjwE9EQM1PRP3ZT0TJ5k9ElvNPRHMAUEQwDVBE
/RlQRNomUESWM1BEY0BQRDBNUEQNWlBE2mZQRKdzUERjgFBEMI1QRA2aUETJplBElrNQRGPA
UEQwzVBE/dlQRMnmUESn81BEYwBRRDANUUQNGlFEySZRRKczUURjQFFEQE1RRP1ZUUTaZlFE
lnNRRGOAUUQwjVFE/ZlRRMmmUUSWs1FEc8BRRDDNUUQN2lFEyeZRRKfzUURzAFJEMA1SRA0a
UkTJJlJEljNSRGNAUkQwTVJE/VlSRC5qUkRKdFJEc4BSRECNUkT9mVJEyaZSRKezUkRzwFJE
MM1SRP3ZUkTJ5lJElvNSRGMAU0QwDVNEDRpTRMkmU0SWM1NEc0BTRDBNU0T9WVNEyWZTRJZz
U0RzgFNEMI1TRA2aU0TJplNElrNTRHPAU0RAzVNE/dlTRMnmU0Sn81NEYwBURDANVEQNGlRE
ySZURKczVERjQFREME1URP1ZVETJZlREp3NURGOAVEQwjVRE/ZlURNqmVESWs1REY8BUREDN
VET92VREyeZURJbzVERjAFVEMA1VRP0ZVUTaJlVEljNVRGNAVUQwTVVEDVpVRNpmVUSWc1VE
Y4BVRDCNVUT9mVVE2qZVRJazVURjwFVEMM1VRA3aVUTa5lVEp/NVRGMAVkQwDVZE/RlWRNom
VkSWM1ZEY0BWRDBNVkT9WVZE2mZWRKdzVkRjgFZEMI1WRA2aVkTJplZEp7NWRGPAVkQwzVZE
DdpWRMnmVkSW81ZEcwBXRDANV0T9GVdEySZXRKczV0RjQFdEME1XRA1aV0SAaldEnHRXRHOA
V0QwjVdE/ZlXRNqmV0SWs1dEc8BXRDDNV0QN2ldEyeZXRJbzV0RzAFhEMA1YRA0aWETJJlhE
pzNYRHNAWEQwTVhEDVpYRMlmWESnc1hEY4BYRDCNWET9mVhEyaZYRKezWERjwFhEMM1YRA3a
WETJ5lhElvNYRGMAWURADVlE/RlZRMkmWUSWM1lEc0BZRDBNWUQNWllEyWZZRJZzWURjgFlE
QI1ZRP2ZWUTJpllEp7NZRGPAWUQwzVlEDdpZRMnmWUSn81lEYwBaRDANWkT9GVpEySZaRJYz
WkRzQFpEME1aRA1aWkTaZlpElnNaRGOAWkQwjVpE/ZlaRMmmWkSns1pEY8BaREDNWkT92VpE
yeZaRJbzWkRzAFtEQA1bRP0ZW0TaJltEljNbRGNAW0QwTVtE/VlbRMlmW0Snc1tEc4BbRECN
W0T9mVtEyaZbRJazW0RjwFtEQM1bRA3aW0TJ5ltEp/NbRGMAXEQwDVxEDRpcRMkmXESWM1xE
Y0BcRDBNXEQNWlxE+GtcRCZ2XERzgFxEQI1cRP2ZXETaplxElrNcRGPAXERAzVxEDdpcRNrm
XESW81xEcwBdRDANXUT9GV1EySZdRJYzXURzQF1EQE1dRP1ZXUTJZl1ElnNdRGOAXUQwjV1E
/ZldRMmmXUSWs11Ec8BdREDNXUT92V1EyeZdRJbzXURjAF5EQA1eRP0ZXkTJJl5EpzNeRHNA
XkQwTV5E/VleRMlmXkSWc15Ec4BeRDCNXkT9mV5E2qZeRJazXkRzwF5EMM1eRA3aXkTJ5l5E
lvNeRHMAX0QwDV9E/RlfRNomX0SWM19Ec0BfREBNX0QNWl9EyWZfRJZzX0RzgF9EQI1fRP2Z
X0TJpl9ElrNfRGPAX0RAzV9E/dlfRMnmX0SW819EYwBgREANYET9GWBEySZgRJYzYERjQGBE
ME1gRP1ZYETJZmBEp3NgRGOAYEQwjWBE/ZlgRMmmYESns2BEY8BgREDNYET92WBE2uZgRJbz
YERjAGFEMA1hRP0ZYUTJJmFEpzNhRGNAYUQwTWFE/VlhRE5qYURrdGFEY4BhRECNYUT9mWFE
yaZhRJazYURjwGFEMM1hRA3aYUTa5mFElvNhRGMAYkQwDWJE/RliRMkmYkSWM2JEc0BiRDBN
YkT9WWJEyWZiRJZzYkRjgGJEMI1iRA2aYkTJpmJElrNiRGPAYkQwzWJEDdpiRMnmYkSW82JE
YwBjRDANY0QNGmNE2iZjRJYzY0RzQGNEME1jRP1ZY0TJZmNElnNjRHOAY0QwjWNE/ZljRMmm
Y0SWs2NEY8BjREDNY0T92WNEyeZjRJbzY0RzAGREQA1kRA0aZETJJmREljNkRGNAZEQwTWRE
DVpkRMlmZESnc2REY4BkRDCNZET9mWREyaZkRJazZERzwGREMM1kRP3ZZETJ5mRElvNkRHMA
ZURADWVE/RllRNomZUSnM2VEY0BlRDBNZUQNWmVE2mZlRKdzZURjgGVEMI1lRA2aZUTapmVE
p7NlRHPAZUQwzWVEDdplRNrmZUSW82VE</AssayXData><AssayYData Points="600">86ZEQEMgRkAM8kZAlSNIQGhWSUC1RUpAPGVLQB+qTEBDtk1A3LdOQP60T0Ad91BAwZNRQHjm
UkBZ9VNASfxUQETfVUDtDldAB5JXQCG4WEDKqFlAbrdaQAvLW0CvB11AJqBdQG19XkB8g19A
1zxgQCOGYUAtMmJABA5jQLZbZEB1S2VABQdmQHqmZkD8fWdAYpdoQMsQaUCvRGpAUfdqQKoS
bEBsuGxATXttQPRBbkDtI29AN+NvQNZ3cEDTcHFA/Q9yQGbvckATPHNA6Dl0QPsLdUBJnXVA
+QR2QFeodkB7T3dAgh54QEDJeEBXYnlAnRZ6QKPEekBLRXtAVZF7QL5xfECeAX1AvsN9QPMH
fkCRvn5AdE1/QEPef0D+GYBAc0qAQNB+gEBp6oBAGRmBQDFYgUB6lIFAJdeBQJ0TgkCWZIJA
imSCQHDEgkAW6IJAVh6DQIRBg0AEXYNAh6WDQF/hg0CfJYRAXTSEQElZhEC3roRAgNSEQDno
hED/JIVAml6FQCB+hUBmwIVAzuOFQEP9hUCJUoZAal6GQIF5hkAxloZAFviGQIvkhkDw74ZA
Ol2HQAVXh0BYoIdAMZyHQJLzh0D284dAWjCIQHBfiEA1cYhA7nKIQDPDiED4pohAB86IQATm
iECFHYlAZySJQGFoiUCSUolA15KJQFuoiUBB0olAVseJQKQXikCnKopAzRGKQBhaikDxgIpA
MZeKQMp/ikCF2opAt82KQBbpikBlFYtA9T2LQHQ+i0A+UotA7ICLQGR8i0DEp4tAq+KLQAbs
i0DnCIxAvAaMQEYijECxG4xAoHCMQBtNjED4fIxApHmMQIOJjEBFn4xAVOCMQNrmjEAaC41A
nB+NQKtMjUC2UY1AC0ONQGNyjUDLfI1AvqaNQBmFjUDa0I1APcONQIPxjUCJw41AFBaOQAYf
jkAvHI5A9UKOQOBejkARbY5AKYeOQMS+jkCBq45ABr6OQPTDjkAh7o5Av/iOQEEKj0DcIo9A
hhyPQIkuj0CrQY9A1EOPQPVwj0Atbo9ALoiPQG2Pj0Ckv49ARMWPQF7ij0ArCJBA3xaQQGIt
kEDW6o9ANTmQQCdrkECLSpBA4UyQQPKAkECbepBA2pCQQCy8kEATqZBAEt6QQF+ykEAPCZFA
IPKQQIUHkUAJ/JBAJyyRQIZSkUC1WZFAWzaRQK98kUAoOpFAqn+RQCiWkUBud5FA7aGRQFir
kUDSzJFAKdSRQKvVkUCzA5JAkBaSQD8TkkAQPZJAJiKSQCMmkkBqRpJANDiSQJFjkkBhZpJA
yHGSQNZ8kkA8oZJAjL2SQDS+kkBcqJJA29KSQA/KkkAm7ZJAUvmSQDYEk0BJ8JJA/y6TQFEr
k0CFGJNAf1qTQORHk0AlN5NAB2mTQEZik0B7dpNAvH+TQMGLk0ASqpNAD6KTQHvCk0BZx5NA
9dKTQBDKk0B305NAwweUQN31k0AsC5RA/gWUQM02lEDpIpRAhTmUQOdflECaP5RA7DqUQDxc
lEBOdJRAp2OUQEydlEBHqJRAvqaUQBm/lEA06ZRA97mUQFvjlEAf6pRAXPmUQMgKlUB6EJVA
8QeVQNcJlUAHHpVAmUqVQEoylUBdOpVA0ECVQI1plUBQX5VASJGVQPRzlUDhgJVA+3uVQGWd
lUBlopVAfaKVQPq5lUDZpJVAEeyVQN+/lUBP5ZVA2AeWQMEMlkBk6pVA4jaWQF0llkBVIpZA
U06WQPkslkC3LpZAmE2WQChGlkDHcpZAxVKWQDdFlkDQjZZA6XWWQLCflkAIlZZA7ZaWQA2b
lkBelJZA77+WQBjRlkDW4JZAa+mWQEEEl0DGBJdA49+WQPknl0AVJZdAtxqXQB4wl0DRRZdA
OjSXQGQxl0CAJpdAJDqXQGZHl0ARbpdAmGqXQDw+l0CkXZdAMHqXQMuOl0DKqJdAqMOXQF6r
l0BSyJdABOyXQKe5l0BfupdAq/aXQHEEmEAo3JdANAOYQHb7l0Cq/ZdA2RyYQEsKmEDZKphA
U02YQGs+mEDWbphA1UuYQGopmEAmcZhA/GSYQAximEAVhZhAb3yYQCOHmEC6cJhAu5yYQNO0
mECeuJhA76uYQOSbmEDgt5hAjsmYQFWmmEBbAJlAhPqYQHn1mECj7ZhArAqZQE7+mEAoFJlA
qCKZQMIOmUBvEplA3gyZQGIumUB2I5lAtFmZQKJDmUB7VZlAWlWZQLCMmUBgfZlA6nmZQOB+
mUAKhZlAoYuZQIybmUBukZlAloyZQLi2mUBZzplAaMGZQLvYmUDWy5lAf9aZQE7rmUB41ZlA
xtKZQK32mUBYHJpAKPOZQBgVmkAJJppAXBmaQHsVmkAMNZpAtweaQAwzmkDTZppA7VGaQEwy
mkByXppAsVOaQPAymkADg5pAqI+aQDN6mkAVmppAZJyaQFiWmkBHtJpA5oeaQKWrmkD+lZpA
udCaQNK6mkAWsppAAsiaQDvAmkCs1JpAqfuaQGbwmkBl5JpAIeKaQJX8mkDtIptA00qbQC5B
m0BJIZtACDKbQGoam0BaMZtAUS+bQKk4m0AfRptA7k6bQEtZm0AwaptAKHCbQEFcm0CKaZtA
IHebQNN4m0DDf5tAT6SbQMaBm0ApvJtAwoubQDysm0Bt2JtAdLebQK8AnEBvv5tAq6+bQLzc
m0C51JtAlNebQELbm0CL65tAePabQA3xm0BlB5xA/x6cQFf0m0C4SJxAzVCcQMI8nEAKFZxA
xEWcQDUonEBsBJxAhjKcQK5GnEB3VZxAYFycQNFznECdaZxAQ2ScQPxlnEDiaJxAgX6cQDOM
nEDeeJxAU8+cQDuZnEC8nZxAkI+cQDm1nEBLpZxAeqecQMLLnEC+Hp1AAOmcQBztnEDm55xA
7tOcQLv8nEAb7JxAEwadQP7lnEBv/pxALQqdQHbwnECcDZ1Aty+dQDMNnUAFVp1AJGedQA9O
nUAOFZ1ARzydQPZ3nUBwHZ1AO3SdQCY6nUDug51A7WCdQE9MnUBDhJ1A1IqdQAJjnUC8lp1A
QpGdQHaznUCbop1AarCdQNu+nUAOkJ1Am5adQAz3nUDef51A3bqdQFTenUC+up1AweedQPIH
nkA0751A3tydQF7ynUAK9p1AYOSdQDUdnkAKCZ5A5ReeQKYfnkAjQp5AruidQCAYnkAsSJ5A
cS6eQEornkC1LJ5Aoy+eQNc8nkDWUZ5A</AssayYData></Step><Step><CommonData><SampleLocation>3</SampleLocation><SampleID>Octet Buffer</SampleID><SampleGroup></SampleGroup><SampleInfo></SampleInfo><SampleRow>I</SampleRow><SamplePlate>1</SamplePlate><WellType>BUFFER</WellType><Concentration>-1</Concentration><ConcentrationUnits>µg/ml</ConcentrationUnits><MolarConcentration>-1</MolarConcentration><MolarConcUnits>nM</MolarConcUnits><MolecularWeight>0</MolecularWeight><Temperature>30</Temperature><StartTime>1116245</StartTime><AssayTime>100</AssayTime></CommonData><FlowRate>1000</FlowRate><StepType>BASELINE</StepType><StepName>Baseline</StepName><StepStatus>OK</StepStatus><ActualTime>100</ActualTime><CycleTime>0.2</CycleTime><AssayXData Points="500">YwBmRDANZkT9GWZEySZmRJYzZkRjQGZEME1mRA1aZkTJZmZElnNmRGOAZkQwjWZE/ZlmRNqm
ZkSWs2ZEY8BmRDDNZkQN2mZEyeZmRJbzZkRjAGdEMA1nRP0ZZ0TJJmdEljNnRHNAZ0QwTWdE
DVpnRNpmZ0SWc2dEY4BnRECNZ0QNmmdE2qZnRJazZ0RjwGdEQM1nRP3ZZ0TJ5mdElvNnRHMA
aERADWhE/RloRMkmaESnM2hEY0BoRDBNaET9WWhEyWZoRKdzaERjgGhEMI1oRP2ZaETJpmhE
lrNoRGPAaERAzWhEDdpoRMnmaESW82hEcwBpRDANaUT9GWlEySZpRJYzaURzQGlEME1pRP1Z
aUTJZmlEp3NpRHOAaUQwjWlE/ZlpRNqmaUSns2lEc8BpREDNaUT92WlEyeZpRJbzaURjAGpE
MA1qRP0ZakTaJmpEljNqRGNAakRATWpE/VlqRMlmakSnc2pEY4BqRDCNakQNmmpEyaZqRKez
akRzwGpEMM1qRP3ZakTJ5mpEp/NqRGMAa0QwDWtE/RlrRMkma0SWM2tEY0BrREBNa0QNWmtE
yWZrRKdza0RjgGtEQI1rRP2Za0TapmtElrNrRGPAa0QwzWtE/dlrRNrma0Sn82tEYwBsRDAN
bEQNGmxE2iZsRKczbERzQGxEME1sRA1abETJZmxEp3NsRHOAbEQwjWxE/ZlsRNqmbESns2xE
Y8BsREDNbEQN2mxEyeZsRKfzbERjAG1EMA1tRP0ZbUTaJm1EljNtRGNAbUQwTW1EDVptRMlm
bUSnc21EY4BtRDCNbUT9mW1E2qZtRJazbURzwG1EMM1tRA3abUTJ5m1Ep/NtRGMAbkQwDW5E
DRpuRMkmbkSWM25EY0BuRDBNbkT9WW5EyWZuRJZzbkRjgG5EMI1uRP2ZbkTapm5ElrNuRHPA
bkRAzW5E/dluRMnmbkSW825EYwBvREANb0T9GW9E2iZvRKczb0RjQG9EME1vRP1Zb0TaZm9E
lnNvRHOAb0RAjW9E/ZlvRMmmb0SWs29Ec8BvREDNb0QN2m9EyeZvRJbzb0RzAHBEMA1wRA0a
cETaJnBEljNwRGNAcEQwTXBEDVpwRMlmcESWc3BEc4BwRECNcET9mXBEyaZwRJazcERjwHBE
MM1wRA3acETJ5nBElvNwRHMAcUQwDXFEDRpxRMkmcUSWM3FEY0BxRDBNcUT9WXFEyWZxRJZz
cURzgHFEMI1xRP2ZcUTJpnFEp7NxRGPAcURAzXFEDdpxRMnmcUSW83FEcwByREANckT9GXJE
ySZyRJYzckRjQHJEME1yRP1ZckTJZnJElnNyRGOAckQwjXJEDZpyRMmmckSWs3JEc8ByRDDN
ckT92XJE2uZyRJbzckTYA3NE9A1zRP0Zc0TJJnNEljNzRHNAc0QwTXNE/VlzRNpmc0Snc3NE
Y4BzRDCNc0QNmnNEyaZzRJazc0RjwHNEMM1zRP3Zc0TJ5nNElvNzRGMAdERADXRE/Rl0RMkm
dESWM3REY0B0REBNdET9WXREyWZ0RJZzdERjgHREMI10RA2adETJpnREp7N0RGPAdERAzXRE
/dl0RMnmdESn83REcwB1RDANdUQNGnVE2iZ1RJYzdURjQHVEME11RP1ZdUTaZnVEp3N1RHOA
dUQwjXVE/Zl1RMmmdUSWs3VEY8B1RDDNdUT92XVEyeZ1RKfzdURjAHZEMA12RP0ZdkTJJnZE
pzN2RGNAdkQwTXZEDVp2RMlmdkSWc3ZEY4B2RECNdkQNmnZEyaZ2RJazdkRjwHZEMM12RA3a
dkTJ5nZElvN2RHMAd0QwDXdEDRp3RMkmd0SWM3dEc0B3REBNd0T9WXdEyWZ3RJZzd0RzgHdE
MI13RP2Zd0TapndElrN3RGPAd0RAzXdE/dl3RMnmd0SW83dEYwB4RFENeET9GXhEySZ4RJYz
eERjQHhEQE14RP1ZeETJZnhEp3N4RHOAeEQwjXhE/Zl4RNqmeESWs3hEc8B4REDNeET92XhE
yeZ4RJbzeERjAHlEMA15RA0aeUTaJnlEpzN5RGNAeUQwTXlEDVp5RNpmeUSWc3lEc4B5RECN
eUQNmnlE2qZ5RKezeURjwHlEMM15RA3aeUTa5nlElvN5RHMAekQwDXpEDRp6RNomekSWM3pE
c0B6REBNekT9WXpEyWZ6RJZzekRzgHpEQI16RA2aekTJpnpElrN6RHPAekQwzXpEDdp6RMnm
ekSn83pEYwB7REANe0QNGntEySZ7RJYze0RzQHtEME17RP1Ze0TJZntEp3N7RGOAe0QwjXtE
DZp7RNqme0SWs3tEc8B7RDDNe0QN2ntEyeZ7RJbze0RjAHxEQA18RP0ZfETaJnxEljN8RHNA
fERATXxEDVp8RNpmfESWc3xEY4B8RDCNfET9mXxEyaZ8RJazfERjwHxEMM18RP3ZfETJ5nxE
lvN8RGMAfURADX1EDRp9RMkmfUSnM31EY0B9RDBNfUT9WX1E2mZ9RJZzfURjgH1EQI19RP2Z
fUTapn1Ep7N9RGPAfURAzX1E/dl9RMnmfUSn831EYwB+REANfkT9GX5E2iZ+RJYzfkRzQH5E
ME1+RA1afkTJZn5Ep3N+RGOAfkRAjX5E/Zl+RMmmfkSWs35Ec8B+REDNfkT92X5EyeZ+RJbz
fkQ=</AssayXData><AssayYData Points="500">D9SeQK+znkAX955A6BCfQPAUn0AZMZ9AeA6fQNInn0DcUJ9AQECfQFhNn0AYGZ9Ah0KfQMZE
n0ACMp9Aez6fQFI9n0B6I59A+FWfQA1Wn0DnH59ANiyfQJ9hn0CaQp9Ar2+fQGs/n0CeM59A
y0CfQPZ/n0DHWJ9A3TefQJZen0DYVZ9AqD6fQP4tn0D5NJ9AeC6fQINQn0AoSp9AEy+fQFEY
n0BDNJ9AmEafQPgvn0AubJ9AFzGfQB04n0AeO59ANmyfQAxPn0A3V59AZGafQDBRn0DjPJ9A
AjWfQLo4n0C8VJ9AVlGfQL83n0DnP59AOUOfQNtPn0CSO59AOjKfQMREn0B/LZ9AkjSfQJdC
n0CyRJ9AVFSfQIRTn0ClI59AyEmfQMkqn0CBNp9AhkWfQEhXn0BlJZ9AOUmfQOdYn0ARSZ9A
FiSfQKhTn0AtMZ9Asi+fQKU8n0CcMZ9A8DmfQDk7n0ARSJ9AyzqfQDksn0BWGJ9A/FCfQEJE
n0DsOZ9ADmKfQAo/n0A6WZ9AoUafQIYpn0BsMZ9AVECfQGUcn0CgV59AZzKfQDBen0DXM59A
eTqfQO4wn0AkJJ9Agj+fQJlDn0AhWp9AkGKfQHtBn0A/PJ9AYD2fQIFXn0B2NZ9AtU2fQP1a
n0D1Jp9AAmafQD2Jn0BoRJ9Aqi6fQPVNn0AVLJ9AyEmfQERen0DnVp9A11SfQDBTn0BjNZ9A
xkifQBt5n0ArO59AllyfQIZKn0DsRZ9A8VafQENvn0BzSZ9AyjufQMcgn0B6TZ9AzjqfQDBW
n0AyZp9AnTSfQKZan0DuZp9AQWSfQHA8n0C9aJ9AjnKfQOBOn0CYTJ9Af4ufQC9in0BcUZ9A
YlGfQKs1n0BVU59AplifQENZn0DtPZ9ALlSfQP1Jn0CqQZ9AAk+fQBxMn0AYNJ9AXYufQLc0
n0BgU59A7zefQLkrn0DhXJ9A72yfQAF0n0DKT59A+16fQJFkn0AOaJ9AB1GfQGhvn0BEb59A
TWqfQL1qn0A7Vp9AQDqfQKBBn0D8cZ9AljefQExHn0CUip9ArTufQPJsn0A1eZ9AJ0WfQDNj
n0DkTZ9Ab1WfQAdZn0B5Np9Ax3OfQAM9n0CuTJ9ACXGfQNlKn0DTdZ9AfWOfQAdxn0BXa59A
9lmfQDRRn0COeZ9AgGWfQKVkn0BJap9AH1CfQPOEn0BPW59AdlCfQOZdn0AgZZ9AqnefQGNt
n0Cod59Aq22fQB6Rn0Cjdp9A8EOfQDBwn0DHc59A6UefQM9un0BCb59AM3CfQDxen0CNeZ9A
mnKfQJVvn0DDiJ9AjWOfQDFMn0CWK59AG6OfQMWmn0AQXJ9AVXKfQBZLn0Cqh59Aq3OfQEF+
n0DImJ9AMHyfQKJen0AVaZ9AZIWfQJZhn0B6fJ9Aq1afQG1/n0BmeZ9AaHafQHxYn0ANZZ9A
sW+fQCVdn0AXcZ9ACIOfQCKRn0AMfp9AB3qfQIytn0Dvgp9Az5efQNJun0D7ZZ9A3nGfQNlt
n0DQeZ9AxnCfQEuRn0CqoZ9AH36fQO+Un0Alop9ALHCfQJFmn0BEpp9A1JCfQIeCn0CaoZ9A
R3WfQMhOn0Cji59AT4afQMZ3n0A9hJ9AtmmfQPiCn0DJjZ9A5p6fQMt4n0D5kZ9A2W2fQA5m
n0D6mJ9Ay4ufQDh9n0B2iZ9Ak52fQC6en0BAjJ9ADpefQIaLn0Auj59A7IWfQHdon0B6Zp9A
23ufQM+en0A7lp9Aj6ufQI6Ln0B2hJ9A7ImfQBexn0Dhip9AkaCfQE+yn0DYhZ9ACK2fQPGw
n0ApgJ9AtaKfQIu4n0BkkJ9AanWfQAiRn0Dqm59ASZ2fQLiln0DXrJ9AM6KfQJ57n0D7h59A
X1ufQIian0CQm59A7KCfQLKUn0CJmZ9A/qefQNKIn0Cump9AsnafQDeKn0Bao59AWZSfQG20
n0Aesp9ASV6fQKGtn0CGsZ9A96WfQC2kn0DEmJ9A9pqfQIaqn0Do0Z9AO6CfQEWhn0Cfip9A
pqGfQEuwn0B1m59AyqKfQGqrn0AclJ9APXufQNqkn0AzjZ9AXL+fQEzdn0CpoJ9AqpifQHSu
n0D1j59ARYafQOavn0CNsJ9A5YyfQGbAn0AHrp9AJpOfQJydn0Actp9AqLSfQHCVn0DAu59A
o5ufQHO3n0CCo59AK6qfQJymn0Dms59AfrufQFe1n0C2op9AUdSfQGzFn0AnoJ9AlqCfQHDC
n0AepZ9AQKyfQB+jn0AqyZ9AZNSfQHK+n0D9jp9A85yfQKLIn0Aww59Arc2fQPawn0CMsp9A
852fQM/En0A9059AB8ufQBXdn0BxwJ9ATZefQJann0A7uZ9AF7yfQH7in0CH/59A3JyfQPwF
oEAM3Z9AhMKfQBbfn0BD459AtpKfQO+zn0B00Z9ADsOfQIPbn0DF7p9AQrqfQPLFn0Cm8J9A
2bafQE+dn0BZxJ9A0dSfQBXBn0DYxJ9AqsufQJfBn0CCr59AneCfQLWZn0B/zp9AxNCfQGrR
n0AZ1Z9AFsyfQBC6n0AZ8Z9AruqfQJnbn0Agpp9AfK+fQKzCn0BB5Z9Ak9CfQPfvn0DTyZ9A
k/KfQCrVn0CTt59A+N6fQErXn0BOz59A7cifQG7vn0DEq59A5NyfQMLfn0A95Z9AYLyfQC3u
n0A=</AssayYData></Step><Step><CommonData><SampleLocation>4</SampleLocation><SampleID>hsCD3d/e_Acro_CDD-H52W1</SampleID><SampleGroup></SampleGroup><SampleInfo></SampleInfo><SampleRow>I</SampleRow><SamplePlate>1</SamplePlate><WellType>KSAMPLE</WellType><Concentration>-1</Concentration><ConcentrationUnits>µg/ml</ConcentrationUnits><MolarConcentration>12.5</MolarConcentration><MolarConcUnits>nM</MolarConcUnits><MolecularWeight>0</MolecularWeight><Temperature>30</Temperature><StartTime>1224347</StartTime><AssayTime>180</AssayTime></CommonData><FlowRate>1000</FlowRate><StepType>ASSOC</StepType><StepName>Association</StepName><StepStatus>OK</StepStatus><ActualTime>180</ActualTime><CycleTime>0.2</CycleTime><AssayXData Points="900">YwB/RDANf0QNGn9E2iZ/RKczf0RzQH9EME1/RP1Zf0TaZn9ElnN/RGOAf0QwjX9E/Zl/RMmm
f0SWs39EY8B/REDNf0Qd2n9E2uZ/RJbzf0Q6AIBE7giARAQOgERtE4BEyxmARDIggESYJoBE
/iyARGUzgETTOYBEMkCARJhGgET+TIBEbVOARMtZgEQyYIBEmGaARP5sgERtc4BEy3mARDqA
gESYhoBEBo2ARG2TgETLmYBEOqCARJimgET+rIBEZbOARNO5gEQywIBEmMaARAbNgERl04BE
y9mARDLggESY5oBE/uyARGXzgETL+YBEMgCBRKAGgUQGDYFEZROBRMsZgUQyIIFEoCaBRP4s
gURlM4FEyzmBRDJAgUSgRoFE/kyBRG1TgUTLWYFEMmCBRJhmgUT+bIFEZXOBRMt5gUQygIFE
mIaBRP6MgURtk4FEy5mBRDKggUSYpoFE/qyBRGWzgUTTuYFEMsCBRJjGgUQGzYFEZdOBRMvZ
gUQy4IFEmOaBRP7sgURt84FEy/mBRDIAgkSYBoJEBg2CRG0TgkTLGYJEMiCCRKAmgkQGLYJE
ZTOCRMs5gkQyQIJEmEaCRAZNgkRlU4JEy1mCRDJggkSYZoJE/myCRG1zgkTLeYJEMoCCRJyI
gkSqjYJEZZOCRMuZgkQyoIJEmKaCRAatgkRts4JEy7mCRDrAgkSYxoJEBs2CRGXTgkTT2YJE
OuCCRJjmgkT+7IJEbfOCRMv5gkQ6AINEmAaDRP4Mg0RlE4NEyxmDRDogg0SgJoNEBi2DRGUz
g0TLOYNEMkCDRKBGg0T+TINEbVODRMtZg0QyYINEmGaDRP5sg0Rlc4NEy3mDRDqAg0SYhoNE
Bo2DRGWTg0TTmYNEMqCDRJimg0T+rINEZbODRNO5g0Q6wINEmMaDRAbNg0Rt04NEy9mDRDrg
g0SY5oNEBu2DRG3zg0TT+YNEMgCERKAGhET+DIREZROERNMZhEQyIIREoCaERP4shERtM4RE
0zmERDJAhESYRoREBk2ERG1ThETLWYREMmCERKBmhEQGbYREZXOERNN5hEQygIREoIaERP6M
hERlk4REy5mERDKghESYpoRE/qyERG2zhETTuYREMsCERKDGhET+zIREZdOERMvZhEQy4IRE
mOaERP7shERt84REy/mERDIAhURKCIVEWA2FRG0ThUTLGYVEMiCFRJgmhUT+LIVEZTOFRMs5
hUQyQIVEoEaFRP5MhURlU4VEy1mFRDpghUSYZoVEBm2FRGVzhUTLeYVEOoCFRJiGhUQGjYVE
ZZOFRMuZhUQ6oIVEmKaFRP6shURls4VEy7mFRDrAhUSYxoVEBs2FRGXThUTL2YVEMuCFRKDm
hUT+7IVEZfOFRNP5hUQ6AIZEmAaGRP4MhkRlE4ZEyxmGREIghkSgJoZE/iyGRGUzhkTTOYZE
MkCGRKBGhkT+TIZEZVOGRMtZhkQ6YIZEmGaGRAZthkRtc4ZE03mGRDKAhkSYhoZE/oyGRG2T
hkTLmYZEOqCGRKCmhkT+rIZEZbOGRNO5hkQ6wIZEmMaGRP7MhkRl04ZEy9mGRDLghkSY5oZE
Bu2GRG3zhkTT+YZEMgCHRKAGh0QGDYdEbROHRMsZh0QyIIdEoCaHRAYth0RlM4dEyzmHRDJA
h0SYRodEBk2HRG1Th0TLWYdEMmCHRKBmh0QGbYdEbXOHRNN5h0QygIdEgYmHRJCOh0Smk4dE
y5mHRDqgh0SYpodEBq2HRGWzh0TTuYdEMsCHRJjGh0T+zIdEZdOHRMvZh0Q64IdEoOaHRAbt
h0Rt84dEy/mHRDIAiESYBohEBg2IRGUTiETLGYhEMiCIRJgmiEQGLYhEZTOIRMs5iEQ6QIhE
mEaIRP5MiERlU4hEy1mIRDpgiESYZohE/myIRGVziETLeYhEOoCIRJiGiET+jIhEZZOIRNOZ
iEQ6oIhEoKaIRAatiERts4hE07mIRDLAiESYxohE/syIRGXTiETT2YhEOuCIRKDmiET+7IhE
ZfOIRNP5iEQyAIlEmAaJRP4MiURlE4lE0xmJRDogiUSYJolEBi2JRG0ziUTLOYlEMkCJRKBG
iUT+TIlEbVOJRMtZiUQ6YIlEmGaJRAZtiURlc4lEy3mJRDKAiUSYholE/oyJRG2TiUTTmYlE
MqCJRJimiUT+rIlEbbOJRNO5iUQywIlEoMaJRAbNiURl04lE09mJRDLgiUSY5olEBu2JRGXz
iUTT+YlEMgCKRKwIikS7DYpEbROKRMsZikQyIIpEmCaKRP4sikRtM4pE0zmKRDJAikSYRopE
/kyKRGVTikTLWYpEMmCKRKBmikT+bIpEbXOKRMt5ikQ6gIpEoIaKRP6MikRlk4pEy5mKRDKg
ikSgpopE/qyKRGWzikTTuYpEMsCKRJjGikT+zIpEbdOKRMvZikQ64IpEmOaKRP7sikRt84pE
y/mKRDIAi0SYBotE/gyLRGUTi0TLGYtEMiCLRKAmi0QGLYtEZTOLRMs5i0QyQItEmEaLRAZN
i0RlU4tEy1mLRDJgi0SgZotEBm2LRGVzi0TTeYtEMoCLRJiGi0T+jItEZZOLRMuZi0QyoItE
mKaLRAati0Rls4tEy7mLRDrAi0SYxotE/syLRG3Ti0TT2YtEMuCLRKDmi0T+7ItEZfOLRMv5
i0QyAIxEmAaMRAYNjERlE4xEyxmMRDIgjESYJoxE/iyMRG0zjETLOYxEMkCMRJhGjET+TIxE
bVOMRMtZjEQyYIxEmGaMRAZtjERlc4xEy3mMRDKAjERSiIxEaY2MRG2TjETLmYxEOqCMRJim
jEQGrYxEZbOMRMu5jEQywIxEmMaMRP7MjERl04xEy9mMRDrgjESg5oxE/uyMRGXzjETL+YxE
OgCNRJgGjUQGDY1EbRONRMsZjUQyII1EmCaNRAYtjURlM41EyzmNRDJAjUSYRo1EBk2NRGVT
jUTLWY1EOmCNRJhmjUQGbY1EbXONRMt5jUQygI1EmIaNRP6MjURlk41Ey5mNRDKgjUR5qY1E
iK6NRJ6zjUTLuY1EMsCNRJjGjUT+zI1EbdONRMvZjUQy4I1EmOaNRP7sjURt841Ey/mNRDIA
jkSYBo5E/gyORGUTjkTLGY5EOiCORKAmjkT+LI5EZTOORMs5jkQ6QI5EoEaORAZNjkRlU45E
y1mORDJgjkSgZo5E/myORGVzjkTLeY5EOoCORJiGjkT+jI5EZZOORNOZjkQyoI5EoKaORP6s
jkRls45E07mORDLAjkSgxo5E/syORGXTjkTc2Y5EOuCORKDmjkT+7I5EZfOORMv5jkQ6AI9E
oAaPRP4Mj0RlE49E0xmPRDogj0SgJo9E/iyPRGUzj0TTOY9EMkCPRJhGj0QGTY9EbVOPRNNZ
j0Q6YI9EmGaPRP5sj0Rlc49E03mPRDKAj0Sgho9E/oyPRGWTj0TLmY9EOqCPRKCmj0T+rI9E
bbOPRMu5j0QywI9EmMaPRAbNj0Rl049Ey9mPRDrgj0SY5o9E/uyPRG3zj0TT+Y9EMgCQRKgG
kEQGDZBEZROQRNMZkEQyIJBEmCaQRP4skERtM5BEyzmQRDJAkESYRpBE/kyQRGVTkETLWZBE
MmCQRKBmkET+bJBEbXOQRMt5kEQ6gJBEoIaQRP6MkERtk5BEy5mQRDqgkESYppBE/qyQRGWz
kETTuZBEOsCQRJjGkET+zJBEbdOQRMvZkEQ64JBEoOaQRP7skERl85BE0/mQRDIAkUSYBpFE
Bg2RRGUTkUTLGZFEMiCRRJgmkUT+LJFEZTORRMs5kUQyQJFEmEaRRP5MkURlU5FE01mRRDJg
kUSYZpFE/myRRG1zkUTLeZFEOoCRRDiJkURGjpFEZZORRMuZkUQ6oJFEoKaRRAatkURts5FE
y7mRRDLAkUSgxpFE/syRRGXTkUTL2ZFEMuCRRKDmkUT+7JFEZfORRNP5kUQ6AJJEoAaSRP4M
kkRtE5JEyxmSRDIgkkSYJpJEBi2SRG0zkkTLOZJEMkCSRKBGkkT+TJJEbVOSRNNZkkQ6YJJE
oGaSRAZtkkRlc5JE03mSRDKAkkSghpJE/oySRG2TkkTLmZJEOqCSRJimkkT+rJJEZbOSRMu5
kkQywJJEoMaSRP7MkkRl05JE09mSRDLgkkSY5pJE/uySRGXzkkTL+ZJEOgCTRJgGk0T+DJNE
bROTRMsZk0QyIJNEmCaTRP4sk0RlM5NEyzmTRDpAk0SYRpNEBk2TRG1Tk0TLWZNEMmCTRJhm
k0T+bJNEZXOTRMt5k0Q6gJNEoIaTRP6Mk0Rtk5NE05mTRDKgk0SgppNE/qyTRGWzk0TLuZNE
OsCTRKDGk0T+zJNEbdOTRNPZk0Q64JNEmOaTRP7sk0Rt85NE0/mTRDoAlERjCJREcQ2URG0T
lETLGZREOiCURJgmlEQGLZREZTOURMs5lEQyQJREmEaURAZNlERtU5REy1mURDJglESYZpRE
Bm2URG1zlETTeZREMoCURJiGlEQGjZREZZOURMuZlEQyoJREmKaURAatlERts5REy7mURDrA
lESYxpRE/syURGXTlETL2ZREMuCURKDmlEQG7ZREZfOURMv5lEQyAJVEmAaVRP4MlUR1E5VE
yxmVRDoglUSYJpVEBi2VRGUzlUTLOZVEOkCVRJhGlUT+TJVEZVOVRMtZlUQ6YJVEmGaVRP5s
lURtc5VE3HmVRDKAlUSYhpVE/oyVRGWTlUTLmZVEOqCVRJimlUQGrZVEZbOVRMu5lUQ6wJVE
mMaVRP7MlURt05VEy9mVRDrglUSY5pVEBu2VRGXzlUTL+ZVE</AssayXData><AssayYData Points="900">u3GfQBWyn0CH759A4PufQNwioEARMaBAATKgQIYXoEDiTqBAJ1egQD9GoEADTqBAmmqgQGFF
oEAidaBAvnGgQAp8oECyeaBAAV2gQOOLoEA1XaBACGigQCmNoEDfeqBA0ZugQMWpoEC7oKBA
E3CgQPukoEBVo6BAhbegQHvSoEC/xKBA/JSgQJrfoEDRq6BA2pmgQHfAoEAYsKBAM9SgQAnk
oEDjwqBAW7qgQLLKoEBiAKFAoPCgQEfpoEA5BaFAfu6gQNTzoEB49aBANA6hQGr6oEDKH6FA
WBShQD0doUBqIKFAWgOhQBr4oEBwF6FA4hyhQP3yoEBhEKFAfjShQNQuoUAfS6FAHlShQGQx
oUBaQ6FAcl2hQM4loUAMMaFAgX+hQFxnoUDCU6FAp3ShQIFjoUBzOqFAkUyhQLiOoUAZbqFA
m4ChQOZ3oUCbe6FA0YahQNWKoUC/g6FAL3KhQDmQoUCzmKFArqWhQOC1oUDj06FAkZuhQEbA
oUD+iaFAwbKhQCnYoUB6xKFAx6qhQIngoUBwxaFAoqKhQBOsoUCV5qFAycuhQETDoUBb7KFA
b9ahQGLLoUCBBqJAgx6iQJbloUCO9aFAW/qhQIgGokC+66FAsheiQGH4oUDHCKJAgAKiQJL7
oUAOFqJA1DeiQEUsokCaBqJAMiyiQJM9okCTNKJAUyaiQGJHokBlO6JABVaiQKJFokBVLaJA
fkiiQINnokArQaJAdl6iQDJrokDkcKJAvlaiQLx5okA5ZKJAY22iQDGEokCmX6JAHWSiQMWP
okDeeqJA0HyiQFeKokDLmqJAb2uiQLCJokBQj6JAy5qiQHyQokBEv6JAI5KiQECookB0vaJA
gbKiQO6WokDzxKJAd+GiQB6uokAk4KJAJtGiQAv8okB+xKJAIcWiQFHuokCG3aJAv96iQEDv
okD0BqNA0vCiQIhdo0BX9KJA0w6jQGAUo0CVH6NAgxSjQB5Qo0DV9KJASxujQNAjo0AICqNA
ER6jQNM6o0B0FaNAWVqjQK0io0ALL6NAETSjQEtLo0BZQqNATjajQCZIo0AyOqNACTWjQG45
o0BSfqNA2VujQMpuo0C9faNAw4CjQA5eo0DHPaNAqHijQDBpo0BckqNA2LGjQPZ/o0ANgqNA
a5ejQK2Do0BkpKNA0JajQP2fo0DTrqNAOaKjQAbNo0Cye6NA4MSjQD20o0BCd6NAasWjQCDI
o0AdtqNAi9mjQKDuo0A1z6NAR9+jQI73o0BBs6NAROmjQPbzo0C9GKRAr/OjQETuo0Bh/aNA
u9CjQLIMpECnMqRAB+qjQIhapECwR6RAJ9ejQJI8pECWFKRAbfmjQGT/o0AdKaRA+ROkQE89
pEBsSaRAxEmkQKBFpEDwQKRA4TekQGBWpEAgOKRAh0GkQH9IpED5bKRA0lSkQJ5HpEDdcaRA
+56kQB2EpEB2j6RAq3ykQAtSpEBHgqRA8KKkQO5BpEC9cKRA8rqkQEhipEC1jKRAoaakQCmU
pEARr6RAKJSkQJ6NpEAxtKRAfb6kQPO3pED826RAQZmkQB3IpEAZtqRAir6kQBv7pEBly6RA
49mkQNrnpEDSyqRAUOGkQKn9pEBwBqVAm8GkQE35pECVFaVAdtWkQG4OpUCI5KRAmgylQPj7
pEB8F6VAlfykQMIhpUBxN6VA+AmlQL7/pEDZLqVAURilQNclpUCPJ6VAZ1SlQPYspUDdNaVA
gx+lQIAapUBRT6VAxUulQNQ9pUBKP6VAVEalQGVipUCgaKVAsXGlQH1opUDtSqVA2n2lQO14
pUCdbqVAs3ClQBF/pUCPgqVAZW2lQIeYpUDykaVA+pWlQICVpUA0caVAuH2lQBi1pUBLqaVA
n9ClQOalpUBBl6VALo6lQMqlpUDovaVAWbulQOfRpUAJy6VAermlQDHJpUCf6aVAicqlQFbV
pUDIAqZAytqlQPDNpUBF0aVAOumlQFbjpUCK5aVAmgimQNAXpkD/K6ZAEfilQI4DpkDt6KVA
vA+mQFsNpkAm6aVAYiOmQPgMpkD5HKZAjiCmQHISpkC5HaZAqTKmQGhSpkDuPaZA/DWmQDVM
pkB3NaZAvyWmQKpopkAUJqZAWF6mQLldpkCCb6ZA5kamQER1pkCFaKZAbU+mQDd5pkDTR6ZA
Xk+mQKt1pkCqjKZAlmSmQBhwpkDUh6ZA4nSmQD+ppkBErKZAqJmmQOWepkCwtaZAnYWmQNG5
pkA5kaZAubqmQCqnpkD6lqZAVremQCyvpkBljKZA9OSmQDekpkBJxaZAUc2mQEm8pkCI2KZA
BcSmQDnwpkB1y6ZA486mQCXmpkAkq6ZAj9amQGTupkDJ4aZAqx6nQKnqpkBw36ZAYACnQPsH
p0C4CKdAaQ2nQEorp0CwE6dAuAOnQLsjp0CpKKdAIvGmQA0yp0A37qZAcCynQCUep0DEOadA
WCCnQPRRp0BSIqdADj6nQPQZp0CQi6dA6kGnQA9Qp0BgSqdAt0anQJVZp0CJQadAKVmnQLVT
p0Akb6dAKHynQCxcp0DtV6dAXHynQOBvp0ByX6dAYIOnQBB/p0D5j6dAfbCnQLqEp0Dgm6dA
fa2nQIGhp0C8f6dAP4KnQMKLp0ACkKdAB6WnQJnRp0DOiqdA4cqnQN+lp0D0madAnNKnQDDT
p0BwwKdAos2nQM3Fp0AnyqdAeM6nQNCzp0CX16dASdynQJAHqECUv6dA1bqnQCHMp0BY/qdA
5PSnQP71p0C306dA1PmnQHoEqEDW7qdANf2nQIn5p0AKFahA8ASoQOcRqEAO+qdA9AaoQF/0
p0AZGqhAMSWoQJ4rqEC8LqhA2y2oQO8HqEA/QahAE1ioQN4tqEA0DqhALluoQGIQqEACI6hA
1BOoQAU1qEDDU6hAJFmoQJ9hqEBvXKhAjzmoQKFUqEBNQKhAaUqoQKN/qEB5fahABEKoQKZu
qEBeaahAr2KoQLmPqEBAcahAvnWoQBiqqEAbiKhAGoOoQKOJqEAkkKhAmIqoQJqXqEBMo6hA
7qqoQJ+jqEB0tKhAmqKoQESXqECssqhA3rWoQBKzqECu16hAMLKoQDauqECwxKhAg7aoQGyM
qEBsqahAmc2oQLLkqECF1KhA2taoQH/1qEBGvqhAe+qoQAbSqEB8sahAJwepQHDpqEB4x6hA
6O2oQAEYqUAO86hAJOCoQP8gqUDY/qhApw2pQLMGqUDu0ahA2SGpQNsdqUB2B6lA+yKpQBEj
qUDqPKlANDypQCwnqUAbVKlARiCpQHBNqUCYCKlAcEqpQIovqUBmaqlANjqpQDdBqUA/NalA
JSWpQBM7qUARUqlAKSipQEJMqUArRqlAFWmpQCVvqUBVTalAj2ipQC5oqUCkbalARm2pQBZX
qUDPPalAvYqpQPaBqUCmg6lAB5ipQK+aqUDNn6lAz4apQPtiqUBej6lAGaupQD+hqUAiualA
bKSpQPC/qUDjralAdoepQDDDqUAhnalA5Z+pQK3aqUChwKlAbcmpQGPNqUAn2KlA7aSpQFnO
qUC0xalA3c+pQM7YqUCL4KlASL6pQIG7qUDD6qlASbupQGX1qUCG/alABuWpQGkBqkBCAKpA
iP6pQDrhqUC7EKpAAOapQBEGqkCyJqpAew+qQIAWqkCaIqpAbAuqQJoRqkCe8KlAEAmqQH0j
qkBuBKpALjuqQDkZqkDiQqpA/DSqQIYxqkDFH6pA1U+qQAc1qkCFN6pANl+qQOosqkAVM6pA
k1eqQB4/qkB/Q6pAFlGqQMBNqkCIRapAVSSqQNJyqkCkVqpA0DCqQJ5yqkARUapAFlmqQH1+
qkBPXKpALlmqQIlxqkCcf6pAzImqQBS0qkAoaqpAxV2qQBKFqkAUkapAU5GqQC17qkBXiapA
U4KqQB6KqkAOrKpAOIWqQCqoqkASr6pA2aCqQNSnqkDatKpAqL2qQIufqkAVmKpAmqeqQJbc
qkDRwKpActaqQEmtqkBTpqpAncmqQHTJqkAIzqpAn7CqQMXLqkDP7apA4NmqQKbvqkCQwqpA
K9WqQO8Yq0Dd3qpAS+GqQA3eqkD3uqpAoeuqQGH4qkCt8KpAYtaqQDkRq0DVu6pA/f6qQN7s
qkAfCqtAfzOrQFbwqkDwIKtAehqrQJPpqkD+IatAmw+rQBwBq0B3QqtA8CmrQJw8q0CnSatA
/yyrQPEdq0ALOKtAWVOrQMUYq0D2PKtAKhurQE4dq0BJRKtAxlqrQCVUq0BJK6tAzlirQGpq
q0AZTKtAr1urQFuJq0DUR6tAHGKrQMNmq0CKPKtAO3mrQGmQq0CJgqtAGlmrQACEq0DRbatA
93SrQLW4q0BRnqtApH+rQB2sq0BnbatAHn2rQOqGq0BZoqtAn4irQA5+q0DgvqtAFZyrQGeN
q0AorqtA78arQP+Uq0BG36tA8Y+rQNSFq0DXk6tAoqCrQC+Xq0C1pqtAh6CrQBi/q0ADxKtA
a8qrQH6sq0DhzatAVL+rQO6gq0DdqatADcGrQBC6q0Ce1KtAr9GrQN7Uq0BK3atAzNGrQIrq
q0BX36tA6OGrQG78q0Bu1atAG/CrQDcerEDk16tAZxSsQIfoq0AJFaxAfPCrQFL6q0Dp8atA
kwisQG0XrECt/qtAvyusQAQHrEDUPaxAIxesQHY/rEAJQKxAETysQNYwrECCNaxASPSrQBZK
rECMGqxAIimsQK07rEBcM6xAW1esQPsyrEDIJ6xAITesQIczrEDFRaxAiUysQBNArEAUMKxA
jlmsQEBNrEDZb6xAqFesQGlHrEBCVKxAJ4qsQDBRrEBOaaxA</AssayYData></Step><Step><CommonData><SampleLocation>3</SampleLocation><SampleID>Octet Buffer</SampleID><SampleGroup></SampleGroup><SampleInfo></SampleInfo><SampleRow>I</SampleRow><SamplePlate>1</SamplePlate><WellType>BUFFER</WellType><Concentration>-1</Concentration><ConcentrationUnits>µg/ml</ConcentrationUnits><MolarConcentration>-1</MolarConcentration><MolarConcUnits>nM</MolarConcUnits><MolecularWeight>0</MolecularWeight><Temperature>30</Temperature><StartTime>1412761</StartTime><AssayTime>300</AssayTime></CommonData><FlowRate>1000</FlowRate><StepType>DISASSOC</StepType><StepName>Dissociation</StepName><StepStatus>OK</StepStatus><ActualTime>300</ActualTime><CycleTime>0.2</CycleTime><AssayXData Points="1500">MQCWRJcGlkT+DJZEbBOWRMsZlkQ5IJZEoCaWRAYtlkRkM5ZEyzmWRDFAlkSXRpZE/kyWRGxT
lkTLWZZEMWCWRJdmlkT+bJZEZHOWRMt5lkQ5gJZEl4aWRP6MlkRsk5ZE05mWRDmglkSXppZE
Bq2WRGSzlkTTuZZEOcCWRJfGlkT+zJZEZNOWRNPZlkQx4JZEl+aWRP7slkRs85ZEy/mWRDEA
l0SXBpdEBg2XRGQTl0TLGZdEMSCXRJcml0QGLZdEZDOXRMs5l0QxQJdEoEaXRP5Ml0RkU5dE
y1mXRDFgl0SgZpdE/myXRGRzl0TTeZdEMYCXRKCGl0T+jJdEZJOXRMuZl0QxoJdEoKaXRP6s
l0Rss5dEy7mXRDnAl0SXxpdE/syXRGTTl0TL2ZdEMeCXRJfml0T+7JdEbPOXRAj8l0QfAZhE
lwaYRAYNmERsE5hEyxmYRDEgmESXJphE/iyYRGQzmETLOZhEOUCYRJdGmEQGTZhEbFOYRMtZ
mEQxYJhEoGaYRP5smERsc5hE03mYRDGAmESXhphE/oyYRGSTmETTmZhEMaCYRJemmET+rJhE
ZLOYRNO5mEQxwJhEoMaYRP7MmERk05hEy9mYRDngmESX5phE/uyYRGTzmETT+ZhEOQCZRJcG
mUT+DJlEZBOZRNMZmUQ5IJlEoCaZRP4smURkM5lEyzmZRDlAmUSgRplEDk2ZRGRTmUTTWZlE
MWCZRJdmmUT+bJlEZHOZRMt5mUQ5gJlEl4aZRAaNmURkk5lE05mZRDmgmUSXpplE/qyZRGyz
mUTLuZlEMcCZRKDGmUT+zJlEZNOZRNPZmUQx4JlEl+aZRP7smURk85lEy/mZRDEAmkSXBppE
/gyaRGQTmkTLGZpEOSCaRJcmmkQGLZpEZDOaRMs5mkQ5QJpEl0aaRP5MmkRkU5pEy1maRDlg
mkSXZppEBm2aRGRzmkQre5pEOYCaRJeGmkT+jJpEZJOaRNOZmkQxoJpEoKaaRP6smkRks5pE
07maRDnAmkSXxppE/syaRGTTmkTT2ZpEOeCaRKDmmkT+7JpEZPOaRNP5mkQ5AJtEoAabRP4M
m0RsE5tEyxmbRDEgm0SXJptEBi2bRGQzm0TLOZtEMUCbRJdGm0QGTZtEbFObRMtZm0QxYJtE
oGabRP5sm0Rkc5tE03mbRDmAm0SghptE/oybRGSTm0TLmZtEMaCbRKCmm0T+rJtEZLObRMu5
m0QxwJtEl8abRAbNm0Rs05tEy9mbRDHgm0Sg5ptEBu2bRGTzm0TL+ZtEOQCcRJcGnEQGDZxE
ZBOcRMsZnEQxIJxEoCacRP4snERkM5xEyzmcRDFAnESXRpxE/kycRGxTnETTWZxEOWCcRKBm
nET+bJxEbHOcRMt5nEQxgJxEl4acRP6MnERsk5xEy5mcRDmgnESgppxEBq2cRGSznETLuZxE
OcCcRJfGnET+zJxEZNOcRMvZnEQx4JxEoOacRP7snERs85xE5/ucRP4AnUSgBp1EBg2dRGwT
nUTTGZ1EMSCdRKAmnUT+LJ1EZDOdRMs5nUQ5QJ1El0adRP5MnURkU51Ey1mdRDlgnUSgZp1E
/mydRGRznUTLeZ1EOYCdRKCGnUQGjZ1EZJOdRMuZnUQ5oJ1EoKadRP6snURks51Ey7mdRDHA
nUSXxp1EBs2dRGTTnUTL2Z1EOeCdRJfmnUT+7J1EZPOdRMv5nUQ5AJ5ElwaeRP4MnkRsE55E
0xmeRDEgnkSXJp5E/iyeRGwznkTLOZ5EMUCeRKBGnkQGTZ5EbFOeRMtZnkQ5YJ5EoGaeRP5s
nkRkc55E03meRDGAnkSXhp5E/oyeRGyTnkTTmZ5EOaCeRJemnkT+rJ5EbLOeRMu5nkQ5wJ5E
l8aeRP7MnkRk055Ey9meRDHgnkSg5p5EBu2eRGzznkTT+Z5EMQCfRKAGn0QGDZ9EZBOfRMsZ
n0QxIJ9ElyafRAYtn0RsM59EyzmfRDFAn0SXRp9E/kyfRGxTn0TLWZ9EMWCfRJdmn0QGbZ9E
ZHOfRBB8n0QfgZ9El4afRAaNn0Rkk59Ey5mfRDmgn0SXpp9E/qyfRGSzn0TTuZ9EOcCfRJfG
n0QGzZ9EbNOfRNPZn0Qx4J9El+afRP7sn0Rk859Ey/mfRDkAoESXBqBE/gygRGQToETTGaBE
MSCgRJcmoET+LKBEZDOgRMs5oEQxQKBEoEagRAZNoERkU6BEy1mgRDFgoESgZqBEBm2gRGRz
oETTeaBEMYCgRJeGoET+jKBEZJOgRMuZoEQ5oKBEoKagRAatoERss6BE07mgRDHAoESXxqBE
Bs2gRGTToETT2aBEMeCgRKDmoET+7KBEZPOgRMv5oEQxAKFEoAahRAYNoURkE6FEyxmhRDEg
oUSgJqFEBi2hRGwzoUTLOaFEMUChRJdGoUQGTaFEZFOhRMtZoUQxYKFEoGahRP5soURsc6FE
y3mhRDmAoUSXhqFE/oyhRGyToUTLmaFEMaChRJemoUT+rKFEZLOhRMu5oUQxwKFEl8ahRAbN
oURk06FEy9mhRDngoUSg5qFE/uyhRGzzoUS++6FEzQCiRKAGokT+DKJEZBOiRMsZokQxIKJE
lyaiRAYtokRsM6JEyzmiRDFAokSgRqJE/kyiRGxTokTLWaJEMWCiRJdmokT+bKJEbHOiRNN5
okQxgKJEl4aiRP6MokRsk6JEy5miRDGgokSgpqJE/qyiRGSzokTTuaJEOcCiRJfGokT+zKJE
ZNOiRMvZokQx4KJEl+aiRAbtokRk86JEy/miRDEAo0SXBqNE/gyjRGQTo0TTGaNEMSCjRJcm
o0T+LKNEZDOjRMs5o0QxQKNEl0ajRP5Mo0RkU6NEy1mjRDFgo0SgZqNEBm2jRGRzo0TTeaNE
MYCjRJeGo0T+jKNEbJOjRMuZo0QxoKNEoKajRP6so0Rks6NE07mjRDHAo0SXxqNE/syjRGTT
o0TL2aNEOeCjRKDmo0T+7KNEbPOjRNP5o0Q5AKRElwakRAYNpERkE6RE0xmkROEipETvJ6RE
Bi2kRGwzpETLOaREMUCkRJdGpET+TKREZFOkRMtZpEQxYKREl2akRAZtpERkc6REbHukRHuA
pESghqRE/oykRGyTpETTmaREMaCkRKCmpEQGraREbLOkRNO5pEQxwKREoMakRP7MpERs06RE
y9mkRDHgpESg5qRE/uykRGzzpETL+aREOQClRJcGpUT+DKVEZBOlRMsZpUQxIKVElyalRP4s
pURkM6VEyzmlRDFApUSXRqVE/kylRGRTpUTTWaVEMWClRKBmpUT+bKVEZHOlRMt5pUQxgKVE
l4alRAaNpURkk6VE05mlRDGgpUSXpqVE/qylRGSzpUTLuaVEMcClRJfGpUQGzaVEZNOlRNPZ
pUQ54KVEl+alRP7spURk86VE0/mlRDEApkSXBqZE/gymRGQTpkTLGaZEMSCmRKAmpkT+LKZE
ZDOmRMs5pkQ5QKZEoEamRAZNpkRkU6ZE01mmRDFgpkSXZqZE/mymRGxzpkTTeaZEOYCmRJeG
pkT+jKZEZJOmRMuZpkQxoKZEl6amRP6spkRks6ZEy7mmRDHApkSgxqZE/symRGTTpkTL2aZE
MeCmRJfmpkT+7KZEZPOmRLb7pkS8AKdEoAanRAYNp0RkE6dE0xmnRDEgp0SXJqdE/iynRGQz
p0TLOadEOUCnRJdGp0T+TKdEZFOnRNNZp0QxYKdEl2anRP5sp0Rkc6dE03mnRDmAp0SghqdE
/oynRGSTp0TTmadEMaCnRJemp0T+rKdEbLOnRMu5p0QxwKdEoManRAbNp0Rs06dEy9mnRDHg
p0SX5qdEBu2nRGTzp0TT+adEMQCoRJcGqET+DKhEZBOoRMsZqEQ5IKhElyaoRP4sqERkM6hE
0zmoRDFAqESXRqhEBk2oRHVTqETTWahEOWCoRJdmqET+bKhEZHOoRNN5qEQxgKhEl4aoRP6M
qERkk6hEy5moRDmgqESgpqhE/qyoRGyzqETLuahEMcCoRJfGqET+zKhEZNOoRMvZqEQx4KhE
l+aoRP7sqERk86hEy/moRDEAqUSXBqlE/gypRGQTqUTTGalEOSCpRJcmqUQGLalEbDOpRMs5
qUQxQKlEl0apRAZNqURkU6lE01mpRDFgqUSXZqlE/mypRGxzqURce6lEaoCpRKCGqUT+jKlE
ZJOpRMuZqUQ5oKlEl6apRAatqURks6lEy7mpRDHAqUSXxqlEBs2pRGTTqUTL2alEMeCpRJfm
qUQG7alEZPOpRMv5qUQxAKpElwaqRP4MqkRkE6pE0xmqRDkgqkSXJqpE/iyqRGQzqkTTOapE
MUCqRKBGqkQGTapEbFOqRNNZqkQxYKpEl2aqRP5sqkRsc6pE03mqRDGAqkSghqpE/oyqRGST
qkTLmapEMaCqRJemqkT+rKpEZLOqRMu5qkQxwKpEoMaqRP7MqkRk06pE09mqRDHgqkSX5qpE
/uyqRGTzqkTL+apEOQCrRJcGq0T+DKtEZBOrRNMZq0QxIKtElyarRP4sq0RsM6tE0zmrRDlA
q0SgRqtEBk2rRGxTq0TTWatEMWCrRKBmq0QGbatEZHOrRMt5q0QxgKtEl4arRP6Mq0Rsk6tE
y5mrRDmgq0QQqKtEH62rRGyzq0TLuatEMcCrRJfGq0QGzatEZNOrRMvZq0Q54KtEl+arRP7s
q0Rk86tE+vqrRDkArESXBqxE/gysRGwTrETTGaxEMSCsRJcmrET+LKxEbDOsRMs5rEQ5QKxE
l0asRP5MrERsU6xEy1msRDlgrESgZqxEBm2sRGRzrETLeaxEOYCsRJeGrET+jKxEZJOsRMuZ
rEQxoKxEl6asRP6srERks6xE07msRDHArESXxqxE/sysRGzTrETL2axEOeCsRJfmrEQG7axE
bPOsRMv5rEQxAK1ElwatRP4MrURkE61E0xmtRDEgrUSgJq1E/iytRGQzrUTTOa1EMUCtRJdG
rUT+TK1EbFOtRMtZrUQ5YK1El2atRP5srURkc61Ey3mtRDGArUSXhq1EBo2tRGSTrUTLma1E
OaCtRJemrUT+rK1EZLOtRMu5rUQxwK1EoMatRP7MrURs061E09mtRDHgrUSX5q1EBu2tRGTz
rUTT+a1EMQCuRJcGrkT+DK5EZBOuRMsZrkQxIK5ElyauRP4srkRkM65EyzmuRDFArkSXRq5E
/kyuRGRTrkTTWa5EMWCuRKBmrkT+bK5EZHOuRK57rkS8gK5EoIauRP6MrkRkk65Ey5muRDmg
rkSgpq5E/qyuRGyzrkTLua5EMcCuRJfGrkQGza5EbNOuRMvZrkQx4K5EoOauRP7srkRk865E
y/muRDEAr0SXBq9E/gyvRGwTr0TTGa9EMSCvRKAmr0T+LK9EZDOvRNM5r0Q5QK9El0avRAZN
r0RkU69Ey1mvREFgr0SXZq9E/myvRGRzr0TLea9EOYCvRJeGr0QGja9EbJOvRNOZr0QxoK9E
l6avRAatr0Rks69Ey7mvRDHAr0SXxq9EBs2vRGzTr0TT2a9EMeCvRKDmr0QG7a9EZPOvRNP5
r0QxALBElwawRP4MsERkE7BEyxmwREEgsESXJrBEBi2wRGQzsETLObBEMUCwRJdGsET+TLBE
ZFOwRNNZsEQxYLBEl2awRP5ssERsc7BEy3mwRDGAsESXhrBE/oywRGSTsETTmbBEMaCwRJem
sEQGrbBEZLOwRNO5sEQxwLBEl8awRAbNsERs07BE09mwRDHgsESg5rBEBu2wRGTzsETf+7BE
7QCxRJcGsUT+DLFEZBOxRMsZsUQxILFElyaxRA4tsUR1M7FEyzmxRDFAsUSgRrFEBk2xRGxT
sUTLWbFEOWCxRJdmsUT+bLFEZHOxRMt5sUQxgLFEl4axRP6MsURsk7FE05mxRDmgsUSgprFE
/qyxRGSzsUTLubFEMcCxRJfGsUQGzbFEbNOxRMvZsUQ54LFEoOaxRAbtsURk87FEy/mxRDEA
skSXBrJE/gyyRGQTskTLGbJEOSCyRJcmskT+LLJEZDOyRMs5skQxQLJEl0ayRP5MskRkU7JE
01myRDlgskSXZrJE/myyRGRzskTLebJEMYCyRJeGskQGjbJEZJOyRNOZskQ5oLJEl6ayRP6s
skRss7JE07myRDnAskSgxrJE/syyRGTTskTL2bJEMeCyRJfmskQG7bJEbPOyRMv5skQ5ALNE
lwazRP4Ms0RsE7NE0xmzRDEgs0SXJrNEwi2zRGwzs0TLObNEOUCzRJdGs0T+TLNEZFOzRMtZ
s0Q5YLNEl2azRAZts0Rsc7NEhXuzRJyAs0SXhrNEBo2zRGSTs0TTmbNEMaCzRJems0T+rLNE
ZLOzRMu5s0Q5wLNEl8azRP7Ms0Rs07NEy9mzRDngs0SX5rNEBu2zRGTzs0TL+bNEMQC0RJcG
tET+DLREZBO0RNMZtEQxILREoCa0RP4stERkM7REyzm0RDFAtESXRrRE/ky0RGRTtETTWbRE
OWC0RJdmtEQGbbREbHO0RNN5tEQ5gLREoIa0RP6MtERkk7REy5m0RDGgtESgprREBq20RGSz
tETLubREOcC0RKDGtEQGzbREZNO0RMvZtEQx4LREl+a0RP7stERs87REy/m0RDEAtUSgBrVE
/gy1RGQTtUTTGbVEMSC1RKAmtUQGLbVEZDO1RNM5tUQxQLVEl0a1RAZNtURkU7VEy1m1REFg
tUSXZrVE/my1RGRztUTLebVEOYC1RKCGtUT+jLVEZJO1RNOZtUQxoLVEoKa1RP6stURks7VE
y7m1RDHAtUSgxrVEBs21RGzTtUTT2bVEMeC1RJfmtUT+7LVEZPO1RDn8tURQAbZEoAa2RAYN
tkRkE7ZEyhm2RDEgtkSYJrZEBi22RGQztkTKObZEOUC2RJhGtkT+TLZEbFO2RMpZtkQxYLZE
mGa2RP5stkRkc7ZEynm2RDmAtkSYhrZEBo22RGyTtkTTmbZEOaC2RKCmtkT+rLZEZLO2RNO5
tkQ5wLZEmMa2RP7MtkRk07ZE09m2RELgtkSg5rZE/uy2RGTztkTK+bZEOQC3RJgGt0T+DLdE
ZBO3RNMZt0Q5ILdEmCa3RP4st0RsM7dEyjm3RDFAt0SYRrdEBk23RGRTt0TTWbdEOWC3RKBm
t0QGbbdEZHO3RNN5t0Q5gLdEmIa3RP6Mt0Rsk7dEypm3RDGgt0SYprdE/qy3RGyzt0TTubdE
McC3RJjGt0T+zLdEbNO3RNPZt0Qx4LdEmOa3RP7st0Rs87dEyvm3RDEAuESYBrhE/gy4RGQT
uETKGbhEOSC4RKAmuEQGLbhEbDO4RNM5uEQxQLhEmEa4RP5MuERkU7hEylm4RDFguESYZrhE
/my4RGRzuETne7hE9oC4RJiGuEQGjbhEZJO4RMqZuEQxoLhEmKa4RP6suERss7hEyrm4RDHA
uESYxrhE/sy4RGzTuETK2bhEMeC4RJjmuET+7LhEZPO4RMr5uEQ5ALlEmAa5RP4MuURsE7lE
0xm5RDkguUSYJrlE/iy5RGwzuUTTOblEOUC5RKBGuUQGTblEbFO5RMpZuUQ5YLlEmGa5RP5s
uURsc7lE03m5RDmAuUSYhrlE/oy5RGyTuUTKmblEMaC5RJimuUT+rLlEZLO5RNO5uUQ5wLlE
oMa5RAbNuURs07lE09m5RDnguUSg5rlE/uy5RGTzuUTK+blEMQC6RJgGukQGDbpEbBO6RMoZ
ukQxILpEmCa6RAYtukRkM7pEyjm6RDFAukSYRrpEBk26RGRTukTTWbpEMWC6RJhmukT+bLpE
ZHO6RMp5ukQxgLpEoIa6RP6MukRsk7pE05m6RDGgukSYprpE/qy6RHK0ukTKubpEOcC6RJjG
ukT+zLpEbNO6RMrZukQ54LpEmOa6RP7sukRk87pElfu6RKQAu0SgBrtE/gy7RGQTu0TKGbtE
MSC7RKAmu0T+LLtEbDO7RMo5u0Q5QLtEmEa7RP5Mu0RkU7tEylm7RDFgu0SYZrtEBm27RGRz
u0TKebtE</AssayXData><AssayYData Points="1500">riSsQHU5rECGbaxAy1GsQA9RrED2ZaxAlHisQOdKrEBgiKxAvICsQERlrECgeKxAgKusQEmc
rEDBdKxARqSsQGaCrEB+W6xAvpSsQIdurEDgv6xAX6ysQCCNrEAMjaxAcKmsQK+UrEASeKxA
aX2sQM9+rEBufKxAlYKsQBSRrECgfKxAnYKsQN+hrEAUnaxAjYysQO+frEDGkqxADJSsQISd
rECOqaxAzm+sQB2UrEDsn6xA+L+sQPp1rEAvfaxA/XesQEiWrEAdr6xAJICsQAewrEAXfKxA
25+sQK6jrECYm6xAab+sQPaRrEAqiaxAlLesQM+1rEDLp6xAac2sQJeIrEBFtqxAesKsQJiW
rEBppaxAq5asQOeirECVkaxAQp+sQIOarEAYmaxAFo2sQM2WrEDeaaxAyYCsQI6nrEBEpaxA
UYKsQGXCrECIb6xAM8msQC6/rECEgaxAg8esQAO1rECSt6xA26qsQP+zrECcqaxA+KOsQI65
rEBVrqxAqZqsQJCarEBDtaxAgZqsQEmcrEALpqxAh5+sQM2erEBttqxAXOSsQGi6rECIrKxA
vuCsQO7ArECAu6xADqysQN6LrEDZyqxAb6+sQHugrECJx6xA/K+sQCqQrEDrsaxA2eGsQOae
rECfwqxAarmsQFSlrEA3qaxAuOesQNW0rECH0axA6aWsQGCjrEDvx6xAnaisQKS1rECJnqxA
D8KsQDjVrEBX46xA0a+sQNjHrECnuaxAVqusQInXrECnv6xAId2sQPnWrECuxaxAabesQLTi
rEBNwaxA6risQMWtrEAQ7qxAY9+sQNuarEBb0KxADsSsQDDCrEBLvKxAN+isQEudrEBvyqxA
OaCsQAvkrED2tqxAROesQEK3rEBqz6xALdWsQHuXrEDC86xAEe+sQMLErED6w6xAPAmtQD/a
rECK7axAB9qsQObMrEABzKxAGuSsQG79rECm16xAMfCsQGjyrEA57KxAPd2sQPTdrECDzaxA
V/2sQL8HrUBay6xA9fysQC/lrED266xAVLWsQKHprECU+axACrOsQALjrECW5axA59esQFbX
rEAT+KxAp82sQA7qrEAV7axACsasQIL9rEB62KxAvsOsQPHJrECi8qxAyuCsQA3grEB8Jq1A
ZRatQLMErUDt0axAT/CsQFDYrEB/1axAJ/CsQOAFrUD8A61A+vmsQLbJrEAtr6xAEwOtQGvb
rEDy76xADfKsQIcErUAg8qxAjfisQL0QrUDCAa1A7fWsQFn3rEBUzqxA+QmtQM/orEAgE61A
TPqsQKntrEDtEK1AOd6sQOTwrEBM/KxAaQ+tQPDlrED9B61AC9ysQL8HrUCl5KxAdRStQKPy
rEAZH61ANeWsQHzfrEAA/6xAEdOsQDjgrED7GK1APPusQKnFrECGDK1AiQytQMkBrUC//KxA
qe6sQM4HrUCGCK1ABxitQNHxrECf66xAP/usQGn6rEBA5qxAbBKtQHcBrUDrBK1AuvqsQK4S
rUChAq1AxQytQB8crUB9JK1A0RatQFIprUD0Dq1AqemsQGQorUBZC61AnxKtQH0drUBp7KxA
tBmtQCEFrUDQKK1A+vOsQLj2rEBnH61AqPKsQF/9rECELa1As+6sQP8PrUAyL61A0gStQFr9
rEAX/axA0w+tQFUCrUAcH61A+NasQA4IrUDAKK1ASjqtQMPmrECG/qxAGDOtQK8BrUDBN61A
shOtQOcXrUAGGq1AoRutQMT6rEBq/qxAACKtQAQUrUAe66xA9zKtQJEfrUB9EK1Anv+sQOT7
rEDuC61AHBGtQCsHrUBuCq1AMRCtQPtHrUDH/qxAagitQPEarUDlD61Aqh6tQG4MrUDn+6xA
EvCsQDQ6rUDGIq1AGSqtQFgJrUA9HK1AqRutQLxMrUDvK61AZy+tQGT+rEAhDa1AwxatQE8P
rUCOMa1A4iStQOUPrUArBa1AEgutQKj0rEA+Bq1ATzCtQAIqrUDCMa1AI1etQFkorUCGD61A
yhCtQI0YrUAzGq1AUAqtQPhCrUAIMa1AfjCtQD0TrUDEO61ALCqtQDoRrUC7Pa1AZxutQCwt
rUCzLq1AXQOtQNANrUC5OK1AbwatQC0drUCrCq1AkRqtQGIQrUBOKa1ACwetQO9RrUAxOa1A
YwmtQNsRrUBOU61AIRKtQMc3rUDPGa1AbSGtQGQnrUDJOq1AdgytQA4arUDfGK1AuhatQJgQ
rUDHPK1AkFatQLNErUD8JK1AsGWtQBv0rEBTRq1AjjStQMANrUCWDq1AzB6tQPE9rUBOA61A
UyutQAIyrUBnGa1AbSKtQPggrUALPa1AAUitQMFYrUCzA61ALymtQA82rUBIGK1A1fWsQAQq
rUApGq1AUiytQFYNrUAaH61AfS2tQGJJrUBjSa1AVxetQEcnrUBqO61AJlWtQFI9rUCaH61A
n0KtQD9SrUAjS61AzjutQPIwrUBrMK1ArTutQE4orUDQQ61A2y+tQGIgrUDgRa1A5EKtQJhC
rUCXIa1A6jGtQDozrUBPS61AL0GtQLsIrUASM61A9CetQFsWrUDnPa1ACFKtQNQ8rUAhLK1A
7j2tQIZZrUCkFa1ASV2tQHQBrUAhNa1A+zGtQCU6rUC5Rq1AHDmtQAk5rUDySa1AwlGtQCtK
rUAHU61AkUKtQDxOrUCkJq1ASTmtQC9GrUAPXK1Ab1itQH1NrUCxP61A+UitQHcnrUA4ba1A
2D+tQIhUrUBxZa1ANU2tQDVArUA4V61Aw0etQI1rrUDaQa1AAEOtQLc2rUBOR61AOEStQEVH
rUD6O61A6jCtQMAarUDzKq1AWE2tQHtPrUBCYK1AfFWtQOExrUCyFa1ApFetQOlhrUAZJ61A
TxytQKEhrUD7Zq1AMEStQDMsrUCsSq1AuzatQGNkrUBWMK1AMWOtQOA/rUAGOq1AezOtQPZh
rUCwQq1ADjatQJBPrUDAUa1AnEOtQBRIrUApUq1ASSCtQN9YrUAHY61AEGOtQCoorUCAK61A
fEetQO5FrUAEPK1AY0KtQKo7rUBuEq1AtzqtQF5QrUDyTq1ANFKtQKgfrUDBIK1AVkCtQKwh
rUB5Ja1AfWGtQIo3rUBHWq1A0WCtQO1JrUDqM61A3FGtQBc8rUDsSq1A912tQNxIrUBvZK1A
eV6tQLAxrUBtb61AsTmtQHVqrUBmLK1AhXetQKxUrUCYN61AemmtQE1YrUBrbq1A6mGtQFhK
rUBTZK1ArVCtQKFTrUBoV61A9katQPhQrUCOUq1AaUetQB+CrUALRq1AF2CtQBYwrUAshq1A
mkqtQOJGrUD2ea1APEytQKZprUABaK1Ad1utQJZCrUACSq1AaFCtQOdkrUAMYK1A72KtQM1W
rUCaNK1AGDutQPVXrUDMM61A2lCtQGZGrUDXRK1AdnGtQMJkrUCRSK1Adm2tQDtMrUD+TK1A
OCmtQGpYrUD4Xq1ACyetQIx1rUA/V61AyiCtQHdUrUBDQ61A61qtQJxTrUCHNK1ARCitQFBO
rUANU61AJ1StQBFprUD9YK1AeFKtQMQqrUCvXa1A2W+tQHB8rUDgaK1AlECtQMJprUA/aK1A
q1CtQDpvrUAXZK1AiEetQG1NrUAUVa1AGl2tQJ0zrUAJSa1AVmStQDhfrUBeWa1AmlitQIyK
rUCAWa1AIJStQLFMrUA5UK1A20atQElprUDmTa1APletQBlurUDqdK1AnmOtQNVbrUCJKK1A
tz+tQD6FrUBLaq1ADkmtQO5+rUCkZq1Aq2etQKd3rUAIaa1AhE+tQI9DrUDbaa1AiUStQDtB
rUDYda1ANVatQCc+rUBzhK1AJ2atQMZ7rUCYWa1AU0OtQA12rUCRS61AsjatQI5frUAySa1A
y2KtQG9frUAoUa1AEJGtQPFbrUCCX61A2V+tQIV3rUBQX61Az0StQCVCrUDaUa1AWXmtQHhy
rUDCZa1ARWqtQGGJrUBAR61AAnCtQBZvrUBVZK1ANGqtQNSJrUClfK1As4atQCyDrUACNq1A
lpCtQA9mrUAXXa1AlVqtQOBwrUDrfa1AWFmtQPSIrUArQq1AWkStQGNMrUBZdK1AdWGtQO5x
rUCZaq1ADoitQBpZrUBvaK1AJlqtQC1GrUAyU61A2m+tQP97rUDoWa1A7WStQHRWrUDBVa1A
KWGtQCtxrUDNTq1AtoOtQAV4rUB2Uq1A80ytQFJ2rUBda61AkXqtQJlmrUAic61ATmOtQGts
rUAmaq1Aq06tQCc+rUBSUq1AaXatQINsrUC2RK1AfGetQOFxrUC9V61AOGGtQIBVrUDra61A
rVGtQI9srUCfhq1A5kKtQAdYrUCuYK1A52itQNBdrUCida1AKpKtQGhWrUCySa1AAnGtQAJg
rUALcK1AsXqtQAhbrUDpdK1AUW+tQPRRrUDCcq1A+2+tQEZTrUAWc61AdGWtQBpkrUDZeK1A
+GitQEZerUDica1A6netQCd0rUBkcK1AiXitQB51rUABZa1APXGtQKirrUDMSa1AxHytQF6O
rUB/Sa1Arm6tQFl6rUDBUq1AL2+tQM6HrUCXWK1AJ46tQKhbrUCcZK1Ac0qtQN2JrUBtWq1A
FXGtQCtprUAVlK1AeG6tQFxirUBzd61AlGKtQJRQrUDMf61A7m+tQPBdrUC8Za1A+12tQBBF
rUCmhK1A8GWtQFltrUC5e61ANVOtQE1KrUAucq1Av1WtQFhgrUAQXa1AaF6tQLdfrUAYYq1A
QK2tQGpyrUAxda1Aj2ytQLt5rUApT61AH4GtQBRFrUDqaK1A7XatQK2KrUASRq1AcmmtQBRv
rUAPa61AzmOtQBZqrUCfWa1An1+tQDacrUC9Ya1Au2GtQI11rUAbTa1As2StQKNgrUC0Sa1A
AHKtQA1frUA/i61Ar26tQAttrUAmfa1Av4GtQHWHrUBfhK1AlWetQLxprUDOf61AVHytQFpK
rUBtd61AGYWtQBpvrUBbbq1AV3OtQKZprUBYZa1Al3CtQKpIrUA4aq1ABoatQMd9rUAoWK1A
+HStQFt2rUCjTa1AO3WtQMBzrUChY61AUWytQBNwrUCpUq1Agl6tQLyArUD4dq1ABm+tQPCN
rUDYc61Az36tQFuprUASL61AjmmtQCCJrUDSfq1AVVKtQEGXrUBce61AuVmtQD1JrUCPfa1A
yGytQPt3rUBdjK1ALXKtQIFprUDEm61AsHWtQKBnrUDTQa1A/mWtQFtzrUD5Xa1Af3StQOpQ
rUDchq1A7HetQCZ+rUCId61ACGStQOJorUCsna1A326tQItprUBccK1AiWytQOZ3rUBYP61A
u1ytQNJ5rUBPcq1AunWtQEh0rUCSga1AXnGtQPZorUDrZq1Aa4OtQBSArUAlY61ASmytQCRx
rUBlbq1Aw3utQIOTrUAjhK1A5WOtQAKhrUBGbq1AiIWtQB1prUApbq1ApIitQOKDrUAXX61A
XGKtQIuQrUDPbK1AWGmtQB+CrUBbWa1AR5etQEiJrUCUp61ADY+tQNpprUDMd61A7G+tQGdV
rUAGs61AnoKtQIhmrUAJZK1AmnetQBxsrUCNcq1A0H+tQCmTrUB0Z61A8YmtQDxhrUBTca1A
a1ytQI9/rUCldK1AJn+tQAx+rUAcf61AXGytQJehrUAGca1AFoOtQECVrUDchq1ALWCtQIGD
rUBKwK1Ax52tQCd7rUASfa1AEmStQIOLrUAOaq1AiVKtQIhrrUC9gq1AUXqtQL5rrUBHda1A
mnWtQPlorUCNia1AV4CtQFBsrUCwc61AUlmtQMh+rUCOia1Atn2tQLlvrUDYeK1AFJ6tQI9n
rUCNe61AM3ytQORzrUDmha1AyGOtQAGfrUAoU61AWIitQOmRrUBrRa1A25mtQNRfrUCHTa1A
TJWtQE90rUDpi61ACmitQAdxrUBeZq1A/natQJJgrUAIZa1AAmStQFJ2rUDfSK1ApnqtQPNi
rUAGXa1A0VqtQBtsrUBum61A+2itQBVlrUCkmK1ArmmtQH2ErUCUgq1AZYmtQAZvrUCdha1A
3HStQOtrrUDkla1A7YytQMJfrUCja61AVp2tQFVUrUAbcq1AL56tQHxcrUCFcq1AP6OtQOZh
rUBmiq1ApqytQFVLrUCGk61A55mtQBKGrUB0Uq1AiXatQJFwrUBTaa1A04WtQAB5rUCcf61A
yV2tQCurrUDnXK1ADYqtQPF6rUCgiq1AMnGtQEBfrUDSna1ANWutQOBnrUBJqa1Au3ytQJWO
rUDdgq1AME6tQFk+rUBreq1Aq5OtQC1srUCskK1Ae26tQJGFrUDZha1AGnetQNhqrUDEfq1A
wG+tQK1YrUB4ca1AOZqtQIxsrUCGrK1AL3mtQHOArUAFYq1A/q6tQKmKrUBmZK1AvaCtQC56
rUCtZq1A4IetQM9orUDtXa1ASYetQPOErUBDUK1APGatQB10rUDYcq1AQ0+tQDyerUDyga1A
AJmtQNt0rUDDVK1AL5+tQCmRrUCyZK1AUnGtQJGRrUBLd61AIHetQCOgrUBela1AOWqtQCly
rUBof61AK5utQM5brUBBw61AHXWtQCWVrUBkla1Ak3StQFVGrUDWmK1AfnutQPBirUASoq1A
y3atQKRorUAkdK1A3IKtQGp5rUCPpq1ABGCtQKVMrUCSc61AwnitQOGIrUDYUK1AwaatQCyG
rUDfdK1AVJetQNt2rUAIYq1AEJqtQKSPrUDoc61AgIitQMZ7rUBwjq1ACZGtQN12rUCNhK1A
K4OtQIGGrUD5fK1AD1+tQFeBrUDmd61AX06tQENQrUCKcK1ANkOtQJ1rrUCpdq1AvnetQHJY
rUAleq1AQ2StQOturUBvpK1A8metQEt3rUDEiK1A+kmtQPRZrUC2h61A932tQFJvrUCwh61A
C5atQMKFrUDmc61AwWGtQFN7rUATWq1AfYatQE95rUAmga1Aq06tQCxgrUClX61AV5itQJt2
rUCPh61A12WtQPhprUBZdq1AgW+tQPFgrUD/a61AO3qtQHmTrUCOaK1AkXWtQP90rUApX61A
O3mtQKl2rUD6ca1AL2utQASUrUA/Za1APYatQKhlrUDtmK1AhFqtQNySrUD1oq1AJW6tQL+G
rUBrhq1AXHetQIxTrUD5p61AVIOtQNhxrUCGf61Ak26tQGCfrUDjj61A+putQGeZrUBKe61A
0JStQMVzrUBubK1Ab36tQFNxrUAnd61AgGKtQFF+rUDIjq1AKVqtQEuRrUDMba1AYH6tQNVP
rUBUYK1AxH6tQL+drUAFaK1A93WtQHGErUBth61AbWytQCyDrUCafa1AR26tQImTrUCsba1A
x4WtQC1wrUBxeK1ARXStQGWKrUAdkK1AUmGtQKaurUDuh61AVV2tQO9prUB6jK1A0rOtQPyD
rUAPaK1A5H6tQN5YrUC/da1AfbGtQDBerUBNeK1ACYutQE1yrUAlgK1A+o6tQEo7rUDdka1A
05atQNZ1rUDNna1ADIStQHV0rUCJjq1An26tQFl6rUBhbK1A/Z6tQJ2RrUDNY61AO3atQFOV
rUCdka1AV1utQDKxrUAbeq1AdJKtQI6orUCSXK1Ag56tQLFdrUDMXq1A83ytQJd1rUDGW61A
Q5StQJh5rUCAma1AUGOtQF+ArUDnd61An3atQNGJrUB4lq1APnqtQPJsrUDVnK1AcW2tQHln
rUA/qa1A93qtQFxzrUBHc61AUY+tQI1brUBDpa1AOIWtQAGMrUB1aK1AIFytQPqArUBch61A
YX+tQLl0rUAtPK1AlXOtQC5urUCXWK1A4YqtQNqIrUCYXq1AZFqtQKN5rUAzWq1Acn2tQI94
rUArca1AI3StQOCFrUA8Xa1A6mmtQBOKrUC9c61AhW+tQMGDrUCzmK1AflWtQBlqrUCxda1A
rV+tQL5ZrUBTra1AzF2tQDyarUBgbq1AfpStQAaqrUDmk61AmYytQPOErUAfm61ANJKtQAFb
rUDgeK1A</AssayYData></Step><Step><CommonData><SampleLocation>7</SampleLocation><SampleID>Glycine</SampleID><SampleGroup></SampleGroup><SampleInfo></SampleInfo><SampleRow>J</SampleRow><SamplePlate>1</SamplePlate><WellType>REGENERATION</WellType><Concentration>-1</Concentration><ConcentrationUnits>µg/ml</ConcentrationUnits><MolarConcentration>-1</MolarConcentration><MolarConcUnits>nM</MolarConcUnits><MolecularWeight>0</MolecularWeight><Temperature>30</Temperature><StartTime>1721937</StartTime><AssayTime>5</AssayTime></CommonData><FlowRate>1000</FlowRate><StepType>KREGENERATION</StepType><StepName>Regeneration</StepName><StepStatus>OK</StepStatus><ActualTime>5.00005</ActualTime><CycleTime>0.2</CycleTime><AssayXData Points="25">MIC7RJaGu0QFjbtEY5O7RMqZu0Q4oLtEn6a7RP2su0Rjs7tEyrm7RDjAu0SWxrtE/cy7RGPT
u0TK2btEMOC7RJ/mu0QF7btEa/O7RNr5u0QwALxEnwa8RAUNvERjE7xEyhm8RA==</AssayXData><AssayYData Points="25">JVgXPe4dd71b2Pm9y6YzvqF/Yr7QO4C+ZbGSvj3Uob7ts7W+SvTBvv95z75TL9i+W5PkvgfK
8L4sGPq+G/8AvxlZB78X+gi/wPcMvz/lD786WBW/pUQZv5z7Gr/J4x2/8PQevw==</AssayYData></Step><Step><CommonData><SampleLocation>8</SampleLocation><SampleID>PBS</SampleID><SampleGroup></SampleGroup><SampleInfo></SampleInfo><SampleRow>J</SampleRow><SamplePlate>1</SamplePlate><WellType>NEUTRALIZATION</WellType><Concentration>-1</Concentration><ConcentrationUnits>µg/ml</ConcentrationUnits><MolarConcentration>-1</MolarConcentration><MolarConcUnits>nM</MolarConcUnits><MolecularWeight>0</MolecularWeight><Temperature>30</Temperature><StartTime>1735182</StartTime><AssayTime>5</AssayTime></CommonData><FlowRate>1000</FlowRate><StepType>KREGENERATION</StepType><StepName>Regeneration</StepName><StepStatus>OK</StepStatus><ActualTime>5.00103</ActualTime><CycleTime>0.2</CycleTime><AssayXData Points="25">MCC8RJYmvEQFLbxEazO8RMo5vEQwQLxElka8RAVNvERjU7xEylm8RDBgvESfZrxEBW28RGtz
vETSebxEMIC8RJ+GvET9jLxEY5O8RMqZvEQ4oLxElqa8RP2svERjs7xE0rm8RA==</AssayXData><AssayYData Points="25">NSFcQN53XUCPhl5AWFFfQDMeYEC3zGBAkD1hQCoRYkBTFGJATHxiQEAWY0CZRGNA1XZjQDGt
Y0ABFmRATh1kQN6FZEC06mRAxdVkQOggZUB4pmVAt5FlQKjcZUCbp2VA0+plQA==</AssayYData></Step><Step><CommonData><SampleLocation>7</SampleLocation><SampleID>Glycine</SampleID><SampleGroup></SampleGroup><SampleInfo></SampleInfo><SampleRow>J</SampleRow><SamplePlate>1</SamplePlate><WellType>REGENERATION</WellType><Concentration>-1</Concentration><ConcentrationUnits>µg/ml</ConcentrationUnits><MolarConcentration>-1</MolarConcentration><MolarConcUnits>nM</MolarConcUnits><MolecularWeight>0</MolecularWeight><Temperature>30</Temperature><StartTime>1748424</StartTime><AssayTime>5</AssayTime></CommonData><FlowRate>1000</FlowRate><StepType>KREGENERATION</StepType><StepName>Regeneration</StepName><StepStatus>OK</StepStatus><ActualTime>5.00005</ActualTime><CycleTime>0.2</CycleTime><AssayXData Points="25">OMC8RErHvEQFzbxEc9O8RNLZvERA4LxEp+a8RAXtvERz87xE2vm8RDgAvUSnBr1EDQ29RGsT
vUTSGb1EOCC9RJ4mvUQNLb1EazO9RNI5vUQ4QL1Ep0a9RAVNvURrU71E0lm9RA==</AssayXData><AssayYData Points="25">DA7EvjIu7r70Dv6+3/4HvzzKD7/WwBO/24AZv6upHb+9ISC/70ojvwvVJr8VACm/cjIrv3aT
Lr8YWTC/RlcyvwzwM7+59De/KGk4v+tqOb9Rwjq/0HE8v0cFPr/40T+/zShAvw==</AssayYData></Step><Step><CommonData><SampleLocation>8</SampleLocation><SampleID>PBS</SampleID><SampleGroup></SampleGroup><SampleInfo></SampleInfo><SampleRow>J</SampleRow><SamplePlate>1</SamplePlate><WellType>NEUTRALIZATION</WellType><Concentration>-1</Concentration><ConcentrationUnits>µg/ml</ConcentrationUnits><MolarConcentration>-1</MolarConcentration><MolarConcUnits>nM</MolarConcUnits><MolecularWeight>0</MolecularWeight><Temperature>30</Temperature><StartTime>1761518</StartTime><AssayTime>5</AssayTime></CommonData><FlowRate>1000</FlowRate><StepType>KREGENERATION</StepType><StepName>Regeneration</StepName><StepStatus>OK</StepStatus><ActualTime>5.00005</ActualTime><CycleTime>0.2</CycleTime><AssayXData Points="25">OWC9RJ9mvUQObb1EdHO9RNN5vURBgL1En4a9RA6NvURsk71E25m9RDmgvUSfpr1EBq29RGyz
vUTTub1EQcC9RJ/GvUQGzb1EbNO9RNvZvUQ54L1EqOa9RA7tvURs871E0/m9RA==</AssayXData><AssayYData Points="25">yJxXQFbMWECeJVpAkvZaQLGuW0DbGlxAButcQEH5XEDTsV1AaRNeQI1fXkA2eV5AfAdfQKdE
X0Crv19AErJfQC41YECf5V9AqXFgQHvsYECwEGFApxlhQGAxYUCsbWFAZ5dhQA==</AssayYData></Step><Step><CommonData><SampleLocation>7</SampleLocation><SampleID>Glycine</SampleID><SampleGroup></SampleGroup><SampleInfo></SampleInfo><SampleRow>J</SampleRow><SamplePlate>1</SamplePlate><WellType>REGENERATION</WellType><Concentration>-1</Concentration><ConcentrationUnits>µg/ml</ConcentrationUnits><MolarConcentration>-1</MolarConcentration><MolarConcUnits>nM</MolarConcUnits><MolecularWeight>0</MolecularWeight><Temperature>30</Temperature><StartTime>1774771</StartTime><AssayTime>5</AssayTime></CommonData><FlowRate>1000</FlowRate><StepType>KREGENERATION</StepType><StepName>Regeneration</StepName><StepStatus>OK</StepStatus><ActualTime>5.00103</ActualTime><CycleTime>0.2</CycleTime><AssayXData Points="25">OQC+RJ8GvkQGDb5EdBO+RNMZvkQ5IL5Enya+RA4tvkR0M75E2zm+REFAvkSfRr5EBk2+RHRT
vkTTWb5EOWC+RJ9mvkQObb5EdHO+RNt5vkRBgL5En4a+RA6NvkRsk75E25m+RA==</AssayXData><AssayYData Points="25">qTzivuBSAb928w2/G4gUv6eiGL8yBR6/6J8hv4uPJL9ZEiq/wsgqv6BDLb+qWi+/WAIxv76E
NL8OtDS/1yU3vwdcOL/WGDm/7/Q6v+OrPb9Nzj2/fpM/v3TWQL/la0C/Wb5Cvw==</AssayYData></Step><Step><CommonData><SampleLocation>8</SampleLocation><SampleID>PBS</SampleID><SampleGroup></SampleGroup><SampleInfo></SampleInfo><SampleRow>J</SampleRow><SamplePlate>1</SamplePlate><WellType>NEUTRALIZATION</WellType><Concentration>-1</Concentration><ConcentrationUnits>µg/ml</ConcentrationUnits><MolarConcentration>-1</MolarConcentration><MolarConcUnits>nM</MolarConcUnits><MolecularWeight>0</MolecularWeight><Temperature>30</Temperature><StartTime>1788047</StartTime><AssayTime>5</AssayTime></CommonData><FlowRate>1000</FlowRate><StepType>KREGENERATION</StepType><StepName>Regeneration</StepName><StepStatus>OK</StepStatus><ActualTime>5.00103</ActualTime><CycleTime>0.2</CycleTime><AssayXData Points="25">QqC+RLGmvkQXrb5EfbO+RNy5vkRKwL5EqMa+RA/NvkR9075E5Nm+RErgvkSo5r5ED+2+RHXz
vkTc+b5ESgC/RLEGv0QXDb9EdRO/RNwZv0RCIL9EqCa/RBctv0R1M79E5Dm/RA==</AssayXData><AssayYData Points="25">W5RXQK4qWUBf8VlADPlaQBJ8W0BlYFxAzIxcQPULXUCj911AK+1dQAJkXkAG4F5ABCZfQAiC
X0DN519AG9FfQGbnX0CaP2BAZI1gQE6pYECW/2BA4hNhQGIEYUAqOGFAmFlhQA==</AssayYData></Step><Step><CommonData><SampleLocation>3</SampleLocation><SampleID>Octet Buffer</SampleID><SampleGroup></SampleGroup><SampleInfo></SampleInfo><SampleRow>I</SampleRow><SamplePlate>1</SamplePlate><WellType>BUFFER</WellType><Concentration>-1</Concentration><ConcentrationUnits>µg/ml</ConcentrationUnits><MolarConcentration>-1</MolarConcentration><MolarConcUnits>nM</MolarConcUnits><MolecularWeight>0</MolecularWeight><Temperature>30</Temperature><StartTime>1802297</StartTime><AssayTime>20</AssayTime></CommonData><FlowRate>1000</FlowRate><StepType>CUSTOM</StepType><StepName>Sensor Check</StepName><StepStatus>OK</StepStatus><ActualTime>20.001</ActualTime><CycleTime>0.2</CycleTime><AssayXData Points="100">SkC/RLBGv0QfTb9EhVO/RORZv0RKYL9EsGa/RB9tv0R9c79E5Hm/REqAv0S5hr9EF42/RH2T
v0Tkmb9ESqC/RLmmv0QXrb9EhbO/ROS5v0RKwL9Euca/RB/Nv0R9079E7Nm/RErgv0Sw5r9E
F+2/RIXzv0Tk+b9ESgDARLkGwEQXDcBEfRPAROwZwERSIMBEsCbARBctwESFM8BE5DnAREpA
wESwRsBEF03ARH1TwETkWcBESmDARLBmwEQXbcBEfXPAROx5wERSgMBEsIbARB+NwER9k8BE
5JnAREqgwESwpsBEH63ARH2zwETsucBEUsDARLDGwEQfzcBEhdPAROTZwERK4MBEsObARBft
wESF88BE5PnAREoAwUS5BsFEFw3BRIUTwUTkGcFESiDBRLAmwUQfLcFEhTPBROw5wURSQMFE
uUbBRBdNwUSFU8FE5FnBREpgwUS5ZsFEF23BRIVzwUTkecFESoDBRLmGwUQfjcFEfZPBROSZ
wURSoMFEuabBRB+twUR9s8FE7LnBRA==</AssayXData><AssayYData Points="100">HdFXQDyzVUBX+1NAzYBSQKtJUkAhW1FAImNRQEtFUUB8CVFA/kpRQC2GUUD/oVFAtaBRQLr1
UUBmPFJANS5SQOrLUkDhn1JAUtRSQPzEUkDP0VJABGNTQGZsU0D3GFNAgn1TQHZrU0DVxlNA
vp5TQEkMVECYIlRAsE9UQNwhVEBjT1RA7GZUQKpUVEAupFRAyN9UQMbYVECvGVVAr6pUQL4r
VUBLEVVAqxtVQCkQVUBoQlVAXXFVQHJ/VUBFV1VAE6hVQN+LVUDvmFVAFodVQHrcVUA52lVA
E3NVQOPAVUDhAVZAiOxVQL3OVUAU01VAZR1WQIxFVkCsRlZA0PlVQIUoVkASO1ZAuHVWQN93
VkAVlVZAXFVWQMO0VkCCxlZAXJNWQJfUVkDeuVZAxbhWQJ/0VkC9DVdAYdNWQAi2VkC/IVdA
gUhXQPD0VkBzS1dAlmNXQORKV0C5IVdAaAZXQOcJV0ACYVdA9nJXQOg3V0BRRVdAL9BXQN/L
V0A9hVdA0hxYQJKvV0A8M1dAvqBXQA==</AssayYData></Step><Step><CommonData><SampleLocation>11</SampleLocation><SampleID>SI-157C17_P5237</SampleID><SampleGroup></SampleGroup><SampleInfo></SampleInfo><SampleRow>I</SampleRow><SamplePlate>1</SamplePlate><WellType>KLOAD</WellType><Concentration>5</Concentration><ConcentrationUnits>µg/ml</ConcentrationUnits><MolarConcentration>5000</MolarConcentration><MolarConcUnits>nM</MolarConcUnits><MolecularWeight>0</MolecularWeight><Temperature>30</Temperature><StartTime>1831778</StartTime><AssayTime>120</AssayTime></CommonData><FlowRate>1000</FlowRate><StepType>LOADING</StepType><StepName>Loading</StepName><StepStatus>OK</StepStatus><ActualTime>120.001</ActualTime><CycleTime>0.2</CycleTime><AssayXData Points="600">UsDBRLjGwUQfzcFEjdPBROzZwURa4MFEuObBRCftwUSN88FE7PnBRFIAwkS4BsJEHw3CRI0T
wkTsGcJEUiDCRLgmwkQfLcJEjTPCROw5wkRSQMJEuEbCRB9NwkSNU8JE7FnCRFpgwkTBZsJE
J23CRI1zwkTsecJEWoDCRLiGwkQnjcJEhZPCROyZwkRSoMJEuKbCRB+twkSFs8JE9LnCRFrA
wkS4xsJEH83CRI3TwkT02cJEUuDCRLjmwkQn7cJEjfPCROz5wkRSAMNEuAbDRB8Nw0SNE8NE
9BnDRFIgw0S4JsNEJy3DRIUzw0TsOcNEUkDDRMFGw0QfTcNEjVPDROxZw0RSYMNEwWbDRB9t
w0SNc8NE9HnDRFqAw0TBhsNEH43DRI2Tw0TsmcNEUqDDRLimw0QnrcNEhbPDROy5w0RSwMNE
wcbDRCfNw0SF08NEANzDRBfhw0TB5sNEH+3DRIXzw0Ts+cNEUgDERLgGxEQfDcREhRPERPQZ
xERSIMREuCbERCctxESFM8RE7DnERFJAxES4RsREH03ERI1TxETsWcREUmDERLhmxEQfbcRE
hXPEROx5xERSgMREwYbERB+NxESNk8RE9JnERFqgxES4psREJ63ERIWzxETsucREWsDERLjG
xEQfzcREjdPEROzZxERS4MREuObERB/txESN88RE7PnERFoAxUS4BsVEHw3FRIUTxUT0GcVE
UiDFRMEmxUQfLcVEhTPFROw5xURSQMVEuEbFRCdNxUSFU8VE7FnFRFpgxUTBZsVEH23FRI1z
xUTsecVEUoDFRLiGxUQfjcVEhZPFROyZxURSoMVEuKbFRB+txUSNs8VE9LnFRFLAxUTJxsVE
H83FRI3TxUT02cVEWuDFRMHmxUQf7cVEjfPFRPT5xURSAMZEuAbGRB8NxkSFE8ZE9BnGRFog
xkS4JsZEHy3GRIUzxkTsOcZEUkDGRLhGxkQnTcZEhVPGRDFcxkRQYcZEuGbGRCdtxkSFc8ZE
9HnGRFKAxkS4hsZEH43GRI2TxkTsmcZEUqDGRLimxkQfrcZEhbPGROy5xkRSwMZEuMbGRB/N
xkSN08ZE7NnGRFLgxkTB5sZEJ+3GRI3zxkTs+cZEWgDHRLgGx0QnDcdEhRPHRPQZx0RSIMdE
uCbHRB8tx0SFM8dE7DnHRFJAx0TBRsdEH03HRI1Tx0TsWcdEWmDHRLhmx0QnbcdEjXPHRPR5
x0RSgMdEuIbHRCeNx0SNk8dE9JnHRFKgx0TBpsdEH63HRI2zx0T0ucdEUsDHRLjGx0QnzcdE
hdPHROzZx0Ra4MdEuObHRB/tx0SF88dE7PnHRFIAyETBBshEJw3IRIUTyETsGchEWiDIRLgm
yEQfLchEhTPIROw5yERSQMhEwUbIRCdNyESFU8hE7FnIRFJgyES4ZshEH23IRIVzyETsechE
WoDIRMGGyEQfjchEhZPIROyZyERSoMhEwabIRB+tyESFs8hE7LnIRFrAyETBxshEJ83IRI3T
yESF28hEtODIRLjmyEQn7chEhfPIRPz5yERSAMlEuAbJRCcNyUSFE8lE9BnJRFogyUS4JslE
Jy3JRI0zyUTsOclEWkDJRLhGyUQnTclEhVPJRPRZyURSYMlEuGbJRB9tyUSFc8lE9HnJRFKA
yUS4hslEJ43JRIWTyUT0mclEWqDJRLimyUQnrclEhbPJRPS5yURSwMlEwcbJRB/NyUSF08lE
7NnJRFLgyUS45slEJ+3JRIXzyUTs+clEUgDKRLgGykQfDcpEhRPKRPQZykRSIMpEuCbKRB8t
ykSNM8pE7DnKRFpAykTBRspEJ03KRIVTykT0WcpEWmDKRMFmykQfbcpEjXPKROx5ykRSgMpE
wYbKRB+NykSFk8pE7JnKRFKgykS4pspEH63KRIWzykTsucpEUsDKRMHGykQnzcpEjdPKRPTZ
ykRS4MpEuObKRB/tykSF88pE7PnKRFIAy0S4BstEJw3LRIUTy0TsGctEUiDLRMEmy0QfLctE
hTPLROw5y0RSQMtEyUbLRCdNy0SNU8tEEFzLRCdhy0S4ZstEH23LRI1zy0TsectEUoDLRLiG
y0QfjctEhZPLRPSZy0RSoMtEuKbLRB+ty0SNs8tE7LnLRFLAy0S4xstEJ83LRIXTy0T02ctE
UuDLRLjmy0Qn7ctEjfPLRPT5y0RaAMxEwQbMRB8NzESNE8xE7BnMRFogzES4JsxEJy3MRIUz
zETsOcxEWkDMRLhGzEQnTcxEhVPMRPxZzERSYMxEuGbMRCdtzESFc8xE7HnMRFKAzES4hsxE
H43MRIWTzETsmcxEWqDMRLimzEQnrcxEhbPMROy5zERSwMxEuMbMRB/NzESF08xE9NnMRFrg
zETB5sxEH+3MRIXzzETs+cxEUgDNRLgGzUQnDc1EhRPNRPQZzURaIM1EuCbNRCctzUSNM81E
7DnNRFpAzUS4Rs1EJ03NRIVTzUTsWc1EUmDNRLhmzUQfbc1EhXPNRPR5zURagM1EwYbNRB+N
zUSFk81E7JnNRFqgzUS4ps1EH63NRIWzzUT0uc1EUsDNRLjGzUQfzc1EhdPNRL/bzUTd4M1E
uObNRCftzUSN881E9PnNRFoAzkS4Bs5EHw3ORIUTzkT0Gc5EWiDORMEmzkQnLc5EjTPOROw5
zkRSQM5EwUbORB9NzkSFU85E7FnORFJgzkS4Zs5EJ23ORIVzzkTsec5EWoDORLiGzkQnjc5E
jZPOROyZzkRSoM5EwabORB+tzkSFs85E9LnORFLAzkS4xs5EH83ORIXTzkTs2c5EUuDORMHm
zkQn7c5EhfPORPT5zkRSAM9EwQbPRB8Nz0SNE89E7BnPRFogz0S4Js9EHy3PRI0zz0TsOc9E
UkDPRMFGz0QfTc9EhVPPROxZz0RSYM9EwWbPRB9tz0SFc89E7HnPRFqAz0S4hs9EH43PRIWT
z0T0mc9EUqDPRLimz0Qfrc9EhbPPROy5z0RSwM9EwcbPRB/Nz0SN089E7NnPRFLgz0S45s9E
H+3PRIXzz0Ts+c9EUgDQRLgG0EQfDdBEhRPQRPQZ0ERSINBEuCbQRCct0ESNM9BE9DnQRFJA
0ES4RtBEH03QRIVT0ERkW9BEg2DQRLhm0EQnbdBEhXPQRPR50ERagNBEuIbQRB+N0ESFk9BE
7JnQRFqg0ETBptBEH63QRI2z0ET0udBE</AssayXData><AssayYData Points="600">Lo9WQOozV0B6JFhAW5hYQPc1WUAG8VlAAz9aQPvuWkBSpFtAyhhcQCfXXEBYWV1AqgxeQG2F
XkDGBV9AbslfQNpdYEB5z2BAQCNhQAqeYUBbPGJAfediQO/IY0C/yGNAmYJkQEZPZUAximVA
gF5mQAAGZ0CZOmdA7adnQBtdaEDp4GhAZQxpQBTuaUDBRWpAyupqQDKGa0B/sGtATVNsQPsL
bUACxW1AqMZtQEZHbkC37G5AimtvQC3Xb0CLd3BAM8FwQGUxcUAL2XFAPDxyQBt1ckAfE3NA
x5ZzQPXec0DttnRAxLB0QBtrdUBIy3VA7V52QL3edkDJDHdA/4t3QDhJeEBzVHhANvF4QB4Z
eUAic3lA+hZ6QDewekBiLXtAgGl7QPzRe0COKXxAZ4N8QEAKfUDLan1AFct9QLM3fkArd35A
yvZ+QMRDf0BjuX9AdACAQO01gECRXYBA6G+AQGbagECn7YBAfkCBQCkugUARjYFAcX+BQJSj
gUB/IoJAOxmCQNldgkBTl4JAPZ6CQD/1gkBB2oJACwuDQBRHg0CIW4NA7oqDQFPIg0BE24NA
BP6DQCkdhEAZNIRASKmEQH+IhEAMuIRAtwyFQB8KhUDOHoVAdGuFQGCAhUD8l4VAG7CFQOIE
hkDi+YVAZjuGQNtUhkCGa4ZA73eGQFCzhkB4z4ZAaBeHQJQkh0BbSodA6mGHQGZ9h0DXmodA
b6CHQBjPh0A6+4dAYPOHQL0aiED0F4hA5lqIQMx9iEDrrIhAdb+IQCHaiEBi64hAegOJQAlR
iUBaPYlApWKJQM2MiUC3uYlAxLeJQOLQiUB/74lAzh6KQOseikCFQIpA+kCKQKRyikCpuIpA
e7aKQIGZikAf8IpAyfSKQNL8ikBzC4tAXz+LQIZEi0DThYtA33yLQECci0CBlItA1O6LQLHB
i0Bru4tApCCMQMFLjEDkN4xAXE2MQHmFjECqZ4xA36mMQHS9jEAnvoxAWNeMQDvnjECxF41A
nw6NQMoSjUA2UY1A0FGNQLRrjUDIoI1AvoSNQHOwjUB1sI1Ab9GNQJPfjUAPD45AfBGOQHwP
jkC4EI5ACDCOQB5WjkCDdY5AyXeOQCaGjkDQlY5Akb+OQKnJjkAY7Y5ADyOPQNICj0CNGY9A
NzOPQJlHj0CvXY9ACX6PQLhhj0D5iY9Av4KPQMetj0Dgk49APcqPQHbcj0Dz7I9AbgqQQMEP
kEDe3Y9AUyCQQOc8kED8PJBA+2qQQP9rkEAehZBACXSQQOSZkECZqpBAOK2QQIi9kEDq0pBA
2tWQQNMMkUB5F5FAASGRQMYekUDnVpFA3WuRQDNfkUC0cZFAvYyRQON+kUAyj5FAoqWRQPWz
kUCr3JFAIueRQBsRkkDxK5JAzB+SQIYTkkBHR5JAKiqSQFM9kkCng5JAbIGSQJt5kkAogJJA
m4WSQM6ykkDW25JA9baSQKnikkA3yZJAm/GSQH3lkkCb45JAIfaSQJlDk0DpGZNAlSiTQHNL
k0APP5NAJ3qTQAh3k0AHa5NAIGuTQEahk0CoppNAE76TQMDVk0BQ6JNAaMSTQKLdk0Cy9JNA
VOSTQPBclEDBIZRA+hmUQOIolEBAPZRAOD2UQFtHlED5XZRAcE+UQA+AlEBNeZRAN5SUQMu0
lEBSrpRALd6UQKfdlEB8zpRA3t+UQPHvlEBv75RAdxWVQI4alUB68pRAb0SVQIYalUCXO5VA
JmCVQFMvlUCQcpVAkYmVQCh9lUB1apVAgpuVQKbFlUBVqJVAp8qVQLDXlUBvvJVA0b6VQF3e
lUD17ZVAX++VQMEClkA9J5ZAKwCWQLsclkAHPJZArU6WQJFllkCeZpZAck2WQGlolkDBcpZA
BWiWQEyWlkA4u5ZA/o6WQEuRlkBX1ZZATruWQI/XlkDK1pZA+NWWQKXIlkCnGJdAbRiXQCfk
lkDCB5dAIAmXQLEXl0AYF5dA+V2XQI8ml0BJbJdAkVSXQC+Ql0BHb5dAom6XQKiKl0BzpJdA
MJqXQKOol0BSoZdARsGXQCmvl0BZ6JdA17yXQDXal0Bf25dADhOYQPEamEDcA5hAgP+XQLw8
mEBQQ5hAvTqYQDNXmEBOMJhAFVqYQCFdmED2bJhASmWYQIVfmEBijJhAHoWYQEKJmEBUkZhA
e56YQH64mEBnzZhAme6YQKnLmECm65hA2OaYQA4CmUAu6JhAfO+YQPH2mEAGM5lA6BKZQPgI
mUBbBZlAI0iZQDA6mUD3P5lAszmZQPBSmUDvhZlAz4iZQC1gmUAomZlAgoOZQHWMmUAkjplA
5o+ZQFi7mUCv15lAr+aZQDDSmUBMsJlAwPSZQHjemUB75ZlA6AaaQLQ5mkBTBJpAhw2aQCUO
mkCAR5pAHTSaQDYymkAqVJpA5BmaQCpcmkDdDJpAQVqaQDprmkAhjJpAQoqaQPiRmkCfa5pA
bYqaQCWEmkBMw5pA1aSaQKusmkD1uZpAX8qaQKbRmkD375pADciaQADjmkAT2ZpAAAmbQEga
m0A68JpAuyybQCksm0B8RJtAgEObQFMrm0BoKZtABiqbQHBLm0AWTJtAyVmbQNZUm0BeUZtA
YWGbQAtXm0Dne5tAyWibQBOem0AmpJtAjp2bQGWkm0AluZtAULCbQPvEm0BZvZtABMGbQBXr
m0C4xZtADOybQFoNnECdMZxAYQecQEAgnEAYE5xAwvGbQPEonEArIJxAZCWcQGYjnEA3JZxA
5zicQNtFnEAXUZxAS1+cQCxZnECdg5xAqnGcQBNanEDPd5xAdnCcQDmanEDXo5xAVZacQHGt
nEDJsJxAQLicQDGjnEChupxAEd+cQCHWnEDP1pxALeScQCTdnEAiAZ1A5QadQOIOnUC7IJ1A
yhSdQKAcnUBiJZ1AUBKdQOMgnUC0Mp1AmC6dQDtPnUDLMJ1AczOdQMlXnUAYcZ1ARW+dQF1w
nUD6cZ1AZVmdQLh3nUBHcp1AcJWdQK+anUDqsZ1AAbSdQNyonUBoxZ1AVrSdQGfCnUDH251A
KL+dQHfYnUDwxp1Adf6dQIfxnUBi1p1AUg+eQLbqnUDXFp5AXQ+eQJMWnkD+GZ5AsUieQPUq
nkC6L55AtzaeQCFNnkA2I55ArVeeQHYdnkDuQ55A2VCeQIpfnkCETJ5APnieQJuNnkDLsp5A
yn+eQLSDnkA4jp5AKXueQMSpnkBUop5A</AssayYData></Step><Step><CommonData><SampleLocation>3</SampleLocation><SampleID>Octet Buffer</SampleID><SampleGroup></SampleGroup><SampleInfo></SampleInfo><SampleRow>I</SampleRow><SamplePlate>1</SamplePlate><WellType>BUFFER</WellType><Concentration>-1</Concentration><ConcentrationUnits>µg/ml</ConcentrationUnits><MolarConcentration>-1</MolarConcentration><MolarConcUnits>nM</MolarConcUnits><MolecularWeight>0</MolecularWeight><Temperature>30</Temperature><StartTime>1961362</StartTime><AssayTime>100</AssayTime></CommonData><FlowRate>1000</FlowRate><StepType>BASELINE</StepType><StepName>Baseline</StepName><StepStatus>OK</StepStatus><ActualTime>100</ActualTime><CycleTime>0.2</CycleTime><AssayXData Points="500">W8DQRMHG0EQozdBEjtPQRPXZ0ERj4NBEwebQRDDt0ESO89BE/fnQRGMA0UTBBtFEKA3RRJYT
0UT1GdFEWyDRRMEm0UQoLdFEjjPRRPU50URjQNFEykbRRDBN0USOU9FE/VnRRFtg0UTBZtFE
KG3RRI5z0UT1edFEW4DRRMGG0UQwjdFEjpPRRPWZ0URjoNFEwabRRCit0USOs9FE/bnRRFvA
0UTKxtFEMM3RRI7T0UT92dFEY+DRRMrm0UQw7dFEjvPRRPX50URjANJEwQbSRCgN0kSWE9JE
/RnSRGMg0kTBJtJEMC3SRI4z0kT9OdJEW0DSRMpG0kQoTdJEjlPSRP1Z0kRbYNJEwWbSRCht
0kSOc9JE9XnSRFuA0kTKhtJEKI3SRI6T0kT9mdJEW6DSRMGm0kQordJEjrPSRPW50kRbwNJE
ysbSRCjN0kSW09JE9dnSRFvg0kTB5tJEKO3SRI7z0kT1+dJEYwDTRMEG00QwDdNEjhPTRPUZ
00RjINNEyibTRCgt00SOM9NE9TnTRFtA00TKRtNEME3TRI5T00T1WdNEY2DTRMFm00QobdNE
jnPTRP1500RrgNNEwYbTRCiN00SOk9NE/ZnTRFug00TBptNEKK3TRI6z00T1udNEW8DTRMrG
00QozdNEltPTRPXZ00Rj4NNEyubTRCjt00SO89NE9fnTRGMA1ETBBtREKA3URI4T1ET1GdRE
YyDURMom1EQwLdREjjPURP051ERjQNREykbURChN1ESOU9RE/VnURGNg1ETBZtREMG3URI5z
1ET1edREW4DURMqG1EQojdRElpPURPWZ1ERboNREwabURCit1ESWs9RE9bnURGPA1ETKxtRE
KM3URI7T1ET12dREW+DURMrm1EQo7dRElvPURPX51ERjANVEygbVRCgN1USWE9VE9RnVRFsg
1UTBJtVEMC3VRJYz1UT9OdVEW0DVRMpG1UQwTdVEllPVRPVZ1URbYNVEymbVRDBt1USOc9VE
9XnVRFuA1UTKhtVEMI3VRI6T1UT1mdVEW6DVRMGm1UQwrdVEjrPVRPW51URjwNVEwcbVRCjN
1USW09VE9dnVRFvg1UTK5tVEKO3VRI7z1UT1+dVEWwDWRMoG1kQoDdZEjhPWRPUZ1kRbINZE
wSbWRCgt1kSOM9ZE9TnWRFtA1kTBRtZEME3WRI5T1kT9WdZEY2DWRMpm1kQobdZElnPWRPV5
1kRjgNZEyobWRCiN1kSOk9ZE9ZnWRFug1kTBptZEKK3WRI6z1kT9udZEW8DWRMHG1kQwzdZE
jtPWRP3Z1kRb4NZEwebWRCjt1kSW89ZE9fnWRFsA10TBBtdEKA3XRJYT10T1GddEYyDXRMom
10QoLddEETTXRPU510RbQNdEykbXRDBN10SWU9dE9VnXRFtg10TKZtdEKG3XRJZz10T1eddE
W4DXRMqG10QwjddEjpPXRPWZ10RboNdEwabXRCit10SOs9dE/bnXRFvA10TBxtdEMM3XRJbT
10T12ddEY+DXRMHm10Qo7ddElvPXRPX510RbANhEwQbYRCgN2ESOE9hE9RnYRFsg2ETBJthE
MC3YRI4z2ET1OdhEY0DYRMFG2EQoTdhEjlPYRPVZ2ERbYNhEymbYRCht2ESOc9hEBXrYRFuA
2ETBhthEMI3YRJaT2ET1mdhEW6DYRMqm2EQwrdhElrPYRPW52ERbwNhEwcbYRCjN2ESW09hE
9dnYRFvg2ETK5thEKO3YRJbz2ET1+dhEWwDZRMoG2UQoDdlElhPZRPUZ2URjINlEwSbZRDAt
2USOM9lE9TnZRGNA2UTBRtlEKE3ZRI5T2UT1WdlEW2DZRMFm2UQwbdlElnPZRPV52URbgNlE
wYbZRCiN2USWk9lE9ZnZRFug2UTKptlEKK3ZRJaz2UT1udlEY8DZRNLG2UQozdlEjtPZRP3Z
2URb4NlEyubZRCjt2USO89lE/fnZRFsA2kTBBtpEKA3aRI4T2kT1GdpEWyDaRMom2kQoLdpE
jjPaRPU52kRbQNpEykbaRChN2kSOU9pE/VnaRGNg2kTBZtpEMG3aRI5z2kT1edpEY4DaRMqG
2kQojdpEjpPaRPWZ2kRboNpEwabaRDCt2kSOs9pE/bnaRGPA2kTKxtpEMM3aRI7T2kT92dpE
W+DaRMHm2kQo7dpEjvPaRP352kRjANtEwQbbRCgN20SOE9tE9RnbRFsg20TKJttEMC3bRI4z
20T9OdtEY0DbRMFG20QoTdtEjlPbRP1Z20RjYNtEymbbRCht20SWc9tE/XnbRFuA20TBhttE
MI3bRI6T20T9mdtEY6DbRMGm20QwrdtEjrPbRPW520RbwNtEysbbRCjN20SW09tE9dnbRFvg
20TB5ttEKO3bRJbz20T1+dtEYwDcRMEG3EQoDdxElhPcRPUZ3ERbINxEwSbcRCgt3ESWM9xE
/TncRGNA3ETBRtxEME3cRI5T3ET1WdxEY2DcRMFm3EQobdxElnPcRAV63ERbgNxEwYbcRCiN
3ESWk9xE9ZncRGOg3ETBptxEKK3cRJaz3ET1udxEW8DcRMrG3EQozdxEjtPcRPXZ3ERb4NxE
webcRDDt3ESO89xE/fncRGMA3UTKBt1EKA3dRI4T3UT9Gd1EYyDdRMEm3UQoLd1EjjPdRPU5
3UQ=</AssayXData><AssayYData Points="500">oj2fQMh7n0CFpJ9AcaKfQPyan0Bs259ABgigQA/Rn0A0y59ABM6fQN/vn0Ao859ADvSfQMz5
n0Cv9p9AjPOfQML2n0Dz759AbxWgQAAfoEA15Z9A7TOgQA/xn0AkF6BACxqgQPcFoEAgIKBA
aSWgQHANoEB2/p9AoSygQIMYoECGDKBA6BWgQAQXoECT8Z9Aey6gQMkuoEA8C6BAPCmgQCcl
oECDNKBAQC2gQBoQoED6JKBAITCgQH0zoECmIqBASxagQBgzoEA6U6BAuR2gQAc/oECqNqBA
1yKgQBdDoEDNOqBAaUKgQH8ToED8L6BA0iugQEcYoEBqRaBAYUmgQBMnoEAUEqBAI3GgQIQ1
oEDcWqBAQVigQOFAoEALUqBA/WOgQC4aoECLIKBA9DegQLNIoEAVXKBA8T+gQDJRoEBpYKBA
pTOgQBVyoEAoaaBAwj6gQNd4oEDAKqBAQXygQCxtoEBtTKBAQlCgQEd5oEAjUqBAU1+gQIRN
oEBRLqBARlCgQDB7oEAIX6BANE2gQItZoECngqBAxVegQLFcoEBYV6BAUk6gQPRkoEDQdqBA
ZV2gQAdSoEDTgaBAknOgQFpOoECjdqBAP2KgQPJhoEBYj6BAmXugQJdXoEDhZaBApoCgQC2I
oEBQiqBAD7OgQGadoED3gqBAZXWgQH1doEDnfKBAmpCgQK5xoEBUlKBA9YKgQI2SoECgbqBA
G3SgQCuUoEAmdqBA6HSgQN20oEDXZqBA04KgQIuioEC6Z6BAeIugQBOKoEABZqBAz56gQF6E
oEDtqKBAqqqgQBWaoEBBt6BAOaGgQPp1oECgtaBAcb2gQCV3oEBKx6BAL5mgQDamoECen6BA
gMCgQDO4oED0raBAUrCgQP6JoECEqqBAxbWgQPS5oEBZ36BAHtmgQEGloEBfrKBAA76gQEaZ
oEBMvKBA5p6gQJGcoED3t6BAqZ2gQOiloEDpxqBAquWgQOXMoEBzt6BAPcKgQLGjoEAXu6BA
5sCgQL/ToEDWyKBAY8WgQDDOoEACxqBA/MWgQPTjoECD46BAl9CgQH3ToEDv0qBAz9igQKT5
oEAU96BA6O2gQO3QoEBz8qBAD8ygQNS6oEA7yaBAFsegQCPfoEAD4aBA9OSgQG7IoEBS+qBA
YNegQMzVoEB0+KBAguSgQILnoEBR1aBA4t+gQKbWoEDe+KBAoC2hQDDooEDVAKFAWfGgQOj8
oECz06BAwNegQKABoUDqEKFAhOagQP8AoUAG7KBAoOOgQD8AoUCv46BAi96gQL0DoUDv5aBA
+vKgQAEtoUBxDaFA7hOhQA8+oUB0CKFAZ/KgQP33oEDWEqFAtgWhQNLloEDp+KBAVeGgQH8W
oUCpKKFAn/qgQNkJoUAmDqFAaSWhQE4MoUDiAKFA5TWhQNcqoUAuAaFAPFShQNcIoUCsSaFA
RDehQNoSoUAAQKFA4iWhQHUooUCb8KBAhDOhQEoOoUDs/KBA2SChQPUjoUCIJ6FAAjuhQGch
oUCoLqFA6iqhQBEtoUCcOKFAhQGhQNg2oUCBQ6FAzFehQG5hoUDFSKFAT1OhQJtHoUBULqFA
GUmhQMBeoUAwQqFANBqhQD49oUCxM6FA3i6hQAFioUD4NKFATUmhQB8eoUArWKFALSehQIhL
oUDQWKFAwzWhQP8aoUBJMKFA9lGhQLxJoUANaKFA3lqhQExAoUBSaaFA7FmhQPMroUDXMKFA
1W+hQH9PoUAxZqFAf2yhQIxYoUDXS6FAhW2hQKpeoUCJM6FA9mqhQOFQoUAHW6FA7mWhQORE
oUADZKFArZChQI9woUB2QaFA0F+hQM9doUCjZqFA4XyhQGWMoUAbQaFAZF2hQA6PoUBGd6FA
RVuhQOt5oUA4laFAa3GhQCaJoUBRbaFA9lmhQN2roUB1X6FAjmahQBu+oUBlf6FAu4OhQM6P
oUAdiaFApI+hQM56oUD6e6FARJGhQN9+oUD8iKFA2I2hQFBpoUACkqFAfHGhQHGnoUAidaFA
JqqhQCRzoUB7hKFAqZqhQMB9oUDPm6FAuZOhQCqXoUC3jqFAv4+hQAOnoUBGgaFAqcChQIfA
oUCmgqFAFZOhQEWkoUBEjKFALKGhQNl3oUCNpKFA/pOhQA6eoUDYlKFAKnuhQIq8oUBNwaFA
KY6hQPqboUAMsqFAZGyhQPaJoUDgiqFAl5qhQDW3oUAJraFAX6ShQIq5oUBDsKFAbsOhQDud
oUC/sKFAzrKhQDvDoUDBzqFAtd6hQFOhoUCer6FAErShQM7ioUDbraFAl/WhQDCuoUBV3aFA
gsWhQAqkoUA3y6FAKc6hQPDOoUDFzaFAyb2hQI7noUDsu6FAq92hQArZoUAilKFAMs6hQNXT
oUB526FAEs+hQLusoUCm2qFAzeihQGj4oUDaBqJAudOhQNnaoUBy26FA6OahQO3ioUB04aFA
z8uhQJ7BoUA6+6FAC/qhQKPXoUD4AKJAYvChQCe3oUCx/aFA6OyhQCzIoUB17aFApfuhQEjp
oUBg2KFAfN6hQGPJoUBvE6JAkA+iQL/PoUApBKJAdROiQHvYoUBO9KFAaSOiQCLYoUDtyaFA
cPahQD3goUBSB6JATgCiQKkQokAr1qFAHRGiQP39oUDp2KFA/uihQJ/koUAJ+6FAJP2hQFjk
oUA=</AssayYData></Step><Step><CommonData><SampleLocation>4</SampleLocation><SampleID>hsCD3d/e_Acro_CDD-H52W1</SampleID><SampleGroup></SampleGroup><SampleInfo></SampleInfo><SampleRow>I</SampleRow><SamplePlate>1</SamplePlate><WellType>KSAMPLE</WellType><Concentration>-1</Concentration><ConcentrationUnits>µg/ml</ConcentrationUnits><MolarConcentration>12.5</MolarConcentration><MolarConcUnits>nM</MolarConcUnits><MolecularWeight>0</MolecularWeight><Temperature>30</Temperature><StartTime>2069637</StartTime><AssayTime>180</AssayTime></CommonData><FlowRate>1000</FlowRate><StepType>ASSOC</StepType><StepName>Association</StepName><StepStatus>OK</StepStatus><ActualTime>180.001</ActualTime><CycleTime>0.2</CycleTime><AssayXData Points="900">W0DdRMFG3UQwTd1EllPdRPVZ3URbYN1EymbdRCht3USWc91E9XndRFuA3UTBht1EKI3dRI6T
3UT9md1EY6DdRNKm3UQord1EjrPdRPW53URbwN1EysbdRCjN3USO091E/dndRFvg3UTB5t1E
KO3dRJbz3UT1+d1EWwDeRMEG3kQoDd5EjhPeRP0Z3kRjIN5EwSbeRDAt3kSOM95E9TneRFtA
3kTBRt5EKE3eRI5T3kT9Wd5EW2DeRMpm3kQobd5En3PeRP153kRbgN5EwYbeRCiN3kSWk95E
9ZneRFug3kTBpt5EKK3eRI6z3kT9ud5EW8DeRMHG3kQ4zd5EltPeRP3Z3kRj4N5EyubeRDDt
3kSO895E9fneRFsA30TBBt9EKA3fRI4T30T1Gd9EYyDfRMom30QoLd9EjjPfRAU630RjQN9E
wUbfRDBN30SfU99E9VnfRFtg30TKZt9EKG3fRI5z30T1ed9EW4DfRMGG30Qwjd9ElpPfRPWZ
30RjoN9EyqbfRCit30SOs99E/bnfRFvA30TKxt9EKM3fRJbT30T12d9EY+DfRMHm30Qw7d9E
lvPfRPX530RbAOBEygbgRDAN4ESOE+BE9RngRFsg4ETBJuBEMC3gRI4z4ET1OeBEY0DgRMFG
4EQoTeBEllPgRPVZ4ERbYOBEymbgRCht4ESWc+BE/XngRFuA4ETBhuBEKI3gRI6T4ET9meBE
W6DgRMqm4EQ4reBEjrPgRAW64ERjwOBEwcbgRCjN4ESW0+BE/dngRGvg4ETK5uBEMO3gRI7z
4ET1+eBEWwDhRMEG4UQwDeFEjhPhRPUZ4URbIOFEyibhRCgt4USWM+FE9TnhRGtA4UTBRuFE
KE3hRI5T4UT1WeFEW2DhRMFm4UQwbeFElnPhRPV54URbgOFEyobhRCiN4USOk+FE9ZnhRFug
4UTKpuFEKK3hRJaz4UT1ueFEW8DhRMHG4UQwzeFEltPhRPXZ4URb4OFEwebhRCjt4USO8+FE
9fnhRGMA4kTKBuJEKA3iRI4T4kT9GeJE9yDiRMEm4kQoLeJEjjPiRP054kRbQOJEwUbiRDBN
4kSWU+JE9VniRFtg4kTBZuJEKG3iRJZz4kT9eeJEW4DiRMGG4kQojeJElpPiRP2Z4kRboOJE
wabiRCit4kSOs+JE/bniRFvA4kTKxuJEKM3iRI7T4kT92eJEW+DiRMHm4kQo7eJElvPiRPX5
4kRbAONE0gbjRCgN40SfE+NE/RnjRFsg40TBJuNEKC3jRJYz40T1OeNEY0DjRMFG40QoTeNE
llPjRP1Z40RbYONEwWbjRCht40SOc+NE/XnjRFuA40TKhuNEKI3jRI6T40T1meNEW6DjRMGm
40QoreNEjrPjRPW540RbwONEwcbjRCjN40SO0+NE/dnjRFvg40TK5uNEKO3jRI7z40T1+eNE
YwDkRMEG5EQoDeRElhPkRP0Z5ERjIOREyibkRCgt5ESWM+RE/TnkRFtA5ETBRuREME3kRJZT
5ET1WeREW2DkRMFm5EQobeREjnPkRP155ERbgOREyobkRDCN5ESOk+RE9ZnkRLWg5ETBpuRE
MK3kRJaz5ET1ueREY8DkRMrG5EQozeREltPkRPXZ5ERj4OREwebkRCjt5ESW8+RE/fnkRFsA
5UTBBuVEKA3lRI4T5UT9GeVEWyDlRMEm5UQoLeVEjjPlRPU55URjQOVEykblRDBN5USOU+VE
9VnlRFtg5UTBZuVEMG3lRI5z5UT1eeVEW4DlRMGG5UQwjeVEjpPlRAWa5URjoOVEwablRCit
5USWs+VE/bnlRFvA5UTBxuVEMM3lRI7T5UT12eVEY+DlRMHm5UQo7eVEjvPlRPX55URbAOZE
ygbmRCgN5kSOE+ZE/RnmRGMg5kTKJuZEKC3mRI4z5kT9OeZEW0DmRMpG5kQoTeZEllPmRPVZ
5kRbYOZEymbmRCht5kSOc+ZE9XnmRGOA5kTKhuZEKI3mRI6T5kT9meZEY6DmRMGm5kQoreZE
jrPmRP255kRjwOZEwcbmRDDN5kSO0+ZE/dnmRGPg5kTB5uZEKO3mRJbz5kT9+eZEWwDnRNIG
50QoDedEjhPnRPUZ50RRIedEyibnRCgt50SOM+dE/TnnRGNA50TBRudEME3nRJZT50T1WedE
W2DnRMFm50QobedEjnPnRP1550RjgOdEyobnRCiN50SOk+dE/ZnnRGug50TKpudEKK3nRJaz
50T9uedEW8DnRMHG50QwzedEjtPnRP3Z50Rj4OdEwebnRCjt50SO8+dE/fnnRGMA6ETBBuhE
MA3oRI4T6ET1GehEYyDoRMEm6EQwLehEjjPoRPU56ERbQOhEykboRDBN6ESWU+hE9VnoRGNg
6ETBZuhEMG3oRJZz6ET9eehEY4DoRMGG6EQojehEjpPoRP2Z6ERboOhEwaboRCit6ESWs+hE
9bnoRGPA6ETBxuhEKM3oRI7T6ET12ehEY+DoRMHm6EQo7ehEjvPoRPX56ERbAOlEygbpRDAN
6USOE+lE/RnpRGMg6UTBJulEKC3pRI4z6UT1OelEY0DpRMFG6UQoTelEjlPpRP1Z6URbYOlE
wWbpRCht6USOc+lE/XnpRFuA6UTBhulEKI3pRI6T6UT9melEB6HpRMqm6UQorelEjrPpRP25
6URjwOlEwcbpRCjN6USO0+lE9dnpRGPg6UTB5ulEMO3pRJbz6UT1+elEWwDqRMEG6kQwDepE
lhPqRPUZ6kRjIOpEwSbqRDAt6kSOM+pE9TnqRFtA6kTBRupEME3qRI5T6kT1WepEY2DqRMFm
6kQwbepEjnPqRPV56kRjgOpEyobqRCiN6kSWk+pE/ZnqRGOg6kTKpupEKK3qRI6z6kT1uepE
Y8DqRMrG6kQozepEjtPqRPXZ6kRb4OpEyubqRCjt6kSW8+pE9fnqRFsA60TBButEMA3rRI4T
60T9GetEYyDrRMom60QwLetEjjPrRP0560RbQOtEwUbrRChN60SWU+tE9VnrRGNg60TKZutE
KG3rRJZz60T1eetEY4DrRMGG60QojetElpPrRPWZ60RboOtEyqbrRCit60SOs+tE/bnrRFvA
60TBxutEKM3rRI7T60T92etEW+DrRMHm60Qw7etElvPrRP3560RbAOxEwQbsRCgN7ESWE+xE
/RnsRMUg7ETKJuxEKC3sRJYz7ET9OexEY0DsRMFG7EQoTexEjlPsRPVZ7ERbYOxEwWbsRCht
7ESOc+xE9XnsRGOA7ETBhuxEKI3sRI6T7ET1mexEW6DsRMGm7EQorexEjrPsRP257ERbwOxE
ysbsRCjN7ESf0+xE/dnsRGPg7ETB5uxEKO3sRI7z7ET1+exEWwDtRMoG7UQwDe1EjhPtRP0Z
7URbIO1EwSbtRCgt7USOM+1E/TntRFtA7UTBRu1EKE3tRI5T7UT9We1EW2DtRMFm7UQwbe1E
jnPtRAV67URbgO1EyobtRCiN7USWk+1E9ZntRGOg7UTBpu1EKK3tRJaz7UQFuu1EW8DtRMrG
7UQoze1EjtPtRPXZ7URj4O1EyubtRCjt7USW8+1E9fntRFsA7kTKBu5EKA3uRJYT7kT9Ge5E
WyDuRMEm7kQoLe5EljPuRPU57kRbQO5EwUbuRChN7kSWU+5E9VnuRGNg7kTBZu5EKG3uRI5z
7kT1ee5EW4DuRMqG7kQoje5EjpPuRPWZ7kRboO5EwabuRCit7kSOs+5E9bnuRGPA7kTBxu5E
MM3uRJbT7kT12e5EY+DuRMHm7kQo7e5ElvPuRP357kRbAO9EwQbvRCgN70SWE+9E/RnvRGsg
70TBJu9EMC3vRI4z70T9Oe9Ea0DvRMFG70QwTe9EjlPvRPVZ70RjYO9EwWbvRCht70SWc+9E
9XnvRFuA70TBhu9EMI3vRI6T70T9me9EW6DvRMGm70Qore9ElrPvRPW570RbwO9EwcbvRCjN
70SO0+9E9dnvRGPg70TB5u9EMO3vRI7z70T9+e9EawDwRMoG8EQwDfBEjhPwRPUZ8ERjIPBE
yibwRCgt8ESWM/BE9TnwRGNA8ETBRvBEME3wRJZT8ET1WfBEY2DwRMpm8EQwbfBEjnPwRP15
8ERbgPBEyobwRCiN8ESWk/BE/ZnwRFug8ETBpvBEMK3wRI6z8ET1ufBEY8DwRMHG8EQozfBE
jtPwRPXZ8ERj4PBE0ubwRCjt8ESO8/BE/fnwRFsA8UTBBvFEMA3xRI4T8UT1GfFEByHxRMEm
8UQoLfFEljPxRPU58URjQPFEwUbxRChN8USOU/FE/VnxRGNg8UTBZvFEKG3xRI5z8UT9efFE
Y4DxRMGG8UQojfFEjpPxRPWZ8URboPFEwabxRCit8USOs/FE9bnxRFvA8UTKxvFEKM3xRI7T
8UT12fFEW+DxRMrm8UQo7fFEjvPxRP358URjAPJEwQbyRDAN8kSWE/JE9RnyRFsg8kTKJvJE
KC3yRI4z8kT9OfJEW0DyRMFG8kQoTfJEjlPyRP1Z8kRbYPJEwWbyRCht8kSWc/JE9XnyRFuA
8kTBhvJEKI3yRI6T8kT9mfJEW6DyRMGm8kQorfJElrPyRPW58kRjwPJEysbyRCjN8kSW0/JE
/dnyRFvg8kTz5vJEKO3yRI7z8kT9+fJEWwDzRMoG80QwDfNEjhPzRP0Z80RjIPNEwSbzRCgt
80SOM/NE9TnzRFtA80TKRvNEKE3zRI5T80T1WfNEY2DzRMpm80QobfNEjnPzRPV580RbgPNE
yobzRDCN80SOk/NE9ZnzRFGh80TSpvNEKK3zRI6z80T9ufNE</AssayXData><AssayYData Points="900">OL2hQE4ZokBeF6JAFy+iQJJiokAdeaJA80eiQGMvokB4faJAPmiiQEtwokBqpaJAwHqiQLei
okBUhKJADbGiQACUokBjq6JAibyiQOCVokC/vKJA19eiQLzCokBY0KJA3cOiQDfVokAwvKJA
lM6iQBnJokCjn6JAkOiiQN7eokAGs6JAX+yiQKILo0AqA6NAQNuiQD7wokCtCqNAHsiiQL8J
o0Do+KJAc+miQLn5okBS96JAxeaiQHoSo0BwEKNAOgSjQET/okBU9aJAoeiiQCwxo0CpLqNA
hhWjQHU7o0CDMKNABhmjQCsro0CqTaNAfyCjQO0Lo0AcOqNAqiajQM04o0BBNKNAhEajQGoR
o0BnRKNA9jmjQPhyo0BNKKNAilmjQNsro0A3UKNA73OjQONSo0D5UaNA5V6jQKNfo0AQOaNA
bFajQGFto0AOWaNAJWKjQHNko0BxWaNAv12jQA9io0AbTKNAa4ejQEl4o0BziqNApYCjQN+V
o0AEhKNA2V2jQJt5o0DmaaNAfqCjQPebo0BUdKNA0YKjQD2Qo0DCnKNA+HejQG1+o0Bho6NA
YIyjQAuoo0AgvaNAXYmjQJ6+o0Adn6NAGKCjQMiao0C1pqNAl7ujQD6Uo0CsdqNA+82jQLeu
o0D1uqNA6cqjQICyo0CBt6NAt66jQDajo0BFpaNAEOKjQP7Qo0Dey6NAe66jQMfMo0BT5KNA
kdajQMPRo0AIsaNAebejQOXUo0CJ16NAVM2jQJ/jo0AqzqNAK9WjQDvlo0A/yaNAx7+jQJsD
pEBW56NA4tSjQNz9o0Di8KNAie+jQB/Wo0CL56NATeyjQAHzo0AEEKRAbO2jQC/yo0Bj9qNA
ZeijQGf/o0A3G6RAbfyjQB/5o0DBEaRAu/ujQP3po0DjBaRAyCakQIL3o0BeEaRA4y+kQMoH
pEC1DKRAryKkQN4ZpEAh8aNAah+kQBkIpEBaN6RAfgCkQLsxpEAh3qNA5TqkQOQXpEBbIaRA
ZjOkQDYspECPLqRA4yOkQDAcpECnLqRAPmakQN8mpEBlRqRAkwakQEI0pEBcJKRAVzukQDVI
pEAmR6RAHzOkQBs4pEDxPqRALVykQKJZpEBQhKRAm1GkQDgrpED4kKRAHDOkQC1FpEC+YKRA
JEmkQIE6pEASraRAumSkQDM2pEBkQKRAGVKkQCVkpEBRb6RApHekQHxzpEBwTaRAnmSkQPRb
pEAFU6RAtm2kQG2cpEA5YaRA5YWkQCWMpEDCY6RAhYGkQKtypEAelqRAx16kQFaHpECweKRA
2pikQKl9pECHgaRA0I2kQP+QpEAqj6RAwZmkQI2IpECcVaRAFZGkQPWepEBNoaRAq4KkQJV9
pEBdiaRApbykQKmKpEA5oKRArJSkQH20pEDYuqRADLSkQDujpECClaRAnYSkQIGfpEAHsqRA
u6WkQEV6pED1zKRABICkQJmwpED+kqRAH6+kQNiVpEDLr6RA5qSkQLLQpECJjKRATM2kQF2+
pED+nqRAP7+kQBuxpECknqRAQ9SkQE/LpECjpKRAH7mkQE7LpECj7aRAfsekQCalpEAew6RA
kaukQOrppEAnoKRAMLOkQATypEAxwaRANJCkQFXQpEDg3aRAttmkQDnVpEBVxaRAQfekQEXW
pEBt76RAGcekQKu/pEDi2KRAHNukQA3ipEDJxKRAbuWkQF/epEA4C6VAB/SkQHnlpEBl4KRA
sPakQI73pEAj5qRAphulQPgNpUBiAaVAzgqlQBzjpEANBaVAvfukQPMLpUDCGqVAcQ6lQI4Q
pUAHDKVA0fykQFwYpUAV2qRAwhKlQE4BpUBW46RAkwulQL/4pEA18aRALgilQPAppUD4CaVA
ZfCkQFcVpUCL46RAVwulQEsvpUB1EaVA1SKlQDI2pUDXJaVA6xWlQG9ApUDnK6VAvPekQKAL
pUD6EKVAnCWlQKk0pUBjK6VAqTelQIsNpUDvUqVAdRilQMASpUBlJKVAth+lQPQJpUDMRqVA
Fg6lQCxDpUALJqVAuFylQDT7pEDbNaVAm0alQOE2pUDhMqVA2SClQJJmpUAxIaVAtGelQLJR
pUA7NaVAtFmlQJ4upUCYXKVABz6lQCxZpUDfUKVAFmOlQCxapUDuNKVAEDOlQDVQpUDiYaVA
D0ylQOhBpUDNPqVAakOlQNRapUAHb6VAq1ilQPNMpUAjUKVApT6lQF9DpUAFeqVAuWKlQPNK
pUD3baVAG3mlQO5JpUCkYaVADZalQAlhpUC9ZqVA1VClQHNLpUBIj6VAVlylQGtjpUCebqVA
gpClQFJlpUDof6VAoGilQMpnpUDaaKVAa6OlQBh1pUBMUaVAi3ulQMeUpUBrbKVAdK+lQMRT
pUAMl6VAWZ+lQLmDpUBUg6VAfIqlQHx7pUColqVA35WlQIShpUAbdKVAU4ylQPaJpUDUe6VA
PEClQIKxpUBonKVAoYalQJeOpUAjyqVAgZ2lQLKfpUCGkqVAxbOlQOB8pUB9waVAV5WlQHil
pUCkz6VAb5ylQNeGpUDztKVAabClQI+epUCAoaVAkNmlQECSpUCfqaVAZ8alQGaupUAawqVA
2ZWlQOa2pUAd1KVAwqylQK6VpUCvvqVA99ulQLTGpUC1kKVATMSlQHTopUCLuKVAspylQHe/
pUCy1KVAe7mlQNIMpkAV1aVAh56lQIbhpUBU0qVALdqlQMbEpUC6uKVA/cWlQOnqpUDDuaVA
7uClQOPSpUB9/6VAwa2lQBPipUDz46VA37+lQB6ipUBg86VAnrSlQNzUpUC/+KVAEdSlQDPS
pUDd+qVAB+WlQPHUpUCp3qVAifqlQHnspUDB8qVAP7WlQFXipUDu5aVAJdylQK+6pUCZ3qVA
9/+lQM/zpUC1D6ZACeClQFEDpkBX7aVAN8elQLz2pUCI6aVAavilQI7apUAK8aVAVvWlQNIV
pkCJ3qVA/+ylQH8QpkAa4qVA09SlQMj/pUC26qVAnQqmQOkGpkDgFKZAehimQPT8pUAyJ6ZA
KuilQH3jpUDrHaZAU+qlQMLapUD+L6ZAW+KlQBoKpkB5IqZA5A2mQJUupkBpAKZA1A+mQKoE
pkBoG6ZALASmQFAHpkCTLKZAVfilQPbwpUBfIqZAoSumQEMZpkAFPqZAbAumQL4GpkAQIaZA
szWmQJkZpkB49qVAky6mQONFpkB1FqZATxamQPhNpkB2EKZAtjymQLBKpkAZRaZAHCOmQD87
pkBIJqZA3VKmQD9TpkBkHaZAgUWmQEhCpkC4OaZARUGmQDQ1pkAGR6ZAQSumQOA5pkBzdaZA
miCmQDJFpkC1N6ZAHCWmQIU8pkBGR6ZAFTCmQHoWpkBvTqZAPS2mQENBpkB4QqZA/1WmQB8e
pkClY6ZACjqmQJk+pkDEQqZA9HCmQKI7pkAHW6ZAWV+mQC4gpkAuUaZANm2mQPwkpkBpLKZA
A4CmQEFGpkAGRKZAjWimQGpzpkA8T6ZAO3GmQMdlpkCnOqZAr2KmQJlzpkDWhaZAL1imQGFh
pkC4XKZAsE+mQKRtpkCtVaZASW6mQI5EpkCIc6ZAHXOmQCKjpkBgWqZAjEamQOh0pkAxhKZA
BXKmQDp4pkA/gKZAnUumQJ6UpkDog6ZA11umQIJ0pkAlcKZAfmWmQJCIpkCngqZAqp+mQHls
pkBeX6ZAwKamQEd5pkC4YqZAUJqmQKOGpkArp6ZAEHOmQGqepkDhbqZAn3OmQNuOpkAub6ZA
XnOmQOxqpkA4d6ZA/o+mQId4pkBwaKZAqZCmQP/ApkAWhaZAOWWmQNS2pkCbrqZAKYmmQICT
pkD9qKZA05amQJmkpkCXpKZAVHamQFaEpkCmhaZAUoymQKaZpkBAmqZAi4OmQPJxpkBIq6ZA
sJ+mQBOVpkD1raZAs6CmQJeMpkCPraZATr6mQMGWpkDIzaZAnsmmQF6RpkAMnaZASsKmQO6Z
pkCjpKZAKKamQJCepkA9u6ZAZrWmQDGbpkC+oKZAY6ymQNOepkDMxKZAYIymQJ2epkAvvKZA
i+GmQGXhpkD6i6ZAeZOmQI/ApkAagqZAm7amQFTkpkCwu6ZACMOmQDXApkBm0aZAQqCmQDTQ
pkDOz6ZAI6+mQLe/pkCQ3qZAJsqmQJTQpkAhwqZAsb6mQAvIpkDS5qZA7samQEO/pkBfwqZA
NLymQBq3pkBCtKZATtymQEvdpkAt96ZAz82mQEXmpkA1v6ZAsPymQMXYpkBu3aZA/NemQCLL
pkBq1KZABgunQKLtpkCSDqdAkeKmQI3zpkDWyaZAOvmmQLvYpkCY+qZA0dumQI7qpkCR7KZA
i/2mQDUEp0Bx9qZAyhKnQCLypkD8yKZAYeKmQJsYp0A25aZAaNWmQDwRp0Bf7aZAne6mQB8c
p0AG5KZAq9SmQIMBp0B8E6dAcd2mQKMMp0BAAadA1PumQJ37pkBc66ZA4wqnQMbdpkCAGKdA
EvGmQMrupkDN/KZAzPymQLjXpkAH+KZAj9SmQAvxpkDg5aZASAWnQFj5pkDICKdA7TanQO74
pkAMEadA6AmnQKUBp0C3I6dAPgKnQM4Qp0Ad3aZAYwynQH4ip0C7EqdAJAOnQMhHp0CTA6dA
5QqnQEcVp0AZ/aZALjunQAIVp0CWF6dAXSenQNkjp0DNI6dAzRmnQFE4p0CVJKdAwjWnQJkl
p0DOOKdAJAWnQHtMp0BSD6dALfCmQB8sp0DpD6dA3BqnQE0gp0AHR6dAEHCnQLojp0AmFKdA
+T+nQG75pkDTI6dAKl6nQNFCp0AYSqdA4DCnQGMjp0C5OKdA</AssayYData></Step><Step><CommonData><SampleLocation>3</SampleLocation><SampleID>Octet Buffer</SampleID><SampleGroup></SampleGroup><SampleInfo></SampleInfo><SampleRow>I</SampleRow><SamplePlate>1</SamplePlate><WellType>BUFFER</WellType><Concentration>-1</Concentration><ConcentrationUnits>µg/ml</ConcentrationUnits><MolarConcentration>-1</MolarConcentration><MolarConcUnits>nM</MolarConcUnits><MolecularWeight>0</MolecularWeight><Temperature>30</Temperature><StartTime>2258048</StartTime><AssayTime>300</AssayTime></CommonData><FlowRate>1000</FlowRate><StepType>DISASSOC</StepType><StepName>Dissociation</StepName><StepStatus>OK</StepStatus><ActualTime>300</ActualTime><CycleTime>0.2</CycleTime><AssayXData Points="1500">ZMDzRMrG80Q5zfNEl9PzRAba80Rk4PNEyubzRDHt80SX8/NE/vnzRGwA9ETKBvREMQ30RJcT
9EQGGvREbCD0RMom9EQxLfREnzP0RAY69ERkQPRE00b0RDFN9ESfU/REBlr0RGRg9ETTZvRE
MW30RJ9z9ET+efREZID0RMqG9EQxjfREn5P0RP6Z9ERkoPREyqb0RDmt9ESXs/REBrr0RGTA
9ETTxvREOc30RJfT9ET+2fREbOD0RMrm9EQx7fREl/P0RAb69ERsAPVE0wb1RDEN9URLFPVE
/hn1RGQg9UTKJvVEMS31RJcz9UQGOvVEZED1RMpG9UQxTfVEn1P1RAZa9URkYPVEymb1RDlt
9USXc/VE/nn1RGSA9UTKhvVEOY31RJeT9UT+mfVEZKD1RMqm9UQ5rfVEn7P1RP659URswPVE
ysb1RDnN9USX0/VE/tn1RGTg9UTK5vVEMe31RJfz9UT++fVEZAD2RMoG9kQ5DfZElxP2RAYa
9kRsIPZEyib2RDkt9kSfM/ZEBjr2RGRA9kTKRvZEMU32RJdT9kQOWvZEbGD2RMpm9kQ5bfZE
n3P2RP559kRsgPZEyob2RDmN9kSXk/ZE/pn2RGSg9kTKpvZEMa32RJ+z9kT+ufZEZMD2RNvG
9kQxzfZEn9P2RP7Z9kRk4PZE0+b2RDnt9kSX8/ZE/vn2RGQA90TKBvdEMQ33RJcT90T+GfdE
bCD3RMom90Q5LfdElzP3RAY690RkQPdEykb3RDFN90SfU/dE/ln3RGxg90TKZvdEOW33RJ9z
90QGevdEZID3RMqG90Q5jfdEApT3RP6Z90RsoPdEyqb3RDGt90SXs/dE/rn3RGzA90TKxvdE
Mc33RJfT90T+2fdEZOD3RMrm90Q57fdEl/P3RP7590RsAPhEygb4RDEN+ESfE/hEBhr4RGQg
+ETKJvhEOS34RJ8z+EQGOvhEbED4RMpG+EQxTfhEl1P4RP5Z+ERsYPhEymb4RDlt+ESXc/hE
Bnr4RGyA+ETKhvhEMY34RJ+T+ET+mfhEZKD4RNOm+EQxrfhEl7P4RAa6+ERkwPhEysb4RDHN
+ESX0/hE/tn4RGTg+ETT5vhEOe34RJ/z+EQG+vhEbAD5RMoG+UQxDflEnxP5RP4Z+URkIPlE
0yb5RDEt+USXM/lE/jn5RGRA+UTKRvlEMU35RJdT+UT+WflEbGD5RMpm+UQxbflEl3P5RP55
+URkgPlEyob5RDmN+USXk/lE/pn5RGSg+UTTpvlEOa35RJ+z+UT+uflEbMD5RMrG+UQxzflE
n9P5RP7Z+URk4PlEyub5RDnt+USf8/lE/vn5RGQA+kTKBvpEMQ36RKgT+kQGGvpEZCD6RMom
+kQxLfpElzP6RP45+kRkQPpE00b6RDFN+kSXU/pEVFz6RHJh+kTKZvpEMW36RJdz+kT+efpE
ZID6RMqG+kQxjfpEl5P6RP6Z+kRkoPpEyqb6RDmt+kSXs/pE/rn6RGzA+kTKxvpEOc36RJfT
+kT+2fpEZOD6RNPm+kQx7fpEl/P6RP75+kRsAPtEygb7RDEN+0SXE/tEBhr7RGQg+0TKJvtE
MS37RJcz+0T+OftEZED7RMpG+0QxTftEn1P7RP5Z+0RkYPtEymb7RDlt+0Sfc/tE/nn7RGSA
+0TKhvtEMY37RJeT+0T+mftEZKD7RNOm+0QxrftEn7P7RP65+0RkwPtEysb7RDHN+0SX0/tE
/tn7RGTg+0TT5vtEMe37RJfz+0T++ftEZAD8RNMG/EQxDfxEnxP8RP4Z/ERkIPxEyib8RDkt
/ESfM/xE/jn8RGxA/ETTRvxEOU38RJ9T/ET+WfxEbGD8RNNm/EQxbfxEl3P8RP55/ERsgPxE
yob8RDGN/ESfk/xE/pn8RGyg/ETKpvxEMa38RJez/ET+ufxEZMD8RMrG/EQxzfxEl9P8RAba
/ERs4PxEyub8RDHt/ESf8/xE/vn8RGQA/UTKBv1EOQ39RJcT/UQGGv1EZCD9RMom/UQxLf1E
lzP9RP45/URkQP1Eykb9RDFN/USXU/1E/ln9RGxg/UTTZv1EMW39RJ9z/UT+ef1EZID9RNOG
/UQ5jf1El5P9RP6Z/URsoP1E06b9RDGt/USXs/1E/rn9RGTA/UTKxv1EOc39RJfT/UQG2v1E
ZOD9RMrm/UQ57f1El/P9RAb6/URkAP5Eygb+RDkN/kSXE/5E/hn+RGQg/kTKJv5EMS3+RJcz
/kQGOv5EZED+RNNG/kQxTf5En1P+RP5Z/kRkYP5E02b+RDFt/kSfc/5EBnr+RGyA/kTKhv5E
MY3+RJ+T/kQGmv5EZKD+RNOm/kQxrf5El7P+RP65/kRkwP5Eysb+RDnN/kSf0/5E/tn+RGTg
/kTK5v5EMe3+RJfz/kQG+v5EZAD/RNMG/0QxDf9EnxP/RAYa/0RkIP9E0yb/RDkt/0SfM/9E
/jn/RGRA/0TTRv9EOU3/RJ9T/0QGWv9EZGD/RMpm/0Qxbf9El3P/RP55/0RkgP9Eyob/RDGN
/0Sfk/9EBpr/RGSg/0TKpv9EMa3/RJ+z/0T+uf9EZMD/RMrG/0Q5zf9En9P/RAba/0Rk4P9E
0+b/RDnt/0SX8/9EBvr/RDYAAEVlAwBFnAYARdQJAEUDDQBFMhAARWUTAEWcFgBFzBkARQMd
AEUyIABFZSMARZgmAEXMKQBF/ywARTIwAEVpMwBFmDYARdA5AEX/PABFNkAARWlDAEWYRgBF
zEkARf9MAEUyUABFZVMARZhWAEXMWQBF/1wARTJgAEVlYwBFmGYARdBpAEX/bABFMnAARWlz
AEWcdgBFzHkARf98AEUygABFaYMARZyGAEXQiQBFB40ARTaQAEVpkwBFmJYARcyZAEUDnQBF
NqAARWmjAEWYpgBFzKkARf+sAEUysABFabMARZy2AEXMuQBFA70ARTLAAEVpwwBFmMYARdzJ
AEX/zABFMtAARWXTAEWY1gBF1NkARf/cAEU24ABFaeMARZzmAEXM6QBF/+wARUTxAEXI8wBF
nPYARcz5AEX//ABFMgABRWkDAUWYBgFF0AkBRf8MAUUyEAFFaRMBRZgWAUXQGQFF/xwBRTIg
AUVlIwFFnCYBRcwpAUX/LAFFMjABRWkzAUWYNgFFzDkBRf88AUU2QAFFaUMBRZhGAUXMSQFF
/0wBRTZQAUVlUwFFmFYBRcxZAUX/XAFFNmABRWljAUWYZgFFzGkBRf9sAUUycAFFaXMBRZx2
AUXQeQFFA30BRTKAAUVlgwFFmIYBRcyJAUUDjQFFMpABRWmTAUWclgFFzJkBRQOdAUUyoAFF
ZaMBRZimAUXMqQFFA60BRTKwAUVpswFFmLYBRcy5AUUDvQFFNsABRWXDAUWcxgFF0MkBRQPN
AUUy0AFFZdMBRZzWAUXM2QFFA90BRTLgAUVl4wFFmOYBRdDpAUX/7AFFMvABRWXzAUWc9gFF
zPkBRQP9AUUyAAJFZQMCRZgGAkXwCQJF/wwCRTIQAkVpEwJFmBYCRdAZAkX/HAJFOiACRWkj
AkWYJgJF0CkCRQMtAkU2MAJFZTMCRZw2AkXQOQJF/zwCRTJAAkVlQwJFnEYCRdBJAkX/TAJF
MlACRWVTAkWcVgJFzFkCRf9cAkUyYAJFZWMCRZhmAkXQaQJF/2wCRTJwAkVpcwJFmHYCRdB5
AkX/fAJFNoACRWWDAkWYhgJFzIkCRf+MAkUykAJFZZMCRZiWAkXQmQJF/5wCRTagAkVpowJF
nKYCRcypAkUDrQJFNrACRWWzAkWYtgJFzLkCRf+8AkUywAJFacMCRZzGAkXMyQJFA80CRTbQ
AkVl0wJFnNYCRdDZAkX/3AJFMuACRWnjAkWY5gJFzOkCRf/sAkUy8AJFafMCRZj2AkXM+QJF
A/0CRTYAA0VlAwNFmAYDRcwJA0X/DANFMhADRWkTA0WYFgNF0BkDRQMdA0UyIANFZSMDRZwm
A0XMKQNFAy0DRTIwA0VpMwNFmDYDRcw5A0UDPQNFMkADRWVDA0WYRgNF0EkDRf9MA0UyUANF
ZVMDRZhWA0XQWQNFA10DRTJgA0VlYwNFmGYDRcxpA0X/bANFNnADRWVzA0WYdgNFzHkDRf98
A0UygANFZYMDRZiGA0XMiQNF/4wDRTaQA0VlkwNFnJYDRcyZA0UDnQNFMqADRWWjA0WcpgNF
zKkDRf+sA0U2sANFabMDRZi2A0XMuQNF/7wDRTLAA0VlwwNFmMYDRczJA0X/zANFNtADRWnT
A0WY1gNFzNkDRf/cA0Uy4ANFZeMDRZzmA0XM6QNFA+0DRTLwA0Vl8wNFmPYDRdD5A0UD/QNF
MgAERWUDBEWcBgRF0AkERf8MBEUyEARFZRMERZgWBEXQGQRFAx0ERTIgBEVlIwRFmCYERdAp
BEUDLQRFNjAERWUzBEWcNgRFzDkERf88BEUyQARFZUMERZhGBEXMSQRF/0wERTJQBEVlUwRF
mFYERcxZBEX/XARFMmAERWVjBEWYZgRFzGkERf9sBEU2cARFZXMERZh2BEXMeQRF/3wERTKA
BEVlgwRFmIYERWOKBEUDjQRFMpAERWmTBEWYlgRF0JkERf+cBEUyoARFZaMERZymBEXQqQRF
/6wERTKwBEXYswRFnLYERcy5BEUDvQRFMsAERWXDBEWYxgRF0MkERf/MBEUy0ARFadMERZzW
BEXM2QRF/9wERTLgBEVl4wRFmOYERczpBEX/7ARFMvAERWXzBEWY9gRF0PkERf/8BEUyAAVF
ZQMFRZgGBUXQCQVFAw0FRTIQBUVlEwVFnBYFRdAZBUX/HAVFNiAFRWUjBUWYJgVFzCkFRQMt
BUU2MAVFZTMFRZw2BUXMOQVFAz0FRTJABUVlQwVFnEYFRdBJBUX/TAVFMlAFRWlTBUWcVgVF
zFkFRf9cBUU2YAVFZWMFRZxmBUXMaQVF/2wFRTJwBUVpcwVFnHYFRcx5BUUDfQVFMoAFRWWD
BUWYhgVFzIkFRf+MBUUykAVFZZMFRZiWBUXQmQVF/5wFRTKgBUVlowVFmKYFRcypBUX/rAVF
MrAFRWWzBUWYtgVFzLkFRQO9BUU2wAVFZcMFRZzGBUW9ygVFSM0FRTLQBUVl0wVFnNYFRczZ
BUUD3QVFNuAFRWnjBUWc5gVF0OkFRf/sBUUy8AVFafMFRZj2BUXQ+QVFA/0FRTIABkVlAwZF
nAYGRdAJBkX/DAZFNhAGRWkTBkWYFgZFzBkGRf8cBkUyIAZFaSMGRZgmBkXMKQZFAy0GRTIw
BkVpMwZFnDYGRcw5BkUDPQZFMkAGRWlDBkWYRgZFzEkGRQNNBkUyUAZFaVMGRZhWBkXMWQZF
/1wGRTJgBkVpYwZFmGYGRcxpBkX/bAZFMnAGRWVzBkWYdgZFzHkGRQN9BkUygAZFaYMGRZyG
BkXQiQZF/4wGRTKQBkVpkwZFmJYGRcyZBkUDnQZFNqAGRWWjBkWYpgZF0KkGRQOtBkUysAZF
abMGRZy2BkXQuQZF/7wGRTLABkVpwwZFmMYGRdDJBkX/zAZFMtAGRWXTBkWY1gZF0NkGRf/c
BkU24AZFaeMGRZjmBkXM6QZFA+0GRTbwBkVl8wZFmPYGRdD5BkUD/QZFMgAHRWkDB0WYBgdF
mAoHRSQNB0UyEAdFZRMHRZwWB0XMGQdF/xwHRTYgB0VlIwdFnCYHRdApB0UDLQdFNjAHRWUz
B0WcNgdF0DkHRf88B0U2QAdFZUMHRZhGB0XMSQdF/0wHRTJQB0VpUwdFnFYHRcxZB0X/XAdF
MmAHRWljB0WYZgdFzGkHRf9sB0UycAdFZXMHRZh2B0XQeQdF/3wHRTKAB0VlgwdFmIYHRdCJ
B0X/jAdFMpAHRWWTB0WYlgdF0JkHRf+cB0UyoAdFaaMHRaGmB0XQqQdF/6wHRTKwB0VlswdF
mLYHRcy5B0X/vAdFMsAHRWXDB0WYxgdFzMkHRf/MB0Uy0AdFZdMHRZzWB0XQ2QdFA90HRTLg
B0Vt4wdFmOYHRdDpB0X/7AdFMvAHRWnzB0Wc9gdFzPkHRQP9B0UyAAhFZQMIRZgGCEXMCQhF
Aw0IRTIQCEVlEwhFmBYIRcwZCEX/HAhFMiAIRWUjCEWcJghFzCkIRf8sCEUyMAhFZTMIRaE2
CEXQOQhFAz0IRTZACEVpQwhFmEYIRa1KCEU0TQhFMlAIRWVTCEWYVghFzFkIRQNdCEUyYAhF
aWMIRZxmCEXQaQhF/2wIRTJwCEVlcwhFcncIRf15CEX/fAhFNoAIRWWDCEWYhghFzIkIRf+M
CEUykAhFZZMIRZyWCEXMmQhF/5wIRTagCEVpowhFnKYIRcypCEUDrQhFMrAIRWWzCEWYtghF
0LkIRf+8CEU2wAhFZcMIRZjGCEXQyQhF/8wIRTLQCEVl0whFmNYIRdDZCEX/3AhFNuAIRWnj
CEWY5ghF0OkIRf/sCEU28AhFZfMIRZj2CEXQ+QhFA/0IRTIACUVlAwlFmAYJRdAJCUX/DAlF
MhAJRWUTCUWcFglFzBkJRf8cCUUyIAlFZSMJRZgmCUXMKQlF/ywJRTIwCUVlMwlFmDYJRdA5
CUX/PAlFMkAJRWlDCUWYRglFzEkJRf9MCUUyUAlFaVMJRZhWCUXMWQlFA10JRTZgCUVlYwlF
mGYJRcxpCUX/bAlFMnAJRWlzCUWYdglFzHkJRQN9CUU2gAlFZYMJRZiGCUWAiglFC40JRTaQ
CUVlkwlFmJYJRcyZCUX/nAlFMqAJRWWjCUWcpglF0KkJRf+sCUU2sAlFZbMJRZy2CUXMuQlF
/7wJRTLACUVlwwlFmMYJRczJCUUDzQlFMtAJRWXTCUWc1glFzNkJRf/cCUU24AlFaeMJRZjm
CUXM6QlF/+wJRTbwCUVl8wlFnPYJRdD5CUUD/QlFNgAKRWUDCkWYBgpFzAkKRQMNCkU2EApF
ZRMKRZgWCkXMGQpF/xwKRTYgCkVlIwpFmCYKRdApCkX/LApFMjAKRWUzCkWcNgpF0DkKRf88
CkU2QApFaUMKRZxGCkXMSQpFA00KRTJQCkVpUwpFmFYKRcxZCkUDXQpFMmAKRWVjCkWYZgpF
zGkKRf9sCkU2cApFZXMKRZx2CkXQeQpFA30KRTKACkVlgwpFnIYKRdCJCkX/jApFNpAKRWWT
CkWclgpFzJkKRQOdCkUyoApFZaMKRZymCkXMqQpF/6wKRTKwCkVtswpFnLYKRdC5CkX/vApF
NsAKRWnDCkWYxgpFmMoKRSjNCkUy0ApFZdMKRZjWCkXQ2QpF/9wKRTLgCkVl4wpFmOYKRczp
CkX/7ApFMvAKRWnzCkWc9gpFzPkKRQP9CkU2AAtFaQMLRZgGC0XMCQtFAw0LRTIQC0VlEwtF
nBYLRcwZC0X/HAtFMiALRWUjC0WYJgtF0CkLRf8sC0UyMAtFaTMLRZg2C0XMOQtF/zwLRTJA
C0VlQwtFmEYLRcxJC0UDTQtFNlALRWVTC0WYVgtFzFkLRf9cC0UyYAtFaWMLRZhmC0XMaQtF
/2wLRTZwC0VpcwtFmHYLRcx5C0X/fAtFNoALRWWDC0WYhgtFzIkLRQeNC0U2kAtFaZMLRZiW
C0XMmQtF/5wLRTagC0VlowtFnKYLRcypC0X/rAtFNrALRWmzC0WYtgtFzLkLRf+8C0UywAtF
ZcMLRZzGC0XQyQtFA80LRTLQC0Vl0wtFnNYLRczZC0X/3AtFMuALRWXjC0Wc5gtF0OkLRf/s
C0U28AtFZfMLRZj2C0XM+QtFA/0LRTIADEVlAwxFmAYMRbEKDEU8DQxFMhAMRWkTDEWcFgxF
0BkMRQMdDEUyIAxFaSMMRZgmDEXMKQxF/ywMRTIwDEVlMwxFmDYMRdA5DEUDPQxFNkAMRWVD
DEWYRgxF0EkMRQNNDEUyUAxFZVMMRZhWDEXMWQxF/1wMRTZgDEVlYwxFmGYMRcxpDEX/bAxF
MnAMRWlzDEWcdgxFzHkMRf98DEUygAxFaYMMRZiGDEXQiQxFA40MRTKQDEVpkwxFmJYMRdCZ
DEX/nAxF</AssayXData><AssayYData Points="1500">BXOmQLV1pkBQ2aZA872mQFTGpkC9t6ZAhdmmQH3BpkBA5aZA4L6mQAitpkBruqZAAfSmQMjN
pkCr6aZAtOimQIrEpkCasKZAq82mQI3OpkDl9KZAtwinQEHRpkDszqZAhOemQCvmpkCn2KZA
ztymQBXUpkBWxaZAI9qmQK7LpkD1pKZAb8GmQEDopkDKz6ZAHc6mQD/0pkANzqZAYqqmQFDJ
pkCJ/qZAQbSmQAzBpkAEwqZAA72mQO/UpkAOw6ZAuM2mQAyYpkA0xqZAi5ymQF3EpkD7vKZA
PpamQCOYpkCWr6ZAx36mQFanpkBooKZA6KmmQKWUpkDlqqZAQbOmQJScpkAWm6ZACKqmQO+k
pkABraZAjrqmQC6npkCymqZA+MWmQL6ipkB3naZAnn6mQEPKpkBNkKZAsZmmQEl8pkCmpqZA
sp+mQFydpkAGjqZAsHimQI2ypkBmpqZATZimQIuhpkACsqZAWZamQM6SpkDKlaZAD4WmQCRz
pkAEm6ZAtYumQIR3pkA1jqZAO2+mQKdepkCdl6ZAJ3GmQACBpkBwjKZAEnqmQDt9pkAnjaZA
mZymQNV1pkDUoKZA5nKmQJR9pkDEbqZAaJSmQDJ9pkCSlqZAxH+mQCh5pkDrlqZAfY+mQAV1
pkDmaKZAzpmmQFB2pkCUY6ZA2JKmQMaDpkDqbqZASnqmQE6LpkBBZ6ZAtH+mQJimpkBHeKZA
6IqmQOWApkD6eqZAKWqmQGSZpkD5eqZAH3+mQFRmpkBCk6ZAtU2mQL6PpkDefaZA5m2mQDKY
pkCgdKZA9ESmQCGppkAyoKZAOXOmQPtgpkDVnKZA5mqmQFFipkDkf6ZANYGmQEVspkBvcKZA
24WmQL9apkAUSqZA7GCmQIBdpkDoPqZA3EWmQAt2pkC9UKZAAYumQJ1xpkAXWaZAlo2mQFxa
pkDfT6ZAOFamQM12pkC1cqZA0mOmQJxEpkAsXqZAqmCmQJOKpkD7ZqZAQTmmQJFdpkB2ZaZA
9FymQOKLpkDJe6ZAfWamQMRapkBBfaZAilamQIVppkBJeqZA22amQJZcpkD9cKZAfmWmQKJ5
pkDdV6ZArnWmQD1SpkC8d6ZA9WemQDdCpkBacaZA1mymQH1vpkDOgaZADmOmQEhupkDBYqZA
TU6mQO1rpkBcdaZA/zimQA12pkAldKZAC5qmQMaMpkDDbaZAHHCmQHpQpkDxVqZAa2GmQFhX
pkAdaaZACHmmQLxepkChVKZAEXymQLuqpkCtTaZASnumQMeLpkA2Q6ZA+XSmQJt3pkBCdKZA
YmamQPR9pkD7daZAnnGmQIhIpkCQaaZA3zemQLZvpkDKSqZAI3ymQAh8pkCUfqZA3Y+mQAVd
pkDFWqZAIX2mQL9fpkA6eaZANFymQIV6pkDdg6ZAXICmQAt3pkD2caZAuWimQElVpkD2fKZA
wnumQPV/pkARa6ZAkm+mQAx1pkAwjaZAwIumQIOIpkD4aaZAtommQBFipkD6oaZA4JSmQLaF
pkCTdKZAI4umQIBvpkCed6ZATSKmQNJYpkDxbKZAyVymQK9ApkA1fqZAHXOmQHJ2pkCVZaZA
xnCmQDV1pkClYqZA/U6mQCdepkDMcaZAZEqmQOGTpkDcbqZAnlymQJuDpkClj6ZAUlamQIJc
pkAAY6ZAxnWmQOuApkACcaZAo3+mQNBMpkCOVKZAF2KmQAZRpkAGXaZAtnGmQGiHpkBTVqZA
koemQKd4pkBpXKZAGn2mQKZqpkBgdqZAynemQOGHpkDgUqZAyWCmQKFgpkCtfKZAW1+mQB6c
pkBNVKZAE2umQPp/pkATcaZAYVWmQBaJpkDDV6ZA3V+mQHpmpkBwbaZAYHmmQP9ipkCRgqZA
z32mQE5bpkCHX6ZAgHamQBd2pkB2eqZAhGimQONxpkB8aqZAlVamQPNOpkDwVaZA8WGmQEyL
pkApdKZAbYmmQJp8pkDbdqZAN3GmQE1rpkBVcKZADYmmQGNopkDYa6ZAf12mQJNQpkAgV6ZA
3IOmQAqLpkCahqZAMFumQD6MpkBzZ6ZApZemQJOEpkBraqZAuo2mQPKMpkAzW6ZAd1+mQO57
pkB/m6ZAt3umQFBmpkD0kaZA5JKmQHV6pkC0fKZAO26mQCpupkCxf6ZAHU6mQFyEpkAGnKZA
s26mQKF5pkCZdKZAQIGmQC1upkALd6ZAW4emQKVepkAdfqZAemimQE1BpkC2dqZAmoCmQGll
pkBGd6ZAuKSmQCGKpkC6bqZAe5ymQMpnpkB5iaZAxIymQIg0pkCyhaZAkX6mQFt6pkD2iqZA
x4umQJeepkDGf6ZANW6mQCuTpkBqZaZAXHumQNx6pkD1T6ZAypWmQGKKpkAgdaZAu5GmQG5/
pkC/W6ZAWpKmQOlspkCifqZATXOmQE6fpkAxfqZAIHWmQNeBpkD9hKZAjYKmQGNypkC2jaZA
soGmQCV6pkDGhqZAJmKmQPedpkB6r6ZAInamQN9ipkCDeqZA4pSmQFZ3pkAnnaZAvXSmQJqJ
pkB6dqZA0WqmQLpxpkBxhKZAK2GmQOB7pkBXcKZAKI6mQBWMpkBcf6ZArnemQLaRpkBviaZA
erGmQA9qpkAokaZAYn2mQK+GpkCejaZANI6mQF2MpkBDcaZAbnGmQPtspkCnU6ZAGYCmQDSC
pkBlhqZAOISmQEuFpkAAbaZAsI+mQByapkCeqqZAn6KmQOuqpkDkmKZAco+mQKFjpkBAg6ZA
04KmQNOnpkCOl6ZAwKmmQKxtpkAThKZABZumQJt/pkBOhKZAOIimQMKtpkAudaZAcLmmQFt1
pkC/vqZAcKamQH2QpkDNqaZAu5OmQLFkpkD2e6ZAsZmmQAN3pkDZcaZAmKWmQBqYpkCycaZA
zpSmQBGfpkBZiqZAe4OmQMl+pkDSgKZA5HWmQDicpkB6saZAioamQDChpkAPqKZAv4imQAS2
pkDumKZAkremQO51pkCPs6ZANWqmQCV+pkBLe6ZARJ+mQKKspkDnrqZAw4mmQA/IpkAXgqZA
+6ymQFyOpkDcnaZASqqmQPKLpkCzwKZAo8umQHa2pkAtjKZA/sOmQO2epkD7i6ZAZrGmQOSZ
pkAJr6ZAULumQG2fpkDBuaZAuqSmQPiqpkAIsaZA+8GmQE9vpkCKmqZALKemQFyVpkAioKZA
Ba6mQKa5pkCNiqZAOYymQOXUpkDxraZAh0umQFCwpkCarqZArnumQAB+pkCMqaZAm5qmQCeY
pkBAoqZAr4mmQO3HpkCjqKZAz56mQLexpkDSxKZA1ZymQHmOpkAWsaZAyMOmQHC9pkBbwaZA
66SmQISrpkB7taZAPrOmQISYpkBRq6ZAi2+mQIqQpkB926ZAzqumQKS7pkAbmaZAc6GmQKqk
pkCRkaZAZNOmQFe9pkDinaZA636mQI6PpkCjsKZA2LGmQC2lpkBuoqZAkqimQA27pkBXsqZA
hKamQEHIpkDYpaZAj62mQOS4pkDlsaZAXramQPPFpkAchKZAdpemQJm6pkD71aZA/a+mQPqH
pkBZr6ZA+8mmQIvGpkCNz6ZA+56mQKCDpkA4rqZAD6amQLmjpkAjyaZAfqumQBCupkAUqqZA
cLimQGifpkBOuKZAyqmmQGe0pkD9q6ZAqeemQLKtpkCglqZAvNqmQLDgpkCtwaZAycemQH/M
pkCJmaZAM8CmQMi+pkA7yKZAh7amQAXupkD9wqZABL6mQH3SpkAS6KZAcLmmQNXXpkArvqZA
v6qmQD+spkBkpqZARJmmQF+ypkC6zKZAbeWmQLfJpkD92qZAWNimQBTypkBPuqZAQaCmQJG+
pkAE1aZAGJimQLqkpkAuz6ZAiNmmQOa8pkDe4qZA0b+mQFe1pkDx16ZASsqmQHatpkBS1aZA
/d6mQFCjpkBs7qZAjMumQOy5pkC51qZAsLOmQEfUpkCTxaZAZ7mmQInUpkAnyKZA+sGmQHzH
pkDb66ZAmdCmQDndpkAFvKZA1eOmQK3apkDluqZAJJumQJO/pkDi16ZAXO2mQPCipkAbtaZA
oNamQATSpkD3v6ZAzcimQH62pkAp86ZAQdOmQEGspkDsuaZAt6WmQBDJpkBmyqZAkMCmQHWx
pkAZ1qZADLqmQHG+pkA916ZANt2mQBvopkDT2qZAcMCmQK6KpkC5yqZAneemQHHhpkCyy6ZA
3+SmQIf6pkBK1qZA5aumQNTHpkBjpKZA/e+mQJfZpkDA7aZAW9SmQKTLpkCMuaZAw8umQCHe
pkARz6ZAT9qmQPvKpkDLxqZAGMymQHr8pkBRyaZAjM6mQJn1pkCDx6ZAdtGmQAATp0BM4aZA
KsmmQF2/pkBf0aZACLemQGABp0Ca36ZA7samQBfppkD7raZAktamQNKrpkD1+6ZAqe2mQCje
pkCHuaZAFhWnQErjpkBD7KZArdOmQNOypkBs0qZANd+mQBnjpkAx5KZAN+emQJCwpkDhCKdA
0/SmQFDKpkBAzqZAXPamQHTopkDy0qZAu8OmQD32pkBbxKZAGuemQCkAp0BpxKZAxQinQFPZ
pkCNBadAneimQKvCpkBL6qZAgQenQM3+pkBr0KZA7vCmQN7ZpkAI4qZAZ8mmQC/UpkBBvaZA
gtOmQNvRpkDa36ZA2/amQLjNpkC14KZA566mQJ/ZpkAC06ZAAd2mQIXQpkDUGKdAy8umQCzq
pkAa1qZAbdGmQLPXpkDyAadAlfWmQIXspkC36qZA5uimQBfhpkDO5qZARgWnQLjqpkArC6dA
+e6mQG7YpkCf56ZAheumQAb4pkD94aZAIgunQCnIpkCP5qZAqQunQAjNpkCV86ZASxanQMvw
pkDny6ZAxcqmQI8Op0AW3aZAq/WmQBHzpkDHvKZAm9ymQIYIp0C/4KZAZA+nQDkZp0CHAadA
Y/ymQCrwpkBj6aZAOt2mQC4Dp0DNAKdAFg6nQEPhpkCF7qZAAQWnQPvupkCk7qZAnganQHH1
pkBhCqdAehSnQPAAp0D2GKdAp/WmQAPepkDqAqdA9fKmQKfSpkAb/6ZAs9+mQAzvpkC566ZA
kQenQODtpkDr9qZAWPumQKLupkBI7qZAoRqnQKD3pkAj36ZA8yqnQAUip0D77aZArRCnQKnt
pkDd7KZAYh6nQPATp0Cy86ZAWxenQHoVp0DHHKdAL8umQB0tp0C++aZA/dymQK71pkAB+KZA
NgGnQB8Kp0At7KZA2hqnQPQIp0CHDKdAHN+mQP0Dp0C5+6ZAcPymQLENp0DU8KZAKeymQDfk
pkBGBKdAn/OmQJg0p0Bd+KZADw+nQDMmp0B9A6dAdi6nQBsjp0BF3qZAZyOnQOj4pkDo76ZA
lwCnQMo3p0DBBqdArUCnQCYyp0C/F6dAqxenQBggp0BrEKdA0yOnQKwYp0BBEadA8xunQMDx
pkDaC6dA7gmnQPUPp0DBGKdAwfimQEUop0B/KKdAIR6nQKYfp0AWLqdAVkynQF0bp0AMFqdA
QQGnQF8Hp0BvNqdA5R+nQA+4pkDlKKdAVSKnQDgEp0DC/6ZANPSmQM39pkANJadAPzmnQPkd
p0CoC6dA5AunQEkAp0DpGKdAwg2nQL8Op0APCqdA5iynQCsPp0CwGKdAkkenQDJUp0CPEadA
f/qmQAMcp0Ca3KZAwCenQI4fp0B+KadAZfWmQD8dp0BN+qZA5RqnQDMBp0DUJ6dAwSGnQDox
p0AcGqdAUS2nQCwqp0DlE6dAsiCnQAQvp0A7JKdA9jOnQNggp0AKJqdAQSmnQEIdp0DCFqdA
MUWnQMUyp0BqK6dAwg2nQBcbp0CSSqdAkC+nQHUZp0BQD6dAYh+nQDM1p0DfMadAOSOnQAkl
p0AXRqdArUWnQCsip0C8HadAYSynQPv9pkCkOadAyCqnQGI4p0CXUadAyz2nQAkxp0DWL6dA
dWanQHowp0AtTadAXzynQB5Vp0AjQKdAajunQOFMp0DPZ6dAPiCnQHAzp0BxQKdA9yWnQKsI
p0B9GqdAHDanQO8Hp0DlTKdArUSnQPJIp0DINadAxTanQCAqp0CLSKdAXUWnQKxnp0AUTKdA
YDSnQM09p0ChNqdABienQJdHp0DeZqdANhunQEUgp0ACJKdA5VGnQHkDp0DFF6dA3GanQK4L
p0COUKdAAFinQF8gp0BPTqdATCmnQHVmp0AARqdAgkmnQP0zp0CuK6dAhGqnQNNnp0CxSqdA
b1unQMxbp0BRSadA5iCnQLVmp0AzTqdAljOnQPlDp0DhM6dA7wynQClwp0D8ZKdAllinQPlC
p0BWX6dAfkGnQGAbp0BDJ6dAFGKnQGpHp0ArRKdA5T+nQPUnp0CJP6dAl1unQOJap0DXHqdA
n1CnQKNEp0BpSKdANT6nQHtLp0BWQqdANzynQFYgp0BAL6dA20GnQGEyp0ByPadAjGWnQP4j
p0CHL6dAKVGnQDNsp0BkO6dANVCnQGxFp0AePadASDOnQAU6p0CmKadA5FinQEBDp0BTVqdA
yTmnQOpmp0DfYadAy0OnQNhPp0DORadAeAinQKRlp0AZO6dA7h+nQB1Ip0BLaqdAHkmnQNw+
p0AEd6dAclCnQFFap0BaWadAg3inQOlZp0AiYadAwFmnQN1gp0DLT6dArE2nQDJWp0CtTKdA
wFynQBw+p0BHUadAcUSnQOlVp0CaL6dACYSnQHs/p0BUTadAp2GnQBNZp0C0XqdABXCnQFZF
p0CdY6dA+lenQKN1p0AZRadAcXinQDJKp0BzTadAUV2nQMRpp0AMK6dAcn6nQDSDp0AdOKdA
LF6nQHlup0BkM6dANlWnQMVhp0DYZ6dAF3anQA5wp0ADZKdAgT6nQD1+p0C9aqdAiFanQLVL
p0DATadA/lSnQOZHp0A/bqdA/2+nQElOp0ApZadAtnenQE6Cp0BQXqdA+VenQElkp0AfQadA
oWKnQGGAp0BGbadA9GenQBdxp0CKhKdA7omnQO1fp0BoS6dAlUqnQOZxp0BrhKdAol+nQHVT
p0BXfKdAz3mnQPWHp0C6aadAmIWnQLqAp0BEQqdAM1CnQEpyp0DrUKdANFynQEqHp0DcdKdA
UWinQM5pp0C4TKdAB1WnQCFop0COcadArnynQMF+p0BHkadAWounQAOIp0CZfKdAQXKnQGNs
p0A/gqdA5oanQItxp0BPnKdA/5CnQAmGp0CSa6dAwWKnQHJvp0CVjadA746nQFRZp0B7eqdA
BHunQDxpp0DPZqdAFoOnQExSp0Cea6dAZnenQEdsp0AkhqdAdbWnQL1kp0AohKdAeVGnQAGL
p0DuKqdAEmSnQHaFp0BOUKdArXqnQKWGp0Apl6dAHnqnQJp1p0CsYadAiFynQFeLp0A4kKdA
FnGnQOZup0BUdKdAAaWnQEd4p0CDradAMYinQAV9p0BJgadAfJinQFymp0CunadAaJqnQGyk
p0Adg6dAp4GnQPibp0BUiKdAVp2nQOt1p0CafKdAjqmnQONtp0BAcadAUrunQBF+p0DfdadA
rrqnQLBwp0Bde6dARp+nQM+/p0DCfqdA6nynQCqup0B5hqdAMqCnQGfFp0BpX6dA2aanQMyi
p0Avo6dAeIGnQBmDp0D+YKdAUqCnQCx5p0A1ladAcoCnQP+qp0AbgadA8aOnQJOWp0CckKdA
24anQCCfp0DjoqdAQG6nQNlzp0DjqadA83WnQD2Ip0D5vqdAComnQEeIp0BxmqdA8ZSnQN2H
p0DKoKdAi6CnQI+Zp0AXtKdAQpOnQCaWp0AunqdAC6anQGqWp0BWoKdAcqenQAvCp0DJeKdA
QcGnQIWUp0C6n6dA4cOnQFa2p0BBh6dA6IGnQLeGp0Bim6dA7IWnQNiep0Avl6dAaJWnQES3
p0B8pqdAtKOnQPqap0Cuu6dAxHCnQM2Np0A2cqdAsJKnQGTBp0BnlKdA9LKnQIG1p0AnladA
EJSnQOyap0Awt6dAQ3GnQIGWp0DhoKdAzrmnQB2xp0CgzadAYIynQACIp0BttqdAp5unQDuk
p0BYwqdA</AssayYData></Step><Step><CommonData><SampleLocation>7</SampleLocation><SampleID>Glycine</SampleID><SampleGroup></SampleGroup><SampleInfo></SampleInfo><SampleRow>J</SampleRow><SamplePlate>1</SamplePlate><WellType>REGENERATION</WellType><Concentration>-1</Concentration><ConcentrationUnits>µg/ml</ConcentrationUnits><MolarConcentration>-1</MolarConcentration><MolarConcUnits>nM</MolarConcUnits><MolecularWeight>0</MolecularWeight><Temperature>30</Temperature><StartTime>2567235</StartTime><AssayTime>5</AssayTime></CommonData><FlowRate>1000</FlowRate><StepType>KREGENERATION</StepType><StepName>Regeneration</StepName><StepStatus>OK</StepStatus><ActualTime>5.00005</ActualTime><CycleTime>0.2</CycleTime><AssayXData Points="25">MqAMRWWjDEWYpgxFzKkMRQOtDEUysAxFabMMRUm3DEXQuQxFA70MRTbADEVlwwxFnMYMRczJ
DEX/zAxFMtAMRWXTDEWc1gxF0NkMRQPdDEU24AxFaeMMRZjmDEXQ6QxF/+wMRQ==</AssayXData><AssayYData Points="25">neCTPlaDQj6NiBI+LQbAPTrMYD1lINA8UAp1u2A7Gb3jOm69J+2mvYJ/7b2zZwW+5j0avjwR
NL7r7EC+ZHlPvrPXZb4C6m++0N+AvoLzhr65cY++pB6UvgCKm77Gr56+1Aajvg==</AssayYData></Step><Step><CommonData><SampleLocation>8</SampleLocation><SampleID>PBS</SampleID><SampleGroup></SampleGroup><SampleInfo></SampleInfo><SampleRow>J</SampleRow><SamplePlate>1</SamplePlate><WellType>NEUTRALIZATION</WellType><Concentration>-1</Concentration><ConcentrationUnits>µg/ml</ConcentrationUnits><MolarConcentration>-1</MolarConcentration><MolarConcUnits>nM</MolarConcUnits><MolecularWeight>0</MolecularWeight><Temperature>30</Temperature><StartTime>2580308</StartTime><AssayTime>5</AssayTime></CommonData><FlowRate>1000</FlowRate><StepType>KREGENERATION</StepType><StepName>Regeneration</StepName><StepStatus>OK</StepStatus><ActualTime>5.00005</ActualTime><CycleTime>0.2</CycleTime><AssayXData Points="25">MvAMRWXzDEWY9gxFzPkMRf/8DEUyAA1FZQMNRZwGDUXMCQ1F/wwNRTYQDUVpEw1FmBYNRdAZ
DUX/HA1FNiANRWUjDUWYJg1F0CkNRQMtDUU2MA1FaTMNRZw2DUXMOQ1F/zwNRQ==</AssayXData><AssayYData Points="25">og9oQGMpaUCPTGpAx41rQIEQbEA5RWxAzThtQD2YbUBK+W1AmUNuQIi7bkB1425AiFVvQIae
b0Bzh29AybdvQChBcECRZXBAvHJwQAlycEDpAXFAtuRwQFQ0cUAIIHFAASJxQA==</AssayYData></Step><Step><CommonData><SampleLocation>7</SampleLocation><SampleID>Glycine</SampleID><SampleGroup></SampleGroup><SampleInfo></SampleInfo><SampleRow>J</SampleRow><SamplePlate>1</SamplePlate><WellType>REGENERATION</WellType><Concentration>-1</Concentration><ConcentrationUnits>µg/ml</ConcentrationUnits><MolarConcentration>-1</MolarConcentration><MolarConcUnits>nM</MolarConcUnits><MolecularWeight>0</MolecularWeight><Temperature>30</Temperature><StartTime>2593400</StartTime><AssayTime>5</AssayTime></CommonData><FlowRate>1000</FlowRate><StepType>KREGENERATION</StepType><StepName>Regeneration</StepName><StepStatus>OK</StepStatus><ActualTime>5.00005</ActualTime><CycleTime>0.2</CycleTime><AssayXData Points="25">MkANRWlDDUWYRg1FzEkNRf9MDUUyUA1FZVMNRZhWDUXQWQ1F/1wNRTZgDUVpYw1FmGYNRdBp
DUX/bA1FMnANRWlzDUWYdg1F0HkNRf98DUUygA1FaYMNRZyGDUXQiQ1F/4wNRQ==</AssayXData><AssayYData Points="25">AHfSvSEnN76BLVy+aQl1vqEji77a65O+EAKcvu+zor71jaq+V/GvvhDstb5J37y+fynCvjaV
wr5cvsi+Q/rNvvRo0b7ZlNO+vfHYvkN42r7OTdu+khDfvlhM4b7FbOO+exnnvg==</AssayYData></Step><Step><CommonData><SampleLocation>8</SampleLocation><SampleID>PBS</SampleID><SampleGroup></SampleGroup><SampleInfo></SampleInfo><SampleRow>J</SampleRow><SamplePlate>1</SamplePlate><WellType>NEUTRALIZATION</WellType><Concentration>-1</Concentration><ConcentrationUnits>µg/ml</ConcentrationUnits><MolarConcentration>-1</MolarConcentration><MolarConcUnits>nM</MolarConcUnits><MolecularWeight>0</MolecularWeight><Temperature>30</Temperature><StartTime>2606510</StartTime><AssayTime>5</AssayTime></CommonData><FlowRate>1000</FlowRate><StepType>KREGENERATION</StepType><StepName>Regeneration</StepName><StepStatus>OK</StepStatus><ActualTime>5.00005</ActualTime><CycleTime>0.2</CycleTime><AssayXData Points="25">M5ANRWqTDUWdlg1F0ZkNRQCdDUU3oA1FZqMNRZmmDUXNqQ1FAK0NRTewDUVmsw1FmbYNRdG5
DUUAvQ1FM8ANRWbDDUWZxg1FzckNRQTNDUUz0A1FatMNRZnWDUXR2Q1FAN0NRQ==</AssayXData><AssayYData Points="25">4NdkQMlIZkBmXmdAun5oQDsiaUBAmGlAY1RqQB3IakA1NmtA2ZFrQPbOa0A6AGxAxW5sQAfx
bEDMtGxA9rtsQOlcbUBYpm1AXqdtQG7wbUCDRG5AJp5uQD2MbkB8h25AktduQA==</AssayYData></Step><Step><CommonData><SampleLocation>7</SampleLocation><SampleID>Glycine</SampleID><SampleGroup></SampleGroup><SampleInfo></SampleInfo><SampleRow>J</SampleRow><SamplePlate>1</SamplePlate><WellType>REGENERATION</WellType><Concentration>-1</Concentration><ConcentrationUnits>µg/ml</ConcentrationUnits><MolarConcentration>-1</MolarConcentration><MolarConcUnits>nM</MolarConcUnits><MolecularWeight>0</MolecularWeight><Temperature>30</Temperature><StartTime>2619801</StartTime><AssayTime>5</AssayTime></CommonData><FlowRate>1000</FlowRate><StepType>KREGENERATION</StepType><StepName>Regeneration</StepName><StepStatus>OK</StepStatus><ActualTime>5.00005</ActualTime><CycleTime>0.2</CycleTime><AssayXData Points="25">M+ANRWbjDUWZ5g1F0ekNRQTtDUU38A1FavMNRZ32DUXN+Q1FAP0NRTMADkVqAw5FmQYORdEJ
DkUEDQ5FMxAORWoTDkWdFg5FzRkORQAdDkU3IA5FZiMORZkmDkXNKQ5FAC0ORQ==</AssayXData><AssayYData Points="25">gvMfvpWcX75j1YG+aRWQvojbnr4JFaS+JLOtvgC2tL71ALm+/oC6vk5lxL5+esS+UPvIvvCZ
z76zZ9K+CLTUvqkE175ma9m+HWLbvotW4L4g0uO+e4jkviIY6L5HoOm+17bqvg==</AssayYData></Step><Step><CommonData><SampleLocation>8</SampleLocation><SampleID>PBS</SampleID><SampleGroup></SampleGroup><SampleInfo></SampleInfo><SampleRow>J</SampleRow><SamplePlate>1</SamplePlate><WellType>NEUTRALIZATION</WellType><Concentration>-1</Concentration><ConcentrationUnits>µg/ml</ConcentrationUnits><MolarConcentration>-1</MolarConcentration><MolarConcUnits>nM</MolarConcUnits><MolecularWeight>0</MolecularWeight><Temperature>30</Temperature><StartTime>2632915</StartTime><AssayTime>5</AssayTime></CommonData><FlowRate>1000</FlowRate><StepType>KREGENERATION</StepType><StepName>Regeneration</StepName><StepStatus>OK</StepStatus><ActualTime>5.00005</ActualTime><CycleTime>0.2</CycleTime><AssayXData Points="25">MzAORWYzDkWdNg5F0TkORQA9DkU3QA5FZkMORZlGDkXNSQ5FAE0ORTNQDkVmUw5FmVYORc1Z
DkUEXQ5FM2AORWZjDkWZZg5FzWkORQBtDkU3cA5FanMORZl2DkXReQ5FAH0ORQ==</AssayXData><AssayYData Points="25">WRRmQHyWZ0AZjGhArUVpQOPiaUBnfmpAkCRrQMy+a0C7EWxAoXNsQCuKbEAeWm1AhThtQEec
bUDssG1AnsttQF4hbkDlkm5Ax8FuQMYAb0AKNG9A8R1vQKZnb0Bf729AcJ9vQA==</AssayYData></Step><Step><CommonData><SampleLocation>3</SampleLocation><SampleID>Octet Buffer</SampleID><SampleGroup></SampleGroup><SampleInfo></SampleInfo><SampleRow>I</SampleRow><SamplePlate>1</SamplePlate><WellType>BUFFER</WellType><Concentration>-1</Concentration><ConcentrationUnits>µg/ml</ConcentrationUnits><MolarConcentration>-1</MolarConcentration><MolarConcUnits>nM</MolarConcUnits><MolecularWeight>0</MolecularWeight><Temperature>30</Temperature><StartTime>2647141</StartTime><AssayTime>20</AssayTime></CommonData><FlowRate>1000</FlowRate><StepType>CUSTOM</StepType><StepName>Sensor Check</StepName><StepStatus>OK</StepStatus><ActualTime>20</ActualTime><CycleTime>0.2</CycleTime><AssayXData Points="100">M4AORWaDDkWZhg5FzYkORQCNDkU3kA5FZpMORZmWDkXNmQ5FAJ0ORTOgDkVmow5FmaYORc2p
DkUErQ5FM7AORWazDkWZtg5F0bkORQC9DkUzwA5FasMORZ3GDkXRyQ5FBM0ORTPQDkVm0w5F
mdYORdHZDkUE3Q5FM+AORWbjDkWd5g5FzekORQTtDkU38A5FZvMORZ32DkXN+Q5FAP0ORTcA
D0VmAw9FmQYPRc0JD0UADQ9FNxAPRWoTD0WdFg9F0RkPRQAdD0U3IA9FaiMPRZkmD0XNKQ9F
BC0PRTMwD0VmMw9FmTYPRc05D0UAPQ9FM0APRWZDD0WZRg9F0UkPRQBND0U3UA9FalMPRZ1W
D0XRWQ9FAF0PRTNgD0VqYw9FnWYPRdFpD0UAbQ9FM3APRWZzD0Wddg9FzXkPRQB9D0UzgA9F
aoMPRZ2GD0XRiQ9FBI0PRTeQD0Vmkw9FmZYPRc2ZD0UAnQ9FN6APRWqjD0WZpg9F0akPRQCt
D0U3sA9FZrMPRZ22D0XNuQ9FAL0PRQ==</AssayXData><AssayYData Points="100">D6xlQKi5YkAOV2FABBpgQIVtX0BOi15ArqxeQFibXkDVQ15A8pleQLTDXkAyv15AjBxfQLQk
X0DAY19AgUxfQGhdX0C0q19AMe9fQFsFYEB/c2BAUHtgQG85YEAakmBAuIBgQNDHYEDU02BA
T/RgQLB+YUBT/2BAD2dhQH93YUAwOWFA53VhQE1jYUDljWFA1KdhQBjgYUBsx2FAYiliQB7o
YUBVDmJAa2BiQN5UYkC3UGJA+UxiQCBtYkDZm2JAIltiQCi/YkDAumJAhaFiQM+BYkAQ92JA
BQljQF31YkDEb2NADihjQBX9YkCcG2NAjXJjQC5jY0AyS2NAy5NjQJ0xY0B+P2NAzINjQIqX
Y0AGoWNA97djQHajY0A3vWNAY8NjQL6IY0BZ5WNAUAJkQGL6Y0Cc2mNAJh5kQLYGZEDH4WNA
WFlkQGxvZED4JGRAZmZkQJYjZEDSZmRACltkQAxqZEC8LmRAMD5kQKmgZECDcWRAlKpkQNt+
ZECyfmRAenlkQFioZECJzGRAtapkQA==</AssayYData></Step><Step><CommonData><SampleLocation>12</SampleLocation><SampleID>SI-157C18_P5317</SampleID><SampleGroup></SampleGroup><SampleInfo></SampleInfo><SampleRow>I</SampleRow><SamplePlate>1</SamplePlate><WellType>KLOAD</WellType><Concentration>5</Concentration><ConcentrationUnits>µg/ml</ConcentrationUnits><MolarConcentration>5000</MolarConcentration><MolarConcUnits>nM</MolarConcUnits><MolecularWeight>0</MolecularWeight><Temperature>30</Temperature><StartTime>2676752</StartTime><AssayTime>120</AssayTime></CommonData><FlowRate>1000</FlowRate><StepType>LOADING</StepType><StepName>Loading</StepName><StepStatus>OK</StepStatus><ActualTime>120.001</ActualTime><CycleTime>0.2</CycleTime><AssayXData Points="600">M8APRWrDD0WZxg9F0ckPRQTND0Uz0A9FZtMPRZnWD0XN2Q9FAN0PRTfgD0Vm4w9FmeYPRdHp
D0UA7Q9FM/APRWrzD0WZ9g9FzfkPRQD9D0UzABBFagMQRZ0GEEXNCRBFAA0QRTMQEEVmExBF
mRYQRdEZEEUAHRBFMyAQRWYjEEWdJhBFzSkQRQAtEEU3MBBFZjMQRZk2EEXRORBFAD0QRTNA
EEVqQxBFmUYQRc1JEEUATRBFM1AQRWZTEEWZVhBFzVkQRQBdEEU3YBBFamMQRZ1mEEXNaRBF
BG0QRTNwEEVqcxBFmXYQRc15EEUAfRBFM4AQRWqDEEWZhhBFzYkQRQCNEEUzkBBFapMQRZmW
EEXNmRBFAJ0QRTOgEEVqoxBFmaYQRdGpEEUErRBFM7AQRWazEEWZthBF0bkQRQC9EEU3wBBF
asMQRZnGEEXNyRBFBM0QRTPQEEVq0xBFmdYQRc3ZEEUA3RBFM+AQRWbjEEWZ5hBFzekQRQTt
EEUz8BBFZvMQRZn2EEXN+RBFAP0QRTcAEUVqAxFFnQYRRc0JEUUEDRFFMxARRWoTEUWdFhFF
0RkRRQAdEUUzIBFFaiMRRZkmEUXRKRFFAC0RRTMwEUVqMxFFnTYRRc05EUUAPRFFN0ARRWZD
EUWZRhFF0UkRRQBNEUUzUBFFZlMRRZ1WEUXRWRFFAF0RRTdgEUVqYxFFnWYRRc1pEUUAbRFF
M3ARRWZzEUWZdhFFzXkRRQR9EUU3gBFFZoMRRZ2GEUXNiRFFBI0RRTeQEUVmkxFFnZYRRc2Z
EUUEnRFFM6ARRWqjEUWZphFF0akRRQStEUUzsBFFZrMRRZm2EUXNuRFFAL0RRTPAEUVqwxFF
ncYRRc3JEUUEzRFFM9ARRWbTEUWZ1hFFzdkRRQDdEUUz4BFFauMRRZ3mEUXN6RFFBO0RRTPw
EUVm8xFFmfYRRdH5EUUA/RFFMwASRWYDEkWZBhJF0QkSRQANEkUzEBJFZhMSRZkWEkXNGRJF
AB0SRTcgEkVmIxJFmSYSRc0pEkUALRJFMzASRWYzEkWZNhJFzTkSRQQ9EkU3QBJFZkMSRZlG
EkXNSRJFBE0SRTdQEkVmUxJFnVYSRc1ZEkUAXRJFN2ASRWZjEkWZZhJFzWkSRQBtEkUzcBJF
anMSRZ12EkXNeRJFBH0SRTeAEkVmgxJFmYYSRdGJEkUAjRJFM5ASRWqTEkWZlhJFzZkSRQCd
EkUzoBJFZqMSRZ2mEkXRqRJFBK0SRTewEkVmsxJFnbYSRdG5EkUAvRJFM8ASRWbDEkWZxhJF
zckSRQTNEkU30BJFatMSRZ3WEkXN2RJFBN0SRTPgEkVq4xJFmeYSRc3pEkUA7RJFM/ASRWbz
EkXZ9xJFYPoSRQD9EkUzABNFZgMTRZ0GE0XNCRNFAA0TRTMQE0VmExNFmRYTRc0ZE0UEHRNF
MyATRWYjE0WdJhNFzSkTRQAtE0U3MBNFZjMTRZ02E0XNORNFAD0TRTdAE0VmQxNFmUYTRdFJ
E0UATRNFN1ATRWpTE0WZVhNF0VkTRQBdE0UzYBNFZmMTRZlmE0XNaRNFAG0TRTNwE0VmcxNF
nXYTRc15E0UEfRNFN4ATRW6DE0WdhhNFzYkTRQSNE0UzkBNFZpMTRZmWE0XRmRNFAJ0TRTOg
E0VmoxNFmaYTRc2pE0UArRNFM7ATRWazE0WdthNFzbkTRQC9E0UzwBNFasMTRZnGE0XRyRNF
AM0TRTPQE0Vm0xNFmdYTRc3ZE0UE3RNFM+ATRWbjE0WZ5hNFzekTRQDtE0Uz8BNFZvMTRZn2
E0XR+RNFBP0TRTMAFEVqAxRFmQYURc0JFEUADRRFMxAURWoTFEWdFhRFzRkURQAdFEUzIBRF
ZiMURZkmFEXNKRRFBC0URTcwFEVmMxRFnTYURc05FEUEPRRFN0AURWZDFEWZRhRF0UkURQBN
FEU3UBRFalMURZlWFEXRWRRFBF0URTdgFEVqYxRFmWYURc1pFEUAbRRFM3AURWZzFEWddhRF
zXkURQR9FEUzgBRFZoMURZmGFEXNiRRFBI0URTOQFEVqkxRFmZYURdGZFEUEnRRFM6AURWaj
FEWdphRF0akURQStFEU3sBRFZrMURZm2FEXNuRRFAL0URTPAFEVmwxRFmcYURdHJFEUEzRRF
N9AURWbTFEWd1hRFzdkURQDdFEUz4BRFauMURZ3mFEXR6RRFAO0URTPwFEVm8xRFnfYURc35
FEUE/RRFNwAVRWYDFUWdBhVF0QkVRQANFUUzEBVFahMVRZkWFUXRGRVFAB0VRTcgFUVmIxVF
mSYVRc0pFUUALRVFNzAVRWozFUWZNhVFzTkVRQA9FUUzQBVFZkMVRZ1GFUXNSRVFBE0VRTNQ
FUVmUxVFmVYVRdFZFUUAXRVFM2AVRWZjFUWZZhVF0WkVRQBtFUUzcBVFZnMVRZl2FUXNeRVF
AH0VRTeAFUVmgxVFnYYVRc2JFUUAjRVFM5AVRWaTFUWdlhVFzZkVRQSdFUUzoBVFaqMVRZmm
FUXRqRVFBK0VRTOwFUVqsxVFmbYVRc25FUUEvRVFM8AVRWbDFUWZxhVFzckVRQTNFUUz0BVF
atMVRZnWFUXR2RVFAN0VRTPgFUVq4xVFmeYVRc3pFUUA7RVFN/AVRWrzFUWZ9hVFzfkVRQT9
FUU3ABZFagMWRZkGFkXRCRZFAA0WRTcQFkVmExZFmRYWRc0ZFkUAHRZFMyAWRWYjFkWZJhZF
0SkWRQQtFkUzMBZFZjMWRZk2FkXNORZFAD0WRTNAFkVqQxZFnUYWRc1JFkUATRZFM1AWRWZT
FkWdVhZFzVkWRQRdFkUzYBZFZmMWRZlmFkXRaRZFBG0WRTNwFkVmcxZFmXYWRc15FkUAfRZF
M4AWRWaDFkWdhhZFzYkWRQCNFkUzkBZFapMWRZmWFkXNmRZFAJ0WRTegFkVqoxZFmaYWRc2p
FkUArRZFM7AWRWqzFkWZthZFzbkWRQS9FkU3wBZFZsMWRZ3GFkXNyRZFAM0WRTfQFkVm0xZF
mdYWRdXZFkUA3RZFN+AWRWrjFkWZ5hZFzekWRQDtFkUz8BZFZvMWRZn2FkXR+RZFAP0WRTcA
F0VmAxdFnQYXRc0JF0UEDRdFNxAXRWYTF0WdFhdFzRkXRQAdF0UzIBdFZiMXRZ0mF0XNKRdF
AC0XRTMwF0VmMxdFnTYXRdE5F0UEPRdF</AssayXData><AssayYData Points="600">hSxkQMYNZUBMU2ZAfidnQOvsZ0DF/mhA/6FpQPM7akCiFmtAyqRrQDrebEDyom1AT0ZuQPjr
bkD/tm9AYC5wQMpMcUDgoHFAcHByQBgpc0AN/XNAF5h0QHsjdUDXvHVAPIl2QC1ud0Bw1ndA
v3N4QLsgeUArk3lAmzh6QJ+RekAcuntARBt8QGOefEBtaH1Axbd9QGBbfkAW/H5ARep/QJQc
gEA6aYBAfmyAQIfcgEDOE4FATFGBQPB7gUDqx4FAbiWCQF9GgkDko4JAeuKCQF3rgkDIMoNA
h3WDQOiSg0D/uYNABCmEQPw8hECIq4RAkLCEQMrPhECj6IRAqT6FQLyMhUDYlIVA5MyFQHER
hkBjMoZA5U2GQJmJhkC8vYZAld+GQNYfh0CFQYdA33mHQDOnh0BUyYdAFMOHQLcFiEBgQIhA
QV6IQJ94iEA6n4hAvNGIQG8DiUD3MIlA2C6JQBtmiUCYcYlA8q+JQHOhiUBu4YlACuiJQAwZ
ikD2JYpAjHGKQCt3ikBYlIpAH92KQA2sikCNBItASBCLQOo4i0DwX4tARYWLQCR+i0BkgotA
g9WLQD/li0Cs8YtArP2LQAkKjEDTMoxAF1aMQN5zjEAhcYxAcqKMQLyjjEAhsoxAmM+MQOXy
jEBWEY1AOR2NQB0BjUDrT41AfneNQMx7jUBiY41AS5uNQOjIjUAhzI1AtPGNQHffjUC0Bo5A
JTKOQEw1jkDgRI5AWkuOQGJqjkBrho5A22qOQPKnjkCEqo5AjLmOQDLHjkCQ845ALCWPQEbo
jkCfMI9A1giPQARcj0DWUI9A9IyPQOeIj0BqlI9AUnOPQA6oj0AwkY9AoMqPQPnTj0CYA5BA
h/iPQHX0j0DICZBASFGQQMtGkEALPJBAYkKQQPFNkEBPgZBA5oKQQBiakEAye5BA5MyQQHrE
kEDN0JBA/dWQQBf3kEAD+5BAjfmQQJsskUDl+JBAUCCRQDtrkUAXY5FArFGRQNRhkUAfkpFA
/52RQBWgkUCd1pFAf6yRQD7lkUDmwpFA+/GRQGnakUDN/ZFA7PmRQDfkkUDVFpJACweSQOUM
kkCLIpJAjEGSQIdTkkAfOZJAgk6SQLU3kkAiiJJARmySQE+pkkB4pZJAKLiSQJTDkkAViZJA
C9CSQKDekkDyzJJAntWSQF/6kkBI+ZJAn+mSQNgak0CiNZNAPSqTQOJEk0CjQ5NAqSiTQHU5
k0A3WpNAC1+TQDOlk0DyZZNAHIiTQOGUk0Abs5NARKGTQGa8k0CfepNAX8GTQGHUk0B75ZNA
dMSTQLrrk0Cp9pNAMACUQLH3k0BPCpRAli2UQGUXlEC0JJRATCqUQOhClEAeSJRA/UqUQGov
lECBjZRAAnCUQCpalEBmRJRAwFqUQECDlECWipRAvpWUQMWWlECl2JRA6qKUQC7HlEAQzpRA
98iUQFW5lEDg95RAqO2UQMDmlEDg9JRAmfyUQIoplUDbB5VA8AaVQG82lUCxIZVAXBWVQMgh
lUCgLJVAIE+VQN5GlUCvUZVApi6VQNBKlUAXeZVA4WKVQPl9lUBecJVAyJyVQD+vlUCLoZVA
bcaVQDu0lUCZkpVAO8mVQDK8lUCD3JVAKe6VQCHulUCoEZZAVeOVQDP1lUBtEJZAaiCWQEUO
lkAhApZAQ/6VQKsqlkDfKpZA8jaWQBo4lkAGMpZAVVyWQCB+lkCwG5ZAfF2WQJBblkAlQ5ZA
HHGWQDhblkBIlZZA2H6WQOKalkBEkZZAimKWQOSLlkC9qZZA4K+WQAOulkASrpZArJyWQFex
lkDOwJZALMSWQFPnlkCH3pZAW+OWQDfalkBxBpdA0x2XQJLmlkDY+JZA7xGXQMgbl0CdJ5dA
5yKXQEEwl0COQ5dA6ziXQEhIl0DOLpdAlCuXQEY2l0DASZdAG0+XQENXl0ChcJdA9HyXQOdh
l0CAapdAi4aXQOyXl0BDj5dApYSXQLaQl0AQnpdApquXQNGal0CXqZdAiq2XQNrBl0D0pZdA
IdCXQNjrl0CD0ZdAV9OXQDfWl0AZypdAngWYQAvkl0Ah4ZdA8PCXQJcZmEAbGJhABP6XQMsI
mECPLJhAPRWYQB0ymEDJLphAmSmYQHcvmEChRZhA+BuYQFEsmEA7O5hAYU+YQD9BmEAmdJhA
jlmYQPtnmEBTcJhADIeYQP9tmEAllJhAAYWYQGWNmEAGhphA0IqYQCOfmEBabZhABrOYQEW2
mECVwJhAw66YQI/PmEDF0JhAY8iYQLjDmEAQ0phAYf+YQAa4mEAD2JhAf9qYQHX3mEDe/JhA
pdWYQCv4mEDq75hAMumYQP4dmUDCCZlAnT+ZQKf0mECRNJlAcg6ZQIoLmUALX5lAGTaZQKUm
mUATQZlAhkGZQPlamUA5LplAOFeZQKtMmUCkVJlA642ZQBU3mUD0eZlAGoiZQJtSmUA6dZlA
KG6ZQKGAmUCkiZlAD4uZQG22mUAYZplAu3aZQA+hmUARjJlA3YmZQGrhmUAYeplA6I+ZQLXD
mUC+yJlAR7uZQOLLmUDeyZlABK+ZQJLMmUCk2JlAfduZQI3SmUD0+JlA4d6ZQGQPmkDK0plA
9/GZQP3nmUB445lAy/yZQHocmkCRF5pA7vGZQC8WmkCSTZpAUh6aQMYYmkCiYppA4yaaQK9C
mkDFH5pAlSOaQJ1SmkCZOZpAJU2aQBo+mkATbZpAmGqaQFFJmkDhSJpAWXuaQGxomkDBZ5pA
tH2aQEp+mkC9U5pAsImaQJeOmkCHeJpAH8yaQBCUmkBKnJpA4YiaQK2RmkD1j5pAD6CaQFGo
mkDru5pAPH+aQE3FmkDX1JpArr+aQEjZmkCIlppAy6GaQObkmkD+y5pAbqGaQJvWmkBo8JpA
lLmaQAn3mkBZzZpAUtiaQOHmmkC7zZpAfAKbQH8Lm0CQGZtACQybQLgAm0AcC5tAYRybQOz3
mkDsHZtAKwubQFUTm0B2IptAzx+bQCwzm0A8O5tA8FabQH1Cm0CIE5tAAUibQN85m0BlP5tA
MVybQMpYm0ChYptAoXebQJVCm0DYWJtAanGbQCxhm0A3j5tAG2qbQI6Lm0CUiptABXebQCmG
m0CAeptAY3SbQBt8m0C7kZtA76GbQButm0AWkptA6L6bQDbLm0Aji5tAZs2bQBmDm0B/sJtA
8aubQFzOm0BI05tAwK+bQMvAm0C5wZtA</AssayYData></Step><Step><CommonData><SampleLocation>3</SampleLocation><SampleID>Octet Buffer</SampleID><SampleGroup></SampleGroup><SampleInfo></SampleInfo><SampleRow>I</SampleRow><SamplePlate>1</SamplePlate><WellType>BUFFER</WellType><Concentration>-1</Concentration><ConcentrationUnits>µg/ml</ConcentrationUnits><MolarConcentration>-1</MolarConcentration><MolarConcUnits>nM</MolarConcUnits><MolecularWeight>0</MolecularWeight><Temperature>30</Temperature><StartTime>2806469</StartTime><AssayTime>100</AssayTime></CommonData><FlowRate>1000</FlowRate><StepType>BASELINE</StepType><StepName>Baseline</StepName><StepStatus>OK</StepStatus><ActualTime>100</ActualTime><CycleTime>0.2</CycleTime><AssayXData Points="500">OEAXRWtDF0WeRhdF1kkXRQVNF0U4UBdFa1MXRZ5WF0XWWRdFBV0XRThgF0XuYxdFomYXRdJp
F0UFbRdFOHAXRWtzF0WedhdF1nkXRQl9F0U8gBdFb4MXRZ6GF0XWiRdFBY0XRTiQF0VvkxdF
npYXRdKZF0UJnRdFOKAXRWujF0WiphdF0qkXRQmtF0U4sBdFa7MXRZ62F0XWuRdFBb0XRTjA
F0VrwxdFnsYXRdbJF0UFzRdFPNAXRWvTF0Wi1hdF1tkXRQndF0U44BdFa+MXRaLmF0XW6RdF
Be0XRTjwF0Vr8xdFnvYXRdb5F0UN/RdFOAAYRWsDGEWiBhhF0gkYRQUNGEU4EBhFbxMYRZ4W
GEXSGRhFBR0YRTggGEVrIxhFniYYRdIpGEUFLRhFODAYRWszGEWeNhhF0jkYRQU9GEU4QBhF
a0MYRZ5GGEXSSRhFBU0YRThQGEVvUxhFnlYYRdJZGEUJXRhFPGAYRWtjGEWiZhhF0mkYRQVt
GEU4cBhFa3MYRZ52GEXSeRhFCX0YRTiAGEVvgxhFnoYYRdKJGEUFjRhFOJAYRWuTGEWelhhF
0pkYRQWdGEU4oBhFxaMYRaKmGEXSqRhFCa0YRTiwGEVvsxhFnrYYRda5GEUFvRhFOMAYRW/D
GEWixhhF0skYRQXNGEU40BhFb9MYRZ7WGEXS2RhFBd0YRTjgGEVr4xhFnuYYRdbpGEUF7RhF
PPAYRWvzGEWi9hhF0vkYRQX9GEU4ABlFbwMZRZ4GGUXWCRlFBQ0ZRTgQGUVvExlFohYZRdIZ
GUUJHRlFOCAZRW8jGUWeJhlF1ikZRQktGUU4MBlFbzMZRZ42GUXSORlFBT0ZRThAGUVrQxlF
nkYZRdZJGUUJTRlFPFAZRW9TGUWeVhlF0lkZRQVdGUU4YBlFa2MZRZ5mGUXSaRlFCW0ZRThw
GUVrcxlFonYZRdJ5GUUJfRlFOIAZRWuDGUWehhlF1okZRQWNGUU4kBlFb5MZRZ6WGUXSmRlF
BZ0ZRTygGUVvoxlFoqYZRdKpGUUJrRlFPLAZRW+zGUWethlF1rkZRQW9GUU8wBlFb8MZRZ7G
GUXSyRlFBc0ZRTjQGUVr0xlFntYZRdLZGUUF3RlFOOAZRSTkGUWr5hlF0ukZRQntGUU48BlF
a/MZRZ72GUXS+RlFCf0ZRTgAGkVrAxpFngYaRdIJGkUJDRpFOBAaRW8TGkWeFhpF1hkaRQUd
GkU4IBpFbyMaRZ4mGkXWKRpFCS0aRTgwGkVrMxpFojYaRdI5GkUJPRpFOEAaRWtDGkWeRhpF
0kkaRQlNGkU8UBpFb1MaRZ5WGkXWWRpFBV0aRTxgGkVrYxpFnmYaRdZpGkUFbRpFOHAaRW9z
GkWAdxpFB3oaRQV9GkU8gBpFa4MaRZ6GGkXWiRpFCY0aRUCQGkVvkxpFnpYaRdKZGkUFnRpF
PKAaRWujGkWephpF1qkaRQmtGkU4sBpFa7MaRZ62GkXSuRpFBb0aRTjAGkVrwxpFnsYaRdLJ
GkUFzRpFPNAaRWvTGkWe1hpF1tkaRQndGkU84BpFa+MaRZ7mGkXS6RpFBe0aRTjwGkVr8xpF
ovYaRdL5GkUF/RpFOAAbRWsDG0WiBhtF0gkbRQUNG0U8EBtFaxMbRZ4WG0XSGRtFBR0bRTwg
G0U4JBtFvyYbRdYpG0UFLRtFPDAbRW8zG0WeNhtF0jkbRQU9G0U4QBtFb0MbRZ5GG0XWSRtF
BU0bRTxQG0VrUxtFnlYbRdJZG0UJXRtFPGAbRWtjG0WiZhtF0mkbRQltG0U8cBtFa3MbRZ52
G0XSeRtFCX0bRTiAG0VrgxtFnoYbRdKJG0UFjRtFOJAbRWuTG0WilhtF1pkbRQWdG0U4oBtF
a6MbRaKmG0XSqRtFBa0bRTiwG0VrsxtFp7YbRda5G0UJvRtFOMAbRW/DG0WexhtF0skbRQXN
G0U40BtFa9MbRaLWG0XS2RtFBd0bRTjgG0Vv4xtFouYbRdbpG0UJ7RtFOPAbRWvzG0We9htF
1vkbRQX9G0U4ABxFbwMcRZ4GHEXWCRxFBQ0cRTwQHEVvExxFnhYcRdYZHEUFHRxFOCAcRW8j
HEWeJhxF0ikcRQUtHEU4MBxFbzMcRaI2HEXWORxFBT0cRTxAHEVrQxxFokYcRdJJHEUJTRxF
OFAcRWtTHEWeVhxF0lkcRQVdHEU4YBxFjmQcRRlnHEXSaRxFBW0cRThwHEVrcxxFnnYcRdJ5
HEUFfRxFOIAcRWuDHEWehhxF1okcRQWNHEU8kBxFb5McRaKWHEXSmRxFBZ0cRTygHEVvoxxF
nqYcRdKpHEUJrRxFPLAcRWuzHEWithxF0rkcRQW9HEU4wBxFa8McRZ7GHEXWyRxFCc0cRTjQ
HEVv0xxFotYcRdLZHEUJ3RxFPOAcRW/jHEWe5hxF0ukcRQntHEU48BxFa/McRZ72HEXW+RxF
Cf0cRTgAHUVvAx1FngYdRdYJHUUFDR1FPBAdRWsTHUWeFh1F0hkdRQkdHUU8IB1FayMdRaIm
HUXWKR1FBS0dRTwwHUVrMx1FojYdRdI5HUUFPR1FOEAdRWtDHUWeRh1F0kkdRQVNHUU8UB1F
b1MdRZ5WHUXWWR1FBV0dRThgHUVvYx1FnmYdRdZpHUUFbR1FPHAdRWtzHUWedh1F0nkdRQV9
HUU=</AssayXData><AssayYData Points="500">NYObQF/1m0B5HZxAPhacQAoQnECEfpxAKBWcQEBCnEDDUZxAblacQHUqnEBULJxAZFacQFVY
nEDdUJxA11ScQANbnEANI5xA2YKcQO2CnEDOc5xAMlGcQGdUnEA2bZxAEmycQG53nEArVJxA
nW6cQJ6LnECXbJxAT1WcQJR6nED/c5xAFoacQJKZnED9UJxAl3OcQNJ5nEB3bZxAoFycQDl0
nEB0YpxAv2+cQE+KnEBgZpxAcEKcQJ5fnEAgWJxA/nGcQFpznECraZxAoHOcQEZLnEDkh5xA
FlGcQFOLnECUNJxAJlycQJRtnEBiiJxA1GCcQOV8nEBZiJxA9XecQJpinEDRbpxAymucQPNy
nEBdW5xAwmacQOd2nEAkUZxAGnecQJtJnEB6hpxAmXucQMpEnEAEapxAtlmcQISCnECtfZxA
MoKcQMiCnEA7SZxAoJGcQBZOnEDuPZxAj5CcQJqWnEASXZxAylicQKaEnECIYZxAJlGcQIg8
nEBSZJxA5jecQICLnECKk5xAs0ycQFCInECHa5xARFycQL1SnEAXWpxAfmCcQLtXnEA7e5xA
l2mcQKV8nEDeWJxArkucQOlWnECEeJxAYnqcQM5/nEBIdZxA0HqcQIxpnECZc5xA72ucQARs
nEAtZpxAblucQKZYnEBlY5xAOnWcQNiZnEC3R5xA1oacQCGHnECneZxAo4WcQA+MnEBOZZxA
7WecQECKnEAnZJxAUT+cQP5inECZdJxAyo+cQA53nEDKWZxAbmicQASenECQWZxAYXqcQMWH
nEAMlZxAg2ycQDdonED4WpxAZ2KcQNJ1nEBmgJxANEmcQCmMnEAkUZxADE+cQBQ+nEAXfpxA
0IqcQKOOnEB2cpxALGecQFdhnEDtYJxAqXScQMVNnECsd5xA7aScQOZKnEB4UpxAupOcQDFp
nEBsgpxAmWGcQP6VnEAmWJxAtHecQCuEnEBVX5xA+WucQBuDnEDNhZxAynCcQN+BnED0b5xA
hGecQNJznEBuSpxAZW6cQFtznEDoiJxA43OcQOmUnEDlVpxA6YOcQDN6nEBHnJxAn3OcQHd3
nEC3cpxAxnWcQCaWnEA6hpxAqYicQKlxnEBKi5xAj3KcQAWDnEBuppxAepycQKdPnEA6epxA
+WycQPJfnEB+cpxAV5KcQBB6nEApaJxAUoecQPVxnED3dZxAEb+cQC6CnEBLa5xANnicQFKD
nECLYZxAEJOcQIVunECakZxAsZWcQOacnEDFkpxALYecQJqJnEC+dJxA6l6cQDWVnEAOmpxA
e3qcQPCAnEB0oZxAroicQAmvnEBKgJxAJHCcQO+rnECwdJxAGKucQGWWnEARgJxAQZucQOtm
nECccpxA1W6cQNR1nEDxjJxACaecQPdynED9gpxAE26cQNJ+nEDMk5xAdpmcQCpznEAqlpxA
4pecQGRBnEDygZxA2JScQFeinEAgrJxAM52cQExwnEDNcpxADGCcQFebnEBvaZxA+4ycQDWL
nECtb5xASKScQGWbnEBOe5xAhXCcQA+SnECIh5xAuJycQEidnECZjZxAS2icQFK0nEC/c5xA
H4GcQBymnEDOkZxAG56cQPNsnEB/pJxAYWucQD2gnEC7o5xA8ICcQFOYnEDdr5xA436cQOer
nECzd5xACHKcQHeHnEAQoZxAL4KcQKSRnEDdj5xAKaycQLGWnEAMkpxArcKcQDl5nEAjkpxA
lqycQK6PnEBlq5xAlJOcQAx7nEAylJxAuKucQKiinEDcn5xAB6acQEmhnEACrJxAbZacQCe6
nECJppxAwp2cQAGTnEAwlZxAHpKcQOO6nEB3h5xAeYOcQNy7nEB+mZxAX5KcQM+unECGopxA
taScQEyrnEDXrpxAi56cQHGVnEBzrJxAin6cQKa+nECDl5xAI42cQBudnEDwkJxAI5WcQFuE
nEAsnJxAmICcQHV8nEBwv5xADpKcQC2EnECQlJxAeKKcQLZ2nEDvsJxAq7GcQIqVnED0wJxA
H5WcQKCnnEA1hZxAKIecQJR7nEAMpJxA/o2cQJyknEAyp5xAjsKcQJ6cnED3qZxAAK6cQDmj
nEAKuJxAE7+cQEyYnED2npxAr66cQFajnEAsj5xATZ6cQCLDnECs05xAhZScQK2/nEAIxZxA
OJicQJOvnEDKx5xAo7CcQG6onEA7zpxAHa2cQF3PnECHvpxAGG6cQC2NnEAHxpxAma+cQASo
nEB9j5xAg6KcQGe8nEAQl5xANJ6cQAuenECryJxAdLycQKybnEB+spxAA62cQBDAnEDJxpxA
J6ScQFbknEDwl5xAR6+cQFDEnEAospxA85ycQGDUnED2uJxAmNucQOm/nECMjpxAJq2cQBrA
nEB+kZxA6oicQEnRnEB9m5xAeaicQILAnECrzZxA5KucQAmlnEAwnJxAVZWcQMivnEBLopxA
Gq2cQJLpnEDtwZxAH6ScQN2wnECswpxA6IWcQDbLnEBbs5xAp82cQBi3nEDMm5xAO9GcQJvC
nEBNpZxA36KcQITBnED+vpxAb5ycQCqwnEAd1JxAe8WcQHLSnEDSx5xAMbmcQGHQnECA1JxA
Tr2cQMqynEBksZxAC8KcQH62nEBLyZxAoLycQOPCnEBbu5xA3sqcQPPYnECd3JxAR+ucQJLm
nEA=</AssayYData></Step><Step><CommonData><SampleLocation>4</SampleLocation><SampleID>hsCD3d/e_Acro_CDD-H52W1</SampleID><SampleGroup></SampleGroup><SampleInfo></SampleInfo><SampleRow>I</SampleRow><SamplePlate>1</SamplePlate><WellType>KSAMPLE</WellType><Concentration>-1</Concentration><ConcentrationUnits>µg/ml</ConcentrationUnits><MolarConcentration>12.5</MolarConcentration><MolarConcUnits>nM</MolarConcUnits><MolecularWeight>0</MolecularWeight><Temperature>30</Temperature><StartTime>2914722</StartTime><AssayTime>180</AssayTime></CommonData><FlowRate>1000</FlowRate><StepType>ASSOC</StepType><StepName>Association</StepName><StepStatus>OK</StepStatus><ActualTime>180.001</ActualTime><CycleTime>0.2</CycleTime><AssayXData Points="900">OIAdRWuDHUWihh1F0okdRQWNHUU4kB1Fb5MdRZ6WHUXSmR1FBZ0dRTygHUVrox1FnqYdRdap
HUUFrR1FOLAdRW+zHUWith1F0rkdRQm9HUU4wB1Fb8MdRZ7GHUXSyR1FBc0dRTzQHUVr0x1F
ntYdRdLZHUUF3R1FOOAdRWvjHUWe5h1F0ukdRQXtHUU88B1Fa/MdRZ72HUXW+R1FCf0dRTgA
HkVrAx5FogYeRdIJHkUFDR5FPBAeRWsTHkWiFh5F0hkeRQkdHkU4IB5FayMeRZ4mHkXWKR5F
CS0eRTwwHkVrMx5FnjYeRdI5HkUFPR5FPEAeRW9DHkWeRh5F1kkeRQVNHkU4UB5Fb1MeRZ5W
HkXWWR5FBV0eRXVgHkVrYx5FnmYeRdZpHkUFbR5FOHAeRWtzHkWedh5F0nkeRQl9HkU4gB5F
a4MeRZ6GHkXSiR5FBY0eRTiQHkVrkx5FopYeRdKZHkUFnR5FOKAeRWujHkWiph5F0qkeRQmt
HkU4sB5Fa7MeRZ62HkXSuR5FCb0eRTjAHkVrwx5FnsYeRdLJHkUJzR5FONAeRW/THkWe1h5F
0tkeRQXdHkU44B5Fa+MeRZ7mHkXS6R5FBe0eRTjwHkVr8x5FnvYeRdL5HkUF/R5FPAAfRWsD
H0WiBh9F0gkfRQUNH0U8EB9FbxMfRaIWH0XWGR9FCR0fRTggH0VrIx9FniYfRdIpH0UFLR9F
ODAfRWszH0WiNh9F1jkfRQU9H0U4QB9Fb0MfRaJGH0XSSR9FBU0fRThQH0VvUx9FolYfRdZZ
H0UJXR9FPGAfRWtjH0WiZh9F0mkfRQltH0U4cB9Fb3MfRZ52H0XSeR9FBX0fRTiAH0Vrgx9F
noYfRdKJH0UJjR9FPJAfRWuTH0Welh9F0pkfRQWdH0XLoB9Fb6MfRZ6mH0XSqR9FBa0fRTiw
H0Vrsx9ForYfRdK5H0UFvR9FPMAfRWvDH0Wexh9F1skfRQXNH0U40B9Fa9MfRaLWH0XW2R9F
Bd0fRTzgH0Vr4x9FouYfRdLpH0UJ7R9FPPAfRWvzH0We9h9F1vkfRQX9H0U8ACBFawMgRZ4G
IEXSCSBFCQ0gRTwQIEVrEyBFohYgRdIZIEUFHSBFPCAgRWsjIEWeJiBF0ikgRQUtIEU4MCBF
bzMgRaI2IEXSOSBFBT0gRThAIEVrQyBFnkYgRdJJIEUJTSBFOFAgRWtTIEWiViBF0lkgRQVd
IEU4YCBFb2MgRZ5mIEXSaSBFBW0gRTxwIEVvcyBFnnYgRdJ5IEUJfSBFPIAgRW+DIEWehiBF
0okgRQmNIEU8kCBFb5MgRaKWIEXSmSBFBZ0gRTigIEVvoyBFoqYgRdKpIEUFrSBFPLAgRWuz
IEWitiBF0rkgRQW9IEU4wCBFa8MgRZ7GIEXSySBFCc0gRTjQIEVv0yBFntYgRdbZIEUJ3SBF
r+AgRWvjIEWe5iBF0ukgRQntIEU48CBFa/MgRaL2IEXW+SBFBf0gRTwAIUVrAyFFngYhRdIJ
IUUJDSFFPBAhRWsTIUWiFiFF0hkhRQkdIUU8ICFFayMhRZ4mIUXSKSFFBS0hRTwwIUVrMyFF
njYhRdI5IUUFPSFFPEAhRWtDIUWiRiFF0kkhRQlNIUU4UCFFa1MhRZ5WIUXWWSFFBV0hRThg
IUVrYyFFomYhRdJpIUUFbSFFOHAhRWtzIUWidiFF0nkhRQV9IUU4gCFFa4MhRZ6GIUXWiSFF
CY0hRTyQIUVvkyFFnpYhRdaZIUUFnSFFOKAhRW+jIUWepiFF0qkhRQWtIUU8sCFFa7MhRZ62
IUXWuSFFBb0hRTjAIUVrwyFFnsYhRdLJIUUJzSFFONAhRW/TIUWe1iFF1tkhRQXdIUU84CFF
b+MhRaLmIUXS6SFFBe0hRTzwIUVr8yFFnvYhRdL5IUUF/SFFOAAiRWsDIkWeBiJF1gkiRQkN
IkU4ECJFaxMiRaIWIkXSGSJFCR0iRXogIkVvIyJFniYiRdIpIkUFLSJFODAiRWszIkWeNiJF
0jkiRQU9IkU4QCJFa0MiRaJGIkXSSSJFBU0iRThQIkVrUyJFolYiRdZZIkUJXSJFOGAiRWtj
IkWeZiJF0mkiRQVtIkU4cCJFa3MiRZ52IkXSeSJFBX0iRTiAIkVvgyJFnoYiRdKJIkUJjSJF
OJAiRW+TIkWiliJF0pkiRQWdIkU4oCJFb6MiRZ6mIkXSqSJFBa0iRTiwIkVrsyJForYiRdK5
IkUFvSJFPMAiRWvDIkWexiJF1skiRQXNIkU40CJFa9MiRaLWIkXS2SJFBd0iRTzgIkVv4yJF
nuYiRdLpIkUJ7SJFOPAiRWvzIkWe9iJF0vkiRQn9IkU8ACNFawMjRaIGI0XSCSNFCQ0jRTgQ
I0VrEyNFnhYjRdYZI0UFHSNFOCAjRWsjI0WeJiNF0ikjRQUtI0U4MCNFazMjRZ42I0XSOSNF
BT0jRTxAI0VvQyNFokYjRdZJI0UFTSNFPFAjRWtTI0WeViNF0lkjRQVdI0WSYCNFa2MjRZ5m
I0XWaSNFCW0jRThwI0VvcyNFnnYjRdZ5I0UFfSNFOIAjRWuDI0WehiNF1okjRQWNI0U4kCNF
a5MjRZ6WI0XSmSNFBZ0jRTigI0VroyNFoqYjRdKpI0UJrSNFOLAjRW+zI0WetiNF0rkjRQW9
I0U4wCNFa8MjRZ7GI0XSySNFBc0jRTjQI0Vr0yNFntYjRdLZI0UJ3SNFOOAjRWvjI0We5iNF
0ukjRQXtI0U88CNFa/MjRZ72I0XW+SNFBf0jRTgAJEVrAyRFngYkRdIJJEUNDSRFOBAkRW8T
JEWeFiRF0hkkRQkdJEU4ICRFayMkRaImJEXSKSRFCS0kRTgwJEVrMyRFnjYkRdI5JEUJPSRF
OEAkRW9DJEWeRiRF0kkkRQVNJEU8UCRFa1MkRZ5WJEXSWSRFBV0kRThgJEVrYyRFnmYkRdJp
JEUFbSRFOHAkRWtzJEWediRF0nkkRQl9JEU4gCRFa4MkRZ6GJEXSiSRFCY0kRTiQJEVrkyRF
npYkRdaZJEUJnSRFq6AkRWujJEWepiRF0qkkRQWtJEU4sCRFa7MkRZ62JEXWuSRFBb0kRTjA
JEVrwyRFnsYkRdbJJEUJzSRFONAkRW/TJEWi1iRF0tkkRQXdJEU44CRFa+MkRaLmJEXS6SRF
Be0kRTzwJEVr8yRFovYkRdL5JEUJ/SRFOAAlRW8DJUWiBiVF1gklRQkNJUU4ECVFaxMlRZ4W
JUXSGSVFBR0lRTggJUVrIyVFoiYlRdYpJUUJLSVFODAlRWszJUWiNiVF0jklRQU9JUU4QCVF
a0MlRZ5GJUXWSSVFCU0lRThQJUVvUyVFnlYlRdZZJUUFXSVFOGAlRW9jJUWiZiVF0mklRQlt
JUU4cCVFa3MlRZ52JUXSeSVFCX0lRTyAJUVrgyVFooYlRdaJJUUFjSVFOJAlRWuTJUWiliVF
0pklRQWdJUU4oCVFa6MlRZ6mJUXSqSVFBa0lRTywJUVrsyVForYlRdK5JUUFvSVFPMAlRWvD
JUWixiVF1sklRQXNJUU40CVFa9MlRZ7WJUXS2SVFBd0lRYLgJUVr4yVFnuYlRdLpJUUJ7SVF
OPAlRXPzJUWe9iVF0vklRQn9JUU4ACZFbwMmRZ4GJkXSCSZFBQ0mRTgQJkVrEyZFnhYmRdIZ
JkUJHSZFOCAmRWsjJkWeJiZF1ikmRQUtJkU8MCZFbzMmRZ42JkXSOSZFCT0mRTxAJkVvQyZF
okYmRdJJJkUFTSZFPFAmRWtTJkWeViZF1lkmRQVdJkU4YCZFb2MmRZ5mJkXWaSZFCW0mRThw
JkVrcyZFnnYmRdJ5JkUFfSZFQIAmRWuDJkWehiZF0okmRQWNJkU4kCZFa5MmRZ6WJkXSmSZF
BZ0mRTigJkVroyZFnqYmRdKpJkUFrSZFOLAmRWuzJkWitiZF0rkmRQW9JkU8wCZFb8MmRZ7G
JkXSySZFBc0mRTjQJkVv0yZFntYmRdLZJkUJ3SZFOOAmRWvjJkWe5iZF1ukmRQXtJkU48CZF
a/MmRaL2JkXS+SZFBf0mRTwAJ0VrAydFngYnRdYJJ0UJDSdFPBAnRWsTJ0WeFidF0hknRQUd
J0XUICdFayMnRaImJ0XSKSdFCS0nRTwwJ0VrMydFnjYnRdY5J0UJPSdFOEAnRWtDJ0WeRidF
1kknRQlNJ0U8UCdFa1MnRaJWJ0XWWSdFBV0nRTxgJ0VrYydFnmYnRdJpJ0UFbSdFPHAnRW9z
J0WedidF1nknRQl9J0U8gCdFb4MnRZ6GJ0XSiSdFBY0nRTiQJ0VrkydFopYnRdKZJ0UFnSdF
OKAnRWujJ0WepidF0qknRQWtJ0U8sCdFa7MnRaK2J0XSuSdFCb0nRTjAJ0VrwydFnsYnRdLJ
J0UFzSdFONAnRWvTJ0We1idF2tknRQXdJ0U84CdFa+MnRaLmJ0XS6SdFCe0nRTjwJ0Vr8ydF
ovYnRdb5J0UF/SdFOAAoRW8DKEWeBihF0gkoRQUNKEU8EChFaxMoRZ4WKEXSGShFBR0oRTwg
KEVrIyhFoiYoRdIpKEUFLShFODAoRW8zKEWiNihF0jkoRQU9KEU8QChFa0MoRZ5GKEXSSShF
CU0oRThQKEVrUyhFnlYoRdZZKEUFXShFr2AoRWtjKEWeZihF0mkoRQVtKEU4cChFa3MoRZ52
KEXWeShFCX0oRTiAKEVrgyhFnoYoRdKJKEUJjShFOJAoRWuTKEWelihF0pkoRQWdKEU4oChF
a6MoRaKmKEXWqShFBa0oRTiwKEVvsyhForYoRdK5KEUJvShF</AssayXData><AssayYData Points="900">N3WcQJeOnEB93pxAkOucQObonEDo/JxAGhOdQAAenUDTEp1AWhSdQLIFnUDQN51AyTWdQFE2
nUCYJJ1AZxKdQHQdnUA+PJ1A0xWdQHksnUCbKJ1AbBKdQPxpnUBOK51A1zCdQFxhnUBlJZ1A
oTudQHRBnUBgUZ1Am0OdQORonUA/O51AgmCdQAxLnUC5Wp1AE0GdQAU6nUCOW51AjjGdQDlJ
nUAKe51A/mudQNxZnUCWP51AyGOdQHFOnUBPVZ1A24KdQHZbnUBTWJ1A9WmdQN1CnUC2bZ1A
tlmdQEtinUAjkJ1AO3qdQHNjnUDBbp1AC5CdQG6GnUCHdZ1AH1ydQDSfnUDdZp1A546dQOB7
nUD2eJ1ALmWdQPFQnUCaa51ACWCdQDGTnUBnX51AwnGdQLOOnUBqbJ1AeXSdQNGWnUDPX51A
QpOdQG2QnUAiZJ1A6WmdQGyDnUCAhp1A4nCdQLqtnUBVi51AW3KdQDNYnUDtfp1AUXWdQP5o
nUBWoZ1ATqOdQLtznUAzlJ1AXHWdQMSanUCRhp1AwJqdQKqVnUArtp1Ax5mdQGqWnUBAqZ1A
waCdQC6GnUCbnJ1AGpedQFihnUDmiZ1A45+dQOeJnUCxfJ1AoJ6dQCG3nUAvkZ1AaJ+dQP15
nUBvo51A/Y6dQB+fnUBtup1AIG6dQNOAnUBZqZ1Adn2dQMHKnUDkuZ1A0I+dQAWtnUDixp1A
0LmdQCignUDGpJ1Ao3WdQNStnUBDwp1AYY+dQAzEnUApvJ1An6GdQHmunUBKj51Aus2dQAmK
nUCFsZ1AFK+dQI+xnUBf3J1AmI+dQJq3nUChzp1Ac4qdQGCqnUA/xJ1AI5ydQKzJnUCFqp1A
HtOdQBOnnUAhrJ1AFbadQGzLnUBMpZ1AFY+dQEPAnUB8wp1A5rKdQHiunUASlp1ALdedQDy2
nUB6w51AYsedQI7bnUBVuZ1AoYudQD/JnUAIxp1A2oOdQFDBnUDuo51Asn2dQDfKnUBVyp1A
dLudQPG7nUAbsZ1A4KqdQPelnUCoBJ5AeLSdQDu9nUCCsp1AUPqdQDbKnUCR1p1AF9GdQBWv
nUAQxp1A88udQMTmnUCUu51ARcmdQOarnUA/wJ1Aa/2dQN+6nUD3uZ1Ak9udQPXGnUCOoZ1A
wLadQG7WnUDS0J1ATtedQBLKnUCExp1AYNKdQJ3WnUBKsZ1AC8mdQMnVnUCe0p1AcsadQL7c
nUD97p1AQ+mdQLranUA78Z1AVcedQFXEnUAjyp1AQL2dQCa9nUAk3p1AT5mdQI3JnUCAup1A
PredQKHDnUDq251AidGdQFfQnUAaxp1AVLqdQKCpnUAR7J1A6/udQMXEnUCFzp1AQNedQLDc
nUCF051A5PGdQADNnUAWsZ1A4AeeQLPXnUCpwp1Avd+dQBy+nUAI9J1AOPidQLfbnUCGxZ1A
lfCdQA3cnUCQ4J1ASOOdQMUMnkAV8J1AMdadQEn6nUDy2J1AgeidQOj5nUBX651A5dOdQHzb
nUCEB55A/+SdQMbYnUCA3Z1A4eOdQPn7nUCi/J1AYN+dQOrDnUBW3p1AhtudQLPwnUD6+p1A
S/GdQKDtnUB+GZ5A7fKdQIvanUAK4J1Av9ydQP+/nUCfC55AldydQP/enUCayZ1AZgaeQCvZ
nUDz6J1AXvidQDrInUCL7Z1AHxSeQE+5nUAm2p1AEhKeQHPonUBD8J1AjxaeQP3xnUAL6Z1A
QvmdQAIInkBO7p1AFRGeQKEinkCl5p1A6R2eQGIinkAfAZ5AchmeQKn/nUCe7J1AfPadQPvp
nUDgAJ5Ap/KdQHAXnkD4/p1AbPSdQLQnnkBBC55AWx6eQALwnUAEFZ5AD/+dQNIOnkCF8J1A
peydQLbWnUAeFZ5AHQGeQOH+nUAGBp5A6SOeQKkCnkCpCJ5AzRieQFX0nUC5DJ5AAwCeQKPt
nUC9Dp5A1AWeQF0TnkCA5p1A4PedQGXznUDu1J1A6AyeQGIsnkAUGZ5AuA2eQJYtnkDDCJ5A
gDKeQJUankDWJZ5AJhGeQEoFnkBl9p1AVTCeQFM2nkACMp5AlfudQAQAnkCEF55AVw2eQED+
nUDGC55APx+eQNP/nUC6/p1A+wGeQAMAnkBsCZ5AghieQMrsnUByHJ5A1U2eQAMbnkCBEZ5A
U/qdQNL9nUBaMJ5A/jqeQJf3nUDs+Z1AgiyeQIIqnkCZH55AEh6eQD4AnkAGFZ5ANjGeQOnh
nUCY/p1APTGeQCEBnkC+/51AijSeQOAsnkBOD55AmS6eQH0WnkBSFZ5AAhSeQPM2nkCmN55A
2BueQBgBnkAEB55AnRueQLIsnkB8Jp5ApeidQKopnkAeKp5AsgSeQCI9nkAJKp5AbxOeQGQU
nkAvMp5AX/adQDsvnkA+L55AxVaeQMcbnkACR55ARGOeQCkTnkCWLZ5A/y2eQA4gnkDXLp5A
ZRyeQF4vnkCjGp5AWPidQJjznUDbFJ5A2S2eQA4RnkALOZ5AWEqeQFpNnkBiPp5Ar02eQAYw
nkCYIp5ASVieQGQ4nkBEVp5AKCOeQLFGnkAYMp5AEE6eQMNbnkBGCp5AgweeQItFnkCcIZ5A
+COeQDsynkANVp5AehWeQFtInkClKp5AywyeQE0TnkB8Mp5ApRqeQNMfnkDoW55AIlqeQJNL
nkCpNp5ATkyeQLUnnkAvNp5AITWeQM8nnkCNMp5AzCieQHE7nkCMNZ5APVCeQAdLnkD9Mp5A
mVGeQIwcnkABQ55A5iGeQAkpnkAXUJ5AiGCeQN9DnkDla55AvWmeQDlInkDfNZ5A7l+eQIBa
nkAiLp5AUFWeQARFnkCjNZ5ALT6eQORGnkA8H55AjlOeQGU8nkDZM55ATkCeQOZOnkAzWp5A
9ymeQKlfnkCCY55Ajm2eQLY1nkBwbp5Aqj2eQFRenkBWL55AQyieQN1knkCAfJ5APTSeQKtd
nkA0ZZ5AN0+eQExTnkBqRZ5AT1qeQEQjnkARf55AYFaeQHJEnkAbS55ATVKeQHs8nkAQVJ5A
yl6eQE9AnkBiG55A2zueQHRQnkA6QZ5AnkyeQKJXnkAGYZ5AaHSeQABnnkDwVJ5Ae4ieQOhn
nkAiUZ5AITqeQKx2nkBbWJ5AlVqeQHN2nkB0NJ5A6SOeQNtfnkCFc55ARFmeQPZKnkDSRZ5A
L1GeQNk2nkDFbJ5AJj2eQOVznkAlZp5AdjueQF5ankDIa55Ael6eQKxrnkBeXp5AGVueQPB2
nkC5ZJ5Az0ueQIdPnkD1TZ5A4EueQNNBnkCnUp5A/ZueQHhEnkA9XZ5AYYWeQJ08nkAhVJ5A
PmqeQFBBnkAeUZ5AeXCeQCJenkB5Wp5ADG+eQPBXnkD/Yp5AaTmeQERZnkD4Op5ArFeeQF9Z
nkCbpJ5AMnOeQJxqnkDWap5AckGeQP9WnkBNV55ALzueQDqcnkCncZ5AS0ueQEFGnkDIbZ5A
p1ueQLONnkAMfJ5ASF6eQBlhnkAQdZ5AfnCeQCeWnkCegJ5AalaeQFp/nkBva55A2VOeQCZR
nkDfaZ5AaoueQJRcnkBUeJ5A5GWeQJxwnkCRTp5AiZeeQJt3nkAxZp5A4neeQPmGnkAfcp5A
YGqeQPqTnkChfZ5AE3aeQAKSnkDVbZ5A0YqeQBKGnkDTfZ5AE2KeQFF6nkB8dJ5AKU6eQL91
nkDtfZ5Ae3KeQE6bnkBEcZ5ApEqeQHZ/nkAvdZ5ATVGeQG6onkAKeZ5APYCeQP92nkADdp5A
dmyeQJ98nkCEqp5ACXyeQHltnkBXd55ABZueQFt4nkAIfZ5AtkaeQL5gnkDBj55A9mmeQJ1+
nkAukp5A/aueQC1onkD2fJ5AvqKeQJBvnkBtd55A0HWeQIOFnkCFmJ5A0ZueQP6BnkA+ep5A
lqqeQCyEnkAleJ5AL26eQPScnkBBhJ5AboOeQKemnkBom55AtYyeQDOYnkD6gZ5AY4ieQNlw
nkBde55AZ1WeQPinnkApj55Av4GeQDhtnkDPcJ5Aul+eQCqXnkB4h55A3IqeQG13nkBarp5A
63CeQJ+MnkAYmJ5AgHqeQL+KnkDKgp5AUYmeQC52nkCsmJ5AkMCeQPeEnkAVlJ5A54meQE6I
nkBoqJ5AnYSeQJ+YnkBef55AysaeQP2MnkDJiZ5Avo2eQAmHnkDpo55AqoieQJyxnkBrip5A
GJyeQPmSnkCnb55AT56eQOiQnkDAfJ5AgJueQJyenkD9vZ5Aj3OeQGu3nkAAcJ5AN3WeQDWE
nkD5lp5AlY+eQAfFnkDtu55AaIaeQNqVnkAQmJ5AcnyeQDmLnkDhjJ5AjWSeQByenkCDuJ5A
2IOeQLGJnkC5uJ5ACrmeQJh2nkBkmp5AcaeeQGKtnkCJpZ5AQKaeQC6CnkDQpJ5AgZWeQMZ3
nkA5sZ5Aw6SeQG+LnkD5sJ5A8bmeQC6RnkB3k55A36yeQN+xnkAdpJ5AcZieQCCrnkClqp5A
gpqeQBKrnkBajp5A3rieQBCqnkC5tZ5A+JueQJqNnkD5sJ5A4ZyeQG6onkA3pZ5AwaSeQIXD
nkBKpZ5AcbGeQFC+nkAdvJ5AMKGeQEGdnkBzr55Abp+eQAvYnkCGj55ApayeQL6inkDUs55A
FLueQDmPnkDJvp5Aeo2eQIeFnkByuZ5AQ8aeQE+ankBIwp5Abb+eQPbFnkBoo55AL8KeQGWD
nkA5wJ5A48yeQKPBnkBYvZ5Al6GeQMbFnkDOsp5Ac9GeQNbJnkBxi55AMbmeQK6wnkBXo55A
wZueQOzQnkAB3Z5Aos6eQKaXnkANgJ5A/caeQCjEnkCMlJ5A</AssayYData></Step><Step><CommonData><SampleLocation>3</SampleLocation><SampleID>Octet Buffer</SampleID><SampleGroup></SampleGroup><SampleInfo></SampleInfo><SampleRow>I</SampleRow><SamplePlate>1</SamplePlate><WellType>BUFFER</WellType><Concentration>-1</Concentration><ConcentrationUnits>µg/ml</ConcentrationUnits><MolarConcentration>-1</MolarConcentration><MolarConcUnits>nM</MolarConcUnits><MolecularWeight>0</MolecularWeight><Temperature>30</Temperature><StartTime>3102799</StartTime><AssayTime>300</AssayTime></CommonData><FlowRate>1000</FlowRate><StepType>DISASSOC</StepType><StepName>Dissociation</StepName><StepStatus>OK</StepStatus><ActualTime>300.001</ActualTime><CycleTime>0.2</CycleTime><AssayXData Points="1500">PMAoRXPDKEWixihF2skoRQnNKEU80ChFb9MoRaLWKEXa2ShFDd0oRTzgKEVv4yhFpuYoRdbp
KEUJ7ShFPPAoRW/zKEWi9ihF1vkoRQ39KEU8AClFbwMpRaIGKUXWCSlFDQ0pRTwQKUVvEylF
phYpRdoZKUUJHSlFPCApRW8jKUWiJilF1ikpRQ0tKUVAMClFczMpRaI2KUXaOSlFCT0pRTxA
KUVvQylFpkYpRdZJKUUNTSlFPFApRXNTKUWiVilF1lkpRQ1dKUU8YClFb2MpRaJmKUXWaSlF
CW0pRUBwKUVzcylFpnYpRdZ5KUUJfSlFQIApRW+DKUWmhilF1okpRQmNKUU8kClFb5MpRaKW
KUXamSlFCZ0pRTygKUVvoylFoqYpRdqpKUUNrSlFPLApRW+zKUWitilF1rkpRQm9KUU8wClF
c8MpRaLGKUXWySlFDc0pRTzQKUVv0ylFotYpRdrZKUUJ3SlFPOApRW/jKUWi5ilF1ukpRQnt
KUU88ClFc/MpRaL2KUXa+SlFCf0pRUAAKkVvAypFogYqRdoJKkUJDSpFPBAqRW8TKkWiFipF
1hkqRQkdKkU8ICpFbyMqRaImKkXaKSpFDS0qRUAwKkVvMypFpjYqRdY5KkUNPSpFPEAqRW9D
KkWiRipF2kkqRQlNKkU8UCpFc1MqRaZWKkXWWSpFCV0qRUBgKkVzYypFpmYqRdZpKkUNbSpF
PHAqRXNzKkWidipF2nkqRQl9KkU8gCpFb4MqRaKGKkXWiSpFCY0qRTyQKkVvkypFopYqRdqZ
KkUJnSpFPKAqRXOjKkWipipF2qkqRQmtKkU8sCpFb7MqRaa2KkXWuSpFCb0qRTzAKkVvwypF
psYqRdbJKkUJzSpFQNAqRW/TKkWi1ipF2tkqRQndKkU84CpFb+MqRaLmKkXW6SpFCe0qRUDw
KkVv8ypFovYqRdb5KkUN/SpFPAArRXMDK0WiBitF1gkrRQ0NK0U8ECtFbxMrRaIWK0XWGStF
DR0rRTwgK0VvIytFpiYrRdYpK0UJLStFPDArRXMzK0WiNitF2jkrRQ09K0U8QCtFb0MrRaZG
K0XaSStFCU0rRTxQK0VvUytFplYrRdZZK0UJXStFPGArRW9jK0WiZitF2mkrRQ1tK0VAcCtF
b3MrRaJ2K0XaeStFDX0rRTyAK0VzgytFpoYrRdaJK0UJjStFQJArRW+TK0WmlitF2pkrRQmd
K0U8oCtFc6MrRaamK0XaqStFCa0rRTywK0VvsytForYrRdq5K0UNvStFQMArRXPDK0WmxitF
1skrRQ3NK0VA0CtFc9MrRaLWK0Xa2StFCd0rRUDgK0Vz4ytFouYrRdbpK0UJ7StFQPArRXPz
K0Wm9itF2vkrRQ39K0VAACxFbwMsRaIGLEXWCSxFCQ0sRTwQLEVvEyxFohYsRdoZLEUJHSxF
PCAsRW8jLEWiJixF1iksRQktLEU8MCxFbzMsRaY2LEXaOSxFDT0sRUBALEVvQyxFokYsRdZJ
LEUNTSxFPFAsRW9TLEWiVixF1lksRQ1dLEU8YCxFb2MsRaZmLEXWaSxFDW0sRTxwLEVvcyxF
onYsRdZ5LEUNfSxFPIAsRXODLEWihixF1oksRQmNLEVAkCxFb5MsRaKWLEXamSxFCZ0sRUCg
LEVzoyxFoqYsRdapLEUNrSxFPLAsRW+zLEWitixF1rksRQm9LEU8wCxFb8MsRaLGLEXWySxF
Dc0sRTzQLEVv0yxFotYsRdbZLEUN3SxFPOAsRW/jLEWm5ixF1uksRQntLEVA8CxFc/MsRab2
LEXW+SxFCf0sRUAALUVzAy1FogYtRdoJLUUNDS1FPBAtRW8TLUWmFi1F1hktRQ0dLUVAIC1F
byMtRaImLUXWKS1FCS0tRTwwLUVvMy1FojYtRdY5LUUNPS1FQEAtRW9DLUWiRi1F1kktRQlN
LUU8UC1Fb1MtRaZWLUXaWS1FCV0tRUBgLUVvYy1FomYtRdppLUUJbS1FQHAtRW9zLUWidi1F
1nktRQ19LUVAgC1Fb4MtRaKGLUXWiS1FCY0tRTyQLUVzky1FopYtRdaZLUUNnS1FQKAtRXOj
LUWmpi1F1qktRQ2tLUVAsC1Fc7MtRaK2LUXWuS1FDb0tRTzALUVzwy1Fq8YtRdbJLUUJzS1F
PNAtRW/TLUWm1i1F2tktRQndLUU84C1Fc+MtRaLmLUXW6S1FCe0tRUDwLUVv8y1FpvYtRdb5
LUUJ/S1FPAAuRW8DLkWiBi5F1gkuRQ0NLkU8EC5FcxMuRaIWLkXWGS5FCR0uRTwgLkVzIy5F
piYuRdopLkUJLS5FQDAuRXMzLkWiNi5F1jkuRQk9LkVAQC5Fb0MuRaJGLkXWSS5FCU0uRTxQ
LkVvUy5FolYuRdZZLkUJXS5FPGAuRXNjLkWmZi5F2mkuRQltLkVAcC5Fb3MuRaJ2LkXaeS5F
DX0uRTyALkVvgy5FpoYuRdaJLkUNjS5FPJAuRW+TLkWili5F1pkuRQ2dLkU8oC5Fb6MuRaam
LkXWqS5FCa0uRTywLkVvsy5FprYuRda5LkUNvS5FQMAuRXPDLkWixi5F1skuRQ3NLkU80C5F
b9MuRaLWLkXW2S5FCd0uRUDgLkVv4y5FouYuRdrpLkUJ7S5FPPAuRW/zLkWm9i5F2vkuRQn9
LkU8AC9FbwMvRaIGL0XaCS9FCQ0vRUAQL0VzEy9FphYvRdYZL0UJHS9FPCAvRW8jL0WmJi9F
1ikvRQktL0VAMC9FbzMvRaY2L0XaOS9FDT0vRUBAL0VzQy9FpkYvRdZJL0UJTS9FPFAvRXNT
L0WiVi9F1lkvRQ1dL0VAYC9Fc2MvRaZmL0XWaS9FCW0vRTxwL0Vzcy9FpnYvRdZ5L0UJfS9F
PIAvRW+DL0Wihi9F1okvRQ2NL0U8kC9Fc5MvRaKWL0XWmS9FCZ0vRUCgL0Vzoy9FoqYvRdap
L0UNrS9FPLAvRXOzL0Witi9F1rkvRQ29L0U8wC9Fc8MvRabGL0XWyS9FDc0vRTzQL0Vv0y9F
otYvRdrZL0UJ3S9FPOAvRW/jL0Wi5i9F1ukvRQntL0U88C9Fc/MvRaL2L0XW+S9FCf0vRUAA
MEVvAzBFogYwRdYJMEUNDTBFPBAwRXcTMEWiFjBF1hkwRQkdMEU8IDBFbyMwRaImMEXaKTBF
DS0wRTwwMEVzMzBFqzYwRdo5MEUJPTBFPEAwRXNDMEWiRjBF2kkwRQlNMEVAUDBFb1MwRaZW
MEXWWTBFDV0wRTxgMEVzYzBFomYwRdppMEUNbTBFPHAwRXNzMEWmdjBF1nkwRQl9MEVAgDBF
b4MwRaaGMEXaiTBFCY0wRTyQMEVzkzBFppYwRdaZMEUNnTBFPKAwRW+jMEWipjBF1qkwRQmt
MEU8sDBFb7MwRaa2MEXauTBFCb0wRTzAMEVzwzBFpsYwRdbJMEUJzTBFQNAwRXPTMEWi1jBF
1tkwRQndMEVA4DBFb+MwRaLmMEXW6TBFCe0wRTzwMEVv8zBFpvYwRdr5MEUJ/TBFQAAxRW8D
MUWmBjFF1gkxRQkNMUU8EDFFbxMxRaYWMUXWGTFFDR0xRTwgMUVvIzFFoiYxRdopMUUNLTFF
PDAxRXMzMUWiNjFF1jkxRQ09MUVAQDFFc0MxRaJGMUXWSTFFCU0xRUBQMUVvUzFFolYxRdpZ
MUUJXTFFPGAxRW9jMUWiZjFF1mkxRQltMUU8cDFFc3MxRaJ2MUXaeTFFCX0xRUCAMUVzgzFF
ooYxRdqJMUUJjTFFQJAxRW+TMUWiljFF1pkxRQ2dMUU8oDFFb6MxRaamMUXWqTFFDa0xRUCw
MUVvszFFprYxRdq5MUUNvTFFQMAxRW/DMUWixjFF1skxRQnNMUU80DFFc9MxRabWMUXW2TFF
Dd0xRTzgMUVv4zFFouYxRdbpMUUN7TFFPPAxRXPzMUWi9jFF1vkxRQn9MUVAADJFcwMyRaYG
MkXWCTJFCQ0yRTwQMkVvEzJFphYyRdYZMkUJHTJFQCAyRW8jMkWiJjJF2ikyRQktMkVAMDJF
bzMyRaI2MkXaOTJFDT0yRUBAMkVzQzJFokYyRdZJMkUJTTJFPFAyRXNTMkWiVjJF2lkyRQld
MkU8YDJFb2MyRaZmMkXWaTJFDW0yRUBwMkVvczJFonYyRdZ5MkUJfTJFPIAyRW+DMkWihjJF
1okyRQmNMkVAkDJFb5MyRaaWMkXWmTJFCZ0yRUCgMkVvozJFoqYyRdqpMkUJrTJFQLAyRXOz
MkWmtjJF1rkyRQm9MkU8wDJFc8MyRaLGMkXayTJFDc0yRTzQMkVv0zJFotYyRdbZMkUJ3TJF
POAyRW/jMkWi5jJF1ukyRQntMkU88DJFb/MyRaL2MkXW+TJFDf0yRTwAM0VzAzNFogYzRdYJ
M0UNDTNFQBAzRXMTM0WmFjNF1hkzRQkdM0VAIDNFcyMzRaImM0XaKTNFDS0zRTwwM0VvMzNF
pjYzRdY5M0UNPTNFREAzRW9DM0WmRjNF1kkzRQ1NM0VAUDNFb1MzRaZWM0XWWTNFDV0zRTxg
M0VzYzNFomYzRdppM0UNbTNFPHAzRXNzM0WidjNF2nkzRQl9M0U8gDNFb4MzRaaGM0XWiTNF
DY0zRTyQM0VvkzNFopYzRdqZM0UJnTNFPKAzRXOjM0WipjNF1qkzRQmtM0VAsDNFb7MzRaa2
M0XWuTNFCb0zRTzAM0VvwzNFpsYzRdrJM0UJzTNFPNAzRW/TM0Wi1jNF1tkzRQndM0U84DNF
b+MzRaLmM0XW6TNFDe0zRUDwM0Vz8zNFovYzRdr5M0UJ/TNFPAA0RXMDNEWiBjRF2gk0RQkN
NEU8EDRFbxM0RaIWNEXWGTRFCR00RTwgNEVzIzRFoiY0RdYpNEUNLTRFQDA0RW8zNEWmNjRF
1jk0RQk9NEU8QDRFb0M0RaZGNEXWSTRFDU00RUBQNEVvUzRFolY0RdZZNEUJXTRFQGA0RXNj
NEWmZjRF1mk0RQ1tNEVAcDRFb3M0RaJ2NEXWeTRFCX00RUCANEVvgzRFooY0RdaJNEUNjTRF
PJA0RW+TNEWiljRF2pk0RQmdNEVAoDRFb6M0RaKmNEXWqTRFCa00RTywNEVzszRForY0Rdq5
NEUJvTRFPMA0RW/DNEWixjRF2sk0RQnNNEU80DRFb9M0RabWNEXa2TRFCd00RTzgNEVz4zRF
puY0RdrpNEUN7TRFPPA0RW/zNEWi9jRF1vk0RQ39NEU8ADVFcwM1RaYGNUXWCTVFCQ01RUAQ
NUVvEzVFohY1RdYZNUUJHTVFQCA1RW8jNUWiJjVF2ik1RQktNUVAMDVFbzM1RaI2NUXaOTVF
DT01RTxANUVzQzVFokY1RdpJNUUJTTVFPFA1RW9TNUWmVjVF1lk1RQldNUVAYDVFc2M1RaJm
NUXWaTVFCW01RTxwNUVvczVFpnY1RdZ5NUUJfTVFPIA1RW+DNUWihjVF1ok1RQmNNUVAkDVF
b5M1RaKWNUXamTVFCZ01RUCgNUVvozVFpqY1RdqpNUUJrTVFQLA1RW+zNUWitjVF1rk1RQ29
NUU8wDVFb8M1RaLGNUXWyTVFCc01RTzQNUVv0zVFotY1RdbZNUUJ3TVFPOA1RW/jNUWi5jVF
1uk1RQntNUVA8DVFc/M1Rab2NUXa+TVFDf01RTwANkVzAzZFpgY2RdYJNkUNDTZFPBA2RW8T
NkWmFjZF1hk2RQkdNkVAIDZFcyM2RaImNkXWKTZFCS02RUAwNkVzMzZFojY2Rdo5NkUJPTZF
PEA2RW9DNkWiRjZF1kk2RQlNNkU8UDZFc1M2RaJWNkXWWTZFDV02RUBgNkVvYzZFomY2RdZp
NkUJbTZFQHA2RW9zNkWidjZF1nk2RQ19NkU8gDZFb4M2RaKGNkXWiTZFDY02RTyQNkVvkzZF
opY2RdqZNkUJnTZFPKA2RW+jNkWipjZF1qk2RQmtNkU8sDZFb7M2Raa2NkXWuTZFDb02RUDA
NkVvwzZFpsY2RdrJNkUNzTZFPNA2RXPTNkWm1jZF2tk2RQndNkU84DZFb+M2RaLmNkXa6TZF
Ce02RTzwNkVz8zZFovY2Rdr5NkUJ/TZFPAA3RXMDN0WiBjdF1gk3RQ0NN0VAEDdFbxM3RaIW
N0XWGTdFCR03RTwgN0VzIzdFoiY3RdopN0UJLTdFPDA3RW8zN0WmNjdF2jk3RQk9N0U8QDdF
b0M3RaZGN0XWSTdFDU03RTxQN0VvUzdFolY3RdZZN0UNXTdFPGA3RW9jN0WmZjdF1mk3RQ1t
N0VAcDdFb3M3RaZ2N0XaeTdFDX03RTyAN0VvgzdFooY3RdaJN0UJjTdFPJA3RW+TN0WiljdF
2pk3RQmdN0U8oDdFc6M3RaKmN0XWqTdFCa03RTywN0VzszdFprY3Rda5N0UNvTdFQMA3RW/D
N0WixjdF1sk3RQnNN0VA0DdFb9M3RaLWN0Xa2TdFCd03RTzgN0Vz4zdFpuY3RdrpN0UJ7TdF
QPA3RW/zN0Wi9jdF1vk3RQn9N0U8ADhFbwM4RaYGOEXaCThFDQ04RTwQOEVvEzhFohY4RdYZ
OEUJHThFQCA4RW8jOEWmJjhF1ik4RQ0tOEU8MDhFbzM4RaI2OEXWOThFCT04RTxAOEVvQzhF
pkY4RdpJOEUJTThFQFA4RW9TOEWiVjhF1lk4RQ1dOEU8YDhFc2M4RaZmOEXWaThFDW04RUBw
OEVzczhFonY4Rdp5OEUJfThFQIA4RXODOEWmhjhF1ok4RQ2NOEU8kDhFb5M4RaaWOEXWmThF
CZ04RUCgOEVzozhFoqY4RdapOEUJrThFPLA4RW+zOEWitjhF1rk4RQ29OEVAwDhFb8M4RaLG
OEXWyThFCc04RTzQOEVv0zhFotY4RdrZOEUN3ThFQOA4RW/jOEWm5jhF2uk4RQntOEU88DhF
b/M4RaL2OEXa+ThFCf04RUAAOUVvAzlFogY5RdoJOUUJDTlFPBA5RXMTOUWmFjlF2hk5RQkd
OUU8IDlFcyM5RaImOUXWKTlFCS05RUAwOUVzMzlFojY5RdY5OUUJPTlFPEA5RW9DOUWiRjlF
1kk5RQ1NOUU8UDlFc1M5RaZWOUXWWTlFCV05RTxgOUVvYzlFomY5RdZpOUUNbTlFPHA5RW9z
OUWidjlF1nk5RQl9OUVAgDlFc4M5RaaGOUXWiTlFCY05RUCQOUVzkzlFopY5RdaZOUUNnTlF
PKA5RW+jOUWipjlF1qk5RQ2tOUU8sDlFb7M5RaK2OUXauTlFCb05RUDAOUVvwzlFpsY5RdrJ
OUUJzTlFQNA5RXPTOUWm1jlF2tk5RQ3dOUU84DlFb+M5RaLmOUXa6TlFCe05RTzwOUVv8zlF
pvY5Rdb5OUUJ/TlFPAA6RXMDOkWmBjpF2gk6RQ0NOkU8EDpFcxM6RaYWOkXaGTpFCR06RUAg
OkVzIzpFoiY6RdopOkUJLTpFPDA6RW8zOkWmNjpF1jk6RQk9OkVAQDpFc0M6RaZGOkXWSTpF
DU06RTxQOkVzUzpFolY6RdZZOkUJXTpFPGA6RW9jOkWiZjpF1mk6RQltOkU8cDpFb3M6RaJ2
OkXaeTpFCX06RTyAOkVvgzpFooY6RdaJOkUNjTpFPJA6RW+TOkWmljpF2pk6RQ2dOkU8oDpF
c6M6RaKmOkXWqTpFCa06RTywOkVvszpFprY6Rda5OkUJvTpFPMA6RXPDOkWmxjpF1sk6RQnN
OkU80DpFc9M6RaLWOkXW2TpFCd06RUDgOkVz4zpFouY6RdrpOkUN7TpFQPA6RW/zOkWi9jpF
2vk6RQ39OkVAADtFcwM7RaYGO0XaCTtFDQ07RUAQO0VvEztFphY7RdYZO0UJHTtFQCA7RW8j
O0WiJjtF1ik7RQ0tO0U8MDtFczM7RaY2O0XaOTtFCT07RTxAO0VzQztFokY7RdZJO0UJTTtF
PFA7RW9TO0WmVjtF1lk7RQldO0VAYDtFb2M7RaZmO0XaaTtFCW07RTxwO0VvcztFonY7Rdp5
O0UNfTtF</AssayXData><AssayYData Points="1500">af+dQLphnkAGZ55ACi2eQG1HnkCRPZ5AhlueQF5ZnkBwcp5AfV6eQLdRnkDZXJ5AoGaeQF+C
nkDXbZ5AenieQDtMnkB5b55AfGeeQJlhnkDCZp5AO2WeQOVYnkDqa55AHneeQE10nkD+TZ5A
Mo+eQABYnkANZp5Ak0qeQEZ1nkCmZp5AqzmeQA11nkDcbZ5Aj1SeQNxmnkAycp5A0mCeQOZ9
nkDvRp5AbkueQBlqnkA4Xp5AqUSeQBJonkBnMp5A2jOeQA5inkDAWp5AkUSeQFd2nkAqWZ5A
Q0eeQDZ7nkBcc55AMSWeQCU9nkDdTZ5A6HaeQBA+nkBGPZ5Ap1GeQHI+nkBFQJ5AXl6eQMo3
nkBZS55AwkKeQOo5nkANYJ5AeEOeQMs2nkALSp5A+0+eQG6GnkBETp5AOTyeQL5LnkDON55A
ClSeQNxQnkCjGp5ALUOeQIVhnkCMWJ5AyTieQAw9nkDUS55Ak2OeQGNPnkAoPZ5AbESeQOY4
nkBZVJ5ALVCeQF9QnkDKUZ5ACEWeQHM5nkAnNp5AWTieQCQ8nkCXQZ5AUlmeQJBMnkBmIp5A
VkaeQIlGnkCLUJ5ACEGeQEdvnkCgaZ5AeCKeQG8pnkC4Z55AlFKeQLRFnkCGI55AMVKeQFE9
nkD8JJ5Ahx6eQE49nkBrMJ5A5TKeQDg/nkB2O55AjhieQHRUnkD+VZ5AtEieQK0unkA1L55A
o02eQKs0nkAFMZ5AzCGeQENMnkCLJp5A0B6eQK9BnkA4N55ANkKeQIFXnkDcTZ5Awi2eQK1K
nkD6S55AaECeQAwXnkCRRp5AYS6eQNxfnkDATJ5AvSyeQLg7nkDeG55AtyGeQL8bnkCVTp5A
DQSeQAIWnkBESp5AZFqeQBkznkBOUJ5Az1aeQCcmnkCLS55ADzWeQBZDnkCiQp5AiDieQMg5
nkC1Gp5A9zaeQGovnkBjNZ5AFlieQBYtnkCnQZ5AwzSeQNJMnkCSIZ5AqV2eQCNankCDJJ5A
ZFGeQHxSnkCcHp5A1CueQKBpnkA7KZ5AGBmeQOBdnkD1IZ5AAi6eQDBFnkBtEZ5AY2qeQPo5
nkC6CZ5A3yCeQD1InkBnYp5AuEGeQO8cnkBBYZ5AxDWeQOdcnkBFRp5A2U6eQHgonkDXSZ5A
RFWeQOs3nkD2SJ5A5iueQAwunkCwP55AN0meQCNCnkB6Hp5AGCaeQJIhnkAqHp5APEqeQGVt
nkCeLJ5A0zGeQIAmnkB/NJ5AvSmeQPEunkArPJ5A0RmeQIkUnkBwF55A0TeeQMdhnkCUP55A
Ij2eQP1InkDoIp5A5E2eQJ85nkA1S55AgjWeQOFMnkBkO55APiSeQC4qnkA1Vp5AUDieQJVZ
nkDMV55AslaeQPQ6nkBETp5ABlOeQJ80nkCNP55A6xOeQL41nkAWLp5AvlmeQKk5nkDzPZ5A
2x2eQFhQnkAOIZ5A80ieQANFnkBSSp5AYDaeQCFAnkAeX55AfFqeQPlOnkDuPp5APkeeQLBG
nkDdU55A0y6eQM82nkCbMp5AijGeQEJZnkDcM55AU1KeQEZCnkAXYZ5AUFeeQAo9nkBCSZ5A
gVeeQBE4nkCjRZ5AgCyeQKQtnkAZMZ5ANUCeQLJunkC/SJ5AKkieQJYdnkBDOZ5AeBmeQDdW
nkAJPJ5Aj0qeQFIankC0ZJ5ASEieQG1HnkDFY55AWieeQAAtnkCfT55AykCeQCwqnkCaPJ5A
7EmeQIIunkCJIZ5AhzOeQHEWnkAWPJ5AamaeQE9JnkC0MZ5ALjOeQDs8nkBcJp5AEy2eQPNZ
nkD5Rp5A0WieQOsbnkC/XZ5AIjOeQABPnkALJJ5AfzmeQPNlnkBeVp5Auj6eQOdNnkAcOp5A
T0qeQPNWnkA2MZ5AuiieQMQmnkB3OZ5A402eQJ1knkA8V55ACk+eQNJFnkDRTJ5AoD6eQJNQ
nkDdQZ5AxyueQHUenkDoYJ5AVlueQCBQnkDqXp5AjDieQF07nkCHYZ5AYWKeQBsynkBXQZ5A
fHueQFc/nkAsJ55A8GKeQBQ/nkAoKZ5AJTeeQK1OnkDxX55AaX6eQJhRnkBGIJ5AK1meQHBC
nkDeN55AQUOeQIRYnkAcQZ5AqVeeQHM2nkAJQp5AlmOeQFhfnkAmVp5AamieQMNgnkAaYZ5A
cWeeQOtdnkCoep5AP2meQP5hnkCUW55ANDSeQLRJnkBLUZ5AsWeeQAB0nkDtWp5AUmCeQF5j
nkB6cZ5ATVaeQMpHnkDCWp5APUKeQIlankDKZ55AmS2eQL0vnkBuXJ5AgG2eQM9InkAUSp5A
OFyeQOE3nkAgap5Ab2aeQPtankCkiJ5ARFaeQE1GnkDOXJ5ADlWeQDZ0nkC5QJ5AvkSeQEBc
nkDqU55ACUSeQF6FnkC1YZ5AN1GeQB90nkAlOZ5AJDKeQM9ZnkCAWJ5Ae0ueQFRGnkB1bZ5A
jUieQBF4nkBZU55AohqeQKVQnkAnVJ5AUTieQLBtnkC/Yp5AbFueQLRmnkCKdZ5AuGaeQK84
nkAvM55AlDKeQJMznkBtZp5A2VaeQFZ+nkAdep5AhWmeQC1lnkCsbZ5AC2GeQCpwnkDLM55A
eC6eQF9onkA+Rp5ADVmeQOt5nkDqWZ5AE3qeQPWLnkCYTZ5AlGOeQHp0nkBVb55AAlGeQMCK
nkDvYp5A+lSeQElNnkANSJ5AzC6eQGlqnkBUXp5A3EaeQERenkCHcJ5A6l2eQB5ZnkChQ55A
NEGeQABUnkCEmZ5AVFSeQO5NnkD3a55ALmmeQEpdnkCnY55AU1eeQGlCnkACcp5A62+eQOk1
nkBje55A+mCeQI46nkAfjJ5A8F6eQGdLnkBxh55AR3ueQN5LnkC4e55AjVKeQEJmnkBvc55A
6nOeQM02nkDvGJ5AN3GeQJh6nkCnXp5ALF6eQNFbnkA2S55AD0qeQENDnkAQX55A7VGeQMVq
nkAXRZ5A6UyeQKyInkDIc55AjD+eQK1tnkD8ZJ5AN1GeQAdFnkAXhZ5A9YKeQMFLnkCzbJ5A
kiWeQC9OnkCbhp5AXEueQEVTnkBMY55Ar3GeQIeTnkCWdp5AjXieQEl9nkDPYp5AeHWeQH14
nkBQc55AWYaeQD9DnkBaiJ5ATmKeQFhpnkD9bp5ASHyeQJNankD7VZ5AJVyeQJV3nkAHap5A
41ieQC5RnkBmgZ5AP3WeQP18nkAyX55ALF2eQBB5nkD6Op5ApnyeQGdEnkDikJ5AFUeeQO96
nkCpVJ5AgSmeQB9TnkDgeZ5A5G6eQDOEnkBYfp5Aj2yeQEqInkB1ip5Ae2eeQAh6nkBXhJ5A
L2eeQFGKnkD+U55AeIKeQFVwnkDFaZ5AOIKeQO5unkClqZ5AWleeQKuHnkCqkJ5AqW6eQHAy
nkArdp5ABXyeQCePnkB2fZ5AE4WeQEpknkA0f55A8ZueQENonkCdaJ5A24KeQBdsnkA3nJ5A
M32eQOGPnkAWd55AUYueQH1/nkBjg55AHoSeQB5qnkBzU55AImueQEuInkBHaZ5AQV6eQEBr
nkBbf55AbEKeQPJ5nkDrjJ5A/WSeQD1znkCLjJ5AGVyeQBJonkDWjp5AhmSeQAlxnkAjdp5A
Wl+eQCd9nkD3eJ5AZ4eeQICGnkAFm55AfI+eQGFsnkBAk55ArJ+eQI1/nkDrT55Ai1+eQEWB
nkB1gJ5Afo6eQP2AnkCnaZ5A0X6eQDpPnkBWXp5ArnWeQKd9nkCxap5AEoWeQOybnkDpXZ5A
eHueQHhZnkDxmp5ABo2eQEGQnkDFjp5A1GSeQM5qnkAzi55AEn+eQA+cnkD7dZ5ARXueQH6K
nkDylZ5Avn+eQHh9nkAJgZ5ANXieQMGQnkAPkJ5AR6ieQJVrnkDrfZ5AOJKeQK2hnkDVrZ5A
+XGeQFFsnkCrqp5A826eQDR5nkBGeJ5ACYqeQLN5nkBvbZ5A8Y+eQBRynkAWmZ5AqoqeQDRH
nkBteZ5Ak5aeQOKSnkAQUZ5AW46eQBx4nkC/Wp5A4LOeQBeFnkD8eJ5AMnaeQIhlnkADeJ5A
0IOeQKuNnkAAh55AfIKeQLGjnkDSjp5AM0+eQEeTnkDjmJ5AYJ6eQIR2nkCLnJ5AJGqeQM6X
nkBUnp5A72WeQLeYnkAujZ5AFIueQFdenkAUo55A7ZSeQMiPnkCOg55AnZCeQNqYnkCooZ5A
EqWeQM50nkBQl55AhbGeQKaMnkBjYJ5AFcSeQHmQnkDEl55A176eQOqcnkD/aZ5A/n2eQJmU
nkD2pp5A+oSeQJt5nkDPqZ5AD3CeQIKVnkCQe55AgJWeQDOfnkBxh55A3GqeQDaznkAdWp5A
UY6eQNaAnkCKdJ5AIqqeQAmznkC5up5AnYqeQHyvnkBsnZ5APIaeQGadnkARl55AaGueQLRj
nkA9pZ5A6oeeQKCFnkAih55An6ueQP6pnkBEkp5AQmmeQOuRnkDamJ5AfXueQFqMnkBQl55A
sZ+eQGetnkAafZ5AbJWeQNKLnkBQqp5Aja6eQHh2nkCSh55AcKCeQBKinkDEV55Au8aeQN+h
nkDWip5AD5GeQCCsnkCNkZ5AUqKeQLyGnkDLrJ5As5KeQDuMnkBWgp5AsJieQDSmnkChiJ5A
+XyeQK2onkC1h55A6pGeQHO2nkCjrJ5Af4ueQFaUnkCfeZ5AwZCeQN5mnkAaiZ5AqJ6eQOCD
nkAjqp5AG4CeQGW6nkAYm55Ax3qeQKGTnkAOqZ5ATr+eQByBnkD+up5AFZieQNuSnkDRtp5A
TrqeQHF/nkD7sJ5AFrGeQO/LnkBRn55AIJeeQCKknkDqgZ5Ab6OeQJh0nkDGpp5AzLCeQAyn
nkDEhp5A2LSeQHK3nkCibp5AfqmeQPalnkD3jJ5AdqmeQK6ynkB5nZ5AnqKeQLy1nkBBoJ5A
Rq6eQBuxnkD0iZ5AoJ+eQKbPnkCY0Z5AX5+eQAScnkAWvp5A9JWeQOSvnkD5vZ5AjrSeQNOD
nkDdw55AdaieQHV6nkD1np5Akb2eQBOWnkAfjp5AqaieQLCYnkBBuJ5A+4yeQCyrnkBpmJ5A
RbmeQCOwnkBrz55AEMCeQD2GnkDGp55AAMqeQG2XnkASpp5A372eQPvFnkCdoZ5AucSeQMy5
nkCnlp5AC5aeQL3BnkB3r55A0L2eQBXBnkCWqp5AraeeQFGHnkCQlJ5ABJqeQCeOnkBPvZ5A
CZqeQAiFnkARjZ5ASYmeQOqdnkCWop5ASpOeQCionkB+2J5A45aeQC6enkBNpZ5AKo6eQMuZ
nkCz1J5ADJyeQJeXnkCIwZ5AN8meQIPInkCRx55AaMyeQDO0nkDCoZ5AP76eQJuVnkDcxZ5A
gqeeQI2jnkAp1J5AT8qeQBeDnkDPrp5A86+eQLeRnkAVoZ5AZbeeQLC4nkCctZ5AKJ6eQPOi
nkD9pp5ANqyeQFPBnkCcnZ5AeZyeQCWbnkCkip5AvqaeQL2nnkDFsJ5A6LKeQEe6nkC1u55A
frqeQH3CnkAxr55AEcWeQKnDnkC2wJ5A7JieQFjBnkAJt55A8omeQFbBnkDzq55Avp+eQOfL
nkCPwp5AY42eQIWgnkBS155A5MyeQArNnkABu55ACryeQKyRnkBLt55AbNCeQHimnkADmZ5A
pOaeQKm4nkDdop5A2d6eQJyNnkA+sp5AOKSeQCTgnkA5zZ5AM6meQJO4nkAfqZ5AYNOeQPLY
nkDDsJ5AmJqeQJ6ynkCx2Z5ANZqeQFPcnkCP1Z5A8MOeQPvOnkAFyp5A08ueQKuhnkBR7p5A
HsmeQHjSnkC65Z5A8rGeQBzSnkDM255AT8CeQFmankA/yZ5AtLeeQPunnkA2qJ5AYLCeQJKp
nkAkt55At8CeQMbSnkD02J5AI+SeQCyznkCDyZ5A9rKeQIrHnkC7nZ5A7reeQMeinkCzxp5A
dtaeQFa6nkCvz55ATc6eQLDFnkDhpp5AkrSeQGfAnkDIyZ5Ap9qeQNjVnkCRv55AFNmeQMDW
nkBw3J5ALdCeQGvRnkCvuZ5Af+qeQDbvnkBqtp5AbrmeQJzcnkAbyJ5AZdaeQAzcnkCFzp5A
8qaeQEbBnkCXyZ5A3MGeQGOsnkCT9p5Au7yeQD+TnkAf9p5ATdueQC67nkBErJ5ADMOeQLek
nkBj7p5A48meQBHFnkBszp5AhbaeQADcnkCws55AyceeQHfpnkDSzJ5Aj8WeQJC9nkAy6J5A
ityeQP7DnkApsJ5Ay8qeQKOsnkBdt55At8WeQGDznkA2sZ5ArcmeQIbYnkAGyZ5AeMGeQFHh
nkDFw55A1NOeQGLinkDv3Z5AC82eQDC+nkDJzJ5AD76eQGTEnkCl1p5AY7qeQJCxnkAM6Z5A
t9qeQOS9nkBQyp5ABtKeQILGnkC04J5AZASfQFHTnkDMuJ5A9gCfQHLUnkCD655A0+KeQG/G
nkB33Z5AvvCeQIbVnkBbxp5AINCeQJfcnkBLpJ5AfdGeQNPSnkC3wZ5AeuCeQL/nnkB84J5A
x+GeQODHnkBw5J5A3MqeQPnrnkCToJ5AwvWeQBjBnkDR955A/7SeQJj4nkCL1p5AFNyeQIDZ
nkA89Z5AaNGeQGXhnkBD5p5AiN+eQKflnkDRzp5ArMueQHXInkBo4p5ACNKeQOz4nkBv/55A
mMyeQJXbnkC1EJ9A6NSeQB7YnkAI3Z5AGOOeQLXdnkC6zJ5Acf+eQDSknkDC655AfdGeQFXG
nkCttp5Av/qeQMDjnkAn4Z5ATsGeQEHYnkBA255AlbmeQF3znkBU6p5AmtqeQDzfnkDvzJ5A
YdueQP/qnkCsvp5A9OGeQJT6nkAjAZ9APr+eQHv2nkBo2p5AG9yeQDfXnkA+955AJsueQKjq
nkAj5J5AAdueQDe4nkDCBp9A/dWeQKwIn0AH0J5ARNWeQHYJn0DI5J5AnfieQK3xnkDO1p5A
4uqeQNbTnkDV7J5AU9aeQInYnkCBxJ5AndueQGqonkAn455A07ueQA/CnkCqsZ5ASfKeQG/0
nkAezZ5Ae+ieQI0Nn0DP1J5AkeaeQAjankCiqJ5Ahd+eQJfpnkBFy55Aa+aeQCjwnkCp4J5A
LOGeQCT9nkC0/55AhPueQFMBn0D0BJ9AVOKeQM3ZnkDvF59AQ/CeQGwDn0DV8J5ArN+eQKrn
nkCG+55AOPyeQI3pnkCT8J5APvWeQB/UnkDEE59ANOyeQMDmnkD32Z5AGsmeQFzQnkDp9p5A
JPqeQGjfnkCP/55A8taeQIjenkCp455AGhmfQEHWnkD26J5AfdKeQLjnnkB5+Z5Aa+ueQPna
nkBU155AA9ieQP7tnkDvp55A1PGeQA/xnkDF9p5ATdqeQCQIn0DQ355AxemeQN/YnkCE755A
PfaeQF8Fn0Dmtp5AwdmeQBrnnkB8Hp9ANvCeQHjunkDZ/p5Abv2eQMzknkDe6p5AauOeQDPS
nkD26p5AJMKeQBv3nkAuAZ9AE9CeQFwEn0DEy55AT/2eQOLpnkAf+55AdemeQPX3nkA14J5A
ayGfQI74nkA/855ArvGeQHDUnkCV3p5AStieQJrwnkB/3Z5AmeqeQO7xnkDB3p5A8OSeQCzk
nkA/xZ5As/qeQL/hnkCf055AGR6fQCgQn0AU+55AaMyeQBn+nkDszZ5Agg6fQF8Vn0BBBp9A
CraeQIv9nkCL/J5AO9CeQGkGn0DuCp9AbdeeQJzrnkC7GJ9A4c+eQCcGn0DgB59AmOqeQAsX
n0AEJZ9A5fKeQMrsnkAPHZ9ACP6eQDXvnkDAFJ9AL+GeQE7WnkA2IZ9AneWeQMzynkBZAZ9A
hu+eQLj2nkAoCJ9AmiGfQK4Hn0DTCZ9AJRSfQPvxnkB49J5AwfmeQJztnkAY8Z5AjfqeQKEI
n0Au255AO/WeQD32nkBYHZ9A7fSeQNbgnkCa755AON2eQAcin0Dd8Z5A9fGeQC4gn0CUE59A
2emeQOgJn0A7OZ9AKxGfQMwWn0BB6Z5AtPCeQHUZn0CuCJ9AZvaeQOftnkAJLZ9A6vueQAAK
n0B/B59A</AssayYData></Step><Step><CommonData><SampleLocation>7</SampleLocation><SampleID>Glycine</SampleID><SampleGroup></SampleGroup><SampleInfo></SampleInfo><SampleRow>J</SampleRow><SamplePlate>1</SamplePlate><WellType>REGENERATION</WellType><Concentration>-1</Concentration><ConcentrationUnits>µg/ml</ConcentrationUnits><MolarConcentration>-1</MolarConcentration><MolarConcUnits>nM</MolarConcUnits><MolecularWeight>0</MolecularWeight><Temperature>30</Temperature><StartTime>3412175</StartTime><AssayTime>5</AssayTime></CommonData><FlowRate>1000</FlowRate><StepType>KREGENERATION</StepType><StepName>Regeneration</StepName><StepStatus>OK</StepStatus><ActualTime>5.00103</ActualTime><CycleTime>0.2</CycleTime><AssayXData Points="25">QIA7RXODO0WqhjtF2ok7RRGNO0VAkDtFc5M7RaqWO0XamTtFDZ07RUCgO0VzoztFpqY7Rd6p
O0URrTtFQLA7RXezO0WmtjtF2rk7RRG9O0VAwDtFd8M7RabGO0XayTtFEc07RQ==</AssayXData><AssayYData Points="25">C/IQPxUj8z5/mNg+J1C/Pr73rD4YdJw+Es+IPhUTfT5igmI+XSNJPnI5Nj7bkxs+qwgHPp+B
4D3tHcw91cSaPdOIdz1R7zw9eSoUPQ7gyzyhqBc8UyGkuxaYoLzFs8y8K2jevA==</AssayYData></Step><Step><CommonData><SampleLocation>8</SampleLocation><SampleID>PBS</SampleID><SampleGroup></SampleGroup><SampleInfo></SampleInfo><SampleRow>J</SampleRow><SamplePlate>1</SamplePlate><WellType>NEUTRALIZATION</WellType><Concentration>-1</Concentration><ConcentrationUnits>µg/ml</ConcentrationUnits><MolarConcentration>-1</MolarConcentration><MolarConcUnits>nM</MolarConcUnits><MolecularWeight>0</MolecularWeight><Temperature>30</Temperature><StartTime>3425441</StartTime><AssayTime>5</AssayTime></CommonData><FlowRate>1000</FlowRate><StepType>KREGENERATION</StepType><StepName>Regeneration</StepName><StepStatus>OK</StepStatus><ActualTime>5.00103</ActualTime><CycleTime>0.2</CycleTime><AssayXData Points="25">RNA7RXvTO0Wq1jtF3tk7RRHdO0VI4DtFe+M7RarmO0Xe6TtFEe07RUTwO0V78ztFqvY7Rd75
O0UR/TtFRAA8RXcDPEWqBjxF4gk8RRENPEVIEDxFexM8RaoWPEXeGTxFFR08RQ==</AssayXData><AssayYData Points="25">eYJ0QO8IdkA0/HZAqrB3QD50eEBg6nhAvbd5QIr3eUC+Z3pAR6B6QCzDekBuJXtAtqJ7QFvD
e0C1HnxAP1p8QMOKfEBVBH1AEc18QAVgfUDpBX1Am4t9QDWdfUAZsH1A5b19QA==</AssayYData></Step><Step><CommonData><SampleLocation>7</SampleLocation><SampleID>Glycine</SampleID><SampleGroup></SampleGroup><SampleInfo></SampleInfo><SampleRow>J</SampleRow><SamplePlate>1</SamplePlate><WellType>REGENERATION</WellType><Concentration>-1</Concentration><ConcentrationUnits>µg/ml</ConcentrationUnits><MolarConcentration>-1</MolarConcentration><MolarConcUnits>nM</MolarConcUnits><MolecularWeight>0</MolecularWeight><Temperature>30</Temperature><StartTime>3438844</StartTime><AssayTime>5</AssayTime></CommonData><FlowRate>1000</FlowRate><StepType>KREGENERATION</StepType><StepName>Regeneration</StepName><StepStatus>OK</StepStatus><ActualTime>5.00005</ActualTime><CycleTime>0.2</CycleTime><AssayXData Points="25">SSA8RXwjPEWzJjxF5yk8RRYtPEVNMDxFgDM8Ra82PEXjOTxFGj08RUlAPEV8QzxFs0Y8ReNJ
PEUaTTxFSVA8RYBTPEWvVjxF51k8RRpdPEVNYDxFfGM8Ra9mPEXnaTxFFm08RQ==</AssayXData><AssayYData Points="25">AuU2PqZ65z0vZoI9jkMZPc9oZTw+ORm748/ivDRTDL0HZj69+Ex/vXMKkb2T+6C9B4S0vaGM
yr3vK8e95ZfrvWxH8r19aPe9mTQDvlKuDr4pBRm+k4UcvqE5Hr6mgyS+JOsjvg==</AssayYData></Step><Step><CommonData><SampleLocation>8</SampleLocation><SampleID>PBS</SampleID><SampleGroup></SampleGroup><SampleInfo></SampleInfo><SampleRow>J</SampleRow><SamplePlate>1</SamplePlate><WellType>NEUTRALIZATION</WellType><Concentration>-1</Concentration><ConcentrationUnits>µg/ml</ConcentrationUnits><MolarConcentration>-1</MolarConcentration><MolarConcUnits>nM</MolarConcUnits><MolecularWeight>0</MolecularWeight><Temperature>30</Temperature><StartTime>3451946</StartTime><AssayTime>5</AssayTime></CommonData><FlowRate>1000</FlowRate><StepType>KREGENERATION</StepType><StepName>Regeneration</StepName><StepStatus>OK</StepStatus><ActualTime>5.00005</ActualTime><CycleTime>0.2</CycleTime><AssayXData Points="25">SXA8RXxzPEWzdjxF53k8RRZ9PEVNgDxFfIM8Ra+GPEXjiTxFGo08RUmQPEV8kzxFr5Y8ReeZ
PEUanTxFTaA8RYCjPEWvpjxF46k8RRatPEVJsDxFfLM8RbO2PEXjuTxFFr08RQ==</AssayXData><AssayYData Points="25">wTdyQKaDc0BUZnRATY11QNuMdkCi2nZAPTx3QFvod0ClXHhAreB4QOMueUDcWXlA5YR5QBrP
eUBoQnpAlxN6QOwFekBYkHpA2x57QKgWe0Cp/HpAXn17QAibe0A3yntAXOB7QA==</AssayYData></Step><Step><CommonData><SampleLocation>7</SampleLocation><SampleID>Glycine</SampleID><SampleGroup></SampleGroup><SampleInfo></SampleInfo><SampleRow>J</SampleRow><SamplePlate>1</SamplePlate><WellType>REGENERATION</WellType><Concentration>-1</Concentration><ConcentrationUnits>µg/ml</ConcentrationUnits><MolarConcentration>-1</MolarConcentration><MolarConcUnits>nM</MolarConcUnits><MolecularWeight>0</MolecularWeight><Temperature>30</Temperature><StartTime>3465383</StartTime><AssayTime>5</AssayTime></CommonData><FlowRate>1000</FlowRate><StepType>KREGENERATION</StepType><StepName>Regeneration</StepName><StepStatus>OK</StepStatus><ActualTime>5.00005</ActualTime><CycleTime>0.2</CycleTime><AssayXData Points="25">ScA8RYTDPEWvxjxF48k8RRbNPEVJ0DxFgNM8Ra/WPEXj2TxFFt08RUngPEV84zxFs+Y8RePp
PEUW7TxFTfA8RYDzPEWz9jxF5/k8RRb9PEVNAD1FfAM9Ra8GPUXjCT1FFg09RQ==</AssayXData><AssayYData Points="25">Dar8PcvEbD2XQZI8oIFZu6g867zalRm9GrtsvXMLiL1yYqu9V1WovQiQx73a7sm9CpLhvRlU
8b3R0QG+hQL+vXjqBr7KZBG+Qw0TviYLGb4ziSO+D9gnvjtLJr7aSjC+dO4uvg==</AssayYData></Step><Step><CommonData><SampleLocation>8</SampleLocation><SampleID>PBS</SampleID><SampleGroup></SampleGroup><SampleInfo></SampleInfo><SampleRow>J</SampleRow><SamplePlate>1</SamplePlate><WellType>NEUTRALIZATION</WellType><Concentration>-1</Concentration><ConcentrationUnits>µg/ml</ConcentrationUnits><MolarConcentration>-1</MolarConcentration><MolarConcUnits>nM</MolarConcUnits><MolecularWeight>0</MolecularWeight><Temperature>30</Temperature><StartTime>3478818</StartTime><AssayTime>5</AssayTime></CommonData><FlowRate>1000</FlowRate><StepType>KREGENERATION</StepType><StepName>Regeneration</StepName><StepStatus>OK</StepStatus><ActualTime>5.00103</ActualTime><CycleTime>0.2</CycleTime><AssayXData Points="25">SRA9RXwTPUWzFj1F4xk9RRodPUVJID1FfCM9RbMmPUXnKT1FFi09RU0wPUV8Mz1FrzY9ReM5
PUUWPT1FTUA9RYBDPUWvRj1F40k9RRpNPUVJUD1FgFM9RbNWPUXnWT1FGl09RQ==</AssayXData><AssayYData Points="25">gYtzQESkdEAZx3VAR7B2QDuhd0B6LHhA0ph4QDEweUBEfnlAs4V5QDNfekAWY3pAiqZ6QBIw
e0BLO3tAlht7QGSTe0A67XtAMvl7QCkxfEDypnxAf798QIf5fEAtAH1Aaf18QA==</AssayYData></Step><Step><CommonData><SampleLocation>3</SampleLocation><SampleID>Octet Buffer</SampleID><SampleGroup></SampleGroup><SampleInfo></SampleInfo><SampleRow>I</SampleRow><SamplePlate>1</SamplePlate><WellType>BUFFER</WellType><Concentration>-1</Concentration><ConcentrationUnits>µg/ml</ConcentrationUnits><MolarConcentration>-1</MolarConcentration><MolarConcUnits>nM</MolarConcUnits><MolecularWeight>0</MolecularWeight><Temperature>30</Temperature><StartTime>3493396</StartTime><AssayTime>20</AssayTime></CommonData><FlowRate>1000</FlowRate><StepType>CUSTOM</StepType><StepName>Sensor Check</StepName><StepStatus>OK</StepStatus><ActualTime>20.001</ActualTime><CycleTime>0.2</CycleTime><AssayXData Points="100">TWA9RYBjPUW3Zj1F52k9RRptPUVRcD1FgHM9Rbd2PUXreT1FGn09RU2APUWAgz1Fs4Y9ReuJ
PUUajT1FTZA9RYCTPUWzlj1F55k9RRqdPUVRoD1FgKM9RbOmPUXnqT1FGq09RU2wPUWAsz1F
t7Y9Ree5PUUavT1FTcA9RYTDPUW3xj1F58k9RRrNPUVN0D1FgNM9RbfWPUXn2T1FGt09RU3g
PUWA4z1Fs+Y9RevpPUUa7T1FTfA9RYTzPUWz9j1F6/k9RRr9PUVRAD5FgAM+RbcGPkXnCT5F
Gg0+RU0QPkWAEz5FsxY+RecZPkUaHT5FUSA+RYQjPkW3Jj5F6yk+RRotPkVRMD5FgDM+Rbc2
PkXrOT5FGj0+RU1APkWEQz5Fs0Y+RetJPkUaTT5FTVA+RYRTPkWzVj5F61k+RRpdPkVNYD5F
hGM+RbdmPkXraT5FHm0+RU1wPkWAcz5Fs3Y+Red5PkUefT5FUYA+RYSDPkWzhj5F54k+RR6N
PkVNkD5FhJM+RbOWPkXnmT5FHp0+RQ==</AssayXData><AssayYData Points="100">MZdyQL6Bb0DgB25A87BsQFrXa0CfxGtA2EZrQBv7akAT4GpAZuRqQKwla0Bej2tAkXxrQKO1
a0Bf5WtAuzRsQNBlbEBCZmxA74NsQGCgbEApo2xAGu9sQG/SbEBA2mxAKCZtQGuFbUAXLG1A
yIxtQIfEbUC2D25A2cRtQNT4bUCHwG1AquhtQNTibUBUA25ALXNuQHUzbkB8Qm5AixhuQPvg
bkDm5W5AsKRuQPzSbkBI4m5Acq9uQIvNbkB17W5A6HRvQAEwb0DRI29Ah2RvQChjb0B5XW9A
vylvQEWMb0AgcW9A3FJvQF9kb0BrlG9A77tvQFGcb0AYhG9AoAVwQKHsb0DY4G9AOThwQGf3
b0BMNnBArjRwQKcscEAT9W9AwOJvQCEwcEBeEHBAKmNwQMVGcEA6anBATk5wQFhJcECRZnBA
F51wQMXLcEDtjnBAa5twQGCycEDhWnBAHJ1wQC3ccEBAwXBAj+JwQPCxcED8NHFAU/FwQO08
cUDJA3FAB0FxQLTZcEBaLnFA6hlxQA==</AssayYData></Step><Step><CommonData><SampleLocation>15</SampleLocation><SampleID>SI-157X47_P5533</SampleID><SampleGroup></SampleGroup><SampleInfo></SampleInfo><SampleRow>I</SampleRow><SamplePlate>1</SamplePlate><WellType>KLOAD</WellType><Concentration>5</Concentration><ConcentrationUnits>µg/ml</ConcentrationUnits><MolarConcentration>5000</MolarConcentration><MolarConcUnits>nM</MolarConcUnits><MolecularWeight>0</MolecularWeight><Temperature>30</Temperature><StartTime>3523692</StartTime><AssayTime>120</AssayTime></CommonData><FlowRate>1000</FlowRate><StepType>LOADING</StepType><StepName>Loading</StepName><StepStatus>OK</StepStatus><ActualTime>120</ActualTime><CycleTime>0.2</CycleTime><AssayXData Points="600">UqA+RYmjPkW4pj5F8Kk+RR+tPkVSsD5FibM+Rbi2PkXwuT5FI70+RVLAPkWFwz5FuMY+RezJ
PkUfzT5FUtA+RYXTPkW41j5F8Nk+RR/dPkVS4D5FheM+RbjmPkXw6T5FH+0+RVLwPkWF8z5F
vPY+Rez5PkUf/T5FUgA/RYkDP0W4Bj9F7Ak/RR8NP0VSED9FiRM/RbwWP0XwGT9FIx0/RVYg
P0WJIz9FvCY/RfApP0UjLT9FUjA/RYkzP0W4Nj9F7Dk/RSM9P0VSQD9FiUM/RbhGP0XsST9F
H00/RVJQP0WJUz9FuFY/RexZP0UjXT9FVmA/RYljP0W4Zj9F7Gk/RSNtP0VScD9FiXM/Rbh2
P0XseT9FI30/RVKAP0WFgz9FuIY/ReyJP0UfjT9FUpA/RYmTP0W4lj9F7Jk/RSOdP0VWoD9F
haM/RbimP0XwqT9FI60/RVawP0WFsz9FuLY/Rey5P0UfvT9FVsA/RYXDP0W4xj9F8Mk/RSPN
P0VW0D9FhdM/RbjWP0Xs2T9FH90/RVbgP0WF4z9FvOY/RezpP0Uf7T9FVvA/RYXzP0W49j9F
8Pk/RR/9P0VSAEBFhQNARbgGQEXsCUBFIw1ARVIQQEWFE0BFvBZARfQZQEUfHUBFUiBARYkj
QEW4JkBF7ClARR8tQEVkMUBF8DNARbw2QEXsOUBFHz1ARVZAQEWFQ0BFuEZARfBJQEUjTUBF
UlBARYlTQEW4VkBF7FlARR9dQEVWYEBFhWNARbhmQEXsaUBFH21ARVZwQEWFc0BFvHZARex5
QEUffUBFUoBARYWDQEW8hkBF8IlARR+NQEVSkEBFhZNARbiWQEXwmUBFI51ARVagQEWJo0BF
uKZAReypQEUfrUBFVrBARYWzQEW4tkBF7LlARR+9QEVSwEBFhcNARcHGQEXwyUBFI81ARVLQ
QEWF00BFvNZARezZQEUj3UBFUuBARYnjQEW45kBF7OlARSPtQEVW8EBFifNARbj2QEXw+UBF
H/1ARVIAQUWFA0FFuAZBRfAJQUUfDUFFVhBBRYkTQUW8FkFF8BlBRR8dQUVWIEFFhSNBRbwm
QUXsKUFFHy1BRVYwQUWJM0FFuDZBRew5QUUfPUFFVkBBRYVDQUW4RkFF8ElBRSNNQUVSUEFF
hVNBRbhWQUXsWUFFI11BRVJgQUWFY0FFuGZBRfBpQUUfbUFFUnBBRYVzQUW4dkFF7HlBRR99
QUVWgEFFhYNBRbiGQUXwiUFFH41BRVKQQUWFk0FFvJZBReyZQUUjnUFFUqBBRYWjQUW8pkFF
8KlBRR+tQUVSsEFFhbNBRbi2QUXsuUFFI71BRVLAQUWFw0FFvMZBRezJQUUjzUFFUtBBRYXT
QUW41kFF7NlBRSPdQUVS4EFFheNBRbzmQUXs6UFFH+1BRVLwQUWF80FFuPZBRez5QUUj/UFF
UgBCRYUDQkW8BkJF8AlCRSMNQkVSEEJFhRNCRbgWQkXsGUJFHx1CRVYgQkWJI0JFvCZCRewp
QkUfLUJFUjBCRYkzQkW8NkJF8DlCRR89QkVWQEJFiUNCRbhGQkXwSUJFH01CRVJQQkWJU0JF
uFZCRexZQkUjXUJFUmBCRYVjQkW4ZkJF7GlCRR9tQkVWcEJFhXNCRbh2QkXseUJFI31CRVaA
QkWFg0JFvIZCReyJQkUfjUJFVpBCRYmTQkW4lkJF7JlCRR+dQkVSoEJFiaNCRbimQkXsqUJF
H61CRVKwQkWFs0JFvLZCRey5QkUfvUJFUsBCRYXDQkW4xkJF8MlCRR/NQkVS0EJFhdNCRbzW
QkXs2UJFH91CRVLgQkWF40JFuOZCRezpQkUj7UJFUvBCRYnzQkW89kJF8PlCRR/9QkVSAENF
hQNDRbgGQ0XsCUNFIw1DRVYQQ0WFE0NFuBZDRewZQ0UfHUNFViBDRYUjQ0W4JkNF8ClDRR8t
Q0VWMENFiTNDRbw2Q0XsOUNFIz1DRVZAQ0WFQ0NFuEZDRfBJQ0UjTUNFVlBDRYVTQ0W4VkNF
8FlDRSNdQ0VSYENFiWNDRbhmQ0XsaUNFI21DRVZwQ0WJc0NFvHZDRex5Q0UjfUNFVoBDRYWD
Q0W4hkNF7IlDRR+NQ0VSkENFiZNDRbiWQ0XsmUNFH51DRVKgQ0WJo0NFuKZDRfCpQ0UfrUNF
VrBDRYmzQ0W8tkNF8LlDRSO9Q0VSwENFhcNDRbjGQ0XsyUNFI81DRVLQQ0WF00NFuNZDRezZ
Q0Uf3UNFUuBDRYXjQ0W45kNF7OlDRR/tQ0VS8ENFifNDRbj2Q0Xw+UNFH/1DRVYAREWJA0RF
vAZERewJREUjDURFVhBERYkTREW4FkRF7BlERScdREVSIERFhSNERbgmREXsKURFHy1ERVYw
REWJM0RFuDZERew5REUjPURFUkBERYlDREW4RkRF7ElERSNNREVSUERFiVNERbhWREXwWURF
H11ERVZgREWJY0RFvGZERfBpREUfbURFVnBERYVzREW8dkRF7HlERR99REVSgERFhYNERbiG
REXsiURFH41ERVKQREWFk0RFuJZEReyZREUfnURFUqBERYmjREW8pkRF8KlERSOtREVSsERF
hbNERbi2REXsuURFH71ERVLAREWJw0RFvMZERezJREUfzURFUtBERYnTREW41kRF7NlERR/d
REVW4ERFieNERbjmREXw6URFH+1ERVbwREWF80RFuPZERez5REUj/URFUgBFRYUDRUW8BkVF
7AlFRR8NRUVWEEVFiRNFRbgWRUXsGUVFHx1FRVYgRUWJI0VFuCZFRewpRUUfLUVFQDFFRcsz
RUW4NkVF7DlFRR89RUVWQEVFiUNFRbhGRUXsSUVFH01FRVZQRUWFU0VFuFZFRfBZRUUfXUVF
UmBFRYVjRUW4ZkVF7GlFRR9tRUVScEVFiXNFRbh2RUXseUVFI31FRVKARUWJg0VFvIZFReyJ
RUUjjUVFUpBFRYWTRUW8lkVF7JlFRR+dRUVSoEVFhaNFRbimRUXwqUVFI61FRVKwRUWFs0VF
uLZFRey5RUUfvUVFVsBFRYXDRUW4xkVF8MlFRR/NRUVS0EVFhdNFRbjWRUXw2UVFH91FRVbg
RUWF40VFuOZFRfDpRUUj7UVFUvBFRYXzRUW49kVF7PlFRR/9RUVSAEZFiQNGRbgGRkXwCUZF
Hw1GRVYQRkWFE0ZFvBZGRfAZRkUfHUZF</AssayXData><AssayYData Points="600">1uxvQJnNcEB0OXFAUW9xQLAXckDsVXJAQLtyQCIKc0A/knNA0ahzQDoBdEA2XXRAgmJ0QNaE
dED083RAB4N1QLx8dUDjJnZA/mN2QCBrdkBosXZAaSh3QN0fd0A0lXdAXud3QIMdeEAmKHhA
2gB5QKDTeEDHUHlA/6Z5QHJ5eUCqDHpAiHR6QMhhekCy/HpA2gd7QL1je0CWDntA4417QMVd
fECbR3xAw3d8QJrVfEAw+XxAeqx8QGCsfUBkfn1ASc19QMwUfkDcQ35AXIN+QCLcfkCnIX9A
oy5/QLy6f0Dlq39A7fd/QAMagEAOXoBA7VqAQCVSgEAdrYBAcaWAQKjAgEBA8YBA8w+BQGL1
gEDCMYFAgECBQENggUDsgYFAPLiBQIKVgUAMzYFACQ6CQFMNgkArHoJAniqCQEU6gkCQZIJA
SqiCQA6ngkDLq4JA+smCQIX9gkD2CYNApRiDQE4Vg0CCTYNAHjaDQPlsg0ALf4NABmyDQIu9
g0CsxoNAo9mDQGsMhECdMoRA/DWEQBNEhECpjoRAXGOEQPmQhECkiYRAVHmEQDa1hECoAYVA
Nd6EQGwFhUDtE4VAtkKFQE5NhUBeVYVA4ZSFQJxrhUCBh4VA9KSFQIulhUBh1YVAa/eFQP4J
hkD3EIZAxUWGQIA6hkAgU4ZAEECGQEVphkDEZYZAsJeGQIynhkCRmoZA7sOGQDjdhkBs24ZA
qBSHQG0Sh0AKG4dATkaHQN1Zh0DARYdAbFqHQLqgh0CSgYdAhYCHQGuih0DooodABqOHQMzm
h0Co6odAvvmHQA8AiEB1HIhApiCIQGhEiED7RIhAGD+IQPFCiEAni4hAEG6IQJCaiECX24hA
hMCIQBKoiEAOwYhA0eCIQBDviECP24hAuAeJQCoFiUA4DYlAuT6JQDA/iUDIOIlAhEWJQJ5Z
iUDseYlATmuJQK2KiUCdh4lAp6OJQI2piUClx4lAa9SJQOrUiUDZ64lA1xGKQH0zikAmI4pA
0xiKQK89ikDbYIpA/0yKQApKikCFeopA7oCKQDuaikBhr4pA1nqKQLa+ikChtIpATKqKQHjs
ikAU1IpA/ceKQC8Hi0CMEYtAAyWLQBoKi0DMLotAOzeLQOkzi0B2T4tA8z2LQDRvi0BTV4tA
aFCLQPNJi0CClotAQsiLQOhri0AlwItA3raLQKi9i0AF0otAccqLQAHNi0BW64tAjQuMQKb7
i0C27YtAciCMQAcMjED7L4xAl2GMQD82jEBMPYxAz1GMQF1hjEC7VYxAZk6MQCmijEDGZIxA
EF+MQE+njEB3oYxAC6iMQAykjEAX24xA982MQIXcjEBJwIxAPf2MQEH9jEAC44xASvqMQOfk
jEAxP41A5xCNQI0ojUB/Io1ABRCNQC4XjUDibY1AplmNQDpMjUBXco1AFWGNQG1kjUDVb41A
IXaNQACajUDYjo1AS5qNQKKujUD5k41AkrONQNCxjUCTu41AkNWNQPLljUAzyI1Ac/GNQKLw
jUDK2I1ADg6OQGkKjkC2741A/xiOQJ/4jUA8FI5ASj2OQPNLjkB0Mo5AGFWOQBiUjkDhM45A
RUKOQKV1jkCCU45AjVaOQLqXjkACi45AQoiOQIGhjkBPwI5AHL2OQHqtjkAyxI5APsqOQFra
jkBq345Au8aOQMjijkApz45AH/uOQDLLjkAQI49AFeyOQNLdjkBEJ49APA+PQLkPj0CuH49A
vRiPQCj/jkC2E49AKjmPQB8wj0A9No9AKomPQGxIj0CsM49AX0+PQME3j0Cdao9Ar26PQHKB
j0C+ko9AmKqPQPONj0DxlY9AV5SPQBO4j0All49ATnyPQH3Mj0Cpuo9A/rePQObbj0Cr3Y9A
UrqPQALmj0DXO5BAituPQKLyj0C+IZBABAaQQJsAkECo4o9AUASQQCQPkEBnFZBAkRCQQIYc
kEAUN5BAKCiQQLY9kEB9bpBAoyOQQJ5QkEBWaZBA8FKQQFBIkECscpBAgoOQQL1JkEBtW5BA
JW6QQPR+kECmZpBA/L+QQM6DkEALmZBAt6qQQDOXkEAYpJBAqcqQQO22kEC+r5BArqmQQBLW
kEDhyZBAHPmQQB/gkEBD8pBAO9OQQC/okEDf4ZBAAhaRQI0EkUC0D5FAKPiQQHYhkUDfGJFA
x+yQQD4hkUCJMpFA/BqRQG01kUDyIpFARj+RQE8OkUCIR5FA/jKRQKY/kUBCSpFA7lORQKY2
kUAUf5FAD0eRQNRkkUA9bZFA33ORQL59kUBUfZFAQYyRQGaCkUCAopFA+42RQKCJkUCZqZFA
ycGRQOGQkUAHp5FANu+RQEqekUB9mZFAY7aRQN2pkUCHy5FAudeRQCXvkUCu1pFA1+2RQJLp
kUDr5JFAc/yRQMEOkkCg9JFAIxaSQAESkkDrJ5JANOyRQMAnkkBZ8pFA6BySQFgPkkD0H5JA
SD+SQHs2kkDWXZJAC1GSQOs0kkAIaJJAQTGSQAMhkkAZW5JAblSSQBaBkkBkb5JAxTuSQOlJ
kkBDUJJAYoCSQFV5kkCEbpJARaWSQLVnkkDxkZJAqYKSQHVbkkCllJJAZJySQIGhkkChoZJA
n5ySQN2bkkAkuJJAfcOSQP+dkkAkqZJA8Z2SQDXRkkCymZJAocSSQBngkkDxrpJApd+SQPbf
kkBM3pJAO+ySQH/akkDB5pJA3OKSQL8Hk0Ad8ZJAleSSQAsmk0CeCZNAmPySQNfokkBHHJNA
gxuTQK4ek0DVHJNAkR6TQMAak0DPQpNAHhGTQKkbk0DvM5NAQRqTQBIlk0CzIZNANkiTQCBj
k0ANSZNAH42TQH1Jk0A6dZNAe1mTQB5gk0BtbpNAwpCTQDJIk0CCg5NA8YWTQOpuk0A2e5NA
j4KTQPSYk0CvYpNAG5yTQBWQk0BSfpNAU5qTQJ+Nk0AWopNAUdSTQLCuk0AllZNA77iTQGa7
k0CRvJNA0ZGTQPgHlED/uZNAlbqTQCnik0CPt5NAIL+TQJ/8k0CZ7JNAfOiTQBIKlEBH+JNA
0/qTQAr/k0CG8JNA5dCTQErwk0CYCpRAhP+TQBHuk0DLA5RAXveTQE/pk0BFHJRABfuTQFj9
k0ARAZRAnjWUQKj2k0DOFpRAslmUQK8AlED6HJRAlxyUQP5HlEBDJZRA1U+UQEA7lEBWOpRA
OVyUQM8rlECkOJRA+UqUQEVVlEDeZpRA</AssayYData></Step><Step><CommonData><SampleLocation>3</SampleLocation><SampleID>Octet Buffer</SampleID><SampleGroup></SampleGroup><SampleInfo></SampleInfo><SampleRow>I</SampleRow><SamplePlate>1</SamplePlate><WellType>BUFFER</WellType><Concentration>-1</Concentration><ConcentrationUnits>µg/ml</ConcentrationUnits><MolarConcentration>-1</MolarConcentration><MolarConcUnits>nM</MolarConcUnits><MolecularWeight>0</MolecularWeight><Temperature>30</Temperature><StartTime>3653954</StartTime><AssayTime>100</AssayTime></CommonData><FlowRate>1000</FlowRate><StepType>BASELINE</StepType><StepName>Baseline</StepName><StepStatus>OK</StepStatus><ActualTime>100.001</ActualTime><CycleTime>0.2</CycleTime><AssayXData Points="500">UiBGRYkjRkW4JkZF7ClGRR8tRkVWMEZFhTNGRbg2RkXsOUZFHz1GRVJARkWJQ0ZFuEZGRexJ
RkUfTUZFUlBGRYlTRkW4VkZF7FlGRSNdRkVSYEZFhWNGRbhmRkXwaUZFI21GRVJwRkWJc0ZF
uHZGRfB5RkUffUZFVoBGRYWDRkW4hkZF7IlGRR+NRkVSkEZFhZNGRbyWRkXsmUZFH51GRVKg
RkWJo0ZFuKZGReypRkUfrUZFVrBGRYWzRkW4tkZF7LlGRR+9RkVSwEZFicNGRbzGRkXsyUZF
H81GRVbQRkWJ00ZFuNZGRfDZRkUj3UZFUuBGRYnjRkW45kZF7OlGRSPtRkVW8EZFhfNGRbj2
RkXs+UZFI/1GRVIAR0WNA0dFuAZHRewJR0VADUdFUhBHRYUTR0W4FkdF7BlHRSMdR0VSIEdF
hSNHRbgmR0XsKUdFIy1HRVIwR0WJM0dFuDZHRfA5R0UjPUdFUkBHRYlDR0W8RkdF7ElHRSNN
R0VWUEdFhVNHRbhWR0XwWUdFH11HRVJgR0WFY0dFvGZHRexpR0UjbUdFUnBHRYVzR0W8dkdF
8HlHRR99R0VSgEdFhYNHRbiGR0XwiUdFH41HRVKQR0WJk0dFvJZHReyZR0UjnUdFUqBHRYmj
R0W8pkdF7KlHRR+tR0VSsEdFibNHRbi2R0XsuUdFI71HRVbAR0WFw0dFvMZHRezJR0UjzUdF
UtBHRYXTR0W41kdF8NlHRR/dR0VS4EdFieNHRbzmR0X06UdFH+1HRVbwR0WF80dFuPZHRfD5
R0Uf/UdFUgBIRYUDSEW4BkhF7AlIRSMNSEVSEEhFhRNIRbgWSEXsGUhFHx1IRVYgSEWFI0hF
vCZIRewpSEUjLUhFUjBIRYkzSEW8NkhF7DlIRSM9SEVSQEhFhUNIRbhGSEXwSUhFH01IRVJQ
SEWFU0hFuFZIRfBZSEUfXUhFUmBIRYVjSEW4ZkhF7GlIRR9tSEVScEhFhXNIRbx2SEXseUhF
H31IRVKASEWJg0hFuIZIReyJSEUjjUhFUpBIRYWTSEW8lkhF7JlIRR+dSEVWoEhFhaNIRbim
SEXwqUhFI61IRVKwSEWFs0hFuLZIRey5SEUfvUhFUsBIRYXDSEW8xkhF9MlIRR/NSEVS0EhF
hdNIRbjWSEXs2UhFI91IRVLgSEWJ40hFuOZIRezpSEUf7UhFUvBIRYXzSEW49khF8PlIRR/9
SEVSAElFhQNJRbwGSUXsCUlFHw1JRVYQSUWJE0lFuBZJRewZSUUfHUlFViBJRYkjSUW8JklF
8ClJRR8tSUVWMElFhTNJRbg2SUXsOUlFHz1JRVZASUWFQ0lFvEZJRexJSUUjTUlFUlBJRYVT
SUW4VklF8FlJRR9dSUVWYElFhWNJRbhmSUXsaUlFI21JRVZwSUWFc0lFvHZJRex5SUUffUlF
VoBJRYWDSUW8hklF8IlJRbqNSUVWkElFhZNJRbyWSUXsmUlFI51JRVKgSUWFo0lFuKZJRfCp
SUUfrUlFUrBJRYWzSUW4tklF8LlJRR+9SUVSwElFicNJRbjGSUXsyUlFH81JRVbQSUWF00lF
uNZJRezZSUUj3UlFUuBJRYXjSUW45klF7OlJRR/tSUVS8ElFifNJRbj2SUXw+UlFH/1JRVYA
SkWFA0pFvAZKRewJSkUfDUpFUhBKRYkTSkW4FkpF8BlKRSMdSkVSIEpFhSNKRbgmSkXwKUpF
Hy1KRVIwSkWFM0pFvDZKRew5SkUfPUpFUkBKRYVDSkW4RkpF8ElKRSNNSkVWUEpFiVNKRbxW
SkXsWUpFH11KRVZgSkWFY0pFvGZKRexpSkUjbUpFUnBKRYVzSkW8dkpF8HlKRR99SkVWgEpF
iYNKRcGGSkXsiUpFH41KRVaQSkWJk0pFuJZKRfCZSkUfnUpFUqBKRYWjSkW4pkpF7KlKRR+t
SkVSsEpFibNKRby2SkXsuUpFH71KRVLASkWFw0pFuMZKRfDJSkWJzUpFVtBKRYnTSkW41kpF
7NlKRSPdSkVW4EpFheNKRbzmSkXs6UpFH+1KRVLwSkWF80pFvPZKRez5SkUf/UpFVgBLRYUD
S0W4BktF7AlLRR8NS0VSEEtFhRNLRbgWS0XsGUtFHx1LRVIgS0WFI0tFuCZLRewpS0UfLUtF
VjBLRYkzS0W4NktF8DlLRR89S0VSQEtFiUNLRbhGS0XwSUtFH01LRVJQS0WJU0tFuFZLRexZ
S0UfXUtFVmBLRYVjS0W4ZktF7GlLRR9tS0VScEtFiXNLRbh2S0XweUtFI31LRVKAS0WJg0tF
vIZLRfCJS0UjjUtFUpBLRYWTS0W4lktF7JlLRR+dS0VSoEtFhaNLRbimS0XwqUtFH61LRVKw
S0WFs0tFuLZLRey5S0UfvUtFVsBLRYXDS0W4xktF7MlLRR/NS0VS0EtFhdNLRbzWS0Xw2UtF
H91LRVLgS0WJ40tFvOZLRfDpS0Uf7UtFUvBLRYnzS0W89ktF8PlLRR/9S0VSAExFiQNMRcEG
TEXsCUxFXA1MRVYQTEWFE0xFuBZMRfAZTEUfHUxFUiBMRYUjTEW4JkxF7ClMRR8tTEVSMExF
iTNMRbg2TEXsOUxFHz1MRVpATEWFQ0xFuEZMRexJTEUjTUxFUlBMRYlTTEW4VkxF7FlMRSNd
TEU=</AssayXData><AssayYData Points="500">4yWUQF2HlEBcq5RAcJ6UQC67lEBetJRADc2UQNvclEBh0ZRAqOyUQIjGlEB2uJRAIvCUQMni
lEA8C5VA7uaUQMbylECzB5VAtQWVQOb6lEDZ5pRAgsaUQN39lEBb9pRAwAeVQI7jlEA4IJVA
Ig+VQGAolUCqGpVAMyOVQNvwlEAg/ZRAyjGVQI0OlUB5A5VAwCCVQD8glUD9KJVAQR2VQGUg
lUCjE5VAbAuVQM0DlUAY8pRAR+yUQDNPlUAvBJVAlQuVQJIVlUD8B5VA1xuVQCcilUAM95RA
a/OUQCwMlUD1CpVAuQmVQBUblUD5F5VAQBKVQMUrlUAvI5VAYg2VQNQYlUDNO5VAOh6VQPw9
lUASB5VAKhyVQNU0lUC4NZVAw/+UQN4SlUA7FJVAiyWVQGAUlUDvOJVAsBOVQJ8rlUAtOJVA
OuCUQK0PlUBiG5VAYi6VQLYulUDiLJVAwUaVQOzPlEDbLZVA3kqVQBEwlUDIGJVAqSCVQMAx
lUC4BZVAqCaVQFJBlUASHpVAtzCVQC1VlUD+B5VAyhaVQOsqlUDX95RA0RaVQEtDlUB7I5VA
LBaVQL4olUBCFJVATDmVQJ80lUBkJpVAthqVQPMilUBfH5VAqyeVQF5ClUB5M5VAnSiVQP4b
lUDUO5VAJSOVQBoylUAuQJVAEjOVQMU8lUA2KpVAXlqVQHsolUDOPJVATCKVQIE/lUDsKpVA
VzSVQDwelUDGQZVAHlCVQK4ilUDpFJVAjSOVQMpFlUC7MpVAREuVQL4olUDLH5VANyWVQCwO
lUB7DZVA6jmVQEA7lUDdDJVAc1iVQPJNlUAYN5VAhSyVQCAalUBJGpVAIzuVQAlPlUAMQ5VA
DSmVQLdklUAgO5VAwBiVQF5ZlUA0TZVAy1OVQC9IlUCfTZVAnCGVQJFDlUBXU5VAwBaVQMdP
lUBxS5VAW0eVQKtClUAKQpVAkkSVQPRUlUClRJVA3V2VQCATlUClLZVAASOVQMQwlUDaO5VA
EkSVQK07lUApRpVA3kOVQFktlUCXUZVAFGuVQDNmlUDbRpVAonKVQFVElUD8R5VAAUyVQAZr
lUAmYJVAhlSVQAZTlUCEKJVAmUqVQNk8lUAbUpVAkFCVQMeclUB3E5VADXCVQHtelUDUUpVA
4D2VQM00lUDyVZVAnD2VQHlclUBcapVAjzGVQEE0lUBrPZVAs1iVQClNlUAfcpVAH0+VQL1G
lUAVdZVAEUSVQJA+lUAYVJVAdlGVQNBjlUBxW5VAb2OVQIpylUAsTZVAOIyVQGRjlUBhU5VA
LGqVQEVClUDXbJVAXl2VQJpWlUCYfZVA312VQJ9VlUCda5VA5WOVQIA5lUCQPJVASWmVQOw9
lUDMWpVAZ2OVQKZzlUAUVZVAIGWVQNholUAJVpVAuX2VQEVplUBBZ5VAqDyVQLCGlUACY5VA
O3yVQLJ0lUBfW5VAxlCVQCNhlUDIjJVAt12VQD15lUDAY5VANnWVQBRClUCbd5VAeDyVQN99
lUA5UZVAgWeVQHp0lUAQdpVAO3uVQN9KlUA4dZVA5F6VQFZnlUCtVpVAF4KVQFI5lUBnYpVA
Kl6VQBJ2lUAyf5VAIX2VQKB8lUCKbJVAGXOVQM57lUDUdZVA2mmVQFWLlUBKjpVAr3iVQOOk
lUDdZ5VAamqVQF14lUBsapVAKXqVQKRzlUBQYZVANn6VQFRulUAtf5VAFpSVQKNYlUArnZVA
1V+VQGqilUAobpVAV3uVQLt1lUAcpZVAIEyVQD2KlUDHf5VAuoaVQBB0lUAhhpVAd0SVQDJx
lUCiaJVAfY2VQCyJlUB7hZVAW3iVQMNtlUCNb5VAKnaVQJ54lUC8oZVAf6eVQA6WlUBLiJVA
TJeVQNyplUBSkZVANI6VQDyKlUC5mpVA+pOVQHu4lUAOdJVAJ1+VQEJ9lUBodpVA+p2VQLSK
lUCbepVARHOVQBd/lUA+ppVAppiVQG6xlUBvqpVAx3yVQEhblUCjh5VA7G2VQF5slUDvvZVA
hImVQPqplUC/iZVA+GyVQHN7lUCcnJVAS7uVQOqVlUDPjZVAQLmVQNWIlUBJepVA8JyVQBCA
lUBUqpVA+JSVQEiBlUBhppVAwriVQC6dlUAnfJVAyoWVQDmmlUDPqpVApYKVQKiUlUAMo5VA
1r2VQJ2clUCGopVAa7uVQErJlUA9kZVAYHiVQLWdlUCmlJVAocyVQPa9lUC0l5VAJI2VQPyj
lUB2rZVAj7GVQOWSlUALmJVAs5qVQHihlUBJhZVABpCVQK3RlUDXyJVAeqGVQFrplUBd05VA
0KWVQE2YlUDawJVAbquVQKOdlUBEtJVANZOVQIFvlUAdqJVA0J2VQHCblUA/vZVAbZ2VQHa9
lUBfp5VAhNCVQB2elUD8fJVACLOVQEmklUA/o5VAtcSVQImnlUBOypVAMdKVQN2hlUCBkpVA
f5CVQKrWlUAai5VACMKVQGjWlUDcpZVAHoyVQOHHlUC1rZVAaJaVQIiqlUAXrZVAwdeVQPHY
lUBzwJVAo6uVQGislUA2wpVAs6yVQA7JlUDZwJVAyb+VQETBlUDyk5VAqJeVQJO2lUB9xpVA
J52VQIa2lUACnZVAI7aVQCixlUDNz5VAErKVQMPDlUCfmZVAxp+VQF7PlUCum5VALrSVQOG2
lUA=</AssayYData></Step><Step><CommonData><SampleLocation>4</SampleLocation><SampleID>hsCD3d/e_Acro_CDD-H52W1</SampleID><SampleGroup></SampleGroup><SampleInfo></SampleInfo><SampleRow>I</SampleRow><SamplePlate>1</SamplePlate><WellType>KSAMPLE</WellType><Concentration>-1</Concentration><ConcentrationUnits>µg/ml</ConcentrationUnits><MolarConcentration>12.5</MolarConcentration><MolarConcUnits>nM</MolarConcUnits><MolecularWeight>0</MolecularWeight><Temperature>30</Temperature><StartTime>3762236</StartTime><AssayTime>180</AssayTime></CommonData><FlowRate>1000</FlowRate><StepType>ASSOC</StepType><StepName>Association</StepName><StepStatus>OK</StepStatus><ActualTime>180</ActualTime><CycleTime>0.2</CycleTime><AssayXData Points="900">VmBMRY1jTEW8ZkxF8GlMRSNtTEVacExFiXNMRbx2TEXweUxFJ31MRVqATEWJg0xFwIZMRfSJ
TEUjjUxFVpBMRYmTTEW8lkxF9JlMRSOdTEVaoExFiaNMRbymTEXwqUxFJ61MRVqwTEWJs0xF
wLZMRfS5TEUjvUxFWsBMRYnDTEW8xkxF9MlMRSPNTEVa0ExFidNMRbzWTEX02UxFI91MRVbg
TEWJ40xFvOZMRfTpTEUj7UxFVvBMRYnzTEXA9kxF8PlMRSf9TEVWAE1FiQNNRbwGTUXwCU1F
Iw1NRVYQTUWNE01FvBZNRfAZTUUjHU1FViBNRYkjTUXAJk1F8ClNRSMtTUVWME1FiTNNRbw2
TUXwOU1FIz1NRVZATUWJQ01FvEZNRfRJTUUjTU1FVlBNRYlTTUXAVk1F8FlNRSNdTUVaYE1F
iWNNRcBmTUX0aU1FI21NRVZwTUWNc01FvHZNRfh5TUUnfU1FWoBNRYmDTUW8hk1F9IlNRSON
TUVakE1FjZNNRbyWTUXwmU1FJ51NRVagTUWJo01FvKZNRfSpTUUnrU1FVrBNRYmzTUW8tk1F
9LlNRSO9TUVWwE1FicNNRcDGTUX0yU1FJ81NRVbQTUWN001FwNZNRfTZTUUn3U1FVuBNRYnj
TUW85k1F9OlNRSPtTUVW8E1FjfNNRcD2TUXw+U1FI/1NRVYATkWNA05FvAZORfAJTkUjDU5F
WhBORYkTTkXAFk5F8BlORScdTkVWIE5FiSNORbwmTkXwKU5FJy1ORVowTkWJM05FwDZORfQ5
TkUjPU5FVkBORYlDTkW8Rk5F8ElORSdNTkVWUE5FiVNORcBWTkXwWU5FJ11ORVZgTkWJY05F
vGZORfRpTkUjbU5FVnBORYlzTkW8dk5F8HlORSd9TkVWgE5FjYNORbyGTkXwiU5FI41ORVqQ
TkWJk05FvJZORfSZTkUjnU5FVqBORYmjTkW8pk5F8KlORSetTkVWsE5FibNORby2TkXwuU5F
J71ORVrATkWJw05FvMZORfDJTkUjzU5FVtBORYnTTkXA1k5F8NlORSfdTkVa4E5FjeNORbzm
TkXw6U5FJ+1ORVbwTkWJ805FvPZORfT5TkUn/U5FVgBPRYkDT0XABk9F8AlPRScNT0VWEE9F
iRNPRbwWT0XwGU9FIx1PRVYgT0WJI09FwCZPRfApT0UnLU9FVjBPRYkzT0W8Nk9F8DlPRSc9
T0VWQE9FiUNPRcBGT0XwSU9FI01PRVpQT0WNU09FvFZPRfBZT0UjXU9FWmBPRY1jT0XAZk9F
8GlPRSNtT0VWcE9FiXNPRbx2T0XweU9FI31PRVaAT0WJg09FvIZPRfCJT0UjjU9FWpBPRYmT
T0W8lk9F8JlPRSedT0VWoE9FjaNPRcCmT0X0qU9FI61PRVqwT0WJs09FwLZPRfS5T0UjvU9F
VsBPRY3DT0W8xk9F9MlPRSfNT0VW0E9FjdNPRbzWT0Xw2U9FI91PRVbgT0WN409FwOZPRfTp
T0Uj7U9FVvBPRYnzT0W89k9F8PlPRSP9T0VWAFBFiQNQRbwGUEXwCVBFIw1QRVYQUEWNE1BF
vBZQRfQZUEUjHVBFWiBQRYkjUEXAJlBF+ClQRSMtUEVWMFBFiTNQRcA2UEX0OVBFIz1QRVpA
UEWJQ1BFvEZQRfRJUEUjTVBFVlBQRYlTUEW8VlBF8FlQRSddUEVaYFBFjWNQRbxmUEXwaVBF
I21QRVpwUEWNc1BFvHZQRfB5UEUjfVBFVoBQRYmDUEW8hlBF9IlQRSONUEVWkFBFiZNQRbyW
UEX0mVBFI51QRVagUEWJo1BFvKZQRfCpUEUnrVBFWrBQRYmzUEW8tlBF8LlQRSO9UEVawFBF
icNQRcDGUEX0yVBFI81QRVrQUEWJ01BFvNZQRfDZUEUj3VBFVuBQRY3jUEXA5lBF8OlQRSPt
UEVW8FBFifNQRcD2UEX0+VBFI/1QRVoAUUWNA1FFwAZRRfAJUUUjDVFFWhBRRYkTUUW8FlFF
8BlRRScdUUVWIFFFiSNRRbwmUUXwKVFFJy1RRVYwUUWJM1FFwDZRRfA5UUUjPVFFVkBRRYlD
UUW8RlFF9ElRRSdNUUVWUFFFiVNRRcBWUUXwWVFFI11RRVZgUUWJY1FFwGZRRfRpUUUjbVFF
WnBRRYlzUUW8dlFF8HlRRSN9UUVWgFFFiYNRRcCGUUX0iVFFI41RRVaQUUWJk1FFwJZRRfSZ
UUUjnVFFVqBRRY2jUUW8plFF8KlRRSOtUUVWsFFFjbNRRby2UUXwuVFFJ71RRVbAUUWJw1FF
vMZRRfDJUUUjzVFFVtBRRY3TUUW81lFF9NlRRSfdUUVW4FFFieNRRbzmUUX06VFFI+1RRVrw
UUWN81FFwPZRRfD5UUUj/VFFVgBSRY0DUkW8BlJF8AlSRScNUkVaEFJFiRNSRbwWUkX0GVJF
Jx1SRVYgUkWNI1JFwCZSRfApUkUnLVJFVjBSRYkzUkXANlJF9DlSRSc9UkVWQFJFiUNSRcBG
UkXwSVJFI01SRVZQUkWJU1JFvFZSRfRZUkUnXVJFWmBSRY1jUkXAZlJF8GlSRSdtUkVWcFJF
iXNSRcB2UkX0eVJFJ31SRVaAUkWJg1JFvIZSRfCJUkUjjVJFVpBSRYmTUkXAllJF8JlSRSed
UkVWoFJFiaNSRbymUkXwqVJFI61SRVawUkWJs1JFvLZSRfS5UkUjvVJFWsBSRYnDUkW8xlJF
9MlSRSPNUkVW0FJFidNSRbzWUkXw2VJFI91SRVbgUkWN41JFvOZSRfTpUkUn7VJFVvBSRYnz
UkXA9lJF8PlSRSf9UkVaAFNFiQNTRbwGU0XwCVNFJw1TRVYQU0WJE1NFwBZTRfAZU0UjHVNF
WiBTRYkjU0XAJlNF8ClTRSMtU0VWMFNFiTNTRcA2U0X0OVNFIz1TRVZAU0WJQ1NFwEZTRfRJ
U0UjTVNFVlBTRY1TU0XAVlNF8FlTRSddU0VWYFNFiWNTRbxmU0X0aVNFJ21TRVZwU0WNc1NF
vHZTRfB5U0UjfVNFWoBTRYmDU0XAhlNF9IlTRSONU0VWkFNFjZNTRbyWU0XwmVNFI51TRVqg
U0WNo1NFvKZTRfCpU0UjrVNFVrBTRY2zU0W8tlNF9LlTRSO9U0VWwFNFjcNTRcDGU0X0yVNF
I81TRVbQU0WJ01NFvNZTRfDZU0Un3VNFVuBTRYnjU0W85lNF9OlTRSPtU0VW8FNFifNTRbz2
U0Xw+VNFI/1TRVoAVEWNA1RFwAZURfAJVEUjDVRFWhBURYkTVEW8FlRF8BlURSMdVEVWIFRF
iSNURbwmVEX0KVRFIy1URVYwVEWJM1RFvDZURfA5VEUjPVRFWkBURYlDVEW8RlRF8ElURSNN
VEVWUFRFjVNURbxWVEXwWVRFI11URVZgVEWJY1RFvGZURfBpVEUjbVRFVnBURYlzVEW8dlRF
8HlURSd9VEVWgFRFiYNURcCGVEX0iVRFI41URV6QVEWJk1RFvJZURfCZVEUnnVRFWqBURYmj
VEW8plRF8KlURSetVEVasFRFibNURcC2VEXwuVRFI71URVbAVEWJw1RFwMZURfDJVEUnzVRF
VtBURY3TVEXA1lRF8NlURSfdVEVa4FRFieNURbzmVEXw6VRFJ+1URVbwVEWJ81RFwPZURfD5
VEUj/VRFVgBVRYkDVUW8BlVF9AlVRSMNVUVaEFVFjRNVRbwWVUX0GVVFIx1VRVogVUWJI1VF
wCZVRfApVUUnLVVFVjBVRYkzVUXANlVF8DlVRSM9VUVWQFVFjUNVRcBGVUX0SVVFI01VRVZQ
VUWJU1VFvFZVRfRZVUUnXVVFVmBVRY1jVUXFZlVF8GlVRSNtVUVWcFVFiXNVRbx2VUX0eVVF
I31VRVqAVUWNg1VFwIZVRfSJVUUjjVVFVpBVRY2TVUW8llVF9JlVRSedVUVWoFVFjaNVRcCm
VUX0qVVFI61VRVawVUWNs1VFvLZVRfC5VUUnvVVFVsBVRYnDVUW8xlVF9MlVRSPNVUVW0FVF
jdNVRbzWVUXw2VVFJ91VRVrgVUWJ41VFvOZVRfTpVUUj7VVFVvBVRYnzVUW89lVF8PlVRSP9
VUVWAFZFiQNWRbwGVkX0CVZFIw1WRVYQVkWJE1ZFwBZWRfAZVkUnHVZFViBWRYkjVkW8JlZF
9ClWRSctVkVWMFZFiTNWRcA2VkXwOVZFIz1WRVZAVkWJQ1ZFvEZWRfBJVkUjTVZFVlBWRYlT
VkXAVlZF8FlWRSNdVkVWYFZFiWNWRcBmVkXwaVZFJ21WRVZwVkWJc1ZFvHZWRfB5VkUnfVZF
VoBWRY2DVkW8hlZF8IlWRSONVkVWkFZFiZNWRbyWVkX0mVZFI51WRVqgVkWJo1ZFwKZWRfSp
VkUjrVZFWrBWRYmzVkW8tlZF8LlWRSe9VkVWwFZFjcNWRbzGVkX0yVZFI81WRVrQVkWJ01ZF
vNZWRfDZVkUj3VZFVuBWRYnjVkXA5lZF8OlWRSPtVkVa8FZFjfNWRbz2VkX0+VZFJ/1WRVoA
V0WJA1dFwAZXRfAJV0UjDVdFVhBXRYkTV0W8FldF8BlXRSMdV0VWIFdFiSNXRbwmV0XwKVdF
Jy1XRVYwV0WJM1dFvDZXRfA5V0UnPVdFVkBXRYlDV0W8RldF8ElXRSNNV0VWUFdFiVNXRcBW
V0XwWVdFJ11XRVZgV0WNY1dFwGZXRfBpV0UnbVdFVnBXRY1zV0W8dldF9HlXRSd9V0VagFdF
iYNXRcCGV0XwiVdFI41XRVqQV0WJk1dFwJZXRfCZV0UjnVdF</AssayXData><AssayYData Points="900">/GmVQCOXlUDWjZVAXsmVQIDRlUBd+pVA/OaVQGfglUD84JVAcOGVQGT+lUAi7ZVAJQOWQEgO
lkD36ZVA8giWQOYelkBc7ZVA3DmWQAYblkA+FZZAOQaWQF41lkDpGJZAABCWQLgslkAXWpZA
3yiWQOUXlkBLK5ZABSSWQB8olkDUKpZAiyqWQJkXlkAGUJZAYiKWQIQYlkCALpZAjRiWQFcY
lkDhGZZAnTKWQFUrlkC4PpZANDyWQIUzlkAHG5ZAQG+WQElMlkAIQpZAzkuWQHVclkCPJpZA
HFaWQM9UlkAjWZZAqkuWQJ5GlkB4RZZAJSSWQMNNlkDAcZZAaFmWQK5mlkDMZZZA10aWQAhT
lkB8cJZAxVyWQPKDlkDSVJZAPliWQKmClkD5WpZAZTqWQMNplkD3e5ZA12iWQKw5lkANnJZA
/TuWQJxblkAEapZAYGmWQLRslkANd5ZACmKWQJdalkAPapZAu1qWQFpilkCje5ZAcWKWQIts
lkCyU5ZAK2yWQDNblkAokJZA/26WQCt6lkDmYpZAgZSWQAaKlkA1eJZAG5uWQFxnlkCPi5ZA
7YKWQA9llkAnh5ZA7ZSWQCKElkD8k5ZAFGKWQG5ylkAFYJZAbG2WQMGllkCZhZZA2paWQN2c
lkBPf5ZAkp+WQP15lkCmpJZAmYGWQHKglkCFr5ZA8Y6WQNqjlkCUg5ZA0KuWQPeTlkBdqZZA
ZXWWQKuRlkCSipZAr6uWQMyplkDYkZZAwqeWQP6plkD4jpZArI6WQCSHlkB7m5ZASreWQAq6
lkBvq5ZAt6CWQOWglkAit5ZA8raWQFKxlkAykJZA3dCWQDRrlkDky5ZA2ruWQCvHlkBfwpZA
zJiWQHDQlkDYlpZAwKqWQLuplkCUtZZAY6uWQNO0lkAIr5ZACtSWQEqzlkAatpZAHbuWQCja
lkDt05ZA6saWQDqllkDmxJZAB7aWQGvMlkCk3ZZALriWQCy2lkDU0pZA68iWQOD2lkDup5ZA
Y76WQAO4lkBz3JZAzMWWQNOUlkC/tpZAeNaWQICslkC00JZAYb2WQD/FlkAe5pZARNOWQEIB
l0Bc1pZAb7iWQInVlkAM45ZAENuWQO6olkAes5ZAtdWWQMsSl0BV75ZAd+uWQA/llkBm3pZA
/CGXQCn2lkDm2pZAMvCWQDbglkB/5pZAEfiWQGjLlkBx9ZZAis2WQNz0lkCb8JZAB7GWQJ7v
lkAg0JZAEvKWQKoGl0Ci/5ZAggeXQDfYlkAIGJdAstWWQNkDl0Cf1ZZA7+iWQLvilkBGE5dA
8B2XQA77lkAw4ZZA/uSWQMbRlkATC5dAHwKXQA4Rl0CfFZdABgaXQJkbl0AQI5dAQg6XQFf9
lkC04pZAYR6XQCH0lkAY75ZAAiKXQLc1l0Cd7ZZAWRCXQMwOl0Aq7ZZA+DGXQLgOl0BWDpdA
bSmXQMskl0D/B5dAcCiXQHUGl0Cz95ZAAA6XQCs7l0B2AJdAhiKXQEMOl0ChFJdAaQWXQBTu
lkCLCZdAKe6WQG5Cl0CgKZdAaTuXQDz8lkBC/ZZAXWKXQJEel0BvMJdAVBaXQKALl0COIpdA
YSOXQPo6l0DuLZdATkOXQJYPl0DiM5dAtRyXQIIOl0DoEZdA2zWXQCwpl0CVHZdAP0WXQK8U
l0BEKJdA30GXQFgOl0AGQZdAkiSXQD0sl0C0JZdArUeXQEc4l0A5JZdA4jOXQNpal0AmH5dA
iyaXQOpAl0B4NJdA0hyXQH08l0CCJ5dAviiXQPVSl0BmH5dA/SWXQAocl0AWM5dABjyXQDle
l0BYUJdAWEuXQFRJl0BxU5dAhEWXQJg8l0D2OZdA6jSXQKJJl0B3YpdAs0SXQH5ql0A3PpdA
Az6XQJZQl0CgRZdAz1KXQGE+l0AMT5dA4FqXQKtRl0DnVJdA4GiXQL9tl0DnZpdAzl+XQGA3
l0B0QpdAWFuXQG5jl0D1WpdA7keXQB48l0A9MJdA20WXQP1Wl0D6UJdAa2CXQL9ql0AbV5dA
e0uXQNKNl0CIYJdAgkqXQG1Pl0ANZJdAV2KXQHJ0l0BpZZdA6E2XQEFdl0DWcpdA7GyXQIdl
l0DPkJdAd12XQC1pl0D8gJdAYViXQCE5l0CIhpdAQXWXQCWUl0AaipdACl+XQNFUl0DMhJdA
cJeXQOppl0AvlJdAPo6XQEpdl0ATUZdAQo2XQDqZl0DkZZdAhnaXQKqTl0Duc5dA43aXQBZ8
l0D+aZdAT4mXQFGsl0BFU5dABoiXQNiAl0DChJdABkKXQAqDl0DQfpdA+n+XQP12l0DBkZdA
l5qXQMyOl0BYd5dAk4mXQNegl0ALiZdALoaXQHaBl0CDpZdATKOXQBWPl0DnxpdAwHWXQGWW
l0BvoJdACZCXQLaCl0B8qZdA1ouXQKaLl0Cvb5dAIq6XQDeRl0A0k5dAaoeXQPmTl0BPoJdA
U7CXQAmZl0B0l5dAPIeXQAezl0Bvt5dACJiXQNStl0Aqk5dAyrqXQOJ9l0Byf5dATb2XQAPM
l0DAmZdA68GXQMuNl0CChZdAt5GXQPKil0ANq5dAvZ2XQMe+l0DWr5dAXZyXQG2hl0AmvZdA
HqSXQHvil0CfxpdAFZSXQLWnl0CQ25dACaSXQE67l0Cnt5dAC56XQAm7l0CtupdAd7mXQIS7
l0ADtZdA/cKXQMCll0Dnv5dA/LKXQJell0AWm5dA48GXQGSgl0DSt5dAbbaXQGmyl0AmzZdA
a7SXQN3Hl0Av0JdAz82XQIbVl0AYpJdAAOWXQHzIl0Cn05dAQ+GXQHGml0Cm25dA2daXQPb7
l0C0yZdAR/uXQK7ql0AX55dAJ+aXQJHgl0BV1ZdAVtSXQFjPl0Df6ZdA6tOXQBTRl0Acw5dA
oPGXQHTBl0Cj45dAbtiXQAvhl0A07JdAHMmXQNjCl0Bw6pdAtM2XQCjil0Dt35dATOGXQGXa
l0Ca25dA/NCXQFrcl0DR+ZdAdgqYQKzdl0Dy25dARvOXQLTBl0DuDJhA9eqXQC3il0BMu5dA
s/yXQDv8l0CWGJhA1/uXQHb0l0Bn55dApfWXQLUAmECC1JdA2uGXQF8vmEC725dAHOeXQAAa
mEDj8pdA7faXQFovmEAa5JdAmwCYQBYOmECj/ZdAMdCXQKQEmECa/ZdAN/yXQPUMmEA0DZhA
dPGXQFDVl0Bh+ZdAEfCXQLzsl0CzEJhAu/KXQELwl0AiEJhAjBKYQDT8l0BaAJhAxduXQEvz
l0BhHphAAxeYQA8ImECmCJhA0QOYQC4emEDREJhA0j6YQKoHmEANG5hA4CSYQP8CmEA2HphA
av2XQNAdmEAiEJhAPQqYQPgMmED0+5dAXSKYQOr5l0CT8ZdAyxOYQAsUmEAw/JdAvyCYQFX2
l0DZFJhAEwWYQAFQmEBqRJhAlR+YQDUYmEB4F5hAYiWYQEQRmEC4SZhAHAWYQOIamEArAZhA
gw+YQMIsmEDMR5hA+zOYQG4kmEDeG5hAsyKYQGcFmEBgHJhAuxOYQCANmEBXBZhApyKYQMYp
mECHEJhAzTOYQFkhmEB3HJhAOyyYQGQqmEBcLZhAIDiYQEo5mEAZNZhAvCeYQME/mEBVMZhA
4DyYQAgmmECFJJhAKi6YQAdSmEBj/pdAlhWYQNIkmEBzOJhAMyqYQPUmmEBkO5hAdDSYQIRm
mEBhQJhApBuYQC9EmEDpTZhAUzKYQFNemEAgIphASQuYQFUhmEASK5hA2giYQINAmEDuMZhA
OzGYQPJKmEBPRJhAoT+YQMNHmECsSphAlz+YQCpFmEBOSJhA9iiYQAJXmEAMSJhAE0CYQPsz
mEA8ZZhAWDmYQI81mEAFPphAXGKYQB9EmED6MZhAfWqYQDFDmEAYUZhAI12YQBxlmEC6F5hA
y2SYQGhumEDbXJhAa1OYQCNQmEBAM5hAk2yYQFRdmECMLZhA90qYQNkumEADXJhATHOYQERP
mEAcUphAzUqYQEpWmEBsa5hAWxuYQLJ3mECnd5hAWV2YQFEwmEDEc5hAokmYQAo6mEAkUJhA
LF2YQE56mEB7aJhAYnSYQLhumEDRYphAy2uYQGVzmECrYphAhEiYQERRmED6WphAnGqYQIBg
mEAsYphAuY+YQLdamEANeJhA53iYQAFzmEBVb5hA2GmYQNGPmEC0gZhArlGYQIlkmEA0VphA
+XmYQLqamEBab5hA5mGYQK6AmEDwPJhARmSYQIiImEDRYphAmV6YQGKLmED0h5hAaHSYQBR8
mEDeiJhAyXCYQNlvmEDWmphAC1WYQCdNmECpSJhAK2mYQBmBmEAse5hA4l+YQAySmEBPjphA
sGOYQHZrmEDPk5hAqH+YQDtxmEAYmphApGGYQF+jmEBCgZhA84CYQGedmEDClJhASKSYQAx5
mEDzaZhAVpCYQCRomEDVlZhAwpKYQP5vmEAzkphAoZqYQFyTmEB1lZhAfGKYQNGVmEA8lZhA
QpOYQFidmEB9sZhA1nSYQG+NmEA2sJhAZ4KYQIaPmEA9bJhAYHGYQA6vmEBCxJhA2Y2YQGqQ
mECFiphAoZCYQDSBmED8j5hAanWYQK6bmECWl5hACKSYQMONmEBLfphAn9WYQMaCmEBqsphA
7oqYQOuTmEAohphAD6uYQAacmEDlmphAEqqYQD2omEAcuJhABreYQCq9mEB/c5hAsa+YQJ6h
mEAVgphAeKiYQCvLmEATmZhAZ6eYQGu2mEBwnJhAeLmYQBTBmECYpJhAg7eYQMm2mECAtZhA
zYiYQBW/mEDNgJhAPtqYQI2dmEA3vZhAdKmYQMSqmECcm5hA</AssayYData></Step><Step><CommonData><SampleLocation>3</SampleLocation><SampleID>Octet Buffer</SampleID><SampleGroup></SampleGroup><SampleInfo></SampleInfo><SampleRow>I</SampleRow><SamplePlate>1</SamplePlate><WellType>BUFFER</WellType><Concentration>-1</Concentration><ConcentrationUnits>µg/ml</ConcentrationUnits><MolarConcentration>-1</MolarConcentration><MolarConcUnits>nM</MolarConcUnits><MolecularWeight>0</MolecularWeight><Temperature>30</Temperature><StartTime>3950497</StartTime><AssayTime>300</AssayTime></CommonData><FlowRate>1000</FlowRate><StepType>DISASSOC</StepType><StepName>Dissociation</StepName><StepStatus>OK</StepStatus><ActualTime>300.001</ActualTime><CycleTime>0.2</CycleTime><AssayXData Points="1500">VqBXRYmjV0XFpldF8KlXRSOtV0VasFdFibNXRby2V0XwuVdFI71XRVbAV0WJw1dFvMZXRfDJ
V0UjzVdFVtBXRYnTV0W81ldF8NlXRSPdV0Va4FdFjeNXRbzmV0Xw6VdFI+1XRVbwV0WJ81dF
vPZXRfT5V0Uj/VdFVgBYRY0DWEW8BlhF8AlYRSMNWEVWEFhFjRNYRbwWWEXwGVhFJx1YRVYg
WEWNI1hFvCZYRfQpWEUnLVhFWjBYRYkzWEXANlhF8DlYRSM9WEVWQFhFiUNYRbxGWEXwSVhF
J01YRVZQWEWJU1hFwFZYRfRZWEUnXVhFVmBYRYljWEW8ZlhF8GlYRSNtWEVWcFhFjXNYRcB2
WEX0eVhFI31YRVaAWEWJg1hFvIZYRfCJWEUjjVhFVpBYRYmTWEW8llhF9JlYRSedWEVaoFhF
iaNYRcCmWEX0qVhFI61YRVawWEWJs1hFvLZYRfS5WEUjvVhFVsBYRW/EWEX6xlhF8MlYRSPN
WEVW0FhFidNYRbzWWEXw2VhFI91YRVbgWEWJ41hFvOZYRfDpWEUj7VhFVvBYRY3zWEW89lhF
9PlYRSf9WEVWAFlFjQNZRbwGWUX0CVlFIw1ZRVoQWUWNE1lFvBZZRfAZWUUjHVlFViBZRYkj
WUXAJllF9ClZRSMtWUVWMFlFiTNZRbw2WUX0OVlFIz1ZRVZAWUWJQ1lFwEZZRfBJWUUnTVlF
VlBZRYlTWUXAVllF8FlZRSNdWUVWYFlFjWNZRbxmWUXwaVlFI21ZRVZwWUWNc1lFvHZZRfB5
WUUjfVlFVoBZRYmDWUW8hllF8IlZRSONWUVakFlFjZNZRbyWWUX0mVlFJ51ZRVagWUWNo1lF
wKZZRfCpWUUjrVlFVrBZRYmzWUXAtllF9LlZRSO9WUVawFlFicNZRbzGWUXwyVlFI81ZRVbQ
WUWJ01lFwNZZRfDZWUUj3VlFWuBZRYnjWUXA5llF8OlZRSPtWUVW8FlFifNZRbz2WUX0+VlF
I/1ZRVYAWkWJA1pFwAZaRfQJWkUnDVpFVhBaRYkTWkW8FlpF8BlaRSMdWkVWIFpFjSNaRcAm
WkX0KVpFIy1aRVowWkWJM1pFwDZaRfA5WkUjPVpFWkBaRYlDWkW8RlpF9ElaRSNNWkVaUFpF
jVNaRcBWWkX0WVpFI11aRVpgWkWJY1pFvGZaRfBpWkUjbVpFVnBaRY1zWkXAdlpF8HlaRSN9
WkVagFpFiYNaRbyGWkX0iVpFJ41aRVaQWkWJk1pFvJZaRfSZWkUjnVpFVqBaRYmjWkW8plpF
9KlaRSetWkVasFpFibNaRby2WkXwuVpFJ71aRVbAWkWJw1pFvMZaRfTJWkUjzVpFWtBaRYnT
WkW81lpF9NlaRSPdWkVW4FpFieNaRbzmWkX06VpFYu5aRe7wWkWJ81pFwPZaRfT5WkUj/VpF
VgBbRYkDW0W8BltF8AlbRSMNW0VaEFtFiRNbRbwWW0X0GVtFIx1bRVogW0WNI1tFvCZbRfAp
W0UjLVtFWjBbRYkzW0W8NltF8DlbRSM9W0VaQFtFoERbRS9HW0XwSVtFJ01bRVZQW0WJU1tF
wFZbRfRZW0UjXVtFWmBbRYljW0W8ZltF8GlbRSNtW0VacFtFiXNbRcB2W0XweVtFI31bRVaA
W0WNg1tFvIZbRfCJW0UjjVtFWpBbRYmTW0XAlltF8JlbRSOdW0VWoFtFjaNbRbymW0X0qVtF
I61bRVqwW0WJs1tFvLZbRfS5W0UjvVtFVsBbRYnDW0W8xltF8MlbRSPNW0VW0FtFidNbRbzW
W0Xw2VtFI91bRVrgW0WJ41tFwOZbRfTpW0Un7VtFVvBbRZHzW0XA9ltF8PlbRSP9W0VWAFxF
iQNcRbwGXEXwCVxFJw1cRVYQXEWJE1xFvBZcRfAZXEUjHVxFViBcRYkjXEW8JlxF9ClcRSMt
XEVWMFxFiTNcRcA2XEXwOVxFIz1cRVZAXEWNQ1xFvEZcRfRJXEUnTVxFVlBcRYlTXEW8VlxF
8FlcRSNdXEVaYFxFiWNcRcBmXEXwaVxFI21cRVpwXEWNc1xFvHZcRfB5XEUjfVxFVoBcRY2D
XEW8hlxF9IlcRSONXEVWkFxFiZNcRcCWXEXwmVxFI51cRVagXEWNo1xFwKZcRfCpXEUjrVxF
WrBcRY2zXEW8tlxF8LlcRSO9XEVawFxFicNcRbzGXEXwyVxFJ81cRVrQXEWJ01xFvNZcRfDZ
XEUn3VxFVuBcRYnjXEW85lxF9OlcRSPtXEVa8FxFifNcRbz2XEXw+VxFJ/1cRVYAXUWJA11F
vAZdRfAJXUUjDV1FVhBdRYkTXUXAFl1F8BldRSMdXUVWIF1FjSNdRcAmXUX0KV1FIy1dRVYw
XUWNM11FvDZdRfQ5XUUjPV1FVkBdRY1DXUW8Rl1F9EldRSdNXUVWUF1FiVNdRbxWXUXwWV1F
I11dRVpgXUWNY11FvGZdRfBpXUUjbV1FVnBdRY1zXUW8dl1F9HldRSN9XUVWgF1FiYNdRbyG
XUXwiV1FI41dRVaQXUWNk11FvJZdRfCZXUUjnV1FVqBdRYmjXUXApl1F8KldRSOtXUVasF1F
ibNdRby2XUX0uV1FJ71dRVrAXUXRxF1FWMddRfDJXUUnzV1FVtBdRY3TXUW81l1F8NldRSPd
XUVa4F1FjeNdRbzmXUXw6V1FI+1dRVrwXUWN811FvPZdRfD5XUUn/V1FVgBeRY0DXkW8Bl5F
9AleRScNXkVaEF5FiRNeRbwWXkXwGV5FIx1eRVogXkWJI15FwCZeRfApXkUnLV5FVjBeRYkz
XkXANl5F9DleRSM9XkVWQF5FiUNeRcBGXkXwSV5FI01eRVpQXkWJU15FvFZeRfBZXkUjXV5F
VmBeRY1jXkW8Zl5F8GleRSNtXkVacF5FiXNeRbx2XkXweV5FI31eRVqAXkWJg15FwIZeRfCJ
XkUjjV5FVpBeRY2TXkW8ll5F8JleRSedXkVWoF5FjaNeRbymXkXwqV5FI61eRTuxXkXDs15F
vLZeRfC5XkUjvV5FVsBeRY3DXkW8xl5F8MleRSPNXkVW0F5FidNeRcDWXkXw2V5FI91eRVbg
XkWN415FvOZeRfDpXkUj7V5FWvBeRYnzXkW89l5F8PleRSf9XkVWAF9F5QRfRXUHX0X8CV9F
Iw1fRVYQX0WJE19FvBZfRfQZX0UjHV9FWiBfRY0jX0XAJl9F9ClfRSMtX0VaMF9FiTNfRcA2
X0X0OV9FJz1fRVZAX0WJQ19FvEZfRfBJX0UjTV9FWlBfRYlTX0W8Vl9F9FlfRSNdX0VaYF9F
iWNfRbxmX0XwaV9FI21fRVZwX0WJc19FvHZfRfR5X0UnfV9FVoBfRYmDX0W8hl9F9IlfRSON
X0VWkF9FiZNfRcCWX0X0mV9FJ51fRVagX0WJo19FvKZfRfSpX0UjrV9FVrBfRYmzX0W8tl9F
8LlfRSO9X0VWwF9FjcNfRbzGX0XwyV9FJ81fRVbQX0WJ019FvNZfRfTZX0Uj3V9FVuBfRYnj
X0W85l9F8OlfRSPtX0VW8F9FjfNfRbz2X0X0+V9FJ/1fRVYAYEWJA2BFvAZgRfAJYEUjDWBF
VhBgRYkTYEW8FmBF9BlgRScdYEVaIGBFjSNgRbwmYEXwKWBFIy1gRVYwYEWJM2BFwDZgRfA5
YEUjPWBFVkBgRYNEYEUOR2BF8ElgRSNNYEVaUGBFiVNgRbxWYEX0WWBFI11gRVZgYEWJY2BF
vGZgRfBpYEUjbWBFWnBgRYlzYEXAdmBF8HlgRSd9YEVWgGBFiYNgRcCGYEXwiWBFJ41gRVaQ
YEWNk2BFvJZgRfSZYEUnnWBFVqBgRYmjYEW8pmBF8KlgRSOtYEVWsGBFibNgRby2YEXwuWBF
I71gRVbAYEWNw2BFwMZgRfDJYEUjzWBFVtBgRYnTYEW81mBF9NlgRSPdYEVW4GBFjeNgRbzm
YEXw6WBFJ+1gRVbwYEWW82BFwPZgRfD5YEUj/WBFVgBhRY0DYUW8BmFF9AlhRScNYUVaEGFF
iRNhRcAWYUXwGWFFIx1hRVogYUWJI2FFvCZhRfApYUUjLWFFWjBhRYkzYUW8NmFF8DlhRSM9
YUVWQGFFiUNhRbxGYUXwSWFFI01hRVZQYUWJU2FFvFZhRfBZYUUnXWFFVmBhRYljYUXAZmFF
8GlhRSNtYUVWcGFFiXNhRbx2YUXweWFFI31hRVaAYUWJg2FFwIZhRfiJYUUjjWFFVpBhRY2T
YUW8lmFF8JlhRSedYUVaoGFFiaNhRbymYUXwqWFFJ61hRVawYUWJs2FFwLZhRfC5YUUjvWFF
VsBhRYnDYUXAxmFF9MlhRSfNYUVW0GFFjdNhRbzWYUXw2WFFI91hRVbgYUWN42FFvOZhRfDp
YUUj7WFFWvBhRY3zYUW89mFF9PlhRSP9YUVaAGJFiQNiRbwGYkXwCWJFIw1iRVYQYkWNE2JF
vBZiRfQZYkUjHWJFViBiRY0jYkW8JmJF8CliRSMtYkVWMGJFjTNiRbw2YkX0OWJFIz1iRVpA
YkWJQ2JFvEZiRfBJYkUjTWJFVlBiRYlTYkXAVmJF8FliRSNdYkVaYGJFiWNiRbxmYkXwaWJF
I21iRVZwYkVWdGJF3XZiRfB5YkUjfWJFWoBiRYmDYkXAhmJF8IliRSONYkVWkGJFjZNiRcCW
YkXwmWJFI51iRVagYkWNo2JFvKZiRfSpYkUnrWJFVrBiRYmzYkXAtmJF8LliRSe9YkVWwGJF
7sRiRXnHYkUAymJFI81iRVbQYkWJ02JFvNZiRfDZYkUv3WJFWuBiRYnjYkW85mJF8OliRSPt
YkVa8GJFjfNiRcD2YkXw+WJFJ/1iRVoAY0WNA2NFvAZjRfQJY0UjDWNFVhBjRYkTY0W8FmNF
8BljRSMdY0VWIGNFjSNjRbwmY0X0KWNFIy1jRVowY0WJM2NFvDZjRfQ5Y0UnPWNFWkBjRY1D
Y0W8RmNF9EljRSNNY0VaUGNFiVNjRcBWY0X0WWNFI11jRVpgY0WJY2NFvGZjRfBpY0UjbWNF
WnBjRYlzY0XAdmNF8HljRSN9Y0VWgGNFiYNjRbyGY0XwiWNFJ41jRVaQY0WJk2NFvJZjRfCZ
Y0UnnWNFVqBjRYmjY0XApmNF8KljRSOtY0VWsGNFibNjRby2Y0XwuWNFI71jRVrAY0WNw2NF
vMZjRfDJY0UjzWNFWtBjRYnTY0W81mNF8NljRSPdY0VW4GNFjeNjRbzmY0Xw6WNFJ+1jRVrw
Y0WN82NFwPZjRfD5Y0Uj/WNFWgBkRX8EZEUKB2RF9AlkRScNZEVaEGRFkRNkRbwWZEX0GWRF
Jx1kRVYgZEWJI2RFvCZkRfQpZEUnLWRFWjBkRYkzZEW8NmRF8DlkRSc9ZEVWQGRFiUNkRbxG
ZEXwSWRFI01kRVpQZEWJU2RFvFZkRfRZZEUnXWRFVmBkRY1jZEW8ZmRF8GlkRSNtZEVacGRF
jXNkRbx2ZEXweWRFJ31kRVaAZEWJg2RFvIZkRfCJZEUjjWRFVpBkRYmTZEXAlmRF8JlkRSOd
ZEVWoGRFjaNkRbymZEXwqWRFI61kRVawZEWNs2RFvLZkRfC5ZEUjvWRFWsBkRYnDZEW8xmRF
9MlkRSPNZEVW0GRFjdNkRbzWZEX02WRFJ91kRVrgZEWJ42RFwOZkRfTpZEUj7WRFWvBkRYnz
ZEXA9mRF9PlkRSf9ZEVaAGVFiQNlRcAGZUX0CWVFJw1lRVYQZUWNE2VFvBZlRfAZZUUnHWVF
ViBlRYkjZUW8JmVF8CllRSctZUVWMGVFjTNlRcA2ZUX0OWVFJz1lRVZAZUXdRGVFZEdlRfRJ
ZUUnTWVFVlBlRYlTZUW8VmVF8FllRSNdZUVWYGVFiWNlRcBmZUX0aWVFI21lRVZwZUWJc2VF
wHZlRfB5ZUUjfWVFVoBlRY2DZUXAhmVF8IllRSONZUVWkGVFjZNlRbyWZUX0mWVFJ51lRVag
ZUWJo2VFvKZlRfCpZUUjrWVFVrBlRYmzZUW8tmVF8LllRSO9ZUVWwGVFicNlRbzGZUXwyWVF
I81lRVbQZUWJ02VFvNZlRfDZZUUn3WVFVuBlRY3jZUXA5mVF8OllRSPtZUVa8GVFifNlRbz2
ZUX0+WVFI/1lRVoAZkWJA2ZFvAZmRfQJZkUjDWZFYhBmRY0TZkW8FmZF8BlmRScdZkVWIGZF
iSNmRcAmZkX0KWZFIy1mRVYwZkWJM2ZFKzdmRfA5ZkUnPWZFVkBmRYlDZkXARmZF8ElmRSdN
ZkVWUGZFiVNmRcBWZkXwWWZFJ11mRVZgZkWJY2ZFvGZmRfBpZkUjbWZFVnBmRY1zZkW8dmZF
8HlmRSd9ZkVWgGZFuIRmRUSHZkXwiWZFJ41mRVaQZkWJk2ZFvJZmRfCZZkUnnWZFVqBmRY2j
ZkXApmZF8KlmRSOtZkVWsGZFibNmRby2ZkXwuWZFI71mRVbAZkWJw2ZFwMZmRfDJZkUjzWZF
VtBmRY3TZkXA1mZF8NlmRSfdZkVW4GZFieNmRcDmZkX46WZFJ+1mRVbwZkWJ82ZFvPZmRfD5
ZkUj/WZFWgBnRY0DZ0W8BmdF8AlnRSMNZ0VWEGdFjRNnRbwWZ0XwGWdFIx1nRVYgZ0WJI2dF
vCZnRfApZ0UjLWdFVjBnRYkzZ0W8NmdF9DlnRSc9Z0VaQGdFiUNnRbxGZ0X0SWdFJ01nRVZQ
Z0WJU2dFvFZnRfRZZ0UjXWdFYmBnRYljZ0W8ZmdF9GlnRSNtZ0VWcGdFiXNnRbx2Z0XweWdF
J31nRVaAZ0WJg2dFwIZnRfSJZ0UnjWdFWpBnRY2TZ0W8lmdF8JlnRSOdZ0VWoGdFiaNnRcCm
Z0XwqWdFI61nRVawZ0WJs2dFvLZnRfS5Z0UjvWdFVsBnRcnEZ0VUx2dF8MlnRSPNZ0Va0GdF
idNnRbzWZ0Xw2WdFI91nRVbgZ0WN42dFvOZnRfTpZ0Uj7WdFVvBnRYnzZ0W89mdF9PlnRSP9
Z0VWAGhFiQNoRcAGaEXwCWhFJw1oRVoQaEWJE2hFvBZoRfQZaEUjHWhFViBoRYkjaEW8JmhF
8CloRSMtaEVaMGhFiTNoRcA2aEXwOWhFIz1oRVZAaEWJQ2hFvEZoRfRJaEUjTWhFWlBoRYlT
aEXAVmhF8FloRSNdaEVaYGhFjWNoRbxmaEXwaWhFJ21oRVZwaEWNc2hFvHZoRfR5aEUjfWhF
VoBoRYmDaEW8hmhF9IloRSONaEVWkGhFiZNoRcCWaEXwmWhFI51oRVqgaEWJo2hFvKZoRfSp
aEUjrWhFVrBoRY2zaEXAtmhF9LloRSO9aEVWwGhFicNoRcXGaEX0yWhFJ81oRVbQaEWJ02hF
vNZoRfDZaEUj3WhFVuBoRY3jaEW85mhF9OloRSftaEVW8GhFifNoRbz2aEXw+WhFI/1oRVYA
aUWgBGlFJwdpRfAJaUUjDWlFVhBpRY0TaUW8FmlF8BlpRSMdaUVWIGlFiSNpRbwmaUXwKWlF
Iy1pRVYwaUWNM2lFvDZpRfA5aUUjPWlFWkBpRY1DaUW8RmlF8ElpRSNNaUVaUGlFiVNpRcBW
aUXwWWlFI11pRVZgaUWJY2lFvGZpRfBpaUUjbWlFVnBpRYlzaUW8dmlF9HlpRSN9aUVagGlF
iYNpRbyGaUX0iWlFI41pRVqQaUWJk2lFvJZpRfCZaUUjnWlFVqBpRYmjaUW8pmlF9KlpRSet
aUVasGlFibNpRby2aUXwuWlFI71pRVbAaUWNw2lFwMZpRfDJaUUnzWlFVtBpRYnTaUW81mlF
8NlpRSfdaUVW4GlFjeNpRcDmaUX06WlFI+1pRVbwaUWN82lFvPZpRQD6aUUj/WlFWgBqRY0D
akW8BmpF8AlqRSMNakVaEGpFjRNqRbwWakXwGWpFJx1qRVogakWJI2pFvCZqRfQpakUjLWpF
VjBqRY0zakW8NmpF8DlqRSM9akVWQGpFiUNqRbxGakX0SWpFJ01qRVpQakWJU2pFwFZqRfBZ
akUnXWpF</AssayXData><AssayYData Points="1500">rxaYQJJPmEDhZ5hATTuYQD8dmED/iphAA0eYQDZSmECehJhAbWeYQLd/mEDAk5hAn3mYQFZO
mEBqkJhAAoaYQNqOmECdcJhA742YQCWFmEDPfJhAPG+YQBJfmEDjaphAK7eYQGaYmEBqephA
Y4qYQFy1mEB/kJhAzXqYQDB6mEDqbZhA93CYQNawmEBDcphAJaGYQL97mEBeh5hAKY2YQJaj
mECsrZhAt5uYQKacmEAOnZhAa4KYQHB/mEBYophA2Z2YQCeDmEA1fZhApXeYQFiJmEARophA
BquYQA57mECAsJhArMWYQHuWmECtz5hAz4yYQEWNmECcs5hAesKYQASamED5fphASq6YQBCV
mEA/qZhAfbiYQGSbmEBGqZhAApyYQKS5mEAPfZhAsoqYQNCGmEAVo5hAqZGYQMOamEATn5hA
TaOYQGComECHjZhAgciYQCaPmEColphAhYSYQLGzmECusZhAl7CYQFXLmEBFk5hAvZSYQKmp
mEBRsJhAMaGYQKS3mECfnphA3KWYQFa+mECNnZhA24KYQGCKmECKzJhAv6aYQNqnmEB1q5hA
ld2YQK/DmEA5nphAqJGYQBqomEANuZhA7LOYQHmWmEDc2phAiKiYQAyXmEAKn5hABb2YQC2e
mED8oJhAPaKYQMqZmEBAkphAQcqYQMC1mEBmrZhAxquYQL/KmECrk5hAoMqYQDKsmEAxp5hA
vsSYQLyRmEBcu5hA7K6YQLfZmEAKpJhAEqCYQGGxmECKtphAdZ6YQEfImEAQu5hAEqWYQOWd
mEA4rphAq6qYQNrHmECmvZhAQrCYQEqxmEDJuphAZ6+YQMS7mEA0sZhAz66YQDNzmEA+uJhA
Q7aYQJXJmEAjvphAScqYQOSOmEBMu5hA/tKYQB7NmECV5JhA77+YQODgmED3tZhAstuYQK+p
mECXu5hA7cCYQP3RmECYsJhAfNOYQDS1mEDF0ZhA3uSYQKL+mEAD1ZhArtiYQHHVmECbvphA
Nt6YQBXWmEDtyJhAbK6YQAe7mEAezZhAM9SYQJ/DmEDK1JhAGdqYQPrlmEDE9JhAn86YQEcB
mUAE4ZhAkLaYQNbCmEAN5phAB8uYQOTcmEAFzZhAUPGYQPjOmECy35hAEemYQKS0mEA+15hA
GLqYQGndmEAmzphA1daYQCGrmEAqvZhAjuuYQPK/mEAR35hAdvGYQBjFmEDw5JhA7NmYQEb+
mECAxZhAiv+YQDfPmECczZhAReWYQOrrmEBk15hA/76YQCXmmEA+zphAatmYQL/VmEBm6phA
8+mYQOXlmEAICZlAUt+YQOMEmUDm6ZhAmteYQNPsmEBDAJlAPd2YQArZmEAj1ZhAz8uYQKTh
mEBD0phA2dyYQBTUmECZxJhAC9OYQGnOmED20ZhADdCYQOzxmECmAJlA7RKZQJHMmEC44ZhA
+uWYQDncmEAm2phAXNKYQBjumEAgvphAS/WYQHDTmEB13ZhAOQSZQFzymEAh6JhAwv6YQCXz
mEDd7phAgfOYQIAEmUBA+JhA3OqYQLgSmUD9BJlAog2ZQEDpmEC2z5hA9uiYQEndmEAv+JhA
pf6YQI70mEDX15hA+dWYQJ3hmEBKxJhA0+qYQL4MmUCX+5hA7OuYQIPmmEDp1JhAn/yYQNkT
mUC29ZhAqAGZQA/YmED0CJlAVBeZQG/7mED9CZlATeKYQH3ymEAtH5lAF+KYQGLwmECfEplA
dRyZQAPgmEB2BZlA9P+YQIsJmUCIAplAaxiZQJwImUCI+phA8QuZQGELmUAe5ZhANw6ZQGcE
mUAx0ZhAdROZQAwhmUDu8JhANBmZQKL1mEBJ7phA/gWZQI0dmUCO+phA5v6YQP0EmUCcHJlA
Q/2YQGwMmUC8GplANAiZQCXsmEAZFJlAVfuYQMUimUBSF5lAwAqZQFMtmUCRGZlAqfuYQFU0
mUDoJZlAD/SYQLrxmEBtH5lA3B2ZQIwkmUABOJlABDyZQF4YmUCDB5lAihaZQLYPmUBBO5lA
OCCZQPommUAUMZlA4gSZQCoWmUDfGJlACjiZQKU2mUB6NZlA+wyZQA0tmUCFE5lAMCuZQHJK
mUDICZlAPw2ZQBtUmUBqE5lAAxyZQEg2mUAaGZlAdiOZQK06mUBPBplAqReZQEEXmUAZFJlA
TwCZQJxDmUABSJlAATGZQPsgmUC1GZlAuwaZQLg3mUBhFJlAMhyZQIoymUAcTZlAwUqZQKv9
mEDzLplA1BSZQFsqmUD2SJlAM1GZQPAwmUA8IJlAgFCZQB0OmUB3QJlAijWZQGowmUDdPplA
8CeZQFo2mUCFM5lAfkqZQKY2mUCOJZlA8U2ZQAo3mUAVSZlArCqZQJAsmUBIOZlApQ+ZQFpS
mUDQEJlAPCKZQD45mUDUS5lAFgeZQFg4mUBDEplAlS6ZQDBHmUANM5lAugWZQAs8mUCQMplA
qDuZQLYYmUApOJlAJimZQPohmUAZSZlAikiZQK54mUCrRZlA1zKZQBUhmUBZRJlAn0yZQJcU
mUDuYZlAXVWZQNElmUAmLJlAdUCZQDhRmUCfTZlAJFKZQEhfmUC8K5lAllyZQMcjmUAuH5lA
ORqZQOtUmUAYSJlAbyiZQP9UmUBda5lA+F+ZQHpPmUAGQ5lALVSZQJRamUBdR5lAGi2ZQNRf
mUCeRJlABk+ZQGl3mUD+XplApTOZQN47mUDZQplAAFaZQPpWmUDFZZlAuk2ZQOxMmUCWaJlA
KhSZQL5JmUAPcZlA6WOZQElLmUCKQ5lAfTGZQCpqmUBVX5lAe06ZQBAlmUDocZlAF5KZQFdW
mUB8ZplAV0+ZQAcymUBmaplAezyZQDBImUABQJlAdXyZQNRYmUC/ZZlAl2GZQEVHmUBUTZlA
HkKZQBePmUARdJlAbCuZQEFTmUDARZlA7WqZQBxbmUArbJlAi3CZQKt6mUD9b5lAo2GZQKJl
mUDzZZlAHGiZQGJQmUC7iZlAa2qZQJ5mmUB7qJlAR1uZQPFwmUB4i5lA8JuZQEtcmUBkdplA
1E6ZQJp3mUDsZ5lAyXmZQGdpmUAWgplAcGGZQCBomUArdplASXSZQD1LmUCsdZlAM1iZQF1g
mUBIoJlAVYaZQFFkmUCacplAtmmZQPtamUD4eZlAAH6ZQHhOmUD0XplAdGeZQDyKmUClg5lA
F4KZQIB5mUAOXJlAY2+ZQCJimUDAbplA52SZQDtEmUA9aZlAb4OZQGuPmUBIeZlAZHGZQM+K
mUBkiJlAyWqZQHeRmUDEdplA+36ZQDeHmUAdj5lArFyZQCWTmUCDe5lAk3GZQEBumUCCjJlA
pHuZQIJ3mUDFmZlANXyZQON5mUAthZlAQ42ZQNVJmUB3j5lA4ZqZQHJ1mUAieplAc6uZQDxy
mUBAbplAZYeZQHxVmUCRbplA1rKZQEuLmUC/WJlAsYiZQOWDmUC4gJlAvn6ZQN17mUC+b5lA
t4yZQMiImUAmY5lAbKiZQGdXmUANlplAoUiZQNp8mUCFZplAp6SZQJ17mUD+fZlAAJiZQDWO
mUDhd5lAJ1KZQHKImUC3p5lAA3CZQNaImUD7gJlAh2OZQK12mUAzq5lATH+ZQNCFmUAumZlA
xpSZQL2amUCTrplAfp6ZQGF4mUA8m5lAoZGZQMJ8mUDAhplAX7OZQOaJmUCHiJlABI2ZQFKo
mUC8n5lAvbSZQO65mUBgqplAYs6ZQFGVmUDwZZlAhGyZQH+3mUDGi5lA6Y2ZQPejmUDCgJlA
Ro2ZQHC2mUCImZlA/ICZQC2ymUD/sZlA/bmZQP+cmUCAtZlAO6yZQDaJmUD/gZlASp2ZQIyU
mUAltJlA29qZQHKpmUAIqplAoKCZQMesmUCaoJlAibWZQNGFmUBvnJlAibCZQDqvmUDSqZlA
hcSZQBmAmUCRrJlAPbeZQLydmUBOrplAvraZQB+lmUDLn5lA6LyZQJ6QmUCkpJlAvcOZQCqf
mUD+qplACcyZQMKmmUDHoZlANr2ZQFXFmUBzqZlAC8+ZQD6lmUAilZlAOLmZQALFmUAAo5lA
55iZQE6/mUA6w5lAysKZQCHImUAdsplAYI2ZQITTmUCZ35lALsKZQN6zmUAi2ZlA2ZOZQECn
mUAIwJlAWraZQJvDmUAJyJlAV7mZQCGWmUCX0plAdLOZQBO2mUCXyplAPraZQGmlmUAYpJlA
zsCZQIzFmUBhk5lAy6qZQDCgmUCbqZlAweqZQKmQmUBmsplA9NOZQJq/mUCMsplA8b2ZQIfM
mUBywJlAnt2ZQB35mUCIyZlASuGZQKeimUAQuplA/MWZQNSsmUA/yplAWdCZQL7emUBZ1ZlA
X8WZQLWzmUD3tZlAK6iZQMHumUC7n5lATsOZQL+/mUBDvJlASd+ZQNmlmUCr2JlAPriZQH3y
mUD8zJlAqu+ZQBy/mUAd6JlAXdKZQLa2mUAm1ZlARuCZQELbmUAZ15lAbdiZQCGwmUCz1ZlA
BdCZQCHdmUD/vZlABf+ZQIrfmUC/wplAZPOZQA3SmUCD3plAs++ZQOS9mUC1pplAOtKZQL/7
mUC0yJlAH9WZQJnmmUC+BZpA/eGZQFzqmUDz3JlAodyZQGXSmUCR4JlAHsKZQEANmkBO0JlA
1seZQJTYmUBj3plAg8eZQLfSmUDmE5pAPPKZQIzWmUC20plANtmZQIILmkBp05lA3dGZQNrH
mUBJ1ZlA2eiZQBrzmUDr/plANu+ZQAfcmUBP5JlAwM2ZQEfKmUD7+5lAEAOaQMLhmUAU9JlA
Yd+ZQOPYmUAg45lAVQeaQHD7mUAc7JlANeSZQErzmUCM4JlAnjyaQKv6mUAY2ZlAjuaZQMbi
mUD8y5lAYeCZQIEAmkBdz5lAyu2ZQO7HmUB34plA+v+ZQN/9mUBS6JlA7d+ZQIYDmkAj0JlA
8vmZQDbkmUBx75lAWAOaQJMFmkCcLJpATvuZQLr2mUBKFppAj/OZQPHhmUCIDJpA1AeaQJwL
mkDdE5pAVuSZQJ7bmUCm+JlAjO6ZQJ3kmUDF9JlAwd+ZQEMJmkB225lAaTSaQMHomUCKJZpA
ziWaQF4LmkCzFJpAoOWZQGnfmUAvEZpAJiiaQEb5mUBy8ZlADyKaQPgMmkD36JlA5/6ZQE8p
mkAaAJpA8xeaQPwfmkD+CJpAsA2aQOUImkBlDppAyyGaQO/7mUAb/5lAf++ZQMsZmkDAFppA
nh2aQCkJmkC9FppAbxOaQE4umkAUBJpAOQaaQJwbmkBVKppA8/KZQAgcmkDZBJpA2hGaQKj0
mUBKDppAi/OZQN/kmUA+IppAzieaQLEVmkCdOJpAHg6aQHABmkA0HJpAkQaaQBH2mUALCJpA
txOaQB0cmkDN/5lAewmaQLoQmkA6B5pA8w6aQL0VmkAWH5pASAyaQJ0imkDV85lAbQCaQONb
mkBC9ZlAixmaQDURmkDVFJpA8SiaQFv3mUAZ25lAmwKaQMkfmkBzBJpA5/qZQH4lmkBQM5pA
WgaaQLD+mUDHO5pAQDGaQBwfmkB6DppAGRCaQEsCmkBxL5pA4Q6aQOYSmkBeDZpAxDOaQAUU
mkCaK5pAfQqaQA1EmkB+CZpAj06aQN8lmkArJ5pABmCaQDUCmkANH5pAkhuaQIscmkBkOppA
MzuaQEMdmkDCIZpA/TGaQCdQmkBXD5pAXyuaQHM3mkAXEZpAby2aQL4emkClGppAbyGaQBdA
mkBiNJpA1iKaQKVAmkChH5pAyRCaQPxZmkA2HJpALC6aQMpGmkA4M5pAXSOaQN0mmkB7/5lA
Ay2aQBA1mkD3Z5pASCuaQHRGmkDtDZpAWCmaQOIqmkCLOppAfSaaQM0GmkChS5pA2D2aQK0Y
mkAXD5pAUjqaQEYnmkA1OJpA1TWaQJJHmkCBEJpAbEqaQCAMmkA2CZpADiyaQD4nmkDLM5pA
azGaQMtBmkCkJZpAY0aaQJozmkD7TppApzuaQLhHmkB3JJpA2FKaQEU8mkCGHppAhD2aQIw8
mkCRP5pAN12aQCtDmkCNLppAbTSaQHgwmkDvdJpASCKaQGMomkCuNppAvP+ZQD9MmkClQppA
OUyaQGhKmkCzW5pATSyaQMJHmkB3dJpAsTSaQJFImkAAWZpA4TOaQD9NmkDrPppA0V2aQII6
mkBVYJpABEuaQN42mkDjWJpAdEWaQB5imkAJP5pAuE6aQP5CmkCzMJpAU12aQNVjmkDqS5pA
qXiaQKlZmkBKVppA4keaQM44mkCjSZpAe1aaQCxtmkCtOJpAojyaQKhOmkDNVJpAoVGaQAVo
mkBfTppApluaQKhMmkAvZZpApEOaQAZymkBOSppAI02aQJ5OmkDpSppAN2OaQGBZmkDtWppA
vEeaQOZImkC9YppATmOaQAs6mkBPUppASFmaQKFhmkDXZJpAjFSaQHkwmkDBZ5pAzlOaQKtS
mkCcU5pAQE6aQFZomkC3T5pAJjWaQENgmkBJZ5pA7jqaQIVKmkCKUZpAjjuaQP5AmkBzUJpA
h12aQGV2mkAdUJpAHXuaQDQ8mkCiRZpAkGSaQISdmkC5PZpAWVWaQIZ8mkAzUJpAoIqaQA+A
mkBhWJpAr3eaQPd8mkDMjZpA6GWaQHdmmkAHa5pAHkCaQKtemkALgppAxl2aQBk9mkAFW5pA
PG6aQFRlmkDxj5pANGaaQBJymkCdWJpAgGyaQMVtmkCIZppA4n+aQDJ0mkDVa5pATIKaQMRs
mkBgSJpAb4uaQOl9mkBRUppAUnOaQI9lmkDZoppABoiaQLRvmkBzV5pApGaaQORvmkBJb5pA
PWiaQGt+mkDgbZpATFuaQOllmkCkd5pAgHCaQFiEmkCleJpAKkaaQFiCmkBFlZpAf3aaQC+Q
mkDTeppAVICaQBuPmkAxjJpAoo+aQGNumkDxYJpAMmWaQEeqmkBtiZpAM1+aQERdmkDDjJpA
o5uaQBlxmkAFqZpAsJSaQL9lmkCRcppALZWaQPtimkDBpZpAcHWaQKJvmkAEfZpAlqiaQHCx
mkAclppAGIqaQKeHmkAIhZpAdHmaQLC8mkC7XZpA+J6aQLJ5mkC+hppAxIqaQIqcmkAPj5pA
mImaQO5umkBSoppA9amaQIa0mkBmo5pAf3WaQCiomkCrqJpAm4KaQCGcmkD1nZpA0oSaQIN5
mkBTvJpAu2yaQEGCmkCAqJpA4ZeaQOCImkDIm5pAVo2aQEqMmkCzpZpALrmaQNeVmkCDnppA
SJuaQJmXmkD/jZpAKX+aQN+NmkAxkJpANa2aQNWXmkDrpZpA+I2aQFqQmkDflJpAeZeaQFCP
mkBjq5pAGXWaQDyZmkBynppAKniaQE+imkCHWZpAfYiaQH+8mkC+appAk5aaQAKwmkCgpZpA
KIeaQCmUmkCLqZpAN5yaQBi+mkCWmppAo56aQC2omkCenJpAHpWaQGmXmkDdlJpAR5iaQGuo
mkCV0JpABIuaQLa1mkDKsZpAdLCaQDeJmkArqZpAiaiaQO2umkBTo5pATLKaQMK6mkCBpppA
TKCaQB+tmkAjlZpAz5eaQE2YmkCby5pA7YqaQCWpmkBBkZpAkYqaQGermkAqr5pAC7KaQEis
mkDDmJpAfKSaQBnmmkBayZpAFKiaQEu9mkC1nJpAVKCaQJWwmkAnoJpAPZCaQJW1mkAcv5pA
zYGaQNO0mkBzs5pA7o+aQGy5mkB0sZpAU7OaQN7FmkA+vJpAI7SaQO2omkCln5pALbuaQEio
mkD5v5pAPJaaQL6cmkBR0ppAeKuaQKGbmkBxw5pAqt+aQKW5mkCjnppAcK6aQKCOmkAIoppA
S8maQOCxmkBihJpAJrmaQKiSmkDppJpA3M6aQOiamkBquZpAW7uaQCnImkCQo5pACduaQJLU
mkArn5pAKK+aQBbbmkA5lppAYcGaQJ3CmkCSuppAUI2aQC/NmkCU25pAea2aQO24mkBWyppA
+smaQFGcmkByzJpAIryaQEa4mkCK0ZpAesCaQBDWmkCuzZpA2LOaQLm4mkB3xppAWK6aQLPB
mkCizJpA</AssayYData></Step><Step><CommonData><SampleLocation>7</SampleLocation><SampleID>Glycine</SampleID><SampleGroup></SampleGroup><SampleInfo></SampleInfo><SampleRow>J</SampleRow><SamplePlate>1</SamplePlate><WellType>REGENERATION</WellType><Concentration>-1</Concentration><ConcentrationUnits>µg/ml</ConcentrationUnits><MolarConcentration>-1</MolarConcentration><MolarConcUnits>nM</MolarConcUnits><MolecularWeight>0</MolecularWeight><Temperature>30</Temperature><StartTime>4259702</StartTime><AssayTime>5</AssayTime></CommonData><FlowRate>1000</FlowRate><StepType>KREGENERATION</StepType><StepName>Regeneration</StepName><StepStatus>OK</StepStatus><ActualTime>5.00005</ActualTime><CycleTime>0.2</CycleTime><AssayXData Points="25">WmBqRZFjakXEZmpF+GlqRSdtakVecGpFkXNqRcR2akX0eWpFJ31qRVqAakWRg2pFwIZqRfSJ
akUrjWpFWpBqRY2TakXJlmpF9JlqRSedakVaoGpFjaNqRcCmakX4qWpFJ61qRQ==</AssayXData><AssayYData Points="25">EttMP2epNz+80ig/SRchP7HeFz9ygxA/B1EIP/oqAT+D8vU+mzvqPnDe4D7B7tU+kCrJPu3X
wT43Lrw+MICxPtvfqT4CpaM+AR6bPk86lT7Gao8+np6IPvoLgj4FG30+Ja93Pg==</AssayYData></Step><Step><CommonData><SampleLocation>8</SampleLocation><SampleID>PBS</SampleID><SampleGroup></SampleGroup><SampleInfo></SampleInfo><SampleRow>J</SampleRow><SamplePlate>1</SamplePlate><WellType>NEUTRALIZATION</WellType><Concentration>-1</Concentration><ConcentrationUnits>µg/ml</ConcentrationUnits><MolarConcentration>-1</MolarConcentration><MolarConcUnits>nM</MolarConcUnits><MolecularWeight>0</MolecularWeight><Temperature>30</Temperature><StartTime>4273101</StartTime><AssayTime>5</AssayTime></CommonData><FlowRate>1000</FlowRate><StepType>KREGENERATION</StepType><StepName>Regeneration</StepName><StepStatus>OK</StepStatus><ActualTime>5.00103</ActualTime><CycleTime>0.2</CycleTime><AssayXData Points="25">W7BqRZKzakXBtmpF+blqRSi9akVbwGpFksNqRcHGakX1yWpFKM1qRVvQakWS02pFwdZqRfnZ
akUo3WpFW+BqRY7jakXB5mpF9elqRSjtakVf8GpFjvNqRcH2akX5+WpFLP1qRQ==</AssayXData><AssayYData Points="25">NSaAQNXLgEBEHoFAhYuBQHbagUBoN4JAUYGCQFjfgkCZ74JAC+mCQLxng0BLX4NAm4KDQNyo
g0Bn2INATrWDQG7Zg0AqCoRA/ReEQO0NhEDdcYRA6WiEQEN3hEAxcoRAjXiEQA==</AssayYData></Step><Step><CommonData><SampleLocation>7</SampleLocation><SampleID>Glycine</SampleID><SampleGroup></SampleGroup><SampleInfo></SampleInfo><SampleRow>J</SampleRow><SamplePlate>1</SamplePlate><WellType>REGENERATION</WellType><Concentration>-1</Concentration><ConcentrationUnits>µg/ml</ConcentrationUnits><MolarConcentration>-1</MolarConcentration><MolarConcUnits>nM</MolarConcUnits><MolecularWeight>0</MolecularWeight><Temperature>30</Temperature><StartTime>4286183</StartTime><AssayTime>5</AssayTime></CommonData><FlowRate>1000</FlowRate><StepType>KREGENERATION</StepType><StepName>Regeneration</StepName><StepStatus>OK</StepStatus><ActualTime>5.00005</ActualTime><CycleTime>0.2</CycleTime><AssayXData Points="25">XwBrRZIDa0XJBmtF/QlrRSwNa0VfEGtFkhNrRckWa0X5GWtFLB1rRV8ga0WWI2tFxSZrRfkp
a0UwLWtFXzBrRZIza0XFNmtF+TlrRTA9a0VfQGtFlkNrRclGa0X5SWtFLE1rRQ==</AssayXData><AssayYData Points="25">3WPePsuHvD5+zag+oqKYPlKDkD4t14E+um18PrnMbT4G4GA+ezVXPotiTj6sSEI+8Ew7PqGI
OD7BXDE+hTgiPjviID4CTh0+6ToRPufvCz5AXwc+UyAAPv2x/T0Gqu49v0LrPQ==</AssayYData></Step><Step><CommonData><SampleLocation>8</SampleLocation><SampleID>PBS</SampleID><SampleGroup></SampleGroup><SampleInfo></SampleInfo><SampleRow>J</SampleRow><SamplePlate>1</SamplePlate><WellType>NEUTRALIZATION</WellType><Concentration>-1</Concentration><ConcentrationUnits>µg/ml</ConcentrationUnits><MolarConcentration>-1</MolarConcentration><MolarConcUnits>nM</MolarConcUnits><MolecularWeight>0</MolecularWeight><Temperature>30</Temperature><StartTime>4299587</StartTime><AssayTime>5</AssayTime></CommonData><FlowRate>1000</FlowRate><StepType>KREGENERATION</StepType><StepName>Regeneration</StepName><StepStatus>OK</StepStatus><ActualTime>4.99907</ActualTime><CycleTime>0.2</CycleTime><AssayXData Points="25">X1BrRY5Ta0XFVmtF9VlrRShda0VbYGtFkmNrRcVma0X1aWtFKG1rRVtwa0WSc2tFwXZrRfl5
a0UofWtFX4BrRY6Da0XBhmtF+YlrRSiNa0VbkGtFkpNrRcGWa0X1mWtFKJ1rRQ==</AssayXData><AssayYData Points="25">zsB+QBECgECIc4BAUvGAQFBJgUCin4FAwuWBQAQWgkC5VIJApHGCQLKYgkAxwoJApv6CQIUA
g0CDM4NAAFeDQLRhg0CahoNACJ2DQMGfg0Az44NAktuDQLbIg0DG3INAdRiEQA==</AssayYData></Step><Step><CommonData><SampleLocation>7</SampleLocation><SampleID>Glycine</SampleID><SampleGroup></SampleGroup><SampleInfo></SampleInfo><SampleRow>J</SampleRow><SamplePlate>1</SamplePlate><WellType>REGENERATION</WellType><Concentration>-1</Concentration><ConcentrationUnits>µg/ml</ConcentrationUnits><MolarConcentration>-1</MolarConcentration><MolarConcUnits>nM</MolarConcUnits><MolecularWeight>0</MolecularWeight><Temperature>30</Temperature><StartTime>4312980</StartTime><AssayTime>5</AssayTime></CommonData><FlowRate>1000</FlowRate><StepType>KREGENERATION</StepType><StepName>Regeneration</StepName><StepStatus>OK</StepStatus><ActualTime>5.00005</ActualTime><CycleTime>0.2</CycleTime><AssayXData Points="25">W6BrRY6ja0XBpmtF+alrRSyta0VbsGtFjrNrRcW2a0X5uWtFKL1rRVvAa0WOw2tFwcZrRfXJ
a0UszWtFW9BrRZLTa0XF1mtF+dlrRSjda0Vb4GtFkuNrRcHma0X16WtFKO1rRQ==</AssayXData><AssayYData Points="25">iz/MPmYdqT7MoZU+I4aGPqOufz6fzWs+EPBaPi82UT4SUEY+00E+Phy9LT6mli4+OBUoPvE/
HD4gvx4+vmkUPi66ET607Qo+930GPn4i/T018vM9rfv6PSLw6D2BNug9+eXhPQ==</AssayYData></Step><Step><CommonData><SampleLocation>8</SampleLocation><SampleID>PBS</SampleID><SampleGroup></SampleGroup><SampleInfo></SampleInfo><SampleRow>J</SampleRow><SamplePlate>1</SamplePlate><WellType>NEUTRALIZATION</WellType><Concentration>-1</Concentration><ConcentrationUnits>µg/ml</ConcentrationUnits><MolarConcentration>-1</MolarConcentration><MolarConcUnits>nM</MolarConcUnits><MolecularWeight>0</MolecularWeight><Temperature>30</Temperature><StartTime>4326402</StartTime><AssayTime>5</AssayTime></CommonData><FlowRate>1000</FlowRate><StepType>KREGENERATION</StepType><StepName>Regeneration</StepName><StepStatus>OK</StepStatus><ActualTime>5.00005</ActualTime><CycleTime>0.2</CycleTime><AssayXData Points="25">W/BrRY7za0XB9mtF9flrRSj9a0VbAGxFjgNsRcUGbEX1CWxFLA1sRV8QbEWOE2xFxRZsRfUZ
bEUsHWxFXyBsRY4jbEXBJmxF9SlsRSgtbEVfMGxFkjNsRcU2bEX5OWxFKD1sRQ==</AssayXData><AssayYData Points="25">0EqAQFnFgECFQIFA66aBQBkagkC/VoJAtZeCQAfugkB4C4NAej+DQOFlg0D4m4NA+Z6DQMnL
g0AXvINAYSmEQPk3hEC2PIRAn0GEQExxhEAkkoRAUKeEQErMhEAe5IRAZ8iEQA==</AssayYData></Step><Step><CommonData><SampleLocation>3</SampleLocation><SampleID>Octet Buffer</SampleID><SampleGroup></SampleGroup><SampleInfo></SampleInfo><SampleRow>I</SampleRow><SamplePlate>1</SamplePlate><WellType>BUFFER</WellType><Concentration>-1</Concentration><ConcentrationUnits>µg/ml</ConcentrationUnits><MolarConcentration>-1</MolarConcentration><MolarConcUnits>nM</MolarConcUnits><MolecularWeight>0</MolecularWeight><Temperature>30</Temperature><StartTime>4340970</StartTime><AssayTime>20</AssayTime></CommonData><FlowRate>1000</FlowRate><StepType>CUSTOM</StepType><StepName>Sensor Check</StepName><StepStatus>OK</StepStatus><ActualTime>20.001</ActualTime><CycleTime>0.2</CycleTime><AssayXData Points="100">XEBsRY9DbEXGRmxF+klsRSlNbEVcUGxFj1NsRcJWbEX6WWxFKV1sRVxgbEWTY2xFxmZsRfZp
bEUpbWxFYHBsRY9zbEXCdmxF9nlsRS19bEVggGxFj4NsRcKGbEX2iWxFKY1sRWCQbEWTk2xF
wpZsRfaZbEUpnWxFXKBsRY+jbEXCpmxF+qlsRSmtbEVgsGxFj7NsRcK2bEX2uWxFK75sRa7A
bEWPw2xFwsZsRfrJbEUtzWxFXNBsRY/TbEXG1mxF9tlsRSndbEVg4GxFj+NsRcbmbEX66WxF
Ke1sRVzwbEWT82xFwvZsRfb5bEUt/WxFXABtRY8DbUXCBm1F+gltRSkNbUVcEG1FjxNtRcIW
bUX2GW1FKR1tRWAgbUWPI21FwiZtRfYpbUUpLW1FXDBtRZMzbUXCNm1F+jltRS09bUVcQG1F
j0NtRcZGbUX2SW1FLU1tRVxQbUWTU21FxlZtRfZZbUUpXW1FXGBtRY9jbUXGZm1F+mltRS1t
bUVccG1Fj3NtRcZ2bUX6eW1FLX1tRQ==</AssayXData><AssayYData Points="100">tCN/QEwXfEDD6nlA35l4QB/Yd0CLE3dASd92QEOTdkAynHZAwwd3QMstd0Bx+HZAmW93QMsJ
d0BXbXdAjup3QHXgd0Cx3HdAbTp4QHIneED4JHhAQdl4QITAeEAzfXhAGAN5QKQeeUDiyHhA
gRV5QCVEeUALhHlAwzR5QFOPeUCOZnlAv4h5QPjJeUDm0HlAV8Z5QDzpeUDlIXpAHVl6QBnw
eUD6L3pAKih6QGs0ekChbnpAW2F6QNS0ekAitXpAZ3N6QCNwekB0ynpAqKl6QC6hekDz8npA
8/F6QAqmekB563pA7wR7QD4Ve0D2MHtAkVF7QMM6e0CnYntAVFt7QAFbe0CoN3tAY817QKCI
e0A6sHtAorV7QJDve0Dyi3tABe57QC29e0BD3ntAN/h7QAMDfEBu1ntAsKp7QJ8nfEAPPnxA
Ex58QKdDfECPWXxAtv17QOp3fEA9LXxAgBt8QKaJfEBCeXxANR58QOaMfEA/SHxA2lV8QPO3
fEAzi3xAumF8QOc+fEDyqHxAEsJ8QA==</AssayYData></Step><Step><CommonData><SampleLocation>16</SampleLocation><SampleID>SI-157X56_P5534</SampleID><SampleGroup></SampleGroup><SampleInfo></SampleInfo><SampleRow>I</SampleRow><SamplePlate>1</SamplePlate><WellType>KLOAD</WellType><Concentration>5</Concentration><ConcentrationUnits>µg/ml</ConcentrationUnits><MolarConcentration>5000</MolarConcentration><MolarConcUnits>nM</MolarConcUnits><MolecularWeight>0</MolecularWeight><Temperature>30</Temperature><StartTime>4371431</StartTime><AssayTime>120</AssayTime></CommonData><FlowRate>1000</FlowRate><StepType>LOADING</StepType><StepName>Loading</StepName><StepStatus>OK</StepStatus><ActualTime>120.001</ActualTime><CycleTime>0.2</CycleTime><AssayXData Points="600">YIBtRZODbUXKhm1F+oltRS2NbUVgkG1Fl5NtRcqWbUX6mW1FLZ1tRWSgbUWTo21FxqZtRfqp
bUUtrW1FYLBtRZOzbUXGtm1F/rltRTG9bUVkwG1Fl8NtRcrGbUX6yW1FLc1tRWTQbUWT021F
xtZtRf7ZbUUx3W1FZOBtRZPjbUXG5m1F+ultRS3tbUVk8G1Fk/NtRcr2bUX6+W1FLf1tRWAA
bkWTA25FxgZuRfoJbkUxDW5FYBBuRZcTbkXKFm5F/hluRTEdbkVkIG5FlyNuRcYmbkX+KW5F
LS1uRWQwbkWTM25FyjZuRf45bkUtPW5FYEBuRZNDbkXGRm5F+kluRTFNbkVgUG5Fk1NuRcpW
bkX6WW5FLV1uRWBgbkWTY25FymZuRfppbkUxbW5FYHBuRZdzbkXGdm5F+nluRTF9bkVkgG5F
l4NuRcqGbkX6iW5FLY1uRWCQbkWTk25FxpZuRfqZbkUxnW5FYKBuRZOjbkXGpm5F/qluRS2t
bkVksG5Fk7NuRca2bkX+uW5FLb1uRWTAbkWTw25FxsZuRfrJbkUxzW5FYNBuRZPTbkXG1m5F
+tluRTHdbkVg4G5Fk+NuRcrmbkX66W5FMe1uRWDwbkWT825FxvZuRfr5bkUt/W5FYABvRZMD
b0XGBm9F/glvRTENb0VkEG9FkxNvRcoWb0X6GW9FLR1vRWAgb0WTI29FxiZvRfopb0UxLW9F
ZDBvRZMzb0XGNm9F+jlvRS09b0VgQG9Fl0NvRcZGb0X6SW9FMU1vRWRQb0WTU29FylZvRf5Z
b0UtXW9FZGBvRZNjb0XKZm9F/mlvRTFtb0VgcG9Fl3NvRcZ2b0X6eW9FLX1vRWCAb0WXg29F
yoZvRfqJb0UtjW9FYJBvRZOTb0XKlm9F/plvRS2db0VgoG9Fk6NvRcqmb0X+qW9FLa1vRWCw
b0WTs29FyrZvRfq5b0UtvW9FYMBvRZ/Db0XGxm9F/slvRS3Nb0Vk0G9Fl9NvRdfWb0X62W9F
Md1vRWDgb0WX429FyuZvRfrpb0Ux7W9FYPBvRZPzb0XK9m9F+vlvRS39b0VgAHBFlwNwRcYG
cEX6CXBFLQ1wRWAQcEWTE3BFyhZwRfoZcEUtHXBFZCBwRZMjcEXGJnBF/ilwRS0tcEVgMHBF
kzNwRco2cEX+OXBFLT1wRWRAcEWXQ3BFykZwRfpJcEUxTXBFZFBwRZNTcEXGVnBF/llwRS1d
cEVgYHBFl2NwRcZmcEX6aXBFLW1wRWRwcEWXc3BFxnZwRfp5cEUtfXBFZIBwRZODcEXGhnBF
/olwRS2NcEVgkHBFk5NwRcaWcEX6mXBFLZ1wRWCgcEWTo3BFxqZwRf6pcEUGrnBFibBwRZez
cEXGtnBF/rlwRS29cEVgwHBFl8NwRcbGcEX6yXBFLc1wRWDQcEWX03BFxtZwRfrZcEUt3XBF
ZOBwRZPjcEXG5nBF+ulwRS3tcEVg8HBFk/NwRcb2cEX6+XBFLf1wRWAAcUWTA3FFxgZxRfoJ
cUUtDXFFYBBxRZMTcUXKFnFF+hlxRS0dcUVgIHFFlyNxRcYmcUX6KXFFLS1xRWQwcUWTM3FF
yjZxRfo5cUUxPXFFYEBxRZdDcUXKRnFF+klxRS1NcUVgUHFFk1NxRcZWcUX+WXFFLV1xRWBg
cUWXY3FFymZxRf5pcUUtbXFFYHBxRZNzcUXGdnFF/nlxRS19cUVggHFFk4NxRcqGcUX6iXFF
LY1xRWSQcUWTk3FFxpZxRfqZcUUtnXFFYKBxRZejcUXGpnFF+qlxRS2tcUVgsHFFl7NxRcq2
cUX6uXFFLb1xRWDAcUWTw3FFxsZxRf7JcUUtzXFFYNBxRZfTcUXK1nFF+tlxRS3dcUVg4HFF
k+NxRcbmcUX66XFFMe1xRWDwcUWX83FFxvZxRf75cUUt/XFFYAByRZMDckXKBnJF+glyRS0N
ckVgEHJFlxNyRcYWckX6GXJFMR1yRWAgckWXI3JFyiZyRfopckUtLXJFYDByRZczckXGNnJF
/jlyRS09ckVgQHJFl0NyRcpGckX6SXJFMU1yRWRQckWTU3JFylZyRfpZckUtXXJFYGByRZNj
ckXKZnJF+mlyRS1tckVkcHJFk3NyRcZ2ckX+eXJFLX1yRWCAckWTg3JFxoZyRf6JckUtjXJF
YJByRZeTckXGlnJF/plyRS2dckVgoHJFk6NyRcqmckX6qXJFLa1yRWSwckWXs3JFxrZyRfq5
ckUtvXJFYMByRZfDckXKxnJF+slyRTHNckVg0HJFk9NyRcbWckX+2XJFLd1yRWTgckWX43JF
xuZyRfrpckUt7XJFZPByRZPzckXG9nJF+vlyRS39ckVkAHNFkwNzRcYGc0X+CXNFMQ1zRWAQ
c0WTE3NFxhZzRfoZc0UtHXNFZCBzRZMjc0XGJnNF+ilzRS0tc0VkMHNFkzNzRcY2c0X6OXNF
MT1zRWBAc0WXQ3NFxkZzRfpJc0UxTXNFZFBzRZNTc0XKVnNF/llzRS1dc0VkYHNFl2NzRcpm
c0X+aXNFLW1zRWBwc0WTc3NFxnZzRf55c0UtfXNFZIBzRZODc0XKhnNF+olzRS2Nc0VgkHNF
l5NzRcaWc0X+mXNFMZ1zRWCgc0WTo3NFxqZzRfqpc0UtrXNFZLBzRZOzc0XGtnNF+rlzRS29
c0VgwHNFk8NzRcrGc0X+yXNFLc1zRWTQc0WT03NFxtZzRfrZc0Ux3XNFZOBzRZPjc0XG5nNF
+ulzRTHtc0Vg8HNFk/NzRcb2c0X++XNFLf1zRWQAdEWTA3RFxgZ0RQIKdEUtDXRFYBB0RZMT
dEXKFnRF/hl0RS0ddEVkIHRFlyN0RcomdEX6KXRFMS10RWAwdEWTM3RFxjZ0Rfo5dEUtPXRF
YEB0RZNDdEXKRnRF+kl0RS1NdEVkUHRFk1N0RcZWdEX6WXRFMV10RWBgdEWXY3RFxmZ0Rf5p
dEUtbXRF23B0RZNzdEXGdnRF/nl0RS19dEVkgHRFk4N0RcqGdEX6iXRFMY10RWCQdEWTk3RF
xpZ0Rf6ZdEUtnXRFZKB0RZOjdEXKpnRF+ql0RS2tdEVksHRFk7N0Rca2dEX+uXRFLb10RWDA
dEWTw3RFxsZ0RfrJdEUxzXRFYNB0RZfTdEXK1nRF/tl0RS3ddEVg4HRFk+N0RcrmdEX+6XRF
Me10RWTwdEWT83RFxvZ0Rfr5dEUx/XRF</AssayXData><AssayYData Points="600">2uV7QGqXfEBlUH1A1+d9QDpgfkAKZn5AzAd/QAdPf0A9YX9APON/QNs6gEBVaIBAIYKAQPWw
gEBBwYBAVumAQCJagUAIOIFAeHqBQGGngUDRoYFAmeyBQMkygkA6JIJAMGCCQLCVgkA5vIJA
dvyCQH8ng0DeHoNAq1qDQDiMg0BApYNATeyDQCD4g0BFS4RA2kSEQLNShEAmloRAzdeEQP/W
hEDJFoVAgCOFQCJphUASaYVAn4OFQEqmhUCw2IVAUvOFQHXkhUC9HIZAAFKGQKR5hkDmnYZA
SN2GQL79hkDu9IZAoSaHQBxDh0DHZIdASIGHQHiSh0CVwodAXQiIQGUKiEA6JohAtmOIQL1c
iEAWm4hACI6IQHrEiEDc64hA7/uIQB0biUAON4lAuEeJQPtjiUBSnYlAYM2JQM/HiUAD9olA
LvyJQIMBikCuYopA6jWKQKljikAZu4pA6ZqKQG2vikBTBotAGBqLQPznikD2CItAGzSLQEV3
i0BQY4tA/pqLQEWHi0C5vItAv/2LQJTri0CLJYxAFSKMQAVEjEBhXYxAiniMQOl/jECukoxA
hpqMQP3HjEBD6IxAsuSMQJkNjUAuAY1APFGNQHxYjUC8d41AlHyNQAqajUApjY1Ak7ONQLfA
jUAa/I1AGfSNQKoijkBmC45AbCuOQPtSjkBrY45Ab4mOQPy3jkBslo5ApZiOQGa9jkCP3o5A
dvWOQIQRj0AHNY9AMxyPQE85j0BcX49A5laPQCh+j0Cgd49AxY2PQO+Jj0BYxI9A2caPQM7K
j0By7Y9AtQ2QQBMckED3JJBA9CWQQBotkECuGJBAb2KQQMVwkEA0mJBAtpOQQPqnkEDJopBA
d9OQQETxkED92pBA7RqRQDMtkUC4IpFAlB6RQFtCkUBJKJFAUDSRQPFukUAJW5FAwFSRQAmT
kUDPj5FAKKiRQLvUkUC1xpFAGcuRQIf5kUCkFZJAKt+RQFIUkkAfIZJATP6RQI4ckkAiKJJA
/EySQM5nkkDEc5JAFJOSQNmJkkBspZJAsaiSQF2gkkCqr5JAPtOSQIDCkkBGuZJA7gmTQLXm
kkDsBpNARhGTQH0kk0C/TJNA5iaTQMtDk0AlY5NATWqTQBeGk0D0aZNArZuTQB54k0ANo5NA
DdGTQMfJk0DwuJNAy7yTQLi9k0C05JNAUMyTQNbqk0DpDpRAIt+TQB8elEAtDZRAqTuUQOk3
lECsOZRAhS6UQDFglEAcR5RAp5CUQPGglEALfZRAZIiUQNCYlEBHx5RATo2UQIujlEDsyZRA
J7qUQDy1lECB+pRAOuuUQODqlEBJCZVAOUKVQJMJlUB9M5VAdDOVQJJblUCAM5VAq2GVQP9I
lUBHWJVAv2yVQAWNlUBEcpVAZoOVQEOAlUAIjJVAlbCVQK+elUDBlZVAE8CVQHHflUC1yJVA
3LyVQF8WlkDN4ZVA3eCVQGbklUD/9ZVAWvuVQLUjlkCXHpZAJhiWQIItlkCHJJZAowWWQOlO
lkABGpZAvkCWQNxGlkBhf5ZAZnyWQCB0lkAikZZAfqOWQOaBlkBKmZZAOZqWQBCjlkBXrZZA
meqWQFq2lkB0zpZACcCWQDXUlkA01pZA492WQOLWlkBo85ZAGyaXQNjylkCvDZdAqxCXQPwB
l0AfL5dAhzKXQPs5l0CXLJdAQVyXQFRal0C0XJdAWGCXQL93l0AQVpdAwZaXQJqOl0AygpdA
h4qXQDSul0B/nJdAV6uXQErQl0AQwpdAnK+XQDGml0Ck1pdAKKqXQBW9l0B88JdArMaXQHff
l0Ba/ZdA+POXQGnbl0BCP5hAPxWYQFHcl0C8NJhAehCYQFQzmEByN5hAB02YQHgumEALSJhA
YyuYQDc5mEANd5hALI6YQD5GmEBFdJhAe36YQGpdmEASdJhAZa6YQNdymEBFhJhAF42YQMOk
mECvrphAr6WYQGDSmECjxJhAQcGYQBDXmEAdrJhAUMKYQKzmmEB9uphAxNWYQMQLmUAa5ZhA
kBKZQGEsmUDR+ZhA2v2YQAMOmUBjP5lAjvyYQA0UmUBfNZlAfjmZQE44mUASSJlAGkSZQHJd
mUC0U5lAVC6ZQKVrmUBLSZlAdkWZQCVgmUB8c5lA5n+ZQF1dmUBdo5lAA5KZQB18mUCKsZlA
/IeZQFCOmUA3mJlAu86ZQDG9mUD9tZlAHsiZQHnJmUD5nplAXtOZQM22mUD36plAzN2ZQNfh
mUBb2JlAcB+aQDERmkBlzplAIsaZQGYVmkAe45lAkR6aQCQQmkA//JlArgKaQHYamkDJGZpA
JSCaQNNAmkAoLppAlUeaQJNEmkBxM5pAlzuaQJMxmkCjUZpAcB2aQDo2mkDgYppA8XSaQPh2
mkAPXJpAeE6aQJ6QmkBoiZpAQE2aQO1cmkCAmJpAx7GaQPOWmkD5yZpAjpGaQJ+CmkAnqppA
PqyaQECDmkBox5pAt92aQGHAmkD/wJpAJtaaQHLVmkC66ZpAcOeaQPEEm0BY8JpAvO+aQIMo
m0D/uppA6NOaQGkWm0CO6JpAtg2bQDP+mkBk5ppATu+aQLc1m0DIEJtAuRSbQAUhm0DwFptA
6hWbQOpJm0B4L5tAZhqbQMQ5m0C0dJtAYyubQDkym0Bkd5tAD1ObQPZKm0DzbptA2jmbQOda
m0BmY5tA8FObQO9nm0CDTptA+2ybQNyQm0DJmZtAQ52bQAWAm0AMmJtAqK2bQDyJm0CrqJtA
vKqbQIGTm0BWuJtAn6KbQHLKm0B1pZtArKubQGbEm0C4pptAktSbQN3sm0Ca0ZtAM/ibQHjo
m0CYwptAs/qbQPvim0Ag2JtAORGcQEoDnEDx95tAI96bQG8knEAVDZxAx/ObQC8FnEDEEJxA
qsibQPo1nEBqTpxAzxKcQKconEAoIZxAFkacQGs6nECzWJxAeCKcQKYxnEBMUpxAwFKcQEOR
nEA1dJxAoU+cQAFSnEC8VJxA9XCcQKponEAJVpxAZoycQOdLnECcgJxAMXWcQNevnEAhZZxA
b5ycQKGBnEAzhpxAkHmcQD56nEDxp5xAraKcQOeQnEAXX5xAj6ScQCmEnEDyiZxAH8ScQGep
nEBTtZxAFbKcQMnhnECvsZxAEr+cQEHNnED1v5xA3tGcQLzOnEAWu5xAEL2cQGzunEBqA51A
88ecQMoNnUAcJ51ABhGdQK4BnUAyEp1A</AssayYData></Step><Step><CommonData><SampleLocation>3</SampleLocation><SampleID>Octet Buffer</SampleID><SampleGroup></SampleGroup><SampleInfo></SampleInfo><SampleRow>I</SampleRow><SamplePlate>1</SamplePlate><WellType>BUFFER</WellType><Concentration>-1</Concentration><ConcentrationUnits>µg/ml</ConcentrationUnits><MolarConcentration>-1</MolarConcentration><MolarConcUnits>nM</MolarConcUnits><MolecularWeight>0</MolecularWeight><Temperature>30</Temperature><StartTime>4501830</StartTime><AssayTime>100</AssayTime></CommonData><FlowRate>1000</FlowRate><StepType>BASELINE</StepType><StepName>Baseline</StepName><StepStatus>OK</StepStatus><ActualTime>100.001</ActualTime><CycleTime>0.2</CycleTime><AssayXData Points="500">ZAB1RZsDdUXKBnVF/gl1RTUNdUVkEHVFlxN1RcoWdUUCGnVFMR11RWQgdUWbI3VFyiZ1Rf4p
dUU1LXVFZDB1RZczdUXONnVFAjp1RTU9dUVkQHVFl0N1RcpGdUUCSnVFMU11RWhQdUWbU3VF
ylZ1RQJadUU1XXVFZGB1RZtjdUXKZnVFAmp1RTFtdUVkcHVFl3N1Rc52dUX+eXVFNX11RWSA
dUWXg3VFyoZ1RQKKdUU1jXVFZJB1RZeTdUXKlnVF/pl1RTGddUVkoHVFl6N1RcqmdUX+qXVF
Na11RWiwdUWXs3VFyrZ1Rf65dUU1vXVFZMB1RZvDdUXKxnVFAsp1RTXNdUVo0HVFm9N1RcrW
dUX+2XVFMd11RWTgdUWX43VFzuZ1RQLqdUU17XVFaPB1RZfzdUXO9nVF/vl1RTH9dUVkAHZF
lwN2RcoGdkUCCnZFMQ12RWgQdkWXE3ZFyhZ2Rf4ZdkU1HXZFZCB2RZsjdkXKJnZFAip2RTEt
dkVkMHZFlzN2Rco2dkX+OXZFMT12RWhAdkWbQ3ZFykZ2RQJKdkU1TXZFZFB2RZdTdkXKVnZF
/ll2RTFddkVoYHZFl2N2RcpmdkX+aXZFMW12RWhwdkWbc3ZFynZ2Rf55dkUxfXZFZIB2RZeD
dkXOhnZFAop2RTGNdkVkkHZFl5N2RcqWdkX+mXZFMZ12RWSgdkWXo3ZFzqZ2RQKqdkU1rXZF
aLB2RZezdkXKtnZF/rl2RTG9dkVkwHZFl8N2RcrGdkUCynZFNc12RWjQdkWX03ZFytZ2Rf7Z
dkUx3XZFaOB2RZfjdkXO5nZFAup2RTHtdkVk8HZFm/N2Rc72dkX++XZFNf12RWQAd0WbA3dF
ygZ3Rf4Jd0U1DXdFaBB3RZsTd0XOFndF/hl3RTEdd0VoIHdFlyN3Rcomd0X+KXdFMS13RWgw
d0WXM3dFyjZ3Rf45d0UxPXdFZEB3RZtDd0XKRndF/kl3RTVNd0VoUHdFl1N3Rc5Wd0X+WXdF
MV13RWRgd0WXY3dFzmZ3RQJqd0UxbXdFaHB3RZtzd0XOdndF/nl3RTF9d0VogHdFm4N3Rc6G
d0UCindFMY13RWiQd0WXk3dFypZ3Rf6Zd0UxnXdFZKB3RZujd0XKpndFAqp3RTGtd0VksHdF
m7N3Rc62d0X+uXdFMb13RWTAd0WXw3dFysZ3Rf7Jd0U1zXdFaNB3RZvTd0XO1ndFAtp3RTHd
d0Vo4HdFl+N3Rcrmd0X+6XdFNe13RWTwd0Wb83dFzvZ3RQL6d0U1/XdFaAB4RZsDeEXKBnhF
Agp4RTENeEVkEHhFlxN4RcoWeEUCGnhFNR14RWggeEWXI3hFziZ4Rf4peEVJLXhFZDB4RZcz
eEXONnhF/jl4RTE9eEVoQHhFl0N4RcpGeEX+SXhFNU14RWRQeEWXU3hFzlZ4RQJaeEU1XXhF
ZGB4RZtjeEXOZnhF/ml4RTFteEVkcHhFm3N4Rc52eEX+eXhFMX14RWiAeEWbg3hFzoZ4Rf6J
eEU1jXhFZJB4RZuTeEXKlnhF/pl4RTWdeEVkoHhFl6N4Rc6meEX+qXhFNa14RWSweEWXs3hF
yrZ4Rf65eEU1vXhFaMB4RZfDeEXOxnhF/sl4RTHNeEVk0HhFl9N4RcrWeEX+2XhFNd14RWjg
eEWb43hFyuZ4Rf7peEU17XhFZPB4RZfzeEXK9nhFAvp4RTX9eEVoAHlFmwN5RcoGeUUCCnlF
NQ15RWQQeUWbE3lF0xZ5Rf4ZeUU1HXlFZCB5RZcjeUXKJnlF/il5RTEteUVoMHlFlzN5Rc42
eUX+OXlFNT15RWRAeUWbQ3lFykZ5Rf5JeUU1TXlFZFB5RZdTeUXOVnlFAlp5RTFdeUVoYHlF
l2N5RcpmeUX+aXlFNW15RWRweUWXc3lFznZ5RQJ6eUU1fXlFZIB5RZuDeUXKhnlF/ol5RTGN
eUVkkHlFl5N5Rc6WeUX+mXlFMZ15RWigeUWXo3lFzqZ5RQKqeUU1rXlFZLB5RZezeUXKtnlF
Arp5RTW9eUVowHlFm8N5RcrGeUUCynlFNc15RWjQeUWX03lFytZ5Rf7ZeUUx3XlFZOB5RZvj
eUXK5nlF/ul5RTHteUVo8HlFl/N5Rc72eUX++XlFMf15RWQAekWXA3pFygZ6RQIKekU1DXpF
aBB6RZsTekXKFnpF/hl6RTEdekVkIHpFlyN6RcomekX+KXpFNS16RWQwekWXM3pFzjZ6Rf45
ekUxPXpFZEB6RZdDekXKRnpF/kl6RTVNekVoUHpFl1N6RcpWekX+WXpFNV16RWhgekWXY3pF
ymZ6RQJqekUxbXpFZHB6RZtzekXKdnpF/nl6RTF9ekVkgHpFl4N6RcqGekUCinpFMY16RWSQ
ekWbk3pFypZ6RQKaekUxnXpFZKB6RZejekXKpnpF/ql6RTGtekVosHpFl7N6Rc62ekX+uXpF
Nb16RWjAekWXw3pFysZ6Rf7JekUxzXpFaNB6RZfTekXK1npF/tl6RTXdekVk4HpFm+N6Rcrm
ekX+6XpFNe16RWTwekWX83pFzvZ6Rf75ekUx/XpFZAB7RZsDe0XOBntF/gl7RTENe0VkEHtF
lxN7RcoWe0X+GXtFNR17RWQge0WXI3tFyiZ7RQIqe0U1LXtFbDB7RZcze0XONntF/jl7RTU9
e0U=</AssayXData><AssayYData Points="500">46KcQJsCnUDQ9JxAPwCdQMUXnUBdJ51AYiydQEBEnUCONJ1A4S6dQJwtnUCEaJ1AkyidQPNm
nUCFZJ1AJzqdQPRmnUDpXZ1A9lidQExLnUDRUp1AlCedQMNYnUBMop1AJmWdQAJWnUDSd51A
y1mdQLRMnUAXX51AJ1KdQBFpnUCeRp1A2U2dQE9ynUBTZJ1AhImdQOJlnUD6c51AY2mdQI5P
nUAngZ1Ap3SdQPRmnUApX51AsWydQMtsnUAdWp1AtpSdQFhbnUArpJ1A5GSdQDSCnUB5Xp1A
CT6dQD5ynUBNYp1AkHGdQL+PnUCinJ1Am3GdQCF7nUCLZ51A1GCdQF+KnUByeJ1Am3qdQLKL
nUCRSJ1AdX2dQI5snUC2np1AzZedQDtcnUAqZJ1AbYudQCZwnUBLcp1AYaOdQBJNnUDpZp1A
cX6dQHRqnUDecp1AJGmdQN6CnUARYJ1Au2edQOVonUBUep1AZqGdQDlXnUA+XJ1ATpSdQM1s
nUCRdp1A+nOdQCpfnUDWfp1A+oOdQDqUnUDjcZ1AN1udQGyUnUCreJ1AqoKdQO6LnUD4dp1A
M5edQHOknUDNhZ1AcmmdQC2bnUDboJ1Ah56dQCBbnUC/dJ1AL5KdQP6LnUDjgZ1AI2adQA5t
nUCClJ1A+oidQBJ/nUAqn51A14OdQKh3nUCudJ1ADo+dQAmUnUCUhJ1ALJudQFxrnUBwhp1A
14idQNeJnUBDb51AaY2dQLxinUDNk51AlpCdQABvnUB7gZ1ARJydQDyQnUDZW51Aa4+dQG6h
nUCdZ51AH5WdQM2MnUC3mJ1AuWWdQIB5nUB+lZ1AWI6dQDWanUA8pJ1AqZKdQECZnUDdj51A
L5CdQD2jnUDtl51AG4idQNeUnUDxop1AOXmdQON+nUAIt51ASaadQKNxnUDIZ51Ap3idQFZ8
nUDwxJ1ADqadQCCjnUCokZ1Af6KdQDt3nUBgpZ1AQaedQLWSnUByWJ1AaJydQMyEnUDerJ1A
RLydQG9xnUAohZ1AwaedQHucnUBcc51ARKSdQD6pnUCxj51AC76dQLCTnUBglZ1AzoqdQDrL
nUAliJ1An52dQNyXnUD0jp1A66SdQFWSnUC8Up1AuIudQI2rnUBQpp1AW5udQCaKnUCMnJ1A
rsqdQCumnUD9l51A9K+dQKyZnUCSmp1A0aqdQC6qnUDBtZ1AUcCdQG+InUDzop1AmnOdQHl0
nUCjsp1A66idQAyDnUDxpZ1ATbCdQDKhnUDNyJ1AlbedQByPnUDGjp1ApJ+dQPiYnUDMh51A
Zp6dQFKTnUA+rp1A4OSdQK6HnUCisp1AxpSdQCWjnUDdo51AhMGdQOq1nUD6g51ASredQMvC
nUCaqJ1Ah7WdQFnEnUA/pp1Ac7edQMm8nUDvsJ1AYaudQNCknUAisZ1AZ8GdQI3EnUDhup1A
jK+dQDTAnUAasJ1A2aCdQMmonUAdrZ1AG6CdQE27nUBPpp1A+3mdQACYnUAfn51As7OdQLOj
nUB0v51AhsGdQMG8nUD8zp1AXbadQP2RnUDCuJ1AEbOdQEm3nUAanJ1AurCdQEqznUBTpJ1A
JrCdQN26nUCKx51AZc2dQPXHnUC4rp1ApKqdQOXbnUBvs51A16qdQJ/LnUCx1Z1AEdKdQHS7
nUDH7J1A3MmdQKW3nUB9q51AR6WdQKHRnUDQ1p1A66WdQNrHnUAUzZ1AnrCdQEC6nUCRz51A
I92dQM7XnUASqp1A0bSdQNSdnUCa9p1AW8GdQArLnUAg4Z1A/M2dQM/GnUCJx51AZ8qdQE3D
nUB1051Ae7OdQD7DnUB3uJ1AMrSdQHi6nUA+yJ1Aw9ydQCTXnUDzzp1AqtydQMHvnUDcyJ1A
b+mdQA7bnUDMn51AFQCeQIHJnUA71J1AU7adQCPrnUAPy51AgbadQKLEnUDPtZ1A9PCdQLzJ
nUCg551AZNadQGi/nUC63J1ANrWdQLipnUA+up1AorWdQEHSnUCAyZ1Ae4idQK/WnUATx51A
47+dQLS4nUC5y51AzdedQHrKnUCotJ1ANOmdQJHcnUAs8Z1AY96dQPe7nUBn0J1A1dydQILX
nUAelZ1At7idQNTVnUBZup1AIMadQGLPnUCJ5J1AcbydQPbcnUDSvJ1A5OOdQPT4nUCOxZ1A
aAaeQAvBnUACxZ1A1M2dQODcnUAyq51A88GdQLPrnUDa2J1AL8WdQN+knUDR4Z1Aw9OdQHro
nUCa051ALN2dQEUTnkDg251A/9idQI2+nUBd3J1AD/CdQGWinUAnEp5AXeSdQDTJnUC54J1A
O92dQNvcnUDy7Z1AGNydQLH1nUAp851AlOudQDfUnUB+xZ1AGuqdQD6/nUAB5J1AYe6dQF3P
nUALCp5AK96dQIv5nUCm1J1AENidQHgLnkA67p1AEMqdQPfenUAut51A7rGdQNTlnUAa1p1A
z+ydQHbnnUB33J1AaPCdQD75nUCHAp5AJM+dQCj7nUCJ7Z1AGeCdQGX8nUBF9Z1AKeedQEz+
nUA9651Ap+OdQFfCnUBvCZ5A4NydQFftnUB6BZ5Aw/SdQF/ZnUDcCZ5ASSWeQBPJnUAp4p1A
kP6dQLT3nUAD+Z1AKAOeQJLxnUCB151AsDeeQBPbnUBZ8Z1AWgGeQETgnUCB651AdhqeQIXq
nUA=</AssayYData></Step><Step><CommonData><SampleLocation>4</SampleLocation><SampleID>hsCD3d/e_Acro_CDD-H52W1</SampleID><SampleGroup></SampleGroup><SampleInfo></SampleInfo><SampleRow>I</SampleRow><SamplePlate>1</SamplePlate><WellType>KSAMPLE</WellType><Concentration>-1</Concentration><ConcentrationUnits>µg/ml</ConcentrationUnits><MolarConcentration>12.5</MolarConcentration><MolarConcUnits>nM</MolarConcUnits><MolecularWeight>0</MolecularWeight><Temperature>30</Temperature><StartTime>4610129</StartTime><AssayTime>180</AssayTime></CommonData><FlowRate>1000</FlowRate><StepType>ASSOC</StepType><StepName>Association</StepName><StepStatus>OK</StepStatus><ActualTime>180.001</ActualTime><CycleTime>0.2</CycleTime><AssayXData Points="900">aEB7RZtDe0XORntFAkp7RTVNe0VoUHtFm1N7Rc5We0UGWntFOV17RWhge0WfY3tFzmZ7RQZq
e0U1bXtFbHB7RZtze0XOdntFAnp7RTl9e0VsgHtFm4N7Rc6Ge0UCintFOY17RWyQe0Wfk3tF
zpZ7RQKae0U1nXtFaKB7RZ+je0XSpntFBqp7RTmte0VosHtFm7N7Rc62e0UCuntFOb17RWjA
e0Wfw3tFzsZ7RQLKe0U1zXtFaNB7RZ/Te0XO1ntFAtp7RTXde0Vs4HtFm+N7Rc7me0UG6ntF
Oe17RWzwe0Wf83tFzvZ7RQb6e0U1/XtFaAB8RZ8DfEXSBnxFAgp8RTUNfEVoEHxFnxN8Rc4W
fEUCGnxFNR18RWwgfEWfI3xFziZ8RQIqfEU1LXxFaDB8RZszfEXONnxFBjp8RTU9fEVoQHxF
n0N8Rc5GfEUCSnxFOU18RWhQfEWfU3xFzlZ8RQJafEU5XXxFbGB8RZtjfEXSZnxFAmp8RTVt
fEVscHxFm3N8Rc52fEUCenxFNX18RWyAfEWbg3xFzoZ8RQKKfEU1jXxFaJB8RZ+TfEXSlnxF
Bpp8RTmdfEVooHxFm6N8Rc6mfEUCqnxFOa18RWiwfEWbs3xFzrZ8RQK6fEU5vXxFaMB8RZvD
fEXSxnxFBsp8RTnNfEVs0HxFm9N8Rc7WfEUC2nxFOd18RWjgfEWb43xFzuZ8RQLqfEU57XxF
aPB8RZ/zfEXS9nxFAvp8RTn9fEVoAH1FmwN9RdIGfUUGCn1FOQ19RWgQfUWbE31FzhZ9RQYa
fUU5HX1FaCB9RZ8jfUXOJn1FAip9RTktfUVoMH1FmzN9Rc42fUUGOn1FNT19RWxAfUWbQ31F
zkZ9RQJKfUU5TX1FaFB9RZtTfUXSVn1FBlp9RTldfUVoYH1Fn2N9Rc5mfUUGan1FNW19RWhw
fUWbc31F0nZ9RQJ6fUU1fX1FaIB9RZuDfUXOhn1FAop9RTWNfUVokH1Fm5N9Rc6WfUUGmn1F
OZ19RWigfUWfo31FzqZ9RQKqfUU1rX1FaLB9RZ+zfUXOtn1FArp9RTW9fUVowH1Fn8N9Rc7G
fUUCyn1FOc19RWjQfUWf031FztZ9RQbafUU13X1FaOB9RZvjfUXO5n1FAup9RTXtfUVs8H1F
m/N9Rc72fUUG+n1FOf19RWgAfkWbA35F0gZ+RQYKfkU1DX5FbBB+RZ8TfkXSFn5FBhp+RTUd
fkVsIH5FmyN+RdImfkUGKn5FOS1+RWwwfkWjM35F0jZ+RQY6fkU1PX5FaEB+RZtDfkXSRn5F
Bkp+RTVNfkVoUH5Fn1N+RdJWfkUCWn5FOV1+RWhgfkWfY35FzmZ+RQZqfkU1bX5FbHB+RZtz
fkXOdn5FBnp+RTV9fkVogH5Fm4N+Rc6GfkUGin5FOY1+RWiQfkWbk35FzpZ+RQKafkU5nX5F
aKB+RZujfkXSpn5FAqp+RTWtfkVosH5Fm7N+RdK2fkUGun5FNb1+RWjAfkWbw35FzsZ+RQLK
fkU5zX5FaNB+RZvTfkXO1n5FAtp+RTXdfkVs4H5Fm+N+Rc7mfkUC6n5FNe1+RWjwfkWf835F
zvZ+RQL6fkU5/X5FaAB/RZsDf0XOBn9FAgp/RTUNf0VoEH9FnxN/RdIWf0UCGn9FNR1/RWgg
f0WfI39F0iZ/RQIqf0U5LX9FaDB/RZszf0XONn9FAjp/RTU9f0VoQH9Fm0N/Rc5Gf0UCSn9F
NU1/RWhQf0WfU39FzlZ/RQJaf0U1XX9FbGB/RZtjf0XOZn9FBmp/RTVtf0VocH9Fn3N/Rc52
f0UCen9FNX1/RWiAf0Wbg39FzoZ/RQKKf0U1jX9FaJB/RZ+Tf0XSln9FBpp/RTWdf0VooH9F
n6N/Rc6mf0UCqn9FOa1/RWiwf0Wfs39FzrZ/RQa6f0U1vX9FaMB/RZ/Df0XOxn9FAsp/RTXN
f0Vo0H9Fm9N/Rc7Wf0UC2n9FNd1/RWjgf0Wb439FzuZ/RQbqf0U17X9FbPB/RZvzf0XO9n9F
Bvp/RTX9f0U2AIBF0AGARWcDgEUBBYBFnAaARTQIgEXQCYBFZwuARQENgEWaDoBFNBCARc4R
gEVnE4BFAxWARZoWgEU2GIBFzhmARWcbgEUDHYBFnB6ARTQggEXOIYBFZyOARQElgEWaJoBF
NiiARc4pgEVpK4BFAS2ARZwugEU0MIBF0DGARWkzgEUDNYBFmjaARTY4gEXQOYBFaTuARQM9
gEWcPoBFNkCARc5BgEVnQ4BFAUWARZxGgEU2SIBFzkmARWlLgEUDTYBFmk6ARTZQgEXQUYBF
Z1OARQNVgEWaVoBFNliARc5ZgEVnW4BFAV2ARZxegEU0YIBF0GGARWdjgEUBZYBFnGaARTRo
gEXOaYBFZ2uARQFtgEWcboBFNHCARc5xgEVpc4BFAXWARZp2gEU0eIBFznmARWd7gEUBfYBF
mn6ARTaAgEXQgYBFZ4OARQGFgEWchoBFNoiARc6JgEVpi4BFA42ARZyOgEU2kIBF0JGARWeT
gEUBlYBFmpaARTaYgEXOmYBFaZuARQGdgEWcnoBFNKCARc6hgEVpo4BFAaWARZqmgEU0qIBF
zqmARWergEUDrYBFmq6ARTSwgEXQsYBFZ7OARQG1gEWatoBFNriARc65gEVnu4BFA72ARZy+
gEU0wIBFzsGARWfDgEUDxYBFnMaARTTIgEXOyYBFZ8uARQHNgEWazoBFNNCARc7RgEVn04BF
AdWARZrWgEU02IBFztmARWnbgEUB3YBFmt6ARTbggEXQ4YBFZ+OARQHlgEWc5oBFNuiARc7p
gEVr64BFAe2ARZzugEU08IBFzvGARWnzgEUB9YBFmvaARTT4gEXO+YBFZ/uARQH9gEWc/oBF
NgCBRc4BgUVpA4FFAwWBRZoGgUU0CIFFzgmBRWcLgUUDDYFFnA6BRTYQgUXOEYFFZxOBRQMV
gUWcFoFFNBiBRc4ZgUVnG4FFAx2BRZoegUU2IIFFziGBRWcjgUUBJYFFmiaBRTQogUXQKYFF
aSuBRQUtgUWaLoFFNDCBRdAxgUVpM4FFATWBRZw2gUU0OIFF0DmBRWc7gUUBPYFFmj6BRTRA
gUXOQYFFZ0OBRQFFgUWcRoFFNEiBRdBJgUVnS4FFAU2BRZxOgUU2UIFFzlGBRWlTgUUDVYFF
mlaBRTRYgUXOWYFFaVuBRQFdgUWaXoFFNGCBRc5hgUVnY4FFA2WBRZxmgUU0aIFFzmmBRWdr
gUUDbYFFnG6BRTRwgUXOcYFFZ3OBRQF1gUWadoFFNniBRc55gUVpe4FFA32BRZp+gUU0gIFF
zoGBRWeDgUUDhYFFmoaBRTSIgUXQiYFFZ4uBRQGNgUWajoFFNpCBRc6RgUVnk4FFAZWBRZqW
gUU2mIFFzpmBRWebgUUBnYFFnJ6BRTSggUXOoYFFZ6OBRQGlgUWapoFFNqiBRdCpgUVnq4FF
A62BRZqugUU0sIFF0LGBRWmzgUUDtYFFmraBRTS4gUXOuYFFZ7uBRQG9gUWcvoFFNMCBRc7B
gUVnw4FFA8WBRZrGgUU0yIFFzsmBRWfLgUUBzYFFms6BRTTQgUXO0YFFadOBRQHVgUWa1oFF
NtiBRc7ZgUVn24FFAd2BRZregUU04IFFzuGBRWfjgUUD5YFFmuaBRTbogUXO6YFFZ+uBRQHt
gUWc7oFFNvCBRc7xgUVn84FFA/WBRZz2gUU2+IFF0PmBRWf7gUUB/YFFnP6BRTQAgkXOAYJF
ZwOCRQEFgkWcBoJFNgiCRc4JgkVnC4JFAQ2CRZoOgkU0EIJFzhGCRWcTgkUBFYJFnBaCRTYY
gkXOGYJFZxuCRQEdgkWcHoJFNCCCRc4hgkVnI4JFASWCRZomgkU0KIJFzimCRWcrgkUBLYJF
nC6CRTYwgkXOMYJFaTOCRQM1gkWaNoJFNDiCRc45gkVrO4JFAT2CRZo+gkU0QIJFzkGCRWdD
gkUDRYJFmkaCRTRIgkXOSYJFZ0uCRQNNgkWaToJFNlCCRc5RgkVnU4JFAVWCRZpWgkU2WIJF
0FmCRWtbgkUBXYJFml6CRTRggkXOYYJFaWOCRQNlgkWaZoJFNGiCRdBpgkVpa4JFAW2CRZpu
gkU0cIJF0HGCRWdzgkUBdYJFmnaCRTZ4gkXOeYJFZ3uCRQF9gkWcfoJFNoCCRdCBgkVng4JF
AYWCRZyGgkU0iIJFzomCRWmLgkUDjYJFnI6CRTaQgkXQkYJFaZOCRQGVgkWaloJFNpiCRc6Z
gkVnm4JFAZ2CRZyegkU2oIJFzqGCRWejgkUDpYJFmqaCRTaogkXQqYJFZ6uCRQOtgkWaroJF
NLCCRc6xgkVps4JFAbWCRZq2gkU0uIJFzrmCRWm7gkUDvYJFnL6CRTbAgkXQwYJFacOCRQPF
gkWcxoJFNsiCRc7JgkVny4JFAc2CRZrOgkU00IJFztGCRWfTgkUB1YJFmtaCRTTYgkXQ2YJF
Z9uCRQPdgkWa3oJFNOCCRc7hgkVp44JFAeWCRZrmgkU06IJFzumCRWfrgkUD7YJFnO6CRTbw
gkXQ8YJFZ/OCRQP1gkWa9oJFNPiCRc75gkVn+4JFAf2CRZr+gkU0AINFzgGDRWcDg0UBBYNF
mgaDRTQIg0XQCYNFZwuDRQMNg0WaDoNFNhCDRc4Rg0VnE4NFARWDRZwWg0U0GINFzhmDRWcb
g0UDHYNFmh6DRTYgg0XQIYNFZyODRQElg0WcJoNFNCiDRc4pg0VnK4NFAy2DRZoug0U0MINF
0DGDRWkzg0UDNYNFmjaDRTQ4g0XQOYNFaTuDRQE9g0WcPoNF</AssayXData><AssayYData Points="900">qJGdQGS4nUDU/Z1Arg2eQIgRnkD0GJ5AUgmeQHIjnkDgHJ5AFEOeQOFJnkA2Pp5AmzKeQH4/
nkAKSZ5AjVieQApgnkBGU55ArImeQHdmnkB8X55AZ1qeQK+enkCdW55ArFieQGKCnkCeVp5A
o36eQPyGnkC/Y55A/2aeQKyEnkDdip5A3W6eQBmknkDWiJ5AA3GeQDKbnkA2oJ5AP3eeQB94
nkDzi55AJHqeQDaSnkC2i55A2JOeQCBnnkA2fZ5A8Z2eQGWNnkCzj55AVoieQLV4nkANlp5A
5JaeQOCQnkAKiZ5ApZWeQA+pnkAUpZ5AbnmeQGiZnkBbl55A952eQF+5nkAbjJ5AiZ+eQMSX
nkBauZ5Al8yeQAq4nkComZ5A54ieQF/BnkApw55AEKOeQD6gnkBluJ5AqseeQCXOnkC1qJ5A
fLWeQF26nkAfrp5AFLGeQJXVnkA90p5AHbmeQKkAn0Dzsp5A2JqeQFXrnkBC2J5A58GeQK2n
nkAGCp9Ae76eQOvVnkD02Z5ANuGeQHWwnkAY2J5AC96eQOHKnkCXBJ9A3tqeQC0jn0CrB59A
UeieQLnlnkAF7Z5AZPieQJYDn0BY855AO7qeQCTrnkBC555AF++eQPPynkBE3J5AatKeQCXW
nkBIvp5AO9+eQH3unkCE955APO+eQLkFn0Bf955A9f2eQOwDn0CL/p5AwQqfQL8Yn0BI7J5A
lfWeQCkMn0BpIZ9Agf2eQJIrn0BJD59AgQ6fQFoKn0BnRp9AcQmfQGo7n0DtB59A/CmfQPgv
n0CLHp9AzxqfQJ8Cn0CwDp9AICSfQKcCn0AfEZ9AxDefQGsan0DeJp9AJxqfQFAPn0BVHJ9A
M0afQLsBn0AB755Alz2fQAsHn0BnHZ9AuyefQHRRn0CmIZ9A/DmfQFc6n0DSDJ9A5jGfQKlG
n0CCQp9AMkWfQNENn0CZJZ9A6yKfQH4mn0A1Rp9AchOfQBczn0AhWJ9AGUGfQGxFn0Afbp9A
EVufQAxLn0BpWp9Ak0SfQLwgn0D5Xp9AeWafQIRmn0DcVJ9AyD2fQF1Rn0BdZp9AP1mfQPUw
n0CmTp9Ab1GfQOdKn0B1YZ9AiEyfQN9En0DGWZ9A4HCfQBZIn0DRWZ9Aq06fQEhon0DuWp9A
WzafQPtXn0BWYZ9AKXSfQCd/n0C9VZ9A+G6fQG1yn0BTZ59ArH2fQBiBn0BJXJ9AFF2fQKaN
n0DHdZ9A81SfQMiAn0AvYp9AFn6fQI+cn0Bocp9AGH2fQEK4n0CZnZ9AnlafQFeOn0DKe59A
b12fQKhcn0DKsZ9AUGyfQIqZn0CCi59ArIOfQCCHn0CymJ9Ac5GfQE+Xn0Cqi59AUJOfQKJ5
n0ADg59An6efQKurn0BFpJ9A2pSfQLmVn0Adg59AkLmfQP+nn0DVl59AGbifQBisn0CMrJ9A
apefQC+vn0BWq59AAIKfQBbIn0AYkJ9AfsGfQEyJn0BfoZ9A7IufQKq1n0Ccqp9AUqmfQGi/
n0AqwZ9AKq6fQEbZn0BmwJ9AmqafQJu2n0AxtZ9AhpmfQIDKn0CDwZ9Abq6fQKaLn0AByJ9A
UJefQP60n0Cj759A1rufQALLn0ABw59AqLafQDrCn0BJuZ9AkMWfQPO0n0Bj9Z9AE9WfQFLm
n0AA2p9AaxCgQOrMn0Bp059AqdCfQBWcn0AKwp9ASa+fQIazn0DyrZ9Akh2gQO3hn0CDyp9A
fsWfQCXIn0A38p9AOvmfQFPpn0Azt59AiMifQKrBn0ApzJ9AbNWfQFf4n0B4wp9A7OifQK7U
n0Ar659AMuKfQOntn0Dh559A68OfQGXpn0AD7Z9A5+ufQOXRn0Ci0p9A+N6fQIvVn0Cr+Z9A
fOOfQNfPn0DJCaBAsPWfQCDwn0C2AqBA5vOfQMTmn0AO3J9A/QugQL8SoEAyAKBAWP2fQHUf
oEDJAaBA6vafQOf8n0Cq8Z9AbRqgQOT+n0Dc6p9AXhSgQNTun0C36Z9AGyagQAQuoEATH6BA
tRWgQOEqoEAXCaBA2O2fQNAroECKG6BAQQqgQNb5n0Du9Z9ARRugQKoioEDCQKBAnQ2gQCco
oEBAFqBAnhugQOIRoEC9IqBAAhWgQIELoECKHKBApDegQO4aoECObqBAJyugQEgroEByRKBA
OjOgQNRCoEDKP6BALVagQKIooEBFPqBAtyagQHYpoEDGRqBAKD+gQO8ZoEApL6BAKDigQEgw
oED1S6BAjU2gQKo3oECMKKBAIF6gQDM8oEA9SqBAzSqgQFQroECnKqBAlGCgQN1ZoEBZN6BA
cySgQCtLoEAPKqBAOHCgQEJboEDYJaBAVFigQLcxoECrbqBAAjmgQLRqoECQQKBAhFKgQEVR
oEDhSaBAO16gQDldoEDdeaBA7VagQGtZoEC9bKBAdEugQG5RoECtl6BAxDmgQGWQoEDVQqBA
emWgQIhWoECcPaBA7D6gQCFeoECYgKBAvUigQLV9oEAcTqBA23mgQCZioEBTVqBAsHSgQANU
oEBaUaBA7l6gQGVyoEBrZ6BAD32gQD9moEAaUaBA+FCgQEd8oEAhWKBAg1GgQPqBoEC+X6BA
Wo6gQJx9oECbfKBAM3mgQC9yoECYjqBAO1+gQDyeoEDqe6BAnYagQHl2oEAfcKBAfnCgQIds
oECjbqBAv3igQG1toECepaBA+JKgQIRaoEDvkKBADIOgQFZdoECffqBAUoigQNSCoEAsmaBA
C5qgQPluoED5i6BAorSgQOuIoECNmKBAYKmgQAKsoEA2g6BADsOgQKt6oEBGpaBAlLWgQL2s
oEAfa6BAFqWgQH+FoEBliKBAEsigQNeyoECRjKBAm3ygQOGgoEArpaBA0JOgQB7UoECrtaBA
05agQMCKoEBvrqBAS7qgQKiooEBlw6BA15OgQJuwoEAjsKBAQIOgQBOooECTsaBAhtCgQGKT
oEDMr6BA9q2gQPrMoEBsvqBAx6+gQCKqoEBGyKBAvLagQOakoED12aBALb6gQE/AoECFq6BA
vbegQPjDoEB9tKBA+9CgQKChoEDcpKBAdN6gQIPIoEDtwaBAC7+gQJH+oEB3tKBAqLGgQOHV
oECIuKBAYKCgQLjDoEDA3KBA4bigQP30oEDFzKBA5begQD+goECLrqBAOPCgQJTtoEBkxqBA
R+agQITtoED90qBAF8KgQHTnoECd5KBAicegQJS6oEARwKBAic2gQIz6oECf26BAH8SgQAnL
oEAG+KBAeMOgQBPWoEC21qBAV+qgQFHAoEA936BA29egQLzGoEBVBqFAUBChQPvLoEAC2aBA
9+ygQBKaoEBozqBAatmgQL/poEBC5qBALvigQHbVoEA1uqBAZAGhQNT5oEDUxqBAdwqhQJsE
oUCi8qBAzfWgQEL3oECQ8aBAndugQC4PoUAM66BAauKgQMr7oEBZ4qBAk96gQHjooED57aBA
E9KgQNoIoUBH86BAsNWgQNUioUBy66BAT+6gQJn3oEDa3qBAv+mgQDH0oEC66aBANCChQJX2
oEAK8KBAKSShQGD2oECT8KBAQfqgQBLwoEDcGqFABw2hQOrXoEBG+qBAmOagQF70oEBg5aBA
6QOhQOoXoUBq76BAzyShQKD/oEAhDaFAFPigQOoSoUCJ26BARiChQJjqoECEDaFAhPmgQIYH
oUCc9aBA1fygQHIhoUBLC6FA6QahQJ8soUCKCqFACgihQAoxoUCZA6FAhu2gQAVDoUD2MaFA
/QqhQOcjoUAeIqFAuBmhQAEXoUCaMqFAuBChQMMZoUCLUaFAQEGhQD1HoUCzFaFArQ6hQBj5
oEBuGKFAzSahQI0WoUCoXqFACjmhQG8XoUA1MaFAhDehQNUXoUDoLKFAIU+hQFEcoUBTMKFA
tj+hQGUpoUB0OaFARDihQJ04oUBUE6FAoCWhQLE0oUBi/KBANymhQLVGoUCVGqFA6jqhQHEw
oUAiUaFAxhahQPtOoUDCNKFAOjahQI4voUAeEqFA1y+hQH1DoUDkW6FAqEShQLA+oUD6RaFA
iCOhQC88oUDkJqFA3yKhQJBJoUCvVqFA8CehQNAmoUBMbaFAmT+hQNFNoUD5T6FANimhQMse
oUBhS6FAOmGhQHU6oUA7UKFAXjihQJ9roUCNZ6FAYkGhQNNPoUCkPKFAiUehQI9ooUDdK6FA
onyhQJlaoUB2TaFAFVKhQP9XoUCvUaFA0FyhQJNloUCWOqFANjmhQL5soUAfMaFAqHChQDFk
oUCeZqFA3FOhQDmGoUC5eqFACSahQB5ioUAifqFAklahQH04oUAFTaFArEuhQHRcoUCkPaFA
bVWhQHxOoUAQSKFAx1ChQOpjoUBpUaFAKEahQL5AoUBslqFAdYmhQAhaoUCkXaFAX2ihQBJx
oUANgqFAiYyhQHRjoUC0eaFAqYihQFBgoUCMZqFA4oWhQDV7oUBNO6FAtYGhQHBhoUDNfKFA
HXqhQGJ0oUBygaFAbGehQNKAoUBldKFAoaKhQK6aoUAEbKFAroyhQD6PoUDkhaFAk5KhQH59
oUBPjKFAWXihQOyPoUBsWaFA5XWhQLBmoUA4eKFASXehQMCLoUDXaaFAmHKhQAmPoUCUp6FA
2W2hQN96oUB8kqFA2m2hQKqhoUBsj6FAu5yhQGqKoUCnc6FAsaGhQDWJoUDKb6FAtnehQJJ1
oUBGj6FAMIShQDOToUAAaqFAuJ2hQFKRoUCbr6FA54qhQIuSoUCofKFAUpihQNyMoUAJVaFA
hXyhQGTNoUARk6FAHo6hQEawoUCkgqFADnahQO6QoUBhkqFA</AssayYData></Step><Step><CommonData><SampleLocation>3</SampleLocation><SampleID>Octet Buffer</SampleID><SampleGroup></SampleGroup><SampleInfo></SampleInfo><SampleRow>I</SampleRow><SamplePlate>1</SamplePlate><WellType>BUFFER</WellType><Concentration>-1</Concentration><ConcentrationUnits>µg/ml</ConcentrationUnits><MolarConcentration>-1</MolarConcentration><MolarConcUnits>nM</MolarConcUnits><MolecularWeight>0</MolecularWeight><Temperature>30</Temperature><StartTime>4798212</StartTime><AssayTime>300</AssayTime></CommonData><FlowRate>1000</FlowRate><StepType>DISASSOC</StepType><StepName>Dissociation</StepName><StepStatus>OK</StepStatus><ActualTime>300</ActualTime><CycleTime>0.2</CycleTime><AssayXData Points="1500">NkCDRdBBg0VpQ4NFA0WDRZxGg0U6SINF0kmDRWlLg0UFTYNFnk6DRThQg0XSUYNFaVODRQNV
g0WcVoNFNliDRdBZg0VpW4NFA12DRZ5eg0U2YINF0GGDRWljg0UDZYNFnGaDRTZog0XQaYNF
aWuDRQVtg0WcboNFNnCDRdBxg0Vrc4NFA3WDRZx2g0U4eINF0nmDRWl7g0UFfYNFnn6DRTaA
g0XQgYNFaYODRQWFg0WehoNFNoiDRdCJg0Vri4NFBY2DRZyOg0U2kINF0JGDRWmTg0UZlYNF
npaDRTaYg0XSmYNFaZuDRQOdg0WcnoNFNqCDRdKhg0Vpo4NFBaWDRZymg0U4qINF0KmDRWmr
g0UDrYNFnK6DRTawg0XSsYNFa7ODRQO1g0WetoNFNriDRdK5g0Vpu4NFBb2DRZy+g0U4wINF
0MGDRWnDg0UDxYNFnMaDRTbIg0XSyYNFacuDRQXNg0WezoNFNtCDRdDRg0Vp04NFBdWDRZ7W
g0U42INF0NmDRWnbg0UD3YNFnN6DRTbgg0XQ4YNFaeODRQflg0Wc5oNFNuiDRdDpg0Vp64NF
Be2DRZzug0U28INF0PGDRWvzg0UD9YNFnvaDRTj4g0XQ+YNFafuDRQP9g0Wc/oNFOACERdIB
hEVpA4RFAwWERZ4GhEU2CIRF0AmERWkLhEUDDYRFng6ERTYQhEXQEYRFaROERQMVhEWcFoRF
NhiERdAZhEVpG4RFAx2ERZwehEU2IIRF0CGERWsjhEUDJYRFnCaERTYohEXQKYRFaSuERQUt
hEWeLoRFNjCERdAxhEVrM4RFBzWERZw2hEU2OIRF0DmERWk7hEUFPYRFnj6ERTZAhEXSQYRF
a0OERQVFhEWcRoRFNkiERdBJhEVrS4RFA02ERZxOhEU4UIRF0FGERWtThEUFVYRFnFaERTZY
hEXQWYRFaVuERQddhEWcXoRFNmCERdBhhEVrY4RFBWWERZxmhEU4aIRF0GmERWlrhEUDbYRF
nG6ERTZwhEXScYRFaXOERQN1hEWedoRFNniERdB5hEVre4RFA32ERZx+hEU2gIRF0IGERWmD
hEUDhYRFnoaERTaIhEXSiYRFaYuERQONhEWcjoRFNpCERdiRhEVpk4RFA5WERZ6WhEU4mIRF
0JmERWmbhEUFnYRFnJ6ERTaghEXQoYRFa6OERQOlhEWcpoRFNqiERdCphEVpq4RFA62ERZyu
hEU2sIRF0rGERWmzhEUDtYRFnraERTa4hEXQuYRFabuERQW9hEWevoRFNsCERdDBhEVpw4RF
BcWERZ7GhEU2yIRF0smERWnLhEUFzYRFns6ERTbQhEXQ0YRFa9OERTTVhEWe1oRFNtiERdLZ
hEVp24RFBd2ERZzehEU44IRF0OGERWvjhEUF5YRFnOaERYbohEXS6YRFa+uERQPthEWc7oRF
OPCERdLxhEVp84RFA/WERZz2hEU4+IRF0PmERWv7hEUD/YRFnP6ERTgAhUXQAYVFawOFRQMF
hUWcBoVFNgiFRdAJhUVpC4VFAw2FRZ4OhUU6EIVF0BGFRWsThUUDFYVFnBaFRTYYhUXQGYVF
aRuFRQMdhUWcHoVFNiCFRdAhhUVrI4VFAyWFRZ4mhUU2KIVF0CmFRWkrhUUDLYVFnC6FRTYw
hUXSMYVFaTOFRQU1hUWeNoVFODiFRdI5hUVrO4VFAz2FRZ4+hUU2QIVF0EGFRWtDhUUDRYVF
nkaFRThIhUXSSYVFaUuFRQVNhUWeToVFOFCFRdBRhUVpU4VFBVWFRZ5WhUU2WIVF0FmFRWlb
hUUFXYVFnl6FRTZghUXQYYVFa2OFRQNlhUWeZoVFNmiFRdJphUVpa4VFA22FRZ5uhUU2cIVF
0nGFRWlzhUUfdYVFnHaFRTZ4hUXQeYVFaXuFRQN9hUWcfoVFOICFRdCBhUVpg4VFA4WFRZyG
hUU4iIVF0omFRWuLhUUFjYVFnI6FRTiQhUXSkYVFaZOFRQOVhUWcloVFNpiFRdCZhUVpm4VF
BZ2FRZ6ehUU4oIVF0qGFRWujhUUFpYVFnKaFRTaohUXQqYVFaauFRQWthUWcroVFNrCFRdKx
hUVrs4VFBbWFRZy2hUU4uIVF0rmFRWu7hUUDvYVFnL6FRTbAhUXSwYVFacOFRQPFhUWcxoVF
NsiFRdLJhUVry4VFA82FRZzOhUU20IVF0tGFRWvThUUF1YVFnNaFRTbYhUXQ2YVFaduFRQfd
hUWc3oVFNuCFRdDhhUVr44VFA+WFRZzmhUU46IVF0umFRWnrhUUD7YVFnu6FRTbwhUXS8YVF
afOFRQP1hUWc9oVFNviFRdL5hUVp+4VFA/2FRZz+hUU2AIZF0AGGRWkDhkUDBYZFnAaGRTgI
hkXSCYZFaQuGRQMNhkWcDoZFNhCGRdIRhkVpE4ZFKhWGRZwWhkU4GIZF0BmGRWkbhkUDHYZF
nh6GRTgghkXSIYZFaSOGRQMlhkWeJoZFNiiGRdAphkVrK4ZFAy2GRZwuhkU4MIZF0DGGRWkz
hkUFNYZFnjaGRTY4hkXSOYZFaTuGRQU9hkWePoZFNkCGRdBBhkVpQ4ZFA0WGRZ5GhkU2SIZF
0EmGRWlLhkUDTYZFnE6GRThQhkXQUYZFa1OGRQNVhkWcVoZFNliGRdBZhkVrW4ZFA12GRZ5e
hkU2YIZF0mGGRWljhkUDZYZFnGaGRTZohkXQaYZFaWuGRQNthkWeboZFNnCGRdBxhkVpc4ZF
A3WGRZ52hkU2eIZF0HmGRWl7hkUDfYZFnH6GRTiAhkXSgYZFa4OGRQOFhkWchoZFOIiGRdCJ
hkVri4ZFBY2GRZyOhkU2kIZF0pGGRWmThkUDlYZFnpaGRTaYhkXQmYZFa5uGRQWdhkWcnoZF
OKCGRdChhkVro4ZFBaWGRZymhkU4qIZF0KmGRWurhkUDrYZFnK6GRTawhkXQsYZFa7OGRRW1
hkWctoZFNriGRdC5hkVpu4ZFBb2GRZ6+hkU4wIZF0sGGRWvDhkUFxYZFnsaGRTbIhkVTyoZF
mMuGRQPNhkWezoZFNtCGRdDRhkVr04ZFBdWGRZzWhkU22IZF0tmGRWnbhkUF3YZFnN6GRTjg
hkXQ4YZFaeOGRQXlhkWc5oZFNuiGRdTphkVr64ZFA+2GRZzuhkU28IZF0PGGRWnzhkUD9YZF
nvaGRTj4hkXQ+YZFafuGRQP9hkWc/oZFOACHRdIBh0VrA4dFAwWHRZ4Gh0U2CIdF0AmHRWsL
h0UFDYdFnA6HRTYQh0XQEYdFaROHRQMVh0WeFodFNhiHRdIZh0VrG4dFAx2HRZweh0U2IIdF
0CGHRWsjh0UDJYdFnCaHRTgoh0XQKYdFaSuHRQMth0WcLodFODCHRdIxh0VrM4dFBTWHRZw2
h0U2OIdF0jmHRWk7h0UDPYdFnD6HRTZAh0XSQYdFaUOHRQNFh0WcRodFOEiHRdBJh0VrS4dF
A02HRZxOh0U2UIdF0FGHRWtTh0UiVYdFnlaHRTZYh0XQWYdFaVuHRQNdh0WcXodFOGCHRdBh
h0VpY4dFA2WHRZxmh0U4aIdF0GmHRWlrh0UDbYdFnG6HRTZwh0XQcYdFaXOHRQN1h0WedodF
NniHRdJ5h0Vpe4dFA32HRZ5+h0U2gIdF0IGHRWuDh0UDhYdFnIaHRTiIh0XQiYdFaYuHRQON
h0WejodFNpCHRdCRh0Vrk4dFBZWHRZ6Wh0U2mIdF0JmHRWmbh0UDnYdFoJ6HRTigh0XQoYdF
aaOHRQWlh0WcpodFNqiHRdKph0Vpq4dFBa2HRZyuh0U4sIdF0rGHRWmzh0UFtYdFnLaHRTa4
h0XQuYdFabuHRQO9h0WevodFOMCHRdbBh0Vpw4dFA8WHRZ7Gh0U2yIdF0MmHRWvLh0UFzYdF
nM6HRTbQh0XQ0YdFadOHRQPVh0Wc1odFNtiHRdDZh0Vr24dFA92HRZ7eh0U44IdF0OGHRWvj
h0UF5YdFnOaHRTboh0XQ6YdFaeuHRQPth0Wc7odFNvCHRdDxh0Vr84dFDfWHRZz2h0U2+IdF
0vmHRWn7h0UD/YdFnv6HRTgAiEXQAYhFaQOIRQMFiEWeBohFOAiIRdAJiEVpC4hFAw2IRZ4O
iEU2EIhF0hGIRWsTiEUDFYhFnBaIRTYYiEXQGYhFaRuIRQMdiEWcHohFOCCIRdAhiEVpI4hF
AyWIRZwmiEU2KIhF0CmIRWkriEUDLYhFnC6IRTgwiEXSMYhFaTOIRQM1iEWcNohFNjiIRdA5
iEVrO4hFBT2IRZ4+iEU4QIhF0EGIRWlDiEUDRYhFnkaIRTZIiEXQSYhFaUuIRQNNiEWcTohF
OFCIRdJRiEVrU4hFA1WIRZxWiEU2WIhF0FmIRWlbiEUDXYhFnF6IRThgiEXQYYhFaWOIRQNl
iEWcZohFNmiIRdBpiEVpa4hFBW2IRZ5uiEU4cIhF0HGIRWlziEUFdYhFnnaIRTZ4iEXSeYhF
aXuIRQN9iEWefohFNoCIRdCBiEVpg4hFBYWIRZyGiEU4iIhF0ImIRWuLiEUFjYhFno6IRTaQ
iEXSkYhFa5OIRQWViEWclohFOJiIRdCZiEVrm4hFA52IRZ6eiEU4oIhF0KGIRWmjiEUFpYhF
nKaIRTaoiEXQqYhFH6yIRWetiEWtrohFNrCIRdCxiEVps4hFBbWIRZy2iEU4uIhF0LmIRWm7
iEUDvYhFnr6IRTjAiEXQwYhFacOIRQXFiEWcxohFOMiIRdDJiEVpy4hFBc2IRZ7OiEU40IhF
0tGIRWnTiEUF1YhFntaIRTbYiEXQ2YhFaduIRQPdiEWc3ohFNuCIRdDhiEVp44hFBeWIRZzm
iEU26IhF0umIRWnriEUD7YhFnO6IRTbwiEXQ8YhFa/OIRQP1iEWc9ohFOPiIRdL5iEVr+4hF
A/2IRZz+iEU2AIlF0gGJRWkDiUUDBYlFnAaJRTYIiUXQCYlFawuJRQMNiUWcDolFOBCJRdIR
iUVpE4lFAxWJRZwWiUU2GIlF0BmJRWkbiUUDHYlFnB6JRTYgiUXSIYlFaSOJRQMliUWeJolF
NiiJRdIpiUVrK4lFBS2JRZwuiUU4MIlF0DGJRWkziUUkNYlFnjaJRTg4iUXQOYlFaTuJRQU9
iUWcPolFNkCJRdBBiUVtQ4lFA0WJRZxGiUU2SIlF0EmJRWtLiUUFTYlFnE6JRThQiUXQUYlF
a1OJRQNViUWeVolFNliJRdBZiUVrW4lFA12JRZxeiUU2YIlF0mGJRWljiUUDZYlFnGaJRTho
iUXQaYlFa2uJRQNtiUWcbolFNnCJRdBxiUVpc4lFA3WJRZ52iUU2eIlF0HmJRWt7iUUDfYlF
nn6JRTaAiUXQgYlFaYOJRQOFiUWcholFOIiJRdKJiUVpi4lFBY2JRZyOiUU2kIlF0pGJRWmT
iUUDlYlFnJaJRTaYiUXQmYlFa5uJRQOdiUWenolFNqCJRdChiUVpo4lFBaWJRZymiUU4qIlF
0KmJRWuriUUFrYlFnK6JRTawiUXQsYlFa7OJRQW1iUWctolFNriJRdK5iUVpu4lFBb2JRZy+
iUU2wIlF0MGJRWvDiUUFxYlFnMaJRTbIiUXQyYlFacuJRQPNiUWczolFNtCJRdDRiUVp04lF
MNWJRZzWiUU42IlF0tmJRWnbiUUF3YlFnN6JRTrgiUXQ4YlFaeOJRQPliUWc5olFOOiJRdDp
iUVr64lFBe2JRZ7uiUU48IlF0PGJRWnziUUD9YlFnvaJRTb4iUXS+YlFa/uJRQP9iUWc/olF
OACKRdABikVpA4pFAwWKRZwGikU2CIpF0AmKRWsLikUDDYpFnA6KRTYQikXQEYpFaROKRQUV
ikWcFopFOBiKRdAZikVpG4pFBR2KRZ4eikU4IIpF0iGKRWkjikUDJYpFnCaKRTYoikXSKYpF
aSuKRQMtikWcLopFNjCKRdIxikVpM4pFBTWKRZw2ikU2OIpF0DmKRWk7ikUFPYpFnj6KRThA
ikXSQYpFaUOKRQNFikWeRopFNkiKRdBJikVpS4pFA02KRZ5OikU2UIpF0FGKRWlTikUDVYpF
nFaKRThYikXSWYpFa1uKRQVdikWeXopFNmCKRdBhikVpY4pFA2WKRZ5mikU2aIpF0GmKRWlr
ikUFbYpFnm6KRThwikXQcYpFa3OKRQV1ikWcdopFOHiKRdB5ikVpe4pFBX2KRZ5+ikU4gIpF
0oGKRWmDikUDhYpFnIaKRTiIikXQiYpFaYuKRWmNikWvjopFNpCKRdKRikVrk4pFBZWKRZyW
ikU2mIpF0JmKRW+bikUFnYpFnJ6KRTagikXQoYpFaaOKRQOlikWcpopFOKiKRdCpikVpq4pF
A62KRZyuikU2sIpF0rGKRWuzikUDtYpFnLaKRTi4ikXQuYpFa7uKRQO9ikWevopFNsCKRdDB
ikVpw4pFA8WKRZ7GikU2yIpF0smKRWnLikUFzYpFnM6KRTjQikXQ0YpFadOKRQPVikWc1opF
NtiKRdDZikVp24pFA92KRZzeikU44IpF0OGKRWnjikUD5YpFnOaKRTboikXQ6YpFaeuKRQXt
ikWc7opFNvCKRdDxikVp84pFA/WKRZz2ikU4+IpF0vmKRWv7ikUD/YpFnv6KRTYAi0XQAYtF
aQOLRQMFi0WeBotFOAiLRdAJi0VrC4tFAw2LRZwOi0U4EItF0BGLRWsTi0UFFYtFnBaLRTYY
i0XQGYtFaxuLRQUdi0WcHotFNiCLRdAhi0VpI4tFBSWLRZ4mi0U2KItF0CmLRWsri0UFLYtF
nC6LRTYwi0XQMYtFaTOLRQU1i0WeNotFNjiLRdA5i0VpO4tFAz2LRZw+i0U4QItF0EGLRWlD
i0UDRYtFnEaLRThIi0XQSYtFaUuLRQVNi0WeTotFOFCLRdBRi0VpU4tFA1WLRZxWi0U2WItF
0FmLRWlbi0UDXYtFnF6LRTZgi0XQYYtFa2OLRQNli0WcZotFOGiLRdBpi0Vpa4tFA22LRZxu
i0U4cItF0HGLRWlzi0UDdYtFnHaLRTZ4i0XSeYtFaXuLRQN9i0WefotFNoCLRdCBi0Vpg4tF
A4WLRZ6Gi0U2iItF0omLRWmLi0UDjYtFno6LRTaQi0XQkYtFaZOLRQOVi0WclotFNpiLRdKZ
i0Vrm4tFA52LRZ6ei0U4oItF0KGLRWuji0UDpYtFnKaLRTioi0XQqYtFaauLRQOti0WcrotF
NrCLRdKxi0Vrs4tFE7WLRZy2i0U4uItF0LmLRWu7i0UDvYtFnL6LRTjAi0XSwYtFacOLRQPF
i0WexotFOMiLRdDJi0Vpy4tFA82LRZzOi0U20ItF0NGLRWnTi0UD1YtFnNaLRTjYi0XQ2YtF
aduLRQXdi0Wc3otFNuCLRdDhi0Vr44tFBeWLRZzmi0U26ItF0OmLRWnri0UF7YtFnO6LRTjw
i0XQ8YtFa/OLRQX1i0Wc9otFNviLRdL5i0Vr+4tFA/2LRZz+i0U2AIxF0gGMRW0DjEUDBYxF
nAaMRTYIjEXSCYxFaQuMRQUNjEWcDoxFNhCMRdIRjEVpE4xFAxWMRZwWjEU2GIxF0BmMRWsb
jEUDHYxFnB6MRTggjEXQIYxFaSOMRQMljEWcJoxFNiiMRdIpjEVpK4xFAy2MRZwujEU2MIxF
0jGMRWkzjEUFNYxFnDaMRTg4jEXQOYxFazuMRQM9jEWePoxFNkCMRdJBjEVpQ4xFA0WMRZ5G
jEU4SIxF0EmMRWlLjEUDTYxFnk6MRTZQjEXQUYxFaVOMRSBVjEWcVoxFNliMRdJZjEVpW4xF
BV2MRZ5ejEU2YIxF0mGMRWtjjEUDZYxFnGaMRTZojEXQaYxFaWuMRQVtjEWcboxFNnCMRdJx
jEVrc4xFBXWMRZx2jEU2eIxF0nmMRWt7jEUDfYxFnn6MRTiAjEXSgYxFa4OMRQOFjEWehoxF
NoiMRdCJjEVpi4xFA42MRZyOjEU4kIxF0JGMRWmTjEUDlYxFnpaMRTaYjEXQmYxFa5uMRQOd
jEWcnoxF</AssayXData><AssayYData Points="1500">PeCgQN8aoUDGB6FAiSKhQIcmoUArPqFAbBqhQCBIoUBCSqFAAD6hQNNAoUC4RKFAQjuhQOMl
oUCxSKFATUyhQCRCoUCxX6FAWkShQDsloUBXT6FAw1WhQKswoUCkYaFA6XGhQO+HoUAtWqFA
/1ShQCJKoUAGNaFA+mKhQMhDoUBLV6FAHn+hQKdHoUCAN6FA+F2hQHVvoUBIW6FATYehQJWc
oUAcVqFAnXuhQMJMoUBCUaFAokOhQCSBoUC/PaFA5qShQCV3oUBMYKFAvXahQLFdoUBNZ6FA
LGGhQKl/oUAAiaFAIVShQFxloUBCi6FAkHmhQDRuoUCafqFA32+hQMVfoUAGZ6FAzFqhQF97
oUB8dqFA6muhQPN1oUBgjqFA92+hQGSAoUCZZqFA5HihQOBroUB+eqFA/ZmhQMpQoUCAW6FA
xGWhQEdNoUB2gaFAmGuhQN5aoUAeU6FAf0OhQCpMoUCYSKFA3IGhQDl2oUAWfqFA2ZahQGRo
oUD6S6FAhpehQMdnoUBudKFAbW+hQPZ9oUB6UaFAfVqhQMB7oUDjn6FA9mGhQLmJoUBpV6FA
pGahQM5soUAojaFANGehQBBqoUD3sKFAOFuhQCR9oUBqeKFADoOhQClboUCKbqFAq2WhQNeK
oUDUWaFADXihQORqoUCYhKFAP4ShQH9YoUCxbqFAz26hQFd5oUDAaaFAU4WhQNF0oUBvbqFA
K52hQFpuoUBiYKFAO3ShQEWaoUAKa6FAhY2hQGVvoUADs6FAkm2hQPOcoUBMbqFAsnuhQCZp
oUCVh6FAdGehQMFtoUBCkaFA/mOhQCGUoUB+naFAn3yhQDyBoUAKdKFALHyhQNReoUDOfaFA
BIqhQEV3oUA4kaFA6pKhQDZsoUDfjKFAdXqhQGWfoUDfnaFAxpmhQOaEoUBCoqFA/4ShQMeX
oUCWp6FAQ3WhQPymoUDzfKFAM3ihQI11oUCpcKFAsJWhQHB8oUCvpaFAsaChQFh1oUCRhKFA
lJmhQLCmoUCEmKFA8KGhQAenoUBEh6FAB4KhQMWmoUBQqKFA75ahQMaZoUCGiaFAmXuhQOSv
oUBFvqFAIYihQNmnoUB1j6FAQIWhQBGXoUARlqFAMXehQLivoUBLlKFAhKihQJiSoUBeqKFA
WYOhQKySoUCKjKFAl2ehQJ9roUBCpKFAkouhQKZloUADr6FAUpuhQOdboUAKcqFAcI2hQESW
oUBoe6FAQ4qhQK2HoUA0lqFARKWhQLScoUANfaFAVLqhQKaLoUB1u6FAzo2hQDCPoUA7naFA
NqWhQFCqoUB9oKFAA7KhQHOwoUAjjKFA+5qhQEmUoUAGo6FAJ7qhQPSfoUBlkqFA2IChQOCz
oUDknKFAmpyhQFWCoUA3tKFAX22hQBKhoUDbjaFAS6yhQHamoUB/o6FAVq6hQAWYoUBIuqFA
AoOhQBumoUCKpqFAE72hQAF4oUBdyKFAoY+hQD6LoUCTgKFA87ihQCGfoUDMvKFAT7OhQMKg
oUC6o6FA8suhQFWkoUDNnqFAr7mhQJTUoUB2vqFANcOhQLm2oUAbg6FAOrOhQNOuoUDmjKFA
fKOhQMm5oUCTlqFAm7ShQDG/oUBGq6FATKqhQMfdoUCK5aFAoamhQOunoUDsraFAbLOhQDGT
oUDtrqFA7q+hQEyYoUDps6FAgK6hQC7ioUCOnKFAds2hQAa8oUBu4aFAdaOhQD+NoUB33aFA
1rGhQB2hoUCSr6FAaryhQBSsoUAvsqFAk62hQPeYoUBdqKFAZO6hQIqOoUB0oqFANMehQIDO
oUDGnaFA2LKhQIjDoUDvoaFA0rChQFSyoUD7pKFAnc6hQKbEoUBPqqFAMryhQMa6oUDzraFA
E8+hQIy3oUDuoaFAQaWhQN3SoUBV1aFAZaihQBnfoUALuqFA2sehQFHIoUCWwKFAY8qhQBnN
oUBMtaFAYaShQJWloUALpaFAO8ShQL7joUAS3KFAALuhQMNaoUBcz6FANNOhQBq8oUA96qFA
19yhQCSeoUCG1qFAo9uhQO6uoUAaz6FAkuChQCKRoUC8uaFAB8qhQG+0oUAn1qFAAKChQGm+
oUDJ26FAedWhQMCsoUCAzKFAqN+hQK3aoUB16qFAlNShQFjDoUA+1aFA/dmhQBzroUDGuaFA
u76hQMnroUBFuaFAVMWhQEbLoUAG0KFAIeuhQBXUoUAj7qFAkb6hQADhoUBs8qFA3behQJ3N
oUBC5KFAyKShQEe9oUB47KFAD+OhQLbCoUANxqFA952hQDa2oUDa0KFA9sGhQP/MoUBkxaFA
1w6iQIuqoUB8xKFA3u+hQJbOoUC81qFA0cqhQP7QoUD73qFABOehQKgEokAAr6FAYc2hQEvH
oUAM9aFA1/+hQHjRoUAj8KFAw+ShQEz9oUCJ96FA1fuhQLrcoUD736FAPMmhQBbZoUBMxqFA
RfKhQL31oUBEzKFAFdOhQJ0HokBgyaFAW7yhQC7ooUB5+KFAFdShQLj2oUDtyKFAsvGhQMLR
oUDl5aFAw9ihQPncoUBZ56FARfChQDv3oUAH0aFANPWhQGDCoUDzAKJAO9WhQK+foUCH96FA
pfmhQBz7oUDz+qFAxvChQD/hoUAs4KFASNShQD/roUBn8KFAmP+hQMQTokCq3KFAf/mhQOe7
oUAk0qFAoxaiQEXMoUC65aFADRuiQGQZokCVAaJASMyhQBDSoUBp+KFAawuiQNfXoUDs/6FA
S/2hQIHyoUA656FAOeWhQPQaokDTy6FA192hQD8UokAa0KFAhsyhQMEAokDLC6JAIfuhQLvi
oUCM7qFAu96hQCv5oUC3B6JAXNmhQDHXoUCmCaJAcv+hQL7moUC81aFARfehQCnCoUAs26FA
du+hQPzdoUCF/KFAduuhQLz8oUDs/qFAqf+hQPDxoUBq5aFAAxKiQLUQokD026FA5AeiQBIU
okDX5aFAiguiQEcTokDoBKJAWO+hQIbooUAX7KFA0ASiQIXuoUCd66FAbQCiQP7/oUCF/6FA
kuOhQFPvoUB896FA/giiQNTwoUDJGqJANQuiQDn4oUAqEKJA6vWhQAUhokCTIKJAk8ihQMQk
okCr+qFAj+GhQPfnoUBMK6JAvhaiQNzWoUDA7KFAVfKhQHfvoUAg5aFADRKiQPT9oUAyDKJA
+y2iQPf6oUD9/6FAlA+iQFwLokCg6KFAVeahQMsdokDTGqJAPfmhQJoZokCi8aFAUfChQIAI
okDTE6JAIgyiQDEYokDdBqJAgAqiQOrNoUBd+6FA4g2iQLwWokDjCqJAwA2iQKkgokDuB6JA
Ce6hQED+oUDM9aFAOQKiQNcUokBKHqJAsCyiQP//oUBPEqJAjQeiQE4yokDZH6JAcSWiQD4D
okCb+KFA0xKiQJggokC9+qFA2yKiQIgjokBkEKJAC/uhQJoGokCBCqJAEyGiQAwfokCXC6JA
WiiiQC3woUBQFaJAVQ6iQGv4oUDRPaJAjBWiQLX5oUAeKKJAVOyhQIQYokBSB6JArhuiQOQC
okDO/6FAjwWiQEYlokCaFKJAUASiQN4vokDgEaJAh/GhQCstokBcHKJApgOiQBxDokBsDKJA
eweiQEMHokDY2KFAFheiQKYMokBzC6JAFSaiQFL/oUBBP6JAVB2iQLP8oUBwDaJAlxyiQKQW
okCKEaJAjAKiQMoTokAhJ6JAMjOiQGX8oUBxQqJA8DyiQC0AokC3HKJAilaiQAghokAcDKJA
ljqiQAseokCG/aFAjheiQNM6okCZ/6FAsROiQHsvokCUHKJAWg6iQDoookAsKKJAakWiQKY0
okDhJ6JAwSCiQMUZokDeJ6JAIOmhQMgqokA6QaJASSKiQCMmokBYKKJAFx6iQHAWokBXKqJA
5xOiQH0xokCOMaJAOEWiQFT+oUDXNaJA4SmiQOMrokCONqJAwTWiQBY+okCYOqJA4TmiQOEn
okAVJ6JAqQiiQFwkokAvRaJABDaiQN07okCMJ6JAq0miQPArokApD6JAwUeiQPkjokDsLKJA
gSCiQCssokAiHaJAymeiQDsmokC3QqJAc16iQLdKokDNIKJA+zaiQLduokDWSKJAMgKiQPdR
okC1H6JA3iKiQHNTokDnOaJAyf6hQNhZokD1JqJAcD6iQH9RokBmIKJAhTuiQPg6okBGP6JA
NEOiQDQookCwQqJAHyuiQAIyokD2SaJA+VOiQDwvokCYJqJAtTeiQHpCokAUQ6JADUaiQNMf
okB8IqJA9iCiQGkQokC+MKJAez2iQCtDokBLPKJA/2qiQCglokAdF6JAN0uiQD44okATT6JA
QUqiQK5FokAVP6JAKkiiQCEsokDFN6JAhVeiQB47okAgPKJAaEKiQB1wokAXM6JA01iiQOc2
okBhUKJAwyaiQN9AokDgMqJAKEaiQK4aokAzRqJAJhuiQPU/okCpQaJAZCmiQIRSokBPSKJA
vFKiQLZPokAhVaJAhWmiQPZBokC0LqJAJE2iQGc8okA8SqJA/UKiQJkSokCfT6JAC0WiQAA1
okCQHaJASG2iQMglokDUb6JARXmiQA9jokA5WqJABkGiQMBsokAoJKJAIlGiQENTokB8bqJA
MmaiQI9gokBaSaJA+0qiQB5kokBmKaJARmCiQG5WokD9HKJAbUeiQCJYokDzUaJAamuiQJpq
okB0Y6JAcEiiQE90okBNO6JAsiWiQEZeokDvbKJAXS2iQNJgokBGRaJA2FuiQPsZokBiP6JA
DFqiQABsokDeV6JAy0CiQHI/okAKaKJAdX2iQHhgokBrVaJAtEqiQKU5okDxWaJAZlGiQDha
okAXZKJAmU+iQMdzokDqP6JAAXKiQJRZokAHY6JAPEyiQPZ6okB4PaJAdTeiQKpqokAHZKJA
W2GiQGtZokA9TaJAPUGiQBJzokAkPaJAzl2iQHVhokBPSaJAqWCiQG99okB1aqJAaGaiQDZU
okD8cKJAzTuiQJxUokDwXKJA1yaiQFhookBIeqJAkjOiQEQ+okBWaqJAiniiQOBbokD3e6JA
jFSiQPRmokAfZKJAZGiiQKZkokDBdqJAAUKiQMhrokDBdqJAp1aiQLFzokD8WKJA6m2iQBJr
okDVVqJA7XGiQAhVokDDZqJAPG6iQEBrokCoY6JATXqiQN5vokCuQKJA92uiQD14okAWTaJA
MnCiQJmZokB8Z6JA43uiQP+AokAYM6JAVVuiQHKAokCxbaJAblyiQNOCokChgaJAm2miQK5d
okCKbqJAJluiQMdTokARVKJAbneiQAlYokC/j6JAEE6iQOJvokByh6JAhmuiQHlkokCWbaJA
IXuiQMtfokBloqJAw6eiQG5hokDze6JAEjaiQCFIokAjfqJAxYGiQDZ6okC9ZaJAQmmiQJ9m
okBUcaJAo2iiQCqUokDpd6JAE5miQFx/okB1d6JAuFCiQPCpokCHbaJA01qiQKWIokAKbqJA
CFuiQNSDokDxjaJAIVWiQPVkokAOdaJAWGqiQK+bokC+jaJARI2iQNlzokDlkKJACoCiQPZw
okCIlqJAarGiQCpFokDhgKJAo5CiQPxyokDdjKJAXYSiQMNwokA6f6JAVJeiQOuGokB4cKJA
HZOiQPGIokCQaqJA3aSiQNllokCQYaJAhXaiQJBmokCuZKJAc2eiQMx7okBPdaJADaOiQL6o
okCRdqJArZiiQHyCokD1sKJAgnyiQM18okAFjaJA83yiQJGYokDIj6JAcZmiQIFlokDsaqJA
XXCiQCO8okC/c6JAcFOiQM2LokClh6JAHKyiQAKcokCGh6JA2JOiQIGPokCQpqJA7HKiQLR1
okB1iaJA4YiiQI+1okADkaJAioqiQGJ+okCZhKJA7ouiQAmcokCQaqJAhNeiQFOSokBAlKJA
rLiiQLWkokAqp6JA3auiQKWiokA5iqJAWZuiQI2QokDLeKJA1p6iQDeeokB8h6JA/aGiQFej
okDohaJAXZuiQMqJokD7haJAVH+iQLeDokAnqKJAqY2iQOCgokD4oaJA0omiQMK/okBYe6JA
n4OiQBmTokAUuqJAhLyiQI+vokAmnKJABKuiQFyJokAso6JA8oeiQP2QokAwuKJA14KiQEdl
okB7uaJAD4qiQCGZokC+haJAtqWiQN28okAzoKJAA8uiQIuWokCboKJAR9KiQJGhokBblqJA
D62iQNSqokAdpaJAYo+iQHyfokBoqKJAAJuiQE2mokBynqJAKb+iQC+jokDctqJAs8+iQMeo
okBBlKJAwbWiQJPBokC0rqJAnZaiQCelokChkqJAIpiiQDywokB4sqJAXrKiQAvNokDIuKJA
fLSiQMy4okAFuaJAKYiiQJG+okDTrqJAraqiQG+4okB2yqJAy6WiQL2+okD7dqJALrSiQH+n
okAp2qJAO8iiQDtrokDdxaJA8qqiQJmGokB+s6JAl7miQNa2okBhqKJArraiQFWrokD0wqJA
IrGiQB66okBfsKJAusKiQBS6okAKmqJAo5aiQO3BokARn6JAVr2iQNjhokD7saJAu7miQC27
okDdl6JA/8SiQOq6okCLi6JAOJWiQOPCokDvuqJAiJKiQEy1okAtmaJAUZmiQLDSokC+saJA
pqiiQPHLokBVsqJAKqmiQHyookC2wKJAY8iiQHnEokD1waJAvsWiQLytokD2x6JAgMGiQA+b
okAorKJAysWiQAu6okCap6JAEsyiQIeWokBso6JAq8WiQLaZokCInqJAU6miQEilokA9m6JA
6JmiQAm9okATp6JAGpOiQOTEokDgxKJAxsmiQIbcokCkv6JAzqKiQNmpokAUtaJAmMOiQDfW
okAjy6JAxrGiQArnokBitaJA+saiQHuvokAlraJAgteiQGvKokD54aJAXbuiQATEokBAuKJA
SsSiQOvEokAWoKJA2LqiQHi7okD8p6JAXdCiQN/QokBi3KJA9taiQPqtokCz2aJAGrmiQJHB
okAlxqJAit2iQNrEokC95aJAz+aiQFvgokDJjqJAAsaiQEnGokCtwKJAM7eiQD+2okBLpqJA
fuCiQA6kokBMzqJALKSiQJ7nokBiw6JADsiiQNv2okB9p6JAasuiQDjHokCEz6JAmamiQFL3
okDC56JAtMeiQA3jokB+36JAxK2iQBrkokCJzaJAVOyiQCLwokAxz6JAUOaiQPzQokCXzaJA
H8KiQE/AokAo0aJAo6qiQCCdokBK36JAGNmiQG/JokAS9aJAJ/SiQCbWokCf2qJAQtqiQIe5
okC5wqJAXNuiQB69okD62qJApMSiQJnlokAVrKJAnM6iQCbeokCtnaJAbwejQNzJokC/x6JA
FQKjQFrfokDHxKJA5uOiQGG2okDStqJA8sWiQOnUokBp0qJA/umiQFfrokD9zaJAZ6eiQDfJ
okCo06JADseiQGDwokC31KJAf8yiQNjeokDk8qJAzOeiQJW5okD+BKNA596iQLfIokCz8KJA
gLCiQD7bokDp4qJAdPuiQOrrokAFv6JAtuKiQBiyokDi5aJAwNqiQJizokAb4qJA2N2iQJDb
okAytKJAYfiiQHrWokAC5qJAksaiQGvhokCX5KJAc9yiQMX3okB/9aJAXdeiQDfjokBHzaJA
AvqiQFbRokBH3aJAw+OiQGj+okAY26JAGuyiQIAGo0Bc5aJAGsuiQCTdokB9waJApO+iQO/w
okCt2KJA5taiQLrRokBR26JAKeKiQLvNokCs+qJAYOWiQC3vokCo2KJA58yiQATiokBe86JA
mvqiQMPeokDL5qJAveyiQLjnokAN0qJAxCCjQCfrokCsyaJAV+miQA/0okDV4aJAY+aiQHDW
okDgv6JAoLyiQDjeokCp56JAs9+iQAT1okAwuqJAd+OiQKL3okA786JAvsSiQAMLo0B716JA
cfaiQC3pokAE16JAYACjQJwAo0Af1qJAhseiQM79okAGxaJAje6iQHHSokC946JAX++iQL4N
o0BlD6NA</AssayYData></Step><Step><CommonData><SampleLocation>7</SampleLocation><SampleID>Glycine</SampleID><SampleGroup></SampleGroup><SampleInfo></SampleInfo><SampleRow>J</SampleRow><SamplePlate>1</SamplePlate><WellType>REGENERATION</WellType><Concentration>-1</Concentration><ConcentrationUnits>µg/ml</ConcentrationUnits><MolarConcentration>-1</MolarConcentration><MolarConcUnits>nM</MolarConcUnits><MolecularWeight>0</MolecularWeight><Temperature>30</Temperature><StartTime>5107567</StartTime><AssayTime>5</AssayTime></CommonData><FlowRate>1000</FlowRate><StepType>KREGENERATION</StepType><StepName>Regeneration</StepName><StepStatus>OK</StepStatus><ActualTime>4.9998</ActualTime><CycleTime>0.2</CycleTime><AssayXData Points="25">NaCMRc+hjEVoo4xFBKWMRZ2mjEU1qIxFM6qMRXerjEUErYxFm66MRTWwjEXPsYxFaLOMRQS1
jEWbtoxFNbiMRdG5jEVou4xFBL2MRZu+jEU1wIxF0cGMRWjDjEUCxYxFm8aMRQ==</AssayXData><AssayYData Points="25">EDaFP11XdD9g6mg/zOtfP2ZhWD9vklA/kpFHPzdoRD/0dz0/RrM1P7EaMT9bpiw/eecoP05w
JD8HNR4/5WUaPz5bFz93TBI/u/MPP4upDT/68Ag/FYgHP6dIBT96HwI/+P0APw==</AssayYData></Step><Step><CommonData><SampleLocation>8</SampleLocation><SampleID>PBS</SampleID><SampleGroup></SampleGroup><SampleInfo></SampleInfo><SampleRow>J</SampleRow><SamplePlate>1</SamplePlate><WellType>NEUTRALIZATION</WellType><Concentration>-1</Concentration><ConcentrationUnits>µg/ml</ConcentrationUnits><MolarConcentration>-1</MolarConcentration><MolarConcUnits>nM</MolarConcUnits><MolecularWeight>0</MolecularWeight><Temperature>30</Temperature><StartTime>5120670</StartTime><AssayTime>5</AssayTime></CommonData><FlowRate>1000</FlowRate><StepType>KREGENERATION</StepType><StepName>Regeneration</StepName><StepStatus>OK</StepStatus><ActualTime>5.00078</ActualTime><CycleTime>0.2</CycleTime><AssayXData Points="25">NciMRc/JjEVoy4xFAs2MRZvOjEU30IxF0dGMRWjTjEUC1YxFm9aMRTXYjEXR2YxFatuMRQTd
jEWb3oxFN+CMRdHhjEVq44xFBOWMRZvmjEU16IxF0emMRWjrjEUC7YxFne6MRQ==</AssayXData><AssayYData Points="25">nxGIQNuyiEDrV4lAOYSJQGkCikCpaYpArY6KQPPhikBlEotAnjqLQGJZi0BFcItAm5WLQIW5
i0Av6ItAu9+LQNMYjEDYNYxAPGOMQI5fjECScoxAiX2MQNmAjEA6lIxAFKyMQA==</AssayYData></Step><Step><CommonData><SampleLocation>7</SampleLocation><SampleID>Glycine</SampleID><SampleGroup></SampleGroup><SampleInfo></SampleInfo><SampleRow>J</SampleRow><SamplePlate>1</SamplePlate><WellType>REGENERATION</WellType><Concentration>-1</Concentration><ConcentrationUnits>µg/ml</ConcentrationUnits><MolarConcentration>-1</MolarConcentration><MolarConcUnits>nM</MolarConcUnits><MolecularWeight>0</MolecularWeight><Temperature>30</Temperature><StartTime>5133758</StartTime><AssayTime>5</AssayTime></CommonData><FlowRate>1000</FlowRate><StepType>KREGENERATION</StepType><StepName>Regeneration</StepName><StepStatus>OK</StepStatus><ActualTime>4.9998</ActualTime><CycleTime>0.2</CycleTime><AssayXData Points="25">OPCMRdLxjEVp84xFBfWMRZ72jEU2+IxF0PmMRWn7jEUD/YxFnP6MRTYAjUXQAY1FaQONRQMF
jUWcBo1FOAiNRdAJjUVpC41FAw2NRZ4OjUU4EI1F0BGNRWkTjUUFFY1FnhaNRQ==</AssayXData><AssayYData Points="25">1OI0P4I6Iz96/Rk/BcoRPzYECz+mMAg/In4CP0nq/j7pl/s+oH31PqtW7z6pAu0+cRzpPr/4
5D7XK+E+XaXgPin+2T7d2tQ+z/3TPlb40T7VEM0+G1nMPrE9yT5yw8U+SJLGPg==</AssayYData></Step><Step><CommonData><SampleLocation>8</SampleLocation><SampleID>PBS</SampleID><SampleGroup></SampleGroup><SampleInfo></SampleInfo><SampleRow>J</SampleRow><SamplePlate>1</SamplePlate><WellType>NEUTRALIZATION</WellType><Concentration>-1</Concentration><ConcentrationUnits>µg/ml</ConcentrationUnits><MolarConcentration>-1</MolarConcentration><MolarConcUnits>nM</MolarConcUnits><MolecularWeight>0</MolecularWeight><Temperature>30</Temperature><StartTime>5146839</StartTime><AssayTime>5</AssayTime></CommonData><FlowRate>1000</FlowRate><StepType>KREGENERATION</StepType><StepName>Regeneration</StepName><StepStatus>OK</StepStatus><ActualTime>5.00078</ActualTime><CycleTime>0.2</CycleTime><AssayXData Points="25">OBiNRdIZjUVtG41FBR2NRaAejUU4II1F0iGNRW0jjUUFJY1FniaNRTgojUXUKY1FayuNRQUt
jUWeLo1FOjCNRdIxjUVtM41FBTWNRaA2jUU6OI1F0jmNRW07jUUFPY1FoD6NRQ==</AssayXData><AssayYData Points="25">yP2GQPu3h0BX/YdAg8eIQMoMiUBAXIlAp3mJQFXIiUDCFopA30GKQKV/ikDvgIpAkN2KQIfR
ikCP34pA6kiLQE8Pi0DONYtAWFCLQLRxi0DlZotAF5mLQMioi0AIpYtA9cCLQA==</AssayYData></Step><Step><CommonData><SampleLocation>7</SampleLocation><SampleID>Glycine</SampleID><SampleGroup></SampleGroup><SampleInfo></SampleInfo><SampleRow>J</SampleRow><SamplePlate>1</SamplePlate><WellType>REGENERATION</WellType><Concentration>-1</Concentration><ConcentrationUnits>µg/ml</ConcentrationUnits><MolarConcentration>-1</MolarConcentration><MolarConcUnits>nM</MolarConcUnits><MolecularWeight>0</MolecularWeight><Temperature>30</Temperature><StartTime>5159940</StartTime><AssayTime>5</AssayTime></CommonData><FlowRate>1000</FlowRate><StepType>KREGENERATION</StepType><StepName>Regeneration</StepName><StepStatus>OK</StepStatus><ActualTime>4.9998</ActualTime><CycleTime>0.2</CycleTime><AssayXData Points="25">OkCNRdRBjUVvQ41FB0WNRaBGjUU6SI1F1EmNRW9LjUUJTY1FoE6NRTpQjUXUUY1FbVONRQdV
jUWgVo1FOliNRdRZjUVtW41FCV2NRaBejUU6YI1F1mGNRW1jjUUJZY1FoGaNRQ==</AssayXData><AssayYData Points="25">D/IoP0ZTFj/Snw4/96AHP9GwAj9dGv0+bc35PoBf9D4fSO4+TADqPkOX5T4a8uA+f3bePvQH
3j43JNg+wvDTPswv0z6qS88+CFTQPu52zT7uzcc+7PzHPqcmxj6kasQ+RGbDPg==</AssayYData></Step><Step><CommonData><SampleLocation>8</SampleLocation><SampleID>PBS</SampleID><SampleGroup></SampleGroup><SampleInfo></SampleInfo><SampleRow>J</SampleRow><SamplePlate>1</SamplePlate><WellType>NEUTRALIZATION</WellType><Concentration>-1</Concentration><ConcentrationUnits>µg/ml</ConcentrationUnits><MolarConcentration>-1</MolarConcentration><MolarConcUnits>nM</MolarConcUnits><MolecularWeight>0</MolecularWeight><Temperature>30</Temperature><StartTime>5173511</StartTime><AssayTime>5</AssayTime></CommonData><FlowRate>1000</FlowRate><StepType>KREGENERATION</StepType><StepName>Regeneration</StepName><StepStatus>OK</StepStatus><ActualTime>5.00078</ActualTime><CycleTime>0.2</CycleTime><AssayXData Points="25">OmiNRdRpjUVva41FB22NRaJujUU6cI1F1HGNRW1zjUUJdY1FoHaNRTp4jUXUeY1FcXuNRQd9
jUWifo1FPICNRdSBjUVtg41FB4WNRaCGjUU8iI1F1ImNRW2LjUUJjY1Foo6NRQ==</AssayXData><AssayYData Points="25">rZeHQAtCiEBatYhAa0KJQIyZiUAIAIpAumuKQGNxikBLqopAGfGKQG/pikC+BItArmSLQBZa
i0BGd4tADLyLQHvLi0BOvYtAOPOLQHvti0AfLIxAKS+MQGxEjEBqPoxAZWiMQA==</AssayYData></Step><Step><CommonData><SampleLocation>3</SampleLocation><SampleID>Octet Buffer</SampleID><SampleGroup></SampleGroup><SampleInfo></SampleInfo><SampleRow>I</SampleRow><SamplePlate>1</SamplePlate><WellType>BUFFER</WellType><Concentration>-1</Concentration><ConcentrationUnits>µg/ml</ConcentrationUnits><MolarConcentration>-1</MolarConcentration><MolarConcUnits>nM</MolarConcUnits><MolecularWeight>0</MolecularWeight><Temperature>30</Temperature><StartTime>5187916</StartTime><AssayTime>20</AssayTime></CommonData><FlowRate>1000</FlowRate><StepType>CUSTOM</StepType><StepName>Sensor Check</StepName><StepStatus>OK</StepStatus><ActualTime>19.9998</ActualTime><CycleTime>0.2</CycleTime><AssayXData Points="100">PJCNRdaRjUVvk41FCZWNRaSWjUU8mI1F1pmNRW+bjUUJnY1Fop6NRTygjUXWoY1FcaONRQul
jUWipo1FPKiNRdapjUVvq41FC62NRaKujUU8sI1F1rGNRXGzjUUJtY1ForaNRTy4jUXWuY1F
b7uNRQm9jUWkvo1FPMCNRdbBjUVxw41FCcWNRaLGjUU8yI1F2MmNRW/LjUULzY1FpM6NRT7Q
jUXY0Y1Fb9ONRQnVjUWi1o1FPNiNRdbZjUVx241FCd2NRaTejUU84I1F2OGNRW/jjUUJ5Y1F
ouaNRTzojUXW6Y1Fb+uNRQntjUWk7o1FQPCNRdbxjUVv841FCfWNRaL2jUU8+I1F1vmNRW/7
jUUJ/Y1Fov6NRTwAjkXWAY5FbwOORQsFjkWiBo5FPgiORdYJjkVvC45FCQ2ORaIOjkU8EI5F
1hGORW8TjkUJFY5FohaORTwYjkXWGY5FbxuORQsdjkWiHo5FPiCORdYhjkVvI45FCSWORaQm
jkU8KI5F1imORXErjkUJLY5Foi6ORQ==</AssayXData><AssayYData Points="100">79OGQGA6hUCpG4RA2I6DQEIGg0AjooJAmqWCQKqpgkBHi4JAU4SCQNSfgkDsnoJABbOCQHjF
gkA3zYJA49mCQFHigkAjFYNA1yeDQG4vg0DnRoNAmVmDQGBQg0DZYYNAekyDQCqFg0DsmoNA
rZWDQFp+g0BxoYNAUbaDQKO0g0D7vINAxM+DQMPbg0Ai2oNAIzGEQOYIhEAE+INAPSaEQGwY
hEB4KoRAAVeEQHgIhEBRDoRAk0mEQF8zhECDJ4RA6lqEQP+GhEAvdIRAV22EQGRThEBEd4RA
+HCEQF+jhEC1pIRAW4+EQKyWhEAoi4RAFpyEQPuahEAYpoRA9MWEQD6rhEDc4IRAIZWEQNzl
hEB84oRAHcWEQPHUhEAN74RAZ8CEQEjLhEB6A4VAGOiEQOf7hEAZ+oRAm+aEQK3rhEBpAIVA
yOOEQEn/hED+8IRAAyqFQLEJhUAXCIVAEy+FQKEshUCiRoVA6jaFQDA1hUDQYoVAqEKFQPEh
hUB4PoVAH0mFQD49hUAqMIVAOluFQA==</AssayYData></Step><Step><CommonData><SampleLocation>19</SampleLocation><SampleID>SI-157X63_P5537</SampleID><SampleGroup></SampleGroup><SampleInfo></SampleInfo><SampleRow>I</SampleRow><SamplePlate>1</SamplePlate><WellType>KLOAD</WellType><Concentration>5</Concentration><ConcentrationUnits>µg/ml</ConcentrationUnits><MolarConcentration>5000</MolarConcentration><MolarConcUnits>nM</MolarConcUnits><MolecularWeight>0</MolecularWeight><Temperature>30</Temperature><StartTime>5219043</StartTime><AssayTime>120</AssayTime></CommonData><FlowRate>1000</FlowRate><StepType>LOADING</StepType><StepName>Loading</StepName><StepStatus>OK</StepStatus><ActualTime>120</ActualTime><CycleTime>0.2</CycleTime><AssayXData Points="600">PDCORdYxjkVxM45FCTWORaQ2jkU+OI5F1jmORXE7jkULPY5FpD6ORTxAjkXWQY5Fb0OORQtF
jkWiRo5FPkiORdZJjkVxS45FCU2ORaJOjkU+UI5F2FGORW9TjkUJVY5FpFaORT5YjkXYWY5F
b1uORQldjkWiXo5FPmCORdZhjkVvY45FC2WORaRmjkU8aI5F1mmORW9rjkUJbY5Fom6ORT5w
jkXWcY5Fb3OORQl1jkWido5FPHiORdZ5jkVve45FCX2ORdR+jkU+gI5F1oGORW+DjkULhY5F
pIaORTyIjkXWiY5FcYuORQmNjkWijo5FPpCORdaRjkVvk45FC5WORaKWjkU+mI5F1pmORW+b
jkUJnY5FpJ6ORTygjkXWoY5Fb6OORQmljkWipo5FPKiORdapjkVxq45FCa2ORaSujkU8sI5F
2LGORW+zjkUJtY5ForaORT64jkXYuY5FcbuORQm9jkWkvo5FPsCORdbBjkVxw45FCcWORaLG
jkU8yI5F1smORXHLjkUJzY5Fos6ORT7QjkXW0Y5Fb9OORQnVjkWk1o5FPNiORdbZjkVx245F
C92ORaTejkU84I5F1uGORXHjjkUJ5Y5FpOaORTzojkXW6Y5Fb+uORQntjkWi7o5FPvCORdbx
jkVv845FC/WORaT2jkU8+I5F1vmORW/7jkUL/Y5FpP6ORTwAj0XWAY9FbwOPRQsFj0WkBo9F
PAiPRdYJj0VvC49FCw2PRaIOj0U+EI9F1hGPRW8Tj0UJFY9FohaPRTwYj0XWGY9FbxuPRQkd
j0W/Ho9FPCCPRdYhj0VvI49FCSWPRaQmj0U8KI9F2CmPRW8rj0ULLY9Foi6PRT4wj0XYMY9F
cTOPRQk1j0WkNo9FPjiPRdY5j0VxO49FCT2PRaI+j0U8QI9F1kGPRW9Dj0UJRY9FokaPRTxI
j0XWSY9FcUuPRQlNj0WkTo9FPlCPRdZRj0VxU49FCVWPRaRWj0U8WI9F1lmPRW9bj0ULXY9F
pF6PRTxgj0XWYY9Fb2OPRQllj0WiZo9FPGiPRdZpj0Vva49FCW2PRaRuj0VAcI9F1nGPRXFz
j0ULdY9FpHaPRT54j0XYeY9FcXuPRQl9j0Wifo9FPICPRdiBj0Vvg49FCYWPRaKGj0U+iI9F
1omPRW+Lj0ULjY9Foo6PRTyQj0XWkY9FcZOPRQmVj0Wilo9FPJiPRdiZj0Vxm49FC52PRaKe
j0U8oI9F1qGPRW+jj0UJpY9FoqaPRTyoj0XYqY9Fb6uPRQutj0Wiro9FPrCPRdixj0Vxs49F
C7WPRaK2j0U+uI9F1rmPRW+7j0ULvY9Fy76PRTzAj0XYwY9Fb8OPRQvFj0Wkxo9FPMiPRdjJ
j0Vvy49FCc2PRaTOj0U80I9F2NGPRW/Tj0UJ1Y9FpNaPRTzYj0XW2Y9Fb9uPRQndj0Wk3o9F
POCPRdbhj0Vx449FCeWPRaLmj0U+6I9F2OmPRW/rj0UJ7Y9FpO6PRTzwj0XW8Y9FcfOPRQn1
j0Wi9o9FPPiPRdj5j0Vv+49FCf2PRaL+j0U8AJBF2AGQRXEDkEUJBZBFogaQRTwIkEXWCZBF
cQuQRQkNkEWiDpBFPhCQRdYRkEVvE5BFCxWQRaIWkEU8GJBF1hmQRXEbkEULHZBFpB6QRTwg
kEXWIZBFcSOQRQslkEWiJpBFPCiQRdYpkEVvK5BFCy2QRaIukEU8MJBF1jGQRXEzkEUJNZBF
ojaQRTw4kEXWOZBFbzuQRQs9kEWiPpBFPECQRdhBkEVvQ5BFCUWQRaRGkEU8SJBF1kmQRXFL
kEULTZBFok6QRT5QkEXWUZBFb1OQRQtVkEWiVpBFPliQRdhZkEVxW5BFC12QRfhekEU8YJBF
1mGQRXFjkEULZZBFpGaQRTxokEXWaZBFcWuQRQltkEWibpBFPnCQRdhxkEVvc5BFCXWQRaJ2
kEU8eJBF1nmQRXF7kEUJfZBFon6QRT6AkEXWgZBFb4OQRQuFkEWihpBFPIiQRdaJkEVvi5BF
CY2QRaSOkEU8kJBF1pGQRW+TkEUJlZBFpJaQRTyYkEXYmZBFb5uQRQmdkEWinpBFPKCQRdih
kEVvo5BFC6WQRaKmkEU+qJBF1qmQRW+rkEULrZBFoq6QRT6wkEXWsZBFb7OQRQm1kEWktpBF
PLiQRda5kEVvu5BFC72QRaK+kEU8wJBF2MGQRXHDkEUJxZBFpMaQRTzIkEXYyZBFb8uQRQnN
kEWizpBFPNCQRdjRkEVv05BFC9WQRaLWkEU+2JBF2NmQRXHbkEUL3ZBFot6QRTzgkEXY4ZBF
b+OQRQvlkEWi5pBFPuiQRdjpkEVx65BFC+2QRaLukEU88JBF1vGQRXPzkEUJ9ZBFpPaQRTz4
kEXW+ZBFb/uQRQn9kEXi/pBFPACRRdYBkUVvA5FFCQWRRaQGkUU8CJFF2AmRRW8LkUULDZFF
og6RRTwQkUXWEZFFbxORRQkVkUWkFpFFPBiRRdYZkUVvG5FFCx2RRaIekUU+IJFF2CGRRXEj
kUUJJZFFoiaRRTwokUXYKZFFbyuRRQktkUWiLpFFPjCRRdYxkUVvM5FFCzWRRaI2kUU+OJFF
1jmRRW87kUUJPZFFpD6RRTxAkUXWQZFFb0ORRQtFkUWkRpFFPEiRRdZJkUVxS5FFCU2RRaJO
kUU+UJFF2FGRRXFTkUULVZFFpFaRRTxYkUXWWZFFb1uRRQldkUWiXpFFPGCRRdhhkUVvY5FF
CWWRRaJmkUU8aJFF1mmRRXFrkUUJbZFFpG6RRT5wkUXWcZFFcXORRQl1kUWidpFFPHiRRdZ5
kUVxe5FFCX2RRaR+kUU8gJFF2IGRRXGDkUUJhZFFpIaRRTyIkUXWiZFFb4uRRQmNkUWkjpFF
PJCRRdiRkUVvk5FFC5WRRaSWkUU+mJFF2JmRRW+bkUUJnZFFzZ6RRZigkUXcoZFFcaORRQml
kUWkppFFPKiRRdapkUVvq5FFCa2RRaKukUU8sJFF2LGRRXGzkUUJtZFForaRRTy4kUXWuZFF
b7uRRQu9kUWivpFFPMCRRdjBkUVvw5FFCcWRRaLGkUU8yJFF2MmRRW/LkUUJzZFFos6RRTzQ
kUXW0ZFFb9ORRQvVkUWk1pFFPtiRRdbZkUVx25FFCd2RRaTekUU84JFF2OGRRXHjkUUJ5ZFF
ouaRRT7okUXW6ZFFceuRRQntkUWi7pFF</AssayXData><AssayYData Points="600">3OqEQPhRhUC9foVAM4OFQHOqhUCC7IVAW+KFQPAShkBTU4ZA6kuGQBZIhkCrZoZA7ZWGQIvE
hkBq6YZAudCGQBPIhkA68YZAt0qHQEIah0AUPodAG1uHQEZph0BIQodAXIuHQBaFh0A8xIdA
cvqHQMPQh0Bi7YdAHCWIQEgriEB8NohAKEyIQLSziEDdZYhA3I6IQCCliEBRnYhAuaqIQGPv
iECdz4hAcx+JQDUCiUB/PYlA8QaJQMtTiUCmaolAV2SJQKWfiUAWtolAusGJQLW2iUBw8YlA
ddWJQMfniUA5J4pAsgWKQAhAikCGQopAy2WKQFtlikBdlopAp6WKQDioikAV+YpAiLmKQEPE
ikC254pA3/qKQAEDi0DzC4tAB0SLQJ0Mi0A8WotAjpGLQLGsi0Czi4tAYMqLQJmpi0CguotA
vteLQG79i0Bv0YtADvuLQPExjEAMJoxAwieMQEZ9jECAeoxAf1uMQJaUjEDVc4xAcZGMQIat
jECarYxAG6yMQMQajUDGC41AO/2MQC4DjUDkNo1Azy+NQEJDjUDxfI1AtWGNQJxijUB7k41A
5X6NQJyHjUB7z41AobGNQMHIjUB3841AiAOOQE/ljUC8BY5A8iaOQJMwjkD6U45AeliOQDtX
jkA4f45Am3SOQFSVjkAza45A2bOOQJCWjkBesY5Av8SOQIfOjkBTvo5AN/SOQP8fj0BM+45A
yk6PQNBRj0B/SI9A0jePQK91j0A7N49APISPQDiLj0D3bI9A1q2PQPHSj0CMuI9AkMGPQDfQ
j0Cwu49Aeu+PQIstkEAXKpBA0vuPQF4ikECROpBALEaQQPE8kEDybJBAVT6QQIJ4kEA3opBA
KXmQQIuskECxsZBASbKQQGqdkEB9zZBA2QKRQCHhkECJ+JBAFgORQKkFkUBIGJFAWR6RQBwl
kUDjQpFApkSRQId1kUC0S5FAYHeRQEBxkUDFVpFA17uRQA+fkUDUgJFAlbqRQPvKkUDZtZFA
TamRQHLlkUC24ZFAlQ6SQKARkkCgF5JAkBqSQENLkkBBQJJAazuSQNlhkkBDa5JAA06SQJ9n
kkCmcZJA9FySQOeokkB4hJJA1p2SQE2mkkCq25JA2r6SQKDJkkDr4JJA2P2SQAbUkkDfAZNA
+iSTQO39kkACFJNARxuTQKInk0D1QJNAhFWTQJhAk0BRXJNAN4uTQHNjk0BAY5NALYCTQMuC
k0BUiZNAD7+TQIm4k0DwopNAp9uTQPPPk0CfrJNAdwGUQKwGlEDRA5RAv/yTQEz4k0Cw2pNA
zveTQCQwlEAePpRAUSWUQNdUlEA6ZpRAA0GUQJ9ZlEA4VpRAIzmUQEOPlECsipRAV3+UQABm
lEDro5RAfKSUQBiAlEAF35RA9MuUQGCxlECv7ZRAvuKUQH/klEBsIpVAb+CUQNHWlEDt8pRA
jAuVQL39lECm/pRAkh2VQHoTlUDeH5VA2j6VQNQZlUCpSZVA1E2VQHJXlUCvRpVATGKVQI11
lUAUbZVAIKiVQMd4lUDLeJVATqqVQJWVlUBEjpVAWcWVQAe6lUB5s5VAD6uVQKzhlUB055VA
jpWVQJjtlUDs4pVAT/2VQIf7lUCMB5ZATRiWQNwRlkA3HpZA4veVQNQmlkDdUpZAPRGWQLQ+
lkBPWJZAzjeWQJ83lkDYjJZANnSWQAKElkAEj5ZAVHKWQKyPlkDNd5ZAf7uWQKy2lkDSmZZA
frSWQHWMlkBIoJZAr6+WQN2ZlkCixZZAj/2WQC3clkBQ3ZZATP6WQJsIl0As85ZApeGWQFAL
l0CM+pZAYOqWQA1Ql0ArIpdAiyWXQKRxl0BJNpdAcTKXQI9ll0D8LpdAK1iXQIpYl0ABXpdA
QS6XQJx8l0A8dpdAN1yXQI16l0BdtZdATnCXQCuGl0AcpJdASJuXQKLEl0BBqpdAYMWXQLak
l0ATtpdAypuXQCfkl0CZBphA7+WXQPbLl0Ch45dAyxeYQHjLl0CiFJhA9C2YQBwcmECx9pdA
wC6YQC3pl0DJCZhAvv2XQFwSmEC+HZhAuhSYQI4umEAUJ5hA7EmYQLBfmEANRJhAVlSYQPJr
mEBYRZhAIYuYQJevmEBxbZhAPoSYQOanmEDVmJhAPoKYQDyumEA8f5hAZ5KYQLSzmEDmu5hA
MIGYQIulmEBW6JhAysaYQFWgmEDm/ZhAX9aYQEnBmEA0/phAN+SYQEPvmECUB5lA0eGYQALc
mEDa4JhAVPyYQPANmUDFGZlACSSZQHAhmUBsMZlApUeZQAMQmUA4PZlAl0aZQCwQmUCAW5lA
yDeZQNBSmUB6RplA526ZQDhjmUDuMplAnYCZQG13mUBzYplAi1iZQJd7mUB1fJlAGZSZQGCq
mUDIXplAmJmZQASvmUCMmZlAD3GZQNyQmUCFnZlAd4yZQHLHmUDArplALomZQMu7mUC8yZlA
bqiZQPfhmUAWy5lAirqZQDnqmUAo7JlAYdSZQBTQmUCo9JlArueZQIXbmUC0B5pAZ/CZQDgH
mkBmIppAJj6aQA0EmkAtKJpAPS6aQFsAmkC6FJpAKSuaQOokmkAFMJpAYCyaQDZDmkDOOppA
/kGaQJ1amkBHLZpALFWaQPpNmkB/VppARYiaQNVmmkCFappAMk2aQIl+mkCMiZpAK1maQOmQ
mkCbcJpA03eaQPXRmkBwr5pA8oqaQJPLmkCWr5pAWq+aQL6ymkAar5pAnZWaQK6zmkC51ppA
ZbaaQCjYmkAou5pAot2aQPTcmkDnyppAv9uaQI7mmkAL4ppAJwWbQAK/mkCi+JpAldiaQB32
mkAcA5tAtTebQKPVmkCC5JpAlCGbQIc1m0BCEptAGhebQNEUm0BDDJtAhjqbQM9Mm0AlNptA
xyubQKlZm0DfNJtA9S+bQNZqm0AdUptAsUmbQGNKm0D8VZtAel6bQMtVm0Bof5tAIVGbQMCF
m0AWbJtAu3CbQMG+m0C/b5tA4nmbQC2um0Dei5tA6XSbQLKdm0D4mptAMqWbQA3Rm0DonZtA
/ZObQG6km0Aw6JtAOcKbQE6mm0C+2ptAzK+bQIGum0D4xptAeeebQFnCm0Cc1ZtAG8WbQO/N
m0CdC5xAHACcQL7Zm0CE7ZtAZPybQF75m0Bs55tAPf+bQL/wm0Aq15tASOSbQFw4nEA1+ZtA
2hScQHgCnEBA5ptAVwKcQKAXnEDtDJxA</AssayYData></Step><Step><CommonData><SampleLocation>3</SampleLocation><SampleID>Octet Buffer</SampleID><SampleGroup></SampleGroup><SampleInfo></SampleInfo><SampleRow>I</SampleRow><SamplePlate>1</SamplePlate><WellType>BUFFER</WellType><Concentration>-1</Concentration><ConcentrationUnits>µg/ml</ConcentrationUnits><MolarConcentration>-1</MolarConcentration><MolarConcUnits>nM</MolarConcUnits><MolecularWeight>0</MolecularWeight><Temperature>30</Temperature><StartTime>5350133</StartTime><AssayTime>100</AssayTime></CommonData><FlowRate>1000</FlowRate><StepType>BASELINE</StepType><StepName>Baseline</StepName><StepStatus>OK</StepStatus><ActualTime>99.9998</ActualTime><CycleTime>0.2</CycleTime><AssayXData Points="500">PPCRRdjxkUVv85FFCfWRRaL2kUU8+JFF1vmRRW/7kUUL/ZFFpP6RRTwAkkXWAZJFbwOSRQsF
kkWkBpJFPAiSRdYJkkVxC5JFCw2SRaIOkkU8EJJF1hGSRW8TkkUJFZJFohaSRT4YkkXWGZJF
bxuSRQsdkkWiHpJFPCCSRdghkkVvI5JFCSWSRaImkkU8KJJF1imSRXErkkUJLZJFoi6SRT4w
kkXYMZJFbzOSRQk1kkWiNpJFPDiSRdg5kkVxO5JFCT2SRaI+kkU8QJJF1kGSRXFDkkULRZJF
okaSRT5IkkXWSZJFb0uSRQlNkkWiTpJFPlCSRdhRkkVvU5JFCVWSRaRWkkU8WJJF1lmSRXFb
kkUJXZJFol6SRTxgkkXYYZJFcWOSRQtlkkWiZpJFPmiSRdZpkkVva5JFCW2SRaJukkU+cJJF
1nGSRW9zkkULdZJFonaSRT54kkXWeZJFb3uSRQl9kkWifpJFPICSRdaBkkVvg5JFC4WSRaSG
kkU8iJJF2ImSRW+LkkUJjZJFpI6SRT6QkkXYkZJFb5OSRQmVkkWilpJFPJiSRdaZkkVvm5JF
C52SRaKekkU+oJJF2KGSRW+jkkUJpZJFpKaSRT6okkXYqZJFb6uSRQmtkkWkrpJFPLCSRdax
kkVvs5JFCbWSRaS2kkU+uJJF1rmSRXG7kkUJvZJFor6SRTzAkkXWwZJFccOSRQnFkkWkxpJF
PsiSRdbJkkVvy5JFCc2SRaTOkkU+0JJF1tGSRW/TkkUL1ZJFotaSRT7YkkXW2ZJFb9uSRQnd
kkWi3pJFPOCSRdbhkkVv45JFC+WSRaTmkkU86JJF1umSRXHrkkUJ7ZJFou6SRTzwkkXW8ZJF
b/OSRQv1kkWi9pJFPPiSRdb5kkVx+5JFC/2SRaL+kkU+AJNF1gGTRW8Dk0ULBZNFogaTRTwI
k0XYCZNFcQuTRQkNk0WkDpNFPhCTRdYRk0VvE5NFCxWTRaIWk0U8GJNF1hmTRW8bk0ULHZNF
oh6TRTwgk0XWIZNFcSOTRQklk0WkJpNFPiiTRdYpk0VvK5NFCS2TRaIuk0U8MJNF2DGTRW8z
k0UJNZNFojaTRT44k0XWOZNFcTuTRQs9k0WkPpNFPkCTRdZBk0VxQ5NFCUWTRaJGk0U8SJNF
1kmTRXFLk0UJTZNFok6TRT5Qk0XYUZNFcVOTRQlVk0WiVpNFPliTRdhZk0VvW5NFCV2TRaJe
k0U+YJNF1mGTRW9jk0UJZZNFomaTRT5ok0XWaZNFb2uTRQltk0WkbpNFPnCTRdZxk0Vvc5NF
CXWTRaR2k0U8eJNF1nmTRW97k0ULfZNFon6TRT6Ak0XWgZNFcYOTRQuFk0WkhpNFPoiTRdiJ
k0Vvi5NFC42TRaKOk0U+kJNF2JGTRXGTk0ULlZNFopaTRT6Yk0XWmZNFb5uTRQmdk0WinpNF
PqCTRdihk0Vvo5NFCaWTRaKmk0U8qJNF1qmTRW+rk0UJrZNFoq6TRTywk0XYsZNFb7OTRQu1
k0WitpNFPLiTRda5k0Vvu5NFCb2TRaK+k0U+wJNF1sGTRXHDk0UJxZNFosaTRT7Ik0XWyZNF
ccuTRQnNk0WkzpNFPtCTRdbRk0Vv05NFC9WTRaLWk0U+2JNF2NmTRW/bk0UJ3ZNFot6TRUDg
k0XW4ZNFb+OTRQnlk0Wk5pNFPuiTRdjpk0Vv65NFC+2TRaLuk0U+8JNF1vGTRXHzk0UJ9ZNF
pPaTRTz4k0XW+ZNFcfuTRQn9k0Wi/pNFPACURdYBlEVvA5RFCQWURaQGlEU8CJRF1gmURW8L
lEUJDZRFpA6URTwQlEXWEZRFbxOURQkVlEWkFpRFPBiURdYZlEVvG5RFCR2URaQelEU8IJRF
1iGURW8jlEUJJZRFoiaURTwolEXWKZRFcSuURQktlEWkLpRFPjCURdYxlEVvM5RFCzWURaI2
lEU+OJRF2DmURXE7lEULPZRFoj6URT5AlEXYQZRFcUOURQlFlEWkRpRFPkiURdhJlEVvS5RF
C02URaJOlEU8UJRF2FGURW9TlEUJVZRFpFaURTxYlEXWWZRFb1uURQtdlEWiXpRFPmCURdhh
lEVvY5RFC2WURaJmlEU+aJRF1mmURXFrlEUJbZRFom6URT5wlEXYcZRFb3OURQt1lEWidpRF
PniURdZ5lEVve5RFCX2URaR+lEU8gJRF1oGURXGDlEUJhZRFooaURT6IlEXYiZRFb4uURQmN
lEWijpRFPJCURdaRlEVxk5RFCZWURaSWlEU+mJRF1pmURXGblEUJnZRFop6URTyglEXWoZRF
caOURQmllEWkppRFPKiURdaplEVxq5RFCa2URaKulEU+sJRF2LGURW+zlEULtZRFpLaURTy4
lEXWuZRFcbuURQm9lEWivpRFPMCURdbBlEVvw5RFC8WURaLGlEU+yJRF2MmURW/LlEUJzZRF
os6URT7QlEXW0ZRFcdOURQvVlEWi1pRFPNiURdbZlEVx25RFCd2URaTelEU84JRF2OGURW/j
lEUJ5ZRFpOaURTzolEXY6ZRFceuURQntlEWk7pRFPPCURdjxlEVv85RFCfWURaL2lEU8+JRF
1vmURXH7lEUJ/ZRFov6URTwAlUXWAZVFbwOVRQkFlUWkBpVFPgiVRdgJlUVxC5VFCQ2VRaIO
lUU=</AssayXData><AssayYData Points="500">0IibQDTTm0DgBpxAaP+bQFRVnEBGN5xAsUGcQIxUnEBybJxAMyqcQChanEB2T5xA7licQJBd
nEBWcJxAO4ucQDpWnEDNdJxAuXKcQNlonEDlcJxALFucQMlmnEABipxA+k6cQNFlnECBlJxA
m4ScQEWCnEC0dpxAkamcQLtrnEAog5xA8oWcQE+AnED6XJxAOKKcQIuinEA3gZxAwYmcQPyF
nEAFhZxAkoGcQFRxnEDWgZxABYucQL2anEB0nZxAw3acQMF8nEAGYpxAeYWcQAehnEDxoZxA
KoGcQHB7nEDfh5xArIKcQMOJnECTk5xAfJOcQNeKnEBWuJxAi26cQA6GnEAClJxAtq6cQECV
nEAUtJxABJecQCKNnEAotJxAMZmcQEWfnEBWnZxAB4qcQKCDnEDqoZxADqycQEeUnEB7ppxA
fp+cQGyZnECKVpxA/6acQCl3nECpfJxAZa6cQD3HnEAlp5xA+KucQA+gnEBldZxAi5mcQJS0
nEDqyZxASJCcQKmZnED9v5xAYsKcQKLCnEC1w5xAw52cQPClnECujpxAHYicQCHHnEBspZxA
zqycQHi4nECqtZxAwn+cQDi7nEC9mJxAcp2cQOdynEDjtJxA2cOcQNOrnEAFvJxAh7mcQAuE
nEDYuJxAlqScQLm8nEBDzpxAn6ucQFLAnECClJxAWLucQNaqnEAzh5xA+92cQHbZnEAGrpxA
3eicQMjNnEAYmJxAAL2cQBLTnEBaxZxApu2cQA7ZnECMtZxAF72cQLDBnEDdr5xAw66cQIW0
nEB7xJxABr6cQCLTnEDwvZxArbCcQMDjnEC41JxAkr2cQCDPnECy6pxAQO+cQGbbnECs55xA
7O2cQPC+nEBZ45xAOcqcQFSmnEDn1ZxAqLecQGG0nECw1ZxAQcGcQEvgnEDrxpxAUc+cQDWk
nEB1sJxA6sGcQCrdnEDzw5xAj96cQKvynECn1ZxAJr6cQMS3nECW25xA7+WcQHu3nECHy5xA
dNycQPjSnEA5ypxAt8ucQPzEnEBA4JxAaeqcQGLnnED6upxAkcycQALXnECr15xA+cucQA/c
nEBi3ZxATLecQH+5nECM6ZxAzOecQCjSnEA13JxAt9icQMTJnECAAJ1AMgGdQL/OnEDWDp1A
Q+ScQE3XnED3/pxAweicQCzonEDVBZ1AS9ucQMnMnEDW/5xAKAudQKQDnUAI/JxAKP6cQAD7
nEDtAZ1ACQidQNEGnUCkBp1ACNicQE3XnEAA6ZxAxwqdQHDynEB6Bp1AzuOcQNwBnUAFA51A
GPecQPcAnUAyB51A+f6cQAXVnEDoy5xA7eCcQNzvnECMHJ1AZPWcQMP+nECC5JxAAcmcQKTm
nEC+45xAnyudQOYBnUCyLZ1Ai+ycQCLynECJAJ1AdyKdQHHwnEDKJp1A7wqdQGD9nEAnDZ1A
wO6cQM7XnECjHp1AdBmdQOoWnUAECJ1Ajd6cQM/pnECpC51AlO6cQMQEnUCx+pxA/fucQCLv
nEA035xAc/+cQEgPnUAsHp1AfxOdQN0InUC+/JxApvCcQHUCnUA0I51AJQWdQOUNnUDIGJ1A
kzWdQJoTnUAXB51A0zmdQG8fnUCB6ZxAZECdQCoInUA6Fp1AdvacQNz4nEB6Jp1Aj/acQMww
nUDyIZ1AGiKdQBwLnUDh95xAWPecQOIQnUDkLp1AIBudQCIjnUBiIZ1AviWdQMYhnUAEHZ1A
zwudQP8VnUBZL51AvDudQK05nUBJDZ1AkiadQDgcnUDQGJ1A90GdQFUTnUBjH51ArSOdQIk0
nUCNJ51AWjOdQH8cnUDY/pxAJAudQPklnUAwDp1AdSedQDJHnUD+D51A+BadQAsHnUAaD51A
khudQNQqnUCZK51A/wadQMQOnUASG51AJjSdQGc1nUAFJ51AcFKdQLgcnUCcT51A7hudQLcz
nUCXPZ1Asz2dQIBAnUCsKp1ACxWdQAs9nUAyHp1ANxedQNoJnUDxH51A1SCdQLERnUDrN51A
tU2dQGcbnUAsHZ1AOjSdQNkbnUAFDJ1A90WdQJE/nUATHp1AmTudQEYRnUB/Kp1AyRKdQDY8
nUAORZ1AOlOdQGoNnUCgLZ1AlCydQENCnUCJD51A6UadQKp2nUCECZ1AATSdQK0YnUArKJ1A
RyqdQGtUnUDgNZ1A0SOdQBZQnUAzVZ1AoDadQO9ZnUCnPp1A7lCdQMxJnUCKYZ1A2x+dQEBQ
nUBWQp1A2EGdQCJUnUD+RJ1AthudQIwhnUAAHJ1APD2dQOZFnUC8Sp1AFkmdQHUknUA6L51A
0A2dQIAWnUDoTp1ADVKdQHdKnUCPT51A03udQA05nUBJMp1ArmCdQBVonUBBRp1ApmudQBtf
nUD6O51AhWqdQJM+nUBaQp1A/VGdQM5HnUA9OZ1AKUOdQItinUCSap1A7zudQLpenUBCRp1A
8TWdQDssnUAFLp1Ae1idQLBRnUC6Sp1APlOdQH9mnUDCbp1A3EmdQLxtnUD3c51AUzudQL9G
nUBOVJ1A2ludQHVFnUAcdZ1AbV2dQKQ7nUCxXJ1AMECdQHVmnUBUZ51APW+dQEdTnUCkVJ1A
GEWdQMBOnUB7P51AyGqdQPU6nUDFTp1AhHmdQMtMnUAXNZ1A90udQAhJnUDtUp1A7mSdQIFl
nUA=</AssayYData></Step><Step><CommonData><SampleLocation>4</SampleLocation><SampleID>hsCD3d/e_Acro_CDD-H52W1</SampleID><SampleGroup></SampleGroup><SampleInfo></SampleInfo><SampleRow>I</SampleRow><SamplePlate>1</SamplePlate><WellType>KSAMPLE</WellType><Concentration>-1</Concentration><ConcentrationUnits>µg/ml</ConcentrationUnits><MolarConcentration>12.5</MolarConcentration><MolarConcUnits>nM</MolarConcUnits><MolecularWeight>0</MolecularWeight><Temperature>30</Temperature><StartTime>5458412</StartTime><AssayTime>180</AssayTime></CommonData><FlowRate>1000</FlowRate><StepType>ASSOC</StepType><StepName>Association</StepName><StepStatus>OK</StepStatus><ActualTime>180.001</ActualTime><CycleTime>0.2</CycleTime><AssayXData Points="900">PBCVRdgRlUVvE5VFERWVRaIWlUU8GJVF2BmVRW8blUUJHZVFoh6VRTwglUXWIZVFbyOVRQsl
lUWkJpVFPCiVRdYplUVxK5VFCS2VRaIulUU+MJVF2DGVRW8zlUUJNZVFojaVRT44lUXYOZVF
cTuVRQk9lUWiPpVFPkCVRdhBlUVvQ5VFCUWVRaJGlUU+SJVF1kmVRXFLlUUJTZVFok6VRTxQ
lUXWUZVFb1OVRQlVlUWiVpVFPFiVRdZZlUVvW5VFCV2VRaJelUU8YJVF1mGVRQ1klUVTZZVF
pGaVRTxolUXWaZVFb2uVRQttlUWkbpVFPHCVRdhxlUVvc5VFC3WVRaR2lUU8eJVF1nmVRW97
lUUJfZVFpH6VRTyAlUXWgZVFb4OVRQmFlUWkhpVFPIiVRdiJlUVxi5VFC42VRaKOlUU+kJVF
1pGVRW+TlUULlZVFopaVRT6YlUXWmZVFb5uVRQmdlUWinpVFPqCVRdihlUVvo5VFDaWVRaKm
lUU8qJVF1qmVRW+rlUULrZVFoq6VRTywlUXWsZVFb7OVRQm1lUWitpVFPLiVRda5lUVvu5VF
C72VRaK+lUU+wJVF1sGVRW/DlUUJxZVFpMaVRT7IlUXYyZVFb8uVRQvNlUWkzpVFPNCVRdbR
lUVx05VFCdWVRaTWlUU82JVF1tmVRXHblUUJ3ZVFpN6VRTzglUXW4ZVFceOVRQnllUWi5pVF
PuiVRdbplUVx65VFCe2VRaTulUU88JVF2PGVRXHzlUUL9ZVFovaVRTz4lUXW+ZVFcfuVRQv9
lUWi/pVFPACWRdYBlkUZBJZFXwWWRaIGlkU8CJZF1gmWRXELlkUJDZZFog6WRT4QlkXWEZZF
cROWRQkVlkWiFpZFPBiWRdYZlkVvG5ZFCR2WRaIelkU+IJZF1iGWRW8jlkUJJZZFpCaWRTwo
lkXYKZZFbyuWRQ0tlkWiLpZFPDCWRdYxlkVvM5ZFCTWWRaQ2lkU+OJZF1jmWRXE7lkUJPZZF
oj6WRTxAlkXWQZZFb0OWRQtFlkWkRpZFPEiWRdZJlkVvS5ZFCU2WRaJOlkU8UJZF1lGWRW9T
lkULVZZFolaWRTxYlkXYWZZFb1uWRQtdlkWkXpZFPGCWRdZhlkVvY5ZFCWWWRaJmlkU+aJZF
1mmWRW9rlkULbZZFpG6WRT5wlkXWcZZFb3OWRQl1lkWidpZFPHiWRdZ5lkVve5ZFC32WRaR+
lkU+gJZF1oGWRW+DlkUJhZZFooaWRTyIlkXWiZZFb4uWRQmNlkWijpZFPJCWRdiRlkVvk5ZF
C5WWRaKWlkU+mJZF2JmWRW+blkULnZZFpJ6WRTyglkXYoZZFBaSWRUyllkWippZFPKiWRdap
lkVxq5ZFCa2WRaKulkU8sJZF2LGWRW+zlkUJtZZForaWRT64lkXWuZZFcbuWRQu9lkWkvpZF
PMCWRdbBlkVvw5ZFC8WWRaLGlkU8yJZF2MmWRW/LlkULzZZFos6WRTzQlkXW0ZZFcdOWRQnV
lkWi1pZFPtiWRdbZlkVv25ZFC92WRaLelkU+4JZF2OGWRW/jlkUJ5ZZFpOaWRTzolkXY6ZZF
b+uWRQntlkWi7pZFPvCWRdbxlkVx85ZFC/WWRaT2lkU++JZF1vmWRW/7lkUJ/ZZFpP6WRTwA
l0XYAZdFbwOXRQsFl0WiBpdFPAiXRdYJl0VvC5dFCQ2XRaIOl0U8EJdF1hGXRW8Tl0UJFZdF
ohaXRT4Yl0XYGZdFbxuXRQsdl0WkHpdFPCCXRdYhl0VxI5dFCSWXRaIml0U+KJdF2CmXRW8r
l0ULLZdFoi6XRT4wl0XYMZdFcTOXRQk1l0WiNpdFPDiXRdg5l0VvO5dFCz2XRaQ+l0U+QJdF
2EGXRc9Dl0UVRZdFpEaXRTxIl0XWSZdFb0uXRQtNl0WkTpdFPlCXRdZRl0VvU5dFCVWXRaJW
l0U+WJdF2FmXRW9bl0ULXZdFol6XRTxgl0XYYZdFb2OXRQlll0WiZpdFPGiXRdZpl0Vxa5dF
C22XRaJul0U8cJdF2HGXRW9zl0UJdZdFonaXRTx4l0XWeZdFcXuXRQl9l0WkfpdFPICXRdaB
l0Vxg5dFCYWXRaSGl0U8iJdF1omXRW+Ll0ULjZdFoo6XRTyQl0XYkZdFb5OXRQmVl0WilpdF
PJiXRdaZl0Vxm5dFC52XRaSel0U+oJdF1qGXRXGjl0ULpZdFoqaXRTyol0XWqZdFcauXRQut
l0WkrpdFPrCXRdaxl0Vxs5dFCbWXRaS2l0U8uJdF1rmXRW+7l0UJvZdFor6XRTzAl0XYwZdF
b8OXRQvFl0WixpdFPMiXRdbJl0Vvy5dFC82XRaTOl0U80JdF1tGXRW/Tl0UJ1ZdFotaXRTzY
l0XY2ZdFb9uXRQndl0Wk3pdFPOCXRdbhl0Vv45dFCeWXRaLml0U86JdF1umXRXHrl0UL7ZdF
ou6XRT7wl0XW8ZdFcfOXRQn1l0Wk9pdFPPiXRdj5l0Vv+5dFC/2XRaL+l0U+AJhF1gGYRW8D
mEULBZhFogaYRTwImEXWCZhFbwuYRQkNmEWiDphFPhCYRdYRmEVvE5hFCRWYRaIWmEU8GJhF
1hmYRW8bmEULHZhFoh6YRT4gmEXWIZhFcSOYRQklmEWiJphFPiiYRdYpmEVxK5hFCy2YRaQu
mEU+MJhF1jGYRXEzmEUJNZhFojaYRTw4mEXWOZhFbzuYRQk9mEWkPphFPkCYRdZBmEVvQ5hF
CUWYRaJGmEU8SJhF2EmYRW9LmEUJTZhFok6YRTxQmEXWUZhFb1OYRQtVmEWkVphFPFiYRdZZ
mEVxW5hFCV2YRaRemEU8YJhF2GGYRW9jmEUJZZhFomaYRT5omEXWaZhFcWuYRQttmEWkbphF
PHCYRdZxmEVxc5hFCXWYRaR2mEU8eJhF2HmYRW97mEUJfZhFon6YRTyAmEXWgZhFCYSYRU6F
mEWkhphFPoiYRdaJmEVvi5hFCY2YRaSOmEU+kJhF2JGYRW+TmEUJlZhFopaYRT6YmEXWmZhF
b5uYRQudmEWknphFPKCYRdahmEVxo5hFCaWYRaKmmEU+qJhF2KmYRW+rmEULrZhFoq6YRT6w
mEXYsZhFb7OYRQm1mEWitphFPLiYRda5mEVxu5hFCb2YRaK+mEU8wJhF2sGYRXHDmEUJxZhF
osaYRTzImEXWyZhFb8uYRQnNmEWizphFPtCYRdbRmEVx05hFCdWYRaLWmEU82JhF2NmYRXHb
mEUJ3ZhFpN6YRTzgmEXW4ZhFb+OYRQnlmEWk5phFPOiYRdbpmEVv65hFCe2YRaLumEU88JhF
2PGYRXHzmEUJ9ZhFpPaYRTz4mEXY+ZhFb/uYRQn9mEWi/phFPACZRdgBmUVxA5lFCwWZRaIG
mUU8CJlF2AmZRXELmUULDZlFog6ZRTwQmUXWEZlFcROZRQkVmUWiFplFPBiZRdYZmUVxG5lF
Cx2ZRaIemUU8IJlF1iGZRfQjmUU4JZlFoiaZRTwomUXYKZlFbyuZRQstmUWkLplFPjCZRdgx
mUVvM5lFCTWZRaQ2mUU8OJlF2DmZRXE7mUUJPZlFpD6ZRT5AmUXWQZlFb0OZRQlFmUWkRplF
PkiZRdZJmUVvS5lFCU2ZRaROmUU8UJlF1lGZRW9TmUULVZlFolaZRT5YmUXWWZlFb1uZRQld
mUWkXplFPGCZRdZhmUVvY5lFCWWZRaJmmUU8aJlF2GmZRW9rmUULbZlFom6ZRT5wmUXWcZlF
b3OZRQt1mUWidplFPniZRdZ5mUVxe5lFCX2ZRaR+mUU8gJlF2IGZRW+DmUULhZlFooaZRT6I
mUXWiZlFb4uZRQmNmUWkjplFPJCZRdaRmUVxk5lFCZWZRaKWmUU8mJlF1pmZRW+bmUUJnZlF
pJ6ZRT6gmUXWoZlFcaOZRQmlmUWipplFPKiZRdapmUVvq5lFCa2ZRaSumUU+sJlF1rGZRW+z
mUULtZlForaZRT64mUXWuZlFb7uZRQu9mUWivplFPsCZRdjBmUUfxJlFZcWZRa3GmUU8yJlF
2MmZRW/LmUULzZlFos6ZRTzQmUXW0ZlFb9OZRQnVmUWi1plFPNiZRdbZmUVx25lFC92ZRaLe
mUU84JlF2OGZRW/jmUUJ5ZlFouaZRTzomUXW6ZlFceuZRQvtmUWi7plFPPCZRdbxmUVv85lF
CfWZRaT2mUU8+JlF2PmZRW/7mUUJ/ZlFov6ZRTwAmkXWAZpFcQOaRQkFmkWiBppFPgiaRdYJ
mkVvC5pFCw2aRaIOmkU+EJpF2BGaRW8TmkULFZpFohaaRT4YmkXWGZpFbxuaRQkdmkWkHppF
PiCaRdYhmkVvI5pFCSWaRaImmkU8KJpF1imaRW8rmkULLZpFpC6aRTwwmkXWMZpFbzOaRQk1
mkWkNppFPDiaRdg5mkVxO5pFCT2aRaI+mkU8QJpF2EGaRW9DmkUJRZpFokaaRT5ImkXWSZpF
b0uaRQlNmkWiTppFPFCaRdZRmkVvU5pFCVWaRaJWmkU8WJpF2FmaRXFbmkUJXZpFol6aRTxg
mkXYYZpFC2SaRU5lmkWiZppFPGiaRdhpmkVva5pFC22aRaJumkU8cJpF2HGaRW9zmkULdZpF
onaaRT54mkXWeZpFcXuaRQl9mkWifppFPoCaRdiBmkVvg5pFC4WaRaKGmkU8iJpF1omaRW+L
mkUJjZpFpI6aRTyQmkXWkZpFcZOaRQmVmkWilppFPpiaRdaZmkVvm5pFCZ2aRaSemkU8oJpF
2KGaRXGjmkULpZpFpKaaRTyomkXWqZpFcauaRQmtmkWkrppF</AssayXData><AssayYData Points="900">RwOdQAREnUAgWp1ApVKdQDGInUDyap1AQnCdQDqmnUB+lJ1ABLOdQNm3nUBsqp1Ax5adQOuJ
nUDZsZ1ACpGdQPqknUBDsp1A4c+dQOO1nUBYtp1AzNadQBqLnUDPsp1ABcCdQOeynUBw151A
+8SdQMXMnUCbpJ1AQtidQKLJnUCY251AIs2dQM+hnUAP3Z1A58GdQA/JnUDCtJ1AhtWdQHHf
nUBFv51AUNKdQE3UnUBUzZ1AgrydQKa5nUBu051A/L2dQHfknUC3zp1AnMmdQDDMnUA21Z1A
CMydQJTMnUAg4p1A4sWdQPPvnUC2851AJNSdQJTYnUAN4p1AsrOdQEm4nUD2zZ1AubKdQNuy
nUCJ7J1AsLadQHHgnUBi0J1AvN+dQCHSnUD98p1AOOKdQJ/LnUAw0J1AFeCdQDPcnUAcuZ1A
JtCdQN/GnUBYwZ1AdPydQHbinUCU251AT/GdQLTlnUB93p1AZOudQOLPnUCHyZ1A9tydQKDz
nUB45J1AOQOeQOjWnUD5AJ5A39adQETinUAN4p1A5+KdQD/1nUAZ0p1A/uGdQETdnUBg3p1A
asedQKH1nUC4+51AeuadQA/1nUCZzJ1AlN2dQNvqnUCQ+J1ApPOdQMLqnUAyH55AUuydQELY
nUAU751ABPadQCPpnUBBJp5At9qdQHrknUBIHZ5AgOGdQFPfnUCt3Z1AVdidQCD3nUC0BZ5A
gdqdQFvinUDI8Z1ArwCeQHnVnUAY/Z1A8A+eQCHrnUAY4p1AZPmdQMn3nUBC5Z1AAeydQJwE
nkDLFZ5AQg6eQJfxnUB6A55ACvedQK4LnkATEp5AP/qdQO4enkDLDp5AVuCdQO7inUCY+J1A
XPidQNj3nUBbCp5AR+OdQGEZnkDG7p1AMOmdQJL/nUAABZ5AZuadQNbrnUDU/51ABAqeQEcf
nkCrAp5A9eedQBPynUDIDJ5AtxeeQD0HnkDhDZ5AUP+dQAQKnkDQ7J1A6ASeQCDmnUBGHJ5A
zAeeQLH5nUDg9p1AreedQKkOnkDXD55AFxqeQNYHnkBSBJ5A6yOeQCYankBX3Z1Af/+dQPAO
nkCtCJ5AyiyeQD0GnkCYHJ5AxhWeQEYMnkB9GJ5A0hCeQGcpnkCX+J1AgQOeQM4ankB2+p1A
dAmeQNI0nkB9Hp5AMwaeQKwJnkDfCJ5AUBqeQEERnkD7I55ALhOeQC0MnkA1DZ5AcACeQOAd
nkCtKJ5A9Q6eQPkSnkATLp5A8xKeQHcDnkBEQZ5ACweeQJQEnkD2D55AHDCeQAAInkB8Np5A
9x6eQB4hnkDlOp5Adx6eQHw9nkDEJp5A5B+eQBlDnkDOA55AljqeQCkknkDm+Z1Adv6dQJMM
nkCV851AoxueQII/nkCtGZ5ATR2eQMZGnkAxJJ5A4U6eQEJAnkA5L55Av/WdQOQlnkAyLJ5A
oRieQF0RnkAIW55A4CGeQKIhnkBsG55AeUKeQDYonkAKHJ5AmjOeQP0xnkBvJ55AORaeQMZB
nkC2Fp5A9TaeQD5unkCIMp5A21aeQCxNnkC2MJ5A+B+eQNwxnkA5ZZ5AAV2eQGkknkAzL55A
5i2eQHYvnkDUJp5AjUSeQFE6nkBCL55A7yWeQFs/nkAUJp5AqFKeQHRgnkBrJZ5AbkieQE87
nkC6QZ5AowqeQD0qnkCkQZ5AOCqeQEk+nkAqTZ5AyPedQNEknkCUO55ASDqeQKEhnkDYW55A
a0yeQJk6nkB+M55A3zSeQNE1nkCfSp5AHSSeQJFDnkBfUZ5AAjGeQJk8nkD8SZ5A51SeQMM4
nkADSZ5At0KeQP8wnkBvVp5Aej2eQGI+nkBhO55AjkyeQOxUnkB1IZ5AIz6eQC05nkDPQ55A
wV2eQPpInkAlQJ5A7kOeQIdVnkA2JJ5A406eQN5VnkBUKp5AzSieQGVJnkD7Qp5A7haeQJlc
nkC6PJ5AfSueQJstnkCPRZ5A0SaeQARQnkBLVp5AS1CeQMZRnkACQp5ApVaeQApsnkAmYJ5A
zUaeQEU5nkC8OJ5AzkaeQEdlnkCRPZ5A7VKeQCc6nkDjQZ5AGDueQGg4nkBlYZ5AS02eQNtg
nkA+T55Ao1meQCpXnkDTZJ5A+GGeQK5ynkB9Ip5AW0ueQMJCnkAQX55AaEaeQGdbnkCsNp5A
ei2eQJltnkB3PZ5A8zqeQEhvnkAZOp5AvWieQNZenkA4ZJ5A4WWeQNJlnkAWYJ5AYXGeQPFL
nkDRVZ5A3E+eQNJqnkAsS55AuDueQJFynkCJb55AMYKeQBBMnkBugJ5ANTqeQFc7nkCSX55A
W2SeQCFUnkBjSp5AhmeeQHIynkDlhp5AwFKeQLJYnkAubp5Afm+eQGODnkBPVJ5A0HqeQOto
nkBzZJ5A0HWeQKlInkAqdp5Ai5OeQByCnkClTZ5A7peeQNNXnkBEXJ5Ac3SeQO6bnkBjX55A
DYKeQMFynkDEcZ5AB1ieQPFXnkDEXJ5AHm+eQMCQnkDef55ADVGeQEJonkAId55AUmqeQKmO
nkBgaZ5AqmCeQE12nkBlap5AQm6eQPd9nkCNjp5AkHmeQEpynkB4dJ5AxGaeQI2EnkAump5A
a42eQBZ8nkDxip5A43KeQHNInkCne55ALWueQC1cnkA8np5AsmWeQDNLnkCzdZ5ADXueQLGA
nkApdJ5AUICeQGBcnkBcfJ5ABm2eQD2HnkDgnZ5ALJieQFB1nkATY55AZWqeQA6BnkDQdZ5A
1IieQG+NnkA4eZ5AYlyeQPKZnkBmip5AEYeeQAJonkCtep5A9meeQKmQnkDlep5AfY+eQFJ2
nkD1nJ5AyXyeQBuQnkBtaZ5AtlyeQJ13nkBKmJ5AmImeQF5fnkA3eZ5Al3aeQD5mnkBBc55A
p4meQMuCnkDElJ5A/X+eQOp/nkBZd55AxnmeQDprnkCzdJ5AG4aeQFB7nkCirJ5AXpeeQBZ7
nkDJfJ5AJnmeQMGSnkDQW55AxnqeQGxwnkAYgJ5At5+eQC2pnkBtlZ5ASo+eQByGnkD8mp5A
J3+eQFWRnkBsfZ5A8ZOeQGSKnkBhpZ5AUHSeQIiwnkA4o55AZ6GeQG90nkAMjp5AUHyeQEp2
nkBcmp5ATHKeQEONnkAdkJ5ACJWeQDuxnkDPkZ5A1Z+eQGqWnkAihJ5AGZ6eQOJrnkCxjZ5A
WpaeQOCYnkBvsJ5AsJOeQBGcnkDNi55AFHaeQDWmnkDZk55Ax5KeQPqTnkAegJ5A96KeQLSA
nkCUf55A6qKeQL3AnkCkap5AjqGeQOiankDAsZ5A3nOeQGvPnkCee55ATomeQK2fnkAZkJ5A
g4aeQLGhnkAIm55AF5meQHOKnkAAkp5AUq2eQLuYnkBDrp5AuqieQLmPnkDOj55AEYGeQOWK
nkDVp55AsKyeQE65nkC1mJ5A46qeQMuynkDgr55ALaeeQASbnkC9ep5AjrmeQLFznkAxsp5A
JbyeQFp7nkCCo55Ahq+eQCWXnkCzlp5AnsOeQKupnkCnp55A3seeQIuhnkCzmp5Ar7aeQPyh
nkDzm55AxbCeQKKjnkCZp55AEIyeQO2fnkDjqp5ARJOeQL2+nkCwxZ5AA6WeQKu9nkAawp5A
D5+eQHnCnkBVv55Am42eQJygnkCjv55ANpCeQDK7nkAJyp5AXcueQC2onkCmlJ5ARcGeQBao
nkBtmZ5AZLKeQGasnkAPup5A356eQJzAnkAzy55AwqSeQPienkCPsp5AJbueQHKunkD7u55A
5N+eQDGhnkBDrZ5As8OeQEvPnkB9q55AFb2eQOW3nkC/uJ5AX8GeQKSgnkBJuJ5AucCeQMS+
nkCBl55ARs6eQEjNnkD0op5A/s6eQKmjnkDfo55AL6qeQCGenkDzpp5Ag62eQNG/nkDfkp5A
UameQO+/nkCyzZ5AFqqeQBvVnkBDuZ5AoLOeQGi9nkDmp55AdMGeQPy0nkCUs55AnYSeQDO8
nkDrv55AnMqeQKaYnkC4zp5A3pqeQDaRnkBqxp5Ac6meQCKlnkDBtZ5A3OKeQKe/nkAG1Z5A
NL6eQOrDnkDRxJ5A1OOeQM3KnkDmtp5Arr+eQNy+nkDB5p5A0aWeQF7NnkAar55ApLeeQJbV
nkAksZ5A9rmeQBDcnkCM0J5AXq2eQKfnnkDRrJ5AMsOeQIjInkB7wp5AILyeQOG4nkDk0Z5A
CLOeQNTCnkCs3J5AacOeQA2ZnkBlvZ5AnL6eQH+wnkDR755ARLueQBq3nkBp1Z5AzdmeQGnL
nkCR9J5AR9ueQNyznkB0m55ALNueQAPOnkAJ5Z5AweqeQITEnkCVqp5AL+ueQJvUnkBGxJ5A
9dKeQMyznkDkwZ5A6NCeQHm7nkAByp5AjLeeQFzinkC4vJ5A2t+eQIbKnkCBwp5AHdaeQHPz
nkB40Z5AVseeQF29nkAX455Az9aeQAaxnkDU1p5Aya6eQLvSnkDny55Ai8ueQNC0nkBz1J5A
Uc6eQNPhnkDZ4Z5AUaqeQN/YnkDOvp5ACMqeQPvinkD12Z5Ax8meQKHenkAt+Z5AT+yeQOnX
nkDGup5A/cyeQB3knkBs4p5AysKeQBPYnkDl355An9SeQJbfnkCaqp5AttueQAnOnkCfu55A
n+qeQJvsnkDxzp5AOvKeQFLSnkD/0p5AvNqeQIvinkAeB59AN+qeQFH2nkCT2Z5AkOieQGEa
n0DaFJ9A9cKeQObonkCa455Azc+eQGDXnkDB1J5AUv6eQPXynkBXz55A7eOeQDi3nkD34Z5A
V9qeQNMXn0Dn355AXbieQGXSnkBU9Z5Al/KeQJ3NnkDU6Z5A</AssayYData></Step><Step><CommonData><SampleLocation>3</SampleLocation><SampleID>Octet Buffer</SampleID><SampleGroup></SampleGroup><SampleInfo></SampleInfo><SampleRow>I</SampleRow><SamplePlate>1</SamplePlate><WellType>BUFFER</WellType><Concentration>-1</Concentration><ConcentrationUnits>µg/ml</ConcentrationUnits><MolarConcentration>-1</MolarConcentration><MolarConcUnits>nM</MolarConcUnits><MolecularWeight>0</MolecularWeight><Temperature>30</Temperature><StartTime>5646656</StartTime><AssayTime>300</AssayTime></CommonData><FlowRate>1000</FlowRate><StepType>DISASSOC</StepType><StepName>Dissociation</StepName><StepStatus>OK</StepStatus><ActualTime>300</ActualTime><CycleTime>0.2</CycleTime><AssayXData Points="1500">PrCaRdixmkVxs5pFC7WaRaS2mkVAuJpF2LmaRXG7mkUNvZpFpL6aRT7AmkUFwppFccOaRQ3F
mkWmxppFQMiaRdjJmkVxy5pFDc2aRabOmkU+0JpF2NGaRXHTmkUL1ZpFptaaRT7YmkXY2ZpF
c9uaRQvdmkWk3ppFPuCaRdjhmkVz45pFDeWaRabmmkU+6JpF2OmaRXPrmkUN7ZpFpO6aRT7w
mkXa8ZpFc/OaRQv1mkWm9ppFQPiaRdj5mkVz+5pFDf2aRaT+mkU+AJtF2AGbRXEDm0UNBZtF
pAabRUAIm0XYCZtFcQubRQsNm0WkDptFPhCbRdoRm0VzE5tFCxWbRaQWm0U+GJtF2BmbRXEb
m0ULHZtFpB6bRT4gm0XaIZtFcSObRQslm0WmJptFQCibRdopm0VzK5tFCy2bRaQum0VAMJtF
2jGbRXEzm0UNNZtFpDabRUA4m0XYOZtFczubRQ89m0WkPptFPkCbRdhBm0VzQ5tFC0WbRaRG
m0VASJtF2EmbRXFLm0UNTZtFpE6bRT5Qm0XYUZtFcVObRQtVm0WkVptFPlibRdpZm0VxW5tF
C12bRaRem0U+YJtF8GGbRXFjm0ULZZtFpGabRUBom0XaaZtFcWubRQ1tm0WmbptFPnCbRdhx
m0Vzc5tFC3WbRaR2m0U+eJtF2nmbRXF7m0ULfZtFpH6bRT6Am0XagZtFcYObRQuFm0WkhptF
QIibRdiJm0Vzi5tFD42bRaaOm0VAkJtF2pGbRXOTm0UNlZtFppabRT6Ym0XYmZtFc5ubRQud
m0WmnptFPqCbRdihm0Vzo5tFDaWbRaSmm0U+qJtF2KmbRXGrm0ULrZtFpK6bRT6wm0XasZtF
cbObRQ+1m0WktptFPribRdi5m0Vxu5tFDb2bRaS+m0VAwJtF2sGbRXHDm0UNxZtFpMabRT7I
m0XYyZtFc8ubRQvNm0WkzptFQNCbRdjRm0Vx05tFDdWbRaTWm0U+2JtF2NmbRXPbm0UN3ZtF
pN6bRT7gm0Xa4ZtFceObRQvlm0Wk5ptFPuibRdrpm0Vx65tFDe2bRaTum0U+8JtF2PGbRXHz
m0UL9ZtFpPabRT74m0XY+ZtFcfubRQv9m0Wk/ptFPgCcRR0CnEVxA5xFCwWcRaQGnEU+CJxF
2AmcRXELnEULDZxFpg6cRT4QnEXYEZxFcROcRQsVnEWkFpxFPhicRdgZnEVzG5xFDR2cRaQe
nEU+IJxF2iGcRXEjnEULJZxFpCacRT4onEXYKZxFcSucRQstnEWmLpxFPjCcRdgxnEVzM5xF
CzWcRaQ2nEVAOJxF2DmcRXM7nEULPZxFpj6cRUBAnEXYQZxFcUOcRQtFnEWkRpxFPkicRdhJ
nEVxS5xFC02cRaROnEVAUJxF2FGcRXFTnEUNVZxFpFacRT5YnEXaWZxFcVucRQtdnEWkXpxF
QGCcRdhhnEVzY5xFDWWcRaRmnEVAaJxF2GmcRXFrnEULbZxFpm6cRT5wnEXacZxFcXOcRQt1
nEWmdpxFPnicRdp5nEVxe5xFC32cRaR+nEVAgJxF2oGcRXGDnEUNhZxFpoacRUCInEXYiZxF
c4ucRQuNnEWkjpxFPpCcRdiRnEVxk5xFC5WcRaSWnEVAmJxF2JmcRXGbnEULnZxFpJ6cRT6g
nEUJopxFcaOcRQulnEWkppxFQKicRdipnEVxq5xFC62cRaSunEVAsJxF2LGcRXGznEULtZxF
pracRT64nEXYuZxFcbucRQu9nEWmvpxFPsCcRdjBnEVxw5xFC8WcRabGnEU+yJxF2smcRXHL
nEUNzZxFps6cRT7QnEXa0ZxFcdOcRQvVnEWk1pxFPticRdjZnEVx25xFDd2cRaTenEVA4JxF
2OGcRXPjnEUL5ZxFpuacRT7onEXY6ZxFceucRQ3tnEWk7pxFPvCcRdrxnEVx85xFC/WcRaT2
nEU++JxF2PmcRXH7nEUN/ZxFpP6cRT4AnUXaAZ1FcwOdRQsFnUWkBp1FPgidRdgJnUVxC51F
DQ2dRaYOnUU+EJ1F2BGdRXMTnUULFZ1FpBadRUAYnUXYGZ1FcRudRQ0dnUWkHp1FQCCdRdgh
nUVxI51FDSWdRaQmnUU+KJ1F2CmdRXErnUUNLZ1FpC6dRT4wnUXaMZ1FczOdRQs1nUWkNp1F
PjidRdg5nUVzO51FDT2dRaQ+nUVAQJ1F8kGdRXFDnUUNRZ1FpkadRT5InUXYSZ1FcUudRQtN
nUWmTp1FQlCdRdhRnUVxU51FDVWdRaZWnUVAWJ1F2FmdRXFbnUULXZ1FpF6dRUBgnUXYYZ1F
c2OdRQtlnUWkZp1FQGidRdhpnUVxa51FDW2dRaRunUVAcJ1F2nGdRXFznUUNdZ1FpHadRT54
nUXaeZ1FcXudRQ19nUWkfp1FQICdRdiBnUVxg51FDYWdRaSGnUU+iJ1F2omdRXGLnUULjZ1F
po6dRUCQnUXYkZ1FcZOdRQ2VnUWklp1FPpidRdiZnUVzm51FC52dRaaenUU+oJ1F2qGdRXOj
nUULpZ1FpqadRT6onUXYqZ1Fc6udRQutnUWkrp1FPrCdRdqxnUVzs51FC7WdRaa2nUU+uJ1F
2LmdRXG7nUUNvZ1FpL6dRT7AnUXYwZ1FccOdRQ3FnUWkxp1FPsidRdjJnUVxy51FC82dRaTO
nUU+0J1F2NGdRXPTnUUN1Z1FpNadRT7YnUXY2Z1FcdudRQvdnUWk3p1FPuCdRUDinUWE451F
C+WdRaTmnUVA6J1F2OmdRXPrnUUL7Z1Fpu6dRT7wnUXY8Z1FcfOdRQ31nUWm9p1FPvidRdj5
nUVx+51FC/2dRaT+nUU+AJ5F2AGeRXMDnkUNBZ5FpAaeRT4InkXaCZ5FcQueRQsNnkWkDp5F
PhCeRdgRnkVxE55FDRWeRaQWnkVAGJ5F2BmeRXEbnkULHZ5FpB6eRUAgnkXaIZ5FcSOeRQsl
nkWmJp5FPiieRdwpnkVxK55FDS2eRaQunkU+MJ5F2jGeRXEznkULNZ5FpDaeRUA4nkXYOZ5F
cTueRQs9nkWkPp5FPkCeRdpBnkVzQ55FC0WeRaRGnkVASJ5F2EmeRXNLnkULTZ5FpE6eRT5Q
nkXYUZ5FcVOeRQ1VnkWkVp5FPlieRdhZnkVxW55FDV2eRaRenkU+YJ5F2GGeRXFjnkULZZ5F
pGaeRT5onkXaaZ5FcWueRQttnkWkbp5FQHCeRdpxnkVxc55FC3WeRaR2nkVAeJ5F2nmeRXF7
nkULfZ5FpH6eRT6AnkUqgp5FcYOeRQuFnkWkhp5FPoieRdiJnkVxi55FC42eRaSOnkU+kJ5F
2JGeRXGTnkULlZ5FppaeRT6YnkXYmZ5FcZueRQ2dnkWmnp5FPqCeRdihnkVxo55FC6WeRaam
nkU+qJ5F2KmeRXGrnkUNrZ5FpK6eRT6wnkXYsZ5FcbOeRQu1nkWktp5FPrieRdi5nkVxu55F
C72eRaa+nkU+wJ5F2sGeRXPDnkULxZ5FpMaeRT7InkXYyZ5Fc8ueRQ3NnkWkzp5FPtCeRdzR
nkVx055FC9WeRaTWnkU+2J5F2NmeRXPbnkUN3Z5Fpt6eRT7gnkXa4Z5FceOeRQvlnkWk5p5F
QOieRdrpnkVx655FC+2eRaTunkU+8J5F2vGeRXHznkUL9Z5FpPaeRUD4nkXY+Z5FcfueRQv9
nkWm/p5FQACfRdgBn0VxA59FCwWfRaYGn0VACJ9F2AmfRXMLn0UNDZ9FpA6fRT4Qn0XYEZ9F
cROfRQsVn0WmFp9FQBifRdgZn0VxG59FCx2fRaYen0U+IJ9FFyKfRXEjn0UNJZ9FpiafRUAo
n0XYKZ9FcSufRQstn0WmLp9FPjCfRdoxn0VxM59FDTWfRaQ2n0U+OJ9F2DmfRXM7n0UNPZ9F
pD6fRT5An0XaQZ9FcUOfRQtFn0WmRp9FPkifRdhJn0VxS59FDU2fRaROn0U+UJ9F2FGfRXNT
n0UNVZ9FpFafRT5Yn0XYWZ9FcVufRQtdn0WkXp9FPmCfRdphn0VxY59FC2WfRaRmn0U+aJ9F
2GmfRXFrn0UNbZ9FpG6fRT5wn0XYcZ9FcXOfRQt1n0Wodp9FPnifRdh5n0Vze59FC32fRaR+
n0VAgJ9F2IGfRXGDn0ULhZ9FpoafRUCIn0XaiZ9Fc4ufRQuNn0Wkjp9FPpCfRdiRn0Vxk59F
DZWfRaSWn0U+mJ9F2JmfRXObn0ULnZ9Fpp6fRT6gn0XaoZ9FcaOfRQ2ln0Wmpp9FQKifRdqp
n0Vzq59FC62fRaSun0U+sJ9F2LGfRXOzn0UNtZ9FpLafRT64n0XYuZ9FcbufRQ29n0Wkvp9F
PsCfRUTCn0WIw59FDcWfRaTGn0U+yJ9F2smfRXHLn0ULzZ9Fps6fRUDQn0XY0Z9FcdOfRQvV
n0Wk1p9FPtifRdjZn0Vz259FDd2fRaTen0VA4J9F2OGfRXHjn0UL5Z9FpOafRT7on0Xa6Z9F
c+ufRQ3tn0Wk7p9FPvCfRdjxn0Vz859FC/WfRab2n0VA+J9F2PmfRXH7n0UL/Z9Fpv6fRT4A
oEXaAaBFcwOgRQ0FoEWkBqBFPgigRdoJoEVxC6BFCw2gRaYOoEVAEKBF2BGgRXEToEULFaBF
phagRT4YoEXYGaBFcRugRQ0doEWkHqBFQCCgRdghoEVxI6BFDSWgRaQmoEVAKKBF2imgRXMr
oEUNLaBFpi6gRUAwoEXYMaBFcTOgRQ01oEWkNqBFPjigRdg5oEVzO6BFCz2gRaY+oEVAQKBF
2EGgRXFDoEULRaBFpkagRUBIoEXYSaBFcUugRQtNoEWmTqBFPlCgRdhRoEVzU6BFC1WgRaRW
oEU+WKBF2lmgRXNboEULXaBFpl6gRUBgoEUwYqBFdWOgRQ1loEWmZqBFPmigRdppoEVxa6BF
C22gRaZuoEU+cKBF2HGgRXFzoEUNdaBFpnagRT54oEXYeaBFcXugRQt9oEWkfqBFPoCgRdiB
oEVxg6BFC4WgRaaGoEVAiKBF2omgRXOLoEUNjaBFpo6gRT6QoEXakaBFc5OgRQ2VoEWmlqBF
QJigRdiZoEVzm6BFDZ2gRaaeoEU+oKBF2KGgRXGjoEULpaBFpKagRT6ooEXYqaBFcaugRQut
oEWkrqBFPrCgRdixoEVxs6BFDbWgRaS2oEU+uKBF2rmgRXO7oEULvaBFpL6gRT7AoEXYwaBF
ccOgRQvFoEWkxqBFPsigRdrJoEVzy6BFC82gRaTOoEVA0KBF2tGgRXPToEUN1aBFpNagRUDY
oEXY2aBFcdugRQ3doEWk3qBFPuCgRdjhoEVx46BFDeWgRabmoEU+6KBF2umgRXHroEUL7aBF
pu6gRUDwoEXY8aBFcfOgRQv1oEWk9qBFQPigRdj5oEVx+6BFDf2gRaT+oEU+AKFFGQKhRXED
oUULBaFFpgahRT4IoUXYCaFFcwuhRQ0NoUWmDqFFPhChRdgRoUVzE6FFCxWhRaQWoUU+GKFF
2BmhRXEboUULHaFFpB6hRT4goUXaIaFFcSOhRQsloUWkJqFFQCihRdgpoUVzK6FFDS2hRaQu
oUU+MKFF2jGhRXEzoUULNaFFpDahRUA4oUXYOaFFcTuhRQs9oUWkPqFFQEChRdpBoUVxQ6FF
C0WhRaZGoUU+SKFF2EmhRXNLoUULTaFFpE6hRT5QoUXaUaFFcVOhRQtVoUWkVqFFPlihRdhZ
oUVzW6FFC12hRaZeoUU+YKFF2mGhRXFjoUULZaFFpGahRUBooUXaaaFFcWuhRQ1toUWmbqFF
PnChRdhxoUVzc6FFC3WhRaR2oUVAeKFF2nmhRXN7oUUNfaFFpH6hRT6AoUXYgaFFcYOhRQ2F
oUWkhqFFQIihRdqJoUVxi6FFD42hRaSOoUVAkKFF2pGhRXOToUULlaFFpJahRUCYoUXYmaFF
c5uhRQudoUWknqFFQKChRUaioUWKo6FFC6WhRaSmoUU+qKFF2KmhRXOroUULraFFpq6hRT6w
oUXasaFFcbOhRQu1oUWmtqFFPrihRdi5oUVzu6FFDb2hRaS+oUVAwKFF2MGhRXHDoUULxaFF
pMahRUDIoUXYyaFFccuhRQ3NoUWkzqFFPtChRdjRoUVz06FFC9WhRaTWoUU+2KFF2tmhRXHb
oUUL3aFFpt6hRT7goUXa4aFFc+OhRQ3loUWk5qFFPuihRdjpoUVz66FFC+2hRaTuoUVA8KFF
2PGhRXPzoUUN9aFFpPahRT74oUXa+aFFcfuhRQv9oUWk/qFFQACiRdgBokVzA6JFCwWiRaQG
okU+CKJF2gmiRXELokUNDaJFpA6iRT4QokXaEaJFcxOiRQsVokWkFqJFQBiiRdgZokVxG6JF
Cx2iRaYeokVAIKJF2CGiRXEjokULJaJFpCaiRT4ookXYKaJFcSuiRQstokWkLqJFPjCiRdox
okVzM6JFCzWiRaQ2okVAOKJF2jmiRXE7okULPaJFpj6iRUBAokUyQqJFdUOiRQtFokWmRqJF
QEiiRdhJokVxS6JFC02iRaZOokU+UKJF2FGiRXFTokULVaJFplaiRT5YokXaWaJFcVuiRQ1d
okWkXqJFPmCiRdxhokVxY6JFC2WiRaRmokU+aKJF2GmiRXNrokULbaJFpm6iRT5wokXYcaJF
cXOiRQ11okWmdqJFQHiiRdh5okVxe6JFDX2iRaZ+okU+gKJF2IGiRXGDokULhaJFpIaiRUCI
okXYiaJFcYuiRQuNokWkjqJFQJCiRdqRokVxk6JFDZWiRaaWokU+mKJF2JmiRXObokUNnaJF
pp6iRUCgokXYoaJFc6OiRQ2lokWkpqJFPqiiRdipokVxq6JFDa2iRaauokU+sKJF2rGiRXGz
okUNtaJFpLaiRUC4okXYuaJFcbuiRQu9okWkvqJFPsCiRdjBokVzw6JFDcWiRabGokU+yKJF
2MmiRXHLokUNzaJFpM6iRUDQokXY0aJFc9OiRQ3VokWk1qJFPtiiRdjZokVz26JFDd2iRabe
okU+4KJFHeKiRXHjokUL5aJFpOaiRT7ookXY6aJFceuiRQvtokWk7qJFPvCiRdrxokVx86JF
C/WiRaT2okU++KJF2PmiRXH7okUN/aJFpP6iRT4Ao0XaAaNFcQOjRQ0Fo0WkBqNFPgijRdgJ
o0VzC6NFDQ2jRaQOo0U+EKNF2BGjRXETo0ULFaNFpBajRUAYo0XYGaNFcRujRQ0do0WkHqNF
QCCjRdgho0VxI6NFCyWjRaQmo0U+KKNF2CmjRXMro0ULLaNFpC6jRUAwo0XYMaNFcTOjRQs1
o0WkNqNFQDijRdo5o0VxO6NFCz2jRaY+o0U+QKNF2EGjRXFDo0ULRaNFpEajRT5Io0XaSaNF
cUujRQ1No0WmTqNFPlCjRdpRo0VxU6NFC1WjRaRWo0U+WKNF2FmjRXNbo0ULXaNFpF6jRT5g
o0XYYaNFcWOjRQ1lo0WmZqNFPmijRdppo0Vxa6NFC22jRaRuo0U+cKNF2HGjRXFzo0ULdaNF
pHajRT54o0XaeaNFcXujRQt9o0WkfqNFQICjRUqCo0WQg6NFDYWjRaSGo0U+iKNF2ImjRXOL
o0ULjaNFpI6jRUCQo0XakaNFcZOjRQuVo0WklqNFPpijRdiZo0Vxm6NFC52jRaSeo0U+oKNF
2KGjRXGjo0ULpaNFpKajRUCoo0XYqaNFc6ujRQuto0WmrqNFQLCjRdixo0Vzs6NFC7WjRaa2
o0U+uKNF2rmjRXG7o0ULvaNFpL6jRT7Ao0XYwaNFccOjRQ3Fo0WkxqNFPsijRdjJo0Vxy6NF
C82jRabOo0VA0KNF2tGjRXHTo0UN1aNFptajRT7Yo0Xa2aNFcdujRQ3do0Wk3qNFQOCjRdrh
o0Vx46NFC+WjRaTmo0U+6KNF2OmjRXPro0UP7aNFpO6jRUDwo0Xa8aNFc/OjRQ31o0Wm9qNF
PvijRdj5o0Vx+6NFC/2jRaT+o0U+AKRF2AGkRXMDpEULBaRFpAakRUAIpEXYCaRFcQukRQ0N
pEWkDqRF</AssayXData><AssayYData Points="1500">/xmeQBgTnkBjRp5AaV6eQBdinkCqLJ5AenaeQBtFnkCYQ55AZWSeQEKJnkDXgZ5AmF2eQFme
nkDFjp5ASWGeQOeQnkD8n55AykieQHWAnkDzi55ArGueQERvnkC2pJ5AXpeeQI+WnkDroJ5A
B4eeQNOFnkAXiZ5AhrCeQHulnkA5lJ5A0aOeQNCGnkBWx55AD6OeQDhunkDXpZ5Azs2eQDKJ
nkDlkp5AdaeeQHy/nkArlZ5AVbKeQBumnkCjkZ5AW4WeQPTKnkBtmJ5ANaaeQGSznkARjJ5A
EbyeQFC0nkDbqZ5Ap7eeQD2jnkC2sZ5AXJCeQIm6nkBDm55A6paeQOO8nkAAqp5AZ4qeQMib
nkB4sZ5AzKieQC6onkCwg55AKIyeQKqfnkCfpp5Aba2eQO2fnkCupp5AVrGeQNSbnkDYpZ5A
f7qeQPGwnkCWyZ5A7p6eQBS/nkCEsJ5AU8eeQH+VnkD1yJ5Aha2eQH2lnkAdkZ5AHa2eQPGY
nkDur55ANqKeQPqgnkD/fJ5A/NqeQJ6ynkAK3J5ARp2eQFvRnkBftZ5Aqr2eQJe2nkBhu55A
StyeQAuwnkByxJ5AisOeQE/FnkAnyZ5A8+2eQPe9nkD2xp5AhKKeQHvwnkAhvZ5A53meQMvK
nkBXuZ5AztKeQDi4nkBzvJ5A8MGeQCGinkAq9p5A1cmeQKTXnkD2rJ5AzcWeQGWXnkDVz55A
iM6eQOHYnkBQ+Z5AN/KeQFi+nkDB0p5AWcWeQKq6nkCnzJ5AG8ueQAu3nkA5mZ5Ao7yeQOuw
nkAW055A8cCeQNnonkCh1p5AWeWeQNLqnkAmxZ5AyZaeQN/lnkDL0p5AhcGeQCPxnkBQwZ5A
2sqeQCfHnkBr3p5A58WeQL/LnkDywJ5AAMueQJC8nkDt0p5AQqWeQBnfnkDe0p5Am8ieQErE
nkBF255AAaKeQEOinkCQ055AQcWeQGrJnkCV455AJLyeQAe9nkATwZ5AFsaeQFbZnkDL0p5A
mOSeQMTbnkATv55AKd+eQOe8nkBp2J5AVdCeQJLRnkD3tZ5AJdWeQNiunkBm0Z5AIeeeQNbR
nkAez55AXNmeQEaznkDIsp5AldKeQJvxnkDnqp5Ab8+eQFLJnkDZy55AWOqeQKPmnkB7zp5A
Et6eQE7ankABsZ5As7+eQNjvnkCiw55AmOyeQGevnkBrs55AxsCeQJXgnkDn0Z5AYeqeQJPs
nkBPBp9A5+meQFHVnkABwp5Ar9SeQNbpnkDt2Z5Aw+yeQGXsnkBj7J5AtOaeQGDHnkDf3J5A
5+SeQE7NnkD08J5AHPSeQET0nkBs755AV9aeQEr7nkCJyJ5AVeCeQJ7LnkAB2Z5A2gCfQFbT
nkCVyZ5AjOmeQKXRnkCH0Z5AxRCfQBLKnkD+v55Ac+WeQC7/nkCp955A1vGeQGnWnkCYzZ5A
JPWeQE70nkBqzZ5AQd6eQIfnnkDpIp9Ak+SeQHTsnkDh655AtMqeQIf0nkCRI59AI9OeQIf0
nkBTGJ9AfvSeQO/inkAO8Z5AowCfQLfonkB62J5Ars2eQH8bn0Ct+55AJBGfQAbYnkAs+J5A
rtKeQAjlnkCGDp9A1f+eQEnlnkC9+p5ANOSeQDb6nkBHAZ9APv6eQMnwnkAFA59AdgOfQNDz
nkCb955A7wKfQA/5nkCw8Z5AmuOeQOj7nkD6EZ9AhAGfQFPxnkCd4J5AS+ieQFX6nkCe655A
+9qeQNkan0CyFZ9A3t+eQD3knkDz8p5AkgafQIzpnkB1/55AWf2eQH7hnkCvCZ9AQgKfQLXv
nkDXBZ9AOueeQBn+nkCQ0J5AZwifQNTunkB2Ap9ARxufQDUZn0A89J5A9ASfQMsAn0DR5Z5A
P/KeQC8Bn0CL755Av++eQEfhnkCT755AAhafQOAMn0C4+J5AAxGfQA8zn0BY/p5A/PmeQIfn
nkC/4Z5AXvSeQKnnnkCfzJ5A19+eQAIWn0Ax/J5ALw6fQCERn0CFJJ9A5xWfQDg2n0ARHJ9A
JumeQF31nkC3CJ9A1yifQC8dn0DxN59AoOieQFbsnkB9755AYhqfQLocn0DaIJ9ATBqfQI3l
nkC6JJ9A/gafQKDmnkDq/55AlimfQGMGn0AtDJ9A7ymfQA7tnkAh6p5AJg2fQDnjnkCCKJ9A
kQGfQHL+nkAzMJ9AAxefQPkin0AP8p5AaPSeQFf2nkAeAJ9AOQifQCQwn0DIB59ASCqfQOwg
n0BaAJ9AVQOfQOwPn0DSCJ9AtCKfQNYRn0DzG59A2QOfQLkFn0CmMJ9AlyOfQBAYn0DhJp9A
fQafQPIln0DbMJ9Avh6fQIIMn0A48p5A5BefQGsMn0DVBp9AdymfQMXinkDsAJ9AlSmfQDcs
n0D9K59AYSqfQMUdn0BaDZ9A7xufQDHinkBuHJ9AQyWfQHU6n0BLAp9A2RKfQGQjn0C8O59A
qA6fQO4yn0AQ+J5AwxCfQKEvn0A1Fp9AE0CfQJoan0DDGZ9AzO2eQMcan0A3L59ART+fQCMk
n0DKQJ9Azw6fQPYVn0ANF59AnySfQC8qn0BuKZ9AGjOfQDk2n0BFIZ9AdPaeQLsln0CqJJ9A
pxSfQJQQn0CRTp9An/2eQPgzn0A3J59AgFafQNsDn0AI+p5ALBufQKhBn0DsUp9ABFOfQCoF
n0CmGZ9AoB+fQN4Rn0DHPp9ArzGfQB0sn0DNRJ9AjxufQB8en0DlLJ9A+0GfQPcgn0ArHJ9A
xjqfQKIRn0CgJJ9AgFOfQMwgn0BrE59AzDCfQDown0ARPZ9A+TWfQFJVn0BsGJ9AxAqfQL4p
n0AyZ59AFkefQGg1n0AzUp9AwSGfQAMan0B7Qp9ARS2fQJ0fn0CINJ9A1xKfQN8Ln0DdHJ9A
SxmfQEIzn0AyH59AgBSfQD0+n0AYSJ9AriSfQMstn0B+Gp9AXzefQOZDn0CdMZ9ADFKfQJ8J
n0BkJ59AmzOfQHYnn0B+UJ9At0qfQKAun0B2FJ9Atj+fQLUrn0AbFZ9A/kafQHggn0AHP59A
bS2fQNskn0BvR59A+TmfQKUwn0BsI59AayGfQKVLn0AFP59AXUefQP06n0ByPZ9A+FWfQDRT
n0B9Op9A+TqfQDdGn0DgS59AIiifQJpWn0DkeJ9A/TOfQAg8n0DgY59AHzmfQGNOn0CMUZ9A
MEKfQBhPn0BVRZ9AM1ifQJtCn0CJLZ9A4kafQEFin0DfTp9AYlSfQNpYn0BLWZ9ANVSfQLM3
n0DnL59AelufQH0cn0DhTJ9A71ufQLUsn0DGOp9A0nefQKZHn0CuKJ9ApkKfQPd5n0A0Hp9A
fE+fQEo/n0AZXJ9AwESfQKhLn0DkT59AaV+fQBNkn0DDXZ9ARSGfQGlUn0BzaZ9A2U6fQJxH
n0BELZ9AnzKfQGQnn0CyRp9AzT6fQNtdn0DSf59AdWSfQPcxn0BrOZ9AGHCfQM9Jn0CsWJ9A
t16fQMBsn0BaR59AWGOfQBNQn0CNUZ9AsjOfQJxOn0B2WJ9A9VWfQFVan0CDUJ9AdmufQMw7
n0A7SJ9A0m2fQE88n0BMVJ9ANimfQHZ2n0ARVJ9AW1CfQId3n0DdbJ9A1DafQDFjn0CjK59A
Jm6fQGNWn0CJTZ9ATj2fQIJvn0DuV59AzE+fQLB5n0B5U59ANk6fQOaRn0BwNZ9AkUmfQHw8
n0BbYJ9A5GmfQEJjn0CaeJ9AEoqfQBJXn0DSdp9AuVWfQOdzn0AvRZ9A21OfQFten0BAY59A
t3qfQNFEn0AgR59AwlyfQDxYn0CBUJ9AxH6fQNZjn0AZV59ArkOfQN1hn0DMP59AmWqfQN9Q
n0BcWZ9ArkifQKNNn0C4XJ9AwGqfQAY8n0B8YJ9AkE+fQFVjn0DhYZ9A/EufQAKNn0Csa59A
/nCfQGR9n0C3bp9Aa2afQPZ6n0A/bZ9A236fQGxyn0ANap9AgFCfQFRDn0AZZZ9A12OfQNx0
n0BDfZ9AbWSfQIRvn0C/Tp9A3mOfQNN8n0CdhJ9AdlmfQCJZn0BFc59AlnafQNZen0AfgZ9A
HqefQMNyn0ALbJ9A24ufQDlsn0CAgp9Aj4qfQOKMn0CwRp9A5n6fQFRon0DpeZ9AYoufQNp9
n0AcUZ9AP3afQANZn0A5X59AM32fQPqCn0Dgf59AR3+fQOO/n0DEZJ9A/VCfQC56n0Dcfp9A
WpWfQKNjn0DrnZ9AYnefQDmLn0ALdp9Ah5yfQGGCn0B6ip9Ab3WfQIGGn0A6d59AHXGfQB2A
n0DEsp9AonqfQKB4n0ALbp9AwJqfQNNon0C7m59AQ5ifQNt2n0BPe59AvpWfQEhdn0BahJ9A
ZYifQEB9n0DWX59AK5ufQMSWn0AgX59ACaqfQH2Dn0D6gJ9ABrOfQH+Qn0DFaZ9ALaefQH2T
n0ASbp9AFmGfQDGTn0AggJ9AJJufQEqqn0BYX59Agn2fQMmun0DKfp9A6nGfQCCJn0B/j59A
Bm+fQJCln0BAvp9AyUyfQMSen0AZ0J9AupyfQOyOn0C1h59API6fQI2Kn0ChYp9ALWafQLFs
n0Blp59Ay4GfQB6Rn0BJi59ATm6fQOKAn0DQqp9AIpOfQEWXn0Azj59A+I2fQBhzn0Aic59A
L4qfQMyEn0BAk59AzYWfQK2Mn0Bdnp9AaJKfQN14n0ANqZ9AAqafQFl8n0BVnZ9AoH+fQLCO
n0BShp9A/LqfQLjGn0B4gZ9AFISfQPiEn0BChJ9Ac3+fQFyQn0Abi59AQKafQLaBn0BKk59A
76OfQJKjn0AxkZ9A9KafQOyun0Bmjp9A6ZifQO99n0CjrJ9AVKefQAubn0CKiZ9AEK+fQBCP
n0DIn59AR6SfQMWTn0DbfJ9Ad5mfQFuln0D2kJ9ALJWfQNqUn0BRhZ9ASpGfQC+yn0D+qZ9A
9qafQFabn0B2n59AE6CfQPGLn0BnpJ9AY6mfQFPQn0DAjp9AQ7OfQGSun0CDmJ9AGJ6fQBeV
n0Biep9A+YufQDS5n0D/op9A7KefQLt8n0Cbzp9AwLafQMSon0BHdZ9ADnifQADLn0AQvZ9A
m6afQGHBn0Cun59ADayfQA+Xn0Cdyp9AB6OfQFdxn0DSxJ9Av9OfQC6Ln0Ctop9Adr6fQFGe
n0Drkp9A3KWfQD+bn0C4qp9Ai86fQGiGn0Dnv59AD8KfQB5+n0BUv59A8cOfQFOfn0DQf59A
25WfQF+0n0CVvZ9AQsCfQH66n0Beq59ArsWfQK2un0C0rZ9AD5+fQJ3Qn0DHr59A666fQGGD
n0Crqp9A8LCfQJmon0A4qZ9AF3ifQBm3n0AGp59ATcOfQE6Mn0A7nJ9AarefQKOhn0BNop9A
Lr+fQOG1n0DH3J9A1KmfQIbOn0DCrZ9Ae6+fQFaYn0BFpp9A6amfQDa/n0CK059AKa6fQNy8
n0AevZ9A/KufQPGSn0DfqZ9Ad7WfQGfFn0BDtZ9A7qifQL/Ln0BqzZ9A6NCfQPWrn0B6yZ9A
zcufQIirn0BUs59AMNSfQMDKn0COyp9AWKefQHCvn0BwlZ9Ax7yfQKqzn0C4xZ9AEJCfQHmp
n0DAx59AM72fQHnQn0Bf0J9AsbefQFvUn0AF3Z9A5rCfQDLOn0B0zp9AfOmfQJLUn0BMxp9A
Kq2fQNKPn0D6zZ9AKqufQNKgn0Bb1J9ASdOfQLOxn0B9wp9A+bKfQEe6n0Ag459AuvCfQDWg
n0CYyJ9A6qKfQJTRn0A/qJ9AqbGfQK2gn0BMzJ9A+MmfQDfjn0Cjyp9AmdafQHeqn0AcqJ9A
brKfQPjEn0COyJ9Agr+fQIa0n0Ar3Z9A3NufQI3cn0Bux59AANKfQB3Ln0Bztp9AfM+fQHbF
n0CSt59AycKfQHLLn0B7u59Al7KfQIG9n0Dl7p9Ac8GfQMnPn0Blw59A9dmfQKXYn0Bx6p9A
CsWfQKjXn0Al559Am82fQL/tn0BK1Z9ApO6fQJrhn0Dn3p9Ax6SfQO+pn0AJ+J9AgeefQCe4
n0CQAKBA1u2fQJK8n0AE6J9AnuWfQHuOn0Akup9AGNmfQF/Pn0B3059AcemfQPQDoEBg259A
ZtyfQO3In0C51Z9AV+GfQGPWn0ANzZ9A2dKfQCvgn0A6zJ9ABu2fQIbBn0CszZ9Ajp+fQM7z
n0Ck559A89+fQG7Nn0DNyJ9A8NmfQD7Cn0Bk/Z9AgtqfQBS9n0C66p9A4OefQDi7n0A93p9A
vNWfQJjqn0DH7Z9AkLmfQL/Un0Aw6J9AkNWfQHjDn0AlsZ9A3BigQOjLn0A9zp9AIcOfQJLd
n0Axsp9A2OmfQOzdn0BJ5J9AX9+fQI22n0CKu59A4smfQJj9n0AK6J9Ax+ufQGb7n0CEwZ9A
R96fQKHen0D76Z9ACMmfQBPhn0BZ+p9AxeafQLLsn0CJ5p9AY9ufQKf6n0D5159AGOWfQK8L
oEBFAaBAHe2fQAsJoEABAqBA/9mfQInxn0DdEKBAftyfQLTZn0BH5J9At+mfQPD8n0DC+J9A
quyfQNvyn0Bo5p9AdO2fQFLen0Cd/59A1QKgQC7mn0CIBKBANPSfQOD4n0BN3p9AI9qfQFvU
n0DyvZ9A/CCgQIoEoEBZz59AQxCgQNHZn0Bx9p9AlfmfQJD+n0Bg1J9AMuyfQG/7n0Bo1Z9A
Sg6gQIfun0C24J9A+82fQNb2n0C9DKBAPfefQFHsn0C/BaBA8eqfQGXVn0BdD6BAEAGgQAHs
n0DSDaBA9eSfQJ8IoEDyHqBACe+fQATkn0CgIKBA7defQKXtn0CJ559ACeafQLvan0C1+J9A
98qfQLzen0D+/p9AdQ2gQMron0BH359AmuKfQM7ln0CXF6BArP+fQOTyn0C14p9AO+yfQP/w
n0D+959AugigQL8woEAy5Z9AIu2fQBcJoEDuCKBAHiOgQNQMoEBS6p9ASAWgQPknoED62p9A
lt6fQBvsn0CuEKBAKhCgQPcSoED01p9A+/efQDUOoEDxAqBAGOufQPkNoED76Z9AD/ufQNn2
n0AyDqBAlx6gQNnMn0C8P6BAY/mfQFDhn0Cs6Z9AOPifQL/6n0Du6J9AcQigQDX7n0AvGqBA
idSfQGgBoEDODqBALD2gQHz9n0Dp5p9AMxSgQLr2n0DUBaBA9+OfQBcEoEBR5Z9AoEagQB4P
oECP559ASeufQNIJoEA48J9AlwGgQP4SoEBB9J9AdwWgQAQSoECe6Z9AGy6gQNsLoEC7AKBA
qQmgQLocoEBe6p9AuuyfQOn3n0D0IqBApAugQPwJoECAA6BArPufQBMFoEDvDaBANxGgQFQY
oEDdIqBASwKgQP4UoEAIKKBAy0SgQDr/n0DVBqBA/gagQLwGoEB8BKBAzhSgQOcJoED6BqBA
kiigQNTun0Cx459AdSmgQG4goEDRDaBAGRKgQDwJoECiFqBA2QKgQA8EoEAcEKBAujugQOgr
oEAhIqBACgOgQCgpoEA4DKBAMvOfQCkzoEAMAKBAViugQJgjoECkL6BAgwOgQJ84oEDKIqBA
GiOgQF0OoEBAB6BAtSWgQHEFoEA6F6BAKxWgQFEfoEDREKBA9wGgQNMYoECCWqBA2+KfQCT7
n0CuG6BA+wqgQLwKoEDpKaBAZkGgQDcIoEBGPaBApQigQIUZoEA3JaBAYEKgQJ4ToEDqJ6BA
+z+gQMAZoEBP6p9A6QigQDIWoEAF+59ABfyfQBcloEC6CqBAjCugQIwcoEDNEaBANxCgQIcn
oEDzDaBAYC2gQP9IoEBdNqBA8B+gQPxMoEDT859ANg2gQG5AoEA1BqBAwCugQOk8oEAbHaBA
XSigQOJIoEC7OaBAOSigQP8PoEAhP6BAoACgQMYSoEBXL6BA4jegQLo1oEDvGKBARQigQIg/
oEC89Z9AXB6gQEUnoEBKH6BAfgCgQHcuoEABEKBAa0mgQOkXoEBlGqBAoiSgQP0loEBdO6BA
f0egQMcYoEAWG6BAlEigQDADoEABUKBA3QmgQMlcoEAqIKBA2zegQI8hoEAAL6BAJx+gQHlE
oEDJF6BA</AssayYData></Step><Step><CommonData><SampleLocation>7</SampleLocation><SampleID>Glycine</SampleID><SampleGroup></SampleGroup><SampleInfo></SampleInfo><SampleRow>J</SampleRow><SamplePlate>1</SamplePlate><WellType>REGENERATION</WellType><Concentration>-1</Concentration><ConcentrationUnits>µg/ml</ConcentrationUnits><MolarConcentration>-1</MolarConcentration><MolarConcUnits>nM</MolarConcUnits><MolecularWeight>0</MolecularWeight><Temperature>30</Temperature><StartTime>5955849</StartTime><AssayTime>5</AssayTime></CommonData><FlowRate>1000</FlowRate><StepType>KREGENERATION</StepType><StepName>Regeneration</StepName><StepStatus>OK</StepStatus><ActualTime>4.9998</ActualTime><CycleTime>0.2</CycleTime><AssayXData Points="25">PhCkRdgRpEVxE6RFDRWkRaQWpEU+GKRF2BmkRXEbpEULHaRFph6kRT4gpEXaIaRFcSOkRQ0l
pEWkJqRFPiikRdoppEVzK6RFDS2kRaQupEVAMKRF2DGkRXEzpEULNaRFpDakRQ==</AssayXData><AssayYData Points="25">1OehPyQcmD+6LJM/oOiOP/A2iz/hBYg/P4aFP2acgT+kSH0/+BZ4PwuIcj+AbG4/QmhqP9fo
ZT8652E/5A9dPzqjWT/nL1Y/u1VSP2WdUT9qOk0/s59KPwidSD+a8UY/yHVEPw==</AssayYData></Step><Step><CommonData><SampleLocation>8</SampleLocation><SampleID>PBS</SampleID><SampleGroup></SampleGroup><SampleInfo></SampleInfo><SampleRow>J</SampleRow><SamplePlate>1</SamplePlate><WellType>NEUTRALIZATION</WellType><Concentration>-1</Concentration><ConcentrationUnits>µg/ml</ConcentrationUnits><MolarConcentration>-1</MolarConcentration><MolarConcUnits>nM</MolarConcUnits><MolecularWeight>0</MolecularWeight><Temperature>30</Temperature><StartTime>5968942</StartTime><AssayTime>5</AssayTime></CommonData><FlowRate>1000</FlowRate><StepType>KREGENERATION</StepType><StepName>Regeneration</StepName><StepStatus>OK</StepStatus><ActualTime>4.9998</ActualTime><CycleTime>0.2</CycleTime><AssayXData Points="25">PjikRdo5pEVxO6RFDT2kRaQ+pEU+QKRF2EGkRXFDpEUNRaRFpkakRUBIpEXYSaRFcUukRQ1N
pEWkTqRFPlCkRdhRpEVzU6RFDVWkRaZWpEU+WKRF2FmkRXNbpEULXaRFpF6kRQ==</AssayXData><AssayYData Points="25">DjGOQPm9jkA3MI9ANdCPQFHnj0AaU5BAHZ6QQLfkkEC045BAhjCRQM02kUB5d5FAqlaRQE3c
kUBvuJFA5NGRQCb2kUDfJ5JAljWSQHxTkkCSbpJAeEaSQDx5kkDPl5JA5qCSQA==</AssayYData></Step><Step><CommonData><SampleLocation>7</SampleLocation><SampleID>Glycine</SampleID><SampleGroup></SampleGroup><SampleInfo></SampleInfo><SampleRow>J</SampleRow><SamplePlate>1</SamplePlate><WellType>REGENERATION</WellType><Concentration>-1</Concentration><ConcentrationUnits>µg/ml</ConcentrationUnits><MolarConcentration>-1</MolarConcentration><MolarConcUnits>nM</MolarConcUnits><MolecularWeight>0</MolecularWeight><Temperature>30</Temperature><StartTime>5982026</StartTime><AssayTime>5</AssayTime></CommonData><FlowRate>1000</FlowRate><StepType>KREGENERATION</StepType><StepName>Regeneration</StepName><StepStatus>OK</StepStatus><ActualTime>4.9998</ActualTime><CycleTime>0.2</CycleTime><AssayXData Points="25">PmCkRdphpEVzY6RFD2WkRaRmpEU+aKRF2GmkRXFrpEULbaRFpm6kRT5wpEXYcaRFc3OkRQt1
pEWkdqRFPnikRdh5pEVze6RFC32kRaZ+pEU+gKRF2IGkRXGDpEULhaRFpIakRQ==</AssayXData><AssayYData Points="25">5fF1P69TZT/RW1s/bgJUP4X9Tj+vRUo/FzBIP2uCRD96IkE/HBE/P//QOz+L5Dk/6vE3P6Ks
NT/sxjM/6MUyP/ICMj+beS8/VUYuPysZLT+3Nis/9FsqP8JKKD9BhCg/GkEnPw==</AssayYData></Step><Step><CommonData><SampleLocation>8</SampleLocation><SampleID>PBS</SampleID><SampleGroup></SampleGroup><SampleInfo></SampleInfo><SampleRow>J</SampleRow><SamplePlate>1</SamplePlate><WellType>NEUTRALIZATION</WellType><Concentration>-1</Concentration><ConcentrationUnits>µg/ml</ConcentrationUnits><MolarConcentration>-1</MolarConcentration><MolarConcUnits>nM</MolarConcUnits><MolecularWeight>0</MolecularWeight><Temperature>30</Temperature><StartTime>5995121</StartTime><AssayTime>5</AssayTime></CommonData><FlowRate>1000</FlowRate><StepType>KREGENERATION</StepType><StepName>Regeneration</StepName><StepStatus>OK</StepStatus><ActualTime>4.9998</ActualTime><CycleTime>0.2</CycleTime><AssayXData Points="25">PoikRdiJpEVxi6RFDY2kRaaOpEU+kKRF2JGkRXOTpEUNlaRFpJakRUCYpEXYmaRFc5ukRQ2d
pEWknqRFPqCkRdihpEVzo6RFDaWkRaSmpEU+qKRF2qmkRXOrpEUNraRFpK6kRQ==</AssayXData><AssayYData Points="25">UpGNQGYojkAMl45A+hGPQOKej0Dbvo9ACw6QQGVHkECTp5BAhK+QQHHUkECDD5FAAQCRQM9d
kUBaY5FAXXmRQJBmkUBVsJFAd8qRQKDekUAE75FAe/qRQIMzkkAuEZJA+yqSQA==</AssayYData></Step><Step><CommonData><SampleLocation>7</SampleLocation><SampleID>Glycine</SampleID><SampleGroup></SampleGroup><SampleInfo></SampleInfo><SampleRow>J</SampleRow><SamplePlate>1</SamplePlate><WellType>REGENERATION</WellType><Concentration>-1</Concentration><ConcentrationUnits>µg/ml</ConcentrationUnits><MolarConcentration>-1</MolarConcentration><MolarConcUnits>nM</MolarConcUnits><MolecularWeight>0</MolecularWeight><Temperature>30</Temperature><StartTime>6008206</StartTime><AssayTime>5</AssayTime></CommonData><FlowRate>1000</FlowRate><StepType>KREGENERATION</StepType><StepName>Regeneration</StepName><StepStatus>OK</StepStatus><ActualTime>4.9998</ActualTime><CycleTime>0.2</CycleTime><AssayXData Points="25">PrCkRdqxpEVxs6RFDbWkRaa2pEU+uKRF2rmkRXG7pEULvaRFpr6kRT7ApEXawaRFc8OkRQvF
pEWkxqRFQsikRdjJpEVxy6RFDc2kRaTOpEU+0KRF2tGkRXPTpEUL1aRFpNakRQ==</AssayXData><AssayYData Points="25">U5RtP+mpXD9Tp1M/QgdNP/DJRj+G0EM/5QhCP3zYPT9k7To/pYM4P7bTNT+v0zQ/ln0zP9He
MT9rkDA/7csvP8HQLj/ntS0/lgEsP73FKT++jSk/Y2kpP7etJj8doCY/okYmPw==</AssayYData></Step><Step><CommonData><SampleLocation>8</SampleLocation><SampleID>PBS</SampleID><SampleGroup></SampleGroup><SampleInfo></SampleInfo><SampleRow>J</SampleRow><SamplePlate>1</SamplePlate><WellType>NEUTRALIZATION</WellType><Concentration>-1</Concentration><ConcentrationUnits>µg/ml</ConcentrationUnits><MolarConcentration>-1</MolarConcentration><MolarConcUnits>nM</MolarConcUnits><MolecularWeight>0</MolecularWeight><Temperature>30</Temperature><StartTime>6021305</StartTime><AssayTime>5</AssayTime></CommonData><FlowRate>1000</FlowRate><StepType>KREGENERATION</StepType><StepName>Regeneration</StepName><StepStatus>OK</StepStatus><ActualTime>4.9998</ActualTime><CycleTime>0.2</CycleTime><AssayXData Points="25">PtikRdjZpEVx26RFC92kRaTepEVA4KRF2uGkRXHjpEUN5aRFpuakRT7opEXY6aRFceukRQvt
pEWm7qRFPvCkRdjxpEVx86RFC/WkRab2pEVA+KRF2vmkRXH7pEUL/aRFpP6kRQ==</AssayXData><AssayYData Points="25">v1aOQIkTj0CqdI9AuuyPQLhGkECYvpBAp/eQQMkpkUDeUpFAt2KRQEe4kUDizZFAAdyRQAky
kkAJOpJAb1aSQHtZkkDhlZJAvpCSQFWxkkDP0pJA3s2SQDjmkkAg3ZJAzfCSQA==</AssayYData></Step><Step><CommonData><SampleLocation>3</SampleLocation><SampleID>Octet Buffer</SampleID><SampleGroup></SampleGroup><SampleInfo></SampleInfo><SampleRow>I</SampleRow><SamplePlate>1</SamplePlate><WellType>BUFFER</WellType><Concentration>-1</Concentration><ConcentrationUnits>µg/ml</ConcentrationUnits><MolarConcentration>-1</MolarConcentration><MolarConcUnits>nM</MolarConcUnits><MolecularWeight>0</MolecularWeight><Temperature>30</Temperature><StartTime>6035727</StartTime><AssayTime>20</AssayTime></CommonData><FlowRate>1000</FlowRate><StepType>CUSTOM</StepType><StepName>Sensor Check</StepName><StepStatus>OK</StepStatus><ActualTime>19.9998</ActualTime><CycleTime>0.2</CycleTime><AssayXData Points="100">PgClRdoBpUVzA6VFDQWlRaQGpUU+CKVF2AmlRXELpUULDaVFpA6lRT4QpUXaEaVFcxOlRQsV
pUWmFqVFQBilRdoZpUVzG6VFCx2lRaYepUU+IKVF2iGlRXMjpUULJaVFpCalRT4opUXaKaVF
cSulRQstpUWkLqVFPjClRdgxpUVxM6VFDTWlRaQ2pUVAOKVF2DmlRXE7pUUNPaVFpD6lRUBA
pUXYQaVFcUOlRQtFpUWkRqVFPkilRdpJpUVzS6VFC02lRaROpUVAUKVF2FGlRXNTpUULVaVF
pFalRT5YpUXaWaVFc1ulRQ1dpUWkXqVFPmClRdhhpUVzY6VFC2WlRaRmpUU+aKVF4mmlRXNr
pUUNbaVFpG6lRT5wpUXYcaVFcXOlRQ11pUWkdqVFPnilRdp5pUVze6VFDX2lRaZ+pUVAgKVF
2oGlRXGDpUUNhaVFpoalRT6IpUXYiaVFcYulRQ2NpUWkjqVFPpClRdiRpUVxk6VFDZWlRaaW
pUVAmKVF2pmlRXGbpUUNnaVFpJ6lRQ==</AssayXData><AssayYData Points="100">oR+NQM+pi0Bwh4pAIKOJQGhgiUCv/YhAKOeIQHGXiECisYhAKLeIQNGdiEBj1IhAjtKIQG7S
iECg74hAavCIQFX0iECrE4lAUzSJQOE8iUD+NIlAD5qJQEdZiUAtf4lAg2OJQE6MiUCMdolA
T8GJQMGtiUCclYlAP9yJQEDAiUC2molAUcmJQM0IikB42IlA6/KJQIIVikDD9YlARxaKQBMH
ikDy+4lA/DiKQDonikBJLYpAeCqKQKJJikCcQ4pACmGKQC1vikDWa4pA4EuKQHxtikDRWYpA
CIGKQLSmikDzi4pAk5yKQAKTikBkqopApZCKQEahikB5yYpANqqKQMyMikDetIpAy7yKQL2u
ikBjyYpAid2KQLLVikDD6IpANt+KQEPZikDB4opA/uyKQA8Vi0Bx5YpAfCCLQGkBi0Bl/IpA
xg+LQAX5ikChCItAdzOLQBY9i0DJ9IpAFi2LQKgoi0BmLItAXDWLQB0zi0CPMotAkEeLQIpB
i0A3JYtAejmLQCdmi0BOSotA1l6LQA==</AssayYData></Step><Step><CommonData><SampleLocation>20</SampleLocation><SampleID>SI-157X64_P5538</SampleID><SampleGroup></SampleGroup><SampleInfo></SampleInfo><SampleRow>I</SampleRow><SamplePlate>1</SamplePlate><WellType>KLOAD</WellType><Concentration>5</Concentration><ConcentrationUnits>µg/ml</ConcentrationUnits><MolarConcentration>5000</MolarConcentration><MolarConcUnits>nM</MolarConcUnits><MolecularWeight>0</MolecularWeight><Temperature>30</Temperature><StartTime>6066996</StartTime><AssayTime>120</AssayTime></CommonData><FlowRate>1000</FlowRate><StepType>LOADING</StepType><StepName>Loading</StepName><StepStatus>OK</StepStatus><ActualTime>120</ActualTime><CycleTime>0.2</CycleTime><AssayXData Points="600">PqClRdihpUVxo6VFDaWlRaSmpUVAqKVF2KmlRXGrpUULraVFpK6lRUCwpUXYsaVFcbOlRQu1
pUWktqVFPrilRdq5pUVxu6VFDb2lRaS+pUU+wKVF2MGlRXHDpUULxaVFpsalRT7IpUXYyaVF
cculRQvNpUWmzqVFPtClRdrRpUVx06VFC9WlRaTWpUU+2KVF2NmlRXHbpUUL3aVFqN6lRT7g
pUXY4aVFceOlRQvlpUWm5qVFPuilRdrppUVx66VFC+2lRabupUU+8KVF2vGlRXHzpUUL9aVF
pvalRUD4pUXY+aVFcfulRQ39pUWk/qVFPgCmRdgBpkVxA6ZFDQWmRaYGpkU+CKZF2gmmRXEL
pkUNDaZFpg6mRT4QpkXYEaZFcROmRQsVpkWkFqZFPhimRdgZpkVzG6ZFDR2mRaQepkU+IKZF
2CGmRXEjpkULJaZFpCamRT4opkXYKaZFcyumRQ0tpkWoLqZFQDCmRdgxpkVxM6ZFCzWmRaQ2
pkU+OKZF2DmmRXE7pkULPaZFpj6mRUBApkXYQaZFcUOmRQ1FpkWkRqZFPkimRdhJpkVxS6ZF
DU2mRaROpkU+UKZF2FGmRXFTpkULVaZFpFamRT5YpkXaWaZFcVumRQtdpkWkXqZFPmCmRdph
pkVxY6ZFC2WmRaZmpkVAaKZF2GmmRXFrpkUNbaZFpm6mRT5wpkXYcaZFcXOmRQt1pkWkdqZF
PnimRdp5pkVze6ZFDX2mRaR+pkU+gKZF2IGmRXODpkUNhaZFpIamRUCIpkXYiaZFc4umRQ2N
pkWkjqZFPpCmRdiRpkVxk6ZFC5WmRaaWpkVAmKZF2JmmRXGbpkUNnaZFpJ6mRUCgpkXYoaZF
caOmRQ2lpkWkpqZFPqimRdqppkVxq6ZFC62mRaaupkU+sKZF2LGmRXGzpkULtaZFpLamRUC4
pkXauaZFcbumRQu9pkWkvqZFPsCmRdjBpkVxw6ZFC8WmRabGpkU+yKZF2smmRXPLpkULzaZF
pM6mRT7QpkXY0aZFcdOmRQvVpkWm1qZFPtimRdjZpkVx26ZFC92mRabepkU+4KZF2OGmRXPj
pkUN5aZFpOamRT7opkXY6aZFceumRQ3tpkWk7qZFPvCmRdjxpkVx86ZFDfWmRaT2pkU++KZF
2vmmRXH7pkUL/aZFpP6mRUAAp0XaAadFcwOnRQ0Fp0WkBqdFQAinRdoJp0VxC6dFCw2nRaQO
p0U+EKdF2hGnRXETp0UNFadFpBanRUAYp0XaGadFcRunRQsdp0WkHqdFPiCnRdghp0VxI6dF
DSWnRaQmp0U+KKdF2CmnRXErp0UNLadFpC6nRT4wp0XYMadFczOnRQ01p0WkNqdFPjinRdo5
p0VxO6dFCz2nRaY+p0U+QKdF2EGnRXNDp0ULRadFpEanRUBIp0XYSadFcUunRQtNp0WmTqdF
PlCnRdhRp0VzU6dFDVWnRaRWp0U+WKdF2lmnRXNbp0ULXadFpF6nRUBgp0XYYadFc2OnRQ1l
p0WmZqdFPminRdhpp0Vxa6dFC22nRaRup0U+cKdF2HGnRXFzp0UNdadFpHanRT54p0XaeadF
c3unRQ19p0WkfqdFQICnRdiBp0Vxg6dFC4WnRaaGp0U+iKdF2ImnRXGLp0ULjadFpI6nRT6Q
p0XakadFcZOnRQ2Vp0WklqdFPpinRdqZp0Vxm6dFC52nRaSep0U+oKdF2qGnRXOjp0UNpadF
pKanRT6op0XYqadFc6unRQutp0WmrqdFPrCnRdqxp0Vxs6dFC7WnRaa2p0U+uKdF2LmnRXG7
p0UNvadFpL6nRUDAp0XYwadFccOnRQvFp0WmxqdFQsinRdjJp0Vxy6dFDc2nRabOp0U+0KdF
2tGnRXHTp0UL1adFpNanRUDYp0XY2adFcdunRQvdp0Wm3qdFPuCnRdjhp0Vx46dFDeWnRaTm
p0U+6KdF2OmnRXHrp0UL7adFpO6nRT7wp0Xa8adFcfOnRQ31p0Wm9qdFPvinRdj5p0Vx+6dF
C/2nRaT+p0U+AKhF2gGoRXEDqEUNBahFpAaoRT4IqEXaCahFcwuoRQsNqEWkDqhFQBCoRdoR
qEVxE6hFCxWoRaYWqEVAGKhF2BmoRXEbqEULHahFpB6oRT4gqEXYIahFcyOoRQslqEWmJqhF
QCioRdgpqEVxK6hFCy2oRaQuqEVAMKhF2jGoRXMzqEULNahFpDaoRT44qEXYOahFcTuoRQs9
qEWmPqhFPkCoRdhBqEVxQ6hFC0WoRaRGqEVASKhF2EmoRXNLqEULTahFpk6oRUBQqEXYUahF
c1OoRQtVqEWmVqhFQFioRdhZqEVxW6hFC12oRaZeqEU+YKhF2GGoRXNjqEUNZahFpmaoRUBo
qEXYaahFc2uoRQttqEWmbqhFPnCoRdhxqEVxc6hFC3WoRaZ2qEU+eKhF2HmoRXN7qEUNfahF
pn6oRT6AqEXagahFcYOoRQuFqEWmhqhFPoioRdiJqEVxi6hFC42oRaSOqEU+kKhF2JGoRXOT
qEULlahFppaoRT6YqEXYmahFcZuoRQ2dqEWmnqhFPqCoRdqhqEVzo6hFC6WoRaamqEU+qKhF
2KmoRXOrqEULrahFpK6oRT6wqEXYsahFcbOoRQu1qEWktqhFPrioRdq5qEVxu6hFDb2oRaS+
qEVAwKhF2MGoRXPDqEUNxahFpsaoRT7IqEXYyahFc8uoRQvNqEWkzqhFPtCoRdrRqEVx06hF
C9WoRaTWqEU+2KhF2NmoRXHbqEUL3ahFpt6oRT7gqEXY4ahFc+OoRQ3lqEWk5qhFPuioRdjp
qEVx66hFC+2oRaTuqEU+8KhF2PGoRXHzqEUN9ahFpPaoRT74qEXa+ahFc/uoRQv9qEWm/qhF
PgCpRdgBqUVzA6lFDQWpRaYGqUVACKlF2AmpRXMLqUULDalFpA6pRUAQqUXYEalFcROpRQ0V
qUWmFqlFPhipRdgZqUVzG6lFDR2pRaQeqUVAIKlF2iGpRXEjqUULJalFpCapRT4oqUXYKalF
cyupRQstqUWkLqlFPjCpRdgxqUVxM6lFCzWpRaQ2qUU+OKlF2DmpRXM7qUUNPalFpj6pRUBA
qUXYQalFc0OpRQtFqUWkRqlFQEipRdhJqUVzS6lFDU2pRaROqUVAUKlF2FGpRXFTqUULValF
pFapRUBYqUXYWalFc1upRQ1dqUWkXqlF</AssayXData><AssayYData Points="600">riGLQDyQi0BgwItAWKqLQNbqi0DPFoxA6RqMQEw8jEBsYIxAqkmMQMmCjED6noxAIJSMQLua
jEA05IxAHOCMQIq/jEA7/IxAISuNQK/5jECzM41ATj2NQIZOjUCGV41AtXONQOp/jUDHn41A
Kb6NQJSVjUDiq41ABgKOQO7RjUAoFY5AiDCOQOgpjkCAGo5AZz2OQINKjkCHP45AknaOQJVp
jkBnb45A156OQJrIjkAy0o5AwOeOQMjRjkDn/Y5AXOCOQNISj0BZLY9AsRqPQPZWj0CCO49A
nkCPQJxej0ANaI9APYSPQBGJj0Dq1Y9Anr+PQJbVj0Bf6Y9AC/GPQID9j0DMApBAiB+QQEgQ
kEAQTpBA2UuQQLQukEBccJBAaHGQQAGjkEAZjJBAXKOQQOeOkED7npBAvdeQQFjLkECr+ZBA
rCaRQNHrkECD8ZBAYiiRQIgpkUDWQpFAeWGRQHJmkUBCYZFAIXeRQGyUkUC8eJFAk8WRQBjF
kUB0mpFAzMuRQNIVkkCy7pFArhCSQOobkkCM/pFA0AWSQI1LkkAFMpJAbUKSQBSGkkBgZJJA
8XqSQGiEkkA2i5JA+J+SQNm8kkCHuZJA58OSQCDHkkAl8JJAP++SQKvqkkCfAZNAW+eSQInp
kkD3QZNABFSTQEQ0k0CwR5NAAoCTQKlIk0AkTpNAUIuTQK9dk0DsepNAsZqTQG2Vk0AfrpNA
VcqTQHu9k0Cd+pNAdOGTQKDxk0Bt3ZNAkRCUQFcglEACLJRAOUmUQIk+lEBeTpRAxWCUQBN+
lEDPX5RAAHyUQJ6WlEA5cZRA8MSUQK3ElEAxyZRAK7OUQHOtlEAT/JRAQsKUQKQElUC18JRA
F92UQMQflUDdOJVAdyKVQHc5lUAqXpVA+j+VQOFYlUBnf5VA5oeVQLZ1lUBAZpVAB6CVQF6m
lUD/vpVAp8OVQEmzlUC1upVAPtmVQP6+lUBj3pVAuwyWQPIOlkB4IJZArCWWQGwTlkA1LZZA
e0eWQOY9lkD7DpZAtUuWQOWAlkDVXZZA6HOWQIlYlkB+iJZAx4iWQDrGlkB+hpZAYZqWQLyq
lkCJu5ZA172WQIC3lkDwyJZAP+WWQHYLl0Dm2pZAFO6WQBf/lkCCF5dADQOXQEAKl0DyRJdA
1COXQME8l0CnRZdAUXGXQDZHl0CYkpdAjqCXQLBil0COrJdA5qGXQA2Fl0ASrJdAm5iXQEi8
l0BW35dAM8SXQP+tl0AkxpdAiu2XQJnIl0BM0JdAH+uXQKgTmEAFMJhAsSSYQNYumEDTEZhA
6TGYQClNmEAzSJhAN0WYQB1imEAVZZhAd1mYQG2SmEBvh5hAkpKYQL69mEBIrZhA7WSYQNOs
mEBg15hAKryYQMPHmEA//phAR6KYQAL4mEDd/5hAcOOYQPX8mEAy05hAEuaYQN0HmUB0G5lA
FyuZQKMXmUDCKplAFUWZQGwXmUBhQplAj0+ZQMFqmUCkYJlAvmyZQG95mUAJYJlAuX+ZQP9z
mUCqeZlAOXGZQKlymUA9h5lAq7OZQAudmUDwpplAnbqZQIG6mUD9rZlAvbyZQMXlmUBYy5lA
vtKZQOP8mUC9z5lAty2aQP0RmkAROJpAnSCaQJEymkDhC5pA4RqaQKhCmkCCLZpAnjOaQFZE
mkAeYZpAcj+aQBxCmkCMeZpAJ2iaQHWHmkDYdJpAtYiaQFhvmkAOdppAMImaQJ2cmkDPp5pA
nZKaQNuzmkBMyJpA7LqaQL6jmkA6tJpAltSaQIjEmkAKxppAMe+aQEnQmkD+AptAHe6aQBTx
mkDvE5tAlAqbQNcYm0AAAZtA3k6bQLgsm0CqKptARC6bQENTm0B3L5tAL2GbQG5Am0AkPptA
2oCbQImAm0A8X5tAlWebQCeGm0AWaJtA7JObQCicm0DRd5tA132bQKGum0C1lptAm4GbQMK7
m0A8sJtAWLibQAmzm0DjuptAatCbQJvAm0Dl6ZtAP9ibQDbxm0B5AJxAeeybQJDOm0Cw6ZtA
YeKbQLjim0BgEZxA9f2bQIX1m0A1IJxAAz2cQHLqm0CcP5xAfU2cQMEonEBUIZxALEqcQOY9
nECeLpxAhkycQGNJnECNLZxAxGScQPqJnEBYc5xA4Y6cQKeHnEBsjpxAYoycQJqjnEBZgJxA
x3ucQJ2enEB9rZxAAsWcQLvEnECXlpxAh7ScQM7dnECy65xAb7acQNntnECizJxAd8GcQCrk
nECoz5xAlr+cQILrnEDSBp1ATticQIrwnEADKZ1AFAidQHz1nEAmBp1ApgqdQOgvnUC05ZxA
Ph2dQIASnUANM51AyimdQBhknUCVUZ1AYjGdQD9JnUBxS51AoEmdQJtxnUBbXp1AjVOdQDSP
nUBni51ARlGdQINjnUBgZp1A+ZKdQAiRnUCohp1AG5CdQIelnUDdcZ1AbZadQMOrnUCIl51A
n7GdQDm9nUBAq51AVrmdQNzGnUBDvp1Ad76dQAvCnUDA851ABKedQO37nUDuxJ1A5N2dQCnw
nUCi8J1A1M2dQE/unUAcGZ5A3QaeQI3VnUBzE55A4gmeQGv1nUCeEZ5AACmeQOMenkBHGZ5A
2iieQOn6nUDzQp5AumieQKc+nkAzKJ5AikSeQOY4nkDUL55A50+eQMM8nkA7LJ5Am1qeQJ5c
nkAqfJ5AcGeeQJF0nkDHY55ANX2eQKZsnkDLd55An1meQGaZnkAxn55A/3WeQPufnkDYaZ5A
/oOeQBSXnkCDnZ5AHqeeQJbMnkD5dp5A0LOeQHC3nkDr355AkaieQJG5nkBm6Z5AbLueQKXE
nkAS2Z5AB9GeQCLRnkCY6J5A6MGeQJnFnkDNBJ9A/RKfQAnHnkBj6Z5AzPqeQLf/nkDzIJ9A
gx6fQHzsnkD/IZ9AUTefQG41n0B8FZ9AaSqfQLcpn0CPKp9AtEKfQKo0n0BkS59A0UafQB1k
n0BbQJ9ArEqfQK1Qn0CdTJ9ANTyfQNFen0DrYZ9AymKfQMl3n0CwQp9ATkWfQAlYn0Cih59A
NjafQKN8n0AGiZ9A5mSfQDpkn0AZmZ9AIYyfQMOon0AanZ9A9X2fQHd8n0BLkp9ASIKfQJGl
n0Db2p9AJKWfQFeSn0Cz1Z9A1r2fQEuwn0DDz59ATt+fQC3Mn0AusZ9AMNafQCrAn0CswJ9A
2N2fQEXpn0AC3p9A3wKgQMX9n0A/+J9A</AssayYData></Step><Step><CommonData><SampleLocation>3</SampleLocation><SampleID>Octet Buffer</SampleID><SampleGroup></SampleGroup><SampleInfo></SampleInfo><SampleRow>I</SampleRow><SamplePlate>1</SamplePlate><WellType>BUFFER</WellType><Concentration>-1</Concentration><ConcentrationUnits>µg/ml</ConcentrationUnits><MolarConcentration>-1</MolarConcentration><MolarConcUnits>nM</MolarConcUnits><MolecularWeight>0</MolecularWeight><Temperature>30</Temperature><StartTime>6198454</StartTime><AssayTime>100</AssayTime></CommonData><FlowRate>1000</FlowRate><StepType>BASELINE</StepType><StepName>Baseline</StepName><StepStatus>OK</StepStatus><ActualTime>100.001</ActualTime><CycleTime>0.2</CycleTime><AssayXData Points="500">PmCpRdhhqUVxY6lFC2WpRaRmqUU+aKlF2mmpRXNrqUUNbalFpm6pRT5wqUXacalFcXOpRQt1
qUWmdqlFQHipRdh5qUVxe6lFDX2pRaR+qUVAgKlF2oGpRXODqUUNhalFpoapRT6IqUXYialF
c4upRQuNqUWkjqlFPpCpRdiRqUVxk6lFC5WpRaSWqUU+mKlF2pmpRXGbqUULnalFpJ6pRT6g
qUXYoalFcaOpRQulqUWmpqlFQKipRdipqUVxq6lFC62pRaSuqUU+sKlF2LGpRXGzqUULtalF
pLapRT64qUXYualFcbupRQu9qUWkvqlFQMCpRdjBqUVxw6lFC8WpRaTGqUVAyKlF2smpRXPL
qUUNzalFps6pRUDQqUXY0alFcdOpRQ3VqUWk1qlFQNipRdjZqUVx26lFC92pRaTeqUVA4KlF
2uGpRXPjqUUN5alFpOapRT7oqUXY6alFc+upRQvtqUWk7qlFPvCpRdjxqUVx86lFD/WpRaT2
qUU++KlF2vmpRXH7qUUL/alFpP6pRT4AqkXYAapFcQOqRQ0FqkWkBqpFPgiqRdgJqkVzC6pF
Cw2qRaYOqkU+EKpF2BGqRXMTqkULFapFphaqRT4YqkXYGapFcRuqRQ0dqkWmHqpFPiCqRdgh
qkVxI6pFDSWqRaQmqkU+KKpF2imqRXErqkUNLapFpi6qRUAwqkXaMapFcTOqRQs1qkWkNqpF
QDiqRdg5qkVxO6pFCz2qRaY+qkU+QKpF2kGqRXFDqkULRapFpkaqRT5IqkXYSapFc0uqRQ1N
qkWkTqpFQFCqRdhRqkVxU6pFC1WqRaZWqkVAWKpF2FmqRXFbqkUNXapFpl6qRT5gqkXYYapF
cWOqRQtlqkWmZqpFPmiqRdppqkVxa6pFC22qRaRuqkU+cKpF2HGqRXNzqkULdapFpHaqRUB4
qkXYeapFcXuqRQt9qkWkfqpFPoCqRdiBqkVxg6pFC4WqRaSGqkU+iKpF2omqRXOLqkULjapF
pI6qRT6QqkXakapFc5OqRQ2VqkWklqpFPpiqRdqZqkVxm6pFDZ2qRaaeqkU+oKpF2KGqRXGj
qkUNpapFpKaqRT6oqkXYqapFcauqRQutqkWkrqpFPrCqRdqxqkVzs6pFDbWqRaa2qkU+uKpF
2LmqRXO7qkULvapFpL6qRT7AqkXYwapFccOqRQvFqkWkxqpFPsiqRdrJqkVxy6pFC82qRabO
qkU+0KpF2NGqRXHTqkUN1apFptaqRT7YqkXY2apFc9uqRQ3dqkWk3qpFQuCqRdrhqkVz46pF
DeWqRaTmqkVA6KpF2OmqRXHrqkUN7apFCe+qRU7wqkXa8apFB/SqRU71qkWk9qpFQPiqRdj5
qkVx+6pFC/2qRaT+qkVAAKtF2gGrRXEDq0ULBatFpgarRT4Iq0XaCatFcQurRQsNq0WkDqtF
QBCrRdgRq0VxE6tFCxWrRaYWq0VAGKtF2BmrRXMbq0ULHatFph6rRUAgq0XaIatFcSOrRQsl
q0WkJqtFPiirRdgpq0VxK6tFDS2rRaYuq0U+MKtF2DGrRXEzq0UNNatFpDarRT44q0XYOatF
cTurRQs9q0WmPqtFQECrRdhBq0VzQ6tFC0WrRaRGq0U+SKtF2EmrRXFLq0UNTatFpk6rRT5Q
q0XaUatFc1OrRQ1Vq0WkVqtFPlirRdhZq0VzW6tFDV2rRaReq0U+YKtF2GGrRXNjq0ULZatF
pGarRUBoq0XaaatFcWurRQttq0WmbqtFPnCrRdhxq0Vxc6tFC3WrRaR2q0U+eKtF2HmrRXF7
q0ULfatFpH6rRUCAq0XagatFc4OrRQuFq0WmhqtFQIirRdiJq0Vzi6tFC42rRaSOq0U+kKtF
2JGrRXGTq0ULlatFpJarRT6Yq0XYmatFc5urRQudq0WknqtFQKCrRdqhq0Vxo6tFC6WrRaSm
q0U+qKtF2KmrRXGrq0UNratFpK6rRUCwq0XasatFcbOrRQu1q0WmtqtFPrirRdq5q0Vzu6tF
Db2rRaS+q0VAwKtF2MGrRXHDq0ULxatFpMarRT7Iq0XYyatFccurRQ3Nq0WmzqtFQNCrRdjR
q0Vx06tFC9WrRaTWq0VA2KtF2tmrRXHbq0UL3atFpN6rRUDgq0XY4atFc+OrRQ3lq0Wk5qtF
QOirRdjpq0Vx66tFC+2rRaTuq0VA8KtF2PGrRXHzq0UN9atFpParRT74q0XY+atFcfurRQv9
q0Wk/qtFPgCsRdoBrEVxA6xFCwWsRaYGrEVACKxF2AmsRXELrEULDaxFpg6sRT4QrEXaEaxF
cxOsRQsVrEWmFqxFPhisRdgZrEVxG6xFCx2sRaYerEU+IKxF2CGsRXEjrEUNJaxFpCasRUAo
rEXaKaxFcSusRQstrEWkLqxFPjCsRdgxrEVxM6xFDTWsRaQ2rEU+OKxF2DmsRXE7rEUNPaxF
pD6sRT5ArEXYQaxFcUOsRQ1FrEWmRqxFPkisRdhJrEVzS6xFC02sRaROrEU+UKxF2FGsRXFT
rEULVaxFplasRT5YrEXYWaxFcVusRQtdrEWmXqxFPmCsRdhhrEVzY6xFC2WsRaRmrEU+aKxF
2mmsRXNrrEUNbaxFpG6sRT5wrEXYcaxFc3OsRQt1rEWkdqxFQHisRdp5rEVxe6xFDX2sRaZ+
rEU=</AssayXData><AssayYData Points="500">njyfQAlqn0BkmJ9ACp6fQBLDn0DKq59A4J+fQNzIn0Dc1Z9A07KfQMzqn0As659AlsSfQE/a
n0CT6p9AKvCfQGbmn0BbCKBAA+OfQPL/n0CaCaBAK++fQPwHoEAMB6BAd8efQN+9n0CtC6BA
3PefQP34n0B4JqBAWN6fQHX1n0A1G6BA/uifQNDfn0CiC6BAaxegQNr/n0C2/J9AIyWgQAwg
oEDJHaBA/e2fQE1BoECXEaBARzigQKgaoEC7HKBAPxygQC4FoEAgB6BAfRGgQEQ2oEC6+59A
5f6fQOMPoEDtBaBAGRKgQMYqoEA8MKBAQ/6fQD5HoEDlFKBAgAmgQGgyoEA6BKBAWQ2gQKck
oECSDqBABSWgQDNEoEBQO6BASQSgQCsBoEB/O6BAdySgQKI5oEBUBaBApB6gQIgGoEAlU6BA
eSmgQMYXoEBPOKBAAD+gQHQPoED+LaBAaSigQNYxoEBGMaBAug2gQLgWoEDMCKBANVagQGVN
oEDdHqBAiVmgQIA/oEALLaBAzxagQMxIoEA3QKBAsDKgQHJwoEDcHKBAFi2gQNJCoEB3LaBA
QTOgQK5IoEAdPaBAjlKgQDcvoEByI6BATj6gQIJVoEBERqBAdjugQDExoED3QqBACkagQMg1
oEBERqBACTGgQLpUoEDjQaBAZ0qgQPhOoEAEL6BAL2GgQJUxoEAQWqBAqVCgQCwhoECcX6BA
E1WgQK5goECUOaBAQWGgQE5PoEBVhKBAaVCgQN1doEA/RaBA31ygQABKoEDlR6BAL1+gQFNX
oECbdKBAFXmgQMhgoECOW6BADF6gQL5eoED8ZqBAqGKgQAehoECcU6BAWIigQKluoEBCYqBA
JkugQONyoEDWWqBA72GgQBd3oEAsX6BAcSagQPeOoEDmZaBAdzWgQBSLoED+WaBAgECgQBF8
oEDtUaBA51ugQGhvoEBlaKBAZ3CgQP51oECigaBA40qgQNdloEDoQ6BA8nqgQBhuoED8X6BA
6IOgQP9hoEB6maBAC36gQPtboEBbXaBAd5GgQL52oEDlcaBAX8ugQK5UoEDnZ6BAAmGgQDhd
oECWeqBAFY+gQE53oECwYaBAyGGgQBKPoEBFgqBAY3igQO9woEAfjaBACpWgQJCroEC0gaBA
C4ygQAqZoEBkd6BAGlWgQMhzoEDgs6BAtJagQMJtoEAueKBA6o6gQEidoEACeKBAr4SgQGt0
oEDWhaBA9Y2gQKNcoECIkKBAUJKgQMCRoEB8aqBAapagQEhwoEBnn6BAmWigQIaroED0nqBA
BYagQJ+UoEBPcKBADXegQGuNoEBLhqBAxKCgQKd8oEBDoKBABHigQGaQoEA8kqBA7pCgQGKo
oEB7cKBA3KegQO2IoEAme6BAQoygQHuwoEAVlKBACs6gQMuVoEADkqBAqImgQHCLoEBwhaBA
t5ygQDHIoEAgnaBAIYmgQN6CoECveaBA7rKgQCWIoEAXi6BAc6igQPaYoEALkaBAbYqgQJOm
oEDunKBAA7OgQPiloEBNoKBAoLugQMWZoEBBx6BAcpqgQE2hoEDprKBAJaqgQESXoEDP0KBA
zcegQPSyoEDrzaBANdagQDa2oEBxh6BAR8SgQIrboEDwjaBALrugQHWpoEDlqqBAwbigQAnB
oECcraBAH72gQAGwoEB2tKBAP6ugQLuvoECRoKBAT9KgQP6zoEAnxKBAb8SgQGTNoED3r6BA
v6agQA+9oEBwxqBAdIagQDPVoECWlaBAYpugQJzEoEBWx6BAsqOgQO3YoEAboqBA8a2gQIeW
oECSqKBAva+gQOrPoEAAw6BAv7ugQOm1oEBxj6BAOtigQESmoEBnwaBAtsygQPqeoEBA2aBA
Sr2gQAHBoEDww6BAjOqgQKypoEDufKBAJLagQFzToEACn6BAV7mgQDLHoEBWuqBAG7qgQLLQ
oEDCyaBAJq6gQHXfoECKx6BAcdmgQP3xoEA70aBAycqgQIy5oECG5aBAlbGgQH/IoEAT0KBA
eqegQATMoEBi0qBAgNSgQMPMoEAG4aBA8tegQLHQoECN7qBA2KqgQBDCoECtvqBA3bygQESr
oED1s6BArfGgQOzPoECl3KBAL9qgQKbgoED6y6BAcAChQK/3oEBd16BA9t+gQPq3oEDy3qBA
numgQMjboEDRyaBAa++gQFnsoEBa0KBAZO2gQGHuoEChxKBAsd6gQN/2oEAE1qBAsuugQAT/
oEBY6KBAqwmhQAbuoECqyqBAR+GgQCvkoEA836BAed6gQHvcoEAQ6KBAJ9ugQLPnoECp/aBA
quOgQMvQoECO8KBAEcygQEn1oEDnJaFAddigQNPKoEBKE6FA8O2gQDO+oEC+6qBAhNygQHDo
oEBN4aBAlBShQJP4oEDW4qBA/tqgQAvaoEA52aBAHtegQCfSoEBn5qBA8vCgQNj9oEDi36BA
AvCgQP8FoUA19aBAfAGhQI7goED0/qBAeN+gQKcSoUAn6KBAK9WgQLz6oED386BAnQihQDYG
oUAcEqFAdbagQKoaoUB29qBAvOOgQNL2oED7/qBAgdagQLcjoUBU/6BAK/CgQPXtoEBMOKFA
9AahQFHvoEBVQKFAivqgQDoLoUCX6KBA4v+gQEb2oEDH+aBAIhShQKbsoEC04KBA/BShQE4B
oUA=</AssayYData></Step><Step><CommonData><SampleLocation>4</SampleLocation><SampleID>hsCD3d/e_Acro_CDD-H52W1</SampleID><SampleGroup></SampleGroup><SampleInfo></SampleInfo><SampleRow>I</SampleRow><SamplePlate>1</SamplePlate><WellType>KSAMPLE</WellType><Concentration>-1</Concentration><ConcentrationUnits>µg/ml</ConcentrationUnits><MolarConcentration>12.5</MolarConcentration><MolarConcUnits>nM</MolarConcUnits><MolecularWeight>0</MolecularWeight><Temperature>30</Temperature><StartTime>6306737</StartTime><AssayTime>180</AssayTime></CommonData><FlowRate>1000</FlowRate><StepType>ASSOC</StepType><StepName>Association</StepName><StepStatus>OK</StepStatus><ActualTime>180</ActualTime><CycleTime>0.2</CycleTime><AssayXData Points="900">QICsRdyBrEV1g6xFD4WsRaaGrEVCiKxF2omsRXWLrEUNjaxFpo6sRUCQrEXokaxFc5OsRQ2V
rEWmlqxFQJisRdyZrEVzm6xFDZ2sRaaerEVCoKxF3KGsRXWjrEUNpaxFpqasRUCorEXaqaxF
dausRQ2trEWmrqxFQrCsRdyxrEVzs6xFD7WsRai2rEVAuKxF3LmsRXO7rEUNvaxFqL6sRUDA
rEXcwaxFc8OsRQ3FrEWoxqxFQMisRdzJrEVzy6xFDc2sRabOrEVC0KxF3NGsRXPTrEUP1axF
ptasRULYrEXa2axFc9usRQ3drEWo3qxFQOCsRdrhrEV146xFD+WsRajmrEVC6KxF2umsRXPr
rEUP7axFqO6sRULwrEXa8axFdfOsRQ31rEWm9qxFQvisRdz5rEV1+6xFD/2sRab+rEVAAK1F
3AGtRXMDrUUNBa1FqAatRUAIrUXaCa1FcwutRQ0NrUWoDq1FQBCtRdoRrUVzE61FDRWtRagW
rUVAGK1F2hmtRXMbrUUNHa1FqB6tRUAgrUXcIa1FcyOtRQ8lrUWmJq1FQCitRdoprUVzK61F
Dy2tRaYurUVAMK1F3DGtRXMzrUUNNa1FqDatRUA4rUXaOa1FczutRQ89rUWmPq1FQkCtRdpB
rUVzQ61FD0WtRaZGrUVCSK1F3EmtRXVLrUUNTa1Fpk6tRUJQrUXcUa1Fc1OtRQ1VrUWmVq1F
QFitRdpZrUV1W61FDV2tRaherUVAYK1F2mGtRXVjrUUPZa1FqGatRUJorUXaaa1FdWutRQ9t
rUWobq1FQHCtRdpxrUVzc61FD3WtRah2rUVAeK1F2nmtRXV7rUUNfa1FqH6tRUCArUXaga1F
c4OtRQ+FrUWmhq1FQoitRdqJrUVzi61FDY2tRaaOrUVAkK1F2pGtRXOTrUUNla1FppatRUCY
rUXema1Fc5utRQ+drUWonq1FQKCtRdyhrUV1o61FDaWtRaamrUVAqK1F3KmtRXOrrUUNra1F
qK6tRUCwrUXasa1Fc7OtRQ21rUWotq1FQLitRdq5rUV1u61FD72tRai+rUVCwK1F3MGtRXPD
rUUPxa1FqMatRUDIrUXaya1FdcutRQ/NrUWmzq1FQtCtRQHSrUVz061FDdWtRabWrUVA2K1F
3NmtRXXbrUUN3a1Fpt6tRUDgrUXa4a1Fc+OtRQ3lrUWm5q1FQOitRdrprUVz661FDe2tRaju
rUVA8K1F2vGtRXPzrUUN9a1FpvatRUD4rUXc+a1Fc/utRQ/9rUWm/q1FQACuRdwBrkVzA65F
DQWuRagGrkVCCK5F3gmuRXMLrkUPDa5Fpg6uRUIQrkXcEa5FcxOuRQ0VrkWoFq5FQBiuRdwZ
rkV1G65FDR2uRaYerkVAIK5F3CGuRXUjrkUPJa5FpiauRWMorkXcKa5FcyuuRQ0trkWmLq5F
QDCuRdoxrkVzM65FDzWuRaY2rkVAOK5F3DmuRXM7rkUNPa5Fpj6uRUBArkXcQa5Fc0OuRQ1F
rkWoRq5FQkiuRdpJrkVzS65FD02uRaZOrkVCUK5F2lGuRXNTrkUPVa5FplauRUBYrkXcWa5F
dVuuRQ1drkWmXq5FQGCuRdxhrkVzY65FDWWuRaZmrkVCaK5F2mmuRXNrrkUNba5Fpm6uRUBw
rkXsca5Fc3OuRQ11rkWmdq5FQHiuRdp5rkVze65FDX2uRaZ+rkVAgK5F2oGuRXWDrkUPha5F
qIauRUCIrkXaia5Fc4uuRQ2NrkWojq5FQpCuRdqRrkVzk65FDZWuRaaWrkVAmK5F2pmuRXOb
rkUPna5FqJ6uRUCgrkXcoa5FdaOuRQ+lrkWmpq5FQqiuRdqprkVzq65FD62uRaiurkVAsK5F
2rGuRXOzrkUPta5FprauRUC4rkXaua5FdbuuRQ+9rkWovq5FQMCuRdzBrkVzw65FD8WuRabG
rkVAyK5F2smuRXXLrkUNza5Fps6uRULQrkXa0a5Fc9OuRQ3VrkWo1q5FQNiuRdrZrkVz265F
Dd2uRaberkVC4K5F3OGuRXPjrkUN5a5FqOauRULorkXa6a5FdeuuRQ3trkWo7q5FQPCuRdrx
rkVz865FD/WuRab2rkVA+K5F3PmuRXP7rkUP/a5Fpv6uRUIAr0XcAa9FcwOvRQ0Fr0WmBq9F
QAivRdoJr0VzC69FDw2vRaYOr0VAEK9F9hGvRXMTr0UNFa9FphavRUAYr0XaGa9FcxuvRQ8d
r0WmHq9FQCCvRdwhr0VzI69FDSWvRaYmr0VAKK9F3CmvRXMrr0UNLa9FqC6vRUIwr0XcMa9F
czOvRQ01r0WmNq9FQjivRdw5r0VzO69FDT2vRag+r0VAQK9F3EGvRXVDr0UNRa9FqEavRUJI
r0XaSa9Fc0uvRQ9Nr0WmTq9FQFCvRdpRr0VzU69FD1WvRaZWr0VAWK9F2lmvRXVbr0UNXa9F
pl6vRUBgr0XcYa9Fc2OvRQ9lr0WmZq9FQGivRdxpr0Vza69FDW2vRaZur0VAcK9F3HGvRXNz
r0UNda9FpnavRUJ4r0Xcea9Fc3uvRQ19r0Wofq9FQICvRdqBr0V1g69FDYWvRaiGr0VAiK9F
2omvRXWLr0UNja9Fpo6vRUKQr0Xaka9Fc5OvRQ+Vr0Wolq9FQpivRdqZr0Vzm69FD52vRaae
r0VAoK9F2qGvRXOjr0UPpa9FpqavRUCor0Xaqa9Fc6uvRQ2tr0Wmrq9FQLCvRSWyr0Vzs69F
DbWvRai2r0VAuK9F3LmvRXO7r0UNva9FqL6vRUDAr0Xcwa9Fc8OvRQ/Fr0Woxq9FQMivRdrJ
r0V1y69FD82vRabOr0VC0K9F3NGvRXXTr0UN1a9FqNavRUDYr0Xc2a9Fc9uvRQ/dr0Wm3q9F
QOCvRdzhr0Vz469FDeWvRabmr0VC6K9F2umvRXXrr0UN7a9FqO6vRUDwr0Xa8a9Fc/OvRQ31
r0Wo9q9FQPivRdz5r0Vz+69FDf2vRab+r0VCALBF2gGwRXMDsEUPBbBFpgawRUAIsEVrCrBF
rwuwRQ8NsEWoDrBFQhCwRdwRsEVzE7BFDRWwRaYWsEVAGLBF3BmwRXUbsEUNHbBFph6wRUAg
sEXaIbBFcyOwRQ8lsEWoJrBFQCiwRdopsEV1K7BFDS2wRaYusEVAMLBF3DGwRXMzsEUPNbBF
qDawRUA4sEXaObBFczuwRQ89sEWmPrBFQECwRdpBsEVzQ7BFEUWwRahGsEVASLBF3EmwRXNL
sEUPTbBFpk6wRUBQsEURUrBFdVOwRQ9VsEWmVrBFQliwRdxZsEV1W7BFDV2wRaZesEVAYLBF
2mGwRXNjsEUPZbBFpmawRUJosEXaabBFdWuwRQ9tsEWmbrBFQHCwRdpxsEV1c7BFDXWwRah2
sEVAeLBF3HmwRXN7sEUNfbBFqH6wRUCAsEXcgbBFc4OwRQ2FsEWmhrBFQoiwRdqJsEV1i7BF
DY2wRaaOsEVAkLBF3JGwRXOTsEUNlbBFppawRUCYsEXambBFdZuwRQ2dsEWonrBFQKCwRdyh
sEV1o7BFD6WwRaamsEVAqLBF2qmwRXOrsEUNrbBFqK6wRUCwsEXcsbBFdbOwRQ21sEWmtrBF
QLiwRdy5sEV1u7BFDb2wRaa+sEVAwLBF2sGwRXXDsEUNxbBFpsawRULIsEXcybBFc8uwRQ3N
sEWmzrBFQNCwRdzRsEVz07BFD9WwRabWsEVC2LBF3NmwRXPbsEUP3bBFqN6wRUDgsEXc4bBF
deOwRQ/lsEWm5rBFQuiwRdzpsEV167BFDe2wRajusEVA8LBFG/KwRXXzsEUN9bBFqPawRUD4
sEXa+bBFdfuwRQ/9sEWm/rBFQACxRdwBsUV1A7FFDQWxRagGsUVCCLFF3AmxRXMLsUUNDbFF
pg6xRUAQsUXaEbFFcxOxRQ0VsUWmFrFFQBixRdoZsUVzG7FFER2xRaYesUVCILFF2iGxRXUj
sUUNJbFFpiaxRUIosUXaKbFFcyuxRQ0tsUWmLrFFQjCxRdoxsUV1M7FFDTWxRaY2sUVCOLFF
3jmxRXM7sUUPPbFFqD6xRUBAsUXaQbFFc0OxRQ1FsUWoRrFFQEixRdpJsUVzS7FFDU2xRaZO
sUVAULFF2lGxRXNTsUUPVbFFqFaxRUBYsUXcWbFFc1uxRQ1dsUWmXrFFQmCxRdxhsUVzY7FF
DWWxRaZmsUVAaLFF3GmxRXNrsUUNbbFFpm6xRUBwsUXacbFFc3OxRQ11sUWodrFFQnixRdx5
sUVze7FFD32xRaZ+sUVAgLFF2oGxRXODsUUNhbFFpoaxRUCIsUXcibFFdYuxRQ2NsUWmjrFF
QJCxRSeSsUVzk7FFDZWxRaaWsUVAmLFF2pmxRXWbsUUNnbFFqJ6xRUKgsUXaobFFc6OxRQ2l
sUWmprFFQqixRdqpsUVzq7FFD62xRaausUVAsLFF2rGxRXWzsUUPtbFFpraxRUK4sUXcubFF
c7uxRQ+9sUWmvrFFQMCxRdrBsUVzw7FFD8WxRajGsUVAyLFF2smxRXXLsUUNzbFFqM6xRUDQ
sUXa0bFFc9OxRQ/VsUWm1rFFQNixRdrZsUV127FFDd2xRabesUVA4LFF2uGxRXXjsUUN5bFF
puaxRUDosUXa6bFFc+uxRQ3tsUWm7rFFQPCxRdrxsUVz87FFD/WxRaj2sUVC+LFF2vmxRXP7
sUUP/bFFpv6xRUIAskXaAbJFcwOyRQ0FskWoBrJFQgiyRdwJskVzC7JFDQ2yRaYOskVAELJF
2hGyRXMTskUPFbJFphayRUIYskXaGbJFcxuyRQ8dskWmHrJF</AssayXData><AssayYData Points="900">J6igQIjjoEBj2qBARDmhQFQwoUDPE6FAVSyhQPZdoUDQHaFAqi6hQAFVoUCRaKFAvk2hQNRB
oUAUb6FAeQ2hQFVOoUDWZaFAP0mhQKlwoUADKKFAsHKhQJ5noUAkTqFA3FyhQGWSoUA2gKFA
2juhQAlooUADUaFAsnahQPBmoUC0g6FA31ChQDleoUDDjqFAs1yhQJBAoUABgqFA/GKhQFeI
oUCzZqFAUYehQGt3oUA+l6FALI2hQANhoUDGWqFA22WhQDd3oUBdgaFAtqKhQJ5YoUD0nKFA
63qhQEVzoUB0XaFA4XOhQIB0oUB1Z6FAc32hQC+MoUCye6FAgqehQLm1oUA8kaFArHihQImn
oUAvbqFAGW6hQJKQoUDNYqFAl2uhQO2ToUAxb6FAvGChQLSCoUDkdaFAgm+hQPaIoUCseqFA
J3KhQEaloUDwi6FAhIKhQOZIoUCAmqFArYehQBxaoUA6g6FA7YuhQGZ+oUD/k6FAGH2hQDWW
oUD3oKFAx4OhQHiToUAsmqFAJaGhQHaKoUCjj6FANaahQEF6oUDZiKFA6LuhQBaGoUCBdKFA
RaWhQPl5oUAchKFAdYChQAe8oUArf6FApJShQD2ioUCDn6FArpGhQPGwoUC5m6FAIJmhQFqK
oUCDqqFAdY6hQIKvoUCOp6FApp2hQI2xoUCIlKFAiYShQEaEoUBfn6FA9XWhQAeqoUDxuqFA
mKWhQCmLoUD+rKFAkqyhQHKwoUC5nqFAiLqhQKJxoUD3rqFATsShQNiWoUAjqaFAArShQFWt
oUD5hqFAZbChQAy8oUCWtqFAj6+hQF2UoUCzmKFAiLmhQBWIoUAvh6FAgHyhQD6joUDOhaFA
RJahQJWgoUCMo6FA76WhQF25oUB7nqFAN5uhQOraoUDAW6FAjMqhQPTgoUB5oaFAU7ahQPDF
oUCEhKFA1cWhQCWxoUBBrqFA042hQG+roUBsu6FA6KKhQHm/oUBStKFAt7WhQOKToUD1r6FA
c7ChQLyooUBBsKFAzaqhQKm3oUCmt6FAt6KhQHyIoUBYsqFAQ7ihQFWNoUDpy6FAp9OhQLWs
oUC41KFAIM2hQBzloUAbr6FAT9mhQL7JoUAyq6FA+MyhQE2yoUAVuaFAQt+hQHPVoUAy0KFA
/MGhQNHnoUB0xqFA4b6hQLuioUBkxqFAItqhQDyxoUAzw6FA/KmhQBTKoUDAxqFAopWhQA7G
oUDKzaFAzOChQBjJoUALzKFA1qChQKLWoUCp4qFAfb2hQN+toUA40aFA5M6hQALSoUChtKFA
TJ2hQIzaoUCY8qFAMNShQFTIoUBLuKFAbMShQHLIoUDz1qFAGeKhQOfQoUA20aFAXNGhQFiw
oUASrKFAF6uhQFCmoUBMuaFAbdmhQHfgoUCv06FAEsGhQKixoUDh2aFAR7ihQP/WoUBEy6FA
PeOhQNjWoUB2t6FAV8ChQFTPoUAix6FAwaShQPTloUDFzKFAwNGhQDfgoUCSxKFAPtahQPAE
okDXz6FAdK6hQPTZoUBD3aFA7sOhQNvMoUC6vqFAvd+hQNG7oUAKwaFAkMmhQMLroUBP36FA
6dKhQLPIoUCV76FA3tqhQFj5oUCJ1KFA3u2hQF3DoUAxyKFAp+ahQOC9oUDb8KFAWgiiQA21
oUBd9aFA/NyhQIXboUBcpKFAhNehQJ/aoUBVzqFALtWhQGLfoUBU4qFAndKhQPnboUBA7qFA
mvOhQIjpoUC2zqFAI+ihQIcNokA75aFAgduhQGrnoUCk0qFAf9OhQP4MokAC9qFAteuhQGUG
okAI46FADPehQAr4oUBMIaJAD/2hQCP6oUDp36FAzuehQMDgoUCN+qFA++qhQAL9oUB66KFA
u/ChQM/QoUDJG6JAkc+hQHznoUBn46FAJe2hQD3noUCDBaJAhfChQHPloUBn2KFAP+OhQLjp
oUB29KFAROWhQIL2oUBk5KFAfOOhQN/ioUD1zaFAdfWhQPz+oUA7/qFAHwaiQEbdoUCZ5KFA
2eehQIP0oUD39qFA/O+hQMYXokDvB6JAE+uhQFwCokBl86FATeqhQKPloUCmKKJAuP2hQMrp
oUAE8qFApfWhQET8oUDa5KFA+vuhQC/moUDtBKJAAeyhQBftoUCR+KFAOhmiQObSoUCiAKJA
eg2iQEkBokA38aFAtfqhQPvpoUAfLKJAYy6iQLAGokDX9KFAORyiQFX5oUDD6qFASM+hQAfy
oUCb96FAAhCiQMsNokBAIqJAF+uhQHLzoUDDLaJAbPShQGESokBrDaJAhQeiQB3loUDAEqJA
7AeiQD8TokBI+6FAlvihQJMJokDW76FAbhSiQC0rokDuB6JA4P2hQMEVokAe/qFAGdGhQDcG
okAgEaJASRyiQBkAokBWMKJA1++hQMzYoUBAF6JAbg2iQGb6oUBNDKJAYyiiQC4HokB6EaJA
nhqiQAwXokDRIqJAcxyiQML+oUDlF6JA+CWiQB82okCME6JAvxyiQMAVokBC/qFARvGhQDn+
oUAhBaJAXyyiQFH8oUA3JKJASieiQPwdokDnE6JAqBGiQMsDokB1EaJAFxyiQKggokDNF6JA
CgqiQKvxoUDpJ6JADQyiQHQWokD4OqJAOzCiQAkYokBGKaJApB+iQGUWokD3BKJAqRSiQJES
okC1MqJAazWiQCBTokA9K6JAeu+hQEX3oUBxJKJAYR+iQA8dokBEGaJAGRmiQPsbokBZNaJA
4iyiQBsCokBPH6JAVzGiQMQeokAeG6JAMDiiQPMUokBOJ6JAkiiiQNciokCtI6JAal2iQAMm
okA3DKJAkR6iQAcuokCxLaJANTKiQJMxokAZDqJAUDCiQJJAokAbHKJAeRyiQFsrokC1NKJA
5tWhQChPokDURKJAXBqiQBchokA8L6JAuTCiQGsbokCDUqJA3g2iQKciokBDLaJAeQCiQEtC
okAvIaJAiimiQEUuokBvRKJAmVeiQKf/oUAKMaJAx22iQOs5okBdPKJArSaiQMQmokDaH6JA
2jaiQAsyokDOUKJApjeiQAMkokAaNKJAyiOiQJAlokARAKJAIjuiQC4gokAhTaJAE2CiQCIm
okAsD6JAmSeiQP86okDER6JAZC2iQCtHokDtRKJAwCeiQAdHokBxPaJApCOiQJonokANMaJA
CzGiQAFQokBIQaJAQgGiQEseokCnZaJAkD2iQElHokA0SqJAuCqiQOA0okD/N6JATEeiQHk1
okDlRaJAZ1qiQD5HokCXJ6JAC1KiQBw3okC9RqJAID2iQP4xokCuTKJA5UyiQHpIokDAO6JA
8VaiQEZFokAGSKJAfWKiQLQZokAFTqJAMGqiQI5CokDCPaJANDiiQKBvokAAOqJAZWGiQCxW
okDha6JAu1qiQMFdokAKW6JAdUOiQFtQokBeT6JARDGiQDxsokATS6JAc1WiQJE7okCWSKJA
tEuiQJRfokC9dKJAzESiQHdKokDoOaJAhliiQGdKokAeZaJA8VeiQApFokDuQ6JAi0yiQNFL
okCaOaJAMVyiQJorokB1VqJAqECiQCQWokCyUaJAN1eiQC0jokCzQqJAvleiQHozokCiWKJA
ijKiQFJGokCLOKJA+miiQPBZokDaVaJADT+iQNg/okCaUaJAeVWiQAJEokBGZqJA5RiiQNVj
okBWRaJAsV6iQHNgokCIQaJAI1+iQE9tokAgZaJA1jqiQJxOokC/f6JALEuiQC5fokAOaKJA
w0eiQKCMokCVVqJA52yiQJoOokAjZaJAUTuiQO5CokAhcqJAt2eiQBxOokAeXKJA12SiQJ8/
okApbqJA52eiQHwtokDeSaJATWOiQDZJokB0V6JAdl+iQN86okBpSaJAlYeiQMR8okBqW6JA
9IaiQPd+okCsW6JA1GKiQG1LokBlY6JA00CiQMpiokDJU6JA4GSiQMljokDfRKJAJ1SiQLaG
okDIRqJAy0KiQDx4okASgqJAAVOiQGx0okDLZ6JAnUmiQG10okDroKJA3kSiQDJ0okDIT6JA
eGqiQI9QokCFjqJATWeiQC1lokDLbaJAzFuiQF4yokBQTaJADXWiQMhookBYaKJA1G+iQCBq
okCFZ6JAym2iQG2BokCBX6JAvI2iQJp+okCKbqJA8XyiQJtiokBWVqJA8nGiQAtqokD3WaJA
oHmiQNCBokDdSqJAyHSiQIB8okBNZqJAVnKiQOJ9okCWh6JAhnOiQEl2okCBg6JAaH2iQF9j
okB3cqJAKLqiQEeDokD1faJAkGiiQCqCokBqgaJARoCiQCh1okAWb6JAMG+iQPtlokC7c6JA
wleiQFiYokD9eaJAe3iiQEKRokB9cKJAxXqiQPFdokCtZ6JA97OiQMxrokCQSKJAKa+iQAee
okCdcaJA8YSiQEaVokBNRaJAN4SiQNNkokAdYaJAp1CiQBhxokBGcaJATJaiQAteokBUf6JA
E2yiQK6KokAMZKJAY5qiQARYokChdaJAemWiQJl/okAniKJA+oqiQPu5okA+kqJAEoOiQFxs
okAjdqJAeHGiQAyfokCHhKJAO2miQKhvokB2oKJA11yiQBCQokCXkKJAb3+iQG1pokAvk6JA
BoeiQMRbokC6laJAgFGiQIWnokCbdaJA0qmiQKeqokAZo6JA8n+iQJmNokA7e6JAHXuiQNd2
okCDWqJAEJaiQOR4okCilKJAp2WiQNCiokDRT6JAGJCiQBGwokCTXaJAFqmiQBCkokBdeKJA
aZ+iQAuGokDymaJAJo+iQMePokBKsaJA14SiQN6VokArhaJA</AssayYData></Step><Step><CommonData><SampleLocation>3</SampleLocation><SampleID>Octet Buffer</SampleID><SampleGroup></SampleGroup><SampleInfo></SampleInfo><SampleRow>I</SampleRow><SamplePlate>1</SamplePlate><WellType>BUFFER</WellType><Concentration>-1</Concentration><ConcentrationUnits>µg/ml</ConcentrationUnits><MolarConcentration>-1</MolarConcentration><MolarConcUnits>nM</MolarConcUnits><MolecularWeight>0</MolecularWeight><Temperature>30</Temperature><StartTime>6495137</StartTime><AssayTime>300</AssayTime></CommonData><FlowRate>1000</FlowRate><StepType>DISASSOC</StepType><StepName>Dissociation</StepName><StepStatus>OK</StepStatus><ActualTime>300</ActualTime><CycleTime>0.2</CycleTime><AssayXData Points="1500">QCCyRdwhskVzI7JFDSWyRaYmskVAKLJF3CmyRXUrskUNLbJFpi6yRUAwskXaMbJFczOyRQ81
skWmNrJFQjiyRdo5skV1O7JFDz2yRaY+skVCQLJF2kGyRXNDskUPRbJFpkayRUBIskXaSbJF
c0uyRQ9NskWoTrJFQlCyRdpRskVzU7JFDVWyRaZWskVCWLJF2lmyRXVbskUNXbJFpl6yRUJg
skXaYbJFdWOyRQ9lskWoZrJFQGiyRdppskV1a7JFDW2yRahuskVCcLJF2nGyRXNzskUNdbJF
pnayRUJ4skXcebJFdXuyRQ19skWofrJFQoCyRdqBskVzg7JFD4WyRaiGskVAiLJF2omyRXOL
skUNjbJFLo+yRXGQskXakbJFdZOyRQ+VskWmlrJFQJiyRdqZskVzm7JFD52yRaieskVAoLJF
3KGyRXOjskUNpbJFpqayRUKoskXaqbJFdauyRQ2tskWorrJFQLCyRdqxskV1s7JFDbWyRaa2
skVAuLJF2rmyRXW7skUNvbJFpr6yRUDAskXcwbJFc8OyRQ3FskWoxrJFQsiyRdrJskVzy7JF
Dc2yRabOskVA0LJF2tGyRXPTskUN1bJFqNayRUDYskXc2bJFc9uyRQ/dskWo3rJFQuCyRdzh
skV147JFDeWyRabmskVA6LJF2umyRXXrskUN7bJFpu6yRUDwskXc8bJFc/OyRQ/1skWm9rJF
QviyRdr5skV1+7JFDf2yRab+skVAALNF3AGzRXMDs0UNBbNFqAazRUAIs0XaCbNFdQuzRQ0N
s0WoDrNFQBCzRdoRs0V1E7NFDxWzRagWs0VCGLNF3BmzRXUbs0UNHbNFph6zRUAgs0XaIbNF
dSOzRQ8ls0WmJrNFQiizRdwps0V1K7NFDS2zRRkvs0VdMLNF2jGzRXUzs0UPNbNFpjazRUA4
s0XaObNFczuzRQ09s0WoPrNFQECzRdpBs0VzQ7NFD0WzRaZGs0VASLNF2kmzRXNLs0UPTbNF
pk6zRUBQs0XaUbNFc1OzRQ1Vs0WoVrNFQlizRdpZs0VzW7NFDV2zRahes0VAYLNF2mGzRXNj
s0UNZbNFqGazRUBos0XaabNFc2uzRQ1ts0WmbrNFQnCzRdpxs0V1c7NFD3WzRah2s0VAeLNF
2nmzRXN7s0UPfbNFpn6zRUCAs0XagbNFc4OzRQ+Fs0WmhrNFQIizRdqJs0V1i7NFDY2zRaaO
s0VAkLNF2pGzRXWTs0UPlbNFppazRUCYs0XambNFdZuzRQ+ds0WmnrNFQKCzRdqhs0V1o7NF
DaWzRaams0VCqLNF2qmzRXOrs0UPrbNFpq6zRUCws0XcsbNFc7OzRQ21s0WmtrNFQrizRdq5
s0V3u7NFDb2zRaa+s0VAwLNF2sGzRXPDs0UNxbNFNsezRXnIs0XaybNFdcuzRQ3Ns0UFz7NF
RtCzRd7Rs0Vz07NFD9WzRabWs0VC2LNF3NmzRXPbs0UN3bNFpt6zRUDgs0Xa4bNFdeOzRQ3l
s0Wm5rNFQuizRdrps0Vz67NFDe2zRajus0VA8LNF3PGzRXXzs0UN9bNFpvazRUL4s0Xc+bNF
c/uzRQ39s0Wm/rNFQgC0RdoBtEV1A7RFDQW0RaYGtEVCCLRF3Am0RXULtEUPDbRFpg60RUIQ
tEXaEbRFcxO0RQ0VtEWmFrRFQhi0RdoZtEVzG7RFDR20RaYetEVCILRF3CG0RXMjtEUNJbRF
pia0RUIotEXaKbRFcyu0RQ8ttEWmLrRFQjC0RdoxtEV1M7RFDTW0RaY2tEVEOLRF2jm0RXU7
tEUNPbRFpj60RUJAtEXaQbRFc0O0RQ9FtEWoRrRFQEi0RdxJtEVzS7RFD020RaZOtEVAULRF
3FG0RXNTtEUNVbRFpla0RUBYtEXaWbRFc1u0RQ1dtEWmXrRFQGC0RdphtEV1Y7RFDWW0Rahm
tEVAaLRF2mm0RXNrtEUPbbRFMG+0RXVwtEXacbRFdXO0RQ11tEWodrRFQHi0Rdp5tEVze7RF
DX20RaZ+tEVCgLRF2oG0RXWDtEUNhbRFpoa0RUCItEXaibRFc4u0RQ2NtEWojrRFQpC0RdqR
tEV1k7RFDZW0RaaWtEVCmLRF2pm0RXObtEUPnbRFpp60RUCgtEXaobRFdaO0RQ2ltEWoprRF
Qqi0RdqptEVzq7RFD620RaautEVAsLRF2rG0RXWztEUPtbRFqLa0RUC4tEXcubRFc7u0RQ+9
tEWmvrRFQMC0RdrBtEV1w7RFDcW0RajGtEVAyLRF2sm0RXPLtEUPzbRFqM60RUDQtEXa0bRF
ddO0RQ3VtEWo1rRFQNi0RdrZtEVz27RFD920RajetEVA4LRF2uG0RXXjtEUN5bRFpua0RUDo
tEXa6bRFc+u0RQ/ttEWm7rRFQPC0RdzxtEVz87RFDfW0Rab2tEVC+LRF3Pm0RXP7tEUP/bRF
qP60RUAAtUXcAbVFcwO1RQ8FtUWmBrVFQAi1RdwJtUV1C7VFDQ21RRsPtUVfELVF3BG1RXMT
tUUPFbVFpha1RUAYtUXaGbVFcxu1RQ0dtUWmHrVFQCC1RdwhtUV1I7VFDSW1RagmtUVCKLVF
2im1RXMrtUUPLbVFpi61RUIwtUXaMbVFczO1RQ01tUWmNrVFQDi1Rdo5tUV1O7VFDT21Rag+
tUVCQLVF3EG1RXVDtUUPRbVFpka1RUJItUXaSbVFc0u1RQ1NtUWoTrVFQFC1RdxRtUV1U7VF
DVW1RaZWtUVAWLVF2lm1RXVbtUUNXbVFqF61RUJgtUXaYbVFc2O1RQ1ltUWmZrVFQGi1Rdxp
tUVza7VFDW21RahutUVCcLVF2nG1RXNztUUNdbVFqHa1RUJ4tUXaebVFdXu1RQ19tUWmfrVF
QIC1RdqBtUVzg7VFD4W1RaaGtUVAiLVF3Im1RXOLtUUNjbVFqI61RUCQtUXakbVFdZO1RQ2V
tUWolrVFQJi1RdqZtUV1m7VFDZ21RaaetUVAoLVF3KG1RXOjtUUNpbVFpqa1ReKotUUlqrVF
c6u1RQ+ttUUHr7VFTLC1RdqxtUVzs7VFD7W1Raa2tUVCuLVF2rm1RXW7tUUPvbVFqL61RUDA
tUXcwbVFc8O1RQ/FtUWoxrVFQMi1RdrJtUVzy7VFDc21RajOtUVA0LVF2tG1RXPTtUUP1bVF
qNa1RUDYtUXc2bVFc9u1RQ3dtUWo3rVFQOC1RdrhtUVz47VFD+W1RabmtUVC6LVF2um1RXPr
tUUP7bVFqO61RUDwtUXa8bVFc/O1RQ31tUWm9rVFQPi1Rdr5tUV1+7VFDf21Rab+tUVCALZF
2gG2RXMDtkUPBbZFqAa2RUIItkXaCbZFcwu2RQ8NtkWoDrZFQBC2RdwRtkV1E7ZFDRW2RaYW
tkVAGLZF2hm2RXUbtkUNHbZFph62RUIgtkXaIbZFdSO2RQ0ltkWoJrZFQCi2RdoptkVzK7ZF
DS22RaYutkVAMLZF2jG2RXMztkUPNbZFqDa2RUA4tkXaObZFczu2RQ89tkWmPrZFQEC2RdpB
tkVzQ7ZFDUW2RaZGtkVCSLZF3Em2RXVLtkUPTbZFE0+2RVdQtkXaUbZFdVO2RQ1VtkWmVrZF
QFi2RdpZtkVzW7ZFDV22RahetkVAYLZF2mG2RXVjtkUNZbZFqGa2RUBotkXcabZFc2u2RQ9t
tkWmbrZFQnC2RdpxtkVzc7ZFDXW2RaZ2tkVAeLZF2nm2RXV7tkUNfbZFpn62RUKAtkXagbZF
c4O2RQ+FtkWohrZFQIi2RdqJtkVzi7ZFDY22RaaOtkVAkLZF2pG2RXOTtkUPlbZFqJa2RUCY
tkXambZFc5u2RQ+dtkWonrZFQKC2RdqhtkV1o7ZFDaW2RaamtkVEqLZF2qm2RXWrtkUNrbZF
pq62RUKwtkXasbZFc7O2RQ21tkWmtrZFQLi2Rdq5tkV1u7ZFDb22Raa+tkVCwLZF2sG2RXXD
tkUNxbZFpsa2RULItkXcybZFdcu2RQ/NtkWozrZFQtC2RdrRtkVz07ZFD9W2RabWtkVC2LZF
2tm2RXPbtkUN3bZFpt62RUDgtkXa4bZFc+O2RQ3ltkWm5rZFQui2RdrptkVz67ZFDe22RUDv
tkWE8LZF2vG2RXPztkUP9bZFqPa2RUD4tkXa+bZFdfu2RQ/9tkWo/rZFQAC3RdoBt0VzA7dF
DwW3RaYGt0VCCLdF2gm3RXMLt0UPDbdFqA63RUAQt0XcEbdFcxO3RQ8Vt0WoFrdFQBi3RdoZ
t0V1G7dFDR23RaYet0VAILdF3CG3RXMjt0UPJbdFqCa3RUAot0XcKbdFdSu3RQ8tt0WoLrdF
QDC3Rdwxt0VzM7dFDTW3Rag2t0VCOLdF3Dm3RXM7t0UPPbdFpj63RUBAt0XcQbdFdUO3RQ9F
t0WmRrdFQEi3RdpJt0VzS7dFD023RaZOt0VAULdF2lG3RXVTt0UNVbdFqFa3RUBYt0XaWbdF
c1u3RQ1dt0WmXrdFQmC3Rdpht0VzY7dFD2W3Rahmt0VAaLdF3Gm3RXVrt0UNbbdFpm63RUJw
t0XccbdFdXO3RQ91t0WmdrdFQHi3Rdp5t0Vze7dFD323RaZ+t0VAgLdF2oG3RXWDt0UNhbdF
poa3RUCIt0VOirdFkou3RQ+Nt0Upj7dFb5C3RdyRt0V1k7dFDZW3RaaWt0VAmLdF2pm3RXWb
t0UNnbdFpp63RUKgt0XaobdFdaO3RQ+lt0WmprdFQKi3Rdypt0Vzq7dFD623Raaut0VAsLdF
2rG3RXOzt0UNtbdFpra3RUK4t0XcubdFc7u3RQ29t0WmvrdFQMC3RdzBt0Vzw7dFD8W3RajG
t0VAyLdF3Mm3RXPLt0UNzbdFps63RUDQt0Xa0bdFc9O3RQ/Vt0Wo1rdFQNi3RdrZt0V127dF
Dd23Rabet0VA4LdF3uG3RXPjt0UN5bdFqOa3RUDot0Xc6bdFc+u3RQ3tt0Wm7rdFQPC3Rdzx
t0Vz87dFD/W3Raj2t0VC+LdF3Pm3RXP7t0UP/bdFpv63RUAAuEXaAbhFcwO4RQ0FuEWmBrhF
QAi4RdoJuEVzC7hFDQ24RaYOuEVCELhF3BG4RXMTuEUNFbhFpha4RUIYuEXaGbhFdRu4RQ0d
uEWmHrhFQiC4RdwhuEVzI7hFDSW4RaYmuEVCKLhF2im4RXMruEUNLbhFFS+4RVkwuEXaMbhF
dTO4RQ81uEWoNrhFQDi4Rdw5uEVzO7hFDT24RaY+uEVCQLhF2kG4RXNDuEUNRbhFqEa4RUBI
uEXcSbhFc0u4RQ1NuEWoTrhFQFC4RdxRuEV1U7hFDVW4RaZWuEVAWLhF2lm4RXNbuEUNXbhF
pl64RUJguEXaYbhFdWO4RQ1luEWoZrhFQmi4RdppuEV1a7hFDW24RaZuuEVCcLhF3HG4RXVz
uEUNdbhFqHa4RUB4uEXaebhFc3u4RQ99uEWofrhFQIC4RdqBuEVzg7hFD4W4RaaGuEVCiLhF
3Im4RXOLuEUNjbhFpo64RUCQuEXakbhFc5O4RQ2VuEWmlrhFQJi4RdqZuEVzm7hFDZ24Raie
uEVAoLhF2qG4RXWjuEUNpbhFpqa4RUKouEXaqbhFdau4RQ+tuEWmrrhFQLC4RdyxuEVzs7hF
DbW4Rai2uEVCuLhF2rm4RXW7uEUNvbhFpr64RULAuEXcwbhFc8O4RQ3FuEWoxrhFQMi4RdrJ
uEVzy7hFDc24RSHPuEVl0LhF2tG4RXPTuEUN1bhFpta4RUDYuEXa2bhFc9u4RQ3duEWo3rhF
QOC4RdrhuEVz47hFDeW4RajmuEVA6LhF3Om4RXPruEUN7bhFpu64RUDwuEXa8bhFc/O4RQ/1
uEWm9rhFQPi4Rdr5uEVz+7hFD/24Rab+uEVCALlF3AG5RXUDuUUPBblFpga5RUAIuUXeCblF
cwu5RQ0NuUWmDrlFQhC5RdoRuUVzE7lFDRW5RaYWuUVAGLlF2hm5RXUbuUUNHblFph65RUAg
uUXaIblFcyO5RQ8luUWoJrlFQCi5RdopuUV1K7lFDy25RaguuUVCMLlF2jG5RXMzuUUNNblF
pja5RUA4uUXcOblFczu5RQ09uUWmPrlFQEC5RdpBuUVzQ7lFDUW5RaZGuUVASLlF2km5RXNL
uUUNTblFpk65RUBQuUXaUblFc1O5RQ1VuUWoVrlFQFi5RdxZuUVzW7lFDV25RaheuUVAYLlF
3GG5RXNjuUUNZblFpma5RUJouUXcablFuWu5RQ1tuUUub7lFcXC5RdxxuUVzc7lFDXW5Rah2
uUVAeLlF3Hm5RXN7uUUNfblFpn65RUKAuUXagblFc4O5RQ2FuUWohrlFQIi5RdqJuUVzi7lF
DY25RaaOuUVCkLlF2pG5RXOTuUUPlblFppa5RUCYuUXamblFdZu5RQ2duUWonrlFQKC5Rdqh
uUVzo7lFD6W5RaamuUVAqLlF3Km5RXOruUUPrblFqK65RUCwuUXasblFc7O5RQ+1uUWmtrlF
QLi5Rdq5uUV1u7lFDb25Raa+uUVCwLlF3MG5RXPDuUUNxblFpsa5RULIuUXcyblFdcu5RQ3N
uUWmzrlFQtC5RdzRuUV107lFD9W5RabWuUVA2LlF3Nm5RXXbuUUN3blFpt65RUDguUXc4blF
c+O5RQ3luUWo5rlFQui5RdrpuUVz67lFDe25RajuuUVE8LlF2vG5RXfzuUUN9blFqPa5RUD4
uUXc+blFdfu5RQ39uUWm/rlFQgC6RdoBukVzA7pFDQW6RagGukVCCLpF2gm6RXMLukUNDbpF
+A66RUIQukXaEbpFcxO6RQ0VukWmFrpFQhi6RdoZukVzG7pFDR26RaYeukVAILpF3CG6RXUj
ukUNJbpFqCa6RUIoukXcKbpFcyu6RQ0tukWoLrpFQDC6RdoxukVzM7pFDTW6Rag2ukVAOLpF
3Dm6RXM7ukUNPbpFqD66RUBAukXaQbpFc0O6RQ1FukWoRrpFQEi6RdxJukV1S7pFD026RahO
ukVCULpF3FG6RXNTukUNVbpFpla6RUJYukXcWbpFc1u6RQ9dukWmXrpFQGC6RdphukVzY7pF
DWW6RaZmukVAaLpF2mm6RXNrukUNbbpFpm66RUBwukXccbpFc3O6RQ91ukWmdrpFQni6Rdx5
ukVze7pFDX26RaZ+ukVAgLpF2oG6RXODukUNhbpFpoa6RUSIukXaibpFc4u6RQ+NukWojrpF
QJC6RdqRukVzk7pFDZW6RaaWukVCmLpF2pm6RXWbukUNnbpFqJ66RUCgukXaobpFc6O6RQ+l
ukWmprpFQKi6RdypukVzq7pFDa26RSWvukVrsLpF3LG6RXOzukUNtbpFpra6RUC4ukXcubpF
c7u6RQ29ukWovrpFQsC6RdrBukVzw7pFDcW6RabGukVAyLpF2sm6RXPLukUNzbpFps66RULQ
ukXa0bpFc9O6RQ3VukWm1rpFQti6RdzZukV127pFDd26RajeukVA4LpF2uG6RXPjukUN5bpF
pua6RULoukXa6bpFc+u6RQ/tukWm7rpFQPC6RdrxukVz87pFD/W6Rab2ukVA+LpF2vm6RXP7
ukUP/bpFpv66RUIAu0XaAbtFcwO7RQ0Fu0WmBrtFQAi7RdwJu0V1C7tFDw27RaYOu0VAELtF
2hG7RXUTu0UNFbtFpha7RUAYu0XaGbtFdRu7RQ8du0WoHrtFQiC7Rdohu0VzI7tFDSW7RaYm
u0VAKLtF2im7RXMru0UNLbtFqC67RUAwu0XaMbtFdTO7RQ01u0WmNrtFQDi7Rdo5u0VzO7tF
DT27Rag+u0VAQLtF3EG7RXNDu0UPRbtFpka7RUJIu0XaSbtFdUu7RSVNu0UyT7tFdVC7RdxR
u0VzU7tFDVW7RaZWu0VAWLtF2lm7RXNbu0UPXbtFqF67RUBgu0XcYbtFdWO7RQ1lu0WmZrtF
QGi7Rdppu0Vza7tFDW27RaZuu0VCcLtF3HG7RXVzu0UNdbtFpna7RUB4u0XaebtFc3u7RQ99
u0WmfrtF</AssayXData><AssayYData Points="1500">s8ihQL7loUDP46FAbNOhQBoPokCL+aFAzSaiQI7uoUBbDKJAZfuhQMAIokCL56FAePehQFUF
okDeJqJAYiCiQOgUokAERKJAUT2iQN0eokDQO6JATRSiQIYZokDvAqJAeDCiQI0WokB/NaJA
3QmiQAkVokBnHKJA1RuiQKQiokCqK6JAw0qiQHkiokAlMKJApV+iQEsUokCFJaJARDCiQDEf
okBRL6JA3j+iQEQ3okBITKJAClSiQGoxokCFKKJAXFqiQO4yokBWJ6JAiB+iQKAuokBnSKJA
lTuiQP83okBGLaJAhiGiQAZxokD2VKJA9huiQK46okDxU6JAojmiQHoookD1RKJAUTyiQJw7
okARLqJAJDmiQEpLokAnVqJA5ESiQERZokDSKqJA6yaiQBMookCyPqJAOUiiQM9MokBiOKJA
tk2iQDNlokDoMaJAgDuiQJQ+okASPqJAS1KiQJ9YokCOOaJAykaiQApqokCuTaJA1ECiQI4z
okAoP6JA30SiQKQ/okChMqJAkTeiQAVcokBrWqJAa1iiQINYokBqT6JAv2WiQMxTokCZYqJA
NUyiQJVqokDUTaJAZBqiQMhUokCGXaJAiT6iQNBUokAKaaJAiGWiQKA9okCZaKJAsj6iQNh1
okBpX6JAHUWiQJppokC2Y6JAD1CiQBRpokBcWqJA/EyiQB8tokCOZ6JA9FyiQL9eokAraKJA
MUWiQCh3okCqaaJAT2yiQN1nokAgXKJA0WuiQIRUokA7eKJAS2eiQLhpokAFV6JAJUeiQLZi
okA5L6JAOluiQE50okC2V6JAfDWiQHtyokBxaaJAI4OiQFyJokAlVaJA6FCiQAhvokA3gKJA
pU+iQOxnokBuQ6JAcVSiQBuWokDuhqJAEVuiQGx8okARYqJAq2KiQLpAokD0Y6JA93aiQHNl
okAndKJAmF6iQJhookAZjaJArFaiQB8/okATaqJA5mOiQBVtokBeYKJACGiiQPJookCxW6JA
6XuiQEVgokDeZqJAun6iQM5GokAOZaJAGo+iQDR/okATlqJApXWiQC2UokCUh6JA3WaiQK9p
okCQZaJAt2yiQDdtokD6h6JAtWuiQAmHokDYmKJAjjqiQOJ4okDtX6JAlGCiQKiYokAscaJA
HneiQBJpokDTgqJAqVGiQBeBokAtkaJASJiiQI+NokDHjaJA85KiQLODokAcgqJA13uiQL2I
okCKfaJAj4GiQHRlokDDcqJAVXyiQOSNokDviKJAiIeiQHV+okCubaJAa2OiQHmaokB3Y6JA
p2SiQG+VokBBhqJA68KiQFJ9okCdXqJArIGiQF6IokDUj6JA0GGiQFycokAtYaJAgJaiQByJ
okDZe6JAPKOiQOeJokAulKJAnkaiQHmVokDffaJAJnyiQExxokAViKJACXCiQKukokBNjqJA
eoWiQCOUokAEoqJAfoSiQMNKokDtaaJAyIWiQKl9okCloaJAV46iQFSUokADd6JAuJ+iQOaD
okBXhaJAJ4qiQMVuokCycKJAJ9KiQL1yokBHsaJAlIKiQGtRokDheqJAtp+iQGG1okBXjaJA
5XKiQMF5okAho6JALomiQLGQokCbf6JAEqqiQDudokAIi6JAHGKiQDTHokA7paJAkJqiQFOV
okC1uaJA1LCiQL+3okCteKJAGneiQIeYokAEn6JA5q2iQFeookCurKJAGq6iQBG1okB0k6JA
hnuiQAuSokCFs6JAcW+iQEefokA4uaJA9KuiQG6rokBakaJACLOiQNidokCznqJAVomiQKCA
okArpKJA7sCiQDSMokCiyqJAnpuiQIGwokAjr6JA66qiQByfokB5jaJAoMCiQGWhokChi6JA
8bCiQFDCokA1n6JAoMyiQIOwokCCnqJAZNmiQESlokDRl6JAN5CiQDmaokAGj6JAp5WiQEyn
okD2l6JAQY+iQFa9okDPwKJAIouiQCK7okCRfKJALqSiQB+mokCzxaJAGqiiQBGaokBDtKJA
vJCiQD+LokBos6JArL+iQKKqokDym6JAddCiQG2xokDGwKJAG66iQDqmokAcqqJArK+iQNiq
okAFs6JAw5+iQHyiokBmwqJAuqqiQKWbokBMvKJAmsGiQCuookDotaJApbuiQJbGokCGj6JA
QrWiQDu3okAgkaJA48miQPvOokB3rqJAPbSiQCHYokDcsaJAQKeiQGmrokDx2qJA3o2iQLvB
okCSoaJAddeiQKjYokDeqqJA3pqiQM/PokDpvqJA16GiQHi1okBauKJASbaiQKG2okDK6KJA
daOiQPyookD8zKJAppKiQCWrokDV0KJATreiQDuxokBjyKJAmtWiQAWvokDprKJANbmiQJG1
okA+vKJAaNCiQDXDokAls6JA+r+iQIfJokC22KJASdaiQMLBokCDyqJAp6qiQA/GokAvyqJA
Bb+iQMfUokARv6JAoMuiQGXNokDb3qJA37iiQPe0okArx6JAMc2iQE6xokAXx6JADcKiQJjS
okAznaJA3baiQLTUokBxuqJAqruiQLO+okCay6JAL9CiQDjJokBh1aJAddSiQIWjokATtKJA
ugejQPzXokAFu6JAReuiQIHLokAgyqJAFcSiQOi1okD72KJAYvmiQKOzokDVv6JA4tOiQFq3
okD2t6JANtWiQIC2okDE3aJAk8+iQMnpokCku6JA/umiQKPIokA6z6JAQdaiQHLIokClw6JA
Q9yiQB/sokCvyaJACdKiQE/CokAu5qJAxtCiQOUHo0Bn4qJAEOOiQM7EokB3vqJAad2iQNvp
okAZy6JAfs+iQJzgokBy2KJAO9uiQHfVokBN8qJAod6iQETeokDb2KJAtcCiQHLGokCpz6JA
0OWiQErTokBI0qJAed2iQJquokDR6aJAf/aiQPfMokBy56JAw+KiQFr0okCj4KJAL7qiQGrO
okCXt6JArtmiQAoIo0A78KJAwOuiQH7cokAvzaJAvf6iQLDqokBEtqJAgPCiQAHMokDf4aJA
+9aiQNLqokCE6aJAcsuiQHffokAJ+KJA/9uiQDjjokBs0KJAwN2iQMTlokBZ+6JAQuWiQNbZ
okBl56JAfdaiQFLKokAX56JA9ruiQJfbokAY9aJAWuKiQBbHokAoDqNAe/miQArXokDNHqNA
bwajQHfRokCd+aJAN+CiQM31okDb5KJAwPWiQLwXo0D86aJA1wCjQInLokAIDKNAOe2iQL/U
okA+7qJAsduiQBkPo0CMAKNAQPuiQLv8okAW/aJAPPuiQE7hokCE6aJASQSjQFLnokCs76JA
LNOiQP8Co0Ck2aJAW+2iQJr2okATFKNAQN2iQN7zokCXDKNAQAKjQHQNo0AcLqNA0OWiQFAE
o0At5qJAwO+iQH0Lo0COGqNADgGjQMXsokCc6qJAYe2iQI0Oo0AnB6NAaRCjQEflokDCC6NA
A/CiQITiokDhBqNAkgqjQPTWokBAE6NAde+iQCT9okAv8aJAONeiQA3sokDtwKJAwxqjQHHm
okBp+qJARAqjQPT1okBP16JApAujQNsjo0A6E6NAxRyjQPHyokC68aJASA6jQF/uokB++KJA
/hKjQPwgo0DkEKNAp/KiQGMFo0CUCKNAU+miQO34okDj7KJAdhSjQCXVokAlHqNAmviiQM0W
o0BuF6NAPueiQD/tokABGqNAA/6iQE8Bo0D4G6NADxWjQGH2okBBDqNA1gyjQOf1okCJGqNA
NiKjQFcXo0CMF6NAgQujQE/bokCNEqNA7QSjQKI4o0CeHKNAsAmjQEkWo0BfDaNAjACjQIsB
o0D8/KJAxeWiQCkso0B4GqNAvBejQLMDo0D586JALRKjQEomo0CPJaNAVjSjQAL4okB7FqNA
jeGiQCcvo0CEIaNAuBqjQPEFo0BBCaNAOvmiQJAXo0BBFKNAsPiiQCkZo0DtJqNAwjejQCj5
okA4OKNAKxujQMoLo0D/EaNALkujQHARo0DxFaNA0BmjQG4zo0DGO6NABjSjQCQJo0AmSqNA
3DmjQCoZo0CgBqNAtRKjQPAjo0DwJqNA4CejQA8Zo0BGHqNAVfCiQCMso0D1K6NAfvKiQOfo
okDjJ6NABAajQBIco0BfNKNAsjajQFExo0BiM6NA+wyjQColo0CTIqNA1BOjQIAdo0Cg8qJA
MwKjQOIjo0D1K6NAAi2jQAM9o0C/NKNAihKjQJIIo0A6LqNAhQejQCv0okDwKaNAUSyjQP4S
o0BcMKNAMj2jQAolo0CNL6NACUKjQIgOo0DAMKNAVSujQDodo0BzP6NAvUijQElCo0CvDKNA
KiyjQE4lo0AmD6NAR0qjQBYbo0D3GaNAxwyjQIYwo0CI/qJA0SmjQDEmo0D2IKNAWSWjQDU9
o0B+EaNApxOjQJoxo0DqC6NAKROjQFk/o0AmOqNAxyajQLIjo0DHT6NAFTijQFElo0A2VqNA
HSmjQJgZo0A7NaNAvAOjQHJQo0DyQqNA+lGjQFQlo0AAOqNA/yujQKIlo0CPR6NAfEejQJYj
o0ALF6NAb1CjQC82o0DRSqNA+jqjQIozo0DhEqNA0CijQBsoo0B2K6NAoTejQPlEo0CyPKNA
Yy2jQJwzo0AZQqNATEijQGwYo0AaRqNAtUajQB86o0BIT6NAtlCjQPo9o0CZTaNAxEWjQOwn
o0CdIqNASPqiQK0co0DSQ6NAtjOjQAVNo0CwLqNAyhyjQLs5o0DoTKNAUhijQI8lo0AxTKNA
riWjQK1No0CVMaNACTmjQLhHo0CgR6NAqD+jQFVFo0ANaaNA0SyjQJ9Go0DTPqNAJ3+jQHhV
o0DkN6NAfFujQPVSo0C4YqNA8V+jQEklo0B/TaNAXDmjQF85o0BLQKNAjjyjQC5eo0ASU6NA
tzajQBpGo0AOKaNAmUejQB89o0BcNqNAQ0WjQPBLo0BBUqNA3iijQFZVo0D1RKNAy0CjQBpS
o0CdVqNAe0yjQDhgo0A+S6NAZC2jQCRbo0B1SKNAZiyjQGszo0CWOaNAVyGjQExBo0BmQ6NA
azijQI1Bo0C+fqNAQl2jQEI5o0D8aqNA6i+jQBw3o0BrT6NA3VajQM5ho0A2QqNAvmGjQHE9
o0A5LaNAd0ujQJgzo0ArMqNAmWijQGxwo0DuIqNAjHyjQBQ9o0ACPKNAQEijQMgmo0DKUaNA
11WjQNVfo0BeTKNAhWOjQJFGo0ABJaNAOD2jQNNOo0D6aKNAsC2jQBZeo0CvOaNAWFSjQOcY
o0BRc6NAz26jQMhKo0DRdqNAxS2jQBKBo0CtWaNA8m2jQM1ko0CVWqNA1WejQCVmo0CIfaNA
6WSjQBdQo0DkWqNA4IajQPZXo0DSXqNAVoSjQANdo0DVb6NAGXyjQD1/o0BjTaNA8HOjQGp7
o0AtRqNAOEKjQE9Jo0BKM6NA23ujQMxoo0DlcqNAplyjQC1Vo0BKRqNAf3OjQFlNo0B/baNA
fWOjQLdMo0CLNKNAclujQGNso0DeRaNADIijQFipo0BHhKNA1U2jQDRlo0CIbqNAPGGjQEVt
o0Ati6NAbGCjQItIo0AUW6NAxlKjQGpoo0BSYKNAjG+jQPpVo0CYfqNA42ajQLNpo0BFXaNA
r5CjQEpfo0D5iaNAJWqjQPJwo0AydKNAa1KjQJ5do0BljqNASIajQL9so0B6laNAaYijQGyA
o0BHeKNA6HujQMFho0BAlaNAGVqjQFWTo0CEiKNAqH+jQJ5uo0CBZqNABVGjQBaBo0DDi6NA
yWejQL+Qo0C/Q6NAgl2jQNVyo0DOj6NAcnSjQKeNo0ByeqNAqlyjQLl/o0A5R6NAk2ujQGF2
o0ArjKNARmajQNtio0Awb6NA4IOjQEx9o0DpmKNATH6jQPJ5o0C3naNAzn2jQOtjo0CyZ6NA
OZyjQIJto0D+d6NAk8GjQCxqo0BlbaNAAnujQO2Uo0DeXqNAu32jQN5lo0CBjKNA7ZqjQLhe
o0CbbqNAKZCjQFZ6o0DFkaNAC3ejQAKBo0DiVqNA7ISjQGKDo0CHhqNAq3GjQEqIo0DOj6NA
NY+jQI1po0DDlaNA5oejQCmTo0CocqNAY3ejQHSoo0BFnqNApG+jQEqKo0D+k6NA3ZSjQCCB
o0DLiqNARGWjQECEo0CWpaNAdYCjQB5io0BwmqNAEZejQF6Ro0DMbaNAH5ijQF5zo0B4eqNA
Y4ajQH26o0BQgaNAj8+jQJiJo0C3lqNA1nqjQPhmo0BlgKNA02ajQLeKo0BOjaNA35ejQC5p
o0D5faNAO6GjQM2uo0CMjqNAZ3KjQFqAo0BgjKNAaoKjQFWOo0CMuaNADq+jQNONo0BYoKNA
j1ejQPeYo0CxXaNAL6GjQMiOo0CdhaNAYnujQN12o0DUjaNAkZGjQMCao0B9nKNA6YSjQCOZ
o0DkoaNAIn2jQNGso0B/gKNAY5mjQMyUo0A6jKNA072jQOqEo0CCrqNAL66jQIKCo0ANlqNA
xKujQLGWo0Aus6NAvsijQI+ao0B8cqNANp6jQF1wo0BzjqNAUJqjQL2Qo0CBoKNAKHSjQIyn
o0AlraNAnc6jQMeIo0CYaqNAwZCjQHCdo0AttaNA8m+jQLW2o0DDmqNABJijQDW2o0BTr6NA
+qajQIabo0DYi6NAZ4qjQDCko0BOv6NA76yjQFSyo0CygaNAx7KjQPqYo0AioqNAcpujQFDB
o0CVoaNApZejQOWvo0Btt6NAPcqjQFSJo0DgrKNAA5mjQAmqo0C6nKNAM7ujQByao0BSnaNA
lX+jQJaAo0ASx6NAcoSjQHW6o0CLqqNAytajQDa8o0BMp6NAYLOjQO3Do0DdiqNAA5qjQM6r
o0AynaNAzpOjQIqDo0CudqNADqOjQJWco0Df0KNAH6qjQJWmo0ClxKNAB5KjQJOoo0Cfc6NA
PcSjQHzMo0ASxaNAxb2jQHHAo0B9rqNAmrOjQECxo0CjsqNAAdqjQC2+o0A1u6NAGcWjQDW3
o0Be4qNAkpOjQBW6o0CZsqNAxMajQNmwo0DKpKNAL7ajQFTBo0AZe6NA276jQJWuo0BmiaNA
88SjQAmxo0DhsaNARcOjQPe8o0BCvqNAUdOjQES2o0CbvKNA76ujQDiBo0BlqaNAJaWjQI6u
o0BvhKNAL62jQIe/o0A3w6NA1KKjQOPYo0Ccv6NAW7WjQCCko0AH26NAYr2jQIyso0A6pKNA
KKyjQGXMo0AXs6NAF5qjQKPNo0Ck1KNAU8ajQLyto0BEyaNArbejQLWto0BWqaNAMdWjQO/M
o0BMt6NA8ZijQLiKo0BPv6NARLWjQG6+o0Ax+qNAyLCjQJLBo0An0KNAZeejQBiVo0D48qNA
ssGjQGXEo0DHtKNA4cejQAK5o0DtvaNAg7mjQPC7o0C3uqNAhMSjQLz1o0DGsaNAJtGjQAXn
o0C5r6NA/dOjQAKwo0D21KNAFOCjQPzjo0AdtaNAAcCjQHzDo0A4s6NAg7CjQJTOo0AsxaNA
z92jQOm/o0AH56NARf6jQGHSo0DM56NA3OOjQMaro0CW46NArdajQNXFo0CP3qNASK2jQNTU
o0DlzKNAM+OjQBKzo0DG6aNAT8ejQNuwo0APqaNAktWjQLj0o0CZt6NAuM2jQHe5o0B6rKNA
m8ujQESto0D10aNAWOGjQPL0o0DL16NAysSjQKjro0Bq26NAnMSjQNH0o0A77KNACd6jQB3i
o0BzyKNAyO2jQL/No0Ay56NAceajQNrpo0Am06NAbe+jQHK7o0CEzqNAJsejQAPYo0CpyKNA
teOjQKrao0C47aNAMb+jQFbbo0CuvqNAvfGjQObYo0BH5qNA/tijQA/eo0Bt76NAIrijQDK4
o0B216NA0fyjQGvWo0D57KNA79ujQL7no0AI0aNA4PqjQISmo0CH7aNADMejQFXBo0Ai5qNA
pdWjQI2+o0CnsaNAL+CjQPoFpEBSu6NArPKjQGLXo0Cm3KNAx+CjQEj0o0CiA6RAAtCjQPns
o0Aa0qNA</AssayYData></Step><Step><CommonData><SampleLocation>7</SampleLocation><SampleID>Glycine</SampleID><SampleGroup></SampleGroup><SampleInfo></SampleInfo><SampleRow>J</SampleRow><SamplePlate>1</SamplePlate><WellType>REGENERATION</WellType><Concentration>-1</Concentration><ConcentrationUnits>µg/ml</ConcentrationUnits><MolarConcentration>-1</MolarConcentration><MolarConcUnits>nM</MolarConcUnits><MolecularWeight>0</MolecularWeight><Temperature>30</Temperature><StartTime>6804189</StartTime><AssayTime>5</AssayTime></CommonData><FlowRate>1000</FlowRate><StepType>KREGENERATION</StepType><StepName>Regeneration</StepName><StepStatus>OK</StepStatus><ActualTime>5.00078</ActualTime><CycleTime>0.2</CycleTime><AssayXData Points="25">QIC7RdqBu0V1g7tFD4W7RaaGu0VAiLtF3om7RXOLu0UNjbtFpo67RUKQu0XakbtFc5O7RQ+V
u0WmlrtFQpi7RdqZu0V1m7tFDZ27Raieu0VAoLtF2qG7RXOju0UNpbtFqKa7RQ==</AssayXData><AssayYData Points="25">FmnAPym2tj8R6bE/Wl6uP0S1qj9XV6g/5KKkP1Q6oj/evp8//1ucP6/omT89xJc/EEGVPzNQ
kz8cXpE/hVyPPwdjjj83kow/cUSLP6jXiD+NVYg/cEWHP8IqhT8D2IQ/z/2DPw==</AssayYData></Step><Step><CommonData><SampleLocation>8</SampleLocation><SampleID>PBS</SampleID><SampleGroup></SampleGroup><SampleInfo></SampleInfo><SampleRow>J</SampleRow><SamplePlate>1</SamplePlate><WellType>NEUTRALIZATION</WellType><Concentration>-1</Concentration><ConcentrationUnits>µg/ml</ConcentrationUnits><MolarConcentration>-1</MolarConcentration><MolarConcUnits>nM</MolarConcUnits><MolecularWeight>0</MolecularWeight><Temperature>30</Temperature><StartTime>6817286</StartTime><AssayTime>5</AssayTime></CommonData><FlowRate>1000</FlowRate><StepType>KREGENERATION</StepType><StepName>Regeneration</StepName><StepStatus>OK</StepStatus><ActualTime>4.9998</ActualTime><CycleTime>0.2</CycleTime><AssayXData Points="25">Qqi7Rdypu0V1q7tFD627Raiuu0VCsLtF3LG7RXWzu0URtbtFqra7RUS4u0XeubtFdbu7RRG9
u0WqvrtFQsC7RdzBu0V1w7tFD8W7RajGu0VCyLtF3sm7RXfLu0UPzbtFqM67RQ==</AssayXData><AssayYData Points="25">DNeUQAZ2lUDTC5ZArHyWQPTjlkC1HJdAFWyXQKibl0BS45dAU+WXQE1PmEChNphAQmWYQJVU
mEAyw5hA58CYQJ6amEBQ45hAqeyYQAf+mEBzJ5lAkiOZQE4lmUCJXJlANjqZQA==</AssayYData></Step><Step><CommonData><SampleLocation>7</SampleLocation><SampleID>Glycine</SampleID><SampleGroup></SampleGroup><SampleInfo></SampleInfo><SampleRow>J</SampleRow><SamplePlate>1</SamplePlate><WellType>REGENERATION</WellType><Concentration>-1</Concentration><ConcentrationUnits>µg/ml</ConcentrationUnits><MolarConcentration>-1</MolarConcentration><MolarConcUnits>nM</MolarConcUnits><MolecularWeight>0</MolecularWeight><Temperature>30</Temperature><StartTime>6830375</StartTime><AssayTime>5</AssayTime></CommonData><FlowRate>1000</FlowRate><StepType>KREGENERATION</StepType><StepName>Regeneration</StepName><StepStatus>OK</StepStatus><ActualTime>4.9998</ActualTime><CycleTime>0.2</CycleTime><AssayXData Points="25">QtC7RdzRu0V107tFD9W7RajWu0VE2LtF3Nm7RXXbu0UP3btFqN67RULgu0Xc4btFd+O7RQ/l
u0Wq5rtFQui7Rdzpu0V367tFD+27Rajuu0VC8LtF3PG7RXXzu0UR9btFqPa7RQ==</AssayXData><AssayYData Points="25">gSScP8/Jkz9nSo8/nZiLPy6UiD+q94Y/ypaEP8xvgz9dq4E/QfN/P4hUfT8tw3w/mOF6P/wT
eD8finc/akN1P4Swcz+wgXM/G1dyP8M7bz9KAW4/EmpsP9F0az8tbms/Si9qPw==</AssayYData></Step><Step><CommonData><SampleLocation>8</SampleLocation><SampleID>PBS</SampleID><SampleGroup></SampleGroup><SampleInfo></SampleInfo><SampleRow>J</SampleRow><SamplePlate>1</SamplePlate><WellType>NEUTRALIZATION</WellType><Concentration>-1</Concentration><ConcentrationUnits>µg/ml</ConcentrationUnits><MolarConcentration>-1</MolarConcentration><MolarConcUnits>nM</MolarConcUnits><MolecularWeight>0</MolecularWeight><Temperature>30</Temperature><StartTime>6843471</StartTime><AssayTime>5</AssayTime></CommonData><FlowRate>1000</FlowRate><StepType>KREGENERATION</StepType><StepName>Regeneration</StepName><StepStatus>OK</StepStatus><ActualTime>5.00078</ActualTime><CycleTime>0.2</CycleTime><AssayXData Points="25">Qvi7Rdz5u0V1+7tFD/27Raj+u0VCALxF3AG8RXUDvEUPBbxFqAa8RUQIvEXeCbxFdQu8RQ8N
vEWoDrxFRBC8Rd4RvEV1E7xFExW8RagWvEVCGLxF3Bm8RXUbvEUPHbxFqh68RQ==</AssayXData><AssayYData Points="25">S1GUQGnulEB/k5VAgNSVQKpllkBjkpZAU7WWQAgxl0BDPpdAZ3GXQIeIl0B4oJdANdGXQG4z
mED4PJhAVkaYQAZwmEB0ZphAFmuYQIqSmECmophAu9uYQFLsmEBF2ZhAVBGZQA==</AssayYData></Step><Step><CommonData><SampleLocation>7</SampleLocation><SampleID>Glycine</SampleID><SampleGroup></SampleGroup><SampleInfo></SampleInfo><SampleRow>J</SampleRow><SamplePlate>1</SamplePlate><WellType>REGENERATION</WellType><Concentration>-1</Concentration><ConcentrationUnits>µg/ml</ConcentrationUnits><MolarConcentration>-1</MolarConcentration><MolarConcUnits>nM</MolarConcUnits><MolecularWeight>0</MolecularWeight><Temperature>30</Temperature><StartTime>6856553</StartTime><AssayTime>5</AssayTime></CommonData><FlowRate>1000</FlowRate><StepType>KREGENERATION</StepType><StepName>Regeneration</StepName><StepStatus>OK</StepStatus><ActualTime>5.00078</ActualTime><CycleTime>0.2</CycleTime><AssayXData Points="25">RCC8Rd4hvEV5I7xFEyW8RaomvEVGKLxF4Cm8RXcrvEUTLbxFqi68RUYwvEXeMbxFdzO8RRE1
vEWqNrxFRDi8Rd45vEV5O7xFET28Rao+vEVEQLxF4EG8RXlDvEURRbxFrEa8RQ==</AssayXData><AssayYData Points="25">MquVP5tgjj9FaIo/PxCIP5dchD/sfYI/jEKBPwG2fz95LH4/HhZ7P658eT8i3Xc/1SZ2P6dT
dD9YgnM/TOdxPxmbcD9HEHA/BxNvP3Ypbz+XhW0/nn1sP4WVaz++n2o/+WdqPw==</AssayYData></Step><Step><CommonData><SampleLocation>8</SampleLocation><SampleID>PBS</SampleID><SampleGroup></SampleGroup><SampleInfo></SampleInfo><SampleRow>J</SampleRow><SamplePlate>1</SamplePlate><WellType>NEUTRALIZATION</WellType><Concentration>-1</Concentration><ConcentrationUnits>µg/ml</ConcentrationUnits><MolarConcentration>-1</MolarConcentration><MolarConcUnits>nM</MolarConcUnits><MolecularWeight>0</MolecularWeight><Temperature>30</Temperature><StartTime>6869661</StartTime><AssayTime>5</AssayTime></CommonData><FlowRate>1000</FlowRate><StepType>KREGENERATION</StepType><StepName>Regeneration</StepName><StepStatus>OK</StepStatus><ActualTime>4.9998</ActualTime><CycleTime>0.2</CycleTime><AssayXData Points="25">Rki8ReJJvEV5S7xFE028RaxOvEVIULxF4FG8RXlTvEUVVbxFrla8RUZYvEXgWbxFe1u8RRNd
vEWsXrxFSGC8ReBhvEV5Y7xFFWW8Ra5mvEVIaLxF4mm8RXlrvEUVbbxFrG68RQ==</AssayXData><AssayYData Points="25">SD6VQLHQlUBSX5ZAG5iWQAAXl0D4Z5dA3I2XQAvyl0DqJJhARECYQC9hmEDCoZhAGM2YQCn0
mEByBJlA/AyZQNALmUBGKJlAf1KZQHagmUDVtZlAQIeZQDC9mUCev5lAs8GZQA==</AssayYData></Step><Step><CommonData><SampleLocation>3</SampleLocation><SampleID>Octet Buffer</SampleID><SampleGroup></SampleGroup><SampleInfo></SampleInfo><SampleRow>I</SampleRow><SamplePlate>1</SamplePlate><WellType>BUFFER</WellType><Concentration>-1</Concentration><ConcentrationUnits>µg/ml</ConcentrationUnits><MolarConcentration>-1</MolarConcentration><MolarConcUnits>nM</MolarConcUnits><MolecularWeight>0</MolecularWeight><Temperature>30</Temperature><StartTime>6883918</StartTime><AssayTime>20</AssayTime></CommonData><FlowRate>1000</FlowRate><StepType>CUSTOM</StepType><StepName>Sensor Check</StepName><StepStatus>OK</StepStatus><ActualTime>19.9998</ActualTime><CycleTime>0.2</CycleTime><AssayXData Points="100">RnC8ReBxvEV7c7xFE3W8Rax2vEVGeLxF4nm8RXt7vEUTfbxFrH68RUaAvEXggbxFe4O8RROF
vEWshrxFRoi8ReKJvEV5i7xFFY28Ra6OvEVIkLxF4pG8RXuTvEUVlbxFrJa8RfaYvEU6mrxF
fZu8RROdvEWsnrxFRqC8ReKhvEV5o7xFFaW8RaymvEVGqLxF4Km8RXmrvEUVrbxFrK68RUiw
vEXgsbxFe7O8RRO1vEWutrxFRri8ReC5vEV5u7xFFb28Ray+vEVGwLxF4sG8RXnDvEUTxbxF
rMa8RUjIvEXiybxFecu8RRXNvEWszrxFRtC8ReLRvEV507xFE9W8Ra7WvEVG2LxF4tm8RXvb
vEUT3bxFrN68RUjgvEXg4bxFe+O8RRPlvEWu5rxFRui8ReLpvEV767xFE+28Ra7uvEVI8LxF
6vG8RXnzvEUT9bxFrPa8RUb4vEXg+bxFefu8RRP9vEWs/rxFRgC9ReIBvUV7A71FEwW9Ra4G
vUVICL1F4gm9RXkLvUUTDb1FrA69RQ==</AssayXData><AssayYData Points="100">fZqTQFgLkkAc4ZBAwPOPQBOcj0DPJI9AMgyPQAoZj0D1zY5AGN6OQLvZjkDHzo5AESGPQL4U
j0A8KY9AW0yPQDhKj0DKeY9A8EiPQON9j0Cqho9AsYyPQC6dj0Dwwo9AGtCPQOmkj0B+tY9A
9M6PQGPXj0AN049AQQ6QQN3yj0D2/Y9AxQqQQKEWkEArEJBAODaQQJQ/kEAMIJBAnj+QQEBb
kEC3I5BA72aQQLBjkEA/dJBABHOQQOB9kEA2eZBAM4OQQJfKkEDfjpBAMYSQQHKjkECEspBA
c72QQD6KkEDp3ZBAP66QQGzVkEDQv5BArtiQQPO9kEBvx5BAT/WQQDrxkEAZ3pBA79qQQK/m
kEA78JBAAgORQJXzkECMH5FA1hyRQFUpkUAZHJFAMgmRQCo0kUCiXpFASyyRQD1FkUBDNJFA
8kORQBtYkUBeNZFASDmRQHlFkUDkUJFAEEmRQDcckUDbLpFAX36RQCdSkUDLS5FA31CRQMBs
kUCpUZFAc3eRQNaBkUBcZJFA32CRQA==</AssayYData></Step><Step><CommonData><SampleLocation>23</SampleLocation><SampleID>SI-157X53_P5565</SampleID><SampleGroup></SampleGroup><SampleInfo></SampleInfo><SampleRow>I</SampleRow><SamplePlate>1</SamplePlate><WellType>KLOAD</WellType><Concentration>5</Concentration><ConcentrationUnits>µg/ml</ConcentrationUnits><MolarConcentration>5000</MolarConcentration><MolarConcUnits>nM</MolarConcUnits><MolecularWeight>0</MolecularWeight><Temperature>30</Temperature><StartTime>6915842</StartTime><AssayTime>120</AssayTime></CommonData><FlowRate>1000</FlowRate><StepType>LOADING</StepType><StepName>Loading</StepName><StepStatus>OK</StepStatus><ActualTime>120</ActualTime><CycleTime>0.2</CycleTime><AssayXData Points="600">RhC9ReIRvUV5E71FExW9Ra4WvUVGGL1F4Bm9RXsbvUUTHb1FrB69RUggvUXgIb1FeSO9RRUl
vUWsJr1FSCi9ReIpvUV7K71FEy29RawuvUVGML1F4jG9RXkzvUUTNb1Frja9RUY4vUXiOb1F
ezu9RRM9vUWsPr1FSEC9ReBBvUV5Q71FE0W9RaxGvUVGSL1F4Em9RXlLvUUTTb1FsE69RUZQ
vUXgUb1FeVO9RRVVvUWuVr1FSFi9ReBZvUV5W71FFV29RaxevUVGYL1F4GG9RXtjvUUVZb1F
rGa9RUZovUXgab1Fe2u9RRNtvUWsbr1FRnC9ReBxvUV7c71FFXW9Ra52vUVGeL1F4Hm9RXt7
vUUTfb1FrH69RUaAvUXggb1FeYO9RROFvUWshr1FRoi9ReKJvUV5i71FE429RayOvUVGkL1F
4JG9RXmTvUUVlb1FrJa9RUiYvUXgmb1Fe5u9RROdvUWsnr1FRqC9ReKhvUV5o71FE6W9Raym
vUVGqL1F4qm9RXmrvUUTrb1FrK69RUawvUXgsb1FebO9RRO1vUWstr1FRri9ReK5vUV5u71F
Fb29Ray+vUVIwL1F4MG9RXnDvUUTxb1Frsa9RUbIvUXgyb1Fe8u9RRPNvUWszr1FRtC9ReDR
vUV7071FFdW9Ra7WvUVI2L1F4Nm9RXnbvUUT3b1Frt69RUbgvUXg4b1Fe+O9RRPlvUWs5r1F
SOi9ReDpvUV7671FFe29RazuvUVI8L1F4vG9RXvzvUUT9b1Frva9RUj4vUXg+b1Fefu9RRP9
vUWu/r1FRgC+ReABvkV7A75FEwW+RawGvkVICL5F4Am+RXkLvkUTDb5FrA6+RUYQvkXgEb5F
eRO+RRUVvkWuFr5FRhi+ReIZvkV7G75FEx2+RawevkVGIL5F4iG+RXkjvkUTJb5FrCa+RUgo
vkXgKb5FeSu+RRMtvkWsLr5FSDC+ReAxvkV7M75FFTW+Ra42vkVGOL5F4Dm+RXk7vkUTPb5F
rD6+RUZAvkXgQb5FeUO+RRVFvkWsRr5FSki+ReBJvkV5S75FFU2+RaxOvkVGUL5F4lG+RXlT
vkUVVb5FrFa+RUhYvkXiWb5Fe1u+RRNdvkWuXr5FRmC+ReBhvkV5Y75FE2W+Ra5mvkVGaL5F
4mm+RXlrvkUTbb5Frm6+RUhwvkXicb5Fe3O+RRN1vkWudr5FRni+ReJ5vkV5e75FE32+Rax+
vkVGgL5F4IG+RXmDvkUVhb5FrIa+RUaIvkXiib5FeYu+RRWNvkWsjr5FSJC+ReCRvkV7k75F
E5W+RayWvkVImL5F4Jm+RbCbvkUTnb5Frp6+RUagvkXiob5FeaO+RROlvkWupr5FRqi+ReCp
vkV5q75FFa2+Ra6uvkVGsL5F4LG+RXuzvkUTtb5FrLa+RUa4vkXiub5Febu+RRO9vkWuvr5F
RsC+ReDBvkV7w75FFcW+RazGvkVIyL5F4sm+RXvLvkUTzb5FrM6+RUbQvkXg0b5FedO+RRPV
vkWs1r5FRti+ReDZvkV5275FFd2+Ra7evkVI4L5F4OG+RXnjvkUT5b5Frua+RUjovkXg6b5F
eeu+RRPtvkWu7r5FSPC+ReLxvkV5875FFfW+Raz2vkVI+L5F4Pm+RXv7vkUV/b5FrP6+RUYA
v0XiAb9FeQO/RRMFv0WuBr9FRgi/ReIJv0V5C79FFQ2/Ra4Ov0VIEL9F4BG/RXsTv0UVFb9F
rBa/RUYYv0XiGb9FeRu/RRUdv0WsHr9FRiC/ReIhv0V5I79FFSW/Rawmv0VGKL9F4Cm/RXkr
v0UTLb9FrC6/RUgwv0XgMb9FezO/RRU1v0WuNr9FRji/ReA5v0V5O79FEz2/Raw+v0VGQL9F
4EG/RXlDv0UTRb9FrEa/RUZIv0XgSb9Fe0u/RRVNv0WsTr9FRlC/ReBRv0V7U79FE1W/RaxW
v0VGWL9F4Fm/RXlbv0UTXb9FrF6/RUZgv0XgYb9FeWO/RRVlv0WsZr9FSGi/ReBpv0V5a79F
E22/Raxuv0VGcL9F4nG/RXlzv0UVdb9Frna/RUZ4v0Xgeb9Fe3u/RRN9v0Wufr9FSIC/ReCB
v0V7g79FFYW/RayGv0VGiL9F4Im/RXuLv0UTjb9Fro6/RUaQv0Xgkb9FeZO/RROVv0Wulr9F
Rpi/ReCZv0V5m79FE52/Rayev0VIoL9F4KG/RXujv0UTpb9FrKa/RUaov0Xiqb9Fe6u/RROt
v0Wurr9FRrC/ReKxv0V5s79FE7W/Ray2v0VGuL9F4rm/RXm7v0UVvb9FrL6/RUbAv0Xgwb9F
ecO/RRPFv0Wsxr9FRsi/ReDJv0V5y79FE82/RazOv0VG0L9F4NG/RXnTv0UT1b9FrNa/RUbY
v0Xg2b9Fe9u/RRPdv0Wu3r9FRuC/ReDhv0V5479FE+W/Ra7mv0VI6L9F4um/RXvrv0UV7b9F
rO6/RUbwv0Xi8b9Fe/O/RRP1v0Wu9r9FRvi/ReL5v0V7+79FE/2/Raz+v0VGAMBF4gHARXsD
wEUTBcBFrAbARUgIwEXgCcBFeQvARRMNwEWsDsBFRhDAReARwEV5E8BFExXARawWwEVIGMBF
4BnARXkbwEUVHcBFrB7ARUggwEXiIcBFeSPARRMlwEWuJsBFSCjAReApwEV5K8BFEy3ARawu
wEVGMMBF4DHARXkzwEUTNcBFrDbARUg4wEXgOcBFeTvARRM9wEWsPsBFRkDAReBBwEV5Q8BF
FUXARaxGwEVISMBF4knARXlLwEUTTcBFrE7ARUZQwEXgUcBFe1PARRVVwEWsVsBFRljAReJZ
wEV5W8BFE13ARa5ewEVGYMBF4GHARXtjwEUTZcBFrmbARUhowEXiacBFeWvARRVtwEWsbsBF
SHDAReBxwEV5c8BFFXXARax2wEVIeMBF4HnARXl7wEV/fcBFw37ARUaAwEXigcBFe4PARROF
wEWshsBFSIjAReCJwEV7i8BFE43ARayOwEVIkMBF4pHARXuTwEUVlcBFrJbARUiYwEXimcBF
eZvARROdwEWsnsBFRqDAReChwEV5o8BFE6XARaymwEVGqMBF4qnARXurwEUTrcBFrK7ARUiw
wEXiscBFebPARRO1wEWstsBFSLjAReK5wEV5u8BFE73ARay+wEVGwMBF4MHARXnDwEUTxcBF
rMbARUbIwEXgycBFecvARRPNwEWszsBF</AssayXData><AssayYData Points="600">0jyRQMOgkUAvS5JAumuSQA3AkkAeFZNARDmTQPGNk0AHAZRAWAOUQDQ3lEB5uZRA3OCUQHYQ
lUByf5VAPcCVQEvelUCXJJZAMXSWQJuAlkBgsZZAXxuXQPwvl0DDcJdAa7+XQGwKmEDPLJhA
qmKYQAOWmEDqnZhA3hSZQNMemUD6RZlA+G2ZQK+omUDD55lAviaaQKg8mkAUQ5pAPHmaQKDK
mkCu05pAEC+bQCxIm0CkbJtAtZGbQJSzm0CdvZtAzOubQPs7nEBsfZxAlmGcQD2xnECn1pxA
q+2cQJXKnEDRLZ1AZVydQGhjnUAMf51AoaudQATvnUDtH55AXSGeQIUnnkDbU55Ay1aeQFZq
nkDdtp5AAc+eQHfunkDm+Z5AFiefQB9Jn0AzM59AEJyfQCGOn0B5kJ9AVJKfQD/hn0C20Z9A
sRmgQIAKoEBgI6BAm1agQAhjoEDDaqBAEJmgQJ+roED9p6BAtKmgQNLwoECf+aBAvzmhQLY0
oUB2QqFA2VehQEC2oUAmlaFANJGhQBbDoUCzw6FAHumhQPb4oUBYHaJAn8qhQMcPokCbVqJA
cUCiQI1TokBCcqJAwFmiQDGUokDuxqJARdeiQMOqokB85aJAIg6jQIjTokBtAqNAsCyjQFgw
o0DYPqNAaFGjQDRco0BfdqNAwGqjQNWMo0BVjaNA+7OjQLXJo0BNtqNAibOjQM/go0Ag0KNA
1TmkQJwtpEBUBKRA4y6kQPxopEB1MKRA0makQNt4pEDPaKRAXa2kQJSLpEDLeqRARK6kQFXl
pEBCvKRAz7mkQMj0pECs1KRAPgKlQOI/pUDmIqVAY+ykQIgNpUCGN6VAEjalQEhDpUBahKVA
ykmlQChxpUBUl6VA0melQJG4pUBf0aVA16qlQGqwpUBvvKVAROGlQJfMpUA6/aVAO8OlQMbi
pUBt9qVAOAimQBAcpkDyGaZAYEimQFpFpkC7IaZAUEGmQOE4pkAjVaZAfnamQPF2pkB2f6ZA
bYamQKe0pkAvcaZAyq2mQKHppkC6taZA4LmmQJXdpkD76aZAoPCmQAwWp0DoG6dAotqmQM8u
p0DlLKdA8kCnQCo1p0D7TqdArU6nQK9Gp0BzSqdANFynQL5ip0CggadAv1inQElgp0CBiadA
5ZunQH9/p0DOqqdAKpinQO6lp0Bvw6dAh/anQH2yp0D3qqdA/dynQFG0p0C536dAShmoQPH+
p0AC+qdAqweoQCQkqEBkCahA5zKoQOYcqECtL6hAPzyoQBJWqEADPqhASWyoQKVzqECqRahA
6YSoQBRyqEBYSKhArqSoQAdxqEAqhKhAwWSoQFqfqEDQo6hA172oQI26qEBU5qhARISoQIfS
qECp2qhANtaoQJXrqECqCKlAzN6oQCjpqEAi+KhAxwapQHkMqUBhJqlA/f+oQC8PqUDyM6lA
FA2pQKk/qUBLPalAqyGpQAAtqUBIealAdmSpQN9eqUBsZqlAxY+pQAmCqUAnZqlAsVypQAdg
qUBncalA8bqpQLBpqUATmalAMqCpQN3AqUCjsqlA8q2pQNyxqUDQu6lAAcKpQHTAqUA03KlA
R+GpQEzwqUBYxKlA/M+pQIn4qUBl+alAU/6pQDHvqUBDDKpAEhyqQKJYqkB8/qlADh+qQMov
qkCZGqpAYg6qQFtBqkCFUqpAVjeqQPQ7qkCbV6pAiGKqQP9xqkBQe6pAr32qQPl2qkCRcapA
fGWqQCt+qkDFiKpA5peqQKNrqkA4g6pAHI2qQISlqkDOrqpAXbaqQOqYqkBgzapAoN+qQJjJ
qkD31qpA1dGqQKjLqkDB3KpA3uCqQC/zqkDE/KpAu9+qQIcnq0Dn36pA2OqqQP4Yq0Cm5qpA
jhyrQKhXq0BaDatAI+iqQF8/q0A1MKtAUDGrQHszq0BvLKtA1j6rQA5eq0CRR6tAmDSrQJRT
q0AMYqtAt0qrQEglq0DzfatA8l6rQBCTq0C6m6tAEImrQHV/q0BbjatAO3mrQAFiq0D1j6tA
WoOrQKh8q0C7lqtAKKCrQKaZq0BhvKtAwa+rQOSwq0AInKtAJcyrQKbFq0BSuKtA19urQLXc
q0CR2KtAvf6rQIzvq0Ac26tAy/arQNn1q0AMxKtAUPqrQJgarEBS86tAOuurQKkSrEBN76tA
MQqsQMhArEA2L6xA8/mrQAYqrED8BqxAKQ+sQLNKrEByRqxAXhusQMElrEC4WKxAE0+sQK4s
rECjVaxAuyesQAl1rEDIgKxAnDesQEgrrEBLhKxAqoqsQBdKrEC/aKxAVoqsQJ2MrECYeKxA
7XGsQOprrEDEjKxAgLusQOKFrECwkqxA9L6sQG+YrEBfk6xAPNSsQFm9rEA+r6xAz6isQNC9
rEBE0axAu9CsQG4FrUCG0axAReysQCLmrEBu/KxA1vGsQEIErUBR/KxAYtGsQAsLrUCz/qxA
q9OsQI7wrEClOa1AiLysQHv3rECGKa1AP/ysQGwUrUC6Gq1AcyGtQJcdrUAvGq1AYDKtQPYv
rUAHLK1AGU2tQDsMrUDyJa1AMEatQE4rrUDqg61A4WatQIJSrUAqXq1AEU+tQEAKrUC/Xa1A
02qtQIxnrUBnQa1Af1utQAJTrUAjb61AfIytQGZorUAffK1AboytQB+drUA2Yq1AAJWtQH6I
rUCmkq1Ai52tQHh9rUBxn61AfbWtQNe4rUD8i61AvKWtQPiqrUBB161ASpytQPKvrUBsma1A
ErmtQFcHrkCCpa1AhrCtQBbSrUCx/K1ArcutQEfUrUDKAa5A5/GtQOS9rUCS1q1A4OytQLXc
rUC36K1AJNutQDwPrkB0Ga5AWvmtQAHrrUDMFa5A4wKuQCQIrkDUGq5AHhOuQCsOrkD4H65A
OzWuQP1JrkB7Fa5A7EeuQL4XrkBFIa5AHUiuQExBrkB1NK5Ac16uQEJFrkBYIa5AQTCuQJBI
rkBvMK5AOXSuQEtrrkB+Sq5ApUuuQNJrrkC5Oa5AUViuQBRsrkC0Vq5AJHuuQExjrkA9ka5A
8GWuQDFkrkByh65A1W2uQFWRrkAqba5AGXquQDVlrkBIp65AjImuQEaTrkBSwa5AEI+uQGqJ
rkDAkq5AKZ2uQAmDrkDfjq5AlJquQFiFrkD+1a5A0dKuQPCWrkCPz65A59+uQOmqrkCdpq5A
K72uQBbarkA1065AcgCvQIfVrkAT4q5A</AssayYData></Step><Step><CommonData><SampleLocation>3</SampleLocation><SampleID>Octet Buffer</SampleID><SampleGroup></SampleGroup><SampleInfo></SampleInfo><SampleRow>I</SampleRow><SamplePlate>1</SamplePlate><WellType>BUFFER</WellType><Concentration>-1</Concentration><ConcentrationUnits>µg/ml</ConcentrationUnits><MolarConcentration>-1</MolarConcentration><MolarConcUnits>nM</MolarConcUnits><MolecularWeight>0</MolecularWeight><Temperature>30</Temperature><StartTime>7047613</StartTime><AssayTime>100</AssayTime></CommonData><FlowRate>1000</FlowRate><StepType>BASELINE</StepType><StepName>Baseline</StepName><StepStatus>OK</StepStatus><ActualTime>99.9998</ActualTime><CycleTime>0.2</CycleTime><AssayXData Points="500">RtDAReDRwEV508BFE9XARa7WwEVI2MBF4NnARXvbwEUT3cBFrt7ARUjgwEXg4cBFeePARRPl
wEWs5sBFRujAReDpwEV768BFFe3ARa7uwEVG8MBF4PHARXnzwEUV9cBFrPbARUb4wEXg+cBF
e/vARRP9wEWs/sBFRgDBReIBwUV7A8FFFQXBRawGwUVICMFF4AnBRXkLwUUTDcFFrg7BRUYQ
wUXgEcFFexPBRRUVwUWsFsFFRhjBReAZwUV5G8FFEx3BRawewUVIIMFF4iHBRXsjwUUTJcFF
ribBRUYowUXgKcFFeSvBRRUtwUWsLsFFSDDBReIxwUV7M8FFFTXBRaw2wUVGOMFF4jnBRXk7
wUUTPcFFrD7BRUhAwUXiQcFFeUPBRRNFwUWsRsFFRkjBReJJwUV7S8FFFU3BRaxOwUVGUMFF
4FHBRXlTwUUVVcFFrlbBRUZYwUXgWcFFeVvBRRVdwUWsXsFFRmDBReJhwUV5Y8FFE2XBRaxm
wUVIaMFF4GnBRXlrwUUTbcFFrG7BRUZwwUXiccFFeXPBRRV1wUWsdsFFSHjBReB5wUV7e8FF
E33BRax+wUVGgMFF4IHBRXmDwUUThcFFrobBRUiIwUXgicFFeYvBRRWNwUWujsFFRpDBReCR
wUV5k8FFFZXBRa6WwUVImMFF4JnBRXmbwUUTncFFrp7BRUigwUXgocFFeaPBRRWlwUWspsFF
RqjBReKpwUV7q8FFE63BRayuwUVGsMFF4LHBRXuzwUUTtcFFrLbBRUi4wUXiucFFebvBRRO9
wUWsvsFFRsDBReDBwUV5w8FFE8XBRa7GwUVIyMFF4MnBRXvLwUUVzcFFrs7BRUbQwUXg0cFF
e9PBRRPVwUWs1sFFStjBReLZwUV728FFFd3BRazewUVI4MFF4uHBRXnjwUUT5cFFrubBRUbo
wUXi6cFFe+vBRRPtwUWs7sFFSPDBReDxwUV788FFE/XBRa72wUVI+MFF4vnBRXv7wUUV/cFF
rP7BRUgAwkXgAcJFeQPCRRMFwkWsBsJFRgjCReIJwkV7C8JFFQ3CRawOwkVGEMJF4BHCRXkT
wkUTFcJFrhbCRUgYwkXiGcJFexvCRRMdwkWsHsJFRiDCReAhwkV5I8JFEyXCRawmwkVGKMJF
4CnCRXsrwkUVLcJFrC7CRUYwwkXgMcJFezPCRRM1wkWsNsJFRjjCReI5wkV7O8JFEz3CRaw+
wkVIQMJF4EHCRXlDwkUVRcJFrEbCRUZIwkXgScJFeUvCRRVNwkWuTsJFRlDCReJRwkV7U8JF
FVXCRaxWwkVGWMJF4FnCRdlbwkUdXcJFrl7CRUhgwkXiYcJFe2PCRRNlwkWsZsJFSGjCReBp
wkV7a8JFFW3CRaxuwkVGcMJF4HHCRXlzwkUVdcJFrHbCRUZ4wkXgecJFeXvCRRN9wkWsfsJF
RoDCReCBwkV5g8JFE4XCRayGwkVGiMJF4onCRXuLwkUVjcJFrI7CRUaQwkXgkcJFeZPCRROV
wkWslsJFRpjCReCZwkV5m8JFFZ3CRayewkVIoMJF4KHCRXujwkUVpcJFrKbCRUaowkXgqcJF
eavCRROtwkWsrsJFRrDCReKxwkV5s8JFE7XCRa62wkVIuMJF4rnCRXu7wkUTvcJFrr7CRUjA
wkXgwcJFecPCRRPFwkWsxsJFSsjCReLJwkV7y8JFE83CRa7OwkVI0MJF4NHCRXnTwkUT1cJF
rNbCRUbYwkXg2cJFedvCRRXdwkWs3sJFSODCReLhwkV748JFE+XCRazmwkVG6MJF4OnCRXnr
wkUT7cJFru7CRUjwwkXg8cJFefPCRRP1wkWs9sJFSPjCReD5wkV7+8JFE/3CRa7+wkVIAMNF
4AHDRXkDw0UTBcNFrgbDRUgIw0XgCcNFeQvDRRUNw0WsDsNFSBDDReARw0V5E8NFFRXDRawW
w0VIGMNF4BnDRXkbw0UVHcNFrB7DRUggw0XgIcNFeSPDRRMlw0WsJsNFSCjDReIpw0V7K8NF
Ey3DRawuw0VGMMNF4DHDRXszw0UTNcNFrjbDRUY4w0XgOcNFeTvDRRM9w0WsPsNFSEDDReBB
w0V5Q8NFE0XDRaxGw0VGSMNF4knDRXtLw0UTTcNFrE7DRUZQw0XgUcNFeVPDRRVVw0WsVsNF
SFjDReBZw0V7W8NFFV3DRaxew0VGYMNF4GHDRXljw0UVZcNFrGbDRUhow0XgacNFe2vDRRNt
w0WsbsNFRnDDReBxw0V5c8NFFXXDRax2w0VGeMNF4nnDRXl7w0UVfcNFrn7DRUiAw0XggcNF
e4PDRROFw0WuhsNFSIjDReCJw0V5i8NFE43DRayOw0VGkMNF4pHDRXmTw0UTlcNFrJbDRUaY
w0XgmcNFeZvDRROdw0WsnsNFRqDDReChw0V5o8NFE6XDRa6mw0VGqMNF4qnDRXurw0UVrcNF
rK7DRUaww0XgscNFe7PDRRO1w0WutsNFSLjDReC5w0V5u8NFE73DRa6+w0VGwMNF4MHDRXnD
w0UVxcNFrMbDRUjIw0XiycNFecvDRRPNw0WuzsNFRtDDReDRw0V508NFFdXDRazWw0VG2MNF
4tnDRXnbw0UT3cNFrN7DRUjgw0Xi4cNFe+PDRRPlw0Wu5sNFRujDReLpw0V768NFE+3DRazu
w0U=</AssayXData><AssayYData Points="500">8hyuQAhJrkBPUK5AKGKuQBBrrkB5fa5A9qiuQMWJrkC7qa5AD4CuQIfMrkCfh65Ai4uuQH+j
rkBrx65A67KuQA+xrkDDtq5AFreuQJLcrkBZzq5A/o2uQPzBrkCNqq5AY5quQE/IrkDEz65A
TKiuQDDVrkAuv65AfKquQPrCrkC9ta5AXqWuQOGYrkBX7K5A0LuuQAC3rkBeva5AhsKuQOW4
rkCAxq5AHr+uQBnRrkCnqa5Ao9muQIfFrkAzxa5Ags2uQJXYrkBu4K5AKP6uQETWrkBfrq5A
KPuuQMTWrkC6v65A/qiuQHPJrkDD0q5ASNCuQLjxrkA0wK5AatWuQJHkrkCxoK5AJLKuQDz9
rkAK1a5AcdeuQAjurkAJp65AANyuQEXArkCs0q5AX8iuQHLyrkAByq5A4buuQEUDr0A9x65A
/9KuQDLSrkAw2K5A0sGuQLzMrkA11q5AFOWuQF7PrkAy8a5ApMiuQM2/rkCJ165AEsKuQD7J
rkDB7K5AuOCuQFvHrkC4y65AMdmuQBDrrkC4vq5AQdCuQGT+rkCmzq5A4euuQBjyrkAm8K5A
sNeuQDPDrkD42K5AlOGuQEXLrkDiBq9At8+uQCnprkAVza5A5sGuQPbcrkDi2K5AU8yuQO3U
rkDj5a5AFq+uQJnQrkCf165Ad+uuQMLTrkAK2q5AI82uQJXirkBw8a5AF7+uQPSqrkDAzK5A
+vyuQHTorkCb1q5ApLmuQE+brkBN/65AHLuuQJrmrkBL/q5AJdeuQDDUrkAhDq9A/t6uQBjQ
rkB4+65ABfWuQPvlrkDH3K5ACvOuQKvzrkCH1a5AMOSuQCnmrkCw2q5A3cauQEcQr0Bg+q5A
V+2uQKywrkBZxK5A4AevQL36rkBs1K5AF/GuQOD9rkAm4K5AwsGuQEDqrkBn8K5AN9muQPP7
rkDf6K5AO+yuQF/drkD25a5AZ/OuQA36rkBs/65AGseuQMrgrkBm465AU9OuQHvXrkAV465A
exKvQODgrkDb4K5AI+yuQALarkDJ665AH++uQOwTr0AiDq9AyN6uQBDerkAlAa9AV9uuQBP2
rkCE7K5ALN2uQDcGr0A08q5AMfKuQBjgrkBd2q5Ai+euQBQFr0DXFK9AN8quQG/CrkDN+q5A
b8euQHwPr0DV4q5AFhqvQKP4rkDkyq5ABP2uQOz4rkBK2K5AyOauQEL6rkCp065AEdiuQCEm
r0AO9K5Ar96uQMURr0DI/a5AY/quQFEIr0A9A69AHQGvQD/JrkAU9q5AMvGuQIQQr0A1Iq9A
zAqvQNLXrkB0Fq9AsciuQLYFr0BWIa9AfQ6vQJr3rkCb965AB+euQIj2rkBu9q5APg6vQAHo
rkAj2a5AjBevQDDurkBW565ALvauQI70rkAU5K5AXO+uQB7srkA/5q5AvQKvQLP7rkCU1K5A
d/GuQIMdr0B7+K5Az+OuQAcQr0AYHK9A9OKuQA3OrkB0Jq9AKeSuQBTyrkBNDK9ADwmvQGTl
rkAS/q5A5PKuQDbnrkBp/a5ABryuQELxrkBTOK9AJ/muQIT6rkC5Ba9AYymvQPnnrkDL6a5A
Lf6uQKjdrkA2FK9ACgGvQB34rkDFDK9AJxevQNQKr0D6B69AcAavQFnprkCHDa9A7fSuQBMR
r0Ag9K5AeTivQHUgr0CT565A4BivQO/8rkBjBa9AdAyvQI3xrkCt265ARv2uQPQUr0BeA69A
iAevQC0Nr0ARCq9Aw+6uQDD2rkAVHq9ADPSuQK0Dr0CQ/a5AJAOvQFssr0BGBK9AP++uQHoY
r0DXBq9A8PiuQB7drkB3Ba9AkwKvQA77rkAKF69AUQOvQC8Qr0AOK69Aj0OvQFgAr0BlDK9A
ElSvQFwHr0ATCa9A+xOvQNMEr0BBKK9AsvGuQGMYr0CNF69AJA6vQDbVrkDpB69AWhevQHcu
r0Cp865A6h+vQEYLr0CFJK9ARyqvQJ8er0AHIq9AsQevQJT5rkBNCq9AD0+vQHMJr0DCAa9A
j+2uQKMWr0DHC69A3ySvQHcIr0CpCq9A4RavQPwMr0CRJK9AeBCvQKIvr0AhEq9AdhuvQLIe
r0CHC69AbxOvQLcWr0A4Ja9AESWvQM4vr0DfQa9A1yavQIEhr0BvKq9ArSCvQKX9rkD6BK9A
OhuvQIkCr0Cx/q5Ap/WuQPISr0CYB69AEkOvQJUer0BhIa9A2C+vQCour0CNNq9AUjGvQG06
r0BTJK9AgBqvQIAsr0AgGa9AISivQHEfr0AZK69AKzCvQNMqr0DeUa9AByKvQKcyr0CQXK9A
LByvQHs5r0AsCa9AJQavQBUyr0DtFa9AdR2vQGAbr0BBOa9AMhSvQFBQr0DkO69ANzSvQLkh
r0BSNa9AsQ+vQDInr0B4H69A3yWvQOAjr0DOG69A8lCvQF0sr0CUPa9A5levQBgor0BNQa9A
zSevQNgsr0D3B69Ag0GvQL4Lr0BKQ69A6myvQNkrr0CfFa9AyBqvQA80r0A5765AWjyvQP1C
r0AhEq9AJSuvQNpPr0BOL69A3UmvQBIhr0DWIK9A4y2vQPwTr0AtR69A9BuvQIpNr0B3Qq9A
5DyvQMZCr0DdNK9AtQCvQAg5r0AgHa9AdkCvQGUvr0AmQ69AQ0yvQNUsr0A6QK9AzC2vQDQm
r0A=</AssayYData></Step><Step><CommonData><SampleLocation>4</SampleLocation><SampleID>hsCD3d/e_Acro_CDD-H52W1</SampleID><SampleGroup></SampleGroup><SampleInfo></SampleInfo><SampleRow>I</SampleRow><SamplePlate>1</SamplePlate><WellType>KSAMPLE</WellType><Concentration>-1</Concentration><ConcentrationUnits>µg/ml</ConcentrationUnits><MolarConcentration>12.5</MolarConcentration><MolarConcUnits>nM</MolarConcUnits><MolecularWeight>0</MolecularWeight><Temperature>30</Temperature><StartTime>7156028</StartTime><AssayTime>180</AssayTime></CommonData><FlowRate>1000</FlowRate><StepType>ASSOC</StepType><StepName>Association</StepName><StepStatus>OK</StepStatus><ActualTime>180.001</ActualTime><CycleTime>0.2</CycleTime><AssayXData Points="900">RvDDReLxw0V588NFFfXDRa72w0VI+MNF4vnDRXn7w0UT/cNFrP7DRUYAxEXiAcRFeQPERRMF
xEWuBsRFRgjEReAJxEV5C8RFFQ3ERawOxEVGEMRF4BHERXkTxEUTFcRFrhbERUgYxEXgGcRF
eRvERRUdxEWsHsRFRiDEReIhxEV5I8RFEyXERa4mxEVGKMRF4inERXkrxEUTLcRFri7ERUYw
xEXiMcRFeTPERRU1xEWsNsRFSDjEReA5xEV5O8RFFT3ERa4+xEVGQMRF4EHERXlDxEUTRcRF
rEbERUZIxEXgScRFeUvERRVNxEWsTsRFSFDEReJRxEV5U8RFE1XERa5WxEVGWMRF4FnERXlb
xEUTXcRFrl7ERUhgxEXiYcRFeWPERRdlxEWsZsRFRmjEReBpxEV7a8RFE23ERaxuxEVIcMRF
4HHERXlzxEUTdcRFrHbERUZ4xEXgecRFeXvERRN9xEWufsRFRoDEReCBxEV5g8RFE4XERa6G
xEVGiMRF4InERXmLxEUVjcRFrI7ERUaQxEXikcRFeZPERROVxEWslsRFRpjEReCZxEV7m8RF
FZ3ERayexEVGoMRF4KHERXujxEUVpcRFrqbERUioxEXgqcRFeavERRWtxEWsrsRFRrDEReCx
xEV5s8RFFbXERa62xEVGuMRF4LnERXm7xEUVvcRFrL7ERUjAxEXgwcRFe8PERRPFxEWuxsRF
SMjEReDJxEV7y8RFE83ERazOxEVG0MRF4NHERXvTxEUV1cRFrNbERUbYxEXi2cRFedvERRPd
xEWs3sRFSODEReDhxEV548RFFeXERazmxEVG6MRF4unERXnrxEUT7cRFru7ERUjwxEXg8cRF
efPERRP1xEWs9sRFRvjEReD5xEV5+8RFE/3ERa7+xEVIAMVF4AHFRXkDxUUTBcVFrgbFRUgI
xUXgCcVFeQvFRRUNxUWuDsVFSBDFReARxUV7E8VFExXFRawWxUVGGMVF4BnFRXkbxUUVHcVF
rB7FRUYgxUXgIcVFeSPFRRUlxUWuJsVFSCjFReApxUV7K8VFEy3FRa4uxUVGMMVF4DHFRXsz
xUUTNcVFrDbFRUY4xUXiOcVFeTvFRRM9xUWsPsVFRkDFReBBxUV7Q8VFE0XFRa5GxUVISMVF
4knFRXtLxUUVTcVFrE7FRUhQxUXgUcVFe1PFRRVVxUWsVsVFRljFReBZxUV7W8VFFV3FRa5e
xUVGYMVF4GHFRXljxUUTZcVFrmbFRUZoxUXgacVFeWvFRRVtxUWubsVFRnDFReBxxUV7c8VF
E3XFRax2xUVGeMVF4nnFRXt7xUUVfcVFsH7FRUaAxUXggcVFe4PFRROFxUWshsVFSIjFReCJ
xUV5i8VFE43FRayOxUVIkMVF5JHFRXuTxUUTlcVFrJbFRUiYxUXimcVFeZvFRRWdxUWsnsVF
RqDFReChxUV5o8VFE6XFRa6mxUVGqMVF4qnFRXmrxUUTrcVFrK7FRUiwxUXgscVFe7PFRRW1
xUWutsVFRrjFReC5xUV7u8VFE73FRa6+xUVGwMVF4sHFRXvDxUUVxcVFrsbFRUbIxUXiycVF
ecvFRRPNxUWszsVFSNDFReDRxUV708VFE9XFRazWxUVG2MVF4tnFRXvbxUUV3cVFrt7FRUbg
xUXi4cVFeePFRRPlxUWu5sVFRujFReDpxUV568VFE+3FRa7uxUVI8MVF4PHFRXvzxUUT9cVF
rPbFRUj4xUXg+cVFefvFRRX9xUWs/sVFRgDGReABxkV5A8ZFEwXGRa4GxkVGCMZF4AnGRXkL
xkUTDcZFrg7GRUYQxkXgEcZFexPGRRUVxkWsFsZFSBjGReIZxkV5G8ZFEx3GRawexkVGIMZF
4CHGRXkjxkUTJcZFribGRUYoxkXiKcZFeSvGRRMtxkWsLsZFRjDGReIxxkV7M8ZFEzXGRaw2
xkVIOMZF4DnGRXk7xkUTPcZFrD7GRUZAxkXgQcZFeUPGRRVFxkWsRsZFRkjGReJJxkV5S8ZF
E03GRaxOxkVIUMZF4FHGRXtTxkUTVcZFrFbGRUZYxkXgWcZFeVvGRRNdxkWsXsZFRmDGReBh
xkV5Y8ZFE2XGRaxmxkVGaMZF4GnGRXtrxkUTbcZFrm7GRUhwxkXiccZFeXPGRRN1xkWudsZF
SHjGReJ5xkV7e8ZFE33GRa5+xkVGgMZF4IHGRXmDxkUVhcZFrIbGRUaIxkXiicZFeYvGRRON
xkWsjsZFRpDGReCRxkV7k8ZFE5XGRa6WxkVImMZF4JnGRXmbxkUTncZFrJ7GRUigxkXgocZF
eaPGRRWlxkWspsZFSKjGReKpxkV5q8ZFFa3GRayuxkVIsMZF4LHGRXmzxkUVtcZFrLbGRUa4
xkXiucZFebvGRRW9xkWsvsZFRsDGReDBxkV7w8ZFFcXGRazGxkVGyMZF4MnGRXnLxkUVzcZF
rM7GRUbQxkXg0cZFe9PGRRXVxkWu1sZFSNjGReDZxkV528ZFGd3GRazexkVG4MZF4OHGRXvj
xkUV5cZFrObGRUboxkXg6cZFe+vGRRXtxkWs7sZFSPDGReDxxkV788ZFE/XGRaz2xkVI+MZF
4PnGRXv7xkUT/cZFrP7GRUYAx0XgAcdFeQPHRRMFx0WuBsdFRgjHReIJx0V7C8dFEw3HRa4O
x0VIEMdF4BHHRXsTx0UTFcdFrhbHRUYYx0XiGcdFeRvHRRMdx0WsHsdFRiDHReIhx0V5I8dF
EyXHRa4mx0VGKMdF4CnHRXsrx0UVLcdFrC7HRUYwx0XiMcdFeTPHRRM1x0WsNsdFRjjHReI5
x0V5O8dFEz3HRaw+x0VGQMdF4EHHRXlDx0UTRcdFrEbHRUhIx0XgScdFeUvHRRNNx0WsTsdF
SFDHReBRx0V5U8dFFVXHRaxWx0VGWMdF4lnHRXlbx0UVXcdFrF7HRUhgx0XiYcdFe2PHRRNl
x0WsZsdFRmjHReBpx0V5a8dFFW3HRa5ux0VGcMdF4nHHRXlzx0UVdcdFrHbHRZR4x0XgecdF
e3vHRRN9x0WsfsdFRoDHReCBx0V5g8dFE4XHRa6Gx0VGiMdF4onHRXmLx0UVjcdFrI7HRUaQ
x0XgkcdFe5PHRROVx0WslsdFRpjHReKZx0V5m8dFE53HRayex0VGoMdF4qHHRXmjx0UTpcdF
rqbHRUiox0XiqcdFeavHRROtx0WursdFSLDHReCxx0V5s8dFE7XHRa62x0VGuMdF4rnHRXm7
x0UVvcdFrL7HRUjAx0XgwcdFe8PHRRPFx0WuxsdFRsjHReLJx0V5y8dFFc3HRa7Ox0VG0MdF
4NHHRXnTx0UT1cdFrtbHRUjYx0Xg2cdFe9vHRRXdx0Ws3sdFRuDHReLhx0V548dFE+XHRa7m
x0VI6MdF4OnHRXnrx0UV7cdFru7HRUjwx0Xg8cdFefPHRRP1x0Ws9sdFRvjHReD5x0V5+8dF
E/3HRa7+x0VGAMhF4gHIRXkDyEUVBchFrAbIRUYIyEXgCchFewvIRRUNyEWuDshFRhDIReAR
yEV5E8hFExXIRawWyEVIGMhF4hnIRXsbyEUTHchFrB7IRUYgyEXgIchFeyPIRRMlyEWsJshF
SCjIReApyEV5K8hFFS3IRa4uyEVGMMhF4jHIRXszyEUVNchFrjbIRUY4yEXiOchFeTvIRRU9
yEWuPshFRkDIReBByEV5Q8hFE0XIRaxGyEVISMhF4knIRXlLyEUTTchFrE7IRUZQyEXiUchF
eVPIRRNVyEWsVshFRljIReBZyEV5W8hFE13IRaxeyEVIYMhF4mHIRXljyEUTZchFrGbIRUho
yEXgachFe2vIRRVtyEWsbshFRnDIReBxyEV5c8hFE3XIRax2yEVGeMhF4nnIRXl7yEUTfchF
rn7IRUiAyEXigchFeYPIRROFyEWshshFRojIReKJyEV5i8hFE43IRayOyEVGkMhF4pHIRXmT
yEUVlchFrpbIRUaYyEXgmchFeZvIRRWdyEWsnshFSKDIReChyEV7o8hFE6XIRa6myEVIqMhF
4KnIRXmryEUVrchFrq7IRUawyEXgschFe7PIRRW1yEWstshFRrjIReK5yEV5u8hFE73IRa6+
yEVGwMhF4MHIRXnDyEUTxchFrMbIRUbIyEXgychFe8vIRRPNyEWuzshFRtDIReDRyEV708hF
FdXIRazWyEVG2MhF4NnIRXvbyEUT3chFrt7IRUjgyEXi4chFeePIRRXlyEWs5shFRujIReDp
yEV568hFE+3IRazuyEVI8MhF4vHIRXvzyEUT9chFrPbIRUj4yEXi+chFefvIRRP9yEWs/shF
RgDJReAByUV5A8lFEwXJRa4GyUVGCMlF4gnJRXsLyUUTDclFrA7JRUYQyUXgEclFexPJRRMV
yUWuFslFSBjJReAZyUV7G8lFEx3JRaweyUVGIMlF4CHJRXkjyUUTJclFrCbJRUYoyUXgKclF
eyvJRRctyUWsLslFSDDJReAxyUV7M8lFEzXJRaw2yUVGOMlF4jnJRXk7yUUTPclFrD7JRUhA
yUXgQclFeUPJRRVFyUWsRslFRkjJReBJyUV7S8lFE03JRa5OyUVIUMlF4FHJRXlTyUUTVclF
rlbJRV1YyUXgWclFe1vJRRNdyUWsXslFRmDJReBhyUV5Y8lFFWXJRaxmyUVGaMlF4GnJRXlr
yUUTbclFrm7JRUZwyUXgcclFeXPJRRN1yUWsdslFRnjJReB5yUV7e8lFFX3JRa5+yUVGgMlF
4IHJRXmDyUUVhclFrobJRUiIyUXiiclFe4vJRRONyUWujslF</AssayXData><AssayYData Points="900">6rKuQO3erkBpJa9AniivQEpAr0AbPa9A1IevQOFor0DBZK9ARJ+vQB9+r0B6iq9AFoevQJWA
r0Dyia9ATaGvQCpvr0BPdq9AN6OvQHl7r0BGga9Ap4ivQHemr0CfcK9AJqmvQOeUr0ACmq9A
046vQEWjr0BYlK9Ac4GvQKpur0Bjaa9AknyvQAq6r0DMbq9AmXuvQK7er0A4sq9AqIqvQDmy
r0C2m69Ac56vQK2tr0CYla9AVqOvQMGQr0DRj69APIavQLWVr0AOgq9Ax3mvQFpwr0C5ua9A
qo6vQCSIr0CYm69AkLmvQIGer0DtnK9Aj4mvQHp4r0Ddq69ApMOvQK5+r0DPuq9Aop2vQCWq
r0BBnq9AgMOvQJidr0CkfK9AlpCvQIO1r0DXo69AINCvQKF/r0B/gq9AJpavQJSXr0C6nK9A
GJuvQPahr0D1tK9Ay8SvQNusr0C9m69AH6CvQIGxr0AMlK9AsnuvQNZ2r0Anmq9AcZWvQA2f
r0A7mK9Au4ivQJS4r0BNoK9A0aivQOCrr0BssK9AZcevQPajr0CLo69AFK+vQK58r0BJsq9A
yMCvQC6ir0Ckn69AMKuvQNSsr0DywK9AMdSvQEakr0A8yK9AM6mvQKasr0A5u69AzbKvQIK8
r0Bts69AgLuvQJ24r0BWj69A5+WvQNXLr0AA4q9AfLWvQK+Rr0Disq9AuJWvQFzhr0Crpq9A
59avQOy9r0CLrq9AErCvQKaqr0Bdtq9AoouvQKXWr0BKq69AxpWvQDG2r0ATwq9ApLyvQCal
r0BOtq9AgKqvQCnGr0BGua9AkLSvQCalr0BxtK9A1aSvQPLPr0CbsK9AJMSvQOG7r0Dtua9A
eMWvQKTLr0Dn2K9AmbmvQGq+r0D1ua9AW7qvQDGXr0CCxK9AiNyvQATIr0Dtsq9ASsyvQNOR
r0CHqK9AuMuvQBzSr0Dxna9AzNyvQO3Jr0Bijq9AuNivQETur0DVoa9Aj8evQFmqr0DtwK9A
N7uvQOW/r0CNs69Aoq6vQJ29r0D57K9Am7uvQNOmr0B0+69AZdKvQAnqr0CVw69AzrGvQHC1
r0AAl69AAK2vQBW+r0CYwa9A/uCvQNC4r0CYxa9AW7GvQKufr0Cv1q9A0NivQPDRr0Cwza9A
+76vQO/Tr0D3pK9AK8yvQPO7r0BVxq9APNOvQMThr0By8K9Ah9uvQEuwr0DMxK9A4NuvQNXQ
r0CtoK9ASsivQJHHr0AzrK9ATdavQNTzr0AyrK9AQsuvQI/ar0DRp69AO7avQNvur0DTp69A
0sSvQJrXr0AyyK9ARcavQHLLr0Bo8a9A05uvQJjbr0C73K9AarOvQIvLr0Dd469AvdSvQJbR
r0CwwK9A3sqvQL+4r0Cy0q9Ay9qvQEHJr0DAtq9AKeGvQGfur0CJtq9AKdOvQDGTr0CSnK9A
w9GvQFTer0Bp6K9AO+evQIjVr0BKtK9A48yvQHDrr0CF369A8BiwQNbsr0Curq9Av+6vQNG6
r0C53a9Ae+uvQL/Kr0CT4a9A9NyvQKLfr0Av569Ax7evQOTfr0C83K9Au86vQIj+r0Cw069A
9Z6vQG39r0Dw869ANeavQEfFr0Bc669AUNivQHXRr0CK1a9AMOOvQN/lr0CuCrBARuWvQFfG
r0Ag3q9A+rivQFzir0CVBbBAugiwQATdr0CH0K9AWf2vQMu9r0AF4q9Avb2vQP/Xr0DMuq9A
vOWvQOLMr0B97K9AS9qvQGHOr0DJ1q9Ars+vQPjKr0DpuK9AagGwQCTur0Af9q9AURCwQNLp
r0DYxq9A7tmvQIXfr0Ag6a9Ai82vQAPSr0DHv69A69uvQFTyr0Dm4q9AbOCvQOblr0BJ5a9A
uNavQE4GsECA2q9AGdivQEPpr0Aq769Am9uvQM7Pr0C29a9AdO+vQK7sr0DsB7BA5/2vQA/5
r0DZ0K9AdtGvQGPkr0AG269AyuOvQPLvr0Bk3q9A+/6vQEj9r0A48a9AEcyvQMDmr0C/5K9A
a/yvQGvHr0Bn8q9Aif2vQBgKsEBW369A1f6vQP0asED47q9A9u2vQFDTr0Bg469AYLKvQIHz
r0Al569AZguwQJ4asED3sq9Ag9uvQCDXr0CIAbBALeevQKcJsEBYHrBAiPevQI7zr0CR/K9A
Q9evQBz2r0C4+q9AEeuvQAXGr0DYE7BAfx2wQDD0r0Dz9q9AFwGwQP/Xr0CN269AM+evQPbz
r0BB/69AxtKvQNflr0Ag+a9AoumvQFHqr0CJ+69A8+avQJ4AsEAQ/a9AMOWvQJXzr0B/0q9A
1gqwQLcKsEDv369AgeCvQF4QsEDmDLBA3hWwQL/6r0DC5q9AjuOvQJLvr0Bw869Amh+wQOf9
r0CLFLBAjuevQE3pr0Cb5q9A7+GvQLY0sEAJ969A0+OvQMYqsEAV669A8wKwQMoksEDo9q9A
bNivQLEUsEBTCbBA9fmvQM71r0DQ369AMxOwQIbwr0AKBLBAKvWvQPD/r0B6ALBAjQGwQIsd
sEDJ969AjySwQLQRsEAE669AuBuwQOIRsEBL+a9AZvCvQI8JsECjDbBAdxOwQIrqr0Di469A
gg+wQIfzr0Ah169AiCCwQOnGr0DN7a9AiRSwQD4YsEDA069ARe+vQDkRsEC88K9A7ACwQDwO
sECB+K9AOfivQE0YsEBGCrBAVvCvQIfTr0Ar5a9A/OavQGwNsEAUGbBA/dGvQBj5r0Aq9q9A
3PSvQDYZsEA4NLBAo/KvQD83sEARDLBA/RywQMbvr0CDMrBAGhmwQDTxr0C4NbBAUg6wQF7m
r0Bt869AIgOwQFcTsEBXFrBAQyWwQInlr0AAEbBAn0OwQLE4sEB3BrBAgA2wQNwesEBP+69A
8DKwQCETsEBi/q9A9O2vQHr8r0DS+K9AmfWvQB82sEAC+q9AUP6vQJkasEBKILBAIB6wQIoQ
sEBaEbBADQmwQEIdsEAb+q9AI+evQJAssEC8D7BAlh2wQEkjsECaGbBAFyWwQEoBsEDGK7BA
gvyvQKkisEAe/K9ApC2wQKIYsEBiBbBAdhSwQEf+r0CjHLBA9TiwQJLUr0BO/69AdRGwQOgP
sECOIrBAtB6wQKowsEC5CrBAUxuwQEcZsEBoLLBApj6wQBE4sEANF7BA0yOwQBwpsECt469A
Kh+wQMILsEBLDbBAjRSwQMkssEAU+K9AgRawQMYCsEAfE7BA8/yvQDjyr0CVJbBAaCOwQKwT
sEAPA7BAgSywQOMssEA/KrBAShawQAP7r0AxDrBABSCwQM8nsEA3HLBAVQqwQFvqr0C2MLBA
nwiwQFAdsEAcIbBADhiwQKv9r0CjA7BAoziwQNsRsEA5I7BA/w+wQF8CsEBkNLBAKSGwQGoI
sECYArBArxGwQPQxsEAqJLBAeBmwQBXmr0A9LLBAGTqwQMgHsEAVELBAYjCwQHwxsEBcFrBA
TRuwQG4WsEBsBrBAMCqwQJQWsEBSFrBAaSewQAcqsEBrGrBADiawQMAOsEDCD7BA9RGwQP7q
r0ARILBACxGwQKopsEAaErBA0vevQFk0sEB9O7BAfCewQK81sEAHFrBAkvOvQLL+r0A/NLBA
LgmwQJblr0DRHLBAriSwQO0EsECzBrBAExawQPImsED3E7BADwSwQPkHsEDpKLBAzkKwQP4a
sED1ELBAXQqwQNQusECYKLBAahGwQMUYsEAsFrBAGlawQExLsEBxILBAVj+wQFAfsEBrBrBA
Ti6wQG02sEByKrBAWC+wQBgtsEA+OLBA0SmwQOEDsEADKLBArBqwQNpOsEBrObBAMi2wQBM1
sEB+TbBAYzawQHI+sEDVUbBApVOwQPAjsEC6JrBAK0mwQN48sEDvDbBAayKwQCoSsEC3PLBA
Mz6wQLf6r0BuObBA+zqwQM8VsEB2ILBAmUKwQAwisEBeG7BA8iSwQJkisECQHLBAO1ewQPAf
sEAJMbBAgkewQFYQsEB1T7BAPSewQBUcsEC1KrBAgiawQK5PsED4KrBAGuyvQH9YsEAUDbBA
IzuwQMAusEDGULBAZAKwQGwnsEBDMrBAOCqwQH1RsEDeRbBAUgywQG8ysEB1QLBAhBuwQG9F
sEBhLLBA2UKwQD49sEAzTbBAb06wQNAzsEBsO7BA0C+wQEYVsEC4UrBAgkawQHtBsEDrNLBA
kUKwQKYrsEDOWLBAeCOwQGcWsEDsLbBAtkiwQPlTsEDwIbBADU2wQP1HsEBsN7BA7GmwQKk2
sECFJLBAzzuwQJM1sEDxMbBAvziwQGchsECJM7BANEmwQAYbsEATQLBAmzmwQNY+sEDDOLBA
gUOwQAVLsECyWbBANh+wQFdMsECKNLBAjU+wQAAisECSMrBAVkuwQNI5sEDpLrBAhiqwQMw7
sEDoSbBA2kewQE44sEACMbBAwVOwQHUvsEDWX7BAT0ewQKsxsEC2TrBAhwmwQI5MsEBiR7BA
82ewQOUlsEAtK7BAEiuwQLhSsEAwS7BAnUqwQEEusEBDT7BAxz+wQHs4sEBmGrBA4E+wQEJA
sECaPbBAllawQMNksED+XrBAYkywQNQ2sECFMLBAXkGwQDRGsED8MrBAeTCwQAc6sEAHRbBA
zDqwQN9esEAMN7BAx0GwQBlQsECDTbBAs1GwQJ9HsEAPVbBAGkWwQFEzsED1MrBAiEuwQGMq
sEANWbBAJD2wQCg+sECCX7BAQFCwQGZGsECbQrBAHjywQCk2sEBMR7BAdz6wQO4tsEDCJ7BA
nyGwQG1MsEAaXrBAOEWwQPtYsEA9NLBApFKwQCcosECbSLBA</AssayYData></Step><Step><CommonData><SampleLocation>3</SampleLocation><SampleID>Octet Buffer</SampleID><SampleGroup></SampleGroup><SampleInfo></SampleInfo><SampleRow>I</SampleRow><SamplePlate>1</SamplePlate><WellType>BUFFER</WellType><Concentration>-1</Concentration><ConcentrationUnits>µg/ml</ConcentrationUnits><MolarConcentration>-1</MolarConcentration><MolarConcUnits>nM</MolarConcUnits><MolecularWeight>0</MolecularWeight><Temperature>30</Temperature><StartTime>7344451</StartTime><AssayTime>300</AssayTime></CommonData><FlowRate>1000</FlowRate><StepType>DISASSOC</StepType><StepName>Dissociation</StepName><StepStatus>OK</StepStatus><ActualTime>300.001</ActualTime><CycleTime>0.2</CycleTime><AssayXData Points="1500">SJDJReSRyUV9k8lFF5XJRbCWyUVImMlF4pnJRX2byUUXnclFrp7JRUigyUXkoclFe6PJRRWl
yUWwpslFSqjJReKpyUV7q8lFF63JRa6uyUVIsMlF4rHJRXuzyUUVtclFrrbJRUi4yUXiuclF
fbvJRRW9yUWuvslFSsDJReLByUV7w8lFFcXJRa7GyUVIyMlF4snJRX3LyUUVzclFrs7JRUjQ
yUXi0clFf9PJRRXVyUWu1slFSNjJReLZyUV728lFFd3JRa7eyUVK4MlF4uHJRX3jyUUV5clF
sObJRUjoyUXi6clFe+vJRRXtyUWw7slFSPDJReTxyUV988lFFfXJRa72yUVI+MlF5PnJRX37
yUUV/clFrv7JRUgAykXkAcpFfQPKRRUFykWwBspFSAjKReQJykV9C8pFFQ3KRa4OykVIEMpF
4hHKRX0TykUVFcpFsBbKRUoYykXkGcpFexvKRRUdykWuHspFSCDKReIhykV7I8pFFyXKRa4m
ykVIKMpF4inKRXsrykUXLcpFsC7KRUgwykXiMcpFezPKRRU1ykWuNspFSDjKReI5ykV7O8pF
Fz3KRa4+ykVIQMpF5EHKRX1DykUVRcpFrkbKRUhIykXiScpFe0vKRRVNykWwTspFSFDKReJR
ykV7U8pFFVXKRa5WykVIWMpF4lnKRX1bykUXXcpFsF7KRUhgykXiYcpFe2PKRRdlykWuZspF
SGjKReJpykV7a8pFFW3KRa5uykVKcMpF4nHKRX1zykUVdcpFrnbKRUh4ykXkecpFe3vKRRd9
ykWwfspFSIDKReKBykV7g8pFFYXKRbCGykVIiMpF4onKRX2LykUVjcpFro7KRUiQykXkkcpF
e5PKRRWVykWulspFSJjKReSZykV7m8pFFZ3KRbCeykVIoMpF4qHKRXujykUVpcpFrqbKRUio
ykXkqcpFfavKRRetykWwrspFSLDKReSxykV7s8pFF7XKRa62ykVKuMpF4rnKRXu7ykUVvcpF
sL7KRUrAykXiwcpFe8PKRRfFykWwxspFSMjKReTJykV9y8pFFc3KRa7OykVK0MpF4tHKRXvT
ykUV1cpFrtbKRUrYykXm2cpFe9vKRRfdykWu3spFSODKReLhykV948pFFeXKRa7mykVI6MpF
4unKRX3rykUV7cpFsO7KRUjwykXk8cpFe/PKRRX1ykWu9spFSPjKReT5ykV9+8pFF/3KRbD+
ykVKAMtF4gHLRXsDy0UVBctFsAbLRUgIy0XiCctFewvLRRUNy0WyDstFSBDLReIRy0V7E8tF
FRXLRa4Wy0VIGMtF4hnLRXsby0UXHctFrh7LRUogy0XiIctFfSPLRRcly0WwJstFSijLReIp
y0V7K8tFFS3LRa4uy0VKMMtF4jHLRX0zy0UVNctFsDbLRUg4y0XiOctFezvLRRU9y0WuPstF
SEDLReRBy0V9Q8tFFUXLRa5Gy0VISMtF4knLRX1Ly0UVTctFrk7LRUhQy0XkUctFfVPLRRdV
y0WuVstFSFjLReJZy0V9W8tFF13LRbBey0VIYMtF5GHLRXtjy0UVZctFrmbLRUpoy0XkactF
e2vLRRVty0WwbstFTHDLReJxy0V7c8tFFXXLRa52y0VIeMtF4nnLRX17y0UVfctFrn7LRUiA
y0XigctFe4PLRRWFy0WwhstFSojLReSJy0V9i8tFF43LRa6Oy0VIkMtF4pHLRXuTy0UXlctF
rpbLRUqYy0XimctFfZvLRRWdy0WunstFSKDLReKhy0V7o8tFF6XLRa6my0VIqMtF5KnLRXur
y0UVrctFrq7LRUiwy0XisctFfbPLRRW1y0WutstFSrjLReS5y0V7u8tFFb3LRa6+y0VIwMtF
4sHLRXvDy0UVxctFrsbLRUrIy0XkyctFe8vLRRXNy0WwzstFSNDLReTRy0V908tFF9XLRa7W
y0VI2MtF4tnLRXvby0UV3ctFrt7LRUjgy0Xk4ctFe+PLRRXly0Wu5stFSOjLReLpy0V768tF
Fe3LRa7uy0VI8MtF5PHLRXvzy0UV9ctFrvbLRUj4y0Xi+ctFffvLRRX9y0Ww/stFSADMReQB
zEV9A8xFFwXMRa4GzEVICMxF5AnMRX0LzEUXDcxFrg7MRUgQzEXiEcxFfRPMRRUVzEWuFsxF
TBjMReYZzEV9G8xFFR3MRbAezEVIIMxF4iHMRX0jzEUVJcxFribMRUoozEXiKcxFeyvMRRct
zEWuLsxFSDDMReIxzEV7M8xFFTXMRbA2zEVKOMxF4jnMRXs7zEUXPcxFrj7MRUpAzEXiQcxF
e0PMRRVFzEWuRsxFSkjMReRJzEV7S8xFF03MRbBOzEVKUMxF4lHMRX1TzEUVVcxFrlbMRUpY
zEXiWcxFe1vMRRVdzEWuXsxFSmDMReJhzEV9Y8xFF2XMRa5mzEVKaMxF5GnMRX1rzEUXbcxF
rm7MRUpwzEXkccxFe3PMRRd1zEWwdsxFSHjMReJ5zEV9e8xFF33MRa5+zEVIgMxF4oHMRXuD
zEUVhcxFsIbMRUiIzEXkicxFfYvMRRWNzEWwjsxFSJDMReKRzEV7k8xFF5XMRa6WzEVImMxF
5JnMRX2bzEUVncxFsJ7MRUigzEXkocxFe6PMRRWlzEWupsxFSKjMReKpzEV7q8xFF63MRa6u
zEVKsMxF4rHMRXuzzEUVtcxFsLbMRUi4zEXiucxFe7vMRRm9zEWwvsxFSMDMReTBzEV7w8xF
F8XMRa7GzEVKyMxF4snMRX3LzEUVzcxFrs7MRUjQzEXk0cxFe9PMRRXVzEWu1sxFSNjMReLZ
zEV728xFF93MRa7ezEVI4MxF4uHMRX3jzEUX5cxFrubMRUjozEXi6cxFfevMRRXtzEWu7sxF
SvDMReTxzEV988xFF/XMRbD2zEVK+MxF4vnMRX37zEUV/cxFrv7MRUoAzUXkAc1FfQPNRRUF
zUWuBs1FSAjNReIJzUV9C81FFQ3NRbAOzUVKEM1F4hHNRX0TzUUXFc1FrhbNRUgYzUXkGc1F
exvNRRcdzUWuHs1FSCDNReIhzUV9I81FFSXNRa4mzUVIKM1F4inNRX0rzUUVLc1Fri7NRUgw
zUXkMc1FfTPNRRU1zUWuNs1FSDjNReI5zUV7O81FFz3NRa4+zUVIQM1F4kHNRXtDzUUVRc1F
rkbNRUhIzUXkSc1FfUvNRRVNzUWwTs1FSFDNReJRzUV9U81FF1XNRa5WzUVKWM1F5FnNRX1b
zUUXXc1Frl7NRUpgzUXiYc1Fe2PNRRVlzUWuZs1FSmjNReRpzUV9a81FFW3NRa5uzUVIcM1F
4nHNRXtzzUUXdc1FsHbNRUh4zUXiec1Fe3vNRRd9zUWufs1FSIDNReKBzUV9g81FFYXNRa6G
zUVKiM1F5InNRXuLzUUVjc1Fro7NRUiQzUXkkc1Fe5PNRReVzUWwls1FSpjNReKZzUV9m81F
FZ3NRa6ezUVKoM1F4qHNRXujzUUVpc1FrqbNRUqozUXiqc1Fe6vNRRetzUWurs1FSLDNReKx
zUV7s81FF7XNRa62zUVKuM1F4rnNRX27zUUXvc1Frr7NRUrAzUXiwc1Fe8PNRRXFzUWuxs1F
SMjNReLJzUV9y81FFc3NRa7OzUVK0M1F5NHNRXvTzUUV1c1FsNbNRUjYzUXi2c1FfdvNRRXd
zUWu3s1FSODNReLhzUV7481FFeXNRa7mzUVI6M1F5OnNRX3rzUUV7c1Fru7NRUrwzUXi8c1F
ffPNRRf1zUWu9s1FSvjNReL5zUV9+81FFf3NRa7+zUVIAM5F4gHORXsDzkUVBc5FrgbORUoI
zkXkCc5FewvORRcNzkWuDs5FSBDOReIRzkV7E85FFRXORa4WzkVIGM5F4hnORXsbzkUVHc5F
rh7ORUggzkXkIc5FfSPORRclzkWuJs5FSijOReQpzkV9K85FFS3ORa4uzkVIMM5F4jHORX0z
zkUVNc5FsDbORUo4zkXiOc5FfTvORRU9zkWuPs5FSEDOReRBzkV7Q85FFUXORa5GzkVISM5F
5EnORXtLzkUVTc5Frk7ORUhQzkXkUc5Fe1PORRdVzkWuVs5FSFjOReRZzkV7W85FFV3ORa5e
zkVKYM5F4mHORXtjzkUVZc5FsGbORUhozkXkac5Fe2vORRdtzkWubs5FSHDOReJxzkV9c85F
F3XORbB2zkVIeM5F4nnORX17zkUVfc5Frn7ORUiAzkXigc5Fe4PORReFzkWuhs5FSIjOReKJ
zkV9i85FFY3ORbCOzkVIkM5F5JHORX2TzkUVlc5FrpbORUiYzkXimc5Fe5vORRWdzkWwns5F
SqDOReKhzkV9o85FFaXORa6mzkVIqM5F5KnORXurzkUVrc5Fsq7ORUiwzkXisc5Fe7PORRW1
zkWwts5FSrjOReS5zkV9u85FF73ORa6+zkVKwM5F4sHORXvDzkUVxc5FsMbORUjIzkXiyc5F
e8vORRXNzkWwzs5FSNDOReTRzkV9085FF9XORbDWzkVK2M5F4tnORXvbzkUX3c5Frt7ORUjg
zkXk4c5Fe+PORRflzkWw5s5FSujOReTpzkV9685FFe3ORbDuzkVI8M5F5PHORX3zzkUV9c5F
rvbORUr4zkXi+c5FffvORRX9zkWw/s5FSgDPReIBz0V7A89FFQXPRa4Gz0VKCM9F5AnPRXsL
z0UVDc9Frg7PRUgQz0XkEc9FexPPRRUVz0WwFs9FShjPReIZz0V9G89FFR3PRa4ez0VIIM9F
5CHPRX0jz0UXJc9FribPRUooz0XkKc9FeyvPRRUtz0WuLs9FSjDPReIxz0V7M89FFTXPRa42
z0VIOM9F4jnPRX07z0UVPc9Frj7PRUpAz0XiQc9Fe0PPRRdFz0WuRs9FSEjPReJJz0V7S89F
FU3PRbBOz0VIUM9F5FHPRX1Tz0UVVc9FrlbPRUhYz0XkWc9FfVvPRRVdz0WuXs9FSGDPReJh
z0V7Y89FFWXPRa5mz0VIaM9F5GnPRXtrz0UXbc9Frm7PRUhwz0Xkcc9Fe3PPRRV1z0Wuds9F
SnjPReJ5z0V9e89FFX3PRbB+z0VKgM9F4oHPRX2Dz0UXhc9FrobPRUqIz0Xiic9Fe4vPRRWN
z0Wwjs9FSpDPReKRz0V7k89FFZXPRa6Wz0VImM9F4pnPRX2bz0UXnc9Frp7PRUigz0Xioc9F
e6PPRRWlz0Wups9FSqjPReSpz0V7q89FF63PRbCuz0VKsM9F5LHPRX2zz0UVtc9FrrbPRUq4
z0Xkuc9Fe7vPRRW9z0Wuvs9FSsDPReLBz0V9w89FFcXPRa7Gz0VKyM9F5MnPRX3Lz0UVzc9F
rs7PRUjQz0Xi0c9Fe9PPRRfVz0Ww1s9FSNjPReTZz0V7289FF93PRbDez0VI4M9F4uHPRXvj
z0UV5c9FsObPRUroz0Xi6c9FfevPRRXtz0Wu7s9FSPDPReLxz0V7889FF/XPRa72z0VI+M9F
5PnPRXv7z0UX/c9Frv7PRUgA0EXiAdBFewPQRRcF0EWuBtBFSgjQReQJ0EV9C9BFFw3QRa4O
0EVIENBF4hHQRX0T0EUXFdBFrhbQRUoY0EXkGdBFfRvQRRUd0EWwHtBFSiDQReIh0EV9I9BF
FSXQRbAm0EVKKNBF4inQRXsr0EUVLdBFri7QRUgw0EXiMdBFfTPQRRU10EWwNtBFSDjQReI5
0EV7O9BFFz3QRa4+0EVIQNBF4kHQRX1D0EUXRdBFrkbQRUhI0EXiSdBFfUvQRRVN0EWuTtBF
SlDQReJR0EV7U9BFF1XQRbBW0EVIWNBF4lnQRXtb0EUXXdBFrl7QRUhg0EXiYdBFe2PQRRVl
0EWuZtBFSGjQReRp0EV7a9BFF23QRa5u0EVKcNBF5HHQRXtz0EUVddBFrnbQRUp40EXiedBF
fXvQRRd90EWuftBFSoDQReKB0EV7g9BFF4XQRbCG0EVIiNBF5InQRXuL0EUVjdBFro7QRUqQ
0EXikdBFe5PQRRWV0EWultBFSJjQReKZ0EV7m9BFFZ3QRa6e0EVKoNBF4qHQRXuj0EUXpdBF
rqbQRUio0EXkqdBFfavQRRWt0EWwrtBFSLDQReSx0EV9s9BFF7XQRbC20EVIuNBF4rnQRX27
0EUVvdBFsL7QRUjA0EXiwdBFfcPQRRfF0EWwxtBFSMjQReTJ0EV9y9BFF83QRa7O0EVK0NBF
5NHQRX3T0EUX1dBFsNbQRUjY0EXk2dBFe9vQRRXd0EWu3tBFSODQReLh0EV749BFFeXQRbDm
0EVK6NBF5OnQRX3r0EUV7dBFru7QRUrw0EXk8dBFffPQRRX10EWw9tBFSPjQReT50EV9+9BF
F/3QRa7+0EVIANFF4gHRRX0D0UUXBdFFrgbRRUgI0UXkCdFFfQvRRRUN0UWwDtFFShDRReQR
0UV9E9FFFRXRRbAW0UVIGNFF4hnRRXsb0UUXHdFFrh7RRUog0UXiIdFFeyPRRRcl0UWwJtFF
SijRReIp0UV9K9FFFy3RRbAu0UVIMNFF5DHRRX0z0UUVNdFFrjbRRUg40UXiOdFFfTvRRRU9
0UWuPtFFSEDRReJB0UV9Q9FFF0XRRa5G0UVISNFF4knRRX1L0UUXTdFFrk7RRUhQ0UXkUdFF
e1PRRRVV0UWwVtFFSljRReJZ0UV7W9FFFV3RRa5e0UVIYNFF4mHRRX1j0UUXZdFFrmbRRUpo
0UXiadFFf2vRRRVt0UWwbtFFSnDRReJx0UV7c9FFF3XRRbB20UVKeNFF5HnRRXt70UUXfdFF
sH7RRUiA0UXkgdFFe4PRRReF0UWwhtFFSIjRReSJ0UV9i9FFF43RRa6O0UVIkNFF4pHRRX2T
0UUVldFFsJbRRUiY0UXimdFFe5vRRRWd0UWuntFFSKDRReSh0UV7o9FFF6XRRa6m0UVIqNFF
5KnRRX2r0UUVrdFFrq7RRUiw0UXksdFFe7PRRRW10UWuttFFSLjRReK50UV7u9FFF73RRa6+
0UVIwNFF5MHRRX3D0UUVxdFFrsbRRUjI0UXiydFFe8vRRRfN0UWwztFFStDRReTR0UV709FF
F9XRRa7W0UVI2NFF4tnRRXvb0UUV3dFFrt7RRUrg0UXi4dFFfePRRRXl0UWu5tFFSujRReLp
0UV769FFFe3RRbDu0UVK8NFF4vHRRXvz0UUV9dFFsPbRRUj40UXi+dFFe/vRRRf90UWu/tFF
SADSReIB0kV9A9JFFQXSRa4G0kVKCNJF5AnSRX0L0kUVDdJFrg7SRUgQ0kXiEdJFexPSRRUV
0kWwFtJFSBjSReIZ0kV9G9JFFR3SRa4e0kVKINJF5iHSRXsj0kUXJdJFribSRUgo0kXkKdJF
fSvSRRUt0kWwLtJFSDDSReQx0kV7M9JFFTXSRbA20kVIONJF4jnSRX070kUVPdJFrj7SRUhA
0kXiQdJFe0PSRRdF0kWwRtJFSEjSReJJ0kV7S9JFF03SRa5O0kVIUNJF4lHSRXtT0kUXVdJF
rlbSRUpY0kXiWdJFe1vSRRdd0kWwXtJFSGDSReRh0kV7Y9JFF2XSRa5m0kVKaNJF5GnSRXtr
0kUXbdJFrm7SRUhw0kXicdJFe3PSRRd10kWudtJFSnjSReR50kV7e9JFF33SRa5+0kVIgNJF
4oHSRX2D0kUXhdJFrobSRUiI0kXkidJFe4vSRRWN0kWwjtJFSpDSReSR0kV7k9JFF5XSRa6W
0kVImNJF4pnSRXub0kUVndJFrp7SRUqg0kXiodJFfaPSRRWl0kWuptJFSKjSReSp0kV7q9JF
Fa3SRbCu0kVIsNJF4rHSRXuz0kUXtdJFsLbSRUq40kXiudJFfbvSRRe90kWuvtJFSMDSReLB
0kV9w9JFFcXSRa7G0kVIyNJF5MnSRXvL0kUVzdJFrs7SRUjQ0kXi0dJFe9PSRRXV0kWw1tJF
SNjSReLZ0kV929JFF93SRa7e0kVK4NJF4uHSRXvj0kUV5dJFsObSRUro0kXk6dJFfevSRRft
0kWw7tJF</AssayXData><AssayYData Points="1500">y4qvQAeNr0AVl69AWLCvQK6mr0C+wq9AV66vQBDBr0AO1K9AusivQCepr0Di1a9Ans2vQIqt
r0AJy69A792vQJm7r0DQ5K9APb2vQKrGr0D/y69Afd2vQJPnr0Ajm69AqOuvQFL+r0Ad3a9A
09+vQMndr0Ciwq9AbuyvQJHor0C0x69A99qvQJner0BP0a9AivavQHzhr0DS4q9AF9yvQI7f
r0AA2q9A7L+vQH3+r0B2969A5+KvQDDor0A8869A6+mvQGvTr0Cq5K9AUd2vQCX7r0B4B7BA
yv6vQBfzr0Co/K9APvWvQB4bsEBMGLBAkfKvQGbmr0Bq5a9Ap/yvQJXzr0Cp369AHwGwQL/w
r0DxIrBApfKvQBQAsECo3q9A5+yvQKIDsECW9q9A9CWwQB0IsED03a9Ag/KvQPTqr0DL5K9A
BtqvQOTVr0CD/q9Ai/mvQO/3r0Cm/K9ArfWvQFPVr0Ar+69AJ+SvQPUBsEBX8a9A5vmvQP0I
sEDP+69A6/GvQEUBsEA0HrBA6t6vQPHur0C1+69AQ+KvQHUDsEAy269AIOWvQI3Tr0ClD7BA
tuCvQLnzr0B4JrBAXOavQIXyr0CV9K9Auv6vQAP5r0CCHLBAQxywQHwNsEDm+K9AbP2vQCDt
r0BzI7BAfSGwQIH7r0CVC7BALAawQPn+r0DUCrBAIvmvQDnor0Ce7q9A6AywQBDrr0Dh769A
ifqvQBwdsEDJ8q9ArPqvQCQqsEBHI7BAfAKwQMUgsECwDLBAge+vQF4UsEDDFLBAp+2vQDgR
sED0CrBArOKvQOcrsEDbErBAryawQBPtr0AJCLBAFPOvQBQKsEBtILBAGyqwQBUasEC7CLBA
gy+wQH4HsEC6C7BAcAiwQJMPsECAGrBAqvWvQIEosEAsF7BAYxSwQO3Wr0ARKrBAJjWwQGMZ
sED95K9AjjiwQETrr0CzAbBAHC6wQKoSsEDZ869AmgSwQODkr0ALB7BA3AWwQLz8r0DBBbBA
jA6wQKwksEBW7K9AJDKwQP0dsECGFrBAWzOwQNQFsECOFLBAfxGwQFMTsEAu/K9AlxSwQH87
sEDd/K9AM0OwQB4PsEBi7a9AKSCwQBpOsEDFFLBAOvCvQIbsr0ALLrBAMxiwQCL+r0CqI7BA
BySwQCf4r0B/CbBAszWwQO4JsEAbGLBAqTawQI4OsECaELBAExqwQGcesEDZGrBA7jmwQLQn
sEC4G7BAVRiwQLsFsEDj969ArEmwQPQgsEDK+69AhDCwQHD7r0DHErBAsh6wQH0isECQNrBA
GPGvQJErsEBjDrBAHSmwQMsfsECwGLBAY/WvQMISsEBRFbBAdhSwQAwdsEC2GbBAO/WvQM/9
r0DHSLBAZwywQLQKsEAfF7BAiBawQIoLsECFQbBAKSawQBEAsECN/a9AcRCwQP3/r0DHSLBA
hDawQNgvsEBmL7BAmSGwQJY8sEB0KbBA+DawQGk0sEDbK7BAGS2wQBgpsEDaErBAiSuwQJIZ
sECsErBANySwQOQVsECbGLBAwRywQCMwsECIFbBAeyKwQA8MsEAxLrBAKg6wQGQxsEBQE7BA
IR6wQF00sEDgN7BAbQewQLJIsEDt+K9ABUGwQDoqsEBGKLBALx6wQN9QsEA4ArBADhiwQFFH
sEBUNrBAFgCwQLlHsEBsKbBAFS+wQJUhsEARQLBAxAuwQDUvsED8VbBAWSKwQOA1sEBiP7BA
qCKwQKwYsEAGKrBA0ySwQAkbsEBbM7BAViuwQDoysEB7ErBAmBewQOsosEBfRLBAnC2wQGBh
sEBTO7BAhhWwQHFJsECbNrBAEjCwQMM1sEChJ7BAxCKwQAI7sEAOHLBAiDGwQPIrsEBDG7BA
wSWwQLtbsEDIQ7BAzkWwQH8isEBDT7BAEx2wQAEfsED3UbBA6SGwQHlBsEDqXbBAaR6wQE9J
sEByS7BArVKwQFEhsEAYW7BAnVOwQGI0sEA3QLBAsjqwQKhDsEAsSLBAPBywQOwasEBrQrBA
WViwQCYisEDjKbBAtzGwQOI7sEA9KbBALmawQNdSsEAMULBA4DywQJ9gsEBZJrBAwTawQJ5H
sEDJRLBAljmwQP8csEDDOrBA3FqwQFldsEAYSbBAgiawQM5nsEBmOLBArBmwQDhksEDZPrBA
ny6wQJs2sEAibLBAfwawQB5PsECGP7BAHziwQAU9sEA2N7BA3UawQBcrsECHd7BA7TewQIhN
sEBySLBA7y6wQP9WsEBZXbBAek2wQDREsEDBUbBA1VKwQKAhsEC8WrBAkXiwQFxOsECgRbBA
wVywQHZSsEBuUrBAj0ywQME8sEBxUrBAGyawQDo2sEDAJrBABRawQNJGsEDKXbBAeXCwQJJF
sEA/QLBA/DywQDdgsEBjMbBAtUuwQCVEsEADR7BAT2CwQAQQsECUPrBAwCuwQD1TsEDnPbBA
PjewQPQ9sEDsRLBAalmwQL1LsEDrWLBAsUuwQG5FsEAMTLBAGj6wQJlGsED6VLBAY2SwQJtZ
sECRW7BAg1GwQNxUsEBoQ7BA2kGwQEResEAyMbBAvjuwQDk8sECYQ7BA6FmwQIFBsED0VrBA
JWGwQG86sECFYbBA2USwQAhTsEACOLBAHT+wQEdcsEDjHrBAOUWwQGF4sEChabBASimwQPxA
sEArSrBAyUWwQApZsECxS7BA1VmwQB1nsEAHQrBAUEKwQLMpsEAnXrBADFWwQNBasED1U7BA
/kmwQCZasEBXR7BAnzuwQP5nsEDxa7BA4CywQIpdsEBcW7BAZEqwQH1NsEBYerBAuk2wQBUu
sECTSrBAr1uwQIxEsEAdVbBAwkywQAg1sEDebLBAmHCwQMdRsEAzObBAtkywQPNIsEA0ZrBA
o1KwQGRbsEB7ULBA+kCwQOtnsEB7N7BAjlawQKdSsECkTbBAnl2wQJ9psECoWrBA60ewQGZg
sEDMd7BAQVawQIV2sEAiS7BAemSwQFFOsEC6erBAc0OwQAF6sEATYrBAAkywQGBisEBWXbBA
uHiwQO98sED1hLBArGywQF5PsEB5hbBAY5qwQLpQsED7f7BAKkywQNR+sEDTRrBARFawQMhp
sEC8ULBAeUiwQBd0sECwULBA+WawQOxtsECuO7BAT1+wQGhXsECaQLBAxFqwQGV0sEBZWbBA
602wQEJ0sEArT7BAnF+wQKdZsEBVU7BAqXewQElpsEAmarBAq1+wQNh4sEBbTbBANWGwQJJo
sECgibBAN2iwQIaAsEBQZbBAsXmwQA5asEDzZbBAlHWwQENksEAZWrBAkUiwQLFmsECiibBA
P3qwQE1ksEA3X7BAwXGwQMBqsECEerBANWewQKhLsEAXV7BAp2KwQJ1KsECDhrBAI62wQL5c
sEBMbLBAEYCwQEJbsECBVrBAQoGwQC1psECNY7BASnSwQJNnsEBphbBAS0awQLdqsECuRrBA
xmywQFl4sEB4SrBABnawQGVtsEDtdbBAHoqwQKRxsEBwbLBAnY2wQLGBsEBmarBAE4mwQP96
sEBvWrBAHY2wQBZusED1dbBAAXCwQN2BsEA3jrBATHWwQJR0sECkXbBAp3SwQM5usEAdfrBA
8HywQGBgsECMdLBAPKawQA1psECOmrBAmX6wQCVSsEBhbrBARWuwQF9ZsEDHQ7BAakawQDyV
sECenLBAcYWwQF9dsEDfa7BAnmywQN+TsEBTlrBAVIWwQLV3sEAToLBA0aSwQK1zsEDZYbBA
G6GwQLdwsEB/kLBAsmuwQOuSsEBCebBAsliwQIyPsEDyjrBAIoiwQEdwsEChT7BAGFmwQLJ4
sEBXfLBAgl6wQLaesEDMlrBAYn+wQJ1rsEBdb7BAoJWwQJqEsECeqbBAIZiwQBddsEBofLBA
+ouwQHaAsED/cLBAz22wQAp8sEDhf7BAPoSwQDd+sECyg7BA4muwQJqHsECga7BAOoOwQHFq
sEB4drBAf3iwQJV2sEBba7BAwHWwQA9zsEDLh7BAyH2wQA6fsECNVLBAJG6wQAmlsECfsrBA
dF6wQMeasECmbrBAno2wQMCKsEDairBAk4KwQLmtsEB5irBATJawQLOvsEARnLBAqWOwQDp9
sEBRm7BACmywQHiWsEDLfrBAD1mwQDNzsEAflrBAIWuwQFxxsEAueLBAm5mwQD7FsEBgZLBA
/ZywQO2BsECxfrBAPWywQMqWsEC8eLBAKqCwQNaNsEBKc7BAIX2wQP2isEDYlrBAyrKwQFNz
sECofbBAPX+wQOmxsEAxZbBA65iwQLmosEDFf7BAjI+wQMGhsEBWm7BAeYWwQLihsEAEcLBA
CouwQEWWsEBiZrBAnYawQF57sECTkLBAupKwQA6MsEC5jbBAxFewQHSpsED0lLBAcW+wQBmS
sEAelLBAQ5OwQMWFsED/m7BABpWwQId6sEChkrBAKnywQC59sEC5gbBApJmwQHxisEBiz7BA
1a+wQIiAsEAolbBApZGwQJaYsED2a7BA2qOwQByNsEDHnLBAcYewQCd+sEDcnLBAWZawQEOI
sEDBcrBAX4qwQJ+VsEATi7BAwp+wQO2osEDMlbBA8n2wQPJusEB0l7BAOo2wQGmTsECbprBA
loOwQHGjsEDxorBAnJuwQP60sEACo7BAOLKwQI12sEA9yLBAlnOwQMGvsEAOubBAe4SwQJWW
sEBSobBArY6wQOiOsEB9urBA4rawQAaZsEDZabBANHGwQP2FsEA2mrBAtq2wQGJisEBzcbBA
NbSwQBaHsEDmebBAu6CwQJ+NsEDkeLBAznywQNifsEC2h7BAvKawQGqlsED3g7BAVoGwQCWu
sEC5lLBAIZywQK/QsEC5e7BAcqawQOhysECDpLBAwJiwQMq0sEBpgbBAPHKwQEjHsEA8erBA
Y46wQGqrsEBzlrBAQXmwQHm1sEBmr7BASaawQAWCsECJtrBAKYWwQJqMsEAEy7BA1ZCwQBWw
sEA7uLBARKGwQIGRsECylLBA+52wQHqqsEAlkrBAoqGwQDy9sEDPnrBAk62wQCmvsECymrBA
SLWwQMiQsEBmkrBAdNOwQHeKsECrrbBAJ5awQCiRsEBamrBAwbewQNaXsED5o7BAa8ewQDaf
sEC7oLBAurCwQCa9sEBRrLBARJmwQOmfsEBiirBApWuwQNvasEC+orBA85ewQLK+sEDcobBA
QqWwQA2psEC7rrBAC8mwQP6FsEBgv7BAw6GwQP+PsECTwrBAm6SwQDWRsEDGrbBAzq+wQKO0
sEBJsbBAfJGwQCCrsEC6qrBABr+wQPCrsEBow7BAcIywQCfOsEDNsbBANLKwQOaOsEAkkbBA
9quwQO++sECtsbBA2L6wQArYsEDpuLBAJ7OwQH7CsEA4pbBA/qewQN3msEDUmbBAMsWwQCOv
sEDZc7BATp+wQA7nsEDmm7BAy6SwQFe4sEBxnbBAjLGwQCyysEAYu7BA4rSwQDrbsEDmnLBA
FpSwQDWusEAR4bBAsZywQHWxsEA9tbBAp8uwQLm+sECosrBAwcuwQM2qsEDWxrBAosuwQIe9
sEC7vrBAeqGwQD+gsEARrbBAr6ywQFuzsEBbmrBA2cKwQC/FsECx3bBAhu6wQM20sECzm7BA
ANuwQAjAsEDcrrBAsu+wQDqZsEDRnrBAtI+wQHjFsECqq7BAlsKwQFSlsEBGsrBAaK+wQLjV
sEDCz7BAe7uwQMXdsEAlnbBADZawQE3asEAZybBAAMewQDTjsEDtvrBAZ5awQEu9sEC62rBA
hNSwQDPesEAY4rBA5qGwQHa8sEAKwLBAoZ6wQH6qsED8x7BARr6wQAOqsEB7vrBAxrSwQKzK
sEADw7BAr86wQFHLsEC6w7BAsd2wQKOYsEBLx7BAzduwQPr7sEAwz7BAweCwQOjHsEAGv7BA
t6ywQBGpsEAUuLBAnLqwQNPbsECsubBAzdGwQFm1sEAlubBAUeCwQE7CsECCvrBABaKwQNjP
sEB+qrBAnsGwQObisEBw27BAZbGwQPe9sECtr7BAps6wQBjksEAD1bBAAtSwQNq+sEDvvLBA
gOuwQBHwsEAm2bBAUdGwQLjysEDixbBA87WwQIuwsEBc7bBA8bewQKbSsEDIz7BARfiwQA3W
sEAOwrBArd+wQJS5sEBQ5LBAi6uwQCq9sEDizrBAC/CwQNnEsEC/1LBAFquwQDa7sEDN2rBA
69WwQM3gsEBrvrBAVMKwQLWxsEAt2bBASNqwQOfjsEAWzLBA1cOwQDyqsEBwwLBAoLiwQP/Z
sEATyrBA4qWwQIPEsEB2sbBAEO2wQLDlsEDb4LBAV8GwQIy3sEDeurBAG9ywQMcJsUDQ07BA
O/OwQOzusECv0bBA2NSwQLzIsEAWw7BA8fuwQA7QsECVvrBAfuOwQLvNsEB05LBAB/GwQI3p
sEAOzbBAswCxQD/FsEDVyrBAoM+wQMPLsEBusLBANe+wQHPgsECzwLBANOywQKLvsECZ27BA
W5OwQBHlsEBj1LBAPeawQHDYsEBt1rBArMSwQAgIsUBaz7BAfhaxQBj7sECl5LBABsqwQDjY
sEBOxLBA88+wQJvjsEA4yrBAUeiwQDK5sEAXxLBAwbewQPTfsEB45LBAp+uwQKnVsECCHLFA
kvSwQAfesEBV97BAItGwQAPJsEDwzbBAnuuwQJvesEA8/LBAZaCwQI/AsEAQz7BAGxexQMXG
sECd1bBAas6wQNjesECl1LBA3vewQOPOsEBFA7FAptqwQOHnsEA+u7BAAPqwQBPpsED9ybBA
79ewQJ/fsECv0LBAg6mwQBr1sEBa37BATc+wQNMDsUB31LBATuKwQN31sEAx7LBAHtmwQI7s
sEBG9rBAVumwQOf+sEA+BrFAB7+wQGzOsEDPGrFActewQBgVsUAfBrFA2c6wQMHQsEA86bBA
puSwQFT5sECV+rBAweCwQCL5sED66bBAJeCwQB/GsEC/37BAPsOwQBHdsECqy7BAvtqwQIPU
sEDO7bBAaBaxQBXisEBU2rBAa96wQNfpsEDQ4LBAktawQLfvsECbubBAsu6wQG/MsECI8bBA
8L6wQOrxsECC3rBAgt2wQBv+sEDJuLBA3KywQNgTsUAHBrFAM/CwQL3rsEB46bBAE86wQNLA
sEDo9rBA2vuwQFLbsEAu9LBA6/mwQInlsECr1rBABOiwQHzNsECd8LBApuawQIHmsEAvC7FA
5fKwQMXasEDg0LBA/f+wQPnxsEA/9bBAVPqwQFvysEBW4rBAp7OwQPjbsEC17rBA5eawQFva
sEAP3rBARgyxQIkVsUDk/bBAfNqwQBjesED/87BA4OywQFjssEB82bBA8fCwQBEJsUD0zLBA
femwQJLhsEB13bBAF+ewQMv2sEDE0rBAJdqwQGkDsUB197BArgaxQK0WsUAe4bBAKO+wQDTg
sEAK4rBA7uKwQA72sEDd2rBA3/iwQJ3UsEC+MLFACg2xQDP2sEAE+bBA8O+wQADIsECd0bBA
KPOwQCLasECf/LBAuPywQIzSsEAwBrFABOawQJ/qsEBm7bBAgCOxQNvTsECszrBAAfqwQD/9
sECXGrFAHR2xQAwksUCO67BAEOKwQMQmsUDq4rBABAyxQF3rsEBc4bBAvemwQK0JsUAq97BA
D+SwQDEcsUCS3rBANAGxQEf4sEDaJLFAVhuxQHoKsUA/ArFAjuSwQOT+sEA/6LBAk/ewQN3W
sEC39bBArwuxQArUsECv5bBAmwCxQLXzsEBC6LBA7SKxQGTvsEAiJ7FAKtawQAIGsUAT57BA
xguxQH+7sEDqE7FA+fewQKgJsUDKDbFAYfqwQMfnsEAXBLFABCixQCkQsUD77rBALvKwQCIF
sUA19rBAVA2xQNsasUCU67BARSGxQEYLsUAQC7FAqwyxQGIMsUCFE7FAENawQOsMsUCc+LBA
ngyxQGMMsUB/67BAGA6xQGPxsECOGrFAWRuxQOIEsUCkCrFAie6wQPkSsUCDHrFAwAuxQGgB
sUCq87BA</AssayYData></Step><Step><CommonData><SampleLocation>7</SampleLocation><SampleID>Glycine</SampleID><SampleGroup></SampleGroup><SampleInfo></SampleInfo><SampleRow>J</SampleRow><SamplePlate>1</SamplePlate><WellType>REGENERATION</WellType><Concentration>-1</Concentration><ConcentrationUnits>µg/ml</ConcentrationUnits><MolarConcentration>-1</MolarConcentration><MolarConcUnits>nM</MolarConcUnits><MolecularWeight>0</MolecularWeight><Temperature>30</Temperature><StartTime>7653691</StartTime><AssayTime>5</AssayTime></CommonData><FlowRate>1000</FlowRate><StepType>KREGENERATION</StepType><StepName>Regeneration</StepName><StepStatus>OK</StepStatus><ActualTime>4.9998</ActualTime><CycleTime>0.2</CycleTime><AssayXData Points="25">SvDSReTx0kV989JFF/XSRbD20kVO+NJF5vnSRX370kUX/dJFsP7SRUoA00XmAdNFfQPTRRkF
00WwBtNFSgjTReQJ00V9C9NFGQ3TRbAO00VMENNF5hHTRX0T00UXFdNFsBbTRQ==</AssayXData><AssayYData Points="25">k9XeP9jo1j9tXdI/6Y3NPxwXyz8TVsg/f/XEP3JVwj+/u78/cCW9PyC+uj+dp7g/2oW2Pxvb
sz9gdrI/0AyxP5jdrj8xQa0/z/SrP/Jdqj/8nag/rSmnPxsbpj+n7aQ/lrekPw==</AssayYData></Step><Step><CommonData><SampleLocation>8</SampleLocation><SampleID>PBS</SampleID><SampleGroup></SampleGroup><SampleInfo></SampleInfo><SampleRow>J</SampleRow><SamplePlate>1</SamplePlate><WellType>NEUTRALIZATION</WellType><Concentration>-1</Concentration><ConcentrationUnits>µg/ml</ConcentrationUnits><MolarConcentration>-1</MolarConcentration><MolarConcUnits>nM</MolarConcUnits><MolecularWeight>0</MolecularWeight><Temperature>30</Temperature><StartTime>7667250</StartTime><AssayTime>5</AssayTime></CommonData><FlowRate>1000</FlowRate><StepType>KREGENERATION</StepType><StepName>Regeneration</StepName><StepStatus>OK</StepStatus><ActualTime>4.9998</ActualTime><CycleTime>0.2</CycleTime><AssayXData Points="25">ShjTReYZ00V9G9NFFx3TRbIe00VKINNF5iHTRX8j00UZJdNFsCbTRU4o00XkKdNFfSvTRRkt
00WyLtNFSjDTReYx00V9M9NFFzXTRbA200VMONNF5DnTRX8700UXPdNFsD7TRQ==</AssayXData><AssayYData Points="25">F+KbQB6anEAG/pxAy7CdQAa1nUCwIp5AomaeQO6QnkCBv55AJQifQFZMn0DKW59AX2mfQL+I
n0AXoZ9Ay7afQHMyoEDx8p9AYgmgQIUfoED3M6BAIWCgQENqoEC+VaBAKHigQA==</AssayYData></Step><Step><CommonData><SampleLocation>7</SampleLocation><SampleID>Glycine</SampleID><SampleGroup></SampleGroup><SampleInfo></SampleInfo><SampleRow>J</SampleRow><SamplePlate>1</SamplePlate><WellType>REGENERATION</WellType><Concentration>-1</Concentration><ConcentrationUnits>µg/ml</ConcentrationUnits><MolarConcentration>-1</MolarConcentration><MolarConcUnits>nM</MolarConcUnits><MolecularWeight>0</MolecularWeight><Temperature>30</Temperature><StartTime>7680518</StartTime><AssayTime>5</AssayTime></CommonData><FlowRate>1000</FlowRate><StepType>KREGENERATION</StepType><StepName>Regeneration</StepName><StepStatus>OK</StepStatus><ActualTime>4.9998</ActualTime><CycleTime>0.2</CycleTime><AssayXData Points="25">TEDTReZB00V9Q9NFF0XTRbRG00VKSNNF5EnTRX9L00UXTdNFsk7TRUpQ00XkUdNFfVPTRRdV
00WwVtNFTFjTReRZ00V9W9NFF13TRbJe00VMYNNF5mHTRX9j00UZZdNFsmbTRQ==</AssayXData><AssayYData Points="25">Dz69P6uFsz8EBK4/NlyrP2+RqD8EhqY/RvOkPxa2oz+zKqI/duagPzE2oD/bhJ4/NnaeP28v
nT8gsJs/nMCaP1DMmj90rpk/yaKYPzxAmT/YeZc/VoiXPymTlj+D45U/aiiWPw==</AssayYData></Step><Step><CommonData><SampleLocation>8</SampleLocation><SampleID>PBS</SampleID><SampleGroup></SampleGroup><SampleInfo></SampleInfo><SampleRow>J</SampleRow><SamplePlate>1</SamplePlate><WellType>NEUTRALIZATION</WellType><Concentration>-1</Concentration><ConcentrationUnits>µg/ml</ConcentrationUnits><MolarConcentration>-1</MolarConcentration><MolarConcUnits>nM</MolarConcUnits><MolecularWeight>0</MolecularWeight><Temperature>30</Temperature><StartTime>7693943</StartTime><AssayTime>5</AssayTime></CommonData><FlowRate>1000</FlowRate><StepType>KREGENERATION</StepType><StepName>Regeneration</StepName><StepStatus>OK</StepStatus><ActualTime>5.00078</ActualTime><CycleTime>0.2</CycleTime><AssayXData Points="25">TGjTReZp00V/a9NFG23TRbJu00VMcNNF5nHTRX9z00UbddNFsnbTRUx400XmedNFgXvTRRl9
00WyftNFTIDTReaB00V/g9NFGYXTRbKG00VMiNNF5onTRYGL00UZjdNFtI7TRQ==</AssayXData><AssayYData Points="25">B3KbQDFKnEAOwJxAShedQPp5nUD3xZ1ANOKdQEv4nUDMap5A/IyeQFusnkBY+Z5AaxqfQL39
nkBPRp9AIGufQP10n0AvhJ9AWt2fQFzWn0C97Z9AOu2fQDsWoEBIKaBANh+gQA==</AssayYData></Step><Step><CommonData><SampleLocation>7</SampleLocation><SampleID>Glycine</SampleID><SampleGroup></SampleGroup><SampleInfo></SampleInfo><SampleRow>J</SampleRow><SamplePlate>1</SamplePlate><WellType>REGENERATION</WellType><Concentration>-1</Concentration><ConcentrationUnits>µg/ml</ConcentrationUnits><MolarConcentration>-1</MolarConcentration><MolarConcUnits>nM</MolarConcUnits><MolecularWeight>0</MolecularWeight><Temperature>30</Temperature><StartTime>7707369</StartTime><AssayTime>5</AssayTime></CommonData><FlowRate>1000</FlowRate><StepType>KREGENERATION</StepType><StepName>Regeneration</StepName><StepStatus>OK</StepStatus><ActualTime>4.9998</ActualTime><CycleTime>0.2</CycleTime><AssayXData Points="25">TpDTReiR00WBk9NFG5XTRbSW00VOmNNF6pnTRYOb00WDndNFx57TRVCg00XqodNFgaPTRR2l
00W0ptNFTqjTReip00WBq9NFHa3TRbSu00VOsNNF6LHTRYGz00UdtdNFtLbTRQ==</AssayXData><AssayYData Points="25">iVi5PwAWsD963qo/uTeoP3GepT98u6M/HiuiP+YOoT+3lp8/ms2eP7V0nT9zi5w/7XOcP+ML
mz9vz5o/4X2ZP3J3mT8a3Zg/LvmXP7oSmD9wkZc/I56WPyOilj/AWJY/4N+VPw==</AssayYData></Step><Step><CommonData><SampleLocation>8</SampleLocation><SampleID>PBS</SampleID><SampleGroup></SampleGroup><SampleInfo></SampleInfo><SampleRow>J</SampleRow><SamplePlate>1</SamplePlate><WellType>NEUTRALIZATION</WellType><Concentration>-1</Concentration><ConcentrationUnits>µg/ml</ConcentrationUnits><MolarConcentration>-1</MolarConcentration><MolarConcUnits>nM</MolarConcUnits><MolecularWeight>0</MolecularWeight><Temperature>30</Temperature><StartTime>7720781</StartTime><AssayTime>5</AssayTime></CommonData><FlowRate>1000</FlowRate><StepType>KREGENERATION</StepType><StepName>Regeneration</StepName><StepStatus>OK</StepStatus><ActualTime>4.9998</ActualTime><CycleTime>0.2</CycleTime><AssayXData Points="25">TrjTReq500WBu9NFG73TRbS+00VSwNNF6sHTRYHD00UdxdNFtMbTRU7I00XoydNFgcvTRR3N
00W2ztNFTtDTRerR00WB09NFHdXTRbTW00VQ2NNF6tnTRYPb00Ub3dNFtN7TRQ==</AssayXData><AssayYData Points="25">RT+cQITynECoLZ1AgsmdQKslnkDShZ5AisKeQLzynkCFLp9ALnGfQF2in0DdnZ9AQuefQB/9
n0DwCKBAaEKgQCZVoEDwMaBAA0egQH2uoEDIo6BAIbKgQL7HoEDv3aBAGuegQA==</AssayYData></Step><Step><CommonData><SampleLocation>3</SampleLocation><SampleID>Octet Buffer</SampleID><SampleGroup></SampleGroup><SampleInfo></SampleInfo><SampleRow>I</SampleRow><SamplePlate>1</SamplePlate><WellType>BUFFER</WellType><Concentration>-1</Concentration><ConcentrationUnits>µg/ml</ConcentrationUnits><MolarConcentration>-1</MolarConcentration><MolarConcUnits>nM</MolarConcUnits><MolecularWeight>0</MolecularWeight><Temperature>30</Temperature><StartTime>7735179</StartTime><AssayTime>20</AssayTime></CommonData><FlowRate>1000</FlowRate><StepType>CUSTOM</StepType><StepName>Sensor Check</StepName><StepStatus>OK</StepStatus><ActualTime>20.0008</ActualTime><CycleTime>0.2</CycleTime><AssayXData Points="100">TuDTRejh00WD49NFG+XTRbTm00VO6NNF6OnTRYHr00Ub7dNFtu7TRU7w00Xq8dNFgfPTRRv1
00W09tNFTvjTRej500WB+9NFHf3TRbT+00VQANRF6AHURYMD1EUbBdRFtAbURU4I1EXoCdRF
gQvURRsN1EW2DtRFThDUReoR1EWBE9RFGxXURbQW1EVQGNRF6BnURYEb1EUbHdRFth7URU4g
1EXoIdRFgyPURRsl1EW0JtRFTijUReop1EWBK9RFGy3URbYu1EVOMNRF6jHURYEz1EUbNdRF
tjbURU441EXoOdRFgTvURRs91EW0PtRFTkDURehB1EWBQ9RFG0XURbZG1EVQSNRF6knURYFL
1EUbTdRFIU/URWVQ1EXqUdRFgVPURRtV1EW4VtRFUFjURehZ1EWDW9RFHV3URbRe1EVOYNRF
6mHURYNj1EUdZdRFtGbURU5o1EXqadRFgWvURRtt1EW0btRFTnDURehx1EWBc9RFG3XURbR2
1EVQeNRF6nnURYN71EUbfdRFtn7URQ==</AssayXData><AssayYData Points="100">ifOaQC4cmUAm25dAEeuWQO5dlkBuGJZA8pmVQHyWlUABjpVANnSVQG6blUBdsJVADYWVQAzL
lUAv4ZVAgceVQILnlUDyBJZA1wyWQKkilkAbG5ZA7VWWQE5TlkBOUpZAmlCWQIxSlkARmZZA
OH6WQOaLlkChf5ZAyJ+WQF+LlkCAr5ZA1seWQHq/lkChuZZAut6WQE/FlkDB/5ZAhQOXQDTY
lkBh25ZAJe+WQFjrlkDa25ZAHfmWQCgPl0Bq8pZA4AaXQOZJl0DnEpdARyaXQBhBl0CLPpdA
sz2XQMpql0BpRZdAhzqXQJpXl0BhYpdAummXQPdjl0DOU5dAmWKXQHCMl0CwkJdA64KXQOCa
l0DmeJdAwZSXQBOCl0D9tJdAq6GXQL6Ol0DSppdA1reXQGCnl0CjppdA16GXQAi6l0CBvZdA
sL6XQGC8l0DN1ZdAn7qXQNTKl0DGtZdAhQSYQHjzl0Cz7pdAyfOXQP8CmEDOy5dASvuXQGv4
l0Dp65dAj+SXQBYxmEAe/pdArQ+YQA==</AssayYData></Step><Step><CommonData><SampleLocation>24</SampleLocation><SampleID>SI-157X57_P5566</SampleID><SampleGroup></SampleGroup><SampleInfo></SampleInfo><SampleRow>I</SampleRow><SamplePlate>1</SamplePlate><WellType>KLOAD</WellType><Concentration>5</Concentration><ConcentrationUnits>µg/ml</ConcentrationUnits><MolarConcentration>5000</MolarConcentration><MolarConcUnits>nM</MolarConcUnits><MolecularWeight>0</MolecularWeight><Temperature>30</Temperature><StartTime>7767127</StartTime><AssayTime>120</AssayTime></CommonData><FlowRate>1000</FlowRate><StepType>LOADING</StepType><StepName>Loading</StepName><StepStatus>OK</StepStatus><ActualTime>120.001</ActualTime><CycleTime>0.2</CycleTime><AssayXData Points="600">UIDUReqB1EWDg9RFHYXURbaG1EVSiNRF6onURYWL1EUdjdRFto7URVCQ1EXqkdRFg5PURR2V
1EW2ltRFUJjUReqZ1EWFm9RFH53URbae1EVSoNRF7KHURYWj1EUdpdRFuKbURVCo1EXsqdRF
g6vURR2t1EW2rtRFULDUReyx1EWDs9RFH7XURba21EVQuNRF6rnURYW71EUdvdRFtr7URVDA
1EXqwdRFg8PURR3F1EW2xtRFUsjURerJ1EWFy9RFH83URbjO1EVS0NRF7NHURYXT1EUd1dRF
ttbURVLY1EXq2dRFg9vURR3d1EW23tRFUuDURezh1EWD49RFH+XURbbm1EVQ6NRF7OnURYPr
1EUf7dRFtu7URVDw1EXs8dRFhfPURR311EW29tRFUvjURer51EWD+9RFHf3URbj+1EVQANVF
6gHVRYUD1UUdBdVFtgbVRVAI1UXsCdVFgwvVRR0N1UW2DtVFUBDVReoR1UWDE9VFHRXVRbYW
1UVSGNVF6hnVRYMb1UUfHdVFuB7VRVAg1UXsIdVFgyPVRR0l1UW4JtVFUCjVRewp1UWFK9VF
HS3VRbgu1UVSMNVF7DHVRYMz1UUfNdVFuDbVRVA41UXqOdVFgzvVRR091UW4PtVFUEDVRepB
1UWFQ9VFHUXVRbZG1UVSSNVF7EnVRYNL1UUdTdVFuE7VRVJQ1UXqUdVFg1PVRR1V1UW2VtVF
UljVRepZ1UWDW9VFHV3VRbZe1UVSYNVF7GHVRYVj1UUdZdVFtmbVRVJo1UXuadVFhWvVRR1t
1UW2btVFUnDVRepx1UWFc9VFHXXVRbh21UVQeNVF7HnVRYV71UUdfdVFuH7VRVCA1UXqgdVF
g4PVRR+F1UW2htVFUojVReqJ1UWFi9VFH43VRbaO1UVQkNVF6pHVRYWT1UUfldVFtpbVRVKY
1UXqmdVFg5vVRR+d1UW2ntVFUqDVReqh1UWDo9VFH6XVRbim1UVQqNVF7KnVRYOr1UUdrdVF
uK7VRVKw1UXqsdVFg7PVRR211UW2ttVFUrjVReq51UWFu9VFHb3VRbi+1UVQwNVF7MHVRYXD
1UUfxdVFtsbVRVDI1UXsydVFg8vVRR/N1UW4ztVFUNDVRerR1UWD09VFHdXVRbjW1UVS2NVF
7NnVRYXb1UUd3dVFuN7VRVLg1UXs4dVFg+PVRR3l1UW25tVFUujVRerp1UWF69VFHe3VRbbu
1UVQ8NVF7PHVRYPz1UUf9dVFuPbVRVL41UXs+dVFg/vVRR/91UW2/tVFUgDWReoB1kWDA9ZF
HQXWRbYG1kVQCNZFSArWRY0L1kUfDdZFtg7WRVAQ1kXsEdZFhRPWRR0V1kW2FtZFUBjWRewZ
1kWDG9ZFHR3WRbge1kVQINZF6iHWRYUj1kUdJdZFuCbWRVAo1kXsKdZFgyvWRR8t1kW4LtZF
UDDWReox1kWDM9ZFHTXWRbg21kVSONZF6jnWRYU71kUdPdZFuD7WRVBA1kXqQdZFhUPWRR9F
1kW2RtZFUEjWRexJ1kWDS9ZFHU3WRbhO1kVQUNZF7FHWRYNT1kUdVdZFuFbWRVJY1kXqWdZF
g1vWRR1d1kW2XtZFUGDWRexh1kWDY9ZFH2XWRbhm1kVQaNZF7GnWRYNr1kUdbdZFuG7WRVBw
1kXqcdZFg3PWRR911kW4dtZFUnjWRex51kWFe9ZFHX3WRbZ+1kVQgNZF6oHWRYWD1kUdhdZF
tobWRVKI1kXsidZFhYvWRR2N1kW2jtZFUJDWReyR1kWFk9ZFHZXWRbaW1kVQmNZF7JnWRYOb
1kUdndZFuJ7WRVKg1kXqodZFg6PWRR2l1kW4ptZFUqjWReqp1kWFq9ZFHa3WRbiu1kVSsNZF
6rHWRYWz1kUdtdZFtrbWRVC41kXsudZFg7vWRR291kW2vtZFUsDWRerB1kWDw9ZFHcXWRbbG
1kVQyNZF6snWRYXL1kUdzdZFts7WRVDQ1kXq0dZFhdPWRR3V1kW21tZFUNjWRerZ1kWF29ZF
Hd3WRbje1kVS4NZF6uHWRYPj1kUd5dZFuObWRVDo1kXq6dZFg+vWRR3t1kW27tZFUPDWRezx
1kWD89ZFHfXWRbb21kVQ+NZF6vnWRYP71kUf/dZFtv7WRVAA10XqAddFgwPXRR8F10W2BtdF
UAjXReoJ10WFC9dFHw3XRbYO10VQENdF6hHXRYMT10UfFddFthbXRVAY10XsGddFgxvXRR8d
10W2HtdFUCDXReoh10WDI9dFHyXXRbYm10VQKNdF6inXRYMr10UfLddFti7XRVAw10XqMddF
gzPXRR8110W4NtdFUDjXReo510WHO9dFHz3XRbY+10VQQNdF6kHXRYVD10UdRddFtkbXRVJI
10XsSddFg0vXRR9N10W4TtdFUFDXRepR10WDU9dFHVXXRbZW10VSWNdF7FnXRYNb10UdXddF
tl7XRVJg10XsYddFg2PXRR1l10W2ZtdFUmjXRexp10WFa9dFHW3XRbZu10VQcNdF7HHXRYNz
10UddddFuHbXRVB410XqeddFg3vXRR1910W2ftdFUoDXReyB10WFg9dFHYXXRbaG10VSiNdF
7InXRYOL10UfjddFuI7XRVCQ10XskddFhZPXRR2V10W2ltdFUpjXReqZ10WDm9dFH53XRbae
10VQoNdF6qHXRYOj10UdpddFuKbXRVCo10XqqddFhavXRR2t10W2rtdFULDXReqx10WFs9dF
HbXXRbi210VQuNdF7rnXRYO710UdvddFuL7XRVLA10XqwddFhcPXRR/F10W2xtdFUsjXRerJ
10WDy9dFHc3XRbbO10VQ0NdF6tHXRYPT10Uf1ddFuNbXRVLY10Xs2ddFhdvXRR3d10W23tdF
UODXRerh10WD49dFH+XXRbbm10VQ6NdF6unXRYPr10Uf7ddFtu7XRVLw10Xq8ddFhfPXRR31
10W29tdFUvjXRez510WD+9dFHf3XRbb+10VSANhF6gHYRYUD2EUdBdhFuAbYRVII2EXsCdhF
gwvYRR0N2EW4DthFUBDYRewR2EWDE9hFHRXYRbYW2EVQGNhF7BnYRYUb2EUfHdhFth7YRVAg
2EXqIdhFgyPYRR0l2EW2JthFUCjYReop2EWFK9hFHy3YRbYu2EVSMNhF7DHYRYMz2EUdNdhF
tjbYRVI42EXsOdhFgzvYRR092EW4PthF</AssayXData><AssayYData Points="600">azOYQGi9mEDVFZlAB5qZQFvvmUCBRZpAtKuaQJztmkBybJtAttWbQCFAnEAdfpxA/vmcQP85
nUCckJ1AatmdQH82nkAWi55A6dqeQLoqn0AhZ59APaefQIUVoEC/IKBATGOgQGi+oEAtEKFA
biyhQDqToUC39qFALvKhQG8ZokAYm6JAys6iQFTFokB0J6NAlzOjQCdqo0A3s6NAQfSjQAA5
pEB3aaRAl6mkQKqzpEA/zqRAGQOlQAIqpUDvQqVAKJylQK6ppUCT16VAJgmmQCkfpkCuQ6ZA
QHymQPCGpkCjmqZAyM+mQP8Hp0DIFadAHTqnQKRfp0D/b6dAeGynQCjfp0BbyqdAyQ2oQNAg
qEBRMqhABy6oQDN1qEBmlahApbOoQLKnqEBOyKhAigCpQCAfqUCcH6lAIDOpQGhkqUCZZqlA
gWKpQPiJqUA6uKlAm7mpQKTLqUCf7KlAMQuqQBQSqkDHSapA3UKqQMJfqkDEnapA6a2qQIF9
qkAP26pAxQGrQFTuqkAEF6tAyx+rQDIkq0BJMqtA2kqrQIpmq0DBW6tAUnirQLDVq0Anf6tA
C6qrQIfrq0AJwatAfPirQAs9rED666tAd/yrQO8+rEBvMKxA1SusQDVhrEAPTqxABVasQMN9
rED2saxAF5WsQG/CrED136xAiOSsQAPlrEBm3axA3uCsQIMzrUBoQ61AqimtQMsTrUCSV61A
G1WtQP5srUAkeK1AJoGtQK91rUBnia1AX6StQOaWrUDJma1AYNmtQJu5rUA/4q1AkBeuQEgJ
rkA7/61ASP6tQIQYrkDbS65AVEauQC5VrkBXAq5AW3CuQGJkrkDeXK5AU3KuQAHDrkD+k65A
d7iuQO+2rkDWqK5AUeeuQCPkrkD1tq5A+8euQO7irkAO6q5AePOuQPYsr0BzSK9AuhqvQGQo
r0BvWK9A8E+vQBJir0ClWq9AOD6vQN6Xr0DNb69AP42vQO6fr0Aqqa9AXpyvQCyor0Ae2q9A
McOvQO+2r0Dt7q9AMdWvQEz+r0As/a9AY9evQBb6r0CdC7BATjSwQHfYr0DJ/69AnluwQHMl
sECyULBAPkuwQMJQsEAaPbBAdliwQCtusEA7f7BAwamwQGKcsEAUlbBA2JKwQBmxsEDwl7BA
JaWwQPjbsEB2v7BAkMKwQPfesEB4w7BAbt6wQOoMsUBOCLFAitiwQBASsUD/FbFAUu2wQDYL
sUDCT7FAnyKxQB5BsUDVdbFAoFuxQKc7sUDWabFA73GxQMRGsUCMo7FAS32xQEJxsUArobFA
MpuxQA6ksUBCirFAqLWxQCiisUByorFAP62xQBTLsUDjyLFAq9ixQHa4sUDNwLFAjvCxQAEL
skBxwrFADBGyQKQTskC5/7FAwxSyQJsgskA/D7JApwqyQEQ0skChRrJA6CuyQHBAskC4KbJA
7EOyQKRzskCLTLJAZGCyQDZgskBNf7JAuFuyQBp/skCKfLJAWWWyQISKskCGs7JA0I2yQEqW
skA1nLJAnq+yQDmxskBbubJAK8qyQIixskDc0LJAw9eyQJDjskAK4bJACOOyQNrVskDhErNA
MxyzQEDzskBMArNA2hGzQJ4Ys0DMHrNANCWzQN4xs0CAKbNAgl+zQFE3s0C4IbNAaEOzQFFy
s0BoHrNAyGqzQBNks0ATebNAQXezQABts0A9SLNAl3azQAqTs0AMP7NA9HSzQPabs0DWfLNA
spOzQAWKs0A0lLNAR5KzQJqWs0BgmbNAAZazQGi3s0CX1LNAsbCzQEfEs0CV4bNAZdGzQOHD
s0CCH7RAsLezQPn7s0CVELRAJQ+0QHH0s0ASB7RAC/+zQHPVs0CkCLRA4/yzQBb7s0AkFLRA
3he0QIsItECeHLRAZU+0QMAftEDzLrRA50e0QGwftEDALLRAYXm0QExQtECGMbRARlS0QL+A
tEBmRbRAHnW0QLSCtEBwc7RAh4O0QKiEtEDTfLRAnZG0QPeXtEDSiLRAy5i0QOqqtEBIqrRA
Dou0QI2ltEACurRAWX+0QBWvtEC21rRAZ7y0QIDNtECJxbRASMS0QPrltEBy9bRAH+u0QKzi
tEBaA7VADPe0QJO/tED03bRAOei0QCYBtUCLCLVAvAa1QJHKtEAzD7VA0CC1QNn+tED1AbVA
njK1QKMktUCpCrVA91S1QI8atUA7GbVA70W1QEc6tUCsFLVAbEW1QIo2tUCAULVAfW+1QPx3
tUCCLrVAQVO1QBNktUCwgrVA0V21QCaNtUCCSbVAJnG1QJeEtUDUaLVAA4C1QA+ttUASdLVA
Hmq1QKCPtUBhhLVAH2y1QPqOtUDqorVA8IC1QOyntUDgqrVAyZW1QIWktUCKt7VArcK1QN+W
tUB22LVAg561QECotUDg+7VA0Oe1QLe7tUCLxrVA4P+1QFzFtUDF7LVAfQm2QNz8tUAd57VA
jAK2QOL+tUCa6bVANh62QIA2tkB53bVAxRG2QGIptkBODbZAEvK1QAI8tkAV87VAqx22QKEo
tkASH7ZAHDa2QNYmtkC3FrZACBK2QLc5tkBhSLZArSe2QJZrtkBiSrZAekq2QG1ZtkDuOLZA
2UW2QApEtkCybrZAXGy2QMl0tkA1dLZA2V22QGJotkCYerZAl122QHBjtkCojrZAwWy2QOCA
tkDkcLZAeoG2QMFktkC8eLZAMpO2QL95tkChl7ZAaLC2QLeYtkDKs7ZAH7u2QK+PtkBfnrZA
pq22QEvAtkBCf7ZAIbK2QP/UtkCCgbZAk/O2QO/XtkBosrZAe8+2QNHMtkCNuLZAhdS2QG7v
tkDf1LZAydO2QGQOt0DOArdAwc62QEMDt0AkHrdAEt22QGkBt0BI7rZAdgi3QCg4t0BpF7dA
mfa2QLHotkCyHLdAz+q2QJ0Dt0C6OrdAR+S2QOkMt0AVN7dAWye3QDIMt0BmRbdASCG3QAHm
tkDnUrdAyVW3QNIwt0D7KrdAKiK3QK9Yt0BqMbdACHe3QDA1t0CDQbdAun63QCcgt0CIaLdA
qXy3QIxot0CyVLdA91m3QLiOt0A4Z7dACoi3QMqOt0DlZbdA/WG3QNWGt0B1hLdAGna3QIqG
t0C6rrdAa3S3QJqMt0APf7dAYYK3QB2Zt0AxsbdAPXS3QPDLt0ALt7dAvrm3QNyTt0A9pbdA
56y3QEJ9t0B9w7dASsK3QC62t0C21LdA</AssayYData></Step><Step><CommonData><SampleLocation>3</SampleLocation><SampleID>Octet Buffer</SampleID><SampleGroup></SampleGroup><SampleInfo></SampleInfo><SampleRow>I</SampleRow><SamplePlate>1</SamplePlate><WellType>BUFFER</WellType><Concentration>-1</Concentration><ConcentrationUnits>µg/ml</ConcentrationUnits><MolarConcentration>-1</MolarConcentration><MolarConcUnits>nM</MolarConcUnits><MolecularWeight>0</MolecularWeight><Temperature>30</Temperature><StartTime>7898926</StartTime><AssayTime>100</AssayTime></CommonData><FlowRate>1000</FlowRate><StepType>BASELINE</StepType><StepName>Baseline</StepName><StepStatus>OK</StepStatus><ActualTime>100.001</ActualTime><CycleTime>0.2</CycleTime><AssayXData Points="500">UkDYRexB2EWHQ9hFH0XYRbhG2EVSSNhF7knYRYVL2EUfTdhFuE7YRVJQ2EXsUdhFhVPYRR9V
2EW4VthFVFjYRexZ2EWFW9hFH13YRbhe2EVSYNhF7GHYRYVj2EUfZdhFuGbYRVJo2EXuadhF
hWvYRSFt2EW6bthFUnDYRexx2EWFc9hFH3XYRbh22EVSeNhF7nnYRYV72EUffdhFuH7YRVKA
2EXsgdhFhYPYRR+F2EW4hthFUojYReyJ2EWFi9hFIY3YRbiO2EVSkNhF7pHYRYeT2EUhldhF
uJbYRVSY2EXsmdhFh5vYRR+d2EW4nthFVKDYRe6h2EWFo9hFIaXYRbim2EVSqNhF7KnYRYWr
2EUhrdhFuK7YRVKw2EXssdhFh7PYRR+12EW4tthFUrjYRey52EWHu9hFIb3YRbq+2EVSwNhF
7sHYRYfD2EUfxdhFusbYRVTI2EXsydhFh8vYRR/N2EW4zthFUtDYRe7R2EWF09hFIdXYRbrW
2EVU2NhF7NnYRYXb2EUh3dhFut7YRVTg2EXs4dhFhePYRR/l2EW65thFUujYRezp2EWH69hF
H+3YRbru2EVU8NhF7vHYRYXz2EUh9dhFuPbYRVT42EXs+dhFhfvYRR/92EW4/thFVADZRe4B
2UWFA9lFHwXZRbgG2UVUCNlF7AnZRYUL2UUfDdlFuA7ZRVIQ2UXsEdlFhRPZRR8V2UW6FtlF
UhjZRewZ2UWHG9lFHx3ZRbge2UVSINlF7iHZRYUj2UUfJdlFuCbZRVIo2UXuKdlFhSvZRSEt
2UW6LtlFUjDZRewx2UWFM9lFITXZRbo22UVSONlF7jnZRYU72UUhPdlFuD7ZRVRA2UXsQdlF
hUPZRR9F2UW4RtlFUkjZRe5J2UWFS9lFH03ZRbhO2UVSUNlF7lHZRYVT2UUfVdlFuFbZRVJY
2UXsWdlFhVvZRSFd2UW4XtlFUmDZRe5h2UWHY9lFH2XZRbpm2UVSaNlF7GnZRYdr2UUhbdlF
uG7ZRVJw2UXscdlFh3PZRSF12UW6dtlFUnjZRex52UWHe9lFH33ZRbp+2UVSgNlF7oHZRYeD
2UUfhdlFuIbZRVSI2UXsidlFhYvZRSGN2UW4jtlFUpDZRe6R2UWFk9lFIZXZRbiW2UVSmNlF
7JnZRYWb2UUfndlFuJ7ZRVKg2UXsodlFhaPZRR+l2UW6ptlFUqjZRe6p2UWHq9lFH63ZRbqu
2UVUsNlF7LHZRYez2UUhtdlFuLbZRVK42UXsudlFh7vZRR+92UW4vtlFUsDZRezB2UWFw9lF
H8XZRbrG2UVUyNlFNcrZRYfL2UUfzdlFus7ZRVLQ2UXs0dlFhdPZRR/V2UW61tlFUtjZRezZ
2UWF29lFId3ZRbje2UVS4NlF7uHZRYfj2UUf5dlFuubZRVLo2UXs6dlFh+vZRR/t2UW47tlF
UvDZRezx2UWF89lFIfXZRbj22UVS+NlF7PnZRYX72UUh/dlFuP7ZRVQA2kXsAdpFhwPaRSEF
2kW4BtpFUgjaRewJ2kWHC9pFHw3aRbgO2kVSENpF7BHaRYcT2kUfFdpFuhbaRVQY2kXuGdpF
hxvaRR8d2kW4HtpFUiDaRewh2kWFI9pFISXaRbgm2kVUKNpF7inaRYUr2kUfLdpFui7aRVIw
2kXsMdpFhTPaRR812kW6NtpFUjjaRew52kWFO9pFIT3aRbg+2kVUQNpF7EHaRYdD2kUfRdpF
ukbaRVRI2kXsSdpFhUvaRR9N2kW4TtpFVFDaRexR2kWFU9pFH1XaRbpW2kVUWNpF7FnaRYdb
2kUhXdpFuF7aRVRg2kXsYdpFh2PaRR9l2kW4ZtpFUmjaRe5p2kWHa9pFH23aRbpu2kVScNpF
7HHaRYVz2kUfddpFunbaRVJ42kXsedpFhXvaRR992kW4ftpFUoDaReyB2kWFg9pFIYXaRbqG
2kVUiNpF7onaRYeL2kUfjdpFuo7aRVSQ2kXukdpFh5PaRR+V2kW6ltpFUpjaReyZ2kWHm9pF
H53aRbie2kVSoNpF7KHaRYWj2kUfpdpFuKbaRVKo2kXsqdpFhavaRR+t2kW6rtpFUrDaRe6x
2kWHs9pFIbXaRbi22kVUuNpF7LnaRYW72kUfvdpFuL7aRVLA2kXswdpFhcPaRR/F2kW6xtpF
VMjaRezJ2kWHy9pFIc3aRbjO2kVS0NpF7NHaRYfT2kUf1dpFuNbaRVLY2kXu2dpFh9vaRR/d
2kW63tpFUuDaRezh2kWF49pFH+XaRbjm2kVS6NpF7OnaRYXr2kUh7dpFuu7aRVLw2kXs8dpF
hfPaRR/12kW69tpFUvjaRez52kWF+9pFH/3aRbr+2kVSANtF7AHbRYUD20UhBdtFuAbbRVII
20XsCdtFhQvbRSEN20W4DttFVBDbRewR20WHE9tFIRXbRbgW20VSGNtF7BnbRYcb20UfHdtF
uB7bRVIg20XuIdtFhSPbRR8l20W4JttFVCjbRewp20WFK9tFIS3bRbgu20VSMNtF7jHbRYcz
20UfNdtFuDbbRVQ420XsOdtFhzvbRSE920W6PttFUkDbRexB20WHQ9tFH0XbRbpG20VUSNtF
7EnbRYdL20UfTdtFuk7bRVRQ20XuUdtFh1PbRR9V20W6VttFUljbRexZ20WFW9tFIV3bRbpe
20U=</AssayXData><AssayYData Points="500">CpW2QO/ftkB857ZAR/m2QCZyt0CoTrdAKlK3QOhdt0D1bLdA7jm3QDB7t0BYZ7dAAoO3QECD
t0CkXrdAMIe3QPZ3t0B/erdAEH63QH1ht0BVm7dAqnm3QCyUt0D/qbdAb5O3QHCDt0ClpLdA
toy3QEJbt0AGi7dAQZS3QOR+t0ANlbdAQae3QOmEt0DGirdAfZ23QDOQt0BSUbdAGpm3QFWA
t0CEdbdADqG3QDV+t0CnkbdAjoC3QNeLt0Ccl7dAl4a3QPujt0AWfbdAEIW3QP6ct0BMjbdA
nZ+3QGGpt0BPpLdAFIi3QHqLt0C/rrdAm3+3QLqct0D2b7dAiYy3QNh8t0CwkbdAuqe3QJWX
t0BQl7dA2YK3QJ6Ht0AOsLdAT463QA59t0DNmLdAPp+3QHWEt0D+tLdAArK3QI62t0B7xbdA
uJC3QGySt0A2l7dAw6C3QJBzt0B3ordAs7S3QF5ot0DZxLdA7XC3QGORt0C4crdAzZ+3QDGK
t0ANrbdAYsm3QNeZt0D8f7dAYKW3QAeat0D9fLdAbae3QJKzt0CwlbdAn7a3QD6qt0CVmLdA
v6a3QFSct0Dkl7dA1o23QKqRt0DEhbdA+qm3QL20t0CjqbdAZpi3QPWyt0Dql7dADo63QIiJ
t0Dds7dAMIy3QLGbt0Alv7dAqJm3QH+pt0A4lbdA1I63QEKDt0ACordAQ5u3QNCDt0AHmLdA
xri3QG+Nt0D5n7dA87O3QM2Et0D3m7dAuKq3QLDEt0DItLdAf5q3QM67t0ARp7dAZby3QAnI
t0A+ordAQOG3QBqHt0D1jrdA/6u3QLuBt0AfkLdAqLi3QHSst0AkkLdABbS3QPGJt0DppbdA
Qau3QMzVt0CztLdAbpu3QIOnt0B6wrdAOqK3QG+lt0DcuLdAd4W3QB+dt0AjrLdAQL23QHOk
t0Cvm7dA2Zi3QJ2+t0B0tbdApsu3QOCTt0Czp7dACqO3QN+Nt0AqsrdA+J63QBO2t0Dhr7dA
u2+3QACkt0CGsbdA+qi3QMOat0AOoLdAyMO3QIiut0B7s7dAPLy3QB29t0CgsbdA2Mm3QM+l
t0BWoLdAlcq3QC6wt0DNp7dAs8q3QBuot0AlgbdA0qq3QLmdt0AqlLdAv663QJSot0DXqrdA
ZLy3QOakt0A6sbdAzLy3QDert0AcobdA1b63QLWtt0B/1rdA7JK3QFi+t0CSobdA0ae3QCF6
t0ClqrdAmLq3QCKat0B9obdA8ry3QKezt0ColLdAcdi3QDSPt0AkmbdA/Li3QDixt0DSqrdA
6cK3QG+Tt0DdzrdAzqa3QKOjt0DhkrdA/rm3QIOit0B6q7dAzs63QLTat0CfpLdAEtu3QDKs
t0DMobdAdc23QO3Yt0AVrLdAvr63QKzAt0BqobdAas+3QEWZt0AxtbdADsa3QBe/t0Ces7dA
xZS3QIHBt0DYtrdALKW3QBPAt0Bw1LdAXq+3QJqmt0CjubdA08K3QIS7t0CTxbdAYs63QPDI
t0A1uLdAhqu3QA63t0AS0rdAH5y3QDent0Aws7dAWau3QAzKt0BUwLdAUrS3QDC6t0A9rbdA
as63QIi+t0AimrdAnsu3QAmrt0CkurdAJ8W3QKLVt0A0wbdALr+3QNazt0Bgt7dAjsa3QJ7X
t0C6pLdAvdy3QAjft0CO0bdA3cW3QDSjt0BQmrdAO7i3QIHUt0BUprdA4KW3QGXFt0CmqLdA
hbS3QFDZt0C/3rdADb23QISjt0ChurdAoLC3QMfCt0AqyLdAG523QCS3t0Csu7dAb9q3QPDU
t0DnyLdA1q+3QG7Lt0CdwrdAZrm3QH/Ct0BevrdAdfG3QEq3t0B0xrdAwca3QKe1t0A9yrdA
k/23QOTFt0ApubdAgcG3QIm3t0C6tLdAqMe3QM6/t0Bro7dA87O3QA3Lt0CBmbdA9+a3QFrC
t0Dn+LdAteS3QHzPt0Bq0LdAcNa3QHzEt0CqrrdAJuG3QCW/t0Agu7dA6LC3QA7mt0B017dA
QKS3QKast0Aa5bdAZP63QMbPt0AHyrdAiMO3QEy9t0Ca8bdA/dW3QOTYt0Cg4bdAtdO3QKbY
t0CrBrhA09+3QBG6t0ChtLdA9Lm3QCXRt0C50rdAYMq3QI3ht0ALurdAjPW3QJegt0ATyLdA
8AG4QDG2t0Du17dAf9i3QBfLt0DRzbdALbq3QMfTt0A/97dACN23QNbpt0CSw7dAacK3QMDL
t0CwurdA9Na3QOHDt0Cr3rdAxN23QLjgt0Bj3bdALs23QAbdt0Alv7dAg++3QGzjt0Cc3LdA
NQK4QN3It0CO27dAWLC3QEelt0B/ArhA4OC3QJ3Pt0BX0LdAFta3QFu1t0Cy+LdA//63QNTl
t0C9/LdAxwC4QHzSt0Bn1bdAYO63QEPWt0BI5LdAc+K3QEnWt0AL17dAH863QOzst0DEw7dA
1gy4QAnst0Cz0rdA7/S3QCfct0BywbdAzc23QIXot0D53bdANem3QLXvt0AqDbhAZPq3QI7N
t0B7wLdAdby3QBn1t0B14rdAJMm3QLbkt0An+rdA8uy3QO/zt0AS8LdA1gS4QID5t0D17bdA
wuG3QFvQt0CRv7dACM63QPP7t0Aa7rdAb+S3QAvzt0BU8bdAc9u3QHzmt0B15bdAyu23QALk
t0A=</AssayYData></Step><Step><CommonData><SampleLocation>4</SampleLocation><SampleID>hsCD3d/e_Acro_CDD-H52W1</SampleID><SampleGroup></SampleGroup><SampleInfo></SampleInfo><SampleRow>I</SampleRow><SamplePlate>1</SamplePlate><WellType>KSAMPLE</WellType><Concentration>-1</Concentration><ConcentrationUnits>µg/ml</ConcentrationUnits><MolarConcentration>12.5</MolarConcentration><MolarConcUnits>nM</MolarConcUnits><MolecularWeight>0</MolecularWeight><Temperature>30</Temperature><StartTime>8007046</StartTime><AssayTime>180</AssayTime></CommonData><FlowRate>1000</FlowRate><StepType>ASSOC</StepType><StepName>Association</StepName><StepStatus>OK</StepStatus><ActualTime>179.999</ActualTime><CycleTime>0.2</CycleTime><AssayXData Points="900">VmDbRe5h20WJY9tFIWXbRbpm20VUaNtF7mnbRYlr20UhbdtFum7bRY9w20XucdtFiXPbRSF1
20W8dttFWHjbRfB520WJe9tFI33bRbx+20VWgNtF8IHbRYeD20UhhdtFvIbbRVaI20XuidtF
h4vbRSGN20W8jttFVpDbRe6R20WJk9tFI5XbRbyW20VWmNtF8JnbRYmb20UhndtFup7bRVSg
20XwodtFh6PbRSOl20W6pttFVKjbRe6p20WJq9tFIa3bRbqu20VWsNtF7rHbRYmz20UjtdtF
urbbRVS420XuudtFibvbRSG920W8vttFVMDbRfDB20WHw9tFIcXbRbrG20VWyNtF7snbRYnL
20UhzdtFus7bRVTQ20Xw0dtFidPbRSHV20W81ttFVtjbRfDZ20WH29tFId3bRbze20VW4NtF
7uHbRYfj20Uj5dtFuubbRVTo20Xu6dtFh+vbRSHt20W67ttFVPDbRe7x20WH89tFI/XbRbz2
20VU+NtF8PnbRYn720Uh/dtFuv7bRVYA3EXuAdxFhwPcRSEF3EW6BtxFVgjcRe4J3EWJC9xF
IQ3cRboO3EV5ENxF7hHcRYcT3EUhFdxFvBbcRVQY3EXuGdxFhxvcRSMd3EW6HtxFVCDcRe4h
3EWHI9xFISXcRbom3EVUKNxF8CncRYcr3EUjLdxFui7cRVYw3EXuMdxFhzPcRSM13EW8NtxF
VjjcRfA53EWHO9xFIz3cRbw+3EVWQNxF8EHcRYlD3EUhRdxFukbcRVRI3EXuSdxFiUvcRSFN
3EW8TtxFVFDcRe5R3EWHU9xFI1XcRbpW3EVUWNxF7lncRYdb3EUjXdxFul7cRVZg3EXwYdxF
h2PcRSFl3EW6ZtxFVmjcRe5p3EWJa9xFI23cRbpu3EVUcNxF7nHcRYdz3EUhddxFvHbcRVR4
3EXwedxFh3vcRSN93EW6ftxFVIDcRfCB3EWJg9xFI4XcRbyG3EVUiNxF8IncRYmL3EUhjdxF
uo7cRVSQ3EXukdxFh5PcRSGV3EW8ltxFVJjcRe6Z3EWJm9xFIZ3cRbqe3EVWoNxF7qHcRYej
3EUjpdxFuqbcRVSo3EXuqdxFh6vcRSOt3EW6rtxFqLDcRe6x3EWHs9xFI7XcRbq23EVWuNxF
7rncRYe73EUhvdxFur7cRVTA3EXuwdxFh8PcRSPF3EW8xtxFVMjcRe7J3EWJy9xFIc3cRbrO
3EVU0NxF7tHcRYfT3EUh1dxFutbcRVTY3EXu2dxFh9vcRSHd3EW63txFVuDcRe7h3EWH49xF
IeXcRbrm3EVW6NxF7uncRYfr3EUj7dxFuu7cRVTw3EXu8dxFifPcRSH13EW69txFVvjcRfD5
3EWH+9xFIf3cRbr+3EVUAN1F7gHdRYcD3UUhBd1FugbdRVQI3UXwCd1FhwvdRSMN3UW6Dt1F
VBDdRfAR3UWJE91FIxXdRboW3UVUGN1F7hndRYcb3UUjHd1Fuh7dRVQg3UXwId1FhyPdRSMl
3UW6Jt1FVCjdRe4p3UWHK91FIy3dRbou3UVWMN1F8DHdRYcz3UUhNd1FujbdRVY43UXwOd1F
hzvdRSM93UW6Pt1FVEDdRfBB3UWHQ91FIUXdRbxG3UVUSN1F8EndRYdL3UUhTd1FvE7dRZNQ
3UXuUd1FiVPdRSFV3UW6Vt1FVFjdRe5Z3UWHW91FI13dRbxe3UVUYN1F8GHdRYlj3UUjZd1F
vGbdRVZo3UXuad1Fh2vdRSNt3UW6bt1FVHDdRfBx3UWHc91FI3XdRbx23UVUeN1F7nndRYl7
3UUjfd1Fun7dRVaA3UXugd1Fh4PdRSGF3UW8ht1FVojdRe6J3UWHi91FIY3dRbqO3UVUkN1F
8JHdRYeT3UUjld1FupbdRVSY3UXumd1Fh5vdRSGd3UW8nt1FVKDdRe6h3UWJo91FIaXdRbqm
3UVWqN1F7qndRYmr3UUhrd1Fuq7dRVSw3UXusd1FibPdRSG13UW6tt1FVLjdRe653UWHu91F
Ib3dRby+3UVUwN1F8MHdRYfD3UUhxd1FusbdRVbI3UXwyd1FicvdRSPN3UW8zt1FVNDdRe7R
3UWH091FIdXdRbrW3UVW2N1F7tndRYnb3UUj3d1Fut7dRVTg3UXw4d1Fh+PdRSHl3UW65t1F
VOjdRe7p3UWH691FIe3dRbru3UV98N1F7vHdRYnz3UUh9d1FvPbdRVb43UXu+d1FifvdRSH9
3UW8/t1FVADeRfAB3kWHA95FIQXeRbwG3kVWCN5F7gneRYcL3kUhDd5Fug7eRVQQ3kXwEd5F
iRPeRSEV3kW6Ft5FVhjeRfAZ3kWHG95FIR3eRboe3kVWIN5F8CHeRYkj3kUhJd5FvCbeRVQo
3kXuKd5FiSveRSEt3kW6Lt5FVjDeRe4x3kWHM95FITXeRbw23kVWON5F7jneRYc73kUhPd5F
uj7eRVRA3kXuQd5Fh0PeRSFF3kW6Rt5FVEjeRfBJ3kWHS95FIU3eRbpO3kVUUN5F8FHeRYdT
3kUhVd5FvlbeRVRY3kXuWd5Fh1veRSFd3kW6Xt5FVGDeRfBh3kWHY95FIWXeRbpm3kVWaN5F
8mneRYdr3kUhbd5Fum7eRVZw3kXucd5Fh3PeRSF13kW6dt5FVnjeRe553kWHe95FI33eRbp+
3kVWgN5F8IHeRYmD3kUhhd5FuobeRVSI3kXuid5Fh4veRSON3kW6jt5FaJDeRe6R3kWHk95F
IZXeRbyW3kVWmN5F7pneRYeb3kUhnd5FvJ7eRVag3kXwod5Fh6PeRSGl3kW6pt5FVqjeRfCp
3kWJq95FI63eRbyu3kVWsN5F7rHeRYez3kUhtd5FvLbeRVS43kXuud5Fh7veRSO93kW8vt5F
VMDeRfDB3kWHw95FIcXeRbrG3kVUyN5F7sneRYnL3kUjzd5Fus7eRVTQ3kXw0d5FidPeRSHV
3kW81t5FVNjeRfDZ3kWH295FId3eRbre3kVW4N5F7uHeRYfj3kUh5d5FuubeRVTo3kXy6d5F
ieveRSPt3kW67t5FVPDeRe7x3kWH895FIfXeRbr23kVW+N5F8PneRYn73kUh/d5FvP7eRVQA
30XuAd9FhwPfRSMF30W8Bt9FVgjfRe4J30WHC99FIQ3fRbwO30VUEN9F8BHfRYkT30UjFd9F
uhbfRVYY30XwGd9FhxvfRSMd30W6Ht9FVCDfRe4h30WJI99FIyXfRbom30VUKN9F7infRYcr
30UjLd9FvC7fRZYw30XuMd9FiTPfRSE130W6Nt9FVDjfRe4530WHO99FIz3fRbo+30VUQN9F
7kHfRYdD30UhRd9FukbfRVRI30XwSd9Fh0vfRSFN30W6Tt9FVlDfRfBR30WJU99FIVXfRbpW
30VWWN9F8FnfRYlb30UhXd9Ful7fRVRg30XuYd9FiWPfRSFl30W8Zt9FVmjfRe5p30WJa99F
IW3fRbxu30VUcN9F7nHfRYdz30Ujdd9FunbfRVR430Xwed9FiXvfRSF930W6ft9FVIDfRe6B
30WHg99FI4XfRbqG30VWiN9F7onfRYeL30Uhjd9Fuo7fRVaQ30Xwkd9Fh5PfRSGV30W6lt9F
VpjfRe6Z30WHm99FIZ3fRbye30VUoN9F7qHfRYej30Uhpd9FuqbfRVSo30Xuqd9FiavfRSGt
30W6rt9FVrDfRfCx30WJs99FIbXfRby230VWuN9F7rnfRYe730Uhvd9FvL7fRVTA30Xuwd9F
h8PfRSHF30W6xt9FVsjfRe7J30WHy99FIc3fRbrO30V/0N9F7tHfRYnT30Uj1d9FutbfRVbY
30Xu2d9FidvfRSHd30W63t9FVODfRe7h30WJ499FIeXfRbrm30VU6N9F7unfRYfr30Uh7d9F
uu7fRVbw30Xw8d9Fh/PfRSP130W69t9FVPjfRe7530WH+99FIf3fRbr+30VUAOBF8AHgRYkD
4EUhBeBFugbgRVYI4EXuCeBFhwvgRSEN4EW6DuBFVhDgRe4R4EWHE+BFIxXgRboW4EVUGOBF
7hngRYkb4EUhHeBFuh7gRVYg4EXuIeBFiSPgRSMl4EW6JuBFVijgRe4p4EWJK+BFIS3gRbou
4EVUMOBF8DHgRYcz4EUhNeBFvDbgRVY44EXwOeBFhzvgRSE94EW6PuBFVEDgRe5B4EWHQ+BF
IUXgRbpG4EVUSOBF8EngRYdL4EUhTeBFuk7gRVRQ4EXwUeBFh1PgRSNV4EW6VuBFVljgRe5Z
4EWHW+BFIV3gRbxe4EVWYOBF7mHgRYlj4EUhZeBFumbgRVZo4EXwaeBFh2vgRSNt4EW6buBF
a3DgRfBx4EWHc+BFIXXgRbx24EVWeOBF7nngRYl74EUjfeBFun7gRVaA4EXugeBFiYPgRSOF
4EW6huBFVIjgRfCJ4EWHi+BFI43gRbqO4EVWkOBF8JHgRYmT4EUhleBFupbgRVSY4EXumeBF
h5vgRSOd4EW6nuBFVKDgRfCh4EWHo+BFIaXgRbym4EVUqOBF7qngRYer4EUjreBFuq7gRVaw
4EXuseBFh7PgRSO14EW8tuBFVrjgRfC54EWHu+BFIb3gRbq+4EVWwOBF7sHgRYfD4EUhxeBF
vMbgRVTI4EXuyeBFh8vgRSHN4EW6zuBFVtDgRfDR4EWJ0+BFIdXgRbzW4EVU2OBF7tngRYfb
4EUh3eBFut7gRVTg4EXu4eBFh+PgRSHl4EW65uBFVOjgRe7p4EWJ6+BFI+3gRbru4EVW8OBF
7vHgRYnz4EUh9eBFuvbgRVT44EXu+eBFh/vgRSP94EW6/uBF</AssayXData><AssayYData Points="900">tGi3QDiOt0APvbdA/QC4QBH4t0BhHbhAfSi4QCgbuEDEQrhAWim4QFBNuECvLrhAS1G4QI1J
uEBQYrhAWnu4QPJguED3RLhAEV64QGtZuEBPYLhAxFm4QBVauECyT7hAimC4QGFZuEDHW7hA
P1m4QFRmuEBZS7hAr4q4QEOCuED4abhAilK4QH56uEDwc7hA7464QLyEuED5bbhAgIu4QC6h
uEBlbbhAlnO4QFOHuEAThrhA6U24QKeOuEAEl7hAiKe4QOaLuEBkjLhAbp24QO19uEA6sbhA
h5C4QPB1uEAslLhAJq24QMWAuEB6lLhA4Je4QLR0uEClirhAd6u4QGGmuECDsLhA1764QJvj
uECmrbhAo6K4QCmguEAtuLhAssK4QAaquEBIlLhAvJW4QKasuEAvwrhAQZG4QAfCuECPqLhA
Pp+4QHDcuEC/rbhAt7W4QInDuEBN1bhA9M24QArcuECm0rhA4d+4QFTouEDBArlAyKu4QOvw
uEBa9bhAPa+4QCPruEDxyLhAPdm4QKjduEA627hApdu4QKTkuEDO4rhARvm4QDO+uED54LhA
19K4QMThuEBR3rhAXda4QFLQuEC9+7hAUu64QCrauEDy1rhA0+S4QH0GuUA/6rhA5ua4QJvy
uEAy5rhAQ/e4QGPxuEAc9bhA/QG5QET1uECG5LhAgwq5QHYVuUCGzbhAtg65QJ8BuUBcAblA
1fq4QKIzuUAX37hA7v64QNI8uUC9DrlA+yC5QCcVuUDk87hASwC5QFUWuUDRC7lAMSy5QJYY
uUDtPLlAFAa5QMYauUDRL7lALRG5QLAKuUBzL7lAdQG5QOLsuEAlH7lAWiW5QJoCuUBgN7lA
fSi5QFwouUBiJLlArjm5QAZMuUDxE7lA/U65QDEAuUDWD7lAkTO5QIoAuUClFblA6lK5QL06
uUBuL7lAhzy5QElOuUA1R7lAcjG5QHtKuUCwLrlAbxu5QJAjuUAVQblA4j25QNVQuUCOQblA
3U+5QH1nuUBySrlAFEm5QK5TuUCvQLlATWS5QIU1uUCpL7lA00y5QMx3uUAPPblAWGG5QE0t
uUAQPblAH0S5QLhiuUAaW7lAGlS5QK1cuUCMS7lAy3i5QDxcuUCVTblAzmG5QHEluUCIaLlA
a2i5QKxfuUCVarlAX4e5QIB9uUDmc7lAk3S5QKFauUB4VrlAhIm5QP95uUBYerlAU2i5QK2T
uUCJVrlAu5y5QEx6uUBxdrlAP3K5QN16uUDVfrlALJa5QF+VuUCUVrlArWW5QK9/uUCXjblA
emi5QLaMuUAlpLlAO325QM2GuUCRsLlAXJK5QMZ2uUCClblAm4+5QA6LuUARgrlARI25QPZ1
uUDipLlAqG25QMd1uUBun7lA/LO5QPmauUDDu7lAlIa5QN58uUA3gLlA5Yy5QGybuUBPjblA
1pm5QMmCuUCggrlA8qe5QLKJuUAVpLlADbW5QLqFuUAEtblASJe5QH+euUBwh7lAkrS5QB2y
uUA7ublAk9G5QK2puUBUr7lAvM65QPWvuUBSq7lAAKa5QKfPuUAPlrlAUbS5QMXCuUBFtLlA
fMm5QPjKuUAQp7lAvKW5QOe8uUDSwrlAQqi5QFe3uUA+6rlA5N65QH/xuUDUyblAvM25QK3L
uUBCu7lAquq5QDnHuUC20rlA/sq5QPLQuUCE47lAw8e5QODguUD+yLlAJNa5QK7EuUDl77lA
EgS6QFzhuUCt4LlAs8C5QMT2uUCa4rlAhdy5QBfmuUBy8rlAGvq5QOfduUAu2rlA4dS5QEr1
uUB+47lAZt+5QDYPukAP2rlAtu+5QNnguUDk1rlACwi6QMEhukDa/blA9ey5QG/quUA9/rlA
rfC5QCfyuUDVHbpAbPy5QED8uUDL+LlAu9O5QI8RukBbGLpAtkG6QC3VuUCTB7pAiBm6QFvT
uUDrGbpAThO6QH/euUCNIrpAoxu6QMoYukAELrpALBm6QDkHukDFIrpAVBm6QFz9uUDwILpA
FSW6QGY/ukDPEbpAPSa6QCkbukBoALpAfR26QLcNukCfB7pAxw66QBMLukAWMrpAUhu6QLwg
ukB1KLpA0iG6QHAOukAxLbpA2Ry6QKhKukBmIrpAuPO5QPAPukA4ILpAsAO6QIYXukArMLpA
JxW6QAUwukCnNrpAOSG6QN4jukCeRbpAaEW6QOknukClUrpA0Ui6QEAZukAqJrpAcka6QBwq
ukAbCbpAR0a6QHMhukBiR7pAWUi6QJ0uukAPJrpApkS6QAAvukA2PbpADXq6QN9VukBDQ7pA
ulW6QBQzukBRKbpAEkK6QOlSukAuO7pAMW+6QKtCukA1Q7pAA126QBxAukCfS7pA2066QCpW
ukDfbbpAiE+6QCNrukCIYrpAzD66QKRbukAMZLpAzmK6QOlmukD8V7pAcku6QL2BukCYZbpA
Sk26QMtiukClU7pA44q6QMhQukBzhLpAHUm6QCJSukAOcLpA5VG6QLpeukB8e7pAlYe6QFVf
ukCpd7pAiJi6QMRjukDvYbpAt3a6QA9qukDWWrpANo66QGx1ukB+g7pAE4O6QCJnukA7UbpA
FJG6QEF0ukBGirpAGJS6QASpukDvi7pAj2W6QIaOukBwebpAzYu6QFOOukDUmLpAEWy6QC93
ukAEmrpAa2K6QAmEukBdqrpA+JC6QD+kukCPdLpAgqG6QOJsukCAnLpAz3u6QBB+ukAcqLpA
RXG6QGR/ukAMrrpAipm6QJmKukCDg7pAgJ66QNt9ukDGmLpAcaK6QFaEukAzhLpAXJ+6QOCW
ukAvprpAraW6QDKfukAdnLpAUbu6QHWIukCPhbpAq8S6QBFuukAjs7pA+aq6QNauukDYeLpA
mJS6QE+9ukDes7pAeLS6QMWlukAvdrpARMW6QJ+wukCqkrpAiLO6QFqSukDjnbpA28e6QP2P
ukAQuLpA3pi6QDqtukBom7pAtc+6QImvukC/xLpAm4q6QITJukD40rpAY626QAG0ukBMrbpA
WKa6QMquukAWubpAYMC6QCezukAZvrpAVOe6QIHMukCItLpAC6u6QMW2ukDE8LpAe6m6QJ3X
ukDbzbpAnea6QOa5ukCZ2LpATs66QATEukDho7pAkqe6QDzOukCnp7pAsOe6QOrKukAOxLpA
Xca6QKfgukC48bpAas66QMe1ukAOrbpAu6S6QObmukBpv7pA8Nm6QBekukCJ7rpAv726QGTW
ukD007pAPO+6QKj8ukAx3bpAY/W6QAHUukCVzLpAYOi6QOfaukBG97pACMy6QI7ZukBq+rpA
ROm6QBzUukAG4LpA1e+6QIriukC6tLpAxPG6QI3RukCI37pAdt+6QPQKu0Co17pA8x+7QPIG
u0Dh8LpASAW7QBf2ukC94bpA3+O6QGE3u0D8/bpAshC7QLn8ukA427pAA9C6QH7sukAWBbtA
jve6QLTZukA3QbtAcse6QC0Iu0B747pAUw+7QHkSu0BdELtA5+a6QNjSukDQMrtAtRC7QGME
u0CgFrtAvxm7QJP9ukD8FrtA1vm6QEsUu0DvLLtAzCS7QCQLu0ArFbtAUgS7QG/1ukAL97pA
XvO6QO8Fu0AkJLtAauy6QBn4ukB+FLtA9yq7QKUIu0CJ+LpAEQa7QDIZu0B3ErtAqfy6QB0D
u0C1ILtAshi7QMwyu0DEMbtA5Am7QE4zu0AnHbtAuge7QDglu0B3KLtAFyS7QLxVu0BNIbtA
OxS7QGs6u0CdBrtA7RC7QH1Lu0CVNbtAfhe7QBMbu0DzDbtAFCe7QFcfu0CRKLtA9B67QHc8
u0AGTbtAbBq7QME5u0AGN7tArzm7QMYYu0C5OrtAQky7QM4wu0BvG7tAWC+7QBkKu0BPSLtA
Giy7QPkju0AnULtAgSq7QLg3u0AXNrtANEC7QF8du0BiMbtAuju7QDkqu0AhBrtAty27QLAd
u0DtTLtAsTS7QFBQu0DEGbtAvn67QGdUu0B8RbtAIym7QFRdu0AYT7tA/z67QME0u0BpWbtA
yUy7QNtQu0ARULtACIi7QCpju0CTX7tAnDu7QI1Ru0AbV7tAM0m7QCBQu0AFV7tAJG67QKA9
u0DPRrtAMm67QKNPu0ADLrtAFlq7QDJzu0BWPbtA62a7QExYu0BtLbtAHWC7QIJhu0Dhb7tA
O4O7QIsqu0AaVbtADG67QLpXu0DWgbtAdW67QP5Uu0AFRLtAnWi7QPBku0DNTLtAO1O7QO6C
u0BeX7tA2GO7QItvu0AzSbtAul67QCttu0DUULtArFe7QCxxu0CeWrtA1Vy7QGOEu0ArWrtA
eZS7QEZuu0BdXLtATHO7QONwu0CKYbtAylS7QOh6u0AFpLtAB0e7QOB5u0D+f7tAAVq7QH1n
u0AMnbtABJK7QNoyu0Cad7tAQJS7QO5Au0CrgrtAAo67QCpIu0Bwf7tABXC7QFGJu0BOi7tA
wHy7QDxau0ABirtA/4C7QHSMu0ADYLtAa3y7QDCAu0DobrtA6427QNlku0CngrtA8WS7QCum
u0AtfrtA8X27QGOfu0AcmrtATZ27QF2ju0Dke7tAAYK7QK2Hu0AppbtAl3i7QCCOu0DAkbtA
zY27QMlju0ACkrtAG5K7QNemu0D1krtAV3+7QDiHu0BvvLtAyYq7QItuu0C9rLtAR5C7QOyx
u0CXmrtAfGK7QFeQu0D4mrtArpi7QN91u0CGnLtAM4e7QJyRu0BMkbtAZJ27QDR9u0D6grtA
EKC7QM2hu0DpwbtAWZC7QLCQu0CVlbtAipK7QN/Cu0D0irtA</AssayYData></Step><Step><CommonData><SampleLocation>3</SampleLocation><SampleID>Octet Buffer</SampleID><SampleGroup></SampleGroup><SampleInfo></SampleInfo><SampleRow>I</SampleRow><SamplePlate>1</SamplePlate><WellType>BUFFER</WellType><Concentration>-1</Concentration><ConcentrationUnits>µg/ml</ConcentrationUnits><MolarConcentration>-1</MolarConcentration><MolarConcUnits>nM</MolarConcUnits><MolecularWeight>0</MolecularWeight><Temperature>30</Temperature><StartTime>8195114</StartTime><AssayTime>300</AssayTime></CommonData><FlowRate>1000</FlowRate><StepType>DISASSOC</StepType><StepName>Dissociation</StepName><StepStatus>OK</StepStatus><ActualTime>300.001</ActualTime><CycleTime>0.2</CycleTime><AssayXData Points="1500">VADhRe4B4UWHA+FFIwXhRbwG4UVUCOFF8AnhRYcL4UUhDeFFvA7hRVQQ4UXwEeFFiRPhRSEV
4UW6FuFFVBjhRe4Z4UWHG+FFIx3hRboe4UVWIOFF7iHhRYcj4UUhJeFFuibhRVQo4UXuKeFF
iSvhRSMt4UW8LuFFVDDhRfAx4UWHM+FFITXhRbo24UVWOOFF7jnhRYc74UUjPeFFvD7hRVZA
4UXuQeFFh0PhRSNF4UW8RuFFVEjhRe5J4UWHS+FFIU3hRbpO4UVWUOFF7lHhRYdT4UUjVeFF
vFbhRVZY4UXwWeFFh1vhRSNd4UW6XuFFVGDhRe5h4UWHY+FFIWXhRbpm4UVWaOFF7mnhRYdr
4UUhbeFFvG7hRVZw4UXwceFFh3PhRSN14UW6duFFVnjhRe554UWJe+FFI33hRbp+4UVUgOFF
7oHhRYmD4UUjheFFvIbhRVSI4UXuieFFiYvhRSGN4UW8juFFVpDhRe6R4UWHk+FFIZXhRbyW
4UVUmOFF8JnhRYeb4UUhneFFvJ7hRVag4UXwoeFFh6PhRSOl4UW8puFFVqjhRe6p4UWHq+FF
I63hRbqu4UVUsOFF7rHhRYmz4UUjteFFurbhRVS44UXwueFFh7vhRSG94UW8vuFFVsDhRe7B
4UWJw+FFIcXhRbrG4UVUyOFF7snhRYnL4UUhzeFFvM7hRVbQ4UXw0eFFidPhRSHV4UW81uFF
VNjhRe7Z4UWJ2+FFId3hRbre4UVU4OFF8OHhRYfj4UUj5eFFvObhRVTo4UXu6eFFh+vhRSPt
4UW67uFFVPDhRfDx4UWH8+FFIfXhRbr24UVW+OFF7vnhRYf74UUh/eFFuv7hRVQA4kXuAeJF
hwPiRSMF4kW6BuJFVAjiRe4J4kWJC+JFIw3iRboO4kVWEOJF7hHiRYcT4kUhFeJFvBbiRVYY
4kXwGeJFhxviRSEd4kW6HuJFViDiRe4h4kWJI+JFISXiRbwm4kVWKOJF8iniRYcr4kUhLeJF
ui7iRVQw4kXuMeJFhzPiRSE14kW8NuJFVDjiRe454kWJO+JFIz3iRbw+4kVUQOJF8EHiRYdD
4kUhReJFukbiRVRI4kXwSeJFiUviRSFN4kW6TuJFVlDiRe5R4kWHU+JFI1XiRbpW4kVUWOJF
7lniRYdb4kUhXeJFul7iRVRg4kXuYeJFh2PiRSFl4kW8ZuJFVGjiRe5p4kWJa+JFIW3iRbxu
4kVUcOJF7nHiRYlz4kUhdeJFunbiRVZ44kXueeJFiXviRSF94kW6fuJFVoDiRe6B4kWHg+JF
IYXiRbyG4kVUiOJF7oniRYeL4kUhjeJFuo7iRVaQ4kXukeJFh5PiRSOV4kW6luJFVJjiRfCZ
4kWHm+JFI53iRbye4kVUoOJF8KHiRYej4kUhpeJFvKbiRVao4kXwqeJFiaviRSGt4kW8ruJF
VLDiRe6x4kWHs+JFIbXiRbq24kVYuOJF8LniRYe74kUhveJFvL7iRVTA4kXuweJFh8PiRSHF
4kW6xuJFVsjiRfDJ4kWJy+JFIc3iRbzO4kVU0OJF8NHiRYfT4kUh1eJFutbiRVTY4kXu2eJF
h9viRSHd4kW63uJFVODiRfDh4kWH4+JFI+XiRbrm4kVW6OJF8OniRYfr4kUj7eJFuu7iRVTw
4kXu8eJFifPiRSP14kW69uJFVPjiRfD54kWH++JFIf3iRbz+4kVUAONF7gHjRYcD40UhBeNF
ugbjRVQI40XuCeNFiQvjRSEN40W8DuNFVBDjRe4R40WHE+NFIRXjRbwW40VWGONF8BnjRYcb
40UjHeNFvB7jRVQg40XuIeNFiSPjRSEl40W6JuNFVCjjRe4p40WJK+NFIS3jRbwu40VUMONF
7jHjRYcz40UhNeNFujbjRVY440XuOeNFiTvjRSE940W8PuNFVkDjRe5B40WJQ+NFI0XjRbxG
40VUSONF8EnjRYlL40UjTeNFvE7jRVRQ40XuUeNFh1PjRSFV40W6VuNFVFjjRe5Z40WJW+NF
I13jRbpe40VUYONF8GHjRYdj40UhZeNFvGbjRVZo40XuaeNFiWvjRSNt40W6buNFVnDjRe5x
40WJc+NFI3XjRbp240VWeONF7nnjRYd740UlfeNFun7jRVSA40XugeNFh4PjRSGF40W6huNF
VIjjRfCJ40WHi+NFIY3jRbyO40VUkONF7pHjRYmT40UhleNFupbjRVaY40XwmeNFiZvjRSGd
40W8nuNFVKDjRfCh40WJo+NFIaXjRbqm40VWqONF7qnjRYer40UhreNFvK7jRVaw40XuseNF
ibPjRSG140W6tuNFVrjjRe6540WHu+NFIb3jRbq+40VWwONF7sHjRYfD40UhxeNFvMbjRVbI
40XuyeNFh8vjRSHN40W8zuNFVNDjRe7R40WJ0+NFIdXjRbzW40VU2ONF7tnjRYfb40Uj3eNF
ut7jRVTg40Xu4eNFiePjRSPl40W65uNFVOjjRe7p40WH6+NFIe3jRbru40VU8ONF7vHjRYnz
40Uh9eNFuvbjRVb440Xu+eNFh/vjRSH940W8/uNFVgDkRe4B5EWHA+RFIQXkRboG5EVUCORF
8AnkRYcL5EUhDeRFvA7kRVQQ5EXwEeRFiRPkRSEV5EW6FuRFVBjkRe4Z5EWHG+RFIx3kRboe
5EVUIORF7iHkRYkj5EUhJeRFuibkRVYo5EXwKeRFiSvkRSEt5EW6LuRFVDDkRe4x5EWHM+RF
ITXkRbo25EVWOORF8DnkRYk75EUhPeRFvD7kRVRA5EXuQeRFh0PkRSNF5EW6RuRFVEjkRfBJ
5EWHS+RFIU3kRbxO5EVUUORF7lHkRYdT5EUhVeRFulbkRVRY5EXuWeRFiVvkRSNd5EW6XuRF
VGDkRfBh5EWHY+RFIWXkRbxm5EVUaORF8GnkRYdr5EUhbeRFvG7kRVZw5EXwceRFiXPkRSN1
5EW6duRFVnjkRe555EWJe+RFIX3kRbp+5EVUgORF7oHkRYmD5EUjheRFuobkRVSI5EXuieRF
h4vkRSGN5EW6juRFVJDkRe6R5EWJk+RFI5XkRbyW5EVWmORF7pnkRYeb5EUhneRFvJ7kRVSg
5EXwoeRFh6PkRSGl5EW8puRFVqjkRe6p5EWHq+RFI63kRbqu5EVUsORF7rHkRYmz5EUjteRF
urbkRVa45EXuueRFh7vkRSG95EW6vuRFVMDkRe7B5EWJw+RFIcXkRbrG5EVUyORF8MnkRYnL
5EUhzeRFus7kRVbQ5EXu0eRFh9PkRSPV5EW81uRFVNjkRfDZ5EWH2+RFId3kRbre5EVU4ORF
7uHkRYfj5EUh5eRFuubkRVbo5EXu6eRFievkRSPt5EW67uRFVPDkRe7x5EWH8+RFIfXkRbz2
5EVW+ORF8PnkRYf75EUh/eRFuv7kRVYA5UXwAeVFiQPlRSEF5UW8BuVFVAjlRfAJ5UWHC+VF
Iw3lRboO5UVUEOVF8BHlRYcT5UUhFeVFuhblRVQY5UXuGeVFiRvlRSEd5UW6HuVFViDlRe4h
5UWHI+VFIyXlRbom5UVWKOVF7inlRYkr5UUhLeVFvC7lRVYw5UXuMeVFiTPlRSE15UW6NuVF
VjjlRe455UWJO+VFIT3lRbo+5UVWQOVF7kHlRYdD5UUhReVFukblRVRI5UXuSeVFh0vlRSFN
5UW6TuVFVFDlRfBR5UWJU+VFIVXlRbpW5UVUWOVF7lnlRYlb5UUjXeVFvF7lRVRg5UXuYeVF
h2PlRSFl5UW6ZuVFVGjlRfBp5UWHa+VFIW3lRbpu5UVUcOVF7nHlRYlz5UUjdeVFunblRVR4
5UXueeVFh3vlRSN95UW6fuVFVIDlRe6B5UWHg+VFI4XlRbyG5UVUiOVF7onlRYeL5UUhjeVF
vI7lRVaQ5UXwkeVFiZPlRSOV5UW8luVFVJjlRe6Z5UWJm+VFIZ3lRbqe5UVUoOVF8KHlRYmj
5UUhpeVFuqblRVSo5UXuqeVFh6vlRSGt5UW6ruVFVLDlRe6x5UWJs+VFIbXlRbq25UVUuOVF
7rnlRYe75UUjveVFur7lRVTA5UXuweVFh8PlRSPF5UW6xuVFVMjlRfDJ5UWHy+VFI83lRbzO
5UVU0OVF7tHlRYfT5UUh1eVFutblRVbY5UXw2eVFh9vlRSHd5UW63uVFVODlRe7h5UWH4+VF
IeXlRbrm5UVW6OVF7unlRYfr5UUh7eVFvO7lRVTw5UXu8eVFifPlRSH15UW89uVFVPjlRfD5
5UWH++VFIf3lRbr+5UVUAOZF8AHmRYcD5kUjBeZFugbmRVYI5kXuCeZFhwvmRSEN5kW8DuZF
VBDmRfAR5kWHE+ZFIRXmRboW5kVUGOZF8BnmRYcb5kUhHeZFuh7mRVYg5kXuIeZFhyPmRSMl
5kW6JuZFVCjmRe4p5kWHK+ZFIS3mRbou5kVUMOZF7jHmRYkz5kUjNeZFujbmRVQ45kXwOeZF
iTvmRSE95kW8PuZFVEDmRe5B5kWHQ+ZFIUXmRbpG5kVWSOZF7knmRYlL5kUhTeZFvE7mRVRQ
5kXuUeZFh1PmRSFV5kW8VuZFVFjmRfBZ5kWHW+ZFIV3mRbpe5kVUYOZF8GHmRYdj5kUjZeZF
umbmRVRo5kXuaeZFh2vmRSFt5kW6buZFVnDmRe5x5kWJc+ZFIXXmRb525kVWeOZF7nnmRYl7
5kUhfeZFun7mRVSA5kXugeZFiYPmRSGF5kW8huZFVIjmRe6J5kWHi+ZFI43mRbqO5kVUkOZF
7pHmRYeT5kUhleZFupbmRVaY5kXwmeZFiZvmRSOd5kW6nuZFVKDmRe6h5kWHo+ZFIaXmRbqm
5kVUqOZF7qnmRYmr5kUhreZFvK7mRVaw5kXwseZFh7PmRSG15kW8tuZFVLjmRe655kWHu+ZF
Ib3mRbq+5kVUwOZF8MHmRYnD5kUhxeZFusbmRVTI5kXwyeZFicvmRSHN5kW6zuZFVtDmRe7R
5kWH0+ZFIdXmRbzW5kVU2OZF7tnmRYnb5kUh3eZFut7mRVTg5kXu4eZFh+PmRSHl5kW65uZF
VujmRe7p5kWJ6+ZFI+3mRbzu5kVU8OZF7vHmRYfz5kUh9eZFuvbmRVb45kXu+eZFh/vmRSH9
5kW8/uZFVgDnRfAB50WHA+dFIQXnRbwG50VUCOdF7gnnRYkL50UhDedFug7nRVQQ50XuEedF
iRPnRSEV50W+FudFVBjnRfAZ50WHG+dFIx3nRbwe50VWIOdF7iHnRYkj50UhJedFuibnRVQo
50XuKedFhyvnRSEt50W6LudFVjDnRe4x50WJM+dFITXnRbo250VUOOdF7jnnRYc750UhPedF
uj7nRVRA50XwQedFh0PnRSFF50W6RudFVEjnRfBJ50WJS+dFIU3nRbpO50VUUOdF7lHnRYdT
50UhVedFulbnRVZY50XwWedFh1vnRSFd50W6XudFVmDnRe5h50WHY+dFI2XnRbpm50VUaOdF
7mnnRYdr50UhbedFum7nRVZw50XwcedFiXPnRSN150W6dudFVnjnRe5550WHe+dFIX3nRbp+
50VWgOdF7oHnRYeD50UhhedFvIbnRVSI50XwiedFiYvnRSGN50W8judFVpDnRe6R50WHk+dF
IZXnRbyW50VUmOdF7pnnRYeb50UjnedFup7nRVSg50XuoedFh6PnRSGl50W6pudFVKjnRe6p
50WJq+dFI63nRbqu50VWsOdF7rHnRYez50UjtedFvrbnRVS450XuuedFh7vnRSO950W8vudF
VMDnRfDB50WJw+dFI8XnRbzG50VUyOdF8MnnRYfL50UhzedFus7nRVbQ50Xu0edFh9PnRSHV
50W61udFVNjnRfDZ50WH2+dFI93nRbze50VU4OdF7uHnRYnj50Uh5edFvObnRVTo50Xw6edF
h+vnRSPt50W87udFVPDnRe7x50WH8+dFIfXnRbz250VW+OdF7vnnRYf750Uh/edFvP7nRVQA
6EXwAehFhwPoRSEF6EW6BuhFVgjoRfAJ6EWJC+hFIQ3oRboO6EVUEOhF8BHoRYcT6EUjFehF
uhboRVYY6EXuGehFiRvoRSMd6EW8HuhFViDoRe4h6EWJI+hFIyXoRbom6EVWKOhF8CnoRYcr
6EUhLehFui7oRVYw6EXwMehFiTPoRSE16EW6NuhFVjjoRe456EWJO+hFIz3oRbw+6EVUQOhF
8EHoRYdD6EUhRehFvEboRVRI6EXuSehFh0voRSNN6EW8TuhFVFDoRe5R6EWHU+hFIVXoRbxW
6EVUWOhF7lnoRYdb6EUhXehFvF7oRVRg6EXwYehFiWPoRSNl6EW8ZuhFVGjoRe5p6EWJa+hF
I23oRbpu6EVUcOhF7nHoRYdz6EUjdehFunboRVR46EXueehFiXvoRSN96EW6fuhFVIDoRe6B
6EWHg+hFIYXoRbqG6EVWiOhF8InoRYmL6EUhjehFuo7oRVSQ6EXwkehFiZPoRSOV6EW8luhF
VJjoRe6Z6EWHm+hFIZ3oRbqe6EVUoOhF7qHoRYej6EUhpehFuqboRVSo6EXuqehFh6voRSGt
6EW6ruhFVLDoRfCx6EWHs+hFI7XoRbq26EVWuOhF7rnoRYm76EUhvehFvL7oRVbA6EXwwehF
h8PoRSPF6EW6xuhFVMjoRe7J6EWJy+hFI83oRbrO6EVW0OhF7tHoRYnT6EUh1ehFvNboRVbY
6EXu2ehFh9voRSHd6EW63uhFVODoRfDh6EWJ4+hFIeXoRbzm6EVW6OhF7unoRYnr6EUj7ehF
uu7oRVTw6EXu8ehFh/PoRSH16EW89uhFVPjoRe756EWH++hFIf3oRbz+6EVWAOlF8AHpRYcD
6UUhBelFvAbpRVYI6UXwCelFhwvpRSEN6UW6DulFVBDpRe4R6UWHE+lFIRXpRboW6UVUGOlF
7hnpRYcb6UUhHelFvB7pRVQg6UXwIelFhyPpRSEl6UW8JulFVCjpRe4p6UWJK+lFIS3pRbou
6UVWMOlF7jHpRYkz6UUhNelFvjbpRVY46UXuOelFhzvpRSM96UW6PulFVkDpRe5B6UWJQ+lF
IUXpRbpG6UVWSOlF7knpRYdL6UUhTelFvE7pRVZQ6UXuUelFh1PpRSFV6UW6VulFVFjpRfBZ
6UWHW+lFIV3pRbxe6UVWYOlF8GHpRYdj6UUjZelFvGbpRVRo6UXuaelFh2vpRSNt6UW6bulF
VHDpRe5x6UWHc+lFI3XpRbp26UVUeOlF8HnpRYd76UUhfelFun7pRVSA6UXugelFh4PpRSOF
6UW8hulFVojpRfCJ6UWJi+lFIY3pRbyO6UVWkOlF7pHpRYmT6UUhlelFupbpRVSY6UXwmelF
iZvpRSGd6UW8nulFVKDpRe6h6UWJo+lFIaXpRbym6UVWqOlF7qnpRYer6UUhrelFuq7pRVSw
6UXwselFh7PpRSG16UW6tulFVrjpRe656UWJu+lFIb3pRby+6UVUwOlF8MHpRYfD6UUjxelF
usbpRVTI6UXwyelFh8vpRSHN6UW8zulFVtDpRe7R6UWJ0+lFIdXpRbrW6UVW2OlF8NnpRYnb
6UUh3elFut7pRVbg6UXu4elFiePpRSPl6UW+5ulFVujpRfDp6UWH6+lFI+3pRbru6UVU8OlF
7vHpRYfz6UUj9elFuvbpRVT46UXu+elFh/vpRSP96UW8/ulFVgDqRe4B6kWHA+pFIwXqRboG
6kVWCOpF7gnqRYcL6kUhDepFug7qRVQQ6kXwEepFiRPqRSMV6kW6FupFVBjqRe4Z6kWHG+pF
Ix3qRboe6kVUIOpF8CHqRYcj6kUhJepFvCbqRVQo6kXuKepFiSvqRSEt6kW6LupFVjDqRfAx
6kWHM+pFIzXqRbo26kVUOOpF7jnqRYk76kUhPepFuj7qRVZA6kXuQepFiUPqRSNF6kW6RupF
VkjqRe5J6kWJS+pFIU3qRbpO6kVUUOpF8FHqRYlT6kUhVepFvFbqRVRY6kXuWepFh1vqRSNd
6kW8XupF</AssayXData><AssayYData Points="1500">fLS6QLLyukDe97pAg+26QOjgukDmHbtA9Ri7QIbmukC+8rpAmwK7QHMWu0Ar6bpAwBO7QNgT
u0DpIbtAjCq7QAYEu0CdJLtA5wy7QDUiu0COIbtA8ve6QJwKu0BLJ7tAJRi7QHnxukDxMbtA
ZC67QClDu0CVG7tAZCS7QNJGu0DSLbtAeCi7QB9qu0A5JbtAOxG7QBY/u0B6HbtA+ja7QFAL
u0DqIbtAqRi7QL0pu0DtQbtAKSG7QHFGu0COU7tAwEC7QL5Lu0DZRLtAJke7QMxGu0BoRbtA
7z+7QDtcu0DeRbtAwCO7QNc7u0BKQLtA40q7QIRCu0CNPbtAOky7QPAlu0BSPbtALii7QIUF
u0AnOrtAL027QJdQu0D+MrtAO1m7QNFFu0BAMbtA6lS7QPI4u0DEPrtA+WS7QF5Bu0AVV7tA
jTC7QJdPu0AHP7tA4Va7QIpQu0CXOLtARlW7QNxHu0DDZLtAa2C7QHpdu0DKGbtAdUq7QK9A
u0AEP7tAYGG7QKBYu0CQPbtARUi7QKozu0DjNLtA60+7QIBLu0Bpd7tAHlS7QEBdu0CrLLtA
v1G7QOpPu0BAcbtAnlG7QKNku0BVWbtA0Ga7QK1Tu0Cua7tAEWu7QGE5u0DWWbtAcl+7QJRN
u0BOZbtANVa7QI44u0DiPbtAFG27QCJZu0DBYbtAV0C7QIlSu0BMZrtAv3K7QFFZu0CrV7tA
M2e7QLmDu0BpVLtA+V+7QEZvu0B1NrtATEW7QE5Yu0AOa7tAsla7QAhSu0CaZbtARV27QN6E
u0AdYLtA20O7QGhou0Ded7tAYD27QC91u0DeV7tAdmO7QCZbu0C1drtAL1u7QN5pu0B4TrtA
8FS7QCttu0AXartA3lK7QCdUu0DoSrtAeoG7QPhZu0BMirtALYO7QNlOu0DLZbtAulC7QHVw
u0ArWrtAsVq7QKhiu0CoZLtAMIi7QDR0u0CyULtAame7QA9qu0CIU7tAkYC7QE9yu0CKY7tA
EIK7QBJ3u0AmYrtA4US7QBFZu0BWVrtAKG27QJB3u0ASY7tAMHi7QBxLu0DPdrtAJGe7QL5e
u0CgcLtA9Ve7QPuEu0BteLtAd2u7QDhOu0BRfbtAsmy7QFGHu0CsibtA0mO7QOFxu0BwcrtA
K3O7QMyGu0CPfbtA1Vm7QDh4u0CxebtA33i7QDo9u0B4XLtAm4i7QJFZu0C8lLtA2Xu7QC9n
u0D5Z7tAWHy7QIdSu0BCX7tADXm7QB9cu0A3bLtAgIe7QIF7u0AafbtA2ma7QPh1u0DujLtA
IYC7QONzu0BlbLtAjm27QMVqu0Drc7tAwoG7QCF7u0CDd7tA3ny7QGSNu0B3a7tAcmK7QL9Z
u0CQmLtAqGO7QBt9u0DmfbtA6JO7QFGTu0A1frtAOYq7QCZ9u0BagrtA9Fy7QKp+u0CvfLtA
Cqa7QPdTu0BDjbtAmXi7QGVOu0Dmm7tArIi7QFV8u0DmnLtAco27QPpru0ArdLtA1HW7QKdg
u0CMZLtA/pO7QKZ5u0Ati7tAG5+7QKKvu0CegLtA8367QBR8u0DNbrtAYG27QPKVu0BBgbtA
Cay7QAaLu0BLb7tAaoq7QOm7u0DSh7tAgmK7QMmCu0CAmLtAgIe7QAiSu0CsdrtAH3u7QNWD
u0CelLtAOKu7QKGYu0BWdLtAKI+7QD5mu0ABlLtAw3W7QIOLu0CTiLtADnS7QNF6u0BymLtA
/pW7QIqOu0BXq7tAY3e7QMZ0u0D0irtA+XO7QLh3u0Cop7tACbW7QHV+u0BgYrtAeX27QKGv
u0AAgrtAdaa7QAKDu0AXYrtAcJi7QIp6u0DcdrtAl3S7QFSSu0APj7tA53K7QJ6cu0BjdLtA
rpK7QPiKu0ADhLtAx3i7QFKRu0D1qLtAl4q7QNiYu0Dta7tAOoi7QGmAu0C6q7tAy4u7QAqM
u0CmtrtAq1a7QB2Lu0ABpLtAiI27QA6Mu0DNtrtAnYu7QImYu0CQo7tAVaO7QKp9u0BanbtA
CYG7QOySu0BwmrtA/bK7QMSKu0BcmLtAX6W7QBeUu0CHjLtAIa67QAaGu0AiertAMKm7QIiR
u0DcbrtA/cu7QMeLu0CFhLtAfoK7QDfeu0ASZ7tASbC7QFqQu0AyfLtAAIm7QDyyu0DaqbtA
f4+7QISwu0Cso7tAZ567QJKeu0D/ertAK5O7QFaXu0AGortAWai7QNSeu0BdrbtAhHW7QKet
u0CXpbtA9367QNSwu0Cls7tAgpu7QCWlu0Cop7tAiMe7QH2nu0AepLtArJu7QLWku0B/i7tA
tZC7QEqWu0DYq7tA4aC7QKWpu0Dbo7tARZ67QDqWu0DGrLtAYbW7QL+ju0DQaLtAsYu7QNKX
u0CNmbtArLS7QFaqu0Dsu7tAn8m7QHmIu0C+tbtApqW7QO6xu0BImbtAl4u7QDOfu0CfrLtA
Pqi7QLWuu0DHpLtA0Ze7QBWyu0B9t7tAVIu7QOSmu0B3lrtAHZW7QAu0u0DunrtA7KC7QPuI
u0A1v7tAdpu7QJWmu0D4xrtAUpe7QGibu0B4q7tAv6i7QP2Xu0Bb0rtAn6a7QE/Qu0BEpbtA
4ae7QKe4u0Dnm7tAj5K7QGuhu0CZnrtAqtq7QPW1u0CipbtA+sC7QL3Eu0CIlbtAzZa7QJ+v
u0AelrtAqs+7QDGlu0AOwLtA/aq7QCiuu0Crr7tA4bG7QCmWu0BKortAc527QLO/u0Co27tA
PtS7QJ6cu0AztrtAGbm7QOnUu0DA0btA9Y67QMWmu0AS1LtA6bK7QMWSu0CA57tAR7y7QBex
u0DfwbtAjqu7QIKcu0AxxbtAxci7QEGmu0CCxbtAcra7QKTKu0DNurtANc+7QNnGu0BYpbtA
fL27QM6Fu0CcqrtAPMW7QO3Iu0AqyrtA8cG7QC6cu0BCy7tAFM27QEXPu0CLvLtAab27QNDd
u0D3r7tArIq7QHK1u0BHortAsr67QEH0u0C/3btAr8K7QMzou0A847tAyZy7QNeou0BBxLtA
edq7QL+vu0C+07tAZqi7QF+8u0Bs07tAha67QEqiu0BA7btAFs+7QMfAu0DYybtActe7QG+y
u0Bsz7tAfs67QHDOu0DrzbtA18K7QCTKu0DpvrtANp67QF6zu0D90btAMda7QDzFu0D9krtA
9aa7QLqtu0AgzbtAQvS7QIvFu0Ah0rtAaru7QJezu0BeprtAPNq7QJ+ku0AJnbtA+667QEPd
u0CbsLtAlcy7QFLau0Ax3btA/dO7QKTAu0DtyrtAkLi7QHzRu0B23btAi5y7QCu5u0Dux7tA
Hcu7QGu2u0Bc5rtA/sq7QLr/u0Cx4rtA+ry7QGWou0Da0btASNq7QPPGu0D37btA2sC7QBu8
u0COtbtAJOC7QHehu0B2r7tAn9G7QPjPu0A82LtAre67QKfLu0CfqLtAxtG7QDvYu0AXxLtA
m/q7QCXKu0Bg8btA2My7QAS1u0B8obtAbuu7QKviu0Ak0LtAX+K7QODHu0DMrbtAX+27QMUO
vEAAzLtAQbu7QELRu0B97LtATfW7QEbdu0DPybtAeNS7QES4u0B49rtA08i7QP6ku0BY/rtA
+tq7QBOyu0DQ/rtAy+a7QMnEu0DS6btA3Na7QIDxu0CsFbxA2Oi7QFDou0Cp5rtAlNy7QB3K
u0A/z7tADO+7QODFu0Ad1LtA5fm7QMy4u0AT2btAoOe7QOalu0DD1LtA3PG7QHrLu0CiybtA
3Mi7QD70u0Dj3rtA2Pa7QITtu0Ad5rtAWuW7QAvdu0DL6LtA9NO7QHLlu0DJ6LtANM27QHjm
u0CV+btA18y7QLoUvEBq1LtAeMa7QNXAu0AHCbxAmK67QBnou0Ap3rtAtM+7QBjMu0DOA7xA
yw68QPHju0CgubtA1vC7QObWu0D197tAPPa7QD7Mu0CA+LtAZeC7QHv2u0Dn9rtAu+67QPLA
u0Cl5rtA1gC8QA67u0DRC7xA5+y7QNnHu0Ds1LtARtK7QHfou0AY0LtAe/W7QN7ou0Bl4btA
iNG7QMj5u0CCtbtAmty7QOf8u0Bd3rtApP67QHkhvEBQw7tA2dW7QDTdu0AK87tAa+u7QKT+
u0AA3LtAl+i7QFPzu0BC3rtA/Ou7QJTIu0Bp1LtAede7QD4HvEBV5LtAYv27QCDqu0Dt87tA
2LG7QNnau0AE8rtAUgG8QBv8u0Ag9btA6gm8QFLIu0C1ArxAyCa8QJDpu0De4rtAAP27QAzY
u0AJB7xAewa8QNnvu0As9LtA7Qq8QMYEvECX1LtAzgW8QL/ku0CizbtAkAW8QDsHvEBXzbtA
1/W7QOMFvEAyA7xA2e27QBgAvEDB+btAKO67QDA0vECI4rtAxNu7QPYAvEA7CrxAUrO7QADl
u0Ai9btA0/O7QODou0BS+btAvda7QP7qu0D47LtA3O67QBn2u0DA3btAcv67QDf1u0A/+LtA
XRW8QGPNu0A43rtAwxu8QIjzu0DnE7xAAxq8QFrlu0C67btArQ28QLrau0Ds/rtAOxe8QEYV
vEDa47tAg/a7QBrMu0AH/rtAdBK8QITZu0C+CbxAhQe8QIgMvEAqCLxAcvW7QNf5u0BH6rtA
Eva7QF8DvEDv8LtA6P+7QIgZvEA04btAwQq8QL3uu0CBALxAOdy7QKIuvEDaDbxA+uy7QFcW
vEClALxAEPC7QJ/ru0CwKbxA+xO8QCodvED+5rtANv+7QMnsu0DmELxAUwa8QFTbu0AaA7xA
hwi8QE0GvEBAFrxAxfu7QGn8u0DnGLxAKOy7QMAHvEDMCrxALeS7QIYOvEAHBLxARw68QBrx
u0D76LtA4t67QDUevEDZF7xArey7QDz4u0C56LtAswq8QCTZu0AVDbxAVwa8QPsBvECT6rtA
Kfi7QPsIvEALF7xAUf27QH4tvEBZP7xA8gi8QM8uvEC8B7xANPa7QOAOvEAgGLxAO/y7QMfq
u0A+ELxAlvG7QKgHvEBxIrxAd+K7QL/0u0CkCrxAUAy8QOryu0BZF7xAESq8QPIxvED2E7xA
WDu8QMfZu0DJA7xAvAm8QLj7u0AGILxAd0G8QJEIvECX+7tAFCO8QNcLvEC0FrxAkwG8QJ41
vECHEbxAmR+8QLgcvEBy67tA6iq8QEcgvEDAPrxADRq8QLYMvEBCDLxAcRy8QFUtvEA1/rtA
yga8QBQZvEB2CrxA3/S7QNcLvEBROLxAfQK8QCwYvEAzE7xAP/67QL8XvEDlN7xATCO8QNAW
vEDDBbxAZkC8QG0OvEBRBrxAdQG8QO7Ku0BhFrxAdRq8QF79u0C8HbxA7je8QK3Vu0D8D7xA
MSK8QIgSvEC9K7xAmwW8QDgdvEAQBrxATAi8QM0fvEDIGrxAPiy8QIBMvEC2DbxAQS+8QPMR
vEARObxACTO8QJZVvECDH7xA6hO8QBsUvECbPrxAIfa7QNVKvECJJrxA1w+8QF4kvEB2KbxA
3gq8QMhPvEArHrxAeA+8QPA8vECeObxAsTW8QKUovEALCbxAwyG8QKIhvED2E7xArCa8QL8N
vECI+rtAhCG8QKwSvEDeJ7xAcRy8QI4IvEBTJ7xA4zW8QJ4AvECPKbxA0Cu8QA8ZvEAVPrxA
DS68QCQ5vEBnOLxAHhe8QFsgvEALELxAOxq8QNdVvECZDrxA5S68QLwyvEChErxA0zu8QGI7
vEDDSLxAeBK8QKRSvECSMLxAXTy8QJMgvEAzEbxAzh28QD0ovED4QrxAYx+8QAEvvECRILxA
7xy8QJIqvEC2I7xAqiW8QDU5vEAeErxA9Qy8QMDwu0CENrxA0ku8QOslvED5K7xAVDG8QDQu
vEBTMLxAWDy8QABIvEBdOrxAFS+8QDUVvEAMTLxA1ze8QDhBvEA/XbxArka8QGonvEBdN7xA
eUy8QOAyvEBORLxA7C68QDNgvEDMKrxAt0i8QMA5vECIM7xAtVO8QOI+vEC2ELxA8wy8QJNG
vEDcNrxAIB28QCVavEANHbxAryS8QNwfvEC+TLxAZQ28QB5QvED2MbxAXy+8QHwYvEDWTLxA
NSi8QLoXvEBzHrxAKxe8QDdEvEDCM7xA7C68QIglvEAwErxAGE+8QPExvECgW7xA0SG8QE0v
vEA9W7xAY0i8QHMovEB4TLxAWVq8QAlRvECiTLxASyC8QMk5vEBZM7xAKi+8QAUyvECONbxA
iF28QEwcvEDhJbxAaTm8QFZIvEDWILxAkTy8QD0svEBnLrxAfyG8QMgbvEBtYbxAfB+8QIdU
vEBmSbxAXF68QExEvEC0PrxAyiy8QIE8vED4PLxAZU+8QIhIvEBcPrxAmVW8QPtZvECHY7xA
MU68QDARvECHRLxANjW8QKozvED9OLxAijq8QBcvvEAvTbxAPTu8QBpIvED7QrxA3le8QFA8
vECOJ7xAbT68QBZPvEDrOLxARDm8QHolvEDoVrxASF68QCQvvEDVI7xA3je8QFdVvEAnS7xA
MVK8QHsvvEBNKbxApkS8QHVYvEC9I7xAOkC8QPpevECZFbxATx+8QAZAvEALFLxAWzy8QFpS
vEDAbbxAwSG8QPg2vEAlX7xAlRa8QMJIvECiQrxAWSu8QLYzvEBvNbxA0zG8QItnvEAvcrxA
kEG8QCZkvEBJULxAs0O8QBA0vEDqT7xAZj28QMNbvEDxZLxARlO8QJlPvEDUW7xAo2i8QG9H
vEDjPLxA3me8QEE8vEBLWbxAalK8QIhsvED5b7xAU128QFZ1vEBaQbxAn1m8QPw3vEAEUbxA
JES8QDN0vEDcKbxAcV+8QAV6vECIYLxA20O8QHdBvEBrarxA+Ua8QDRbvECeY7xA9Vq8QGhD
vEA5ObxAMEi8QPQvvEDRWrxAcCW8QPZbvEDwUrxAZWG8QHxjvEDidbxABTO8QNZcvEAoW7xA
yWO8QDhLvEBCW7xAVTu8QLGDvEDZibxAqXC8QDZXvEDzG7xAVUW8QDhUvEDwKbxAmle8QMRf
vEAbT7xASFK8QJp/vECOHrxAX3q8QP5xvEDaWLxA1I28QNxGvECoSrxARVW8QDZjvEAHUbxA
xki8QOtWvEBYXbxAdFe8QBw0vEB7SrxA60i8QCJPvED3XrxAMTu8QMJTvEATXrxAUli8QPh3
vEBHerxAYmC8QO9kvEBrSrxAG2e8QC53vEBXgLxAjFm8QHVLvEAieLxAW3m8QIFCvECbZbxA
Mlq8QNOCvEAETbxAr0e8QMdovECzTrxA8Ge8QJM6vEDIarxA54u8QKQtvEDnYLxAAVS8QHtJ
vEAzWLxAGlq8QBtfvEA6U7xAUWK8QOZbvEDAZbxAoI28QKpbvEAyT7xACGe8QJRvvED0bLxA
6Xi8QD94vEAtZ7xANli8QJd1vEDaZ7xATWW8QP91vEAXWbxAP1G8QEJgvEBpcbxAY2O8QOpv
vEDKYLxAOmy8QMpvvEBpjLxAO1S8QKNivEDLf7xAg2a8QEJTvEBTaLxA+Je8QF10vEDrWbxA
F0e8QNNHvECnlrxAf2S8QCV8vECaX7xAcIK8QB+IvEAOc7xA4m+8QF1gvEAwZbxAdIW8QImF
vEDQRLxAxYq8QMhgvEAGbrxAuVO8QNNovEBQZbxA2Ii8QMGBvEC4UbxAM4q8QOGAvEDUf7xA
ym28QLFyvECfgbxARlS8QDBxvEDic7xAflG8QDpxvEAQTrxA2YG8QOx/vEA5XLxAU2q8QGxu
vEDSZLxAbHO8QMlXvECSa7xAj268QHZYvEDiarxA1Ge8QNRUvEAEoLxAIn+8QHJgvEC1kbxA
1oi8QKFhvEDYerxAuJq8QBGTvEB1nrxAkmy8QO9hvEClX7xAJ3a8QBxSvEDKcLxA6j28QCWP
vEAaarxAc2y8QFp6vEBUXbxAFXy8QDSevEB3d7xAO4a8QORyvEBuYrxArX+8QEBsvEB1ebxA
vXq8QAhsvEDZsbxAtGK8QAeIvECbkLxA1Ve8QLt6vEBpYbxAnGe8QP14vEAvdLxAinC8QGly
vEBWh7xA</AssayYData></Step><Step><CommonData><SampleLocation>7</SampleLocation><SampleID>Glycine</SampleID><SampleGroup></SampleGroup><SampleInfo></SampleInfo><SampleRow>J</SampleRow><SamplePlate>1</SamplePlate><WellType>REGENERATION</WellType><Concentration>-1</Concentration><ConcentrationUnits>µg/ml</ConcentrationUnits><MolarConcentration>-1</MolarConcentration><MolarConcUnits>nM</MolarConcUnits><MolecularWeight>0</MolecularWeight><Temperature>30</Temperature><StartTime>8504312</StartTime><AssayTime>5</AssayTime></CommonData><FlowRate>1000</FlowRate><StepType>KREGENERATION</StepType><StepName>Regeneration</StepName><StepStatus>OK</StepStatus><ActualTime>4.9998</ActualTime><CycleTime>0.2</CycleTime><AssayXData Points="25">VmDqRfJh6kWJY+pFJWXqRbxm6kVWaOpF8GnqRYtr6kUjbepFvG7qRVZw6kXwcepFiXPqRSN1
6kW+dupFVnjqRfB56kWLe+pFJX3qRbx+6kVYgOpF8IHqRYmD6kUjhepFvIbqRQ==</AssayXData><AssayYData Points="25">iEf+P7Wo9D9pO/A/6nnsP1006j8bmuY/WlzjP2y64D/Ym94/ZBXcP7gF2T+XJdc/+erUP43J
0z/XbtE/CL3PPw5szT/4dcw/bFTLP8oTyj++LMg/vjPHP5VixT8a2sQ/+n3DPw==</AssayYData></Step><Step><CommonData><SampleLocation>8</SampleLocation><SampleID>PBS</SampleID><SampleGroup></SampleGroup><SampleInfo></SampleInfo><SampleRow>J</SampleRow><SamplePlate>1</SamplePlate><WellType>NEUTRALIZATION</WellType><Concentration>-1</Concentration><ConcentrationUnits>µg/ml</ConcentrationUnits><MolarConcentration>-1</MolarConcentration><MolarConcUnits>nM</MolarConcUnits><MolecularWeight>0</MolecularWeight><Temperature>30</Temperature><StartTime>8517416</StartTime><AssayTime>5</AssayTime></CommonData><FlowRate>1000</FlowRate><StepType>KREGENERATION</StepType><StepName>Regeneration</StepName><StepStatus>OK</StepStatus><ActualTime>4.9998</ActualTime><CycleTime>0.2</CycleTime><AssayXData Points="25">VojqRfCJ6kWJi+pFI43qRb6O6kVWkOpF8JHqRYmT6kUjlepFvpbqRVaY6kXwmepFiZvqRSWd
6kW+nupFVqDqRfKh6kWJo+pFJaXqRbym6kVYqOpF8KnqRYmr6kUlrepFvK7qRQ==</AssayXData><AssayYData Points="25">18+iQAhQo0A8r6NA4mCkQOhppECz0qRAuwClQHw+pUD+kaVAZq2lQP3QpUCYIqZAzOmlQJsq
pkDSU6ZAyVmmQB6XpkCmnKZAd56mQNPLpkDL3KZANO+mQAH6pkBi8aZA9RinQA==</AssayYData></Step><Step><CommonData><SampleLocation>7</SampleLocation><SampleID>Glycine</SampleID><SampleGroup></SampleGroup><SampleInfo></SampleInfo><SampleRow>J</SampleRow><SamplePlate>1</SamplePlate><WellType>REGENERATION</WellType><Concentration>-1</Concentration><ConcentrationUnits>µg/ml</ConcentrationUnits><MolarConcentration>-1</MolarConcentration><MolarConcUnits>nM</MolarConcUnits><MolecularWeight>0</MolecularWeight><Temperature>30</Temperature><StartTime>8530692</StartTime><AssayTime>5</AssayTime></CommonData><FlowRate>1000</FlowRate><StepType>KREGENERATION</StepType><StepName>Regeneration</StepName><StepStatus>OK</StepStatus><ActualTime>4.9998</ActualTime><CycleTime>0.2</CycleTime><AssayXData Points="25">VrDqRfCx6kWJs+pFJbXqRb626kVWuOpF8LnqRYm76kUjvepFvL7qRVjA6kXywepFicPqRSPF
6kW+xupFWMjqRfLJ6kWJy+pFJc3qRbzO6kVW0OpF8tHqRYnT6kUl1epFvNbqRQ==</AssayXData><AssayYData Points="25">o9bbPwJe1D955s4/QXDLP1ZEyT9n78Y/aGDFP3XWwz/zZMI/cNHAP348wD+D/74/hSe+P9xp
vT/Mwbw/zoC7P3q2uj9Q77k/9xe6P7xYuT8L77g/JiG4PybDtz/aFLc/5Qm3Pw==</AssayYData></Step><Step><CommonData><SampleLocation>8</SampleLocation><SampleID>PBS</SampleID><SampleGroup></SampleGroup><SampleInfo></SampleInfo><SampleRow>J</SampleRow><SamplePlate>1</SamplePlate><WellType>NEUTRALIZATION</WellType><Concentration>-1</Concentration><ConcentrationUnits>µg/ml</ConcentrationUnits><MolarConcentration>-1</MolarConcentration><MolarConcUnits>nM</MolarConcUnits><MolecularWeight>0</MolecularWeight><Temperature>30</Temperature><StartTime>8543927</StartTime><AssayTime>5</AssayTime></CommonData><FlowRate>1000</FlowRate><StepType>KREGENERATION</StepType><StepName>Regeneration</StepName><StepStatus>OK</StepStatus><ActualTime>4.9998</ActualTime><CycleTime>0.2</CycleTime><AssayXData Points="25">VtjqRfLZ6kWJ2+pFI93qRbze6kVY4OpF8OHqRYvj6kUl5epFvObqRVbo6kXw6epFi+vqRSPt
6kW87upFVvDqRfDx6kWJ8+pFJfXqRbz26kVY+OpF8PnqRYn76kUl/epFvP7qRQ==</AssayXData><AssayYData Points="25">5iSiQFyAokCMRKNACtKjQMHto0B2QaRAIZ2kQJmkpECk1aRACBelQCk8pUAoZ6VA352lQAa7
pUCc3aVA3uGlQEEZpkDvEqZAOUmmQMFKpkCOOKZAx52mQA6gpkAjwKZANJ6mQA==</AssayYData></Step><Step><CommonData><SampleLocation>7</SampleLocation><SampleID>Glycine</SampleID><SampleGroup></SampleGroup><SampleInfo></SampleInfo><SampleRow>J</SampleRow><SamplePlate>1</SamplePlate><WellType>REGENERATION</WellType><Concentration>-1</Concentration><ConcentrationUnits>µg/ml</ConcentrationUnits><MolarConcentration>-1</MolarConcentration><MolarConcUnits>nM</MolarConcUnits><MolecularWeight>0</MolecularWeight><Temperature>30</Temperature><StartTime>8557030</StartTime><AssayTime>5</AssayTime></CommonData><FlowRate>1000</FlowRate><StepType>KREGENERATION</StepType><StepName>Regeneration</StepName><StepStatus>OK</StepStatus><ActualTime>5.00078</ActualTime><CycleTime>0.2</CycleTime><AssayXData Points="25">VgDrRfIB60WLA+tFIwXrRbwG60VWCOtF8gnrRYkL60UlDetFvA7rRVYQ60XyEetFiRPrRSUV
60W+FutFVhjrRfIZ60WLG+tFIx3rRbwe60VWIOtF8CHrRYkj60UjJetFvibrRQ==</AssayXData><AssayYData Points="25">6vbXPxsrzz9/kco/ymTHP+UqxT+X8cM/SyPCP9VUwD/y378/5TC/P2FEvT+PNb0/hcm7P5Ff
uz8Kjro/I4y6PzUXuT+kNbk/0/S4Pz4tuD+sVLc/P2m3P/Yjtz8izbU/lQq2Pw==</AssayYData></Step><Step><CommonData><SampleLocation>8</SampleLocation><SampleID>PBS</SampleID><SampleGroup></SampleGroup><SampleInfo></SampleInfo><SampleRow>J</SampleRow><SamplePlate>1</SamplePlate><WellType>NEUTRALIZATION</WellType><Concentration>-1</Concentration><ConcentrationUnits>µg/ml</ConcentrationUnits><MolarConcentration>-1</MolarConcentration><MolarConcUnits>nM</MolarConcUnits><MolecularWeight>0</MolecularWeight><Temperature>30</Temperature><StartTime>8570432</StartTime><AssayTime>5</AssayTime></CommonData><FlowRate>1000</FlowRate><StepType>KREGENERATION</StepType><StepName>Regeneration</StepName><StepStatus>OK</StepStatus><ActualTime>4.9998</ActualTime><CycleTime>0.2</CycleTime><AssayXData Points="25">WCjrRfQp60WLK+tFJy3rRcAu60VYMOtF9DHrRY0z60UnNetFvjbrRVg460XyOetFizvrRSc9
60W+PutFWEDrRfhB60WLQ+tFJUXrRb5G60VYSOtF8knrRYtL60UlTetFvk7rRQ==</AssayXData><AssayYData Points="25">u6iiQMRoo0A/A6RAxl6kQA27pEDV/KRAskilQC9ypUA4v6VAF+qlQM0GpkBdDKZAhTCmQOB1
pkAGbKZAWbCmQLu7pkD206ZAl+6mQB32pkDZR6dAxFGnQA0np0CzNadAs02nQA==</AssayYData></Step><Step><CommonData><SampleLocation>3</SampleLocation><SampleID>Octet Buffer</SampleID><SampleGroup></SampleGroup><SampleInfo></SampleInfo><SampleRow>I</SampleRow><SamplePlate>1</SamplePlate><WellType>BUFFER</WellType><Concentration>-1</Concentration><ConcentrationUnits>µg/ml</ConcentrationUnits><MolarConcentration>-1</MolarConcentration><MolarConcUnits>nM</MolarConcUnits><MolecularWeight>0</MolecularWeight><Temperature>30</Temperature><StartTime>8584860</StartTime><AssayTime>20</AssayTime></CommonData><FlowRate>1000</FlowRate><StepType>CUSTOM</StepType><StepName>Sensor Check</StepName><StepStatus>OK</StepStatus><ActualTime>19.9998</ActualTime><CycleTime>0.2</CycleTime><AssayXData Points="100">WFDrRfRR60WNU+tFJ1XrRcBW60VYWOtF8lnrRYtb60UlXetFvl7rRVhg60X0YetFjWPrRSVl
60XAZutFWGjrRfJp60WLa+tFJW3rRb5u60VYcOtF8nHrRYtz60UndetFvnbrRVh460X0eetF
i3vrRSd960W+futFWoDrRfSB60WLg+tFJ4XrRcCG60VaiOtF8onrRYuL60UljetFwI7rRViQ
60XyketFjZPrRSmV60W+lutFWJjrRfSZ60WLm+tFJZ3rRb6e60VaoOtF8qHrRYuj60UlpetF
wKbrRVio60XyqetFi6vrRSet60XArutFWLDrRfKx60WLs+tFJbXrRcC260VYuOtF9LnrRYu7
60UlvetFvr7rRVjA60XywetFjcPrRSfF60W+xutFWMjrRfLJ60WNy+tFJc3rRb7O60VY0OtF
9NHrRY3T60Ul1etFvtbrRVjY60Xy2etFi9vrRSXd60XA3utFWuDrRfTh60WN4+tFJeXrRcDm
60VY6OtF8unrRY3r60Ul7etFvu7rRQ==</AssayXData><AssayYData Points="100">lSShQDg3n0DW+J1APf6cQAhcnEAyDpxAbOCbQKV+m0DLwZtA1a2bQOp9m0AUr5tAUeubQMm7
m0Db75tApMGbQEPvm0Bi75tA+AycQPYBnEC79ZtAizecQKkmnECpG5xAj2icQGNunEARVZxA
/XucQHplnEBsaJxANXicQIaAnEDviZxAU62cQB2unEBhjpxAv6KcQIPsnEB55JxAgcucQEnp
nEBD2JxAcuWcQLLbnEBVD51APNycQEYHnUBX9pxALBGdQM8wnUCXJp1A9/2cQMX3nEC+GJ1A
LjKdQB8QnUD1JJ1AGBCdQLM4nUD4QJ1A6FKdQARnnUCqOJ1A8FadQEAxnUD4gJ1A2HudQGaB
nUBvcJ1AYaadQIBjnUBGep1A0JmdQFtjnUCzdp1AsZidQHF8nUAOm51ATrydQJupnUBnoZ1A
cJedQM+fnUBFvJ1A/OedQMfJnUCQrJ1ABMydQMTUnUCK451ABN6dQFfbnUDdBJ5AKtqdQGLh
nUCs7J1AluqdQMEPnkArFZ5Azu2dQA==</AssayYData></Step><Step><CommonData><SampleLocation>3</SampleLocation><SampleID>SI-157X67_P5569</SampleID><SampleGroup></SampleGroup><SampleInfo></SampleInfo><SampleRow>J</SampleRow><SamplePlate>1</SamplePlate><WellType>KLOAD</WellType><Concentration>5</Concentration><ConcentrationUnits>µg/ml</ConcentrationUnits><MolarConcentration>5000</MolarConcentration><MolarConcUnits>nM</MolarConcUnits><MolecularWeight>0</MolecularWeight><Temperature>30</Temperature><StartTime>8613160</StartTime><AssayTime>120</AssayTime></CommonData><FlowRate>1000</FlowRate><StepType>LOADING</StepType><StepName>Loading</StepName><StepStatus>OK</StepStatus><ActualTime>120.001</ActualTime><CycleTime>0.2</CycleTime><AssayXData Points="600">WPDrRfLx60WL8+tFJfXrRb7260VY+OtF8vnrRY3760Ul/etFvv7rRVoA7EXyAexFiwPsRSUF
7EW+BuxFWAjsRfIJ7EWLC+xFJw3sRb4O7EVYEOxF8hHsRYsT7EUnFexFwBbsRVgY7EXyGexF
ixvsRSUd7EW+HuxFWiDsRfIh7EWLI+xFJyXsRcAm7EVYKOxF9CnsRY0r7EUlLexFvi7sRVgw
7EXyMexFizPsRSU17EXANuxFWjjsRfQ57EWLO+xFJz3sRb4+7EVYQOxF9EHsRYtD7EUnRexF
wEbsRVhI7EXySexFi0vsRSVN7EW+TuxFWFDsRfJR7EWLU+xFJVXsRb5W7EVYWOxF8lnsRYtb
7EUlXexFvl7sRVhg7EX0YexFjWPsRSdl7EXAZuxFWGjsRfJp7EWNa+xFJ23sRcBu7EVYcOxF
8nHsRYtz7EUldexFvnbsRVp47EXyeexFi3vsRSd97EW+fuxFWIDsRfKB7EWLg+xFJ4XsRb6G
7EVYiOxF8onsRYuL7EUnjexFwI7sRViQ7EXykexFi5PsRSWV7EXAluxFWJjsRfSZ7EWNm+xF
JZ3sRcCe7EVaoOxF8qHsRYuj7EUlpexFvqbsRVio7EX0qexFjavsRSWt7EW+ruxFWrDsRfKx
7EWLs+xFJbXsRb627EVYuOxF8rnsRY277EUlvexFvr7sRVrA7EX0wexFi8PsRSXF7EXAxuxF
WMjsRfLJ7EWLy+xFJc3sRb7O7EVY0OxF8tHsRYvT7EUn1exFvtbsRVrY7EXy2exFjdvsRSXd
7EW+3uxFWODsRfLh7EWL4+xFJeXsRb7m7EVY6OxF8unsRY3r7EUl7exFwO7sRVjw7EX08exF
jfPsRSf17EXA9uxFWPjsRfT57EWN++xFJf3sRb7+7EVYAO1F8gHtRYsD7UUlBe1FvgbtRVoI
7UXyCe1FiwvtRScN7UW+Du1FWBDtRfIR7UWLE+1FJRXtRcAW7UVaGO1F8hntRY0b7UUlHe1F
wB7tRVgg7UXyIe1FiyPtRSUl7UXAJu1FWijtRfQp7UWLK+1FJy3tRcAu7UVYMO1F8jHtRYsz
7UUlNe1FvjbtRVg47UXyOe1FjTvtRSU97UW+Pu1FWEDtRfJB7UWLQ+1FJUXtRb5G7UVaSO1F
8kntRY1L7UUlTe1Fvk7tRVhQ7UXyUe1Fi1PtRSdV7UW+Vu1FWFjtRfJZ7UWLW+1FJV3tRcBe
7UVaYO1F8mHtRYtj7UUlZe1FvmbtRVho7UX0ae1Fi2vtRSVt7UW+bu1FWHDtRfRx7UWLc+1F
JXXtRb527UVaeO1F8nntRYt77UUlfe1Fvn7tRViA7UXyge1Fi4PtRSeF7UXAhu1FWIjtRfKJ
7UWNi+1FJ43tRcCO7UVakO1F8pHtRYuT7UUnle1FXpftRaKY7UX0me1Fi5vtRSWd7UW+nu1F
XKDtRfKh7UWLo+1FJ6XtRb6m7UVYqO1F8qntRYur7UUlre1Fvq7tRViw7UXyse1FjbPtRSe1
7UW+tu1FWLjtRfK57UWNu+1FJb3tRb6+7UVawO1F8sHtRYvD7UUlxe1FwMbtRVjI7UXyye1F
i8vtRSfN7UW+zu1FWNDtRfLR7UWL0+1FJdXtRb7W7UVY2O1F9NntRYvb7UUl3e1Fvt7tRVrg
7UXy4e1FjePtRSXl7UXA5u1FWOjtRfLp7UWL6+1FJe3tRcDu7UVY8O1F8vHtRYvz7UUl9e1F
wPbtRVr47UXy+e1Fi/vtRSf97UW+/u1FWgDuRfIB7kWLA+5FJwXuRb4G7kVaCO5F8gnuRYsL
7kUlDe5Fvg7uRVgQ7kXyEe5FjRPuRSUV7kW+Fu5FWBjuRfQZ7kWLG+5FJR3uRcAe7kVYIO5F
8iHuRYsj7kUnJe5FvibuRVgo7kXyKe5FiyvuRSUt7kW+Lu5FWjDuRfIx7kWNM+5FJTXuRb42
7kVYOO5F8jnuRY077kUlPe5Fvj7uRVhA7kXyQe5FjUPuRSVF7kXARu5FWkjuRfJJ7kWNS+5F
JU3uRb5O7kVaUO5F9FHuRY1T7kUnVe5FwFbuRVhY7kX0We5Fi1vuRSVd7kW+Xu5FWGDuRfRh
7kWNY+5FJ2XuRb5m7kVaaO5F9GnuRYtr7kUnbe5Fvm7uRVhw7kXyce5FjXPuRSV17kXAdu5F
WHjuRfJ57kWLe+5FJ33uRcB+7kVYgO5F8oHuRYuD7kUlhe5FvobuRVqI7kX0ie5Fi4vuRSWN
7kW+ju5FWJDuRfSR7kWNk+5FJZXuRb6W7kVYmO5F8pnuRY2b7kUlne5FwJ7uRVig7kXyoe5F
i6PuRSel7kW+pu5FWqjuRfKp7kWLq+5FJa3uRb6u7kVYsO5F8rHuRY2z7kUlte5FwLbuRVq4
7kXyue5Fi7vuRSW97kW+vu5FWMDuRfTB7kWNw+5FJ8XuRb7G7kVcyO5F9MnuRYvL7kUnze5F
vs7uRVjQ7kXy0e5FjdPuRSXV7kW+1u5FWNjuRfLZ7kWN2+5FJd3uRcDe7kVY4O5F8uHuRYvj
7kUn5e5FwObuRVro7kX06e5Fi+vuRSXt7kXA7u5FWPDuRfLx7kWN8+5FJfXuRcD27kVY+O5F
8vnuRYv77kUl/e5Fvv7uRVoA70X0Ae9FjQPvRScF70W+Bu9FWAjvRfIJ70WLC+9FJQ3vRb4O
70VYEO9F8hHvRY0T70UlFe9FvhbvRVgY70X0Ge9FixvvRSUd70W+Hu9FXCDvRfQh70WLI+9F
JSXvRcAm70VaKO9F8invRYsr70UlLe9Fvi7vRVgw70XyMe9FizPvRSU170W+Nu9FWjjvRfI5
70WNO+9FJT3vRb4+70VYQO9F8kHvRYtD70UlRe9FwEbvRVhI70X0Se9Fi0vvRSVN70W+Tu9F
WFDvRfJR70WLU+9FJVXvRb5W70VYWO9F9FnvRY1b70UlXe9Fvl7vRVhg70X0Ye9FjWPvRSdl
70W+Zu9FWGjvRfRp70WLa+9FJ23vRb5u70VYcO9F9HHvRYtz70Ulde9FvnbvRct470UQeu9F
i3vvRSV970XAfu9FWIDvRfKB70WLg+9FJYXvRcCG70VaiO9F9InvRYuL70Ulje9Fvo7vRViQ
70X0ke9Fi5PvRSWV70W+lu9FWJjvRfKZ70WLm+9FJZ3vRcCe70VYoO9F8qHvRY2j70Unpe9F
vqbvRVio70Xyqe9Fi6vvRSet70XAru9F</AssayXData><AssayYData Points="600">RzqeQMF3nkB+5J5AwQefQH5Mn0BAh59ACbifQI7Yn0BsI6BAm2ygQMeRoEBCvKBAkv2gQIZB
oUDkQ6FAgmihQKWjoUAp56FArNqhQPIaokARTKJAVJiiQEayokAqAKNAxveiQLwho0BTLaNA
9n+jQMjHo0A2t6NAif6jQPUZpEAwPKRArnmkQPKkpEAgx6RAYdWkQFzYpECEP6VADSelQEh2
pUCSfKVAGrWlQMTppUCM86VAAxWmQKEvpkDPVaZAjpmmQAWmpkB3w6ZA8OemQIfSpkC9I6dA
AyanQJ5Jp0CKW6dAs7enQGqpp0DwyqdAbiKoQIkXqECcF6hAaoaoQKOPqEB0qKhAcn6oQLqy
qEDYwqhA0wqpQIINqUAZMKlApD+pQL9RqUD3ealAwoqpQK6YqUC2y6lAUuOpQB0HqkDlD6pA
mfapQEEaqkDDX6pALFqqQMF7qkDfpapAV5+qQBXXqkCkzKpAy+GqQHnzqkCxEatANBKrQN9O
q0BCRqtA6ESrQN1wq0Cyp6tA2JurQLikq0AwxKtAVuarQCDXq0DXD6xAExisQP8nrEDkUKxA
YmasQHw2rECtZqxAjIWsQPtwrEACr6xAdLSsQNCrrECwrqxAxfisQPrZrEBXAq1AZRmtQMQ6
rUBDNa1Awz2tQIRVrUA4Sq1AVIStQBKJrUCgh61AZpatQJyNrUCvv61Afs6tQLPkrUBL8q1A
tfKtQBzyrUCFL65ASiauQDxorkAIOq5ALzOuQIporkBIhK5Aj2OuQGWgrkDGkq5AGsWuQJ2z
rkCwxa5ACLiuQILgrkBpAa9AqAqvQFHtrkDQOq9AEBuvQMwHr0CnT69AkF6vQPdhr0ACUK9A
iD2vQOuQr0DUi69AGHivQCB5r0A7g69AapCvQCu6r0CRxK9AiM6vQKOur0CM069AFuivQCfj
r0DPDbBAuBWwQA0xsEDlO7BAK22wQEpesEAkTbBAw0OwQNltsEAKJ7BAY4+wQBmUsEB2obBA
nGiwQFensEBOn7BAmcSwQLu6sECs2rBAicCwQMLWsEDw4LBAT/KwQDT5sECaDrFA+g2xQGoM
sUAyK7FAKBWxQL0VsUASKbFAcS6xQDlasUDdJLFACzqxQA1ysUAMc7FANX+xQExpsUBWm7FA
5YixQLmXsUD0srFAJKuxQDW5sUCV77FAZbyxQMPXsUA62rFATtaxQOm5sUCV0bFAwQ+yQOTs
sUAy+rFAPxSyQIYUskB3HLJADEKyQIMqskDkJrJA/VmyQMlRskC7NbJAdFKyQKdnskCXfLJA
2mKyQEyCskAItLJAkIqyQCiqskAklbJA2qayQFulskC4nbJA3KuyQKO5skBV6LJAzuiyQPPc
skBK9rJAT+CyQGUas0AKyLJAyeayQKrkskCV9bJA9wWzQPkPs0DhKrNA2hKzQDkrs0ApF7NA
lVGzQBoss0CNPbNAfzezQPtls0AUdrNAnGKzQPl3s0D+crNAg4CzQC2us0BlkLNAcImzQLmh
s0DEmbNAS5KzQDfYs0CAgbNA4KuzQIf0s0B5t7NA3OezQGTRs0Csw7NA3L+zQJTrs0De37NA
CLWzQJoAtEChBLRAof+zQKEhtECDEbRAwRC0QBcYtECnHbRAb/2zQIAltEBxD7RAiw20QHJY
tEC+MbRAvUS0QDQ4tEAuZ7RARUS0QE5rtEBNdrRA92i0QOBVtEBzabRAH5C0QJhXtEC8krRA
i420QPKhtECXpbRAiLu0QLudtEBGrLRAPce0QCyztEC/z7RAwMK0QAL2tEBN6bRA0ru0QLHo
tEBSzrRAeuq0QCLZtEAX3rRAhtC0QNMftUDd9bRA1P+0QNUNtUCoJrVAcRq1QEIwtUD2MbVA
vPu0QDA3tUAyTLVAjUW1QLZAtUBIMLVAaya1QCs7tUAJWrVAT0C1QGFMtUCoLbVAPn+1QGlv
tUCccrVAWWS1QDmHtUAaXbVA7py1QImltUBvorVA7Z+1QIOwtUBQi7VAWKq1QPantUDmyrVA
YZy1QCzPtUCEsbVAqcm1QGa7tUAEubVAJuq1QImktUCR1bVAlcq1QKXrtUDr1bVA5+W1QL7c
tUAY3bVAy+K1QPcAtkB8D7ZAV/O1QJwJtkAi4LVAa/21QLQCtkAiD7ZAvwK2QC4jtkBONrZA
JCO2QAgstkCjNbZAlye2QDMxtkCxNrZAJVW2QL1KtkCLgrZAAzm2QIN0tkAZS7ZA1062QNJW
tkAGW7ZA43W2QGpjtkDEabZACIi2QDdctkAAZrZAdXG2QIeJtkDFmLZALZm2QIS8tkCBoLZA
IqO2QD+VtkDPo7ZADq62QLajtkCqrLZA6Kq2QH/LtkAjvrZAq7e2QEustkD+vLZAxL22QM7Z
tkDv57ZAWtq2QFvHtkCE47ZABf+2QBENt0CK9bZAVf22QK0Lt0An7rZAYPK2QMoWt0D+E7dA
3De3QJght0CcEbdA+Bi3QIIqt0DME7dAmCC3QJEbt0DsJrdAyT+3QHMqt0AsPLdAMT+3QHcv
t0CyXbdAuCG3QEBht0BdYLdAIya3QLpmt0ApVLdAW4W3QOVgt0AQbLdAH1i3QHyPt0C8nrdA
f3W3QLRut0AsabdA1IW3QE2Et0CeZ7dA0Xu3QOu5t0Ahd7dAPI23QOeWt0DWl7dAHLy3QGKs
t0DrnrdA2Jy3QNymt0CfsbdAOMK3QFift0D/urdArsC3QGeyt0A2urdA2923QMW+t0CcyLdA
tOy3QEDat0BG0bdAm++3QMPdt0B187dAlgO4QJTPt0Cc47dAmvO3QC8AuEDxLrhAMei3QBwE
uECSFLhAkQ24QG4vuEA7FbhAOzS4QHoQuEA1FrhAOxy4QHYWuEDKJbhAOEu4QJY+uEBlULhA
GSq4QEQ8uEDGLLhACkC4QHpYuEBpV7hAFlm4QDA6uEAHIbhASTa4QJ02uEDsO7hAhSK4QPhX
uECmYLhAD2G4QDaFuEB5bLhA7zO4QOBVuECpY7hAhlC4QLp4uECAk7hADYK4QEB7uEBIXLhA
kYG4QO+UuECRkbhAAIi4QD+DuEAGkrhAhIe4QLCquECGtrhA64u4QJiVuEDjp7hAnp+4QDi1
uECrzrhAg664QCfCuEAbs7hAbc+4QO3TuEAj0LhAp9i4QMu4uEB5p7hA4My4QN3duEBJwbhA
ZNO4QMzUuEC75bhAnNS4QBIFuUBk7LhA</AssayYData></Step><Step><CommonData><SampleLocation>3</SampleLocation><SampleID>Octet Buffer</SampleID><SampleGroup></SampleGroup><SampleInfo></SampleInfo><SampleRow>I</SampleRow><SamplePlate>1</SamplePlate><WellType>BUFFER</WellType><Concentration>-1</Concentration><ConcentrationUnits>µg/ml</ConcentrationUnits><MolarConcentration>-1</MolarConcentration><MolarConcUnits>nM</MolarConcUnits><MolecularWeight>0</MolecularWeight><Temperature>30</Temperature><StartTime>8741413</StartTime><AssayTime>100</AssayTime></CommonData><FlowRate>1000</FlowRate><StepType>BASELINE</StepType><StepName>Baseline</StepName><StepStatus>OK</StepStatus><ActualTime>99.9998</ActualTime><CycleTime>0.2</CycleTime><AssayXData Points="500">WrDvRfax70WNs+9FKbXvRcC270VauO9F9LnvRY2770Upve9FwL7vRVzA70X0we9FjcPvRSnF
70XAxu9FWsjvRfTJ70WNy+9FKc3vRcDO70Va0O9F9NHvRY3T70Un1e9FwtbvRVrY70X02e9F
jdvvRSnd70XC3u9FXODvRfTh70WP4+9FJ+XvRcDm70Va6O9F9OnvRY/r70WX7e9F3e7vRVrw
70X08e9Fj/PvRSf170XA9u9FXPjvRfT570WN++9FJ/3vRcD+70VcAPBF9AHwRY8D8EUnBfBF
wgbwRVoI8EX0CfBFjQvwRSkN8EXCDvBFWhDwRfQR8EWPE/BFJxXwRcIW8EVaGPBF9BnwRY0b
8EUpHfBFwh7wRVwg8EX2IfBFjSPwRScl8EXCJvBFXCjwRfQp8EWNK/BFJy3wRcIu8EVaMPBF
9DHwRY8z8EUpNfBFwDbwRVw48EX0OfBFjTvwRSk98EXCPvBFXEDwRfRB8EWNQ/BFJ0XwRcBG
8EVcSPBF9knwRY1L8EUnTfBFwE7wRVxQ8EX2UfBFjVPwRSdV8EXAVvBFWljwRfZZ8EWNW/BF
J13wRcBe8EVaYPBF9GHwRY1j8EUpZfBFwGbwRVpo8EX0afBFjWvwRSlt8EXAbvBFWnDwRfRx
8EWNc/BFKXXwRcB28EVcePBF9HnwRY178EUpffBFwn7wRVyA8EX0gfBFjYPwRSmF8EXAhvBF
WojwRfSJ8EWPi/BFoo3wReWO8EVckPBF9JHwRY2T8EUnlfBFwJbwRVqY8EX0mfBFjZvwRSmd
8EXAnvBFWqDwRfSh8EWPo/BFKaXwRcCm8EVcqPBF9qnwRY2r8EUnrfBFwK7wRVqw8EX2sfBF
jbPwRSm18EXAtvBFWrjwRfa58EWPu/BFKb3wRcC+8EVawPBF9sHwRZHD8EUnxfBFwMbwRVrI
8EX0yfBFjcvwRSfN8EXAzvBFXNDwRfTR8EWN0/BFJ9XwRcLW8EVa2PBF9tnwRY3b8EUn3fBF
wN7wRVrg8EX24fBFjePwRSfl8EXA5vBFWujwRfTp8EWP6/BFJ+3wRcDu8EVa8PBF9vHwRY3z
8EUn9fBFwPbwRVr48EX0+fBFjfvwRSn98EXA/vBFXADxRfQB8UWNA/FFKQXxRcAG8UVcCPFF
9AnxRY0L8UUnDfFFwg7xRVoQ8UX2EfFFjxPxRSkV8UXCFvFFXBjxRfYZ8UWNG/FFJx3xRcAe
8UVaIPFF9CHxRZEj8UUnJfFFwibxRVwo8UX2KfFFjSvxRbAt8UX0LvFFXDDxRfQx8UWPM/FF
KTXxRcI28UVcOPFF9jnxRY078UUnPfFFwj7xRVpA8UX0QfFFj0PxRSlF8UXARvFFXEjxRfRJ
8UWPS/FFJ03xRcBO8UVaUPFF9FHxRY1T8UUnVfFFwFbxRVpY8UX2WfFFj1vxRSld8UXAXvFF
XGDxRfRh8UWNY/FFJ2XxRcJm8UVaaPFF9GnxRY1r8UUnbfFFwG7xRVxw8UX0cfFFjXPxRSd1
8UXCdvFFXHjxRfZ58UWNe/FFKX3xRcB+8UVagPFF9IHxRY2D8UUnhfFFwIbxRVqI8UX0ifFF
j4vxRSeN8UXAjvFFXJDxRfSR8UWNk/FFJ5XxRcCW8UVamPFF9JnxRY2b8UUnnfFFwJ7xRVqg
8UX0ofFFj6PxRSel8UXApvFFWqjxRfSp8UWNq/FFKa3xRcCu8UVasPFF9LHxRY+z8UUntfFF
wLbxRVy48UX0ufFFjbvxRSe98UXCvvFFWsDxRfTB8UWPw/FFKcXxRcDG8UVcyPFF9MnxRY3L
8UXCzfFFCM/xRVzQ8UX20fFFjdPxRSfV8UXC1vFFWtjxRfTZ8UWP2/FFJ93xRcDe8UVa4PFF
9OHxRY/j8UUn5fFFwObxRVro8UX06fFFjevxRSft8UXA7vFFXPDxRfbx8UWN8/FFJ/XxRcL2
8UVa+PFF9vnxRY378UUn/fFFwv7xRVoA8kX2AfJFjQPyRScF8kXCBvJFXAjyRfQJ8kWNC/JF
Kw3yRcIO8kVcEPJF9BHyRY0T8kUnFfJFwhbyRVoY8kX0GfJFjxvyRScd8kXAHvJFWiDyRfQh
8kWNI/JFJyXyRcAm8kVaKPJF9CnyRY8r8kUnLfJFwi7yRVow8kX0MfJFjzPyRSc18kXANvJF
WjjyRfQ58kWPO/JFJz3yRcA+8kVaQPJF9EHyRY9D8kUnRfJFwEbyRVpI8kX2SfJFj0vyRSlN
8kXATvJFXFDyRfRR8kWNU/JFJ1XyRcBW8kVaWPJF9lnyRY9b8kUnXfJFwl7yRVpg8kX0YfJF
j2PyRSll8kXAZvJFWmjyRfRp8kWNa/JFpm3yRetu8kVacPJF9HHyRY1z8kUpdfJFwnbyRVx4
8kX2efJFjXvyRSd98kXAfvJFXIDyRfSB8kWNg/JFJ4XyRcCG8kVciPJF9InyRY2L8kUnjfJF
wI7yRVyQ8kX2kfJFj5PyRSmV8kXClvJFWpjyRfSZ8kWPm/JFJ53yRcCe8kVaoPJF9KHyRY2j
8kUnpfJFxKbyRVyo8kX0qfJFj6vyRSet8kXArvJFWrDyRfSx8kWPs/JFJ7XyRcK28kVauPJF
9LnyRY+78kUnvfJFwL7yRVrA8kX2wfJFjcPyRSnF8kXAxvJFXMjyRfTJ8kWNy/JFJ83yRcDO
8kU=</AssayXData><AssayYData Points="500">JO23QEkouEBlT7hANiu4QJ4/uECXVLhAki24QINLuEDbQ7hARTu4QARVuECpXLhAEVe4QERJ
uEAUL7hADJO4QN1ruEAiYbhAW224QFpnuEDPZbhA2TW4QEFnuEBkWbhAz0+4QD5fuED2fLhA
sGe4QB1ruEDzQbhA2HS4QOhluEB2T7hA02y4QMlouEBYZLhAeV+4QH+JuEC5arhA0pO4QIpj
uEBzbbhALnm4QIVouEBesbhAF5i4QKlzuEAVa7hAYVu4QOF8uEDDWrhAnHm4QGaWuEC/WbhA
+Ui4QLZyuEBIerhAmGO4QOBYuEDfmrhAnIC4QCh0uECzf7hAHGm4QC1iuEAlhrhAxbW4QI9y
uEBGfrhA52q4QNB7uEBBYLhAG5K4QPlyuEB5cbhAVoi4QH+BuEAVfLhA6X64QPKeuECfYLhA
K4m4QGBtuEA4mrhAmnm4QNynuEAvZbhAgYG4QJyfuEC4lrhAf3y4QCbPuEDnqLhAA2q4QDWo
uEDFf7hAL3y4QLCLuECljrhAxZa4QMapuEBHvLhACXG4QBVuuEBIiLhAcny4QPFwuEBDibhA
lo64QFyluEDgrbhAc5m4QO9/uEDdfbhA0H+4QMJ+uEDWcbhAjai4QHOXuEBlfrhA0J64QIiO
uECReLhA0I+4QPGDuECCc7hA7nS4QHabuEDycrhAb6K4QPauuEDnVrhAZqS4QFqTuEAzlbhA
1Ie4QJR9uEDwmbhA73i4QO9RuEANlrhAPo24QEyXuEBRlLhAAqG4QNrGuEApkLhAaWS4QDl1
uEDrrrhAxHy4QLGNuEA7ibhAtpm4QM+PuEBWn7hAHsq4QN+PuEBkj7hA8cy4QCuXuEAxkbhA
yIW4QMCsuEDWn7hAq7G4QPqUuECOtLhA5pW4QBCJuEDEVLhAILm4QEaPuECDcrhAzca4QICX
uEBClbhAMom4QF6guEDhlbhAgJm4QIafuEBwqLhAtZO4QAWNuEDBj7hAKJS4QCOUuEBevbhA
IoC4QA+QuEApnLhAXHu4QKisuED1qrhAaXi4QGiHuEAVtrhAzbG4QEafuECek7hAC464QB2h
uEActLhAn3q4QK/KuEC0xLhAYpm4QMV2uECAsrhAsqi4QJ2duECsnbhAT5y4QIGKuEBYuLhA
K524QGyxuEAowrhAZc64QH6duEDZqbhAG7S4QEPWuEDDzLhA1rK4QNujuEDoyLhA77m4QHa9
uEB/nrhAcXu4QOrJuEBEtLhAlbG4QKGtuEAYybhAF6e4QDfEuECd0LhAXbi4QJymuEAwrrhA
zLK4QPjHuEAQu7hATsK4QDXmuEAKsbhAgqy4QEeyuEAar7hA26W4QHDIuEDYw7hAqJi4QOGs
uECEwbhApLi4QBWmuEAZybhAMqK4QNOkuEAT7bhAzIu4QPqwuEDXvbhAgqq4QNPAuEDHuLhA
D8q4QK+suEBZrbhA78O4QAuzuECvqrhAWrK4QFbNuECttLhAHvO4QKe4uEARtbhABui4QH/b
uEDn4bhAa8i4QAy7uECWxLhA/Ky4QA/FuEC4nrhA3sy4QK3guEADsrhAMcC4QBfcuEALrLhA
KaK4QLu/uEBXo7hAk/S4QKe9uEDUprhAZOK4QKTiuEAw8rhAtKu4QKPduEDs3bhAzr+4QHqz
uEBfobhAU7y4QJ3OuECzxrhA84m4QJ2suEA6xbhAmaG4QIi8uEAwuLhAlu24QA6xuECHu7hA
NwC5QAHGuECOjrhAOuW4QNPeuEBs2rhAcN64QLCnuEBWmLhAvMK4QGLRuEAHn7hAxNK4QK+5
uEC/47hAlty4QHnNuEAfsLhA9t64QGPkuEAW17hAKry4QJ7ruED/qrhArtW4QCHpuEB14LhA
hru4QHTAuEC40bhA3rq4QM4JuUBy3LhAYtu4QEXzuEB76LhA37q4QI+5uEAczbhAUNO4QObj
uEA61bhAlOi4QGHVuEAC/rhAAN+4QFfVuEDI4bhAx7S4QAjYuECA1LhA4xu5QEDKuEA467hA
wL24QFLduEDCv7hAHPW4QBP0uEB85LhAVvm4QA7huEDJ3rhAZ9m4QOfSuEA3wLhAC/S4QKoH
uUB99bhArdW4QEX9uEBH0bhAY9C4QNz0uEB7AblACPW4QFzEuEDl47hAot24QIHuuECdBrlA
sve4QPrvuECY/bhAcMm4QC3nuEDi7LhA38y4QMjZuEApALlASd24QDoHuUCu37hAA/e4QILd
uEAU+LhATN+4QGbTuEBE7bhA0Ni4QB/7uEAI77hAu/a4QI3/uEA6ALlAF+24QI/4uEB45rhA
OCW5QAUQuUC98bhAcQK5QN3SuEDby7hALwC5QH75uEDj1LhAK+O4QLkLuUAX+rhANfO4QO77
uEAs8LhARu+4QBsAuUDu9rhAJMm4QCcJuUCMDLlA+Oe4QDL+uEDGALlA2cy4QJ8quUByA7lA
Lc24QJoIuUDrG7lAYc24QCvquEDT/7hA9OO4QNXXuEAqBLlA0wu5QMnTuEAlArlA3/W4QIoc
uUAP/bhAQfu4QHcBuUDD97hAVvu4QPrzuEBb87hAEyG5QEwCuUA//rhAav64QJDpuEDlILlA
Q/W4QMX8uEDK57hAJQm5QADouEAp4LhA/N64QJ8NuUDR97hAVAi5QKvTuECI5LhA1Au5QKIH
uUA=</AssayYData></Step><Step><CommonData><SampleLocation>4</SampleLocation><SampleID>hsCD3d/e_Acro_CDD-H52W1</SampleID><SampleGroup></SampleGroup><SampleInfo></SampleInfo><SampleRow>I</SampleRow><SamplePlate>1</SamplePlate><WellType>KSAMPLE</WellType><Concentration>-1</Concentration><ConcentrationUnits>µg/ml</ConcentrationUnits><MolarConcentration>12.5</MolarConcentration><MolarConcUnits>nM</MolarConcUnits><MolecularWeight>0</MolecularWeight><Temperature>30</Temperature><StartTime>8849838</StartTime><AssayTime>180</AssayTime></CommonData><FlowRate>1000</FlowRate><StepType>ASSOC</StepType><StepName>Association</StepName><StepStatus>OK</StepStatus><ActualTime>180.001</ActualTime><CycleTime>0.2</CycleTime><AssayXData Points="900">WtDyRfbR8kWR0/JFJ9XyRcLW8kVa2PJF9tnyRY/b8kUn3fJFwt7yRVzg8kX24fJFj+PyRSfl
8kXA5vJFXOjyRfTp8kWN6/JFKe3yRcDu8kVa8PJF9PHyRY3z8kUn9fJFwPbyRVz48kX0+fJF
j/vyRSf98kXA/vJFWgDzRfQB80WNA/NFKQXzRcAG80VaCPNF9AnzRY8L80UpDfNFwA7zRVoQ
80X0EfNFjRPzRSkV80XAFvNFWhjzRfYZ80WNG/NFKR3zRcIe80VcIPNF9iHzRY8j80UnJfNF
wCbzRVoo80X2KfNFjyvzRSkt80XALvNFWjDzRfYx80WNM/NFJzXzRcA280VcOPNF9jnzRY07
80UpPfNFwj7zRVpA80X0QfNFj0PzRSdF80XARvNFWkjzRfZJ80WPS/NFJ03zRcJO80VcUPNF
9FHzRY1T80UnVfNFwFbzRVxY80X0WfNFjVvzRSld80XCXvNFXGDzRfRh80WPY/NFJ2XzRcBm
80VaaPNFWGrzRZ5r80UnbfNFwm7zRVpw80X0cfNFj3PzRSd180XCdvNFWnjzRfZ580WNe/NF
KX3zRcB+80VagPNF9oHzRY2D80UnhfNFwIbzRVqI80X0ifNFkYvzRSmN80XAjvNFWpDzRfaR
80WNk/NFKZXzRcKW80VamPNF9JnzRY2b80UnnfNFwp7zRVqg80X0ofNFjaPzRSel80XApvNF
XKjzRfap80WNq/NFJ63zRcKu80VasPNF9rHzRY2z80UntfNFwLbzRVq480X0ufNFj7vzRSe9
80XAvvNFWsDzRfTB80WNw/NFKcXzRcLG80VayPNF9MnzRY3L80UpzfNFwM7zRVrQ80X00fNF
j9PzRSnV80XA1vNFXNjzRfbZ80WN2/NFKd3zRcDe80Va4PNF9uHzRY3j80Up5fNFwObzRVzo
80X06fNFjevzRSnt80XA7vNFWvDzRfTx80WN8/NFJ/XzRcD280Ve+PNF9PnzRY/780Up/fNF
wv7zRVoA9EX0AfRFjQP0RScF9EXABvRFXAj0RUMK9EWPC/RFJw30RcAO9EVcEPRF9BH0RY8T
9EUnFfRFwBb0RVwY9EX0GfRFjRv0RSkd9EXCHvRFXCD0RfQh9EWNI/RFJyX0RcIm9EVaKPRF
9in0RY8r9EUpLfRFwi70RVow9EX0MfRFjTP0RSc19EXCNvRFWjj0RfY59EWNO/RFKT30RcI+
9EVaQPRF9EH0RY9D9EUpRfRFwEb0RVxI9EX0SfRFjUv0RSdN9EXCTvRFXFD0RfRR9EWNU/RF
J1X0RcBW9EVaWPRF9Fn0RY1b9EUnXfRFwF70RVpg9EX2YfRFjWP0RSll9EXAZvRFWmj0RfRp
9EWPa/RFJ230RcBu9EVacPRF9nH0RY1z9EUndfRFwnb0RVp49EX0efRFjXv0RSd99EXCfvRF
XID0RfaB9EWNg/RFKYX0RcKG9EVciPRF9on0RY2L9EUnjfRFwo70RVqQ9EX2kfRFjZP0RSmV
9EXClvRFWpj0RfSZ9EWPm/RFKZ30RcKe9EVaoPRF9KH0RY+j9EUnpfRFwKb0RVqo9EUtqvRF
jav0RSmt9EXCrvRFWrD0Rfax9EWNs/RFJ7X0RcC29EVauPRF9Ln0RY279EUnvfRFwL70RVrA
9EX2wfRFjcP0RSnF9EXAxvRFWsj0RfTJ9EWNy/RFJ830RcDO9EVc0PRF9NH0RY/T9EUn1fRF
wNb0RVzY9EX02fRFj9v0RSnd9EXA3vRFXOD0RfTh9EWN4/RFKeX0RcDm9EVa6PRF9un0RY3r
9EUp7fRFwO70RVzw9EX28fRFjfP0RSn19EXC9vRFXPj0RfT59EWN+/RFJ/30RcL+9EVcAPVF
9AH1RZED9UUnBfVFwAb1RVwI9UX0CfVFjQv1RScN9UXCDvVFXBD1RfYR9UWNE/VFJxX1RcAW
9UVaGPVF9Bn1RY0b9UUpHfVFwB71RVog9UX2IfVFjyP1RScl9UXAJvVFWij1RfYp9UWPK/VF
KS31RcAu9UVaMPVF9jH1RY0z9UUnNfVFwDb1RVw49UX0OfVFjTv1RSc99UXAPvVFXED1RfRB
9UWNQ/VFJ0X1RcBG9UVaSPVFWkr1RaBL9UUpTfVFwk71RVxQ9UX0UfVFjVP1RSdV9UXCVvVF
XFj1RfRZ9UWNW/VFJ131RcBe9UVaYPVF9mH1RY1j9UUnZfVFwmb1RVpo9UX0afVFjWv1RSlt
9UXCbvVFXHD1RfZx9UWNc/VFJ3X1RcB29UVaePVF9Hn1RY979UUnffVFwn71RVqA9UX0gfVF
j4P1RSmF9UXAhvVFXIj1RfSJ9UWNi/VFKY31RcCO9UVakPVF9JH1RY2T9UUplfVFwJb1RVqY
9UX2mfVFj5v1RSed9UXAnvVFXKD1RfSh9UWPo/VFKaX1RcCm9UVcqPVF9qn1RY+r9UUprfVF
wK71RVyw9UX2sfVFjbP1RSe19UXCtvVFWrj1RfS59UWNu/VFKb31RcC+9UVcwPVF9MH1RY/D
9UUpxfVFwMb1RVzI9UX2yfVFj8v1RSfN9UXCzvVFWtD1RfTR9UWN0/VFJ9X1RcDW9UVa2PVF
9Nn1RY3b9UUn3fVFwN71RVzg9UX24fVFjeP1RSfl9UXA5vVFXOj1RWbq9UWq6/VFKe31RcLu
9UVa8PVF9PH1RY/z9UUp9fVFwvb1RVr49UX2+fVFj/v1RSf99UXA/vVFXAD2RfQB9kWPA/ZF
JwX2RcAG9kVcCPZF9gn2RY0L9kUnDfZFwg72RVwQ9kX4EfZFjRP2RScV9kXCFvZFWhj2RfQZ
9kWPG/ZFJx32RcIe9kVcIPZF9CH2RY0j9kUpJfZFwib2RVwo9kX0KfZFjyv2RSct9kXALvZF
WjD2RfQx9kWNM/ZFJzX2RcI29kVaOPZF9Dn2RY879kUpPfZFwj72RVpA9kX0QfZFjUP2RSdF
9kXARvZFWkj2RfZJ9kWNS/ZFKU32RcBO9kVaUPZF9FH2RY1T9kUpVfZFwFb2RVxY9kX0WfZF
jVv2RSld9kXAXvZFWmD2RfRh9kWPY/ZFKWX2RcBm9kVeaPZF9mn2RY1r9kUpbfZFwm72RVxw
9kX2cfZFjXP2RSd19kXAdvZFWnj2RfR59kWNe/ZFJ332RcJ+9kVagPZF9oH2RY+D9kUnhfZF
wIb2RVyI9kWVivZF3Yv2RSeN9kXAjvZFWpD2RfaR9kWNk/ZFJ5X2RcCW9kVcmPZF9Jn2RY2b
9kUnnfZFwJ72RVyg9kX0ofZFj6P2RSel9kXEpvZFWqj2RfSp9kWPq/ZFJ632RcCu9kVcsPZF
9LH2RY+z9kUntfZFwLb2RVq49kX0ufZFj7v2RSe99kXAvvZFXMD2RfjB9kWNw/ZFJ8X2RcLG
9kVayPZF9sn2RY/L9kUnzfZFws72RVrQ9kX00fZFjdP2RSfV9kXA1vZFWtj2RfTZ9kWN2/ZF
Kd32RcDe9kVc4PZF9OH2RY/j9kUn5fZFwub2RVzo9kX06fZFjev2RSnt9kXA7vZFWvD2RfTx
9kWN8/ZFJ/X2RcL29kVa+PZF9Pn2RY/79kUn/fZFwP72RVoA90X2AfdFjQP3RSkF90XABvdF
Wgj3RfQJ90WNC/dFJw33RcIO90VaEPdF9BH3RY8T90UnFfdFwBb3RVoY90X2GfdFjRv3RScd
90XAHvdFWiD3RfQh90WPI/dFJyX3RcAm90VaKPdFoCr3ReUr90UpLfdFwi73RVow90X2MfdF
jTP3RSc190XCNvdFWjj3RfY590WNO/dFJz33RcI+90VcQPdF9EH3RY1D90UpRfdFwEb3RVpI
90X0SfdFjUv3RSdN90XCTvdFWlD3RfRR90WNU/dFJ1X3RcJW90VaWPdF9Fn3RY1b90UnXfdF
wl73RVpg90X0YfdFjWP3RSdl90XAZvdFXGj3RfZp90WPa/dFJ233RcBu90VccPdF9HH3RY1z
90UndfdFwHb3RVp490X2efdFj3v3RSl990XAfvdFXID3RfSB90WNg/dFKYX3RcCG90VaiPdF
9on3RY2L90UnjfdFwI73RVqQ90X2kfdFjZP3RSeV90XAlvdFXJj3RfSZ90WPm/dFJ533RcKe
90VcoPdF9qH3RY2j90UnpfdFwqb3RVyo90X0qfdFj6v3RSet90XArvdFWrD3RfSx90WNs/dF
J7X3RcC290VeuPdF9rn3RY2790UpvfdFwL73RVrA90X2wfdFjcP3RSfF90XAxvdFWsj3RfTJ
90WPy/dFJ833RcDO90Va0PdF9NH3RY3T90Up1fdFwtb3RVrY90X22fdFj9v3RSnd90XA3vdF
XOD3Rfbh90WP4/dFJ+X3RcLm90Vc6PdF9On3RY3r90Un7fdFwO73RVrw90X28fdFjfP3RSf1
90XC9vdFWvj3Rfb590WN+/dFJ/33RcL+90VcAPhF9AH4RY0D+EUnBfhFwgb4RVwI+EX0CfhF
jQv4RScN+EXCDvhFWhD4RfQR+EWNE/hFJxX4RcAW+EVaGPhF9Bn4RY0b+EUnHfhFwB74RVog
+EX2IfhFjyP4RScl+EXAJvhFXCj4RfQp+EWPK/hFJy34RcAu+EVaMPhF9DH4RY0z+EUnNfhF
wDb4RVw4+EX0OfhFjzv4RSc9+EXCPvhFXED4RfRB+EWNQ/hFJ0X4RcBG+EVcSPhF+En4RY1L
+EUnTfhFwk74RVpQ+EX2UfhFjVP4RSdV+EXAVvhFWlj4RfRZ+EWNW/hFJ134RcJe+EVaYPhF
9GH4RY9j+EUnZfhFwGb4RVpo+EV9avhFwGv4RSdt+EXCbvhF</AssayXData><AssayYData Points="900">NbK4QOHAuEAJ6LhALCG5QMsxuUBFLLlACDW5QNcmuUBTGLlA7kS5QCZJuUAzYrlAUEO5QAt6
uUBLYLlApWu5QMpZuUC6cblAa0a5QFZLuUDsZblAilC5QDhnuUBAU7lAWX25QIlkuUDZLblA
zWC5QE2PuUAUfLlA+3S5QHNyuUC8iblA43a5QBO3uUBEerlA5lC5QGKBuUAynLlAs2i5QF5H
uUCEVblAvHC5QAeBuUDaUrlA96u5QBaDuUAHg7lAzG65QIuRuUBLZLlAPJe5QJuZuUBPd7lA
w5a5QOmMuUB0gLlA6o65QPWjuUCXkLlAYK25QJR2uUCUeLlAaGu5QJ+SuUB/drlAmIi5QIx1
uUAHjblAXZm5QImPuUAKkrlAcXC5QFyQuUC1dblAmYi5QJp8uUBKlLlAyEq5QNOGuUANiblA
aaq5QGZquUDQgblAo5+5QG2ruUCsjblA2oC5QLqiuUBorrlAAqO5QM+0uUBMu7lAGqu5QPp9
uUAupLlAjpm5QGBquUCteLlA4LC5QN+YuUC2c7lAmaK5QIa5uUBYmrlAIHy5QACjuUA0m7lA
Zam5QOuUuUCedblARZK5QOauuUALmLlAZ6+5QIGauUDAg7lA3nK5QH+auUDZj7lAdIi5QDfF
uUCXnLlAmJa5QDmAuUBAr7lALpy5QCCtuUAuqrlAXZS5QEOuuUDawrlAGpC5QIuruUCzx7lA
8Ju5QP6MuUDPv7lACnm5QPSOuUDjgLlAfam5QHuTuUA/w7lAdbm5QG+auUCWlrlAtp65QN6f
uUDQnrlA1ZW5QGGWuUAzlblAxri5QGmnuUD9ZblAJa+5QLa0uUA+u7lAdY65QLzRuUDIpLlA
q6m5QIemuUD2r7lA7525QEbXuUBHeLlAP5e5QE3DuUBTvLlAi625QA6muUAysLlAP5O5QAjO
uUB/s7lAFKy5QNOguUDHxblA1cu5QLHNuUAVorlAWqu5QJS1uUCKxblAk9a5QFu3uUB0xrlA
pM+5QNKOuUAfp7lApqW5QLHDuUCLtLlAI8K5QIzwuUDhpblAVrq5QPunuUDakblAm9C5QEa6
uUDmvrlAZb65QBziuUCCvblAIMS5QPi/uUCPyLlAkb25QIasuUCUw7lAqZG5QKLLuUDw47lA
ILO5QFKmuUA85blA5sy5QHnAuUCmqrlA7cS5QMHFuUAx2rlAfZi5QPG3uUArz7lAi9a5QBup
uUATx7lAfda5QCnLuUCFvblAdfe5QFTCuUDu2blAgsy5QOrnuUCEq7lAkZO5QCfquUBV4blA
vNO5QL3RuUDT5LlAWbe5QNDNuUAf2rlASOu5QIbAuUDvuLlA1cy5QLnRuUCyzrlAW5O5QCDc
uUBGqLlAGtO5QI/TuUDS07lA2Na5QMjvuUDIzLlAf/y5QNHguUC557lAhNa5QPnguUBJtrlA
TNC5QLDDuUBw1LlAo6W5QIDquUB35LlAIcK5QEfOuUCo17lAb8u5QB/SuUBcxrlALuO5QJHB
uUBv47lA6NO5QGrNuUD2/rlAYNu5QOzxuUCiJrpASL25QE3KuUAw2LlAmL65QPXQuUC37blA
5Mq5QFDNuUAz2LlArey5QJ/LuUBvtblA1fu5QH7HuUCY2LlAo9e5QPQBukCz8blAMye6QJMH
ukA87rlA2Mm5QDHpuUBd3LlA+9S5QJLouUBo3blAn8S5QHrtuUBKxblAU/G5QGf6uUCm8blA
8xC6QMPwuUBi9blASdC5QDf5uUAhqrlAIcu5QHbsuUAp4rlA3ga6QCDouUCR17lAyNO5QJHR
uUAq7rlAIPy5QC3nuUCg7LlAwM25QJbluUDmDrpAAg66QKa4uUC6CbpAnuy5QHnkuUCO77lA
leu5QBHcuUBZxblAwQK6QMkHukBX8rlAYga6QLPhuUCE47lAewW6QE8KukBnz7lAVNe5QJHW
uUBD6rlAr+K5QNUVukAO5LlAvga6QID+uUBa5LlAGfe5QB/nuUA76LlAygO6QEMrukDK/blA
j825QEbguUCoJ7pAruW5QNoBukAEBbpApue5QFf0uUBZ6LlAtei5QKkGukAn/blAvgC6QD7n
uUA7/7lAtAy6QMvvuUCKGLpAlPi5QD3BuUD4B7pAsQS6QP3fuUD3F7pAmPu5QCrtuUAH6LlA
Ozm6QOjouUCt6LlAiPe5QG31uUAD7LlAXxS6QKPzuUD/ALpACgu6QP0dukAG/blARxi6QNnp
uUCA4blA5h66QNrnuUBLB7pATBq6QKUbukBt9rlA1ve5QNH1uUC2HbpApu25QHXouUBHELpA
ChC6QL46ukCx77lAeR26QOzwuUDZMrpAxAG6QBkvukBKIbpAmyO6QB0KukDGFrpA/A+6QJMR
ukCwF7pAGza6QAv3uUCkD7pAOB+6QKIVukBsHLpAyDq6QMMTukCdK7pAXiy6QO0cukDpELpA
oCK6QA/2uUB7JLpA0wy6QFP5uUDVAbpAZyO6QD8dukAF+blAWxa6QKYQukCm87lAPfy5QNkt
ukASLbpAjwO6QMIvukAr67lApCO6QC4QukDfJ7pA5+m5QAM8ukDrJbpAwxO6QKQsukAoILpA
h/e5QGIMukB2LrpARQS6QAU1ukC+HLpAUR66QDYjukA9GLpA7RO6QKYHukAtNbpAn0O6QPsd
ukDGLbpAHi+6QLsAukCEQ7pAjyC6QBUEukAy8blAPCu6QDsHukDEDrpA7xO6QNYhukBiKbpA
Qze6QAsZukC1DrpABTu6QA1TukB0GLpAuyG6QAItukDnFrpAEjW6QDIzukCMD7pAEBa6QMtA
ukCwBbpA2TC6QFEcukC/JrpASCe6QO1XukAGJLpAWRy6QCZBukAkQrpAyBu6QG5DukDWNLpA
TEe6QD0cukCkLLpAChu6QJJDukDhK7pA4iK6QHUZukBXM7pATge6QOIrukATELpABD66QFJN
ukDiMbpAYBK6QBYEukBFNrpAp0C6QGEYukBFPbpAyDi6QMEUukCHIbpAoTi6QIwcukBhG7pA
ay26QNc3ukBbHrpAQVe6QDE+ukB0M7pA9BO6QL1RukBQCrpAUkS6QJxBukCgOrpAnxy6QM1K
ukDQKbpAlke6QCMxukBnPbpAlhm6QBE5ukCbD7pAmz+6QKdwukBiKLpABRu6QNUwukC8QLpA
ZDe6QAtAukA1JrpA/DK6QPAoukABN7pAtBq6QBElukDPS7pAcQm6QJ0tukAEVLpA6Ta6QGpO
ukAjMbpAeEG6QIYuukAUN7pAcEW6QPBQukBbHrpA51K6QBAWukD5TLpAv1y6QJcrukDCZLpA
7ze6QGdPukBtFLpAeTG6QHZVukCeNrpAQkO6QFxPukCvR7pALBm6QKRTukCTP7pAOCa6QEpX
ukDuP7pA71y6QAJeukDQMbpAJEO6QGAUukAWTbpA3Ay6QJxXukDSZLpA/j+6QCVGukDzOrpA
bT26QJpJukDMU7pAPVy6QKs4ukAPS7pAVi66QLZBukDiMLpA0VG6QOAvukDkZbpAq0e6QCFE
ukCgRbpAw0y6QOEbukAqHLpAzUG6QEw4ukDJP7pA9Wy6QIM4ukBuULpAmFK6QFtZukA2XLpA
f1C6QLw4ukCLWrpAyju6QDZ5ukBHZbpAY0q6QOVpukBDRrpAhki6QOJrukCac7pAP0O6QIRP
ukARWbpAvy+6QOReukBXR7pAl0K6QIhSukAfTrpAQW26QKEwukDkTrpAxEm6QG0qukD3YbpA
JEC6QORMukDpSLpAL2y6QJ1kukCwWLpAE1W6QBBJukDbU7pA2Eq6QKxKukDqX7pAMFK6QIpV
ukCnSrpAH0y6QLUiukAjOLpANVK6QBRaukChUrpA5ZK6QOpoukBUSrpAqna6QPtTukCuRrpA
xlG6QGB9ukCEP7pAX3G6QPGBukAdU7pAuUK6QBBKukBYSLpAmV66QOFpukApUrpAOmu6QGZj
ukAnXbpAb1u6QF1kukDkTbpADTu6QL5iukBma7pAul26QCNFukCZZbpAiy26QABqukDrgrpA
YWa6QDNdukA+RbpA1FG6QI9IukCdWrpAyW66QExfukCqWLpAnni6QPJEukBQYbpAona6QClK
ukDKKrpA82e6QKxFukAkQrpABXq6QLFyukCDW7pAElG6QNlUukBWabpA7Ze6QNJ6ukBMZLpA
0mm6QLVvukDBQrpAY2C6QAhmukDwSLpAtHu6QMp4ukCYbrpA7Dy6QAVrukA2mLpAAYm6QO1M
ukDecLpAN026QH9cukDHd7pA8Uy6QE5sukDkYbpAzVe6QFRMukD+X7pAKn66QL5SukASb7pA
+3S6QBk8ukBvgrpAb066QDODukBYWLpAfHG6QKdFukAwRbpAK4C6QINLukD7aLpAIm26QPZf
ukCrg7pAiqG6QONrukBMU7pA9XK6QClkukCHkLpAcmm6QBSMukBufLpAZI+6QD6wukCuS7pA
J2y6QO2CukARVbpABUS6QN2LukD3gLpAnX26QLtqukDkd7pAAXy6QFpjukAplbpACoK6QMJs
ukBVprpApY66QJ9XukDNiLpAKVS6QHOMukDmhrpATXS6QIlbukCgk7pApXm6QHx4ukCsgLpA
55O6QBJZukAndrpA8Ga6QJmJukCze7pApHu6QKeRukAUf7pAxW26QBxtukBGRbpAnKq6QGZe
ukC8TrpA4HO6QIiMukBQVrpAKoC6QAaaukC8PbpAApK6QHx5ukCDcLpAIW66QFmnukABYbpA
Doa6QG5pukCTfLpA1oG6QGSNukASibpAr2i6QPaNukBdiLpA</AssayYData></Step><Step><CommonData><SampleLocation>3</SampleLocation><SampleID>Octet Buffer</SampleID><SampleGroup></SampleGroup><SampleInfo></SampleInfo><SampleRow>I</SampleRow><SamplePlate>1</SamplePlate><WellType>BUFFER</WellType><Concentration>-1</Concentration><ConcentrationUnits>µg/ml</ConcentrationUnits><MolarConcentration>-1</MolarConcentration><MolarConcUnits>nM</MolarConcUnits><MolecularWeight>0</MolecularWeight><Temperature>30</Temperature><StartTime>9038058</StartTime><AssayTime>300</AssayTime></CommonData><FlowRate>1000</FlowRate><StepType>DISASSOC</StepType><StepName>Dissociation</StepName><StepStatus>OK</StepStatus><ActualTime>300.001</ActualTime><CycleTime>0.2</CycleTime><AssayXData Points="1500">XHD4Rfhx+EWPc/hFK3X4RcJ2+EVeePhF9nn4RY97+EUrffhFwn74RVyA+EX2gfhFkYP4RSuF
+EXChvhFXIj4RfiJ+EWPi/hFKY34RcSO+EVckPhF9pH4RZGT+EUplfhFxJb4RVyY+EX4mfhF
kZv4RSmd+EXEnvhFXKD4Rfih+EWRo/hFKaX4RcKm+EVeqPhF+Kn4RY+r+EUrrfhFwq74RVyw
+EX2sfhFj7P4RSm1+EXCtvhFXLj4Rfa5+EWRu/hFKb34RcK++EVewPhF9sH4RY/D+EUpxfhF
xMb4ReHI+EUlyvhFj8v4RSnN+EXCzvhFYND4RfbR+EWP0/hFK9X4RcLW+EVc2PhF9tn4RY/b
+EUp3fhFwt74RVzg+EX24fhFkeP4RSnl+EXE5vhFXOj4Rfbp+EWP6/hFK+34RcLu+EVc8PhF
+PH4RZHz+EUp9fhFxPb4RV74+EX4+fhFj/v4RSn9+EXE/vhFXgD5RfYB+UWPA/lFKwX5RcQG
+UVcCPlF+An5RY8L+UUpDflFxA75RVwQ+UX4EflFjxP5RSsV+UXCFvlFXBj5RfYZ+UWRG/lF
KR35RcIe+UVcIPlF9iH5RY8j+UUpJflFwib5RVwo+UX2KflFjyv5RSkt+UXELvlFXDD5Rfgx
+UWPM/lFKTX5RcQ2+UVeOPlF+Dn5RZE7+UUpPflFxD75RV5A+UX2QflFkUP5RSlF+UXCRvlF
XEj5RfZJ+UWRS/lFKU35RcJO+UVcUPlF9lH5RZFT+UUpVflFwlb5RV5Y+UX2WflFkVv5RSld
+UXCXvlFXmD5RfZh+UWRY/lFKWX5RcJm+UXNaPlFEGr5RY9r+UUrbflFwm75RVxw+UX2cflF
j3P5RSt1+UXCdvlFXHj5RfZ5+UWPe/lFKX35RcJ++UVcgPlF9oH5RY+D+UUphflFwob5RV6I
+UX4iflFkYv5RSmN+UXCjvlFXJD5RfiR+UWPk/lFKZX5RcSW+UVcmPlF+Jn5RY+b+UUpnflF
wp75RVyg+UX2oflFj6P5RSml+UXEpvlFXKj5Rfap+UWPq/lFK635RcKu+UVcsPlF+LH5RZGz
+UUptflFxLb5RV64+UX4uflFkbv5RSm9+UXCvvlFXsD5RfjB+UWPw/lFK8X5RcLG+UVcyPlF
9sn5RY/L+UUpzflFxM75RV7Q+UX40flFj9P5RSvV+UXC1vlFXNj5RfbZ+UWP2/lFKd35RcLe
+UVc4PlF+OH5RY/j+UUp5flFxOb5RVzo+UX46flFkev5RSvt+UXC7vlFXPD5Rfjx+UWP8/lF
KfX5RcL2+UVc+PlF9vn5RY/7+UUr/flFxP75RV4A+kX4AfpFjwP6RSkF+kXEBvpF+gj6RT0K
+kWPC/pFKQ36RcIO+kVeEPpF9hH6RZET+kUrFfpFEhf6RV4Y+kX4GfpFjxv6RSsd+kXEHvpF
XCD6RfYh+kWPI/pFKSX6RcIm+kVeKPpF9in6RY8r+kUrLfpFwi76RVww+kX2MfpFjzP6RSs1
+kXCNvpFXjj6Rfg5+kWPO/pFKT36RcQ++kVcQPpF9kH6RZFD+kUrRfpFxEb6RVxI+kX4SfpF
j0v6RSlN+kXETvpFXFD6RfhR+kWPU/pFK1X6RcRW+kVcWPpF9ln6RY9b+kUrXfpFwl76RVxg
+kX4YfpFj2P6RSll+kXCZvpFXGj6RfZp+kWRa/pFKW36RcJu+kVccPpF9nH6RY9z+kUrdfpF
wnb6RV54+kX6efpFj3v6RSl9+kXEfvpFXID6RfiB+kWPg/pFKYX6RcKG+kVciPpF+In6RZGL
+kUpjfpFwo76RV6Q+kX2kfpFj5P6RSuV+kXClvpFXJj6RfiZ+kWPm/pFKZ36RcKe+kVeoPpF
9qH6RY+j+kUrpfpFwqb6ReOo+kUpqvpFkav6RSut+kXCrvpFXLD6Rfax+kWRs/pFK7X6RcK2
+kVeuPpF9rn6RZG7+kUrvfpFxL76RVzA+kX2wfpFj8P6RSnF+kXCxvpFXsj6RfbJ+kWPy/pF
Kc36RcLO+kVe0PpF9tH6RY/T+kUp1fpFwtb6RVzY+kX42fpFj9v6RSnd+kXC3vpFXuD6Rfjh
+kWR4/pFKeX6RcLm+kVe6PpF9un6RY/r+kUp7fpFwu76RVzw+kX48fpFj/P6RSv1+kXC9vpF
XPj6Rfj5+kWR+/pFKf36RcL++kVcAPtF9gH7RY8D+0UrBftFwgb7RVwI+0X2CftFjwv7RSkN
+0XCDvtFXBD7RfYR+0WPE/tFKRX7RcIW+0VcGPtF+Bn7RZEb+0UpHftFwh77RVwg+0X2IftF
kSP7RSkl+0XCJvtFXCj7Rfgp+0WRK/tFKS37RcQu+0VeMPtF9jH7RY8z+0UpNftFxDb7RVw4
+0X2OftFjzv7RSk9+0XCPvtFXED7RfZB+0WRQ/tFKUX7RcJG+0XRSPtFFEr7RZFL+0UrTftF
wk77RVxQ+0X2UftFj1P7RSlV+0XCVvtFXFj7RfhZ+0WRW/tFK137RcJe+0VeYPtF9mH7RZFj
+0UpZftFwmb7RV5o+0X4aftFkWv7RS1t+0XEbvtFXnD7Rfhx+0WPc/tFKXX7RcR2+0VeePtF
9nn7RZF7+0UrfftFwn77RV6A+0X2gftFkYP7RSmF+0XChvtFXoj7RfaJ+0WRi/tFKY37RcSO
+0VckPtF+JH7RY+T+0UplftFwpb7RVyY+0X2mftFkZv7RSmd+0XCnvtFXKD7Rfih+0WRo/tF
K6X7RcKm+0VeqPtF9qn7RY+r+0UprftFwq77RVyw+0X2sftFkbP7RSm1+0XEtvtFXLj7Rfa5
+0WRu/tFK737RcK++0VewPtF9sH7RZHD+0UpxftFwsb7RV7I+0X2yftFj8v7RSnN+0XCzvtF
XND7RfjR+0WP0/tFKdX7RcTW+0Vc2PtF+Nn7RY/b+0Ur3ftFwt77RV7g+0X24ftFj+P7RSnl
+0XC5vtFuuj7RQDq+0WP6/tFLe37RcTu+0Vc8PtF9vH7RY/z+0Up9ftFxPb7RX34+0X4+ftF
j/v7RSn9+0XC/vtFXAD8RfYB/EWPA/xFKQX8RcIG/EVcCPxF9gn8RY8L/EUpDfxFxA78RVwQ
/EX2EfxFjxP8RSkV/EXCFvxFXBj8RfgZ/EWRG/xFKx38RcIe/EVcIPxF+CH8RY8j/EUpJfxF
wib8RVwo/EX4KfxFjyv8RSst/EXELvxFXjD8RfYx/EWPM/xFKzX8RcQ2/EVcOPxF9jn8RY87
/EUpPfxFwj78RVxA/EX2QfxFj0P8RSlF/EXCRvxFXEj8RfhJ/EWPS/xFK038RcJO/EVeUPxF
9lH8RY9T/EUtVfxFwlb8RV5Y/EX2WfxFkVv8RSld/EXEXvxFXmD8Rfhh/EWPY/xFK2X8RcJm
/EVcaPxF+Gn8RZFr/EUpbfxFwm78RVxw/EX4cfxFj3P8RSl1/EXCdvxFXHj8Rfh5/EWRe/xF
KX38RcR+/EVcgPxF9oH8RY+D/EUrhfxFwob8RaiI/EX2ifxFj4v8RSmN/EXCjvxFXJD8RfiR
/EWRk/xFK5X8RcKW/EVcmPxF9pn8RY+b/EUpnfxFwp78RV6g/EX2ofxFj6P8RSml/EXCpvxF
Xqj8Rfap/EWRq/xFKa38RcKu/EVcsPxF9rH8RZGz/EUrtfxFwrb8RVy4/EX4ufxFj7v8RSm9
/EXCvvxFXMD8RfbB/EWPw/xFK8X8RcTG/EVeyPxF9sn8RY/L/EUpzfxFxM78RVzQ/EX20fxF
kdP8RSnV/EXC1vxFXtj8RfbZ/EWP2/xFK938RcLe/EVc4PxF9uH8RZHj/EUr5fxFwub8RV7o
/EX46fxFj+v8RSvt/EXC7vxFXPD8Rfjx/EWR8/xFK/X8RcL2/EVe+PxF+Pn8RZH7/EUp/fxF
wv78RVwA/UX4Af1FjwP9RSkF/UXCBv1FXgj9RfYJ/UWRC/1FKQ39RcIO/UVcEP1F9hH9RY8T
/UUrFf1Fwhb9RV4Y/UX4Gf1Fjxv9RSkd/UXCHv1FXCD9RfYh/UWPI/1FKSX9RcIm/UXTKP1F
Fir9RY8r/UUrLf1Fwi79RVww/UX2Mf1FjzP9RSk1/UXCNv1FXDj9Rfg5/UWPO/1FKT39RcI+
/UVeQP1F9kH9RY9D/UUpRf1FxEb9RVxI/UX2Sf1FkUv9RStN/UXCTv1FXlD9RfZR/UWPU/1F
KVX9RcJW/UVcWP1F9ln9RY9b/UUpXf1FxF79RV5g/UX2Yf1Fj2P9RSll/UXCZv1FXmj9Rfhp
/UWRa/1FKW39RcRu/UVccP1F9nH9RZFz/UUpdf1Fwnb9RV54/UX2ef1Fj3v9RSt9/UXCfv1F
XID9RfiB/UWPg/1FKYX9RcKG/UVciP1F9on9RY+L/UUrjf1Fwo79RVyQ/UX2kf1Fj5P9RSmV
/UXClv1FXJj9RfaZ/UWPm/1FK539RcSe/UVcoP1F+KH9RZGj/UUrpf1Fwqb9RVyo/UX4qf1F
kav9RSmt/UXCrv1FXLD9Rfax/UWRs/1FKbX9RcS2/UVeuP1F9rn9RY+7/UUpvf1Fwr79RVzA
/UX2wf1Fj8P9RSvF/UXCxv1F38j9RSXK/UWPy/1FK839RcLO/UVe0P1F9tH9RY/T/UUp1f1F
wtb9RVzY/UUI2v1Fkdv9RSnd/UXC3v1FXOD9Rfjh/UWR4/1FKeX9RcLm/UVc6P1F9un9RY/r
/UUp7f1Fwu79RVzw/UX28f1FkfP9RSn1/UXC9v1FXPj9Rfj5/UWP+/1FK/39RcL+/UVeAP5F
9gH+RY8D/kUpBf5Fwgb+RVwI/kX2Cf5Fjwv+RSkN/kXCDv5FXhD+RfYR/kWPE/5FKxX+RcIW
/kVcGP5F+Bn+RY8b/kUpHf5Fwh7+RVwg/kX2If5FjyP+RSkl/kXCJv5FXCj+Rfgp/kWRK/5F
KS3+RcIu/kVeMP5F+DH+RY8z/kUrNf5Fwjb+RV44/kX4Of5Fjzv+RSk9/kXCPv5FXED+RfZB
/kWRQ/5FKUX+RcJG/kVcSP5F9kn+RY9L/kUrTf5Fwk7+RV5Q/kX2Uf5Fj1P+RSlV/kXEVv5F
Xlj+RfhZ/kWRW/5FKV3+RcRe/kVeYP5F9mH+RY9j/kUpZf5FxGb+RQxp/kVOav5Fk2v+RSlt
/kXCbv5FXHD+RfZx/kWPc/5FKXX+RcJ2/kVceP5F9nn+RY97/kUpff5Fwn7+RVyA/kX4gf5F
j4P+RSuF/kXChv5FXIj+RfaJ/kWPi/5FK43+RcSO/kVekP5F9pH+RZGT/kUplf5Fwpb+RVyY
/kX2mf5Fj5v+RSmd/kXCnv5FXKD+Rfah/kWRo/5FK6X+RcKm/kVcqP5F9qn+RY+r/kUprf5F
wq7+RV6w/kX2sf5FkbP+RSu1/kXEtv5FXrj+Rfa5/kWPu/5FK73+RcS+/kVcwP5F9sH+RZHD
/kUpxf5Fwsb+RVzI/kX2yf5Fj8v+RSnN/kXCzv5FXtD+RfjR/kWR0/5FKdX+RcLW/kVe2P5F
9tn+RZHb/kUp3f5FxN7+RVzg/kX24f5FkeP+RSvl/kXC5v5FXOj+Rfbp/kWR6/5FK+3+RcTu
/kVc8P5F+PH+RY/z/kUp9f5Fwvb+RVz4/kX4+f5Fj/v+RSv9/kXC/v5FXAD/RfYB/0WRA/9F
KwX/RcIG/0VcCP9F+An/RZEL/0UrDf9FxA7/RVwQ/0X2Ef9FjxP/RSkV/0XEFv9FXBj/RfgZ
/0WPG/9FKR3/RcIe/0VcIP9F9iH/RY8j/0UpJf9FxCb/RV4o/0X2Kf9Fjyv/RSkt/0XCLv9F
XDD/RfYx/0WPM/9FKTX/RcI2/0VcOP9F+Dn/RY87/0UrPf9Fwj7/RV5A/0X2Qf9FkUP/RSlF
/0XCRv9FXkj/RfZJ/0WRS/9FKU3/RcJO/0VeUP9F9lH/RZFT/0UpVf9Fwlb/RV5Y/0X2Wf9F
j1v/RStd/0XCXv9FXmD/Rfhh/0WRY/9FKWX/RcJm/0VcaP9F9mn/RY9r/0Urbf9Fwm7/RV5w
/0X4cf9Fj3P/RSl1/0XCdv9FXHj/Rfh5/0WRe/9FK33/RcJ+/0VcgP9F9oH/RY+D/0Uphf9F
xIb/RV6I/0X2if9Fj4v/RSuN/0XCjv9FXJD/RfiR/0WPk/9FKZX/RcSW/0VcmP9F+Jn/RY+b
/0Upnf9FxJ7/RVyg/0X4of9Fj6P/RSml/0XCpv9FXKj/Rfip/0WRq/9FK63/RcSu/0VesP9F
9rH/RY+z/0Uptf9Fwrb/RVy4/0X4uf9Ftrv/RSm9/0XEvv9FXsD/RfbB/0WPw/9FKcX/RcLG
/0VcyP9F9sn/RZHL/0Urzf9Fws7/RV7Q/0X40f9Fj9P/RSvV/0XC1v9FXtj/RfbZ/0WP2/9F
Kd3/RcTe/0Vc4P9F9uH/RY/j/0Up5f9Fwub/RVzo/0X46f9Fkev/RSvt/0XC7v9FXvD/Rfbx
/0WR8/9FK/X/RcL2/0Vc+P9F9vn/RZH7/0Up/f9Fwv7/RS4AAEb8AABGyQEARpUCAEZiAwBG
LgQARvwEAEbIBQBGlAYARmIHAEYvCABG+wgARsgJAEaUCgBGYQsARi4MAEb8DABGyA0ARpQO
AEZiDwBGLhAARvsQAEbJEQBGlBIARmETAEYuFABG/BQARsgVAEaUFgBGYRcARi4YAEb7GABG
yRkARpQaAEZhGwBGLhwARvscAEbIHQBGlR4ARmIfAEYuIABG+yAARsghAEaUIgBGYSMARi4k
AEb7JABGyCUARpUmAEZhJwBGLigARvsoAEbIKQBGlCoARmErAEYuLABG+ywARsktAEaVLgBG
Yi8ARi4wAEb8MABGyDEARpQyAEZiMwBGLjQARvw0AEbJNQBGlDYARmE3AEYuOABG+zgARsk5
AEaUOgBGYjsARi48AEb8PABGyT0ARpU+AEZhPwBGLkAARvtAAEbIQQBGlEIARmFDAEYvRABG
+0QARshFAEaVRgBGYkcARi9IAEb7SABGyUkARpRKAEZiSwBGLkwARvtMAEbITQBGlE4ARmFP
AEYuUABG+1AARshRAEaUUgBGYVMARi5UAEb8VABGyFUARpRWAEZiVwBGLlgARvtYAEbIWQBG
lVoARmJbAEYuXABG+1wARshdAEaUXgBGYV8ARi5gAEb8YABGyWEARpViAEZhYwBGL2QARvtk
AEbIZQBGlGYARmFnAEYuaABG+2gARslpAEaUagBGYWsARi9sAEb7bABGyW0ARpRuAEZhbwBG
LnAARvtwAEbIcQBGlHIARmFzAEYvdABG+3QARsh1AEaUdgBGYncARi54AEb7eABGyXkARpR6
AEZiewBGL3wARvt8AEbJfQBGlH4ARmF/AEYugABG+4AARsiBAEaVggBGY4MARi6EAEb8hABG
yIUARpWGAEZhhwBGL4gARvuIAEbJiQBGlIoARmGLAEYujABG+4wARsiNAEaVjgBGYY8ARi+Q
AEb7kABGyZEARpSSAEZhkwBGL5QARvuUAEbJlQBGlJYARmGXAEYvmABG+5gARsiZAEaUmgBG
YZsARi6cAEb8nABGyZ0ARpSeAEZinwBGL6AARvugAEbJoQBGlaIARmGjAEYupABG/KQARsml
AEaUpgBGYacARi+oAEb8qABGyakARpSqAEZhqwBGL6wARvusAEbIrQBGlK4ARmGvAEYvsABG
/LAARsixAEaUsgBGYbMARi60AEb8tABGyLUARpS2AEZhtwBGL7gARvu4AEbJuQBGlLoARmG7
AEYuvABG/LwARsm9AEaUvgBGYb8ARi7AAEb7wABGycEARpXCAEZiwwBGL8QARvvEAEbJxQBG
lcYARmHHAEYuyABG/MgARsnJAEaUygBGYcsARi/MAEb7zABGyc0ARpTOAEZizwBGLtAARvzQ
AEbI0QBGldIARmLTAEYu1ABG+9QARsjVAEaU1gBGYtcARi7YAEb82ABGyNkARpTaAEZh2wBG
LtwARvvcAEbI3QBGld4ARmLfAEYu4ABG/OAARsnhAEaU4gBGYeMARi/kAEb85ABGyOUARpTm
AEZi5wBG</AssayXData><AssayYData Points="1500">oIe5QK2uuUAUlrlAOrC5QP3puUCYvLlA2LK5QOTEuUCEzLlAvsW5QM3YuUDW37lAAOW5QKft
uUA94LlABOm5QK3MuUDU4LlAcuG5QG7YuUDi+blA59y5QHLpuUCjBbpAmAC6QErTuUDjzblA
Wvi5QOzguUBP/blAb/G5QHbruUCj+7lAEw26QJoMukCf9LlAxuq5QAf9uUDP77lAoDK6QETx
uUDxCbpAzi26QDDjuUCD7LlA/xm6QPwEukCK+7lAiPO5QD0SukAh37lAlxq6QEAEukBgA7pA
I/65QP8pukDf87lAphm6QN/+uUAjHLpArxC6QOgZukC+G7pAPia6QAAGukCd9rlAX/e5QFEA
ukBPA7pABf+5QGH6uUAmMLpAef+5QHHvuUDTLbpAih26QMcQukB3ELpAUf+5QJcJukBeObpA
YkK6QKwKukCb/LlA6ha6QHQBukB4IbpAAA+6QLk2ukCOBrpAUQ+6QBk3ukAXJLpA+xO6QKr1
uUBSILpAVOS5QNwIukAv9blA2A66QDoaukCcLrpAZxu6QDYRukCbG7pAvfy5QC0YukByA7pA
SAu6QJsMukAfS7pAyv+5QNoyukBCKrpAwTm6QJYyukDcALpAoSe6QKUUukDEQ7pAxyK6QGUP
ukD7GrpArhG6QJkNukACNLpAPyy6QKokukBzE7pAPCC6QLANukDwNbpA3Ca6QEkMukAoH7pA
LTG6QAUJukBcGbpAjy66QPwmukDJIbpADB66QBYUukAHKbpA9Cu6QIEkukClE7pAOiy6QJ89
ukAH/7lAIh+6QHJSukChIbpA4D66QGESukA+H7pAQ0i6QD4aukBmP7pA1fy5QAopukBaBLpA
JSe6QFQYukAeErpAjSW6QC0kukAhQLpA+uq5QBQmukD1RbpAhiG6QAEwukDvMrpAFi66QKA9
ukDRTLpAQlK6QEw8ukARM7pAoFa6QEwIukCsNbpA9k+6QJJDukDQI7pAOEa6QBM/ukBuObpA
1Dy6QBYjukACYrpApFi6QElPukAKE7pAHCm6QJIqukCPGLpA4lO6QMJZukCdR7pAoS+6QJAQ
ukB4LLpA/Rm6QAhTukC+JbpAFSK6QEMwukBeWrpA9BW6QLpEukASI7pAmDu6QE5BukAubrpA
vD+6QNETukBfRLpA0S26QCswukBjWbpA11S6QHgkukBSY7pAQky6QKE1ukDwSLpAMT66QCU0
ukBNI7pA9je6QBVaukDlaLpAxy26QEssukB6LbpA2hy6QDM4ukBWLbpAPDy6QJxFukCNE7pA
hF66QM9hukBrNLpAAl+6QFsvukC+HbpAKmG6QFhLukDmTbpAumi6QJU3ukDmPbpAJ0y6QIZD
ukAMOLpANSq6QIJbukD2TLpA80i6QNsZukDDNLpAqjK6QGBTukDjRrpAq1m6QNU7ukAWV7pA
JS66QHtaukBLWbpAkDu6QKcxukDaS7pA4Se6QAwVukAvX7pAoUi6QAVCukAiarpA4iu6QJ8p
ukBJSLpAV1K6QO03ukAwRLpAc3m6QEZYukAyLrpAtHO6QHZbukApSLpA+UW6QJlFukC0Q7pA
Sk26QJZiukBzL7pAVzK6QJ5UukAWRLpAHWO6QEVwukBWVbpAjmO6QEhvukDrYLpAe0m6QD1I
ukAoe7pAKE26QCJiukCsUrpA7Vy6QJ9gukCwWLpA9j26QBRWukCxmLpAjUW6QPpRukDBcLpA
rFi6QMI6ukC6WbpAjU+6QK1gukDWPbpAB3m6QDJTukARZLpAVFK6QAxvukBZWrpAXH66QJdk
ukA8TrpAwG66QIVPukCUSrpAz3y6QNZWukDXY7pApnq6QJWWukATUbpAoHG6QBVuukCgarpA
EF66QMpRukAjUbpAblG6QMJiukB6ULpAI466QHVMukCTYbpAxEq6QIZdukAYbbpAlFO6QP9y
ukAparpAeEi6QGtsukCTY7pANjG6QIZaukBqZLpACli6QGdXukADdLpAOmm6QM1/ukA+W7pA
2Gu6QHhbukCrW7pAbIK6QE+AukAhe7pAHWS6QB9hukBLUrpAsWS6QC9sukBOarpASmu6QFBf
ukBSi7pAQoi6QIhUukCRc7pAGV66QHNqukBJd7pAYW66QDdfukCbcbpAr0q6QFBKukCUYbpA
a3a6QL1sukBOhLpAK1e6QDhjukCpX7pAtWe6QDNpukAAZLpAI1y6QBpOukCmZrpAv2+6QHBp
ukA9XbpAY3i6QDObukCei7pAwki6QL6bukCmVLpAqly6QFGCukDAqLpABGy6QBBuukB7c7pA
Q4+6QER0ukB1aLpA/mC6QHhxukC9hrpAMGW6QIZFukBWR7pA0FG6QO5XukDWbrpAE3y6QJOP
ukBVXbpApHy6QJ51ukA9PrpATn66QJ1xukCgcLpAWWa6QLR8ukBQVrpA/l66QOppukA/XrpA
1GK6QNRYukDuZbpAi166QChgukC5gLpA4Yy6QFKBukBKZLpARHa6QPp3ukCOdrpAyne6QByJ
ukBBVLpAF3+6QBxfukDulLpAr4K6QIl+ukBLgrpA0nS6QLBkukCNt7pAhky6QDCFukAbe7pA
oG66QNOCukB5fLpApY26QKtSukByfLpA1nq6QJZhukB2gbpAoXa6QARsukAqdLpAf5G6QESJ
ukBbWrpAZmm6QDeXukDWcbpA0YW6QOCHukCNgrpAoX26QJ9kukBYfLpAjYe6QPl6ukCJZrpA
oXy6QNOJukDLdrpAo3q6QFV6ukARkrpAu3S6QL6gukBdjbpAEGu6QIdhukC7fbpAgXO6QOZ/
ukDTk7pAxoS6QCtcukBLjbpApH66QOGBukASh7pAyZ26QJqjukDtgLpAAoa6QGJ+ukB6p7pA
O5C6QJGDukA0nrpAHYm6QLJiukCpj7pA3pu6QNOZukDClLpANnW6QG2iukDHkbpAKlW6QOF7
ukAnjrpAqIC6QEePukB1lbpAzo+6QBWgukDIp7pAvnC6QLCDukB7m7pAUYy6QPePukB2krpA
AYy6QBquukB5qrpA61u6QFpgukDvk7pAdIW6QC6bukCVs7pAp1m6QG18ukDrl7pA+Y26QG9+
ukBIorpAlXu6QP6RukC4pbpAyJm6QAGFukDcibpAqp26QISUukDTm7pAnqO6QOJlukCfh7pA
EYO6QDGhukDcWrpAWY26QBORukC3lLpA2qu6QOiVukDdobpA+6C6QLGeukCLcrpADKy6QK+i
ukCWmbpARaK6QI3AukCfkLpAV5W6QMDGukAOwLpAtqa6QKioukClkrpAX4S6QIKmukC/pLpA
OnG6QOSYukBmkLpAOH66QEvPukAepLpApYa6QNJiukClorpA06K6QD+OukBXybpAtaq6QAWg
ukBK07pAtJ26QNtzukDllbpAzpW6QLmRukDhprpAPpy6QG6QukCsmLpA+cS6QDy3ukDdt7pA
to66QFGPukACqbpANJm6QFG4ukC6l7pA9Ju6QA2rukA2kLpAXJ26QImdukAin7pAHKy6QC2f
ukDfmbpARca6QN/AukBdfrpAsJ26QAnDukAEubpA1aS6QHi0ukCyu7pAdam6QGy4ukAwpLpA
Coy6QLOVukAkyrpAyZO6QAC7ukBEyrpATaS6QLGUukAelrpA1Ia6QE+VukDGzLpAoL26QCSK
ukD+0rpAKsC6QFNrukDt07pAIpC6QPCyukD8xbpAH6O6QCaZukDSwLpAc7C6QAfOukBqarpA
m7W6QMmpukBkl7pAAbS6QHCzukA4r7pAU6y6QOevukB6l7pAjMy6QK6oukCSr7pA38q6QLLh
ukCNnbpAxaO6QG3WukBUp7pAHp26QL3lukD0qLpArsK6QMi+ukDMt7pAYcC6QK/DukAWr7pA
pbS6QBqnukDUq7pADrS6QIOoukAf0rpAKqO6QDyyukBsv7pAtKC6QHa+ukALtbpAxb26QL2S
ukChtrpA9NS6QLGqukDutLpA/bq6QPysukAApbpA+8a6QOPMukB0s7pA4MG6QG63ukBfw7pA
vNK6QO6oukAp4bpA/8m6QAPWukBtt7pArem6QAi+ukBHvLpA09+6QCLGukC/sLpAtLe6QP7K
ukBjqbpAR8i6QAeuukAix7pAusm6QBa6ukAEybpAp5i6QIPKukAA4rpAqsC6QPLOukACurpA
9rS6QBnAukDu2rpAZJ26QJ7MukDGn7pAw726QP7HukDqrLpAbOm6QEyRukAgubpAfrO6QOKn
ukBgwbpAws+6QGX3ukA3xrpA9PK6QITCukB83LpASdq6QCXHukDhobpAttK6QMKuukAv77pA
Yr26QJnQukD/uLpApKK6QGHZukCjsrpAx+O6QBrdukCs2bpAqMq6QLzWukD/2LpAkbC6QEjg
ukABu7pAjOK6QNIFu0Bjp7pAubu6QD7kukD5urpAcKq6QHvTukCyv7pAk+O6QPneukCt47pA
qKy6QPqwukCN4bpAwsG6QFzhukDz0rpAHO+6QAyVukDRu7pACsW6QCqoukAdxbpAj6y6QGSg
ukCDrbpAceC6QM29ukCy07pADNG6QAKsukAmxLpAjdi6QDvTukDcsLpAKdy6QIbqukAnuLpA
Cs26QFfLukB01LpAE+m6QKjIukBSybpA7Om6QM3NukDfzrpANKS6QPXdukA847pAo8C6QBbt
ukC3v7pAl+m6QKnjukCWv7pAW8C6QPj9ukBG+bpA8by6QI7pukAhxLpABdK6QEHcukAp4LpA
pQC7QMncukBQ7bpAWsu6QOvWukAv67pAJua6QKvuukDm3rpANtW6QKfJukD1+LpAyv+6QFnq
ukCWuLpAW8O6QF3lukDt9rpAFeK6QIu0ukC54LpAiMC6QPrSukAc27pATbe6QPLnukBj5bpA
lum6QPjeukBMz7pAA9a6QBPsukAx0LpA1tu6QLHTukDW2bpACNC6QO35ukDIsLpATe66QDLW
ukBMxbpA5OG6QFTcukC46bpAH8a6QJLVukBX5bpAEdS6QGThukCC17pAy9y6QOrLukBwArtA
k/G6QJ3fukBP7rpAHga7QOjfukCY2bpAcwq7QFvWukBuvrpAO+G6QNHmukBm57pAmwS7QCj3
ukBp2LpA9NO6QPvtukCSzLpAWei6QFjZukC18bpArfe6QHv2ukC2C7tAOfS6QDgPu0CT7rpA
hLe6QF/mukAg1LpAofS6QCL/ukD7A7tAgd+6QGPrukAu+bpAnO26QCPeukA257pAWA+7QAr/
ukDS1LpAmLW6QOMDu0Ac8rpASBG7QFLtukCS4LpA0fG6QNL2ukCwArtA+xK7QBfkukDGErtA
k9u6QA7wukB3A7tAhwy7QPfrukB5GLtA4NK6QGfkukDA47pAONm6QAbeukDj5LpAdv+6QFz4
ukDD77pAI+W6QLUXu0Db+rpAMQK7QHUMu0CZ4rpAMgK7QOUGu0Ba+rpAE+O6QOz4ukAZCLtA
6QC7QLw1u0DuCbtA4+y6QJ0Wu0DO/bpATPG6QO0Pu0BHB7tAJcq6QAAEu0BNArtAS6e6QLHo
ukBZ9rpAsAG7QMjdukAoA7tAF+i6QBvOukCF7rpABs+6QKPlukDD9rpAAgG7QGUCu0CO27pA
Tg67QFgNu0Bn8bpAL/66QE7wukASKLtAEN+6QM/6ukByA7tA0SW7QBYtu0AMEbtAaA27QE0O
u0Dm4LpAwv66QO3vukAm9rpAOwK7QLAYu0CL4rpA7wC7QGHtukBS57pA4wG7QOERu0CpD7tA
ZgO7QMf8ukD947pAfw67QJcpu0AO9LpAWA27QHjQukAn7rpALvO6QHYNu0CkOrtAKAq7QDH+
ukDR7rpA4B67QIYIu0CIHbtAwwG7QNzwukCN+LpAKAu7QBvDukC8PbtA0Bi7QLDjukCEJbtA
xBu7QC31ukDg+bpADwe7QGnqukCw9bpAifu6QPcSu0Ai07pAlhu7QL8cu0BjILtAxi27QGQQ
u0AM+bpAc/K6QN/+ukBm9rpAlwK7QGIsu0A0/bpAiQO7QLoCu0Bf8bpAtQa7QBDwukAQ/LpA
2/q6QMAOu0CYIbtAkiG7QHr/ukDhKbtAOBy7QLYSu0AMEbtAhfi6QN4hu0DZPrtAtRC7QKwP
u0DhNLtAJB27QJ0eu0Dx/bpAjwi7QGogu0BIH7tAViC7QIoou0BVRbtA7wO7QCX+ukDCL7tA
b/u6QOENu0CqC7tAiS27QKwtu0Dq87pA7xK7QO8ou0Cu8rpA7By7QA39ukBB9bpAyjC7QAIU
u0AzD7tAqRy7QK0ku0CP67pAthW7QJUru0B+3rpA8fW6QCEfu0CRGLtA9y67QC40u0AbVrtA
0f+6QLoyu0D7GLtArRS7QLkHu0BsDLtABia7QFELu0ARBLtA9dm6QOkcu0APHrtA+A27QFr6
ukAOLrtAayW7QNHhukAdE7tAUCC7QBYQu0A/NbtAJiW7QKUou0AzILtAJyK7QGUWu0AzJLtA
4yS7QIoru0CmIrtA4R67QPUOu0BjCLtAhlu7QA4ju0AvGrtAmwi7QEohu0CxIrtAqxe7QFEh
u0DzCrtAigm7QPA+u0BDN7tALi67QL03u0A6JLtANhm7QHARu0AIMbtA5gy7QFI9u0CQLLtA
ZfW6QFs0u0AVG7tAGS+7QLARu0CbSrtAURS7QDEXu0DFVrtArSi7QFYQu0BFGLtAFvy6QCkj
u0B1JrtAVzK7QMIIu0B7A7tAKDm7QJ5Au0DxE7tAMjy7QGgnu0D8FLtAIj+7QOEIu0DBT7tA
xya7QOBQu0DPHbtAgxS7QFhWu0DYIrtAByO7QFo6u0DSIbtA7ha7QDo3u0BBRrtAIzW7QBpJ
u0B9JrtAEQy7QO47u0CiK7tAJgO7QCxHu0BNS7tAqDK7QN5Ju0BbNbtApji7QBAOu0CSIrtA
MzG7QLkIu0A6K7tAEhG7QNI5u0B3GLtA+Qu7QG0Au0AsW7tAMgm7QJJJu0CFK7tAGRK7QFcW
u0CXKbtAKDO7QPMau0BAK7tAImS7QJMuu0D/KLtAu0O7QDU6u0DSIrtAjjK7QAMtu0DsLLtA
EyS7QGEnu0ABLLtADSK7QHA6u0D7IrtAjyK7QOVAu0AmELtArye7QFRBu0Cc77pALhm7QBIu
u0C/TbtAwC27QJ40u0CIPLtAbTS7QBA7u0A/LLtA3x67QOJLu0CoKbtAEDO7QFA8u0AmWrtA
Lyu7QORBu0BQK7tAfhO7QNceu0DeMLtAfzW7QJxHu0CzJLtAiA67QKJEu0AoO7tAijm7QCg4
u0DYOLtAB0+7QD8nu0ABPrtABUC7QHRJu0AGJrtAhSy7QAExu0DePLtAZVG7QO4ou0BJJLtA
KkC7QEldu0BiDbtAJDO7QHMXu0ApG7tANj67QI1Gu0A1KrtADvm6QOpbu0DVJbtAbma7QM0l
u0AwQ7tA2y67QDh4u0CtMbtA/Si7QKI/u0CTYbtAsTu7QMJDu0DdObtAM0C7QONCu0CoV7tA
Dga7QE0pu0BGN7tAUUK7QFgfu0AkKrtAb0K7QBMwu0CSM7tAJVu7QDNMu0C6N7tAoVa7QOMN
u0CkJ7tANVq7QOcou0AERbtAl3K7QF8vu0DyN7tAuSy7QNA3u0AHFbtAu1S7QHkxu0CdTbtA
0zO7QFdEu0B0LrtA+We7QHJju0CHMrtAQEK7QARFu0DuP7tAJBi7QA83u0CCOrtAF1e7QAVX
u0CgRLtAjk67QAV3u0CxUbtAI2C7QJo9u0CeNrtAcUi7QFhOu0B8WrtAXUu7QFVSu0BOLLtA
x027QJlBu0AKcLtAcmm7QDlIu0BzU7tABmO7QDleu0B2c7tAFFW7QFhJu0AdTrtAdlW7QJdb
u0BaKLtAYHy7QEY9u0D/M7tAHWm7QGhXu0DrW7tARpK7QF9ou0BoV7tATki7QG1Wu0D3TLtA
r227QI1Su0DaRbtAsFe7QCRku0DHTLtALTW7QFpSu0AgRLtAjTi7QAZQu0BAZ7tAFkm7QFFp
u0AWSrtA</AssayYData></Step><Step><CommonData><SampleLocation>7</SampleLocation><SampleID>Glycine</SampleID><SampleGroup></SampleGroup><SampleInfo></SampleInfo><SampleRow>J</SampleRow><SamplePlate>1</SamplePlate><WellType>REGENERATION</WellType><Concentration>-1</Concentration><ConcentrationUnits>µg/ml</ConcentrationUnits><MolarConcentration>-1</MolarConcentration><MolarConcUnits>nM</MolarConcUnits><MolecularWeight>0</MolecularWeight><Temperature>30</Temperature><StartTime>9347402</StartTime><AssayTime>5</AssayTime></CommonData><FlowRate>1000</FlowRate><StepType>KREGENERATION</StepType><StepName>Regeneration</StepName><StepStatus>OK</StepStatus><ActualTime>4.9998</ActualTime><CycleTime>0.2</CycleTime><AssayXData Points="25">L+gARv3oAEbK6QBGluoARmPrAEYv7ABG/OwARsrtAEaV7gBGYu8ARi/wAEb98ABGyfEARpXy
AEZj8wBGMPQARv30AEbJ9QBGlfYARmL3AEYw+ABG/PgARsn5AEaW+gBGYvsARg==</AssayXData><AssayYData Points="25">+IoMQOGPB0B03AVAdxsEQDbjAkBUyQFA/W0AQHdM/j/22/s/aUD5P/ts9j/ezvQ/WfjyPx5e
8T9oy+4/tmztP0ul6z89nuo/EaXoPy1B5z++OOY/3VflPwnv4z+3xuI/H4XiPw==</AssayYData></Step><Step><CommonData><SampleLocation>8</SampleLocation><SampleID>PBS</SampleID><SampleGroup></SampleGroup><SampleInfo></SampleInfo><SampleRow>J</SampleRow><SamplePlate>1</SamplePlate><WellType>NEUTRALIZATION</WellType><Concentration>-1</Concentration><ConcentrationUnits>µg/ml</ConcentrationUnits><MolarConcentration>-1</MolarConcentration><MolarConcUnits>nM</MolarConcUnits><MolecularWeight>0</MolecularWeight><Temperature>30</Temperature><StartTime>9360487</StartTime><AssayTime>5</AssayTime></CommonData><FlowRate>1000</FlowRate><StepType>KREGENERATION</StepType><StepName>Regeneration</StepName><StepStatus>OK</StepStatus><ActualTime>5.00078</ActualTime><CycleTime>0.2</CycleTime><AssayXData Points="25">L/wARv38AEbJ/QBGlv4ARmP/AEYvAAFG/AABRskBAUaWAgFGYgMBRi8EAUb9BAFGyQUBRpYG
AUZiBwFGLwgBRvwIAUbJCQFGlgoBRmILAUYvDAFG/AwBRskNAUaWDgFGYw8BRg==</AssayXData><AssayYData Points="25">+YyoQOw8qUBH0alAKSyqQNJrqkDf1qpALv+qQIlaq0BecqtANaerQNrmq0D+xqtAofOrQGs1
rEAbNqxAUlisQHONrEDKlaxAsNWsQPbArED1z6xAKL6sQBXPrEA78axAQO6sQA==</AssayYData></Step><Step><CommonData><SampleLocation>7</SampleLocation><SampleID>Glycine</SampleID><SampleGroup></SampleGroup><SampleInfo></SampleInfo><SampleRow>J</SampleRow><SamplePlate>1</SamplePlate><WellType>REGENERATION</WellType><Concentration>-1</Concentration><ConcentrationUnits>µg/ml</ConcentrationUnits><MolarConcentration>-1</MolarConcentration><MolarConcUnits>nM</MolarConcUnits><MolecularWeight>0</MolecularWeight><Temperature>30</Temperature><StartTime>9373566</StartTime><AssayTime>5</AssayTime></CommonData><FlowRate>1000</FlowRate><StepType>KREGENERATION</StepType><StepName>Regeneration</StepName><StepStatus>OK</StepStatus><ActualTime>4.9998</ActualTime><CycleTime>0.2</CycleTime><AssayXData Points="25">MBABRv4QAUbKEQFGlxIBRmQTAUYwFAFG/RQBRsoVAUaXFgFGZBcBRjEYAUb9GAFGyhkBRpYa
AUZjGwFGMBwBRv0cAUbLHQFGlx4BRmMfAUYwIAFG/SABRsohAUaWIgFGYyMBRg==</AssayXData><AssayYData Points="25">btr6P/pJ8j+6f+0/OHbqPyaw5z/01uU/MNbjP8t+4j9QruA/7qPfP2lA3z87Td0/zijdPxYQ
3D8/fts/1QXbP5MZ2j+TYNk/vifYP9kZ2D/5n9c/JBTXP4vG1j/11NU/1FjVPw==</AssayYData></Step><Step><CommonData><SampleLocation>8</SampleLocation><SampleID>PBS</SampleID><SampleGroup></SampleGroup><SampleInfo></SampleInfo><SampleRow>J</SampleRow><SamplePlate>1</SamplePlate><WellType>NEUTRALIZATION</WellType><Concentration>-1</Concentration><ConcentrationUnits>µg/ml</ConcentrationUnits><MolarConcentration>-1</MolarConcentration><MolarConcUnits>nM</MolarConcUnits><MolecularWeight>0</MolecularWeight><Temperature>30</Temperature><StartTime>9386636</StartTime><AssayTime>5</AssayTime></CommonData><FlowRate>1000</FlowRate><StepType>KREGENERATION</StepType><StepName>Regeneration</StepName><StepStatus>OK</StepStatus><ActualTime>5.00078</ActualTime><CycleTime>0.2</CycleTime><AssayXData Points="25">MCQBRv0kAUbLJQFGliYBRmMnAUYxKAFG/SgBRsopAUaWKgFGYysBRjEsAUb9LAFGyi0BRpYu
AUZkLwFGMTABRv0wAUbLMQFGljIBRmMzAUYwNAFG/jQBRss1AUaXNgFGZDcBRg==</AssayXData><AssayYData Points="25">vyKoQMHVqECtcqlA8vmpQDEMqkDsbapAqs2qQD/cqkA2AKtABTurQBNnq0BNX6tAJLGrQNbx
q0BkD6xAzQasQF8KrEATZKxAjHWsQNlirEDQn6xAno6sQKKbrECQlaxA9K+sQA==</AssayYData></Step><Step><CommonData><SampleLocation>7</SampleLocation><SampleID>Glycine</SampleID><SampleGroup></SampleGroup><SampleInfo></SampleInfo><SampleRow>J</SampleRow><SamplePlate>1</SamplePlate><WellType>REGENERATION</WellType><Concentration>-1</Concentration><ConcentrationUnits>µg/ml</ConcentrationUnits><MolarConcentration>-1</MolarConcentration><MolarConcUnits>nM</MolarConcUnits><MolecularWeight>0</MolecularWeight><Temperature>30</Temperature><StartTime>9399728</StartTime><AssayTime>5</AssayTime></CommonData><FlowRate>1000</FlowRate><StepType>KREGENERATION</StepType><StepName>Regeneration</StepName><StepStatus>OK</StepStatus><ActualTime>5.00078</ActualTime><CycleTime>0.2</CycleTime><AssayXData Points="25">MTgBRv84AUbMOQFGmDoBRmU7AUYxPAFG/jwBRss9AUaYPgFGZT8BRjFAAUb+QAFGy0EBRpdC
AUZkQwFGMkQBRv5EAUbMRQFGl0YBRmZHAUYxSAFG/kgBRsxJAUaXSgFGZUsBRg==</AssayXData><AssayYData Points="25">kRr3P4z97j8Xsek/VnTlP1sZ5D+o3eI/5XDgP3ns3z9A/d4/YyzdP1mA3D9Vets/gwXcPwa5
2j9PdNo/jhPZPxUJ2T/GPNg/6BbYP2nx1j/oFdc/2NnWPwpE1j8MaNU/oE/VPw==</AssayYData></Step><Step><CommonData><SampleLocation>8</SampleLocation><SampleID>PBS</SampleID><SampleGroup></SampleGroup><SampleInfo></SampleInfo><SampleRow>J</SampleRow><SamplePlate>1</SamplePlate><WellType>NEUTRALIZATION</WellType><Concentration>-1</Concentration><ConcentrationUnits>µg/ml</ConcentrationUnits><MolarConcentration>-1</MolarConcentration><MolarConcUnits>nM</MolarConcUnits><MolecularWeight>0</MolecularWeight><Temperature>30</Temperature><StartTime>9412824</StartTime><AssayTime>5</AssayTime></CommonData><FlowRate>1000</FlowRate><StepType>KREGENERATION</StepType><StepName>Regeneration</StepName><StepStatus>OK</StepStatus><ActualTime>5.00078</ActualTime><CycleTime>0.2</CycleTime><AssayXData Points="25">MkwBRv9MAUbMTQFGmE4BRmVPAUYyUAFGAFEBRs1RAUaZUgFGZlMBRjJUAUb/VAFGzFUBRphW
AUZmVwFGM1gBRv9YAUbMWQFGmVoBRmVbAUYyXAFGAV0BRsxdAUaYXgFGZl8BRg==</AssayXData><AssayYData Points="25">oASpQDS9qUCQOqpANI2qQEoBq0DiTatAeo6rQM22q0B116tA6CCsQH9nrEAPiKxAFJusQCy6
rEAT7KxAx+CsQGElrUA9Qq1AolCtQHRWrUAuT61A85KtQLJ2rUDxjq1AjrStQA==</AssayYData></Step><Step><CommonData><SampleLocation>3</SampleLocation><SampleID>Octet Buffer</SampleID><SampleGroup></SampleGroup><SampleInfo></SampleInfo><SampleRow>I</SampleRow><SamplePlate>1</SamplePlate><WellType>BUFFER</WellType><Concentration>-1</Concentration><ConcentrationUnits>µg/ml</ConcentrationUnits><MolarConcentration>-1</MolarConcentration><MolarConcUnits>nM</MolarConcUnits><MolecularWeight>0</MolecularWeight><Temperature>30</Temperature><StartTime>9427078</StartTime><AssayTime>20</AssayTime></CommonData><FlowRate>1000</FlowRate><StepType>CUSTOM</StepType><StepName>Sensor Check</StepName><StepStatus>OK</StepStatus><ActualTime>20.0008</ActualTime><CycleTime>0.2</CycleTime><AssayXData Points="100">M2ABRgBhAUbNYQFGmWIBRmZjAUYzZAFGAGUBRs5lAUaZZgFGZ2cBRoNoAUYlaQFGzWkBRppq
AUZnawFGNGwBRgBtAUbObQFGmW4BRmZvAUY0cAFGAXEBRs5xAUaacgFGZ3MBRjR0AUYAdQFG
zXUBRpl2AUZmdwFGNHgBRgB5AUbNeQFGmXoBRmd7AUYzfAFGAX0BRs59AUaZfgFGZn8BRjOA
AUYBgQFGzYEBRpmCAUZmgwFGNIQBRgCFAUbNhQFGmoYBRmeHAUYziAFGAIkBRs6JAUaZigFG
ZosBRjOMAUYAjQFGzY0BRpmOAUZnjwFGNJABRgCRAUbOkQFGmZIBRmeTAUY0lAFGAJUBRs6V
AUaZlgFGZpcBRjSYAUYBmQFGzZkBRpmaAUZmmwFGM5wBRgCdAUbNnQFGmp4BRmafAUY0oAFG
AKEBRs2hAUaZogFGZ6MBRjOkAUYApQFGzqUBRpmmAUZmpwFGM6gBRgCpAUbNqQFGmaoBRmar
AUY0rAFGAK0BRs6tAUaZrgFGZ68BRg==</AssayXData><AssayYData Points="100">kVOnQKJLpUD71KNAlQCjQCw5okBn76FAI5ShQJB2oUABaaFAY2ehQDtooUCdPKFAMVmhQLJz
oUBAgaFAZ2yhQJ6joUCEpqFA2a2hQIDIoUBKuqFA89ehQDC8oUDezaFA8vuhQAvjoUCVDKJA
fxmiQA8mokAY7KFAMCiiQNFLokD4KKJALjWiQB81okD5WaJAtW6iQKZpokCCSaJA3YyiQKRz
okBLXaJAAniiQJmiokBWiKJAbnyiQBi+okCrd6JAKZWiQBWwokDT3qJAt8eiQDC2okAW6KJA
OrCiQBfAokAh16JAfuuiQAK5okBX7qJAoeWiQDPTokCv4qJAfhOjQIUoo0DAEKNA9wOjQAD2
okBhCKNABiWjQO4To0BkGaNAfCmjQMUVo0CFM6NA5jyjQGE3o0CCT6NAuDmjQAtUo0AnS6NA
z0WjQNkio0BwaqNAC32jQCOWo0CdYqNAUoSjQFtNo0APgqNA7mSjQC+Lo0AChaNAaX2jQDiG
o0CybqNA4IajQOq/o0D4mKNApZ+jQA==</AssayYData></Step><Step><CommonData><SampleLocation>4</SampleLocation><SampleID>SI-157X68_P5570</SampleID><SampleGroup></SampleGroup><SampleInfo></SampleInfo><SampleRow>J</SampleRow><SamplePlate>1</SamplePlate><WellType>KLOAD</WellType><Concentration>5</Concentration><ConcentrationUnits>µg/ml</ConcentrationUnits><MolarConcentration>5000</MolarConcentration><MolarConcUnits>nM</MolarConcUnits><MolecularWeight>0</MolecularWeight><Temperature>30</Temperature><StartTime>9456017</StartTime><AssayTime>120</AssayTime></CommonData><FlowRate>1000</FlowRate><StepType>LOADING</StepType><StepName>Loading</StepName><StepStatus>OK</StepStatus><ActualTime>120.001</ActualTime><CycleTime>0.2</CycleTime><AssayXData Points="600">NLABRgGxAUbOsQFGmrIBRmezAUY0tAFGArUBRs+1AUabtgFGZ7cBRjW4AUYCuQFGzrkBRpu6
AUZouwFGNLwBRgG9AUbOvQFGm74BRmi/AUY0wAFGAsEBRs7BAUaawgFGaMMBRjXEAUYBxQFG
zsUBRprGAUZnxwFGNcgBRgHJAUbPyQFGmsoBRmfLAUY0zAFGAc0BRs7NAUabzgFGZ88BRjXQ
AUYB0QFGztEBRpvSAUZn0wFGNNQBRgLVAUbP1QFGmtYBRmfXAUY02AFGAtkBRs7ZAUaa2gFG
aNsBRjTcAUYB3QFGzt0BRpveAUZo3wFGNeABRgHhAUbP4QFGm+IBRmfjAUY05AFGAeUBRs/l
AUaa5gFGZ+cBRjXoAUYB6QFGzukBRprqAUZn6wFGNOwBRgHtAUbP7QFGm+4BRmjvAUY08AFG
AfEBRs/xAUaa8gFGZ/MBRjX0AUYB9QFGz/UBRpr2AUZo9wFGNPgBRgL5AUbO+QFGmvoBRmf7
AUY0/AFGAf0BRs/9AUaa/gFGaP8BRjQAAkYBAQJGzgECRpoCAkZnAwJGNQQCRgEFAkbPBQJG
mgYCRmcHAkY0CAJGAQkCRs8JAkaaCgJGZwsCRjQMAkYBDQJGzg0CRpsOAkZoDwJGNBACRgER
AkbPEQJGmhICRmcTAkY0FAJGARUCRs4VAkaaFgJGaBcCRjQYAkYCGQJGzhkCRpoaAkZoGwJG
NBwCRgIdAkbOHQJGmx4CRmcfAkY0IAJGASECRs8hAkaaIgJGZyMCRjUkAkYCJQJGzyUCRpom
AkZnJwJGNSgCRgEpAkbOKQJGmyoCRmgrAkY0LAJGAi0CRs4tAkabLgJGaC8CRjQwAkYCMQJG
zjECRpoyAkZnMwJGNTQCRgI1AkbPNQJGmjYCRmc3AkY0OAJGATkCRs85AkaaOgJGZzsCRjQ8
AkYBPQJGzj0CRpo+AkZnPwJGNEACRgFBAkbPQQJGm0ICRmhDAkY0RAJGA0UCRs5FAkaaRgJG
aEcCRjRIAkYBSQJGzkkCRppKAkZnSwJGNEwCRgFNAkbPTQJGm04CRmdPAkY1UAJGAVECRs5R
AkaaUgJGaFMCRjRUAkYBVQJGzlUCRppWAkZnVwJGNFgCRgJZAkbPWQJGm1oCRmhbAkY1XAJG
AV0CRs9dAkaaXgJGaF8CRjRgAkYCYQJGzmECRppiAkZoYwJGNWQCRgFlAkbPZQJGmmYCRmdn
AkY1aAJGAWkCRs5pAkaaagJGZ2sCRjRsAkYCbQJGzm0CRptuAkZobwJGNHACRgFxAkbPcQJG
m3ICRmhzAkY1dAJGAnUCRs51AkaadgJGZ3cCRjV4AkYBeQJGz3kCRpt6AkZoewJGNHwCRgF9
AkbOfQJGm34CRmd/AkY0gAJGAYECRs6BAkabggJGZ4MCRjSEAkYChQJGz4UCRpqGAkZnhwJG
NIgCRgGJAkbOiQJGmooCRmeLAkY0jAJGAo0CRs+NAkabjgJGaI8CRjSQAkYBkQJGzpECRpqS
AkZokwJGNJQCRgGVAkbOlQJGmpYCRmiXAkY1mAJGAZkCRs+ZAkaamgJGZ5sCRjWcAkYCnQJG
zp0CRpueAkZonwJGNKACRgKhAkbPoQJGm6ICRmejAkY0pAJGAaUCRs6lAkaapgJGaKcCRjSo
AkYCqQJGz6kCRpuqAkZnqwJGNawCRgGtAkbOrQJGm64CRmivAkY0sAJGAbECRs6xAkabsgJG
aLMCRjS0AkYBtQJGzrUCRpq2AkZntwJGNLgCRgK5AkbPuQJGmroCRme7AkY1vAJGAb0CRs+9
AkabvgJGZ78CRjTAAkYCwQJGz8ECRprCAkZowwJGNMQCRgHFAkbOxQJGmsYCRmfHAkY1yAJG
AckCRs/JAkaaygJGaMsCRjXMAkYBzQJGzs0CRprOAkZnzwJGNtACRgLRAkbO0QJGmtICRmjT
AkY01AJGAtUCRs7VAkaa1gJGZ9cCRjTYAkYC2QJGztkCRpraAkZo2wJGNNwCRgHdAkbP3QJG
mt4CRmffAkY04AJGAuECRs7hAkaa4gJGZ+MCRjTkAkYC5QJGzuUCRpvmAkZn5wJGNegCRgHp
AkbO6QJGmuoCRmfrAkY07AJGAu0CRs7tAkaa7gJGZ+8CRjTwAkYC8QJGzvECRpryAkZn8wJG
NPQCRgH1AkbP9QJGmvYCRmf3AkY1+AJGAvkCRs75Akab+gJGZ/sCRjT8AkYC/QJGzv0CRpv+
AkZn/wJGNAADRgEBA0bOAQNGmgIDRmcDA0Y0BANGAgUDRs4FA0abBgNGaAcDRjUIA0YBCQNG
zgkDRpsKA0ZoCwNGNQwDRgINA0bPDQNGmg4DRmcPA0Y0EANGAhEDRs4RA0aaEgNGZxMDRjUU
A0YBFQNGzhUDRpsWA0ZoFwNGNBgDRgEZA0bOGQNGmhoDRmgbA0Y0HANGAR0DRs8dA0aaHgNG
Zx8DRjQgA0YCIQNGziEDRpoiA0ZoIwNGNCQDRgElA0bOJQNGmyYDRmcnA0Y1KANGAikDRs4p
A0aaKgNGZysDRjUsA0YCLQNGzy0DRpouA0ZnLwNGNDADRgExA0bOMQNGmzIDRmczA0Y0NANG
ATUDRs41A0aaNgNGaDcDRjQ4A0YCOQNGzjkDRps6A0ZoOwNGNDwDRgI9A0bPPQNGmj4DRmc/
A0Y1QANGAUEDRs5BA0aaQgNGaEMDRjVEA0YBRQNGzkUDRptGA0ZnRwNGNUgDRgFJA0bOSQNG
mkoDRmdLA0Y1TANGAU0DRs9NA0abTgNGZ08DRjRQA0YBUQNGzlEDRppSA0ZoUwNGNVQDRgFV
A0bPVQNGm1YDRmhXA0Y0WANGAVkDRs5ZA0abWgNGZ1sDRjRcA0YCXQNGz10DRpteA0ZnXwNG
NGADRgFhA0bOYQNGmmIDRmhjA0Y1ZANGAmUDRs9lA0aaZgNGZ2cDRjRoA0YBaQNGzmkDRptq
A0ZnawNGNGwDRgFtA0bPbQNGmm4DRmhvA0Y1cANGAXEDRs5xA0abcgNGaHMDRjR0A0YBdQNG
znUDRpt2A0ZodwNGNHgDRgF5A0bOeQNGm3oDRmd7A0Y1fANGAn0DRs59A0aafgNGZ38DRjSA
A0YBgQNGzoEDRpqCA0ZngwNGNIQDRgGFA0bPhQNGmoYDRmeHA0Y1iANGAYkDRs6JA0aaigNG
aIsDRjSMA0YBjQNGzo0DRpqOA0ZojwNG</AssayXData><AssayYData Points="600">KnijQOAZpEBbTaRAwK+kQJwPpUDOIKVAUkelQMSDpUDzm6VAzvqlQDwXpkDjMaZAYTmmQH+Q
pkBHwqZAugKnQIwGp0CxcadAMUOnQIiVp0AKrKdA8uOnQDkCqEDvJ6hA7FuoQGt1qED1h6hA
8aioQNfUqEDXGqlAcFqpQBBdqUBBialAKKipQJbEqUAN/6lACfapQMgdqkCAUqpAz2aqQI6f
qkDyoqpA3f2qQInlqkDaFKtAb0erQBVyq0DiWatAdqSrQPWkq0C5y6tAc/6rQAsdrEANXKxA
o0OsQEBcrEBrjaxAZ5esQH2grEDw7KxAQBGtQAg9rUCqGq1AEz+tQBlorUBrka1AtLitQLql
rUA6uq1AQAauQGsfrkAl+K1Akx+uQHlVrkAtj65AJHyuQLKfrkALxa5At7yuQNXGrkDu8K5A
HCmvQLD8rkCtOK9AxT6vQDNRr0Dpaa9Aa4avQAJ+r0Cr0q9AVtyvQLPUr0AVFLBAxP+vQHg0
sECAP7BAV0awQJFgsEDoi7BA4KGwQD+RsEApkrBAUL+wQK/DsEDAw7BAuPGwQDgGsUAuE7FA
sUCxQBcnsUAlUbFAcGSxQMhdsUA7fbFALKaxQOGYsUD4q7FAktixQDzJsUA15rFADfOxQJAV
skCjILJAs0iyQBBPskCbkrJAsliyQHxPskBgXrJA94SyQA6HskDzwrJA2MiyQB2sskDH0LJA
FeCyQJXYskDN4rJAyhmzQI8Cs0BKL7NAci6zQHEbs0A8hrNAcJuzQFtGs0BKfbNA53WzQCuV
s0BesLNAA5OzQOSGs0AZuLNAOeKzQPvls0CRCLRAORK0QBsetEC07bNAmT+0QBA7tECwFrRA
Tma0QK5XtEC1ZLRACIK0QKSUtEBAjrRAFIm0QK17tEAJkbRAoMK0QMu6tEAjy7RAebW0QHfJ
tEBGFbVAyu60QAEgtUB75bRAve20QCEXtUCAUbVA7zW1QNQ1tUDNMLVAjD+1QJpGtUC4brVA
sHi1QMCDtUCqp7VAy5+1QAh7tUD+x7VAKKC1QCKdtUDzzbVAecW1QAwAtkAR0LVAkNm1QDTu
tUAi7LVAiwu2QHrytUB6I7ZA+C62QLwqtkCxQbZApDS2QG84tkD1RrZAGWW2QAZhtkD4dLZA
kGS2QCJztkBGerZAr322QCZ7tkAsmLZALqu2QCartkCqyrZAd9i2QFXntkDyw7ZAOdy2QA4D
t0AJ87ZAI+u2QOoLt0D357ZAiQO3QBgit0BbIbdAOCC3QF03t0BUJLdAeD63QEZWt0D3JrdA
uj63QJ0+t0BIg7dAsWG3QElCt0DFfrdAHpW3QM9st0BvlrdA/pW3QKGct0BLu7dAyH23QEmi
t0CYwrdAjpi3QJ7It0C7xLdA9MS3QN/Mt0Dr/bdAdPq3QPHnt0A53LdAqO23QN0BuEAW+LdA
njq4QMwIuEAcIrhApja4QD5AuEDKKbhAZEK4QLo3uEDESbhAgm24QDShuEChZbhAIIC4QAZ4
uECqjbhAdnq4QPqBuECGeLhAq5a4QKOnuEBRhbhAgp24QKTHuEDjsbhAYIK4QIyuuEB20LhA
KdS4QOvmuECDy7hAGfu4QKfWuECz5rhAqu24QPkEuUDkFrlAVQm5QMIEuUBRFrlA3B+5QEwu
uUBs8bhAeQS5QJU/uUB2R7lAuDm5QBJVuUBeOLlAJFC5QBpsuUBiHblA+IG5QMJ4uUDonblA
2k25QEhBuUBFZblAFZW5QL2PuUAyaLlA9165QALCuUC6frlAcp25QBG0uUBhwblAPq65QA+p
uUDxyrlAga+5QCDIuUAu57lAwtO5QN/euUAK5blAfMS5QGfHuUCb6LlAhNi5QCffuUCOD7pA
7w26QD3TuUBhLbpAHee5QAocukBxJbpACzu6QNEtukD1H7pADzi6QBw+ukBdKrpA0Ue6QAUy
ukBMI7pATVW6QEdQukCZTLpA2Ge6QK9aukAIY7pACqm6QE2OukB3dLpARW66QHF3ukAelrpA
02G6QLmZukAkm7pAJpO6QC2QukDFkrpAAly6QByQukDzf7pAoqq6QH2yukDFsbpAKZ26QBHC
ukB2s7pA1rS6QA3KukDSv7pAv8+6QGnzukDNzrpAX9u6QMocu0D9+rpAet+6QMLnukDhBLtA
XhO7QPscu0CVArtA0hi7QD0Ru0AqE7tAMBO7QC4Mu0AXJ7tAXjC7QLEeu0CqM7tArVC7QGct
u0AyMrtAo227QJRWu0A1X7tAY1e7QJt5u0BEVbtA/Su7QCtqu0BSZbtAIJ27QBRbu0DKirtA
sIW7QJx1u0CNnrtAeoW7QCisu0ALh7tAMYy7QEh+u0BynbtA+bS7QOuwu0AXk7tAjqO7QBHH
u0BPyLtATqO7QMWru0CnubtAYc27QI/Du0CdsbtAX8+7QM7Vu0AWybtAutS7QIvmu0C307tA
wd+7QNbru0D67btAOw28QDQEvEDR97tAURW8QNQDvEAYC7xAtyK8QOkWvEDDCbxAgyW8QLgS
vEDyFrxABxG8QBE3vEBoUbxAiTq8QJkWvEBMQbxA4Du8QDcWvEDVZbxAwi68QG1VvEBHZLxA
10+8QIpvvEDVS7xAvFe8QBlGvEB8XLxAC1S8QBZpvECZW7xAAV+8QJ5yvEDnebxA0XO8QEGi
vEBeb7xAsGS8QGp4vEAberxAUoq8QNGYvECWoLxAxs68QC+PvEBYlLxAMZm8QOm+vEAinLxA
Uaq8QFutvEBNo7xA18O8QFyivEBDmbxAPMC8QD2svEDX77xAR8e8QL3pvEDi0LxAb7+8QPz7
vEB0wrxAWcy8QFDpvEAj37xAqea8QJcGvUD1FL1AQuC8QPD/vEBI/bxA79W8QCnmvECC7LxA
Ytm8QMchvUDK8rxAsfe8QJAGvUA0Gr1A7C+9QJ8WvUAxNr1AUvK8QEkCvUDaR71AsiK9QCAn
vUCFQ71Asia9QJcovUD3Wb1AWEO9QJBRvUDiM71AMk+9QN1MvUCrZL1AAlG9QGhSvUCZSL1A
8nu9QP1pvUDAQr1AGoi9QJN5vUAihL1A4lq9QFh8vUDIab1AJ3S9QChuvUAdl71Aq2a9QKKN
vUD7t71A4qC9QGl/vUDWZL1AyIW9QN3dvUCzs71AQ8O9QGePvUD0hL1AcIm9QGjAvUAzwr1A
Nbe9QCTTvUAivb1ARby9QDihvUBAwL1A</AssayYData></Step><Step><CommonData><SampleLocation>3</SampleLocation><SampleID>Octet Buffer</SampleID><SampleGroup></SampleGroup><SampleInfo></SampleInfo><SampleRow>I</SampleRow><SamplePlate>1</SamplePlate><WellType>BUFFER</WellType><Concentration>-1</Concentration><ConcentrationUnits>µg/ml</ConcentrationUnits><MolarConcentration>-1</MolarConcentration><MolarConcUnits>nM</MolarConcUnits><MolecularWeight>0</MolecularWeight><Temperature>30</Temperature><StartTime>9584439</StartTime><AssayTime>100</AssayTime></CommonData><FlowRate>1000</FlowRate><StepType>BASELINE</StepType><StepName>Baseline</StepName><StepStatus>OK</StepStatus><ActualTime>99.9998</ActualTime><CycleTime>0.2</CycleTime><AssayXData Points="500">NZADRgKRA0bPkQNGnJIDRmiTA0Y2lANGA5UDRs+VA0ablgNGaZcDRjWYA0YCmQNG0JkDRpua
A0ZpmwNGNpwDRgOdA0bPnQNGm54DRmmfA0Y1oANGA6EDRs+hA0abogNGaaMDRjWkA0YCpQNG
z6UDRpumA0ZopwNGNagDRgKpA0bPqQNGm6oDRmmrA0Y1rANGA60DRs+tA0acrgNGaK8DRjWw
A0YCsQNGz7EDRpuyA0ZoswNGNbQDRgK1A0bQtQNGm7YDRmm3A0Y1uANGArkDRtC5A0abugNG
absDRjW8A0YCvQNGz70DRpu+A0ZovwNGNcADRgLBA0bPwQNGm8IDRmjDA0Y2xANGA8UDRs/F
A0abxgNGaMcDRjbIA0YDyQNGz8kDRpzKA0ZoywNGNcwDRgPNA0bQzQNGnM4DRmjPA0Y20ANG
AtEDRtDRA0ab0gNGadMDRjbUA0YD1QNGz9UDRpzWA0Zo1wNGNdgDRgLZA0bP2QNGm9oDRmjb
A0Y23ANGA90DRtDdA0ab3gNGad8DRjXgA0YD4QNGz+EDRpviA0Zo4wNGNeQDRgLlA0bR5QNG
m+YDRmnnA0Y16ANGAukDRs/pA0ab6gNGaesDRjXsA0YD7QNGz+0DRpzuA0Zp7wNGNfADRgLx
A0bP8QNGm/IDRmjzA0Y19ANGAvUDRs/1A0ac9gNGaPcDRjX4A0YC+QNGz/kDRpv6A0Zo+wNG
NfwDRgL9A0bQ/QNGm/4DRmn/A0Y2AARGAgEERs8BBEabAgRGaQMERjUEBEYDBQRGzwUERpsG
BEZoBwRGNggERgIJBEbQCQRGnAoERmgLBEY1DARGAw0ERs8NBEacDgRGaQ8ERjUQBEYDEQRG
zxEERpsSBEZoEwRGNhQERgIVBEbPFQRGnBYERmgXBEY1GARGAxkERs8ZBEabGgRGaRsERjUc
BEYCHQRGzx0ERpweBEZpHwRGNSAERgIhBEbPIQRGmyIERmgjBEY1JARGAyUERs8lBEabJgRG
aCcERjUoBEYCKQRGzykERpwqBEZoKwRGNSwERgItBEbPLQRGnC4ERmgvBEY1MARGAjEERs8x
BEabMgRGaTMERjc0BEYCNQRGzzUERp02BEZoNwRGNjgERgM5BEbPOQRGmzoERmk7BEY2PARG
Aj0ERtA9BEacPgRGaD8ERjVABEYDQQRGz0EERpxCBEZoQwRGNUQERgNFBEbPRQRGnEYERmhH
BEY2SARGA0kERs9JBEacSgRGaUsERjZMBEYDTQRGz00ERptOBEZoTwRGNlAERgJRBEbPUQRG
nFIERmhTBEY1VARGA1UERs9VBEabVgRGaFcERjVYBEYDWQRG0FkERpxaBEZoWwRGNlwERgJd
BEbQXQRGm14ERmlfBEY2YARGAmEERtBhBEabYgRGaGMERjVkBEYCZQRGz2UERptmBEZoZwRG
NmgERgJpBEbPaQRGm2oERmlrBEY2bARGAm0ERs9tBEabbgRGaG8ERjVwBEYDcQRG0HEERpxy
BEZocwRGNnQERgN1BEbPdQRGnHYERmh3BEY1eARGA3kERs95BEacegRGaHsERjZ8BEYDfQRG
z30ERpt+BEZpfwRGNoAERgOBBEbQgQRGm4IERmmDBEY1hARGAoUERs+FBEabhgRGaIcERjWI
BEYDiQRGz4kERpuKBEZoiwRGNYwERgKNBEbPjQRGnI4ERmmPBEY1kARGA5EERs+RBEackgRG
aJMERjWUBEYClQRGz5UERpuWBEZolwRGNZgERgOZBEbPmQRGm5oERmmbBEY2nARGAp0ERtCd
BEacngRGaJ8ERjWgBEYCoQRGz6EERpyiBEZoowRGNaQERgKlBEbPpQRGm6YERmmnBEY2qARG
AqkERtCpBEacqgRGaKsERjasBEYCrQRG0K0ERpuuBEZorwRGNbAERgOxBEbPsQRGm7IERmiz
BEY1tARGA7UERs+1BEactgRGabcERjW4BEYCuQRG0LkERpu6BEZouwRGNbwERgK9BEbPvQRG
m74ERmm/BEY2wARGA8EERs/BBEabwgRGaMMERjbEBEYCxQRG0MUERpzGBEZpxwRGNcgERgLJ
BEbQyQRGm8oERmjLBEY1zARGAs0ERs/NBEadzgRGaM8ERjbQBEYD0QRGz9EERpzSBEZo0wRG
NdQERgPVBEbP1QRGnNYERmjXBEY12ARGA9kERs/ZBEab2gRGaNsERjbcBEYC3QRG0N0ERpve
BEZo3wRGNuAERgLhBEbQ4QRGnOIERmnjBEY15ARGA+UERtDlBEac5gRGaecERjXoBEYC6QRG
0OkERpvqBEZo6wRGNewERgPtBEbQ7QRGm+4ERmjvBEY18ARGAvEERtDxBEab8gRGafMERjb0
BEYD9QRG0PUERpz2BEZp9wRGNvgERgL5BEbP+QRGm/oERmj7BEY1/ARGA/0ERs/9BEab/gRG
af8ERjUABUYDAQVG0AEFRpsCBUZoAwVGNQQFRgIFBUbPBQVGmwYFRmgHBUY1CAVGAwkFRs8J
BUabCgVGaAsFRjUMBUYCDQVG0A0FRpsOBUZoDwVGNhAFRgIRBUbQEQVGmxIFRmgTBUY1FAVG
AxUFRtAVBUabFgVGaRcFRjUYBUYDGQVGzxkFRpsaBUZpGwVGNRwFRgIdBUbRHQVGmx4FRmgf
BUY=</AssayXData><AssayYData Points="500">lue8QFHRvEA/9LxAUBC9QIXQvEBYFL1ACQi9QBkZvUAR8bxA8xO9QPYovUCAA71Agxa9QEg9
vUCkJr1Apia9QA0EvUAZDr1A1jq9QAgWvUA5Er1A8A69QLktvUAyN71A+zu9QFcSvUAxJr1A
9h+9QKgsvUDwX71AjyS9QOEQvUCvPL1AEgy9QB82vUBJOL1ALTi9QDMyvUASEL1A20K9QLcn
vUBqaL1AL1K9QEkkvUAaJb1A3Tu9QFBGvUDbRb1AUFG9QNUwvUBpSb1AK1i9QINCvUANJr1A
81K9QNI6vUAZM71A1Eq9QF1dvUDSQr1AfjS9QPw5vUBYL71AHjO9QMcyvUCuO71AgC29QExm
vUAGHb1AGUW9QG07vUDBOb1Ay0G9QII+vUDuP71A60K9QBs9vUDDP71Ab0W9QAxVvUAINr1A
A3K9QLI9vUDIYb1APxW9QEBAvUCqQr1AsGe9QN1cvUAPab1AMHq9QF0wvUCyU71AhVq9QFNH
vUBKT71Ag2O9QAcrvUDKQ71AnFC9QFkkvUAPSL1AH169QE9EvUAFX71AR369QOxVvUCvOr1A
lFm9QHJuvUB7Rb1A1VW9QDdTvUAXWb1AWFq9QEKYvUA0KL1AAla9QHRrvUBCWb1AzEa9QFFb
vUAUW71A3XW9QG9qvUBeVb1A9US9QDFmvUBoZL1AmHC9QIc4vUCXXb1Ammm9QG9SvUDGfr1A
eWa9QNA1vUB5Xb1AvmW9QJlivUB1U71Annm9QCNYvUBSRb1AbHe9QEdPvUA0jL1ALUu9QO03
vUA6Wb1A2Iu9QJBTvUCORL1Asli9QDhjvUAmML1AoGe9QIRqvUAgbb1ACn29QHRvvUB0Wb1A
m1i9QC9AvUBnYL1AHoi9QERxvUB7P71AOni9QLpNvUB/bb1ASo69QEdZvUDmSr1AWGW9QJhz
vUAsdr1A7Hy9QGRJvUAuY71ArF29QKChvUBBgL1AqYa9QLw3vUDJe71A7l29QF5PvUDKhr1A
pIu9QDdTvUCFf71Anpe9QJdGvUBnRb1Ak2i9QK5YvUCZcr1ApWS9QG5HvUBde71Az2y9QLWP
vUDEXL1AtmW9QHCVvUBdir1AMWO9QLeQvUAoWL1A4mq9QB99vUBEcr1A1369QBN/vUC4d71A
NHq9QE54vUDfnb1AkYi9QEZMvUCFgL1A6HO9QLZwvUDOZr1AMEG9QCOJvUBzl71AfVi9QDqI
vUBznL1ATTi9QLiAvUC5k71AcGC9QLd/vUDyd71AaYe9QHd7vUBbkr1A1Xa9QLN0vUCia71A
c3S9QDGEvUBYdr1A3rG9QJJxvUDyib1AP5m9QARavUBOTb1AoJW9QBZvvUCVb71A7o+9QB+o
vUDNjL1ABZ29QMuSvUAgf71A6YS9QNySvUBgiL1A9Ze9QIaPvUB8eL1AXq+9QEOZvUBbbb1A
46O9QD+SvUDkpr1A82S9QIm1vUAXe71A5Dq9QEt4vUA9Zb1ADVC9QHGtvUCid71AEIy9QDp1
vUAJnL1Ay3+9QOSmvUC1fL1AInK9QLqOvUBRp71AAai9QNJwvUAbhb1A04q9QAacvUBzeL1A
jJy9QPCDvUA+hr1AO4K9QIeSvUChpr1AY6m9QNWfvUCxp71AaaK9QKyWvUDdn71ARKG9QD6O
vUAKmL1Aype9QKipvUC/ir1Arl69QK6nvUD5ar1A3JK9QMmmvUDQgL1AaI29QMHFvUCBi71A
kpO9QBLEvUBrl71A36K9QP2evUAwsr1A/ZG9QMqsvUDwtb1Asb+9QMuIvUCgxb1A8K69QDaC
vUB8t71AppG9QIZgvUA/v71ABpq9QK+tvUAZrL1AJKu9QMaJvUBlq71A/6q9QMaovUALm71A
pMG9QGCwvUAKwr1Ai5e9QJ6+vUAWr71A8569QOG6vUB0pb1AQsS9QI7DvUDgj71AqqG9QAaV
vUAyor1AYK29QL+dvUD1l71A2cy9QOC6vUCCw71AQpK9QOS5vUDaer1A53q9QDzXvUDZub1A
L569QPm4vUAokL1A7a69QB9xvUCbi71A3Jq9QPeTvUAgpr1AlsC9QMmqvUDHtr1AWrK9QAnA
vUA4sr1A+dK9QAq0vUD0jr1AoNO9QLK6vUBQsL1A8J29QCaevUB9nr1AOK69QPatvUDnwr1A
6Nq9QAC1vUCInL1Ax7i9QBDcvUCsyL1A4LG9QKOJvUBcir1Az8O9QFy2vUATlb1Az3W9QEik
vUC7sL1AQJ69QFmtvUARlr1AWqq9QNyxvUB7zr1AM6C9QF23vUCbvb1Az8i9QODZvUAn671A
rMW9QC6xvUCfvr1AuZ+9QCumvUDB0b1AoLu9QJmvvUChpb1Ak5K9QKbQvUDSsb1ACZa9QIO8
vUA5x71Ad6+9QNXEvUDky71AC+G9QEqwvUBUvL1ANfO9QF/avUDdz71A2Mi9QASmvUANpb1A
uNW9QMjMvUB/vL1A3c29QNm/vUBGrL1AlL+9QP/ovUAS0L1AQMK9QFfBvUC0371AH8K9QBrU
vUD0r71A/r29QC8DvkArwb1AGfu9QP7XvUAfzb1A68e9QNfWvUC8p71AG8i9QOfUvUCQ9r1A
97m9QG/GvUCxwb1AZ969QIa8vUBY271A7tG9QAnivUCO8L1AV+i9QEXBvUCI4b1A/OK9QF7j
vUA=</AssayYData></Step><Step><CommonData><SampleLocation>4</SampleLocation><SampleID>hsCD3d/e_Acro_CDD-H52W1</SampleID><SampleGroup></SampleGroup><SampleInfo></SampleInfo><SampleRow>I</SampleRow><SamplePlate>1</SamplePlate><WellType>KSAMPLE</WellType><Concentration>-1</Concentration><ConcentrationUnits>µg/ml</ConcentrationUnits><MolarConcentration>12.5</MolarConcentration><MolarConcUnits>nM</MolarConcUnits><MolecularWeight>0</MolecularWeight><Temperature>30</Temperature><StartTime>9692860</StartTime><AssayTime>180</AssayTime></CommonData><FlowRate>1000</FlowRate><StepType>ASSOC</StepType><StepName>Association</StepName><StepStatus>OK</StepStatus><ActualTime>180</ActualTime><CycleTime>0.2</CycleTime><AssayXData Points="900">NSAFRgIhBUbQIQVGmyIFRmgjBUY1JAVGAiUFRtAlBUabJgVGaCcFRjYoBUYCKQVG0CkFRpsq
BUZoKwVGNSwFRgMtBUbPLQVGnC4FRmgvBUY2MAVGAzEFRtAxBUabMgVGaDMFRjY0BUYCNQVG
zzUFRps2BUZoNwVGNTgFRgI5BUbPOQVGnToFRmg7BUY2PAVGAz0FRtA9BUacPgVGaD8FRjVA
BUYCQQVGz0EFRpxCBUZpQwVGNUQFRgRFBUbPRQVGm0YFRmhHBUY1SAVGAkkFRs9JBUacSgVG
aUsFRjVMBUYCTQVGz00FRptOBUZoTwVGNVAFRgJRBUbPUQVGm1IFRmlTBUY2VAVGA1UFRs9V
BUabVgVGaFcFRjZYBUYCWQVGz1kFRpxaBUZoWwVGNVwFRgNdBUbQXQVGnF4FRmhfBUY1YAVG
A2EFRtBhBUabYgVGaWMFRjVkBUYDZQVG0GUFRpxmBUZoZwVGNmgFRgJpBUbPaQVGnGoFRmlr
BUY2bAVGA20FRs9tBUacbgVGaG8FRjVwBUYEcQVGz3EFRptyBUZpcwVGNnQFRgN1BUbQdQVG
m3YFRml3BUY1eAVGA3kFRs95BUabegVGaHsFRjZ8BUYCfQVG0H0FRpt+BUZofwVGNoAFRgKB
BUbPgQVGm4IFRmiDBUY1hAVGA4UFRtCFBUabhgVGaYcFRjaIBUYCiQVG0YkFRpyKBUZpiwVG
NowFRgKNBUbPjQVGnI4FRmiPBUY1kAVGA5EFRs+RBUackgVGaZMFRjaUBUYClQVGz5UFRp2W
BUZolwVGNpgFRgOZBUbPmQVGm5oFRmibBUY1nAVGAp0FRtCdBUabngVGaZ8FRjagBUYDoQVG
z6EFRpuiBUZoowVGNqQFRgOlBUbPpQVGm6YFRminBUY2qAVGA6kFRs+pBUabqgVGaasFRjWs
BUYCrQVGz60FRpuuBUZorwVGNbAFRgOxBUbQsQVGm7IFRmizBUY1tAVGA7UFRs+1BUactgVG
aLcFRja4BUYCuQVGz7kFRpu6BUZouwVGNbwFRgK9BUbPvQVGm74FRmi/BUY1wAVGAsEFRs/B
BUacwgVGaMMFRjXEBUYDxQVGz8UFRpvGBUZoxwVGNsgFRgLJBUbPyQVGnMoFRmnLBUY1zAVG
As0FRtDNBUaczgVGac8FRjbQBUYD0QVGz9EFRpvSBUZp0wVGNdQFRgLVBUbP1QVGm9YFRmjX
BUY12AVGA9kFRs/ZBUab2gVGaNsFRjXcBUYD3QVGz90FRpveBUZo3wVGNuAFRgLhBUbP4QVG
m+IFRmjjBUY15AVGA+UFRs/lBUac5gVGaecFRjboBUYD6QVG0OkFRpvqBUZo6wVGNewFRgLt
BUbP7QVGm+4FRmjvBUY18AVGAvEFRtDxBUac8gVGgPMFRjX0BUYD9QVGz/UFRpv2BUZo9wVG
NfgFRgL5BUbQ+QVGm/oFRmn7BUY1/AVGAv0FRtD9BUab/gVGaP8FRjUABkYDAQZGzwEGRpwC
BkZpAwZGNQQGRgMFBkbQBQZGnAYGRmgHBkY1CAZGAgkGRs8JBkacCgZGaQsGRjYMBkYCDQZG
zw0GRpsOBkZoDwZGNRAGRgIRBkbQEQZGmxIGRmgTBkY2FAZGAhUGRs8VBkabFgZGaRcGRjYY
BkYCGQZGzxkGRpsaBkZpGwZGNRwGRgIdBkbQHQZGmx4GRmgfBkY1IAZGAiEGRtAhBkabIgZG
aSMGRjUkBkYDJQZG0CUGRpsmBkZpJwZGNSgGRgIpBkbPKQZGmyoGRmgrBkY1LAZGAi0GRs8t
BkacLgZGaC8GRjUwBkYCMQZG0DEGRpwyBkZoMwZGNTQGRgI1BkbPNQZGnDYGRmg3BkY1OAZG
AjkGRtA5BkacOgZGaDsGRjU8BkYCPQZG0D0GRps+BkZoPwZGNkAGRgNBBkbPQQZGm0IGRmlD
BkY2RAZGA0UGRs9FBkacRgZGaEcGRjVIBkYDSQZGz0kGRptKBkZoSwZGNUwGRgNNBkbQTQZG
m04GRmlPBkY1UAZGA1EGRs9RBkacUgZGaVMGRjVUBkYDVQZGz1UGRptWBkZoVwZGNVgGRgNZ
BkbPWQZGnFoGRmhbBkY1XAZGA10GRtBdBkabXgZGaF8GRjVgBkYDYQZGz2EGRpxiBkZoYwZG
NWQGRgJlBkbPZQZGm2YGRmhnBkY2aAZGAmkGRtBpBkabagZGaGsGRjZsBkYDbQZGz20GRptu
BkZobwZGNXAGRgNxBkbPcQZGnHIGRmhzBkY2dAZGA3UGRs91BkacdgZGaHcGRjZ4BkYCeQZG
z3kGRpt6BkZoewZGNXwGRgJ9BkbQfQZGm34GRml/BkY1gAZGAoEGRs+BBkabggZGaIMGRjWE
BkYChQZG0IUGRpuGBkZohwZGNYgGRgOJBkbPiQZGm4oGRmmLBkY1jAZGAo0GRs+NBkacjgZG
aI8GRjWQBkYCkQZGz5EGRpySBkZpkwZGNZQGRgOVBkbPlQZGm5YGRmiXBkY2mAZGA5kGRtCZ
BkabmgZGaJsGRjacBkYCnQZGz50GRpueBkZqnwZGNaAGRgKhBkbQoQZGnKIGRmmjBkY1pAZG
A6UGRs+lBkacpgZGaacGRjWoBkYCqQZG0KkGRpuqBkZoqwZGNawGRgKtBkbQrQZGm64GRmiv
BkY1sAZGArEGRs+xBkabsgZGabMGRjW0BkYDtQZGz7UGRpu2BkZotwZGNrgGRgO5BkbPuQZG
m7oGRmi7BkY1vAZGA70GRtC9BkacvgZGab8GRjbABkYCwQZGz8EGRpvCBkZowwZGNsQGRgPF
BkbQxQZGm8YGRmjHBkY1yAZGAskGRs/JBkabygZGaMsGRjbMBkYCzQZGz80GRpzOBkZozwZG
NdAGRgLRBkbP0QZGnNIGRmjTBkY11AZGAtUGRtDVBkac1gZGaNcGRjXYBkYC2QZG0NkGRpva
BkZo2wZGNdwGRgLdBkbP3QZGm94GRmjfBkY24AZGA+EGRtDhBkac4gZGaOMGRkXkBkYC5QZG
z+UGRpvmBkZp5wZGNegGRgPpBkbQ6QZGm+oGRmnrBkY27AZGAu0GRs/tBkab7gZGaO8GRjbw
BkYC8QZG0PEGRpvyBkZp8wZGNvQGRgL1BkbP9QZGm/YGRmj3BkY1+AZGAvkGRtD5Bkab+gZG
afsGRjX8BkYC/QZGz/0GRpv+BkZo/wZGNQAHRgIBB0bQAQdGmwIHRmgDB0Y2BAdGAwUHRs8F
B0abBgdGaAcHRjUIB0YDCQdG0AkHRpsKB0ZpCwdGNQwHRgINB0bPDQdGnA4HRmgPB0Y2EAdG
AhEHRtARB0acEgdGaBMHRjUUB0YCFQdG0BUHRpsWB0ZoFwdGNRgHRgMZB0bQGQdGmxoHRmkb
B0Y1HAdGAx0HRtAdB0acHgdGaB8HRjYgB0YCIQdG0CEHRpsiB0ZoIwdGNSQHRgMlB0bQJQdG
myYHRmgnB0Y1KAdGAikHRs8pB0abKgdGaSsHRjcsB0YCLQdG0C0HRpsuB0ZoLwdGNTAHRgMx
B0bPMQdGmzIHRmgzB0Y2NAdGAzUHRtA1B0abNgdGaDcHRjU4B0YDOQdG0DkHRpw6B0ZpOwdG
NTwHRgI9B0bPPQdGmz4HRmg/B0Y1QAdGA0EHRs9BB0abQgdGaUMHRjZEB0YCRQdGz0UHRptG
B0ZpRwdGNkgHRgJJB0bPSQdGnEoHRmhLB0Y2TAdGAk0HRtBNB0abTgdGaE8HRjVQB0YDUQdG
0FEHRpxSB0ZoUwdGNVQHRgNVB0bPVQdGm1YHRmhXB0Y2WAdGAlkHRs9ZB0acWgdGaFsHRjZc
B0YDXQdGz10HRpteB0ZoXwdGNWAHRgJhB0bPYQdGm2IHRmljB0Y1ZAdGAmUHRtBlB0acZgdG
aGcHRjVoB0YCaQdGz2kHRptqB0ZpawdGNWwHRgNtB0bQbQdGm24HRmhvB0Y2cAdGAnEHRs9x
B0abcgdGaHMHRjV0B0YDdQdG0HUHRpt2B0ZpdwdGNXgHRgJ5B0bReQdGm3oHRmp7B0Y2fAdG
An0HRs99B0abfgdGaX8HRjWAB0YDgQdGz4EHRpyCB0ZpgwdGNoQHRgKFB0bPhQdGm4YHRmmH
B0Y2iAdGAokHRs+JB0acigdGaYsHRjWMB0YDjQdG0I0HRpuOB0ZpjwdGNZAHRgKRB0bQkQdG
nJIHRmiTB0Y2lAdGApUHRtCVB0ablgdGaJcHRjaYB0YDmQdGz5kHRpyaB0ZomwdGNpwHRgKd
B0bPnQdGnJ4HRmifB0Y2oAdGAqEHRs+hB0acogdGaKMHRjakB0YCpQdG0KUHRpumB0ZopwdG
NagHRgKpB0bQqQdGm6oHRmirB0Y1rAdGAq0HRs+tB0abrgdGaK8HRjawB0YDsQdG0LEHRpyy
B0ZpswdGNbQHRgO1B0bQtQdGnLYHRmi3B0Y2uAdGArkHRtC5B0acugdGaLsHRjW8B0YCvQdG
0L0HRpy+B0ZovwdGNcAHRgPBB0bPwQdGnMIHRmnDB0Y1xAdGA8UHRtDFB0abxgdGaMcHRjbI
B0YCyQdGz8kHRpvKB0ZpywdGNswHRgPNB0bQzQdGnM4HRmjPB0Y10AdGA9EHRs/RB0ab0gdG
aNMHRjXUB0YL1QdG0NUHRpvWB0Zp1wdGNdgHRgLZB0bP2QdGm9oHRmnbB0Y13AdGAt0HRtDd
B0ac3gdGaN8HRjXgB0YD4QdGz+EHRpziB0Zp4wdGNeQHRgPlB0bP5QdGnOYHRmjnB0Y26AdG
AukHRs/pB0ab6gdGaOsHRjXsB0YC7QdG0O0HRpvuB0Zo7wdG</AssayXData><AssayYData Points="900">t1q9QHSnvUDvub1AseK9QN/WvUAh6L1AxQW+QMoTvkB0A75Akf29QLU4vkDP/71AAR++QA4N
vkBeI75AWSq+QCYnvkDJRL5A2kq+QB8rvkCxML5A5Ce+QPYtvkAgUL5AB06+QHk5vkBZR75A
6lq+QIhAvkA1PL5AKkO+QMpSvkB7Gb5AsFm+QPcnvkCzLb5AIGG+QM9mvkB+PL5AbS6+QBMw
vkC2Wb5A/Em+QF9pvkBmUL5A9Tm+QN9mvkBLPL5AMjK+QARNvkBcOL5A3Da+QHFHvkBHTr5A
sUa+QCg4vkBTXb5Ap0i+QBxTvkDnZr5Aq1S+QOxRvkD5Nr5ANFm+QOEvvkAQdb5AjWS+QJtL
vkAuQL5AW3y+QDE8vkBXQr5AGEy+QHlMvkCSUr5AlG++QPhkvkBZOb5A0Hi+QPJTvkCCP75A
vkq+QP4zvkBOb75AsVq+QNeMvkCwdL5AY1K+QN9SvkAcZb5AC1y+QMdxvkBhZL5Ao1C+QFB7
vkAMab5AoFW+QNlZvkD+h75AP2m+QBJXvkDCbb5Agmu+QLtKvkB+dr5AVHK+QPduvkBNd75A
Bn6+QKEzvkDYar5ANXe+QJVivkAQfb5Ar3i+QNxXvkC/fr5Al2q+QEB+vkBdgr5AnWe+QG5/
vkAXab5A622+QBtovkDyp75AxX2+QIBsvkCnS75AwnO+QBx3vkC1Yb5AJIO+QKOOvkD6aL5A
VaK+QCFyvkBcf75A7KG+QPxyvkA0Z75Ah1q+QL9wvkBkeL5Ar1W+QKWvvkCldL5AvVm+QCWE
vkAvhL5A2F2+QKthvkAyXb5ADXi+QN6KvkDVZ75A5mq+QPGWvkC5mr5AvJO+QI1evkDHk75A
0X2+QP97vkDrhL5AX4C+QAJKvkCbrL5AgHG+QEtYvkDTVr5Abp++QGNpvkAgWr5A1na+QASA
vkAEdr5AqX++QPqDvkBZqb5AcIS+QDx8vkAHk75AKH2+QNuCvkALjr5AC3C+QL1rvkDEir5A
Nou+QFiIvkAGbr5AGWm+QMiZvkCWir5A72O+QDK9vkApl75Acny+QBypvkA6n75AXIK+QDWI
vkCYgr5ALVe+QD6NvkAudL5A3ZO+QOB7vkDPer5AFZ6+QM2OvkA3kr5AJWe+QMiwvkCfsL5A
rLy+QFh7vkCFg75A8IG+QLGZvkDalr5AIpq+QO99vkCFpL5AL6K+QBN8vkCjkb5A1pa+QDuN
vkCznb5AJG++QBxxvkANiL5A0Zm+QPZmvkDik75AXpS+QOuRvkCKlr5AQp2+QAu9vkDfnr5A
inK+QJS6vkDlqr5AVY2+QGOJvkBjmb5AnnW+QN66vkBUtb5AJ6C+QM2VvkCeg75ACKm+QCel
vkAVo75AbJq+QGObvkANzr5AXp2+QMJ7vkARpb5AvK++QMCdvkADt75A5Ym+QC+3vkCgqr5A
n9q+QGGFvkAlob5A4MO+QKefvkA6j75A1pm+QGqFvkAVrL5AdNa+QIfGvkAzo75AeJ6+QKyn
vkAvnb5ALKS+QMjjvkDenb5AyLC+QA2mvkDfgL5Ac7G+QHGqvkB0hb5AYrO+QAuCvkDkfL5A
ZKa+QOKxvkBLlr5AAru+QOyvvkCkvr5AN56+QBWkvkCSsr5AcqC+QCmkvkDDnr5AXZu+QF6d
vkDO2L5Ampy+QADcvkCnpb5ADrC+QJWgvkARtr5Ap8S+QJ6FvkAsub5AvLe+QNiivkA2nr5A
jrW+QMHIvkDCr75AO7G+QPmkvkAmnr5Awra+QLiYvkAtlL5Ap8C+QCLGvkDu4L5AQJy+QC21
vkCXvr5A8rq+QFa6vkAXtL5A/f2+QLqrvkBNuL5AW9W+QLm1vkAkwL5Acre+QLS9vkCQ175A
DcK+QK++vkCgt75AMb2+QA3BvkCbtr5A/ra+QDa7vkBr0b5A6Na+QKKvvkAFtr5A7bi+QK3M
vkAS175AKuW+QHK8vkCrv75AU8m+QAPSvkAGxb5APtC+QB63vkCfj75A5by+QD+nvkBewr5A
veK+QAi9vkDG0b5AXr6+QBazvkCLqr5AkeG+QInwvkCU9b5AX9W+QBq4vkBksL5A9dG+QJ3K
vkBWqr5Ague+QE7ZvkDuzr5ARLG+QAn3vkAssr5AmcK+QBbSvkAdpb5AXf2+QGbdvkA5xL5A
/6W+QAKwvkA/w75Afra+QJjPvkCdy75AcuO+QG/TvkDzGL9A08W+QFrNvkD4zL5ACNi+QFrB
vkDa6r5Aoru+QL3MvkAw7L5Aiu++QEvYvkD7+75ARdK+QJTDvkCpu75APO6+QC3cvkDf4r5A
uAq/QLCsvkDcvL5Avtu+QNDWvkAsyL5ARba+QBnjvkBS275AJbe+QPvKvkD0yL5ARui+QFnh
vkAPwb5ASc6+QJnmvkDL3b5AJ9O+QEHjvkBarb5A19i+QPnevkDf175As8q+QK3mvkBD2r5A
cMm+QDHdvkBPCL9AKLm+QLbSvkAMEr9AZOO+QP3nvkBU/L5A2r6+QNPVvkAg2r5A8L6+QODA
vkDc1r5AM+a+QKTzvkCUzr5Al+S+QL3qvkDQ8r5Atfm+QC7NvkCnxr5Aqs6+QHHrvkCf675A
McW+QLjtvkCN275AKgC/QGLNvkB3y75AW9q+QDsHv0A4rL5A4ei+QBn1vkAr1b5Aufu+QGHn
vkBF775AFMS+QL75vkBu475Ad8i+QGD7vkBqD79AqOe+QJ/1vkCHyL5AU9++QN/qvkDg9b5A
feC+QLC/vkBU5b5ACMu+QMrqvkBPDb9Al/O+QLnnvkBH6b5AwvK+QCv6vkBb4r5AI/6+QIbv
vkDI5r5AxtS+QHThvkAO6b5AUuC+QAcEv0B3375A8h+/QLPwvkBfC79AEeO+QDoEv0Dv8L5A
5BS/QLXyvkAr+r5ARPm+QMsRv0Db775A5em+QJERv0CQ1r5A3gW/QF8Vv0Dp/L5Ar9W+QLYp
v0BY7b5AlQK/QNf7vkC85r5AQu6+QLb6vkDZ5r5AUxa/QIwiv0DM975AhuG+QIfrvkCvCb9A
EtW+QHT1vkAPCr9Ah82+QNfsvkDtIr9AGPu+QJsFv0DB+75AfxW/QE0Rv0DZ875Axha/QFfz
vkAa8r5Adw+/QNjuvkDh/L5A2ve+QCkPv0CV/L5A7Re/QAX7vkAh1b5AEPW+QLP0vkB1zr5A
Reu+QKEcv0ACAr9Az/++QOoQv0C1BL9AbBK/QE8Qv0AeCb9ANvm+QO8Bv0BeBb9A/P2+QI74
vkCNDr9ANxa/QDQuv0DjCb9AbR6/QL8Jv0APML9Axv++QPgTv0C97r5A8xa/QBj5vkCr+L5A
LAS/QG/qvkB5F79ALSK/QKkjv0D38r5ADP6+QO3rvkCPGb9Ab+y+QEL6vkDRFb9A7y2/QDsP
v0Cd8b5AtjG/QNP0vkDJ9L5Afgi/QHcdv0B4GL9AsSq/QCAHv0DmG79Axy2/QNL5vkDx+b5A
Zhi/QB4fv0CA8b5AaRG/QJ4sv0Ac/75Aoy+/QPMHv0D1Hb9A/B2/QAgZv0AmBb9AZhK/QE8O
v0AgEb9AOhW/QHAOv0BXIr9AiRG/QKAfv0CURb9Anfm+QA4ev0AdFL9ALwC/QNcqv0Dl+r5A
nxy/QE8Tv0AaGr9AgiS/QKnuvkDSMb9A+Qa/QGsHv0ADBL9A/B2/QEbrvkCUFb9A0iO/QGYP
v0CiFb9Adgu/QPUev0DMHb9AER2/QMtAv0BCI79AVBW/QM//vkC9/r5AmSa/QBYbv0CIK79A
nwi/QBMvv0CYDL9Aahy/QOw1v0DJBr9Alxa/QFwLv0CjBr9A3TG/QPovv0BZ+r5AtA+/QGs3
v0D2Or9A8hS/QH45v0DHIL9ApkC/QAX6vkB4Ob9AXRS/QEUYv0CpHb9AyPu+QMP7vkBBML9A
ljO/QDwfv0A3I79A/Um/QNpLv0ArDL9A8iq/QCAov0C3FL9AMSq/QKUXv0D+P79AADq/QBoz
v0CwF79AuiO/QDchv0AqCb9AQ/2+QGAwv0CdBb9APES/QCAqv0B0F79AxTC/QHkfv0DgDL9A
gCq/QHY4v0D7Jb9AKE6/QKQ5v0D+Lb9AeTK/QNoXv0AkK79AghO/QEsVv0DQOL9Arkm/QKtE
v0DxJ79Anz+/QEozv0AQQ79APh2/QBIwv0CoMb9AtRa/QEkDv0AbQr9AHi6/QH/2vkCNPb9A
zxC/QD9Xv0BhMr9AJk6/QLwuv0CsNL9AsR6/QNMZv0DNIb9Azy6/QH8lv0ClTb9AIju/QB02
v0BoH79A1kO/QL8Vv0CkGr9APUO/QHZKv0BlIL9ADSG/QK1Gv0AlRr9A3ka/QKpgv0BiS79A
6A2/QLkcv0D0Vr9Ami2/QN4rv0CJJr9AoTi/QFE8v0DGQr9A7iC/QH1Kv0CHMb9AiCm/QC4g
v0BiSb9ADh2/QPA1v0A8Nr9AljK/QPU3v0BgPL9Auk6/QKohv0AcTr9ATkC/QM1Rv0BLSL9A
+km/QDI3v0AuT79ACUC/QEgnv0CdL79AC1W/QO0hv0BNJ79AOXK/QFtav0CUOr9AejO/QDVM
v0AYQr9AbSi/QMcvv0CnPb9ALEm/QOdLv0A5Lr9AF1G/QINmv0ANdb9AxC6/QPNLv0AOL79A
DTq/QFlDv0BcQr9A8Dy/QHB8v0CaNL9AP1q/QNVrv0BkS79Akyi/QIU1v0DNUr9A50C/QNpI
v0DARr9AYEC/QAUsv0A7ar9ACVi/QLA6v0DvV79AhDW/QMlLv0AsPr9AJk6/QBhAv0BzOb9A
k2e/QCNLv0ByQ79Az1q/QDk1v0D8LL9AXFa/QFFQv0CuQ79A</AssayYData></Step><Step><CommonData><SampleLocation>3</SampleLocation><SampleID>Octet Buffer</SampleID><SampleGroup></SampleGroup><SampleInfo></SampleInfo><SampleRow>I</SampleRow><SamplePlate>1</SamplePlate><WellType>BUFFER</WellType><Concentration>-1</Concentration><ConcentrationUnits>µg/ml</ConcentrationUnits><MolarConcentration>-1</MolarConcentration><MolarConcUnits>nM</MolarConcUnits><MolecularWeight>0</MolecularWeight><Temperature>30</Temperature><StartTime>9881248</StartTime><AssayTime>300</AssayTime></CommonData><FlowRate>1000</FlowRate><StepType>DISASSOC</StepType><StepName>Dissociation</StepName><StepStatus>OK</StepStatus><ActualTime>300.001</ActualTime><CycleTime>0.2</CycleTime><AssayXData Points="1500">NfAHRgLxB0bQ8QdGnPIHRmnzB0Y19AdGA/UHRs/1B0ab9gdGaPcHRjX4B0YC+QdGz/kHRpv6
B0Zo+wdGNfwHRgL9B0bP/QdGnP4HRmj/B0Y2AAhGAwEIRs8BCEabAghGaQMIRjUECEYDBQhG
zwUIRpsGCEZoBwhGNQgIRgIJCEbQCQhGmwoIRmkLCEY1DAhGAw0IRs8NCEabDghGaQ8IRjUQ
CEYCEQhGzxEIRpsSCEZpEwhGNRQIRgMVCEbPFQhGmxYIRmgXCEY2GAhGAxkIRs8ZCEabGghG
aBsIRjYcCEYDHQhGzx0IRpweCEZpHwhGNiAIRgIhCEbPIQhGnCIIRmkjCEY1JAhGAyUIRs8l
CEacJghGaScIRjUoCEYCKQhGzykIRpsqCEZoKwhGNSwIRgItCEbPLQhGmy4IRmgvCEY1MAhG
AzEIRtAxCEabMghGaDMIRjY0CEYCNQhGzzUIRps2CEZpNwhGNTgIRgI5CEbQOQhGmzoIRmg7
CEY1PAhGAj0IRs89CEabPghGaT8IRjVACEYCQQhGz0EIRptCCEZoQwhGNkQIRgNFCEbPRQhG
nEYIRmlHCEY1SAhGA0kIRs9JCEabSghGaUsIRjVMCEYDTQhGz00IRpxOCEZpTwhGNVAIRgJR
CEbPUQhGnFIIRmlTCEY1VAhGA1UIRtBVCEabVghGalcIRjVYCEYDWQhG0FkIRpxaCEZpWwhG
NlwIRgJdCEbQXQhGm14IRmhfCEY1YAhGAmEIRs9hCEabYghGaGMIRjVkCEYCZQhGz2UIRptm
CEZoZwhGNWgIRgJpCEbPaQhGm2oIRmhrCEY2bAhGAm0IRs9tCEabbghGaG8IRjZwCEYDcQhG
0HEIRptyCEZocwhGNXQIRgJ1CEbQdQhGnHYIRmh3CEY1eAhGA3kIRs95CEabeghGaXsIRjV8
CEYCfQhGz30IRpx+CEZpfwhGNYAIRgKBCEbPgQhGm4IIRmmDCEY2hAhGA4UIRtGFCEachghG
aYcIRjaICEYDiQhGz4kIRpyKCEZpiwhGNYwIRgKNCEbPjQhGm44IRmiPCEY2kAhGA5EIRs+R
CEabkghGaJMIRjaUCEYClQhG0JUIRpyWCEZplwhGNZgIRgKZCEbQmQhGm5oIRmmbCEY1nAhG
A50IRs+dCEacnghGaJ8IRjWgCEYDoQhG0KEIRpuiCEZoowhGNaQIRgKlCEbQpQhGm6YIRmin
CEY2qAhGAqkIRs+pCEabqghGaKsIRjWsCEYCrQhGz60IRpuuCEZorwhGNbAIRgKxCEbPsQhG
nLIIRmizCEY1tAhGA7UIRtC1CEabtghGaLcIRjW4CEYCuQhGz7kIRpu6CEZpuwhGNrwIRgK9
CEbPvQhGm74IRmm/CEY1wAhGAsEIRs/BCEabwghGacMIRjXECEYDxQhGz8UIRpvGCEZoxwhG
NcgIRgPJCEbPyQhGm8oIRmjLCEY1zAhGAs0IRs/NCEaczghGaM8IRjXQCEYC0QhG0NEIRpzS
CEZp0whGNtQIRgLVCEbQ1QhGm9YIRmjXCEY12AhGAtkIRs/ZCEac2ghGadsIRjXcCEYD3QhG
0N0IRpveCEZo3whGNeAIRgLhCEbP4QhGnOIIRmnjCEY15AhGA+UIRs/lCEab5ghGaOcIRjXo
CEYC6QhGz+kIRpvqCEZp6whGNuwIRgLtCEbQ7QhGnO4IRmjvCEY18AhGAvEIRtDxCEac8ghG
afMIRjX0CEYD9QhG0PUIRpv2CEZp9whGNvgIRgP5CEbP+QhGnPoIRmj7CEY1/AhGA/0IRs/9
CEac/ghGaP8IRjcACUYCAQlG0AEJRpsCCUZoAwlGNgQJRgIFCUbPBQlGnAYJRmkHCUY1CAlG
AgkJRtAJCUacCglGaQsJRjUMCUYCDQlGzw0JRpsOCUZoDwlGNhAJRgIRCUbQEQlGmxIJRmkT
CUY2FAlGAhUJRtAVCUacFglGaBcJRjUYCUYDGQlG0BkJRpsaCUZoGwlGNRwJRgIdCUbQHQlG
mx4JRmgfCUY1IAlGAiEJRs8hCUacIglGaCMJRjUkCUYCJQlG0CUJRpwmCUZoJwlGNSgJRgMp
CUbQKQlGnCoJRmkrCUY1LAlGAi0JRtAtCUacLglGaC8JRjUwCUYDMQlGzzEJRpwyCUZpMwlG
NTQJRgM1CUbQNQlGmzYJRmg3CUY1OAlGAjkJRtA5CUabOglGaTsJRjU8CUYDPQlG0D0JRps+
CUZoPwlGNkAJRgNBCUbPQQlGm0IJRmhDCUY2RAlGAkUJRtBFCUacRglGaEcJRjZICUYCSQlG
0EkJRpxKCUZoSwlGNUwJRgNNCUbPTQlGm04JRmhPCUY2UAlGA1EJRtBRCUabUglGaFMJRjZU
CUYCVQlG0FUJRpxWCUZoVwlGNlgJRgJZCUbQWQlGnFoJRmhbCUY1XAlGAl0JRs9dCUabXglG
aF8JRjVgCUYCYQlG0GEJRptiCUZoYwlGNmQJRgNlCUbQZQlGnGYJRmhnCUY1aAlGA2kJRs9p
CUabaglGaWsJRjVsCUYCbQlGz20JRptuCUZobwlGNXAJRgJxCUbPcQlGnHIJRmhzCUY1dAlG
AnUJRs91CUabdglGaHcJRjV4CUYCeQlG0HkJRpt6CUZoewlGNXwJRgJ9CUbPfQlGm34JRml/
CUY2gAlGA4EJRtCBCUacgglGaYMJRjWECUYChQlGz4UJRpuGCUZphwlGNYgJRgOJCUbQiQlG
nIoJRmiLCUY1jAlGA40JRs+NCUacjglGaI8JRjaQCUYCkQlGz5EJRpySCUZokwlGNZQJRgOV
CUbPlQlGm5YJRmmXCUY1mAlGA5kJRs+ZCUacmglGaZsJRjWcCUYCnQlG0J0JRpueCUZonwlG
NaAJRgOhCUbPoQlGm6IJRmmjCUY2pAlGAqUJRtClCUabpglGaacJRjWoCUYDqQlGz6kJRpyq
CUZoqwlGNqwJRgKtCUbQrQlGm64JRmivCUY1sAlGArEJRs+xCUabsglGabMJRjW0CUYCtQlG
z7UJRpu2CUZotwlGNrgJRgK5CUbQuQlGm7oJRmi7CUY1vAlGAr0JRs+9CUacvglGab8JRjbA
CUYCwQlG0MEJRpvCCUZowwlGNcQJRgPFCUbQxQlGm8YJRmjHCUY2yAlGAskJRs/JCUacyglG
aMsJRjXMCUYCzQlGz80JRpvOCUZozwlGNdAJRgLRCUbP0QlGnNIJRmjTCUY11AlGA9UJRtDV
CUab1glGadcJRjbYCUYC2QlG0NkJRpvaCUZo2wlGNtwJRgPdCUbQ3QlGm94JRmjfCUY14AlG
AuEJRtDhCUab4glGaOMJRjXkCUYC5QlG0OUJRpvmCUZo5wlGNegJRgPpCUbP6QlGnOoJRmnr
CUY27AlGAu0JRs/tCUac7glGae8JRjbwCUYC8QlG0PEJRpvyCUZo8wlGNvQJRgP1CUbQ9QlG
m/YJRmj3CUY1+AlGAvkJRs/5CUac+glGaPsJRjX8CUYC/QlGz/0JRpv+CUZo/wlGNgAKRgMB
CkbPAQpGmwIKRmkDCkY1BApGAgUKRs8FCkabBgpGaAcKRjYICkYDCQpGzwkKRpsKCkZoCwpG
NgwKRgINCkbPDQpGmw4KRmgPCkY2EApGAhEKRs8RCkabEgpGaBMKRjUUCkYCFQpG0BUKRpsW
CkZpFwpGNhgKRgIZCkbQGQpGnBoKRmobCkY1HApGAh0KRs8dCkabHgpGaB8KRjUgCkYCIQpG
0CEKRpwiCkZoIwpGNSQKRgIlCkbPJQpGnCYKRmgnCkY2KApGAikKRs8pCkabKgpGaCsKRjUs
CkYDLQpG0C0KRpsuCkZoLwpGNjAKRgMxCkbPMQpGnDIKRmgzCkY2NApGAzUKRs81CkacNgpG
aDcKRjU4CkYCOQpGzzkKRps6CkZoOwpGNjwKRgM9CkbPPQpGmz4KRmg/CkY1QApGAkEKRs9B
CkacQgpGaEMKRjVECkYCRQpGz0UKRptGCkZoRwpGNkgKRgNJCkbPSQpGm0oKRmhLCkY2TApG
A00KRtBNCkabTgpGaE8KRjVQCkYCUQpG0FEKRpxSCkZoUwpGNlQKRgJVCkbPVQpGnFYKRmhX
CkY2WApGA1kKRtBZCkabWgpGaFsKRjZcCkYDXQpGz10KRpteCkZoXwpGNWAKRgJhCkbPYQpG
m2IKRmhjCkY2ZApGAmUKRtBlCkabZgpGaWcKRjdoCkYCaQpG0GkKRptqCkZoawpGNWwKRgNt
CkbPbQpGm24KRmhvCkY1cApGA3EKRs9xCkabcgpGaHMKRjV0CkYCdQpGz3UKRpt2CkZodwpG
NngKRgJ5CkbPeQpGnHoKRml7CkY2fApGAn0KRs99CkacfgpGaH8KRjaACkYCgQpG0IEKRpuC
CkZpgwpGNYQKRgKFCkbPhQpGm4YKRmiHCkY1iApGAokKRs+JCkacigpGaIsKRjWMCkYDjQpG
0I0KRp2OCkZojwpGNpAKRgKRCkbQkQpGm5IKRmiTCkY2lApGApUKRs+VCkablgpGaJcKRjaY
CkYDmQpG0JkKRpyaCkZomwpGNZwKRgKdCkbPnQpGm54KRmifCkY2oApGAqEKRtChCkacogpG
aaMKRjakCkYDpQpG0KUKRpumCkZppwpGNqgKRgOpCkbPqQpGnKoKRmirCkY1rApGA60KRtCt
CkacrgpGaa8KRjWwCkYCsQpG0LEKRpuyCkZpswpGNrQKRgO1CkbPtQpGnLYKRmi3CkY1uApG
A7kKRs+5CkacugpGabsKRjW8CkYCvQpG0L0KRpu+CkZovwpGNcAKRgLBCkbPwQpGm8IKRmjD
CkY1xApGAsUKRs/FCkacxgpGaMcKRjbICkYDyQpG0MkKRpvKCkZoywpGNswKRgLNCkbPzQpG
m84KRmjPCkY20ApGAtEKRtDRCkab0gpGadMKRjbUCkYD1QpGz9UKRpzWCkZo1wpGNdgKRgLZ
CkbP2QpGm9oKRmjbCkY13ApGAt0KRs/dCkac3gpGaN8KRjbgCkYD4QpG0OEKRpziCkZo4wpG
NuQKRgLlCkbQ5QpGm+YKRmjnCkY26ApGAukKRs/pCkab6gpGaOsKRjbsCkYC7QpGz+0KRpvu
CkZp7wpGNvAKRgPxCkbP8QpGm/IKRmjzCkY29ApGAvUKRs/1Ckab9gpGaPcKRjb4CkYC+QpG
z/kKRpv6CkZp+wpGNvwKRgP9CkbP/QpGm/4KRmj/CkY2AAtGAwELRtABC0abAgtGaAMLRjUE
C0YDBQtGzwULRpsGC0ZpBwtGNggLRgMJC0bQCQtGnAoLRmkLC0Y2DAtGAw0LRtANC0abDgtG
aA8LRjYQC0YCEQtG0BELRpsSC0ZoEwtGNhQLRgIVC0bQFQtGmxYLRmgXC0Y1GAtGAxkLRs8Z
C0abGgtGaRsLRjUcC0YCHQtG0B0LRpseC0ZoHwtGNSALRgIhC0bPIQtGmyILRmgjC0Y2JAtG
AyULRs8lC0abJgtGaScLRjUoC0YCKQtGzykLRpsqC0ZoKwtGNiwLRgItC0bPLQtGnC4LRmkv
C0Y2MAtGAjELRs8xC0abMgtGaDMLRjU0C0YCNQtG0DULRpw2C0ZoNwtGNTgLRgI5C0bPOQtG
mzoLRmk7C0Y1PAtGAj0LRs89C0abPgtGaD8LRjVAC0YDQQtGz0ELRpxCC0ZpQwtGNkQLRgNF
C0bQRQtGnEYLRmhHC0Y1SAtGA0kLRs9JC0acSgtGaEsLRjVMC0YCTQtG0E0LRptOC0ZoTwtG
NVALRgNRC0bPUQtGm1ILRmhTC0Y1VAtGA1ULRs9VC0acVgtGaFcLRjVYC0YCWQtGz1kLRpta
C0ZpWwtGNVwLRgJdC0bQXQtGnF4LRmhfC0Y2YAtGA2ELRs9hC0abYgtGaWMLRjVkC0YDZQtG
z2ULRpxmC0ZpZwtGNWgLRgJpC0bQaQtGm2oLRmhrC0Y2bAtGAm0LRs9tC0abbgtGaG8LRjVw
C0YDcQtG0HELRptyC0ZpcwtGNXQLRgJ1C0bQdQtGnHYLRmh3C0Y2eAtGAnkLRs95C0abegtG
aHsLRjV8C0YCfQtGz30LRpt+C0ZpfwtGPYALRgKBC0bPgQtGnIILRmiDC0Y2hAtGAoULRs+F
C0abhgtGaIcLRjWIC0YDiQtG0IkLRpuKC0ZpiwtGNowLRgKNC0bPjQtGm44LRmiPC0Y2kAtG
ApELRs+RC0abkgtGaJMLRjaUC0YClQtGz5ULRpuWC0ZplwtGNpgLRgKZC0bPmQtGm5oLRmib
C0Y2nAtGA50LRs+dC0abngtGaZ8LRjWgC0YCoQtGz6ELRpyiC0ZoowtGNqQLRgOlC0bPpQtG
naYLRminC0Y2qAtGAqkLRs+pC0acqgtGaKsLRjWsC0YCrQtG0K0LRpuuC0ZorwtGNrALRgOx
C0bPsQtGm7ILRmizC0Y1tAtGArULRtC1C0abtgtGabcLRjW4C0YDuQtGz7kLRpu6C0ZpuwtG
NrwLRgK9C0bQvQtGm74LRmi/C0Y2wAtGAsELRs/BC0abwgtGaMMLRjXEC0YDxQtGz8ULRpvG
C0ZoxwtGNcgLRgLJC0bQyQtGm8oLRmjLC0Y2zAtGAs0LRs/NC0abzgtGaM8LRjbQC0YC0QtG
0NELRpvSC0Zp0wtGNdQLRgLVC0bP1QtGnNYLRmjXC0Y32AtGAtkLRs/ZC0ab2gtGadsLRjXc
C0YC3QtGz90LRpveC0Zo3wtGNuALRgLhC0bP4QtGm+ILRmnjC0Y25AtGAuULRs/lC0ab5gtG
aecLRjXoC0YD6QtG0OkLRpvqC0Zp6wtGNuwLRgLtC0bP7QtGm+4LRmnvC0Y18AtGAvELRtDx
C0ab8gtGafMLRjb0C0YD9QtGz/ULRpv2C0Zo9wtGNvgLRgL5C0bP+QtGnPoLRmn7C0Y2/AtG
Av0LRs/9C0ab/gtGaP8LRjYADEYCAQxGzwEMRpsCDEZpAwxGNQQMRgIFDEbQBQxGnAYMRmkH
DEY2CAxGAgkMRtAJDEacCgxGaQsMRjUMDEYCDQxGzw0MRpsODEZoDwxGNRAMRgMRDEbPEQxG
mxIMRmgTDEY1FAxGAhUMRtAVDEabFgxGaRcMRjUYDEYCGQxG0BkMRpwaDEZpGwxGNRwMRgId
DEbPHQxGnB4MRmkfDEY1IAxGAyEMRs8hDEabIgxGaCMMRjUkDEYDJQxGzyUMRpwmDEZoJwxG
NSgMRgIpDEbPKQxGmyoMRmkrDEY2LAxGAi0MRtAtDEabLgxGaS8MRjYwDEYCMQxGzzEMRpwy
DEZpMwxGNTQMRgI1DEbPNQxGmzYMRmg3DEY2OAxGAjkMRs85DEabOgxGaDsMRjU8DEYCPQxG
zz0MRpw+DEZoPwxGNUAMRgNBDEbQQQxGm0IMRmpDDEY1RAxGAkUMRs9FDEabRgxGaEcMRjZI
DEYCSQxG0EkMRptKDEZoSwxGNUwMRgNNDEbPTQxGm04MRmlPDEY1UAxGAlEMRs9RDEacUgxG
aVMMRjVUDEYDVQxGz1UMRptWDEZoVwxGNVgMRgJZDEbPWQxGm1oMRmhbDEY1XAxGA10MRtBd
DEabXgxGaV8MRjVgDEYDYQxGz2EMRptiDEZoYwxGNmQMRgJlDEbPZQxGm2YMRmhnDEY2aAxG
AmkMRs9pDEacagxGaGsMRjVsDEYDbQxGz20MRpxuDEZobwxGNnAMRgNxDEbPcQxGm3IMRmhz
DEY1dAxGA3UMRs91DEabdgxGaHcMRjZ4DEYCeQxG0HkMRpx6DEZoewxGNXwMRgJ9DEbPfQxG
m34MRmh/DEY1gAxGAoEMRtCBDEabggxGaIMMRjaEDEYChQxGz4UMRpyGDEZohwxGNogMRgKJ
DEbPiQxGnIoMRmiLDEY1jAxGAo0MRs+NDEacjgxGaI8MRjaQDEYCkQxGz5EMRpySDEZpkwxG
NpQMRgKVDEbPlQxGm5YMRmiXDEY2mAxGA5kMRs+ZDEacmgxGapsMRjWcDEYCnQxGz50MRpue
DEZpnwxG</AssayXData><AssayYData Points="1500">iXu+QCpyvkCIZ75AZGC+QD+XvkDFgL5AP32+QOyYvkB7jb5Ar2K+QA6JvkBZlr5Aa5G+QFev
vkABoL5Axoa+QHqlvkDMu75AsI6+QPenvkAxq75A3oi+QHq1vkAtt75A2Lu+QLO7vkDyur5A
Jce+QKbOvkA/vb5Aw8++QBvPvkC9v75A/Ma+QDqzvkA8ob5AW+m+QNqqvkChs75AAOy+QCvk
vkCxxr5AOL++QAywvkDHpb5A4L6+QFzivkDWxL5Aur++QAS8vkCIsL5A+Nq+QLPLvkDgxr5A
/86+QMvavkCinr5Arda+QJ3MvkDM275AZMC+QAbmvkBmyL5A3+C+QPfbvkBt4b5AZte+QFjl
vkDqxL5AYdu+QFXYvkBR575A4tS+QPncvkDY5L5A2tK+QDT/vkAK7r5AvMq+QGnHvkDzyL5A
pAC/QCnPvkDr3b5AIei+QDjHvkBB2r5ACwa/QHTfvkDE275AJe6+QLTnvkCjAb9AQwu/QGbX
vkBW+L5AUfe+QK/ZvkCW675AXtK+QIHnvkDIxL5Awv++QIPtvkAUwr5ArNW+QIz8vkAKy75A
Z9C+QCbivkD8xr5ATwi/QEPbvkBbDb9AN+e+QDoKv0A+1r5AZ+G+QNrBvkAz6b5Ahei+QHHn
vkAr+b5AROe+QPz0vkCTzL5ADM2+QAwKv0CiEb9AF8a+QB79vkA4675Aju++QI4Cv0Bs7b5A
qOC+QEXwvkBQ075AYt++QInNvkCr0b5AGfS+QEz7vkC4Cb9AAAi/QKbwvkCN6b5A9v2+QEr8
vkBK9b5AVeC+QFXhvkBTzL5AqgO/QPj7vkDx1b5AeBS/QGgAv0Bd475AEvC+QETyvkA1/b5A
tu2+QH34vkBb6r5AxtG+QC8Iv0Bp3r5ABwq/QMcPv0Bp6L5Ai9q+QIv/vkA4CL9A2uS+QGEL
v0BgL79Ai8a+QIzjvkAUI79AcPy+QEgTv0CsCr9Aeu++QPrpvkBU475A2P2+QJnvvkAo8r5A
kwG/QPUAv0AT975A/wC/QDgRv0DA7r5ACRS/QGf/vkBC675AxQO/QJzqvkBP875AsDG/QNDe
vkDCAr9A0/W+QFDxvkCk9b5AOgO/QO4dv0CiDr9AX/i+QD35vkCl3L5AHty+QPw+v0AGJr9A
jPa+QKYQv0DhEL9AdhG/QJIEv0B/675AIRG/QJHxvkDGFL9ANea+QNsEv0ABLb9AhQu/QDYe
v0D0EL9AMui+QBQpv0BjDL9AKf2+QFH8vkC8JL9AvTK/QDzmvkCAGb9AZP++QI/ovkDJAr9A
4Cq/QK3rvkAkAL9Aexa/QNoVv0B0Hr9AexO/QFMUv0AbB79AbBa/QPP5vkCw+b5Avye/QDAD
v0DAJ79Af/m+QPY1v0Cy/75AIwe/QA0Fv0BPEb9A6hW/QID2vkBa/r5AFB2/QJoPv0Du/L5A
Ptq+QDs7v0B5CL9Achq/QPMuv0BUDL9AowK/QCoFv0DYHL9ATAS/QBgZv0CM775AWw2/QMkP
v0AwGb9AOwG/QNALv0CaDb9AIjG/QOgEv0CCJr9AE/6+QGANv0AUFr9A9fu+QM4Jv0CAE79A
EAu/QLERv0BhDL9AUiW/QBwEv0C9975A0RG/QAAwv0C+6L5AnCa/QFD6vkAlAr9AlhW/QCQd
v0D+Ir9AABu/QKERv0CSEL9AuQ6/QGs8v0DnLL9AJTi/QAQXv0C1I79AoAy/QBEov0CBD79A
9iq/QB0xv0AvJb9ARQG/QGdEv0AzB79AlQK/QFwNv0BmHL9AiiS/QHFAv0DL+b5AsiK/QGsh
v0BNPr9AuR2/QGc/v0B1L79Aoi2/QEgqv0CQL79A/0i/QPj7vkB2Ir9ANjC/QFwMv0A9I79A
1yu/QKwJv0AQOb9AEje/QJFAv0BdHr9A1Vq/QKQYv0CoIb9Ajj+/QNNkv0D1JL9APi+/QJMT
v0A+OL9ApCK/QF42v0DtRr9ACCC/QO5Ev0Bwbr9AKhG/QJ0kv0A9Dr9AZfK+QBwxv0BdMb9A
fjS/QL1Fv0BDL79A3SW/QEg2v0DyXr9A5EC/QKEgv0CtO79A0Rq/QNpLv0DkKL9A2gm/QBA1
v0D9L79A0Du/QN87v0B+V79ApTG/QDshv0C4V79Akx6/QLw6v0CaSb9A5SO/QB0ov0DLIb9A
OT6/QOBPv0AzGr9A6z+/QOwyv0A8Gr9AhjW/QAlBv0CfMb9AqT+/QPhFv0BiS79AaFW/QCZE
v0CkSr9ARx+/QOpFv0C2G79AU12/QPZCv0DqUb9AJCu/QDsFv0AhSL9ACSW/QFA9v0BjOr9A
xz2/QGNVv0AUI79AEjS/QLAgv0A/SL9AZSa/QMQnv0BvMr9A20C/QCgqv0CaDr9AIDy/QPxN
v0DwMb9Af0y/QIJJv0CibL9A+VO/QKhMv0BSSL9AEnS/QKwzv0CyQL9AyUG/QE5Iv0DpQb9A
3FW/QI0+v0D6Sb9Ag32/QBNXv0C0SL9A9Da/QN5av0C+Sb9Ai1a/QC5Qv0BbNb9AU0a/QHNI
v0ALb79A2RK/QKE/v0DESb9ACmq/QIkrv0AwYb9A7z2/QPpcv0AAT79Abjq/QOlUv0C1G79A
gDW/QLopv0A9ZL9AblG/QONEv0B0X79A1Em/QFFIv0DlXL9AeWy/QIAhv0CpTL9AQ1e/QGs3
v0BZdr9A9kO/QIgxv0BHZ79AZHm/QIFMv0BSXL9AzD2/QBsnv0ByLr9A8EO/QJYvv0CmRr9A
f0G/QIpNv0CUYb9AFCC/QGtnv0CCNb9A3U2/QBBlv0DjP79AiEu/QIFVv0CwQ79AeFa/QFNL
v0DfR79AMFm/QMZZv0CwOb9AtE6/QDNRv0DfRr9A+Ei/QCVov0BNZb9Ank2/QBs/v0ACV79A
8lO/QIhHv0ATQb9AR2e/QCQ2v0AmY79AIUq/QK8zv0CUa79ApH6/QI58v0Afg79Ab2O/QLxX
v0DNY79AZ0u/QP9nv0DUVb9ADGq/QJxzv0ALUL9AyTm/QD9Gv0DjPr9AslK/QK5gv0BkX79A
ony/QGI8v0AQSb9AMUy/QB5uv0D1Xb9AvFm/QONJv0DPd79AnWK/QDtuv0AhXr9Ail+/QLR0
v0B/TL9AjF+/QJ1fv0AFY79A5Um/QOZTv0DbW79AdSG/QI5Xv0DPWb9ACFu/QJ9gv0Axgr9A
4Wq/QNYov0CVYr9AtUe/QLldv0DcaL9AED6/QJlOv0CbYL9Aan+/QNVev0BzTb9AdJW/QJFJ
v0DBTb9Alki/QNYqv0DiUr9AgHy/QPdZv0CDXr9A/XK/QKZtv0CqZr9AbGa/QDipv0C7br9A
63W/QAl9v0D8eb9AZU+/QP1mv0DaZr9AAVq/QJtGv0Dja79AK3O/QJRHv0Bigb9AxU6/QPF/
v0Aeir9ADl2/QNeNv0DnWb9A3nK/QLRvv0DqYr9AA1m/QIlfv0Dxp79AlXK/QB1Cv0C1dr9A
7ja/QHpTv0Bzb79AYEe/QCkuv0CNcL9ALXq/QOBtv0AZcr9AnWy/QI9uv0AlYb9AIlS/QJlG
v0Bhir9AqHm/QFODv0CRVb9AwXS/QJ17v0CLVr9AW5W/QHqgv0C3cr9AXnq/QFVav0CKZr9A
M4+/QM9iv0AbPL9APFy/QAxiv0B/Xr9AOm+/QEqUv0Dzbr9Ak1m/QLOMv0DDeL9A9WG/QDhr
v0AVf79AmVi/QPtPv0CCe79AdXu/QDR3v0Bag79A+Xm/QB1kv0BWYb9AF3a/QN58v0DAb79A
9na/QMZqv0A2eb9A7W+/QEJ7v0Cmj79APY6/QEt/v0CjQ79A7nq/QL92v0DFfL9A/Im/QHNw
v0DJaL9AN2u/QOd0v0BJZr9AD46/QKlqv0DuUL9A04y/QCdrv0DcXb9AZ6a/QE+Yv0B4eb9A
dW+/QNKXv0D0ab9AAHq/QNaTv0BOdb9AxV6/QHGDv0Bgmb9Ad4m/QDqgv0AaXb9AK02/QI6C
v0CKwL9AoKO/QFR7v0Dkfb9APnm/QPuDv0D0jb9Av5C/QC6Qv0AwhL9Awn+/QFSCv0B1hr9A
bIC/QJZ2v0Dep79AGmm/QHZkv0Dcb79A0Za/QEtav0D8e79AIIm/QAdxv0DahL9Aq36/QOuL
v0AzY79A0Vm/QKixv0CmYL9AlJG/QCqpv0DRbL9AcpS/QN+bv0A+lr9AQYq/QLKNv0Bahr9A
7I2/QNd2v0C8gr9Aep6/QPysv0Dsk79AuWa/QPpov0BMlL9AUn6/QLCNv0Bzfb9A45e/QA5p
v0Brpb9Ar5e/QFOXv0BlvL9AZIu/QGJ0v0DMrb9As6K/QNGEv0Dwsb9AJJm/QKJ1v0APe79A
FIq/QOFbv0DqqL9ApKS/QH2Sv0D9lr9AN6W/QB2hv0AbZ79AvqW/QIWPv0CDk79A46K/QHq9
v0C3bL9AosC/QMihv0DNmr9AE7y/QIl7v0BElb9AGNu/QJWIv0Csfb9AhJu/QDezv0D/lL9A
SKa/QOWxv0A+i79A846/QCJwv0Ckh79AH3e/QCulv0A7jr9ArXC/QISQv0D9nb9AL7K/QNuV
v0AIqL9Ax4O/QKF+v0AFsb9AsJ+/QOqmv0BLtL9A15q/QLmKv0Dllb9AgmS/QNqev0B7ib9A
96u/QLuGv0CDfr9Abp6/QECKv0C5jL9A8aG/QBeev0DEgr9Abne/QHuOv0CXfL9AyqG/QK27
v0Dxdr9Anpy/QE+Xv0AHfL9A+aO/QGfEv0Cdhr9Aooy/QG2Nv0A1j79Aaa6/QMfAv0CktL9A
/oG/QLu3v0DVxL9A0p6/QBuWv0C70b9A7ZG/QK+uv0BPyL9Ac4a/QP+5v0CZxr9Ao4i/QMR5
v0AoqL9AtLK/QD2Ov0AUqr9AHpm/QEypv0DQvr9ADZS/QH2Mv0Dms79APbi/QHePv0C0qb9A
IsS/QFy6v0AgxL9ANJm/QFuxv0DQj79Ab7W/QGquv0BMmr9AuKi/QEeQv0A8tL9Ayc2/QDam
v0AUkL9A4J6/QFDIv0AJl79Aa62/QB/Ev0AEpL9AOKm/QPyzv0A4jL9AH5G/QDe9v0BPtr9A
TKq/QNm4v0Dmob9Ai6S/QDy0v0BWsr9AVra/QIitv0BGjr9A1bG/QMyzv0B3qb9A2Li/QDyd
v0C8r79AT72/QJOhv0Dpu79AK4i/QLisv0D0x79AprK/QFePv0A1ob9Ay7m/QG/cv0Bhxr9A
LNm/QLPGv0C+h79AM8S/QDy/v0ANmb9AbZ6/QCa8v0Dyir9ArM+/QH2+v0DPvL9A956/QFi2
v0BzgL9AqLC/QFO9v0A0uL9A6aW/QKmdv0ASqL9AiG+/QN/Ev0DSm79ArNO/QCW4v0C4lb9A
uri/QAe5v0AhsL9Aham/QMvMv0CH3r9Ac5i/QI18v0CwtL9AEq+/QIuqv0Ca1r9Am+a/QHCu
v0BLtr9AnOC/QIepv0BYr79Anbq/QJ3Ev0AIs79Ar8+/QGKvv0Djir9AU5y/QEWav0Dwvb9A
19C/QNe9v0BnsL9Aj7+/QKKrv0DPjL9AN7+/QG2+v0Bgmr9Agpi/QPW6v0CDp79AyYy/QKWo
v0DUvL9AErm/QPmfv0DmwL9Asqe/QPuXv0Bqyb9AaMS/QOzHv0AV+L9AZq2/QFnqv0B6vL9A
ZJm/QLDPv0BmCcBAy8y/QLCyv0Dzxb9AAKW/QJ/Ev0BAy79ARL2/QC29v0CWyr9A39e/QHep
v0CDsr9A87W/QHTAv0Ca2r9A276/QJukv0CYyb9Aoca/QCe5v0Br279A6vS/QOG2v0Ck3L9A
ysC/QDnNv0Dxub9ADs2/QJbZv0A5ob9AirK/QB/Rv0A9yL9A+cW/QHPEv0BU0b9Awce/QK/H
v0DTsr9AdaW/QPr1v0Bxpr9A5da/QEPSv0BSwL9ANb+/QOADwEAk8b9AmbK/QDXEv0BP7r9A
vLS/QN7av0Ahyr9A18C/QD/Pv0Bny79AA8u/QMOuv0Dz8r9APrC/QCW1v0BuyL9Av8e/QAMe
wEAEzr9AH9G/QI/Kv0Av779AP8a/QH3dv0Asz79AINC/QPjCv0Coqb9APNG/QKbcv0D11b9A
me+/QIbjv0DPs79ApL+/QJSkv0BU879A6ve/QB/dv0Cv0b9AdNu/QEzlv0AQ079A/ri/QGva
v0Cyvr9AU6u/QO36v0A15r9AwMi/QPDkv0Bj0L9A0My/QG71v0B66L9A2eG/QBKuv0AB+79A
X9C/QPjlv0BLz79AKuW/QFUDwEB24r9Aj9e/QHnUv0CK5b9ACQTAQC3cv0BwA8BAheW/QLPe
v0Dw779AywLAQJKqv0Dc8L9AAOm/QJn4v0CJ179AAsm/QNjvv0Dv1L9AGPS/QE7iv0D+vr9A
GvS/QG/Mv0DRyr9AY+C/QNj1v0Dxyb9AFdq/QJDOv0B/2r9Af9e/QNz+v0CkBMBAyMS/QPrk
v0Ds479AauC/QAndv0Bg579A2dG/QMDnv0CG+79Ay8m/QLgGwEDu579A7dm/QAXyv0CdA8BA
pwDAQOHMv0A++b9AV/u/QFTDv0DZ3r9Aw9S/QFPdv0C88r9Al9u/QBDXv0CKw79Apry/QCYM
wEB0w79Anfa/QEDav0Dh6r9ASfm/QNjJv0Brur9Ah/q/QMHev0BB2L9AQAbAQKHbv0AQ4r9A
es2/QMjXv0BH2b9A/cW/QDbzv0BV6b9ABde/QAk7wEA2479A79u/QLTjv0Dy579AkuW/QNz9
v0BL/r9A+dC/QOrJv0DE6r9AeAnAQHrSv0B8AsBAo/W/QKTKv0AO9L9ArAHAQCHov0AU9L9A
vtW/QBXKv0A3979A6PK/QIPVv0AtCcBAJvK/QJPev0De4r9Asu+/QPrlv0DR4L9AAfa/QIr2
v0Ag4L9ATvy/QBT9v0AW5b9A2eK/QEfhv0CQEcBAwvi/QOoEwEAcx79Arfa/QD4QwEDc2L9A
hdS/QFsGwEDHzb9AjPS/QDPFv0A38r9Ax/q/QCICwEDw/L9Art2/QKTrv0Cv7L9AeBDAQGjy
v0DcB8BA/vu/QJwLwECQ279AeAvAQJLyv0ARHMBAZ/6/QJ/ev0Dv5b9Ah++/QID8v0DzGMBA
x+i/QGX3v0CGB8BAjv+/QG8MwEBlFcBAchzAQMYXwEAtBcBAf+G/QOvov0C1679AMQrAQPkW
wEA/6b9AR/q/QI8CwECk5r9AciDAQDr1v0B8279AigrAQMb1v0Bo6L9AZQXAQEoZwEDoBcBA
PgrAQO79v0CqB8BA+wXAQEviv0CqAMBAhQ/AQEwLwEDJ/r9AXuS/QFEGwEDeKsBAcPC/QKnw
v0C9GMBAKva/QIrdv0Be779AYBDAQK/rv0Bm6r9AghDAQAQQwEAtDsBA0gHAQKb4v0Ca8b9A
mSfAQJj5v0BU+r9AOx/AQE/sv0Dh779Ardy/QKPgv0Aj5L9A1T/AQMY3wECz+L9AYQPAQGcM
wECDBsBAJRnAQHDlv0DPF8BAvgvAQKYVwEA03r9AsB7AQGkUwEA6+79Aq8a/QLD/v0AADMBA
lfK/QEMYwEDvCMBAEf+/QGAHwECH+L9ACf6/QDMfwECIGcBArA/AQE4fwEBbEMBAVBbAQDTz
v0ADKcBAePq/QOkHwEBJFcBAVBPAQAgLwEB9A8BAN/e/QGoawECSGMBAJfu/QPH/v0Aj9b9A
MiLAQF03wEB2+79ArgnAQIIQwECd4b9AyQHAQHLnv0AcC8BAnyDAQBEHwEDI7b9AkSLAQCUZ
wEATA8BAQxzAQIkWwEAm379Aef6/QGP7v0CpC8BA3QPAQNINwEAFFcBAaRzAQNjwv0B5IcBA
od+/QBgUwEAoD8BA9hDAQPL3v0DoJcBAUPe/QAISwEBhC8BAGivAQM7yv0CLBsBAeBXAQI3m
v0BXM8BAKiXAQM4PwECKJMBAtCfAQMD0v0AMDsBAZirAQNwMwEDcLsBA3jLAQPr1v0BqN8BA
hCHAQMIMwECoE8BAYR/AQJwZwEB1G8BAqhDAQAAqwEBn/r9A7BHAQLI2wEA5AsBAMQjAQKJK
wEBeF8BA</AssayYData></Step></KineticsData></ExperimentResults>
