<?xml version="1.0" encoding="UTF-8" standalone="yes"?>
<ExperimentResults><ExperimentInfo Name="OE292"><ExpDescription>AHC example method_screening with one Analyte_384 well plate
64 capture antibodies with Analyte at one concentration_no reference channel</ExpDescription><RTDVersion>2.0</RTDVersion><RunID>24F06473-F6D3-4D98-A1F9-0B1F7EF644AC</RunID><ExperimentType>KINETICS</ExperimentType><ExperimentSubType>KBASIC</ExperimentSubType><StartDateTime>2025-10-13T15:18:17</StartDateTime><MachineName>F4G0FZ3</MachineName><UserName>octet</UserName><LotNumber></LotNumber><PlateName>251013</PlateName><PlateName2></PlateName2><SensorName>A12</SensorName><SensorPlate>1</SensorPlate><SensorType>AHC (Anti-hIgG Fc Capture)</SensorType><SensorRole>LIGAND</SensorRole><SensorInfo></SensorInfo><WritingSW>OctetBLIDiscovery.exe 13.0.3.26</WritingSW><InstrumentType>OctetRED384</InstrumentType><InstrumentSerial>FB-20855</InstrumentSerial><InstrumentFW></InstrumentFW><IntegrationTime>2.3</IntegrationTime><DSPType>CPF</DSPType><HasManifest>1</HasManifest><InfoHash>244724468</InfoHash></ExperimentInfo><AssayParamsInfo/><KineticsData><Step><CommonData><SampleLocation>7</SampleLocation><SampleID>Glycine</SampleID><SampleGroup></SampleGroup><SampleInfo></SampleInfo><SampleRow>B</SampleRow><SamplePlate>1</SamplePlate><WellType>REGENERATION</WellType><Concentration>-1</Concentration><ConcentrationUnits>µg/ml</ConcentrationUnits><MolarConcentration>-1</MolarConcentration><MolarConcUnits>nM</MolarConcUnits><MolecularWeight>0</MolecularWeight><Temperature>30.1</Temperature><StartTime>0</StartTime><AssayTime>5</AssayTime></CommonData><FlowRate>1000</FlowRate><StepType>KREGENERATION</StepType><StepName>Regeneration</StepName><StepStatus>OK</StepStatus><ActualTime>5</ActualTime><CycleTime>0.2</CycleTime><AssayXData Points="25">AAAAAM3MTD7NzMw+I9sZP83MTD8AAIA/mpmZPzMzsz+R7cw/ZmbmP2IQAEDNzAxAmpkZQMl2
JkAzMzNAAABAQM3MTECamVlAZmZmQJZDc0AAAIBAZmaGQM3MjEAzM5NAmpmZQA==</AssayXData><AssayYData Points="25">AAAAABRXGr7263G+mlifvhfUvb68dtm+bSfyvm3FBL/gug+/yQgYvwY+Ir/LZSq/j0Qyv8kP
O78sEEG/3RJHv/QUTr9XPlW/2MlXvw4QX7/QYWS/kABnv7bOa78AxnC/MBB1vw==</AssayYData></Step><Step><CommonData><SampleLocation>8</SampleLocation><SampleID>PBS</SampleID><SampleGroup></SampleGroup><SampleInfo></SampleInfo><SampleRow>B</SampleRow><SamplePlate>1</SamplePlate><WellType>NEUTRALIZATION</WellType><Concentration>-1</Concentration><ConcentrationUnits>µg/ml</ConcentrationUnits><MolarConcentration>-1</MolarConcentration><MolarConcUnits>nM</MolarConcUnits><MolecularWeight>0</MolecularWeight><Temperature>30</Temperature><StartTime>44141</StartTime><AssayTime>5</AssayTime></CommonData><FlowRate>1000</FlowRate><StepType>KREGENERATION</StepType><StepName>Regeneration</StepName><StepStatus>OK</StepStatus><ActualTime>5</ActualTime><CycleTime>0.2</CycleTime><AssayXData Points="25">AACgQGZmpkD+1KxAMzOzQJqZuUAAAMBAZmbGQM3MzEAzM9NAy6HZQAAA4EBmZuZAzczsQDMz
80DLoflAAAAAQTMzA0FmZgZBsp0JQebQDEEAABBBTDcTQdv5FkGamRlBzcwcQQ==</AssayXData><AssayYData Points="25">Rh8sQKN0LUDXkS5APG8vQA0iMECAjzBASiMxQJ8LMkCVeDJAoWYyQMTYMkBKQDNARXYzQNOr
M0DcJDRAjBE0QIBONEAzkjRAoR01QMFJNUCgXjVAVC81QJ9xNUCBvzVAsvE1QA==</AssayYData></Step><Step><CommonData><SampleLocation>7</SampleLocation><SampleID>Glycine</SampleID><SampleGroup></SampleGroup><SampleInfo></SampleInfo><SampleRow>B</SampleRow><SamplePlate>1</SamplePlate><WellType>REGENERATION</WellType><Concentration>-1</Concentration><ConcentrationUnits>µg/ml</ConcentrationUnits><MolarConcentration>-1</MolarConcentration><MolarConcUnits>nM</MolarConcUnits><MolecularWeight>0</MolecularWeight><Temperature>30</Temperature><StartTime>57531</StartTime><AssayTime>5</AssayTime></CommonData><FlowRate>1000</FlowRate><StepType>KREGENERATION</StepType><StepName>Regeneration</StepName><StepStatus>OK</StepStatus><ActualTime>5</ActualTime><CycleTime>0.2</CycleTime><AssayXData Points="25">AAAgQUw3I0F/aiZBsp0pQc3MLEEZBDBBMzMzQWZmNkGamTlB5dA8QQAAQEEzM0NBZmZGQZqZ
SUHm0ExBGARQQTMzU0F/alZBmplZQc3MXEEAAGBBMzNjQWZmZkGamWlBzcxsQQ==</AssayXData><AssayYData Points="25">l+s0vzTjS79RQVm/LiFiv8UVaL+fcW+/G8J1v85heb92fH2/U2mAv2Zfgr//Y4S/nUSGvxaX
hr8jVoi/zr+Jvwkii79+IYy/DGWNv7O4jr+j+I6/xzqRv36bkb+VSZK/wJuTvw==</AssayYData></Step><Step><CommonData><SampleLocation>8</SampleLocation><SampleID>PBS</SampleID><SampleGroup></SampleGroup><SampleInfo></SampleInfo><SampleRow>B</SampleRow><SamplePlate>1</SamplePlate><WellType>NEUTRALIZATION</WellType><Concentration>-1</Concentration><ConcentrationUnits>µg/ml</ConcentrationUnits><MolarConcentration>-1</MolarConcentration><MolarConcUnits>nM</MolarConcUnits><MolecularWeight>0</MolecularWeight><Temperature>30</Temperature><StartTime>70971</StartTime><AssayTime>5</AssayTime></CommonData><FlowRate>1000</FlowRate><StepType>KREGENERATION</StepType><StepName>Regeneration</StepName><StepStatus>OK</StepStatus><ActualTime>5</ActualTime><CycleTime>0.2</CycleTime><AssayXData Points="25">AQBwQTQzc0FnZnZBm5l5QebQfEEMAoBBppuBQTMzg0HNzIRBc2iGQQAAiEGamYlBTDeLQc3M
jEFzaI5BAACQQZqZkUEzM5NBzcyUQXNolkEAAJhBmpmZQUA1m0HNzJxBZmaeQQ==</AssayXData><AssayYData Points="25">PGcoQGqlKUAfkypAqmwrQEVLLEBc1ixAkVgtQAfhLUD0Qy5AhcouQGUTL0BUbC9A6zsvQI+6
L0B0YDBA2b0wQAK+MECaHTFAMQIxQDxkMUAwjjFAE8UxQJzFMUC67jFAh9ExQA==</AssayYData></Step><Step><CommonData><SampleLocation>7</SampleLocation><SampleID>Glycine</SampleID><SampleGroup></SampleGroup><SampleInfo></SampleInfo><SampleRow>B</SampleRow><SamplePlate>1</SamplePlate><WellType>REGENERATION</WellType><Concentration>-1</Concentration><ConcentrationUnits>µg/ml</ConcentrationUnits><MolarConcentration>-1</MolarConcentration><MolarConcUnits>nM</MolarConcUnits><MolecularWeight>0</MolecularWeight><Temperature>30</Temperature><StartTime>84393</StartTime><AssayTime>5</AssayTime></CommonData><FlowRate>1000</FlowRate><StepType>KREGENERATION</StepType><StepName>Regeneration</StepName><StepStatus>OK</StepStatus><ActualTime>5.001</ActualTime><CycleTime>0.2</CycleTime><AssayXData Points="25">AACgQZqZoUEzM6NBzcykQWZmpkEMAqhBppupQUA1q0HNzKxBZmauQQwCsEGambFBQDWzQc3M
tEFmZrZBDAK4QZqZuUEzM7tB2c68QWZmvkEAAMBBmpnBQTMzw0HNzMRBc2jGQQ==</AssayXData><AssayYData Points="25">MxlXvzi1ar9/l3W/OVt9v8N3gb8MkYS/HLGGv7mBiL9hhoq/AY+Lv+SvjL+2UY6/RKiPv+QS
kb+6eJK/ywOTvy+qk7+tnZS/rj6Wv17flb80L5e//l2Yvwu2mL+TrZm/ftyZvw==</AssayYData></Step><Step><CommonData><SampleLocation>8</SampleLocation><SampleID>PBS</SampleID><SampleGroup></SampleGroup><SampleInfo></SampleInfo><SampleRow>B</SampleRow><SamplePlate>1</SamplePlate><WellType>NEUTRALIZATION</WellType><Concentration>-1</Concentration><ConcentrationUnits>µg/ml</ConcentrationUnits><MolarConcentration>-1</MolarConcentration><MolarConcUnits>nM</MolarConcUnits><MolecularWeight>0</MolecularWeight><Temperature>30</Temperature><StartTime>97847</StartTime><AssayTime>5</AssayTime></CommonData><FlowRate>1000</FlowRate><StepType>KREGENERATION</StepType><StepName>Regeneration</StepName><StepStatus>OK</StepStatus><ActualTime>5.001</ActualTime><CycleTime>0.2</CycleTime><AssayXData Points="25">DQLIQbOdyUFMN8tB5tDMQXNozkENAtBBp5vRQUA100HaztRBgGrWQRkE2EGnm9lBQDXbQebQ
3EFzaN5BGQTgQbOd4UFANeNB5tDkQYBq5kENAuhBppvpQUw360HazuxBgGruQQ==</AssayXData><AssayYData Points="25">enEoQIGZKUCxXCpAFFkrQAAnLECaWixABlwtQB+bLUA/MC5AS7YuQALhLkC0Cy9AgJ8vQA39
L0Aj3S9AvGswQFteMEB5ozBAhgwxQJABMUC9VDFAulsxQEOYMUBkhDFAf9QxQA==</AssayYData></Step><Step><CommonData><SampleLocation>3</SampleLocation><SampleID>Octet Buffer</SampleID><SampleGroup></SampleGroup><SampleInfo></SampleInfo><SampleRow>A</SampleRow><SamplePlate>1</SamplePlate><WellType>BUFFER</WellType><Concentration>-1</Concentration><ConcentrationUnits>µg/ml</ConcentrationUnits><MolarConcentration>-1</MolarConcentration><MolarConcUnits>nM</MolarConcUnits><MolecularWeight>0</MolecularWeight><Temperature>30</Temperature><StartTime>112441</StartTime><AssayTime>20</AssayTime></CommonData><FlowRate>1000</FlowRate><StepType>CUSTOM</StepType><StepName>Sensor Check</StepName><StepStatus>OK</StepStatus><ActualTime>20</ActualTime><CycleTime>0.2</CycleTime><AssayXData Points="100">GgTwQcCf8UFZOfNB59D0QYBq9kEmBvhBtJ35QVo5+0Hn0PxBjWz+QQ0CAELazgBCp5sBQnpp
AkJANQNCDQIEQtrOBEKnmwVCc2gGQkY2B0ITAwhC2s4IQqebCUJzaApCQDULQg0CDELazgxC
p5sNQnppDkJANQ9CEwMQQtrOEEKnmxFCc2gSQkA1E0INAhRC2s4UQqebFUJ6aRZCQDUXQhMD
GELazhhCppsZQnppGkJANRtCDQIcQuDPHEKtnB1CdGgeQkA1H0ITAyBC2s4gQq2cIUJ6aSJC
QDUjQg0CJELaziRCrZwlQnRoJkJANSdCEwMoQuDPKEKtnClCdGgqQkA1K0INAixC2s4sQqab
LUJ0aC5CRjYvQhMDMELazjBCppsxQnppMkJANTNCDQI0QuDPNEKmmzVCemk2QkA1N0INAjhC
4M84QqycOUJ0aDpCQDU7QhMDPELgzzxCpps9QnRoPkJANT9CDQJAQtrOQEKmm0FCdGhCQkA1
Q0INAkRC4M9EQqabRUJ0aEZCQDVHQg==</AssayXData><AssayYData Points="100">qBooQCRmJkBQySRASX0jQKykIkBTTCJA3wYiQAIQIkBw9yFAzcchQJUBIkBQqyJARYQiQHa+
IkBUASNATywjQAcOI0DaNyNAcqgjQI3VI0Do7yNAG+4jQJQNJEBPHCRADXIkQERhJEBigCRA
sW8kQIutJECTqCRAZeokQEvbJEAY9CRABBklQLlKJUDUYyVAmYklQMl7JUDKuCVAWL0lQDLI
JUDcviVAB+4lQJTZJUA62iVAeyMmQHMoJkBiFCZArUomQApwJkA6OiZArZYmQMx8JkCNZCZA
laAmQFC5JkB2niZA74cmQJzKJkAX3SZAm9QmQIYuJ0BSCSdAikonQHsiJ0DRLSdAA1QnQEIi
J0DAaidAFlcnQJJvJ0CoRidA22gnQIlxJ0A7XydAZ1MnQDuIJ0BleidA8I8nQGSMJ0BG4idA
GKwnQDDIJ0B/2ydAUhMoQIywJ0BpsydAfvwnQOnSJ0C9QihAXz0oQFp4KEA9GShA2yEoQN5/
KEA2LihAI7koQOdPKEDsUihACV8oQA==</AssayYData></Step><Step><CommonData><SampleLocation>7</SampleLocation><SampleID>SI-157C13_P5198</SampleID><SampleGroup></SampleGroup><SampleInfo></SampleInfo><SampleRow>A</SampleRow><SamplePlate>1</SamplePlate><WellType>KLOAD</WellType><Concentration>5</Concentration><ConcentrationUnits>µg/ml</ConcentrationUnits><MolarConcentration>5000</MolarConcentration><MolarConcUnits>nM</MolarConcUnits><MolecularWeight>0</MolecularWeight><Temperature>30</Temperature><StartTime>141226</StartTime><AssayTime>120</AssayTime></CommonData><FlowRate>1000</FlowRate><StepType>LOADING</StepType><StepName>Loading</StepName><StepStatus>OK</StepStatus><ActualTime>120</ActualTime><CycleTime>0.2</CycleTime><AssayXData Points="600">DQJIQtrOSEKnm0lCc2hKQkA1S0ITA0xC2s5MQqebTUJzaE5CRjZPQg0CUELazlBCrZxRQnpp
UkJGNlNCEwNUQtrOVEKnm1VCc2hWQkY2V0INAlhC2s5YQqebWUJ6aVpCRjZbQhMDXELazlxC
p5tdQnNoXkJANV9CDQJgQtrOYEKtnGFCc2hiQkA1Y0INAmRC2s5kQq2cZUJzaGZCQDVnQg0C
aELazmhCpptpQnppakJANWtCDQJsQtrObEKtnG1CemluQkA1b0INAnBC2s5wQq2ccUJ0aHJC
RjZzQg0CdELgz3RCppt1QnRodkJGNndCDQJ4QuDPeEKmm3lCeml6QkA1e0ITA3xC4M98Qqab
fUJ0aH5CRjZ/QgYBgELwZ4BCVs6AQr00gUKgmoFCBgGCQm1ngkJWzoJCvTSDQqCag0KKAYRC
bWeEQlbOhEI6NIVCoJqFQgYBhkJtZ4ZC082GQr00h0KgmodCBgGIQm1niELTzYhCOjSJQqCa
iUKKAYpC8GeKQtPNikI6NItCoJqLQgYBjEJtZ4xC082MQjo0jUKgmo1CBgGOQm1njkJWzo5C
OjSPQiObj0IGAZBC8GeQQtPNkEI6NJFCoJqRQgYBkkLwZ5JCVs6SQjo0k0KgmpNCigGUQm1n
lELTzZRCvTSVQqCalUIGAZZCbWeWQtPNlkK9NJdCoJqXQgYBmELwZ5hC082YQr00mUKgmplC
BgGaQm1nmkJWzppCOjSbQiObm0KKAZxCbWecQtPNnEI6NJ1CI5udQooBnkLwZ55C082eQjo0
n0Ijm59CigGgQvBnoEJWzqBCOjShQqCaoUKKAaJC8GeiQlbOokI6NKNCoJqjQooBpEJtZ6RC
1M2kQjo0pUIjm6VCBgGmQm1npkLUzaZCOjSnQiObp0IGAahCbWeoQtTNqEJANalCoJqpQgYB
qkJtZ6pC1M2qQjo0q0KgmqtCigGsQm1nrELUzaxCvTStQqCarUKKAa5CbWeuQtTNrkK9NK9C
oJqvQgYBsELwZ7BC1M2wQjo0sUKgmrFCBgGyQm1nskJWzrJCvTSzQqCas0IGAbRCbWe0QlbO
tEI6NLVCoJq1QgYBtkJtZ7ZCVs62Qjo0t0KgmrdCBgG4QvBnuELUzbhCOjS5QqCauUKKAbpC
bWe6QtTNukI6NLtCoJq7QgYBvELwZ7xC1M28Qjo0vUKgmr1CBgG+Qm1nvkLUzb5CvTS/QiOb
v0IGAcBC8GfAQtTNwEI6NMFCoJrBQgYBwkLwZ8JC1M3CQjo0w0KgmsNCigHEQm1nxEJWzsRC
vTTFQqCaxUKKAcZC8GfGQtTNxkI6NMdCoJrHQgYByEJtZ8hC1M3IQr00yUIjm8lCBgHKQm1n
ykJWzspCOjTLQiOby0KKAcxC8GfMQtTNzEI6NM1CI5vNQooBzkJtZ85CVs7OQr00z0Kgms9C
BgHQQm1n0ELUzdBCOjTRQiOb0UIGAdJC8GfSQlbO0kI6NNNCI5vTQgYB1EJtZ9RC1M3UQjo0
1UIjm9VCBgHWQm1n1kJWztZCvTTXQqCa10IGAdhCbWfYQlbO2EK9NNlCI5vZQgYB2kJtZ9pC
1M3aQjo020KgmttCigHcQm1n3ELUzdxCvTTdQqCa3UIGAd5CbWfeQlbO3kI6NN9CoJrfQgYB
4EJzaOBCVs7gQjo04UKgmuFCigHiQm1n4kJWzuJCOjTjQiOb40IGAeRCbGfkQtTN5EI6NOVC
JJvlQooB5kJsZ+ZC1M3mQrw050Ikm+dCBgHoQvBn6ELUzehCOjTpQiSb6UIGAepCbGfqQtTN
6kI6NOtCoJrrQgYB7EJsZ+xCVs7sQjo07UKgmu1CBgHuQmxn7kLUze5COjTvQqCa70IGAfBC
bGfwQlbO8EK8NPFCoJrxQgYB8kJsZ/JCVs7yQjo080KgmvNCigH0Qmxn9EJWzvRCOjT1QqCa
9UIGAfZCbGf2QtTN9kI6NPdCJJv3QooB+EJsZ/hC1M34Qjo0+UKgmvlCBgH6Qmxn+kLUzfpC
OjT7QqCa+0KKAfxCbGf8QtTN/EK8NP1CJJv9QooB/kLwZ/5CVs7+Qjo0/0Kgmv9CgwAAQ/gz
AEPqZgBDXpoAQ5LNAEPFAAFD+DMBQ+pmAUNemgFDks0BQ4MAAkO2MwJD6mYCQx2aAkNQzQJD
gwADQ7YzA0PqZgNDXpoDQ1DNA0PFAARDtjMEQ+pmBEMdmgRDUM0EQ8UABUO2MwVD6mYFQ16a
BUOSzQVDxQAGQ7YzBkMrZwZDHZoGQ5LNBkPFAAdDtjMHQ+pmB0MdmgdDks0HQ4MACEO2MwhD
6mYIQx2aCENQzQhDgwAJQ/gzCUMxaAlDHZoJQ1DNCUPFAApDtjMKQytnCkMdmgpDUM0KQ8UA
C0O2MwtDK2cLQx2aC0NQzQtDxQAMQ7YzDEMrZwxDXpoMQ1DNDEODAA1DtjMNQ+pmDUMdmg1D
UM0NQ4MADkO2Mw5D6mYOQ16aDkNQzQ5DgwAPQ7YzD0PqZg9DXpoPQ1DND0ODABBDtjMQQ+pm
EENemhBDUM0QQ4MAEUP4MxFD6mYRQ16aEUNQzRFDxQASQ7YzEkPqZhJDXpoSQ1DNEkODABND
+DMTQ+pmE0MdmhNDUM0TQ4MAFEP4MxRD6mYUQx2aFENQzRRDgwAVQ/gzFUPqZhVDHZoVQ1DN
FUODABZD+DMWQ+pmFkNemhZDUM0WQ4MAF0O2MxdD6mYXQ16aF0NQzRdDxQAYQ7YzGEMrZxhD
HZoYQ1DNGEPFABlDtjMZQytnGUNemhlDUM0ZQ4MAGkO2MxpDK2caQx2aGkNQzRpDxQAbQ7Yz
G0PqZhtDHZobQ1DNG0PFABxDtjMcQytnHENemhxDks0cQ4MAHUO2Mx1D6mYdQ16aHUNQzR1D
gwAeQ7YzHkNtZx5DHZoeQ5LNHkODAB9D+DMfQ+pmH0Mdmh9DUM0fQ4MAIEP4MyBD6mYgQ16a
IEOSzSBDgwAhQ7YzIUPqZiFDXpohQ1DNIUODACJD+DMiQ65nIkMdmiJDUM0iQ8UAI0P4MyND
6mYjQx2aI0NQzSNDgwAkQ/gzJEPqZiRDXpokQ1DNJEODACVDtjMlQytnJUMdmiVDUM0lQ8UA
JkO2MyZDK2cmQ16aJkNQzSZDgwAnQ/gzJ0PqZidDHZonQ5LNJ0ODAChDOjQoQ+pmKEMdmihD
UM0oQ4MAKUP4MylD6mYpQx2aKUNQzSlD</AssayXData><AssayYData Points="600">A70oQF4HKkCZ9SpA6IgrQNGwLEBZYy1AsKguQFZyL0CoUjBA5jgxQAsqMkDmAzNAWqMzQKpT
NEBCcDVALDU2QKUiN0A5AjhAXMs4QL6QOUDsdDpAVw07QN7zO0CemDxALbA9QBvyPUBdND9A
5hpAQAvtQEBqV0FA7TVCQAniQkD4rUNALUxEQNgBRUBCuEVAOIJGQNVNR0Ao5EdAUcNIQNFE
SUAsLEpABvRKQFRuS0BuF0xAJa9MQH1STUAR6E1AnaROQJJ9T0Djy09AuH5QQNIDUUDIyVFA
G2ZSQIkBU0Dzr1NA4CpUQGf3VECtNVVAdflVQPaMVkAIEFdAfExXQFwDWEApnlhAqB5ZQCxr
WUCriFlApa5aQHH7WkCNdFtAoSdcQPZZXEAV4lxAN2FdQHWUXUD0ul5AQqBeQGtJX0BrfF9A
8BFgQOJlYEBJJWFAW61hQAa2YUD7RWJAA8tiQOQhY0D7kGNAvb9jQLUXZEAraGRAgOpkQDC6
ZUCSrGVAlkZmQBtqZkCzl2ZAggxnQJaIZ0Bi02dAlSRoQDteaEAiqmhAhfdoQFF2aUAGmGlA
DOZpQH1uakDOjGpAvFJqQLbrakCXRWtAzmBrQPfva0AyWGxA7HpsQKmBbED/A21Ac2htQFdk
bUCc+W1AEEBuQNpebkCDU25AQ/tuQH/EbkBwU29A3HlvQFayb0Cn1G9AZWRwQIVUcEDTa3BA
2NZwQBjscEA0RnFAF6dxQKK5cUBEwXFA9VZyQMMxckAajnJAvHFyQFwHc0BlRXNAHmFzQDfC
c0BdxXNASd5zQHz9c0D6PnRAqit0QKipdEAczHRAXPh0QCeNdUCGTXVA6JN1QLuudUDg/3VA
7Jt1QB03dkD4PXZALWl2QLVldkDSwXZAOK92QPzFdkA7dndAzGd3QEnCd0BZnndAbvF3QIwW
eEDCZXhAboJ4QC9veECnkHhAFLt4QDb2eED9HXlAiSV5QJtoeUAeRnlAnnx5QHWYeUA67HlA
jfh5QPiGekB4U3pA9m56QOdqekBCeHpA++x6QNAEe0Bp+npAAIV7QOUve0CmdXtAWMN7QIfh
e0DXm3tAHeN7QNwLfEBDPHxAWyB8QLRvfEDZlXxAx4F8QHUKfUBR2HxA9xZ9QGkqfUCIZ31A
RR59QCFafUAqcn1AdSx9QG2KfUAfBn5Ap/B9QLv8fUD1G35AohB+QPaFfkAvq35A0NV+QCpV
fkC+wH5A4At/QGITf0BnK39AXWF/QFNif0CHXH9A07h/QMqNf0Cdun9AHfR/QDX+f0AQA4BA
nR6AQGX0f0AbBoBAFEKAQHZAgEATSIBAZG+AQLQ+gED0N4BAK3qAQG56gEBProBAopKAQCS+
gECYlYBAM7iAQFX6gEBi1oBARfOAQMQxgUAe2oBAEROBQAAagUDQ/4BA4R+BQG1LgUCYHYFA
JVWBQBlbgUCYhIFAx1yBQIuBgUC6ioFATI2BQKydgUDctYFAO5+BQKmmgUD2oYFA2+WBQEvW
gUBG5IFAQK6BQD29gUDX/4FADRqCQAD0gUBsKoJA4AqCQN4zgkB4LYJAgF2CQJGBgkAPXIJA
xUuCQMVsgkBmaoJAnHaCQGJhgkChg4JAXXiCQLa6gkAkdYJALpqCQPW+gkCYq4JAu9CCQL3M
gkBB74JAne2CQA3jgkBc+IJAT/+CQNAOg0BnJoNAECyDQEQlg0AbMINA6RWDQPpNg0CzZINA
W0CDQHFag0BVnoNAA3ODQJh6g0DDpINAUEODQGCWg0AThINAH7GDQOqbg0CZsYNAQcWDQI66
g0BvyYNA28+DQDPWg0Dd64NAMcqDQPXDg0DZ6YNAL+6DQBb2g0CKC4RAAAOEQJcIhECMLIRA
1R6EQNlChEBAGYRA4CWEQNBPhEDoXYRAXF2EQHpkhECsaYRAsG6EQFt5hECEdYRA+3eEQJOH
hEASmoRA+YeEQAfLhEA9sIRA86SEQPi5hED9qYRA6dmEQPfVhEBN3oRALsWEQKfhhECiD4VA
lueEQKL8hEAn7IRAPP+EQFf4hEC6GYVAAhGFQFwxhUAXHIVAyCKFQCczhUDvI4VA6l+FQOFX
hUBLSYVAcImFQGhchUA4ZIVAW2SFQMtvhUC9XYVAtoiFQFychUB7mYVAj3iFQBKThUARloVA
uY6FQBfShUDOnIVAb7aFQB3OhUDFx4VA1J2FQAv+hUDmvYVADtiFQEMShkCUtYVAzR2GQBYg
hkC3KIZAxPGFQG70hUAEBoZAOyaGQOEshkDyOIZAfR6GQHE5hkAdFIZAWE2GQB05hkBjRYZA
fT6GQKxghkApl4ZAFGOGQGNYhkCeoYZAbXmGQFNAhkA7YYZAwouGQPSbhkCIzIZAdbqGQDiD
hkCysYZA2M6GQPnchkCDm4ZAi/SGQIvThkB+voZAQvyGQATXhkDn84ZAGA+HQFj5hkDhBIdA
m/GGQELzhkAf0IZAX+uGQBglh0ALHYdA2eeGQOEhh0CACIdAQR+HQO0hh0A9V4dAWiiHQM7/
hkBOWodA6F+HQJZFh0CybYdAAEuHQLdWh0D3aYdAfm2HQHdyh0BmlYdALFuHQDyBh0ArtodA
l3CHQB6Oh0AQh4dA86qHQPKQh0D6mYdAH6yHQHuvh0DiyYdAsOSHQJ+Th0A704dAlOyHQDDj
h0CIzodABQCIQHbMh0Dp+4dAH++HQKv0h0BszodA/BCIQI/mh0CW2odAefyHQN8MiEBpG4hA
ECKIQJ5iiEBT9YdAyC6IQJFKiECCRohAfz2IQEk8iEAyZIhA9ziIQEBQiEA2X4hAhkyIQN5m
iEAxdIhANHSIQJhHiEDHeohA3Y6IQNJciEBHjohAE5CIQMZoiEBCiYhAZJmIQOeJiEDSm4hA
p76IQOOliED8u4hAGLWIQK65iECY2ohAY9iIQKeWiECHzYhAmcWIQMjJiEBc0IhA29SIQKjT
iEBA9IhAPOaIQKXmiEBpy4hAztiIQC7SiEBt3YhAYgeJQGYBiUA59ohA3vKIQBMUiUAECIlA
HPOIQIkoiUDwMIlAyReJQIckiUAxHYlA80SJQCc4iUA3LolAiTCJQAVZiUAXSolAdUWJQCNi
iUDIQ4lA8lqJQMVHiUDgS4lA736JQIVYiUCUeolAnniJQE1SiUAcl4lA6I2JQJdpiUCXtIlA
Z5CJQMKoiUDdu4lAQ7WJQN2SiUD0mYlA</AssayYData></Step><Step><CommonData><SampleLocation>3</SampleLocation><SampleID>Octet Buffer</SampleID><SampleGroup></SampleGroup><SampleInfo></SampleInfo><SampleRow>A</SampleRow><SamplePlate>1</SamplePlate><WellType>BUFFER</WellType><Concentration>-1</Concentration><ConcentrationUnits>µg/ml</ConcentrationUnits><MolarConcentration>-1</MolarConcentration><MolarConcUnits>nM</MolarConcUnits><MolecularWeight>0</MolecularWeight><Temperature>30</Temperature><StartTime>270166</StartTime><AssayTime>100</AssayTime></CommonData><FlowRate>1000</FlowRate><StepType>BASELINE</StepType><StepName>Baseline</StepName><StepStatus>OK</StepStatus><ActualTime>100</ActualTime><CycleTime>0.2</CycleTime><AssayXData Points="500">gwAqQ7YzKkPpZipDHZoqQ1DNKkPFACtD+DMrQ+lmK0MdmitDUM0rQ4MALEO2MyxD6WYsQx2a
LENQzSxDxQAtQ7YzLUPpZi1DHZotQ5HNLUPFAC5DtjMuQytnLkMdmi5Dkc0uQ4MAL0P4My9D
6WYvQx2aL0ORzS9DxQAwQ7YzMEMrZzBDHZowQ5HNMEPFADFDtjMxQ+lmMUNemjFDUM0xQ4MA
MkO2MzJD6WYyQx2aMkNQzTJDxQAzQ/gzM0PpZjNDXpozQ1DNM0PFADRDtjM0QytnNENemjRD
UM00Q4MANUO2MzVD6WY1Q16aNUNQzTVDgwA2Q7YzNkPpZjZDXpo2Q5HNNkPFADdD+DM3Q+lm
N0MdmjdDkc03Q8UAOEP4MzhD6WY4Q16aOENQzThDgwA5Q7YzOUPpZjlDXpo5Q1DNOUODADpD
tjM6QytnOkMdmjpDUM06Q8QAO0P4MztD6WY7Q16aO0ORzTtDgwA8Q7YzPEO2czxDapw8Q1DN
PEPEAD1D+DM9Q+lmPUMdmj1D0809Q8QAPkO2Mz5D6WY+Qx2aPkORzT5DgwA/Q7YzP0PpZj9D
HZo/Q1DNP0ODAEBDtjNAQ+lmQENemkBDkc1AQ4MAQUO2M0FD6WZBQx2aQUNQzUFDgwBCQ7Yz
QkPpZkJDXppCQ1DNQkODAENDtjNDQytnQ0NemkNDkc1DQ4MAREP4M0RDK2dEQ16aREORzURD
gwBFQ7YzRUPpZkVDHZpFQ5HNRUODAEZD+DNGQ+lmRkNemkZDkc1GQ8QAR0O2M0dD6WZHQx2a
R0NQzUdDgwBIQ/gzSEPpZkhDHZpIQ1DNSEODAElDtjNJQ+lmSUMdmklDUM1JQ4MASkP4M0pD
6mZKQxyaSkORzUpDgwBLQ7YzS0PqZktDHJpLQ1DNS0ODAExD+DNMQytnTENemkxDkc1MQ4MA
TUO2M01D6mZNQxyaTUNQzU1DgwBOQ7YzTkPqZk5DHJpOQ1DNTkPEAE9DtjNPQytnT0Mcmk9D
kc1PQ8QAUEO2M1BDQHVQQ/SdUENQzVBDgwBRQ/gzUUPqZlFDHJpRQ1DNUUODAFJDtjNSQytn
UkMcmlJDUM1SQ4MAU0O2M1ND6mZTQ16aU0ORzVNDgwBUQ7YzVEPqZlRDHJpUQ1DNVEODAFVD
tjNVQ+pmVUMcmlVDUM1VQ4MAVkO2M1ZDK2dWQxyaVkORzVZDgwBXQ/gzV0PqZldDHJpXQ1DN
V0ODAFhD+DNYQ+pmWENemlhDUM1YQ4MAWUM5NFlD6mZZQxyaWUNQzVlDxABaQ7YzWkPqZlpD
HJpaQ1DNWkPEAFtDtjNbQ+pmW0McmltDkc1bQ8QAXEO2M1xD6mZcQ16aXEORzVxDxABdQ/gz
XUPqZl1DHJpdQ1DNXUODAF5D+DNeQytnXkNeml5Dkc1eQ4MAX0O2M19DK2dfQxyaX0NQzV9D
gwBgQ7YzYEPqZmBDHJpgQ1DNYEODAGFD+DNhQytnYUMcmmFDUM1hQ4MAYkO2M2JD6mZiQxya
YkNQzWJDxABjQ/gzY0MrZ2NDHJpjQ1DNY0ODAGRDtjNkQ7ByZEPnm2RDkc1kQ8QAZUP4M2VD
6mZlQxyaZUNQzWVDxABmQ7YzZkPqZmZDHJpmQ1DNZkODAGdD+DNnQytnZ0McmmdDUM1nQ4MA
aEO2M2hD6mZoQxyaaENQzWhDxABpQ7YzaUPqZmlDHJppQ5HNaUODAGpDtjNqQ+pmakMcmmpD
ks1qQ4MAa0P4M2tD6mZrQ16aa0NQzWtDgwBsQ7YzbEMrZ2xDHJpsQ1DNbEPEAG1DtjNtQ+pm
bUNemm1DUM1tQ4MAbkO2M25DK2duQxyabkNQzW5DgwBvQ7Yzb0PqZm9DHJpvQ1DNb0ODAHBD
+DNwQ+pmcEMcmnBDks1wQ4MAcUO2M3FD6mZxQ16acUNQzXFDgwByQ7YzckMrZ3JDHJpyQ1DN
ckPEAHNDtjNzQytnc0McmnNDks1zQwYBdEP4M3RD6mZ0QxyadENQzXRDxAB1Q7YzdUPqZnVD
HJp1Q1DNdUPEAHZDtjN2Q+pmdkNemnZDUM12Q4MAd0O2M3dDK2d3Qxyad0NQzXdDxAB4Q/gz
eEM6dHhD7px4Q1DNeEODAHlD+DN5Q+pmeUMcmnlDks15Q8QAekO2M3pDK2d6Q16aekNQzXpD
gwB7Q7Yze0PqZntDHJp7Q1DNe0PEAHxDtjN8Q+pmfEMcmnxDUM18Q4MAfUP4M31D6mZ9Q16a
fUNQzX1DgwB+Q/gzfkPqZn5DHJp+Q1DNfkPEAH9DtjN/Q+pmf0Mcmn9DUM1/Q0IAgEPbGYBD
dTOAQy9NgEOoZoBDYoCAQ9uZgEOWs4BDDs2AQ6jmgENiAIFD/BmBQ3UzgUMvTYFDyWaBQ0KA
gUPbmYFDdbOBQy/NgUOo5oFDQgCCQ9sZgkN1M4JDL02CQ8lmgkNCgIJD25mCQ5azgkMvzYJD
yeaCQ0IAg0PbGYNDljODQy9Ng0OoZoNDYoCDQ9uZg0N1s4NDL82DQ6jmg0NCAIRD2xmEQ3Uz
hEMOTYRDqGaEQ0KAhEP8mYRDdbOEQy/NhEPJ5oRDQgCFQ9sZhUN1M4VDL02FQ6hmhUNCgIVD
25mFQ3WzhUMOzYVDqOaFQ2IAhkP8GYZD4TqGQztPhkOoZoZDQoCGQ9uZhkN1s4ZDDs2GQ6jm
hkM=</AssayXData><AssayYData Points="500">yauJQMyqiUDlzolAyBqKQAbpiUA1FopA1vyJQBj8iUCrAopAvEaKQNkaikCU94lA9/+JQDHs
iUBoGYpAWw6KQOMhikBmEopAXkyKQC0dikDeLYpAeBuKQD8likAgDYpA7zWKQOE8ikDGLopA
qCWKQBJPikCHJYpA3ECKQC8OikBPPYpArk6KQCAqikDPNopAQzKKQLAcikBcaYpATTyKQMsv
ikDMOYpA/gqKQMY+ikCIOopAzlGKQNxCikDJMYpAoziKQPAnikBaSYpAQjqKQAMxikDhGYpA
PUqKQDZcikDI/4lA7FmKQOwxikCuRopAyTWKQJlIikBBQIpAGRaKQIM6ikB0RopAL0WKQCFc
ikAQLopAeSeKQKs7ikC3GYpAlB6KQMhiikA8FYpAgB+KQCUwikAaK4pAnEGKQJ00ikD8OopA
rjiKQIcuikBmLIpAoBaKQKIqikAFSIpAJi2KQCowikDGSIpAeyaKQNxSikD5RopA+mKKQLFA
ikB/L4pAMS6KQEAnikBfPIpASzyKQFQkikByMIpAhRuKQMI2ikCxNIpAIBeKQNhDikA9T4pA
MTuKQOYwikBvQYpAqj2KQGv/iUATKopAR0KKQDI5ikAMSopAt0uKQIo4ikB1KYpAej+KQLwq
ikDVRYpArDWKQLNUikCaOYpAvkqKQMFCikD3WYpAlFWKQBMtikDDZ4pAIy+KQEglikCkSYpA
ti6KQIo1ikAERopAhSSKQOcrikB4VYpA6GyKQBY/ikCJO4pAPyeKQNAjikDSEYpAZkCKQFEj
ikBVNIpAIjWKQBskikAbZYpARjaKQMwyikCbP4pAUESKQJEkikCEI4pA8xiKQHMrikChR4pA
BSmKQAQSikA/HIpA3y+KQJNUikA+JYpAzjiKQHtLikC5GopAqUWKQM0YikAUX4pA5fGJQDgC
ikCVSopAukyKQLwTikCaXIpAIyKKQKs9ikAgQIpABCuKQBNBikCuSYpAcDiKQIkUikBAL4pA
/DiKQJ5XikCvWYpAmUiKQN1EikDSV4pAW3GKQGc3ikBaW4pAWj+KQGtGikCkZIpAJUWKQFQ/
ikBfMopAUC+KQFY6ikCPWIpAniuKQDo1ikCbXopAC1uKQNpXikD1OIpAok2KQIIqikDFWopA
+1OKQAVXikCfT4pAZGeKQPNlikDMX4pAi1mKQAUuikCkOopAw1WKQDtZikD9N4pALmKKQEM5
ikC3XIpAV1qKQEBBikAWV4pAN0SKQIhaikA3OopAiTOKQF1SikAOUIpAvVeKQP9bikBjZIpA
hliKQDMvikApXYpA1GSKQKBDikCDc4pA3mKKQGF5ikDjS4pAUWqKQOksikDOYIpAulqKQIlb
ikDzXIpAGlKKQB14ikD8YopABXyKQIBIikCIXYpANGOKQAVVikAMU4pAo3aKQORLikB4cIpA
hGqKQKRNikAxPopAU2CKQIJdikAoWIpA0lyKQJ9NikDFPIpAZ2uKQMxiikDoaIpAPVqKQOpm
ikA0YopAqGeKQCtQikA/copAvlyKQJFuikBQWopAonOKQD1sikCiQ4pAV3eKQDVIikCBfopA
EzyKQONbikCecIpAMlaKQM5bikAtdYpA+maKQMleikCYcYpAY06KQNg0ikD2dopAL12KQGt6
ikDpcYpATEeKQKxaikAzTopAUHGKQPdSikC6QopApD6KQEVqikAdeopAHGeKQC+DikCgZIpA
0muKQHVuikCqa4pAdmiKQLdpikD5iopAGU+KQBJwikDlbopAPFOKQDRZikCva4pA/miKQPlP
ikAicopAnFGKQDgvikDzTopAlDGKQAB0ikAcYopA+1iKQPVJikA1WYpAhEqKQM8/ikBtSopA
gDWKQJFoikAtbIpAtImKQFCFikCvUYpAfW6KQLtkikATcIpAi0yKQN52ikBVg4pAf2qKQAuS
ikBSbIpAO3+KQAlSikCHb4pANYyKQE+FikAqdYpAHHuKQA17ikBYXopAzGqKQH53ikC+hIpA
uXqKQM2HikCNWopAYGqKQPRtikBcUYpA0H+KQPZ7ikBlj4pAo3mKQN6QikCRtYpA0lqKQBZp
ikACbopA92eKQEBWikAVVIpAM2WKQKZ/ikD9UYpAiZ2KQANnikDSaYpAK4uKQNtqikARpopA
HnGKQAJ3ikB2mYpAV1uKQP+NikDHaopAZVyKQGx+ikDKWYpAh36KQMN7ikDSfopA5o2KQNJn
ikCUdYpAEZSKQORGikA8aIpAeWWKQDV3ikBMZYpANaiKQAJfikDUj4pAHVeKQAuGikA4jopA
CXmKQEV9ikBgf4pARHaKQEJpikBrfIpAZVKKQJhSikDyXYpAtEmKQKFoikAYdYpAm2OKQEVu
ikClcopA2VeKQPpjikChsYpAq2GKQI5kikDbYIpA6WeKQGiAikBLeIpAjm6KQE5uikA1eIpA
N1mKQL5wikBrfIpAaI6KQIqEikC2kYpA4KCKQPh9ikCiYIpAWnKKQP2EikDNhIpAn3yKQC2o
ikBEf4pAUKWKQAOYikAbdYpAN6SKQK+pikATfopAloeKQLaFikBYZ4pAzJKKQF2rikB+dopA
fVKKQFOcikBCnIpAJHGKQDOTikB0g4pABImKQCp9ikAlUopAR3mKQNZvikCUkIpAUXOKQMWJ
ikA=</AssayYData></Step><Step><CommonData><SampleLocation>4</SampleLocation><SampleID>hsCD3d/e_Acro_CDD-H52W1</SampleID><SampleGroup></SampleGroup><SampleInfo></SampleInfo><SampleRow>A</SampleRow><SamplePlate>1</SamplePlate><WellType>KSAMPLE</WellType><Concentration>-1</Concentration><ConcentrationUnits>µg/ml</ConcentrationUnits><MolarConcentration>200</MolarConcentration><MolarConcUnits>nM</MolarConcUnits><MolecularWeight>0</MolecularWeight><Temperature>30</Temperature><StartTime>378598</StartTime><AssayTime>180</AssayTime></CommonData><FlowRate>1000</FlowRate><StepType>ASSOC</StepType><StepName>Association</StepName><StepStatus>OK</StepStatus><ActualTime>180</ActualTime><CycleTime>0.2</CycleTime><AssayXData Points="900">QgCHQ9wZh0N1M4dDD02HQ8lmh0NCgIdD3JmHQ3Wzh0MPzYdDyeaHQ0IAiEPcGYhDdTOIQw9N
iEPJZohDQoCIQ9yZiEN1s4hDD82IQ8nmiENCAIlD3BmJQ3UziUMPTYlDyWaJQ0KAiUP8mYlD
lrOJQw/NiUPJ5olDQgCKQ9wZikN1M4pDME2KQ8lmikNjgIpD/JmKQ5azikMPzYpDqOaKQ0IA
i0PcGYtDdTOLQw9Ni0OoZotDQoCLQ9yZi0OWs4tDD82LQ8nmi0NOAoxD3BmMQ5YzjEMwTYxD
qGaMQ0KAjEPcmYxDdbOMQzDNjEOo5oxDYwCNQ9wZjUN1M41DD02NQ6hmjUNCgI1D3JmNQ3Wz
jUMPzY1DqOaNQ2MAjkPcGY5DljOOQw9NjkOoZo5DQoCOQ/yZjkOWs45DMM2OQ8nmjkNCAI9D
3BmPQ5Yzj0MPTY9DqGaPQ2OAj0PcmY9DdbOPQzDNj0Oo5o9DYwCQQ9wZkEOWM5BDD02QQ8lm
kENCgJBD/JmQQ5azkEMwzZBDqOaQQ0IAkUMdGpFDljORQzBNkUOoZpFDQoCRQ9yZkUOWs5FD
D82RQ6jmkUNCAJJD/BmSQ3UzkkMwTZJDqGaSQ0KAkkP8mZJDlrOSQw/NkkPJ5pJDYwCTQ/wZ
k0N1M5NDD02TQ6hmk0NCgJND3JmTQ5azk0MPzZNDqOaTQ2MAlEPcGZRDdTOUQzBNlEOoZpRD
QoCUQ/yZlEN1s5RDD82UQ8nmlENCAJVD/BmVQ3UzlUMwTZVDqGaVQ2OAlUPcmZVDdbOVQw/N
lUOo5pVD8gKWQ9wZlkOWM5ZDD02WQ6hmlkNCgJZD3JmWQ3WzlkMPzZZDqOaWQ0IAl0PcGZdD
ljOXQw9Nl0PJZpdDQoCXQ9yZl0N1s5dDD82XQ8nml0NCAJhD3BmYQ3UzmEMPTZhDyWaYQ0KA
mEP8mZhDdbOYQzDNmEOo5phDQgCZQx0amUN1M5lDD02ZQ6hmmUNjgJlD3JmZQ3WzmUMPzZlD
yeaZQ0IAmkPcGZpDdTOaQw9NmkPJZppDY4CaQ9yZmkOWs5pDMM2aQ6jmmkNCAJtD/BmbQ3Uz
m0MPTZtDyWabQ2OAm0PcmZtDdbObQw/Nm0PJ5ptDQgCcQ9wZnEN1M5xDD02cQ6hmnENCgJxD
/JmcQ3WznEMPzZxDqOacQ2MAnUPcGZ1DljOdQw9NnUOoZp1DQoCdQ9yZnUOWs51DD82dQ6jm
nUNCAJ5D3BmeQ3UznkMPTZ5DqGaeQ0KAnkP8mZ5DdbOeQw/NnkOo5p5DQgCfQ9wZn0OWM59D
ME2fQ6hmn0NCgJ9D3JmfQ3Wzn0MPzZ9DqOafQ8sBoEPcGaBDljOgQw9NoEOoZqBDY4CgQ9yZ
oEOWs6BDMM2gQ6jmoENCAKFD3BmhQ5YzoUMwTaFDqGahQ0KAoUPcmaFDdbOhQw/NoUOo5qFD
QgCiQ9wZokN1M6JDME2iQ6hmokNCgKJD3JmiQ3WzokMwzaJDqOaiQ0IAo0PcGaNDdTOjQw9N
o0OoZqNDQoCjQ9yZo0OWs6NDD82jQ6jmo0NCAKRD/BmkQ3UzpEMPTaRDqGakQ0KApEPcmaRD
lrOkQw/NpEOo5qRDYwClQ9wZpUOWM6VDME2lQ6hmpUNCgKVD3JmlQ5azpUMwzaVDqOalQ0IA
pkP8GaZDljOmQw9NpkOoZqZDQoCmQ9yZpkN1s6ZDD82mQ6jmpkNCAKdD/BmnQ/gzp0MwTadD
yWanQ0KAp0PcmadDdbOnQw/Np0Oo5qdDQgCoQ9wZqEOWM6hDD02oQ6hmqENjgKhD3JmoQ5az
qEMPzahDqOaoQ0IAqUPcGalDdTOpQzBNqUOoZqlDQoCpQ9yZqUOWs6lDD82pQ8nmqUNvAqpD
3BmqQ3UzqkMwTapDyWaqQ0KAqkP8mapDlrOqQw/NqkOo5qpDQgCrQ9wZq0N1M6tDD02rQ6hm
q0NjgKtD3JmrQ3Wzq0MPzatDqOarQ0IArEPcGaxDljOsQzBNrEOoZqxDQoCsQ/yZrEN1s6xD
D82sQ6jmrENjAK1D3BmtQ3UzrUMPTa1DqGatQ0KArUPcma1DdbOtQzDNrUPJ5q1DQgCuQ9wZ
rkN1M65DD02uQ6hmrkNCgK5D3JmuQ3WzrkMPza5DqOauQ0IAr0PcGa9DljOvQw9Nr0PJZq9D
QoCvQ/yZr0N1s69DD82vQ6jmr0NCALBD/BmwQ3UzsEMwTbBDqGawQ2OAsEPcmbBDdbOwQzDN
sEPJ5rBDYwCxQ9wZsUN1M7FDD02xQ6hmsUNCgLFD3JmxQ3WzsUMwzbFDqOaxQ0IAskPcGbJD
ljOyQw9NskPJZrJDY4CyQ9yZskN1s7JDD82yQ6jmskNjALND3BmzQ5Yzs0MwTbNDqGazQ0KA
s0PcmbNDdbOzQw/Ns0Oo5rNDKAG0Q9wZtEN1M7RDME20Q8lmtENCgLRD/Jm0Q3WztEMwzbRD
qOa0Q2MAtUP8GbVDljO1Qw9NtUOoZrVDQoC1Q/yZtUOWs7VDD821Q6jmtUNCALZD/Bm2Q5Yz
tkMPTbZDyWa2Q0KAtkPcmbZDdbO2Qw/NtkOo5rZDQgC3Q9wZt0N1M7dDME23Q6hmt0NjgLdD
3Jm3Q3Wzt0MPzbdDqOa3Q2MAuEP8GbhDdTO4Qw9NuEOoZrhDQoC4Q/yZuEN1s7hDD824Q6jm
uENCALlD/Bm5Q3UzuUMwTblDyWa5Q0KAuUPcmblDlrO5Qw/NuUOo5rlDQgC6Q9wZukN1M7pD
D026Q8lmukNCgLpD/Jm6Q3WzukMPzbpDqOa6Q0IAu0NfGrtDdTO7Qw9Nu0OoZrtDQoC7Q9yZ
u0N1s7tDMM27Q6jmu0NjALxD/Bm8Q5YzvEMwTbxDqGa8Q0KAvEPcmbxDdbO8QzDNvEPJ5rxD
QgC9Q9wZvUN1M71DME29Q6hmvUNCgL1D/Jm9Q3WzvUMwzb1DqOa9Q/gDvkP8Gb5DdTO+Qw9N
vkPJZr5DQoC+Q9yZvkN1s75DD82+Q6jmvkNjAL9D/Bm/Q3Uzv0MwTb9DqGa/QyiBv0P8mb9D
dbO/Qw/Nv0PJ5r9DQgDAQ/wZwEN1M8BDD03AQ8lmwENCgMBD3JnAQ3WzwEMPzcBDqObAQ0IA
wUP8GcFDdTPBQzBNwUOoZsFDQoDBQ9yZwUOWs8FDMM3BQ8nmwUNjAMJD/BnCQ5YzwkMwTcJD
qGbCQ0KAwkPcmcJDdbPCQzDNwkOo5sJDQgDDQ9wZw0N1M8NDD03DQ8lmw0NCgMND/JnDQ3Wz
w0MwzcNDqObDQ2MAxEP8GcRDljPEQw9NxEPJZsRDQoDEQ9yZxEN1s8RDMM3EQ6jmxENCAMVD
3BnFQ3UzxUMwTcVDqGbFQ2OAxUP8mcVDdbPFQzDNxUOo5sVDQgDGQ9wZxkN1M8ZDD03GQ8lm
xkNjgMZD/JnGQ3WzxkMPzcZDqObGQ2MAx0PcGcdDdTPHQw9Nx0OoZsdDQoDHQ/yZx0N1s8dD
MM3HQ6jmx0OwAshD/BnIQ5YzyEMPTchDqGbIQ0KAyEP8mchDdbPIQw/NyEPJ5shDYwDJQ9wZ
yUOWM8lDD03JQ8lmyUNCgMlD/JnJQ3WzyUMPzclDqObJQ2MAykP8GcpDdTPKQw9NykOoZspD
QoDKQ9yZykN1s8pDD83KQ8nmykNjAMtD/BnLQ5Yzy0MwTctDqGbLQ0KAy0PcmctDtrPLQw/N
y0PJ5stDQgDMQ9wZzEOWM8xDD03MQ6hmzENCgMxD3JnMQ5azzEMwzcxDqObMQ0IAzUPcGc1D
ljPNQw9NzUOoZs1DQoDNQ9yZzUN1s81DMM3NQ6jmzUNCAM5D3BnOQ3UzzkMPTc5DqGbOQ0KA
zkPcmc5DlrPOQw/NzkOo5s5DQgDPQ9wZz0OWM89DD03PQ6hmz0NCgM9D3JnPQ5azz0Mwzc9D
qObPQ0IA0EP8GdBDdTPQQw9N0EOoZtBDQoDQQ9yZ0EN1s9BDD83QQ6jm0ENjANFD/BnRQ5Yz
0UMPTdFDqGbRQ0KA0UPcmdFDdbPRQw/N0UOo5tFDggXSQ/wZ0kN1M9JDD03SQ6hm0kNCgNJD
3JnSQ3Wz0kMPzdJDqObSQ2MA00P8GdNDdTPTQw9N00PJZtNDQoDTQ9yZ00N1s9NDMM3TQ6jm
00NjANRD3BnUQ3Uz1EMPTdRDyWbUQ0KA1EPcmdRDdbPUQw/N1EPJ5tRDYwDVQ9wZ1UOWM9VD
D03VQ6hm1UNCgNVD3JnVQ5az1UMwzdVDqObVQ0IA1kPcGdZDdTPWQzBN1kOoZtZDQoDWQ9yZ
1kN1s9ZDD83WQ8nm1kNCANdD/BnXQ3Uz10MwTddDqGbXQ0KA10PcmddDdbPXQw/N10Oo5tdD
QgDYQ9wZ2EN1M9hDD03YQ6hm2ENCgNhD3JnYQ5az2EMPzdhDyebYQ0IA2UP8GdlDdTPZQw9N
2UPJZtlDQoDZQ/yZ2UN1s9lDD83ZQ6jm2UNCANpD3BnaQ3Uz2kMPTdpDyWbaQ2OA2kPcmdpD
lrPaQzDN2kPJ5tpDYwDbQ/wZ20N1M9tDD03bQ8lm20NCgNtD3JnbQ3Wz20MPzdtDqObbQxkE
3EPcGdxDdTPcQw9N3EOoZtxDY4DcQ9yZ3EN1s9xDD83cQ6jm3ENCAN1D3BndQ3Uz3UMPTd1D
qGbdQ2OA3UPcmd1DdbPdQw/N3UPJ5t1DQgDeQ9wZ3kN1M95DD03eQ6hm3kNCgN5D3JneQ5az
3kMwzd5DqObeQ2MA30PcGd9DdTPfQw9N30OoZt9DQoDfQ/yZ30N1s99DD83fQ8nm30NCAOBD
3BngQ3Uz4EMwTeBDqGbgQ0KA4EP8meBDdbPgQw/N4EOo5uBD</AssayXData><AssayYData Points="900">sXaKQNoWi0D5MotAEEqLQFx0i0BBs4tAS4uLQPPdi0A42YtAgwSMQEM+jEAhUIxA1EGMQLOG
jECZl4xAHoCMQF3sjEApCY1AxPGMQOMajUAnUo1AMCiNQIdyjUCia41AyLWNQGuXjUCMvI1A
I7CNQB+tjUCE/o1A8AOOQHkAjkBvK45A4ViOQG9bjkAJbY5AVtCOQKu6jkAd0Y5AJdqOQIUI
j0DF245Aug+PQPUoj0A9NY9Aq1ePQPtij0BHgo9AVY6PQHqcj0D1ko9AbuCPQAHvj0BC9I9A
cP+PQLc3kEAfKZBANkSQQLZ8kECEXpBADGWQQKOFkECsypBAKq6QQFTOkEDU5pBA3N+QQMoD
kUBMPZFAzyKRQGgakUC3TJFA9VmRQI5kkUDad5FAO5+RQPi+kUAxlpFAybCRQNXZkUB8+ZFA
4QiSQG7jkUDdBZJA5C+SQI0skkC/MpJAHE2SQEBWkkAPQZJAi5aSQMOQkkAuiJJAy+KSQHbP
kkCS65JA0dmSQGcCk0Cj/5JAdQaTQF0jk0DbHZNAx0GTQMpVk0CBT5NAsJeTQNqAk0CSf5NA
GHaTQHack0CcnZNAh8aTQD/lk0BL1pNABuGTQAsAlEAmI5RAMTaUQHkclEAfMpRAzUGUQLBe
lECNSZRA0lyUQIqMlEDwfZRA1YKUQKiPlEB7o5RALqmUQCfBlEBXyZRAWbWUQM3olEAM9pRA
UxWVQOnslEDrFZVAGTqVQIgWlUAzUJVAu1eVQPhflUDETJVAfzyVQM1alUCYhJVAPGCVQD9x
lUC3h5VAq4iVQOm+lUDrt5VAKNqVQGHolUBb5ZVA+uCVQDDllUBA+pVAZC6WQJwalkCaLpZA
kkiWQF1LlkAzPpZAzj+WQNSalkAJYpZAg5WWQIuFlkD2kZZArqSWQMC4lkC4z5ZAc7iWQNi0
lkBU5pZAfNyWQN3ClkCy/ZZA8fmWQGAJl0BxIJdARSWXQFIil0AaF5dAaSqXQIFEl0BMS5dA
eEeXQJJsl0BzhZdA6muXQM+Ol0BdgJdAVq+XQCqQl0CupZdAoL2XQEqUl0BpoZdAnM2XQNK3
l0Div5dA/gSYQDj/l0DI5ZdAItKXQD0YmEBn+JdA+/uXQGsjmEDuDphAHkiYQCkumECeTZhA
1TmYQBh+mEDFmZhA0oCYQMWBmECilJhAmXWYQKWNmECPr5hAIb+YQAjGmEBrtZhAttWYQAvd
mEBh0ZhAJsCYQBHzmEDzCJlA2AqZQEoZmUAdB5lAyAyZQIISmUCcM5lAEzqZQLglmUBaGJlA
IleZQKFKmUC9R5lAPFGZQKc3mUCGZ5lA6omZQBuJmUCLYplAvYiZQDqRmUAAmJlAU7qZQJ27
mUANrplAicKZQDqQmUDY0JlAVpqZQCkQmkAO+JlAv9uZQHMCmkB6EJpAVQWaQDfzmUCjC5pA
PPmZQNkhmkCyUJpAWhOaQNkmmkCLKJpAND+aQLtPmkAHVJpAVF2aQC5gmkAuYppAdHaaQCJX
mkDXgppAgGWaQOdemkB/j5pARoKaQIJxmkDKsppA3qCaQAJfmkCAwppASpuaQP22mkBk85pA
v/CaQJzgmkBns5pAUe+aQEjxmkAU5ppA0PmaQMAtm0BlJJtAXAybQMQTm0AWOptAEy+bQAs3
m0BJSZtAIFCbQDpKm0AOOZtATVabQKyBm0DXf5tAR2ybQCt7m0AkgptACoqbQO2Fm0Byo5tA
KZKbQA6Km0BJvZtAZ5ybQNefm0DitptAArmbQDDEm0A785tAx+ybQGnMm0BG2ZtAjN6bQJgX
nEAoE5xAtPebQNgLnECXD5xAxhCcQIwLnED77ptAsFKcQIwqnEBkRZxA1S+cQEw2nECGVJxA
Tj+cQKI6nEAGSZxALlWcQMpPnEDNhZxAUWGcQOGenEBeXpxAvrecQICrnEArgJxAoZCcQHOh
nEDXrZxAv7+cQCDOnEBduJxAtducQGrKnED+pZxAzLycQPLinEBv0JxAbOacQC0PnUCb75xA
NO6cQIsRnUA48JxAPOycQG4lnUASNZ1AdAudQA4MnUCXIp1AUUydQNYdnUD7SZ1AmTmdQKly
nUAlWp1AqlWdQPVJnUDWT51Aa1adQIFRnUDzSZ1AcWGdQIpgnUBafJ1AraedQGeJnUDHeZ1A
VK2dQJejnUDekp1AxsSdQKOInUBLvp1ATaqdQDionUD5pJ1A1oedQM64nUDszJ1A/cWdQB3a
nUDG5J1AFuKdQCMNnkB44J1ALOWdQMfxnUDS+J1Ai+idQNH+nUA2Fp5A+fGdQAQOnkDbIJ5A
tyqeQDAYnkCSJZ5AVyCeQNQknkAMJJ5AeU6eQJYtnkDfR55AclWeQO9nnkBndp5AG3KeQIl1
nkA6aZ5AzWueQBR+nkCRZ55AaHmeQKBknkBJnp5ABnOeQDtxnkAGf55A0a+eQGGOnkDeu55A
ZZaeQBK/nkDUmJ5AJMCeQBa0nkA7pJ5ApfOeQE/ZnkABz55APsKeQNronkDryJ5Ar/eeQMHj
nkCf8p5AbQWfQHAPn0Dh455Ac/+eQAEOn0DzCJ9ARU2fQEU4n0DRUZ9ABiufQFJgn0DOHZ9A
VTKfQGtFn0AxSJ9AWF2fQJ40n0CuUp9A2S6fQLRKn0DVQp9A+2ifQLpwn0DaTp9ArJifQPJ9
n0A1SJ9AzIWfQNOWn0AJbJ9AXqKfQJOhn0APlJ9AX4OfQF+Qn0ADr59ArMSfQPWin0BRop9A
zrmfQDuxn0Am3p9AOtSfQF7fn0DhiJ9AtMifQPfsn0DlvZ9AptifQDXbn0CDFaBApPmfQPn8
n0BoAqBAvdqfQOLmn0Bd8p9AZPSfQCg/oEC6959Ayh+gQFPyn0B6IKBAtzKgQMEMoEB0HqBA
VxqgQLQtoEATO6BA5B6gQNEwoEDWaaBARFygQJs2oECObaBAaEGgQPF4oED1iqBAoYqgQHt8
oEAUjKBAIYigQLG5oEA6oKBAcKegQCOdoEC7u6BAd4qgQNWwoEBfd6BA6JOgQJDMoECxxaBA
BrmgQPbWoEA0yaBAJNWgQFnjoEAR3KBAGcygQGnsoEBg2qBAnfSgQBfkoEC99aBAj9igQIoY
oUDCEaFAHNOgQOcsoUB696BAZg6hQA0soUAROaFACh2hQI8moUC7I6FA3Q+hQO8foUBuIKFA
sCChQPhGoUBoSKFACEKhQApToUAsRKFA+GmhQEQ3oUAfeaFA7GahQB5HoUDdQqFAwVGhQL9a
oUDBUaFACy6hQE1VoUDBVKFAwm+hQJFboUDNhKFAsV+hQIZjoUB3ZKFAWYKhQByIoUCsl6FA
h36hQD+KoUCkpqFAzpuhQOS9oUCslaFAE5qhQDahoUBdqqFAYauhQBrLoUAGzKFAa9mhQDnX
oUAQ1aFAbtahQPCyoUBc1aFAntmhQG3boUAd26FALNqhQGjGoUAt96FAHvChQALwoUBQBaJA
u/2hQJQcokAn3KFAiwOiQETooUCYGaJAiy+iQDUVokDBGqJAEzWiQDxIokB5RaJA0UyiQFNS
okAzOaJA6U+iQCJEokA6UqJAglOiQFNNokDVcqJAGmeiQKOMokA0S6JAamKiQAJuokBIe6JA
hWyiQK6dokAieKJA6GKiQKZ6okBpnaJANnuiQB6SokCKvKJAOpOiQPHIokAAqKJAiHeiQDTK
okCdpKJABpSiQI+8okB56KJA2buiQMLBokAEoqJAo8OiQBu2okAAzaJAqM2iQBW/okD556JA
afeiQEvSokBMCaNAW8qiQPXhokDc0qJAnPmiQDvpokDzFqNAzt+iQIkho0BCEaNAZyOjQNEI
o0C+EKNAiTmjQKY3o0BTMKNAk0GjQCM5o0A7F6NAFC6jQKgno0DKNaNACh+jQMglo0CfEKNA
VBOjQA5go0DmFaNA+v2iQDBgo0C4MaNAWE2jQGljo0DvYKNAKWCjQCVLo0BJTKNAAECjQGZn
o0A5Y6NAkmKjQJNNo0DOcKNAA1yjQH5jo0Dhe6NAQKKjQJtno0CMfKNAlZejQGp5o0B7kKNA
2IWjQCF6o0BrmKNA7bWjQNt5o0CvkaNAaoijQIOQo0BPkqNASMCjQKCjo0A2c6NAQ6KjQDWK
o0AdlqNAVcCjQOLNo0BS0qNA+9CjQAPfo0Co/KNA1+SjQO77o0Ae5qNAgASkQDr7o0CQ7aNA
UNujQJ74o0DE56NA0NijQHEIpEC186NA5/ijQPsXpEDhFKRAAfyjQBoupEC3KKRAnSikQOEg
pEAbM6RA9D+kQAgmpECNLKRAlTCkQCYqpEDRM6RAeWSkQKYnpEAZOKRAPEekQEBHpEBrbqRA
2VykQFwspEC0SKRA2lakQIuFpEAkW6RAInekQLpqpEAxc6RAZpKkQC44pECHT6RAGU6kQGWE
pEDiXqRAenmkQKGWpEAbbqRALoKkQHK1pEAUYqRADX2kQN2kpEDjh6RAQHWkQDitpEBEb6RA
nXmkQMikpEDoWqRAzI6kQI2FpEABe6RA1JOkQOmQpEAsqKRAw5OkQB2epECDq6RAoXukQFW3
pEDuzKRAKcmkQHnJpEBIx6RApaSkQMbTpEBw1qRA6dSkQD3YpEAI1aRAz9ukQPDapED606RA
8NGkQFvJpEApz6RAP+ukQIvppECD1KRAjxulQOb/pECk2KRAjvKkQGUUpUBwAaVAVTClQFHo
pEAu8qRA8umkQMMSpUBYGaVANBelQOMjpUB2BaVAOwulQAgCpUDpIqVAeS6lQN0opUA5T6VA
sBWlQN5cpUAfUqVAFAalQMBmpUDQVaVAKV2lQP+EpUDEd6VA</AssayYData></Step><Step><CommonData><SampleLocation>3</SampleLocation><SampleID>Octet Buffer</SampleID><SampleGroup></SampleGroup><SampleInfo></SampleInfo><SampleRow>A</SampleRow><SamplePlate>1</SamplePlate><WellType>BUFFER</WellType><Concentration>-1</Concentration><ConcentrationUnits>µg/ml</ConcentrationUnits><MolarConcentration>-1</MolarConcentration><MolarConcUnits>nM</MolarConcUnits><MolecularWeight>0</MolecularWeight><Temperature>30</Temperature><StartTime>567011</StartTime><AssayTime>300</AssayTime></CommonData><FlowRate>1000</FlowRate><StepType>DISASSOC</StepType><StepName>Dissociation</StepName><StepStatus>OK</StepStatus><ActualTime>300.001</ActualTime><CycleTime>0.2</CycleTime><AssayXData Points="1500">QgDhQ9wZ4UN1M+FDME3hQ6hm4UNjgOFD3JnhQ3Wz4UMVzuFDyebhQ0IA4kPcGeJDdTPiQw9N
4kPJZuJDY4DiQ9yZ4kN1s+JDMM3iQ8nm4kNCAOND3BnjQ3Uz40MPTeNDqGbjQ2OA40PcmeND
dbPjQw/N40Oo5uNDYwDkQ9wZ5EOWM+RDME3kQ6hm5ENCgORD3JnkQ3Wz5EMwzeRDqObkQ2MA
5UP8GeVDljPlQw9N5UOoZuVDQoDlQ9yZ5UN1s+VDMM3lQ6jm5UNjAOZD3BnmQ5Yz5kMPTeZD
qGbmQ0KA5kPcmeZDdbPmQw/N5kPJ5uZDQgDnQ/wZ50OWM+dDD03nQ6hm50NCgOdD3JnnQ5az
50MPzedDqObnQ0IA6EPcGehDdTPoQzBN6EOoZuhDY4DoQ9yZ6EN1s+hDMM3oQ6jm6ENjAOlD
/BnpQ3Uz6UMPTelDqGbpQ0KA6UPcmelDlrPpQw/N6UOo5ulDQgDqQ9wZ6kN1M+pDD03qQ8lm
6kNjgOpD3JnqQ3Wz6kMwzepDyebqQ2MA60P8GetDdTPrQw9N60OoZutDY4DrQ9yZ60N1s+tD
MM3rQ8nm60NjAOxD/BnsQ5Yz7EMPTexDyWbsQ0KA7EPcmexDlrPsQw/N7EOo5uxDQgDtQ9wZ
7UN1M+1DME3tQ6hm7UNjgO1D/JntQ5az7UMwze1DyebtQ0IA7kPcGe5DdTPuQzBN7kOoZu5D
QoDuQ9yZ7kN1s+5DD83uQ8nm7kNCAO9D/BnvQ3Uz70MPTe9DyWbvQ2OA70Pcme9DlrPvQzDN
70PJ5u9DYwDwQ9wZ8EN1M/BDME3wQ6hm8ENCgPBD3JnwQ3Wz8EMwzfBDyebwQ2MA8UP8GfFD
ljPxQw9N8UOoZvFDQoDxQ/yZ8UN1s/FDMM3xQ6jm8UNCAPJD3BnyQ3Uz8kMPTfJDyWbyQ0KA
8kPcmfJDdbPyQw/N8kPJ5vJDYwDzQ9wZ80N1M/NDD03zQ6hm80NCgPND/JnzQ3Wz80MPzfND
qObzQ0IA9EPcGfRDdTP0Qw9N9EPJZvRDQoD0Q9yZ9EN1s/RDMM30Q8nm9ENCAPVD/Bn1Q5Yz
9UMPTfVDqGb1Q2OA9UPcmfVDdbP1Q33P9UPJ5vVDYwD2Q9wZ9kN1M/ZDME32Q6hm9kNCgPZD
3Jn2Q3Wz9kNQzfZDyeb2Q0IA90P8GfdDljP3Qw9N90PJZvdDY4D3Q/yZ90N1s/dDMM33Q6jm
90NCAPhD3Bn4Q3Uz+EMwTfhDqGb4Q0KA+EPcmfhDdbP4QzDN+EOo5vhDYwD5Q9wZ+UOWM/lD
D035Q6hm+UNCgPlD3Jn5Q3Wz+UMPzflDyeb5Q0IA+kP8GfpDljP6Qw9N+kPJZvpDQoD6Q9yZ
+kN1s/pDMM36Q8nm+kNCAPtD/Bn7Q3Uz+0MwTftDyWb7Q0KA+0PcmftDdbP7Qw/N+0Oo5vtD
QgD8Q/wZ/EN1M/xDD038Q8lm/ENCgPxD/Jn8Q3Wz/EMwzfxDyeb8Q0IA/UP8Gf1DdTP9Qw9N
/UOoZv1DY4D9Q9yZ/UN1s/1DMM39Q6jm/UNCAP5D3Bn+Q5Yz/kMwTf5DqGb+Q2OA/kP8mf5D
dbP+QzDN/kPJ5v5DQgD/Q9wZ/0N1M/9DD03/Q6hm/0NCgP9D3Jn/Q5az/0M2zv9DqOb/QyEA
AETuDABEyxkARIcmAERlMwBEIUAARP5MAES7WQBEh2YARFRzAEQxgABE/owARLuZAESHpgBE
VLMARCHAAETuzABEu9kARJjmAERU8wBEIQABRP4MAUS7GQFEmCYBRFQzAUQhQAFE/kwBRLtZ
AUSHZgFEVHMBRDGAAUTujAFEu5kBRJimAURlswFEIcABRO7MAUS72QFEh+YBRFTzAUQhAAJE
7gwCRMsZAkSHJgJEVDMCRCFAAkT+TAJEu1kCRIdmAkRUcwJEIYACRO6MAkTLmQJEh6YCRFSz
AkQhwAJE/swCRMvZAkSH5gJEZfMCRCEAA0TuDANEuxkDRIcmA0RlMwNEIUADRO5MA0TLWQNE
h2YDRGVzA0QhgANE/owDRMuZA0SYpgNEZbMDRCHAA0TuzANEy9kDRIfmA0Rl8wNEMQAERO4M
BES7GQREmCYERGUzBEQhQARE7kwERMtZBESHZgREVHMERDGABETujAREu5kERJimBERUswRE
IcAERO7MBETs2QREmOYERFTzBEQxAAVE7gwFRMsZBUSHJgVEZTMFRCFABUTuTAVEy1kFRIdm
BURUcwVEIYAFRO6MBUS7mQVEh6YFRFSzBUQhwAVE/swFRLvZBUSH5gVEZfMFRDEABkT+DAZE
uxkGRIcmBkRlMwZEIUAGRP5MBkS7WQZEh2YGRGVzBkQhgAZE7owGRMuZBkSYpgZEVLMGRCHA
BkTuzAZEy9kGRIfmBkRU8wZEIQAHRP4MB0S7GQdEhyYHRFQzB0QxQAdE/kwHRLtZB0SHZgdE
VHMHRDGAB0T+jAdEy5kHRIemB0RUswdEIcAHRP7MB0TL2QdEh+YHRFTzB0QhAAhE/gwIRMsZ
CESHJghEVDMIRCFACET+TAhEy1kIRIdmCERUcwhEIYAIRO6MCETLmQhEh6YIRFSzCEQhwAhE
7swIRLvZCESH5ghEVPMIRCEACUT+DAlEyxkJRIcmCURUMwlEIUAJRP5MCUS7WQlEh2YJRFRz
CUQxgAlE7owJRLuZCUSHpglEVLMJRCHACUT+zAlEu9kJRIfmCURl8wlEIQAKRP4MCkS7GQpE
hyYKRGUzCkQhQApE/kwKRLtZCkSHZgpEZXMKRCGACkTujApEy5kKRJimCkRlswpEMcAKRO7M
CkS72QpEh+YKRFTzCkQhAAtE7gwLRLsZC0SHJgtEVDMLRCFAC0TuTAtEy1kLRJhmC0RlcwtE
IYALRO6MC0S7mQtEmKYLRGWzC0QhwAtE7swLRMvZC0SY5gtEZfMLRCEADETuDAxEuxkMRIcm
DERUMwxEIUAMRP5MDES7WQxEmGYMRGVzDEQxgAxE7owMRMuZDESHpgxEVLMMRKDCDET+zAxE
u9kMRIfmDERU8wxEIQANRP4MDUS7GQ1EhyYNRFQzDUQhQA1E7kwNRMtZDUSHZg1EZXMNRCGA
DUT+jA1Ey5kNRIemDURlsw1EMcANRP7MDUS72Q1Eh+YNRFTzDUQxAA5E7gwORMsZDkSHJg5E
ZTMORCFADkTuTA5Eu1kORIdmDkRlcw5EMYAORO6MDkTLmQ5EmKYORFSzDkQhwA5E7swORLvZ
DkQ85w5EVPMORDEAD0TuDA9EuxkPRJgmD0RlMw9EIUAPRP5MD0S7WQ9EmGYPRFRzD0QhgA9E
7owPRLuZD0SHpg9EVLMPRCHAD0T+zA9Eu9kPRIfmD0RU8w9EIQAQRP4MEES7GRBEhyYQRGUz
EEQxQBBE7kwQRLtZEESHZhBEVHMQRCGAEET+jBBEupkQRIimEERUsxBEIcAQRO7MEETL2RBE
iOYQRFTzEEQyABFE/gwRRLoZEUSYJhFEZDMRRDJAEUTuTBFEulkRRIhmEURkcxFEIYARRP6M
EUS6mRFEiKYRRFSzEUQhwBFE/swRRLrZEUSY5hFEVPMRRDIAEkT+DBJEuhkSRIgmEkRUMxJE
IUASRO5MEkS6WRJEmGYSRFRzEkQygBJE7owSRLqZEkSIphJEVLMSRDLAEkTuzBJEutkSRIjm
EkRU8xJEMgATRO4ME0TLGRNEiCYTRFQzE0QyQBNE7kwTRMtZE0SIZhNEZHMTRDKAE0TujBNE
upkTRJimE0RUsxNEIcATRO7ME0TL2RNEiOYTRFTzE0QhABRE/gwURLoZFESIJhREZDMURCFA
FETuTBREulkURIhmFERUcxREMoAURO6MFES6mRREmKYURFSzFEQywBRE7swURLrZFESY5hRE
VPMURCEAFUTuDBVEuhkVRIgmFURUMxVEMkAVRO5MFUTLWRVEiGYVRGRzFUQhgBVE7owVRMuZ
FUSIphVEVLMVRDLAFUT+zBVEy9kVRJjmFURU8xVEIQAWRO4MFkS6GRZEiCYWRFQzFkQyQBZE
7kwWRLpZFkSYZhZEZHMWRDKAFkT+jBZEy5kWRIimFkRUsxZEMsAWRO7MFkS62RZEiOYWRGTz
FkQhABdE7gwXRLoZF0SIJhdEVDMXRCFAF0TuTBdEy1kXRJhmF0RkcxdEIYAXRO6MF0S6mRdE
iKYXRFSzF0QhwBdE7swXRLrZF0SI5hdEZPMXRDIAGETuDBhE7BkYRIgmGERUMxhEIUAYRO5M
GES6WRhEmGYYRGRzGEQygBhE7owYRMuZGESYphhEVLMYRCHAGETuzBhEutkYRADoGERU8xhE
IQAZRP4MGUS6GRlEiCYZRFQzGUQyQBlE7kwZRLpZGUSIZhlEZHMZRCGAGUT+jBlEupkZRIim
GURksxlEIcAZRO7MGUTL2RlEmOYZRFTzGUQhABpE/gwaRLoZGkSIJhpEVDMaRCFAGkT+TBpE
ulkaRIhmGkRUcxpEMoAaRP6MGkS6mRpEmKYaRFSzGkQywBpE7swaRLrZGkSI5hpEZPMaRDIA
G0T+DBtEuhkbRIgmG0RUMxtEMkAbRO5MG0S6WRtEiGYbRFRzG0QhgBtE7owbRLqZG0SIphtE
ZLMbRCHAG0QEzhtEutkbRIjmG0RU8xtEMgAcRO4MHES6GRxEmCYcRFQzHEQyQBxE7kwcRLpZ
HESIZhxEVHMcRDKAHETujBxEy5kcRJimHERUsxxEIcAcRO7MHES62RxEiOYcRGTzHEQyAB1E
7gwdRLoZHUSIJh1EVDMdRDJAHUTuTB1EulkdRIhmHURUcx1EMoAdRP6MHUS6mR1EiKYdRGSz
HUQhwB1E7swdRLrZHURc5x1EZPMdRCEAHkTuDB5EuhkeRIgmHkRUMx5EMkAeRO5MHkTLWR5E
iGYeRFRzHkQhgB5E/oweRLqZHkSIph5EZLMeRCHAHkT+zB5EutkeRJjmHkR18x5EIQAfRO4M
H0TLGR9EmCYfRGQzH0QhQB9E7kwfRMtZH0SIZh9EZHMfRCGAH0T+jB9Ey5kfRJimH0RUsx9E
MsAfRO7MH0S62R9EmOYfRFTzH0QhACBE7gwgRLoZIESIJiBEVDMgRCFAIET+TCBEy1kgRJhm
IERUcyBEMoAgRP6MIETLmSBEiKYgRGSzIEQhwCBE7swgRLrZIESI5iBEVPMgRCEAIUTuDCFE
yxkhRIgmIURkMyFEIUAhRP5MIUS6WSFEmGYhRFRzIUQhgCFE7owhRMuZIUSIpiFEZLMhRCHA
IUTuzCFEy9khRIjmIURU8yFEMgAiRP4MIkS6GSJEiCYiRGQzIkQyQCJE7kwiRLpZIkSYZiJE
VHMiRCGAIkTujCJEupkiRIimIkRUsyJEIcAiRO7MIkTL2SJEruciRFTzIkQhACNE7gwjRLoZ
I0SIJiNEVDMjRCFAI0TuTCNEy1kjRIhmI0RUcyNEMoAjRP6MI0S6mSNEiKYjRFSzI0QhwCNE
/swjRLrZI0SI5iNEZPMjRCEAJETuDCREuhkkRJgmJERUMyREIUAkRP5MJES6WSREiGYkRFRz
JEQhgCRE/owkRLqZJESIpiREZLMkRCHAJET+zCREutkkRIjmJERk8yREMgAlRO4MJUS6GSVE
iCYlRFQzJUQyQCVEDk0lRLpZJUSYZiVEVHMlRDKAJUT+jCVEy5klRIimJURUsyVEIcAlRO7M
JUS62SVEmOYlRFTzJUQhACZE/gwmRLoZJkSIJiZEZDMmRCFAJkT+TCZEulkmRIhmJkRkcyZE
IYAmRP6MJkS6mSZEiKYmRGSzJkQhwCZE7swmRLrZJkSY5iZEVPMmRDIAJ0TuDCdEyxknRIgm
J0RUMydEMkAnRP5MJ0S6WSdEiGYnRFRzJ0QhgCdE7ownRLqZJ0SYpidEZLMnRCHAJ0TuzCdE
utknRIjmJ0RU8ydEMgAoRO4MKES6GShEiCYoRGQzKEQhQChE7kwoRLpZKESIZihEZHMoRCGA
KET+jChEupkoRIimKERksyhEIcAoRO7MKETL2ShEiOYoRFTzKEQhAClE/gwpRLoZKUSIJilE
VDMpRDJAKUTuTClEulkpRIhmKURUcylEMoApRO6MKUS6mSlEmKYpRFSzKUQhwClE/swpRLrZ
KUSI5ilEVPMpRCEAKkTuDCpEuhkqRJgmKkRUMypEMkAqRO5MKkS6WSpEmGYqRGRzKkQygCpE
7owqRLqZKkSYpipEVLMqRCHAKkTuzCpEutkqRJjmKkRU8ypEMgArRP4MK0S6GStEiCYrRGQz
K0QhQCtE7kwrRLpZK0SIZitEZHMrRDKAK0TujCtEupkrRIimK0RUsytEIcArRP7MK0S62StE
iOYrRFTzK0QhACxE/gwsRLoZLESIJixEVDMsRDJALETuTCxEy1ksRIhmLERUcyxEMoAsRO6M
LES6mSxEiKYsRFSzLEQhwCxE7swsRLrZLERt5yxEVPMsRCEALUT+DC1EyxktRIgmLURUMy1E
IUAtRP5MLUS6WS1EiGYtRGRzLUQhgC1E7owtRMuZLUSYpi1EVLMtRCHALUTuzC1EutktRIjm
LURU8y1EMgAuRO4MLkS6GS5EiCYuRGQzLkQhQC5E7kwuRLpZLkSIZi5EVHMuRCGALkTujC5E
upkuRIimLkRUsy5EIcAuRO7MLkS62S5EmOYuRGTzLkQhAC9E/gwvRMsZL0SYJi9EVDMvRCFA
L0T+TC9Ey1kvRJhmL0Rkcy9EIYAvRO6ML0S6mS9EiKYvRGSzL0QhwC9E7swvRMvZL0SI5i9E
VPMvRCEAMET+DDBEyxkwRIgmMERUMzBEIUAwRO5MMES6WTBEiGYwRGRzMEQhgDBE/owwRMuZ
MESYpjBEZLMwRDLAMETuzDBEutkwRIjmMERU8zBEIQAxRO4MMUTLGTFEiCYxRGQzMUQyQDFE
/kwxRLpZMUSYZjFEZHMxRDKAMUTujDFEupkxRJimMURkszFEMsAxRO7MMUS62TFEvucxRGTz
MUQhADJE/gwyRMsZMkSYJjJEZDMyRCFAMkTuTDJEulkyRJhmMkRUczJEIYAyRO6MMkTLmTJE
iKYyRFSzMkQhwDJE/swyRLrZMkSI5jJEVPMyRDIAM0T+DDNEuhkzRJgmM0RUMzNEMkAzRO5M
M0S6WTNEmGYzRFRzM0QygDNE7owzRMuZM0SYpjNEVLMzRCHAM0T+zDNEutkzRIjmM0Rk8zNE
MgA0RP4MNES6GTREiCY0RFQzNEQhQDRE/kw0RLpZNESIZjREZHM0RDKANETujDREy5k0RIim
NERUszREIcA0RO7MNES62TREiOY0RGTzNEQhADVE7gw1RLoZNUSYJjVEZDM1RDJANUTuTDVE
ulk1RJhmNURkczVEIYA1RO6MNUS6mTVEiKY1RFSzNUQhwDVE/sw1RLrZNUSI5jVEZPM1RDIA
NkTuDDZEuhk2RJgmNkRUMzZEIUA2RO5MNkTLWTZEiGY2RGRzNkQhgDZE7ow2RMuZNkSopjZE
VLM2RELANkTuzDZEy9k2RJjmNkRk8zZEMgA3RO4MN0TcGTdEiCY3RFQzN0QyQDdE7kw3RMtZ
N0SYZjdEVHM3RDKAN0TujDdEupk3RIimN0RkszdEIcA3RO7MN0S62TdEiOY3RGTzN0QhADhE
/gw4RMsZOESIJjhEVDM4RCFAOET+TDhEy1k4RIhmOERUczhEIYA4RO6MOETLmThEiKY4RFSz
OEQhwDhE7sw4RMvZOESY5jhEVPM4RCEAOUTuDDlEyxk5RJgmOURkMzlEIUA5RO5MOUS6WTlE
mGY5RFRzOUQygDlE7ow5RLqZOUSIpjlEVLM5RDLAOUT+zDlEy9k5RMnmOURU8zlEIQA6RO4M
OkS6GTpEiCY6RGQzOkQhQDpE/kw6RLpZOkSIZjpEVHM6RDKAOkT+jDpEupk6RJimOkRkszpE
IcA6RO7MOkS62TpEiOY6RGTzOkQhADtE7gw7RLoZO0SIJjtEVDM7RCFAO0TuTDtEy1k7RIhm
O0RkcztE</AssayXData><AssayYData Points="1500">NcakQIAepUDuAKVAxRilQLJMpUCwT6VATQWlQAYlpUBh/aRAfT2lQA0opUA3MaVA+ielQPch
pUBjNaVAqSSlQNsMpUCBL6VAgTGlQEIXpUAeIaVAbhClQJsqpUBTJ6VAQwulQH0RpUC8/qRA
3DOlQDzwpEBlH6VAaiKlQCohpUDKGqVAEPqkQOpApUCY+6RAO/ykQAodpUCJAqVADAulQBT/
pEBpAKVAPR6lQDzapEBg9aRAWA2lQJn4pEBH+aRAlgelQMwDpUAN6aRAr9ykQJnvpEA646RA
8NSkQBjepECR6KRA8cakQBu9pEC91KRA5MykQHbppEBIyqRAobykQCGnpEClxKRATr+kQOKu
pEAqvqRAt8GkQCrCpEBv5qRAR8WkQB23pEAGv6RAUMOkQG2spED3vaRA6c2kQOGypEBk1qRA
qaakQE+ipEDdqqRAE6GkQPiPpEBtnKRAZKikQCWTpEAKoKRAtKykQDaepECHuKRA45+kQBWI
pEDke6RAc7ekQKVlpEDVfKRADb+kQPmXpED0naRATMKkQCKDpEAOgaRA93WkQEO4pEAzeKRA
IIqkQMBWpEB4e6RAvmekQC9ypEACe6RAtl+kQKSDpEDZWqRAT2mkQIxMpEAua6RAyU+kQFlO
pEDxLKRAkWCkQApOpEDKT6RAI1qkQEVQpEDNVaRAfzykQJRIpEA/KqRAh1CkQIM1pEBJJaRA
NS+kQNkYpED8PaRAsTqkQAs4pEDJSKRA206kQAg7pEDbMqRAISakQDpMpEDxLaRAGDakQFZK
pEDSBqRAAEikQEMgpEAiRKRAMjakQIIgpEC/LKRAnkWkQKUapECyN6RAJBukQDpSpEB5AKRA
ujmkQEMgpEBLN6RAb1KkQE0QpECmJqRA/AWkQPczpEDoNaRAOQ6kQBM3pECx/aNA7xSkQF4t
pECQDaRAfvyjQF4DpEDiEaRA0QSkQKQ1pEDqAaRAGT2kQHH1o0Dd9KNAhRCkQLQMpEB12qNA
Rc2jQGq9o0D97aNAge6jQKcopEDp86NAmBGkQO/9o0AeEaRAHvSjQJ0bpECv8qNAQb+jQATQ
o0CC5qNAvvijQAEHpEC/+KNAPtKjQOzto0BXpqNAYvijQOEBpED57KNAPeCjQKPLo0CO6qNA
cb6jQNDbo0AW36NAieOjQAnto0Aw66NAOOOjQLvQo0A5sqNATOmjQC27o0BW4qNARcSjQFm/
o0D32KNA77qjQF/Qo0ALr6NAL8CjQBGro0Dy6aNAU8OjQEKjo0BLnqNA4tujQFi9o0Awt6NA
K9ejQFbJo0COpaNA8rqjQB6io0CJuqNAwZajQPOdo0BXk6NA16WjQHC2o0AVraNA4cKjQOW8
o0Drj6NA6YajQGW2o0DbaaNAAXijQCaCo0BHX6NAoYijQDyWo0CrmaNAVI6jQPCro0DKdKNA
zGCjQCh7o0CSlaNAgJajQOKQo0BDcaNAPlujQK6No0C+i6NAdYujQB6Ao0DbeKNA+3mjQFFu
o0BKf6NASmmjQJheo0AjTaNAWGGjQEWgo0BIeKNAjX+jQAaGo0AIZKNA2USjQGtqo0AZZaNA
S3ijQAVeo0CSU6NAm3qjQN5ko0DpPaNAl1CjQPwqo0DqbaNA5UWjQBpeo0CgV6NAWmujQBZa
o0AIc6NABDqjQDqJo0DTW6NA50qjQHlXo0BoOaNAcDqjQPxFo0BJa6NAZEOjQFE9o0CFY6NA
ujCjQHUso0DPMqNA4SejQANUo0DaL6NAbUajQLBKo0AQOaNAqDqjQMkqo0C7OqNAATCjQK8m
o0DfJaNA9z+jQA0wo0AkBaNA9SGjQAs7o0BIEKNAQjmjQJgno0A9HaNAziGjQJQEo0DYFqNA
8hmjQGD9okAdIqNAQAmjQBP/okCvBqNA5ACjQOoPo0AzGqNAqiajQBfyokB9KKNA4SejQIUY
o0BIEKNAdQCjQJALo0AgFKNA4wCjQEXwokCg5qJAbhKjQPTuokDfF6NAUtyiQC7wokBDGqNA
8+WiQPcxo0CN+qJAE/aiQIr3okCdDKNAfuaiQJ3/okAe16JAnPmiQOoCo0DN+aJAxu+iQJnj
okBCu6JAd+aiQFHGokDy0qJAssiiQMPfokDf06JA9teiQCHjokAg16JAeL+iQIPeokD+0qJA
0cOiQGjfokDQ1qJAX8qiQLXDokAjuqJAnaWiQKaxokCuu6JAWrqiQCTMokCEn6JANdaiQPbU
okA4vaJAo7uiQJC+okAEmqJAeqmiQIK8okDOo6JA9bWiQDmmokCpvqJA7LiiQAuvokAurKJA
/dGiQEqzokAG1qJAoJuiQMKGokBNvqJAeqOiQG6WokAkpqJAw42iQEO5okCSqKJAkKqiQLlu
okCfraJAW9CiQFdKokCngKJANaKiQMyCokBMc6JA8amiQI+sokDGgaJA5KWiQLamokD4g6JA
iJyiQOq/okCGq6JAAo+iQNqLokByaKJAk4uiQE6RokAAkKJAoJuiQNScokC3mqJAPGWiQGF6
okArc6JACVyiQJh3okCpg6JAN3+iQLljokCmeqJAnmqiQMVxokAlbqJAX26iQPFpokA0XKJA
J3qiQFh9okBHgKJA0WWiQKphokC3VqJA1G+iQMVtokCBUqJAsnyiQAlHokCQYqJAYleiQF1o
okD4NaJAK2iiQOt2okBDQqJAkmCiQIJnokCxMqJABT6iQHw8okAxUKJAmzOiQDtfokCcH6JA
BkuiQJQjokCYPaJAai+iQLs0okBLSaJAK0WiQIw6okBYTqJAKlWiQNofokBGRaJAu1CiQGhB
okBANqJAThqiQIEqokB9WKJAQCyiQLo4okDkR6JAhlSiQJdqokBvRKJAUg2iQAAzokAtX6JA
Tg+iQI8hokBVL6JAsBKiQJ0lokDzIaJAUzuiQLkWokA1P6JAgCyiQAwdokAbNKJAhDWiQNIS
okBs+aFAGgyiQIQQokC9BKJAyxKiQAf1oUDe7qFAzhWiQNcWokDU+KFA5QeiQB8MokCrDqJA
dgiiQHEAokCZ66FAKuyhQLEWokA43aFA2OWhQHUSokDT66FAHv2hQJ/XoUDWIaJAj+OhQJr5
oUCn86FAw7WhQGjJoUB86aFA6e6hQCIHokBr+qFAf/OhQD7yoUALz6FAQc+hQA3loUCgvqFA
l+ahQPPuoUAE0aFA/NShQIrCoUAO06FAN9yhQJrdoUBW1aFAWeihQNSwoUAwzaFAFeyhQObU
oUDL4qFAYvKhQKAKokA9vqFAzvuhQNL9oUAQvKFArd2hQGrKoUAL4qFA0cihQBfroUAv4KFA
NsahQIjGoUAqzaFAUtahQB/goUAeyKFAtsyhQMHDoUBJyKFA8Z+hQI7IoUB0saFAjqGhQFbm
oUDFv6FAqMShQIiEoUDBoqFA8auhQEuYoUBalqFAHHOhQIa3oUBKs6FAOaqhQDqyoUA6tqFA
DsKhQKC6oUAxvqFARY+hQMGkoUBvoqFAMIuhQK1/oUBHe6FADpuhQDumoUDleqFAerWhQKZ5
oUAjkaFA4IOhQGLDoUDpk6FAc5mhQFeNoUC4k6FA8qehQAx9oUD+o6FAU4ehQGV5oUBMpKFA
rIihQA6LoUCbbaFA8EOhQEaEoUBsgqFAOH6hQKmcoUATnKFAq2ehQG2FoUCzkaFAGZ2hQE2E
oUAifqFAPH6hQB92oUC4cKFAF4qhQNh6oUBglaFAC4mhQD5ToUAhj6FAK2yhQK5RoUD6baFA
PHahQKp1oUD+QaFAhIehQEZmoUBTbaFAzXChQN9xoUB5aKFAbWqhQDKGoUBGa6FAfGGhQE98
oUCwQKFAN0uhQIlqoUBRiqFAolOhQAFKoUDfZqFAuTqhQJlVoUCfFqFAFSuhQCMSoUAKZaFA
ozyhQJ1eoUCWZKFAcCihQNp4oUB0HqFAPzGhQIsWoUACVqFA7UyhQGtRoUBkGKFANkWhQD0+
oUBrHqFA5kShQPYUoUBNTKFAaDahQEJEoUB0GaFAeR6hQKc8oUC8O6FAJ0+hQCA7oUDMNKFA
VjihQME6oUAfR6FANRyhQCwloUCoN6FAjgihQNImoUDXFaFAYzqhQKj4oECtHqFAS0ehQKgs
oUBOHKFAbf6gQNUpoUCwE6FAJBKhQLUOoUCgAKFAuBqhQNT9oECa+qBAAhChQGwHoUCnCKFA
yeqgQDLboED89qBA/MWgQGf4oEA/86BADOWgQCz/oEDSAqFA9wOhQGX3oEBY6aBA3P2gQJ7f
oEAlAaFAUg2hQLn9oECjJ6FAbM6gQHTuoEDEC6FAZxChQLH4oECOD6FAifKgQMIBoUDk+KBA
ldigQCTkoEAM9qBAHxChQJ7joEDs5qBAHPmgQEnioEC+46BABRyhQB/moEDb5KBAveOgQOsM
oUAT3qBAIP2gQKcPoUBt4KBAHPegQHTToEDD5qBAMOOgQGjqoECT+KBAvc6gQFgUoUDR8KBA
gf2gQOm/oECN3aBALsKgQDUEoUB886BA8NagQGzaoEBwx6BADMygQMTKoED916BAOOGgQGrO
oEAh6KBA68KgQEjuoEAMsaBAVemgQCSroEBbz6BAcL6gQBa3oEBZ8KBAeOOgQM7JoEBhuaBA
5c+gQOO8oECvn6BAQNOgQLmuoEC3p6BAy+igQAq2oEA6lKBAmsigQFa+oEAhs6BAFMCgQISt
oECp36BAU6SgQKK6oEAIeqBAGZCgQEuioEDQh6BA95OgQFmvoEBRvaBAW26gQK2YoECGmaBA
J5OgQLF6oEDAo6BAlnagQASeoEAahKBAKZigQHaloECjsaBAQKKgQAegoECnhqBAqa2gQAGW
oECdk6BAY6OgQNB+oEC9iqBAzGigQKGOoEAXkqBA1JmgQFeMoECKeqBASZqgQGSPoEC4baBA
kJqgQBt3oECdlaBAXIigQJFioEC8WaBAfWSgQEFNoEBMbqBABH6gQAWJoEDaSaBAK1KgQFZi
oEAZZKBAWGegQHpKoEBKQKBAx2ugQBVSoEBUaaBAz1egQGdSoEBTPqBADj2gQIVuoEDUiaBA
UF+gQKhUoEAdaqBAz02gQL98oECHXKBAkjSgQJtToEAZRaBAnFigQJdHoEDROqBAVWWgQGxW
oECBbaBAYU2gQKMhoECnM6BA8iegQFk0oEDYQ6BAxFqgQDNDoECEQ6BA02egQApToECoSaBA
6k+gQMNgoEB4VKBAj26gQCwxoEBcOaBAlmOgQFlgoECBTKBAoUCgQJNboECBZKBA3zugQK2E
oECFYaBAIlagQApSoEDNO6BAkSWgQHRPoEC8VKBAszKgQONMoEDNXKBA/1egQCkgoEACM6BA
2R2gQJdeoEC2IqBAjCGgQNAnoEBcN6BAIUKgQMk4oECsUqBAx1SgQBYUoEARNqBANzegQF07
oEArNKBARiagQEESoEADMaBAxkegQC0ToEAZJqBAVj2gQGH9n0CxHaBASUWgQOQuoED2O6BA
3w+gQMUZoECzKqBAkAqgQGQQoED6L6BAWwugQOUeoEA6AaBAnPufQCQqoEDeBqBAhCOgQPgv
oEBSFaBAsfifQGcRoEBOH6BA/AOgQEsNoEDdNKBAuRWgQFIdoEAY3p9AZiWgQGoEoEBtMKBA
WEKgQMMCoEAd+J9Azi+gQBERoEBRC6BA7xCgQJAHoEA6KqBAtBagQBL1n0DT759ARwGgQL70
n0C6DKBAsfOfQJYToEDJ+p9AKCugQFf1n0Ba8J9AfSSgQEcRoECL4J9AADKgQCDYn0A08Z9A
AA+gQHQYoEDq+p9AT9GfQDImoEBx959AZwOgQA/0n0Dv359AdNWfQHTTn0Ae/59AONOfQEjm
n0D/yp9Ab+qfQFj3n0CvD6BAN+qfQInon0Bc/p9ANOyfQPHAn0CI2J9AvKefQI23n0B+3J9A
A7yfQBenn0Ar1Z9Af6+fQCv6n0C6xJ9A5cSfQBGzn0CT0J9Ad9efQIbLn0CbzZ9AfaKfQMrV
n0D3vp9AN7KfQH3pn0AX7p9AKuyfQB7In0Bj359AN+WfQC3Nn0Crwp9AacSfQJPLn0ATxZ9A
A9efQNCvn0BRx59Aj8WfQD3tn0A/2Z9AaOWfQKjUn0Bd9J9AKdWfQMXPn0AHx59AQMyfQK+q
n0DNuZ9AZ9qfQIy6n0DIs59A1dWfQNTJn0B75p9Az5SfQGi0n0DAup9ANKifQLuan0B5zZ9A
XMmfQN6an0DfyJ9AKp2fQMqon0DGy59AccmfQOLMn0Arr59AOqWfQKybn0BhrZ9AmJ+fQCOm
n0CotZ9Afp6fQB3Kn0BoiJ9AC62fQBCPn0Aznp9AbaKfQA2Fn0Cvm59AUsOfQH+fn0CCpJ9A
maCfQKTDn0BfoJ9AWLefQGaIn0Aps59ACLqfQLPgn0Anmp9AMa2fQAiPn0ARmp9A+H2fQMvF
n0CBeJ9AGZKfQGZ7n0Cfcp9AqbGfQLion0DRmJ9AwXufQFGin0Dcnp9A/n+fQOyan0Bak59A
gJufQNqGn0D4oJ9AvrKfQG13n0CGjJ9AEZafQDl8n0CVh59ASayfQBpJn0Ddj59Az56fQG2m
n0Doc59A7qCfQEhhn0C+d59AoGifQLiIn0DWOZ9Ao4efQEeBn0Atip9ABnmfQLqsn0AFdp9A
/2CfQHBkn0ARfZ9AeW+fQDaEn0C7R59AXGOfQDmNn0BQU59ArFWfQIOHn0DcdJ9AQHCfQPJo
n0CwaZ9APmGfQKpMn0BWdZ9A5FqfQFBHn0AQfJ9AtmGfQNNPn0CLep9AF2WfQAhMn0AyeJ9A
ZnafQJp5n0ACSZ9Ax0OfQP5Nn0DSWJ9AEoSfQIZHn0A4ZJ9AHzyfQApcn0CyUJ9AAE2fQPJb
n0A/O59A7FafQMFhn0AwYJ9AsmOfQPpEn0AJX59AvVyfQCxrn0DmSJ9Aqj6fQGiIn0A3P59A
tmSfQCJ1n0BfP59AJjSfQAVAn0AQTp9As0ufQMFLn0A0OJ9AnSOfQLwxn0CzSJ9AITKfQEwy
n0ABL59ArTmfQHhJn0AjJp9AyDWfQLUhn0A3IZ9ArCOfQDs9n0AEJ59A0CmfQKoKn0AnH59A
gkKfQCk6n0D/Np9A8AKfQLFXn0BHI59Amx6fQDsxn0A5QZ9AZUufQB5Mn0CTLJ9A1jmfQEQb
n0BVBJ9AKA6fQNkyn0BPHZ9Atv6eQMIin0CwFJ9A2SCfQMgvn0A8LJ9AQDafQHQan0AxOJ9A
Gi2fQPYgn0CRNZ9A8A2fQM8rn0ByOp9AXBafQCQRn0BaPJ9A+P6eQCg+n0AlHZ9AcCKfQKT/
nkAXBp9AaAifQKfYnkDZ555A4/KeQI30nkAc655AbvSeQMz/nkAVEJ9AgeSeQOENn0B0455A
7MieQETWnkBf8p5ArOieQGEEn0Bl6Z5AcxyfQPf6nkA0Cp9Aev2eQJXrnkAHvZ5ASuOeQPrf
nkAu7Z5AcdKeQHzFnkC31J5A6OWeQAT3nkDv3p5AOfqeQMbYnkAEzp5AMuueQGHvnkD1EZ9A
ZuGeQNDpnkDa7p5APNSeQHvgnkAc5J5A/sqeQKTHnkDC8p5AwuWeQDoMn0B+155A1fCeQEvs
nkAX155A2wGfQGXenkDo655AjuieQIHqnkBp2J5AU+aeQObwnkBF6Z5AJ92eQDvlnkCSAZ9A
vOieQKrtnkBr+55AfeKeQPLYnkCJ4J5AqtieQBbHnkAT4Z5AZvaeQIfbnkBZ555AHOCeQKnu
nkAQ3J5AmbueQJLpnkAX4Z5AhOKeQAYCn0Dm6p5ALOaeQIbKnkB23J5A0sueQGDTnkBK355A
+MueQNLDnkAP+J5AkLWeQFbInkCdxJ5AysKeQDqxnkB28Z5A6dCeQKbonkDu5p5AjcueQGW0
nkBi255A+dWeQHKenkDP+J5A65ueQH2ynkBYy55A5sWeQJffnkDmxJ5ATMKeQIXUnkDfz55A
0+yeQH2vnkCvz55AuqyeQCKxnkCjrp5A5ZqeQMHNnkDZmZ5ABKieQITpnkASrp5AF7yeQPnH
nkCexp5A</AssayYData></Step><Step><CommonData><SampleLocation>7</SampleLocation><SampleID>Glycine</SampleID><SampleGroup></SampleGroup><SampleInfo></SampleInfo><SampleRow>B</SampleRow><SamplePlate>1</SamplePlate><WellType>REGENERATION</WellType><Concentration>-1</Concentration><ConcentrationUnits>µg/ml</ConcentrationUnits><MolarConcentration>-1</MolarConcentration><MolarConcUnits>nM</MolarConcUnits><MolecularWeight>0</MolecularWeight><Temperature>30</Temperature><StartTime>876189</StartTime><AssayTime>5</AssayTime></CommonData><FlowRate>1000</FlowRate><StepType>KREGENERATION</StepType><StepName>Regeneration</StepName><StepStatus>OK</StepStatus><ActualTime>4.99999</ActualTime><CycleTime>0.2</CycleTime><AssayXData Points="25">MYA7RA6NO0TLmTtEl6Y7RHWzO0QxwDtEDs07RMvZO0SX5jtEZPM7RDEAPET+DDxEyxk8RJcm
PERkMzxEMUA8RA5NPETLWTxEl2Y8RHVzPEQxgDxE/ow8RMuZPESXpjxEZLM8RA==</AssayXData><AssayYData Points="25">soc0vmABkL7x7rK+SR7QvlMy4r5Hy/e+KzQDvw2PC78LWBS/3OEbv+iXIL/lfye/hEcuv5LL
Mb+UQDe/86U9vzOrQL8hp0S/rqFIvy87Tb9pK1C/iglTv0/ZVr+Twlm/0+hbvw==</AssayYData></Step><Step><CommonData><SampleLocation>8</SampleLocation><SampleID>PBS</SampleID><SampleGroup></SampleGroup><SampleInfo></SampleInfo><SampleRow>B</SampleRow><SamplePlate>1</SamplePlate><WellType>NEUTRALIZATION</WellType><Concentration>-1</Concentration><ConcentrationUnits>µg/ml</ConcentrationUnits><MolarConcentration>-1</MolarConcentration><MolarConcUnits>nM</MolarConcUnits><MolecularWeight>0</MolecularWeight><Temperature>30</Temperature><StartTime>889595</StartTime><AssayTime>5</AssayTime></CommonData><FlowRate>1000</FlowRate><StepType>KREGENERATION</StepType><StepName>Regeneration</StepName><StepStatus>OK</StepStatus><ActualTime>4.99999</ActualTime><CycleTime>0.2</CycleTime><AssayXData Points="25">McA8RP7MPETL2TxEl+Y8RGTzPERBAD1E/gw9RMsZPUSoJj1EZDM9RDFAPUT+TD1E21k9RJdm
PURkcz1EQYA9RA6NPUTLmT1EqKY9RGSzPURBwD1E/sw9RNvZPUSX5j1EZPM9RA==</AssayXData><AssayYData Points="25">9yNEQFI7RUBvnEZAFphHQBUGSECtlEhAMVtJQAnJSUChUEpA9ZJKQEAGS0AxF0tAHlFLQHAw
TECpLExAlWlMQNG2TEBRxUxA5LlMQLLcTEBFQE1AnV5NQJK4TUDnsU1AxMFNQA==</AssayYData></Step><Step><CommonData><SampleLocation>7</SampleLocation><SampleID>Glycine</SampleID><SampleGroup></SampleGroup><SampleInfo></SampleInfo><SampleRow>B</SampleRow><SamplePlate>1</SamplePlate><WellType>REGENERATION</WellType><Concentration>-1</Concentration><ConcentrationUnits>µg/ml</ConcentrationUnits><MolarConcentration>-1</MolarConcentration><MolarConcUnits>nM</MolarConcUnits><MolecularWeight>0</MolecularWeight><Temperature>30</Temperature><StartTime>903008</StartTime><AssayTime>5</AssayTime></CommonData><FlowRate>1000</FlowRate><StepType>KREGENERATION</StepType><StepName>Regeneration</StepName><StepStatus>OK</StepStatus><ActualTime>5.00103</ActualTime><CycleTime>0.2</CycleTime><AssayXData Points="25">MQA+RA4NPkTLGT5ElyY+RHUzPkQxQD5EDk0+RNtZPkSoZj5EZHM+RDGAPkQOjT5E25k+RJem
PkR1sz5EMcA+RP7MPkTL2T5El+Y+RHXzPkRBAD9E/gw/RMsZP0SXJj9EdTM/RA==</AssayXData><AssayYData Points="25">JEYav/l8ML+LZju/0A1Dv67gS7+pEVK//mVWv83bWb8P+l6/HgFkvxcrZb+DzWi/iYNrv8SB
bb+zy3G/j0Nxv58NdL/x3Ha/QP53vwJIer+cBX2/inR9v1a/fr/tPX+/RQGBvw==</AssayYData></Step><Step><CommonData><SampleLocation>8</SampleLocation><SampleID>PBS</SampleID><SampleGroup></SampleGroup><SampleInfo></SampleInfo><SampleRow>B</SampleRow><SamplePlate>1</SamplePlate><WellType>NEUTRALIZATION</WellType><Concentration>-1</Concentration><ConcentrationUnits>µg/ml</ConcentrationUnits><MolarConcentration>-1</MolarConcentration><MolarConcUnits>nM</MolarConcUnits><MolecularWeight>0</MolecularWeight><Temperature>30</Temperature><StartTime>916439</StartTime><AssayTime>5</AssayTime></CommonData><FlowRate>1000</FlowRate><StepType>KREGENERATION</StepType><StepName>Regeneration</StepName><StepStatus>OK</StepStatus><ActualTime>4.99999</ActualTime><CycleTime>0.2</CycleTime><AssayXData Points="25">QkA/RDBNP0TcWT9EqGY/RHVzP0RCgD9ED40/ROyZP0S5pj9EdbM/RELAP0QPzT9E3Nk/RKjm
P0R18z9EUgBARA8NQETcGUBEuSZARIYzQERSQEBED01AROxZQESoZkBEdXNARA==</AssayXData><AssayYData Points="25">D5k+QBe9P0Bq+0BA7slBQAdUQkA5MENA6M9DQPcxREA6xERA3/lEQLNcRUBcuEVApbpFQJld
RkDNhEZAR8JGQPCsRkAKQ0dAXldHQNuUR0Dap0dAWiNIQK0rSECWUUhA9mhIQA==</AssayYData></Step><Step><CommonData><SampleLocation>7</SampleLocation><SampleID>Glycine</SampleID><SampleGroup></SampleGroup><SampleInfo></SampleInfo><SampleRow>B</SampleRow><SamplePlate>1</SamplePlate><WellType>REGENERATION</WellType><Concentration>-1</Concentration><ConcentrationUnits>µg/ml</ConcentrationUnits><MolarConcentration>-1</MolarConcentration><MolarConcUnits>nM</MolarConcUnits><MolecularWeight>0</MolecularWeight><Temperature>30</Temperature><StartTime>929544</StartTime><AssayTime>5</AssayTime></CommonData><FlowRate>1000</FlowRate><StepType>KREGENERATION</StepType><StepName>Regeneration</StepName><StepStatus>OK</StepStatus><ActualTime>4.99999</ActualTime><CycleTime>0.2</CycleTime><AssayXData Points="25">QoBARA+NQETcmUBEqKZARIazQERSwEBED81ARNzZQES55kBEdfNARFIAQUQPDUFE3BlBRKgm
QUR1M0FEQkBBRA9NQUTcWUFEqGZBRHVzQURCgEFED41BRNyZQUS5pkFEdbNBRA==</AssayXData><AssayYData Points="25">A8Mwv0bVQr9ytk2/n5xVv0pFWr+q1l+/jMpjv8yAZr/L/Gm/LJJtvwGmcL9xD3K/sOJ0v8uq
d79MYHq/U657v5eyfb/Cb36/Va6Av9xQgb/9h4G/yjWCvzDvgr+B8YK/1GWDvw==</AssayYData></Step><Step><CommonData><SampleLocation>8</SampleLocation><SampleID>PBS</SampleID><SampleGroup></SampleGroup><SampleInfo></SampleInfo><SampleRow>B</SampleRow><SamplePlate>1</SamplePlate><WellType>NEUTRALIZATION</WellType><Concentration>-1</Concentration><ConcentrationUnits>µg/ml</ConcentrationUnits><MolarConcentration>-1</MolarConcentration><MolarConcUnits>nM</MolarConcUnits><MolecularWeight>0</MolecularWeight><Temperature>30</Temperature><StartTime>942945</StartTime><AssayTime>5</AssayTime></CommonData><FlowRate>1000</FlowRate><StepType>KREGENERATION</StepType><StepName>Regeneration</StepName><StepStatus>OK</StepStatus><ActualTime>5.002</ActualTime><CycleTime>0.2</CycleTime><AssayXData Points="25">QsBBRB/NQUTc2UFEueZBRIbzQURCAEJEDw1CRNwZQkS5JkJEdTNCREJAQkQPTUJE3FlCRLlm
QkR1c0JEQoBCRA+NQkTcmUJEqKZCRHWzQkRCwEJED81CRNzZQkSo5kJElvNCRA==</AssayXData><AssayYData Points="25">F789QA5EP0Dje0BANy5BQFkCQkAiV0JASfJCQJ6HQ0BV6UNAiGFEQJiOREDOpURAZSZFQPq8
RUCO3EVAOcZFQBVCRkDllUZABqdGQHHtRkCdGUdANGBHQJFSR0DYbEdAhb5HQA==</AssayYData></Step><Step><CommonData><SampleLocation>3</SampleLocation><SampleID>Octet Buffer</SampleID><SampleGroup></SampleGroup><SampleInfo></SampleInfo><SampleRow>A</SampleRow><SamplePlate>1</SamplePlate><WellType>BUFFER</WellType><Concentration>-1</Concentration><ConcentrationUnits>µg/ml</ConcentrationUnits><MolarConcentration>-1</MolarConcentration><MolarConcUnits>nM</MolarConcUnits><MolecularWeight>0</MolecularWeight><Temperature>30</Temperature><StartTime>957520</StartTime><AssayTime>20</AssayTime></CommonData><FlowRate>1000</FlowRate><StepType>CUSTOM</StepType><StepName>Sensor Check</StepName><StepStatus>OK</StepStatus><ActualTime>20</ActualTime><CycleTime>0.2</CycleTime><AssayXData Points="100">YwBDREANQ0QNGkNE2iZDRKczQ0RjQENEME1DRP1ZQ0TaZkNElnNDRHOAQ0QwjUNEDZpDRNqm
Q0SWs0NEY8BDRDDNQ0T92UNEyeZDRJbzQ0RzAEREQA1ERA0aRETJJkREljNERGNARERATURE
/VlERMlmRESnc0REY4BERDCNRET9mUREyaZERJazRERjwEREMM1ERP3ZRETa5kRElvNERHMA
RUQwDUVE/RlFRMkmRUSWM0VEc0BFRDBNRUT9WUVE2mZFRJZzRURzgEVEMI1FRA2aRUTapkVE
lrNFRHPARUQwzUVE/dlFRNrmRUSn80VEYwBGREANRkQNGkZEySZGRJYzRkRjQEZEQE1GRA1a
RkTJZkZElnNGRGOARkRAjUZEDZpGRMmmRkSWs0ZEY8BGRDDNRkQN2kZE2uZGRJbzRkRjAEdE
QA1HRP0ZR0TJJkdEljNHRHNAR0QwTUdEDVpHRMlmR0SWc0dEc4BHRDCNR0T9mUdEyaZHRJaz
R0RzwEdEMM1HRA3aR0TJ5kdElvNHRA==</AssayXData><AssayYData Points="100">6Fk9QBGvOkAijjlAke43QDNsN0DueDdAdjU3QBLUNkAn+TZA4yM3QOW6NkDJOjdA7U83QJeb
N0DsiDdAz8E3QKn7N0B07jdAiik4QBgMOEAumDhAqIM4QBhsOEDH+DhAteg4QHw5OUBaDDlA
SLc5QNGaOUB5jzlAz+A5QHzzOUDIHDpAtFA6QK43OkDrGDpAFII6QDQ6OkAKmDpA2tM6QB6R
OkCFgjpAs446QPy9OkBNEDtAWyk7QI4cO0At3zpAnC47QIL2OkCKHjtA9Po6QAIjO0BLATtA
kmM7QIx5O0A1ZjtAW2U7QPaoO0ApzjtAiKw7QL7SO0CHpDtAZZw7QJ/RO0Dd9jtAqLk7QODh
O0BXvztAMTM8QDxFPEAmBDxAPSM8QPBEPEBzFzxANZk8QLx2PECLpTxAucw8QKqCPECWuTxA
4ps8QHWtPECUDz1AZrY8QCPNPED3Cz1ANeA8QFUuPUAFMT1AhMY8QP6cPEDAvTxAOFU9QDr+
PEAnEj1A6OM8QOUhPUDuQT1Anx09QA==</AssayYData></Step><Step><CommonData><SampleLocation>8</SampleLocation><SampleID>SI-157C14_P5199</SampleID><SampleGroup></SampleGroup><SampleInfo></SampleInfo><SampleRow>A</SampleRow><SamplePlate>1</SamplePlate><WellType>KLOAD</WellType><Concentration>5</Concentration><ConcentrationUnits>µg/ml</ConcentrationUnits><MolarConcentration>5000</MolarConcentration><MolarConcUnits>nM</MolarConcUnits><MolecularWeight>0</MolecularWeight><Temperature>30</Temperature><StartTime>986957</StartTime><AssayTime>120</AssayTime></CommonData><FlowRate>1000</FlowRate><StepType>LOADING</StepType><StepName>Loading</StepName><StepStatus>OK</StepStatus><ActualTime>120</ActualTime><CycleTime>0.2</CycleTime><AssayXData Points="600">YwBIREANSET9GUhEySZIRKczSERzQEhEME1IRP1ZSERpaUhEp3NIRGOASEQwjUhE/ZlIRMmm
SESWs0hEY8BIREDNSEQN2khEyeZIRKfzSERjAElEQA1JRP0ZSUTJJklEljNJRGNASURATUlE
/VlJRMlmSUSWc0lEY4BJRECNSUQNmklE2qZJRKezSURjwElEMM1JRP3ZSUTJ5klElvNJRGMA
SkRADUpE/RlKRMkmSkSWM0pEc0BKRDBNSkT9WUpE2mZKRJZzSkRjgEpEQI1KRA2aSkTJpkpE
lrNKRGPASkQwzUpE/dlKRMnmSkSn80pEYwBLRDANS0QNGktEySZLRJYzS0RjQEtEME1LRP1Z
S0TaZktElnNLRGOAS0QwjUtE/ZlLRMmmS0SWs0tEY8BLRDDNS0QN2ktEyeZLRJbzS0RzAExE
MA1MRP0ZTETJJkxEljNMRGNATEQwTUxE/VlMRMlmTESnc0xEY4BMRECNTEQNmkxEyaZMRKez
TERjwExEMM1MRA3aTETa5kxElvNMRGMATURADU1EDRpNRNomTUSnM01EY0BNRDBNTUQNWk1E
0mpNRO50TURjgE1EQI1NRA2aTUTJpk1Ep7NNRHPATURAzU1EDdpNRMnmTUSn801EcwBOREAN
TkQNGk5E2iZORKczTkRzQE5EQE1ORP1ZTkTJZk5Ep3NORGOATkQwjU5E/ZlORMmmTkSns05E
Y8BORDDNTkQN2k5E2uZORJbzTkRzAE9EMA1PRA0aT0TaJk9EljNPRHNAT0RATU9EDVpPRMlm
T0Snc09EY4BPRDCNT0T9mU9E2qZPRJazT0RjwE9EQM1PRP3ZT0TJ5k9ElvNPRHMAUEQwDVBE
/RlQRNomUESWM1BEY0BQRDBNUEQNWlBE2mZQRKdzUERjgFBEMI1QRA2aUETJplBElrNQRGPA
UEQwzVBE/dlQRMnmUESn81BEYwBRRDANUUQNGlFEySZRRKczUURjQFFEQE1RRP1ZUUTaZlFE
lnNRRGOAUUQwjVFE/ZlRRMmmUUSWs1FEc8BRRDDNUUQN2lFEyeZRRKfzUURzAFJEMA1SRA0a
UkTJJlJEljNSRGNAUkQwTVJE/VlSRC5qUkRKdFJEc4BSRECNUkT9mVJEyaZSRKezUkRzwFJE
MM1SRP3ZUkTJ5lJElvNSRGMAU0QwDVNEDRpTRMkmU0SWM1NEc0BTRDBNU0T9WVNEyWZTRJZz
U0RzgFNEMI1TRA2aU0TJplNElrNTRHPAU0RAzVNE/dlTRMnmU0Sn81NEYwBURDANVEQNGlRE
ySZURKczVERjQFREME1URP1ZVETJZlREp3NURGOAVEQwjVRE/ZlURNqmVESWs1REY8BUREDN
VET92VREyeZURJbzVERjAFVEMA1VRP0ZVUTaJlVEljNVRGNAVUQwTVVEDVpVRNpmVUSWc1VE
Y4BVRDCNVUT9mVVE2qZVRJazVURjwFVEMM1VRA3aVUTa5lVEp/NVRGMAVkQwDVZE/RlWRNom
VkSWM1ZEY0BWRDBNVkT9WVZE2mZWRKdzVkRjgFZEMI1WRA2aVkTJplZEp7NWRGPAVkQwzVZE
DdpWRMnmVkSW81ZEcwBXRDANV0T9GVdEySZXRKczV0RjQFdEME1XRA1aV0SAaldEnHRXRHOA
V0QwjVdE/ZlXRNqmV0SWs1dEc8BXRDDNV0QN2ldEyeZXRJbzV0RzAFhEMA1YRA0aWETJJlhE
pzNYRHNAWEQwTVhEDVpYRMlmWESnc1hEY4BYRDCNWET9mVhEyaZYRKezWERjwFhEMM1YRA3a
WETJ5lhElvNYRGMAWURADVlE/RlZRMkmWUSWM1lEc0BZRDBNWUQNWllEyWZZRJZzWURjgFlE
QI1ZRP2ZWUTJpllEp7NZRGPAWUQwzVlEDdpZRMnmWUSn81lEYwBaRDANWkT9GVpEySZaRJYz
WkRzQFpEME1aRA1aWkTaZlpElnNaRGOAWkQwjVpE/ZlaRMmmWkSns1pEY8BaREDNWkT92VpE
yeZaRJbzWkRzAFtEQA1bRP0ZW0TaJltEljNbRGNAW0QwTVtE/VlbRMlmW0Snc1tEc4BbRECN
W0T9mVtEyaZbRJazW0RjwFtEQM1bRA3aW0TJ5ltEp/NbRGMAXEQwDVxEDRpcRMkmXESWM1xE
Y0BcRDBNXEQNWlxE+GtcRCZ2XERzgFxEQI1cRP2ZXETaplxElrNcRGPAXERAzVxEDdpcRNrm
XESW81xEcwBdRDANXUT9GV1EySZdRJYzXURzQF1EQE1dRP1ZXUTJZl1ElnNdRGOAXUQwjV1E
/ZldRMmmXUSWs11Ec8BdREDNXUT92V1EyeZdRJbzXURjAF5EQA1eRP0ZXkTJJl5EpzNeRHNA
XkQwTV5E/VleRMlmXkSWc15Ec4BeRDCNXkT9mV5E2qZeRJazXkRzwF5EMM1eRA3aXkTJ5l5E
lvNeRHMAX0QwDV9E/RlfRNomX0SWM19Ec0BfREBNX0QNWl9EyWZfRJZzX0RzgF9EQI1fRP2Z
X0TJpl9ElrNfRGPAX0RAzV9E/dlfRMnmX0SW819EYwBgREANYET9GWBEySZgRJYzYERjQGBE
ME1gRP1ZYETJZmBEp3NgRGOAYEQwjWBE/ZlgRMmmYESns2BEY8BgREDNYET92WBE2uZgRJbz
YERjAGFEMA1hRP0ZYUTJJmFEpzNhRGNAYUQwTWFE/VlhRE5qYURrdGFEY4BhRECNYUT9mWFE
yaZhRJazYURjwGFEMM1hRA3aYUTa5mFElvNhRGMAYkQwDWJE/RliRMkmYkSWM2JEc0BiRDBN
YkT9WWJEyWZiRJZzYkRjgGJEMI1iRA2aYkTJpmJElrNiRGPAYkQwzWJEDdpiRMnmYkSW82JE
YwBjRDANY0QNGmNE2iZjRJYzY0RzQGNEME1jRP1ZY0TJZmNElnNjRHOAY0QwjWNE/ZljRMmm
Y0SWs2NEY8BjREDNY0T92WNEyeZjRJbzY0RzAGREQA1kRA0aZETJJmREljNkRGNAZEQwTWRE
DVpkRMlmZESnc2REY4BkRDCNZET9mWREyaZkRJazZERzwGREMM1kRP3ZZETJ5mRElvNkRHMA
ZURADWVE/RllRNomZUSnM2VEY0BlRDBNZUQNWmVE2mZlRKdzZURjgGVEMI1lRA2aZUTapmVE
p7NlRHPAZUQwzWVEDdplRNrmZUSW82VE</AssayXData><AssayYData Points="600">Pxc+QDPCPkBb8z9Ay0dBQJpOQkDvTENAykxEQIY2RUBvq0ZAnlFHQL1XSECW9khAwAxKQLMj
S0C1NExA8jdNQKZtTkCYLU9AGclPQLgbUUCcE1JAP6dSQGyDU0DRa1RATBhVQFhaVkCcVFdA
A/ZXQJRHWUCjAFpA6YlaQBizW0AHl1xAZ0xdQEXrXUDKDV9Ay45fQDWJYEAjoGFAgzhiQMbZ
YkB0zGNAQW9kQPIiZUAl1GVAgORmQME9Z0DAKGhA8tpoQEdUaUDnUWpAOO1qQJlIa0C+LmxA
E41sQHl1bUCHBm5AcJFuQPdEb0BdG3BAQbtwQLZYcUAm3XFAky5yQKE/c0AfZHNAB/9zQABT
dECeKHVAZYF1QDYLdkD9wnZA+yd3QHRGd0AkDXhAxll4QMUAeUAWonlAA5N5QBwfekBrlXpA
c/96QASCe0AAGHxADgF8QBK8fECFY31AXlp9QGj1fUCPYH5AtaV+QMPffkDwVn9Andl/QDX1
f0B+T4BAwlCAQC90gECnr4BAG8GAQP8KgUCHEoFAGE+BQLaDgUBdbYFAN9OBQFP8gUBE64FA
JnGCQKo1gkBHjoJA+XeCQLOYgkAswoJAaRqDQP0Fg0A0S4NASVqDQEZfg0AjqYNAKKuDQDbQ
g0BX+YNAsy6EQPlqhEAxLoRAWD6EQJdshEC7o4RAuN2EQAXyhEBgBoVAiv6EQNlIhUBlZ4VA
M1GFQF5shUDykoVAnbmFQObChUCfroVAYwOGQInhhUCNRIZALWSGQKhXhkDBboZACoiGQNKH
hkAIvoZAOMyGQIzQhkBUKYdAPhyHQGMCh0BOTIdARICHQPxqh0BXaYdAK2yHQNPph0DpyIdA
dO+HQIvhh0B+64dA5R6IQB1EiEDlC4hAc0uIQBVXiECvcIhA1qyIQDNwiECfj4hA67CIQEfo
iECY6YhAwbiIQGYOiUBJIolAXCiJQBNSiUC4R4lAPFqJQOxSiUCpm4lAzJGJQGO7iUDfzolA
qf2JQDXTiUD64olAYe2JQL8aikA2FYpA8CeKQHxPikDIcopAWW2KQAB1ikD7aopAnZGKQCGR
ikBVlYpA2aiKQBTAikAj1IpA/uiKQFoIi0CnDYtADjSLQM5di0CzP4tAh1yLQNFVi0DiS4tA
V1OLQKOVi0DqWYtAE7OLQPa4i0DN1otAY9eLQOj2i0DFB4xA1OaLQJ8PjEBkNoxA5yOMQHVF
jEDUPIxA/SCMQNRxjEAnYoxAI06MQC6WjEBqrIxAOrGMQFWqjEAspYxAAN+MQEXkjEAu44xA
L+qMQGf2jEAKBI1ANRCNQPIZjUC0TY1A3iONQLI3jUCjX41ApluNQBtwjUCCYY1A9aGNQKNy
jUCMqY1AJ8qNQLujjUBc2I1AaaqNQLfRjUC6341ABNaNQB0IjkBZ941AlQ6OQMZAjkCcKI5A
JDWOQPlkjkCHVo5AelOOQLuKjkAUVo5AaXeOQLeTjkCriI5ASXaOQFOvjkCe2Y5A6aeOQFPN
jkDK7o5A3b6OQAjDjkDR4Y5AOPKOQAIxj0B3/45AjA+PQA4Jj0A2PY9AhSKPQJEuj0DMRo9A
DFuPQPBdj0DNX49AY3ePQH5kj0Dcho9AJY6PQL+Jj0BHno9AJaaPQC/Aj0AouY9AydaPQHbt
j0BS7o9AtfCPQDkQkECODpBAbTSQQH4bkEA1DZBA7jaQQBgkkEBqMpBAonOQQAw9kECES5BA
AoGQQHuEkEBtnJBA2FuQQECpkEADu5BA4n2QQJzCkEDn2pBAQ8SQQJv7kEBGo5BASfOQQG7P
kEB0E5FAduGQQNUNkUBI9pBA9+iQQPYHkUCbDZFAd/iQQN4PkUA2A5FAWliRQEE4kUBUKpFA
mFKRQJNakUDuapFArGuRQNp2kUCjXJFAz3SRQOSdkUCik5FAdXCRQAChkUC/e5FAy7mRQM/J
kUAgxJFA/eyRQBvRkUCLwpFACfSRQAYNkkA71pFA5AqSQHUrkkALJJJAFkKSQCVKkkBPbZJA
2lSSQCt3kkBQQJJAakKSQId1kkBveZJAGm+SQDmtkkAtjpJAlYCSQB6jkkAz1JJAw4eSQMG0
kkC2yZJAaYOSQBetkkAw7pJAi+ySQIvfkkAAE5NA7gCTQBfxkkCLCZNAuemSQM/fkkARH5NA
pTiTQJsXk0BEJJNAdDeTQA1Hk0CWQZNAp02TQLtfk0DRXpNAnWGTQFxmk0DfSZNAonGTQCZ4
k0CLRZNA4aOTQCKbk0B6lpNANM6TQHGhk0BnpZNA45eTQFnOk0BDqJNA1c2TQAbrk0CVzJNA
3uWTQDP+k0DU+JNAPgmUQO8KlEBVKJRAqP6TQGgTlEA3R5RAry+UQLE4lECLNpRAmCqUQHtN
lEClTpRA22GUQE55lEACbpRAbWCUQMmSlEADj5RA43mUQNxYlEDWmJRAQ3WUQNt3lEDclZRA
vrOUQKq6lEAOupRA9auUQDmnlEBLypRA5QWVQEjblEC5xJRA3tSUQLIBlUA12ZRA5/eUQOwQ
lUAe1ZRA+iOVQIgklUBGDpVAxP6UQAA3lUDoM5VANzyVQF5OlUBYPJVAEEaVQFdDlUCJUpVA
IEmVQKeBlUA2ZpVAEW2VQG6ZlUAVo5VApV+VQKmplUDHpZVA2ZaVQC6dlUCvmZVAtaSVQGTZ
lUAixJVAwKmVQJe2lUDXs5VAhsmVQAb7lUBK7pVAQPeVQDvMlUCaB5ZAmiOWQHYClkBdApZA
8vqVQJQHlkDL3JVAGAGWQC8YlkC7CpZAYjCWQNoFlkDzHZZAzjSWQBxClkAtTJZAMFaWQCxg
lkDDR5ZAqnqWQHRwlkABfZZAJWuWQHSLlkA4dZZA5mCWQBp0lkAin5ZAjJeWQELIlkDJjZZA
IZ6WQDirlkAc+ZZA6sSWQFTAlkCx3ZZAG8eWQEu3lkAGz5ZATZ+WQPm+lkCR85ZAUNqWQDwD
l0CoBZdAVPeWQHkHl0AqGpdApgGXQBYnl0DYSJdARTaXQL1Bl0C8J5dALSqXQCctl0B3JpdA
TiWXQL9Wl0DUUJdAI1eXQPVHl0AvVZdAy5aXQMtol0DYZJdAxYaXQNeql0BQipdA9ZaXQLav
l0AtjJdAEFyXQIWcl0Ann5dAmqKXQAOyl0CunJdAGsKXQL25l0BFmpdAi+GXQE7Ol0Dq05dA
nd2XQIrtl0CoDJhACASYQPwBmED4HJhA</AssayYData></Step><Step><CommonData><SampleLocation>3</SampleLocation><SampleID>Octet Buffer</SampleID><SampleGroup></SampleGroup><SampleInfo></SampleInfo><SampleRow>A</SampleRow><SamplePlate>1</SamplePlate><WellType>BUFFER</WellType><Concentration>-1</Concentration><ConcentrationUnits>µg/ml</ConcentrationUnits><MolarConcentration>-1</MolarConcentration><MolarConcUnits>nM</MolarConcUnits><MolecularWeight>0</MolecularWeight><Temperature>30</Temperature><StartTime>1116245</StartTime><AssayTime>100</AssayTime></CommonData><FlowRate>1000</FlowRate><StepType>BASELINE</StepType><StepName>Baseline</StepName><StepStatus>OK</StepStatus><ActualTime>100</ActualTime><CycleTime>0.2</CycleTime><AssayXData Points="500">YwBmRDANZkT9GWZEySZmRJYzZkRjQGZEME1mRA1aZkTJZmZElnNmRGOAZkQwjWZE/ZlmRNqm
ZkSWs2ZEY8BmRDDNZkQN2mZEyeZmRJbzZkRjAGdEMA1nRP0ZZ0TJJmdEljNnRHNAZ0QwTWdE
DVpnRNpmZ0SWc2dEY4BnRECNZ0QNmmdE2qZnRJazZ0RjwGdEQM1nRP3ZZ0TJ5mdElvNnRHMA
aERADWhE/RloRMkmaESnM2hEY0BoRDBNaET9WWhEyWZoRKdzaERjgGhEMI1oRP2ZaETJpmhE
lrNoRGPAaERAzWhEDdpoRMnmaESW82hEcwBpRDANaUT9GWlEySZpRJYzaURzQGlEME1pRP1Z
aUTJZmlEp3NpRHOAaUQwjWlE/ZlpRNqmaUSns2lEc8BpREDNaUT92WlEyeZpRJbzaURjAGpE
MA1qRP0ZakTaJmpEljNqRGNAakRATWpE/VlqRMlmakSnc2pEY4BqRDCNakQNmmpEyaZqRKez
akRzwGpEMM1qRP3ZakTJ5mpEp/NqRGMAa0QwDWtE/RlrRMkma0SWM2tEY0BrREBNa0QNWmtE
yWZrRKdza0RjgGtEQI1rRP2Za0TapmtElrNrRGPAa0QwzWtE/dlrRNrma0Sn82tEYwBsRDAN
bEQNGmxE2iZsRKczbERzQGxEME1sRA1abETJZmxEp3NsRHOAbEQwjWxE/ZlsRNqmbESns2xE
Y8BsREDNbEQN2mxEyeZsRKfzbERjAG1EMA1tRP0ZbUTaJm1EljNtRGNAbUQwTW1EDVptRMlm
bUSnc21EY4BtRDCNbUT9mW1E2qZtRJazbURzwG1EMM1tRA3abUTJ5m1Ep/NtRGMAbkQwDW5E
DRpuRMkmbkSWM25EY0BuRDBNbkT9WW5EyWZuRJZzbkRjgG5EMI1uRP2ZbkTapm5ElrNuRHPA
bkRAzW5E/dluRMnmbkSW825EYwBvREANb0T9GW9E2iZvRKczb0RjQG9EME1vRP1Zb0TaZm9E
lnNvRHOAb0RAjW9E/ZlvRMmmb0SWs29Ec8BvREDNb0QN2m9EyeZvRJbzb0RzAHBEMA1wRA0a
cETaJnBEljNwRGNAcEQwTXBEDVpwRMlmcESWc3BEc4BwRECNcET9mXBEyaZwRJazcERjwHBE
MM1wRA3acETJ5nBElvNwRHMAcUQwDXFEDRpxRMkmcUSWM3FEY0BxRDBNcUT9WXFEyWZxRJZz
cURzgHFEMI1xRP2ZcUTJpnFEp7NxRGPAcURAzXFEDdpxRMnmcUSW83FEcwByREANckT9GXJE
ySZyRJYzckRjQHJEME1yRP1ZckTJZnJElnNyRGOAckQwjXJEDZpyRMmmckSWs3JEc8ByRDDN
ckT92XJE2uZyRJbzckTYA3NE9A1zRP0Zc0TJJnNEljNzRHNAc0QwTXNE/VlzRNpmc0Snc3NE
Y4BzRDCNc0QNmnNEyaZzRJazc0RjwHNEMM1zRP3Zc0TJ5nNElvNzRGMAdERADXRE/Rl0RMkm
dESWM3REY0B0REBNdET9WXREyWZ0RJZzdERjgHREMI10RA2adETJpnREp7N0RGPAdERAzXRE
/dl0RMnmdESn83REcwB1RDANdUQNGnVE2iZ1RJYzdURjQHVEME11RP1ZdUTaZnVEp3N1RHOA
dUQwjXVE/Zl1RMmmdUSWs3VEY8B1RDDNdUT92XVEyeZ1RKfzdURjAHZEMA12RP0ZdkTJJnZE
pzN2RGNAdkQwTXZEDVp2RMlmdkSWc3ZEY4B2RECNdkQNmnZEyaZ2RJazdkRjwHZEMM12RA3a
dkTJ5nZElvN2RHMAd0QwDXdEDRp3RMkmd0SWM3dEc0B3REBNd0T9WXdEyWZ3RJZzd0RzgHdE
MI13RP2Zd0TapndElrN3RGPAd0RAzXdE/dl3RMnmd0SW83dEYwB4RFENeET9GXhEySZ4RJYz
eERjQHhEQE14RP1ZeETJZnhEp3N4RHOAeEQwjXhE/Zl4RNqmeESWs3hEc8B4REDNeET92XhE
yeZ4RJbzeERjAHlEMA15RA0aeUTaJnlEpzN5RGNAeUQwTXlEDVp5RNpmeUSWc3lEc4B5RECN
eUQNmnlE2qZ5RKezeURjwHlEMM15RA3aeUTa5nlElvN5RHMAekQwDXpEDRp6RNomekSWM3pE
c0B6REBNekT9WXpEyWZ6RJZzekRzgHpEQI16RA2aekTJpnpElrN6RHPAekQwzXpEDdp6RMnm
ekSn83pEYwB7REANe0QNGntEySZ7RJYze0RzQHtEME17RP1Ze0TJZntEp3N7RGOAe0QwjXtE
DZp7RNqme0SWs3tEc8B7RDDNe0QN2ntEyeZ7RJbze0RjAHxEQA18RP0ZfETaJnxEljN8RHNA
fERATXxEDVp8RNpmfESWc3xEY4B8RDCNfET9mXxEyaZ8RJazfERjwHxEMM18RP3ZfETJ5nxE
lvN8RGMAfURADX1EDRp9RMkmfUSnM31EY0B9RDBNfUT9WX1E2mZ9RJZzfURjgH1EQI19RP2Z
fUTapn1Ep7N9RGPAfURAzX1E/dl9RMnmfUSn831EYwB+REANfkT9GX5E2iZ+RJYzfkRzQH5E
ME1+RA1afkTJZn5Ep3N+RGOAfkRAjX5E/Zl+RMmmfkSWs35Ec8B+REDNfkT92X5EyeZ+RJbz
fkQ=</AssayXData><AssayYData Points="500">Y8uXQLwkmEBDMphAsT2YQLERmECwK5hAD3mYQJKQmEDIRphAdBqYQO1gmEArW5hA/leYQGCT
mEBxVphA2ZCYQMd2mECDQphA62qYQDecmEA7UphA022YQIGdmEDfcZhAQ1aYQICUmEBgfphA
lpmYQJyAmEACgphA44+YQPB4mEDld5hAE7CYQGSTmEDWmZhARJiYQOKWmEB3iJhA43OYQPSA
mEAAgJhAz4CYQJN+mEA9tZhAUmGYQNicmEAknphAFZ2YQFx1mEC+fphAZH+YQLRsmECxg5hA
l4mYQEFnmECqg5hAHn+YQCSAmEDeiZhArmmYQNaBmEBVrZhAXIiYQOV5mECGjJhAtXuYQBqB
mECKgphAE4OYQESRmECCjZhADnqYQAeAmECLm5hAzaCYQCOWmEAmnZhAU4aYQKuVmEDZjphA
3IuYQGeqmEC1dphACoOYQECSmECrhphATa+YQE64mEAOmJhAfZ2YQLeymEBLwphA8WuYQOOi
mEAhhJhAE5GYQB+GmEAGiJhA4KKYQGN7mECcnphAzKCYQCp1mEDntZhA4p6YQGqumEAWn5hA
x5CYQMCAmEApjphARK2YQMO4mEC3gJhARMeYQESFmEDJtphAsYWYQLGcmECfiJhAFKWYQOua
mEAWoZhAaZ+YQAitmEB6iJhA9a6YQC2smEAjophAQaWYQHS9mEBivJhA3smYQBG4mEDbp5hA
v5uYQOGcmECQkJhASLCYQJy5mEDFlphALIGYQPfQmEB2p5hAQZGYQMGSmEDmvZhAk5OYQD+h
mEANqZhAq5CYQKe0mEBJzphAGKeYQHi2mEDerZhANqqYQMjAmEBhqJhAaZSYQISjmEBcr5hA
P8yYQFCKmEC5wJhA9c2YQL6smEAHt5hAHcuYQIurmEAXrJhAAJWYQIK0mECmuZhAYb+YQAqn
mEC0wZhA2aiYQM3GmEAFvZhANLWYQIupmEBE3phA4cCYQFDTmEAt2phAM7+YQJ/JmEAhrZhA
McKYQDGpmEALxphA5sKYQMmVmEAlsZhAssuYQNbPmEDwrZhAvcOYQKTQmEBSzJhA5vuYQPHY
mEAqz5hA58OYQEXemECJ3JhArNKYQNfGmECRwJhAUvGYQPy8mEDq7JhAj8uYQGzHmEACw5hA
pc+YQC3CmEBjwphAqOiYQNXdmEDa5ZhAkNuYQFPlmEB4u5hAuduYQCL+mEB5yphAC8SYQHDS
mEBd8JhA0vWYQDbqmEA2rphA99CYQKbMmEBxyZhAENCYQMi0mECQyphAMdeYQJ3YmEB76JhA
ie+YQCD0mEBw0phAIdGYQAjLmEBu55hAaN+YQOD1mEC4tZhA/9GYQBPxmEBu3ZhA+8WYQAIB
mUDY7JhA4TGZQMjvmEC54ZhAt9KYQKoFmUCo6JhAmeaYQLHPmECq4phAw9uYQLDhmEDT2JhA
5daYQA7WmEAK1JhA9NKYQNrZmEA5CJlAs96YQBD8mEAK6ZhA1fGYQA0HmUAwBJlALAuZQIHR
mEBV8JhAf96YQBS+mEBqFZlA5taYQGTumEBj1JhASCGZQD0MmUBeD5lAm+2YQCf9mEBB/phA
WduYQFnzmECX+JhAhyWZQE8MmUCxBplA2vWYQIv+mECvEZlAvxuZQHQFmUDSGJlAbBCZQJ0O
mUARIZlA5iGZQEz2mEBBBZlAhiiZQPrvmECYGJlARvCYQEYbmUDVDZlAKwiZQKbcmEBB/ZhA
ZQOZQPATmUCWDJlAlxyZQIoQmUCHFplAB0KZQBEpmUCl65hA/BKZQDsSmUASAZlASReZQNca
mUAYMplAP+uYQOo8mUDxFplALvaYQJIRmUAaI5lAkCqZQM8HmUCaI5lA7OOYQDASmUB1J5lA
wRmZQO4pmUAEJZlAukCZQL0tmUDlK5lACiyZQJolmUDCKZlAuC6ZQFwUmUALT5lApUyZQGY3
mUDKWJlAHnyZQNJlmUDfP5lAH2SZQJZlmUCnS5lA9kyZQFFDmUCqNplA9U6ZQM85mUAaK5lA
9FCZQChCmUBHSZlAwzmZQKErmUCfQ5lAHUOZQNc1mUB3OZlAFhaZQG48mUC5SplA7B+ZQOI9
mUCGNZlAGlaZQB5TmUCKW5lAJRWZQMVImUBaTplANyaZQEJcmUDlSZlAWlyZQNtHmUCsSZlA
PlyZQPhRmUC1fJlAXWGZQOldmUBxZplArjWZQGgnmUAsVplAcFWZQAhumUBda5lAUWKZQOxz
mUAfUplAkGCZQBVamUA8ZplAZWuZQBlymUDgd5lA0meZQMqEmUAwaplAMoqZQDJmmUCEZ5lA
uo+ZQFOFmUCWb5lAYWyZQA1omUDDcplAWHGZQDRmmUDjh5lAo42ZQBdwmUAGeZlA8l+ZQCWQ
mUBbkJlAbZeZQO18mUBdgZlAS1eZQJKMmUA6gJlAzYCZQFtwmUB8cJlAA7CZQNdpmUA5lJlA
EKiZQB5bmUAFtZlAc4OZQCxzmUCdfZlAV1+ZQEpvmUATi5lAqIeZQEGTmUArdZlA+6CZQNJp
mUA6dZlAU4qZQI2OmUCFd5lACEiZQExpmUBiiplApXCZQLKVmUA2h5lA4H+ZQNekmUBroZlA
rpuZQM+UmUBfg5lAzIqZQO/RmUBRpplA8KqZQF6vmUBynplAvaeZQJ+wmUBmwJlAva+ZQCGs
mUA=</AssayYData></Step><Step><CommonData><SampleLocation>4</SampleLocation><SampleID>hsCD3d/e_Acro_CDD-H52W1</SampleID><SampleGroup></SampleGroup><SampleInfo></SampleInfo><SampleRow>A</SampleRow><SamplePlate>1</SamplePlate><WellType>KSAMPLE</WellType><Concentration>-1</Concentration><ConcentrationUnits>µg/ml</ConcentrationUnits><MolarConcentration>200</MolarConcentration><MolarConcUnits>nM</MolarConcUnits><MolecularWeight>0</MolecularWeight><Temperature>30</Temperature><StartTime>1224347</StartTime><AssayTime>180</AssayTime></CommonData><FlowRate>1000</FlowRate><StepType>ASSOC</StepType><StepName>Association</StepName><StepStatus>OK</StepStatus><ActualTime>180</ActualTime><CycleTime>0.2</CycleTime><AssayXData Points="900">YwB/RDANf0QNGn9E2iZ/RKczf0RzQH9EME1/RP1Zf0TaZn9ElnN/RGOAf0QwjX9E/Zl/RMmm
f0SWs39EY8B/REDNf0Qd2n9E2uZ/RJbzf0Q6AIBE7giARAQOgERtE4BEyxmARDIggESYJoBE
/iyARGUzgETTOYBEMkCARJhGgET+TIBEbVOARMtZgEQyYIBEmGaARP5sgERtc4BEy3mARDqA
gESYhoBEBo2ARG2TgETLmYBEOqCARJimgET+rIBEZbOARNO5gEQywIBEmMaARAbNgERl04BE
y9mARDLggESY5oBE/uyARGXzgETL+YBEMgCBRKAGgUQGDYFEZROBRMsZgUQyIIFEoCaBRP4s
gURlM4FEyzmBRDJAgUSgRoFE/kyBRG1TgUTLWYFEMmCBRJhmgUT+bIFEZXOBRMt5gUQygIFE
mIaBRP6MgURtk4FEy5mBRDKggUSYpoFE/qyBRGWzgUTTuYFEMsCBRJjGgUQGzYFEZdOBRMvZ
gUQy4IFEmOaBRP7sgURt84FEy/mBRDIAgkSYBoJEBg2CRG0TgkTLGYJEMiCCRKAmgkQGLYJE
ZTOCRMs5gkQyQIJEmEaCRAZNgkRlU4JEy1mCRDJggkSYZoJE/myCRG1zgkTLeYJEMoCCRJyI
gkSqjYJEZZOCRMuZgkQyoIJEmKaCRAatgkRts4JEy7mCRDrAgkSYxoJEBs2CRGXTgkTT2YJE
OuCCRJjmgkT+7IJEbfOCRMv5gkQ6AINEmAaDRP4Mg0RlE4NEyxmDRDogg0SgJoNEBi2DRGUz
g0TLOYNEMkCDRKBGg0T+TINEbVODRMtZg0QyYINEmGaDRP5sg0Rlc4NEy3mDRDqAg0SYhoNE
Bo2DRGWTg0TTmYNEMqCDRJimg0T+rINEZbODRNO5g0Q6wINEmMaDRAbNg0Rt04NEy9mDRDrg
g0SY5oNEBu2DRG3zg0TT+YNEMgCERKAGhET+DIREZROERNMZhEQyIIREoCaERP4shERtM4RE
0zmERDJAhESYRoREBk2ERG1ThETLWYREMmCERKBmhEQGbYREZXOERNN5hEQygIREoIaERP6M
hERlk4REy5mERDKghESYpoRE/qyERG2zhETTuYREMsCERKDGhET+zIREZdOERMvZhEQy4IRE
mOaERP7shERt84REy/mERDIAhURKCIVEWA2FRG0ThUTLGYVEMiCFRJgmhUT+LIVEZTOFRMs5
hUQyQIVEoEaFRP5MhURlU4VEy1mFRDpghUSYZoVEBm2FRGVzhUTLeYVEOoCFRJiGhUQGjYVE
ZZOFRMuZhUQ6oIVEmKaFRP6shURls4VEy7mFRDrAhUSYxoVEBs2FRGXThUTL2YVEMuCFRKDm
hUT+7IVEZfOFRNP5hUQ6AIZEmAaGRP4MhkRlE4ZEyxmGREIghkSgJoZE/iyGRGUzhkTTOYZE
MkCGRKBGhkT+TIZEZVOGRMtZhkQ6YIZEmGaGRAZthkRtc4ZE03mGRDKAhkSYhoZE/oyGRG2T
hkTLmYZEOqCGRKCmhkT+rIZEZbOGRNO5hkQ6wIZEmMaGRP7MhkRl04ZEy9mGRDLghkSY5oZE
Bu2GRG3zhkTT+YZEMgCHRKAGh0QGDYdEbROHRMsZh0QyIIdEoCaHRAYth0RlM4dEyzmHRDJA
h0SYRodEBk2HRG1Th0TLWYdEMmCHRKBmh0QGbYdEbXOHRNN5h0QygIdEgYmHRJCOh0Smk4dE
y5mHRDqgh0SYpodEBq2HRGWzh0TTuYdEMsCHRJjGh0T+zIdEZdOHRMvZh0Q64IdEoOaHRAbt
h0Rt84dEy/mHRDIAiESYBohEBg2IRGUTiETLGYhEMiCIRJgmiEQGLYhEZTOIRMs5iEQ6QIhE
mEaIRP5MiERlU4hEy1mIRDpgiESYZohE/myIRGVziETLeYhEOoCIRJiGiET+jIhEZZOIRNOZ
iEQ6oIhEoKaIRAatiERts4hE07mIRDLAiESYxohE/syIRGXTiETT2YhEOuCIRKDmiET+7IhE
ZfOIRNP5iEQyAIlEmAaJRP4MiURlE4lE0xmJRDogiUSYJolEBi2JRG0ziUTLOYlEMkCJRKBG
iUT+TIlEbVOJRMtZiUQ6YIlEmGaJRAZtiURlc4lEy3mJRDKAiUSYholE/oyJRG2TiUTTmYlE
MqCJRJimiUT+rIlEbbOJRNO5iUQywIlEoMaJRAbNiURl04lE09mJRDLgiUSY5olEBu2JRGXz
iUTT+YlEMgCKRKwIikS7DYpEbROKRMsZikQyIIpEmCaKRP4sikRtM4pE0zmKRDJAikSYRopE
/kyKRGVTikTLWYpEMmCKRKBmikT+bIpEbXOKRMt5ikQ6gIpEoIaKRP6MikRlk4pEy5mKRDKg
ikSgpopE/qyKRGWzikTTuYpEMsCKRJjGikT+zIpEbdOKRMvZikQ64IpEmOaKRP7sikRt84pE
y/mKRDIAi0SYBotE/gyLRGUTi0TLGYtEMiCLRKAmi0QGLYtEZTOLRMs5i0QyQItEmEaLRAZN
i0RlU4tEy1mLRDJgi0SgZotEBm2LRGVzi0TTeYtEMoCLRJiGi0T+jItEZZOLRMuZi0QyoItE
mKaLRAati0Rls4tEy7mLRDrAi0SYxotE/syLRG3Ti0TT2YtEMuCLRKDmi0T+7ItEZfOLRMv5
i0QyAIxEmAaMRAYNjERlE4xEyxmMRDIgjESYJoxE/iyMRG0zjETLOYxEMkCMRJhGjET+TIxE
bVOMRMtZjEQyYIxEmGaMRAZtjERlc4xEy3mMRDKAjERSiIxEaY2MRG2TjETLmYxEOqCMRJim
jEQGrYxEZbOMRMu5jEQywIxEmMaMRP7MjERl04xEy9mMRDrgjESg5oxE/uyMRGXzjETL+YxE
OgCNRJgGjUQGDY1EbRONRMsZjUQyII1EmCaNRAYtjURlM41EyzmNRDJAjUSYRo1EBk2NRGVT
jUTLWY1EOmCNRJhmjUQGbY1EbXONRMt5jUQygI1EmIaNRP6MjURlk41Ey5mNRDKgjUR5qY1E
iK6NRJ6zjUTLuY1EMsCNRJjGjUT+zI1EbdONRMvZjUQy4I1EmOaNRP7sjURt841Ey/mNRDIA
jkSYBo5E/gyORGUTjkTLGY5EOiCORKAmjkT+LI5EZTOORMs5jkQ6QI5EoEaORAZNjkRlU45E
y1mORDJgjkSgZo5E/myORGVzjkTLeY5EOoCORJiGjkT+jI5EZZOORNOZjkQyoI5EoKaORP6s
jkRls45E07mORDLAjkSgxo5E/syORGXTjkTc2Y5EOuCORKDmjkT+7I5EZfOORMv5jkQ6AI9E
oAaPRP4Mj0RlE49E0xmPRDogj0SgJo9E/iyPRGUzj0TTOY9EMkCPRJhGj0QGTY9EbVOPRNNZ
j0Q6YI9EmGaPRP5sj0Rlc49E03mPRDKAj0Sgho9E/oyPRGWTj0TLmY9EOqCPRKCmj0T+rI9E
bbOPRMu5j0QywI9EmMaPRAbNj0Rl049Ey9mPRDrgj0SY5o9E/uyPRG3zj0TT+Y9EMgCQRKgG
kEQGDZBEZROQRNMZkEQyIJBEmCaQRP4skERtM5BEyzmQRDJAkESYRpBE/kyQRGVTkETLWZBE
MmCQRKBmkET+bJBEbXOQRMt5kEQ6gJBEoIaQRP6MkERtk5BEy5mQRDqgkESYppBE/qyQRGWz
kETTuZBEOsCQRJjGkET+zJBEbdOQRMvZkEQ64JBEoOaQRP7skERl85BE0/mQRDIAkUSYBpFE
Bg2RRGUTkUTLGZFEMiCRRJgmkUT+LJFEZTORRMs5kUQyQJFEmEaRRP5MkURlU5FE01mRRDJg
kUSYZpFE/myRRG1zkUTLeZFEOoCRRDiJkURGjpFEZZORRMuZkUQ6oJFEoKaRRAatkURts5FE
y7mRRDLAkUSgxpFE/syRRGXTkUTL2ZFEMuCRRKDmkUT+7JFEZfORRNP5kUQ6AJJEoAaSRP4M
kkRtE5JEyxmSRDIgkkSYJpJEBi2SRG0zkkTLOZJEMkCSRKBGkkT+TJJEbVOSRNNZkkQ6YJJE
oGaSRAZtkkRlc5JE03mSRDKAkkSghpJE/oySRG2TkkTLmZJEOqCSRJimkkT+rJJEZbOSRMu5
kkQywJJEoMaSRP7MkkRl05JE09mSRDLgkkSY5pJE/uySRGXzkkTL+ZJEOgCTRJgGk0T+DJNE
bROTRMsZk0QyIJNEmCaTRP4sk0RlM5NEyzmTRDpAk0SYRpNEBk2TRG1Tk0TLWZNEMmCTRJhm
k0T+bJNEZXOTRMt5k0Q6gJNEoIaTRP6Mk0Rtk5NE05mTRDKgk0SgppNE/qyTRGWzk0TLuZNE
OsCTRKDGk0T+zJNEbdOTRNPZk0Q64JNEmOaTRP7sk0Rt85NE0/mTRDoAlERjCJREcQ2URG0T
lETLGZREOiCURJgmlEQGLZREZTOURMs5lEQyQJREmEaURAZNlERtU5REy1mURDJglESYZpRE
Bm2URG1zlETTeZREMoCURJiGlEQGjZREZZOURMuZlEQyoJREmKaURAatlERts5REy7mURDrA
lESYxpRE/syURGXTlETL2ZREMuCURKDmlEQG7ZREZfOURMv5lEQyAJVEmAaVRP4MlUR1E5VE
yxmVRDoglUSYJpVEBi2VRGUzlUTLOZVEOkCVRJhGlUT+TJVEZVOVRMtZlUQ6YJVEmGaVRP5s
lURtc5VE3HmVRDKAlUSYhpVE/oyVRGWTlUTLmZVEOqCVRJimlUQGrZVEZbOVRMu5lUQ6wJVE
mMaVRP7MlURt05VEy9mVRDrglUSY5pVEBu2VRGXzlUTL+ZVE</AssayXData><AssayYData Points="900">W92ZQD1jmkDCjJpApZKaQGfrmkBBAZtA1DKbQKA0m0DFZptApdCbQNSrm0CK6ptAxfGbQE8F
nEBDEJxAm2icQAhcnEA/qJxA8+ScQGHknECwCZ1A0vScQPlrnUA3S51AMGudQLdgnUBTpZ1A
wZedQNXqnUCg351A0hyeQIsTnkAqKZ5AQHeeQD16nkCfgJ5AerieQCDJnkAp6J5AXRafQKEp
n0AHLJ9AsVefQO5en0BJwZ9AIoOfQEybn0CWup9A8sWfQM8CoED/9J9AUhWgQMRRoECcZaBA
AGmgQPSHoEAck6BAA46gQNXpoEDYzaBAPwWhQGvxoEAr+aBA3iOhQGAjoUDcMKFAgGehQGpK
oUB4caFAl8qhQFWzoUAnxKFAUcShQGnGoUBF9qFA9QSiQIUaokCa5KFAlTyiQOYXokCzeqJA
AoaiQECLokB+WqJAD4miQP+wokBlqqJAwMuiQEftokDpz6JA9AOjQJ35okBFD6NAl+qiQEA8
o0ANB6NAG1SjQHhRo0DzTqNABmGjQHJ6o0DOq6NAkbCjQD3Ao0BR3KNAj92jQFjWo0CoC6RA
U+KjQG8DpEBtBKRA5xCkQEUvpEA7NKRAvVykQC1YpEAZZ6RAQXWkQNVppEDKp6RAwnOkQPCm
pEAutKRAtL2kQLS5pEDwzKRASu+kQBrjpEAyA6VAhQ2lQMYYpUCxDaVARy+lQF9cpUBxIKVA
QDilQFJqpUC0aqVA8nKlQJmJpUD7caVAIpylQBmzpUCgr6VA4aalQPaqpUDy4KVAI82lQOj1
pUBwCKZAeNqlQH7opUBVF6ZAvAumQGMspkC5QqZAaRqmQDtNpkANMaZAc0+mQEJFpkDHZ6ZA
6GOmQExdpkDkhaZAX4KmQJVypkD1maZAcZymQKuVpkDbzKZAOqemQHePpkA/rqZAwuWmQOvD
pkBr26ZAcgKnQHjZpkBxHadA7RmnQN8gp0AqFadAshKnQAo0p0DyJ6dANHCnQONNp0DfS6dA
a2WnQN9Up0A/aadA7qCnQMl8p0DAXqdAMqenQOOwp0Aig6dAfpunQBCqp0BOtadAO9+nQHS0
p0DFz6dAcOOnQOjxp0A856dAXhCoQODlp0AZ7adArfWnQKgfqED6U6hAPwSoQMYmqEAaHKhA
bUqoQC0hqEAvU6hA/lioQM1ZqECLa6hAsn6oQPOBqECMbKhAWIKoQACLqEAplqhAN6yoQEHE
qEBD0qhAlt2oQEDkqEDw9qhAcQWpQCQOqUDh56hARzepQOAIqUAOKqlAmx+pQNgcqUDVFKlA
Qg6pQFQ7qUCsSalAnmmpQPNrqUCGXalAF2qpQLiOqUC9kqlAVW2pQFCQqUBwlalAQoupQAZ6
qUDIpqlAYJSpQFu7qUC1mKlAY4upQDaiqUBcqqlABKGpQOrCqUDNwKlAreepQF/tqUDE16lA
39GpQNPZqUDH+alAtxiqQAQoqkC3LapAqjaqQFIyqkB1FqpAkRiqQA5FqkCSP6pAnEeqQLk4
qkDkNqpApEmqQJA5qkD0X6pAaXGqQAhtqkD6dapAk4yqQOqZqkAWfKpA+ISqQF3TqkAmjapA
wKWqQNy/qkCyjqpA8qGqQFS8qkD32apA4beqQH3sqkDJ66pAXNKqQJrbqkAY/KpAJOiqQHcd
q0B38KpAkOKqQH8yq0CDKKtAFP+qQAcrq0BkN6tA0hurQGggq0DDWKtAZyarQBE6q0A9NatA
71+rQItaq0ACZ6tAA1arQDJZq0CReKtAU3qrQDBuq0C5c6tAQKSrQEufq0AKlatAu56rQD3S
q0DdrqtAJ7yrQMLGq0Caq6tAkq2rQPr6q0AnuatAiqyrQHDrq0DD5atAu9WrQH/sq0DV3atA
IPirQMEQrECiDqxAEymsQPwvrEDzAqxAUuCrQMgFrEApMqxAp/OrQPQ9rEBHQaxAWR+sQFMn
rECEOaxAAlysQKo+rEBuVaxA92asQKkvrEAlYqxAIlysQJlZrECgcqxAR3GsQJ2IrECjaKxA
LX+sQJCArEBPaqxAMYKsQKyErEAglaxARY6sQLOQrECGnaxAirusQB+crEA/raxAnaCsQPzi
rECGu6xAQLqsQDfUrEDSpaxA59asQPgCrUCa3KxAH+GsQB/2rEBKHK1AGAGtQPb/rEDoIK1A
yvCsQH4krUBqC61AYjutQIUprUBqSK1AcSCtQPVOrUDjRq1AHDGtQFo6rUDVa61AvkqtQGN9
rUAXcK1AXUCtQM2ArUCLe61ATmOtQPNnrUBPaa1A6YytQOdnrUCvWa1Aj46tQKa4rUClp61A
q5KtQEKorUBdvK1AhMCtQKeyrUChm61A4MOtQIa/rUARta1AHLGtQHSyrUD/1a1At8etQP/D
rUCrxK1AI9+tQP71rUB34K1Ai/+tQKgMrkAC4q1AROutQOARrkAH+K1A9jOuQJUZrkCVGq5A
nPqtQJENrkD8S65AXy2uQBhbrkARYq5ApC2uQGgyrkB6N65APnOuQOBHrkDQWq5ABHCuQEhI
rkChQa5AY4GuQP5VrkC1Ya5A9HGuQKRJrkAqjK5AaU6uQISNrkA+dq5AbqeuQKKTrkAJZa5A
H5yuQB5urkCNea5AC46uQPKGrkDBm65A+ImuQD6IrkBykK5AgLGuQAu1rkB6465Ao8GuQPjX
rkBn0q5ATs6uQFborkBAy65A3/OuQO7PrkCg9a5AH92uQHL/rkAl1K5AHwCvQA39rkBu7a5A
oPWuQL37rkAwEa9AX+OuQPwlr0DJHK9AffSuQG0jr0C7FK9AwxevQAYWr0CUNK9ATTivQJg7
r0DhRq9ADT2vQNJOr0CzV69AyjWvQFdBr0CJLa9AAVSvQGdBr0DGZ69AK1+vQHw+r0AHa69A
l4qvQF+Ar0DCXq9ATnCvQAiTr0Cxoa9ABpivQPuIr0AXja9A5KivQACIr0BOWK9AUauvQEKd
r0CwxK9AzqqvQBPEr0AS069ARL+vQP+Ur0Ckyq9AorKvQLLUr0BW369AX6uvQHHrr0AJ1a9A
UMKvQFHor0C/IbBAwvSvQMTLr0Dr2a9AkQiwQHX7r0B17K9AGOyvQNMDsECwHLBA2hGwQIAZ
sEDC8q9AQAWwQDcusECzBbBAeTGwQEczsEDh/a9AEi2wQJ4esEDaILBAf0iwQOo1sEAnO7BA
okewQC1gsECpDLBAckOwQAgpsEBjZbBAr1CwQMt4sEDuarBA00ywQCZhsECza7BArEmwQC5s
sEDCmrBAgGGwQC5usECvZrBA2mewQFGdsEAMfbBAYmiwQFiasEBIwLBAjaOwQIupsEDOm7BA
iniwQHuOsEAIp7BA7rOwQISVsEBQzLBAM6OwQKrAsEBg2LBA8MGwQPLCsEAp0LBAt76wQH61
sECO2rBA/wCxQGCZsEAZ97BAMPewQEbrsEBuurBA4dqwQDTssEBB9LBAlRqxQEDjsEDV9rBA
qRqxQEsssUDL9rBAIA+xQBomsUDC8bBAFgixQHIKsUBWC7FAI+WwQHcnsUBUEbFA8zaxQBwe
sUAAHbFA8PqwQKQ1sUCjRbFAIAGxQKeDsUCQLrFAQhixQP8msUBtY7FADyCxQI5psUB9R7FA
ozexQGVdsUD3drFAOFOxQBZhsUAhcrFA+zuxQMpgsUCAgrFA7nuxQFRrsUDIcrFAjXSxQHxf
sUAhgbFABp+xQMBesUCLbbFAroOxQEmQsUCul7FAHJWxQP+TsUD6eLFAAryxQBPAsUAImLFA
CbmxQC/TsUB4kbFA3cmxQKavsUCRqrFAxrmxQI24sUAKsbFAOeWxQFzBsUCKubFAW7CxQK/H
sUBJ1LFASdSxQNncsUAp6rFA3OCxQFLqsUCRC7JAgLyxQDbtsUAD97FALtCxQNbPsUD5/7FA
3u6xQGkEskBX4LFASgeyQKDusUDdDLJAb9ixQF30sUAVUrJAPBqyQGYkskAsEbJAeRiyQLAp
skCoIbJA5yOyQMkHskDMM7JAxUayQJUxskDHHbJAWECyQEVPskAGO7JAzTGyQN06skDARLJA
QRWyQC5ZskBbL7JAP2myQD12skDVd7JAcGmyQNF7skB7ZrJAnF+yQJhkskCqhrJAZV2yQM9h
skAzj7JA3nKyQM9ZskCIj7JA5XGyQAJ5skDqr7JAlZ+yQM9+skDHmrJA0pOyQKzLskAgdbJA
QmeyQLOWskAHhbJA8KOyQKDAskCgjLJA5oOyQJepskBnlrJA2riyQFSlskCgxrJAsq6yQNu0
skBK0rJAu8GyQCTKskC2vLJA3b6yQH/MskDYvbJAJbuyQHHiskBwj7JA7QizQFjtskBT1bJA
S+GyQN34skCGzLJA/dCyQAj6skC2zLJAQvCyQGQHs0BK+LJANROzQOEOs0Aj6bJAn/uyQNT3
skDWErNAJO6yQIzxskDJIrNAATqzQB/nskAE9bJAWDOzQHIXs0A0QLNAU2GzQE79skB5CbNA
rjyzQMUjs0CzLbNAGiSzQCMIs0CJHbNAZSyzQB0zs0BMKLNAb2qzQPxks0ClRLNA9D2zQNBE
s0DrObNAIWuzQPFFs0Bb/bJAI0WzQIMts0AAUrNA7T6zQONOs0BmJbNABU6zQINhs0BtKrNA
RlGzQHVks0AaR7NAcmyzQIpTs0DLbbNAeTuzQBJ8s0BBXbNAXlKzQHNcs0B6aLNAe2azQGqD
s0BDZbNAW1azQBhts0B2hLNAYWWzQAZys0DVjLNAk4GzQPeSs0CfprNAZr6zQAqNs0BPobNA
jJCzQKV3s0AqubNArdOzQH2ms0BRrbNA1cyzQDuss0AutrNA</AssayYData></Step><Step><CommonData><SampleLocation>3</SampleLocation><SampleID>Octet Buffer</SampleID><SampleGroup></SampleGroup><SampleInfo></SampleInfo><SampleRow>A</SampleRow><SamplePlate>1</SamplePlate><WellType>BUFFER</WellType><Concentration>-1</Concentration><ConcentrationUnits>µg/ml</ConcentrationUnits><MolarConcentration>-1</MolarConcentration><MolarConcUnits>nM</MolarConcUnits><MolecularWeight>0</MolecularWeight><Temperature>30</Temperature><StartTime>1412761</StartTime><AssayTime>300</AssayTime></CommonData><FlowRate>1000</FlowRate><StepType>DISASSOC</StepType><StepName>Dissociation</StepName><StepStatus>OK</StepStatus><ActualTime>300</ActualTime><CycleTime>0.2</CycleTime><AssayXData Points="1500">MQCWRJcGlkT+DJZEbBOWRMsZlkQ5IJZEoCaWRAYtlkRkM5ZEyzmWRDFAlkSXRpZE/kyWRGxT
lkTLWZZEMWCWRJdmlkT+bJZEZHOWRMt5lkQ5gJZEl4aWRP6MlkRsk5ZE05mWRDmglkSXppZE
Bq2WRGSzlkTTuZZEOcCWRJfGlkT+zJZEZNOWRNPZlkQx4JZEl+aWRP7slkRs85ZEy/mWRDEA
l0SXBpdEBg2XRGQTl0TLGZdEMSCXRJcml0QGLZdEZDOXRMs5l0QxQJdEoEaXRP5Ml0RkU5dE
y1mXRDFgl0SgZpdE/myXRGRzl0TTeZdEMYCXRKCGl0T+jJdEZJOXRMuZl0QxoJdEoKaXRP6s
l0Rss5dEy7mXRDnAl0SXxpdE/syXRGTTl0TL2ZdEMeCXRJfml0T+7JdEbPOXRAj8l0QfAZhE
lwaYRAYNmERsE5hEyxmYRDEgmESXJphE/iyYRGQzmETLOZhEOUCYRJdGmEQGTZhEbFOYRMtZ
mEQxYJhEoGaYRP5smERsc5hE03mYRDGAmESXhphE/oyYRGSTmETTmZhEMaCYRJemmET+rJhE
ZLOYRNO5mEQxwJhEoMaYRP7MmERk05hEy9mYRDngmESX5phE/uyYRGTzmETT+ZhEOQCZRJcG
mUT+DJlEZBOZRNMZmUQ5IJlEoCaZRP4smURkM5lEyzmZRDlAmUSgRplEDk2ZRGRTmUTTWZlE
MWCZRJdmmUT+bJlEZHOZRMt5mUQ5gJlEl4aZRAaNmURkk5lE05mZRDmgmUSXpplE/qyZRGyz
mUTLuZlEMcCZRKDGmUT+zJlEZNOZRNPZmUQx4JlEl+aZRP7smURk85lEy/mZRDEAmkSXBppE
/gyaRGQTmkTLGZpEOSCaRJcmmkQGLZpEZDOaRMs5mkQ5QJpEl0aaRP5MmkRkU5pEy1maRDlg
mkSXZppEBm2aRGRzmkQre5pEOYCaRJeGmkT+jJpEZJOaRNOZmkQxoJpEoKaaRP6smkRks5pE
07maRDnAmkSXxppE/syaRGTTmkTT2ZpEOeCaRKDmmkT+7JpEZPOaRNP5mkQ5AJtEoAabRP4M
m0RsE5tEyxmbRDEgm0SXJptEBi2bRGQzm0TLOZtEMUCbRJdGm0QGTZtEbFObRMtZm0QxYJtE
oGabRP5sm0Rkc5tE03mbRDmAm0SghptE/oybRGSTm0TLmZtEMaCbRKCmm0T+rJtEZLObRMu5
m0QxwJtEl8abRAbNm0Rs05tEy9mbRDHgm0Sg5ptEBu2bRGTzm0TL+ZtEOQCcRJcGnEQGDZxE
ZBOcRMsZnEQxIJxEoCacRP4snERkM5xEyzmcRDFAnESXRpxE/kycRGxTnETTWZxEOWCcRKBm
nET+bJxEbHOcRMt5nEQxgJxEl4acRP6MnERsk5xEy5mcRDmgnESgppxEBq2cRGSznETLuZxE
OcCcRJfGnET+zJxEZNOcRMvZnEQx4JxEoOacRP7snERs85xE5/ucRP4AnUSgBp1EBg2dRGwT
nUTTGZ1EMSCdRKAmnUT+LJ1EZDOdRMs5nUQ5QJ1El0adRP5MnURkU51Ey1mdRDlgnUSgZp1E
/mydRGRznUTLeZ1EOYCdRKCGnUQGjZ1EZJOdRMuZnUQ5oJ1EoKadRP6snURks51Ey7mdRDHA
nUSXxp1EBs2dRGTTnUTL2Z1EOeCdRJfmnUT+7J1EZPOdRMv5nUQ5AJ5ElwaeRP4MnkRsE55E
0xmeRDEgnkSXJp5E/iyeRGwznkTLOZ5EMUCeRKBGnkQGTZ5EbFOeRMtZnkQ5YJ5EoGaeRP5s
nkRkc55E03meRDGAnkSXhp5E/oyeRGyTnkTTmZ5EOaCeRJemnkT+rJ5EbLOeRMu5nkQ5wJ5E
l8aeRP7MnkRk055Ey9meRDHgnkSg5p5EBu2eRGzznkTT+Z5EMQCfRKAGn0QGDZ9EZBOfRMsZ
n0QxIJ9ElyafRAYtn0RsM59EyzmfRDFAn0SXRp9E/kyfRGxTn0TLWZ9EMWCfRJdmn0QGbZ9E
ZHOfRBB8n0QfgZ9El4afRAaNn0Rkk59Ey5mfRDmgn0SXpp9E/qyfRGSzn0TTuZ9EOcCfRJfG
n0QGzZ9EbNOfRNPZn0Qx4J9El+afRP7sn0Rk859Ey/mfRDkAoESXBqBE/gygRGQToETTGaBE
MSCgRJcmoET+LKBEZDOgRMs5oEQxQKBEoEagRAZNoERkU6BEy1mgRDFgoESgZqBEBm2gRGRz
oETTeaBEMYCgRJeGoET+jKBEZJOgRMuZoEQ5oKBEoKagRAatoERss6BE07mgRDHAoESXxqBE
Bs2gRGTToETT2aBEMeCgRKDmoET+7KBEZPOgRMv5oEQxAKFEoAahRAYNoURkE6FEyxmhRDEg
oUSgJqFEBi2hRGwzoUTLOaFEMUChRJdGoUQGTaFEZFOhRMtZoUQxYKFEoGahRP5soURsc6FE
y3mhRDmAoUSXhqFE/oyhRGyToUTLmaFEMaChRJemoUT+rKFEZLOhRMu5oUQxwKFEl8ahRAbN
oURk06FEy9mhRDngoUSg5qFE/uyhRGzzoUS++6FEzQCiRKAGokT+DKJEZBOiRMsZokQxIKJE
lyaiRAYtokRsM6JEyzmiRDFAokSgRqJE/kyiRGxTokTLWaJEMWCiRJdmokT+bKJEbHOiRNN5
okQxgKJEl4aiRP6MokRsk6JEy5miRDGgokSgpqJE/qyiRGSzokTTuaJEOcCiRJfGokT+zKJE
ZNOiRMvZokQx4KJEl+aiRAbtokRk86JEy/miRDEAo0SXBqNE/gyjRGQTo0TTGaNEMSCjRJcm
o0T+LKNEZDOjRMs5o0QxQKNEl0ajRP5Mo0RkU6NEy1mjRDFgo0SgZqNEBm2jRGRzo0TTeaNE
MYCjRJeGo0T+jKNEbJOjRMuZo0QxoKNEoKajRP6so0Rks6NE07mjRDHAo0SXxqNE/syjRGTT
o0TL2aNEOeCjRKDmo0T+7KNEbPOjRNP5o0Q5AKRElwakRAYNpERkE6RE0xmkROEipETvJ6RE
Bi2kRGwzpETLOaREMUCkRJdGpET+TKREZFOkRMtZpEQxYKREl2akRAZtpERkc6REbHukRHuA
pESghqRE/oykRGyTpETTmaREMaCkRKCmpEQGraREbLOkRNO5pEQxwKREoMakRP7MpERs06RE
y9mkRDHgpESg5qRE/uykRGzzpETL+aREOQClRJcGpUT+DKVEZBOlRMsZpUQxIKVElyalRP4s
pURkM6VEyzmlRDFApUSXRqVE/kylRGRTpUTTWaVEMWClRKBmpUT+bKVEZHOlRMt5pUQxgKVE
l4alRAaNpURkk6VE05mlRDGgpUSXpqVE/qylRGSzpUTLuaVEMcClRJfGpUQGzaVEZNOlRNPZ
pUQ54KVEl+alRP7spURk86VE0/mlRDEApkSXBqZE/gymRGQTpkTLGaZEMSCmRKAmpkT+LKZE
ZDOmRMs5pkQ5QKZEoEamRAZNpkRkU6ZE01mmRDFgpkSXZqZE/mymRGxzpkTTeaZEOYCmRJeG
pkT+jKZEZJOmRMuZpkQxoKZEl6amRP6spkRks6ZEy7mmRDHApkSgxqZE/symRGTTpkTL2aZE
MeCmRJfmpkT+7KZEZPOmRLb7pkS8AKdEoAanRAYNp0RkE6dE0xmnRDEgp0SXJqdE/iynRGQz
p0TLOadEOUCnRJdGp0T+TKdEZFOnRNNZp0QxYKdEl2anRP5sp0Rkc6dE03mnRDmAp0SghqdE
/oynRGSTp0TTmadEMaCnRJemp0T+rKdEbLOnRMu5p0QxwKdEoManRAbNp0Rs06dEy9mnRDHg
p0SX5qdEBu2nRGTzp0TT+adEMQCoRJcGqET+DKhEZBOoRMsZqEQ5IKhElyaoRP4sqERkM6hE
0zmoRDFAqESXRqhEBk2oRHVTqETTWahEOWCoRJdmqET+bKhEZHOoRNN5qEQxgKhEl4aoRP6M
qERkk6hEy5moRDmgqESgpqhE/qyoRGyzqETLuahEMcCoRJfGqET+zKhEZNOoRMvZqEQx4KhE
l+aoRP7sqERk86hEy/moRDEAqUSXBqlE/gypRGQTqUTTGalEOSCpRJcmqUQGLalEbDOpRMs5
qUQxQKlEl0apRAZNqURkU6lE01mpRDFgqUSXZqlE/mypRGxzqURce6lEaoCpRKCGqUT+jKlE
ZJOpRMuZqUQ5oKlEl6apRAatqURks6lEy7mpRDHAqUSXxqlEBs2pRGTTqUTL2alEMeCpRJfm
qUQG7alEZPOpRMv5qUQxAKpElwaqRP4MqkRkE6pE0xmqRDkgqkSXJqpE/iyqRGQzqkTTOapE
MUCqRKBGqkQGTapEbFOqRNNZqkQxYKpEl2aqRP5sqkRsc6pE03mqRDGAqkSghqpE/oyqRGST
qkTLmapEMaCqRJemqkT+rKpEZLOqRMu5qkQxwKpEoMaqRP7MqkRk06pE09mqRDHgqkSX5qpE
/uyqRGTzqkTL+apEOQCrRJcGq0T+DKtEZBOrRNMZq0QxIKtElyarRP4sq0RsM6tE0zmrRDlA
q0SgRqtEBk2rRGxTq0TTWatEMWCrRKBmq0QGbatEZHOrRMt5q0QxgKtEl4arRP6Mq0Rsk6tE
y5mrRDmgq0QQqKtEH62rRGyzq0TLuatEMcCrRJfGq0QGzatEZNOrRMvZq0Q54KtEl+arRP7s
q0Rk86tE+vqrRDkArESXBqxE/gysRGwTrETTGaxEMSCsRJcmrET+LKxEbDOsRMs5rEQ5QKxE
l0asRP5MrERsU6xEy1msRDlgrESgZqxEBm2sRGRzrETLeaxEOYCsRJeGrET+jKxEZJOsRMuZ
rEQxoKxEl6asRP6srERks6xE07msRDHArESXxqxE/sysRGzTrETL2axEOeCsRJfmrEQG7axE
bPOsRMv5rEQxAK1ElwatRP4MrURkE61E0xmtRDEgrUSgJq1E/iytRGQzrUTTOa1EMUCtRJdG
rUT+TK1EbFOtRMtZrUQ5YK1El2atRP5srURkc61Ey3mtRDGArUSXhq1EBo2tRGSTrUTLma1E
OaCtRJemrUT+rK1EZLOtRMu5rUQxwK1EoMatRP7MrURs061E09mtRDHgrUSX5q1EBu2tRGTz
rUTT+a1EMQCuRJcGrkT+DK5EZBOuRMsZrkQxIK5ElyauRP4srkRkM65EyzmuRDFArkSXRq5E
/kyuRGRTrkTTWa5EMWCuRKBmrkT+bK5EZHOuRK57rkS8gK5EoIauRP6MrkRkk65Ey5muRDmg
rkSgpq5E/qyuRGyzrkTLua5EMcCuRJfGrkQGza5EbNOuRMvZrkQx4K5EoOauRP7srkRk865E
y/muRDEAr0SXBq9E/gyvRGwTr0TTGa9EMSCvRKAmr0T+LK9EZDOvRNM5r0Q5QK9El0avRAZN
r0RkU69Ey1mvREFgr0SXZq9E/myvRGRzr0TLea9EOYCvRJeGr0QGja9EbJOvRNOZr0QxoK9E
l6avRAatr0Rks69Ey7mvRDHAr0SXxq9EBs2vRGzTr0TT2a9EMeCvRKDmr0QG7a9EZPOvRNP5
r0QxALBElwawRP4MsERkE7BEyxmwREEgsESXJrBEBi2wRGQzsETLObBEMUCwRJdGsET+TLBE
ZFOwRNNZsEQxYLBEl2awRP5ssERsc7BEy3mwRDGAsESXhrBE/oywRGSTsETTmbBEMaCwRJem
sEQGrbBEZLOwRNO5sEQxwLBEl8awRAbNsERs07BE09mwRDHgsESg5rBEBu2wRGTzsETf+7BE
7QCxRJcGsUT+DLFEZBOxRMsZsUQxILFElyaxRA4tsUR1M7FEyzmxRDFAsUSgRrFEBk2xRGxT
sUTLWbFEOWCxRJdmsUT+bLFEZHOxRMt5sUQxgLFEl4axRP6MsURsk7FE05mxRDmgsUSgprFE
/qyxRGSzsUTLubFEMcCxRJfGsUQGzbFEbNOxRMvZsUQ54LFEoOaxRAbtsURk87FEy/mxRDEA
skSXBrJE/gyyRGQTskTLGbJEOSCyRJcmskT+LLJEZDOyRMs5skQxQLJEl0ayRP5MskRkU7JE
01myRDlgskSXZrJE/myyRGRzskTLebJEMYCyRJeGskQGjbJEZJOyRNOZskQ5oLJEl6ayRP6s
skRss7JE07myRDnAskSgxrJE/syyRGTTskTL2bJEMeCyRJfmskQG7bJEbPOyRMv5skQ5ALNE
lwazRP4Ms0RsE7NE0xmzRDEgs0SXJrNEwi2zRGwzs0TLObNEOUCzRJdGs0T+TLNEZFOzRMtZ
s0Q5YLNEl2azRAZts0Rsc7NEhXuzRJyAs0SXhrNEBo2zRGSTs0TTmbNEMaCzRJems0T+rLNE
ZLOzRMu5s0Q5wLNEl8azRP7Ms0Rs07NEy9mzRDngs0SX5rNEBu2zRGTzs0TL+bNEMQC0RJcG
tET+DLREZBO0RNMZtEQxILREoCa0RP4stERkM7REyzm0RDFAtESXRrRE/ky0RGRTtETTWbRE
OWC0RJdmtEQGbbREbHO0RNN5tEQ5gLREoIa0RP6MtERkk7REy5m0RDGgtESgprREBq20RGSz
tETLubREOcC0RKDGtEQGzbREZNO0RMvZtEQx4LREl+a0RP7stERs87REy/m0RDEAtUSgBrVE
/gy1RGQTtUTTGbVEMSC1RKAmtUQGLbVEZDO1RNM5tUQxQLVEl0a1RAZNtURkU7VEy1m1REFg
tUSXZrVE/my1RGRztUTLebVEOYC1RKCGtUT+jLVEZJO1RNOZtUQxoLVEoKa1RP6stURks7VE
y7m1RDHAtUSgxrVEBs21RGzTtUTT2bVEMeC1RJfmtUT+7LVEZPO1RDn8tURQAbZEoAa2RAYN
tkRkE7ZEyhm2RDEgtkSYJrZEBi22RGQztkTKObZEOUC2RJhGtkT+TLZEbFO2RMpZtkQxYLZE
mGa2RP5stkRkc7ZEynm2RDmAtkSYhrZEBo22RGyTtkTTmbZEOaC2RKCmtkT+rLZEZLO2RNO5
tkQ5wLZEmMa2RP7MtkRk07ZE09m2RELgtkSg5rZE/uy2RGTztkTK+bZEOQC3RJgGt0T+DLdE
ZBO3RNMZt0Q5ILdEmCa3RP4st0RsM7dEyjm3RDFAt0SYRrdEBk23RGRTt0TTWbdEOWC3RKBm
t0QGbbdEZHO3RNN5t0Q5gLdEmIa3RP6Mt0Rsk7dEypm3RDGgt0SYprdE/qy3RGyzt0TTubdE
McC3RJjGt0T+zLdEbNO3RNPZt0Qx4LdEmOa3RP7st0Rs87dEyvm3RDEAuESYBrhE/gy4RGQT
uETKGbhEOSC4RKAmuEQGLbhEbDO4RNM5uEQxQLhEmEa4RP5MuERkU7hEylm4RDFguESYZrhE
/my4RGRzuETne7hE9oC4RJiGuEQGjbhEZJO4RMqZuEQxoLhEmKa4RP6suERss7hEyrm4RDHA
uESYxrhE/sy4RGzTuETK2bhEMeC4RJjmuET+7LhEZPO4RMr5uEQ5ALlEmAa5RP4MuURsE7lE
0xm5RDkguUSYJrlE/iy5RGwzuUTTOblEOUC5RKBGuUQGTblEbFO5RMpZuUQ5YLlEmGa5RP5s
uURsc7lE03m5RDmAuUSYhrlE/oy5RGyTuUTKmblEMaC5RJimuUT+rLlEZLO5RNO5uUQ5wLlE
oMa5RAbNuURs07lE09m5RDnguUSg5rlE/uy5RGTzuUTK+blEMQC6RJgGukQGDbpEbBO6RMoZ
ukQxILpEmCa6RAYtukRkM7pEyjm6RDFAukSYRrpEBk26RGRTukTTWbpEMWC6RJhmukT+bLpE
ZHO6RMp5ukQxgLpEoIa6RP6MukRsk7pE05m6RDGgukSYprpE/qy6RHK0ukTKubpEOcC6RJjG
ukT+zLpEbNO6RMrZukQ54LpEmOa6RP7sukRk87pElfu6RKQAu0SgBrtE/gy7RGQTu0TKGbtE
MSC7RKAmu0T+LLtEbDO7RMo5u0Q5QLtEmEa7RP5Mu0RkU7tEylm7RDFgu0SYZrtEBm27RGRz
u0TKebtE</AssayXData><AssayYData Points="1500">5ymzQJxMs0BWW7NAGoOzQJZas0C3dLNAGDOzQJxfs0Dya7NA8jizQIxas0CgVrNAFnGzQAR5
s0DtVLNAuWazQMFws0DCWLNAsFyzQO17s0BKQ7NAWVizQFBXs0BWPLNAKFuzQGmMs0BwP7NA
rWqzQG5ps0DUQLNAxVWzQBl2s0D3ZrNAvWazQJZns0DtI7NARGOzQI5ns0BkVLNAzF+zQAI4
s0DAFbNAgj6zQK5is0AWK7NAryyzQIIts0DrQrNAHzazQP0ns0AcFrNATSizQH8Es0DnQLNA
GDezQEUWs0DIJbNA5zyzQOFEs0BGLbNA8iSzQIFMs0C/OLNA3xmzQHUls0DtPbNAWxmzQPAy
s0BrL7NApBmzQJMHs0AxCrNAWUCzQKgBs0CFHLNAXwCzQJYTs0As6rJAxAmzQHsQs0Cz/LJA
6A2zQBXzskC0PrNAU/qyQEANs0BfCrNAvvSyQDjrskC4y7JApfCyQLUas0AV07JAmPuyQD/z
skB9zbJAyu2yQAz1skDizrJAmByzQNv+skAS9bJAWQizQB7tskAG3rJAruCyQF3PskCh+7JA
+xuzQIXeskCE5bJABvOyQNfaskBdB7NAmN2yQBrXskD9zbJAk8uyQFDPskCB8LJALueyQCLM
skAj0bJAktSyQB+/skCyo7JATBGzQK7YskBY2LJAPLayQPfQskAL1rJAoZ6yQIfqskDHzLJA
7+SyQJa5skBPsbJAe+WyQKjhskBa07JACN2yQGPUskDnuLJAzqWyQLWtskCpt7JAr5myQN+w
skCU3rJAQKqyQJjHskDturJAZNGyQO7ZskAMzbJAmLeyQBG5skC0trJA0Y6yQE2askB3oLJA
rZiyQPaXskDQq7JAQ5+yQOudskDLkrJAOpGyQCKOskB2mrJAwaeyQAysskD1nLJAhZSyQKaL
skBDh7JAqZyyQKC0skAZgLJAt4eyQNCIskCGp7JATJayQMaiskCLhbJAfZSyQHpfskCuhrJA
34SyQHywskBIgrJAGI+yQEqCskCIg7JAInOyQAR/skDuibJAe26yQIp3skAWXLJAwEmyQM9q
skDyWbJAGUOyQMVrskCueLJA2EeyQBpPskBIdrJAOVmyQHA9skCzZLJAHFiyQOhLskA8TbJA
eXayQD0hskAsRbJA3l2yQKVTskDDSLJAH2myQNtFskA0QbJAfi2yQN4sskDfJLJAc12yQMNw
skDmOLJA50iyQK4mskC+QLJAw2SyQO9OskDZN7JAGECyQPQ+skAXNbJAbEiyQLZXskAsSLJA
QweyQFRJskDfJbJALU6yQDg3skB2OLJANR6yQMw9skBPOrJAaBmyQMM4skCXNbJAt0CyQJAM
skDSUbJA/VGyQK8kskDPILJA3g2yQBg+skDZR7JAzCKyQLvjsUCEW7JAvT2yQHFDskCgK7JA
AyiyQMRMskDxOrJAXz6yQNMbskB5I7JAY0eyQFAOskB3NrJAbx2yQNQuskBVJrJAnzWyQPdP
skBXJLJAsh6yQEgkskB9TLJA0UqyQDA0skA0H7JAtzGyQHcgskC5MLJAxmSyQHArskDGI7JA
my6yQFAoskDtNLJAHh+yQJE1skByObJADjuyQJUXskATILJAXumxQJQGskA1E7JACRmyQC8y
skCuP7JAjiOyQPrxsUB1ErJA9h2yQKEgskC4IrJAfTCyQNz7sUBX+bFAZA+yQBH0sUCIC7JA
1RCyQMntsUBx/bFAwyqyQJoGskDL6bFAHv6xQAcIskAzBLJAH+KxQHsaskCq/rFAuCSyQPQl
skBM4bFAJBuyQDYQskAbMLJA7v6xQGUqskDLErJAzROyQAP/sUDC8LFAzg+yQOkTskD0ArJA
RhqyQL72sUDbDrJA6+KxQJPvsUBp/rFANyKyQMUfskCWF7JAziCyQNL6sUAU+rFAyd+xQGzG
sUD05LFApumxQB7JsUDS2rFAreyxQPwDskCN9LFAH+qxQG32sUAT6bFA6d2xQL7wsUBN5LFA
a7yxQCLusUCo0bFASQCyQA7QsUAy1rFAvMmxQBHtsUBH7rFAcdyxQCjbsUAw6LFACuuxQEzj
sUB8wLFASbuxQILpsUBp47FAJ7KxQGLSsUAJ8bFAi+exQCcUskCauLFAK7OxQDnPsUDk0rFA
Md2xQGfssUD76bFA3cexQLPdsUBfsLFAVrKxQIK6sUDD0LFASbaxQCbQsUCArLFASc2xQOC4
sUDHprFAvsmxQMOnsUBoyLFAfsWxQCOnsUB+uLFAVrqxQCDYsUCZxLFAZ7mxQInMsUAkrbFA
8baxQHC+sUAUsrFArZWxQIvesUAlxLFAeaWxQM3qsUBLx7FA/8KxQG23sUCJtLFAj6uxQKOw
sUAZsbFAALqxQOucsUAborFAcauxQHXFsUDiwbFAxcuxQJmfsUDctLFAvcCxQJOssUDMwbFA
sqKxQH2RsUD4pLFA1qyxQA2jsUBQn7FA5cexQCPAsUBuo7FAQKmxQAJ8sUB/r7FAH6mxQNWI
sUBXjbFAAZ+xQDF+sUBYwbFAq42xQKKFsUD7fLFAgKOxQLWRsUA4nLFAdl6xQFl6sUBgorFA
26OxQFmXsUACg7FA/JKxQNGjsUCFjbFA846xQFB2sUALerFArYCxQJ+wsUDjgLFAi4qxQDKC
sUDpprFArIixQDCSsUCHoLFA6ZCxQIGSsUBHk7FAu5uxQEeLsUDdjbFAZoexQIKOsUBPeLFA
8XyxQJeEsUBjnLFAQmixQBFPsUCIirFAtFCxQCuGsUD0nbFAVJGxQHtnsUAfcLFA6F2xQIJL
sUDzf7FAaHKxQFJksUDEYLFADZCxQHlxsUBFarFAunWxQGFvsUDgibFAnHmxQLlwsUDzerFA
/XGxQH9ssUDdbrFASYyxQAKbsUAAVLFAeoCxQDR4sUAUerFATWuxQGGDsUCVXbFA3laxQIdw
sUC8a7FAyYexQLSMsUACTbFA7WuxQN1lsUBPeLFAyVOxQHhdsUCWhLFAEG2xQM2TsUDRSbFA
yE+xQJJ2sUA+HLFAK12xQO1XsUCvmbFAJHaxQBZisUDLWrFAy2uxQAVSsUBCcrFANI+xQFhB
sUBBd7FA8FOxQJ5tsUCVfrFAvFyxQH1WsUDvJLFAvnexQGNJsUCKPrFAJESxQNFgsUBwYrFA
/DWxQOZasUAMR7FAMFqxQIJasUAkW7FARTyxQL9PsUAUXrFAKk+xQHlCsUCUE7FATCyxQNo3
sUDwWbFA0EmxQExBsUCnMbFAolCxQOM8sUDzKLFAoSyxQNA/sUB6IrFAIz6xQFxEsUBHHrFA
4zOxQLJgsUAuQ7FAzimxQBlBsUBZUbFA8CmxQLIqsUDKHbFAYQmxQPIIsUCWLLFAhDGxQL0D
sUAVErFAyC6xQBEqsUDeDLFADyaxQMUpsUArAbFA7j2xQFMxsUBxGLFAkS6xQOMnsUC5V7FA
UyWxQEBFsUCLP7FAM16xQB0/sUAkUbFAFj6xQABEsUD8KbFAQzGxQFtFsUAsPbFAdEGxQLUW
sUCIE7FAUQ2xQE0CsUD2IbFAaBmxQEIbsUD7JrFASTmxQF8AsUAOHLFA9wCxQBs0sUDGC7FA
fh6xQLM7sUCYPbFALzexQDQysUAMSbFAOjaxQJocsUBNC7FAzDSxQJgxsUCNDrFA+SmxQOQV
sUBDI7FAxA6xQCcrsUBZObFAyi+xQLgpsUBkMLFAMhuxQBT5sEAXFrFAI++wQAIcsUCJ87BA
i/OwQJMZsUAnDrFAlByxQPAcsUAYFbFArxSxQPD4sEC0CrFAehuxQLUBsUCL/rBAWvqwQB8E
sUC3ArFAne6wQE4YsUA5H7FAiw6xQOkUsUBRF7FAHhuxQMIfsUDRI7FAqvWwQD7UsEAB2bBA
wSKxQMf4sEBNBrFAnAyxQPcMsUAqBLFAKA6xQBcTsUDPCLFAfQWxQCsBsUDi9bBAgPewQJX4
sEAOFLFAliexQNgDsUAD9bBAkBuxQF4NsUDs3rBAXduwQELwsEB28rBAaw6xQLfrsEBk2LBA
KtywQPHYsEAf6bBAS+iwQJrrsEC45bBA5cawQCMZsUDh8LBAh8OwQBnssECq9bBAy9uwQMTk
sEAh/rBAfMywQEXZsEA46bBADKmwQHnOsEDew7BAk8CwQF7SsEAK1LBA+tKwQN/jsECq3rBA
QsqwQAmjsEDZ1LBACcqwQJ7PsECu1rBACsiwQHqqsED50LBAIriwQOjEsECAv7BAguywQG/I
sECwlrBAp9uwQBLdsEAHuLBAB8GwQLjOsEBt27BAUwixQLPOsEDb3rBAOMOwQPnlsECdzbBA
m/iwQPjksEDQw7BA2u2wQBbpsEDsybBAJ+mwQFjesEDSybBATNuwQLHesEBU4rBAGLywQLjk
sEAl57BAf7ewQBqZsEAszLBAxp+wQCTZsECmybBAA8ewQBfrsEAWz7BAAgGxQJ+isEDQ0bBA
QvGwQFTdsEBHybBARuCwQFnfsEBA7bBAdruwQFzMsECVyrBAEfOwQES3sEBMuLBAu9GwQGrf
sECoxLBAVMawQPqAsEDNuLBAYaywQHXosEAzt7BABcewQOq4sEAlwrBAWbKwQNS+sEDsxLBA
e8ewQDm6sEA5tLBATKGwQC/PsECbtLBAeLuwQLC5sEB40LBADLGwQCKYsEAerbBAA8ywQFLV
sEDa3bBAEq2wQHvVsEDGrbBAZK6wQGPDsEApz7BAg6KwQGvSsEBY57BAW5iwQOm+sEB2hLBA
mtGwQM2RsEDux7BA7biwQI6fsED3u7BAcbWwQDKesEAYwbBAUMSwQLaysEAevbBAg6ewQEma
sEA4grBAPKuwQJLCsED6s7BAOsKwQOSYsEDgobBAapawQLi8sEDoybBA4pmwQH29sEANfbBA
QoewQBersEAqlbBADn6wQHOrsECikrBAhJOwQAF4sECYiLBAZ52wQIiZsEDGgrBAboSwQLSR
sEBAyLBATKGwQN6osECurbBAC8GwQDygsEC5mrBAApCwQPp5sECVpLBAZquwQIeGsEB3gbBA
tomwQPeYsEDmk7BAIHywQM9WsEDHorBAu3+wQNJ7sEAghLBAEnSwQEx+sECUgbBAjoKwQO2X
sEAQgbBAC3GwQGGqsEA3k7BAyH+wQACmsEDEV7BALYOwQDN8sECLirBAK2OwQFF0sEABcrBA
YVGwQB2CsED1kLBAWnywQPVzsECCY7BAunuwQCd0sEBKa7BAXJKwQDB1sEBlUrBA3mawQPJU
sEAecbBAxHawQABNsEA9ebBAcpWwQHhpsEDiWLBAP4SwQEmEsEAYcrBA1GqwQBddsEC8h7BA
fUiwQExxsECCebBASYWwQBdFsEBygrBARpWwQMRcsEB6c7BAtHqwQEJVsEBghrBAZXqwQBFm
sEDlarBAwGuwQPKZsEDNirBA7XGwQG1xsEDDf7BAk4CwQBeqsECwgbBAgXSwQASYsEAYsbBA
Z0awQCidsECWkrBAGnOwQI+LsED/hLBAZlCwQLpesEDNbrBAA3WwQFt6sEA3ZbBAqG+wQGJM
sEBsfbBAp2SwQMZ8sECRZLBA9nOwQC19sECPZrBAj2awQBeDsECOZ7BAEpuwQE5ysEBMVLBA
K4awQNGMsEAafLBASGywQNdosEA/X7BAAXSwQAVPsEAzebBAilmwQCBxsEA3dbBAK2iwQFxv
sEBGPrBA722wQMVnsEAZb7BA3mmwQMx7sEBEi7BArYGwQNhcsEAlcbBAvFGwQNVWsEBIjLBA
oz2wQFJwsEAcerBAKlOwQAlBsEBiXrBAU3CwQJVMsEDcdrBAOVWwQH54sEBQdrBAxX+wQOIu
sEClbLBAg3iwQF1VsEC0PbBAJWqwQDtIsEAjbLBAnDqwQAaCsEBJQLBAz0+wQP9WsEDParBA
yEWwQAAvsEAOLrBAIyuwQD5esEB4QLBAbRSwQMJJsECXDbBAzyewQJ1lsECHP7BA6jmwQH9W
sEDvTLBAkjewQDlQsEDRMbBAUiewQFVesEDQMbBAmFGwQAM2sEDNRLBAek6wQKAnsEA1SrBA
hluwQM5RsEBzO7BAXVSwQNJBsEDiIbBArxKwQGpRsEAaOLBAAzawQCIxsEALNbBAhiuwQMIx
sEANJLBAl0iwQAA5sEAELbBA00SwQLAusEDfKrBAYEKwQDobsEB/MrBARBCwQNk9sEDgGrBA
nC2wQN4esEDzHbBANRmwQNdGsEA/O7BAgyuwQPslsEChQLBAwQOwQA5DsECaULBAVwCwQE4q
sECWE7BAtSewQK9fsEB7D7BAFkOwQAkqsEDUPbBAmQmwQD1hsECOP7BApE6wQG8jsEAOVLBA
7yewQAIqsECzPbBAJCCwQM4RsEBuC7BAuxSwQEA0sECSNLBA6lOwQOEzsEArVbBAciOwQP0t
sEDwCLBA/06wQM9FsEBhGLBA/SGwQMk8sEDEQ7BAwgmwQMRCsEDhFbBATVKwQAJJsECtIbBA
phewQLFAsEB2FLBAfx2wQKdCsEDJO7BABQywQChPsEDsRrBAay6wQDhMsEAiVbBAtQuwQD8R
sEDhO7BA6BKwQOg1sEB8KbBA3xOwQIjyr0C8OrBARAewQBUesEA7F7BAZgawQGkqsEDtMrBA
2BewQPcmsEDaIbBAuhawQJxOsECcJbBA7BewQPMXsEAuQbBAxgGwQAAlsEC4LbBAITywQB4H
sEBHMbBAqEywQO0csEACJbBAljCwQEk5sEDFM7BAMSawQKA4sECuJbBAqSqwQLQ5sEA8+69A
Kh2wQKNKsEANHrBAJEOwQEc/sEDJArBA+yGwQGQTsEAhGrBAUSKwQI0GsEALDbBArimwQAsm
sECg/69AUxawQKc9sEA4PLBAkBmwQEwasEB7CbBAov+vQFgMsEAXPrBA1RqwQIsbsECKE7BA
Sw+wQOAfsEBPG7BAaR6wQAQosEB48q9AHTywQPIbsEAhHLBAVTCwQIQesEAXJbBADyuwQBYp
sEBmF7BAx/CvQEXrr0AXFrBAzyCwQGwKsEBiGLBApyiwQGAjsEAV369AOg2wQEPyr0BY969A
H+SvQPztr0Dgzq9AlBywQLoQsECGDbBAldqvQOj8r0Dh3a9A/96vQLDpr0A8B7BAsuyvQFkF
sEDu8q9ADSmwQLgfsEBGGbBACg2wQAgCsEDyGrBAuvavQBEBsEAG+K9Ajf6vQOf/r0CxCLBA
+SCwQPQCsEDFALBAG0WwQLEPsEDSDbBAIACwQFAdsEBpE7BAZB+wQHMnsED86q9A6yCwQOIy
sEAyErBA4RewQBkMsECuA7BAD/GvQBEHsECVMrBAsS6wQG0NsEBKAbBA9hOwQMv0r0C66a9A
MQOwQO3sr0C68q9AihqwQFrvr0D2EbBAuBCwQMMAsEAE/69A2hKwQHoSsEDF9K9AveivQHgF
sEDX+q9ASRKwQKHyr0AQ5a9AwA6wQDn3r0D9BLBA3RWwQIf3r0BcE7BAINivQHsCsEBYC7BA
9fGvQKH9r0Dt869AThCwQP/7r0B8G7BA9SGwQL8KsEBM4q9ADgywQIH6r0AU/q9ApOivQHTu
r0CM6a9A4R6wQDsIsEBG/K9Adw6wQIMEsEAz569AiwCwQPL4r0BT369AyNmvQFfZr0DZ6q9A
kOSvQI7or0CO469APf2vQK39r0CsJLBA1uevQPAPsECf7q9A9vOvQGX0r0DY2q9AHROwQOrN
r0DKA7BAROuvQD8HsECx2q9A8vqvQOTQr0BUFbBACB6wQEr6r0Aw469AHP+vQOzrr0Be9a9A
ttqvQCXzr0Ct5q9AQhOwQP73r0CE8q9AdRKwQL3er0BY9K9AB+OvQJL+r0BR6K9A7AKwQCL5
r0DQA7BAluGvQOn3r0D3/K9AfA+wQLTsr0AqArBApuCvQMLor0BD769ATcuvQNcPsEDq2q9A
vNSvQA37r0CQ/69Ah/yvQGbxr0Ac6K9ABu+vQO/mr0BS8K9AnQawQGjsr0BK8a9Aht2vQGfy
r0Br1K9A</AssayYData></Step><Step><CommonData><SampleLocation>7</SampleLocation><SampleID>Glycine</SampleID><SampleGroup></SampleGroup><SampleInfo></SampleInfo><SampleRow>B</SampleRow><SamplePlate>1</SamplePlate><WellType>REGENERATION</WellType><Concentration>-1</Concentration><ConcentrationUnits>µg/ml</ConcentrationUnits><MolarConcentration>-1</MolarConcentration><MolarConcUnits>nM</MolarConcUnits><MolecularWeight>0</MolecularWeight><Temperature>30</Temperature><StartTime>1721937</StartTime><AssayTime>5</AssayTime></CommonData><FlowRate>1000</FlowRate><StepType>KREGENERATION</StepType><StepName>Regeneration</StepName><StepStatus>OK</StepStatus><ActualTime>5.00005</ActualTime><CycleTime>0.2</CycleTime><AssayXData Points="25">MIC7RJaGu0QFjbtEY5O7RMqZu0Q4oLtEn6a7RP2su0Rjs7tEyrm7RDjAu0SWxrtE/cy7RGPT
u0TK2btEMOC7RJ/mu0QF7btEa/O7RNr5u0QwALxEnwa8RAUNvERjE7xEyhm8RA==</AssayXData><AssayYData Points="25">mCNNPaB+g72Ikve9Sxktvj22Vr52ona+3hONvvk6nb6r4Ku+A3G2vhBYxr5h1dC+LjnevhhJ
6L7Qg+++7xP4vstSAL9uAwW/K4oIv2QXDL/SsxC/tfYSv0grFr+6YRm/1vcZvw==</AssayYData></Step><Step><CommonData><SampleLocation>8</SampleLocation><SampleID>PBS</SampleID><SampleGroup></SampleGroup><SampleInfo></SampleInfo><SampleRow>B</SampleRow><SamplePlate>1</SamplePlate><WellType>NEUTRALIZATION</WellType><Concentration>-1</Concentration><ConcentrationUnits>µg/ml</ConcentrationUnits><MolarConcentration>-1</MolarConcentration><MolarConcUnits>nM</MolarConcUnits><MolecularWeight>0</MolecularWeight><Temperature>30</Temperature><StartTime>1735182</StartTime><AssayTime>5</AssayTime></CommonData><FlowRate>1000</FlowRate><StepType>KREGENERATION</StepType><StepName>Regeneration</StepName><StepStatus>OK</StepStatus><ActualTime>5.00103</ActualTime><CycleTime>0.2</CycleTime><AssayXData Points="25">MCC8RJYmvEQFLbxEazO8RMo5vEQwQLxElka8RAVNvERjU7xEylm8RDBgvESfZrxEBW28RGtz
vETSebxEMIC8RJ+GvET9jLxEY5O8RMqZvEQ4oLxElqa8RP2svERjs7xE0rm8RA==</AssayXData><AssayYData Points="25">DaxVQGOVV0CKU1hAyoRZQGpPWkAjrVpA/tpaQDttW0CCkFtAEn5cQDieXEB0HV1ABiRdQAy1
XUAA411AawVeQMNtXkB5j15Ay69eQGWrXkDJL19AOEpfQFxiX0AbzF9ALd9fQA==</AssayYData></Step><Step><CommonData><SampleLocation>7</SampleLocation><SampleID>Glycine</SampleID><SampleGroup></SampleGroup><SampleInfo></SampleInfo><SampleRow>B</SampleRow><SamplePlate>1</SamplePlate><WellType>REGENERATION</WellType><Concentration>-1</Concentration><ConcentrationUnits>µg/ml</ConcentrationUnits><MolarConcentration>-1</MolarConcentration><MolarConcUnits>nM</MolarConcUnits><MolecularWeight>0</MolecularWeight><Temperature>30</Temperature><StartTime>1748424</StartTime><AssayTime>5</AssayTime></CommonData><FlowRate>1000</FlowRate><StepType>KREGENERATION</StepType><StepName>Regeneration</StepName><StepStatus>OK</StepStatus><ActualTime>5.00005</ActualTime><CycleTime>0.2</CycleTime><AssayXData Points="25">OMC8RErHvEQFzbxEc9O8RNLZvERA4LxEp+a8RAXtvERz87xE2vm8RDgAvUSnBr1EDQ29RGsT
vUTSGb1EOCC9RJ4mvUQNLb1EazO9RNI5vUQ4QL1Ep0a9RAVNvURrU71E0lm9RA==</AssayXData><AssayYData Points="25">KS+zvv7V3r4hVPS+rVcBvyjoCL+t/A6/1qISv9sGFr/Yaxq/+Lgdv1tUIr9GEyW/jwwov7ow
Kb8esCy/Dlsuv3efL78VNTG/vFoyv6HaNb98hDe/elw5vwZXOb+XiDq/V+07vw==</AssayYData></Step><Step><CommonData><SampleLocation>8</SampleLocation><SampleID>PBS</SampleID><SampleGroup></SampleGroup><SampleInfo></SampleInfo><SampleRow>B</SampleRow><SamplePlate>1</SamplePlate><WellType>NEUTRALIZATION</WellType><Concentration>-1</Concentration><ConcentrationUnits>µg/ml</ConcentrationUnits><MolarConcentration>-1</MolarConcentration><MolarConcUnits>nM</MolarConcUnits><MolecularWeight>0</MolecularWeight><Temperature>30</Temperature><StartTime>1761518</StartTime><AssayTime>5</AssayTime></CommonData><FlowRate>1000</FlowRate><StepType>KREGENERATION</StepType><StepName>Regeneration</StepName><StepStatus>OK</StepStatus><ActualTime>5.00005</ActualTime><CycleTime>0.2</CycleTime><AssayXData Points="25">OWC9RJ9mvUQObb1EdHO9RNN5vURBgL1En4a9RA6NvURsk71E25m9RDmgvUSfpr1EBq29RGyz
vUTTub1EQcC9RJ/GvUQGzb1EbNO9RNvZvUQ54L1EqOa9RA7tvURs871E0/m9RA==</AssayXData><AssayYData Points="25">nSxRQKZ7UkDUfFNASLZUQAE7VUABtFVATllWQCO1VkCSHldA0JJXQFvDV0B6VlhAsIZYQGfV
WECdw1hAFkBZQPu0WUBnkFlATetZQN5dWkCcmFpAl7FaQM0ZW0BrH1tAmO1aQA==</AssayYData></Step><Step><CommonData><SampleLocation>7</SampleLocation><SampleID>Glycine</SampleID><SampleGroup></SampleGroup><SampleInfo></SampleInfo><SampleRow>B</SampleRow><SamplePlate>1</SamplePlate><WellType>REGENERATION</WellType><Concentration>-1</Concentration><ConcentrationUnits>µg/ml</ConcentrationUnits><MolarConcentration>-1</MolarConcentration><MolarConcUnits>nM</MolarConcUnits><MolecularWeight>0</MolecularWeight><Temperature>30</Temperature><StartTime>1774771</StartTime><AssayTime>5</AssayTime></CommonData><FlowRate>1000</FlowRate><StepType>KREGENERATION</StepType><StepName>Regeneration</StepName><StepStatus>OK</StepStatus><ActualTime>5.00103</ActualTime><CycleTime>0.2</CycleTime><AssayXData Points="25">OQC+RJ8GvkQGDb5EdBO+RNMZvkQ5IL5Enya+RA4tvkR0M75E2zm+REFAvkSfRr5EBk2+RHRT
vkTTWb5EOWC+RJ9mvkQObb5EdHO+RNt5vkRBgL5En4a+RA6NvkRsk75E25m+RA==</AssayXData><AssayYData Points="25">fXrYvhM6+767KAi/6lkPv0/CFL8HyBm/4FIdv8jDH7+PvCK/Uh0mvz2oKb/vCyu/V9Qsv1jB
Lr92YzC/Ov00vw8QNL8EDja/2Dw2v1NYN78z/Ti/0O46vzWhPL/m2Ty/OVM+vw==</AssayYData></Step><Step><CommonData><SampleLocation>8</SampleLocation><SampleID>PBS</SampleID><SampleGroup></SampleGroup><SampleInfo></SampleInfo><SampleRow>B</SampleRow><SamplePlate>1</SamplePlate><WellType>NEUTRALIZATION</WellType><Concentration>-1</Concentration><ConcentrationUnits>µg/ml</ConcentrationUnits><MolarConcentration>-1</MolarConcentration><MolarConcUnits>nM</MolarConcUnits><MolecularWeight>0</MolecularWeight><Temperature>30</Temperature><StartTime>1788047</StartTime><AssayTime>5</AssayTime></CommonData><FlowRate>1000</FlowRate><StepType>KREGENERATION</StepType><StepName>Regeneration</StepName><StepStatus>OK</StepStatus><ActualTime>5.00103</ActualTime><CycleTime>0.2</CycleTime><AssayXData Points="25">QqC+RLGmvkQXrb5EfbO+RNy5vkRKwL5EqMa+RA/NvkR9075E5Nm+RErgvkSo5r5ED+2+RHXz
vkTc+b5ESgC/RLEGv0QXDb9EdRO/RNwZv0RCIL9EqCa/RBctv0R1M79E5Dm/RA==</AssayXData><AssayYData Points="25">yVxRQLSiUkBnm1NAff5TQFJNVUCph1VA+vtVQLiDVkBX1lZAKzhXQP//V0C0YVhAYyhYQN5P
WEBqDFlAuGVZQNWYWUAWxllAj6xZQCWvWUBTCFpAmvhZQIFVWkCWW1pArIRaQA==</AssayYData></Step><Step><CommonData><SampleLocation>3</SampleLocation><SampleID>Octet Buffer</SampleID><SampleGroup></SampleGroup><SampleInfo></SampleInfo><SampleRow>A</SampleRow><SamplePlate>1</SamplePlate><WellType>BUFFER</WellType><Concentration>-1</Concentration><ConcentrationUnits>µg/ml</ConcentrationUnits><MolarConcentration>-1</MolarConcentration><MolarConcUnits>nM</MolarConcUnits><MolecularWeight>0</MolecularWeight><Temperature>30</Temperature><StartTime>1802297</StartTime><AssayTime>20</AssayTime></CommonData><FlowRate>1000</FlowRate><StepType>CUSTOM</StepType><StepName>Sensor Check</StepName><StepStatus>OK</StepStatus><ActualTime>20.001</ActualTime><CycleTime>0.2</CycleTime><AssayXData Points="100">SkC/RLBGv0QfTb9EhVO/RORZv0RKYL9EsGa/RB9tv0R9c79E5Hm/REqAv0S5hr9EF42/RH2T
v0Tkmb9ESqC/RLmmv0QXrb9EhbO/ROS5v0RKwL9Euca/RB/Nv0R9079E7Nm/RErgv0Sw5r9E
F+2/RIXzv0Tk+b9ESgDARLkGwEQXDcBEfRPAROwZwERSIMBEsCbARBctwESFM8BE5DnAREpA
wESwRsBEF03ARH1TwETkWcBESmDARLBmwEQXbcBEfXPAROx5wERSgMBEsIbARB+NwER9k8BE
5JnAREqgwESwpsBEH63ARH2zwETsucBEUsDARLDGwEQfzcBEhdPAROTZwERK4MBEsObARBft
wESF88BE5PnAREoAwUS5BsFEFw3BRIUTwUTkGcFESiDBRLAmwUQfLcFEhTPBROw5wURSQMFE
uUbBRBdNwUSFU8FE5FnBREpgwUS5ZsFEF23BRIVzwUTkecFESoDBRLmGwUQfjcFEfZPBROSZ
wURSoMFEuabBRB+twUR9s8FE7LnBRA==</AssayXData><AssayYData Points="100">octPQNg1TUBXPEtATutJQLdqSUDnAUlAcrdIQFirSEAZukhAidFIQAb7SED07UhAzkVJQK2B
SUA3XElA34VJQIW7SUA8/ElA6wxKQMYKSkAWKkpAIaRKQGHMSkCisEpA8nRKQKEWS0ACVEtA
dr9KQFosS0D7mktAGWBLQGBgS0Dbr0tA1oNLQKulS0BZ+0tAdtdLQIERTEB1EExAPzdMQGo7
TEBnP0xAq2lMQCFMTEAlPExABL9MQF/MTECs5UxAMLBMQBOGTECaq0xAPvZMQNr1TEBzBU1A
PSFNQPwoTUDlKk1AGQBNQOOKTUDvNE1AsVFNQPcjTUDdWU1AiORNQF6ITUAfXE1Az7pNQJWv
TUBt4k1ApchNQEcUTkCHJU5AAwFOQP4oTkBuAU5A4BFOQPMPTkBqRU5AiQ9OQK4UTkASWk5A
aHxOQNJOTkA3fE5AMZ9OQPxUTkAd0U5AfYtOQOqvTkD/o05ApqROQLe6TkBrzU5AJ+5OQEoJ
T0B/605AC/BOQEkNT0DvHE9Axu1OQA==</AssayYData></Step><Step><CommonData><SampleLocation>11</SampleLocation><SampleID>SI-157C17_P5237</SampleID><SampleGroup></SampleGroup><SampleInfo></SampleInfo><SampleRow>A</SampleRow><SamplePlate>1</SamplePlate><WellType>KLOAD</WellType><Concentration>5</Concentration><ConcentrationUnits>µg/ml</ConcentrationUnits><MolarConcentration>5000</MolarConcentration><MolarConcUnits>nM</MolarConcUnits><MolecularWeight>0</MolecularWeight><Temperature>30</Temperature><StartTime>1831778</StartTime><AssayTime>120</AssayTime></CommonData><FlowRate>1000</FlowRate><StepType>LOADING</StepType><StepName>Loading</StepName><StepStatus>OK</StepStatus><ActualTime>120.001</ActualTime><CycleTime>0.2</CycleTime><AssayXData Points="600">UsDBRLjGwUQfzcFEjdPBROzZwURa4MFEuObBRCftwUSN88FE7PnBRFIAwkS4BsJEHw3CRI0T
wkTsGcJEUiDCRLgmwkQfLcJEjTPCROw5wkRSQMJEuEbCRB9NwkSNU8JE7FnCRFpgwkTBZsJE
J23CRI1zwkTsecJEWoDCRLiGwkQnjcJEhZPCROyZwkRSoMJEuKbCRB+twkSFs8JE9LnCRFrA
wkS4xsJEH83CRI3TwkT02cJEUuDCRLjmwkQn7cJEjfPCROz5wkRSAMNEuAbDRB8Nw0SNE8NE
9BnDRFIgw0S4JsNEJy3DRIUzw0TsOcNEUkDDRMFGw0QfTcNEjVPDROxZw0RSYMNEwWbDRB9t
w0SNc8NE9HnDRFqAw0TBhsNEH43DRI2Tw0TsmcNEUqDDRLimw0QnrcNEhbPDROy5w0RSwMNE
wcbDRCfNw0SF08NEANzDRBfhw0TB5sNEH+3DRIXzw0Ts+cNEUgDERLgGxEQfDcREhRPERPQZ
xERSIMREuCbERCctxESFM8RE7DnERFJAxES4RsREH03ERI1TxETsWcREUmDERLhmxEQfbcRE
hXPEROx5xERSgMREwYbERB+NxESNk8RE9JnERFqgxES4psREJ63ERIWzxETsucREWsDERLjG
xEQfzcREjdPEROzZxERS4MREuObERB/txESN88RE7PnERFoAxUS4BsVEHw3FRIUTxUT0GcVE
UiDFRMEmxUQfLcVEhTPFROw5xURSQMVEuEbFRCdNxUSFU8VE7FnFRFpgxUTBZsVEH23FRI1z
xUTsecVEUoDFRLiGxUQfjcVEhZPFROyZxURSoMVEuKbFRB+txUSNs8VE9LnFRFLAxUTJxsVE
H83FRI3TxUT02cVEWuDFRMHmxUQf7cVEjfPFRPT5xURSAMZEuAbGRB8NxkSFE8ZE9BnGRFog
xkS4JsZEHy3GRIUzxkTsOcZEUkDGRLhGxkQnTcZEhVPGRDFcxkRQYcZEuGbGRCdtxkSFc8ZE
9HnGRFKAxkS4hsZEH43GRI2TxkTsmcZEUqDGRLimxkQfrcZEhbPGROy5xkRSwMZEuMbGRB/N
xkSN08ZE7NnGRFLgxkTB5sZEJ+3GRI3zxkTs+cZEWgDHRLgGx0QnDcdEhRPHRPQZx0RSIMdE
uCbHRB8tx0SFM8dE7DnHRFJAx0TBRsdEH03HRI1Tx0TsWcdEWmDHRLhmx0QnbcdEjXPHRPR5
x0RSgMdEuIbHRCeNx0SNk8dE9JnHRFKgx0TBpsdEH63HRI2zx0T0ucdEUsDHRLjGx0QnzcdE
hdPHROzZx0Ra4MdEuObHRB/tx0SF88dE7PnHRFIAyETBBshEJw3IRIUTyETsGchEWiDIRLgm
yEQfLchEhTPIROw5yERSQMhEwUbIRCdNyESFU8hE7FnIRFJgyES4ZshEH23IRIVzyETsechE
WoDIRMGGyEQfjchEhZPIROyZyERSoMhEwabIRB+tyESFs8hE7LnIRFrAyETBxshEJ83IRI3T
yESF28hEtODIRLjmyEQn7chEhfPIRPz5yERSAMlEuAbJRCcNyUSFE8lE9BnJRFogyUS4JslE
Jy3JRI0zyUTsOclEWkDJRLhGyUQnTclEhVPJRPRZyURSYMlEuGbJRB9tyUSFc8lE9HnJRFKA
yUS4hslEJ43JRIWTyUT0mclEWqDJRLimyUQnrclEhbPJRPS5yURSwMlEwcbJRB/NyUSF08lE
7NnJRFLgyUS45slEJ+3JRIXzyUTs+clEUgDKRLgGykQfDcpEhRPKRPQZykRSIMpEuCbKRB8t
ykSNM8pE7DnKRFpAykTBRspEJ03KRIVTykT0WcpEWmDKRMFmykQfbcpEjXPKROx5ykRSgMpE
wYbKRB+NykSFk8pE7JnKRFKgykS4pspEH63KRIWzykTsucpEUsDKRMHGykQnzcpEjdPKRPTZ
ykRS4MpEuObKRB/tykSF88pE7PnKRFIAy0S4BstEJw3LRIUTy0TsGctEUiDLRMEmy0QfLctE
hTPLROw5y0RSQMtEyUbLRCdNy0SNU8tEEFzLRCdhy0S4ZstEH23LRI1zy0TsectEUoDLRLiG
y0QfjctEhZPLRPSZy0RSoMtEuKbLRB+ty0SNs8tE7LnLRFLAy0S4xstEJ83LRIXTy0T02ctE
UuDLRLjmy0Qn7ctEjfPLRPT5y0RaAMxEwQbMRB8NzESNE8xE7BnMRFogzES4JsxEJy3MRIUz
zETsOcxEWkDMRLhGzEQnTcxEhVPMRPxZzERSYMxEuGbMRCdtzESFc8xE7HnMRFKAzES4hsxE
H43MRIWTzETsmcxEWqDMRLimzEQnrcxEhbPMROy5zERSwMxEuMbMRB/NzESF08xE9NnMRFrg
zETB5sxEH+3MRIXzzETs+cxEUgDNRLgGzUQnDc1EhRPNRPQZzURaIM1EuCbNRCctzUSNM81E
7DnNRFpAzUS4Rs1EJ03NRIVTzUTsWc1EUmDNRLhmzUQfbc1EhXPNRPR5zURagM1EwYbNRB+N
zUSFk81E7JnNRFqgzUS4ps1EH63NRIWzzUT0uc1EUsDNRLjGzUQfzc1EhdPNRL/bzUTd4M1E
uObNRCftzUSN881E9PnNRFoAzkS4Bs5EHw3ORIUTzkT0Gc5EWiDORMEmzkQnLc5EjTPOROw5
zkRSQM5EwUbORB9NzkSFU85E7FnORFJgzkS4Zs5EJ23ORIVzzkTsec5EWoDORLiGzkQnjc5E
jZPOROyZzkRSoM5EwabORB+tzkSFs85E9LnORFLAzkS4xs5EH83ORIXTzkTs2c5EUuDORMHm
zkQn7c5EhfPORPT5zkRSAM9EwQbPRB8Nz0SNE89E7BnPRFogz0S4Js9EHy3PRI0zz0TsOc9E
UkDPRMFGz0QfTc9EhVPPROxZz0RSYM9EwWbPRB9tz0SFc89E7HnPRFqAz0S4hs9EH43PRIWT
z0T0mc9EUqDPRLimz0Qfrc9EhbPPROy5z0RSwM9EwcbPRB/Nz0SN089E7NnPRFLgz0S45s9E
H+3PRIXzz0Ts+c9EUgDQRLgG0EQfDdBEhRPQRPQZ0ERSINBEuCbQRCct0ESNM9BE9DnQRFJA
0ES4RtBEH03QRIVT0ERkW9BEg2DQRLhm0EQnbdBEhXPQRPR50ERagNBEuIbQRB+N0ESFk9BE
7JnQRFqg0ETBptBEH63QRI2z0ET0udBE</AssayXData><AssayYData Points="600">Zj9QQDB4UEA0tlFAhF5SQCbOUkCxVVNAtWRUQApkVEAhclVAHeFVQMwQVkCw9lZAb7tXQJOp
V0DD4FhACYRZQP2eWUDMEVpAgAZbQJ9GW0CwdltAOaVcQPjLXEByHF1Aiv9dQJR9XkASr15A
AE9fQF/DX0DRFmBAoGlgQG9eYUAipWFAE0liQLMVY0B8YWNA2YdjQC5DZEDOq2RArcZkQL+h
ZUCY7WVASDFmQEz8ZkB/k2dAddpnQPegaEA7EWlALdFoQP+aaUDMS2pAMGtqQBHZakDVaWtA
crBrQGFdbEArGG1AuRFtQGRvbUBjSm5AwkduQGeubkAMWG9A0rJvQEKWb0Cwm3BAFBRxQCsr
cUBymXFAQTFyQNOZckB1oHJAUnZzQFPyc0BR7HNAsKt0QKkKdUBN83RA/qV1QLjIdUDJPHZA
j8V2QFv0dkBGG3dAqcN3QE3+d0A1fnhAreN4QNL1eEAJbnlAw5l5QCJaekDNdXpAknd6QAUq
e0ALY3tAe657QGEvfEBIq3xAMpt8QAEGfUBxan1A+qV9QBfufUCQx35AVnd+QOK0fkB8Y39A
taN/QIl2f0BzEIBAjxaAQPUhgEBSc4BAGLmAQMCZgEBixYBAIgiBQFItgUAWOYFA7m+BQFln
gUC1k4FAMeeBQDHKgUC594FAuVWCQLkUgkBtOoJAMY2CQHuNgkBcroJAedqCQPoFg0AW2oJA
dhiDQHZ1g0A3bYNAb5WDQJLVg0Awq4NAKbiDQFUOhECrP4RAniGEQOh3hEDjmYRAIkuEQLui
hEBk1YRAQsyEQAr1hED5NYVAXyyFQDdghUAUe4VAt2GFQMR5hUAxu4VAGNGFQAOuhUCT64VA
MDGGQBP/hUAkSIZApnOGQKNjhkDtcIZABaeGQMZ9hkBBnIZAn/eGQOPphkDs+IZADiqHQI83
h0DWH4dAHnyHQPZhh0A3WYdA3rCHQN+oh0DZs4dAAteHQFMJiEAbFIhA3vKHQPRciECDM4hA
OVuIQBiWiEBqmohApZuIQMKpiECUr4hA5LKIQF/iiEAzHIlAMeyIQP08iUDPQYlA0TSJQMhU
iUBShIlAPESJQDWFiUCpsIlAdYKJQJagiUAfp4lASMOJQB3MiUCEJ4pA2B6KQA0PikCTM4pA
1E6KQPcmikCCXYpAbI6KQDdmikD4YopArJOKQGfOikAw0YpAzjyLQJbhikCz3opAGCSLQAMu
i0ADNItALWeLQARmi0BWW4tArImLQHOTi0CzjotAjamLQFuti0BKvotAor+LQOYZjEBIGoxA
mwSMQGcyjECTSoxAJy2MQG4/jEA8YoxAXFOMQCyfjECDf4xAcnKMQIiMjECeyIxAkcuMQKSr
jEAj9oxA7dOMQMQAjUDaRI1AvRiNQEP5jEAAOY1AcTeNQD9TjUBoc41AmnaNQCGAjUDecY1A
95+NQMaTjUBMoI1AC7+NQDi8jUCqx41AkwWOQP/jjUDk1o1Axh2OQJM+jkA+/41AtlOOQEdl
jkCmdo5AVl+OQBl1jkCTeo5A0YiOQLKOjkAxgI5A34aOQAu3jkBn0I5AnJ6OQIYFj0Bn2o5A
6emOQMMrj0D1AY9AMgKPQLAfj0CLVY9AUi+PQGIqj0DhhY9AiVKPQExgj0BRcI9AaICPQB2A
j0DMrI9AXbWPQE2Zj0Ar3o9APd+PQCTMj0CCDpBAUvuPQIr4j0Dr849ANSSQQJAMkEAwAJBA
ODqQQEs0kECMO5BACGiQQKtrkEBvU5BADpeQQPyLkEDxXJBAyZeQQECikEAKdJBAuOKQQP7P
kECw3ZBAQKSQQCzbkEDc9pBAlf2QQPXtkECyC5FAA/+QQG8ZkUDqFZFA8xWRQOg6kUAFNJFA
YiqRQMRwkUAHg5FARFeRQFxSkUC+eZFA0oCRQGJYkUDxipFAqKyRQJJ2kUA7mpFAkNmRQPS6
kUCA0JFAW9qRQBW1kUACDpJAJB+SQB7vkUDMFJJAUj2SQAUDkkCaMpJA/z2SQMw7kkDNQZJA
sF2SQLJhkkDhSpJAaH+SQE6AkkCMh5JAabySQHp5kkDhn5JAZK2SQOoDk0BPrJJA19OSQIvF
kkCaw5JAxMuSQAX5kkB8D5NAtfmSQFYhk0AME5NAlxKTQNY5k0BHQJNARCmTQENUk0DQbpNA
hlGTQG1Uk0A3dZNAGliTQOmKk0D9fJNAEoiTQKt5k0B4zZNAVpCTQFSYk0Cj1pNAg6+TQO2W
k0Af4JNA29CTQBW6k0D2G5RATzqUQN/ak0BlEpRAqBWUQAj2k0DBLZRACFKUQHQYlEBvM5RA
+0CUQMdYlECtJJRAKVuUQIhslECaWZRAfHWUQKaRlECqV5RAQIWUQF+mlEAxi5RAsoGUQE6t
lECTxZRAma2UQMvvlEAKsZRAxNWUQHDplECY+ZRAruiUQF4IlUB0HJVAZeGUQM7ulEBGPZVA
ffqUQIkklUCXO5VAIEOVQI0ClUAvTpVAcVeVQLE9lUDIapVAOWeVQHxtlUBNsJVAYKqVQMKD
lUDZmJVAqraVQD2IlUA5w5VAW6uVQC+nlUB3n5VAucaVQIW/lUAE65VAvuWVQMnslUB08pVA
MvaVQLrvlUB87JVA7RiWQDkblkAp85VAiRaWQIc6lkAtRJZAZC+WQJFFlkAiPpZA9iSWQGJl
lkCGSpZANF+WQHR/lkADbJZAvkqWQI16lkAwupZAqaeWQBi0lkC2wZZArYCWQCLNlkDd2ZZA
XZ6WQLmolkC7ypZAx7uWQNWxlkAs35ZA6MmWQMG2lkD9F5dAQAWXQDzSlkB9KpdA6wKXQH0I
l0AbL5dAIEGXQNf4lkDtNJdANWCXQFxNl0CcO5dARUeXQLo0l0AeRZdAI5eXQG9dl0DVZpdA
o5SXQGKJl0C5S5dA5meXQFywl0BIZ5dAunSXQLC1l0DSoJdAu8mXQCK9l0D5zpdAFraXQJLc
l0DgxZdAGr+XQIsOmECMA5hADMWXQB/vl0AIGphAFwuYQKr5l0DVL5hA6eeXQGIZmEBLHJhA
FAKYQLwSmEDPQphAfjqYQIcnmEBORZhAg1CYQIlBmECdQphABmKYQGI7mECzZ5hA7VSYQAV4
mEBZb5hA+ZqYQKhvmEBQiZhAZaOYQHN4mECrkphA38WYQOWbmEDAxZhAHLaYQJrMmECAv5hA
tbeYQCPQmEDWuJhAzM6YQNTamEAt2JhA</AssayYData></Step><Step><CommonData><SampleLocation>3</SampleLocation><SampleID>Octet Buffer</SampleID><SampleGroup></SampleGroup><SampleInfo></SampleInfo><SampleRow>A</SampleRow><SamplePlate>1</SamplePlate><WellType>BUFFER</WellType><Concentration>-1</Concentration><ConcentrationUnits>µg/ml</ConcentrationUnits><MolarConcentration>-1</MolarConcentration><MolarConcUnits>nM</MolarConcUnits><MolecularWeight>0</MolecularWeight><Temperature>30</Temperature><StartTime>1961362</StartTime><AssayTime>100</AssayTime></CommonData><FlowRate>1000</FlowRate><StepType>BASELINE</StepType><StepName>Baseline</StepName><StepStatus>OK</StepStatus><ActualTime>100</ActualTime><CycleTime>0.2</CycleTime><AssayXData Points="500">W8DQRMHG0EQozdBEjtPQRPXZ0ERj4NBEwebQRDDt0ESO89BE/fnQRGMA0UTBBtFEKA3RRJYT
0UT1GdFEWyDRRMEm0UQoLdFEjjPRRPU50URjQNFEykbRRDBN0USOU9FE/VnRRFtg0UTBZtFE
KG3RRI5z0UT1edFEW4DRRMGG0UQwjdFEjpPRRPWZ0URjoNFEwabRRCit0USOs9FE/bnRRFvA
0UTKxtFEMM3RRI7T0UT92dFEY+DRRMrm0UQw7dFEjvPRRPX50URjANJEwQbSRCgN0kSWE9JE
/RnSRGMg0kTBJtJEMC3SRI4z0kT9OdJEW0DSRMpG0kQoTdJEjlPSRP1Z0kRbYNJEwWbSRCht
0kSOc9JE9XnSRFuA0kTKhtJEKI3SRI6T0kT9mdJEW6DSRMGm0kQordJEjrPSRPW50kRbwNJE
ysbSRCjN0kSW09JE9dnSRFvg0kTB5tJEKO3SRI7z0kT1+dJEYwDTRMEG00QwDdNEjhPTRPUZ
00RjINNEyibTRCgt00SOM9NE9TnTRFtA00TKRtNEME3TRI5T00T1WdNEY2DTRMFm00QobdNE
jnPTRP1500RrgNNEwYbTRCiN00SOk9NE/ZnTRFug00TBptNEKK3TRI6z00T1udNEW8DTRMrG
00QozdNEltPTRPXZ00Rj4NNEyubTRCjt00SO89NE9fnTRGMA1ETBBtREKA3URI4T1ET1GdRE
YyDURMom1EQwLdREjjPURP051ERjQNREykbURChN1ESOU9RE/VnURGNg1ETBZtREMG3URI5z
1ET1edREW4DURMqG1EQojdRElpPURPWZ1ERboNREwabURCit1ESWs9RE9bnURGPA1ETKxtRE
KM3URI7T1ET12dREW+DURMrm1EQo7dRElvPURPX51ERjANVEygbVRCgN1USWE9VE9RnVRFsg
1UTBJtVEMC3VRJYz1UT9OdVEW0DVRMpG1UQwTdVEllPVRPVZ1URbYNVEymbVRDBt1USOc9VE
9XnVRFuA1UTKhtVEMI3VRI6T1UT1mdVEW6DVRMGm1UQwrdVEjrPVRPW51URjwNVEwcbVRCjN
1USW09VE9dnVRFvg1UTK5tVEKO3VRI7z1UT1+dVEWwDWRMoG1kQoDdZEjhPWRPUZ1kRbINZE
wSbWRCgt1kSOM9ZE9TnWRFtA1kTBRtZEME3WRI5T1kT9WdZEY2DWRMpm1kQobdZElnPWRPV5
1kRjgNZEyobWRCiN1kSOk9ZE9ZnWRFug1kTBptZEKK3WRI6z1kT9udZEW8DWRMHG1kQwzdZE
jtPWRP3Z1kRb4NZEwebWRCjt1kSW89ZE9fnWRFsA10TBBtdEKA3XRJYT10T1GddEYyDXRMom
10QoLddEETTXRPU510RbQNdEykbXRDBN10SWU9dE9VnXRFtg10TKZtdEKG3XRJZz10T1eddE
W4DXRMqG10QwjddEjpPXRPWZ10RboNdEwabXRCit10SOs9dE/bnXRFvA10TBxtdEMM3XRJbT
10T12ddEY+DXRMHm10Qo7ddElvPXRPX510RbANhEwQbYRCgN2ESOE9hE9RnYRFsg2ETBJthE
MC3YRI4z2ET1OdhEY0DYRMFG2EQoTdhEjlPYRPVZ2ERbYNhEymbYRCht2ESOc9hEBXrYRFuA
2ETBhthEMI3YRJaT2ET1mdhEW6DYRMqm2EQwrdhElrPYRPW52ERbwNhEwcbYRCjN2ESW09hE
9dnYRFvg2ETK5thEKO3YRJbz2ET1+dhEWwDZRMoG2UQoDdlElhPZRPUZ2URjINlEwSbZRDAt
2USOM9lE9TnZRGNA2UTBRtlEKE3ZRI5T2UT1WdlEW2DZRMFm2UQwbdlElnPZRPV52URbgNlE
wYbZRCiN2USWk9lE9ZnZRFug2UTKptlEKK3ZRJaz2UT1udlEY8DZRNLG2UQozdlEjtPZRP3Z
2URb4NlEyubZRCjt2USO89lE/fnZRFsA2kTBBtpEKA3aRI4T2kT1GdpEWyDaRMom2kQoLdpE
jjPaRPU52kRbQNpEykbaRChN2kSOU9pE/VnaRGNg2kTBZtpEMG3aRI5z2kT1edpEY4DaRMqG
2kQojdpEjpPaRPWZ2kRboNpEwabaRDCt2kSOs9pE/bnaRGPA2kTKxtpEMM3aRI7T2kT92dpE
W+DaRMHm2kQo7dpEjvPaRP352kRjANtEwQbbRCgN20SOE9tE9RnbRFsg20TKJttEMC3bRI4z
20T9OdtEY0DbRMFG20QoTdtEjlPbRP1Z20RjYNtEymbbRCht20SWc9tE/XnbRFuA20TBhttE
MI3bRI6T20T9mdtEY6DbRMGm20QwrdtEjrPbRPW520RbwNtEysbbRCjN20SW09tE9dnbRFvg
20TB5ttEKO3bRJbz20T1+dtEYwDcRMEG3EQoDdxElhPcRPUZ3ERbINxEwSbcRCgt3ESWM9xE
/TncRGNA3ETBRtxEME3cRI5T3ET1WdxEY2DcRMFm3EQobdxElnPcRAV63ERbgNxEwYbcRCiN
3ESWk9xE9ZncRGOg3ETBptxEKK3cRJaz3ET1udxEW8DcRMrG3EQozdxEjtPcRPXZ3ERb4NxE
webcRDDt3ESO89xE/fncRGMA3UTKBt1EKA3dRI4T3UT9Gd1EYyDdRMEm3UQoLd1EjjPdRPU5
3UQ=</AssayXData><AssayYData Points="500">VAeYQDh2mEDjfJhAmIyYQOiWmEC2q5hAko+YQCGzmEDaqJhAsbWYQBqcmEBAt5hA3bWYQEKa
mEDmzJhAAbyYQPewmEAh0ZhA0qKYQL7AmEDS5ZhACLmYQDO0mEDWtJhAxAOZQKvPmEBJtJhA
M8mYQFD6mECixphAZPCYQLTUmECU0phAlN2YQJPpmECD5phAC/iYQNvhmEBYAJlAxf2YQAsd
mUCmC5lARfGYQHjpmEC4BZlAXA2ZQIvtmECWDZlA0A2ZQN0FmUD2LJlAlSWZQCkNmUDX7JhA
7w2ZQBX1mECAKJlA2AeZQCYjmUC7DJlAAAiZQE4BmUCEB5lATB6ZQIMWmUCdGZlAIjOZQG8C
mUDyE5lAzQWZQOAqmUBmVZlAWhuZQAUImUDVMJlASjqZQE4wmUBmKplAFTyZQOwamUBK7phA
rxuZQMcgmUCENJlAezWZQGsTmUBiJplA9j2ZQLE0mUB5PJlAdS2ZQDVGmUAULplAGh+ZQLMi
mUDQH5lAkEOZQC86mUCZV5lAT0KZQAU5mUC6VZlAjDSZQM9LmUC5X5lA5CuZQDBAmUA5VJlA
uW+ZQGNDmUDyRplAFDaZQOIvmUDWWplAt2eZQPJWmUCBhplABlWZQKNKmUDlRZlALEKZQEde
mUAdK5lABDiZQMcvmUCwW5lAUXWZQOtfmUBiVplA6FKZQL9mmUCWV5lAn2+ZQNRHmUD5T5lA
5WuZQC2DmUDocJlABnOZQKtsmUBIY5lA5lKZQBJpmUDwb5lAr4qZQDOOmUC7rZlASGiZQOlu
mUBwhplA22SZQBJumUA2mJlADm2ZQGRZmUC4oZlAPn2ZQDeHmUCWpplAS5CZQFVsmUDjjplA
D4uZQAGJmUBVoplAHpWZQOGCmUBThZlAaZOZQHlrmUClq5lA33qZQCyVmUD7m5lApbCZQNOG
mUD0Z5lAUJaZQPuemUDAmZlAOq+ZQHe2mUAPfplA/s2ZQPOhmUDujplAW6aZQNjRmUAAdJlA
bpuZQISomUAaq5lAZrCZQLywmUC3ZZlAU56ZQNaDmUDqyplAeNeZQLKlmUC/u5lAM8CZQJO6
mUAOnJlA5rGZQOe2mUBmsZlAj72ZQA+5mUBtvJlAScCZQBKqmUC9xJlAGq6ZQNCxmUBDrJlA
zqSZQBPimUAUwZlAHr+ZQBGNmUD5vZlAXrCZQICwmUCSw5lAfsSZQJCMmUB4vplAg8eZQMeg
mUBT0ZlA+MSZQFG/mUCRr5lAj7+ZQA68mUA0mJlAasGZQJKgmUCdtZlAG+aZQM6/mUAh7plA
kM6ZQJnWmUA5uZlA27OZQJi2mUA6uplAWbuZQLwHmkCUxJlAaPKZQAb1mUC74ZlA6Q6aQKXn
mUDtwJlA+PGZQLTPmUBRvZlArc2ZQO7CmUDJz5lAgdiZQAngmUCi0ZlAeOWZQBrUmUCZ7plA
QOSZQFgKmkBx7JlAnOmZQIzfmUBN4plAQP2ZQK//mUBKyZlADweaQIQMmkDyE5pAfhqaQN/q
mUCH6JlAKQiaQKv4mUDlAJpA1huaQLwfmkB5FppAiQOaQLcLmkCj/ZlA0C2aQD4cmkAv/ZlA
0QaaQNsDmkAu8JlA6fKZQJgimkA1HppAGkuaQKAlmkBKGZpAkBWaQH4amkAVHJpAEDqaQIse
mkDTKZpAUwSaQEgsmkBtCZpAZDKaQBoumkA7SJpA9iaaQBJGmkCITJpANUOaQNM0mkDgPZpA
MkWaQPkkmkByRJpAqmaaQCcZmkBQMJpAcCqaQLI1mkDAP5pAokSaQMVQmkChQJpASk2aQDUz
mkBDTZpAgkSaQNc8mkDJRJpAJz2aQDM7mkCnSJpAmR6aQBFTmkCOU5pA2DKaQBqPmkAfUppA
FXOaQNRAmkBZX5pA2TuaQP5XmkCpLJpAekeaQEtzmkC7VJpAizWaQE1UmkBPP5pAxEKaQIla
mkA1fppAUFGaQGFLmkAkaZpA016aQK9tmkDmYZpA5kOaQO1emkCFUJpAcmGaQMBDmkCwVJpA
82SaQG5cmkB1d5pAdHiaQPJsmkCwSppAQ2OaQG9WmkBVZppAYUaaQA1qmkDjcJpAPWCaQF19
mkB/a5pAopCaQKJ1mkByZppApHqaQOCPmkC6ZZpA95KaQJiFmkAQa5pARJCaQPmcmkAZeppA
AqiaQDJ4mkDYnppAoneaQOqomkACoJpAa6WaQKqNmkD2c5pApHaaQOekmkAUnppA3oyaQCWK
mkDup5pA65iaQP11mkC3qJpA5q2aQL14mkCs25pA16GaQAl5mkAFpZpAwoGaQIaZmkDjrZpA
m6WaQMuTmkDft5pAyqiaQJOZmkDUk5pAI9uaQLi7mkAGiJpAc8CaQGermkAbxJpAPb2aQEe5
mkA/s5pAc9uaQN2JmkAnoZpAa6uaQMiYmkAGs5pAdZWaQIKWmkBGkJpAd7GaQLS9mkD+0ppA
nMKaQMafmkDIsZpAZc6aQFPmmkDM1JpAYOiaQDy1mkDk05pAAdGaQMSmmkB3y5pAacaaQOjQ
mkCz0ZpAkaSaQDbbmkAb8ppAzOWaQATNmkDf2ZpApaKaQAXXmkDXqJpANsKaQJzImkBT7JpA
YrSaQDvQmkCXw5pAVNCaQJ7amkCN1ZpAluSaQC+lmkAZ1ZpAHfiaQPvgmkBO0JpAIOSaQDbg
mkA=</AssayYData></Step><Step><CommonData><SampleLocation>4</SampleLocation><SampleID>hsCD3d/e_Acro_CDD-H52W1</SampleID><SampleGroup></SampleGroup><SampleInfo></SampleInfo><SampleRow>A</SampleRow><SamplePlate>1</SamplePlate><WellType>KSAMPLE</WellType><Concentration>-1</Concentration><ConcentrationUnits>µg/ml</ConcentrationUnits><MolarConcentration>200</MolarConcentration><MolarConcUnits>nM</MolarConcUnits><MolecularWeight>0</MolecularWeight><Temperature>30</Temperature><StartTime>2069637</StartTime><AssayTime>180</AssayTime></CommonData><FlowRate>1000</FlowRate><StepType>ASSOC</StepType><StepName>Association</StepName><StepStatus>OK</StepStatus><ActualTime>180.001</ActualTime><CycleTime>0.2</CycleTime><AssayXData Points="900">W0DdRMFG3UQwTd1EllPdRPVZ3URbYN1EymbdRCht3USWc91E9XndRFuA3UTBht1EKI3dRI6T
3UT9md1EY6DdRNKm3UQord1EjrPdRPW53URbwN1EysbdRCjN3USO091E/dndRFvg3UTB5t1E
KO3dRJbz3UT1+d1EWwDeRMEG3kQoDd5EjhPeRP0Z3kRjIN5EwSbeRDAt3kSOM95E9TneRFtA
3kTBRt5EKE3eRI5T3kT9Wd5EW2DeRMpm3kQobd5En3PeRP153kRbgN5EwYbeRCiN3kSWk95E
9ZneRFug3kTBpt5EKK3eRI6z3kT9ud5EW8DeRMHG3kQ4zd5EltPeRP3Z3kRj4N5EyubeRDDt
3kSO895E9fneRFsA30TBBt9EKA3fRI4T30T1Gd9EYyDfRMom30QoLd9EjjPfRAU630RjQN9E
wUbfRDBN30SfU99E9VnfRFtg30TKZt9EKG3fRI5z30T1ed9EW4DfRMGG30Qwjd9ElpPfRPWZ
30RjoN9EyqbfRCit30SOs99E/bnfRFvA30TKxt9EKM3fRJbT30T12d9EY+DfRMHm30Qw7d9E
lvPfRPX530RbAOBEygbgRDAN4ESOE+BE9RngRFsg4ETBJuBEMC3gRI4z4ET1OeBEY0DgRMFG
4EQoTeBEllPgRPVZ4ERbYOBEymbgRCht4ESWc+BE/XngRFuA4ETBhuBEKI3gRI6T4ET9meBE
W6DgRMqm4EQ4reBEjrPgRAW64ERjwOBEwcbgRCjN4ESW0+BE/dngRGvg4ETK5uBEMO3gRI7z
4ET1+eBEWwDhRMEG4UQwDeFEjhPhRPUZ4URbIOFEyibhRCgt4USWM+FE9TnhRGtA4UTBRuFE
KE3hRI5T4UT1WeFEW2DhRMFm4UQwbeFElnPhRPV54URbgOFEyobhRCiN4USOk+FE9ZnhRFug
4UTKpuFEKK3hRJaz4UT1ueFEW8DhRMHG4UQwzeFEltPhRPXZ4URb4OFEwebhRCjt4USO8+FE
9fnhRGMA4kTKBuJEKA3iRI4T4kT9GeJE9yDiRMEm4kQoLeJEjjPiRP054kRbQOJEwUbiRDBN
4kSWU+JE9VniRFtg4kTBZuJEKG3iRJZz4kT9eeJEW4DiRMGG4kQojeJElpPiRP2Z4kRboOJE
wabiRCit4kSOs+JE/bniRFvA4kTKxuJEKM3iRI7T4kT92eJEW+DiRMHm4kQo7eJElvPiRPX5
4kRbAONE0gbjRCgN40SfE+NE/RnjRFsg40TBJuNEKC3jRJYz40T1OeNEY0DjRMFG40QoTeNE
llPjRP1Z40RbYONEwWbjRCht40SOc+NE/XnjRFuA40TKhuNEKI3jRI6T40T1meNEW6DjRMGm
40QoreNEjrPjRPW540RbwONEwcbjRCjN40SO0+NE/dnjRFvg40TK5uNEKO3jRI7z40T1+eNE
YwDkRMEG5EQoDeRElhPkRP0Z5ERjIOREyibkRCgt5ESWM+RE/TnkRFtA5ETBRuREME3kRJZT
5ET1WeREW2DkRMFm5EQobeREjnPkRP155ERbgOREyobkRDCN5ESOk+RE9ZnkRLWg5ETBpuRE
MK3kRJaz5ET1ueREY8DkRMrG5EQozeREltPkRPXZ5ERj4OREwebkRCjt5ESW8+RE/fnkRFsA
5UTBBuVEKA3lRI4T5UT9GeVEWyDlRMEm5UQoLeVEjjPlRPU55URjQOVEykblRDBN5USOU+VE
9VnlRFtg5UTBZuVEMG3lRI5z5UT1eeVEW4DlRMGG5UQwjeVEjpPlRAWa5URjoOVEwablRCit
5USWs+VE/bnlRFvA5UTBxuVEMM3lRI7T5UT12eVEY+DlRMHm5UQo7eVEjvPlRPX55URbAOZE
ygbmRCgN5kSOE+ZE/RnmRGMg5kTKJuZEKC3mRI4z5kT9OeZEW0DmRMpG5kQoTeZEllPmRPVZ
5kRbYOZEymbmRCht5kSOc+ZE9XnmRGOA5kTKhuZEKI3mRI6T5kT9meZEY6DmRMGm5kQoreZE
jrPmRP255kRjwOZEwcbmRDDN5kSO0+ZE/dnmRGPg5kTB5uZEKO3mRJbz5kT9+eZEWwDnRNIG
50QoDedEjhPnRPUZ50RRIedEyibnRCgt50SOM+dE/TnnRGNA50TBRudEME3nRJZT50T1WedE
W2DnRMFm50QobedEjnPnRP1550RjgOdEyobnRCiN50SOk+dE/ZnnRGug50TKpudEKK3nRJaz
50T9uedEW8DnRMHG50QwzedEjtPnRP3Z50Rj4OdEwebnRCjt50SO8+dE/fnnRGMA6ETBBuhE
MA3oRI4T6ET1GehEYyDoRMEm6EQwLehEjjPoRPU56ERbQOhEykboRDBN6ESWU+hE9VnoRGNg
6ETBZuhEMG3oRJZz6ET9eehEY4DoRMGG6EQojehEjpPoRP2Z6ERboOhEwaboRCit6ESWs+hE
9bnoRGPA6ETBxuhEKM3oRI7T6ET12ehEY+DoRMHm6EQo7ehEjvPoRPX56ERbAOlEygbpRDAN
6USOE+lE/RnpRGMg6UTBJulEKC3pRI4z6UT1OelEY0DpRMFG6UQoTelEjlPpRP1Z6URbYOlE
wWbpRCht6USOc+lE/XnpRFuA6UTBhulEKI3pRI6T6UT9melEB6HpRMqm6UQorelEjrPpRP25
6URjwOlEwcbpRCjN6USO0+lE9dnpRGPg6UTB5ulEMO3pRJbz6UT1+elEWwDqRMEG6kQwDepE
lhPqRPUZ6kRjIOpEwSbqRDAt6kSOM+pE9TnqRFtA6kTBRupEME3qRI5T6kT1WepEY2DqRMFm
6kQwbepEjnPqRPV56kRjgOpEyobqRCiN6kSWk+pE/ZnqRGOg6kTKpupEKK3qRI6z6kT1uepE
Y8DqRMrG6kQozepEjtPqRPXZ6kRb4OpEyubqRCjt6kSW8+pE9fnqRFsA60TBButEMA3rRI4T
60T9GetEYyDrRMom60QwLetEjjPrRP0560RbQOtEwUbrRChN60SWU+tE9VnrRGNg60TKZutE
KG3rRJZz60T1eetEY4DrRMGG60QojetElpPrRPWZ60RboOtEyqbrRCit60SOs+tE/bnrRFvA
60TBxutEKM3rRI7T60T92etEW+DrRMHm60Qw7etElvPrRP3560RbAOxEwQbsRCgN7ESWE+xE
/RnsRMUg7ETKJuxEKC3sRJYz7ET9OexEY0DsRMFG7EQoTexEjlPsRPVZ7ERbYOxEwWbsRCht
7ESOc+xE9XnsRGOA7ETBhuxEKI3sRI6T7ET1mexEW6DsRMGm7EQorexEjrPsRP257ERbwOxE
ysbsRCjN7ESf0+xE/dnsRGPg7ETB5uxEKO3sRI7z7ET1+exEWwDtRMoG7UQwDe1EjhPtRP0Z
7URbIO1EwSbtRCgt7USOM+1E/TntRFtA7UTBRu1EKE3tRI5T7UT9We1EW2DtRMFm7UQwbe1E
jnPtRAV67URbgO1EyobtRCiN7USWk+1E9ZntRGOg7UTBpu1EKK3tRJaz7UQFuu1EW8DtRMrG
7UQoze1EjtPtRPXZ7URj4O1EyubtRCjt7USW8+1E9fntRFsA7kTKBu5EKA3uRJYT7kT9Ge5E
WyDuRMEm7kQoLe5EljPuRPU57kRbQO5EwUbuRChN7kSWU+5E9VnuRGNg7kTBZu5EKG3uRI5z
7kT1ee5EW4DuRMqG7kQoje5EjpPuRPWZ7kRboO5EwabuRCit7kSOs+5E9bnuRGPA7kTBxu5E
MM3uRJbT7kT12e5EY+DuRMHm7kQo7e5ElvPuRP357kRbAO9EwQbvRCgN70SWE+9E/RnvRGsg
70TBJu9EMC3vRI4z70T9Oe9Ea0DvRMFG70QwTe9EjlPvRPVZ70RjYO9EwWbvRCht70SWc+9E
9XnvRFuA70TBhu9EMI3vRI6T70T9me9EW6DvRMGm70Qore9ElrPvRPW570RbwO9EwcbvRCjN
70SO0+9E9dnvRGPg70TB5u9EMO3vRI7z70T9+e9EawDwRMoG8EQwDfBEjhPwRPUZ8ERjIPBE
yibwRCgt8ESWM/BE9TnwRGNA8ETBRvBEME3wRJZT8ET1WfBEY2DwRMpm8EQwbfBEjnPwRP15
8ERbgPBEyobwRCiN8ESWk/BE/ZnwRFug8ETBpvBEMK3wRI6z8ET1ufBEY8DwRMHG8EQozfBE
jtPwRPXZ8ERj4PBE0ubwRCjt8ESO8/BE/fnwRFsA8UTBBvFEMA3xRI4T8UT1GfFEByHxRMEm
8UQoLfFEljPxRPU58URjQPFEwUbxRChN8USOU/FE/VnxRGNg8UTBZvFEKG3xRI5z8UT9efFE
Y4DxRMGG8UQojfFEjpPxRPWZ8URboPFEwabxRCit8USOs/FE9bnxRFvA8UTKxvFEKM3xRI7T
8UT12fFEW+DxRMrm8UQo7fFEjvPxRP358URjAPJEwQbyRDAN8kSWE/JE9RnyRFsg8kTKJvJE
KC3yRI4z8kT9OfJEW0DyRMFG8kQoTfJEjlPyRP1Z8kRbYPJEwWbyRCht8kSWc/JE9XnyRFuA
8kTBhvJEKI3yRI6T8kT9mfJEW6DyRMGm8kQorfJElrPyRPW58kRjwPJEysbyRCjN8kSW0/JE
/dnyRFvg8kTz5vJEKO3yRI7z8kT9+fJEWwDzRMoG80QwDfNEjhPzRP0Z80RjIPNEwSbzRCgt
80SOM/NE9TnzRFtA80TKRvNEKE3zRI5T80T1WfNEY2DzRMpm80QobfNEjnPzRPV580RbgPNE
yobzRDCN80SOk/NE9ZnzRFGh80TSpvNEKK3zRI6z80T9ufNE</AssayXData><AssayYData Points="900">nf2aQKV4m0CftJtAwtebQN8xnEAZTJxADC+cQJ5ZnECWiZxAw5acQPu5nEAmzpxAndecQKb/
nEAeJZ1ARD2dQPlAnUAqa51ApGmdQCptnUBieJ1AnaOdQMWunUBP5p1A1vCdQGXlnUBu251A
gwueQMzgnUCn/51AMeqdQAMfnkDUPJ5AFRqeQEscnkDeDZ5A+DmeQJpnnkBLQJ5AEmWeQCVu
nkDbXZ5AIn2eQNB5nkAxk55AHaGeQOF5nkCGr55AppqeQOCRnkAAy55ATrKeQP7NnkBuv55A
+7aeQJTwnkBPzp5AsMeeQFLcnkA8yJ5AnPaeQEThnkB/MZ9AXO+eQGLrnkDDHZ9APBGfQFAG
n0DGFJ9AJjCfQAQZn0CkKJ9AEkCfQCMUn0BpRJ9APSGfQJhPn0DAOZ9AID+fQBlPn0AmRZ9A
pVqfQPhpn0CuXp9AAWWfQHpyn0AmWJ9AA2yfQLGHn0CIfp9AQY+fQAuDn0BPiJ9AGY6fQJqY
n0CFkJ9Ap42fQD68n0AKtJ9AFKifQJTDn0BMoJ9AT7CfQL7Nn0Aiyp9A+76fQA+0n0A10p9A
0NOfQJ3An0C/359AH9yfQFLnn0Dt659AGc6fQHXbn0BPE6BAINmfQMHon0A4AqBAceefQLsD
oEB8D6BAEfCfQF0ToEBi4J9ApBigQEv/n0DwPaBADjegQJoioECXHqBAeSSgQKEfoEAXHqBA
yRKgQFkaoECaLqBAqkSgQLQ6oEA2NKBAY3qgQMFwoEC6KaBAn12gQKBooEBBX6BA7aigQMx+
oEAzf6BAnWOgQP9/oEBsYaBASW+gQN6FoECSbaBABY+gQGVooEDdcKBAaGOgQFyJoECElaBA
nqugQPG+oEB6rKBAG5WgQHiHoEDP0KBAO5OgQEWboEAyxqBAdoygQKmVoEAezaBA6segQC3A
oEB+vKBAy9KgQNevoEAzw6BAM9SgQMS/oEAzz6BAiPegQH3foEBa2qBA8+OgQOTeoEDp/aBA
gM6gQLjRoEDiAKFAGyWhQEUwoUDq/KBA0OWgQPYqoUCKEKFALRehQOEjoUDJLqFAdwmhQFky
oUCGGqFAszShQGUuoUCDKqFAIhWhQJUqoUCqMqFAX2ehQAJOoUCrS6FAoTehQJ1ToUAGTqFA
AjehQAlXoUDVSaFAQGihQLtqoUAqSKFAAEKhQBqOoUDte6FAPn6hQFxzoUAPg6FAXoWhQJ5N
oUBCh6FAhYWhQGyjoUBJcKFA5oShQBZloUBAmKFAOI+hQNt5oUB0mqFAbu6hQKl0oUDtsKFA
pqChQN+RoUDctqFA6bWhQIC7oUAwrKFAao2hQBjRoUBct6FAkLuhQDjaoUCfxKFA3cihQC0H
okB1vaFA4d+hQIraoUBE1KFAOdyhQOPfoUDs4qFABvOhQGLnoUDc/6FAEAWiQHPpoUDpCqJA
NgCiQG/0oUCo8aFABwCiQDvkoUBGGqJAaPahQAX/oUDeG6JAXR6iQEHqoUAQEqJAvB2iQBz+
oUCX5qFA9fuhQAAYokBJH6JAdR+iQHw+okDg+KFAISaiQGw8okAF/6FAmSiiQK4zokAQPKJA
7hKiQAAxokCNHqJALUeiQE5lokBMPqJAWkiiQABEokClR6JAyReiQNxlokChaKJA40aiQHVt
okDyTqJAHDCiQEgvokD1TKJAGk6iQJRhokC0jqJA/F2iQIh5okB+aKJAXFqiQEOIokA9wKJA
F4uiQPh+okCkkqJAbK6iQHeZokCbuqJA26uiQCttokDOhqJAJZ6iQKCPokAzlqJAcqeiQMuu
okDPpqJAZKyiQO18okB6qKJAfceiQO/FokBMsKJAi8uiQHXWokAvmaJA+OyiQOHXokCDvqJA
eNCiQOX6okCIy6JATs6iQGfjokAW3KJA0MaiQPPPokAl/qJAcb6iQGf1okBf9KJAG+WiQMrd
okBt7aJAMtqiQMHiokAz9aJAnuuiQHEKo0AhJ6NATAmjQBUFo0DyBaNApRujQLnsokCJGqNA
GRmjQLH7okBqK6NAEjCjQOb8okAFS6NAPSajQK80o0CFWaNAzCSjQLFRo0BmOKNAriijQH1g
o0DjSKNAXX+jQFZfo0BaPaNA4nyjQFZZo0DCSqNA1mCjQFFbo0A8aaNAdmejQOqVo0AEcqNA
1lyjQNyNo0CEcqNARWSjQHlzo0CfWaNAu1mjQIh+o0Dte6NACEejQBx/o0B0bqNAf0SjQJZt
o0DggKNANV6jQPl5o0DJVqNAdXOjQOeco0CQkKNAjo2jQJ+Io0AqnaNAa4CjQFqIo0DUoKNA
7bijQMbTo0BXiKNAUb+jQEOxo0D4s6NAKamjQNu7o0AdrKNA3dyjQOmjo0BAtKNA0aujQNbH
o0AmqaNA4e6jQMG/o0BetKNA+P+jQKYGpEAV6aNA89qjQKf9o0DF3KNA9vejQHwDpEC/7qNA
1fajQHwSpEB276NAPd2jQKELpECA8aNAYPujQFQRpEAcCqRA09mjQHAcpEBtIKRApwGkQCkQ
pEAY+KNA7/2jQAgWpEARHaRAehCkQKEOpEDKJ6RAszykQNIspEDEC6RAOCykQOP1o0BRHaRA
aD6kQBAupECHH6RAbSekQEUnpEB5VKRAaVCkQBIjpED+PqRAfEikQNQ4pEBEMaRAYT+kQDtI
pEBGP6RAJFykQPY4pECBN6RAlzqkQGFppEAsY6RAi0ukQHtMpEAjcaRAMjmkQHZqpED/WqRA
hzqkQOd1pEBoeKRAgXWkQFp+pECGk6RAcHykQDtvpECpj6RAuG6kQJV2pEChcaRAiU6kQNBy
pECFZqRAJ4mkQFaXpEChnqRA+YOkQAOZpEA4h6RAHKykQCprpECBuqRAsKWkQNSRpECqkKRA
IIqkQL6RpECqnqRAP66kQMzCpEB4q6RAXKikQLm5pEAilaRA3NOkQLrJpECNnKRAv9GkQOh7
pEDLsqRAQJekQArmpEB10aRABNWkQPmvpEDwx6RAecqkQMv1pEBM6KRA4qKkQFPPpEC696RA
5cOkQBrppEC226RAWvWkQKHKpEC58aRAbu6kQAznpED95KRAMfqkQNIPpUDGxaRARwSlQI7M
pECZBqVAzfmkQMUCpUDn/aRAjgylQDIJpUBUJKVAnh+lQBcQpUBa+6RAvwKlQBIhpUANBaVA
uDOlQFw2pUBP96RAnCClQCU+pUDU6qRA8gelQDgdpUAzGaVArDelQF8/pUCMM6VAqEelQGcq
pUAZLKVACgWlQEswpUDWI6VACiKlQCZBpUChOqVAbjalQCs/pUBWQ6VAIjGlQIQypUD/S6VA
3D6lQI8opUDHSKVAukWlQKFDpUA9aaVA6GulQDJqpUDZT6VAzG2lQL1FpUAOZ6VAhFulQKKF
pUDHcKVAtlClQLJFpUAseaVAR2KlQAJkpUBHoKVA3JSlQFRwpUBbfKVANmWlQJhopUBJbaVA
SYelQAaKpUDeeaVAkq+lQHCgpUDmhaVASoWlQBukpUCmaqVAs2ulQEGUpUBHpaVAoJulQEmt
pUAug6VALIulQMiqpUDiuKVAiKClQKq3pUDNc6VAQKmlQHK/pUD8jaVAVoulQFKkpUADv6VA
EJelQBfCpUDkxqVAS7ulQPrFpUDlvaVAebmlQDmhpUC5rqVAt8ilQJWzpUB6vKVAILulQOa5
pUDuoaVAd/KlQIfdpUBjwaVAmMKlQJ+qpUB4qaVAJtilQI3KpUCatKVAONWlQMK1pUC71aVA
JbmlQJK7pUCCtqVAgeelQB3OpUAUwKVA886lQKropUD1vKVAptClQNLPpUC3/KVA8NOlQCr8
pUDo0qVArdOlQGcApkB30aVAm/alQJ3zpUDdz6VA5fGlQBULpkD61aVAI/WlQKohpkAsIaZA
M+ilQLcRpkARDqZArNqlQPropUBuHKZAByGmQC4KpkCD7KVASwKmQK7hpUA6DKZAWRqmQDEY
pkCE96VAXjSmQFQTpkB2NqZA0yymQGEOpkCrLKZAcyKmQDsNpkC0EaZA0BWmQKYDpkCzNqZA
ahamQOI1pkCrGKZABCOmQD5KpkBHHqZAcDimQLk6pkAWL6ZAI1SmQNtApkAYL6ZAXUKmQE4y
pkCaMKZAaFCmQFlBpkCzXKZAPTSmQEpCpkCtIqZAw1OmQKstpkDQeaZAyHOmQG9gpkCTT6ZA
e0+mQPFipkBXT6ZAN3SmQLR4pkDThKZAwlemQJVIpkCagqZAhXimQBRspkDVeKZAxFymQHuG
pkBjd6ZALLWmQEJ5pkCBlaZAnIOmQIinpkCniqZASaemQOp3pkDmW6ZAl4qmQDicpkAxsKZA
sWymQDCdpkCHhqZAjXmmQCKGpkB4d6ZAL2SmQNaYpkCwnqZA4oWmQPmhpkD0laZAaGymQMmi
pkB7laZAaISmQHSypkDKuqZAnK2mQGWwpkCSpKZAI6OmQLN4pkBW2KZAq66mQMubpkBBp6ZA
n5emQOeYpkBu3aZAB8CmQDWapkCqxqZAXMKmQIujpkDcmaZA46SmQP+ipkCK0aZAr66mQEK8
pkDSyaZATc+mQPfbpkBp1aZAttumQCG7pkD3paZAFr6mQMHzpkBzx6ZAftymQPfVpkDvrqZA
bsmmQHDbpkAtuaZAfLSmQNHapkDgvKZA2a+mQP6/pkCm16ZA6PWmQGL+pkAI4aZA0demQJLy
pkD49aZAie+mQBIhp0DB8KZAlAWnQND7pkD386ZAQeWmQC3FpkCs8qZA6eOmQI3vpkBd9KZA
UAGnQA7XpkBBAqdAwu6mQFoLp0BtH6dA1QKnQF/epkAB/aZA</AssayYData></Step><Step><CommonData><SampleLocation>3</SampleLocation><SampleID>Octet Buffer</SampleID><SampleGroup></SampleGroup><SampleInfo></SampleInfo><SampleRow>A</SampleRow><SamplePlate>1</SamplePlate><WellType>BUFFER</WellType><Concentration>-1</Concentration><ConcentrationUnits>µg/ml</ConcentrationUnits><MolarConcentration>-1</MolarConcentration><MolarConcUnits>nM</MolarConcUnits><MolecularWeight>0</MolecularWeight><Temperature>30</Temperature><StartTime>2258048</StartTime><AssayTime>300</AssayTime></CommonData><FlowRate>1000</FlowRate><StepType>DISASSOC</StepType><StepName>Dissociation</StepName><StepStatus>OK</StepStatus><ActualTime>300</ActualTime><CycleTime>0.2</CycleTime><AssayXData Points="1500">ZMDzRMrG80Q5zfNEl9PzRAba80Rk4PNEyubzRDHt80SX8/NE/vnzRGwA9ETKBvREMQ30RJcT
9EQGGvREbCD0RMom9EQxLfREnzP0RAY69ERkQPRE00b0RDFN9ESfU/REBlr0RGRg9ETTZvRE
MW30RJ9z9ET+efREZID0RMqG9EQxjfREn5P0RP6Z9ERkoPREyqb0RDmt9ESXs/REBrr0RGTA
9ETTxvREOc30RJfT9ET+2fREbOD0RMrm9EQx7fREl/P0RAb69ERsAPVE0wb1RDEN9URLFPVE
/hn1RGQg9UTKJvVEMS31RJcz9UQGOvVEZED1RMpG9UQxTfVEn1P1RAZa9URkYPVEymb1RDlt
9USXc/VE/nn1RGSA9UTKhvVEOY31RJeT9UT+mfVEZKD1RMqm9UQ5rfVEn7P1RP659URswPVE
ysb1RDnN9USX0/VE/tn1RGTg9UTK5vVEMe31RJfz9UT++fVEZAD2RMoG9kQ5DfZElxP2RAYa
9kRsIPZEyib2RDkt9kSfM/ZEBjr2RGRA9kTKRvZEMU32RJdT9kQOWvZEbGD2RMpm9kQ5bfZE
n3P2RP559kRsgPZEyob2RDmN9kSXk/ZE/pn2RGSg9kTKpvZEMa32RJ+z9kT+ufZEZMD2RNvG
9kQxzfZEn9P2RP7Z9kRk4PZE0+b2RDnt9kSX8/ZE/vn2RGQA90TKBvdEMQ33RJcT90T+GfdE
bCD3RMom90Q5LfdElzP3RAY690RkQPdEykb3RDFN90SfU/dE/ln3RGxg90TKZvdEOW33RJ9z
90QGevdEZID3RMqG90Q5jfdEApT3RP6Z90RsoPdEyqb3RDGt90SXs/dE/rn3RGzA90TKxvdE
Mc33RJfT90T+2fdEZOD3RMrm90Q57fdEl/P3RP7590RsAPhEygb4RDEN+ESfE/hEBhr4RGQg
+ETKJvhEOS34RJ8z+EQGOvhEbED4RMpG+EQxTfhEl1P4RP5Z+ERsYPhEymb4RDlt+ESXc/hE
Bnr4RGyA+ETKhvhEMY34RJ+T+ET+mfhEZKD4RNOm+EQxrfhEl7P4RAa6+ERkwPhEysb4RDHN
+ESX0/hE/tn4RGTg+ETT5vhEOe34RJ/z+EQG+vhEbAD5RMoG+UQxDflEnxP5RP4Z+URkIPlE
0yb5RDEt+USXM/lE/jn5RGRA+UTKRvlEMU35RJdT+UT+WflEbGD5RMpm+UQxbflEl3P5RP55
+URkgPlEyob5RDmN+USXk/lE/pn5RGSg+UTTpvlEOa35RJ+z+UT+uflEbMD5RMrG+UQxzflE
n9P5RP7Z+URk4PlEyub5RDnt+USf8/lE/vn5RGQA+kTKBvpEMQ36RKgT+kQGGvpEZCD6RMom
+kQxLfpElzP6RP45+kRkQPpE00b6RDFN+kSXU/pEVFz6RHJh+kTKZvpEMW36RJdz+kT+efpE
ZID6RMqG+kQxjfpEl5P6RP6Z+kRkoPpEyqb6RDmt+kSXs/pE/rn6RGzA+kTKxvpEOc36RJfT
+kT+2fpEZOD6RNPm+kQx7fpEl/P6RP75+kRsAPtEygb7RDEN+0SXE/tEBhr7RGQg+0TKJvtE
MS37RJcz+0T+OftEZED7RMpG+0QxTftEn1P7RP5Z+0RkYPtEymb7RDlt+0Sfc/tE/nn7RGSA
+0TKhvtEMY37RJeT+0T+mftEZKD7RNOm+0QxrftEn7P7RP65+0RkwPtEysb7RDHN+0SX0/tE
/tn7RGTg+0TT5vtEMe37RJfz+0T++ftEZAD8RNMG/EQxDfxEnxP8RP4Z/ERkIPxEyib8RDkt
/ESfM/xE/jn8RGxA/ETTRvxEOU38RJ9T/ET+WfxEbGD8RNNm/EQxbfxEl3P8RP55/ERsgPxE
yob8RDGN/ESfk/xE/pn8RGyg/ETKpvxEMa38RJez/ET+ufxEZMD8RMrG/EQxzfxEl9P8RAba
/ERs4PxEyub8RDHt/ESf8/xE/vn8RGQA/UTKBv1EOQ39RJcT/UQGGv1EZCD9RMom/UQxLf1E
lzP9RP45/URkQP1Eykb9RDFN/USXU/1E/ln9RGxg/UTTZv1EMW39RJ9z/UT+ef1EZID9RNOG
/UQ5jf1El5P9RP6Z/URsoP1E06b9RDGt/USXs/1E/rn9RGTA/UTKxv1EOc39RJfT/UQG2v1E
ZOD9RMrm/UQ57f1El/P9RAb6/URkAP5Eygb+RDkN/kSXE/5E/hn+RGQg/kTKJv5EMS3+RJcz
/kQGOv5EZED+RNNG/kQxTf5En1P+RP5Z/kRkYP5E02b+RDFt/kSfc/5EBnr+RGyA/kTKhv5E
MY3+RJ+T/kQGmv5EZKD+RNOm/kQxrf5El7P+RP65/kRkwP5Eysb+RDnN/kSf0/5E/tn+RGTg
/kTK5v5EMe3+RJfz/kQG+v5EZAD/RNMG/0QxDf9EnxP/RAYa/0RkIP9E0yb/RDkt/0SfM/9E
/jn/RGRA/0TTRv9EOU3/RJ9T/0QGWv9EZGD/RMpm/0Qxbf9El3P/RP55/0RkgP9Eyob/RDGN
/0Sfk/9EBpr/RGSg/0TKpv9EMa3/RJ+z/0T+uf9EZMD/RMrG/0Q5zf9En9P/RAba/0Rk4P9E
0+b/RDnt/0SX8/9EBvr/RDYAAEVlAwBFnAYARdQJAEUDDQBFMhAARWUTAEWcFgBFzBkARQMd
AEUyIABFZSMARZgmAEXMKQBF/ywARTIwAEVpMwBFmDYARdA5AEX/PABFNkAARWlDAEWYRgBF
zEkARf9MAEUyUABFZVMARZhWAEXMWQBF/1wARTJgAEVlYwBFmGYARdBpAEX/bABFMnAARWlz
AEWcdgBFzHkARf98AEUygABFaYMARZyGAEXQiQBFB40ARTaQAEVpkwBFmJYARcyZAEUDnQBF
NqAARWmjAEWYpgBFzKkARf+sAEUysABFabMARZy2AEXMuQBFA70ARTLAAEVpwwBFmMYARdzJ
AEX/zABFMtAARWXTAEWY1gBF1NkARf/cAEU24ABFaeMARZzmAEXM6QBF/+wARUTxAEXI8wBF
nPYARcz5AEX//ABFMgABRWkDAUWYBgFF0AkBRf8MAUUyEAFFaRMBRZgWAUXQGQFF/xwBRTIg
AUVlIwFFnCYBRcwpAUX/LAFFMjABRWkzAUWYNgFFzDkBRf88AUU2QAFFaUMBRZhGAUXMSQFF
/0wBRTZQAUVlUwFFmFYBRcxZAUX/XAFFNmABRWljAUWYZgFFzGkBRf9sAUUycAFFaXMBRZx2
AUXQeQFFA30BRTKAAUVlgwFFmIYBRcyJAUUDjQFFMpABRWmTAUWclgFFzJkBRQOdAUUyoAFF
ZaMBRZimAUXMqQFFA60BRTKwAUVpswFFmLYBRcy5AUUDvQFFNsABRWXDAUWcxgFF0MkBRQPN
AUUy0AFFZdMBRZzWAUXM2QFFA90BRTLgAUVl4wFFmOYBRdDpAUX/7AFFMvABRWXzAUWc9gFF
zPkBRQP9AUUyAAJFZQMCRZgGAkXwCQJF/wwCRTIQAkVpEwJFmBYCRdAZAkX/HAJFOiACRWkj
AkWYJgJF0CkCRQMtAkU2MAJFZTMCRZw2AkXQOQJF/zwCRTJAAkVlQwJFnEYCRdBJAkX/TAJF
MlACRWVTAkWcVgJFzFkCRf9cAkUyYAJFZWMCRZhmAkXQaQJF/2wCRTJwAkVpcwJFmHYCRdB5
AkX/fAJFNoACRWWDAkWYhgJFzIkCRf+MAkUykAJFZZMCRZiWAkXQmQJF/5wCRTagAkVpowJF
nKYCRcypAkUDrQJFNrACRWWzAkWYtgJFzLkCRf+8AkUywAJFacMCRZzGAkXMyQJFA80CRTbQ
AkVl0wJFnNYCRdDZAkX/3AJFMuACRWnjAkWY5gJFzOkCRf/sAkUy8AJFafMCRZj2AkXM+QJF
A/0CRTYAA0VlAwNFmAYDRcwJA0X/DANFMhADRWkTA0WYFgNF0BkDRQMdA0UyIANFZSMDRZwm
A0XMKQNFAy0DRTIwA0VpMwNFmDYDRcw5A0UDPQNFMkADRWVDA0WYRgNF0EkDRf9MA0UyUANF
ZVMDRZhWA0XQWQNFA10DRTJgA0VlYwNFmGYDRcxpA0X/bANFNnADRWVzA0WYdgNFzHkDRf98
A0UygANFZYMDRZiGA0XMiQNF/4wDRTaQA0VlkwNFnJYDRcyZA0UDnQNFMqADRWWjA0WcpgNF
zKkDRf+sA0U2sANFabMDRZi2A0XMuQNF/7wDRTLAA0VlwwNFmMYDRczJA0X/zANFNtADRWnT
A0WY1gNFzNkDRf/cA0Uy4ANFZeMDRZzmA0XM6QNFA+0DRTLwA0Vl8wNFmPYDRdD5A0UD/QNF
MgAERWUDBEWcBgRF0AkERf8MBEUyEARFZRMERZgWBEXQGQRFAx0ERTIgBEVlIwRFmCYERdAp
BEUDLQRFNjAERWUzBEWcNgRFzDkERf88BEUyQARFZUMERZhGBEXMSQRF/0wERTJQBEVlUwRF
mFYERcxZBEX/XARFMmAERWVjBEWYZgRFzGkERf9sBEU2cARFZXMERZh2BEXMeQRF/3wERTKA
BEVlgwRFmIYERWOKBEUDjQRFMpAERWmTBEWYlgRF0JkERf+cBEUyoARFZaMERZymBEXQqQRF
/6wERTKwBEXYswRFnLYERcy5BEUDvQRFMsAERWXDBEWYxgRF0MkERf/MBEUy0ARFadMERZzW
BEXM2QRF/9wERTLgBEVl4wRFmOYERczpBEX/7ARFMvAERWXzBEWY9gRF0PkERf/8BEUyAAVF
ZQMFRZgGBUXQCQVFAw0FRTIQBUVlEwVFnBYFRdAZBUX/HAVFNiAFRWUjBUWYJgVFzCkFRQMt
BUU2MAVFZTMFRZw2BUXMOQVFAz0FRTJABUVlQwVFnEYFRdBJBUX/TAVFMlAFRWlTBUWcVgVF
zFkFRf9cBUU2YAVFZWMFRZxmBUXMaQVF/2wFRTJwBUVpcwVFnHYFRcx5BUUDfQVFMoAFRWWD
BUWYhgVFzIkFRf+MBUUykAVFZZMFRZiWBUXQmQVF/5wFRTKgBUVlowVFmKYFRcypBUX/rAVF
MrAFRWWzBUWYtgVFzLkFRQO9BUU2wAVFZcMFRZzGBUW9ygVFSM0FRTLQBUVl0wVFnNYFRczZ
BUUD3QVFNuAFRWnjBUWc5gVF0OkFRf/sBUUy8AVFafMFRZj2BUXQ+QVFA/0FRTIABkVlAwZF
nAYGRdAJBkX/DAZFNhAGRWkTBkWYFgZFzBkGRf8cBkUyIAZFaSMGRZgmBkXMKQZFAy0GRTIw
BkVpMwZFnDYGRcw5BkUDPQZFMkAGRWlDBkWYRgZFzEkGRQNNBkUyUAZFaVMGRZhWBkXMWQZF
/1wGRTJgBkVpYwZFmGYGRcxpBkX/bAZFMnAGRWVzBkWYdgZFzHkGRQN9BkUygAZFaYMGRZyG
BkXQiQZF/4wGRTKQBkVpkwZFmJYGRcyZBkUDnQZFNqAGRWWjBkWYpgZF0KkGRQOtBkUysAZF
abMGRZy2BkXQuQZF/7wGRTLABkVpwwZFmMYGRdDJBkX/zAZFMtAGRWXTBkWY1gZF0NkGRf/c
BkU24AZFaeMGRZjmBkXM6QZFA+0GRTbwBkVl8wZFmPYGRdD5BkUD/QZFMgAHRWkDB0WYBgdF
mAoHRSQNB0UyEAdFZRMHRZwWB0XMGQdF/xwHRTYgB0VlIwdFnCYHRdApB0UDLQdFNjAHRWUz
B0WcNgdF0DkHRf88B0U2QAdFZUMHRZhGB0XMSQdF/0wHRTJQB0VpUwdFnFYHRcxZB0X/XAdF
MmAHRWljB0WYZgdFzGkHRf9sB0UycAdFZXMHRZh2B0XQeQdF/3wHRTKAB0VlgwdFmIYHRdCJ
B0X/jAdFMpAHRWWTB0WYlgdF0JkHRf+cB0UyoAdFaaMHRaGmB0XQqQdF/6wHRTKwB0VlswdF
mLYHRcy5B0X/vAdFMsAHRWXDB0WYxgdFzMkHRf/MB0Uy0AdFZdMHRZzWB0XQ2QdFA90HRTLg
B0Vt4wdFmOYHRdDpB0X/7AdFMvAHRWnzB0Wc9gdFzPkHRQP9B0UyAAhFZQMIRZgGCEXMCQhF
Aw0IRTIQCEVlEwhFmBYIRcwZCEX/HAhFMiAIRWUjCEWcJghFzCkIRf8sCEUyMAhFZTMIRaE2
CEXQOQhFAz0IRTZACEVpQwhFmEYIRa1KCEU0TQhFMlAIRWVTCEWYVghFzFkIRQNdCEUyYAhF
aWMIRZxmCEXQaQhF/2wIRTJwCEVlcwhFcncIRf15CEX/fAhFNoAIRWWDCEWYhghFzIkIRf+M
CEUykAhFZZMIRZyWCEXMmQhF/5wIRTagCEVpowhFnKYIRcypCEUDrQhFMrAIRWWzCEWYtghF
0LkIRf+8CEU2wAhFZcMIRZjGCEXQyQhF/8wIRTLQCEVl0whFmNYIRdDZCEX/3AhFNuAIRWnj
CEWY5ghF0OkIRf/sCEU28AhFZfMIRZj2CEXQ+QhFA/0IRTIACUVlAwlFmAYJRdAJCUX/DAlF
MhAJRWUTCUWcFglFzBkJRf8cCUUyIAlFZSMJRZgmCUXMKQlF/ywJRTIwCUVlMwlFmDYJRdA5
CUX/PAlFMkAJRWlDCUWYRglFzEkJRf9MCUUyUAlFaVMJRZhWCUXMWQlFA10JRTZgCUVlYwlF
mGYJRcxpCUX/bAlFMnAJRWlzCUWYdglFzHkJRQN9CUU2gAlFZYMJRZiGCUWAiglFC40JRTaQ
CUVlkwlFmJYJRcyZCUX/nAlFMqAJRWWjCUWcpglF0KkJRf+sCUU2sAlFZbMJRZy2CUXMuQlF
/7wJRTLACUVlwwlFmMYJRczJCUUDzQlFMtAJRWXTCUWc1glFzNkJRf/cCUU24AlFaeMJRZjm
CUXM6QlF/+wJRTbwCUVl8wlFnPYJRdD5CUUD/QlFNgAKRWUDCkWYBgpFzAkKRQMNCkU2EApF
ZRMKRZgWCkXMGQpF/xwKRTYgCkVlIwpFmCYKRdApCkX/LApFMjAKRWUzCkWcNgpF0DkKRf88
CkU2QApFaUMKRZxGCkXMSQpFA00KRTJQCkVpUwpFmFYKRcxZCkUDXQpFMmAKRWVjCkWYZgpF
zGkKRf9sCkU2cApFZXMKRZx2CkXQeQpFA30KRTKACkVlgwpFnIYKRdCJCkX/jApFNpAKRWWT
CkWclgpFzJkKRQOdCkUyoApFZaMKRZymCkXMqQpF/6wKRTKwCkVtswpFnLYKRdC5CkX/vApF
NsAKRWnDCkWYxgpFmMoKRSjNCkUy0ApFZdMKRZjWCkXQ2QpF/9wKRTLgCkVl4wpFmOYKRczp
CkX/7ApFMvAKRWnzCkWc9gpFzPkKRQP9CkU2AAtFaQMLRZgGC0XMCQtFAw0LRTIQC0VlEwtF
nBYLRcwZC0X/HAtFMiALRWUjC0WYJgtF0CkLRf8sC0UyMAtFaTMLRZg2C0XMOQtF/zwLRTJA
C0VlQwtFmEYLRcxJC0UDTQtFNlALRWVTC0WYVgtFzFkLRf9cC0UyYAtFaWMLRZhmC0XMaQtF
/2wLRTZwC0VpcwtFmHYLRcx5C0X/fAtFNoALRWWDC0WYhgtFzIkLRQeNC0U2kAtFaZMLRZiW
C0XMmQtF/5wLRTagC0VlowtFnKYLRcypC0X/rAtFNrALRWmzC0WYtgtFzLkLRf+8C0UywAtF
ZcMLRZzGC0XQyQtFA80LRTLQC0Vl0wtFnNYLRczZC0X/3AtFMuALRWXjC0Wc5gtF0OkLRf/s
C0U28AtFZfMLRZj2C0XM+QtFA/0LRTIADEVlAwxFmAYMRbEKDEU8DQxFMhAMRWkTDEWcFgxF
0BkMRQMdDEUyIAxFaSMMRZgmDEXMKQxF/ywMRTIwDEVlMwxFmDYMRdA5DEUDPQxFNkAMRWVD
DEWYRgxF0EkMRQNNDEUyUAxFZVMMRZhWDEXMWQxF/1wMRTZgDEVlYwxFmGYMRcxpDEX/bAxF
MnAMRWlzDEWcdgxFzHkMRf98DEUygAxFaYMMRZiGDEXQiQxFA40MRTKQDEVpkwxFmJYMRdCZ
DEX/nAxF</AssayXData><AssayYData Points="1500">dXSmQIp/pkCUaqZArmKmQDdMpkA0LqZAMRimQOsbpkDC+qVAWuSlQOXbpUCo0aVAMcilQAS6
pUAhp6VAPbOlQJWypUA20KVAg4SlQP+BpUA9aaVAsmKlQB9ipUDyJ6VASGGlQP9ipUAeXaVA
N1WlQGRFpUCqPaVAfx+lQJQ5pUC2I6VAJymlQCxapUD6BKVABxulQBQGpUAv+qRAWAilQFoA
pUDh7aRAr/KkQFLKpEAq5aRAlNSkQEfupECBsKRAmL2kQPGypEAIwKRAuqikQFOApEDHvKRA
YcSkQG/ApEAmraRAq4mkQGuTpECFaaRA6m+kQJJupEB7fKRA+mekQEaqpEALaqRAiYOkQG9O
pEBkZ6RAi3KkQH5ypEB2fKRAOTekQPtrpEDcS6RABFqkQJFHpEDoKKRAFkmkQKBApEDWN6RA
SDCkQHFlpEA1D6RA+SukQM0UpEBtOaRALCmkQNgFpECeDqRAEy+kQFshpECbGKRAtxCkQMk3
pECVAaRAmwikQKY0pED3BaRAr/KjQOLxo0CZ+aNAEu2jQID3o0BPBKRAPbGjQIrZo0Br4qNA
a7yjQLQSpEAy76NAJ8mjQJ3Ko0BZ2qNA8tmjQKrmo0DV6aNAsrijQHGao0BnzKNAgOqjQIC+
o0Ah26NArvejQEGzo0DWvqNAGOujQDq8o0DbnaNAeK2jQCS4o0Cgt6NAwrqjQJjLo0CcjaNA
BLSjQJako0CAwKNA7pyjQM+Go0DByKNAWoWjQORuo0CQnKNAlqmjQPOPo0CGh6NAg3mjQBOb
o0ClgKNAm5mjQPJxo0AxlaNAxWejQCx8o0C/p6NA0ZyjQDGNo0CagaNAGWmjQERBo0BXVaNA
76OjQIuBo0BsVqNAoGKjQDiOo0BJeqNAdnujQA8so0DMZ6NA11OjQOZao0AINaNABZ6jQDlJ
o0D0i6NAb22jQGtno0Bsa6NAalmjQOtmo0BBQaNAwzGjQPpMo0CdYKNA31ejQN9ao0DATaNA
uk6jQFdFo0DqQKNAY0CjQJ5Bo0CQH6NA60ejQENYo0D5M6NAfzCjQMM5o0DuPqNAjS2jQPA/
o0DpNKNAKSmjQKg/o0DHJqNApzejQNBTo0BaNKNA4R+jQNguo0AcLqNAQD2jQOn0okATBqNA
BjqjQPU2o0BqR6NAdEajQK0to0ADNqNAuPeiQBEno0BgCaNAlCejQFIbo0DSBaNA9hijQHUc
o0DNGqNA9xajQEMDo0AJBqNAtC+jQP8Io0D6AqNAnyajQFY3o0B3/6JAXRejQGUpo0BgA6NA
4RmjQOH/okADGqNANgyjQDgZo0Bc+KJA9BujQFYMo0BS+KJAvQqjQB8Jo0DU4KJANeqiQBfn
okAW5qJASSKjQG3sokDl5qJApwujQHz4okB6/aJAefGiQMcOo0A3+aJAKfiiQITtokAAAaNA
yx6jQEHyokCR+qJAxeiiQP3/okAJ8aJAAA2jQKL3okAF56JAbiijQHThokAq1KJA2PqiQHsJ
o0Ch1KJAgNuiQHfQokBF6qJA1t6iQE/rokDK5aJAJO6iQHztokBO2KJArMyiQJfiokAdyKJA
XtSiQKq3okCAw6JA1daiQDfCokAoFqNAKt2iQGCvokDz0KJAJdyiQHndokAN6KJAlcyiQKXV
okAc0KJAnc+iQPrcokDb06JAF9GiQDa5okDD76JAqMKiQNjMokB0uqJAsdWiQBOzokAw7KJA
1dGiQOnhokDg9aJAg7yiQLrYokA/1KJALs6iQNUUo0Ciw6JAvciiQJbVokBc3KJArLaiQBLh
okAytKJAENGiQDy9okAbxKJA19SiQJmxokDVwKJACL+iQDvIokBcu6JAl6WiQIXxokAUxKJA
d8CiQGC+okDa2KJAp8uiQNrGokA1y6JAqp6iQPLVokDt3aJAI6+iQOOsokA5wKJA3Z2iQEux
okC4tKJAHaOiQPSookBxwKJAv8OiQNSxokBS2qJAss6iQIBtokDsj6JA7bWiQFaQokBoi6JA
B62iQJB5okAJl6JAPpSiQD+kokBBnqJAdJ+iQCOMokCmsaJAuo6iQASIokBecaJAMZeiQIaW
okBQuKJAV7GiQJinokBZZqJA8KGiQDmPokBEfaJAKp6iQGuwokBsjKJAX3aiQIm8okAFZaJA
+a6iQPamokAMlqJAhIyiQBJiokAEuqJAeoaiQPu1okAFj6JALKyiQOh/okBpl6JAAZyiQFJm
okCXkqJAcYeiQDaBokDIsqJAyoqiQH2IokDMkaJAOYeiQAJ2okDDfaJAa6yiQOqiokBriKJA
DW6iQA16okAZaaJAcmuiQDKAokBMoKJAfoiiQAWKokAbd6JA3ICiQCp9okDZj6JAplmiQLuU
okBChqJANIuiQLWJokCWcaJAoZOiQKB3okAwT6JAIG2iQN6DokA2ZaJAAZ6iQKVsokAHc6JA
Q3+iQHuIokDIoKJAhHiiQExqokD0jKJAPm2iQDCaokAziqJAfXeiQLh4okBSg6JA0VeiQPxe
okB/gqJAvXWiQJVpokCukaJAK2SiQGl9okDYeqJAvaiiQPl6okC+lqJApYWiQLaKokByR6JA
+ImiQEt7okBikaJAUHiiQDJiokDclKJAHKWiQAJwokBJsaJAF3+iQCihokCGiKJAHIuiQPyE
okAKhqJAmYKiQDSxokAnh6JAgHiiQJl2okA5nKJAnH+iQC+DokBShqJAC4WiQKKAokBzfKJA
CWqiQCuzokCvf6JAom2iQH2NokCAgaJAzWCiQO9tokDzjqJAnYSiQBp0okAPmqJALrWiQJFh
okDwiaJA0YuiQB5+okBUjaJA4UiiQJGAokBvfqJAvaaiQOCkokB+saJAJ3+iQMGZokAcj6JA
5oiiQMiIokDeeqJA62SiQNeZokAnhqJA6oeiQN2FokBvnKJAmImiQKSEokCAWKJAmXKiQPh+
okCJeaJAgXuiQHiiokA1caJAIJqiQCOBokCIZqJAh42iQBKeokAmhKJAeW+iQHF1okDyX6JA
upOiQC9wokCilaJAcn2iQERwokCQiqJAEniiQKR+okDjeaJAjpyiQHVrokBKtaJAE4aiQENd
okARk6JA73iiQNRuokAKjKJAdmSiQA54okADhqJA1HOiQFV7okBCc6JA34miQFZ5okCVYqJA
6VSiQAJpokCZSKJAsVSiQLB7okBjYaJAJYqiQD51okBBdKJAfWyiQAFWokA3daJA0VyiQCOL
okBXSqJA72miQKCLokA+Z6JABoWiQCt0okD6V6JA3ICiQLB9okDYWqJAqFqiQPNXokBlZ6JA
moyiQO5cokDZa6JAQnKiQNdcokBfaqJAjWOiQAVJokBplaJAR3CiQKliokAkW6JA+HiiQN9D
okDXO6JAPGeiQKdbokCtfKJAw1+iQEJjokBMcaJAQoOiQCZjokCQTKJA82WiQO5jokABXKJA
jmuiQLpfokDOSKJAaXOiQAyeokCZRKJAM2+iQPx2okCsc6JAHUKiQMhxokC9jKJAMnqiQAl6
okAQa6JAa2SiQAyHokBBgaJAiluiQOp0okCTWaJAzGOiQPebokDOZaJA91+iQKNHokC/YKJA
cX+iQDhzokAHdaJAAliiQNJzokAeYqJAeVyiQHVGokCwRqJArZKiQE9VokDiJ6JA4WSiQJt9
okCoZKJAzF6iQHVNokDjSaJAkluiQBBPokCRV6JAJmyiQJhnokCWUqJAiGSiQJ5PokB9YKJA
aVWiQNxtokDNM6JAlXGiQOhpokBse6JAhU6iQKhXokBnY6JA00uiQJ1qokDlRKJAj0miQAJh
okDkbqJAiXuiQI9kokA3gaJAsGyiQKFEokA5bqJAUj+iQLd6okD3XaJAtVGiQCw8okB7caJA
VYGiQEtbokDobqJAfFGiQFZcokC0baJAGJGiQLFwokCvYqJAZFWiQDGRokBsf6JA0omiQERv
okBCfqJARGSiQO6RokCyeqJAWJGiQDxjokBpkKJAOZKiQMOnokAhgKJAIoaiQPWiokAbRKJA
xpWiQGFyokBKg6JAR5miQI6IokDbkqJA2aSiQHJvokBapaJAHYuiQI95okCTeqJAXViiQDWQ
okC9gaJAQHeiQJ6SokBkjaJARGOiQJqbokAaoKJAEnGiQI1xokDdkqJAJJiiQNKeokDecaJA
23iiQDOEokAInqJAyoOiQGuLokD1XqJA8n2iQKpjokBPbaJAVImiQLx7okDVlaJArpWiQKd2
okBAhKJAVXiiQPeMokC/d6JAWWSiQMF+okAMbaJAiYWiQAp8okAxW6JA5oKiQBZwokAHjKJA
fYCiQC9wokCQT6JAIqmiQFelokA3jaJAWnWiQIaXokBeeKJAqmSiQMJvokB8caJA1q6iQL5y
okDEkKJAhnSiQLpqokBbe6JAj2uiQPprokAlo6JAe4GiQMR9okBcZKJAlGOiQI94okBaUaJA
RHWiQGCEokD4hqJAZ36iQIypokCUZqJANHuiQCtaokDHXaJAdnCiQPlbokDRZqJAEFiiQEBT
okCKaKJAu3WiQFVvokBFXqJA2XuiQNRpokBFOaJAulmiQK6FokD3ZaJAYJuiQBmfokB1kKJA
iXmiQKyPokBhl6JAWVqiQGqGokCca6JA+WeiQFd4okDflqJA2XGiQPF5okDtcqJAqJCiQDB+
okC3cqJA246iQICFokADlKJACoyiQBGnokCWl6JA2omiQBCWokCZjqJAoJeiQF18okAJfaJA
y6iiQI1yokBBb6JAV3yiQHt2okDGkKJAxYqiQNpbokCOeqJA4JuiQE2RokCHi6JAR5uiQBCF
okBXaaJAHbOiQDWfokBrfaJA3oeiQEyfokAjjqJAR4CiQKNxokBPkqJA9YGiQPCDokBsaKJA
RpCiQN54okCgX6JAX2+iQOmGokB5kqJAJ3GiQBmQokD9jqJAMH6iQCJaokDxjKJAIqGiQJyl
okDNjaJAfa2iQLOqokAZsaJAxYGiQGp+okC9pqJAf4aiQGd4okCmiKJA6oiiQMqFokCcoaJA
6aaiQP2VokC2dqJANpyiQFqmokA2gqJANqKiQFakokCCpKJAPXeiQMmkokApV6JA6beiQK6e
okCIlaJA0KaiQJ+iokDup6JAXaaiQOSUokCWpqJAP4KiQB2rokBojaJAn5SiQLuQokBOtqJA
FI6iQJXPokBMlqJAQJiiQAWOokB5kqJA/bqiQIm+okCUkqJAnIiiQASiokDIp6JAl5iiQIyt
okBdo6JApJ+iQPB6okDph6JA2aCiQCOPokDhiKJA43qiQIlxokDCuaJADpyiQNCEokCdgaJA
CrWiQMGZokDCr6JALZeiQHOaokAXtKJAJaKiQKSXokAAZKJAn5miQFCGokC7q6JARJaiQHGJ
okC3i6JASX6iQCO2okBinaJALo6iQD+YokDKiqJA2LCiQOqJokAUh6JAAp+iQAu9okADoqJA
Vp+iQMi2okC+oaJAOWaiQPWEokCBo6JAbIaiQFjBokBqbaJAjpuiQA6mokBTvaJAVZqiQMOD
okC7paJAwLuiQNLQokBNk6JAcpuiQAWhokBjjqJARbaiQKa7okAOpaJA4qWiQK6ZokD7f6JA
tX6iQNepokD1iaJA6JiiQEeMokDsoqJASreiQBmdokDxp6JAMoWiQDOzokA0nqJA4I6iQP2m
okAtrqJAA5iiQMqXokD1maJA8b2iQObZokBmiaJAsoyiQLC0okAzu6JA9YuiQAOaokDcvKJA
EpqiQGifokCLpaJAipGiQJ27okBbuKJAba6iQATHokAuqaJAGpSiQM2RokB+tKJAzdeiQEzX
okD7lKJA0LyiQES5okBnnaJA9d+iQCKtokD+rqJAkI+iQDCrokAUu6JAO6KiQDdookA4i6JA
v7WiQJ+TokBxlqJAxaWiQKOjokBroKJANLmiQFC9okDWsqJA0JmiQJC1okCum6JAua2iQKyi
okBqyqJADtOiQGGOokCZfqJAzaCiQAOsokDttaJADK2iQJ6KokBjsKJAtLWiQPqHokCdkqJA
NKCiQGGeokAkpaJA3pyiQIKgokD2yaJAA5SiQEHFokCJqaJAtHeiQIWcokC/qKJALc6iQH93
okAPqKJAPpyiQMalokB6tKJAO8eiQKXkokAIqaJAp62iQI6hokCRgKJAnpmiQHDWokB6t6JA
b96iQEukokD/rKJA6qyiQPSookCvvqJA26GiQFrHokA3x6JAjqOiQKLDokAl2qJA8sCiQFa7
okAQy6JAN62iQETYokBJ5KJASKOiQAGxokD9rqJA6qWiQH/BokDBqaJA27eiQE7IokBwsKJA
ULeiQBu+okBAtaJA9bmiQMe4okA3w6JA+bqiQOWWokBSrqJALcKiQIbPokCZsKJAYNeiQIC+
okDDwKJAyLKiQECiokByxaJAva6iQDixokBjuKJA5duiQJKYokDwyKJAO6qiQPDEokBmvaJA
taqiQFXVokDioKJAD9KiQKvZokAwn6JA6cGiQJDyokApw6JAhqmiQDmhokAJ1aJAj62iQHPE
okC/vaJAAcmiQKfgokA52aJAmLeiQHi4okBI7qJA5raiQBnOokC03qJAVLyiQDi/okDJvqJA
pLSiQNK7okD+wKJAULWiQAytokC5z6JAbteiQF6ZokBZ3aJArsyiQCndokAi0qJABeCiQAbP
okCTr6JALuGiQEGzokDJ4KJA0LyiQPDUokDExqJAk8CiQI3sokBUqKJA7b2iQHy1okDXxqJA
w82iQIPKokClsKJA5tSiQPXkokBru6JAnOmiQGfOokDl6aJA+9iiQCzyokAfqKJA46CiQN3A
okDWvaJAP+iiQI/ZokAF4aJAZ72iQFbDokAfxqJALuiiQOKqokAAzKJASc+iQCzXokAK76JA
HeSiQI7CokCI4qJAPdyiQH3dokAVyaJAMdqiQEbXokBc7KJAIdWiQKXlokCO2aJAlvWiQFb6
okBcuaJAF9miQHLSokCR2aJA87yiQEn5okDk2KJA5ceiQITxokDPyaJA99uiQAvUokAb6KJA
otmiQIzNokD77KJApbiiQKbtokCN36JA9buiQJXgokB13qJAL8+iQPDjokB0+aJAMt6iQKD2
okDo1aJASsOiQKbUokCoy6JA+8SiQDMMo0C2yqJAr7+iQMWsokDW6aJAh9aiQNrTokDYv6JA
qtGiQEn1okC726JA49aiQMimokCo6KJAg/KiQKzLokCR5KJAYc+iQKPookDH2aJAqdyiQLfK
okCA5KJABMSiQAv1okD906JAE9+iQAHyokB7waJASPSiQB0Co0B266JAfb6iQEzGokAx4KJA
DciiQI26okDn8qJAfgWjQHznokBB26JAzdSiQPXyokCjuKJAqNyiQLraokBdz6JAU+qiQBbs
okA2FaNA5gGjQIXUokCn4aJAh+miQBsAo0Bm4aJAQdSiQPProkDnHqNANruiQMrUokCYwaJA
QOuiQNDNokBz5qJAwvmiQMfgokA+16JAYfWiQBrtokA00qJA6yCjQGjWokAx26JAAQOjQIvf
okBd76JAXe2iQK4Co0DM1aJAWuOiQCb0okD446JAtvKiQF3qokAkz6JA0OeiQDzookAh66JA
/RGjQJX+okCy/KJAp+iiQF78okAQFKNAMOSiQBbtokBaAqNAvdaiQNbtokBzAKNAASejQEv7
okCO5qJAGf2iQH7UokB1xqJAxgCjQK3ZokCe0aJA+ACjQAkCo0CwD6NAnOaiQCbookDV4qJA
C/2iQAPookBJ46JAt/KiQMPzokAe36JAaeqiQPHyokAS16JAK/qiQPfzokD7GKNAJdaiQD/N
okC+2qJAiw2jQNkNo0DjDaNAFeGiQCfcokAU/KJA3wejQHwOo0Ak9qJA2eyiQOIro0Au4KJA
+emiQBsKo0Ae8qJAxxajQLsao0Av96JA/P2iQKPuokDKEaNAA9miQJzxokDlIqNAudGiQBfb
okCA7aJA</AssayYData></Step><Step><CommonData><SampleLocation>7</SampleLocation><SampleID>Glycine</SampleID><SampleGroup></SampleGroup><SampleInfo></SampleInfo><SampleRow>B</SampleRow><SamplePlate>1</SamplePlate><WellType>REGENERATION</WellType><Concentration>-1</Concentration><ConcentrationUnits>µg/ml</ConcentrationUnits><MolarConcentration>-1</MolarConcentration><MolarConcUnits>nM</MolarConcUnits><MolecularWeight>0</MolecularWeight><Temperature>30</Temperature><StartTime>2567235</StartTime><AssayTime>5</AssayTime></CommonData><FlowRate>1000</FlowRate><StepType>KREGENERATION</StepType><StepName>Regeneration</StepName><StepStatus>OK</StepStatus><ActualTime>5.00005</ActualTime><CycleTime>0.2</CycleTime><AssayXData Points="25">MqAMRWWjDEWYpgxFzKkMRQOtDEUysAxFabMMRUm3DEXQuQxFA70MRTbADEVlwwxFnMYMRczJ
DEX/zAxFMtAMRWXTDEWc1gxF0NkMRQPdDEU24AxFaeMMRZjmDEXQ6QxF/+wMRQ==</AssayXData><AssayYData Points="25">L+GVPjZ5ST6k3Q8+HTXPPWCNhj2f6xc9iWiNO7Co4rzwVFK9Ud+UvW7Ewr3rcPW9LUMNvj8r
Jb6aHC2+ECBJvmc9WL40Zmm+taFzvm1mgb7K9oS+3OqLvkuVkr7QXpe+axCavg==</AssayYData></Step><Step><CommonData><SampleLocation>8</SampleLocation><SampleID>PBS</SampleID><SampleGroup></SampleGroup><SampleInfo></SampleInfo><SampleRow>B</SampleRow><SamplePlate>1</SamplePlate><WellType>NEUTRALIZATION</WellType><Concentration>-1</Concentration><ConcentrationUnits>µg/ml</ConcentrationUnits><MolarConcentration>-1</MolarConcentration><MolarConcUnits>nM</MolarConcUnits><MolecularWeight>0</MolecularWeight><Temperature>30</Temperature><StartTime>2580308</StartTime><AssayTime>5</AssayTime></CommonData><FlowRate>1000</FlowRate><StepType>KREGENERATION</StepType><StepName>Regeneration</StepName><StepStatus>OK</StepStatus><ActualTime>5.00005</ActualTime><CycleTime>0.2</CycleTime><AssayXData Points="25">MvAMRWXzDEWY9gxFzPkMRf/8DEUyAA1FZQMNRZwGDUXMCQ1F/wwNRTYQDUVpEw1FmBYNRdAZ
DUX/HA1FNiANRWUjDUWYJg1F0CkNRQMtDUU2MA1FaTMNRZw2DUXMOQ1F/zwNRQ==</AssayXData><AssayYData Points="25">SxlhQNhfYkACamNAUjNkQHItZUD8iGVAniVmQO48ZkD32WZAFjpnQHiLZ0DJ4WdAkkhoQKhO
aEBpZGhARc5oQAHcaEAV+WhAh2hpQPpZaUCphGlA8bhpQFbyaUAd8mlAIidqQA==</AssayYData></Step><Step><CommonData><SampleLocation>7</SampleLocation><SampleID>Glycine</SampleID><SampleGroup></SampleGroup><SampleInfo></SampleInfo><SampleRow>B</SampleRow><SamplePlate>1</SamplePlate><WellType>REGENERATION</WellType><Concentration>-1</Concentration><ConcentrationUnits>µg/ml</ConcentrationUnits><MolarConcentration>-1</MolarConcentration><MolarConcUnits>nM</MolarConcUnits><MolecularWeight>0</MolecularWeight><Temperature>30</Temperature><StartTime>2593400</StartTime><AssayTime>5</AssayTime></CommonData><FlowRate>1000</FlowRate><StepType>KREGENERATION</StepType><StepName>Regeneration</StepName><StepStatus>OK</StepStatus><ActualTime>5.00005</ActualTime><CycleTime>0.2</CycleTime><AssayXData Points="25">MkANRWlDDUWYRg1FzEkNRf9MDUUyUA1FZVMNRZhWDUXQWQ1F/1wNRTZgDUVpYw1FmGYNRdBp
DUX/bA1FMnANRWlzDUWYdg1F0HkNRf98DUUygA1FaYMNRZyGDUXQiQ1F/4wNRQ==</AssayXData><AssayYData Points="25">tsmavRaZF74PRUe+/hJkvuhJgb7vdom+zdKSvsBVmL6OCaC+dUynvgI1q76+OrS+AHi3vjNv
ur7WqcG+0+PBvmMExb7m98m+2JLLvgNj0L6qbtW+VxDVvoJY1754a92+VFrdvg==</AssayYData></Step><Step><CommonData><SampleLocation>8</SampleLocation><SampleID>PBS</SampleID><SampleGroup></SampleGroup><SampleInfo></SampleInfo><SampleRow>B</SampleRow><SamplePlate>1</SamplePlate><WellType>NEUTRALIZATION</WellType><Concentration>-1</Concentration><ConcentrationUnits>µg/ml</ConcentrationUnits><MolarConcentration>-1</MolarConcentration><MolarConcUnits>nM</MolarConcUnits><MolecularWeight>0</MolecularWeight><Temperature>30</Temperature><StartTime>2606510</StartTime><AssayTime>5</AssayTime></CommonData><FlowRate>1000</FlowRate><StepType>KREGENERATION</StepType><StepName>Regeneration</StepName><StepStatus>OK</StepStatus><ActualTime>5.00005</ActualTime><CycleTime>0.2</CycleTime><AssayXData Points="25">M5ANRWqTDUWdlg1F0ZkNRQCdDUU3oA1FZqMNRZmmDUXNqQ1FAK0NRTewDUVmsw1FmbYNRdG5
DUUAvQ1FM8ANRWbDDUWZxg1FzckNRQTNDUUz0A1FatMNRZnWDUXR2Q1FAN0NRQ==</AssayXData><AssayYData Points="25">JN9dQCh5X0BhFWBAOSphQCDBYUCEG2JAJRFjQKCPY0BqjWNAQRZkQEN/ZEAckmRAp/hkQAdf
ZUCedWVA6d5lQEsFZkAW+WVAwJxmQNDRZkAX5mZAaAFnQAwKZ0DAJ2dAB3RnQA==</AssayYData></Step><Step><CommonData><SampleLocation>7</SampleLocation><SampleID>Glycine</SampleID><SampleGroup></SampleGroup><SampleInfo></SampleInfo><SampleRow>B</SampleRow><SamplePlate>1</SamplePlate><WellType>REGENERATION</WellType><Concentration>-1</Concentration><ConcentrationUnits>µg/ml</ConcentrationUnits><MolarConcentration>-1</MolarConcentration><MolarConcUnits>nM</MolarConcUnits><MolecularWeight>0</MolecularWeight><Temperature>30</Temperature><StartTime>2619801</StartTime><AssayTime>5</AssayTime></CommonData><FlowRate>1000</FlowRate><StepType>KREGENERATION</StepType><StepName>Regeneration</StepName><StepStatus>OK</StepStatus><ActualTime>5.00005</ActualTime><CycleTime>0.2</CycleTime><AssayXData Points="25">M+ANRWbjDUWZ5g1F0ekNRQTtDUU38A1FavMNRZ32DUXN+Q1FAP0NRTMADkVqAw5FmQYORdEJ
DkUEDQ5FMxAORWoTDkWdFg5FzRkORQAdDkU3IA5FZiMORZkmDkXNKQ5FAC0ORQ==</AssayXData><AssayYData Points="25">wvMHvmQjUb4t5nG+j5aLvu+MlL7Nspy+84elvntGr74p/rG+q7e1viHZu77Crr++F3DGvkWg
xr6Vrsu+bsHPvgcJ1L7EbNK+rgjWvk3U2r5VUdy+3ZzevpJS4L4ZIeG+EgTjvg==</AssayYData></Step><Step><CommonData><SampleLocation>8</SampleLocation><SampleID>PBS</SampleID><SampleGroup></SampleGroup><SampleInfo></SampleInfo><SampleRow>B</SampleRow><SamplePlate>1</SamplePlate><WellType>NEUTRALIZATION</WellType><Concentration>-1</Concentration><ConcentrationUnits>µg/ml</ConcentrationUnits><MolarConcentration>-1</MolarConcentration><MolarConcUnits>nM</MolarConcUnits><MolecularWeight>0</MolecularWeight><Temperature>30</Temperature><StartTime>2632915</StartTime><AssayTime>5</AssayTime></CommonData><FlowRate>1000</FlowRate><StepType>KREGENERATION</StepType><StepName>Regeneration</StepName><StepStatus>OK</StepStatus><ActualTime>5.00005</ActualTime><CycleTime>0.2</CycleTime><AssayXData Points="25">MzAORWYzDkWdNg5F0TkORQA9DkU3QA5FZkMORZlGDkXNSQ5FAE0ORTNQDkVmUw5FmVYORc1Z
DkUEXQ5FM2AORWZjDkWZZg5FzWkORQBtDkU3cA5FanMORZl2DkXReQ5FAH0ORQ==</AssayXData><AssayYData Points="25">EXVeQIPyX0DDxmBAldFhQFCJYkCsMGNAb4pjQCAeZEDq1mRAFjRlQE0+ZUAJzmVAaLZlQNzn
ZUAOIWZAmXpmQIoWZ0AVAGdAAQhnQEBvZ0A3kmdAa8BnQGoRaED98GdAhCVoQA==</AssayYData></Step><Step><CommonData><SampleLocation>3</SampleLocation><SampleID>Octet Buffer</SampleID><SampleGroup></SampleGroup><SampleInfo></SampleInfo><SampleRow>A</SampleRow><SamplePlate>1</SamplePlate><WellType>BUFFER</WellType><Concentration>-1</Concentration><ConcentrationUnits>µg/ml</ConcentrationUnits><MolarConcentration>-1</MolarConcentration><MolarConcUnits>nM</MolarConcUnits><MolecularWeight>0</MolecularWeight><Temperature>30</Temperature><StartTime>2647141</StartTime><AssayTime>20</AssayTime></CommonData><FlowRate>1000</FlowRate><StepType>CUSTOM</StepType><StepName>Sensor Check</StepName><StepStatus>OK</StepStatus><ActualTime>20</ActualTime><CycleTime>0.2</CycleTime><AssayXData Points="100">M4AORWaDDkWZhg5FzYkORQCNDkU3kA5FZpMORZmWDkXNmQ5FAJ0ORTOgDkVmow5FmaYORc2p
DkUErQ5FM7AORWazDkWZtg5F0bkORQC9DkUzwA5FasMORZ3GDkXRyQ5FBM0ORTPQDkVm0w5F
mdYORdHZDkUE3Q5FM+AORWbjDkWd5g5FzekORQTtDkU38A5FZvMORZ32DkXN+Q5FAP0ORTcA
D0VmAw9FmQYPRc0JD0UADQ9FNxAPRWoTD0WdFg9F0RkPRQAdD0U3IA9FaiMPRZkmD0XNKQ9F
BC0PRTMwD0VmMw9FmTYPRc05D0UAPQ9FM0APRWZDD0WZRg9F0UkPRQBND0U3UA9FalMPRZ1W
D0XRWQ9FAF0PRTNgD0VqYw9FnWYPRdFpD0UAbQ9FM3APRWZzD0Wddg9FzXkPRQB9D0UzgA9F
aoMPRZ2GD0XRiQ9FBI0PRTeQD0Vmkw9FmZYPRc2ZD0UAnQ9FN6APRWqjD0WZpg9F0akPRQCt
D0U3sA9FZrMPRZ22D0XNuQ9FAL0PRQ==</AssayXData><AssayYData Points="100">m8BcQAOjWUBczFdADdBWQJrqVUAAalVAJsZUQEnNVEBb9VRAAvJUQGjsVEB0FFVAEkNVQAQp
VUDLuVVA1OFVQP7PVUBFXlZAV3pWQJRGVkCXZVZAdI1WQDGlVkD05lZAsEdXQC0jV0CrKVdA
MGFXQEdMV0A8xldAddZXQEOSV0BmpFdAfaJXQMHzV0CqwFdABRxYQA9aWEDsd1hAQhZYQM9Z
WEDFP1hAaDVYQLSSWED2wFhAbOhYQIf2WEBsnlhA7QtZQHQiWUAD5VhAB01ZQHw6WUBvP1lA
JDFZQINxWUCpsllAmjZZQOaBWUAxcFlAC5ZZQL66WUBajFlAD7dZQET5WUDpvFlAnqdZQDE6
WkASF1pAoOxZQOxEWkBlPVpAy2laQLY3WkDqIVpAdWhaQPpYWkCmfVpAbnZaQJt3WkDIQ1pA
G4xaQG5+WkCxxlpAUIVaQD67WkAQsFpAL7BaQIyjWkC45VpA1plaQNwKW0BqrlpA0x1bQGLF
WkDLGFtAmvFaQN1GW0DQD1tAlT9bQA==</AssayYData></Step><Step><CommonData><SampleLocation>12</SampleLocation><SampleID>SI-157C18_P5317</SampleID><SampleGroup></SampleGroup><SampleInfo></SampleInfo><SampleRow>A</SampleRow><SamplePlate>1</SamplePlate><WellType>KLOAD</WellType><Concentration>5</Concentration><ConcentrationUnits>µg/ml</ConcentrationUnits><MolarConcentration>5000</MolarConcentration><MolarConcUnits>nM</MolarConcUnits><MolecularWeight>0</MolecularWeight><Temperature>30</Temperature><StartTime>2676752</StartTime><AssayTime>120</AssayTime></CommonData><FlowRate>1000</FlowRate><StepType>LOADING</StepType><StepName>Loading</StepName><StepStatus>OK</StepStatus><ActualTime>120.001</ActualTime><CycleTime>0.2</CycleTime><AssayXData Points="600">M8APRWrDD0WZxg9F0ckPRQTND0Uz0A9FZtMPRZnWD0XN2Q9FAN0PRTfgD0Vm4w9FmeYPRdHp
D0UA7Q9FM/APRWrzD0WZ9g9FzfkPRQD9D0UzABBFagMQRZ0GEEXNCRBFAA0QRTMQEEVmExBF
mRYQRdEZEEUAHRBFMyAQRWYjEEWdJhBFzSkQRQAtEEU3MBBFZjMQRZk2EEXRORBFAD0QRTNA
EEVqQxBFmUYQRc1JEEUATRBFM1AQRWZTEEWZVhBFzVkQRQBdEEU3YBBFamMQRZ1mEEXNaRBF
BG0QRTNwEEVqcxBFmXYQRc15EEUAfRBFM4AQRWqDEEWZhhBFzYkQRQCNEEUzkBBFapMQRZmW
EEXNmRBFAJ0QRTOgEEVqoxBFmaYQRdGpEEUErRBFM7AQRWazEEWZthBF0bkQRQC9EEU3wBBF
asMQRZnGEEXNyRBFBM0QRTPQEEVq0xBFmdYQRc3ZEEUA3RBFM+AQRWbjEEWZ5hBFzekQRQTt
EEUz8BBFZvMQRZn2EEXN+RBFAP0QRTcAEUVqAxFFnQYRRc0JEUUEDRFFMxARRWoTEUWdFhFF
0RkRRQAdEUUzIBFFaiMRRZkmEUXRKRFFAC0RRTMwEUVqMxFFnTYRRc05EUUAPRFFN0ARRWZD
EUWZRhFF0UkRRQBNEUUzUBFFZlMRRZ1WEUXRWRFFAF0RRTdgEUVqYxFFnWYRRc1pEUUAbRFF
M3ARRWZzEUWZdhFFzXkRRQR9EUU3gBFFZoMRRZ2GEUXNiRFFBI0RRTeQEUVmkxFFnZYRRc2Z
EUUEnRFFM6ARRWqjEUWZphFF0akRRQStEUUzsBFFZrMRRZm2EUXNuRFFAL0RRTPAEUVqwxFF
ncYRRc3JEUUEzRFFM9ARRWbTEUWZ1hFFzdkRRQDdEUUz4BFFauMRRZ3mEUXN6RFFBO0RRTPw
EUVm8xFFmfYRRdH5EUUA/RFFMwASRWYDEkWZBhJF0QkSRQANEkUzEBJFZhMSRZkWEkXNGRJF
AB0SRTcgEkVmIxJFmSYSRc0pEkUALRJFMzASRWYzEkWZNhJFzTkSRQQ9EkU3QBJFZkMSRZlG
EkXNSRJFBE0SRTdQEkVmUxJFnVYSRc1ZEkUAXRJFN2ASRWZjEkWZZhJFzWkSRQBtEkUzcBJF
anMSRZ12EkXNeRJFBH0SRTeAEkVmgxJFmYYSRdGJEkUAjRJFM5ASRWqTEkWZlhJFzZkSRQCd
EkUzoBJFZqMSRZ2mEkXRqRJFBK0SRTewEkVmsxJFnbYSRdG5EkUAvRJFM8ASRWbDEkWZxhJF
zckSRQTNEkU30BJFatMSRZ3WEkXN2RJFBN0SRTPgEkVq4xJFmeYSRc3pEkUA7RJFM/ASRWbz
EkXZ9xJFYPoSRQD9EkUzABNFZgMTRZ0GE0XNCRNFAA0TRTMQE0VmExNFmRYTRc0ZE0UEHRNF
MyATRWYjE0WdJhNFzSkTRQAtE0U3MBNFZjMTRZ02E0XNORNFAD0TRTdAE0VmQxNFmUYTRdFJ
E0UATRNFN1ATRWpTE0WZVhNF0VkTRQBdE0UzYBNFZmMTRZlmE0XNaRNFAG0TRTNwE0VmcxNF
nXYTRc15E0UEfRNFN4ATRW6DE0WdhhNFzYkTRQSNE0UzkBNFZpMTRZmWE0XRmRNFAJ0TRTOg
E0VmoxNFmaYTRc2pE0UArRNFM7ATRWazE0WdthNFzbkTRQC9E0UzwBNFasMTRZnGE0XRyRNF
AM0TRTPQE0Vm0xNFmdYTRc3ZE0UE3RNFM+ATRWbjE0WZ5hNFzekTRQDtE0Uz8BNFZvMTRZn2
E0XR+RNFBP0TRTMAFEVqAxRFmQYURc0JFEUADRRFMxAURWoTFEWdFhRFzRkURQAdFEUzIBRF
ZiMURZkmFEXNKRRFBC0URTcwFEVmMxRFnTYURc05FEUEPRRFN0AURWZDFEWZRhRF0UkURQBN
FEU3UBRFalMURZlWFEXRWRRFBF0URTdgFEVqYxRFmWYURc1pFEUAbRRFM3AURWZzFEWddhRF
zXkURQR9FEUzgBRFZoMURZmGFEXNiRRFBI0URTOQFEVqkxRFmZYURdGZFEUEnRRFM6AURWaj
FEWdphRF0akURQStFEU3sBRFZrMURZm2FEXNuRRFAL0URTPAFEVmwxRFmcYURdHJFEUEzRRF
N9AURWbTFEWd1hRFzdkURQDdFEUz4BRFauMURZ3mFEXR6RRFAO0URTPwFEVm8xRFnfYURc35
FEUE/RRFNwAVRWYDFUWdBhVF0QkVRQANFUUzEBVFahMVRZkWFUXRGRVFAB0VRTcgFUVmIxVF
mSYVRc0pFUUALRVFNzAVRWozFUWZNhVFzTkVRQA9FUUzQBVFZkMVRZ1GFUXNSRVFBE0VRTNQ
FUVmUxVFmVYVRdFZFUUAXRVFM2AVRWZjFUWZZhVF0WkVRQBtFUUzcBVFZnMVRZl2FUXNeRVF
AH0VRTeAFUVmgxVFnYYVRc2JFUUAjRVFM5AVRWaTFUWdlhVFzZkVRQSdFUUzoBVFaqMVRZmm
FUXRqRVFBK0VRTOwFUVqsxVFmbYVRc25FUUEvRVFM8AVRWbDFUWZxhVFzckVRQTNFUUz0BVF
atMVRZnWFUXR2RVFAN0VRTPgFUVq4xVFmeYVRc3pFUUA7RVFN/AVRWrzFUWZ9hVFzfkVRQT9
FUU3ABZFagMWRZkGFkXRCRZFAA0WRTcQFkVmExZFmRYWRc0ZFkUAHRZFMyAWRWYjFkWZJhZF
0SkWRQQtFkUzMBZFZjMWRZk2FkXNORZFAD0WRTNAFkVqQxZFnUYWRc1JFkUATRZFM1AWRWZT
FkWdVhZFzVkWRQRdFkUzYBZFZmMWRZlmFkXRaRZFBG0WRTNwFkVmcxZFmXYWRc15FkUAfRZF
M4AWRWaDFkWdhhZFzYkWRQCNFkUzkBZFapMWRZmWFkXNmRZFAJ0WRTegFkVqoxZFmaYWRc2p
FkUArRZFM7AWRWqzFkWZthZFzbkWRQS9FkU3wBZFZsMWRZ3GFkXNyRZFAM0WRTfQFkVm0xZF
mdYWRdXZFkUA3RZFN+AWRWrjFkWZ5hZFzekWRQDtFkUz8BZFZvMWRZn2FkXR+RZFAP0WRTcA
F0VmAxdFnQYXRc0JF0UEDRdFNxAXRWYTF0WdFhdFzRkXRQAdF0UzIBdFZiMXRZ0mF0XNKRdF
AC0XRTMwF0VmMxdFnTYXRdE5F0UEPRdF</AssayXData><AssayYData Points="600">r+dcQPxgXUD7ml5AZuNfQC7nX0Dg3GBAZQFiQEawYkCtLWNAyy1kQAyCZEB2TWVATT5mQOi9
ZkD2XGdA7p9oQJv0aEBZrmlAVHpqQLj9akAhYGtAvHJsQK0UbUAJeW1A0lJuQJP2bkAwO29A
/ApwQFbvcED1dnFAYctxQJCMckDSWHNADThzQNRcdEBZvHRA8gV1QLi/dUDcZ3ZAvNF2QLFd
d0DZHHhAK0l4QCL3eECBkXlAyNJ5QIJGekAA+HpAoEV7QMqGe0BjQXxATaF8QDbHfEDbjn1A
Hg5+QEcjfkDHf35Aijp/QB2pf0APA4BA2m2AQLJwgEDRXYBAEgeBQGcEgUAyC4FAOnyBQL9+
gUAArIFAXtqBQGYTgkAHVYJABUaCQIGOgkDjnoJAFPCCQNQwg0ACP4NAclmDQNF+g0Djd4NA
1NGDQIUqhEAWF4RAphmEQDB+hEC3e4RA0YGEQCXChECDzYRABAaFQJMahUDwUIVAmkiFQGBk
hUAazIVA3wOGQOXHhUDyEoZApiGGQMMLhkBpeYZAy3qGQFpthkDbo4ZAgNCGQNrIhkBq2oZA
Nx2HQDYGh0C/M4dAqHOHQAJhh0BicIdAPbSHQC24h0BFyodA1QmIQCoeiEAwEYhAlCSIQPle
iECtNIhAGYeIQLOIiECKkYhAiZmIQLrhiEDo14hAvc2IQK3/iECEEYlAuwmJQGFGiUAiU4lA
WUiJQGyIiUCPuYlAdr+JQJ+qiUBi2YlAn72JQL/8iUD1JYpAdPWJQIofikBHm4pAfy2KQLVf
ikD8popAx36KQFpbikAru4pA7reKQFCSikBbu4pA7hKLQM+xikCQDItAqhWLQA33ikA1JYtA
Qm2LQBUSi0DfWItA/4CLQLZWi0AmPItADeWLQAOli0Aqh4tASgeMQMjJi0BSuYtArQKMQH/2
i0D04ItAzxGMQD48jEC2HYxAbCGMQDcmjECHUIxA+jOMQDOUjEAtZIxAjnCMQG+fjECHaYxA
AYaMQH6vjECj14xAC9uMQO7xjEBjBY1A7N2MQAH6jEAwGY1AmwiNQBwnjUCKVY1Ay0GNQCAl
jUDuX41A11KNQFtcjUDYiI1AWZCNQKlVjUCtn41AGcGNQFi+jUC+tY1ATveNQIrbjUA6441A
9+eNQFfmjUBZ6o1AevyNQAcljkAZ8Y1AEDiOQFtXjkCkDY5A51OOQFaBjkA0c45AZ1mOQChw
jkBaaI5AQmqOQMyujkBNZI5A9bCOQLDPjkCTmI5An5qOQEzIjkBg0I5AHrOOQFn3jkBXCo9A
WwePQDgEj0AaKo9AMOuOQLwjj0CGT49ASxqPQGk+j0CLc49Aq1uPQABIj0Amjo9AbX+PQOdG
j0DWe49AFEuPQGVOj0D9mo9AYr+PQA91j0DgoI9ATd6PQDW/j0BEio9AjPWPQEPOj0BR3Y9A
FuiPQB3+j0Dj649AShWQQF0okEBg8I9AwCyQQHInkECfB5BAUUOQQGFekEBqOpBAol+QQHJU
kEDRV5BA2TyQQA2fkEDxT5BA+0mQQPeSkECIgJBANn6QQACPkEAznZBA4IuQQDWjkEC7opBA
YqmQQFGtkECy25BAhqSQQIPIkEDH+pBAreGQQGS2kEBM9ZBA5t2QQOL1kEAgAZFAlxaRQJUA
kUCSMpFAhkeRQJsekUDCPZFAxFORQDYYkUDzCZFAbk6RQJYikUBUKpFA/WKRQIRYkUAjXJFA
lZSRQD+EkUDvTpFAkHuRQAy2kUAFb5FAsoiRQAblkUAqi5FAo8mRQBLZkUCcvZFAzsWRQN3N
kUA3/ZFA8u6RQO7xkUAOA5JAcLORQJX/kUDa95FA7OaRQNvokUAOH5JAHPSRQMT/kUDvHJJA
JEqSQK4NkkACSJJAWR2SQJMbkkCTbpJApmKSQN4vkkD2cJJA6neSQDQzkkDLTJJA8HiSQLxf
kkBvVJJANKWSQB9lkkC6d5JAYaGSQD16kkAxkZJAJamSQDzHkkB9f5JAf8ySQN6skkC9lZJA
gsqSQCbjkkD2i5JAx9CSQBgDk0BXwpJADc6SQODgkkBPv5JA6fCSQAEBk0DvBpNAjeOSQJsd
k0BsIZNAPyOTQABDk0ADH5NAG++SQE8kk0CSVZNAshSTQIETk0DPWJNADv6SQGo4k0A6UJNA
2SWTQAQwk0BhP5NAQTqTQAYBk0AHUpNALHOTQNE7k0CIa5NAsEuTQItBk0AjcZNAv3aTQCJ6
k0ANcpNARIyTQEWVk0C0lpNAyaeTQMCKk0BafpNAwJqTQCGck0BRnJNAGqiTQL2yk0DOjpNA
I9OTQJymk0DjvpNAJ86TQPXyk0BL1JNAgdGTQGwElECS25NAktaTQEMTlEAwDJRAHueTQAMU
lECf85NAa8mTQEITlECPH5RAqyKUQNImlECOSJRA12KUQNg5lECAbJRAKVKUQL4LlEDibpRA
QkeUQDkMlEDvbZRAKHeUQPNZlEB5dpRAN2KUQN5TlECOXZRA8piUQD+AlEChXJRAv5yUQLRH
lEDYaJRAkKiUQJmSlECEaJRA7a2UQB6qlECRcZRA6o2UQMSylED0i5RAMLCUQHfBlEDGhZRA
q6WUQIqxlECSxZRASb6UQDrblEBQ2ZRAVaiUQOAUlUCk55RA1M6UQJnmlEAzDJVAjcaUQKz6
lEAAB5VAivaUQKoJlUCtLZVAShmVQLL+lED1OZVA8/2UQDkClUCOBpVAHxyVQPQ3lUBNI5VA
wTiVQEU7lUCOS5VAOm6VQOoylUCdO5VAnUqVQOk9lUArZpVAuX6VQJBglUCiZJVAPJWVQHmD
lUAtWpVAyXyVQAqLlUA9fpVAHKKVQF6XlUCQZpVAQImVQEmjlUDQhZVAjJqVQKzGlUCRoJVA
iqCVQFbSlUDNupVAG7iVQM/blUDQypVAiZ6VQOPTlUBPBZZAda+VQNLClUC05JVAKamVQMKk
lUBmA5ZAD+OVQF7dlUCXEZZAkh2WQGr/lUCdEpZAORGWQJXFlUA/+5VAyUGWQM7rlUDlJ5ZA
+zWWQGEClkDRMJZAcSiWQNABlkDYG5ZA3HOWQKQXlkDCH5ZAc2SWQAc5lkBiKJZATWiWQDZY
lkAsHZZAsUqWQAaElkD7DpZAXT2WQEmGlkAJXpZAUm2WQLNmlkCugpZAuF2WQD1wlkBxmZZA
M0+WQEKXlkDUhJZAc22WQA6BlkCTmZZA</AssayYData></Step><Step><CommonData><SampleLocation>3</SampleLocation><SampleID>Octet Buffer</SampleID><SampleGroup></SampleGroup><SampleInfo></SampleInfo><SampleRow>A</SampleRow><SamplePlate>1</SamplePlate><WellType>BUFFER</WellType><Concentration>-1</Concentration><ConcentrationUnits>µg/ml</ConcentrationUnits><MolarConcentration>-1</MolarConcentration><MolarConcUnits>nM</MolarConcUnits><MolecularWeight>0</MolecularWeight><Temperature>30</Temperature><StartTime>2806469</StartTime><AssayTime>100</AssayTime></CommonData><FlowRate>1000</FlowRate><StepType>BASELINE</StepType><StepName>Baseline</StepName><StepStatus>OK</StepStatus><ActualTime>100</ActualTime><CycleTime>0.2</CycleTime><AssayXData Points="500">OEAXRWtDF0WeRhdF1kkXRQVNF0U4UBdFa1MXRZ5WF0XWWRdFBV0XRThgF0XuYxdFomYXRdJp
F0UFbRdFOHAXRWtzF0WedhdF1nkXRQl9F0U8gBdFb4MXRZ6GF0XWiRdFBY0XRTiQF0VvkxdF
npYXRdKZF0UJnRdFOKAXRWujF0WiphdF0qkXRQmtF0U4sBdFa7MXRZ62F0XWuRdFBb0XRTjA
F0VrwxdFnsYXRdbJF0UFzRdFPNAXRWvTF0Wi1hdF1tkXRQndF0U44BdFa+MXRaLmF0XW6RdF
Be0XRTjwF0Vr8xdFnvYXRdb5F0UN/RdFOAAYRWsDGEWiBhhF0gkYRQUNGEU4EBhFbxMYRZ4W
GEXSGRhFBR0YRTggGEVrIxhFniYYRdIpGEUFLRhFODAYRWszGEWeNhhF0jkYRQU9GEU4QBhF
a0MYRZ5GGEXSSRhFBU0YRThQGEVvUxhFnlYYRdJZGEUJXRhFPGAYRWtjGEWiZhhF0mkYRQVt
GEU4cBhFa3MYRZ52GEXSeRhFCX0YRTiAGEVvgxhFnoYYRdKJGEUFjRhFOJAYRWuTGEWelhhF
0pkYRQWdGEU4oBhFxaMYRaKmGEXSqRhFCa0YRTiwGEVvsxhFnrYYRda5GEUFvRhFOMAYRW/D
GEWixhhF0skYRQXNGEU40BhFb9MYRZ7WGEXS2RhFBd0YRTjgGEVr4xhFnuYYRdbpGEUF7RhF
PPAYRWvzGEWi9hhF0vkYRQX9GEU4ABlFbwMZRZ4GGUXWCRlFBQ0ZRTgQGUVvExlFohYZRdIZ
GUUJHRlFOCAZRW8jGUWeJhlF1ikZRQktGUU4MBlFbzMZRZ42GUXSORlFBT0ZRThAGUVrQxlF
nkYZRdZJGUUJTRlFPFAZRW9TGUWeVhlF0lkZRQVdGUU4YBlFa2MZRZ5mGUXSaRlFCW0ZRThw
GUVrcxlFonYZRdJ5GUUJfRlFOIAZRWuDGUWehhlF1okZRQWNGUU4kBlFb5MZRZ6WGUXSmRlF
BZ0ZRTygGUVvoxlFoqYZRdKpGUUJrRlFPLAZRW+zGUWethlF1rkZRQW9GUU8wBlFb8MZRZ7G
GUXSyRlFBc0ZRTjQGUVr0xlFntYZRdLZGUUF3RlFOOAZRSTkGUWr5hlF0ukZRQntGUU48BlF
a/MZRZ72GUXS+RlFCf0ZRTgAGkVrAxpFngYaRdIJGkUJDRpFOBAaRW8TGkWeFhpF1hkaRQUd
GkU4IBpFbyMaRZ4mGkXWKRpFCS0aRTgwGkVrMxpFojYaRdI5GkUJPRpFOEAaRWtDGkWeRhpF
0kkaRQlNGkU8UBpFb1MaRZ5WGkXWWRpFBV0aRTxgGkVrYxpFnmYaRdZpGkUFbRpFOHAaRW9z
GkWAdxpFB3oaRQV9GkU8gBpFa4MaRZ6GGkXWiRpFCY0aRUCQGkVvkxpFnpYaRdKZGkUFnRpF
PKAaRWujGkWephpF1qkaRQmtGkU4sBpFa7MaRZ62GkXSuRpFBb0aRTjAGkVrwxpFnsYaRdLJ
GkUFzRpFPNAaRWvTGkWe1hpF1tkaRQndGkU84BpFa+MaRZ7mGkXS6RpFBe0aRTjwGkVr8xpF
ovYaRdL5GkUF/RpFOAAbRWsDG0WiBhtF0gkbRQUNG0U8EBtFaxMbRZ4WG0XSGRtFBR0bRTwg
G0U4JBtFvyYbRdYpG0UFLRtFPDAbRW8zG0WeNhtF0jkbRQU9G0U4QBtFb0MbRZ5GG0XWSRtF
BU0bRTxQG0VrUxtFnlYbRdJZG0UJXRtFPGAbRWtjG0WiZhtF0mkbRQltG0U8cBtFa3MbRZ52
G0XSeRtFCX0bRTiAG0VrgxtFnoYbRdKJG0UFjRtFOJAbRWuTG0WilhtF1pkbRQWdG0U4oBtF
a6MbRaKmG0XSqRtFBa0bRTiwG0VrsxtFp7YbRda5G0UJvRtFOMAbRW/DG0WexhtF0skbRQXN
G0U40BtFa9MbRaLWG0XS2RtFBd0bRTjgG0Vv4xtFouYbRdbpG0UJ7RtFOPAbRWvzG0We9htF
1vkbRQX9G0U4ABxFbwMcRZ4GHEXWCRxFBQ0cRTwQHEVvExxFnhYcRdYZHEUFHRxFOCAcRW8j
HEWeJhxF0ikcRQUtHEU4MBxFbzMcRaI2HEXWORxFBT0cRTxAHEVrQxxFokYcRdJJHEUJTRxF
OFAcRWtTHEWeVhxF0lkcRQVdHEU4YBxFjmQcRRlnHEXSaRxFBW0cRThwHEVrcxxFnnYcRdJ5
HEUFfRxFOIAcRWuDHEWehhxF1okcRQWNHEU8kBxFb5McRaKWHEXSmRxFBZ0cRTygHEVvoxxF
nqYcRdKpHEUJrRxFPLAcRWuzHEWithxF0rkcRQW9HEU4wBxFa8McRZ7GHEXWyRxFCc0cRTjQ
HEVv0xxFotYcRdLZHEUJ3RxFPOAcRW/jHEWe5hxF0ukcRQntHEU48BxFa/McRZ72HEXW+RxF
Cf0cRTgAHUVvAx1FngYdRdYJHUUFDR1FPBAdRWsTHUWeFh1F0hkdRQkdHUU8IB1FayMdRaIm
HUXWKR1FBS0dRTwwHUVrMx1FojYdRdI5HUUFPR1FOEAdRWtDHUWeRh1F0kkdRQVNHUU8UB1F
b1MdRZ5WHUXWWR1FBV0dRThgHUVvYx1FnmYdRdZpHUUFbR1FPHAdRWtzHUWedh1F0nkdRQV9
HUU=</AssayXData><AssayYData Points="500">2U2VQJmOlUC6vpVAVc2VQMu8lUAa7ZVAguiVQFr3lUDx5pVARgiWQDj9lUDQ8JVAt/+VQK8e
lkAbIJZACPqVQN0MlkDmSZZAFxiWQOkJlkAvI5ZAPgCWQMsdlkCiHJZAHS6WQI4dlkA7IJZA
3xOWQOwklkD3KpZAHkSWQHQilkB4NJZAvS2WQAculkC9EpZAzTWWQDxYlkC1GJZAzB+WQNEw
lkC9IJZAhC2WQAoZlkBDF5ZAZSyWQNJHlkAWD5ZAQByWQPIllkC0Q5ZApQWWQIM1lkAKN5ZA
yCeWQGAVlkCkUJZAez6WQEAjlkCQVZZAVC+WQP1VlkDHSJZAFh+WQOQzlkAfOpZAgS2WQDYK
lkAkKpZALVmWQHIalkAcBZZAtfyVQA8blkCN/pVAISOWQDQmlkC2JpZAtgeWQGoKlkAXMJZA
PjaWQIkVlkAdE5ZA/12WQGERlkBcGpZAP/+VQOkglkDgJJZAeTqWQI0ElkDjI5ZAMTuWQJgo
lkDFLJZAzjKWQLESlkDnI5ZAajCWQE02lkDOI5ZA3DOWQA0/lkBrQ5ZACTuWQMQulkDpJpZA
oTOWQB8ylkDHSpZAhkWWQM45lkBbP5ZAhz+WQKVClkAPU5ZA6z2WQD5AlkBvTpZA32KWQBEx
lkD3V5ZASiyWQI86lkBgRZZA62KWQEc8lkDoUJZA0F6WQCchlkAOMZZAljqWQNY3lkCiSpZA
sUCWQC0llkDBEpZAC1OWQKxGlkC3RJZA9UmWQHYtlkDiM5ZAwViWQJxAlkCUXpZAnkCWQA5I
lkBxNpZAdjWWQKw0lkBDM5ZAVEqWQOFplkBXR5ZAI1GWQD9VlkAEPpZAZziWQO0clkBwSZZA
VmaWQKEglkALT5ZAnEuWQCpqlkArSZZAwTSWQN4llkAeNJZANlWWQJo3lkD5VpZA2FSWQGk5
lkCOXJZACFmWQD85lkAOZJZAPkmWQGpglkCNaZZAcV2WQDFglkAfZZZAk2uWQK1GlkBmYJZA
PUWWQJhjlkA1RZZASF+WQBhMlkDkL5ZAvFqWQFhxlkAHQJZAU0uWQNxUlkDmUJZAelSWQH02
lkDUJZZA4R+WQAQ8lkCgUJZAxzeWQO5HlkAoU5ZAb0aWQKsjlkBtMJZAAjaWQPkplkDRQZZA
f0+WQFlLlkD3VJZAwDSWQAZFlkBMOZZApB2WQJlSlkAYVJZA+FSWQHhElkCnVpZAujKWQKpF
lkDSUJZAVmyWQJBClkDmNJZA9EeWQP45lkARTpZAclqWQHpFlkAIO5ZASDqWQJZDlkCLKpZA
I3CWQFhAlkBtQJZAWVWWQDVClkCTUpZAf0yWQAxTlkDPfZZANEOWQKM/lkB8b5ZAG2iWQJNn
lkCKQZZAFGOWQAhWlkA4PJZAkFCWQI5dlkD2bpZAgXeWQJhrlkBkb5ZAATaWQHJklkACTZZA
mDOWQHYxlkDyTpZAHmWWQPVflkC1fZZAOYCWQPB4lkC1gJZALG+WQHNflkBih5ZA92uWQOxc
lkDneJZAtGyWQCySlkA2hJZAqIKWQJGmlkADfpZA6W6WQECSlkADdZZAOGmWQBdplkAAXpZA
T5WWQPp/lkCCS5ZAkXSWQPh3lkCKdZZAlWuWQG2LlkCTcpZAsHCWQE1VlkDrU5ZAx2CWQFBX
lkAhOpZAYECWQCZQlkAuSpZAkViWQCpMlkD9RJZANHCWQHlhlkB7Y5ZAiWGWQChrlkAKfpZA
e2eWQLx0lkBPa5ZAH1uWQPWHlkA0l5ZAkHCWQC18lkDdYJZAQ1iWQFZ9lkBpbpZAw3KWQPFk
lkAdWJZAPYyWQHeIlkBfZ5ZAwnCWQAeDlkAFdpZAIoSWQAh9lkAIX5ZAcZSWQCCalkAJeZZA
i4qWQPt5lkDgiZZAFoeWQBB9lkCljZZAKHiWQHiqlkAgfJZAko6WQNytlkABgpZAyXaWQI1+
lkAnZ5ZAkYiWQMyelkAtlJZACpCWQLN7lkB7eZZAfl6WQKGFlkBLu5ZADICWQFyUlkDgqpZA
io6WQPCBlkBRlpZA+pKWQPaElkDXopZALbWWQFN2lkDaUpZAUriWQN+IlkCFfJZA7ZKWQK2T
lkADlJZADp6WQI2QlkDOlpZAkLGWQBmTlkAqipZAW5aWQFOHlkD7dZZARIuWQNexlkCxq5ZA
OI+WQMatlkCds5ZALouWQHOglkBikpZAt7mWQNm5lkDQv5ZAJYyWQA/klkChlZZA3YaWQDin
lkCsq5ZAx7CWQIqllkANtJZA8rOWQPqZlkD1n5ZAEruWQJW7lkCbi5ZARKaWQHqIlkAghpZA
0rmWQGprlkBYspZAc62WQJu5lkDHupZAFreWQNjdlkDYk5ZAp5aWQMeOlkCqbpZAScOWQA+S
lkB3hJZAf5aWQNuXlkBykZZADaaWQEaglkABuZZAdNiWQMOxlkALr5ZAtL6WQEaqlkDCg5ZA
YpiWQM6hlkB1p5ZAx6KWQMjdlkAHsZZAwrqWQG67lkAPupZAF5SWQEajlkByppZA1daWQGif
lkCe1pZAnLCWQIO6lkDckJZAztWWQEyjlkBqrpZAN6WWQKa/lkDf0JZAhPSWQCrNlkCrw5ZA
vKiWQDXSlkAq0JZAHrCWQGHUlkBx4JZAhqOWQKWqlkAWpJZACqWWQMCFlkBBqpZAEbeWQGi9
lkA=</AssayYData></Step><Step><CommonData><SampleLocation>4</SampleLocation><SampleID>hsCD3d/e_Acro_CDD-H52W1</SampleID><SampleGroup></SampleGroup><SampleInfo></SampleInfo><SampleRow>A</SampleRow><SamplePlate>1</SamplePlate><WellType>KSAMPLE</WellType><Concentration>-1</Concentration><ConcentrationUnits>µg/ml</ConcentrationUnits><MolarConcentration>200</MolarConcentration><MolarConcUnits>nM</MolarConcUnits><MolecularWeight>0</MolecularWeight><Temperature>30</Temperature><StartTime>2914722</StartTime><AssayTime>180</AssayTime></CommonData><FlowRate>1000</FlowRate><StepType>ASSOC</StepType><StepName>Association</StepName><StepStatus>OK</StepStatus><ActualTime>180.001</ActualTime><CycleTime>0.2</CycleTime><AssayXData Points="900">OIAdRWuDHUWihh1F0okdRQWNHUU4kB1Fb5MdRZ6WHUXSmR1FBZ0dRTygHUVrox1FnqYdRdap
HUUFrR1FOLAdRW+zHUWith1F0rkdRQm9HUU4wB1Fb8MdRZ7GHUXSyR1FBc0dRTzQHUVr0x1F
ntYdRdLZHUUF3R1FOOAdRWvjHUWe5h1F0ukdRQXtHUU88B1Fa/MdRZ72HUXW+R1FCf0dRTgA
HkVrAx5FogYeRdIJHkUFDR5FPBAeRWsTHkWiFh5F0hkeRQkdHkU4IB5FayMeRZ4mHkXWKR5F
CS0eRTwwHkVrMx5FnjYeRdI5HkUFPR5FPEAeRW9DHkWeRh5F1kkeRQVNHkU4UB5Fb1MeRZ5W
HkXWWR5FBV0eRXVgHkVrYx5FnmYeRdZpHkUFbR5FOHAeRWtzHkWedh5F0nkeRQl9HkU4gB5F
a4MeRZ6GHkXSiR5FBY0eRTiQHkVrkx5FopYeRdKZHkUFnR5FOKAeRWujHkWiph5F0qkeRQmt
HkU4sB5Fa7MeRZ62HkXSuR5FCb0eRTjAHkVrwx5FnsYeRdLJHkUJzR5FONAeRW/THkWe1h5F
0tkeRQXdHkU44B5Fa+MeRZ7mHkXS6R5FBe0eRTjwHkVr8x5FnvYeRdL5HkUF/R5FPAAfRWsD
H0WiBh9F0gkfRQUNH0U8EB9FbxMfRaIWH0XWGR9FCR0fRTggH0VrIx9FniYfRdIpH0UFLR9F
ODAfRWszH0WiNh9F1jkfRQU9H0U4QB9Fb0MfRaJGH0XSSR9FBU0fRThQH0VvUx9FolYfRdZZ
H0UJXR9FPGAfRWtjH0WiZh9F0mkfRQltH0U4cB9Fb3MfRZ52H0XSeR9FBX0fRTiAH0Vrgx9F
noYfRdKJH0UJjR9FPJAfRWuTH0Welh9F0pkfRQWdH0XLoB9Fb6MfRZ6mH0XSqR9FBa0fRTiw
H0Vrsx9ForYfRdK5H0UFvR9FPMAfRWvDH0Wexh9F1skfRQXNH0U40B9Fa9MfRaLWH0XW2R9F
Bd0fRTzgH0Vr4x9FouYfRdLpH0UJ7R9FPPAfRWvzH0We9h9F1vkfRQX9H0U8ACBFawMgRZ4G
IEXSCSBFCQ0gRTwQIEVrEyBFohYgRdIZIEUFHSBFPCAgRWsjIEWeJiBF0ikgRQUtIEU4MCBF
bzMgRaI2IEXSOSBFBT0gRThAIEVrQyBFnkYgRdJJIEUJTSBFOFAgRWtTIEWiViBF0lkgRQVd
IEU4YCBFb2MgRZ5mIEXSaSBFBW0gRTxwIEVvcyBFnnYgRdJ5IEUJfSBFPIAgRW+DIEWehiBF
0okgRQmNIEU8kCBFb5MgRaKWIEXSmSBFBZ0gRTigIEVvoyBFoqYgRdKpIEUFrSBFPLAgRWuz
IEWitiBF0rkgRQW9IEU4wCBFa8MgRZ7GIEXSySBFCc0gRTjQIEVv0yBFntYgRdbZIEUJ3SBF
r+AgRWvjIEWe5iBF0ukgRQntIEU48CBFa/MgRaL2IEXW+SBFBf0gRTwAIUVrAyFFngYhRdIJ
IUUJDSFFPBAhRWsTIUWiFiFF0hkhRQkdIUU8ICFFayMhRZ4mIUXSKSFFBS0hRTwwIUVrMyFF
njYhRdI5IUUFPSFFPEAhRWtDIUWiRiFF0kkhRQlNIUU4UCFFa1MhRZ5WIUXWWSFFBV0hRThg
IUVrYyFFomYhRdJpIUUFbSFFOHAhRWtzIUWidiFF0nkhRQV9IUU4gCFFa4MhRZ6GIUXWiSFF
CY0hRTyQIUVvkyFFnpYhRdaZIUUFnSFFOKAhRW+jIUWepiFF0qkhRQWtIUU8sCFFa7MhRZ62
IUXWuSFFBb0hRTjAIUVrwyFFnsYhRdLJIUUJzSFFONAhRW/TIUWe1iFF1tkhRQXdIUU84CFF
b+MhRaLmIUXS6SFFBe0hRTzwIUVr8yFFnvYhRdL5IUUF/SFFOAAiRWsDIkWeBiJF1gkiRQkN
IkU4ECJFaxMiRaIWIkXSGSJFCR0iRXogIkVvIyJFniYiRdIpIkUFLSJFODAiRWszIkWeNiJF
0jkiRQU9IkU4QCJFa0MiRaJGIkXSSSJFBU0iRThQIkVrUyJFolYiRdZZIkUJXSJFOGAiRWtj
IkWeZiJF0mkiRQVtIkU4cCJFa3MiRZ52IkXSeSJFBX0iRTiAIkVvgyJFnoYiRdKJIkUJjSJF
OJAiRW+TIkWiliJF0pkiRQWdIkU4oCJFb6MiRZ6mIkXSqSJFBa0iRTiwIkVrsyJForYiRdK5
IkUFvSJFPMAiRWvDIkWexiJF1skiRQXNIkU40CJFa9MiRaLWIkXS2SJFBd0iRTzgIkVv4yJF
nuYiRdLpIkUJ7SJFOPAiRWvzIkWe9iJF0vkiRQn9IkU8ACNFawMjRaIGI0XSCSNFCQ0jRTgQ
I0VrEyNFnhYjRdYZI0UFHSNFOCAjRWsjI0WeJiNF0ikjRQUtI0U4MCNFazMjRZ42I0XSOSNF
BT0jRTxAI0VvQyNFokYjRdZJI0UFTSNFPFAjRWtTI0WeViNF0lkjRQVdI0WSYCNFa2MjRZ5m
I0XWaSNFCW0jRThwI0VvcyNFnnYjRdZ5I0UFfSNFOIAjRWuDI0WehiNF1okjRQWNI0U4kCNF
a5MjRZ6WI0XSmSNFBZ0jRTigI0VroyNFoqYjRdKpI0UJrSNFOLAjRW+zI0WetiNF0rkjRQW9
I0U4wCNFa8MjRZ7GI0XSySNFBc0jRTjQI0Vr0yNFntYjRdLZI0UJ3SNFOOAjRWvjI0We5iNF
0ukjRQXtI0U88CNFa/MjRZ72I0XW+SNFBf0jRTgAJEVrAyRFngYkRdIJJEUNDSRFOBAkRW8T
JEWeFiRF0hkkRQkdJEU4ICRFayMkRaImJEXSKSRFCS0kRTgwJEVrMyRFnjYkRdI5JEUJPSRF
OEAkRW9DJEWeRiRF0kkkRQVNJEU8UCRFa1MkRZ5WJEXSWSRFBV0kRThgJEVrYyRFnmYkRdJp
JEUFbSRFOHAkRWtzJEWediRF0nkkRQl9JEU4gCRFa4MkRZ6GJEXSiSRFCY0kRTiQJEVrkyRF
npYkRdaZJEUJnSRFq6AkRWujJEWepiRF0qkkRQWtJEU4sCRFa7MkRZ62JEXWuSRFBb0kRTjA
JEVrwyRFnsYkRdbJJEUJzSRFONAkRW/TJEWi1iRF0tkkRQXdJEU44CRFa+MkRaLmJEXS6SRF
Be0kRTzwJEVr8yRFovYkRdL5JEUJ/SRFOAAlRW8DJUWiBiVF1gklRQkNJUU4ECVFaxMlRZ4W
JUXSGSVFBR0lRTggJUVrIyVFoiYlRdYpJUUJLSVFODAlRWszJUWiNiVF0jklRQU9JUU4QCVF
a0MlRZ5GJUXWSSVFCU0lRThQJUVvUyVFnlYlRdZZJUUFXSVFOGAlRW9jJUWiZiVF0mklRQlt
JUU4cCVFa3MlRZ52JUXSeSVFCX0lRTyAJUVrgyVFooYlRdaJJUUFjSVFOJAlRWuTJUWiliVF
0pklRQWdJUU4oCVFa6MlRZ6mJUXSqSVFBa0lRTywJUVrsyVForYlRdK5JUUFvSVFPMAlRWvD
JUWixiVF1sklRQXNJUU40CVFa9MlRZ7WJUXS2SVFBd0lRYLgJUVr4yVFnuYlRdLpJUUJ7SVF
OPAlRXPzJUWe9iVF0vklRQn9JUU4ACZFbwMmRZ4GJkXSCSZFBQ0mRTgQJkVrEyZFnhYmRdIZ
JkUJHSZFOCAmRWsjJkWeJiZF1ikmRQUtJkU8MCZFbzMmRZ42JkXSOSZFCT0mRTxAJkVvQyZF
okYmRdJJJkUFTSZFPFAmRWtTJkWeViZF1lkmRQVdJkU4YCZFb2MmRZ5mJkXWaSZFCW0mRThw
JkVrcyZFnnYmRdJ5JkUFfSZFQIAmRWuDJkWehiZF0okmRQWNJkU4kCZFa5MmRZ6WJkXSmSZF
BZ0mRTigJkVroyZFnqYmRdKpJkUFrSZFOLAmRWuzJkWitiZF0rkmRQW9JkU8wCZFb8MmRZ7G
JkXSySZFBc0mRTjQJkVv0yZFntYmRdLZJkUJ3SZFOOAmRWvjJkWe5iZF1ukmRQXtJkU48CZF
a/MmRaL2JkXS+SZFBf0mRTwAJ0VrAydFngYnRdYJJ0UJDSdFPBAnRWsTJ0WeFidF0hknRQUd
J0XUICdFayMnRaImJ0XSKSdFCS0nRTwwJ0VrMydFnjYnRdY5J0UJPSdFOEAnRWtDJ0WeRidF
1kknRQlNJ0U8UCdFa1MnRaJWJ0XWWSdFBV0nRTxgJ0VrYydFnmYnRdJpJ0UFbSdFPHAnRW9z
J0WedidF1nknRQl9J0U8gCdFb4MnRZ6GJ0XSiSdFBY0nRTiQJ0VrkydFopYnRdKZJ0UFnSdF
OKAnRWujJ0WepidF0qknRQWtJ0U8sCdFa7MnRaK2J0XSuSdFCb0nRTjAJ0VrwydFnsYnRdLJ
J0UFzSdFONAnRWvTJ0We1idF2tknRQXdJ0U84CdFa+MnRaLmJ0XS6SdFCe0nRTjwJ0Vr8ydF
ovYnRdb5J0UF/SdFOAAoRW8DKEWeBihF0gkoRQUNKEU8EChFaxMoRZ4WKEXSGShFBR0oRTwg
KEVrIyhFoiYoRdIpKEUFLShFODAoRW8zKEWiNihF0jkoRQU9KEU8QChFa0MoRZ5GKEXSSShF
CU0oRThQKEVrUyhFnlYoRdZZKEUFXShFr2AoRWtjKEWeZihF0mkoRQVtKEU4cChFa3MoRZ52
KEXWeShFCX0oRTiAKEVrgyhFnoYoRdKJKEUJjShFOJAoRWuTKEWelihF0pkoRQWdKEU4oChF
a6MoRaKmKEXWqShFBa0oRTiwKEVvsyhForYoRdK5KEUJvShF</AssayXData><AssayYData Points="900">M6WWQA8Fl0Baa5dAWp+XQOS+l0A2B5hAVQyYQDE1mECJQphAxXGYQHGhmED2sJhAzcqYQBvO
mEBF95hAEQ6ZQAwlmUAPLJlAEkOZQNtymUCWYJlAIX+ZQKGamUBAtZlAE9qZQDfLmUBtzplA
YsuZQBUUmkDQ2JlAzuCZQOsUmkAdGZpAIR6aQP4pmkAyN5pABzyaQAVdmkCJVppAkWaaQMx6
mkAOfZpAyFmaQGBqmkCTdppAyo2aQD2NmkC+f5pAhL2aQPWomkBvzJpAatyaQI3WmkA6qJpA
CNSaQCnCmkDx0JpANdCaQC/smkCr4ZpA28yaQJPVmkDPEptAFgKbQEbjmkBz9ppA8RubQOAy
m0DJ85pAxvmaQDoBm0AbB5tA3CybQGQTm0B1AJtAVj2bQGYrm0AHKZtA4lCbQKk3m0CBK5tA
5iubQB0sm0AgUZtAdCmbQPNWm0BcZZtArEWbQMSCm0BiZ5tAy1GbQN1ym0BIc5tAZ0qbQChk
m0BOc5tA8GubQKyRm0BlsptA3XObQGeRm0AiqJtA1oebQBeQm0B1j5tAHpKbQHF7m0C+n5tA
HpGbQIGEm0CmpZtA+MibQA3am0DHnptAStGbQFmgm0Dk25tApMCbQPium0AWtJtAobabQMjl
m0C2x5tAyLGbQAb1m0DiqptAn+abQLQZnEAl25tApdWbQDTpm0DovptAqvKbQJHkm0AA+ptA
3PObQPrsm0BG/5tAWwCcQHTym0AG9ptAtAmcQEMAnEABSpxAfxScQNP4m0AHN5xA0hCcQJwJ
nEDyLZxAo+abQAwynECpJpxA6SycQF8vnEDJS5xAY0ScQPtEnEBnVZxAgGGcQBk0nEATPpxA
nk2cQLAynEBCXJxAjFmcQBs/nEDKMpxA9W+cQPZknEA2jZxAR12cQB1GnED1LJxAmnCcQMdu
nEA3YZxA23GcQA2OnECcWpxAN2OcQId6nEDXb5xAJ5ycQJeenEBUjJxA4XicQPmTnEAJnpxA
b6KcQI2LnECBoJxA94ecQE+snECVwZxA2KOcQJybnEDmmZxAh7ycQKalnEDTuJxAS6ycQF2W
nEB2oJxA6rycQCCtnEDDx5xAVLScQHHQnEBW5ZxAhtGcQLfNnEB+25xAE+2cQMu2nED00pxA
VOGcQLjPnEDl65xABQKdQM78nECg+JxA4f2cQM4XnUAU7ZxAX/qcQJArnUA+Fp1AAvqcQKT7
nEA9/pxAvhmdQKwVnUACOJ1AaPqcQLkFnUDfIJ1AGPWcQBVDnUC6Kp1ABB+dQGwlnUA6PZ1A
pQydQO8mnUAzOp1AxSSdQNIknUA8UJ1ALEOdQFE4nUBHTZ1AQkGdQDdPnUBxUJ1AhEudQHlh
nUDEPZ1APlCdQMY0nUCaYZ1AMYCdQOAznUCVVp1AuHedQLxfnUCYXJ1AIXGdQKGanUBQYp1A
IX6dQFuHnUAsW51AX26dQDiJnUAiap1AnYydQH6cnUBMk51AKKGdQBGYnUBLuJ1ApY+dQB6r
nUBzk51Akl2dQK2OnUCoaJ1AEa2dQE7HnUADqZ1AabidQMK2nUDDxJ1A/8CdQFzjnUBorJ1A
ArOdQBrFnUAh051Ae86dQLy6nUAv7Z1AytGdQPfCnUB/zZ1A0rOdQE/SnUDQ351AasudQAjm
nUDcrZ1A6N6dQJIEnkA84J1AHNWdQCG3nUCD2J1Ah9SdQD3unUC+6J1ALQ2eQGEAnkC9/51A
rvSdQLYOnkBb9Z1AAQSeQAwpnkDSIJ5AGh+eQE8XnkAh+p1AAymeQJ43nkDX/J1ANBWeQNRD
nkDVKp5AszqeQJ4PnkDbE55AugqeQOoZnkDrB55AICWeQCdHnkBuVJ5AhUSeQDpTnkA+OZ5A
IjCeQG03nkAwTJ5A+WmeQFdKnkDeVJ5AVHGeQM1inkA8X55AxGWeQCYvnkACY55AzHyeQJFr
nkCyXZ5A1mWeQFBnnkDqXZ5AD2OeQN9PnkAWkZ5A0LeeQAiEnkCLjZ5AHHyeQOdsnkBNYZ5A
n3ieQMOGnkCNmp5AUbGeQL2mnkA8g55Aw5yeQN2nnkB8lZ5ARbqeQG64nkA0jZ5Ab56eQBm/
nkB4155A3qGeQCnFnkADsZ5AEb6eQOXXnkBNyZ5AdKqeQMnNnkAq1J5AocWeQErjnkAx555A
i86eQKWynkCs1J5AdM6eQHTKnkC6vp5A6NeeQLnwnkAJy55AEeKeQNvEnkDi+Z5AseSeQIL9
nkBbz55ADu6eQIYFn0Cu2Z5AERufQAvxnkC7/p5AeAKfQGUUn0BnAJ9A2QOfQMrrnkBz9Z5A
7hqfQAUZn0CLGp9A5AefQMgon0Bw8p5Ang+fQF8wn0A5C59AXRifQKUhn0DDDJ9AvD6fQOQe
n0BgKJ9Al1afQC4en0BpK59AQyifQItLn0DyRJ9AKECfQOw+n0AvOZ9ABC+fQDcwn0CFWJ9A
uVCfQElGn0BuTJ9AJGufQHlOn0ARMJ9A9XCfQPlMn0BLZ59Ar4WfQBlHn0BwaJ9A6GifQLl7
n0AhQZ9A6XCfQN5nn0CGX59AJnCfQIl4n0CYYZ9AUJefQOtnn0Dtep9AloCfQK2Sn0DPZ59A
sZOfQEl9n0CBfZ9A+oifQF2Fn0Boqp9AQ6afQO53n0D+nJ9AcJWfQD6hn0BapJ9AEn+fQKKO
n0Dqjp9AUICfQIacn0DhiJ9AHZ+fQEm/n0A6t59ABoSfQA6zn0ByzZ9AK6mfQCurn0B7tJ9A
/Z+fQMDCn0BKxp9A/tifQMaln0AoDaBApPufQIO4n0B4vJ9AI7OfQFS6n0Aw5p9A1AGgQJ3T
n0B44Z9ApAKgQHvGn0D3w59AbM6fQOjVn0AczZ9APOqfQGEAoEDnFKBA4bafQCoVoECGuZ9A
rvafQBjpn0DVEaBAufyfQNcPoEDZ/J9AA/yfQDfrn0CGEKBAuASgQJvan0DDHKBAgxagQMMN
oEDnIqBAk/ifQHMgoEDEKqBA0xKgQAsYoEAd9p9AIxOgQNYgoEA7HaBApxCgQB4joEDNLqBA
dyqgQHUdoEAzQqBAj0WgQGlNoEDmK6BATDWgQO9GoECKCKBASTagQEUboEBkPaBAM06gQGY9
oECrPKBASm+gQMtJoEB5IqBAOWKgQLVOoEB5TqBAITmgQNRIoEAePqBAx02gQAdCoEDnPKBA
HUGgQCp1oEDcaKBA4GGgQLWDoEDUSqBA9GugQAmHoEDOeqBAP3ygQLxHoEA/iqBAQm+gQEdz
oEBOZaBA7mWgQPhFoED5UqBAgV2gQN59oED1kaBAmm6gQKNZoEArlaBASmGgQOVhoEAhTqBA
r3ugQHmFoEBShaBAgZigQIxdoECSkqBAeIqgQMuAoEB+c6BAM5qgQK9ooECjmaBAA8KgQNiA
oEBDiqBAMrygQDuPoEDjlqBAFrGgQOOLoECClKBAo5igQNaloEBRqqBAJ+OgQJSNoEDTu6BA
eJ+gQNnCoEA/xqBAHregQEm8oEDWxaBAYLigQPvqoEBosaBAt6OgQI/DoEBi66BAUbagQN/k
oEBt9aBA4+CgQELcoEAY36BA1+SgQGPjoEAT8qBAW/KgQIzPoEC9yKBA/eegQKnKoECj4KBA
YgChQDLtoEAE8KBANfigQPAcoUAX7qBAmQ+hQITpoEA866BAIRehQPL9oEBX+6BARgqhQFgc
oUC49KBAmSShQGcgoUAA/qBAcxOhQBNDoUDgCaFA2yuhQBZSoUCbGKFAJCOhQO9DoUCiC6FA
YTahQGw1oUATHKFAgDGhQNgpoUD1P6FAGkGhQEFFoUCVK6FAlSqhQNYFoUCtQ6FAfVGhQPhZ
oUBNNKFA9UOhQN47oUBzUqFAvFehQEpOoUAPQ6FASUyhQBtNoUCoUKFABE6hQLl1oUAEa6FA
32qhQGCGoUCSY6FAnIehQD6DoUD2eKFAdoihQMlFoUAKRaFA8HGhQA1noUDNaqFAk2yhQHt0
oUD8UqFA9GKhQBh0oUAIj6FAJHuhQGOPoUA5e6FAanahQNODoUCBbaFA/4ChQBOIoUDYlKFA
o4ahQCCVoUBEoKFAkq2hQPCKoUAuoqFABnmhQN2loUCLh6FAQJ2hQOmloUCGkqFAvYehQNh8
oUCjaaFAT8qhQJWNoUBzoKFA0L+hQAWVoUCUqKFArqihQNK/oUBMp6FADsWhQCmHoUA6n6FA
XcKhQAO+oUBYrqFANK+hQIa1oUBVu6FAvNOhQBLioUBg8KFAmMmhQAXxoUAk1KFATe2hQGfs
oUCiAaJAJsihQJHToUCtyaFA892hQJDQoUBj9qFAo9OhQC33oUAs4KFAOMOhQG7koUBtzaFA
8tihQOXvoUCLAKJA2wOiQDL1oUD/+6FAPOOhQDPBoUBS7qFACfqhQEu6oUBX7KFAEPGhQBfo
oUDH7qFAUdihQDTZoUBDEaJAYPGhQBfvoUAoBqJAr/ChQPskokC16qFAjgmiQHb+oUAoG6JA
ng+iQNruoUDk+qFAiR+iQOcUokDZ/aFAmgaiQD8pokB49qFAFhCiQHojokB0CKJAyu2hQEYt
okC/JqJAZBWiQAglokAjF6JAQg6iQOoeokAeN6JApAOiQLJGokC6GaJAkg6iQB4ookD1QKJA
WgGiQNgookBtQKJAdT6iQEtPokBGSaJALD+iQGpDokDgWaJAjGGiQDYrokDZdaJA/1WiQJSR
okAFQqJAt16iQNVyokDUbqJAtnSiQO5EokA/c6JAjmSiQB5IokDYXqJAOmKiQAKBokDoUaJA
xGaiQDVcokDLcaJAzXqiQCiMokATaqJAE3+iQBh5okCsZKJA</AssayYData></Step><Step><CommonData><SampleLocation>3</SampleLocation><SampleID>Octet Buffer</SampleID><SampleGroup></SampleGroup><SampleInfo></SampleInfo><SampleRow>A</SampleRow><SamplePlate>1</SamplePlate><WellType>BUFFER</WellType><Concentration>-1</Concentration><ConcentrationUnits>µg/ml</ConcentrationUnits><MolarConcentration>-1</MolarConcentration><MolarConcUnits>nM</MolarConcUnits><MolecularWeight>0</MolecularWeight><Temperature>30</Temperature><StartTime>3102799</StartTime><AssayTime>300</AssayTime></CommonData><FlowRate>1000</FlowRate><StepType>DISASSOC</StepType><StepName>Dissociation</StepName><StepStatus>OK</StepStatus><ActualTime>300.001</ActualTime><CycleTime>0.2</CycleTime><AssayXData Points="1500">PMAoRXPDKEWixihF2skoRQnNKEU80ChFb9MoRaLWKEXa2ShFDd0oRTzgKEVv4yhFpuYoRdbp
KEUJ7ShFPPAoRW/zKEWi9ihF1vkoRQ39KEU8AClFbwMpRaIGKUXWCSlFDQ0pRTwQKUVvEylF
phYpRdoZKUUJHSlFPCApRW8jKUWiJilF1ikpRQ0tKUVAMClFczMpRaI2KUXaOSlFCT0pRTxA
KUVvQylFpkYpRdZJKUUNTSlFPFApRXNTKUWiVilF1lkpRQ1dKUU8YClFb2MpRaJmKUXWaSlF
CW0pRUBwKUVzcylFpnYpRdZ5KUUJfSlFQIApRW+DKUWmhilF1okpRQmNKUU8kClFb5MpRaKW
KUXamSlFCZ0pRTygKUVvoylFoqYpRdqpKUUNrSlFPLApRW+zKUWitilF1rkpRQm9KUU8wClF
c8MpRaLGKUXWySlFDc0pRTzQKUVv0ylFotYpRdrZKUUJ3SlFPOApRW/jKUWi5ilF1ukpRQnt
KUU88ClFc/MpRaL2KUXa+SlFCf0pRUAAKkVvAypFogYqRdoJKkUJDSpFPBAqRW8TKkWiFipF
1hkqRQkdKkU8ICpFbyMqRaImKkXaKSpFDS0qRUAwKkVvMypFpjYqRdY5KkUNPSpFPEAqRW9D
KkWiRipF2kkqRQlNKkU8UCpFc1MqRaZWKkXWWSpFCV0qRUBgKkVzYypFpmYqRdZpKkUNbSpF
PHAqRXNzKkWidipF2nkqRQl9KkU8gCpFb4MqRaKGKkXWiSpFCY0qRTyQKkVvkypFopYqRdqZ
KkUJnSpFPKAqRXOjKkWipipF2qkqRQmtKkU8sCpFb7MqRaa2KkXWuSpFCb0qRTzAKkVvwypF
psYqRdbJKkUJzSpFQNAqRW/TKkWi1ipF2tkqRQndKkU84CpFb+MqRaLmKkXW6SpFCe0qRUDw
KkVv8ypFovYqRdb5KkUN/SpFPAArRXMDK0WiBitF1gkrRQ0NK0U8ECtFbxMrRaIWK0XWGStF
DR0rRTwgK0VvIytFpiYrRdYpK0UJLStFPDArRXMzK0WiNitF2jkrRQ09K0U8QCtFb0MrRaZG
K0XaSStFCU0rRTxQK0VvUytFplYrRdZZK0UJXStFPGArRW9jK0WiZitF2mkrRQ1tK0VAcCtF
b3MrRaJ2K0XaeStFDX0rRTyAK0VzgytFpoYrRdaJK0UJjStFQJArRW+TK0WmlitF2pkrRQmd
K0U8oCtFc6MrRaamK0XaqStFCa0rRTywK0VvsytForYrRdq5K0UNvStFQMArRXPDK0WmxitF
1skrRQ3NK0VA0CtFc9MrRaLWK0Xa2StFCd0rRUDgK0Vz4ytFouYrRdbpK0UJ7StFQPArRXPz
K0Wm9itF2vkrRQ39K0VAACxFbwMsRaIGLEXWCSxFCQ0sRTwQLEVvEyxFohYsRdoZLEUJHSxF
PCAsRW8jLEWiJixF1iksRQktLEU8MCxFbzMsRaY2LEXaOSxFDT0sRUBALEVvQyxFokYsRdZJ
LEUNTSxFPFAsRW9TLEWiVixF1lksRQ1dLEU8YCxFb2MsRaZmLEXWaSxFDW0sRTxwLEVvcyxF
onYsRdZ5LEUNfSxFPIAsRXODLEWihixF1oksRQmNLEVAkCxFb5MsRaKWLEXamSxFCZ0sRUCg
LEVzoyxFoqYsRdapLEUNrSxFPLAsRW+zLEWitixF1rksRQm9LEU8wCxFb8MsRaLGLEXWySxF
Dc0sRTzQLEVv0yxFotYsRdbZLEUN3SxFPOAsRW/jLEWm5ixF1uksRQntLEVA8CxFc/MsRab2
LEXW+SxFCf0sRUAALUVzAy1FogYtRdoJLUUNDS1FPBAtRW8TLUWmFi1F1hktRQ0dLUVAIC1F
byMtRaImLUXWKS1FCS0tRTwwLUVvMy1FojYtRdY5LUUNPS1FQEAtRW9DLUWiRi1F1kktRQlN
LUU8UC1Fb1MtRaZWLUXaWS1FCV0tRUBgLUVvYy1FomYtRdppLUUJbS1FQHAtRW9zLUWidi1F
1nktRQ19LUVAgC1Fb4MtRaKGLUXWiS1FCY0tRTyQLUVzky1FopYtRdaZLUUNnS1FQKAtRXOj
LUWmpi1F1qktRQ2tLUVAsC1Fc7MtRaK2LUXWuS1FDb0tRTzALUVzwy1Fq8YtRdbJLUUJzS1F
PNAtRW/TLUWm1i1F2tktRQndLUU84C1Fc+MtRaLmLUXW6S1FCe0tRUDwLUVv8y1FpvYtRdb5
LUUJ/S1FPAAuRW8DLkWiBi5F1gkuRQ0NLkU8EC5FcxMuRaIWLkXWGS5FCR0uRTwgLkVzIy5F
piYuRdopLkUJLS5FQDAuRXMzLkWiNi5F1jkuRQk9LkVAQC5Fb0MuRaJGLkXWSS5FCU0uRTxQ
LkVvUy5FolYuRdZZLkUJXS5FPGAuRXNjLkWmZi5F2mkuRQltLkVAcC5Fb3MuRaJ2LkXaeS5F
DX0uRTyALkVvgy5FpoYuRdaJLkUNjS5FPJAuRW+TLkWili5F1pkuRQ2dLkU8oC5Fb6MuRaam
LkXWqS5FCa0uRTywLkVvsy5FprYuRda5LkUNvS5FQMAuRXPDLkWixi5F1skuRQ3NLkU80C5F
b9MuRaLWLkXW2S5FCd0uRUDgLkVv4y5FouYuRdrpLkUJ7S5FPPAuRW/zLkWm9i5F2vkuRQn9
LkU8AC9FbwMvRaIGL0XaCS9FCQ0vRUAQL0VzEy9FphYvRdYZL0UJHS9FPCAvRW8jL0WmJi9F
1ikvRQktL0VAMC9FbzMvRaY2L0XaOS9FDT0vRUBAL0VzQy9FpkYvRdZJL0UJTS9FPFAvRXNT
L0WiVi9F1lkvRQ1dL0VAYC9Fc2MvRaZmL0XWaS9FCW0vRTxwL0Vzcy9FpnYvRdZ5L0UJfS9F
PIAvRW+DL0Wihi9F1okvRQ2NL0U8kC9Fc5MvRaKWL0XWmS9FCZ0vRUCgL0Vzoy9FoqYvRdap
L0UNrS9FPLAvRXOzL0Witi9F1rkvRQ29L0U8wC9Fc8MvRabGL0XWyS9FDc0vRTzQL0Vv0y9F
otYvRdrZL0UJ3S9FPOAvRW/jL0Wi5i9F1ukvRQntL0U88C9Fc/MvRaL2L0XW+S9FCf0vRUAA
MEVvAzBFogYwRdYJMEUNDTBFPBAwRXcTMEWiFjBF1hkwRQkdMEU8IDBFbyMwRaImMEXaKTBF
DS0wRTwwMEVzMzBFqzYwRdo5MEUJPTBFPEAwRXNDMEWiRjBF2kkwRQlNMEVAUDBFb1MwRaZW
MEXWWTBFDV0wRTxgMEVzYzBFomYwRdppMEUNbTBFPHAwRXNzMEWmdjBF1nkwRQl9MEVAgDBF
b4MwRaaGMEXaiTBFCY0wRTyQMEVzkzBFppYwRdaZMEUNnTBFPKAwRW+jMEWipjBF1qkwRQmt
MEU8sDBFb7MwRaa2MEXauTBFCb0wRTzAMEVzwzBFpsYwRdbJMEUJzTBFQNAwRXPTMEWi1jBF
1tkwRQndMEVA4DBFb+MwRaLmMEXW6TBFCe0wRTzwMEVv8zBFpvYwRdr5MEUJ/TBFQAAxRW8D
MUWmBjFF1gkxRQkNMUU8EDFFbxMxRaYWMUXWGTFFDR0xRTwgMUVvIzFFoiYxRdopMUUNLTFF
PDAxRXMzMUWiNjFF1jkxRQ09MUVAQDFFc0MxRaJGMUXWSTFFCU0xRUBQMUVvUzFFolYxRdpZ
MUUJXTFFPGAxRW9jMUWiZjFF1mkxRQltMUU8cDFFc3MxRaJ2MUXaeTFFCX0xRUCAMUVzgzFF
ooYxRdqJMUUJjTFFQJAxRW+TMUWiljFF1pkxRQ2dMUU8oDFFb6MxRaamMUXWqTFFDa0xRUCw
MUVvszFFprYxRdq5MUUNvTFFQMAxRW/DMUWixjFF1skxRQnNMUU80DFFc9MxRabWMUXW2TFF
Dd0xRTzgMUVv4zFFouYxRdbpMUUN7TFFPPAxRXPzMUWi9jFF1vkxRQn9MUVAADJFcwMyRaYG
MkXWCTJFCQ0yRTwQMkVvEzJFphYyRdYZMkUJHTJFQCAyRW8jMkWiJjJF2ikyRQktMkVAMDJF
bzMyRaI2MkXaOTJFDT0yRUBAMkVzQzJFokYyRdZJMkUJTTJFPFAyRXNTMkWiVjJF2lkyRQld
MkU8YDJFb2MyRaZmMkXWaTJFDW0yRUBwMkVvczJFonYyRdZ5MkUJfTJFPIAyRW+DMkWihjJF
1okyRQmNMkVAkDJFb5MyRaaWMkXWmTJFCZ0yRUCgMkVvozJFoqYyRdqpMkUJrTJFQLAyRXOz
MkWmtjJF1rkyRQm9MkU8wDJFc8MyRaLGMkXayTJFDc0yRTzQMkVv0zJFotYyRdbZMkUJ3TJF
POAyRW/jMkWi5jJF1ukyRQntMkU88DJFb/MyRaL2MkXW+TJFDf0yRTwAM0VzAzNFogYzRdYJ
M0UNDTNFQBAzRXMTM0WmFjNF1hkzRQkdM0VAIDNFcyMzRaImM0XaKTNFDS0zRTwwM0VvMzNF
pjYzRdY5M0UNPTNFREAzRW9DM0WmRjNF1kkzRQ1NM0VAUDNFb1MzRaZWM0XWWTNFDV0zRTxg
M0VzYzNFomYzRdppM0UNbTNFPHAzRXNzM0WidjNF2nkzRQl9M0U8gDNFb4MzRaaGM0XWiTNF
DY0zRTyQM0VvkzNFopYzRdqZM0UJnTNFPKAzRXOjM0WipjNF1qkzRQmtM0VAsDNFb7MzRaa2
M0XWuTNFCb0zRTzAM0VvwzNFpsYzRdrJM0UJzTNFPNAzRW/TM0Wi1jNF1tkzRQndM0U84DNF
b+MzRaLmM0XW6TNFDe0zRUDwM0Vz8zNFovYzRdr5M0UJ/TNFPAA0RXMDNEWiBjRF2gk0RQkN
NEU8EDRFbxM0RaIWNEXWGTRFCR00RTwgNEVzIzRFoiY0RdYpNEUNLTRFQDA0RW8zNEWmNjRF
1jk0RQk9NEU8QDRFb0M0RaZGNEXWSTRFDU00RUBQNEVvUzRFolY0RdZZNEUJXTRFQGA0RXNj
NEWmZjRF1mk0RQ1tNEVAcDRFb3M0RaJ2NEXWeTRFCX00RUCANEVvgzRFooY0RdaJNEUNjTRF
PJA0RW+TNEWiljRF2pk0RQmdNEVAoDRFb6M0RaKmNEXWqTRFCa00RTywNEVzszRForY0Rdq5
NEUJvTRFPMA0RW/DNEWixjRF2sk0RQnNNEU80DRFb9M0RabWNEXa2TRFCd00RTzgNEVz4zRF
puY0RdrpNEUN7TRFPPA0RW/zNEWi9jRF1vk0RQ39NEU8ADVFcwM1RaYGNUXWCTVFCQ01RUAQ
NUVvEzVFohY1RdYZNUUJHTVFQCA1RW8jNUWiJjVF2ik1RQktNUVAMDVFbzM1RaI2NUXaOTVF
DT01RTxANUVzQzVFokY1RdpJNUUJTTVFPFA1RW9TNUWmVjVF1lk1RQldNUVAYDVFc2M1RaJm
NUXWaTVFCW01RTxwNUVvczVFpnY1RdZ5NUUJfTVFPIA1RW+DNUWihjVF1ok1RQmNNUVAkDVF
b5M1RaKWNUXamTVFCZ01RUCgNUVvozVFpqY1RdqpNUUJrTVFQLA1RW+zNUWitjVF1rk1RQ29
NUU8wDVFb8M1RaLGNUXWyTVFCc01RTzQNUVv0zVFotY1RdbZNUUJ3TVFPOA1RW/jNUWi5jVF
1uk1RQntNUVA8DVFc/M1Rab2NUXa+TVFDf01RTwANkVzAzZFpgY2RdYJNkUNDTZFPBA2RW8T
NkWmFjZF1hk2RQkdNkVAIDZFcyM2RaImNkXWKTZFCS02RUAwNkVzMzZFojY2Rdo5NkUJPTZF
PEA2RW9DNkWiRjZF1kk2RQlNNkU8UDZFc1M2RaJWNkXWWTZFDV02RUBgNkVvYzZFomY2RdZp
NkUJbTZFQHA2RW9zNkWidjZF1nk2RQ19NkU8gDZFb4M2RaKGNkXWiTZFDY02RTyQNkVvkzZF
opY2RdqZNkUJnTZFPKA2RW+jNkWipjZF1qk2RQmtNkU8sDZFb7M2Raa2NkXWuTZFDb02RUDA
NkVvwzZFpsY2RdrJNkUNzTZFPNA2RXPTNkWm1jZF2tk2RQndNkU84DZFb+M2RaLmNkXa6TZF
Ce02RTzwNkVz8zZFovY2Rdr5NkUJ/TZFPAA3RXMDN0WiBjdF1gk3RQ0NN0VAEDdFbxM3RaIW
N0XWGTdFCR03RTwgN0VzIzdFoiY3RdopN0UJLTdFPDA3RW8zN0WmNjdF2jk3RQk9N0U8QDdF
b0M3RaZGN0XWSTdFDU03RTxQN0VvUzdFolY3RdZZN0UNXTdFPGA3RW9jN0WmZjdF1mk3RQ1t
N0VAcDdFb3M3RaZ2N0XaeTdFDX03RTyAN0VvgzdFooY3RdaJN0UJjTdFPJA3RW+TN0WiljdF
2pk3RQmdN0U8oDdFc6M3RaKmN0XWqTdFCa03RTywN0VzszdFprY3Rda5N0UNvTdFQMA3RW/D
N0WixjdF1sk3RQnNN0VA0DdFb9M3RaLWN0Xa2TdFCd03RTzgN0Vz4zdFpuY3RdrpN0UJ7TdF
QPA3RW/zN0Wi9jdF1vk3RQn9N0U8ADhFbwM4RaYGOEXaCThFDQ04RTwQOEVvEzhFohY4RdYZ
OEUJHThFQCA4RW8jOEWmJjhF1ik4RQ0tOEU8MDhFbzM4RaI2OEXWOThFCT04RTxAOEVvQzhF
pkY4RdpJOEUJTThFQFA4RW9TOEWiVjhF1lk4RQ1dOEU8YDhFc2M4RaZmOEXWaThFDW04RUBw
OEVzczhFonY4Rdp5OEUJfThFQIA4RXODOEWmhjhF1ok4RQ2NOEU8kDhFb5M4RaaWOEXWmThF
CZ04RUCgOEVzozhFoqY4RdapOEUJrThFPLA4RW+zOEWitjhF1rk4RQ29OEVAwDhFb8M4RaLG
OEXWyThFCc04RTzQOEVv0zhFotY4RdrZOEUN3ThFQOA4RW/jOEWm5jhF2uk4RQntOEU88DhF
b/M4RaL2OEXa+ThFCf04RUAAOUVvAzlFogY5RdoJOUUJDTlFPBA5RXMTOUWmFjlF2hk5RQkd
OUU8IDlFcyM5RaImOUXWKTlFCS05RUAwOUVzMzlFojY5RdY5OUUJPTlFPEA5RW9DOUWiRjlF
1kk5RQ1NOUU8UDlFc1M5RaZWOUXWWTlFCV05RTxgOUVvYzlFomY5RdZpOUUNbTlFPHA5RW9z
OUWidjlF1nk5RQl9OUVAgDlFc4M5RaaGOUXWiTlFCY05RUCQOUVzkzlFopY5RdaZOUUNnTlF
PKA5RW+jOUWipjlF1qk5RQ2tOUU8sDlFb7M5RaK2OUXauTlFCb05RUDAOUVvwzlFpsY5RdrJ
OUUJzTlFQNA5RXPTOUWm1jlF2tk5RQ3dOUU84DlFb+M5RaLmOUXa6TlFCe05RTzwOUVv8zlF
pvY5Rdb5OUUJ/TlFPAA6RXMDOkWmBjpF2gk6RQ0NOkU8EDpFcxM6RaYWOkXaGTpFCR06RUAg
OkVzIzpFoiY6RdopOkUJLTpFPDA6RW8zOkWmNjpF1jk6RQk9OkVAQDpFc0M6RaZGOkXWSTpF
DU06RTxQOkVzUzpFolY6RdZZOkUJXTpFPGA6RW9jOkWiZjpF1mk6RQltOkU8cDpFb3M6RaJ2
OkXaeTpFCX06RTyAOkVvgzpFooY6RdaJOkUNjTpFPJA6RW+TOkWmljpF2pk6RQ2dOkU8oDpF
c6M6RaKmOkXWqTpFCa06RTywOkVvszpFprY6Rda5OkUJvTpFPMA6RXPDOkWmxjpF1sk6RQnN
OkU80DpFc9M6RaLWOkXW2TpFCd06RUDgOkVz4zpFouY6RdrpOkUN7TpFQPA6RW/zOkWi9jpF
2vk6RQ39OkVAADtFcwM7RaYGO0XaCTtFDQ07RUAQO0VvEztFphY7RdYZO0UJHTtFQCA7RW8j
O0WiJjtF1ik7RQ0tO0U8MDtFczM7RaY2O0XaOTtFCT07RTxAO0VzQztFokY7RdZJO0UJTTtF
PFA7RW9TO0WmVjtF1lk7RQldO0VAYDtFb2M7RaZmO0XaaTtFCW07RTxwO0VvcztFonY7Rdp5
O0UNfTtF</AssayXData><AssayYData Points="1500">39ShQEu6oUAZ1qFAAcehQJaVoUChc6FAoGShQJZgoUBod6FArSmhQAYpoUACG6FArwihQKfn
oEDC2qBA6vagQNPPoEAWqqBAbZCgQBGHoECcp6BAcJagQMVzoEA3laBATZ2gQCJooECsPqBA
WiKgQDVFoEDqH6BAziigQF4moEDVN6BAxfufQKAboECC459AZQmgQLXan0DhvJ9AEt2fQJfG
n0DO059AH9ifQIq3n0BBqp9AG3KfQFiMn0CFe59Ayn2fQH9+n0BObJ9AiWifQJxfn0AxYJ9A
TlufQGeXn0DMTZ9AhDafQAAon0CMQp9AByGfQIIxn0A0N59AkBefQGL2nkApG59AcfeeQEMI
n0AIFJ9AfO6eQB71nkASCJ9Az/eeQPzhnkCq2Z5AN9meQKvSnkAr755AXNSeQP6ankCr8Z5A
oOKeQKG3nkBppp5AG5SeQMW8nkAUuZ5AgJmeQCuinkCyj55AoMueQOWknkCplZ5AwW+eQC2t
nkCzeJ5A3qeeQN5vnkAVgp5Aam6eQOmAnkBAeZ5A/5OeQGRTnkDvgZ5A4XqeQIpHnkBYVZ5A
dCueQNRSnkBSbJ5AkDSeQIc3nkAyUJ5AF0qeQCknnkBIWJ5A6SWeQAohnkBIMZ5AAUOeQN8m
nkABNZ5AGieeQOcSnkA2DJ5ADv+dQBv/nUDvA55APO+dQPoZnkC1AZ5AHPWdQBnenUBp6p1A
qgSeQMz2nUDKEJ5AwxWeQP0MnkDl451A6gmeQFbonUCw4J1AA9mdQD/bnUAU/51AILidQCbE
nUD0zJ1Ai8+dQJXLnUC6wZ1ADLSdQKGEnUDpvZ1AfcKdQLqXnUAVyJ1AbLGdQPWKnUB80J1A
xqCdQMOanUALqJ1AM6qdQPuMnUAfsZ1Ar3udQESLnUAzjJ1AFredQPGPnUAqhp1ATL2dQC2g
nUBIg51AR46dQMqZnUDhc51AuIedQPGAnUDse51AYYudQIqNnUA5iZ1AimqdQI+InUAjX51A
Y2WdQHlLnUDhXJ1AEEqdQMpOnUACU51API6dQPJhnUBPMJ1AfVqdQL+AnUANX51A9FGdQPFS
nUCbVp1Ar1adQJp7nUBJXp1AlDudQFtOnUA8R51Abj2dQHBZnUBOXJ1AqDKdQP4wnUD1dp1A
qlydQBxGnUC7O51AKzCdQAkfnUDfWZ1AYEmdQAU8nUAYPZ1AhlidQFYSnUByH51AKD2dQFYY
nUDYQp1AJiydQDz6nEBoNZ1AqB+dQPYdnUB+EJ1ArCidQHoYnUBFJp1AQhudQIAgnUBlK51A
GxWdQNUpnUBYFZ1ATzOdQIvvnEDe/5xAiNicQETpnEBR5JxATbOcQAUOnUDjEJ1AMfqcQPT1
nEDIBJ1A+e6cQLb1nECQF51A89WcQIrXnECU/JxA59KcQM70nECH65xAEd2cQPnrnEAB6JxA
6uacQF/qnEDR6JxAOPOcQBnonEDqypxAJv2cQCDBnEBC/5xAC9ycQBTtnEAAD51A8/ecQMi5
nEC5zZxAm+acQKqnnEBs+pxAvfKcQIHXnED14pxAd+KcQB24nEBuqpxAOtOcQDX6nEDU0JxA
AvScQO70nEA+6ZxASgWdQErinECS2ZxA5/ScQN/WnEA2AZ1ANtucQCPanECXypxAheacQEHc
nED87JxAyNacQELrnEA0vpxA5cGcQPfInECZ55xAb+ycQNXCnEDqzpxAoOWcQGHYnECP05xA
AcWcQALdnEAoupxAN8ecQD3AnEAcwpxA4KycQFC3nECxxpxA4M2cQPe9nEAZsZxAzdWcQNS0
nEDGqZxAkMecQPnSnEBcr5xAFsGcQKOQnECs1JxAh6CcQEPfnECuupxAZ6+cQJyXnEBdkJxA
wpecQDOcnEC1s5xA1aOcQGW0nEAnsJxA0cOcQAG9nEBzd5xAtY6cQCqpnECJrJxAt5CcQMOd
nEBykZxAdI6cQKmunECcy5xAHMicQMKnnEBKrJxAc6ycQCjJnEA/qpxA7bWcQBSnnEBpv5xA
mpicQG2qnEDKnZxARpScQFt+nEBor5xA8ZKcQDOanEAOtpxAgs2cQIyznECEsJxAMLmcQPiS
nEBmjJxAA6GcQBG3nEDflZxAB8acQCGZnEC9qpxAkKWcQNernECtg5xAop2cQCySnEAhopxA
cqacQBJxnEDYj5xAR6qcQI2AnEBpfZxAr3icQP+GnECokpxAWLCcQMScnEDfg5xAnH+cQA9d
nEDMlZxAgIWcQF+DnECCh5xAz6acQACRnEDIiJxA0JScQNWVnECsVJxA1I+cQFqUnECBjZxA
c4ecQBqznEClkJxAr5CcQNmVnEA7oZxACZmcQNCUnEAThpxA8XKcQO+FnEAciZxAZ2icQFON
nEAah5xA0ZqcQPKHnECUe5xAXIycQNJznEAqbpxAtX2cQDxynEAuoJxA+DicQGJWnECTZpxA
LGGcQIh2nEAHm5xAn3KcQMBTnECwd5xADnWcQLJgnEBMiZxA/EecQIhrnEDzb5xA0nScQD95
nEBthpxAW36cQPCanEDMnpxALH2cQD1xnED2epxAOXycQPItnEATUZxADZKcQEGJnEC/jJxA
eUKcQLQwnEA2aJxA1Y2cQORRnEAdjZxAo2qcQLJ2nEC0eJxAoWCcQHlxnECsZJxArWqcQPxT
nEC9S5xAoG2cQNWFnEC5WpxAVFScQN6GnEBwXJxABI6cQGpvnECOeJxABG+cQNx+nECbfJxA
qGmcQPxcnEAUlZxAMTOcQAJynEBUXpxAQGScQJtfnEBiXpxA/GucQLhanEAMUZxAOHicQC5t
nEBaaZxAPHKcQHpknECwbZxACEycQOR5nEBrVJxAt0KcQK5rnEDyR5xAbYOcQANbnEA+QpxA
PV2cQGd0nECpdpxAq3ucQMVJnEAjY5xA5yScQH40nEADOZxAOlGcQEBDnED0RJxAnEycQCBa
nEC7NpxAYlacQKBJnEBqIJxATj6cQOVunEAJU5xAQkKcQOdynECxT5xASUKcQChxnEApW5xA
I06cQGlRnEBYRJxAeU2cQDs1nEDLSpxA61icQJJGnEBYVpxAHjWcQHpHnECYUZxA5WqcQL90
nEA1WpxA4UCcQOFunEDsXpxAEoScQHNwnEByZpxAd1OcQPJcnECjbZxAhUOcQCRNnEB2VpxA
szicQMxHnECjL5xAqzacQAlznEDvEJxAFWScQNBZnEBoOJxAqGKcQGFRnEDdP5xAfk+cQP5l
nED9UZxA2zicQL81nEAbUZxAnkecQNdZnEBncpxAQyOcQItMnEAMPpxAbF6cQP46nECpXpxA
KU6cQPphnEAwY5xAvCqcQAMvnEBgX5xATzycQFpXnEBSV5xAnS+cQIdnnECaVZxAviucQDc4
nEAQO5xAfzScQFpKnEDTQpxAeWecQC8znEA2UZxAFSucQOxXnECHPJxAy2WcQFlCnECXP5xA
D1+cQE9EnEADUpxA8TOcQHY9nEACQ5xAniicQKYfnECqOpxAXVacQIZEnECmWJxApiWcQG1b
nEBsP5xAdz2cQJFnnEBBN5xA9EWcQO5XnECkKpxAalGcQBhnnEBTSpxAE06cQEEtnEDNYJxA
czKcQBZinEBmVpxAZyKcQINhnEB1TJxAYkCcQJE5nEDgOZxA8VOcQFpYnEDvSZxAEE2cQOM1
nEAMWZxAlzucQA07nEDXU5xAvl6cQIZ6nEAgZJxAMVOcQBBQnECcJZxAOTecQFQ1nEDxUpxA
DzqcQIc2nECzP5xAfh2cQNgxnEBKOZxANzecQK9JnEDTS5xAJUicQEJHnEALU5xAO16cQIFW
nEA9MpxAwkKcQNstnEAoSJxACyucQOYanEC9CpxAniScQPMenEBAIZxAmBqcQEoinEC0M5xA
yC2cQOUtnECoGZxAnPubQGE3nEBNHZxAjxWcQDUenECrKZxA+zucQNsRnEBW+5tAUzWcQGA7
nEDMFZxAMDqcQBMbnEANFpxAjTicQIf6m0ADLJxABRGcQOErnEDkJJxAhiKcQDwonEBSCpxA
PUKcQNUYnEALK5xAjyWcQHc2nEAgOpxAK/SbQIFCnEBDQpxAiCicQO4YnEDoGJxAdv2bQLwV
nECuApxAWDScQIMrnEB3J5xArjecQFkJnEBvIZxANPabQPstnEBMMZxARQicQEovnEBgMZxA
3z+cQLYBnEA6PpxAejicQNgwnEDTEJxAuRicQPManEAfFZxA0QucQCAjnEBRI5xAhh+cQFcz
nEBZHpxAVjCcQEkdnEDYJpxAI1acQLZCnEB7MZxALTKcQAUhnEDPX5xAxyWcQOgynECDCZxA
RD6cQF1bnECiOZxA8xacQJZHnEBNLpxAWD6cQDhLnEDDIZxAMRycQFlQnEApT5xA+CGcQCMe
nEAKJ5xAOj2cQPImnEAxZ5xAySacQK8snED1R5xAR0KcQHM5nEByIpxADwqcQA0FnECIFJxA
ZBKcQPMKnECvPJxAQRacQANLnEBwKZxAIxicQAITnEBQG5xAtEKcQBYZnECqK5xABAWcQFwb
nEB+FJxAqhScQHUinEA+ApxASCGcQHclnEDpMpxA+zOcQBg4nEALKJxAqUucQOcqnEBabJxA
fjqcQMQjnEDkKZxACk+cQM5enED8MZxAdjicQMBonEB6KpxAP1OcQNVbnEAwSpxA+TCcQBor
nEDKLpxAJR+cQKk7nEC6WJxA7xicQNg6nECnL5xAyQ+cQDM+nECQKJxAv0acQOtBnEDPGJxA
hQScQLEcnEAHT5xAih+cQGYJnEDdDpxA/hicQPAWnEDeJpxAqg2cQPwHnEBgIpxATzecQOAE
nEAcE5xAXhCcQH4inEC/G5xAvhGcQFsqnEBQHJxAli2cQBs5nEDTI5xAhxGcQPYlnEBpIZxA
1iecQIhDnEC6H5xAXRKcQLUnnEDnLZxABvmbQA4DnEDuNJxAF1ScQAJQnEAFT5xANCacQDUl
nEDIP5xA2RucQC8cnEBORJxASSKcQLU3nEDiNpxAzyOcQFYunEBzUpxA8EGcQKUSnEChaZxA
PlqcQIwinEC2KJxAhk6cQOYQnEB8GZxARyucQPT8m0ArNZxAXjycQBsjnEB2K5xA1x2cQHMq
nEB/K5xArQCcQH0PnEAmGZxAqC6cQOkknEAHJ5xAewacQGAnnEA4D5xA1DWcQE0wnEB+LZxA
Bg6cQMIJnEA4EpxAi/ibQDsqnEBAHZxAWyecQHQZnECuE5xA5UKcQGlFnEDLNJxAshacQHoU
nECXVpxAi0qcQJM/nEA/S5xAyx6cQDxJnEBjNZxAKxicQAovnEAzKpxAlkGcQAsqnEBUIJxA
cjicQK0enECYTpxA3iucQNkxnEAlIpxAUUKcQC05nEDYOpxAxS6cQC5VnEDkS5xArEecQDFN
nEA6PpxAfUqcQK4qnECASZxAlSucQOpFnED1NJxAySycQBNEnED5C5xAQEKcQHQ1nEAhW5xA
PSacQJUqnEBaHZxAAE+cQBlYnEAfK5xARBucQM1KnECaNJxAHiucQLcanECwNJxAQUqcQGUm
nED+LJxAlSWcQJAqnEAETJxAaE6cQE9mnEDEZJxAbkicQGMinEDHQJxAfhScQHJRnECoQpxA
jzycQGUXnEAfUJxATEKcQLdInEDsDJxAujKcQCw0nED1QZxAW1OcQCE4nECMNJxAOT2cQHpB
nECzNpxAV0ScQMwdnECxF5xAOFCcQK5NnEBkLpxAphCcQL5dnEBDOJxAVy+cQMY4nEA/a5xA
tTicQE5PnECHWpxAgiycQLRMnEDQOpxAxj+cQNJEnEATPZxAGwicQIlGnEDdQJxACFGcQOFC
nEBEVJxA8TGcQNEmnEBeVJxAcDucQBZenED6SZxAojqcQHNenEAPSpxAYE+cQCI8nEDSbZxA
OjCcQPJjnEBLMZxAJkqcQLVHnEDHTJxAkCmcQFFAnEDcL5xAiDacQIYvnEDyUpxA8UWcQJFQ
nECvP5xAaFecQGJFnEBERJxA1zacQPxKnEBYP5xAHmmcQJdmnEDVVJxAhTycQEZjnEDfPJxA
DzucQG07nECLYJxA4kScQBdInEA5O5xAbFicQItHnECZSpxAqzCcQJEInED+Q5xAEzmcQCsg
nEDXSZxAUGCcQHlNnEDOVJxABEmcQOBDnECIOZxAXSacQJthnEB7R5xAHj6cQJE4nEAySpxA
9EicQGQxnEAUDpxAhT6cQFBSnEAGSJxAMUOcQM9KnEAKP5xAl0WcQHhWnEA0BpxApzecQNA6
nEA7NJxAS2CcQMBQnEBFMpxA+TacQBEynEAjWpxAf1OcQO89nEAjPZxAYD+cQEthnEBZSJxA
w0WcQJIXnEAKNZxA9SKcQB9dnEAwVJxAbTqcQG9wnEBSVJxALkicQJlAnEBFRJxAfUicQNlA
nEAVR5xADEWcQABWnEBHL5xAIl2cQLw3nEBbQZxA8UucQJgknEDGIZxA3VOcQClDnEBfUpxA
m0CcQORunEDVMpxAVUWcQDxQnEABGpxA/mGcQLRHnEDYMpxAJDWcQFRAnEDtS5xAHEGcQAAi
nECLNpxAMmecQMBmnEDuRJxA/1GcQDQ+nECxQ5xAGkKcQEZsnEDCKpxAXTecQM5fnEACZZxA
OEecQN0YnEDSQpxAvmqcQC80nEDzbZxALUicQH9CnEC0SpxAQSecQFMznEBGVZxAb1OcQOA9
nEBxMZxAJFmcQNEUnEDrRpxALUqcQOQ/nEC4UZxAUT6cQLNnnED9M5xArUmcQKhFnECtUpxA
WyWcQHEynEAKJJxAIzWcQO9LnEA9NpxAT0ucQENtnECbL5xASEacQOc1nEAgJ5xA00OcQP8/
nECmUZxAwUOcQPhjnEClUJxAv1ecQLRsnEBMQ5xAtDecQEY8nEAYSZxAgmGcQNFpnEDhYpxA
xkWcQP5BnEDDZpxACXicQD1CnEAxZJxAViucQM5YnED2P5xAfkqcQE8znEA4R5xAJHucQHpC
nEAeZpxAFx+cQNZAnEDuX5xA5kacQG5UnECyR5xACFecQIscnECBO5xA50icQEg5nECrRZxA
+kCcQDA3nEBAVZxAJUmcQNATnEAvLpxAxC2cQDRWnECwMZxAIEycQDZBnEBZXZxAIFucQB5A
nEDEUJxAdUqcQOdmnEDJbZxA8E2cQCRJnEBCMJxAfkucQKxknEDoXJxAfWucQGRWnEDEb5xA
tkWcQMNxnEDGRZxAGmqcQN9XnEC3c5xAtEKcQIQ2nEDmSpxAIS6cQHo4nEA1OpxAe0ycQAox
nEAQdZxAjlCcQCNPnEASVpxA3CScQP5SnEA0ZpxAj1OcQC5MnEA7QJxA/kucQJlHnEC1R5xA
NmOcQPZanEDGQpxA+2CcQHlSnEC0XJxACVucQDl1nECOYZxAul6cQPNTnECKTZxAQ1OcQDpq
nEAeS5xAMEqcQJ1AnEAXZJxADmCcQNtjnECPT5xAQmKcQC1cnED8W5xABHacQJ5SnEDhbJxA
snScQKdPnEA+hJxA6EWcQDNanECpQZxA7UqcQGdEnEC3WpxA3HOcQIg2nEB6YZxAkWCcQJNg
nEDMY5xAE12cQH5qnEDDRZxACHicQG1anEAQTZxAqpKcQMVlnEAPXpxArjycQCtfnEAYcJxA
/lmcQCSUnEBGTZxAOHacQGZonEABYpxA52GcQPdqnECuR5xA6VmcQAhbnEBMc5xAfnacQJ9r
nECmV5xAhmicQK1nnEB9Y5xAlZCcQC5LnED+WZxAGEmcQGZKnEAFe5xAFnacQCKBnEAkVZxA
4nycQIc6nEBPc5xAlWWcQNFknECGa5xAf3qcQGyFnEBeZZxAVIicQNpqnEAcdpxAom2cQEt1
nEB/apxAR1ycQMh4nED2VpxAJ4acQBBRnEB3bZxABGOcQFN4nEDiRZxAk3ScQFl2nEANfZxA
H1WcQPJunEDyU5xAwGGcQLBxnEBzgpxAMWWcQBB9nEDUgZxAKUycQPKHnED1Y5xAomGcQCdw
nECkYpxA</AssayYData></Step><Step><CommonData><SampleLocation>7</SampleLocation><SampleID>Glycine</SampleID><SampleGroup></SampleGroup><SampleInfo></SampleInfo><SampleRow>B</SampleRow><SamplePlate>1</SamplePlate><WellType>REGENERATION</WellType><Concentration>-1</Concentration><ConcentrationUnits>µg/ml</ConcentrationUnits><MolarConcentration>-1</MolarConcentration><MolarConcUnits>nM</MolarConcUnits><MolecularWeight>0</MolecularWeight><Temperature>30</Temperature><StartTime>3412175</StartTime><AssayTime>5</AssayTime></CommonData><FlowRate>1000</FlowRate><StepType>KREGENERATION</StepType><StepName>Regeneration</StepName><StepStatus>OK</StepStatus><ActualTime>5.00103</ActualTime><CycleTime>0.2</CycleTime><AssayXData Points="25">QIA7RXODO0WqhjtF2ok7RRGNO0VAkDtFc5M7RaqWO0XamTtFDZ07RUCgO0VzoztFpqY7Rd6p
O0URrTtFQLA7RXezO0WmtjtF2rk7RRG9O0VAwDtFd8M7RabGO0XayTtFEc07RQ==</AssayXData><AssayYData Points="25">s8ENP6H86z4wgs8+ucW8PlkUrD4RLZ0+zjuPPiOFgD7MIGQ+a9hJPou6Nz6aViY+948QPnfW
/D21Lss97LSjPb67kT1Ei2c9sDAmPdeK4DwX/Lg8jel2O7mSL7wgCTm80xjDvA==</AssayYData></Step><Step><CommonData><SampleLocation>8</SampleLocation><SampleID>PBS</SampleID><SampleGroup></SampleGroup><SampleInfo></SampleInfo><SampleRow>B</SampleRow><SamplePlate>1</SamplePlate><WellType>NEUTRALIZATION</WellType><Concentration>-1</Concentration><ConcentrationUnits>µg/ml</ConcentrationUnits><MolarConcentration>-1</MolarConcentration><MolarConcUnits>nM</MolarConcUnits><MolecularWeight>0</MolecularWeight><Temperature>30</Temperature><StartTime>3425441</StartTime><AssayTime>5</AssayTime></CommonData><FlowRate>1000</FlowRate><StepType>KREGENERATION</StepType><StepName>Regeneration</StepName><StepStatus>OK</StepStatus><ActualTime>5.00103</ActualTime><CycleTime>0.2</CycleTime><AssayXData Points="25">RNA7RXvTO0Wq1jtF3tk7RRHdO0VI4DtFe+M7RarmO0Xe6TtFEe07RUTwO0V78ztFqvY7Rd75
O0UR/TtFRAA8RXcDPEWqBjxF4gk8RRENPEVIEDxFexM8RaoWPEXeGTxFFR08RQ==</AssayXData><AssayYData Points="25">F5lsQFACbkC9GG9AiptvQPF7cEDfSHFA35RxQHbjcUCfMnJAW8pyQEPmckB9p3NAYM1zQKMY
dEB8DnRAeX10QOyIdEDel3RAEO50QH8xdUBaKXVAhx51QHWPdUCfrHVAi811QA==</AssayYData></Step><Step><CommonData><SampleLocation>7</SampleLocation><SampleID>Glycine</SampleID><SampleGroup></SampleGroup><SampleInfo></SampleInfo><SampleRow>B</SampleRow><SamplePlate>1</SamplePlate><WellType>REGENERATION</WellType><Concentration>-1</Concentration><ConcentrationUnits>µg/ml</ConcentrationUnits><MolarConcentration>-1</MolarConcentration><MolarConcUnits>nM</MolarConcUnits><MolecularWeight>0</MolecularWeight><Temperature>30</Temperature><StartTime>3438844</StartTime><AssayTime>5</AssayTime></CommonData><FlowRate>1000</FlowRate><StepType>KREGENERATION</StepType><StepName>Regeneration</StepName><StepStatus>OK</StepStatus><ActualTime>5.00005</ActualTime><CycleTime>0.2</CycleTime><AssayXData Points="25">SSA8RXwjPEWzJjxF5yk8RRYtPEVNMDxFgDM8Ra82PEXjOTxFGj08RUlAPEV8QzxFs0Y8ReNJ
PEUaTTxFSVA8RYBTPEWvVjxF51k8RRpdPEVNYDxFfGM8Ra9mPEXnaTxFFm08RQ==</AssayXData><AssayYData Points="25">UhJPPqAG/z3YSKM9SEQ4PVFNszy5obU7TR6evFTQvrwRTyq9YqFPvXyWeb1CgYO9LfKevWYI
tL22/MW9g3LWvX+P3L3aA+69hdcBvsRSCb5KrAW+xtcOvml6Fb4CpRi+UHkbvg==</AssayYData></Step><Step><CommonData><SampleLocation>8</SampleLocation><SampleID>PBS</SampleID><SampleGroup></SampleGroup><SampleInfo></SampleInfo><SampleRow>B</SampleRow><SamplePlate>1</SamplePlate><WellType>NEUTRALIZATION</WellType><Concentration>-1</Concentration><ConcentrationUnits>µg/ml</ConcentrationUnits><MolarConcentration>-1</MolarConcentration><MolarConcUnits>nM</MolarConcUnits><MolecularWeight>0</MolecularWeight><Temperature>30</Temperature><StartTime>3451946</StartTime><AssayTime>5</AssayTime></CommonData><FlowRate>1000</FlowRate><StepType>KREGENERATION</StepType><StepName>Regeneration</StepName><StepStatus>OK</StepStatus><ActualTime>5.00005</ActualTime><CycleTime>0.2</CycleTime><AssayXData Points="25">SXA8RXxzPEWzdjxF53k8RRZ9PEVNgDxFfIM8Ra+GPEXjiTxFGo08RUmQPEV8kzxFr5Y8ReeZ
PEUanTxFTaA8RYCjPEWvpjxF46k8RRatPEVJsDxFfLM8RbO2PEXjuTxFFr08RQ==</AssayXData><AssayYData Points="25">m0lqQN1xa0AhtWxAm3ptQLcjbkBdpm5AVxlvQL/Mb0CiA3BAH2hwQO6jcECfa3FAFgpxQEem
cUCC03FAAw5yQIIzckD/b3JASrFyQKqyckBV+HJAvNZyQMhXc0AfeXNA94FzQA==</AssayYData></Step><Step><CommonData><SampleLocation>7</SampleLocation><SampleID>Glycine</SampleID><SampleGroup></SampleGroup><SampleInfo></SampleInfo><SampleRow>B</SampleRow><SamplePlate>1</SamplePlate><WellType>REGENERATION</WellType><Concentration>-1</Concentration><ConcentrationUnits>µg/ml</ConcentrationUnits><MolarConcentration>-1</MolarConcentration><MolarConcUnits>nM</MolarConcUnits><MolecularWeight>0</MolecularWeight><Temperature>30</Temperature><StartTime>3465383</StartTime><AssayTime>5</AssayTime></CommonData><FlowRate>1000</FlowRate><StepType>KREGENERATION</StepType><StepName>Regeneration</StepName><StepStatus>OK</StepStatus><ActualTime>5.00005</ActualTime><CycleTime>0.2</CycleTime><AssayXData Points="25">ScA8RYTDPEWvxjxF48k8RRbNPEVJ0DxFgNM8Ra/WPEXj2TxFFt08RUngPEV84zxFs+Y8RePp
PEUW7TxFTfA8RYDzPEWz9jxF5/k8RRb9PEVNAD1FfAM9Ra8GPUXjCT1FFg09RQ==</AssayXData><AssayYData Points="25">ev4RPkqOiD2ykg09dGEwPJKUjrwpk9O82Hs1vQW5YL2QRIK9G/ObvQ6qu73bosC9MAvSvRqh
6b0/keq9C3z+vZ/aBL6cPgq+6x8NvldqFL5UOBm+V/kYvgV3Hr4G6yK+tSggvg==</AssayYData></Step><Step><CommonData><SampleLocation>8</SampleLocation><SampleID>PBS</SampleID><SampleGroup></SampleGroup><SampleInfo></SampleInfo><SampleRow>B</SampleRow><SamplePlate>1</SamplePlate><WellType>NEUTRALIZATION</WellType><Concentration>-1</Concentration><ConcentrationUnits>µg/ml</ConcentrationUnits><MolarConcentration>-1</MolarConcentration><MolarConcUnits>nM</MolarConcUnits><MolecularWeight>0</MolecularWeight><Temperature>30</Temperature><StartTime>3478818</StartTime><AssayTime>5</AssayTime></CommonData><FlowRate>1000</FlowRate><StepType>KREGENERATION</StepType><StepName>Regeneration</StepName><StepStatus>OK</StepStatus><ActualTime>5.00103</ActualTime><CycleTime>0.2</CycleTime><AssayXData Points="25">SRA9RXwTPUWzFj1F4xk9RRodPUVJID1FfCM9RbMmPUXnKT1FFi09RU0wPUV8Mz1FrzY9ReM5
PUUWPT1FTUA9RYBDPUWvRj1F40k9RRpNPUVJUD1FgFM9RbNWPUXnWT1FGl09RQ==</AssayXData><AssayYData Points="25">W3VrQBtObEB6zG1AU75uQHDxbkDdym9AUgZwQKficEAFC3FAlkpxQI/NcUDE8nFAe6NyQJmJ
ckCY2HJA9gpzQFpEc0CDoHNAwKBzQLrCc0CzFXRANjd0QN1sdEC3hnRAmnh0QA==</AssayYData></Step><Step><CommonData><SampleLocation>3</SampleLocation><SampleID>Octet Buffer</SampleID><SampleGroup></SampleGroup><SampleInfo></SampleInfo><SampleRow>A</SampleRow><SamplePlate>1</SamplePlate><WellType>BUFFER</WellType><Concentration>-1</Concentration><ConcentrationUnits>µg/ml</ConcentrationUnits><MolarConcentration>-1</MolarConcentration><MolarConcUnits>nM</MolarConcUnits><MolecularWeight>0</MolecularWeight><Temperature>30</Temperature><StartTime>3493396</StartTime><AssayTime>20</AssayTime></CommonData><FlowRate>1000</FlowRate><StepType>CUSTOM</StepType><StepName>Sensor Check</StepName><StepStatus>OK</StepStatus><ActualTime>20.001</ActualTime><CycleTime>0.2</CycleTime><AssayXData Points="100">TWA9RYBjPUW3Zj1F52k9RRptPUVRcD1FgHM9Rbd2PUXreT1FGn09RU2APUWAgz1Fs4Y9ReuJ
PUUajT1FTZA9RYCTPUWzlj1F55k9RRqdPUVRoD1FgKM9RbOmPUXnqT1FGq09RU2wPUWAsz1F
t7Y9Ree5PUUavT1FTcA9RYTDPUW3xj1F58k9RRrNPUVN0D1FgNM9RbfWPUXn2T1FGt09RU3g
PUWA4z1Fs+Y9RevpPUUa7T1FTfA9RYTzPUWz9j1F6/k9RRr9PUVRAD5FgAM+RbcGPkXnCT5F
Gg0+RU0QPkWAEz5FsxY+RecZPkUaHT5FUSA+RYQjPkW3Jj5F6yk+RRotPkVRMD5FgDM+Rbc2
PkXrOT5FGj0+RU1APkWEQz5Fs0Y+RetJPkUaTT5FTVA+RYRTPkWzVj5F61k+RRpdPkVNYD5F
hGM+RbdmPkXraT5FHm0+RU1wPkWAcz5Fs3Y+Red5PkUefT5FUYA+RYSDPkWzhj5F54k+RR6N
PkVNkD5FhJM+RbOWPkXnmT5FHp0+RQ==</AssayXData><AssayYData Points="100">PBlpQA3SZUBFrWNAylRiQH3NYUB6MWFAQeRgQIuqYEDGm2BArZlgQP5yYECHrGBAVfZgQG4Y
YUASPmFAFqphQM1mYUDcVWFA59thQKEnYkBULWJAYQJiQD63YkA/BGJACmxiQKelYkA7nmJA
+LdiQMQqY0A75GJAbtZiQBA7Y0DJRWNAAmJjQJ+eY0DgkmNAEWhjQATaY0CptWNAcddjQCIw
ZECm/mNA0nxkQO/4Y0ByGWRArD5kQCw8ZEAnJmRAMhlkQINjZEBGmmRA85ZkQKOzZEA5rmRA
5eJkQMO2ZEAAsWRAysJkQL0OZUDMBGVA8/5kQHrcZEAiVGVAy8dkQGcHZUApI2VAuGhlQMA4
ZUD2FmVABVVlQH9jZUBBgmVAEmllQJZJZUCZi2VAs6FlQAqSZUC1tmVAybtlQMHuZUCiA2ZA
SKllQAi1ZUAZ7GVAZexlQEkbZkC0MGZAHkJmQD8QZkAh9mVAeSpmQCg0ZkAvvWVARQBmQD8C
ZkDOAWZAk01mQN2GZkBSsWZAFE1mQA==</AssayYData></Step><Step><CommonData><SampleLocation>15</SampleLocation><SampleID>SI-157X47_P5533</SampleID><SampleGroup></SampleGroup><SampleInfo></SampleInfo><SampleRow>A</SampleRow><SamplePlate>1</SamplePlate><WellType>KLOAD</WellType><Concentration>5</Concentration><ConcentrationUnits>µg/ml</ConcentrationUnits><MolarConcentration>5000</MolarConcentration><MolarConcUnits>nM</MolarConcUnits><MolecularWeight>0</MolecularWeight><Temperature>30</Temperature><StartTime>3523692</StartTime><AssayTime>120</AssayTime></CommonData><FlowRate>1000</FlowRate><StepType>LOADING</StepType><StepName>Loading</StepName><StepStatus>OK</StepStatus><ActualTime>120</ActualTime><CycleTime>0.2</CycleTime><AssayXData Points="600">UqA+RYmjPkW4pj5F8Kk+RR+tPkVSsD5FibM+Rbi2PkXwuT5FI70+RVLAPkWFwz5FuMY+RezJ
PkUfzT5FUtA+RYXTPkW41j5F8Nk+RR/dPkVS4D5FheM+RbjmPkXw6T5FH+0+RVLwPkWF8z5F
vPY+Rez5PkUf/T5FUgA/RYkDP0W4Bj9F7Ak/RR8NP0VSED9FiRM/RbwWP0XwGT9FIx0/RVYg
P0WJIz9FvCY/RfApP0UjLT9FUjA/RYkzP0W4Nj9F7Dk/RSM9P0VSQD9FiUM/RbhGP0XsST9F
H00/RVJQP0WJUz9FuFY/RexZP0UjXT9FVmA/RYljP0W4Zj9F7Gk/RSNtP0VScD9FiXM/Rbh2
P0XseT9FI30/RVKAP0WFgz9FuIY/ReyJP0UfjT9FUpA/RYmTP0W4lj9F7Jk/RSOdP0VWoD9F
haM/RbimP0XwqT9FI60/RVawP0WFsz9FuLY/Rey5P0UfvT9FVsA/RYXDP0W4xj9F8Mk/RSPN
P0VW0D9FhdM/RbjWP0Xs2T9FH90/RVbgP0WF4z9FvOY/RezpP0Uf7T9FVvA/RYXzP0W49j9F
8Pk/RR/9P0VSAEBFhQNARbgGQEXsCUBFIw1ARVIQQEWFE0BFvBZARfQZQEUfHUBFUiBARYkj
QEW4JkBF7ClARR8tQEVkMUBF8DNARbw2QEXsOUBFHz1ARVZAQEWFQ0BFuEZARfBJQEUjTUBF
UlBARYlTQEW4VkBF7FlARR9dQEVWYEBFhWNARbhmQEXsaUBFH21ARVZwQEWFc0BFvHZARex5
QEUffUBFUoBARYWDQEW8hkBF8IlARR+NQEVSkEBFhZNARbiWQEXwmUBFI51ARVagQEWJo0BF
uKZAReypQEUfrUBFVrBARYWzQEW4tkBF7LlARR+9QEVSwEBFhcNARcHGQEXwyUBFI81ARVLQ
QEWF00BFvNZARezZQEUj3UBFUuBARYnjQEW45kBF7OlARSPtQEVW8EBFifNARbj2QEXw+UBF
H/1ARVIAQUWFA0FFuAZBRfAJQUUfDUFFVhBBRYkTQUW8FkFF8BlBRR8dQUVWIEFFhSNBRbwm
QUXsKUFFHy1BRVYwQUWJM0FFuDZBRew5QUUfPUFFVkBBRYVDQUW4RkFF8ElBRSNNQUVSUEFF
hVNBRbhWQUXsWUFFI11BRVJgQUWFY0FFuGZBRfBpQUUfbUFFUnBBRYVzQUW4dkFF7HlBRR99
QUVWgEFFhYNBRbiGQUXwiUFFH41BRVKQQUWFk0FFvJZBReyZQUUjnUFFUqBBRYWjQUW8pkFF
8KlBRR+tQUVSsEFFhbNBRbi2QUXsuUFFI71BRVLAQUWFw0FFvMZBRezJQUUjzUFFUtBBRYXT
QUW41kFF7NlBRSPdQUVS4EFFheNBRbzmQUXs6UFFH+1BRVLwQUWF80FFuPZBRez5QUUj/UFF
UgBCRYUDQkW8BkJF8AlCRSMNQkVSEEJFhRNCRbgWQkXsGUJFHx1CRVYgQkWJI0JFvCZCRewp
QkUfLUJFUjBCRYkzQkW8NkJF8DlCRR89QkVWQEJFiUNCRbhGQkXwSUJFH01CRVJQQkWJU0JF
uFZCRexZQkUjXUJFUmBCRYVjQkW4ZkJF7GlCRR9tQkVWcEJFhXNCRbh2QkXseUJFI31CRVaA
QkWFg0JFvIZCReyJQkUfjUJFVpBCRYmTQkW4lkJF7JlCRR+dQkVSoEJFiaNCRbimQkXsqUJF
H61CRVKwQkWFs0JFvLZCRey5QkUfvUJFUsBCRYXDQkW4xkJF8MlCRR/NQkVS0EJFhdNCRbzW
QkXs2UJFH91CRVLgQkWF40JFuOZCRezpQkUj7UJFUvBCRYnzQkW89kJF8PlCRR/9QkVSAENF
hQNDRbgGQ0XsCUNFIw1DRVYQQ0WFE0NFuBZDRewZQ0UfHUNFViBDRYUjQ0W4JkNF8ClDRR8t
Q0VWMENFiTNDRbw2Q0XsOUNFIz1DRVZAQ0WFQ0NFuEZDRfBJQ0UjTUNFVlBDRYVTQ0W4VkNF
8FlDRSNdQ0VSYENFiWNDRbhmQ0XsaUNFI21DRVZwQ0WJc0NFvHZDRex5Q0UjfUNFVoBDRYWD
Q0W4hkNF7IlDRR+NQ0VSkENFiZNDRbiWQ0XsmUNFH51DRVKgQ0WJo0NFuKZDRfCpQ0UfrUNF
VrBDRYmzQ0W8tkNF8LlDRSO9Q0VSwENFhcNDRbjGQ0XsyUNFI81DRVLQQ0WF00NFuNZDRezZ
Q0Uf3UNFUuBDRYXjQ0W45kNF7OlDRR/tQ0VS8ENFifNDRbj2Q0Xw+UNFH/1DRVYAREWJA0RF
vAZERewJREUjDURFVhBERYkTREW4FkRF7BlERScdREVSIERFhSNERbgmREXsKURFHy1ERVYw
REWJM0RFuDZERew5REUjPURFUkBERYlDREW4RkRF7ElERSNNREVSUERFiVNERbhWREXwWURF
H11ERVZgREWJY0RFvGZERfBpREUfbURFVnBERYVzREW8dkRF7HlERR99REVSgERFhYNERbiG
REXsiURFH41ERVKQREWFk0RFuJZEReyZREUfnURFUqBERYmjREW8pkRF8KlERSOtREVSsERF
hbNERbi2REXsuURFH71ERVLAREWJw0RFvMZERezJREUfzURFUtBERYnTREW41kRF7NlERR/d
REVW4ERFieNERbjmREXw6URFH+1ERVbwREWF80RFuPZERez5REUj/URFUgBFRYUDRUW8BkVF
7AlFRR8NRUVWEEVFiRNFRbgWRUXsGUVFHx1FRVYgRUWJI0VFuCZFRewpRUUfLUVFQDFFRcsz
RUW4NkVF7DlFRR89RUVWQEVFiUNFRbhGRUXsSUVFH01FRVZQRUWFU0VFuFZFRfBZRUUfXUVF
UmBFRYVjRUW4ZkVF7GlFRR9tRUVScEVFiXNFRbh2RUXseUVFI31FRVKARUWJg0VFvIZFReyJ
RUUjjUVFUpBFRYWTRUW8lkVF7JlFRR+dRUVSoEVFhaNFRbimRUXwqUVFI61FRVKwRUWFs0VF
uLZFRey5RUUfvUVFVsBFRYXDRUW4xkVF8MlFRR/NRUVS0EVFhdNFRbjWRUXw2UVFH91FRVbg
RUWF40VFuOZFRfDpRUUj7UVFUvBFRYXzRUW49kVF7PlFRR/9RUVSAEZFiQNGRbgGRkXwCUZF
Hw1GRVYQRkWFE0ZFvBZGRfAZRkUfHUZF</AssayXData><AssayYData Points="600">MC9lQPkmZkCvyGZAbOhmQE5dZ0Acr2dAGtdnQNEnaEAeuWhAMYZoQLHvaECkQmlAIadpQE7Q
aUAjTGpAsL1qQA5takDiEWtAN/JqQNQ/a0AIhGtAeg1sQLj+a0DhTGxAydtsQO4wbUBaXW1A
2GttQCPdbUClLW5AbzFuQNCWbkCJvW5A6u1uQEhtb0CtZm9AdwFwQKoucEDCRnBAoc1wQB+v
cED7/nBAZjBxQHHOcUAw03FAQvVxQCg2ckDpSXJATcZyQPkOc0DHB3NAiShzQNmBc0C0L3RA
eSZ0QKFNdEBRUXRABGh0QOqUdEA9O3VAgAt1QJI+dUDou3VAbcN1QIkodkArjXZARXp2QGp/
dkBA3XZAKx13QFY7d0Df0ndAIMR3QADEd0Bs23dAwkB4QEwueECDdnhABKp4QPwleUCI9HhA
CIR5QMN+eUBBpnlAOux5QJ8iekDBC3pAsGV6QFznekCMrXpABCd7QKEie0D1YHtAWHx7QHG0
e0Bbo3tA3/17QIySfEBVpnxAA5h8QJGZfEDFJn1AZ7d8QNILfUCElX1Aw499QDfHfUC/0n1A
8cd9QI0zfkAGKH5A0l9+QNhrfkA2635ABAF/QNj/fkAbWX9AkLN/QIppf0D3W39AsgCAQJS7
f0CCFIBAqgqAQDUtgEAOXYBAfVmAQGRlgED6f4BARZiAQL65gEBpxoBAW66AQFHigED+AoFA
5BSBQBfpgEBrDYFAL0qBQA1IgUAwaYFAaTOBQIx0gUA2VYFA73aBQHKYgUClnoFAqJOBQJXT
gUDp2oFAj9yBQGH1gUAz/oFAYQqCQAD3gUCHUoJA3hCCQK9lgkBvlIJAjmeCQIGCgkCHe4JA
+YGCQEaMgkCrroJAtMOCQP7JgkBsz4JAkw+DQPcPg0CGIYNAfyGDQCswg0D8SINAMS2DQHVI
g0DpQYNAKoCDQDyLg0ACXYNAyY2DQIaqg0DVhoNAz8KDQFbTg0D2v4NAgb6DQKDag0BIDIRA
KSKEQI8shECU74NAexiEQB45hECoOYRAODiEQPt0hEAiUoRAGHiEQAOAhEAznIRAm4qEQHOv
hEDIo4RAKtqEQJrOhECCwIRAaNSEQA7ZhEDX9YRATvCEQFXThEAFEYVAiwuFQCEphUBBJIVA
ql2FQF8xhUAMRoVAMnKFQAl8hUC8goVA/ImFQAt4hUBimoVAJLKFQPqahUCXtIVAH6+FQB/N
hUDRwYVAJfKFQNMBhkBNEIZA1PiFQMEXhkC+FYZA1j6GQPlGhkDNT4ZAtSKGQPpNhkCtbIZA
lXaGQJSQhkATcoZAuoCGQLyhhkDKkYZAS4mGQCqdhkD3soZADaKGQEfdhkCzwIZAgNOGQGEG
h0DZIIdAX+eGQLryhkAKDodAK/+GQHL+hkAdXIdAVCSHQJA3h0DHVYdA4ECHQHFGh0ArModA
l1+HQFwyh0AWaYdAOYWHQKpyh0D4hodAOZWHQLKFh0ConIdA08KHQOWTh0DduIdAvq2HQIqs
h0B4r4dAD+GHQKbHh0CO14dAEPmHQJvrh0Aw64dAshWIQK0RiEBjBohApg+IQDQviEDrGIhA
sS6IQPgjiEBxLIhA70uIQA1viEDQdohAZjOIQLh6iEDPY4hAjW2IQMd1iEB8hIhAPJGIQCaS
iEDkp4hALpyIQDWhiECqtIhAvbyIQGDDiECixohA/66IQJzbiECh6IhA2OiIQC4JiUAz/IhA
GeiIQG3uiEA98YhADf6IQNwRiUAhEIlAdT+JQC88iUBYHIlAHBqJQA1FiUBCRolAiz6JQBop
iUAnU4lA5j+JQLdciUA5UolA8IiJQEpyiUCkYolATUqJQFKTiUB4bIlAVYWJQAmxiUCdqolA
vLaJQPifiUBNnolA5ICJQHSziUCJv4lAJ8mJQAjQiUDW0IlAM/CJQBbViUA1+YlAt92JQPrS
iUCX+olAkRSKQGMJikDkLIpAeuuJQP8KikBgKopAISOKQGFHikAjP4pA2SyKQPg3ikDCFIpA
qFOKQAQoikDMG4pASESKQMxqikDKVYpA/FSKQGlxikAFV4pAHpqKQHhjikDwdIpAQoeKQLxu
ikAvg4pABpGKQPx/ikD9jopAtY6KQMGfikAErIpA8LOKQLmpikA/popABcyKQFvOikDR5IpA
5dSKQOfnikBiC4tAPOaKQOH5ikBU44pAAOuKQP3sikBs3IpAldaKQCwNi0A2G4tAz/+KQMlA
i0BFKItAkReLQLkdi0CkbItAQUyLQLVAi0AEQ4tA91eLQA01i0DkN4tAPVWLQKFBi0BsV4tA
lHaLQOdYi0BkRotAsXSLQAdUi0CEYotA45OLQPx2i0CTYotA4JKLQF2Ri0AXkYtA16WLQI11
i0D2lYtAirqLQAm9i0AIvItA+rSLQDqxi0Bmy4tAhbuLQF/fi0D5p4tAmtCLQD3Mi0D05ItA
eNmLQBv6i0AL3YtAm8WLQEr7i0BU7ItAReeLQLILjEA+AIxA2O2LQAoKjEALFIxAQR+MQLEW
jEAFQoxA6RiMQL8ajEAMN4xACE2MQGjzi0DXOoxAN0SMQDE0jEB5UoxA70yMQNdUjEAoNYxA
czeMQHlTjECjcYxAu2qMQEtljEDoUIxAVGOMQEJejECyTYxA63CMQE1/jEA0foxA3GyMQAuL
jECReoxARZSMQO6RjEDJdYxAummMQEaejEC6jIxATHmMQPl8jEAdloxAd6+MQCN8jEA7s4xA
wcqMQBONjEBBkIxAKKaMQEKjjEDhyIxAqbKMQFfMjEBHx4xAfsqMQEy3jEDw7oxAQMeMQETS
jEAMFY1Agr2MQLzOjEAYBY1AF+6MQIMHjUBO4IxAyw+NQOrkjEAHA41APwSNQIjCjEAm7IxA
tSaNQGUdjUCX/oxAfUmNQJkNjUBU/4xA6waNQJAojUC5OY1AXkSNQCtCjUBZPI1A+i6NQGRQ
jUA3OY1AqkqNQC1kjUBDUY1A/jqNQLJXjUA7NY1ApTCNQE5gjUAOf41AQWCNQKqIjUAPbY1A
rXmNQLlvjUAGao1AF5aNQPWMjUCipo1AyIONQIuTjUAio41A+WqNQMKVjUAUnY1AKHGNQImb
jUCzno1A746NQF+7jUAwxI1AVriNQBi8jUASzI1ABtGNQLvRjUAJ8Y1AU9qNQEvojUDSEo5A
79WNQG7RjUCN9Y1AzQKOQEn9jUBCBo5A</AssayYData></Step><Step><CommonData><SampleLocation>3</SampleLocation><SampleID>Octet Buffer</SampleID><SampleGroup></SampleGroup><SampleInfo></SampleInfo><SampleRow>A</SampleRow><SamplePlate>1</SamplePlate><WellType>BUFFER</WellType><Concentration>-1</Concentration><ConcentrationUnits>µg/ml</ConcentrationUnits><MolarConcentration>-1</MolarConcentration><MolarConcUnits>nM</MolarConcUnits><MolecularWeight>0</MolecularWeight><Temperature>30</Temperature><StartTime>3653954</StartTime><AssayTime>100</AssayTime></CommonData><FlowRate>1000</FlowRate><StepType>BASELINE</StepType><StepName>Baseline</StepName><StepStatus>OK</StepStatus><ActualTime>100.001</ActualTime><CycleTime>0.2</CycleTime><AssayXData Points="500">UiBGRYkjRkW4JkZF7ClGRR8tRkVWMEZFhTNGRbg2RkXsOUZFHz1GRVJARkWJQ0ZFuEZGRexJ
RkUfTUZFUlBGRYlTRkW4VkZF7FlGRSNdRkVSYEZFhWNGRbhmRkXwaUZFI21GRVJwRkWJc0ZF
uHZGRfB5RkUffUZFVoBGRYWDRkW4hkZF7IlGRR+NRkVSkEZFhZNGRbyWRkXsmUZFH51GRVKg
RkWJo0ZFuKZGReypRkUfrUZFVrBGRYWzRkW4tkZF7LlGRR+9RkVSwEZFicNGRbzGRkXsyUZF
H81GRVbQRkWJ00ZFuNZGRfDZRkUj3UZFUuBGRYnjRkW45kZF7OlGRSPtRkVW8EZFhfNGRbj2
RkXs+UZFI/1GRVIAR0WNA0dFuAZHRewJR0VADUdFUhBHRYUTR0W4FkdF7BlHRSMdR0VSIEdF
hSNHRbgmR0XsKUdFIy1HRVIwR0WJM0dFuDZHRfA5R0UjPUdFUkBHRYlDR0W8RkdF7ElHRSNN
R0VWUEdFhVNHRbhWR0XwWUdFH11HRVJgR0WFY0dFvGZHRexpR0UjbUdFUnBHRYVzR0W8dkdF
8HlHRR99R0VSgEdFhYNHRbiGR0XwiUdFH41HRVKQR0WJk0dFvJZHReyZR0UjnUdFUqBHRYmj
R0W8pkdF7KlHRR+tR0VSsEdFibNHRbi2R0XsuUdFI71HRVbAR0WFw0dFvMZHRezJR0UjzUdF
UtBHRYXTR0W41kdF8NlHRR/dR0VS4EdFieNHRbzmR0X06UdFH+1HRVbwR0WF80dFuPZHRfD5
R0Uf/UdFUgBIRYUDSEW4BkhF7AlIRSMNSEVSEEhFhRNIRbgWSEXsGUhFHx1IRVYgSEWFI0hF
vCZIRewpSEUjLUhFUjBIRYkzSEW8NkhF7DlIRSM9SEVSQEhFhUNIRbhGSEXwSUhFH01IRVJQ
SEWFU0hFuFZIRfBZSEUfXUhFUmBIRYVjSEW4ZkhF7GlIRR9tSEVScEhFhXNIRbx2SEXseUhF
H31IRVKASEWJg0hFuIZIReyJSEUjjUhFUpBIRYWTSEW8lkhF7JlIRR+dSEVWoEhFhaNIRbim
SEXwqUhFI61IRVKwSEWFs0hFuLZIRey5SEUfvUhFUsBIRYXDSEW8xkhF9MlIRR/NSEVS0EhF
hdNIRbjWSEXs2UhFI91IRVLgSEWJ40hFuOZIRezpSEUf7UhFUvBIRYXzSEW49khF8PlIRR/9
SEVSAElFhQNJRbwGSUXsCUlFHw1JRVYQSUWJE0lFuBZJRewZSUUfHUlFViBJRYkjSUW8JklF
8ClJRR8tSUVWMElFhTNJRbg2SUXsOUlFHz1JRVZASUWFQ0lFvEZJRexJSUUjTUlFUlBJRYVT
SUW4VklF8FlJRR9dSUVWYElFhWNJRbhmSUXsaUlFI21JRVZwSUWFc0lFvHZJRex5SUUffUlF
VoBJRYWDSUW8hklF8IlJRbqNSUVWkElFhZNJRbyWSUXsmUlFI51JRVKgSUWFo0lFuKZJRfCp
SUUfrUlFUrBJRYWzSUW4tklF8LlJRR+9SUVSwElFicNJRbjGSUXsyUlFH81JRVbQSUWF00lF
uNZJRezZSUUj3UlFUuBJRYXjSUW45klF7OlJRR/tSUVS8ElFifNJRbj2SUXw+UlFH/1JRVYA
SkWFA0pFvAZKRewJSkUfDUpFUhBKRYkTSkW4FkpF8BlKRSMdSkVSIEpFhSNKRbgmSkXwKUpF
Hy1KRVIwSkWFM0pFvDZKRew5SkUfPUpFUkBKRYVDSkW4RkpF8ElKRSNNSkVWUEpFiVNKRbxW
SkXsWUpFH11KRVZgSkWFY0pFvGZKRexpSkUjbUpFUnBKRYVzSkW8dkpF8HlKRR99SkVWgEpF
iYNKRcGGSkXsiUpFH41KRVaQSkWJk0pFuJZKRfCZSkUfnUpFUqBKRYWjSkW4pkpF7KlKRR+t
SkVSsEpFibNKRby2SkXsuUpFH71KRVLASkWFw0pFuMZKRfDJSkWJzUpFVtBKRYnTSkW41kpF
7NlKRSPdSkVW4EpFheNKRbzmSkXs6UpFH+1KRVLwSkWF80pFvPZKRez5SkUf/UpFVgBLRYUD
S0W4BktF7AlLRR8NS0VSEEtFhRNLRbgWS0XsGUtFHx1LRVIgS0WFI0tFuCZLRewpS0UfLUtF
VjBLRYkzS0W4NktF8DlLRR89S0VSQEtFiUNLRbhGS0XwSUtFH01LRVJQS0WJU0tFuFZLRexZ
S0UfXUtFVmBLRYVjS0W4ZktF7GlLRR9tS0VScEtFiXNLRbh2S0XweUtFI31LRVKAS0WJg0tF
vIZLRfCJS0UjjUtFUpBLRYWTS0W4lktF7JlLRR+dS0VSoEtFhaNLRbimS0XwqUtFH61LRVKw
S0WFs0tFuLZLRey5S0UfvUtFVsBLRYXDS0W4xktF7MlLRR/NS0VS0EtFhdNLRbzWS0Xw2UtF
H91LRVLgS0WJ40tFvOZLRfDpS0Uf7UtFUvBLRYnzS0W89ktF8PlLRR/9S0VSAExFiQNMRcEG
TEXsCUxFXA1MRVYQTEWFE0xFuBZMRfAZTEUfHUxFUiBMRYUjTEW4JkxF7ClMRR8tTEVSMExF
iTNMRbg2TEXsOUxFHz1MRVpATEWFQ0xFuEZMRexJTEUjTUxFUlBMRYlTTEW4VkxF7FlMRSNd
TEU=</AssayXData><AssayYData Points="500">qv+NQKYxjkBRUo5A3GaOQBd2jkC+c45AbYuOQF6KjkA4kY5A1YKOQKOojkDCmY5AD72OQPey
jkAdzY5AtriOQODDjkCnto5AG6WOQPOcjkANq45A+ayOQGSgjkC8mI5AGJ+OQEnFjkCyq45A
5aCOQIC3jkCGsY5A+YOOQLarjkBKnY5AxLeOQDfMjkDwu45ADa+OQDCnjkAS0I5ArNaOQEnQ
jkC4q45AabOOQBqnjkCI045AKbiOQOO+jkAAyY5A7sSOQHypjkCfto5A/8GOQMqrjkBbuo5A
TMmOQIe2jkDA3o5AnM2OQNzDjkDkq45A4cWOQFP7jkAaw45ARduOQDC8jkCauY5AB/KOQGvX
jkBX045A3s2OQBDOjkAs2Y5A2Z2OQCfNjkAo0I5ASe6OQFvIjkDL/o5AI82OQCfEjkDJ2Y5A
ksuOQBLejkDA5I5A6+SOQG7ojkCT+o5AVNqOQMLtjkDw2o5A4eSOQGXgjkCX745Aj+KOQAvk
jkCR+I5AK++OQA4Bj0AtHI9AGhCPQPXmjkA69Y5AdNKOQMr2jkCYC49AMf6OQLnnjkA05Y5A
AgGPQOIKj0Bn3I5A+feOQAr5jkDrDo9AdwePQHzpjkAB5I5AK/eOQKv4jkCw2Y5AjfuOQLIO
j0AUBo9A/9KOQHQJj0Dc1o5AVOyOQJcEj0BwH49AePqOQP4Uj0C9/I5AyPqOQIoBj0BqDo9A
i/eOQPwQj0CW+45ABvqOQHwJj0BkQo9A9hePQEINj0AKCo9A2ySPQAgbj0DCFY9A2w6PQN4A
j0BCIY9A1QuPQMYUj0AZ9I5AWTiPQOIBj0Dp3I5AUiKPQLkHj0BdCo9AmguPQNQfj0BQ945A
bRGPQGkDj0B3II9AeCOPQE4lj0D1M49AGCePQAcaj0CJG49AO/mOQCwjj0AbFI9Adw6PQI0i
j0BKF49AwA6PQKcHj0AWE49AAiqPQBZJj0AFK49AvSGPQOQWj0CRJo9AEQuPQAsHj0BbFo9A
hUaPQBktj0AEOo9APz6PQEoqj0C7M49AmXqPQMIrj0Bc+Y5ArjKPQNBij0AhQo9AiyaPQJEe
j0AqLo9AGkCPQNAwj0DhPY9AbS+PQKkZj0BmM49AxT+PQEhLj0AcJI9ADzePQA9Uj0BGKI9A
LCGPQEkuj0C6U49A0xaPQB49j0CKK49AskGPQPgij0BbM49A+y6PQIVWj0AXQo9AUy+PQHU2
j0DVaY9AniaPQG1Qj0BNXI9AlmWPQCdYj0BmPY9AeEePQM4/j0DZTo9AvUePQMRSj0ASUo9A
PzePQNJOj0DFPY9AUXSPQEEWj0Aga49A5TePQLoqj0BJbI9AalWPQNRLj0A/G49AP3qPQLiK
j0AQZI9A3T2PQLhJj0ASSo9ACCiPQCZvj0DEOY9A/lWPQMlfj0BbXY9Au1GPQN4uj0A1T49A
0kqPQNRCj0AkZo9AboaPQKAtj0DNTI9A80+PQLhlj0ANOY9AoVCPQPhdj0BZko9ATn6PQANt
j0A4e49AK2OPQFlUj0CxUY9AzF+PQNx7j0DWdI9AE1mPQNhkj0DtlY9AK36PQKRgj0CRVY9A
am+PQPBFj0B7m49Aa2+PQD9rj0Cleo9AQlGPQF5Tj0A1i49ANVCPQNhHj0CpgI9A3GyPQDFi
j0B0ZY9AF3qPQC2Gj0AMko9ALH+PQLp+j0DjVI9Ag2iPQIZ6j0BRgI9AonSPQHqEj0Dbd49A
7mCPQLFtj0AFhI9AoHSPQD6Bj0Dtfo9AS6aPQKhYj0Atro9A1V+PQKd5j0AijI9AnY+PQCBz
j0AgnY9AaW+PQPGDj0DTkI9AK4OPQBaAj0BJcI9AJIOPQGCWj0DfeY9AYKaPQD9+j0BYmo9A
6oSPQKWbj0D6eI9AhGCPQAxbj0BVkY9AWJSPQKSVj0Bor49AJZmPQM6Tj0C7po9A97CPQLed
j0ALZ49AkaSPQPyEj0Ario9AEJePQMuJj0DHo49AJaCPQD2Mj0A9fY9AOn+PQFV5j0BXhI9A
1XWPQCOgj0B3qo9A8qCPQK+bj0ALjY9Au5CPQI+Cj0C1io9Azm6PQBaDj0CLu49A6ZOPQFOX
j0AkvI9A7ZyPQO2cj0Dhvo9AE7mPQDKHj0Dqo49ASL2PQKmWj0Cwvo9AeryPQEudj0CVkY9A
iqqPQJCxj0AlqY9AnayPQMWRj0BYwY9AmrSPQBy2j0CQvo9Anb2PQH6rj0BKpI9AjcuPQBDF
j0A8no9A/7GPQN2rj0BOmY9AmL6PQOfVj0CIv49AxcSPQJ3Hj0DFl49AIpOPQGzYj0Bhoo9A
v8SPQGq4j0Ca4o9AwrOPQMTqj0AXv49AZ7CPQLS1j0Ciwo9ATKSPQEW3j0A8qo9An9qPQLe9
j0Bz2o9AFIGPQAaQj0C60Y9AEs+PQGGpj0BYyo9AdrGPQA7ej0Btq49AdNqPQE60j0Bc1I9A
J6KPQKXKj0BuwY9Aj7qPQCrBj0C/wI9AqMaPQA/gj0A4qY9AId+PQAbPj0AQ649AtaKPQKXl
j0Cf649AaK+PQCTWj0BvuI9ApqOPQI7tj0Dr4o9AxNyPQBzYj0CezI9AmOePQBPdj0C/3Y9A
udKPQJnYj0Bf6o9Aht2PQDnbj0DKwo9Al/WPQAjkj0CU549AR8CPQPXhj0CL/49Aq9aPQCPZ
j0A=</AssayYData></Step><Step><CommonData><SampleLocation>4</SampleLocation><SampleID>hsCD3d/e_Acro_CDD-H52W1</SampleID><SampleGroup></SampleGroup><SampleInfo></SampleInfo><SampleRow>A</SampleRow><SamplePlate>1</SamplePlate><WellType>KSAMPLE</WellType><Concentration>-1</Concentration><ConcentrationUnits>µg/ml</ConcentrationUnits><MolarConcentration>200</MolarConcentration><MolarConcUnits>nM</MolarConcUnits><MolecularWeight>0</MolecularWeight><Temperature>30</Temperature><StartTime>3762236</StartTime><AssayTime>180</AssayTime></CommonData><FlowRate>1000</FlowRate><StepType>ASSOC</StepType><StepName>Association</StepName><StepStatus>OK</StepStatus><ActualTime>180</ActualTime><CycleTime>0.2</CycleTime><AssayXData Points="900">VmBMRY1jTEW8ZkxF8GlMRSNtTEVacExFiXNMRbx2TEXweUxFJ31MRVqATEWJg0xFwIZMRfSJ
TEUjjUxFVpBMRYmTTEW8lkxF9JlMRSOdTEVaoExFiaNMRbymTEXwqUxFJ61MRVqwTEWJs0xF
wLZMRfS5TEUjvUxFWsBMRYnDTEW8xkxF9MlMRSPNTEVa0ExFidNMRbzWTEX02UxFI91MRVbg
TEWJ40xFvOZMRfTpTEUj7UxFVvBMRYnzTEXA9kxF8PlMRSf9TEVWAE1FiQNNRbwGTUXwCU1F
Iw1NRVYQTUWNE01FvBZNRfAZTUUjHU1FViBNRYkjTUXAJk1F8ClNRSMtTUVWME1FiTNNRbw2
TUXwOU1FIz1NRVZATUWJQ01FvEZNRfRJTUUjTU1FVlBNRYlTTUXAVk1F8FlNRSNdTUVaYE1F
iWNNRcBmTUX0aU1FI21NRVZwTUWNc01FvHZNRfh5TUUnfU1FWoBNRYmDTUW8hk1F9IlNRSON
TUVakE1FjZNNRbyWTUXwmU1FJ51NRVagTUWJo01FvKZNRfSpTUUnrU1FVrBNRYmzTUW8tk1F
9LlNRSO9TUVWwE1FicNNRcDGTUX0yU1FJ81NRVbQTUWN001FwNZNRfTZTUUn3U1FVuBNRYnj
TUW85k1F9OlNRSPtTUVW8E1FjfNNRcD2TUXw+U1FI/1NRVYATkWNA05FvAZORfAJTkUjDU5F
WhBORYkTTkXAFk5F8BlORScdTkVWIE5FiSNORbwmTkXwKU5FJy1ORVowTkWJM05FwDZORfQ5
TkUjPU5FVkBORYlDTkW8Rk5F8ElORSdNTkVWUE5FiVNORcBWTkXwWU5FJ11ORVZgTkWJY05F
vGZORfRpTkUjbU5FVnBORYlzTkW8dk5F8HlORSd9TkVWgE5FjYNORbyGTkXwiU5FI41ORVqQ
TkWJk05FvJZORfSZTkUjnU5FVqBORYmjTkW8pk5F8KlORSetTkVWsE5FibNORby2TkXwuU5F
J71ORVrATkWJw05FvMZORfDJTkUjzU5FVtBORYnTTkXA1k5F8NlORSfdTkVa4E5FjeNORbzm
TkXw6U5FJ+1ORVbwTkWJ805FvPZORfT5TkUn/U5FVgBPRYkDT0XABk9F8AlPRScNT0VWEE9F
iRNPRbwWT0XwGU9FIx1PRVYgT0WJI09FwCZPRfApT0UnLU9FVjBPRYkzT0W8Nk9F8DlPRSc9
T0VWQE9FiUNPRcBGT0XwSU9FI01PRVpQT0WNU09FvFZPRfBZT0UjXU9FWmBPRY1jT0XAZk9F
8GlPRSNtT0VWcE9FiXNPRbx2T0XweU9FI31PRVaAT0WJg09FvIZPRfCJT0UjjU9FWpBPRYmT
T0W8lk9F8JlPRSedT0VWoE9FjaNPRcCmT0X0qU9FI61PRVqwT0WJs09FwLZPRfS5T0UjvU9F
VsBPRY3DT0W8xk9F9MlPRSfNT0VW0E9FjdNPRbzWT0Xw2U9FI91PRVbgT0WN409FwOZPRfTp
T0Uj7U9FVvBPRYnzT0W89k9F8PlPRSP9T0VWAFBFiQNQRbwGUEXwCVBFIw1QRVYQUEWNE1BF
vBZQRfQZUEUjHVBFWiBQRYkjUEXAJlBF+ClQRSMtUEVWMFBFiTNQRcA2UEX0OVBFIz1QRVpA
UEWJQ1BFvEZQRfRJUEUjTVBFVlBQRYlTUEW8VlBF8FlQRSddUEVaYFBFjWNQRbxmUEXwaVBF
I21QRVpwUEWNc1BFvHZQRfB5UEUjfVBFVoBQRYmDUEW8hlBF9IlQRSONUEVWkFBFiZNQRbyW
UEX0mVBFI51QRVagUEWJo1BFvKZQRfCpUEUnrVBFWrBQRYmzUEW8tlBF8LlQRSO9UEVawFBF
icNQRcDGUEX0yVBFI81QRVrQUEWJ01BFvNZQRfDZUEUj3VBFVuBQRY3jUEXA5lBF8OlQRSPt
UEVW8FBFifNQRcD2UEX0+VBFI/1QRVoAUUWNA1FFwAZRRfAJUUUjDVFFWhBRRYkTUUW8FlFF
8BlRRScdUUVWIFFFiSNRRbwmUUXwKVFFJy1RRVYwUUWJM1FFwDZRRfA5UUUjPVFFVkBRRYlD
UUW8RlFF9ElRRSdNUUVWUFFFiVNRRcBWUUXwWVFFI11RRVZgUUWJY1FFwGZRRfRpUUUjbVFF
WnBRRYlzUUW8dlFF8HlRRSN9UUVWgFFFiYNRRcCGUUX0iVFFI41RRVaQUUWJk1FFwJZRRfSZ
UUUjnVFFVqBRRY2jUUW8plFF8KlRRSOtUUVWsFFFjbNRRby2UUXwuVFFJ71RRVbAUUWJw1FF
vMZRRfDJUUUjzVFFVtBRRY3TUUW81lFF9NlRRSfdUUVW4FFFieNRRbzmUUX06VFFI+1RRVrw
UUWN81FFwPZRRfD5UUUj/VFFVgBSRY0DUkW8BlJF8AlSRScNUkVaEFJFiRNSRbwWUkX0GVJF
Jx1SRVYgUkWNI1JFwCZSRfApUkUnLVJFVjBSRYkzUkXANlJF9DlSRSc9UkVWQFJFiUNSRcBG
UkXwSVJFI01SRVZQUkWJU1JFvFZSRfRZUkUnXVJFWmBSRY1jUkXAZlJF8GlSRSdtUkVWcFJF
iXNSRcB2UkX0eVJFJ31SRVaAUkWJg1JFvIZSRfCJUkUjjVJFVpBSRYmTUkXAllJF8JlSRSed
UkVWoFJFiaNSRbymUkXwqVJFI61SRVawUkWJs1JFvLZSRfS5UkUjvVJFWsBSRYnDUkW8xlJF
9MlSRSPNUkVW0FJFidNSRbzWUkXw2VJFI91SRVbgUkWN41JFvOZSRfTpUkUn7VJFVvBSRYnz
UkXA9lJF8PlSRSf9UkVaAFNFiQNTRbwGU0XwCVNFJw1TRVYQU0WJE1NFwBZTRfAZU0UjHVNF
WiBTRYkjU0XAJlNF8ClTRSMtU0VWMFNFiTNTRcA2U0X0OVNFIz1TRVZAU0WJQ1NFwEZTRfRJ
U0UjTVNFVlBTRY1TU0XAVlNF8FlTRSddU0VWYFNFiWNTRbxmU0X0aVNFJ21TRVZwU0WNc1NF
vHZTRfB5U0UjfVNFWoBTRYmDU0XAhlNF9IlTRSONU0VWkFNFjZNTRbyWU0XwmVNFI51TRVqg
U0WNo1NFvKZTRfCpU0UjrVNFVrBTRY2zU0W8tlNF9LlTRSO9U0VWwFNFjcNTRcDGU0X0yVNF
I81TRVbQU0WJ01NFvNZTRfDZU0Un3VNFVuBTRYnjU0W85lNF9OlTRSPtU0VW8FNFifNTRbz2
U0Xw+VNFI/1TRVoAVEWNA1RFwAZURfAJVEUjDVRFWhBURYkTVEW8FlRF8BlURSMdVEVWIFRF
iSNURbwmVEX0KVRFIy1URVYwVEWJM1RFvDZURfA5VEUjPVRFWkBURYlDVEW8RlRF8ElURSNN
VEVWUFRFjVNURbxWVEXwWVRFI11URVZgVEWJY1RFvGZURfBpVEUjbVRFVnBURYlzVEW8dlRF
8HlURSd9VEVWgFRFiYNURcCGVEX0iVRFI41URV6QVEWJk1RFvJZURfCZVEUnnVRFWqBURYmj
VEW8plRF8KlURSetVEVasFRFibNURcC2VEXwuVRFI71URVbAVEWJw1RFwMZURfDJVEUnzVRF
VtBURY3TVEXA1lRF8NlURSfdVEVa4FRFieNURbzmVEXw6VRFJ+1URVbwVEWJ81RFwPZURfD5
VEUj/VRFVgBVRYkDVUW8BlVF9AlVRSMNVUVaEFVFjRNVRbwWVUX0GVVFIx1VRVogVUWJI1VF
wCZVRfApVUUnLVVFVjBVRYkzVUXANlVF8DlVRSM9VUVWQFVFjUNVRcBGVUX0SVVFI01VRVZQ
VUWJU1VFvFZVRfRZVUUnXVVFVmBVRY1jVUXFZlVF8GlVRSNtVUVWcFVFiXNVRbx2VUX0eVVF
I31VRVqAVUWNg1VFwIZVRfSJVUUjjVVFVpBVRY2TVUW8llVF9JlVRSedVUVWoFVFjaNVRcCm
VUX0qVVFI61VRVawVUWNs1VFvLZVRfC5VUUnvVVFVsBVRYnDVUW8xlVF9MlVRSPNVUVW0FVF
jdNVRbzWVUXw2VVFJ91VRVrgVUWJ41VFvOZVRfTpVUUj7VVFVvBVRYnzVUW89lVF8PlVRSP9
VUVWAFZFiQNWRbwGVkX0CVZFIw1WRVYQVkWJE1ZFwBZWRfAZVkUnHVZFViBWRYkjVkW8JlZF
9ClWRSctVkVWMFZFiTNWRcA2VkXwOVZFIz1WRVZAVkWJQ1ZFvEZWRfBJVkUjTVZFVlBWRYlT
VkXAVlZF8FlWRSNdVkVWYFZFiWNWRcBmVkXwaVZFJ21WRVZwVkWJc1ZFvHZWRfB5VkUnfVZF
VoBWRY2DVkW8hlZF8IlWRSONVkVWkFZFiZNWRbyWVkX0mVZFI51WRVqgVkWJo1ZFwKZWRfSp
VkUjrVZFWrBWRYmzVkW8tlZF8LlWRSe9VkVWwFZFjcNWRbzGVkX0yVZFI81WRVrQVkWJ01ZF
vNZWRfDZVkUj3VZFVuBWRYnjVkXA5lZF8OlWRSPtVkVa8FZFjfNWRbz2VkX0+VZFJ/1WRVoA
V0WJA1dFwAZXRfAJV0UjDVdFVhBXRYkTV0W8FldF8BlXRSMdV0VWIFdFiSNXRbwmV0XwKVdF
Jy1XRVYwV0WJM1dFvDZXRfA5V0UnPVdFVkBXRYlDV0W8RldF8ElXRSNNV0VWUFdFiVNXRcBW
V0XwWVdFJ11XRVZgV0WNY1dFwGZXRfBpV0UnbVdFVnBXRY1zV0W8dldF9HlXRSd9V0VagFdF
iYNXRcCGV0XwiVdFI41XRVqQV0WJk1dFwJZXRfCZV0UjnVdF</AssayXData><AssayYData Points="900">57+PQOcwkEB7UZBAP2aQQEafkEApopBAUsOQQKKgkEDx0ZBAeuyQQEXWkEDDBJFAB/6QQKfw
kEBMIpFAKhORQCkWkUB2IZFAok6RQKVMkUCURpFA+iyRQGZ8kUAhV5FAWleRQIZ7kUAFbZFA
gZWRQHN4kUAJpJFAHqeRQN6BkUCaoJFAnK2RQCqgkUDF1pFAOrSRQFTVkUD84JFAUbqRQIPs
kUCiz5FAXtGRQL/KkUCPCpJAsdqRQJH9kUD2/pFAPeWRQEwZkkDpEpJAOBKSQEwekkBr5ZFA
GSqSQCghkkDZEJJAETqSQA48kkAmIJJAJ2eSQFkmkkDoJpJAhFGSQO9fkkAsV5JAd2iSQAR0
kkBpfpJALleSQI+SkkB6dZJA6HaSQDx8kkDwjZJAmn+SQC5xkkBuipJAUI2SQPCQkkAqrpJA
m5mSQGXBkkAf3pJAqJSSQEzTkkDin5JAtb2SQGDHkkCbrJJAiqiSQMy5kkDx1JJA4NmSQKLF
kkDfvZJAUe+SQFzakkCZ25JAMNiSQFrnkkCfwZJAPSWTQKgAk0BJ5pJAgQSTQMfnkkDD+JJA
iwqTQAUJk0Cd8JJAJQaTQDYuk0CtGZNArzqTQOEpk0CNG5NAsxyTQIURk0DICpNApymTQN1h
k0BvXJNAcRqTQFMWk0AFLZNACVKTQJJTk0AcZ5NALyeTQCxyk0A6TpNA50KTQC5Ek0DiVZNA
VlWTQP9Tk0CcTJNA7CqTQFh6k0BXaJNAF0WTQLdLk0CASZNA3GiTQGxvk0DZj5NAw2+TQEJu
k0AdWJNAMpOTQACLk0BmqZNAJLeTQPmck0C6u5NA0qWTQNuwk0DIqJNAlIqTQN66k0BDvpNA
+LSTQMOek0DonZNAwbuTQOyUk0D+mpNAucCTQAijk0AlqpNA462TQMXYk0CVy5NAcbCTQCbO
k0D1zpNAOMCTQAbik0Dsy5NAZMCTQKjXk0Cr35NA1uSTQFn9k0DFxJNAT6aTQCvYk0AAzZNA
OM2TQMHHk0DzIpRAO+CTQPT3k0DsKpRABdGTQPjbk0Dc7JNA8t2TQCMXlEDg85NAJOiTQEjh
k0CJ4JNAoyWUQOLyk0Ce6ZNAjRWUQArxk0B2D5RAcw2UQAEUlEDsBZRAnguUQOwIlEBvNZRA
qyiUQB8zlEC6IZRAnRqUQBlJlEBJDZRAUzKUQKdElEBCCJRAYyKUQKxFlECfUJRApiKUQLQk
lEDRNZRAyySUQOpJlEC0NZRAjiuUQHgwlEDDY5RAIkSUQN9HlEBJTZRAIVWUQIBHlEABKpRA
9kaUQKQrlEB0RJRAyT6UQKlplEATgZRA82mUQEY5lEDofpRAJGqUQCtYlEDNZpRAwGyUQMt+
lED2R5RADIaUQG5elEADepRAQWSUQHN2lEDRfJRAo16UQO9ilEDxfpRAPnWUQB1ylEDEYZRA
oI2UQK2XlEDIXZRA/F6UQA1ZlED6ZZRAi22UQI6flEC1YZRA4Y2UQO18lEA9mpRANpqUQCuQ
lEBAjJRAymqUQEaWlEBinpRArIWUQOOnlECltpRAx6GUQIZtlEANmpRADo+UQDSelEAEoZRA
1ZmUQOWVlEAapZRAh2+UQHt+lEArpZRAMruUQJmulEBfvZRAzKCUQDydlEDzwJRApK2UQDmT
lEB3opRAy8uUQKyylEA3wJRAb7eUQH20lEClopRAUeOUQO3BlEBbuZRAqs+UQPiflEC32pRA
LMeUQIy/lECuxJRAycCUQMOslEAh3JRAt8qUQBXzlEA1qpRAi7uUQD3/lEAx0ZRA8aOUQPzx
lEAr1JRAQNyUQFbilECyxpRA3vmUQD/NlEBr4JRAHcCUQOvblEAv3pRAWvOUQFvflEAQ3JRA
FOKUQKevlEAL7pRAMRWVQDbqlECOwpRAgcuUQArRlECD2ZRAteKUQMrslEDM/5RAJPqUQHXn
lEAqx5RAIv+UQOLxlEAS7JRAWfGUQIr7lEA38pRABPuUQKMUlUBp4JRAAfGUQJQNlUDCI5VA
NSGVQBARlUCbHpVATwGVQD4UlUCcKJVABQKVQCsilUDBFpVA0CmVQLv+lEAhHJVAy+uUQBUV
lUCaGJVAIAaVQK4plUDePJVA+iSVQJ0GlUBuK5VA6jqVQKsilUCaFZVA4jKVQMw+lUCIXJVA
pCiVQO8plUAWPJVA6ieVQDU4lUD3QpVA4weVQFwilUA5S5VAVCmVQCsplUAIRJVAmzSVQGEs
lUB6DpVAADWVQI46lUDLOJVAeUqVQDNTlUDTTpVAB1GVQG5blUCvGZVAJz2VQClJlUBtI5VA
A0OVQHxAlUC/VJVA0xKVQBVKlUBDHJVAbECVQLJLlUD+QZVA8CGVQOhKlUCOZ5VAxUSVQMpm
lUAMXZVARj2VQKNmlUDZcpVAvWiVQNFPlUBHYZVA9WSVQOpClUC1W5VAWlmVQCt1lUAocpVA
YW+VQG47lUDBV5VAY02VQDRXlUAaX5VAJHKVQAZZlUAgnZVA7FKVQEWAlUBMYZVAwFiVQIRs
lUBGV5VAgH6VQGh0lUChTpVAJV2VQHlalUBAjJVA4UyVQFp6lUBBXpVAk3iVQPSMlUB4bJVA
vniVQN5ylUCvdpVACWaVQKF0lUC4g5VAV2eVQBhplUBRdZVALoWVQFedlUDQiJVAqHCVQNOF
lUBjnZVA9oaVQL1hlUCxjJVAW5GVQLmJlUAlh5VAIYiVQIKllUA1g5VAkZGVQNiGlUCiiJVA
GpiVQLGMlUDQk5VAgYeVQIpzlUAGe5VAfY6VQCOQlUDQg5VAw5GVQNCclUB2f5VA12aVQFCe
lUB2hJVAhamVQGutlUCFXZVA8Z+VQI7alUD0r5VAbaeVQKy+lUAdoZVAY5aVQMGClUDZopVA
uJ2VQKGYlUDcmpVAC46VQEyalUAkmJVASJ+VQA+7lUDnrZVATXOVQJ+dlUBvuJVAMnuVQEuH
lUA2mpVAVpSVQJVulUBMbZVA5Y6VQGyRlUDtlZVAxJOVQNGwlUBzhJVAa42VQISalUBujpVA
M6iVQL6dlUDOopVAqYCVQPGxlUBjppVAm6eVQIjNlUDgeJVAZKGVQPmFlUD3gZVAb7CVQL+g
lUC4qpVAVZuVQJzJlUDSp5VAd6mVQMvHlUA5pZVAEJaVQEKYlUAarZVAUaeVQJzOlUBTwJVA
Aa6VQJCYlUAPqZVA3JeVQKCjlUAx5ZVAv96VQJC6lUAl15VAW8KVQEDDlUAizJVAKsGVQDvD
lUD11JVAPviVQKbblUBb3ZVAQeOVQNvklUBA4pVA7+6VQHmelUC3+ZVAQueVQLTXlUBR2pVA
OOyVQGvclUDH35VAi+KVQJfslUBEwpVAQwKWQMu/lUDC2pVAANWVQILZlUDpxZVAhteVQDvM
lUAI05VAy9eVQE7GlUDt7ZVAvNSVQMPBlUBEwpVAob+VQA78lUAs75VASMmVQFfLlUDo45VA
6uOVQGfBlUDGt5VAXduVQL29lUBb2pVAkuCVQIXUlUAB9pVAJbGVQEvelUAh2JVAY++VQGvG
lUDnu5VAtMOVQK+9lUAz45VAn9GVQJ3SlUBS5ZVA6euVQLXplUBXy5VAMOeVQN/ulUAW05VA
wuKVQNzTlUAi8JVAGvaVQAMClkDt5JVAd+WVQMMDlkCr8JVAPByWQKb9lUD0AZZAj+GVQIUZ
lkBk4JVAYf+VQKbwlUB09JVAoveVQJ72lUCy85VAMeyVQFoblkBu1pVAKe2VQGQAlkA23pVA
dheWQAA2lkDz/ZVAxBaWQAsElkBGGZZAcTKWQB3elUBoE5ZAjAOWQHLhlUBMA5ZAjN6VQBUE
lkCKLJZAYQqWQJ8HlkARCZZAqBCWQJzwlUBGHpZAdBiWQCYUlkCB/JVAU/yVQMUqlkAU55VA
jxqWQNwNlkC3H5ZA3BaWQCsVlkB9KJZAaRKWQPYElkB7/JVADAGWQL4WlkD0BZZAEQCWQEcq
lkCbEpZAGC+WQLEAlkBtC5ZA/eqVQAAmlkD7HJZAOBOWQHMVlkADJZZAIhGWQKnylUAXKpZA
+SCWQKEjlkB1GZZAnuqVQOoklkBmAJZAV0qWQNMdlkBmFpZALgqWQPcHlkCHNpZA1jCWQAHr
lUC9D5ZA/iOWQC8TlkBfRJZAwyOWQLcvlkCiLpZASR6WQFk2lkAMEZZADTGWQGUrlkCDBJZA
PkeWQGIDlkD1OpZA+xqWQM0klkBFNZZAox6WQCgqlkBrOZZAnwKWQGkZlkCJV5ZAqSeWQLE9
lkDxDJZAKBeWQHVAlkDyIJZALSeWQH9JlkDnJZZAWCiWQFdIlkDSU5ZAh/GVQFlElkD/OpZA
vTKWQDkmlkAYQ5ZAtFiWQIIrlkD5XpZAZVeWQEgblkBmGZZAAj+WQGU9lkD7RJZAmzuWQFZE
lkCCQJZA6FWWQDQzlkAFHJZAWz+WQJoPlkAxPpZA/UqWQNI2lkD6O5ZA00mWQNkylkBISpZA
ESaWQLYzlkD1KpZAJkOWQHkxlkB1KpZADV6WQEkwlkBaJZZA4EuWQMFulkBvWJZAYiiWQE1O
lkBdZZZAGEKWQAGRlkASTpZAilCWQI5YlkAUUpZAqFyWQCNFlkCVPpZAEw2WQO9NlkDcRZZA
UR2WQDU1lkBQZ5ZAbU2WQKU6lkAzYZZARUOWQDtDlkCtRJZAhk6WQDNBlkB5XZZA206WQFpX
lkArSZZAW0iWQDFElkDXVpZAWE+WQMdTlkBgMZZAJGiWQE1JlkCeNpZAI2uWQH5GlkDAN5ZA
2E6WQNJ6lkAngJZAT2iWQGh9lkBPY5ZAgzyWQKR1lkDFU5ZA</AssayYData></Step><Step><CommonData><SampleLocation>3</SampleLocation><SampleID>Octet Buffer</SampleID><SampleGroup></SampleGroup><SampleInfo></SampleInfo><SampleRow>A</SampleRow><SamplePlate>1</SamplePlate><WellType>BUFFER</WellType><Concentration>-1</Concentration><ConcentrationUnits>µg/ml</ConcentrationUnits><MolarConcentration>-1</MolarConcentration><MolarConcUnits>nM</MolarConcUnits><MolecularWeight>0</MolecularWeight><Temperature>30</Temperature><StartTime>3950497</StartTime><AssayTime>300</AssayTime></CommonData><FlowRate>1000</FlowRate><StepType>DISASSOC</StepType><StepName>Dissociation</StepName><StepStatus>OK</StepStatus><ActualTime>300.001</ActualTime><CycleTime>0.2</CycleTime><AssayXData Points="1500">VqBXRYmjV0XFpldF8KlXRSOtV0VasFdFibNXRby2V0XwuVdFI71XRVbAV0WJw1dFvMZXRfDJ
V0UjzVdFVtBXRYnTV0W81ldF8NlXRSPdV0Va4FdFjeNXRbzmV0Xw6VdFI+1XRVbwV0WJ81dF
vPZXRfT5V0Uj/VdFVgBYRY0DWEW8BlhF8AlYRSMNWEVWEFhFjRNYRbwWWEXwGVhFJx1YRVYg
WEWNI1hFvCZYRfQpWEUnLVhFWjBYRYkzWEXANlhF8DlYRSM9WEVWQFhFiUNYRbxGWEXwSVhF
J01YRVZQWEWJU1hFwFZYRfRZWEUnXVhFVmBYRYljWEW8ZlhF8GlYRSNtWEVWcFhFjXNYRcB2
WEX0eVhFI31YRVaAWEWJg1hFvIZYRfCJWEUjjVhFVpBYRYmTWEW8llhF9JlYRSedWEVaoFhF
iaNYRcCmWEX0qVhFI61YRVawWEWJs1hFvLZYRfS5WEUjvVhFVsBYRW/EWEX6xlhF8MlYRSPN
WEVW0FhFidNYRbzWWEXw2VhFI91YRVbgWEWJ41hFvOZYRfDpWEUj7VhFVvBYRY3zWEW89lhF
9PlYRSf9WEVWAFlFjQNZRbwGWUX0CVlFIw1ZRVoQWUWNE1lFvBZZRfAZWUUjHVlFViBZRYkj
WUXAJllF9ClZRSMtWUVWMFlFiTNZRbw2WUX0OVlFIz1ZRVZAWUWJQ1lFwEZZRfBJWUUnTVlF
VlBZRYlTWUXAVllF8FlZRSNdWUVWYFlFjWNZRbxmWUXwaVlFI21ZRVZwWUWNc1lFvHZZRfB5
WUUjfVlFVoBZRYmDWUW8hllF8IlZRSONWUVakFlFjZNZRbyWWUX0mVlFJ51ZRVagWUWNo1lF
wKZZRfCpWUUjrVlFVrBZRYmzWUXAtllF9LlZRSO9WUVawFlFicNZRbzGWUXwyVlFI81ZRVbQ
WUWJ01lFwNZZRfDZWUUj3VlFWuBZRYnjWUXA5llF8OlZRSPtWUVW8FlFifNZRbz2WUX0+VlF
I/1ZRVYAWkWJA1pFwAZaRfQJWkUnDVpFVhBaRYkTWkW8FlpF8BlaRSMdWkVWIFpFjSNaRcAm
WkX0KVpFIy1aRVowWkWJM1pFwDZaRfA5WkUjPVpFWkBaRYlDWkW8RlpF9ElaRSNNWkVaUFpF
jVNaRcBWWkX0WVpFI11aRVpgWkWJY1pFvGZaRfBpWkUjbVpFVnBaRY1zWkXAdlpF8HlaRSN9
WkVagFpFiYNaRbyGWkX0iVpFJ41aRVaQWkWJk1pFvJZaRfSZWkUjnVpFVqBaRYmjWkW8plpF
9KlaRSetWkVasFpFibNaRby2WkXwuVpFJ71aRVbAWkWJw1pFvMZaRfTJWkUjzVpFWtBaRYnT
WkW81lpF9NlaRSPdWkVW4FpFieNaRbzmWkX06VpFYu5aRe7wWkWJ81pFwPZaRfT5WkUj/VpF
VgBbRYkDW0W8BltF8AlbRSMNW0VaEFtFiRNbRbwWW0X0GVtFIx1bRVogW0WNI1tFvCZbRfAp
W0UjLVtFWjBbRYkzW0W8NltF8DlbRSM9W0VaQFtFoERbRS9HW0XwSVtFJ01bRVZQW0WJU1tF
wFZbRfRZW0UjXVtFWmBbRYljW0W8ZltF8GlbRSNtW0VacFtFiXNbRcB2W0XweVtFI31bRVaA
W0WNg1tFvIZbRfCJW0UjjVtFWpBbRYmTW0XAlltF8JlbRSOdW0VWoFtFjaNbRbymW0X0qVtF
I61bRVqwW0WJs1tFvLZbRfS5W0UjvVtFVsBbRYnDW0W8xltF8MlbRSPNW0VW0FtFidNbRbzW
W0Xw2VtFI91bRVrgW0WJ41tFwOZbRfTpW0Un7VtFVvBbRZHzW0XA9ltF8PlbRSP9W0VWAFxF
iQNcRbwGXEXwCVxFJw1cRVYQXEWJE1xFvBZcRfAZXEUjHVxFViBcRYkjXEW8JlxF9ClcRSMt
XEVWMFxFiTNcRcA2XEXwOVxFIz1cRVZAXEWNQ1xFvEZcRfRJXEUnTVxFVlBcRYlTXEW8VlxF
8FlcRSNdXEVaYFxFiWNcRcBmXEXwaVxFI21cRVpwXEWNc1xFvHZcRfB5XEUjfVxFVoBcRY2D
XEW8hlxF9IlcRSONXEVWkFxFiZNcRcCWXEXwmVxFI51cRVagXEWNo1xFwKZcRfCpXEUjrVxF
WrBcRY2zXEW8tlxF8LlcRSO9XEVawFxFicNcRbzGXEXwyVxFJ81cRVrQXEWJ01xFvNZcRfDZ
XEUn3VxFVuBcRYnjXEW85lxF9OlcRSPtXEVa8FxFifNcRbz2XEXw+VxFJ/1cRVYAXUWJA11F
vAZdRfAJXUUjDV1FVhBdRYkTXUXAFl1F8BldRSMdXUVWIF1FjSNdRcAmXUX0KV1FIy1dRVYw
XUWNM11FvDZdRfQ5XUUjPV1FVkBdRY1DXUW8Rl1F9EldRSdNXUVWUF1FiVNdRbxWXUXwWV1F
I11dRVpgXUWNY11FvGZdRfBpXUUjbV1FVnBdRY1zXUW8dl1F9HldRSN9XUVWgF1FiYNdRbyG
XUXwiV1FI41dRVaQXUWNk11FvJZdRfCZXUUjnV1FVqBdRYmjXUXApl1F8KldRSOtXUVasF1F
ibNdRby2XUX0uV1FJ71dRVrAXUXRxF1FWMddRfDJXUUnzV1FVtBdRY3TXUW81l1F8NldRSPd
XUVa4F1FjeNdRbzmXUXw6V1FI+1dRVrwXUWN811FvPZdRfD5XUUn/V1FVgBeRY0DXkW8Bl5F
9AleRScNXkVaEF5FiRNeRbwWXkXwGV5FIx1eRVogXkWJI15FwCZeRfApXkUnLV5FVjBeRYkz
XkXANl5F9DleRSM9XkVWQF5FiUNeRcBGXkXwSV5FI01eRVpQXkWJU15FvFZeRfBZXkUjXV5F
VmBeRY1jXkW8Zl5F8GleRSNtXkVacF5FiXNeRbx2XkXweV5FI31eRVqAXkWJg15FwIZeRfCJ
XkUjjV5FVpBeRY2TXkW8ll5F8JleRSedXkVWoF5FjaNeRbymXkXwqV5FI61eRTuxXkXDs15F
vLZeRfC5XkUjvV5FVsBeRY3DXkW8xl5F8MleRSPNXkVW0F5FidNeRcDWXkXw2V5FI91eRVbg
XkWN415FvOZeRfDpXkUj7V5FWvBeRYnzXkW89l5F8PleRSf9XkVWAF9F5QRfRXUHX0X8CV9F
Iw1fRVYQX0WJE19FvBZfRfQZX0UjHV9FWiBfRY0jX0XAJl9F9ClfRSMtX0VaMF9FiTNfRcA2
X0X0OV9FJz1fRVZAX0WJQ19FvEZfRfBJX0UjTV9FWlBfRYlTX0W8Vl9F9FlfRSNdX0VaYF9F
iWNfRbxmX0XwaV9FI21fRVZwX0WJc19FvHZfRfR5X0UnfV9FVoBfRYmDX0W8hl9F9IlfRSON
X0VWkF9FiZNfRcCWX0X0mV9FJ51fRVagX0WJo19FvKZfRfSpX0UjrV9FVrBfRYmzX0W8tl9F
8LlfRSO9X0VWwF9FjcNfRbzGX0XwyV9FJ81fRVbQX0WJ019FvNZfRfTZX0Uj3V9FVuBfRYnj
X0W85l9F8OlfRSPtX0VW8F9FjfNfRbz2X0X0+V9FJ/1fRVYAYEWJA2BFvAZgRfAJYEUjDWBF
VhBgRYkTYEW8FmBF9BlgRScdYEVaIGBFjSNgRbwmYEXwKWBFIy1gRVYwYEWJM2BFwDZgRfA5
YEUjPWBFVkBgRYNEYEUOR2BF8ElgRSNNYEVaUGBFiVNgRbxWYEX0WWBFI11gRVZgYEWJY2BF
vGZgRfBpYEUjbWBFWnBgRYlzYEXAdmBF8HlgRSd9YEVWgGBFiYNgRcCGYEXwiWBFJ41gRVaQ
YEWNk2BFvJZgRfSZYEUnnWBFVqBgRYmjYEW8pmBF8KlgRSOtYEVWsGBFibNgRby2YEXwuWBF
I71gRVbAYEWNw2BFwMZgRfDJYEUjzWBFVtBgRYnTYEW81mBF9NlgRSPdYEVW4GBFjeNgRbzm
YEXw6WBFJ+1gRVbwYEWW82BFwPZgRfD5YEUj/WBFVgBhRY0DYUW8BmFF9AlhRScNYUVaEGFF
iRNhRcAWYUXwGWFFIx1hRVogYUWJI2FFvCZhRfApYUUjLWFFWjBhRYkzYUW8NmFF8DlhRSM9
YUVWQGFFiUNhRbxGYUXwSWFFI01hRVZQYUWJU2FFvFZhRfBZYUUnXWFFVmBhRYljYUXAZmFF
8GlhRSNtYUVWcGFFiXNhRbx2YUXweWFFI31hRVaAYUWJg2FFwIZhRfiJYUUjjWFFVpBhRY2T
YUW8lmFF8JlhRSedYUVaoGFFiaNhRbymYUXwqWFFJ61hRVawYUWJs2FFwLZhRfC5YUUjvWFF
VsBhRYnDYUXAxmFF9MlhRSfNYUVW0GFFjdNhRbzWYUXw2WFFI91hRVbgYUWN42FFvOZhRfDp
YUUj7WFFWvBhRY3zYUW89mFF9PlhRSP9YUVaAGJFiQNiRbwGYkXwCWJFIw1iRVYQYkWNE2JF
vBZiRfQZYkUjHWJFViBiRY0jYkW8JmJF8CliRSMtYkVWMGJFjTNiRbw2YkX0OWJFIz1iRVpA
YkWJQ2JFvEZiRfBJYkUjTWJFVlBiRYlTYkXAVmJF8FliRSNdYkVaYGJFiWNiRbxmYkXwaWJF
I21iRVZwYkVWdGJF3XZiRfB5YkUjfWJFWoBiRYmDYkXAhmJF8IliRSONYkVWkGJFjZNiRcCW
YkXwmWJFI51iRVagYkWNo2JFvKZiRfSpYkUnrWJFVrBiRYmzYkXAtmJF8LliRSe9YkVWwGJF
7sRiRXnHYkUAymJFI81iRVbQYkWJ02JFvNZiRfDZYkUv3WJFWuBiRYnjYkW85mJF8OliRSPt
YkVa8GJFjfNiRcD2YkXw+WJFJ/1iRVoAY0WNA2NFvAZjRfQJY0UjDWNFVhBjRYkTY0W8FmNF
8BljRSMdY0VWIGNFjSNjRbwmY0X0KWNFIy1jRVowY0WJM2NFvDZjRfQ5Y0UnPWNFWkBjRY1D
Y0W8RmNF9EljRSNNY0VaUGNFiVNjRcBWY0X0WWNFI11jRVpgY0WJY2NFvGZjRfBpY0UjbWNF
WnBjRYlzY0XAdmNF8HljRSN9Y0VWgGNFiYNjRbyGY0XwiWNFJ41jRVaQY0WJk2NFvJZjRfCZ
Y0UnnWNFVqBjRYmjY0XApmNF8KljRSOtY0VWsGNFibNjRby2Y0XwuWNFI71jRVrAY0WNw2NF
vMZjRfDJY0UjzWNFWtBjRYnTY0W81mNF8NljRSPdY0VW4GNFjeNjRbzmY0Xw6WNFJ+1jRVrw
Y0WN82NFwPZjRfD5Y0Uj/WNFWgBkRX8EZEUKB2RF9AlkRScNZEVaEGRFkRNkRbwWZEX0GWRF
Jx1kRVYgZEWJI2RFvCZkRfQpZEUnLWRFWjBkRYkzZEW8NmRF8DlkRSc9ZEVWQGRFiUNkRbxG
ZEXwSWRFI01kRVpQZEWJU2RFvFZkRfRZZEUnXWRFVmBkRY1jZEW8ZmRF8GlkRSNtZEVacGRF
jXNkRbx2ZEXweWRFJ31kRVaAZEWJg2RFvIZkRfCJZEUjjWRFVpBkRYmTZEXAlmRF8JlkRSOd
ZEVWoGRFjaNkRbymZEXwqWRFI61kRVawZEWNs2RFvLZkRfC5ZEUjvWRFWsBkRYnDZEW8xmRF
9MlkRSPNZEVW0GRFjdNkRbzWZEX02WRFJ91kRVrgZEWJ42RFwOZkRfTpZEUj7WRFWvBkRYnz
ZEXA9mRF9PlkRSf9ZEVaAGVFiQNlRcAGZUX0CWVFJw1lRVYQZUWNE2VFvBZlRfAZZUUnHWVF
ViBlRYkjZUW8JmVF8CllRSctZUVWMGVFjTNlRcA2ZUX0OWVFJz1lRVZAZUXdRGVFZEdlRfRJ
ZUUnTWVFVlBlRYlTZUW8VmVF8FllRSNdZUVWYGVFiWNlRcBmZUX0aWVFI21lRVZwZUWJc2VF
wHZlRfB5ZUUjfWVFVoBlRY2DZUXAhmVF8IllRSONZUVWkGVFjZNlRbyWZUX0mWVFJ51lRVag
ZUWJo2VFvKZlRfCpZUUjrWVFVrBlRYmzZUW8tmVF8LllRSO9ZUVWwGVFicNlRbzGZUXwyWVF
I81lRVbQZUWJ02VFvNZlRfDZZUUn3WVFVuBlRY3jZUXA5mVF8OllRSPtZUVa8GVFifNlRbz2
ZUX0+WVFI/1lRVoAZkWJA2ZFvAZmRfQJZkUjDWZFYhBmRY0TZkW8FmZF8BlmRScdZkVWIGZF
iSNmRcAmZkX0KWZFIy1mRVYwZkWJM2ZFKzdmRfA5ZkUnPWZFVkBmRYlDZkXARmZF8ElmRSdN
ZkVWUGZFiVNmRcBWZkXwWWZFJ11mRVZgZkWJY2ZFvGZmRfBpZkUjbWZFVnBmRY1zZkW8dmZF
8HlmRSd9ZkVWgGZFuIRmRUSHZkXwiWZFJ41mRVaQZkWJk2ZFvJZmRfCZZkUnnWZFVqBmRY2j
ZkXApmZF8KlmRSOtZkVWsGZFibNmRby2ZkXwuWZFI71mRVbAZkWJw2ZFwMZmRfDJZkUjzWZF
VtBmRY3TZkXA1mZF8NlmRSfdZkVW4GZFieNmRcDmZkX46WZFJ+1mRVbwZkWJ82ZFvPZmRfD5
ZkUj/WZFWgBnRY0DZ0W8BmdF8AlnRSMNZ0VWEGdFjRNnRbwWZ0XwGWdFIx1nRVYgZ0WJI2dF
vCZnRfApZ0UjLWdFVjBnRYkzZ0W8NmdF9DlnRSc9Z0VaQGdFiUNnRbxGZ0X0SWdFJ01nRVZQ
Z0WJU2dFvFZnRfRZZ0UjXWdFYmBnRYljZ0W8ZmdF9GlnRSNtZ0VWcGdFiXNnRbx2Z0XweWdF
J31nRVaAZ0WJg2dFwIZnRfSJZ0UnjWdFWpBnRY2TZ0W8lmdF8JlnRSOdZ0VWoGdFiaNnRcCm
Z0XwqWdFI61nRVawZ0WJs2dFvLZnRfS5Z0UjvWdFVsBnRcnEZ0VUx2dF8MlnRSPNZ0Va0GdF
idNnRbzWZ0Xw2WdFI91nRVbgZ0WN42dFvOZnRfTpZ0Uj7WdFVvBnRYnzZ0W89mdF9PlnRSP9
Z0VWAGhFiQNoRcAGaEXwCWhFJw1oRVoQaEWJE2hFvBZoRfQZaEUjHWhFViBoRYkjaEW8JmhF
8CloRSMtaEVaMGhFiTNoRcA2aEXwOWhFIz1oRVZAaEWJQ2hFvEZoRfRJaEUjTWhFWlBoRYlT
aEXAVmhF8FloRSNdaEVaYGhFjWNoRbxmaEXwaWhFJ21oRVZwaEWNc2hFvHZoRfR5aEUjfWhF
VoBoRYmDaEW8hmhF9IloRSONaEVWkGhFiZNoRcCWaEXwmWhFI51oRVqgaEWJo2hFvKZoRfSp
aEUjrWhFVrBoRY2zaEXAtmhF9LloRSO9aEVWwGhFicNoRcXGaEX0yWhFJ81oRVbQaEWJ02hF
vNZoRfDZaEUj3WhFVuBoRY3jaEW85mhF9OloRSftaEVW8GhFifNoRbz2aEXw+WhFI/1oRVYA
aUWgBGlFJwdpRfAJaUUjDWlFVhBpRY0TaUW8FmlF8BlpRSMdaUVWIGlFiSNpRbwmaUXwKWlF
Iy1pRVYwaUWNM2lFvDZpRfA5aUUjPWlFWkBpRY1DaUW8RmlF8ElpRSNNaUVaUGlFiVNpRcBW
aUXwWWlFI11pRVZgaUWJY2lFvGZpRfBpaUUjbWlFVnBpRYlzaUW8dmlF9HlpRSN9aUVagGlF
iYNpRbyGaUX0iWlFI41pRVqQaUWJk2lFvJZpRfCZaUUjnWlFVqBpRYmjaUW8pmlF9KlpRSet
aUVasGlFibNpRby2aUXwuWlFI71pRVbAaUWNw2lFwMZpRfDJaUUnzWlFVtBpRYnTaUW81mlF
8NlpRSfdaUVW4GlFjeNpRcDmaUX06WlFI+1pRVbwaUWN82lFvPZpRQD6aUUj/WlFWgBqRY0D
akW8BmpF8AlqRSMNakVaEGpFjRNqRbwWakXwGWpFJx1qRVogakWJI2pFvCZqRfQpakUjLWpF
VjBqRY0zakW8NmpF8DlqRSM9akVWQGpFiUNqRbxGakX0SWpFJ01qRVpQakWJU2pFwFZqRfBZ
akUnXWpF</AssayXData><AssayYData Points="1500">UTeVQE11lUBkdJVAQ3iVQPWKlUDGsJVAtKaVQFStlUA/z5VALLiVQLKilUC3wZVAWsyVQHvh
lUDduJVATfmVQG7KlUBK6ZVAub6VQDPTlUAVz5VA8cGVQILPlUD1xpVAxsOVQLO4lUB4uJVA
WdGVQPb0lUBW15VAfL6VQJfllUBJ7JVAAMyVQMLDlUBbyZVAS8qVQKPLlUCMtpVActOVQESx
lUBp05VAr9yVQFvhlUBBnpVAJwiWQPnzlUAJ4JVAEMuVQHzrlUBi0pVAk+KVQMP3lUBo8JVA
GduVQMPglUDt/ZVAXeeVQNPQlUA0EJZAi/uVQAD9lUCIC5ZA6ASWQG3vlUA/35VA7iaWQC3U
lUDlC5ZAQOmVQOv8lUD02ZVAVe6VQDYQlkDtC5ZA7fWVQDwNlkA8ApZAfCSWQIIHlkAf8ZVA
dPKVQAbulUBG9JVAdtSVQMfylUBr8JVAY/WVQK0PlkAMDJZAZeSVQLHslUBKzJVAxQKWQN/1
lUCR2ZVA3fCVQH/hlUDS65VAMd+VQPndlUB4AJZA9/KVQA/alUBDC5ZAyNiVQOj0lUCK75VA
9+6VQOPylUDlDZZAIgWWQEHblUAm4ZVA3QeWQOP4lUB19ZVANeOVQNMClkB8JZZA9/6VQKf8
lUAo95VA8Q+WQEgHlkBW+ZVAQPyVQF4ElkB5FJZAyRSWQD33lUDLLJZAFgqWQDjzlUDTF5ZA
tvyVQMwTlkD0J5ZAYRyWQNcOlkD3DpZA4AOWQIEQlkB3FZZACh2WQOQflkD4IpZAJeuVQH0g
lkCuCpZATA2WQPr6lUAlEJZAJQ6WQKgplkCFBZZAgxWWQO79lUBnF5ZADymWQFIElkCvKJZA
cAeWQHEllkDWG5ZAvw6WQFYClkD2CZZA2huWQFEAlkAgKZZAIzGWQJH7lUDOK5ZAOR2WQH7w
lUCZQJZADUmWQJb5lUANTpZATDSWQHIRlkAyIJZAovaVQK0ClkAcGpZAGxSWQK0vlkAqMpZA
fBuWQBYMlkC+I5ZAeB+WQPMSlkCeFJZAtTqWQBxclkBCRJZAUAqWQGHqlUBxCJZA/w6WQP4b
lkA2MpZAclSWQAoSlkB2P5ZAIDSWQCkllkDEJJZAY0yWQFkulkDcNJZAAzCWQG8clkCnIZZA
iw+WQOkclkAHF5ZAsxWWQPgilkCCNpZAqieWQPhJlkACKJZAyi6WQKYhlkDUHpZAmguWQCgg
lkC85pVALDCWQMselkDWJZZA9kCWQI03lkAGGpZAbBWWQCfBlUDC/JVAzhWWQAMFlkDvOpZA
aASWQB8MlkCKQJZAIyeWQCVKlkBe85VAMy2WQIQvlkC3IJZAYCyWQN8dlkDvEZZAJx2WQOZO
lkDiKJZAVyeWQAwnlkDvJ5ZAYSqWQNE0lkCWIpZAFzyWQDcmlkDNQpZATSaWQNcllkCDRJZA
/zGWQOQelkAyN5ZANjaWQAYulkCuE5ZAAU+WQG4+lkBUMpZAQz6WQHY6lkD+PJZAfkuWQNI/
lkCSW5ZA9UOWQHRSlkC4eJZAbEaWQA42lkCkP5ZA4FSWQPw7lkAwQJZAAEqWQBRjlkAwPpZA
SVGWQC2AlkCtMJZA01eWQChZlkDqU5ZAkViWQFI2lkDcPZZAkl6WQOxGlkBGN5ZAYSGWQLFA
lkB0OZZA2ROWQDE5lkBzX5ZA902WQO81lkAYW5ZAIU6WQGBTlkD8dZZAnTyWQNNPlkDYUZZA
Dl6WQAlhlkAnfZZA3WOWQG+ElkCCbpZA8WKWQMFflkAQU5ZA9UeWQB9rlkCgW5ZA62WWQNxm
lkB0UJZA1WaWQGN+lkC6RZZA80OWQCqElkD+f5ZATD+WQMRslkAgXpZAEGSWQLFtlkACXpZA
ak2WQIB1lkDyY5ZA9TiWQB5ClkBmTJZAz1uWQDF0lkBTlpZAw02WQAhjlkBla5ZAW1qWQOJl
lkCtZ5ZAw16WQDCLlkBEfJZAi3qWQMJXlkBmepZA3HiWQDGJlkCSTpZA8oGWQGGElkCdo5ZA
oH2WQLRplkA2VJZAGICWQCx4lkDxbZZAfoWWQE9YlkBBoJZAuVuWQK1JlkDDlpZAEWmWQDB+
lkC0R5ZAL4SWQHd+lkAqg5ZAdFyWQPqSlkAcgJZAJYuWQPWMlkCMZJZAwYeWQG6ClkA7fpZA
0muWQMxglkA6mpZA/naWQJ+JlkClhZZA22eWQP+elkCWX5ZAt6GWQOd8lkASjpZARIeWQHqw
lkCIoZZAF52WQF9BlkDRVZZAKWuWQMdilkAgXZZAVoWWQJNalkD1dJZAHYaWQFxilkAiipZA
vlyWQMBtlkDzXJZAr1uWQAJ9lkCqWpZA1ouWQHqclkADkJZAcY6WQICOlkCFd5ZAaaWWQGV8
lkDKfpZAWI2WQHKSlkBseZZATbeWQGiflkBkmpZAmImWQKGZlkALkZZAopWWQD2WlkCBnZZA
BryWQBeVlkBZgJZANm+WQPh6lkBQpJZAbrSWQLCKlkCFfZZASauWQGiflkBOnpZAnZuWQEus
lkCZlZZAeJiWQFyHlkDBpJZAyKOWQN6mlkBhqpZAt7CWQCmdlkA/oJZAaKOWQEO8lkDQkJZA
6Z2WQCGOlkD3uJZA272WQHeWlkAatZZAeKmWQBKulkDKnZZAi8CWQI22lkCGqZZAL6uWQMJ0
lkCEqZZAJYWWQB+slkBrqJZAkJaWQFfHlkCTvJZAbpKWQOS8lkDrr5ZAmruWQIm3lkDLmJZA
gpaWQDOvlkAEupZAFJeWQIKelkAfq5ZANK+WQCu1lkDqnpZAR6aWQNSDlkB3rJZA76SWQCnS
lkCYrpZAUsuWQK7ClkCmqpZAPcOWQCSElkBTt5ZArq6WQESZlkAjuJZA/9GWQIfAlkDQrpZA
lJuWQJvFlkC2vJZAP9iWQCnelkAz3JZA68mWQHCelkAfy5ZAFe6WQGDClkCMw5ZAdr2WQBmN
lkCTw5ZAntKWQF+0lkAN3pZAY9CWQM2mlkBsq5ZAFI+WQNSklkCLtZZAoqGWQJKolkA715ZA
w6CWQJS3lkC5p5ZAbY6WQLK7lkDavZZAWcmWQC3PlkBb5JZAbq2WQHvclkBvuZZAndmWQL6u
lkBGs5ZAJsuWQBOqlkDzvJZA4OuWQPPJlkAAwJZAvLiWQArYlkA3wZZAasiWQPjUlkA+1pZA
HcCWQOjTlkAWyZZAKuOWQE7BlkC/1pZAFqmWQE7MlkBLwpZAj6CWQCbHlkCA5ZZActuWQN61
lkBq25ZAVdOWQHPRlkCmtZZAL7+WQLLIlkDvz5ZAfuiWQKvYlkBUv5ZAX9CWQHfelkAG15ZA
Bd6WQFrllkDN6pZAz7iWQGPslkC51ZZAB/eWQGjOlkDy4ZZAiLOWQKfClkBLppZA+eKWQLrr
lkBd3pZAy+CWQJDPlkB+2JZABO+WQE4Dl0D87JZAfcuWQNjTlkBCxJZACNuWQLb/lkBkypZA
RfmWQOTglkBPz5ZASeSWQCfulkB9+5ZAq92WQKW8lkBL9pZACdGWQL3mlkAo2pZAEu2WQKT2
lkDi9ZZAuvuWQAnSlkCd85ZAivqWQKT1lkAv9pZAg+mWQFYAl0Cy6pZAiAaXQG3nlkBauJZA
xNyWQN3WlkB5+ZZASPmWQMLYlkCqDpdAgQ2XQHjvlkA485ZAfuOWQJnZlkB+F5dAWwaXQPcP
l0Cu05ZApx+XQHoVl0B55JZA/+WWQI/blkCW35ZASzGXQOcpl0BZ8JZASfWWQCH/lkCj4ZZA
9NuWQEICl0DKCpdAbg6XQL8Sl0DmD5dAp/WWQBLDlkBV7JZAi+SWQH0Yl0DNI5dAzOKWQIQo
l0AwBZdAHsKWQAL2lkB66ZZAje2WQGAFl0DW3JZAoueWQKjilkB5DZdAse+WQFMDl0BO2pZA
ex2XQMYGl0Aw7JZA3fyWQMcOl0Di+5ZA9xuXQL8Al0C2DZdAv/2WQCnxlkBR+JZAmuSWQAYO
l0Au+5ZA7xWXQJftlkB3/JZABRiXQHMMl0B1J5dAaQeXQPMTl0AIJZdA6x+XQIkpl0Dx7JZA
JBiXQBMKl0BH/5ZApw+XQHUUl0Cu6ZZAvx6XQBQ9l0CEAJdAIvmWQKIHl0DkJpdA2QGXQK4t
l0BlD5dAwAOXQPEil0AwPJdAYByXQM4Nl0BCGZdA+g+XQN0ml0AFFZdAOgSXQCb0lkBUQpdA
1gWXQNsPl0A2/ZZAPxOXQAUcl0DqEJdA3y6XQO4Ol0B8FJdA9jGXQLIfl0DrJJdAZf2WQEc2
l0DRNpdArTuXQOUdl0Af6pZAAg6XQD7QlkAHDZdALvOWQCX7lkC5KJdARRqXQLMUl0BSZpdA
p0CXQG4Il0BnMJdA1SCXQC8Ml0AuMZdACxiXQJk4l0BpJZdASf2WQJYql0BWGZdAOSGXQI9J
l0AkEpdAbxCXQL9Jl0AfQpdAQyyXQMMel0CNHZdA8BWXQFUtl0CLQZdA7yuXQFJHl0DKLZdA
wzeXQL8Il0CqLpdAojKXQIc/l0D/PZdAVRKXQNYzl0BgHpdAWReXQBYhl0C6NZdAtySXQKY0
l0D0T5dA+SOXQJpzl0CTK5dAEECXQAokl0D1OZdA3iaXQB8ql0AHTJdAfSCXQHU2l0BEMZdA
yh6XQPg3l0C0JpdAlzqXQBtAl0BXOJdASlKXQEdMl0AAH5dAfCmXQJspl0ATRJdA9TuXQPhN
l0BIM5dAbWWXQIExl0B7QZdAf0CXQOBEl0AtOJdA8i6XQHExl0DNQ5dAKz+XQOxKl0CgQJdA
+GOXQDYql0BxK5dAWViXQGw6l0AIXJdAL0mXQFNCl0A3LZdAsnGXQCRCl0DvOZdAIz+XQPhF
l0A5Q5dAnmCXQMVcl0CSJpdAVE2XQLlTl0BVVZdA70KXQI2Fl0C9NZdAa1mXQANfl0DbYpdA
EyyXQINKl0CPNJdAnjWXQCtel0D9e5dAL0OXQKFLl0CyUpdAmVuXQElXl0D1cpdAWl2XQBd9
l0CxWJdAsGmXQKU8l0A2S5dATDyXQLtFl0DiU5dA+TCXQOxQl0CMgJdAYVWXQIJLl0D7QpdA
AomXQGtVl0C7VJdAh1aXQGmKl0B6W5dACGyXQAtol0AkkpdA6GGXQMFtl0CbkZdAq3WXQD9I
l0BAV5dAHXyXQIVcl0CjVpdAR2uXQKuDl0A+SJdA8UiXQMF6l0CffpdA/kaXQGt3l0AabJdA
1mCXQMVkl0BXf5dANVOXQKxSl0CYSJdAhlmXQIx+l0DiYpdA5FWXQPONl0C9f5dAfmqXQGqR
l0ADb5dA2XmXQKSBl0DqfpdAMIKXQAZel0CKeJdA6oSXQCh1l0AlfpdA9k6XQKhQl0A1dJdA
94uXQA1rl0DMfZdAfYeXQMdfl0BKepdAMoGXQJ9Ml0AdeZdAm3iXQMqHl0DkYpdACHuXQBKC
l0CyoZdAMoOXQNOGl0CDZpdAUpSXQNJ4l0BLf5dAKX6XQLOFl0AnXZdASHqXQOWQl0Dya5dA
ToOXQMmVl0AKl5dAT6GXQFSNl0AIU5dA8IOXQISYl0C9ipdApH6XQEJ8l0AFdpdAsHiXQH6d
l0B5k5dAHoaXQGaXl0AubZdAv0yXQH2Jl0CGhJdA34KXQL6Tl0BjeZdA4YWXQC2Pl0CacZdA
XbKXQIqFl0APgZdAhLGXQFefl0CxcZdA9HOXQEJbl0C1nZdAG1qXQIKil0APnJdArISXQNu5
l0APfpdArZWXQICKl0DFlpdA0nmXQM5nl0Bxn5dA7I+XQKp8l0D1iJdAEWiXQJWOl0BnkpdA
1XuXQK+cl0BykZdAKo+XQAx+l0DvpJdA15KXQMqel0DonJdA9I2XQBiJl0AKu5dAuuqXQA6f
l0CPwZdA1p+XQEi2l0AFmZdAEoyXQGp2l0Bqn5dArZqXQNGfl0ApkZdAsLSXQHN6l0ConpdA
XZyXQEatl0A4nZdA+qWXQAadl0AqvZdAz4KXQGSil0CNj5dAcJ+XQGaul0DmlpdAg86XQIeL
l0CPtJdAdKuXQNGDl0BbsJdAqJeXQPWFl0B8qpdApLmXQJt8l0C1s5dAMKaXQHu7l0Azq5dA
BriXQEmcl0DB1JdAVq6XQF6pl0BFqJdAcJuXQDiUl0A8n5dA1o6XQCyul0BHwJdAhceXQHGZ
l0CVqpdALtGXQFWcl0CIipdAN8+XQNOLl0BuhZdAa56XQMO0l0CL55dAcMKXQBGol0A0o5dA
jciXQKa2l0A7sZdAI5mXQHall0AxxpdABq2XQOW+l0DIn5dArsCXQLbHl0CdvJdANqeXQMmS
l0B0pZdAXa2XQPuvl0CujJdA1ouXQDeKl0A5rZdAzbOXQCekl0AblpdArqmXQESrl0A/l5dA
x6eXQDbbl0BqmpdAD4mXQDTQl0DfyZdACaCXQFyMl0DLwZdAVNuXQMN2l0AooZdAdJuXQLKu
l0DEvZdAsMGXQBKvl0AvkpdAspaXQNXGl0B/o5dANL+XQG3Al0BysZdA7LaXQHuvl0D4w5dA
JLmXQCK/l0BJp5dAncKXQCuSl0CRoJdACsaXQAu7l0DFlZdAi6CXQKexl0ACwZdA46OXQNqk
l0Bo25dAMK+XQBe5l0CWwJdAqMqXQEvdl0DAw5dAc9OXQBa/l0COyZdAHtaXQI+ol0DN65dA
A+WXQIXIl0C265dAIcKXQOC6l0A275dAKt+XQMi0l0Dq+JdA2c+XQKral0AH05dAWOWXQIrh
l0DIwpdAatmXQNPcl0Alz5dAz8CXQBTNl0A7zZdAPtiXQD/al0Bd7ZdAy9mXQLDel0DDypdA
Td2XQNbkl0A7tZdAk9KXQCjdl0Bc+5dAftOXQHYBmECJ35dA89CXQMzdl0AF8pdAdAqYQLC9
l0Ad7pdATtaXQLu8l0AdzJdAKOiXQFvSl0Ag5ZdALuKXQKLJl0Bew5dAUL2XQI7ul0AM+JdA
LKqXQLL5l0BC15dAodiXQMnel0BU4JdAHNKXQE/4l0Dl8ZdAxtiXQPzsl0BPtpdAROqXQNzq
l0D5wpdAAeSXQA7Gl0DXEphAJMuXQHHtl0AC/5dADw+YQL/Hl0BCEZhAkeCXQGT5l0DD9ZdA
l/uXQJ0AmEAf65dAVeSXQL4NmEADC5hAqf+XQNX5l0C06JdAWsGXQLPyl0CwAZhAxuKXQHz4
l0ChtpdAOQmYQJ0LmEAn65dAcgKYQMAEmED6A5hAMeeXQNHil0CE25dAK+iXQPzbl0CY5ZdA
0vuXQGvrl0Av/pdAwdKXQFTel0B2CphAFeWXQDTml0C78ZdAWeeXQJHol0BUw5dA2fOXQGfT
l0CD7JdA0OiXQCHsl0BJ/pdAeOuXQNMPmEDa55dA69aXQGj1l0DK0pdA7gSYQOHdl0Cx+JdA
q7WXQMsBmEBFBJhAFgCYQHQAmED1FZhA8SuYQC/sl0AV+ZdAht+XQOH+l0BL7pdACv2XQLkX
mEDw6ZdALe2XQA/nl0Cy+pdAjOGXQC/ul0CJA5hA0eyXQFEemEAw9ZdACu2XQJLul0DZG5hA
yzmYQIoBmEAfTJhAEDWYQGwtmEC245dACyqYQKrwl0CCDphAfz2YQM0QmEAxLJhAAOyXQBgk
mEBF85dAIxmYQNsdmEA4IphA0EqYQIIkmEBOFphAgkCYQLgMmED2EZhAq/mXQFoRmEDtRphA
STKYQC8nmECyKJhAMP6XQOoMmEDuCJhANxiYQPxHmEAOHJhA6fuXQBUUmEC8JphAmyGYQGsL
mED6AphA2zGYQHcVmED1LJhAlzKYQJcFmEDWD5hALieYQKwWmEA4B5hA4iGYQK4gmECKKJhA
hyKYQPZCmEC8MJhAFxOYQBH/l0CAGphAMTOYQI0FmEDvM5hAE0mYQAMYmEB5IphAUTOYQDIV
mECNNJhAoy+YQMIimECKKZhAIECYQLgzmECDGZhAIjWYQBUzmEB6MphAoxOYQF0cmEDJKJhA
xxiYQIgjmECvX5hA7zOYQE4YmECeU5hA+wmYQBQ1mECKMJhAwiiYQJsXmEAyJ5hAQCiYQAMb
mEBcN5hA</AssayYData></Step><Step><CommonData><SampleLocation>7</SampleLocation><SampleID>Glycine</SampleID><SampleGroup></SampleGroup><SampleInfo></SampleInfo><SampleRow>B</SampleRow><SamplePlate>1</SamplePlate><WellType>REGENERATION</WellType><Concentration>-1</Concentration><ConcentrationUnits>µg/ml</ConcentrationUnits><MolarConcentration>-1</MolarConcentration><MolarConcUnits>nM</MolarConcUnits><MolecularWeight>0</MolecularWeight><Temperature>30</Temperature><StartTime>4259702</StartTime><AssayTime>5</AssayTime></CommonData><FlowRate>1000</FlowRate><StepType>KREGENERATION</StepType><StepName>Regeneration</StepName><StepStatus>OK</StepStatus><ActualTime>5.00005</ActualTime><CycleTime>0.2</CycleTime><AssayXData Points="25">WmBqRZFjakXEZmpF+GlqRSdtakVecGpFkXNqRcR2akX0eWpFJ31qRVqAakWRg2pFwIZqRfSJ
akUrjWpFWpBqRY2TakXJlmpF9JlqRSedakVaoGpFjaNqRcCmakX4qWpFJ61qRQ==</AssayXData><AssayYData Points="25">LGtJP+6xMD9FfSQ/MFQbP5hnFT9f1Qw/PwsGPykmAT95o/I+O0roPmcm4D5NpNA+1oTIPvEw
vz6rerY+8WStPi+XqT6huaA+vUiaPihTlz5zuI4+AV+IPlK8gj6jvoA+/0pzPg==</AssayYData></Step><Step><CommonData><SampleLocation>8</SampleLocation><SampleID>PBS</SampleID><SampleGroup></SampleGroup><SampleInfo></SampleInfo><SampleRow>B</SampleRow><SamplePlate>1</SamplePlate><WellType>NEUTRALIZATION</WellType><Concentration>-1</Concentration><ConcentrationUnits>µg/ml</ConcentrationUnits><MolarConcentration>-1</MolarConcentration><MolarConcUnits>nM</MolarConcUnits><MolecularWeight>0</MolecularWeight><Temperature>30</Temperature><StartTime>4273101</StartTime><AssayTime>5</AssayTime></CommonData><FlowRate>1000</FlowRate><StepType>KREGENERATION</StepType><StepName>Regeneration</StepName><StepStatus>OK</StepStatus><ActualTime>5.00103</ActualTime><CycleTime>0.2</CycleTime><AssayXData Points="25">W7BqRZKzakXBtmpF+blqRSi9akVbwGpFksNqRcHGakX1yWpFKM1qRVvQakWS02pFwdZqRfnZ
akUo3WpFW+BqRY7jakXB5mpF9elqRSjtakVf8GpFjvNqRcH2akX5+WpFLP1qRQ==</AssayXData><AssayYData Points="25">i3R3QCKUeEAjh3lAcW96QF4Te0AYY3tAqSN8QJJDfECV5nxAVhB9QGtrfUAvqH1Asf19QHmW
fkD3k35A4Yp+QLa9fkDE+X5AUnp/QImdf0AYoH9A/sp/QBUEgEB/F4BAUTKAQA==</AssayYData></Step><Step><CommonData><SampleLocation>7</SampleLocation><SampleID>Glycine</SampleID><SampleGroup></SampleGroup><SampleInfo></SampleInfo><SampleRow>B</SampleRow><SamplePlate>1</SamplePlate><WellType>REGENERATION</WellType><Concentration>-1</Concentration><ConcentrationUnits>µg/ml</ConcentrationUnits><MolarConcentration>-1</MolarConcentration><MolarConcUnits>nM</MolarConcUnits><MolecularWeight>0</MolecularWeight><Temperature>30</Temperature><StartTime>4286183</StartTime><AssayTime>5</AssayTime></CommonData><FlowRate>1000</FlowRate><StepType>KREGENERATION</StepType><StepName>Regeneration</StepName><StepStatus>OK</StepStatus><ActualTime>5.00005</ActualTime><CycleTime>0.2</CycleTime><AssayXData Points="25">XwBrRZIDa0XJBmtF/QlrRSwNa0VfEGtFkhNrRckWa0X5GWtFLB1rRV8ga0WWI2tFxSZrRfkp
a0UwLWtFXzBrRZIza0XFNmtF+TlrRTA9a0VfQGtFlkNrRclGa0X5SWtFLE1rRQ==</AssayXData><AssayYData Points="25">yB3lPm2tvj73cqo+mF+cPnT6kD7JvYc+hOuAPvFodT4LTmU+IBZWPmdYUT5+Bks+tQs9PgoX
OT4cVS4+FewoPn1kID6k9xk+ZiMTPniyDD62Jw0+1HIBPppR/j0Lv/o9YITxPQ==</AssayYData></Step><Step><CommonData><SampleLocation>8</SampleLocation><SampleID>PBS</SampleID><SampleGroup></SampleGroup><SampleInfo></SampleInfo><SampleRow>B</SampleRow><SamplePlate>1</SamplePlate><WellType>NEUTRALIZATION</WellType><Concentration>-1</Concentration><ConcentrationUnits>µg/ml</ConcentrationUnits><MolarConcentration>-1</MolarConcentration><MolarConcUnits>nM</MolarConcUnits><MolecularWeight>0</MolecularWeight><Temperature>30</Temperature><StartTime>4299587</StartTime><AssayTime>5</AssayTime></CommonData><FlowRate>1000</FlowRate><StepType>KREGENERATION</StepType><StepName>Regeneration</StepName><StepStatus>OK</StepStatus><ActualTime>4.99907</ActualTime><CycleTime>0.2</CycleTime><AssayXData Points="25">X1BrRY5Ta0XFVmtF9VlrRShda0VbYGtFkmNrRcVma0X1aWtFKG1rRVtwa0WSc2tFwXZrRfl5
a0UofWtFX4BrRY6Da0XBhmtF+YlrRSiNa0VbkGtFkpNrRcGWa0X1mWtFKJ1rRQ==</AssayXData><AssayYData Points="25">P611QGJXd0ClRHhALKx4QAnfeUBdUHpAVtp6QD5he0B5entA6cp7QNZTfECqxHxACrd8QAEB
fUB8Yn1AXlx9QPSUfUC83H1Am/N9QBQ6fkDqhn5Auld+QP21fkANwH5AHBZ/QA==</AssayYData></Step><Step><CommonData><SampleLocation>7</SampleLocation><SampleID>Glycine</SampleID><SampleGroup></SampleGroup><SampleInfo></SampleInfo><SampleRow>B</SampleRow><SamplePlate>1</SamplePlate><WellType>REGENERATION</WellType><Concentration>-1</Concentration><ConcentrationUnits>µg/ml</ConcentrationUnits><MolarConcentration>-1</MolarConcentration><MolarConcUnits>nM</MolarConcUnits><MolecularWeight>0</MolecularWeight><Temperature>30</Temperature><StartTime>4312980</StartTime><AssayTime>5</AssayTime></CommonData><FlowRate>1000</FlowRate><StepType>KREGENERATION</StepType><StepName>Regeneration</StepName><StepStatus>OK</StepStatus><ActualTime>5.00005</ActualTime><CycleTime>0.2</CycleTime><AssayXData Points="25">W6BrRY6ja0XBpmtF+alrRSyta0VbsGtFjrNrRcW2a0X5uWtFKL1rRVvAa0WOw2tFwcZrRfXJ
a0UszWtFW9BrRZLTa0XF1mtF+dlrRSjda0Vb4GtFkuNrRcHma0X16WtFKO1rRQ==</AssayXData><AssayYData Points="25">UgzTPgiWrD4/Epc+ltaIPkOefj7zXmg+agBfPvw7Uj57dk0+QWk7PpmdNT61/DM+rvIjPkPq
HT7tPxg+br4SPoqpDT4frAo+/C0CPooEAD5Ev/k9hA7pPcB04z2z7+c9giPgPQ==</AssayYData></Step><Step><CommonData><SampleLocation>8</SampleLocation><SampleID>PBS</SampleID><SampleGroup></SampleGroup><SampleInfo></SampleInfo><SampleRow>B</SampleRow><SamplePlate>1</SamplePlate><WellType>NEUTRALIZATION</WellType><Concentration>-1</Concentration><ConcentrationUnits>µg/ml</ConcentrationUnits><MolarConcentration>-1</MolarConcentration><MolarConcUnits>nM</MolarConcUnits><MolecularWeight>0</MolecularWeight><Temperature>30</Temperature><StartTime>4326402</StartTime><AssayTime>5</AssayTime></CommonData><FlowRate>1000</FlowRate><StepType>KREGENERATION</StepType><StepName>Regeneration</StepName><StepStatus>OK</StepStatus><ActualTime>5.00005</ActualTime><CycleTime>0.2</CycleTime><AssayXData Points="25">W/BrRY7za0XB9mtF9flrRSj9a0VbAGxFjgNsRcUGbEX1CWxFLA1sRV8QbEWOE2xFxRZsRfUZ
bEUsHWxFXyBsRY4jbEXBJmxF9SlsRSgtbEVfMGxFkjNsRcU2bEX5OWxFKD1sRQ==</AssayXData><AssayYData Points="25">E0J3QPdheECzP3lAkCd6QEh8ekAbOHtAWgN8QMZxfEB0rHxASid9QCZUfUD7rH1AWap9QIYN
fkAoZH5AJ39+QHABf0CpB39AVyF/QAl6f0D00X9ArZ1/QJMcgECF6X9Auh6AQA==</AssayYData></Step><Step><CommonData><SampleLocation>3</SampleLocation><SampleID>Octet Buffer</SampleID><SampleGroup></SampleGroup><SampleInfo></SampleInfo><SampleRow>A</SampleRow><SamplePlate>1</SamplePlate><WellType>BUFFER</WellType><Concentration>-1</Concentration><ConcentrationUnits>µg/ml</ConcentrationUnits><MolarConcentration>-1</MolarConcentration><MolarConcUnits>nM</MolarConcUnits><MolecularWeight>0</MolecularWeight><Temperature>30</Temperature><StartTime>4340970</StartTime><AssayTime>20</AssayTime></CommonData><FlowRate>1000</FlowRate><StepType>CUSTOM</StepType><StepName>Sensor Check</StepName><StepStatus>OK</StepStatus><ActualTime>20.001</ActualTime><CycleTime>0.2</CycleTime><AssayXData Points="100">XEBsRY9DbEXGRmxF+klsRSlNbEVcUGxFj1NsRcJWbEX6WWxFKV1sRVxgbEWTY2xFxmZsRfZp
bEUpbWxFYHBsRY9zbEXCdmxF9nlsRS19bEVggGxFj4NsRcKGbEX2iWxFKY1sRWCQbEWTk2xF
wpZsRfaZbEUpnWxFXKBsRY+jbEXCpmxF+qlsRSmtbEVgsGxFj7NsRcK2bEX2uWxFK75sRa7A
bEWPw2xFwsZsRfrJbEUtzWxFXNBsRY/TbEXG1mxF9tlsRSndbEVg4GxFj+NsRcbmbEX66WxF
Ke1sRVzwbEWT82xFwvZsRfb5bEUt/WxFXABtRY8DbUXCBm1F+gltRSkNbUVcEG1FjxNtRcIW
bUX2GW1FKR1tRWAgbUWPI21FwiZtRfYpbUUpLW1FXDBtRZMzbUXCNm1F+jltRS09bUVcQG1F
j0NtRcZGbUX2SW1FLU1tRVxQbUWTU21FxlZtRfZZbUUpXW1FXGBtRY9jbUXGZm1F+mltRS1t
bUVccG1Fj3NtRcZ2bUX6eW1FLX1tRQ==</AssayXData><AssayYData Points="100">atxzQKvrcEA53G5A/xxtQDJWbEC5j2tAG1lrQHfZakAFympAvxZrQFoHa0D3gGtAXx5rQOtB
a0DIfWtAF6JrQPV2a0DmymtALHpsQCAdbEAKd2xAV2hsQCbJbEDfRmxACbFsQAuZbEAk9WxA
WxJtQK8kbUCQim1AJpVtQNNzbUAAgm1ApVhtQMfIbUDV321AncZtQLzYbUBJ9G1AHR5uQIsh
bkC7SG5AKS1uQA+RbkDQW25Apk1uQAKMbkC/im5AKrVuQJykbkARw25Ak+RuQMn+bkBTK29A
jRNvQJDXbkDdSm9AH9RuQP4wb0DKN29AniBvQPUXb0BtEG9AxlpvQDTAb0BERm9ARE9vQA6b
b0AAi29AmdZvQLDWb0CosW9AnZxvQJd9b0Dgpm9APphvQJEEcEB0DXBADepvQKwCcEDNk29A
vNZvQK4WcECjJXBAXMNvQANecEADcXBAgzxwQFaocECvp3BAopNwQKO5cEA8qXBAHK9wQH2g
cEA433BABbBwQLX7cEB/rXBAMNVwQA==</AssayYData></Step><Step><CommonData><SampleLocation>16</SampleLocation><SampleID>SI-157X56_P5534</SampleID><SampleGroup></SampleGroup><SampleInfo></SampleInfo><SampleRow>A</SampleRow><SamplePlate>1</SamplePlate><WellType>KLOAD</WellType><Concentration>5</Concentration><ConcentrationUnits>µg/ml</ConcentrationUnits><MolarConcentration>5000</MolarConcentration><MolarConcUnits>nM</MolarConcUnits><MolecularWeight>0</MolecularWeight><Temperature>30</Temperature><StartTime>4371431</StartTime><AssayTime>120</AssayTime></CommonData><FlowRate>1000</FlowRate><StepType>LOADING</StepType><StepName>Loading</StepName><StepStatus>OK</StepStatus><ActualTime>120.001</ActualTime><CycleTime>0.2</CycleTime><AssayXData Points="600">YIBtRZODbUXKhm1F+oltRS2NbUVgkG1Fl5NtRcqWbUX6mW1FLZ1tRWSgbUWTo21FxqZtRfqp
bUUtrW1FYLBtRZOzbUXGtm1F/rltRTG9bUVkwG1Fl8NtRcrGbUX6yW1FLc1tRWTQbUWT021F
xtZtRf7ZbUUx3W1FZOBtRZPjbUXG5m1F+ultRS3tbUVk8G1Fk/NtRcr2bUX6+W1FLf1tRWAA
bkWTA25FxgZuRfoJbkUxDW5FYBBuRZcTbkXKFm5F/hluRTEdbkVkIG5FlyNuRcYmbkX+KW5F
LS1uRWQwbkWTM25FyjZuRf45bkUtPW5FYEBuRZNDbkXGRm5F+kluRTFNbkVgUG5Fk1NuRcpW
bkX6WW5FLV1uRWBgbkWTY25FymZuRfppbkUxbW5FYHBuRZdzbkXGdm5F+nluRTF9bkVkgG5F
l4NuRcqGbkX6iW5FLY1uRWCQbkWTk25FxpZuRfqZbkUxnW5FYKBuRZOjbkXGpm5F/qluRS2t
bkVksG5Fk7NuRca2bkX+uW5FLb1uRWTAbkWTw25FxsZuRfrJbkUxzW5FYNBuRZPTbkXG1m5F
+tluRTHdbkVg4G5Fk+NuRcrmbkX66W5FMe1uRWDwbkWT825FxvZuRfr5bkUt/W5FYABvRZMD
b0XGBm9F/glvRTENb0VkEG9FkxNvRcoWb0X6GW9FLR1vRWAgb0WTI29FxiZvRfopb0UxLW9F
ZDBvRZMzb0XGNm9F+jlvRS09b0VgQG9Fl0NvRcZGb0X6SW9FMU1vRWRQb0WTU29FylZvRf5Z
b0UtXW9FZGBvRZNjb0XKZm9F/mlvRTFtb0VgcG9Fl3NvRcZ2b0X6eW9FLX1vRWCAb0WXg29F
yoZvRfqJb0UtjW9FYJBvRZOTb0XKlm9F/plvRS2db0VgoG9Fk6NvRcqmb0X+qW9FLa1vRWCw
b0WTs29FyrZvRfq5b0UtvW9FYMBvRZ/Db0XGxm9F/slvRS3Nb0Vk0G9Fl9NvRdfWb0X62W9F
Md1vRWDgb0WX429FyuZvRfrpb0Ux7W9FYPBvRZPzb0XK9m9F+vlvRS39b0VgAHBFlwNwRcYG
cEX6CXBFLQ1wRWAQcEWTE3BFyhZwRfoZcEUtHXBFZCBwRZMjcEXGJnBF/ilwRS0tcEVgMHBF
kzNwRco2cEX+OXBFLT1wRWRAcEWXQ3BFykZwRfpJcEUxTXBFZFBwRZNTcEXGVnBF/llwRS1d
cEVgYHBFl2NwRcZmcEX6aXBFLW1wRWRwcEWXc3BFxnZwRfp5cEUtfXBFZIBwRZODcEXGhnBF
/olwRS2NcEVgkHBFk5NwRcaWcEX6mXBFLZ1wRWCgcEWTo3BFxqZwRf6pcEUGrnBFibBwRZez
cEXGtnBF/rlwRS29cEVgwHBFl8NwRcbGcEX6yXBFLc1wRWDQcEWX03BFxtZwRfrZcEUt3XBF
ZOBwRZPjcEXG5nBF+ulwRS3tcEVg8HBFk/NwRcb2cEX6+XBFLf1wRWAAcUWTA3FFxgZxRfoJ
cUUtDXFFYBBxRZMTcUXKFnFF+hlxRS0dcUVgIHFFlyNxRcYmcUX6KXFFLS1xRWQwcUWTM3FF
yjZxRfo5cUUxPXFFYEBxRZdDcUXKRnFF+klxRS1NcUVgUHFFk1NxRcZWcUX+WXFFLV1xRWBg
cUWXY3FFymZxRf5pcUUtbXFFYHBxRZNzcUXGdnFF/nlxRS19cUVggHFFk4NxRcqGcUX6iXFF
LY1xRWSQcUWTk3FFxpZxRfqZcUUtnXFFYKBxRZejcUXGpnFF+qlxRS2tcUVgsHFFl7NxRcq2
cUX6uXFFLb1xRWDAcUWTw3FFxsZxRf7JcUUtzXFFYNBxRZfTcUXK1nFF+tlxRS3dcUVg4HFF
k+NxRcbmcUX66XFFMe1xRWDwcUWX83FFxvZxRf75cUUt/XFFYAByRZMDckXKBnJF+glyRS0N
ckVgEHJFlxNyRcYWckX6GXJFMR1yRWAgckWXI3JFyiZyRfopckUtLXJFYDByRZczckXGNnJF
/jlyRS09ckVgQHJFl0NyRcpGckX6SXJFMU1yRWRQckWTU3JFylZyRfpZckUtXXJFYGByRZNj
ckXKZnJF+mlyRS1tckVkcHJFk3NyRcZ2ckX+eXJFLX1yRWCAckWTg3JFxoZyRf6JckUtjXJF
YJByRZeTckXGlnJF/plyRS2dckVgoHJFk6NyRcqmckX6qXJFLa1yRWSwckWXs3JFxrZyRfq5
ckUtvXJFYMByRZfDckXKxnJF+slyRTHNckVg0HJFk9NyRcbWckX+2XJFLd1yRWTgckWX43JF
xuZyRfrpckUt7XJFZPByRZPzckXG9nJF+vlyRS39ckVkAHNFkwNzRcYGc0X+CXNFMQ1zRWAQ
c0WTE3NFxhZzRfoZc0UtHXNFZCBzRZMjc0XGJnNF+ilzRS0tc0VkMHNFkzNzRcY2c0X6OXNF
MT1zRWBAc0WXQ3NFxkZzRfpJc0UxTXNFZFBzRZNTc0XKVnNF/llzRS1dc0VkYHNFl2NzRcpm
c0X+aXNFLW1zRWBwc0WTc3NFxnZzRf55c0UtfXNFZIBzRZODc0XKhnNF+olzRS2Nc0VgkHNF
l5NzRcaWc0X+mXNFMZ1zRWCgc0WTo3NFxqZzRfqpc0UtrXNFZLBzRZOzc0XGtnNF+rlzRS29
c0VgwHNFk8NzRcrGc0X+yXNFLc1zRWTQc0WT03NFxtZzRfrZc0Ux3XNFZOBzRZPjc0XG5nNF
+ulzRTHtc0Vg8HNFk/NzRcb2c0X++XNFLf1zRWQAdEWTA3RFxgZ0RQIKdEUtDXRFYBB0RZMT
dEXKFnRF/hl0RS0ddEVkIHRFlyN0RcomdEX6KXRFMS10RWAwdEWTM3RFxjZ0Rfo5dEUtPXRF
YEB0RZNDdEXKRnRF+kl0RS1NdEVkUHRFk1N0RcZWdEX6WXRFMV10RWBgdEWXY3RFxmZ0Rf5p
dEUtbXRF23B0RZNzdEXGdnRF/nl0RS19dEVkgHRFk4N0RcqGdEX6iXRFMY10RWCQdEWTk3RF
xpZ0Rf6ZdEUtnXRFZKB0RZOjdEXKpnRF+ql0RS2tdEVksHRFk7N0Rca2dEX+uXRFLb10RWDA
dEWTw3RFxsZ0RfrJdEUxzXRFYNB0RZfTdEXK1nRF/tl0RS3ddEVg4HRFk+N0RcrmdEX+6XRF
Me10RWTwdEWT83RFxvZ0Rfr5dEUx/XRF</AssayXData><AssayYData Points="600">UeFvQD64cECvDXFAomhxQAU6ckBuqXJAPBdzQDxJc0CsiXNAYeZzQKKodEBITHRARft0QA0Z
dUDBXHVA2u11QItQdkAvgHZAP992QMMWd0A8aHdAk213QDIReEDWKXhAuWh4QByteEAsRHlA
FDx5QC/YeUCi13lAsTB6QLE3ekB9lnpAQat6QN5Ge0Bmv3tAj317QP4ZfEA7LHxAXKZ8QOZw
fEB1HH1AS099QDucfUBzKH5AlfB9QHOIfkCMe35AHtF+QBQEf0AjmH9Aqt1/QF3Wf0CsG4BA
Bz6AQMhIgED1eYBAjLKAQE+1gECtw4BAKfuAQK8cgUCaGIFAfEqBQEKCgUDydYFAj7aBQLLZ
gUB26YFAhRGCQKgjgkApMIJAOU+CQHZzgkDEd4JAuI+CQHnIgkBK04JA9wODQAwdg0AOToNA
9zeDQFNlg0AIcoNAaaKDQKewg0AX5oNAmt6DQKL5g0CvOIRA/D2EQK5GhEB7joRAmIWEQI2f
hEAopoRAGMaEQGblhEAPCoVA3hWFQDpChUDKT4VAp0qFQNN5hUBOn4VAvLWFQGW1hUBCsYVA
/eyFQFcahkA+MoZAJzuGQDlfhkB5RoZARaGGQCiNhkADlYZAFbGGQFPdhkDKxYZA5AOHQD0h
h0B2KYdAvxiHQJVlh0CnUIdAppqHQOC2h0ARjIdAe36HQKnQh0BbzIdAWcGHQL/7h0BmKohA
YSmIQJo2iECzW4hA4jSIQJ46iECdgIhAFmqIQDpliEC4xIhArbiIQKPjiED7+IhAewSJQPEG
iUDqPIlASV6JQOwZiUC1aIlAS4SJQBBjiUAQgolAYH6JQO5ziUDhnYlA5KSJQO7iiUAY44lA
tOqJQMD9iUB96YlA0y2KQFIYikAoEIpAURSKQIQrikAiQ4pAVneKQH+YikBsZ4pAtn6KQPar
ikD+j4pABKSKQEXZikBJx4pA0OCKQAQDi0Da7IpAWPCKQPIfi0AqTotAeyGLQCQ7i0BUS4tA
vWCLQN9ri0DudYtAA2WLQLyIi0AvuYtAQpWLQONxi0Bc34tAKr+LQJbli0Cc14tA8/GLQNTr
i0DqBoxA5zmMQKgwjECcV4xAREOMQMVjjEAJYoxAK2mMQBdbjEDzUYxAz2mMQMWQjECjoYxA
AMGMQB2cjEDrpYxAtr2MQP7jjEACxYxA/wWNQLcKjUAF9IxA3ziNQCQJjUB9Do1ASSqNQMw7
jUBLRI1AB1aNQFBDjUC3W41AvUuNQGB0jUCNaI1Aa4GNQM6EjUAirI1Ad8mNQKS0jUCNA45A
q+ONQHXvjUBa/I1AVgyOQCUNjkD6Co5AHCeOQPUSjkC+DY5AuiCOQJ4pjkDlNY5AyW6OQNk1
jkBKbI5A4WGOQJs6jkApbY5AY2iOQOdRjkDigI5A2ZWOQGJ8jkBDnY5A7p+OQGyIjkB9tY5A
PLKOQFryjkA5oI5A4NaOQLzdjkDA/Y5A8viOQMcVj0DY9I5A2OeOQFApj0BFG49A4zGPQJYU
j0B5LI9AOw+PQMdNj0DpZo9AXE+PQPZpj0AVcY9AxYGPQL2Dj0Dedo9AUpWPQPOLj0DepI9A
p4OPQOKgj0DRuo9AzMmPQPWqj0AD1Y9AftyPQNqRj0CU149A5waQQELbj0AABJBAwB6QQDX4
j0CeLpBAMzSQQPsSkEBwHJBA20+QQBSCkECFPJBAb2GQQFlfkEBpWJBA5ISQQBRckED0YJBA
TpCQQH56kEA6e5BA5oaQQLSGkEA+ipBACaeQQDukkECHfJBAnKOQQN6okEC9vpBAgbOQQFK3
kEB7xpBAxraQQJ3wkEC2ApFA7taQQPXnkEC/8JBAbOSQQF/+kEDHBZFAEwORQIgOkUA1QpFA
hhaRQPNOkUAbTZFAG3mRQP9jkUB0RJFAe2+RQGRkkUCzfJFAK3WRQIVwkUCif5FAsqGRQIGR
kUAWipFAZpuRQDClkUCMspFA5KqRQEG1kUBbtZFAGNORQLLZkUAmx5FAodqRQM7akUBb1ZFA
p9qRQFuzkUBI8JFApbGRQHQNkkAZx5FA48mRQHsQkkDt45FAl+aRQHAIkkASFZJAHwKSQEf+
kUBbHJJAkhCSQAM4kkDeOpJAkimSQPoUkkCrQ5JAPi6SQERfkkDQO5JAOmaSQBBhkkAQe5JA
fICSQGFikkChb5JAF5eSQDeGkkB1i5JAd42SQEKMkkDXlpJAc6iSQEqikkBDlJJAOK+SQG6u
kkD53pJAEsSSQA69kkDJ0JJAHgCTQHrPkkAW1pJAt9SSQF/4kkAiEJNA+uWSQDshk0Ds0pJA
VfySQGsEk0BIAJNAiA2TQN4Gk0ASJZNA1TKTQJURk0AqNJNAuTuTQJJFk0DdTZNARi+TQBVF
k0Dxh5NA/0qTQGVlk0DiWZNAYkiTQIZfk0CUm5NA4z2TQH5sk0DhgZNACn6TQNJlk0DRh5NA
/qmTQLeyk0AehJNAvbOTQP2Gk0ARkZNAO9GTQA3Jk0AWsJNA2b+TQJO4k0Bc0JNAs/yTQDTC
k0D40ZNAM+6TQEHNk0ACs5NAUdiTQL0clEAh8ZNA2+uTQMPbk0Aw4JNAdf6TQMkAlECc7JNA
FQKUQMgRlEB62pNAsQCUQJ41lEDnNJRAaB+UQARclEDII5RAgwKUQN9JlEAZRJRA8BaUQEVB
lED1T5RA0FOUQFlflEBpT5RA6iKUQJxIlECWfJRApGuUQP1FlEA4S5RA+FmUQNtglEA5fZRA
OoaUQKd3lECQg5RAd3KUQO5/lEA9uZRACZ+UQOSElEC3mJRAYJyUQCmrlECUkZRAlaiUQBXK
lEBkwpRADpSUQM6rlECttJRAc8qUQKLnlEC27ZRAzsWUQJfqlECJ05RAHRCVQO/plEDC7JRA
re+UQEvclEDRGpVABeOUQCoAlUAW8ZRAxAKVQG8YlUA9G5VA/tSUQI/zlED9KJVAmP6UQHAk
lUDLIJVA4CyVQGVrlUC1I5VAHE6VQIEflUD9R5VAekOVQKBClUD7MJVAmzmVQMNglUAKXpVA
yGWVQK9WlUC/RpVAc1qVQHkylUB1oJVA9KeVQIVJlUAlW5VAtaGVQF90lUDkdpVA4IGVQEiG
lUA2fZVAI52VQBCGlUBsh5VAPLSVQGuflUCbm5VA5LCVQNizlUAmnpVAMJOVQILAlUAnv5VA
v8uVQBadlUC67JVAEsKVQK7IlUCs5ZVA</AssayYData></Step><Step><CommonData><SampleLocation>3</SampleLocation><SampleID>Octet Buffer</SampleID><SampleGroup></SampleGroup><SampleInfo></SampleInfo><SampleRow>A</SampleRow><SamplePlate>1</SamplePlate><WellType>BUFFER</WellType><Concentration>-1</Concentration><ConcentrationUnits>µg/ml</ConcentrationUnits><MolarConcentration>-1</MolarConcentration><MolarConcUnits>nM</MolarConcUnits><MolecularWeight>0</MolecularWeight><Temperature>30</Temperature><StartTime>4501830</StartTime><AssayTime>100</AssayTime></CommonData><FlowRate>1000</FlowRate><StepType>BASELINE</StepType><StepName>Baseline</StepName><StepStatus>OK</StepStatus><ActualTime>100.001</ActualTime><CycleTime>0.2</CycleTime><AssayXData Points="500">ZAB1RZsDdUXKBnVF/gl1RTUNdUVkEHVFlxN1RcoWdUUCGnVFMR11RWQgdUWbI3VFyiZ1Rf4p
dUU1LXVFZDB1RZczdUXONnVFAjp1RTU9dUVkQHVFl0N1RcpGdUUCSnVFMU11RWhQdUWbU3VF
ylZ1RQJadUU1XXVFZGB1RZtjdUXKZnVFAmp1RTFtdUVkcHVFl3N1Rc52dUX+eXVFNX11RWSA
dUWXg3VFyoZ1RQKKdUU1jXVFZJB1RZeTdUXKlnVF/pl1RTGddUVkoHVFl6N1RcqmdUX+qXVF
Na11RWiwdUWXs3VFyrZ1Rf65dUU1vXVFZMB1RZvDdUXKxnVFAsp1RTXNdUVo0HVFm9N1RcrW
dUX+2XVFMd11RWTgdUWX43VFzuZ1RQLqdUU17XVFaPB1RZfzdUXO9nVF/vl1RTH9dUVkAHZF
lwN2RcoGdkUCCnZFMQ12RWgQdkWXE3ZFyhZ2Rf4ZdkU1HXZFZCB2RZsjdkXKJnZFAip2RTEt
dkVkMHZFlzN2Rco2dkX+OXZFMT12RWhAdkWbQ3ZFykZ2RQJKdkU1TXZFZFB2RZdTdkXKVnZF
/ll2RTFddkVoYHZFl2N2RcpmdkX+aXZFMW12RWhwdkWbc3ZFynZ2Rf55dkUxfXZFZIB2RZeD
dkXOhnZFAop2RTGNdkVkkHZFl5N2RcqWdkX+mXZFMZ12RWSgdkWXo3ZFzqZ2RQKqdkU1rXZF
aLB2RZezdkXKtnZF/rl2RTG9dkVkwHZFl8N2RcrGdkUCynZFNc12RWjQdkWX03ZFytZ2Rf7Z
dkUx3XZFaOB2RZfjdkXO5nZFAup2RTHtdkVk8HZFm/N2Rc72dkX++XZFNf12RWQAd0WbA3dF
ygZ3Rf4Jd0U1DXdFaBB3RZsTd0XOFndF/hl3RTEdd0VoIHdFlyN3Rcomd0X+KXdFMS13RWgw
d0WXM3dFyjZ3Rf45d0UxPXdFZEB3RZtDd0XKRndF/kl3RTVNd0VoUHdFl1N3Rc5Wd0X+WXdF
MV13RWRgd0WXY3dFzmZ3RQJqd0UxbXdFaHB3RZtzd0XOdndF/nl3RTF9d0VogHdFm4N3Rc6G
d0UCindFMY13RWiQd0WXk3dFypZ3Rf6Zd0UxnXdFZKB3RZujd0XKpndFAqp3RTGtd0VksHdF
m7N3Rc62d0X+uXdFMb13RWTAd0WXw3dFysZ3Rf7Jd0U1zXdFaNB3RZvTd0XO1ndFAtp3RTHd
d0Vo4HdFl+N3Rcrmd0X+6XdFNe13RWTwd0Wb83dFzvZ3RQL6d0U1/XdFaAB4RZsDeEXKBnhF
Agp4RTENeEVkEHhFlxN4RcoWeEUCGnhFNR14RWggeEWXI3hFziZ4Rf4peEVJLXhFZDB4RZcz
eEXONnhF/jl4RTE9eEVoQHhFl0N4RcpGeEX+SXhFNU14RWRQeEWXU3hFzlZ4RQJaeEU1XXhF
ZGB4RZtjeEXOZnhF/ml4RTFteEVkcHhFm3N4Rc52eEX+eXhFMX14RWiAeEWbg3hFzoZ4Rf6J
eEU1jXhFZJB4RZuTeEXKlnhF/pl4RTWdeEVkoHhFl6N4Rc6meEX+qXhFNa14RWSweEWXs3hF
yrZ4Rf65eEU1vXhFaMB4RZfDeEXOxnhF/sl4RTHNeEVk0HhFl9N4RcrWeEX+2XhFNd14RWjg
eEWb43hFyuZ4Rf7peEU17XhFZPB4RZfzeEXK9nhFAvp4RTX9eEVoAHlFmwN5RcoGeUUCCnlF
NQ15RWQQeUWbE3lF0xZ5Rf4ZeUU1HXlFZCB5RZcjeUXKJnlF/il5RTEteUVoMHlFlzN5Rc42
eUX+OXlFNT15RWRAeUWbQ3lFykZ5Rf5JeUU1TXlFZFB5RZdTeUXOVnlFAlp5RTFdeUVoYHlF
l2N5RcpmeUX+aXlFNW15RWRweUWXc3lFznZ5RQJ6eUU1fXlFZIB5RZuDeUXKhnlF/ol5RTGN
eUVkkHlFl5N5Rc6WeUX+mXlFMZ15RWigeUWXo3lFzqZ5RQKqeUU1rXlFZLB5RZezeUXKtnlF
Arp5RTW9eUVowHlFm8N5RcrGeUUCynlFNc15RWjQeUWX03lFytZ5Rf7ZeUUx3XlFZOB5RZvj
eUXK5nlF/ul5RTHteUVo8HlFl/N5Rc72eUX++XlFMf15RWQAekWXA3pFygZ6RQIKekU1DXpF
aBB6RZsTekXKFnpF/hl6RTEdekVkIHpFlyN6RcomekX+KXpFNS16RWQwekWXM3pFzjZ6Rf45
ekUxPXpFZEB6RZdDekXKRnpF/kl6RTVNekVoUHpFl1N6RcpWekX+WXpFNV16RWhgekWXY3pF
ymZ6RQJqekUxbXpFZHB6RZtzekXKdnpF/nl6RTF9ekVkgHpFl4N6RcqGekUCinpFMY16RWSQ
ekWbk3pFypZ6RQKaekUxnXpFZKB6RZejekXKpnpF/ql6RTGtekVosHpFl7N6Rc62ekX+uXpF
Nb16RWjAekWXw3pFysZ6Rf7JekUxzXpFaNB6RZfTekXK1npF/tl6RTXdekVk4HpFm+N6Rcrm
ekX+6XpFNe16RWTwekWX83pFzvZ6Rf75ekUx/XpFZAB7RZsDe0XOBntF/gl7RTENe0VkEHtF
lxN7RcoWe0X+GXtFNR17RWQge0WXI3tFyiZ7RQIqe0U1LXtFbDB7RZcze0XONntF/jl7RTU9
e0U=</AssayXData><AssayYData Points="500">b3CVQHDklUAU8JVACNqVQPESlkCnGZZALSGWQBQLlkCoKJZAIyuWQHAvlkAoPJZALzGWQG4r
lkBvTZZA4FmWQLQXlkCqZ5ZA7kiWQNE7lkCndJZAdDmWQKI+lkC/TJZAE2KWQL4+lkA+bZZA
pGGWQG1XlkDNYJZAaiGWQFt+lkBVTZZAyGeWQHI+lkAaSZZAPTyWQMlIlkD2LJZAw2GWQD8u
lkAXSpZAdi2WQOwSlkAqQ5ZA43iWQPRolkCgTZZAhGqWQKc7lkB9SpZA2UKWQIBjlkD7dZZA
dkOWQLFFlkB2YpZAn2GWQPNOlkDVRZZAB1qWQKdTlkByYJZAz1iWQG1dlkDBVZZAGISWQCyO
lkC1i5ZAiWGWQGBRlkD8UJZAN4mWQBNklkB8fJZA51yWQDhzlkB0iZZAUXaWQB9WlkAsapZA
K22WQL96lkA9fJZAYVqWQCR6lkB/bJZAXXGWQNxYlkBdWpZAU3+WQF1zlkA9Y5ZAAYiWQLKS
lkBrWZZAe5iWQOqHlkAEdJZAmYSWQCF7lkBRYZZA7nGWQApilkBHc5ZAwWaWQEF9lkBMa5ZA
1ZWWQMmHlkBLkJZA1mCWQAmWlkCql5ZAS3iWQBRhlkD/mJZAqmCWQPCBlkCfjpZA+G+WQKF2
lkC3nZZAVJWWQF+MlkDgfJZAd32WQAOAlkAJfJZAdZ6WQFWolkA5xZZAYoiWQJFLlkAakZZA
Qq6WQKCElkCmqpZAWYeWQLSTlkCEcpZAjb2WQBmTlkCtlpZAWo+WQP+YlkACp5ZAgHmWQJ6A
lkCDlpZAy4uWQF54lkAaeZZATq6WQI+YlkB0f5ZAsqWWQLOslkBgmZZAPYmWQHCmlkAbiZZA
ELOWQFGslkBRm5ZAequWQKeXlkBekpZARruWQA2nlkABj5ZA1raWQKyglkD8lpZA96iWQAGx
lkDO0pZAppWWQGChlkCikpZAx7CWQKKQlkCusZZAhJqWQFnQlkDsr5ZAp8WWQCyklkApppZA
5aOWQNqqlkCUoJZArrKWQNG3lkBAhpZAS8eWQEeFlkCWq5ZARZeWQGiklkBGmpZApXCWQBiK
lkDmrZZAFaGWQI6WlkApepZAUbSWQA+YlkDTmJZATHiWQI6dlkBUopZAJsKWQNSnlkB1lJZA
yLWWQGvBlkDur5ZAV6SWQKnMlkCLwZZAg6eWQAK8lkAOlpZAQ8SWQBOVlkAnwpZAQL+WQKep
lkBgpZZAvaSWQPuQlkCltpZAn6GWQOh/lkBzopZA86+WQDnAlkD/t5ZAaM2WQAjClkAOw5ZA
BLuWQOSylkDx7pZAwbKWQOralkBe2ZZAidKWQJTelkDpxJZArraWQDHZlkBlypZAj8SWQJvn
lkBou5ZA09WWQCzXlkBRu5ZAP8eWQPHvlkCpvZZA5cSWQDqXlkDEzJZAw+eWQDDIlkDWxJZA
yaqWQAO3lkAt1JZAhsKWQEXUlkBJ5ZZASceWQK31lkBO9pZAD9KWQMvnlkCd6ZZAicyWQGrN
lkBByJZARuiWQInclkDI3ZZA286WQPeolkAjwZZAo+iWQOjJlkCkupZAj7qWQDa+lkCawJZA
MeSWQHXFlkBTppZANq6WQFKzlkCTs5ZA1uOWQCC6lkBSypZA/8eWQIjDlkDHr5ZA97qWQCDW
lkAJypZAVquWQBO2lkAf75ZAytaWQOfHlkAt55ZA3MmWQDvDlkAP2pZADO2WQHnalkBU4JZA
idiWQIfelkBs7ZZAqv6WQO3jlkCC+pZAZvOWQAXklkBg8JZAQ++WQL3vlkCs9pZAfgSXQF//
lkA24ZZAkOeWQNr7lkBUGJdAsv+WQFsDl0BUCpdAdv+WQOfplkAhApdA+uSWQO/3lkCd9ZZA
fQOXQMYHl0CwCpdAUwCXQBLxlkBX85ZAGfaWQF8Hl0A1+ZZAbCyXQJj0lkCh7JZA8fuWQAUO
l0DrC5dASdKWQJUGl0CV+pZAgAiXQOsYl0AQ75ZAy/qWQI/4lkD1EpdAVBGXQMj/lkDj/pZA
g+CWQOXulkDM8pZAhymXQIMAl0C26ZZAtweXQMLulkBPGZdA9AiXQLsDl0DYGZdACP6WQMwd
l0Da2ZZAZDGXQOcDl0DbFpdAvPSWQP4Pl0B0FJdAqSSXQNUDl0ABHpdAkA2XQHAJl0BpIpdA
vh+XQKMpl0CqF5dAeu+WQD78lkA7ApdA8C+XQMUUl0Ch75ZA3xeXQBYPl0AGEpdA/BaXQHUm
l0DUIpdA8uuWQA4vl0BM+5ZA1yeXQO80l0Do/5ZAmA2XQAIal0DzG5dANiqXQOL1lkDVEZdA
KwmXQD8el0DkOZdAiiiXQEMGl0CiGpdA5EKXQDAsl0CEGZdAgwqXQNEUl0CUGpdA1gaXQFsg
l0Bw/pZAeh6XQNcPl0BQJ5dAWP2WQKYhl0BrPJdAFSGXQGIil0BSK5dAPj6XQLU/l0BYApdA
igaXQNggl0CGL5dAv/CWQGILl0A4+JZAZy+XQF0Il0DIC5dAERmXQHsDl0AwHZdA4EKXQIkb
l0BGNJdA3jGXQHQYl0BrM5dAwQqXQApAl0BpMZdA0zWXQBpel0AgI5dAGBKXQDI+l0AaYpdA
syaXQA0jl0CiMpdAjz2XQIoxl0B3MZdAHzeXQJQ6l0CbVpdAaVuXQCo5l0BGLJdAmEqXQGM1
l0A=</AssayYData></Step><Step><CommonData><SampleLocation>4</SampleLocation><SampleID>hsCD3d/e_Acro_CDD-H52W1</SampleID><SampleGroup></SampleGroup><SampleInfo></SampleInfo><SampleRow>A</SampleRow><SamplePlate>1</SamplePlate><WellType>KSAMPLE</WellType><Concentration>-1</Concentration><ConcentrationUnits>µg/ml</ConcentrationUnits><MolarConcentration>200</MolarConcentration><MolarConcUnits>nM</MolarConcUnits><MolecularWeight>0</MolecularWeight><Temperature>30</Temperature><StartTime>4610129</StartTime><AssayTime>180</AssayTime></CommonData><FlowRate>1000</FlowRate><StepType>ASSOC</StepType><StepName>Association</StepName><StepStatus>OK</StepStatus><ActualTime>180.001</ActualTime><CycleTime>0.2</CycleTime><AssayXData Points="900">aEB7RZtDe0XORntFAkp7RTVNe0VoUHtFm1N7Rc5We0UGWntFOV17RWhge0WfY3tFzmZ7RQZq
e0U1bXtFbHB7RZtze0XOdntFAnp7RTl9e0VsgHtFm4N7Rc6Ge0UCintFOY17RWyQe0Wfk3tF
zpZ7RQKae0U1nXtFaKB7RZ+je0XSpntFBqp7RTmte0VosHtFm7N7Rc62e0UCuntFOb17RWjA
e0Wfw3tFzsZ7RQLKe0U1zXtFaNB7RZ/Te0XO1ntFAtp7RTXde0Vs4HtFm+N7Rc7me0UG6ntF
Oe17RWzwe0Wf83tFzvZ7RQb6e0U1/XtFaAB8RZ8DfEXSBnxFAgp8RTUNfEVoEHxFnxN8Rc4W
fEUCGnxFNR18RWwgfEWfI3xFziZ8RQIqfEU1LXxFaDB8RZszfEXONnxFBjp8RTU9fEVoQHxF
n0N8Rc5GfEUCSnxFOU18RWhQfEWfU3xFzlZ8RQJafEU5XXxFbGB8RZtjfEXSZnxFAmp8RTVt
fEVscHxFm3N8Rc52fEUCenxFNX18RWyAfEWbg3xFzoZ8RQKKfEU1jXxFaJB8RZ+TfEXSlnxF
Bpp8RTmdfEVooHxFm6N8Rc6mfEUCqnxFOa18RWiwfEWbs3xFzrZ8RQK6fEU5vXxFaMB8RZvD
fEXSxnxFBsp8RTnNfEVs0HxFm9N8Rc7WfEUC2nxFOd18RWjgfEWb43xFzuZ8RQLqfEU57XxF
aPB8RZ/zfEXS9nxFAvp8RTn9fEVoAH1FmwN9RdIGfUUGCn1FOQ19RWgQfUWbE31FzhZ9RQYa
fUU5HX1FaCB9RZ8jfUXOJn1FAip9RTktfUVoMH1FmzN9Rc42fUUGOn1FNT19RWxAfUWbQ31F
zkZ9RQJKfUU5TX1FaFB9RZtTfUXSVn1FBlp9RTldfUVoYH1Fn2N9Rc5mfUUGan1FNW19RWhw
fUWbc31F0nZ9RQJ6fUU1fX1FaIB9RZuDfUXOhn1FAop9RTWNfUVokH1Fm5N9Rc6WfUUGmn1F
OZ19RWigfUWfo31FzqZ9RQKqfUU1rX1FaLB9RZ+zfUXOtn1FArp9RTW9fUVowH1Fn8N9Rc7G
fUUCyn1FOc19RWjQfUWf031FztZ9RQbafUU13X1FaOB9RZvjfUXO5n1FAup9RTXtfUVs8H1F
m/N9Rc72fUUG+n1FOf19RWgAfkWbA35F0gZ+RQYKfkU1DX5FbBB+RZ8TfkXSFn5FBhp+RTUd
fkVsIH5FmyN+RdImfkUGKn5FOS1+RWwwfkWjM35F0jZ+RQY6fkU1PX5FaEB+RZtDfkXSRn5F
Bkp+RTVNfkVoUH5Fn1N+RdJWfkUCWn5FOV1+RWhgfkWfY35FzmZ+RQZqfkU1bX5FbHB+RZtz
fkXOdn5FBnp+RTV9fkVogH5Fm4N+Rc6GfkUGin5FOY1+RWiQfkWbk35FzpZ+RQKafkU5nX5F
aKB+RZujfkXSpn5FAqp+RTWtfkVosH5Fm7N+RdK2fkUGun5FNb1+RWjAfkWbw35FzsZ+RQLK
fkU5zX5FaNB+RZvTfkXO1n5FAtp+RTXdfkVs4H5Fm+N+Rc7mfkUC6n5FNe1+RWjwfkWf835F
zvZ+RQL6fkU5/X5FaAB/RZsDf0XOBn9FAgp/RTUNf0VoEH9FnxN/RdIWf0UCGn9FNR1/RWgg
f0WfI39F0iZ/RQIqf0U5LX9FaDB/RZszf0XONn9FAjp/RTU9f0VoQH9Fm0N/Rc5Gf0UCSn9F
NU1/RWhQf0WfU39FzlZ/RQJaf0U1XX9FbGB/RZtjf0XOZn9FBmp/RTVtf0VocH9Fn3N/Rc52
f0UCen9FNX1/RWiAf0Wbg39FzoZ/RQKKf0U1jX9FaJB/RZ+Tf0XSln9FBpp/RTWdf0VooH9F
n6N/Rc6mf0UCqn9FOa1/RWiwf0Wfs39FzrZ/RQa6f0U1vX9FaMB/RZ/Df0XOxn9FAsp/RTXN
f0Vo0H9Fm9N/Rc7Wf0UC2n9FNd1/RWjgf0Wb439FzuZ/RQbqf0U17X9FbPB/RZvzf0XO9n9F
Bvp/RTX9f0U2AIBF0AGARWcDgEUBBYBFnAaARTQIgEXQCYBFZwuARQENgEWaDoBFNBCARc4R
gEVnE4BFAxWARZoWgEU2GIBFzhmARWcbgEUDHYBFnB6ARTQggEXOIYBFZyOARQElgEWaJoBF
NiiARc4pgEVpK4BFAS2ARZwugEU0MIBF0DGARWkzgEUDNYBFmjaARTY4gEXQOYBFaTuARQM9
gEWcPoBFNkCARc5BgEVnQ4BFAUWARZxGgEU2SIBFzkmARWlLgEUDTYBFmk6ARTZQgEXQUYBF
Z1OARQNVgEWaVoBFNliARc5ZgEVnW4BFAV2ARZxegEU0YIBF0GGARWdjgEUBZYBFnGaARTRo
gEXOaYBFZ2uARQFtgEWcboBFNHCARc5xgEVpc4BFAXWARZp2gEU0eIBFznmARWd7gEUBfYBF
mn6ARTaAgEXQgYBFZ4OARQGFgEWchoBFNoiARc6JgEVpi4BFA42ARZyOgEU2kIBF0JGARWeT
gEUBlYBFmpaARTaYgEXOmYBFaZuARQGdgEWcnoBFNKCARc6hgEVpo4BFAaWARZqmgEU0qIBF
zqmARWergEUDrYBFmq6ARTSwgEXQsYBFZ7OARQG1gEWatoBFNriARc65gEVnu4BFA72ARZy+
gEU0wIBFzsGARWfDgEUDxYBFnMaARTTIgEXOyYBFZ8uARQHNgEWazoBFNNCARc7RgEVn04BF
AdWARZrWgEU02IBFztmARWnbgEUB3YBFmt6ARTbggEXQ4YBFZ+OARQHlgEWc5oBFNuiARc7p
gEVr64BFAe2ARZzugEU08IBFzvGARWnzgEUB9YBFmvaARTT4gEXO+YBFZ/uARQH9gEWc/oBF
NgCBRc4BgUVpA4FFAwWBRZoGgUU0CIFFzgmBRWcLgUUDDYFFnA6BRTYQgUXOEYFFZxOBRQMV
gUWcFoFFNBiBRc4ZgUVnG4FFAx2BRZoegUU2IIFFziGBRWcjgUUBJYFFmiaBRTQogUXQKYFF
aSuBRQUtgUWaLoFFNDCBRdAxgUVpM4FFATWBRZw2gUU0OIFF0DmBRWc7gUUBPYFFmj6BRTRA
gUXOQYFFZ0OBRQFFgUWcRoFFNEiBRdBJgUVnS4FFAU2BRZxOgUU2UIFFzlGBRWlTgUUDVYFF
mlaBRTRYgUXOWYFFaVuBRQFdgUWaXoFFNGCBRc5hgUVnY4FFA2WBRZxmgUU0aIFFzmmBRWdr
gUUDbYFFnG6BRTRwgUXOcYFFZ3OBRQF1gUWadoFFNniBRc55gUVpe4FFA32BRZp+gUU0gIFF
zoGBRWeDgUUDhYFFmoaBRTSIgUXQiYFFZ4uBRQGNgUWajoFFNpCBRc6RgUVnk4FFAZWBRZqW
gUU2mIFFzpmBRWebgUUBnYFFnJ6BRTSggUXOoYFFZ6OBRQGlgUWapoFFNqiBRdCpgUVnq4FF
A62BRZqugUU0sIFF0LGBRWmzgUUDtYFFmraBRTS4gUXOuYFFZ7uBRQG9gUWcvoFFNMCBRc7B
gUVnw4FFA8WBRZrGgUU0yIFFzsmBRWfLgUUBzYFFms6BRTTQgUXO0YFFadOBRQHVgUWa1oFF
NtiBRc7ZgUVn24FFAd2BRZregUU04IFFzuGBRWfjgUUD5YFFmuaBRTbogUXO6YFFZ+uBRQHt
gUWc7oFFNvCBRc7xgUVn84FFA/WBRZz2gUU2+IFF0PmBRWf7gUUB/YFFnP6BRTQAgkXOAYJF
ZwOCRQEFgkWcBoJFNgiCRc4JgkVnC4JFAQ2CRZoOgkU0EIJFzhGCRWcTgkUBFYJFnBaCRTYY
gkXOGYJFZxuCRQEdgkWcHoJFNCCCRc4hgkVnI4JFASWCRZomgkU0KIJFzimCRWcrgkUBLYJF
nC6CRTYwgkXOMYJFaTOCRQM1gkWaNoJFNDiCRc45gkVrO4JFAT2CRZo+gkU0QIJFzkGCRWdD
gkUDRYJFmkaCRTRIgkXOSYJFZ0uCRQNNgkWaToJFNlCCRc5RgkVnU4JFAVWCRZpWgkU2WIJF
0FmCRWtbgkUBXYJFml6CRTRggkXOYYJFaWOCRQNlgkWaZoJFNGiCRdBpgkVpa4JFAW2CRZpu
gkU0cIJF0HGCRWdzgkUBdYJFmnaCRTZ4gkXOeYJFZ3uCRQF9gkWcfoJFNoCCRdCBgkVng4JF
AYWCRZyGgkU0iIJFzomCRWmLgkUDjYJFnI6CRTaQgkXQkYJFaZOCRQGVgkWaloJFNpiCRc6Z
gkVnm4JFAZ2CRZyegkU2oIJFzqGCRWejgkUDpYJFmqaCRTaogkXQqYJFZ6uCRQOtgkWaroJF
NLCCRc6xgkVps4JFAbWCRZq2gkU0uIJFzrmCRWm7gkUDvYJFnL6CRTbAgkXQwYJFacOCRQPF
gkWcxoJFNsiCRc7JgkVny4JFAc2CRZrOgkU00IJFztGCRWfTgkUB1YJFmtaCRTTYgkXQ2YJF
Z9uCRQPdgkWa3oJFNOCCRc7hgkVp44JFAeWCRZrmgkU06IJFzumCRWfrgkUD7YJFnO6CRTbw
gkXQ8YJFZ/OCRQP1gkWa9oJFNPiCRc75gkVn+4JFAf2CRZr+gkU0AINFzgGDRWcDg0UBBYNF
mgaDRTQIg0XQCYNFZwuDRQMNg0WaDoNFNhCDRc4Rg0VnE4NFARWDRZwWg0U0GINFzhmDRWcb
g0UDHYNFmh6DRTYgg0XQIYNFZyODRQElg0WcJoNFNCiDRc4pg0VnK4NFAy2DRZoug0U0MINF
0DGDRWkzg0UDNYNFmjaDRTQ4g0XQOYNFaTuDRQE9g0WcPoNF</AssayXData><AssayYData Points="900">2y2XQOqAl0BY0JdAguOXQJrzl0CgPphAgUuYQMM2mED9WphABnGYQExcmEDKe5hATsuYQPae
mEAftZhAesaYQLvLmED47phALN+YQB0GmUB95phA3xCZQIEQmUAMAplA0R+ZQPQ3mUDZO5lA
XESZQHlcmUAjV5lA+FCZQDVVmUBqWplAFkKZQCmSmUByaZlAWlyZQOF/mUDum5lAXk2ZQMZv
mUBZY5lAY2CZQJSYmUAmeZlARHmZQE2lmUDyq5lABLmZQFbAmUDdnZlAwcSZQPGkmUASxJlA
l9OZQFPOmUCirJlAD+eZQFnTmUB+GppAQvqZQHPmmUCrCJpAXCGaQPgBmkAC9JlADB2aQFHd
mUDB3plAxzGaQLIomkA2RZpAFFqaQFhQmkAyK5pACRuaQFAzmkDKAZpAcFeaQGwYmkAGFZpA
jyiaQIo7mkA9PJpA5kuaQMsmmkABQppA8VGaQL0NmkCfNppAfz6aQCQwmkAIOZpABUuaQEhZ
mkCFLppA+IOaQP1UmkBtYZpAXm6aQKc8mkCQc5pA/HWaQPRgmkC/aJpAsXuaQO9bmkCWkJpA
k2eaQFGFmkBccJpAn56aQAOOmkC1WppA1IqaQECAmkCWh5pAgMGaQNucmkBfrZpAVoGaQL2r
mkDsoppA3KuaQLmamkDCtJpAEJiaQD2MmkDIm5pAO6WaQMawmkA6b5pAM3iaQAGjmkDvrZpA
ca2aQP/KmkCdi5pAALSaQBebmkA5tppATJKaQAzjmkCphZpAnrGaQNWEmkCOjppAcL+aQJfW
mkCvtJpAAbmaQBCYmkAmuJpAUd2aQNXNmkBCxZpAcdiaQLO0mkAmu5pAtqyaQKqSmkBTw5pA
wu6aQP3pmkC2sZpAud+aQLesmkD6t5pAOs6aQCnZmkC+2ZpAnOeaQITqmkA30ppAQAGbQBoG
m0BG4JpAmu2aQHTxmkCz7ZpASwubQPkIm0DO+5pAEsWaQBIFm0C5FptAEtiaQNIFm0DCEZtA
qAabQOEQm0BaJJtA5/qaQBwRm0D0L5tA7umaQNEFm0Af7JpA6hCbQNolm0De+ppAGxqbQCoL
m0D1FZtApwybQOorm0CURZtACRubQHcCm0CBNptARiebQHYrm0A3CJtAjSmbQJYjm0C9DJtA
qTWbQAc0m0B7TJtA3EGbQNIom0C9K5tAQFKbQOMrm0ABB5tAnjybQDo6m0BfXZtA3zCbQIAy
m0AaMJtAShebQHNxm0CwZZtA1j+bQBYqm0CMGZtAixSbQAlQm0AwLZtAlzebQIBMm0COO5tA
VkGbQEpAm0AfU5tA/D2bQEthm0BZaJtAtk+bQMY3m0CYcZtAbW+bQA4zm0D1P5tA4TWbQCw9
m0CsbJtACEGbQKo4m0D0RZtArEGbQCVDm0CHVptAiEWbQBRVm0BmJptA3lCbQBxLm0DoSptA
/0ebQM1nm0B+TZtA84KbQMozm0AXSJtAW32bQKIym0DQUJtAjV+bQN5Lm0D6W5tAmkebQIM3
m0D+SptANTibQMsem0AeW5tALCebQBtMm0Dhc5tAm2ibQCBCm0AnK5tAAlybQL1Vm0CfkJtA
11ebQJhim0DvZZtAi6ibQBRym0CLiptAOC+bQHiQm0B+eJtALmibQKRym0ASV5tA2XibQImR
m0AcgJtAB3GbQHJ6m0AwdZtA64mbQO1nm0BuZptAU56bQEyIm0B+q5tAnZGbQJNxm0Acg5tA
6rWbQPybm0AleJtAe4+bQCd3m0CMnJtAx52bQHeXm0CZeptA736bQGqYm0C8pZtACI+bQEGK
m0AVhZtAWHebQAR7m0DNlJtAh6GbQOuUm0CyjZtAWqebQPaym0B+jZtAVo6bQIuVm0BxwZtA
3KObQJt8m0AdyptAw7ObQFp/m0AkrptA/62bQJmsm0B7wZtACKibQP6Ym0ACtZtAo5ybQI2L
m0DjpZtAUJqbQNuqm0BjrptAP7SbQNy/m0BRqJtAc/qbQO2om0BrlptA77WbQKOom0A8oJtA
8KubQNW6m0CuuptAY8ebQNHAm0ArwptAds2bQFO7m0AwlZtAiambQLbKm0DjoJtA74ybQP/a
m0D6qJtAmK2bQJPPm0CM0ptAAMebQKXZm0Bbq5tAw8abQPfFm0AH3JtAEbCbQNvam0Bh05tA
oKibQM+fm0CGzZtAq7+bQIaTm0ATy5tAJPCbQMfVm0C0xptAwLmbQLC8m0DCwptAtcabQP6/
m0AItptAEt6bQMDXm0BlxptAzeSbQPbSm0BYv5tAub6bQPAJnECquptAUtibQCLYm0Dvt5tA
jeabQLj1m0BgvptAtuObQFXTm0D6vJtA8smbQA4InECK+5tAnMKbQHsAnEDKyZtAJribQK3e
m0AuwZtAiOmbQJ4AnEDx9ZtA6febQFbbm0Bi65tAwPKbQLDsm0Da95tAiuqbQAfQm0D6DpxA
VN+bQGj4m0BX95tAutKbQGPym0B9E5xAMgScQLfYm0Ab1ptAGfibQFzUm0A+ApxAdh6cQPgX
nED0BJxAkf+bQErLm0B745tAWu+bQP3em0CG1ptA6dqbQKgFnEAE/5tAqM2bQCHsm0AH4ptA
I++bQA/km0Bb7JtAPPibQOjkm0CF1JtAmPWbQHAbnEDGC5xAlCOcQKf0m0CG+JtAXxOcQFPj
m0B37ZtAM9KbQMfhm0Dt6ZtAUuebQHP9m0BW6ZtAIvubQKDxm0B2MJxANv6bQH3dm0AMJZxA
+eKbQG3wm0AN8ZtAP9ubQPIHnEBa25tAXQ+cQMrMm0Bw+5tAvAecQDkLnECu+5tAORScQO//
m0A9/JtAOQacQJftm0DsIpxA+iycQJYZnEBYBpxAByycQNIunEAY65tAB+6bQBX5m0BfF5xA
QgScQLcfnEDVNpxANxGcQG8MnEDGJ5xA0xOcQB4jnED4IJxA0TqcQHccnEDjJJxA+jucQAsj
nEA0PZxAbyWcQFcZnEB9F5xA4DGcQGAfnEDdIpxA+u+bQPU5nEDCJZxAASCcQKfvm0CsIJxA
RSqcQNgbnECaJZxA1jScQNdLnEA9TpxAn1+cQAApnEC9NJxAbSmcQP8onECNCJxAQQ2cQGoS
nEDV/5tA+i+cQAo+nEAwM5xAQ1+cQF1InEDLB5xAS0+cQEcfnEC8LZxAT1ScQL8dnEDKK5xA
UjicQIo3nEA0JZxAFSycQJQMnEAaT5xAuTmcQAtMnECYWZxATCicQAZCnECdSZxA3hGcQFUo
nEC4MJxApEacQHYcnEBxUZxAJ2ycQMtunEDzVJxAcTOcQDAInEDncpxAzWecQGxQnEBWT5xA
5kKcQG9JnEDiX5xARFGcQEBInEAKOZxAikycQO9WnECLJZxA1VKcQLhSnEAvQJxArUWcQOk3
nEC5T5xATUWcQDaBnECFQJxACUWcQD1RnEAUMJxAP0ecQOJ+nEDhSpxAdU+cQFxQnEDtGpxA
ZkecQLdfnEB6W5xAs2CcQEVInECWOpxACyqcQPJNnEDFUJxANjycQOg8nEDwVJxA8FWcQE0s
nEA4V5xAoDqcQOM4nEC8OZxALB+cQDZXnEAgPZxA2CWcQFgynECtVpxAVGicQPg1nECfVZxA
TlacQK5SnECzYpxAzl+cQFFQnEDgYJxA71acQCJdnEBJUpxAGWicQEc5nEDpZJxAQ0ecQCZ2
nEBlc5xAf3ycQOtrnEC0aZxAgVScQNpwnEBIeJxAXmycQP2CnEBYZZxApX2cQO5gnEANX5xA
YWecQLx0nEDwopxAfU+cQDV8nEBJXpxAL22cQE9jnEA6YpxAx3ucQHownEBMSZxAAFCcQG5P
nEDcm5xAo0KcQGtqnEAOmpxAO2GcQChFnECyQpxAqVecQE05nEBxRZxARU6cQOeCnEAJVpxA
0XKcQIxinECEcpxAuGGcQK95nECgo5xAE7mcQNRpnEDEcJxAEn6cQKuSnEARfpxA43icQLx/
nEBZfpxAZXOcQGOinECceJxAhYycQACfnEA/hpxA3l6cQKp8nEDed5xAzn6cQBu9nEBqZZxA
do6cQGJ1nECFc5xAw4CcQJp9nECRl5xA4J+cQBODnEB0i5xA2mecQMaNnECNa5xAs0KcQCSV
nEApiJxAgYKcQE1fnEAinJxAlqicQAednECRm5xAeI6cQI17nEDSf5xAr2+cQFB+nEBgh5xA
pqycQDeHnEC+ipxAq5qcQGiNnEC4oZxAdpqcQBaFnECujZxAh6CcQIyHnED8jJxAPYecQO+a
nEDLjpxAYqScQNWmnECUoJxAipecQCaxnEC/npxA/pecQESNnEDPtpxAeJqcQEmgnEApjZxA
lZKcQJWjnEBMp5xAbJacQGK4nEDElZxAK5qcQMCWnEAElpxAjnucQMecnEBitJxAK6ScQFmh
nEC0iJxA8I6cQO6TnEA8rZxAyrScQA5snEC1o5xAwZScQHafnEBTx5xAiLacQK+snEBveJxA
3rWcQAKQnEA4jZxAHsycQGuCnEDEiJxArbmcQEirnEAOuZxAa6+cQL6UnECJs5xAGrycQBm4
nEB9p5xA/oycQC/inEBYs5xACJycQBWZnECYoJxAs7icQHS8nEDGiJxA3pqcQHXSnECqq5xA
QbqcQCTYnEBEl5xABaScQNi/nEBXsJxAP6acQC7RnECqupxAN5ecQM60nED/k5xAkZ6cQO6I
nEDAqZxAPKKcQI6AnECOrJxAYbecQEqQnECTtpxAVrGcQMScnEBikJxAzZScQKOhnECLsZxA
v7mcQBmVnEC6l5xAT5ucQAWfnEDTqJxAKZOcQHSrnEB0r5xA</AssayYData></Step><Step><CommonData><SampleLocation>3</SampleLocation><SampleID>Octet Buffer</SampleID><SampleGroup></SampleGroup><SampleInfo></SampleInfo><SampleRow>A</SampleRow><SamplePlate>1</SamplePlate><WellType>BUFFER</WellType><Concentration>-1</Concentration><ConcentrationUnits>µg/ml</ConcentrationUnits><MolarConcentration>-1</MolarConcentration><MolarConcUnits>nM</MolarConcUnits><MolecularWeight>0</MolecularWeight><Temperature>30</Temperature><StartTime>4798212</StartTime><AssayTime>300</AssayTime></CommonData><FlowRate>1000</FlowRate><StepType>DISASSOC</StepType><StepName>Dissociation</StepName><StepStatus>OK</StepStatus><ActualTime>300</ActualTime><CycleTime>0.2</CycleTime><AssayXData Points="1500">NkCDRdBBg0VpQ4NFA0WDRZxGg0U6SINF0kmDRWlLg0UFTYNFnk6DRThQg0XSUYNFaVODRQNV
g0WcVoNFNliDRdBZg0VpW4NFA12DRZ5eg0U2YINF0GGDRWljg0UDZYNFnGaDRTZog0XQaYNF
aWuDRQVtg0WcboNFNnCDRdBxg0Vrc4NFA3WDRZx2g0U4eINF0nmDRWl7g0UFfYNFnn6DRTaA
g0XQgYNFaYODRQWFg0WehoNFNoiDRdCJg0Vri4NFBY2DRZyOg0U2kINF0JGDRWmTg0UZlYNF
npaDRTaYg0XSmYNFaZuDRQOdg0WcnoNFNqCDRdKhg0Vpo4NFBaWDRZymg0U4qINF0KmDRWmr
g0UDrYNFnK6DRTawg0XSsYNFa7ODRQO1g0WetoNFNriDRdK5g0Vpu4NFBb2DRZy+g0U4wINF
0MGDRWnDg0UDxYNFnMaDRTbIg0XSyYNFacuDRQXNg0WezoNFNtCDRdDRg0Vp04NFBdWDRZ7W
g0U42INF0NmDRWnbg0UD3YNFnN6DRTbgg0XQ4YNFaeODRQflg0Wc5oNFNuiDRdDpg0Vp64NF
Be2DRZzug0U28INF0PGDRWvzg0UD9YNFnvaDRTj4g0XQ+YNFafuDRQP9g0Wc/oNFOACERdIB
hEVpA4RFAwWERZ4GhEU2CIRF0AmERWkLhEUDDYRFng6ERTYQhEXQEYRFaROERQMVhEWcFoRF
NhiERdAZhEVpG4RFAx2ERZwehEU2IIRF0CGERWsjhEUDJYRFnCaERTYohEXQKYRFaSuERQUt
hEWeLoRFNjCERdAxhEVrM4RFBzWERZw2hEU2OIRF0DmERWk7hEUFPYRFnj6ERTZAhEXSQYRF
a0OERQVFhEWcRoRFNkiERdBJhEVrS4RFA02ERZxOhEU4UIRF0FGERWtThEUFVYRFnFaERTZY
hEXQWYRFaVuERQddhEWcXoRFNmCERdBhhEVrY4RFBWWERZxmhEU4aIRF0GmERWlrhEUDbYRF
nG6ERTZwhEXScYRFaXOERQN1hEWedoRFNniERdB5hEVre4RFA32ERZx+hEU2gIRF0IGERWmD
hEUDhYRFnoaERTaIhEXSiYRFaYuERQONhEWcjoRFNpCERdiRhEVpk4RFA5WERZ6WhEU4mIRF
0JmERWmbhEUFnYRFnJ6ERTaghEXQoYRFa6OERQOlhEWcpoRFNqiERdCphEVpq4RFA62ERZyu
hEU2sIRF0rGERWmzhEUDtYRFnraERTa4hEXQuYRFabuERQW9hEWevoRFNsCERdDBhEVpw4RF
BcWERZ7GhEU2yIRF0smERWnLhEUFzYRFns6ERTbQhEXQ0YRFa9OERTTVhEWe1oRFNtiERdLZ
hEVp24RFBd2ERZzehEU44IRF0OGERWvjhEUF5YRFnOaERYbohEXS6YRFa+uERQPthEWc7oRF
OPCERdLxhEVp84RFA/WERZz2hEU4+IRF0PmERWv7hEUD/YRFnP6ERTgAhUXQAYVFawOFRQMF
hUWcBoVFNgiFRdAJhUVpC4VFAw2FRZ4OhUU6EIVF0BGFRWsThUUDFYVFnBaFRTYYhUXQGYVF
aRuFRQMdhUWcHoVFNiCFRdAhhUVrI4VFAyWFRZ4mhUU2KIVF0CmFRWkrhUUDLYVFnC6FRTYw
hUXSMYVFaTOFRQU1hUWeNoVFODiFRdI5hUVrO4VFAz2FRZ4+hUU2QIVF0EGFRWtDhUUDRYVF
nkaFRThIhUXSSYVFaUuFRQVNhUWeToVFOFCFRdBRhUVpU4VFBVWFRZ5WhUU2WIVF0FmFRWlb
hUUFXYVFnl6FRTZghUXQYYVFa2OFRQNlhUWeZoVFNmiFRdJphUVpa4VFA22FRZ5uhUU2cIVF
0nGFRWlzhUUfdYVFnHaFRTZ4hUXQeYVFaXuFRQN9hUWcfoVFOICFRdCBhUVpg4VFA4WFRZyG
hUU4iIVF0omFRWuLhUUFjYVFnI6FRTiQhUXSkYVFaZOFRQOVhUWcloVFNpiFRdCZhUVpm4VF
BZ2FRZ6ehUU4oIVF0qGFRWujhUUFpYVFnKaFRTaohUXQqYVFaauFRQWthUWcroVFNrCFRdKx
hUVrs4VFBbWFRZy2hUU4uIVF0rmFRWu7hUUDvYVFnL6FRTbAhUXSwYVFacOFRQPFhUWcxoVF
NsiFRdLJhUVry4VFA82FRZzOhUU20IVF0tGFRWvThUUF1YVFnNaFRTbYhUXQ2YVFaduFRQfd
hUWc3oVFNuCFRdDhhUVr44VFA+WFRZzmhUU46IVF0umFRWnrhUUD7YVFnu6FRTbwhUXS8YVF
afOFRQP1hUWc9oVFNviFRdL5hUVp+4VFA/2FRZz+hUU2AIZF0AGGRWkDhkUDBYZFnAaGRTgI
hkXSCYZFaQuGRQMNhkWcDoZFNhCGRdIRhkVpE4ZFKhWGRZwWhkU4GIZF0BmGRWkbhkUDHYZF
nh6GRTgghkXSIYZFaSOGRQMlhkWeJoZFNiiGRdAphkVrK4ZFAy2GRZwuhkU4MIZF0DGGRWkz
hkUFNYZFnjaGRTY4hkXSOYZFaTuGRQU9hkWePoZFNkCGRdBBhkVpQ4ZFA0WGRZ5GhkU2SIZF
0EmGRWlLhkUDTYZFnE6GRThQhkXQUYZFa1OGRQNVhkWcVoZFNliGRdBZhkVrW4ZFA12GRZ5e
hkU2YIZF0mGGRWljhkUDZYZFnGaGRTZohkXQaYZFaWuGRQNthkWeboZFNnCGRdBxhkVpc4ZF
A3WGRZ52hkU2eIZF0HmGRWl7hkUDfYZFnH6GRTiAhkXSgYZFa4OGRQOFhkWchoZFOIiGRdCJ
hkVri4ZFBY2GRZyOhkU2kIZF0pGGRWmThkUDlYZFnpaGRTaYhkXQmYZFa5uGRQWdhkWcnoZF
OKCGRdChhkVro4ZFBaWGRZymhkU4qIZF0KmGRWurhkUDrYZFnK6GRTawhkXQsYZFa7OGRRW1
hkWctoZFNriGRdC5hkVpu4ZFBb2GRZ6+hkU4wIZF0sGGRWvDhkUFxYZFnsaGRTbIhkVTyoZF
mMuGRQPNhkWezoZFNtCGRdDRhkVr04ZFBdWGRZzWhkU22IZF0tmGRWnbhkUF3YZFnN6GRTjg
hkXQ4YZFaeOGRQXlhkWc5oZFNuiGRdTphkVr64ZFA+2GRZzuhkU28IZF0PGGRWnzhkUD9YZF
nvaGRTj4hkXQ+YZFafuGRQP9hkWc/oZFOACHRdIBh0VrA4dFAwWHRZ4Gh0U2CIdF0AmHRWsL
h0UFDYdFnA6HRTYQh0XQEYdFaROHRQMVh0WeFodFNhiHRdIZh0VrG4dFAx2HRZweh0U2IIdF
0CGHRWsjh0UDJYdFnCaHRTgoh0XQKYdFaSuHRQMth0WcLodFODCHRdIxh0VrM4dFBTWHRZw2
h0U2OIdF0jmHRWk7h0UDPYdFnD6HRTZAh0XSQYdFaUOHRQNFh0WcRodFOEiHRdBJh0VrS4dF
A02HRZxOh0U2UIdF0FGHRWtTh0UiVYdFnlaHRTZYh0XQWYdFaVuHRQNdh0WcXodFOGCHRdBh
h0VpY4dFA2WHRZxmh0U4aIdF0GmHRWlrh0UDbYdFnG6HRTZwh0XQcYdFaXOHRQN1h0WedodF
NniHRdJ5h0Vpe4dFA32HRZ5+h0U2gIdF0IGHRWuDh0UDhYdFnIaHRTiIh0XQiYdFaYuHRQON
h0WejodFNpCHRdCRh0Vrk4dFBZWHRZ6Wh0U2mIdF0JmHRWmbh0UDnYdFoJ6HRTigh0XQoYdF
aaOHRQWlh0WcpodFNqiHRdKph0Vpq4dFBa2HRZyuh0U4sIdF0rGHRWmzh0UFtYdFnLaHRTa4
h0XQuYdFabuHRQO9h0WevodFOMCHRdbBh0Vpw4dFA8WHRZ7Gh0U2yIdF0MmHRWvLh0UFzYdF
nM6HRTbQh0XQ0YdFadOHRQPVh0Wc1odFNtiHRdDZh0Vr24dFA92HRZ7eh0U44IdF0OGHRWvj
h0UF5YdFnOaHRTboh0XQ6YdFaeuHRQPth0Wc7odFNvCHRdDxh0Vr84dFDfWHRZz2h0U2+IdF
0vmHRWn7h0UD/YdFnv6HRTgAiEXQAYhFaQOIRQMFiEWeBohFOAiIRdAJiEVpC4hFAw2IRZ4O
iEU2EIhF0hGIRWsTiEUDFYhFnBaIRTYYiEXQGYhFaRuIRQMdiEWcHohFOCCIRdAhiEVpI4hF
AyWIRZwmiEU2KIhF0CmIRWkriEUDLYhFnC6IRTgwiEXSMYhFaTOIRQM1iEWcNohFNjiIRdA5
iEVrO4hFBT2IRZ4+iEU4QIhF0EGIRWlDiEUDRYhFnkaIRTZIiEXQSYhFaUuIRQNNiEWcTohF
OFCIRdJRiEVrU4hFA1WIRZxWiEU2WIhF0FmIRWlbiEUDXYhFnF6IRThgiEXQYYhFaWOIRQNl
iEWcZohFNmiIRdBpiEVpa4hFBW2IRZ5uiEU4cIhF0HGIRWlziEUFdYhFnnaIRTZ4iEXSeYhF
aXuIRQN9iEWefohFNoCIRdCBiEVpg4hFBYWIRZyGiEU4iIhF0ImIRWuLiEUFjYhFno6IRTaQ
iEXSkYhFa5OIRQWViEWclohFOJiIRdCZiEVrm4hFA52IRZ6eiEU4oIhF0KGIRWmjiEUFpYhF
nKaIRTaoiEXQqYhFH6yIRWetiEWtrohFNrCIRdCxiEVps4hFBbWIRZy2iEU4uIhF0LmIRWm7
iEUDvYhFnr6IRTjAiEXQwYhFacOIRQXFiEWcxohFOMiIRdDJiEVpy4hFBc2IRZ7OiEU40IhF
0tGIRWnTiEUF1YhFntaIRTbYiEXQ2YhFaduIRQPdiEWc3ohFNuCIRdDhiEVp44hFBeWIRZzm
iEU26IhF0umIRWnriEUD7YhFnO6IRTbwiEXQ8YhFa/OIRQP1iEWc9ohFOPiIRdL5iEVr+4hF
A/2IRZz+iEU2AIlF0gGJRWkDiUUDBYlFnAaJRTYIiUXQCYlFawuJRQMNiUWcDolFOBCJRdIR
iUVpE4lFAxWJRZwWiUU2GIlF0BmJRWkbiUUDHYlFnB6JRTYgiUXSIYlFaSOJRQMliUWeJolF
NiiJRdIpiUVrK4lFBS2JRZwuiUU4MIlF0DGJRWkziUUkNYlFnjaJRTg4iUXQOYlFaTuJRQU9
iUWcPolFNkCJRdBBiUVtQ4lFA0WJRZxGiUU2SIlF0EmJRWtLiUUFTYlFnE6JRThQiUXQUYlF
a1OJRQNViUWeVolFNliJRdBZiUVrW4lFA12JRZxeiUU2YIlF0mGJRWljiUUDZYlFnGaJRTho
iUXQaYlFa2uJRQNtiUWcbolFNnCJRdBxiUVpc4lFA3WJRZ52iUU2eIlF0HmJRWt7iUUDfYlF
nn6JRTaAiUXQgYlFaYOJRQOFiUWcholFOIiJRdKJiUVpi4lFBY2JRZyOiUU2kIlF0pGJRWmT
iUUDlYlFnJaJRTaYiUXQmYlFa5uJRQOdiUWenolFNqCJRdChiUVpo4lFBaWJRZymiUU4qIlF
0KmJRWuriUUFrYlFnK6JRTawiUXQsYlFa7OJRQW1iUWctolFNriJRdK5iUVpu4lFBb2JRZy+
iUU2wIlF0MGJRWvDiUUFxYlFnMaJRTbIiUXQyYlFacuJRQPNiUWczolFNtCJRdDRiUVp04lF
MNWJRZzWiUU42IlF0tmJRWnbiUUF3YlFnN6JRTrgiUXQ4YlFaeOJRQPliUWc5olFOOiJRdDp
iUVr64lFBe2JRZ7uiUU48IlF0PGJRWnziUUD9YlFnvaJRTb4iUXS+YlFa/uJRQP9iUWc/olF
OACKRdABikVpA4pFAwWKRZwGikU2CIpF0AmKRWsLikUDDYpFnA6KRTYQikXQEYpFaROKRQUV
ikWcFopFOBiKRdAZikVpG4pFBR2KRZ4eikU4IIpF0iGKRWkjikUDJYpFnCaKRTYoikXSKYpF
aSuKRQMtikWcLopFNjCKRdIxikVpM4pFBTWKRZw2ikU2OIpF0DmKRWk7ikUFPYpFnj6KRThA
ikXSQYpFaUOKRQNFikWeRopFNkiKRdBJikVpS4pFA02KRZ5OikU2UIpF0FGKRWlTikUDVYpF
nFaKRThYikXSWYpFa1uKRQVdikWeXopFNmCKRdBhikVpY4pFA2WKRZ5mikU2aIpF0GmKRWlr
ikUFbYpFnm6KRThwikXQcYpFa3OKRQV1ikWcdopFOHiKRdB5ikVpe4pFBX2KRZ5+ikU4gIpF
0oGKRWmDikUDhYpFnIaKRTiIikXQiYpFaYuKRWmNikWvjopFNpCKRdKRikVrk4pFBZWKRZyW
ikU2mIpF0JmKRW+bikUFnYpFnJ6KRTagikXQoYpFaaOKRQOlikWcpopFOKiKRdCpikVpq4pF
A62KRZyuikU2sIpF0rGKRWuzikUDtYpFnLaKRTi4ikXQuYpFa7uKRQO9ikWevopFNsCKRdDB
ikVpw4pFA8WKRZ7GikU2yIpF0smKRWnLikUFzYpFnM6KRTjQikXQ0YpFadOKRQPVikWc1opF
NtiKRdDZikVp24pFA92KRZzeikU44IpF0OGKRWnjikUD5YpFnOaKRTboikXQ6YpFaeuKRQXt
ikWc7opFNvCKRdDxikVp84pFA/WKRZz2ikU4+IpF0vmKRWv7ikUD/YpFnv6KRTYAi0XQAYtF
aQOLRQMFi0WeBotFOAiLRdAJi0VrC4tFAw2LRZwOi0U4EItF0BGLRWsTi0UFFYtFnBaLRTYY
i0XQGYtFaxuLRQUdi0WcHotFNiCLRdAhi0VpI4tFBSWLRZ4mi0U2KItF0CmLRWsri0UFLYtF
nC6LRTYwi0XQMYtFaTOLRQU1i0WeNotFNjiLRdA5i0VpO4tFAz2LRZw+i0U4QItF0EGLRWlD
i0UDRYtFnEaLRThIi0XQSYtFaUuLRQVNi0WeTotFOFCLRdBRi0VpU4tFA1WLRZxWi0U2WItF
0FmLRWlbi0UDXYtFnF6LRTZgi0XQYYtFa2OLRQNli0WcZotFOGiLRdBpi0Vpa4tFA22LRZxu
i0U4cItF0HGLRWlzi0UDdYtFnHaLRTZ4i0XSeYtFaXuLRQN9i0WefotFNoCLRdCBi0Vpg4tF
A4WLRZ6Gi0U2iItF0omLRWmLi0UDjYtFno6LRTaQi0XQkYtFaZOLRQOVi0WclotFNpiLRdKZ
i0Vrm4tFA52LRZ6ei0U4oItF0KGLRWuji0UDpYtFnKaLRTioi0XQqYtFaauLRQOti0WcrotF
NrCLRdKxi0Vrs4tFE7WLRZy2i0U4uItF0LmLRWu7i0UDvYtFnL6LRTjAi0XSwYtFacOLRQPF
i0WexotFOMiLRdDJi0Vpy4tFA82LRZzOi0U20ItF0NGLRWnTi0UD1YtFnNaLRTjYi0XQ2YtF
aduLRQXdi0Wc3otFNuCLRdDhi0Vr44tFBeWLRZzmi0U26ItF0OmLRWnri0UF7YtFnO6LRTjw
i0XQ8YtFa/OLRQX1i0Wc9otFNviLRdL5i0Vr+4tFA/2LRZz+i0U2AIxF0gGMRW0DjEUDBYxF
nAaMRTYIjEXSCYxFaQuMRQUNjEWcDoxFNhCMRdIRjEVpE4xFAxWMRZwWjEU2GIxF0BmMRWsb
jEUDHYxFnB6MRTggjEXQIYxFaSOMRQMljEWcJoxFNiiMRdIpjEVpK4xFAy2MRZwujEU2MIxF
0jGMRWkzjEUFNYxFnDaMRTg4jEXQOYxFazuMRQM9jEWePoxFNkCMRdJBjEVpQ4xFA0WMRZ5G
jEU4SIxF0EmMRWlLjEUDTYxFnk6MRTZQjEXQUYxFaVOMRSBVjEWcVoxFNliMRdJZjEVpW4xF
BV2MRZ5ejEU2YIxF0mGMRWtjjEUDZYxFnGaMRTZojEXQaYxFaWuMRQVtjEWcboxFNnCMRdJx
jEVrc4xFBXWMRZx2jEU2eIxF0nmMRWt7jEUDfYxFnn6MRTiAjEXSgYxFa4OMRQOFjEWehoxF
NoiMRdCJjEVpi4xFA42MRZyOjEU4kIxF0JGMRWmTjEUDlYxFnpaMRTaYjEXQmYxFa5uMRQOd
jEWcnoxF</AssayXData><AssayYData Points="1500">2KebQGDPm0A955tAKcWbQKPFm0B32ptA1tCbQC/9m0A7B5xAHeybQFwCnEAj4ZtAhAicQNfN
m0CC+ZtA6QycQNPNm0Af/5tAfOmbQBg8nEATEpxAGw2cQD3tm0B76JtA7zCcQEsOnEDg/JtA
t/qbQIwcnECVIZxA4x2cQK3nm0BiB5xAsjecQBv1m0C5EZxA4yOcQDHum0CP/JtARiScQP5J
nEBnGZxAskWcQLn9m0BHGpxACBecQOAdnEBBGJxA5DucQHc+nEDdOpxAiDacQMAtnEBCPJxA
ek2cQIg2nEDpOJxA3DicQKsYnECRTJxACSCcQH5hnEB5KpxAKD6cQB8pnEAbT5xAXT6cQJ4X
nEDPOZxA5DGcQKs7nECuPpxAUmKcQPI6nEAROpxAESKcQCkvnEATEZxAsi6cQJgpnED2IJxA
o3ycQDccnECxDJxAliqcQJY4nEDeJ5xAUgWcQAIvnECVNZxAqF6cQP9VnEBWKpxACUqcQLxK
nED3OpxAr0WcQJ4mnEDROJxAfTycQMdRnEDLOZxAFjGcQGVZnEBeQpxA9E6cQNMznEBPNZxA
ZCucQFlEnECMS5xAJTicQEUwnEAdS5xAfzicQAk7nEAYPZxAQUGcQNJQnECCcJxAMjacQPIz
nEAjWZxAkzScQMpEnEA4T5xAdjmcQHtBnEBRI5xAElScQD5NnEAFWJxAilCcQAkmnEDtZpxA
PEWcQPRynEAyVpxAeUucQO4pnEAcSpxAISGcQAYonEAQOZxA3UKcQMw5nEA3Q5xAU0qcQHsz
nEC6MZxAWBecQFBEnEAqM5xAEjqcQE9LnEDuWZxASCScQFdBnECHQJxA22CcQO5HnEClM5xA
zyucQFUwnED0GpxATzGcQHgYnEC8KpxA2EOcQCtXnECyTJxAGDycQNAPnEB0HJxAI0qcQPcb
nEAoLpxAVTicQLknnEBgTJxAf1ucQJVBnEAcOJxAkC2cQCoenEB3OpxA2lycQLY0nEB3IpxA
21WcQKBMnED2LJxA70icQB9dnEAOK5xAnFucQMgunEBQR5xAETGcQJJTnEClSpxAcyKcQBFZ
nEDVPZxAa0KcQJ5UnECIUpxAcjmcQN06nED3bpxASEecQMRUnED+MpxA5iWcQIQ3nEBHO5xA
7kucQAY7nECXPpxAcmScQOFbnEDfVJxAmlmcQEs8nEBaMZxAPVicQKBQnEB7d5xA4zicQCVP
nEC0XpxAC3OcQLJhnECEZ5xAHG2cQF1RnECAU5xAXWKcQKoonEDCUJxA/E+cQNltnEDbZZxA
x0ucQIBqnEBEcpxA0GScQFxlnECfTJxA1nGcQDdZnECtQ5xADFacQPxInEDGd5xAiHmcQDte
nECHQZxA9FqcQH5qnEDkSpxAh1KcQLxznEACcpxAZ4mcQGJMnEBFa5xA03acQDVhnEAFR5xA
94CcQBl6nEDTVJxAJGucQMxhnECCXpxAgnKcQI1onEChg5xAW1ycQEM4nECofJxARH2cQAVh
nEBRP5xAjl6cQGxinEBPbJxA056cQGQ/nEDPipxAg4qcQMuJnEAWSZxALlycQNZYnEB7bZxA
NXOcQBF6nEBTgZxAPnucQK1snEAIW5xA+3ucQHp6nEDqZ5xAoXmcQBhqnECfXpxArXWcQCiJ
nECoVpxALHCcQF1lnEAIX5xA+3ecQJlmnEAmW5xARH6cQNVknEDXZpxAY4acQNJ6nEB5gJxA
iIKcQAVknEBBaZxAEnicQBV1nECsgZxAq5ScQD5LnEBngpxA5HycQBVmnEBPcJxA33icQMxs
nECqVZxA9X2cQMlmnEC9gZxAMnacQNVrnEDUiZxALGucQE+YnED3fpxA0n6cQApunECBP5xA
dXKcQKVZnEBxY5xAa22cQHaFnEDKVJxAumKcQKNtnEA/eZxAY5CcQNxKnEBVfpxAIlCcQMV8
nEArUpxA9l2cQB+InEDIh5xA8nScQFB1nEB0bZxAE4acQOx/nEATdpxAr0OcQCtynEDKjpxA
eVacQEd1nEAuj5xA0mOcQN5wnEB8cZxAS2KcQMRcnEBzZJxAMoKcQHJanECPdJxAeIycQFhz
nECHi5xA0oKcQId1nEARjZxAZ2ycQKt4nEDRVpxAI2qcQHKcnEANVJxAxXmcQKR2nEDidZxA
Z4icQC+nnEBCmZxACq+cQFh+nECBlJxAr4icQJGfnED1epxAeJucQHaknEARs5xAb36cQBqL
nED1nZxAyKucQG2qnEAgipxARY6cQBOUnED/Z5xAsJ2cQG2dnECugpxAxoKcQGaanEAlhZxA
h46cQBt7nEC7YZxAxXWcQL9qnEAsfZxAIJacQC6bnECGZpxA4VqcQGp6nEAJkJxAK2ycQI90
nEDRbJxAQWicQL5jnEAGiJxA44KcQJd8nECOkZxALmOcQDh1nECrppxAmF2cQCVfnEA6c5xA
8picQFyBnEBqj5xAiHacQOiOnEC0n5xAeH6cQDianEDZlpxA0JGcQJmJnEAWhpxAQI+cQD2c
nEBWg5xAAoycQDV2nEB5upxAhomcQIylnEDWnJxAT2ucQMdlnEBcjpxA0n6cQDt1nEAFiJxA
MJucQG+AnEDyfZxAgoScQEG6nEDcx5xA7qScQLOBnECojpxAyaGcQLWNnEDKp5xAoI+cQHav
nEBQuJxAaXGcQCiVnEA+epxA1LCcQDOmnEA2aZxAGJ6cQMGUnECLW5xALoicQCyKnEAUlJxA
BKKcQMTOnECcipxA3aScQFO3nECNtJxALI2cQDrZnEC9iZxAIHucQJO+nECfspxAGrScQPPK
nEB9bJxAb5icQFS7nECck5xAntOcQF2UnED3w5xAQ52cQJ6nnEAtspxAmsacQCPJnEAgnpxA
h52cQCqRnEASuJxAnp2cQPeanEAms5xAW7CcQBOMnEAWuJxAspacQIesnEDRspxAcJecQDbO
nED0lJxAxaScQKWdnEBznZxAj6ScQEStnEBjzJxAC8ScQCGanECczJxAW7icQHGdnED3yJxA
mqqcQBmmnEDVspxAc7icQH2wnECDvpxASaicQImVnEACw5xA9KacQH/enECMu5xAQ62cQHuw
nECCppxAcK2cQCa0nECkxJxAk8ecQEjUnEBWhJxAg8WcQMLCnEBztpxAG7ScQOacnEBTv5xA
8pycQICSnEDhsJxAwcWcQBm2nEDbxJxAtr2cQMzDnEDFkJxAaIicQAG3nEDEeZxAsNWcQACb
nEAwpZxA87CcQBnYnEA9vZxAxs6cQKKUnEBifZxAvrycQGl9nED21ZxAdnacQCGsnEAIq5xA
O4acQHq3nEDqspxAP6mcQNWgnEABpZxAGqqcQImanEArqJxAZpqcQJiznEAplJxArricQCWm
nEBSoJxA07mcQB9/nEC+rJxASrmcQJGcnEA+qJxAi7KcQKW2nEB/xZxA2cecQLyrnECXq5xA
I6OcQLGsnECompxAip2cQI6nnEAfnpxAhq+cQALWnECmqpxAc7GcQDK0nEAkh5xAvc+cQF6R
nEDJrJxAoaqcQL2fnEDSyZxAP7ScQFzUnEBLs5xAicecQO2anEAVp5xAYbGcQF3EnEDa0ZxA
McqcQDzQnEBl0pxAqMicQJ2WnEBKyZxAA8KcQG6rnECa1JxANNycQEGxnEDE4pxAVMicQMqx
nEA0oZxAaaWcQCLCnEBXtZxAja+cQLWjnECpo5xAzNycQEi6nEBX7pxAyLacQJTgnEApsZxA
p8KcQMi7nEAtr5xAX8ScQE/VnECPwJxAm6mcQFbGnEAyxpxAcs+cQJXgnEBgp5xAL8ecQEHr
nEBb2JxAQ+ecQB/SnEAwnpxAGKucQDLcnEB1uJxA0LKcQE27nEBN4ZxAsricQJTQnEDBtpxA
JrucQIrLnEAr0JxAZtecQLbxnECWw5xAutWcQKPCnECv1ZxA1+acQNECnUDw0ZxAm8icQD21
nEBv0ZxA9tycQHXYnEBSz5xAUKicQEaxnED1yZxA8bScQDvEnEDvzpxAIb6cQA+knEAY3pxA
m86cQBC2nEBprZxAWtecQL/0nECb/pxAAeScQAO7nEAdx5xAnNGcQPn0nEBo1ZxALOKcQJDX
nEBn4pxABtucQB7bnECe25xAx+mcQLG/nEDjzpxADwmdQKTrnEDhHJ1AYdycQIO3nEAs0JxA
q9icQHzonEDSD51AAAWdQAoBnUCp/5xACN+cQArbnEDA85xAAP2cQPQOnUCyzpxAIf+cQCXy
nECv6pxAsPqcQKTVnEBG7pxAFeWcQMPjnECOw5xAOe2cQDe6nEBe+ZxANPucQOPUnEAZ1ZxA
fPacQNjNnEBz55xAPd+cQIbfnECdz5xAEtOcQADanEAA75xAIeGcQHzanED33pxAFPycQIfn
nEDh5pxAEtqcQODOnEBG0pxAv8acQKDAnECQ05xAhNecQH3onEDQ0JxAbe+cQCDZnEBg05xA
XbycQB3UnEDazpxAVN6cQFTsnED7Cp1AIuecQDPQnEApCZ1A19qcQNHcnEDc8JxAwvucQCzC
nEBR55xArvycQBPxnEDJ8pxAEgOdQG0BnUAo7pxA6hmdQO/lnEBfB51Ayv+cQKDenECz7pxA
mfucQO/VnEDzEp1A0xWdQJT/nEB61pxADeecQHUinUAX35xAFCOdQJcNnUCs9ZxAh/6cQGrp
nEAl8ZxAphKdQOHhnEAt6ZxABuOcQGvwnEC67JxAseKcQFEInUD3G51AY/OcQAT+nEDUDJ1A
eAOdQCXnnECFG51Aa+ecQLf1nEBbAJ1Af+2cQMUhnUDJFZ1A5Q6dQDPanEA+Ap1AugGdQIvw
nED2B51AifqcQJognUA0CJ1ArRadQHHonEDwAp1A/gedQDwKnUDWAJ1AsBSdQIz4nEDLKJ1A
kQidQEXinEB84ZxAJzWdQHf4nEDvAJ1AK+ScQNcMnUDKBZ1A1g+dQJ8XnUABG51AXOycQCwQ
nUDsDJ1AVCqdQAYEnUAJNJ1AuBmdQIEEnUDK+ZxAIDKdQAoLnUBh8pxABQGdQEIwnUDBB51A
OSmdQBECnUB7+pxAWgOdQKEhnUDJHp1AghOdQHAJnUCpPZ1Ay/+cQIEnnUAf9JxAZCidQJP0
nEACF51A4vmcQEYGnUCc9JxABxudQNATnUAVOZ1AFBCdQEkanUBdG51ALfKcQE0WnUDLJZ1A
lQGdQLslnUBxHp1AuCqdQCgVnUBuE51AbxCdQOYQnUC9GJ1AyBOdQKM5nUAwAJ1Awh+dQIwW
nUD+55xANRCdQIc0nUCAMJ1AKwSdQIM5nUCxD51AhfCcQHginUCoOJ1AjyCdQKomnUC/LJ1A
/BudQAcenUA0D51AoO+cQIVOnUA4Sp1A6SadQHQPnUCHG51AUkCdQGjqnEAXAJ1AnA+dQCcV
nUBXI51AVyOdQKM0nUCEOp1A6CGdQBgVnUDgBZ1AHB6dQJ8rnUBXEp1AiBqdQEYpnUAmEZ1A
Aw6dQAf+nECdNp1AMgqdQOpBnUALF51AbzGdQGcZnUAEEZ1AcRGdQBzznEBt7ZxAghmdQPwt
nUAzF51A1CWdQFYWnUB2Bp1AeeGcQIgdnUB3Gp1A3QadQLgDnUCrDZ1AZgudQAognUD5IJ1A
+QCdQHAjnUBkI51AKwOdQLrpnED/95xA4Q2dQMwPnUBDPp1AqCudQBM7nUD4Qp1A9hadQKgi
nUCJCJ1A6vecQJfqnEAhH51AizqdQEoSnUB2HJ1AxQidQJfxnEC5EZ1A6BOdQM8snUA+NZ1A
CCGdQPYwnUAjG51AbxidQP4AnUDBLZ1AVe2cQMYnnUBNGp1A5RqdQM8HnUBAGJ1Aw/ScQC8X
nUBIB51A2yCdQDQpnUCe/JxAegedQPwgnUDTCZ1AWTKdQNwanUAVPp1AggudQFgXnUBSEZ1A
3TSdQHcMnUCBJJ1AfRadQLk3nUBSBp1ADCqdQPQznUCW/ZxAJyGdQP0NnUBaK51A4VKdQAIq
nUBUOZ1AMUudQNhanUB8GZ1A6Q+dQHcRnUDUL51AsySdQAkenUC4I51ACv2cQP4gnUDnF51A
EhqdQKIwnUDr+ZxAVjWdQPAnnUBrRZ1AwTidQDMcnUAtW51AMxudQDQmnUCtGJ1A1PmcQM4p
nUCpHZ1AXEqdQJs0nUDhMp1AYlqdQMsZnUAlRJ1A5kudQNUVnUADBp1AolKdQIcvnUCKLp1A
kzadQO82nUBi/5xAkx+dQNs1nUBkK51AljCdQP8gnUCg9pxAw06dQPQjnUCoRJ1AEzOdQDhQ
nUD4Kp1AglidQEsgnUBuG51ASTKdQPYonUDpJJ1A1x2dQNcNnUC7YJ1AeDSdQI9anUCzLJ1A
ex2dQHVQnUD7Hp1APQWdQGAEnUC5M51AjT2dQB0TnUALLJ1AhS+dQAEHnUBkOJ1ArjidQJZR
nUDDCp1AAxedQD0LnUB8W51A/zqdQMMunUDRGp1A30GdQNMqnUDxNZ1AuBqdQG8XnUBYEZ1A
CDydQM0dnUAgLJ1AHl2dQCMYnUCkX51A71WdQPkvnUCoJp1AiFGdQIpEnUArM51ATj+dQCk1
nUAxRJ1AsDGdQAVPnUABO51AOTydQJA0nUD+IZ1ABFSdQJJmnUDUPJ1AuE2dQKpqnUBCdZ1A
uhWdQPgvnUApKp1A1zCdQGhLnUCzPZ1A7lOdQBpPnUDnIZ1ARFmdQIk7nUAgJJ1ANjWdQFQ4
nUAUS51AnSCdQHtInUD5QJ1Ay02dQCg1nUBDOp1AjmWdQOIhnUCQSp1AnEedQD88nUCMTJ1A
TDSdQNJUnUCUE51AMzedQFE4nUCvIp1ACkmdQOJenUDGb51ABladQPk/nUAnKp1AhDGdQMs3
nUA9MZ1AvzqdQN9DnUB6RZ1AUkGdQII9nUCUXJ1AE1GdQF5RnUCpUJ1AYXWdQOw5nUDHdp1A
N1ydQLZBnUDlQZ1AOXCdQHpRnUCqLp1ATkadQN5VnUAuLp1A7EmdQOZonUDxSZ1A+FydQNht
nUAkQJ1AXFGdQDQInUCgY51A2mOdQFVknUAVhp1AqkmdQCE2nUBrXJ1Ac4udQFFanUBBV51A
n2ydQJJQnUAwN51A5GKdQL5+nUAXR51AoGedQCKPnUAbT51AfXydQNdknUAHfp1AOF2dQFpP
nUB7f51A8WGdQJV+nUDqX51A0F6dQFSOnUA/U51AE1mdQBRXnUDaKZ1AWludQNqUnUCrTp1A
iVmdQDpHnUABY51A71OdQAlSnUDdeZ1Af3adQGBTnUC6SZ1A8S6dQExOnUC5XZ1A30udQG5T
nUC0cJ1Aj0+dQIcinUDGXJ1ADHedQN2InUByQJ1A706dQGc3nUDca51AjWGdQNJAnUAsfp1A
3kidQFVonUAlYp1AEoCdQHFjnUDfKZ1A50KdQCFanUBQJJ1AqFGdQDxpnUBpXZ1AX2OdQFBr
nUAxU51AQWydQFVJnUAiZ51Ae26dQJxLnUBvhZ1AqUadQERdnUDsX51A9FCdQPZmnUBZPZ1A
9lWdQLBqnUDEe51AM0mdQDuHnUD6h51As36dQPx2nUBbkp1A+IqdQDpynUBxkZ1AdXqdQJ2k
nUBsd51A9oudQJtanUBKc51AOX6dQCCcnUCrYZ1Aj3WdQD9rnUD7jp1AQoKdQJOJnUDjVZ1A
DZOdQLKLnUBsc51ALIOdQO9mnUBlpp1AKJedQF2VnUAZfJ1AGIidQL9ZnUDyn51AboKdQENX
nUCXp51A5U2dQBhynUDHlZ1AX2adQJVknUAZkp1AeoGdQFV2nUAXlZ1A4WudQIGpnUBblZ1A
iY6dQKOGnUBEhZ1AXnSdQImGnUD8XJ1AnIKdQPmInUBKp51AmKCdQClRnUBdg51AgJKdQFey
nUCdmp1AmXudQJFunUCvmZ1A/ZOdQNBonUACb51AFnadQC5snUCpkJ1ALIGdQIqUnUAAcZ1A
c1ydQByRnUAGlZ1ALn6dQFJ/nUAmd51A7mWdQJ5onUBThp1ADoKdQO9lnUDAkZ1AxGqdQNZh
nUB4g51A</AssayYData></Step><Step><CommonData><SampleLocation>7</SampleLocation><SampleID>Glycine</SampleID><SampleGroup></SampleGroup><SampleInfo></SampleInfo><SampleRow>B</SampleRow><SamplePlate>1</SamplePlate><WellType>REGENERATION</WellType><Concentration>-1</Concentration><ConcentrationUnits>µg/ml</ConcentrationUnits><MolarConcentration>-1</MolarConcentration><MolarConcUnits>nM</MolarConcUnits><MolecularWeight>0</MolecularWeight><Temperature>30</Temperature><StartTime>5107567</StartTime><AssayTime>5</AssayTime></CommonData><FlowRate>1000</FlowRate><StepType>KREGENERATION</StepType><StepName>Regeneration</StepName><StepStatus>OK</StepStatus><ActualTime>4.9998</ActualTime><CycleTime>0.2</CycleTime><AssayXData Points="25">NaCMRc+hjEVoo4xFBKWMRZ2mjEU1qIxFM6qMRXerjEUErYxFm66MRTWwjEXPsYxFaLOMRQS1
jEWbtoxFNbiMRdG5jEVou4xFBL2MRZu+jEU1wIxF0cGMRWjDjEUCxYxFm8aMRQ==</AssayXData><AssayYData Points="25">XNaBP6dLbT/h4mA/1R9YP8zYUT/VxUs/1hJDP2zLPj+9Bjk/yp8yP/CDLT86Yys/QaMkP9+p
Hz8//hs/KlAYP4qgFD+3jxE/154NP3ceCj/cGgg/NpQFPx+7Aj8DCv8+7or9Pg==</AssayYData></Step><Step><CommonData><SampleLocation>8</SampleLocation><SampleID>PBS</SampleID><SampleGroup></SampleGroup><SampleInfo></SampleInfo><SampleRow>B</SampleRow><SamplePlate>1</SamplePlate><WellType>NEUTRALIZATION</WellType><Concentration>-1</Concentration><ConcentrationUnits>µg/ml</ConcentrationUnits><MolarConcentration>-1</MolarConcentration><MolarConcUnits>nM</MolarConcUnits><MolecularWeight>0</MolecularWeight><Temperature>30</Temperature><StartTime>5120670</StartTime><AssayTime>5</AssayTime></CommonData><FlowRate>1000</FlowRate><StepType>KREGENERATION</StepType><StepName>Regeneration</StepName><StepStatus>OK</StepStatus><ActualTime>5.00078</ActualTime><CycleTime>0.2</CycleTime><AssayXData Points="25">NciMRc/JjEVoy4xFAs2MRZvOjEU30IxF0dGMRWjTjEUC1YxFm9aMRTXYjEXR2YxFatuMRQTd
jEWb3oxFN+CMRdHhjEVq44xFBOWMRZvmjEU16IxF0emMRWjrjEUC7YxFne6MRQ==</AssayXData><AssayYData Points="25">QMSCQFI6g0DDDIRA/0qEQE7ChECY5oRAK1yFQFZbhUCPk4VA3c6FQMf7hUB2EIZANFaGQGBt
hkBEc4ZATaOGQFuUhkCOs4ZAI8mGQBYAh0B5E4dA4QuHQIMih0BuJIdA01WHQA==</AssayYData></Step><Step><CommonData><SampleLocation>7</SampleLocation><SampleID>Glycine</SampleID><SampleGroup></SampleGroup><SampleInfo></SampleInfo><SampleRow>B</SampleRow><SamplePlate>1</SamplePlate><WellType>REGENERATION</WellType><Concentration>-1</Concentration><ConcentrationUnits>µg/ml</ConcentrationUnits><MolarConcentration>-1</MolarConcentration><MolarConcUnits>nM</MolarConcUnits><MolecularWeight>0</MolecularWeight><Temperature>30</Temperature><StartTime>5133758</StartTime><AssayTime>5</AssayTime></CommonData><FlowRate>1000</FlowRate><StepType>KREGENERATION</StepType><StepName>Regeneration</StepName><StepStatus>OK</StepStatus><ActualTime>4.9998</ActualTime><CycleTime>0.2</CycleTime><AssayXData Points="25">OPCMRdLxjEVp84xFBfWMRZ72jEU2+IxF0PmMRWn7jEUD/YxFnP6MRTYAjUXQAY1FaQONRQMF
jUWcBo1FOAiNRdAJjUVpC41FAw2NRZ4OjUU4EI1F0BGNRWkTjUUFFY1FnhaNRQ==</AssayXData><AssayYData Points="25">vBI5P5hgIz+y4Bc/laUQP/lLCj8/8AY/FPMAP3oG/T795/c+4Q/1PgWC6z4ttOg+k5bgPm1A
3z4hGdw+BmTZPlKk1D4K/dI+7jrSPkhxzD5DTcw++mXIPqmAxT6tNMI+ltDDPg==</AssayYData></Step><Step><CommonData><SampleLocation>8</SampleLocation><SampleID>PBS</SampleID><SampleGroup></SampleGroup><SampleInfo></SampleInfo><SampleRow>B</SampleRow><SamplePlate>1</SamplePlate><WellType>NEUTRALIZATION</WellType><Concentration>-1</Concentration><ConcentrationUnits>µg/ml</ConcentrationUnits><MolarConcentration>-1</MolarConcentration><MolarConcUnits>nM</MolarConcUnits><MolecularWeight>0</MolecularWeight><Temperature>30</Temperature><StartTime>5146839</StartTime><AssayTime>5</AssayTime></CommonData><FlowRate>1000</FlowRate><StepType>KREGENERATION</StepType><StepName>Regeneration</StepName><StepStatus>OK</StepStatus><ActualTime>5.00078</ActualTime><CycleTime>0.2</CycleTime><AssayXData Points="25">OBiNRdIZjUVtG41FBR2NRaAejUU4II1F0iGNRW0jjUUFJY1FniaNRTgojUXUKY1FayuNRQUt
jUWeLo1FOjCNRdIxjUVtM41FBTWNRaA2jUU6OI1F0jmNRW07jUUFPY1FoD6NRQ==</AssayXData><AssayYData Points="25">ULGBQHZJgkBk14JAA1qDQIXIg0AdyoNAKDeEQBdJhEBGioRA9cmEQA/+hED3MoVAHDWFQEBJ
hUDpe4VAqqOFQL+shUBUyYVAEdWFQEDShUBtEIZAyhSGQC4whkBtQIZAU0qGQA==</AssayYData></Step><Step><CommonData><SampleLocation>7</SampleLocation><SampleID>Glycine</SampleID><SampleGroup></SampleGroup><SampleInfo></SampleInfo><SampleRow>B</SampleRow><SamplePlate>1</SamplePlate><WellType>REGENERATION</WellType><Concentration>-1</Concentration><ConcentrationUnits>µg/ml</ConcentrationUnits><MolarConcentration>-1</MolarConcentration><MolarConcUnits>nM</MolarConcUnits><MolecularWeight>0</MolecularWeight><Temperature>30</Temperature><StartTime>5159940</StartTime><AssayTime>5</AssayTime></CommonData><FlowRate>1000</FlowRate><StepType>KREGENERATION</StepType><StepName>Regeneration</StepName><StepStatus>OK</StepStatus><ActualTime>4.9998</ActualTime><CycleTime>0.2</CycleTime><AssayXData Points="25">OkCNRdRBjUVvQ41FB0WNRaBGjUU6SI1F1EmNRW9LjUUJTY1FoE6NRTpQjUXUUY1FbVONRQdV
jUWgVo1FOliNRdRZjUVtW41FCV2NRaBejUU6YI1F1mGNRW1jjUUJZY1FoGaNRQ==</AssayXData><AssayYData Points="25">PoApPyJHFj8htg0/CFUFP4BTAT+4XPo+nqT0Pm3o7T5qpOo+0FrkPpDU3z6PyNw+bx3aPs2D
0j7F8s8+mE3RPrOZyT6Kdco+2LDKPtZ1xD5xo8I+XWLCPnNvwD7/Cr8+Yue8Pg==</AssayYData></Step><Step><CommonData><SampleLocation>8</SampleLocation><SampleID>PBS</SampleID><SampleGroup></SampleGroup><SampleInfo></SampleInfo><SampleRow>B</SampleRow><SamplePlate>1</SamplePlate><WellType>NEUTRALIZATION</WellType><Concentration>-1</Concentration><ConcentrationUnits>µg/ml</ConcentrationUnits><MolarConcentration>-1</MolarConcentration><MolarConcUnits>nM</MolarConcUnits><MolecularWeight>0</MolecularWeight><Temperature>30</Temperature><StartTime>5173511</StartTime><AssayTime>5</AssayTime></CommonData><FlowRate>1000</FlowRate><StepType>KREGENERATION</StepType><StepName>Regeneration</StepName><StepStatus>OK</StepStatus><ActualTime>5.00078</ActualTime><CycleTime>0.2</CycleTime><AssayXData Points="25">OmiNRdRpjUVva41FB22NRaJujUU6cI1F1HGNRW1zjUUJdY1FoHaNRTp4jUXUeY1FcXuNRQd9
jUWifo1FPICNRdSBjUVtg41FB4WNRaCGjUU8iI1F1ImNRW2LjUUJjY1Foo6NRQ==</AssayXData><AssayYData Points="25">XvWBQFa4gkAeYoNAU5iDQGg5hEAJboRA35CEQEWxhECh64RALR6FQEhFhUAfYoVAbqOFQBrR
hUAa4oVAnRGGQJtHhkCBHIZANDuGQE9phkAEhYZAr2+GQEiuhkB/tYZAjqeGQA==</AssayYData></Step><Step><CommonData><SampleLocation>3</SampleLocation><SampleID>Octet Buffer</SampleID><SampleGroup></SampleGroup><SampleInfo></SampleInfo><SampleRow>A</SampleRow><SamplePlate>1</SamplePlate><WellType>BUFFER</WellType><Concentration>-1</Concentration><ConcentrationUnits>µg/ml</ConcentrationUnits><MolarConcentration>-1</MolarConcentration><MolarConcUnits>nM</MolarConcUnits><MolecularWeight>0</MolecularWeight><Temperature>30</Temperature><StartTime>5187916</StartTime><AssayTime>20</AssayTime></CommonData><FlowRate>1000</FlowRate><StepType>CUSTOM</StepType><StepName>Sensor Check</StepName><StepStatus>OK</StepStatus><ActualTime>19.9998</ActualTime><CycleTime>0.2</CycleTime><AssayXData Points="100">PJCNRdaRjUVvk41FCZWNRaSWjUU8mI1F1pmNRW+bjUUJnY1Fop6NRTygjUXWoY1FcaONRQul
jUWipo1FPKiNRdapjUVvq41FC62NRaKujUU8sI1F1rGNRXGzjUUJtY1ForaNRTy4jUXWuY1F
b7uNRQm9jUWkvo1FPMCNRdbBjUVxw41FCcWNRaLGjUU8yI1F2MmNRW/LjUULzY1FpM6NRT7Q
jUXY0Y1Fb9ONRQnVjUWi1o1FPNiNRdbZjUVx241FCd2NRaTejUU84I1F2OGNRW/jjUUJ5Y1F
ouaNRTzojUXW6Y1Fb+uNRQntjUWk7o1FQPCNRdbxjUVv841FCfWNRaL2jUU8+I1F1vmNRW/7
jUUJ/Y1Fov6NRTwAjkXWAY5FbwOORQsFjkWiBo5FPgiORdYJjkVvC45FCQ2ORaIOjkU8EI5F
1hGORW8TjkUJFY5FohaORTwYjkXWGY5FbxuORQsdjkWiHo5FPiCORdYhjkVvI45FCSWORaQm
jkU8KI5F1imORXErjkUJLY5Foi6ORQ==</AssayXData><AssayYData Points="100">q9eAQCvffUC6hntAywV6QJjDeEBy/XdAMMd3QNeed0DiUndACjh3QPGtd0BBXndA4ah3QGj4
d0B+zndAW+l3QFwyeECZQ3hAnU54QLCGeEDGm3hAprZ4QCAGeUBRG3lAayZ5QDVbeUB4XnlA
0nJ5QHhpeUB+q3lAZ8R5QKvVeUB58XlAzM15QADZeUD4GXpAhTh6QC0oekC/Q3pAWyh6QLRP
ekBhiXpAmpl6QKSTekBEyXpAH7d6QIeUekAtu3pAw/J6QJLKekCHuHpA3Bp7QAE4e0AtAXtA
RfR6QI5xe0Dwd3tA9Od6QKN/e0BDfntAKIp7QC2ye0A7h3tAOJ57QLfVe0D4sXtAsaB7QKiu
e0Cm6XtAdvp7QKrze0BQ6ntAhAN8QCXWe0Ab8XtA4Rl8QOclfEBxT3xAUxl8QHJyfEBaaXxA
e0V8QNZyfECYrXxAXhJ9QKeOfEBBhXxAF8x8QCyWfEAsvHxACe98QOPcfEC8kHxAtuR8QCHp
fECa1XxAVMd8QO7IfEAU9nxAjOp8QA==</AssayYData></Step><Step><CommonData><SampleLocation>19</SampleLocation><SampleID>SI-157X63_P5537</SampleID><SampleGroup></SampleGroup><SampleInfo></SampleInfo><SampleRow>A</SampleRow><SamplePlate>1</SamplePlate><WellType>KLOAD</WellType><Concentration>5</Concentration><ConcentrationUnits>µg/ml</ConcentrationUnits><MolarConcentration>5000</MolarConcentration><MolarConcUnits>nM</MolarConcUnits><MolecularWeight>0</MolecularWeight><Temperature>30</Temperature><StartTime>5219043</StartTime><AssayTime>120</AssayTime></CommonData><FlowRate>1000</FlowRate><StepType>LOADING</StepType><StepName>Loading</StepName><StepStatus>OK</StepStatus><ActualTime>120</ActualTime><CycleTime>0.2</CycleTime><AssayXData Points="600">PDCORdYxjkVxM45FCTWORaQ2jkU+OI5F1jmORXE7jkULPY5FpD6ORTxAjkXWQY5Fb0OORQtF
jkWiRo5FPkiORdZJjkVxS45FCU2ORaJOjkU+UI5F2FGORW9TjkUJVY5FpFaORT5YjkXYWY5F
b1uORQldjkWiXo5FPmCORdZhjkVvY45FC2WORaRmjkU8aI5F1mmORW9rjkUJbY5Fom6ORT5w
jkXWcY5Fb3OORQl1jkWido5FPHiORdZ5jkVve45FCX2ORdR+jkU+gI5F1oGORW+DjkULhY5F
pIaORTyIjkXWiY5FcYuORQmNjkWijo5FPpCORdaRjkVvk45FC5WORaKWjkU+mI5F1pmORW+b
jkUJnY5FpJ6ORTygjkXWoY5Fb6OORQmljkWipo5FPKiORdapjkVxq45FCa2ORaSujkU8sI5F
2LGORW+zjkUJtY5ForaORT64jkXYuY5FcbuORQm9jkWkvo5FPsCORdbBjkVxw45FCcWORaLG
jkU8yI5F1smORXHLjkUJzY5Fos6ORT7QjkXW0Y5Fb9OORQnVjkWk1o5FPNiORdbZjkVx245F
C92ORaTejkU84I5F1uGORXHjjkUJ5Y5FpOaORTzojkXW6Y5Fb+uORQntjkWi7o5FPvCORdbx
jkVv845FC/WORaT2jkU8+I5F1vmORW/7jkUL/Y5FpP6ORTwAj0XWAY9FbwOPRQsFj0WkBo9F
PAiPRdYJj0VvC49FCw2PRaIOj0U+EI9F1hGPRW8Tj0UJFY9FohaPRTwYj0XWGY9FbxuPRQkd
j0W/Ho9FPCCPRdYhj0VvI49FCSWPRaQmj0U8KI9F2CmPRW8rj0ULLY9Foi6PRT4wj0XYMY9F
cTOPRQk1j0WkNo9FPjiPRdY5j0VxO49FCT2PRaI+j0U8QI9F1kGPRW9Dj0UJRY9FokaPRTxI
j0XWSY9FcUuPRQlNj0WkTo9FPlCPRdZRj0VxU49FCVWPRaRWj0U8WI9F1lmPRW9bj0ULXY9F
pF6PRTxgj0XWYY9Fb2OPRQllj0WiZo9FPGiPRdZpj0Vva49FCW2PRaRuj0VAcI9F1nGPRXFz
j0ULdY9FpHaPRT54j0XYeY9FcXuPRQl9j0Wifo9FPICPRdiBj0Vvg49FCYWPRaKGj0U+iI9F
1omPRW+Lj0ULjY9Foo6PRTyQj0XWkY9FcZOPRQmVj0Wilo9FPJiPRdiZj0Vxm49FC52PRaKe
j0U8oI9F1qGPRW+jj0UJpY9FoqaPRTyoj0XYqY9Fb6uPRQutj0Wiro9FPrCPRdixj0Vxs49F
C7WPRaK2j0U+uI9F1rmPRW+7j0ULvY9Fy76PRTzAj0XYwY9Fb8OPRQvFj0Wkxo9FPMiPRdjJ
j0Vvy49FCc2PRaTOj0U80I9F2NGPRW/Tj0UJ1Y9FpNaPRTzYj0XW2Y9Fb9uPRQndj0Wk3o9F
POCPRdbhj0Vx449FCeWPRaLmj0U+6I9F2OmPRW/rj0UJ7Y9FpO6PRTzwj0XW8Y9FcfOPRQn1
j0Wi9o9FPPiPRdj5j0Vv+49FCf2PRaL+j0U8AJBF2AGQRXEDkEUJBZBFogaQRTwIkEXWCZBF
cQuQRQkNkEWiDpBFPhCQRdYRkEVvE5BFCxWQRaIWkEU8GJBF1hmQRXEbkEULHZBFpB6QRTwg
kEXWIZBFcSOQRQslkEWiJpBFPCiQRdYpkEVvK5BFCy2QRaIukEU8MJBF1jGQRXEzkEUJNZBF
ojaQRTw4kEXWOZBFbzuQRQs9kEWiPpBFPECQRdhBkEVvQ5BFCUWQRaRGkEU8SJBF1kmQRXFL
kEULTZBFok6QRT5QkEXWUZBFb1OQRQtVkEWiVpBFPliQRdhZkEVxW5BFC12QRfhekEU8YJBF
1mGQRXFjkEULZZBFpGaQRTxokEXWaZBFcWuQRQltkEWibpBFPnCQRdhxkEVvc5BFCXWQRaJ2
kEU8eJBF1nmQRXF7kEUJfZBFon6QRT6AkEXWgZBFb4OQRQuFkEWihpBFPIiQRdaJkEVvi5BF
CY2QRaSOkEU8kJBF1pGQRW+TkEUJlZBFpJaQRTyYkEXYmZBFb5uQRQmdkEWinpBFPKCQRdih
kEVvo5BFC6WQRaKmkEU+qJBF1qmQRW+rkEULrZBFoq6QRT6wkEXWsZBFb7OQRQm1kEWktpBF
PLiQRda5kEVvu5BFC72QRaK+kEU8wJBF2MGQRXHDkEUJxZBFpMaQRTzIkEXYyZBFb8uQRQnN
kEWizpBFPNCQRdjRkEVv05BFC9WQRaLWkEU+2JBF2NmQRXHbkEUL3ZBFot6QRTzgkEXY4ZBF
b+OQRQvlkEWi5pBFPuiQRdjpkEVx65BFC+2QRaLukEU88JBF1vGQRXPzkEUJ9ZBFpPaQRTz4
kEXW+ZBFb/uQRQn9kEXi/pBFPACRRdYBkUVvA5FFCQWRRaQGkUU8CJFF2AmRRW8LkUULDZFF
og6RRTwQkUXWEZFFbxORRQkVkUWkFpFFPBiRRdYZkUVvG5FFCx2RRaIekUU+IJFF2CGRRXEj
kUUJJZFFoiaRRTwokUXYKZFFbyuRRQktkUWiLpFFPjCRRdYxkUVvM5FFCzWRRaI2kUU+OJFF
1jmRRW87kUUJPZFFpD6RRTxAkUXWQZFFb0ORRQtFkUWkRpFFPEiRRdZJkUVxS5FFCU2RRaJO
kUU+UJFF2FGRRXFTkUULVZFFpFaRRTxYkUXWWZFFb1uRRQldkUWiXpFFPGCRRdhhkUVvY5FF
CWWRRaJmkUU8aJFF1mmRRXFrkUUJbZFFpG6RRT5wkUXWcZFFcXORRQl1kUWidpFFPHiRRdZ5
kUVxe5FFCX2RRaR+kUU8gJFF2IGRRXGDkUUJhZFFpIaRRTyIkUXWiZFFb4uRRQmNkUWkjpFF
PJCRRdiRkUVvk5FFC5WRRaSWkUU+mJFF2JmRRW+bkUUJnZFFzZ6RRZigkUXcoZFFcaORRQml
kUWkppFFPKiRRdapkUVvq5FFCa2RRaKukUU8sJFF2LGRRXGzkUUJtZFForaRRTy4kUXWuZFF
b7uRRQu9kUWivpFFPMCRRdjBkUVvw5FFCcWRRaLGkUU8yJFF2MmRRW/LkUUJzZFFos6RRTzQ
kUXW0ZFFb9ORRQvVkUWk1pFFPtiRRdbZkUVx25FFCd2RRaTekUU84JFF2OGRRXHjkUUJ5ZFF
ouaRRT7okUXW6ZFFceuRRQntkUWi7pFF</AssayXData><AssayYData Points="600">KRp8QNYRfUD6XH1AlK99QL6rfUDpQn5A4RZ+QAiMfkDAo35ADu1+QB/2fkAeTX9AOiJ/QH+t
f0BTBoBAkMN/QJMMgECoKoBAgkCAQAxYgECbOYBAK46AQE5WgEBSqIBAA7KAQFusgEC3u4BA
EQmBQA3fgEBDHoFAWy+BQCovgUBJR4FAH4mBQF15gUCFfIFAhY2BQCqogUCEsYFAY8mBQHrq
gUAWB4JAxx6CQGdMgkCqGIJAaEuCQBBbgkAweIJAdnqCQO+igkD4g4JAYLGCQKfFgkCyxoJA
99eCQLrdgkDo9IJADQaDQHcXg0DaMoNAT1aDQOpJg0DncoNAhX6DQNCag0B9vYNAm7ODQB7I
g0AC6INA/PGDQJwAhEBe+INAsSWEQDAxhEC3UoRAxm+EQD1RhECzj4RALZiEQFCUhEBdh4RA
XcuEQAbIhEB73IRANQyFQE73hEDgBYVAYQuFQI0UhUAIHIVAlWmFQCJkhUBwhYVAz4CFQIqD
hUDth4VAcJ+FQC/QhUD5yYVAxOSFQDzjhUCT54VAPwiGQNI1hkCtLIZAsB6GQPdRhkDIdYZA
akWGQEmJhkAviYZAp4KGQDaihkDu0IZA3bGGQF7DhkDq5IZAAtuGQE3whkCy8YZA8/aGQIUc
h0CwE4dArxiHQPQTh0AxZIdAO0uHQJRbh0AzkIdAwIyHQOCFh0C7hYdA/JeHQIaoh0Bj1YdA
UheIQAXXh0B52odAKjKIQOkRiEBZCIhAzUqIQAMviEBDBIhAeFCIQOhaiEBwY4hAHpyIQJ6I
iEDsoohA8KuIQDDgiEDt1ohAHtuIQDn2iEDu4ohAexGJQFsliUBEGIlAew2JQG1EiUDGSolA
9D+JQItuiUDMbIlAfXOJQLWSiUDemYlAAXCJQMehiUA93IlA9KCJQOKYiUCG/olAyOOJQO7V
iUAICYpAhueJQOz/iUDU5IlA31KKQJMzikDLXIpAFFaKQGJCikDBYYpAO1aKQKZbikBmg4pA
k5SKQByVikALgYpAnuKKQNW7ikASy4pASL2KQObYikApAItAKASLQL0Di0CW8opASiSLQG0v
i0CXJYtAYRmLQNori0CsS4tA8S2LQC9ui0AzVotAvpWLQD2Ni0AlcItA13yLQASqi0BLqotA
TayLQCK1i0CHyItAYKiLQE28i0DW/otAov+LQIMNjECC5YtAYQ6MQNMdjECHHIxALFmMQB1M
jED0KYxA6UyMQN4njEBIYYxAZl+MQPZXjEBuZoxAMYeMQAacjEBlgIxAjaiMQHq0jEBZkYxA
SNWMQD+7jEBUl4xAGcWMQPfljECX3oxAoOyMQOIojUCC7YxAPCCNQL75jEDkEY1AmiSNQElR
jUCSHI1AOjaNQPtWjUAIR41AyDONQFpqjUD2U41AAYmNQH5wjUDSmI1AGWuNQHeBjUDxm41A
FJuNQAuWjUDJuo1ATtCNQJ6hjUBO541A+N2NQEz0jUBR3o1AKgqOQA7qjUA8Do5AHO+NQKMM
jkBFMo5AcTKOQIMNjkB2NI5AiDaOQMQdjkCxMI5AiWyOQB1IjkCXNo5AE3GOQLeGjkCeWo5A
sX6OQKtvjkAof45ABGiOQAmYjkDqfY5Aq36OQE+vjkB5n45A5aCOQPvIjkAHt45AVNWOQKLD
jkB8/o5AqPCOQETcjkAREo9A8/yOQE7/jkAvCo9ArQaPQH8ij0ClG49Ali+PQCkoj0A+Io9A
7BqPQLg6j0Cbe49AOi+PQOY3j0CjLo9ATHiPQDBgj0BLk49AOX2PQMhnj0DXkI9AdauPQD2u
j0B7qY9AF7KPQCXFj0B6t49AhvKPQJCvj0DwkI9ApZePQAjtj0A93Y9AldOPQLzij0Ba4I9A
/9uPQKINkED2249AORaQQE8XkED4CZBAcP+PQHcmkEBuCJBAbBuQQFxbkEArHpBA5iGQQNpA
kEDmT5BAPzaQQHIpkEDlbZBAzkaQQNOQkEB0cZBAf3qQQIt6kEAVlJBAApyQQHubkED0jZBA
eYOQQKO8kEDHo5BA+q6QQIewkEBDu5BAOdyQQIStkEDUtpBAIt+QQC65kEDhuJBAcvqQQP7R
kEAR85BAW+WQQHjlkEDU5ZBArOmQQJETkUA0/pBA+yCRQEP7kEBFMpFAbRGRQH/9kEAmBZFA
4gSRQEwRkUDrGZFA4TWRQBgakUDeU5FAfzaRQBNYkUCgQpFARkKRQNRDkUAlhZFAn2SRQAZr
kUBtYJFAKGmRQHVjkUDWj5FAoW2RQC9hkUCrjJFA3ZyRQMB9kUCTo5FACpGRQHGbkUAdmZFA
wcyRQKarkUDXwZFA0raRQNzCkUBUoJFA39aRQKHHkUBOupFA3CqSQLrskUCa9pFAUzCSQCID
kkB3+ZFAcR6SQEUYkkCsLZJAc0eSQIQ8kkDOIJJAvxmSQDoskkDWGZJAcCSSQNNnkkAiTZJA
8VWSQOh8kkDIX5JABFWSQChWkkBeSZJA+WWSQAx0kkBhgZJANWiSQOR9kkBLi5JACo6SQAR0
kkCtZJJAoWKSQDiKkkCrqpJAWIKSQKTBkkCVtpJAVKySQDqmkkDm45JAg8GSQAOVkkDH5JJA
7+2SQLTTkkCK8pJAnuGSQAvRkkBC8ZJAycaSQMPDkkB5GZNADveSQFzykkCe3ZJADRuTQPDz
kkC+/pJAiQqTQKAfk0BbB5NAnxyTQHQ9k0CQ/JJApC6TQFE7k0A8IZNATwuTQMJSk0BUDZNA
hCSTQFE5k0BOQJNAQkSTQGNMk0CXOJNAWj6TQN9pk0AeN5NAXVyTQBSKk0AphJNAWFOTQO6G
k0Bkk5NAfHiTQLSXk0DRhpNAGZeTQOR9k0DJtJNAvZqTQIKlk0AEh5NATY6TQM5tk0CMq5NA
tqWTQMesk0AD75NACs2TQMauk0ChuZNAcdSTQBKlk0Aly5NAJNSTQLbkk0Di0ZNAN/KTQFDg
k0Dr1JNAiOaTQMkOlEBaBJRAGd6TQP3ek0Cy/5NAr+eTQJ8hlECwEpRAHwWUQM8nlEC+L5RA
sBCUQN8hlEAzD5RAaSmUQFIylEBL9ZNAqw6UQMwclEB/LZRAXBmUQMVHlEADQpRA7jqUQJ48
lEDxZpRAfCmUQJJWlEANbZRAiWGUQGJdlECre5RA312UQAhilEBIcZRAFkmUQGFllECvdpRA
LFyUQBNZlEBySpRAUYeUQFVklEDwgJRA</AssayYData></Step><Step><CommonData><SampleLocation>3</SampleLocation><SampleID>Octet Buffer</SampleID><SampleGroup></SampleGroup><SampleInfo></SampleInfo><SampleRow>A</SampleRow><SamplePlate>1</SamplePlate><WellType>BUFFER</WellType><Concentration>-1</Concentration><ConcentrationUnits>µg/ml</ConcentrationUnits><MolarConcentration>-1</MolarConcentration><MolarConcUnits>nM</MolarConcUnits><MolecularWeight>0</MolecularWeight><Temperature>30</Temperature><StartTime>5350133</StartTime><AssayTime>100</AssayTime></CommonData><FlowRate>1000</FlowRate><StepType>BASELINE</StepType><StepName>Baseline</StepName><StepStatus>OK</StepStatus><ActualTime>99.9998</ActualTime><CycleTime>0.2</CycleTime><AssayXData Points="500">PPCRRdjxkUVv85FFCfWRRaL2kUU8+JFF1vmRRW/7kUUL/ZFFpP6RRTwAkkXWAZJFbwOSRQsF
kkWkBpJFPAiSRdYJkkVxC5JFCw2SRaIOkkU8EJJF1hGSRW8TkkUJFZJFohaSRT4YkkXWGZJF
bxuSRQsdkkWiHpJFPCCSRdghkkVvI5JFCSWSRaImkkU8KJJF1imSRXErkkUJLZJFoi6SRT4w
kkXYMZJFbzOSRQk1kkWiNpJFPDiSRdg5kkVxO5JFCT2SRaI+kkU8QJJF1kGSRXFDkkULRZJF
okaSRT5IkkXWSZJFb0uSRQlNkkWiTpJFPlCSRdhRkkVvU5JFCVWSRaRWkkU8WJJF1lmSRXFb
kkUJXZJFol6SRTxgkkXYYZJFcWOSRQtlkkWiZpJFPmiSRdZpkkVva5JFCW2SRaJukkU+cJJF
1nGSRW9zkkULdZJFonaSRT54kkXWeZJFb3uSRQl9kkWifpJFPICSRdaBkkVvg5JFC4WSRaSG
kkU8iJJF2ImSRW+LkkUJjZJFpI6SRT6QkkXYkZJFb5OSRQmVkkWilpJFPJiSRdaZkkVvm5JF
C52SRaKekkU+oJJF2KGSRW+jkkUJpZJFpKaSRT6okkXYqZJFb6uSRQmtkkWkrpJFPLCSRdax
kkVvs5JFCbWSRaS2kkU+uJJF1rmSRXG7kkUJvZJFor6SRTzAkkXWwZJFccOSRQnFkkWkxpJF
PsiSRdbJkkVvy5JFCc2SRaTOkkU+0JJF1tGSRW/TkkUL1ZJFotaSRT7YkkXW2ZJFb9uSRQnd
kkWi3pJFPOCSRdbhkkVv45JFC+WSRaTmkkU86JJF1umSRXHrkkUJ7ZJFou6SRTzwkkXW8ZJF
b/OSRQv1kkWi9pJFPPiSRdb5kkVx+5JFC/2SRaL+kkU+AJNF1gGTRW8Dk0ULBZNFogaTRTwI
k0XYCZNFcQuTRQkNk0WkDpNFPhCTRdYRk0VvE5NFCxWTRaIWk0U8GJNF1hmTRW8bk0ULHZNF
oh6TRTwgk0XWIZNFcSOTRQklk0WkJpNFPiiTRdYpk0VvK5NFCS2TRaIuk0U8MJNF2DGTRW8z
k0UJNZNFojaTRT44k0XWOZNFcTuTRQs9k0WkPpNFPkCTRdZBk0VxQ5NFCUWTRaJGk0U8SJNF
1kmTRXFLk0UJTZNFok6TRT5Qk0XYUZNFcVOTRQlVk0WiVpNFPliTRdhZk0VvW5NFCV2TRaJe
k0U+YJNF1mGTRW9jk0UJZZNFomaTRT5ok0XWaZNFb2uTRQltk0WkbpNFPnCTRdZxk0Vvc5NF
CXWTRaR2k0U8eJNF1nmTRW97k0ULfZNFon6TRT6Ak0XWgZNFcYOTRQuFk0WkhpNFPoiTRdiJ
k0Vvi5NFC42TRaKOk0U+kJNF2JGTRXGTk0ULlZNFopaTRT6Yk0XWmZNFb5uTRQmdk0WinpNF
PqCTRdihk0Vvo5NFCaWTRaKmk0U8qJNF1qmTRW+rk0UJrZNFoq6TRTywk0XYsZNFb7OTRQu1
k0WitpNFPLiTRda5k0Vvu5NFCb2TRaK+k0U+wJNF1sGTRXHDk0UJxZNFosaTRT7Ik0XWyZNF
ccuTRQnNk0WkzpNFPtCTRdbRk0Vv05NFC9WTRaLWk0U+2JNF2NmTRW/bk0UJ3ZNFot6TRUDg
k0XW4ZNFb+OTRQnlk0Wk5pNFPuiTRdjpk0Vv65NFC+2TRaLuk0U+8JNF1vGTRXHzk0UJ9ZNF
pPaTRTz4k0XW+ZNFcfuTRQn9k0Wi/pNFPACURdYBlEVvA5RFCQWURaQGlEU8CJRF1gmURW8L
lEUJDZRFpA6URTwQlEXWEZRFbxOURQkVlEWkFpRFPBiURdYZlEVvG5RFCR2URaQelEU8IJRF
1iGURW8jlEUJJZRFoiaURTwolEXWKZRFcSuURQktlEWkLpRFPjCURdYxlEVvM5RFCzWURaI2
lEU+OJRF2DmURXE7lEULPZRFoj6URT5AlEXYQZRFcUOURQlFlEWkRpRFPkiURdhJlEVvS5RF
C02URaJOlEU8UJRF2FGURW9TlEUJVZRFpFaURTxYlEXWWZRFb1uURQtdlEWiXpRFPmCURdhh
lEVvY5RFC2WURaJmlEU+aJRF1mmURXFrlEUJbZRFom6URT5wlEXYcZRFb3OURQt1lEWidpRF
PniURdZ5lEVve5RFCX2URaR+lEU8gJRF1oGURXGDlEUJhZRFooaURT6IlEXYiZRFb4uURQmN
lEWijpRFPJCURdaRlEVxk5RFCZWURaSWlEU+mJRF1pmURXGblEUJnZRFop6URTyglEXWoZRF
caOURQmllEWkppRFPKiURdaplEVxq5RFCa2URaKulEU+sJRF2LGURW+zlEULtZRFpLaURTy4
lEXWuZRFcbuURQm9lEWivpRFPMCURdbBlEVvw5RFC8WURaLGlEU+yJRF2MmURW/LlEUJzZRF
os6URT7QlEXW0ZRFcdOURQvVlEWi1pRFPNiURdbZlEVx25RFCd2URaTelEU84JRF2OGURW/j
lEUJ5ZRFpOaURTzolEXY6ZRFceuURQntlEWk7pRFPPCURdjxlEVv85RFCfWURaL2lEU8+JRF
1vmURXH7lEUJ/ZRFov6URTwAlUXWAZVFbwOVRQkFlUWkBpVFPgiVRdgJlUVxC5VFCQ2VRaIO
lUU=</AssayXData><AssayYData Points="500">VSOUQFJ6lEC8U5RA/VyUQAmWlEDDs5RAmZ+UQNTElEA5rZRAp8CUQB7FlEC2w5RA0NGUQFfU
lECZ25RAwOSUQJDplEA43ZRAKM6UQHCqlECqApVALvSUQOThlEBV+pRAnuSUQM7olEBl75RA
Ft6UQLXnlECQHJVAkvSUQHASlUDJ7JRAgBCVQFb9lEC7BZVANOyUQIAdlUB8IJVAGPaUQFcZ
lUCx+pRALxaVQOkflUCJJJVA7AWVQCsRlUDiCJVAMCCVQJYQlUDG9pRAtBeVQB4IlUCNGZVA
+RKVQAHzlECuL5VAnAKVQO4jlUAx+JRAABqVQDoPlUCtIJVA0uqUQIUtlUCuPpVAdRmVQJbx
lED4K5VAj/6UQMAjlUBOHpVAryaVQO4FlUBnL5VAOUSVQBcllUChJZVAwAmVQGYjlUABEJVA
VxqVQOwklUDlIZVAgy+VQOQalUB8KJVAwyiVQO09lUB425RA+/eUQDEblUBLBpVA4faUQDwa
lUAJG5VAkh6VQFg5lUCJEZVA6yuVQIoUlUCCOJVAIjuVQMtflUDj/ZRAAC6VQPwqlUDpGZVA
wCiVQHw9lUAyNpVA6ByVQB5PlUATJJVASkeVQOwklUBOOpVAGB+VQNJKlUDtRZVAzTuVQHww
lUAvT5VAjCOVQMZAlUDtMpVAe0iVQFYxlUDiO5VA1DaVQPEylUBdKpVAtleVQAZPlUCPSZVA
Q1CVQNVHlUAzQZVAxkyVQFgtlUAWPpVAUVyVQGUzlUAULZVAC2SVQN48lUDpIpVA0TWVQIRf
lUCTaZVACVuVQHc7lUCtTJVAZ0OVQOpWlUAjWZVAQkCVQGU3lUCCU5VAukCVQMtJlUCgT5VA
R0eVQBw+lUAoRJVAfkuVQNsvlUBCPpVA81KVQMpWlUB2V5VA6jOVQL80lUDWVZVAIE6VQI9H
lUD3NJVAg1eVQA1alUCYcJVAd1qVQJNNlUCPbZVAjDyVQLRflUCkU5VA03CVQKA7lUB1QpVA
m2uVQAFilUCpTZVAvmCVQGBelUAEMZVANkmVQBRLlUAOZZVAx0uVQKhelUDxbJVAFiqVQNww
lUApRpVA7IiVQOdblUC0WZVAYICVQJZmlUAecZVArXyVQBlslUCXNJVAz2aVQNJflUBhU5VA
lmuVQPp/lUBdaJVATmmVQGtwlUCUe5VARV+VQLeLlUDLQZVAaI2VQHB1lUBRjJVA1neVQLV7
lUCJYJVAAFGVQCV5lUCxSpVA1XeVQGhllUD7SZVALFSVQBJtlUD+UpVAsKKVQN9vlUALaJVA
Q1+VQMxjlUBXZ5VAoX+VQApzlUBHTpVAxH2VQD5mlUDUhZVAonGVQCWmlUDaepVA8JWVQN5y
lUAWcJVAuGOVQBWBlUDbT5VAVnKVQH5wlUCfm5VAh4eVQO6XlUBRopVAkGuVQN2GlUDsfZVA
90OVQGeGlUCAdpVAUHCVQKOElUAggJVATW6VQBCklUCxhJVAmIiVQJaJlUCtl5VAd7GVQLCE
lUCbYZVAHoyVQMhrlUDjg5VASY2VQJyVlUDBipVACZaVQLiUlUDrnpVAsoSVQH2glUCFgpVA
QoOVQOFYlUAleZVAFoaVQMSrlUD/g5VAXWyVQFiUlUDvu5VAoqWVQKa0lUBTi5VA/IiVQLN1
lUCApJVAcY6VQPZ4lUD4d5VA/4yVQGuolUBRj5VAtICVQGZwlUDSqZVAeI6VQBqDlUBkmZVA
+VqVQA+blUDogZVAKpWVQDWulUD/xpVAs4KVQDWZlUDZ05VAuJSVQDWRlUDiZZVAM3WVQJp3
lUCzgZVArHSVQDlSlUBmi5VAG2WVQOWGlUBaYpVAx4aVQLmDlUAJS5VAvXWVQFdtlUAMjpVA
wpOVQHPAlUAmn5VArY6VQAi2lUCpf5VACnuVQH2elUApiZVApKiVQDSHlUD7q5VA+cSVQPCn
lUCPfZVAuZ2VQN2ilUBji5VAA4yVQFh3lUBOq5VA73yVQJWhlUDmfZVAB6GVQF5slUAyjpVA
KnOVQIyulUDVipVA5oyVQNiZlUA+nZVAr3OVQDSdlUBjrJVA47CVQM+blUARo5VA842VQPSf
lUAQgZVADMCVQOiTlUD9YpVAZYeVQH2hlUBUopVAeZOVQBGxlUDRlZVAwbaVQGKjlUCrqpVA
9J6VQBe2lUDEqZVA+LCVQGG7lUDPp5VATMWVQHHUlUAMsJVALc2VQIvblUCVwZVAkdGVQLzB
lUCWr5VA2u+VQEnOlUCX2ZVAtdSVQLi7lUBm15VAWcSVQG3ClUDA9JVAatKVQEHelUBJx5VA
X6+VQDq5lUAH6ZVAjbWVQGbMlUAF3JVAmbKVQByqlUAtvJVA8tmVQMS/lUDryZVAcbeVQIC9
lUD/w5VAiuOVQBrOlUAgppVASsyVQL7JlUBA35VA1+iVQLLBlUA4spVAceuVQOq7lUCCv5VA
T8WVQMLflUDJh5VAeauVQKXalUDQtpVAK62VQMXelUDLvZVAL8GVQBXJlUCe2JVA5OSVQMPc
lUCm1JVA0LqVQOeXlUB8xJVAcMSVQAbJlUBpzZVAWc2VQJndlUC585VA6NiVQPT3lUBz0pVA
uNOVQHDnlUD0AJZAkOCVQN0DlkDL1pVAGcuVQAnrlUC70JVAxMeVQP3QlUB+85VAHhOWQLPX
lUA=</AssayYData></Step><Step><CommonData><SampleLocation>4</SampleLocation><SampleID>hsCD3d/e_Acro_CDD-H52W1</SampleID><SampleGroup></SampleGroup><SampleInfo></SampleInfo><SampleRow>A</SampleRow><SamplePlate>1</SamplePlate><WellType>KSAMPLE</WellType><Concentration>-1</Concentration><ConcentrationUnits>µg/ml</ConcentrationUnits><MolarConcentration>200</MolarConcentration><MolarConcUnits>nM</MolarConcUnits><MolecularWeight>0</MolecularWeight><Temperature>30</Temperature><StartTime>5458412</StartTime><AssayTime>180</AssayTime></CommonData><FlowRate>1000</FlowRate><StepType>ASSOC</StepType><StepName>Association</StepName><StepStatus>OK</StepStatus><ActualTime>180.001</ActualTime><CycleTime>0.2</CycleTime><AssayXData Points="900">PBCVRdgRlUVvE5VFERWVRaIWlUU8GJVF2BmVRW8blUUJHZVFoh6VRTwglUXWIZVFbyOVRQsl
lUWkJpVFPCiVRdYplUVxK5VFCS2VRaIulUU+MJVF2DGVRW8zlUUJNZVFojaVRT44lUXYOZVF
cTuVRQk9lUWiPpVFPkCVRdhBlUVvQ5VFCUWVRaJGlUU+SJVF1kmVRXFLlUUJTZVFok6VRTxQ
lUXWUZVFb1OVRQlVlUWiVpVFPFiVRdZZlUVvW5VFCV2VRaJelUU8YJVF1mGVRQ1klUVTZZVF
pGaVRTxolUXWaZVFb2uVRQttlUWkbpVFPHCVRdhxlUVvc5VFC3WVRaR2lUU8eJVF1nmVRW97
lUUJfZVFpH6VRTyAlUXWgZVFb4OVRQmFlUWkhpVFPIiVRdiJlUVxi5VFC42VRaKOlUU+kJVF
1pGVRW+TlUULlZVFopaVRT6YlUXWmZVFb5uVRQmdlUWinpVFPqCVRdihlUVvo5VFDaWVRaKm
lUU8qJVF1qmVRW+rlUULrZVFoq6VRTywlUXWsZVFb7OVRQm1lUWitpVFPLiVRda5lUVvu5VF
C72VRaK+lUU+wJVF1sGVRW/DlUUJxZVFpMaVRT7IlUXYyZVFb8uVRQvNlUWkzpVFPNCVRdbR
lUVx05VFCdWVRaTWlUU82JVF1tmVRXHblUUJ3ZVFpN6VRTzglUXW4ZVFceOVRQnllUWi5pVF
PuiVRdbplUVx65VFCe2VRaTulUU88JVF2PGVRXHzlUUL9ZVFovaVRTz4lUXW+ZVFcfuVRQv9
lUWi/pVFPACWRdYBlkUZBJZFXwWWRaIGlkU8CJZF1gmWRXELlkUJDZZFog6WRT4QlkXWEZZF
cROWRQkVlkWiFpZFPBiWRdYZlkVvG5ZFCR2WRaIelkU+IJZF1iGWRW8jlkUJJZZFpCaWRTwo
lkXYKZZFbyuWRQ0tlkWiLpZFPDCWRdYxlkVvM5ZFCTWWRaQ2lkU+OJZF1jmWRXE7lkUJPZZF
oj6WRTxAlkXWQZZFb0OWRQtFlkWkRpZFPEiWRdZJlkVvS5ZFCU2WRaJOlkU8UJZF1lGWRW9T
lkULVZZFolaWRTxYlkXYWZZFb1uWRQtdlkWkXpZFPGCWRdZhlkVvY5ZFCWWWRaJmlkU+aJZF
1mmWRW9rlkULbZZFpG6WRT5wlkXWcZZFb3OWRQl1lkWidpZFPHiWRdZ5lkVve5ZFC32WRaR+
lkU+gJZF1oGWRW+DlkUJhZZFooaWRTyIlkXWiZZFb4uWRQmNlkWijpZFPJCWRdiRlkVvk5ZF
C5WWRaKWlkU+mJZF2JmWRW+blkULnZZFpJ6WRTyglkXYoZZFBaSWRUyllkWippZFPKiWRdap
lkVxq5ZFCa2WRaKulkU8sJZF2LGWRW+zlkUJtZZForaWRT64lkXWuZZFcbuWRQu9lkWkvpZF
PMCWRdbBlkVvw5ZFC8WWRaLGlkU8yJZF2MmWRW/LlkULzZZFos6WRTzQlkXW0ZZFcdOWRQnV
lkWi1pZFPtiWRdbZlkVv25ZFC92WRaLelkU+4JZF2OGWRW/jlkUJ5ZZFpOaWRTzolkXY6ZZF
b+uWRQntlkWi7pZFPvCWRdbxlkVx85ZFC/WWRaT2lkU++JZF1vmWRW/7lkUJ/ZZFpP6WRTwA
l0XYAZdFbwOXRQsFl0WiBpdFPAiXRdYJl0VvC5dFCQ2XRaIOl0U8EJdF1hGXRW8Tl0UJFZdF
ohaXRT4Yl0XYGZdFbxuXRQsdl0WkHpdFPCCXRdYhl0VxI5dFCSWXRaIml0U+KJdF2CmXRW8r
l0ULLZdFoi6XRT4wl0XYMZdFcTOXRQk1l0WiNpdFPDiXRdg5l0VvO5dFCz2XRaQ+l0U+QJdF
2EGXRc9Dl0UVRZdFpEaXRTxIl0XWSZdFb0uXRQtNl0WkTpdFPlCXRdZRl0VvU5dFCVWXRaJW
l0U+WJdF2FmXRW9bl0ULXZdFol6XRTxgl0XYYZdFb2OXRQlll0WiZpdFPGiXRdZpl0Vxa5dF
C22XRaJul0U8cJdF2HGXRW9zl0UJdZdFonaXRTx4l0XWeZdFcXuXRQl9l0WkfpdFPICXRdaB
l0Vxg5dFCYWXRaSGl0U8iJdF1omXRW+Ll0ULjZdFoo6XRTyQl0XYkZdFb5OXRQmVl0WilpdF
PJiXRdaZl0Vxm5dFC52XRaSel0U+oJdF1qGXRXGjl0ULpZdFoqaXRTyol0XWqZdFcauXRQut
l0WkrpdFPrCXRdaxl0Vxs5dFCbWXRaS2l0U8uJdF1rmXRW+7l0UJvZdFor6XRTzAl0XYwZdF
b8OXRQvFl0WixpdFPMiXRdbJl0Vvy5dFC82XRaTOl0U80JdF1tGXRW/Tl0UJ1ZdFotaXRTzY
l0XY2ZdFb9uXRQndl0Wk3pdFPOCXRdbhl0Vv45dFCeWXRaLml0U86JdF1umXRXHrl0UL7ZdF
ou6XRT7wl0XW8ZdFcfOXRQn1l0Wk9pdFPPiXRdj5l0Vv+5dFC/2XRaL+l0U+AJhF1gGYRW8D
mEULBZhFogaYRTwImEXWCZhFbwuYRQkNmEWiDphFPhCYRdYRmEVvE5hFCRWYRaIWmEU8GJhF
1hmYRW8bmEULHZhFoh6YRT4gmEXWIZhFcSOYRQklmEWiJphFPiiYRdYpmEVxK5hFCy2YRaQu
mEU+MJhF1jGYRXEzmEUJNZhFojaYRTw4mEXWOZhFbzuYRQk9mEWkPphFPkCYRdZBmEVvQ5hF
CUWYRaJGmEU8SJhF2EmYRW9LmEUJTZhFok6YRTxQmEXWUZhFb1OYRQtVmEWkVphFPFiYRdZZ
mEVxW5hFCV2YRaRemEU8YJhF2GGYRW9jmEUJZZhFomaYRT5omEXWaZhFcWuYRQttmEWkbphF
PHCYRdZxmEVxc5hFCXWYRaR2mEU8eJhF2HmYRW97mEUJfZhFon6YRTyAmEXWgZhFCYSYRU6F
mEWkhphFPoiYRdaJmEVvi5hFCY2YRaSOmEU+kJhF2JGYRW+TmEUJlZhFopaYRT6YmEXWmZhF
b5uYRQudmEWknphFPKCYRdahmEVxo5hFCaWYRaKmmEU+qJhF2KmYRW+rmEULrZhFoq6YRT6w
mEXYsZhFb7OYRQm1mEWitphFPLiYRda5mEVxu5hFCb2YRaK+mEU8wJhF2sGYRXHDmEUJxZhF
osaYRTzImEXWyZhFb8uYRQnNmEWizphFPtCYRdbRmEVx05hFCdWYRaLWmEU82JhF2NmYRXHb
mEUJ3ZhFpN6YRTzgmEXW4ZhFb+OYRQnlmEWk5phFPOiYRdbpmEVv65hFCe2YRaLumEU88JhF
2PGYRXHzmEUJ9ZhFpPaYRTz4mEXY+ZhFb/uYRQn9mEWi/phFPACZRdgBmUVxA5lFCwWZRaIG
mUU8CJlF2AmZRXELmUULDZlFog6ZRTwQmUXWEZlFcROZRQkVmUWiFplFPBiZRdYZmUVxG5lF
Cx2ZRaIemUU8IJlF1iGZRfQjmUU4JZlFoiaZRTwomUXYKZlFbyuZRQstmUWkLplFPjCZRdgx
mUVvM5lFCTWZRaQ2mUU8OJlF2DmZRXE7mUUJPZlFpD6ZRT5AmUXWQZlFb0OZRQlFmUWkRplF
PkiZRdZJmUVvS5lFCU2ZRaROmUU8UJlF1lGZRW9TmUULVZlFolaZRT5YmUXWWZlFb1uZRQld
mUWkXplFPGCZRdZhmUVvY5lFCWWZRaJmmUU8aJlF2GmZRW9rmUULbZlFom6ZRT5wmUXWcZlF
b3OZRQt1mUWidplFPniZRdZ5mUVxe5lFCX2ZRaR+mUU8gJlF2IGZRW+DmUULhZlFooaZRT6I
mUXWiZlFb4uZRQmNmUWkjplFPJCZRdaRmUVxk5lFCZWZRaKWmUU8mJlF1pmZRW+bmUUJnZlF
pJ6ZRT6gmUXWoZlFcaOZRQmlmUWipplFPKiZRdapmUVvq5lFCa2ZRaSumUU+sJlF1rGZRW+z
mUULtZlForaZRT64mUXWuZlFb7uZRQu9mUWivplFPsCZRdjBmUUfxJlFZcWZRa3GmUU8yJlF
2MmZRW/LmUULzZlFos6ZRTzQmUXW0ZlFb9OZRQnVmUWi1plFPNiZRdbZmUVx25lFC92ZRaLe
mUU84JlF2OGZRW/jmUUJ5ZlFouaZRTzomUXW6ZlFceuZRQvtmUWi7plFPPCZRdbxmUVv85lF
CfWZRaT2mUU8+JlF2PmZRW/7mUUJ/ZlFov6ZRTwAmkXWAZpFcQOaRQkFmkWiBppFPgiaRdYJ
mkVvC5pFCw2aRaIOmkU+EJpF2BGaRW8TmkULFZpFohaaRT4YmkXWGZpFbxuaRQkdmkWkHppF
PiCaRdYhmkVvI5pFCSWaRaImmkU8KJpF1imaRW8rmkULLZpFpC6aRTwwmkXWMZpFbzOaRQk1
mkWkNppFPDiaRdg5mkVxO5pFCT2aRaI+mkU8QJpF2EGaRW9DmkUJRZpFokaaRT5ImkXWSZpF
b0uaRQlNmkWiTppFPFCaRdZRmkVvU5pFCVWaRaJWmkU8WJpF2FmaRXFbmkUJXZpFol6aRTxg
mkXYYZpFC2SaRU5lmkWiZppFPGiaRdhpmkVva5pFC22aRaJumkU8cJpF2HGaRW9zmkULdZpF
onaaRT54mkXWeZpFcXuaRQl9mkWifppFPoCaRdiBmkVvg5pFC4WaRaKGmkU8iJpF1omaRW+L
mkUJjZpFpI6aRTyQmkXWkZpFcZOaRQmVmkWilppFPpiaRdaZmkVvm5pFCZ2aRaSemkU8oJpF
2KGaRXGjmkULpZpFpKaaRTyomkXWqZpFcauaRQmtmkWkrppF</AssayXData><AssayYData Points="900">BIKVQBiylUCm+5VADjWWQJM/lkDPZZZAWlKWQGtplkAsiZZAtlqWQCiRlkDXiZZATmKWQNq5
lkAbjpZAj4iWQH6RlkBFo5ZAKJOWQECklkBs15ZAtaCWQEzPlkADn5ZAeIaWQDySlkA+x5ZA
35qWQMqqlkB9i5ZAPq2WQHrClkBvsZZAOsuWQL+glkBnt5ZAq8iWQMuwlkAErJZAy8eWQPnC
lkBX3JZA/sqWQFW7lkBR15ZAy9qWQMPulkB65JZAUtWWQMHGlkApxpZA6+mWQEnalkCw75ZA
AfOWQHS1lkBWvZZAieWWQHz5lkD61pZARPGWQObflkA065ZAQ/OWQDHalkDp9pZABuSWQIj3
lkC/65ZAs9mWQDT5lkAr95ZAI+6WQNHglkDYAJdAM9WWQEQXl0C0GZdAWvWWQB3SlkAs85ZA
7duWQFoFl0Cf8pZA4wOXQOsIl0CV/5ZAhhSXQML4lkBRGZdA3giXQMTqlkDrBZdAYQeXQH0V
l0Cg9pZAqAqXQHcDl0DcDpdAOwGXQLsZl0B2FpdAmuWWQCUql0AuE5dARAOXQJoBl0DSD5dA
WgCXQHs1l0CHCZdAOA6XQBYNl0CEDZdArg6XQJQ1l0BdIZdAQB2XQKT3lkD5GZdArSyXQJMo
l0AGHpdAa/yWQKANl0DWM5dAui2XQJwRl0CzHpdAiyiXQIQ2l0A+M5dAqDCXQPAQl0BYKpdA
IRmXQMsjl0CJNJdADlCXQBpKl0BzT5dAk2GXQCo9l0DTM5dAkDWXQP0cl0AlPJdA2SuXQBAe
l0A9J5dAuxmXQLwkl0CWOpdA2kyXQNpEl0D6N5dAQBiXQNY/l0DgJJdAo2iXQHE8l0AMJJdA
yjuXQEJVl0DkVZdAH/2WQGpEl0A+RZdAWWKXQLVFl0AnPZdACUGXQAJal0BzTpdA5TuXQGZH
l0AmRJdAgUyXQChLl0AddZdA/jiXQCgel0AjR5dA4l6XQCFUl0AeSZdAUEiXQDdrl0BrRpdA
9luXQHtYl0ClRZdA2WaXQDMnl0BCeZdAT3qXQNh1l0AQN5dA83mXQAdHl0DaOZdA+FeXQD1V
l0BrNZdAdFaXQJt/l0DEapdAMXiXQPdMl0DiVpdA8EqXQKdal0AnMZdA+3mXQL5ll0ARRZdA
JV+XQNhLl0BrZJdAU2mXQAFzl0BSgJdAt2mXQIyZl0BOYZdA/lqXQKFrl0AohZdAtlOXQH1o
l0AKcpdAIZiXQOJsl0DMepdAQI6XQL57l0AQaJdAbGSXQClol0CnfpdArlOXQOJel0CNnpdA
/niXQCtrl0B7apdA6XaXQAeRl0DQc5dA+YiXQJiOl0Cni5dAoYGXQBJ7l0Bpt5dAGI2XQISU
l0B5gZdAF4KXQEWTl0CyapdA5XyXQD+3l0AGopdAEYKXQEtpl0D1uJdA8YeXQDqel0DlsJdA
0nmXQIqil0D0lJdAHYWXQLKnl0Coh5dAonqXQIGXl0B6o5dAaJqXQCiOl0BXmJdAtYKXQMdw
l0CwpZdAJniXQLhxl0C4x5dA/JSXQLWHl0DmnJdAGaKXQMycl0AkepdAAJ6XQDR3l0ClwJdA
rraXQDSYl0BNpZdAq5GXQAuXl0D8mZdAFbaXQM/Al0C8npdAAbqXQEmxl0CzrpdAl8CXQP7G
l0B9pZdAvMiXQAa+l0CJr5dAiL+XQNmDl0AXlpdAoZGXQLrRl0DhsJdAZZyXQBedl0AewZdA
CK+XQOK6l0BLiZdAKJuXQFKWl0BCrZdAm4uXQFTAl0ACy5dA4pqXQFWcl0ATuZdA3c+XQKXD
l0AuzpdAOqOXQCPGl0DBlJdAtqSXQM/Sl0CZ2JdA+rGXQIPbl0CK75dAB8WXQECyl0DLxZdA
L7yXQBfVl0CwxZdAaMWXQAqwl0AkrZdABbqXQKzal0Dku5dA98WXQKHQl0CJBZhAiNaXQH3o
l0D3yZdAYtOXQDjgl0CqwpdAJ7uXQHzAl0ARy5dASseXQBgCmEAP6pdA4MKXQKTkl0DW8JdA
9+2XQEjMl0Ct0pdAhOKXQGezl0Ad5pdAOs2XQB7xl0B9+pdAXLyXQHDsl0Cc55dAgeCXQBra
l0AD4pdACcOXQAjBl0Aw3ZdApuCXQAXSl0C33ZdAHfmXQNnol0Bu4ZdAJwGYQGDdl0AI65dA
AvGXQJb/l0CwypdAvvuXQOUFmEC98ZdAePqXQIf+l0DF4JdAafmXQKzfl0DRAZhAyQeYQFcJ
mECq5ZdA6t+XQPTvl0Bg9pdAigGYQMkEmEBqBJhAr/SXQDoVmEBVF5hAwvKXQNT3l0AuC5hA
ah+YQJIKmEDS+pdAagqYQCv6l0A++5dAhBCYQI/el0AuD5hAABOYQHHZl0CL/5dACu6XQGb+
l0C/9JdA/TKYQAX4l0CBEJhAaSWYQNvxl0DyC5hA1CaYQGsVmEAi+5dAHxyYQAgFmEDM8ZdA
3haYQC7vl0DXB5hA0R6YQNjfl0DkHZhAH++XQFwamEDM9ZdAiuaXQOUSmEBuEJhA3xOYQLoJ
mEC8B5hAtxSYQAkMmEDV5pdAr+WXQNoJmECYB5hAEBKYQHjvl0CwCJhAZhqYQKkXmEAAO5hA
H+6XQFMkmEDfPZhAyS2YQPoRmEB8PJhA1g2YQE/9l0B7KZhABjOYQDEhmEBTLJhA+z2YQLYu
mEBwC5hAh/eXQHQbmEC2SJhAnFyYQJcpmECFIZhAOB+YQF4wmEA9JZhAdkiYQP82mEDPIZhA
EzGYQDEvmEAOIJhARimYQAUqmEBsLZhAexuYQPo2mEBwQphA9xaYQOI3mEAqMphAVBOYQG9I
mEDRNJhAKx6YQEtBmECQIJhAbTiYQEQxmEALTphAzSOYQIJHmED/XJhAxDCYQBw+mEADMZhA
uU6YQF85mEDqTZhAS1KYQDkamEA4S5hAySiYQGdFmEBdZZhAr2GYQEc5mEB7XZhANiSYQD9O
mEBHNJhAsVOYQFY+mECiQ5hAmFqYQF5gmEB/RJhAcEeYQB9YmECeIJhAcD6YQO8imECHR5hA
iFmYQDg1mECwWJhA7GSYQJ1imEByTJhAZEKYQFRZmED0SphAb1aYQB84mECwcJhA+VeYQGFM
mEB3XphAuC+YQI9FmEATRZhAJT+YQCVNmECJV5hAzlyYQNcRmEDYhZhADx+YQIlsmEA0YZhA
XVSYQPdimEDkSphAK1eYQApsmEBOS5hAulmYQJBmmEBhSZhAvDyYQD1wmEABdZhAfGaYQG5q
mEBNPJhAjG6YQFRimECjQJhA90+YQOlTmECUOZhA2m6YQOp0mEBDRZhAiW+YQLdEmEDGTJhA
h1mYQPxlmEBxWphANmuYQPFgmECOYJhAfWiYQAx8mEDsZphAozKYQJmTmEDddJhAA1yYQPd4
mEAJi5hAxmiYQE16mED2dZhAnV2YQDpYmEDEdphALnCYQCRimEB4gphAjEuYQA9emEDbc5hA
U3OYQHdRmEBzTJhAv2uYQMB/mEBZVZhAKIyYQF1qmEAyfJhAbE+YQE5WmEDBX5hAnY+YQHF+
mECQhphAo36YQDV0mEC+SZhATaaYQCOEmEBChphAQpWYQGh+mEA4aJhAc4uYQJd+mEAXVphA
QpeYQEOZmEA5i5hAiV2YQKZ7mEAHpphAcF2YQBZvmEAklJhAYH2YQPuZmEAniZhAppiYQEpT
mEAZeJhALoSYQF2fmEAFiphAZXuYQIOOmEBCkJhA7ZSYQCaQmEBidphA+ZKYQM1zmEAGfZhA
Dm2YQDKTmECcdphAuqCYQOWgmEBheJhAQ5KYQOmPmEAwiJhAcGWYQPx3mEC2sZhABomYQHug
mECRiphA1p+YQM6XmEDdeJhAQo2YQBF+mEDhoZhAs6CYQBuwmECklphAKIyYQDmJmEARi5hA
3I6YQDWjmECirJhA5n+YQCarmEDIkZhA4qiYQM7XmEDBsJhA/oWYQN6KmEApdJhAQIWYQLBl
mEDLkZhAE66YQN2hmEA+pphAhKmYQFp3mEAxqJhAOaKYQFqMmECTiJhAVp+YQNuSmEAPmZhA
9p+YQOqamEDsv5hAlMiYQK3OmEAXlphAbrOYQIWgmECmsphA/qOYQCa5mED0pphAMK6YQMmc
mEBmlphA3JiYQNiumEAnophAwM2YQOq5mEBTm5hAI7iYQAGVmEA/pZhAt7SYQMesmECssZhA
DISYQNjVmEAqwphA7M2YQKLTmEDCpZhAb5mYQKqpmEC7sJhAVKeYQKe7mEChqJhA1a+YQPq0
mEAIrZhA8LiYQG6YmEBNwZhAktaYQGe0mEDl1JhA1bqYQIK7mEBJpJhAN86YQJWxmEA8uJhA
MMqYQBnBmECi5phAHbKYQE3UmEBdsphAU8yYQEXkmEBTw5hA2dOYQKTzmEDirJhA4pSYQE2a
mECNq5hAN6mYQKTnmECJyJhAFK+YQPjomEDUq5hAE7iYQC/TmEBnz5hAMZiYQM+/mEDOzZhA
u6GYQLLBmEA/4JhAgsOYQD3HmEAU6JhAb6eYQFPSmEBG15hAh96YQBDGmEAEBJlAFeGYQLHD
mEBf15hAUqeYQFDqmEAN3phAI/eYQPq9mEDQ7JhAeeeYQNTCmEAg/ZhAUcyYQD3PmECK4JhA
Wd6YQFvpmED/1JhA3fuYQIbhmEDTq5hAWNeYQDfdmEDs35hANauYQBOomEDcoJhAwbyYQAjL
mEBTqZhA3ciYQOu8mECAyJhAzMGYQCwHmUDTnJhAr76YQMrlmEDA6JhAxM2YQIDamEBL4phA
ScaYQOrgmEAv2phAiNOYQJrOmEBY6JhA3NyYQD3GmECw1JhA</AssayYData></Step><Step><CommonData><SampleLocation>3</SampleLocation><SampleID>Octet Buffer</SampleID><SampleGroup></SampleGroup><SampleInfo></SampleInfo><SampleRow>A</SampleRow><SamplePlate>1</SamplePlate><WellType>BUFFER</WellType><Concentration>-1</Concentration><ConcentrationUnits>µg/ml</ConcentrationUnits><MolarConcentration>-1</MolarConcentration><MolarConcUnits>nM</MolarConcUnits><MolecularWeight>0</MolecularWeight><Temperature>30</Temperature><StartTime>5646656</StartTime><AssayTime>300</AssayTime></CommonData><FlowRate>1000</FlowRate><StepType>DISASSOC</StepType><StepName>Dissociation</StepName><StepStatus>OK</StepStatus><ActualTime>300</ActualTime><CycleTime>0.2</CycleTime><AssayXData Points="1500">PrCaRdixmkVxs5pFC7WaRaS2mkVAuJpF2LmaRXG7mkUNvZpFpL6aRT7AmkUFwppFccOaRQ3F
mkWmxppFQMiaRdjJmkVxy5pFDc2aRabOmkU+0JpF2NGaRXHTmkUL1ZpFptaaRT7YmkXY2ZpF
c9uaRQvdmkWk3ppFPuCaRdjhmkVz45pFDeWaRabmmkU+6JpF2OmaRXPrmkUN7ZpFpO6aRT7w
mkXa8ZpFc/OaRQv1mkWm9ppFQPiaRdj5mkVz+5pFDf2aRaT+mkU+AJtF2AGbRXEDm0UNBZtF
pAabRUAIm0XYCZtFcQubRQsNm0WkDptFPhCbRdoRm0VzE5tFCxWbRaQWm0U+GJtF2BmbRXEb
m0ULHZtFpB6bRT4gm0XaIZtFcSObRQslm0WmJptFQCibRdopm0VzK5tFCy2bRaQum0VAMJtF
2jGbRXEzm0UNNZtFpDabRUA4m0XYOZtFczubRQ89m0WkPptFPkCbRdhBm0VzQ5tFC0WbRaRG
m0VASJtF2EmbRXFLm0UNTZtFpE6bRT5Qm0XYUZtFcVObRQtVm0WkVptFPlibRdpZm0VxW5tF
C12bRaRem0U+YJtF8GGbRXFjm0ULZZtFpGabRUBom0XaaZtFcWubRQ1tm0WmbptFPnCbRdhx
m0Vzc5tFC3WbRaR2m0U+eJtF2nmbRXF7m0ULfZtFpH6bRT6Am0XagZtFcYObRQuFm0WkhptF
QIibRdiJm0Vzi5tFD42bRaaOm0VAkJtF2pGbRXOTm0UNlZtFppabRT6Ym0XYmZtFc5ubRQud
m0WmnptFPqCbRdihm0Vzo5tFDaWbRaSmm0U+qJtF2KmbRXGrm0ULrZtFpK6bRT6wm0XasZtF
cbObRQ+1m0WktptFPribRdi5m0Vxu5tFDb2bRaS+m0VAwJtF2sGbRXHDm0UNxZtFpMabRT7I
m0XYyZtFc8ubRQvNm0WkzptFQNCbRdjRm0Vx05tFDdWbRaTWm0U+2JtF2NmbRXPbm0UN3ZtF
pN6bRT7gm0Xa4ZtFceObRQvlm0Wk5ptFPuibRdrpm0Vx65tFDe2bRaTum0U+8JtF2PGbRXHz
m0UL9ZtFpPabRT74m0XY+ZtFcfubRQv9m0Wk/ptFPgCcRR0CnEVxA5xFCwWcRaQGnEU+CJxF
2AmcRXELnEULDZxFpg6cRT4QnEXYEZxFcROcRQsVnEWkFpxFPhicRdgZnEVzG5xFDR2cRaQe
nEU+IJxF2iGcRXEjnEULJZxFpCacRT4onEXYKZxFcSucRQstnEWmLpxFPjCcRdgxnEVzM5xF
CzWcRaQ2nEVAOJxF2DmcRXM7nEULPZxFpj6cRUBAnEXYQZxFcUOcRQtFnEWkRpxFPkicRdhJ
nEVxS5xFC02cRaROnEVAUJxF2FGcRXFTnEUNVZxFpFacRT5YnEXaWZxFcVucRQtdnEWkXpxF
QGCcRdhhnEVzY5xFDWWcRaRmnEVAaJxF2GmcRXFrnEULbZxFpm6cRT5wnEXacZxFcXOcRQt1
nEWmdpxFPnicRdp5nEVxe5xFC32cRaR+nEVAgJxF2oGcRXGDnEUNhZxFpoacRUCInEXYiZxF
c4ucRQuNnEWkjpxFPpCcRdiRnEVxk5xFC5WcRaSWnEVAmJxF2JmcRXGbnEULnZxFpJ6cRT6g
nEUJopxFcaOcRQulnEWkppxFQKicRdipnEVxq5xFC62cRaSunEVAsJxF2LGcRXGznEULtZxF
pracRT64nEXYuZxFcbucRQu9nEWmvpxFPsCcRdjBnEVxw5xFC8WcRabGnEU+yJxF2smcRXHL
nEUNzZxFps6cRT7QnEXa0ZxFcdOcRQvVnEWk1pxFPticRdjZnEVx25xFDd2cRaTenEVA4JxF
2OGcRXPjnEUL5ZxFpuacRT7onEXY6ZxFceucRQ3tnEWk7pxFPvCcRdrxnEVx85xFC/WcRaT2
nEU++JxF2PmcRXH7nEUN/ZxFpP6cRT4AnUXaAZ1FcwOdRQsFnUWkBp1FPgidRdgJnUVxC51F
DQ2dRaYOnUU+EJ1F2BGdRXMTnUULFZ1FpBadRUAYnUXYGZ1FcRudRQ0dnUWkHp1FQCCdRdgh
nUVxI51FDSWdRaQmnUU+KJ1F2CmdRXErnUUNLZ1FpC6dRT4wnUXaMZ1FczOdRQs1nUWkNp1F
PjidRdg5nUVzO51FDT2dRaQ+nUVAQJ1F8kGdRXFDnUUNRZ1FpkadRT5InUXYSZ1FcUudRQtN
nUWmTp1FQlCdRdhRnUVxU51FDVWdRaZWnUVAWJ1F2FmdRXFbnUULXZ1FpF6dRUBgnUXYYZ1F
c2OdRQtlnUWkZp1FQGidRdhpnUVxa51FDW2dRaRunUVAcJ1F2nGdRXFznUUNdZ1FpHadRT54
nUXaeZ1FcXudRQ19nUWkfp1FQICdRdiBnUVxg51FDYWdRaSGnUU+iJ1F2omdRXGLnUULjZ1F
po6dRUCQnUXYkZ1FcZOdRQ2VnUWklp1FPpidRdiZnUVzm51FC52dRaaenUU+oJ1F2qGdRXOj
nUULpZ1FpqadRT6onUXYqZ1Fc6udRQutnUWkrp1FPrCdRdqxnUVzs51FC7WdRaa2nUU+uJ1F
2LmdRXG7nUUNvZ1FpL6dRT7AnUXYwZ1FccOdRQ3FnUWkxp1FPsidRdjJnUVxy51FC82dRaTO
nUU+0J1F2NGdRXPTnUUN1Z1FpNadRT7YnUXY2Z1FcdudRQvdnUWk3p1FPuCdRUDinUWE451F
C+WdRaTmnUVA6J1F2OmdRXPrnUUL7Z1Fpu6dRT7wnUXY8Z1FcfOdRQ31nUWm9p1FPvidRdj5
nUVx+51FC/2dRaT+nUU+AJ5F2AGeRXMDnkUNBZ5FpAaeRT4InkXaCZ5FcQueRQsNnkWkDp5F
PhCeRdgRnkVxE55FDRWeRaQWnkVAGJ5F2BmeRXEbnkULHZ5FpB6eRUAgnkXaIZ5FcSOeRQsl
nkWmJp5FPiieRdwpnkVxK55FDS2eRaQunkU+MJ5F2jGeRXEznkULNZ5FpDaeRUA4nkXYOZ5F
cTueRQs9nkWkPp5FPkCeRdpBnkVzQ55FC0WeRaRGnkVASJ5F2EmeRXNLnkULTZ5FpE6eRT5Q
nkXYUZ5FcVOeRQ1VnkWkVp5FPlieRdhZnkVxW55FDV2eRaRenkU+YJ5F2GGeRXFjnkULZZ5F
pGaeRT5onkXaaZ5FcWueRQttnkWkbp5FQHCeRdpxnkVxc55FC3WeRaR2nkVAeJ5F2nmeRXF7
nkULfZ5FpH6eRT6AnkUqgp5FcYOeRQuFnkWkhp5FPoieRdiJnkVxi55FC42eRaSOnkU+kJ5F
2JGeRXGTnkULlZ5FppaeRT6YnkXYmZ5FcZueRQ2dnkWmnp5FPqCeRdihnkVxo55FC6WeRaam
nkU+qJ5F2KmeRXGrnkUNrZ5FpK6eRT6wnkXYsZ5FcbOeRQu1nkWktp5FPrieRdi5nkVxu55F
C72eRaa+nkU+wJ5F2sGeRXPDnkULxZ5FpMaeRT7InkXYyZ5Fc8ueRQ3NnkWkzp5FPtCeRdzR
nkVx055FC9WeRaTWnkU+2J5F2NmeRXPbnkUN3Z5Fpt6eRT7gnkXa4Z5FceOeRQvlnkWk5p5F
QOieRdrpnkVx655FC+2eRaTunkU+8J5F2vGeRXHznkUL9Z5FpPaeRUD4nkXY+Z5FcfueRQv9
nkWm/p5FQACfRdgBn0VxA59FCwWfRaYGn0VACJ9F2AmfRXMLn0UNDZ9FpA6fRT4Qn0XYEZ9F
cROfRQsVn0WmFp9FQBifRdgZn0VxG59FCx2fRaYen0U+IJ9FFyKfRXEjn0UNJZ9FpiafRUAo
n0XYKZ9FcSufRQstn0WmLp9FPjCfRdoxn0VxM59FDTWfRaQ2n0U+OJ9F2DmfRXM7n0UNPZ9F
pD6fRT5An0XaQZ9FcUOfRQtFn0WmRp9FPkifRdhJn0VxS59FDU2fRaROn0U+UJ9F2FGfRXNT
n0UNVZ9FpFafRT5Yn0XYWZ9FcVufRQtdn0WkXp9FPmCfRdphn0VxY59FC2WfRaRmn0U+aJ9F
2GmfRXFrn0UNbZ9FpG6fRT5wn0XYcZ9FcXOfRQt1n0Wodp9FPnifRdh5n0Vze59FC32fRaR+
n0VAgJ9F2IGfRXGDn0ULhZ9FpoafRUCIn0XaiZ9Fc4ufRQuNn0Wkjp9FPpCfRdiRn0Vxk59F
DZWfRaSWn0U+mJ9F2JmfRXObn0ULnZ9Fpp6fRT6gn0XaoZ9FcaOfRQ2ln0Wmpp9FQKifRdqp
n0Vzq59FC62fRaSun0U+sJ9F2LGfRXOzn0UNtZ9FpLafRT64n0XYuZ9FcbufRQ29n0Wkvp9F
PsCfRUTCn0WIw59FDcWfRaTGn0U+yJ9F2smfRXHLn0ULzZ9Fps6fRUDQn0XY0Z9FcdOfRQvV
n0Wk1p9FPtifRdjZn0Vz259FDd2fRaTen0VA4J9F2OGfRXHjn0UL5Z9FpOafRT7on0Xa6Z9F
c+ufRQ3tn0Wk7p9FPvCfRdjxn0Vz859FC/WfRab2n0VA+J9F2PmfRXH7n0UL/Z9Fpv6fRT4A
oEXaAaBFcwOgRQ0FoEWkBqBFPgigRdoJoEVxC6BFCw2gRaYOoEVAEKBF2BGgRXEToEULFaBF
phagRT4YoEXYGaBFcRugRQ0doEWkHqBFQCCgRdghoEVxI6BFDSWgRaQmoEVAKKBF2imgRXMr
oEUNLaBFpi6gRUAwoEXYMaBFcTOgRQ01oEWkNqBFPjigRdg5oEVzO6BFCz2gRaY+oEVAQKBF
2EGgRXFDoEULRaBFpkagRUBIoEXYSaBFcUugRQtNoEWmTqBFPlCgRdhRoEVzU6BFC1WgRaRW
oEU+WKBF2lmgRXNboEULXaBFpl6gRUBgoEUwYqBFdWOgRQ1loEWmZqBFPmigRdppoEVxa6BF
C22gRaZuoEU+cKBF2HGgRXFzoEUNdaBFpnagRT54oEXYeaBFcXugRQt9oEWkfqBFPoCgRdiB
oEVxg6BFC4WgRaaGoEVAiKBF2omgRXOLoEUNjaBFpo6gRT6QoEXakaBFc5OgRQ2VoEWmlqBF
QJigRdiZoEVzm6BFDZ2gRaaeoEU+oKBF2KGgRXGjoEULpaBFpKagRT6ooEXYqaBFcaugRQut
oEWkrqBFPrCgRdixoEVxs6BFDbWgRaS2oEU+uKBF2rmgRXO7oEULvaBFpL6gRT7AoEXYwaBF
ccOgRQvFoEWkxqBFPsigRdrJoEVzy6BFC82gRaTOoEVA0KBF2tGgRXPToEUN1aBFpNagRUDY
oEXY2aBFcdugRQ3doEWk3qBFPuCgRdjhoEVx46BFDeWgRabmoEU+6KBF2umgRXHroEUL7aBF
pu6gRUDwoEXY8aBFcfOgRQv1oEWk9qBFQPigRdj5oEVx+6BFDf2gRaT+oEU+AKFFGQKhRXED
oUULBaFFpgahRT4IoUXYCaFFcwuhRQ0NoUWmDqFFPhChRdgRoUVzE6FFCxWhRaQWoUU+GKFF
2BmhRXEboUULHaFFpB6hRT4goUXaIaFFcSOhRQsloUWkJqFFQCihRdgpoUVzK6FFDS2hRaQu
oUU+MKFF2jGhRXEzoUULNaFFpDahRUA4oUXYOaFFcTuhRQs9oUWkPqFFQEChRdpBoUVxQ6FF
C0WhRaZGoUU+SKFF2EmhRXNLoUULTaFFpE6hRT5QoUXaUaFFcVOhRQtVoUWkVqFFPlihRdhZ
oUVzW6FFC12hRaZeoUU+YKFF2mGhRXFjoUULZaFFpGahRUBooUXaaaFFcWuhRQ1toUWmbqFF
PnChRdhxoUVzc6FFC3WhRaR2oUVAeKFF2nmhRXN7oUUNfaFFpH6hRT6AoUXYgaFFcYOhRQ2F
oUWkhqFFQIihRdqJoUVxi6FFD42hRaSOoUVAkKFF2pGhRXOToUULlaFFpJahRUCYoUXYmaFF
c5uhRQudoUWknqFFQKChRUaioUWKo6FFC6WhRaSmoUU+qKFF2KmhRXOroUULraFFpq6hRT6w
oUXasaFFcbOhRQu1oUWmtqFFPrihRdi5oUVzu6FFDb2hRaS+oUVAwKFF2MGhRXHDoUULxaFF
pMahRUDIoUXYyaFFccuhRQ3NoUWkzqFFPtChRdjRoUVz06FFC9WhRaTWoUU+2KFF2tmhRXHb
oUUL3aFFpt6hRT7goUXa4aFFc+OhRQ3loUWk5qFFPuihRdjpoUVz66FFC+2hRaTuoUVA8KFF
2PGhRXPzoUUN9aFFpPahRT74oUXa+aFFcfuhRQv9oUWk/qFFQACiRdgBokVzA6JFCwWiRaQG
okU+CKJF2gmiRXELokUNDaJFpA6iRT4QokXaEaJFcxOiRQsVokWkFqJFQBiiRdgZokVxG6JF
Cx2iRaYeokVAIKJF2CGiRXEjokULJaJFpCaiRT4ookXYKaJFcSuiRQstokWkLqJFPjCiRdox
okVzM6JFCzWiRaQ2okVAOKJF2jmiRXE7okULPaJFpj6iRUBAokUyQqJFdUOiRQtFokWmRqJF
QEiiRdhJokVxS6JFC02iRaZOokU+UKJF2FGiRXFTokULVaJFplaiRT5YokXaWaJFcVuiRQ1d
okWkXqJFPmCiRdxhokVxY6JFC2WiRaRmokU+aKJF2GmiRXNrokULbaJFpm6iRT5wokXYcaJF
cXOiRQ11okWmdqJFQHiiRdh5okVxe6JFDX2iRaZ+okU+gKJF2IGiRXGDokULhaJFpIaiRUCI
okXYiaJFcYuiRQuNokWkjqJFQJCiRdqRokVxk6JFDZWiRaaWokU+mKJF2JmiRXObokUNnaJF
pp6iRUCgokXYoaJFc6OiRQ2lokWkpqJFPqiiRdipokVxq6JFDa2iRaauokU+sKJF2rGiRXGz
okUNtaJFpLaiRUC4okXYuaJFcbuiRQu9okWkvqJFPsCiRdjBokVzw6JFDcWiRabGokU+yKJF
2MmiRXHLokUNzaJFpM6iRUDQokXY0aJFc9OiRQ3VokWk1qJFPtiiRdjZokVz26JFDd2iRabe
okU+4KJFHeKiRXHjokUL5aJFpOaiRT7ookXY6aJFceuiRQvtokWk7qJFPvCiRdrxokVx86JF
C/WiRaT2okU++KJF2PmiRXH7okUN/aJFpP6iRT4Ao0XaAaNFcQOjRQ0Fo0WkBqNFPgijRdgJ
o0VzC6NFDQ2jRaQOo0U+EKNF2BGjRXETo0ULFaNFpBajRUAYo0XYGaNFcRujRQ0do0WkHqNF
QCCjRdgho0VxI6NFCyWjRaQmo0U+KKNF2CmjRXMro0ULLaNFpC6jRUAwo0XYMaNFcTOjRQs1
o0WkNqNFQDijRdo5o0VxO6NFCz2jRaY+o0U+QKNF2EGjRXFDo0ULRaNFpEajRT5Io0XaSaNF
cUujRQ1No0WmTqNFPlCjRdpRo0VxU6NFC1WjRaRWo0U+WKNF2FmjRXNbo0ULXaNFpF6jRT5g
o0XYYaNFcWOjRQ1lo0WmZqNFPmijRdppo0Vxa6NFC22jRaRuo0U+cKNF2HGjRXFzo0ULdaNF
pHajRT54o0XaeaNFcXujRQt9o0WkfqNFQICjRUqCo0WQg6NFDYWjRaSGo0U+iKNF2ImjRXOL
o0ULjaNFpI6jRUCQo0XakaNFcZOjRQuVo0WklqNFPpijRdiZo0Vxm6NFC52jRaSeo0U+oKNF
2KGjRXGjo0ULpaNFpKajRUCoo0XYqaNFc6ujRQuto0WmrqNFQLCjRdixo0Vzs6NFC7WjRaa2
o0U+uKNF2rmjRXG7o0ULvaNFpL6jRT7Ao0XYwaNFccOjRQ3Fo0WkxqNFPsijRdjJo0Vxy6NF
C82jRabOo0VA0KNF2tGjRXHTo0UN1aNFptajRT7Yo0Xa2aNFcdujRQ3do0Wk3qNFQOCjRdrh
o0Vx46NFC+WjRaTmo0U+6KNF2OmjRXPro0UP7aNFpO6jRUDwo0Xa8aNFc/OjRQ31o0Wm9qNF
PvijRdj5o0Vx+6NFC/2jRaT+o0U+AKRF2AGkRXMDpEULBaRFpAakRUAIpEXYCaRFcQukRQ0N
pEWkDqRF</AssayXData><AssayYData Points="1500">qcOXQG7Ll0CU3pdALOSXQBYCmEAh7ZdAICiYQDwXmECIGphAsyaYQL8tmEDKMZhA8xiYQGI4
mEDqKJhACSqYQOc2mECMNZhANzSYQCA+mEBDQphAzyCYQGIemEAuUphAOk2YQEtImEB3ZphA
Jl2YQGs/mEDrOJhAdVOYQIlamED6XphAJ1+YQLxsmEA9kZhAyVmYQCdUmEAVUZhAkhiYQIVK
mECSXZhA+2yYQCFhmECWRJhAI2eYQKpimEDgZ5hAkkCYQKJEmEDWRphA3C2YQOdQmEAvXZhA
a2qYQK5imECMV5hAoU2YQDp1mEBSOJhAZ0mYQH9RmECbPZhAsG6YQFJhmECkc5hAElaYQDtw
mEBdaJhAYUOYQHBjmEA4cJhAZmCYQC52mECqXZhA4VuYQJ4PmEDzaZhAmTGYQEpZmEATWJhA
3SmYQCtGmECUU5hAJ1mYQO1KmEBMOphAwEyYQIxRmEBKXZhAElqYQJNomECpe5hAbW2YQCZa
mEBMiphA6GSYQIpJmEBuRZhAiYmYQE9omECeSZhAIVuYQLBSmEDAbZhAjWKYQM1YmECXT5hA
40aYQMBWmEC5ZZhAVoSYQL6DmEAcQphACmqYQHlPmECSSphAt3WYQChgmEAXc5hAeGKYQPlc
mEANbphAXGeYQFBFmEAWi5hA4kqYQJZ9mEB3S5hAFFmYQPtHmECrjphAmFmYQCZdmEDGYZhA
KYSYQFAvmEASkZhAXJKYQORfmEAod5hAA4eYQNxKmECKTJhAtXiYQDtymECBSJhA8GiYQLFX
mEBPhZhAAJWYQLRPmECVTZhA8l2YQBdMmEATS5hA9WiYQKdgmECJVphABoSYQCxgmEDChphA
LmaYQANomEBPXJhArXKYQIttmEDQU5hAMGuYQGhTmECEbZhAh26YQLNqmEAjbphAI2mYQE1v
mEBQdphAE4eYQGlmmEDCdphAR2iYQMqDmEC3cZhAc1KYQCJqmEB+WJhAf2uYQD5kmEBTX5hA
y2yYQOuUmEDXVphAYU+YQFSMmEDQcJhASZGYQNJsmEAAmphAzqGYQBpumEBPdZhA0X+YQOeU
mEDDYJhAfmqYQCt/mEB0bZhAMpOYQM2amEC4Z5hAtamYQGCEmEC/dZhA72yYQAJWmEAnd5hA
j1iYQKlpmEDEdphApGaYQM+GmEAYXphAgD2YQKlBmEDbZZhA7VGYQFpRmEAyd5hA3D+YQPBJ
mED9SJhA5meYQJxnmEBpcphAyVSYQF9omEDie5hAlWCYQP5WmEBChphAMVeYQGZhmEDAc5hA
NYuYQGRvmECFc5hAPTuYQLVgmECoaZhA6H6YQMtqmEAuaZhAQXOYQCtmmEBSpJhAmYCYQNZg
mEDuh5hALYCYQJZsmECmcphAaYSYQH6HmEAqZZhA7GyYQKOImEDDmphAFZmYQOZ+mED+mphA
I3KYQJKMmEDVmZhAy4CYQM+amEAmqJhAzXGYQCW/mEC1qJhAEX6YQDx4mEA+kJhAqYiYQJ6U
mEC2vZhArlSYQAOAmEB9c5hAbXiYQNKImEAAi5hAo4iYQKtQmEBlf5hA22GYQEaamEAVf5hA
kL6YQGCKmEAEuJhA8pyYQEilmEBblZhA/XyYQDezmECtgJhA/o6YQJOPmEAhd5hAc9KYQKuu
mECbo5hA1nOYQLiRmEB/hZhAGZiYQEyImEAlpphAPJWYQJWMmEB2b5hARYmYQGuOmEDwn5hA
9nqYQPGNmEBnrJhAUaCYQF6nmEAUeZhAIZ2YQOOTmEDqk5hAzpqYQJaDmECMgphArJyYQHGw
mEAhgZhA+6+YQKN9mEBpt5hAJHaYQICXmEAco5hAI5qYQHqDmEATq5hAQ7uYQFarmEAIh5hA
T6uYQCeNmEConZhAZKyYQGiemECriZhAZoWYQLOVmEDDfphAH5yYQOzDmEB1lZhA+HyYQM+S
mEBcsphAoaiYQP2GmECXqZhA4qaYQEHFmEDklZhANK6YQIakmEBIvZhAg6+YQAiemEDIhJhA
QbGYQLeamECNuZhAnriYQAnJmED+qZhA/4yYQCmPmEAmnphAnq+YQJSmmEAXpJhArMmYQKul
mEBHl5hAloKYQHWumEBlrJhAdKGYQFu+mEDnpphAKbSYQG6/mEDemphAmq2YQCitmECYo5hA
IZiYQDG/mEA0kZhAOLOYQJWmmECVn5hAq6iYQE7EmEDbu5hA5JKYQOSYmECHsphAKL6YQJej
mED2nJhA176YQEqtmEAJxphAm6mYQAammEBu2JhASbmYQA2cmED2wphAu5yYQG2qmEAfrJhA
CJqYQMvzmECyuZhAFMSYQNyjmEBwz5hAMJ2YQFOymEBslJhA16KYQAnFmEDGqphAOpaYQNSr
mEAGsZhANLyYQJa8mECtzZhA1r2YQA6kmECMxphAP8eYQIHRmEAWuZhARK+YQHyRmEC6uJhA
S7uYQMy2mEBMwZhA4LKYQD6omEBXwJhA56mYQKi4mEA6x5hAwseYQKzXmEAYx5hAmMiYQL+Y
mEAwkphArLyYQHaSmEBhuJhAU36YQLG/mEDNn5hApsWYQJ/TmEAm6JhAKrOYQHvUmEBtmZhA
+Z6YQMe2mECd0JhAx7+YQKmWmEC2qJhAR7KYQF/AmEAsxJhA8aqYQHyimEC2xJhAvsiYQK3J
mEAE4ZhAyNmYQEqzmECI5phAY7yYQMTCmEBAtphA17uYQMLYmEChuJhA4MiYQJzDmECLtphA
rbyYQIbOmECh0phA4r6YQNjAmEC1xJhALs6YQOe4mEAhuZhAGNGYQP22mEBXw5hAF7eYQMvS
mEAywZhAoc6YQJDHmEC00JhAU9SYQBbBmEAguphAy7mYQGPHmECIsphAOdGYQKbGmEDWzJhA
eruYQBvMmEAY25hAftyYQK6LmEDA1phAK76YQOHKmEABpphA4/OYQJ+zmEAdxJhApeGYQLL3
mEDOwZhAmvSYQA7bmEAosphAOcaYQKmsmEDh3JhA9rSYQIG7mEBJu5hAy86YQF7NmEARzphA
KdCYQD/GmEAaoZhAjMWYQJ/wmEANnZhAer+YQHjYmEAwwJhA0cqYQMbRmEB3tphAB9aYQErl
mECC1JhAXeyYQPIEmUAU05hAVb6YQAnPmEAI8phAq6uYQNntmEBX7JhATuiYQN/MmECzyphA
YOiYQLTYmEDb2ZhAKs+YQF3TmEBw35hAgd6YQCHNmECTA5lAwsmYQELLmEBp5ZhAMN2YQCTh
mEDl0JhAeP+YQDnMmEBhz5hARNCYQMkAmUBgx5hAAteYQIfPmECh0phAOdeYQE/EmEAA3phA
yOeYQJPumECs+phAhceYQM30mED2v5hAa/OYQBH/mECsz5hAUN+YQCcSmUC435hA1ueYQEDV
mEAS9JhA8OOYQI7zmEA08JhAANiYQFkDmUDF7ZhAZ/SYQNzjmEAJ+ZhASOaYQIXrmED74phA
ENyYQEvemEAP45hArdmYQHHImEAX05hAm+yYQO3XmECqxZhAhMyYQIjimEA+v5hAM/2YQIjh
mEAJ25hAmQaZQEgDmUDT5JhAJQOZQArcmEAB75hA8uuYQAL+mEB7+JhApeeYQPbcmEAXvphA
tfuYQEjxmEDU3ZhAY+OYQPnsmEBk4JhAm+GYQNW5mEC365hAxdKYQJrYmEAx+5hA+vWYQM3n
mEDvAZlAf8iYQOwBmUDc3phAbOKYQBD0mECLEZlA5fqYQDENmUBGGZlAfP+YQELwmEC185hA
2vGYQAHRmECPCJlAXw6ZQDH0mEDL9phAxgCZQInRmEBx7phAnNaYQHQNmUCkFJlAI+eYQHTd
mECE3JhA8+qYQBHsmEBl4ZhARPqYQC7wmEDm5ZhAywOZQJPhmECH/ZhAPeaYQEr+mEBb6JhA
d+2YQE3nmEA28phAr/yYQG8NmUBCyZhAG8WYQMXpmEBxCJlA0wOZQDsXmUBjBplA+viYQFzb
mEBmB5lAJPmYQAEUmUCr95hAANGYQDsFmUBvBZlAJ/iYQHA0mUBh45hA192YQHnfmECK6JhA
KeWYQAUPmUChDplAZQCZQMYZmUBT6ZhASBSZQEYGmUDz7JhAQOqYQLnwmEDi95hAngaZQLwZ
mUCjBplAOg+ZQH8dmUDMA5lAAhiZQMMomUDS8JhATPqYQHfxmECQDZlAGB2ZQFwFmUBp8phA
WyGZQNIkmUCs45hATQmZQKkGmUBlPplAe/6YQALwmEBCAZlAthWZQCwTmUCn8phA0uiYQJ8F
mUBNEplA4PWYQH8nmUDoB5lANDCZQDMNmUAn75hAJvuYQEsMmUBqDplAKhCZQLYImUCv/ZhA
6T6ZQD0GmUDWCJlAmC+ZQPUYmUDTC5lAeRGZQHYemUA+CJlAMAKZQPwbmUCVKJlAGC6ZQO//
mECODJlAKPmYQFkEmUCt75hAwB+ZQGsfmUDbC5lAYfeYQEj7mED58JhAcOqYQAwfmUC5BZlA
txOZQKQGmUBoIZlAKB2ZQJoMmUA5CZlALwWZQLoWmUD985hAqgaZQDn7mEA6NplAyRSZQCoq
mUDmIplAMgOZQMPkmEB9J5lAFguZQH4umUCu7ZhADRKZQGYmmUBLDplATSKZQGckmUCEJZlA
9faYQHoGmUBLC5lAnfuYQMM0mUBZM5lAgh6ZQJpGmUAFHJlA0SqZQBM+mUDDHplAbzSZQI4K
mUDfIZlAuA6ZQCISmUCVJZlA5B+ZQJQCmUBgJ5lAxv+YQNwmmUBY/phAGCuZQLMpmUD3OJlA
0wiZQHEsmUCgQJlAfjKZQP4lmUC0I5lAnjGZQDQdmUD1EZlAIwyZQBcVmUANTZlAxSeZQPgm
mUBGN5lAmT6ZQMYQmUCuIZlAgBeZQOEomUDU+JhAOhmZQEH/mEBVGZlAEiaZQG45mUBfJ5lA
pSyZQIk9mUDULplAXSWZQJE1mUDiHJlAFROZQMwGmUDwDJlAyDqZQIEDmUBnLJlAVTCZQEwR
mUDEFJlAjxuZQCMSmUA/M5lAYBSZQMZImUCJFZlAdB2ZQBMrmUBWQJlAjxeZQJEemUBTH5lA
+i6ZQKdHmUBXNplAZh6ZQLX1mEB8RJlA4DOZQA9CmUCHSZlAnWGZQG4QmUDCL5lACx+ZQHc5
mUBzPZlA3AqZQLwomUCWUJlAgi2ZQDlFmUCZSZlAEyaZQCpEmUAZNJlAyCeZQFs4mUAWRZlA
FTGZQEpOmUAxNZlAcmCZQAI9mUBUMZlAOwyZQLdFmUBBKZlAzBuZQLg/mUAjQ5lAyxWZQGUg
mUC4DJlAdyyZQOstmUAKSZlAyECZQGNkmUB/HZlAuCuZQG1FmUBmPZlAuSOZQDcqmUCVR5lA
EFKZQIolmUAKQZlAkDGZQFsXmUDVYJlA5z2ZQLpJmUDZFplAUiOZQDIRmUD1YJlA5i+ZQBs3
mUAwaJlAgTiZQNYumUAyTplA+UyZQCVDmUDdQJlAMUuZQBkvmUBZMplAS1OZQBdTmUC+P5lA
VkOZQC1NmUBjFplAhD+ZQCcwmUASKZlAO1yZQMEsmUAZL5lArA6ZQN80mUBRHJlAWSaZQPFI
mUBtNplAVU6ZQGxBmUAhVplAJC2ZQC9qmUBlUZlA3TyZQPBUmUDjP5lAkimZQApEmUC7UZlA
xjuZQL5LmUAULplASHeZQGY1mUBvNJlAqzyZQH5QmUCucJlAvlaZQFRGmUDgUJlA216ZQJpS
mUBaN5lAczaZQAFCmUC1TplAwGGZQMBVmUBWUplA8TaZQMBnmUA7QZlAGkyZQMJkmUAbTJlA
aGGZQChKmUANKJlAVEaZQDQsmUDnR5lAjzmZQIt3mUDyUJlA50mZQBoymUBUVZlArlKZQKdd
mUBzVJlAD1qZQP5MmUBbV5lAEleZQHRJmUATcZlA6jeZQONRmUAZbJlAEEiZQCVimUCQRplA
S0iZQPhDmUDYP5lA80WZQCpLmUBqlplAbDyZQEZnmUDcbJlA+j+ZQH9MmUAeOplAXXeZQBZW
mUAmP5lAI0+ZQEpqmUBgVZlAMmqZQGo8mUBdVplARGyZQPBjmUBeO5lANU6ZQCtwmUDzE5lA
flqZQIRvmUDSUZlAnkWZQN1XmUCccplA2lyZQFVLmUCWVplAimiZQMNTmUDPYZlAsFuZQCZ0
mUApR5lAiD6ZQEZOmUCbYplAEV2ZQDFnmUBwdJlAFWOZQORZmUCKgJlAc1GZQDdqmUACdJlA
BmOZQHRemUAnc5lAI2OZQBBkmUBWPplApVOZQMZmmUBLgplAuGGZQHtamUBAiZlA93iZQN15
mUBjfZlArmKZQJNfmUC7b5lAPWmZQJNtmUDkWplASVmZQBtwmUALOJlAa0uZQO19mUB1aZlA
9FqZQKV8mUCMk5lAZVmZQE1fmUCliplAr2iZQMyHmUDgaZlAIWCZQEdRmUD7VZlAgW+ZQF9P
mUD7hJlANFWZQGCUmUArgplAv2eZQHhTmUCcWplAxVKZQIZxmUC9hZlA/XeZQP5MmUCdhJlA
HTqZQPhRmUC2QZlAIGeZQBBJmUBSXplAszqZQNYkmUCjX5lAlkiZQFY0mUCrRplA0VeZQOFn
mUBSUZlAUHCZQCdJmUD/YZlAzl6ZQKFcmUDaW5lA+meZQIhSmUCAhZlAAH+ZQCeFmUBMW5lA
iGiZQEJ8mUAZU5lAEXaZQNmAmUCghJlANoCZQH15mUAFWJlAuG+ZQBlxmUBRgJlAwXKZQCl3
mUCtgJlAu1WZQFtomUDkdJlAKI2ZQM9WmUDfc5lAIWmZQESJmUDXg5lALoeZQHdymUBqkJlA
q1CZQHt7mUDcfZlAZZ2ZQFSDmUAwhZlAan6ZQBh0mUDciplAzXuZQGB9mUAGg5lAJ5GZQLNh
mUDRZJlAaGeZQMF6mUBeg5lAcZCZQCCCmUDDV5lA7WuZQIR0mUCfdplA6pCZQNqHmUDRjJlA
yoyZQBxtmUA0pplAAHOZQJN6mUACd5lAaniZQJWNmUDui5lAB3SZQC2DmUDgi5lAXoSZQDFh
mUC3hZlAX6aZQEJmmUCcjplAd6OZQCmimUCih5lASG+ZQOBtmUDbnZlAOUiZQIBamUBzhplA
rYSZQLZkmUAWi5lAf2qZQEdymUBcZJlAkYKZQJ1wmUC9WZlAtWSZQAFlmUDfcZlA+H2ZQExI
mUARb5lAUp6ZQKZ+mUDkaZlAvFeZQKtpmUBudplAAT+ZQKuAmUBzVZlAq3aZQLppmUAQZplA
4F2ZQPxwmUAAbZlAQJWZQM9vmUA3XZlANoKZQPSEmUDqfZlA4JOZQO2WmUD9jplAgXGZQDJ1
mUD1fplAlW6ZQNFzmUA3j5lAV4qZQF1jmUD6WZlAXmuZQO57mUCHaJlAdXWZQLplmUDvh5lA
EGOZQAaAmUCKbJlAIYKZQFSGmUAMbJlAIleZQBR8mUDioJlA2ZOZQGOUmUCuV5lA46GZQIKT
mUA9tZlANo+ZQD+QmUAqh5lA/5mZQPCtmUDwjZlAwouZQA+GmUAYs5lAfJyZQOaAmUBZeplA
toqZQPWHmUBziJlAZp6ZQOC0mUA0gJlAB4uZQKK4mUCjbplAa42ZQG2rmUDBpJlAVqKZQNZf
mUA3l5lA1oOZQFSLmUCuoZlAKKGZQPJ4mUCTsJlA3qiZQG+9mUATqZlAuaqZQPl+mUCohZlA
w5SZQEiKmUDzjplAb8GZQIx1mUDem5lAl6iZQJaVmUA8mplAlpuZQPyimUA7oplAKIaZQDyY
mUD2gJlAVJqZQBa0mUBYgplALKyZQD6PmUBBmJlAX6CZQG2RmUChr5lAKZyZQEWVmUCnqJlA
A42ZQI6pmUCZ2ZlASaKZQJOnmUAPmZlA+HSZQCWZmUC+qplAw5+ZQOilmUB6nplAHq2ZQFSL
mUAEtZlAd5KZQNagmUAGoplAHNaZQIGUmUB4kZlATbKZQIiYmUC7nZlAcH+ZQGSsmUDfi5lA
89aZQBuomUDZj5lA1J+ZQGTHmUBwjplATZ+ZQBanmUCDnZlAV6OZQMiYmUD2oplAKJqZQAeg
mUDKoplA</AssayYData></Step><Step><CommonData><SampleLocation>7</SampleLocation><SampleID>Glycine</SampleID><SampleGroup></SampleGroup><SampleInfo></SampleInfo><SampleRow>B</SampleRow><SamplePlate>1</SamplePlate><WellType>REGENERATION</WellType><Concentration>-1</Concentration><ConcentrationUnits>µg/ml</ConcentrationUnits><MolarConcentration>-1</MolarConcentration><MolarConcUnits>nM</MolarConcUnits><MolecularWeight>0</MolecularWeight><Temperature>30</Temperature><StartTime>5955849</StartTime><AssayTime>5</AssayTime></CommonData><FlowRate>1000</FlowRate><StepType>KREGENERATION</StepType><StepName>Regeneration</StepName><StepStatus>OK</StepStatus><ActualTime>4.9998</ActualTime><CycleTime>0.2</CycleTime><AssayXData Points="25">PhCkRdgRpEVxE6RFDRWkRaQWpEU+GKRF2BmkRXEbpEULHaRFph6kRT4gpEXaIaRFcSOkRQ0l
pEWkJqRFPiikRdoppEVzK6RFDS2kRaQupEVAMKRF2DGkRXEzpEULNaRFpDakRQ==</AssayXData><AssayYData Points="25">+OedP33Nkj+dDI0/PHKKP4IWhz9Mo4Q/AbaBP0KFfD8mbXc/7hFzP1xdbj8A5mc/QrhkP+nk
Xz9wO1s/FT1ZPwswVT88BFE/O01OP875Sj+xs0g/A/NFPya4RD8UAUI/1XlAPw==</AssayYData></Step><Step><CommonData><SampleLocation>8</SampleLocation><SampleID>PBS</SampleID><SampleGroup></SampleGroup><SampleInfo></SampleInfo><SampleRow>B</SampleRow><SamplePlate>1</SamplePlate><WellType>NEUTRALIZATION</WellType><Concentration>-1</Concentration><ConcentrationUnits>µg/ml</ConcentrationUnits><MolarConcentration>-1</MolarConcentration><MolarConcUnits>nM</MolarConcUnits><MolecularWeight>0</MolecularWeight><Temperature>30</Temperature><StartTime>5968942</StartTime><AssayTime>5</AssayTime></CommonData><FlowRate>1000</FlowRate><StepType>KREGENERATION</StepType><StepName>Regeneration</StepName><StepStatus>OK</StepStatus><ActualTime>4.9998</ActualTime><CycleTime>0.2</CycleTime><AssayXData Points="25">PjikRdo5pEVxO6RFDT2kRaQ+pEU+QKRF2EGkRXFDpEUNRaRFpkakRUBIpEXYSaRFcUukRQ1N
pEWkTqRFPlCkRdhRpEVzU6RFDVWkRaZWpEU+WKRF2FmkRXNbpEULXaRFpF6kRQ==</AssayXData><AssayYData Points="25">nXKIQLLziEALdIlAsduJQBgyikDdjIpAYuCKQH70ikDW9YpA/kqLQLNyi0CmaItAQ7KLQKXN
i0DJ7ItA4RyMQMsejEBRV4xAdzqMQHB5jECOjYxAxXCMQEtqjEDtpIxABIeMQA==</AssayYData></Step><Step><CommonData><SampleLocation>7</SampleLocation><SampleID>Glycine</SampleID><SampleGroup></SampleGroup><SampleInfo></SampleInfo><SampleRow>B</SampleRow><SamplePlate>1</SamplePlate><WellType>REGENERATION</WellType><Concentration>-1</Concentration><ConcentrationUnits>µg/ml</ConcentrationUnits><MolarConcentration>-1</MolarConcentration><MolarConcUnits>nM</MolarConcUnits><MolecularWeight>0</MolecularWeight><Temperature>30</Temperature><StartTime>5982026</StartTime><AssayTime>5</AssayTime></CommonData><FlowRate>1000</FlowRate><StepType>KREGENERATION</StepType><StepName>Regeneration</StepName><StepStatus>OK</StepStatus><ActualTime>4.9998</ActualTime><CycleTime>0.2</CycleTime><AssayXData Points="25">PmCkRdphpEVzY6RFD2WkRaRmpEU+aKRF2GmkRXFrpEULbaRFpm6kRT5wpEXYcaRFc3OkRQt1
pEWkdqRFPnikRdh5pEVze6RFC32kRaZ+pEU+gKRF2IGkRXGDpEULhaRFpIakRQ==</AssayXData><AssayYData Points="25">XMJ1P6PqYD+NRVc/omBQP5+ESz97y0U/aFFBP/ysPj/KLjw/AXI5P9EdNz9XuzQ/LtAyP+le
MT9/Mi4/ERotPyVKKz8ymCs/i4QoP5FLJz8pESc/UrklPwxbJT8ELCQ/OikiPw==</AssayYData></Step><Step><CommonData><SampleLocation>8</SampleLocation><SampleID>PBS</SampleID><SampleGroup></SampleGroup><SampleInfo></SampleInfo><SampleRow>B</SampleRow><SamplePlate>1</SamplePlate><WellType>NEUTRALIZATION</WellType><Concentration>-1</Concentration><ConcentrationUnits>µg/ml</ConcentrationUnits><MolarConcentration>-1</MolarConcentration><MolarConcUnits>nM</MolarConcUnits><MolecularWeight>0</MolecularWeight><Temperature>30</Temperature><StartTime>5995121</StartTime><AssayTime>5</AssayTime></CommonData><FlowRate>1000</FlowRate><StepType>KREGENERATION</StepType><StepName>Regeneration</StepName><StepStatus>OK</StepStatus><ActualTime>4.9998</ActualTime><CycleTime>0.2</CycleTime><AssayXData Points="25">PoikRdiJpEVxi6RFDY2kRaaOpEU+kKRF2JGkRXOTpEUNlaRFpJakRUCYpEXYmaRFc5ukRQ2d
pEWknqRFPqCkRdihpEVzo6RFDaWkRaSmpEU+qKRF2qmkRXOrpEUNraRFpK6kRQ==</AssayXData><AssayYData Points="25">En+HQDouiEAts4hAOtmIQC5tiUDQjYlAL+2JQGRBikBNYopAcIyKQB6vikDd84pADP2KQAEm
i0DvMotAICyLQGx3i0Dqa4tAw5iLQDa2i0Db14tA7+KLQPDbi0Da7otA5g+MQA==</AssayYData></Step><Step><CommonData><SampleLocation>7</SampleLocation><SampleID>Glycine</SampleID><SampleGroup></SampleGroup><SampleInfo></SampleInfo><SampleRow>B</SampleRow><SamplePlate>1</SamplePlate><WellType>REGENERATION</WellType><Concentration>-1</Concentration><ConcentrationUnits>µg/ml</ConcentrationUnits><MolarConcentration>-1</MolarConcentration><MolarConcUnits>nM</MolarConcUnits><MolecularWeight>0</MolecularWeight><Temperature>30</Temperature><StartTime>6008206</StartTime><AssayTime>5</AssayTime></CommonData><FlowRate>1000</FlowRate><StepType>KREGENERATION</StepType><StepName>Regeneration</StepName><StepStatus>OK</StepStatus><ActualTime>4.9998</ActualTime><CycleTime>0.2</CycleTime><AssayXData Points="25">PrCkRdqxpEVxs6RFDbWkRaa2pEU+uKRF2rmkRXG7pEULvaRFpr6kRT7ApEXawaRFc8OkRQvF
pEWkxqRFQsikRdjJpEVxy6RFDc2kRaTOpEU+0KRF2tGkRXPTpEUL1aRFpNakRQ==</AssayXData><AssayYData Points="25">FE9qPxDDVz9MPE8/E1dHP2nkQT+0wD8/E386P9uINz89eDU/QiYyP0lHMT9xzC8/+RgtP4a6
LD8KWis/JJgpP9IzKD8e1yc/990lPzCeIz9ZdyU/EOsjP+6+IT+myCE/8JIiPw==</AssayYData></Step><Step><CommonData><SampleLocation>8</SampleLocation><SampleID>PBS</SampleID><SampleGroup></SampleGroup><SampleInfo></SampleInfo><SampleRow>B</SampleRow><SamplePlate>1</SamplePlate><WellType>NEUTRALIZATION</WellType><Concentration>-1</Concentration><ConcentrationUnits>µg/ml</ConcentrationUnits><MolarConcentration>-1</MolarConcentration><MolarConcUnits>nM</MolarConcUnits><MolecularWeight>0</MolecularWeight><Temperature>30</Temperature><StartTime>6021305</StartTime><AssayTime>5</AssayTime></CommonData><FlowRate>1000</FlowRate><StepType>KREGENERATION</StepType><StepName>Regeneration</StepName><StepStatus>OK</StepStatus><ActualTime>4.9998</ActualTime><CycleTime>0.2</CycleTime><AssayXData Points="25">PtikRdjZpEVx26RFC92kRaTepEVA4KRF2uGkRXHjpEUN5aRFpuakRT7opEXY6aRFceukRQvt
pEWm7qRFPvCkRdjxpEVx86RFC/WkRab2pEVA+KRF2vmkRXH7pEUL/aRFpP6kRQ==</AssayXData><AssayYData Points="25">TRyIQPOhiEAINYlAjsGJQM3XiUDYSIpA7o2KQMLCikCN8opAWhiLQK1Wi0CieotAeoeLQBqX
i0DYw4tAzOGLQBv4i0BWAYxANRGMQGw1jECgaoxASTuMQIh1jECEjIxASoaMQA==</AssayYData></Step><Step><CommonData><SampleLocation>3</SampleLocation><SampleID>Octet Buffer</SampleID><SampleGroup></SampleGroup><SampleInfo></SampleInfo><SampleRow>A</SampleRow><SamplePlate>1</SamplePlate><WellType>BUFFER</WellType><Concentration>-1</Concentration><ConcentrationUnits>µg/ml</ConcentrationUnits><MolarConcentration>-1</MolarConcentration><MolarConcUnits>nM</MolarConcUnits><MolecularWeight>0</MolecularWeight><Temperature>30</Temperature><StartTime>6035727</StartTime><AssayTime>20</AssayTime></CommonData><FlowRate>1000</FlowRate><StepType>CUSTOM</StepType><StepName>Sensor Check</StepName><StepStatus>OK</StepStatus><ActualTime>19.9998</ActualTime><CycleTime>0.2</CycleTime><AssayXData Points="100">PgClRdoBpUVzA6VFDQWlRaQGpUU+CKVF2AmlRXELpUULDaVFpA6lRT4QpUXaEaVFcxOlRQsV
pUWmFqVFQBilRdoZpUVzG6VFCx2lRaYepUU+IKVF2iGlRXMjpUULJaVFpCalRT4opUXaKaVF
cSulRQstpUWkLqVFPjClRdgxpUVxM6VFDTWlRaQ2pUVAOKVF2DmlRXE7pUUNPaVFpD6lRUBA
pUXYQaVFcUOlRQtFpUWkRqVFPkilRdpJpUVzS6VFC02lRaROpUVAUKVF2FGlRXNTpUULVaVF
pFalRT5YpUXaWaVFc1ulRQ1dpUWkXqVFPmClRdhhpUVzY6VFC2WlRaRmpUU+aKVF4mmlRXNr
pUUNbaVFpG6lRT5wpUXYcaVFcXOlRQ11pUWkdqVFPnilRdp5pUVze6VFDX2lRaZ+pUVAgKVF
2oGlRXGDpUUNhaVFpoalRT6IpUXYiaVFcYulRQ2NpUWkjqVFPpClRdiRpUVxk6VFDZWlRaaW
pUVAmKVF2pmlRXGbpUUNnaVFpJ6lRQ==</AssayXData><AssayYData Points="100">nmmGQN/ChEBMdoNA0nOCQJ3fgUDlcYFAQ0+BQCswgUDfJYFAIv2AQE8MgUATRIFAxhqBQP80
gUDCVYFAOz2BQLNXgUC5V4FAAn+BQAiDgUCZjYFAMsiBQEu7gUDPxYFAzLiBQLy2gUA954FA
kfmBQKAhgkBLCIJAEyiCQNTugUB2K4JAkCuCQHs/gkD2ToJACWqCQCdrgkBwfIJANZmCQGaM
gkBicoJAbJ+CQAutgkC8hYJAe4KCQFPDgkBstIJAKsSCQNjjgkDT64JArrSCQJPogkDsAINA
g82CQNIMg0BLs4JA4sqCQHUFg0CvBINAwwyDQNsig0DyCYNApQKDQP0pg0AlMINA+SSDQEgu
g0C/TINAlzGDQAc4g0B+XINADECDQCwlg0CSUoNAYF2DQKlag0ADboNAUDqDQBKBg0ATgoNA
hqGDQCJrg0AqcYNAL4qDQE1yg0D9n4NAQJODQNZ1g0AJgINAiIuDQA2Ng0ALyYNAIbuDQBmu
g0C1moNAH7GDQDnCg0BpkoNAPsaDQA==</AssayYData></Step><Step><CommonData><SampleLocation>20</SampleLocation><SampleID>SI-157X64_P5538</SampleID><SampleGroup></SampleGroup><SampleInfo></SampleInfo><SampleRow>A</SampleRow><SamplePlate>1</SamplePlate><WellType>KLOAD</WellType><Concentration>5</Concentration><ConcentrationUnits>µg/ml</ConcentrationUnits><MolarConcentration>5000</MolarConcentration><MolarConcUnits>nM</MolarConcUnits><MolecularWeight>0</MolecularWeight><Temperature>30</Temperature><StartTime>6066996</StartTime><AssayTime>120</AssayTime></CommonData><FlowRate>1000</FlowRate><StepType>LOADING</StepType><StepName>Loading</StepName><StepStatus>OK</StepStatus><ActualTime>120</ActualTime><CycleTime>0.2</CycleTime><AssayXData Points="600">PqClRdihpUVxo6VFDaWlRaSmpUVAqKVF2KmlRXGrpUULraVFpK6lRUCwpUXYsaVFcbOlRQu1
pUWktqVFPrilRdq5pUVxu6VFDb2lRaS+pUU+wKVF2MGlRXHDpUULxaVFpsalRT7IpUXYyaVF
cculRQvNpUWmzqVFPtClRdrRpUVx06VFC9WlRaTWpUU+2KVF2NmlRXHbpUUL3aVFqN6lRT7g
pUXY4aVFceOlRQvlpUWm5qVFPuilRdrppUVx66VFC+2lRabupUU+8KVF2vGlRXHzpUUL9aVF
pvalRUD4pUXY+aVFcfulRQ39pUWk/qVFPgCmRdgBpkVxA6ZFDQWmRaYGpkU+CKZF2gmmRXEL
pkUNDaZFpg6mRT4QpkXYEaZFcROmRQsVpkWkFqZFPhimRdgZpkVzG6ZFDR2mRaQepkU+IKZF
2CGmRXEjpkULJaZFpCamRT4opkXYKaZFcyumRQ0tpkWoLqZFQDCmRdgxpkVxM6ZFCzWmRaQ2
pkU+OKZF2DmmRXE7pkULPaZFpj6mRUBApkXYQaZFcUOmRQ1FpkWkRqZFPkimRdhJpkVxS6ZF
DU2mRaROpkU+UKZF2FGmRXFTpkULVaZFpFamRT5YpkXaWaZFcVumRQtdpkWkXqZFPmCmRdph
pkVxY6ZFC2WmRaZmpkVAaKZF2GmmRXFrpkUNbaZFpm6mRT5wpkXYcaZFcXOmRQt1pkWkdqZF
PnimRdp5pkVze6ZFDX2mRaR+pkU+gKZF2IGmRXODpkUNhaZFpIamRUCIpkXYiaZFc4umRQ2N
pkWkjqZFPpCmRdiRpkVxk6ZFC5WmRaaWpkVAmKZF2JmmRXGbpkUNnaZFpJ6mRUCgpkXYoaZF
caOmRQ2lpkWkpqZFPqimRdqppkVxq6ZFC62mRaaupkU+sKZF2LGmRXGzpkULtaZFpLamRUC4
pkXauaZFcbumRQu9pkWkvqZFPsCmRdjBpkVxw6ZFC8WmRabGpkU+yKZF2smmRXPLpkULzaZF
pM6mRT7QpkXY0aZFcdOmRQvVpkWm1qZFPtimRdjZpkVx26ZFC92mRabepkU+4KZF2OGmRXPj
pkUN5aZFpOamRT7opkXY6aZFceumRQ3tpkWk7qZFPvCmRdjxpkVx86ZFDfWmRaT2pkU++KZF
2vmmRXH7pkUL/aZFpP6mRUAAp0XaAadFcwOnRQ0Fp0WkBqdFQAinRdoJp0VxC6dFCw2nRaQO
p0U+EKdF2hGnRXETp0UNFadFpBanRUAYp0XaGadFcRunRQsdp0WkHqdFPiCnRdghp0VxI6dF
DSWnRaQmp0U+KKdF2CmnRXErp0UNLadFpC6nRT4wp0XYMadFczOnRQ01p0WkNqdFPjinRdo5
p0VxO6dFCz2nRaY+p0U+QKdF2EGnRXNDp0ULRadFpEanRUBIp0XYSadFcUunRQtNp0WmTqdF
PlCnRdhRp0VzU6dFDVWnRaRWp0U+WKdF2lmnRXNbp0ULXadFpF6nRUBgp0XYYadFc2OnRQ1l
p0WmZqdFPminRdhpp0Vxa6dFC22nRaRup0U+cKdF2HGnRXFzp0UNdadFpHanRT54p0XaeadF
c3unRQ19p0WkfqdFQICnRdiBp0Vxg6dFC4WnRaaGp0U+iKdF2ImnRXGLp0ULjadFpI6nRT6Q
p0XakadFcZOnRQ2Vp0WklqdFPpinRdqZp0Vxm6dFC52nRaSep0U+oKdF2qGnRXOjp0UNpadF
pKanRT6op0XYqadFc6unRQutp0WmrqdFPrCnRdqxp0Vxs6dFC7WnRaa2p0U+uKdF2LmnRXG7
p0UNvadFpL6nRUDAp0XYwadFccOnRQvFp0WmxqdFQsinRdjJp0Vxy6dFDc2nRabOp0U+0KdF
2tGnRXHTp0UL1adFpNanRUDYp0XY2adFcdunRQvdp0Wm3qdFPuCnRdjhp0Vx46dFDeWnRaTm
p0U+6KdF2OmnRXHrp0UL7adFpO6nRT7wp0Xa8adFcfOnRQ31p0Wm9qdFPvinRdj5p0Vx+6dF
C/2nRaT+p0U+AKhF2gGoRXEDqEUNBahFpAaoRT4IqEXaCahFcwuoRQsNqEWkDqhFQBCoRdoR
qEVxE6hFCxWoRaYWqEVAGKhF2BmoRXEbqEULHahFpB6oRT4gqEXYIahFcyOoRQslqEWmJqhF
QCioRdgpqEVxK6hFCy2oRaQuqEVAMKhF2jGoRXMzqEULNahFpDaoRT44qEXYOahFcTuoRQs9
qEWmPqhFPkCoRdhBqEVxQ6hFC0WoRaRGqEVASKhF2EmoRXNLqEULTahFpk6oRUBQqEXYUahF
c1OoRQtVqEWmVqhFQFioRdhZqEVxW6hFC12oRaZeqEU+YKhF2GGoRXNjqEUNZahFpmaoRUBo
qEXYaahFc2uoRQttqEWmbqhFPnCoRdhxqEVxc6hFC3WoRaZ2qEU+eKhF2HmoRXN7qEUNfahF
pn6oRT6AqEXagahFcYOoRQuFqEWmhqhFPoioRdiJqEVxi6hFC42oRaSOqEU+kKhF2JGoRXOT
qEULlahFppaoRT6YqEXYmahFcZuoRQ2dqEWmnqhFPqCoRdqhqEVzo6hFC6WoRaamqEU+qKhF
2KmoRXOrqEULrahFpK6oRT6wqEXYsahFcbOoRQu1qEWktqhFPrioRdq5qEVxu6hFDb2oRaS+
qEVAwKhF2MGoRXPDqEUNxahFpsaoRT7IqEXYyahFc8uoRQvNqEWkzqhFPtCoRdrRqEVx06hF
C9WoRaTWqEU+2KhF2NmoRXHbqEUL3ahFpt6oRT7gqEXY4ahFc+OoRQ3lqEWk5qhFPuioRdjp
qEVx66hFC+2oRaTuqEU+8KhF2PGoRXHzqEUN9ahFpPaoRT74qEXa+ahFc/uoRQv9qEWm/qhF
PgCpRdgBqUVzA6lFDQWpRaYGqUVACKlF2AmpRXMLqUULDalFpA6pRUAQqUXYEalFcROpRQ0V
qUWmFqlFPhipRdgZqUVzG6lFDR2pRaQeqUVAIKlF2iGpRXEjqUULJalFpCapRT4oqUXYKalF
cyupRQstqUWkLqlFPjCpRdgxqUVxM6lFCzWpRaQ2qUU+OKlF2DmpRXM7qUUNPalFpj6pRUBA
qUXYQalFc0OpRQtFqUWkRqlFQEipRdhJqUVzS6lFDU2pRaROqUVAUKlF2FGpRXFTqUULValF
pFapRUBYqUXYWalFc1upRQ1dqUWkXqlF</AssayXData><AssayYData Points="600">jC6DQBh2g0DcuINAO7SDQKUQhEAjFIRA8iGEQKM+hEAAZ4RAYHCEQKh9hEB1tYRAGpiEQAiu
hEBV6oRAxsWEQJ8WhUBDDIVA3QiFQJgZhUBoXYVAmS+FQK00hUDleoVAHH6FQCyBhUAy1YVA
i72FQFWXhUAu3oVACRCGQPzyhUBCCYZAgS2GQEz5hUAzMYZA7TaGQNxYhkCWfIZASWeGQDNd
hkAsZoZABXyGQBW2hkBIrIZAYOCGQDn0hkBN24ZA1AWHQHkdh0CXB4dA8emGQFsmh0DVI4dA
uVeHQM1sh0BIVYdAopOHQI+9h0BtuodAp5mHQM7zh0APwIdAZL2HQMbwh0AR84dA9BKIQGUa
iED9IIhAo/OHQFE3iECGXIhA+kmIQMRXiECAZIhA6JiIQEN+iEDFu4hAG8WIQK/CiECL5IhA
DfKIQA/fiEC55YhABgmJQDzxiECWDolAA1WJQOMiiUA1ZolAhGKJQCt/iUDoSolAe3+JQFyY
iUCsd4lAm5uJQLzTiUAzw4lASdGJQAcAikDyy4lAPQaKQOsbikAlDopA3zqKQHA0ikAhPopA
OSmKQECAikBKa4pAzHKKQN95ikCen4pAn1yKQKyEikBoxIpA9b2KQNHlikBxy4pAFcSKQEr2
ikAYHotAsOiKQNkii0CdH4tAXQCLQBI8i0DnPYtApTeLQOAki0AEV4tAamSLQOV2i0D9nYtA
5sOLQI+3i0BXkotAPqGLQJOVi0AzzItAFBGMQJzui0CA34tA2wGMQFQAjEC+DoxAiTKMQDRA
jEDRNYxAgzWMQARcjEBgSIxA6VqMQD6bjECeh4xA8XiMQAOQjEAliIxAvXSMQGWxjECzyoxA
4aWMQBDWjECO5oxAUMmMQNPVjEAJAY1AuQGNQPIUjUC8RY1AuTeNQHM5jUDjO41ALUeNQIZC
jUDEc41AXHqNQBNzjUDFnI1AyoCNQKGAjUBnr41AibeNQK+LjUBhuY1A39mNQIK1jUDVzI1A
iAWOQEXQjUDb4I1A9g6OQKkGjkAcGo5AZR6OQBokjkArFo5Ax1uOQJMijkA7KI5AdYOOQIaC
jkD8VI5AVluOQM2cjkAPdo5AJYCOQKO+jkAu045AR6KOQOjvjkBbyo5A2uGOQPvSjkDI645A
O/mOQMYIj0A8B49AgAiPQH4Ej0B1KY9AWhiPQE0ej0B/do9ASD6PQE9dj0CsSo9AJViPQJdX
j0DXiI9AP4WPQJBbj0DXZ49AIaSPQLpdj0Ceso9AbqCPQP+aj0B5v49Aw9OPQEeuj0Au0I9A
VvWPQHvyj0B74o9Arf2PQNbej0C0EJBAqzGQQD0HkECjDpBAlxaQQIs6kEClKpBAlHeQQGFF
kEAYSJBASWOQQDlrkEChR5BA/IiQQA5okEDtgpBAlo+QQI2ekEBswJBAr42QQLKjkEB3sJBA
ua6QQGSykEAb3pBANreQQCrFkECS/pBAAdiQQK7qkEBoA5FAbuWQQDL+kEDh/pBA5wCRQAw1
kUAzPpFA5g2RQAoIkUAASJFARkaRQEBGkUAybZFA1G2RQAhKkUAdQ5FAO4aRQFNnkUDxjJFA
HJ6RQGORkUAVwJFAfK+RQJufkUDZoJFA1MaRQMWokUASpJFA09KRQKXXkUDospFAVs+RQEb8
kUDU5pFAMfyRQDQJkkDI/5FAyf2RQNcTkkDVA5JAQTOSQAsdkkAiUpJAbw+SQClZkkD5LJJA
qD2SQIFFkkDgVpJAiS2SQC1RkkB8RZJAuT+SQAA8kkB+VZJAKVmSQEFPkkD9cJJARHqSQG2N
kkA4mZJA6pWSQMlukkDZp5JAbZaSQFyWkkCrspJA2a6SQKizkkB/kpJAmrKSQM+ikkBk5JJA
t9ySQM3nkkCH0JJAytOSQGThkkC315JAmxeTQF0ak0Au7pJAQgqTQMsik0AMEpNACiuTQDgr
k0BKDJNALi6TQFBkk0AeY5NAuPuSQGBRk0DpQZNA00GTQKNQk0B2fZNAcEGTQFNrk0APlpNA
RZGTQEapk0AtqpNAgYqTQC+ek0DUxJNAdYSTQKSbk0BjrJNAytiTQPaOk0Bh5ZNAiciTQFbP
k0C88pNAwQSUQHzIk0C02ZNAITWUQITbk0AW+ZNANyWUQMgHlECBCpRA7/2TQFIYlEBdEZRA
HjOUQG0zlEBqPpRAij2UQEdclEAjJ5RAkzeUQDBQlEAjKpRAkk+UQJ5olECEV5RAz1yUQGJ9
lEAbiZRAdEeUQNJalECdaJRAvnyUQPtnlEAye5RAS4eUQAtTlEDClZRAnniUQOqFlEBvtpRA
uqWUQDCTlEBv3ZRA/sWUQBOtlEAa1pRA9MmUQPyglEBg0JRAKv+UQOXDlEAs85RAZdKUQK/q
lEAVDJVAAhaVQPbllEDNCJVA/xeVQCEplUBr+5RANT+VQHI6lUACNZVAjTWVQGkslUBgNJVA
RDaVQItDlUBfRZVALz2VQJdHlUCLNpVAxjCVQAxJlUDIXJVAf0CVQIZwlUAUbJVAqmWVQIZm
lUCgepVAjHKVQNNslUBekJVAx1qVQFCDlUBEkJVA73iVQKSJlUCdspVAGaeVQKuOlUD+r5VA
1auVQM/ElUCkvJVAdcaVQJKMlUDt35VArbyVQJ26lUB20pVAwgeWQK++lUAa2JVAxfWVQK3e
lUCS7ZVAVQaWQHLnlUBu6JVAmf2VQPrplUCD+JVAvQqWQNsRlkBE9pVAGTaWQLYmlkDE75VA
kCCWQMxLlkBjDJZATlCWQCdBlkDSCpZA3T6WQDpAlkCRO5ZA6CuWQPhalkAXQZZAO1GWQKxj
lkBHRpZAmVWWQARilkDCW5ZAMnGWQCVPlkCkeZZAGF6WQNaElkAmdZZAYH2WQJZ0lkDumZZA
F6CWQN6clkBQs5ZAILmWQL+alkAsmZZAgrSWQLKHlkDiZZZAlbKWQL+flkAJqJZAe+qWQFOx
lkA+oZZAC+iWQBLnlkAn3ZZACs6WQFW7lkDEsZZAQOGWQA+zlkDu15ZASsSWQB30lkAXw5ZA
XOWWQIbwlkDdzpZAyMiWQEcQl0C30JZA0vuWQIUUl0CMFpdAUQWXQGkJl0DaK5dAYQSXQBU1
l0BMHZdATgCXQLn9lkDPMpdAMBGXQJ8Ul0CuQ5dA9TCXQHMLl0DYI5dAOf6WQJUfl0D+LJdA
aTmXQAhJl0DyZJdAXDqXQFhhl0CoTpdA</AssayYData></Step><Step><CommonData><SampleLocation>3</SampleLocation><SampleID>Octet Buffer</SampleID><SampleGroup></SampleGroup><SampleInfo></SampleInfo><SampleRow>A</SampleRow><SamplePlate>1</SamplePlate><WellType>BUFFER</WellType><Concentration>-1</Concentration><ConcentrationUnits>µg/ml</ConcentrationUnits><MolarConcentration>-1</MolarConcentration><MolarConcUnits>nM</MolarConcUnits><MolecularWeight>0</MolecularWeight><Temperature>30</Temperature><StartTime>6198454</StartTime><AssayTime>100</AssayTime></CommonData><FlowRate>1000</FlowRate><StepType>BASELINE</StepType><StepName>Baseline</StepName><StepStatus>OK</StepStatus><ActualTime>100.001</ActualTime><CycleTime>0.2</CycleTime><AssayXData Points="500">PmCpRdhhqUVxY6lFC2WpRaRmqUU+aKlF2mmpRXNrqUUNbalFpm6pRT5wqUXacalFcXOpRQt1
qUWmdqlFQHipRdh5qUVxe6lFDX2pRaR+qUVAgKlF2oGpRXODqUUNhalFpoapRT6IqUXYialF
c4upRQuNqUWkjqlFPpCpRdiRqUVxk6lFC5WpRaSWqUU+mKlF2pmpRXGbqUULnalFpJ6pRT6g
qUXYoalFcaOpRQulqUWmpqlFQKipRdipqUVxq6lFC62pRaSuqUU+sKlF2LGpRXGzqUULtalF
pLapRT64qUXYualFcbupRQu9qUWkvqlFQMCpRdjBqUVxw6lFC8WpRaTGqUVAyKlF2smpRXPL
qUUNzalFps6pRUDQqUXY0alFcdOpRQ3VqUWk1qlFQNipRdjZqUVx26lFC92pRaTeqUVA4KlF
2uGpRXPjqUUN5alFpOapRT7oqUXY6alFc+upRQvtqUWk7qlFPvCpRdjxqUVx86lFD/WpRaT2
qUU++KlF2vmpRXH7qUUL/alFpP6pRT4AqkXYAapFcQOqRQ0FqkWkBqpFPgiqRdgJqkVzC6pF
Cw2qRaYOqkU+EKpF2BGqRXMTqkULFapFphaqRT4YqkXYGapFcRuqRQ0dqkWmHqpFPiCqRdgh
qkVxI6pFDSWqRaQmqkU+KKpF2imqRXErqkUNLapFpi6qRUAwqkXaMapFcTOqRQs1qkWkNqpF
QDiqRdg5qkVxO6pFCz2qRaY+qkU+QKpF2kGqRXFDqkULRapFpkaqRT5IqkXYSapFc0uqRQ1N
qkWkTqpFQFCqRdhRqkVxU6pFC1WqRaZWqkVAWKpF2FmqRXFbqkUNXapFpl6qRT5gqkXYYapF
cWOqRQtlqkWmZqpFPmiqRdppqkVxa6pFC22qRaRuqkU+cKpF2HGqRXNzqkULdapFpHaqRUB4
qkXYeapFcXuqRQt9qkWkfqpFPoCqRdiBqkVxg6pFC4WqRaSGqkU+iKpF2omqRXOLqkULjapF
pI6qRT6QqkXakapFc5OqRQ2VqkWklqpFPpiqRdqZqkVxm6pFDZ2qRaaeqkU+oKpF2KGqRXGj
qkUNpapFpKaqRT6oqkXYqapFcauqRQutqkWkrqpFPrCqRdqxqkVzs6pFDbWqRaa2qkU+uKpF
2LmqRXO7qkULvapFpL6qRT7AqkXYwapFccOqRQvFqkWkxqpFPsiqRdrJqkVxy6pFC82qRabO
qkU+0KpF2NGqRXHTqkUN1apFptaqRT7YqkXY2apFc9uqRQ3dqkWk3qpFQuCqRdrhqkVz46pF
DeWqRaTmqkVA6KpF2OmqRXHrqkUN7apFCe+qRU7wqkXa8apFB/SqRU71qkWk9qpFQPiqRdj5
qkVx+6pFC/2qRaT+qkVAAKtF2gGrRXEDq0ULBatFpgarRT4Iq0XaCatFcQurRQsNq0WkDqtF
QBCrRdgRq0VxE6tFCxWrRaYWq0VAGKtF2BmrRXMbq0ULHatFph6rRUAgq0XaIatFcSOrRQsl
q0WkJqtFPiirRdgpq0VxK6tFDS2rRaYuq0U+MKtF2DGrRXEzq0UNNatFpDarRT44q0XYOatF
cTurRQs9q0WmPqtFQECrRdhBq0VzQ6tFC0WrRaRGq0U+SKtF2EmrRXFLq0UNTatFpk6rRT5Q
q0XaUatFc1OrRQ1Vq0WkVqtFPlirRdhZq0VzW6tFDV2rRaReq0U+YKtF2GGrRXNjq0ULZatF
pGarRUBoq0XaaatFcWurRQttq0WmbqtFPnCrRdhxq0Vxc6tFC3WrRaR2q0U+eKtF2HmrRXF7
q0ULfatFpH6rRUCAq0XagatFc4OrRQuFq0WmhqtFQIirRdiJq0Vzi6tFC42rRaSOq0U+kKtF
2JGrRXGTq0ULlatFpJarRT6Yq0XYmatFc5urRQudq0WknqtFQKCrRdqhq0Vxo6tFC6WrRaSm
q0U+qKtF2KmrRXGrq0UNratFpK6rRUCwq0XasatFcbOrRQu1q0WmtqtFPrirRdq5q0Vzu6tF
Db2rRaS+q0VAwKtF2MGrRXHDq0ULxatFpMarRT7Iq0XYyatFccurRQ3Nq0WmzqtFQNCrRdjR
q0Vx06tFC9WrRaTWq0VA2KtF2tmrRXHbq0UL3atFpN6rRUDgq0XY4atFc+OrRQ3lq0Wk5qtF
QOirRdjpq0Vx66tFC+2rRaTuq0VA8KtF2PGrRXHzq0UN9atFpParRT74q0XY+atFcfurRQv9
q0Wk/qtFPgCsRdoBrEVxA6xFCwWsRaYGrEVACKxF2AmsRXELrEULDaxFpg6sRT4QrEXaEaxF
cxOsRQsVrEWmFqxFPhisRdgZrEVxG6xFCx2sRaYerEU+IKxF2CGsRXEjrEUNJaxFpCasRUAo
rEXaKaxFcSusRQstrEWkLqxFPjCsRdgxrEVxM6xFDTWsRaQ2rEU+OKxF2DmsRXE7rEUNPaxF
pD6sRT5ArEXYQaxFcUOsRQ1FrEWmRqxFPkisRdhJrEVzS6xFC02sRaROrEU+UKxF2FGsRXFT
rEULVaxFplasRT5YrEXYWaxFcVusRQtdrEWmXqxFPmCsRdhhrEVzY6xFC2WsRaRmrEU+aKxF
2mmsRXNrrEUNbaxFpG6sRT5wrEXYcaxFc3OsRQt1rEWkdqxFQHisRdp5rEVxe6xFDX2sRaZ+
rEU=</AssayXData><AssayYData Points="500">wfOWQAIEl0DTNZdAtz6XQJZql0Azb5dAkmqXQB16l0CjUpdAZHaXQFmbl0A3mZdAQoKXQHCX
l0CGk5dA2bOXQI3Dl0BdsJdAJqOXQDm7l0CZr5dAfq+XQGawl0AdyJdA49KXQE3Cl0DK2pdA
3OyXQLq5l0C+2ZdANI+XQMWyl0CGtJdA/uaXQAq/l0Bru5dAVdmXQM7Ml0Azw5dABtuXQI3O
l0BD3ZdASsmXQMjDl0DxwpdAf8CXQNPal0Ajr5dAqs6XQITRl0Ce6JdAJN+XQP3vl0Dq4pdA
As6XQFzXl0BU0JdAk9aXQDD/l0BqyJdADc6XQBT7l0B4tZdA/8CXQMHhl0BD+pdANAaYQND9
l0CO1pdAtdeXQA+8l0Bd/5dABd2XQC7il0CT75dAq9mXQMwZmECh8pdA/uqXQJTyl0D77ZdA
8uSXQH7Hl0BT9pdA89+XQGfPl0BIB5hAV/SXQC76l0CX4ZdAAvuXQPAKmEB4/5dAIwGYQKr3
l0BzIJhAxRCYQDAEmEAU6pdAqhuYQHPql0DGyZdAlQCYQFHpl0Cc3JdA/f2XQNjhl0BW2pdA
gOeXQIgPmEA4+pdAy+2XQN0ZmEC4C5hAEheYQHMhmEDC75dAABiYQHI0mEAPMJhAvQWYQIwh
mEB+6ZdAFS+YQKkYmEDAQJhAIxyYQGopmED4SphAWDWYQBU9mEB9aJhAZRSYQGocmEA8GphA
5DuYQE8YmEByH5hAuzmYQKESmED6PZhA5yyYQCIgmEASKZhAOQaYQA8mmEAIL5hAMAiYQPEc
mECWLZhAOUGYQFotmEAlR5hAji2YQOIVmEASPJhA7yKYQNUomEClMZhAPTaYQM84mEC6SJhA
l0GYQAwLmECtNZhAoRiYQK9WmEDuMphA9UWYQB8xmEC/SJhAB0GYQLovmECfRZhAgBCYQJJB
mEDkO5hANiOYQFgYmEDTTJhAVUqYQA9/mEBoLJhA1WeYQGVKmECSVphA9lyYQMEzmEBEMZhA
ejGYQC1EmEDjRZhAxmCYQHpCmECrVJhAg0eYQFVRmEDbQphAMj+YQH9QmEBVO5hAOVKYQFNH
mEA2TJhAtHCYQO9JmEB1S5hAdzuYQBYomEAaEphA0TyYQKNPmEB9GphAwyaYQIBZmECbS5hA
hTSYQJdEmECwU5hAf0iYQNIkmECdN5hA6SqYQMIRmEB1QJhAfAqYQKJDmEDpR5hAqSqYQHhF
mEBvRZhADVKYQG4emEChV5hAhy+YQAVDmECnNphAVnGYQI9XmEAEJ5hASDiYQAc2mEC1P5hA
a0aYQDxNmEBQfphADi2YQHM+mECcTJhAb3aYQG1QmEAtXZhAEHCYQCVgmEAdRZhAdliYQGhd
mEDhXZhAj2KYQOuAmEDsNZhAyHOYQIV/mEAzW5hA22uYQOpMmEA9cZhAPFeYQLeAmEA3RphA
i2mYQBV6mEAyYZhAdF2YQD1kmEAvc5hAummYQMt4mEAYk5hAvG+YQMKHmEAUeZhAbnKYQEl2
mECKb5hA7WuYQA1wmEBtZZhAAVOYQGd2mECeephAe4qYQCVamEAEf5hAk32YQGCCmEBlS5hA
fmOYQDs9mEDWUZhAMk6YQH1NmEApjphAiHGYQK+AmEAOb5hAMlKYQDpMmEBDWphAeYGYQH1U
mEDzg5hAdI2YQG9zmEB8c5hArl+YQJ5zmEDHh5hAG0aYQNhfmECNe5hAd3eYQBJxmEDha5hA
/3SYQM1xmED/ephADliYQCxYmEDulZhAqXKYQI5PmEARe5hAoamYQCmLmEDoiZhA13uYQDJc
mECFfZhAK2aYQKN6mEC6fJhA9nOYQBFomEDve5hAgnGYQFKOmECLXZhAu4GYQG1OmECHbphA
VnqYQIiamEARiJhAbJKYQGyHmEAroJhAmZCYQCxwmEAEg5hAXFyYQN6DmEDnrphAGYuYQLCD
mEDofZhAuoqYQOegmEBjv5hAzqKYQNBumEAPvJhAibCYQNWpmECbrJhA0LSYQM20mECAtZhA
7bKYQJzGmEBOtJhAH3aYQFFpmECzn5hAoniYQFKdmEBhephAbHmYQH6SmEB9kZhAFpKYQIuS
mEC+kphAMamYQIJlmEARlJhAEY6YQKmUmED+gZhAoJaYQN9zmECMjJhA2oCYQBaQmECddJhA
QrGYQMSQmEAksphAXK6YQJ2dmEDIiJhAzpGYQLCXmEAMuJhAypGYQD2EmEBdoZhAqYWYQCKe
mEAdl5hAfZ6YQA+jmECCqZhAm3KYQMafmEDUpphAYpaYQAqumEAVfphAjbWYQNaMmEABi5hA
UriYQO6zmEBedphAE6qYQEGdmEBcm5hAdcKYQJ+2mEB0qJhAq6qYQPinmEAU0JhA9amYQI2r
mEDfsZhAb7KYQPyFmEA0rJhAN8yYQKOwmEDrrphAYM6YQNKlmEBGoZhA+9yYQJSVmEBjx5hA
1KCYQIiNmEC5mZhAqKKYQNSwmEDEpZhAMZ6YQOPDmEAtqZhAJ76YQPWgmEDCxJhABJyYQB60
mECsbphANa2YQI24mEAMu5hA5LmYQKm+mEBdrJhAXKSYQFjOmECQu5hARaKYQADWmECurJhA
BbOYQFC6mEAxq5hAScuYQASwmEA4q5hAzbmYQLKymEANyJhAX6WYQDDbmEA/v5hAnc+YQLS2
mEA=</AssayYData></Step><Step><CommonData><SampleLocation>4</SampleLocation><SampleID>hsCD3d/e_Acro_CDD-H52W1</SampleID><SampleGroup></SampleGroup><SampleInfo></SampleInfo><SampleRow>A</SampleRow><SamplePlate>1</SamplePlate><WellType>KSAMPLE</WellType><Concentration>-1</Concentration><ConcentrationUnits>µg/ml</ConcentrationUnits><MolarConcentration>200</MolarConcentration><MolarConcUnits>nM</MolarConcUnits><MolecularWeight>0</MolecularWeight><Temperature>30</Temperature><StartTime>6306737</StartTime><AssayTime>180</AssayTime></CommonData><FlowRate>1000</FlowRate><StepType>ASSOC</StepType><StepName>Association</StepName><StepStatus>OK</StepStatus><ActualTime>180</ActualTime><CycleTime>0.2</CycleTime><AssayXData Points="900">QICsRdyBrEV1g6xFD4WsRaaGrEVCiKxF2omsRXWLrEUNjaxFpo6sRUCQrEXokaxFc5OsRQ2V
rEWmlqxFQJisRdyZrEVzm6xFDZ2sRaaerEVCoKxF3KGsRXWjrEUNpaxFpqasRUCorEXaqaxF
dausRQ2trEWmrqxFQrCsRdyxrEVzs6xFD7WsRai2rEVAuKxF3LmsRXO7rEUNvaxFqL6sRUDA
rEXcwaxFc8OsRQ3FrEWoxqxFQMisRdzJrEVzy6xFDc2sRabOrEVC0KxF3NGsRXPTrEUP1axF
ptasRULYrEXa2axFc9usRQ3drEWo3qxFQOCsRdrhrEV146xFD+WsRajmrEVC6KxF2umsRXPr
rEUP7axFqO6sRULwrEXa8axFdfOsRQ31rEWm9qxFQvisRdz5rEV1+6xFD/2sRab+rEVAAK1F
3AGtRXMDrUUNBa1FqAatRUAIrUXaCa1FcwutRQ0NrUWoDq1FQBCtRdoRrUVzE61FDRWtRagW
rUVAGK1F2hmtRXMbrUUNHa1FqB6tRUAgrUXcIa1FcyOtRQ8lrUWmJq1FQCitRdoprUVzK61F
Dy2tRaYurUVAMK1F3DGtRXMzrUUNNa1FqDatRUA4rUXaOa1FczutRQ89rUWmPq1FQkCtRdpB
rUVzQ61FD0WtRaZGrUVCSK1F3EmtRXVLrUUNTa1Fpk6tRUJQrUXcUa1Fc1OtRQ1VrUWmVq1F
QFitRdpZrUV1W61FDV2tRaherUVAYK1F2mGtRXVjrUUPZa1FqGatRUJorUXaaa1FdWutRQ9t
rUWobq1FQHCtRdpxrUVzc61FD3WtRah2rUVAeK1F2nmtRXV7rUUNfa1FqH6tRUCArUXaga1F
c4OtRQ+FrUWmhq1FQoitRdqJrUVzi61FDY2tRaaOrUVAkK1F2pGtRXOTrUUNla1FppatRUCY
rUXema1Fc5utRQ+drUWonq1FQKCtRdyhrUV1o61FDaWtRaamrUVAqK1F3KmtRXOrrUUNra1F
qK6tRUCwrUXasa1Fc7OtRQ21rUWotq1FQLitRdq5rUV1u61FD72tRai+rUVCwK1F3MGtRXPD
rUUPxa1FqMatRUDIrUXaya1FdcutRQ/NrUWmzq1FQtCtRQHSrUVz061FDdWtRabWrUVA2K1F
3NmtRXXbrUUN3a1Fpt6tRUDgrUXa4a1Fc+OtRQ3lrUWm5q1FQOitRdrprUVz661FDe2tRaju
rUVA8K1F2vGtRXPzrUUN9a1FpvatRUD4rUXc+a1Fc/utRQ/9rUWm/q1FQACuRdwBrkVzA65F
DQWuRagGrkVCCK5F3gmuRXMLrkUPDa5Fpg6uRUIQrkXcEa5FcxOuRQ0VrkWoFq5FQBiuRdwZ
rkV1G65FDR2uRaYerkVAIK5F3CGuRXUjrkUPJa5FpiauRWMorkXcKa5FcyuuRQ0trkWmLq5F
QDCuRdoxrkVzM65FDzWuRaY2rkVAOK5F3DmuRXM7rkUNPa5Fpj6uRUBArkXcQa5Fc0OuRQ1F
rkWoRq5FQkiuRdpJrkVzS65FD02uRaZOrkVCUK5F2lGuRXNTrkUPVa5FplauRUBYrkXcWa5F
dVuuRQ1drkWmXq5FQGCuRdxhrkVzY65FDWWuRaZmrkVCaK5F2mmuRXNrrkUNba5Fpm6uRUBw
rkXsca5Fc3OuRQ11rkWmdq5FQHiuRdp5rkVze65FDX2uRaZ+rkVAgK5F2oGuRXWDrkUPha5F
qIauRUCIrkXaia5Fc4uuRQ2NrkWojq5FQpCuRdqRrkVzk65FDZWuRaaWrkVAmK5F2pmuRXOb
rkUPna5FqJ6uRUCgrkXcoa5FdaOuRQ+lrkWmpq5FQqiuRdqprkVzq65FD62uRaiurkVAsK5F
2rGuRXOzrkUPta5FprauRUC4rkXaua5FdbuuRQ+9rkWovq5FQMCuRdzBrkVzw65FD8WuRabG
rkVAyK5F2smuRXXLrkUNza5Fps6uRULQrkXa0a5Fc9OuRQ3VrkWo1q5FQNiuRdrZrkVz265F
Dd2uRaberkVC4K5F3OGuRXPjrkUN5a5FqOauRULorkXa6a5FdeuuRQ3trkWo7q5FQPCuRdrx
rkVz865FD/WuRab2rkVA+K5F3PmuRXP7rkUP/a5Fpv6uRUIAr0XcAa9FcwOvRQ0Fr0WmBq9F
QAivRdoJr0VzC69FDw2vRaYOr0VAEK9F9hGvRXMTr0UNFa9FphavRUAYr0XaGa9FcxuvRQ8d
r0WmHq9FQCCvRdwhr0VzI69FDSWvRaYmr0VAKK9F3CmvRXMrr0UNLa9FqC6vRUIwr0XcMa9F
czOvRQ01r0WmNq9FQjivRdw5r0VzO69FDT2vRag+r0VAQK9F3EGvRXVDr0UNRa9FqEavRUJI
r0XaSa9Fc0uvRQ9Nr0WmTq9FQFCvRdpRr0VzU69FD1WvRaZWr0VAWK9F2lmvRXVbr0UNXa9F
pl6vRUBgr0XcYa9Fc2OvRQ9lr0WmZq9FQGivRdxpr0Vza69FDW2vRaZur0VAcK9F3HGvRXNz
r0UNda9FpnavRUJ4r0Xcea9Fc3uvRQ19r0Wofq9FQICvRdqBr0V1g69FDYWvRaiGr0VAiK9F
2omvRXWLr0UNja9Fpo6vRUKQr0Xaka9Fc5OvRQ+Vr0Wolq9FQpivRdqZr0Vzm69FD52vRaae
r0VAoK9F2qGvRXOjr0UPpa9FpqavRUCor0Xaqa9Fc6uvRQ2tr0Wmrq9FQLCvRSWyr0Vzs69F
DbWvRai2r0VAuK9F3LmvRXO7r0UNva9FqL6vRUDAr0Xcwa9Fc8OvRQ/Fr0Woxq9FQMivRdrJ
r0V1y69FD82vRabOr0VC0K9F3NGvRXXTr0UN1a9FqNavRUDYr0Xc2a9Fc9uvRQ/dr0Wm3q9F
QOCvRdzhr0Vz469FDeWvRabmr0VC6K9F2umvRXXrr0UN7a9FqO6vRUDwr0Xa8a9Fc/OvRQ31
r0Wo9q9FQPivRdz5r0Vz+69FDf2vRab+r0VCALBF2gGwRXMDsEUPBbBFpgawRUAIsEVrCrBF
rwuwRQ8NsEWoDrBFQhCwRdwRsEVzE7BFDRWwRaYWsEVAGLBF3BmwRXUbsEUNHbBFph6wRUAg
sEXaIbBFcyOwRQ8lsEWoJrBFQCiwRdopsEV1K7BFDS2wRaYusEVAMLBF3DGwRXMzsEUPNbBF
qDawRUA4sEXaObBFczuwRQ89sEWmPrBFQECwRdpBsEVzQ7BFEUWwRahGsEVASLBF3EmwRXNL
sEUPTbBFpk6wRUBQsEURUrBFdVOwRQ9VsEWmVrBFQliwRdxZsEV1W7BFDV2wRaZesEVAYLBF
2mGwRXNjsEUPZbBFpmawRUJosEXaabBFdWuwRQ9tsEWmbrBFQHCwRdpxsEV1c7BFDXWwRah2
sEVAeLBF3HmwRXN7sEUNfbBFqH6wRUCAsEXcgbBFc4OwRQ2FsEWmhrBFQoiwRdqJsEV1i7BF
DY2wRaaOsEVAkLBF3JGwRXOTsEUNlbBFppawRUCYsEXambBFdZuwRQ2dsEWonrBFQKCwRdyh
sEV1o7BFD6WwRaamsEVAqLBF2qmwRXOrsEUNrbBFqK6wRUCwsEXcsbBFdbOwRQ21sEWmtrBF
QLiwRdy5sEV1u7BFDb2wRaa+sEVAwLBF2sGwRXXDsEUNxbBFpsawRULIsEXcybBFc8uwRQ3N
sEWmzrBFQNCwRdzRsEVz07BFD9WwRabWsEVC2LBF3NmwRXPbsEUP3bBFqN6wRUDgsEXc4bBF
deOwRQ/lsEWm5rBFQuiwRdzpsEV167BFDe2wRajusEVA8LBFG/KwRXXzsEUN9bBFqPawRUD4
sEXa+bBFdfuwRQ/9sEWm/rBFQACxRdwBsUV1A7FFDQWxRagGsUVCCLFF3AmxRXMLsUUNDbFF
pg6xRUAQsUXaEbFFcxOxRQ0VsUWmFrFFQBixRdoZsUVzG7FFER2xRaYesUVCILFF2iGxRXUj
sUUNJbFFpiaxRUIosUXaKbFFcyuxRQ0tsUWmLrFFQjCxRdoxsUV1M7FFDTWxRaY2sUVCOLFF
3jmxRXM7sUUPPbFFqD6xRUBAsUXaQbFFc0OxRQ1FsUWoRrFFQEixRdpJsUVzS7FFDU2xRaZO
sUVAULFF2lGxRXNTsUUPVbFFqFaxRUBYsUXcWbFFc1uxRQ1dsUWmXrFFQmCxRdxhsUVzY7FF
DWWxRaZmsUVAaLFF3GmxRXNrsUUNbbFFpm6xRUBwsUXacbFFc3OxRQ11sUWodrFFQnixRdx5
sUVze7FFD32xRaZ+sUVAgLFF2oGxRXODsUUNhbFFpoaxRUCIsUXcibFFdYuxRQ2NsUWmjrFF
QJCxRSeSsUVzk7FFDZWxRaaWsUVAmLFF2pmxRXWbsUUNnbFFqJ6xRUKgsUXaobFFc6OxRQ2l
sUWmprFFQqixRdqpsUVzq7FFD62xRaausUVAsLFF2rGxRXWzsUUPtbFFpraxRUK4sUXcubFF
c7uxRQ+9sUWmvrFFQMCxRdrBsUVzw7FFD8WxRajGsUVAyLFF2smxRXXLsUUNzbFFqM6xRUDQ
sUXa0bFFc9OxRQ/VsUWm1rFFQNixRdrZsUV127FFDd2xRabesUVA4LFF2uGxRXXjsUUN5bFF
puaxRUDosUXa6bFFc+uxRQ3tsUWm7rFFQPCxRdrxsUVz87FFD/WxRaj2sUVC+LFF2vmxRXP7
sUUP/bFFpv6xRUIAskXaAbJFcwOyRQ0FskWoBrJFQgiyRdwJskVzC7JFDQ2yRaYOskVAELJF
2hGyRXMTskUPFbJFphayRUIYskXaGbJFcxuyRQ8dskWmHrJF</AssayXData><AssayYData Points="900">fZ+YQDvgmECODplAOxSZQM42mUDrbZlArWiZQJxomUD8UZlAUoKZQP1wmUCdcZlAmGuZQLRq
mUA3bJlAtoiZQLqJmUAxfplA0KSZQLydmUBsgZlAi5OZQKWHmUCxeplACIKZQJqgmUDooplA
y6aZQK20mUB6u5lAe4WZQGeVmUA9vplAjL6ZQDHAmUA1vZlA8MuZQNPHmUD33ZlAl8GZQGy2
mUDTuZlA5L6ZQHXImUCGvplA3M2ZQFOumUAhu5lAPq+ZQNq1mUAww5lADtyZQMHAmUAywJlA
ariZQDT0mUAo4plAiL+ZQPfFmUBjv5lAqcyZQOnbmUBo1ZlAlPSZQCvemUBOw5lAItuZQMLH
mUBa1plAJr6ZQLL2mUCB4JlAQ8uZQFnfmUAA2plAwsCZQLcimkAI1ZlAurKZQA/6mUBJ3ZlA
AfuZQMv2mUDc75lA+OqZQK30mUDs8JlAavaZQDLlmUAV4plAQ/+ZQK/pmUA2+ZlA2OuZQITE
mUAd5JlAxReaQO7KmUB5DJpAndOZQM/gmUBL8plARQKaQBzymUCnA5pAquSZQJbTmUCs6plA
8/2ZQBD3mUAR55lA1weaQPcAmkAKAppA8BWaQKf7mUD44ZlAy/SZQMUamkAgEJpAngiaQF0F
mkBA+plAkOyZQCY3mkCYFppAqBCaQJgZmkBwD5pACAaaQL8kmkC7/JlA/P+ZQGAjmkCv+5lA
R/mZQA3smUAXDJpAzQCaQIv+mUB8F5pAYuqZQPoSmkBHFppAHgyaQGEamkDmJppALQaaQPAG
mkCTEJpAzCGaQOUrmkA/HZpAfB2aQCgAmkBo8ZlAugqaQFIXmkAZEZpA4UOaQEAimkAiA5pA
2jeaQLMWmkAvDppAMiuaQOtCmkAEH5pAGyGaQHMZmkB/L5pAMEOaQB1SmkBHEppAaR+aQDUy
mkAEM5pAliCaQA45mkBdJZpAADeaQHgtmkAKK5pAiDCaQIBQmkBeM5pAQSqaQNMimkBmJJpA
gxGaQMUimkD5FZpAXQSaQBQrmkDWJJpAGiaaQEtMmkChKJpArwqaQHBCmkClLJpACyGaQPEB
mkBULJpAqwuaQJ8TmkCDNJpAXUuaQDgumkAhEJpAXCeaQNwOmkDbB5pA7DyaQE5NmkAAH5pA
ECmaQDI6mkD8E5pAGzCaQGhEmkADKZpAQFCaQPZgmkDiW5pA+3WaQNc3mkBAK5pAcVmaQNBg
mkBwQJpAvEeaQP9fmkBpPppAm1qaQItlmkAlSJpAokqaQCNpmkCeaZpAzkOaQON3mkBxappA
92OaQPhTmkC/ZppA0nSaQJZjmkDffZpAbUyaQBJPmkAXV5pA8oKaQN1mmkDKZ5pAcFKaQPSA
mkD5gppAQ4yaQO9NmkB6YJpAhnWaQB2OmkBkbppAvHeaQDNJmkDVYJpAGleaQP17mkB/bZpA
CoGaQHx0mkCbUppAgVCaQP18mkDYfJpAfGeaQA6JmkCuX5pA4XWaQGRqmkAqYppAglGaQDpz
mkASXZpA6l6aQK5umkDme5pAfmqaQDhymkBdfJpA/l2aQCJpmkDhoppABmmaQIusmkAEnJpA
umWaQA6CmkDfgZpAjXaaQFBtmkCspppApZmaQIdemkAfippAVYSaQJx1mkAPcppARquaQG9Y
mkBkWZpAC6yaQC9mmkB0d5pA/GiaQGiNmkBFa5pACWyaQOFwmkDEZZpAlrCaQCyFmkBYg5pA
apWaQKqnmkBrdZpA642aQGeMmkAkiJpAwHOaQAeEmkBrh5pA+KGaQMuYmkDVaZpAFZOaQGij
mkDoqJpAqYyaQHiamkDAlJpA+pOaQAR3mkBztppAxJyaQKp4mkDNuppAia6aQHyPmkBRoZpA
55KaQAOImkDMtZpAmJyaQCaEmkCGcJpATa2aQJqkmkCQuppAM82aQMGcmkDqlJpA67GaQGdr
mkA+iJpAIZmaQK6QmkBklppAY6iaQPODmkDto5pAYp2aQMa5mkDfjppAv5maQASEmkBBqJpA
PpWaQCaimkDLlZpA76SaQEHbmkBGmJpAQIuaQIu+mkDKy5pA2bCaQKfImkCky5pAfIKaQHSm
mkCrvppAIsmaQAnWmkB/uZpAubeaQEiPmkAbqZpAe5qaQBW1mkB25ZpAoMqaQJ6umkALj5pA
q66aQNivmkBVyZpAJ7WaQKOTmkAYoppAC5CaQOm0mkB0v5pAr8OaQPi8mkCWoppAWKWaQHWz
mkCVpppATtmaQJScmkBVpZpADseaQLfgmkBE0ZpAz6iaQMrPmkAU7ppA6b2aQBjRmkDfzJpA
QqyaQE3KmkC8qppAgraaQLHcmkB04JpARsmaQBzLmkAhwJpAYMWaQBXDmkBN1ZpAb8yaQOPe
mkCJzJpAZM6aQDjWmkDC95pApM6aQPjMmkAA7ZpAacKaQBzVmkDSzppA1tSaQGS9mkC09ZpA
8MeaQB7/mkBdyZpAzeOaQJXQmkDHzppA4L+aQDfAmkCW5ppAmteaQFHKmkBN15pAZOSaQOfh
mkAu7ZpAo/maQLbTmkC2xJpAed6aQD3imkCh55pAls2aQPXmmkAw2ZpA1vCaQA73mkDP7JpA
0cOaQEkbm0Dy35pAhcWaQEXcmkD5AJtArwabQK4Tm0Bi3ppAz/maQCX3mkBbzZpAnd+aQPC+
mkAX0ZpAxMGaQLQOm0Ap6ppA5eqaQAnamkBG15pApciaQNf8mkDoFJtA7POaQDAWm0Dr25pA
VuGaQK7GmkALCJtAJfSaQILxmkB47JpAZvWaQLL6mkA1/ZpAO+iaQHPimkAe5ppAqf2aQDzu
mkCTAZtA9xSbQFjwmkBd9ppAvPGaQPUOm0A/95pAc9GaQAMgm0Bm35pAhBObQDsMm0AsAptA
iQubQH/jmkA4EJtAkeyaQAb9mkD+IptAsfOaQJMxm0B0JJtAj/uaQKr1mkBlAJtAPAGbQEn9
mkBYJ5tAACibQKvTmkCbC5tAqvuaQJj+mkAZBJtAESWbQEQfm0CTMptANf+aQJ3gmkCNFZtA
NPyaQPYQm0DGGJtAvwabQAwFm0BoGZtAKemaQCYqm0CnD5tAyBmbQA4Km0AAIptARjCbQPYp
m0Cq/ZpAoB6bQAczm0C/55pAShibQEQcm0BdJJtABhCbQB8Am0BRB5tADfeaQN8rm0BzJZtA
Li6bQM8mm0CEJptA7xybQDcam0BH/5pAV/iaQO7qmkDKG5tAIf6aQAECm0COJZtANRybQPUW
m0DjUJtAUyWbQLgGm0DyVZtAiB+bQOQqm0AGVJtA6iGbQCUim0C6JZtAEDebQAJBm0CJGZtA
6kibQIVDm0DcOJtAJjebQJsqm0AtBptAmCubQEoem0CzJ5tAAzWbQLRJm0DRJptAHSibQO0l
m0DOJptAvA+bQE8Nm0B4FJtAiCSbQGkqm0CtAJtAGAmbQLoSm0D8EJtAuQabQIQgm0ByFZtA
TvmaQOQKm0AUIJtA3AGbQFcim0CzAJtA2wGbQBwxm0C5MptAdSubQP8Wm0D5NJtAWh6bQEUw
m0CiHZtAOB6bQOs8m0CjYZtAkyqbQIgPm0CpHptAI1GbQFxXm0AiG5tA9jWbQEVAm0CKF5tA
LjebQE8om0APOptALkebQAAzm0BQM5tANFSbQChTm0BgR5tAUzebQEFWm0DTRZtAn0ybQLY4
m0BXNptAKCebQLdWm0C/RptA3iqbQM9Am0B+N5tAik+bQNxIm0BwLptA5yybQHMxm0BSPptA
4lybQJJWm0BLWptAGUObQBM3m0BXbptAxz+bQClym0CadJtAhEObQD5Em0DHQJtA2DibQLQr
m0CdVZtAYECbQKYsm0BIHJtAG0mbQKxLm0BpOptAinKbQJtnm0ALUZtAG46bQEpQm0CcYJtA
plqbQF9Gm0C/RptA80mbQFFhm0CAXZtA712bQHtXm0DdSptArTubQDyFm0CuWZtA3kmbQBBU
m0CKZptAlj6bQCtfm0DfUptAWkubQFVcm0D+bJtAulObQIVkm0BsbZtAqGSbQElim0BXcJtA
pn+bQH5Em0C3RJtA1kCbQK9Mm0BkT5tAuXubQB1fm0BmfZtApW2bQN9bm0AKWptAAJSbQMU8
m0AdU5tA8V+bQPZam0AidZtAm3ObQPtHm0DwjJtA73ubQNpZm0CmWZtA9V2bQD+Om0C1l5tA
CYGbQI9Sm0CnVJtAJYObQDKbm0CAb5tA6FGbQChtm0C9RZtAPXGbQOB+m0BHmJtAd3mbQHyJ
m0A9jptAJ2mbQD2Jm0BvfJtA8kGbQHF3m0Bpm5tAKHmbQGqWm0B3hJtALWabQJxvm0AQjJtA
4WKbQJp7m0A5kZtAhVWbQPFkm0C0eZtAVZabQM5lm0B0l5tAM1KbQGqem0ChmJtAiYubQOpi
m0AHeJtAOK2bQF94m0DzW5tAp4ybQNV0m0AHl5tAaH+bQKZtm0DqeptAYY2bQK5dm0A/jptA
VoGbQMyEm0Bnf5tAXYabQLJ8m0B3lJtA5oqbQGWPm0AUh5tAeKibQFFum0AGZptAZnSbQGJ/
m0CsiptA4XmbQKSxm0AKfJtA8XKbQK+em0AteptAuW+bQB6Jm0A1iJtA1HebQCGlm0DjgZtA
3o6bQLiBm0BllZtApHebQEyMm0AW1ZtAqY2bQIegm0A4s5tA646bQOmLm0A3jZtAjY+bQPie
m0CclJtACY+bQAKFm0BIiJtAhqGbQIN7m0DSaJtAvJCbQMB5m0BYj5tApn6bQP6um0DecJtA
IZybQK7Em0ALeptAy6qbQH+4m0BipptAEp6bQGuCm0AtkptA</AssayYData></Step><Step><CommonData><SampleLocation>3</SampleLocation><SampleID>Octet Buffer</SampleID><SampleGroup></SampleGroup><SampleInfo></SampleInfo><SampleRow>A</SampleRow><SamplePlate>1</SamplePlate><WellType>BUFFER</WellType><Concentration>-1</Concentration><ConcentrationUnits>µg/ml</ConcentrationUnits><MolarConcentration>-1</MolarConcentration><MolarConcUnits>nM</MolarConcUnits><MolecularWeight>0</MolecularWeight><Temperature>30</Temperature><StartTime>6495137</StartTime><AssayTime>300</AssayTime></CommonData><FlowRate>1000</FlowRate><StepType>DISASSOC</StepType><StepName>Dissociation</StepName><StepStatus>OK</StepStatus><ActualTime>300</ActualTime><CycleTime>0.2</CycleTime><AssayXData Points="1500">QCCyRdwhskVzI7JFDSWyRaYmskVAKLJF3CmyRXUrskUNLbJFpi6yRUAwskXaMbJFczOyRQ81
skWmNrJFQjiyRdo5skV1O7JFDz2yRaY+skVCQLJF2kGyRXNDskUPRbJFpkayRUBIskXaSbJF
c0uyRQ9NskWoTrJFQlCyRdpRskVzU7JFDVWyRaZWskVCWLJF2lmyRXVbskUNXbJFpl6yRUJg
skXaYbJFdWOyRQ9lskWoZrJFQGiyRdppskV1a7JFDW2yRahuskVCcLJF2nGyRXNzskUNdbJF
pnayRUJ4skXcebJFdXuyRQ19skWofrJFQoCyRdqBskVzg7JFD4WyRaiGskVAiLJF2omyRXOL
skUNjbJFLo+yRXGQskXakbJFdZOyRQ+VskWmlrJFQJiyRdqZskVzm7JFD52yRaieskVAoLJF
3KGyRXOjskUNpbJFpqayRUKoskXaqbJFdauyRQ2tskWorrJFQLCyRdqxskV1s7JFDbWyRaa2
skVAuLJF2rmyRXW7skUNvbJFpr6yRUDAskXcwbJFc8OyRQ3FskWoxrJFQsiyRdrJskVzy7JF
Dc2yRabOskVA0LJF2tGyRXPTskUN1bJFqNayRUDYskXc2bJFc9uyRQ/dskWo3rJFQuCyRdzh
skV147JFDeWyRabmskVA6LJF2umyRXXrskUN7bJFpu6yRUDwskXc8bJFc/OyRQ/1skWm9rJF
QviyRdr5skV1+7JFDf2yRab+skVAALNF3AGzRXMDs0UNBbNFqAazRUAIs0XaCbNFdQuzRQ0N
s0WoDrNFQBCzRdoRs0V1E7NFDxWzRagWs0VCGLNF3BmzRXUbs0UNHbNFph6zRUAgs0XaIbNF
dSOzRQ8ls0WmJrNFQiizRdwps0V1K7NFDS2zRRkvs0VdMLNF2jGzRXUzs0UPNbNFpjazRUA4
s0XaObNFczuzRQ09s0WoPrNFQECzRdpBs0VzQ7NFD0WzRaZGs0VASLNF2kmzRXNLs0UPTbNF
pk6zRUBQs0XaUbNFc1OzRQ1Vs0WoVrNFQlizRdpZs0VzW7NFDV2zRahes0VAYLNF2mGzRXNj
s0UNZbNFqGazRUBos0XaabNFc2uzRQ1ts0WmbrNFQnCzRdpxs0V1c7NFD3WzRah2s0VAeLNF
2nmzRXN7s0UPfbNFpn6zRUCAs0XagbNFc4OzRQ+Fs0WmhrNFQIizRdqJs0V1i7NFDY2zRaaO
s0VAkLNF2pGzRXWTs0UPlbNFppazRUCYs0XambNFdZuzRQ+ds0WmnrNFQKCzRdqhs0V1o7NF
DaWzRaams0VCqLNF2qmzRXOrs0UPrbNFpq6zRUCws0XcsbNFc7OzRQ21s0WmtrNFQrizRdq5
s0V3u7NFDb2zRaa+s0VAwLNF2sGzRXPDs0UNxbNFNsezRXnIs0XaybNFdcuzRQ3Ns0UFz7NF
RtCzRd7Rs0Vz07NFD9WzRabWs0VC2LNF3NmzRXPbs0UN3bNFpt6zRUDgs0Xa4bNFdeOzRQ3l
s0Wm5rNFQuizRdrps0Vz67NFDe2zRajus0VA8LNF3PGzRXXzs0UN9bNFpvazRUL4s0Xc+bNF
c/uzRQ39s0Wm/rNFQgC0RdoBtEV1A7RFDQW0RaYGtEVCCLRF3Am0RXULtEUPDbRFpg60RUIQ
tEXaEbRFcxO0RQ0VtEWmFrRFQhi0RdoZtEVzG7RFDR20RaYetEVCILRF3CG0RXMjtEUNJbRF
pia0RUIotEXaKbRFcyu0RQ8ttEWmLrRFQjC0RdoxtEV1M7RFDTW0RaY2tEVEOLRF2jm0RXU7
tEUNPbRFpj60RUJAtEXaQbRFc0O0RQ9FtEWoRrRFQEi0RdxJtEVzS7RFD020RaZOtEVAULRF
3FG0RXNTtEUNVbRFpla0RUBYtEXaWbRFc1u0RQ1dtEWmXrRFQGC0RdphtEV1Y7RFDWW0Rahm
tEVAaLRF2mm0RXNrtEUPbbRFMG+0RXVwtEXacbRFdXO0RQ11tEWodrRFQHi0Rdp5tEVze7RF
DX20RaZ+tEVCgLRF2oG0RXWDtEUNhbRFpoa0RUCItEXaibRFc4u0RQ2NtEWojrRFQpC0RdqR
tEV1k7RFDZW0RaaWtEVCmLRF2pm0RXObtEUPnbRFpp60RUCgtEXaobRFdaO0RQ2ltEWoprRF
Qqi0RdqptEVzq7RFD620RaautEVAsLRF2rG0RXWztEUPtbRFqLa0RUC4tEXcubRFc7u0RQ+9
tEWmvrRFQMC0RdrBtEV1w7RFDcW0RajGtEVAyLRF2sm0RXPLtEUPzbRFqM60RUDQtEXa0bRF
ddO0RQ3VtEWo1rRFQNi0RdrZtEVz27RFD920RajetEVA4LRF2uG0RXXjtEUN5bRFpua0RUDo
tEXa6bRFc+u0RQ/ttEWm7rRFQPC0RdzxtEVz87RFDfW0Rab2tEVC+LRF3Pm0RXP7tEUP/bRF
qP60RUAAtUXcAbVFcwO1RQ8FtUWmBrVFQAi1RdwJtUV1C7VFDQ21RRsPtUVfELVF3BG1RXMT
tUUPFbVFpha1RUAYtUXaGbVFcxu1RQ0dtUWmHrVFQCC1RdwhtUV1I7VFDSW1RagmtUVCKLVF
2im1RXMrtUUPLbVFpi61RUIwtUXaMbVFczO1RQ01tUWmNrVFQDi1Rdo5tUV1O7VFDT21Rag+
tUVCQLVF3EG1RXVDtUUPRbVFpka1RUJItUXaSbVFc0u1RQ1NtUWoTrVFQFC1RdxRtUV1U7VF
DVW1RaZWtUVAWLVF2lm1RXVbtUUNXbVFqF61RUJgtUXaYbVFc2O1RQ1ltUWmZrVFQGi1Rdxp
tUVza7VFDW21RahutUVCcLVF2nG1RXNztUUNdbVFqHa1RUJ4tUXaebVFdXu1RQ19tUWmfrVF
QIC1RdqBtUVzg7VFD4W1RaaGtUVAiLVF3Im1RXOLtUUNjbVFqI61RUCQtUXakbVFdZO1RQ2V
tUWolrVFQJi1RdqZtUV1m7VFDZ21RaaetUVAoLVF3KG1RXOjtUUNpbVFpqa1ReKotUUlqrVF
c6u1RQ+ttUUHr7VFTLC1RdqxtUVzs7VFD7W1Raa2tUVCuLVF2rm1RXW7tUUPvbVFqL61RUDA
tUXcwbVFc8O1RQ/FtUWoxrVFQMi1RdrJtUVzy7VFDc21RajOtUVA0LVF2tG1RXPTtUUP1bVF
qNa1RUDYtUXc2bVFc9u1RQ3dtUWo3rVFQOC1RdrhtUVz47VFD+W1RabmtUVC6LVF2um1RXPr
tUUP7bVFqO61RUDwtUXa8bVFc/O1RQ31tUWm9rVFQPi1Rdr5tUV1+7VFDf21Rab+tUVCALZF
2gG2RXMDtkUPBbZFqAa2RUIItkXaCbZFcwu2RQ8NtkWoDrZFQBC2RdwRtkV1E7ZFDRW2RaYW
tkVAGLZF2hm2RXUbtkUNHbZFph62RUIgtkXaIbZFdSO2RQ0ltkWoJrZFQCi2RdoptkVzK7ZF
DS22RaYutkVAMLZF2jG2RXMztkUPNbZFqDa2RUA4tkXaObZFczu2RQ89tkWmPrZFQEC2RdpB
tkVzQ7ZFDUW2RaZGtkVCSLZF3Em2RXVLtkUPTbZFE0+2RVdQtkXaUbZFdVO2RQ1VtkWmVrZF
QFi2RdpZtkVzW7ZFDV22RahetkVAYLZF2mG2RXVjtkUNZbZFqGa2RUBotkXcabZFc2u2RQ9t
tkWmbrZFQnC2RdpxtkVzc7ZFDXW2RaZ2tkVAeLZF2nm2RXV7tkUNfbZFpn62RUKAtkXagbZF
c4O2RQ+FtkWohrZFQIi2RdqJtkVzi7ZFDY22RaaOtkVAkLZF2pG2RXOTtkUPlbZFqJa2RUCY
tkXambZFc5u2RQ+dtkWonrZFQKC2RdqhtkV1o7ZFDaW2RaamtkVEqLZF2qm2RXWrtkUNrbZF
pq62RUKwtkXasbZFc7O2RQ21tkWmtrZFQLi2Rdq5tkV1u7ZFDb22Raa+tkVCwLZF2sG2RXXD
tkUNxbZFpsa2RULItkXcybZFdcu2RQ/NtkWozrZFQtC2RdrRtkVz07ZFD9W2RabWtkVC2LZF
2tm2RXPbtkUN3bZFpt62RUDgtkXa4bZFc+O2RQ3ltkWm5rZFQui2RdrptkVz67ZFDe22RUDv
tkWE8LZF2vG2RXPztkUP9bZFqPa2RUD4tkXa+bZFdfu2RQ/9tkWo/rZFQAC3RdoBt0VzA7dF
DwW3RaYGt0VCCLdF2gm3RXMLt0UPDbdFqA63RUAQt0XcEbdFcxO3RQ8Vt0WoFrdFQBi3RdoZ
t0V1G7dFDR23RaYet0VAILdF3CG3RXMjt0UPJbdFqCa3RUAot0XcKbdFdSu3RQ8tt0WoLrdF
QDC3Rdwxt0VzM7dFDTW3Rag2t0VCOLdF3Dm3RXM7t0UPPbdFpj63RUBAt0XcQbdFdUO3RQ9F
t0WmRrdFQEi3RdpJt0VzS7dFD023RaZOt0VAULdF2lG3RXVTt0UNVbdFqFa3RUBYt0XaWbdF
c1u3RQ1dt0WmXrdFQmC3Rdpht0VzY7dFD2W3Rahmt0VAaLdF3Gm3RXVrt0UNbbdFpm63RUJw
t0XccbdFdXO3RQ91t0WmdrdFQHi3Rdp5t0Vze7dFD323RaZ+t0VAgLdF2oG3RXWDt0UNhbdF
poa3RUCIt0VOirdFkou3RQ+Nt0Upj7dFb5C3RdyRt0V1k7dFDZW3RaaWt0VAmLdF2pm3RXWb
t0UNnbdFpp63RUKgt0XaobdFdaO3RQ+lt0WmprdFQKi3Rdypt0Vzq7dFD623Raaut0VAsLdF
2rG3RXOzt0UNtbdFpra3RUK4t0XcubdFc7u3RQ29t0WmvrdFQMC3RdzBt0Vzw7dFD8W3RajG
t0VAyLdF3Mm3RXPLt0UNzbdFps63RUDQt0Xa0bdFc9O3RQ/Vt0Wo1rdFQNi3RdrZt0V127dF
Dd23Rabet0VA4LdF3uG3RXPjt0UN5bdFqOa3RUDot0Xc6bdFc+u3RQ3tt0Wm7rdFQPC3Rdzx
t0Vz87dFD/W3Raj2t0VC+LdF3Pm3RXP7t0UP/bdFpv63RUAAuEXaAbhFcwO4RQ0FuEWmBrhF
QAi4RdoJuEVzC7hFDQ24RaYOuEVCELhF3BG4RXMTuEUNFbhFpha4RUIYuEXaGbhFdRu4RQ0d
uEWmHrhFQiC4RdwhuEVzI7hFDSW4RaYmuEVCKLhF2im4RXMruEUNLbhFFS+4RVkwuEXaMbhF
dTO4RQ81uEWoNrhFQDi4Rdw5uEVzO7hFDT24RaY+uEVCQLhF2kG4RXNDuEUNRbhFqEa4RUBI
uEXcSbhFc0u4RQ1NuEWoTrhFQFC4RdxRuEV1U7hFDVW4RaZWuEVAWLhF2lm4RXNbuEUNXbhF
pl64RUJguEXaYbhFdWO4RQ1luEWoZrhFQmi4RdppuEV1a7hFDW24RaZuuEVCcLhF3HG4RXVz
uEUNdbhFqHa4RUB4uEXaebhFc3u4RQ99uEWofrhFQIC4RdqBuEVzg7hFD4W4RaaGuEVCiLhF
3Im4RXOLuEUNjbhFpo64RUCQuEXakbhFc5O4RQ2VuEWmlrhFQJi4RdqZuEVzm7hFDZ24Raie
uEVAoLhF2qG4RXWjuEUNpbhFpqa4RUKouEXaqbhFdau4RQ+tuEWmrrhFQLC4RdyxuEVzs7hF
DbW4Rai2uEVCuLhF2rm4RXW7uEUNvbhFpr64RULAuEXcwbhFc8O4RQ3FuEWoxrhFQMi4RdrJ
uEVzy7hFDc24RSHPuEVl0LhF2tG4RXPTuEUN1bhFpta4RUDYuEXa2bhFc9u4RQ3duEWo3rhF
QOC4RdrhuEVz47hFDeW4RajmuEVA6LhF3Om4RXPruEUN7bhFpu64RUDwuEXa8bhFc/O4RQ/1
uEWm9rhFQPi4Rdr5uEVz+7hFD/24Rab+uEVCALlF3AG5RXUDuUUPBblFpga5RUAIuUXeCblF
cwu5RQ0NuUWmDrlFQhC5RdoRuUVzE7lFDRW5RaYWuUVAGLlF2hm5RXUbuUUNHblFph65RUAg
uUXaIblFcyO5RQ8luUWoJrlFQCi5RdopuUV1K7lFDy25RaguuUVCMLlF2jG5RXMzuUUNNblF
pja5RUA4uUXcOblFczu5RQ09uUWmPrlFQEC5RdpBuUVzQ7lFDUW5RaZGuUVASLlF2km5RXNL
uUUNTblFpk65RUBQuUXaUblFc1O5RQ1VuUWoVrlFQFi5RdxZuUVzW7lFDV25RaheuUVAYLlF
3GG5RXNjuUUNZblFpma5RUJouUXcablFuWu5RQ1tuUUub7lFcXC5RdxxuUVzc7lFDXW5Rah2
uUVAeLlF3Hm5RXN7uUUNfblFpn65RUKAuUXagblFc4O5RQ2FuUWohrlFQIi5RdqJuUVzi7lF
DY25RaaOuUVCkLlF2pG5RXOTuUUPlblFppa5RUCYuUXamblFdZu5RQ2duUWonrlFQKC5Rdqh
uUVzo7lFD6W5RaamuUVAqLlF3Km5RXOruUUPrblFqK65RUCwuUXasblFc7O5RQ+1uUWmtrlF
QLi5Rdq5uUV1u7lFDb25Raa+uUVCwLlF3MG5RXPDuUUNxblFpsa5RULIuUXcyblFdcu5RQ3N
uUWmzrlFQtC5RdzRuUV107lFD9W5RabWuUVA2LlF3Nm5RXXbuUUN3blFpt65RUDguUXc4blF
c+O5RQ3luUWo5rlFQui5RdrpuUVz67lFDe25RajuuUVE8LlF2vG5RXfzuUUN9blFqPa5RUD4
uUXc+blFdfu5RQ39uUWm/rlFQgC6RdoBukVzA7pFDQW6RagGukVCCLpF2gm6RXMLukUNDbpF
+A66RUIQukXaEbpFcxO6RQ0VukWmFrpFQhi6RdoZukVzG7pFDR26RaYeukVAILpF3CG6RXUj
ukUNJbpFqCa6RUIoukXcKbpFcyu6RQ0tukWoLrpFQDC6RdoxukVzM7pFDTW6Rag2ukVAOLpF
3Dm6RXM7ukUNPbpFqD66RUBAukXaQbpFc0O6RQ1FukWoRrpFQEi6RdxJukV1S7pFD026RahO
ukVCULpF3FG6RXNTukUNVbpFpla6RUJYukXcWbpFc1u6RQ9dukWmXrpFQGC6RdphukVzY7pF
DWW6RaZmukVAaLpF2mm6RXNrukUNbbpFpm66RUBwukXccbpFc3O6RQ91ukWmdrpFQni6Rdx5
ukVze7pFDX26RaZ+ukVAgLpF2oG6RXODukUNhbpFpoa6RUSIukXaibpFc4u6RQ+NukWojrpF
QJC6RdqRukVzk7pFDZW6RaaWukVCmLpF2pm6RXWbukUNnbpFqJ66RUCgukXaobpFc6O6RQ+l
ukWmprpFQKi6RdypukVzq7pFDa26RSWvukVrsLpF3LG6RXOzukUNtbpFpra6RUC4ukXcubpF
c7u6RQ29ukWovrpFQsC6RdrBukVzw7pFDcW6RabGukVAyLpF2sm6RXPLukUNzbpFps66RULQ
ukXa0bpFc9O6RQ3VukWm1rpFQti6RdzZukV127pFDd26RajeukVA4LpF2uG6RXPjukUN5bpF
pua6RULoukXa6bpFc+u6RQ/tukWm7rpFQPC6RdrxukVz87pFD/W6Rab2ukVA+LpF2vm6RXP7
ukUP/bpFpv66RUIAu0XaAbtFcwO7RQ0Fu0WmBrtFQAi7RdwJu0V1C7tFDw27RaYOu0VAELtF
2hG7RXUTu0UNFbtFpha7RUAYu0XaGbtFdRu7RQ8du0WoHrtFQiC7Rdohu0VzI7tFDSW7RaYm
u0VAKLtF2im7RXMru0UNLbtFqC67RUAwu0XaMbtFdTO7RQ01u0WmNrtFQDi7Rdo5u0VzO7tF
DT27Rag+u0VAQLtF3EG7RXNDu0UPRbtFpka7RUJIu0XaSbtFdUu7RSVNu0UyT7tFdVC7RdxR
u0VzU7tFDVW7RaZWu0VAWLtF2lm7RXNbu0UPXbtFqF67RUBgu0XcYbtFdWO7RQ1lu0WmZrtF
QGi7Rdppu0Vza7tFDW27RaZuu0VCcLtF3HG7RXVzu0UNdbtFpna7RUB4u0XaebtFc3u7RQ99
u0WmfrtF</AssayXData><AssayYData Points="1500">RYKaQAGDmkBruppAaMuaQAGhmkBmuZpApaKaQKyymkCn3ZpA57maQKfDmkC91ZpA0s6aQFvD
mkCw05pAlcGaQJHpmkC+zppAs8WaQMTymkBCBptAAtuaQMHtmkBA9ppA8+yaQGjzmkBJFJtA
cvCaQG8Gm0A38ppAIeeaQJXimkDQ55pAzf2aQDDtmkCk+ZpA1+2aQNTkmkDYAJtAkv6aQKgT
m0DE+JpA+hKbQP3UmkDp0ZpAahubQBwXm0CwBZtA6A6bQGP1mkD/5ZpAdgCbQJDxmkAGz5pA
rAubQE0Xm0D1E5tA7fWaQOECm0D1/ZpAP+maQBrxmkB6G5tAxuKaQPntmkAAGJtAXuGaQJg0
m0CRDJtAHfuaQKYMm0C5+ppA0wSbQMX2mkD3FJtAms6aQJPUmkAWG5tAfPWaQB4Qm0BD5JpA
4PWaQA8Im0C5CptAHyGbQCcGm0CsIptAZRabQM4Mm0Ci/JpAtBabQJUYm0ChBZtA0AObQDIg
m0A/C5tAshebQBANm0CA6ZpAABKbQLgDm0B0/ppAOwObQI8Cm0CaD5tAQCSbQEUBm0DKCZtA
yAibQCoRm0AgJptAgCqbQO4Pm0DvGptAYx+bQFIYm0CK9JpA7QybQBAXm0BTHptA1AebQOwD
m0DPIZtADAObQGYXm0CbAptASQybQCP6mkDZCZtAXCmbQGYom0DXNptAZRybQEkZm0Ad7ppA
KP2aQCVBm0ALGptAc/SaQEL0mkCv9ppAZTObQMgxm0AGFptAvw+bQNz7mkDEFJtANhSbQLcB
m0BaMJtAzCibQDIjm0CCCZtApzqbQH4tm0CYJ5tA1RWbQDErm0DBIJtASgqbQIAwm0BdU5tA
UR6bQCMYm0CYF5tAHuyaQA4Om0ApAJtAOBubQNUIm0AJD5tAVBKbQHEJm0BNIptAmRKbQBMT
m0CHBZtAYi6bQBsdm0BwH5tASgebQFf2mkCNG5tApAWbQJ8mm0DtJZtAuAubQFc3m0AIKJtA
vyubQBETm0CHM5tAgVCbQDsum0C9GJtAAyebQPcVm0AbQ5tAbf+aQHwcm0CmIZtAzR2bQGwP
m0BIPJtA5jybQFcXm0AZM5tAfkebQD4wm0CqMZtAaF2bQJsYm0AHDZtAuC2bQKsVm0AFQJtA
xiqbQHA1m0C0GJtAMkKbQCAym0AtOptALTibQJZYm0BCHJtA5TqbQIcCm0AnL5tATlObQEg8
m0DFGJtA7SObQC9Bm0A1IptAY02bQD40m0AyNZtAHTqbQAUxm0CnKptAO0WbQPQLm0AUNJtA
SxabQOpYm0CsPptArx+bQF4Vm0AYPptAkymbQGRMm0AnLptA/TubQPdJm0AgIptAJy6bQAww
m0BjNJtARTmbQK0nm0A/JJtAAUObQGIZm0CKOptAqg+bQFhWm0ARUJtAMB2bQCQfm0BCO5tA
RCubQKtDm0DsSJtAPyObQDBLm0BRLptAWVmbQBkom0D5ZZtA6WObQEFRm0A3UJtAxkKbQCMz
m0BRPJtA6VKbQOUxm0BNOptA5UibQERDm0BDSptAnBCbQOsnm0BpRptAgFubQLEfm0AyZ5tA
N0KbQAc4m0BXVZtAHS6bQABdm0ACRJtA0k+bQFdBm0AsQptAXyabQDxGm0B2SJtAk0GbQJdP
m0CXSptACVqbQPU+m0DNTZtAPTSbQDE0m0BBS5tArjObQOBMm0BSYptAMDqbQLRCm0BCWJtA
BFqbQGYom0BVYJtAokibQDxvm0CTeZtAWyybQO4/m0BmOZtAwkKbQNgMm0CVX5tAVyqbQG5O
m0DyPZtAg0WbQNIpm0BpQ5tAr1ubQNdbm0AxWptAzVabQPEtm0BaW5tAfWmbQDVJm0AkNptA
PI2bQH1Hm0BecJtAC1ybQGc6m0CgaptAmFWbQBZVm0C9TZtAjVabQEBqm0C5P5tA7WCbQE9s
m0DlRJtAnVubQB5Qm0AbZZtA/WabQGg0m0BoQJtABVmbQOxUm0BsZptAlUubQNZHm0CpX5tA
CkmbQGJLm0ASS5tA6SmbQMxWm0BzZptA+hybQNI6m0CSS5tAqEqbQNQ9m0A7WJtAT0KbQEQx
m0BHTptAXjabQHsym0DCXZtAnjObQK1Gm0BnV5tA0FGbQOtBm0AJUJtA23KbQF9Tm0DlOptA
wWebQFU4m0CTPptAh0ObQFdrm0DcUJtAcUmbQNJ7m0AfR5tAYFKbQNg/m0AIL5tAvmKbQPly
m0BYaZtAhT6bQItZm0BkLZtAX0ebQDw1m0CwRJtAqmibQBVRm0AhWZtA6lKbQKdfm0DGa5tA
2mabQD5cm0BKZJtAaEibQDlGm0BLMJtAtTSbQPhYm0AdV5tAkiybQLZGm0B4YptA1VabQHZL
m0DaXZtAMEebQFAlm0CAN5tAuV+bQNSTm0BvjJtAGWubQCZIm0DPUZtAQjSbQN1Im0DbbptA
90KbQGY5m0BtcZtAEV2bQPtum0BWf5tAZVGbQLJhm0BrTptAMHWbQChJm0BlK5tA7WCbQGhe
m0C3bJtAK2GbQL8/m0ALdZtAR2mbQIeFm0ApaptABV6bQKN+m0AuoZtANFmbQK18m0BxmptA
o3WbQOZem0CQe5tA31SbQL9im0DSc5tAsIWbQPOEm0A9e5tAcaGbQP9um0ATS5tAdk2bQE14
m0CjaptA3WabQPp1m0DLXJtASICbQM5vm0DIc5tAEnKbQHV3m0DLaZtA216bQA98m0BydptA
C2ybQKB5m0DxbZtA0GybQAxzm0DPd5tAfJObQLFtm0DcfJtAln2bQDt4m0DxiZtACmmbQA+F
m0AJgJtAWJybQB2Rm0ATjptA86GbQJiZm0CsfJtARo6bQKWMm0DXZ5tAX1mbQJ+Lm0DTW5tA
m12bQFp0m0B2X5tAwXubQPWQm0B3j5tAv2mbQL6em0BRmZtAoaObQLZ1m0COfZtAmXebQN2C
m0DzoJtA75SbQHdsm0DIeJtAmo+bQOZzm0B+f5tAYI2bQI13m0B/h5tAnIybQEZTm0BDoJtA
hH+bQHunm0AqWptAiY+bQL+dm0B/hZtAc3ObQAW+m0CLiJtAo5CbQDCnm0CYgJtA36SbQPSK
m0BhlJtAp3ObQJaZm0DNiJtAv4SbQPfFm0CHnptAhI6bQIufm0BvjZtAXGmbQDScm0Ass5tA
VJKbQBOzm0CjiJtAPWmbQFSQm0C4hZtADIibQGKNm0BpfZtAQaebQBmWm0C4fZtAZnibQJdp
m0Axk5tAdIubQGKJm0DqZZtAenebQKt+m0AegZtAUICbQIhxm0BCcptAR2ybQNFhm0DZbJtA
fKGbQLGHm0BNqZtAPnqbQDxim0BcgptAk3+bQIt0m0CAkJtASICbQMCNm0BbiZtA9ZGbQCFy
m0CGkZtAOYybQECKm0DhgptAmZSbQLaFm0AsmJtALaWbQL+Pm0BLx5tAEpmbQOOtm0CRlJtA
4ZybQCCam0B8lJtAa4ebQNSdm0AexZtADICbQJ63m0ABy5tATKWbQJOhm0A5rJtAftWbQI22
m0C3p5tAo76bQByDm0C0kptAoJWbQF60m0ApkJtAR8ObQC6nm0Bqn5tATpqbQK2Ym0DUxJtA
mcGbQH2pm0Bcj5tAVLqbQK+Im0BlrptA87KbQBvVm0B4z5tAP7ebQIO8m0DovZtAp62bQDKs
m0Bsr5tASKCbQKitm0AvuJtAoNibQBLNm0AilJtAXr2bQIaym0AGqJtAAaKbQNSZm0BB6ptA
3LWbQLfOm0C5m5tAbMKbQH+um0DntJtAMaWbQA+Mm0CItZtAf7qbQLWvm0CvnptAH8ybQHyU
m0DtzJtAvq6bQP3Qm0BwtZtA1qabQP+um0DXr5tAVaibQD2vm0D/oZtA57abQJ2Jm0ABq5tA
1MSbQIa+m0DduZtABJabQG2sm0BBpZtAFpmbQCSum0B+zJtAUrybQF/Cm0D2s5tA79KbQIPA
m0Aau5tAwrqbQDecm0C33ZtAQ8SbQNqtm0Cu1ptAUK6bQLTDm0ArvZtApMKbQKLDm0D2sZtA
06ObQM+rm0Axw5tAKMybQCG7m0AC5JtA162bQM/Qm0B91JtAhNubQCTHm0BR0ptAHr2bQCOu
m0CdwJtAiMibQG/Em0BkoptAHNSbQPrzm0Bpv5tAANabQOPOm0AS4JtALs+bQM3Qm0B8wJtA
jsmbQBjDm0BxtptAu7qbQGrIm0CxsptAybebQAm2m0D4w5tAz6abQPi6m0AIz5tAXs+bQMHZ
m0A67ptAlM6bQAfSm0BT25tA6K6bQD2em0CO25tAn8GbQLK9m0BHk5tAOYubQNbBm0CfuJtA
udabQLmim0AFxJtAbrqbQIvQm0CxwptAhHibQNvEm0APsJtAOrCbQHrzm0DQu5tAL+ObQBvH
m0Cl15tAPcGbQFvYm0Dj6ptAo7ybQMr3m0A89JtAisabQAnQm0D5xptAJrmbQP7mm0Br5JtA
NcObQE7km0B40ZtAhOCbQAS/m0C2yJtAxuqbQOWFm0CNz5tAMd6bQPjam0Bu2JtAz+CbQMbQ
m0By6ZtAyOCbQA7Sm0CBvZtASN2bQEfLm0CNwZtAYNmbQFTSm0ADvZtAiOWbQK3rm0BlvJtA
/O+bQNKym0CN25tA48mbQMXSm0CRuZtAz9CbQBq6m0CT3ZtAasObQKgCnEBF1JtAvMWbQKXb
m0D3+JtAacmbQBztm0Aa+ZtA5NObQMjom0DPx5tAO+WbQNjgm0BG95tAnOWbQPv+m0Aw75tA
/subQBXam0AR4ptArwqcQEHsm0DIz5tAU9ubQB7am0DC/ptAee2bQCbtm0Co0JtAXsWbQBDV
m0AF2ptApwqcQNbRm0BXw5tAVOubQIvVm0Br2JtAFhecQDDKm0Bi0ptASvSbQHram0BB55tA
jeWbQMzXm0Dt9ZtA8vGbQG75m0CN1ptAZuibQNzOm0DdAZxA/wKcQCH4m0CZ15tArNSbQJQz
nEAkzptAkN6bQBLmm0B66JtAKPubQJTwm0AA+ZtAPAicQAXtm0DW0ptApwecQMX8m0Ao65tA
N+KbQOYdnEBp3ptAXe+bQNjim0AX+JtAUuebQB8InEDvIJxAnvibQBTmm0DQ/ptAygacQDcS
nEDPE5xAz+mbQEUPnEDKyJtAbvqbQNb6m0D295tAkvGbQHYLnECZ6ZtAaAucQMYQnEBd/5tA
1PubQBwSnEDvCZxAvgCcQFgWnEC2B5xAIwScQLv/m0Cb7ZtAFvubQJEHnEBh7ptA9OKbQO/6
m0CsBpxAugGcQITzm0A57ZtAl+mbQEjym0DfMZxAHxmcQLP5m0DNHpxABhqcQLssnEBsFJxA
c8ybQPv9m0CL85tA4wucQBwgnEBTHZxAYAycQBn0m0AfEZxArfKbQEsPnEA1BpxAX+ybQKwA
nEBKD5xAiwucQAjRm0Bn9ptAOx2cQMbom0C2DJxA0febQAnmm0Dm9JtAFwOcQPDwm0AHD5xA
BRWcQHwNnECa95tAVwicQIYAnEDi95tApBycQD0CnEDiJ5xAahicQP/Wm0DD9ptAzeibQGXA
m0Ce9ptATNmbQKMSnEBQAZxA0gGcQOj5m0BSFJxAegqcQKX9m0DLBpxAqvybQOMNnECQE5xA
azycQL0snEDp8ptA9dybQOYBnEDSIpxAcACcQBkYnECGF5xAsgOcQLr/m0CYNJxAZhGcQMAQ
nEBoG5xAYB2cQKQhnECmKJxAm/abQFIUnEDlMJxAigqcQDMznEBB+JtANzGcQCnzm0AxFZxA
niKcQD8OnEB+A5xASP6bQP4OnEDvJpxAoSqcQFD/m0CSBpxAUSScQOMxnED3GpxAbBqcQHgw
nEAhBJxAHhKcQC4KnEBDEZxAgx+cQBIqnEAUMpxAhP2bQHAanEBLIZxAIQGcQGUcnEDd3ptA
Ah6cQDn1m0Dy9JtAIgGcQHYcnEAlCpxA8AqcQNwHnECZPpxAjSecQD4lnEATCpxAGSecQAQp
nEBSJJxAOwWcQKxAnECDQJxAjBicQDMHnEBdD5xA1AycQGwqnECyHJxArBucQA4pnECrHZxA
1S+cQGInnEAzEpxAKSucQDMWnEDpBJxAa/SbQKMpnEBpIZxAyyacQMwxnEC0IZxAzB6cQGkl
nECRFZxAwwOcQLAhnEDNEpxAAyicQOcTnEBcJZxAhxecQBgonEAgJZxAaCecQAoJnECcJpxA
5SKcQCoTnECPFpxAJyScQHEmnEA8DpxAzDacQDEZnEAGLZxAHCucQPkonEAmLpxA7z6cQHEk
nEAmIJxA3hucQPAbnECZIpxA2QycQG0VnEAhI5xApDycQAARnECtIZxAsyWcQIg3nEAORpxA
UimcQPRHnEAy+JtAPyycQGVKnEAaLZxA+0ucQMksnEBFR5xADFKcQI0snECQHZxAHl6cQD4+
nECgPpxATzycQG5PnEBXLpxADEGcQK09nEBSN5xAiCScQPFWnEDkUZxAVi+cQLIlnED8T5xA
sy+cQEQ0nEC9O5xAOyucQJcqnED7R5xA3z6cQMchnEAEO5xAb1ScQD1lnEBSTJxAhDmcQO4e
nEAnGZxArS6cQMFEnEBaMpxAhDecQMBfnECYRJxAmFCcQANqnEA+OZxAtyKcQBZBnEAHSZxA
dTOcQAARnECROJxAQk+cQPNAnEB5QpxAU0mcQL4knEAGVpxApxycQCxhnEDAQZxACxucQJQv
nEB8NpxA7D+cQLI8nECyWpxAmyecQIdBnEDsO5xA4TqcQCI3nECuOpxAH0OcQPEjnEAFWZxA
BzicQMJFnEA6M5xAi0WcQHFUnEDHQpxAlTOcQJI7nEBNIZxAAlOcQFlAnEAXMpxAaU2cQI8r
nEDtU5xAPjycQA9anEBzYpxAf1ucQONvnEA8UpxAyUCcQFVcnECJcpxAuEecQJBknECeUZxA
glycQG1YnECnQpxAD1acQN1inEBqUZxACkWcQKpLnECCNZxADVKcQJlhnEAoOZxAEWecQINA
nEBMYJxAp06cQBVWnECWUpxADE2cQFlmnEByWJxAFnacQK46nEDzX5xACV2cQCRNnECwV5xA
DlCcQI9gnEAWYJxALX2cQNVOnEDrVJxAxGmcQO1WnECkUpxAXTucQLZlnEDFMpxAY0WcQDog
nEDhXZxAZWScQBsynECpO5xATmCcQJ8dnECwSpxABzucQJZJnEDIW5xAzzqcQIMbnED7WZxA
UkicQGZDnEAqSpxACUacQKY9nECBZJxAY0mcQCxnnEB1eZxAh1ycQNJ4nEB2ZJxA/SKcQOWA
nECxT5xA4zicQNVfnED3SpxAG0WcQGhEnED2RZxAm0acQAxlnEAJWJxAxIacQMY/nECFVJxA
wIScQD9FnEDhRpxAgnucQGFrnECTbJxAHkecQFtqnEAZYpxAMmecQJd+nEBvZ5xAl26cQGNt
nEAsZZxAA26cQLFbnEBOUJxA74CcQIxnnEC1WZxAaW2cQDNWnEB5apxATFGcQH1hnEBycZxA
SU2cQMNinEChgpxAtlWcQEhpnEDPSpxAHVycQCJ+nEDkmpxAlXmcQFFinECJiZxAwmucQB5a
nECFS5xAb5ScQGmFnEC/hpxAN3OcQBGDnEA5ZZxAW4WcQGdDnEDtTJxAv32cQP9hnEC4bZxA
B5icQKxjnEBMbpxA2XOcQIBpnEDpaJxAUkCcQPOBnEDBcJxArXmcQP59nEBsTJxA02CcQGBw
nEBBZZxAzDacQPlmnEDrMJxAmDmcQN5AnEA/XpxABFicQFWGnECBP5xAVVGcQG5pnECge5xA
IVOcQB1CnEBLTpxAUH2cQI1EnECXb5xAo2GcQEp/nEBAlJxA54CcQHlfnED/nZxA/4WcQFVj
nEDzYZxA/VGcQHKBnEDRnpxAS5OcQC1MnEASdpxAwHicQGFunEBNf5xAWk6cQIJgnEBJiZxA
sH6cQBSNnECeZJxA3oGcQBt+nEAEY5xAK56cQKqInECkaZxAmpKcQBmsnEDzgpxAYmWcQH2F
nEATl5xA</AssayYData></Step><Step><CommonData><SampleLocation>7</SampleLocation><SampleID>Glycine</SampleID><SampleGroup></SampleGroup><SampleInfo></SampleInfo><SampleRow>B</SampleRow><SamplePlate>1</SamplePlate><WellType>REGENERATION</WellType><Concentration>-1</Concentration><ConcentrationUnits>µg/ml</ConcentrationUnits><MolarConcentration>-1</MolarConcentration><MolarConcUnits>nM</MolarConcUnits><MolecularWeight>0</MolecularWeight><Temperature>30</Temperature><StartTime>6804189</StartTime><AssayTime>5</AssayTime></CommonData><FlowRate>1000</FlowRate><StepType>KREGENERATION</StepType><StepName>Regeneration</StepName><StepStatus>OK</StepStatus><ActualTime>5.00078</ActualTime><CycleTime>0.2</CycleTime><AssayXData Points="25">QIC7RdqBu0V1g7tFD4W7RaaGu0VAiLtF3om7RXOLu0UNjbtFpo67RUKQu0XakbtFc5O7RQ+V
u0WmlrtFQpi7RdqZu0V1m7tFDZ27Raieu0VAoLtF2qG7RXOju0UNpbtFqKa7RQ==</AssayXData><AssayYData Points="25">Vay6P0e7rz+uq6o/ngioP/HjpT9dtKM/pe2fP3jAnT9YlJo/4b2XPwCElj++tJM/k3eQP0Q5
jz8TlI0/V/eKPzYMij/0kIg/SJaGP8J5hT9+DoQ/AgSDP/W4gT/0NYE/17t/Pw==</AssayYData></Step><Step><CommonData><SampleLocation>8</SampleLocation><SampleID>PBS</SampleID><SampleGroup></SampleGroup><SampleInfo></SampleInfo><SampleRow>B</SampleRow><SamplePlate>1</SamplePlate><WellType>NEUTRALIZATION</WellType><Concentration>-1</Concentration><ConcentrationUnits>µg/ml</ConcentrationUnits><MolarConcentration>-1</MolarConcentration><MolarConcUnits>nM</MolarConcUnits><MolecularWeight>0</MolecularWeight><Temperature>30</Temperature><StartTime>6817286</StartTime><AssayTime>5</AssayTime></CommonData><FlowRate>1000</FlowRate><StepType>KREGENERATION</StepType><StepName>Regeneration</StepName><StepStatus>OK</StepStatus><ActualTime>4.9998</ActualTime><CycleTime>0.2</CycleTime><AssayXData Points="25">Qqi7Rdypu0V1q7tFD627Raiuu0VCsLtF3LG7RXWzu0URtbtFqra7RUS4u0XeubtFdbu7RRG9
u0WqvrtFQsC7RdzBu0V1w7tFD8W7RajGu0VCyLtF3sm7RXfLu0UPzbtFqM67RQ==</AssayXData><AssayYData Points="25">P2COQAHyjkBtTY9AI6yPQOkQkEAwdJBA16+QQMnYkECJGpFAVDyRQO5ikUDUc5FAgIqRQKCh
kUCV9JFAJe6RQIMEkkAlIpJARimSQNZhkkAVWJJAGoSSQOlwkkAWj5JAB7KSQA==</AssayYData></Step><Step><CommonData><SampleLocation>7</SampleLocation><SampleID>Glycine</SampleID><SampleGroup></SampleGroup><SampleInfo></SampleInfo><SampleRow>B</SampleRow><SamplePlate>1</SamplePlate><WellType>REGENERATION</WellType><Concentration>-1</Concentration><ConcentrationUnits>µg/ml</ConcentrationUnits><MolarConcentration>-1</MolarConcentration><MolarConcUnits>nM</MolarConcUnits><MolecularWeight>0</MolecularWeight><Temperature>30</Temperature><StartTime>6830375</StartTime><AssayTime>5</AssayTime></CommonData><FlowRate>1000</FlowRate><StepType>KREGENERATION</StepType><StepName>Regeneration</StepName><StepStatus>OK</StepStatus><ActualTime>4.9998</ActualTime><CycleTime>0.2</CycleTime><AssayXData Points="25">QtC7RdzRu0V107tFD9W7RajWu0VE2LtF3Nm7RXXbu0UP3btFqN67RULgu0Xc4btFd+O7RQ/l
u0Wq5rtFQui7Rdzpu0V367tFD+27Rajuu0VC8LtF3PG7RXXzu0UR9btFqPa7RQ==</AssayXData><AssayYData Points="25">qz+bPy//kD/ASIs/WwaHP214hT+XToM/gyKBP9v3fj99q30/20V5Pyp3dz9dgnU/av1yP6Zg
cT+7rm8/MmJuP+Twaz//eWo/aP1pP/1YaD/qG2c/rldnP7pgZT/lq2Q/7JJkPw==</AssayYData></Step><Step><CommonData><SampleLocation>8</SampleLocation><SampleID>PBS</SampleID><SampleGroup></SampleGroup><SampleInfo></SampleInfo><SampleRow>B</SampleRow><SamplePlate>1</SamplePlate><WellType>NEUTRALIZATION</WellType><Concentration>-1</Concentration><ConcentrationUnits>µg/ml</ConcentrationUnits><MolarConcentration>-1</MolarConcentration><MolarConcUnits>nM</MolarConcUnits><MolecularWeight>0</MolecularWeight><Temperature>30</Temperature><StartTime>6843471</StartTime><AssayTime>5</AssayTime></CommonData><FlowRate>1000</FlowRate><StepType>KREGENERATION</StepType><StepName>Regeneration</StepName><StepStatus>OK</StepStatus><ActualTime>5.00078</ActualTime><CycleTime>0.2</CycleTime><AssayXData Points="25">Qvi7Rdz5u0V1+7tFD/27Raj+u0VCALxF3AG8RXUDvEUPBbxFqAa8RUQIvEXeCbxFdQu8RQ8N
vEWoDrxFRBC8Rd4RvEV1E7xFExW8RagWvEVCGLxF3Bm8RXUbvEUPHbxFqh68RQ==</AssayXData><AssayYData Points="25">q4+NQGodjkDTuY5AGveOQBiHj0Dm3o9Aux+QQEpIkEB9bJBAjoWQQP6gkEAj8pBA89mQQEkI
kUBNJpFAJ2eRQLpUkUDbepFAXaCRQM6ekUATmZFAJLaRQNT3kUAH+JFAFPaRQA==</AssayYData></Step><Step><CommonData><SampleLocation>7</SampleLocation><SampleID>Glycine</SampleID><SampleGroup></SampleGroup><SampleInfo></SampleInfo><SampleRow>B</SampleRow><SamplePlate>1</SamplePlate><WellType>REGENERATION</WellType><Concentration>-1</Concentration><ConcentrationUnits>µg/ml</ConcentrationUnits><MolarConcentration>-1</MolarConcentration><MolarConcUnits>nM</MolarConcUnits><MolecularWeight>0</MolecularWeight><Temperature>30</Temperature><StartTime>6856553</StartTime><AssayTime>5</AssayTime></CommonData><FlowRate>1000</FlowRate><StepType>KREGENERATION</StepType><StepName>Regeneration</StepName><StepStatus>OK</StepStatus><ActualTime>5.00078</ActualTime><CycleTime>0.2</CycleTime><AssayXData Points="25">RCC8Rd4hvEV5I7xFEyW8RaomvEVGKLxF4Cm8RXcrvEUTLbxFqi68RUYwvEXeMbxFdzO8RRE1
vEWqNrxFRDi8Rd45vEV5O7xFET28Rao+vEVEQLxF4EG8RXlDvEURRbxFrEa8RQ==</AssayXData><AssayYData Points="25">q/2TP+Llij+owoU/K5SCP/6HgD8xqH4/2id6P0Ckdz/H+3U/zkRyP6vGcD8/tW0/UTRtP/wM
bD/eFWo/xONqP2exaT++JGg/EZNnP+6MZT8YCWU/zWdlP+VoYz+oB2I/ksxiPw==</AssayYData></Step><Step><CommonData><SampleLocation>8</SampleLocation><SampleID>PBS</SampleID><SampleGroup></SampleGroup><SampleInfo></SampleInfo><SampleRow>B</SampleRow><SamplePlate>1</SamplePlate><WellType>NEUTRALIZATION</WellType><Concentration>-1</Concentration><ConcentrationUnits>µg/ml</ConcentrationUnits><MolarConcentration>-1</MolarConcentration><MolarConcUnits>nM</MolarConcUnits><MolecularWeight>0</MolecularWeight><Temperature>30</Temperature><StartTime>6869661</StartTime><AssayTime>5</AssayTime></CommonData><FlowRate>1000</FlowRate><StepType>KREGENERATION</StepType><StepName>Regeneration</StepName><StepStatus>OK</StepStatus><ActualTime>4.9998</ActualTime><CycleTime>0.2</CycleTime><AssayXData Points="25">Rki8ReJJvEV5S7xFE028RaxOvEVIULxF4FG8RXlTvEUVVbxFrla8RUZYvEXgWbxFe1u8RRNd
vEWsXrxFSGC8ReBhvEV5Y7xFFWW8Ra5mvEVIaLxF4mm8RXlrvEUVbbxFrG68RQ==</AssayXData><AssayYData Points="25">5CuOQEPYjkCAX49AgqGPQHYYkEDLZZBA542QQBjckEAjEJFA/CyRQJs/kUA+cJFA+HqRQBOv
kUD105FAfd+RQIb0kUDnKpJA9CySQBhNkkAfN5JAtmiSQPhpkkCCgZJATIaSQA==</AssayYData></Step><Step><CommonData><SampleLocation>3</SampleLocation><SampleID>Octet Buffer</SampleID><SampleGroup></SampleGroup><SampleInfo></SampleInfo><SampleRow>A</SampleRow><SamplePlate>1</SamplePlate><WellType>BUFFER</WellType><Concentration>-1</Concentration><ConcentrationUnits>µg/ml</ConcentrationUnits><MolarConcentration>-1</MolarConcentration><MolarConcUnits>nM</MolarConcUnits><MolecularWeight>0</MolecularWeight><Temperature>30</Temperature><StartTime>6883918</StartTime><AssayTime>20</AssayTime></CommonData><FlowRate>1000</FlowRate><StepType>CUSTOM</StepType><StepName>Sensor Check</StepName><StepStatus>OK</StepStatus><ActualTime>19.9998</ActualTime><CycleTime>0.2</CycleTime><AssayXData Points="100">RnC8ReBxvEV7c7xFE3W8Rax2vEVGeLxF4nm8RXt7vEUTfbxFrH68RUaAvEXggbxFe4O8RROF
vEWshrxFRoi8ReKJvEV5i7xFFY28Ra6OvEVIkLxF4pG8RXuTvEUVlbxFrJa8RfaYvEU6mrxF
fZu8RROdvEWsnrxFRqC8ReKhvEV5o7xFFaW8RaymvEVGqLxF4Km8RXmrvEUVrbxFrK68RUiw
vEXgsbxFe7O8RRO1vEWutrxFRri8ReC5vEV5u7xFFb28Ray+vEVGwLxF4sG8RXnDvEUTxbxF
rMa8RUjIvEXiybxFecu8RRXNvEWszrxFRtC8ReLRvEV507xFE9W8Ra7WvEVG2LxF4tm8RXvb
vEUT3bxFrN68RUjgvEXg4bxFe+O8RRPlvEWu5rxFRui8ReLpvEV767xFE+28Ra7uvEVI8LxF
6vG8RXnzvEUT9bxFrPa8RUb4vEXg+bxFefu8RRP9vEWs/rxFRgC9ReIBvUV7A71FEwW9Ra4G
vUVICL1F4gm9RXkLvUUTDb1FrA69RQ==</AssayXData><AssayYData Points="100">b4aMQOWFikB3AolAL/GHQDiEh0A17oZA09GGQDOohkA8fIZAL3OGQACUhkARtoZAWr2GQPfC
hkBNt4ZAFsqGQI3xhkDm/oZAezqHQOcMh0APVYdAikSHQAU3h0B3cIdAtnKHQEllh0D0bIdA
4ZGHQLKKh0ANfIdApnCHQBe1h0CAvYdASdGHQKOoh0BM4IdAvfaHQArjh0Bx5IdAd+2HQP0A
iECfAYhAXxeIQGgliEB094dA0BOIQJYjiEBaGYhA0uKHQBUaiEAP54dAVh+IQNs4iECOR4hA
jSKIQOFAiECPc4hAUkuIQC1PiEDLZYhAm0mIQLF3iECeVIhA2maIQLOOiEANe4hArYKIQCx1
iEBwZYhAUIqIQNuCiEA1oYhAuZyIQDGKiEA6kYhAJaCIQPvCiED/iYhAKsKIQFiTiEDH8IhA
cMeIQKPNiEBh2ohAhveIQC7ZiEAt8IhAu/SIQCfliECAFIlA/fWIQPz9iEBK7ohA8RKJQA4J
iUCOAIlAWyeJQA0NiUCyIolAeSyJQA==</AssayYData></Step><Step><CommonData><SampleLocation>23</SampleLocation><SampleID>SI-157X53_P5565</SampleID><SampleGroup></SampleGroup><SampleInfo></SampleInfo><SampleRow>A</SampleRow><SamplePlate>1</SamplePlate><WellType>KLOAD</WellType><Concentration>5</Concentration><ConcentrationUnits>µg/ml</ConcentrationUnits><MolarConcentration>5000</MolarConcentration><MolarConcUnits>nM</MolarConcUnits><MolecularWeight>0</MolecularWeight><Temperature>30</Temperature><StartTime>6915842</StartTime><AssayTime>120</AssayTime></CommonData><FlowRate>1000</FlowRate><StepType>LOADING</StepType><StepName>Loading</StepName><StepStatus>OK</StepStatus><ActualTime>120</ActualTime><CycleTime>0.2</CycleTime><AssayXData Points="600">RhC9ReIRvUV5E71FExW9Ra4WvUVGGL1F4Bm9RXsbvUUTHb1FrB69RUggvUXgIb1FeSO9RRUl
vUWsJr1FSCi9ReIpvUV7K71FEy29RawuvUVGML1F4jG9RXkzvUUTNb1Frja9RUY4vUXiOb1F
ezu9RRM9vUWsPr1FSEC9ReBBvUV5Q71FE0W9RaxGvUVGSL1F4Em9RXlLvUUTTb1FsE69RUZQ
vUXgUb1FeVO9RRVVvUWuVr1FSFi9ReBZvUV5W71FFV29RaxevUVGYL1F4GG9RXtjvUUVZb1F
rGa9RUZovUXgab1Fe2u9RRNtvUWsbr1FRnC9ReBxvUV7c71FFXW9Ra52vUVGeL1F4Hm9RXt7
vUUTfb1FrH69RUaAvUXggb1FeYO9RROFvUWshr1FRoi9ReKJvUV5i71FE429RayOvUVGkL1F
4JG9RXmTvUUVlb1FrJa9RUiYvUXgmb1Fe5u9RROdvUWsnr1FRqC9ReKhvUV5o71FE6W9Raym
vUVGqL1F4qm9RXmrvUUTrb1FrK69RUawvUXgsb1FebO9RRO1vUWstr1FRri9ReK5vUV5u71F
Fb29Ray+vUVIwL1F4MG9RXnDvUUTxb1Frsa9RUbIvUXgyb1Fe8u9RRPNvUWszr1FRtC9ReDR
vUV7071FFdW9Ra7WvUVI2L1F4Nm9RXnbvUUT3b1Frt69RUbgvUXg4b1Fe+O9RRPlvUWs5r1F
SOi9ReDpvUV7671FFe29RazuvUVI8L1F4vG9RXvzvUUT9b1Frva9RUj4vUXg+b1Fefu9RRP9
vUWu/r1FRgC+ReABvkV7A75FEwW+RawGvkVICL5F4Am+RXkLvkUTDb5FrA6+RUYQvkXgEb5F
eRO+RRUVvkWuFr5FRhi+ReIZvkV7G75FEx2+RawevkVGIL5F4iG+RXkjvkUTJb5FrCa+RUgo
vkXgKb5FeSu+RRMtvkWsLr5FSDC+ReAxvkV7M75FFTW+Ra42vkVGOL5F4Dm+RXk7vkUTPb5F
rD6+RUZAvkXgQb5FeUO+RRVFvkWsRr5FSki+ReBJvkV5S75FFU2+RaxOvkVGUL5F4lG+RXlT
vkUVVb5FrFa+RUhYvkXiWb5Fe1u+RRNdvkWuXr5FRmC+ReBhvkV5Y75FE2W+Ra5mvkVGaL5F
4mm+RXlrvkUTbb5Frm6+RUhwvkXicb5Fe3O+RRN1vkWudr5FRni+ReJ5vkV5e75FE32+Rax+
vkVGgL5F4IG+RXmDvkUVhb5FrIa+RUaIvkXiib5FeYu+RRWNvkWsjr5FSJC+ReCRvkV7k75F
E5W+RayWvkVImL5F4Jm+RbCbvkUTnb5Frp6+RUagvkXiob5FeaO+RROlvkWupr5FRqi+ReCp
vkV5q75FFa2+Ra6uvkVGsL5F4LG+RXuzvkUTtb5FrLa+RUa4vkXiub5Febu+RRO9vkWuvr5F
RsC+ReDBvkV7w75FFcW+RazGvkVIyL5F4sm+RXvLvkUTzb5FrM6+RUbQvkXg0b5FedO+RRPV
vkWs1r5FRti+ReDZvkV5275FFd2+Ra7evkVI4L5F4OG+RXnjvkUT5b5Frua+RUjovkXg6b5F
eeu+RRPtvkWu7r5FSPC+ReLxvkV5875FFfW+Raz2vkVI+L5F4Pm+RXv7vkUV/b5FrP6+RUYA
v0XiAb9FeQO/RRMFv0WuBr9FRgi/ReIJv0V5C79FFQ2/Ra4Ov0VIEL9F4BG/RXsTv0UVFb9F
rBa/RUYYv0XiGb9FeRu/RRUdv0WsHr9FRiC/ReIhv0V5I79FFSW/Rawmv0VGKL9F4Cm/RXkr
v0UTLb9FrC6/RUgwv0XgMb9FezO/RRU1v0WuNr9FRji/ReA5v0V5O79FEz2/Raw+v0VGQL9F
4EG/RXlDv0UTRb9FrEa/RUZIv0XgSb9Fe0u/RRVNv0WsTr9FRlC/ReBRv0V7U79FE1W/RaxW
v0VGWL9F4Fm/RXlbv0UTXb9FrF6/RUZgv0XgYb9FeWO/RRVlv0WsZr9FSGi/ReBpv0V5a79F
E22/Raxuv0VGcL9F4nG/RXlzv0UVdb9Frna/RUZ4v0Xgeb9Fe3u/RRN9v0Wufr9FSIC/ReCB
v0V7g79FFYW/RayGv0VGiL9F4Im/RXuLv0UTjb9Fro6/RUaQv0Xgkb9FeZO/RROVv0Wulr9F
Rpi/ReCZv0V5m79FE52/Rayev0VIoL9F4KG/RXujv0UTpb9FrKa/RUaov0Xiqb9Fe6u/RROt
v0Wurr9FRrC/ReKxv0V5s79FE7W/Ray2v0VGuL9F4rm/RXm7v0UVvb9FrL6/RUbAv0Xgwb9F
ecO/RRPFv0Wsxr9FRsi/ReDJv0V5y79FE82/RazOv0VG0L9F4NG/RXnTv0UT1b9FrNa/RUbY
v0Xg2b9Fe9u/RRPdv0Wu3r9FRuC/ReDhv0V5479FE+W/Ra7mv0VI6L9F4um/RXvrv0UV7b9F
rO6/RUbwv0Xi8b9Fe/O/RRP1v0Wu9r9FRvi/ReL5v0V7+79FE/2/Raz+v0VGAMBF4gHARXsD
wEUTBcBFrAbARUgIwEXgCcBFeQvARRMNwEWsDsBFRhDAReARwEV5E8BFExXARawWwEVIGMBF
4BnARXkbwEUVHcBFrB7ARUggwEXiIcBFeSPARRMlwEWuJsBFSCjAReApwEV5K8BFEy3ARawu
wEVGMMBF4DHARXkzwEUTNcBFrDbARUg4wEXgOcBFeTvARRM9wEWsPsBFRkDAReBBwEV5Q8BF
FUXARaxGwEVISMBF4knARXlLwEUTTcBFrE7ARUZQwEXgUcBFe1PARRVVwEWsVsBFRljAReJZ
wEV5W8BFE13ARa5ewEVGYMBF4GHARXtjwEUTZcBFrmbARUhowEXiacBFeWvARRVtwEWsbsBF
SHDAReBxwEV5c8BFFXXARax2wEVIeMBF4HnARXl7wEV/fcBFw37ARUaAwEXigcBFe4PARROF
wEWshsBFSIjAReCJwEV7i8BFE43ARayOwEVIkMBF4pHARXuTwEUVlcBFrJbARUiYwEXimcBF
eZvARROdwEWsnsBFRqDAReChwEV5o8BFE6XARaymwEVGqMBF4qnARXurwEUTrcBFrK7ARUiw
wEXiscBFebPARRO1wEWstsBFSLjAReK5wEV5u8BFE73ARay+wEVGwMBF4MHARXnDwEUTxcBF
rMbARUbIwEXgycBFecvARRPNwEWszsBF</AssayXData><AssayYData Points="600">nS2JQAR9iUDt/olAHEiKQN6fikD9+4pAAyuLQPpZi0CEuotAasKLQENBjEDPWoxA/5iMQMn/
jED+NI1AiV+NQCyQjUCV841AJgiOQBBJjkBckI5AvM6OQKXtjkAXR49AY1KPQDidj0BV649A
1gaQQIogkEADdJBADNaQQDrtkEDdKZFAizeRQJtCkUDMjJFAg8KRQEzWkUA6E5JAAi2SQLJi
kkCqi5JALrmSQITWkkA4FpNAVCSTQLRNk0CxjpNAPb6TQEkOlEDL+JNAXhWUQMM8lEAIW5RA
U32UQHWdlEDyzJRAoOuUQPQKlUBFNZVAhUaVQMGflUCdqpVAcbmVQODelUAn05VAOf6VQM9H
lkA8TpZA7GeWQJxNlkBsm5ZAuK6WQLbclkAdCpdABOKWQGkWl0BEJJdAv2qXQGxel0DTjZdA
jJGXQL+1l0AFw5dAQRKYQEkTmEAVGZhAFkGYQBg1mECsUZhAsYWYQCWbmEAfkJhARduYQOXX
mEC11phAE/CYQC8gmUD5LJlATS2ZQCp/mUCGVZlAWXCZQHB9mUAMd5lAZaqZQEntmUDjoZlA
gMyZQDrwmUDDEZpAwhyaQJ1JmkBVMZpACi+aQM12mkCAa5pAD2uaQJCBmkAhpJpA6JeaQIOt
mkAJ4JpAD9GaQFvGmkD14ppACviaQJwHm0B0PZtArF+bQNg4m0AsbptA13ObQBlem0BZlZtA
RJ+bQNfMm0D1uZtA7d6bQNHFm0AR45tACQecQKMEnEABAJxAfw6cQEUmnECKMJxAEE+cQF5A
nEDRQpxAVIOcQLyRnEDropxA6YKcQJOHnECSpJxAEM+cQO+anEA/t5xAVdCcQIrSnEA0A51A
pf6cQPH+nEB/9ZxAPBqdQLwpnUDPBp1AOEidQCM5nUAhH51ATUOdQLxFnUD/hZ1A5m6dQAto
nUD6Wp1AxZKdQKqMnUBhrZ1AULmdQOTJnUDKwp1AHc2dQE3bnUB80J1APPydQIsMnkCgI55A
oDWeQFQtnkB/MJ5A6XmeQBZgnkBgUZ5A/22eQGmFnkBoc55A6p2eQBmGnkCgfJ5AKKGeQCav
nkBmjp5AeYaeQH+tnkDEuJ5AbdSeQO3AnkBAvp5A99OeQNr1nkDf6p5As/2eQGQdn0DNGJ9A
a0GfQIQPn0AAIZ9AbDefQFBNn0DRK59ATnKfQPcdn0AJYp9A9VCfQLlRn0DDmp9AyXafQHJk
n0Aun59A6dOfQGiRn0BbpZ9AjrefQGe9n0BQyJ9AldufQNvHn0Cx+59Ao9mfQNEHoEC76Z9A
3AygQGn6n0Bc9J9AgiKgQFAQoEBrGKBAURGgQCssoEAyMqBASEKgQGxOoEBuYqBA+TSgQHg5
oEAzOaBAMF+gQIhsoEBKeaBAiHKgQBhzoEC1iaBAY5ugQBG5oECmv6BAeq6gQEW0oEDOp6BA
y5egQOauoEDJtaBAH+CgQP+voEAE4aBADc2gQAvJoEAE56BAa/egQHvroECUCaFANR6hQPX6
oEAI8qBA4SChQAYYoUAtA6FA8hehQHY3oUAUXaFAp3ChQG0noUD4S6FAVyShQBonoUBsMaFA
OkahQJ1KoUAzeaFAEXKhQBtooUBAWqFAjXShQOR3oUChfKFA4oShQJF4oUABb6FAy52hQBSe
oUDvt6FAUrChQGnVoUCRsKFA2MGhQG6zoUCg06FAUNKhQHfyoUCC1qFAWuihQNv0oUDU9aFA
m+ahQNzToUCq3aFApumhQB4VokCB5qFAgwuiQBcjokBJC6JAND6iQKv9oUCdJaJAvy+iQJMw
okDzKqJAcjOiQEVDokDHDKJAakOiQEJYokBxYqJAdXWiQDNRokBBRKJAoJOiQLxGokAIiKJA
roiiQDWjokClp6JAw56iQEarokCKpKJAm4GiQF69okCgsaJAfqmiQJa7okDvzaJAHNSiQN7X
okDE2aJAfeKiQLfWokAh76JAI/aiQAL5okCM9qJAV++iQG0Zo0DM76JAL/SiQIf0okBT/6JA
VySjQLYQo0A+HKNAMyKjQGs+o0AkSKNA2yijQI84o0BIQ6NA5UajQDkjo0A4UaNAxlOjQF49
o0D8LKNAm2SjQEpUo0ALcKNAdX2jQEpeo0A4YqNAeXujQCFIo0AOdaNAeomjQK+7o0BNhKNA
dIijQMako0CKjaNAi3SjQGvIo0A1yqNAgKWjQFKvo0AZw6NACqijQE+to0AZqaNAbJyjQLPI
o0Bc6aNAa7ujQHHIo0Dz2qNAiu2jQO7Jo0Bm66NApOWjQFLbo0BE5KNAJ9+jQOT1o0Cp8qNA
QRGkQOv6o0ChFaRAMhOkQGD2o0BnBaRAPgSkQHsZpECKG6RAszmkQIIcpEDaQqRA7jCkQC9G
pEBTRKRAEVWkQNErpEC5RKRAwDekQNAwpEDcVqRAJFWkQJVjpEC6M6RAZECkQHhqpEAzbKRA
NmCkQOVzpECXcaRApYSkQH9JpEDMaaRAS4OkQBKdpEBTl6RAV2ykQJ2SpEDfuaRA7GOkQNuY
pEC1sqRAvaakQLjgpEBpy6RAy6ikQFW6pEC6p6RAebWkQH2epEBI0aRAzdSkQJehpED/saRA
srGkQPbepEDS4KRAiNCkQBLFpEAPEqVA8PukQCTspEBj6KRAMeakQK73pEBU/qRAxO2kQKvd
pEAFFaVAYh2lQOkIpUAG7KRACw+lQKcmpUA7JKVAmgulQHgfpUAuLKVABSulQN4dpUBOL6VA
Aj+lQMI7pUA5HqVA8CalQDdXpUDaRKVAlC6lQJoupUAEQ6VAdkmlQAZApUDsSKVAF1GlQF1b
pUD8c6VAy1GlQLFkpUDnf6VA2FqlQBFppUC8gqVAYXClQAVypUAaZ6VAj22lQLhrpUC2jaVA
zmylQIOapUDNeKVASLWlQI6OpUBZ1aVAaLilQKWgpUD0gKVAApqlQI+jpUBxnaVAB9ulQA+F
pUD4vaVAvNmlQBPkpUA/WqVA1pClQPy9pUCuk6VA+sylQCuvpUAKzKVAucmlQOSwpUCSnKVA
CL6lQF7apUDs0qVAj+GlQMrYpUDI56VAZu+lQADQpUB52qVAiNKlQID0pUCN/6VAlPelQFjw
pUBr/qVAg8KlQEMYpkBNFaZASt+lQF8RpkDIJKZAZA2mQOAHpkBo8KVAoSCmQHMapkAOK6ZA
BxemQD4hpkBt9aVAKT+mQAsfpkDELKZA</AssayYData></Step><Step><CommonData><SampleLocation>3</SampleLocation><SampleID>Octet Buffer</SampleID><SampleGroup></SampleGroup><SampleInfo></SampleInfo><SampleRow>A</SampleRow><SamplePlate>1</SamplePlate><WellType>BUFFER</WellType><Concentration>-1</Concentration><ConcentrationUnits>µg/ml</ConcentrationUnits><MolarConcentration>-1</MolarConcentration><MolarConcUnits>nM</MolarConcUnits><MolecularWeight>0</MolecularWeight><Temperature>30</Temperature><StartTime>7047613</StartTime><AssayTime>100</AssayTime></CommonData><FlowRate>1000</FlowRate><StepType>BASELINE</StepType><StepName>Baseline</StepName><StepStatus>OK</StepStatus><ActualTime>99.9998</ActualTime><CycleTime>0.2</CycleTime><AssayXData Points="500">RtDAReDRwEV508BFE9XARa7WwEVI2MBF4NnARXvbwEUT3cBFrt7ARUjgwEXg4cBFeePARRPl
wEWs5sBFRujAReDpwEV768BFFe3ARa7uwEVG8MBF4PHARXnzwEUV9cBFrPbARUb4wEXg+cBF
e/vARRP9wEWs/sBFRgDBReIBwUV7A8FFFQXBRawGwUVICMFF4AnBRXkLwUUTDcFFrg7BRUYQ
wUXgEcFFexPBRRUVwUWsFsFFRhjBReAZwUV5G8FFEx3BRawewUVIIMFF4iHBRXsjwUUTJcFF
ribBRUYowUXgKcFFeSvBRRUtwUWsLsFFSDDBReIxwUV7M8FFFTXBRaw2wUVGOMFF4jnBRXk7
wUUTPcFFrD7BRUhAwUXiQcFFeUPBRRNFwUWsRsFFRkjBReJJwUV7S8FFFU3BRaxOwUVGUMFF
4FHBRXlTwUUVVcFFrlbBRUZYwUXgWcFFeVvBRRVdwUWsXsFFRmDBReJhwUV5Y8FFE2XBRaxm
wUVIaMFF4GnBRXlrwUUTbcFFrG7BRUZwwUXiccFFeXPBRRV1wUWsdsFFSHjBReB5wUV7e8FF
E33BRax+wUVGgMFF4IHBRXmDwUUThcFFrobBRUiIwUXgicFFeYvBRRWNwUWujsFFRpDBReCR
wUV5k8FFFZXBRa6WwUVImMFF4JnBRXmbwUUTncFFrp7BRUigwUXgocFFeaPBRRWlwUWspsFF
RqjBReKpwUV7q8FFE63BRayuwUVGsMFF4LHBRXuzwUUTtcFFrLbBRUi4wUXiucFFebvBRRO9
wUWsvsFFRsDBReDBwUV5w8FFE8XBRa7GwUVIyMFF4MnBRXvLwUUVzcFFrs7BRUbQwUXg0cFF
e9PBRRPVwUWs1sFFStjBReLZwUV728FFFd3BRazewUVI4MFF4uHBRXnjwUUT5cFFrubBRUbo
wUXi6cFFe+vBRRPtwUWs7sFFSPDBReDxwUV788FFE/XBRa72wUVI+MFF4vnBRXv7wUUV/cFF
rP7BRUgAwkXgAcJFeQPCRRMFwkWsBsJFRgjCReIJwkV7C8JFFQ3CRawOwkVGEMJF4BHCRXkT
wkUTFcJFrhbCRUgYwkXiGcJFexvCRRMdwkWsHsJFRiDCReAhwkV5I8JFEyXCRawmwkVGKMJF
4CnCRXsrwkUVLcJFrC7CRUYwwkXgMcJFezPCRRM1wkWsNsJFRjjCReI5wkV7O8JFEz3CRaw+
wkVIQMJF4EHCRXlDwkUVRcJFrEbCRUZIwkXgScJFeUvCRRVNwkWuTsJFRlDCReJRwkV7U8JF
FVXCRaxWwkVGWMJF4FnCRdlbwkUdXcJFrl7CRUhgwkXiYcJFe2PCRRNlwkWsZsJFSGjCReBp
wkV7a8JFFW3CRaxuwkVGcMJF4HHCRXlzwkUVdcJFrHbCRUZ4wkXgecJFeXvCRRN9wkWsfsJF
RoDCReCBwkV5g8JFE4XCRayGwkVGiMJF4onCRXuLwkUVjcJFrI7CRUaQwkXgkcJFeZPCRROV
wkWslsJFRpjCReCZwkV5m8JFFZ3CRayewkVIoMJF4KHCRXujwkUVpcJFrKbCRUaowkXgqcJF
eavCRROtwkWsrsJFRrDCReKxwkV5s8JFE7XCRa62wkVIuMJF4rnCRXu7wkUTvcJFrr7CRUjA
wkXgwcJFecPCRRPFwkWsxsJFSsjCReLJwkV7y8JFE83CRa7OwkVI0MJF4NHCRXnTwkUT1cJF
rNbCRUbYwkXg2cJFedvCRRXdwkWs3sJFSODCReLhwkV748JFE+XCRazmwkVG6MJF4OnCRXnr
wkUT7cJFru7CRUjwwkXg8cJFefPCRRP1wkWs9sJFSPjCReD5wkV7+8JFE/3CRa7+wkVIAMNF
4AHDRXkDw0UTBcNFrgbDRUgIw0XgCcNFeQvDRRUNw0WsDsNFSBDDReARw0V5E8NFFRXDRawW
w0VIGMNF4BnDRXkbw0UVHcNFrB7DRUggw0XgIcNFeSPDRRMlw0WsJsNFSCjDReIpw0V7K8NF
Ey3DRawuw0VGMMNF4DHDRXszw0UTNcNFrjbDRUY4w0XgOcNFeTvDRRM9w0WsPsNFSEDDReBB
w0V5Q8NFE0XDRaxGw0VGSMNF4knDRXtLw0UTTcNFrE7DRUZQw0XgUcNFeVPDRRVVw0WsVsNF
SFjDReBZw0V7W8NFFV3DRaxew0VGYMNF4GHDRXljw0UVZcNFrGbDRUhow0XgacNFe2vDRRNt
w0WsbsNFRnDDReBxw0V5c8NFFXXDRax2w0VGeMNF4nnDRXl7w0UVfcNFrn7DRUiAw0XggcNF
e4PDRROFw0WuhsNFSIjDReCJw0V5i8NFE43DRayOw0VGkMNF4pHDRXmTw0UTlcNFrJbDRUaY
w0XgmcNFeZvDRROdw0WsnsNFRqDDReChw0V5o8NFE6XDRa6mw0VGqMNF4qnDRXurw0UVrcNF
rK7DRUaww0XgscNFe7PDRRO1w0WutsNFSLjDReC5w0V5u8NFE73DRa6+w0VGwMNF4MHDRXnD
w0UVxcNFrMbDRUjIw0XiycNFecvDRRPNw0WuzsNFRtDDReDRw0V508NFFdXDRazWw0VG2MNF
4tnDRXnbw0UT3cNFrN7DRUjgw0Xi4cNFe+PDRRPlw0Wu5sNFRujDReLpw0V768NFE+3DRazu
w0U=</AssayXData><AssayYData Points="500">f4KlQLeEpUBllaVA69OlQLuupUAJsqVAktWlQAHPpUCp0KVAjuClQC/jpUBH2qVAuQimQAnk
pUAm5qVAVeilQEsFpkBB06VAPAKmQCckpkCe66VAWeKlQFgMpkBLAqZAihqmQAz3pUDvA6ZA
cemlQJYLpkAcB6ZA5QKmQBT1pUBu56VAjwymQAsSpkDsGqZAfg2mQEVIpkC4TKZA//KlQCL0
pUDJEqZAZv2lQEjhpUATL6ZAihGmQG/0pUCDOKZAOSGmQLr4pUBh4qVAOgGmQH4KpkCFKKZA
nASmQHYMpkAmGKZAJCqmQP4jpkD/DqZA3g+mQGUFpkA0CqZAyxOmQHEbpkB/5qVAYBumQMPP
pUAmHqZAfBGmQFPjpUASCKZA5g2mQCnzpUCh9aVA5hGmQDn5pUChC6ZAAw2mQA8XpkDeEKZA
39mlQMoSpkCy0KVAdQKmQLvlpUBYHaZAmQ2mQBH1pUD3AqZAogGmQEb2pUAIEqZAV/qlQB8Q
pkBcBKZA4yGmQFkfpkB0IKZA5iKmQNP0pUDJAqZAjwWmQJQDpkAD9qVA2/alQOYapkDDAaZA
MfqlQMjxpUC3IaZAACOmQLMSpkA+EqZA50CmQLsYpkBbHaZAyiymQLtBpkC3+qVAFC2mQKEs
pkCOIaZAngqmQHkHpkCIJqZAjRamQDkppkArGaZAXiWmQJkTpkBUKKZAPTGmQKIspkCoIaZA
BiSmQJkhpkABBaZALDimQGsEpkBzEKZAqC6mQBT+pUAMQqZA+gGmQHYipkCEHKZAkD2mQKE3
pkACIaZAIhumQE8EpkB3FqZA30WmQHIrpkBKPqZAZiamQF0npkAIIKZAHzOmQMwwpkAJFKZA
1BmmQJompkBhMqZAQSSmQBItpkCPR6ZADhCmQNlPpkCEEqZACCemQBwnpkBFHaZAaySmQItC
pkAWN6ZAaE6mQEI2pkC0RaZAHBimQCgspkBCR6ZATTSmQNInpkCHTaZAzUamQBVJpkAtN6ZA
2y+mQCEgpkARLKZAsS6mQBc6pkBmSaZALjqmQFghpkDzKKZAeE6mQKI1pkBRLKZA+S+mQEBC
pkBGJaZAYS2mQNMVpkDBCKZAVCGmQOE2pkB9R6ZADCumQJM7pkBhK6ZAvWemQN1RpkAVIKZA
TRWmQNcypkAFRKZAJxOmQHhYpkBoJaZAqzGmQEs5pkAeT6ZAVxKmQIkmpkCLWqZA3jKmQHAy
pkBSJaZAa0emQCYspkAzKKZA3TOmQFc1pkDDQ6ZAQh6mQGIlpkAfRKZAPHCmQP4ipkAZZqZA
gTymQIcupkCaV6ZAP1CmQCpNpkAzUaZAgzSmQAY6pkC5QaZAcjOmQP8UpkAOJKZABXGmQHwm
pkDLR6ZAxCemQLAgpkBcNqZApyimQCgkpkAiM6ZA5zemQLo2pkA/SaZA6DumQJo7pkBsNqZA
oR6mQEZEpkCxSaZAMkqmQAcepkCPOqZAgjOmQAAspkAtL6ZAqyKmQHs5pkDxOqZAfRmmQAs5
pkDvE6ZAhSymQAVEpkA7L6ZA5C2mQPcspkBZP6ZARSymQKkepkD/Q6ZAizSmQH1EpkDZUaZA
wQymQIkWpkBGLaZAWCqmQBorpkAtLqZAiiymQFU9pkBdKKZA4SSmQNI4pkBfLaZACWSmQDw3
pkCiY6ZAc3umQMJTpkC3TKZAL2SmQI5cpkDUXaZArzmmQGJbpkDLVaZAzzumQEhIpkDOO6ZA
BTWmQP9apkC3XKZAbjSmQB9epkAGWaZA9TamQGlGpkDAcKZAcV2mQM9NpkCBcaZAP3GmQItN
pkA/b6ZAJDemQGpPpkBIUKZArjCmQAlPpkBAZKZAb16mQDtGpkC7ZKZA7WSmQPpbpkDWZaZA
PHSmQNxRpkAaW6ZAN1ymQH1MpkDjPaZApmOmQPGJpkCMM6ZAIWGmQHBdpkAzR6ZASD6mQDRN
pkCnVqZAClemQB5TpkCnSKZAvkGmQL5SpkBEJ6ZAdTemQDZvpkAkWaZA4ymmQGZIpkDLbqZA
b3SmQBhtpkDtUKZA7GymQFtbpkDUU6ZAgWOmQB5ipkBFdKZAJXymQDh1pkC+VaZAB1emQBdb
pkDVdKZA81amQOFmpkBJcqZAeWSmQIp6pkDGN6ZAOVqmQJ9RpkDbc6ZANnimQHVqpkB1SqZA
DHemQOxhpkCVbKZAxlqmQCY1pkAReaZAs2WmQCpVpkDxWqZAz2SmQMpspkCIQqZAlYymQHOj
pkCqYaZAgHKmQI1mpkBOVKZAwFemQEtYpkCmOaZAFmGmQM0vpkCKYKZADzKmQDhRpkA/UaZA
RjGmQEY2pkDVMqZAMZ+mQB1zpkDKhaZAHImmQChQpkCPVKZATlCmQM5wpkBOcKZAE1ymQIaJ
pkCwX6ZAg4qmQBiFpkD1fKZAfmOmQBdxpkBGd6ZAynKmQDYypkCHjKZAxl+mQIFopkByVKZA
jmymQIpqpkD9aaZA1YimQIxmpkAFhaZA+3amQAVXpkAvcKZACommQEaJpkBmTqZAC1imQNlv
pkA6YaZAoHSmQKCJpkClcaZAo3qmQI5qpkBPdqZA73qmQJiQpkDggqZAwnamQCNwpkCgnaZA
XXGmQBx9pkDkdaZAbYSmQPxfpkAWV6ZA/3amQJdupkCRRaZAlmCmQA91pkBIb6ZAq5SmQA1e
pkA=</AssayYData></Step><Step><CommonData><SampleLocation>4</SampleLocation><SampleID>hsCD3d/e_Acro_CDD-H52W1</SampleID><SampleGroup></SampleGroup><SampleInfo></SampleInfo><SampleRow>A</SampleRow><SamplePlate>1</SamplePlate><WellType>KSAMPLE</WellType><Concentration>-1</Concentration><ConcentrationUnits>µg/ml</ConcentrationUnits><MolarConcentration>200</MolarConcentration><MolarConcUnits>nM</MolarConcUnits><MolecularWeight>0</MolecularWeight><Temperature>30</Temperature><StartTime>7156028</StartTime><AssayTime>180</AssayTime></CommonData><FlowRate>1000</FlowRate><StepType>ASSOC</StepType><StepName>Association</StepName><StepStatus>OK</StepStatus><ActualTime>180.001</ActualTime><CycleTime>0.2</CycleTime><AssayXData Points="900">RvDDReLxw0V588NFFfXDRa72w0VI+MNF4vnDRXn7w0UT/cNFrP7DRUYAxEXiAcRFeQPERRMF
xEWuBsRFRgjEReAJxEV5C8RFFQ3ERawOxEVGEMRF4BHERXkTxEUTFcRFrhbERUgYxEXgGcRF
eRvERRUdxEWsHsRFRiDEReIhxEV5I8RFEyXERa4mxEVGKMRF4inERXkrxEUTLcRFri7ERUYw
xEXiMcRFeTPERRU1xEWsNsRFSDjEReA5xEV5O8RFFT3ERa4+xEVGQMRF4EHERXlDxEUTRcRF
rEbERUZIxEXgScRFeUvERRVNxEWsTsRFSFDEReJRxEV5U8RFE1XERa5WxEVGWMRF4FnERXlb
xEUTXcRFrl7ERUhgxEXiYcRFeWPERRdlxEWsZsRFRmjEReBpxEV7a8RFE23ERaxuxEVIcMRF
4HHERXlzxEUTdcRFrHbERUZ4xEXgecRFeXvERRN9xEWufsRFRoDEReCBxEV5g8RFE4XERa6G
xEVGiMRF4InERXmLxEUVjcRFrI7ERUaQxEXikcRFeZPERROVxEWslsRFRpjEReCZxEV7m8RF
FZ3ERayexEVGoMRF4KHERXujxEUVpcRFrqbERUioxEXgqcRFeavERRWtxEWsrsRFRrDEReCx
xEV5s8RFFbXERa62xEVGuMRF4LnERXm7xEUVvcRFrL7ERUjAxEXgwcRFe8PERRPFxEWuxsRF
SMjEReDJxEV7y8RFE83ERazOxEVG0MRF4NHERXvTxEUV1cRFrNbERUbYxEXi2cRFedvERRPd
xEWs3sRFSODEReDhxEV548RFFeXERazmxEVG6MRF4unERXnrxEUT7cRFru7ERUjwxEXg8cRF
efPERRP1xEWs9sRFRvjEReD5xEV5+8RFE/3ERa7+xEVIAMVF4AHFRXkDxUUTBcVFrgbFRUgI
xUXgCcVFeQvFRRUNxUWuDsVFSBDFReARxUV7E8VFExXFRawWxUVGGMVF4BnFRXkbxUUVHcVF
rB7FRUYgxUXgIcVFeSPFRRUlxUWuJsVFSCjFReApxUV7K8VFEy3FRa4uxUVGMMVF4DHFRXsz
xUUTNcVFrDbFRUY4xUXiOcVFeTvFRRM9xUWsPsVFRkDFReBBxUV7Q8VFE0XFRa5GxUVISMVF
4knFRXtLxUUVTcVFrE7FRUhQxUXgUcVFe1PFRRVVxUWsVsVFRljFReBZxUV7W8VFFV3FRa5e
xUVGYMVF4GHFRXljxUUTZcVFrmbFRUZoxUXgacVFeWvFRRVtxUWubsVFRnDFReBxxUV7c8VF
E3XFRax2xUVGeMVF4nnFRXt7xUUVfcVFsH7FRUaAxUXggcVFe4PFRROFxUWshsVFSIjFReCJ
xUV5i8VFE43FRayOxUVIkMVF5JHFRXuTxUUTlcVFrJbFRUiYxUXimcVFeZvFRRWdxUWsnsVF
RqDFReChxUV5o8VFE6XFRa6mxUVGqMVF4qnFRXmrxUUTrcVFrK7FRUiwxUXgscVFe7PFRRW1
xUWutsVFRrjFReC5xUV7u8VFE73FRa6+xUVGwMVF4sHFRXvDxUUVxcVFrsbFRUbIxUXiycVF
ecvFRRPNxUWszsVFSNDFReDRxUV708VFE9XFRazWxUVG2MVF4tnFRXvbxUUV3cVFrt7FRUbg
xUXi4cVFeePFRRPlxUWu5sVFRujFReDpxUV568VFE+3FRa7uxUVI8MVF4PHFRXvzxUUT9cVF
rPbFRUj4xUXg+cVFefvFRRX9xUWs/sVFRgDGReABxkV5A8ZFEwXGRa4GxkVGCMZF4AnGRXkL
xkUTDcZFrg7GRUYQxkXgEcZFexPGRRUVxkWsFsZFSBjGReIZxkV5G8ZFEx3GRawexkVGIMZF
4CHGRXkjxkUTJcZFribGRUYoxkXiKcZFeSvGRRMtxkWsLsZFRjDGReIxxkV7M8ZFEzXGRaw2
xkVIOMZF4DnGRXk7xkUTPcZFrD7GRUZAxkXgQcZFeUPGRRVFxkWsRsZFRkjGReJJxkV5S8ZF
E03GRaxOxkVIUMZF4FHGRXtTxkUTVcZFrFbGRUZYxkXgWcZFeVvGRRNdxkWsXsZFRmDGReBh
xkV5Y8ZFE2XGRaxmxkVGaMZF4GnGRXtrxkUTbcZFrm7GRUhwxkXiccZFeXPGRRN1xkWudsZF
SHjGReJ5xkV7e8ZFE33GRa5+xkVGgMZF4IHGRXmDxkUVhcZFrIbGRUaIxkXiicZFeYvGRRON
xkWsjsZFRpDGReCRxkV7k8ZFE5XGRa6WxkVImMZF4JnGRXmbxkUTncZFrJ7GRUigxkXgocZF
eaPGRRWlxkWspsZFSKjGReKpxkV5q8ZFFa3GRayuxkVIsMZF4LHGRXmzxkUVtcZFrLbGRUa4
xkXiucZFebvGRRW9xkWsvsZFRsDGReDBxkV7w8ZFFcXGRazGxkVGyMZF4MnGRXnLxkUVzcZF
rM7GRUbQxkXg0cZFe9PGRRXVxkWu1sZFSNjGReDZxkV528ZFGd3GRazexkVG4MZF4OHGRXvj
xkUV5cZFrObGRUboxkXg6cZFe+vGRRXtxkWs7sZFSPDGReDxxkV788ZFE/XGRaz2xkVI+MZF
4PnGRXv7xkUT/cZFrP7GRUYAx0XgAcdFeQPHRRMFx0WuBsdFRgjHReIJx0V7C8dFEw3HRa4O
x0VIEMdF4BHHRXsTx0UTFcdFrhbHRUYYx0XiGcdFeRvHRRMdx0WsHsdFRiDHReIhx0V5I8dF
EyXHRa4mx0VGKMdF4CnHRXsrx0UVLcdFrC7HRUYwx0XiMcdFeTPHRRM1x0WsNsdFRjjHReI5
x0V5O8dFEz3HRaw+x0VGQMdF4EHHRXlDx0UTRcdFrEbHRUhIx0XgScdFeUvHRRNNx0WsTsdF
SFDHReBRx0V5U8dFFVXHRaxWx0VGWMdF4lnHRXlbx0UVXcdFrF7HRUhgx0XiYcdFe2PHRRNl
x0WsZsdFRmjHReBpx0V5a8dFFW3HRa5ux0VGcMdF4nHHRXlzx0UVdcdFrHbHRZR4x0XgecdF
e3vHRRN9x0WsfsdFRoDHReCBx0V5g8dFE4XHRa6Gx0VGiMdF4onHRXmLx0UVjcdFrI7HRUaQ
x0XgkcdFe5PHRROVx0WslsdFRpjHReKZx0V5m8dFE53HRayex0VGoMdF4qHHRXmjx0UTpcdF
rqbHRUiox0XiqcdFeavHRROtx0WursdFSLDHReCxx0V5s8dFE7XHRa62x0VGuMdF4rnHRXm7
x0UVvcdFrL7HRUjAx0XgwcdFe8PHRRPFx0WuxsdFRsjHReLJx0V5y8dFFc3HRa7Ox0VG0MdF
4NHHRXnTx0UT1cdFrtbHRUjYx0Xg2cdFe9vHRRXdx0Ws3sdFRuDHReLhx0V548dFE+XHRa7m
x0VI6MdF4OnHRXnrx0UV7cdFru7HRUjwx0Xg8cdFefPHRRP1x0Ws9sdFRvjHReD5x0V5+8dF
E/3HRa7+x0VGAMhF4gHIRXkDyEUVBchFrAbIRUYIyEXgCchFewvIRRUNyEWuDshFRhDIReAR
yEV5E8hFExXIRawWyEVIGMhF4hnIRXsbyEUTHchFrB7IRUYgyEXgIchFeyPIRRMlyEWsJshF
SCjIReApyEV5K8hFFS3IRa4uyEVGMMhF4jHIRXszyEUVNchFrjbIRUY4yEXiOchFeTvIRRU9
yEWuPshFRkDIReBByEV5Q8hFE0XIRaxGyEVISMhF4knIRXlLyEUTTchFrE7IRUZQyEXiUchF
eVPIRRNVyEWsVshFRljIReBZyEV5W8hFE13IRaxeyEVIYMhF4mHIRXljyEUTZchFrGbIRUho
yEXgachFe2vIRRVtyEWsbshFRnDIReBxyEV5c8hFE3XIRax2yEVGeMhF4nnIRXl7yEUTfchF
rn7IRUiAyEXigchFeYPIRROFyEWshshFRojIReKJyEV5i8hFE43IRayOyEVGkMhF4pHIRXmT
yEUVlchFrpbIRUaYyEXgmchFeZvIRRWdyEWsnshFSKDIReChyEV7o8hFE6XIRa6myEVIqMhF
4KnIRXmryEUVrchFrq7IRUawyEXgschFe7PIRRW1yEWstshFRrjIReK5yEV5u8hFE73IRa6+
yEVGwMhF4MHIRXnDyEUTxchFrMbIRUbIyEXgychFe8vIRRPNyEWuzshFRtDIReDRyEV708hF
FdXIRazWyEVG2MhF4NnIRXvbyEUT3chFrt7IRUjgyEXi4chFeePIRRXlyEWs5shFRujIReDp
yEV568hFE+3IRazuyEVI8MhF4vHIRXvzyEUT9chFrPbIRUj4yEXi+chFefvIRRP9yEWs/shF
RgDJReAByUV5A8lFEwXJRa4GyUVGCMlF4gnJRXsLyUUTDclFrA7JRUYQyUXgEclFexPJRRMV
yUWuFslFSBjJReAZyUV7G8lFEx3JRaweyUVGIMlF4CHJRXkjyUUTJclFrCbJRUYoyUXgKclF
eyvJRRctyUWsLslFSDDJReAxyUV7M8lFEzXJRaw2yUVGOMlF4jnJRXk7yUUTPclFrD7JRUhA
yUXgQclFeUPJRRVFyUWsRslFRkjJReBJyUV7S8lFE03JRa5OyUVIUMlF4FHJRXlTyUUTVclF
rlbJRV1YyUXgWclFe1vJRRNdyUWsXslFRmDJReBhyUV5Y8lFFWXJRaxmyUVGaMlF4GnJRXlr
yUUTbclFrm7JRUZwyUXgcclFeXPJRRN1yUWsdslFRnjJReB5yUV7e8lFFX3JRa5+yUVGgMlF
4IHJRXmDyUUVhclFrobJRUiIyUXiiclFe4vJRRONyUWujslF</AssayXData><AssayYData Points="900">/D+mQBFopkCcq6ZAdrumQHDxpkCs1KZAdNumQPb+pkDE7aZA982mQA3vpkBJ5aZACxynQFfp
pkDSC6dAuxanQOAOp0ChJKdASRmnQAMap0A6KadALwmnQJYWp0CXHKdABjSnQO4dp0BEQKdA
BU2nQC4mp0C6P6dArVCnQDFHp0BILadA402nQEdOp0CLO6dAUTqnQGMrp0BHCKdAZUanQLkm
p0AoLKdAFQ6nQOE4p0D3RKdAHSinQFFPp0AbLadARTynQFY2p0CTCadAyCanQDorp0DfUqdA
TkinQHxZp0BTG6dAVzSnQFtdp0CjMKdAPkynQG5ap0BgO6dA/YCnQLY1p0AhMadAf1unQGNU
p0D6T6dAk0unQIlOp0CBMqdAsEenQJUxp0DxMKdAnSanQBgqp0DmPadAQl2nQJsmp0A8aadA
8DqnQMpNp0CKOKdAgU2nQBZFp0BvSKdAfh6nQEtNp0DTGKdATlenQEtYp0BmYKdAB0anQBFT
p0AhU6dAe1inQKVRp0B9U6dA7mynQMBQp0CaQKdAamCnQCc0p0D/SKdABTanQC1sp0DwWqdA
GXKnQKhAp0DDOadAvWenQMlrp0Djb6dAMEmnQOk/p0AKdqdAvVynQOhmp0B8cadAoFGnQDk+
p0AOVKdATm+nQM88p0DVQqdA82anQJI8p0COXqdACmCnQOxRp0AIV6dA6EynQLBWp0CxaKdA
ilKnQNNjp0DTVadAIjSnQFpfp0DDSqdAHmCnQMV2p0DSQqdAviqnQBpdp0BkbqdA1mSnQAVg
p0DXeKdA3TenQINNp0DZU6dA/SynQBVEp0BuU6dAv0inQMtBp0D2Q6dAAkGnQAIlp0BQVKdA
viGnQOA0p0DKRKdApU+nQGVhp0AhbadAyVinQNFep0CGOqdAM12nQPEtp0A1IKdArEWnQD1N
p0DdQ6dAfXqnQElqp0Cua6dApkOnQPhUp0BtT6dA9FynQKlgp0AJJ6dAByWnQCOUp0BMPKdA
y1CnQLFzp0C3MqdAEmGnQItcp0BeNadA90GnQOU6p0CeRadA+linQNpnp0DTT6dAskCnQF5V
p0DqVqdAkz+nQK5lp0CFgKdAe3ynQAdcp0C1iqdANWKnQKNip0CYZ6dAvlenQFRAp0BMZKdA
YXKnQNFfp0A2cqdAEmunQGhpp0AnfqdAPmSnQLdmp0CViadAcV2nQN9/p0BGf6dA12enQM1T
p0ArR6dAFlGnQF9Qp0DaaKdAAY2nQJR/p0DcaadA50SnQOaAp0AyeKdAO0enQM9bp0DzZadA
e3enQHhop0A3cqdAfHKnQHyap0CZYKdAD7OnQDh8p0A4Y6dAWlCnQFKCp0ACfKdARXqnQFmE
p0BneqdAf2+nQBVyp0C2dKdA83WnQBlnp0DfhKdAgH+nQOp2p0BtcqdA7FunQMByp0DXg6dA
sXanQDFup0DhbadAZoanQLh6p0BKXKdAKpCnQLJvp0CTaqdAtXCnQDSpp0DiiKdAHI6nQL94
p0DsdqdAW56nQJRSp0CjZ6dA44ynQH5vp0AQaadARFynQEJwp0AopKdAC1ynQIhgp0DMaadA
KmqnQMeVp0B2iqdALYKnQDF6p0DApqdAk3+nQKB5p0Aoa6dAw1mnQN2Fp0CNkKdAs0mnQGyi
p0C0e6dA4o6nQDd7p0DhmKdAiY2nQEdxp0AxiKdATXWnQIaFp0D5eqdATWynQAiLp0BDdqdA
RnunQG2Np0CbYKdAG3ynQFxIp0C8mqdAo4OnQCGHp0Cxe6dAKKmnQNqXp0ANfadAtoKnQMmB
p0Dwi6dA8XunQC1+p0A7dadAdYinQJxqp0BKf6dAzIanQA2Up0BqYqdAIoWnQBl+p0BhmKdA
TIWnQHyLp0C1qqdAn6KnQKeep0BzeqdAxVinQAJ6p0CKkKdAV2anQLxwp0CIY6dAMqGnQDFz
p0A6eadAIGynQEBsp0A9f6dAOm2nQGtwp0C/dKdAO3unQIBgp0BbbqdAFnSnQICCp0DMbadA
WGinQBFhp0ArZ6dA/YOnQPmLp0AXvKdAVWCnQOZ9p0BVjqdA96unQLtup0CriqdAQcenQKij
p0CGiKdAJJqnQMqnp0DonKdAkoinQA+ip0ASgKdAkXinQGmMp0BzgadA0o2nQFqAp0BjkqdA
9oqnQBWYp0BuZ6dABYqnQDB3p0BviadAP5WnQNufp0CgcqdATIynQC5ip0DsoadADKinQLSd
p0AMnqdAe6qnQPSgp0DzjKdA3H6nQPB2p0BZrqdAy4inQEaQp0Dpo6dAQpqnQGl5p0BOradA
KIenQKuDp0Arm6dAv4anQMKHp0DAg6dAm3unQFVnp0DaPKdAXYqnQMB6p0Dua6dAzJSnQF9k
p0BpgadA9HWnQAKOp0DRlKdA8GqnQAF7p0B4lKdASUinQCCYp0Bvd6dA3pmnQLSLp0DNgqdA
cYGnQNakp0DOmqdAPnenQNV3p0AeoadAQFinQNKPp0AWo6dAWXSnQKeOp0DeZadAb2WnQNx4
p0Ckg6dAS5SnQHiGp0C0kadAjmSnQEOep0CqhKdAMZqnQLu2p0AqnqdANJmnQE2Pp0BaqadA
jJunQGKQp0DwmqdAQ7+nQOq7p0ANkqdAOY6nQOWUp0BKxadA26unQIWrp0BhhqdA1IunQK63
p0AFpKdAg3WnQIOOp0DPo6dA56+nQCebp0D7qadAb6enQGu3p0CFv6dAS5ynQOiUp0AmnqdA
yXqnQHx6p0DIs6dAgZGnQDeap0DWpKdA/4anQCSLp0D0lKdAIHWnQIhBp0BeeKdANXynQHJn
p0ANfKdAYJ2nQJNjp0ABf6dAD3mnQMqCp0A0lKdAMKunQPSBp0A4eadAH5SnQDqUp0Ayj6dA
QsGnQMeNp0Adn6dAjZunQGuDp0Doa6dAFKanQLaBp0C9fqdA4oCnQHWlp0A8bqdAVpKnQI6y
p0C2gqdAHX2nQHGtp0DPgKdAN4SnQN2Fp0AKjadAQZOnQCp8p0BOgKdA1NOnQDSip0BgnKdA
JJynQAuTp0D+pqdAyXKnQPWep0CBrqdA4rqnQPWvp0AOrqdAoa2nQM6kp0ABrKdALbunQJPL
p0CJbadArainQIyjp0D4nadAUeOnQFp7p0Cxj6dAhOWnQM2wp0DDl6dAELKnQBqQp0A4madA
iqmnQAWwp0AhtqdAPLSnQC7mp0CkmadAl56nQEGvp0BWvqdAvLOnQC+9p0BHuqdAZaSnQPfF
p0C3t6dAkXunQD68p0DpzKdARa2nQG6op0BUn6dAJ5KnQFOop0CWxKdA952nQGeyp0A0yqdA
45+nQNqfp0DtrqdAvKGnQDmjp0BVradAqpCnQKKgp0BCsKdA0bynQP2bp0DC16dAUtenQM2/
p0DXm6dAS6qnQBfFp0CnwadAcKCnQPenp0ABp6dA15+nQMqqp0D0oKdAg5enQP6/p0A/qadA
brCnQMq9p0AImqdAmMSnQEDBp0DavadAmMqnQMfdp0BUkadAbI+nQBabp0A00KdA8a+nQJ6s
p0DTradApLqnQHjZp0CkzKdAha2nQFzAp0AqradARbanQNWyp0A5tqdATpanQGm0p0BC0qdA
AcinQMaZp0B2p6dAF8anQN6Kp0BptKdAh7OnQLXAp0DMm6dAZ4enQPXMp0BznqdALa2nQPHT
p0BGrKdA2sSnQMTCp0AGxKdAP9KnQGrFp0A2pqdAS7qnQJfGp0AvwadAN+KnQEKrp0DOqqdA
C8enQNrQp0CNsKdAypKnQN/Pp0DxrqdAP7+nQD/op0B3x6dAIMunQOizp0Cd7adAftKnQLbS
p0Cys6dAaqOnQOm9p0Aj6qdANLanQKPKp0D2uKdAeqinQIbbp0CZ36dAkq6nQL7fp0Bl5KdA
AdOnQHGYp0DS0qdAsr6nQFvOp0BAwqdArOGnQK/Fp0CkxadASMCnQP/Bp0Dg66dA1eSnQDTJ
p0An6adAhdunQC+np0CzyqdAouqnQCfLp0CevKdAF9ynQBHDp0BkwqdAu8mnQKHpp0Dc0qdA
M8CnQOjbp0ADxadANKinQF7hp0DAwqdA0LOnQJrcp0C2x6dA38CnQDLyp0AFvqdAysinQJSz
p0Ak2qdAPN2nQBzkp0D70qdAtNinQCPBp0Do2adAWdynQDvHp0DezqdAi8enQHm6p0DK7qdA
78anQMLep0AevKdAMLOnQFW8p0AF7qdAD8WnQMSop0DQ46dA3sSnQFTkp0CA3qdAN+CnQPjP
p0DU3KdALr6nQO3Ip0CguKdAn+GnQNfYp0CPwadAALenQBbnp0CpwadAIrenQOnLp0AJxKdA
z6+nQID/p0AftadAoLmnQO/tp0D6zadAqbynQOXfp0DA+KdA6NenQGjKp0CgyqdAMaKnQO7I
p0D35qdAldynQJDNp0Ck0adAEsenQGbup0Dzz6dAkcmnQJHNp0D+0qdADOWnQIHIp0Bq3qdA
/cWnQHK/p0BF6qdA+NKnQGe7p0COyKdASeCnQBLbp0CZ2KdAWfKnQN3zp0BfzKdAswKoQBTf
p0C12qdABeOnQAPBp0AJ6qdApOGnQPfop0C/yqdAXq2nQGzdp0AivqdAEdGnQG3Lp0CW26dA
S6WnQNq6p0BlzKdAicGnQDXWp0Cx7KdAZ+GnQIjHp0CotadAoLunQETop0CPyqdAnMynQAju
p0Bb0qdAevOnQLQeqEBV6adAB+CnQKrtp0BjvqdAL/qnQBfdp0BR56dAZtanQHO1p0Du4adA
3tunQL3Bp0CXnKdAuuenQK4AqEAlvadAz9CnQADlp0AevKdA</AssayYData></Step><Step><CommonData><SampleLocation>3</SampleLocation><SampleID>Octet Buffer</SampleID><SampleGroup></SampleGroup><SampleInfo></SampleInfo><SampleRow>A</SampleRow><SamplePlate>1</SamplePlate><WellType>BUFFER</WellType><Concentration>-1</Concentration><ConcentrationUnits>µg/ml</ConcentrationUnits><MolarConcentration>-1</MolarConcentration><MolarConcUnits>nM</MolarConcUnits><MolecularWeight>0</MolecularWeight><Temperature>30</Temperature><StartTime>7344451</StartTime><AssayTime>300</AssayTime></CommonData><FlowRate>1000</FlowRate><StepType>DISASSOC</StepType><StepName>Dissociation</StepName><StepStatus>OK</StepStatus><ActualTime>300.001</ActualTime><CycleTime>0.2</CycleTime><AssayXData Points="1500">SJDJReSRyUV9k8lFF5XJRbCWyUVImMlF4pnJRX2byUUXnclFrp7JRUigyUXkoclFe6PJRRWl
yUWwpslFSqjJReKpyUV7q8lFF63JRa6uyUVIsMlF4rHJRXuzyUUVtclFrrbJRUi4yUXiuclF
fbvJRRW9yUWuvslFSsDJReLByUV7w8lFFcXJRa7GyUVIyMlF4snJRX3LyUUVzclFrs7JRUjQ
yUXi0clFf9PJRRXVyUWu1slFSNjJReLZyUV728lFFd3JRa7eyUVK4MlF4uHJRX3jyUUV5clF
sObJRUjoyUXi6clFe+vJRRXtyUWw7slFSPDJReTxyUV988lFFfXJRa72yUVI+MlF5PnJRX37
yUUV/clFrv7JRUgAykXkAcpFfQPKRRUFykWwBspFSAjKReQJykV9C8pFFQ3KRa4OykVIEMpF
4hHKRX0TykUVFcpFsBbKRUoYykXkGcpFexvKRRUdykWuHspFSCDKReIhykV7I8pFFyXKRa4m
ykVIKMpF4inKRXsrykUXLcpFsC7KRUgwykXiMcpFezPKRRU1ykWuNspFSDjKReI5ykV7O8pF
Fz3KRa4+ykVIQMpF5EHKRX1DykUVRcpFrkbKRUhIykXiScpFe0vKRRVNykWwTspFSFDKReJR
ykV7U8pFFVXKRa5WykVIWMpF4lnKRX1bykUXXcpFsF7KRUhgykXiYcpFe2PKRRdlykWuZspF
SGjKReJpykV7a8pFFW3KRa5uykVKcMpF4nHKRX1zykUVdcpFrnbKRUh4ykXkecpFe3vKRRd9
ykWwfspFSIDKReKBykV7g8pFFYXKRbCGykVIiMpF4onKRX2LykUVjcpFro7KRUiQykXkkcpF
e5PKRRWVykWulspFSJjKReSZykV7m8pFFZ3KRbCeykVIoMpF4qHKRXujykUVpcpFrqbKRUio
ykXkqcpFfavKRRetykWwrspFSLDKReSxykV7s8pFF7XKRa62ykVKuMpF4rnKRXu7ykUVvcpF
sL7KRUrAykXiwcpFe8PKRRfFykWwxspFSMjKReTJykV9y8pFFc3KRa7OykVK0MpF4tHKRXvT
ykUV1cpFrtbKRUrYykXm2cpFe9vKRRfdykWu3spFSODKReLhykV948pFFeXKRa7mykVI6MpF
4unKRX3rykUV7cpFsO7KRUjwykXk8cpFe/PKRRX1ykWu9spFSPjKReT5ykV9+8pFF/3KRbD+
ykVKAMtF4gHLRXsDy0UVBctFsAbLRUgIy0XiCctFewvLRRUNy0WyDstFSBDLReIRy0V7E8tF
FRXLRa4Wy0VIGMtF4hnLRXsby0UXHctFrh7LRUogy0XiIctFfSPLRRcly0WwJstFSijLReIp
y0V7K8tFFS3LRa4uy0VKMMtF4jHLRX0zy0UVNctFsDbLRUg4y0XiOctFezvLRRU9y0WuPstF
SEDLReRBy0V9Q8tFFUXLRa5Gy0VISMtF4knLRX1Ly0UVTctFrk7LRUhQy0XkUctFfVPLRRdV
y0WuVstFSFjLReJZy0V9W8tFF13LRbBey0VIYMtF5GHLRXtjy0UVZctFrmbLRUpoy0XkactF
e2vLRRVty0WwbstFTHDLReJxy0V7c8tFFXXLRa52y0VIeMtF4nnLRX17y0UVfctFrn7LRUiA
y0XigctFe4PLRRWFy0WwhstFSojLReSJy0V9i8tFF43LRa6Oy0VIkMtF4pHLRXuTy0UXlctF
rpbLRUqYy0XimctFfZvLRRWdy0WunstFSKDLReKhy0V7o8tFF6XLRa6my0VIqMtF5KnLRXur
y0UVrctFrq7LRUiwy0XisctFfbPLRRW1y0WutstFSrjLReS5y0V7u8tFFb3LRa6+y0VIwMtF
4sHLRXvDy0UVxctFrsbLRUrIy0XkyctFe8vLRRXNy0WwzstFSNDLReTRy0V908tFF9XLRa7W
y0VI2MtF4tnLRXvby0UV3ctFrt7LRUjgy0Xk4ctFe+PLRRXly0Wu5stFSOjLReLpy0V768tF
Fe3LRa7uy0VI8MtF5PHLRXvzy0UV9ctFrvbLRUj4y0Xi+ctFffvLRRX9y0Ww/stFSADMReQB
zEV9A8xFFwXMRa4GzEVICMxF5AnMRX0LzEUXDcxFrg7MRUgQzEXiEcxFfRPMRRUVzEWuFsxF
TBjMReYZzEV9G8xFFR3MRbAezEVIIMxF4iHMRX0jzEUVJcxFribMRUoozEXiKcxFeyvMRRct
zEWuLsxFSDDMReIxzEV7M8xFFTXMRbA2zEVKOMxF4jnMRXs7zEUXPcxFrj7MRUpAzEXiQcxF
e0PMRRVFzEWuRsxFSkjMReRJzEV7S8xFF03MRbBOzEVKUMxF4lHMRX1TzEUVVcxFrlbMRUpY
zEXiWcxFe1vMRRVdzEWuXsxFSmDMReJhzEV9Y8xFF2XMRa5mzEVKaMxF5GnMRX1rzEUXbcxF
rm7MRUpwzEXkccxFe3PMRRd1zEWwdsxFSHjMReJ5zEV9e8xFF33MRa5+zEVIgMxF4oHMRXuD
zEUVhcxFsIbMRUiIzEXkicxFfYvMRRWNzEWwjsxFSJDMReKRzEV7k8xFF5XMRa6WzEVImMxF
5JnMRX2bzEUVncxFsJ7MRUigzEXkocxFe6PMRRWlzEWupsxFSKjMReKpzEV7q8xFF63MRa6u
zEVKsMxF4rHMRXuzzEUVtcxFsLbMRUi4zEXiucxFe7vMRRm9zEWwvsxFSMDMReTBzEV7w8xF
F8XMRa7GzEVKyMxF4snMRX3LzEUVzcxFrs7MRUjQzEXk0cxFe9PMRRXVzEWu1sxFSNjMReLZ
zEV728xFF93MRa7ezEVI4MxF4uHMRX3jzEUX5cxFrubMRUjozEXi6cxFfevMRRXtzEWu7sxF
SvDMReTxzEV988xFF/XMRbD2zEVK+MxF4vnMRX37zEUV/cxFrv7MRUoAzUXkAc1FfQPNRRUF
zUWuBs1FSAjNReIJzUV9C81FFQ3NRbAOzUVKEM1F4hHNRX0TzUUXFc1FrhbNRUgYzUXkGc1F
exvNRRcdzUWuHs1FSCDNReIhzUV9I81FFSXNRa4mzUVIKM1F4inNRX0rzUUVLc1Fri7NRUgw
zUXkMc1FfTPNRRU1zUWuNs1FSDjNReI5zUV7O81FFz3NRa4+zUVIQM1F4kHNRXtDzUUVRc1F
rkbNRUhIzUXkSc1FfUvNRRVNzUWwTs1FSFDNReJRzUV9U81FF1XNRa5WzUVKWM1F5FnNRX1b
zUUXXc1Frl7NRUpgzUXiYc1Fe2PNRRVlzUWuZs1FSmjNReRpzUV9a81FFW3NRa5uzUVIcM1F
4nHNRXtzzUUXdc1FsHbNRUh4zUXiec1Fe3vNRRd9zUWufs1FSIDNReKBzUV9g81FFYXNRa6G
zUVKiM1F5InNRXuLzUUVjc1Fro7NRUiQzUXkkc1Fe5PNRReVzUWwls1FSpjNReKZzUV9m81F
FZ3NRa6ezUVKoM1F4qHNRXujzUUVpc1FrqbNRUqozUXiqc1Fe6vNRRetzUWurs1FSLDNReKx
zUV7s81FF7XNRa62zUVKuM1F4rnNRX27zUUXvc1Frr7NRUrAzUXiwc1Fe8PNRRXFzUWuxs1F
SMjNReLJzUV9y81FFc3NRa7OzUVK0M1F5NHNRXvTzUUV1c1FsNbNRUjYzUXi2c1FfdvNRRXd
zUWu3s1FSODNReLhzUV7481FFeXNRa7mzUVI6M1F5OnNRX3rzUUV7c1Fru7NRUrwzUXi8c1F
ffPNRRf1zUWu9s1FSvjNReL5zUV9+81FFf3NRa7+zUVIAM5F4gHORXsDzkUVBc5FrgbORUoI
zkXkCc5FewvORRcNzkWuDs5FSBDOReIRzkV7E85FFRXORa4WzkVIGM5F4hnORXsbzkUVHc5F
rh7ORUggzkXkIc5FfSPORRclzkWuJs5FSijOReQpzkV9K85FFS3ORa4uzkVIMM5F4jHORX0z
zkUVNc5FsDbORUo4zkXiOc5FfTvORRU9zkWuPs5FSEDOReRBzkV7Q85FFUXORa5GzkVISM5F
5EnORXtLzkUVTc5Frk7ORUhQzkXkUc5Fe1PORRdVzkWuVs5FSFjOReRZzkV7W85FFV3ORa5e
zkVKYM5F4mHORXtjzkUVZc5FsGbORUhozkXkac5Fe2vORRdtzkWubs5FSHDOReJxzkV9c85F
F3XORbB2zkVIeM5F4nnORX17zkUVfc5Frn7ORUiAzkXigc5Fe4PORReFzkWuhs5FSIjOReKJ
zkV9i85FFY3ORbCOzkVIkM5F5JHORX2TzkUVlc5FrpbORUiYzkXimc5Fe5vORRWdzkWwns5F
SqDOReKhzkV9o85FFaXORa6mzkVIqM5F5KnORXurzkUVrc5Fsq7ORUiwzkXisc5Fe7PORRW1
zkWwts5FSrjOReS5zkV9u85FF73ORa6+zkVKwM5F4sHORXvDzkUVxc5FsMbORUjIzkXiyc5F
e8vORRXNzkWwzs5FSNDOReTRzkV9085FF9XORbDWzkVK2M5F4tnORXvbzkUX3c5Frt7ORUjg
zkXk4c5Fe+PORRflzkWw5s5FSujOReTpzkV9685FFe3ORbDuzkVI8M5F5PHORX3zzkUV9c5F
rvbORUr4zkXi+c5FffvORRX9zkWw/s5FSgDPReIBz0V7A89FFQXPRa4Gz0VKCM9F5AnPRXsL
z0UVDc9Frg7PRUgQz0XkEc9FexPPRRUVz0WwFs9FShjPReIZz0V9G89FFR3PRa4ez0VIIM9F
5CHPRX0jz0UXJc9FribPRUooz0XkKc9FeyvPRRUtz0WuLs9FSjDPReIxz0V7M89FFTXPRa42
z0VIOM9F4jnPRX07z0UVPc9Frj7PRUpAz0XiQc9Fe0PPRRdFz0WuRs9FSEjPReJJz0V7S89F
FU3PRbBOz0VIUM9F5FHPRX1Tz0UVVc9FrlbPRUhYz0XkWc9FfVvPRRVdz0WuXs9FSGDPReJh
z0V7Y89FFWXPRa5mz0VIaM9F5GnPRXtrz0UXbc9Frm7PRUhwz0Xkcc9Fe3PPRRV1z0Wuds9F
SnjPReJ5z0V9e89FFX3PRbB+z0VKgM9F4oHPRX2Dz0UXhc9FrobPRUqIz0Xiic9Fe4vPRRWN
z0Wwjs9FSpDPReKRz0V7k89FFZXPRa6Wz0VImM9F4pnPRX2bz0UXnc9Frp7PRUigz0Xioc9F
e6PPRRWlz0Wups9FSqjPReSpz0V7q89FF63PRbCuz0VKsM9F5LHPRX2zz0UVtc9FrrbPRUq4
z0Xkuc9Fe7vPRRW9z0Wuvs9FSsDPReLBz0V9w89FFcXPRa7Gz0VKyM9F5MnPRX3Lz0UVzc9F
rs7PRUjQz0Xi0c9Fe9PPRRfVz0Ww1s9FSNjPReTZz0V7289FF93PRbDez0VI4M9F4uHPRXvj
z0UV5c9FsObPRUroz0Xi6c9FfevPRRXtz0Wu7s9FSPDPReLxz0V7889FF/XPRa72z0VI+M9F
5PnPRXv7z0UX/c9Frv7PRUgA0EXiAdBFewPQRRcF0EWuBtBFSgjQReQJ0EV9C9BFFw3QRa4O
0EVIENBF4hHQRX0T0EUXFdBFrhbQRUoY0EXkGdBFfRvQRRUd0EWwHtBFSiDQReIh0EV9I9BF
FSXQRbAm0EVKKNBF4inQRXsr0EUVLdBFri7QRUgw0EXiMdBFfTPQRRU10EWwNtBFSDjQReI5
0EV7O9BFFz3QRa4+0EVIQNBF4kHQRX1D0EUXRdBFrkbQRUhI0EXiSdBFfUvQRRVN0EWuTtBF
SlDQReJR0EV7U9BFF1XQRbBW0EVIWNBF4lnQRXtb0EUXXdBFrl7QRUhg0EXiYdBFe2PQRRVl
0EWuZtBFSGjQReRp0EV7a9BFF23QRa5u0EVKcNBF5HHQRXtz0EUVddBFrnbQRUp40EXiedBF
fXvQRRd90EWuftBFSoDQReKB0EV7g9BFF4XQRbCG0EVIiNBF5InQRXuL0EUVjdBFro7QRUqQ
0EXikdBFe5PQRRWV0EWultBFSJjQReKZ0EV7m9BFFZ3QRa6e0EVKoNBF4qHQRXuj0EUXpdBF
rqbQRUio0EXkqdBFfavQRRWt0EWwrtBFSLDQReSx0EV9s9BFF7XQRbC20EVIuNBF4rnQRX27
0EUVvdBFsL7QRUjA0EXiwdBFfcPQRRfF0EWwxtBFSMjQReTJ0EV9y9BFF83QRa7O0EVK0NBF
5NHQRX3T0EUX1dBFsNbQRUjY0EXk2dBFe9vQRRXd0EWu3tBFSODQReLh0EV749BFFeXQRbDm
0EVK6NBF5OnQRX3r0EUV7dBFru7QRUrw0EXk8dBFffPQRRX10EWw9tBFSPjQReT50EV9+9BF
F/3QRa7+0EVIANFF4gHRRX0D0UUXBdFFrgbRRUgI0UXkCdFFfQvRRRUN0UWwDtFFShDRReQR
0UV9E9FFFRXRRbAW0UVIGNFF4hnRRXsb0UUXHdFFrh7RRUog0UXiIdFFeyPRRRcl0UWwJtFF
SijRReIp0UV9K9FFFy3RRbAu0UVIMNFF5DHRRX0z0UUVNdFFrjbRRUg40UXiOdFFfTvRRRU9
0UWuPtFFSEDRReJB0UV9Q9FFF0XRRa5G0UVISNFF4knRRX1L0UUXTdFFrk7RRUhQ0UXkUdFF
e1PRRRVV0UWwVtFFSljRReJZ0UV7W9FFFV3RRa5e0UVIYNFF4mHRRX1j0UUXZdFFrmbRRUpo
0UXiadFFf2vRRRVt0UWwbtFFSnDRReJx0UV7c9FFF3XRRbB20UVKeNFF5HnRRXt70UUXfdFF
sH7RRUiA0UXkgdFFe4PRRReF0UWwhtFFSIjRReSJ0UV9i9FFF43RRa6O0UVIkNFF4pHRRX2T
0UUVldFFsJbRRUiY0UXimdFFe5vRRRWd0UWuntFFSKDRReSh0UV7o9FFF6XRRa6m0UVIqNFF
5KnRRX2r0UUVrdFFrq7RRUiw0UXksdFFe7PRRRW10UWuttFFSLjRReK50UV7u9FFF73RRa6+
0UVIwNFF5MHRRX3D0UUVxdFFrsbRRUjI0UXiydFFe8vRRRfN0UWwztFFStDRReTR0UV709FF
F9XRRa7W0UVI2NFF4tnRRXvb0UUV3dFFrt7RRUrg0UXi4dFFfePRRRXl0UWu5tFFSujRReLp
0UV769FFFe3RRbDu0UVK8NFF4vHRRXvz0UUV9dFFsPbRRUj40UXi+dFFe/vRRRf90UWu/tFF
SADSReIB0kV9A9JFFQXSRa4G0kVKCNJF5AnSRX0L0kUVDdJFrg7SRUgQ0kXiEdJFexPSRRUV
0kWwFtJFSBjSReIZ0kV9G9JFFR3SRa4e0kVKINJF5iHSRXsj0kUXJdJFribSRUgo0kXkKdJF
fSvSRRUt0kWwLtJFSDDSReQx0kV7M9JFFTXSRbA20kVIONJF4jnSRX070kUVPdJFrj7SRUhA
0kXiQdJFe0PSRRdF0kWwRtJFSEjSReJJ0kV7S9JFF03SRa5O0kVIUNJF4lHSRXtT0kUXVdJF
rlbSRUpY0kXiWdJFe1vSRRdd0kWwXtJFSGDSReRh0kV7Y9JFF2XSRa5m0kVKaNJF5GnSRXtr
0kUXbdJFrm7SRUhw0kXicdJFe3PSRRd10kWudtJFSnjSReR50kV7e9JFF33SRa5+0kVIgNJF
4oHSRX2D0kUXhdJFrobSRUiI0kXkidJFe4vSRRWN0kWwjtJFSpDSReSR0kV7k9JFF5XSRa6W
0kVImNJF4pnSRXub0kUVndJFrp7SRUqg0kXiodJFfaPSRRWl0kWuptJFSKjSReSp0kV7q9JF
Fa3SRbCu0kVIsNJF4rHSRXuz0kUXtdJFsLbSRUq40kXiudJFfbvSRRe90kWuvtJFSMDSReLB
0kV9w9JFFcXSRa7G0kVIyNJF5MnSRXvL0kUVzdJFrs7SRUjQ0kXi0dJFe9PSRRXV0kWw1tJF
SNjSReLZ0kV929JFF93SRa7e0kVK4NJF4uHSRXvj0kUV5dJFsObSRUro0kXk6dJFfevSRRft
0kWw7tJF</AssayXData><AssayYData Points="1500">1tKmQCC/pkC33aZAVPimQNbypkBO/KZAnOGmQBXkpkAI/KZAVPumQNQMp0AHD6dAluqmQI/u
pkA8DadAfgqnQA7RpkBhKKdATwOnQLMqp0BHHadASTSnQIEmp0CPCadAeQqnQPsyp0AvHqdA
Yx2nQP8Zp0CXFadAfxCnQMcUp0BKO6dAby2nQAdHp0A0IadAcCanQCQjp0BLPadAGj+nQKpJ
p0BwIqdANxunQDwrp0DGG6dAMzqnQFlgp0BdSadAUDynQMhAp0CHJqdAoWKnQOhqp0ANOqdA
CEKnQL9Dp0BaQ6dAvUqnQIgZp0C1SqdAQCKnQP1Ep0BVK6dApFCnQABBp0DzKqdAEE6nQBdR
p0CaQadABlSnQLZXp0BaMKdAsU6nQE85p0AZIadA+DOnQBgjp0DxM6dADkunQEA7p0B/SKdA
3UCnQGgKp0ACDadAvxenQMNGp0BRWKdA+h6nQJxUp0CvJqdAt2anQPtYp0DmPqdAKxanQCIy
p0DUMqdAfDCnQHwyp0ASMKdAvl2nQAtGp0DxHKdAy1ynQFowp0DURKdAvUOnQDswp0DKXKdA
4jSnQIcsp0BIMadAXC2nQLgtp0A4VKdA3y6nQAgrp0CNOadAQ0unQJZep0DFWqdANTKnQJ6A
p0C6RKdA0FqnQNtEp0CPVqdAxWCnQBZgp0DlPKdAHl2nQGhXp0B+Q6dA1FCnQNtGp0AnQ6dA
wGKnQF81p0CWY6dARWOnQNVrp0CSIKdArG2nQFlGp0ATY6dAuD2nQAlcp0BPW6dAhkanQBVT
p0BiVKdAA1qnQGFtp0ADXadACTqnQD5hp0C5cKdAnjqnQN1Jp0BJWqdAu06nQPkxp0CkT6dA
0iWnQIdIp0DBOqdA1RmnQF41p0AhWqdAYy6nQOo6p0BBP6dAFlCnQIc7p0ABWadA5CunQNlY
p0CeOKdAAVqnQBE8p0B4MadA9jKnQKQvp0BOR6dAgESnQHFLp0BCHadAvkqnQEBqp0BWQadA
EGCnQPE5p0CbHqdAMk2nQOlKp0BoXKdAkmynQM9Hp0DeYadAjh+nQJhFp0AyVadADkynQEtj
p0BPW6dAS3KnQD07p0BlNqdA0kGnQFhOp0CpRadA3VWnQJdbp0BIVqdAjkSnQFRLp0CbX6dA
61unQP1Cp0B8YKdAGmenQIN4p0B7h6dAk0+nQLl0p0AhYqdAnJinQDBOp0D7ZadAVV2nQGBs
p0CFX6dANImnQNx2p0DARKdAd1anQO11p0CuaadAWWmnQANup0Dpa6dANoSnQGhdp0CmR6dA
ukqnQNNnp0BncadAI1GnQGuEp0CXc6dA70ynQO5Wp0D6jKdA43enQGNnp0Afh6dA/VKnQI1Z
p0AScadAB3KnQA2Pp0D0XadAlFenQFZpp0C/a6dANU2nQIFsp0DYhqdAFmqnQGhvp0AHW6dA
YFenQOl7p0AMgKdA0IenQA5hp0AAhadAO4CnQGJ1p0D7U6dA/XSnQE11p0C9YKdAwUmnQJBn
p0Ajc6dAY1+nQNCFp0B9iKdA6X2nQCx6p0DZW6dAAnqnQO1wp0BMYKdAPVOnQE57p0AyTqdA
D2ynQMN7p0ARe6dArX2nQGR5p0D9d6dAND+nQFV8p0D9TadA4W6nQJhSp0B9XKdAxnunQAp3
p0BOi6dAOYqnQLB5p0CleadAYEGnQDhyp0Dbk6dAR4KnQDdrp0AWo6dAFI2nQCOGp0B3hKdA
O6CnQMJ1p0D/hKdATnOnQM2Mp0CHcqdAfnqnQAqXp0AEfqdAYH+nQGGWp0BvY6dAyIGnQNVZ
p0Afe6dAGHqnQIJwp0DjVKdANHKnQNWWp0CRgqdA752nQH1rp0BWhadAn5inQGeNp0AjdKdA
2YynQNSgp0CihKdAFWmnQB+Gp0DRfqdAWWynQJOIp0Bfc6dAgIqnQON6p0D/eKdA1kKnQKVr
p0AhgKdAbYCnQBB6p0ApeKdAJKqnQMl6p0CDradAIninQMGKp0BWdadAI52nQCZRp0DTcKdA
T0ynQGN9p0BKdqdA0GunQOtwp0AtdKdAumGnQFdyp0BGdadAAXGnQHxop0CodqdAI5WnQCZx
p0CDhadA4nunQBRWp0DxT6dAH6CnQNaRp0B3iqdAIZmnQFJrp0CVq6dAMZynQJyRp0Cmg6dA
j5qnQCOQp0AfjadAAJ6nQLKQp0DNoKdANY6nQH+qp0DnoKdAspenQLV2p0C3nqdA7m+nQIZ5
p0DCnqdAImmnQLpvp0CreKdAinSnQB2Tp0BGqqdApJKnQJORp0Cab6dAN22nQLCgp0DogadA
Qp6nQNaJp0CkdKdAYYSnQJGap0ALmKdAk5inQCSRp0DfoadAAaGnQNi0p0C+h6dAzZanQCSU
p0ATZ6dAt6inQJSLp0CjyqdA/4inQK6qp0D3wadASH2nQJOop0B/k6dAhZmnQN+mp0C0oqdA
mJ2nQDWep0BYhKdAIKWnQMd5p0Dql6dAK4anQHOAp0DEnadA/6SnQDOwp0AHw6dAjranQGiO
p0DyoadAn4CnQAuFp0C0gqdAsq2nQN+jp0Crn6dAjW2nQMezp0BmlKdAcpSnQP2up0B3n6dA
bJanQGCTp0BQqKdAgZKnQEO0p0ArqKdAv7OnQN2Sp0DiZqdAKqinQNacp0AVp6dAqsKnQGCY
p0Axm6dAkJ6nQMjQp0Cto6dAdoqnQJ6ap0CbladAqoenQEmip0AimadAX6unQCWyp0CkmadA
bqKnQJB2p0DKmqdA8KCnQH6Dp0C9kadAXYenQE2Rp0CBrqdAE6+nQPK0p0DknadAXrynQPuJ
p0BUi6dAR3anQPaYp0Bxs6dAg52nQMuDp0CszqdAz6ynQHmOp0AHkKdAtZenQGOkp0DxyKdA
jJWnQCecp0CUgKdATbqnQB7Cp0C3iadAyaenQGeQp0AemKdAEL2nQMiip0ALnadAtp2nQIzj
p0CBtqdAqqOnQIqbp0BDpKdA4K6nQI6Vp0DPwadAKtanQHGxp0B2r6dALZ+nQNaMp0AcsKdA
iJenQP+Xp0Bwl6dAk7anQIXOp0Brj6dAUZanQP+Sp0AGq6dA7aanQHiqp0DZqadAeq6nQL2l
p0D0pqdAN76nQJWup0AesKdAP7OnQCCIp0CMsqdACJynQDCdp0BZr6dAQKGnQA+kp0B9r6dA
N6OnQKGbp0A8r6dApKGnQDuop0BAlKdA2ZenQBmbp0D1hqdAebCnQCzGp0BFnKdAJqynQCae
p0BKradAFZ2nQGmqp0AiqadA9rCnQEeXp0Bpl6dACrSnQOGZp0BEoadAipqnQIemp0BAwqdA
KJGnQPGjp0Caq6dAYrSnQJixp0CDs6dAP8GnQI3Cp0BG2qdAZ7GnQOCop0ASt6dAveanQPrH
p0DEwadAwMynQBi3p0BBtqdAU6ynQHe7p0CP2KdAprunQPi3p0AqxadA48enQOSop0BaqadA
Eq+nQPekp0Dkq6dAx6+nQLfUp0As46dAYLWnQAbWp0DEladAc8unQFy6p0Bl26dAiMqnQJTL
p0BDnadA2LunQH6np0DOmqdAcdSnQDHNp0AAsqdAoKanQDTMp0ALyadAn5KnQESLp0ATvadA
fLWnQFWtp0DkyqdAKbanQNbUp0BltKdAT6OnQPO7p0ChsqdA6bWnQP3Bp0AezadALsKnQC62
p0DDnKdAusWnQBKhp0AM4adAj7qnQLSzp0AJ1qdAwaKnQNXWp0C7vqdAeM+nQAKnp0AR5KdA
b8WnQAa4p0Cl0adAZ++nQP3vp0BbuadAvLinQF6sp0D3y6dAabKnQLaap0D1oKdAFMKnQPrR
p0B4s6dAc6+nQHnOp0DMwKdAerKnQNGPp0CZq6dACKunQCCQp0C6iadA/LinQDe6p0Col6dA
ucSnQKqwp0DXxqdAE7CnQMG7p0C4kKdAXbanQAfcp0BwvadAgqmnQCWbp0B6vKdA+8unQNfR
p0BLxKdAc8mnQB7dp0AM0qdAqtCnQPH/p0ARyKdA2tOnQBLWp0BToadAutGnQBikp0CyuqdA
cLKnQMmPp0A0v6dAj9OnQF29p0DTn6dAf7OnQN+zp0DpxKdAmMenQMuyp0DFt6dAzb+nQJTD
p0DMw6dAOqanQN2up0Df46dA2b+nQPKQp0Adt6dA4qunQJfUp0AoyKdAxs6nQIa4p0DWv6dA
hMunQO2Tp0BQ6adAycSnQEPBp0AG1adA7LKnQMfdp0DRqKdAdLenQE6Wp0B9o6dAtcqnQFe8
p0DioKdAEbanQBSzp0CIpKdAZLynQMfNp0A6tqdAJcinQOSwp0CWlKdA1tSnQIW+p0CKz6dA
T9inQGjjp0DV0adABdWnQMbop0By1adAzOynQMvap0Doz6dAJLGnQDHhp0AFzqdAp8inQHTu
p0DYxKdAA7CnQIDup0A67adA8N+nQInRp0D87KdA2venQJzRp0BS5qdA5L+nQFHgp0D+uadA
lt2nQKO8p0DBzadA4tOnQHbup0CzAqhA19CnQJe9p0C11KdAOdunQLjmp0CV1KdA2fGnQHnO
p0CL+6dAsc6nQLvop0CJ36dAD8+nQOXUp0CA0adAr9ynQAQCqEAA6adAAtqnQIPmp0B+wqdA
HOinQIrOp0CeyqdA5tqnQDTop0D8wKdAMNmnQADap0Cv6KdAYNenQCf5p0Dh06dAEtWnQBDh
p0BrxadAkcOnQIrCp0CbAahAqLSnQPX4p0ClGqhAhgOoQJ7qp0BezadA6vCnQDjdp0AP7adA
lr6nQICvp0AB+KdAR/CnQGblp0Bf3adATAWoQGy8p0Df0qdALOinQFDdp0CX+6dAae2nQG7J
p0Ch5adAR8GnQGTcp0Bk2KdACdunQM7pp0AS+qdAX+WnQD3ip0B646dAN86nQDLTp0D+7qdA
5PWnQA7zp0A/5qdAN/CnQALrp0AWC6hAYOSnQFLUp0Al2qdA2OenQIrDp0BfxadA492nQDTu
p0AP7KdAJ+anQKPdp0Cx4qdAAPinQPfjp0Bc7qdAHvmnQEDKp0AE66dAyfenQNbcp0BX8adA
I+GnQMvrp0D9/6dA1u+nQPHop0BI6qdA/+anQNf8p0C+3adARdynQKMBqED37KdAlw2oQBUN
qEB94adAfw6oQPffp0Cku6dA+vWnQFH0p0Dey6dA4+6nQN7ap0De66dABdanQHTvp0AP56dA
Pt+nQDvzp0Dz76dAWNqnQMTQp0B42adAH/mnQB7rp0BB6qdAfP+nQDrWp0Aa66dA4OqnQHwN
qEBYBqhAfOGnQGnpp0AU9adAOOSnQHP3p0Cj+adACPynQLzzp0Ba96dAtAuoQH0TqEBAFahA
eu2nQNTZp0BOAahAzfmnQKnwp0A4AahAjSeoQFnpp0D6AKhA1NynQLjOp0DZ4qdAmf+nQB3q
p0AB/qdAafunQND6p0Ds1KdAu++nQC4OqEDf+KdA0uunQH/9p0Bt6adAgPunQEPxp0CS7qdA
4PynQOPzp0Ak7adAZw+oQOcYqEB9CahAkOanQDIRqEBECqhA5uqnQDkYqEAdFqhAIeanQCzV
p0D5/adADvunQOj2p0C7+qdAq/SnQC35p0AmAahAWxaoQAv4p0CfBKhADhKoQGfKp0DAE6hA
IPOnQPHqp0AYxKdAEzWoQBj2p0AV46dAm96nQAncp0B2AahAPwuoQHYLqEAvCqhARfynQFQa
qEDN1adAKNqnQADnp0AZ4KdAzfSnQIfip0Aq9qdAcNWnQDL7p0BcAqhAZQCoQPjfp0DbAqhA
FvqnQAPyp0BEzqdAbeCnQMbzp0Dn3KdAnuunQLjHp0D5FahAQfunQDn+p0Bb/adAFfOnQFMJ
qEBmBqhA1fCnQODvp0CKAKhAlQuoQKgsqEDUCKhASwqoQHT1p0BqCahAOvKnQGXtp0DJ1adA
aQGoQM77p0Be/qdAkgOoQEj+p0BT66dAyweoQGgnqEDz9adARiaoQLLvp0C67KdAzyioQKsN
qEDgIKhAI96nQIQXqECT/adAHvynQNgTqEAF9adA9yyoQPsfqEAfB6hAnBmoQNsFqEB636dA
kwSoQNUWqEBfJqhAkBWoQA3mp0CfB6hAwwKoQIv+p0BJ86dAuiWoQJ/yp0AbCqhANhqoQHH3
p0An8adAxxaoQL8FqECOIKhARBqoQMoGqEAFAqhAIRGoQHrcp0CQ/KdA1yCoQOXup0CuDKhA
VSeoQO3up0BIAahAtCyoQJUSqECS9adAngGoQOcbqEA5CqhALgWoQEMWqEDnA6hApv6nQHst
qEAuBahA8g6oQOYSqEBGJqhApCWoQHknqECdAahAJhGoQL8SqEB9VahAdBCoQIXwp0CPL6hA
GlGoQPoRqECfAahASyeoQA4HqEA4LqhAzwyoQEIQqEA5/6dAtxaoQMMXqEBjM6hAvPqnQB0i
qEC6FKhApC6oQAUoqED+G6hAWCmoQINMqEBpBahAQx2oQBRBqEC0GqhApS+oQAk7qEALH6hA
fBioQLkCqEBeAahAhAKoQLgcqECvGahAvzSoQCMOqECHHahAGiioQEIeqEAaB6hAvA+oQOpO
qEB1LqhA1QaoQGlHqECMH6hA/C+oQMUlqEDODqhAVRSoQAEuqECnLKhA5SGoQOAiqEDxCahA
+fGnQEr1p0A0D6hAijCoQIsVqECUKKhAJhuoQEoqqEB/EqhAQxKoQMoPqEANOqhANwuoQIAa
qEBNKKhAfUCoQDoIqEC1JKhAfD6oQGY8qECjHKhAxPunQMgNqEAKHahA9yeoQFYTqECs7qdA
JjuoQEIoqEA0QKhAMSmoQMQqqEAfCahA3ACoQIcUqEBQSKhAIP2nQCwQqECMHKhAoTioQI86
qEB1I6hATieoQFgAqEDcHKhAGjGoQPc/qED2IahA4vmnQAkTqEBABKhAozCoQNn4p0BgHahA
CDCoQPAvqECYGKhA3iOoQB8WqEDyN6hAkw2oQK0XqEA5LKhAgjGoQPzzp0Bm+qdAsfqnQGQK
qECLAahAWBmoQH4aqECoGahA7SaoQO31p0BYL6hAjx+oQC7pp0DiHKhAaxGoQA4YqEDVA6hA
xBSoQEsSqEDxCahAT9ynQH4rqECHPKhAMiKoQOz/p0BzHqhAdiyoQHhDqECpFKhAOSKoQHAX
qEDS/adAgRCoQBlIqEC6MahAUiaoQOAsqEB0PKhAAPmnQD7tp0BnA6hAURuoQN4fqEBF+qdA
oBOoQFwoqEB/I6hAWB2oQJ8aqEDfGKhAhBSoQBEYqECP/KdA4gaoQFIBqEAUA6hAyj6oQL78
p0CqEqhAdBqoQDEMqEBZLKhAPjGoQPkBqEA3I6hAYBqoQKARqEB3NKhAZiSoQKscqEAx8adA
8BGoQHURqECFHahA+x2oQEIJqEAZ9KdAcBeoQJo5qEC9LahAzSqoQBonqEAWCqhAETmoQCIf
qEAlQqhA8j+oQFcrqEDWLahAQj2oQEEXqEAUPqhASx2oQC4hqECROKhABSSoQAb/p0ChI6hA
3wWoQEg/qECeN6hAbCWoQGAmqECEFqhAXiCoQJ0YqEAbU6hAojuoQI5OqEB1K6hApxuoQD9A
qEBKQ6hAKjSoQC4wqEB0IqhAzzSoQG0nqEC1EqhAszuoQOlFqED2EKhAMiGoQOc1qEBHF6hA
XEmoQO88qEDPQKhADCmoQMMsqEBJWahA50uoQG0tqEAQJKhANl2oQL89qEDTNahAbS2oQHlg
qEA4a6hA7iOoQMBDqECbNahApmWoQJlBqECtKKhAOTKoQKBBqEDjPqhAzDKoQBBCqECSQKhA
dTSoQOpuqEC7KKhAVlCoQH9sqEDxW6hAc0ioQHApqEAKE6hASluoQG9DqEBqNqhAnB6oQEM0
qEBQSahAsjyoQBBHqEABI6hAukeoQFMHqEDEOqhAVzSoQD9EqECgS6hAgkaoQCtSqEAcKahA
50qoQI5AqEASIahAgVCoQCs5qEC2HahABEmoQBktqEDCN6hAzzKoQBk/qED4UahAhGaoQDo1
qEAuUqhA</AssayYData></Step><Step><CommonData><SampleLocation>7</SampleLocation><SampleID>Glycine</SampleID><SampleGroup></SampleGroup><SampleInfo></SampleInfo><SampleRow>B</SampleRow><SamplePlate>1</SamplePlate><WellType>REGENERATION</WellType><Concentration>-1</Concentration><ConcentrationUnits>µg/ml</ConcentrationUnits><MolarConcentration>-1</MolarConcentration><MolarConcUnits>nM</MolarConcUnits><MolecularWeight>0</MolecularWeight><Temperature>30</Temperature><StartTime>7653691</StartTime><AssayTime>5</AssayTime></CommonData><FlowRate>1000</FlowRate><StepType>KREGENERATION</StepType><StepName>Regeneration</StepName><StepStatus>OK</StepStatus><ActualTime>4.9998</ActualTime><CycleTime>0.2</CycleTime><AssayXData Points="25">SvDSReTx0kV989JFF/XSRbD20kVO+NJF5vnSRX370kUX/dJFsP7SRUoA00XmAdNFfQPTRRkF
00WwBtNFSgjTReQJ00V9C9NFGQ3TRbAO00VMENNF5hHTRX0T00UXFdNFsBbTRQ==</AssayXData><AssayYData Points="25">XpLXPxDzzD/OLMk/tQTGPxMnxD/XlcE/rtW+P/CPvD/j4Lk/DjW3PwAdtD+H67I/jYywP64C
rj+bPa0/9SurP4sIqT9vg6c/2wSmP5EEpT9Fu6M/HSyiPxxZoT9tIaA/f7+fPw==</AssayYData></Step><Step><CommonData><SampleLocation>8</SampleLocation><SampleID>PBS</SampleID><SampleGroup></SampleGroup><SampleInfo></SampleInfo><SampleRow>B</SampleRow><SamplePlate>1</SamplePlate><WellType>NEUTRALIZATION</WellType><Concentration>-1</Concentration><ConcentrationUnits>µg/ml</ConcentrationUnits><MolarConcentration>-1</MolarConcentration><MolarConcUnits>nM</MolarConcUnits><MolecularWeight>0</MolecularWeight><Temperature>30</Temperature><StartTime>7667250</StartTime><AssayTime>5</AssayTime></CommonData><FlowRate>1000</FlowRate><StepType>KREGENERATION</StepType><StepName>Regeneration</StepName><StepStatus>OK</StepStatus><ActualTime>4.9998</ActualTime><CycleTime>0.2</CycleTime><AssayXData Points="25">ShjTReYZ00V9G9NFFx3TRbIe00VKINNF5iHTRX8j00UZJdNFsCbTRU4o00XkKdNFfSvTRRkt
00WyLtNFSjDTReYx00V9M9NFFzXTRbA200VMONNF5DnTRX8700UXPdNFsD7TRQ==</AssayXData><AssayYData Points="25">O6qUQCMplUD5gZVACwuWQKVmlkDUs5ZALvSWQIMWl0CqUpdABISXQPm0l0A72pdAXReYQCMK
mEDVCZhATzCYQAdImEB5j5hAtZKYQPmCmECjw5hArKaYQDDdmEBp1ZhASeiYQA==</AssayYData></Step><Step><CommonData><SampleLocation>7</SampleLocation><SampleID>Glycine</SampleID><SampleGroup></SampleGroup><SampleInfo></SampleInfo><SampleRow>B</SampleRow><SamplePlate>1</SamplePlate><WellType>REGENERATION</WellType><Concentration>-1</Concentration><ConcentrationUnits>µg/ml</ConcentrationUnits><MolarConcentration>-1</MolarConcentration><MolarConcUnits>nM</MolarConcUnits><MolecularWeight>0</MolecularWeight><Temperature>30</Temperature><StartTime>7680518</StartTime><AssayTime>5</AssayTime></CommonData><FlowRate>1000</FlowRate><StepType>KREGENERATION</StepType><StepName>Regeneration</StepName><StepStatus>OK</StepStatus><ActualTime>4.9998</ActualTime><CycleTime>0.2</CycleTime><AssayXData Points="25">TEDTReZB00V9Q9NFF0XTRbRG00VKSNNF5EnTRX9L00UXTdNFsk7TRUpQ00XkUdNFfVPTRRdV
00WwVtNFTFjTReRZ00V9W9NFF13TRbJe00VMYNNF5mHTRX9j00UZZdNFsmbTRQ==</AssayXData><AssayYData Points="25">TvK5P2acrj/Jr6o/CE2nP9Bhoz8olaE/AnqgPyOhnT+Hy5w/GhCcPzEImj9Da5k//gqYPxJI
lz9AD5c/siqWP2ZHlj/9lJQ/MO6TP9IAlD9MU5I/YkuSP6sskj8JH5E/g4WRPw==</AssayYData></Step><Step><CommonData><SampleLocation>8</SampleLocation><SampleID>PBS</SampleID><SampleGroup></SampleGroup><SampleInfo></SampleInfo><SampleRow>B</SampleRow><SamplePlate>1</SamplePlate><WellType>NEUTRALIZATION</WellType><Concentration>-1</Concentration><ConcentrationUnits>µg/ml</ConcentrationUnits><MolarConcentration>-1</MolarConcentration><MolarConcUnits>nM</MolarConcUnits><MolecularWeight>0</MolecularWeight><Temperature>30</Temperature><StartTime>7693943</StartTime><AssayTime>5</AssayTime></CommonData><FlowRate>1000</FlowRate><StepType>KREGENERATION</StepType><StepName>Regeneration</StepName><StepStatus>OK</StepStatus><ActualTime>5.00078</ActualTime><CycleTime>0.2</CycleTime><AssayXData Points="25">TGjTReZp00V/a9NFG23TRbJu00VMcNNF5nHTRX9z00UbddNFsnbTRUx400XmedNFgXvTRRl9
00WyftNFTIDTReaB00V/g9NFGYXTRbKG00VMiNNF5onTRYGL00UZjdNFtI7TRQ==</AssayXData><AssayYData Points="25">lQaUQBBrlEA4/5RAJGSVQMbflUDUIJZA/D+WQEqZlkBIvZZA28+WQEv0lkD6K5dAIUeXQDGX
l0AGd5dAnMeXQHy1l0D0+pdAON2XQJkRmEDK3JdAYwuYQIYsmEBTKphArV2YQA==</AssayYData></Step><Step><CommonData><SampleLocation>7</SampleLocation><SampleID>Glycine</SampleID><SampleGroup></SampleGroup><SampleInfo></SampleInfo><SampleRow>B</SampleRow><SamplePlate>1</SamplePlate><WellType>REGENERATION</WellType><Concentration>-1</Concentration><ConcentrationUnits>µg/ml</ConcentrationUnits><MolarConcentration>-1</MolarConcentration><MolarConcUnits>nM</MolarConcUnits><MolecularWeight>0</MolecularWeight><Temperature>30</Temperature><StartTime>7707369</StartTime><AssayTime>5</AssayTime></CommonData><FlowRate>1000</FlowRate><StepType>KREGENERATION</StepType><StepName>Regeneration</StepName><StepStatus>OK</StepStatus><ActualTime>4.9998</ActualTime><CycleTime>0.2</CycleTime><AssayXData Points="25">TpDTReiR00WBk9NFG5XTRbSW00VOmNNF6pnTRYOb00WDndNFx57TRVCg00XqodNFgaPTRR2l
00W0ptNFTqjTReip00WBq9NFHa3TRbSu00VOsNNF6LHTRYGz00UdtdNFtLbTRQ==</AssayXData><AssayYData Points="25">jLy1P4hDqz8pF6Y/lxqjP8GIoD/QSJ4/982cP7Oimz+Kr5k/rmKZP1U4mD8VnpY/n9WWP0GF
lT/8bpQ/RW+UP6iXkz9fPZM/Z7GSPzwrkj9JT5E/9TmRP6fYkD9KmJA/zSqQPw==</AssayYData></Step><Step><CommonData><SampleLocation>8</SampleLocation><SampleID>PBS</SampleID><SampleGroup></SampleGroup><SampleInfo></SampleInfo><SampleRow>B</SampleRow><SamplePlate>1</SamplePlate><WellType>NEUTRALIZATION</WellType><Concentration>-1</Concentration><ConcentrationUnits>µg/ml</ConcentrationUnits><MolarConcentration>-1</MolarConcentration><MolarConcUnits>nM</MolarConcUnits><MolecularWeight>0</MolecularWeight><Temperature>30</Temperature><StartTime>7720781</StartTime><AssayTime>5</AssayTime></CommonData><FlowRate>1000</FlowRate><StepType>KREGENERATION</StepType><StepName>Regeneration</StepName><StepStatus>OK</StepStatus><ActualTime>4.9998</ActualTime><CycleTime>0.2</CycleTime><AssayXData Points="25">TrjTReq500WBu9NFG73TRbS+00VSwNNF6sHTRYHD00UdxdNFtMbTRU7I00XoydNFgcvTRR3N
00W2ztNFTtDTRerR00WB09NFHdXTRbTW00VQ2NNF6tnTRYPb00Ub3dNFtN7TRQ==</AssayXData><AssayYData Points="25">WGiUQPwAlUDuepVAeAmWQHtClkBHmpZAYgOXQN0Wl0APQJdAP36XQARql0DgpJdAZtOXQCYQ
mECWNJhA0FKYQIAhmECoSZhAh3+YQBiimEBUnJhA0Z2YQOi5mEDtxZhAB+SYQA==</AssayYData></Step><Step><CommonData><SampleLocation>3</SampleLocation><SampleID>Octet Buffer</SampleID><SampleGroup></SampleGroup><SampleInfo></SampleInfo><SampleRow>A</SampleRow><SamplePlate>1</SamplePlate><WellType>BUFFER</WellType><Concentration>-1</Concentration><ConcentrationUnits>µg/ml</ConcentrationUnits><MolarConcentration>-1</MolarConcentration><MolarConcUnits>nM</MolarConcUnits><MolecularWeight>0</MolecularWeight><Temperature>30</Temperature><StartTime>7735179</StartTime><AssayTime>20</AssayTime></CommonData><FlowRate>1000</FlowRate><StepType>CUSTOM</StepType><StepName>Sensor Check</StepName><StepStatus>OK</StepStatus><ActualTime>20.0008</ActualTime><CycleTime>0.2</CycleTime><AssayXData Points="100">TuDTRejh00WD49NFG+XTRbTm00VO6NNF6OnTRYHr00Ub7dNFtu7TRU7w00Xq8dNFgfPTRRv1
00W09tNFTvjTRej500WB+9NFHf3TRbT+00VQANRF6AHURYMD1EUbBdRFtAbURU4I1EXoCdRF
gQvURRsN1EW2DtRFThDUReoR1EWBE9RFGxXURbQW1EVQGNRF6BnURYEb1EUbHdRFth7URU4g
1EXoIdRFgyPURRsl1EW0JtRFTijUReop1EWBK9RFGy3URbYu1EVOMNRF6jHURYEz1EUbNdRF
tjbURU441EXoOdRFgTvURRs91EW0PtRFTkDURehB1EWBQ9RFG0XURbZG1EVQSNRF6knURYFL
1EUbTdRFIU/URWVQ1EXqUdRFgVPURRtV1EW4VtRFUFjURehZ1EWDW9RFHV3URbRe1EVOYNRF
6mHURYNj1EUdZdRFtGbURU5o1EXqadRFgWvURRtt1EW0btRFTnDURehx1EWBc9RFG3XURbR2
1EVQeNRF6nnURYN71EUbfdRFtn7URQ==</AssayXData><AssayYData Points="100">F6GSQDxpkEBBCY9AUPmNQINpjUDf7oxAiamMQCyAjEDaZYxAC2SMQD1jjEC5k4xAaISMQNZj
jEC+nIxA0tKMQA7ejEDrzIxAyMyMQFy+jEBdFY1AhhGNQAEBjUBpD41A7QaNQPQkjUBGRo1A
bVKNQN5HjUAqeI1AhlKNQOBnjUBljo1AiIyNQO2UjUB3r41AAqeNQLeFjUC1q41AQMWNQB28
jUAAsY1APraNQLTHjUBywY1AUuyNQLnzjUChv41ADwOOQJbVjUAJ741AOwiOQPD5jUBFAo5A
G/6NQOUnjkBiC45AjTaOQBk3jkAcLI5AoDWOQI5DjkDkSY5Ad0SOQApMjkBYUo5AZzSOQDFX
jkDhXI5A4U2OQAhDjkAcdI5AZniOQNNzjkAQXY5AV5iOQCeVjkC2mI5ASKWOQFSkjkCUaY5A
z5iOQNOhjkA2sY5AbKqOQGqdjkBBnY5AcomOQNiEjkAnnY5AyquOQK6xjkB6w45AX9iOQMyp
jkBctI5AIMOOQNaujkAYnY5AgdyOQA==</AssayYData></Step><Step><CommonData><SampleLocation>24</SampleLocation><SampleID>SI-157X57_P5566</SampleID><SampleGroup></SampleGroup><SampleInfo></SampleInfo><SampleRow>A</SampleRow><SamplePlate>1</SamplePlate><WellType>KLOAD</WellType><Concentration>5</Concentration><ConcentrationUnits>µg/ml</ConcentrationUnits><MolarConcentration>5000</MolarConcentration><MolarConcUnits>nM</MolarConcUnits><MolecularWeight>0</MolecularWeight><Temperature>30</Temperature><StartTime>7767127</StartTime><AssayTime>120</AssayTime></CommonData><FlowRate>1000</FlowRate><StepType>LOADING</StepType><StepName>Loading</StepName><StepStatus>OK</StepStatus><ActualTime>120.001</ActualTime><CycleTime>0.2</CycleTime><AssayXData Points="600">UIDUReqB1EWDg9RFHYXURbaG1EVSiNRF6onURYWL1EUdjdRFto7URVCQ1EXqkdRFg5PURR2V
1EW2ltRFUJjUReqZ1EWFm9RFH53URbae1EVSoNRF7KHURYWj1EUdpdRFuKbURVCo1EXsqdRF
g6vURR2t1EW2rtRFULDUReyx1EWDs9RFH7XURba21EVQuNRF6rnURYW71EUdvdRFtr7URVDA
1EXqwdRFg8PURR3F1EW2xtRFUsjURerJ1EWFy9RFH83URbjO1EVS0NRF7NHURYXT1EUd1dRF
ttbURVLY1EXq2dRFg9vURR3d1EW23tRFUuDURezh1EWD49RFH+XURbbm1EVQ6NRF7OnURYPr
1EUf7dRFtu7URVDw1EXs8dRFhfPURR311EW29tRFUvjURer51EWD+9RFHf3URbj+1EVQANVF
6gHVRYUD1UUdBdVFtgbVRVAI1UXsCdVFgwvVRR0N1UW2DtVFUBDVReoR1UWDE9VFHRXVRbYW
1UVSGNVF6hnVRYMb1UUfHdVFuB7VRVAg1UXsIdVFgyPVRR0l1UW4JtVFUCjVRewp1UWFK9VF
HS3VRbgu1UVSMNVF7DHVRYMz1UUfNdVFuDbVRVA41UXqOdVFgzvVRR091UW4PtVFUEDVRepB
1UWFQ9VFHUXVRbZG1UVSSNVF7EnVRYNL1UUdTdVFuE7VRVJQ1UXqUdVFg1PVRR1V1UW2VtVF
UljVRepZ1UWDW9VFHV3VRbZe1UVSYNVF7GHVRYVj1UUdZdVFtmbVRVJo1UXuadVFhWvVRR1t
1UW2btVFUnDVRepx1UWFc9VFHXXVRbh21UVQeNVF7HnVRYV71UUdfdVFuH7VRVCA1UXqgdVF
g4PVRR+F1UW2htVFUojVReqJ1UWFi9VFH43VRbaO1UVQkNVF6pHVRYWT1UUfldVFtpbVRVKY
1UXqmdVFg5vVRR+d1UW2ntVFUqDVReqh1UWDo9VFH6XVRbim1UVQqNVF7KnVRYOr1UUdrdVF
uK7VRVKw1UXqsdVFg7PVRR211UW2ttVFUrjVReq51UWFu9VFHb3VRbi+1UVQwNVF7MHVRYXD
1UUfxdVFtsbVRVDI1UXsydVFg8vVRR/N1UW4ztVFUNDVRerR1UWD09VFHdXVRbjW1UVS2NVF
7NnVRYXb1UUd3dVFuN7VRVLg1UXs4dVFg+PVRR3l1UW25tVFUujVRerp1UWF69VFHe3VRbbu
1UVQ8NVF7PHVRYPz1UUf9dVFuPbVRVL41UXs+dVFg/vVRR/91UW2/tVFUgDWReoB1kWDA9ZF
HQXWRbYG1kVQCNZFSArWRY0L1kUfDdZFtg7WRVAQ1kXsEdZFhRPWRR0V1kW2FtZFUBjWRewZ
1kWDG9ZFHR3WRbge1kVQINZF6iHWRYUj1kUdJdZFuCbWRVAo1kXsKdZFgyvWRR8t1kW4LtZF
UDDWReox1kWDM9ZFHTXWRbg21kVSONZF6jnWRYU71kUdPdZFuD7WRVBA1kXqQdZFhUPWRR9F
1kW2RtZFUEjWRexJ1kWDS9ZFHU3WRbhO1kVQUNZF7FHWRYNT1kUdVdZFuFbWRVJY1kXqWdZF
g1vWRR1d1kW2XtZFUGDWRexh1kWDY9ZFH2XWRbhm1kVQaNZF7GnWRYNr1kUdbdZFuG7WRVBw
1kXqcdZFg3PWRR911kW4dtZFUnjWRex51kWFe9ZFHX3WRbZ+1kVQgNZF6oHWRYWD1kUdhdZF
tobWRVKI1kXsidZFhYvWRR2N1kW2jtZFUJDWReyR1kWFk9ZFHZXWRbaW1kVQmNZF7JnWRYOb
1kUdndZFuJ7WRVKg1kXqodZFg6PWRR2l1kW4ptZFUqjWReqp1kWFq9ZFHa3WRbiu1kVSsNZF
6rHWRYWz1kUdtdZFtrbWRVC41kXsudZFg7vWRR291kW2vtZFUsDWRerB1kWDw9ZFHcXWRbbG
1kVQyNZF6snWRYXL1kUdzdZFts7WRVDQ1kXq0dZFhdPWRR3V1kW21tZFUNjWRerZ1kWF29ZF
Hd3WRbje1kVS4NZF6uHWRYPj1kUd5dZFuObWRVDo1kXq6dZFg+vWRR3t1kW27tZFUPDWRezx
1kWD89ZFHfXWRbb21kVQ+NZF6vnWRYP71kUf/dZFtv7WRVAA10XqAddFgwPXRR8F10W2BtdF
UAjXReoJ10WFC9dFHw3XRbYO10VQENdF6hHXRYMT10UfFddFthbXRVAY10XsGddFgxvXRR8d
10W2HtdFUCDXReoh10WDI9dFHyXXRbYm10VQKNdF6inXRYMr10UfLddFti7XRVAw10XqMddF
gzPXRR8110W4NtdFUDjXReo510WHO9dFHz3XRbY+10VQQNdF6kHXRYVD10UdRddFtkbXRVJI
10XsSddFg0vXRR9N10W4TtdFUFDXRepR10WDU9dFHVXXRbZW10VSWNdF7FnXRYNb10UdXddF
tl7XRVJg10XsYddFg2PXRR1l10W2ZtdFUmjXRexp10WFa9dFHW3XRbZu10VQcNdF7HHXRYNz
10UddddFuHbXRVB410XqeddFg3vXRR1910W2ftdFUoDXReyB10WFg9dFHYXXRbaG10VSiNdF
7InXRYOL10UfjddFuI7XRVCQ10XskddFhZPXRR2V10W2ltdFUpjXReqZ10WDm9dFH53XRbae
10VQoNdF6qHXRYOj10UdpddFuKbXRVCo10XqqddFhavXRR2t10W2rtdFULDXReqx10WFs9dF
HbXXRbi210VQuNdF7rnXRYO710UdvddFuL7XRVLA10XqwddFhcPXRR/F10W2xtdFUsjXRerJ
10WDy9dFHc3XRbbO10VQ0NdF6tHXRYPT10Uf1ddFuNbXRVLY10Xs2ddFhdvXRR3d10W23tdF
UODXRerh10WD49dFH+XXRbbm10VQ6NdF6unXRYPr10Uf7ddFtu7XRVLw10Xq8ddFhfPXRR31
10W29tdFUvjXRez510WD+9dFHf3XRbb+10VSANhF6gHYRYUD2EUdBdhFuAbYRVII2EXsCdhF
gwvYRR0N2EW4DthFUBDYRewR2EWDE9hFHRXYRbYW2EVQGNhF7BnYRYUb2EUfHdhFth7YRVAg
2EXqIdhFgyPYRR0l2EW2JthFUCjYReop2EWFK9hFHy3YRbYu2EVSMNhF7DHYRYMz2EUdNdhF
tjbYRVI42EXsOdhFgzvYRR092EW4PthF</AssayXData><AssayYData Points="600">tqGOQHQ6j0A0l49AkxSQQHyEkEAWt5BAvDKRQJiXkUBa9pFAUp+SQE2lkkBjLJNAhoOTQHfj
k0Da55NAZGGUQD2slECz4pRAKTmVQFSclUCa7pVAIkiWQDSGlkA3spZARBSXQLeCl0B+pJdA
R7uXQCfwl0DCgJhAJXaYQBHsmED++5hAKBGZQLcxmUCaqplAv7WZQFoKmkALQ5pABmeaQPyj
mkAO35pAVAybQEQQm0BKYZtAc5ybQNmYm0BrxptAJxOcQF4enEA/fpxA1GacQN2snEC4kZxA
Q/2cQBYanUCeIp1AZnudQKqKnUCCf51AYdOdQHHlnUBY4Z1AxQqeQHoKnkD7QZ5APmCeQPtw
nkDioZ5Aha2eQP6ynkBS/J5AZ/ieQFYmn0CKMZ9ASC+fQLdvn0BrgJ9AsYufQGeyn0Cg2J9A
C8WfQKoBoEDzD6BA0x+gQBg/oEAYbaBAQnugQK5/oEDvzKBA+6agQIq4oECJ+qBAiuegQMIL
oUB0HaFAOTehQHNBoUDLd6FAbnKhQIeSoUDDg6FAuauhQBCeoUA3qaFA78uhQKnuoUApE6JA
Zg+iQHQwokDRJaJA/kmiQPd2okAsN6JALmWiQG2AokDLgKJA66+iQNKdokCCw6JAhtOiQJD5
okC6DqNAawmjQAcBo0AdO6NAl0mjQMwqo0DVR6NAcFajQHF1o0BrnqNAroOjQMmJo0CClaNA
GKmjQLjLo0AGu6NAW7+jQIvno0BG/6NA7e+jQMj5o0CNGqRApR6kQI4XpEAxLKRA2GWkQHNF
pEDNj6RAJoCkQJKXpECJpqRApY6kQAetpECe16RAA/ukQNv1pED80KRAAO+kQNcBpUDEDKVA
tDilQEM0pUCLNKVA6EulQIAypUAEJ6VAdGSlQGhkpUDKd6VA3XOlQCSgpUCHiaVApqGlQGah
pUAhuqVAw8ClQBjVpUD+26VA/bylQNrnpUBD4KVA9d6lQEoCpkDp/qVAkQamQCcmpkBMGaZA
ZkamQC86pkBwSKZA2z6mQL1jpkDyT6ZA7nemQHxgpkB6aaZAXGumQNt4pkCukaZA3sGmQGO+
pkCesKZAecimQITJpkB406ZAEfamQFD6pkAY1KZAiOymQFXnpkDp4aZATzenQAI8p0B5IqdA
EjynQMQ9p0CyGKdAbUOnQD10p0CNE6dAtlCnQPRep0B2U6dAhm2nQHqbp0A5f6dAErOnQEyR
p0AZr6dAvJSnQCeSp0Cg2adA6WunQN63p0CHuqdA5aqnQAbtp0DU1qdABtanQAP8p0At3KdA
8/inQEUOqECtP6hAZBCoQLT9p0C//adA4zaoQL8GqECgEahAYjSoQMVEqEBBH6hAjWSoQP5k
qEDSTKhAVnWoQP9sqEBcgqhAdnioQDeKqEA7WahAAb6oQKe3qEBdpahAz4CoQCKdqEDhp6hA
lraoQJO4qECdyahAQLaoQHe3qEA2rKhA/suoQJnlqEDWAKlA0dKoQEvbqECTE6lA/96oQO4A
qUCa/qhApwCpQDQrqUAXKKlAMw6pQAgtqUABSalAlCmpQAY7qUAMRKlAwVipQOI2qUDwZalA
q3OpQFJOqUDBlKlA+YCpQP9eqUDjYKlA456pQPJyqUB/malAxXupQIyDqUCyp6lAs6ypQJiw
qUCVv6lATLKpQOvmqUAdtqlAJc+pQGi8qUDJzalAMuipQM72qUDU0qlABfWpQMD3qUDi86lA
4ReqQC75qUCG+alAxeqpQB0PqkDG/alAAvWpQLIYqkARHqpA4RGqQBgmqkC6T6pAkkaqQPNP
qkAoK6pAaziqQPpNqkC7P6pAvjKqQElaqkCIZKpAKnSqQAVGqkBTpqpATnWqQLN1qkDwd6pA
dX+qQO6BqkD8fapAb4+qQEKAqkDItapA+dKqQCOUqkBJrapAUqyqQISeqkCUsapA3rmqQNOj
qkDqyKpAOgGrQNTwqkCevapA/dmqQKTxqkDh26pAruOqQPUMq0CR6apA09GqQPwBq0Dl8apA
FOqqQG4Pq0D2EqtAyP+qQB4Rq0CAGKtAQxirQAX+qkDqNatAbeuqQGM+q0BIO6tA6C6rQLAd
q0BBL6tAl06rQEgyq0B8UqtAhTurQJkjq0BqPatAYFSrQIlDq0ASX6tAXGyrQB5cq0A7hatA
7WqrQOFuq0AZm6tA1nKrQA1hq0AViatAhZyrQOWPq0AyeatATWyrQGSvq0AIqatADZ2rQPqw
q0Any6tAoqarQDKxq0AYpqtAYM6rQD2zq0AyoKtAMdSrQILQq0DOoatAs62rQP3Cq0DIsqtA
kMGrQKK7q0D7AaxAl8GrQJQHrEA50KtALqqrQBMdrEBW0qtAavarQG0IrEAXD6xAkSSsQOYY
rEAELqxALjmsQPkMrECzOKxAoPSrQHQBrEApOKxADk2sQFwlrEA+RqxAR02sQEsgrEDCO6xA
QTysQIxWrEB5U6xAITGsQAgjrEAYVKxAX2SsQMg1rECwfqxAuGasQAporEBQd6xA2H2sQMFx
rEBGeKxASpKsQJ98rEA1d6xA4oesQE6brEBKgaxAMausQN6qrEBTnKxAi4GsQPykrEAyjKxA
5bysQIycrEBxmKxA2KusQDahrEBixKxATJesQL7MrEBi0axABbisQAO0rECf+KxAZNSsQPTl
rED52qxAntesQLPYrED12qxAI+asQKPwrEAjD61AzQutQPn1rEB1DK1AQB6tQHPzrEC28KxA
DfWsQEMQrUDdDq1AcwqtQPoKrUAcHq1AWjGtQLEbrUBiCK1Afg2tQKAVrUAsFq1APjytQJo+
rUBxDK1AXjCtQDMxrUA/Sq1Aa0qtQDNTrUCRNK1APk2tQEAorUC6Ya1AHCitQKlprUCWY61A
MTetQClXrUB1Uq1AYGatQLh3rUCEVa1AAVatQL9krUCcnK1Al2CtQOByrUBLkK1AQGOtQDNe
rUDMiK1Ak3WtQM+PrUBkhq1APputQEiBrUBeo61A2HCtQKR7rUDFja1ArJatQPGdrUCeiq1A
JLOtQD+OrUBzka1AObqtQGm0rUCbnK1AvJitQLysrUCcx61AEtetQBqtrUBR0q1AmcStQG2z
rUBXrq1AzJmtQLuwrUCOoK1AyK2tQBXvrUBUvq1AbMCtQGf7rUAuFq5AhN6tQBXarUB3F65A
Pv6tQLDnrUD69K1AqvytQHLprUAUAq5A</AssayYData></Step><Step><CommonData><SampleLocation>3</SampleLocation><SampleID>Octet Buffer</SampleID><SampleGroup></SampleGroup><SampleInfo></SampleInfo><SampleRow>A</SampleRow><SamplePlate>1</SamplePlate><WellType>BUFFER</WellType><Concentration>-1</Concentration><ConcentrationUnits>µg/ml</ConcentrationUnits><MolarConcentration>-1</MolarConcentration><MolarConcUnits>nM</MolarConcUnits><MolecularWeight>0</MolecularWeight><Temperature>30</Temperature><StartTime>7898926</StartTime><AssayTime>100</AssayTime></CommonData><FlowRate>1000</FlowRate><StepType>BASELINE</StepType><StepName>Baseline</StepName><StepStatus>OK</StepStatus><ActualTime>100.001</ActualTime><CycleTime>0.2</CycleTime><AssayXData Points="500">UkDYRexB2EWHQ9hFH0XYRbhG2EVSSNhF7knYRYVL2EUfTdhFuE7YRVJQ2EXsUdhFhVPYRR9V
2EW4VthFVFjYRexZ2EWFW9hFH13YRbhe2EVSYNhF7GHYRYVj2EUfZdhFuGbYRVJo2EXuadhF
hWvYRSFt2EW6bthFUnDYRexx2EWFc9hFH3XYRbh22EVSeNhF7nnYRYV72EUffdhFuH7YRVKA
2EXsgdhFhYPYRR+F2EW4hthFUojYReyJ2EWFi9hFIY3YRbiO2EVSkNhF7pHYRYeT2EUhldhF
uJbYRVSY2EXsmdhFh5vYRR+d2EW4nthFVKDYRe6h2EWFo9hFIaXYRbim2EVSqNhF7KnYRYWr
2EUhrdhFuK7YRVKw2EXssdhFh7PYRR+12EW4tthFUrjYRey52EWHu9hFIb3YRbq+2EVSwNhF
7sHYRYfD2EUfxdhFusbYRVTI2EXsydhFh8vYRR/N2EW4zthFUtDYRe7R2EWF09hFIdXYRbrW
2EVU2NhF7NnYRYXb2EUh3dhFut7YRVTg2EXs4dhFhePYRR/l2EW65thFUujYRezp2EWH69hF
H+3YRbru2EVU8NhF7vHYRYXz2EUh9dhFuPbYRVT42EXs+dhFhfvYRR/92EW4/thFVADZRe4B
2UWFA9lFHwXZRbgG2UVUCNlF7AnZRYUL2UUfDdlFuA7ZRVIQ2UXsEdlFhRPZRR8V2UW6FtlF
UhjZRewZ2UWHG9lFHx3ZRbge2UVSINlF7iHZRYUj2UUfJdlFuCbZRVIo2UXuKdlFhSvZRSEt
2UW6LtlFUjDZRewx2UWFM9lFITXZRbo22UVSONlF7jnZRYU72UUhPdlFuD7ZRVRA2UXsQdlF
hUPZRR9F2UW4RtlFUkjZRe5J2UWFS9lFH03ZRbhO2UVSUNlF7lHZRYVT2UUfVdlFuFbZRVJY
2UXsWdlFhVvZRSFd2UW4XtlFUmDZRe5h2UWHY9lFH2XZRbpm2UVSaNlF7GnZRYdr2UUhbdlF
uG7ZRVJw2UXscdlFh3PZRSF12UW6dtlFUnjZRex52UWHe9lFH33ZRbp+2UVSgNlF7oHZRYeD
2UUfhdlFuIbZRVSI2UXsidlFhYvZRSGN2UW4jtlFUpDZRe6R2UWFk9lFIZXZRbiW2UVSmNlF
7JnZRYWb2UUfndlFuJ7ZRVKg2UXsodlFhaPZRR+l2UW6ptlFUqjZRe6p2UWHq9lFH63ZRbqu
2UVUsNlF7LHZRYez2UUhtdlFuLbZRVK42UXsudlFh7vZRR+92UW4vtlFUsDZRezB2UWFw9lF
H8XZRbrG2UVUyNlFNcrZRYfL2UUfzdlFus7ZRVLQ2UXs0dlFhdPZRR/V2UW61tlFUtjZRezZ
2UWF29lFId3ZRbje2UVS4NlF7uHZRYfj2UUf5dlFuubZRVLo2UXs6dlFh+vZRR/t2UW47tlF
UvDZRezx2UWF89lFIfXZRbj22UVS+NlF7PnZRYX72UUh/dlFuP7ZRVQA2kXsAdpFhwPaRSEF
2kW4BtpFUgjaRewJ2kWHC9pFHw3aRbgO2kVSENpF7BHaRYcT2kUfFdpFuhbaRVQY2kXuGdpF
hxvaRR8d2kW4HtpFUiDaRewh2kWFI9pFISXaRbgm2kVUKNpF7inaRYUr2kUfLdpFui7aRVIw
2kXsMdpFhTPaRR812kW6NtpFUjjaRew52kWFO9pFIT3aRbg+2kVUQNpF7EHaRYdD2kUfRdpF
ukbaRVRI2kXsSdpFhUvaRR9N2kW4TtpFVFDaRexR2kWFU9pFH1XaRbpW2kVUWNpF7FnaRYdb
2kUhXdpFuF7aRVRg2kXsYdpFh2PaRR9l2kW4ZtpFUmjaRe5p2kWHa9pFH23aRbpu2kVScNpF
7HHaRYVz2kUfddpFunbaRVJ42kXsedpFhXvaRR992kW4ftpFUoDaReyB2kWFg9pFIYXaRbqG
2kVUiNpF7onaRYeL2kUfjdpFuo7aRVSQ2kXukdpFh5PaRR+V2kW6ltpFUpjaReyZ2kWHm9pF
H53aRbie2kVSoNpF7KHaRYWj2kUfpdpFuKbaRVKo2kXsqdpFhavaRR+t2kW6rtpFUrDaRe6x
2kWHs9pFIbXaRbi22kVUuNpF7LnaRYW72kUfvdpFuL7aRVLA2kXswdpFhcPaRR/F2kW6xtpF
VMjaRezJ2kWHy9pFIc3aRbjO2kVS0NpF7NHaRYfT2kUf1dpFuNbaRVLY2kXu2dpFh9vaRR/d
2kW63tpFUuDaRezh2kWF49pFH+XaRbjm2kVS6NpF7OnaRYXr2kUh7dpFuu7aRVLw2kXs8dpF
hfPaRR/12kW69tpFUvjaRez52kWF+9pFH/3aRbr+2kVSANtF7AHbRYUD20UhBdtFuAbbRVII
20XsCdtFhQvbRSEN20W4DttFVBDbRewR20WHE9tFIRXbRbgW20VSGNtF7BnbRYcb20UfHdtF
uB7bRVIg20XuIdtFhSPbRR8l20W4JttFVCjbRewp20WFK9tFIS3bRbgu20VSMNtF7jHbRYcz
20UfNdtFuDbbRVQ420XsOdtFhzvbRSE920W6PttFUkDbRexB20WHQ9tFH0XbRbpG20VUSNtF
7EnbRYdL20UfTdtFuk7bRVRQ20XuUdtFh1PbRR9V20W6VttFUljbRexZ20WFW9tFIV3bRbpe
20U=</AssayXData><AssayYData Points="500">OCOtQJhkrUB3k61Ax7atQLDqrUAe2a1Amc2tQGnIrUAEFa5AbxSuQEoQrkAe1q1AzdmtQEoQ
rkAVIq5AaBWuQH0WrkBEIq5AY/+tQLUWrkBj+K1AlOKtQLIQrkCRH65ATxCuQF39rUCNJa5A
lCiuQA8krkBHJ65AlwKuQPIlrkANIa5AhyWuQMMtrkAnBa5AWy2uQMIMrkABR65AQkquQAsW
rkAMJK5AfyOuQNsWrkAVFq5ANiKuQA0urkBnF65ANQGuQDgKrkBzEa5A8BmuQD8wrkBrI65A
0TauQPMmrkBWPK5AAEmuQB5KrkBKJK5AFBauQAEerkDFKK5AJj2uQNcprkCaJq5A4BauQH8y
rkCzOa5AbuitQEUgrkADAK5AmSiuQMIorkCNCq5AuBmuQOk8rkDj/K1ALS6uQPQXrkAGMK5A
ZxWuQOtJrkAZFK5AGx6uQPUBrkC3FK5AgRyuQGgPrkBDLq5ANTyuQJ8arkA2Pq5AWgquQLoB
rkDWHa5AER2uQO8krkAiHq5AZwiuQGQurkApIK5AIDauQEogrkCQJq5A/zmuQMAxrkByMK5A
4BOuQCcfrkDhRa5AYSyuQOA3rkCUJa5AMF6uQB1qrkDUGa5AxUGuQEYWrkBXN65A3EOuQAA2
rkDcQ65AKjWuQOFarkBYXK5AI0iuQNklrkDNTa5Ah02uQEBerkC4Va5AoFOuQPJjrkApN65A
MWCuQKVJrkCLT65A84euQHgqrkCzYq5AAkGuQGk5rkBePa5AvCGuQNNVrkCcRq5Ayk+uQI1L
rkD1N65AXmKuQI1+rkBRVq5AeTGuQChKrkAyWa5A5VWuQGBGrkDsa65AQ0auQMVWrkD3Rq5A
almuQIU/rkC3SK5AgUiuQDtfrkBRSq5AqFWuQI9trkBneK5A+06uQIlerkD9Ta5AQWCuQL9J
rkB3Uq5Aw3quQOBJrkAGNa5AymquQFhZrkCMN65Aa0euQFZMrkCcYa5AZGWuQPpjrkCIUa5A
rIGuQOBQrkDGd65AdleuQLpZrkCDbq5ANnquQPZjrkAYVa5A/3OuQG1srkDMUa5AOXOuQK1C
rkCVca5AOU2uQEVKrkDzY65AdH2uQFpqrkBDc65AVYuuQC2DrkChQ65A7n2uQFNvrkC9dK5A
IWOuQKJ/rkDnda5AGnGuQHyArkDFeq5A0GCuQGeLrkCzb65AhF2uQK+HrkA7PK5AR2KuQC9z
rkDlaK5A1USuQLhtrkBkY65ArHGuQBd0rkA0Zq5AMW2uQNWPrkBNea5AzVyuQMxgrkDydK5A
Zm2uQO1vrkDZgq5AZYKuQPllrkCff65ACYSuQEiHrkDFla5A0YWuQBhsrkBDbK5Ai6muQL+U
rkAdfa5AnnauQAd4rkBuba5AxFeuQAdyrkDIoa5Ao5GuQBJ8rkDga65AT3iuQPqFrkAUa65A
LG2uQOiQrkDpZq5AdbKuQAOBrkA0dq5AiWquQOGVrkBdhK5Aio2uQFKVrkB5q65AL3auQDhu
rkB3iK5AY4muQMWDrkAgrK5A7oGuQCWhrkBErq5A0oGuQF6KrkBZiq5A0YSuQE9urkCRfq5A
uoOuQBOarkDUmq5AzKKuQPSDrkDorq5A9Y+uQOaLrkCKc65AIHmuQMt4rkCoh65ARnquQACE
rkD8tK5AV4muQJGWrkCVka5A3J2uQD6brkDnh65AKp6uQGubrkB/lK5A35euQH6urkAJi65A
k4uuQEyUrkAAjK5AnX6uQN51rkBHla5AZ62uQBFtrkAzlq5A42+uQE93rkDwfK5AioauQKOD
rkCcXq5ArLWuQHSwrkBUr65AybOuQDGcrkDejK5Awn6uQCClrkAAnq5AKYuuQGSSrkA/ga5A
2K2uQG6wrkD6n65AeL2uQLemrkDioq5AEp2uQIOrrkCzi65AO7uuQIucrkDCka5AwqSuQNWl
rkDVr65AfLKuQMuTrkCuha5AFa+uQLPIrkAkhK5A56uuQF+HrkCzm65ANMiuQGWhrkDovq5A
jaauQIe+rkDcw65A2c2uQKGkrkBzkq5AJ9KuQIi2rkDno65ARLmuQEG+rkDQt65AQdauQI/H
rkDysa5Aj5auQB+4rkCisa5Abs6uQHyrrkCLta5AZcWuQDyZrkA7w65AMMWuQDvLrkAIuq5A
LMuuQFrnrkD+ra5A8+uuQKCgrkDyt65AB92uQFHLrkBtqa5AI+OuQBHlrkBZv65A1c+uQBfg
rkD45a5A9ryuQIfOrkChuK5A77OuQNverkCc5K5AUa2uQGK3rkD7yq5AadeuQBfmrkAD1q5A
fsKuQPPLrkCQ2a5A7sWuQAukrkCttq5AaN+uQHbGrkDC3a5A0beuQAayrkB8865A3d+uQJXL
rkBlzK5AvsuuQAjOrkDezK5AEKuuQIzNrkDj5a5AitmuQLe4rkABtK5ArsiuQGTcrkAA5K5A
3QCvQM7HrkDR1K5A6NyuQPjArkAn3K5AnfiuQG3UrkBD+a5ACNquQPnjrkA/xa5APdSuQF/m
rkD9xK5AvdOuQHHmrkCB5q5Art2uQMLxrkBW265A7/GuQJr2rkDk8a5Au9CuQL7HrkCnw65A
3PWuQBnGrkB62q5AiN6uQJXXrkB+2q5APeCuQHb1rkDa2K5Ad+auQFj4rkA+1a5A1tKuQAbf
rkA=</AssayYData></Step><Step><CommonData><SampleLocation>4</SampleLocation><SampleID>hsCD3d/e_Acro_CDD-H52W1</SampleID><SampleGroup></SampleGroup><SampleInfo></SampleInfo><SampleRow>A</SampleRow><SamplePlate>1</SamplePlate><WellType>KSAMPLE</WellType><Concentration>-1</Concentration><ConcentrationUnits>µg/ml</ConcentrationUnits><MolarConcentration>200</MolarConcentration><MolarConcUnits>nM</MolarConcUnits><MolecularWeight>0</MolecularWeight><Temperature>30</Temperature><StartTime>8007046</StartTime><AssayTime>180</AssayTime></CommonData><FlowRate>1000</FlowRate><StepType>ASSOC</StepType><StepName>Association</StepName><StepStatus>OK</StepStatus><ActualTime>179.999</ActualTime><CycleTime>0.2</CycleTime><AssayXData Points="900">VmDbRe5h20WJY9tFIWXbRbpm20VUaNtF7mnbRYlr20UhbdtFum7bRY9w20XucdtFiXPbRSF1
20W8dttFWHjbRfB520WJe9tFI33bRbx+20VWgNtF8IHbRYeD20UhhdtFvIbbRVaI20XuidtF
h4vbRSGN20W8jttFVpDbRe6R20WJk9tFI5XbRbyW20VWmNtF8JnbRYmb20UhndtFup7bRVSg
20XwodtFh6PbRSOl20W6pttFVKjbRe6p20WJq9tFIa3bRbqu20VWsNtF7rHbRYmz20UjtdtF
urbbRVS420XuudtFibvbRSG920W8vttFVMDbRfDB20WHw9tFIcXbRbrG20VWyNtF7snbRYnL
20UhzdtFus7bRVTQ20Xw0dtFidPbRSHV20W81ttFVtjbRfDZ20WH29tFId3bRbze20VW4NtF
7uHbRYfj20Uj5dtFuubbRVTo20Xu6dtFh+vbRSHt20W67ttFVPDbRe7x20WH89tFI/XbRbz2
20VU+NtF8PnbRYn720Uh/dtFuv7bRVYA3EXuAdxFhwPcRSEF3EW6BtxFVgjcRe4J3EWJC9xF
IQ3cRboO3EV5ENxF7hHcRYcT3EUhFdxFvBbcRVQY3EXuGdxFhxvcRSMd3EW6HtxFVCDcRe4h
3EWHI9xFISXcRbom3EVUKNxF8CncRYcr3EUjLdxFui7cRVYw3EXuMdxFhzPcRSM13EW8NtxF
VjjcRfA53EWHO9xFIz3cRbw+3EVWQNxF8EHcRYlD3EUhRdxFukbcRVRI3EXuSdxFiUvcRSFN
3EW8TtxFVFDcRe5R3EWHU9xFI1XcRbpW3EVUWNxF7lncRYdb3EUjXdxFul7cRVZg3EXwYdxF
h2PcRSFl3EW6ZtxFVmjcRe5p3EWJa9xFI23cRbpu3EVUcNxF7nHcRYdz3EUhddxFvHbcRVR4
3EXwedxFh3vcRSN93EW6ftxFVIDcRfCB3EWJg9xFI4XcRbyG3EVUiNxF8IncRYmL3EUhjdxF
uo7cRVSQ3EXukdxFh5PcRSGV3EW8ltxFVJjcRe6Z3EWJm9xFIZ3cRbqe3EVWoNxF7qHcRYej
3EUjpdxFuqbcRVSo3EXuqdxFh6vcRSOt3EW6rtxFqLDcRe6x3EWHs9xFI7XcRbq23EVWuNxF
7rncRYe73EUhvdxFur7cRVTA3EXuwdxFh8PcRSPF3EW8xtxFVMjcRe7J3EWJy9xFIc3cRbrO
3EVU0NxF7tHcRYfT3EUh1dxFutbcRVTY3EXu2dxFh9vcRSHd3EW63txFVuDcRe7h3EWH49xF
IeXcRbrm3EVW6NxF7uncRYfr3EUj7dxFuu7cRVTw3EXu8dxFifPcRSH13EW69txFVvjcRfD5
3EWH+9xFIf3cRbr+3EVUAN1F7gHdRYcD3UUhBd1FugbdRVQI3UXwCd1FhwvdRSMN3UW6Dt1F
VBDdRfAR3UWJE91FIxXdRboW3UVUGN1F7hndRYcb3UUjHd1Fuh7dRVQg3UXwId1FhyPdRSMl
3UW6Jt1FVCjdRe4p3UWHK91FIy3dRbou3UVWMN1F8DHdRYcz3UUhNd1FujbdRVY43UXwOd1F
hzvdRSM93UW6Pt1FVEDdRfBB3UWHQ91FIUXdRbxG3UVUSN1F8EndRYdL3UUhTd1FvE7dRZNQ
3UXuUd1FiVPdRSFV3UW6Vt1FVFjdRe5Z3UWHW91FI13dRbxe3UVUYN1F8GHdRYlj3UUjZd1F
vGbdRVZo3UXuad1Fh2vdRSNt3UW6bt1FVHDdRfBx3UWHc91FI3XdRbx23UVUeN1F7nndRYl7
3UUjfd1Fun7dRVaA3UXugd1Fh4PdRSGF3UW8ht1FVojdRe6J3UWHi91FIY3dRbqO3UVUkN1F
8JHdRYeT3UUjld1FupbdRVSY3UXumd1Fh5vdRSGd3UW8nt1FVKDdRe6h3UWJo91FIaXdRbqm
3UVWqN1F7qndRYmr3UUhrd1Fuq7dRVSw3UXusd1FibPdRSG13UW6tt1FVLjdRe653UWHu91F
Ib3dRby+3UVUwN1F8MHdRYfD3UUhxd1FusbdRVbI3UXwyd1FicvdRSPN3UW8zt1FVNDdRe7R
3UWH091FIdXdRbrW3UVW2N1F7tndRYnb3UUj3d1Fut7dRVTg3UXw4d1Fh+PdRSHl3UW65t1F
VOjdRe7p3UWH691FIe3dRbru3UV98N1F7vHdRYnz3UUh9d1FvPbdRVb43UXu+d1FifvdRSH9
3UW8/t1FVADeRfAB3kWHA95FIQXeRbwG3kVWCN5F7gneRYcL3kUhDd5Fug7eRVQQ3kXwEd5F
iRPeRSEV3kW6Ft5FVhjeRfAZ3kWHG95FIR3eRboe3kVWIN5F8CHeRYkj3kUhJd5FvCbeRVQo
3kXuKd5FiSveRSEt3kW6Lt5FVjDeRe4x3kWHM95FITXeRbw23kVWON5F7jneRYc73kUhPd5F
uj7eRVRA3kXuQd5Fh0PeRSFF3kW6Rt5FVEjeRfBJ3kWHS95FIU3eRbpO3kVUUN5F8FHeRYdT
3kUhVd5FvlbeRVRY3kXuWd5Fh1veRSFd3kW6Xt5FVGDeRfBh3kWHY95FIWXeRbpm3kVWaN5F
8mneRYdr3kUhbd5Fum7eRVZw3kXucd5Fh3PeRSF13kW6dt5FVnjeRe553kWHe95FI33eRbp+
3kVWgN5F8IHeRYmD3kUhhd5FuobeRVSI3kXuid5Fh4veRSON3kW6jt5FaJDeRe6R3kWHk95F
IZXeRbyW3kVWmN5F7pneRYeb3kUhnd5FvJ7eRVag3kXwod5Fh6PeRSGl3kW6pt5FVqjeRfCp
3kWJq95FI63eRbyu3kVWsN5F7rHeRYez3kUhtd5FvLbeRVS43kXuud5Fh7veRSO93kW8vt5F
VMDeRfDB3kWHw95FIcXeRbrG3kVUyN5F7sneRYnL3kUjzd5Fus7eRVTQ3kXw0d5FidPeRSHV
3kW81t5FVNjeRfDZ3kWH295FId3eRbre3kVW4N5F7uHeRYfj3kUh5d5FuubeRVTo3kXy6d5F
ieveRSPt3kW67t5FVPDeRe7x3kWH895FIfXeRbr23kVW+N5F8PneRYn73kUh/d5FvP7eRVQA
30XuAd9FhwPfRSMF30W8Bt9FVgjfRe4J30WHC99FIQ3fRbwO30VUEN9F8BHfRYkT30UjFd9F
uhbfRVYY30XwGd9FhxvfRSMd30W6Ht9FVCDfRe4h30WJI99FIyXfRbom30VUKN9F7infRYcr
30UjLd9FvC7fRZYw30XuMd9FiTPfRSE130W6Nt9FVDjfRe4530WHO99FIz3fRbo+30VUQN9F
7kHfRYdD30UhRd9FukbfRVRI30XwSd9Fh0vfRSFN30W6Tt9FVlDfRfBR30WJU99FIVXfRbpW
30VWWN9F8FnfRYlb30UhXd9Ful7fRVRg30XuYd9FiWPfRSFl30W8Zt9FVmjfRe5p30WJa99F
IW3fRbxu30VUcN9F7nHfRYdz30Ujdd9FunbfRVR430Xwed9FiXvfRSF930W6ft9FVIDfRe6B
30WHg99FI4XfRbqG30VWiN9F7onfRYeL30Uhjd9Fuo7fRVaQ30Xwkd9Fh5PfRSGV30W6lt9F
VpjfRe6Z30WHm99FIZ3fRbye30VUoN9F7qHfRYej30Uhpd9FuqbfRVSo30Xuqd9FiavfRSGt
30W6rt9FVrDfRfCx30WJs99FIbXfRby230VWuN9F7rnfRYe730Uhvd9FvL7fRVTA30Xuwd9F
h8PfRSHF30W6xt9FVsjfRe7J30WHy99FIc3fRbrO30V/0N9F7tHfRYnT30Uj1d9FutbfRVbY
30Xu2d9FidvfRSHd30W63t9FVODfRe7h30WJ499FIeXfRbrm30VU6N9F7unfRYfr30Uh7d9F
uu7fRVbw30Xw8d9Fh/PfRSP130W69t9FVPjfRe7530WH+99FIf3fRbr+30VUAOBF8AHgRYkD
4EUhBeBFugbgRVYI4EXuCeBFhwvgRSEN4EW6DuBFVhDgRe4R4EWHE+BFIxXgRboW4EVUGOBF
7hngRYkb4EUhHeBFuh7gRVYg4EXuIeBFiSPgRSMl4EW6JuBFVijgRe4p4EWJK+BFIS3gRbou
4EVUMOBF8DHgRYcz4EUhNeBFvDbgRVY44EXwOeBFhzvgRSE94EW6PuBFVEDgRe5B4EWHQ+BF
IUXgRbpG4EVUSOBF8EngRYdL4EUhTeBFuk7gRVRQ4EXwUeBFh1PgRSNV4EW6VuBFVljgRe5Z
4EWHW+BFIV3gRbxe4EVWYOBF7mHgRYlj4EUhZeBFumbgRVZo4EXwaeBFh2vgRSNt4EW6buBF
a3DgRfBx4EWHc+BFIXXgRbx24EVWeOBF7nngRYl74EUjfeBFun7gRVaA4EXugeBFiYPgRSOF
4EW6huBFVIjgRfCJ4EWHi+BFI43gRbqO4EVWkOBF8JHgRYmT4EUhleBFupbgRVSY4EXumeBF
h5vgRSOd4EW6nuBFVKDgRfCh4EWHo+BFIaXgRbym4EVUqOBF7qngRYer4EUjreBFuq7gRVaw
4EXuseBFh7PgRSO14EW8tuBFVrjgRfC54EWHu+BFIb3gRbq+4EVWwOBF7sHgRYfD4EUhxeBF
vMbgRVTI4EXuyeBFh8vgRSHN4EW6zuBFVtDgRfDR4EWJ0+BFIdXgRbzW4EVU2OBF7tngRYfb
4EUh3eBFut7gRVTg4EXu4eBFh+PgRSHl4EW65uBFVOjgRe7p4EWJ6+BFI+3gRbru4EVW8OBF
7vHgRYnz4EUh9eBFuvbgRVT44EXu+eBFh/vgRSP94EW6/uBF</AssayXData><AssayYData Points="900">kJeuQD3brkCAS69AoYKvQIOlr0CK4q9AscWvQFvcr0CDDbBAJSawQDEnsECzV7BA7WGwQHAy
sEDHl7BAZn+wQNeMsEDum7BAOa2wQCbOsECUq7BAKtGwQPPZsEDw+bBARfawQJ32sECOB7FA
TgexQIoNsUDNPrFAIUCxQDZosUDvObFA3lmxQGGXsUAnZ7FAfoWxQGWNsUBFd7FAp5GxQNmn
sUAri7FA25mxQH3LsUBYmbFAOZKxQOWRsUBW0LFAQJyxQAi1sUBc6LFAXNixQBjmsUBMD7JA
BeOxQOIaskB5BLJAjd6xQBb+sUCiKrJAP/GxQIUfskBZLLJAuUSyQDZCskALSrJAqkOyQJ4g
skB4SrJACk6yQG1wskC3W7JAPYGyQNZJskBUcbJAGaOyQEiLskAvX7JAXWWyQNVtskAarrJA
ga6yQEuPskBfl7JAanayQH2zskCph7JAnJKyQDjRskAxoLJAn5WyQIS5skDAprJA4qWyQHu9
skByxLJAoKiyQOrZskCxALNAEqGyQOjrskAt/rJAdbSyQCO8skDx57JASNqyQMDsskCjH7NA
HuWyQBDcskAQ7bJA6fyyQLTOskBzF7NAOvWyQAD9skA4CLNALeqyQMkEs0B3HrNAOg+zQHAe
s0AYEbNAIx+zQK73skDjLbNA5hCzQGv+skBxLLNAojCzQJc1s0DjJrNA6UGzQLEls0DlO7NA
OkWzQGlUs0DrRbNANyGzQFVNs0C0N7NA6UezQK5Zs0DXR7NAI0izQCJks0B9O7NAzSWzQPly
s0D3Z7NA2lazQEt6s0DHfbNA9ESzQIBns0BCY7NA7zuzQJVos0ASfbNAtVqzQKw/s0DAVrNA
/0ezQD6Ms0DGd7NAIWazQEous0AacbNAsHmzQLqvs0CodLNAsXOzQBmKs0AMf7NANoOzQP6o
s0DYnrNAl3GzQNZxs0DKQ7NAzpWzQP9js0AMa7NA9o6zQNtgs0CsnLNAPKqzQI2Xs0BvtLNA
dYezQNW/s0AZkLNATq2zQIzCs0CZv7NADKqzQNKTs0BDtLNAyKOzQK7Es0AjtrNA+p+zQJDF
s0C+rLNARGmzQFzOs0BKvLNAOcGzQNvCs0Drt7NAD7+zQJW3s0BJxLNAI+SzQLe0s0AF2bNA
RsKzQAWls0ABt7NAqLqzQO+ls0CexLNAQ72zQJ7Ws0BHx7NA2ruzQEnjs0D21LNABb6zQIvF
s0C4x7NAnb6zQKDAs0CGxrNAQbezQKbWs0D3uLNAWdKzQDPTs0BpurNA3MCzQOvIs0DapbNA
sNizQFfNs0Bq17NAOMmzQAHTs0Bt47NAFtKzQKjGs0Azs7NA9+azQJvxs0Cu9rNARfSzQIzi
s0CfBbRAmgu0QJjps0AGDLRA+uqzQBvvs0C5wLNAR+CzQIDus0CCCbRAnOKzQK7Ys0Bf7bNA
Uhi0QH72s0DkAbRAQ9izQGAQtECqBLRAY/2zQKUftEBQKbRA+RS0QLP9s0Bc7bNA8f2zQLzw
s0DbB7RAKBK0QH0RtECZBbRA2xO0QG8UtED54rNAeR20QJYVtEBaD7RA6umzQDMKtEDKEbRA
uBG0QOIPtEC5K7RAkhm0QA8JtECrKLRAvBC0QHo6tEDfKbRAPjK0QOgvtECDL7RAtRW0QCkx
tEAxMbRABDO0QCUvtEB1I7RAREK0QPUatECFRbRAACi0QMo/tEAGQbRAEyi0QPgZtEBsLbRA
kie0QPAptEB8J7RAlSi0QKEztECNHrRAWDO0QGhItEAxMbRA9im0QIJZtEDZHbRA4UO0QP1B
tEAuI7RA2ze0QHVStEDcWrRAdUC0QBo7tECfNrRAD2K0QIEztEDGTLRAXC20QP5GtEBPTrRA
YDy0QOVAtEATP7RA2Gy0QG9ItED/ZLRAA0G0QGJTtECUU7RABlu0QEhEtEA7SLRAjFO0QLVF
tECiZrRAaTG0QFpItEBVW7RAjlW0QHR/tEDKY7RALni0QNM9tECQY7RAnIO0QDBZtECHT7RA
mVK0QNxCtEB0PbRAEoq0QKhhtECoV7RAR2u0QGFhtEDgPbRAtmS0QFBZtECgYrRArma0QNdo
tEDearRAIni0QHl8tEBBXbRAZYm0QOaDtEDhWbRAPGO0QJlbtEAmarRAfji0QN9stEBBWbRA
xn60QGd1tED2dbRAlWe0QARktEDfc7RAEGu0QAmKtEBdeLRA1HK0QCF7tEApWLRAFXS0QLBk
tECwb7RArFe0QNZJtECpVbRAAWW0QNFAtECCSrRAT4i0QCVvtEA3ZrRAdo20QBZGtEAOXbRA
J220QHCAtEDoPrRAg3i0QB9/tECzWrRAKEu0QHhntEAmcrRAr4G0QKF0tEBrXLRAQFq0QPha
tEDYebRAoWm0QORxtEDQfLRA/H60QM1jtEDbgLRASWq0QAt7tEDrkbRA0z60QLNstEBpVrRA
21W0QAp7tEDTcrRA1k20QIpbtEAmkLRAQ5a0QNqntECm1bRAyJi0QH5TtECvgLRAl4W0QEBX
tECFfbRAAH20QLpgtECgoLRArq60QF2RtEDnlrRAlLy0QK+jtECutrRAx6m0QK2utEAAoLRA
9qW0QImYtEC8ebRAOa+0QEqGtEBEmLRAYJC0QAaitECwtLRAd5m0QNmwtEAQm7RA/pq0QC+v
tEBLp7RA07e0QGGqtEDVjrRAD6a0QPOktEAFrLRAQJ20QDGjtEBXw7RAK9a0QAuktEAbsLRA
wny0QA+OtEBZrrRAfcy0QG2wtEBbn7RAO7G0QDHDtEDPqbRAfrS0QPuutEBvqbRAFJi0QCKy
tEDqmrRA/aW0QDm4tEAut7RAguO0QELMtEC+ibRARe+0QCmotEB7k7RA4sS0QJaxtEBQwbRA
ZNa0QFe6tEDnrbRA4sq0QJWstED4qLRAW+20QD6EtECgprRAk8y0QMWwtEAttbRA9Lu0QDjK
tEBDxbRAQbS0QM7PtECi07RA75u0QETktEB1r7RAobu0QBXXtEB+xLRA1aa0QJOstEDfurRA
ONe0QLHItECe07RAFOO0QHGptEBNpbRAOMG0QAS5tEBs07RANdK0QG6WtEAS1rRAl9S0QCC8
tEDw0bRAqtm0QJXgtEAI1bRA/9W0QIbFtEDT2bRAveW0QPm7tEBPzbRAs920QJP+tECFuLRA
a8+0QGLytECpw7RA59e0QKe1tECcvLRABri0QFrTtECv1bRAF7u0QLPetED5prRA2s+0QLPe
tECn2rRAo6G0QAO3tED01LRAeMq0QBu/tECW27RA0ua0QOzQtEBz97RAxtu0QOzltEDV5rRA
r6G0QFaytEBxA7VATOG0QFzAtEB50rRA5uS0QEDGtEBx+LRA4ei0QOzhtECDxrRAhue0QJq8
tEBk2bRANue0QKnWtEDM5bRAae60QOPztEBL27RAYua0QN/htEDv2bRARPy0QOfhtEDdwLRA
/f60QCO/tEDZ37RANOq0QM3ftECX17RA1+W0QIjntECR7LRA98q0QIMLtUDpxrRAcN60QA4E
tUBT4bRAtMG0QJXTtEC/2LRAEeC0QLrptED08bRALwW1QH/StEAo3bRAI9C0QEiOtEAopbRA
bvm0QFnitECW97RADQy1QFzetEDw4LRAnwa1QEfqtEDQ57RARN+0QJn6tECY/LRA/Qy1QOEW
tUAP47RAGvW0QB3StEA+ALVARhy1QF8BtUCr87RATfq0QIr5tECq5LRAV+S0QA3jtEAdCrVA
3/K0QIH+tED2CrVA9vW0QKQHtUDj67RAJgO1QMIctUDv9bRAlRm1QFf+tEDd77RAEua0QPEr
tUA8ALVABuq0QIYntUAOBLVA59i0QBb6tEAzHbVAzhC1QNECtUA9+bRAZe60QAjQtEA5KLVA
+e60QB7rtEDoD7VAew+1QIn4tEA887RAgAW1QGgXtUDHGLVAaxa1QGb6tEDc57RAxPK0QDXz
tECD+rRAjSG1QIwetUAi8rRAN/m0QCj/tEC36bRARCu1QK4LtUAw6rRAegu1QJYXtUDJCLVA
r/K0QLkLtUAXLbVAl/u0QFsztUDuALVALvy0QL4atUAGBLVA0RO1QK8mtUB1O7VA7Au1QGEv
tUCGD7VArQS1QE8HtUAoI7VAXxi1QPoDtUDdJbVAiiO1QB4YtUAXAbVACR+1QGURtUAIMrVA
bfe0QEsRtUCwOLVATfa0QA49tUAdULVAgym1QOYNtUBGEbVAwSm1QKMgtUBxALVAaxy1QOHt
tEAl/7RAOzm1QOEYtUDuBrVAiSC1QLQotUCGA7VABBq1QC8jtUB5HrVAjAe1QDw6tUCGGbVA
gRa1QEIltUCALrVAXiu1QOIQtUBw/LRAPwO1QHQitUDRObVAb/+0QPoetUBiJrVA8v+0QHkZ
tUCZKrVAAhy1QEj7tEDuLbVAOhe1QJcPtUD6CLVAhRO1QHg7tUCfLrVAbk61QHMctUBUFbVA
zyy1QOMWtUCKBLVADjm1QNUWtUCPGrVAuAu1QBsTtUCpG7VADCG1QHUdtUCQGbVAmBK1QBMr
tUBUUbVAax61QBIktUDtFrVAeyS1QBUntUBFDrVABS21QBcqtUDONLVADwy1QGortUBdFrVA
iza1QGI1tUDDM7VALhO1QJU8tUCWS7VABxa1QBg9tUANVbVAJx61QD9FtUC5KLVAbxi1QMk1
tUD0IrVAghu1QJdMtUBeH7VAGh+1QKggtUDmObVAeBC1QHgmtUBQRrVAc061QMQmtUByRbVA
I061QHdAtUDZULVADES1QHlBtUDyR7VA+yK1QO9TtUCYO7VA</AssayYData></Step><Step><CommonData><SampleLocation>3</SampleLocation><SampleID>Octet Buffer</SampleID><SampleGroup></SampleGroup><SampleInfo></SampleInfo><SampleRow>A</SampleRow><SamplePlate>1</SamplePlate><WellType>BUFFER</WellType><Concentration>-1</Concentration><ConcentrationUnits>µg/ml</ConcentrationUnits><MolarConcentration>-1</MolarConcentration><MolarConcUnits>nM</MolarConcUnits><MolecularWeight>0</MolecularWeight><Temperature>30</Temperature><StartTime>8195114</StartTime><AssayTime>300</AssayTime></CommonData><FlowRate>1000</FlowRate><StepType>DISASSOC</StepType><StepName>Dissociation</StepName><StepStatus>OK</StepStatus><ActualTime>300.001</ActualTime><CycleTime>0.2</CycleTime><AssayXData Points="1500">VADhRe4B4UWHA+FFIwXhRbwG4UVUCOFF8AnhRYcL4UUhDeFFvA7hRVQQ4UXwEeFFiRPhRSEV
4UW6FuFFVBjhRe4Z4UWHG+FFIx3hRboe4UVWIOFF7iHhRYcj4UUhJeFFuibhRVQo4UXuKeFF
iSvhRSMt4UW8LuFFVDDhRfAx4UWHM+FFITXhRbo24UVWOOFF7jnhRYc74UUjPeFFvD7hRVZA
4UXuQeFFh0PhRSNF4UW8RuFFVEjhRe5J4UWHS+FFIU3hRbpO4UVWUOFF7lHhRYdT4UUjVeFF
vFbhRVZY4UXwWeFFh1vhRSNd4UW6XuFFVGDhRe5h4UWHY+FFIWXhRbpm4UVWaOFF7mnhRYdr
4UUhbeFFvG7hRVZw4UXwceFFh3PhRSN14UW6duFFVnjhRe554UWJe+FFI33hRbp+4UVUgOFF
7oHhRYmD4UUjheFFvIbhRVSI4UXuieFFiYvhRSGN4UW8juFFVpDhRe6R4UWHk+FFIZXhRbyW
4UVUmOFF8JnhRYeb4UUhneFFvJ7hRVag4UXwoeFFh6PhRSOl4UW8puFFVqjhRe6p4UWHq+FF
I63hRbqu4UVUsOFF7rHhRYmz4UUjteFFurbhRVS44UXwueFFh7vhRSG94UW8vuFFVsDhRe7B
4UWJw+FFIcXhRbrG4UVUyOFF7snhRYnL4UUhzeFFvM7hRVbQ4UXw0eFFidPhRSHV4UW81uFF
VNjhRe7Z4UWJ2+FFId3hRbre4UVU4OFF8OHhRYfj4UUj5eFFvObhRVTo4UXu6eFFh+vhRSPt
4UW67uFFVPDhRfDx4UWH8+FFIfXhRbr24UVW+OFF7vnhRYf74UUh/eFFuv7hRVQA4kXuAeJF
hwPiRSMF4kW6BuJFVAjiRe4J4kWJC+JFIw3iRboO4kVWEOJF7hHiRYcT4kUhFeJFvBbiRVYY
4kXwGeJFhxviRSEd4kW6HuJFViDiRe4h4kWJI+JFISXiRbwm4kVWKOJF8iniRYcr4kUhLeJF
ui7iRVQw4kXuMeJFhzPiRSE14kW8NuJFVDjiRe454kWJO+JFIz3iRbw+4kVUQOJF8EHiRYdD
4kUhReJFukbiRVRI4kXwSeJFiUviRSFN4kW6TuJFVlDiRe5R4kWHU+JFI1XiRbpW4kVUWOJF
7lniRYdb4kUhXeJFul7iRVRg4kXuYeJFh2PiRSFl4kW8ZuJFVGjiRe5p4kWJa+JFIW3iRbxu
4kVUcOJF7nHiRYlz4kUhdeJFunbiRVZ44kXueeJFiXviRSF94kW6fuJFVoDiRe6B4kWHg+JF
IYXiRbyG4kVUiOJF7oniRYeL4kUhjeJFuo7iRVaQ4kXukeJFh5PiRSOV4kW6luJFVJjiRfCZ
4kWHm+JFI53iRbye4kVUoOJF8KHiRYej4kUhpeJFvKbiRVao4kXwqeJFiaviRSGt4kW8ruJF
VLDiRe6x4kWHs+JFIbXiRbq24kVYuOJF8LniRYe74kUhveJFvL7iRVTA4kXuweJFh8PiRSHF
4kW6xuJFVsjiRfDJ4kWJy+JFIc3iRbzO4kVU0OJF8NHiRYfT4kUh1eJFutbiRVTY4kXu2eJF
h9viRSHd4kW63uJFVODiRfDh4kWH4+JFI+XiRbrm4kVW6OJF8OniRYfr4kUj7eJFuu7iRVTw
4kXu8eJFifPiRSP14kW69uJFVPjiRfD54kWH++JFIf3iRbz+4kVUAONF7gHjRYcD40UhBeNF
ugbjRVQI40XuCeNFiQvjRSEN40W8DuNFVBDjRe4R40WHE+NFIRXjRbwW40VWGONF8BnjRYcb
40UjHeNFvB7jRVQg40XuIeNFiSPjRSEl40W6JuNFVCjjRe4p40WJK+NFIS3jRbwu40VUMONF
7jHjRYcz40UhNeNFujbjRVY440XuOeNFiTvjRSE940W8PuNFVkDjRe5B40WJQ+NFI0XjRbxG
40VUSONF8EnjRYlL40UjTeNFvE7jRVRQ40XuUeNFh1PjRSFV40W6VuNFVFjjRe5Z40WJW+NF
I13jRbpe40VUYONF8GHjRYdj40UhZeNFvGbjRVZo40XuaeNFiWvjRSNt40W6buNFVnDjRe5x
40WJc+NFI3XjRbp240VWeONF7nnjRYd740UlfeNFun7jRVSA40XugeNFh4PjRSGF40W6huNF
VIjjRfCJ40WHi+NFIY3jRbyO40VUkONF7pHjRYmT40UhleNFupbjRVaY40XwmeNFiZvjRSGd
40W8nuNFVKDjRfCh40WJo+NFIaXjRbqm40VWqONF7qnjRYer40UhreNFvK7jRVaw40XuseNF
ibPjRSG140W6tuNFVrjjRe6540WHu+NFIb3jRbq+40VWwONF7sHjRYfD40UhxeNFvMbjRVbI
40XuyeNFh8vjRSHN40W8zuNFVNDjRe7R40WJ0+NFIdXjRbzW40VU2ONF7tnjRYfb40Uj3eNF
ut7jRVTg40Xu4eNFiePjRSPl40W65uNFVOjjRe7p40WH6+NFIe3jRbru40VU8ONF7vHjRYnz
40Uh9eNFuvbjRVb440Xu+eNFh/vjRSH940W8/uNFVgDkRe4B5EWHA+RFIQXkRboG5EVUCORF
8AnkRYcL5EUhDeRFvA7kRVQQ5EXwEeRFiRPkRSEV5EW6FuRFVBjkRe4Z5EWHG+RFIx3kRboe
5EVUIORF7iHkRYkj5EUhJeRFuibkRVYo5EXwKeRFiSvkRSEt5EW6LuRFVDDkRe4x5EWHM+RF
ITXkRbo25EVWOORF8DnkRYk75EUhPeRFvD7kRVRA5EXuQeRFh0PkRSNF5EW6RuRFVEjkRfBJ
5EWHS+RFIU3kRbxO5EVUUORF7lHkRYdT5EUhVeRFulbkRVRY5EXuWeRFiVvkRSNd5EW6XuRF
VGDkRfBh5EWHY+RFIWXkRbxm5EVUaORF8GnkRYdr5EUhbeRFvG7kRVZw5EXwceRFiXPkRSN1
5EW6duRFVnjkRe555EWJe+RFIX3kRbp+5EVUgORF7oHkRYmD5EUjheRFuobkRVSI5EXuieRF
h4vkRSGN5EW6juRFVJDkRe6R5EWJk+RFI5XkRbyW5EVWmORF7pnkRYeb5EUhneRFvJ7kRVSg
5EXwoeRFh6PkRSGl5EW8puRFVqjkRe6p5EWHq+RFI63kRbqu5EVUsORF7rHkRYmz5EUjteRF
urbkRVa45EXuueRFh7vkRSG95EW6vuRFVMDkRe7B5EWJw+RFIcXkRbrG5EVUyORF8MnkRYnL
5EUhzeRFus7kRVbQ5EXu0eRFh9PkRSPV5EW81uRFVNjkRfDZ5EWH2+RFId3kRbre5EVU4ORF
7uHkRYfj5EUh5eRFuubkRVbo5EXu6eRFievkRSPt5EW67uRFVPDkRe7x5EWH8+RFIfXkRbz2
5EVW+ORF8PnkRYf75EUh/eRFuv7kRVYA5UXwAeVFiQPlRSEF5UW8BuVFVAjlRfAJ5UWHC+VF
Iw3lRboO5UVUEOVF8BHlRYcT5UUhFeVFuhblRVQY5UXuGeVFiRvlRSEd5UW6HuVFViDlRe4h
5UWHI+VFIyXlRbom5UVWKOVF7inlRYkr5UUhLeVFvC7lRVYw5UXuMeVFiTPlRSE15UW6NuVF
VjjlRe455UWJO+VFIT3lRbo+5UVWQOVF7kHlRYdD5UUhReVFukblRVRI5UXuSeVFh0vlRSFN
5UW6TuVFVFDlRfBR5UWJU+VFIVXlRbpW5UVUWOVF7lnlRYlb5UUjXeVFvF7lRVRg5UXuYeVF
h2PlRSFl5UW6ZuVFVGjlRfBp5UWHa+VFIW3lRbpu5UVUcOVF7nHlRYlz5UUjdeVFunblRVR4
5UXueeVFh3vlRSN95UW6fuVFVIDlRe6B5UWHg+VFI4XlRbyG5UVUiOVF7onlRYeL5UUhjeVF
vI7lRVaQ5UXwkeVFiZPlRSOV5UW8luVFVJjlRe6Z5UWJm+VFIZ3lRbqe5UVUoOVF8KHlRYmj
5UUhpeVFuqblRVSo5UXuqeVFh6vlRSGt5UW6ruVFVLDlRe6x5UWJs+VFIbXlRbq25UVUuOVF
7rnlRYe75UUjveVFur7lRVTA5UXuweVFh8PlRSPF5UW6xuVFVMjlRfDJ5UWHy+VFI83lRbzO
5UVU0OVF7tHlRYfT5UUh1eVFutblRVbY5UXw2eVFh9vlRSHd5UW63uVFVODlRe7h5UWH4+VF
IeXlRbrm5UVW6OVF7unlRYfr5UUh7eVFvO7lRVTw5UXu8eVFifPlRSH15UW89uVFVPjlRfD5
5UWH++VFIf3lRbr+5UVUAOZF8AHmRYcD5kUjBeZFugbmRVYI5kXuCeZFhwvmRSEN5kW8DuZF
VBDmRfAR5kWHE+ZFIRXmRboW5kVUGOZF8BnmRYcb5kUhHeZFuh7mRVYg5kXuIeZFhyPmRSMl
5kW6JuZFVCjmRe4p5kWHK+ZFIS3mRbou5kVUMOZF7jHmRYkz5kUjNeZFujbmRVQ45kXwOeZF
iTvmRSE95kW8PuZFVEDmRe5B5kWHQ+ZFIUXmRbpG5kVWSOZF7knmRYlL5kUhTeZFvE7mRVRQ
5kXuUeZFh1PmRSFV5kW8VuZFVFjmRfBZ5kWHW+ZFIV3mRbpe5kVUYOZF8GHmRYdj5kUjZeZF
umbmRVRo5kXuaeZFh2vmRSFt5kW6buZFVnDmRe5x5kWJc+ZFIXXmRb525kVWeOZF7nnmRYl7
5kUhfeZFun7mRVSA5kXugeZFiYPmRSGF5kW8huZFVIjmRe6J5kWHi+ZFI43mRbqO5kVUkOZF
7pHmRYeT5kUhleZFupbmRVaY5kXwmeZFiZvmRSOd5kW6nuZFVKDmRe6h5kWHo+ZFIaXmRbqm
5kVUqOZF7qnmRYmr5kUhreZFvK7mRVaw5kXwseZFh7PmRSG15kW8tuZFVLjmRe655kWHu+ZF
Ib3mRbq+5kVUwOZF8MHmRYnD5kUhxeZFusbmRVTI5kXwyeZFicvmRSHN5kW6zuZFVtDmRe7R
5kWH0+ZFIdXmRbzW5kVU2OZF7tnmRYnb5kUh3eZFut7mRVTg5kXu4eZFh+PmRSHl5kW65uZF
VujmRe7p5kWJ6+ZFI+3mRbzu5kVU8OZF7vHmRYfz5kUh9eZFuvbmRVb45kXu+eZFh/vmRSH9
5kW8/uZFVgDnRfAB50WHA+dFIQXnRbwG50VUCOdF7gnnRYkL50UhDedFug7nRVQQ50XuEedF
iRPnRSEV50W+FudFVBjnRfAZ50WHG+dFIx3nRbwe50VWIOdF7iHnRYkj50UhJedFuibnRVQo
50XuKedFhyvnRSEt50W6LudFVjDnRe4x50WJM+dFITXnRbo250VUOOdF7jnnRYc750UhPedF
uj7nRVRA50XwQedFh0PnRSFF50W6RudFVEjnRfBJ50WJS+dFIU3nRbpO50VUUOdF7lHnRYdT
50UhVedFulbnRVZY50XwWedFh1vnRSFd50W6XudFVmDnRe5h50WHY+dFI2XnRbpm50VUaOdF
7mnnRYdr50UhbedFum7nRVZw50XwcedFiXPnRSN150W6dudFVnjnRe5550WHe+dFIX3nRbp+
50VWgOdF7oHnRYeD50UhhedFvIbnRVSI50XwiedFiYvnRSGN50W8judFVpDnRe6R50WHk+dF
IZXnRbyW50VUmOdF7pnnRYeb50UjnedFup7nRVSg50XuoedFh6PnRSGl50W6pudFVKjnRe6p
50WJq+dFI63nRbqu50VWsOdF7rHnRYez50UjtedFvrbnRVS450XuuedFh7vnRSO950W8vudF
VMDnRfDB50WJw+dFI8XnRbzG50VUyOdF8MnnRYfL50UhzedFus7nRVbQ50Xu0edFh9PnRSHV
50W61udFVNjnRfDZ50WH2+dFI93nRbze50VU4OdF7uHnRYnj50Uh5edFvObnRVTo50Xw6edF
h+vnRSPt50W87udFVPDnRe7x50WH8+dFIfXnRbz250VW+OdF7vnnRYf750Uh/edFvP7nRVQA
6EXwAehFhwPoRSEF6EW6BuhFVgjoRfAJ6EWJC+hFIQ3oRboO6EVUEOhF8BHoRYcT6EUjFehF
uhboRVYY6EXuGehFiRvoRSMd6EW8HuhFViDoRe4h6EWJI+hFIyXoRbom6EVWKOhF8CnoRYcr
6EUhLehFui7oRVYw6EXwMehFiTPoRSE16EW6NuhFVjjoRe456EWJO+hFIz3oRbw+6EVUQOhF
8EHoRYdD6EUhRehFvEboRVRI6EXuSehFh0voRSNN6EW8TuhFVFDoRe5R6EWHU+hFIVXoRbxW
6EVUWOhF7lnoRYdb6EUhXehFvF7oRVRg6EXwYehFiWPoRSNl6EW8ZuhFVGjoRe5p6EWJa+hF
I23oRbpu6EVUcOhF7nHoRYdz6EUjdehFunboRVR46EXueehFiXvoRSN96EW6fuhFVIDoRe6B
6EWHg+hFIYXoRbqG6EVWiOhF8InoRYmL6EUhjehFuo7oRVSQ6EXwkehFiZPoRSOV6EW8luhF
VJjoRe6Z6EWHm+hFIZ3oRbqe6EVUoOhF7qHoRYej6EUhpehFuqboRVSo6EXuqehFh6voRSGt
6EW6ruhFVLDoRfCx6EWHs+hFI7XoRbq26EVWuOhF7rnoRYm76EUhvehFvL7oRVbA6EXwwehF
h8PoRSPF6EW6xuhFVMjoRe7J6EWJy+hFI83oRbrO6EVW0OhF7tHoRYnT6EUh1ehFvNboRVbY
6EXu2ehFh9voRSHd6EW63uhFVODoRfDh6EWJ4+hFIeXoRbzm6EVW6OhF7unoRYnr6EUj7ehF
uu7oRVTw6EXu8ehFh/PoRSH16EW89uhFVPjoRe756EWH++hFIf3oRbz+6EVWAOlF8AHpRYcD
6UUhBelFvAbpRVYI6UXwCelFhwvpRSEN6UW6DulFVBDpRe4R6UWHE+lFIRXpRboW6UVUGOlF
7hnpRYcb6UUhHelFvB7pRVQg6UXwIelFhyPpRSEl6UW8JulFVCjpRe4p6UWJK+lFIS3pRbou
6UVWMOlF7jHpRYkz6UUhNelFvjbpRVY46UXuOelFhzvpRSM96UW6PulFVkDpRe5B6UWJQ+lF
IUXpRbpG6UVWSOlF7knpRYdL6UUhTelFvE7pRVZQ6UXuUelFh1PpRSFV6UW6VulFVFjpRfBZ
6UWHW+lFIV3pRbxe6UVWYOlF8GHpRYdj6UUjZelFvGbpRVRo6UXuaelFh2vpRSNt6UW6bulF
VHDpRe5x6UWHc+lFI3XpRbp26UVUeOlF8HnpRYd76UUhfelFun7pRVSA6UXugelFh4PpRSOF
6UW8hulFVojpRfCJ6UWJi+lFIY3pRbyO6UVWkOlF7pHpRYmT6UUhlelFupbpRVSY6UXwmelF
iZvpRSGd6UW8nulFVKDpRe6h6UWJo+lFIaXpRbym6UVWqOlF7qnpRYer6UUhrelFuq7pRVSw
6UXwselFh7PpRSG16UW6tulFVrjpRe656UWJu+lFIb3pRby+6UVUwOlF8MHpRYfD6UUjxelF
usbpRVTI6UXwyelFh8vpRSHN6UW8zulFVtDpRe7R6UWJ0+lFIdXpRbrW6UVW2OlF8NnpRYnb
6UUh3elFut7pRVbg6UXu4elFiePpRSPl6UW+5ulFVujpRfDp6UWH6+lFI+3pRbru6UVU8OlF
7vHpRYfz6UUj9elFuvbpRVT46UXu+elFh/vpRSP96UW8/ulFVgDqRe4B6kWHA+pFIwXqRboG
6kVWCOpF7gnqRYcL6kUhDepFug7qRVQQ6kXwEepFiRPqRSMV6kW6FupFVBjqRe4Z6kWHG+pF
Ix3qRboe6kVUIOpF8CHqRYcj6kUhJepFvCbqRVQo6kXuKepFiSvqRSEt6kW6LupFVjDqRfAx
6kWHM+pFIzXqRbo26kVUOOpF7jnqRYk76kUhPepFuj7qRVZA6kXuQepFiUPqRSNF6kW6RupF
VkjqRe5J6kWJS+pFIU3qRbpO6kVUUOpF8FHqRYlT6kUhVepFvFbqRVRY6kXuWepFh1vqRSNd
6kW8XupF</AssayXData><AssayYData Points="1500">NgG0QKkStEAoArRAeSW0QL8+tEC6MbRAoy60QFQttEAaPbRATiq0QIEutED3ULRAESC0QOo2
tEBVZbRAWz20QApBtEBXPbRAsUe0QFlCtEBMO7RAmky0QPcmtEAPI7RAKmW0QLBWtEAqYLRA
54C0QANhtEAsfLRAunq0QFhVtEDLc7RAUWy0QHx9tECRdbRAtJO0QPyKtEBgZrRACnC0QONm
tECooLRAR5u0QGx+tECqQrRAlW+0QFqEtED6cbRAY3a0QD2WtEAWh7RAfJO0QEGGtEAmqrRA
D4e0QJB0tEAHj7RAGXe0QLd4tEBqrLRAXYy0QOt/tEDHkLRAKnW0QLdqtEAWd7RAdX60QOl3
tED+pbRAL1O0QJ10tECjmbRAX5m0QFOStEDlg7RAe2i0QBV6tEDMd7RAh2i0QJqmtEDYlrRA
sH+0QP+6tEACh7RAiZi0QOWDtEBBq7RA+bu0QPKMtEDLhbRAaKK0QPNUtEDboLRAepS0QKe4
tEA3b7RAu6m0QLiNtEBTybRAkXS0QD68tEDPt7RAFX+0QBWhtEBfcbRAUKi0QBeRtEAxtrRA
tX60QHt8tEACs7RAOpm0QGOltECoqLRAXaa0QIyHtEDosbRAE4y0QKzCtECNprRAc4e0QJyS
tEBmrbRAvZy0QP2AtECwlLRAd2u0QCeGtEBKe7RAG5O0QEKFtECkobRASqO0QLKTtEDonLRA
znq0QBtxtEBVk7RApYy0QAxktEDhbLRAk5q0QA+ZtEAKkrRArZ+0QGCXtEBXorRAp8a0QFG1
tEBQj7RAhqm0QI2ktEBVmrRADba0QICYtEChkLRAwIu0QJmitED4mbRAS5m0QBWztEABrbRA
8YG0QCTCtEAXb7RALZK0QEaRtEDKnLRAYqm0QOOhtEA2hbRA2m+0QC+DtEBPabRAe5y0QIOS
tEA2obRAQ2W0QGhstEDGoLRAoXG0QFJytEC0fLRA7mm0QB2qtEDMpLRAxpa0QN5dtEDmZrRA
6qW0QE6AtEAydLRAZK60QB1/tEAGjrRAqIi0QPSLtEDofbRAlWG0QMadtECqf7RAlYy0QEKJ
tECLgbRAo320QLGltEDLn7RAdYa0QPqTtEALtbRAHqC0QN6VtECTebRAvmm0QGCDtECak7RA
B3W0QIBwtEBnjrRAWqO0QMuNtED+l7RAgJC0QDh6tECblbRA8J+0QMSytEBNuLRAy8W0QKek
tEBbzrRAvLi0QKF2tECUirRA+pW0QMt6tEB/hLRAvJS0QG56tEBNg7RAYYC0QPystEDWprRA
y3q0QAaCtEDbtbRA8p+0QBWjtECbl7RA3oy0QJyOtEC+nrRAq4i0QCGQtEAXqbRAGHK0QMiy
tEAQe7RAm760QMuwtEB+mLRAn4i0QJ+htEDRjbRA0aC0QCWTtEBzkLRASJi0QDCftEDHpbRA
3qe0QPaqtEBZlrRAVWa0QOB8tEC3e7RAjKS0QIZttEDKrLRAXKu0QGCotECGjLRAppi0QPd0
tEDMnbRAdbW0QPSFtEA1sbRA0ou0QEyQtEAkjbRAaYu0QLWttEBehbRAgZ+0QCmPtEBvlrRA
5JW0QBWetEDlqbRAGrm0QGartEDlsLRAE6m0QPWltEAvq7RAWIW0QC2ktECfs7RAVK20QCun
tEAErbRAr8O0QNTetEAFpLRA1ci0QJ63tEAMsbRAqZW0QA+4tEAdtrRA7sq0QLiEtEA7oLRA
VqS0QGW/tECnt7RAQtS0QIqetEDPrbRA36y0QMW4tECurbRA3si0QG3VtEADxbRAV8e0QHrL
tEAPyLRAlqi0QDnrtEBx0rRAgsa0QGS8tEBepLRAMd+0QCLPtEDmkbRA/c60QKDVtECNrrRA
hM20QGHQtEC2tLRACbW0QI/PtEDq47RAPru0QE3XtEBMpbRA8qy0QNCltEAZyLRAwZi0QArN
tEDVvLRA4L+0QDKwtEBezrRA15+0QJa8tEBurbRAOrq0QL+ttEDzvrRAjMe0QHOOtECv3bRA
vNG0QB23tEAw87RA+Ze0QAnZtEDwprRAzpy0QJjXtEAOtrRAeb60QJertECer7RAn+S0QLTj
tED6ybRAEsa0QD6otEBZt7RAAsW0QHPJtEBAzbRAUrC0QBu7tECorrRAj520QBnCtEBZvLRA
gaS0QAe0tEB8lrRAjsW0QLfhtEAR07RAkra0QL7XtEAa4LRAkM60QNOctEA4wLRA7Ny0QPXA
tEClwLRAL7K0QM66tEBnubRAZtm0QL3GtECq2bRACa20QAq0tEAsv7RAsJC0QMzOtEDMz7RA
NYC0QKeetEC5vbRAXNG0QDy0tEDMxLRAtbu0QCDatEChwbRANNm0QOzVtEAowLRAZeC0QPO9
tEBCr7RAAbO0QMTatEA5sLRAVty0QAzTtEAxqLRAR960QEnVtEA5v7RAzra0QCq0tEBTo7RA
uKi0QFjEtEDvrrRATtG0QNHGtEBGzLRACe20QGS9tEAexrRAdgO1QB3CtEB71rRAQcy0QG3K
tEDM+rRAor60QMi3tEAl0LRAgsu0QDLbtEDhtbRA/cK0QFO/tEApxbRAA960QFTFtEBLuLRA
PNy0QEvNtEAFtrRAp/60QGbXtEC90LRAeb60QJTItEAm5LRASL20QFbOtED1wLRAzd+0QAHO
tEB40bRAVsu0QJuwtEDl5rRANeK0QL3utEAF1LRAev60QJ3CtEA20bRAkKe0QBbMtEBGubRA
hrq0QCfYtEBs37RAb9u0QGzctECxwLRAlqK0QJ7etEAi27RAKM+0QMvXtEAKwLRAOMm0QInY
tEAc0bRADsK0QEXdtEDRwrRAEMe0QBe2tEDm2rRAAfy0QBHRtED2nbRAMKy0QF/etEA05bRA
se60QKfWtEDQvrRAuMu0QKDHtEDn67RA7bq0QP2/tEBD3LRAHeO0QDO4tEBx2rRAxeu0QGPw
tEDK5bRA/sy0QNHstEC72rRAsNK0QM/stEB707RAbeu0QOzJtEBx1LRAzrK0QFbQtEDRwrRA
fNO0QGr9tEAa07RAXMG0QDPTtEBC6bRAWr20QPbMtECEyrRAn9q0QCbHtEBaxLRA1rm0QI69
tEAF2bRALum0QPv0tEDnBrVAs8u0QBjMtECtvLRA6Ke0QDu6tEDVv7RAEqy0QGC6tECJxrRA
k7m0QOW9tEDqz7RABre0QJSctECh9LRAmd60QH/StEDw1rRAstO0QAb9tECe37RA4se0QLHP
tEAewbRANOS0QEzStEDD57RAzQu1QInxtECN3LRAotC0QLL0tEBp6rRAw7q0QOjrtECO57RA
TcG0QLHbtEBk7LRAy9m0QOIYtUDp2LRAlr60QEvvtEARELVAYb+0QAT/tEBu+bRAHci0QHfE
tECV3bRA4PC0QP3ItEA98bRASd20QEW5tEBnz7RAIfu0QP3btECV1rRAYd60QBnitECNybRA
ifu0QHTltEB3/rRAYhC1QKzxtEDfzLRAiwC1QLHltED47LRAF9G0QArutEC9+rRAxO60QGTm
tEDk0bRAWei0QJ/ktEBsAbVAVui0QFDttEAl+bRAAQi1QOv5tEC2BLVAl8K0QGfGtEB48bRA
aO20QJ7atEA+8bRA5Oy0QJnntEDf9LRA3f20QJ/UtEDnB7VAt+K0QPPwtEC54bRAAti0QNz3
tED9zbRA1v20QIHctEAq8rRAl7+0QG/qtECz0rRAqPS0QCLxtEBGyrRAWwy1QPfgtEBW5bRA
GPO0QJ/CtEBJ/rRANva0QNjotEAA6LRACuW0QHS6tEBi9LRAhOS0QPD7tEDI/LRAHuy0QPPa
tED297RAfNq0QNq6tED907RAOOK0QHQCtUDzB7VA6+i0QAf2tECR/bRA+8u0QH0atUBg+LRA
18C0QO7NtEAB/bRABt20QNCutEAdl7RAluW0QIXftEB7v7RAd/20QH7otEBPzbRARua0QD/M
tEBv4bRAvvy0QEfrtEBFzLRA/+O0QLvdtEBO3rRAugS1QEfjtEDE0rRAd9C0QLnjtEDt0LRA
FMC0QDTOtEA697RAXNy0QK7ItEBusbRAvt60QBnstECX1LRAZ9q0QGfetEBpzLRAcP20QB7k
tEDQ8LRAuPG0QGUjtUCLz7RAjwK1QFTztEDj+LRANgS1QH8RtUAh8rRAvwW1QKjPtEBy/LRA
SeC0QG7MtEABB7VALM+0QDkhtUAT8LRASuC0QNLhtEBp/bRAQc20QLb0tEAA/bRAxtm0QHzC
tEBbDbVA2dO0QPoZtUBE3LRATvS0QOLbtEAc77RAgPO0QCTWtECNELVALOu0QD4BtUAs7LRA
Sfi0QIHhtEBRCbVAevC0QGb3tEDIzrRAAPS0QHXrtEDr37RABwK1QDQKtUDA5bRAS9W0QBfb
tEA567RASee0QDjztEAT/7RAiM60QNYEtUDa+7RAdwC1QIT8tEBRDLVAgeK0QJzPtEA65LRA
WPy0QKXstEA8FLVA2OS0QBH4tEA5EbVAuxW1QMrktEAJ27RAvBq1QAr1tEDuCLVAyBG1QMoP
tUCY/rRAtQy1QDwHtUANJrVAwPC0QPfstEB0CrVAYwe1QO3ztEAZ77RAS/i0QPEKtUBN87RA
iRm1QOAbtUBC+rRA9/u0QKH6tEBL9LRArhe1QCHotEBL/rRASwa1QFwftUCJ0rRAvQG1QD/s
tEAh9bRA1CG1QLfttEC/BrVAQOK0QCPrtEBrDLVAaeu0QJPttEAM9bRA2860QJ/OtEBa4rRA
Tui0QMnntEBH3bRA2tu0QOzgtEB9/rRAzPm0QOPdtED01rRAcwC1QLPttEBY+7RAFwO1QJn4
tEA+27RAivS0QKwCtUDiEbVAWgG1QIz3tECS2rRAOf20QNHOtECOybRAG+q0QLsOtUASArVA
CQG1QKP5tECZE7VAR++0QO/4tEAm5LRAMeu0QOz1tEAR7LRAPdG0QKITtUBNDrVAZfm0QO7w
tEDQ4bRAFu20QGP0tEBx3rRAeO20QB/stEDpGLVAxAu1QGnntECc7LRAZe20QBgDtUC+7rRA
F/60QFLitED8+LRAAfi0QCf8tEAk/rRA7eS0QDoPtUDe9rRAIO20QO7rtEBC4rRAaAy1QKcR
tUDd1rRASwu1QCHptEANDLVAj/u0QNAKtUCjDLVAphC1QDottUANDbVAfga1QETvtEDEBLVA
Kiq1QEgItUBW9LRAEPK0QGwQtUCFFbVAcgG1QITttECFKLVAjQu1QMIXtUAcA7VAMAi1QCj7
tEDs67RAKQO1QBPmtEBY/LRAnAi1QHQttUCqKLVATfy0QPUMtUC4ELVAQP+0QNsKtUAxP7VA
PQa1QKsAtUDbErVAJDa1QPgKtUAhEbVAXBu1QEQQtUAmLbVAzQi1QDETtUDMDbVAfS61QCEQ
tUAq/7RAtji1QEcUtUDsNrVArha1QHwCtUDJI7VAMg61QIUgtUDrGrVAeiq1QJQvtUBdG7VA
hC21QAALtUC/ELVA8xu1QIsXtUAmA7VADfe0QMQltUBvG7VAkCO1QH4ZtUA/EbVAERO1QNoP
tUCvC7VAswq1QHArtUAlAbVA+Be1QKwxtUArK7VA3yK1QHP5tED+KLVA9Re1QDcdtUA3MLVA
6SK1QMMStUDIJ7VAsxu1QEIitUBBIrVAREe1QLcjtUArFLVAhBu1QMYctUCuPrVAvQS1QC4O
tUBpCLVAhEW1QAkntUCXE7VAog+1QIoltUDBCbVALDe1QPkLtUBdBbVAcB+1QN8ztUD8JrVA
JQq1QOMWtUC2KrVA20G1QDcqtUD7EbVAEv+0QEE5tUBIKbVAFPO0QPw9tUArHbVALh21QPYi
tUBOF7VARvW0QPU6tUA6GLVA5Be1QGE5tUDHGbVARTC1QPUstUAvIrVAEBm1QC71tEBaOLVA
CvG0QNMgtUDHPbVA1Ta1QIYitUDGFrVA/y61QGL+tEDUL7VAuEC1QMk3tUCJELVAGiu1QFBN
tUBkLbVA5Sm1QOoltUAuJLVAMQS1QCAYtUBT87RAGDe1QFoxtUDWQ7VAzN60QIwutUDPHbVA
FDa1QMY4tUC2P7VAawq1QKcitUAfQrVAPPu0QLcrtUD7GLVAizO1QO0ztUBXGLVAdSi1QJQt
tUDNArVAGj+1QMYStUDeVrVAdRy1QFsptUAHQLVAZi+1QL0ZtUDpOrVAexe1QAg5tUB4K7VA
nC61QOgmtUAgI7VAK1G1QBLwtEBxO7VArR61QN8wtUBjP7VAWQa1QGs8tUCEDLVASTO1QCIS
tUCEG7VA7xK1QHQmtUCAI7VAzza1QLFOtUAbOLVAGyK1QOhYtUDxO7VAJPe0QOhBtUBdDbVA
k0e1QKb1tEDrU7VA7BO1QOM1tUA6KbVAzgu1QMM2tUAHSbVA6xe1QEg6tUBnOLVAKDK1QIk8
tUCkFbVAiz21QKNAtUBzRrVAyTq1QEU+tUAYCbVADSa1QEEMtUCUNrVAfia1QPVVtUAxbLVA
CC+1QDcqtUBUHbVArSi1QEo6tUC7LLVAEgu1QGsetUBeQbVAk1e1QDY7tUB6MLVAePi0QCRD
tUB1MLVA0zu1QNtWtUBFMbVA9Rm1QPQEtUB6TLVAXjW1QH8ntUCzH7VAsTG1QIsotUBLELVA
3Tq1QFkptUA2ZrVAgTu1QGBCtUD0S7VA8Cm1QGEztUB+JbVAsEK1QA8otUDjM7VAujy1QPgQ
tUA/F7VADiq1QHQztUBVMLVArGK1QFpHtUB6NLVA6lq1QBEutUADQrVAQTm1QEIstUC8CrVA
30+1QOo6tUBvM7VABBy1QNsptUBGKrVAyT21QEAttUDhLrVArCW1QDZCtUDeK7VAnSC1QJks
tUDUX7VA6ie1QI5GtUBpVbVAYiS1QPcitUC+NrVAWTK1QOkxtUBAJLVAJDe1QGk+tUB2QLVA
+la1QGVmtUBhKbVA+EK1QKtStUD1TbVAhF21QLUttUCKIbVAG0u1QFhKtUCyW7VAvEu1QGsu
tUBXV7VA6DC1QMxFtUABV7VA9Tm1QFE6tUBBKrVAazi1QMYntUDJKrVAtTu1QG9EtUAXKrVA
Pmi1QBdEtUAiMbVA7FG1QGhDtUC+JLVAXR61QFdutUCkQrVA8kC1QBo9tUCjPLVAtU21QAk6
tUAKN7VAeSq1QDhDtUCOK7VA6W+1QOxqtUCATLVAex+1QPsytUDIWrVAgR61QOortUA0KbVA
3Tm1QPQktUCmbLVAdTO1QKRNtUD+ObVA14S1QP4vtUAFKbVASje1QC9rtUCyULVAHFq1QCop
tUB4N7VAq2+1QG4ktUAVUrVAXzW1QJ9RtUD8TrVAvTm1QBc/tUDuLrVAtmq1QFtltUDGXrVA
yz61QDE/tUBZW7VAOkC1QEUdtUDoSrVA+le1QCRDtUDOcLVAOlO1QGBLtUAmPbVArE61QJ5P
tUB8cbVAgzG1QM4ctUBbQrVA0C21QEREtUAvN7VApTG1QJE4tUDARrVAbEe1QGdFtUDRSbVA
VUe1QPNFtUDqTLVADVG1QI5HtUBpWbVA93m1QBkxtUDbNrVAqFy1QM8vtUD1O7VAO2O1QCVK
tUBYXLVAxzm1QJaEtUBNYrVAOyS1QA04tUD7R7VAP161QPcjtUCOZbVApyy1QMNNtUBKa7VA
MFi1QH5ltUCsdLVAHSm1QBpJtUBocrVAAh21QHxJtUCxRrVAJlS1QGAxtUCza7VA8FO1QARr
tUAINLVAJEW1QNkttUCTQrVAnzq1QBJNtUBeN7VAa1y1QGpBtUB9VbVAYT61QPFAtUDeN7VA
KVq1QO9YtUB5arVAiku1QBk8tUC+c7VAfCy1QGdytUCpHrVASVS1QBk+tUDnObVA5na1QEdm
tUAJSrVAmE21QBJgtUDnS7VA2ma1QDNTtUAAQrVAf3+1QC1HtUDVZbVAr0e1QCArtUCKIrVA
e1+1QNlMtUAqTrVAw0K1QGU8tUCMUrVAlVG1QKNKtUDeSLVAqWm1QMNztUCNTrVA4mW1QPhZ
tUDRVrVA</AssayYData></Step><Step><CommonData><SampleLocation>7</SampleLocation><SampleID>Glycine</SampleID><SampleGroup></SampleGroup><SampleInfo></SampleInfo><SampleRow>B</SampleRow><SamplePlate>1</SamplePlate><WellType>REGENERATION</WellType><Concentration>-1</Concentration><ConcentrationUnits>µg/ml</ConcentrationUnits><MolarConcentration>-1</MolarConcentration><MolarConcUnits>nM</MolarConcUnits><MolecularWeight>0</MolecularWeight><Temperature>30</Temperature><StartTime>8504312</StartTime><AssayTime>5</AssayTime></CommonData><FlowRate>1000</FlowRate><StepType>KREGENERATION</StepType><StepName>Regeneration</StepName><StepStatus>OK</StepStatus><ActualTime>4.9998</ActualTime><CycleTime>0.2</CycleTime><AssayXData Points="25">VmDqRfJh6kWJY+pFJWXqRbxm6kVWaOpF8GnqRYtr6kUjbepFvG7qRVZw6kXwcepFiXPqRSN1
6kW+dupFVnjqRfB56kWLe+pFJX3qRbx+6kVYgOpF8IHqRYmD6kUjhepFvIbqRQ==</AssayXData><AssayYData Points="25">Ef3zP9Hy6T/CX+U/l3viPzkS4D869t4/SjHcP2832j/NRNc/qi7UP+e30j9+vM8/hfDNP53k
zD+DdMk/jabIPwkExz/1dsU/h8PDP2+wwj98y8E/s23APzMfvz9SLr4/Hb29Pw==</AssayYData></Step><Step><CommonData><SampleLocation>8</SampleLocation><SampleID>PBS</SampleID><SampleGroup></SampleGroup><SampleInfo></SampleInfo><SampleRow>B</SampleRow><SamplePlate>1</SamplePlate><WellType>NEUTRALIZATION</WellType><Concentration>-1</Concentration><ConcentrationUnits>µg/ml</ConcentrationUnits><MolarConcentration>-1</MolarConcentration><MolarConcUnits>nM</MolarConcUnits><MolecularWeight>0</MolecularWeight><Temperature>30</Temperature><StartTime>8517416</StartTime><AssayTime>5</AssayTime></CommonData><FlowRate>1000</FlowRate><StepType>KREGENERATION</StepType><StepName>Regeneration</StepName><StepStatus>OK</StepStatus><ActualTime>4.9998</ActualTime><CycleTime>0.2</CycleTime><AssayXData Points="25">VojqRfCJ6kWJi+pFI43qRb6O6kVWkOpF8JHqRYmT6kUjlepFvpbqRVaY6kXwmepFiZvqRSWd
6kW+nupFVqDqRfKh6kWJo+pFJaXqRbym6kVYqOpF8KnqRYmr6kUlrepFvK7qRQ==</AssayXData><AssayYData Points="25">1nCaQKQgm0CykZtAhRWcQNRFnEC8iJxAhMecQGwVnUC1L51ADnCdQC+PnUAKtJ1AHtWdQCrJ
nUAfL55ALxyeQOoinkC8PZ5A9X6eQDl3nkA7qJ5AW5yeQACmnkBAvp5AtreeQA==</AssayYData></Step><Step><CommonData><SampleLocation>7</SampleLocation><SampleID>Glycine</SampleID><SampleGroup></SampleGroup><SampleInfo></SampleInfo><SampleRow>B</SampleRow><SamplePlate>1</SamplePlate><WellType>REGENERATION</WellType><Concentration>-1</Concentration><ConcentrationUnits>µg/ml</ConcentrationUnits><MolarConcentration>-1</MolarConcentration><MolarConcUnits>nM</MolarConcUnits><MolecularWeight>0</MolecularWeight><Temperature>30</Temperature><StartTime>8530692</StartTime><AssayTime>5</AssayTime></CommonData><FlowRate>1000</FlowRate><StepType>KREGENERATION</StepType><StepName>Regeneration</StepName><StepStatus>OK</StepStatus><ActualTime>4.9998</ActualTime><CycleTime>0.2</CycleTime><AssayXData Points="25">VrDqRfCx6kWJs+pFJbXqRb626kVWuOpF8LnqRYm76kUjvepFvL7qRVjA6kXywepFicPqRSPF
6kW+xupFWMjqRfLJ6kWJy+pFJc3qRbzO6kVW0OpF8tHqRYnT6kUl1epFvNbqRQ==</AssayXData><AssayYData Points="25">6pnXP0vXzT+R2Mc/LkvFP3WLwj9xj78/snm+P6d7vT/aXbs/VQm7P6hjuT9Zlrc/8663P6xY
tz8an7U/cp+0P+yItD+lYbM/oT6zP1Tgsj/fiLE/SWyxP1FfsT9cdrA/2UWwPw==</AssayYData></Step><Step><CommonData><SampleLocation>8</SampleLocation><SampleID>PBS</SampleID><SampleGroup></SampleGroup><SampleInfo></SampleInfo><SampleRow>B</SampleRow><SamplePlate>1</SamplePlate><WellType>NEUTRALIZATION</WellType><Concentration>-1</Concentration><ConcentrationUnits>µg/ml</ConcentrationUnits><MolarConcentration>-1</MolarConcentration><MolarConcUnits>nM</MolarConcUnits><MolecularWeight>0</MolecularWeight><Temperature>30</Temperature><StartTime>8543927</StartTime><AssayTime>5</AssayTime></CommonData><FlowRate>1000</FlowRate><StepType>KREGENERATION</StepType><StepName>Regeneration</StepName><StepStatus>OK</StepStatus><ActualTime>4.9998</ActualTime><CycleTime>0.2</CycleTime><AssayXData Points="25">VtjqRfLZ6kWJ2+pFI93qRbze6kVY4OpF8OHqRYvj6kUl5epFvObqRVbo6kXw6epFi+vqRSPt
6kW87upFVvDqRfDx6kWJ8+pFJfXqRbz26kVY+OpF8PnqRYn76kUl/epFvP7qRQ==</AssayXData><AssayYData Points="25">qbKZQDBVmkDrt5pA6zabQBF8m0Anw5tAoPebQAFSnECMjpxARqmcQMDYnECnB51AhA6dQJtJ
nUARip1AFEydQGuGnUBhr51AoYudQDvLnUDw5J1AK/OdQIj1nUCj551AuieeQA==</AssayYData></Step><Step><CommonData><SampleLocation>7</SampleLocation><SampleID>Glycine</SampleID><SampleGroup></SampleGroup><SampleInfo></SampleInfo><SampleRow>B</SampleRow><SamplePlate>1</SamplePlate><WellType>REGENERATION</WellType><Concentration>-1</Concentration><ConcentrationUnits>µg/ml</ConcentrationUnits><MolarConcentration>-1</MolarConcentration><MolarConcUnits>nM</MolarConcUnits><MolecularWeight>0</MolecularWeight><Temperature>30</Temperature><StartTime>8557030</StartTime><AssayTime>5</AssayTime></CommonData><FlowRate>1000</FlowRate><StepType>KREGENERATION</StepType><StepName>Regeneration</StepName><StepStatus>OK</StepStatus><ActualTime>5.00078</ActualTime><CycleTime>0.2</CycleTime><AssayXData Points="25">VgDrRfIB60WLA+tFIwXrRbwG60VWCOtF8gnrRYkL60UlDetFvA7rRVYQ60XyEetFiRPrRSUV
60W+FutFVhjrRfIZ60WLG+tFIx3rRbwe60VWIOtF8CHrRYkj60UjJetFvibrRQ==</AssayXData><AssayYData Points="25">aJTTP2tYyT9SZ8Q/rybBP8zKvT/kqLw/nMS6P+VPuT9Yj7g/bfq3P4gYtj97YbY/vL+0PwGu
tD98MrQ/kluzP2R6sj9uerE/0/iwP0ZasT+EQrA/vaWwPzM1sD9fF68/ITyvPw==</AssayYData></Step><Step><CommonData><SampleLocation>8</SampleLocation><SampleID>PBS</SampleID><SampleGroup></SampleGroup><SampleInfo></SampleInfo><SampleRow>B</SampleRow><SamplePlate>1</SamplePlate><WellType>NEUTRALIZATION</WellType><Concentration>-1</Concentration><ConcentrationUnits>µg/ml</ConcentrationUnits><MolarConcentration>-1</MolarConcentration><MolarConcUnits>nM</MolarConcUnits><MolecularWeight>0</MolecularWeight><Temperature>30</Temperature><StartTime>8570432</StartTime><AssayTime>5</AssayTime></CommonData><FlowRate>1000</FlowRate><StepType>KREGENERATION</StepType><StepName>Regeneration</StepName><StepStatus>OK</StepStatus><ActualTime>4.9998</ActualTime><CycleTime>0.2</CycleTime><AssayXData Points="25">WCjrRfQp60WLK+tFJy3rRcAu60VYMOtF9DHrRY0z60UnNetFvjbrRVg460XyOetFizvrRSc9
60W+PutFWEDrRfhB60WLQ+tFJUXrRb5G60VYSOtF8knrRYtL60UlTetFvk7rRQ==</AssayXData><AssayYData Points="25">/laaQF3PmkDsXZtAkqqbQKAYnEB9YpxAGqScQO6OnEA77JxAIR+dQGEqnUAsi51AuJWdQHWc
nUBh0p1AwvydQNHinUBfI55AijSeQGgnnkA0ZJ5AZmaeQOd3nkBPkJ5AyJWeQA==</AssayYData></Step><Step><CommonData><SampleLocation>3</SampleLocation><SampleID>Octet Buffer</SampleID><SampleGroup></SampleGroup><SampleInfo></SampleInfo><SampleRow>A</SampleRow><SamplePlate>1</SamplePlate><WellType>BUFFER</WellType><Concentration>-1</Concentration><ConcentrationUnits>µg/ml</ConcentrationUnits><MolarConcentration>-1</MolarConcentration><MolarConcUnits>nM</MolarConcUnits><MolecularWeight>0</MolecularWeight><Temperature>30</Temperature><StartTime>8584860</StartTime><AssayTime>20</AssayTime></CommonData><FlowRate>1000</FlowRate><StepType>CUSTOM</StepType><StepName>Sensor Check</StepName><StepStatus>OK</StepStatus><ActualTime>19.9998</ActualTime><CycleTime>0.2</CycleTime><AssayXData Points="100">WFDrRfRR60WNU+tFJ1XrRcBW60VYWOtF8lnrRYtb60UlXetFvl7rRVhg60X0YetFjWPrRSVl
60XAZutFWGjrRfJp60WLa+tFJW3rRb5u60VYcOtF8nHrRYtz60UndetFvnbrRVh460X0eetF
i3vrRSd960W+futFWoDrRfSB60WLg+tFJ4XrRcCG60VaiOtF8onrRYuL60UljetFwI7rRViQ
60XyketFjZPrRSmV60W+lutFWJjrRfSZ60WLm+tFJZ3rRb6e60VaoOtF8qHrRYuj60UlpetF
wKbrRVio60XyqetFi6vrRSet60XArutFWLDrRfKx60WLs+tFJbXrRcC260VYuOtF9LnrRYu7
60UlvetFvr7rRVjA60XywetFjcPrRSfF60W+xutFWMjrRfLJ60WNy+tFJc3rRb7O60VY0OtF
9NHrRY3T60Ul1etFvtbrRVjY60Xy2etFi9vrRSXd60XA3utFWuDrRfTh60WN4+tFJeXrRcDm
60VY6OtF8unrRY3r60Ul7etFvu7rRQ==</AssayXData><AssayYData Points="100">1CKYQI4NlkDql5RAr1KTQIe1kkDiD5JA0sqRQBPlkUBzmZFAMceRQFaOkUADh5FAg7WRQNDH
kUDv2JFAoOKRQPPrkUAiCZJAj/+RQLYNkkBkGJJASz+SQNU7kkBDHZJA/mCSQCRYkkCxbZJA
U3KSQOx6kkB1bZJAhXOSQASRkkDph5JAN7ySQFW1kkDDq5JAy8SSQK2ykkBDoJJA8rySQOz6
kkBw6pJAnOySQJ3ekkA8CJNAefiSQKj1kkAM85JAAQOTQL0Wk0ARDZNAXQiTQONNk0AAMpNA
GjaTQO4dk0AZKZNA1j+TQLs6k0CicZNAiz+TQJhVk0CnQJNAck2TQExSk0BuZpNAUIuTQDWQ
k0Axh5NA0W+TQIRxk0Del5NACnKTQFONk0C7kJNAW6CTQP+yk0A1u5NAQY2TQKm0k0Dus5NA
5r6TQDPGk0Dnp5NAHZmTQN30k0DfyJNAZLWTQMvXk0A85ZNAo+qTQHUalEAG/JNAjr6TQEDx
k0ByB5RADfuTQM/0k0D+AZRA6gGUQA==</AssayYData></Step><Step><CommonData><SampleLocation>3</SampleLocation><SampleID>SI-157X67_P5569</SampleID><SampleGroup></SampleGroup><SampleInfo></SampleInfo><SampleRow>B</SampleRow><SamplePlate>1</SamplePlate><WellType>KLOAD</WellType><Concentration>5</Concentration><ConcentrationUnits>µg/ml</ConcentrationUnits><MolarConcentration>5000</MolarConcentration><MolarConcUnits>nM</MolarConcUnits><MolecularWeight>0</MolecularWeight><Temperature>30</Temperature><StartTime>8613160</StartTime><AssayTime>120</AssayTime></CommonData><FlowRate>1000</FlowRate><StepType>LOADING</StepType><StepName>Loading</StepName><StepStatus>OK</StepStatus><ActualTime>120.001</ActualTime><CycleTime>0.2</CycleTime><AssayXData Points="600">WPDrRfLx60WL8+tFJfXrRb7260VY+OtF8vnrRY3760Ul/etFvv7rRVoA7EXyAexFiwPsRSUF
7EW+BuxFWAjsRfIJ7EWLC+xFJw3sRb4O7EVYEOxF8hHsRYsT7EUnFexFwBbsRVgY7EXyGexF
ixvsRSUd7EW+HuxFWiDsRfIh7EWLI+xFJyXsRcAm7EVYKOxF9CnsRY0r7EUlLexFvi7sRVgw
7EXyMexFizPsRSU17EXANuxFWjjsRfQ57EWLO+xFJz3sRb4+7EVYQOxF9EHsRYtD7EUnRexF
wEbsRVhI7EXySexFi0vsRSVN7EW+TuxFWFDsRfJR7EWLU+xFJVXsRb5W7EVYWOxF8lnsRYtb
7EUlXexFvl7sRVhg7EX0YexFjWPsRSdl7EXAZuxFWGjsRfJp7EWNa+xFJ23sRcBu7EVYcOxF
8nHsRYtz7EUldexFvnbsRVp47EXyeexFi3vsRSd97EW+fuxFWIDsRfKB7EWLg+xFJ4XsRb6G
7EVYiOxF8onsRYuL7EUnjexFwI7sRViQ7EXykexFi5PsRSWV7EXAluxFWJjsRfSZ7EWNm+xF
JZ3sRcCe7EVaoOxF8qHsRYuj7EUlpexFvqbsRVio7EX0qexFjavsRSWt7EW+ruxFWrDsRfKx
7EWLs+xFJbXsRb627EVYuOxF8rnsRY277EUlvexFvr7sRVrA7EX0wexFi8PsRSXF7EXAxuxF
WMjsRfLJ7EWLy+xFJc3sRb7O7EVY0OxF8tHsRYvT7EUn1exFvtbsRVrY7EXy2exFjdvsRSXd
7EW+3uxFWODsRfLh7EWL4+xFJeXsRb7m7EVY6OxF8unsRY3r7EUl7exFwO7sRVjw7EX08exF
jfPsRSf17EXA9uxFWPjsRfT57EWN++xFJf3sRb7+7EVYAO1F8gHtRYsD7UUlBe1FvgbtRVoI
7UXyCe1FiwvtRScN7UW+Du1FWBDtRfIR7UWLE+1FJRXtRcAW7UVaGO1F8hntRY0b7UUlHe1F
wB7tRVgg7UXyIe1FiyPtRSUl7UXAJu1FWijtRfQp7UWLK+1FJy3tRcAu7UVYMO1F8jHtRYsz
7UUlNe1FvjbtRVg47UXyOe1FjTvtRSU97UW+Pu1FWEDtRfJB7UWLQ+1FJUXtRb5G7UVaSO1F
8kntRY1L7UUlTe1Fvk7tRVhQ7UXyUe1Fi1PtRSdV7UW+Vu1FWFjtRfJZ7UWLW+1FJV3tRcBe
7UVaYO1F8mHtRYtj7UUlZe1FvmbtRVho7UX0ae1Fi2vtRSVt7UW+bu1FWHDtRfRx7UWLc+1F
JXXtRb527UVaeO1F8nntRYt77UUlfe1Fvn7tRViA7UXyge1Fi4PtRSeF7UXAhu1FWIjtRfKJ
7UWNi+1FJ43tRcCO7UVakO1F8pHtRYuT7UUnle1FXpftRaKY7UX0me1Fi5vtRSWd7UW+nu1F
XKDtRfKh7UWLo+1FJ6XtRb6m7UVYqO1F8qntRYur7UUlre1Fvq7tRViw7UXyse1FjbPtRSe1
7UW+tu1FWLjtRfK57UWNu+1FJb3tRb6+7UVawO1F8sHtRYvD7UUlxe1FwMbtRVjI7UXyye1F
i8vtRSfN7UW+zu1FWNDtRfLR7UWL0+1FJdXtRb7W7UVY2O1F9NntRYvb7UUl3e1Fvt7tRVrg
7UXy4e1FjePtRSXl7UXA5u1FWOjtRfLp7UWL6+1FJe3tRcDu7UVY8O1F8vHtRYvz7UUl9e1F
wPbtRVr47UXy+e1Fi/vtRSf97UW+/u1FWgDuRfIB7kWLA+5FJwXuRb4G7kVaCO5F8gnuRYsL
7kUlDe5Fvg7uRVgQ7kXyEe5FjRPuRSUV7kW+Fu5FWBjuRfQZ7kWLG+5FJR3uRcAe7kVYIO5F
8iHuRYsj7kUnJe5FvibuRVgo7kXyKe5FiyvuRSUt7kW+Lu5FWjDuRfIx7kWNM+5FJTXuRb42
7kVYOO5F8jnuRY077kUlPe5Fvj7uRVhA7kXyQe5FjUPuRSVF7kXARu5FWkjuRfJJ7kWNS+5F
JU3uRb5O7kVaUO5F9FHuRY1T7kUnVe5FwFbuRVhY7kX0We5Fi1vuRSVd7kW+Xu5FWGDuRfRh
7kWNY+5FJ2XuRb5m7kVaaO5F9GnuRYtr7kUnbe5Fvm7uRVhw7kXyce5FjXPuRSV17kXAdu5F
WHjuRfJ57kWLe+5FJ33uRcB+7kVYgO5F8oHuRYuD7kUlhe5FvobuRVqI7kX0ie5Fi4vuRSWN
7kW+ju5FWJDuRfSR7kWNk+5FJZXuRb6W7kVYmO5F8pnuRY2b7kUlne5FwJ7uRVig7kXyoe5F
i6PuRSel7kW+pu5FWqjuRfKp7kWLq+5FJa3uRb6u7kVYsO5F8rHuRY2z7kUlte5FwLbuRVq4
7kXyue5Fi7vuRSW97kW+vu5FWMDuRfTB7kWNw+5FJ8XuRb7G7kVcyO5F9MnuRYvL7kUnze5F
vs7uRVjQ7kXy0e5FjdPuRSXV7kW+1u5FWNjuRfLZ7kWN2+5FJd3uRcDe7kVY4O5F8uHuRYvj
7kUn5e5FwObuRVro7kX06e5Fi+vuRSXt7kXA7u5FWPDuRfLx7kWN8+5FJfXuRcD27kVY+O5F
8vnuRYv77kUl/e5Fvv7uRVoA70X0Ae9FjQPvRScF70W+Bu9FWAjvRfIJ70WLC+9FJQ3vRb4O
70VYEO9F8hHvRY0T70UlFe9FvhbvRVgY70X0Ge9FixvvRSUd70W+Hu9FXCDvRfQh70WLI+9F
JSXvRcAm70VaKO9F8invRYsr70UlLe9Fvi7vRVgw70XyMe9FizPvRSU170W+Nu9FWjjvRfI5
70WNO+9FJT3vRb4+70VYQO9F8kHvRYtD70UlRe9FwEbvRVhI70X0Se9Fi0vvRSVN70W+Tu9F
WFDvRfJR70WLU+9FJVXvRb5W70VYWO9F9FnvRY1b70UlXe9Fvl7vRVhg70X0Ye9FjWPvRSdl
70W+Zu9FWGjvRfRp70WLa+9FJ23vRb5u70VYcO9F9HHvRYtz70Ulde9FvnbvRct470UQeu9F
i3vvRSV970XAfu9FWIDvRfKB70WLg+9FJYXvRcCG70VaiO9F9InvRYuL70Ulje9Fvo7vRViQ
70X0ke9Fi5PvRSWV70W+lu9FWJjvRfKZ70WLm+9FJZ3vRcCe70VYoO9F8qHvRY2j70Unpe9F
vqbvRVio70Xyqe9Fi6vvRSet70XAru9F</AssayXData><AssayYData Points="600">Qz+UQCb2lED/PZVAFa2VQC4BlkCTI5ZAhkOWQJqNlkDytJZA1+WWQHoZl0D4Y5dA2LGXQLHN
l0B8A5hAvOiXQF50mED7kZhANIOYQOe7mEAt75hAsyGZQBZKmUDLWplA+n6ZQHKTmUCg4ZlA
9P+ZQP8lmkAYMZpAL2eaQBZ4mkDO55pAhg6bQO38mkDxNJtA8mSbQNyCm0DgrJtAL/CbQKjr
m0Ab7JtAvS2cQMt6nEBdbJxABIicQK2+nEAG35xA6iGdQENpnUBtJ51AiU+dQEeenUAFm51A
Z8udQD7+nUDXI55AbSOeQKJWnkCkY55AIpKeQBihnkCjx55A8sieQGQYn0CpEp9AvRifQHVJ
n0CPVp9AKV6fQP+bn0BYo59AitWfQFjun0BNEaBAGQqgQComoEAsY6BAm2mgQMt4oECkfqBA
jbWgQLnEoECS6aBAw/+gQNIIoUCDCaFALhChQPRPoUB4aKFAZnihQLmGoUA2paFAjMahQIbW
oUBFzaFAIvyhQPvzoUBq+aFAjEaiQA9PokCCOaJAw4GiQKWeokDtbKJAypyiQP60okDhr6JA
DruiQP4Ao0Dy+qJAl+2iQAAPo0CFRKNAVUGjQFFco0A8RqNAqV+jQB2Co0Bxc6NA9JajQI3h
o0DFmaNAl8mjQHflo0AS/KNAu+qjQDn2o0DiFaRAqUqkQKEypEBMR6RACmKkQPJCpEBVkKRA
4JukQJmgpEBSiaRA4cukQMuppEAaz6RA/tqkQL7XpEAZ7qRAfPSkQLEXpUBAHKVAsR2lQCUb
pUCSSKVA5nalQBRupUDkS6VAdkelQK6IpUA7fqVALpilQH2YpUCQmqVAhoilQEXTpUClyqVA
1MSlQDLfpUDm4qVATQymQIsBpkCpFqZAHBmmQKlJpkCSI6ZAdSamQPtQpkDLU6ZAIl2mQK+E
pkDZk6ZACZCmQCiJpkCDoqZAKcamQObYpkAG5aZAt+CmQLqfpkCE26ZAZ9CmQB7fpkCL4KZA
L+imQOTSpkCV+6ZAFyunQGwJp0A4JadAFTinQP9Kp0C4NKdA/S6nQLxTp0BcbqdAQ4qnQLGO
p0Dpe6dAw5unQJW3p0BknqdAH7qnQOrmp0BgpqdA+tynQCXLp0Ct4qdAS9ynQHAbqECH7KdA
2gSoQKzqp0A+JahABAGoQHoVqEDDOqhAlRSoQMFIqECvXqhAHVioQFpPqEBVcqhAwHeoQJaC
qEB9ZahAeLOoQG6bqEBwnKhA3pyoQDiQqEDBlqhA8KeoQB3HqEAq0KhAA8yoQA2wqEBG8ahA
9deoQO3UqEAFAalA7hWpQNjuqEDaGalAdxupQDEVqUDn7qhAmiKpQPZdqUA4RKlAMj+pQJc8
qUDdH6lAtlCpQJxrqUCcTKlAHmipQL56qUCBialA7IapQEZ8qUBtW6lA4Z6pQBzHqUApq6lA
8HWpQDaaqUD6qqlAKMapQMisqUCk1alAGMipQH+3qUAX+KlAt+apQFvlqUCT76lAgN6pQLgA
qkDIAKpAThGqQJvtqUBw/qlAiiaqQCAhqkArV6pAUzSqQBk8qkAEVqpALGWqQHg+qkDtIKpA
xzSqQJJPqkCTbKpAQ3yqQIByqkBGcapAGJ2qQD2EqkBdkKpAGIWqQLOYqkD3gqpAzpWqQH/X
qkAbj6pAyIyqQCLhqkABwqpAP9WqQL/LqkC03qpAMdWqQCcNq0B3/6pAlO6qQI3+qkBxyqpA
9+2qQM8eq0CpL6tA9garQJAYq0AnMatAXjqrQBnzqkDpKKtAHFGrQEkQq0AnKatAlRurQGhQ
q0DKOatA7nGrQCJgq0BKX6tAAHGrQHJMq0AFUatAnVGrQBaXq0A4W6tAqXKrQGhUq0D4dqtA
tKGrQNOPq0BQiatApK6rQH2Tq0DpeatAqrmrQAy6q0BjxqtAcLSrQG/Dq0A1tKtA+6KrQFrE
q0CexKtA0sWrQPkPrEBKyatA8LqrQK3wq0BUFKxAlw2sQNDkq0CTEqxAPOarQJwmrECzFaxA
+AusQHQIrEBsLaxA4R2sQMMhrEDGGqxAvwmsQEoTrEDNLqxA3UmsQGEzrEDUWaxAeUKsQGMf
rEBeXKxAzWWsQCaQrECvSKxAuV+sQD5qrECuYKxAtDisQKxXrEDfcqxAQqWsQHZ3rEBOh6xA
93asQLN1rEAXlqxADamsQAOxrEDsi6xA4qesQI/ArEAgs6xARZSsQAiArEBDpqxAxLesQKHK
rEC9vKxArc+sQP2/rECI4KxAX+msQGX7rECC26xAf+6sQFjRrECrLq1A3LOsQOj1rECXu6xA
tuOsQHUGrUCHA61AauesQHz+rECRKa1AmRytQH8lrUCrCK1AyyytQBIWrUDQBa1AwiutQKML
rUDlCa1Aly2tQAE8rUBlYq1A5UatQKsirUDjOq1AxxytQMZSrUDxQ61ADUCtQOI/rUDGUK1A
/GStQKY/rUBwQ61A1WCtQAh0rUDZVa1AtlqtQJRprUBGVK1AEYOtQHetrUBZka1Af2ytQPpy
rUCqi61AM5itQN6MrUDZla1AL3GtQHaMrUAxtK1AupytQM6+rUA0jK1A5q6tQFParUCN0a1A
H6OtQMCfrUBpua1AOsatQGLarUCY161AGaetQP3WrUDxw61AudGtQEDurUArxa1AZ8CtQHjm
rUDD/K1Aig6uQFHarUCF561A3RCuQLHyrUDB3q1AzgauQLYErkArB65A1zSuQHsirkBxAq5A
qdStQH4/rkCbN65ALEKuQBXprUA3I65A+hOuQOcdrkDQL65AwkeuQBAzrkAJLq5A21uuQIta
rkAjOa5A0kKuQJ1qrkAgeq5AxmCuQJJerkDyTa5AkmquQI9WrkCUlK5ALIKuQKxqrkCKZa5A
iICuQIuNrkBsqK5ALaOuQO1+rkAOvK5AidGuQNSprkBYvK5ASLKuQO2frkB7n65Ahd+uQMWj
rkBysK5AWMGuQMvRrkD1qK5AadOuQGbKrkAgwK5Aq9GuQLXDrkCtra5AfcauQMLjrkD3665A
V9euQDzvrkDzxK5AmOmuQDkJr0ApBK9AMguvQJXarkCM1q5AidKuQHgLr0BwDa9AJOGuQMjt
rkC6Fq9A3wavQKczr0DXG69A7vyuQE3grkCVUa9Ahi6vQC8kr0D1MK9AqDCvQBItr0AqP69A
dyqvQGobr0DeI69AkjuvQNkdr0BAKq9A</AssayYData></Step><Step><CommonData><SampleLocation>3</SampleLocation><SampleID>Octet Buffer</SampleID><SampleGroup></SampleGroup><SampleInfo></SampleInfo><SampleRow>A</SampleRow><SamplePlate>1</SamplePlate><WellType>BUFFER</WellType><Concentration>-1</Concentration><ConcentrationUnits>µg/ml</ConcentrationUnits><MolarConcentration>-1</MolarConcentration><MolarConcUnits>nM</MolarConcUnits><MolecularWeight>0</MolecularWeight><Temperature>30</Temperature><StartTime>8741413</StartTime><AssayTime>100</AssayTime></CommonData><FlowRate>1000</FlowRate><StepType>BASELINE</StepType><StepName>Baseline</StepName><StepStatus>OK</StepStatus><ActualTime>99.9998</ActualTime><CycleTime>0.2</CycleTime><AssayXData Points="500">WrDvRfax70WNs+9FKbXvRcC270VauO9F9LnvRY2770Upve9FwL7vRVzA70X0we9FjcPvRSnF
70XAxu9FWsjvRfTJ70WNy+9FKc3vRcDO70Va0O9F9NHvRY3T70Un1e9FwtbvRVrY70X02e9F
jdvvRSnd70XC3u9FXODvRfTh70WP4+9FJ+XvRcDm70Va6O9F9OnvRY/r70WX7e9F3e7vRVrw
70X08e9Fj/PvRSf170XA9u9FXPjvRfT570WN++9FJ/3vRcD+70VcAPBF9AHwRY8D8EUnBfBF
wgbwRVoI8EX0CfBFjQvwRSkN8EXCDvBFWhDwRfQR8EWPE/BFJxXwRcIW8EVaGPBF9BnwRY0b
8EUpHfBFwh7wRVwg8EX2IfBFjSPwRScl8EXCJvBFXCjwRfQp8EWNK/BFJy3wRcIu8EVaMPBF
9DHwRY8z8EUpNfBFwDbwRVw48EX0OfBFjTvwRSk98EXCPvBFXEDwRfRB8EWNQ/BFJ0XwRcBG
8EVcSPBF9knwRY1L8EUnTfBFwE7wRVxQ8EX2UfBFjVPwRSdV8EXAVvBFWljwRfZZ8EWNW/BF
J13wRcBe8EVaYPBF9GHwRY1j8EUpZfBFwGbwRVpo8EX0afBFjWvwRSlt8EXAbvBFWnDwRfRx
8EWNc/BFKXXwRcB28EVcePBF9HnwRY178EUpffBFwn7wRVyA8EX0gfBFjYPwRSmF8EXAhvBF
WojwRfSJ8EWPi/BFoo3wReWO8EVckPBF9JHwRY2T8EUnlfBFwJbwRVqY8EX0mfBFjZvwRSmd
8EXAnvBFWqDwRfSh8EWPo/BFKaXwRcCm8EVcqPBF9qnwRY2r8EUnrfBFwK7wRVqw8EX2sfBF
jbPwRSm18EXAtvBFWrjwRfa58EWPu/BFKb3wRcC+8EVawPBF9sHwRZHD8EUnxfBFwMbwRVrI
8EX0yfBFjcvwRSfN8EXAzvBFXNDwRfTR8EWN0/BFJ9XwRcLW8EVa2PBF9tnwRY3b8EUn3fBF
wN7wRVrg8EX24fBFjePwRSfl8EXA5vBFWujwRfTp8EWP6/BFJ+3wRcDu8EVa8PBF9vHwRY3z
8EUn9fBFwPbwRVr48EX0+fBFjfvwRSn98EXA/vBFXADxRfQB8UWNA/FFKQXxRcAG8UVcCPFF
9AnxRY0L8UUnDfFFwg7xRVoQ8UX2EfFFjxPxRSkV8UXCFvFFXBjxRfYZ8UWNG/FFJx3xRcAe
8UVaIPFF9CHxRZEj8UUnJfFFwibxRVwo8UX2KfFFjSvxRbAt8UX0LvFFXDDxRfQx8UWPM/FF
KTXxRcI28UVcOPFF9jnxRY078UUnPfFFwj7xRVpA8UX0QfFFj0PxRSlF8UXARvFFXEjxRfRJ
8UWPS/FFJ03xRcBO8UVaUPFF9FHxRY1T8UUnVfFFwFbxRVpY8UX2WfFFj1vxRSld8UXAXvFF
XGDxRfRh8UWNY/FFJ2XxRcJm8UVaaPFF9GnxRY1r8UUnbfFFwG7xRVxw8UX0cfFFjXPxRSd1
8UXCdvFFXHjxRfZ58UWNe/FFKX3xRcB+8UVagPFF9IHxRY2D8UUnhfFFwIbxRVqI8UX0ifFF
j4vxRSeN8UXAjvFFXJDxRfSR8UWNk/FFJ5XxRcCW8UVamPFF9JnxRY2b8UUnnfFFwJ7xRVqg
8UX0ofFFj6PxRSel8UXApvFFWqjxRfSp8UWNq/FFKa3xRcCu8UVasPFF9LHxRY+z8UUntfFF
wLbxRVy48UX0ufFFjbvxRSe98UXCvvFFWsDxRfTB8UWPw/FFKcXxRcDG8UVcyPFF9MnxRY3L
8UXCzfFFCM/xRVzQ8UX20fFFjdPxRSfV8UXC1vFFWtjxRfTZ8UWP2/FFJ93xRcDe8UVa4PFF
9OHxRY/j8UUn5fFFwObxRVro8UX06fFFjevxRSft8UXA7vFFXPDxRfbx8UWN8/FFJ/XxRcL2
8UVa+PFF9vnxRY378UUn/fFFwv7xRVoA8kX2AfJFjQPyRScF8kXCBvJFXAjyRfQJ8kWNC/JF
Kw3yRcIO8kVcEPJF9BHyRY0T8kUnFfJFwhbyRVoY8kX0GfJFjxvyRScd8kXAHvJFWiDyRfQh
8kWNI/JFJyXyRcAm8kVaKPJF9CnyRY8r8kUnLfJFwi7yRVow8kX0MfJFjzPyRSc18kXANvJF
WjjyRfQ58kWPO/JFJz3yRcA+8kVaQPJF9EHyRY9D8kUnRfJFwEbyRVpI8kX2SfJFj0vyRSlN
8kXATvJFXFDyRfRR8kWNU/JFJ1XyRcBW8kVaWPJF9lnyRY9b8kUnXfJFwl7yRVpg8kX0YfJF
j2PyRSll8kXAZvJFWmjyRfRp8kWNa/JFpm3yRetu8kVacPJF9HHyRY1z8kUpdfJFwnbyRVx4
8kX2efJFjXvyRSd98kXAfvJFXIDyRfSB8kWNg/JFJ4XyRcCG8kVciPJF9InyRY2L8kUnjfJF
wI7yRVyQ8kX2kfJFj5PyRSmV8kXClvJFWpjyRfSZ8kWPm/JFJ53yRcCe8kVaoPJF9KHyRY2j
8kUnpfJFxKbyRVyo8kX0qfJFj6vyRSet8kXArvJFWrDyRfSx8kWPs/JFJ7XyRcK28kVauPJF
9LnyRY+78kUnvfJFwL7yRVrA8kX2wfJFjcPyRSnF8kXAxvJFXMjyRfTJ8kWNy/JFJ83yRcDO
8kU=</AssayXData><AssayYData Points="500">g9qtQE/zrUA/IK5ANfmtQOv3rUBA+a1Abh2uQGUDrkDcKq5ADgauQND7rUD9EK5AWPetQIrx
rUBYyq1AaPStQE3krUALBa5A+umtQNDwrUCvHq5A0gOuQDQJrkCw561AzO+tQNoCrkC39K1A
5wquQD7vrUDO5a1A5R6uQPUTrkBV+61AvA2uQCIlrkDxD65AARSuQJc4rkCXEK5ATQ2uQPP/
rUAPTK5AICOuQHM8rkAaK65AiTquQAIVrkAmHK5AjzOuQMPzrUBDIK5AnxOuQCofrkDCJK5A
BRKuQNwPrkDJEq5AH0SuQEYLrkBPYq5A9iSuQHU7rkBgaa5AcxKuQEcXrkARN65Akl2uQEg/
rkBiH65ArSWuQDc3rkBvKa5A9DKuQJIbrkC9Na5AMCWuQI5RrkCnLa5A+hyuQKYTrkBYaa5A
mxiuQP5erkBtQ65Ar1GuQMU4rkCrLa5A6x+uQJ9ArkAbR65ACFGuQCkwrkB3Oa5A/D6uQB40
rkAfWa5AljiuQFpIrkDlOK5ArEiuQN9BrkCyT65AyVOuQBEwrkARNa5A+CCuQOgirkBwUq5A
eUSuQEIcrkB+OK5AhF2uQG4jrkA9Oa5AGkOuQCcVrkCXTa5APDiuQMRKrkCXQK5AxTmuQEgp
rkD0I65AgEiuQP0urkAPN65Au2SuQB0YrkByJ65AwzeuQGwmrkAgTq5AJVOuQCQ0rkC3O65A
XEauQH5KrkBYT65AC0uuQLYmrkAjSq5ADzGuQJo6rkAkPq5AvEGuQHQ9rkD6Ua5AdTquQKMx
rkAjK65Asz2uQHE0rkDaS65AvjWuQNwurkCBZ65AckmuQHtqrkA4Wa5A6DyuQNY8rkA8Xa5A
BBSuQB4prkCFWa5AaWWuQIRHrkBwQa5AuEquQItErkBcOa5AUU6uQEVCrkBJT65ACTauQAJA
rkBgMa5AmjeuQDI/rkDDFa5AByGuQJQrrkDxLK5AgUmuQKdErkC0OK5AnyCuQGszrkBMK65A
ZzeuQH4yrkCFPa5AOl+uQB1SrkBbUK5AUEGuQMxarkAjPK5Aj0KuQG1ZrkAaQa5AG1euQERq
rkBYRK5AnlOuQO6OrkAxVK5AKVOuQNxZrkARd65AamOuQPc7rkBaQK5AcT2uQLBbrkD7Xq5A
oEquQO9JrkBTUK5AOGKuQA5OrkBTYq5AxEyuQFF1rkArW65ASHCuQCherkBCSq5AepCuQIxS
rkBwSK5AnWauQPJjrkAuYK5AO2WuQNhlrkDOgK5A5HCuQHpMrkASXq5AKHauQJmBrkBrZa5A
C0quQD9srkBhTK5ATD6uQDF+rkA1aK5A13CuQGxXrkA6Ya5A3HeuQG9VrkA2fq5AKFyuQK1r
rkBia65APW2uQEZjrkApa65AOX+uQDxarkCWSK5Av4CuQJBDrkCheK5ALnquQLeLrkAUgK5A
sWCuQCx4rkCEc65A+6KuQJdTrkCzV65AQGquQKNwrkCEZa5AwG6uQMtorkBSRq5AF6euQG1t
rkDmca5Az3iuQNVgrkDxia5A/WiuQEBlrkDiZK5AXWauQLZ3rkBnda5ARIquQCRnrkB4cK5A
ToauQCl5rkDRXa5A2o2uQEaErkAIaq5AaVSuQNBprkAGea5AYm6uQC+ErkDlha5AtnuuQN9n
rkDdga5AEGquQH5crkA8Y65AXY2uQCVFrkBJaa5AQoquQKuSrkDigq5Ar4OuQGKPrkCYg65A
nlmuQP9YrkA+aa5AHGquQK9TrkARf65AuFeuQDCArkAwn65A7Z+uQD6WrkC3m65Ae3CuQJdz
rkCDeK5AkHCuQO2jrkD+lK5A1pKuQHKcrkBgg65A7bWuQCmyrkAhbK5AznOuQFyCrkADn65A
3ICuQAlrrkDujq5AkHeuQHCTrkDsma5AmpeuQByLrkCzjK5AV22uQIt7rkBrp65AfJOuQFao
rkANm65AgmuuQLmErkACkq5ADHWuQMx7rkDGg65A7nSuQB6ArkCTk65AGYmuQJCJrkC1X65A
kaiuQBOJrkBGsq5AZ5OuQNeWrkDwra5AE22uQAiZrkAYeq5AV5quQCOQrkAijK5ABZauQHuG
rkAFj65AI7GuQLyNrkADha5AanauQECmrkAPh65AV4euQBiQrkDUs65ACpGuQN9zrkCFp65A
a5quQLKnrkCXqa5AuZauQO95rkDEna5AUouuQMporkCayq5Aa62uQCOGrkAcjq5AaJGuQKSO
rkDso65AEI+uQNperkDbkq5AD6KuQOuKrkASk65AnrquQKKRrkAouK5AUpeuQMGbrkAqia5A
FamuQF2LrkACmK5ASo+uQGuFrkCgf65ABoyuQA+zrkDkp65ABpiuQJWorkAZna5A5bCuQImm
rkC3rK5AgZ+uQE+zrkC6o65AdciuQNnBrkB3p65AJISuQDelrkDcsK5AOZauQOF+rkCmm65A
xZ6uQCTerkDknq5AzaOuQOGVrkAKpK5AqZWuQH7GrkD3nK5AMbKuQLO3rkDMta5AVqyuQE2q
rkBFpq5AjLKuQIqLrkBlva5AXrCuQCrOrkC2uK5A78euQFrPrkCSvq5A5L6uQG+arkBZvK5A
nrKuQIynrkBpoa5ACLuuQJCgrkDYqK5AFKGuQGiwrkA3v65A78KuQC/PrkAiqK5Ahr+uQPSu
rkA=</AssayYData></Step><Step><CommonData><SampleLocation>4</SampleLocation><SampleID>hsCD3d/e_Acro_CDD-H52W1</SampleID><SampleGroup></SampleGroup><SampleInfo></SampleInfo><SampleRow>A</SampleRow><SamplePlate>1</SamplePlate><WellType>KSAMPLE</WellType><Concentration>-1</Concentration><ConcentrationUnits>µg/ml</ConcentrationUnits><MolarConcentration>200</MolarConcentration><MolarConcUnits>nM</MolarConcUnits><MolecularWeight>0</MolecularWeight><Temperature>30</Temperature><StartTime>8849838</StartTime><AssayTime>180</AssayTime></CommonData><FlowRate>1000</FlowRate><StepType>ASSOC</StepType><StepName>Association</StepName><StepStatus>OK</StepStatus><ActualTime>180.001</ActualTime><CycleTime>0.2</CycleTime><AssayXData Points="900">WtDyRfbR8kWR0/JFJ9XyRcLW8kVa2PJF9tnyRY/b8kUn3fJFwt7yRVzg8kX24fJFj+PyRSfl
8kXA5vJFXOjyRfTp8kWN6/JFKe3yRcDu8kVa8PJF9PHyRY3z8kUn9fJFwPbyRVz48kX0+fJF
j/vyRSf98kXA/vJFWgDzRfQB80WNA/NFKQXzRcAG80VaCPNF9AnzRY8L80UpDfNFwA7zRVoQ
80X0EfNFjRPzRSkV80XAFvNFWhjzRfYZ80WNG/NFKR3zRcIe80VcIPNF9iHzRY8j80UnJfNF
wCbzRVoo80X2KfNFjyvzRSkt80XALvNFWjDzRfYx80WNM/NFJzXzRcA280VcOPNF9jnzRY07
80UpPfNFwj7zRVpA80X0QfNFj0PzRSdF80XARvNFWkjzRfZJ80WPS/NFJ03zRcJO80VcUPNF
9FHzRY1T80UnVfNFwFbzRVxY80X0WfNFjVvzRSld80XCXvNFXGDzRfRh80WPY/NFJ2XzRcBm
80VaaPNFWGrzRZ5r80UnbfNFwm7zRVpw80X0cfNFj3PzRSd180XCdvNFWnjzRfZ580WNe/NF
KX3zRcB+80VagPNF9oHzRY2D80UnhfNFwIbzRVqI80X0ifNFkYvzRSmN80XAjvNFWpDzRfaR
80WNk/NFKZXzRcKW80VamPNF9JnzRY2b80UnnfNFwp7zRVqg80X0ofNFjaPzRSel80XApvNF
XKjzRfap80WNq/NFJ63zRcKu80VasPNF9rHzRY2z80UntfNFwLbzRVq480X0ufNFj7vzRSe9
80XAvvNFWsDzRfTB80WNw/NFKcXzRcLG80VayPNF9MnzRY3L80UpzfNFwM7zRVrQ80X00fNF
j9PzRSnV80XA1vNFXNjzRfbZ80WN2/NFKd3zRcDe80Va4PNF9uHzRY3j80Up5fNFwObzRVzo
80X06fNFjevzRSnt80XA7vNFWvDzRfTx80WN8/NFJ/XzRcD280Ve+PNF9PnzRY/780Up/fNF
wv7zRVoA9EX0AfRFjQP0RScF9EXABvRFXAj0RUMK9EWPC/RFJw30RcAO9EVcEPRF9BH0RY8T
9EUnFfRFwBb0RVwY9EX0GfRFjRv0RSkd9EXCHvRFXCD0RfQh9EWNI/RFJyX0RcIm9EVaKPRF
9in0RY8r9EUpLfRFwi70RVow9EX0MfRFjTP0RSc19EXCNvRFWjj0RfY59EWNO/RFKT30RcI+
9EVaQPRF9EH0RY9D9EUpRfRFwEb0RVxI9EX0SfRFjUv0RSdN9EXCTvRFXFD0RfRR9EWNU/RF
J1X0RcBW9EVaWPRF9Fn0RY1b9EUnXfRFwF70RVpg9EX2YfRFjWP0RSll9EXAZvRFWmj0RfRp
9EWPa/RFJ230RcBu9EVacPRF9nH0RY1z9EUndfRFwnb0RVp49EX0efRFjXv0RSd99EXCfvRF
XID0RfaB9EWNg/RFKYX0RcKG9EVciPRF9on0RY2L9EUnjfRFwo70RVqQ9EX2kfRFjZP0RSmV
9EXClvRFWpj0RfSZ9EWPm/RFKZ30RcKe9EVaoPRF9KH0RY+j9EUnpfRFwKb0RVqo9EUtqvRF
jav0RSmt9EXCrvRFWrD0Rfax9EWNs/RFJ7X0RcC29EVauPRF9Ln0RY279EUnvfRFwL70RVrA
9EX2wfRFjcP0RSnF9EXAxvRFWsj0RfTJ9EWNy/RFJ830RcDO9EVc0PRF9NH0RY/T9EUn1fRF
wNb0RVzY9EX02fRFj9v0RSnd9EXA3vRFXOD0RfTh9EWN4/RFKeX0RcDm9EVa6PRF9un0RY3r
9EUp7fRFwO70RVzw9EX28fRFjfP0RSn19EXC9vRFXPj0RfT59EWN+/RFJ/30RcL+9EVcAPVF
9AH1RZED9UUnBfVFwAb1RVwI9UX0CfVFjQv1RScN9UXCDvVFXBD1RfYR9UWNE/VFJxX1RcAW
9UVaGPVF9Bn1RY0b9UUpHfVFwB71RVog9UX2IfVFjyP1RScl9UXAJvVFWij1RfYp9UWPK/VF
KS31RcAu9UVaMPVF9jH1RY0z9UUnNfVFwDb1RVw49UX0OfVFjTv1RSc99UXAPvVFXED1RfRB
9UWNQ/VFJ0X1RcBG9UVaSPVFWkr1RaBL9UUpTfVFwk71RVxQ9UX0UfVFjVP1RSdV9UXCVvVF
XFj1RfRZ9UWNW/VFJ131RcBe9UVaYPVF9mH1RY1j9UUnZfVFwmb1RVpo9UX0afVFjWv1RSlt
9UXCbvVFXHD1RfZx9UWNc/VFJ3X1RcB29UVaePVF9Hn1RY979UUnffVFwn71RVqA9UX0gfVF
j4P1RSmF9UXAhvVFXIj1RfSJ9UWNi/VFKY31RcCO9UVakPVF9JH1RY2T9UUplfVFwJb1RVqY
9UX2mfVFj5v1RSed9UXAnvVFXKD1RfSh9UWPo/VFKaX1RcCm9UVcqPVF9qn1RY+r9UUprfVF
wK71RVyw9UX2sfVFjbP1RSe19UXCtvVFWrj1RfS59UWNu/VFKb31RcC+9UVcwPVF9MH1RY/D
9UUpxfVFwMb1RVzI9UX2yfVFj8v1RSfN9UXCzvVFWtD1RfTR9UWN0/VFJ9X1RcDW9UVa2PVF
9Nn1RY3b9UUn3fVFwN71RVzg9UX24fVFjeP1RSfl9UXA5vVFXOj1RWbq9UWq6/VFKe31RcLu
9UVa8PVF9PH1RY/z9UUp9fVFwvb1RVr49UX2+fVFj/v1RSf99UXA/vVFXAD2RfQB9kWPA/ZF
JwX2RcAG9kVcCPZF9gn2RY0L9kUnDfZFwg72RVwQ9kX4EfZFjRP2RScV9kXCFvZFWhj2RfQZ
9kWPG/ZFJx32RcIe9kVcIPZF9CH2RY0j9kUpJfZFwib2RVwo9kX0KfZFjyv2RSct9kXALvZF
WjD2RfQx9kWNM/ZFJzX2RcI29kVaOPZF9Dn2RY879kUpPfZFwj72RVpA9kX0QfZFjUP2RSdF
9kXARvZFWkj2RfZJ9kWNS/ZFKU32RcBO9kVaUPZF9FH2RY1T9kUpVfZFwFb2RVxY9kX0WfZF
jVv2RSld9kXAXvZFWmD2RfRh9kWPY/ZFKWX2RcBm9kVeaPZF9mn2RY1r9kUpbfZFwm72RVxw
9kX2cfZFjXP2RSd19kXAdvZFWnj2RfR59kWNe/ZFJ332RcJ+9kVagPZF9oH2RY+D9kUnhfZF
wIb2RVyI9kWVivZF3Yv2RSeN9kXAjvZFWpD2RfaR9kWNk/ZFJ5X2RcCW9kVcmPZF9Jn2RY2b
9kUnnfZFwJ72RVyg9kX0ofZFj6P2RSel9kXEpvZFWqj2RfSp9kWPq/ZFJ632RcCu9kVcsPZF
9LH2RY+z9kUntfZFwLb2RVq49kX0ufZFj7v2RSe99kXAvvZFXMD2RfjB9kWNw/ZFJ8X2RcLG
9kVayPZF9sn2RY/L9kUnzfZFws72RVrQ9kX00fZFjdP2RSfV9kXA1vZFWtj2RfTZ9kWN2/ZF
Kd32RcDe9kVc4PZF9OH2RY/j9kUn5fZFwub2RVzo9kX06fZFjev2RSnt9kXA7vZFWvD2RfTx
9kWN8/ZFJ/X2RcL29kVa+PZF9Pn2RY/79kUn/fZFwP72RVoA90X2AfdFjQP3RSkF90XABvdF
Wgj3RfQJ90WNC/dFJw33RcIO90VaEPdF9BH3RY8T90UnFfdFwBb3RVoY90X2GfdFjRv3RScd
90XAHvdFWiD3RfQh90WPI/dFJyX3RcAm90VaKPdFoCr3ReUr90UpLfdFwi73RVow90X2MfdF
jTP3RSc190XCNvdFWjj3RfY590WNO/dFJz33RcI+90VcQPdF9EH3RY1D90UpRfdFwEb3RVpI
90X0SfdFjUv3RSdN90XCTvdFWlD3RfRR90WNU/dFJ1X3RcJW90VaWPdF9Fn3RY1b90UnXfdF
wl73RVpg90X0YfdFjWP3RSdl90XAZvdFXGj3RfZp90WPa/dFJ233RcBu90VccPdF9HH3RY1z
90UndfdFwHb3RVp490X2efdFj3v3RSl990XAfvdFXID3RfSB90WNg/dFKYX3RcCG90VaiPdF
9on3RY2L90UnjfdFwI73RVqQ90X2kfdFjZP3RSeV90XAlvdFXJj3RfSZ90WPm/dFJ533RcKe
90VcoPdF9qH3RY2j90UnpfdFwqb3RVyo90X0qfdFj6v3RSet90XArvdFWrD3RfSx90WNs/dF
J7X3RcC290VeuPdF9rn3RY2790UpvfdFwL73RVrA90X2wfdFjcP3RSfF90XAxvdFWsj3RfTJ
90WPy/dFJ833RcDO90Va0PdF9NH3RY3T90Up1fdFwtb3RVrY90X22fdFj9v3RSnd90XA3vdF
XOD3Rfbh90WP4/dFJ+X3RcLm90Vc6PdF9On3RY3r90Un7fdFwO73RVrw90X28fdFjfP3RSf1
90XC9vdFWvj3Rfb590WN+/dFJ/33RcL+90VcAPhF9AH4RY0D+EUnBfhFwgb4RVwI+EX0CfhF
jQv4RScN+EXCDvhFWhD4RfQR+EWNE/hFJxX4RcAW+EVaGPhF9Bn4RY0b+EUnHfhFwB74RVog
+EX2IfhFjyP4RScl+EXAJvhFXCj4RfQp+EWPK/hFJy34RcAu+EVaMPhF9DH4RY0z+EUnNfhF
wDb4RVw4+EX0OfhFjzv4RSc9+EXCPvhFXED4RfRB+EWNQ/hFJ0X4RcBG+EVcSPhF+En4RY1L
+EUnTfhFwk74RVpQ+EX2UfhFjVP4RSdV+EXAVvhFWlj4RfRZ+EWNW/hFJ134RcJe+EVaYPhF
9GH4RY9j+EUnZfhFwGb4RVpo+EV9avhFwGv4RSdt+EXCbvhF</AssayXData><AssayYData Points="900">936uQETJrkCtHK9AFyuvQNsXr0DpI69Ai0ivQHxYr0DSc69Ahz+vQKFyr0ArVa9AjnOvQKaS
r0DARq9At2evQIWar0D9Y69AbpWvQJdzr0CZl69AM6WvQNOTr0Dvqq9A7oWvQJSir0AKjK9A
VXavQGWir0BQeq9Arp+vQLqjr0AXgq9AC6CvQGiUr0D0qK9AcHmvQHJ8r0Dmoa9AWK6vQLi+
r0CCha9AV5yvQCWNr0D7r69AQqGvQACXr0Abjq9Ap7GvQJybr0CQoK9AyICvQCOBr0BHrq9A
yuGvQBrIr0CKqq9AHNivQOmUr0BAia9A1syvQD3Ar0DetK9AFayvQDeTr0AuqK9A3devQJzH
r0Dd0K9Aj5uvQLHEr0D9zK9Aya+vQJrTr0CgzK9ARMevQLO4r0Amoa9AFpKvQJ2pr0CRyK9A
v5avQNfWr0AeyK9A3ZuvQKvbr0Ckzq9ACcuvQOzCr0Cuu69AquCvQNOwr0Dczq9AIw2wQFap
r0D/7K9AWNqvQP3fr0Db1q9AlP2vQPbKr0Dx4K9AIBGwQBrLr0CVrK9AJsSvQDD9r0Al9q9A
zBmwQPvbr0DN369AgOevQFnqr0AA8K9A9uivQN7Ir0DA/q9AicmvQEUdsEAT3a9AztKvQKz/
r0Czza9AVOOvQELWr0B68a9Ak9uvQOLur0DH9K9A2MWvQI3lr0B44K9Ai+6vQLkNsEC78K9A
3eWvQH/Nr0BUFbBAD9CvQAf5r0CUAbBA0eOvQG75r0CQErBAo/avQFvkr0C++69AgBiwQBn1
r0A+CrBA6OmvQDQFsEBQELBASuKvQObtr0AF969AZx+wQIgFsEDuCrBAdCOwQOLdr0As9K9A
viawQHn9r0D9569ANyWwQAorsECd9K9A5RmwQA4HsED16q9AnwiwQEUzsEBh8q9A9fOvQEAX
sEB5DLBAbf2vQHxDsEADELBANNmvQEwMsECZJLBAriqwQL80sECVJ7BAQ/uvQKLrr0AGGLBA
IwmwQEcFsEAbCLBAoAywQGIksECWBrBA7QOwQFkJsECFG7BAj/+vQO8LsEDOGbBAsSGwQG8j
sEAFC7BArTCwQPUnsEB5LbBADCuwQPcgsEAaO7BAvFWwQPcIsEAtHLBA/iywQOtDsEDrHLBA
yW2wQFY9sEBzLbBA+USwQMkusEDqM7BALySwQCAfsEBaN7BARCawQDN5sEBtJLBAyl6wQDZJ
sEB/GbBA1xOwQLlKsEC6M7BADC+wQONBsEBVPLBAPhWwQGhRsEAlQLBACESwQFdgsEBdPLBA
20KwQA8usEA2VrBAC1KwQN4dsEAMYLBAUlmwQN05sEB6XbBARlOwQDlfsEDsSrBAc1qwQFxR
sECIYLBAdlywQE1PsEDNXLBARl2wQJ5KsEBbdrBAFWCwQPdbsEDsbLBAEF2wQPFEsEAEJrBA
o2ewQMRDsECpWrBAD2WwQEVpsECUR7BAC1WwQAVxsEAmcbBAUH+wQA54sEDZdLBAVl2wQANs
sECyWbBAvGCwQOmBsEAzgLBA2m6wQP5UsEBenbBA3kqwQHlmsEByZrBAVEmwQMJ0sEDyebBA
8VmwQFiBsECScLBAE4iwQLx3sEAhhrBA+XiwQCJjsEBLhbBAM3OwQIGAsEC8kbBAgZWwQDtV
sEAURrBAW4KwQJZpsECJc7BAPWmwQM9tsECKbLBAYpWwQDyIsEBrZLBAOImwQPVnsEBRkbBA
x1qwQAaRsEDbjrBAYIuwQIqMsECyh7BAa4awQPuBsECVo7BAzIKwQHijsEAKjLBA6ZewQOST
sEDCjrBAEXOwQFqDsEAhlrBAiYawQD91sEBtnrBALI6wQA93sEArm7BAyLiwQBqNsEChr7BA
Vo2wQGWUsEBrsrBAc3ywQLWhsEB6qbBAjYuwQHaUsEBTk7BAvY6wQDGXsEA7mbBAgKSwQLiM
sEAswLBAg66wQLSPsEDsprBAuLGwQDqrsEAUorBAFsywQNitsECgorBATMWwQFi6sEBNpLBA
PKmwQGaHsEB/grBAoaiwQPWVsECwtbBAKo6wQH+csECAgrBAboywQJt5sEApoLBAtmawQJrH
sEAWl7BABpqwQO+YsEBKqLBAHaywQBagsEABsbBAeKuwQOSGsEAqgLBAi7GwQByusED1srBA
i8OwQOx6sEA6s7BA3JawQKqKsEDAuLBAlcywQAzYsEAMy7BAAaiwQN+/sEC1hrBATpawQI6X
sECPsrBAfaqwQKmWsEBBrLBAjLKwQM+ZsEA5j7BAT8ywQInCsECblrBAe7WwQGuusEB7m7BA
67uwQKvXsEAqq7BAWbewQMq/sECztrBA35ewQEWqsECE4rBAN5uwQJvJsECq2LBAR7SwQMnB
sEAQ2rBAPeywQEjRsEDi5bBA6eKwQCnDsEBh5rBA9AWxQHvtsEBjz7BAmtKwQA/7sEDf2bBA
h+6wQCHbsED+37BAlxKxQPztsED73bBAqeWwQCTgsEDx2rBAwtqwQI30sEBH7rBA1gKxQGbh
sEDcy7BA6AOxQHQHsUBv8bBAv+ewQJ7PsEDA6LBA3tewQEbssEAL3LBAx8qwQDIAsUCtA7FA
ogexQPH8sECz5bBA5QSxQN7xsEBZDbFAyASxQEf6sECAMbFAO8KwQAEQsUBp9rBA4A2xQJv8
sECCA7FAy+qwQGcNsUB/ErFAqeuwQFjusEBAAbFAmQaxQPX/sECY2rBANuCwQJf3sEA3yrBA
keqwQKrnsEBN+7BAgPCwQOb3sEBi9rBADAaxQBvmsEAfN7FAhwOxQLkKsUAo67BAYi+xQJ4q
sUCDCLFA0wyxQHkRsUC4CLFA9yixQM/4sEBZ57BAlRWxQC4CsUAmDLFA7QaxQOAxsUATFrFA
gBGxQPcDsUB5DrFAmfmwQAbtsECo8rBAzSGxQL8ksUAWH7FA5w2xQGEUsUAILLFA3BGxQB8j
sUAFNLFAYRuxQHkesUDDS7FAHiyxQCQUsUBhFrFAxDCxQLcwsUBnK7FAFwaxQEIcsUAiJLFA
XyWxQLk6sUB6OLFASBWxQN0wsUCTG7FAbjSxQKFMsUApObFAVCexQPAmsUAr+bBAbi+xQDEQ
sUBlH7FAgEexQMUcsUBHELFAKA6xQEY3sUDOE7FARAixQK9BsUCUPbFAnB6xQNNKsUB4TrFA
iTWxQFQ7sUC1M7FAwkixQIxFsUDbZrFAbzWxQO4KsUBNMLFA3TOxQOA4sUAnU7FALFuxQAwv
sUBkSrFAEkyxQGs7sUArOrFA31CxQPVLsUDLWrFAXzyxQII+sUDxSbFAFHWxQIpQsUBZWLFA
6XyxQANKsUDiNrFA+UixQN9zsUBVTLFAnkixQIBRsUBLS7FAQVSxQNJUsUD+U7FAYHmxQGds
sUCsRLFAG3KxQNGAsUC9YrFAiEexQGVysUApXrFAa0KxQK1lsUB0bLFADnSxQBErsUBOarFA
rUixQOg3sUDnVLFALVexQMeCsUAiTbFA3F6xQDZCsUCYdrFAYlqxQP5WsUA/SrFA6ISxQLVH
sUAsfrFADUixQOR3sUD1b7FAZWKxQGdtsUCcb7FAP36xQDRnsUCHgLFA3GWxQMdxsUAzRrFA
3X6xQFt/sUBOc7FAyYCxQENfsUAlSbFAgJOxQLlksUByebFAukqxQClxsUD6YrFAw2WxQHyF
sUAIYLFAOF2xQE9/sUD0b7FAYk+xQE5usUC+grFAkmyxQAdjsUBkW7FAaXqxQC6dsUCkebFA
p4uxQKSHsUAHmLFA8omxQHBUsUDRcLFA/3GxQEh4sUDilrFAH5KxQA52sUC6nLFAGGWxQJl2
sUAIYLFAA4GxQEyUsUBwk7FA8HGxQIlMsUB+cbFAq4KxQH2TsUCOXrFA1JixQHF1sUAAfLFA
gHixQIyIsUA3drFAL6ixQB2VsUCrULFA+oexQM+asUCbkrFAmYOxQH+psUDLebFAoaCxQC3N
sUCzkbFADpGxQDOksUAUp7FALJOxQO+tsUAim7FASqaxQCKqsUCchLFAbpKxQBd4sUCrkLFA
0oixQFN/sUADlbFANJmxQOt8sUBftLFAR6SxQLWEsUAXubFA06uxQE2dsUCXpLFA6YexQPib
sUB7rLFAtaGxQHGVsUCCi7FAU6GxQBmxsUDZyLFAzqSxQCarsUC9tLFAMqaxQPnEsUBph7FA
UKuxQEeisUD6oLFA272xQCOssUAVmLFAW5ixQIWcsUDvxrFAxLGxQD3DsUC8qrFATMCxQKu0
sUDzhbFAoKSxQIm3sUAlsrFAUcCxQKWusUD2nbFAX6uxQKuvsUATv7FAZ8OxQDCmsUBRuLFA
8a6xQJiCsUDz2bFAq7+xQL6YsUC3vrFA5eSxQGSXsUBes7FAgfmxQGWusUB8s7FASOaxQGyV
sUA/mbFAbcKxQEXMsUAyuLFAk8GxQGTEsUB4u7FAZduxQHOtsUDjt7FAxt+xQL3WsUCRy7FA
hL2xQBjXsUAlrLFApNixQP/csUCF2LFAf8CxQICxsUBwwLFALLSxQCfVsUCBk7FA+aOxQJOO
sUB7vLFAZJ+xQPDBsUANy7FAUsyxQHStsUBZq7FA5I2xQGDDsUAPqLFAG6+xQGTFsUBJybFA
gc6xQHPBsUCK17FAkqaxQD/csUBFvbFAxKixQDuvsUCu27FAI+ixQKjUsUCc6LFAG7OxQLG8
sUDhpLFAh72xQBK8sUAZyLFADcyxQLGasUAT4LFA8LCxQNLusUC/rrFA/MSxQA60sUB0zrFA
vcOxQJ7lsUAf07FAScexQLO2sUCA6bFACs2xQNLssUAm1LFA</AssayYData></Step><Step><CommonData><SampleLocation>3</SampleLocation><SampleID>Octet Buffer</SampleID><SampleGroup></SampleGroup><SampleInfo></SampleInfo><SampleRow>A</SampleRow><SamplePlate>1</SamplePlate><WellType>BUFFER</WellType><Concentration>-1</Concentration><ConcentrationUnits>µg/ml</ConcentrationUnits><MolarConcentration>-1</MolarConcentration><MolarConcUnits>nM</MolarConcUnits><MolecularWeight>0</MolecularWeight><Temperature>30</Temperature><StartTime>9038058</StartTime><AssayTime>300</AssayTime></CommonData><FlowRate>1000</FlowRate><StepType>DISASSOC</StepType><StepName>Dissociation</StepName><StepStatus>OK</StepStatus><ActualTime>300.001</ActualTime><CycleTime>0.2</CycleTime><AssayXData Points="1500">XHD4Rfhx+EWPc/hFK3X4RcJ2+EVeePhF9nn4RY97+EUrffhFwn74RVyA+EX2gfhFkYP4RSuF
+EXChvhFXIj4RfiJ+EWPi/hFKY34RcSO+EVckPhF9pH4RZGT+EUplfhFxJb4RVyY+EX4mfhF
kZv4RSmd+EXEnvhFXKD4Rfih+EWRo/hFKaX4RcKm+EVeqPhF+Kn4RY+r+EUrrfhFwq74RVyw
+EX2sfhFj7P4RSm1+EXCtvhFXLj4Rfa5+EWRu/hFKb34RcK++EVewPhF9sH4RY/D+EUpxfhF
xMb4ReHI+EUlyvhFj8v4RSnN+EXCzvhFYND4RfbR+EWP0/hFK9X4RcLW+EVc2PhF9tn4RY/b
+EUp3fhFwt74RVzg+EX24fhFkeP4RSnl+EXE5vhFXOj4Rfbp+EWP6/hFK+34RcLu+EVc8PhF
+PH4RZHz+EUp9fhFxPb4RV74+EX4+fhFj/v4RSn9+EXE/vhFXgD5RfYB+UWPA/lFKwX5RcQG
+UVcCPlF+An5RY8L+UUpDflFxA75RVwQ+UX4EflFjxP5RSsV+UXCFvlFXBj5RfYZ+UWRG/lF
KR35RcIe+UVcIPlF9iH5RY8j+UUpJflFwib5RVwo+UX2KflFjyv5RSkt+UXELvlFXDD5Rfgx
+UWPM/lFKTX5RcQ2+UVeOPlF+Dn5RZE7+UUpPflFxD75RV5A+UX2QflFkUP5RSlF+UXCRvlF
XEj5RfZJ+UWRS/lFKU35RcJO+UVcUPlF9lH5RZFT+UUpVflFwlb5RV5Y+UX2WflFkVv5RSld
+UXCXvlFXmD5RfZh+UWRY/lFKWX5RcJm+UXNaPlFEGr5RY9r+UUrbflFwm75RVxw+UX2cflF
j3P5RSt1+UXCdvlFXHj5RfZ5+UWPe/lFKX35RcJ++UVcgPlF9oH5RY+D+UUphflFwob5RV6I
+UX4iflFkYv5RSmN+UXCjvlFXJD5RfiR+UWPk/lFKZX5RcSW+UVcmPlF+Jn5RY+b+UUpnflF
wp75RVyg+UX2oflFj6P5RSml+UXEpvlFXKj5Rfap+UWPq/lFK635RcKu+UVcsPlF+LH5RZGz
+UUptflFxLb5RV64+UX4uflFkbv5RSm9+UXCvvlFXsD5RfjB+UWPw/lFK8X5RcLG+UVcyPlF
9sn5RY/L+UUpzflFxM75RV7Q+UX40flFj9P5RSvV+UXC1vlFXNj5RfbZ+UWP2/lFKd35RcLe
+UVc4PlF+OH5RY/j+UUp5flFxOb5RVzo+UX46flFkev5RSvt+UXC7vlFXPD5Rfjx+UWP8/lF
KfX5RcL2+UVc+PlF9vn5RY/7+UUr/flFxP75RV4A+kX4AfpFjwP6RSkF+kXEBvpF+gj6RT0K
+kWPC/pFKQ36RcIO+kVeEPpF9hH6RZET+kUrFfpFEhf6RV4Y+kX4GfpFjxv6RSsd+kXEHvpF
XCD6RfYh+kWPI/pFKSX6RcIm+kVeKPpF9in6RY8r+kUrLfpFwi76RVww+kX2MfpFjzP6RSs1
+kXCNvpFXjj6Rfg5+kWPO/pFKT36RcQ++kVcQPpF9kH6RZFD+kUrRfpFxEb6RVxI+kX4SfpF
j0v6RSlN+kXETvpFXFD6RfhR+kWPU/pFK1X6RcRW+kVcWPpF9ln6RY9b+kUrXfpFwl76RVxg
+kX4YfpFj2P6RSll+kXCZvpFXGj6RfZp+kWRa/pFKW36RcJu+kVccPpF9nH6RY9z+kUrdfpF
wnb6RV54+kX6efpFj3v6RSl9+kXEfvpFXID6RfiB+kWPg/pFKYX6RcKG+kVciPpF+In6RZGL
+kUpjfpFwo76RV6Q+kX2kfpFj5P6RSuV+kXClvpFXJj6RfiZ+kWPm/pFKZ36RcKe+kVeoPpF
9qH6RY+j+kUrpfpFwqb6ReOo+kUpqvpFkav6RSut+kXCrvpFXLD6Rfax+kWRs/pFK7X6RcK2
+kVeuPpF9rn6RZG7+kUrvfpFxL76RVzA+kX2wfpFj8P6RSnF+kXCxvpFXsj6RfbJ+kWPy/pF
Kc36RcLO+kVe0PpF9tH6RY/T+kUp1fpFwtb6RVzY+kX42fpFj9v6RSnd+kXC3vpFXuD6Rfjh
+kWR4/pFKeX6RcLm+kVe6PpF9un6RY/r+kUp7fpFwu76RVzw+kX48fpFj/P6RSv1+kXC9vpF
XPj6Rfj5+kWR+/pFKf36RcL++kVcAPtF9gH7RY8D+0UrBftFwgb7RVwI+0X2CftFjwv7RSkN
+0XCDvtFXBD7RfYR+0WPE/tFKRX7RcIW+0VcGPtF+Bn7RZEb+0UpHftFwh77RVwg+0X2IftF
kSP7RSkl+0XCJvtFXCj7Rfgp+0WRK/tFKS37RcQu+0VeMPtF9jH7RY8z+0UpNftFxDb7RVw4
+0X2OftFjzv7RSk9+0XCPvtFXED7RfZB+0WRQ/tFKUX7RcJG+0XRSPtFFEr7RZFL+0UrTftF
wk77RVxQ+0X2UftFj1P7RSlV+0XCVvtFXFj7RfhZ+0WRW/tFK137RcJe+0VeYPtF9mH7RZFj
+0UpZftFwmb7RV5o+0X4aftFkWv7RS1t+0XEbvtFXnD7Rfhx+0WPc/tFKXX7RcR2+0VeePtF
9nn7RZF7+0UrfftFwn77RV6A+0X2gftFkYP7RSmF+0XChvtFXoj7RfaJ+0WRi/tFKY37RcSO
+0VckPtF+JH7RY+T+0UplftFwpb7RVyY+0X2mftFkZv7RSmd+0XCnvtFXKD7Rfih+0WRo/tF
K6X7RcKm+0VeqPtF9qn7RY+r+0UprftFwq77RVyw+0X2sftFkbP7RSm1+0XEtvtFXLj7Rfa5
+0WRu/tFK737RcK++0VewPtF9sH7RZHD+0UpxftFwsb7RV7I+0X2yftFj8v7RSnN+0XCzvtF
XND7RfjR+0WP0/tFKdX7RcTW+0Vc2PtF+Nn7RY/b+0Ur3ftFwt77RV7g+0X24ftFj+P7RSnl
+0XC5vtFuuj7RQDq+0WP6/tFLe37RcTu+0Vc8PtF9vH7RY/z+0Up9ftFxPb7RX34+0X4+ftF
j/v7RSn9+0XC/vtFXAD8RfYB/EWPA/xFKQX8RcIG/EVcCPxF9gn8RY8L/EUpDfxFxA78RVwQ
/EX2EfxFjxP8RSkV/EXCFvxFXBj8RfgZ/EWRG/xFKx38RcIe/EVcIPxF+CH8RY8j/EUpJfxF
wib8RVwo/EX4KfxFjyv8RSst/EXELvxFXjD8RfYx/EWPM/xFKzX8RcQ2/EVcOPxF9jn8RY87
/EUpPfxFwj78RVxA/EX2QfxFj0P8RSlF/EXCRvxFXEj8RfhJ/EWPS/xFK038RcJO/EVeUPxF
9lH8RY9T/EUtVfxFwlb8RV5Y/EX2WfxFkVv8RSld/EXEXvxFXmD8Rfhh/EWPY/xFK2X8RcJm
/EVcaPxF+Gn8RZFr/EUpbfxFwm78RVxw/EX4cfxFj3P8RSl1/EXCdvxFXHj8Rfh5/EWRe/xF
KX38RcR+/EVcgPxF9oH8RY+D/EUrhfxFwob8RaiI/EX2ifxFj4v8RSmN/EXCjvxFXJD8RfiR
/EWRk/xFK5X8RcKW/EVcmPxF9pn8RY+b/EUpnfxFwp78RV6g/EX2ofxFj6P8RSml/EXCpvxF
Xqj8Rfap/EWRq/xFKa38RcKu/EVcsPxF9rH8RZGz/EUrtfxFwrb8RVy4/EX4ufxFj7v8RSm9
/EXCvvxFXMD8RfbB/EWPw/xFK8X8RcTG/EVeyPxF9sn8RY/L/EUpzfxFxM78RVzQ/EX20fxF
kdP8RSnV/EXC1vxFXtj8RfbZ/EWP2/xFK938RcLe/EVc4PxF9uH8RZHj/EUr5fxFwub8RV7o
/EX46fxFj+v8RSvt/EXC7vxFXPD8Rfjx/EWR8/xFK/X8RcL2/EVe+PxF+Pn8RZH7/EUp/fxF
wv78RVwA/UX4Af1FjwP9RSkF/UXCBv1FXgj9RfYJ/UWRC/1FKQ39RcIO/UVcEP1F9hH9RY8T
/UUrFf1Fwhb9RV4Y/UX4Gf1Fjxv9RSkd/UXCHv1FXCD9RfYh/UWPI/1FKSX9RcIm/UXTKP1F
Fir9RY8r/UUrLf1Fwi79RVww/UX2Mf1FjzP9RSk1/UXCNv1FXDj9Rfg5/UWPO/1FKT39RcI+
/UVeQP1F9kH9RY9D/UUpRf1FxEb9RVxI/UX2Sf1FkUv9RStN/UXCTv1FXlD9RfZR/UWPU/1F
KVX9RcJW/UVcWP1F9ln9RY9b/UUpXf1FxF79RV5g/UX2Yf1Fj2P9RSll/UXCZv1FXmj9Rfhp
/UWRa/1FKW39RcRu/UVccP1F9nH9RZFz/UUpdf1Fwnb9RV54/UX2ef1Fj3v9RSt9/UXCfv1F
XID9RfiB/UWPg/1FKYX9RcKG/UVciP1F9on9RY+L/UUrjf1Fwo79RVyQ/UX2kf1Fj5P9RSmV
/UXClv1FXJj9RfaZ/UWPm/1FK539RcSe/UVcoP1F+KH9RZGj/UUrpf1Fwqb9RVyo/UX4qf1F
kav9RSmt/UXCrv1FXLD9Rfax/UWRs/1FKbX9RcS2/UVeuP1F9rn9RY+7/UUpvf1Fwr79RVzA
/UX2wf1Fj8P9RSvF/UXCxv1F38j9RSXK/UWPy/1FK839RcLO/UVe0P1F9tH9RY/T/UUp1f1F
wtb9RVzY/UUI2v1Fkdv9RSnd/UXC3v1FXOD9Rfjh/UWR4/1FKeX9RcLm/UVc6P1F9un9RY/r
/UUp7f1Fwu79RVzw/UX28f1FkfP9RSn1/UXC9v1FXPj9Rfj5/UWP+/1FK/39RcL+/UVeAP5F
9gH+RY8D/kUpBf5Fwgb+RVwI/kX2Cf5Fjwv+RSkN/kXCDv5FXhD+RfYR/kWPE/5FKxX+RcIW
/kVcGP5F+Bn+RY8b/kUpHf5Fwh7+RVwg/kX2If5FjyP+RSkl/kXCJv5FXCj+Rfgp/kWRK/5F
KS3+RcIu/kVeMP5F+DH+RY8z/kUrNf5Fwjb+RV44/kX4Of5Fjzv+RSk9/kXCPv5FXED+RfZB
/kWRQ/5FKUX+RcJG/kVcSP5F9kn+RY9L/kUrTf5Fwk7+RV5Q/kX2Uf5Fj1P+RSlV/kXEVv5F
Xlj+RfhZ/kWRW/5FKV3+RcRe/kVeYP5F9mH+RY9j/kUpZf5FxGb+RQxp/kVOav5Fk2v+RSlt
/kXCbv5FXHD+RfZx/kWPc/5FKXX+RcJ2/kVceP5F9nn+RY97/kUpff5Fwn7+RVyA/kX4gf5F
j4P+RSuF/kXChv5FXIj+RfaJ/kWPi/5FK43+RcSO/kVekP5F9pH+RZGT/kUplf5Fwpb+RVyY
/kX2mf5Fj5v+RSmd/kXCnv5FXKD+Rfah/kWRo/5FK6X+RcKm/kVcqP5F9qn+RY+r/kUprf5F
wq7+RV6w/kX2sf5FkbP+RSu1/kXEtv5FXrj+Rfa5/kWPu/5FK73+RcS+/kVcwP5F9sH+RZHD
/kUpxf5Fwsb+RVzI/kX2yf5Fj8v+RSnN/kXCzv5FXtD+RfjR/kWR0/5FKdX+RcLW/kVe2P5F
9tn+RZHb/kUp3f5FxN7+RVzg/kX24f5FkeP+RSvl/kXC5v5FXOj+Rfbp/kWR6/5FK+3+RcTu
/kVc8P5F+PH+RY/z/kUp9f5Fwvb+RVz4/kX4+f5Fj/v+RSv9/kXC/v5FXAD/RfYB/0WRA/9F
KwX/RcIG/0VcCP9F+An/RZEL/0UrDf9FxA7/RVwQ/0X2Ef9FjxP/RSkV/0XEFv9FXBj/RfgZ
/0WPG/9FKR3/RcIe/0VcIP9F9iH/RY8j/0UpJf9FxCb/RV4o/0X2Kf9Fjyv/RSkt/0XCLv9F
XDD/RfYx/0WPM/9FKTX/RcI2/0VcOP9F+Dn/RY87/0UrPf9Fwj7/RV5A/0X2Qf9FkUP/RSlF
/0XCRv9FXkj/RfZJ/0WRS/9FKU3/RcJO/0VeUP9F9lH/RZFT/0UpVf9Fwlb/RV5Y/0X2Wf9F
j1v/RStd/0XCXv9FXmD/Rfhh/0WRY/9FKWX/RcJm/0VcaP9F9mn/RY9r/0Urbf9Fwm7/RV5w
/0X4cf9Fj3P/RSl1/0XCdv9FXHj/Rfh5/0WRe/9FK33/RcJ+/0VcgP9F9oH/RY+D/0Uphf9F
xIb/RV6I/0X2if9Fj4v/RSuN/0XCjv9FXJD/RfiR/0WPk/9FKZX/RcSW/0VcmP9F+Jn/RY+b
/0Upnf9FxJ7/RVyg/0X4of9Fj6P/RSml/0XCpv9FXKj/Rfip/0WRq/9FK63/RcSu/0VesP9F
9rH/RY+z/0Uptf9Fwrb/RVy4/0X4uf9Ftrv/RSm9/0XEvv9FXsD/RfbB/0WPw/9FKcX/RcLG
/0VcyP9F9sn/RZHL/0Urzf9Fws7/RV7Q/0X40f9Fj9P/RSvV/0XC1v9FXtj/RfbZ/0WP2/9F
Kd3/RcTe/0Vc4P9F9uH/RY/j/0Up5f9Fwub/RVzo/0X46f9Fkev/RSvt/0XC7v9FXvD/Rfbx
/0WR8/9FK/X/RcL2/0Vc+P9F9vn/RZH7/0Up/f9Fwv7/RS4AAEb8AABGyQEARpUCAEZiAwBG
LgQARvwEAEbIBQBGlAYARmIHAEYvCABG+wgARsgJAEaUCgBGYQsARi4MAEb8DABGyA0ARpQO
AEZiDwBGLhAARvsQAEbJEQBGlBIARmETAEYuFABG/BQARsgVAEaUFgBGYRcARi4YAEb7GABG
yRkARpQaAEZhGwBGLhwARvscAEbIHQBGlR4ARmIfAEYuIABG+yAARsghAEaUIgBGYSMARi4k
AEb7JABGyCUARpUmAEZhJwBGLigARvsoAEbIKQBGlCoARmErAEYuLABG+ywARsktAEaVLgBG
Yi8ARi4wAEb8MABGyDEARpQyAEZiMwBGLjQARvw0AEbJNQBGlDYARmE3AEYuOABG+zgARsk5
AEaUOgBGYjsARi48AEb8PABGyT0ARpU+AEZhPwBGLkAARvtAAEbIQQBGlEIARmFDAEYvRABG
+0QARshFAEaVRgBGYkcARi9IAEb7SABGyUkARpRKAEZiSwBGLkwARvtMAEbITQBGlE4ARmFP
AEYuUABG+1AARshRAEaUUgBGYVMARi5UAEb8VABGyFUARpRWAEZiVwBGLlgARvtYAEbIWQBG
lVoARmJbAEYuXABG+1wARshdAEaUXgBGYV8ARi5gAEb8YABGyWEARpViAEZhYwBGL2QARvtk
AEbIZQBGlGYARmFnAEYuaABG+2gARslpAEaUagBGYWsARi9sAEb7bABGyW0ARpRuAEZhbwBG
LnAARvtwAEbIcQBGlHIARmFzAEYvdABG+3QARsh1AEaUdgBGYncARi54AEb7eABGyXkARpR6
AEZiewBGL3wARvt8AEbJfQBGlH4ARmF/AEYugABG+4AARsiBAEaVggBGY4MARi6EAEb8hABG
yIUARpWGAEZhhwBGL4gARvuIAEbJiQBGlIoARmGLAEYujABG+4wARsiNAEaVjgBGYY8ARi+Q
AEb7kABGyZEARpSSAEZhkwBGL5QARvuUAEbJlQBGlJYARmGXAEYvmABG+5gARsiZAEaUmgBG
YZsARi6cAEb8nABGyZ0ARpSeAEZinwBGL6AARvugAEbJoQBGlaIARmGjAEYupABG/KQARsml
AEaUpgBGYacARi+oAEb8qABGyakARpSqAEZhqwBGL6wARvusAEbIrQBGlK4ARmGvAEYvsABG
/LAARsixAEaUsgBGYbMARi60AEb8tABGyLUARpS2AEZhtwBGL7gARvu4AEbJuQBGlLoARmG7
AEYuvABG/LwARsm9AEaUvgBGYb8ARi7AAEb7wABGycEARpXCAEZiwwBGL8QARvvEAEbJxQBG
lcYARmHHAEYuyABG/MgARsnJAEaUygBGYcsARi/MAEb7zABGyc0ARpTOAEZizwBGLtAARvzQ
AEbI0QBGldIARmLTAEYu1ABG+9QARsjVAEaU1gBGYtcARi7YAEb82ABGyNkARpTaAEZh2wBG
LtwARvvcAEbI3QBGld4ARmLfAEYu4ABG/OAARsnhAEaU4gBGYeMARi/kAEb85ABGyOUARpTm
AEZi5wBG</AssayXData><AssayYData Points="1500">t4+wQAmzsEBW0rBA1suwQCnDsEAl2LBAqOmwQIz5sECT/bBApOywQDnisECBKrFA6tywQMAV
sUBt9bBA4PCwQJAEsUCUILFARfiwQLlEsUAcDbFAlwCxQNMjsUCILrFAfDCxQK0bsUBW/LBA
NzixQLkvsUBrWbFAOjSxQK0qsUBaJLFAuSWxQOMwsUCAKrFAyCSxQJUusUDZOrFAPyexQB0z
sUA2OLFAOE6xQOUNsUDTH7FAwFixQMo2sUDtVbFAVEmxQMo9sUDmO7FA1E+xQHhPsUBzL7FA
MBqxQENBsUBYDbFAAymxQEhbsUCZPrFAWkCxQA8xsUD0P7FADCexQKMTsUChDrFAyBmxQN5I
sUB6U7FASjGxQFhasUCQJLFA1yGxQLYhsUBBb7FA2xixQDYusUDhYrFAM1axQHshsUALG7FA
zEuxQBMysUCoEbFAJkCxQCU1sUDgMbFAWzKxQGYxsUB/RrFAjjixQBA9sUADNrFAgF+xQEw2
sUBuNbFAcB6xQCw9sUAwPLFASTGxQEpDsUAmI7FA+jmxQP1esUD/dLFAllCxQLV7sUCFSbFA
LFOxQFBVsUBrLrFAT1ixQMRIsUCIa7FAaGGxQPxTsUBYarFAQUexQJxHsUDHZ7FAnGSxQLJc
sUB4YbFAakSxQBJFsUAFV7FAv3GxQNVjsUApSbFAv2uxQJVPsUDZTbFAiVqxQFo/sUDXTLFA
53GxQN1dsUAnPbFAiWuxQG1fsUBqPbFAQ1WxQFZlsUCVerFAkX2xQMNGsUD3UbFARmKxQNtu
sUA4YbFAsFCxQLZ1sUD8RrFAqU6xQLtxsUCGSrFApIKxQBVOsUCTaLFAfXSxQLRrsUARTrFA
0WqxQGo8sUCoYrFANY6xQBSMsUDRd7FA64axQOVmsUBASbFAuV+xQM5TsUBedLFAP1SxQGeC
sUCcorFAHGKxQE5isUBBb7FANm6xQEpgsUA+brFA14KxQFdfsUDPhbFA0H2xQIpdsUDRT7FA
l2qxQBlJsUDdOrFAt2SxQINcsUA/P7FARFqxQNtesUBlhLFAPZGxQKNusUA9a7FALYCxQLB2
sUDte7FAXGixQIxvsUAWZrFAB3CxQDOVsUAlmLFAsl6xQJRlsUA0crFAh3WxQElksUCDf7FA
QmixQH1vsUALjLFAnWOxQHSCsUCtqrFA1U6xQNdssUB3pLFAj4KxQAqWsUCuQ7FARU2xQEdY
sUAAi7FAJG6xQF2KsUD8V7FATXixQOR3sUADgLFAUHexQKJ+sUBPWrFAnGixQE5psUA1j7FA
WImxQA2FsUDeXbFAgXSxQMuPsUBPVLFAd46xQBOfsUBToLFAB5CxQK2SsUBUe7FAHW2xQOSN
sUBwhbFABX2xQACQsUB6iLFA/m2xQB2psUAcfbFA4auxQOeXsUCyjbFAFHexQLZgsUDDx7FA
5YCxQEuEsUBpj7FARnyxQK2LsUBkhrFA63CxQLF2sUCJmrFA6puxQGWEsUD6lLFA8pOxQE9+
sUCHobFAZpexQKWGsUDqkLFAfrixQHyWsUC4ubFAVsCxQE1tsUBEgLFArKexQNd7sUAyfrFA
mZuxQNSFsUBOoLFAGnuxQJ17sUAKmLFAbImxQAyjsUA8nbFAfHuxQLeNsUAJiLFAXY2xQNB7
sUAFdrFA54WxQK2BsUAAnbFA346xQOSzsUDJjLFAbryxQOGbsUCAi7FAC5SxQCB6sUCDvLFA
166xQMibsUAKn7FAW7axQNafsUB4lLFAwLexQNuSsUALlbFAxqCxQDFysUD8hLFAhnWxQLuU
sUD8lLFAhKWxQOmcsUCGkbFA55KxQDClsUBgnbFA5qKxQH+ksUBGvLFAXJWxQGCasUCcmrFA
AHmxQP24sUAkrrFAGqCxQLCIsUBB07FAJ42xQHdwsUB+nbFAhaaxQMibsUCJoLFAYZuxQCmp
sUCNeLFAzpmxQBOosUC/kLFAaq2xQGSVsUAKqLFAOLCxQBibsUDhmbFA+pqxQK61sUCKlbFA
ZpKxQCN3sUBEpLFAL3+xQGS4sUClsbFA95exQBGesUAD4LFAb9CxQCGesUBZkbFAsKexQLJn
sUCNvbFAna+xQO+2sUDwu7FAw66xQBSlsUDnsLFA29SxQDWQsUDUvLFAJ6WxQGuisUAqr7FA
xp+xQEutsUDfr7FA+8SxQBmzsUDK1LFAVKaxQGDMsUBvsbFA+MOxQE2esUBEsrFAS6ixQBmo
sUBvvbFAlKWxQETEsUDZrbFA4pmxQLLKsUABtbFA6rmxQOeysUBOvrFAiryxQPiusUAdq7FA
XKKxQPCssUChqbFAdMqxQKrFsUCbt7FA3KexQK+csUBfiLFAb6mxQPixsUB8j7FANryxQCW0
sUCNtrFA17OxQMTPsUDonbFArKixQAOpsUDks7FAm72xQM7HsUCAq7FA57+xQJ6usUDDyrFA
ibaxQK6nsUAH4LFAfK+xQPXGsUBU4LFAZvmxQHG5sUCky7FAFbqxQNbXsUABuLFAJ9exQCrN
sUA3ubFAhNOxQPK4sUBE37FAt8axQKnOsUDF2rFAV9ixQH28sUAj8LFAFWuxQFGqsUDUubFA
t6KxQJDSsUD5qLFAnL6xQE7AsUC9tbFAGrqxQJ+nsUDcu7FABZuxQGS5sUBg2bFAt8GxQP2x
sUBVwLFAIt+xQJmqsUAbq7FA8qSxQJnWsUC8wbFA8OCxQBPSsUAyALJApMaxQOi+sUCxzbFA
Kt2xQJCksUCm67FA69CxQCbusUAm1rFAaduxQPXdsUCj9LFAw7GxQDfxsUAH6rFAd7ixQISy
sUCV5LFAKdSxQD3GsUBh6bFA28axQNPCsUACwrFAjeKxQE3IsUDA/7FApuOxQOfGsUDu27FA
YcqxQG2asUAD17FA8daxQAbksUB4vrFAGcWxQPfqsUBu1LFASaWxQADOsUDwtLFAutCxQPW+
sUAss7FA1s+xQK+YsUDXyLFAoaixQPiosUBWnrFAX9KxQLe+sUDMxbFAiL2xQI+psUDWw7FA
faqxQOvYsUAds7FAAdOxQM/usUCct7FAh7KxQGHlsUA4trFAbeKxQJwCskDPvLFASv6xQMzg
sUDyzbFAMtuxQIDVsUCbvrFAOr+xQMLUsUCW1bFAMN2xQDvisUBm0bFAqtuxQGbdsUA8/LFA
/+qxQLjgsUB437FAHtSxQGvPsUCZ+7FAqdqxQA7FsUDYurFA48ixQObAsUDt4bFASuWxQAz0
sUBvy7FAn/axQH7XsUA8/LFAANWxQObCsUAJE7JATNSxQLsiskBu87FAptixQA8BskBnA7JA
nP+xQLvesUCi9LFAhQGyQODzsUCPwbFATtGxQMDcsUCUA7JAIsqxQJ6lsUD0yLFAS6exQH7d
sUBpzrFAjOGxQIjAsUCH17FAc9mxQFnJsUDmyLFAhNGxQL4EskAOyrFAY+axQM7FsUBJ17FA
p9GxQF7JsUDa47FAWcOxQD/HsUB597FAyc6xQAKysUAQ3rFAgduxQPblsUDZwbFAg+SxQLG1
sUCx5LFAwNSxQN7csUC+4LFA0c2xQE+ssUCwzbFAe+axQMbusUB/w7FAJ9mxQHLQsUDozrFA
dv+xQEIlskBl4bFAFQ2yQJEbskAdALJA0daxQHQHskDeBrJAEMmxQDTlsUAn+rFA09WxQEDw
sUBQ77FAd/qxQM3ysUD18rFA7AiyQMfvsUCvDrJA5xiyQFsBskDv7bFAewCyQLDRsUBHDrJA
QgayQNrosUDR5bFAyPixQMICskB3AbJAJdqxQLUpskDa/7FAxOCxQELfsUC/57FALtyxQNDy
sUBK+LFAxvCxQFAMskAjGrJAcBKyQP4BskC+GbJA6xeyQMAYskDN6bFA8c2xQN7asUCfArJA
HuOxQDv9sUAz1bFASu2xQAgRskAb5rFAmPmxQGH2sUCjF7JA6R6yQND3sUD2LbJAkP6xQPb4
sUCXFbJAZP2xQNASskCvGLJASzeyQLbTsUCO+7FA4x2yQEINskDm1rFAy/GxQDkSskCyIbJA
AyyyQLIBskBJ77FAQvuxQOQSskBr47FAiQGyQPvwsUAIErJAsvmxQJEnskBH7bFAutWxQLAN
skBz6LFArf+xQGgoskCKBbJAag2yQIMPskBeI7JA8h+yQJTtsUBIAbJAJ+ixQBwCskAkDbJA
SQmyQEsTskAm+rFAr/exQCoNskBO2rFATAuyQLkLskCAMLJAzAuyQNfusUAxJbJAdg2yQM/5
sUCGHbJA8OuxQN47skAzA7JAChGyQB3tsUD74bFAOSmyQNAMskDZOLJAUP6xQCH4sUB3B7JA
yuaxQIsNskCSCLJArwGyQHwXskBtGbJAhxOyQLcrskByC7JAtAayQA8dskD7BLJAVvexQOz9
sUCY8rFAzfaxQK0HskDU6bFAQu2xQJDzsUDEDbJA1hayQHkFskAjGbJAICKyQCsBskBuCrJA
oiGyQPoJskDFGrJA2gyyQH4vskAfHbJAQgCyQAM0skDaFbJA1yGyQAULskANKbJAGxqyQP3z
sUBfELJA5zGyQOUyskA+UbJAEgeyQAQBskCRB7JAkSeyQNrtsUAjF7JAxf+xQCT6sUC6DbJA
3PmxQCQpskC0/LFAtECyQOs2skAEGrJA9RmyQC4eskBsLLJAQjeyQEs0skAiMLJAMyayQFEv
skDFPLJA20KyQMEnskCfHLJAORKyQMgUskCeC7JA+hyyQPMOskCEG7JAxwyyQLH5sUCs6bFA
sN+xQAQOskAvHLJAp+ixQDn1sUD7MLJA9imyQLXwsUDrC7JAKQ6yQMnzsUB7C7JA0BayQEUE
skAc8bFApw6yQDUIskDbPrJAxP2xQP4VskDdFbJAzS6yQA0bskDhHbJAEgeyQLQfskDIErJA
DSqyQA8BskCFK7JAkvixQA4qskCaHLJAoSyyQIMvskCY+rFAvjOyQPEDskBcF7JAyimyQM0X
skCH47FAEg6yQMUYskDxPLJAUSmyQJEwskAW47FAkRSyQNI8skBsKrJAJVeyQJkfskDdM7JA
5BGyQOhJskDaLLJAFf6xQCMyskAJUrJAYyOyQHUmskA5K7JAhzGyQLVJskDoP7JAx0SyQHsx
skB7JrJA5CWyQOIKskDKHLJAa1KyQAAqskAnQ7JAUi6yQMcRskC4MLJAsFCyQD84skAOXLJA
PiOyQMhOskAf9LFAQDayQIZQskDEWbJA3h+yQF4cskBlLbJAuCayQNUQskCRUbJAdkuyQEY0
skBiPbJANjiyQIU/skBqRbJARkWyQOYcskBRKrJAOjiyQEBLskAtOLJA4EqyQPA3skByUbJA
Cj+yQIxdskDeP7JA6jyyQEs4skAAYLJAuFSyQMoyskCdU7JATDSyQFlGskBgYrJAEjiyQPYt
skBgS7JAhliyQGJLskBFGLJAdjWyQIxSskBYRrJAsR6yQGZRskAna7JAak+yQLU6skDKTLJA
CEayQPEbskAqF7JAxj+yQDspskDxQrJAPEmyQK5FskCmI7JAhC6yQP40skBjZrJAGziyQHEy
skCHYrJAWjSyQMYvskADOLJAK0eyQG9BskBGN7JA2ESyQGtBskC0V7JAfDGyQMU5skDYXLJA
Y0+yQO4eskAGVbJAvUSyQCEkskBkL7JA6iSyQJpMskBdQbJAszKyQE8UskDDObJAvRKyQKgl
skDnS7JA8iuyQB4qskBlArJA3kOyQHo3skBqLrJA5yCyQHMxskBDObJA5zeyQElzskBKOrJA
vC6yQEU2skAKLbJA8SiyQIYzskCWN7JA/USyQBM0skBJKrJAP06yQGw5skDxMLJAxRGyQKcr
skCCFrJAf2iyQEM4skAeT7JAQzKyQN80skDiMrJAVzCyQJ34sUAfNrJAjUKyQCczskADWbJA
ME+yQIovskCNS7JA/TSyQEoCskCiPLJAWyGyQI07skDcM7JAGzuyQNwvskBRT7JA7FuyQC8n
skC1SrJAQFSyQKVSskAJJ7JAK0WyQHpEskDTI7JAUUuyQKpeskDxMbJAnS2yQBlkskAvR7JA
DyOyQM9EskB9JLJAMlmyQIM+skBvNLJAY0KyQHkeskBRULJA11ayQJsyskAHXbJAoSuyQHY+
skApSbJAcimyQNpRskDMSbJAlRqyQAlDskACTLJAWkuyQIRNskCdWLJAZWqyQP89skB7arJA
JmOyQA5tskBgYrJAwmSyQPRHskA7TLJAp4GyQPRVskBZabJA32GyQKFlskCPbrJAMFSyQN9j
skD7erJAKoOyQNloskBJV7JAM0iyQBRWskASYrJAVlSyQLBaskBbVbJAP0yyQM5hskA+W7JA
AYKyQC1askAglbJAy3KyQA1GskCZabJAJYSyQPZoskA4YLJAhU2yQGc4skAcTbJAPlOyQGJE
skCHlbJA74KyQPVkskByarJAa12yQI5oskCqbLJAfYKyQMpRskBhcLJAXmGyQFh5skBma7JA
5nSyQDdUskCZXrJAaISyQEVYskBpXLJA6JKyQEFkskC4YLJAw5KyQEyNskAJZrJAVGKyQA1z
skA/bLJAPG2yQBhoskAlhrJAoYWyQG1fskDhdbJA4miyQNCHskBkdrJAa1GyQHmiskCSZ7JA
/XGyQCOXskC7irJAHH2yQD9qskBskbJAMFuyQOFwskCRbbJAQFCyQCmGskCEdrJA/VmyQLNi
skCqarJAAF6yQId+skBPcLJA7WyyQJZlskBTa7JApnOyQPplskAddLJAqX+yQL5/skDEYbJA
WWmyQCNYskC8drJAHYKyQNtsskApgbJAYqayQOqYskAVZLJATn2yQP2PskBZZbJAuniyQMN1
skC4crJA2nOyQKJ/skDtcrJAhJSyQFOMskC5crJAvXuyQP+fskCvZbJAEIyyQGB2skDPfrJA
I42yQOh+skBFlLJARF2yQKKcskBAeLJASIGyQOuAskCFdrJAWmayQOeeskCNmLJArKmyQIt1
skBkp7JA3X+yQAakskDMc7JA4lyyQMyZskBImLJA74yyQI9/skDagLJAc2yyQEVoskC0kbJA
562yQD6KskDNb7JAdayyQGuUskB3jLJAPJuyQH+WskA0m7JA03eyQIq1skAGe7JAD5uyQACR
skAuoLJAG3CyQEGJskAhbrJAzqSyQKl+skB7g7JAv5GyQA6AskBAbrJASZayQOaUskDcgbJA
Un+yQIuxskDPhrJAfomyQJCsskCdbrJAlISyQLJ4skBEg7JAQqayQJeXskB0nbJA/FuyQM13
skC+pbJAqnuyQIeNskA9f7JATKeyQFWcskCDjbJAsYmyQCqdskAwkrJAL3iyQAuqskBSjrJA
u36yQG5oskBtebJAGKuyQKelskCiZrJA4pyyQIiiskC5gbJA2JiyQGBsskB5d7JAl6iyQBKl
skBRhLJAP3uyQOF0skDckLJAmIqyQBWfskD+xLJAhJqyQIOUskASs7JAQ7CyQOueskBeibJA
QpqyQLaGskD7nbJAxsuyQImwskBgk7JA236yQIOiskA8d7JA3JyyQLWbskD1mLJAV4yyQBBr
skD4crJAzpCyQCCEskBWn7JAwIqyQNmUskBlgLJAknmyQJmgskDwXLJAsWWyQKBtskAAhrJA
iJCyQN2TskB9gbJADHqyQBh9skBqf7JAmWOyQF9tskDug7JAzX2yQNFzskD7ZLJALHWyQCR3
skC1c7JASIuyQLxtskAVT7JANmyyQKdkskBblLJA5mCyQL9tskCafbJA24OyQBNuskDdibJA
DJqyQKeaskAAi7JAZGSyQM92skAehLJA1VuyQFt0skAwdLJA6ZqyQOBgskC7WbJA4JWyQLGc
skA9orJAILWyQE+AskDor7JAHaWyQNuSskAPiLJA+lSyQK+BskDlebJA34myQG+NskDRlbJA
6YOyQF2askBuT7JArm2yQOZOskALcbJAi6GyQHR0skAIiLJAWoqyQCOcskAoprJAG7iyQEqC
skDBjbJA</AssayYData></Step><Step><CommonData><SampleLocation>7</SampleLocation><SampleID>Glycine</SampleID><SampleGroup></SampleGroup><SampleInfo></SampleInfo><SampleRow>B</SampleRow><SamplePlate>1</SamplePlate><WellType>REGENERATION</WellType><Concentration>-1</Concentration><ConcentrationUnits>µg/ml</ConcentrationUnits><MolarConcentration>-1</MolarConcentration><MolarConcUnits>nM</MolarConcUnits><MolecularWeight>0</MolecularWeight><Temperature>30</Temperature><StartTime>9347402</StartTime><AssayTime>5</AssayTime></CommonData><FlowRate>1000</FlowRate><StepType>KREGENERATION</StepType><StepName>Regeneration</StepName><StepStatus>OK</StepStatus><ActualTime>4.9998</ActualTime><CycleTime>0.2</CycleTime><AssayXData Points="25">L+gARv3oAEbK6QBGluoARmPrAEYv7ABG/OwARsrtAEaV7gBGYu8ARi/wAEb98ABGyfEARpXy
AEZj8wBGMPQARv30AEbJ9QBGlfYARmL3AEYw+ABG/PgARsn5AEaW+gBGYvsARg==</AssayXData><AssayYData Points="25">neMGQL3HAUCcWv8/pq39P4j7+j+O+fk/wYP3P1Ys9T84UPM/OX/wPzdo7j9FJ+w/nHrqP9fD
5z+A4uY/3IvlP6114z/u7+E/jzXhPw413z86xt0/ZkfdP2Xu2z8CSNs/cQDbPw==</AssayYData></Step><Step><CommonData><SampleLocation>8</SampleLocation><SampleID>PBS</SampleID><SampleGroup></SampleGroup><SampleInfo></SampleInfo><SampleRow>B</SampleRow><SamplePlate>1</SamplePlate><WellType>NEUTRALIZATION</WellType><Concentration>-1</Concentration><ConcentrationUnits>µg/ml</ConcentrationUnits><MolarConcentration>-1</MolarConcentration><MolarConcUnits>nM</MolarConcUnits><MolecularWeight>0</MolecularWeight><Temperature>30</Temperature><StartTime>9360487</StartTime><AssayTime>5</AssayTime></CommonData><FlowRate>1000</FlowRate><StepType>KREGENERATION</StepType><StepName>Regeneration</StepName><StepStatus>OK</StepStatus><ActualTime>5.00078</ActualTime><CycleTime>0.2</CycleTime><AssayXData Points="25">L/wARv38AEbJ/QBGlv4ARmP/AEYvAAFG/AABRskBAUaWAgFGYgMBRi8EAUb9BAFGyQUBRpYG
AUZiBwFGLwgBRvwIAUbJCQFGlgoBRmILAUYvDAFG/AwBRskNAUaWDgFGYw8BRg==</AssayXData><AssayYData Points="25">ZLmfQI1OoEASzKBAgzGhQIdBoUDWxKFAchCiQKoUokDAgKJASLGiQE6aokAPzaJAnu2iQCv9
okDGJqNA9DCjQFZNo0CGVKNAvIyjQKmdo0Crr6NATbajQF/Fo0Ba0aNA1+GjQA==</AssayYData></Step><Step><CommonData><SampleLocation>7</SampleLocation><SampleID>Glycine</SampleID><SampleGroup></SampleGroup><SampleInfo></SampleInfo><SampleRow>B</SampleRow><SamplePlate>1</SamplePlate><WellType>REGENERATION</WellType><Concentration>-1</Concentration><ConcentrationUnits>µg/ml</ConcentrationUnits><MolarConcentration>-1</MolarConcentration><MolarConcUnits>nM</MolarConcUnits><MolecularWeight>0</MolecularWeight><Temperature>30</Temperature><StartTime>9373566</StartTime><AssayTime>5</AssayTime></CommonData><FlowRate>1000</FlowRate><StepType>KREGENERATION</StepType><StepName>Regeneration</StepName><StepStatus>OK</StepStatus><ActualTime>4.9998</ActualTime><CycleTime>0.2</CycleTime><AssayXData Points="25">MBABRv4QAUbKEQFGlxIBRmQTAUYwFAFG/RQBRsoVAUaXFgFGZBcBRjEYAUb9GAFGyhkBRpYa
AUZjGwFGMBwBRv0cAUbLHQFGlx4BRmMfAUYwIAFG/SABRsohAUaWIgFGYyMBRg==</AssayXData><AssayYData Points="25">v0j2P1Rd6j82xeQ/LBPiPxJD4D8XZt0/LLXbP9yC2j+jbdg/sJPXP0iN1j9bWtY/C1XUP6cC
1D+u6dI/zKnRP+st0T9JxNA/uEXQP47Lzz/V/c4/JSfOP++Bzj/u680/M3nNPw==</AssayYData></Step><Step><CommonData><SampleLocation>8</SampleLocation><SampleID>PBS</SampleID><SampleGroup></SampleGroup><SampleInfo></SampleInfo><SampleRow>B</SampleRow><SamplePlate>1</SamplePlate><WellType>NEUTRALIZATION</WellType><Concentration>-1</Concentration><ConcentrationUnits>µg/ml</ConcentrationUnits><MolarConcentration>-1</MolarConcentration><MolarConcUnits>nM</MolarConcUnits><MolecularWeight>0</MolecularWeight><Temperature>30</Temperature><StartTime>9386636</StartTime><AssayTime>5</AssayTime></CommonData><FlowRate>1000</FlowRate><StepType>KREGENERATION</StepType><StepName>Regeneration</StepName><StepStatus>OK</StepStatus><ActualTime>5.00078</ActualTime><CycleTime>0.2</CycleTime><AssayXData Points="25">MCQBRv0kAUbLJQFGliYBRmMnAUYxKAFG/SgBRsopAUaWKgFGYysBRjEsAUb9LAFGyi0BRpYu
AUZkLwFGMTABRv0wAUbLMQFGljIBRmMzAUYwNAFG/jQBRss1AUaXNgFGZDcBRg==</AssayXData><AssayYData Points="25">Bf+eQJeLn0ByPKBAFKKgQGvjoEAmU6FAj4mhQJCroUDByKFAQwmiQKg0okAWY6JABWSiQLaA
okCGl6JAzNaiQLDdokCc/KJAHCWjQLgGo0DTUaNA+GajQNldo0DcgqNAFamjQA==</AssayYData></Step><Step><CommonData><SampleLocation>7</SampleLocation><SampleID>Glycine</SampleID><SampleGroup></SampleGroup><SampleInfo></SampleInfo><SampleRow>B</SampleRow><SamplePlate>1</SamplePlate><WellType>REGENERATION</WellType><Concentration>-1</Concentration><ConcentrationUnits>µg/ml</ConcentrationUnits><MolarConcentration>-1</MolarConcentration><MolarConcUnits>nM</MolarConcUnits><MolecularWeight>0</MolecularWeight><Temperature>30</Temperature><StartTime>9399728</StartTime><AssayTime>5</AssayTime></CommonData><FlowRate>1000</FlowRate><StepType>KREGENERATION</StepType><StepName>Regeneration</StepName><StepStatus>OK</StepStatus><ActualTime>5.00078</ActualTime><CycleTime>0.2</CycleTime><AssayXData Points="25">MTgBRv84AUbMOQFGmDoBRmU7AUYxPAFG/jwBRss9AUaYPgFGZT8BRjFAAUb+QAFGy0EBRpdC
AUZkQwFGMkQBRv5EAUbMRQFGl0YBRmZHAUYxSAFG/kgBRsxJAUaXSgFGZUsBRg==</AssayXData><AssayYData Points="25">hznyP52q5j+HUeI/3ULeP+Q23D8c1dk/wJvYP/Af2D+SEdY/K7rUP5+p0z/jrtM/GzvTP4LB
0T+jlNE/mAvRP+jyzz9nus8/fWrPP+swzz99vs0/4a7OPxiVzT9j4cw/otbMPw==</AssayYData></Step><Step><CommonData><SampleLocation>8</SampleLocation><SampleID>PBS</SampleID><SampleGroup></SampleGroup><SampleInfo></SampleInfo><SampleRow>B</SampleRow><SamplePlate>1</SamplePlate><WellType>NEUTRALIZATION</WellType><Concentration>-1</Concentration><ConcentrationUnits>µg/ml</ConcentrationUnits><MolarConcentration>-1</MolarConcentration><MolarConcUnits>nM</MolarConcUnits><MolecularWeight>0</MolecularWeight><Temperature>30</Temperature><StartTime>9412824</StartTime><AssayTime>5</AssayTime></CommonData><FlowRate>1000</FlowRate><StepType>KREGENERATION</StepType><StepName>Regeneration</StepName><StepStatus>OK</StepStatus><ActualTime>5.00078</ActualTime><CycleTime>0.2</CycleTime><AssayXData Points="25">MkwBRv9MAUbMTQFGmE4BRmVPAUYyUAFGAFEBRs1RAUaZUgFGZlMBRjJUAUb/VAFGzFUBRphW
AUZmVwFGM1gBRv9YAUbMWQFGmVoBRmVbAUYyXAFGAV0BRsxdAUaYXgFGZl8BRg==</AssayXData><AssayYData Points="25">BaufQDY3oEBBu6BA9CqhQMNaoUAx0KFAnP+hQC5EokAsXKJAt7OiQKuqokBU5qJAy/KiQEwE
o0DADKNAIlijQHpYo0AXXqNAp4SjQK7To0BitaNArr6jQJnmo0CVA6RAX/WjQA==</AssayYData></Step><Step><CommonData><SampleLocation>3</SampleLocation><SampleID>Octet Buffer</SampleID><SampleGroup></SampleGroup><SampleInfo></SampleInfo><SampleRow>A</SampleRow><SamplePlate>1</SamplePlate><WellType>BUFFER</WellType><Concentration>-1</Concentration><ConcentrationUnits>µg/ml</ConcentrationUnits><MolarConcentration>-1</MolarConcentration><MolarConcUnits>nM</MolarConcUnits><MolecularWeight>0</MolecularWeight><Temperature>30</Temperature><StartTime>9427078</StartTime><AssayTime>20</AssayTime></CommonData><FlowRate>1000</FlowRate><StepType>CUSTOM</StepType><StepName>Sensor Check</StepName><StepStatus>OK</StepStatus><ActualTime>20.0008</ActualTime><CycleTime>0.2</CycleTime><AssayXData Points="100">M2ABRgBhAUbNYQFGmWIBRmZjAUYzZAFGAGUBRs5lAUaZZgFGZ2cBRoNoAUYlaQFGzWkBRppq
AUZnawFGNGwBRgBtAUbObQFGmW4BRmZvAUY0cAFGAXEBRs5xAUaacgFGZ3MBRjR0AUYAdQFG
zXUBRpl2AUZmdwFGNHgBRgB5AUbNeQFGmXoBRmd7AUYzfAFGAX0BRs59AUaZfgFGZn8BRjOA
AUYBgQFGzYEBRpmCAUZmgwFGNIQBRgCFAUbNhQFGmoYBRmeHAUYziAFGAIkBRs6JAUaZigFG
ZosBRjOMAUYAjQFGzY0BRpmOAUZnjwFGNJABRgCRAUbOkQFGmZIBRmeTAUY0lAFGAJUBRs6V
AUaZlgFGZpcBRjSYAUYBmQFGzZkBRpmaAUZmmwFGM5wBRgCdAUbNnQFGmp4BRmafAUY0oAFG
AKEBRs2hAUaZogFGZ6MBRjOkAUYApQFGzqUBRpmmAUZmpwFGM6gBRgCpAUbNqQFGmaoBRmar
AUY0rAFGAK0BRs6tAUaZrgFGZ68BRg==</AssayXData><AssayYData Points="100">oHmdQP02m0AkdJlAXV+YQBGbl0AWPpdAVseWQOyJlkB0oJZASGqWQPGFlkBVjZZAB3CWQApr
lkDvh5ZALouWQJ+olkCIqJZALc2WQJfrlkBg2JZAhvSWQC/+lkBlMpdA+yCXQIkFl0B6LZdA
GiCXQIcal0CFLJdAIVKXQEAfl0CVT5dATlaXQOxPl0DTapdA4JWXQGR+l0DheJdACJKXQE+a
l0AIhJdAr8GXQIqwl0C9r5dAGa+XQEnVl0A205dAgsiXQHSzl0Ah1ZdAQt6XQL/yl0AX2ZdA
f+WXQFXpl0BR7JdAHvCXQA79l0CWCJhAOfKXQHP2l0Dg8JdAxeyXQPLhl0DPIJhAxQ+YQEMg
mED2O5hAwSeYQOQbmEA4KZhAXyaYQA8umEARP5hACDqYQHdAmEAHQphAWVeYQP5amEAjN5hA
Lm6YQLBamECog5hA5X6YQEdfmEBmfZhAgXqYQHZomEDUnphAb4mYQKudmECuj5hAKKiYQAKk
mEDnn5hA/J2YQOqbmEAXkphA6ZGYQA==</AssayYData></Step><Step><CommonData><SampleLocation>4</SampleLocation><SampleID>SI-157X68_P5570</SampleID><SampleGroup></SampleGroup><SampleInfo></SampleInfo><SampleRow>B</SampleRow><SamplePlate>1</SamplePlate><WellType>KLOAD</WellType><Concentration>5</Concentration><ConcentrationUnits>µg/ml</ConcentrationUnits><MolarConcentration>5000</MolarConcentration><MolarConcUnits>nM</MolarConcUnits><MolecularWeight>0</MolecularWeight><Temperature>30</Temperature><StartTime>9456017</StartTime><AssayTime>120</AssayTime></CommonData><FlowRate>1000</FlowRate><StepType>LOADING</StepType><StepName>Loading</StepName><StepStatus>OK</StepStatus><ActualTime>120.001</ActualTime><CycleTime>0.2</CycleTime><AssayXData Points="600">NLABRgGxAUbOsQFGmrIBRmezAUY0tAFGArUBRs+1AUabtgFGZ7cBRjW4AUYCuQFGzrkBRpu6
AUZouwFGNLwBRgG9AUbOvQFGm74BRmi/AUY0wAFGAsEBRs7BAUaawgFGaMMBRjXEAUYBxQFG
zsUBRprGAUZnxwFGNcgBRgHJAUbPyQFGmsoBRmfLAUY0zAFGAc0BRs7NAUabzgFGZ88BRjXQ
AUYB0QFGztEBRpvSAUZn0wFGNNQBRgLVAUbP1QFGmtYBRmfXAUY02AFGAtkBRs7ZAUaa2gFG
aNsBRjTcAUYB3QFGzt0BRpveAUZo3wFGNeABRgHhAUbP4QFGm+IBRmfjAUY05AFGAeUBRs/l
AUaa5gFGZ+cBRjXoAUYB6QFGzukBRprqAUZn6wFGNOwBRgHtAUbP7QFGm+4BRmjvAUY08AFG
AfEBRs/xAUaa8gFGZ/MBRjX0AUYB9QFGz/UBRpr2AUZo9wFGNPgBRgL5AUbO+QFGmvoBRmf7
AUY0/AFGAf0BRs/9AUaa/gFGaP8BRjQAAkYBAQJGzgECRpoCAkZnAwJGNQQCRgEFAkbPBQJG
mgYCRmcHAkY0CAJGAQkCRs8JAkaaCgJGZwsCRjQMAkYBDQJGzg0CRpsOAkZoDwJGNBACRgER
AkbPEQJGmhICRmcTAkY0FAJGARUCRs4VAkaaFgJGaBcCRjQYAkYCGQJGzhkCRpoaAkZoGwJG
NBwCRgIdAkbOHQJGmx4CRmcfAkY0IAJGASECRs8hAkaaIgJGZyMCRjUkAkYCJQJGzyUCRpom
AkZnJwJGNSgCRgEpAkbOKQJGmyoCRmgrAkY0LAJGAi0CRs4tAkabLgJGaC8CRjQwAkYCMQJG
zjECRpoyAkZnMwJGNTQCRgI1AkbPNQJGmjYCRmc3AkY0OAJGATkCRs85AkaaOgJGZzsCRjQ8
AkYBPQJGzj0CRpo+AkZnPwJGNEACRgFBAkbPQQJGm0ICRmhDAkY0RAJGA0UCRs5FAkaaRgJG
aEcCRjRIAkYBSQJGzkkCRppKAkZnSwJGNEwCRgFNAkbPTQJGm04CRmdPAkY1UAJGAVECRs5R
AkaaUgJGaFMCRjRUAkYBVQJGzlUCRppWAkZnVwJGNFgCRgJZAkbPWQJGm1oCRmhbAkY1XAJG
AV0CRs9dAkaaXgJGaF8CRjRgAkYCYQJGzmECRppiAkZoYwJGNWQCRgFlAkbPZQJGmmYCRmdn
AkY1aAJGAWkCRs5pAkaaagJGZ2sCRjRsAkYCbQJGzm0CRptuAkZobwJGNHACRgFxAkbPcQJG
m3ICRmhzAkY1dAJGAnUCRs51AkaadgJGZ3cCRjV4AkYBeQJGz3kCRpt6AkZoewJGNHwCRgF9
AkbOfQJGm34CRmd/AkY0gAJGAYECRs6BAkabggJGZ4MCRjSEAkYChQJGz4UCRpqGAkZnhwJG
NIgCRgGJAkbOiQJGmooCRmeLAkY0jAJGAo0CRs+NAkabjgJGaI8CRjSQAkYBkQJGzpECRpqS
AkZokwJGNJQCRgGVAkbOlQJGmpYCRmiXAkY1mAJGAZkCRs+ZAkaamgJGZ5sCRjWcAkYCnQJG
zp0CRpueAkZonwJGNKACRgKhAkbPoQJGm6ICRmejAkY0pAJGAaUCRs6lAkaapgJGaKcCRjSo
AkYCqQJGz6kCRpuqAkZnqwJGNawCRgGtAkbOrQJGm64CRmivAkY0sAJGAbECRs6xAkabsgJG
aLMCRjS0AkYBtQJGzrUCRpq2AkZntwJGNLgCRgK5AkbPuQJGmroCRme7AkY1vAJGAb0CRs+9
AkabvgJGZ78CRjTAAkYCwQJGz8ECRprCAkZowwJGNMQCRgHFAkbOxQJGmsYCRmfHAkY1yAJG
AckCRs/JAkaaygJGaMsCRjXMAkYBzQJGzs0CRprOAkZnzwJGNtACRgLRAkbO0QJGmtICRmjT
AkY01AJGAtUCRs7VAkaa1gJGZ9cCRjTYAkYC2QJGztkCRpraAkZo2wJGNNwCRgHdAkbP3QJG
mt4CRmffAkY04AJGAuECRs7hAkaa4gJGZ+MCRjTkAkYC5QJGzuUCRpvmAkZn5wJGNegCRgHp
AkbO6QJGmuoCRmfrAkY07AJGAu0CRs7tAkaa7gJGZ+8CRjTwAkYC8QJGzvECRpryAkZn8wJG
NPQCRgH1AkbP9QJGmvYCRmf3AkY1+AJGAvkCRs75Akab+gJGZ/sCRjT8AkYC/QJGzv0CRpv+
AkZn/wJGNAADRgEBA0bOAQNGmgIDRmcDA0Y0BANGAgUDRs4FA0abBgNGaAcDRjUIA0YBCQNG
zgkDRpsKA0ZoCwNGNQwDRgINA0bPDQNGmg4DRmcPA0Y0EANGAhEDRs4RA0aaEgNGZxMDRjUU
A0YBFQNGzhUDRpsWA0ZoFwNGNBgDRgEZA0bOGQNGmhoDRmgbA0Y0HANGAR0DRs8dA0aaHgNG
Zx8DRjQgA0YCIQNGziEDRpoiA0ZoIwNGNCQDRgElA0bOJQNGmyYDRmcnA0Y1KANGAikDRs4p
A0aaKgNGZysDRjUsA0YCLQNGzy0DRpouA0ZnLwNGNDADRgExA0bOMQNGmzIDRmczA0Y0NANG
ATUDRs41A0aaNgNGaDcDRjQ4A0YCOQNGzjkDRps6A0ZoOwNGNDwDRgI9A0bPPQNGmj4DRmc/
A0Y1QANGAUEDRs5BA0aaQgNGaEMDRjVEA0YBRQNGzkUDRptGA0ZnRwNGNUgDRgFJA0bOSQNG
mkoDRmdLA0Y1TANGAU0DRs9NA0abTgNGZ08DRjRQA0YBUQNGzlEDRppSA0ZoUwNGNVQDRgFV
A0bPVQNGm1YDRmhXA0Y0WANGAVkDRs5ZA0abWgNGZ1sDRjRcA0YCXQNGz10DRpteA0ZnXwNG
NGADRgFhA0bOYQNGmmIDRmhjA0Y1ZANGAmUDRs9lA0aaZgNGZ2cDRjRoA0YBaQNGzmkDRptq
A0ZnawNGNGwDRgFtA0bPbQNGmm4DRmhvA0Y1cANGAXEDRs5xA0abcgNGaHMDRjR0A0YBdQNG
znUDRpt2A0ZodwNGNHgDRgF5A0bOeQNGm3oDRmd7A0Y1fANGAn0DRs59A0aafgNGZ38DRjSA
A0YBgQNGzoEDRpqCA0ZngwNGNIQDRgGFA0bPhQNGmoYDRmeHA0Y1iANGAYkDRs6JA0aaigNG
aIsDRjSMA0YBjQNGzo0DRpqOA0ZojwNG</AssayXData><AssayYData Points="600">SsOYQEFZmUDjnplA/BOaQJJcmkDvmJpAne2aQKQTm0DrL5tA+JCbQG24m0CoyZtAIQqcQEkX
nEAmTpxAyGOcQIqpnEBeppxAJgSdQF4gnUDtIJ1AmGqdQIKcnUCNx51A4gOeQG9HnkDgRp5A
Px6eQPWAnkCHg55AiMueQNTTnkC3HZ9AKByfQOdan0Cynp9AO6WfQBW6n0CP4p9AFAegQEcd
oEAZXqBApJigQEpeoEBpkKBACcWgQPbAoECXB6FAk/ugQOU7oUBbU6FA1oehQPSboUCMwKFA
J+qhQO/woUAgOKJAWWiiQKlZokBUgqJAj5aiQNehokC+0aJANcyiQJwKo0AxEaNAXCejQBxD
o0AePqNASoKjQFy3o0DeoqNAceSjQEjlo0D256NAgQukQLdEpEDtT6RA9TukQFuipEBWfKRA
C5ukQFfBpECt2qRA2sykQFjzpEDuH6VAX+akQGRFpUBMU6VAgFilQP2WpUBnpqVA1aqlQLCo
pUAK5KVA5b+lQN3/pUDSJqZAIf6lQKP/pUCrLqZAkmmmQOtJpkD4kKZAxnumQC1xpkAnmKZA
I62mQLK8pkAmyaZAZdWmQLPipkBrHKdACTSnQOUlp0B/JqdAQVinQEstp0B7h6dAWHenQM2M
p0BGgadA3qenQDjTp0Bn5adAC82nQJX+p0CmG6hAoQCoQGkrqEBDNKhAkUWoQHBAqECkTahA
+lmoQOF6qEAuZ6hAuIaoQKmKqEAKxKhAu5KoQOOwqEDe26hAHLaoQKnkqEAK76hAlSepQKEN
qUAhJKlAcyipQAdNqUCfQKlAWDqpQC5MqUBse6lAr2upQOSAqUBEpqlAa42pQGGrqUBCvalA
wrypQFKzqUAB26lAAv2pQBETqkDr7qlAxx+qQL7yqUAwA6pAyzyqQCY9qkAnTapA0DWqQJ9h
qkAqSKpA0VaqQKN3qkAsoKpAInKqQNGoqkBHwqpA242qQGLQqkBD06pA4b2qQLPTqkCzv6pA
NdSqQIL4qkB/EatAhf6qQO0Gq0DNF6tApR+rQHg7q0DuNatAqh2rQNJGq0A0KqtA9FKrQEtK
q0BPYatAMXOrQCtYq0ARfqtAiKOrQOh7q0DAm6tA3tCrQK6eq0ARzqtA4N+rQBvaq0B41KtA
+c2rQHfZq0BzzatAeR+sQIzXq0Ab8atAQwqsQFozrEDpDqxAzyusQNAerECLOaxAS0OsQPlb
rEANVKxAHlasQH9brECyWqxAXWasQG1GrEBKeKxA032sQNmarEBioqxAHXesQDyZrEB2qKxA
TaasQGmtrEDU1KxAL6SsQO2/rEC90qxAA8WsQM3irECp6axAmQGtQBnsrEB9M61AkButQOYx
rUA6Oa1AKkatQCs6rUBYU61AYz6tQIQurUCCUK1AP1utQHZqrUAfdK1A5n6tQGaErUApda1A
5VmtQNRsrUA7la1AL6StQKCMrUBDb61AcqKtQJSrrUDRp61AJMStQKrqrUBJ3K1APsitQEHP
rUA93q1AKOCtQPQLrkBX7a1ARACuQAP2rUAY+q1ACPytQAj3rUALK65AFRquQEU5rkBADa5A
yCCuQLw0rkDZTq5A/i+uQKE6rkBXTa5ADVeuQAlbrkDWaa5AkFauQG5OrkDwZK5AZXOuQI6A
rkB6hK5AV4quQJKkrkD5Wq5AydmuQKmdrkAvgq5AhqmuQDyzrkCQoq5AJsKuQAzmrkDCxa5A
Q7SuQDKsrkDLlq5A6MOuQKvsrkBE2q5AW7auQLbsrkD1+65AmuGuQIXsrkBw/65AquKuQGb7
rkAXFq9Ah/quQIQSr0D5Gq9AOxqvQKoGr0B7Jq9AhCevQPEur0A0W69AbievQIY/r0DIRK9A
WSWvQI9Er0DEQ69AWT6vQJlDr0BhZK9AB2OvQE94r0B2o69A7ZivQLqNr0Abi69A8sWvQFCH
r0CMm69AIpCvQFmnr0B2tq9AIbGvQGizr0Clua9AR+OvQMHcr0CCxq9A+OavQKa0r0Dpp69A
o/OvQDYGsEDC4a9A2NmvQAzSr0Dc469AL/SvQHcQsEBGI7BAktuvQBLpr0A5EbBAQvevQODu
r0BVCbBAQvKvQDkqsEDvIbBAqwqwQOs9sEC/OrBAF0KwQI4+sEArSbBAFjawQMlTsEAEU7BA
nVqwQDlRsEAtbLBAU2awQFJGsEDfWLBAqn6wQAxmsEDddbBAeoSwQBtvsEAYnbBA+p2wQAui
sEBOebBAqpiwQADLsEA4rLBAYHewQKqSsEDuj7BARb6wQISmsEA5wrBAP6WwQIfHsEDlxLBA
hLqwQPrQsEDgy7BAQ5SwQEfbsEDS77BAHcWwQN75sEBYELFAPeKwQMjpsEA09LBAlOywQNcH
sUCTJ7FA6gexQFn/sEAC9rBAXwGxQL0FsUCDCrFAviWxQBTzsECVBbFAdA6xQM82sUDrMrFA
MUaxQLAbsUD7QrFA5BGxQCkmsUACUrFAQHGxQCA8sUD9RrFATGixQIRnsUCrdbFAoW6xQG9t
sUA9W7FA6GixQHttsUCgULFAqFqxQBSRsUBjZbFATbCxQJR/sUCZdrFAFmixQDySsUBXk7FA
+IOxQE95sUAkg7FAHbKxQBq5sUAstLFAbZyxQCbQsUCX2bFARsKxQP2VsUDmu7FAjLOxQP+y
sUB66LFAtaSxQJ7HsUB02LFA1caxQOLIsUADA7JAc9+xQBPbsUAb6rFAguixQHLRsUB1CLJA
7/KxQDr7sUAp9LFAZSyyQNfksUC4A7JAmSKyQJQYskAaF7JAs0eyQOI9skAoHrJA4yyyQAoU
skB/A7JAmA+yQP0NskD3FLJAaTiyQPA7skCuJbJAaDSyQJBHskAyLLJAxkayQHtjskBHUrJA
VUCyQFRUskBMSbJAAkKyQCh5skCYUbJAGTqyQKFMskAqQLJAHD6yQONGskDzWLJAjHeyQFxj
skC0ZLJA94CyQDRgskDqbLJAsXKyQPRTskAZgLJAbF2yQISPskAWirJA+5CyQJNzskBobrJA
vJ2yQBeCskBjeLJAuKyyQJ6fskCAorJA0KuyQO3fskDOvbJA6euyQMPdskBUxbJAtNeyQOj5
skBWtrJA/d2yQPvnskBcsbJAD8+yQIYIs0DEzLJAjgKzQDELs0CU5rJAV9qyQDHrskAT0LJA
lveyQGsWs0DYC7NA0LyyQBf/skBJ57JA</AssayYData></Step><Step><CommonData><SampleLocation>3</SampleLocation><SampleID>Octet Buffer</SampleID><SampleGroup></SampleGroup><SampleInfo></SampleInfo><SampleRow>A</SampleRow><SamplePlate>1</SamplePlate><WellType>BUFFER</WellType><Concentration>-1</Concentration><ConcentrationUnits>µg/ml</ConcentrationUnits><MolarConcentration>-1</MolarConcentration><MolarConcUnits>nM</MolarConcUnits><MolecularWeight>0</MolecularWeight><Temperature>30</Temperature><StartTime>9584439</StartTime><AssayTime>100</AssayTime></CommonData><FlowRate>1000</FlowRate><StepType>BASELINE</StepType><StepName>Baseline</StepName><StepStatus>OK</StepStatus><ActualTime>99.9998</ActualTime><CycleTime>0.2</CycleTime><AssayXData Points="500">NZADRgKRA0bPkQNGnJIDRmiTA0Y2lANGA5UDRs+VA0ablgNGaZcDRjWYA0YCmQNG0JkDRpua
A0ZpmwNGNpwDRgOdA0bPnQNGm54DRmmfA0Y1oANGA6EDRs+hA0abogNGaaMDRjWkA0YCpQNG
z6UDRpumA0ZopwNGNagDRgKpA0bPqQNGm6oDRmmrA0Y1rANGA60DRs+tA0acrgNGaK8DRjWw
A0YCsQNGz7EDRpuyA0ZoswNGNbQDRgK1A0bQtQNGm7YDRmm3A0Y1uANGArkDRtC5A0abugNG
absDRjW8A0YCvQNGz70DRpu+A0ZovwNGNcADRgLBA0bPwQNGm8IDRmjDA0Y2xANGA8UDRs/F
A0abxgNGaMcDRjbIA0YDyQNGz8kDRpzKA0ZoywNGNcwDRgPNA0bQzQNGnM4DRmjPA0Y20ANG
AtEDRtDRA0ab0gNGadMDRjbUA0YD1QNGz9UDRpzWA0Zo1wNGNdgDRgLZA0bP2QNGm9oDRmjb
A0Y23ANGA90DRtDdA0ab3gNGad8DRjXgA0YD4QNGz+EDRpviA0Zo4wNGNeQDRgLlA0bR5QNG
m+YDRmnnA0Y16ANGAukDRs/pA0ab6gNGaesDRjXsA0YD7QNGz+0DRpzuA0Zp7wNGNfADRgLx
A0bP8QNGm/IDRmjzA0Y19ANGAvUDRs/1A0ac9gNGaPcDRjX4A0YC+QNGz/kDRpv6A0Zo+wNG
NfwDRgL9A0bQ/QNGm/4DRmn/A0Y2AARGAgEERs8BBEabAgRGaQMERjUEBEYDBQRGzwUERpsG
BEZoBwRGNggERgIJBEbQCQRGnAoERmgLBEY1DARGAw0ERs8NBEacDgRGaQ8ERjUQBEYDEQRG
zxEERpsSBEZoEwRGNhQERgIVBEbPFQRGnBYERmgXBEY1GARGAxkERs8ZBEabGgRGaRsERjUc
BEYCHQRGzx0ERpweBEZpHwRGNSAERgIhBEbPIQRGmyIERmgjBEY1JARGAyUERs8lBEabJgRG
aCcERjUoBEYCKQRGzykERpwqBEZoKwRGNSwERgItBEbPLQRGnC4ERmgvBEY1MARGAjEERs8x
BEabMgRGaTMERjc0BEYCNQRGzzUERp02BEZoNwRGNjgERgM5BEbPOQRGmzoERmk7BEY2PARG
Aj0ERtA9BEacPgRGaD8ERjVABEYDQQRGz0EERpxCBEZoQwRGNUQERgNFBEbPRQRGnEYERmhH
BEY2SARGA0kERs9JBEacSgRGaUsERjZMBEYDTQRGz00ERptOBEZoTwRGNlAERgJRBEbPUQRG
nFIERmhTBEY1VARGA1UERs9VBEabVgRGaFcERjVYBEYDWQRG0FkERpxaBEZoWwRGNlwERgJd
BEbQXQRGm14ERmlfBEY2YARGAmEERtBhBEabYgRGaGMERjVkBEYCZQRGz2UERptmBEZoZwRG
NmgERgJpBEbPaQRGm2oERmlrBEY2bARGAm0ERs9tBEabbgRGaG8ERjVwBEYDcQRG0HEERpxy
BEZocwRGNnQERgN1BEbPdQRGnHYERmh3BEY1eARGA3kERs95BEacegRGaHsERjZ8BEYDfQRG
z30ERpt+BEZpfwRGNoAERgOBBEbQgQRGm4IERmmDBEY1hARGAoUERs+FBEabhgRGaIcERjWI
BEYDiQRGz4kERpuKBEZoiwRGNYwERgKNBEbPjQRGnI4ERmmPBEY1kARGA5EERs+RBEackgRG
aJMERjWUBEYClQRGz5UERpuWBEZolwRGNZgERgOZBEbPmQRGm5oERmmbBEY2nARGAp0ERtCd
BEacngRGaJ8ERjWgBEYCoQRGz6EERpyiBEZoowRGNaQERgKlBEbPpQRGm6YERmmnBEY2qARG
AqkERtCpBEacqgRGaKsERjasBEYCrQRG0K0ERpuuBEZorwRGNbAERgOxBEbPsQRGm7IERmiz
BEY1tARGA7UERs+1BEactgRGabcERjW4BEYCuQRG0LkERpu6BEZouwRGNbwERgK9BEbPvQRG
m74ERmm/BEY2wARGA8EERs/BBEabwgRGaMMERjbEBEYCxQRG0MUERpzGBEZpxwRGNcgERgLJ
BEbQyQRGm8oERmjLBEY1zARGAs0ERs/NBEadzgRGaM8ERjbQBEYD0QRGz9EERpzSBEZo0wRG
NdQERgPVBEbP1QRGnNYERmjXBEY12ARGA9kERs/ZBEab2gRGaNsERjbcBEYC3QRG0N0ERpve
BEZo3wRGNuAERgLhBEbQ4QRGnOIERmnjBEY15ARGA+UERtDlBEac5gRGaecERjXoBEYC6QRG
0OkERpvqBEZo6wRGNewERgPtBEbQ7QRGm+4ERmjvBEY18ARGAvEERtDxBEab8gRGafMERjb0
BEYD9QRG0PUERpz2BEZp9wRGNvgERgL5BEbP+QRGm/oERmj7BEY1/ARGA/0ERs/9BEab/gRG
af8ERjUABUYDAQVG0AEFRpsCBUZoAwVGNQQFRgIFBUbPBQVGmwYFRmgHBUY1CAVGAwkFRs8J
BUabCgVGaAsFRjUMBUYCDQVG0A0FRpsOBUZoDwVGNhAFRgIRBUbQEQVGmxIFRmgTBUY1FAVG
AxUFRtAVBUabFgVGaRcFRjUYBUYDGQVGzxkFRpsaBUZpGwVGNRwFRgIdBUbRHQVGmx4FRmgf
BUY=</AssayXData><AssayYData Points="500">47qxQPn1sUCmz7FAuuCxQDXXsUALpLFAUdaxQOrHsUDxtLFA8s6xQALSsUAF07FAM7GxQDS4
sUCnxbFAt9uxQFDOsUBZxLFAOsGxQL/XsUCfubFAxwqyQA/SsUA7pbFAI6exQBfXsUBp4LFA
s76xQLvKsUAv3rFAC7qxQIzOsUCK47FA5cmxQLjGsUAh77FA5OuxQNPQsUBoAbJAnc2xQIXr
sUBK7bFAmPyxQP7nsUAPALJA0+OxQDHesUDJ4rFA3wayQP7msUBg8LFAXN+xQL3KsUAeybFA
1gWyQCO+sUCf1rFAQuKxQDXQsUCAtLFAQ+qxQA/zsUCAzLFAj+uxQB7YsUBpArJAnvKxQLck
skBW7rFATOaxQFgOskAx5rFAggWyQAr1sUBb37FA09GxQHXosUDw4rFARuqxQA/7sUBkEbJA
8ASyQBPbsUAm+bFACcmxQLjdsUDf87FAZuexQGjdsUBN9bFAkQKyQPT5sUAFC7JA6eSxQI0J
skB99rFATPOxQBYVskAP7rFAxvCxQILJsUD1E7JAL+2xQBIrskCGC7JA5CayQCP5sUDly7FA
BvKxQC34sUDhG7JADAWyQIf5sUCR7LFADf+xQNoSskCc+LFAmM+xQEQWskCiJrJAIRCyQNYo
skB19rFAQPWxQHgJskDR9LFA1QWyQJcOskAQIbJABvSxQB4RskAVBrJAqeqxQBkOskDWG7JA
2+6xQAIZskAnF7JAgxayQKvvsUA1BbJA9xmyQKjisUDm5LFAJTSyQF7hsUD/DrJAyCyyQAL7
sUByN7JA2QyyQNMTskCkNbJAnAiyQBoYskD07bFAyBKyQBoQskBvMbJAuQeyQD3wsUBSArJA
TfKxQIsZskAx+bFA9QuyQMwTskBNBLJAPO+xQB0kskBIFrJAW/WxQNgVskCyCLJAth2yQMJL
skAJD7JAyQOyQE8NskDq+LFAxA2yQHoOskBfPLJAJgWyQJgRskDOK7JAWg2yQHoeskA7LbJA
Ig6yQM8UskDoMLJA2O6xQLMFskAnCrJApESyQLw9skDXJrJAxUayQJr1sUB9/LFAFheyQP8s
skC2V7JAfz6yQG4IskA8IbJAPBKyQLYuskAeSbJATjKyQBwWskB3C7JAORGyQMwuskDNF7JA
oCyyQJ73sUAlOrJALR6yQBovskAn+bFAKxuyQBYbskBo97FAfiqyQLkxskCYHbJAWxOyQFEY
skAoKrJAOSqyQCM9skC6NbJAjh2yQIErskB1LrJAIziyQEIrskCHMLJAySuyQGQpskBDMbJA
6FGyQGIxskCfLbJA0vyxQAQTskCKN7JA7T+yQF0eskBzJ7JATh6yQJQ2skCsN7JAmiqyQP82
skCJF7JAdEGyQNMjskDJG7JAQCSyQCYJskDYJrJAuEmyQDInskABQbJAxCGyQIU3skAe9rFA
WSWyQHkmskAcHbJA8zmyQAWAskBfSbJA9C2yQDRXskDVNrJABjWyQCtDskB+PLJAIEayQBEk
skAGCLJAQjqyQMIkskC1XrJAfhKyQJ4uskD+G7JAGi6yQJNAskBhK7JA2RiyQEA0skB2X7JA
ePGxQGYVskDZF7JAOSqyQOIuskAsH7JAjzOyQB8mskBpPLJABimyQNssskDoNLJAqhiyQFoq
skAfNbJAkzCyQIYhskDGHLJA3i2yQBVVskBmHbJAOWayQNVIskCjSbJAi0uyQMFxskC6NLJA
OUqyQKAuskCVTLJAVTmyQIRFskBORLJAvTGyQPdGskAvO7JAfQOyQDQWskDmKLJACzayQFI9
skBvPrJAbjGyQJMkskDURrJAP0uyQKQoskBYMbJAUSuyQGIYskB2aLJA9FOyQKB0skB8ZrJA
E1CyQG9hskBEWrJAfkGyQDpHskB/QrJA+F6yQBxuskBeR7JAxH6yQM1nskDzO7JA3ICyQIxd
skClL7JAlHuyQD5ZskABUbJA/m6yQGF9skC3hbJA+WCyQOBcskDha7JAkTyyQGFkskDdULJA
kDyyQA1gskAvarJAqjuyQPgyskCvRLJAIT6yQEpdskCMcLJAbjGyQEg2skDyQ7JA5VWyQDc6
skAmQLJAOkOyQMs2skAaX7JAqlGyQFY8skCdMbJA2EayQPBeskBJUrJAOWGyQAQ0skBpcbJA
ylayQC9+skAUabJATWOyQMc+skACU7JASHWyQO9hskBOPbJAN1qyQChXskBeUbJAnnyyQOKA
skCZcbJADVOyQK5mskCdbrJA0nyyQPFQskADVrJAb2GyQOlnskAPaLJAQXWyQNdlskAUcbJA
iSiyQNOZskBRWbJAonGyQM9SskArW7JATEGyQABpskBKf7JAMZGyQASCskCDlrJA7GWyQCFy
skBiZLJA3n6yQHdyskB4TLJAgG+yQGlRskByYrJAeX+yQP9EskCMmbJAjHGyQClOskANebJA
fWiyQMFgskDbsbJANn+yQMBpskAaerJAc3CyQA9uskD7TbJA5ZWyQEdzskBEfrJAbXyyQFxg
skCghrJAwHKyQB9kskCDXbJAf3ayQNWXskBZW7JA/V+yQM95skBXWLJAp3ayQM9dskAAZ7JA
GIuyQG6PskCKkLJAa3qyQBpjskBse7JA1nSyQAN6skAljrJAZpCyQL6UskCjgLJA95KyQAeB
skA=</AssayYData></Step><Step><CommonData><SampleLocation>4</SampleLocation><SampleID>hsCD3d/e_Acro_CDD-H52W1</SampleID><SampleGroup></SampleGroup><SampleInfo></SampleInfo><SampleRow>A</SampleRow><SamplePlate>1</SamplePlate><WellType>KSAMPLE</WellType><Concentration>-1</Concentration><ConcentrationUnits>µg/ml</ConcentrationUnits><MolarConcentration>200</MolarConcentration><MolarConcUnits>nM</MolarConcUnits><MolecularWeight>0</MolecularWeight><Temperature>30</Temperature><StartTime>9692860</StartTime><AssayTime>180</AssayTime></CommonData><FlowRate>1000</FlowRate><StepType>ASSOC</StepType><StepName>Association</StepName><StepStatus>OK</StepStatus><ActualTime>180</ActualTime><CycleTime>0.2</CycleTime><AssayXData Points="900">NSAFRgIhBUbQIQVGmyIFRmgjBUY1JAVGAiUFRtAlBUabJgVGaCcFRjYoBUYCKQVG0CkFRpsq
BUZoKwVGNSwFRgMtBUbPLQVGnC4FRmgvBUY2MAVGAzEFRtAxBUabMgVGaDMFRjY0BUYCNQVG
zzUFRps2BUZoNwVGNTgFRgI5BUbPOQVGnToFRmg7BUY2PAVGAz0FRtA9BUacPgVGaD8FRjVA
BUYCQQVGz0EFRpxCBUZpQwVGNUQFRgRFBUbPRQVGm0YFRmhHBUY1SAVGAkkFRs9JBUacSgVG
aUsFRjVMBUYCTQVGz00FRptOBUZoTwVGNVAFRgJRBUbPUQVGm1IFRmlTBUY2VAVGA1UFRs9V
BUabVgVGaFcFRjZYBUYCWQVGz1kFRpxaBUZoWwVGNVwFRgNdBUbQXQVGnF4FRmhfBUY1YAVG
A2EFRtBhBUabYgVGaWMFRjVkBUYDZQVG0GUFRpxmBUZoZwVGNmgFRgJpBUbPaQVGnGoFRmlr
BUY2bAVGA20FRs9tBUacbgVGaG8FRjVwBUYEcQVGz3EFRptyBUZpcwVGNnQFRgN1BUbQdQVG
m3YFRml3BUY1eAVGA3kFRs95BUabegVGaHsFRjZ8BUYCfQVG0H0FRpt+BUZofwVGNoAFRgKB
BUbPgQVGm4IFRmiDBUY1hAVGA4UFRtCFBUabhgVGaYcFRjaIBUYCiQVG0YkFRpyKBUZpiwVG
NowFRgKNBUbPjQVGnI4FRmiPBUY1kAVGA5EFRs+RBUackgVGaZMFRjaUBUYClQVGz5UFRp2W
BUZolwVGNpgFRgOZBUbPmQVGm5oFRmibBUY1nAVGAp0FRtCdBUabngVGaZ8FRjagBUYDoQVG
z6EFRpuiBUZoowVGNqQFRgOlBUbPpQVGm6YFRminBUY2qAVGA6kFRs+pBUabqgVGaasFRjWs
BUYCrQVGz60FRpuuBUZorwVGNbAFRgOxBUbQsQVGm7IFRmizBUY1tAVGA7UFRs+1BUactgVG
aLcFRja4BUYCuQVGz7kFRpu6BUZouwVGNbwFRgK9BUbPvQVGm74FRmi/BUY1wAVGAsEFRs/B
BUacwgVGaMMFRjXEBUYDxQVGz8UFRpvGBUZoxwVGNsgFRgLJBUbPyQVGnMoFRmnLBUY1zAVG
As0FRtDNBUaczgVGac8FRjbQBUYD0QVGz9EFRpvSBUZp0wVGNdQFRgLVBUbP1QVGm9YFRmjX
BUY12AVGA9kFRs/ZBUab2gVGaNsFRjXcBUYD3QVGz90FRpveBUZo3wVGNuAFRgLhBUbP4QVG
m+IFRmjjBUY15AVGA+UFRs/lBUac5gVGaecFRjboBUYD6QVG0OkFRpvqBUZo6wVGNewFRgLt
BUbP7QVGm+4FRmjvBUY18AVGAvEFRtDxBUac8gVGgPMFRjX0BUYD9QVGz/UFRpv2BUZo9wVG
NfgFRgL5BUbQ+QVGm/oFRmn7BUY1/AVGAv0FRtD9BUab/gVGaP8FRjUABkYDAQZGzwEGRpwC
BkZpAwZGNQQGRgMFBkbQBQZGnAYGRmgHBkY1CAZGAgkGRs8JBkacCgZGaQsGRjYMBkYCDQZG
zw0GRpsOBkZoDwZGNRAGRgIRBkbQEQZGmxIGRmgTBkY2FAZGAhUGRs8VBkabFgZGaRcGRjYY
BkYCGQZGzxkGRpsaBkZpGwZGNRwGRgIdBkbQHQZGmx4GRmgfBkY1IAZGAiEGRtAhBkabIgZG
aSMGRjUkBkYDJQZG0CUGRpsmBkZpJwZGNSgGRgIpBkbPKQZGmyoGRmgrBkY1LAZGAi0GRs8t
BkacLgZGaC8GRjUwBkYCMQZG0DEGRpwyBkZoMwZGNTQGRgI1BkbPNQZGnDYGRmg3BkY1OAZG
AjkGRtA5BkacOgZGaDsGRjU8BkYCPQZG0D0GRps+BkZoPwZGNkAGRgNBBkbPQQZGm0IGRmlD
BkY2RAZGA0UGRs9FBkacRgZGaEcGRjVIBkYDSQZGz0kGRptKBkZoSwZGNUwGRgNNBkbQTQZG
m04GRmlPBkY1UAZGA1EGRs9RBkacUgZGaVMGRjVUBkYDVQZGz1UGRptWBkZoVwZGNVgGRgNZ
BkbPWQZGnFoGRmhbBkY1XAZGA10GRtBdBkabXgZGaF8GRjVgBkYDYQZGz2EGRpxiBkZoYwZG
NWQGRgJlBkbPZQZGm2YGRmhnBkY2aAZGAmkGRtBpBkabagZGaGsGRjZsBkYDbQZGz20GRptu
BkZobwZGNXAGRgNxBkbPcQZGnHIGRmhzBkY2dAZGA3UGRs91BkacdgZGaHcGRjZ4BkYCeQZG
z3kGRpt6BkZoewZGNXwGRgJ9BkbQfQZGm34GRml/BkY1gAZGAoEGRs+BBkabggZGaIMGRjWE
BkYChQZG0IUGRpuGBkZohwZGNYgGRgOJBkbPiQZGm4oGRmmLBkY1jAZGAo0GRs+NBkacjgZG
aI8GRjWQBkYCkQZGz5EGRpySBkZpkwZGNZQGRgOVBkbPlQZGm5YGRmiXBkY2mAZGA5kGRtCZ
BkabmgZGaJsGRjacBkYCnQZGz50GRpueBkZqnwZGNaAGRgKhBkbQoQZGnKIGRmmjBkY1pAZG
A6UGRs+lBkacpgZGaacGRjWoBkYCqQZG0KkGRpuqBkZoqwZGNawGRgKtBkbQrQZGm64GRmiv
BkY1sAZGArEGRs+xBkabsgZGabMGRjW0BkYDtQZGz7UGRpu2BkZotwZGNrgGRgO5BkbPuQZG
m7oGRmi7BkY1vAZGA70GRtC9BkacvgZGab8GRjbABkYCwQZGz8EGRpvCBkZowwZGNsQGRgPF
BkbQxQZGm8YGRmjHBkY1yAZGAskGRs/JBkabygZGaMsGRjbMBkYCzQZGz80GRpzOBkZozwZG
NdAGRgLRBkbP0QZGnNIGRmjTBkY11AZGAtUGRtDVBkac1gZGaNcGRjXYBkYC2QZG0NkGRpva
BkZo2wZGNdwGRgLdBkbP3QZGm94GRmjfBkY24AZGA+EGRtDhBkac4gZGaOMGRkXkBkYC5QZG
z+UGRpvmBkZp5wZGNegGRgPpBkbQ6QZGm+oGRmnrBkY27AZGAu0GRs/tBkab7gZGaO8GRjbw
BkYC8QZG0PEGRpvyBkZp8wZGNvQGRgL1BkbP9QZGm/YGRmj3BkY1+AZGAvkGRtD5Bkab+gZG
afsGRjX8BkYC/QZGz/0GRpv+BkZo/wZGNQAHRgIBB0bQAQdGmwIHRmgDB0Y2BAdGAwUHRs8F
B0abBgdGaAcHRjUIB0YDCQdG0AkHRpsKB0ZpCwdGNQwHRgINB0bPDQdGnA4HRmgPB0Y2EAdG
AhEHRtARB0acEgdGaBMHRjUUB0YCFQdG0BUHRpsWB0ZoFwdGNRgHRgMZB0bQGQdGmxoHRmkb
B0Y1HAdGAx0HRtAdB0acHgdGaB8HRjYgB0YCIQdG0CEHRpsiB0ZoIwdGNSQHRgMlB0bQJQdG
myYHRmgnB0Y1KAdGAikHRs8pB0abKgdGaSsHRjcsB0YCLQdG0C0HRpsuB0ZoLwdGNTAHRgMx
B0bPMQdGmzIHRmgzB0Y2NAdGAzUHRtA1B0abNgdGaDcHRjU4B0YDOQdG0DkHRpw6B0ZpOwdG
NTwHRgI9B0bPPQdGmz4HRmg/B0Y1QAdGA0EHRs9BB0abQgdGaUMHRjZEB0YCRQdGz0UHRptG
B0ZpRwdGNkgHRgJJB0bPSQdGnEoHRmhLB0Y2TAdGAk0HRtBNB0abTgdGaE8HRjVQB0YDUQdG
0FEHRpxSB0ZoUwdGNVQHRgNVB0bPVQdGm1YHRmhXB0Y2WAdGAlkHRs9ZB0acWgdGaFsHRjZc
B0YDXQdGz10HRpteB0ZoXwdGNWAHRgJhB0bPYQdGm2IHRmljB0Y1ZAdGAmUHRtBlB0acZgdG
aGcHRjVoB0YCaQdGz2kHRptqB0ZpawdGNWwHRgNtB0bQbQdGm24HRmhvB0Y2cAdGAnEHRs9x
B0abcgdGaHMHRjV0B0YDdQdG0HUHRpt2B0ZpdwdGNXgHRgJ5B0bReQdGm3oHRmp7B0Y2fAdG
An0HRs99B0abfgdGaX8HRjWAB0YDgQdGz4EHRpyCB0ZpgwdGNoQHRgKFB0bPhQdGm4YHRmmH
B0Y2iAdGAokHRs+JB0acigdGaYsHRjWMB0YDjQdG0I0HRpuOB0ZpjwdGNZAHRgKRB0bQkQdG
nJIHRmiTB0Y2lAdGApUHRtCVB0ablgdGaJcHRjaYB0YDmQdGz5kHRpyaB0ZomwdGNpwHRgKd
B0bPnQdGnJ4HRmifB0Y2oAdGAqEHRs+hB0acogdGaKMHRjakB0YCpQdG0KUHRpumB0ZopwdG
NagHRgKpB0bQqQdGm6oHRmirB0Y1rAdGAq0HRs+tB0abrgdGaK8HRjawB0YDsQdG0LEHRpyy
B0ZpswdGNbQHRgO1B0bQtQdGnLYHRmi3B0Y2uAdGArkHRtC5B0acugdGaLsHRjW8B0YCvQdG
0L0HRpy+B0ZovwdGNcAHRgPBB0bPwQdGnMIHRmnDB0Y1xAdGA8UHRtDFB0abxgdGaMcHRjbI
B0YCyQdGz8kHRpvKB0ZpywdGNswHRgPNB0bQzQdGnM4HRmjPB0Y10AdGA9EHRs/RB0ab0gdG
aNMHRjXUB0YL1QdG0NUHRpvWB0Zp1wdGNdgHRgLZB0bP2QdGm9oHRmnbB0Y13AdGAt0HRtDd
B0ac3gdGaN8HRjXgB0YD4QdGz+EHRpziB0Zp4wdGNeQHRgPlB0bP5QdGnOYHRmjnB0Y26AdG
AukHRs/pB0ab6gdGaOsHRjXsB0YC7QdG0O0HRpvuB0Zo7wdG</AssayXData><AssayYData Points="900">djGyQIusskDMxrJASMuyQOgAs0CH87JAgwizQMHnskCXH7NAoxKzQOQfs0CMArNAIBWzQMoj
s0D2HLNAvzSzQOxOs0BLLrNAJkqzQPZJs0BkNbNAPmGzQClBs0A8RLNAj1OzQMZjs0C8XbNA
KlCzQII0s0CQUrNAjj+zQJVDs0CQSbNATEazQIKEs0CdULNANW+zQM46s0B8ObNAFlmzQHt9
s0DLcLNAJU2zQHVts0DTV7NAbVGzQO9xs0B+gLNAXVizQAZts0CAhLNAEHuzQNVTs0BdXrNA
FYOzQFWGs0BzlbNAhoazQGRys0B3gLNA0XWzQO1Xs0DFdbNA7nezQJyes0DHjLNAUaCzQI2L
s0DZZLNAlIOzQONXs0DtUrNAAG+zQM1qs0CVg7NA9YOzQENzs0C9b7NA5ICzQE2Qs0D4prNA
4XqzQMuKs0CEjbNA/3yzQFyUs0CykrNAe2qzQOaQs0CjcbNAyXqzQBOXs0CXcrNACZmzQK+p
s0Byf7NAK3mzQEyUs0AVi7NAnnWzQCOqs0COkLNAQo+zQMGps0Brg7NAgqazQAuJs0B7pLNA
toizQNmHs0Cpb7NApHqzQM6ds0CipbNANYWzQOaks0DBorNAf6WzQNyTs0CNk7NAj6OzQFmD
s0AnnbNA9pGzQJKos0BmqbNAnb6zQN2ls0AFobNAuM+zQB26s0BGpLNA9o+zQGLSs0DLxLNA
YZKzQN+ls0DJyrNAXcGzQBLMs0Ddp7NAsKuzQF7as0BhpbNAVa+zQGG7s0AE17NA2rGzQG3v
s0DSxrNAosazQPzMs0B6oLNAN6WzQPDCs0B+wrNAzr2zQLvXs0BxzbNACuuzQFXJs0BUzLNA
AcKzQGi2s0D9tLNAQc6zQKvDs0D66LNApLKzQJ/cs0Cpv7NAys2zQILUs0Bk1LNA9M+zQBrM
s0AyxrNAftSzQFHHs0A90rNAvxm0QHbxs0Am7rNAd8azQCP5s0Cm0bNAxeOzQEXJs0C63bNA
cvmzQPb1s0CvzrNAi9GzQPnss0DhArRA+cSzQOTYs0B9FrRAgM2zQKgFtEA947NAQdWzQMH6
s0B13LNAM7azQJrOs0CI6bNAAPCzQOnWs0Cx27NA7c+zQGPos0D49bNAksqzQOrVs0CA9rNA
Hd2zQD/os0DN6LNAvQa0QJnvs0Cy1LNABhW0QI78s0DeELRAJvmzQN/js0DN+bNAshy0QDwE
tEAJ+7NAx/+zQO//s0ATIbRA3xG0QMgWtECN+LNAHfGzQNMJtEDN97NAUgG0QPcMtEA4ALRA
owS0QOILtEB3CbRAbPyzQCQ5tEDtA7RAv0W0QGMFtEBMD7RABge0QEwntEALJrRAvBi0QFkP
tEAGNrRAviC0QLwZtECmA7RAGhC0QDMptEC1LbRAXNCzQFvns0CNErRAwB20QDwWtEADKrRA
auCzQM4YtEDfH7RA7OizQITvs0BfObRACSi0QKsWtED+FbRA2gK0QAL/s0DuJrRAPDq0QGkL
tECuILRAhiO0QCJNtEDCErRA5EG0QFQrtECMKLRA9SC0QH5CtEDvUbRAGSG0QKBPtECQZbRA
KCC0QKlatEBXKLRAIwe0QM9BtEBpY7RAPSa0QLpmtEB7FrRAegu0QNRCtED2XbRAZC+0QEJA
tEBaZbRA7Rm0QGRAtEDyPLRADja0QBQctEBDTrRA2xq0QAI+tEDzTrRANDu0QGZEtEBnUbRA
Gkq0QP5etEAzRrRAsU+0QOkutEC/OrRAFFG0QMlftEDuMbRABkC0QLlbtECxQ7RAx2C0QBBe
tEAlWLRAAly0QJdatEDEO7RAIoG0QEhJtEDJILRAtze0QNaMtEDcZrRAqVi0QNl+tEAUQLRA
rl20QKFxtEAkbrRA0F20QF5QtEBrZ7RA8V60QHVjtECsdLRAyU+0QDmDtEBJmbRAjYG0QFNU
tED7XrRAHFC0QKVhtECqbbRA2IC0QIVVtEAva7RAt3a0QFhUtEDhhrRAs220QBiHtEBHW7RA
kYy0QHOFtEBjfrRAGWW0QNKBtECwfrRAI5S0QEZ4tEDihbRAKIa0QFV0tECFdLRAeIa0QDqC
tECzmrRAJnO0QGaQtEBDgbRATXW0QJKdtECcf7RA72e0QHNptEBygLRAT6q0QAhjtEAyn7RA
QU+0QMOZtEAqg7RAe5K0QAyVtEBGmLRA+pO0QK1vtEDspbRAJ3W0QCGKtEC7jrRAAqW0QFmf
tECSe7RASI60QJJ5tEBdi7RAMl60QNtwtEAHgbRAK5W0QFh7tEA8cLRA+ZW0QCSEtEA9fLRA
e4+0QJRbtEBgqrRAs3C0QGehtEB2jbRAt6u0QEuWtEBhZrRAT520QOGStEARf7RA45O0QB67
tECRqbRABpe0QMGYtEC+erRAXXm0QCbHtEC0sbRAp560QBiatEBXjbRAZI60QEaHtEBWtbRA
25q0QLOWtEBdhbRA35+0QH6wtECQsbRAiHG0QD+itEDB0LRAPaK0QAKdtEB6kLRAFbK0QLed
tEBnx7RA3sO0QObNtEDwkbRAnKW0QGi2tECzrrRAdca0QKbBtEBX1bRAhLe0QKu0tEBUi7RA
ifK0QBrEtECqtrRA6MG0QKfEtEDy2bRArPS0QHKwtECiq7RAsfG0QCHEtECjtrRAHeS0QHrY
tEA82LRAJ8q0QIzFtEA54bRA3Ne0QObEtEBf27RAOOm0QLfqtEDByrRAjNu0QOrQtECJ07RA
Mdy0QC3LtEBE5bRAnwW1QHXktECz87RAsc60QKfCtEAi7LRAAgm1QMzPtECv6LRAZcy0QLLq
tEAA8bRAH9+0QKvbtEDA67RA4Pu0QP3NtEAQ17RAX/K0QLDotEArBbVA3Ay1QEHatEDl1rRA
B+20QOnqtEB79bRApQO1QEjVtECP3rRAGuW0QJa4tEAm8rRAtQm1QD3xtEAt8bRA2wO1QM4S
tUDs0rRA4gu1QJMktUDu57RAeQy1QGY+tUDcCrVA6Pm0QE0GtUDoGrVASR21QLbvtEBg/LRA
uO60QEUatUBb97RATi+1QLkotUCA8bRA+xO1QIQVtUAEE7VAMQW1QGTztEDqGbVALCC1QCYR
tUAZM7VAbw61QAwntUBQPrVAiB61QL8ZtUARErVAXh+1QIw3tUBCIrVAakW1QHottUBZ87RA
4i21QMIxtUBXRbVAgzK1QMgxtUDWDLVAaiK1QFo2tUCSNrVAgBy1QCQ6tUBqOrVAZD61QLRO
tUARQrVAuRO1QFxQtUCtQLVAmy61QNQ6tUAQNrVAFUK1QC42tUDSP7VAnjK1QKVhtUDzMLVA
4zS1QAAhtUCdKbVApi+1QKr+tEAwJ7VAdkG1QDgItUBCPLVAyz61QFYjtUDUZrVAHyS1QPU/
tUCfO7VAwSq1QNUstUDuNbVACAa1QFMytUB1O7VAmze1QKQztUDpS7VAETW1QOdOtUDmNrVA
/iy1QGA0tUA9LLVAxzK1QGwVtUB7SbVATVC1QOVYtUASK7VAQh21QN1DtUCNIrVACkS1QOA6
tUBLRbVAVVO1QAZ4tUBeULVA1mC1QO4dtUDEWbVAUl21QDNOtUBaHbVABT+1QGwltUAhWLVA
nlC1QJRVtUAuWLVA/Gu1QFRatUCtO7VA7mq1QJRotUBpbLVA6Wm1QOBGtUDnZLVAUY+1QCth
tUA4d7VAB2O1QOxNtUD5XrVA6na1QDtltUCAaLVAY461QLpwtUD6ZLVA0IK1QM+LtUBcX7VA
AWO1QL5btUC4RLVA+nC1QFp+tUCOg7VAsW21QBuOtUB5d7VAlJK1QPCJtUD7RrVAu1a1QPV9
tUDvdLVATHy1QC6AtUDpfLVAPFu1QIqAtUDsbrVA4Xa1QDRitUBGibVAjpa1QOCGtUABqLVA
14W1QH6CtUBhqrVAXG61QKWntUD9iLVAKa21QDJwtUB7gLVAVoe1QIaVtUALq7VA/rO1QMGT
tUDylbVAUMC1QFCbtUAribVAuKO1QOebtUB2jbVA4p61QFWdtUD4hLVAgKK1QHCptUCJj7VA
5aa1QGeitUAgnrVApLG1QJWytUBRkrVAOJq1QEiYtUAHwrVAD4a1QKKptUDfmrVAB7S1QD7P
tUDlxrVAEY21QOqjtUCE2bVAv8G1QAjBtUDYsbVAXa+1QCvTtUBdrrVAjtm1QHe7tUC2ybVA
7Me1QKmmtUDZxrVAptq1QCy3tUDzxLVAj7q1QMfetUDuvbVAzdW1QOCstUALsLVA/ei1QG6+
tUCZq7VArtO1QEvDtUCl0bVAAe21QHP1tUB12LVAK/G1QELztUCZjbVAzuq1QJzHtUAWvLVA
f6i1QMX8tUDow7VAW9u1QB/ptUAjrrVASsO1QOyftUCju7VAode1QNLQtUD14bVAm9O1QEPh
tUA+xbVA8461QBHXtUCw7LVAjfO1QK3ptUBq7LVAYrC1QATotUB8yLVAdLq1QDDqtUB05rVA
09G1QF3WtUDczrVA3d21QHvRtUB2ArZAnci1QLsEtkAN47VAUfG1QLLatUB/6rVAP+m1QHDs
tUDh0rVAxxe2QDPotUBB7bVAnNy1QE3htUBRCLZA/e21QOjztUBF+LVAuPW1QOH7tUCe8rVA
8NK1QM76tUAA+LVAYdi1QNkHtkAI+bVA1Ru2QIT4tUBJ5LVATu+1QEkDtkCWBbZAztO1QFPZ
tUA2CbZAivu1QPv/tUBoFbZAQgO2QOYWtkAsHrZAOwa2QEzatUDg/7VA2Oe1QPvbtUAE/7VA
rfK1QMTMtUCN7bVAxfG1QC7otUBf47VAuA62QCfvtUCHCrZA</AssayYData></Step><Step><CommonData><SampleLocation>3</SampleLocation><SampleID>Octet Buffer</SampleID><SampleGroup></SampleGroup><SampleInfo></SampleInfo><SampleRow>A</SampleRow><SamplePlate>1</SamplePlate><WellType>BUFFER</WellType><Concentration>-1</Concentration><ConcentrationUnits>µg/ml</ConcentrationUnits><MolarConcentration>-1</MolarConcentration><MolarConcUnits>nM</MolarConcUnits><MolecularWeight>0</MolecularWeight><Temperature>30</Temperature><StartTime>9881248</StartTime><AssayTime>300</AssayTime></CommonData><FlowRate>1000</FlowRate><StepType>DISASSOC</StepType><StepName>Dissociation</StepName><StepStatus>OK</StepStatus><ActualTime>300.001</ActualTime><CycleTime>0.2</CycleTime><AssayXData Points="1500">NfAHRgLxB0bQ8QdGnPIHRmnzB0Y19AdGA/UHRs/1B0ab9gdGaPcHRjX4B0YC+QdGz/kHRpv6
B0Zo+wdGNfwHRgL9B0bP/QdGnP4HRmj/B0Y2AAhGAwEIRs8BCEabAghGaQMIRjUECEYDBQhG
zwUIRpsGCEZoBwhGNQgIRgIJCEbQCQhGmwoIRmkLCEY1DAhGAw0IRs8NCEabDghGaQ8IRjUQ
CEYCEQhGzxEIRpsSCEZpEwhGNRQIRgMVCEbPFQhGmxYIRmgXCEY2GAhGAxkIRs8ZCEabGghG
aBsIRjYcCEYDHQhGzx0IRpweCEZpHwhGNiAIRgIhCEbPIQhGnCIIRmkjCEY1JAhGAyUIRs8l
CEacJghGaScIRjUoCEYCKQhGzykIRpsqCEZoKwhGNSwIRgItCEbPLQhGmy4IRmgvCEY1MAhG
AzEIRtAxCEabMghGaDMIRjY0CEYCNQhGzzUIRps2CEZpNwhGNTgIRgI5CEbQOQhGmzoIRmg7
CEY1PAhGAj0IRs89CEabPghGaT8IRjVACEYCQQhGz0EIRptCCEZoQwhGNkQIRgNFCEbPRQhG
nEYIRmlHCEY1SAhGA0kIRs9JCEabSghGaUsIRjVMCEYDTQhGz00IRpxOCEZpTwhGNVAIRgJR
CEbPUQhGnFIIRmlTCEY1VAhGA1UIRtBVCEabVghGalcIRjVYCEYDWQhG0FkIRpxaCEZpWwhG
NlwIRgJdCEbQXQhGm14IRmhfCEY1YAhGAmEIRs9hCEabYghGaGMIRjVkCEYCZQhGz2UIRptm
CEZoZwhGNWgIRgJpCEbPaQhGm2oIRmhrCEY2bAhGAm0IRs9tCEabbghGaG8IRjZwCEYDcQhG
0HEIRptyCEZocwhGNXQIRgJ1CEbQdQhGnHYIRmh3CEY1eAhGA3kIRs95CEabeghGaXsIRjV8
CEYCfQhGz30IRpx+CEZpfwhGNYAIRgKBCEbPgQhGm4IIRmmDCEY2hAhGA4UIRtGFCEachghG
aYcIRjaICEYDiQhGz4kIRpyKCEZpiwhGNYwIRgKNCEbPjQhGm44IRmiPCEY2kAhGA5EIRs+R
CEabkghGaJMIRjaUCEYClQhG0JUIRpyWCEZplwhGNZgIRgKZCEbQmQhGm5oIRmmbCEY1nAhG
A50IRs+dCEacnghGaJ8IRjWgCEYDoQhG0KEIRpuiCEZoowhGNaQIRgKlCEbQpQhGm6YIRmin
CEY2qAhGAqkIRs+pCEabqghGaKsIRjWsCEYCrQhGz60IRpuuCEZorwhGNbAIRgKxCEbPsQhG
nLIIRmizCEY1tAhGA7UIRtC1CEabtghGaLcIRjW4CEYCuQhGz7kIRpu6CEZpuwhGNrwIRgK9
CEbPvQhGm74IRmm/CEY1wAhGAsEIRs/BCEabwghGacMIRjXECEYDxQhGz8UIRpvGCEZoxwhG
NcgIRgPJCEbPyQhGm8oIRmjLCEY1zAhGAs0IRs/NCEaczghGaM8IRjXQCEYC0QhG0NEIRpzS
CEZp0whGNtQIRgLVCEbQ1QhGm9YIRmjXCEY12AhGAtkIRs/ZCEac2ghGadsIRjXcCEYD3QhG
0N0IRpveCEZo3whGNeAIRgLhCEbP4QhGnOIIRmnjCEY15AhGA+UIRs/lCEab5ghGaOcIRjXo
CEYC6QhGz+kIRpvqCEZp6whGNuwIRgLtCEbQ7QhGnO4IRmjvCEY18AhGAvEIRtDxCEac8ghG
afMIRjX0CEYD9QhG0PUIRpv2CEZp9whGNvgIRgP5CEbP+QhGnPoIRmj7CEY1/AhGA/0IRs/9
CEac/ghGaP8IRjcACUYCAQlG0AEJRpsCCUZoAwlGNgQJRgIFCUbPBQlGnAYJRmkHCUY1CAlG
AgkJRtAJCUacCglGaQsJRjUMCUYCDQlGzw0JRpsOCUZoDwlGNhAJRgIRCUbQEQlGmxIJRmkT
CUY2FAlGAhUJRtAVCUacFglGaBcJRjUYCUYDGQlG0BkJRpsaCUZoGwlGNRwJRgIdCUbQHQlG
mx4JRmgfCUY1IAlGAiEJRs8hCUacIglGaCMJRjUkCUYCJQlG0CUJRpwmCUZoJwlGNSgJRgMp
CUbQKQlGnCoJRmkrCUY1LAlGAi0JRtAtCUacLglGaC8JRjUwCUYDMQlGzzEJRpwyCUZpMwlG
NTQJRgM1CUbQNQlGmzYJRmg3CUY1OAlGAjkJRtA5CUabOglGaTsJRjU8CUYDPQlG0D0JRps+
CUZoPwlGNkAJRgNBCUbPQQlGm0IJRmhDCUY2RAlGAkUJRtBFCUacRglGaEcJRjZICUYCSQlG
0EkJRpxKCUZoSwlGNUwJRgNNCUbPTQlGm04JRmhPCUY2UAlGA1EJRtBRCUabUglGaFMJRjZU
CUYCVQlG0FUJRpxWCUZoVwlGNlgJRgJZCUbQWQlGnFoJRmhbCUY1XAlGAl0JRs9dCUabXglG
aF8JRjVgCUYCYQlG0GEJRptiCUZoYwlGNmQJRgNlCUbQZQlGnGYJRmhnCUY1aAlGA2kJRs9p
CUabaglGaWsJRjVsCUYCbQlGz20JRptuCUZobwlGNXAJRgJxCUbPcQlGnHIJRmhzCUY1dAlG
AnUJRs91CUabdglGaHcJRjV4CUYCeQlG0HkJRpt6CUZoewlGNXwJRgJ9CUbPfQlGm34JRml/
CUY2gAlGA4EJRtCBCUacgglGaYMJRjWECUYChQlGz4UJRpuGCUZphwlGNYgJRgOJCUbQiQlG
nIoJRmiLCUY1jAlGA40JRs+NCUacjglGaI8JRjaQCUYCkQlGz5EJRpySCUZokwlGNZQJRgOV
CUbPlQlGm5YJRmmXCUY1mAlGA5kJRs+ZCUacmglGaZsJRjWcCUYCnQlG0J0JRpueCUZonwlG
NaAJRgOhCUbPoQlGm6IJRmmjCUY2pAlGAqUJRtClCUabpglGaacJRjWoCUYDqQlGz6kJRpyq
CUZoqwlGNqwJRgKtCUbQrQlGm64JRmivCUY1sAlGArEJRs+xCUabsglGabMJRjW0CUYCtQlG
z7UJRpu2CUZotwlGNrgJRgK5CUbQuQlGm7oJRmi7CUY1vAlGAr0JRs+9CUacvglGab8JRjbA
CUYCwQlG0MEJRpvCCUZowwlGNcQJRgPFCUbQxQlGm8YJRmjHCUY2yAlGAskJRs/JCUacyglG
aMsJRjXMCUYCzQlGz80JRpvOCUZozwlGNdAJRgLRCUbP0QlGnNIJRmjTCUY11AlGA9UJRtDV
CUab1glGadcJRjbYCUYC2QlG0NkJRpvaCUZo2wlGNtwJRgPdCUbQ3QlGm94JRmjfCUY14AlG
AuEJRtDhCUab4glGaOMJRjXkCUYC5QlG0OUJRpvmCUZo5wlGNegJRgPpCUbP6QlGnOoJRmnr
CUY27AlGAu0JRs/tCUac7glGae8JRjbwCUYC8QlG0PEJRpvyCUZo8wlGNvQJRgP1CUbQ9QlG
m/YJRmj3CUY1+AlGAvkJRs/5CUac+glGaPsJRjX8CUYC/QlGz/0JRpv+CUZo/wlGNgAKRgMB
CkbPAQpGmwIKRmkDCkY1BApGAgUKRs8FCkabBgpGaAcKRjYICkYDCQpGzwkKRpsKCkZoCwpG
NgwKRgINCkbPDQpGmw4KRmgPCkY2EApGAhEKRs8RCkabEgpGaBMKRjUUCkYCFQpG0BUKRpsW
CkZpFwpGNhgKRgIZCkbQGQpGnBoKRmobCkY1HApGAh0KRs8dCkabHgpGaB8KRjUgCkYCIQpG
0CEKRpwiCkZoIwpGNSQKRgIlCkbPJQpGnCYKRmgnCkY2KApGAikKRs8pCkabKgpGaCsKRjUs
CkYDLQpG0C0KRpsuCkZoLwpGNjAKRgMxCkbPMQpGnDIKRmgzCkY2NApGAzUKRs81CkacNgpG
aDcKRjU4CkYCOQpGzzkKRps6CkZoOwpGNjwKRgM9CkbPPQpGmz4KRmg/CkY1QApGAkEKRs9B
CkacQgpGaEMKRjVECkYCRQpGz0UKRptGCkZoRwpGNkgKRgNJCkbPSQpGm0oKRmhLCkY2TApG
A00KRtBNCkabTgpGaE8KRjVQCkYCUQpG0FEKRpxSCkZoUwpGNlQKRgJVCkbPVQpGnFYKRmhX
CkY2WApGA1kKRtBZCkabWgpGaFsKRjZcCkYDXQpGz10KRpteCkZoXwpGNWAKRgJhCkbPYQpG
m2IKRmhjCkY2ZApGAmUKRtBlCkabZgpGaWcKRjdoCkYCaQpG0GkKRptqCkZoawpGNWwKRgNt
CkbPbQpGm24KRmhvCkY1cApGA3EKRs9xCkabcgpGaHMKRjV0CkYCdQpGz3UKRpt2CkZodwpG
NngKRgJ5CkbPeQpGnHoKRml7CkY2fApGAn0KRs99CkacfgpGaH8KRjaACkYCgQpG0IEKRpuC
CkZpgwpGNYQKRgKFCkbPhQpGm4YKRmiHCkY1iApGAokKRs+JCkacigpGaIsKRjWMCkYDjQpG
0I0KRp2OCkZojwpGNpAKRgKRCkbQkQpGm5IKRmiTCkY2lApGApUKRs+VCkablgpGaJcKRjaY
CkYDmQpG0JkKRpyaCkZomwpGNZwKRgKdCkbPnQpGm54KRmifCkY2oApGAqEKRtChCkacogpG
aaMKRjakCkYDpQpG0KUKRpumCkZppwpGNqgKRgOpCkbPqQpGnKoKRmirCkY1rApGA60KRtCt
CkacrgpGaa8KRjWwCkYCsQpG0LEKRpuyCkZpswpGNrQKRgO1CkbPtQpGnLYKRmi3CkY1uApG
A7kKRs+5CkacugpGabsKRjW8CkYCvQpG0L0KRpu+CkZovwpGNcAKRgLBCkbPwQpGm8IKRmjD
CkY1xApGAsUKRs/FCkacxgpGaMcKRjbICkYDyQpG0MkKRpvKCkZoywpGNswKRgLNCkbPzQpG
m84KRmjPCkY20ApGAtEKRtDRCkab0gpGadMKRjbUCkYD1QpGz9UKRpzWCkZo1wpGNdgKRgLZ
CkbP2QpGm9oKRmjbCkY13ApGAt0KRs/dCkac3gpGaN8KRjbgCkYD4QpG0OEKRpziCkZo4wpG
NuQKRgLlCkbQ5QpGm+YKRmjnCkY26ApGAukKRs/pCkab6gpGaOsKRjbsCkYC7QpGz+0KRpvu
CkZp7wpGNvAKRgPxCkbP8QpGm/IKRmjzCkY29ApGAvUKRs/1Ckab9gpGaPcKRjb4CkYC+QpG
z/kKRpv6CkZp+wpGNvwKRgP9CkbP/QpGm/4KRmj/CkY2AAtGAwELRtABC0abAgtGaAMLRjUE
C0YDBQtGzwULRpsGC0ZpBwtGNggLRgMJC0bQCQtGnAoLRmkLC0Y2DAtGAw0LRtANC0abDgtG
aA8LRjYQC0YCEQtG0BELRpsSC0ZoEwtGNhQLRgIVC0bQFQtGmxYLRmgXC0Y1GAtGAxkLRs8Z
C0abGgtGaRsLRjUcC0YCHQtG0B0LRpseC0ZoHwtGNSALRgIhC0bPIQtGmyILRmgjC0Y2JAtG
AyULRs8lC0abJgtGaScLRjUoC0YCKQtGzykLRpsqC0ZoKwtGNiwLRgItC0bPLQtGnC4LRmkv
C0Y2MAtGAjELRs8xC0abMgtGaDMLRjU0C0YCNQtG0DULRpw2C0ZoNwtGNTgLRgI5C0bPOQtG
mzoLRmk7C0Y1PAtGAj0LRs89C0abPgtGaD8LRjVAC0YDQQtGz0ELRpxCC0ZpQwtGNkQLRgNF
C0bQRQtGnEYLRmhHC0Y1SAtGA0kLRs9JC0acSgtGaEsLRjVMC0YCTQtG0E0LRptOC0ZoTwtG
NVALRgNRC0bPUQtGm1ILRmhTC0Y1VAtGA1ULRs9VC0acVgtGaFcLRjVYC0YCWQtGz1kLRpta
C0ZpWwtGNVwLRgJdC0bQXQtGnF4LRmhfC0Y2YAtGA2ELRs9hC0abYgtGaWMLRjVkC0YDZQtG
z2ULRpxmC0ZpZwtGNWgLRgJpC0bQaQtGm2oLRmhrC0Y2bAtGAm0LRs9tC0abbgtGaG8LRjVw
C0YDcQtG0HELRptyC0ZpcwtGNXQLRgJ1C0bQdQtGnHYLRmh3C0Y2eAtGAnkLRs95C0abegtG
aHsLRjV8C0YCfQtGz30LRpt+C0ZpfwtGPYALRgKBC0bPgQtGnIILRmiDC0Y2hAtGAoULRs+F
C0abhgtGaIcLRjWIC0YDiQtG0IkLRpuKC0ZpiwtGNowLRgKNC0bPjQtGm44LRmiPC0Y2kAtG
ApELRs+RC0abkgtGaJMLRjaUC0YClQtGz5ULRpuWC0ZplwtGNpgLRgKZC0bPmQtGm5oLRmib
C0Y2nAtGA50LRs+dC0abngtGaZ8LRjWgC0YCoQtGz6ELRpyiC0ZoowtGNqQLRgOlC0bPpQtG
naYLRminC0Y2qAtGAqkLRs+pC0acqgtGaKsLRjWsC0YCrQtG0K0LRpuuC0ZorwtGNrALRgOx
C0bPsQtGm7ILRmizC0Y1tAtGArULRtC1C0abtgtGabcLRjW4C0YDuQtGz7kLRpu6C0ZpuwtG
NrwLRgK9C0bQvQtGm74LRmi/C0Y2wAtGAsELRs/BC0abwgtGaMMLRjXEC0YDxQtGz8ULRpvG
C0ZoxwtGNcgLRgLJC0bQyQtGm8oLRmjLC0Y2zAtGAs0LRs/NC0abzgtGaM8LRjbQC0YC0QtG
0NELRpvSC0Zp0wtGNdQLRgLVC0bP1QtGnNYLRmjXC0Y32AtGAtkLRs/ZC0ab2gtGadsLRjXc
C0YC3QtGz90LRpveC0Zo3wtGNuALRgLhC0bP4QtGm+ILRmnjC0Y25AtGAuULRs/lC0ab5gtG
aecLRjXoC0YD6QtG0OkLRpvqC0Zp6wtGNuwLRgLtC0bP7QtGm+4LRmnvC0Y18AtGAvELRtDx
C0ab8gtGafMLRjb0C0YD9QtGz/ULRpv2C0Zo9wtGNvgLRgL5C0bP+QtGnPoLRmn7C0Y2/AtG
Av0LRs/9C0ab/gtGaP8LRjYADEYCAQxGzwEMRpsCDEZpAwxGNQQMRgIFDEbQBQxGnAYMRmkH
DEY2CAxGAgkMRtAJDEacCgxGaQsMRjUMDEYCDQxGzw0MRpsODEZoDwxGNRAMRgMRDEbPEQxG
mxIMRmgTDEY1FAxGAhUMRtAVDEabFgxGaRcMRjUYDEYCGQxG0BkMRpwaDEZpGwxGNRwMRgId
DEbPHQxGnB4MRmkfDEY1IAxGAyEMRs8hDEabIgxGaCMMRjUkDEYDJQxGzyUMRpwmDEZoJwxG
NSgMRgIpDEbPKQxGmyoMRmkrDEY2LAxGAi0MRtAtDEabLgxGaS8MRjYwDEYCMQxGzzEMRpwy
DEZpMwxGNTQMRgI1DEbPNQxGmzYMRmg3DEY2OAxGAjkMRs85DEabOgxGaDsMRjU8DEYCPQxG
zz0MRpw+DEZoPwxGNUAMRgNBDEbQQQxGm0IMRmpDDEY1RAxGAkUMRs9FDEabRgxGaEcMRjZI
DEYCSQxG0EkMRptKDEZoSwxGNUwMRgNNDEbPTQxGm04MRmlPDEY1UAxGAlEMRs9RDEacUgxG
aVMMRjVUDEYDVQxGz1UMRptWDEZoVwxGNVgMRgJZDEbPWQxGm1oMRmhbDEY1XAxGA10MRtBd
DEabXgxGaV8MRjVgDEYDYQxGz2EMRptiDEZoYwxGNmQMRgJlDEbPZQxGm2YMRmhnDEY2aAxG
AmkMRs9pDEacagxGaGsMRjVsDEYDbQxGz20MRpxuDEZobwxGNnAMRgNxDEbPcQxGm3IMRmhz
DEY1dAxGA3UMRs91DEabdgxGaHcMRjZ4DEYCeQxG0HkMRpx6DEZoewxGNXwMRgJ9DEbPfQxG
m34MRmh/DEY1gAxGAoEMRtCBDEabggxGaIMMRjaEDEYChQxGz4UMRpyGDEZohwxGNogMRgKJ
DEbPiQxGnIoMRmiLDEY1jAxGAo0MRs+NDEacjgxGaI8MRjaQDEYCkQxGz5EMRpySDEZpkwxG
NpQMRgKVDEbPlQxGm5YMRmiXDEY2mAxGA5kMRs+ZDEacmgxGapsMRjWcDEYCnQxGz50MRpue
DEZpnwxG</AssayXData><AssayYData Points="1500">9uS0QOYEtUDAxrRA2zO1QLAbtUDx/LRA2gO1QAMstUAfLbVAzSe1QOcotUCHI7VA5TG1QHc3
tUBXNbVAhRC1QD8vtUAqLLVAnze1QLtFtUDEPbVAK0i1QME3tUD8J7VA6Vi1QKo4tUBpPbVA
Nyq1QJxZtUCpWbVAFFS1QFM4tUDgWrVAnWK1QIArtUCqTLVA0z+1QF8vtUD5UbVACH21QAdv
tUBVM7VAf1G1QIJRtUAVQ7VAgU61QHAstUD1RbVAFWS1QGExtUATVLVA82e1QKV5tUAXiLVA
xle1QCNMtUC3VLVAKlW1QCVdtUA/V7VAuzq1QC9VtUC7W7VAsFi1QI5atUA1VrVA8zu1QA9k
tUAQebVAX0i1QJhStUDQU7VAAkG1QNZztUAhPrVAN1C1QNxotUBIarVAW3e1QAJwtUD/S7VA
/US1QD5WtUC4U7VA8YO1QN9vtUB1XrVAEkm1QHR8tUD7VrVAIXe1QD48tUAEdrVACYW1QC+A
tUD7m7VAgYi1QHBrtUDqj7VAHmu1QM9ttUC2hLVACZK1QP5otUAvpbVANpC1QMCCtUCUg7VA
PHi1QJ1utUCndbVAF361QFaetUBOi7VAXm61QD+btUAwj7VAyri1QJaetUCfrLVA0H+1QD2T
tUAvhbVAjGW1QGuLtUBKcLVA5Jm1QEaZtUAxq7VAxIW1QEN6tUA/mrVAco61QGGYtUDQmLVA
CIW1QGGAtUAYkbVALIm1QE2XtUAVirVA/Wm1QIm2tUBIu7VAqJm1QPZ6tUD/mLVA55G1QLaW
tUAQrLVAoL+1QJNntUCLlbVAgo61QGGctUA6h7VA1Z61QBS7tUBLl7VAIZ21QN2qtUA8gbVA
fIK1QDtztUBSjbVA/bW1QGuZtUDterVA5qy1QBiatUCBlLVAZs21QLnHtUAth7VAGZC1QOus
tUBYq7VAn6u1QOK2tUDFk7VA3JW1QAeotUBpvLVAgbO1QOiztUAAtbVAIMm1QDm0tUAHt7VA
bZ+1QLWytUDGkrVAp7+1QLbGtUCZ0LVAj5e1QAvFtUBJmbVA7sW1QDShtUBzp7VAu5u1QJqm
tUDSprVAkKi1QNuZtUDvf7VAk4a1QL2YtUDifLVA5nu1QIePtUBvqrVAf721QN+NtUAFq7VA
2Ii1QIuetUCecLVAqpS1QLC6tUAfkLVAdn61QI2otUCxlbVAvKK1QGmbtUBjkrVASa21QOqm
tUDXwLVALaq1QD6UtUAbfLVAi6y1QDaGtUBRk7VAg5i1QDSKtUAps7VAdMG1QPivtUD42LVA
LaC1QDm0tUDpwbVAYq21QCOitUACorVAMKe1QIeatUAOorVA+ae1QNidtUArnLVA65W1QOSw
tUDYrbVAHrW1QF/RtUDGqbVAJb21QB/DtUCR57VAdsO1QB3JtUBjxLVA/uO1QEHTtUAHl7VA
LpS1QPIMtkDzmbVA8Nq1QN2vtUCq2bVA67+1QMjMtUBfrbVAgqS1QCemtUDXpLVAgJu1QDHM
tUDoubVAJsq1QI21tUDO0LVA76+1QJq+tUDoubVAfrC1QC25tUD/wLVAgaK1QEHFtUCZ6LVA
/eG1QJzktUCf8bVATNK1QCPdtUA+6rVAfda1QEDxtUB40rVAjuW1QNzNtUBc8LVAqdW1QGLk
tUAm4rVAFNC1QJDqtUAY0LVAGru1QAzatUDu7rVA/Om1QHbwtUBA3rVAcMW1QF/GtUAM0bVA
8ba1QNC/tUDGqrVAlOa1QMnotUDh7rVAUe21QBu/tUAr7rVACda1QOfatUA117VA8gW2QIzL
tUBI5rVAoeG1QLHVtUBO9bVACMe1QNzstUDF6rVABtG1QIbBtUCQzbVAqe+1QC3YtUAjBbZA
Tue1QAfqtUBk6rVAl+y1QBHutUDD9LVAcO+1QF/vtUAJ/bVAVAG2QKgItkAAyrVA/PC1QALr
tUAL17VAyeG1QNfwtUBr/7VAmQW2QNXftUAtxbVAFxu2QLPNtUAW9LVArAu2QBT8tUCr9rVA
MtG1QC/6tUBy7LVADvK1QPnltUDS7bVA1Pa1QPT0tUBj8bVAL9K1QELltUAxHbZA2iu2QOH9
tUCHH7ZAaNq1QOX1tUDC5LVAr/W1QE4LtkB99LVA2eW1QCMbtkBpDLZAZ+61QE/ktUA1C7ZA
Yum1QKr7tUCm8rVAXuW1QHL7tUAH57VA7wS2QFj5tUBIDLZAzd21QJLwtUCABbZA6uS1QB3p
tUDs9LVAI+u1QPz5tUDM6LVApPi1QOTmtUDi+bVAlRe2QEwItkDr7LVAyw+2QAHjtUDZ9bVA
Pxm2QDUDtkCl87VATia2QID3tUAyErZAhQ22QOr7tUDJB7ZAbCe2QGwHtkAR7bVAeh+2QJMY
tkC+GLZAxAe2QKgCtkBl5LVABuq1QBggtkAWALZAQAO2QJb4tUDh5LVAkhW2QHoCtkCmFLZA
xvm1QJoMtkCtELZA4fm1QGf5tUCG6bVAhQG2QHEBtkD0/7VAIAO2QNAWtkBkDrZAD/m1QCEd
tkDhKrZAWR62QIj6tUCzFrZAIQS2QMUHtkDUGLZALTK2QC0YtkBYBrZALh22QGIqtkBr/LVA
swa2QPImtkAmDrZA+iq2QDgUtkBTGrZAlhW2QJoHtkBLArZAmvS1QMjotUBY+7VA8wa2QHEc
tkCaIbZA8zO2QOAutkBwHbZAmiu2QMgJtkAWMbZA7zG2QBIttkCEJrZAiTK2QEsLtkBQKbZA
/Bu2QAwktkCcIbZAKEO2QAgHtkAdBrZAgiS2QNrktUDLCLZADym2QKEptkCyKLZAnFi2QMUv
tkAI5bVAYB22QN0DtkDERLZAKR22QO4TtkBZD7ZA8BW2QDFJtkAJ97VADSS2QCkKtkB0DbZA
0Cm2QMMUtkBLLrZAnhq2QIsYtkAPVbZAlzG2QGwZtkDuNbZA2Bq2QJQjtkCGH7ZAxTC2QDox
tkBlQ7ZAfSG2QFs2tkDyGLZA9ji2QIAgtkDDELZAID22QAgatkCmCLZAoy+2QAsqtkCeGrZA
/0C2QE82tkBhMLZAaj+2QBYXtkCYC7ZAUCC2QHIztkCOJbZAnEC2QJAqtkDaKLZANj62QMoz
tkAsMLZAQzu2QFVFtkD4ELZA4jC2QMFPtkDESrZAEjK2QKg1tkAKSLZAdja2QCpDtkC5UbZA
R1y2QAYLtkDJJrZAmTG2QOBDtkBhYLZA6E62QE4qtkBQTbZAmFu2QPtJtkDrWbZAHkW2QEZI
tkCWMbZADz62QMZftkAiH7ZAzz62QEVPtkAgNLZAE0u2QB80tkBzTLZAqRu2QFpLtkAtRbZA
LDi2QB4ztkDeVLZAVkm2QENjtkBrPrZAnWO2QDcztkAyQ7ZAeDm2QPw/tkDGMrZALFa2QAw/
tkCHUbZA6T22QMhctkA2SrZAyzO2QOhUtkAaR7ZAuDS2QKw3tkDhUrZANh22QM94tkAcR7ZA
YSe2QLsvtkCBaLZAtC22QMNMtkBsNbZAskS2QG5BtkDHRLZAcD22QEE7tkDWXLZA5Xy2QNg8
tkAfP7ZAIze2QARKtkA8PLZAI1O2QFJKtkAvO7ZAtky2QKtUtkDQS7ZAdVm2QBh+tkAtJbZA
I1C2QO9GtkDMcbZA8FK2QEVitkCbW7ZA11m2QN1VtkBlJbZAMna2QM9vtkACUbZAnT+2QH9c
tkBFZLZAeEK2QDg6tkAsfrZAkVS2QPJCtkAoKbZA20u2QDVntkA4SbZA+062QHZTtkCzbLZA
oFS2QLhAtkDXd7ZAzVK2QL5GtkCUTbZAxT22QJdXtkDuhrZA7mO2QCpXtkAmc7ZAFVK2QEdl
tkCiX7ZAnGi2QDWatkDLTbZAamm2QK5PtkAMTbZAQnO2QIx3tkCWb7ZAxXe2QI1etkCVdLZA
pVi2QLt4tkD/YLZAHmS2QCFRtkC/UbZASmC2QAJwtkAVaLZAGUu2QC5FtkAaabZA3GK2QOFR
tkD4V7ZAO4C2QKxbtkAld7ZA30q2QKxctkCYcLZAD2S2QHFntkCtb7ZAgYe2QNBYtkCbWbZA
4Vu2QFdQtkDBTLZATGi2QPREtkD2aLZAHZi2QL9WtkA9XrZAHFO2QDZrtkAufrZAp4S2QBNn
tkC2cLZAJWy2QIV9tkCcOrZAyUi2QAhHtkCxebZAvoC2QD1otkBiebZAiWi2QN2HtkAlb7ZA
nW22QP51tkAxTrZAxWu2QCBrtkAZbbZAina2QLCCtkA8XrZAG2+2QHF6tkDBdbZA4222QHpp
tkBWfLZAB1e2QER+tkCOebZAbI62QHd+tkB0mrZAX5C2QKxctkA7lLZAn4m2QId0tkARerZA
lXW2QDeJtkBkcLZAI2G2QJ90tkBCfrZANnW2QCxztkCAhLZAWpG2QFaQtkDSg7ZA8XW2QDJY
tkDKh7ZAsXS2QMiPtkB3WrZAUn+2QBGatkA8h7ZAfn62QK9qtkAfhbZAsH22QMp9tkANkLZA
t3W2QOB+tkA6mbZA+Ia2QLd+tkABebZA7qO2QAdotkDmZbZA1Ie2QMeLtkCNrbZAN362QHZ6
tkBrerZAN462QImotkACj7ZAmYa2QEOCtkDBjbZAQYy2QFOPtkC8dbZAXJm2QF9ttkD8kLZA
2o62QAiutkC3jrZAHZ+2QLN9tkD8hbZAS6a2QFWEtkDfcLZAe6y2QNNntkAXj7ZAJYe2QKd7
tkCprbZAhLW2QIOVtkDKjbZAyXG2QLqVtkA4dLZAM3q2QP+3tkA4g7ZAEZ22QGCZtkAnarZA
ipy2QCu2tkAonLZAVKC2QGGftkBJrLZAHJG2QKaKtkAgfbZAJnC2QCqetkCXibZA+4O2QEay
tkAlobZAdaG2QDRPtkAThbZAtY22QGmLtkABcrZAr3m2QNebtkCIh7ZAC4q2QEyjtkActrZA
/ZW2QPOctkB2rbZAP5m2QOuXtkAgdrZAUI62QI2OtkCxnbZA6rK2QPOPtkB6i7ZAxJe2QNGi
tkCmnbZAOK22QOqetkDJW7ZAnZm2QPSAtkAHoLZAtoa2QJB+tkAVw7ZAQp62QGyEtkBTrbZA
0r+2QI2ltkCZsrZAuKi2QNmqtkDprbZAuKm2QJCatkBwrbZABMe2QNXHtkB0tLZAbZ62QCiI
tkCJo7ZAjLG2QLK8tkA3vbZA8by2QNqltkC/pbZAZIu2QHyotkD+x7ZAVMC2QHqjtkAWibZA
IZS2QP+YtkDJlbZAl7+2QIqJtkBtqbZAKa22QHOvtkDMl7ZA+be2QM6htkDlprZA+Hi2QCe2
tkBItLZAtZW2QHKatkD8f7ZAcJa2QLSvtkC1rbZAOrG2QFW6tkA3mbZAvaC2QIXStkBOkLZA
5LG2QN+vtkCRx7ZArqG2QMKDtkBPzrZArp+2QP+xtkBcyrZAccS2QNuetkCXjrZAqb22QI2S
tkCfsbZAEbG2QA2btkD6vbZAsqi2QFWetkAGrbZAxLa2QB6rtkA2zrZAhrG2QLqutkCtorZA
hq+2QOaNtkBqy7ZAPIy2QBi2tkCUx7ZAUti2QHrHtkCQrrZAXdi2QIzPtkBMwLZAj8O2QIjC
tkB8o7ZA9Mi2QMaytkApuLZAAJ22QFTgtkBdv7ZAbsC2QB7YtkDMsbZA6rW2QA/etkC9z7ZA
w7i2QKfDtkCl0bZA8MW2QGaltkBGtrZA46C2QIqttkBa0bZAn7W2QNW0tkCjmLZA+cC2QEyu
tkAjp7ZA94+2QIDHtkAguLZARvS2QIzDtkDRxrZAZ8i2QLuwtkA/1bZA2ei2QDm+tkDEzrZA
o7C2QCmotkDSwLZAMOC2QJzOtkBNr7ZAMca2QKPxtkD7qrZA7ce2QLyutkAK3LZAyLe2QFzR
tkAIv7ZAGAi3QB7PtkDf7rZAHdu2QJvetkAXu7ZA+Jy2QADAtkC30rZARuG2QBjGtkAJ1LZA
jd62QMbEtkB917ZAy762QLzFtkDg3bZA8rK2QGLCtkD/pLZAoOS2QIbetkCa2bZAn+q2QGrc
tkAF4LZAvsu2QK/ItkCv3LZAvtm2QPDEtkAnv7ZAt7m2QCW4tkAhyrZAUOa2QFq/tkCoxbZA
e8y2QPrttkBeyLZAuc22QDvgtkCVu7ZAT/q2QD7YtkADurZAW8C2QHfhtkAe7LZA6Me2QDrf
tkDkxbZA/722QOPntkB10bZAouG2QCXAtkA787ZAX7i2QFHVtkBb/7ZAKtS2QMTbtkDLvrZA
e922QIvNtkDw/LZArdC2QLkBt0Ac1bZALt62QBwLt0Cy/7ZA1Mu2QPaxtkDS67ZAVOq2QPO2
tkARzrZAaNa2QJ4Bt0Ch0LZAfwq3QLXEtkAa6rZA+ta2QIDztkCv8LZAacq2QJTwtkAywLZA
JvK2QL3etkAJ87ZAp/i2QF4Et0DbuLZAbOi2QNfStkBX3rZALtq2QCrotkDbE7dAm9a2QLO1
tkBYu7ZAdt+2QNHTtkBJ2LZAaL+2QJPTtkAn07ZAbru2QFUJt0BBGLdA1N22QAHPtkA497ZA
1d22QH7RtkCS0LZAZtm2QLLPtkDyw7ZAD+C2QA3KtkDmubZAntu2QGbRtkAAx7ZAF/S2QDW0
tkBc0rZAPMW2QKDatkABzrZA1P+2QHTItkDN0bZAmeS2QGXUtkC+1rZAs/+2QFnbtkC1sLZA
gMC2QC31tkBG/7ZAUsW2QIfhtkDG/7ZArRS3QBPmtkDYxLZAwOC2QNP/tkAj/rZAtRC3QMf7
tkAW9LZASOm2QCP9tkCI9rZAvuW2QEPhtkDwFrdA0+q2QFEIt0DixLZABQC3QM/WtkBoAbdA
GQa3QJ/ytkCD27ZAPOi2QK3atkBwELdAQge3QAsPt0Cq87ZAIRy3QLX9tkDCCLdAZOu2QAAE
t0CBAbdACCO3QMvutkDC+7ZAsum2QHbqtkDy3LZASQK3QEfptkBECrdACO22QGX0tkB3E7dA
eBi3QJATt0DVEbdAkg63QFUSt0BK+bZA4+u2QN0et0B9ELdAlwu3QFb+tkAF4bZAtga3QCby
tkC6CrdAiQS3QHL4tkAiJbdAywC3QCv6tkCsBLdASgy3QBIkt0DlDLdAPQa3QKMat0DIDLdA
dwy3QD8Nt0CjHLdAhC23QHIOt0DsE7dAJ/i2QAgSt0CC+bZA4yO3QOUMt0B98bZAUuy2QAwX
t0Cz9rZABgC3QKMkt0AVELdA1w23QJnTtkB+DbdADBW3QBQBt0C+IbdAQCe3QFcOt0BTLrdA
OtW2QCgTt0AS9rZAIvK2QOYyt0BG/rZA9CC3QAkSt0A2ArdAZy23QCz9tkC4ALdAFBK3QMwX
t0ALKLdAdCW3QD0Et0Db/bZAGAW3QKcWt0AuJLdAzhC3QOALt0AyIbdADw+3QNbXtkDAALdA
4BS3QFP1tkCuGbdAISq3QFAlt0C5F7dAvR23QB8Mt0DO/LZAQDW3QMQkt0B7D7dArie3QBZI
t0CtMbdA9hO3QIYLt0B5BLdAlRi3QIJNt0DaI7dAIyK3QDYMt0AuEbdAVgu3QP4bt0CWFrdA
dRK3QPoWt0CA97ZABTK3QLwRt0Be97ZARAm3QM4wt0AvJ7dASwK3QGZPt0C1K7dA7vm2QMlG
t0DmHLdARES3QHoIt0BTCrdA0eS2QDcvt0CKI7dATzK3QKlAt0CoALdAwhq3QIz5tkAlObdA
xgq3QBcJt0BYQ7dA7BC3QDwOt0AMOrdAuRa3QAADt0AOMLdA5Ba3QBEkt0AlGLdAtie3QNU8
t0CMKLdA+DO3QM0ct0AuS7dAay63QEAWt0CHM7dABES3QIcZt0AJRrdAtS63QCs3t0AcRbdA
Ev+2QMIgt0CuG7dAMgi3QNhEt0DMOrdAY/K2QBo0t0ByMLdAJT+3QMcqt0CsP7dAyUK3QGIs
t0DROLdAxUG3QOsFt0BtELdAfBO3QNQst0C1ILdAeRq3QO1Dt0DJFrdA60G3QAYNt0C4SLdA
V/S2QPUct0ALH7dADlS3QCQPt0BJTrdAnSi3QDENt0DTL7dAhiq3QMZUt0BbKrdA6Be3QDIm
t0BwJ7dA</AssayYData></Step></KineticsData></ExperimentResults>
