<?xml version="1.0" encoding="UTF-8" standalone="yes"?>
<ExperimentResults><ExperimentInfo Name="OE292"><ExpDescription>AHC example method_screening with one Analyte_384 well plate
64 capture antibodies with Analyte at one concentration_no reference channel</ExpDescription><RTDVersion>2.0</RTDVersion><RunID>24F06473-F6D3-4D98-A1F9-0B1F7EF644AC</RunID><ExperimentType>KINETICS</ExperimentType><ExperimentSubType>KBASIC</ExperimentSubType><StartDateTime>2025-10-13T15:18:17</StartDateTime><MachineName>F4G0FZ3</MachineName><UserName>octet</UserName><LotNumber></LotNumber><PlateName>251013</PlateName><PlateName2></PlateName2><SensorName>C11</SensorName><SensorPlate>1</SensorPlate><SensorType>AHC (Anti-hIgG Fc Capture)</SensorType><SensorRole>LIGAND</SensorRole><SensorInfo></SensorInfo><WritingSW>OctetBLIDiscovery.exe 13.0.3.26</WritingSW><InstrumentType>OctetRED384</InstrumentType><InstrumentSerial>FB-20855</InstrumentSerial><InstrumentFW></InstrumentFW><IntegrationTime>2.5</IntegrationTime><DSPType>CPF</DSPType><HasManifest>1</HasManifest><InfoHash>244724468</InfoHash></ExperimentInfo><AssayParamsInfo/><KineticsData><Step><CommonData><SampleLocation>5</SampleLocation><SampleID>Glycine</SampleID><SampleGroup></SampleGroup><SampleInfo></SampleInfo><SampleRow>F</SampleRow><SamplePlate>1</SamplePlate><WellType>REGENERATION</WellType><Concentration>-1</Concentration><ConcentrationUnits>µg/ml</ConcentrationUnits><MolarConcentration>-1</MolarConcentration><MolarConcUnits>nM</MolarConcUnits><MolecularWeight>0</MolecularWeight><Temperature>30.1</Temperature><StartTime>0</StartTime><AssayTime>5</AssayTime></CommonData><FlowRate>1000</FlowRate><StepType>KREGENERATION</StepType><StepName>Regeneration</StepName><StepStatus>OK</StepStatus><ActualTime>5</ActualTime><CycleTime>0.2</CycleTime><AssayXData Points="25">AAAAAM3MTD7NzMw+I9sZP83MTD8AAIA/mpmZPzMzsz+R7cw/ZmbmP2IQAEDNzAxAmpkZQMl2
JkAzMzNAAABAQM3MTECamVlAZmZmQJZDc0AAAIBAZmaGQM3MjEAzM5NAmpmZQA==</AssayXData><AssayYData Points="25">AAAAAMoSGL6JxHe+31egvs0Pvr7Rrtm+AX30vje+BL8IjQ6/xuoav4IhJL+qTiq/gM0xv8Q8
Or/s5EC/9EdHvwsnTb8JX1S/LEVZv/LxXb9P0WO/k6Vnv0xJa785h2+/gjR1vw==</AssayYData></Step><Step><CommonData><SampleLocation>6</SampleLocation><SampleID>PBS</SampleID><SampleGroup></SampleGroup><SampleInfo></SampleInfo><SampleRow>F</SampleRow><SamplePlate>1</SamplePlate><WellType>NEUTRALIZATION</WellType><Concentration>-1</Concentration><ConcentrationUnits>µg/ml</ConcentrationUnits><MolarConcentration>-1</MolarConcentration><MolarConcUnits>nM</MolarConcUnits><MolecularWeight>0</MolecularWeight><Temperature>30</Temperature><StartTime>44141</StartTime><AssayTime>5</AssayTime></CommonData><FlowRate>1000</FlowRate><StepType>KREGENERATION</StepType><StepName>Regeneration</StepName><StepStatus>OK</StepStatus><ActualTime>5</ActualTime><CycleTime>0.2</CycleTime><AssayXData Points="25">AACgQGZmpkD+1KxAMzOzQJqZuUAAAMBAZmbGQM3MzEAzM9NAy6HZQAAA4EBmZuZAzczsQDMz
80DLoflAAAAAQTMzA0FmZgZBsp0JQebQDEEAABBBTDcTQdv5FkGamRlBzcwcQQ==</AssayXData><AssayYData Points="25">AP0oQCA7KkCCJytA+28sQFDqLEB5WS1AK+ktQMJ5LkDGEy9AAgcvQKVTL0Dkui9AfMIwQDmw
MEDYvjBA0fgwQCeJMUB0VTFAEp0xQBS/MUAUSzJAMAoyQDUNMkCMpzJAI6IyQA==</AssayYData></Step><Step><CommonData><SampleLocation>5</SampleLocation><SampleID>Glycine</SampleID><SampleGroup></SampleGroup><SampleInfo></SampleInfo><SampleRow>F</SampleRow><SamplePlate>1</SamplePlate><WellType>REGENERATION</WellType><Concentration>-1</Concentration><ConcentrationUnits>µg/ml</ConcentrationUnits><MolarConcentration>-1</MolarConcentration><MolarConcUnits>nM</MolarConcUnits><MolecularWeight>0</MolecularWeight><Temperature>30</Temperature><StartTime>57531</StartTime><AssayTime>5</AssayTime></CommonData><FlowRate>1000</FlowRate><StepType>KREGENERATION</StepType><StepName>Regeneration</StepName><StepStatus>OK</StepStatus><ActualTime>5</ActualTime><CycleTime>0.2</CycleTime><AssayXData Points="25">AAAgQUw3I0F/aiZBsp0pQc3MLEEZBDBBMzMzQWZmNkGamTlB5dA8QQAAQEEzM0NBZmZGQZqZ
SUHm0ExBGARQQTMzU0F/alZBmplZQc3MXEEAAGBBMzNjQWZmZkGamWlBzcxsQQ==</AssayXData><AssayYData Points="25">j2c3v4ghTb83XVm/CNlhvzBRar+Zd26/ua90vygHer84QH2/7r2Av2Zugr8aqYS//W6Gv74k
iL8GYYm/UuKJvxGSi7/cw4y/O1uNvyW5jr8GEJC/cg6Rv+2qkb/U5pK/2bCTvw==</AssayYData></Step><Step><CommonData><SampleLocation>6</SampleLocation><SampleID>PBS</SampleID><SampleGroup></SampleGroup><SampleInfo></SampleInfo><SampleRow>F</SampleRow><SamplePlate>1</SamplePlate><WellType>NEUTRALIZATION</WellType><Concentration>-1</Concentration><ConcentrationUnits>µg/ml</ConcentrationUnits><MolarConcentration>-1</MolarConcentration><MolarConcUnits>nM</MolarConcUnits><MolecularWeight>0</MolecularWeight><Temperature>30</Temperature><StartTime>70971</StartTime><AssayTime>5</AssayTime></CommonData><FlowRate>1000</FlowRate><StepType>KREGENERATION</StepType><StepName>Regeneration</StepName><StepStatus>OK</StepStatus><ActualTime>5</ActualTime><CycleTime>0.2</CycleTime><AssayXData Points="25">AQBwQTQzc0FnZnZBm5l5QebQfEEMAoBBppuBQTMzg0HNzIRBc2iGQQAAiEGamYlBTDeLQc3M
jEFzaI5BAACQQZqZkUEzM5NBzcyUQXNolkEAAJhBmpmZQUA1m0HNzJxBZmaeQQ==</AssayXData><AssayYData Points="25">x0clQJm4JkAOyCdASUwoQOEmKUBKsylASoMqQDPJKkD8GitAMaQrQBu2K0ApLixA9IUsQNOt
LECFMy1ABUstQOV3LUBmqy1AYBYuQP1CLkDePC5AgFAuQIdJLkCAtS5A2O0uQA==</AssayYData></Step><Step><CommonData><SampleLocation>5</SampleLocation><SampleID>Glycine</SampleID><SampleGroup></SampleGroup><SampleInfo></SampleInfo><SampleRow>F</SampleRow><SamplePlate>1</SamplePlate><WellType>REGENERATION</WellType><Concentration>-1</Concentration><ConcentrationUnits>µg/ml</ConcentrationUnits><MolarConcentration>-1</MolarConcentration><MolarConcUnits>nM</MolarConcUnits><MolecularWeight>0</MolecularWeight><Temperature>30</Temperature><StartTime>84393</StartTime><AssayTime>5</AssayTime></CommonData><FlowRate>1000</FlowRate><StepType>KREGENERATION</StepType><StepName>Regeneration</StepName><StepStatus>OK</StepStatus><ActualTime>5.001</ActualTime><CycleTime>0.2</CycleTime><AssayXData Points="25">AACgQZqZoUEzM6NBzcykQWZmpkEMAqhBppupQUA1q0HNzKxBZmauQQwCsEGambFBQDWzQc3M
tEFmZrZBDAK4QZqZuUEzM7tB2c68QWZmvkEAAMBBmpnBQTMzw0HNzMRBc2jGQQ==</AssayXData><AssayYData Points="25">S0VZvxgwa7/2qXa/8wGAv80Ngr8bboW/yamGv/iUiL+Wroq/uy+Mv4BNjb+AaI6//jGQv3i4
kL8wDpK/gIOSv2Htk79khZS/yGuVvxO1lr89dZe/JyyYv4lWmb+WCJm/4vuZvw==</AssayYData></Step><Step><CommonData><SampleLocation>6</SampleLocation><SampleID>PBS</SampleID><SampleGroup></SampleGroup><SampleInfo></SampleInfo><SampleRow>F</SampleRow><SamplePlate>1</SamplePlate><WellType>NEUTRALIZATION</WellType><Concentration>-1</Concentration><ConcentrationUnits>µg/ml</ConcentrationUnits><MolarConcentration>-1</MolarConcentration><MolarConcUnits>nM</MolarConcUnits><MolecularWeight>0</MolecularWeight><Temperature>30</Temperature><StartTime>97847</StartTime><AssayTime>5</AssayTime></CommonData><FlowRate>1000</FlowRate><StepType>KREGENERATION</StepType><StepName>Regeneration</StepName><StepStatus>OK</StepStatus><ActualTime>5.001</ActualTime><CycleTime>0.2</CycleTime><AssayXData Points="25">DQLIQbOdyUFMN8tB5tDMQXNozkENAtBBp5vRQUA100HaztRBgGrWQRkE2EGnm9lBQDXbQebQ
3EFzaN5BGQTgQbOd4UFANeNB5tDkQYBq5kENAuhBppvpQUw360HazuxBgGruQQ==</AssayXData><AssayYData Points="25">2t0lQNLTJkD0jCdASDsoQMgNKUDM9ClAXkcqQApBKkAY1ypAmbArQIUXLEBWdSxAjlYsQH3q
LECoLi1Ac2stQGpsLUAgpC1AqbotQDn+LUC0VC5ALaguQLSaLkBgqC5AqhIvQA==</AssayYData></Step><Step><CommonData><SampleLocation>1</SampleLocation><SampleID>Octet Buffer</SampleID><SampleGroup></SampleGroup><SampleInfo></SampleInfo><SampleRow>E</SampleRow><SamplePlate>1</SamplePlate><WellType>BUFFER</WellType><Concentration>-1</Concentration><ConcentrationUnits>µg/ml</ConcentrationUnits><MolarConcentration>-1</MolarConcentration><MolarConcUnits>nM</MolarConcUnits><MolecularWeight>0</MolecularWeight><Temperature>30</Temperature><StartTime>112441</StartTime><AssayTime>20</AssayTime></CommonData><FlowRate>1000</FlowRate><StepType>CUSTOM</StepType><StepName>Sensor Check</StepName><StepStatus>OK</StepStatus><ActualTime>20</ActualTime><CycleTime>0.2</CycleTime><AssayXData Points="100">GgTwQcCf8UFZOfNB59D0QYBq9kEmBvhBtJ35QVo5+0Hn0PxBjWz+QQ0CAELazgBCp5sBQnpp
AkJANQNCDQIEQtrOBEKnmwVCc2gGQkY2B0ITAwhC2s4IQqebCUJzaApCQDULQg0CDELazgxC
p5sNQnppDkJANQ9CEwMQQtrOEEKnmxFCc2gSQkA1E0INAhRC2s4UQqebFUJ6aRZCQDUXQhMD
GELazhhCppsZQnppGkJANRtCDQIcQuDPHEKtnB1CdGgeQkA1H0ITAyBC2s4gQq2cIUJ6aSJC
QDUjQg0CJELaziRCrZwlQnRoJkJANSdCEwMoQuDPKEKtnClCdGgqQkA1K0INAixC2s4sQqab
LUJ0aC5CRjYvQhMDMELazjBCppsxQnppMkJANTNCDQI0QuDPNEKmmzVCemk2QkA1N0INAjhC
4M84QqycOUJ0aDpCQDU7QhMDPELgzzxCpps9QnRoPkJANT9CDQJAQtrOQEKmm0FCdGhCQkA1
Q0INAkRC4M9EQqabRUJ0aEZCQDVHQg==</AssayXData><AssayYData Points="100">rJgmQLqYJEB0BSNAX+ghQELEIUBvuCFAEkYhQF42IUAjGCFAGkghQME/IUC9iCFA1Z8hQPWu
IUBRbSJAlCkiQA6FIkA+3yJA6uAiQP+hIkDC4iJAiGkjQCYVI0AObSNAznAjQP2EI0BmkCNA
36IjQISMI0D7siNA1wQkQCE8JECUHiRAGE4kQKB+JECpBiRAmL4kQMieJEDYsCRAVtkkQCjg
JEAGzSRA40slQDJWJUCXFyVALXQlQOdXJUBveSVAaZMlQO+sJUBehCVAG4AlQPilJUD34CVA
rs0lQIPAJUAAGCZApB8mQCv5JUCHXiZA3BImQDlKJkDNNSZAW00mQDVnJkBldyZAj5gmQGWW
JkCn4SZA2d0mQGRhJkDFviZALvwmQBJ7JkAH5iZAYQgnQB7XJkDC7iZAfs4mQJlfJ0C2HSdA
dDInQKEAJ0C4rydAdjsnQM44J0AmRSdA26gnQJPEJ0DOEidArZInQDT2J0C6fydA47AnQPjB
J0CfqCdAI9EnQAsBKED0vSdA+JInQA==</AssayYData></Step><Step><CommonData><SampleLocation>5</SampleLocation><SampleID>SI-157C11_P5158</SampleID><SampleGroup></SampleGroup><SampleInfo></SampleInfo><SampleRow>E</SampleRow><SamplePlate>1</SamplePlate><WellType>KLOAD</WellType><Concentration>5</Concentration><ConcentrationUnits>µg/ml</ConcentrationUnits><MolarConcentration>5000</MolarConcentration><MolarConcUnits>nM</MolarConcUnits><MolecularWeight>0</MolecularWeight><Temperature>30</Temperature><StartTime>141226</StartTime><AssayTime>120</AssayTime></CommonData><FlowRate>1000</FlowRate><StepType>LOADING</StepType><StepName>Loading</StepName><StepStatus>OK</StepStatus><ActualTime>120</ActualTime><CycleTime>0.2</CycleTime><AssayXData Points="600">DQJIQtrOSEKnm0lCc2hKQkA1S0ITA0xC2s5MQqebTUJzaE5CRjZPQg0CUELazlBCrZxRQnpp
UkJGNlNCEwNUQtrOVEKnm1VCc2hWQkY2V0INAlhC2s5YQqebWUJ6aVpCRjZbQhMDXELazlxC
p5tdQnNoXkJANV9CDQJgQtrOYEKtnGFCc2hiQkA1Y0INAmRC2s5kQq2cZUJzaGZCQDVnQg0C
aELazmhCpptpQnppakJANWtCDQJsQtrObEKtnG1CemluQkA1b0INAnBC2s5wQq2ccUJ0aHJC
RjZzQg0CdELgz3RCppt1QnRodkJGNndCDQJ4QuDPeEKmm3lCeml6QkA1e0ITA3xC4M98Qqab
fUJ0aH5CRjZ/QgYBgELwZ4BCVs6AQr00gUKgmoFCBgGCQm1ngkJWzoJCvTSDQqCag0KKAYRC
bWeEQlbOhEI6NIVCoJqFQgYBhkJtZ4ZC082GQr00h0KgmodCBgGIQm1niELTzYhCOjSJQqCa
iUKKAYpC8GeKQtPNikI6NItCoJqLQgYBjEJtZ4xC082MQjo0jUKgmo1CBgGOQm1njkJWzo5C
OjSPQiObj0IGAZBC8GeQQtPNkEI6NJFCoJqRQgYBkkLwZ5JCVs6SQjo0k0KgmpNCigGUQm1n
lELTzZRCvTSVQqCalUIGAZZCbWeWQtPNlkK9NJdCoJqXQgYBmELwZ5hC082YQr00mUKgmplC
BgGaQm1nmkJWzppCOjSbQiObm0KKAZxCbWecQtPNnEI6NJ1CI5udQooBnkLwZ55C082eQjo0
n0Ijm59CigGgQvBnoEJWzqBCOjShQqCaoUKKAaJC8GeiQlbOokI6NKNCoJqjQooBpEJtZ6RC
1M2kQjo0pUIjm6VCBgGmQm1npkLUzaZCOjSnQiObp0IGAahCbWeoQtTNqEJANalCoJqpQgYB
qkJtZ6pC1M2qQjo0q0KgmqtCigGsQm1nrELUzaxCvTStQqCarUKKAa5CbWeuQtTNrkK9NK9C
oJqvQgYBsELwZ7BC1M2wQjo0sUKgmrFCBgGyQm1nskJWzrJCvTSzQqCas0IGAbRCbWe0QlbO
tEI6NLVCoJq1QgYBtkJtZ7ZCVs62Qjo0t0KgmrdCBgG4QvBnuELUzbhCOjS5QqCauUKKAbpC
bWe6QtTNukI6NLtCoJq7QgYBvELwZ7xC1M28Qjo0vUKgmr1CBgG+Qm1nvkLUzb5CvTS/QiOb
v0IGAcBC8GfAQtTNwEI6NMFCoJrBQgYBwkLwZ8JC1M3CQjo0w0KgmsNCigHEQm1nxEJWzsRC
vTTFQqCaxUKKAcZC8GfGQtTNxkI6NMdCoJrHQgYByEJtZ8hC1M3IQr00yUIjm8lCBgHKQm1n
ykJWzspCOjTLQiOby0KKAcxC8GfMQtTNzEI6NM1CI5vNQooBzkJtZ85CVs7OQr00z0Kgms9C
BgHQQm1n0ELUzdBCOjTRQiOb0UIGAdJC8GfSQlbO0kI6NNNCI5vTQgYB1EJtZ9RC1M3UQjo0
1UIjm9VCBgHWQm1n1kJWztZCvTTXQqCa10IGAdhCbWfYQlbO2EK9NNlCI5vZQgYB2kJtZ9pC
1M3aQjo020KgmttCigHcQm1n3ELUzdxCvTTdQqCa3UIGAd5CbWfeQlbO3kI6NN9CoJrfQgYB
4EJzaOBCVs7gQjo04UKgmuFCigHiQm1n4kJWzuJCOjTjQiOb40IGAeRCbGfkQtTN5EI6NOVC
JJvlQooB5kJsZ+ZC1M3mQrw050Ikm+dCBgHoQvBn6ELUzehCOjTpQiSb6UIGAepCbGfqQtTN
6kI6NOtCoJrrQgYB7EJsZ+xCVs7sQjo07UKgmu1CBgHuQmxn7kLUze5COjTvQqCa70IGAfBC
bGfwQlbO8EK8NPFCoJrxQgYB8kJsZ/JCVs7yQjo080KgmvNCigH0Qmxn9EJWzvRCOjT1QqCa
9UIGAfZCbGf2QtTN9kI6NPdCJJv3QooB+EJsZ/hC1M34Qjo0+UKgmvlCBgH6Qmxn+kLUzfpC
OjT7QqCa+0KKAfxCbGf8QtTN/EK8NP1CJJv9QooB/kLwZ/5CVs7+Qjo0/0Kgmv9CgwAAQ/gz
AEPqZgBDXpoAQ5LNAEPFAAFD+DMBQ+pmAUNemgFDks0BQ4MAAkO2MwJD6mYCQx2aAkNQzQJD
gwADQ7YzA0PqZgNDXpoDQ1DNA0PFAARDtjMEQ+pmBEMdmgRDUM0EQ8UABUO2MwVD6mYFQ16a
BUOSzQVDxQAGQ7YzBkMrZwZDHZoGQ5LNBkPFAAdDtjMHQ+pmB0MdmgdDks0HQ4MACEO2MwhD
6mYIQx2aCENQzQhDgwAJQ/gzCUMxaAlDHZoJQ1DNCUPFAApDtjMKQytnCkMdmgpDUM0KQ8UA
C0O2MwtDK2cLQx2aC0NQzQtDxQAMQ7YzDEMrZwxDXpoMQ1DNDEODAA1DtjMNQ+pmDUMdmg1D
UM0NQ4MADkO2Mw5D6mYOQ16aDkNQzQ5DgwAPQ7YzD0PqZg9DXpoPQ1DND0ODABBDtjMQQ+pm
EENemhBDUM0QQ4MAEUP4MxFD6mYRQ16aEUNQzRFDxQASQ7YzEkPqZhJDXpoSQ1DNEkODABND
+DMTQ+pmE0MdmhNDUM0TQ4MAFEP4MxRD6mYUQx2aFENQzRRDgwAVQ/gzFUPqZhVDHZoVQ1DN
FUODABZD+DMWQ+pmFkNemhZDUM0WQ4MAF0O2MxdD6mYXQ16aF0NQzRdDxQAYQ7YzGEMrZxhD
HZoYQ1DNGEPFABlDtjMZQytnGUNemhlDUM0ZQ4MAGkO2MxpDK2caQx2aGkNQzRpDxQAbQ7Yz
G0PqZhtDHZobQ1DNG0PFABxDtjMcQytnHENemhxDks0cQ4MAHUO2Mx1D6mYdQ16aHUNQzR1D
gwAeQ7YzHkNtZx5DHZoeQ5LNHkODAB9D+DMfQ+pmH0Mdmh9DUM0fQ4MAIEP4MyBD6mYgQ16a
IEOSzSBDgwAhQ7YzIUPqZiFDXpohQ1DNIUODACJD+DMiQ65nIkMdmiJDUM0iQ8UAI0P4MyND
6mYjQx2aI0NQzSNDgwAkQ/gzJEPqZiRDXpokQ1DNJEODACVDtjMlQytnJUMdmiVDUM0lQ8UA
JkO2MyZDK2cmQ16aJkNQzSZDgwAnQ/gzJ0PqZidDHZonQ5LNJ0ODAChDOjQoQ+pmKEMdmihD
UM0oQ4MAKUP4MylD6mYpQx2aKUNQzSlD</AssayXData><AssayYData Points="600">Ns4mQMlZJ0AosidAcmAoQIHsKEBWTylAlVgpQGcGKkD/WipA41cqQCDHKkADACtAS6QrQJTP
K0BJDixAspksQEmSLEB1RC1AGq4tQE6+LUATPy5A+mouQLHFLkAl/y5AiHsvQIjIL0Am2y9A
fzMwQDFVMEBJBzFAS3UxQFd6MUBuuzFAiKYyQL1+MkC3DTNAI/cyQCWAM0C+0TNAAU40QJSH
NEDZpDRAsys1QAd1NUAf2jVAOCU2QGAMNkCyqTZAibY2QH9jN0DXmjdAjKU3QF/vN0A4nzhA
Cxg5QJGBOUBcHzlAud45QA7xOUAFYzpAUYc6QDETO0ASKjtAN/A6QC3ZO0CMfTxAwXY8QCar
PEASKz1AjL49QL5tPUAJ0z1Atjg+QPVuPkAv1D5A0hs/QDs2P0Dewj9AifE/QFEPQEBKeEBA
nflAQExtQUB6ukBA0s1BQEjzQUAnWUJA1q1CQGbWQkD/9kJA0WBDQCCkQ0CP0kNAqUJEQDOy
REAq6kRAIfVEQJBDRUBfuEVAjZdFQFxTRkBeq0ZAA6hGQJ/8RkDO/UZAz19HQAzwR0CsEEhA
T2VIQGYGSUCrCElAXSVJQPGPSUBM5klAfyhKQLFwSkAZzEpADKBKQJpQS0BHs0tApOFLQCU4
TEAMX0xAzZpMQJrnTEDAQk1AlFxNQOyMTUAb+E1Alk1OQCsATkDQ005AZBFPQMUJT0Bxs09A
Iv5PQKLtT0B23E9AsrRQQGIOUUA76lBAc3NRQNBRUUC2nFFA/RtSQGpxUkAST1JAbNtSQIAL
U0AqXVNAHmhTQAQxVEB6ElRAH/xTQGV5VEDpylRA/xJVQFVwVUA7c1VATptVQGEcVkDTTFZA
TitWQJqvVkCQmFZASTRXQCBGV0BM0FdAgABYQL0jWEBhlVhA1bNYQMPHWECtSVlAE2RZQL2S
WUBkxFlAZQhaQBH3WUDsblpAkrxaQEvDWkAFTltAsZxbQHg+W0CIyltANkhcQFE4XECMplxA
BaJcQEHSXEDTY11AaDddQDtjXUC5pV1AnRxeQJoPXkCPZV5AnM1eQN7kXkC5315A0kxfQBqu
X0Bxo19AXOxfQGwAYEAsUGBAnWFgQN3yYEBJ9WBAVcRgQF2BYUBs1GFA3LdhQMIbYkDFXWJA
9XpiQPm2YkCLD2NAEPliQPYYY0DZIGNAO65jQNXIY0ASIWRA+npkQFRUZECny2RARNVkQOEP
ZUA6DmVA8allQP3uZUB90GVAsPJlQIAZZkCNVWZA8ZNmQAN0ZkBq+WZAqwtnQOJ6Z0CITWdA
wORnQJ2SZ0CgBmhAZ31oQDUoaECHd2hAHn5oQONFaUDxJ2lAZ2RpQJJyaUDae2lAxs5pQMgG
akAHI2pAJzhqQMOHakATjGpA7eJqQCjiakDsKWtAokNrQCuBa0BgnGtAH+1rQJzga0DXIGxA
5nFsQDRfbEAvcmxAT6BsQI/9bEC92mxAjGFtQLl1bUApl21APuJtQNbtbUAtwm1A22JuQJ+C
bkDxm25Ai7tuQFLkbkCb6m5AdS5vQNwub0A3NW9A+55vQP96b0ANm29AoR9wQAUdcEApS3BA
RUhwQE+6cEDJlnBA4K9wQPZScUAy2HBAej5xQNlvcUDdp3FAOb1xQJ+ucUAJ/HFA4gZyQG1A
ckAiV3JAe5FyQOP3ckCAr3JACtByQCQBc0AzWnNAYFpzQK1Qc0CApnNA28pzQHLTc0CCDXRA
r1d0QGcqdEDdiXRAb3x0QDmtdED9z3RAESZ1QP3kdEDECnVALEx1QMWQdUBzqnVA9251QNql
dUA5+XVAzBN2QHwpdkB7TnZA1ix2QGyFdkB6jnZAwah2QIendkAa5XZAlyh3QKQ4d0D3ZHdA
I5l3QImdd0AhxndAaHh3QE7ad0D86XdAxPl3QHBSeEAGkXhALKN4QKakeEB0k3hALs14QHjt
eEDnH3lAKQF5QBlreUDnW3lASmh5QKhVeUBjlnlA5N55QCayeUDjEXpAvTN6QKrceUBHgXpA
JEN6QGI4ekBoW3pAvbZ6QOHUekBGxnpAW057QMAwe0DSy3pAMyF7QK4Ve0Dok3tAmbl7QAeQ
e0CRk3tA1Xx7QAcNfEBe03tAQkZ8QM4nfECrDHxAPL98QETofEDzqXxAOZh8QCf3fECe+XxA
JyZ9QCYKfUAEQH1AWGR9QKA+fUCFdH1AAYN9QE2ffUAruX1A4vR9QJc/fkClP35ApiZ+QN9Z
fkCnLH5AN1x+QCaCfkBpkX5ABYV+QLN5fkAT0H5A1Nh+QJVDf0D6GH9AKvd+QOA7f0CTlH9A
0LJ/QDN3f0D1239Au5t/QPe2f0D4m39ASxeAQOEMgECd5H9AXCyAQBYHgECy/39ArzSAQA8x
gEAVS4BAN1aAQGBqgEBEaYBA23GAQOGpgEClmoBAsKyAQFepgEBUoYBAEJuAQMHYgEAC0IBA
XdqAQOC3gEAY5oBAjM2AQKoJgUA6JoFAff6AQNhFgUDAKoFALwSBQBJSgUClTIFAAz6BQEtE
gUDhVIFASHGBQBV7gUAvdYFAQKaBQDdygUD9poFANoyBQHGugUAmxIFAD7WBQKfSgUCUuYFA
queBQGbXgUAn7oFAcvmBQK/CgUAQGYJAogaCQAXsgUCuEIJAfT6CQJBWgkDxI4JAHU2CQKZH
gkA/OIJArkuCQMdsgkAJSoJAcIGCQIt/gkDJUYJAS4KCQFCKgkCzlYJARMOCQIKogkCduIJA
9tWCQLC7gkDh8IJAiteCQH/wgkBL6IJAsdyCQHIbg0CvJ4NAMgWDQGokg0CJO4NAYxWDQJMa
g0DQJ4NA8AKDQGFCg0DXQoNAEliDQBpvg0DAgYNAvGqDQDxhg0Bnd4NAX2KDQB1Hg0C/n4NA
NIODQJ+ig0Cqi4NA1bODQB2/g0AOpoNAdeaDQA+3g0Bb6oNAxdyDQJPHg0Bd/INAxQKEQFHr
g0A62INA5OeDQG8IhEAcEoRAjR6EQIs9hEBnKoRAmCKEQBc6hEB7SIRAB1KEQPBWhED1aIRA
WUGEQK1mhEBiWIRAdF+EQDWdhECPm4RAjmmEQIeDhEBHhIRAdn+EQO+9hEBHsoRAWMeEQEvU
hEAnsYRAOquEQEGuhEAN0oRASMiEQMPQhEBo0oRAkfWEQIX6hECyC4VAvBSFQOf9hEAdKoVA
PiCFQMEfhUAHG4VAXhWFQPkwhUAMKoVA</AssayYData></Step><Step><CommonData><SampleLocation>1</SampleLocation><SampleID>Octet Buffer</SampleID><SampleGroup></SampleGroup><SampleInfo></SampleInfo><SampleRow>E</SampleRow><SamplePlate>1</SamplePlate><WellType>BUFFER</WellType><Concentration>-1</Concentration><ConcentrationUnits>µg/ml</ConcentrationUnits><MolarConcentration>-1</MolarConcentration><MolarConcUnits>nM</MolarConcUnits><MolecularWeight>0</MolecularWeight><Temperature>30</Temperature><StartTime>270166</StartTime><AssayTime>100</AssayTime></CommonData><FlowRate>1000</FlowRate><StepType>BASELINE</StepType><StepName>Baseline</StepName><StepStatus>OK</StepStatus><ActualTime>100</ActualTime><CycleTime>0.2</CycleTime><AssayXData Points="500">gwAqQ7YzKkPpZipDHZoqQ1DNKkPFACtD+DMrQ+lmK0MdmitDUM0rQ4MALEO2MyxD6WYsQx2a
LENQzSxDxQAtQ7YzLUPpZi1DHZotQ5HNLUPFAC5DtjMuQytnLkMdmi5Dkc0uQ4MAL0P4My9D
6WYvQx2aL0ORzS9DxQAwQ7YzMEMrZzBDHZowQ5HNMEPFADFDtjMxQ+lmMUNemjFDUM0xQ4MA
MkO2MzJD6WYyQx2aMkNQzTJDxQAzQ/gzM0PpZjNDXpozQ1DNM0PFADRDtjM0QytnNENemjRD
UM00Q4MANUO2MzVD6WY1Q16aNUNQzTVDgwA2Q7YzNkPpZjZDXpo2Q5HNNkPFADdD+DM3Q+lm
N0MdmjdDkc03Q8UAOEP4MzhD6WY4Q16aOENQzThDgwA5Q7YzOUPpZjlDXpo5Q1DNOUODADpD
tjM6QytnOkMdmjpDUM06Q8QAO0P4MztD6WY7Q16aO0ORzTtDgwA8Q7YzPEO2czxDapw8Q1DN
PEPEAD1D+DM9Q+lmPUMdmj1D0809Q8QAPkO2Mz5D6WY+Qx2aPkORzT5DgwA/Q7YzP0PpZj9D
HZo/Q1DNP0ODAEBDtjNAQ+lmQENemkBDkc1AQ4MAQUO2M0FD6WZBQx2aQUNQzUFDgwBCQ7Yz
QkPpZkJDXppCQ1DNQkODAENDtjNDQytnQ0NemkNDkc1DQ4MAREP4M0RDK2dEQ16aREORzURD
gwBFQ7YzRUPpZkVDHZpFQ5HNRUODAEZD+DNGQ+lmRkNemkZDkc1GQ8QAR0O2M0dD6WZHQx2a
R0NQzUdDgwBIQ/gzSEPpZkhDHZpIQ1DNSEODAElDtjNJQ+lmSUMdmklDUM1JQ4MASkP4M0pD
6mZKQxyaSkORzUpDgwBLQ7YzS0PqZktDHJpLQ1DNS0ODAExD+DNMQytnTENemkxDkc1MQ4MA
TUO2M01D6mZNQxyaTUNQzU1DgwBOQ7YzTkPqZk5DHJpOQ1DNTkPEAE9DtjNPQytnT0Mcmk9D
kc1PQ8QAUEO2M1BDQHVQQ/SdUENQzVBDgwBRQ/gzUUPqZlFDHJpRQ1DNUUODAFJDtjNSQytn
UkMcmlJDUM1SQ4MAU0O2M1ND6mZTQ16aU0ORzVNDgwBUQ7YzVEPqZlRDHJpUQ1DNVEODAFVD
tjNVQ+pmVUMcmlVDUM1VQ4MAVkO2M1ZDK2dWQxyaVkORzVZDgwBXQ/gzV0PqZldDHJpXQ1DN
V0ODAFhD+DNYQ+pmWENemlhDUM1YQ4MAWUM5NFlD6mZZQxyaWUNQzVlDxABaQ7YzWkPqZlpD
HJpaQ1DNWkPEAFtDtjNbQ+pmW0McmltDkc1bQ8QAXEO2M1xD6mZcQ16aXEORzVxDxABdQ/gz
XUPqZl1DHJpdQ1DNXUODAF5D+DNeQytnXkNeml5Dkc1eQ4MAX0O2M19DK2dfQxyaX0NQzV9D
gwBgQ7YzYEPqZmBDHJpgQ1DNYEODAGFD+DNhQytnYUMcmmFDUM1hQ4MAYkO2M2JD6mZiQxya
YkNQzWJDxABjQ/gzY0MrZ2NDHJpjQ1DNY0ODAGRDtjNkQ7ByZEPnm2RDkc1kQ8QAZUP4M2VD
6mZlQxyaZUNQzWVDxABmQ7YzZkPqZmZDHJpmQ1DNZkODAGdD+DNnQytnZ0McmmdDUM1nQ4MA
aEO2M2hD6mZoQxyaaENQzWhDxABpQ7YzaUPqZmlDHJppQ5HNaUODAGpDtjNqQ+pmakMcmmpD
ks1qQ4MAa0P4M2tD6mZrQ16aa0NQzWtDgwBsQ7YzbEMrZ2xDHJpsQ1DNbEPEAG1DtjNtQ+pm
bUNemm1DUM1tQ4MAbkO2M25DK2duQxyabkNQzW5DgwBvQ7Yzb0PqZm9DHJpvQ1DNb0ODAHBD
+DNwQ+pmcEMcmnBDks1wQ4MAcUO2M3FD6mZxQ16acUNQzXFDgwByQ7YzckMrZ3JDHJpyQ1DN
ckPEAHNDtjNzQytnc0McmnNDks1zQwYBdEP4M3RD6mZ0QxyadENQzXRDxAB1Q7YzdUPqZnVD
HJp1Q1DNdUPEAHZDtjN2Q+pmdkNemnZDUM12Q4MAd0O2M3dDK2d3Qxyad0NQzXdDxAB4Q/gz
eEM6dHhD7px4Q1DNeEODAHlD+DN5Q+pmeUMcmnlDks15Q8QAekO2M3pDK2d6Q16aekNQzXpD
gwB7Q7Yze0PqZntDHJp7Q1DNe0PEAHxDtjN8Q+pmfEMcmnxDUM18Q4MAfUP4M31D6mZ9Q16a
fUNQzX1DgwB+Q/gzfkPqZn5DHJp+Q1DNfkPEAH9DtjN/Q+pmf0Mcmn9DUM1/Q0IAgEPbGYBD
dTOAQy9NgEOoZoBDYoCAQ9uZgEOWs4BDDs2AQ6jmgENiAIFD/BmBQ3UzgUMvTYFDyWaBQ0KA
gUPbmYFDdbOBQy/NgUOo5oFDQgCCQ9sZgkN1M4JDL02CQ8lmgkNCgIJD25mCQ5azgkMvzYJD
yeaCQ0IAg0PbGYNDljODQy9Ng0OoZoNDYoCDQ9uZg0N1s4NDL82DQ6jmg0NCAIRD2xmEQ3Uz
hEMOTYRDqGaEQ0KAhEP8mYRDdbOEQy/NhEPJ5oRDQgCFQ9sZhUN1M4VDL02FQ6hmhUNCgIVD
25mFQ3WzhUMOzYVDqOaFQ2IAhkP8GYZD4TqGQztPhkOoZoZDQoCGQ9uZhkN1s4ZDDs2GQ6jm
hkM=</AssayXData><AssayYData Points="500">7gyGQOAghkCFL4ZAJTqGQEkwhkDtRoZA1liGQEBihkDLTYZAI2KGQIdyhkA9QYZABUiGQHlv
hkD+SYZAYnqGQN6BhkDDVYZABoGGQGmbhkC3aYZAbmyGQHpfhkBRYIZAlWqGQDNshkAQmYZA
/1mGQCx7hkAyboZAslyGQHibhkCdd4ZAMnyGQKF0hkA4uoZAqYKGQF97hkASe4ZAXJqGQPV4
hkANjoZAuouGQMN4hkDJcYZALJeGQJxrhkA6fIZAYrqGQINfhkBwkoZAYZaGQJSDhkD8aIZA
kXuGQHCnhkBhl4ZAFIiGQEmDhkDvgIZAq5eGQEmhhkDEcIZAp4CGQPm0hkAxbIZAA6+GQA+k
hkDAjIZACbGGQOGehkAFmYZAgGKGQBWYhkA4nIZA+pKGQFGHhkCjpIZAfYmGQFyXhkBavIZA
xKCGQKC3hkD1foZAjqKGQDyGhkC5oIZAgYeGQOiOhkABoYZAVrSGQD2lhkA2oYZA+GiGQFeM
hkDUfoZAHY+GQLORhkB4nYZAIsOGQNSnhkAjhIZAKZuGQH2QhkASh4ZA9LKGQDS/hkC7nIZA
zI+GQOKphkCHjIZAXbCGQFu3hkAGj4ZAnZGGQEedhkDkwIZA5beGQD6uhkABioZAapSGQAWy
hkB0oIZAS62GQEjGhkAuy4ZAlnaGQPSqhkBwzoZA5ZSGQNSQhkArr4ZAu52GQDXNhkAIv4ZA
RqeGQPOthkAfwIZAl5KGQK+khkBEn4ZAwsKGQBa0hkA83YZAr8WGQK7HhkAit4ZAYe6GQGC3
hkBUtIZAidyGQCmrhkBqx4ZA3tqGQGDJhkB+sIZA3LyGQF3ChkAmtIZAur+GQEa5hkAMpoZA
QL6GQOPihkCImYZAXs+GQDjrhkAUm4ZAKrOGQL7QhkDXx4ZAVq+GQN21hkA+qIZANK+GQF3o
hkBozIZANKeGQA3PhkCf64ZAaLCGQA/OhkAJ24ZAh+mGQA3jhkB+qoZA1M2GQIrQhkDSvIZA
o8eGQEO8hkDM6IZAq7yGQES5hkB2uoZA+LyGQFXLhkDVvoZANuWGQKPKhkC2voZAGLmGQFfX
hkACzoZAHueGQBm2hkBlt4ZAReCGQDTEhkDK9YZAHOOGQObShkBXyYZAbeGGQIbehkD9woZA
huWGQIXdhkD3voZAUNeGQJvRhkC88IZAHPCGQKTahkBcuYZAytKGQEnthkB77IZABtaGQNDo
hkC68oZAgfiGQFH1hkBF64ZAR+6GQO3+hkAt04ZAuuqGQGS9hkCB/IZAtdyGQPzchkCb34ZA
d+OGQE6qhkAxEIdAKciGQCL6hkAJ3oZABgeHQMPbhkAF/4ZAsO6GQOK+hkCABYdAJe2GQLPX
hkA+1oZAg/WGQDH9hkDM2IZAYuWGQOvKhkA434ZAsd+GQKf8hkDf24ZA7/eGQHHjhkD26oZA
Ct+GQKsAh0B144ZAS8eGQCv8hkAzDYdAyyKHQFjyhkCt14ZA8+iGQN8Gh0CO6YZAZ9OGQEDx
hkBpJIdA4+SGQHQUh0AqIodA6OuGQO77hkBa7IZAuvSGQHbXhkC2AIdADP6GQEHxhkCrEYdA
g+6GQBcAh0ApFYdAaACHQAXyhkDX7oZA7+yGQP3lhkBH4oZAvPSGQBTxhkCa8YZAZASHQEXl
hkDU8oZAkAqHQMUKh0DK6oZAlRCHQMkYh0BgDodANAqHQE44h0C68YZAFxaHQH85h0Ar74ZA
7BGHQEwZh0A/EIdA5xKHQCgRh0DSCYdAaP2GQNEZh0DbGodAdwKHQAUrh0DRLYdA3guHQD8s
h0BkH4dAHuOGQF8Hh0DIModAOPyGQG8oh0CX/YZAcu+GQNjphkBgIYdAkU2HQKDzhkAaCYdA
bBOHQN/vhkDTJIdAOTuHQColh0ARCodAIDOHQIMbh0AEEodAWACHQDsah0DHD4dAQyWHQK0G
h0AmG4dAZSqHQJARh0D/CIdAGi2HQIdTh0ADEodAWi+HQGoqh0BwCodAdzCHQO9Bh0D9E4dA
Ch6HQCo5h0CxDodAq/uGQJ42h0DoJIdAphuHQIovh0BiA4dAI/iGQOkRh0C/F4dAHR+HQB03
h0DoQYdAXxqHQDolh0A9I4dA2fGGQAQqh0CVLodAcVaHQHQlh0AJJodAvBmHQLsah0AWTodA
KxKHQPE1h0DILIdATj2HQL4yh0DLRIdAuDCHQMcth0BeEIdAcTSHQNdGh0B8OIdAXDOHQLY6
h0DOCYdA8mKHQDlDh0BXT4dAOmeHQHn+hkDe+oZAgzmHQM47h0BmHIdATEmHQBJBh0CrJYdA
hy6HQN42h0AtRodAPCyHQNZfh0DtYodAfFGHQLMjh0C1QodATh+HQKk/h0BPPYdA7EmHQDsh
h0ArUIdAEUaHQPojh0ChN4dAMjCHQDtLh0CBWodA8xyHQApOh0AjP4dAQzGHQPsqh0CWYYdA
vw6HQJJXh0DRUIdAryyHQNwhh0DcXodA5HSHQAk3h0CkMYdASVWHQEQzh0AuLIdAQkSHQGtd
h0DgQodAW2uHQOlLh0BGS4dAKU2HQLlah0AiQodASz6HQHVXh0BcNodAsmOHQEBPh0DlNYdA
AlCHQAtfh0Cjb4dATmeHQDBOh0CkQ4dAzkiHQMZUh0C0LYdA9DSHQDFFh0B+SIdA5zKHQJ41
h0A=</AssayYData></Step><Step><CommonData><SampleLocation>2</SampleLocation><SampleID>hsCD3d/e_Acro_CDD-H52W1</SampleID><SampleGroup></SampleGroup><SampleInfo></SampleInfo><SampleRow>E</SampleRow><SamplePlate>1</SamplePlate><WellType>KSAMPLE</WellType><Concentration>-1</Concentration><ConcentrationUnits>µg/ml</ConcentrationUnits><MolarConcentration>50</MolarConcentration><MolarConcUnits>nM</MolarConcUnits><MolecularWeight>0</MolecularWeight><Temperature>30</Temperature><StartTime>378598</StartTime><AssayTime>180</AssayTime></CommonData><FlowRate>1000</FlowRate><StepType>ASSOC</StepType><StepName>Association</StepName><StepStatus>OK</StepStatus><ActualTime>180</ActualTime><CycleTime>0.2</CycleTime><AssayXData Points="900">QgCHQ9wZh0N1M4dDD02HQ8lmh0NCgIdD3JmHQ3Wzh0MPzYdDyeaHQ0IAiEPcGYhDdTOIQw9N
iEPJZohDQoCIQ9yZiEN1s4hDD82IQ8nmiENCAIlD3BmJQ3UziUMPTYlDyWaJQ0KAiUP8mYlD
lrOJQw/NiUPJ5olDQgCKQ9wZikN1M4pDME2KQ8lmikNjgIpD/JmKQ5azikMPzYpDqOaKQ0IA
i0PcGYtDdTOLQw9Ni0OoZotDQoCLQ9yZi0OWs4tDD82LQ8nmi0NOAoxD3BmMQ5YzjEMwTYxD
qGaMQ0KAjEPcmYxDdbOMQzDNjEOo5oxDYwCNQ9wZjUN1M41DD02NQ6hmjUNCgI1D3JmNQ3Wz
jUMPzY1DqOaNQ2MAjkPcGY5DljOOQw9NjkOoZo5DQoCOQ/yZjkOWs45DMM2OQ8nmjkNCAI9D
3BmPQ5Yzj0MPTY9DqGaPQ2OAj0PcmY9DdbOPQzDNj0Oo5o9DYwCQQ9wZkEOWM5BDD02QQ8lm
kENCgJBD/JmQQ5azkEMwzZBDqOaQQ0IAkUMdGpFDljORQzBNkUOoZpFDQoCRQ9yZkUOWs5FD
D82RQ6jmkUNCAJJD/BmSQ3UzkkMwTZJDqGaSQ0KAkkP8mZJDlrOSQw/NkkPJ5pJDYwCTQ/wZ
k0N1M5NDD02TQ6hmk0NCgJND3JmTQ5azk0MPzZNDqOaTQ2MAlEPcGZRDdTOUQzBNlEOoZpRD
QoCUQ/yZlEN1s5RDD82UQ8nmlENCAJVD/BmVQ3UzlUMwTZVDqGaVQ2OAlUPcmZVDdbOVQw/N
lUOo5pVD8gKWQ9wZlkOWM5ZDD02WQ6hmlkNCgJZD3JmWQ3WzlkMPzZZDqOaWQ0IAl0PcGZdD
ljOXQw9Nl0PJZpdDQoCXQ9yZl0N1s5dDD82XQ8nml0NCAJhD3BmYQ3UzmEMPTZhDyWaYQ0KA
mEP8mZhDdbOYQzDNmEOo5phDQgCZQx0amUN1M5lDD02ZQ6hmmUNjgJlD3JmZQ3WzmUMPzZlD
yeaZQ0IAmkPcGZpDdTOaQw9NmkPJZppDY4CaQ9yZmkOWs5pDMM2aQ6jmmkNCAJtD/BmbQ3Uz
m0MPTZtDyWabQ2OAm0PcmZtDdbObQw/Nm0PJ5ptDQgCcQ9wZnEN1M5xDD02cQ6hmnENCgJxD
/JmcQ3WznEMPzZxDqOacQ2MAnUPcGZ1DljOdQw9NnUOoZp1DQoCdQ9yZnUOWs51DD82dQ6jm
nUNCAJ5D3BmeQ3UznkMPTZ5DqGaeQ0KAnkP8mZ5DdbOeQw/NnkOo5p5DQgCfQ9wZn0OWM59D
ME2fQ6hmn0NCgJ9D3JmfQ3Wzn0MPzZ9DqOafQ8sBoEPcGaBDljOgQw9NoEOoZqBDY4CgQ9yZ
oEOWs6BDMM2gQ6jmoENCAKFD3BmhQ5YzoUMwTaFDqGahQ0KAoUPcmaFDdbOhQw/NoUOo5qFD
QgCiQ9wZokN1M6JDME2iQ6hmokNCgKJD3JmiQ3WzokMwzaJDqOaiQ0IAo0PcGaNDdTOjQw9N
o0OoZqNDQoCjQ9yZo0OWs6NDD82jQ6jmo0NCAKRD/BmkQ3UzpEMPTaRDqGakQ0KApEPcmaRD
lrOkQw/NpEOo5qRDYwClQ9wZpUOWM6VDME2lQ6hmpUNCgKVD3JmlQ5azpUMwzaVDqOalQ0IA
pkP8GaZDljOmQw9NpkOoZqZDQoCmQ9yZpkN1s6ZDD82mQ6jmpkNCAKdD/BmnQ/gzp0MwTadD
yWanQ0KAp0PcmadDdbOnQw/Np0Oo5qdDQgCoQ9wZqEOWM6hDD02oQ6hmqENjgKhD3JmoQ5az
qEMPzahDqOaoQ0IAqUPcGalDdTOpQzBNqUOoZqlDQoCpQ9yZqUOWs6lDD82pQ8nmqUNvAqpD
3BmqQ3UzqkMwTapDyWaqQ0KAqkP8mapDlrOqQw/NqkOo5qpDQgCrQ9wZq0N1M6tDD02rQ6hm
q0NjgKtD3JmrQ3Wzq0MPzatDqOarQ0IArEPcGaxDljOsQzBNrEOoZqxDQoCsQ/yZrEN1s6xD
D82sQ6jmrENjAK1D3BmtQ3UzrUMPTa1DqGatQ0KArUPcma1DdbOtQzDNrUPJ5q1DQgCuQ9wZ
rkN1M65DD02uQ6hmrkNCgK5D3JmuQ3WzrkMPza5DqOauQ0IAr0PcGa9DljOvQw9Nr0PJZq9D
QoCvQ/yZr0N1s69DD82vQ6jmr0NCALBD/BmwQ3UzsEMwTbBDqGawQ2OAsEPcmbBDdbOwQzDN
sEPJ5rBDYwCxQ9wZsUN1M7FDD02xQ6hmsUNCgLFD3JmxQ3WzsUMwzbFDqOaxQ0IAskPcGbJD
ljOyQw9NskPJZrJDY4CyQ9yZskN1s7JDD82yQ6jmskNjALND3BmzQ5Yzs0MwTbNDqGazQ0KA
s0PcmbNDdbOzQw/Ns0Oo5rNDKAG0Q9wZtEN1M7RDME20Q8lmtENCgLRD/Jm0Q3WztEMwzbRD
qOa0Q2MAtUP8GbVDljO1Qw9NtUOoZrVDQoC1Q/yZtUOWs7VDD821Q6jmtUNCALZD/Bm2Q5Yz
tkMPTbZDyWa2Q0KAtkPcmbZDdbO2Qw/NtkOo5rZDQgC3Q9wZt0N1M7dDME23Q6hmt0NjgLdD
3Jm3Q3Wzt0MPzbdDqOa3Q2MAuEP8GbhDdTO4Qw9NuEOoZrhDQoC4Q/yZuEN1s7hDD824Q6jm
uENCALlD/Bm5Q3UzuUMwTblDyWa5Q0KAuUPcmblDlrO5Qw/NuUOo5rlDQgC6Q9wZukN1M7pD
D026Q8lmukNCgLpD/Jm6Q3WzukMPzbpDqOa6Q0IAu0NfGrtDdTO7Qw9Nu0OoZrtDQoC7Q9yZ
u0N1s7tDMM27Q6jmu0NjALxD/Bm8Q5YzvEMwTbxDqGa8Q0KAvEPcmbxDdbO8QzDNvEPJ5rxD
QgC9Q9wZvUN1M71DME29Q6hmvUNCgL1D/Jm9Q3WzvUMwzb1DqOa9Q/gDvkP8Gb5DdTO+Qw9N
vkPJZr5DQoC+Q9yZvkN1s75DD82+Q6jmvkNjAL9D/Bm/Q3Uzv0MwTb9DqGa/QyiBv0P8mb9D
dbO/Qw/Nv0PJ5r9DQgDAQ/wZwEN1M8BDD03AQ8lmwENCgMBD3JnAQ3WzwEMPzcBDqObAQ0IA
wUP8GcFDdTPBQzBNwUOoZsFDQoDBQ9yZwUOWs8FDMM3BQ8nmwUNjAMJD/BnCQ5YzwkMwTcJD
qGbCQ0KAwkPcmcJDdbPCQzDNwkOo5sJDQgDDQ9wZw0N1M8NDD03DQ8lmw0NCgMND/JnDQ3Wz
w0MwzcNDqObDQ2MAxEP8GcRDljPEQw9NxEPJZsRDQoDEQ9yZxEN1s8RDMM3EQ6jmxENCAMVD
3BnFQ3UzxUMwTcVDqGbFQ2OAxUP8mcVDdbPFQzDNxUOo5sVDQgDGQ9wZxkN1M8ZDD03GQ8lm
xkNjgMZD/JnGQ3WzxkMPzcZDqObGQ2MAx0PcGcdDdTPHQw9Nx0OoZsdDQoDHQ/yZx0N1s8dD
MM3HQ6jmx0OwAshD/BnIQ5YzyEMPTchDqGbIQ0KAyEP8mchDdbPIQw/NyEPJ5shDYwDJQ9wZ
yUOWM8lDD03JQ8lmyUNCgMlD/JnJQ3WzyUMPzclDqObJQ2MAykP8GcpDdTPKQw9NykOoZspD
QoDKQ9yZykN1s8pDD83KQ8nmykNjAMtD/BnLQ5Yzy0MwTctDqGbLQ0KAy0PcmctDtrPLQw/N
y0PJ5stDQgDMQ9wZzEOWM8xDD03MQ6hmzENCgMxD3JnMQ5azzEMwzcxDqObMQ0IAzUPcGc1D
ljPNQw9NzUOoZs1DQoDNQ9yZzUN1s81DMM3NQ6jmzUNCAM5D3BnOQ3UzzkMPTc5DqGbOQ0KA
zkPcmc5DlrPOQw/NzkOo5s5DQgDPQ9wZz0OWM89DD03PQ6hmz0NCgM9D3JnPQ5azz0Mwzc9D
qObPQ0IA0EP8GdBDdTPQQw9N0EOoZtBDQoDQQ9yZ0EN1s9BDD83QQ6jm0ENjANFD/BnRQ5Yz
0UMPTdFDqGbRQ0KA0UPcmdFDdbPRQw/N0UOo5tFDggXSQ/wZ0kN1M9JDD03SQ6hm0kNCgNJD
3JnSQ3Wz0kMPzdJDqObSQ2MA00P8GdNDdTPTQw9N00PJZtNDQoDTQ9yZ00N1s9NDMM3TQ6jm
00NjANRD3BnUQ3Uz1EMPTdRDyWbUQ0KA1EPcmdRDdbPUQw/N1EPJ5tRDYwDVQ9wZ1UOWM9VD
D03VQ6hm1UNCgNVD3JnVQ5az1UMwzdVDqObVQ0IA1kPcGdZDdTPWQzBN1kOoZtZDQoDWQ9yZ
1kN1s9ZDD83WQ8nm1kNCANdD/BnXQ3Uz10MwTddDqGbXQ0KA10PcmddDdbPXQw/N10Oo5tdD
QgDYQ9wZ2EN1M9hDD03YQ6hm2ENCgNhD3JnYQ5az2EMPzdhDyebYQ0IA2UP8GdlDdTPZQw9N
2UPJZtlDQoDZQ/yZ2UN1s9lDD83ZQ6jm2UNCANpD3BnaQ3Uz2kMPTdpDyWbaQ2OA2kPcmdpD
lrPaQzDN2kPJ5tpDYwDbQ/wZ20N1M9tDD03bQ8lm20NCgNtD3JnbQ3Wz20MPzdtDqObbQxkE
3EPcGdxDdTPcQw9N3EOoZtxDY4DcQ9yZ3EN1s9xDD83cQ6jm3ENCAN1D3BndQ3Uz3UMPTd1D
qGbdQ2OA3UPcmd1DdbPdQw/N3UPJ5t1DQgDeQ9wZ3kN1M95DD03eQ6hm3kNCgN5D3JneQ5az
3kMwzd5DqObeQ2MA30PcGd9DdTPfQw9N30OoZt9DQoDfQ/yZ30N1s99DD83fQ8nm30NCAOBD
3BngQ3Uz4EMwTeBDqGbgQ0KA4EP8meBDdbPgQw/N4EOo5uBD</AssayXData><AssayYData Points="900">MceGQOH5hkCZAYdAgkGHQME5h0CfQodAd2CHQJJ9h0B/bodA46aHQDbCh0BPvYdA07uHQJnG
h0Ag3IdAl9+HQEnjh0A44odAc+KHQOv8h0CQHYhABhqIQDPgh0BTM4hAI0GIQNgTiEBiR4hA
3FaIQK9aiEBIPohAlnaIQJw8iEBhU4hA8mqIQJV7iEDYV4hABrCIQHqaiEDUiohA3o6IQPqm
iEC1vYhA3MuIQEO8iEBt6YhAP9eIQKzqiECGxohAafOIQNUOiUDZ+ohAcuyIQBcCiUDRHIlA
fxKJQJgiiUDcOYlAyC6JQOxSiUA8QYlAvCuJQANaiUBMYYlAvGuJQK2KiUD/jIlAFX6JQBx5
iUAvpIlArqiJQO6giUAboYlAiKaJQICXiUAd4olA6N6JQBPKiUAX2olAA9mJQAPgiUDt/4lA
uOyJQEf9iUBb/YlAXO+JQMofikAKKYpA8RiKQJwiikBkIIpA4WaKQBtKikAuXIpAzXeKQGNs
ikC0T4pAW3uKQKB/ikAjfopAH4SKQHWgikCXgopA7IaKQNadikDgnYpAdcSKQC3xikAJ0YpA
GNyKQGG7ikCI8YpACtuKQLQfi0ChD4tAcOWKQO8xi0BSE4tAESOLQHYZi0BQRotAiiqLQC02
i0A7OotAf32LQPpsi0C7SItAmTuLQL1li0B3lYtAL3+LQMWoi0AHqYtAX5yLQBOdi0Dxt4tA
FMWLQEC0i0DjsItAO6WLQLLYi0AuzItAc96LQPjGi0Av74tAhsmLQEMajEDz1otAPRKMQJ4S
jEA4JYxA5TaMQPI5jED/GoxA+TeMQDBYjEC0U4xAPk+MQHJojEAWToxAb2+MQOdujEDHUIxA
Hl6MQI6jjEBcnoxAAIWMQCuNjECyg4xAO5aMQJ+2jEBRzoxAnbyMQPq7jEBR0IxA0cqMQCzP
jEBOAo1A5tiMQHb7jEC6DI1AoCqNQAAFjUAtFY1ANi2NQDE1jUCIMo1AGDWNQGpMjUB1PI1A
50qNQHBVjUAGWo1AzWONQJtmjUBshY1AZXCNQEeFjUBzVo1A5oCNQFaMjUD+m41AcqWNQAKc
jUDQrI1AvLONQPbdjUBRu41AUtCNQBG5jUCdwI1AoveNQJ4AjkAYCI5A6O6NQLcSjkBgGY5A
lP+NQE4RjkDGHI5AIC+OQKE6jkCiVI5AOBqOQC1FjkBSWY5A5EqOQG9njkBzWo5Aq3eOQPNp
jkAxS45ATGGOQF9xjkAFhY5AiqSOQBpwjkD3wY5Afa+OQNKujkC2yY5AqrmOQBrbjkARxo5A
t8+OQIrbjkDLzo5A1RGPQJH6jkCU/45AZvOOQC4Gj0BhEY9AGSmPQFT5jkCbCY9AxiGPQAce
j0B2Mo9Asj+PQH14j0DCWI9Ah1ePQDZzj0BBVo9APXSPQMNmj0CQbo9AdpuPQIyGj0Dpko9A
DKGPQFp+j0Dlio9A5I+PQO6hj0BjhY9AEKaPQEKbj0Anv49A/6yPQBG0j0Chto9AQtiPQGTg
j0Bf7I9A+vaPQA3fj0Cn6I9AsBWQQPflj0Ba949A+huQQJcNkEDSG5BA8x2QQAMWkEAaO5BA
FFiQQAVKkEBoJpBAA1OQQFJpkEDqOJBAznCQQNFmkEAhbJBA1FKQQFx7kEC8dpBAkZuQQI2i
kECei5BAA2WQQBmpkECNspBAyp2QQB3NkEBtrpBA8KOQQPjFkEAJ15BAuriQQHX4kEDx6ZBA
ufaQQEbjkEAJBJFAttmQQNflkEAZB5FAXvmQQMIckUBCNJFA/heRQHgokUA8D5FAEiaRQPEf
kUDrLpFAkE2RQBgykUDCWpFAXleRQE4+kUAaYZFAWn6RQPx2kUATfpFAEGWRQOuGkUALjpFA
do6RQGGZkUBVoZFA44yRQOqakUDDpJFAP6aRQGGukUCwwJFAWOaRQEywkUCOtpFAwbWRQIjg
kUBw3ZFAI/GRQIfnkUAl25FAYRGSQIT/kUC+25FAR/+RQDYSkkDK9pFAtw2SQAUukkAeBpJA
9g2SQEclkkCaKZJALjaSQLFRkkBLUJJADEuSQERikkAsapJAAl6SQLR0kkDnVZJA6G2SQCqD
kkCpUpJAJG2SQCSMkkCYhZJALIaSQKPNkkCigZJAD3CSQCiYkkC5vZJAwqqSQEizkkDKpJJA
88GSQOvikkCUx5JA7/6SQBfXkkBD/ZJAuOiSQI7/kkDC6JJAPuuSQHLHkkAGA5NA/AuTQLr7
kkBpEZNANheTQA4lk0ADKZNA/DaTQGI3k0DZIZNAlTWTQMlKk0AmTpNAR1STQFBOk0C1U5NA
eS2TQLZjk0C7b5NAAlyTQPZGk0CTZJNAYmqTQBOok0ArfZNAGm+TQGhvk0AfgZNAlJSTQD+H
k0BKpZNA5aiTQD+mk0BPnZNA57iTQB/Fk0CavpNAo8yTQFfLk0BtspNAwcOTQGnjk0D16pNA
/dOTQK3Xk0Bi9ZNABOGTQIEFlEC365NAV/yTQAEjlED9/ZNAmhqUQBEslECKOJRA+TiUQDIf
lEA+GpRAW0eUQEVBlEDsKZRAz1+UQJlTlEADUpRArW+UQG9hlEBEV5RANXqUQMRflEA+dZRA
9IeUQPZmlEAvYpRAk2iUQAV2lEC8jZRA/3mUQNF+lECfnZRAYceUQNSelEBaqZRA3JyUQBWf
lEDsvJRAzsWUQM7FlEAe1ZRAc6GUQFm9lEB13JRAMvWUQHbrlECizpRA/AGVQL3/lEBt5JRA
zAGVQIzulED6/5RAFC+VQFQBlUA4L5VA/w6VQLIllUAk+5RAMCCVQE1IlUAGPJVAPT2VQOs1
lUC2QpVA0ySVQEJClUD9NpVA00eVQE1WlUAHU5VA0nKVQHNKlUDgiJVA2nWVQDRwlUD5cZVA
EI2VQO6BlUD4dZVA8FCVQAVnlUBNq5VAHJqVQL6MlUCakZVArK+VQGS1lUCLhJVAc7KVQEa0
lUCiwpVAKb+VQBC0lUCnvJVA/82VQGXTlUDs4JVA2vOVQPDklUDX1ZVAr/iVQGoClkC3zJVA
Bw2WQFj+lUDqEpZA8AGWQEkslkA4BZZA1x2WQG4ylkCCCZZADfiVQLMSlkBlL5ZAagCWQJNH
lkAcO5ZAgS+WQJoglkA7YZZAFE2WQJxBlkBjYJZA8GGWQHVplkCDjJZA7XGWQDJblkDPUpZA
hmyWQF+AlkApkZZA+YKWQNNilkB0lpZAPXyWQD6ZlkCompZAAMuWQESVlkA5uZZAHLmWQDHE
lkAEoZZAR66WQOi2lkBvyZZA39SWQNvYlkCVwZZAoNaWQK7ElkC7zJZAwteWQPvrlkBf65ZA
JvqWQHQDl0A64ZZAseiWQLwBl0CZCJdATeKWQEr5lkCgCpdAlOeWQL4dl0DaKJdACiWXQO47
l0B2MZdAnzeXQPIjl0B3MZdAoRiXQBg+l0CuRZdAaTaXQCtml0CFZ5dAYmmXQH09l0DibJdA
koeXQH44l0CQjpdAz3OXQKOFl0BpqJdAOHyXQCZil0AkqZdA3XaXQI+Zl0AppZdAMZCXQDyP
l0C3oZdAxZGXQAy/l0CJuJdAKpeXQFC9l0DZl5dA8KaXQOjgl0BpvZdArb6XQBvjl0BW7JdA
Yr6XQKLIl0BqzZdAZtiXQHnAl0Aq+JdAL+6XQGT5l0AT+JdAue+XQHUEmECt5JdAbuKXQGcM
mECW+5dAEASYQP8DmED7LJhAOQyYQMYRmEAlO5hATxeYQNw2mEBaUJhAKSeYQO8gmEDaRJhA
RyeYQBwumEDsOZhAazGYQGVSmECIW5hA8T+YQH91mEAcaZhAkIqYQDhGmEBCRZhAU4aYQPly
mECNUphAP3GYQABxmEDGdphACZaYQPdrmED3bZhAsHOYQAiUmEDzoZhA4IWYQLCSmEDwuphA
pr+YQJ+tmEAivZhAfcGYQJqnmECniphA9qyYQOrPmEDfz5hAIsKYQNnjmEDR2ZhARbeYQMql
mEB09JhActWYQDO3mEAR+ZhAHdaYQPzpmEC355hAXeyYQBD1mEBIAZlA4B6ZQFTnmEARA5lA
lwKZQO0hmUAdD5lAGzWZQIgkmUAiA5lAFBmZQFH3mEB6D5lAFBuZQHAjmUA+GZlA6TCZQNYK
mUDuL5lAjj2ZQKAqmUCeGJlAV2WZQMNFmUAiUZlAvVuZQJJsmUAEZ5lAvGOZQIpkmUBXTJlA
JEyZQB+DmUBZcJlAPGmZQO1tmUAghJlAHLWZQIR/mUAErZlAxpWZQOttmUAbdplAEY6ZQJZ9
mUBepZlAyKaZQJaxmUCzp5lAPo6ZQKGKmUDB0plAi6KZQB+QmUDFxJlAyNCZQKGqmUDIuJlA
zM2ZQIbSmUBf1ZlAoeKZQAbamUDK/JlAHNaZQK/4mUCs6ZlA3fSZQATtmUDR1ZlAJdmZQFgV
mkA875lAKfSZQAQomkDb7JlAE/GZQGQnmkA3FZpAXP6ZQMwLmkDw8ZlAU/CZQDkFmkC/F5pA
4RyaQBE/mkBrIppAHDCaQJ8smkCuSJpAsySaQC8qmkD6PJpAnBaaQKZAmkC/PJpAllOaQFdx
mkBBRJpAHFqaQNs+mkAVWJpAlmuaQMFDmkA4appAYEKaQLJEmkBKZppANX2aQPt/mkCSX5pA
gMCaQBGTmkBebJpAQpCaQNeLmkAadZpAcIaaQEqamkCJvJpA6rWaQHHPmkAlq5pANqeaQCuy
mkCsjZpAksGaQLnRmkANlZpAdLqaQD3CmkDU3ZpA7LKaQB/zmkDRq5pAetmaQPybmkCopZpA
KrSaQOSzmkDQ/ZpAN/qaQMfVmkAf2ZpAQNWaQJHOmkBF65pA</AssayYData></Step><Step><CommonData><SampleLocation>1</SampleLocation><SampleID>Octet Buffer</SampleID><SampleGroup></SampleGroup><SampleInfo></SampleInfo><SampleRow>E</SampleRow><SamplePlate>1</SamplePlate><WellType>BUFFER</WellType><Concentration>-1</Concentration><ConcentrationUnits>µg/ml</ConcentrationUnits><MolarConcentration>-1</MolarConcentration><MolarConcUnits>nM</MolarConcUnits><MolecularWeight>0</MolecularWeight><Temperature>30</Temperature><StartTime>567011</StartTime><AssayTime>300</AssayTime></CommonData><FlowRate>1000</FlowRate><StepType>DISASSOC</StepType><StepName>Dissociation</StepName><StepStatus>OK</StepStatus><ActualTime>300.001</ActualTime><CycleTime>0.2</CycleTime><AssayXData Points="1500">QgDhQ9wZ4UN1M+FDME3hQ6hm4UNjgOFD3JnhQ3Wz4UMVzuFDyebhQ0IA4kPcGeJDdTPiQw9N
4kPJZuJDY4DiQ9yZ4kN1s+JDMM3iQ8nm4kNCAOND3BnjQ3Uz40MPTeNDqGbjQ2OA40PcmeND
dbPjQw/N40Oo5uNDYwDkQ9wZ5EOWM+RDME3kQ6hm5ENCgORD3JnkQ3Wz5EMwzeRDqObkQ2MA
5UP8GeVDljPlQw9N5UOoZuVDQoDlQ9yZ5UN1s+VDMM3lQ6jm5UNjAOZD3BnmQ5Yz5kMPTeZD
qGbmQ0KA5kPcmeZDdbPmQw/N5kPJ5uZDQgDnQ/wZ50OWM+dDD03nQ6hm50NCgOdD3JnnQ5az
50MPzedDqObnQ0IA6EPcGehDdTPoQzBN6EOoZuhDY4DoQ9yZ6EN1s+hDMM3oQ6jm6ENjAOlD
/BnpQ3Uz6UMPTelDqGbpQ0KA6UPcmelDlrPpQw/N6UOo5ulDQgDqQ9wZ6kN1M+pDD03qQ8lm
6kNjgOpD3JnqQ3Wz6kMwzepDyebqQ2MA60P8GetDdTPrQw9N60OoZutDY4DrQ9yZ60N1s+tD
MM3rQ8nm60NjAOxD/BnsQ5Yz7EMPTexDyWbsQ0KA7EPcmexDlrPsQw/N7EOo5uxDQgDtQ9wZ
7UN1M+1DME3tQ6hm7UNjgO1D/JntQ5az7UMwze1DyebtQ0IA7kPcGe5DdTPuQzBN7kOoZu5D
QoDuQ9yZ7kN1s+5DD83uQ8nm7kNCAO9D/BnvQ3Uz70MPTe9DyWbvQ2OA70Pcme9DlrPvQzDN
70PJ5u9DYwDwQ9wZ8EN1M/BDME3wQ6hm8ENCgPBD3JnwQ3Wz8EMwzfBDyebwQ2MA8UP8GfFD
ljPxQw9N8UOoZvFDQoDxQ/yZ8UN1s/FDMM3xQ6jm8UNCAPJD3BnyQ3Uz8kMPTfJDyWbyQ0KA
8kPcmfJDdbPyQw/N8kPJ5vJDYwDzQ9wZ80N1M/NDD03zQ6hm80NCgPND/JnzQ3Wz80MPzfND
qObzQ0IA9EPcGfRDdTP0Qw9N9EPJZvRDQoD0Q9yZ9EN1s/RDMM30Q8nm9ENCAPVD/Bn1Q5Yz
9UMPTfVDqGb1Q2OA9UPcmfVDdbP1Q33P9UPJ5vVDYwD2Q9wZ9kN1M/ZDME32Q6hm9kNCgPZD
3Jn2Q3Wz9kNQzfZDyeb2Q0IA90P8GfdDljP3Qw9N90PJZvdDY4D3Q/yZ90N1s/dDMM33Q6jm
90NCAPhD3Bn4Q3Uz+EMwTfhDqGb4Q0KA+EPcmfhDdbP4QzDN+EOo5vhDYwD5Q9wZ+UOWM/lD
D035Q6hm+UNCgPlD3Jn5Q3Wz+UMPzflDyeb5Q0IA+kP8GfpDljP6Qw9N+kPJZvpDQoD6Q9yZ
+kN1s/pDMM36Q8nm+kNCAPtD/Bn7Q3Uz+0MwTftDyWb7Q0KA+0PcmftDdbP7Qw/N+0Oo5vtD
QgD8Q/wZ/EN1M/xDD038Q8lm/ENCgPxD/Jn8Q3Wz/EMwzfxDyeb8Q0IA/UP8Gf1DdTP9Qw9N
/UOoZv1DY4D9Q9yZ/UN1s/1DMM39Q6jm/UNCAP5D3Bn+Q5Yz/kMwTf5DqGb+Q2OA/kP8mf5D
dbP+QzDN/kPJ5v5DQgD/Q9wZ/0N1M/9DD03/Q6hm/0NCgP9D3Jn/Q5az/0M2zv9DqOb/QyEA
AETuDABEyxkARIcmAERlMwBEIUAARP5MAES7WQBEh2YARFRzAEQxgABE/owARLuZAESHpgBE
VLMARCHAAETuzABEu9kARJjmAERU8wBEIQABRP4MAUS7GQFEmCYBRFQzAUQhQAFE/kwBRLtZ
AUSHZgFEVHMBRDGAAUTujAFEu5kBRJimAURlswFEIcABRO7MAUS72QFEh+YBRFTzAUQhAAJE
7gwCRMsZAkSHJgJEVDMCRCFAAkT+TAJEu1kCRIdmAkRUcwJEIYACRO6MAkTLmQJEh6YCRFSz
AkQhwAJE/swCRMvZAkSH5gJEZfMCRCEAA0TuDANEuxkDRIcmA0RlMwNEIUADRO5MA0TLWQNE
h2YDRGVzA0QhgANE/owDRMuZA0SYpgNEZbMDRCHAA0TuzANEy9kDRIfmA0Rl8wNEMQAERO4M
BES7GQREmCYERGUzBEQhQARE7kwERMtZBESHZgREVHMERDGABETujAREu5kERJimBERUswRE
IcAERO7MBETs2QREmOYERFTzBEQxAAVE7gwFRMsZBUSHJgVEZTMFRCFABUTuTAVEy1kFRIdm
BURUcwVEIYAFRO6MBUS7mQVEh6YFRFSzBUQhwAVE/swFRLvZBUSH5gVEZfMFRDEABkT+DAZE
uxkGRIcmBkRlMwZEIUAGRP5MBkS7WQZEh2YGRGVzBkQhgAZE7owGRMuZBkSYpgZEVLMGRCHA
BkTuzAZEy9kGRIfmBkRU8wZEIQAHRP4MB0S7GQdEhyYHRFQzB0QxQAdE/kwHRLtZB0SHZgdE
VHMHRDGAB0T+jAdEy5kHRIemB0RUswdEIcAHRP7MB0TL2QdEh+YHRFTzB0QhAAhE/gwIRMsZ
CESHJghEVDMIRCFACET+TAhEy1kIRIdmCERUcwhEIYAIRO6MCETLmQhEh6YIRFSzCEQhwAhE
7swIRLvZCESH5ghEVPMIRCEACUT+DAlEyxkJRIcmCURUMwlEIUAJRP5MCUS7WQlEh2YJRFRz
CUQxgAlE7owJRLuZCUSHpglEVLMJRCHACUT+zAlEu9kJRIfmCURl8wlEIQAKRP4MCkS7GQpE
hyYKRGUzCkQhQApE/kwKRLtZCkSHZgpEZXMKRCGACkTujApEy5kKRJimCkRlswpEMcAKRO7M
CkS72QpEh+YKRFTzCkQhAAtE7gwLRLsZC0SHJgtEVDMLRCFAC0TuTAtEy1kLRJhmC0RlcwtE
IYALRO6MC0S7mQtEmKYLRGWzC0QhwAtE7swLRMvZC0SY5gtEZfMLRCEADETuDAxEuxkMRIcm
DERUMwxEIUAMRP5MDES7WQxEmGYMRGVzDEQxgAxE7owMRMuZDESHpgxEVLMMRKDCDET+zAxE
u9kMRIfmDERU8wxEIQANRP4MDUS7GQ1EhyYNRFQzDUQhQA1E7kwNRMtZDUSHZg1EZXMNRCGA
DUT+jA1Ey5kNRIemDURlsw1EMcANRP7MDUS72Q1Eh+YNRFTzDUQxAA5E7gwORMsZDkSHJg5E
ZTMORCFADkTuTA5Eu1kORIdmDkRlcw5EMYAORO6MDkTLmQ5EmKYORFSzDkQhwA5E7swORLvZ
DkQ85w5EVPMORDEAD0TuDA9EuxkPRJgmD0RlMw9EIUAPRP5MD0S7WQ9EmGYPRFRzD0QhgA9E
7owPRLuZD0SHpg9EVLMPRCHAD0T+zA9Eu9kPRIfmD0RU8w9EIQAQRP4MEES7GRBEhyYQRGUz
EEQxQBBE7kwQRLtZEESHZhBEVHMQRCGAEET+jBBEupkQRIimEERUsxBEIcAQRO7MEETL2RBE
iOYQRFTzEEQyABFE/gwRRLoZEUSYJhFEZDMRRDJAEUTuTBFEulkRRIhmEURkcxFEIYARRP6M
EUS6mRFEiKYRRFSzEUQhwBFE/swRRLrZEUSY5hFEVPMRRDIAEkT+DBJEuhkSRIgmEkRUMxJE
IUASRO5MEkS6WRJEmGYSRFRzEkQygBJE7owSRLqZEkSIphJEVLMSRDLAEkTuzBJEutkSRIjm
EkRU8xJEMgATRO4ME0TLGRNEiCYTRFQzE0QyQBNE7kwTRMtZE0SIZhNEZHMTRDKAE0TujBNE
upkTRJimE0RUsxNEIcATRO7ME0TL2RNEiOYTRFTzE0QhABRE/gwURLoZFESIJhREZDMURCFA
FETuTBREulkURIhmFERUcxREMoAURO6MFES6mRREmKYURFSzFEQywBRE7swURLrZFESY5hRE
VPMURCEAFUTuDBVEuhkVRIgmFURUMxVEMkAVRO5MFUTLWRVEiGYVRGRzFUQhgBVE7owVRMuZ
FUSIphVEVLMVRDLAFUT+zBVEy9kVRJjmFURU8xVEIQAWRO4MFkS6GRZEiCYWRFQzFkQyQBZE
7kwWRLpZFkSYZhZEZHMWRDKAFkT+jBZEy5kWRIimFkRUsxZEMsAWRO7MFkS62RZEiOYWRGTz
FkQhABdE7gwXRLoZF0SIJhdEVDMXRCFAF0TuTBdEy1kXRJhmF0RkcxdEIYAXRO6MF0S6mRdE
iKYXRFSzF0QhwBdE7swXRLrZF0SI5hdEZPMXRDIAGETuDBhE7BkYRIgmGERUMxhEIUAYRO5M
GES6WRhEmGYYRGRzGEQygBhE7owYRMuZGESYphhEVLMYRCHAGETuzBhEutkYRADoGERU8xhE
IQAZRP4MGUS6GRlEiCYZRFQzGUQyQBlE7kwZRLpZGUSIZhlEZHMZRCGAGUT+jBlEupkZRIim
GURksxlEIcAZRO7MGUTL2RlEmOYZRFTzGUQhABpE/gwaRLoZGkSIJhpEVDMaRCFAGkT+TBpE
ulkaRIhmGkRUcxpEMoAaRP6MGkS6mRpEmKYaRFSzGkQywBpE7swaRLrZGkSI5hpEZPMaRDIA
G0T+DBtEuhkbRIgmG0RUMxtEMkAbRO5MG0S6WRtEiGYbRFRzG0QhgBtE7owbRLqZG0SIphtE
ZLMbRCHAG0QEzhtEutkbRIjmG0RU8xtEMgAcRO4MHES6GRxEmCYcRFQzHEQyQBxE7kwcRLpZ
HESIZhxEVHMcRDKAHETujBxEy5kcRJimHERUsxxEIcAcRO7MHES62RxEiOYcRGTzHEQyAB1E
7gwdRLoZHUSIJh1EVDMdRDJAHUTuTB1EulkdRIhmHURUcx1EMoAdRP6MHUS6mR1EiKYdRGSz
HUQhwB1E7swdRLrZHURc5x1EZPMdRCEAHkTuDB5EuhkeRIgmHkRUMx5EMkAeRO5MHkTLWR5E
iGYeRFRzHkQhgB5E/oweRLqZHkSIph5EZLMeRCHAHkT+zB5EutkeRJjmHkR18x5EIQAfRO4M
H0TLGR9EmCYfRGQzH0QhQB9E7kwfRMtZH0SIZh9EZHMfRCGAH0T+jB9Ey5kfRJimH0RUsx9E
MsAfRO7MH0S62R9EmOYfRFTzH0QhACBE7gwgRLoZIESIJiBEVDMgRCFAIET+TCBEy1kgRJhm
IERUcyBEMoAgRP6MIETLmSBEiKYgRGSzIEQhwCBE7swgRLrZIESI5iBEVPMgRCEAIUTuDCFE
yxkhRIgmIURkMyFEIUAhRP5MIUS6WSFEmGYhRFRzIUQhgCFE7owhRMuZIUSIpiFEZLMhRCHA
IUTuzCFEy9khRIjmIURU8yFEMgAiRP4MIkS6GSJEiCYiRGQzIkQyQCJE7kwiRLpZIkSYZiJE
VHMiRCGAIkTujCJEupkiRIimIkRUsyJEIcAiRO7MIkTL2SJEruciRFTzIkQhACNE7gwjRLoZ
I0SIJiNEVDMjRCFAI0TuTCNEy1kjRIhmI0RUcyNEMoAjRP6MI0S6mSNEiKYjRFSzI0QhwCNE
/swjRLrZI0SI5iNEZPMjRCEAJETuDCREuhkkRJgmJERUMyREIUAkRP5MJES6WSREiGYkRFRz
JEQhgCRE/owkRLqZJESIpiREZLMkRCHAJET+zCREutkkRIjmJERk8yREMgAlRO4MJUS6GSVE
iCYlRFQzJUQyQCVEDk0lRLpZJUSYZiVEVHMlRDKAJUT+jCVEy5klRIimJURUsyVEIcAlRO7M
JUS62SVEmOYlRFTzJUQhACZE/gwmRLoZJkSIJiZEZDMmRCFAJkT+TCZEulkmRIhmJkRkcyZE
IYAmRP6MJkS6mSZEiKYmRGSzJkQhwCZE7swmRLrZJkSY5iZEVPMmRDIAJ0TuDCdEyxknRIgm
J0RUMydEMkAnRP5MJ0S6WSdEiGYnRFRzJ0QhgCdE7ownRLqZJ0SYpidEZLMnRCHAJ0TuzCdE
utknRIjmJ0RU8ydEMgAoRO4MKES6GShEiCYoRGQzKEQhQChE7kwoRLpZKESIZihEZHMoRCGA
KET+jChEupkoRIimKERksyhEIcAoRO7MKETL2ShEiOYoRFTzKEQhAClE/gwpRLoZKUSIJilE
VDMpRDJAKUTuTClEulkpRIhmKURUcylEMoApRO6MKUS6mSlEmKYpRFSzKUQhwClE/swpRLrZ
KUSI5ilEVPMpRCEAKkTuDCpEuhkqRJgmKkRUMypEMkAqRO5MKkS6WSpEmGYqRGRzKkQygCpE
7owqRLqZKkSYpipEVLMqRCHAKkTuzCpEutkqRJjmKkRU8ypEMgArRP4MK0S6GStEiCYrRGQz
K0QhQCtE7kwrRLpZK0SIZitEZHMrRDKAK0TujCtEupkrRIimK0RUsytEIcArRP7MK0S62StE
iOYrRFTzK0QhACxE/gwsRLoZLESIJixEVDMsRDJALETuTCxEy1ksRIhmLERUcyxEMoAsRO6M
LES6mSxEiKYsRFSzLEQhwCxE7swsRLrZLERt5yxEVPMsRCEALUT+DC1EyxktRIgmLURUMy1E
IUAtRP5MLUS6WS1EiGYtRGRzLUQhgC1E7owtRMuZLUSYpi1EVLMtRCHALUTuzC1EutktRIjm
LURU8y1EMgAuRO4MLkS6GS5EiCYuRGQzLkQhQC5E7kwuRLpZLkSIZi5EVHMuRCGALkTujC5E
upkuRIimLkRUsy5EIcAuRO7MLkS62S5EmOYuRGTzLkQhAC9E/gwvRMsZL0SYJi9EVDMvRCFA
L0T+TC9Ey1kvRJhmL0Rkcy9EIYAvRO6ML0S6mS9EiKYvRGSzL0QhwC9E7swvRMvZL0SI5i9E
VPMvRCEAMET+DDBEyxkwRIgmMERUMzBEIUAwRO5MMES6WTBEiGYwRGRzMEQhgDBE/owwRMuZ
MESYpjBEZLMwRDLAMETuzDBEutkwRIjmMERU8zBEIQAxRO4MMUTLGTFEiCYxRGQzMUQyQDFE
/kwxRLpZMUSYZjFEZHMxRDKAMUTujDFEupkxRJimMURkszFEMsAxRO7MMUS62TFEvucxRGTz
MUQhADJE/gwyRMsZMkSYJjJEZDMyRCFAMkTuTDJEulkyRJhmMkRUczJEIYAyRO6MMkTLmTJE
iKYyRFSzMkQhwDJE/swyRLrZMkSI5jJEVPMyRDIAM0T+DDNEuhkzRJgmM0RUMzNEMkAzRO5M
M0S6WTNEmGYzRFRzM0QygDNE7owzRMuZM0SYpjNEVLMzRCHAM0T+zDNEutkzRIjmM0Rk8zNE
MgA0RP4MNES6GTREiCY0RFQzNEQhQDRE/kw0RLpZNESIZjREZHM0RDKANETujDREy5k0RIim
NERUszREIcA0RO7MNES62TREiOY0RGTzNEQhADVE7gw1RLoZNUSYJjVEZDM1RDJANUTuTDVE
ulk1RJhmNURkczVEIYA1RO6MNUS6mTVEiKY1RFSzNUQhwDVE/sw1RLrZNUSI5jVEZPM1RDIA
NkTuDDZEuhk2RJgmNkRUMzZEIUA2RO5MNkTLWTZEiGY2RGRzNkQhgDZE7ow2RMuZNkSopjZE
VLM2RELANkTuzDZEy9k2RJjmNkRk8zZEMgA3RO4MN0TcGTdEiCY3RFQzN0QyQDdE7kw3RMtZ
N0SYZjdEVHM3RDKAN0TujDdEupk3RIimN0RkszdEIcA3RO7MN0S62TdEiOY3RGTzN0QhADhE
/gw4RMsZOESIJjhEVDM4RCFAOET+TDhEy1k4RIhmOERUczhEIYA4RO6MOETLmThEiKY4RFSz
OEQhwDhE7sw4RMvZOESY5jhEVPM4RCEAOUTuDDlEyxk5RJgmOURkMzlEIUA5RO5MOUS6WTlE
mGY5RFRzOUQygDlE7ow5RLqZOUSIpjlEVLM5RDLAOUT+zDlEy9k5RMnmOURU8zlEIQA6RO4M
OkS6GTpEiCY6RGQzOkQhQDpE/kw6RLpZOkSIZjpEVHM6RDKAOkT+jDpEupk6RJimOkRkszpE
IcA6RO7MOkS62TpEiOY6RGTzOkQhADtE7gw7RLoZO0SIJjtEVDM7RCFAO0TuTDtEy1k7RIhm
O0RkcztE</AssayXData><AssayYData Points="1500">kvuaQP03m0AfLJtAVyybQFJFm0AlWZtAdVKbQGBLm0ATYZtAXkqbQIRgm0DRb5tAljubQPl2
m0D+gZtAXFmbQB5Qm0ChXJtAXFCbQPKBm0CGlJtAeV6bQD49m0AuXptAnYebQDtcm0A2YZtA
QJKbQGdom0BAZJtArZSbQMxam0B1cJtAXoybQM5Om0DZdJtAQZCbQPB1m0CjRptA2HSbQDBw
m0AeQptAumybQKt5m0DkUJtAQWibQFyWm0A9a5tASYWbQF+Om0Cmj5tAtVibQI6Zm0C9WJtA
uEqbQNqJm0CdcZtA+UqbQNZVm0AXhJtATlibQGOCm0AMkZtAHG6bQMNom0BVlJtAbEabQFV/
m0B/pptAU3ebQB1ym0BBhJtAOZWbQNFzm0CEf5tAwHObQKVsm0AtdptAKIKbQJuWm0DZVptA
RIubQDWSm0Cha5tAI42bQJGOm0BXZ5tAFICbQAaCm0D3U5tAl3ibQMiUm0ASlptAhKObQJ+B
m0BwZJtApHybQDuOm0CKb5tA4V6bQGuvm0BgYZtAGHSbQGxzm0ABeptAY3WbQICVm0DtkptA
4H2bQFuKm0CGd5tAEa6bQFigm0DjYptAtImbQCKIm0B7mZtAuYmbQKaRm0Bhu5tAP5ybQB2K
m0COlZtAH7ebQFlnm0A5qptA9ZObQK2mm0BXtJtAqoubQF6Dm0AMjZtAsZCbQOifm0AFeJtA
m4GbQAOKm0DbjZtA54ObQFlwm0BwnZtADqubQMylm0C0mptAC5SbQKeGm0C/tptAZ52bQOqb
m0CGkJtA/qObQMKzm0CUnJtAVoabQBu7m0CwqZtAH5abQJjLm0ANcptAcpKbQGSbm0Dkl5tA
voebQFy2m0CSjptA0H6bQMCZm0CfmJtAQJubQOOOm0D+lJtAscGbQM+Vm0B+tJtAI5ubQDOP
m0DfwJtA/b2bQCSzm0Ac2ZtATbGbQBNtm0Dcn5tAm6mbQIyrm0CqgZtAx5GbQJCbm0CvkJtA
wsObQP6zm0DBmptA3NabQEDDm0CdhptArZubQOWum0CZp5tACKebQJKhm0BH2JtAHsmbQCm7
m0A8sptAkYqbQLG8m0CyrZtAM3ybQGCFm0BLy5tAKqqbQIPbm0CTrptAT5GbQCarm0AIq5tA
z7KbQKG+m0B+mptABn6bQNKzm0B4zZtAoqCbQKi4m0AluptAYMabQI2xm0DWzJtAhJabQCqw
m0CJwJtAoLSbQJKZm0CYvZtAfYSbQIC9m0B9zJtAueebQO3im0DfmptAr9CbQBulm0DMiZtA
i9abQM/Nm0DswZtAQ8ybQPnhm0DSmptAXbSbQKzLm0B7tJtAyribQD3Tm0AwnJtAk6CbQPnD
m0Dc05tABa+bQOnrm0AOqptAtMybQAvWm0Cf1ptAhaubQJSrm0AV6ZtAQsSbQPGsm0CxyptA
OaCbQLXBm0B+65tA+cSbQOi2m0DNtptAIrKbQMi7m0B22ptApNCbQJXHm0BWx5tAnt2bQAKp
m0BotJtAm/abQJXUm0BstZtAItibQPzCm0C70ZtAvuCbQEXLm0C6zZtAGc6bQKvNm0AvkptA
fO+bQFram0AZsJtAZ8+bQCLim0AUu5tAztubQMnym0ARwJtAI8mbQPK2m0AfvJtAELWbQGG3
m0AK2ptAA92bQJXHm0AT1JtAEb+bQLrHm0BqyZtAS56bQOrGm0B75ptA9q2bQAS7m0BW2ptA
JcybQM6+m0DH3JtAS8abQOqqm0DwtZtAAuGbQDy+m0BX7ptASvqbQF3Sm0DXyptAkAecQA6v
m0BcsptAOt6bQK+om0Am+5tAU82bQI7Hm0DZzJtAS9SbQIy8m0A72JtA3cKbQD/vm0D2tptA
38SbQNbHm0C/rZtAkLibQJ3Fm0C41JtAOOibQAnOm0BMnJtA0cObQBDDm0BB35tALK6bQNkB
nECN9ptAQ7ybQEPWm0DG55tAp86bQNjhm0Dg35tAWOGbQHvim0Av0ptAIN2bQLbym0CU25tA
JLObQP2um0BnyJtAe8mbQIjJm0AGy5tAluKbQK6tm0BK7JtAx7abQMXJm0DgzJtA/QKcQMeg
m0Af45tAe+ibQCqnm0Ct95tAMuqbQCbAm0AtrJtAPdWbQKTsm0DtxZtAUdCbQOvIm0B80ptA
RtWbQM33m0D8uJtA6s2bQI/Pm0A4wJtAH7mbQL3fm0CZx5tAPtebQMnkm0DA25tAPrSbQOXa
m0B28JtAfNKbQGbUm0DC0ptAN8ebQIXPm0DpCJxAAPybQH3fm0Bq8ZtAZLybQCzTm0DB05tA
6+KbQAnWm0DG2JtA//ubQP37m0Cq2JtAbvWbQArBm0Bv35tAOdWbQPu8m0By3JtAPOObQEzK
m0DM5ptAt9WbQAjOm0Dd0ptAf+SbQOkHnECzqJtA3eGbQGfcm0BXsptA1fibQFKtm0C59JtA
gZ+bQCXmm0AT6JtAXtObQDMAnEDs65tA7c6bQEIMnEAT9ptAyLibQF/8m0AbyptAksibQNDd
m0BcrJtABMybQDHem0B1CpxAHu6bQCDfm0Ae9ptA+bybQDvRm0BE85tAUeObQC7Km0AbzZtA
/c2bQN7im0AG55tAhuqbQBHfm0BS1ptAgdybQJTXm0BC5ptAdNibQEzhm0DZzJtAhcWbQDqn
m0DO05tAXuWbQETqm0Cv+ptATeybQB/Ym0DX65tAqe2bQB38m0Cuz5tA+uubQDf6m0CYvptA
POCbQMPym0B+8ptA69SbQN/4m0CDEpxAs7+bQDTtm0AK35tAwsGbQFbkm0DX95tAMuibQD7d
m0Dh5ptADfybQI64m0Dv6ZtAdPWbQGWvm0Ct6ZtAb9ObQJPim0ATvptAu7WbQM7Dm0B64JtA
aPGbQLnXm0CLy5tAaembQBG1m0CU55tAYP2bQC/Im0Au8ZtASP2bQGjsm0AT4ZtAL/ybQBHp
m0C41ZtAt92bQLTWm0CvxJtARQmcQCjjm0Ag1JtAv/ybQA3im0AHyZtA1tSbQBHqm0Cn2JtA
I8CbQBn9m0BG35tAqvqbQB/3m0AA6JtAc9ObQNTcm0DcCpxAi/ubQNrxm0CG8JtAx9CbQELA
m0A9+ptAX8+bQBy/m0Aw9ptAVeKbQObtm0AZ4ZtA18ebQMPDm0CD55tAqAKcQHnEm0AQ7ZtA
DvSbQCSom0A28ZtA9gecQPndm0DqvZtAWO+bQAXTm0Az0ZtAXvabQG/Rm0Br5ZtA1gqcQALY
m0Bg+ptAaRKcQPbRm0Dy3JtAy8WbQJblm0CYvZtA3gWcQLL4m0CV55tAzQCcQIzzm0B9wZtA
QdabQI8dnECl2JtAN8ObQPT2m0DvDZxAddmbQN7Zm0BL3ptAeribQGsAnEDCwptASuebQNfJ
m0BV9JtAFdmbQL3mm0DfCZxAIdabQIypm0DPzZtAeOWbQKjIm0AF+5tAi+ybQHLOm0B1/ptA
2uabQNnQm0Cjt5tAGvCbQBLsm0DxxZtA2/SbQNrxm0CE05tAT/ybQGTim0C1CpxAAsebQBUD
nEDWu5tAztebQHQXnEAR5ZtAeuGbQJ7Zm0Du6JtAudmbQL/mm0Dsx5tAu7abQGkBnEA4+ZtA
LMubQKrmm0BI+5tASMGbQGS7m0CU/5tA+MubQFfzm0Cz3ptAf8SbQPbsm0AL25tABuGbQAv6
m0BM3ptA2dSbQL3Jm0Bl95tA29WbQAyZm0DVrZtAfsybQMDBm0BV1JtAcOSbQJzrm0D77JtA
OOubQHy7m0Dmx5tA992bQPPlm0CsrJtAofabQFXam0CEvptAQeebQDX2m0B9vJtAAPybQIf0
m0DuyJtANMSbQJG3m0BmvptAm+CbQLPqm0Dp0JtAf8WbQPjVm0Db8ptAj+ibQBzcm0AP+JtA
ILibQG/om0C/65tAjMubQArom0Cx9ZtAWsWbQBixm0Bv7JtAcOibQKvUm0Dx0ZtAvN+bQKfq
m0CW7ZtAS+ybQPLem0Cy65tAZAScQDipm0Df2ptAAuCbQGqqm0DcyptAAOSbQKDIm0DG6ptA
Hd+bQPLhm0AW25tAGt2bQIawm0Av9ptAaNibQI/em0CmyJtAfNmbQHzUm0Du7ZtAXtKbQPIE
nECauZtAtsSbQD7mm0DeyJtAk9KbQA2+m0AXsptAOs+bQGjVm0A9+5tA/cKbQBzOm0CQ3JtA
KOubQF3Tm0BczJtA0sCbQIHRm0ABEZxADcmbQOnIm0CO0ZtAEt2bQH3Lm0D+8JtAobibQLri
m0AyxJtAJgScQOPKm0CnrptACeubQKLIm0AtzptAHf+bQDHHm0AMxZtAw+ebQOHSm0C8uptA
/dGbQErZm0CAwptA99CbQA29m0ACuZtAA9ebQAHmm0Az4JtAEMqbQAbam0Bp0JtAJsWbQETP
m0Agw5tAy8qbQM/Am0B5zptA48abQN2rm0CVxptAhKmbQGvPm0B115tA78ibQALKm0Au85tA
f92bQG7Zm0Cq75tAjsabQNR9m0BX25tASq2bQHzRm0B/8ptAdP+bQKjSm0Aju5tAgNubQE/D
m0BWs5tAMc+bQLi2m0AOuZtAEc+bQJTWm0ATzptAt9ubQEvCm0C5uJtAtc6bQDK0m0Dxs5tA
+dWbQPYDnEDA75tA1fGbQKu7m0AIpptA++ebQMLjm0DZvZtAiaybQATdm0BNs5tAWqqbQIfG
m0CFxptA+cabQIzkm0A8tJtAauGbQLr9m0Bu05tAds2bQGuxm0A5A5xA8KubQGS9m0DT1ZtA
MN+bQHa/m0Am9ptAuqKbQDKcm0CYvJtArMubQG+5m0ATx5tA8eWbQNrGm0BLzZtA8cybQFue
m0CyuptAlaKbQHeom0B9xptAoOabQEO0m0C1u5tAAfKbQDXom0Bq0JtAELibQPjEm0BPwptA
isubQD3Vm0CExptAsLKbQEOlm0A/qJtADaybQGbFm0DEpptAwrqbQPW0m0Bfu5tA+bGbQCHW
m0CtsptAQbWbQOXLm0CFtJtA66ebQEjVm0BzuptA97ObQGXPm0BzqptAta2bQM3Qm0Ao2JtA
G7ObQHOmm0DD/JtASsebQNOem0AtyZtAt9CbQKm7m0DYvptA2MSbQAuxm0DPuZtAU8mbQFSi
m0As1JtAf9ebQB2um0AJlJtA5sObQATFm0DtpZtAUeqbQAi2m0CXsZtAwMWbQOnCm0Bm0JtA
haGbQHzEm0Cnp5tAmKCbQKCxm0D1rJtAKsObQI/Wm0DEoZtAMr2bQBvKm0CBxptAb8KbQDTD
m0BPxZtAW4qbQEr3m0Bfx5tATaibQHvCm0Av0JtAnaSbQBS8m0DA1JtA6LKbQM2um0CLqJtA
k7SbQLS6m0Ag0ZtA1qebQOyum0CQy5tAQsybQB+rm0A0tptAcaGbQLSOm0BcvZtAnsmbQNPJ
m0Ddq5tAObSbQNyjm0A0nZtAV9+bQM/Lm0ASpptAE6mbQPbDm0DgrZtAru6bQJ6Om0ALuJtA
gaabQG3Fm0BjzJtArLSbQK3Am0CspptATYebQOawm0BrhJtAGoGbQJqum0Bu6ptAwZ6bQECx
m0C3zJtAyJWbQE+bm0Dbm5tAxLGbQNWEm0CdqJtAb7GbQJeqm0DDzZtAerabQGXEm0AD15tA
YbebQJFxm0CwpJtApaGbQKTEm0BVuptAws6bQOSqm0ASsJtAJq6bQIW8m0A6kptA766bQKib
m0AylJtAp72bQMOxm0Bmi5tAn6WbQHKom0DgYptA3aGbQECjm0Cjp5tAxaabQEyvm0BKtZtA
sI6bQGy6m0C7s5tAEbmbQL+Dm0DgvJtAerObQGW1m0AVnJtAAKibQMeym0BUuptAdKKbQOGe
m0BSvZtAP3abQMaJm0Ak1ptAmsObQAGsm0B7vJtALqybQOt7m0CAr5tAsbSbQHydm0B6nZtA
0MmbQMWFm0AXh5tARsGbQPWMm0BlkJtAb6abQN2jm0AKq5tASrqbQKudm0AJ0ptAIM2bQHer
m0DIYptAD66bQBypm0BhgJtAo7qbQOqQm0CFl5tAGJKbQJCdm0CIh5tAdYibQOaUm0CtpJtA
E3SbQFCUm0Bmo5tA7cCbQICrm0COrptAtrqbQC+Tm0Bpf5tArIibQC69m0AtsZtA7o2bQAaT
m0Car5tAO4mbQKOmm0D6fJtAiombQJyRm0ANpZtAFYubQIZ8m0BvtptArZCbQP+Fm0DSmZtA
WKCbQNOwm0BucZtAyKmbQBqBm0BghZtABZ2bQF2Ym0BvkZtAJ36bQAJ3m0DnoptAP52bQAGr
m0CXh5tAIZKbQBqWm0DYr5tAIJGbQHmFm0ChgptAOIybQM+am0AcZJtA6o2bQOuzm0ChkJtA
wYmbQJmJm0Cmm5tA6IebQLqlm0B2rJtAnaubQFV4m0DWk5tAtoObQLhsm0A3rZtALHubQGOJ
m0BfmptAaJCbQFNxm0B3eJtAuXKbQAuZm0CCpZtA0XSbQHKAm0A/tJtAHJSbQNunm0Dpd5tA
yXSbQKGbm0AmuZtAwKCbQKuKm0DWeJtAQpGbQDaTm0DzaJtAhp2bQBeGm0CxlJtAlYabQPOG
m0CtfZtAc66bQOikm0CQdptAvnubQHWKm0D0fZtAMZibQMWqm0D6jptA23WbQOl9m0BCiptA
xGmbQD98m0CWfZtAEmGbQKhqm0CFs5tAk2ubQAeHm0CHoptAsnybQEeAm0Dfq5tAnoqbQApz
m0CIrJtA+oqbQNxgm0BodptAN3+bQMmCm0DFm5tAToebQF9mm0D8fZtAB3ubQPmbm0A5f5tA
NWibQHdlm0ASc5tA/5GbQJebm0DVeptAfambQM6Mm0CDWJtA54KbQJKJm0CXdZtAp4ebQAac
m0DyY5tAo1ubQNJ+m0DefZtAg5ibQBmhm0CraZtAfWybQEFym0DtjptAV12bQObAm0AXl5tA
kn6bQIx4m0Awf5tAnJ2bQNFfm0CAgZtAgH6bQMBrm0Aai5tAKlybQMtwm0CKdptA1HybQNZh
m0C/ZZtANZebQPJcm0DKrptAJJCbQGRpm0AHjptA4G2bQAyGm0C1ZptAD5KbQM1om0CTZJtA
UYWbQBaFm0CpdJtA8JSbQGN2m0CDaptAlYabQKGYm0CmZ5tAaX6bQECNm0DibZtAnn2bQMxw
m0D+optA2V6bQLd3m0BieptAbkybQD2um0C7X5tAZFObQPVkm0DJcptANoibQIF6m0AshJtA
IWSbQHlnm0DCb5tAvGabQKlRm0ChgZtAnXebQB9wm0CXcZtA1ZybQNZjm0BTa5tAK3abQLBi
m0CWe5tA2IubQC9fm0BKjJtADoSbQF2Cm0CIU5tAuJSbQE9Wm0AMgJtAYn+bQCRWm0A3P5tA
5GubQLSNm0DDT5tA7nibQLuAm0CKeptAK2WbQGh1m0CWe5tAi4mbQAaXm0CDVJtA026bQBma
m0CWeJtATX+bQDZcm0CZa5tAtU6bQNFlm0AcY5tAwFKbQPRjm0BSbJtAH1+bQFhlm0BYhZtA
S2abQHdym0DvfJtAmn6bQH9Um0D0V5tAyl2bQGdmm0CFe5tA3oWbQH43m0DDTZtAt4abQOV1
m0CufZtAKVubQLeMm0CnV5tAK26bQG1jm0BCbJtAI4CbQFdum0ClLJtAXkCbQGdym0DzW5tA
33ubQHp8m0AebptAgWybQGJjm0BNVZtASFibQHqem0C2RJtAD2WbQEOWm0B3aZtAuUebQDho
m0ANh5tA0GGbQLFDm0CJWptAMSCbQCBXm0C4bptA5FKbQJV1m0AndJtAzEabQFRCm0BuWptA
sDCbQFhLm0DEW5tAsVabQARbm0BVhptA0VObQJ5Nm0CzU5tAPEubQGJEm0A7RJtAemmbQCVE
m0A8SZtAIGCbQKJbm0A7QptAAHCbQP1Um0AlXZtAcHqbQIQ6m0BiQptAjnObQM1hm0ARRptA
UmWbQFhAm0BWWJtAVWqbQCxrm0APP5tAL1SbQKtSm0AeUZtA3FqbQERpm0AeO5tAKUmbQJRP
m0AUXptA</AssayYData></Step><Step><CommonData><SampleLocation>5</SampleLocation><SampleID>Glycine</SampleID><SampleGroup></SampleGroup><SampleInfo></SampleInfo><SampleRow>F</SampleRow><SamplePlate>1</SamplePlate><WellType>REGENERATION</WellType><Concentration>-1</Concentration><ConcentrationUnits>µg/ml</ConcentrationUnits><MolarConcentration>-1</MolarConcentration><MolarConcUnits>nM</MolarConcUnits><MolecularWeight>0</MolecularWeight><Temperature>30</Temperature><StartTime>876189</StartTime><AssayTime>5</AssayTime></CommonData><FlowRate>1000</FlowRate><StepType>KREGENERATION</StepType><StepName>Regeneration</StepName><StepStatus>OK</StepStatus><ActualTime>4.99999</ActualTime><CycleTime>0.2</CycleTime><AssayXData Points="25">MYA7RA6NO0TLmTtEl6Y7RHWzO0QxwDtEDs07RMvZO0SX5jtEZPM7RDEAPET+DDxEyxk8RJcm
PERkMzxEMUA8RA5NPETLWTxEl2Y8RHVzPEQxgDxE/ow8RMuZPESXpjxEZLM8RA==</AssayXData><AssayYData Points="25">PRhPvln3nr4/gL++d7HYvl+r676NZf2+dGIGv/mHD7/9Fxe/Mg8ev0TkI78cayq/nOMuv+Rh
NL97ADu/AMo/v0NoQ7+j+0e/fvhLv9OoTr/ptlG/gXtWv1o3V78KRVu/S9dcvw==</AssayYData></Step><Step><CommonData><SampleLocation>6</SampleLocation><SampleID>PBS</SampleID><SampleGroup></SampleGroup><SampleInfo></SampleInfo><SampleRow>F</SampleRow><SamplePlate>1</SamplePlate><WellType>NEUTRALIZATION</WellType><Concentration>-1</Concentration><ConcentrationUnits>µg/ml</ConcentrationUnits><MolarConcentration>-1</MolarConcentration><MolarConcUnits>nM</MolarConcUnits><MolecularWeight>0</MolecularWeight><Temperature>30</Temperature><StartTime>889595</StartTime><AssayTime>5</AssayTime></CommonData><FlowRate>1000</FlowRate><StepType>KREGENERATION</StepType><StepName>Regeneration</StepName><StepStatus>OK</StepStatus><ActualTime>4.99999</ActualTime><CycleTime>0.2</CycleTime><AssayXData Points="25">McA8RP7MPETL2TxEl+Y8RGTzPERBAD1E/gw9RMsZPUSoJj1EZDM9RDFAPUT+TD1E21k9RJdm
PURkcz1EQYA9RA6NPUTLmT1EqKY9RGSzPURBwD1E/sw9RNvZPUSX5j1EZPM9RA==</AssayXData><AssayYData Points="25">IHY8QM+OPUAf0T5AA0c/QL/1P0DY6kBAG1JBQLm+QUCNf0JANrhCQPa4QkDT+0JABV5DQFOa
Q0DJ3kNAJCtEQPtdREBxjERA0sZEQPLVREAf+URA9FFFQL+KRUA2eEVAWplFQA==</AssayYData></Step><Step><CommonData><SampleLocation>5</SampleLocation><SampleID>Glycine</SampleID><SampleGroup></SampleGroup><SampleInfo></SampleInfo><SampleRow>F</SampleRow><SamplePlate>1</SamplePlate><WellType>REGENERATION</WellType><Concentration>-1</Concentration><ConcentrationUnits>µg/ml</ConcentrationUnits><MolarConcentration>-1</MolarConcentration><MolarConcUnits>nM</MolarConcUnits><MolecularWeight>0</MolecularWeight><Temperature>30</Temperature><StartTime>903008</StartTime><AssayTime>5</AssayTime></CommonData><FlowRate>1000</FlowRate><StepType>KREGENERATION</StepType><StepName>Regeneration</StepName><StepStatus>OK</StepStatus><ActualTime>5.00103</ActualTime><CycleTime>0.2</CycleTime><AssayXData Points="25">MQA+RA4NPkTLGT5ElyY+RHUzPkQxQD5EDk0+RNtZPkSoZj5EZHM+RDGAPkQOjT5E25k+RJem
PkR1sz5EMcA+RP7MPkTL2T5El+Y+RHXzPkRBAD9E/gw/RMsZP0SXJj9EdTM/RA==</AssayXData><AssayYData Points="25">Z5givyqANr/bVkG/IqxJv1muT7//EVW/BCxav8nsXL91YGG/VyNlvwSbZ7/soGy/HTtuvxvR
br//gnK/y4Rzv5mkdb/ILHi/NDN6vztHer/EIH2/cD2Av/lVgL/kwoC/7peBvw==</AssayYData></Step><Step><CommonData><SampleLocation>6</SampleLocation><SampleID>PBS</SampleID><SampleGroup></SampleGroup><SampleInfo></SampleInfo><SampleRow>F</SampleRow><SamplePlate>1</SamplePlate><WellType>NEUTRALIZATION</WellType><Concentration>-1</Concentration><ConcentrationUnits>µg/ml</ConcentrationUnits><MolarConcentration>-1</MolarConcentration><MolarConcUnits>nM</MolarConcUnits><MolecularWeight>0</MolecularWeight><Temperature>30</Temperature><StartTime>916439</StartTime><AssayTime>5</AssayTime></CommonData><FlowRate>1000</FlowRate><StepType>KREGENERATION</StepType><StepName>Regeneration</StepName><StepStatus>OK</StepStatus><ActualTime>4.99999</ActualTime><CycleTime>0.2</CycleTime><AssayXData Points="25">QkA/RDBNP0TcWT9EqGY/RHVzP0RCgD9ED40/ROyZP0S5pj9EdbM/RELAP0QPzT9E3Nk/RKjm
P0R18z9EUgBARA8NQETcGUBEuSZARIYzQERSQEBED01AROxZQESoZkBEdXNARA==</AssayXData><AssayYData Points="25">kwc4QF5FOUD+YDpApkc7QC/aO0AFZTxAbOM8QN+BPUD9Pj5AHjs+QDjuPkC3Rj9AjQ0/QOJ1
P0B76z9A9wlAQGoeQEA1a0BASI9AQFLoQEBZDkFAjhBBQBB0QUDoW0FAAbBBQA==</AssayYData></Step><Step><CommonData><SampleLocation>5</SampleLocation><SampleID>Glycine</SampleID><SampleGroup></SampleGroup><SampleInfo></SampleInfo><SampleRow>F</SampleRow><SamplePlate>1</SamplePlate><WellType>REGENERATION</WellType><Concentration>-1</Concentration><ConcentrationUnits>µg/ml</ConcentrationUnits><MolarConcentration>-1</MolarConcentration><MolarConcUnits>nM</MolarConcUnits><MolecularWeight>0</MolecularWeight><Temperature>30</Temperature><StartTime>929544</StartTime><AssayTime>5</AssayTime></CommonData><FlowRate>1000</FlowRate><StepType>KREGENERATION</StepType><StepName>Regeneration</StepName><StepStatus>OK</StepStatus><ActualTime>4.99999</ActualTime><CycleTime>0.2</CycleTime><AssayXData Points="25">QoBARA+NQETcmUBEqKZARIazQERSwEBED81ARNzZQES55kBEdfNARFIAQUQPDUFE3BlBRKgm
QUR1M0FEQkBBRA9NQUTcWUFEqGZBRHVzQURCgEFED41BRNyZQUS5pkFEdbNBRA==</AssayXData><AssayYData Points="25">d641vyLZRb/DYFG/bSdYv4LZXb93xmO/CV5mv1Jzab9caWy/D21vvxh/cr+ySXK/YKp2v7oY
eb+M4nq/JzV7v/jPfL/ZOX6/1WaAv5vAgL+Zs4G/p+GBv5AWg7+oMoO/oF6Evw==</AssayYData></Step><Step><CommonData><SampleLocation>6</SampleLocation><SampleID>PBS</SampleID><SampleGroup></SampleGroup><SampleInfo></SampleInfo><SampleRow>F</SampleRow><SamplePlate>1</SamplePlate><WellType>NEUTRALIZATION</WellType><Concentration>-1</Concentration><ConcentrationUnits>µg/ml</ConcentrationUnits><MolarConcentration>-1</MolarConcentration><MolarConcUnits>nM</MolarConcUnits><MolecularWeight>0</MolecularWeight><Temperature>30</Temperature><StartTime>942945</StartTime><AssayTime>5</AssayTime></CommonData><FlowRate>1000</FlowRate><StepType>KREGENERATION</StepType><StepName>Regeneration</StepName><StepStatus>OK</StepStatus><ActualTime>5.002</ActualTime><CycleTime>0.2</CycleTime><AssayXData Points="25">QsBBRB/NQUTc2UFEueZBRIbzQURCAEJEDw1CRNwZQkS5JkJEdTNCREJAQkQPTUJE3FlCRLlm
QkR1c0JEQoBCRA+NQkTcmUJEqKZCRHWzQkRCwEJED81CRNzZQkSo5kJElvNCRA==</AssayXData><AssayYData Points="25">rFA4QFD1OUAIwTpAoEc7QMptPEDvmTxA93w9QISPPUD+Tz5AOLY+QBzaPkAPhz9AEKI/QOeo
P0AsFkBAeh5AQAebQED6Z0BAorVAQCIvQUB3WUFAvY1BQB3qQUBuo0FAndpBQA==</AssayYData></Step><Step><CommonData><SampleLocation>1</SampleLocation><SampleID>Octet Buffer</SampleID><SampleGroup></SampleGroup><SampleInfo></SampleInfo><SampleRow>E</SampleRow><SamplePlate>1</SamplePlate><WellType>BUFFER</WellType><Concentration>-1</Concentration><ConcentrationUnits>µg/ml</ConcentrationUnits><MolarConcentration>-1</MolarConcentration><MolarConcUnits>nM</MolarConcUnits><MolecularWeight>0</MolecularWeight><Temperature>30</Temperature><StartTime>957520</StartTime><AssayTime>20</AssayTime></CommonData><FlowRate>1000</FlowRate><StepType>CUSTOM</StepType><StepName>Sensor Check</StepName><StepStatus>OK</StepStatus><ActualTime>20</ActualTime><CycleTime>0.2</CycleTime><AssayXData Points="100">YwBDREANQ0QNGkNE2iZDRKczQ0RjQENEME1DRP1ZQ0TaZkNElnNDRHOAQ0QwjUNEDZpDRNqm
Q0SWs0NEY8BDRDDNQ0T92UNEyeZDRJbzQ0RzAEREQA1ERA0aRETJJkREljNERGNARERATURE
/VlERMlmRESnc0REY4BERDCNRET9mUREyaZERJazRERjwEREMM1ERP3ZRETa5kRElvNERHMA
RUQwDUVE/RlFRMkmRUSWM0VEc0BFRDBNRUT9WUVE2mZFRJZzRURzgEVEMI1FRA2aRUTapkVE
lrNFRHPARUQwzUVE/dlFRNrmRUSn80VEYwBGREANRkQNGkZEySZGRJYzRkRjQEZEQE1GRA1a
RkTJZkZElnNGRGOARkRAjUZEDZpGRMmmRkSWs0ZEY8BGRDDNRkQN2kZE2uZGRJbzRkRjAEdE
QA1HRP0ZR0TJJkdEljNHRHNAR0QwTUdEDVpHRMlmR0SWc0dEc4BHRDCNR0T9mUdEyaZHRJaz
R0RzwEdEMM1HRA3aR0TJ5kdElvNHRA==</AssayXData><AssayYData Points="100">a9Q5QKQ8N0AphTVA/4I0QOvkM0ALXTNAlj0zQC/0MkDPLzNAt1AzQB+yM0CYrDNA9hI0QBoA
NEAiEjRAyBI0QH2lNEAYTTRA+Mk0QAMYNUCbDDVA6xk1QPCDNUDoiDVAGmg1QCTtNUBm9zVA
8aw1QE5FNkCz/zVA4xE2QI55NkBnljZAzYc2QE+tNkAIxTZAhaI2QDgmN0Ag/zZA29o2QNgy
N0CkLDdASzA3QAN7N0B9YzdAJGM3QN1tN0CTqjdAkNE3QHPTN0AwmDdA+Z03QEbEN0DDOzhA
shE4QF3oN0ANJThApCQ4QFAbOEAQVDhABHo4QPXiOECbgzhAgJs4QEqoOEC1QjhAk6M4QI3n
OECYrDhAd9o4QLmUOEBB3DhAzQo5QPMCOUDX2zhAY9I4QL8mOUCEwThAtB85QBJGOUBB+jhA
pSs5QEUxOUCjSDlAIQ45QN4nOUAejDlAADs5QMyAOUBp2zlA6305QPGEOUD2wDlADK45QF52
OUBkdjlAXtA5QB+cOUDkzjlAKAc6QA==</AssayYData></Step><Step><CommonData><SampleLocation>6</SampleLocation><SampleID>SI-157C12_P5159</SampleID><SampleGroup></SampleGroup><SampleInfo></SampleInfo><SampleRow>E</SampleRow><SamplePlate>1</SamplePlate><WellType>KLOAD</WellType><Concentration>5</Concentration><ConcentrationUnits>µg/ml</ConcentrationUnits><MolarConcentration>5000</MolarConcentration><MolarConcUnits>nM</MolarConcUnits><MolecularWeight>0</MolecularWeight><Temperature>30</Temperature><StartTime>986957</StartTime><AssayTime>120</AssayTime></CommonData><FlowRate>1000</FlowRate><StepType>LOADING</StepType><StepName>Loading</StepName><StepStatus>OK</StepStatus><ActualTime>120</ActualTime><CycleTime>0.2</CycleTime><AssayXData Points="600">YwBIREANSET9GUhEySZIRKczSERzQEhEME1IRP1ZSERpaUhEp3NIRGOASEQwjUhE/ZlIRMmm
SESWs0hEY8BIREDNSEQN2khEyeZIRKfzSERjAElEQA1JRP0ZSUTJJklEljNJRGNASURATUlE
/VlJRMlmSUSWc0lEY4BJRECNSUQNmklE2qZJRKezSURjwElEMM1JRP3ZSUTJ5klElvNJRGMA
SkRADUpE/RlKRMkmSkSWM0pEc0BKRDBNSkT9WUpE2mZKRJZzSkRjgEpEQI1KRA2aSkTJpkpE
lrNKRGPASkQwzUpE/dlKRMnmSkSn80pEYwBLRDANS0QNGktEySZLRJYzS0RjQEtEME1LRP1Z
S0TaZktElnNLRGOAS0QwjUtE/ZlLRMmmS0SWs0tEY8BLRDDNS0QN2ktEyeZLRJbzS0RzAExE
MA1MRP0ZTETJJkxEljNMRGNATEQwTUxE/VlMRMlmTESnc0xEY4BMRECNTEQNmkxEyaZMRKez
TERjwExEMM1MRA3aTETa5kxElvNMRGMATURADU1EDRpNRNomTUSnM01EY0BNRDBNTUQNWk1E
0mpNRO50TURjgE1EQI1NRA2aTUTJpk1Ep7NNRHPATURAzU1EDdpNRMnmTUSn801EcwBOREAN
TkQNGk5E2iZORKczTkRzQE5EQE1ORP1ZTkTJZk5Ep3NORGOATkQwjU5E/ZlORMmmTkSns05E
Y8BORDDNTkQN2k5E2uZORJbzTkRzAE9EMA1PRA0aT0TaJk9EljNPRHNAT0RATU9EDVpPRMlm
T0Snc09EY4BPRDCNT0T9mU9E2qZPRJazT0RjwE9EQM1PRP3ZT0TJ5k9ElvNPRHMAUEQwDVBE
/RlQRNomUESWM1BEY0BQRDBNUEQNWlBE2mZQRKdzUERjgFBEMI1QRA2aUETJplBElrNQRGPA
UEQwzVBE/dlQRMnmUESn81BEYwBRRDANUUQNGlFEySZRRKczUURjQFFEQE1RRP1ZUUTaZlFE
lnNRRGOAUUQwjVFE/ZlRRMmmUUSWs1FEc8BRRDDNUUQN2lFEyeZRRKfzUURzAFJEMA1SRA0a
UkTJJlJEljNSRGNAUkQwTVJE/VlSRC5qUkRKdFJEc4BSRECNUkT9mVJEyaZSRKezUkRzwFJE
MM1SRP3ZUkTJ5lJElvNSRGMAU0QwDVNEDRpTRMkmU0SWM1NEc0BTRDBNU0T9WVNEyWZTRJZz
U0RzgFNEMI1TRA2aU0TJplNElrNTRHPAU0RAzVNE/dlTRMnmU0Sn81NEYwBURDANVEQNGlRE
ySZURKczVERjQFREME1URP1ZVETJZlREp3NURGOAVEQwjVRE/ZlURNqmVESWs1REY8BUREDN
VET92VREyeZURJbzVERjAFVEMA1VRP0ZVUTaJlVEljNVRGNAVUQwTVVEDVpVRNpmVUSWc1VE
Y4BVRDCNVUT9mVVE2qZVRJazVURjwFVEMM1VRA3aVUTa5lVEp/NVRGMAVkQwDVZE/RlWRNom
VkSWM1ZEY0BWRDBNVkT9WVZE2mZWRKdzVkRjgFZEMI1WRA2aVkTJplZEp7NWRGPAVkQwzVZE
DdpWRMnmVkSW81ZEcwBXRDANV0T9GVdEySZXRKczV0RjQFdEME1XRA1aV0SAaldEnHRXRHOA
V0QwjVdE/ZlXRNqmV0SWs1dEc8BXRDDNV0QN2ldEyeZXRJbzV0RzAFhEMA1YRA0aWETJJlhE
pzNYRHNAWEQwTVhEDVpYRMlmWESnc1hEY4BYRDCNWET9mVhEyaZYRKezWERjwFhEMM1YRA3a
WETJ5lhElvNYRGMAWURADVlE/RlZRMkmWUSWM1lEc0BZRDBNWUQNWllEyWZZRJZzWURjgFlE
QI1ZRP2ZWUTJpllEp7NZRGPAWUQwzVlEDdpZRMnmWUSn81lEYwBaRDANWkT9GVpEySZaRJYz
WkRzQFpEME1aRA1aWkTaZlpElnNaRGOAWkQwjVpE/ZlaRMmmWkSns1pEY8BaREDNWkT92VpE
yeZaRJbzWkRzAFtEQA1bRP0ZW0TaJltEljNbRGNAW0QwTVtE/VlbRMlmW0Snc1tEc4BbRECN
W0T9mVtEyaZbRJazW0RjwFtEQM1bRA3aW0TJ5ltEp/NbRGMAXEQwDVxEDRpcRMkmXESWM1xE
Y0BcRDBNXEQNWlxE+GtcRCZ2XERzgFxEQI1cRP2ZXETaplxElrNcRGPAXERAzVxEDdpcRNrm
XESW81xEcwBdRDANXUT9GV1EySZdRJYzXURzQF1EQE1dRP1ZXUTJZl1ElnNdRGOAXUQwjV1E
/ZldRMmmXUSWs11Ec8BdREDNXUT92V1EyeZdRJbzXURjAF5EQA1eRP0ZXkTJJl5EpzNeRHNA
XkQwTV5E/VleRMlmXkSWc15Ec4BeRDCNXkT9mV5E2qZeRJazXkRzwF5EMM1eRA3aXkTJ5l5E
lvNeRHMAX0QwDV9E/RlfRNomX0SWM19Ec0BfREBNX0QNWl9EyWZfRJZzX0RzgF9EQI1fRP2Z
X0TJpl9ElrNfRGPAX0RAzV9E/dlfRMnmX0SW819EYwBgREANYET9GWBEySZgRJYzYERjQGBE
ME1gRP1ZYETJZmBEp3NgRGOAYEQwjWBE/ZlgRMmmYESns2BEY8BgREDNYET92WBE2uZgRJbz
YERjAGFEMA1hRP0ZYUTJJmFEpzNhRGNAYUQwTWFE/VlhRE5qYURrdGFEY4BhRECNYUT9mWFE
yaZhRJazYURjwGFEMM1hRA3aYUTa5mFElvNhRGMAYkQwDWJE/RliRMkmYkSWM2JEc0BiRDBN
YkT9WWJEyWZiRJZzYkRjgGJEMI1iRA2aYkTJpmJElrNiRGPAYkQwzWJEDdpiRMnmYkSW82JE
YwBjRDANY0QNGmNE2iZjRJYzY0RzQGNEME1jRP1ZY0TJZmNElnNjRHOAY0QwjWNE/ZljRMmm
Y0SWs2NEY8BjREDNY0T92WNEyeZjRJbzY0RzAGREQA1kRA0aZETJJmREljNkRGNAZEQwTWRE
DVpkRMlmZESnc2REY4BkRDCNZET9mWREyaZkRJazZERzwGREMM1kRP3ZZETJ5mRElvNkRHMA
ZURADWVE/RllRNomZUSnM2VEY0BlRDBNZUQNWmVE2mZlRKdzZURjgGVEMI1lRA2aZUTapmVE
p7NlRHPAZUQwzWVEDdplRNrmZUSW82VE</AssayXData><AssayYData Points="600">Dvc4QMCxOUAUczpAtjs7QL+iO0BsrjtAam88QHDqPEB6Pz1Ain89QPUkPkAGcD5Abv4+QCxB
P0Dbvz9AjiBAQFeLQED6y0BA52hBQO7wQUAFAEJAAB1CQOrqQkAWZUNAFINDQMLjQ0CSS0RA
SrNEQG1bRUCZh0VAdRZGQC9RRkC5Y0ZAQFBHQA+eR0ALSUhA9VFIQBRrSEAtCklAvUpJQNC7
SUA/V0pAGGNKQJvJSkApl0tAtbxLQB3lS0ABW0xAAVRNQEImTUD5rE1AnxJOQN13TkC9pk5A
8/xOQLoyT0DxzU9A1jJQQMJJUEDn71BAMENRQGy4UUBJFlJAslZSQM+xUkCyK1NAh5ZTQCLY
U0Bo31NAjVVUQBrgVEAJBFVAybJVQB/lVUDtIVZAtyBWQLaeVkCXTVdAL25XQPAXWEDcQVhA
faBYQPrjWECZkVlABZVZQMXZWUAuD1pAGX5aQOCKWkDhcVtAzoxbQMC7W0C4WlxAsa5cQNTu
XECAJl1Aup9dQNH3XUAKDV5ApnReQHHcXkA5Cl9AG19fQNQBYEAiGWBAUGxgQN/cYED7JmFA
ijhhQCO5YUB3y2FADHhiQPZ5YkC4z2JAmgtjQJRCY0CTf2NAvNhjQKBvZECJf2RAtd9kQP8Y
ZUBBMmVA9rRlQG41ZkCVFWZA7HxmQJb8ZkAr4mZAkHJnQAbAZ0AtYWhAA/pnQHh3aECW7WhA
xCNpQH6taUBst2lAeeRpQJj2aUC35mpAXX5qQAooa0AhQmtAtaFrQBO5a0AOImxAqT9sQF9M
bEATvmxAUAxtQExjbUCekm1AN3xtQHaubUANZ25AL59uQGbVbkDFAm9ATGdvQNY4b0B/rG9A
CrRvQK47cECgUHBAFc1wQELocEDv8HBA30BxQB9/cUDOcHFAagByQCFfckAUs3JAj65yQEjT
ckCXGXNAj1NzQKBfc0DkhHNA68BzQBD7c0CnLnRAWL50QKKNdEBLy3RAQzd1QMFudUBUk3VA
NKx1QPujdUA/9HVAlwh2QLujdkDUW3ZA/9R2QIbBdkA3q3dAuqR3QISFd0CD03dA+9V3QHlV
eEDka3hAXMF4QKS7eECu5nhAgTl5QO1oeUAcc3lAYuF5QDeGeUAv53lAlyx6QB1iekAETnpA
TNF6QHsOe0B5xHpAWf56QK6Ue0AAc3tAIKx7QObMe0Am83tAECJ8QG5SfED5zHxADax8QKz8
fEDvCn1AJG59QINxfUAOcX1AfIt9QIXPfUClyn1Afcl9QDk2fkDsM35A4ll+QOOafkAvHn9A
bPd+QL0ef0DAKH9AO25/QGSrf0CblH9AoeB/QALof0BIIYBAXSGAQJAVgECCQ4BAzUSAQK5q
gEAZdIBAoJKAQN9+gECDvYBAnbGAQHG9gEB7yYBAQM2AQP/bgECpNIFAMzCBQG9ngUCEJIFA
t0mBQI58gUBQZIFA6YuBQC+PgUAvboFA48WBQHfVgUB8y4FAw9WBQAH5gUAX5YFAzMuBQJQp
gkDBHoJA1jKCQONQgkCDboJAa1OCQBFkgkCGkoJAr5mCQBajgkAdrIJAS9SCQKzSgkCPnoJA
NNGCQELRgkA36YJAGQuDQCEpg0ARHINA1CODQNs8g0AvPYNAd0uDQONrg0DaeoNAZIeDQC19
g0A7hINAeLWDQKfLg0AywoNAI9uDQNHng0D7wINAK+SDQEoLhEDiFoRAVACEQBQUhECNJYRA
AzOEQKg4hEBocIRA71KEQEJnhEDoe4RA2WOEQDO+hEAcl4RAiZWEQGL1hEAm3oRAjZWEQAzN
hECn24RAoeuEQM/2hEAP/4RAOSaFQAsbhUC4LYVAchCFQFoghUBzYYVAoCWFQL1fhUBqc4VA
l4aFQHR5hUDuiYVAA6WFQPGXhUD92YVABMSFQGynhUAg0YVApduFQEPUhUBSw4VAhOuFQH/1
hUCM8oVAVSyGQNYqhkB0EoZAvD6GQL1ShkCvIYZAOE6GQJlMhkAMY4ZAcXqGQLpyhkALooZA
4K2GQLm8hkAYqYZAV7yGQCPKhkDjrIZA68yGQMvThkDU2YZA8P2GQNX6hkBR4IZAVhGHQEUc
h0B4JodAFjeHQFsoh0DAM4dAEDKHQGBMh0BtWodAM2CHQF9ph0Aya4dASneHQBtzh0CNiIdA
b4KHQOyhh0ASx4dA87uHQFbMh0ChtodArd2HQK31h0CjAYhA79qHQLADiEBc5IdAQ/CHQMQM
iEAl2odApyKIQKAaiEAm94dA5DKIQAY4iEBQNYhAyniIQIdiiECtUohAalyIQKNQiEDKa4hA
a4iIQMd6iEC4gYhAIFaIQO6eiEBjuohAZJGIQAyqiEDU0ohANLiIQG7ViECF54hAq+KIQNbw
iEBi0ohAXgSJQAnkiECS8IhANQWJQHT5iECAHolACymJQDcwiUD2GIlAB0WJQO8uiUDUVYlA
9GyJQHpZiUBLNolAtVKJQO5uiUATg4lAo5aJQHB8iUBkiYlAtKKJQP6OiUCdqYlASq+JQFfC
iUA9uolAY7qJQKXJiUCqt4lAGdyJQJHmiUDoxIlAFxaKQNXniUAM6IlAs96JQPoLikDCJ4pA
xAOKQABMikCzDIpAsyiKQGJSikAMUIpA1l6KQPZPikDFa4pAyUmKQO1XikCRc4pAd2CKQLdg
ikCgnYpA6XmKQO2TikC9oYpAXo2KQMB9ikA8lopAkbSKQKPDikD7vIpAGKCKQMGxikAtvIpA
deSKQIrJikCxzopAR9CKQL7mikDx5IpA1BSLQKrrikBKFItARAGLQO4Oi0AmC4tA6CeLQEZJ
i0CnMotAJDWLQMtBi0Bo/YpAU0OLQJ9bi0CDTYtAtEiLQNNqi0BDeItAc1CLQP5ii0CLZotA
7G6LQCSVi0BccotAknmLQH+si0BilItA+XOLQMTAi0B0nYtAJpWLQIy1i0AtoYtAvbOLQEHX
i0Dcx4tAotmLQNP2i0DD5YtAugGMQN0bjEAP5YtADuiLQD8FjEAeRYxAbzGMQGIAjECeHYxA
zjqMQHBFjEA+LoxA4UuMQPY2jEAQXoxAQ0OMQIBDjED1T4xAQEiMQKhAjEDjb4xAm3iMQB9a
jEDGYIxAfn6MQPdijEAkeoxAUsGMQGBzjECvfIxAcLKMQG+fjEAbvoxAHbuMQIWMjEBxsoxA
79eMQCLKjEDiv4xAoNWMQGPnjEDB14xA</AssayYData></Step><Step><CommonData><SampleLocation>1</SampleLocation><SampleID>Octet Buffer</SampleID><SampleGroup></SampleGroup><SampleInfo></SampleInfo><SampleRow>E</SampleRow><SamplePlate>1</SamplePlate><WellType>BUFFER</WellType><Concentration>-1</Concentration><ConcentrationUnits>µg/ml</ConcentrationUnits><MolarConcentration>-1</MolarConcentration><MolarConcUnits>nM</MolarConcUnits><MolecularWeight>0</MolecularWeight><Temperature>30</Temperature><StartTime>1116245</StartTime><AssayTime>100</AssayTime></CommonData><FlowRate>1000</FlowRate><StepType>BASELINE</StepType><StepName>Baseline</StepName><StepStatus>OK</StepStatus><ActualTime>100</ActualTime><CycleTime>0.2</CycleTime><AssayXData Points="500">YwBmRDANZkT9GWZEySZmRJYzZkRjQGZEME1mRA1aZkTJZmZElnNmRGOAZkQwjWZE/ZlmRNqm
ZkSWs2ZEY8BmRDDNZkQN2mZEyeZmRJbzZkRjAGdEMA1nRP0ZZ0TJJmdEljNnRHNAZ0QwTWdE
DVpnRNpmZ0SWc2dEY4BnRECNZ0QNmmdE2qZnRJazZ0RjwGdEQM1nRP3ZZ0TJ5mdElvNnRHMA
aERADWhE/RloRMkmaESnM2hEY0BoRDBNaET9WWhEyWZoRKdzaERjgGhEMI1oRP2ZaETJpmhE
lrNoRGPAaERAzWhEDdpoRMnmaESW82hEcwBpRDANaUT9GWlEySZpRJYzaURzQGlEME1pRP1Z
aUTJZmlEp3NpRHOAaUQwjWlE/ZlpRNqmaUSns2lEc8BpREDNaUT92WlEyeZpRJbzaURjAGpE
MA1qRP0ZakTaJmpEljNqRGNAakRATWpE/VlqRMlmakSnc2pEY4BqRDCNakQNmmpEyaZqRKez
akRzwGpEMM1qRP3ZakTJ5mpEp/NqRGMAa0QwDWtE/RlrRMkma0SWM2tEY0BrREBNa0QNWmtE
yWZrRKdza0RjgGtEQI1rRP2Za0TapmtElrNrRGPAa0QwzWtE/dlrRNrma0Sn82tEYwBsRDAN
bEQNGmxE2iZsRKczbERzQGxEME1sRA1abETJZmxEp3NsRHOAbEQwjWxE/ZlsRNqmbESns2xE
Y8BsREDNbEQN2mxEyeZsRKfzbERjAG1EMA1tRP0ZbUTaJm1EljNtRGNAbUQwTW1EDVptRMlm
bUSnc21EY4BtRDCNbUT9mW1E2qZtRJazbURzwG1EMM1tRA3abUTJ5m1Ep/NtRGMAbkQwDW5E
DRpuRMkmbkSWM25EY0BuRDBNbkT9WW5EyWZuRJZzbkRjgG5EMI1uRP2ZbkTapm5ElrNuRHPA
bkRAzW5E/dluRMnmbkSW825EYwBvREANb0T9GW9E2iZvRKczb0RjQG9EME1vRP1Zb0TaZm9E
lnNvRHOAb0RAjW9E/ZlvRMmmb0SWs29Ec8BvREDNb0QN2m9EyeZvRJbzb0RzAHBEMA1wRA0a
cETaJnBEljNwRGNAcEQwTXBEDVpwRMlmcESWc3BEc4BwRECNcET9mXBEyaZwRJazcERjwHBE
MM1wRA3acETJ5nBElvNwRHMAcUQwDXFEDRpxRMkmcUSWM3FEY0BxRDBNcUT9WXFEyWZxRJZz
cURzgHFEMI1xRP2ZcUTJpnFEp7NxRGPAcURAzXFEDdpxRMnmcUSW83FEcwByREANckT9GXJE
ySZyRJYzckRjQHJEME1yRP1ZckTJZnJElnNyRGOAckQwjXJEDZpyRMmmckSWs3JEc8ByRDDN
ckT92XJE2uZyRJbzckTYA3NE9A1zRP0Zc0TJJnNEljNzRHNAc0QwTXNE/VlzRNpmc0Snc3NE
Y4BzRDCNc0QNmnNEyaZzRJazc0RjwHNEMM1zRP3Zc0TJ5nNElvNzRGMAdERADXRE/Rl0RMkm
dESWM3REY0B0REBNdET9WXREyWZ0RJZzdERjgHREMI10RA2adETJpnREp7N0RGPAdERAzXRE
/dl0RMnmdESn83REcwB1RDANdUQNGnVE2iZ1RJYzdURjQHVEME11RP1ZdUTaZnVEp3N1RHOA
dUQwjXVE/Zl1RMmmdUSWs3VEY8B1RDDNdUT92XVEyeZ1RKfzdURjAHZEMA12RP0ZdkTJJnZE
pzN2RGNAdkQwTXZEDVp2RMlmdkSWc3ZEY4B2RECNdkQNmnZEyaZ2RJazdkRjwHZEMM12RA3a
dkTJ5nZElvN2RHMAd0QwDXdEDRp3RMkmd0SWM3dEc0B3REBNd0T9WXdEyWZ3RJZzd0RzgHdE
MI13RP2Zd0TapndElrN3RGPAd0RAzXdE/dl3RMnmd0SW83dEYwB4RFENeET9GXhEySZ4RJYz
eERjQHhEQE14RP1ZeETJZnhEp3N4RHOAeEQwjXhE/Zl4RNqmeESWs3hEc8B4REDNeET92XhE
yeZ4RJbzeERjAHlEMA15RA0aeUTaJnlEpzN5RGNAeUQwTXlEDVp5RNpmeUSWc3lEc4B5RECN
eUQNmnlE2qZ5RKezeURjwHlEMM15RA3aeUTa5nlElvN5RHMAekQwDXpEDRp6RNomekSWM3pE
c0B6REBNekT9WXpEyWZ6RJZzekRzgHpEQI16RA2aekTJpnpElrN6RHPAekQwzXpEDdp6RMnm
ekSn83pEYwB7REANe0QNGntEySZ7RJYze0RzQHtEME17RP1Ze0TJZntEp3N7RGOAe0QwjXtE
DZp7RNqme0SWs3tEc8B7RDDNe0QN2ntEyeZ7RJbze0RjAHxEQA18RP0ZfETaJnxEljN8RHNA
fERATXxEDVp8RNpmfESWc3xEY4B8RDCNfET9mXxEyaZ8RJazfERjwHxEMM18RP3ZfETJ5nxE
lvN8RGMAfURADX1EDRp9RMkmfUSnM31EY0B9RDBNfUT9WX1E2mZ9RJZzfURjgH1EQI19RP2Z
fUTapn1Ep7N9RGPAfURAzX1E/dl9RMnmfUSn831EYwB+REANfkT9GX5E2iZ+RJYzfkRzQH5E
ME1+RA1afkTJZn5Ep3N+RGOAfkRAjX5E/Zl+RMmmfkSWs35Ec8B+REDNfkT92X5EyeZ+RJbz
fkQ=</AssayXData><AssayYData Points="500">ayaNQJwajUD2VI1A+ESNQFqZjUC9mI1A16yNQL+njUDQv41ATLmNQMWtjUAts41AduKNQFKs
jUAFv41AS8aNQCHCjUApuo1AzueNQEDNjUBV2Y1AkcqNQPPIjUBP041AKtiNQIMEjkBE8o1A
u8GNQEXCjUDw341A2eGNQH+sjUAB541An+KNQGPHjUDz8o1A5sGNQFHajUCbyY1AntaNQOzq
jUCv3o1AIMiNQDnLjUAd6I1ApdWNQBrEjUBb4I1AFdiNQNDAjUCrt41And6NQCbgjUA6241A
GPmNQOnqjUCj0I1ACcSNQAsFjkAPzo1AoueNQOPUjUBdy41ArPyNQDbmjUBIz41AwdqNQAr4
jUDO441ABuuNQBPTjUBuvI1AVe6NQKDrjUAv341ACP2NQDH0jUBS+o1AYtyNQEDijUCS6I1A
rb6NQKzzjUBy941A+uaNQK/VjUBd5I1ATMyNQEYFjkBe5Y1AMO6NQE3ijUDk0o1ApvWNQGH0
jUCi+41Aew6OQMLjjUCoEo5AcuqNQCH5jUBD7Y1AQdCNQAUNjkBVEo5AZOqNQH/rjUDM6o1A
K+mNQDPXjUDN9I1AIwqOQPj6jUAnCI5AYj2OQEIYjkA91Y1AUAOOQEsfjkBU+41AidaNQDYI
jkB4341A6/eNQK3ujUAFA45AIeGNQNEojkD1+I1ALeuNQG7rjUDy941AIPSNQDEZjkDGBY5A
temNQFP3jUC1KI5AG/+NQO/zjUAuDY5AFv6NQFH/jUDSDI5AHgiOQP4TjkDbBY5AbQGOQEzf
jUAf641AawuOQKQrjkBZ8Y1ACBeOQOnijUCQJo5A3xKOQJ7gjUC7DY5AuByOQH8OjkAZIY5A
UECOQJf9jUC3I45AZRmOQMkmjkCyD45AT/aNQCoIjkCFAo5AhyaOQJE0jkBE+Y1ArfuNQHAl
jkApFI5AZCGOQJoSjkD69Y1ACx+OQO8qjkC9Io5ATgeOQMUcjkAqKI5AAA6OQGpAjkCtGo5A
CCKOQE36jUDRLo5ADuqNQHQvjkDRK45AixOOQDUbjkAzKI5Aww+OQK8fjkBlIo5ASCeOQJcY
jkBcLY5A2yOOQKMFjkAOPo5AgDWOQJAcjkBsLo5AyPmNQNMQjkDRKI5AbEuOQC9bjkAp4I1A
PSSOQKA4jkBQJo5Awi6OQO8yjkAFQo5ARimOQIs0jkAWJo5AbSWOQHApjkAUHo5ANyyOQIEW
jkANRY5AHjCOQMRHjkBoAo5AGA+OQOQNjkCcN45A3xuOQN8ojkC+II5AvQ+OQDxLjkBxSI5A
WhyOQFgzjkCgQY5A11WOQAk9jkDQIo5ARR6OQCEjjkBSOI5ASB+OQBkSjkBDdo5At0KOQGwr
jkBoQI5A+S2OQPNAjkCKP45AnzOOQOgujkCKIY5AajOOQEovjkBZR45AqFOOQOBmjkDaRo5A
UlGOQMZEjkAcRI5AhzyOQCovjkDbPY5AJjiOQFtHjkAeHI5AnCKOQC5HjkAfHI5AE02OQOpC
jkCXRI5AfE+OQGpAjkBFSY5AbSmOQCU0jkBXL45AcT+OQLRQjkDTK45AZF6OQHFMjkATRo5A
E1qOQG0TjkC3Q45Atj+OQEAojkBImo5AJ0mOQPBKjkBTg45APDyOQIgZjkDAUo5A93COQFRI
jkAAYY5ArFOOQFNojkC5VI5AlWGOQPkZjkDkSY5ATUiOQKJvjkDmN45A0HmOQMp3jkASTI5A
ooSOQBdVjkBURY5AY2mOQDhRjkAjNI5A20mOQJBLjkDYcI5AMFOOQKlzjkDQZ45ArmaOQC5Q
jkAcPY5AVEiOQPN3jkB1eY5Av3KOQINvjkCDZ45AO3yOQCpIjkD+UI5A81COQCmKjkDvlo5A
qUiOQM5UjkCKX45Aq3COQMpkjkDqT45AulOOQBJYjkAZg45AoICOQE1FjkBWb45AdXKOQCFX
jkD+Zo5AR3yOQDlijkBUQ45AH32OQCWJjkAzU45ADXqOQFVijkD+UY5AGkeOQOlkjkCAbI5A
mIOOQNd9jkDWZ45AeWiOQJyRjkBGRI5ANk6OQIpyjkBQOo5A6oqOQB5xjkBWao5AVm+OQPJ0
jkDhW45AgFOOQLlxjkAkhY5AOl+OQH9ZjkDuYY5AQmqOQPdYjkBTao5Ak1GOQOJojkAodY5A
3ISOQA1pjkC8c45A5XWOQOdtjkD9jo5ALX2OQCxWjkCXho5AYZOOQJZrjkAXh45AWXGOQBxQ
jkCUgI5A5nmOQMuVjkAMZI5AQ3eOQHWGjkCQf45ALWKOQEBqjkBogo5Ahn6OQHOUjkDUY45A
zXiOQDGGjkCkgI5Ak3+OQJCujkDqlI5AZpGOQMukjkAGjI5AkXqOQIKIjkDPh45AwIeOQA6Y
jkBHeY5AhYSOQNWrjkCopI5ABoSOQMWijkAHfo5A96qOQBqkjkDkkY5AW4iOQHK1jkBuko5A
eY6OQJmrjkCJpI5ApH6OQEJ1jkBfkI5AnZGOQDiKjkA3h45Ak46OQHSPjkABlI5Aia6OQNaM
jkD0e45A/I+OQO+FjkA1lY5AJp6OQICSjkAAmI5AspGOQLKRjkDbZ45A142OQEytjkDCi45A
tqeOQIWhjkBFcY5AxIuOQOTljkBuiI5ADZSOQAKfjkCit45AXJ2OQH3NjkC1fI5AAZGOQNah
jkA=</AssayYData></Step><Step><CommonData><SampleLocation>2</SampleLocation><SampleID>hsCD3d/e_Acro_CDD-H52W1</SampleID><SampleGroup></SampleGroup><SampleInfo></SampleInfo><SampleRow>E</SampleRow><SamplePlate>1</SamplePlate><WellType>KSAMPLE</WellType><Concentration>-1</Concentration><ConcentrationUnits>µg/ml</ConcentrationUnits><MolarConcentration>50</MolarConcentration><MolarConcUnits>nM</MolarConcUnits><MolecularWeight>0</MolecularWeight><Temperature>30</Temperature><StartTime>1224347</StartTime><AssayTime>180</AssayTime></CommonData><FlowRate>1000</FlowRate><StepType>ASSOC</StepType><StepName>Association</StepName><StepStatus>OK</StepStatus><ActualTime>180</ActualTime><CycleTime>0.2</CycleTime><AssayXData Points="900">YwB/RDANf0QNGn9E2iZ/RKczf0RzQH9EME1/RP1Zf0TaZn9ElnN/RGOAf0QwjX9E/Zl/RMmm
f0SWs39EY8B/REDNf0Qd2n9E2uZ/RJbzf0Q6AIBE7giARAQOgERtE4BEyxmARDIggESYJoBE
/iyARGUzgETTOYBEMkCARJhGgET+TIBEbVOARMtZgEQyYIBEmGaARP5sgERtc4BEy3mARDqA
gESYhoBEBo2ARG2TgETLmYBEOqCARJimgET+rIBEZbOARNO5gEQywIBEmMaARAbNgERl04BE
y9mARDLggESY5oBE/uyARGXzgETL+YBEMgCBRKAGgUQGDYFEZROBRMsZgUQyIIFEoCaBRP4s
gURlM4FEyzmBRDJAgUSgRoFE/kyBRG1TgUTLWYFEMmCBRJhmgUT+bIFEZXOBRMt5gUQygIFE
mIaBRP6MgURtk4FEy5mBRDKggUSYpoFE/qyBRGWzgUTTuYFEMsCBRJjGgUQGzYFEZdOBRMvZ
gUQy4IFEmOaBRP7sgURt84FEy/mBRDIAgkSYBoJEBg2CRG0TgkTLGYJEMiCCRKAmgkQGLYJE
ZTOCRMs5gkQyQIJEmEaCRAZNgkRlU4JEy1mCRDJggkSYZoJE/myCRG1zgkTLeYJEMoCCRJyI
gkSqjYJEZZOCRMuZgkQyoIJEmKaCRAatgkRts4JEy7mCRDrAgkSYxoJEBs2CRGXTgkTT2YJE
OuCCRJjmgkT+7IJEbfOCRMv5gkQ6AINEmAaDRP4Mg0RlE4NEyxmDRDogg0SgJoNEBi2DRGUz
g0TLOYNEMkCDRKBGg0T+TINEbVODRMtZg0QyYINEmGaDRP5sg0Rlc4NEy3mDRDqAg0SYhoNE
Bo2DRGWTg0TTmYNEMqCDRJimg0T+rINEZbODRNO5g0Q6wINEmMaDRAbNg0Rt04NEy9mDRDrg
g0SY5oNEBu2DRG3zg0TT+YNEMgCERKAGhET+DIREZROERNMZhEQyIIREoCaERP4shERtM4RE
0zmERDJAhESYRoREBk2ERG1ThETLWYREMmCERKBmhEQGbYREZXOERNN5hEQygIREoIaERP6M
hERlk4REy5mERDKghESYpoRE/qyERG2zhETTuYREMsCERKDGhET+zIREZdOERMvZhEQy4IRE
mOaERP7shERt84REy/mERDIAhURKCIVEWA2FRG0ThUTLGYVEMiCFRJgmhUT+LIVEZTOFRMs5
hUQyQIVEoEaFRP5MhURlU4VEy1mFRDpghUSYZoVEBm2FRGVzhUTLeYVEOoCFRJiGhUQGjYVE
ZZOFRMuZhUQ6oIVEmKaFRP6shURls4VEy7mFRDrAhUSYxoVEBs2FRGXThUTL2YVEMuCFRKDm
hUT+7IVEZfOFRNP5hUQ6AIZEmAaGRP4MhkRlE4ZEyxmGREIghkSgJoZE/iyGRGUzhkTTOYZE
MkCGRKBGhkT+TIZEZVOGRMtZhkQ6YIZEmGaGRAZthkRtc4ZE03mGRDKAhkSYhoZE/oyGRG2T
hkTLmYZEOqCGRKCmhkT+rIZEZbOGRNO5hkQ6wIZEmMaGRP7MhkRl04ZEy9mGRDLghkSY5oZE
Bu2GRG3zhkTT+YZEMgCHRKAGh0QGDYdEbROHRMsZh0QyIIdEoCaHRAYth0RlM4dEyzmHRDJA
h0SYRodEBk2HRG1Th0TLWYdEMmCHRKBmh0QGbYdEbXOHRNN5h0QygIdEgYmHRJCOh0Smk4dE
y5mHRDqgh0SYpodEBq2HRGWzh0TTuYdEMsCHRJjGh0T+zIdEZdOHRMvZh0Q64IdEoOaHRAbt
h0Rt84dEy/mHRDIAiESYBohEBg2IRGUTiETLGYhEMiCIRJgmiEQGLYhEZTOIRMs5iEQ6QIhE
mEaIRP5MiERlU4hEy1mIRDpgiESYZohE/myIRGVziETLeYhEOoCIRJiGiET+jIhEZZOIRNOZ
iEQ6oIhEoKaIRAatiERts4hE07mIRDLAiESYxohE/syIRGXTiETT2YhEOuCIRKDmiET+7IhE
ZfOIRNP5iEQyAIlEmAaJRP4MiURlE4lE0xmJRDogiUSYJolEBi2JRG0ziUTLOYlEMkCJRKBG
iUT+TIlEbVOJRMtZiUQ6YIlEmGaJRAZtiURlc4lEy3mJRDKAiUSYholE/oyJRG2TiUTTmYlE
MqCJRJimiUT+rIlEbbOJRNO5iUQywIlEoMaJRAbNiURl04lE09mJRDLgiUSY5olEBu2JRGXz
iUTT+YlEMgCKRKwIikS7DYpEbROKRMsZikQyIIpEmCaKRP4sikRtM4pE0zmKRDJAikSYRopE
/kyKRGVTikTLWYpEMmCKRKBmikT+bIpEbXOKRMt5ikQ6gIpEoIaKRP6MikRlk4pEy5mKRDKg
ikSgpopE/qyKRGWzikTTuYpEMsCKRJjGikT+zIpEbdOKRMvZikQ64IpEmOaKRP7sikRt84pE
y/mKRDIAi0SYBotE/gyLRGUTi0TLGYtEMiCLRKAmi0QGLYtEZTOLRMs5i0QyQItEmEaLRAZN
i0RlU4tEy1mLRDJgi0SgZotEBm2LRGVzi0TTeYtEMoCLRJiGi0T+jItEZZOLRMuZi0QyoItE
mKaLRAati0Rls4tEy7mLRDrAi0SYxotE/syLRG3Ti0TT2YtEMuCLRKDmi0T+7ItEZfOLRMv5
i0QyAIxEmAaMRAYNjERlE4xEyxmMRDIgjESYJoxE/iyMRG0zjETLOYxEMkCMRJhGjET+TIxE
bVOMRMtZjEQyYIxEmGaMRAZtjERlc4xEy3mMRDKAjERSiIxEaY2MRG2TjETLmYxEOqCMRJim
jEQGrYxEZbOMRMu5jEQywIxEmMaMRP7MjERl04xEy9mMRDrgjESg5oxE/uyMRGXzjETL+YxE
OgCNRJgGjUQGDY1EbRONRMsZjUQyII1EmCaNRAYtjURlM41EyzmNRDJAjUSYRo1EBk2NRGVT
jUTLWY1EOmCNRJhmjUQGbY1EbXONRMt5jUQygI1EmIaNRP6MjURlk41Ey5mNRDKgjUR5qY1E
iK6NRJ6zjUTLuY1EMsCNRJjGjUT+zI1EbdONRMvZjUQy4I1EmOaNRP7sjURt841Ey/mNRDIA
jkSYBo5E/gyORGUTjkTLGY5EOiCORKAmjkT+LI5EZTOORMs5jkQ6QI5EoEaORAZNjkRlU45E
y1mORDJgjkSgZo5E/myORGVzjkTLeY5EOoCORJiGjkT+jI5EZZOORNOZjkQyoI5EoKaORP6s
jkRls45E07mORDLAjkSgxo5E/syORGXTjkTc2Y5EOuCORKDmjkT+7I5EZfOORMv5jkQ6AI9E
oAaPRP4Mj0RlE49E0xmPRDogj0SgJo9E/iyPRGUzj0TTOY9EMkCPRJhGj0QGTY9EbVOPRNNZ
j0Q6YI9EmGaPRP5sj0Rlc49E03mPRDKAj0Sgho9E/oyPRGWTj0TLmY9EOqCPRKCmj0T+rI9E
bbOPRMu5j0QywI9EmMaPRAbNj0Rl049Ey9mPRDrgj0SY5o9E/uyPRG3zj0TT+Y9EMgCQRKgG
kEQGDZBEZROQRNMZkEQyIJBEmCaQRP4skERtM5BEyzmQRDJAkESYRpBE/kyQRGVTkETLWZBE
MmCQRKBmkET+bJBEbXOQRMt5kEQ6gJBEoIaQRP6MkERtk5BEy5mQRDqgkESYppBE/qyQRGWz
kETTuZBEOsCQRJjGkET+zJBEbdOQRMvZkEQ64JBEoOaQRP7skERl85BE0/mQRDIAkUSYBpFE
Bg2RRGUTkUTLGZFEMiCRRJgmkUT+LJFEZTORRMs5kUQyQJFEmEaRRP5MkURlU5FE01mRRDJg
kUSYZpFE/myRRG1zkUTLeZFEOoCRRDiJkURGjpFEZZORRMuZkUQ6oJFEoKaRRAatkURts5FE
y7mRRDLAkUSgxpFE/syRRGXTkUTL2ZFEMuCRRKDmkUT+7JFEZfORRNP5kUQ6AJJEoAaSRP4M
kkRtE5JEyxmSRDIgkkSYJpJEBi2SRG0zkkTLOZJEMkCSRKBGkkT+TJJEbVOSRNNZkkQ6YJJE
oGaSRAZtkkRlc5JE03mSRDKAkkSghpJE/oySRG2TkkTLmZJEOqCSRJimkkT+rJJEZbOSRMu5
kkQywJJEoMaSRP7MkkRl05JE09mSRDLgkkSY5pJE/uySRGXzkkTL+ZJEOgCTRJgGk0T+DJNE
bROTRMsZk0QyIJNEmCaTRP4sk0RlM5NEyzmTRDpAk0SYRpNEBk2TRG1Tk0TLWZNEMmCTRJhm
k0T+bJNEZXOTRMt5k0Q6gJNEoIaTRP6Mk0Rtk5NE05mTRDKgk0SgppNE/qyTRGWzk0TLuZNE
OsCTRKDGk0T+zJNEbdOTRNPZk0Q64JNEmOaTRP7sk0Rt85NE0/mTRDoAlERjCJREcQ2URG0T
lETLGZREOiCURJgmlEQGLZREZTOURMs5lEQyQJREmEaURAZNlERtU5REy1mURDJglESYZpRE
Bm2URG1zlETTeZREMoCURJiGlEQGjZREZZOURMuZlEQyoJREmKaURAatlERts5REy7mURDrA
lESYxpRE/syURGXTlETL2ZREMuCURKDmlEQG7ZREZfOURMv5lEQyAJVEmAaVRP4MlUR1E5VE
yxmVRDoglUSYJpVEBi2VRGUzlUTLOZVEOkCVRJhGlUT+TJVEZVOVRMtZlUQ6YJVEmGaVRP5s
lURtc5VE3HmVRDKAlUSYhpVE/oyVRGWTlUTLmZVEOqCVRJimlUQGrZVEZbOVRMu5lUQ6wJVE
mMaVRP7MlURt05VEy9mVRDrglUSY5pVEBu2VRGXzlUTL+ZVE</AssayXData><AssayYData Points="900">hBqOQKFYjkD1s45AwY+OQBigjkCqv45AzrGOQPLnjkDgwY5ADvCOQAvejkCwGY9AXQSPQHAZ
j0C1PI9AND2PQA4mj0BLQY9AJFqPQDlcj0BAVo9AGTCPQBBrj0DDZo9AO5CPQJpkj0DKeI9A
j46PQEizj0Chvo9Aq7qPQIPCj0CU149A+MaPQKMEkEBT749AzumPQJbuj0D2/I9AWBuQQIgT
kECsBJBAAEqQQEIzkEAgF5BA5FiQQF1XkEC9XZBAW2SQQDFckECPYJBASmiQQM2PkEDgkJBA
iKGQQJ2VkEAqfpBASH+QQMuXkEDIspBA4KKQQE7ekEBn1pBAPfaQQDPYkEA035BAi++QQLv4
kEBV45BAFgmRQLD2kEBaGpFAfD2RQGsgkUA9GJFAgEKRQMRLkUC/O5FAt12RQKA3kUAsV5FA
S32RQKKWkUDzepFAtEuRQBWakUB/qZFAVqKRQKKxkUBe15FA28GRQIXOkUCs5pFAF+SRQK/4
kUDb+pFAwNORQOzYkUDn3ZFApe6RQA8akkB+FpJAQheSQN0qkkA7LZJADTSSQHRDkkAcVpJA
a4SSQFRikkDxXZJAXHmSQOZ1kkAkf5JAbXaSQEJVkkB7q5JADqOSQPaIkkDuqpJA4dOSQEOx
kkAA6ZJAxaeSQA7JkkCR4pJAXP+SQFPRkkB68pJAk/iSQNEZk0AaF5NA9RSTQK4fk0A2QJNA
ekeTQLc4k0BZNJNAf1eTQNZNk0DERZNAJ4CTQFthk0CIcJNAbGCTQHKQk0DUj5NAH6mTQIO0
k0DjkJNAw5qTQOXCk0Dip5NAj7eTQHTrk0DN5JNAx7aTQAXnk0CeCpRAUgOUQNb9k0DL8pNA
jwSUQK0TlEBmD5RA0iCUQIMrlECEGZRAVyiUQOZBlEAvaJRAP2mUQLNZlEC2RJRAQ2iUQK5m
lEB3aJRAf5yUQHOzlEAlqZRAN6WUQNPAlECTr5RAgMyUQKKzlEDSt5RAA9eUQLz8lEDMo5RA
jdeUQEsDlUDNEJVAsgSVQD4dlUCR5ZRA4wuVQH0nlUBhOZVANReVQL0jlUAsMZVApBeVQIFX
lUAIVpVAUWyVQEE3lUCvVpVAVXGVQNuYlUB4h5VAcJiVQCOelUDmlZVAn5GVQJO7lUDwo5VA
CpuVQG2YlUAWqpVAt/KVQLjLlUB8uZVA8tmVQDPBlUAE/5VA6tSVQNLolUC1A5ZAUROWQDjy
lUAK45VAkRyWQNwplkCLK5ZA0WmWQFwvlkAORJZAa1+WQBBGlkA7QJZAMWSWQJRqlkAHZJZA
/42WQE+JlkCecpZAxnCWQO1nlkCWo5ZAsoeWQEl5lkCTiJZABqSWQKColkBhlZZA9c+WQBjR
lkCQ45ZAPt+WQC/KlkBH5ZZA0u2WQBDplkCV/ZZAPAKXQFsll0CzMpdA8PmWQO0El0BCHZdA
EBOXQOYvl0AQM5dAvj+XQHg7l0A2GpdAN2SXQEFel0DzPpdA4mmXQJWGl0AjbZdA3HOXQGaO
l0DzgpdAkaqXQAiil0B7n5dAIq6XQPe8l0AfzJdAPMSXQFjLl0BlwZdAfqiXQFTfl0AuqJdA
KOuXQEDjl0Cc5ZdAxOyXQIvxl0BCG5hAMgSYQI0OmEBgB5hAfTOYQJP6l0AESZhAMCiYQKsV
mEDAQJhAvS+YQI9QmEA3V5hA1mGYQEeCmEBxaJhAU26YQN1pmEC5XJhAuY2YQDF3mEDldZhA
PKOYQF2tmEC5l5hA8MyYQAO7mEBKnJhAYJ6YQOy9mECpxZhAOtCYQHCymEBHxZhA+NSYQO3m
mECz65hAaNmYQPoMmUDU8JhAgxSZQIYGmUD/7phAwyuZQOkfmUB3CZlABA+ZQNcomUC0OZlA
J0mZQPU7mUDaNJlA1zaZQLdDmUARY5lAl2GZQMFemUBTbJlAoWWZQDt3mUDugplANGiZQIJ6
mUAiY5lAoHSZQFesmUCswZlAurKZQH2TmUCEuZlAKcmZQGTNmUCI0ZlATc6ZQGbdmUC5zplA
ceKZQCrHmUCu1ZlAR72ZQNHemUBbAZpAMu+ZQOHmmUAFyZlA/gCaQKEOmkCGKZpAZhKaQPAo
mkDfG5pA6hSaQBscmkDmO5pAn1aaQHlKmkC6HJpAg2KaQAFXmkBDZppAvF2aQBJomkCneZpA
xWCaQPJgmkDPY5pAiIiaQC5/mkD4dppAmXiaQE2GmkCWyZpAU7yaQN2ymkBZxppAlZ6aQAyn
mkDc55pAFNGaQNzdmkBfzZpALcmaQA7UmkAr8ppAZOOaQKb2mkAv5ppAGuqaQFQAm0AsDptA
nDCbQCnumkB3/ppAgCibQC4am0BGRZtAsw6bQDk+m0BuVZtAjDabQI5am0BONZtAbD2bQJNb
m0A8RZtAoDObQJ1gm0AOaJtAPXubQAF5m0BsaZtACpibQMWYm0Dxn5tA/4KbQL61m0AQpJtA
9pCbQMOwm0BdyZtA56abQFTBm0B0u5tAO7ubQBO8m0AFGpxAyMebQEnbm0BN25tA3tqbQG3Z
m0BJ5ptAN9ubQN3wm0AcDpxA4fybQDQBnECsBZxAWh+cQEwgnECk+5tATwucQJ8fnEAvE5xA
jSKcQIYYnEBe/JtAcy+cQElPnEACI5xAo2icQCxfnECCNZxACWKcQL1nnEDlfpxAfF2cQL9N
nED5bZxAum+cQI+2nEDyWpxAOJqcQG6cnEAXgpxAQ5KcQIyNnEBMq5xAznacQHu+nEAqyZxA
+5qcQO/InEAqwJxAyMKcQHnanEDyyJxAD+OcQI7pnEA26JxAsOWcQALKnEAN85xAm82cQJD4
nEDM1pxAVg2dQI7onEDX8ZxAthedQJkcnUD1OJ1AZyydQA/dnEAOJZ1AaU2dQPUinUBuLp1A
EzCdQNU9nUAjOZ1A5DmdQJBdnUDbTJ1AtVqdQJiInUBgWZ1AtnqdQFV0nUBIcJ1AJn2dQMaJ
nUAvb51Ap4CdQKmPnUD2iZ1A0HidQBqEnUBogp1Av6KdQHajnUCBiZ1AFYqdQHehnUCXnZ1A
jcadQJPUnUDvs51AqsadQG3PnUAczZ1ALd2dQLjNnUDR5p1A/v2dQEXcnUDE9Z1AKtKdQCHP
nUBcAp5A7wCeQLcAnkAE7J1AWvSdQEQHnkAILp5ANBWeQHIankBeEp5AnTaeQOwgnkARP55A
SlqeQAgsnkBSPp5AKEqeQBRFnkDOQp5Ab0KeQC5BnkAjRp5AEEeeQG5VnkB6cJ5ABjKeQBdV
nkAeiJ5AUECeQJtVnkBjZZ5AKo2eQOR+nkCioJ5A4Y6eQNeLnkDFcZ5AsqSeQKWKnkCfnJ5A
1cmeQMqunkDjsJ5AgqieQBK/nkCY6J5AZ9qeQE7WnkBgxZ5AZNieQNTbnkAWzp5A6PSeQBfj
nkAQ4J5AStaeQOTonkDX9Z5Aw/OeQD39nkA8BZ9AEfyeQPoBn0A4GZ9A9SufQNkPn0D9855A
WEGfQLYkn0DxO59AKTifQLQ4n0AXAJ9Aal2fQL5en0CIEJ9AnBifQFFQn0D8Ip9ACnSfQPtW
n0CdUJ9AMoSfQNFgn0CCV59AYEyfQPtPn0CNc59ABnGfQGWWn0CZXZ9AL4mfQEaGn0Bgmp9A
7YefQB2on0BYgp9AdZafQDCTn0C2oZ9AzY+fQEyKn0BtkJ9AgcyfQF6on0DdsZ9A+MKfQI+6
n0Bgw59A+7OfQDStn0CV7J9AsNmfQFjEn0BKzJ9AbtCfQO7vn0AZzp9AuuifQI/4n0DE659A
V96fQIL3n0Bv3Z9AV9ufQF8ZoEDB6J9A0xKgQPcaoEBfEaBAPhugQNE1oEBOLaBAHQqgQCY6
oEBsKqBAHSugQKc2oECIWqBAKxqgQHR4oEAKTKBAazmgQF5RoEALdqBALDygQAIwoEBRTqBA
dnegQDRloEBAa6BAB1ugQFuAoEDXTqBAnHugQDh8oEBHgaBA9JGgQJSeoEAhiKBATGOgQIWH
oEDrlqBAwLegQESQoEAan6BAiaegQF+ioEA1sqBAybKgQNKyoED7waBAApagQJmaoEA2pqBA
DtmgQCjxoED7waBAvLOgQFHLoEDEyaBAUt2gQMjCoEC8G6FAZAahQJzioECg46BAtN2gQCTu
oECKCqFA9fygQMrgoEAFGKFAMBGhQB8YoUDfDKFAbBqhQAISoUDXAaFAagyhQGQioUAHNKFA
uTKhQJUOoUCpSaFATy2hQPpRoUB7X6FAUy2hQIsnoUDJMaFACEChQKAwoUAxY6FAsWihQEod
oUB1W6FAMEyhQDtZoUBJU6FApoChQI1+oUD/a6FAhVOhQHtloUCca6FA7VyhQCt3oUD4eaFA
Q3+hQGaroUD1qKFAjZWhQCN3oUDVxqFAG6uhQNZ7oUDHgKFAS36hQECNoUAqx6FAPMShQICd
oUAR0qFAVqqhQOzooUBw16FAX6mhQEy8oUBU4qFAkOehQPKxoUCe6qFAD8WhQLbpoUCm76FA
P/6hQEnKoUDYyqFANOuhQFv7oUBNxKFAdOGhQBHroUBgDqJAGfihQHz+oUBeGaJAfzeiQFcm
okAA66FAEhyiQGYwokAFEqJAHy+iQDNLokCpLqJAvyaiQEAqokC+PqJABTGiQNUwokDnLaJA
KEyiQNBlokAVQqJABzOiQCVUokAVSKJApDWiQDtYokAlbaJAtzCiQGZVokBuZaJAHVSiQF1s
okDta6JAnV+iQOJ5okDHb6JAXVGiQOx0okCSl6JA8lWiQM5jokBMhqJAQJ2iQLWUokA+hKJA
B3uiQOfBokCHq6JAXZmiQC2mokD9iKJA+6WiQOWeokA0haJA</AssayYData></Step><Step><CommonData><SampleLocation>1</SampleLocation><SampleID>Octet Buffer</SampleID><SampleGroup></SampleGroup><SampleInfo></SampleInfo><SampleRow>E</SampleRow><SamplePlate>1</SamplePlate><WellType>BUFFER</WellType><Concentration>-1</Concentration><ConcentrationUnits>µg/ml</ConcentrationUnits><MolarConcentration>-1</MolarConcentration><MolarConcUnits>nM</MolarConcUnits><MolecularWeight>0</MolecularWeight><Temperature>30</Temperature><StartTime>1412761</StartTime><AssayTime>300</AssayTime></CommonData><FlowRate>1000</FlowRate><StepType>DISASSOC</StepType><StepName>Dissociation</StepName><StepStatus>OK</StepStatus><ActualTime>300</ActualTime><CycleTime>0.2</CycleTime><AssayXData Points="1500">MQCWRJcGlkT+DJZEbBOWRMsZlkQ5IJZEoCaWRAYtlkRkM5ZEyzmWRDFAlkSXRpZE/kyWRGxT
lkTLWZZEMWCWRJdmlkT+bJZEZHOWRMt5lkQ5gJZEl4aWRP6MlkRsk5ZE05mWRDmglkSXppZE
Bq2WRGSzlkTTuZZEOcCWRJfGlkT+zJZEZNOWRNPZlkQx4JZEl+aWRP7slkRs85ZEy/mWRDEA
l0SXBpdEBg2XRGQTl0TLGZdEMSCXRJcml0QGLZdEZDOXRMs5l0QxQJdEoEaXRP5Ml0RkU5dE
y1mXRDFgl0SgZpdE/myXRGRzl0TTeZdEMYCXRKCGl0T+jJdEZJOXRMuZl0QxoJdEoKaXRP6s
l0Rss5dEy7mXRDnAl0SXxpdE/syXRGTTl0TL2ZdEMeCXRJfml0T+7JdEbPOXRAj8l0QfAZhE
lwaYRAYNmERsE5hEyxmYRDEgmESXJphE/iyYRGQzmETLOZhEOUCYRJdGmEQGTZhEbFOYRMtZ
mEQxYJhEoGaYRP5smERsc5hE03mYRDGAmESXhphE/oyYRGSTmETTmZhEMaCYRJemmET+rJhE
ZLOYRNO5mEQxwJhEoMaYRP7MmERk05hEy9mYRDngmESX5phE/uyYRGTzmETT+ZhEOQCZRJcG
mUT+DJlEZBOZRNMZmUQ5IJlEoCaZRP4smURkM5lEyzmZRDlAmUSgRplEDk2ZRGRTmUTTWZlE
MWCZRJdmmUT+bJlEZHOZRMt5mUQ5gJlEl4aZRAaNmURkk5lE05mZRDmgmUSXpplE/qyZRGyz
mUTLuZlEMcCZRKDGmUT+zJlEZNOZRNPZmUQx4JlEl+aZRP7smURk85lEy/mZRDEAmkSXBppE
/gyaRGQTmkTLGZpEOSCaRJcmmkQGLZpEZDOaRMs5mkQ5QJpEl0aaRP5MmkRkU5pEy1maRDlg
mkSXZppEBm2aRGRzmkQre5pEOYCaRJeGmkT+jJpEZJOaRNOZmkQxoJpEoKaaRP6smkRks5pE
07maRDnAmkSXxppE/syaRGTTmkTT2ZpEOeCaRKDmmkT+7JpEZPOaRNP5mkQ5AJtEoAabRP4M
m0RsE5tEyxmbRDEgm0SXJptEBi2bRGQzm0TLOZtEMUCbRJdGm0QGTZtEbFObRMtZm0QxYJtE
oGabRP5sm0Rkc5tE03mbRDmAm0SghptE/oybRGSTm0TLmZtEMaCbRKCmm0T+rJtEZLObRMu5
m0QxwJtEl8abRAbNm0Rs05tEy9mbRDHgm0Sg5ptEBu2bRGTzm0TL+ZtEOQCcRJcGnEQGDZxE
ZBOcRMsZnEQxIJxEoCacRP4snERkM5xEyzmcRDFAnESXRpxE/kycRGxTnETTWZxEOWCcRKBm
nET+bJxEbHOcRMt5nEQxgJxEl4acRP6MnERsk5xEy5mcRDmgnESgppxEBq2cRGSznETLuZxE
OcCcRJfGnET+zJxEZNOcRMvZnEQx4JxEoOacRP7snERs85xE5/ucRP4AnUSgBp1EBg2dRGwT
nUTTGZ1EMSCdRKAmnUT+LJ1EZDOdRMs5nUQ5QJ1El0adRP5MnURkU51Ey1mdRDlgnUSgZp1E
/mydRGRznUTLeZ1EOYCdRKCGnUQGjZ1EZJOdRMuZnUQ5oJ1EoKadRP6snURks51Ey7mdRDHA
nUSXxp1EBs2dRGTTnUTL2Z1EOeCdRJfmnUT+7J1EZPOdRMv5nUQ5AJ5ElwaeRP4MnkRsE55E
0xmeRDEgnkSXJp5E/iyeRGwznkTLOZ5EMUCeRKBGnkQGTZ5EbFOeRMtZnkQ5YJ5EoGaeRP5s
nkRkc55E03meRDGAnkSXhp5E/oyeRGyTnkTTmZ5EOaCeRJemnkT+rJ5EbLOeRMu5nkQ5wJ5E
l8aeRP7MnkRk055Ey9meRDHgnkSg5p5EBu2eRGzznkTT+Z5EMQCfRKAGn0QGDZ9EZBOfRMsZ
n0QxIJ9ElyafRAYtn0RsM59EyzmfRDFAn0SXRp9E/kyfRGxTn0TLWZ9EMWCfRJdmn0QGbZ9E
ZHOfRBB8n0QfgZ9El4afRAaNn0Rkk59Ey5mfRDmgn0SXpp9E/qyfRGSzn0TTuZ9EOcCfRJfG
n0QGzZ9EbNOfRNPZn0Qx4J9El+afRP7sn0Rk859Ey/mfRDkAoESXBqBE/gygRGQToETTGaBE
MSCgRJcmoET+LKBEZDOgRMs5oEQxQKBEoEagRAZNoERkU6BEy1mgRDFgoESgZqBEBm2gRGRz
oETTeaBEMYCgRJeGoET+jKBEZJOgRMuZoEQ5oKBEoKagRAatoERss6BE07mgRDHAoESXxqBE
Bs2gRGTToETT2aBEMeCgRKDmoET+7KBEZPOgRMv5oEQxAKFEoAahRAYNoURkE6FEyxmhRDEg
oUSgJqFEBi2hRGwzoUTLOaFEMUChRJdGoUQGTaFEZFOhRMtZoUQxYKFEoGahRP5soURsc6FE
y3mhRDmAoUSXhqFE/oyhRGyToUTLmaFEMaChRJemoUT+rKFEZLOhRMu5oUQxwKFEl8ahRAbN
oURk06FEy9mhRDngoUSg5qFE/uyhRGzzoUS++6FEzQCiRKAGokT+DKJEZBOiRMsZokQxIKJE
lyaiRAYtokRsM6JEyzmiRDFAokSgRqJE/kyiRGxTokTLWaJEMWCiRJdmokT+bKJEbHOiRNN5
okQxgKJEl4aiRP6MokRsk6JEy5miRDGgokSgpqJE/qyiRGSzokTTuaJEOcCiRJfGokT+zKJE
ZNOiRMvZokQx4KJEl+aiRAbtokRk86JEy/miRDEAo0SXBqNE/gyjRGQTo0TTGaNEMSCjRJcm
o0T+LKNEZDOjRMs5o0QxQKNEl0ajRP5Mo0RkU6NEy1mjRDFgo0SgZqNEBm2jRGRzo0TTeaNE
MYCjRJeGo0T+jKNEbJOjRMuZo0QxoKNEoKajRP6so0Rks6NE07mjRDHAo0SXxqNE/syjRGTT
o0TL2aNEOeCjRKDmo0T+7KNEbPOjRNP5o0Q5AKRElwakRAYNpERkE6RE0xmkROEipETvJ6RE
Bi2kRGwzpETLOaREMUCkRJdGpET+TKREZFOkRMtZpEQxYKREl2akRAZtpERkc6REbHukRHuA
pESghqRE/oykRGyTpETTmaREMaCkRKCmpEQGraREbLOkRNO5pEQxwKREoMakRP7MpERs06RE
y9mkRDHgpESg5qRE/uykRGzzpETL+aREOQClRJcGpUT+DKVEZBOlRMsZpUQxIKVElyalRP4s
pURkM6VEyzmlRDFApUSXRqVE/kylRGRTpUTTWaVEMWClRKBmpUT+bKVEZHOlRMt5pUQxgKVE
l4alRAaNpURkk6VE05mlRDGgpUSXpqVE/qylRGSzpUTLuaVEMcClRJfGpUQGzaVEZNOlRNPZ
pUQ54KVEl+alRP7spURk86VE0/mlRDEApkSXBqZE/gymRGQTpkTLGaZEMSCmRKAmpkT+LKZE
ZDOmRMs5pkQ5QKZEoEamRAZNpkRkU6ZE01mmRDFgpkSXZqZE/mymRGxzpkTTeaZEOYCmRJeG
pkT+jKZEZJOmRMuZpkQxoKZEl6amRP6spkRks6ZEy7mmRDHApkSgxqZE/symRGTTpkTL2aZE
MeCmRJfmpkT+7KZEZPOmRLb7pkS8AKdEoAanRAYNp0RkE6dE0xmnRDEgp0SXJqdE/iynRGQz
p0TLOadEOUCnRJdGp0T+TKdEZFOnRNNZp0QxYKdEl2anRP5sp0Rkc6dE03mnRDmAp0SghqdE
/oynRGSTp0TTmadEMaCnRJemp0T+rKdEbLOnRMu5p0QxwKdEoManRAbNp0Rs06dEy9mnRDHg
p0SX5qdEBu2nRGTzp0TT+adEMQCoRJcGqET+DKhEZBOoRMsZqEQ5IKhElyaoRP4sqERkM6hE
0zmoRDFAqESXRqhEBk2oRHVTqETTWahEOWCoRJdmqET+bKhEZHOoRNN5qEQxgKhEl4aoRP6M
qERkk6hEy5moRDmgqESgpqhE/qyoRGyzqETLuahEMcCoRJfGqET+zKhEZNOoRMvZqEQx4KhE
l+aoRP7sqERk86hEy/moRDEAqUSXBqlE/gypRGQTqUTTGalEOSCpRJcmqUQGLalEbDOpRMs5
qUQxQKlEl0apRAZNqURkU6lE01mpRDFgqUSXZqlE/mypRGxzqURce6lEaoCpRKCGqUT+jKlE
ZJOpRMuZqUQ5oKlEl6apRAatqURks6lEy7mpRDHAqUSXxqlEBs2pRGTTqUTL2alEMeCpRJfm
qUQG7alEZPOpRMv5qUQxAKpElwaqRP4MqkRkE6pE0xmqRDkgqkSXJqpE/iyqRGQzqkTTOapE
MUCqRKBGqkQGTapEbFOqRNNZqkQxYKpEl2aqRP5sqkRsc6pE03mqRDGAqkSghqpE/oyqRGST
qkTLmapEMaCqRJemqkT+rKpEZLOqRMu5qkQxwKpEoMaqRP7MqkRk06pE09mqRDHgqkSX5qpE
/uyqRGTzqkTL+apEOQCrRJcGq0T+DKtEZBOrRNMZq0QxIKtElyarRP4sq0RsM6tE0zmrRDlA
q0SgRqtEBk2rRGxTq0TTWatEMWCrRKBmq0QGbatEZHOrRMt5q0QxgKtEl4arRP6Mq0Rsk6tE
y5mrRDmgq0QQqKtEH62rRGyzq0TLuatEMcCrRJfGq0QGzatEZNOrRMvZq0Q54KtEl+arRP7s
q0Rk86tE+vqrRDkArESXBqxE/gysRGwTrETTGaxEMSCsRJcmrET+LKxEbDOsRMs5rEQ5QKxE
l0asRP5MrERsU6xEy1msRDlgrESgZqxEBm2sRGRzrETLeaxEOYCsRJeGrET+jKxEZJOsRMuZ
rEQxoKxEl6asRP6srERks6xE07msRDHArESXxqxE/sysRGzTrETL2axEOeCsRJfmrEQG7axE
bPOsRMv5rEQxAK1ElwatRP4MrURkE61E0xmtRDEgrUSgJq1E/iytRGQzrUTTOa1EMUCtRJdG
rUT+TK1EbFOtRMtZrUQ5YK1El2atRP5srURkc61Ey3mtRDGArUSXhq1EBo2tRGSTrUTLma1E
OaCtRJemrUT+rK1EZLOtRMu5rUQxwK1EoMatRP7MrURs061E09mtRDHgrUSX5q1EBu2tRGTz
rUTT+a1EMQCuRJcGrkT+DK5EZBOuRMsZrkQxIK5ElyauRP4srkRkM65EyzmuRDFArkSXRq5E
/kyuRGRTrkTTWa5EMWCuRKBmrkT+bK5EZHOuRK57rkS8gK5EoIauRP6MrkRkk65Ey5muRDmg
rkSgpq5E/qyuRGyzrkTLua5EMcCuRJfGrkQGza5EbNOuRMvZrkQx4K5EoOauRP7srkRk865E
y/muRDEAr0SXBq9E/gyvRGwTr0TTGa9EMSCvRKAmr0T+LK9EZDOvRNM5r0Q5QK9El0avRAZN
r0RkU69Ey1mvREFgr0SXZq9E/myvRGRzr0TLea9EOYCvRJeGr0QGja9EbJOvRNOZr0QxoK9E
l6avRAatr0Rks69Ey7mvRDHAr0SXxq9EBs2vRGzTr0TT2a9EMeCvRKDmr0QG7a9EZPOvRNP5
r0QxALBElwawRP4MsERkE7BEyxmwREEgsESXJrBEBi2wRGQzsETLObBEMUCwRJdGsET+TLBE
ZFOwRNNZsEQxYLBEl2awRP5ssERsc7BEy3mwRDGAsESXhrBE/oywRGSTsETTmbBEMaCwRJem
sEQGrbBEZLOwRNO5sEQxwLBEl8awRAbNsERs07BE09mwRDHgsESg5rBEBu2wRGTzsETf+7BE
7QCxRJcGsUT+DLFEZBOxRMsZsUQxILFElyaxRA4tsUR1M7FEyzmxRDFAsUSgRrFEBk2xRGxT
sUTLWbFEOWCxRJdmsUT+bLFEZHOxRMt5sUQxgLFEl4axRP6MsURsk7FE05mxRDmgsUSgprFE
/qyxRGSzsUTLubFEMcCxRJfGsUQGzbFEbNOxRMvZsUQ54LFEoOaxRAbtsURk87FEy/mxRDEA
skSXBrJE/gyyRGQTskTLGbJEOSCyRJcmskT+LLJEZDOyRMs5skQxQLJEl0ayRP5MskRkU7JE
01myRDlgskSXZrJE/myyRGRzskTLebJEMYCyRJeGskQGjbJEZJOyRNOZskQ5oLJEl6ayRP6s
skRss7JE07myRDnAskSgxrJE/syyRGTTskTL2bJEMeCyRJfmskQG7bJEbPOyRMv5skQ5ALNE
lwazRP4Ms0RsE7NE0xmzRDEgs0SXJrNEwi2zRGwzs0TLObNEOUCzRJdGs0T+TLNEZFOzRMtZ
s0Q5YLNEl2azRAZts0Rsc7NEhXuzRJyAs0SXhrNEBo2zRGSTs0TTmbNEMaCzRJems0T+rLNE
ZLOzRMu5s0Q5wLNEl8azRP7Ms0Rs07NEy9mzRDngs0SX5rNEBu2zRGTzs0TL+bNEMQC0RJcG
tET+DLREZBO0RNMZtEQxILREoCa0RP4stERkM7REyzm0RDFAtESXRrRE/ky0RGRTtETTWbRE
OWC0RJdmtEQGbbREbHO0RNN5tEQ5gLREoIa0RP6MtERkk7REy5m0RDGgtESgprREBq20RGSz
tETLubREOcC0RKDGtEQGzbREZNO0RMvZtEQx4LREl+a0RP7stERs87REy/m0RDEAtUSgBrVE
/gy1RGQTtUTTGbVEMSC1RKAmtUQGLbVEZDO1RNM5tUQxQLVEl0a1RAZNtURkU7VEy1m1REFg
tUSXZrVE/my1RGRztUTLebVEOYC1RKCGtUT+jLVEZJO1RNOZtUQxoLVEoKa1RP6stURks7VE
y7m1RDHAtUSgxrVEBs21RGzTtUTT2bVEMeC1RJfmtUT+7LVEZPO1RDn8tURQAbZEoAa2RAYN
tkRkE7ZEyhm2RDEgtkSYJrZEBi22RGQztkTKObZEOUC2RJhGtkT+TLZEbFO2RMpZtkQxYLZE
mGa2RP5stkRkc7ZEynm2RDmAtkSYhrZEBo22RGyTtkTTmbZEOaC2RKCmtkT+rLZEZLO2RNO5
tkQ5wLZEmMa2RP7MtkRk07ZE09m2RELgtkSg5rZE/uy2RGTztkTK+bZEOQC3RJgGt0T+DLdE
ZBO3RNMZt0Q5ILdEmCa3RP4st0RsM7dEyjm3RDFAt0SYRrdEBk23RGRTt0TTWbdEOWC3RKBm
t0QGbbdEZHO3RNN5t0Q5gLdEmIa3RP6Mt0Rsk7dEypm3RDGgt0SYprdE/qy3RGyzt0TTubdE
McC3RJjGt0T+zLdEbNO3RNPZt0Qx4LdEmOa3RP7st0Rs87dEyvm3RDEAuESYBrhE/gy4RGQT
uETKGbhEOSC4RKAmuEQGLbhEbDO4RNM5uEQxQLhEmEa4RP5MuERkU7hEylm4RDFguESYZrhE
/my4RGRzuETne7hE9oC4RJiGuEQGjbhEZJO4RMqZuEQxoLhEmKa4RP6suERss7hEyrm4RDHA
uESYxrhE/sy4RGzTuETK2bhEMeC4RJjmuET+7LhEZPO4RMr5uEQ5ALlEmAa5RP4MuURsE7lE
0xm5RDkguUSYJrlE/iy5RGwzuUTTOblEOUC5RKBGuUQGTblEbFO5RMpZuUQ5YLlEmGa5RP5s
uURsc7lE03m5RDmAuUSYhrlE/oy5RGyTuUTKmblEMaC5RJimuUT+rLlEZLO5RNO5uUQ5wLlE
oMa5RAbNuURs07lE09m5RDnguUSg5rlE/uy5RGTzuUTK+blEMQC6RJgGukQGDbpEbBO6RMoZ
ukQxILpEmCa6RAYtukRkM7pEyjm6RDFAukSYRrpEBk26RGRTukTTWbpEMWC6RJhmukT+bLpE
ZHO6RMp5ukQxgLpEoIa6RP6MukRsk7pE05m6RDGgukSYprpE/qy6RHK0ukTKubpEOcC6RJjG
ukT+zLpEbNO6RMrZukQ54LpEmOa6RP7sukRk87pElfu6RKQAu0SgBrtE/gy7RGQTu0TKGbtE
MSC7RKAmu0T+LLtEbDO7RMo5u0Q5QLtEmEa7RP5Mu0RkU7tEylm7RDFgu0SYZrtEBm27RGRz
u0TKebtE</AssayXData><AssayYData Points="1500">mbOiQPuZokCo86JA7fOiQJzAokBVA6NAYd6iQHjBokDf46JAvfyiQOfbokAaKaNABO2iQAQe
o0AD/KJAqgGjQE8Uo0AD9aJAjy+jQJwMo0B0IaNAKwmjQA4To0DkGaNAUjOjQN4do0BY86JA
HySjQF0lo0AZ/6JAXiijQDQco0B6GqNAOiajQEcwo0BlCqNAeRajQLA5o0CJRKNALfiiQIhE
o0DBMKNAbimjQK0lo0B7OKNAOP+iQJpBo0AHPaNAxhWjQCMqo0CRJaNAlzKjQFcso0D+NqNA
s/uiQANFo0BAMKNAzEmjQE8Qo0DOF6NAVCajQBM3o0AkGaNANGmjQEATo0ArVqNA5CujQAkT
o0CVPqNA5EKjQF8Yo0AgL6NATDqjQCU6o0BnGaNA4xqjQMA7o0DKKqNApyyjQJ8to0A/XaNA
kESjQOE4o0BmL6NAhhOjQLxCo0CSDqNAZRKjQL4vo0DMS6NAnzKjQK84o0BPSaNAMBWjQBAf
o0DaE6NA3zCjQKZeo0BFZKNA9yyjQBRXo0CSUqNAgiujQNMuo0AVOaNADFOjQKc4o0DvXaNA
iGijQIlDo0C9Q6NAGy6jQIU1o0C2YaNAxGKjQHU2o0BwXaNAxVijQAcjo0AMRKNA9FyjQKIz
o0AzTaNAanmjQNRno0CaKKNACFijQEA6o0BqS6NAX0yjQChSo0DRaKNAiDujQJd+o0CfRqNA
p0mjQNaAo0A9RqNAOCejQFlTo0D+W6NAk2GjQD9fo0CDWaNAXWCjQPJYo0C2W6NAFlejQGpl
o0CqbqNAo2CjQKF3o0AzcqNAzVKjQKE+o0CbXKNAYI+jQJ1Lo0D9aKNAH3KjQFVQo0DbV6NA
7VWjQJRPo0BLc6NARj2jQKhpo0DMWaNAHmGjQPRNo0AyUKNAgIWjQHx5o0CxWKNASGWjQMyD
o0AWXqNA64ijQKhco0D3ZKNATmyjQAR8o0AKZ6NAfFijQPh8o0AtWaNAPnKjQEpko0A7haNA
8W2jQIJQo0DSZaNAZU+jQJOAo0Ble6NAN3ajQKaAo0Adh6NAmXCjQFSWo0C5bKNAD1qjQMdD
o0BTb6NAlWGjQOmVo0CzhqNA+V+jQMRxo0Dih6NANXKjQNVuo0BraqNAAHejQN54o0D7gqNA
ToujQABno0B4UaNAArSjQESio0AAmaNASaGjQJ+Fo0D0caNARXOjQJqIo0Auh6NAOY2jQKV7
o0DXiqNASm2jQFaRo0B4WKNAFpKjQMZao0B2XKNAlIGjQCh4o0DvVaNA6mijQOymo0CXq6NA
l0+jQBWoo0CXlqNAtJGjQOuqo0C7kKNALn+jQOyGo0AdgqNA9VajQFJ3o0CPrKNAQ2+jQB+u
o0CeqaNAoKajQL58o0D7jaNASXyjQAuJo0DRt6NAq7yjQCuPo0AZkqNADpGjQJ2Uo0CwhaNA
33mjQBWAo0Cvr6NAkpKjQMGjo0C9kqNAGMGjQFago0DbmqNAqsKjQIaIo0AnsaNASb6jQAOo
o0ATvqNACqujQDKpo0BFg6NA/HSjQOS7o0DFjqNA04WjQJ2To0AYhaNAwXWjQBq1o0AstKNA
v5ijQKbCo0Dew6NAqY6jQOKzo0BYuaNAmp2jQMWno0CavaNASIyjQDK1o0Dj1aNAsryjQDOG
o0At0aNAO6OjQHu7o0BXxKNA0qSjQDSbo0BvnKNApK2jQGdxo0DGo6NAzuWjQNOvo0Bwl6NA
MoajQGK3o0DZqaNA4bOjQLmdo0CXcqNAZpqjQAOZo0BDkqNAkK+jQLWYo0AgcaNAI8mjQGTC
o0D52KNAt9SjQFiUo0B4u6NAqIijQPPgo0DCxaNAG8OjQOXBo0B0q6NA69WjQE67o0BZ1KNA
ssKjQMG/o0Act6NAW66jQE2fo0AMsqNAesKjQJ/Do0DjnKNAxqqjQNrMo0Cn1KNAnsejQDXX
o0CO6KNAvuejQDawo0C/vaNASMujQI7Lo0BOpaNAB/ajQHvgo0BR2qNAJLSjQN28o0D/uKNA
786jQBm0o0Bv0qNAUsujQPrRo0APlKNAd7WjQGnAo0BYzqNAx9yjQOLMo0Djo6NALK+jQPD6
o0BQrKNAWbajQFa2o0BJ3KNAzq+jQOToo0Cq16NA/cyjQMvdo0CY36NACMWjQPzIo0DExKNA
WMmjQHjSo0BhAKRAWtOjQND/o0Ay9qNAS+CjQJbAo0ANuaNAxNijQBzMo0DZx6NAE+mjQNm2
o0DP06NAdtCjQM/To0B11KNAmOWjQOzGo0Bz+aNAt8GjQBnco0D8wqNAWrujQK7Ro0ARz6NA
0NKjQAjwo0CSx6NAOMajQLTco0CQ+aNAmtKjQHrVo0A3/KNA4tCjQMjto0Ah5qNAIdejQFn3
o0BT4aNAgOejQJ/co0Bpy6NA382jQEPQo0CrAqRAq9yjQJLEo0BI+aNAaqyjQHTKo0Du3KNA
ls2jQIO+o0BM9KNAi86jQLG5o0Ac+qNAlPqjQHXlo0Cg0aNAoO+jQKzOo0Cc8qNA0dCjQOfE
o0A38qNAbAukQE+5o0A+EaRAYvejQNjIo0A6yaNAOtujQBTMo0C43aNACdmjQCT8o0ABzaNA
RfajQFjFo0Cny6NAyg6kQGDvo0CT6qNA/+ujQK3/o0AexqNAWdujQGH5o0Aq3aNAw+ijQIjc
o0B/5KNAmsujQNLno0Db5KNAAP6jQKfyo0Bbz6NAn+ajQGTro0CmBaRADMmjQNPmo0Ao+6NA
fNSjQC/eo0B1BaRAXMajQATPo0BJ9qNAG+mjQMvYo0AH7qNAqOmjQM62o0A63qNAUgekQAHH
o0Az06NANv2jQBL1o0Aq0aNAaiKkQNwUpEBz2aNAB9qjQJXzo0CF/qNA1PqjQHb4o0BV2aNA
d/ejQFwEpED65KNAUQakQIPio0Dd/KNAocqjQGfQo0AC7qNAReujQPgBpEBn9qNAY+CjQAHx
o0D796NAEsyjQKH0o0AHCqRAo9WjQDvpo0C07qNAZ+2jQA32o0Avy6NAXv6jQNsPpEB81aNA
d8+jQNDio0Ai8aNAzx2kQF/do0DTGaRAAw+kQHfgo0AH/6NAFgakQGrVo0Dr5qNAQP6jQAvr
o0A+v6NAk82jQBrto0BlB6RAJfejQHbvo0BPx6NAVh2kQB3no0Bc+KNA0QGkQDPho0B3xKNA
oh6kQDnko0BzAaRANhikQAISpEBtDaRAvPyjQHAWpEBHBKRAwBekQEsipEAFDaRAe/ajQP0f
pEDdD6RAxuajQKr1o0Cu/6NAXcSjQOQGpEB7CqRAje+jQNn7o0AH8qNAPA2kQJTro0AZCaRA
FgSkQJTco0Bx8qNANgekQI39o0AfBaRARu2jQFf2o0DYE6RAOhOkQMsNpEDNEKRAuxKkQOIG
pECBCKRA4wOkQEMGpEB9+aNA6COkQEkfpEDQ4qNAxQOkQBvxo0CZCqRAOvyjQPcFpEDX/KNA
SwKkQP0KpEB07KNA8+2jQDEwpEAiAaRAGA2kQIoHpECYCKRAW9GjQMbmo0CSKqRANPGjQJ8g
pEBwCqRAqt+jQBbxo0CdEKRAtBCkQErno0DxKaRAruSjQJkGpEBuF6RA3PujQHnuo0CvGaRA
g/+jQD/mo0CJJaRApQykQCfRo0AgC6RAdxKkQKn9o0DG0aNAmfqjQMX7o0CK+aNAdvGjQBIX
pEAg8aNAwh6kQDYBpEA8FaRADBKkQEgGpEDT7KNAQ+ujQOIapEBXAaRAqt6jQHEOpEBsJaRA
YgykQPoppEC4DaRA5gekQL4epECjCqRA4RqkQO8UpECzFaRAlPKjQFcxpEBw/KNAkOijQFkf
pEDLEKRAzwukQKv0o0A6BKRAU/ejQBzlo0D0DaRABMyjQJkRpECgMaRAr/ijQHHlo0DMJKRA
ejqkQIoHpEByEqRA/hOkQN4HpEBb6KNANu6jQG0TpEDHAqRA4QukQFAQpECR9qNAfyWkQC36
o0AiE6RANyCkQEkKpEB68KNAIS2kQFsOpEBO86NA5h6kQIj0o0Be8aNAzvyjQNwcpECDFqRA
mhGkQE8gpEDNHaRAP86jQGQjpEBtC6RAriCkQKcPpEDAEaRA1QqkQMAGpEDNC6RArvajQDco
pEDCEKRAbyukQM8fpED0IKRAbAGkQHMVpEDYDqRAuwykQMr9o0DoGqRA4QikQGnyo0CFJqRA
OQOkQGAUpEDNLqRAJDSkQIEHpEBwAKRAozCkQCMHpEDBIqRAuvyjQGIOpEDuOKRA9SKkQPv5
o0BrB6RAmBukQAQypECD/qNACw2kQJcbpEBOB6RA//ijQLonpED6G6RA5wWkQDslpEByGaRA
wQSkQJoZpEA4/6NA9vqjQGwLpECeJaRA0/CjQCruo0CgP6RAx/6jQCz2o0DbG6RAkf6jQO30
o0ByAKRAgwOkQMYzpEBh+KNAvDSkQH75o0DzBqRAMyCkQEoWpEDeAKRAxxCkQOABpEBk16NA
RBykQO/9o0CCFKRAUBGkQPsYpEB0IKRAIfajQIskpEAn+6NABBykQP8cpECfJKRAjwmkQFce
pEAQKKRATgekQJ0upEBfDqRADw+kQCU0pEACFKRA+Q6kQIv9o0BwJKRA9PqjQCItpECmRKRA
CvyjQEDuo0Dq/aNAcgSkQP8KpECwJ6RA4gikQFo6pEC6MKRA7TOkQKnyo0CvM6RAqhqkQM0f
pEDj76NA7yqkQEoSpEAZN6RAYCykQJv9o0AJGaRAVUWkQLEEpEDkGKRAkCWkQH38o0D4HKRA
qUOkQLn2o0B79aNAvSikQPAXpEC27qNASQSkQLE5pEDcFqRAmE6kQJMkpEDDDqRA3BKkQGgz
pEC/96NAoyWkQMMQpECoDaRAADakQNjvo0B6CKRAVVCkQDY+pEC/IqRAgS+kQIfxo0ApHaRA
+9ijQE0UpED5HaRAJPajQAkRpED5IaRAIyWkQGcbpEDUC6RAljCkQOMepECyPqRAFwWkQMQm
pEBYAaRABQikQBUqpECeMqRAOD2kQHcZpED09qNA1DGkQCcXpEBiBKRAojqkQIAZpEDMQ6RA
OkqkQDAipEC1BaRA4yWkQHshpEBG56NAsiSkQOIkpEDhHKRAUQ2kQKD5o0CQFaRAIA2kQDAf
pEBaDKRAkA2kQE4kpEC4AKRA4xqkQCUYpED5HaRADTSkQAkXpECsCKRA+RakQB4tpECKLKRA
nQ6kQNYnpEAAQaRAgBukQCMfpED3JaRA2BmkQFgmpEAtKqRAtfyjQKQcpECXQaRAUDCkQDcV
pEA/LaRAnDqkQD4BpEB4BKRAcU6kQM8qpEBZEqRAjR+kQKTuo0ARNaRAuDWkQPscpEBJ5aNA
9B2kQBwUpECZ8qNAiRekQMcrpEBbCqRA1xGkQMkbpEBlGKRADESkQF0FpECbJKRARA2kQGsr
pEDsNaRA2AukQPUgpEAvBKRA7QCkQPgjpEDfOqRAt/2jQK1DpEBH8aNATxqkQIH/o0DoKqRA
BSmkQBv4o0AeCaRA1SKkQPY5pECGHqRAwymkQB0hpEAOKaRAyxqkQFT+o0BTK6RAth2kQBY2
pEAEB6RApTCkQKoqpEAUJ6RA7SWkQIfyo0DZFKRAqC+kQOk0pEDUD6RAeDukQBc6pEBPG6RA
KFCkQMcnpECR9aNAujukQAgJpEAVF6RADQ+kQJ4cpEDFC6RAnRSkQHNGpECkOqRAqg+kQLAj
pEADLKRAbQakQGcjpECdF6RAeAqkQJE+pEDwSKRAyTCkQD8RpEBXHaRAXCikQIgRpEB/N6RA
0hOkQGv2o0DfMqRA5EOkQKwHpECAQqRAFxSkQC8DpECaSaRA3iKkQHoBpEArNaRA6xOkQDj7
o0D7GKRAiz6kQCQhpECSO6RAVVGkQFrso0CE/KNAOyakQOUXpEDeBKRAA0qkQOgppEDZ/aNA
EDCkQM8upEC+FaRApC6kQH4CpEAqBKRAEwekQPE6pEBq+6NA6xekQFM0pECEPaRAgxekQOw0
pEB+C6RAmfOjQDYRpEDBUKRAEuajQLcbpEApGaRA/gikQIQZpEAHRKRATAmkQCTko0ADO6RA
mhCkQC4XpEATJ6RAmQOkQO8gpEDYI6RAlBukQGYNpEAHC6RAehqkQM0RpEARPKRAwiOkQMQg
pEB0FKRAnzGkQP0ypED+MKRA+BWkQMQcpEAGFKRA+EykQLFBpEA+L6RA+B6kQOIYpEAtDqRA
UwKkQF84pEBFJKRAlRCkQGM/pEC7LKRAki6kQC8bpEBVLaRADiekQIIMpEA2GKRA8/ejQNUt
pEATIKRAQAekQM8opEAH8qNA6ACkQMMRpEBMFqRAEfujQF0hpEDkR6RAzPmjQAbjo0DbH6RA
3TGkQLYtpECCMqRA3RikQFoQpEA3JaRA9S6kQLrro0CqMqRA/zSkQAsmpEBx4KNA2jekQKkT
pEB0L6RANTukQJcWpEC7HKRAwx2kQNY0pEBlLqRAuSikQH8BpEAIEqRAeCSkQO8apEDSKqRA
FRSkQDkQpECz56NAugukQFMApED/K6RALg6kQJY6pECYBKRAUR2kQI80pEB+Q6RANTKkQEQi
pEBNGKRA2xGkQFcVpECPNaRAf/ujQG83pECjM6RAjhqkQKT8o0ClOKRA+/6jQOULpEBDFqRA
KzWkQOv2o0CKCqRAYSOkQLHso0B2I6RA5iCkQIH5o0BQIqRA3TCkQPkapEAwMaRAOv2jQP8E
pEC+G6RAu0mkQCA/pEA9CKRAGimkQNA2pEA076NAYfKjQC08pECR96NAbgSkQB8kpEDMBKRA
IxakQGojpEB+6qNADA+kQIYwpEDjSKRA4zekQIcTpECQNqRA3vyjQAoYpEAKNaRAfCekQHIP
pEBzGqRA+OqjQK4ypEDkIaRANyakQNT8o0B5GaRAIh+kQO4apEBeOaRA0yikQBIRpECNHKRA
LPGjQGYNpEAkIKRA2BakQMsGpEDtGaRAoBakQIsApEAeHKRAmhukQM/8o0D2LaRA+RCkQCoS
pEA6IaRABQykQGUnpECCCaRAnPejQD0MpEDsH6RAmxSkQOgHpECP8aNAfiSkQAwppEAg8aNA
Tv6jQBUppEBHEqRA2d2jQJsBpEC/H6RAoBakQDwgpEC9HaRAjxekQLAJpEAmQqRAKxqkQEYD
pECB+aNADBSkQOETpEDXKKRAM+ajQEYLpEAmOqRAyxikQNoVpECmQaRARhWkQOP6o0C/LaRA
LTCkQCsHpEAQC6RA4yWkQG3/o0Cf86NA/CqkQBnro0BbCqRATASkQOYBpEAsGaRAr/WjQGYT
pEBlCKRAfCmkQPwopEAW96NAKvWjQMQvpEBrDaRAlOajQF4jpEAGI6RAce+jQH8SpEC5J6RA
udSjQKMvpECkJaRAPjSkQD0VpED4DKRAXvGjQEcgpEC3A6RAPACkQP/yo0A4GKRA+/CjQLjl
o0DoCqRAJCCkQBMBpEDVJqRAhxekQKwRpEDDJqRA6hukQEcVpEAqGqRAWPejQNv4o0Bn/qNA
YgqkQCvXo0AyLaRA2CCkQJ5FpEBe9qNA4iekQMMApEBx6aNALhqkQOT8o0CKDqRAqxCkQGcy
pEB386NAHx6kQCU1pECsOaRAmCikQF8HpEDX7qNAoBmkQJwQpEBiHaRAc+WjQKb7o0B7CaRA
ke6jQKgspEAMDaRAFSekQOgTpEB3BaRAKRakQIMNpEDFNaRAAg+kQKP2o0DIGaRAw+mjQLvw
o0AeBKRAkgekQBTOo0BGAqRA3SGkQEYApEDRF6RAwi6kQH3zo0ApDqRAXgekQJMjpECi+qNA
DyikQNoHpECREaRACgikQCMcpEDmHKRASTukQFoXpEDyIaRA1wKkQDP2o0CPBqRALDukQH4l
pECSEKRA+SWkQBAVpEBgGaRAjQCkQDYZpECnEKRAEwikQKf6o0Bt/KNAfgSkQBsNpEBM/6NA
UOKjQGonpEBUI6RAqR2kQKr9o0BmGqRAGQ2kQNgHpEBSHqRAWNijQNwCpEC4DKRAyhKkQCkQ
pED0EqRA</AssayYData></Step><Step><CommonData><SampleLocation>5</SampleLocation><SampleID>Glycine</SampleID><SampleGroup></SampleGroup><SampleInfo></SampleInfo><SampleRow>F</SampleRow><SamplePlate>1</SamplePlate><WellType>REGENERATION</WellType><Concentration>-1</Concentration><ConcentrationUnits>µg/ml</ConcentrationUnits><MolarConcentration>-1</MolarConcentration><MolarConcUnits>nM</MolarConcUnits><MolecularWeight>0</MolecularWeight><Temperature>30</Temperature><StartTime>1721937</StartTime><AssayTime>5</AssayTime></CommonData><FlowRate>1000</FlowRate><StepType>KREGENERATION</StepType><StepName>Regeneration</StepName><StepStatus>OK</StepStatus><ActualTime>5.00005</ActualTime><CycleTime>0.2</CycleTime><AssayXData Points="25">MIC7RJaGu0QFjbtEY5O7RMqZu0Q4oLtEn6a7RP2su0Rjs7tEyrm7RDjAu0SWxrtE/cy7RGPT
u0TK2btEMOC7RJ/mu0QF7btEa/O7RNr5u0QwALxEnwa8RAUNvERjE7xEyhm8RA==</AssayXData><AssayYData Points="25">DORFPKhCtb2sixi+phpBvmslaL6+7YS+Q7qQvh1BpL6UALG+x+a/vjDFyL4D39O+PiLevusO
6b52MvC+nA/9vjtXAr+XhQW/tnALv1ekDr+x0RC/C2cTv0gNF79E2hi/Cv0avw==</AssayYData></Step><Step><CommonData><SampleLocation>6</SampleLocation><SampleID>PBS</SampleID><SampleGroup></SampleGroup><SampleInfo></SampleInfo><SampleRow>F</SampleRow><SamplePlate>1</SamplePlate><WellType>NEUTRALIZATION</WellType><Concentration>-1</Concentration><ConcentrationUnits>µg/ml</ConcentrationUnits><MolarConcentration>-1</MolarConcentration><MolarConcUnits>nM</MolarConcUnits><MolecularWeight>0</MolecularWeight><Temperature>30</Temperature><StartTime>1735182</StartTime><AssayTime>5</AssayTime></CommonData><FlowRate>1000</FlowRate><StepType>KREGENERATION</StepType><StepName>Regeneration</StepName><StepStatus>OK</StepStatus><ActualTime>5.00103</ActualTime><CycleTime>0.2</CycleTime><AssayXData Points="25">MCC8RJYmvEQFLbxEazO8RMo5vEQwQLxElka8RAVNvERjU7xEylm8RDBgvESfZrxEBW28RGtz
vETSebxEMIC8RJ+GvET9jLxEY5O8RMqZvEQ4oLxElqa8RP2svERjs7xE0rm8RA==</AssayXData><AssayYData Points="25">CshKQPYCTEA080xAmeFNQAanTkBbOk9AeJtPQIABUEAaNFBAApBQQENVUUBQR1FAXPFRQMZB
UkAXL1JAu1hSQFmkUkD2NVNApvBSQEI0U0CUNFNAl1BTQM3xU0Bb6VNAU/hTQA==</AssayYData></Step><Step><CommonData><SampleLocation>5</SampleLocation><SampleID>Glycine</SampleID><SampleGroup></SampleGroup><SampleInfo></SampleInfo><SampleRow>F</SampleRow><SamplePlate>1</SamplePlate><WellType>REGENERATION</WellType><Concentration>-1</Concentration><ConcentrationUnits>µg/ml</ConcentrationUnits><MolarConcentration>-1</MolarConcentration><MolarConcUnits>nM</MolarConcUnits><MolecularWeight>0</MolecularWeight><Temperature>30</Temperature><StartTime>1748424</StartTime><AssayTime>5</AssayTime></CommonData><FlowRate>1000</FlowRate><StepType>KREGENERATION</StepType><StepName>Regeneration</StepName><StepStatus>OK</StepStatus><ActualTime>5.00005</ActualTime><CycleTime>0.2</CycleTime><AssayXData Points="25">OMC8RErHvEQFzbxEc9O8RNLZvERA4LxEp+a8RAXtvERz87xE2vm8RDgAvUSnBr1EDQ29RGsT
vUTSGb1EOCC9RJ4mvUQNLb1EazO9RNI5vUQ4QL1Ep0a9RAVNvURrU71E0lm9RA==</AssayXData><AssayYData Points="25">8zzEvrpj6r58Y/6+hwEIv8n7Db87nBK/oE0Wv3IBGb8ZMx2/XjMgvy9wIr8Xuya/RZgpv5Yb
Kb8hpCy/SyYuv+bkML8BZzK/a600vz30Nb/BBze/qdk3v4WdOr8nyDq/Ll08vw==</AssayYData></Step><Step><CommonData><SampleLocation>6</SampleLocation><SampleID>PBS</SampleID><SampleGroup></SampleGroup><SampleInfo></SampleInfo><SampleRow>F</SampleRow><SamplePlate>1</SamplePlate><WellType>NEUTRALIZATION</WellType><Concentration>-1</Concentration><ConcentrationUnits>µg/ml</ConcentrationUnits><MolarConcentration>-1</MolarConcentration><MolarConcUnits>nM</MolarConcUnits><MolecularWeight>0</MolecularWeight><Temperature>30</Temperature><StartTime>1761518</StartTime><AssayTime>5</AssayTime></CommonData><FlowRate>1000</FlowRate><StepType>KREGENERATION</StepType><StepName>Regeneration</StepName><StepStatus>OK</StepStatus><ActualTime>5.00005</ActualTime><CycleTime>0.2</CycleTime><AssayXData Points="25">OWC9RJ9mvUQObb1EdHO9RNN5vURBgL1En4a9RA6NvURsk71E25m9RDmgvUSfpr1EBq29RGyz
vUTTub1EQcC9RJ/GvUQGzb1EbNO9RNvZvUQ54L1EqOa9RA7tvURs871E0/m9RA==</AssayXData><AssayYData Points="25">V8RHQHihSEB7tklA875KQM8IS0AiqUtAJCpMQIoJTUDDrExAjIpNQH3TTUDePU5AjHROQHW5
TkBR7k5AAtFOQOkrT0DQfk9APYFPQJC8T0ACClBA7FVQQAqeUECaVFBAWF5QQA==</AssayYData></Step><Step><CommonData><SampleLocation>5</SampleLocation><SampleID>Glycine</SampleID><SampleGroup></SampleGroup><SampleInfo></SampleInfo><SampleRow>F</SampleRow><SamplePlate>1</SamplePlate><WellType>REGENERATION</WellType><Concentration>-1</Concentration><ConcentrationUnits>µg/ml</ConcentrationUnits><MolarConcentration>-1</MolarConcentration><MolarConcUnits>nM</MolarConcUnits><MolecularWeight>0</MolecularWeight><Temperature>30</Temperature><StartTime>1774771</StartTime><AssayTime>5</AssayTime></CommonData><FlowRate>1000</FlowRate><StepType>KREGENERATION</StepType><StepName>Regeneration</StepName><StepStatus>OK</StepStatus><ActualTime>5.00103</ActualTime><CycleTime>0.2</CycleTime><AssayXData Points="25">OQC+RJ8GvkQGDb5EdBO+RNMZvkQ5IL5Enya+RA4tvkR0M75E2zm+REFAvkSfRr5EBk2+RHRT
vkTTWb5EOWC+RJ9mvkQObb5EdHO+RNt5vkRBgL5En4a+RA6NvkRsk75E25m+RA==</AssayXData><AssayYData Points="25">mSLkvuTtAb/gFQy/+L4Sv0gxGL9SKhy/FFYgvxp7Ib+xOSS/J7Ynv0a8Kr+77iy/fdUtv9tc
L7/1uDK//9Uyv2OTNL/lkzW/bp43v2JdOr/9Qjq/nzE9v3DWPL/yrjy/T4Y+vw==</AssayYData></Step><Step><CommonData><SampleLocation>6</SampleLocation><SampleID>PBS</SampleID><SampleGroup></SampleGroup><SampleInfo></SampleInfo><SampleRow>F</SampleRow><SamplePlate>1</SamplePlate><WellType>NEUTRALIZATION</WellType><Concentration>-1</Concentration><ConcentrationUnits>µg/ml</ConcentrationUnits><MolarConcentration>-1</MolarConcentration><MolarConcUnits>nM</MolarConcUnits><MolecularWeight>0</MolecularWeight><Temperature>30</Temperature><StartTime>1788047</StartTime><AssayTime>5</AssayTime></CommonData><FlowRate>1000</FlowRate><StepType>KREGENERATION</StepType><StepName>Regeneration</StepName><StepStatus>OK</StepStatus><ActualTime>5.00103</ActualTime><CycleTime>0.2</CycleTime><AssayXData Points="25">QqC+RLGmvkQXrb5EfbO+RNy5vkRKwL5EqMa+RA/NvkR9075E5Nm+RErgvkSo5r5ED+2+RHXz
vkTc+b5ESgC/RLEGv0QXDb9EdRO/RNwZv0RCIL9EqCa/RBctv0R1M79E5Dm/RA==</AssayXData><AssayYData Points="25">ruNHQKNZSUBuEUpABwNLQOrAS0A5FExArtdMQDIITUAanE1AJfdNQNiNTkBvxk5Aw9dOQEYh
T0AQik9Az6VPQMKwT0ARQ1BAOEVQQMaeUECjeFBAu8JQQIf7UEAvB1FAXjNRQA==</AssayYData></Step><Step><CommonData><SampleLocation>1</SampleLocation><SampleID>Octet Buffer</SampleID><SampleGroup></SampleGroup><SampleInfo></SampleInfo><SampleRow>E</SampleRow><SamplePlate>1</SamplePlate><WellType>BUFFER</WellType><Concentration>-1</Concentration><ConcentrationUnits>µg/ml</ConcentrationUnits><MolarConcentration>-1</MolarConcentration><MolarConcUnits>nM</MolarConcUnits><MolecularWeight>0</MolecularWeight><Temperature>30</Temperature><StartTime>1802297</StartTime><AssayTime>20</AssayTime></CommonData><FlowRate>1000</FlowRate><StepType>CUSTOM</StepType><StepName>Sensor Check</StepName><StepStatus>OK</StepStatus><ActualTime>20.001</ActualTime><CycleTime>0.2</CycleTime><AssayXData Points="100">SkC/RLBGv0QfTb9EhVO/RORZv0RKYL9EsGa/RB9tv0R9c79E5Hm/REqAv0S5hr9EF42/RH2T
v0Tkmb9ESqC/RLmmv0QXrb9EhbO/ROS5v0RKwL9Euca/RB/Nv0R9079E7Nm/RErgv0Sw5r9E
F+2/RIXzv0Tk+b9ESgDARLkGwEQXDcBEfRPAROwZwERSIMBEsCbARBctwESFM8BE5DnAREpA
wESwRsBEF03ARH1TwETkWcBESmDARLBmwEQXbcBEfXPAROx5wERSgMBEsIbARB+NwER9k8BE
5JnAREqgwESwpsBEH63ARH2zwETsucBEUsDARLDGwEQfzcBEhdPAROTZwERK4MBEsObARBft
wESF88BE5PnAREoAwUS5BsFEFw3BRIUTwUTkGcFESiDBRLAmwUQfLcFEhTPBROw5wURSQMFE
uUbBRBdNwUSFU8FE5FnBREpgwUS5ZsFEF23BRIVzwUTkecFESoDBRLmGwUQfjcFEfZPBROSZ
wURSoMFEuabBRB+twUR9s8FE7LnBRA==</AssayXData><AssayYData Points="100">hilIQEDmRUCh8ENA5I9CQGUPQkBdxkFALZ1BQEqNQUDwX0FABl5BQELmQUCx20FArNVBQOVF
QkCrx0JAC+tCQE+UQkAj10JATc9CQD4xQ0AqSkNA+IBDQBJaQ0A2s0NAI6hDQGyGQ0Br+0NA
1fBDQAUrREBoakRA+6NEQMmTREDVk0RAuctEQNTjREA/w0RAdfFEQKkTRUCo+kRAz3VFQPbr
REDCB0VA5kxFQJglRUCmUkVA8rVFQGzsRUDHzkVApf1FQMrbRUBgz0VA9vRFQJ91RkBYRUZA
AShGQJJ3RkDXKUZAxjBGQCJXRkCtkUZAsW1GQKqnRkCzh0ZAWcJGQCT2RkCdzEZAiJ5GQOu+
RkBj00ZAT9xGQGAoR0DL2EZAchJHQFglR0CfKEdAtydHQFVVR0D1UUdASoJHQC78RkAzYUdA
9FFHQGF0R0AogEdAHHxHQIBOR0BCY0dAsPxHQFaUR0BQZkdAAqxHQHjzR0Cw4UdAiwtIQHfy
R0BHhEdAieNHQE4eSEDvEkhAy/JHQA==</AssayYData></Step><Step><CommonData><SampleLocation>9</SampleLocation><SampleID>SI-157C15_P5235</SampleID><SampleGroup></SampleGroup><SampleInfo></SampleInfo><SampleRow>E</SampleRow><SamplePlate>1</SamplePlate><WellType>KLOAD</WellType><Concentration>5</Concentration><ConcentrationUnits>µg/ml</ConcentrationUnits><MolarConcentration>5000</MolarConcentration><MolarConcUnits>nM</MolarConcUnits><MolecularWeight>0</MolecularWeight><Temperature>30</Temperature><StartTime>1831778</StartTime><AssayTime>120</AssayTime></CommonData><FlowRate>1000</FlowRate><StepType>LOADING</StepType><StepName>Loading</StepName><StepStatus>OK</StepStatus><ActualTime>120.001</ActualTime><CycleTime>0.2</CycleTime><AssayXData Points="600">UsDBRLjGwUQfzcFEjdPBROzZwURa4MFEuObBRCftwUSN88FE7PnBRFIAwkS4BsJEHw3CRI0T
wkTsGcJEUiDCRLgmwkQfLcJEjTPCROw5wkRSQMJEuEbCRB9NwkSNU8JE7FnCRFpgwkTBZsJE
J23CRI1zwkTsecJEWoDCRLiGwkQnjcJEhZPCROyZwkRSoMJEuKbCRB+twkSFs8JE9LnCRFrA
wkS4xsJEH83CRI3TwkT02cJEUuDCRLjmwkQn7cJEjfPCROz5wkRSAMNEuAbDRB8Nw0SNE8NE
9BnDRFIgw0S4JsNEJy3DRIUzw0TsOcNEUkDDRMFGw0QfTcNEjVPDROxZw0RSYMNEwWbDRB9t
w0SNc8NE9HnDRFqAw0TBhsNEH43DRI2Tw0TsmcNEUqDDRLimw0QnrcNEhbPDROy5w0RSwMNE
wcbDRCfNw0SF08NEANzDRBfhw0TB5sNEH+3DRIXzw0Ts+cNEUgDERLgGxEQfDcREhRPERPQZ
xERSIMREuCbERCctxESFM8RE7DnERFJAxES4RsREH03ERI1TxETsWcREUmDERLhmxEQfbcRE
hXPEROx5xERSgMREwYbERB+NxESNk8RE9JnERFqgxES4psREJ63ERIWzxETsucREWsDERLjG
xEQfzcREjdPEROzZxERS4MREuObERB/txESN88RE7PnERFoAxUS4BsVEHw3FRIUTxUT0GcVE
UiDFRMEmxUQfLcVEhTPFROw5xURSQMVEuEbFRCdNxUSFU8VE7FnFRFpgxUTBZsVEH23FRI1z
xUTsecVEUoDFRLiGxUQfjcVEhZPFROyZxURSoMVEuKbFRB+txUSNs8VE9LnFRFLAxUTJxsVE
H83FRI3TxUT02cVEWuDFRMHmxUQf7cVEjfPFRPT5xURSAMZEuAbGRB8NxkSFE8ZE9BnGRFog
xkS4JsZEHy3GRIUzxkTsOcZEUkDGRLhGxkQnTcZEhVPGRDFcxkRQYcZEuGbGRCdtxkSFc8ZE
9HnGRFKAxkS4hsZEH43GRI2TxkTsmcZEUqDGRLimxkQfrcZEhbPGROy5xkRSwMZEuMbGRB/N
xkSN08ZE7NnGRFLgxkTB5sZEJ+3GRI3zxkTs+cZEWgDHRLgGx0QnDcdEhRPHRPQZx0RSIMdE
uCbHRB8tx0SFM8dE7DnHRFJAx0TBRsdEH03HRI1Tx0TsWcdEWmDHRLhmx0QnbcdEjXPHRPR5
x0RSgMdEuIbHRCeNx0SNk8dE9JnHRFKgx0TBpsdEH63HRI2zx0T0ucdEUsDHRLjGx0QnzcdE
hdPHROzZx0Ra4MdEuObHRB/tx0SF88dE7PnHRFIAyETBBshEJw3IRIUTyETsGchEWiDIRLgm
yEQfLchEhTPIROw5yERSQMhEwUbIRCdNyESFU8hE7FnIRFJgyES4ZshEH23IRIVzyETsechE
WoDIRMGGyEQfjchEhZPIROyZyERSoMhEwabIRB+tyESFs8hE7LnIRFrAyETBxshEJ83IRI3T
yESF28hEtODIRLjmyEQn7chEhfPIRPz5yERSAMlEuAbJRCcNyUSFE8lE9BnJRFogyUS4JslE
Jy3JRI0zyUTsOclEWkDJRLhGyUQnTclEhVPJRPRZyURSYMlEuGbJRB9tyUSFc8lE9HnJRFKA
yUS4hslEJ43JRIWTyUT0mclEWqDJRLimyUQnrclEhbPJRPS5yURSwMlEwcbJRB/NyUSF08lE
7NnJRFLgyUS45slEJ+3JRIXzyUTs+clEUgDKRLgGykQfDcpEhRPKRPQZykRSIMpEuCbKRB8t
ykSNM8pE7DnKRFpAykTBRspEJ03KRIVTykT0WcpEWmDKRMFmykQfbcpEjXPKROx5ykRSgMpE
wYbKRB+NykSFk8pE7JnKRFKgykS4pspEH63KRIWzykTsucpEUsDKRMHGykQnzcpEjdPKRPTZ
ykRS4MpEuObKRB/tykSF88pE7PnKRFIAy0S4BstEJw3LRIUTy0TsGctEUiDLRMEmy0QfLctE
hTPLROw5y0RSQMtEyUbLRCdNy0SNU8tEEFzLRCdhy0S4ZstEH23LRI1zy0TsectEUoDLRLiG
y0QfjctEhZPLRPSZy0RSoMtEuKbLRB+ty0SNs8tE7LnLRFLAy0S4xstEJ83LRIXTy0T02ctE
UuDLRLjmy0Qn7ctEjfPLRPT5y0RaAMxEwQbMRB8NzESNE8xE7BnMRFogzES4JsxEJy3MRIUz
zETsOcxEWkDMRLhGzEQnTcxEhVPMRPxZzERSYMxEuGbMRCdtzESFc8xE7HnMRFKAzES4hsxE
H43MRIWTzETsmcxEWqDMRLimzEQnrcxEhbPMROy5zERSwMxEuMbMRB/NzESF08xE9NnMRFrg
zETB5sxEH+3MRIXzzETs+cxEUgDNRLgGzUQnDc1EhRPNRPQZzURaIM1EuCbNRCctzUSNM81E
7DnNRFpAzUS4Rs1EJ03NRIVTzUTsWc1EUmDNRLhmzUQfbc1EhXPNRPR5zURagM1EwYbNRB+N
zUSFk81E7JnNRFqgzUS4ps1EH63NRIWzzUT0uc1EUsDNRLjGzUQfzc1EhdPNRL/bzUTd4M1E
uObNRCftzUSN881E9PnNRFoAzkS4Bs5EHw3ORIUTzkT0Gc5EWiDORMEmzkQnLc5EjTPOROw5
zkRSQM5EwUbORB9NzkSFU85E7FnORFJgzkS4Zs5EJ23ORIVzzkTsec5EWoDORLiGzkQnjc5E
jZPOROyZzkRSoM5EwabORB+tzkSFs85E9LnORFLAzkS4xs5EH83ORIXTzkTs2c5EUuDORMHm
zkQn7c5EhfPORPT5zkRSAM9EwQbPRB8Nz0SNE89E7BnPRFogz0S4Js9EHy3PRI0zz0TsOc9E
UkDPRMFGz0QfTc9EhVPPROxZz0RSYM9EwWbPRB9tz0SFc89E7HnPRFqAz0S4hs9EH43PRIWT
z0T0mc9EUqDPRLimz0Qfrc9EhbPPROy5z0RSwM9EwcbPRB/Nz0SN089E7NnPRFLgz0S45s9E
H+3PRIXzz0Ts+c9EUgDQRLgG0EQfDdBEhRPQRPQZ0ERSINBEuCbQRCct0ESNM9BE9DnQRFJA
0ES4RtBEH03QRIVT0ERkW9BEg2DQRLhm0EQnbdBEhXPQRPR50ERagNBEuIbQRB+N0ESFk9BE
7JnQRFqg0ETBptBEH63QRI2z0ET0udBE</AssayXData><AssayYData Points="600">sM5GQL2vR0B2V0hAU01JQE0LSkCh6EpABQlMQP0jTEDPAE1AP/5NQCSYTkDh6U5ARwtQQF+Q
UEBnJlFAFCRSQIOCUkCTFlNA+0NUQCEHVUA1h1VAGGtWQJHVVkC2fldAXxJYQOLAWEBWIFlA
Fd5ZQLSwWkAoIltAjftbQNq+XEAiV11AAeldQPhjXkCU/15A8XlfQFd5YEBPymBAT4dhQIAi
YkBdv2JAZiljQBHYY0BqhmRAnrpkQCurZUC+SmZAaL5mQHEbZ0Dc22dAZU5oQFjPaEDHUWlA
qBBqQFV9akD0/2pATyxrQI+oa0BFHGxANT5tQJdzbUAFQm5ALWZuQBnabkDSW29AZddvQDpH
cEB76nBAJl1xQK3AcUD+P3JAnL5yQC4Cc0C5R3NAezx0QO1EdECbv3RAf6R1QBW+dUD773VA
pVV2QE3ydkDSOHdAwI53QOTPd0BgyHhAqcV4QFlKeUDZm3lA8cF5QF62ekBfv3pAs/B6QIVu
e0D3nXtAb/V7QJlRfEB0o3xAsPl8QPoyfUCl1H1AKip+QK6BfkDhpX5Auwp/QMtcf0Aesn9A
p85/QOwUgEBgLYBAVW6AQE2RgEDsoIBAWP2AQMjDgEBwG4FALR6BQHFdgUDKaYFAOseBQJfk
gUBF64FA3A6CQCA8gkDRV4JAMXqCQLqBgkAkuIJAudaCQDoKg0BmAYNAgAWDQKFCg0Die4NA
VqmDQEOxg0BBxINAVfSDQDwZhEAn+oNA0V2EQPZThECwk4RAinSEQPSphEAtv4RAlQOFQDYG
hUAWNYVAlE2FQBprhUDieIVAqp+FQL6ehUBiuYVAU7qFQI7fhUCB9YVAeCyGQEo8hkBHOYZA
dlGGQI+AhkD8oIZAa6OGQIHdhkCn5oZAEy2HQMX0hkDVLodA2UKHQFRgh0CTeodACpyHQL+j
h0CCsIdABtyHQKG2h0B8EohAmgmIQIQ2iEBWM4hA2jeIQHRMiEAFZIhAuX+IQDCOiEC9w4hA
kreIQNkeiUAhFYlAxhaJQMI8iUCcKIlAAUyJQH9viUAZjIlA7V6JQNeJiUDBlolAnKSJQH+5
iUCMBopAhueJQPD1iUDCGopAxhmKQJoQikC0S4pAGkqKQLNhikC6b4pAaYaKQHyRikBMz4pA
RNGKQNreikBKy4pAJAOLQMwLi0DTDItAIE6LQOtMi0DeRYtAWXiLQHKki0BMWItAanKLQFSp
i0BKwItAk9iLQPrli0AT1ItA3/6LQMkOjEB8E4xA6iSMQEspjEARP4xALEKMQFRXjECYioxA
SnOMQCeVjEDbkoxAZ6eMQCjajECB24xA7OqMQEsCjUAXEY1AxhSNQPzjjEDKPI1Af1ONQFBU
jUC1c41AT2qNQMOOjUBiro1AZZiNQG6GjUAtu41ARsiNQPPCjUBL3I1AvuyNQHHsjUAO4Y1A
pzuOQOD+jUCyCo5AGEeOQPI1jkBPQo5AM32OQGV3jkAjgI5AopWOQGqzjkCmw45AOb2OQDXE
jkAQ2o5A0d6OQJf5jkCz/I5AJfWOQDEOj0DED49AQSKPQNZIj0DcZY9AGDyPQLRxj0AbTI9A
nlqPQMOEj0Ctm49AqI2PQJPJj0A+s49ATLuPQMzFj0AmCJBAROqPQAvsj0Bn7I9APf6PQHwB
kEBfT5BA7yOQQOQzkEB4U5BAL3KQQMZKkECwiJBA+X+QQOuKkECxo5BAuaWQQDqfkECZvpBA
zOuQQBfekEBm4pBAQAiRQBrakEAm7ZBAMiiRQCQGkUAlLZFAIjKRQFpEkUDhYJFAX1ORQIxs
kUA7cJFA13yRQEmOkUDxg5FA6oSRQJy1kUCyy5FAm7GRQL/bkUBC0pFAH+eRQKUHkkDQ7ZFA
aPiRQL7ykUDFIZJAGCOSQH0QkkCIL5JAgTKSQHtWkkCUMpJAnmiSQGdykkBolJJATHSSQBh/
kkAQm5JAUqqSQLuLkkDZtJJAXtCSQNm+kkBVw5JARNGSQEPSkkAo05JA0/ySQCHskkAl85JA
HjKTQE4Vk0A0G5NARiWTQIk3k0CIWZNAdkeTQHBlk0A8T5NAKYGTQECFk0Coh5NAiaKTQEbB
k0CEmpNAUr+TQEidk0AJ0JNAu8OTQGrbk0B4rpNAls+TQIDvk0BT9JNAlAaUQGUylEA275NA
RwCUQDs3lEAiSJRATByUQJ9elEDff5RARluUQBWGlED1bpRAKH6UQEt2lEAadpRAGaOUQLSR
lEBxqZRAgcWUQG+xlEDJ5ZRA976UQKC8lEA72pRAQviUQAPZlEA//pRA0QWVQIsPlUAtF5VA
QyqVQE0mlUAUJpVAjEqVQG4zlUB5O5VAnkuVQHpXlUBKeJVAs2aVQNBtlUDthJVAh4yVQIKc
lUBIk5VAqaiVQCiklUD+spVAn5WVQIK8lUBuyZVADNyVQK3mlUDA3pVAdrqVQJrulUBK3pVA
2N+VQGgdlkBXBZZAgROWQLj9lUByd5ZABiKWQHgylkDPaJZA+ByWQAg/lkD+bJZAcXqWQHd4
lkClbpZAOm6WQNRklkB/YZZAEZaWQNS4lkAdpZZADLSWQLe5lkCJtJZAmcmWQALvlkCG/ZZA
J96WQKTplkAxzpZAEu6WQFADl0AMEZdAbCCXQIo1l0DUCJdAgDOXQMw7l0DXLpdAtSuXQBlJ
l0DOPpdAF1KXQFlSl0AWkJdAVViXQGRql0ANiJdABW2XQI+Il0CflpdA8I6XQEWbl0BqzJdA
WrOXQOu/l0C3ypdAcsqXQM3cl0CH/JdAIN6XQAkamECNIJhARACYQP7ul0Ap+ZdABCOYQIsJ
mEAbLZhADDGYQP4mmED1OphAmWGYQEc7mEABQJhAkKGYQKE9mEDfY5hAPVeYQH2ZmEDdYphA
JaWYQJWmmEBtvJhA4I2YQByqmEAfjZhAkpSYQGHMmEBvxZhAysiYQKLImEAa6JhAqe6YQCzj
mEAu45hAveuYQD79mEDi/ZhAANGYQKb/mEBkCplAqSKZQJAxmUBoXJlAPkGZQLA3mUB4IJlA
NDuZQHRbmUCndplA0TyZQB9mmUCIYZlALXmZQAmImUCdlJlACIGZQLWBmUAwm5lAioKZQPqf
mUBpw5lAAdOZQL2tmUCKv5lAC7qZQK/LmUA/4JlAZgqaQEbhmUDYoZlAdO+ZQBD1mUD98JlA
oxmaQK7vmUA43ZlA4AWaQC8pmkA6GZpA</AssayYData></Step><Step><CommonData><SampleLocation>1</SampleLocation><SampleID>Octet Buffer</SampleID><SampleGroup></SampleGroup><SampleInfo></SampleInfo><SampleRow>E</SampleRow><SamplePlate>1</SamplePlate><WellType>BUFFER</WellType><Concentration>-1</Concentration><ConcentrationUnits>µg/ml</ConcentrationUnits><MolarConcentration>-1</MolarConcentration><MolarConcUnits>nM</MolarConcUnits><MolecularWeight>0</MolecularWeight><Temperature>30</Temperature><StartTime>1961362</StartTime><AssayTime>100</AssayTime></CommonData><FlowRate>1000</FlowRate><StepType>BASELINE</StepType><StepName>Baseline</StepName><StepStatus>OK</StepStatus><ActualTime>100</ActualTime><CycleTime>0.2</CycleTime><AssayXData Points="500">W8DQRMHG0EQozdBEjtPQRPXZ0ERj4NBEwebQRDDt0ESO89BE/fnQRGMA0UTBBtFEKA3RRJYT
0UT1GdFEWyDRRMEm0UQoLdFEjjPRRPU50URjQNFEykbRRDBN0USOU9FE/VnRRFtg0UTBZtFE
KG3RRI5z0UT1edFEW4DRRMGG0UQwjdFEjpPRRPWZ0URjoNFEwabRRCit0USOs9FE/bnRRFvA
0UTKxtFEMM3RRI7T0UT92dFEY+DRRMrm0UQw7dFEjvPRRPX50URjANJEwQbSRCgN0kSWE9JE
/RnSRGMg0kTBJtJEMC3SRI4z0kT9OdJEW0DSRMpG0kQoTdJEjlPSRP1Z0kRbYNJEwWbSRCht
0kSOc9JE9XnSRFuA0kTKhtJEKI3SRI6T0kT9mdJEW6DSRMGm0kQordJEjrPSRPW50kRbwNJE
ysbSRCjN0kSW09JE9dnSRFvg0kTB5tJEKO3SRI7z0kT1+dJEYwDTRMEG00QwDdNEjhPTRPUZ
00RjINNEyibTRCgt00SOM9NE9TnTRFtA00TKRtNEME3TRI5T00T1WdNEY2DTRMFm00QobdNE
jnPTRP1500RrgNNEwYbTRCiN00SOk9NE/ZnTRFug00TBptNEKK3TRI6z00T1udNEW8DTRMrG
00QozdNEltPTRPXZ00Rj4NNEyubTRCjt00SO89NE9fnTRGMA1ETBBtREKA3URI4T1ET1GdRE
YyDURMom1EQwLdREjjPURP051ERjQNREykbURChN1ESOU9RE/VnURGNg1ETBZtREMG3URI5z
1ET1edREW4DURMqG1EQojdRElpPURPWZ1ERboNREwabURCit1ESWs9RE9bnURGPA1ETKxtRE
KM3URI7T1ET12dREW+DURMrm1EQo7dRElvPURPX51ERjANVEygbVRCgN1USWE9VE9RnVRFsg
1UTBJtVEMC3VRJYz1UT9OdVEW0DVRMpG1UQwTdVEllPVRPVZ1URbYNVEymbVRDBt1USOc9VE
9XnVRFuA1UTKhtVEMI3VRI6T1UT1mdVEW6DVRMGm1UQwrdVEjrPVRPW51URjwNVEwcbVRCjN
1USW09VE9dnVRFvg1UTK5tVEKO3VRI7z1UT1+dVEWwDWRMoG1kQoDdZEjhPWRPUZ1kRbINZE
wSbWRCgt1kSOM9ZE9TnWRFtA1kTBRtZEME3WRI5T1kT9WdZEY2DWRMpm1kQobdZElnPWRPV5
1kRjgNZEyobWRCiN1kSOk9ZE9ZnWRFug1kTBptZEKK3WRI6z1kT9udZEW8DWRMHG1kQwzdZE
jtPWRP3Z1kRb4NZEwebWRCjt1kSW89ZE9fnWRFsA10TBBtdEKA3XRJYT10T1GddEYyDXRMom
10QoLddEETTXRPU510RbQNdEykbXRDBN10SWU9dE9VnXRFtg10TKZtdEKG3XRJZz10T1eddE
W4DXRMqG10QwjddEjpPXRPWZ10RboNdEwabXRCit10SOs9dE/bnXRFvA10TBxtdEMM3XRJbT
10T12ddEY+DXRMHm10Qo7ddElvPXRPX510RbANhEwQbYRCgN2ESOE9hE9RnYRFsg2ETBJthE
MC3YRI4z2ET1OdhEY0DYRMFG2EQoTdhEjlPYRPVZ2ERbYNhEymbYRCht2ESOc9hEBXrYRFuA
2ETBhthEMI3YRJaT2ET1mdhEW6DYRMqm2EQwrdhElrPYRPW52ERbwNhEwcbYRCjN2ESW09hE
9dnYRFvg2ETK5thEKO3YRJbz2ET1+dhEWwDZRMoG2UQoDdlElhPZRPUZ2URjINlEwSbZRDAt
2USOM9lE9TnZRGNA2UTBRtlEKE3ZRI5T2UT1WdlEW2DZRMFm2UQwbdlElnPZRPV52URbgNlE
wYbZRCiN2USWk9lE9ZnZRFug2UTKptlEKK3ZRJaz2UT1udlEY8DZRNLG2UQozdlEjtPZRP3Z
2URb4NlEyubZRCjt2USO89lE/fnZRFsA2kTBBtpEKA3aRI4T2kT1GdpEWyDaRMom2kQoLdpE
jjPaRPU52kRbQNpEykbaRChN2kSOU9pE/VnaRGNg2kTBZtpEMG3aRI5z2kT1edpEY4DaRMqG
2kQojdpEjpPaRPWZ2kRboNpEwabaRDCt2kSOs9pE/bnaRGPA2kTKxtpEMM3aRI7T2kT92dpE
W+DaRMHm2kQo7dpEjvPaRP352kRjANtEwQbbRCgN20SOE9tE9RnbRFsg20TKJttEMC3bRI4z
20T9OdtEY0DbRMFG20QoTdtEjlPbRP1Z20RjYNtEymbbRCht20SWc9tE/XnbRFuA20TBhttE
MI3bRI6T20T9mdtEY6DbRMGm20QwrdtEjrPbRPW520RbwNtEysbbRCjN20SW09tE9dnbRFvg
20TB5ttEKO3bRJbz20T1+dtEYwDcRMEG3EQoDdxElhPcRPUZ3ERbINxEwSbcRCgt3ESWM9xE
/TncRGNA3ETBRtxEME3cRI5T3ET1WdxEY2DcRMFm3EQobdxElnPcRAV63ERbgNxEwYbcRCiN
3ESWk9xE9ZncRGOg3ETBptxEKK3cRJaz3ET1udxEW8DcRMrG3EQozdxEjtPcRPXZ3ERb4NxE
webcRDDt3ESO89xE/fncRGMA3UTKBt1EKA3dRI4T3UT9Gd1EYyDdRMEm3UQoLd1EjjPdRPU5
3UQ=</AssayXData><AssayYData Points="500">TcaaQEbymkD2DZtAJSCbQNcdm0CBGZtAYCObQNoym0BqU5tAWDmbQO9Am0BhV5tAKEabQHlC
m0DnUJtAaEebQGpwm0CIdptAaW+bQAdJm0DEYptAXnObQIVLm0BiZJtA34ObQMh4m0CneZtA
VWObQISPm0CfgJtAG2CbQAtgm0DQkJtAhoabQK6Am0CDgZtAjHybQCSLm0D7dZtASWybQLt0
m0BsiZtADGebQKSEm0ApjZtAZWibQKl/m0CEpZtAsYCbQCpzm0ADj5tA8ESbQFCTm0CQd5tA
eIGbQE2Pm0CniptAM5abQIuim0A4uZtAA6ObQNJqm0CAsZtARaabQFKcm0D/gptAhKmbQNGU
m0B6kZtAZKqbQEeCm0DifptAQqubQMKJm0APbptAx6ibQBJsm0D+l5tAqImbQAq2m0BeqZtA
SKqbQBCJm0BcmptAfYabQOW5m0C7q5tAKXabQPWrm0DrjZtAyX+bQJSgm0Bko5tAWrWbQIO9
m0Ary5tAzbObQEDDm0DotptASbebQE2lm0Dcp5tAb6ibQN6fm0CYwJtAy9qbQJ2bm0CKp5tA
dcubQPu0m0Cto5tAiuubQL+ym0CPq5tAlLObQBWtm0BwuJtAn8ObQDikm0Dst5tAUtubQFKh
m0BRp5tAj+ubQBbBm0DFsptAVsqbQCzSm0DBuJtA+8CbQDzYm0DdxptATeObQAbOm0BmvZtA
PuSbQEnQm0A+3ZtATcabQBHFm0DjwJtADNqbQNb9m0CbtZtAIKObQKfCm0BzwptA08KbQMfX
m0DFxptAy9ibQC/um0DNB5xA+MCbQFD7m0DqApxAbQKcQAjjm0C82ZtAS9+bQDrPm0Bh+5tA
MQCcQDzem0Au85tA3eKbQIUDnEDc7ptA0gWcQN8NnEDa8JtAd/ebQOoFnEB775tAm+ebQLoU
nEBL8ptAHQCcQG8OnEByAJxA+wOcQEv+m0DxDJxAjw6cQAT8m0CBFZxAzBCcQHQFnEA54ptA
2PqbQLUZnECk95tAcBCcQIcKnECo/5tA8BecQGw1nEC/ApxAfeibQJoXnEB1ApxAIh+cQIQi
nECAJ5xAA/ybQIEfnEDiN5xAB/ybQPkenEAVFZxAOwycQOoYnEAfFJxAVvKbQCYZnEBa+5tA
SB6cQGQenEBdGZxAgTecQE4inEB5N5xAv0icQD4qnEANOpxAJSScQL0hnEAZPZxAVC+cQLYt
nEADF5xAODecQOgsnEDTMJxAxjWcQGxknEBFKpxASjicQHRKnEAlH5xATT+cQOdLnEBBPJxA
myycQJBlnEAtQ5xAZCmcQDVGnEAbUpxAQiicQMg6nEAQM5xAUBGcQMxCnECte5xApEOcQL91
nEDvQ5xA/zWcQNRGnECWSZxAM1KcQJY/nEAeTJxA0GOcQI8wnEBXYpxAyFycQJUwnEAUb5xA
rmacQC1DnEAzW5xAVTucQChEnEASd5xAgXecQKNLnEAdLJxAbEecQMZDnEBzV5xAWoKcQMJ6
nECGOJxATX6cQEtlnEBMUZxAlFOcQOeCnEClXpxAnl6cQOVsnECBP5xAkWKcQBFwnEBmbZxA
MI+cQF5pnEAnVpxAk32cQOGNnEDrVpxA84CcQJ57nECHmpxAsmecQF2QnEBeepxAImKcQItu
nEACspxA72ycQCiEnEC5cpxAhnScQFtvnEALnJxAOZ2cQASNnEAocpxACIucQBaVnEBUpJxA
ZZ+cQNVinEDja5xApIacQA6KnEAMqJxAX7ucQJeInEB/tJxAs5CcQMJ7nEAKjJxAFbCcQLSl
nEDAlpxAPamcQFSOnECQqZxAAaGcQK7enEAlrJxAMK+cQFGtnEB7u5xAi5acQJnDnEAMoZxA
CoOcQPGlnECwppxA6XqcQLXBnECP25xAerecQHHBnEA/jpxAVY6cQPqnnEAHt5xAHpacQG6Y
nEBvwZxA+MWcQFagnEBi9pxAzJGcQFqQnECT25xATJOcQEbBnECon5xAUbOcQBCfnEDA/JxA
8bOcQOy3nECypZxACOWcQL3GnEDbt5xA4rucQJDCnED2sZxAtO2cQC25nEBduJxAafecQIrZ
nEAGmZxAmNScQLPinECXxJxA/82cQOPmnEBE6ZxADrCcQMP4nEB18pxAwuScQG3anECgyJxA
UMucQCXknEAP5ZxAidCcQFXPnEDt/ZxASdOcQKXCnEAo5ZxAUfKcQMjhnECOGZ1Aqt6cQGLo
nEBbE51AGwWdQGLanECc9ZxA+QidQJ3/nEATEZ1AUe6cQJ0HnUDCCJ1AGQGdQIDsnEBL5JxA
1hOdQAjSnEC4B51ALVCdQJIXnUBp5ZxAJAmdQH/7nEDV/pxAuRydQDolnUDuE51AQBOdQLUq
nUAg55xAu/ucQDgWnUDr/ZxACuycQIAcnUDFKJ1AJRudQLMenUDTC51AjwqdQMc2nUDONJ1A
0h+dQE8SnUCGMZ1Afw6dQMcynUD9I51ADPycQAEZnUD/M51AMB+dQCEWnUCRSJ1ABSudQBUH
nUDfQZ1Aqg2dQAEVnUDCGJ1AkTOdQH4MnUDZIZ1AFjedQPkcnUDWPZ1AGzSdQHhCnUCzJp1A
IDadQBtBnUDPDp1AGUWdQBA/nUDPOJ1AtWmdQHpenUBnFJ1AdDGdQIpMnUDHN51AqymdQIxE
nUA=</AssayYData></Step><Step><CommonData><SampleLocation>2</SampleLocation><SampleID>hsCD3d/e_Acro_CDD-H52W1</SampleID><SampleGroup></SampleGroup><SampleInfo></SampleInfo><SampleRow>E</SampleRow><SamplePlate>1</SamplePlate><WellType>KSAMPLE</WellType><Concentration>-1</Concentration><ConcentrationUnits>µg/ml</ConcentrationUnits><MolarConcentration>50</MolarConcentration><MolarConcUnits>nM</MolarConcUnits><MolecularWeight>0</MolecularWeight><Temperature>30</Temperature><StartTime>2069637</StartTime><AssayTime>180</AssayTime></CommonData><FlowRate>1000</FlowRate><StepType>ASSOC</StepType><StepName>Association</StepName><StepStatus>OK</StepStatus><ActualTime>180.001</ActualTime><CycleTime>0.2</CycleTime><AssayXData Points="900">W0DdRMFG3UQwTd1EllPdRPVZ3URbYN1EymbdRCht3USWc91E9XndRFuA3UTBht1EKI3dRI6T
3UT9md1EY6DdRNKm3UQord1EjrPdRPW53URbwN1EysbdRCjN3USO091E/dndRFvg3UTB5t1E
KO3dRJbz3UT1+d1EWwDeRMEG3kQoDd5EjhPeRP0Z3kRjIN5EwSbeRDAt3kSOM95E9TneRFtA
3kTBRt5EKE3eRI5T3kT9Wd5EW2DeRMpm3kQobd5En3PeRP153kRbgN5EwYbeRCiN3kSWk95E
9ZneRFug3kTBpt5EKK3eRI6z3kT9ud5EW8DeRMHG3kQ4zd5EltPeRP3Z3kRj4N5EyubeRDDt
3kSO895E9fneRFsA30TBBt9EKA3fRI4T30T1Gd9EYyDfRMom30QoLd9EjjPfRAU630RjQN9E
wUbfRDBN30SfU99E9VnfRFtg30TKZt9EKG3fRI5z30T1ed9EW4DfRMGG30Qwjd9ElpPfRPWZ
30RjoN9EyqbfRCit30SOs99E/bnfRFvA30TKxt9EKM3fRJbT30T12d9EY+DfRMHm30Qw7d9E
lvPfRPX530RbAOBEygbgRDAN4ESOE+BE9RngRFsg4ETBJuBEMC3gRI4z4ET1OeBEY0DgRMFG
4EQoTeBEllPgRPVZ4ERbYOBEymbgRCht4ESWc+BE/XngRFuA4ETBhuBEKI3gRI6T4ET9meBE
W6DgRMqm4EQ4reBEjrPgRAW64ERjwOBEwcbgRCjN4ESW0+BE/dngRGvg4ETK5uBEMO3gRI7z
4ET1+eBEWwDhRMEG4UQwDeFEjhPhRPUZ4URbIOFEyibhRCgt4USWM+FE9TnhRGtA4UTBRuFE
KE3hRI5T4UT1WeFEW2DhRMFm4UQwbeFElnPhRPV54URbgOFEyobhRCiN4USOk+FE9ZnhRFug
4UTKpuFEKK3hRJaz4UT1ueFEW8DhRMHG4UQwzeFEltPhRPXZ4URb4OFEwebhRCjt4USO8+FE
9fnhRGMA4kTKBuJEKA3iRI4T4kT9GeJE9yDiRMEm4kQoLeJEjjPiRP054kRbQOJEwUbiRDBN
4kSWU+JE9VniRFtg4kTBZuJEKG3iRJZz4kT9eeJEW4DiRMGG4kQojeJElpPiRP2Z4kRboOJE
wabiRCit4kSOs+JE/bniRFvA4kTKxuJEKM3iRI7T4kT92eJEW+DiRMHm4kQo7eJElvPiRPX5
4kRbAONE0gbjRCgN40SfE+NE/RnjRFsg40TBJuNEKC3jRJYz40T1OeNEY0DjRMFG40QoTeNE
llPjRP1Z40RbYONEwWbjRCht40SOc+NE/XnjRFuA40TKhuNEKI3jRI6T40T1meNEW6DjRMGm
40QoreNEjrPjRPW540RbwONEwcbjRCjN40SO0+NE/dnjRFvg40TK5uNEKO3jRI7z40T1+eNE
YwDkRMEG5EQoDeRElhPkRP0Z5ERjIOREyibkRCgt5ESWM+RE/TnkRFtA5ETBRuREME3kRJZT
5ET1WeREW2DkRMFm5EQobeREjnPkRP155ERbgOREyobkRDCN5ESOk+RE9ZnkRLWg5ETBpuRE
MK3kRJaz5ET1ueREY8DkRMrG5EQozeREltPkRPXZ5ERj4OREwebkRCjt5ESW8+RE/fnkRFsA
5UTBBuVEKA3lRI4T5UT9GeVEWyDlRMEm5UQoLeVEjjPlRPU55URjQOVEykblRDBN5USOU+VE
9VnlRFtg5UTBZuVEMG3lRI5z5UT1eeVEW4DlRMGG5UQwjeVEjpPlRAWa5URjoOVEwablRCit
5USWs+VE/bnlRFvA5UTBxuVEMM3lRI7T5UT12eVEY+DlRMHm5UQo7eVEjvPlRPX55URbAOZE
ygbmRCgN5kSOE+ZE/RnmRGMg5kTKJuZEKC3mRI4z5kT9OeZEW0DmRMpG5kQoTeZEllPmRPVZ
5kRbYOZEymbmRCht5kSOc+ZE9XnmRGOA5kTKhuZEKI3mRI6T5kT9meZEY6DmRMGm5kQoreZE
jrPmRP255kRjwOZEwcbmRDDN5kSO0+ZE/dnmRGPg5kTB5uZEKO3mRJbz5kT9+eZEWwDnRNIG
50QoDedEjhPnRPUZ50RRIedEyibnRCgt50SOM+dE/TnnRGNA50TBRudEME3nRJZT50T1WedE
W2DnRMFm50QobedEjnPnRP1550RjgOdEyobnRCiN50SOk+dE/ZnnRGug50TKpudEKK3nRJaz
50T9uedEW8DnRMHG50QwzedEjtPnRP3Z50Rj4OdEwebnRCjt50SO8+dE/fnnRGMA6ETBBuhE
MA3oRI4T6ET1GehEYyDoRMEm6EQwLehEjjPoRPU56ERbQOhEykboRDBN6ESWU+hE9VnoRGNg
6ETBZuhEMG3oRJZz6ET9eehEY4DoRMGG6EQojehEjpPoRP2Z6ERboOhEwaboRCit6ESWs+hE
9bnoRGPA6ETBxuhEKM3oRI7T6ET12ehEY+DoRMHm6EQo7ehEjvPoRPX56ERbAOlEygbpRDAN
6USOE+lE/RnpRGMg6UTBJulEKC3pRI4z6UT1OelEY0DpRMFG6UQoTelEjlPpRP1Z6URbYOlE
wWbpRCht6USOc+lE/XnpRFuA6UTBhulEKI3pRI6T6UT9melEB6HpRMqm6UQorelEjrPpRP25
6URjwOlEwcbpRCjN6USO0+lE9dnpRGPg6UTB5ulEMO3pRJbz6UT1+elEWwDqRMEG6kQwDepE
lhPqRPUZ6kRjIOpEwSbqRDAt6kSOM+pE9TnqRFtA6kTBRupEME3qRI5T6kT1WepEY2DqRMFm
6kQwbepEjnPqRPV56kRjgOpEyobqRCiN6kSWk+pE/ZnqRGOg6kTKpupEKK3qRI6z6kT1uepE
Y8DqRMrG6kQozepEjtPqRPXZ6kRb4OpEyubqRCjt6kSW8+pE9fnqRFsA60TBButEMA3rRI4T
60T9GetEYyDrRMom60QwLetEjjPrRP0560RbQOtEwUbrRChN60SWU+tE9VnrRGNg60TKZutE
KG3rRJZz60T1eetEY4DrRMGG60QojetElpPrRPWZ60RboOtEyqbrRCit60SOs+tE/bnrRFvA
60TBxutEKM3rRI7T60T92etEW+DrRMHm60Qw7etElvPrRP3560RbAOxEwQbsRCgN7ESWE+xE
/RnsRMUg7ETKJuxEKC3sRJYz7ET9OexEY0DsRMFG7EQoTexEjlPsRPVZ7ERbYOxEwWbsRCht
7ESOc+xE9XnsRGOA7ETBhuxEKI3sRI6T7ET1mexEW6DsRMGm7EQorexEjrPsRP257ERbwOxE
ysbsRCjN7ESf0+xE/dnsRGPg7ETB5uxEKO3sRI7z7ET1+exEWwDtRMoG7UQwDe1EjhPtRP0Z
7URbIO1EwSbtRCgt7USOM+1E/TntRFtA7UTBRu1EKE3tRI5T7UT9We1EW2DtRMFm7UQwbe1E
jnPtRAV67URbgO1EyobtRCiN7USWk+1E9ZntRGOg7UTBpu1EKK3tRJaz7UQFuu1EW8DtRMrG
7UQoze1EjtPtRPXZ7URj4O1EyubtRCjt7USW8+1E9fntRFsA7kTKBu5EKA3uRJYT7kT9Ge5E
WyDuRMEm7kQoLe5EljPuRPU57kRbQO5EwUbuRChN7kSWU+5E9VnuRGNg7kTBZu5EKG3uRI5z
7kT1ee5EW4DuRMqG7kQoje5EjpPuRPWZ7kRboO5EwabuRCit7kSOs+5E9bnuRGPA7kTBxu5E
MM3uRJbT7kT12e5EY+DuRMHm7kQo7e5ElvPuRP357kRbAO9EwQbvRCgN70SWE+9E/RnvRGsg
70TBJu9EMC3vRI4z70T9Oe9Ea0DvRMFG70QwTe9EjlPvRPVZ70RjYO9EwWbvRCht70SWc+9E
9XnvRFuA70TBhu9EMI3vRI6T70T9me9EW6DvRMGm70Qore9ElrPvRPW570RbwO9EwcbvRCjN
70SO0+9E9dnvRGPg70TB5u9EMO3vRI7z70T9+e9EawDwRMoG8EQwDfBEjhPwRPUZ8ERjIPBE
yibwRCgt8ESWM/BE9TnwRGNA8ETBRvBEME3wRJZT8ET1WfBEY2DwRMpm8EQwbfBEjnPwRP15
8ERbgPBEyobwRCiN8ESWk/BE/ZnwRFug8ETBpvBEMK3wRI6z8ET1ufBEY8DwRMHG8EQozfBE
jtPwRPXZ8ERj4PBE0ubwRCjt8ESO8/BE/fnwRFsA8UTBBvFEMA3xRI4T8UT1GfFEByHxRMEm
8UQoLfFEljPxRPU58URjQPFEwUbxRChN8USOU/FE/VnxRGNg8UTBZvFEKG3xRI5z8UT9efFE
Y4DxRMGG8UQojfFEjpPxRPWZ8URboPFEwabxRCit8USOs/FE9bnxRFvA8UTKxvFEKM3xRI7T
8UT12fFEW+DxRMrm8UQo7fFEjvPxRP358URjAPJEwQbyRDAN8kSWE/JE9RnyRFsg8kTKJvJE
KC3yRI4z8kT9OfJEW0DyRMFG8kQoTfJEjlPyRP1Z8kRbYPJEwWbyRCht8kSWc/JE9XnyRFuA
8kTBhvJEKI3yRI6T8kT9mfJEW6DyRMGm8kQorfJElrPyRPW58kRjwPJEysbyRCjN8kSW0/JE
/dnyRFvg8kTz5vJEKO3yRI7z8kT9+fJEWwDzRMoG80QwDfNEjhPzRP0Z80RjIPNEwSbzRCgt
80SOM/NE9TnzRFtA80TKRvNEKE3zRI5T80T1WfNEY2DzRMpm80QobfNEjnPzRPV580RbgPNE
yobzRDCN80SOk/NE9ZnzRFGh80TSpvNEKK3zRI6z80T9ufNE</AssayXData><AssayYData Points="900">+6WcQFXpnEADQZ1AlHidQP90nUCLk51AjLmdQOrOnUDE/Z1At8GdQB/0nUCh9p1ADwyeQFIP
nkCCK55AZS+eQAdDnkBYQZ5A9zieQIZlnkCgdJ5AYWueQN94nkAkTZ5A74meQHN3nkD6hZ5A
IZaeQKPAnkD8kZ5Ak8CeQL6InkBuyp5AQrmeQPudnkCavJ5AVwufQPvknkA25p5AXdWeQHYN
n0B/qp5A9OmeQKYDn0Dt755AEwmfQCEan0DJJJ9A7jWfQGFHn0AxMZ9AcC+fQC0qn0B0O59A
ljmfQENMn0AjWp9AUhyfQMVvn0BCUZ9AkVGfQCxdn0BYcZ9A1F6fQDtun0BRhp9A0XSfQFSl
n0CQfJ9AXG+fQC6gn0Djl59AHKGfQIWKn0BNsZ9AXKSfQPa+n0BrkZ9AHKafQATWn0CNsZ9A
cOOfQP3Pn0CXuJ9AGKufQIHin0Bu9Z9A3M2fQM7on0Cdz59ASeOfQPLen0DNA6BAb/yfQAIb
oECW6Z9AIROgQIwaoEDjCKBAwC2gQFQBoEDy/59AXhagQBcUoECYOaBARjSgQOotoEDmKqBA
8SmgQHUdoEDPOKBAJyOgQBNVoEAuMqBA+EOgQEBCoEAyX6BAXFigQD1FoEA7c6BA7GqgQKpQ
oEAgV6BAIEagQIpfoEBbTaBAHWWgQJhioEDJeKBABpCgQAqBoEAxoKBANX2gQGl6oECae6BA
R3qgQDO1oEAqlqBAj4+gQH+aoEDDrKBA/JagQCOooEDSp6BACqqgQNTOoEA2n6BAirygQKe9
oEACuaBA4vSgQFvUoEA45qBAL96gQC/MoED5xqBAMdCgQKzJoEAv26BATrugQEoZoUBd16BA
LdCgQM2ToEADC6FAJ+6gQNnYoECM+aBAFxqhQLMLoUChB6FAeA6hQO7toEBGEaFAzBOhQKcw
oUDDEaFASRqhQNgRoUDUC6FAGxChQNEYoUD4N6FAvgmhQFRCoUCzPqFAZhuhQCA6oUCpPqFA
TyahQEdWoUB9OaFA+0OhQDhZoUAzRqFARTKhQG9MoUCCRqFArEOhQNt0oUBCTqFAcF+hQG9u
oUB/caFAQ1uhQJdxoUAYVKFAJYahQG9uoUAHYKFA72mhQGSKoUDiXKFAhFChQEdroUB7d6FA
FqWhQOJaoUBzYaFAZIChQEt+oUAUt6FAuHqhQK6EoUDHlKFAzYmhQAeYoUDuraFAEb2hQKGt
oUBzqqFAIKKhQP29oUAhwaFAtLOhQJbooUBtmqFAncehQOvWoUBEsqFAUeChQNy+oUBCtKFA
BOWhQPfSoUCJnKFAj8ShQJzYoUCfrqFAVOahQKkBokCnvKFArsKhQFraoUC6yaFA88qhQHrn
oUDQFqJAIOehQH33oUAi/KFAau2hQPDuoUAjC6JAwwyiQLrtoUAFFKJAMPihQIbhoUCc9KFA
xyOiQBTfoUD0DqJAVwKiQGIeokCVDqJABwaiQPExokAnEKJAxxqiQA8cokBMP6JA4DqiQAlD
okDMP6JAdTqiQAInokA1IKJAMSKiQG44okAGN6JAh0WiQONaokAmHqJAJD6iQAZKokCBNKJA
plSiQKBKokDyTaJArk6iQPVfokAMY6JATDqiQGpsokCJU6JA1FiiQGeaokA+WKJAOliiQO90
okBefaJACF2iQIdeokAHjKJAQ1iiQL2FokDRmaJAgWmiQKZsokD5h6JAaneiQFt8okDme6JA
BpSiQFRiokB2k6JAQX6iQB18okCcnqJACKiiQDCKokDFe6JA+JiiQDCdokBYjaJA7p+iQKig
okDUlKJA1qeiQDqOokBtq6JAT6OiQFm8okBxrqJAOJmiQPezokBcg6JAhKmiQA7HokB/q6JA
5siiQF/cokCfxKJAKNmiQNHNokAboKJAHbSiQDXgokAF7qJAyMeiQPDbokD25qJAGMKiQIzn
okC12KJAs8uiQGjiokAZDqNAa9CiQGHkokDt1qJAzMeiQMzookBZAqNANPmiQOkCo0Dz/qJA
NgijQKD5okD1GKNATCajQOwKo0CeLqNAXxujQJvZokBmAKNAnQqjQCAQo0DgA6NAux6jQAAP
o0B9B6NAbCmjQN4Vo0BFJKNAajijQDsto0DkG6NApTWjQNIgo0AC+KJAu0ejQJIzo0AjDqNA
rlGjQCkpo0BJM6NAzEKjQFUvo0AZSaNA6yWjQCpBo0B/Q6NAZUejQC9Ho0A5N6NAuUGjQEcr
o0A0NaNAAUijQE43o0AmdqNAlVCjQJM0o0DZVaNA8T6jQIBOo0BxWKNA8UyjQB5Mo0BtW6NA
/FGjQCdQo0AMXKNA4FKjQBBpo0CEkaNAkkCjQOp8o0A6aaNArH2jQE1/o0DQSKNA7JejQJyH
o0AigKNAMZOjQJ14o0BUlaNAlJGjQKlwo0DdiKNAxmCjQEmMo0CFkaNAtpqjQMVto0ANj6NA
2XyjQHx6o0CEiKNAHnujQDSso0Byp6NAK5ejQKJ8o0AYnqNArrajQGKgo0DAvaNABsmjQEuR
o0BHsaNANZSjQE6Eo0DNxKNAdNGjQLvBo0DDwaNA/7OjQMK3o0BHuaNA3sWjQNu0o0DBsaNA
JNKjQH7Io0BY8KNAA+SjQDrTo0AXuaNAKOujQEfWo0C65aNAye6jQDf4o0CTy6NAe7+jQF/h
o0DmzaNAHPajQNr2o0D966NAfs+jQJvro0AsEqRAuwOkQCHxo0CR7qNAOQWkQPv6o0D/96NA
cPGjQG8CpEDE6KNAaBmkQH8MpEDb96NA7/KjQK/3o0DzDaRAMROkQCQYpEAZ46NAVvijQPcJ
pEAfGKRAtxCkQDr6o0DW6qNAWw2kQCzto0CFG6RA/TukQPALpEDsLKRAyi+kQIVApEDRHKRA
N0ekQMYZpEBFEqRAuVSkQPA8pEDBC6RAhj2kQAEwpECiHaRAYymkQL5YpEBzLKRA0U2kQMon
pED8KaRAejukQH8spEDESqRA0ECkQGc7pEC+N6RA0y+kQA9ypEAeTaRA2B+kQMRCpEC/X6RA
kTWkQCFDpECEVaRA+EGkQOxXpECqkKRAUkGkQLqLpECvRKRAIkukQM8/pEDpfqRA6FqkQCt4
pEAAg6RAmV2kQNxipEDCV6RAIGukQD1fpEDnhqRAuZOkQBaApEBsXKRATpGkQIVfpEBPfaRA
PnSkQH1zpECeeqRAtXqkQG1tpEDqbaRAEm6kQBqDpECfhaRAVJCkQB56pECYaaRAEmCkQBmh
pEBedaRAzI+kQPKgpEBinaRA3ICkQDyapED8maRA6qmkQIyWpEDNqqRAeaKkQIh7pED0qKRA
UJ6kQI+lpEBBzqRA+MikQB/PpEBCnaRAEMekQC2bpEA02aRA2NOkQFq3pEA6sKRA6OSkQJPP
pEDFu6RAg7ukQCCmpEBmuaRAl9+kQEa4pEDd2aRAiNOkQGH/pEDyyKRAzs2kQGPBpECWsqRA
5PCkQLLrpECEx6RAetKkQAHcpEBR4KRAb9WkQODepECfrqRACM6kQH7cpEByt6RANemkQG0E
pUDl2aRAg66kQPgDpUC496RAQO2kQETkpEA41qRAreukQOsUpUCJ5qRA4vmkQLXepED39qRA
4OykQILmpEC/AKVATw6lQEjapED4CaVAtQilQNXdpEC9HaVAbgalQHsSpUA+A6VAcBWlQDfh
pEB6z6RAot6kQLz+pEBs6qRA5ySlQJBDpUAqDqVAlzGlQJTspEBM/6RAsR2lQIojpUA4/6RA
9BWlQGUWpUBk8KRAFzalQBgrpUC0GKVAgiGlQAJLpUBfKqVAHjOlQAoupUDKFqVAUxilQNgd
pUDZKaVA2i+lQAc6pUBzLaVAC0GlQO4ipUCcQ6VApU2lQAZKpUChS6VAOyKlQAYPpUDZVaVA
N12lQI0/pUDRQqVAN0alQHw9pUBRV6VAKXKlQPo/pUAXLqVAfjilQDNXpUDOR6VA6UmlQAFZ
pUCgaKVAlFGlQOJVpUCXYqVAamKlQIBWpUB/HqVARH6lQDBdpUAkQaVAP3elQPxwpUD1aaVA
QJelQBVwpUCveqVAKmClQDhjpUABRaVAUGilQHdJpUAhb6VA0nulQB5lpUCUhqVAzISlQOWh
pUAvY6VAgoClQFNKpUCDgaVAbImlQHCFpUAxbaVANZClQOF7pUCma6VAx46lQIGCpUCJiaVA
FaClQOxjpUCxt6VAwbGlQLuQpUC0hqVA0qGlQMmJpUChg6VAzpylQDdRpUBkxaVA8KelQIFy
pUDrqqVAlaalQL5/pUD7jKVAzMWlQGqFpUBOmKVAD6qlQL6hpUDOrKVAAaqlQIi2pUApqqVA
npqlQC6jpUAnpqVAMLSlQE3WpUAGnKVA9JalQHzHpUCvrKVAD6ylQL/KpUCfkqVAV8OlQIKq
pUA2yaVA8qylQJiepUAUs6VAUp6lQC/BpUAj5qVArMylQEy0pUCg0KVAxeWlQGSlpUDZyKVA
j8ylQICwpUBs1qVADr+lQKSWpUDY06VAzNilQHTcpUBx66VAC9GlQALepUA91aVAQfWlQDnl
pUCl4KVA3PSlQEfzpUDUxKVAt8WlQB7rpUC8w6VAAualQKPbpUDi36VAitGlQPkUpkDb/qVA
8ealQJr6pUBl96VA4/ClQHcBpkDf5KVAvvmlQB37pUCRAqZAXuulQJEJpkBR9qVAOdalQIwP
pkBx+aVAs/elQMT5pUAp96VAkAqmQGL6pUA+JaZARP+lQAMFpkDxC6ZADSKmQJEWpkCwHqZA
xCimQNf6pUBZIaZAWzSmQJ1IpkAG/aVAVFemQGsSpkBcLqZA</AssayYData></Step><Step><CommonData><SampleLocation>1</SampleLocation><SampleID>Octet Buffer</SampleID><SampleGroup></SampleGroup><SampleInfo></SampleInfo><SampleRow>E</SampleRow><SamplePlate>1</SamplePlate><WellType>BUFFER</WellType><Concentration>-1</Concentration><ConcentrationUnits>µg/ml</ConcentrationUnits><MolarConcentration>-1</MolarConcentration><MolarConcUnits>nM</MolarConcUnits><MolecularWeight>0</MolecularWeight><Temperature>30</Temperature><StartTime>2258048</StartTime><AssayTime>300</AssayTime></CommonData><FlowRate>1000</FlowRate><StepType>DISASSOC</StepType><StepName>Dissociation</StepName><StepStatus>OK</StepStatus><ActualTime>300</ActualTime><CycleTime>0.2</CycleTime><AssayXData Points="1500">ZMDzRMrG80Q5zfNEl9PzRAba80Rk4PNEyubzRDHt80SX8/NE/vnzRGwA9ETKBvREMQ30RJcT
9EQGGvREbCD0RMom9EQxLfREnzP0RAY69ERkQPRE00b0RDFN9ESfU/REBlr0RGRg9ETTZvRE
MW30RJ9z9ET+efREZID0RMqG9EQxjfREn5P0RP6Z9ERkoPREyqb0RDmt9ESXs/REBrr0RGTA
9ETTxvREOc30RJfT9ET+2fREbOD0RMrm9EQx7fREl/P0RAb69ERsAPVE0wb1RDEN9URLFPVE
/hn1RGQg9UTKJvVEMS31RJcz9UQGOvVEZED1RMpG9UQxTfVEn1P1RAZa9URkYPVEymb1RDlt
9USXc/VE/nn1RGSA9UTKhvVEOY31RJeT9UT+mfVEZKD1RMqm9UQ5rfVEn7P1RP659URswPVE
ysb1RDnN9USX0/VE/tn1RGTg9UTK5vVEMe31RJfz9UT++fVEZAD2RMoG9kQ5DfZElxP2RAYa
9kRsIPZEyib2RDkt9kSfM/ZEBjr2RGRA9kTKRvZEMU32RJdT9kQOWvZEbGD2RMpm9kQ5bfZE
n3P2RP559kRsgPZEyob2RDmN9kSXk/ZE/pn2RGSg9kTKpvZEMa32RJ+z9kT+ufZEZMD2RNvG
9kQxzfZEn9P2RP7Z9kRk4PZE0+b2RDnt9kSX8/ZE/vn2RGQA90TKBvdEMQ33RJcT90T+GfdE
bCD3RMom90Q5LfdElzP3RAY690RkQPdEykb3RDFN90SfU/dE/ln3RGxg90TKZvdEOW33RJ9z
90QGevdEZID3RMqG90Q5jfdEApT3RP6Z90RsoPdEyqb3RDGt90SXs/dE/rn3RGzA90TKxvdE
Mc33RJfT90T+2fdEZOD3RMrm90Q57fdEl/P3RP7590RsAPhEygb4RDEN+ESfE/hEBhr4RGQg
+ETKJvhEOS34RJ8z+EQGOvhEbED4RMpG+EQxTfhEl1P4RP5Z+ERsYPhEymb4RDlt+ESXc/hE
Bnr4RGyA+ETKhvhEMY34RJ+T+ET+mfhEZKD4RNOm+EQxrfhEl7P4RAa6+ERkwPhEysb4RDHN
+ESX0/hE/tn4RGTg+ETT5vhEOe34RJ/z+EQG+vhEbAD5RMoG+UQxDflEnxP5RP4Z+URkIPlE
0yb5RDEt+USXM/lE/jn5RGRA+UTKRvlEMU35RJdT+UT+WflEbGD5RMpm+UQxbflEl3P5RP55
+URkgPlEyob5RDmN+USXk/lE/pn5RGSg+UTTpvlEOa35RJ+z+UT+uflEbMD5RMrG+UQxzflE
n9P5RP7Z+URk4PlEyub5RDnt+USf8/lE/vn5RGQA+kTKBvpEMQ36RKgT+kQGGvpEZCD6RMom
+kQxLfpElzP6RP45+kRkQPpE00b6RDFN+kSXU/pEVFz6RHJh+kTKZvpEMW36RJdz+kT+efpE
ZID6RMqG+kQxjfpEl5P6RP6Z+kRkoPpEyqb6RDmt+kSXs/pE/rn6RGzA+kTKxvpEOc36RJfT
+kT+2fpEZOD6RNPm+kQx7fpEl/P6RP75+kRsAPtEygb7RDEN+0SXE/tEBhr7RGQg+0TKJvtE
MS37RJcz+0T+OftEZED7RMpG+0QxTftEn1P7RP5Z+0RkYPtEymb7RDlt+0Sfc/tE/nn7RGSA
+0TKhvtEMY37RJeT+0T+mftEZKD7RNOm+0QxrftEn7P7RP65+0RkwPtEysb7RDHN+0SX0/tE
/tn7RGTg+0TT5vtEMe37RJfz+0T++ftEZAD8RNMG/EQxDfxEnxP8RP4Z/ERkIPxEyib8RDkt
/ESfM/xE/jn8RGxA/ETTRvxEOU38RJ9T/ET+WfxEbGD8RNNm/EQxbfxEl3P8RP55/ERsgPxE
yob8RDGN/ESfk/xE/pn8RGyg/ETKpvxEMa38RJez/ET+ufxEZMD8RMrG/EQxzfxEl9P8RAba
/ERs4PxEyub8RDHt/ESf8/xE/vn8RGQA/UTKBv1EOQ39RJcT/UQGGv1EZCD9RMom/UQxLf1E
lzP9RP45/URkQP1Eykb9RDFN/USXU/1E/ln9RGxg/UTTZv1EMW39RJ9z/UT+ef1EZID9RNOG
/UQ5jf1El5P9RP6Z/URsoP1E06b9RDGt/USXs/1E/rn9RGTA/UTKxv1EOc39RJfT/UQG2v1E
ZOD9RMrm/UQ57f1El/P9RAb6/URkAP5Eygb+RDkN/kSXE/5E/hn+RGQg/kTKJv5EMS3+RJcz
/kQGOv5EZED+RNNG/kQxTf5En1P+RP5Z/kRkYP5E02b+RDFt/kSfc/5EBnr+RGyA/kTKhv5E
MY3+RJ+T/kQGmv5EZKD+RNOm/kQxrf5El7P+RP65/kRkwP5Eysb+RDnN/kSf0/5E/tn+RGTg
/kTK5v5EMe3+RJfz/kQG+v5EZAD/RNMG/0QxDf9EnxP/RAYa/0RkIP9E0yb/RDkt/0SfM/9E
/jn/RGRA/0TTRv9EOU3/RJ9T/0QGWv9EZGD/RMpm/0Qxbf9El3P/RP55/0RkgP9Eyob/RDGN
/0Sfk/9EBpr/RGSg/0TKpv9EMa3/RJ+z/0T+uf9EZMD/RMrG/0Q5zf9En9P/RAba/0Rk4P9E
0+b/RDnt/0SX8/9EBvr/RDYAAEVlAwBFnAYARdQJAEUDDQBFMhAARWUTAEWcFgBFzBkARQMd
AEUyIABFZSMARZgmAEXMKQBF/ywARTIwAEVpMwBFmDYARdA5AEX/PABFNkAARWlDAEWYRgBF
zEkARf9MAEUyUABFZVMARZhWAEXMWQBF/1wARTJgAEVlYwBFmGYARdBpAEX/bABFMnAARWlz
AEWcdgBFzHkARf98AEUygABFaYMARZyGAEXQiQBFB40ARTaQAEVpkwBFmJYARcyZAEUDnQBF
NqAARWmjAEWYpgBFzKkARf+sAEUysABFabMARZy2AEXMuQBFA70ARTLAAEVpwwBFmMYARdzJ
AEX/zABFMtAARWXTAEWY1gBF1NkARf/cAEU24ABFaeMARZzmAEXM6QBF/+wARUTxAEXI8wBF
nPYARcz5AEX//ABFMgABRWkDAUWYBgFF0AkBRf8MAUUyEAFFaRMBRZgWAUXQGQFF/xwBRTIg
AUVlIwFFnCYBRcwpAUX/LAFFMjABRWkzAUWYNgFFzDkBRf88AUU2QAFFaUMBRZhGAUXMSQFF
/0wBRTZQAUVlUwFFmFYBRcxZAUX/XAFFNmABRWljAUWYZgFFzGkBRf9sAUUycAFFaXMBRZx2
AUXQeQFFA30BRTKAAUVlgwFFmIYBRcyJAUUDjQFFMpABRWmTAUWclgFFzJkBRQOdAUUyoAFF
ZaMBRZimAUXMqQFFA60BRTKwAUVpswFFmLYBRcy5AUUDvQFFNsABRWXDAUWcxgFF0MkBRQPN
AUUy0AFFZdMBRZzWAUXM2QFFA90BRTLgAUVl4wFFmOYBRdDpAUX/7AFFMvABRWXzAUWc9gFF
zPkBRQP9AUUyAAJFZQMCRZgGAkXwCQJF/wwCRTIQAkVpEwJFmBYCRdAZAkX/HAJFOiACRWkj
AkWYJgJF0CkCRQMtAkU2MAJFZTMCRZw2AkXQOQJF/zwCRTJAAkVlQwJFnEYCRdBJAkX/TAJF
MlACRWVTAkWcVgJFzFkCRf9cAkUyYAJFZWMCRZhmAkXQaQJF/2wCRTJwAkVpcwJFmHYCRdB5
AkX/fAJFNoACRWWDAkWYhgJFzIkCRf+MAkUykAJFZZMCRZiWAkXQmQJF/5wCRTagAkVpowJF
nKYCRcypAkUDrQJFNrACRWWzAkWYtgJFzLkCRf+8AkUywAJFacMCRZzGAkXMyQJFA80CRTbQ
AkVl0wJFnNYCRdDZAkX/3AJFMuACRWnjAkWY5gJFzOkCRf/sAkUy8AJFafMCRZj2AkXM+QJF
A/0CRTYAA0VlAwNFmAYDRcwJA0X/DANFMhADRWkTA0WYFgNF0BkDRQMdA0UyIANFZSMDRZwm
A0XMKQNFAy0DRTIwA0VpMwNFmDYDRcw5A0UDPQNFMkADRWVDA0WYRgNF0EkDRf9MA0UyUANF
ZVMDRZhWA0XQWQNFA10DRTJgA0VlYwNFmGYDRcxpA0X/bANFNnADRWVzA0WYdgNFzHkDRf98
A0UygANFZYMDRZiGA0XMiQNF/4wDRTaQA0VlkwNFnJYDRcyZA0UDnQNFMqADRWWjA0WcpgNF
zKkDRf+sA0U2sANFabMDRZi2A0XMuQNF/7wDRTLAA0VlwwNFmMYDRczJA0X/zANFNtADRWnT
A0WY1gNFzNkDRf/cA0Uy4ANFZeMDRZzmA0XM6QNFA+0DRTLwA0Vl8wNFmPYDRdD5A0UD/QNF
MgAERWUDBEWcBgRF0AkERf8MBEUyEARFZRMERZgWBEXQGQRFAx0ERTIgBEVlIwRFmCYERdAp
BEUDLQRFNjAERWUzBEWcNgRFzDkERf88BEUyQARFZUMERZhGBEXMSQRF/0wERTJQBEVlUwRF
mFYERcxZBEX/XARFMmAERWVjBEWYZgRFzGkERf9sBEU2cARFZXMERZh2BEXMeQRF/3wERTKA
BEVlgwRFmIYERWOKBEUDjQRFMpAERWmTBEWYlgRF0JkERf+cBEUyoARFZaMERZymBEXQqQRF
/6wERTKwBEXYswRFnLYERcy5BEUDvQRFMsAERWXDBEWYxgRF0MkERf/MBEUy0ARFadMERZzW
BEXM2QRF/9wERTLgBEVl4wRFmOYERczpBEX/7ARFMvAERWXzBEWY9gRF0PkERf/8BEUyAAVF
ZQMFRZgGBUXQCQVFAw0FRTIQBUVlEwVFnBYFRdAZBUX/HAVFNiAFRWUjBUWYJgVFzCkFRQMt
BUU2MAVFZTMFRZw2BUXMOQVFAz0FRTJABUVlQwVFnEYFRdBJBUX/TAVFMlAFRWlTBUWcVgVF
zFkFRf9cBUU2YAVFZWMFRZxmBUXMaQVF/2wFRTJwBUVpcwVFnHYFRcx5BUUDfQVFMoAFRWWD
BUWYhgVFzIkFRf+MBUUykAVFZZMFRZiWBUXQmQVF/5wFRTKgBUVlowVFmKYFRcypBUX/rAVF
MrAFRWWzBUWYtgVFzLkFRQO9BUU2wAVFZcMFRZzGBUW9ygVFSM0FRTLQBUVl0wVFnNYFRczZ
BUUD3QVFNuAFRWnjBUWc5gVF0OkFRf/sBUUy8AVFafMFRZj2BUXQ+QVFA/0FRTIABkVlAwZF
nAYGRdAJBkX/DAZFNhAGRWkTBkWYFgZFzBkGRf8cBkUyIAZFaSMGRZgmBkXMKQZFAy0GRTIw
BkVpMwZFnDYGRcw5BkUDPQZFMkAGRWlDBkWYRgZFzEkGRQNNBkUyUAZFaVMGRZhWBkXMWQZF
/1wGRTJgBkVpYwZFmGYGRcxpBkX/bAZFMnAGRWVzBkWYdgZFzHkGRQN9BkUygAZFaYMGRZyG
BkXQiQZF/4wGRTKQBkVpkwZFmJYGRcyZBkUDnQZFNqAGRWWjBkWYpgZF0KkGRQOtBkUysAZF
abMGRZy2BkXQuQZF/7wGRTLABkVpwwZFmMYGRdDJBkX/zAZFMtAGRWXTBkWY1gZF0NkGRf/c
BkU24AZFaeMGRZjmBkXM6QZFA+0GRTbwBkVl8wZFmPYGRdD5BkUD/QZFMgAHRWkDB0WYBgdF
mAoHRSQNB0UyEAdFZRMHRZwWB0XMGQdF/xwHRTYgB0VlIwdFnCYHRdApB0UDLQdFNjAHRWUz
B0WcNgdF0DkHRf88B0U2QAdFZUMHRZhGB0XMSQdF/0wHRTJQB0VpUwdFnFYHRcxZB0X/XAdF
MmAHRWljB0WYZgdFzGkHRf9sB0UycAdFZXMHRZh2B0XQeQdF/3wHRTKAB0VlgwdFmIYHRdCJ
B0X/jAdFMpAHRWWTB0WYlgdF0JkHRf+cB0UyoAdFaaMHRaGmB0XQqQdF/6wHRTKwB0VlswdF
mLYHRcy5B0X/vAdFMsAHRWXDB0WYxgdFzMkHRf/MB0Uy0AdFZdMHRZzWB0XQ2QdFA90HRTLg
B0Vt4wdFmOYHRdDpB0X/7AdFMvAHRWnzB0Wc9gdFzPkHRQP9B0UyAAhFZQMIRZgGCEXMCQhF
Aw0IRTIQCEVlEwhFmBYIRcwZCEX/HAhFMiAIRWUjCEWcJghFzCkIRf8sCEUyMAhFZTMIRaE2
CEXQOQhFAz0IRTZACEVpQwhFmEYIRa1KCEU0TQhFMlAIRWVTCEWYVghFzFkIRQNdCEUyYAhF
aWMIRZxmCEXQaQhF/2wIRTJwCEVlcwhFcncIRf15CEX/fAhFNoAIRWWDCEWYhghFzIkIRf+M
CEUykAhFZZMIRZyWCEXMmQhF/5wIRTagCEVpowhFnKYIRcypCEUDrQhFMrAIRWWzCEWYtghF
0LkIRf+8CEU2wAhFZcMIRZjGCEXQyQhF/8wIRTLQCEVl0whFmNYIRdDZCEX/3AhFNuAIRWnj
CEWY5ghF0OkIRf/sCEU28AhFZfMIRZj2CEXQ+QhFA/0IRTIACUVlAwlFmAYJRdAJCUX/DAlF
MhAJRWUTCUWcFglFzBkJRf8cCUUyIAlFZSMJRZgmCUXMKQlF/ywJRTIwCUVlMwlFmDYJRdA5
CUX/PAlFMkAJRWlDCUWYRglFzEkJRf9MCUUyUAlFaVMJRZhWCUXMWQlFA10JRTZgCUVlYwlF
mGYJRcxpCUX/bAlFMnAJRWlzCUWYdglFzHkJRQN9CUU2gAlFZYMJRZiGCUWAiglFC40JRTaQ
CUVlkwlFmJYJRcyZCUX/nAlFMqAJRWWjCUWcpglF0KkJRf+sCUU2sAlFZbMJRZy2CUXMuQlF
/7wJRTLACUVlwwlFmMYJRczJCUUDzQlFMtAJRWXTCUWc1glFzNkJRf/cCUU24AlFaeMJRZjm
CUXM6QlF/+wJRTbwCUVl8wlFnPYJRdD5CUUD/QlFNgAKRWUDCkWYBgpFzAkKRQMNCkU2EApF
ZRMKRZgWCkXMGQpF/xwKRTYgCkVlIwpFmCYKRdApCkX/LApFMjAKRWUzCkWcNgpF0DkKRf88
CkU2QApFaUMKRZxGCkXMSQpFA00KRTJQCkVpUwpFmFYKRcxZCkUDXQpFMmAKRWVjCkWYZgpF
zGkKRf9sCkU2cApFZXMKRZx2CkXQeQpFA30KRTKACkVlgwpFnIYKRdCJCkX/jApFNpAKRWWT
CkWclgpFzJkKRQOdCkUyoApFZaMKRZymCkXMqQpF/6wKRTKwCkVtswpFnLYKRdC5CkX/vApF
NsAKRWnDCkWYxgpFmMoKRSjNCkUy0ApFZdMKRZjWCkXQ2QpF/9wKRTLgCkVl4wpFmOYKRczp
CkX/7ApFMvAKRWnzCkWc9gpFzPkKRQP9CkU2AAtFaQMLRZgGC0XMCQtFAw0LRTIQC0VlEwtF
nBYLRcwZC0X/HAtFMiALRWUjC0WYJgtF0CkLRf8sC0UyMAtFaTMLRZg2C0XMOQtF/zwLRTJA
C0VlQwtFmEYLRcxJC0UDTQtFNlALRWVTC0WYVgtFzFkLRf9cC0UyYAtFaWMLRZhmC0XMaQtF
/2wLRTZwC0VpcwtFmHYLRcx5C0X/fAtFNoALRWWDC0WYhgtFzIkLRQeNC0U2kAtFaZMLRZiW
C0XMmQtF/5wLRTagC0VlowtFnKYLRcypC0X/rAtFNrALRWmzC0WYtgtFzLkLRf+8C0UywAtF
ZcMLRZzGC0XQyQtFA80LRTLQC0Vl0wtFnNYLRczZC0X/3AtFMuALRWXjC0Wc5gtF0OkLRf/s
C0U28AtFZfMLRZj2C0XM+QtFA/0LRTIADEVlAwxFmAYMRbEKDEU8DQxFMhAMRWkTDEWcFgxF
0BkMRQMdDEUyIAxFaSMMRZgmDEXMKQxF/ywMRTIwDEVlMwxFmDYMRdA5DEUDPQxFNkAMRWVD
DEWYRgxF0EkMRQNNDEUyUAxFZVMMRZhWDEXMWQxF/1wMRTZgDEVlYwxFmGYMRcxpDEX/bAxF
MnAMRWlzDEWcdgxFzHkMRf98DEUygAxFaYMMRZiGDEXQiQxFA40MRTKQDEVpkwxFmJYMRdCZ
DEX/nAxF</AssayXData><AssayYData Points="1500">PdilQMLUpUBICqZAcfmlQGrPpUB/8KVAYPylQAyspUDxsaVAztGlQI7LpUBC2aVAzdulQLzA
pUCnkqVAdt+lQDWwpUCaraVAPsWlQNO2pUDXqqVAEJ2lQI66pUDHhaVAC6SlQL6OpUCmj6VA
QoKlQG90pUD9kaVAL3KlQL+GpUBidqVAIGClQLaTpUAGiqVAHnmlQAx4pUDDjaVA+l6lQHqU
pUCzWKVA5zClQOWIpUBlTaVA+0ulQM5LpUDSRaVAQlelQK5JpUBKVqVAAUGlQFkRpUBkLKVA
TS2lQLo4pUAcRaVA/DalQMU3pUC+K6VAizqlQKkbpUB0IaVAbTClQFEUpUAuO6VAHxilQN4R
pUC6DqVAVT6lQHUhpUCVQaVABg2lQDDYpEDI+qRAORqlQAD+pECMB6VAxgelQNwKpUDYuqRA
d9SkQF38pEBy/aRAx/+kQIfwpEAa+aRAM/ykQErWpEAN+6RAJMKkQK4ApUDa96RAPOqkQJLO
pEDx8KRAqO2kQCbNpECu4KRA39CkQKnFpEBUC6VApt2kQDHBpEDG0KRAvMmkQHbWpEBmtKRA
jcOkQIPApEAg6KRA3dakQLXQpEAa26RA5MmkQGjkpEDY3KRA4vWkQHzApED8uqRAt7ukQDax
pEC5o6RAd7ekQCq3pEAno6RAs66kQCTCpEBtoaRAwqykQEurpECMr6RA/rikQB2qpED9oqRA
/KGkQHuwpEAu2aRAUqykQJ22pEDlrKRAFXKkQGKnpEAvsaRATIekQLezpEC8nqRAE5mkQPmd
pEC9nqRAcI2kQFu5pED1oKRA95ykQPKipECLkKRAeqmkQLyDpED4m6RAvaOkQKiUpEBWm6RA
2ZakQCmMpEBQmaRAeHqkQD91pEBKcaRAcpmkQIqXpEDdg6RA04ukQC11pECLgqRAxqqkQEyG
pEA5bKRA+3ukQI6jpEAQbKRAuGGkQHiVpEDYWqRAsaSkQHqVpECAeqRAlW6kQEqEpEA0TqRA
NWWkQI5vpECZYaRAIF2kQIJipECOiqRAcVSkQBNepECEXKRAmFOkQEo4pEDqg6RAm2ykQA5o
pEDsc6RAk2ikQIdppEDwa6RAI1qkQCkipEBnPqRAYUqkQJA7pEBDVaRAtFmkQIlzpEARh6RA
eF6kQPVcpEDTZaRAhZWkQM1PpED1cqRAx2SkQFY0pEB2QaRAJ1ukQIFXpED7LKRAbWCkQApN
pEChQKRAnmykQKxvpEAGPaRAsWakQI9rpEAwKqRAXkKkQDtrpEAvKqRAbkqkQIBapECSS6RA
llykQON4pECoRaRAYVykQOhUpECnSKRATRekQIhXpEC6UKRAZAukQO0SpEB3SKRAZEWkQOdY
pECbRqRA8VCkQBhFpEBjMqRAWCykQCw1pECyMaRArDakQAI9pECGQKRAtB+kQKggpEDtdKRA
XU6kQPorpECYMKRAQUakQO4ipECtTKRAz3OkQBdIpEAlMKRAIDmkQEoxpEAOFqRA4UqkQJtL
pEAEJaRACCakQOkopEAnAqRA40ikQCBipEA9P6RA9jykQF5DpECKSaRADUekQOhNpECCJ6RA
ajqkQJdPpEBOYaRAaR2kQI87pEDPR6RAHCukQOsppEBVTqRACD+kQHo+pECPSaRA8iOkQFs0
pEBNT6RAIDmkQCEupEBrEaRAEz2kQCY1pEAxS6RADFSkQNkipEA9MKRAvDSkQORDpEDaMKRA
vkSkQPwkpEDxE6RA6ECkQL0MpECKBKRAAhqkQMhVpED7+aNAczakQJMepECaIaRAxSSkQNZB
pEA9C6RAiy2kQHFKpEDvKaRAWAqkQM0QpEAZA6RAPiOkQG4mpEAdHKRAtgGkQCAfpEByOaRA
IB6kQAE1pEDNJ6RACCekQBIqpEDjHaRAkyqkQMT8o0AWIaRAhBSkQD0CpEDGMaRA0wakQBIN
pEA7I6RAqBykQHYJpEAVCqRACk+kQIXto0CB/qNAgx2kQI42pEDdFKRAqRSkQJ33o0BGF6RA
fSWkQAgnpECoCKRAWjekQOMHpEBQF6RAMyikQF45pEDJBqRAyxWkQIlfpEAtAKRARASkQCBy
pEDbH6RAZfSjQAI+pEBOEaRAfSikQN00pEBRIaRA7BCkQM4opEAqKaRAzQmkQEk4pEBGKKRA
xPijQIAtpEC/HaRA1vijQOIcpEDZO6RAbAKkQAUApED2KKRAYiOkQL3no0C9JKRAkyCkQPT5
o0CjRaRAFwukQOcapEBxL6RAUC2kQLHlo0C3FKRAwxmkQHX+o0AlNaRAAjakQHorpEAlD6RA
VhqkQPodpEChEKRAmyekQE8zpEAWFaRAMxmkQDQopEAlKqRAXRukQEo4pEAiKKRA9DikQIUK
pED/CaRA0w6kQEn/o0CbAqRAhg2kQLodpEAPKqRAJx2kQGUvpEAbFKRAxwmkQF0OpECJBaRA
HR6kQEv8o0DdCqRATg6kQFPro0CcGKRAywCkQNEmpEDNKqRAnB+kQKIMpEALC6RAmhCkQEsL
pECMGaRALiOkQH7po0C6G6RA7BSkQBgfpEASDKRABBikQM/no0BrH6RATRikQLsgpEBDGKRA
rAikQFUEpECP7aNA+D6kQJhNpEC906NAChmkQHUYpEC1KqRAXRakQOkypECE7qNAqN6jQDBG
pEDz9aNAuwqkQE8fpECnFKRAid2jQEYmpECMFKRARQukQC8npEAO/qNAX/OjQMT/o0CTI6RA
wx2kQDv5o0BUL6RAhjCkQG/ao0COEqRADQekQIv7o0CMGqRAxwukQKv8o0Dk8aNApOyjQLbv
o0BVMaRAAgakQAz2o0ASJqRA3C+kQL0TpEAqDqRAzD6kQDMhpECqvKNAhfujQFH1o0BGG6RA
MA2kQMwlpED78qNA4xWkQJ4epEBECKRAqPOjQD0vpEDEEqRAgCekQEoApEAqM6RAb/GjQMAg
pEDU3KNAFPujQI0kpEDDFqRAow2kQJEepEAQIqRABvqjQIodpEBuDaRAPQqkQIIepECTG6RA
NfWjQFzpo0AYJaRAozSkQGv7o0DoL6RA2xakQLD7o0BuF6RA3wmkQNPoo0BO66NAzwmkQBnf
o0AZ+qNAAQOkQDwapEBlH6RAERCkQIr2o0BT2aNAfC6kQDMJpECe2aNAbC2kQE0WpECHHqRA
XQ2kQNU1pEBkF6RAyxmkQI8HpEAJCqRAiPCjQK0ppEA0FqRAifejQLYIpEChEKRAtPujQOwD
pEBpDKRAnRCkQOHjo0DrDKRANOmjQBLyo0DaPKRAODKkQDj9o0DzJKRAAA+kQIYVpEA6PaRA
CRKkQGfIo0BWJKRADDCkQOn5o0Bf8qNAwfKjQG4HpEA+3qNA8iSkQPQLpECbGKRAph+kQLD3
o0DYEKRAAh2kQG7+o0CzEaRAChakQC3/o0DC9aNAeSykQDgMpEBq+6NAKxWkQEYopEBMDKRA
u+WjQJ/ao0Bn/aNA+hCkQLQXpEDHCqRApAikQKsopEC/AqRAMOGjQGrso0A0G6RA8v2jQAYS
pECTFqRAxwSkQMI2pEAg8KNAzAWkQAQDpECWJ6RAWO6jQLMUpEDuBKRAaAqkQA4mpEC//6NA
1w6kQKsDpEB5MaRA1hukQKjvo0BWB6RA2wekQB0ipEA0DaRA6RKkQETwo0CJOaRAmUykQI4c
pEDYE6RA7DGkQGMppEAYA6RAyx6kQJMspEB6KqRAYSGkQOgypEDk/aNAyfajQJcCpEBhCKRA
MBekQFIZpEDvKqRAtOejQAphpEBWEaRA6g2kQNpXpEBxD6RAegKkQMsGpED1NaRAvRakQMQK
pEBwQKRAKRmkQPErpEC/FqRAiwmkQGQKpEAXMKRADQukQHsapEDJ96NAOiKkQLL6o0A/M6RA
rTakQEYVpEAvGaRAuRukQFQapEDMHKRAv0mkQEggpECGIqRAth6kQAsspEDwB6RA0TikQBEB
pEDQ8aNAQiakQG3wo0C5+KNAf9+jQJs0pECB5KNAyRCkQB0opEAyJ6RALO2jQI4zpECkBqRA
POyjQAY0pEAbC6RABh6kQMAmpEBDAaRAhBWkQFcKpECDJaRATPOjQBobpEAQF6RAxB2kQLcq
pED3G6RAQxukQMMDpEAUE6RAMymkQKEkpEB4L6RAbgmkQDb7o0ChK6RACAmkQPLpo0BZOKRA
ix2kQIfgo0BrNKRAfv2jQGQXpEDK5KNACzykQK8opEBZHqRAIg+kQKL5o0C79KNA6BCkQMkc
pECgK6RAcRykQN0bpEB8B6RA/S+kQB4KpEA+8qNAU+qjQBUFpEASHqRAIP+jQLU4pEDeLaRA
dv+jQEoqpEAHIqRAe92jQIEZpEDTDqRAWPmjQIz0o0CmC6RAviikQCw5pEBtNaRAW/+jQKL9
o0DWI6RAqDGkQDgZpECAOaRARSmkQDMtpEAaPaRAXyqkQBAdpEA0G6RASjekQH4hpEDVDqRA
JgSkQPcApEBoI6RATxWkQLUOpEB1HqRA0VikQG4gpEA+FKRA3zekQFsHpECTLaRADRqkQLFK
pEC7FKRA+yWkQHAPpECRKKRAPfijQLQipEAwKqRAAhykQKcJpEDTF6RAWR6kQFETpEB0O6RA
9SWkQERYpEByyaNAJxqkQBY0pECjMqRAoD6kQGk4pEDMLaRA3yakQHgZpEA8MaRAtCqkQIdL
pEANKqRAeCykQF8TpEDUBKRAayKkQBIupEA9QqRA+zSkQAoRpEDIDKRAqTykQNz6o0AmQ6RA
rDqkQA8LpECDI6RALCKkQMYlpECgFaRAhSakQH0tpECjRKRAWP6jQBlOpEBD+6NA4gykQNQu
pEBaE6RAUUKkQEoKpEADE6RABiGkQKc2pEBz9qNA5B6kQO8lpED8Q6RAXx2kQEw+pEA9WKRA
oR6kQNMypEBPRKRA0A+kQMljpEBRNaRAlSykQJ5SpEDMMaRAYxKkQJI3pEBHMaRAZACkQIBN
pEDwP6RAoDakQPgnpEDYQaRAQjikQBUppEC/SKRAZ1CkQKUYpECVKqRAdDSkQFESpEBMPaRA
/0akQEgLpEDmJKRAbyKkQOMCpEDMMqRAkkKkQAY4pEBqMqRADEikQC1DpECkAaRAJBikQKEW
pEBVNaRAnySkQD9MpEB4HqRAuD+kQKFIpEB+OKRAchKkQFszpEDYU6RAkzmkQMkbpEAgN6RA
ERekQCsrpECBbKRA3zakQDxapEC9UqRA9xekQAxGpEDvT6RAOiykQIMepEBgP6RAUTakQMEk
pEBwTKRAyRekQAUlpEC4GKRAehKkQB81pEA0NaRAEHekQOQ3pEBmIaRAUCekQOdSpEAAKaRA
clKkQFMZpEB4a6RAE0ekQN5GpEC7KKRA5WekQEcypEDMQaRAggykQLlLpED6OqRA2DKkQDIl
pEAUOaRA9O2jQAJVpEBqG6RAgkukQK9CpEDINaRA6EOkQPBKpEBWTaRAHw6kQPowpEB4RqRA
1TGkQCpLpEBHdqRAX0OkQOw4pEDYNqRABgWkQDEApEDiQaRAyz6kQDg6pEAbI6RAlhqkQKo8
pEBBLqRAAF+kQGs1pECLL6RAMy+kQH8xpEDqF6RAPF2kQEw/pEC6OKRAXyqkQHtkpEDOTaRA
WxGkQFwppEBPP6RAtSmkQJ4kpEDcRqRA6T6kQIJspEDLNaRA7iekQJRDpECnLKRAHhWkQGNB
pECoPaRAnT6kQBFWpEB1QqRAazykQI0/pEB/Z6RAI1OkQMk1pEBtQ6RACgGkQGgmpECFcaRA
m16kQO9PpEA1VaRArlCkQDQ6pECSI6RApW+kQGYhpEBTZqRAvj2kQHU6pEAWN6RA/1ikQBpE
pEB7YqRAFV2kQJZWpECGSKRAPVakQF0+pECXb6RAxVakQE5IpEBjHKRAr0SkQN8kpEBWWqRA
+ESkQDVWpEB+NqRAADukQF02pEA8SqRA80akQK85pEBRQ6RAp0akQBNQpECJLKRAkDykQCxe
pECOYaRAp2GkQN0wpEBTbKRAhD+kQHNepEAQV6RAvTKkQGyBpEBocKRA9V6kQLtbpEC5QaRA
z0ukQNBSpEC6YqRALiKkQDUgpEBHXaRAAWWkQF44pECNY6RAo36kQGxRpEDXhqRAnkekQEop
pECfUKRAbFikQMhNpEC5VKRAy2WkQN1/pEBVbqRA91WkQA+ApEBURKRA4mukQH1KpEC3MqRA
016kQK1RpEC9QaRA1kOkQJuFpEA+XKRAD0ukQP56pEDtiaRAuEWkQJVfpECwbqRAwz6kQHJQ
pEBiYaRAXVukQA5ipEAJZqRAmGWkQDQ9pEDmZaRAAm6kQM5dpECKm6RAb1WkQERJpEDrdaRA
aWikQEVZpEDEdKRAu5ykQBswpECpd6RAfo2kQAVPpEA3PKRAcGukQAZapECRV6RAR3ukQNhp
pEAZdaRAO0qkQPtVpEC6b6RAUGOkQB9ppEC3WKRAKVWkQEhMpEAEPaRA8VCkQJBipEB0VqRA
1HikQF1ypEDwUaRASDukQHSapEA8eaRANn2kQE51pECyVKRAymSkQE1tpEDLb6RAY2akQI5O
pEAdcKRAwFukQIFspECiXKRA2Y+kQLCdpEBNk6RANGukQCilpEAonKRAxZOkQPsipEDTfKRA
65WkQO1ppEB0bqRAo1+kQFdPpEAieaRAynikQDI9pEDeYqRA6YekQIRepEA1TqRATFqkQGNj
pECZcKRAS0+kQLSQpEA4Y6RA+KGkQKtlpECge6RAy3+kQOtxpEDciaRAt1+kQFdxpEBnUqRA
gmCkQNlqpEDYfqRAyFukQFmJpEBTbaRA/WykQPRxpEDYuKRA7o6kQOZlpEDib6RA/kmkQNxg
pEBOgqRAYGOkQKZrpEAUgqRArF+kQHhhpED/ZKRAzXukQOlipEDmjqRA3ZekQFRRpEBzbaRA
7GmkQEJmpEBNqKRAKoGkQN91pEBzb6RASaCkQJ94pEAJZ6RAipCkQJ9bpECElqRA9IWkQP5V
pEAYgKRAKGCkQMWNpEDtUaRA1W2kQGZfpEDce6RAJmekQKyEpEDYPaRAK3GkQESJpEAzdqRA
E3akQPSgpEDrYaRAYnqkQKGXpEC9SaRAGnykQNCFpEAYsaRAVmOkQPt3pECXl6RA8HikQDxu
pEC6iKRAGXGkQGRcpEAciaRAzHCkQF94pEC/oaRAPWekQDRjpECqgqRABZakQJ9ipEBwgqRA
LY2kQKxjpEBIlaRAZ5+kQNJzpEC4qqRAD6mkQLlYpEB4oqRA+KGkQC6KpEBFZaRABIGkQAnC
pEDefaRAFYCkQAu+pEATeqRAlXOkQM+PpEBPhKRAdWykQJaFpEDTcaRAE4+kQA+UpEBCaaRA
b3akQAuhpEAVgKRAa3CkQLSDpEC6gKRAvnKkQOt0pECnnKRADGakQFippECJyaRAKYmkQLds
pECfrKRAQWikQEqHpED3f6RAbWWkQCp5pEB5oKRA1JmkQDGepEB3bKRABnikQMCPpED4ZqRA
RZukQKmFpEA/nqRAFIKkQJ+CpEB3baRA5nSkQA+jpECMbKRABaakQEmDpEBAnqRAJoWkQI6U
pEBVlKRA0WykQDd+pEDni6RAGKykQLWqpEDveaRABqqkQJWWpEBXiaRAsXOkQP6dpECyfqRA
2YOkQMWcpEBxnKRAMX2kQM2rpEB+jKRAuIKkQFOppEDCk6RAJIekQCh9pEDdw6RAcJ6kQPCE
pECZfaRAdoukQASDpEDEpKRA946kQEWbpEC7gaRAMKekQHFnpEAFmKRARo2kQOCgpEAmnKRA
7Y6kQHyxpEC6oaRAjLSkQEuOpED7qKRAo6WkQBKjpEBDa6RAnoakQEurpEB5i6RAo52kQD2t
pECbkqRA5pCkQH+2pEALiqRARKOkQMilpEB3vqRAfH2kQHKkpEAjqaRAHKakQGOipEBdlqRA
eJGkQDG7pEAlnaRAnZqkQKWGpEAtsqRAM8GkQIedpEDkqaRAqXOkQH+lpEC5x6RA5oikQKvG
pEBdmqRA</AssayYData></Step><Step><CommonData><SampleLocation>5</SampleLocation><SampleID>Glycine</SampleID><SampleGroup></SampleGroup><SampleInfo></SampleInfo><SampleRow>F</SampleRow><SamplePlate>1</SamplePlate><WellType>REGENERATION</WellType><Concentration>-1</Concentration><ConcentrationUnits>µg/ml</ConcentrationUnits><MolarConcentration>-1</MolarConcentration><MolarConcUnits>nM</MolarConcUnits><MolecularWeight>0</MolecularWeight><Temperature>30</Temperature><StartTime>2567235</StartTime><AssayTime>5</AssayTime></CommonData><FlowRate>1000</FlowRate><StepType>KREGENERATION</StepType><StepName>Regeneration</StepName><StepStatus>OK</StepStatus><ActualTime>5.00005</ActualTime><CycleTime>0.2</CycleTime><AssayXData Points="25">MqAMRWWjDEWYpgxFzKkMRQOtDEUysAxFabMMRUm3DEXQuQxFA70MRTbADEVlwwxFnMYMRczJ
DEX/zAxFMtAMRWXTDEWc1gxF0NkMRQPdDEU24AxFaeMMRZjmDEXQ6QxF/+wMRQ==</AssayXData><AssayYData Points="25">t+x2Ph+THD43ZNw98wp7PbuQ5jzUskU7PafkvM+Rgb14XKa9BtjTvVsyA75u5Re+Apsuvhs7
Pb7FyU++dbllvsJxb76yMH2+mn2HvnnCjr7bZpK+em+cvqd2oL6Wv6K+Plymvg==</AssayYData></Step><Step><CommonData><SampleLocation>6</SampleLocation><SampleID>PBS</SampleID><SampleGroup></SampleGroup><SampleInfo></SampleInfo><SampleRow>F</SampleRow><SamplePlate>1</SamplePlate><WellType>NEUTRALIZATION</WellType><Concentration>-1</Concentration><ConcentrationUnits>µg/ml</ConcentrationUnits><MolarConcentration>-1</MolarConcentration><MolarConcUnits>nM</MolarConcUnits><MolecularWeight>0</MolecularWeight><Temperature>30</Temperature><StartTime>2580308</StartTime><AssayTime>5</AssayTime></CommonData><FlowRate>1000</FlowRate><StepType>KREGENERATION</StepType><StepName>Regeneration</StepName><StepStatus>OK</StepStatus><ActualTime>5.00005</ActualTime><CycleTime>0.2</CycleTime><AssayXData Points="25">MvAMRWXzDEWY9gxFzPkMRf/8DEUyAA1FZQMNRZwGDUXMCQ1F/wwNRTYQDUVpEw1FmBYNRdAZ
DUX/HA1FNiANRWUjDUWYJg1F0CkNRQMtDUU2MA1FaTMNRZw2DUXMOQ1F/zwNRQ==</AssayXData><AssayYData Points="25">DYxZQF2DWkBprFtAl5pcQIw9XUBW+F1AwEdeQH3HXkBsFl9Azn5fQFqaX0AQ8V9AwyxgQEOl
YEClkWBAExBhQJDeYEA3cWFAXzlhQKqvYUBxtGFA6dFhQJn3YUBiLmJAVfNhQA==</AssayYData></Step><Step><CommonData><SampleLocation>5</SampleLocation><SampleID>Glycine</SampleID><SampleGroup></SampleGroup><SampleInfo></SampleInfo><SampleRow>F</SampleRow><SamplePlate>1</SamplePlate><WellType>REGENERATION</WellType><Concentration>-1</Concentration><ConcentrationUnits>µg/ml</ConcentrationUnits><MolarConcentration>-1</MolarConcentration><MolarConcUnits>nM</MolarConcUnits><MolecularWeight>0</MolecularWeight><Temperature>30</Temperature><StartTime>2593400</StartTime><AssayTime>5</AssayTime></CommonData><FlowRate>1000</FlowRate><StepType>KREGENERATION</StepType><StepName>Regeneration</StepName><StepStatus>OK</StepStatus><ActualTime>5.00005</ActualTime><CycleTime>0.2</CycleTime><AssayXData Points="25">MkANRWlDDUWYRg1FzEkNRf9MDUUyUA1FZVMNRZhWDUXQWQ1F/1wNRTZgDUVpYw1FmGYNRdBp
DUX/bA1FMnANRWlzDUWYdg1F0HkNRf98DUUygA1FaYMNRZyGDUXQiQ1F/4wNRQ==</AssayXData><AssayYData Points="25">kMzfvU/eN767O1y+j75/vn4kib6RGJS+51mcvmmTpL42G66+S0CvvkPytL4/obu+OBO/viZB
wr6oP8m+2L3LvmVxzr4C1tG+xyzUvpjH1b7d39u+zOrevtTk4r4AS+O+QHrkvg==</AssayYData></Step><Step><CommonData><SampleLocation>6</SampleLocation><SampleID>PBS</SampleID><SampleGroup></SampleGroup><SampleInfo></SampleInfo><SampleRow>F</SampleRow><SamplePlate>1</SamplePlate><WellType>NEUTRALIZATION</WellType><Concentration>-1</Concentration><ConcentrationUnits>µg/ml</ConcentrationUnits><MolarConcentration>-1</MolarConcentration><MolarConcUnits>nM</MolarConcUnits><MolecularWeight>0</MolecularWeight><Temperature>30</Temperature><StartTime>2606510</StartTime><AssayTime>5</AssayTime></CommonData><FlowRate>1000</FlowRate><StepType>KREGENERATION</StepType><StepName>Regeneration</StepName><StepStatus>OK</StepStatus><ActualTime>5.00005</ActualTime><CycleTime>0.2</CycleTime><AssayXData Points="25">M5ANRWqTDUWdlg1F0ZkNRQCdDUU3oA1FZqMNRZmmDUXNqQ1FAK0NRTewDUVmsw1FmbYNRdG5
DUUAvQ1FM8ANRWbDDUWZxg1FzckNRQTNDUUz0A1FatMNRZnWDUXR2Q1FAN0NRQ==</AssayXData><AssayYData Points="25">R/FWQH6zV0CNDllAw5BZQNRNWkCRT1pAIqxbQM36W0B/ZFxAhr5cQJsIXUAolF1A7FhdQD/M
XUBx+V1AgkVeQLVYXkAA7F5ACfVeQHjlXkB7Pl9Ao2hfQHmuX0CcI19ATc9fQA==</AssayYData></Step><Step><CommonData><SampleLocation>5</SampleLocation><SampleID>Glycine</SampleID><SampleGroup></SampleGroup><SampleInfo></SampleInfo><SampleRow>F</SampleRow><SamplePlate>1</SamplePlate><WellType>REGENERATION</WellType><Concentration>-1</Concentration><ConcentrationUnits>µg/ml</ConcentrationUnits><MolarConcentration>-1</MolarConcentration><MolarConcUnits>nM</MolarConcUnits><MolecularWeight>0</MolecularWeight><Temperature>30</Temperature><StartTime>2619801</StartTime><AssayTime>5</AssayTime></CommonData><FlowRate>1000</FlowRate><StepType>KREGENERATION</StepType><StepName>Regeneration</StepName><StepStatus>OK</StepStatus><ActualTime>5.00005</ActualTime><CycleTime>0.2</CycleTime><AssayXData Points="25">M+ANRWbjDUWZ5g1F0ekNRQTtDUU38A1FavMNRZ32DUXN+Q1FAP0NRTMADkVqAw5FmQYORdEJ
DkUEDQ5FMxAORWoTDkWdFg5FzRkORQAdDkU3IA5FZiMORZkmDkXNKQ5FAC0ORQ==</AssayXData><AssayYData Points="25">tz8hvi/aZb5izYS+lMyRvqXnm77vFaS+sXusvq8bsr5/B7e+j2G7vkMmwL5CVcO+vJPIvkGR
yb4ppc++VyzSvgIz1L5kLdi+fb7avkiJ3b4+qt6+/yLhvjWW5L7/5+O+BATnvg==</AssayYData></Step><Step><CommonData><SampleLocation>6</SampleLocation><SampleID>PBS</SampleID><SampleGroup></SampleGroup><SampleInfo></SampleInfo><SampleRow>F</SampleRow><SamplePlate>1</SamplePlate><WellType>NEUTRALIZATION</WellType><Concentration>-1</Concentration><ConcentrationUnits>µg/ml</ConcentrationUnits><MolarConcentration>-1</MolarConcentration><MolarConcUnits>nM</MolarConcUnits><MolecularWeight>0</MolecularWeight><Temperature>30</Temperature><StartTime>2632915</StartTime><AssayTime>5</AssayTime></CommonData><FlowRate>1000</FlowRate><StepType>KREGENERATION</StepType><StepName>Regeneration</StepName><StepStatus>OK</StepStatus><ActualTime>5.00005</ActualTime><CycleTime>0.2</CycleTime><AssayXData Points="25">MzAORWYzDkWdNg5F0TkORQA9DkU3QA5FZkMORZlGDkXNSQ5FAE0ORTNQDkVmUw5FmVYORc1Z
DkUEXQ5FM2AORWZjDkWZZg5FzWkORQBtDkU3cA5FanMORZl2DkXReQ5FAH0ORQ==</AssayXData><AssayYData Points="25">bLhXQNjpWED+11lAY4NaQPcNW0Cw+FtAVURcQCrIXEDhTl1AajVdQO2TXUBZLF5Azz9eQBHS
XkAVEF9A+XRfQI43X0Cxbl9Ac5hfQAiZX0BN3l9AxA1gQPRBYEBUUWBAqrFgQA==</AssayYData></Step><Step><CommonData><SampleLocation>1</SampleLocation><SampleID>Octet Buffer</SampleID><SampleGroup></SampleGroup><SampleInfo></SampleInfo><SampleRow>E</SampleRow><SamplePlate>1</SamplePlate><WellType>BUFFER</WellType><Concentration>-1</Concentration><ConcentrationUnits>µg/ml</ConcentrationUnits><MolarConcentration>-1</MolarConcentration><MolarConcUnits>nM</MolarConcUnits><MolecularWeight>0</MolecularWeight><Temperature>30</Temperature><StartTime>2647141</StartTime><AssayTime>20</AssayTime></CommonData><FlowRate>1000</FlowRate><StepType>CUSTOM</StepType><StepName>Sensor Check</StepName><StepStatus>OK</StepStatus><ActualTime>20</ActualTime><CycleTime>0.2</CycleTime><AssayXData Points="100">M4AORWaDDkWZhg5FzYkORQCNDkU3kA5FZpMORZmWDkXNmQ5FAJ0ORTOgDkVmow5FmaYORc2p
DkUErQ5FM7AORWazDkWZtg5F0bkORQC9DkUzwA5FasMORZ3GDkXRyQ5FBM0ORTPQDkVm0w5F
mdYORdHZDkUE3Q5FM+AORWbjDkWd5g5FzekORQTtDkU38A5FZvMORZ32DkXN+Q5FAP0ORTcA
D0VmAw9FmQYPRc0JD0UADQ9FNxAPRWoTD0WdFg9F0RkPRQAdD0U3IA9FaiMPRZkmD0XNKQ9F
BC0PRTMwD0VmMw9FmTYPRc05D0UAPQ9FM0APRWZDD0WZRg9F0UkPRQBND0U3UA9FalMPRZ1W
D0XRWQ9FAF0PRTNgD0VqYw9FnWYPRdFpD0UAbQ9FM3APRWZzD0Wddg9FzXkPRQB9D0UzgA9F
aoMPRZ2GD0XRiQ9FBI0PRTeQD0Vmkw9FmZYPRc2ZD0UAnQ9FN6APRWqjD0WZpg9F0akPRQCt
D0U3sA9FZrMPRZ22D0XNuQ9FAL0PRQ==</AssayXData><AssayYData Points="100">evBWQF4GVECb0FJAKGJRQOGcUECoNlBAQCJQQB7LT0C85E9Az0VQQGALUEBzP1BA/GhQQMO6
UEB9BVFAJhFRQOj3UEDvbVFAA19RQPBtUUBtsFFAXedRQACtUUB0MFJAdFBSQAVKUkANSVJA
XGpSQPqPUkDzmlJAv/VSQKvdUkBlyFJAqvZSQDwPU0C3XlNAO/lSQLGqU0CkwFNAnrdTQK/o
U0AvyFNALNBTQCv1U0CvFFRAHhtUQInsU0ARVFRAbhxUQEU/VEATR1RARwdUQJdBVEBRdVRA
ubBUQAdiVEAmrVRAU8FUQE6wVEAJElVA5wlVQFvWVEBGwFRAgFtVQL8MVUAv3lRAphpVQBYp
VUChFVVAwhlVQGUZVUByJVVAM0pVQMtGVUABW1VAOoNVQAOIVUBkg1VAa8pVQEPTVUBaeVVA
t5tVQMn9VUBRgVVAZBpWQO3PVUDN6FVANgFWQDNFVkAzIFZAcQ1WQGQ/VkC0A1ZA9PFVQHsu
VkBANlZAggxWQFg1VkAEc1ZAzUZWQA==</AssayYData></Step><Step><CommonData><SampleLocation>10</SampleLocation><SampleID>SI-157C16_P5236</SampleID><SampleGroup></SampleGroup><SampleInfo></SampleInfo><SampleRow>E</SampleRow><SamplePlate>1</SamplePlate><WellType>KLOAD</WellType><Concentration>5</Concentration><ConcentrationUnits>µg/ml</ConcentrationUnits><MolarConcentration>5000</MolarConcentration><MolarConcUnits>nM</MolarConcUnits><MolecularWeight>0</MolecularWeight><Temperature>30</Temperature><StartTime>2676752</StartTime><AssayTime>120</AssayTime></CommonData><FlowRate>1000</FlowRate><StepType>LOADING</StepType><StepName>Loading</StepName><StepStatus>OK</StepStatus><ActualTime>120.001</ActualTime><CycleTime>0.2</CycleTime><AssayXData Points="600">M8APRWrDD0WZxg9F0ckPRQTND0Uz0A9FZtMPRZnWD0XN2Q9FAN0PRTfgD0Vm4w9FmeYPRdHp
D0UA7Q9FM/APRWrzD0WZ9g9FzfkPRQD9D0UzABBFagMQRZ0GEEXNCRBFAA0QRTMQEEVmExBF
mRYQRdEZEEUAHRBFMyAQRWYjEEWdJhBFzSkQRQAtEEU3MBBFZjMQRZk2EEXRORBFAD0QRTNA
EEVqQxBFmUYQRc1JEEUATRBFM1AQRWZTEEWZVhBFzVkQRQBdEEU3YBBFamMQRZ1mEEXNaRBF
BG0QRTNwEEVqcxBFmXYQRc15EEUAfRBFM4AQRWqDEEWZhhBFzYkQRQCNEEUzkBBFapMQRZmW
EEXNmRBFAJ0QRTOgEEVqoxBFmaYQRdGpEEUErRBFM7AQRWazEEWZthBF0bkQRQC9EEU3wBBF
asMQRZnGEEXNyRBFBM0QRTPQEEVq0xBFmdYQRc3ZEEUA3RBFM+AQRWbjEEWZ5hBFzekQRQTt
EEUz8BBFZvMQRZn2EEXN+RBFAP0QRTcAEUVqAxFFnQYRRc0JEUUEDRFFMxARRWoTEUWdFhFF
0RkRRQAdEUUzIBFFaiMRRZkmEUXRKRFFAC0RRTMwEUVqMxFFnTYRRc05EUUAPRFFN0ARRWZD
EUWZRhFF0UkRRQBNEUUzUBFFZlMRRZ1WEUXRWRFFAF0RRTdgEUVqYxFFnWYRRc1pEUUAbRFF
M3ARRWZzEUWZdhFFzXkRRQR9EUU3gBFFZoMRRZ2GEUXNiRFFBI0RRTeQEUVmkxFFnZYRRc2Z
EUUEnRFFM6ARRWqjEUWZphFF0akRRQStEUUzsBFFZrMRRZm2EUXNuRFFAL0RRTPAEUVqwxFF
ncYRRc3JEUUEzRFFM9ARRWbTEUWZ1hFFzdkRRQDdEUUz4BFFauMRRZ3mEUXN6RFFBO0RRTPw
EUVm8xFFmfYRRdH5EUUA/RFFMwASRWYDEkWZBhJF0QkSRQANEkUzEBJFZhMSRZkWEkXNGRJF
AB0SRTcgEkVmIxJFmSYSRc0pEkUALRJFMzASRWYzEkWZNhJFzTkSRQQ9EkU3QBJFZkMSRZlG
EkXNSRJFBE0SRTdQEkVmUxJFnVYSRc1ZEkUAXRJFN2ASRWZjEkWZZhJFzWkSRQBtEkUzcBJF
anMSRZ12EkXNeRJFBH0SRTeAEkVmgxJFmYYSRdGJEkUAjRJFM5ASRWqTEkWZlhJFzZkSRQCd
EkUzoBJFZqMSRZ2mEkXRqRJFBK0SRTewEkVmsxJFnbYSRdG5EkUAvRJFM8ASRWbDEkWZxhJF
zckSRQTNEkU30BJFatMSRZ3WEkXN2RJFBN0SRTPgEkVq4xJFmeYSRc3pEkUA7RJFM/ASRWbz
EkXZ9xJFYPoSRQD9EkUzABNFZgMTRZ0GE0XNCRNFAA0TRTMQE0VmExNFmRYTRc0ZE0UEHRNF
MyATRWYjE0WdJhNFzSkTRQAtE0U3MBNFZjMTRZ02E0XNORNFAD0TRTdAE0VmQxNFmUYTRdFJ
E0UATRNFN1ATRWpTE0WZVhNF0VkTRQBdE0UzYBNFZmMTRZlmE0XNaRNFAG0TRTNwE0VmcxNF
nXYTRc15E0UEfRNFN4ATRW6DE0WdhhNFzYkTRQSNE0UzkBNFZpMTRZmWE0XRmRNFAJ0TRTOg
E0VmoxNFmaYTRc2pE0UArRNFM7ATRWazE0WdthNFzbkTRQC9E0UzwBNFasMTRZnGE0XRyRNF
AM0TRTPQE0Vm0xNFmdYTRc3ZE0UE3RNFM+ATRWbjE0WZ5hNFzekTRQDtE0Uz8BNFZvMTRZn2
E0XR+RNFBP0TRTMAFEVqAxRFmQYURc0JFEUADRRFMxAURWoTFEWdFhRFzRkURQAdFEUzIBRF
ZiMURZkmFEXNKRRFBC0URTcwFEVmMxRFnTYURc05FEUEPRRFN0AURWZDFEWZRhRF0UkURQBN
FEU3UBRFalMURZlWFEXRWRRFBF0URTdgFEVqYxRFmWYURc1pFEUAbRRFM3AURWZzFEWddhRF
zXkURQR9FEUzgBRFZoMURZmGFEXNiRRFBI0URTOQFEVqkxRFmZYURdGZFEUEnRRFM6AURWaj
FEWdphRF0akURQStFEU3sBRFZrMURZm2FEXNuRRFAL0URTPAFEVmwxRFmcYURdHJFEUEzRRF
N9AURWbTFEWd1hRFzdkURQDdFEUz4BRFauMURZ3mFEXR6RRFAO0URTPwFEVm8xRFnfYURc35
FEUE/RRFNwAVRWYDFUWdBhVF0QkVRQANFUUzEBVFahMVRZkWFUXRGRVFAB0VRTcgFUVmIxVF
mSYVRc0pFUUALRVFNzAVRWozFUWZNhVFzTkVRQA9FUUzQBVFZkMVRZ1GFUXNSRVFBE0VRTNQ
FUVmUxVFmVYVRdFZFUUAXRVFM2AVRWZjFUWZZhVF0WkVRQBtFUUzcBVFZnMVRZl2FUXNeRVF
AH0VRTeAFUVmgxVFnYYVRc2JFUUAjRVFM5AVRWaTFUWdlhVFzZkVRQSdFUUzoBVFaqMVRZmm
FUXRqRVFBK0VRTOwFUVqsxVFmbYVRc25FUUEvRVFM8AVRWbDFUWZxhVFzckVRQTNFUUz0BVF
atMVRZnWFUXR2RVFAN0VRTPgFUVq4xVFmeYVRc3pFUUA7RVFN/AVRWrzFUWZ9hVFzfkVRQT9
FUU3ABZFagMWRZkGFkXRCRZFAA0WRTcQFkVmExZFmRYWRc0ZFkUAHRZFMyAWRWYjFkWZJhZF
0SkWRQQtFkUzMBZFZjMWRZk2FkXNORZFAD0WRTNAFkVqQxZFnUYWRc1JFkUATRZFM1AWRWZT
FkWdVhZFzVkWRQRdFkUzYBZFZmMWRZlmFkXRaRZFBG0WRTNwFkVmcxZFmXYWRc15FkUAfRZF
M4AWRWaDFkWdhhZFzYkWRQCNFkUzkBZFapMWRZmWFkXNmRZFAJ0WRTegFkVqoxZFmaYWRc2p
FkUArRZFM7AWRWqzFkWZthZFzbkWRQS9FkU3wBZFZsMWRZ3GFkXNyRZFAM0WRTfQFkVm0xZF
mdYWRdXZFkUA3RZFN+AWRWrjFkWZ5hZFzekWRQDtFkUz8BZFZvMWRZn2FkXR+RZFAP0WRTcA
F0VmAxdFnQYXRc0JF0UEDRdFNxAXRWYTF0WdFhdFzRkXRQAdF0UzIBdFZiMXRZ0mF0XNKRdF
AC0XRTMwF0VmMxdFnTYXRdE5F0UEPRdF</AssayXData><AssayYData Points="600">MkBVQMisVkDtD1hAbrNZQDDHWkAh/ltAwjldQDiIXkCLpl9A4V5hQMevYkAkuWNA0hllQJG+
ZUCyR2dAWVdoQFSqaUBlfmpAToJrQGW2bEBlj21AvvhuQJvUb0ALJ3FATR9yQNkzc0BKR3RA
1NR0QKMjdkA+z3ZAbbJ3QCqdeEDCl3lAZlt6QD34ekCS6HtAD7p8QIHEfUCdhH5AWyd/QCSm
f0AoSoBAZK+AQBcBgUAzSYFAHa+BQGrngUCCQYJAYKaCQBjSgkDGSYNABl+DQAyvg0CmHIRA
71uEQOuJhEAPy4RAVxmFQJZWhUAlqIVAkdGFQKQYhkCbQoZAorCGQK3fhkCkDYdACE+HQIRm
h0C9uodA3OeHQNoTiECiHohAD2OIQMiriECcwYhA5BqJQNREiUD8bolAvZKJQCPPiUDB+4lA
JCuKQAo0ikBYaIpAsm+KQAq5ikCs94pAGw2LQHUli0C5ZYtA2I+LQPOUi0CjvItAcNqLQJrz
i0AOOoxAy2uMQHNWjEAmrYxAAK2MQEnQjEC3AY1A1DqNQPBGjUBHbY1AtpyNQN6zjUD4mo1A
nBaOQOwTjkCjL45AwUKOQJZcjkC4d45AUa+OQAnCjkAivY5ARuKOQCQZj0DsNI9AZEOPQK9W
j0C5bo9AsF+PQAPSj0B62I9Ar+CPQOHmj0CcC5BAviuQQIoTkECzZZBAG2mQQDuSkEA8rZBA
BcCQQAPmkEAW7JBA+++QQPcdkUCPNZFAFU+RQBJPkUB4cpFAUZaRQHmfkUAFwpFA18SRQDrF
kUDD9pFAFBOSQDcNkkAJX5JAT2KSQFRTkkAEeJJAPYqSQIqMkkB/pZJAarqSQGjekkB6xJJA
miiTQJYQk0DGH5NAIEWTQHpMk0BHfZNACXqTQMOxk0AMtZNAe9CTQD3Bk0DTu5NA5MuTQMMf
lEBCE5RALjSUQCpZlEC+ZpRAhVyUQGV+lEDbf5RA7HKUQMeelECvupRA4sSUQBj/lEB65pRA
svqUQCjxlEDoJ5VAoyeVQNNjlUD6YZVANFqVQEdwlUDxlpVAn4mVQCCulUBJ05VA8sCVQM7a
lUD/95VAC+6VQDEJlkDg6JVASTKWQGUulkDRJpZAdXGWQMZIlkA8X5ZAeYqWQNlxlkCGbJZA
r7CWQFO+lkDV05ZAe/SWQAbDlkDO65ZAlQ+XQE8gl0CIBJdADCiXQBJTl0DQEZdAiFGXQFWU
l0B6aJdA/HaXQDijl0C6xpdAzOGXQOvEl0DFspdAcP+XQCf4l0CFKZhA9fCXQIkumECgIJhA
AziYQC5kmED1RZhA14WYQFZbmEAckZhA85KYQPBcmECWjJhA666YQGCymEA9vphAKdKYQBnV
mEDu/ZhAk+6YQJQtmUBOK5lADDmZQEETmUCfOJlAhkiZQNA9mUDfXJlA1kuZQKWRmUBAc5lA
e6eZQGu3mUCftJlAf7qZQCCvmUDVB5pA6e2ZQL7ZmUCI45lA0QCaQGXymUDlMJpArguaQKdB
mkDTUJpAEDaaQNFxmkBLXZpAjG+aQABxmkAupJpA+W+aQLmXmkAXqppALrqaQOjNmkCV4JpA
0dKaQDvDmkD24JpAV/maQNf7mkBvBZtA2CObQMsKm0AzQptAZ1ubQHxem0C3ZptA/FubQB1I
m0C4S5tAJVebQPldm0DpjptAcZebQNWOm0AyhJtAHdSbQJvBm0DcyptA2uObQDnrm0Di35tA
8gmcQAcVnED4/ZtA5gScQFkznECwPZxAAiucQFpTnEB4U5xA9F+cQP5anEArVZxASXGcQDGK
nEB0ZpxAzHucQCWInEB1m5xA66WcQBTAnEDQ05xAZc+cQJ7UnEBE2ZxAre6cQNvxnEBYBp1A
5wmdQAv+nEARIp1A2SmdQJIYnUC/WJ1A7lSdQD5JnUByXZ1AN5SdQOV6nUDMoJ1AHqKdQJho
nUA4qJ1A1KKdQFCxnUDCyp1AxdKdQOzWnUCExJ1AIuadQCTunUBkv51ASt6dQPIQnkCn051A
rf2dQJ8nnkCWDZ5AthKeQB4/nkAiGZ5A3zaeQIdpnkAVU55AylSeQGOXnkBLd55ADHKeQBSh
nkB2dZ5AtXeeQHvEnkABlZ5AVLWeQBi1nkD43p5AqumeQFXZnkDn1Z5AyuyeQEDmnkCP955A
DuueQFwYn0AOKJ9AuBqfQDT6nkA9J59AjlmfQABVn0AzNp9APl+fQPpWn0CGU59A+m+fQOE7
n0C3gZ9AooafQGCBn0DMn59Aq6CfQDeqn0BVxZ9AFcGfQPz4n0AC6p9A0sCfQIjnn0Ca0J9A
jeqfQGnOn0Aj+p9AJ/GfQE4YoEAqH6BAufmfQElAoEAvJqBABkigQII4oEC2RaBAU1egQLNZ
oEBSfKBA6m2gQBFaoEBAfKBAmm+gQGmmoECxqaBAo3qgQAOOoEDCpaBAzrigQFSsoECZ26BA
hrSgQGCyoECvt6BAx7mgQBH9oECTzaBAluygQC7xoECZ+qBABxyhQKIpoUBLE6FApiShQNZF
oUCoQqFA82ShQNlfoUAjZ6FABSyhQNp2oUB0V6FA+lqhQBh4oUA+X6FA5WGhQDWZoUATlaFA
mJahQPCVoUCjvKFABLmhQM2/oUDitaFAss6hQITUoUAE+aFAlMShQCDaoUDs6KFAqO+hQNbz
oUCH4KFAbvyhQJj6oUC4N6JAngeiQA0WokByH6JAoSuiQAk2okD4WKJA7SKiQAgfokAEaaJA
3FiiQKdRokC9dKJAOnmiQCxqokBFcaJAap6iQJB4okAkq6JAprKiQFm2okBmoaJA/8eiQCis
okBw7aJAgb2iQP/MokDr16JApp6iQHMDo0C50KJASASjQIbaokBJJaNAkR6jQNQEo0ADK6NA
SjyjQLVEo0BQCqNAezOjQJoKo0D2VKNAfVCjQOA5o0AIPKNAIjijQDJBo0DYbKNASVSjQH1e
o0A5e6NAaIyjQM9/o0CxeKNAza2jQFGEo0D/hKNA1pujQGa7o0Au1qNAZcmjQOCyo0D+1aNA
9v+jQGrfo0CozKNAav2jQEvTo0Ag4qNAN+yjQOnpo0C9DKRA4gKkQIbko0APEqRAPSukQGcy
pEBII6RApEGkQEUtpEASR6RAO1ukQGY4pECiRKRA4FykQB91pEBadqRANEKkQDVnpEA1rKRA
4YukQFRmpEBMg6RABpWkQOqepEA9uKRA</AssayYData></Step><Step><CommonData><SampleLocation>1</SampleLocation><SampleID>Octet Buffer</SampleID><SampleGroup></SampleGroup><SampleInfo></SampleInfo><SampleRow>E</SampleRow><SamplePlate>1</SamplePlate><WellType>BUFFER</WellType><Concentration>-1</Concentration><ConcentrationUnits>µg/ml</ConcentrationUnits><MolarConcentration>-1</MolarConcentration><MolarConcUnits>nM</MolarConcUnits><MolecularWeight>0</MolecularWeight><Temperature>30</Temperature><StartTime>2806469</StartTime><AssayTime>100</AssayTime></CommonData><FlowRate>1000</FlowRate><StepType>BASELINE</StepType><StepName>Baseline</StepName><StepStatus>OK</StepStatus><ActualTime>100</ActualTime><CycleTime>0.2</CycleTime><AssayXData Points="500">OEAXRWtDF0WeRhdF1kkXRQVNF0U4UBdFa1MXRZ5WF0XWWRdFBV0XRThgF0XuYxdFomYXRdJp
F0UFbRdFOHAXRWtzF0WedhdF1nkXRQl9F0U8gBdFb4MXRZ6GF0XWiRdFBY0XRTiQF0VvkxdF
npYXRdKZF0UJnRdFOKAXRWujF0WiphdF0qkXRQmtF0U4sBdFa7MXRZ62F0XWuRdFBb0XRTjA
F0VrwxdFnsYXRdbJF0UFzRdFPNAXRWvTF0Wi1hdF1tkXRQndF0U44BdFa+MXRaLmF0XW6RdF
Be0XRTjwF0Vr8xdFnvYXRdb5F0UN/RdFOAAYRWsDGEWiBhhF0gkYRQUNGEU4EBhFbxMYRZ4W
GEXSGRhFBR0YRTggGEVrIxhFniYYRdIpGEUFLRhFODAYRWszGEWeNhhF0jkYRQU9GEU4QBhF
a0MYRZ5GGEXSSRhFBU0YRThQGEVvUxhFnlYYRdJZGEUJXRhFPGAYRWtjGEWiZhhF0mkYRQVt
GEU4cBhFa3MYRZ52GEXSeRhFCX0YRTiAGEVvgxhFnoYYRdKJGEUFjRhFOJAYRWuTGEWelhhF
0pkYRQWdGEU4oBhFxaMYRaKmGEXSqRhFCa0YRTiwGEVvsxhFnrYYRda5GEUFvRhFOMAYRW/D
GEWixhhF0skYRQXNGEU40BhFb9MYRZ7WGEXS2RhFBd0YRTjgGEVr4xhFnuYYRdbpGEUF7RhF
PPAYRWvzGEWi9hhF0vkYRQX9GEU4ABlFbwMZRZ4GGUXWCRlFBQ0ZRTgQGUVvExlFohYZRdIZ
GUUJHRlFOCAZRW8jGUWeJhlF1ikZRQktGUU4MBlFbzMZRZ42GUXSORlFBT0ZRThAGUVrQxlF
nkYZRdZJGUUJTRlFPFAZRW9TGUWeVhlF0lkZRQVdGUU4YBlFa2MZRZ5mGUXSaRlFCW0ZRThw
GUVrcxlFonYZRdJ5GUUJfRlFOIAZRWuDGUWehhlF1okZRQWNGUU4kBlFb5MZRZ6WGUXSmRlF
BZ0ZRTygGUVvoxlFoqYZRdKpGUUJrRlFPLAZRW+zGUWethlF1rkZRQW9GUU8wBlFb8MZRZ7G
GUXSyRlFBc0ZRTjQGUVr0xlFntYZRdLZGUUF3RlFOOAZRSTkGUWr5hlF0ukZRQntGUU48BlF
a/MZRZ72GUXS+RlFCf0ZRTgAGkVrAxpFngYaRdIJGkUJDRpFOBAaRW8TGkWeFhpF1hkaRQUd
GkU4IBpFbyMaRZ4mGkXWKRpFCS0aRTgwGkVrMxpFojYaRdI5GkUJPRpFOEAaRWtDGkWeRhpF
0kkaRQlNGkU8UBpFb1MaRZ5WGkXWWRpFBV0aRTxgGkVrYxpFnmYaRdZpGkUFbRpFOHAaRW9z
GkWAdxpFB3oaRQV9GkU8gBpFa4MaRZ6GGkXWiRpFCY0aRUCQGkVvkxpFnpYaRdKZGkUFnRpF
PKAaRWujGkWephpF1qkaRQmtGkU4sBpFa7MaRZ62GkXSuRpFBb0aRTjAGkVrwxpFnsYaRdLJ
GkUFzRpFPNAaRWvTGkWe1hpF1tkaRQndGkU84BpFa+MaRZ7mGkXS6RpFBe0aRTjwGkVr8xpF
ovYaRdL5GkUF/RpFOAAbRWsDG0WiBhtF0gkbRQUNG0U8EBtFaxMbRZ4WG0XSGRtFBR0bRTwg
G0U4JBtFvyYbRdYpG0UFLRtFPDAbRW8zG0WeNhtF0jkbRQU9G0U4QBtFb0MbRZ5GG0XWSRtF
BU0bRTxQG0VrUxtFnlYbRdJZG0UJXRtFPGAbRWtjG0WiZhtF0mkbRQltG0U8cBtFa3MbRZ52
G0XSeRtFCX0bRTiAG0VrgxtFnoYbRdKJG0UFjRtFOJAbRWuTG0WilhtF1pkbRQWdG0U4oBtF
a6MbRaKmG0XSqRtFBa0bRTiwG0VrsxtFp7YbRda5G0UJvRtFOMAbRW/DG0WexhtF0skbRQXN
G0U40BtFa9MbRaLWG0XS2RtFBd0bRTjgG0Vv4xtFouYbRdbpG0UJ7RtFOPAbRWvzG0We9htF
1vkbRQX9G0U4ABxFbwMcRZ4GHEXWCRxFBQ0cRTwQHEVvExxFnhYcRdYZHEUFHRxFOCAcRW8j
HEWeJhxF0ikcRQUtHEU4MBxFbzMcRaI2HEXWORxFBT0cRTxAHEVrQxxFokYcRdJJHEUJTRxF
OFAcRWtTHEWeVhxF0lkcRQVdHEU4YBxFjmQcRRlnHEXSaRxFBW0cRThwHEVrcxxFnnYcRdJ5
HEUFfRxFOIAcRWuDHEWehhxF1okcRQWNHEU8kBxFb5McRaKWHEXSmRxFBZ0cRTygHEVvoxxF
nqYcRdKpHEUJrRxFPLAcRWuzHEWithxF0rkcRQW9HEU4wBxFa8McRZ7GHEXWyRxFCc0cRTjQ
HEVv0xxFotYcRdLZHEUJ3RxFPOAcRW/jHEWe5hxF0ukcRQntHEU48BxFa/McRZ72HEXW+RxF
Cf0cRTgAHUVvAx1FngYdRdYJHUUFDR1FPBAdRWsTHUWeFh1F0hkdRQkdHUU8IB1FayMdRaIm
HUXWKR1FBS0dRTwwHUVrMx1FojYdRdI5HUUFPR1FOEAdRWtDHUWeRh1F0kkdRQVNHUU8UB1F
b1MdRZ5WHUXWWR1FBV0dRThgHUVvYx1FnmYdRdZpHUUFbR1FPHAdRWtzHUWedh1F0nkdRQV9
HUU=</AssayXData><AssayYData Points="500">W1SlQIBtpUCX0KVA6qKlQFfHpUCZsqVAxrqlQCK4pUAj0KVAf62lQGzHpUCH76VAob+lQI/b
pUCQ3KVAyd6lQBzXpUBny6VAX9ClQM3CpUAS8KVAce2lQBHOpUC7uKVAwQymQFj9pUBuzaVA
aMqlQK38pUC546VAENulQPcEpkBy4aVA1gumQOD2pUAA8KVA1+2lQPwXpkDr+KVA2OelQO0A
pkCM/aVAF82lQLngpUDjBqZAcv6lQEkIpkCg7aVAjtulQFUgpkBo26VAA/qlQKvapUA06qVA
z9ulQB4DpkBOIKZA99ylQCHepUCM+6VAlwSmQDDvpUCA8aVAxxemQJvspUDD/aVAAQ+mQFHV
pUCrAKZABwCmQCjxpUCX46VAvtalQLfhpUD/6qVAEf+lQHPepUDUEKZAgC+mQKrspUAfGqZA
39mlQIcIpkAmG6ZAMvulQN8kpkCI/qVAEP2lQKoMpkC18qVAqRqmQAEfpkCP5aVANQemQOr/
pUDbBqZAvt2lQJYRpkBiI6ZA2g+mQBbppUA7EKZA+ximQJMJpkAp7qVAUdulQDsJpkDgAqZA
QQWmQMn8pUCEH6ZA5AqmQNr1pUDjEaZAGv+lQMLbpUAWJ6ZAYxOmQPgEpkCfAqZAyyemQFrx
pUCUGaZAOi2mQGowpkDZCaZAlTmmQMwvpkBbEaZAeiOmQH0dpkDeJaZAmhSmQJ8QpkDNIKZA
3TGmQPtJpkBTH6ZArxmmQJpUpkAUMqZAXOalQAESpkD+F6ZA/A+mQBYqpkBsBqZAi/alQMZL
pkBuLKZAITGmQKElpkDWRaZA/BSmQI82pkBIQ6ZAEyemQB0KpkDASKZAhwSmQL4kpkAwL6ZA
fzWmQIYWpkAwM6ZA6T2mQLoepkCyBKZAHyWmQNgzpkDMLqZAHl6mQGUipkAlQ6ZABSumQCoV
pkDLOqZA3kymQJIypkB/JaZAbUumQKg+pkDUP6ZAJU+mQJ8lpkCwOqZA0C2mQAJRpkDsQ6ZA
/TimQHZRpkDWW6ZAPhWmQNNqpkDvXKZAWGamQBZGpkCQCKZAOiKmQB0+pkB8TqZAKWGmQDJl
pkALSKZApVOmQA9kpkD+XaZA9mSmQO9ApkBlSaZAijOmQJZlpkD2TqZAJzemQMxkpkCliaZA
EmmmQGozpkAib6ZAz16mQNhKpkDwbqZAvnKmQPdhpkA1bqZAFoWmQAlFpkBFVaZA01WmQPFj
pkA8eKZA1JimQClfpkCeXqZAVoWmQAB/pkAzaaZA/VCmQCWLpkBckqZAwHamQG87pkC7eKZA
73CmQJR6pkClh6ZAwmKmQERopkAcZ6ZA+FOmQJ5opkALhqZAgVCmQG1xpkBJT6ZAmF+mQGdt
pkDOlKZAinmmQIJmpkDUcKZA7nGmQKiFpkAuf6ZA0WKmQJpvpkCBlKZA5VmmQH+apkDwb6ZA
tZmmQHFrpkBOcKZACnamQHhzpkBZfKZAcZemQB+dpkDId6ZAhYymQGGYpkAKgqZA0IqmQB6V
pkBTi6ZAGHKmQEh7pkD1VKZAq4mmQPSfpkDOfKZABYymQA6TpkD7naZALMGmQJe/pkC1qaZA
qYWmQEjApkAglaZAd5+mQHKupkD8vaZAc3mmQDKcpkAYqqZAP6+mQEajpkDvsqZAhaGmQD6Q
pkB/kqZAfqamQA22pkCDvqZAYpGmQGO9pkAIqqZAUaOmQISspkBleaZAI8qmQHCgpkDBoaZA
MrmmQJqXpkB5w6ZAx6mmQB6vpkDvtKZAZqWmQLCMpkA4raZAVsmmQBvNpkCpkaZAEr6mQHvO
pkAIw6ZAsqumQJHLpkBIwKZAtdamQIPCpkAwpqZAZOCmQAnRpkCKy6ZARbymQHXBpkCJvqZA
3bemQPTYpkB+w6ZAi5imQFW7pkDx3aZA68emQArDpkCIzKZAaM+mQPHFpkCP2qZAoaymQPjh
pkCy8qZAsNOmQEqupkBM2aZA6d6mQDXGpkDpBKdAzOamQEDppkDR+6ZA+timQK/NpkBryKZA
WeOmQALUpkA11KZA8cemQALgpkDzw6ZAEQanQKrQpkA2sqZAqhinQBC7pkCCx6ZAZOumQBL1
pkDQ9qZAdeimQDflpkDBC6dAuOOmQELypkDD6qZARQGnQNn9pkAJzKZAjcSmQBXgpkC246ZA
9t6mQEUKp0DwH6dAvb+mQJbmpkAMHqdAdNqmQIvVpkBgAqdAMRCnQCMUp0BtHadAWuGmQHfJ
pkDM6qZAOO+mQC74pkCLAqdA2Q6nQEj3pkBm9KZA9R+nQAgJp0B47qZA3/WmQFH6pkBSEqdA
DhCnQJAVp0DI6aZAz++mQDkMp0AgHKdAmfemQH0ip0BOzqZA9AenQNkop0Bo/aZAmPmmQNrW
pkBMI6dAhc+mQFEyp0BQC6dAwgOnQNAip0CxIadAMuOmQB4fp0B0KKdAtwGnQAcdp0CzFqdA
bR2nQDkup0ALJKdAbxGnQM/3pkA6M6dAEA6nQCIgp0BAGadAjO+mQMApp0AsR6dArVynQONC
p0DZNqdAgjunQLgMp0AcPadASjanQMoVp0BeP6dAdiOnQOUpp0BjN6dAJEmnQD4vp0D1+KZA
Tk6nQBozp0A6KadAEy2nQIQtp0B6JKdAzlmnQB45p0ARL6dAjDCnQOAup0BmK6dAwyynQHxH
p0A=</AssayYData></Step><Step><CommonData><SampleLocation>2</SampleLocation><SampleID>hsCD3d/e_Acro_CDD-H52W1</SampleID><SampleGroup></SampleGroup><SampleInfo></SampleInfo><SampleRow>E</SampleRow><SamplePlate>1</SamplePlate><WellType>KSAMPLE</WellType><Concentration>-1</Concentration><ConcentrationUnits>µg/ml</ConcentrationUnits><MolarConcentration>50</MolarConcentration><MolarConcUnits>nM</MolarConcUnits><MolecularWeight>0</MolecularWeight><Temperature>30</Temperature><StartTime>2914722</StartTime><AssayTime>180</AssayTime></CommonData><FlowRate>1000</FlowRate><StepType>ASSOC</StepType><StepName>Association</StepName><StepStatus>OK</StepStatus><ActualTime>180.001</ActualTime><CycleTime>0.2</CycleTime><AssayXData Points="900">OIAdRWuDHUWihh1F0okdRQWNHUU4kB1Fb5MdRZ6WHUXSmR1FBZ0dRTygHUVrox1FnqYdRdap
HUUFrR1FOLAdRW+zHUWith1F0rkdRQm9HUU4wB1Fb8MdRZ7GHUXSyR1FBc0dRTzQHUVr0x1F
ntYdRdLZHUUF3R1FOOAdRWvjHUWe5h1F0ukdRQXtHUU88B1Fa/MdRZ72HUXW+R1FCf0dRTgA
HkVrAx5FogYeRdIJHkUFDR5FPBAeRWsTHkWiFh5F0hkeRQkdHkU4IB5FayMeRZ4mHkXWKR5F
CS0eRTwwHkVrMx5FnjYeRdI5HkUFPR5FPEAeRW9DHkWeRh5F1kkeRQVNHkU4UB5Fb1MeRZ5W
HkXWWR5FBV0eRXVgHkVrYx5FnmYeRdZpHkUFbR5FOHAeRWtzHkWedh5F0nkeRQl9HkU4gB5F
a4MeRZ6GHkXSiR5FBY0eRTiQHkVrkx5FopYeRdKZHkUFnR5FOKAeRWujHkWiph5F0qkeRQmt
HkU4sB5Fa7MeRZ62HkXSuR5FCb0eRTjAHkVrwx5FnsYeRdLJHkUJzR5FONAeRW/THkWe1h5F
0tkeRQXdHkU44B5Fa+MeRZ7mHkXS6R5FBe0eRTjwHkVr8x5FnvYeRdL5HkUF/R5FPAAfRWsD
H0WiBh9F0gkfRQUNH0U8EB9FbxMfRaIWH0XWGR9FCR0fRTggH0VrIx9FniYfRdIpH0UFLR9F
ODAfRWszH0WiNh9F1jkfRQU9H0U4QB9Fb0MfRaJGH0XSSR9FBU0fRThQH0VvUx9FolYfRdZZ
H0UJXR9FPGAfRWtjH0WiZh9F0mkfRQltH0U4cB9Fb3MfRZ52H0XSeR9FBX0fRTiAH0Vrgx9F
noYfRdKJH0UJjR9FPJAfRWuTH0Welh9F0pkfRQWdH0XLoB9Fb6MfRZ6mH0XSqR9FBa0fRTiw
H0Vrsx9ForYfRdK5H0UFvR9FPMAfRWvDH0Wexh9F1skfRQXNH0U40B9Fa9MfRaLWH0XW2R9F
Bd0fRTzgH0Vr4x9FouYfRdLpH0UJ7R9FPPAfRWvzH0We9h9F1vkfRQX9H0U8ACBFawMgRZ4G
IEXSCSBFCQ0gRTwQIEVrEyBFohYgRdIZIEUFHSBFPCAgRWsjIEWeJiBF0ikgRQUtIEU4MCBF
bzMgRaI2IEXSOSBFBT0gRThAIEVrQyBFnkYgRdJJIEUJTSBFOFAgRWtTIEWiViBF0lkgRQVd
IEU4YCBFb2MgRZ5mIEXSaSBFBW0gRTxwIEVvcyBFnnYgRdJ5IEUJfSBFPIAgRW+DIEWehiBF
0okgRQmNIEU8kCBFb5MgRaKWIEXSmSBFBZ0gRTigIEVvoyBFoqYgRdKpIEUFrSBFPLAgRWuz
IEWitiBF0rkgRQW9IEU4wCBFa8MgRZ7GIEXSySBFCc0gRTjQIEVv0yBFntYgRdbZIEUJ3SBF
r+AgRWvjIEWe5iBF0ukgRQntIEU48CBFa/MgRaL2IEXW+SBFBf0gRTwAIUVrAyFFngYhRdIJ
IUUJDSFFPBAhRWsTIUWiFiFF0hkhRQkdIUU8ICFFayMhRZ4mIUXSKSFFBS0hRTwwIUVrMyFF
njYhRdI5IUUFPSFFPEAhRWtDIUWiRiFF0kkhRQlNIUU4UCFFa1MhRZ5WIUXWWSFFBV0hRThg
IUVrYyFFomYhRdJpIUUFbSFFOHAhRWtzIUWidiFF0nkhRQV9IUU4gCFFa4MhRZ6GIUXWiSFF
CY0hRTyQIUVvkyFFnpYhRdaZIUUFnSFFOKAhRW+jIUWepiFF0qkhRQWtIUU8sCFFa7MhRZ62
IUXWuSFFBb0hRTjAIUVrwyFFnsYhRdLJIUUJzSFFONAhRW/TIUWe1iFF1tkhRQXdIUU84CFF
b+MhRaLmIUXS6SFFBe0hRTzwIUVr8yFFnvYhRdL5IUUF/SFFOAAiRWsDIkWeBiJF1gkiRQkN
IkU4ECJFaxMiRaIWIkXSGSJFCR0iRXogIkVvIyJFniYiRdIpIkUFLSJFODAiRWszIkWeNiJF
0jkiRQU9IkU4QCJFa0MiRaJGIkXSSSJFBU0iRThQIkVrUyJFolYiRdZZIkUJXSJFOGAiRWtj
IkWeZiJF0mkiRQVtIkU4cCJFa3MiRZ52IkXSeSJFBX0iRTiAIkVvgyJFnoYiRdKJIkUJjSJF
OJAiRW+TIkWiliJF0pkiRQWdIkU4oCJFb6MiRZ6mIkXSqSJFBa0iRTiwIkVrsyJForYiRdK5
IkUFvSJFPMAiRWvDIkWexiJF1skiRQXNIkU40CJFa9MiRaLWIkXS2SJFBd0iRTzgIkVv4yJF
nuYiRdLpIkUJ7SJFOPAiRWvzIkWe9iJF0vkiRQn9IkU8ACNFawMjRaIGI0XSCSNFCQ0jRTgQ
I0VrEyNFnhYjRdYZI0UFHSNFOCAjRWsjI0WeJiNF0ikjRQUtI0U4MCNFazMjRZ42I0XSOSNF
BT0jRTxAI0VvQyNFokYjRdZJI0UFTSNFPFAjRWtTI0WeViNF0lkjRQVdI0WSYCNFa2MjRZ5m
I0XWaSNFCW0jRThwI0VvcyNFnnYjRdZ5I0UFfSNFOIAjRWuDI0WehiNF1okjRQWNI0U4kCNF
a5MjRZ6WI0XSmSNFBZ0jRTigI0VroyNFoqYjRdKpI0UJrSNFOLAjRW+zI0WetiNF0rkjRQW9
I0U4wCNFa8MjRZ7GI0XSySNFBc0jRTjQI0Vr0yNFntYjRdLZI0UJ3SNFOOAjRWvjI0We5iNF
0ukjRQXtI0U88CNFa/MjRZ72I0XW+SNFBf0jRTgAJEVrAyRFngYkRdIJJEUNDSRFOBAkRW8T
JEWeFiRF0hkkRQkdJEU4ICRFayMkRaImJEXSKSRFCS0kRTgwJEVrMyRFnjYkRdI5JEUJPSRF
OEAkRW9DJEWeRiRF0kkkRQVNJEU8UCRFa1MkRZ5WJEXSWSRFBV0kRThgJEVrYyRFnmYkRdJp
JEUFbSRFOHAkRWtzJEWediRF0nkkRQl9JEU4gCRFa4MkRZ6GJEXSiSRFCY0kRTiQJEVrkyRF
npYkRdaZJEUJnSRFq6AkRWujJEWepiRF0qkkRQWtJEU4sCRFa7MkRZ62JEXWuSRFBb0kRTjA
JEVrwyRFnsYkRdbJJEUJzSRFONAkRW/TJEWi1iRF0tkkRQXdJEU44CRFa+MkRaLmJEXS6SRF
Be0kRTzwJEVr8yRFovYkRdL5JEUJ/SRFOAAlRW8DJUWiBiVF1gklRQkNJUU4ECVFaxMlRZ4W
JUXSGSVFBR0lRTggJUVrIyVFoiYlRdYpJUUJLSVFODAlRWszJUWiNiVF0jklRQU9JUU4QCVF
a0MlRZ5GJUXWSSVFCU0lRThQJUVvUyVFnlYlRdZZJUUFXSVFOGAlRW9jJUWiZiVF0mklRQlt
JUU4cCVFa3MlRZ52JUXSeSVFCX0lRTyAJUVrgyVFooYlRdaJJUUFjSVFOJAlRWuTJUWiliVF
0pklRQWdJUU4oCVFa6MlRZ6mJUXSqSVFBa0lRTywJUVrsyVForYlRdK5JUUFvSVFPMAlRWvD
JUWixiVF1sklRQXNJUU40CVFa9MlRZ7WJUXS2SVFBd0lRYLgJUVr4yVFnuYlRdLpJUUJ7SVF
OPAlRXPzJUWe9iVF0vklRQn9JUU4ACZFbwMmRZ4GJkXSCSZFBQ0mRTgQJkVrEyZFnhYmRdIZ
JkUJHSZFOCAmRWsjJkWeJiZF1ikmRQUtJkU8MCZFbzMmRZ42JkXSOSZFCT0mRTxAJkVvQyZF
okYmRdJJJkUFTSZFPFAmRWtTJkWeViZF1lkmRQVdJkU4YCZFb2MmRZ5mJkXWaSZFCW0mRThw
JkVrcyZFnnYmRdJ5JkUFfSZFQIAmRWuDJkWehiZF0okmRQWNJkU4kCZFa5MmRZ6WJkXSmSZF
BZ0mRTigJkVroyZFnqYmRdKpJkUFrSZFOLAmRWuzJkWitiZF0rkmRQW9JkU8wCZFb8MmRZ7G
JkXSySZFBc0mRTjQJkVv0yZFntYmRdLZJkUJ3SZFOOAmRWvjJkWe5iZF1ukmRQXtJkU48CZF
a/MmRaL2JkXS+SZFBf0mRTwAJ0VrAydFngYnRdYJJ0UJDSdFPBAnRWsTJ0WeFidF0hknRQUd
J0XUICdFayMnRaImJ0XSKSdFCS0nRTwwJ0VrMydFnjYnRdY5J0UJPSdFOEAnRWtDJ0WeRidF
1kknRQlNJ0U8UCdFa1MnRaJWJ0XWWSdFBV0nRTxgJ0VrYydFnmYnRdJpJ0UFbSdFPHAnRW9z
J0WedidF1nknRQl9J0U8gCdFb4MnRZ6GJ0XSiSdFBY0nRTiQJ0VrkydFopYnRdKZJ0UFnSdF
OKAnRWujJ0WepidF0qknRQWtJ0U8sCdFa7MnRaK2J0XSuSdFCb0nRTjAJ0VrwydFnsYnRdLJ
J0UFzSdFONAnRWvTJ0We1idF2tknRQXdJ0U84CdFa+MnRaLmJ0XS6SdFCe0nRTjwJ0Vr8ydF
ovYnRdb5J0UF/SdFOAAoRW8DKEWeBihF0gkoRQUNKEU8EChFaxMoRZ4WKEXSGShFBR0oRTwg
KEVrIyhFoiYoRdIpKEUFLShFODAoRW8zKEWiNihF0jkoRQU9KEU8QChFa0MoRZ5GKEXSSShF
CU0oRThQKEVrUyhFnlYoRdZZKEUFXShFr2AoRWtjKEWeZihF0mkoRQVtKEU4cChFa3MoRZ52
KEXWeShFCX0oRTiAKEVrgyhFnoYoRdKJKEUJjShFOJAoRWuTKEWelihF0pkoRQWdKEU4oChF
a6MoRaKmKEXWqShFBa0oRTiwKEVvsyhForYoRdK5KEUJvShF</AssayXData><AssayYData Points="900">RdumQFb6pkC0c6dAe5GnQLSRp0Dfs6dAmamnQDXZp0A29adAMf6nQPX6p0B45KdAvyGoQIcG
qEDJGahA6j2oQJ0pqEDkLahAHUGoQHt2qECfXKhAEUKoQL+XqEBPaqhAHWOoQEONqEBap6hA
g4CoQO6ZqECNoahA9YuoQNqrqECZrKhASo+oQHbQqEB/+ahAir6oQLHFqEA4zahAX7+oQOTF
qEAiFqlAJeSoQBMDqUD41ahAYwKpQAXmqEBoJalAiiGpQP//qECsNqlADVSpQF4PqUAfIKlA
whKpQFQQqUBQMalA9DqpQFdAqUBPK6lAtFGpQJ9DqUDSTqlA2lqpQO1bqUDwX6lAdompQGGW
qUClgalARmepQA+LqUCefqlA1U6pQLuhqUBVfalAqaepQHeTqUC3nalAhZWpQFy4qUCwtqlA
j4GpQJGmqUAjvqlAWr6pQA2nqUBdyalAToWpQJnmqUBwyKlAFtSpQFbZqUB6sKlAMeepQOzT
qUDRyqlAx9qpQAj5qUBt6KlA+O+pQHjiqUDkrKlAQfqpQIPzqUC88KlAsfWpQLniqUCyBKpA
bhCqQG73qUDq/6lA8fKpQBIMqkAyQapAWAGqQI7+qUB5GqpAFyuqQII6qkCMKapADiGqQAZt
qkBpNqpAwFSqQJQ+qkCh/qlAq1OqQDJqqkCsTKpASjeqQN9UqkCwYKpApVKqQApiqkDgWKpA
Hl6qQA1bqkAYaKpAw0+qQDdJqkAEfKpA6E+qQLd0qkCfcqpAF1GqQC1zqkDXgqpA2H2qQIZj
qkDXqqpAF4CqQEVoqkC+japANoSqQDeIqkDTcqpAVYeqQNCUqkA7japA8Z+qQPaAqkALl6pA
HKaqQMauqkDHtapAP6OqQCeVqkAXyKpAqNiqQKyaqkDbqapAuaaqQH7aqkB6z6pAhuSqQK+8
qkAdrKpA8q+qQOvIqkAWy6pATLmqQOzAqkDV7apAH8qqQEbrqkDl8KpAwuaqQPABq0Ag8KpA
wQKrQJP0qkB8G6tASu+qQFECq0AVMqtAHyGrQB44q0DnCKtAjhyrQDwPq0AoH6tAK+6qQK0o
q0A8BqtA2jCrQOkUq0DAMqtAbiirQArcqkBbLKtAjyWrQM0lq0DXIKtAO06rQHQ8q0DHCKtA
Ay+rQH4Yq0ASTqtAEjSrQGo/q0A8OatA6UWrQB0yq0BOOKtAJzmrQIhdq0DVPqtAMUCrQMhG
q0AJTKtAgTurQHeHq0DkZKtAp0qrQO9fq0DXYatAQnSrQNloq0CbgKtAkXGrQByOq0CAiKtA
k2irQKyhq0CGfatA9JGrQHl/q0Axv6tAD3+rQD6Eq0Dbg6tAX5SrQAaGq0C/datA3qarQCmW
q0DmrKtAd3erQH+Sq0AokKtAmOWrQOq2q0D/n6tAGbKrQCeZq0AimatAmsyrQHGyq0BVtKtA
neGrQG63q0CMs6tABsarQIOlq0APjqtAB66rQCrpq0CaratAHJ2rQJblq0AhsqtA/6OrQIfy
q0AMvKtAcM2rQL73q0ByqatAkserQOTeq0DdBqxAGgCsQEXsq0BaFaxAauirQCPfq0BK5qtA
5uyrQCfYq0A4QaxAyQisQOnlq0AECaxApRysQNfTq0C61qtAM/urQOXYq0A/7KtA9firQCQN
rEC7/6tA0iqsQKBQrEDr86tATyOsQAcTrEAgCKxAdBesQIIcrEBdEKxAkBmsQC4+rEAAIaxA
oBisQOZRrEBPEqxAqhGsQKQ6rEBzGaxAbSGsQI4+rEBeQ6xA5CCsQKQwrEDjIKxA8TOsQHhZ
rEDvPaxAnSesQHNBrEA+NKxATmKsQEBSrEApQKxAAj+sQIl/rEB4XKxADkqsQMBkrEALY6xA
U1OsQJ1brEBycKxAmG2sQCB8rEBceKxAd52sQJRsrECZWaxA54isQLxRrECBdqxAmISsQLpY
rECXZqxAzmysQDF7rECvlqxAOIOsQMpjrEASa6xArWWsQHSerECvkaxA3pysQMCPrEDpi6xA
a3GsQJaPrEDRc6xABoasQJS2rECLm6xAGoKsQFzNrEAgnqxArLCsQJmorECdsaxAj7GsQKCt
rEB9mKxAx6GsQFrIrEC94qxAhbWsQNS6rEC4sqxAr6CsQCfGrEB2uKxAcNasQK/WrEDFzqxA
f8msQCbCrED7+qxAmN6sQPO4rEBWvqxA3visQEC6rEDk3KxAf+CsQPzKrEAT0axAsgitQOvj
rEA3AK1Ag+OsQI74rEAH76xATfqsQGQIrUAN7axAiOGsQF/2rEBd9axABAOtQD/+rEBCC61A
tOqsQKPxrEAm3KxAywGtQJ4ErUAbC61AFQ2tQHYMrUCeFq1AXhetQLEErUAOFa1Ahv6sQKIf
rUAMJ61A1iKtQKcsrUACHq1AtxGtQFEsrUBIJ61AgCetQKIirUBeNK1AQBatQC8TrUA0V61A
uBmtQCEnrUBOQK1AOSutQAP9rEAQBK1AyzutQBI1rUByRa1AUyKtQG0frUBCMa1A2FmtQKFK
rUAzPa1APVitQGlSrUDZOK1A2jetQEMxrUCVKq1AUkqtQHNJrUB2S61Ag0CtQNxtrUBKYa1A
KlutQId0rUBFPK1AjDCtQO5RrUAARq1ANGStQOmJrUAAT61AKVKtQMyDrUDWaq1Ap22tQNFY
rUAqgK1AomCtQEOrrUDOa61AAFytQL1lrUDTla1AlG2tQKVjrUA1mK1AUGitQKCUrUB5ha1A
e46tQFl4rUBueq1AeJutQHtprUCwpK1AB52tQN2arUDTq61AzpitQIqOrUAuiK1AuJqtQNCt
rUD6va1A0pOtQH+NrUBqqa1A/6KtQBesrUBXlq1AsqOtQH6krUC8ga1A35WtQAfbrUDcpK1A
NMKtQACYrUDxvq1AIrmtQG+1rUBkxa1AdcqtQBCWrUBLq61Ai82tQMW1rUDy8a1AH8etQN22
rUBryK1AocqtQGrSrUCh/q1AicytQATLrUBtx61AzPqtQF3BrUB9761A+PCtQLXYrUAp061A
v6utQOsErkBgu61ABumtQPsIrkAd6K1AxvetQOHKrUD9w61Ag/ytQK/erUD15q1ASOetQI32
rUBF3a1AdsytQMoLrkCC461AD/6tQE38rUDa+K1AG+StQMUPrkAB461AfBSuQIX9rUCtGq5A
sdWtQKPwrUBp7K1A1vetQAvtrUAtFK5A2/mtQDEMrkBzFq5AGOStQPImrkCwD65AvvqtQLQF
rkA9Ka5A1w6uQIYYrkCPNK5AqkCuQEYWrkCYJa5AyCquQLsprkAmBK5AIzuuQHT2rUC/Ra5A
dT2uQCEfrkD6Sq5A/T+uQNZqrkD8Ia5A1heuQFw4rkC7UK5AOz2uQGUIrkB2Na5Ao1iuQAA3
rkAzNa5AclmuQC5HrkCeNq5Ar1GuQNtFrkApea5AG0KuQD0/rkDgbK5A/DCuQHpzrkBkNq5A
ql6uQKZnrkCYWK5A0FGuQBplrkCCQ65AN0KuQLhjrkBYgK5AMnSuQNFRrkBGUa5A7WiuQHVe
rkBbgq5AWWWuQAt3rkCEXa5AlGyuQNFTrkCnT65AQ2quQF94rkBUX65AoHGuQEBbrkBYbq5A
1buuQOFyrkAvo65A0H6uQFlwrkA9gq5AwoiuQG9grkBSe65AtJuuQO5xrkA4iq5AjJWuQNZc
rkAQVq5Ao3OuQNyHrkD5gq5Acr6uQAyXrkB3oq5ATHOuQO2YrkBtna5AqWuuQEx9rkA8eq5A
vXuuQKSXrkBjq65AHJuuQFGrrkB+qK5Af66uQPurrkAhvq5A03uuQFSfrkD64a5AbcauQHXA
rkAYwa5AMr6uQCaZrkCNo65AAMWuQOqErkAzsa5Aa9KuQDKmrkDF9a5A9p+uQC2/rkCpta5A
vMmuQEu1rkANwK5AJKiuQKqyrkCVzK5AsMCuQA7rrkB9y65AIMWuQKbJrkAzza5AuLWuQN7X
rkCCyK5An7quQFbXrkAxm65AHvOuQK/2rkDx5a5AvtiuQLj5rkDt2q5AM8GuQIf/rkCKvq5A
wd6uQJzhrkAL4K5AX9quQHkHr0AWF69AAKyuQDPlrkA6B69AxgevQIvvrkC5DK9AssyuQDvg
rkCPD69AB9uuQITrrkBc6a5A9wevQB/5rkBUIq9AhQ+vQLvLrkD64q5AZhSvQKASr0AHDK9A
TQqvQB7irkD78a5Ar+yuQBEVr0B+Ia9AbPeuQG5Ar0B3CK9A8x+vQDf1rkC+Hq9AaTuvQEEB
r0C/SK9ABAqvQJD/rkB4Q69ACxqvQBgWr0AhLK9A9iavQB/0rkDeGa9AIRWvQItGr0BXQq9A
zDGvQCUTr0BICa9AGjKvQKwbr0D3Qa9A6ESvQIpKr0BxG69ABCWvQKMqr0CANa9Avz6vQKAx
r0AuYK9AIkWvQN91r0D0Pa9AFlGvQH0Nr0CfLK9AgEGvQIgYr0BgOK9A2jSvQJtSr0C3Qq9A
l1GvQAVDr0CiU69A6jOvQO5Vr0A/Qq9Agj6vQJtOr0A+RK9ASV2vQKlDr0AFKa9ArR2vQAdy
r0C8Uq9AWV+vQC5nr0CGU69AnEOvQI5kr0B3bK9Ax1avQCtor0Ducq9ApWCvQIwnr0BadK9A
xE2vQKFOr0Cvcq9AJI2vQICBr0CWU69AJFOvQHRNr0AXYK9AcWivQA9qr0BpX69A8qCvQPeI
r0C3Wq9AoomvQF57r0B3gK9AB3WvQLtvr0ANc69AWWmvQBpor0AKkq9A4IWvQI5tr0DMma9A
KZivQKtrr0CxbK9AQYGvQEuIr0BWja9AkXuvQNeur0Agga9A</AssayYData></Step><Step><CommonData><SampleLocation>1</SampleLocation><SampleID>Octet Buffer</SampleID><SampleGroup></SampleGroup><SampleInfo></SampleInfo><SampleRow>E</SampleRow><SamplePlate>1</SamplePlate><WellType>BUFFER</WellType><Concentration>-1</Concentration><ConcentrationUnits>µg/ml</ConcentrationUnits><MolarConcentration>-1</MolarConcentration><MolarConcUnits>nM</MolarConcUnits><MolecularWeight>0</MolecularWeight><Temperature>30</Temperature><StartTime>3102799</StartTime><AssayTime>300</AssayTime></CommonData><FlowRate>1000</FlowRate><StepType>DISASSOC</StepType><StepName>Dissociation</StepName><StepStatus>OK</StepStatus><ActualTime>300.001</ActualTime><CycleTime>0.2</CycleTime><AssayXData Points="1500">PMAoRXPDKEWixihF2skoRQnNKEU80ChFb9MoRaLWKEXa2ShFDd0oRTzgKEVv4yhFpuYoRdbp
KEUJ7ShFPPAoRW/zKEWi9ihF1vkoRQ39KEU8AClFbwMpRaIGKUXWCSlFDQ0pRTwQKUVvEylF
phYpRdoZKUUJHSlFPCApRW8jKUWiJilF1ikpRQ0tKUVAMClFczMpRaI2KUXaOSlFCT0pRTxA
KUVvQylFpkYpRdZJKUUNTSlFPFApRXNTKUWiVilF1lkpRQ1dKUU8YClFb2MpRaJmKUXWaSlF
CW0pRUBwKUVzcylFpnYpRdZ5KUUJfSlFQIApRW+DKUWmhilF1okpRQmNKUU8kClFb5MpRaKW
KUXamSlFCZ0pRTygKUVvoylFoqYpRdqpKUUNrSlFPLApRW+zKUWitilF1rkpRQm9KUU8wClF
c8MpRaLGKUXWySlFDc0pRTzQKUVv0ylFotYpRdrZKUUJ3SlFPOApRW/jKUWi5ilF1ukpRQnt
KUU88ClFc/MpRaL2KUXa+SlFCf0pRUAAKkVvAypFogYqRdoJKkUJDSpFPBAqRW8TKkWiFipF
1hkqRQkdKkU8ICpFbyMqRaImKkXaKSpFDS0qRUAwKkVvMypFpjYqRdY5KkUNPSpFPEAqRW9D
KkWiRipF2kkqRQlNKkU8UCpFc1MqRaZWKkXWWSpFCV0qRUBgKkVzYypFpmYqRdZpKkUNbSpF
PHAqRXNzKkWidipF2nkqRQl9KkU8gCpFb4MqRaKGKkXWiSpFCY0qRTyQKkVvkypFopYqRdqZ
KkUJnSpFPKAqRXOjKkWipipF2qkqRQmtKkU8sCpFb7MqRaa2KkXWuSpFCb0qRTzAKkVvwypF
psYqRdbJKkUJzSpFQNAqRW/TKkWi1ipF2tkqRQndKkU84CpFb+MqRaLmKkXW6SpFCe0qRUDw
KkVv8ypFovYqRdb5KkUN/SpFPAArRXMDK0WiBitF1gkrRQ0NK0U8ECtFbxMrRaIWK0XWGStF
DR0rRTwgK0VvIytFpiYrRdYpK0UJLStFPDArRXMzK0WiNitF2jkrRQ09K0U8QCtFb0MrRaZG
K0XaSStFCU0rRTxQK0VvUytFplYrRdZZK0UJXStFPGArRW9jK0WiZitF2mkrRQ1tK0VAcCtF
b3MrRaJ2K0XaeStFDX0rRTyAK0VzgytFpoYrRdaJK0UJjStFQJArRW+TK0WmlitF2pkrRQmd
K0U8oCtFc6MrRaamK0XaqStFCa0rRTywK0VvsytForYrRdq5K0UNvStFQMArRXPDK0WmxitF
1skrRQ3NK0VA0CtFc9MrRaLWK0Xa2StFCd0rRUDgK0Vz4ytFouYrRdbpK0UJ7StFQPArRXPz
K0Wm9itF2vkrRQ39K0VAACxFbwMsRaIGLEXWCSxFCQ0sRTwQLEVvEyxFohYsRdoZLEUJHSxF
PCAsRW8jLEWiJixF1iksRQktLEU8MCxFbzMsRaY2LEXaOSxFDT0sRUBALEVvQyxFokYsRdZJ
LEUNTSxFPFAsRW9TLEWiVixF1lksRQ1dLEU8YCxFb2MsRaZmLEXWaSxFDW0sRTxwLEVvcyxF
onYsRdZ5LEUNfSxFPIAsRXODLEWihixF1oksRQmNLEVAkCxFb5MsRaKWLEXamSxFCZ0sRUCg
LEVzoyxFoqYsRdapLEUNrSxFPLAsRW+zLEWitixF1rksRQm9LEU8wCxFb8MsRaLGLEXWySxF
Dc0sRTzQLEVv0yxFotYsRdbZLEUN3SxFPOAsRW/jLEWm5ixF1uksRQntLEVA8CxFc/MsRab2
LEXW+SxFCf0sRUAALUVzAy1FogYtRdoJLUUNDS1FPBAtRW8TLUWmFi1F1hktRQ0dLUVAIC1F
byMtRaImLUXWKS1FCS0tRTwwLUVvMy1FojYtRdY5LUUNPS1FQEAtRW9DLUWiRi1F1kktRQlN
LUU8UC1Fb1MtRaZWLUXaWS1FCV0tRUBgLUVvYy1FomYtRdppLUUJbS1FQHAtRW9zLUWidi1F
1nktRQ19LUVAgC1Fb4MtRaKGLUXWiS1FCY0tRTyQLUVzky1FopYtRdaZLUUNnS1FQKAtRXOj
LUWmpi1F1qktRQ2tLUVAsC1Fc7MtRaK2LUXWuS1FDb0tRTzALUVzwy1Fq8YtRdbJLUUJzS1F
PNAtRW/TLUWm1i1F2tktRQndLUU84C1Fc+MtRaLmLUXW6S1FCe0tRUDwLUVv8y1FpvYtRdb5
LUUJ/S1FPAAuRW8DLkWiBi5F1gkuRQ0NLkU8EC5FcxMuRaIWLkXWGS5FCR0uRTwgLkVzIy5F
piYuRdopLkUJLS5FQDAuRXMzLkWiNi5F1jkuRQk9LkVAQC5Fb0MuRaJGLkXWSS5FCU0uRTxQ
LkVvUy5FolYuRdZZLkUJXS5FPGAuRXNjLkWmZi5F2mkuRQltLkVAcC5Fb3MuRaJ2LkXaeS5F
DX0uRTyALkVvgy5FpoYuRdaJLkUNjS5FPJAuRW+TLkWili5F1pkuRQ2dLkU8oC5Fb6MuRaam
LkXWqS5FCa0uRTywLkVvsy5FprYuRda5LkUNvS5FQMAuRXPDLkWixi5F1skuRQ3NLkU80C5F
b9MuRaLWLkXW2S5FCd0uRUDgLkVv4y5FouYuRdrpLkUJ7S5FPPAuRW/zLkWm9i5F2vkuRQn9
LkU8AC9FbwMvRaIGL0XaCS9FCQ0vRUAQL0VzEy9FphYvRdYZL0UJHS9FPCAvRW8jL0WmJi9F
1ikvRQktL0VAMC9FbzMvRaY2L0XaOS9FDT0vRUBAL0VzQy9FpkYvRdZJL0UJTS9FPFAvRXNT
L0WiVi9F1lkvRQ1dL0VAYC9Fc2MvRaZmL0XWaS9FCW0vRTxwL0Vzcy9FpnYvRdZ5L0UJfS9F
PIAvRW+DL0Wihi9F1okvRQ2NL0U8kC9Fc5MvRaKWL0XWmS9FCZ0vRUCgL0Vzoy9FoqYvRdap
L0UNrS9FPLAvRXOzL0Witi9F1rkvRQ29L0U8wC9Fc8MvRabGL0XWyS9FDc0vRTzQL0Vv0y9F
otYvRdrZL0UJ3S9FPOAvRW/jL0Wi5i9F1ukvRQntL0U88C9Fc/MvRaL2L0XW+S9FCf0vRUAA
MEVvAzBFogYwRdYJMEUNDTBFPBAwRXcTMEWiFjBF1hkwRQkdMEU8IDBFbyMwRaImMEXaKTBF
DS0wRTwwMEVzMzBFqzYwRdo5MEUJPTBFPEAwRXNDMEWiRjBF2kkwRQlNMEVAUDBFb1MwRaZW
MEXWWTBFDV0wRTxgMEVzYzBFomYwRdppMEUNbTBFPHAwRXNzMEWmdjBF1nkwRQl9MEVAgDBF
b4MwRaaGMEXaiTBFCY0wRTyQMEVzkzBFppYwRdaZMEUNnTBFPKAwRW+jMEWipjBF1qkwRQmt
MEU8sDBFb7MwRaa2MEXauTBFCb0wRTzAMEVzwzBFpsYwRdbJMEUJzTBFQNAwRXPTMEWi1jBF
1tkwRQndMEVA4DBFb+MwRaLmMEXW6TBFCe0wRTzwMEVv8zBFpvYwRdr5MEUJ/TBFQAAxRW8D
MUWmBjFF1gkxRQkNMUU8EDFFbxMxRaYWMUXWGTFFDR0xRTwgMUVvIzFFoiYxRdopMUUNLTFF
PDAxRXMzMUWiNjFF1jkxRQ09MUVAQDFFc0MxRaJGMUXWSTFFCU0xRUBQMUVvUzFFolYxRdpZ
MUUJXTFFPGAxRW9jMUWiZjFF1mkxRQltMUU8cDFFc3MxRaJ2MUXaeTFFCX0xRUCAMUVzgzFF
ooYxRdqJMUUJjTFFQJAxRW+TMUWiljFF1pkxRQ2dMUU8oDFFb6MxRaamMUXWqTFFDa0xRUCw
MUVvszFFprYxRdq5MUUNvTFFQMAxRW/DMUWixjFF1skxRQnNMUU80DFFc9MxRabWMUXW2TFF
Dd0xRTzgMUVv4zFFouYxRdbpMUUN7TFFPPAxRXPzMUWi9jFF1vkxRQn9MUVAADJFcwMyRaYG
MkXWCTJFCQ0yRTwQMkVvEzJFphYyRdYZMkUJHTJFQCAyRW8jMkWiJjJF2ikyRQktMkVAMDJF
bzMyRaI2MkXaOTJFDT0yRUBAMkVzQzJFokYyRdZJMkUJTTJFPFAyRXNTMkWiVjJF2lkyRQld
MkU8YDJFb2MyRaZmMkXWaTJFDW0yRUBwMkVvczJFonYyRdZ5MkUJfTJFPIAyRW+DMkWihjJF
1okyRQmNMkVAkDJFb5MyRaaWMkXWmTJFCZ0yRUCgMkVvozJFoqYyRdqpMkUJrTJFQLAyRXOz
MkWmtjJF1rkyRQm9MkU8wDJFc8MyRaLGMkXayTJFDc0yRTzQMkVv0zJFotYyRdbZMkUJ3TJF
POAyRW/jMkWi5jJF1ukyRQntMkU88DJFb/MyRaL2MkXW+TJFDf0yRTwAM0VzAzNFogYzRdYJ
M0UNDTNFQBAzRXMTM0WmFjNF1hkzRQkdM0VAIDNFcyMzRaImM0XaKTNFDS0zRTwwM0VvMzNF
pjYzRdY5M0UNPTNFREAzRW9DM0WmRjNF1kkzRQ1NM0VAUDNFb1MzRaZWM0XWWTNFDV0zRTxg
M0VzYzNFomYzRdppM0UNbTNFPHAzRXNzM0WidjNF2nkzRQl9M0U8gDNFb4MzRaaGM0XWiTNF
DY0zRTyQM0VvkzNFopYzRdqZM0UJnTNFPKAzRXOjM0WipjNF1qkzRQmtM0VAsDNFb7MzRaa2
M0XWuTNFCb0zRTzAM0VvwzNFpsYzRdrJM0UJzTNFPNAzRW/TM0Wi1jNF1tkzRQndM0U84DNF
b+MzRaLmM0XW6TNFDe0zRUDwM0Vz8zNFovYzRdr5M0UJ/TNFPAA0RXMDNEWiBjRF2gk0RQkN
NEU8EDRFbxM0RaIWNEXWGTRFCR00RTwgNEVzIzRFoiY0RdYpNEUNLTRFQDA0RW8zNEWmNjRF
1jk0RQk9NEU8QDRFb0M0RaZGNEXWSTRFDU00RUBQNEVvUzRFolY0RdZZNEUJXTRFQGA0RXNj
NEWmZjRF1mk0RQ1tNEVAcDRFb3M0RaJ2NEXWeTRFCX00RUCANEVvgzRFooY0RdaJNEUNjTRF
PJA0RW+TNEWiljRF2pk0RQmdNEVAoDRFb6M0RaKmNEXWqTRFCa00RTywNEVzszRForY0Rdq5
NEUJvTRFPMA0RW/DNEWixjRF2sk0RQnNNEU80DRFb9M0RabWNEXa2TRFCd00RTzgNEVz4zRF
puY0RdrpNEUN7TRFPPA0RW/zNEWi9jRF1vk0RQ39NEU8ADVFcwM1RaYGNUXWCTVFCQ01RUAQ
NUVvEzVFohY1RdYZNUUJHTVFQCA1RW8jNUWiJjVF2ik1RQktNUVAMDVFbzM1RaI2NUXaOTVF
DT01RTxANUVzQzVFokY1RdpJNUUJTTVFPFA1RW9TNUWmVjVF1lk1RQldNUVAYDVFc2M1RaJm
NUXWaTVFCW01RTxwNUVvczVFpnY1RdZ5NUUJfTVFPIA1RW+DNUWihjVF1ok1RQmNNUVAkDVF
b5M1RaKWNUXamTVFCZ01RUCgNUVvozVFpqY1RdqpNUUJrTVFQLA1RW+zNUWitjVF1rk1RQ29
NUU8wDVFb8M1RaLGNUXWyTVFCc01RTzQNUVv0zVFotY1RdbZNUUJ3TVFPOA1RW/jNUWi5jVF
1uk1RQntNUVA8DVFc/M1Rab2NUXa+TVFDf01RTwANkVzAzZFpgY2RdYJNkUNDTZFPBA2RW8T
NkWmFjZF1hk2RQkdNkVAIDZFcyM2RaImNkXWKTZFCS02RUAwNkVzMzZFojY2Rdo5NkUJPTZF
PEA2RW9DNkWiRjZF1kk2RQlNNkU8UDZFc1M2RaJWNkXWWTZFDV02RUBgNkVvYzZFomY2RdZp
NkUJbTZFQHA2RW9zNkWidjZF1nk2RQ19NkU8gDZFb4M2RaKGNkXWiTZFDY02RTyQNkVvkzZF
opY2RdqZNkUJnTZFPKA2RW+jNkWipjZF1qk2RQmtNkU8sDZFb7M2Raa2NkXWuTZFDb02RUDA
NkVvwzZFpsY2RdrJNkUNzTZFPNA2RXPTNkWm1jZF2tk2RQndNkU84DZFb+M2RaLmNkXa6TZF
Ce02RTzwNkVz8zZFovY2Rdr5NkUJ/TZFPAA3RXMDN0WiBjdF1gk3RQ0NN0VAEDdFbxM3RaIW
N0XWGTdFCR03RTwgN0VzIzdFoiY3RdopN0UJLTdFPDA3RW8zN0WmNjdF2jk3RQk9N0U8QDdF
b0M3RaZGN0XWSTdFDU03RTxQN0VvUzdFolY3RdZZN0UNXTdFPGA3RW9jN0WmZjdF1mk3RQ1t
N0VAcDdFb3M3RaZ2N0XaeTdFDX03RTyAN0VvgzdFooY3RdaJN0UJjTdFPJA3RW+TN0WiljdF
2pk3RQmdN0U8oDdFc6M3RaKmN0XWqTdFCa03RTywN0VzszdFprY3Rda5N0UNvTdFQMA3RW/D
N0WixjdF1sk3RQnNN0VA0DdFb9M3RaLWN0Xa2TdFCd03RTzgN0Vz4zdFpuY3RdrpN0UJ7TdF
QPA3RW/zN0Wi9jdF1vk3RQn9N0U8ADhFbwM4RaYGOEXaCThFDQ04RTwQOEVvEzhFohY4RdYZ
OEUJHThFQCA4RW8jOEWmJjhF1ik4RQ0tOEU8MDhFbzM4RaI2OEXWOThFCT04RTxAOEVvQzhF
pkY4RdpJOEUJTThFQFA4RW9TOEWiVjhF1lk4RQ1dOEU8YDhFc2M4RaZmOEXWaThFDW04RUBw
OEVzczhFonY4Rdp5OEUJfThFQIA4RXODOEWmhjhF1ok4RQ2NOEU8kDhFb5M4RaaWOEXWmThF
CZ04RUCgOEVzozhFoqY4RdapOEUJrThFPLA4RW+zOEWitjhF1rk4RQ29OEVAwDhFb8M4RaLG
OEXWyThFCc04RTzQOEVv0zhFotY4RdrZOEUN3ThFQOA4RW/jOEWm5jhF2uk4RQntOEU88DhF
b/M4RaL2OEXa+ThFCf04RUAAOUVvAzlFogY5RdoJOUUJDTlFPBA5RXMTOUWmFjlF2hk5RQkd
OUU8IDlFcyM5RaImOUXWKTlFCS05RUAwOUVzMzlFojY5RdY5OUUJPTlFPEA5RW9DOUWiRjlF
1kk5RQ1NOUU8UDlFc1M5RaZWOUXWWTlFCV05RTxgOUVvYzlFomY5RdZpOUUNbTlFPHA5RW9z
OUWidjlF1nk5RQl9OUVAgDlFc4M5RaaGOUXWiTlFCY05RUCQOUVzkzlFopY5RdaZOUUNnTlF
PKA5RW+jOUWipjlF1qk5RQ2tOUU8sDlFb7M5RaK2OUXauTlFCb05RUDAOUVvwzlFpsY5RdrJ
OUUJzTlFQNA5RXPTOUWm1jlF2tk5RQ3dOUU84DlFb+M5RaLmOUXa6TlFCe05RTzwOUVv8zlF
pvY5Rdb5OUUJ/TlFPAA6RXMDOkWmBjpF2gk6RQ0NOkU8EDpFcxM6RaYWOkXaGTpFCR06RUAg
OkVzIzpFoiY6RdopOkUJLTpFPDA6RW8zOkWmNjpF1jk6RQk9OkVAQDpFc0M6RaZGOkXWSTpF
DU06RTxQOkVzUzpFolY6RdZZOkUJXTpFPGA6RW9jOkWiZjpF1mk6RQltOkU8cDpFb3M6RaJ2
OkXaeTpFCX06RTyAOkVvgzpFooY6RdaJOkUNjTpFPJA6RW+TOkWmljpF2pk6RQ2dOkU8oDpF
c6M6RaKmOkXWqTpFCa06RTywOkVvszpFprY6Rda5OkUJvTpFPMA6RXPDOkWmxjpF1sk6RQnN
OkU80DpFc9M6RaLWOkXW2TpFCd06RUDgOkVz4zpFouY6RdrpOkUN7TpFQPA6RW/zOkWi9jpF
2vk6RQ39OkVAADtFcwM7RaYGO0XaCTtFDQ07RUAQO0VvEztFphY7RdYZO0UJHTtFQCA7RW8j
O0WiJjtF1ik7RQ0tO0U8MDtFczM7RaY2O0XaOTtFCT07RTxAO0VzQztFokY7RdZJO0UJTTtF
PFA7RW9TO0WmVjtF1lk7RQldO0VAYDtFb2M7RaZmO0XaaTtFCW07RTxwO0VvcztFonY7Rdp5
O0UNfTtF</AssayXData><AssayYData Points="1500">FzyvQAtWr0D4O69AVhyvQHNQr0DHFa9ArUOvQILlrkA1KK9AOQ2vQNkFr0COK69A2Q2vQE4C
r0B/DK9AXQWvQPXvrkC/E69AaQqvQKfarkCJ165AExivQHnSrkD75K5AQequQEDGrkDHvq5A
5smuQB7MrkDCsa5ADLauQEbWrkAWt65Al8WuQOSWrkCRla5AvZuuQA2ArkAtla5AiZeuQBiv
rkCae65Al3yuQMCUrkDMfq5AA2muQOR8rkDKqK5AhoCuQPl0rkCmh65Aqk2uQOx4rkDRpa5A
iUGuQLFKrkBYba5AwUGuQACDrkCaeq5AG0yuQMFqrkC7YK5ALUquQAxUrkDMP65Am16uQAo0
rkDCTq5ANWiuQGEarkBaLq5AR3GuQBEmrkCwQK5Ad0auQLQlrkB4Iq5ABEmuQO0UrkCHLq5A
9QiuQA9crkBjIK5APSuuQFwJrkCUJq5ABASuQCcirkBYHK5Amv2tQJk+rkBtJa5AZuGtQIsf
rkBaDK5AhfOtQCfhrUAoBK5AAfutQNcFrkCGEq5AieitQP8crkBbJK5APtOtQJvXrUDVJa5A
cgyuQO0NrkCI/K1APOGtQDnMrUC35a1AL92tQBXQrUAyCK5AzNOtQOjprUCm7a1AxOKtQMnW
rUBJ4a1Ax+ytQJfzrUAzzq1Af9qtQCjdrUB1xK1A29utQOvXrUBc161AS8etQL+8rUA1qa1A
/NetQIC4rUDSoa1AQfGtQCvYrUCSsK1Ad7CtQOvZrUChza1A2rGtQC3WrUDPma1Am7KtQN7H
rUA02K1Aq5WtQNWzrUA4ya1Aka+tQOqYrUA0161AB6utQPOWrUCxqa1AcqytQBygrUACzK1A
KritQLGArUBSwa1AVMKtQCiVrUDxxa1A2qutQA2GrUDSu61A37itQAyVrUDPjK1A8IKtQCKg
rUDecq1ALJetQBSxrUCdrK1A1LytQNCOrUDtg61A8X+tQLqPrUBZfK1AxoWtQKWqrUCQda1A
SpmtQDp2rUBgdK1AEKKtQJWUrUBUjq1A1XitQIuerUD+j61AcJutQHV1rUDvf61AbHStQGZh
rUDxra1AMoetQFeIrUANga1A0XCtQGVxrUCEda1AFZGtQMporUBbmq1AkHitQAFwrUCokq1A
63mtQFCBrUCXgq1AqaKtQM9XrUCbd61A52WtQA5qrUDxha1ABnitQBNwrUC1Z61A4nCtQLtm
rUDUdK1AaHytQK94rUAKWK1AN16tQN5XrUAcaq1AHWqtQN9VrUCXeK1AbGitQD1orUB5gq1A
1W2tQDqArUAHNq1AQ1WtQGl4rUB4QK1Aoi6tQBdprUCEVq1AAVytQIJ0rUCSUq1AsUutQO9G
rUDaUq1AyEatQMV0rUB7cq1AjGmtQKcxrUB4S61AD1atQIlIrUCrY61Af2OtQMc6rUBES61A
2nKtQExArUDSha1ASmWtQHVrrUD8Ya1Ajm2tQNtgrUA8RK1A/VutQCt0rUBSWq1ALm2tQOc8
rUAaVK1Af0mtQA9ArUB3Jq1ASz+tQOdXrUAcO61AgDetQGVFrUBGQK1A4yCtQCNtrUB5T61A
2A+tQGlSrUCBP61ACjStQEc2rUCqMK1AOlStQGxXrUBIY61AtUmtQPpUrUB0X61AwDStQLY5
rUDyGa1Asy+tQEZArUAcGK1A2CWtQMwqrUB6PK1AjyCtQIYfrUA1H61ApBGtQG8LrUALSK1A
l0StQOI5rUAvPK1A3UitQPcSrUB7O61AgD2tQNg5rUCbLK1ATUKtQIgorUDpKq1AB2etQC0T
rUA9Lq1AHS2tQLAerUA8Ia1A2hatQG83rUArEq1Alx+tQJc9rUCt+axAdvSsQPMrrUADH61A
4hGtQO9LrUAaKa1APTmtQO8WrUAwXK1Avv2sQMEdrUDFCq1A+DatQHtirUDQMq1A3CmtQNUQ
rUAwQK1AnyetQPglrUAQPa1AyiStQFIZrUASJq1AJDatQHA1rUA5GK1Afi2tQCMXrUD4Ia1A
6UqtQNs3rUDOMK1AmSetQAUXrUBC7KxAQDmtQOwZrUB+Ha1APfesQFYIrUCMAK1Ap0qtQNMR
rUDtBa1AtSWtQLkwrUBzI61ASRKtQPgsrUDiJq1AH/GsQKMSrUD5Ca1A//6sQDNPrUCI+6xA
RRitQGovrUDv+axAiCCtQCoJrUCFIq1AxP+sQPMGrUB8Oa1AeNOsQBQLrUBNBq1AITmtQFX1
rEAZS61AlgGtQEMSrUDXBa1AG/WsQKQhrUAYUK1ANiKtQOgCrUCQF61AcC+tQI0rrUDp/6xA
z+msQNLzrECjA61AMj6tQD8YrUBeJK1ATQ2tQH8mrUAz7axAxR6tQP8nrUA6Cq1AjS+tQE4i
rUBT5qxAqA2tQGgurUDxFa1ALTetQMUArUCaKa1A5vCsQIJNrUAyJ61AqwutQPEbrUA2Ga1A
1xGtQEMRrUDrOa1AvQetQMP8rEAsKq1AYwWtQPL0rEB2Fq1A2SqtQGEArUDWFq1Amx6tQAoF
rUAxJ61AkC6tQNgNrUAWHq1A2AOtQAwNrUD236xAaO6sQLvvrED50axAEwutQAM2rUBVAq1A
QxetQLzarEDHAq1A7gytQKEorUBTA61AUBatQMTQrEAS8axAQA2tQHUqrUB1Dq1Afg2tQHIC
rUBWCK1AygmtQK0LrUBR7KxAfROtQMogrUDo8axAL/isQFtQrUBcFK1AegitQOcgrUDLKa1A
kAetQNsFrUBpIq1AcwitQKHgrECYJK1AvAOtQPbyrEARJq1A1BCtQNP6rEA1J61AjSStQDH0
rECfCq1AGgetQIvqrEA3K61AqBatQCvgrEBNEK1A1gutQG/wrEBX5qxAASGtQEICrUB2Eq1A
fOusQNkErUCH66xATPusQNb9rEDm4axASuCsQI0jrUCK5axA9hWtQDwarUBG/axAX/WsQDYK
rUCM/axAVfKsQFkfrUDeHa1ArPCsQIH9rEBuGa1AJgCtQPUVrUB9Ea1Aj+qsQPYYrUDb4KxA
iiOtQPL1rED5Cq1ABR+tQB71rEDyDq1AAQ+tQPz6rEAXE61Aq/WsQLcDrUDZFa1APwatQEzd
rECH96xAEgatQKjvrEAOBq1AfSKtQOrvrEBOE61A0PWsQGX3rEAm+6xAQxatQG8DrUAr/axA
txGtQJv3rEB75axA0B6tQNv6rECJ86xAoQWtQGEYrUDOC61A4ButQOYTrUCQ+qxAlQqtQBzt
rEBS7qxA5fOsQBYWrUBDLK1A+getQLMfrUBi5qxAreqsQCT9rEAcBa1AVAetQC3wrECk86xA
FvGsQPX+rEA9La1AFhqtQJLsrEABKK1AsBWtQEUCrUA5Ca1ASgatQB8WrUDmOK1AtO6sQGvt
rEDE/KxA6BqtQAjlrEA026xA7DKtQEYIrUBABK1ADPusQLMDrUC3DK1AxxqtQJcbrUC26axA
s/esQAcVrUB6vqxAIAqtQAkJrUCqBK1AFfusQPIWrUBT8qxAS+2sQPUWrUAqE61ASg2tQKb5
rECL8KxAzOWsQGUcrUDp4qxAa+CsQJELrUCX/qxAcOesQFsKrUBrEa1AmvusQFfbrEBc+6xA
pwytQNIarUDAIq1AKPasQGPvrEBZAq1A2wKtQMgMrUAFAa1AdhKtQCYDrUCNGK1AuAmtQBHl
rEBJAa1AhCitQFMbrUAeD61ADQmtQMHlrEC0Da1A4iKtQFMNrUBDFq1AlkCtQOzxrEAb7KxA
GOisQCwMrUAdC61AkgGtQNkcrUCw96xAFRutQLQ0rUBk0qxAKgCtQF76rECgBa1AMdOsQL8O
rUDvJK1ADAetQKkxrUDgL61AOfmsQA8BrUCvCa1AAQmtQFH8rECJDa1AG/2sQDjCrECm/KxA
qfusQIb0rECHH61AjQatQLvirEDR36xApCStQPXtrEBN+KxA1fKsQCvorEAl7axAf/WsQHYF
rUCV4qxAHfOsQNMNrUDE+6xAxwmtQFb9rEASzqxA3C2tQC3lrEBjC61AzOqsQJHmrEARFK1A
KQqtQAPtrEBRDq1AmdasQALvrEAY/qxA2+msQOnvrEDi66xASwqtQHAdrUDb6axAdwutQA8A
rUBwJa1AOQOtQN3hrEBUFa1AAO2sQH0vrUDaDK1AACetQGb6rEDADa1AaQStQM37rEBe86xA
+hCtQPrqrECkHq1AECitQPEBrUB166xA5yCtQHP2rEADNa1AbhGtQOACrUDX5KxAZQitQFkc
rUCm/axAEA2tQE/prECv/KxArA+tQNb9rEDj+KxADSOtQJ4trUCR8axAWgatQPUcrUCuAa1A
JvGsQGIRrUA86KxA4t6sQMnwrEBy+axA3yGtQN0mrUCLCK1A7P2sQMAbrUDHI61AyAatQOAC
rUCJKq1AIwqtQJAJrUA/JK1AaQitQEMMrUCcNK1A6gWtQCr/rED0Jq1AohytQGnlrEBhIq1A
2RStQHT8rEDrLK1A6SGtQGjyrEDk1qxAqS+tQOoKrUCeE61APhatQCANrUB176xAlxKtQBER
rUA/Ga1ARhatQCwhrUBFIK1A2z2tQBMbrUCn66xAECqtQAIjrUAfG61AsQWtQOourUBvFa1A
M/usQK0UrUAPDq1AASStQDQyrUDSKK1AxeSsQH4erUA6Bq1A0QetQAgvrUDyAK1AaOqsQL4B
rUA4Ca1AmTytQFbXrECWHa1ACSStQJ/drEAqHa1AoDOtQEDirEB+Ga1AkRStQLfzrEBMKq1A
CRutQNkFrUBJEa1ASgGtQH7rrEAXJq1AzhStQFMKrUCK+KxA9xCtQGourUBX/KxA4gStQA8m
rUAHFK1AIwytQNz5rEDbPa1AzA+tQB8VrUBY/qxAeyytQP4nrUDiIK1AmyytQFIwrUAX8KxA
TdqsQO5CrUDHGK1Aaw+tQMU0rUCO/qxA6fSsQAw2rUBxJa1AegWtQGIlrUByGK1AYx2tQOzq
rEC3F61ASTStQPUKrUAt/axAuF2tQJs+rUDXHa1ALzGtQLsErUAU5axAtzatQB05rUBQF61A
xC2tQJgLrUDRP61A0xKtQPkorUD996xAOhytQLAKrUDUJ61A0QKtQEVPrUAN+axANTatQJgj
rUAmFa1AezCtQHUUrUAqFq1Ad0mtQFgerUDuHq1ADRGtQI4YrUCNGa1A2CetQPg7rUA1Rq1A
ZwWtQOETrUCRNq1AoR+tQCQTrUDbTq1A4wetQA8frUBGPa1AUzKtQL4ZrUAzYa1A/gatQMwU
rUACLa1AvhatQN76rEB0Oa1Axw6tQAAgrUCpHq1ADjOtQLosrUADUq1AoSutQHgGrUCs/KxA
EjytQC0jrUDYOq1AJCmtQDwmrUAaCq1A7kitQDs1rUAVA61As0etQPIyrUDkCK1ACUGtQDE2
rUCOK61A+jmtQPYlrUBj+KxARBmtQMMqrUA7QK1AaSytQCBFrUD4VK1AeyOtQO0+rUD7Pq1A
hkmtQK8grUAPM61Aoh2tQHoMrUBRS61AEi+tQEMnrUAxBK1AzSOtQFUdrUDmK61A9EGtQAs1
rUCiJK1AFRutQOErrUBNGq1AxAmtQIvorEDDKa1AK1itQFwjrUAkQa1AO0utQDNArUDjRa1A
GyytQO0OrUDCKa1AQjatQNscrUCdIq1Al1OtQKU/rUAdMK1AuD2tQFtYrUAeDK1AtzitQIYi
rUDPRq1ASiStQGkwrUDLJK1A1wytQMwjrUDzMK1AGyitQFc4rUDRSq1AUSStQDxZrUD+J61A
CiatQLYBrUB3O61ARRKtQPYkrUCgPa1AqzStQO46rUCQJq1AeC2tQEYkrUCAMa1AE06tQOcL
rUAzFa1Asj2tQHUErUD5Mq1ATB6tQI4arUCSQa1AUjGtQL9VrUCLMK1AVjWtQCE8rUBkLa1A
VUetQDw4rUA6HK1AVo+tQOMjrUCVQq1A9UOtQCdbrUA0Jq1AYTutQO0srUB/E61AZxytQPhK
rUDjWa1AcxatQNc/rUB3IK1A4BGtQFxDrUBTNa1ABjWtQIYsrUDzMa1ACiutQCAurUBUU61A
kyWtQDsYrUDJPK1AyTOtQMIdrUD8Va1AlkCtQPoirUA0Ua1A/xWtQM4rrUDkJq1AMketQPMu
rUD0WK1AjF+tQJwmrUDyB61AAUOtQJw3rUBgaq1A5E2tQHVOrUBBF61AuGutQItCrUCJFK1A
0iOtQGAerUDcEq1ARD+tQF1JrUAGF61AAB6tQHNArUChDq1ABxytQLhOrUArMK1A+DqtQKKE
rUDYMa1Awi+tQG1krUBuXa1ABTetQC5GrUDwRK1AlDatQPNkrUCkUa1APlGtQEserUC8Oq1A
FAutQPY+rUCwM61AdCqtQC4zrUA2QK1APkWtQDA5rUA6Qa1AbzKtQBpXrUAkPq1A/FOtQHA1
rUDxVq1An02tQLg3rUAbOa1Ax0itQHdGrUDiMK1AhE2tQJJArUCxN61A82StQOFLrUDwdq1A
aGmtQNdnrUCZIq1A4z2tQKVbrUDzPa1AllCtQMhOrUD/Sq1A5CqtQB9qrUAZZq1AOSGtQBBW
rUBhPa1ALEytQEdprUDhU61AFEStQFhJrUC4S61A9UatQJ9drUC1Wq1ALCytQPJIrUCWVa1A
0jGtQIs6rUD7Sa1A1lKtQLNYrUDPRK1AAmStQAsHrUBARK1AH1GtQOhPrUB3U61A3W2tQOlO
rUC4XK1APlGtQLw8rUA/LK1Aq2itQDU4rUAQGq1AcmqtQO0krUC2LK1A5nOtQG1OrUBFKq1A
aVGtQBU1rUB/U61AUUGtQHZNrUApUa1An1OtQIxTrUDcRq1AKkatQIlhrUABIa1ASDStQEVT
rUBEb61ADUmtQMJZrUA4c61AWWmtQIWBrUBaL61A7jutQI5frUDKXK1AiW+tQN9brUBqX61A
/FatQJtZrUCdRa1A6zetQGNQrUDffK1AhF+tQIpBrUAzQK1AL1WtQHQirUBXWK1Aq1WtQGxX
rUD9Y61AnFqtQNk/rUDIVa1Aw2qtQBtErUCxbK1AiHCtQI9nrUABU61A3lmtQL1FrUC0R61A
ZVitQDJCrUBlVq1AmlCtQMpLrUB0Vq1ArzqtQDRkrUCUTq1AaoetQK1brUCtUK1ASGmtQHRP
rUAIea1A9yitQDBvrUC5aK1AqSytQGd8rUB+UK1AF2WtQMo6rUBZWK1A9FqtQGdQrUAgWa1A
oE2tQCE8rUBOUa1AimKtQCJNrUDDPa1AlmGtQLhTrUB2UK1AYG2tQLBgrUAFZ61A04StQGw7
rUBQYa1APXytQI+MrUBemq1AHmetQNt5rUDrS61ASHGtQAWIrUA5WK1AzE+tQOZLrUB4iq1A
J16tQGJyrUByaa1A1kitQAByrUBkj61AGG+tQMJKrUDSW61AICytQJ1orUDGgK1ARimtQERa
rUBBWa1AYmStQEturUAkjK1AiWqtQK9mrUBVaK1AFGStQMRnrUBXfa1A+matQBdBrUBbYa1A
oXutQN1arUDlba1AtGWtQHlWrUC0Za1A8oatQI5trUAPdK1ARWStQHNPrUAfYK1ASaCtQKJ3
rUDDh61AeYCtQImGrUCVVa1AmomtQJ12rUDJTK1AQFOtQF9prUCYYa1AroCtQDNRrUAIZq1A
zWatQEZfrUA3Zq1AnmOtQL5xrUDKWa1AiE2tQBdwrUBLja1AFkytQLtHrUCYhq1AmVytQCJw
rUARiK1ADI6tQIlxrUD5mq1AbXCtQOlArUAdba1AuEmtQM1jrUAxfq1ARY6tQHRXrUAZeK1A
6ZCtQDBPrUCjXK1A4nWtQBxgrUBUiK1AFIytQIlirUACWq1AdXytQM6XrUBcaK1AopmtQIVn
rUBET61ABmytQGGfrUAPVK1AB2+tQPBhrUDJcq1AY26tQEGHrUCTc61AY1+tQGmCrUCqg61A
EGqtQMOYrUDaXq1AoFutQFNfrUA3nq1AgoutQJ+ArUCVl61AlF6tQIRUrUDJhK1AT5atQE5b
rUAThq1A</AssayYData></Step><Step><CommonData><SampleLocation>5</SampleLocation><SampleID>Glycine</SampleID><SampleGroup></SampleGroup><SampleInfo></SampleInfo><SampleRow>F</SampleRow><SamplePlate>1</SamplePlate><WellType>REGENERATION</WellType><Concentration>-1</Concentration><ConcentrationUnits>µg/ml</ConcentrationUnits><MolarConcentration>-1</MolarConcentration><MolarConcUnits>nM</MolarConcUnits><MolecularWeight>0</MolecularWeight><Temperature>30</Temperature><StartTime>3412175</StartTime><AssayTime>5</AssayTime></CommonData><FlowRate>1000</FlowRate><StepType>KREGENERATION</StepType><StepName>Regeneration</StepName><StepStatus>OK</StepStatus><ActualTime>5.00103</ActualTime><CycleTime>0.2</CycleTime><AssayXData Points="25">QIA7RXODO0WqhjtF2ok7RRGNO0VAkDtFc5M7RaqWO0XamTtFDZ07RUCgO0VzoztFpqY7Rd6p
O0URrTtFQLA7RXezO0WmtjtF2rk7RRG9O0VAwDtFd8M7RabGO0XayTtFEc07RQ==</AssayXData><AssayYData Points="25">OlgEP0Hc2j7f7MA+u1SwPgHtnT5KZpI+MCqEPkiiaT5bxk4+t5k2Poj6Hz6HDQ0+wPT0Pe3/
yj0fxaQ9VaGOPdFLaT0KLB49bsXGPHFnLzzXgms685gevL+5urxktva8LO8RvQ==</AssayYData></Step><Step><CommonData><SampleLocation>6</SampleLocation><SampleID>PBS</SampleID><SampleGroup></SampleGroup><SampleInfo></SampleInfo><SampleRow>F</SampleRow><SamplePlate>1</SamplePlate><WellType>NEUTRALIZATION</WellType><Concentration>-1</Concentration><ConcentrationUnits>µg/ml</ConcentrationUnits><MolarConcentration>-1</MolarConcentration><MolarConcUnits>nM</MolarConcUnits><MolecularWeight>0</MolecularWeight><Temperature>30</Temperature><StartTime>3425441</StartTime><AssayTime>5</AssayTime></CommonData><FlowRate>1000</FlowRate><StepType>KREGENERATION</StepType><StepName>Regeneration</StepName><StepStatus>OK</StepStatus><ActualTime>5.00103</ActualTime><CycleTime>0.2</CycleTime><AssayXData Points="25">RNA7RXvTO0Wq1jtF3tk7RRHdO0VI4DtFe+M7RarmO0Xe6TtFEe07RUTwO0V78ztFqvY7Rd75
O0UR/TtFRAA8RXcDPEWqBjxF4gk8RRENPEVIEDxFexM8RaoWPEXeGTxFFR08RQ==</AssayXData><AssayYData Points="25">+idpQCTLakDk2GtArHZsQLT3bEBn121AK09uQBSvbkAGvm5AVjdvQI5vb0COCHBAb+FvQEYX
cEDxmXBAdfZwQNDAcEBjMnFAjDdxQGhWcUB5uHFAV8NxQIL4cUDlU3JAEBhyQA==</AssayYData></Step><Step><CommonData><SampleLocation>5</SampleLocation><SampleID>Glycine</SampleID><SampleGroup></SampleGroup><SampleInfo></SampleInfo><SampleRow>F</SampleRow><SamplePlate>1</SamplePlate><WellType>REGENERATION</WellType><Concentration>-1</Concentration><ConcentrationUnits>µg/ml</ConcentrationUnits><MolarConcentration>-1</MolarConcentration><MolarConcUnits>nM</MolarConcUnits><MolecularWeight>0</MolecularWeight><Temperature>30</Temperature><StartTime>3438844</StartTime><AssayTime>5</AssayTime></CommonData><FlowRate>1000</FlowRate><StepType>KREGENERATION</StepType><StepName>Regeneration</StepName><StepStatus>OK</StepStatus><ActualTime>5.00005</ActualTime><CycleTime>0.2</CycleTime><AssayXData Points="25">SSA8RXwjPEWzJjxF5yk8RRYtPEVNMDxFgDM8Ra82PEXjOTxFGj08RUlAPEV8QzxFs0Y8ReNJ
PEUaTTxFSVA8RYBTPEWvVjxF51k8RRpdPEVNYDxFfGM8Ra9mPEXnaTxFFm08RQ==</AssayXData><AssayYData Points="25">Ib81Pjlx3D1EYHo9RWUWPasKbDyc56i7i07UvKqCFb1Jvju9N3NivQSTk70szZe9rJCyvdGF
xL1fmdO9huLcvVh29r3NqQC+Fu8DvmhODL5zlg++yI8PvvMxG777+R2+9loivg==</AssayYData></Step><Step><CommonData><SampleLocation>6</SampleLocation><SampleID>PBS</SampleID><SampleGroup></SampleGroup><SampleInfo></SampleInfo><SampleRow>F</SampleRow><SamplePlate>1</SamplePlate><WellType>NEUTRALIZATION</WellType><Concentration>-1</Concentration><ConcentrationUnits>µg/ml</ConcentrationUnits><MolarConcentration>-1</MolarConcentration><MolarConcUnits>nM</MolarConcUnits><MolecularWeight>0</MolecularWeight><Temperature>30</Temperature><StartTime>3451946</StartTime><AssayTime>5</AssayTime></CommonData><FlowRate>1000</FlowRate><StepType>KREGENERATION</StepType><StepName>Regeneration</StepName><StepStatus>OK</StepStatus><ActualTime>5.00005</ActualTime><CycleTime>0.2</CycleTime><AssayXData Points="25">SXA8RXxzPEWzdjxF53k8RRZ9PEVNgDxFfIM8Ra+GPEXjiTxFGo08RUmQPEV8kzxFr5Y8ReeZ
PEUanTxFTaA8RYCjPEWvpjxF46k8RRatPEVJsDxFfLM8RbO2PEXjuTxFFr08RQ==</AssayXData><AssayYData Points="25">cIRmQJD8Z0CL5GhAVZdpQI1vakBqAWtAyqprQN3Ua0CvWmxA5ZFsQOjubED7GG1AE71tQA7Y
bUBKFW5AFDJuQPabbkBal25AZwVvQMgub0DO4m5AjjBvQMBnb0ChoG9ASp5vQA==</AssayYData></Step><Step><CommonData><SampleLocation>5</SampleLocation><SampleID>Glycine</SampleID><SampleGroup></SampleGroup><SampleInfo></SampleInfo><SampleRow>F</SampleRow><SamplePlate>1</SamplePlate><WellType>REGENERATION</WellType><Concentration>-1</Concentration><ConcentrationUnits>µg/ml</ConcentrationUnits><MolarConcentration>-1</MolarConcentration><MolarConcUnits>nM</MolarConcUnits><MolecularWeight>0</MolecularWeight><Temperature>30</Temperature><StartTime>3465383</StartTime><AssayTime>5</AssayTime></CommonData><FlowRate>1000</FlowRate><StepType>KREGENERATION</StepType><StepName>Regeneration</StepName><StepStatus>OK</StepStatus><ActualTime>5.00005</ActualTime><CycleTime>0.2</CycleTime><AssayXData Points="25">ScA8RYTDPEWvxjxF48k8RRbNPEVJ0DxFgNM8Ra/WPEXj2TxFFt08RUngPEV84zxFs+Y8RePp
PEUW7TxFTfA8RYDzPEWz9jxF5/k8RRb9PEVNAD1FfAM9Ra8GPUXjCT1FFg09RQ==</AssayXData><AssayYData Points="25">m90IPnR9bj2Bhco8ooIEuzbTjrwhpQy9zmc7vYVGcL06+pe9gj6gvTdBu71UW8e9nMjUvf1v
4L29Beu9nWH8vRVHA77+AQy+fT0LvsPLE74E+Re+0CwevoZzHb6vxCG+9uAlvg==</AssayYData></Step><Step><CommonData><SampleLocation>6</SampleLocation><SampleID>PBS</SampleID><SampleGroup></SampleGroup><SampleInfo></SampleInfo><SampleRow>F</SampleRow><SamplePlate>1</SamplePlate><WellType>NEUTRALIZATION</WellType><Concentration>-1</Concentration><ConcentrationUnits>µg/ml</ConcentrationUnits><MolarConcentration>-1</MolarConcentration><MolarConcUnits>nM</MolarConcUnits><MolecularWeight>0</MolecularWeight><Temperature>30</Temperature><StartTime>3478818</StartTime><AssayTime>5</AssayTime></CommonData><FlowRate>1000</FlowRate><StepType>KREGENERATION</StepType><StepName>Regeneration</StepName><StepStatus>OK</StepStatus><ActualTime>5.00103</ActualTime><CycleTime>0.2</CycleTime><AssayXData Points="25">SRA9RXwTPUWzFj1F4xk9RRodPUVJID1FfCM9RbMmPUXnKT1FFi09RU0wPUV8Mz1FrzY9ReM5
PUUWPT1FTUA9RYBDPUWvRj1F40k9RRpNPUVJUD1FgFM9RbNWPUXnWT1FGl09RQ==</AssayXData><AssayYData Points="25">BtRnQOg7aUAP4GlA3sxqQHlga0Dx/2tAh4lsQAYGbUD0Km1A2+RtQBPPbUBZfG5A6HVuQMkr
b0CsCW9AgohvQMYxb0D88G9AFsBvQBJEcEBLP3BAlKBwQN5BcED/mHBAS65wQA==</AssayYData></Step><Step><CommonData><SampleLocation>1</SampleLocation><SampleID>Octet Buffer</SampleID><SampleGroup></SampleGroup><SampleInfo></SampleInfo><SampleRow>E</SampleRow><SamplePlate>1</SamplePlate><WellType>BUFFER</WellType><Concentration>-1</Concentration><ConcentrationUnits>µg/ml</ConcentrationUnits><MolarConcentration>-1</MolarConcentration><MolarConcUnits>nM</MolarConcUnits><MolecularWeight>0</MolecularWeight><Temperature>30</Temperature><StartTime>3493396</StartTime><AssayTime>20</AssayTime></CommonData><FlowRate>1000</FlowRate><StepType>CUSTOM</StepType><StepName>Sensor Check</StepName><StepStatus>OK</StepStatus><ActualTime>20.001</ActualTime><CycleTime>0.2</CycleTime><AssayXData Points="100">TWA9RYBjPUW3Zj1F52k9RRptPUVRcD1FgHM9Rbd2PUXreT1FGn09RU2APUWAgz1Fs4Y9ReuJ
PUUajT1FTZA9RYCTPUWzlj1F55k9RRqdPUVRoD1FgKM9RbOmPUXnqT1FGq09RU2wPUWAsz1F
t7Y9Ree5PUUavT1FTcA9RYTDPUW3xj1F58k9RRrNPUVN0D1FgNM9RbfWPUXn2T1FGt09RU3g
PUWA4z1Fs+Y9RevpPUUa7T1FTfA9RYTzPUWz9j1F6/k9RRr9PUVRAD5FgAM+RbcGPkXnCT5F
Gg0+RU0QPkWAEz5FsxY+RecZPkUaHT5FUSA+RYQjPkW3Jj5F6yk+RRotPkVRMD5FgDM+Rbc2
PkXrOT5FGj0+RU1APkWEQz5Fs0Y+RetJPkUaTT5FTVA+RYRTPkWzVj5F61k+RRpdPkVNYD5F
hGM+RbdmPkXraT5FHm0+RU1wPkWAcz5Fs3Y+Red5PkUefT5FUYA+RYSDPkWzhj5F54k+RR6N
PkVNkD5FhJM+RbOWPkXnmT5FHp0+RQ==</AssayXData><AssayYData Points="100">SspmQC0jZECrX2JAD+xgQOpUYEAPqV9Ar01fQPGiX0BzV19ATkpfQPeHX0CSP19AzolfQI6X
X0AGEGBAklRgQCmBYECcaWBAbc9gQI/1YEBQHmFAT1dhQNDWYECbMWFANkVhQFV9YUC6fGFA
v/xhQHWaYUBqtWFAQ05iQHnWYUChA2JAYkViQFBQYkBbeWJAD7BiQBizYkABv2JA/X1iQOkj
Y0CjAGNAWChjQHciY0ApKmNACOZiQMFLY0DgYGNAUpJjQDVwY0BZgmNAH7RjQAuXY0AcqmNA
ln1jQGm8Y0Bm0GNAgrdjQH7LY0Ca/GNATRhkQHzfY0BfBmRAfktkQAryY0D7OGRAC2dkQNJ0
ZEAGZGRAKG1kQKdpZEC0O2RAY3tkQHehZED00WRAGMRkQLXCZEBX4mRAY9tkQDf4ZEAKvGRA
1u1kQPqhZEArx2RA+DplQNw0ZUBInGRAgvJkQDgWZUAUO2VAjhtlQItFZUCRWmVAfV1lQGcs
ZUASW2VAD1plQCN8ZUAwWmVANYplQA==</AssayYData></Step><Step><CommonData><SampleLocation>13</SampleLocation><SampleID>SI-83X1_P5364</SampleID><SampleGroup></SampleGroup><SampleInfo></SampleInfo><SampleRow>E</SampleRow><SamplePlate>1</SamplePlate><WellType>KLOAD</WellType><Concentration>5</Concentration><ConcentrationUnits>µg/ml</ConcentrationUnits><MolarConcentration>5000</MolarConcentration><MolarConcUnits>nM</MolarConcUnits><MolecularWeight>0</MolecularWeight><Temperature>30</Temperature><StartTime>3523692</StartTime><AssayTime>120</AssayTime></CommonData><FlowRate>1000</FlowRate><StepType>LOADING</StepType><StepName>Loading</StepName><StepStatus>OK</StepStatus><ActualTime>120</ActualTime><CycleTime>0.2</CycleTime><AssayXData Points="600">UqA+RYmjPkW4pj5F8Kk+RR+tPkVSsD5FibM+Rbi2PkXwuT5FI70+RVLAPkWFwz5FuMY+RezJ
PkUfzT5FUtA+RYXTPkW41j5F8Nk+RR/dPkVS4D5FheM+RbjmPkXw6T5FH+0+RVLwPkWF8z5F
vPY+Rez5PkUf/T5FUgA/RYkDP0W4Bj9F7Ak/RR8NP0VSED9FiRM/RbwWP0XwGT9FIx0/RVYg
P0WJIz9FvCY/RfApP0UjLT9FUjA/RYkzP0W4Nj9F7Dk/RSM9P0VSQD9FiUM/RbhGP0XsST9F
H00/RVJQP0WJUz9FuFY/RexZP0UjXT9FVmA/RYljP0W4Zj9F7Gk/RSNtP0VScD9FiXM/Rbh2
P0XseT9FI30/RVKAP0WFgz9FuIY/ReyJP0UfjT9FUpA/RYmTP0W4lj9F7Jk/RSOdP0VWoD9F
haM/RbimP0XwqT9FI60/RVawP0WFsz9FuLY/Rey5P0UfvT9FVsA/RYXDP0W4xj9F8Mk/RSPN
P0VW0D9FhdM/RbjWP0Xs2T9FH90/RVbgP0WF4z9FvOY/RezpP0Uf7T9FVvA/RYXzP0W49j9F
8Pk/RR/9P0VSAEBFhQNARbgGQEXsCUBFIw1ARVIQQEWFE0BFvBZARfQZQEUfHUBFUiBARYkj
QEW4JkBF7ClARR8tQEVkMUBF8DNARbw2QEXsOUBFHz1ARVZAQEWFQ0BFuEZARfBJQEUjTUBF
UlBARYlTQEW4VkBF7FlARR9dQEVWYEBFhWNARbhmQEXsaUBFH21ARVZwQEWFc0BFvHZARex5
QEUffUBFUoBARYWDQEW8hkBF8IlARR+NQEVSkEBFhZNARbiWQEXwmUBFI51ARVagQEWJo0BF
uKZAReypQEUfrUBFVrBARYWzQEW4tkBF7LlARR+9QEVSwEBFhcNARcHGQEXwyUBFI81ARVLQ
QEWF00BFvNZARezZQEUj3UBFUuBARYnjQEW45kBF7OlARSPtQEVW8EBFifNARbj2QEXw+UBF
H/1ARVIAQUWFA0FFuAZBRfAJQUUfDUFFVhBBRYkTQUW8FkFF8BlBRR8dQUVWIEFFhSNBRbwm
QUXsKUFFHy1BRVYwQUWJM0FFuDZBRew5QUUfPUFFVkBBRYVDQUW4RkFF8ElBRSNNQUVSUEFF
hVNBRbhWQUXsWUFFI11BRVJgQUWFY0FFuGZBRfBpQUUfbUFFUnBBRYVzQUW4dkFF7HlBRR99
QUVWgEFFhYNBRbiGQUXwiUFFH41BRVKQQUWFk0FFvJZBReyZQUUjnUFFUqBBRYWjQUW8pkFF
8KlBRR+tQUVSsEFFhbNBRbi2QUXsuUFFI71BRVLAQUWFw0FFvMZBRezJQUUjzUFFUtBBRYXT
QUW41kFF7NlBRSPdQUVS4EFFheNBRbzmQUXs6UFFH+1BRVLwQUWF80FFuPZBRez5QUUj/UFF
UgBCRYUDQkW8BkJF8AlCRSMNQkVSEEJFhRNCRbgWQkXsGUJFHx1CRVYgQkWJI0JFvCZCRewp
QkUfLUJFUjBCRYkzQkW8NkJF8DlCRR89QkVWQEJFiUNCRbhGQkXwSUJFH01CRVJQQkWJU0JF
uFZCRexZQkUjXUJFUmBCRYVjQkW4ZkJF7GlCRR9tQkVWcEJFhXNCRbh2QkXseUJFI31CRVaA
QkWFg0JFvIZCReyJQkUfjUJFVpBCRYmTQkW4lkJF7JlCRR+dQkVSoEJFiaNCRbimQkXsqUJF
H61CRVKwQkWFs0JFvLZCRey5QkUfvUJFUsBCRYXDQkW4xkJF8MlCRR/NQkVS0EJFhdNCRbzW
QkXs2UJFH91CRVLgQkWF40JFuOZCRezpQkUj7UJFUvBCRYnzQkW89kJF8PlCRR/9QkVSAENF
hQNDRbgGQ0XsCUNFIw1DRVYQQ0WFE0NFuBZDRewZQ0UfHUNFViBDRYUjQ0W4JkNF8ClDRR8t
Q0VWMENFiTNDRbw2Q0XsOUNFIz1DRVZAQ0WFQ0NFuEZDRfBJQ0UjTUNFVlBDRYVTQ0W4VkNF
8FlDRSNdQ0VSYENFiWNDRbhmQ0XsaUNFI21DRVZwQ0WJc0NFvHZDRex5Q0UjfUNFVoBDRYWD
Q0W4hkNF7IlDRR+NQ0VSkENFiZNDRbiWQ0XsmUNFH51DRVKgQ0WJo0NFuKZDRfCpQ0UfrUNF
VrBDRYmzQ0W8tkNF8LlDRSO9Q0VSwENFhcNDRbjGQ0XsyUNFI81DRVLQQ0WF00NFuNZDRezZ
Q0Uf3UNFUuBDRYXjQ0W45kNF7OlDRR/tQ0VS8ENFifNDRbj2Q0Xw+UNFH/1DRVYAREWJA0RF
vAZERewJREUjDURFVhBERYkTREW4FkRF7BlERScdREVSIERFhSNERbgmREXsKURFHy1ERVYw
REWJM0RFuDZERew5REUjPURFUkBERYlDREW4RkRF7ElERSNNREVSUERFiVNERbhWREXwWURF
H11ERVZgREWJY0RFvGZERfBpREUfbURFVnBERYVzREW8dkRF7HlERR99REVSgERFhYNERbiG
REXsiURFH41ERVKQREWFk0RFuJZEReyZREUfnURFUqBERYmjREW8pkRF8KlERSOtREVSsERF
hbNERbi2REXsuURFH71ERVLAREWJw0RFvMZERezJREUfzURFUtBERYnTREW41kRF7NlERR/d
REVW4ERFieNERbjmREXw6URFH+1ERVbwREWF80RFuPZERez5REUj/URFUgBFRYUDRUW8BkVF
7AlFRR8NRUVWEEVFiRNFRbgWRUXsGUVFHx1FRVYgRUWJI0VFuCZFRewpRUUfLUVFQDFFRcsz
RUW4NkVF7DlFRR89RUVWQEVFiUNFRbhGRUXsSUVFH01FRVZQRUWFU0VFuFZFRfBZRUUfXUVF
UmBFRYVjRUW4ZkVF7GlFRR9tRUVScEVFiXNFRbh2RUXseUVFI31FRVKARUWJg0VFvIZFReyJ
RUUjjUVFUpBFRYWTRUW8lkVF7JlFRR+dRUVSoEVFhaNFRbimRUXwqUVFI61FRVKwRUWFs0VF
uLZFRey5RUUfvUVFVsBFRYXDRUW4xkVF8MlFRR/NRUVS0EVFhdNFRbjWRUXw2UVFH91FRVbg
RUWF40VFuOZFRfDpRUUj7UVFUvBFRYXzRUW49kVF7PlFRR/9RUVSAEZFiQNGRbgGRkXwCUZF
Hw1GRVYQRkWFE0ZFvBZGRfAZRkUfHUZF</AssayXData><AssayYData Points="600">hV9lQDSoZkAXH2dAG+JnQLWsaECyE2pAt55qQCc9a0A4DmxAEPhsQM2QbUAFeG5ARilvQMfM
b0BffXBAtEdxQISZcUCx73JAWk9zQHsIdEAT53RAQ3R1QGURdkDpsHZAanR3QOcIeECXs3hA
X2t5QEu5eUDsQ3pAWAR7QEHGe0BDJXxAYt18QCaGfUAUE35A1+J+QNk7f0AJc39AdvJ/QFlU
gECOa4BA4uGAQCcUgUAufYFAqo2BQKa/gUA4DoJA8lGCQAuKgkAz4YJAIfSCQKs2g0BuXINA
lZSDQE3dg0DnGYRATT6EQGOLhEC4uYRASbuEQDLzhEAMj4VAT0SFQHuBhUDtzIVAT9KFQBIf
hkCGQoZAwoaGQLOVhkANuoZAlgiHQNkZh0BDRIdAkXyHQOGBh0BiyodArN2HQKAKiECNPYhA
knKIQLBfiECTjohAnM2IQBLoiEAg+ohAgUaJQPJKiUCnaYlAy2yJQM2YiUBeu4lAtwCKQHoD
ikAVO4pAQFCKQJFmikAPgIpAuI+KQAjNikDF44pAugaLQLcii0D2A4tASkmLQO9ui0B3pYtA
uZ6LQB7bi0Bx4ItA0uqLQPQBjEDQH4xAA0aMQBhEjEA2WYxAq36MQHKXjEBwq4xADeKMQF7F
jEAGKY1A2wGNQNrzjECrI41AV3yNQBFfjUCLgo1AiIqNQBOajUB+r41A8e2NQGTkjUBK1I1A
9waOQLMUjkByOY5ATnaOQNhmjkDDjI5A85aOQJ6RjkDAnY5AV5SOQArKjkCY5Y5A+fiOQIoR
j0Bx7I5AzxyPQEE+j0DjMo9AE2GPQJ1gj0DgWY9As4WPQE3Mj0C8r49ADKWPQMzTj0Cs8o9A
4u+PQKwYkEAG9Y9AkQ+QQLA9kEC7QJBAvYeQQCWFkEALgpBAVpyQQCdkkECZ1ZBASpWQQLOV
kECzu5BA3vqQQP7DkEA/9pBAux2RQF0JkUAVHJFAoh+RQIBgkUCtdpFAGXyRQF5fkUBdXpFA
GI2RQIh8kUDnqpFAie6RQGS8kUDqqJFAJv2RQOvvkUBf2pFARguSQLTykUDWIZJADgmSQOg5
kkD0VZJA5kqSQIZNkkAihZJAfXeSQLKOkkDMlZJAvKCSQGGjkkDRm5JAxcmSQEHUkkDy75JA
dciSQIHjkkAjEJNA2NuSQJbtkkCPD5NAWDeTQFcZk0DuT5NAB2iTQHRAk0AhZ5NAcmiTQM95
k0CihJNApoyTQOGSk0DjkpNABdCTQOqmk0CPmJNA5tOTQJ6xk0Bj95NAnvWTQNfuk0Ar4pNA
LuOTQMwOlEBOEZRAWCWUQM49lEAeKJRA5EuUQHoxlEAzLpRA4EuUQKRtlEDPe5RAvmmUQLSG
lEBknZRAHYyUQCGUlECivZRATrKUQG/WlEBux5RAv72UQMLZlEAm8ZRA4/GUQFrqlEAy65RA
qxiVQHL6lECEBZVA2AeVQAMvlUDjN5VAATyVQJw4lUAeVZVA+2WVQK59lUB3aZVA7p2VQFlb
lUCWXJVAMXyVQHmAlUAwjJVArqqVQMeqlUD9tpVA2ZyVQHXOlUDh3pVANM+VQNvclUAEyJVA
XuWVQE32lUA9EJZAJhKWQJsGlkBaGpZArTOWQBYnlkCjApZAxCWWQBcllkA9LZZAYUyWQJVq
lkDMapZAyleWQNhflkB1lZZAVnaWQMKrlkCDl5ZAe3uWQDmNlkCEsJZAssKWQJ2wlkCylZZA
6aGWQDq0lkD6spZAk9iWQJ/LlkABH5dA9tmWQHr4lkAs6ZZA/BWXQGj1lkAkCpdA0yOXQJwI
l0BoSZdAhSOXQOQol0D9OpdA9EOXQCkgl0C0J5dA5WeXQAdul0Dnb5dArGiXQBhbl0BsSJdA
NYSXQH6Nl0Bfh5dAq5yXQLB+l0DedpdAxK6XQEe1l0BPpZdALpeXQKrEl0DKr5dAS8uXQLXe
l0Ck55dAF8yXQI7Rl0AQ65dAqAOYQPDbl0A0FJhA1/aXQFr7l0C6MphAKCuYQN8ImEC395dA
+S6YQFowmEDzMphAVjOYQCU8mEAGQ5hADlGYQMFPmEANY5hAiHqYQLdqmEC4aphAPmeYQNp8
mECqcZhAW52YQEGfmEAEoJhAY5CYQOa6mEBJlJhAJIeYQAjFmECsiZhA0ZaYQLjBmECirphA
XbyYQJzUmEDs2phAJLiYQJPamEAhBJlA6PaYQKb7mECV4phAEPOYQEobmUCGBZlA1OmYQDXu
mEBCJplAEyeZQO8gmUBMJplAOSKZQH5BmUBEQJlAdT+ZQJAgmUAIP5lAMF2ZQDtDmUDqRZlA
GnWZQD1lmUCdf5lASJCZQMqHmUClcZlAxJSZQAJ/mUCRlJlAAnWZQIK5mUCRsplArauZQEKj
mUCeoJlAVcyZQESVmUBwrJlAQaSZQN/PmUAmyplAeO+ZQBnCmUD0u5lAyuCZQAXfmUC+8JlA
MtWZQBTrmUCKAJpA7/iZQLzCmUBD4ZlAPc6ZQPoimkA4NJpAEfqZQA4pmkBRL5pASyKaQD82
mkDNOJpAUjyaQDAfmkAWD5pABUqaQNBOmkAqWppAp22aQFJLmkACU5pA1muaQDJ1mkBeVJpA
xHaaQDBamkAzWZpAdJGaQGSBmkBMbZpA6bOaQKF+mkDKjJpAzYCaQBeamkCDhppAs2qaQAav
mkAQlppAfK6aQPuymkDWs5pACIyaQOy9mkBS1JpA58KaQOLdmkBz0ZpAsdeaQNfzmkBT35pA
TdOaQKnumkAKGptAYNmaQE8Em0AbBJtA8dCaQOT4mkC9B5tANgObQCvumkA7LJtAIhabQA8d
m0DzQJtA81GbQNhRm0A1YptAWDabQDgdm0CDK5tAZj2bQIhGm0AHY5tATVqbQCotm0BUd5tA
SFibQBM8m0AVh5tAYnCbQA5vm0D3Y5tAlZGbQHtlm0CdeZtAln6bQCiBm0D6k5tANoabQImG
m0BjlJtAjKWbQCyRm0Dal5tAIaGbQFnPm0CftptARsGbQI7Lm0DOxptATaqbQAfcm0CbvZtA
49ubQHrPm0CEvZtADtSbQEj3m0BczptAyMWbQJfgm0BdApxAd+ObQMn2m0Ahu5tAm/qbQH/r
m0DTDZxA9QOcQFoCnEA4GZxAgxCcQCglnEDIJJxArjacQOgfnEC7RZxANj2cQPFPnEDEM5xA
MDmcQBNMnEDsIZxAJU6cQG4znEAxSZxA</AssayYData></Step><Step><CommonData><SampleLocation>1</SampleLocation><SampleID>Octet Buffer</SampleID><SampleGroup></SampleGroup><SampleInfo></SampleInfo><SampleRow>E</SampleRow><SamplePlate>1</SamplePlate><WellType>BUFFER</WellType><Concentration>-1</Concentration><ConcentrationUnits>µg/ml</ConcentrationUnits><MolarConcentration>-1</MolarConcentration><MolarConcUnits>nM</MolarConcUnits><MolecularWeight>0</MolecularWeight><Temperature>30</Temperature><StartTime>3653954</StartTime><AssayTime>100</AssayTime></CommonData><FlowRate>1000</FlowRate><StepType>BASELINE</StepType><StepName>Baseline</StepName><StepStatus>OK</StepStatus><ActualTime>100.001</ActualTime><CycleTime>0.2</CycleTime><AssayXData Points="500">UiBGRYkjRkW4JkZF7ClGRR8tRkVWMEZFhTNGRbg2RkXsOUZFHz1GRVJARkWJQ0ZFuEZGRexJ
RkUfTUZFUlBGRYlTRkW4VkZF7FlGRSNdRkVSYEZFhWNGRbhmRkXwaUZFI21GRVJwRkWJc0ZF
uHZGRfB5RkUffUZFVoBGRYWDRkW4hkZF7IlGRR+NRkVSkEZFhZNGRbyWRkXsmUZFH51GRVKg
RkWJo0ZFuKZGReypRkUfrUZFVrBGRYWzRkW4tkZF7LlGRR+9RkVSwEZFicNGRbzGRkXsyUZF
H81GRVbQRkWJ00ZFuNZGRfDZRkUj3UZFUuBGRYnjRkW45kZF7OlGRSPtRkVW8EZFhfNGRbj2
RkXs+UZFI/1GRVIAR0WNA0dFuAZHRewJR0VADUdFUhBHRYUTR0W4FkdF7BlHRSMdR0VSIEdF
hSNHRbgmR0XsKUdFIy1HRVIwR0WJM0dFuDZHRfA5R0UjPUdFUkBHRYlDR0W8RkdF7ElHRSNN
R0VWUEdFhVNHRbhWR0XwWUdFH11HRVJgR0WFY0dFvGZHRexpR0UjbUdFUnBHRYVzR0W8dkdF
8HlHRR99R0VSgEdFhYNHRbiGR0XwiUdFH41HRVKQR0WJk0dFvJZHReyZR0UjnUdFUqBHRYmj
R0W8pkdF7KlHRR+tR0VSsEdFibNHRbi2R0XsuUdFI71HRVbAR0WFw0dFvMZHRezJR0UjzUdF
UtBHRYXTR0W41kdF8NlHRR/dR0VS4EdFieNHRbzmR0X06UdFH+1HRVbwR0WF80dFuPZHRfD5
R0Uf/UdFUgBIRYUDSEW4BkhF7AlIRSMNSEVSEEhFhRNIRbgWSEXsGUhFHx1IRVYgSEWFI0hF
vCZIRewpSEUjLUhFUjBIRYkzSEW8NkhF7DlIRSM9SEVSQEhFhUNIRbhGSEXwSUhFH01IRVJQ
SEWFU0hFuFZIRfBZSEUfXUhFUmBIRYVjSEW4ZkhF7GlIRR9tSEVScEhFhXNIRbx2SEXseUhF
H31IRVKASEWJg0hFuIZIReyJSEUjjUhFUpBIRYWTSEW8lkhF7JlIRR+dSEVWoEhFhaNIRbim
SEXwqUhFI61IRVKwSEWFs0hFuLZIRey5SEUfvUhFUsBIRYXDSEW8xkhF9MlIRR/NSEVS0EhF
hdNIRbjWSEXs2UhFI91IRVLgSEWJ40hFuOZIRezpSEUf7UhFUvBIRYXzSEW49khF8PlIRR/9
SEVSAElFhQNJRbwGSUXsCUlFHw1JRVYQSUWJE0lFuBZJRewZSUUfHUlFViBJRYkjSUW8JklF
8ClJRR8tSUVWMElFhTNJRbg2SUXsOUlFHz1JRVZASUWFQ0lFvEZJRexJSUUjTUlFUlBJRYVT
SUW4VklF8FlJRR9dSUVWYElFhWNJRbhmSUXsaUlFI21JRVZwSUWFc0lFvHZJRex5SUUffUlF
VoBJRYWDSUW8hklF8IlJRbqNSUVWkElFhZNJRbyWSUXsmUlFI51JRVKgSUWFo0lFuKZJRfCp
SUUfrUlFUrBJRYWzSUW4tklF8LlJRR+9SUVSwElFicNJRbjGSUXsyUlFH81JRVbQSUWF00lF
uNZJRezZSUUj3UlFUuBJRYXjSUW45klF7OlJRR/tSUVS8ElFifNJRbj2SUXw+UlFH/1JRVYA
SkWFA0pFvAZKRewJSkUfDUpFUhBKRYkTSkW4FkpF8BlKRSMdSkVSIEpFhSNKRbgmSkXwKUpF
Hy1KRVIwSkWFM0pFvDZKRew5SkUfPUpFUkBKRYVDSkW4RkpF8ElKRSNNSkVWUEpFiVNKRbxW
SkXsWUpFH11KRVZgSkWFY0pFvGZKRexpSkUjbUpFUnBKRYVzSkW8dkpF8HlKRR99SkVWgEpF
iYNKRcGGSkXsiUpFH41KRVaQSkWJk0pFuJZKRfCZSkUfnUpFUqBKRYWjSkW4pkpF7KlKRR+t
SkVSsEpFibNKRby2SkXsuUpFH71KRVLASkWFw0pFuMZKRfDJSkWJzUpFVtBKRYnTSkW41kpF
7NlKRSPdSkVW4EpFheNKRbzmSkXs6UpFH+1KRVLwSkWF80pFvPZKRez5SkUf/UpFVgBLRYUD
S0W4BktF7AlLRR8NS0VSEEtFhRNLRbgWS0XsGUtFHx1LRVIgS0WFI0tFuCZLRewpS0UfLUtF
VjBLRYkzS0W4NktF8DlLRR89S0VSQEtFiUNLRbhGS0XwSUtFH01LRVJQS0WJU0tFuFZLRexZ
S0UfXUtFVmBLRYVjS0W4ZktF7GlLRR9tS0VScEtFiXNLRbh2S0XweUtFI31LRVKAS0WJg0tF
vIZLRfCJS0UjjUtFUpBLRYWTS0W4lktF7JlLRR+dS0VSoEtFhaNLRbimS0XwqUtFH61LRVKw
S0WFs0tFuLZLRey5S0UfvUtFVsBLRYXDS0W4xktF7MlLRR/NS0VS0EtFhdNLRbzWS0Xw2UtF
H91LRVLgS0WJ40tFvOZLRfDpS0Uf7UtFUvBLRYnzS0W89ktF8PlLRR/9S0VSAExFiQNMRcEG
TEXsCUxFXA1MRVYQTEWFE0xFuBZMRfAZTEUfHUxFUiBMRYUjTEW4JkxF7ClMRR8tTEVSMExF
iTNMRbg2TEXsOUxFHz1MRVpATEWFQ0xFuEZMRexJTEUjTUxFUlBMRYlTTEW4VkxF7FlMRSNd
TEU=</AssayXData><AssayYData Points="500">4yucQLZonEDTdJxAh4qcQD3GnED3iZxABo+cQCK+nEA6v5xAy7GcQEHqnEDO6JxAaKycQE3M
nECH6JxAIPScQMzgnEBO2ZxAVLWcQJ31nEA/5ZxA5sWcQMgDnUAJ+pxAlNqcQPDvnEBc7ZxA
ptycQMa9nECI25xA+tKcQF7bnEAeAp1AZfGcQAffnEC5BJ1AreOcQKa6nECN4pxAAA6dQL7n
nEBAs5xA2AWdQBTpnEDI2JxAMtycQK3UnEBC/5xAXOacQDf6nEBc65xAccScQLbOnEA/0pxA
jAadQK/unEAW2ZxAGOacQG3pnECp5ZxAg9icQMzunEAf5pxAmOecQNLSnEDl/pxAHhKdQMjz
nEDg7pxApNqcQI3tnECC3JxAg+KcQJjnnEB+25xA9uWcQOL0nEDlHJ1Ak9ecQL/BnEBP15xA
ihCdQB/UnEDJAZ1AEeqcQCnJnEBq85xAVf6cQLHMnECX5JxA2s+cQDLMnECR15xAFfqcQKbJ
nEDF9JxAf+icQKLwnEBC7pxAEhOdQJconUBaw5xA4vScQCsTnUC63ZxA5OWcQNghnUAH/JxA
GeCcQOz9nECM35xAvdWcQBIOnUDB8pxA3AWdQPvonECELp1AaNmcQEDynEAY4JxAlcucQMLY
nEDL7pxAhbucQCIGnUAv+JxAx9KcQDEBnUAw9JxAQNqcQKDYnEBqIp1Apv+cQCLYnEBN75xA
uP2cQH3nnEAn5pxA7PqcQOznnEB/EZ1Aft6cQEeunEA/8ZxAYQqdQAXXnEDQCZ1AVfacQFb9
nEDC1pxA2gSdQL8NnUCe6ZxAVemcQMjznEDi0JxAW+qcQLsFnUBQyJxAnCKdQC0InUDQ4JxA
f/WcQMz3nEB1xZxAeP+cQKAcnUC+Bp1ALsmcQGsfnUCNAp1ACs2cQIDgnEC+8JxAmu+cQMDt
nEAmHJ1Al/ScQBMOnUBmBZ1AgPqcQN7VnEBdD51AIuycQCb6nECnDJ1A4umcQJjunEDPAZ1A
IRedQI/+nEDU05xAVPCcQHsHnUAd8pxA8hOdQETwnEAz5ZxAHgGdQGQJnUD07ZxA7v6cQBDa
nEB3AZ1AvCidQKAQnUCNAp1AMOmcQIfvnECp2JxArQedQJ4QnUC655xA1QidQGnqnEDpBp1A
H++cQAgHnUAj85xAaeycQAoGnUB8/ZxAt/+cQMMSnUDd75xAmPmcQJv8nEBsGp1AG+6cQCkB
nUDoFZ1AGhCdQDH5nEBmG51Ay/ScQMrjnEDiEp1Afz+dQLTGnEDBBp1ApxSdQP/JnEAdGp1A
fBidQGgCnUDC75xAwg2dQM/tnEDL/5xAPBKdQDQFnUAW+pxAx/OcQB8inUB04pxA0QOdQGji
nEAgMZ1A0xCdQKEEnUDP+ZxAmgSdQKbknECCFJ1AhgudQDIznUCkHJ1AROecQOUfnUBUI51A
RO+cQLANnUA+HJ1A5xWdQHwBnUDtA51A8uqcQMsznUApA51ACO2cQPAOnUB2KZ1ArOecQLYl
nUC8E51AWfScQBP1nECaDZ1AdR+dQIUInUBuBp1ADeOcQEkTnUDv/pxAf/2cQML2nEDBGp1A
0Q+dQIgSnUDOFJ1ATUSdQI8fnUAbH51AeRKdQA45nUD3C51AvDCdQGcbnUCAEJ1ARROdQOX0
nECvBp1AMQydQHwvnUBpGp1AUdScQBspnUD2JZ1A6RWdQGwdnUB3OZ1AzQadQCUonUCUI51A
dBadQNAunUDsIZ1ASBKdQLNDnUDbJp1A4yudQI8BnUAbIJ1AwAKdQAoQnUAERZ1A9jSdQMgj
nUAXI51AiCSdQIganUDbK51A8yydQLMnnUDNI51A4RCdQAMinUDrR51AJiWdQFn9nEBM65xA
2TmdQEovnUDoFZ1AkTWdQNdFnUCSD51AjC2dQJwknUATJ51AMj6dQOFFnUC5E51AoOmcQHkl
nUC3JJ1ASwudQAsonUCZBJ1AKQ6dQPo1nUCVKp1A1S2dQEtBnUAX8ZxAMCOdQJg0nUDXSZ1A
7wKdQKcVnUCyMp1AGAydQMYvnUDdCJ1AZz+dQOUUnUCiOp1A1jydQMwknUCYM51ANyydQM0M
nUA5L51ALk+dQJIknUAQGp1Am0adQNsqnUA0BJ1AE12dQOw6nUA2Ip1AHDKdQKEbnUCXLJ1A
nCudQGcunUCIAZ1A/zGdQJMInUCRGJ1AuSydQFQpnUD3CJ1AJDydQA0inUAiCJ1AniadQEI1
nUAHUZ1AlUKdQPQ8nUB3NZ1AvhKdQNFAnUArBp1AdiKdQII1nUCHJ51ABiKdQLwgnUDcOZ1A
yxydQG4xnUDrTp1ATiWdQLAknUDXV51AvjKdQFk0nUB7R51AUSudQAYqnUCPMZ1Ar2CdQMEX
nUCrXp1AIyadQJ0vnUC9VZ1AJE2dQHtCnUDbLZ1A1SWdQLVMnUAeN51AKDmdQDxAnUCTTZ1A
o0KdQGsznUBDLp1AxUidQDRGnUAjTp1Aa0idQN1CnUARS51AEDudQHVRnUAIPp1A4DOdQIpW
nUDrMp1A7EOdQK5cnUBFO51AkT6dQBpInUCdZZ1AnEidQEZGnUACT51AXlSdQLVWnUBid51A
cUKdQO5knUBnWp1AqU+dQNJZnUBxXZ1AoUGdQGkYnUC4PJ1A3mydQFIvnUAOT51AqlidQC8i
nUA=</AssayYData></Step><Step><CommonData><SampleLocation>2</SampleLocation><SampleID>hsCD3d/e_Acro_CDD-H52W1</SampleID><SampleGroup></SampleGroup><SampleInfo></SampleInfo><SampleRow>E</SampleRow><SamplePlate>1</SamplePlate><WellType>KSAMPLE</WellType><Concentration>-1</Concentration><ConcentrationUnits>µg/ml</ConcentrationUnits><MolarConcentration>50</MolarConcentration><MolarConcUnits>nM</MolarConcUnits><MolecularWeight>0</MolecularWeight><Temperature>30</Temperature><StartTime>3762236</StartTime><AssayTime>180</AssayTime></CommonData><FlowRate>1000</FlowRate><StepType>ASSOC</StepType><StepName>Association</StepName><StepStatus>OK</StepStatus><ActualTime>180</ActualTime><CycleTime>0.2</CycleTime><AssayXData Points="900">VmBMRY1jTEW8ZkxF8GlMRSNtTEVacExFiXNMRbx2TEXweUxFJ31MRVqATEWJg0xFwIZMRfSJ
TEUjjUxFVpBMRYmTTEW8lkxF9JlMRSOdTEVaoExFiaNMRbymTEXwqUxFJ61MRVqwTEWJs0xF
wLZMRfS5TEUjvUxFWsBMRYnDTEW8xkxF9MlMRSPNTEVa0ExFidNMRbzWTEX02UxFI91MRVbg
TEWJ40xFvOZMRfTpTEUj7UxFVvBMRYnzTEXA9kxF8PlMRSf9TEVWAE1FiQNNRbwGTUXwCU1F
Iw1NRVYQTUWNE01FvBZNRfAZTUUjHU1FViBNRYkjTUXAJk1F8ClNRSMtTUVWME1FiTNNRbw2
TUXwOU1FIz1NRVZATUWJQ01FvEZNRfRJTUUjTU1FVlBNRYlTTUXAVk1F8FlNRSNdTUVaYE1F
iWNNRcBmTUX0aU1FI21NRVZwTUWNc01FvHZNRfh5TUUnfU1FWoBNRYmDTUW8hk1F9IlNRSON
TUVakE1FjZNNRbyWTUXwmU1FJ51NRVagTUWJo01FvKZNRfSpTUUnrU1FVrBNRYmzTUW8tk1F
9LlNRSO9TUVWwE1FicNNRcDGTUX0yU1FJ81NRVbQTUWN001FwNZNRfTZTUUn3U1FVuBNRYnj
TUW85k1F9OlNRSPtTUVW8E1FjfNNRcD2TUXw+U1FI/1NRVYATkWNA05FvAZORfAJTkUjDU5F
WhBORYkTTkXAFk5F8BlORScdTkVWIE5FiSNORbwmTkXwKU5FJy1ORVowTkWJM05FwDZORfQ5
TkUjPU5FVkBORYlDTkW8Rk5F8ElORSdNTkVWUE5FiVNORcBWTkXwWU5FJ11ORVZgTkWJY05F
vGZORfRpTkUjbU5FVnBORYlzTkW8dk5F8HlORSd9TkVWgE5FjYNORbyGTkXwiU5FI41ORVqQ
TkWJk05FvJZORfSZTkUjnU5FVqBORYmjTkW8pk5F8KlORSetTkVWsE5FibNORby2TkXwuU5F
J71ORVrATkWJw05FvMZORfDJTkUjzU5FVtBORYnTTkXA1k5F8NlORSfdTkVa4E5FjeNORbzm
TkXw6U5FJ+1ORVbwTkWJ805FvPZORfT5TkUn/U5FVgBPRYkDT0XABk9F8AlPRScNT0VWEE9F
iRNPRbwWT0XwGU9FIx1PRVYgT0WJI09FwCZPRfApT0UnLU9FVjBPRYkzT0W8Nk9F8DlPRSc9
T0VWQE9FiUNPRcBGT0XwSU9FI01PRVpQT0WNU09FvFZPRfBZT0UjXU9FWmBPRY1jT0XAZk9F
8GlPRSNtT0VWcE9FiXNPRbx2T0XweU9FI31PRVaAT0WJg09FvIZPRfCJT0UjjU9FWpBPRYmT
T0W8lk9F8JlPRSedT0VWoE9FjaNPRcCmT0X0qU9FI61PRVqwT0WJs09FwLZPRfS5T0UjvU9F
VsBPRY3DT0W8xk9F9MlPRSfNT0VW0E9FjdNPRbzWT0Xw2U9FI91PRVbgT0WN409FwOZPRfTp
T0Uj7U9FVvBPRYnzT0W89k9F8PlPRSP9T0VWAFBFiQNQRbwGUEXwCVBFIw1QRVYQUEWNE1BF
vBZQRfQZUEUjHVBFWiBQRYkjUEXAJlBF+ClQRSMtUEVWMFBFiTNQRcA2UEX0OVBFIz1QRVpA
UEWJQ1BFvEZQRfRJUEUjTVBFVlBQRYlTUEW8VlBF8FlQRSddUEVaYFBFjWNQRbxmUEXwaVBF
I21QRVpwUEWNc1BFvHZQRfB5UEUjfVBFVoBQRYmDUEW8hlBF9IlQRSONUEVWkFBFiZNQRbyW
UEX0mVBFI51QRVagUEWJo1BFvKZQRfCpUEUnrVBFWrBQRYmzUEW8tlBF8LlQRSO9UEVawFBF
icNQRcDGUEX0yVBFI81QRVrQUEWJ01BFvNZQRfDZUEUj3VBFVuBQRY3jUEXA5lBF8OlQRSPt
UEVW8FBFifNQRcD2UEX0+VBFI/1QRVoAUUWNA1FFwAZRRfAJUUUjDVFFWhBRRYkTUUW8FlFF
8BlRRScdUUVWIFFFiSNRRbwmUUXwKVFFJy1RRVYwUUWJM1FFwDZRRfA5UUUjPVFFVkBRRYlD
UUW8RlFF9ElRRSdNUUVWUFFFiVNRRcBWUUXwWVFFI11RRVZgUUWJY1FFwGZRRfRpUUUjbVFF
WnBRRYlzUUW8dlFF8HlRRSN9UUVWgFFFiYNRRcCGUUX0iVFFI41RRVaQUUWJk1FFwJZRRfSZ
UUUjnVFFVqBRRY2jUUW8plFF8KlRRSOtUUVWsFFFjbNRRby2UUXwuVFFJ71RRVbAUUWJw1FF
vMZRRfDJUUUjzVFFVtBRRY3TUUW81lFF9NlRRSfdUUVW4FFFieNRRbzmUUX06VFFI+1RRVrw
UUWN81FFwPZRRfD5UUUj/VFFVgBSRY0DUkW8BlJF8AlSRScNUkVaEFJFiRNSRbwWUkX0GVJF
Jx1SRVYgUkWNI1JFwCZSRfApUkUnLVJFVjBSRYkzUkXANlJF9DlSRSc9UkVWQFJFiUNSRcBG
UkXwSVJFI01SRVZQUkWJU1JFvFZSRfRZUkUnXVJFWmBSRY1jUkXAZlJF8GlSRSdtUkVWcFJF
iXNSRcB2UkX0eVJFJ31SRVaAUkWJg1JFvIZSRfCJUkUjjVJFVpBSRYmTUkXAllJF8JlSRSed
UkVWoFJFiaNSRbymUkXwqVJFI61SRVawUkWJs1JFvLZSRfS5UkUjvVJFWsBSRYnDUkW8xlJF
9MlSRSPNUkVW0FJFidNSRbzWUkXw2VJFI91SRVbgUkWN41JFvOZSRfTpUkUn7VJFVvBSRYnz
UkXA9lJF8PlSRSf9UkVaAFNFiQNTRbwGU0XwCVNFJw1TRVYQU0WJE1NFwBZTRfAZU0UjHVNF
WiBTRYkjU0XAJlNF8ClTRSMtU0VWMFNFiTNTRcA2U0X0OVNFIz1TRVZAU0WJQ1NFwEZTRfRJ
U0UjTVNFVlBTRY1TU0XAVlNF8FlTRSddU0VWYFNFiWNTRbxmU0X0aVNFJ21TRVZwU0WNc1NF
vHZTRfB5U0UjfVNFWoBTRYmDU0XAhlNF9IlTRSONU0VWkFNFjZNTRbyWU0XwmVNFI51TRVqg
U0WNo1NFvKZTRfCpU0UjrVNFVrBTRY2zU0W8tlNF9LlTRSO9U0VWwFNFjcNTRcDGU0X0yVNF
I81TRVbQU0WJ01NFvNZTRfDZU0Un3VNFVuBTRYnjU0W85lNF9OlTRSPtU0VW8FNFifNTRbz2
U0Xw+VNFI/1TRVoAVEWNA1RFwAZURfAJVEUjDVRFWhBURYkTVEW8FlRF8BlURSMdVEVWIFRF
iSNURbwmVEX0KVRFIy1URVYwVEWJM1RFvDZURfA5VEUjPVRFWkBURYlDVEW8RlRF8ElURSNN
VEVWUFRFjVNURbxWVEXwWVRFI11URVZgVEWJY1RFvGZURfBpVEUjbVRFVnBURYlzVEW8dlRF
8HlURSd9VEVWgFRFiYNURcCGVEX0iVRFI41URV6QVEWJk1RFvJZURfCZVEUnnVRFWqBURYmj
VEW8plRF8KlURSetVEVasFRFibNURcC2VEXwuVRFI71URVbAVEWJw1RFwMZURfDJVEUnzVRF
VtBURY3TVEXA1lRF8NlURSfdVEVa4FRFieNURbzmVEXw6VRFJ+1URVbwVEWJ81RFwPZURfD5
VEUj/VRFVgBVRYkDVUW8BlVF9AlVRSMNVUVaEFVFjRNVRbwWVUX0GVVFIx1VRVogVUWJI1VF
wCZVRfApVUUnLVVFVjBVRYkzVUXANlVF8DlVRSM9VUVWQFVFjUNVRcBGVUX0SVVFI01VRVZQ
VUWJU1VFvFZVRfRZVUUnXVVFVmBVRY1jVUXFZlVF8GlVRSNtVUVWcFVFiXNVRbx2VUX0eVVF
I31VRVqAVUWNg1VFwIZVRfSJVUUjjVVFVpBVRY2TVUW8llVF9JlVRSedVUVWoFVFjaNVRcCm
VUX0qVVFI61VRVawVUWNs1VFvLZVRfC5VUUnvVVFVsBVRYnDVUW8xlVF9MlVRSPNVUVW0FVF
jdNVRbzWVUXw2VVFJ91VRVrgVUWJ41VFvOZVRfTpVUUj7VVFVvBVRYnzVUW89lVF8PlVRSP9
VUVWAFZFiQNWRbwGVkX0CVZFIw1WRVYQVkWJE1ZFwBZWRfAZVkUnHVZFViBWRYkjVkW8JlZF
9ClWRSctVkVWMFZFiTNWRcA2VkXwOVZFIz1WRVZAVkWJQ1ZFvEZWRfBJVkUjTVZFVlBWRYlT
VkXAVlZF8FlWRSNdVkVWYFZFiWNWRcBmVkXwaVZFJ21WRVZwVkWJc1ZFvHZWRfB5VkUnfVZF
VoBWRY2DVkW8hlZF8IlWRSONVkVWkFZFiZNWRbyWVkX0mVZFI51WRVqgVkWJo1ZFwKZWRfSp
VkUjrVZFWrBWRYmzVkW8tlZF8LlWRSe9VkVWwFZFjcNWRbzGVkX0yVZFI81WRVrQVkWJ01ZF
vNZWRfDZVkUj3VZFVuBWRYnjVkXA5lZF8OlWRSPtVkVa8FZFjfNWRbz2VkX0+VZFJ/1WRVoA
V0WJA1dFwAZXRfAJV0UjDVdFVhBXRYkTV0W8FldF8BlXRSMdV0VWIFdFiSNXRbwmV0XwKVdF
Jy1XRVYwV0WJM1dFvDZXRfA5V0UnPVdFVkBXRYlDV0W8RldF8ElXRSNNV0VWUFdFiVNXRcBW
V0XwWVdFJ11XRVZgV0WNY1dFwGZXRfBpV0UnbVdFVnBXRY1zV0W8dldF9HlXRSd9V0VagFdF
iYNXRcCGV0XwiVdFI41XRVqQV0WJk1dFwJZXRfCZV0UjnVdF</AssayXData><AssayYData Points="900">i/ucQC8cnUAhMZ1ACnKdQJ1+nUDidp1ABLKdQDq0nUBTxJ1AHMWdQE+8nUCeyZ1ATuOdQIvv
nUDs/J1AAOydQDn6nUBX5p1ApCieQBcFnkCJIp5ABhOeQPMqnkBVF55AphieQDYvnkDXLZ5A
oSieQHlenkAbW55AZ1eeQIFankBIjZ5ABIqeQNZnnkC0ep5ANYeeQPdunkCnpJ5AU56eQBi3
nkCcv55AusSeQCWtnkDxrJ5AncCeQNPPnkAIrp5Ad5ieQAbInkAL4Z5As9GeQDzJnkDF955A
f8GeQIrrnkAW/p5AawufQN/knkAv8Z5AUOaeQA4Kn0BN4Z5AHyqfQOoMn0DJBp9AXFGfQHYd
n0ArMp9AuVmfQINFn0D7OZ9AhkSfQIQan0CWZZ9AFjCfQKZhn0AwYZ9AEEifQAF9n0BpWp9A
s2mfQLttn0AJcZ9A9XafQK5Tn0CIXp9A7GafQIR2n0BjqZ9AhYmfQNaLn0AyfZ9Av5ifQJi4
n0Dwpp9AoK+fQHK+n0AMxJ9AqLefQHHKn0CI8J9AO6ufQBCkn0Bsvp9AZ9OfQKfqn0D91p9A
HMGfQAfen0A2zp9AMgSgQKbpn0B58Z9AZNGfQE3rn0Ddxp9ATvifQLs5oEC14p9A2RSgQGEL
oEDnDaBAjBegQNoToEDQFaBAccyfQJkPoEArFqBA2vefQIwaoECX959AOESgQLcuoEBpGqBA
rBKgQNg8oEBkUqBARySgQNw5oEDIMKBApUigQOU3oEAGb6BAh1OgQAxZoEDPVqBAe1WgQM5e
oEC/aqBAsFugQNFfoEALV6BA+H2gQGqIoECXfqBAPoSgQDh/oEAsg6BAQ4WgQN5+oEB3e6BA
RXKgQLScoEB5jKBAV6igQG+aoECyoKBAWqKgQI7EoEAHhaBAYLCgQOaxoEC/kqBAzJygQE3R
oEDCraBAr5mgQM3ZoEAVvqBAkbigQPPMoEBEnqBAf8agQJzKoEBH4qBA8cqgQEbMoEDfzKBA
ecqgQPnkoECr5qBAI96gQL/3oEDV+KBAiP6gQPXOoECyz6BA0Q2hQGLtoEBI96BA/wShQC/j
oEAm/qBAVOugQPn8oEDQFKFA2vmgQJMKoUB6EaFAYg6hQJERoUBHJKFAvf2gQOYnoUB6/aBA
LhGhQFFSoUBGJaFA3xmhQMI7oUBMEqFAXSihQIsvoUAfCqFALVOhQItXoUC1KqFA3TmhQLQ4
oUA4a6FAhU6hQExIoUBjW6FA0EmhQOhaoUDbYKFAZV+hQOY7oUAZZaFAkUGhQEtEoUBJpKFA
PGChQKdToUAbZqFAuVKhQIRYoUDDbKFAjFehQCuGoUDuYaFA0YehQBt9oUDclqFAr2mhQKp+
oUDTWqFANpqhQHqMoUAkZ6FAUYKhQNt/oUCLiqFAgIqhQMCroUAXlaFAlomhQA69oUBKjKFA
46ahQE+koUBGrqFAXpihQIuJoUBEl6FA4Z+hQPqcoUCfoKFACqWhQOOPoUB0qKFA75GhQMXA
oUBWuKFAGd6hQN+2oUBpn6FAx7ehQPzToUAZ3aFACeyhQGnGoUA34qFAH7GhQMzkoUBC1aFA
puShQHHPoUDQ0qFArtahQInSoUDW36FASbOhQAnnoUBd96FA6vihQGXjoUDM56FAbjCiQIzL
oUDE5aFAHA2iQE7qoUAV0KFANOyhQC7noUC39KFAqx2iQJcuokDr5aFAS9OhQAILokCQ4qFA
y+GhQLkVokDd+6FAnB6iQN7zoUD+8KFAHhSiQHojokBoKqJAxiKiQOHpoUDd+aFAITKiQDM0
okCsJaJAMhqiQIY7okDQI6JAvUOiQJo6okCNNKJAzxeiQOImokCkO6JAOSuiQFNWokCJGKJA
X1qiQFNAokB+XKJArT+iQO4bokDKXKJAxU+iQK09okBNOKJAI0GiQCtbokCNbqJAn16iQC9Z
okBfN6JAXUeiQLxXokAWf6JA2FuiQB9SokD+fqJAnE2iQHFmokDOXKJAmnKiQDyJokBHdKJA
OEmiQPdbokBXhqJAPm2iQBRgokDRcKJAfj6iQKR6okBPmqJAS02iQFpyokBuhqJAWoCiQEd3
okDegKJAZ3aiQMJvokBAeqJAXICiQFl7okBLlqJAwIaiQFyVokBtl6JA1ZSiQBqcokCVhKJA
oamiQLuHokDuj6JAt8miQA11okCFsaJAnK2iQOjDokARuKJAJKWiQLl+okDrnKJAYXuiQPR6
okAY2aJAtbuiQK+xokC8sKJAHqiiQGynokAls6JArpmiQNmtokCFz6JA+smiQH2/okB+xqJA
uqqiQH/ZokC/p6JAxr6iQNPAokAR4qJAGZiiQEnFokDi7KJABNiiQCawokDh0aJAVaWiQD3R
okBp5aJAXt+iQEPMokAr/qJA9+GiQIHHokAZv6JAsNeiQAHDokBG3aJAluOiQLfGokCd7qJA
lvSiQNe1okCL66JA8NaiQEvookDa56JA6xijQOTuokDA0qJA6f2iQKTuokB106JAXwajQB4a
o0Di/KJA5gWjQHIko0AVBqNAXfqiQO8ho0A+4qJAUOOiQPPlokAU+6JAMRKjQK8Ko0A+E6NA
H+2iQEQJo0B8/aJAfRSjQPwAo0DFKaNAmA+jQGcTo0CI9qJApuuiQKsJo0ChGqNAsxmjQOoK
o0BbMaNADR6jQDcSo0A5RaNAqzKjQH8eo0D7NKNAWSqjQPJOo0CmM6NAxkWjQLIzo0B7RaNA
AgqjQEEuo0CxGaNArSmjQEsVo0DuGqNAejijQCBCo0BSLqNAv1WjQAc+o0DNIaNAn3WjQOlV
o0BwLqNArWGjQKY9o0CaRKNAJh2jQLpFo0ARP6NAOCyjQIdao0B3WKNAriijQKZYo0BfcKNA
SVSjQPVao0D2aqNAt2OjQGtMo0AwWqNADESjQKNlo0Afe6NAp1CjQMd9o0BgQqNAF3ijQD9T
o0Dpa6NA/WmjQLdro0BRaaNAUFSjQHFco0D1ZaNACYmjQJdbo0CMcKNAHXqjQJtjo0BMZ6NA
EnujQLiEo0AaY6NAyGijQM51o0AJmaNAmoejQFiUo0AacKNAg52jQFmao0AFRaNABIijQDl1
o0CyW6NA+X2jQBaZo0CgeKNAYXujQLOUo0Cuf6NAvHSjQLKSo0BNp6NAr4ejQC+Yo0AgeaNA
64ajQOaGo0B/sqNAk3WjQIOWo0Cgn6NAkYyjQGuio0DUfqNAp6mjQPy9o0Cfj6NA8Z+jQNOK
o0Ddd6NAhq6jQJ6Yo0B3n6NAm5ujQF64o0DYkqNA5JujQBSto0C7s6NAS7GjQBGao0C8pKNA
3NqjQHK5o0DVrKNAybmjQCPLo0B3u6NA4a+jQOKpo0D7bKNAjsGjQODfo0DWn6NA36ejQGjk
o0CwyqNA/a2jQFPuo0Ag1aNAsJujQEHPo0BP56NAr6qjQG/eo0B+46NA8L2jQMa5o0A9y6NA
cNujQN/Eo0BwBqRAc/CjQI7No0Bn06NAmeCjQF+yo0AnCaRAC+OjQPvFo0AaEKRAwNKjQJ3a
o0Dg6KNAk/WjQKbqo0BB56NAjvOjQBEApEA05aNApQWkQCP7o0AFBqRAgNCjQC73o0Ag86NA
7d2jQIj1o0A2FqRAtCGkQBMDpEA796NA4PSjQGHuo0D786NAzu2jQPICpEDmAKRAvOijQNQS
pED59qNAuBGkQAIrpECiJKRAWOWjQFBEpEB6AqRAF+WjQCkLpEDmDaRAmeGjQFgTpEBtE6RA
4BCkQHkgpEBMFKRA9hukQMUipECCRaRAYRakQB7xo0DkH6RA8yikQCgSpEDfHaRABCqkQBUg
pED8G6RA5xqkQDslpEA5/6NAtDKkQEsmpEBJGqRArC+kQHcnpEDiLKRAkz2kQMYypEDAMKRA
T0+kQMhGpECJOaRAZEqkQKFTpEAyFaRAhCCkQNg8pEDHZKRAUk+kQH9NpEApUKRAyR6kQI1N
pED6IaRAzk2kQNQ/pECXcKRAmRykQGdHpEDFSKRAVDKkQKZSpEAAU6RAqSOkQDA6pEAjRaRA
MiKkQE8qpEB3RaRAwFSkQM5HpEBYZqRAOFikQN8wpECkYKRAxmGkQJVIpECQOaRADmCkQAQ4
pEB/S6RAg1qkQNlSpECqUaRAuVSkQKJzpEAVb6RA9EukQD1jpECxaKRA8W2kQExopEBQZKRA
JH2kQEqgpEDiVKRAy2ekQJFapED1O6RAiWakQKl+pECtbqRAN5ikQDa+pEAOjqRA7oKkQApn
pEC5faRAmoykQJZ3pEBhkKRARE+kQDZdpEDgcaRAnnakQAp1pEDVm6RA84ykQLCGpEDKhKRA
WH2kQExwpEANgaRAbL2kQCR+pEBWa6RAOY+kQHd5pECScqRA2ZWkQMt0pED8eKRAdZekQBuP
pEBSc6RA9Y+kQOxcpEBdg6RA48GkQHbGpEC5kqRAbpSkQLa9pEDsoqRAIbakQJnEpEBHi6RA
g6ukQAJ6pED4qaRAzY+kQPa2pEAtt6RAUMCkQIKVpEDKfKRAnsKkQKW2pEDErqRATp2kQIrQ
pEAmjaRAbmykQIafpEBowqRAaNGkQPLApEDNrKRApLSkQI+epEBps6RAAsCkQHOIpEDl06RA
G8WkQAi9pEBzo6RAOdWkQOixpEBYvKRAkLOkQP2NpEB/xKRAKLekQMe1pEA9xqRAT+CkQK+m
pECcnKRAJKekQEu/pEAhtaRALsCkQKvkpED7laRAdb+kQHDhpEDLwaRA6bmkQMrMpEDItKRA
2LSkQCfRpEBszqRA/8ikQBTFpEBY3aRAhsOkQJz6pED35KRA</AssayYData></Step><Step><CommonData><SampleLocation>1</SampleLocation><SampleID>Octet Buffer</SampleID><SampleGroup></SampleGroup><SampleInfo></SampleInfo><SampleRow>E</SampleRow><SamplePlate>1</SamplePlate><WellType>BUFFER</WellType><Concentration>-1</Concentration><ConcentrationUnits>µg/ml</ConcentrationUnits><MolarConcentration>-1</MolarConcentration><MolarConcUnits>nM</MolarConcUnits><MolecularWeight>0</MolecularWeight><Temperature>30</Temperature><StartTime>3950497</StartTime><AssayTime>300</AssayTime></CommonData><FlowRate>1000</FlowRate><StepType>DISASSOC</StepType><StepName>Dissociation</StepName><StepStatus>OK</StepStatus><ActualTime>300.001</ActualTime><CycleTime>0.2</CycleTime><AssayXData Points="1500">VqBXRYmjV0XFpldF8KlXRSOtV0VasFdFibNXRby2V0XwuVdFI71XRVbAV0WJw1dFvMZXRfDJ
V0UjzVdFVtBXRYnTV0W81ldF8NlXRSPdV0Va4FdFjeNXRbzmV0Xw6VdFI+1XRVbwV0WJ81dF
vPZXRfT5V0Uj/VdFVgBYRY0DWEW8BlhF8AlYRSMNWEVWEFhFjRNYRbwWWEXwGVhFJx1YRVYg
WEWNI1hFvCZYRfQpWEUnLVhFWjBYRYkzWEXANlhF8DlYRSM9WEVWQFhFiUNYRbxGWEXwSVhF
J01YRVZQWEWJU1hFwFZYRfRZWEUnXVhFVmBYRYljWEW8ZlhF8GlYRSNtWEVWcFhFjXNYRcB2
WEX0eVhFI31YRVaAWEWJg1hFvIZYRfCJWEUjjVhFVpBYRYmTWEW8llhF9JlYRSedWEVaoFhF
iaNYRcCmWEX0qVhFI61YRVawWEWJs1hFvLZYRfS5WEUjvVhFVsBYRW/EWEX6xlhF8MlYRSPN
WEVW0FhFidNYRbzWWEXw2VhFI91YRVbgWEWJ41hFvOZYRfDpWEUj7VhFVvBYRY3zWEW89lhF
9PlYRSf9WEVWAFlFjQNZRbwGWUX0CVlFIw1ZRVoQWUWNE1lFvBZZRfAZWUUjHVlFViBZRYkj
WUXAJllF9ClZRSMtWUVWMFlFiTNZRbw2WUX0OVlFIz1ZRVZAWUWJQ1lFwEZZRfBJWUUnTVlF
VlBZRYlTWUXAVllF8FlZRSNdWUVWYFlFjWNZRbxmWUXwaVlFI21ZRVZwWUWNc1lFvHZZRfB5
WUUjfVlFVoBZRYmDWUW8hllF8IlZRSONWUVakFlFjZNZRbyWWUX0mVlFJ51ZRVagWUWNo1lF
wKZZRfCpWUUjrVlFVrBZRYmzWUXAtllF9LlZRSO9WUVawFlFicNZRbzGWUXwyVlFI81ZRVbQ
WUWJ01lFwNZZRfDZWUUj3VlFWuBZRYnjWUXA5llF8OlZRSPtWUVW8FlFifNZRbz2WUX0+VlF
I/1ZRVYAWkWJA1pFwAZaRfQJWkUnDVpFVhBaRYkTWkW8FlpF8BlaRSMdWkVWIFpFjSNaRcAm
WkX0KVpFIy1aRVowWkWJM1pFwDZaRfA5WkUjPVpFWkBaRYlDWkW8RlpF9ElaRSNNWkVaUFpF
jVNaRcBWWkX0WVpFI11aRVpgWkWJY1pFvGZaRfBpWkUjbVpFVnBaRY1zWkXAdlpF8HlaRSN9
WkVagFpFiYNaRbyGWkX0iVpFJ41aRVaQWkWJk1pFvJZaRfSZWkUjnVpFVqBaRYmjWkW8plpF
9KlaRSetWkVasFpFibNaRby2WkXwuVpFJ71aRVbAWkWJw1pFvMZaRfTJWkUjzVpFWtBaRYnT
WkW81lpF9NlaRSPdWkVW4FpFieNaRbzmWkX06VpFYu5aRe7wWkWJ81pFwPZaRfT5WkUj/VpF
VgBbRYkDW0W8BltF8AlbRSMNW0VaEFtFiRNbRbwWW0X0GVtFIx1bRVogW0WNI1tFvCZbRfAp
W0UjLVtFWjBbRYkzW0W8NltF8DlbRSM9W0VaQFtFoERbRS9HW0XwSVtFJ01bRVZQW0WJU1tF
wFZbRfRZW0UjXVtFWmBbRYljW0W8ZltF8GlbRSNtW0VacFtFiXNbRcB2W0XweVtFI31bRVaA
W0WNg1tFvIZbRfCJW0UjjVtFWpBbRYmTW0XAlltF8JlbRSOdW0VWoFtFjaNbRbymW0X0qVtF
I61bRVqwW0WJs1tFvLZbRfS5W0UjvVtFVsBbRYnDW0W8xltF8MlbRSPNW0VW0FtFidNbRbzW
W0Xw2VtFI91bRVrgW0WJ41tFwOZbRfTpW0Un7VtFVvBbRZHzW0XA9ltF8PlbRSP9W0VWAFxF
iQNcRbwGXEXwCVxFJw1cRVYQXEWJE1xFvBZcRfAZXEUjHVxFViBcRYkjXEW8JlxF9ClcRSMt
XEVWMFxFiTNcRcA2XEXwOVxFIz1cRVZAXEWNQ1xFvEZcRfRJXEUnTVxFVlBcRYlTXEW8VlxF
8FlcRSNdXEVaYFxFiWNcRcBmXEXwaVxFI21cRVpwXEWNc1xFvHZcRfB5XEUjfVxFVoBcRY2D
XEW8hlxF9IlcRSONXEVWkFxFiZNcRcCWXEXwmVxFI51cRVagXEWNo1xFwKZcRfCpXEUjrVxF
WrBcRY2zXEW8tlxF8LlcRSO9XEVawFxFicNcRbzGXEXwyVxFJ81cRVrQXEWJ01xFvNZcRfDZ
XEUn3VxFVuBcRYnjXEW85lxF9OlcRSPtXEVa8FxFifNcRbz2XEXw+VxFJ/1cRVYAXUWJA11F
vAZdRfAJXUUjDV1FVhBdRYkTXUXAFl1F8BldRSMdXUVWIF1FjSNdRcAmXUX0KV1FIy1dRVYw
XUWNM11FvDZdRfQ5XUUjPV1FVkBdRY1DXUW8Rl1F9EldRSdNXUVWUF1FiVNdRbxWXUXwWV1F
I11dRVpgXUWNY11FvGZdRfBpXUUjbV1FVnBdRY1zXUW8dl1F9HldRSN9XUVWgF1FiYNdRbyG
XUXwiV1FI41dRVaQXUWNk11FvJZdRfCZXUUjnV1FVqBdRYmjXUXApl1F8KldRSOtXUVasF1F
ibNdRby2XUX0uV1FJ71dRVrAXUXRxF1FWMddRfDJXUUnzV1FVtBdRY3TXUW81l1F8NldRSPd
XUVa4F1FjeNdRbzmXUXw6V1FI+1dRVrwXUWN811FvPZdRfD5XUUn/V1FVgBeRY0DXkW8Bl5F
9AleRScNXkVaEF5FiRNeRbwWXkXwGV5FIx1eRVogXkWJI15FwCZeRfApXkUnLV5FVjBeRYkz
XkXANl5F9DleRSM9XkVWQF5FiUNeRcBGXkXwSV5FI01eRVpQXkWJU15FvFZeRfBZXkUjXV5F
VmBeRY1jXkW8Zl5F8GleRSNtXkVacF5FiXNeRbx2XkXweV5FI31eRVqAXkWJg15FwIZeRfCJ
XkUjjV5FVpBeRY2TXkW8ll5F8JleRSedXkVWoF5FjaNeRbymXkXwqV5FI61eRTuxXkXDs15F
vLZeRfC5XkUjvV5FVsBeRY3DXkW8xl5F8MleRSPNXkVW0F5FidNeRcDWXkXw2V5FI91eRVbg
XkWN415FvOZeRfDpXkUj7V5FWvBeRYnzXkW89l5F8PleRSf9XkVWAF9F5QRfRXUHX0X8CV9F
Iw1fRVYQX0WJE19FvBZfRfQZX0UjHV9FWiBfRY0jX0XAJl9F9ClfRSMtX0VaMF9FiTNfRcA2
X0X0OV9FJz1fRVZAX0WJQ19FvEZfRfBJX0UjTV9FWlBfRYlTX0W8Vl9F9FlfRSNdX0VaYF9F
iWNfRbxmX0XwaV9FI21fRVZwX0WJc19FvHZfRfR5X0UnfV9FVoBfRYmDX0W8hl9F9IlfRSON
X0VWkF9FiZNfRcCWX0X0mV9FJ51fRVagX0WJo19FvKZfRfSpX0UjrV9FVrBfRYmzX0W8tl9F
8LlfRSO9X0VWwF9FjcNfRbzGX0XwyV9FJ81fRVbQX0WJ019FvNZfRfTZX0Uj3V9FVuBfRYnj
X0W85l9F8OlfRSPtX0VW8F9FjfNfRbz2X0X0+V9FJ/1fRVYAYEWJA2BFvAZgRfAJYEUjDWBF
VhBgRYkTYEW8FmBF9BlgRScdYEVaIGBFjSNgRbwmYEXwKWBFIy1gRVYwYEWJM2BFwDZgRfA5
YEUjPWBFVkBgRYNEYEUOR2BF8ElgRSNNYEVaUGBFiVNgRbxWYEX0WWBFI11gRVZgYEWJY2BF
vGZgRfBpYEUjbWBFWnBgRYlzYEXAdmBF8HlgRSd9YEVWgGBFiYNgRcCGYEXwiWBFJ41gRVaQ
YEWNk2BFvJZgRfSZYEUnnWBFVqBgRYmjYEW8pmBF8KlgRSOtYEVWsGBFibNgRby2YEXwuWBF
I71gRVbAYEWNw2BFwMZgRfDJYEUjzWBFVtBgRYnTYEW81mBF9NlgRSPdYEVW4GBFjeNgRbzm
YEXw6WBFJ+1gRVbwYEWW82BFwPZgRfD5YEUj/WBFVgBhRY0DYUW8BmFF9AlhRScNYUVaEGFF
iRNhRcAWYUXwGWFFIx1hRVogYUWJI2FFvCZhRfApYUUjLWFFWjBhRYkzYUW8NmFF8DlhRSM9
YUVWQGFFiUNhRbxGYUXwSWFFI01hRVZQYUWJU2FFvFZhRfBZYUUnXWFFVmBhRYljYUXAZmFF
8GlhRSNtYUVWcGFFiXNhRbx2YUXweWFFI31hRVaAYUWJg2FFwIZhRfiJYUUjjWFFVpBhRY2T
YUW8lmFF8JlhRSedYUVaoGFFiaNhRbymYUXwqWFFJ61hRVawYUWJs2FFwLZhRfC5YUUjvWFF
VsBhRYnDYUXAxmFF9MlhRSfNYUVW0GFFjdNhRbzWYUXw2WFFI91hRVbgYUWN42FFvOZhRfDp
YUUj7WFFWvBhRY3zYUW89mFF9PlhRSP9YUVaAGJFiQNiRbwGYkXwCWJFIw1iRVYQYkWNE2JF
vBZiRfQZYkUjHWJFViBiRY0jYkW8JmJF8CliRSMtYkVWMGJFjTNiRbw2YkX0OWJFIz1iRVpA
YkWJQ2JFvEZiRfBJYkUjTWJFVlBiRYlTYkXAVmJF8FliRSNdYkVaYGJFiWNiRbxmYkXwaWJF
I21iRVZwYkVWdGJF3XZiRfB5YkUjfWJFWoBiRYmDYkXAhmJF8IliRSONYkVWkGJFjZNiRcCW
YkXwmWJFI51iRVagYkWNo2JFvKZiRfSpYkUnrWJFVrBiRYmzYkXAtmJF8LliRSe9YkVWwGJF
7sRiRXnHYkUAymJFI81iRVbQYkWJ02JFvNZiRfDZYkUv3WJFWuBiRYnjYkW85mJF8OliRSPt
YkVa8GJFjfNiRcD2YkXw+WJFJ/1iRVoAY0WNA2NFvAZjRfQJY0UjDWNFVhBjRYkTY0W8FmNF
8BljRSMdY0VWIGNFjSNjRbwmY0X0KWNFIy1jRVowY0WJM2NFvDZjRfQ5Y0UnPWNFWkBjRY1D
Y0W8RmNF9EljRSNNY0VaUGNFiVNjRcBWY0X0WWNFI11jRVpgY0WJY2NFvGZjRfBpY0UjbWNF
WnBjRYlzY0XAdmNF8HljRSN9Y0VWgGNFiYNjRbyGY0XwiWNFJ41jRVaQY0WJk2NFvJZjRfCZ
Y0UnnWNFVqBjRYmjY0XApmNF8KljRSOtY0VWsGNFibNjRby2Y0XwuWNFI71jRVrAY0WNw2NF
vMZjRfDJY0UjzWNFWtBjRYnTY0W81mNF8NljRSPdY0VW4GNFjeNjRbzmY0Xw6WNFJ+1jRVrw
Y0WN82NFwPZjRfD5Y0Uj/WNFWgBkRX8EZEUKB2RF9AlkRScNZEVaEGRFkRNkRbwWZEX0GWRF
Jx1kRVYgZEWJI2RFvCZkRfQpZEUnLWRFWjBkRYkzZEW8NmRF8DlkRSc9ZEVWQGRFiUNkRbxG
ZEXwSWRFI01kRVpQZEWJU2RFvFZkRfRZZEUnXWRFVmBkRY1jZEW8ZmRF8GlkRSNtZEVacGRF
jXNkRbx2ZEXweWRFJ31kRVaAZEWJg2RFvIZkRfCJZEUjjWRFVpBkRYmTZEXAlmRF8JlkRSOd
ZEVWoGRFjaNkRbymZEXwqWRFI61kRVawZEWNs2RFvLZkRfC5ZEUjvWRFWsBkRYnDZEW8xmRF
9MlkRSPNZEVW0GRFjdNkRbzWZEX02WRFJ91kRVrgZEWJ42RFwOZkRfTpZEUj7WRFWvBkRYnz
ZEXA9mRF9PlkRSf9ZEVaAGVFiQNlRcAGZUX0CWVFJw1lRVYQZUWNE2VFvBZlRfAZZUUnHWVF
ViBlRYkjZUW8JmVF8CllRSctZUVWMGVFjTNlRcA2ZUX0OWVFJz1lRVZAZUXdRGVFZEdlRfRJ
ZUUnTWVFVlBlRYlTZUW8VmVF8FllRSNdZUVWYGVFiWNlRcBmZUX0aWVFI21lRVZwZUWJc2VF
wHZlRfB5ZUUjfWVFVoBlRY2DZUXAhmVF8IllRSONZUVWkGVFjZNlRbyWZUX0mWVFJ51lRVag
ZUWJo2VFvKZlRfCpZUUjrWVFVrBlRYmzZUW8tmVF8LllRSO9ZUVWwGVFicNlRbzGZUXwyWVF
I81lRVbQZUWJ02VFvNZlRfDZZUUn3WVFVuBlRY3jZUXA5mVF8OllRSPtZUVa8GVFifNlRbz2
ZUX0+WVFI/1lRVoAZkWJA2ZFvAZmRfQJZkUjDWZFYhBmRY0TZkW8FmZF8BlmRScdZkVWIGZF
iSNmRcAmZkX0KWZFIy1mRVYwZkWJM2ZFKzdmRfA5ZkUnPWZFVkBmRYlDZkXARmZF8ElmRSdN
ZkVWUGZFiVNmRcBWZkXwWWZFJ11mRVZgZkWJY2ZFvGZmRfBpZkUjbWZFVnBmRY1zZkW8dmZF
8HlmRSd9ZkVWgGZFuIRmRUSHZkXwiWZFJ41mRVaQZkWJk2ZFvJZmRfCZZkUnnWZFVqBmRY2j
ZkXApmZF8KlmRSOtZkVWsGZFibNmRby2ZkXwuWZFI71mRVbAZkWJw2ZFwMZmRfDJZkUjzWZF
VtBmRY3TZkXA1mZF8NlmRSfdZkVW4GZFieNmRcDmZkX46WZFJ+1mRVbwZkWJ82ZFvPZmRfD5
ZkUj/WZFWgBnRY0DZ0W8BmdF8AlnRSMNZ0VWEGdFjRNnRbwWZ0XwGWdFIx1nRVYgZ0WJI2dF
vCZnRfApZ0UjLWdFVjBnRYkzZ0W8NmdF9DlnRSc9Z0VaQGdFiUNnRbxGZ0X0SWdFJ01nRVZQ
Z0WJU2dFvFZnRfRZZ0UjXWdFYmBnRYljZ0W8ZmdF9GlnRSNtZ0VWcGdFiXNnRbx2Z0XweWdF
J31nRVaAZ0WJg2dFwIZnRfSJZ0UnjWdFWpBnRY2TZ0W8lmdF8JlnRSOdZ0VWoGdFiaNnRcCm
Z0XwqWdFI61nRVawZ0WJs2dFvLZnRfS5Z0UjvWdFVsBnRcnEZ0VUx2dF8MlnRSPNZ0Va0GdF
idNnRbzWZ0Xw2WdFI91nRVbgZ0WN42dFvOZnRfTpZ0Uj7WdFVvBnRYnzZ0W89mdF9PlnRSP9
Z0VWAGhFiQNoRcAGaEXwCWhFJw1oRVoQaEWJE2hFvBZoRfQZaEUjHWhFViBoRYkjaEW8JmhF
8CloRSMtaEVaMGhFiTNoRcA2aEXwOWhFIz1oRVZAaEWJQ2hFvEZoRfRJaEUjTWhFWlBoRYlT
aEXAVmhF8FloRSNdaEVaYGhFjWNoRbxmaEXwaWhFJ21oRVZwaEWNc2hFvHZoRfR5aEUjfWhF
VoBoRYmDaEW8hmhF9IloRSONaEVWkGhFiZNoRcCWaEXwmWhFI51oRVqgaEWJo2hFvKZoRfSp
aEUjrWhFVrBoRY2zaEXAtmhF9LloRSO9aEVWwGhFicNoRcXGaEX0yWhFJ81oRVbQaEWJ02hF
vNZoRfDZaEUj3WhFVuBoRY3jaEW85mhF9OloRSftaEVW8GhFifNoRbz2aEXw+WhFI/1oRVYA
aUWgBGlFJwdpRfAJaUUjDWlFVhBpRY0TaUW8FmlF8BlpRSMdaUVWIGlFiSNpRbwmaUXwKWlF
Iy1pRVYwaUWNM2lFvDZpRfA5aUUjPWlFWkBpRY1DaUW8RmlF8ElpRSNNaUVaUGlFiVNpRcBW
aUXwWWlFI11pRVZgaUWJY2lFvGZpRfBpaUUjbWlFVnBpRYlzaUW8dmlF9HlpRSN9aUVagGlF
iYNpRbyGaUX0iWlFI41pRVqQaUWJk2lFvJZpRfCZaUUjnWlFVqBpRYmjaUW8pmlF9KlpRSet
aUVasGlFibNpRby2aUXwuWlFI71pRVbAaUWNw2lFwMZpRfDJaUUnzWlFVtBpRYnTaUW81mlF
8NlpRSfdaUVW4GlFjeNpRcDmaUX06WlFI+1pRVbwaUWN82lFvPZpRQD6aUUj/WlFWgBqRY0D
akW8BmpF8AlqRSMNakVaEGpFjRNqRbwWakXwGWpFJx1qRVogakWJI2pFvCZqRfQpakUjLWpF
VjBqRY0zakW8NmpF8DlqRSM9akVWQGpFiUNqRbxGakX0SWpFJ01qRVpQakWJU2pFwFZqRfBZ
akUnXWpF</AssayXData><AssayYData Points="1500">bnKkQBm6pEBSi6RAAamkQE2FpED3t6RA08ekQKqVpECcoaRA/aukQC+upECSq6RA4cekQMu6
pECzt6RAdvCkQE6IpECTqqRA3NWkQOyrpEAHrqRAT8+kQBfZpEAGp6RA67ukQBGXpEDEoKRA
spikQLXWpEDNh6RA17CkQM7OpEAbnaRAFQClQPXJpEBEyaRA95CkQGXIpEBCoqRAcLKkQKuy
pEDj1aRAbZykQByNpEB42aRAbJOkQJKtpEBOt6RAUKKkQKOipEA1mKRAxJKkQC2wpEDRm6RA
snakQGanpEAU3qRAoqOkQCOnpEB+iaRAYrSkQIWEpEC6nKRARZKkQCaepEC3tKRAD6SkQEWS
pEAUgqRAqKOkQO+dpED5paRAw7qkQIO5pECJq6RAXpekQJCjpEAZf6RAzMmkQBuYpEAlcqRA
V66kQDK+pEALs6RAFpakQDKbpEBDqqRAcaGkQDvHpEB8pqRAcYekQL6PpEBLj6RAt2KkQIuQ
pEDSw6RApW6kQKuapEDboKRAIqakQIOFpECNuaRASpekQAt1pEDOnKRAPHykQPtZpEDWkqRA
0pmkQIWRpEC9r6RAOLukQD6CpECtiKRAzZykQCWEpEAqk6RAlpikQIRqpEA5gqRA26ikQLhw
pEB9kKRAcoWkQPFypEAfcaRAiMCkQPWJpEAzfKRAArqkQF2cpEDxdKRAfXKkQKKZpED6c6RA
CI6kQJySpECMjqRA7nGkQMCapEA5k6RAIHOkQCKrpEA2paRApXikQKqlpECBp6RAZHqkQM2g
pEBrlqRAb+SkQAeRpED+iaRAfGCkQO5+pEA7lqRAknekQBeEpEANq6RAQHqkQFVzpEAelKRA
4X6kQLl2pEAqpKRAxYqkQCd3pEBUsaRAdpWkQNdopEBFkaRAw6ukQPd3pEBlh6RA07KkQHGL
pECdgaRAKaOkQOSTpEBCjKRAXZWkQFGYpEAOa6RAzJWkQAOIpEDYZ6RADX6kQO6npEC4mKRA
a3ekQIeNpEBMXaRAmqSkQLqKpEDwkKRACICkQLWTpEAXnKRAIV2kQGy3pEAwt6RAs2OkQNOE
pEBwkKRAdoKkQFOwpEA3naRA8YSkQH+kpEBrqKRAZ56kQGOWpEAgt6RASZWkQCN9pEDcg6RA
gpWkQNiVpEBMmqRAqGykQCKLpECsfqRAOJmkQPSQpEAAf6RAZHykQFl+pEA9gKRAOoqkQDpo
pEA9jaRArnykQCmRpEBCRqRAoXSkQFOcpEDzdqRAaoWkQKuPpEBcbKRAWJKkQCeCpED1e6RA
F36kQGpzpEBpfKRAI4mkQMeEpEB7bKRA53CkQAFrpECtb6RAgHekQIyepEBplqRALYekQE+C
pEB2cqRA5YOkQOF5pEBPlqRAqYCkQH5ipEDWg6RAVZSkQBp3pECtkaRAonakQGaRpEBOjqRA
LJGkQI9+pEA0UKRAF6CkQNtkpED8aaRAEqGkQGNopEAPjKRAFZKkQHZtpEDHbqRAnJakQKyQ
pECpoKRAll+kQEOYpECgbqRAoaKkQH2NpEAEj6RAB5ykQJJnpEDii6RAMnikQGSBpEB2h6RA
OHykQOyppEAOkqRAC3mkQJ+SpEC7jqRA5F+kQJKIpEALjKRA2HWkQMSJpECsX6RAEmKkQNZZ
pECOjqRAiEKkQOlmpECoc6RAv1SkQEx8pEDElKRAS3ykQC5ypEC+kaRAtIakQER4pECniqRA
ZZWkQEBvpEABaqRAfJqkQCZzpECMj6RA0KqkQD1qpECSVqRAjIWkQKJupEAdY6RAaJSkQL+K
pEATYaRAhH2kQOF2pEBEgaRANIikQCOBpEBkb6RArmWkQAO4pEAym6RAZJKkQCOMpEDwZKRA
loWkQM56pEB2U6RAxl+kQDVqpEBXgqRAaXqkQNt5pEBVg6RA3WGkQA5qpEC8gqRAwGGkQOlm
pEAPnKRABm6kQEt5pEABgaRAgnykQDpLpECJaqRAVG6kQOZjpECyYaRA/FmkQKVrpEBrgqRA
cn2kQBJHpEDCgaRA72ekQDFipECPeqRARnWkQP5/pEDxWaRAj5OkQPOKpEDNZaRAc6akQP5o
pED5dqRAy42kQFN9pEDSXqRA2IOkQP9spEAzXaRAXGekQKtapEBgfaRAAHCkQOtspEAsiqRA
JXekQD1epEDNi6RA9GSkQBpspEDvjaRA2IekQNl2pEBTpaRAWXWkQNVmpEDscKRANnKkQHx6
pEBTiKRAPHekQHFqpEBRYKRAe26kQJ5dpECGkKRAnWCkQF2DpEBNiaRAFWKkQE5gpECZL6RA
FIKkQLBnpEDNXKRAyHekQP13pEBGeaRA84akQExapEAKOqRAT3mkQBaqpEBwdaRAqGGkQPOQ
pEA7c6RAcnKkQHB5pEBzXqRAZWOkQBxPpEDraqRAQWakQPdjpEBFYqRAYGKkQDJ4pEDuZ6RA
4GikQPFmpEBngqRAaGSkQICCpEBib6RAAYKkQCJGpEDbeqRA7WekQHlEpEAogqRAyGCkQAJq
pEDjXaRA14OkQIF5pEAkRKRAT3KkQON5pEDXbaRA+JKkQLJ2pEAGfqRAW3ikQOuBpEA6WqRA
SHikQN52pECIV6RAT3ekQJOEpECMZKRAo0ikQKSLpEDNbKRAj2qkQKqIpEBUUKRAV1ykQLRn
pEAjjaRA+YKkQEN9pECMg6RA5H6kQBJjpECdgKRAzkikQPxypEA9eqRAJl2kQGRipEB3XaRA
A26kQApspEDUlKRAKYOkQHNGpEApcKRAfmKkQKRwpEDkhKRAvlGkQOpUpEAkaqRAN5+kQNlA
pEDfgKRASGikQPE8pECVn6RAj3KkQC9xpEA3TqRAaWSkQIpnpEDIeKRAg22kQOWIpEC1VqRA
0nekQFFupECEbaRAk2qkQBRspEAwd6RAslmkQNWCpECteaRAul+kQIJopEAVlqRAPEqkQPN4
pEBRV6RAb2qkQMB+pEA+jqRADWekQFBqpEBGnKRApFakQN2SpEAviKRAnn+kQMN9pEDaXaRA
LnGkQHxapEBJkaRAAHOkQBhxpECVYqRANWKkQKRgpEDRWKRAunGkQGpmpEB0n6RAaUukQDFi
pECoYaRANXukQARkpEB0c6RA+p+kQBOCpEAUUKRAJGykQCeTpECQYqRAhXukQJ+CpEDvb6RA
EXmkQJBXpEDbUKRALXKkQOB5pEB8a6RAK2+kQLN0pEAMXqRAQmKkQI9opED4dKRAhXmkQDqI
pEC2g6RA9IekQHyEpECUZaRAu2OkQKtUpEC+mqRAOFikQD6DpEBRfqRAe4GkQLt+pEA+gqRA
NpOkQLSBpEA2gaRAYjqkQPBFpECKhKRA2X2kQAN8pEBgYaRANnOkQGZmpEAbY6RA4nGkQGNp
pEDsc6RAF2ukQP9npEDfSKRAOF+kQLVlpECyaqRA9oGkQBWWpEC8dqRAKl2kQLOIpEBadqRA
BE2kQAiWpEA3eKRAv2GkQJeLpEAafqRAfHGkQIR9pECjXaRAXnGkQO2OpEBnkKRAeV+kQMSJ
pEAfkqRAkk2kQGB+pEA7naRA2IakQG1hpECzdqRAfGqkQJdepEAEoqRA5l+kQLhlpEA/dqRA
9IqkQPtZpEC1gaRAIX2kQPdLpEAZfqRAFJKkQFh+pECbXqRAe4+kQBNcpECtj6RAipCkQHhn
pEDxXKRAU4CkQOV2pEBQjaRA9IGkQLp+pEALbKRAyk+kQLRnpEA6baRAFHukQOV9pEBRUqRA
3XakQHZUpEB6YqRAFmukQK+EpECdVKRA+GqkQN+fpEDLe6RA6l+kQDxfpEBIf6RAoGakQMZg
pEAzbqRAg02kQExepECkjqRACW2kQDOHpEBod6RA9H6kQMJ6pEByZqRA0mykQF1TpEDsXaRA
ZZKkQNtipEB2gqRAAnmkQAZQpEBVYaRAA2qkQLB5pEDzbKRAW4ekQPl5pEA/aKRAKW6kQJ9r
pEAYZqRAwoikQAiIpEAQXKRAy2ekQCe5pECRbqRAD2WkQEOBpECHeaRAkmOkQGCVpED/XaRA
/5SkQPxdpEBcdqRAzoykQGBfpEAdeaRAhHKkQFSKpECWgaRAKmikQERtpEASWqRAj3ikQMJQ
pEBwiqRAyH2kQJ4spEBoe6RAC1+kQB9upEC+UqRAg2mkQHBMpEDnT6RAbmWkQAZnpED0fKRA
G26kQF2ApEAQgKRA/X2kQHBQpECgdaRAKImkQLdrpEBmZKRAv42kQPCKpECJS6RAzk6kQGB4
pEB/WaRAToakQGOLpEDAUKRAEE2kQE2SpEC6f6RAQH2kQFVtpEBrdqRAtVWkQFM9pEDCa6RA
dW2kQIJ2pEDaeqRAJ2ykQOd3pEAraKRANpSkQPJ+pEASVqRAIIKkQAh7pEDlbKRAYIGkQFN9
pED4pKRAf4ekQHtcpEAqqaRAZFmkQNpzpEBCf6RAcYCkQA55pEDVdKRAvGmkQFdepEBbaKRA
CHKkQBR5pEBQXaRAFYGkQJVxpEC5bqRAaZGkQL1/pEBqVaRAlnCkQJJ5pEAddqRAk16kQClp
pECsaaRAqKmkQNKCpED1g6RAvJ+kQLeZpECUW6RAtGykQMaFpEBQfqRAR5SkQKWspEA4W6RA
Qn2kQPGWpEAyiKRAjXqkQDN9pEDOfaRAjoGkQEeJpEAgqKRAX36kQCRppEBJoqRAP2akQFll
pEBKmqRAvYOkQHRmpEAhlqRAiYukQHlypEBkcqRAB4ikQKOjpEBbgKRAWKCkQKyFpEA/t6RA
F3WkQAl/pEBYh6RAFLikQDhtpEADW6RAm5OkQH5upEAlfaRAzIqkQHZ+pEAQVqRARY+kQJ+Z
pECUkaRAkoKkQJCdpECPfqRAx2KkQFu0pEBFlaRAo2akQJVupEBJjqRAIICkQDaipEBjjqRA
PGmkQLKIpEBtj6RAjWakQFKVpEDthqRA32SkQJhmpEB2rqRArm6kQJZepECEmqRAaomkQGB1
pECzmKRAW3qkQJKZpEAosKRAI46kQEuRpEC2d6RAuY+kQFdWpEDSf6RAY4ykQFGJpEDkXqRA
kpakQNF8pEC0hqRAuYakQGmJpED2bqRAdaykQCSPpECAdKRAvo6kQDmbpEB0iqRAq4ykQOiB
pEDAcKRAdY6kQJWapEA9waRA422kQJuJpEBMe6RAxomkQAKMpED1eaRAiYWkQLKppEBXi6RA
Y3ikQNB5pEAQkqRA1p2kQB+PpECXiqRAs4ekQIp6pEDXmqRAA2ykQFeYpEBEmaRAcoykQJB3
pECSiaRAj4mkQH+YpEDZfKRAOY2kQPl3pEDPkaRAno+kQGVupEDLrKRAW7akQMBppECAZaRA
jZKkQKCWpEDThaRAtaCkQM1hpEA1ZKRAcZakQJOcpECnjqRAPZykQKt3pECDdKRANI6kQGSG
pEB/k6RA5G6kQICgpEDmsaRAa2qkQM5wpEBSgKRAmXOkQEOdpEDmnaRA436kQByApECDgKRA
OHqkQCt2pEDwnKRArI6kQCOJpECcfKRAqIykQLZzpEAUgqRAAHqkQGRfpECBdaRAfpCkQPZi
pEA0dqRA3pGkQCtqpEDPjKRAK76kQOiLpECckKRAHI2kQI6apEDOYKRAFY2kQCS9pEDecaRA
bZykQLmLpEAQZKRAXo+kQMGNpEB1W6RANnSkQA2CpEC6j6RANaCkQDuYpEDAk6RAtHSkQIa6
pEAwl6RA27mkQAm6pEAKjKRAX5ekQBynpECgi6RA+oWkQJ2KpEADo6RA/XCkQGeipEA7tKRA
qZKkQEpjpEBHZqRAhH+kQPxnpEC/oaRAiIikQHpmpEALoqRAkIikQKyLpEBrkaRAIoWkQDaF
pEDNo6RAsIKkQDdppEDJWqRAKp6kQNCMpEAxcqRA1KukQMt9pEDyfaRAwpKkQCd3pEBad6RA
4J6kQKispEAUkKRADpCkQMerpED6hKRAhJukQF11pEBKaKRAt4ekQMOnpEAsoaRATG2kQCKH
pEB4i6RAIoCkQAJ6pECec6RAvlSkQO+UpECnk6RAZJukQLagpEBym6RA94mkQNdxpEAssqRA
KZ6kQLt1pECbjqRA24mkQNiEpECn0aRAsoSkQDyWpEApiaRAvoykQFWLpEDYuqRAoI6kQDWH
pECUk6RAYb+kQMR1pEDUZ6RAEoGkQFtypEBglqRAiZikQAWhpEA/gaRAm6SkQMebpEBqgaRA
amekQOqJpECbnaRAy46kQAigpECQoKRAsJ+kQMSPpEC8m6RACo+kQHqJpEBSeqRAQ3akQIp3
pECKp6RAEIqkQCu+pEBFeqRANaakQI+NpEAjiaRAG5CkQIyIpED2qKRA9JWkQPKCpEDtkqRA
VKekQNGApEBjqqRAqnukQJumpEBOhqRAwaSkQBFopEDygqRA/4akQOF2pEDXjqRATLikQBuR
pEACiaRAjrWkQDBapECSsKRAq7SkQIy1pECSn6RAepGkQKKzpECPYaRAcpakQJ6opEClgaRA
AYqkQACxpEBLmaRAtIykQIikpEAXpqRAv42kQJKjpECgoKRAEZukQAaOpEBQqaRAa2ykQDaC
pEA3q6RAlZKkQNhzpECkc6RA/qekQAeFpEDph6RA+3ekQGFqpEBUiKRAqY6kQMN0pEAWsKRA
rcKkQK+DpEDhi6RA7aCkQGGqpEDilKRA9ZekQA6CpECSsaRAkrCkQLCYpEBei6RAAJWkQNGQ
pEBVmKRAW6ykQGufpEBLuKRAztOkQKCtpECci6RAnqKkQEykpEA5pqRAPnikQEvHpEA7jKRA
zHukQM6DpEAkwaRAGYikQEOvpED3kKRASYWkQPfBpEA9nqRAiICkQMCgpEAWn6RAFICkQNuS
pECUw6RAbXOkQMO3pEAni6RANpGkQAiNpECyq6RAbZKkQLa3pEARjqRAK7ykQGWKpEC9raRA
FpmkQA97pEBYq6RAYsekQKWXpEAGsaRAaqCkQA+gpEByq6RAi7CkQBuRpEBIkaRA7KqkQPiS
pEDMjqRA5sekQIGmpEAFiqRA+ZKkQOmopEDEaaRAQLmkQOKupEC6laRAu5+kQE53pEBHgqRA
PaqkQJeOpEDylKRA44SkQAu6pEBFlaRAc5CkQGvHpEB7j6RAl5WkQAmgpEBiwqRA0LWkQLqs
pECdzaRAYqKkQJG0pEDvrqRAUqakQEy1pEDptKRAeIukQEuIpEDFu6RAJKSkQBOppEB4pKRA
+dGkQFaJpEBCjKRAKZ6kQCO4pEDBpaRAdYikQHumpEDuoKRA+KGkQFnDpEAKq6RAdIykQMJ8
pEBcjqRAe8WkQO2lpECjqaRAKpekQGObpEC1naRAJc2kQJ+1pEACqqRA5JikQEe/pED6oaRA
ipykQDycpEDx4KRAMbOkQMfRpEB0r6RA+4+kQPCcpEDXs6RA15OkQGKnpEB/1aRArdSkQPKr
pEBP1KRAHuOkQDWvpEBokKRAuKekQDfBpEBLq6RAG6mkQOCvpECjjaRARKikQOmhpEA3lKRA
P8akQJOhpEBfxKRA0sGkQDbApECt2KRAP8OkQKi5pEA1eqRAUMqkQDOapEBglKRATKOkQG6z
pEDhgaRAVNSkQJ7RpEAjsKRABNCkQKi1pEB5xaRAb6KkQAK5pEAdxaRA8ZGkQAaxpEAss6RA
95KkQLTKpEBatqRA+bqkQAyxpEBLzKRARamkQGi9pEAHvaRAeJqkQHO9pEBrtaRAoLakQMvC
pEAprqRA45akQKCOpEBRzqRAfJakQI+wpEBpl6RA2+OkQDStpECotKRAbd2kQP65pEAFo6RA
OKqkQC6fpEDssKRAqLKkQLOcpEAcp6RAVrekQM6hpEBIkqRAz8ukQDmcpECmuKRAIKmkQMnM
pEBIkaRAcKSkQJTXpEBYzKRA65ykQCbDpEDQlqRAAHWkQFyopEAoi6RAT7ykQJnJpEDLhqRA
f6ukQPu5pEAJrKRA1ZKkQKSepEDztKRAqb2kQBqVpECyzqRAoJKkQLq6pECdoaRAcr2kQJh6
pEDtrqRA</AssayYData></Step><Step><CommonData><SampleLocation>5</SampleLocation><SampleID>Glycine</SampleID><SampleGroup></SampleGroup><SampleInfo></SampleInfo><SampleRow>F</SampleRow><SamplePlate>1</SamplePlate><WellType>REGENERATION</WellType><Concentration>-1</Concentration><ConcentrationUnits>µg/ml</ConcentrationUnits><MolarConcentration>-1</MolarConcentration><MolarConcUnits>nM</MolarConcUnits><MolecularWeight>0</MolecularWeight><Temperature>30</Temperature><StartTime>4259702</StartTime><AssayTime>5</AssayTime></CommonData><FlowRate>1000</FlowRate><StepType>KREGENERATION</StepType><StepName>Regeneration</StepName><StepStatus>OK</StepStatus><ActualTime>5.00005</ActualTime><CycleTime>0.2</CycleTime><AssayXData Points="25">WmBqRZFjakXEZmpF+GlqRSdtakVecGpFkXNqRcR2akX0eWpFJ31qRVqAakWRg2pFwIZqRfSJ
akUrjWpFWpBqRY2TakXJlmpF9JlqRSedakVaoGpFjaNqRcCmakX4qWpFJ61qRQ==</AssayXData><AssayYData Points="25">b5pIP2GQMT9tCyY/qJ4dP1R6FT9ssQ4/pM8IPxR5AT+Nffc+3djpPnDs4D7GDtY+uKHIPlW9
wj7EUbk+L4SxPm6Iqz52F6E+P9GdPqz9lT6P7I4+ODmKPmtmgz4TvHs+2gV1Pg==</AssayYData></Step><Step><CommonData><SampleLocation>6</SampleLocation><SampleID>PBS</SampleID><SampleGroup></SampleGroup><SampleInfo></SampleInfo><SampleRow>F</SampleRow><SamplePlate>1</SamplePlate><WellType>NEUTRALIZATION</WellType><Concentration>-1</Concentration><ConcentrationUnits>µg/ml</ConcentrationUnits><MolarConcentration>-1</MolarConcentration><MolarConcUnits>nM</MolarConcUnits><MolecularWeight>0</MolecularWeight><Temperature>30</Temperature><StartTime>4273101</StartTime><AssayTime>5</AssayTime></CommonData><FlowRate>1000</FlowRate><StepType>KREGENERATION</StepType><StepName>Regeneration</StepName><StepStatus>OK</StepStatus><ActualTime>5.00103</ActualTime><CycleTime>0.2</CycleTime><AssayXData Points="25">W7BqRZKzakXBtmpF+blqRSi9akVbwGpFksNqRcHGakX1yWpFKM1qRVvQakWS02pFwdZqRfnZ
akUo3WpFW+BqRY7jakXB5mpF9elqRSjtakVf8GpFjvNqRcH2akX5+WpFLP1qRQ==</AssayXData><AssayYData Points="25">ryl2QJNpd0BqeHhAvyN5QAPheUC8jXpAXfx6QGpbe0Dy3ntAgCB8QIp0fED/znxAYON8QIHy
fECiVX1AlYx9QIeWfUDS631APu59QO0ufkCnPX5ABYN+QKCHfkCb8X5AEsN+QA==</AssayYData></Step><Step><CommonData><SampleLocation>5</SampleLocation><SampleID>Glycine</SampleID><SampleGroup></SampleGroup><SampleInfo></SampleInfo><SampleRow>F</SampleRow><SamplePlate>1</SamplePlate><WellType>REGENERATION</WellType><Concentration>-1</Concentration><ConcentrationUnits>µg/ml</ConcentrationUnits><MolarConcentration>-1</MolarConcentration><MolarConcUnits>nM</MolarConcUnits><MolecularWeight>0</MolecularWeight><Temperature>30</Temperature><StartTime>4286183</StartTime><AssayTime>5</AssayTime></CommonData><FlowRate>1000</FlowRate><StepType>KREGENERATION</StepType><StepName>Regeneration</StepName><StepStatus>OK</StepStatus><ActualTime>5.00005</ActualTime><CycleTime>0.2</CycleTime><AssayXData Points="25">XwBrRZIDa0XJBmtF/QlrRSwNa0VfEGtFkhNrRckWa0X5GWtFLB1rRV8ga0WWI2tFxSZrRfkp
a0UwLWtFXzBrRZIza0XFNmtF+TlrRTA9a0VfQGtFlkNrRclGa0X5SWtFLE1rRQ==</AssayXData><AssayYData Points="25">PPTgPjwkwj4a3aw+78efPiIElD7fzIk+MwZ/PmOvdT4QGm0+grJdPiRJVT7Gt1A+w+xGPhEc
OT6ykjU+mw0wPuXOKj4O+B8+dR4bPu17GD7auw0+ttMIPraSBT7HxgM+Wqb6PQ==</AssayYData></Step><Step><CommonData><SampleLocation>6</SampleLocation><SampleID>PBS</SampleID><SampleGroup></SampleGroup><SampleInfo></SampleInfo><SampleRow>F</SampleRow><SamplePlate>1</SamplePlate><WellType>NEUTRALIZATION</WellType><Concentration>-1</Concentration><ConcentrationUnits>µg/ml</ConcentrationUnits><MolarConcentration>-1</MolarConcentration><MolarConcUnits>nM</MolarConcUnits><MolecularWeight>0</MolecularWeight><Temperature>30</Temperature><StartTime>4299587</StartTime><AssayTime>5</AssayTime></CommonData><FlowRate>1000</FlowRate><StepType>KREGENERATION</StepType><StepName>Regeneration</StepName><StepStatus>OK</StepStatus><ActualTime>4.99907</ActualTime><CycleTime>0.2</CycleTime><AssayXData Points="25">X1BrRY5Ta0XFVmtF9VlrRShda0VbYGtFkmNrRcVma0X1aWtFKG1rRVtwa0WSc2tFwXZrRfl5
a0UofWtFX4BrRY6Da0XBhmtF+YlrRSiNa0VbkGtFkpNrRcGWa0X1mWtFKJ1rRQ==</AssayXData><AssayYData Points="25">2qd0QPHkdUBDrnZATZB3QAtTeEDS9HhAaWF5QOjEeUAUCXpAJ2x6QEPfekAVqXpA7Ip7QBy1
e0Bx8HtAIzJ8QKnre0BKLHxAkZl8QNq/fEDp2nxAYiB9QAdPfUCUZX1A0lF9QA==</AssayYData></Step><Step><CommonData><SampleLocation>5</SampleLocation><SampleID>Glycine</SampleID><SampleGroup></SampleGroup><SampleInfo></SampleInfo><SampleRow>F</SampleRow><SamplePlate>1</SamplePlate><WellType>REGENERATION</WellType><Concentration>-1</Concentration><ConcentrationUnits>µg/ml</ConcentrationUnits><MolarConcentration>-1</MolarConcentration><MolarConcUnits>nM</MolarConcUnits><MolecularWeight>0</MolecularWeight><Temperature>30</Temperature><StartTime>4312980</StartTime><AssayTime>5</AssayTime></CommonData><FlowRate>1000</FlowRate><StepType>KREGENERATION</StepType><StepName>Regeneration</StepName><StepStatus>OK</StepStatus><ActualTime>5.00005</ActualTime><CycleTime>0.2</CycleTime><AssayXData Points="25">W6BrRY6ja0XBpmtF+alrRSyta0VbsGtFjrNrRcW2a0X5uWtFKL1rRVvAa0WOw2tFwcZrRfXJ
a0UszWtFW9BrRZLTa0XF1mtF+dlrRSjda0Vb4GtFkuNrRcHma0X16WtFKO1rRQ==</AssayXData><AssayYData Points="25">cY3QPi3dqz78LJw+WTqMPuO+fj44E3A+WTRkPgTlWj5T+VM+kiY/PrYhQD6SGDc+NDIvPnxf
Kz7H4yY+3egbPgCiGz6MsRM+fxsSPl00Bj7w8AM+DYz9Pe9k+D3ZM/k9oNPzPQ==</AssayYData></Step><Step><CommonData><SampleLocation>6</SampleLocation><SampleID>PBS</SampleID><SampleGroup></SampleGroup><SampleInfo></SampleInfo><SampleRow>F</SampleRow><SamplePlate>1</SamplePlate><WellType>NEUTRALIZATION</WellType><Concentration>-1</Concentration><ConcentrationUnits>µg/ml</ConcentrationUnits><MolarConcentration>-1</MolarConcentration><MolarConcUnits>nM</MolarConcUnits><MolecularWeight>0</MolecularWeight><Temperature>30</Temperature><StartTime>4326402</StartTime><AssayTime>5</AssayTime></CommonData><FlowRate>1000</FlowRate><StepType>KREGENERATION</StepType><StepName>Regeneration</StepName><StepStatus>OK</StepStatus><ActualTime>5.00005</ActualTime><CycleTime>0.2</CycleTime><AssayXData Points="25">W/BrRY7za0XB9mtF9flrRSj9a0VbAGxFjgNsRcUGbEX1CWxFLA1sRV8QbEWOE2xFxRZsRfUZ
bEUsHWxFXyBsRY4jbEXBJmxF9SlsRSgtbEVfMGxFkjNsRcU2bEX5OWxFKD1sRQ==</AssayXData><AssayYData Points="25">GwJ2QEcYd0BjEnhACuZ4QO2WeUBqG3pAraN6QHjoekABZHtAC9l7QEIZfEB2OHxAQJ18QHkd
fUBnAn1A64h9QDi1fUCAtn1ACtp9QBc3fkDqJ35ABkJ+QJDOfkDjz35AWPV+QA==</AssayYData></Step><Step><CommonData><SampleLocation>1</SampleLocation><SampleID>Octet Buffer</SampleID><SampleGroup></SampleGroup><SampleInfo></SampleInfo><SampleRow>E</SampleRow><SamplePlate>1</SamplePlate><WellType>BUFFER</WellType><Concentration>-1</Concentration><ConcentrationUnits>µg/ml</ConcentrationUnits><MolarConcentration>-1</MolarConcentration><MolarConcUnits>nM</MolarConcUnits><MolecularWeight>0</MolecularWeight><Temperature>30</Temperature><StartTime>4340970</StartTime><AssayTime>20</AssayTime></CommonData><FlowRate>1000</FlowRate><StepType>CUSTOM</StepType><StepName>Sensor Check</StepName><StepStatus>OK</StepStatus><ActualTime>20.001</ActualTime><CycleTime>0.2</CycleTime><AssayXData Points="100">XEBsRY9DbEXGRmxF+klsRSlNbEVcUGxFj1NsRcJWbEX6WWxFKV1sRVxgbEWTY2xFxmZsRfZp
bEUpbWxFYHBsRY9zbEXCdmxF9nlsRS19bEVggGxFj4NsRcKGbEX2iWxFKY1sRWCQbEWTk2xF
wpZsRfaZbEUpnWxFXKBsRY+jbEXCpmxF+qlsRSmtbEVgsGxFj7NsRcK2bEX2uWxFK75sRa7A
bEWPw2xFwsZsRfrJbEUtzWxFXNBsRY/TbEXG1mxF9tlsRSndbEVg4GxFj+NsRcbmbEX66WxF
Ke1sRVzwbEWT82xFwvZsRfb5bEUt/WxFXABtRY8DbUXCBm1F+gltRSkNbUVcEG1FjxNtRcIW
bUX2GW1FKR1tRWAgbUWPI21FwiZtRfYpbUUpLW1FXDBtRZMzbUXCNm1F+jltRS09bUVcQG1F
j0NtRcZGbUX2SW1FLU1tRVxQbUWTU21FxlZtRfZZbUUpXW1FXGBtRY9jbUXGZm1F+mltRS1t
bUVccG1Fj3NtRcZ2bUX6eW1FLX1tRQ==</AssayXData><AssayYData Points="100">fMV0QIWhcUDgu29A6jZuQMcEbUCgz2xA8o5sQBoObED7OWxAaE1sQLlfbED7s2xAAulsQAu+
bEAZT21AK2dtQHtybUDcWm1AZBFuQIS1bUCFC25AoxBuQFz9bUCKP25AsKNuQFR6bkAbYG5A
48xuQMrcbkB9XW5A3wdvQEk6b0BWKm9AbTxvQKuQb0C8qW9AunhvQHC6b0C11G9AaOJvQBIT
cED+EHBA0uxvQKsscECsRnBA2zdwQCtDcED2L3BAXY1wQGxwcEDDm3BAnLJwQP5EcED28HBA
+LVwQOWbcEDGMnFAGfdwQHvFcEDPyXBAvvlwQKcHcUCj03BAimRxQOn+cEDxI3FA91hxQGGG
cUBLFHFA+oZxQPdjcUA9n3FAbWZxQLrUcUDZqnFArsdxQJqacUAe3XFADARyQJfScUBnoXFA
C/NxQADncUD0FnJAU+xxQP0QckCh6HFA8zZyQOU1ckBNCnJABhFyQLhUckDDTXJA+hByQO9b
ckA5nXJAa4NyQO5FckCgenJADiFyQA==</AssayYData></Step><Step><CommonData><SampleLocation>14</SampleLocation><SampleID>SI-157C19_P5365</SampleID><SampleGroup></SampleGroup><SampleInfo></SampleInfo><SampleRow>E</SampleRow><SamplePlate>1</SamplePlate><WellType>KLOAD</WellType><Concentration>5</Concentration><ConcentrationUnits>µg/ml</ConcentrationUnits><MolarConcentration>5000</MolarConcentration><MolarConcUnits>nM</MolarConcUnits><MolecularWeight>0</MolecularWeight><Temperature>30</Temperature><StartTime>4371431</StartTime><AssayTime>120</AssayTime></CommonData><FlowRate>1000</FlowRate><StepType>LOADING</StepType><StepName>Loading</StepName><StepStatus>OK</StepStatus><ActualTime>120.001</ActualTime><CycleTime>0.2</CycleTime><AssayXData Points="600">YIBtRZODbUXKhm1F+oltRS2NbUVgkG1Fl5NtRcqWbUX6mW1FLZ1tRWSgbUWTo21FxqZtRfqp
bUUtrW1FYLBtRZOzbUXGtm1F/rltRTG9bUVkwG1Fl8NtRcrGbUX6yW1FLc1tRWTQbUWT021F
xtZtRf7ZbUUx3W1FZOBtRZPjbUXG5m1F+ultRS3tbUVk8G1Fk/NtRcr2bUX6+W1FLf1tRWAA
bkWTA25FxgZuRfoJbkUxDW5FYBBuRZcTbkXKFm5F/hluRTEdbkVkIG5FlyNuRcYmbkX+KW5F
LS1uRWQwbkWTM25FyjZuRf45bkUtPW5FYEBuRZNDbkXGRm5F+kluRTFNbkVgUG5Fk1NuRcpW
bkX6WW5FLV1uRWBgbkWTY25FymZuRfppbkUxbW5FYHBuRZdzbkXGdm5F+nluRTF9bkVkgG5F
l4NuRcqGbkX6iW5FLY1uRWCQbkWTk25FxpZuRfqZbkUxnW5FYKBuRZOjbkXGpm5F/qluRS2t
bkVksG5Fk7NuRca2bkX+uW5FLb1uRWTAbkWTw25FxsZuRfrJbkUxzW5FYNBuRZPTbkXG1m5F
+tluRTHdbkVg4G5Fk+NuRcrmbkX66W5FMe1uRWDwbkWT825FxvZuRfr5bkUt/W5FYABvRZMD
b0XGBm9F/glvRTENb0VkEG9FkxNvRcoWb0X6GW9FLR1vRWAgb0WTI29FxiZvRfopb0UxLW9F
ZDBvRZMzb0XGNm9F+jlvRS09b0VgQG9Fl0NvRcZGb0X6SW9FMU1vRWRQb0WTU29FylZvRf5Z
b0UtXW9FZGBvRZNjb0XKZm9F/mlvRTFtb0VgcG9Fl3NvRcZ2b0X6eW9FLX1vRWCAb0WXg29F
yoZvRfqJb0UtjW9FYJBvRZOTb0XKlm9F/plvRS2db0VgoG9Fk6NvRcqmb0X+qW9FLa1vRWCw
b0WTs29FyrZvRfq5b0UtvW9FYMBvRZ/Db0XGxm9F/slvRS3Nb0Vk0G9Fl9NvRdfWb0X62W9F
Md1vRWDgb0WX429FyuZvRfrpb0Ux7W9FYPBvRZPzb0XK9m9F+vlvRS39b0VgAHBFlwNwRcYG
cEX6CXBFLQ1wRWAQcEWTE3BFyhZwRfoZcEUtHXBFZCBwRZMjcEXGJnBF/ilwRS0tcEVgMHBF
kzNwRco2cEX+OXBFLT1wRWRAcEWXQ3BFykZwRfpJcEUxTXBFZFBwRZNTcEXGVnBF/llwRS1d
cEVgYHBFl2NwRcZmcEX6aXBFLW1wRWRwcEWXc3BFxnZwRfp5cEUtfXBFZIBwRZODcEXGhnBF
/olwRS2NcEVgkHBFk5NwRcaWcEX6mXBFLZ1wRWCgcEWTo3BFxqZwRf6pcEUGrnBFibBwRZez
cEXGtnBF/rlwRS29cEVgwHBFl8NwRcbGcEX6yXBFLc1wRWDQcEWX03BFxtZwRfrZcEUt3XBF
ZOBwRZPjcEXG5nBF+ulwRS3tcEVg8HBFk/NwRcb2cEX6+XBFLf1wRWAAcUWTA3FFxgZxRfoJ
cUUtDXFFYBBxRZMTcUXKFnFF+hlxRS0dcUVgIHFFlyNxRcYmcUX6KXFFLS1xRWQwcUWTM3FF
yjZxRfo5cUUxPXFFYEBxRZdDcUXKRnFF+klxRS1NcUVgUHFFk1NxRcZWcUX+WXFFLV1xRWBg
cUWXY3FFymZxRf5pcUUtbXFFYHBxRZNzcUXGdnFF/nlxRS19cUVggHFFk4NxRcqGcUX6iXFF
LY1xRWSQcUWTk3FFxpZxRfqZcUUtnXFFYKBxRZejcUXGpnFF+qlxRS2tcUVgsHFFl7NxRcq2
cUX6uXFFLb1xRWDAcUWTw3FFxsZxRf7JcUUtzXFFYNBxRZfTcUXK1nFF+tlxRS3dcUVg4HFF
k+NxRcbmcUX66XFFMe1xRWDwcUWX83FFxvZxRf75cUUt/XFFYAByRZMDckXKBnJF+glyRS0N
ckVgEHJFlxNyRcYWckX6GXJFMR1yRWAgckWXI3JFyiZyRfopckUtLXJFYDByRZczckXGNnJF
/jlyRS09ckVgQHJFl0NyRcpGckX6SXJFMU1yRWRQckWTU3JFylZyRfpZckUtXXJFYGByRZNj
ckXKZnJF+mlyRS1tckVkcHJFk3NyRcZ2ckX+eXJFLX1yRWCAckWTg3JFxoZyRf6JckUtjXJF
YJByRZeTckXGlnJF/plyRS2dckVgoHJFk6NyRcqmckX6qXJFLa1yRWSwckWXs3JFxrZyRfq5
ckUtvXJFYMByRZfDckXKxnJF+slyRTHNckVg0HJFk9NyRcbWckX+2XJFLd1yRWTgckWX43JF
xuZyRfrpckUt7XJFZPByRZPzckXG9nJF+vlyRS39ckVkAHNFkwNzRcYGc0X+CXNFMQ1zRWAQ
c0WTE3NFxhZzRfoZc0UtHXNFZCBzRZMjc0XGJnNF+ilzRS0tc0VkMHNFkzNzRcY2c0X6OXNF
MT1zRWBAc0WXQ3NFxkZzRfpJc0UxTXNFZFBzRZNTc0XKVnNF/llzRS1dc0VkYHNFl2NzRcpm
c0X+aXNFLW1zRWBwc0WTc3NFxnZzRf55c0UtfXNFZIBzRZODc0XKhnNF+olzRS2Nc0VgkHNF
l5NzRcaWc0X+mXNFMZ1zRWCgc0WTo3NFxqZzRfqpc0UtrXNFZLBzRZOzc0XGtnNF+rlzRS29
c0VgwHNFk8NzRcrGc0X+yXNFLc1zRWTQc0WT03NFxtZzRfrZc0Ux3XNFZOBzRZPjc0XG5nNF
+ulzRTHtc0Vg8HNFk/NzRcb2c0X++XNFLf1zRWQAdEWTA3RFxgZ0RQIKdEUtDXRFYBB0RZMT
dEXKFnRF/hl0RS0ddEVkIHRFlyN0RcomdEX6KXRFMS10RWAwdEWTM3RFxjZ0Rfo5dEUtPXRF
YEB0RZNDdEXKRnRF+kl0RS1NdEVkUHRFk1N0RcZWdEX6WXRFMV10RWBgdEWXY3RFxmZ0Rf5p
dEUtbXRF23B0RZNzdEXGdnRF/nl0RS19dEVkgHRFk4N0RcqGdEX6iXRFMY10RWCQdEWTk3RF
xpZ0Rf6ZdEUtnXRFZKB0RZOjdEXKpnRF+ql0RS2tdEVksHRFk7N0Rca2dEX+uXRFLb10RWDA
dEWTw3RFxsZ0RfrJdEUxzXRFYNB0RZfTdEXK1nRF/tl0RS3ddEVg4HRFk+N0RcrmdEX+6XRF
Me10RWTwdEWT83RFxvZ0Rfr5dEUx/XRF</AssayXData><AssayYData Points="600">5/VwQEiXcUBOc3JAFM1yQJhLc0C11nNAnT50QIPOdEDaEnVA0MZ1QIxEdkDaYnZAYmR3QNYR
d0B8zXdAbFh4QIvOeED+NHlALX15QFQVekBPRXpAe5d6QGBae0CLkXtAlsR7QDisfEBSuHxA
ZeF8QGuDfUAp9X1AX4d+QCU+f0A6On9Aq21/QGMAgECfMYBAEl+AQAmIgEAr04BAWAiBQEwF
gUChX4FAPJKBQNh/gUCjG4JA3z6CQNQzgkAVaIJAQKaCQEu0gkCm7oJAKEaDQAlbg0A8gYNA
i66DQB/Rg0At7INAJVyEQDpShEAYh4RASbOEQOQGhUBOKYVA7WGFQDObhUBWiIVA7LiFQD/s
hUCFLoZA1zKGQDp6hkCAgoZA2a2GQGfshkDbB4dAJBuHQARhh0BXgYdAXLeHQI7oh0DoIYhA
1CyIQAkpiEA3h4hACIyIQBzEiEDK2ohAmfyIQF4SiUD9YYlA9qOJQJtoiUCj24lApOKJQKn4
iUAOSopArWiKQGIzikB2pYpAGtOKQLrNikDFGItA9DSLQA0Xi0DebItA47SLQJqSi0Dhv4tA
OO+LQMMHjECoFIxAdWaMQAdnjEBVQ4xAKKKMQDHGjEB83oxApwCNQA0MjUBvE41AFU2NQAd9
jUC7fI1AQdONQFHTjUC7w41AtfaNQCoIjkA9P45ADTGOQOGLjkDvfo5Ai5+OQLqyjkB/2o5A
JsiOQD0Tj0AfOo9AZEmPQKFpj0APko9AJYePQCmsj0Bv2I9AnNqPQH3Hj0AVEZBA7kGQQNML
kEBpWZBAG3iQQN51kEDce5BAnLCQQJyDkEDR1ZBAjv+QQAz9kEBHNZFA9zmRQDZDkUDgP5FA
e3aRQCOHkUAdhJFA45ORQHTGkUAJwpFAGdmRQKwPkkDy55FAfEuSQPFdkkB7IpJAxE6SQI9d
kkBhgpJAqa6SQFK3kkCpv5JANaqSQKAFk0BQ85JApPSSQD4Vk0BFVZNA1jGTQL91k0DreJNA
mHOTQBKEk0Bid5NAvLWTQArKk0AmzZNAD/eTQFvzk0Ci6pNA6B6UQBZElEDA+5NAR0SUQLBq
lEBPh5RAa2iUQNN0lEAehpRAnbWUQKaolEApvJRA97mUQJDulEB28ZRA4wCVQFYIlUDKQJVA
hBeVQA5FlUCBJZVA4jCVQGdklUD7ZJVA3neVQJN/lUA/kZVARMSVQJ/TlUAzsJVA5b2VQCzi
lUAo+JVAPuaVQIfllUA7EZZAGSiWQKgalkB8Q5ZA0DqWQABqlkDrcJZAxHyWQG5mlkC9nZZA
S2+WQNeYlkD5r5ZAM7eWQGTElkB4vJZAt8+WQMP3lkAQ+JZAMCGXQPnplkBOAJdAoCaXQJcZ
l0DVTZdAy3qXQO5Jl0AtcpdAlliXQOpul0BDapdA5nSXQDiJl0AamJdAva2XQMfEl0A0v5dA
E8+XQOTzl0AwwZdAqAWYQPsFmEAaHJhAcCSYQF4/mEAXN5hAzkOYQHU1mEAXKphAi1SYQGZr
mEBPWJhA9lGYQESCmECmn5hABE+YQOOSmECC4ZhAgZCYQBuvmEDq15hAL6aYQP3smEAx/JhA
a/iYQHT1mEAD05hAnRGZQHcQmUAhQZlABEiZQGcQmUD+MplAX0aZQLQsmUCmQJlAK2iZQMBO
mUAoXJlAu7iZQKeQmUCAY5lAXZ2ZQAmamUCanplAwbCZQC/RmUBw2plAG7uZQNPGmUDMvZlA
l8qZQMj8mUA+0ZlAxw6aQJj2mUD87ZlAswaaQElBmkAjLJpA+eyZQAIVmkBqYJpA10maQE9E
mkARTppACUuaQHI6mkAxappAiU6aQMCemkAziJpA+4KaQESMmkDPm5pAk5+aQG67mkBQyZpA
CayaQAWqmkBbyppAc+yaQPPImkDV65pAj8qaQETUmkCr/JpApfmaQNYSm0ArBJtA4iWbQGEe
m0DpG5tAhhubQBY0m0C3F5tAmDybQDxZm0BwSJtA/2ObQFpRm0AwZZtAqEWbQE6xm0AXU5tA
t5ebQGCQm0BJh5tA056bQDC9m0Aan5tApcObQJPdm0CV35tA/9CbQFDUm0DM55tAAt6bQM3S
m0CK9ptAAeWbQFMLnEDH9ZtAjBGcQD8bnEC+OJxA9wKcQLURnED+IJxAnSCcQOgWnEBDD5xA
9jWcQChOnEBYZpxAeV+cQP8gnEBSeZxAwGGcQFhTnEDggJxATXucQKltnEBsZpxA4qCcQLaT
nEC2jZxAwbCcQB2FnEDLlJxAxZWcQOixnEAmoZxA6vmcQJPEnEC/wpxA4e6cQPS/nEAz4JxA
8c6cQB3mnEDj55xAOvicQCz6nEBPFp1AnQudQBsDnUCmIZ1AJQGdQO1VnUB6GJ1A+BedQIIg
nUB6W51ATmudQEVBnUDmNp1ABjOdQJJGnUAabJ1AsjqdQCFcnUCjjp1Ap2WdQK1bnUATiZ1A
P5WdQKKMnUCY0p1AOp+dQJSWnUDIxZ1AF5mdQF6pnUAguZ1AoM6dQCCdnUDQrp1A++KdQGbw
nUDry51A1qSdQFjvnUCk2J1AttGdQD3OnUC57J1AphieQFwDnkC/651AwxWeQBsYnkD0J55A
fgOeQIQUnkDcMZ5AJyyeQI8pnkAOPZ5AlyKeQAxankCUKJ5ATCieQOJOnkCGYJ5AIDieQFNv
nkD7aJ5A/mOeQI5YnkBoZp5AFmueQHBfnkBTj55ACKieQNVrnkCVq55AoZ6eQAWAnkAbmp5A
kZ+eQD+inkCytJ5AhcqeQHPDnkCZuJ5Alq+eQBqYnkCsz55AKdaeQDjHnkAaoJ5AjOCeQAju
nkBS6p5ASNOeQFn1nkB/IJ9Ae+6eQMcQn0Ab4p5A5eyeQL0vn0CIHp9A6ACfQLQPn0CrFp9A
9iefQK0xn0BFN59AgxefQNQxn0CbI59AciufQLlCn0ATNp9A5S2fQOpbn0CbQp9AIUafQHFJ
n0D5ip9AQmSfQElan0BWcp9AI2KfQC9cn0BXiJ9AmpSfQBRmn0B+c59AJpyfQIWHn0ANjJ9A
sLKfQHOYn0DkoJ9Au7KfQHGqn0CUup9AZ5+fQNy8n0DKl59AvN+fQAvVn0DIuJ9AD+efQN3Q
n0B3sZ9A5eGfQEjzn0Bb0J9AcuSfQLMxoECZA6BAPgCgQFfwn0Dl6J9AcdOfQE04oECtEKBA
j/2fQGRLoEDK/59AJCGgQL0koEAEFaBA</AssayYData></Step><Step><CommonData><SampleLocation>1</SampleLocation><SampleID>Octet Buffer</SampleID><SampleGroup></SampleGroup><SampleInfo></SampleInfo><SampleRow>E</SampleRow><SamplePlate>1</SamplePlate><WellType>BUFFER</WellType><Concentration>-1</Concentration><ConcentrationUnits>µg/ml</ConcentrationUnits><MolarConcentration>-1</MolarConcentration><MolarConcUnits>nM</MolarConcUnits><MolecularWeight>0</MolecularWeight><Temperature>30</Temperature><StartTime>4501830</StartTime><AssayTime>100</AssayTime></CommonData><FlowRate>1000</FlowRate><StepType>BASELINE</StepType><StepName>Baseline</StepName><StepStatus>OK</StepStatus><ActualTime>100.001</ActualTime><CycleTime>0.2</CycleTime><AssayXData Points="500">ZAB1RZsDdUXKBnVF/gl1RTUNdUVkEHVFlxN1RcoWdUUCGnVFMR11RWQgdUWbI3VFyiZ1Rf4p
dUU1LXVFZDB1RZczdUXONnVFAjp1RTU9dUVkQHVFl0N1RcpGdUUCSnVFMU11RWhQdUWbU3VF
ylZ1RQJadUU1XXVFZGB1RZtjdUXKZnVFAmp1RTFtdUVkcHVFl3N1Rc52dUX+eXVFNX11RWSA
dUWXg3VFyoZ1RQKKdUU1jXVFZJB1RZeTdUXKlnVF/pl1RTGddUVkoHVFl6N1RcqmdUX+qXVF
Na11RWiwdUWXs3VFyrZ1Rf65dUU1vXVFZMB1RZvDdUXKxnVFAsp1RTXNdUVo0HVFm9N1RcrW
dUX+2XVFMd11RWTgdUWX43VFzuZ1RQLqdUU17XVFaPB1RZfzdUXO9nVF/vl1RTH9dUVkAHZF
lwN2RcoGdkUCCnZFMQ12RWgQdkWXE3ZFyhZ2Rf4ZdkU1HXZFZCB2RZsjdkXKJnZFAip2RTEt
dkVkMHZFlzN2Rco2dkX+OXZFMT12RWhAdkWbQ3ZFykZ2RQJKdkU1TXZFZFB2RZdTdkXKVnZF
/ll2RTFddkVoYHZFl2N2RcpmdkX+aXZFMW12RWhwdkWbc3ZFynZ2Rf55dkUxfXZFZIB2RZeD
dkXOhnZFAop2RTGNdkVkkHZFl5N2RcqWdkX+mXZFMZ12RWSgdkWXo3ZFzqZ2RQKqdkU1rXZF
aLB2RZezdkXKtnZF/rl2RTG9dkVkwHZFl8N2RcrGdkUCynZFNc12RWjQdkWX03ZFytZ2Rf7Z
dkUx3XZFaOB2RZfjdkXO5nZFAup2RTHtdkVk8HZFm/N2Rc72dkX++XZFNf12RWQAd0WbA3dF
ygZ3Rf4Jd0U1DXdFaBB3RZsTd0XOFndF/hl3RTEdd0VoIHdFlyN3Rcomd0X+KXdFMS13RWgw
d0WXM3dFyjZ3Rf45d0UxPXdFZEB3RZtDd0XKRndF/kl3RTVNd0VoUHdFl1N3Rc5Wd0X+WXdF
MV13RWRgd0WXY3dFzmZ3RQJqd0UxbXdFaHB3RZtzd0XOdndF/nl3RTF9d0VogHdFm4N3Rc6G
d0UCindFMY13RWiQd0WXk3dFypZ3Rf6Zd0UxnXdFZKB3RZujd0XKpndFAqp3RTGtd0VksHdF
m7N3Rc62d0X+uXdFMb13RWTAd0WXw3dFysZ3Rf7Jd0U1zXdFaNB3RZvTd0XO1ndFAtp3RTHd
d0Vo4HdFl+N3Rcrmd0X+6XdFNe13RWTwd0Wb83dFzvZ3RQL6d0U1/XdFaAB4RZsDeEXKBnhF
Agp4RTENeEVkEHhFlxN4RcoWeEUCGnhFNR14RWggeEWXI3hFziZ4Rf4peEVJLXhFZDB4RZcz
eEXONnhF/jl4RTE9eEVoQHhFl0N4RcpGeEX+SXhFNU14RWRQeEWXU3hFzlZ4RQJaeEU1XXhF
ZGB4RZtjeEXOZnhF/ml4RTFteEVkcHhFm3N4Rc52eEX+eXhFMX14RWiAeEWbg3hFzoZ4Rf6J
eEU1jXhFZJB4RZuTeEXKlnhF/pl4RTWdeEVkoHhFl6N4Rc6meEX+qXhFNa14RWSweEWXs3hF
yrZ4Rf65eEU1vXhFaMB4RZfDeEXOxnhF/sl4RTHNeEVk0HhFl9N4RcrWeEX+2XhFNd14RWjg
eEWb43hFyuZ4Rf7peEU17XhFZPB4RZfzeEXK9nhFAvp4RTX9eEVoAHlFmwN5RcoGeUUCCnlF
NQ15RWQQeUWbE3lF0xZ5Rf4ZeUU1HXlFZCB5RZcjeUXKJnlF/il5RTEteUVoMHlFlzN5Rc42
eUX+OXlFNT15RWRAeUWbQ3lFykZ5Rf5JeUU1TXlFZFB5RZdTeUXOVnlFAlp5RTFdeUVoYHlF
l2N5RcpmeUX+aXlFNW15RWRweUWXc3lFznZ5RQJ6eUU1fXlFZIB5RZuDeUXKhnlF/ol5RTGN
eUVkkHlFl5N5Rc6WeUX+mXlFMZ15RWigeUWXo3lFzqZ5RQKqeUU1rXlFZLB5RZezeUXKtnlF
Arp5RTW9eUVowHlFm8N5RcrGeUUCynlFNc15RWjQeUWX03lFytZ5Rf7ZeUUx3XlFZOB5RZvj
eUXK5nlF/ul5RTHteUVo8HlFl/N5Rc72eUX++XlFMf15RWQAekWXA3pFygZ6RQIKekU1DXpF
aBB6RZsTekXKFnpF/hl6RTEdekVkIHpFlyN6RcomekX+KXpFNS16RWQwekWXM3pFzjZ6Rf45
ekUxPXpFZEB6RZdDekXKRnpF/kl6RTVNekVoUHpFl1N6RcpWekX+WXpFNV16RWhgekWXY3pF
ymZ6RQJqekUxbXpFZHB6RZtzekXKdnpF/nl6RTF9ekVkgHpFl4N6RcqGekUCinpFMY16RWSQ
ekWbk3pFypZ6RQKaekUxnXpFZKB6RZejekXKpnpF/ql6RTGtekVosHpFl7N6Rc62ekX+uXpF
Nb16RWjAekWXw3pFysZ6Rf7JekUxzXpFaNB6RZfTekXK1npF/tl6RTXdekVk4HpFm+N6Rcrm
ekX+6XpFNe16RWTwekWX83pFzvZ6Rf75ekUx/XpFZAB7RZsDe0XOBntF/gl7RTENe0VkEHtF
lxN7RcoWe0X+GXtFNR17RWQge0WXI3tFyiZ7RQIqe0U1LXtFbDB7RZcze0XONntF/jl7RTU9
e0U=</AssayXData><AssayYData Points="500">RYygQDiwoECe5aBAJsmgQCUZoUAuBqFA6uegQFEmoUCiDKFA4ByhQPEmoUA9KaFAaQ+hQLJP
oUCMV6FAtS6hQDJIoUCeN6FAIEmhQLREoUA8NaFAmSyhQOcroUAzN6FAvTuhQKFAoUASOKFA
1zuhQKsfoUCQTqFAhmyhQNg/oUAla6FACnChQGNJoUBNO6FAXG+hQFhtoUAeT6FA0FahQDte
oUAEM6FAumihQKdgoUBOVaFAcGChQJhaoUDfYqFAsU2hQEpdoUDUMqFA+IKhQDt9oUAjbKFA
Q4KhQLGBoUBPcKFAMWShQDCKoUC5eKFAWVahQJJeoUA9baFAGFihQJ9ToUBzbaFA02ihQFp0
oUDPgKFAdHKhQFV9oUBESaFAZYGhQHRMoUD7e6FAh16hQLRvoUAKXKFACHShQJFcoUDcXKFA
UG6hQPhSoUDnYKFAwW6hQA9qoUD6e6FAIY2hQEthoUB0d6FAZoShQGFmoUCQY6FA/4GhQER3
oUDSVqFAd2GhQNyEoUBSU6FAj2qhQFaJoUAGfKFAUY+hQDx6oUAef6FAhIChQN+loUBroKFA
MGKhQBVxoUDvhKFAYWahQFZ1oUDNpaFAiWehQMmEoUCOdaFAbHChQGyCoUCkiaFAq3qhQNp3
oUCYkqFAy3yhQM9foUCapaFAKlehQGSFoUCYg6FAw3uhQJ6NoUAgW6FA65GhQJp2oUBOgqFA
vIWhQFaboUBBnqFAMJ6hQCumoUBveKFAAJ6hQBNUoUAHh6FAM4OhQEKZoUAxfKFAjJWhQJqY
oUDHX6FAFnmhQOimoUCTmKFAlq6hQLFsoUA7pqFAk5OhQMp+oUBLn6FAQ2+hQCyKoUB7jqFA
94KhQJejoUDEmKFA4muhQPm/oUBKrKFATpmhQC+xoUCtpqFAo4ChQJueoUBljKFAoJ6hQHB+
oUDjdKFA9JihQPZnoUDAaKFArqOhQN+KoUDQnaFAALehQNN9oUCjpaFA3LOhQASYoUA3naFA
qbWhQLVFoUD0kaFA+pehQAunoUCmo6FA2pihQEa7oUC4kqFADJuhQNmvoUCVtqFADaqhQAm1
oUCgnqFAiZyhQMrUoUCOfaFAkXShQJ2toUAVhaFAssChQGPIoUDMraFA+K6hQOiwoUCHuKFA
U7ihQKzCoUD2t6FAt76hQCiRoUDXn6FAS6ShQDyyoUCgnKFAgKChQLG1oUCowaFA+L2hQLak
oUBUtKFAta6hQK91oUArsaFAt8uhQEq1oUAayaFAw8ehQByWoUAflqFAXrWhQCmmoUA5u6FA
D8ShQJnHoUBSnaFAoryhQHSyoUC3naFAcsuhQCbaoUAbsqFAFI6hQLaqoUB0p6FAZ6ShQF3L
oUAgraFAP8mhQFO/oUAYpaFAyKChQDazoUDn46FAg7ehQGLLoUDlw6FA07WhQJ/AoUC1qKFA
H8OhQO6koUDm2qFAPLmhQOrNoUAW0qFAKKGhQEfRoUDT66FASMehQJetoUBv3KFAZ9ahQGma
oUAto6FA6s6hQMt+oUAFsKFApuChQByyoUD7taFAVtOhQJ+7oUCkqqFAU/WhQDj2oUDJt6FA
Ps6hQBjUoUCC46FAAdqhQETqoUCOiKFAiM2hQH/1oUBht6FAyNyhQB/ioUCN1qFARL6hQBPX
oUByy6FATeahQHnjoUAzrKFA+NGhQO73oUCXu6FAqdShQCAOokBl+qFArtihQIPfoUDnF6JA
+behQIPYoUCa16FAh+KhQEbjoUAA/qFAQbKhQE38oUD266FAaOehQCHgoUA++qFAk/ihQKvU
oUDG8aFAHt+hQAr3oUC76qFAsvyhQFzvoUB826FA4/yhQKTqoUDy2KFAyLShQAnPoUBZ2KFA
LPehQDgrokB43KFAgeKhQMe0oUA84aFAJ96hQL3ToUCy7qFA1PihQD0aokCbCqJAUtuhQJ66
oUCxCaJAm/6hQI8UokDd/6FAY+yhQOXooUDH/6FAmcqhQP73oUC2FqJACwKiQMTkoUDAGqJA
ogmiQOUNokBTHqJAdhmiQJ3eoUDZD6JAtgKiQFrkoUD5N6JAyAuiQGwTokDu+aFA9iqiQBbk
oUDWCKJAfh2iQPvroUBu4KFAyuahQE8ookAa5KFAFxKiQKcRokCIAKJAsPuhQJoEokAp9aFA
0weiQCD/oUDQ+6FAqeuhQCwbokD/+KFAvvqhQMwNokBcB6JAGO6hQJMkokCe3KFAhvKhQGUe
okBsBqJAafOhQBnvoUDrGKJA5/ShQJ3roUAUKKJAohuiQH4LokC+KaJAifShQDP8oUCUJaJA
B+6hQJ3noUDsOaJAwCeiQCcOokBO9aFA7vWhQNkUokDOMKJASP+hQB/qoUCBP6JAfjOiQAMG
okCMCqJAIjWiQFYUokC2JKJAHC6iQDgnokCCDqJAmxCiQOZLokBaGaJAXSGiQHIgokBo+aFA
2CmiQBM0okAgKaJAGxuiQMwwokB5LqJA4f+hQNQdokBKDqJAugSiQIgUokDrN6JASTOiQHsr
okCFGqJA1QeiQJEXokDISaJAPRWiQOsQokD0OqJAeTWiQJswokAeIKJAsTuiQHMVokDZOaJA
Dx6iQE0zokBKNqJAPhyiQCM1okBOKqJAZiyiQPgHokCTKKJAizyiQAs4okAbPaJA30eiQJwy
okA=</AssayYData></Step><Step><CommonData><SampleLocation>2</SampleLocation><SampleID>hsCD3d/e_Acro_CDD-H52W1</SampleID><SampleGroup></SampleGroup><SampleInfo></SampleInfo><SampleRow>E</SampleRow><SamplePlate>1</SamplePlate><WellType>KSAMPLE</WellType><Concentration>-1</Concentration><ConcentrationUnits>µg/ml</ConcentrationUnits><MolarConcentration>50</MolarConcentration><MolarConcUnits>nM</MolarConcUnits><MolecularWeight>0</MolecularWeight><Temperature>30</Temperature><StartTime>4610129</StartTime><AssayTime>180</AssayTime></CommonData><FlowRate>1000</FlowRate><StepType>ASSOC</StepType><StepName>Association</StepName><StepStatus>OK</StepStatus><ActualTime>180.001</ActualTime><CycleTime>0.2</CycleTime><AssayXData Points="900">aEB7RZtDe0XORntFAkp7RTVNe0VoUHtFm1N7Rc5We0UGWntFOV17RWhge0WfY3tFzmZ7RQZq
e0U1bXtFbHB7RZtze0XOdntFAnp7RTl9e0VsgHtFm4N7Rc6Ge0UCintFOY17RWyQe0Wfk3tF
zpZ7RQKae0U1nXtFaKB7RZ+je0XSpntFBqp7RTmte0VosHtFm7N7Rc62e0UCuntFOb17RWjA
e0Wfw3tFzsZ7RQLKe0U1zXtFaNB7RZ/Te0XO1ntFAtp7RTXde0Vs4HtFm+N7Rc7me0UG6ntF
Oe17RWzwe0Wf83tFzvZ7RQb6e0U1/XtFaAB8RZ8DfEXSBnxFAgp8RTUNfEVoEHxFnxN8Rc4W
fEUCGnxFNR18RWwgfEWfI3xFziZ8RQIqfEU1LXxFaDB8RZszfEXONnxFBjp8RTU9fEVoQHxF
n0N8Rc5GfEUCSnxFOU18RWhQfEWfU3xFzlZ8RQJafEU5XXxFbGB8RZtjfEXSZnxFAmp8RTVt
fEVscHxFm3N8Rc52fEUCenxFNX18RWyAfEWbg3xFzoZ8RQKKfEU1jXxFaJB8RZ+TfEXSlnxF
Bpp8RTmdfEVooHxFm6N8Rc6mfEUCqnxFOa18RWiwfEWbs3xFzrZ8RQK6fEU5vXxFaMB8RZvD
fEXSxnxFBsp8RTnNfEVs0HxFm9N8Rc7WfEUC2nxFOd18RWjgfEWb43xFzuZ8RQLqfEU57XxF
aPB8RZ/zfEXS9nxFAvp8RTn9fEVoAH1FmwN9RdIGfUUGCn1FOQ19RWgQfUWbE31FzhZ9RQYa
fUU5HX1FaCB9RZ8jfUXOJn1FAip9RTktfUVoMH1FmzN9Rc42fUUGOn1FNT19RWxAfUWbQ31F
zkZ9RQJKfUU5TX1FaFB9RZtTfUXSVn1FBlp9RTldfUVoYH1Fn2N9Rc5mfUUGan1FNW19RWhw
fUWbc31F0nZ9RQJ6fUU1fX1FaIB9RZuDfUXOhn1FAop9RTWNfUVokH1Fm5N9Rc6WfUUGmn1F
OZ19RWigfUWfo31FzqZ9RQKqfUU1rX1FaLB9RZ+zfUXOtn1FArp9RTW9fUVowH1Fn8N9Rc7G
fUUCyn1FOc19RWjQfUWf031FztZ9RQbafUU13X1FaOB9RZvjfUXO5n1FAup9RTXtfUVs8H1F
m/N9Rc72fUUG+n1FOf19RWgAfkWbA35F0gZ+RQYKfkU1DX5FbBB+RZ8TfkXSFn5FBhp+RTUd
fkVsIH5FmyN+RdImfkUGKn5FOS1+RWwwfkWjM35F0jZ+RQY6fkU1PX5FaEB+RZtDfkXSRn5F
Bkp+RTVNfkVoUH5Fn1N+RdJWfkUCWn5FOV1+RWhgfkWfY35FzmZ+RQZqfkU1bX5FbHB+RZtz
fkXOdn5FBnp+RTV9fkVogH5Fm4N+Rc6GfkUGin5FOY1+RWiQfkWbk35FzpZ+RQKafkU5nX5F
aKB+RZujfkXSpn5FAqp+RTWtfkVosH5Fm7N+RdK2fkUGun5FNb1+RWjAfkWbw35FzsZ+RQLK
fkU5zX5FaNB+RZvTfkXO1n5FAtp+RTXdfkVs4H5Fm+N+Rc7mfkUC6n5FNe1+RWjwfkWf835F
zvZ+RQL6fkU5/X5FaAB/RZsDf0XOBn9FAgp/RTUNf0VoEH9FnxN/RdIWf0UCGn9FNR1/RWgg
f0WfI39F0iZ/RQIqf0U5LX9FaDB/RZszf0XONn9FAjp/RTU9f0VoQH9Fm0N/Rc5Gf0UCSn9F
NU1/RWhQf0WfU39FzlZ/RQJaf0U1XX9FbGB/RZtjf0XOZn9FBmp/RTVtf0VocH9Fn3N/Rc52
f0UCen9FNX1/RWiAf0Wbg39FzoZ/RQKKf0U1jX9FaJB/RZ+Tf0XSln9FBpp/RTWdf0VooH9F
n6N/Rc6mf0UCqn9FOa1/RWiwf0Wfs39FzrZ/RQa6f0U1vX9FaMB/RZ/Df0XOxn9FAsp/RTXN
f0Vo0H9Fm9N/Rc7Wf0UC2n9FNd1/RWjgf0Wb439FzuZ/RQbqf0U17X9FbPB/RZvzf0XO9n9F
Bvp/RTX9f0U2AIBF0AGARWcDgEUBBYBFnAaARTQIgEXQCYBFZwuARQENgEWaDoBFNBCARc4R
gEVnE4BFAxWARZoWgEU2GIBFzhmARWcbgEUDHYBFnB6ARTQggEXOIYBFZyOARQElgEWaJoBF
NiiARc4pgEVpK4BFAS2ARZwugEU0MIBF0DGARWkzgEUDNYBFmjaARTY4gEXQOYBFaTuARQM9
gEWcPoBFNkCARc5BgEVnQ4BFAUWARZxGgEU2SIBFzkmARWlLgEUDTYBFmk6ARTZQgEXQUYBF
Z1OARQNVgEWaVoBFNliARc5ZgEVnW4BFAV2ARZxegEU0YIBF0GGARWdjgEUBZYBFnGaARTRo
gEXOaYBFZ2uARQFtgEWcboBFNHCARc5xgEVpc4BFAXWARZp2gEU0eIBFznmARWd7gEUBfYBF
mn6ARTaAgEXQgYBFZ4OARQGFgEWchoBFNoiARc6JgEVpi4BFA42ARZyOgEU2kIBF0JGARWeT
gEUBlYBFmpaARTaYgEXOmYBFaZuARQGdgEWcnoBFNKCARc6hgEVpo4BFAaWARZqmgEU0qIBF
zqmARWergEUDrYBFmq6ARTSwgEXQsYBFZ7OARQG1gEWatoBFNriARc65gEVnu4BFA72ARZy+
gEU0wIBFzsGARWfDgEUDxYBFnMaARTTIgEXOyYBFZ8uARQHNgEWazoBFNNCARc7RgEVn04BF
AdWARZrWgEU02IBFztmARWnbgEUB3YBFmt6ARTbggEXQ4YBFZ+OARQHlgEWc5oBFNuiARc7p
gEVr64BFAe2ARZzugEU08IBFzvGARWnzgEUB9YBFmvaARTT4gEXO+YBFZ/uARQH9gEWc/oBF
NgCBRc4BgUVpA4FFAwWBRZoGgUU0CIFFzgmBRWcLgUUDDYFFnA6BRTYQgUXOEYFFZxOBRQMV
gUWcFoFFNBiBRc4ZgUVnG4FFAx2BRZoegUU2IIFFziGBRWcjgUUBJYFFmiaBRTQogUXQKYFF
aSuBRQUtgUWaLoFFNDCBRdAxgUVpM4FFATWBRZw2gUU0OIFF0DmBRWc7gUUBPYFFmj6BRTRA
gUXOQYFFZ0OBRQFFgUWcRoFFNEiBRdBJgUVnS4FFAU2BRZxOgUU2UIFFzlGBRWlTgUUDVYFF
mlaBRTRYgUXOWYFFaVuBRQFdgUWaXoFFNGCBRc5hgUVnY4FFA2WBRZxmgUU0aIFFzmmBRWdr
gUUDbYFFnG6BRTRwgUXOcYFFZ3OBRQF1gUWadoFFNniBRc55gUVpe4FFA32BRZp+gUU0gIFF
zoGBRWeDgUUDhYFFmoaBRTSIgUXQiYFFZ4uBRQGNgUWajoFFNpCBRc6RgUVnk4FFAZWBRZqW
gUU2mIFFzpmBRWebgUUBnYFFnJ6BRTSggUXOoYFFZ6OBRQGlgUWapoFFNqiBRdCpgUVnq4FF
A62BRZqugUU0sIFF0LGBRWmzgUUDtYFFmraBRTS4gUXOuYFFZ7uBRQG9gUWcvoFFNMCBRc7B
gUVnw4FFA8WBRZrGgUU0yIFFzsmBRWfLgUUBzYFFms6BRTTQgUXO0YFFadOBRQHVgUWa1oFF
NtiBRc7ZgUVn24FFAd2BRZregUU04IFFzuGBRWfjgUUD5YFFmuaBRTbogUXO6YFFZ+uBRQHt
gUWc7oFFNvCBRc7xgUVn84FFA/WBRZz2gUU2+IFF0PmBRWf7gUUB/YFFnP6BRTQAgkXOAYJF
ZwOCRQEFgkWcBoJFNgiCRc4JgkVnC4JFAQ2CRZoOgkU0EIJFzhGCRWcTgkUBFYJFnBaCRTYY
gkXOGYJFZxuCRQEdgkWcHoJFNCCCRc4hgkVnI4JFASWCRZomgkU0KIJFzimCRWcrgkUBLYJF
nC6CRTYwgkXOMYJFaTOCRQM1gkWaNoJFNDiCRc45gkVrO4JFAT2CRZo+gkU0QIJFzkGCRWdD
gkUDRYJFmkaCRTRIgkXOSYJFZ0uCRQNNgkWaToJFNlCCRc5RgkVnU4JFAVWCRZpWgkU2WIJF
0FmCRWtbgkUBXYJFml6CRTRggkXOYYJFaWOCRQNlgkWaZoJFNGiCRdBpgkVpa4JFAW2CRZpu
gkU0cIJF0HGCRWdzgkUBdYJFmnaCRTZ4gkXOeYJFZ3uCRQF9gkWcfoJFNoCCRdCBgkVng4JF
AYWCRZyGgkU0iIJFzomCRWmLgkUDjYJFnI6CRTaQgkXQkYJFaZOCRQGVgkWaloJFNpiCRc6Z
gkVnm4JFAZ2CRZyegkU2oIJFzqGCRWejgkUDpYJFmqaCRTaogkXQqYJFZ6uCRQOtgkWaroJF
NLCCRc6xgkVps4JFAbWCRZq2gkU0uIJFzrmCRWm7gkUDvYJFnL6CRTbAgkXQwYJFacOCRQPF
gkWcxoJFNsiCRc7JgkVny4JFAc2CRZrOgkU00IJFztGCRWfTgkUB1YJFmtaCRTTYgkXQ2YJF
Z9uCRQPdgkWa3oJFNOCCRc7hgkVp44JFAeWCRZrmgkU06IJFzumCRWfrgkUD7YJFnO6CRTbw
gkXQ8YJFZ/OCRQP1gkWa9oJFNPiCRc75gkVn+4JFAf2CRZr+gkU0AINFzgGDRWcDg0UBBYNF
mgaDRTQIg0XQCYNFZwuDRQMNg0WaDoNFNhCDRc4Rg0VnE4NFARWDRZwWg0U0GINFzhmDRWcb
g0UDHYNFmh6DRTYgg0XQIYNFZyODRQElg0WcJoNFNCiDRc4pg0VnK4NFAy2DRZoug0U0MINF
0DGDRWkzg0UDNYNFmjaDRTQ4g0XQOYNFaTuDRQE9g0WcPoNF</AssayXData><AssayYData Points="900">t5+hQDjeoUBlLaJAX1CiQJ9gokAucaJAf36iQDyAokD9uqJARseiQAfPokCM8qJAqAejQGwH
o0B+w6JAEhyjQHIRo0ARGqNAlz+jQNYno0DdKKNAnDejQOdMo0BBNaNAgzWjQFhKo0AfQ6NA
CmGjQDJVo0DPfqNAmWajQBVro0BoeKNAFZ2jQM6no0Deo6NA4qSjQLy5o0B80aNAvKmjQIPP
o0DEu6NADeKjQJDmo0DtzKNADuijQHTto0BV/6NAOAWkQB4BpEDEIKRA9hqkQJINpEAbNaRA
5CGkQJEmpEC+KaRAp0mkQHA7pEA0aaRAk2ykQPlhpEAuWqRAvF2kQAhbpEBCeqRA9XykQOZ0
pEB1laRAmLqkQE6qpEBTp6RAfcikQIS/pEAmnKRAHMSkQK++pECV+aRAMr6kQJT9pEC976RA
LOykQGoBpUDG8qRAf/+kQFIFpUDGF6VAXSWlQIkmpUCxJaVAWRalQEIgpUBNWqVAVy2lQMo+
pUCFYqVAnEKlQFdQpUATgqVAB16lQBFWpUAFlaVA0GSlQKNvpUCKo6VALJClQGqWpUALhqVA
VrilQKObpUBQvqVAeLGlQHvgpUCHyKVASfGlQF3tpUCTwaVATC6mQG7zpUDJ+KVAVemlQD/v
pUAQEKZAuxamQAsBpkAjMKZAAQSmQK8npkDRLqZASjSmQPBUpkApMaZAeSymQIFbpkDyXKZA
GF2mQCZnpkAaYqZAKH2mQLB6pkARkaZAA6CmQMFjpkCKkqZAQp6mQPWYpkATuqZALcCmQBGy
pkB4naZAvq2mQDvMpkDr3KZAEOmmQIvTpkDR4qZAHv2mQC3YpkD7CqdASwKnQCj9pkDlAKdA
3yCnQMgjp0DuT6dAJBunQO0up0AnG6dAyCSnQIUzp0BtL6dAFUunQL4/p0CtM6dA6TCnQOtV
p0AyS6dAulunQBNyp0ArgKdA6G+nQDyFp0AOr6dAR4inQG+Wp0DFqadA45unQCm2p0AGsKdA
QqGnQGPyp0DHxKdAecinQP7Cp0BMqKdA9eCnQLPRp0AI7KdAPdOnQHvfp0AFKKhAQQOoQKvx
p0ApEahA3xeoQEEGqECYJ6hAJSmoQCEhqEDpOKhANTaoQFg/qECTSqhA4EuoQNl3qEAvYKhA
b2aoQKhjqEAlaqhASIioQM6IqEBlZ6hAHI2oQOZtqEDGfKhAbJCoQIenqEDWmqhAKcCoQA/C
qEDhw6hAdpuoQPTSqEAzqKhAd6+oQIDeqEC/pahAPeCoQL3uqEDX/qhAls+oQGXRqEDz+6hA
d+OoQN4BqUC4+6hAUuqoQIIWqUCFD6lA0DipQNEiqUDIQKlAqDqpQK4aqUBvNalAVyapQBos
qUAMM6lAyFmpQEREqUDAWalAwFqpQMhCqUC3aKlA+nupQIppqUAUgqlAQKCpQIB/qUATkKlA
Kr6pQBR7qUBUs6lAQ7GpQMicqUCmpKlAFLSpQDevqUBMiKlA3NGpQHbQqUBn16lAjZupQHvX
qUCz3qlAZ8ipQK7sqUBx1qlAHeKpQNvfqUDi8KlAlvOpQLIdqkCQEapAbguqQJYeqkBP/6lA
VOGpQLccqkAHO6pANAuqQIBKqkA3V6pAn0mqQHAVqkD0XqpAXGqqQDFOqkC5Y6pAiJOqQJFs
qkDfRapAMpiqQL14qkABZKpAyXCqQGiUqkAHj6pA5LWqQA2GqkCThqpAeLSqQJamqkDXnKpA
NbKqQPfZqkAIlKpAxNqqQK6gqkCXqapAvq6qQCSwqkB616pAZ9iqQCnWqkCO+qpAI8SqQF0L
q0BnEqtAdt6qQBPrqkBA1qpAPPiqQHUTq0Ch/qpAYvGqQHE8q0A+KqtA/y2rQLkIq0BFOqtA
6x6rQOw8q0D4HqtAdiGrQFksq0BiSatAQkyrQKxKq0DMbKtAKTqrQOFfq0BcRatAVmGrQO9p
q0AWaKtASGirQAGJq0BLi6tAPZerQO2Uq0Dma6tAL2+rQKiXq0DYiqtAxsarQMuVq0Aal6tA
7sSrQMyyq0CrsqtAYM6rQFfmq0BTqqtAINSrQP3nq0ARAKxAeL+rQPPkq0D8vKtAacerQNXZ
q0C1/6tAugesQNHeq0AsBKxABtarQLnbq0AcGqxAQhOsQKH4q0Cc+qtAfBmsQEMYrEAUDKxA
dBCsQBcqrEBfGqxAKU2sQJAmrEC+SqxAyUisQLNarECUXaxArFqsQNxZrEAoPaxAPlOsQMNa
rEC2T6xAgVKsQAiMrEDakKxAPXmsQBWPrEDwp6xADZ6sQJiRrECgb6xAbZqsQPuNrEBMkqxA
QpmsQFyqrED4uKxAP5CsQMuxrED116xA16WsQJfHrECjwqxAiLWsQA7drECWwKxA5+CsQE/e
rEBBzqxAS9ysQH3crEDr9axAh/msQKverEAr+6xAWf2sQK0DrUC14qxAitysQF7urEBpA61A
ejqtQOQErUDBAq1ACCytQCH4rEA0HK1AHEitQBEWrUBPNq1ATR2tQDQ2rUABQ61AQ1ytQGI+
rUCmB61A0W6tQAFarUAvY61AAm6tQBuVrUBNQK1AOWutQFBsrUDEg61AWZ6tQFyMrUDQWa1A
QIKtQNqPrUCDfK1AZHatQPqHrUAYka1A3YqtQIyLrUDPxK1ApKKtQNC5rUC8pq1ADI2tQCzL
rUBcwa1AJrGtQCbGrUDxxq1Aj9atQL3PrUAe061AANytQI/RrUDkqq1Awu6tQEy/rUB8wa1A
LwauQKsIrkBBDa5AHRmuQO/trUBx/61AM+2tQF/orUDJHa5AhhGuQC8OrkD0Ba5AKBeuQGEG
rkDYL65AtDWuQHInrkATMq5ArVCuQB08rkDCLa5AbReuQC5irkCVPK5Ab1+uQAourkAYPa5A
/VeuQPpDrkB7Ua5AM0auQCBMrkA8bK5AhmWuQESFrkBHfa5ArmSuQLOorkAiVK5AyIyuQIWB
rkBtgq5Aw5euQBZsrkBaoa5AfK+uQBaPrkCRna5AIJKuQHWErkDKuq5ARoeuQEizrkDBmq5A
Q7iuQGzHrkAsta5A/rSuQImyrkClyq5ApseuQPesrkBd8K5ADe6uQN/erkDGzK5AaueuQJMC
r0A/yq5AQBevQEUMr0CExa5Am8auQPL6rkD72K5Are+uQOv+rkBg+65As/OuQHggr0DOJq9A
Q/muQI8Kr0DODa9A9QCvQFoZr0BQKq9ATjWvQDQir0CjKa9AkBuvQLQmr0AoQq9AC1uvQOAm
r0ArJq9AxhGvQMBBr0A9Rq9AnUGvQJ5Sr0DqaK9Ak1yvQM9Zr0Azia9AvH+vQOuAr0BMVa9A
f1+vQItur0D5b69An6evQBdwr0BucK9A14OvQFlkr0CRl69AyJyvQOiSr0DAiq9AX6ivQFeP
r0C3l69AZIevQEier0DLu69AoqKvQJ+sr0AgoK9Asc+vQEvCr0C6t69A8rqvQE3Tr0Crw69A
WsSvQE26r0DDva9AxO+vQJL+r0AzzK9Ar76vQHsRsEC9+K9AUsKvQJQDsEC3B7BAidCvQFH6
r0D/469AMwewQOrhr0Acwq9AmSCwQIADsEAN+a9AIyKwQAwlsEAiJbBAfA+wQLP/r0B0OrBA
OQ+wQJsYsEDB4a9AbyOwQKwzsEA3/a9AATewQHVEsEC8PLBABUiwQMtIsEAdM7BAjCSwQK5G
sECGYLBAszGwQLRYsEC8NLBA6E6wQBZhsEAtgLBADluwQBJRsEAdP7BAC3mwQPxxsEB3mrBA
gmmwQMxOsEAJV7BA3IKwQBt3sEBIN7BAx3GwQGJ5sEA8g7BAfV2wQJu5sEAzlLBAVp+wQCug
sECXlLBAd5KwQPN7sEAbtrBA16mwQLe9sECYsbBAxpywQGGBsEAqsLBA4MmwQEaHsEDks7BA
8cCwQImtsECZurBA4duwQODEsEB+3bBA/b2wQAvcsECWzrBAut+wQNjosEDlArFASL2wQMX9
sECUz7BAi++wQJEbsUBb7rBAf+6wQObZsECRCrFAevKwQLAUsUBaC7FAjd2wQJ0jsUCwAbFA
bg2xQP35sEC8H7FAbSOxQLQUsUCYKLFAaR+xQEwhsUAmLbFA6RuxQMogsUBaNbFASf+wQP46
sUBPP7FAIhmxQNM+sUAYD7FAs0yxQGQ8sUCLOrFA20CxQNY6sUA9S7FAiWWxQN48sUBfTrFA
b1GxQCxusUAVQLFAp0yxQC9usUDndbFAfWuxQDKAsUBMZrFAIWyxQGyQsUDvVrFAQY2xQKx+
sUDrYrFAaZKxQO2dsUCulbFA1IqxQJprsUCtn7FAZouxQB+YsUAGgbFAC4yxQFW8sUDmrrFA
G8uxQOu9sUBllLFAEbSxQKmesUDOqLFAi9axQNCZsUD607FAp8mxQNrIsUC2wbFAe8SxQMq+
sUBwx7FAbOOxQNu/sUAN0LFAAN2xQPjHsUCV67FAtt6xQKLJsUAAzbFADMmxQNX1sUAHDbJA
we6xQKHrsUBQ/LFADuSxQEr0sUBx57FAl/6xQPUMskDO4LFAQPKxQBcWskCID7JAWgayQPsA
skDqELJABgqyQCn4sUCbJrJAYA+yQPM1skADHLJARhuyQBM2skBhPrJAQxuyQEMbskArRLJA
fx6yQEkaskCdQrJAQEmyQAxoskDgG7JAoBWyQDwtskCgJrJA2GOyQJxNskDLaLJAsl6yQNBV
skCWebJAGG+yQOVUskD9RrJAzVGyQIBYskClOLJAGXWyQGtdskAyebJAZEKyQD9wskC9e7JA
vnSyQBhzskD9b7JADYCyQPijskDxa7JA/3WyQLWUskAVi7JA</AssayYData></Step><Step><CommonData><SampleLocation>1</SampleLocation><SampleID>Octet Buffer</SampleID><SampleGroup></SampleGroup><SampleInfo></SampleInfo><SampleRow>E</SampleRow><SamplePlate>1</SamplePlate><WellType>BUFFER</WellType><Concentration>-1</Concentration><ConcentrationUnits>µg/ml</ConcentrationUnits><MolarConcentration>-1</MolarConcentration><MolarConcUnits>nM</MolarConcUnits><MolecularWeight>0</MolecularWeight><Temperature>30</Temperature><StartTime>4798212</StartTime><AssayTime>300</AssayTime></CommonData><FlowRate>1000</FlowRate><StepType>DISASSOC</StepType><StepName>Dissociation</StepName><StepStatus>OK</StepStatus><ActualTime>300</ActualTime><CycleTime>0.2</CycleTime><AssayXData Points="1500">NkCDRdBBg0VpQ4NFA0WDRZxGg0U6SINF0kmDRWlLg0UFTYNFnk6DRThQg0XSUYNFaVODRQNV
g0WcVoNFNliDRdBZg0VpW4NFA12DRZ5eg0U2YINF0GGDRWljg0UDZYNFnGaDRTZog0XQaYNF
aWuDRQVtg0WcboNFNnCDRdBxg0Vrc4NFA3WDRZx2g0U4eINF0nmDRWl7g0UFfYNFnn6DRTaA
g0XQgYNFaYODRQWFg0WehoNFNoiDRdCJg0Vri4NFBY2DRZyOg0U2kINF0JGDRWmTg0UZlYNF
npaDRTaYg0XSmYNFaZuDRQOdg0WcnoNFNqCDRdKhg0Vpo4NFBaWDRZymg0U4qINF0KmDRWmr
g0UDrYNFnK6DRTawg0XSsYNFa7ODRQO1g0WetoNFNriDRdK5g0Vpu4NFBb2DRZy+g0U4wINF
0MGDRWnDg0UDxYNFnMaDRTbIg0XSyYNFacuDRQXNg0WezoNFNtCDRdDRg0Vp04NFBdWDRZ7W
g0U42INF0NmDRWnbg0UD3YNFnN6DRTbgg0XQ4YNFaeODRQflg0Wc5oNFNuiDRdDpg0Vp64NF
Be2DRZzug0U28INF0PGDRWvzg0UD9YNFnvaDRTj4g0XQ+YNFafuDRQP9g0Wc/oNFOACERdIB
hEVpA4RFAwWERZ4GhEU2CIRF0AmERWkLhEUDDYRFng6ERTYQhEXQEYRFaROERQMVhEWcFoRF
NhiERdAZhEVpG4RFAx2ERZwehEU2IIRF0CGERWsjhEUDJYRFnCaERTYohEXQKYRFaSuERQUt
hEWeLoRFNjCERdAxhEVrM4RFBzWERZw2hEU2OIRF0DmERWk7hEUFPYRFnj6ERTZAhEXSQYRF
a0OERQVFhEWcRoRFNkiERdBJhEVrS4RFA02ERZxOhEU4UIRF0FGERWtThEUFVYRFnFaERTZY
hEXQWYRFaVuERQddhEWcXoRFNmCERdBhhEVrY4RFBWWERZxmhEU4aIRF0GmERWlrhEUDbYRF
nG6ERTZwhEXScYRFaXOERQN1hEWedoRFNniERdB5hEVre4RFA32ERZx+hEU2gIRF0IGERWmD
hEUDhYRFnoaERTaIhEXSiYRFaYuERQONhEWcjoRFNpCERdiRhEVpk4RFA5WERZ6WhEU4mIRF
0JmERWmbhEUFnYRFnJ6ERTaghEXQoYRFa6OERQOlhEWcpoRFNqiERdCphEVpq4RFA62ERZyu
hEU2sIRF0rGERWmzhEUDtYRFnraERTa4hEXQuYRFabuERQW9hEWevoRFNsCERdDBhEVpw4RF
BcWERZ7GhEU2yIRF0smERWnLhEUFzYRFns6ERTbQhEXQ0YRFa9OERTTVhEWe1oRFNtiERdLZ
hEVp24RFBd2ERZzehEU44IRF0OGERWvjhEUF5YRFnOaERYbohEXS6YRFa+uERQPthEWc7oRF
OPCERdLxhEVp84RFA/WERZz2hEU4+IRF0PmERWv7hEUD/YRFnP6ERTgAhUXQAYVFawOFRQMF
hUWcBoVFNgiFRdAJhUVpC4VFAw2FRZ4OhUU6EIVF0BGFRWsThUUDFYVFnBaFRTYYhUXQGYVF
aRuFRQMdhUWcHoVFNiCFRdAhhUVrI4VFAyWFRZ4mhUU2KIVF0CmFRWkrhUUDLYVFnC6FRTYw
hUXSMYVFaTOFRQU1hUWeNoVFODiFRdI5hUVrO4VFAz2FRZ4+hUU2QIVF0EGFRWtDhUUDRYVF
nkaFRThIhUXSSYVFaUuFRQVNhUWeToVFOFCFRdBRhUVpU4VFBVWFRZ5WhUU2WIVF0FmFRWlb
hUUFXYVFnl6FRTZghUXQYYVFa2OFRQNlhUWeZoVFNmiFRdJphUVpa4VFA22FRZ5uhUU2cIVF
0nGFRWlzhUUfdYVFnHaFRTZ4hUXQeYVFaXuFRQN9hUWcfoVFOICFRdCBhUVpg4VFA4WFRZyG
hUU4iIVF0omFRWuLhUUFjYVFnI6FRTiQhUXSkYVFaZOFRQOVhUWcloVFNpiFRdCZhUVpm4VF
BZ2FRZ6ehUU4oIVF0qGFRWujhUUFpYVFnKaFRTaohUXQqYVFaauFRQWthUWcroVFNrCFRdKx
hUVrs4VFBbWFRZy2hUU4uIVF0rmFRWu7hUUDvYVFnL6FRTbAhUXSwYVFacOFRQPFhUWcxoVF
NsiFRdLJhUVry4VFA82FRZzOhUU20IVF0tGFRWvThUUF1YVFnNaFRTbYhUXQ2YVFaduFRQfd
hUWc3oVFNuCFRdDhhUVr44VFA+WFRZzmhUU46IVF0umFRWnrhUUD7YVFnu6FRTbwhUXS8YVF
afOFRQP1hUWc9oVFNviFRdL5hUVp+4VFA/2FRZz+hUU2AIZF0AGGRWkDhkUDBYZFnAaGRTgI
hkXSCYZFaQuGRQMNhkWcDoZFNhCGRdIRhkVpE4ZFKhWGRZwWhkU4GIZF0BmGRWkbhkUDHYZF
nh6GRTgghkXSIYZFaSOGRQMlhkWeJoZFNiiGRdAphkVrK4ZFAy2GRZwuhkU4MIZF0DGGRWkz
hkUFNYZFnjaGRTY4hkXSOYZFaTuGRQU9hkWePoZFNkCGRdBBhkVpQ4ZFA0WGRZ5GhkU2SIZF
0EmGRWlLhkUDTYZFnE6GRThQhkXQUYZFa1OGRQNVhkWcVoZFNliGRdBZhkVrW4ZFA12GRZ5e
hkU2YIZF0mGGRWljhkUDZYZFnGaGRTZohkXQaYZFaWuGRQNthkWeboZFNnCGRdBxhkVpc4ZF
A3WGRZ52hkU2eIZF0HmGRWl7hkUDfYZFnH6GRTiAhkXSgYZFa4OGRQOFhkWchoZFOIiGRdCJ
hkVri4ZFBY2GRZyOhkU2kIZF0pGGRWmThkUDlYZFnpaGRTaYhkXQmYZFa5uGRQWdhkWcnoZF
OKCGRdChhkVro4ZFBaWGRZymhkU4qIZF0KmGRWurhkUDrYZFnK6GRTawhkXQsYZFa7OGRRW1
hkWctoZFNriGRdC5hkVpu4ZFBb2GRZ6+hkU4wIZF0sGGRWvDhkUFxYZFnsaGRTbIhkVTyoZF
mMuGRQPNhkWezoZFNtCGRdDRhkVr04ZFBdWGRZzWhkU22IZF0tmGRWnbhkUF3YZFnN6GRTjg
hkXQ4YZFaeOGRQXlhkWc5oZFNuiGRdTphkVr64ZFA+2GRZzuhkU28IZF0PGGRWnzhkUD9YZF
nvaGRTj4hkXQ+YZFafuGRQP9hkWc/oZFOACHRdIBh0VrA4dFAwWHRZ4Gh0U2CIdF0AmHRWsL
h0UFDYdFnA6HRTYQh0XQEYdFaROHRQMVh0WeFodFNhiHRdIZh0VrG4dFAx2HRZweh0U2IIdF
0CGHRWsjh0UDJYdFnCaHRTgoh0XQKYdFaSuHRQMth0WcLodFODCHRdIxh0VrM4dFBTWHRZw2
h0U2OIdF0jmHRWk7h0UDPYdFnD6HRTZAh0XSQYdFaUOHRQNFh0WcRodFOEiHRdBJh0VrS4dF
A02HRZxOh0U2UIdF0FGHRWtTh0UiVYdFnlaHRTZYh0XQWYdFaVuHRQNdh0WcXodFOGCHRdBh
h0VpY4dFA2WHRZxmh0U4aIdF0GmHRWlrh0UDbYdFnG6HRTZwh0XQcYdFaXOHRQN1h0WedodF
NniHRdJ5h0Vpe4dFA32HRZ5+h0U2gIdF0IGHRWuDh0UDhYdFnIaHRTiIh0XQiYdFaYuHRQON
h0WejodFNpCHRdCRh0Vrk4dFBZWHRZ6Wh0U2mIdF0JmHRWmbh0UDnYdFoJ6HRTigh0XQoYdF
aaOHRQWlh0WcpodFNqiHRdKph0Vpq4dFBa2HRZyuh0U4sIdF0rGHRWmzh0UFtYdFnLaHRTa4
h0XQuYdFabuHRQO9h0WevodFOMCHRdbBh0Vpw4dFA8WHRZ7Gh0U2yIdF0MmHRWvLh0UFzYdF
nM6HRTbQh0XQ0YdFadOHRQPVh0Wc1odFNtiHRdDZh0Vr24dFA92HRZ7eh0U44IdF0OGHRWvj
h0UF5YdFnOaHRTboh0XQ6YdFaeuHRQPth0Wc7odFNvCHRdDxh0Vr84dFDfWHRZz2h0U2+IdF
0vmHRWn7h0UD/YdFnv6HRTgAiEXQAYhFaQOIRQMFiEWeBohFOAiIRdAJiEVpC4hFAw2IRZ4O
iEU2EIhF0hGIRWsTiEUDFYhFnBaIRTYYiEXQGYhFaRuIRQMdiEWcHohFOCCIRdAhiEVpI4hF
AyWIRZwmiEU2KIhF0CmIRWkriEUDLYhFnC6IRTgwiEXSMYhFaTOIRQM1iEWcNohFNjiIRdA5
iEVrO4hFBT2IRZ4+iEU4QIhF0EGIRWlDiEUDRYhFnkaIRTZIiEXQSYhFaUuIRQNNiEWcTohF
OFCIRdJRiEVrU4hFA1WIRZxWiEU2WIhF0FmIRWlbiEUDXYhFnF6IRThgiEXQYYhFaWOIRQNl
iEWcZohFNmiIRdBpiEVpa4hFBW2IRZ5uiEU4cIhF0HGIRWlziEUFdYhFnnaIRTZ4iEXSeYhF
aXuIRQN9iEWefohFNoCIRdCBiEVpg4hFBYWIRZyGiEU4iIhF0ImIRWuLiEUFjYhFno6IRTaQ
iEXSkYhFa5OIRQWViEWclohFOJiIRdCZiEVrm4hFA52IRZ6eiEU4oIhF0KGIRWmjiEUFpYhF
nKaIRTaoiEXQqYhFH6yIRWetiEWtrohFNrCIRdCxiEVps4hFBbWIRZy2iEU4uIhF0LmIRWm7
iEUDvYhFnr6IRTjAiEXQwYhFacOIRQXFiEWcxohFOMiIRdDJiEVpy4hFBc2IRZ7OiEU40IhF
0tGIRWnTiEUF1YhFntaIRTbYiEXQ2YhFaduIRQPdiEWc3ohFNuCIRdDhiEVp44hFBeWIRZzm
iEU26IhF0umIRWnriEUD7YhFnO6IRTbwiEXQ8YhFa/OIRQP1iEWc9ohFOPiIRdL5iEVr+4hF
A/2IRZz+iEU2AIlF0gGJRWkDiUUDBYlFnAaJRTYIiUXQCYlFawuJRQMNiUWcDolFOBCJRdIR
iUVpE4lFAxWJRZwWiUU2GIlF0BmJRWkbiUUDHYlFnB6JRTYgiUXSIYlFaSOJRQMliUWeJolF
NiiJRdIpiUVrK4lFBS2JRZwuiUU4MIlF0DGJRWkziUUkNYlFnjaJRTg4iUXQOYlFaTuJRQU9
iUWcPolFNkCJRdBBiUVtQ4lFA0WJRZxGiUU2SIlF0EmJRWtLiUUFTYlFnE6JRThQiUXQUYlF
a1OJRQNViUWeVolFNliJRdBZiUVrW4lFA12JRZxeiUU2YIlF0mGJRWljiUUDZYlFnGaJRTho
iUXQaYlFa2uJRQNtiUWcbolFNnCJRdBxiUVpc4lFA3WJRZ52iUU2eIlF0HmJRWt7iUUDfYlF
nn6JRTaAiUXQgYlFaYOJRQOFiUWcholFOIiJRdKJiUVpi4lFBY2JRZyOiUU2kIlF0pGJRWmT
iUUDlYlFnJaJRTaYiUXQmYlFa5uJRQOdiUWenolFNqCJRdChiUVpo4lFBaWJRZymiUU4qIlF
0KmJRWuriUUFrYlFnK6JRTawiUXQsYlFa7OJRQW1iUWctolFNriJRdK5iUVpu4lFBb2JRZy+
iUU2wIlF0MGJRWvDiUUFxYlFnMaJRTbIiUXQyYlFacuJRQPNiUWczolFNtCJRdDRiUVp04lF
MNWJRZzWiUU42IlF0tmJRWnbiUUF3YlFnN6JRTrgiUXQ4YlFaeOJRQPliUWc5olFOOiJRdDp
iUVr64lFBe2JRZ7uiUU48IlF0PGJRWnziUUD9YlFnvaJRTb4iUXS+YlFa/uJRQP9iUWc/olF
OACKRdABikVpA4pFAwWKRZwGikU2CIpF0AmKRWsLikUDDYpFnA6KRTYQikXQEYpFaROKRQUV
ikWcFopFOBiKRdAZikVpG4pFBR2KRZ4eikU4IIpF0iGKRWkjikUDJYpFnCaKRTYoikXSKYpF
aSuKRQMtikWcLopFNjCKRdIxikVpM4pFBTWKRZw2ikU2OIpF0DmKRWk7ikUFPYpFnj6KRThA
ikXSQYpFaUOKRQNFikWeRopFNkiKRdBJikVpS4pFA02KRZ5OikU2UIpF0FGKRWlTikUDVYpF
nFaKRThYikXSWYpFa1uKRQVdikWeXopFNmCKRdBhikVpY4pFA2WKRZ5mikU2aIpF0GmKRWlr
ikUFbYpFnm6KRThwikXQcYpFa3OKRQV1ikWcdopFOHiKRdB5ikVpe4pFBX2KRZ5+ikU4gIpF
0oGKRWmDikUDhYpFnIaKRTiIikXQiYpFaYuKRWmNikWvjopFNpCKRdKRikVrk4pFBZWKRZyW
ikU2mIpF0JmKRW+bikUFnYpFnJ6KRTagikXQoYpFaaOKRQOlikWcpopFOKiKRdCpikVpq4pF
A62KRZyuikU2sIpF0rGKRWuzikUDtYpFnLaKRTi4ikXQuYpFa7uKRQO9ikWevopFNsCKRdDB
ikVpw4pFA8WKRZ7GikU2yIpF0smKRWnLikUFzYpFnM6KRTjQikXQ0YpFadOKRQPVikWc1opF
NtiKRdDZikVp24pFA92KRZzeikU44IpF0OGKRWnjikUD5YpFnOaKRTboikXQ6YpFaeuKRQXt
ikWc7opFNvCKRdDxikVp84pFA/WKRZz2ikU4+IpF0vmKRWv7ikUD/YpFnv6KRTYAi0XQAYtF
aQOLRQMFi0WeBotFOAiLRdAJi0VrC4tFAw2LRZwOi0U4EItF0BGLRWsTi0UFFYtFnBaLRTYY
i0XQGYtFaxuLRQUdi0WcHotFNiCLRdAhi0VpI4tFBSWLRZ4mi0U2KItF0CmLRWsri0UFLYtF
nC6LRTYwi0XQMYtFaTOLRQU1i0WeNotFNjiLRdA5i0VpO4tFAz2LRZw+i0U4QItF0EGLRWlD
i0UDRYtFnEaLRThIi0XQSYtFaUuLRQVNi0WeTotFOFCLRdBRi0VpU4tFA1WLRZxWi0U2WItF
0FmLRWlbi0UDXYtFnF6LRTZgi0XQYYtFa2OLRQNli0WcZotFOGiLRdBpi0Vpa4tFA22LRZxu
i0U4cItF0HGLRWlzi0UDdYtFnHaLRTZ4i0XSeYtFaXuLRQN9i0WefotFNoCLRdCBi0Vpg4tF
A4WLRZ6Gi0U2iItF0omLRWmLi0UDjYtFno6LRTaQi0XQkYtFaZOLRQOVi0WclotFNpiLRdKZ
i0Vrm4tFA52LRZ6ei0U4oItF0KGLRWuji0UDpYtFnKaLRTioi0XQqYtFaauLRQOti0WcrotF
NrCLRdKxi0Vrs4tFE7WLRZy2i0U4uItF0LmLRWu7i0UDvYtFnL6LRTjAi0XSwYtFacOLRQPF
i0WexotFOMiLRdDJi0Vpy4tFA82LRZzOi0U20ItF0NGLRWnTi0UD1YtFnNaLRTjYi0XQ2YtF
aduLRQXdi0Wc3otFNuCLRdDhi0Vr44tFBeWLRZzmi0U26ItF0OmLRWnri0UF7YtFnO6LRTjw
i0XQ8YtFa/OLRQX1i0Wc9otFNviLRdL5i0Vr+4tFA/2LRZz+i0U2AIxF0gGMRW0DjEUDBYxF
nAaMRTYIjEXSCYxFaQuMRQUNjEWcDoxFNhCMRdIRjEVpE4xFAxWMRZwWjEU2GIxF0BmMRWsb
jEUDHYxFnB6MRTggjEXQIYxFaSOMRQMljEWcJoxFNiiMRdIpjEVpK4xFAy2MRZwujEU2MIxF
0jGMRWkzjEUFNYxFnDaMRTg4jEXQOYxFazuMRQM9jEWePoxFNkCMRdJBjEVpQ4xFA0WMRZ5G
jEU4SIxF0EmMRWlLjEUDTYxFnk6MRTZQjEXQUYxFaVOMRSBVjEWcVoxFNliMRdJZjEVpW4xF
BV2MRZ5ejEU2YIxF0mGMRWtjjEUDZYxFnGaMRTZojEXQaYxFaWuMRQVtjEWcboxFNnCMRdJx
jEVrc4xFBXWMRZx2jEU2eIxF0nmMRWt7jEUDfYxFnn6MRTiAjEXSgYxFa4OMRQOFjEWehoxF
NoiMRdCJjEVpi4xFA42MRZyOjEU4kIxF0JGMRWmTjEUDlYxFnpaMRTaYjEXQmYxFa5uMRQOd
jEWcnoxF</AssayXData><AssayYData Points="1500">DVWyQGBqskD7O7JAzVGyQIh0skAZQLJA3luyQAN4skA6a7JA9m2yQPtpskD6Z7JA5FmyQPBg
skCqc7JAsIiyQGFkskBdlrJAHmmyQJVhskCsXbJA91qyQNplskAxZLJAM0qyQPNXskAnlbJA
iYuyQKyCskBBhrJAvIWyQBNsskApSrJA2H6yQOiXskDBYbJAv6qyQJOfskD+UbJArV6yQBN0
skDVfLJATlqyQCmMskAyiLJAUXmyQGh+skDfb7JAuWqyQNOuskCleLJAKZeyQF1vskBKZrJA
PmeyQMaWskDug7JAbHqyQJJ0skBVcbJATWqyQOuPskBnhLJAN26yQGqBskD+mbJAIpCyQAdl
skBLiLJA36GyQBfBskBzibJAqXqyQPFrskDkirJAdWayQASAskAmjLJAo3+yQJV5skDlfbJA
R2ayQJZGskDBfLJAF7CyQPKEskBhdLJAtqSyQLq3skAHhrJAIJ+yQOJ1skD5j7JADYWyQBaa
skCDmrJAIoGyQFKbskD4mbJAGKeyQJeWskAWkrJAEHqyQA6lskDWjrJA76qyQIxvskD0rLJA
ppCyQFyeskC0prJA83SyQCmhskCZnrJAuoSyQM6EskCCoLJAgLqyQP+TskCP1bJAGKWyQKih
skAEmbJAxoWyQPGDskAap7JAfqCyQFXEskBApbJAR6qyQIOhskDZnbJAWamyQKKuskADk7JA
qqeyQIWaskC6a7JADcKyQBCOskCKlrJAGbqyQPXXskColLJAsqCyQB/YskBoobJAga2yQCez
skABebJAwaCyQG6/skDc0LJADrCyQAyzskCMr7JAf5KyQEuxskAmq7JA24qyQDK6skChvLJA
L6yyQD2uskDFhLJA7qmyQBKpskAJ17JAJK+yQNaXskDMsbJAgsqyQBeoskAqlrJAdsqyQFGU
skCT1bJA6cGyQLOqskA6vrJAoeWyQKrTskDuvLJAh9OyQKHQskBswbJAdMuyQNu4skAZwbJA
PgCzQAmWskARnrJAmMGyQEfVskAAuLJAsMuyQM3UskCMu7JA5tWyQLzyskDhqrJAa5uyQL3h
skCZtbJAcsqyQDbiskCYp7JAaseyQCHlskC5wLJAScyyQJXhskC0zbJACKuyQHnEskD857JA
KbSyQEbUskDy3LJACMmyQBbWskDv0rJADceyQNnFskDazrJAMPuyQDPQskDyvrJAfuCyQEr2
skDq0LJA8tuyQNPbskCK5LJA7OGyQLKuskARyrJAa/eyQNnlskB1tLJASd+yQBbjskBPxrJA
APCyQF3oskAr3bJAmuKyQGjyskC8sbJAYuSyQNb5skCVB7NAyQOzQIDHskBX5LJAxMmyQFD2
skDt/rJAebeyQOX/skC667JAOMSyQOv1skCX5rJAxP6yQOLmskBHCbNA6A2zQGrfskAz7LJA
8cOyQDDHskAqELNAwtWyQLLWskDazLJAy/OyQLnTskCWA7NAIfyyQPwAs0D++rJADAyzQJvy
skDo+LJADuSyQBEEs0BJ/bJA7wGzQJ7qskBZ17JAOv2yQC30skA687JApiuzQIgMs0Ce9LJA
9huzQKcXs0CKDbNAT+WyQKP3skDd+LJAlQuzQK4Js0DU+LJAhRqzQC4Zs0CD+7JA7/myQLQG
s0AWFLNAWuyyQA9Ts0B2CbNArCWzQIEHs0AzBrNATeqyQIfjskD2J7NA1gOzQEH9skABCLNA
qOqyQK4Xs0BQH7NALQezQDb5skCqDrNAIxizQA0hs0AZ/rJAjAuzQCoos0DnB7NAfg2zQBwW
s0A16rJAZwKzQAjdskCXCLNAQVGzQFAxs0AwJLNAVxKzQCH+skAQ7rJAcByzQEABs0BmD7NA
j/2yQBUys0BEDrNA9QqzQHwPs0AMBLNABw6zQG44s0BdELNAgUOzQLobs0CAPrNA2BOzQJMO
s0AhJbNAODCzQF0Xs0D1HrNAkfyyQJ4Zs0A8L7NA1T2zQKwCs0BOHrNAwx6zQGQys0AWSbNA
Az2zQNwOs0DTLrNArTSzQJ/UskAaGbNAAmazQCQOs0DaBrNA5y2zQAEUs0CJJrNAtyCzQOEj
s0D/GLNAEDOzQHBIs0AXKLNAgDOzQDocs0CkDLNAvUuzQJQrs0DvILNAeTizQOlGs0A+GrNA
JTezQP4es0CkPbNAxyOzQJ0qs0B1LbNAGi+zQEkws0AhFbNAnyOzQAdCs0ByN7NAdBezQPYm
s0AKO7NA3AuzQOpFs0DcbLNAjRGzQCwss0BWMbNAeUmzQJAjs0CeKbNA/TSzQHEqs0BSLrNA
MSuzQAQas0DdJrNAI0uzQItEs0ADSLNA4z6zQJoNs0ChXbNAhnGzQPAss0AlP7NApV+zQCBD
s0DOQ7NAZTWzQCdws0BKM7NARFWzQCpYs0A4I7NA30KzQHxes0BCTbNAVjCzQCJbs0D8+7JA
xjmzQPxLs0BTP7NAFTWzQB5vs0Ara7NAzWSzQKZSs0DbX7NAR3ezQF0ys0BJXLNAfGOzQMtA
s0BLd7NAYDGzQJA4s0CDVrNAKiOzQJlbs0CfcLNAZUqzQLZrs0CAWLNALUWzQHFms0CpYLNA
t1izQGVXs0DscLNAnT+zQH1ss0D5N7NAalWzQPpMs0BcQLNAOn+zQLRfs0DZO7NASHezQCBG
s0B6YrNApkGzQBRas0BPRLNAsVmzQMdzs0AKUbNARUCzQAt6s0DWe7NA81+zQEx4s0D3UbNA
PD6zQOpPs0AAXbNA4lyzQBZks0DeULNAgkuzQOCZs0C6hrNAhkezQD9as0BxZ7NA/1azQFdP
s0D8c7NAHXmzQJtks0DbbrNA24qzQLRas0A8brNAgl6zQGVCs0DJdrNANVqzQO08s0BUb7NA
n3qzQGlxs0BVgLNAkYCzQNxas0AfdLNAFJGzQPlWs0B/ULNAh2+zQJhvs0ATXrNAym+zQI9u
s0DeX7NAuW6zQDSjs0CWZLNAm2+zQNqVs0AqfrNAXmqzQCKcs0ANc7NA03CzQHids0DbdLNA
+4mzQJx2s0DYmrNATnazQASCs0Brk7NATmmzQBJqs0BNbLNA6IezQBGgs0CFrbNAdX6zQLVz
s0DBgbNAAKCzQDp9s0BCgLNAHnizQJZ4s0DBo7NAJXqzQMB6s0Bcl7NAhGazQHJTs0DMjbNA
KYSzQGN3s0BPd7NAMpWzQLKcs0BAaLNAZXWzQI95s0DdZ7NAEp2zQHaOs0CpfLNAUXuzQPOU
s0BeeLNA4oizQKmNs0CDebNAd5mzQEibs0BRcLNAS3mzQMpis0DWk7NArW2zQPKvs0BhkbNA
eYyzQBSTs0ApqLNA8m+zQBeLs0AEr7NAY46zQBV+s0AdnrNAlIKzQIJOs0CDubNAsGCzQK10
s0CPdrNAHp6zQJxes0CalrNAmKWzQNa4s0A/hrNAsoGzQB2Ns0BFpLNAa3mzQO2ds0AGarNA
PpGzQJ2Bs0DrkrNAlZazQOKms0CdqrNAAI6zQAOGs0BQU7NAQ5ezQJmXs0BatbNAuY+zQOCD
s0DEfbNApZmzQMJ1s0ATfLNAYK+zQEKds0DaurNAqYazQO+qs0BexbNA1HWzQBqss0Bfm7NA
gZazQOK0s0C7m7NAWLOzQMm0s0CsfbNAK46zQLSfs0DzibNA3rOzQP6bs0DzsLNAsZuzQDKj
s0CxsbNA59ezQASbs0D4nLNAKquzQHGMs0Alu7NASdazQH2Zs0AnybNAib2zQEGEs0DjfrNA
9MKzQJqus0AMsrNAeamzQFDTs0BCuLNAttWzQGfXs0AXwLNAGaezQFGvs0AGnbNAq5izQDyt
s0C4jbNAfquzQJi1s0DqrrNAfJ6zQPexs0BBkrNAkIWzQJ7Ls0Cd2bNAy5izQKSbs0C7k7NA
Y46zQHWjs0BUzLNAPbizQKqgs0A5pbNA3syzQMiXs0Bt2bNAgPmzQHSms0BZs7NAgNezQJ6V
s0CuuLNA4cWzQP2ws0D7vrNA+cizQDS5s0DQsrNAYbmzQFG8s0DRgrNAnKyzQAPDs0AEiLNA
lLezQMnGs0AVqLNAlsazQNrQs0CJzrNA9dyzQJ3bs0CDs7NArb6zQEvKs0DVwrNAfa2zQOy0
s0AxvrNAl62zQGPAs0C50LNALcazQOm7s0BFw7NAGKCzQGG8s0BT37NA+cKzQACns0D25bNA
Z9yzQDObs0B0x7NAWcazQKe+s0CJz7NAy7azQO7Ds0DHrrNAA8qzQGq8s0AezLNAwq2zQMXc
s0DSwrNAXcezQDXds0DFr7NAucmzQGqjs0AktbNArN6zQOLqs0DB27NA5NmzQDfAs0A0mrNA
5cazQDq/s0CwtLNAoMazQL2ns0DKwbNACMSzQOHbs0CLuLNAbqyzQEnhs0Db07NAKtuzQCDj
s0A7zbNA0NGzQCzVs0CW1LNA6dSzQP7Ws0CM4bNAm9qzQJjis0AWyrNA9cmzQM3Hs0Az+7NA
1sSzQC++s0DlA7RALOazQKnKs0D9trNA0NWzQIfqs0BA5rNAm+SzQD+gs0A84rNAi/ezQObt
s0CUwrNAst6zQPbWs0C6s7NAwgW0QFe7s0D2yrNAT+yzQCQCtEDk8LNADfOzQOLLs0CfqbNA
MfqzQMjTs0Ag3LNAftqzQB7fs0Cc2bNAzeezQLwItEBp7bNAx8yzQEnms0DS+7NACPCzQGMA
tED8FrRA/+uzQGbrs0Bv5rNACfOzQIfJs0D/BrRAFN+zQEPYs0B+0bNAkO2zQGTXs0A9y7NA
GdezQHfhs0DT3bNAru+zQIK1s0BMELRAo/SzQH3js0Bh37NANAe0QJPus0D/6bNARd2zQJT5
s0DbxrNAD+2zQI4ftEBV1LNATuKzQMfzs0BV2rNAzg20QAnhs0DC5bNAFe+zQMUZtEDX5rNA
TdyzQEv+s0Bk6bNAtOOzQL/9s0DXDbRA5POzQDgXtEAA8rNAIvizQLwRtEAL+LNAlw60QOny
s0CgI7RAgQa0QBfzs0D/z7NAaf6zQPUUtED9B7RA6dWzQKbvs0AL8LNA3QO0QKL5s0CiL7RA
zQW0QF7js0Ds+rNA2OKzQJ4MtEDYCLRANAe0QFrts0CLDrRA3uSzQNDOs0B//bNA+S+0QJXv
s0Bd6bNA0wq0QML0s0A6BrRAsvqzQPsOtECSA7RAOQu0QHvns0Cl5LNAxgq0QEUftEDv9bNA
auazQC8VtEBuELRAmym0QL/ps0DG67NAHga0QIr0s0Dj8LNAxQ20QDMZtECM+7NAQMyzQOPv
s0B58bNA+OezQA8CtECoDLRAKgi0QHvss0CIFrRAxRi0QJH5s0AkHrRA5Qi0QI8gtECZArRA
lSq0QCAItEARCbRAxAq0QF8PtEBg9bNAiRO0QLAWtEAuELRAJhO0QPkBtEAPDLRACAi0QCD+
s0D4D7RAVBe0QDgYtEAaFLRAtCC0QO4StEA8HLRAOxy0QP4ttEC++rNAhPezQKBItEAv+bNA
Zgy0QCYatEAE/bNA0g20QAwBtEDZ5bNA5g20QAv/s0DUBLRAwha0QHkutEB2G7RAPAe0QKsW
tEAHMrRAVie0QLIetEBMSLRAfTO0QGIPtEBx37NASBW0QDsetEBAILRAxBG0QEYetEC0ILRA
Jwu0QL0PtEAbErRAPTC0QJ4GtEB+DLRAtSm0QMUJtED6G7RA3x20QPEwtEAB+bNAWPmzQMoT
tEAh6rNAXh20QLPus0CyBrRA8jS0QK8ktEBRC7RASQi0QHU9tECo+rNAOB20QLM+tEAeHbRA
uyu0QEgVtEBBXLRAZSu0QOIgtECoILRAfAe0QOAPtEAdULRAKw20QJ8StEANQ7RAwSO0QKQJ
tEB+G7RAdCa0QDsqtEDjLrRAAiy0QHbws0DdFLRA2wW0QCMatEBeJ7RAeS20QF0VtECnNLRA
YDW0QBI+tEA+CLRAGiW0QM/ws0AnH7RAIhu0QHIYtEAVF7RArjC0QHVDtEDEPLRAuUS0QGVj
tEC0B7RAtVK0QNxPtEDkI7RACyi0QD1ItEB7DLRAQi60QCIitEAXRrRAFAy0QDgmtEDJL7RA
zkC0QMUatECERrRAahC0QFwstEDgNrRA5ii0QP89tEBoVbRAcza0QA8otEDKKbRAv1u0QNUn
tEAFOLRAYRi0QD35s0BZE7RAVzG0QOsWtEC8RLRA5zm0QKsLtEDFILRATCe0QHQhtEDTObRA
w2u0QOs4tEBXLrRAVRq0QFIYtED6LbRA6T20QKA3tEDpIbRAlR+0QCMYtEC6QrRApDO0QNxJ
tEBAPLRAsEu0QLdHtECzI7RArza0QN4/tEBlVbRATze0QD1JtEB0RLRAERy0QK0utEAORLRA
BjG0QIVNtEBsOrRATxm0QA8vtEDBNLRAvSq0QDtItEBhVbRA/Ey0QJ8qtEBxPrRAMWm0QPw8
tEBbPrRAglu0QMUitEAjM7RAt0O0QMA1tEAzRLRAxGi0QL5LtEDIPLRAF0K0QFYltEBYXrRA
Z0u0QHNTtEAJbLRASmG0QO46tECrLrRACT60QMh3tECbabRAdmq0QA9ItEDBY7RAg1W0QIVk
tEDeTLRA8Sa0QFhvtEBFSbRAcD20QOFhtEBab7RAkya0QCJhtEBnMrRA1T20QA8wtEA2b7RA
uEm0QARUtEBFYrRAWli0QE9btEBvfrRABFK0QGFktECIYbRAtlS0QBtTtEB0RLRAzma0QI1U
tECsY7RAg2C0QFJFtEC9WLRAdY60QPkztECVPbRAbXC0QI5TtEABd7RAZl60QOddtEA5QLRA
8WK0QHdntECJNrRAfki0QFNctEB9dbRAQm20QFSVtEDuUrRASzu0QAqOtEBIRbRADmG0QGxj
tEBAYLRAwDG0QEWItEBaYbRAFm20QCKYtEAsZrRAbES0QNhWtEDYY7RAMmG0QBJetEAxZbRA
x120QBVvtEDFbrRAgnK0QMBGtEAJarRAImi0QK9atEDPVLRA7nG0QG9QtECld7RA5Gu0QEdI
tEBxQ7RAgJG0QAwotED4arRAJVi0QCtvtEB/ZLRA2Hq0QNQ8tECOV7RAf5i0QKs/tEAtaLRA
NWu0QIJhtEDuTbRA1XK0QFZqtEA8abRADXq0QA+KtEAUYrRA7GS0QJCJtEBFZrRA2FS0QOhi
tEDjYbRAjj60QHR5tEAtcbRA5Eq0QJOKtEBSebRAU4O0QFGDtEA8frRA2Ge0QE9btEBlcrRA
2Ii0QK6HtEBWdLRA3my0QPs2tECpd7RAJW+0QIU/tEAtdbRAL5O0QCRrtECdXrRAlVC0QCNt
tEAqerRA/4C0QM1xtEDxe7RA02+0QNuKtEABbrRANHe0QIB2tED2YbRAvLG0QOaStEClcLRA
Kmy0QKaHtECiQ7RAgHC0QNWBtEBehbRAFoO0QCeEtEASgrRAn420QE2PtEBRebRA2Vm0QPGf
tEBce7RAxXu0QHB9tEAsU7RARIq0QGZqtEALg7RAcmy0QPyEtEAjbbRAAnO0QGl0tED0jLRA
SaK0QPZntEBQTbRAe4K0QCB1tEAeirRAynu0QHxttEAAkbRAd5e0QOdktEBRgrRAxKS0QCNm
tEDqnbRAeJK0QMSctEA2cLRAZoe0QIyPtEDWf7RAIo+0QG54tEBEaLRApou0QNx7tEB2YbRA
74y0QCyptEAvoLRAXpK0QPSNtEAfbbRAi460QI93tECgbbRAr6O0QFCAtEBvibRAIZi0QIGA
tECqkbRAD3G0QOOwtEDxgbRA7mK0QEyetEDuhLRAVG+0QGONtEBFiLRAFYu0QISAtEBHjbRA
Q320QNl3tEBavLRAY3a0QJR+tEBIpbRAq6C0QCKFtEAbgrRA66W0QNhytEDqd7RA9KS0QNGk
tEBUjrRAzae0QBFptEB6hrRA5qO0QCKXtEDegrRAQZa0QKCztEDMcbRAxpa0QM2WtEDoi7RA
HG+0QO6ctEDOk7RA/Xm0QMmJtECHg7RAw5a0QHCPtEDZlbRARJS0QE2ItEBqibRAPZK0QEqA
tEArkrRA</AssayYData></Step><Step><CommonData><SampleLocation>5</SampleLocation><SampleID>Glycine</SampleID><SampleGroup></SampleGroup><SampleInfo></SampleInfo><SampleRow>F</SampleRow><SamplePlate>1</SamplePlate><WellType>REGENERATION</WellType><Concentration>-1</Concentration><ConcentrationUnits>µg/ml</ConcentrationUnits><MolarConcentration>-1</MolarConcentration><MolarConcUnits>nM</MolarConcUnits><MolecularWeight>0</MolecularWeight><Temperature>30</Temperature><StartTime>5107567</StartTime><AssayTime>5</AssayTime></CommonData><FlowRate>1000</FlowRate><StepType>KREGENERATION</StepType><StepName>Regeneration</StepName><StepStatus>OK</StepStatus><ActualTime>4.9998</ActualTime><CycleTime>0.2</CycleTime><AssayXData Points="25">NaCMRc+hjEVoo4xFBKWMRZ2mjEU1qIxFM6qMRXerjEUErYxFm66MRTWwjEXPsYxFaLOMRQS1
jEWbtoxFNbiMRdG5jEVou4xFBL2MRZu+jEU1wIxF0cGMRWjDjEUCxYxFm8aMRQ==</AssayXData><AssayYData Points="25">OFqBP8WXbT+71WI/v3lbP8QMVT9Ovk4/OupGP043Qz8mnjw/RSs3P0BDMz+M6C0/kpwnP6X9
Iz9pdCA/CrIbPyaAGT9AQxU/4EsRP6CWDj8DVws/YWcIPwNZBj+0SwU/tmQDPw==</AssayYData></Step><Step><CommonData><SampleLocation>6</SampleLocation><SampleID>PBS</SampleID><SampleGroup></SampleGroup><SampleInfo></SampleInfo><SampleRow>F</SampleRow><SamplePlate>1</SamplePlate><WellType>NEUTRALIZATION</WellType><Concentration>-1</Concentration><ConcentrationUnits>µg/ml</ConcentrationUnits><MolarConcentration>-1</MolarConcentration><MolarConcUnits>nM</MolarConcUnits><MolecularWeight>0</MolecularWeight><Temperature>30</Temperature><StartTime>5120670</StartTime><AssayTime>5</AssayTime></CommonData><FlowRate>1000</FlowRate><StepType>KREGENERATION</StepType><StepName>Regeneration</StepName><StepStatus>OK</StepStatus><ActualTime>5.00078</ActualTime><CycleTime>0.2</CycleTime><AssayXData Points="25">NciMRc/JjEVoy4xFAs2MRZvOjEU30IxF0dGMRWjTjEUC1YxFm9aMRTXYjEXR2YxFatuMRQTd
jEWb3oxFN+CMRdHhjEVq44xFBOWMRZvmjEU16IxF0emMRWjrjEUC7YxFne6MRQ==</AssayXData><AssayYData Points="25">BZKCQM4hg0DRk4NA/vGDQLBThEDokYRAbtqEQAHbhEA/NYVAdGeFQFFwhUB1pIVAfeOFQIXv
hUCj44VAjSGGQE4ehkDeZIZAt0qGQDZuhkBnjoZAyHWGQOOXhkD8p4ZAqp+GQA==</AssayYData></Step><Step><CommonData><SampleLocation>5</SampleLocation><SampleID>Glycine</SampleID><SampleGroup></SampleGroup><SampleInfo></SampleInfo><SampleRow>F</SampleRow><SamplePlate>1</SamplePlate><WellType>REGENERATION</WellType><Concentration>-1</Concentration><ConcentrationUnits>µg/ml</ConcentrationUnits><MolarConcentration>-1</MolarConcentration><MolarConcUnits>nM</MolarConcUnits><MolecularWeight>0</MolecularWeight><Temperature>30</Temperature><StartTime>5133758</StartTime><AssayTime>5</AssayTime></CommonData><FlowRate>1000</FlowRate><StepType>KREGENERATION</StepType><StepName>Regeneration</StepName><StepStatus>OK</StepStatus><ActualTime>4.9998</ActualTime><CycleTime>0.2</CycleTime><AssayXData Points="25">OPCMRdLxjEVp84xFBfWMRZ72jEU2+IxF0PmMRWn7jEUD/YxFnP6MRTYAjUXQAY1FaQONRQMF
jUWcBo1FOAiNRdAJjUVpC41FAw2NRZ4OjUU4EI1F0BGNRWkTjUUFFY1FnhaNRQ==</AssayXData><AssayYData Points="25">4j84P7zaJD+lKxw/fQEUPyBTDj9Kbwk/QGAGPwgHBD9EMwA/d976Pr4m9j66c/I+Ey3uPsqw
5z6wlOc+MxDiPpWU4D5689o+AUfaPlBs1j7krtI+xwPTPpiFzj6nNsw+8XPOPg==</AssayYData></Step><Step><CommonData><SampleLocation>6</SampleLocation><SampleID>PBS</SampleID><SampleGroup></SampleGroup><SampleInfo></SampleInfo><SampleRow>F</SampleRow><SamplePlate>1</SamplePlate><WellType>NEUTRALIZATION</WellType><Concentration>-1</Concentration><ConcentrationUnits>µg/ml</ConcentrationUnits><MolarConcentration>-1</MolarConcentration><MolarConcUnits>nM</MolarConcUnits><MolecularWeight>0</MolecularWeight><Temperature>30</Temperature><StartTime>5146839</StartTime><AssayTime>5</AssayTime></CommonData><FlowRate>1000</FlowRate><StepType>KREGENERATION</StepType><StepName>Regeneration</StepName><StepStatus>OK</StepStatus><ActualTime>5.00078</ActualTime><CycleTime>0.2</CycleTime><AssayXData Points="25">OBiNRdIZjUVtG41FBR2NRaAejUU4II1F0iGNRW0jjUUFJY1FniaNRTgojUXUKY1FayuNRQUt
jUWeLo1FOjCNRdIxjUVtM41FBTWNRaA2jUU6OI1F0jmNRW07jUUFPY1FoD6NRQ==</AssayXData><AssayYData Points="25">DHiBQITngUBncoJAIMyCQFEyg0BvZ4NApq2DQODxg0DEN4RAqkiEQEN2hEA/nYRAP86EQBTk
hEA3/IRA7gWFQCk9hUAxJYVABmyFQD2NhUCUdYVAQ6SFQHC+hUD7sIVA0aGFQA==</AssayYData></Step><Step><CommonData><SampleLocation>5</SampleLocation><SampleID>Glycine</SampleID><SampleGroup></SampleGroup><SampleInfo></SampleInfo><SampleRow>F</SampleRow><SamplePlate>1</SamplePlate><WellType>REGENERATION</WellType><Concentration>-1</Concentration><ConcentrationUnits>µg/ml</ConcentrationUnits><MolarConcentration>-1</MolarConcentration><MolarConcUnits>nM</MolarConcUnits><MolecularWeight>0</MolecularWeight><Temperature>30</Temperature><StartTime>5159940</StartTime><AssayTime>5</AssayTime></CommonData><FlowRate>1000</FlowRate><StepType>KREGENERATION</StepType><StepName>Regeneration</StepName><StepStatus>OK</StepStatus><ActualTime>4.9998</ActualTime><CycleTime>0.2</CycleTime><AssayXData Points="25">OkCNRdRBjUVvQ41FB0WNRaBGjUU6SI1F1EmNRW9LjUUJTY1FoE6NRTpQjUXUUY1FbVONRQdV
jUWgVo1FOliNRdRZjUVtW41FCV2NRaBejUU6YI1F1mGNRW1jjUUJZY1FoGaNRQ==</AssayXData><AssayYData Points="25">7SQsP354Gz8mwhE/RX0LPwdIBT+lZgI/JiMAP8+i9j6iFvM+CtHsPuTd6z7qMOg+f9/lPuiP
4T7Hv94+gS/cPijB1z75Hdc+RH/WPlu01D72Rs8+EN3NPij9yz4Rx8k+jw3KPg==</AssayYData></Step><Step><CommonData><SampleLocation>6</SampleLocation><SampleID>PBS</SampleID><SampleGroup></SampleGroup><SampleInfo></SampleInfo><SampleRow>F</SampleRow><SamplePlate>1</SamplePlate><WellType>NEUTRALIZATION</WellType><Concentration>-1</Concentration><ConcentrationUnits>µg/ml</ConcentrationUnits><MolarConcentration>-1</MolarConcentration><MolarConcUnits>nM</MolarConcUnits><MolecularWeight>0</MolecularWeight><Temperature>30</Temperature><StartTime>5173511</StartTime><AssayTime>5</AssayTime></CommonData><FlowRate>1000</FlowRate><StepType>KREGENERATION</StepType><StepName>Regeneration</StepName><StepStatus>OK</StepStatus><ActualTime>5.00078</ActualTime><CycleTime>0.2</CycleTime><AssayXData Points="25">OmiNRdRpjUVva41FB22NRaJujUU6cI1F1HGNRW1zjUUJdY1FoHaNRTp4jUXUeY1FcXuNRQd9
jUWifo1FPICNRdSBjUVtg41FB4WNRaCGjUU8iI1F1ImNRW2LjUUJjY1Foo6NRQ==</AssayXData><AssayYData Points="25">m+CBQIp5gkCp84JAcFmDQIKtg0AwG4RAMmCEQDxShEBuwoRALNaEQNg3hUAwC4VA9ECFQM9q
hUCLZIVA26SFQAK6hUBos4VAO9iFQNj/hUDTAoZAWjKGQG8+hkCHNYZA70CGQA==</AssayYData></Step><Step><CommonData><SampleLocation>1</SampleLocation><SampleID>Octet Buffer</SampleID><SampleGroup></SampleGroup><SampleInfo></SampleInfo><SampleRow>E</SampleRow><SamplePlate>1</SamplePlate><WellType>BUFFER</WellType><Concentration>-1</Concentration><ConcentrationUnits>µg/ml</ConcentrationUnits><MolarConcentration>-1</MolarConcentration><MolarConcUnits>nM</MolarConcUnits><MolecularWeight>0</MolecularWeight><Temperature>30</Temperature><StartTime>5187916</StartTime><AssayTime>20</AssayTime></CommonData><FlowRate>1000</FlowRate><StepType>CUSTOM</StepType><StepName>Sensor Check</StepName><StepStatus>OK</StepStatus><ActualTime>19.9998</ActualTime><CycleTime>0.2</CycleTime><AssayXData Points="100">PJCNRdaRjUVvk41FCZWNRaSWjUU8mI1F1pmNRW+bjUUJnY1Fop6NRTygjUXWoY1FcaONRQul
jUWipo1FPKiNRdapjUVvq41FC62NRaKujUU8sI1F1rGNRXGzjUUJtY1ForaNRTy4jUXWuY1F
b7uNRQm9jUWkvo1FPMCNRdbBjUVxw41FCcWNRaLGjUU8yI1F2MmNRW/LjUULzY1FpM6NRT7Q
jUXY0Y1Fb9ONRQnVjUWi1o1FPNiNRdbZjUVx241FCd2NRaTejUU84I1F2OGNRW/jjUUJ5Y1F
ouaNRTzojUXW6Y1Fb+uNRQntjUWk7o1FQPCNRdbxjUVv841FCfWNRaL2jUU8+I1F1vmNRW/7
jUUJ/Y1Fov6NRTwAjkXWAY5FbwOORQsFjkWiBo5FPgiORdYJjkVvC45FCQ2ORaIOjkU8EI5F
1hGORW8TjkUJFY5FohaORTwYjkXWGY5FbxuORQsdjkWiHo5FPiCORdYhjkVvI45FCSWORaQm
jkU8KI5F1imORXErjkUJLY5Foi6ORQ==</AssayXData><AssayYData Points="100">NDaBQEL6fkBLoHxAQz17QHNiekBDrHlAyjN5QHY5eUC4Z3lA4TN5QIUpeUAvwnlAZCp5QDXA
eUAs+HlAjuR5QHLueUAqJXpAh0d6QDzIekCnEntAmd96QG/IekAa93pAf0J7QDIve0DUsntA
joN7QOOSe0CYj3tAXcR7QGPHe0BbOXxAKxN8QAVIfEDbFHxAM118QP2BfEB9WHxAYnZ8QOSP
fECOgXxAxbV8QDubfED3+XxAnOJ8QNHufEC/CH1A0/d8QDpFfUDdO31A2Al9QGU7fUCPMn1A
+Fx9QL92fUDclH1AtZV9QC56fUCzl31AIpV9QCW2fUBrtH1AgZZ9QC3rfUAsB35Abst9QIPl
fUDX3n1ASgd+QMn1fUAMUn5AyD9+QINgfkA0VX5ALjJ+QIgdfkB3RH5AWmR+QFpmfkDRs35A
/mV+QHlyfkDMZX5A26d+QLNUfkC01n5AZYd+QOqMfkCzqH5Acsd+QC0Ff0DDzH5ABOB+QAjw
fkAP7H5Aag9/QO4hf0AjRH9AHTF/QA==</AssayYData></Step><Step><CommonData><SampleLocation>17</SampleLocation><SampleID>SI-157X61_P5535</SampleID><SampleGroup></SampleGroup><SampleInfo></SampleInfo><SampleRow>E</SampleRow><SamplePlate>1</SamplePlate><WellType>KLOAD</WellType><Concentration>5</Concentration><ConcentrationUnits>µg/ml</ConcentrationUnits><MolarConcentration>5000</MolarConcentration><MolarConcUnits>nM</MolarConcUnits><MolecularWeight>0</MolecularWeight><Temperature>30</Temperature><StartTime>5219043</StartTime><AssayTime>120</AssayTime></CommonData><FlowRate>1000</FlowRate><StepType>LOADING</StepType><StepName>Loading</StepName><StepStatus>OK</StepStatus><ActualTime>120</ActualTime><CycleTime>0.2</CycleTime><AssayXData Points="600">PDCORdYxjkVxM45FCTWORaQ2jkU+OI5F1jmORXE7jkULPY5FpD6ORTxAjkXWQY5Fb0OORQtF
jkWiRo5FPkiORdZJjkVxS45FCU2ORaJOjkU+UI5F2FGORW9TjkUJVY5FpFaORT5YjkXYWY5F
b1uORQldjkWiXo5FPmCORdZhjkVvY45FC2WORaRmjkU8aI5F1mmORW9rjkUJbY5Fom6ORT5w
jkXWcY5Fb3OORQl1jkWido5FPHiORdZ5jkVve45FCX2ORdR+jkU+gI5F1oGORW+DjkULhY5F
pIaORTyIjkXWiY5FcYuORQmNjkWijo5FPpCORdaRjkVvk45FC5WORaKWjkU+mI5F1pmORW+b
jkUJnY5FpJ6ORTygjkXWoY5Fb6OORQmljkWipo5FPKiORdapjkVxq45FCa2ORaSujkU8sI5F
2LGORW+zjkUJtY5ForaORT64jkXYuY5FcbuORQm9jkWkvo5FPsCORdbBjkVxw45FCcWORaLG
jkU8yI5F1smORXHLjkUJzY5Fos6ORT7QjkXW0Y5Fb9OORQnVjkWk1o5FPNiORdbZjkVx245F
C92ORaTejkU84I5F1uGORXHjjkUJ5Y5FpOaORTzojkXW6Y5Fb+uORQntjkWi7o5FPvCORdbx
jkVv845FC/WORaT2jkU8+I5F1vmORW/7jkUL/Y5FpP6ORTwAj0XWAY9FbwOPRQsFj0WkBo9F
PAiPRdYJj0VvC49FCw2PRaIOj0U+EI9F1hGPRW8Tj0UJFY9FohaPRTwYj0XWGY9FbxuPRQkd
j0W/Ho9FPCCPRdYhj0VvI49FCSWPRaQmj0U8KI9F2CmPRW8rj0ULLY9Foi6PRT4wj0XYMY9F
cTOPRQk1j0WkNo9FPjiPRdY5j0VxO49FCT2PRaI+j0U8QI9F1kGPRW9Dj0UJRY9FokaPRTxI
j0XWSY9FcUuPRQlNj0WkTo9FPlCPRdZRj0VxU49FCVWPRaRWj0U8WI9F1lmPRW9bj0ULXY9F
pF6PRTxgj0XWYY9Fb2OPRQllj0WiZo9FPGiPRdZpj0Vva49FCW2PRaRuj0VAcI9F1nGPRXFz
j0ULdY9FpHaPRT54j0XYeY9FcXuPRQl9j0Wifo9FPICPRdiBj0Vvg49FCYWPRaKGj0U+iI9F
1omPRW+Lj0ULjY9Foo6PRTyQj0XWkY9FcZOPRQmVj0Wilo9FPJiPRdiZj0Vxm49FC52PRaKe
j0U8oI9F1qGPRW+jj0UJpY9FoqaPRTyoj0XYqY9Fb6uPRQutj0Wiro9FPrCPRdixj0Vxs49F
C7WPRaK2j0U+uI9F1rmPRW+7j0ULvY9Fy76PRTzAj0XYwY9Fb8OPRQvFj0Wkxo9FPMiPRdjJ
j0Vvy49FCc2PRaTOj0U80I9F2NGPRW/Tj0UJ1Y9FpNaPRTzYj0XW2Y9Fb9uPRQndj0Wk3o9F
POCPRdbhj0Vx449FCeWPRaLmj0U+6I9F2OmPRW/rj0UJ7Y9FpO6PRTzwj0XW8Y9FcfOPRQn1
j0Wi9o9FPPiPRdj5j0Vv+49FCf2PRaL+j0U8AJBF2AGQRXEDkEUJBZBFogaQRTwIkEXWCZBF
cQuQRQkNkEWiDpBFPhCQRdYRkEVvE5BFCxWQRaIWkEU8GJBF1hmQRXEbkEULHZBFpB6QRTwg
kEXWIZBFcSOQRQslkEWiJpBFPCiQRdYpkEVvK5BFCy2QRaIukEU8MJBF1jGQRXEzkEUJNZBF
ojaQRTw4kEXWOZBFbzuQRQs9kEWiPpBFPECQRdhBkEVvQ5BFCUWQRaRGkEU8SJBF1kmQRXFL
kEULTZBFok6QRT5QkEXWUZBFb1OQRQtVkEWiVpBFPliQRdhZkEVxW5BFC12QRfhekEU8YJBF
1mGQRXFjkEULZZBFpGaQRTxokEXWaZBFcWuQRQltkEWibpBFPnCQRdhxkEVvc5BFCXWQRaJ2
kEU8eJBF1nmQRXF7kEUJfZBFon6QRT6AkEXWgZBFb4OQRQuFkEWihpBFPIiQRdaJkEVvi5BF
CY2QRaSOkEU8kJBF1pGQRW+TkEUJlZBFpJaQRTyYkEXYmZBFb5uQRQmdkEWinpBFPKCQRdih
kEVvo5BFC6WQRaKmkEU+qJBF1qmQRW+rkEULrZBFoq6QRT6wkEXWsZBFb7OQRQm1kEWktpBF
PLiQRda5kEVvu5BFC72QRaK+kEU8wJBF2MGQRXHDkEUJxZBFpMaQRTzIkEXYyZBFb8uQRQnN
kEWizpBFPNCQRdjRkEVv05BFC9WQRaLWkEU+2JBF2NmQRXHbkEUL3ZBFot6QRTzgkEXY4ZBF
b+OQRQvlkEWi5pBFPuiQRdjpkEVx65BFC+2QRaLukEU88JBF1vGQRXPzkEUJ9ZBFpPaQRTz4
kEXW+ZBFb/uQRQn9kEXi/pBFPACRRdYBkUVvA5FFCQWRRaQGkUU8CJFF2AmRRW8LkUULDZFF
og6RRTwQkUXWEZFFbxORRQkVkUWkFpFFPBiRRdYZkUVvG5FFCx2RRaIekUU+IJFF2CGRRXEj
kUUJJZFFoiaRRTwokUXYKZFFbyuRRQktkUWiLpFFPjCRRdYxkUVvM5FFCzWRRaI2kUU+OJFF
1jmRRW87kUUJPZFFpD6RRTxAkUXWQZFFb0ORRQtFkUWkRpFFPEiRRdZJkUVxS5FFCU2RRaJO
kUU+UJFF2FGRRXFTkUULVZFFpFaRRTxYkUXWWZFFb1uRRQldkUWiXpFFPGCRRdhhkUVvY5FF
CWWRRaJmkUU8aJFF1mmRRXFrkUUJbZFFpG6RRT5wkUXWcZFFcXORRQl1kUWidpFFPHiRRdZ5
kUVxe5FFCX2RRaR+kUU8gJFF2IGRRXGDkUUJhZFFpIaRRTyIkUXWiZFFb4uRRQmNkUWkjpFF
PJCRRdiRkUVvk5FFC5WRRaSWkUU+mJFF2JmRRW+bkUUJnZFFzZ6RRZigkUXcoZFFcaORRQml
kUWkppFFPKiRRdapkUVvq5FFCa2RRaKukUU8sJFF2LGRRXGzkUUJtZFForaRRTy4kUXWuZFF
b7uRRQu9kUWivpFFPMCRRdjBkUVvw5FFCcWRRaLGkUU8yJFF2MmRRW/LkUUJzZFFos6RRTzQ
kUXW0ZFFb9ORRQvVkUWk1pFFPtiRRdbZkUVx25FFCd2RRaTekUU84JFF2OGRRXHjkUUJ5ZFF
ouaRRT7okUXW6ZFFceuRRQntkUWi7pFF</AssayXData><AssayYData Points="600">MWd9QJc1fkCelH5Aeih/QFRtf0CmxH9Ax6x/QGSpf0CoCIBA+xSAQLZEgECGdIBACT6AQEdz
gECVeYBAmnKAQA14gECfoIBAYaaAQJjCgEDHyIBALguBQInfgEDaEIFAGC2BQA4EgUAwCYFA
UT+BQIl3gUDzOoFAIFaBQJlogUDZj4FAAKOBQIivgUCmgYFAO8yBQPDRgUA9wYFAe/OBQFwJ
gkA5/IFAEhCCQI5KgkAqFoJA6kCCQP5PgkAlQYJASpKCQGlugkBwa4JA9ZKCQL2WgkC2uIJA
2sSCQBz6gkCD84JA8/CCQC31gkBqGoNAguuCQJ8Tg0CiOoNA4TaDQCUng0DDgINAHFCDQGNZ
g0CJhYNAG5KDQJJvg0DFwYNAosSDQDufg0DG54NA6u6DQB7mg0DE7oNAKCaEQJMnhEAbCoRA
AC6EQL9UhEA3NoRAQl+EQEpthEBJXYRAHJKEQBWMhEA8h4RADH2EQK26hEBXtIRAG8qEQI/k
hECP6YRA2viEQMXrhEDC/IRAEiqFQJJIhUCULIVAODCFQBBBhUC6N4VAGmqFQA6DhUCph4VA
sIqFQCy+hUCFwIVAmayFQJWqhUAD4oVApa2FQL/OhUDKI4ZAbQiGQEvOhUB4I4ZABDmGQB8W
hkBYL4ZAPDaGQKAxhkBzZ4ZANVCGQDpvhkCgmoZAmIOGQESEhkCsqIZAf8+GQHO0hkBSx4ZA
m+SGQMrYhkB93oZAXeaGQD0Qh0CZB4dAuQWHQE8Sh0BQAIdAQEOHQFAhh0D8IYdAPlGHQP5e
h0D9XodAgTOHQBGjh0AudIdAlHyHQM+Gh0BplodAuHSHQO3Nh0Av5YdAKbaHQE3wh0DhIIhA
kAuIQC8WiEB1J4hAAASIQAIoiECmNohA/hWIQF8+iEBcTYhAN1yIQJ9IiEAMeohAuoeIQDlo
iEBEaIhAC62IQIWRiED/oohAoZyIQJ3BiEBN44hAVsWIQNTLiECV44hAhRGJQPzyiECVyIhA
USCJQDU1iUCeLYlAoz2JQBc/iUApOIlAACeJQIB3iUAXKYlAmF6JQGF1iUAtY4lAjGaJQIab
iUCYjIlAereJQCKqiUBZoYlAT5yJQHKniUBHzIlAbM2JQBi/iUCA8YlAYrSJQLUDikCKDIpA
mhGKQGP9iUDpP4pApTaKQBBAikBEdYpAI26KQMVNikDTaopA7oWKQDWWikBhh4pAw5iKQMhz
ikAqmYpALbiKQFmzikC8y4pA58WKQEvgikBg3YpAmwSLQF/LikAKzYpA/xCLQA4Ii0BC9YpA
KwiLQJgRi0B6IItAhz2LQO4hi0AIHYtAQmGLQOA9i0BBKItApEyLQLp3i0BcWYtAM4iLQHF5
i0A/i4tAcl+LQIeZi0DenotAtZSLQEaRi0CjxotAALeLQLLNi0D1yItACsKLQEPDi0AoAIxA
FOCLQFv2i0APL4xAdwuMQE/3i0DZN4xATgWMQB8rjEAKNoxAWT+MQNI5jEBDS4xAwEeMQM9H
jECQO4xAkpCMQO6HjEB0cIxAE6OMQMRujEC3eIxAn6SMQOiNjEC7o4xAs8KMQJLbjEBJqoxA
mNGMQOfTjEAJqoxAI9qMQPj3jEDi5YxAq+yMQK77jEADE41AO+yMQFI2jUD0AI1AHh6NQP0t
jUDnLY1AGgaNQN9EjUAQbY1Av1eNQEg9jUBeV41AZj6NQFs8jUB9ao1AXW6NQDtTjUDrkI1A
FXKNQH51jUDXiY1AIbaNQImhjUBMr41AepmNQLWnjUAHr41ALNmNQAn3jUCQ041AZA2OQFXe
jUBy0I1AfBWOQK32jUCE/I1A9xeOQGwljkCUEY5A9BSOQF0qjkBYMo5AeS6OQIMkjkDQLo5A
yU+OQKZ2jkADOY5AsS2OQF9xjkCTZo5A+0WOQCCEjkB8lo5AB5COQB3KjkDvnI5ATXuOQH2c
jkAxu45AcaaOQPC4jkAL2I5AC8COQHG9jkB8445AO+yOQIDXjkC8645A7tuOQGDkjkCa+Y5A
1RSPQDHrjkAgFI9Aqv+OQHn/jkAwPI9A4iiPQGYjj0AGE49AdVGPQNRHj0DzHo9A5kOPQENK
j0BSQ49AC3qPQKR9j0BHVI9Ar32PQLlqj0BfX49AF3WPQJ9vj0AKSY9AxnWPQOydj0Cih49A
eYmPQIexj0CAZ49ALIWPQP+7j0ATtY9AAcqPQEHVj0Du649A0bePQM62j0AKyI9ALcqPQPjd
j0AmKZBAtO6PQNP2j0B7CZBA0BCQQFjpj0AwFpBAqQaQQDL8j0DhOZBAiweQQMgckEAgFZBA
CUuQQAkbkEAiQpBAeE6QQMEskECJPpBAKWOQQE9NkEBIZ5BA4EuQQMFWkEDIYZBAsmqQQOh6
kEDXhpBAYYiQQMyRkEAtq5BAvoCQQOGwkEDZkJBAHZyQQFGmkEDrz5BAIquQQELBkECvp5BA
XLqQQIndkEBpsZBA39iQQJ7UkECtw5BAaeuQQFvLkEDS8pBA0NOQQN7ykEBHCZFApweRQJz0
kED1B5FA3wqRQC79kEBw+5BAFBuRQHMBkUA5RJFAeCGRQNYskUCtRZFAF0aRQNM+kUCWS5FA
/mKRQBgRkUCSM5FAOXCRQKZJkUBvSZFAC2uRQK5mkUDjapFAU3aRQAWCkUAbbJFAl42RQAeY
kUCrcpFAlHiRQLCQkUB8s5FAtceRQIOokUAHqJFAk4qRQMrGkUCbo5FAl62RQB+ckUAPrpFA
2dKRQBLNkUCswZFAVMGRQKvQkUB1F5JAnMGRQEfEkUD52JFAOceRQLHwkUDxAZJA5eaRQKIa
kkAg5pFAP+CRQK3+kUCoI5JAmP6RQC8lkkCYJ5JA0iySQLQTkkDIQJJATTiSQAU+kkCvOZJA
dTySQExEkkAQN5JAm2OSQL4vkkBuQpJAXHOSQE95kkBlYZJAhImSQJqDkkBAUZJAoVSSQASN
kkCMgZJA8HiSQK19kkBFX5JA81aSQAORkkDmj5JA2oCSQDK3kkBziZJA2GySQNGpkkCzoZJA
t32SQMCqkkC/sZJAEraSQHCukkBn85JAnsmSQL7PkkApyJJAfL2SQBbnkkB425JAU+KSQBv6
kkAOv5JAnd2SQKwJk0BJDJNApseSQA7gkkDo7JJAVxWTQJL/kkAW35JAGyaTQBLmkkBI7ZJA
hQ2TQDkRk0DZGpNAFiyTQO4fk0DyDJNA</AssayYData></Step><Step><CommonData><SampleLocation>1</SampleLocation><SampleID>Octet Buffer</SampleID><SampleGroup></SampleGroup><SampleInfo></SampleInfo><SampleRow>E</SampleRow><SamplePlate>1</SamplePlate><WellType>BUFFER</WellType><Concentration>-1</Concentration><ConcentrationUnits>µg/ml</ConcentrationUnits><MolarConcentration>-1</MolarConcentration><MolarConcUnits>nM</MolarConcUnits><MolecularWeight>0</MolecularWeight><Temperature>30</Temperature><StartTime>5350133</StartTime><AssayTime>100</AssayTime></CommonData><FlowRate>1000</FlowRate><StepType>BASELINE</StepType><StepName>Baseline</StepName><StepStatus>OK</StepStatus><ActualTime>99.9998</ActualTime><CycleTime>0.2</CycleTime><AssayXData Points="500">PPCRRdjxkUVv85FFCfWRRaL2kUU8+JFF1vmRRW/7kUUL/ZFFpP6RRTwAkkXWAZJFbwOSRQsF
kkWkBpJFPAiSRdYJkkVxC5JFCw2SRaIOkkU8EJJF1hGSRW8TkkUJFZJFohaSRT4YkkXWGZJF
bxuSRQsdkkWiHpJFPCCSRdghkkVvI5JFCSWSRaImkkU8KJJF1imSRXErkkUJLZJFoi6SRT4w
kkXYMZJFbzOSRQk1kkWiNpJFPDiSRdg5kkVxO5JFCT2SRaI+kkU8QJJF1kGSRXFDkkULRZJF
okaSRT5IkkXWSZJFb0uSRQlNkkWiTpJFPlCSRdhRkkVvU5JFCVWSRaRWkkU8WJJF1lmSRXFb
kkUJXZJFol6SRTxgkkXYYZJFcWOSRQtlkkWiZpJFPmiSRdZpkkVva5JFCW2SRaJukkU+cJJF
1nGSRW9zkkULdZJFonaSRT54kkXWeZJFb3uSRQl9kkWifpJFPICSRdaBkkVvg5JFC4WSRaSG
kkU8iJJF2ImSRW+LkkUJjZJFpI6SRT6QkkXYkZJFb5OSRQmVkkWilpJFPJiSRdaZkkVvm5JF
C52SRaKekkU+oJJF2KGSRW+jkkUJpZJFpKaSRT6okkXYqZJFb6uSRQmtkkWkrpJFPLCSRdax
kkVvs5JFCbWSRaS2kkU+uJJF1rmSRXG7kkUJvZJFor6SRTzAkkXWwZJFccOSRQnFkkWkxpJF
PsiSRdbJkkVvy5JFCc2SRaTOkkU+0JJF1tGSRW/TkkUL1ZJFotaSRT7YkkXW2ZJFb9uSRQnd
kkWi3pJFPOCSRdbhkkVv45JFC+WSRaTmkkU86JJF1umSRXHrkkUJ7ZJFou6SRTzwkkXW8ZJF
b/OSRQv1kkWi9pJFPPiSRdb5kkVx+5JFC/2SRaL+kkU+AJNF1gGTRW8Dk0ULBZNFogaTRTwI
k0XYCZNFcQuTRQkNk0WkDpNFPhCTRdYRk0VvE5NFCxWTRaIWk0U8GJNF1hmTRW8bk0ULHZNF
oh6TRTwgk0XWIZNFcSOTRQklk0WkJpNFPiiTRdYpk0VvK5NFCS2TRaIuk0U8MJNF2DGTRW8z
k0UJNZNFojaTRT44k0XWOZNFcTuTRQs9k0WkPpNFPkCTRdZBk0VxQ5NFCUWTRaJGk0U8SJNF
1kmTRXFLk0UJTZNFok6TRT5Qk0XYUZNFcVOTRQlVk0WiVpNFPliTRdhZk0VvW5NFCV2TRaJe
k0U+YJNF1mGTRW9jk0UJZZNFomaTRT5ok0XWaZNFb2uTRQltk0WkbpNFPnCTRdZxk0Vvc5NF
CXWTRaR2k0U8eJNF1nmTRW97k0ULfZNFon6TRT6Ak0XWgZNFcYOTRQuFk0WkhpNFPoiTRdiJ
k0Vvi5NFC42TRaKOk0U+kJNF2JGTRXGTk0ULlZNFopaTRT6Yk0XWmZNFb5uTRQmdk0WinpNF
PqCTRdihk0Vvo5NFCaWTRaKmk0U8qJNF1qmTRW+rk0UJrZNFoq6TRTywk0XYsZNFb7OTRQu1
k0WitpNFPLiTRda5k0Vvu5NFCb2TRaK+k0U+wJNF1sGTRXHDk0UJxZNFosaTRT7Ik0XWyZNF
ccuTRQnNk0WkzpNFPtCTRdbRk0Vv05NFC9WTRaLWk0U+2JNF2NmTRW/bk0UJ3ZNFot6TRUDg
k0XW4ZNFb+OTRQnlk0Wk5pNFPuiTRdjpk0Vv65NFC+2TRaLuk0U+8JNF1vGTRXHzk0UJ9ZNF
pPaTRTz4k0XW+ZNFcfuTRQn9k0Wi/pNFPACURdYBlEVvA5RFCQWURaQGlEU8CJRF1gmURW8L
lEUJDZRFpA6URTwQlEXWEZRFbxOURQkVlEWkFpRFPBiURdYZlEVvG5RFCR2URaQelEU8IJRF
1iGURW8jlEUJJZRFoiaURTwolEXWKZRFcSuURQktlEWkLpRFPjCURdYxlEVvM5RFCzWURaI2
lEU+OJRF2DmURXE7lEULPZRFoj6URT5AlEXYQZRFcUOURQlFlEWkRpRFPkiURdhJlEVvS5RF
C02URaJOlEU8UJRF2FGURW9TlEUJVZRFpFaURTxYlEXWWZRFb1uURQtdlEWiXpRFPmCURdhh
lEVvY5RFC2WURaJmlEU+aJRF1mmURXFrlEUJbZRFom6URT5wlEXYcZRFb3OURQt1lEWidpRF
PniURdZ5lEVve5RFCX2URaR+lEU8gJRF1oGURXGDlEUJhZRFooaURT6IlEXYiZRFb4uURQmN
lEWijpRFPJCURdaRlEVxk5RFCZWURaSWlEU+mJRF1pmURXGblEUJnZRFop6URTyglEXWoZRF
caOURQmllEWkppRFPKiURdaplEVxq5RFCa2URaKulEU+sJRF2LGURW+zlEULtZRFpLaURTy4
lEXWuZRFcbuURQm9lEWivpRFPMCURdbBlEVvw5RFC8WURaLGlEU+yJRF2MmURW/LlEUJzZRF
os6URT7QlEXW0ZRFcdOURQvVlEWi1pRFPNiURdbZlEVx25RFCd2URaTelEU84JRF2OGURW/j
lEUJ5ZRFpOaURTzolEXY6ZRFceuURQntlEWk7pRFPPCURdjxlEVv85RFCfWURaL2lEU8+JRF
1vmURXH7lEUJ/ZRFov6URTwAlUXWAZVFbwOVRQkFlUWkBpVFPgiVRdgJlUVxC5VFCQ2VRaIO
lUU=</AssayXData><AssayYData Points="500">uUiTQEpxk0D1bZNA1aGTQMaik0Cr15NAGq+TQEXZk0ANspNAHbCTQL7Ak0Dh4ZNAd+eTQBDW
k0AJ1pNA9M+TQHq1k0CV+ZNAiM2TQJTOk0B7GpRAafeTQBnck0DIDpRAWAiUQGfgk0Bl7ZNA
NySUQLoHlEAe95NAB/eTQC4BlEAx8JNAfA6UQObNk0Bj6JNAvwWUQBUYlECR2pNAQSWUQGwG
lEDHEpRAVy+UQO0slED5B5RAVQCUQKYklEDlIZRAmBeUQKMelECACZRAiAOUQLshlEBZIZRA
Jw6UQNsXlEC0C5RA9QWUQM4DlEADIJRAF8+TQFgjlEBu/pNADQqUQPANlECyP5RAKxiUQHPt
k0CFGZRAARSUQKwVlEBd4pNAyxmUQD3zk0BMFZRAeUSUQLIklEAnAZRAIkaUQGwWlEBJ55NA
ATyUQL8alEAvH5RAvCmUQBY6lEBPOJRAIy2UQH9KlECjF5RATzyUQMoilEAT/JNAPeqTQJk9
lECBH5RAah2UQEJClEDmJZRAGQCUQGEzlEAgPJRAhz2UQG0vlEDJNJRAJymUQNI5lEAHKZRA
fT2UQBoqlEBIKpRAwBSUQMQblEBtMJRADxOUQEwelECtNpRABSSUQEEflEBuPJRAxyWUQH87
lEAaSZRACEyUQPsflEAYMJRAxF2UQA8rlEB6JpRAgUWUQLwTlEAARZRAyUKUQJJBlEAJVZRA
I2GUQBI5lEAQYJRAHVKUQEA6lEAuI5RAe1iUQCeFlEBkL5RAgEKUQO1ElECqJ5RAzCOUQGAo
lEBEF5RAgC6UQJ1plECqNJRA+TuUQJZRlEDwUJRAwTyUQNw6lECpVpRAFCOUQFRWlEALbZRA
9leUQPNklECEYZRAjH6UQIZIlEAPRZRAtzeUQKJSlEDxaJRAjk6UQHZklEBGeJRASWSUQE1J
lEDyTpRAL3GUQJUwlEAnVpRAqm6UQM5TlEDhNpRAf2mUQP9NlECAR5RAGF2UQN2LlECoWZRA
RmCUQIlGlEA4TpRA/UaUQNpSlECkVZRA93iUQGV1lED/WpRAeG+UQAlXlEAZQpRAJWaUQPg+
lEC2VZRAPEuUQChzlEB1WJRANGSUQPxZlEAygZRAE2qUQLBrlEBZQJRAt2iUQKNHlEAuY5RA
jFaUQAGIlECAXZRA8VGUQEB7lEAZiJRACFaUQLBalEBDaZRAoH6UQPJYlEB7fpRATFuUQH9t
lECTlpRA+V+UQOpglEBNc5RA6jyUQG5UlEDOfZRAunqUQLt8lEBaYZRAz4WUQGmXlEAxfJRA
IHqUQDaalECqcpRAEHGUQHt+lEBehZRAMWqUQE18lEASdJRAj2+UQKmXlEC0aJRATnSUQCeA
lEAQepRAU3+UQHeClEDpdJRAhm2UQBOOlEAmppRADIWUQM5VlEDWnZRAtYiUQEZxlEAcpZRA
0puUQMyGlEDRipRAroyUQHljlECeoJRA0YmUQL2TlEAtjpRAWm2UQLtylEAGppRAcqmUQEaS
lEC9ipRADZmUQCuWlEDAWJRA8qeUQCKUlECVm5RAD6yUQHqtlEBxk5RAgYuUQPqalEBmg5RA
RX6UQNKblEAKZJRAnaiUQKyklEBcnZRAw4SUQCaylEAynpRA75+UQOOXlEBclpRAkYGUQEOM
lECqv5RAtrCUQOGllEDLx5RAX4SUQEuflECuuZRAaqGUQDmDlED2s5RAwJaUQKdtlEDLv5RA
WcSUQMeIlEAaq5RABp6UQMWElEATg5RAY4mUQCWLlEAVnZRAwqqUQPGtlEA/pZRAsYqUQL2t
lEDQq5RA+qKUQNCllECJ1pRAP6KUQOeXlEBGn5RAT52UQBGRlEDRu5RAf86UQFmplEAjnZRA
GZeUQNWxlEDPkJRABriUQMi1lEB7vpRA0LKUQKq5lEBxp5RA8sSUQG7FlECQvpRAYK6UQGfN
lECIyJRAlKKUQBi3lEAxxZRA682UQAy9lEAMoZRARMCUQBy4lEAJ0ZRAptmUQBHYlEDLz5RA
EdCUQJOolEAsqJRAsuWUQC7JlECMxJRA876UQFO3lEDd0JRAf8qUQHrflEAes5RAWcSUQFjO
lED4vpRA1vWUQG3clEBAsJRAttKUQKbKlEBS2pRAReuUQFbWlEAa0pRAysqUQIu9lEC1xpRA
tbqUQLv0lEDRupRA68yUQBnSlEBu2pRAYJ2UQMbVlECh6JRAXtCUQNLzlEAsBpVAHMOUQAPa
lEB48JRAgPOUQHfRlEAZAJVAZ9mUQLLQlEDx5pRAj+iUQCPYlEC9xJRAjfmUQLO/lECvC5VA
g+WUQA3HlEAS2pRAeveUQFT0lEAm5ZRAI/aUQMbIlECe1ZRAuOmUQFHdlEAO3JRA2NmUQLq+
lECF15RALQKVQE/ilECAtZRAQd2UQGYIlUCn55RApw+VQKXPlEC7xZRA6dGUQFLwlECM4ZRA
eRiVQLXmlEB8A5VAce6UQOb6lECC7pRAGv+UQMj3lEAo8pRAzcWUQAfvlEC++ZRAvMmUQIsT
lUBz6JRAG66UQN/clEA175RAKxCVQEXnlEDFHZVARACVQKH4lECYCpVA1QGVQFDflECK9pRA
0xqVQFDplECw95RAHf+UQAT0lECLA5VA2uuUQA0OlUDF9ZRAxBeVQNjhlEBe4JRAQvuUQKEB
lUA=</AssayYData></Step><Step><CommonData><SampleLocation>2</SampleLocation><SampleID>hsCD3d/e_Acro_CDD-H52W1</SampleID><SampleGroup></SampleGroup><SampleInfo></SampleInfo><SampleRow>E</SampleRow><SamplePlate>1</SamplePlate><WellType>KSAMPLE</WellType><Concentration>-1</Concentration><ConcentrationUnits>µg/ml</ConcentrationUnits><MolarConcentration>50</MolarConcentration><MolarConcUnits>nM</MolarConcUnits><MolecularWeight>0</MolecularWeight><Temperature>30</Temperature><StartTime>5458412</StartTime><AssayTime>180</AssayTime></CommonData><FlowRate>1000</FlowRate><StepType>ASSOC</StepType><StepName>Association</StepName><StepStatus>OK</StepStatus><ActualTime>180.001</ActualTime><CycleTime>0.2</CycleTime><AssayXData Points="900">PBCVRdgRlUVvE5VFERWVRaIWlUU8GJVF2BmVRW8blUUJHZVFoh6VRTwglUXWIZVFbyOVRQsl
lUWkJpVFPCiVRdYplUVxK5VFCS2VRaIulUU+MJVF2DGVRW8zlUUJNZVFojaVRT44lUXYOZVF
cTuVRQk9lUWiPpVFPkCVRdhBlUVvQ5VFCUWVRaJGlUU+SJVF1kmVRXFLlUUJTZVFok6VRTxQ
lUXWUZVFb1OVRQlVlUWiVpVFPFiVRdZZlUVvW5VFCV2VRaJelUU8YJVF1mGVRQ1klUVTZZVF
pGaVRTxolUXWaZVFb2uVRQttlUWkbpVFPHCVRdhxlUVvc5VFC3WVRaR2lUU8eJVF1nmVRW97
lUUJfZVFpH6VRTyAlUXWgZVFb4OVRQmFlUWkhpVFPIiVRdiJlUVxi5VFC42VRaKOlUU+kJVF
1pGVRW+TlUULlZVFopaVRT6YlUXWmZVFb5uVRQmdlUWinpVFPqCVRdihlUVvo5VFDaWVRaKm
lUU8qJVF1qmVRW+rlUULrZVFoq6VRTywlUXWsZVFb7OVRQm1lUWitpVFPLiVRda5lUVvu5VF
C72VRaK+lUU+wJVF1sGVRW/DlUUJxZVFpMaVRT7IlUXYyZVFb8uVRQvNlUWkzpVFPNCVRdbR
lUVx05VFCdWVRaTWlUU82JVF1tmVRXHblUUJ3ZVFpN6VRTzglUXW4ZVFceOVRQnllUWi5pVF
PuiVRdbplUVx65VFCe2VRaTulUU88JVF2PGVRXHzlUUL9ZVFovaVRTz4lUXW+ZVFcfuVRQv9
lUWi/pVFPACWRdYBlkUZBJZFXwWWRaIGlkU8CJZF1gmWRXELlkUJDZZFog6WRT4QlkXWEZZF
cROWRQkVlkWiFpZFPBiWRdYZlkVvG5ZFCR2WRaIelkU+IJZF1iGWRW8jlkUJJZZFpCaWRTwo
lkXYKZZFbyuWRQ0tlkWiLpZFPDCWRdYxlkVvM5ZFCTWWRaQ2lkU+OJZF1jmWRXE7lkUJPZZF
oj6WRTxAlkXWQZZFb0OWRQtFlkWkRpZFPEiWRdZJlkVvS5ZFCU2WRaJOlkU8UJZF1lGWRW9T
lkULVZZFolaWRTxYlkXYWZZFb1uWRQtdlkWkXpZFPGCWRdZhlkVvY5ZFCWWWRaJmlkU+aJZF
1mmWRW9rlkULbZZFpG6WRT5wlkXWcZZFb3OWRQl1lkWidpZFPHiWRdZ5lkVve5ZFC32WRaR+
lkU+gJZF1oGWRW+DlkUJhZZFooaWRTyIlkXWiZZFb4uWRQmNlkWijpZFPJCWRdiRlkVvk5ZF
C5WWRaKWlkU+mJZF2JmWRW+blkULnZZFpJ6WRTyglkXYoZZFBaSWRUyllkWippZFPKiWRdap
lkVxq5ZFCa2WRaKulkU8sJZF2LGWRW+zlkUJtZZForaWRT64lkXWuZZFcbuWRQu9lkWkvpZF
PMCWRdbBlkVvw5ZFC8WWRaLGlkU8yJZF2MmWRW/LlkULzZZFos6WRTzQlkXW0ZZFcdOWRQnV
lkWi1pZFPtiWRdbZlkVv25ZFC92WRaLelkU+4JZF2OGWRW/jlkUJ5ZZFpOaWRTzolkXY6ZZF
b+uWRQntlkWi7pZFPvCWRdbxlkVx85ZFC/WWRaT2lkU++JZF1vmWRW/7lkUJ/ZZFpP6WRTwA
l0XYAZdFbwOXRQsFl0WiBpdFPAiXRdYJl0VvC5dFCQ2XRaIOl0U8EJdF1hGXRW8Tl0UJFZdF
ohaXRT4Yl0XYGZdFbxuXRQsdl0WkHpdFPCCXRdYhl0VxI5dFCSWXRaIml0U+KJdF2CmXRW8r
l0ULLZdFoi6XRT4wl0XYMZdFcTOXRQk1l0WiNpdFPDiXRdg5l0VvO5dFCz2XRaQ+l0U+QJdF
2EGXRc9Dl0UVRZdFpEaXRTxIl0XWSZdFb0uXRQtNl0WkTpdFPlCXRdZRl0VvU5dFCVWXRaJW
l0U+WJdF2FmXRW9bl0ULXZdFol6XRTxgl0XYYZdFb2OXRQlll0WiZpdFPGiXRdZpl0Vxa5dF
C22XRaJul0U8cJdF2HGXRW9zl0UJdZdFonaXRTx4l0XWeZdFcXuXRQl9l0WkfpdFPICXRdaB
l0Vxg5dFCYWXRaSGl0U8iJdF1omXRW+Ll0ULjZdFoo6XRTyQl0XYkZdFb5OXRQmVl0WilpdF
PJiXRdaZl0Vxm5dFC52XRaSel0U+oJdF1qGXRXGjl0ULpZdFoqaXRTyol0XWqZdFcauXRQut
l0WkrpdFPrCXRdaxl0Vxs5dFCbWXRaS2l0U8uJdF1rmXRW+7l0UJvZdFor6XRTzAl0XYwZdF
b8OXRQvFl0WixpdFPMiXRdbJl0Vvy5dFC82XRaTOl0U80JdF1tGXRW/Tl0UJ1ZdFotaXRTzY
l0XY2ZdFb9uXRQndl0Wk3pdFPOCXRdbhl0Vv45dFCeWXRaLml0U86JdF1umXRXHrl0UL7ZdF
ou6XRT7wl0XW8ZdFcfOXRQn1l0Wk9pdFPPiXRdj5l0Vv+5dFC/2XRaL+l0U+AJhF1gGYRW8D
mEULBZhFogaYRTwImEXWCZhFbwuYRQkNmEWiDphFPhCYRdYRmEVvE5hFCRWYRaIWmEU8GJhF
1hmYRW8bmEULHZhFoh6YRT4gmEXWIZhFcSOYRQklmEWiJphFPiiYRdYpmEVxK5hFCy2YRaQu
mEU+MJhF1jGYRXEzmEUJNZhFojaYRTw4mEXWOZhFbzuYRQk9mEWkPphFPkCYRdZBmEVvQ5hF
CUWYRaJGmEU8SJhF2EmYRW9LmEUJTZhFok6YRTxQmEXWUZhFb1OYRQtVmEWkVphFPFiYRdZZ
mEVxW5hFCV2YRaRemEU8YJhF2GGYRW9jmEUJZZhFomaYRT5omEXWaZhFcWuYRQttmEWkbphF
PHCYRdZxmEVxc5hFCXWYRaR2mEU8eJhF2HmYRW97mEUJfZhFon6YRTyAmEXWgZhFCYSYRU6F
mEWkhphFPoiYRdaJmEVvi5hFCY2YRaSOmEU+kJhF2JGYRW+TmEUJlZhFopaYRT6YmEXWmZhF
b5uYRQudmEWknphFPKCYRdahmEVxo5hFCaWYRaKmmEU+qJhF2KmYRW+rmEULrZhFoq6YRT6w
mEXYsZhFb7OYRQm1mEWitphFPLiYRda5mEVxu5hFCb2YRaK+mEU8wJhF2sGYRXHDmEUJxZhF
osaYRTzImEXWyZhFb8uYRQnNmEWizphFPtCYRdbRmEVx05hFCdWYRaLWmEU82JhF2NmYRXHb
mEUJ3ZhFpN6YRTzgmEXW4ZhFb+OYRQnlmEWk5phFPOiYRdbpmEVv65hFCe2YRaLumEU88JhF
2PGYRXHzmEUJ9ZhFpPaYRTz4mEXY+ZhFb/uYRQn9mEWi/phFPACZRdgBmUVxA5lFCwWZRaIG
mUU8CJlF2AmZRXELmUULDZlFog6ZRTwQmUXWEZlFcROZRQkVmUWiFplFPBiZRdYZmUVxG5lF
Cx2ZRaIemUU8IJlF1iGZRfQjmUU4JZlFoiaZRTwomUXYKZlFbyuZRQstmUWkLplFPjCZRdgx
mUVvM5lFCTWZRaQ2mUU8OJlF2DmZRXE7mUUJPZlFpD6ZRT5AmUXWQZlFb0OZRQlFmUWkRplF
PkiZRdZJmUVvS5lFCU2ZRaROmUU8UJlF1lGZRW9TmUULVZlFolaZRT5YmUXWWZlFb1uZRQld
mUWkXplFPGCZRdZhmUVvY5lFCWWZRaJmmUU8aJlF2GmZRW9rmUULbZlFom6ZRT5wmUXWcZlF
b3OZRQt1mUWidplFPniZRdZ5mUVxe5lFCX2ZRaR+mUU8gJlF2IGZRW+DmUULhZlFooaZRT6I
mUXWiZlFb4uZRQmNmUWkjplFPJCZRdaRmUVxk5lFCZWZRaKWmUU8mJlF1pmZRW+bmUUJnZlF
pJ6ZRT6gmUXWoZlFcaOZRQmlmUWipplFPKiZRdapmUVvq5lFCa2ZRaSumUU+sJlF1rGZRW+z
mUULtZlForaZRT64mUXWuZlFb7uZRQu9mUWivplFPsCZRdjBmUUfxJlFZcWZRa3GmUU8yJlF
2MmZRW/LmUULzZlFos6ZRTzQmUXW0ZlFb9OZRQnVmUWi1plFPNiZRdbZmUVx25lFC92ZRaLe
mUU84JlF2OGZRW/jmUUJ5ZlFouaZRTzomUXW6ZlFceuZRQvtmUWi7plFPPCZRdbxmUVv85lF
CfWZRaT2mUU8+JlF2PmZRW/7mUUJ/ZlFov6ZRTwAmkXWAZpFcQOaRQkFmkWiBppFPgiaRdYJ
mkVvC5pFCw2aRaIOmkU+EJpF2BGaRW8TmkULFZpFohaaRT4YmkXWGZpFbxuaRQkdmkWkHppF
PiCaRdYhmkVvI5pFCSWaRaImmkU8KJpF1imaRW8rmkULLZpFpC6aRTwwmkXWMZpFbzOaRQk1
mkWkNppFPDiaRdg5mkVxO5pFCT2aRaI+mkU8QJpF2EGaRW9DmkUJRZpFokaaRT5ImkXWSZpF
b0uaRQlNmkWiTppFPFCaRdZRmkVvU5pFCVWaRaJWmkU8WJpF2FmaRXFbmkUJXZpFol6aRTxg
mkXYYZpFC2SaRU5lmkWiZppFPGiaRdhpmkVva5pFC22aRaJumkU8cJpF2HGaRW9zmkULdZpF
onaaRT54mkXWeZpFcXuaRQl9mkWifppFPoCaRdiBmkVvg5pFC4WaRaKGmkU8iJpF1omaRW+L
mkUJjZpFpI6aRTyQmkXWkZpFcZOaRQmVmkWilppFPpiaRdaZmkVvm5pFCZ2aRaSemkU8oJpF
2KGaRXGjmkULpZpFpKaaRTyomkXWqZpFcauaRQmtmkWkrppF</AssayXData><AssayYData Points="900">rFqUQPjXlEDL+5RA8ECVQE8SlUDqOJVAjViVQKImlUAAYpVAyVCVQLtxlUCbVpVAY3GVQE9z
lUCVZJVA+peVQMhxlUBUfZVAAn2VQBFxlUCNlJVA95qVQMWRlUACh5VAgZOVQJualUA1i5VA
DZ2VQGiTlUA4iZVAV72VQPCKlUAWyZVA3YGVQDedlUA4m5VA9KqVQEPPlUDvnpVAPdKVQO6a
lUDT4ZVASdyVQObglUDIzZVACtWVQBjFlUAdp5VAetCVQNW4lUDK8pVAh8+VQOnTlUCR0pVA
pdeVQE/clUC5zZVAN7WVQHEVlkADBZZAY8iVQIXklUBxy5VAJc6VQGYglkD+8ZVAOt6VQND8
lUAK5JVALAKWQLf4lUC2+pVAYAmWQJTklUC8AZZAs/+VQFvplUBjDJZAevGVQMvklUBQ/ZVA
UCWWQFgZlkBkIJZAfCCWQGIIlkBk7ZVAN0CWQNwclkAUIJZANC+WQDw7lkBsDJZAUTyWQLFB
lkABQJZAYjeWQJcqlkBbJ5ZA3DeWQJEJlkDdK5ZAhRuWQL8/lkDxGZZAA0CWQARIlkBwNJZA
h1iWQHIklkAzMZZAyFGWQEpHlkBiaZZAUDeWQG1JlkDQNpZAZVSWQBlJlkDBVpZA2GSWQN1u
lkAFV5ZAmFyWQEdolkBcfZZAuXGWQB1clkAfcZZAlV2WQL9blkDaSZZAhVGWQC5blkC6cJZA
JlyWQDx6lkDsd5ZA0XeWQH1blkBzYZZAy3aWQKSDlkCwgJZAe5KWQLB9lkAVaJZAc3yWQLJg
lkBQdJZAQIaWQNyFlkDOgZZAxauWQCGVlkBEbZZAZo2WQPCQlkDupZZAZGqWQNF/lkC0kZZA
+XSWQHO8lkBKqJZACKSWQJy8lkBPrZZAv4+WQESdlkDfuJZA2bqWQKWclkA/z5ZA+YyWQIe5
lkAqv5ZAbaWWQKGPlkB/r5ZAcc+WQA20lkBZwZZAiZqWQOmWlkBWtpZAOMaWQISclkAP0JZA
us6WQAemlkCfsZZAY7WWQGuplkBu0pZAd6KWQNLJlkAiwZZAAtKWQOPSlkCDt5ZAKu2WQDzb
lkCFupZAuc+WQG/OlkCs35ZAm8yWQInilkDF5ZZAGtqWQEDdlkCo65ZAAsaWQI3flkBG0ZZA
796WQN3ilkCE35ZAae2WQIrclkDc9pZAIfKWQLvalkAVBJdA8eyWQNHllkADAJdAV9iWQOX9
lkDpDJdA7SGXQFX8lkAX7pZA7dGWQIfvlkCr45ZAUQyXQJv9lkDlBpdAwAuXQGbolkCEzpZA
AdiWQN3jlkDy8pZA4g2XQNnUlkA7CZdARBWXQOoOl0A2IZdAFECXQHoUl0BqPJdAGPaWQPLt
lkCVD5dAygaXQFMPl0DoLJdAICiXQE8jl0B29pZA6u2WQG8Cl0ADLJdAtw+XQEMql0BqFpdA
3SaXQEoal0BMJ5dAKiOXQGD/lkB0T5dAzyaXQBFDl0DkM5dA3BWXQKkpl0AXP5dAqiiXQGwg
l0CCOpdAci6XQO44l0DDNZdA0RWXQC48l0DXN5dAMFWXQAlCl0BTOZdAZ0eXQOVil0CLTZdA
ZVyXQGxBl0BlN5dAKGOXQH4gl0BgI5dAyzqXQGtfl0CaRJdAr2yXQAswl0DzT5dAaViXQDo5
l0DJOZdAXjuXQMZFl0D3MZdAB0CXQJd5l0C5f5dALEyXQGlAl0AsRZdAtkeXQHBDl0BsVpdA
WFCXQOxtl0Cka5dAMWOXQNlnl0BgRpdAfWCXQAFbl0APdJdAg1+XQNJRl0DwbJdA3HOXQLRS
l0AuhZdAp4GXQI19l0BPe5dA6GKXQLRfl0CVgZdAFWeXQNZMl0Afh5dA/5uXQCBhl0DAdJdA
KnGXQO2kl0A0V5dAt3KXQIhfl0A4cpdAaoGXQLJ0l0Ald5dAq4uXQApwl0D4WpdALWuXQD+s
l0A7pJdAwoeXQNBwl0CoXpdAfWOXQN2Ol0AJj5dAWZmXQMeIl0A7g5dAV6mXQNyIl0BRfpdA
VYCXQKKJl0AVkJdAqYaXQJyjl0CropdAkZWXQCKel0A4Z5dAZY+XQEKPl0BJspdAY5WXQId+
l0DOj5dAsJuXQMWDl0AgjJdAraaXQE6il0CdipdApZ+XQJvHl0DlkpdA+I+XQGyhl0DslJdA
+qyXQN7Al0BekpdAppeXQEOql0C1xJdADauXQAW4l0AVj5dAhK6XQP7Dl0Abt5dA/6SXQMqn
l0BImZdAh6eXQO/El0BtsJdAR6aXQLrFl0BOqpdAK6mXQLOql0Axz5dA8KyXQIKyl0BMtpdA
WKeXQP3Zl0AL1pdAjLaXQF5zl0CJ0pdAUZuXQDezl0C0tJdAVb6XQEnTl0ATxJdAWNGXQIfM
l0C5uZdAnqGXQJ6bl0Dsm5dAfrGXQM7hl0D6r5dATbyXQK+5l0Dtl5dAYMeXQGe6l0CoyJdA
Nd6XQLffl0CG3ZdAy7CXQBDjl0CxwJdAgMiXQPvBl0CNx5dAP/eXQPG6l0DNxZdAOdGXQJng
l0DF0JdAgL6XQI6rl0B28JdAWcuXQM+4l0Bj5JdAut+XQCbjl0ADwZdAmuGXQJnNl0Bz8JdA
tuCXQIXgl0AI3JdALuKXQGXtl0D81JdAcPKXQNjcl0BmzZdAqPiXQCPil0Az0JdA/e+XQHfN
l0CN9ZdAIvOXQK/ml0CY4pdAZQKYQLPTl0A+ypdAwM2XQCoHmEBsypdA2QuYQBjsl0BFAJhA
POOXQE/6l0CA95dALcSXQPzjl0ACwJdAIgqYQGn+l0BC0pdAfQeYQITSl0AIHZhAtfGXQFv6
l0DR+JdAdtiXQLz8l0DsG5hAgN2XQHrxl0Ae7ZdAdveXQCHSl0BFAZhAr/qXQJfhl0BZC5hA
2++XQBPXl0D685dAoQWYQGYsmEDj/JdAn+2XQNABmEAKCphAx+uXQOkBmECTEphAnAuYQHf7
l0CSB5hAY+6XQI8MmECG7JdA4QeYQEMSmEAeCZhACBWYQIQKmECTCZhAgh2YQNkJmEBo7JdA
mOaXQIA5mEBqHJhADjKYQNjfl0BoDZhAbvqXQAr3l0Bw/pdAGvqXQFdJmEBNNJhA+hGYQDca
mEBZFZhA/OiXQF0DmEAWEJhAKw+YQPUpmEBHHphAUzmYQFP5l0BTPZhAWwyYQAwHmEBFOphA
tvOXQDAcmEDLKJhAhSqYQNcMmEBgAJhAaySYQL4nmEAoFphAkEiYQKEhmEClKZhAnFmYQB0u
mEDMHJhAHxCYQIUamEDhKJhAFguYQGc1mEB5OJhA3jSYQBIgmEAXMphAmwyYQGswmED9JJhA
jxmYQPstmEDzBZhAmj2YQG5JmECwNphAjeaXQCoymEDVKJhApUKYQFsZmECIMphArx2YQL4R
mEDaOJhAqROYQLITmECDF5hArjGYQNc2mEDMT5hAPi2YQCEImEAtPJhA9TKYQKIumEBPY5hA
NlmYQCBjmECsQJhABC+YQIJGmEDNTJhAhjOYQEhEmEDTNphAf0qYQMlEmEBROphArk+YQIRB
mEDWVphA1y2YQGYrmEB4SJhA1lCYQNZvmEDDG5hAiRCYQCErmEBiRJhAJUSYQHlJmEA0QphA
qEKYQGNDmEC5TZhAykOYQOFImEBxVJhAwUKYQKlumEB5WJhAWk2YQDZemEBkdJhA9VyYQBlV
mEAzRZhAjFqYQNRamEA2UJhATE2YQNx1mEBLQ5hAdEOYQGZ5mEBNa5hAfFmYQApfmEAmRphA
xX+YQEF6mEDTXZhAInuYQD1UmEDOUJhA1lCYQM54mEAbPZhAA3mYQJt5mEBfQphApIKYQNli
mEBXVZhARF2YQC9umEAnUZhALViYQGp2mEDuWphAVWSYQMJimEC+WphAE2qYQLpwmEB9a5hA
iESYQK15mEC7aphA7luYQNhLmEA7gJhAbECYQHOTmEBmVphAFGqYQPZpmEBMcphAHlCYQAVY
mEBISJhAomWYQMltmEBnbphAI2mYQJZkmEBOb5hAYH6YQN5lmEDIYJhAJYOYQDdemEDufZhA
FX+YQDlnmEDpZ5hA/WiYQEOFmEBQZZhALFWYQI9amEBicphAIISYQORYmEBrfZhAr2eYQB10
mEB5i5hAjWqYQCuHmEBRr5hAOHOYQJ1smEA+cZhAX2eYQOKCmEBNXZhApoKYQHilmEBLd5hA
5l+YQD+imED7e5hAb5KYQDd6mEAgjZhAmHiYQHt6mEDZiJhAUH+YQCFnmEBOhphAp4KYQHuf
mEDfk5hAoICYQECSmEBJdJhAU5+YQKaGmEBJophA1HaYQNuXmEAbbphAloeYQBmCmECLZZhA
bG+YQFp8mEDRhphAbrGYQBylmED7h5hA/3SYQNmMmEBPbphAVHeYQCC7mEBWbZhATnmYQLKD
mEB8dphAa7CYQBmGmECLhZhAN4yYQEaOmEBJiphAO4uYQH99mEA2i5hAfcSYQOCpmECtnJhA
R5KYQLysmECUtphAzJKYQNKLmEDwlJhAtZCYQJqUmEChxZhAT22YQN91mEBojZhAI7WYQHqu
mEAWjphAtHOYQDW/mEBui5hAjaSYQBiamEBntZhAosCYQPSdmECnpJhAvpGYQOSBmEBinphA
uYaYQG18mEDUtphAd8mYQOyumEBblJhAKKqYQBfGmEAugJhA/HqYQGurmEBUcphA0oqYQBmo
mEAuj5hAGpWYQCe/mECit5hA8J+YQJSmmED0i5hAO7KYQDummEBAzZhA4ZeYQO+5mECHyZhA
MquYQKnDmEDfrZhAeL2YQIfQmEBixphAGYyYQM62mEDcu5hA</AssayYData></Step><Step><CommonData><SampleLocation>1</SampleLocation><SampleID>Octet Buffer</SampleID><SampleGroup></SampleGroup><SampleInfo></SampleInfo><SampleRow>E</SampleRow><SamplePlate>1</SamplePlate><WellType>BUFFER</WellType><Concentration>-1</Concentration><ConcentrationUnits>µg/ml</ConcentrationUnits><MolarConcentration>-1</MolarConcentration><MolarConcUnits>nM</MolarConcUnits><MolecularWeight>0</MolecularWeight><Temperature>30</Temperature><StartTime>5646656</StartTime><AssayTime>300</AssayTime></CommonData><FlowRate>1000</FlowRate><StepType>DISASSOC</StepType><StepName>Dissociation</StepName><StepStatus>OK</StepStatus><ActualTime>300</ActualTime><CycleTime>0.2</CycleTime><AssayXData Points="1500">PrCaRdixmkVxs5pFC7WaRaS2mkVAuJpF2LmaRXG7mkUNvZpFpL6aRT7AmkUFwppFccOaRQ3F
mkWmxppFQMiaRdjJmkVxy5pFDc2aRabOmkU+0JpF2NGaRXHTmkUL1ZpFptaaRT7YmkXY2ZpF
c9uaRQvdmkWk3ppFPuCaRdjhmkVz45pFDeWaRabmmkU+6JpF2OmaRXPrmkUN7ZpFpO6aRT7w
mkXa8ZpFc/OaRQv1mkWm9ppFQPiaRdj5mkVz+5pFDf2aRaT+mkU+AJtF2AGbRXEDm0UNBZtF
pAabRUAIm0XYCZtFcQubRQsNm0WkDptFPhCbRdoRm0VzE5tFCxWbRaQWm0U+GJtF2BmbRXEb
m0ULHZtFpB6bRT4gm0XaIZtFcSObRQslm0WmJptFQCibRdopm0VzK5tFCy2bRaQum0VAMJtF
2jGbRXEzm0UNNZtFpDabRUA4m0XYOZtFczubRQ89m0WkPptFPkCbRdhBm0VzQ5tFC0WbRaRG
m0VASJtF2EmbRXFLm0UNTZtFpE6bRT5Qm0XYUZtFcVObRQtVm0WkVptFPlibRdpZm0VxW5tF
C12bRaRem0U+YJtF8GGbRXFjm0ULZZtFpGabRUBom0XaaZtFcWubRQ1tm0WmbptFPnCbRdhx
m0Vzc5tFC3WbRaR2m0U+eJtF2nmbRXF7m0ULfZtFpH6bRT6Am0XagZtFcYObRQuFm0WkhptF
QIibRdiJm0Vzi5tFD42bRaaOm0VAkJtF2pGbRXOTm0UNlZtFppabRT6Ym0XYmZtFc5ubRQud
m0WmnptFPqCbRdihm0Vzo5tFDaWbRaSmm0U+qJtF2KmbRXGrm0ULrZtFpK6bRT6wm0XasZtF
cbObRQ+1m0WktptFPribRdi5m0Vxu5tFDb2bRaS+m0VAwJtF2sGbRXHDm0UNxZtFpMabRT7I
m0XYyZtFc8ubRQvNm0WkzptFQNCbRdjRm0Vx05tFDdWbRaTWm0U+2JtF2NmbRXPbm0UN3ZtF
pN6bRT7gm0Xa4ZtFceObRQvlm0Wk5ptFPuibRdrpm0Vx65tFDe2bRaTum0U+8JtF2PGbRXHz
m0UL9ZtFpPabRT74m0XY+ZtFcfubRQv9m0Wk/ptFPgCcRR0CnEVxA5xFCwWcRaQGnEU+CJxF
2AmcRXELnEULDZxFpg6cRT4QnEXYEZxFcROcRQsVnEWkFpxFPhicRdgZnEVzG5xFDR2cRaQe
nEU+IJxF2iGcRXEjnEULJZxFpCacRT4onEXYKZxFcSucRQstnEWmLpxFPjCcRdgxnEVzM5xF
CzWcRaQ2nEVAOJxF2DmcRXM7nEULPZxFpj6cRUBAnEXYQZxFcUOcRQtFnEWkRpxFPkicRdhJ
nEVxS5xFC02cRaROnEVAUJxF2FGcRXFTnEUNVZxFpFacRT5YnEXaWZxFcVucRQtdnEWkXpxF
QGCcRdhhnEVzY5xFDWWcRaRmnEVAaJxF2GmcRXFrnEULbZxFpm6cRT5wnEXacZxFcXOcRQt1
nEWmdpxFPnicRdp5nEVxe5xFC32cRaR+nEVAgJxF2oGcRXGDnEUNhZxFpoacRUCInEXYiZxF
c4ucRQuNnEWkjpxFPpCcRdiRnEVxk5xFC5WcRaSWnEVAmJxF2JmcRXGbnEULnZxFpJ6cRT6g
nEUJopxFcaOcRQulnEWkppxFQKicRdipnEVxq5xFC62cRaSunEVAsJxF2LGcRXGznEULtZxF
pracRT64nEXYuZxFcbucRQu9nEWmvpxFPsCcRdjBnEVxw5xFC8WcRabGnEU+yJxF2smcRXHL
nEUNzZxFps6cRT7QnEXa0ZxFcdOcRQvVnEWk1pxFPticRdjZnEVx25xFDd2cRaTenEVA4JxF
2OGcRXPjnEUL5ZxFpuacRT7onEXY6ZxFceucRQ3tnEWk7pxFPvCcRdrxnEVx85xFC/WcRaT2
nEU++JxF2PmcRXH7nEUN/ZxFpP6cRT4AnUXaAZ1FcwOdRQsFnUWkBp1FPgidRdgJnUVxC51F
DQ2dRaYOnUU+EJ1F2BGdRXMTnUULFZ1FpBadRUAYnUXYGZ1FcRudRQ0dnUWkHp1FQCCdRdgh
nUVxI51FDSWdRaQmnUU+KJ1F2CmdRXErnUUNLZ1FpC6dRT4wnUXaMZ1FczOdRQs1nUWkNp1F
PjidRdg5nUVzO51FDT2dRaQ+nUVAQJ1F8kGdRXFDnUUNRZ1FpkadRT5InUXYSZ1FcUudRQtN
nUWmTp1FQlCdRdhRnUVxU51FDVWdRaZWnUVAWJ1F2FmdRXFbnUULXZ1FpF6dRUBgnUXYYZ1F
c2OdRQtlnUWkZp1FQGidRdhpnUVxa51FDW2dRaRunUVAcJ1F2nGdRXFznUUNdZ1FpHadRT54
nUXaeZ1FcXudRQ19nUWkfp1FQICdRdiBnUVxg51FDYWdRaSGnUU+iJ1F2omdRXGLnUULjZ1F
po6dRUCQnUXYkZ1FcZOdRQ2VnUWklp1FPpidRdiZnUVzm51FC52dRaaenUU+oJ1F2qGdRXOj
nUULpZ1FpqadRT6onUXYqZ1Fc6udRQutnUWkrp1FPrCdRdqxnUVzs51FC7WdRaa2nUU+uJ1F
2LmdRXG7nUUNvZ1FpL6dRT7AnUXYwZ1FccOdRQ3FnUWkxp1FPsidRdjJnUVxy51FC82dRaTO
nUU+0J1F2NGdRXPTnUUN1Z1FpNadRT7YnUXY2Z1FcdudRQvdnUWk3p1FPuCdRUDinUWE451F
C+WdRaTmnUVA6J1F2OmdRXPrnUUL7Z1Fpu6dRT7wnUXY8Z1FcfOdRQ31nUWm9p1FPvidRdj5
nUVx+51FC/2dRaT+nUU+AJ5F2AGeRXMDnkUNBZ5FpAaeRT4InkXaCZ5FcQueRQsNnkWkDp5F
PhCeRdgRnkVxE55FDRWeRaQWnkVAGJ5F2BmeRXEbnkULHZ5FpB6eRUAgnkXaIZ5FcSOeRQsl
nkWmJp5FPiieRdwpnkVxK55FDS2eRaQunkU+MJ5F2jGeRXEznkULNZ5FpDaeRUA4nkXYOZ5F
cTueRQs9nkWkPp5FPkCeRdpBnkVzQ55FC0WeRaRGnkVASJ5F2EmeRXNLnkULTZ5FpE6eRT5Q
nkXYUZ5FcVOeRQ1VnkWkVp5FPlieRdhZnkVxW55FDV2eRaRenkU+YJ5F2GGeRXFjnkULZZ5F
pGaeRT5onkXaaZ5FcWueRQttnkWkbp5FQHCeRdpxnkVxc55FC3WeRaR2nkVAeJ5F2nmeRXF7
nkULfZ5FpH6eRT6AnkUqgp5FcYOeRQuFnkWkhp5FPoieRdiJnkVxi55FC42eRaSOnkU+kJ5F
2JGeRXGTnkULlZ5FppaeRT6YnkXYmZ5FcZueRQ2dnkWmnp5FPqCeRdihnkVxo55FC6WeRaam
nkU+qJ5F2KmeRXGrnkUNrZ5FpK6eRT6wnkXYsZ5FcbOeRQu1nkWktp5FPrieRdi5nkVxu55F
C72eRaa+nkU+wJ5F2sGeRXPDnkULxZ5FpMaeRT7InkXYyZ5Fc8ueRQ3NnkWkzp5FPtCeRdzR
nkVx055FC9WeRaTWnkU+2J5F2NmeRXPbnkUN3Z5Fpt6eRT7gnkXa4Z5FceOeRQvlnkWk5p5F
QOieRdrpnkVx655FC+2eRaTunkU+8J5F2vGeRXHznkUL9Z5FpPaeRUD4nkXY+Z5FcfueRQv9
nkWm/p5FQACfRdgBn0VxA59FCwWfRaYGn0VACJ9F2AmfRXMLn0UNDZ9FpA6fRT4Qn0XYEZ9F
cROfRQsVn0WmFp9FQBifRdgZn0VxG59FCx2fRaYen0U+IJ9FFyKfRXEjn0UNJZ9FpiafRUAo
n0XYKZ9FcSufRQstn0WmLp9FPjCfRdoxn0VxM59FDTWfRaQ2n0U+OJ9F2DmfRXM7n0UNPZ9F
pD6fRT5An0XaQZ9FcUOfRQtFn0WmRp9FPkifRdhJn0VxS59FDU2fRaROn0U+UJ9F2FGfRXNT
n0UNVZ9FpFafRT5Yn0XYWZ9FcVufRQtdn0WkXp9FPmCfRdphn0VxY59FC2WfRaRmn0U+aJ9F
2GmfRXFrn0UNbZ9FpG6fRT5wn0XYcZ9FcXOfRQt1n0Wodp9FPnifRdh5n0Vze59FC32fRaR+
n0VAgJ9F2IGfRXGDn0ULhZ9FpoafRUCIn0XaiZ9Fc4ufRQuNn0Wkjp9FPpCfRdiRn0Vxk59F
DZWfRaSWn0U+mJ9F2JmfRXObn0ULnZ9Fpp6fRT6gn0XaoZ9FcaOfRQ2ln0Wmpp9FQKifRdqp
n0Vzq59FC62fRaSun0U+sJ9F2LGfRXOzn0UNtZ9FpLafRT64n0XYuZ9FcbufRQ29n0Wkvp9F
PsCfRUTCn0WIw59FDcWfRaTGn0U+yJ9F2smfRXHLn0ULzZ9Fps6fRUDQn0XY0Z9FcdOfRQvV
n0Wk1p9FPtifRdjZn0Vz259FDd2fRaTen0VA4J9F2OGfRXHjn0UL5Z9FpOafRT7on0Xa6Z9F
c+ufRQ3tn0Wk7p9FPvCfRdjxn0Vz859FC/WfRab2n0VA+J9F2PmfRXH7n0UL/Z9Fpv6fRT4A
oEXaAaBFcwOgRQ0FoEWkBqBFPgigRdoJoEVxC6BFCw2gRaYOoEVAEKBF2BGgRXEToEULFaBF
phagRT4YoEXYGaBFcRugRQ0doEWkHqBFQCCgRdghoEVxI6BFDSWgRaQmoEVAKKBF2imgRXMr
oEUNLaBFpi6gRUAwoEXYMaBFcTOgRQ01oEWkNqBFPjigRdg5oEVzO6BFCz2gRaY+oEVAQKBF
2EGgRXFDoEULRaBFpkagRUBIoEXYSaBFcUugRQtNoEWmTqBFPlCgRdhRoEVzU6BFC1WgRaRW
oEU+WKBF2lmgRXNboEULXaBFpl6gRUBgoEUwYqBFdWOgRQ1loEWmZqBFPmigRdppoEVxa6BF
C22gRaZuoEU+cKBF2HGgRXFzoEUNdaBFpnagRT54oEXYeaBFcXugRQt9oEWkfqBFPoCgRdiB
oEVxg6BFC4WgRaaGoEVAiKBF2omgRXOLoEUNjaBFpo6gRT6QoEXakaBFc5OgRQ2VoEWmlqBF
QJigRdiZoEVzm6BFDZ2gRaaeoEU+oKBF2KGgRXGjoEULpaBFpKagRT6ooEXYqaBFcaugRQut
oEWkrqBFPrCgRdixoEVxs6BFDbWgRaS2oEU+uKBF2rmgRXO7oEULvaBFpL6gRT7AoEXYwaBF
ccOgRQvFoEWkxqBFPsigRdrJoEVzy6BFC82gRaTOoEVA0KBF2tGgRXPToEUN1aBFpNagRUDY
oEXY2aBFcdugRQ3doEWk3qBFPuCgRdjhoEVx46BFDeWgRabmoEU+6KBF2umgRXHroEUL7aBF
pu6gRUDwoEXY8aBFcfOgRQv1oEWk9qBFQPigRdj5oEVx+6BFDf2gRaT+oEU+AKFFGQKhRXED
oUULBaFFpgahRT4IoUXYCaFFcwuhRQ0NoUWmDqFFPhChRdgRoUVzE6FFCxWhRaQWoUU+GKFF
2BmhRXEboUULHaFFpB6hRT4goUXaIaFFcSOhRQsloUWkJqFFQCihRdgpoUVzK6FFDS2hRaQu
oUU+MKFF2jGhRXEzoUULNaFFpDahRUA4oUXYOaFFcTuhRQs9oUWkPqFFQEChRdpBoUVxQ6FF
C0WhRaZGoUU+SKFF2EmhRXNLoUULTaFFpE6hRT5QoUXaUaFFcVOhRQtVoUWkVqFFPlihRdhZ
oUVzW6FFC12hRaZeoUU+YKFF2mGhRXFjoUULZaFFpGahRUBooUXaaaFFcWuhRQ1toUWmbqFF
PnChRdhxoUVzc6FFC3WhRaR2oUVAeKFF2nmhRXN7oUUNfaFFpH6hRT6AoUXYgaFFcYOhRQ2F
oUWkhqFFQIihRdqJoUVxi6FFD42hRaSOoUVAkKFF2pGhRXOToUULlaFFpJahRUCYoUXYmaFF
c5uhRQudoUWknqFFQKChRUaioUWKo6FFC6WhRaSmoUU+qKFF2KmhRXOroUULraFFpq6hRT6w
oUXasaFFcbOhRQu1oUWmtqFFPrihRdi5oUVzu6FFDb2hRaS+oUVAwKFF2MGhRXHDoUULxaFF
pMahRUDIoUXYyaFFccuhRQ3NoUWkzqFFPtChRdjRoUVz06FFC9WhRaTWoUU+2KFF2tmhRXHb
oUUL3aFFpt6hRT7goUXa4aFFc+OhRQ3loUWk5qFFPuihRdjpoUVz66FFC+2hRaTuoUVA8KFF
2PGhRXPzoUUN9aFFpPahRT74oUXa+aFFcfuhRQv9oUWk/qFFQACiRdgBokVzA6JFCwWiRaQG
okU+CKJF2gmiRXELokUNDaJFpA6iRT4QokXaEaJFcxOiRQsVokWkFqJFQBiiRdgZokVxG6JF
Cx2iRaYeokVAIKJF2CGiRXEjokULJaJFpCaiRT4ookXYKaJFcSuiRQstokWkLqJFPjCiRdox
okVzM6JFCzWiRaQ2okVAOKJF2jmiRXE7okULPaJFpj6iRUBAokUyQqJFdUOiRQtFokWmRqJF
QEiiRdhJokVxS6JFC02iRaZOokU+UKJF2FGiRXFTokULVaJFplaiRT5YokXaWaJFcVuiRQ1d
okWkXqJFPmCiRdxhokVxY6JFC2WiRaRmokU+aKJF2GmiRXNrokULbaJFpm6iRT5wokXYcaJF
cXOiRQ11okWmdqJFQHiiRdh5okVxe6JFDX2iRaZ+okU+gKJF2IGiRXGDokULhaJFpIaiRUCI
okXYiaJFcYuiRQuNokWkjqJFQJCiRdqRokVxk6JFDZWiRaaWokU+mKJF2JmiRXObokUNnaJF
pp6iRUCgokXYoaJFc6OiRQ2lokWkpqJFPqiiRdipokVxq6JFDa2iRaauokU+sKJF2rGiRXGz
okUNtaJFpLaiRUC4okXYuaJFcbuiRQu9okWkvqJFPsCiRdjBokVzw6JFDcWiRabGokU+yKJF
2MmiRXHLokUNzaJFpM6iRUDQokXY0aJFc9OiRQ3VokWk1qJFPtiiRdjZokVz26JFDd2iRabe
okU+4KJFHeKiRXHjokUL5aJFpOaiRT7ookXY6aJFceuiRQvtokWk7qJFPvCiRdrxokVx86JF
C/WiRaT2okU++KJF2PmiRXH7okUN/aJFpP6iRT4Ao0XaAaNFcQOjRQ0Fo0WkBqNFPgijRdgJ
o0VzC6NFDQ2jRaQOo0U+EKNF2BGjRXETo0ULFaNFpBajRUAYo0XYGaNFcRujRQ0do0WkHqNF
QCCjRdgho0VxI6NFCyWjRaQmo0U+KKNF2CmjRXMro0ULLaNFpC6jRUAwo0XYMaNFcTOjRQs1
o0WkNqNFQDijRdo5o0VxO6NFCz2jRaY+o0U+QKNF2EGjRXFDo0ULRaNFpEajRT5Io0XaSaNF
cUujRQ1No0WmTqNFPlCjRdpRo0VxU6NFC1WjRaRWo0U+WKNF2FmjRXNbo0ULXaNFpF6jRT5g
o0XYYaNFcWOjRQ1lo0WmZqNFPmijRdppo0Vxa6NFC22jRaRuo0U+cKNF2HGjRXFzo0ULdaNF
pHajRT54o0XaeaNFcXujRQt9o0WkfqNFQICjRUqCo0WQg6NFDYWjRaSGo0U+iKNF2ImjRXOL
o0ULjaNFpI6jRUCQo0XakaNFcZOjRQuVo0WklqNFPpijRdiZo0Vxm6NFC52jRaSeo0U+oKNF
2KGjRXGjo0ULpaNFpKajRUCoo0XYqaNFc6ujRQuto0WmrqNFQLCjRdixo0Vzs6NFC7WjRaa2
o0U+uKNF2rmjRXG7o0ULvaNFpL6jRT7Ao0XYwaNFccOjRQ3Fo0WkxqNFPsijRdjJo0Vxy6NF
C82jRabOo0VA0KNF2tGjRXHTo0UN1aNFptajRT7Yo0Xa2aNFcdujRQ3do0Wk3qNFQOCjRdrh
o0Vx46NFC+WjRaTmo0U+6KNF2OmjRXPro0UP7aNFpO6jRUDwo0Xa8aNFc/OjRQ31o0Wm9qNF
PvijRdj5o0Vx+6NFC/2jRaT+o0U+AKRF2AGkRXMDpEULBaRFpAakRUAIpEXYCaRFcQukRQ0N
pEWkDqRF</AssayXData><AssayYData Points="1500">sSyYQD89mECiMphA40iYQPFcmECuOJhAt0mYQOmCmEBMSZhAyFmYQEpwmEANTphA+R+YQBaK
mECJbphAUIKYQEFvmEDqgZhAQWmYQPt8mEAwhJhAh2qYQKVgmECJephATHGYQFuAmEDRWZhA
93mYQCFxmEBQg5hALXCYQIJ8mEDDfJhAlU2YQNl0mEBva5hAZJaYQIV4mEAZfZhA0LOYQARe
mEBybJhA13iYQO5vmED+b5hARaCYQAeamEBRdJhALlaYQCximEC3dZhAJ6yYQEqGmED6cZhA
WpCYQFlxmEC+eZhAdHuYQDGSmEB+XphALpCYQFOYmEBYophAMoKYQJWAmEBqnphA3X+YQPuA
mED0oJhAbW+YQFlumEBsi5hAsoWYQFFxmECqfphAp2+YQLd4mEBMpZhAf3GYQOaMmEDbpZhA
d6qYQLKCmEB4nZhAP4eYQKp3mEBja5hAQX6YQH5bmECzeJhAGICYQM5zmEAalphAZISYQNlq
mEBJfphADqOYQGuFmEDwfZhA3ZyYQC+HmEBtaZhAenuYQEKPmECAg5hAz4yYQB6OmECqbZhA
hqSYQHGVmEADkphAsq2YQHOkmECAjZhA+pOYQKqdmEDlmphAlJeYQCOcmEDbc5hAmX2YQFKC
mEAeh5hA85KYQDuKmEDAk5hAvoyYQFeXmEBUnZhAGJaYQKtVmEAxlJhAoaaYQPl5mEDYhJhA
3aKYQFB6mEBXmphA0auYQD6omEBTq5hAcYSYQEiymEAKnJhA16OYQECBmEDRephAeKGYQAqv
mECdUJhAU7KYQDuOmEAHnJhAQbKYQDGjmEC7pphAxoqYQKC4mEAQsZhAVZyYQEqYmEAdjJhA
wHuYQPabmED+pJhAsaaYQECsmEChxphA7lOYQHeRmEBLg5hAXX2YQGW/mEChwZhAqaiYQH+T
mEAkqJhAsaiYQO6XmEArpZhA53+YQJ/FmEB1pZhAqKKYQOl7mEDy1phAyq+YQHuYmED8nJhA
jqaYQJWNmECIiJhAVoiYQAW/mECdgZhAl7iYQHGmmEAltZhAnJeYQKOdmEAhsZhAAMCYQMGZ
mEDqlphAirKYQHXAmEDSmphA6LqYQASfmECNlphAaaaYQMN8mEC1l5hAfpeYQHyhmEBvtZhA
V2eYQEi9mED1tZhAWq2YQMWZmEC6uZhArp2YQPa0mEAX45hA7bKYQAermECHzZhABIyYQCim
mEB9uphA08OYQPGtmEBD0phAl7KYQHFjmECqq5hAzIyYQFGDmEDjwJhAL7CYQIulmEAHuphA
vL+YQJu1mEAGmJhASoaYQLGcmEDWxphA+9WYQCmumEA1kphAsMiYQJyrmEBrxphAAaeYQHjW
mECru5hA3cSYQFrImEBbvphAi8WYQKC1mECd1ZhAiKOYQK+WmEBq1phAPMSYQOnGmEC8xphA
fsCYQFa+mECsqJhA672YQC6bmED0u5hAD5eYQKbKmEBk2phAgZOYQOnJmEB7vZhAX6+YQKTA
mEBNyJhAha2YQLeymECS2phAJM2YQIawmEAWpJhAxLuYQPa3mEBvxJhAX8iYQH2rmEArt5hA
xMWYQPWwmEC/r5hAPZqYQMK3mECut5hAmMuYQH/KmECDvphABtuYQB3AmEBCpZhATMaYQPnk
mEDqzJhAa8OYQDjAmEAjxphAxLeYQL3YmEDpt5hAQraYQO7MmECjzJhAdbuYQOnCmEBOvZhA
YYuYQA/imED4tZhA6b6YQOXpmEAI9JhA+uKYQKGemEBcyphARs6YQA/HmEDV45hALpiYQOzL
mECWy5hADMWYQJKqmED725hA7b6YQDmVmEAl15hAg/CYQAXSmEC5rJhADb+YQP3CmEBUyphA
1tyYQB62mEA73phAg+eYQKLXmEC4q5hAw+CYQM3amECF0ZhAB/eYQCnLmEDS1ZhADsSYQKC0
mEB0m5hAc8OYQHnnmEDS0JhAfcWYQMDPmEA/05hA/bWYQCTKmEBk2JhA8aOYQCPVmEDy25hA
XdeYQNLxmEB7tZhAlsiYQPzLmEAe5ZhApq2YQG+7mEC14JhAN+2YQL/SmECRFZlAicWYQGrG
mEDTtJhAAsmYQB3TmEB8tphAI+aYQJ7dmECqz5hAbteYQJvjmEBp5ZhAzceYQCvQmEA+zZhA
td6YQDW4mECA3ZhA1PGYQMrxmEAkrJhAjs6YQLz+mEBFw5hAeNaYQGDtmEBo4ZhAL++YQOHS
mEBBz5hAqdmYQM7LmEDk7phAeb6YQDfUmEDczZhAGvuYQLEPmUCW95hAlOCYQDwRmUDAAJlA
3r+YQEbWmEBo8phA8N+YQKC1mEC22JhAH86YQBe9mEDg3ZhAdN6YQM7ImECg4phAHfGYQAr1
mECcEZlAzxCZQNvHmEDR25hAwf+YQJ3hmEDkHZlA5wqZQB3mmEDh/phA1QKZQNXXmEDP6JhA
bwWZQLf6mECi2phANuGYQCzpmEAIAplAt/KYQGrzmEDdtJhAftCYQAcImUB+1JhA9NSYQLMI
mUCjz5hADwWZQG/qmEDv7JhAl9WYQEYRmUAaBZlAcOuYQAX+mEBGAplAYtyYQFEFmUBB8JhA
juGYQNXsmEBq8phAzAmZQIPQmEBgPJlAlviYQOvkmEC+HJlAn+qYQK7jmED3BplADBOZQM/m
mEDI55hAehqZQNn0mECE3phA2fGYQM3vmECME5lAghaZQMH7mEDZFplATCCZQNz2mEAPE5lA
8t+YQF77mEAjJZlAMzGZQIASmUDY8ZhAfPyYQEDumEBJ65hAzQKZQPzrmEBQ6phAkMKYQGsd
mUAX8JhABcqYQM7pmEDX8JhAKtSYQFcjmUAn+phAe/eYQA34mEDpJplABguZQO0ImUBWIplA
oRaZQLoVmUA8+phAJiGZQMT5mECHF5lAGAOZQILrmECWEZlAFOaYQMb/mEDAFZlA2f2YQEu8
mECd7JhArCOZQLITmUD0KplAxCOZQGkKmUASCZlAlSiZQBwmmUDS55hAByCZQCb3mEB+IplA
6A+ZQGUXmUCNzZhAiP2YQDURmUDFHJlApOyYQF8lmUBi3ZhAu/eYQE7wmEDwQZlAze2YQHgm
mUAa85hAENuYQAUSmUCALZlACQaZQB4imUC7HplATxGZQAT5mEBfIplABTWZQMj/mECJT5lA
twmZQKwLmUATFplAyiaZQFUVmUDbFJlA5RuZQF0RmUDwDZlALzWZQHASmUBZ9JhABBeZQIsd
mUAIIJlA6S2ZQJZDmUDAD5lAhBiZQIgVmUCUDJlAMSKZQIoxmUDfBJlAqC2ZQKtBmUBQMZlA
nxuZQLUamUBGE5lA5ROZQA8fmUCKFZlAMvOYQP8cmUBpI5lAkiGZQKwsmUB+F5lA6hCZQLoZ
mUBfGZlAlAaZQKY5mUBuU5lAdyqZQI4MmUAgD5lAKBiZQKAtmUA8LplADQuZQCwemUB3SZlA
ATCZQPQ6mUBcKJlAhS2ZQDQ5mUCiH5lAjDmZQAsKmUAGDZlA1jGZQIMamUDaBplAOy6ZQKw6
mUBdL5lAXjeZQHAdmUDtEZlA1CmZQPg9mUAHAplAlj+ZQK9JmUAD75hA9ReZQAIdmUDQFplA
1iSZQFUxmUDeH5lAr0CZQL4jmUCFO5lAbhiZQIcumUCWJplAjz6ZQJgvmUCnRZlAohaZQApL
mUB0eJlA8yCZQCA9mUAAKJlAmxCZQAYwmUBiCJlAkjWZQK0xmUAGRJlAiC2ZQH75mEAVCZlA
TDyZQAM0mUBoTZlA1k2ZQH8TmUASF5lAm0eZQL8jmUBNGZlAHAKZQMcYmUA6GplA0iqZQH03
mUC1FplAmDiZQGBJmUDSCZlA+FCZQKJdmUCkE5lAhTaZQNpMmUDASplASA+ZQBIdmUB4N5lA
UyqZQOs+mUAZMJlAJCKZQHoemUDSKplAbBmZQG44mUD7M5lAezmZQJhDmUBBRJlAvSeZQGoc
mUB8UJlAfCCZQIYlmUAYJJlAkTiZQHwtmUAlUZlAOh6ZQC4lmUCBVplAeV2ZQHBCmUBcIplA
0zyZQKVAmUAJS5lAoTuZQNcumUBBHJlAr1aZQFNKmUAZQJlAKB6ZQJQVmUAZRZlAnTSZQDAs
mUD6AZlAGzKZQKEtmUC0TZlAtjKZQFlVmUDKWZlA/SOZQBs+mUChKJlAaUmZQClSmUClIJlA
4TKZQP1WmUBqPJlAGx+ZQEFPmUCcRJlAFS+ZQGs7mUCiS5lAyjyZQMRcmUAmSplAQUOZQLRb
mUCOQ5lAlF6ZQJsZmUCPOZlAeDeZQK0tmUAqYZlAn0WZQAE4mUD7R5lA9k6ZQBdHmUD/RJlA
UDmZQBA3mUBISplAGVaZQJtEmUBIPplA7kaZQP1MmUDgcZlAYEqZQPtJmUBoOZlAlWuZQJmH
mUB7R5lAKlaZQB1CmUBwP5lAxDKZQEFcmUB8YplAIy+ZQHBsmUB/TJlAlEKZQIhOmUBDWJlA
IUOZQHhxmUAGgplAmEGZQAg6mUBSbJlAKE+ZQEpWmUAHf5lArGOZQFBTmUDWdJlAQVmZQEJM
mUDQP5lA9UKZQKtFmUDWY5lAy1mZQHBWmUC2Y5lABnSZQAg7mUBVc5lA9VWZQAt0mUCcVJlA
8GGZQKxpmUCUW5lA3XuZQDNZmUDLYJlAi3aZQJt7mUDDRZlAGHaZQF5omUB3UZlAuHyZQNpa
mUANQZlAjG2ZQMtTmUA1dZlAmmOZQIhOmUDDWplATliZQECEmUDNWJlAbD+ZQO5BmUAYZJlA
wkeZQExEmUBghJlAl3aZQOd4mUCVW5lAclWZQCRemUA5YZlAlmeZQJ1MmUCVgZlAHWCZQGo+
mUADXZlAknSZQPJCmUBOZ5lAZH+ZQHWmmUBibplATnaZQD1HmUA3cJlA52qZQCB4mUD8g5lA
/3iZQD+BmUAScJlAj3SZQJ85mUD1RJlA02uZQIRomUBoQ5lA3mKZQB56mUA+XZlAt1uZQDRc
mUDBbZlA4FiZQH5xmUC1SJlAPlGZQEuHmUDfdplAX2mZQNlhmUCCXZlAQGSZQFJ+mUDIbZlA
YnWZQGprmUAMjJlATWCZQDZimUAxbplAg3eZQNhumUAtgZlAql+ZQH1amUDsZJlAy36ZQGZY
mUBaZ5lAVmOZQK6GmUDPYplAI5GZQGpRmUALRZlAr3+ZQE50mUBlb5lADWiZQBZ1mUBpXZlA
JZCZQMNjmUAVaJlA7oaZQDt7mUCvUplA4nSZQMlsmUDtaJlAlm6ZQMd4mUAnU5lA7Y6ZQAmN
mUAHjplAXWqZQK+hmUCBmplAfYqZQD6LmUDdiplAr3GZQKuAmUDjgplA1YWZQFWNmUCjeZlA
VHCZQNlpmUABfZlAhnmZQNRMmUBqmJlA35WZQPRMmUD0lplAeXeZQD6BmUDSe5lAvXSZQLxg
mUDngZlA1pWZQNJamUBhnZlAjZeZQH9gmUAvi5lAQbqZQGSBmUDpb5lA9oOZQIJ7mUAZk5lA
+3mZQHyYmUDuiJlAjYiZQPiDmUBPeplAJXOZQC53mUDmdJlAi4qZQG7KmUA2nZlAtnaZQLCP
mUAHjZlAkY2ZQDucmUB9iplA34CZQLKhmUBuhplA7X6ZQPeqmUA8gplAYHmZQHKAmUCClplA
3K6ZQGRymUDbwZlARHCZQC9gmUD2wJlAZH6ZQFuDmUDVoplAU8GZQIJ9mUAwnplAyH2ZQHqJ
mUDLZ5lAS5SZQN5nmUDUfplAXsCZQC+SmUArlZlAEJCZQE13mUBfh5lAMKSZQCF/mUCeg5lA
UaiZQDiKmUBKgZlAKbGZQCu9mUBBh5lA0I6ZQNijmUDvhplA+36ZQHF9mUBaqplAE56ZQPl2
mUDTsJlAi42ZQMu5mUAIlZlAQn+ZQGuqmUAeo5lANnqZQOuPmUBSpZlA35aZQPJ8mUCUsZlA
qrOZQFGhmUDni5lAsKGZQIBamUBQuZlAq8+ZQBzAmUAHo5lAvoKZQOS2mUD5oJlAMa2ZQLto
mUDPoZlAR8WZQH6YmUAWgplAA52ZQC2fmUCxfZlA+5qZQNWsmUCYeJlAFIeZQILRmUCtl5lA
QMmZQHiAmUD3o5lAenuZQBnLmUDNmJlA6J2ZQGiRmUBkmplAa5KZQMi1mUBshJlA1KSZQE6Q
mUCM1ZlAhJ+ZQNDEmUBwqplAgpyZQNCtmUAYoplARHmZQNXBmUBMzJlAKbeZQHejmUCY0JlA
VtmZQMWrmUB8n5lAGrWZQHOdmUByvJlAT36ZQB6nmUCbuZlAYbaZQBOfmUCDvZlAyNyZQIWu
mUCsqJlA7raZQDxjmUDwnJlA16mZQLKsmUAj1ZlADcmZQA2BmUC6rJlABNmZQCG6mUB1jJlA
3LWZQB3GmUDxuZlA0LmZQAXUmUAtsplAOJmZQNOrmUDfuJlACp+ZQNCpmUA5vZlAMbaZQEO+
mUDuq5lArJ2ZQDO3mUDG4JlAQriZQA+pmUDo2plA8MCZQH6tmUD3splAsMOZQFXCmUC2y5lA
oc6ZQDHGmUA7qplAlaWZQKasmUAauJlAH9SZQOKmmUD2pplACYeZQHavmUB/45lA6tqZQFzA
mUB6rJlAobqZQB+fmUA+lplAkeCZQJ6umUCVuplAFNKZQOHGmUCM2ZlAW6+ZQLTgmUADlZlA
z72ZQJ+7mUAU0JlAb5iZQI3XmUBMsZlAt8iZQBDnmUAy5JlAia2ZQDPRmUDU3JlAopiZQFr5
mUDSz5lA09yZQNirmUCr1plACbmZQOrBmUBJwJlANLmZQAGbmUAnFJpAedqZQB6TmUChy5lA
h9qZQDHCmUAI0JlAaMuZQKaqmUDjnJlA59WZQNO1mUBIxJlAm7eZQA/YmUCg0plAz+eZQAXN
mUAIwJlAyM6ZQAivmUDFuJlABaWZQA78mUAnxZlA3NmZQHnfmUDO85lALeGZQMTRmUADs5lA
FsCZQFPVmUA60JlAfLOZQOLmmUDH8plAdr2ZQG3bmUAj45lA792ZQA7mmUBjtplAx8aZQIDv
mUC/zplAFeaZQAjAmUAM/5lAO8KZQBbUmUDl3JlACfGZQNWxmUDB3plA1Z+ZQObimUD96JlA
heKZQHrFmUDx1JlAw+6ZQDLImUCN25lAguKZQBGumUAVuZlA99yZQMbEmUD9zplAltGZQL7l
mUCU3ZlArN6ZQFjUmUDQu5lAevKZQBG/mUCWtZlAU86ZQCPZmUCUAZpA5c6ZQCLzmUC+25lA
68WZQJb2mUAN65lANsCZQEXNmUDh9plAQreZQCHMmUC26plA1uqZQO/fmUC79plAYveZQDbM
mUAX5JlAr+iZQBvnmUBl55lAhQCaQBrXmUCH+ZlAjuWZQMjjmUAVyplAngWaQEm8mUBn+ZlA
p9aZQA2mmUCs3ZlAftWZQHcEmkAHuZlAy/GZQKbNmUAW55lAmuWZQAXxmUBP45lACueZQPHd
mUASx5lArMKZQEDgmUB19JlAGdaZQBsemkCSBZpARdiZQHr8mUCRs5lAktKZQEDzmUA135lA
GeaZQEACmkALBZpALeiZQKDimUBYAZpA8AOaQID6mUCT55lAb+aZQH4AmkDT8ZlAoMOZQB7x
mUBG0plAggeaQM70mUDuC5pAH+eZQPLdmUCsCJpAs/mZQBDcmUDk6plA+fmZQLbMmUDG15lA
XfKZQBv+mUDs35lAyuWZQNncmUCC5ZlAUfeZQC0AmkCc75lAUdeZQMnzmUDs5JlAiOqZQAT3
mUCU1ZlAZfKZQBEhmkB87ZlAMvqZQPTWmUBu2plAhPSZQLjpmUCuCppAMvmZQHoFmkCqD5pA
yeSZQL3vmUBcDppA6veZQLXNmUCp55lAxOWZQOAbmkB4+ZlA/OyZQI32mUDZAppANAGaQL78
mUDTBppAMPmZQIT3mUAxEppArfaZQCjNmUBT6ZlAOBCaQAoDmkCA1JlATteZQJjzmUDCAZpA
Ay6aQNfQmUCx6ZlAvAOaQO4VmkDc85lA4O+ZQGz9mUDC6ZlAQvWZQNMnmkAeBZpA8QuaQNHk
mUCA95lA</AssayYData></Step><Step><CommonData><SampleLocation>5</SampleLocation><SampleID>Glycine</SampleID><SampleGroup></SampleGroup><SampleInfo></SampleInfo><SampleRow>F</SampleRow><SamplePlate>1</SamplePlate><WellType>REGENERATION</WellType><Concentration>-1</Concentration><ConcentrationUnits>µg/ml</ConcentrationUnits><MolarConcentration>-1</MolarConcentration><MolarConcUnits>nM</MolarConcUnits><MolecularWeight>0</MolecularWeight><Temperature>30</Temperature><StartTime>5955849</StartTime><AssayTime>5</AssayTime></CommonData><FlowRate>1000</FlowRate><StepType>KREGENERATION</StepType><StepName>Regeneration</StepName><StepStatus>OK</StepStatus><ActualTime>4.9998</ActualTime><CycleTime>0.2</CycleTime><AssayXData Points="25">PhCkRdgRpEVxE6RFDRWkRaQWpEU+GKRF2BmkRXEbpEULHaRFph6kRT4gpEXaIaRFcSOkRQ0l
pEWkJqRFPiikRdoppEVzK6RFDS2kRaQupEVAMKRF2DGkRXEzpEULNaRFpDakRQ==</AssayXData><AssayYData Points="25">N5iePylelD9u+44/2QCMPzxRiT+vGoY/tCuEPxZKgD83kXs/o9d2P0/gcT/8Gm0/fOZoPxqf
Yz+SS2A/5lFdPypZWj+jDlY/dVRTP1qbUT9avU0/dxVJP4kBST9YjEY/6b9FPw==</AssayYData></Step><Step><CommonData><SampleLocation>6</SampleLocation><SampleID>PBS</SampleID><SampleGroup></SampleGroup><SampleInfo></SampleInfo><SampleRow>F</SampleRow><SamplePlate>1</SamplePlate><WellType>NEUTRALIZATION</WellType><Concentration>-1</Concentration><ConcentrationUnits>µg/ml</ConcentrationUnits><MolarConcentration>-1</MolarConcentration><MolarConcUnits>nM</MolarConcUnits><MolecularWeight>0</MolecularWeight><Temperature>30</Temperature><StartTime>5968942</StartTime><AssayTime>5</AssayTime></CommonData><FlowRate>1000</FlowRate><StepType>KREGENERATION</StepType><StepName>Regeneration</StepName><StepStatus>OK</StepStatus><ActualTime>4.9998</ActualTime><CycleTime>0.2</CycleTime><AssayXData Points="25">PjikRdo5pEVxO6RFDT2kRaQ+pEU+QKRF2EGkRXFDpEUNRaRFpkakRUBIpEXYSaRFcUukRQ1N
pEWkTqRFPlCkRdhRpEVzU6RFDVWkRaZWpEU+WKRF2FmkRXNbpEULXaRFpF6kRQ==</AssayXData><AssayYData Points="25">+dmHQAxkiECQ/ohA4lOJQBWliUAR04lAySuKQGI9ikBScopAa5SKQEXuikCh+opAgByLQNs0
i0CmIotANU6LQL13i0ACmItAhqSLQPnAi0DduotAnMiLQAQEjEDKI4xApwqMQA==</AssayYData></Step><Step><CommonData><SampleLocation>5</SampleLocation><SampleID>Glycine</SampleID><SampleGroup></SampleGroup><SampleInfo></SampleInfo><SampleRow>F</SampleRow><SamplePlate>1</SamplePlate><WellType>REGENERATION</WellType><Concentration>-1</Concentration><ConcentrationUnits>µg/ml</ConcentrationUnits><MolarConcentration>-1</MolarConcentration><MolarConcUnits>nM</MolarConcUnits><MolecularWeight>0</MolecularWeight><Temperature>30</Temperature><StartTime>5982026</StartTime><AssayTime>5</AssayTime></CommonData><FlowRate>1000</FlowRate><StepType>KREGENERATION</StepType><StepName>Regeneration</StepName><StepStatus>OK</StepStatus><ActualTime>4.9998</ActualTime><CycleTime>0.2</CycleTime><AssayXData Points="25">PmCkRdphpEVzY6RFD2WkRaRmpEU+aKRF2GmkRXFrpEULbaRFpm6kRT5wpEXYcaRFc3OkRQt1
pEWkdqRFPnikRdh5pEVze6RFC32kRaZ+pEU+gKRF2IGkRXGDpEULhaRFpIakRQ==</AssayXData><AssayYData Points="25">QQh6P1UNZz/pIlw/5FZWP0ZHUT+2Zkw/5I1IP56xRT/tWUI/9NJAP6FCPj9hcTs/nvA4P6BZ
Nz9DpzY/tUw0P2rOMT9YaDE/nqsvP9Y7Lz/1sC4/+HIrP3L+Kz9keSs/pnQpPw==</AssayYData></Step><Step><CommonData><SampleLocation>6</SampleLocation><SampleID>PBS</SampleID><SampleGroup></SampleGroup><SampleInfo></SampleInfo><SampleRow>F</SampleRow><SamplePlate>1</SamplePlate><WellType>NEUTRALIZATION</WellType><Concentration>-1</Concentration><ConcentrationUnits>µg/ml</ConcentrationUnits><MolarConcentration>-1</MolarConcentration><MolarConcUnits>nM</MolarConcUnits><MolecularWeight>0</MolecularWeight><Temperature>30</Temperature><StartTime>5995121</StartTime><AssayTime>5</AssayTime></CommonData><FlowRate>1000</FlowRate><StepType>KREGENERATION</StepType><StepName>Regeneration</StepName><StepStatus>OK</StepStatus><ActualTime>4.9998</ActualTime><CycleTime>0.2</CycleTime><AssayXData Points="25">PoikRdiJpEVxi6RFDY2kRaaOpEU+kKRF2JGkRXOTpEUNlaRFpJakRUCYpEXYmaRFc5ukRQ2d
pEWknqRFPqCkRdihpEVzo6RFDaWkRaSmpEU+qKRF2qmkRXOrpEUNraRFpK6kRQ==</AssayXData><AssayYData Points="25">EWSHQGnzh0DKaYhAzL2IQDkwiUBEXYlAIaGJQKTriUDi6olAvxmKQAlVikAaWYpAgLaKQG2x
ikC+14pA2OCKQFwMi0BIHYtA9xKLQNFOi0DsYItAumuLQHtwi0CopotAObCLQA==</AssayYData></Step><Step><CommonData><SampleLocation>5</SampleLocation><SampleID>Glycine</SampleID><SampleGroup></SampleGroup><SampleInfo></SampleInfo><SampleRow>F</SampleRow><SamplePlate>1</SamplePlate><WellType>REGENERATION</WellType><Concentration>-1</Concentration><ConcentrationUnits>µg/ml</ConcentrationUnits><MolarConcentration>-1</MolarConcentration><MolarConcUnits>nM</MolarConcUnits><MolecularWeight>0</MolecularWeight><Temperature>30</Temperature><StartTime>6008206</StartTime><AssayTime>5</AssayTime></CommonData><FlowRate>1000</FlowRate><StepType>KREGENERATION</StepType><StepName>Regeneration</StepName><StepStatus>OK</StepStatus><ActualTime>4.9998</ActualTime><CycleTime>0.2</CycleTime><AssayXData Points="25">PrCkRdqxpEVxs6RFDbWkRaa2pEU+uKRF2rmkRXG7pEULvaRFpr6kRT7ApEXawaRFc8OkRQvF
pEWkxqRFQsikRdjJpEVxy6RFDc2kRaTOpEU+0KRF2tGkRXPTpEUL1aRFpNakRQ==</AssayXData><AssayYData Points="25">8hVvP+p3XT+OkFU/i1NOP7ZySD9jo0U/rF1CP1b6PT+Ihz0/4CA8Pw9eOT+MRTc/g7E1P/FS
ND/f7jM/xWkxP3f3Lj/idy8/CPktP/npLD8GCy0/lpwrP/vjKD9Q5ik/ezMpPw==</AssayYData></Step><Step><CommonData><SampleLocation>6</SampleLocation><SampleID>PBS</SampleID><SampleGroup></SampleGroup><SampleInfo></SampleInfo><SampleRow>F</SampleRow><SamplePlate>1</SamplePlate><WellType>NEUTRALIZATION</WellType><Concentration>-1</Concentration><ConcentrationUnits>µg/ml</ConcentrationUnits><MolarConcentration>-1</MolarConcentration><MolarConcUnits>nM</MolarConcUnits><MolecularWeight>0</MolecularWeight><Temperature>30</Temperature><StartTime>6021305</StartTime><AssayTime>5</AssayTime></CommonData><FlowRate>1000</FlowRate><StepType>KREGENERATION</StepType><StepName>Regeneration</StepName><StepStatus>OK</StepStatus><ActualTime>4.9998</ActualTime><CycleTime>0.2</CycleTime><AssayXData Points="25">PtikRdjZpEVx26RFC92kRaTepEVA4KRF2uGkRXHjpEUN5aRFpuakRT7opEXY6aRFceukRQvt
pEWm7qRFPvCkRdjxpEVx86RFC/WkRab2pEVA+KRF2vmkRXH7pEUL/aRFpP6kRQ==</AssayXData><AssayYData Points="25">uyaIQPS2iEBAHolATY6JQFkQikD8K4pAYmyKQMFtikBAy4pAJQ2LQCwii0ChV4tA04aLQI2W
i0AegYtArs2LQBfTi0CQ+ItARw2MQMUljEBAWIxAsW2MQIhGjEC4ZoxAon+MQA==</AssayYData></Step><Step><CommonData><SampleLocation>1</SampleLocation><SampleID>Octet Buffer</SampleID><SampleGroup></SampleGroup><SampleInfo></SampleInfo><SampleRow>E</SampleRow><SamplePlate>1</SamplePlate><WellType>BUFFER</WellType><Concentration>-1</Concentration><ConcentrationUnits>µg/ml</ConcentrationUnits><MolarConcentration>-1</MolarConcentration><MolarConcUnits>nM</MolarConcUnits><MolecularWeight>0</MolecularWeight><Temperature>30</Temperature><StartTime>6035727</StartTime><AssayTime>20</AssayTime></CommonData><FlowRate>1000</FlowRate><StepType>CUSTOM</StepType><StepName>Sensor Check</StepName><StepStatus>OK</StepStatus><ActualTime>19.9998</ActualTime><CycleTime>0.2</CycleTime><AssayXData Points="100">PgClRdoBpUVzA6VFDQWlRaQGpUU+CKVF2AmlRXELpUULDaVFpA6lRT4QpUXaEaVFcxOlRQsV
pUWmFqVFQBilRdoZpUVzG6VFCx2lRaYepUU+IKVF2iGlRXMjpUULJaVFpCalRT4opUXaKaVF
cSulRQstpUWkLqVFPjClRdgxpUVxM6VFDTWlRaQ2pUVAOKVF2DmlRXE7pUUNPaVFpD6lRUBA
pUXYQaVFcUOlRQtFpUWkRqVFPkilRdpJpUVzS6VFC02lRaROpUVAUKVF2FGlRXNTpUULVaVF
pFalRT5YpUXaWaVFc1ulRQ1dpUWkXqVFPmClRdhhpUVzY6VFC2WlRaRmpUU+aKVF4mmlRXNr
pUUNbaVFpG6lRT5wpUXYcaVFcXOlRQ11pUWkdqVFPnilRdp5pUVze6VFDX2lRaZ+pUVAgKVF
2oGlRXGDpUUNhaVFpoalRT6IpUXYiaVFcYulRQ2NpUWkjqVFPpClRdiRpUVxk6VFDZWlRaaW
pUVAmKVF2pmlRXGbpUUNnaVFpJ6lRQ==</AssayXData><AssayYData Points="100">G/SGQPc0hUARJoRApWuDQC7XgkCTZoJAJ0GCQAc2gkDsWYJAm0eCQHdggkDLR4JAw2qCQOtM
gkANtIJAGY2CQJKcgkBRqIJAPO2CQNa7gkCH2YJA7hCDQDDzgkCCBoNAliaDQJsmg0C+OYNA
AVqDQMBNg0DVi4NAsmmDQO15g0AQYoNAwp2DQFCbg0CEjINAqqeDQOuIg0D/moNAHeGDQN/m
g0CuqoNAsbaDQMT9g0BA74NArb+DQP79g0BmBoRAftyDQOMRhEBNM4RAR/eDQMMGhEB2KIRA
RBWEQJ84hECSP4RAyj2EQHguhEAqRIRA30uEQOtBhEA+aoRAL0yEQJRAhEBmb4RAsm2EQDxb
hEB/h4RAXX+EQAp5hEApmIRAArWEQFNmhEBnqIRA0K+EQOCIhEDmkYRAf+SEQMa6hEDnwoRA
RcOEQG2OhEBFhYRA+qWEQPnnhEA8vIRA4LSEQMPfhEAwtYRATuSEQMLfhEDV4oRAeKyEQDTY
hED72YRAKv2EQMvthEAF9YRASeqEQA==</AssayYData></Step><Step><CommonData><SampleLocation>18</SampleLocation><SampleID>SI-157X62_P5536</SampleID><SampleGroup></SampleGroup><SampleInfo></SampleInfo><SampleRow>E</SampleRow><SamplePlate>1</SamplePlate><WellType>KLOAD</WellType><Concentration>5</Concentration><ConcentrationUnits>µg/ml</ConcentrationUnits><MolarConcentration>5000</MolarConcentration><MolarConcUnits>nM</MolarConcUnits><MolecularWeight>0</MolecularWeight><Temperature>30</Temperature><StartTime>6066996</StartTime><AssayTime>120</AssayTime></CommonData><FlowRate>1000</FlowRate><StepType>LOADING</StepType><StepName>Loading</StepName><StepStatus>OK</StepStatus><ActualTime>120</ActualTime><CycleTime>0.2</CycleTime><AssayXData Points="600">PqClRdihpUVxo6VFDaWlRaSmpUVAqKVF2KmlRXGrpUULraVFpK6lRUCwpUXYsaVFcbOlRQu1
pUWktqVFPrilRdq5pUVxu6VFDb2lRaS+pUU+wKVF2MGlRXHDpUULxaVFpsalRT7IpUXYyaVF
cculRQvNpUWmzqVFPtClRdrRpUVx06VFC9WlRaTWpUU+2KVF2NmlRXHbpUUL3aVFqN6lRT7g
pUXY4aVFceOlRQvlpUWm5qVFPuilRdrppUVx66VFC+2lRabupUU+8KVF2vGlRXHzpUUL9aVF
pvalRUD4pUXY+aVFcfulRQ39pUWk/qVFPgCmRdgBpkVxA6ZFDQWmRaYGpkU+CKZF2gmmRXEL
pkUNDaZFpg6mRT4QpkXYEaZFcROmRQsVpkWkFqZFPhimRdgZpkVzG6ZFDR2mRaQepkU+IKZF
2CGmRXEjpkULJaZFpCamRT4opkXYKaZFcyumRQ0tpkWoLqZFQDCmRdgxpkVxM6ZFCzWmRaQ2
pkU+OKZF2DmmRXE7pkULPaZFpj6mRUBApkXYQaZFcUOmRQ1FpkWkRqZFPkimRdhJpkVxS6ZF
DU2mRaROpkU+UKZF2FGmRXFTpkULVaZFpFamRT5YpkXaWaZFcVumRQtdpkWkXqZFPmCmRdph
pkVxY6ZFC2WmRaZmpkVAaKZF2GmmRXFrpkUNbaZFpm6mRT5wpkXYcaZFcXOmRQt1pkWkdqZF
PnimRdp5pkVze6ZFDX2mRaR+pkU+gKZF2IGmRXODpkUNhaZFpIamRUCIpkXYiaZFc4umRQ2N
pkWkjqZFPpCmRdiRpkVxk6ZFC5WmRaaWpkVAmKZF2JmmRXGbpkUNnaZFpJ6mRUCgpkXYoaZF
caOmRQ2lpkWkpqZFPqimRdqppkVxq6ZFC62mRaaupkU+sKZF2LGmRXGzpkULtaZFpLamRUC4
pkXauaZFcbumRQu9pkWkvqZFPsCmRdjBpkVxw6ZFC8WmRabGpkU+yKZF2smmRXPLpkULzaZF
pM6mRT7QpkXY0aZFcdOmRQvVpkWm1qZFPtimRdjZpkVx26ZFC92mRabepkU+4KZF2OGmRXPj
pkUN5aZFpOamRT7opkXY6aZFceumRQ3tpkWk7qZFPvCmRdjxpkVx86ZFDfWmRaT2pkU++KZF
2vmmRXH7pkUL/aZFpP6mRUAAp0XaAadFcwOnRQ0Fp0WkBqdFQAinRdoJp0VxC6dFCw2nRaQO
p0U+EKdF2hGnRXETp0UNFadFpBanRUAYp0XaGadFcRunRQsdp0WkHqdFPiCnRdghp0VxI6dF
DSWnRaQmp0U+KKdF2CmnRXErp0UNLadFpC6nRT4wp0XYMadFczOnRQ01p0WkNqdFPjinRdo5
p0VxO6dFCz2nRaY+p0U+QKdF2EGnRXNDp0ULRadFpEanRUBIp0XYSadFcUunRQtNp0WmTqdF
PlCnRdhRp0VzU6dFDVWnRaRWp0U+WKdF2lmnRXNbp0ULXadFpF6nRUBgp0XYYadFc2OnRQ1l
p0WmZqdFPminRdhpp0Vxa6dFC22nRaRup0U+cKdF2HGnRXFzp0UNdadFpHanRT54p0XaeadF
c3unRQ19p0WkfqdFQICnRdiBp0Vxg6dFC4WnRaaGp0U+iKdF2ImnRXGLp0ULjadFpI6nRT6Q
p0XakadFcZOnRQ2Vp0WklqdFPpinRdqZp0Vxm6dFC52nRaSep0U+oKdF2qGnRXOjp0UNpadF
pKanRT6op0XYqadFc6unRQutp0WmrqdFPrCnRdqxp0Vxs6dFC7WnRaa2p0U+uKdF2LmnRXG7
p0UNvadFpL6nRUDAp0XYwadFccOnRQvFp0WmxqdFQsinRdjJp0Vxy6dFDc2nRabOp0U+0KdF
2tGnRXHTp0UL1adFpNanRUDYp0XY2adFcdunRQvdp0Wm3qdFPuCnRdjhp0Vx46dFDeWnRaTm
p0U+6KdF2OmnRXHrp0UL7adFpO6nRT7wp0Xa8adFcfOnRQ31p0Wm9qdFPvinRdj5p0Vx+6dF
C/2nRaT+p0U+AKhF2gGoRXEDqEUNBahFpAaoRT4IqEXaCahFcwuoRQsNqEWkDqhFQBCoRdoR
qEVxE6hFCxWoRaYWqEVAGKhF2BmoRXEbqEULHahFpB6oRT4gqEXYIahFcyOoRQslqEWmJqhF
QCioRdgpqEVxK6hFCy2oRaQuqEVAMKhF2jGoRXMzqEULNahFpDaoRT44qEXYOahFcTuoRQs9
qEWmPqhFPkCoRdhBqEVxQ6hFC0WoRaRGqEVASKhF2EmoRXNLqEULTahFpk6oRUBQqEXYUahF
c1OoRQtVqEWmVqhFQFioRdhZqEVxW6hFC12oRaZeqEU+YKhF2GGoRXNjqEUNZahFpmaoRUBo
qEXYaahFc2uoRQttqEWmbqhFPnCoRdhxqEVxc6hFC3WoRaZ2qEU+eKhF2HmoRXN7qEUNfahF
pn6oRT6AqEXagahFcYOoRQuFqEWmhqhFPoioRdiJqEVxi6hFC42oRaSOqEU+kKhF2JGoRXOT
qEULlahFppaoRT6YqEXYmahFcZuoRQ2dqEWmnqhFPqCoRdqhqEVzo6hFC6WoRaamqEU+qKhF
2KmoRXOrqEULrahFpK6oRT6wqEXYsahFcbOoRQu1qEWktqhFPrioRdq5qEVxu6hFDb2oRaS+
qEVAwKhF2MGoRXPDqEUNxahFpsaoRT7IqEXYyahFc8uoRQvNqEWkzqhFPtCoRdrRqEVx06hF
C9WoRaTWqEU+2KhF2NmoRXHbqEUL3ahFpt6oRT7gqEXY4ahFc+OoRQ3lqEWk5qhFPuioRdjp
qEVx66hFC+2oRaTuqEU+8KhF2PGoRXHzqEUN9ahFpPaoRT74qEXa+ahFc/uoRQv9qEWm/qhF
PgCpRdgBqUVzA6lFDQWpRaYGqUVACKlF2AmpRXMLqUULDalFpA6pRUAQqUXYEalFcROpRQ0V
qUWmFqlFPhipRdgZqUVzG6lFDR2pRaQeqUVAIKlF2iGpRXEjqUULJalFpCapRT4oqUXYKalF
cyupRQstqUWkLqlFPjCpRdgxqUVxM6lFCzWpRaQ2qUU+OKlF2DmpRXM7qUUNPalFpj6pRUBA
qUXYQalFc0OpRQtFqUWkRqlFQEipRdhJqUVzS6lFDU2pRaROqUVAUKlF2FGpRXFTqUULValF
pFapRUBYqUXYWalFc1upRQ1dqUWkXqlF</AssayXData><AssayYData Points="600">5EWEQOKthEBFpYRAF+6EQBsvhUDqM4VA71KFQM5phUCAk4VAAqSFQBR8hUDf4YVAp9KFQOTh
hUBtO4ZAITGGQL5EhkC0a4ZAu0yGQG1nhkDAqYZA/pGGQA+ohkDk+4ZAj/iGQH8bh0AEHYdA
mwmHQIFHh0AlY4dAD2CHQJpah0CMlYdAUMuHQNW2h0AhmodAZuOHQA/Yh0A38odA7DeIQHJa
iEDPMohAdlOIQFliiEDtc4hAtIWIQDOqiEDpoYhADs+IQDnXiEDs7ohAX9+IQEEtiUDQQIlA
3QqJQIddiUAtbolAt32JQC6EiUDzfolAboCJQMfOiUBcuIlAE+uJQFPViUCHEIpAJgSKQPwV
ikAySYpAc1iKQPZNikC3qIpAS3iKQD+GikBskYpABNSKQLrRikDI94pApPqKQKcSi0B7PYtA
KEeLQMoRi0AnOYtAfWSLQKVei0DjUItA9JuLQN97i0CHootA85mLQKHci0Cb2otAuguMQPY2
jEC7B4xAfCSMQHZXjEDMJoxAaCWMQNBgjEDbcIxAkpiMQBm7jEDKoIxAKbmMQPXMjEAm1IxA
JtmMQIMIjUAnEI1AJw+NQJAnjUCgSo1AjTKNQCJSjUCkaI1AAWKNQGGujUAxfY1AqqyNQPnN
jUAJ0I1AjciNQOTqjUCMOY5AdPuNQNP9jUCTH45AbxiOQNI1jkAuRY5ATaGOQINMjkD7oI5A
SJSOQEx9jkD/tI5AQbaOQDapjkB+045A3tOOQOAIj0BA7I5ARw2PQOvhjkDZDI9A2SePQPlI
j0AkJ49Az1iPQHtfj0A2g49Ao3mPQEzEj0C8sI9AEqyPQHSdj0Cpv49AuMmPQAUfkEC94Y9A
ER2QQLkakEDvIZBA7jeQQG4skEBvUZBATUeQQGxZkEAMg5BA80yQQKeVkEB7lJBAPqGQQLeW
kEBR65BAA9OQQGqmkEBeuJBA0xyRQGDokEBd8pBAk+aQQIUBkUCDEJFAAEORQBgVkUAsP5FA
HmORQOZdkUAJaZFAx3+RQFSTkUAIiJFA0Z2RQD+nkUBOoJFAiMCRQFnvkUBhspFANeeRQCP7
kUDE7JFAoxySQM4tkkBw1JFABBuSQFogkkBwSpJA8U+SQHZYkkCELpJA/jGSQJd4kkA1VpJA
aluSQGyIkkDVxJJAVYqSQG+okkAis5JAc8ySQPa/kkBx3pJAmAyTQF8Ak0A0H5NAtgSTQI8L
k0CeMJNA4DeTQC8xk0C6P5NANTyTQKJNk0DSWJNAdEOTQPRQk0AigJNAOmuTQK+Jk0AQb5NA
MbGTQEC2k0DPqZNAftaTQLjIk0DwrZNASv+TQDUMlEBZzpNAAduTQPMqlEB94JNAtP2TQCsn
lECuEJRAXiKUQO4qlEAaL5RAQxqUQA5OlED3WZRAWC6UQESelEAvZpRA8WOUQH6FlED4yJRA
aImUQHeglECMpJRAysOUQBHFlEDP05RABsCUQP60lEBV1JRAquaUQD7nlEDF5JRAVwCVQFTj
lEDy+5RAWhGVQJsTlUA7GJVAOyiVQNZKlUB4PpVA3EGVQOtklUD2QJVACGiVQHdflUDtSpVA
CnKVQIyBlUAwUpVAW6SVQON+lUDAl5VAl8+VQEOKlUAKupVAucOVQO3hlUBnuZVAOfGVQCLn
lUDBxZVA37mVQJ8OlkBkFJZARgKWQDEHlkD9HJZASwKWQFknlkCfLZZApzSWQBMylkD9J5ZA
LBmWQCRllkAVcpZA+X+WQHl2lkDfPJZAQZ2WQJxnlkDVd5ZAIYSWQD6JlkBgo5ZARJCWQFef
lkBGwZZA3quWQOeplkB9tZZAOt2WQB25lkDswZZAf8qWQAPclkDa7JZAN/OWQLPplkCV6ZZA
0xCXQDcel0Cz+5ZAcQ2XQGk1l0C1HJdAaBKXQKI0l0DsMpdAEkGXQLs/l0AiaJdAfkKXQPVy
l0BlbJdAQzWXQLpxl0CTcZdAaY6XQLGfl0CSkJdAspmXQCCSl0CFrpdAFoyXQNOpl0Bgx5dA
ir6XQJS7l0A44ZdA58yXQNrAl0Ah4JdAH+qXQMPal0AD7JdAoQqYQBIAmED+7ZdAhvSXQET1
l0Ax4ZdAYwuYQJAPmEB6/ZdA2F2YQDBdmEBSCJhAHkWYQKsvmEBlYZhA+1qYQGk1mECFVZhA
nj2YQKBhmEB/bJhAo3GYQMmBmEA/gphAfWSYQJGOmEAxe5hAWoCYQBbAmEAIgJhAC7WYQHap
mEBKk5hAM7eYQDnSmECdvphA8pWYQDa2mEAb6ZhAk96YQA3VmEBk7ZhAEAyZQDTUmEClD5lA
0eWYQDX+mEAYFJlAyPiYQNLImECsOplALReZQJMQmUAXIJlAYiGZQEMEmUA8NJlA3D6ZQJlM
mUAhGplAi1aZQDU3mUBXSJlAzVWZQLp0mUBXWJlAXoGZQNFdmUCHeJlAwW6ZQMSamUASZ5lA
eqKZQPyfmUDgeplAR4uZQK+gmUBxm5lAZY+ZQCrdmUBkp5lAA6KZQGPCmUDe1JlAvLaZQFPR
mUC60plADtWZQHDgmUAp3ZlAjdeZQOjomUBd6plAmAGaQCwTmkCS6ZlAOv2ZQMv0mUBn+ZlA
g/mZQKkDmkAhLJpAVTOaQG7xmUCzHZpA0SeaQHEnmkBbPJpADk2aQL4lmkAZN5pAByeaQPdp
mkBrTZpAp3KaQN9KmkDJXppAMVmaQH53mkABc5pAs1KaQDqbmkAJSZpAMnGaQNepmkCGaJpA
HliaQOydmkB9kZpAB8KaQFHEmkAvoppATnmaQN6xmkABwZpAAJeaQGSomkD3qZpAWLuaQFO0
mkAzn5pAJsGaQAPRmkB96ppAMciaQO3kmkBTDZtArRmbQH7LmkBk2JpAcOmaQJPZmkDg/JpA
hgubQAv1mkArH5tAwRibQFvlmkBH+JpAaxmbQGcKm0BcDptARRqbQB8mm0ASRJtAoUObQMpA
m0DSM5tAfzebQCUnm0BiP5tAYVObQK46m0BaQptAAHObQHpwm0CHUZtA7jqbQAhfm0DCe5tA
N0KbQA+Em0CyhptA+lGbQJaom0BDoptA22qbQD97m0C1aptAs2ObQIGdm0APvJtAKH2bQFqw
m0AZp5tARJ6bQPWkm0BHxptA66abQGK9m0CQyptAM+CbQEzEm0AWxJtAENmbQHe6m0DxyZtA
P7WbQB29m0Dcy5tAptybQKDOm0DC8ptA</AssayYData></Step><Step><CommonData><SampleLocation>1</SampleLocation><SampleID>Octet Buffer</SampleID><SampleGroup></SampleGroup><SampleInfo></SampleInfo><SampleRow>E</SampleRow><SamplePlate>1</SamplePlate><WellType>BUFFER</WellType><Concentration>-1</Concentration><ConcentrationUnits>µg/ml</ConcentrationUnits><MolarConcentration>-1</MolarConcentration><MolarConcUnits>nM</MolarConcUnits><MolecularWeight>0</MolecularWeight><Temperature>30</Temperature><StartTime>6198454</StartTime><AssayTime>100</AssayTime></CommonData><FlowRate>1000</FlowRate><StepType>BASELINE</StepType><StepName>Baseline</StepName><StepStatus>OK</StepStatus><ActualTime>100.001</ActualTime><CycleTime>0.2</CycleTime><AssayXData Points="500">PmCpRdhhqUVxY6lFC2WpRaRmqUU+aKlF2mmpRXNrqUUNbalFpm6pRT5wqUXacalFcXOpRQt1
qUWmdqlFQHipRdh5qUVxe6lFDX2pRaR+qUVAgKlF2oGpRXODqUUNhalFpoapRT6IqUXYialF
c4upRQuNqUWkjqlFPpCpRdiRqUVxk6lFC5WpRaSWqUU+mKlF2pmpRXGbqUULnalFpJ6pRT6g
qUXYoalFcaOpRQulqUWmpqlFQKipRdipqUVxq6lFC62pRaSuqUU+sKlF2LGpRXGzqUULtalF
pLapRT64qUXYualFcbupRQu9qUWkvqlFQMCpRdjBqUVxw6lFC8WpRaTGqUVAyKlF2smpRXPL
qUUNzalFps6pRUDQqUXY0alFcdOpRQ3VqUWk1qlFQNipRdjZqUVx26lFC92pRaTeqUVA4KlF
2uGpRXPjqUUN5alFpOapRT7oqUXY6alFc+upRQvtqUWk7qlFPvCpRdjxqUVx86lFD/WpRaT2
qUU++KlF2vmpRXH7qUUL/alFpP6pRT4AqkXYAapFcQOqRQ0FqkWkBqpFPgiqRdgJqkVzC6pF
Cw2qRaYOqkU+EKpF2BGqRXMTqkULFapFphaqRT4YqkXYGapFcRuqRQ0dqkWmHqpFPiCqRdgh
qkVxI6pFDSWqRaQmqkU+KKpF2imqRXErqkUNLapFpi6qRUAwqkXaMapFcTOqRQs1qkWkNqpF
QDiqRdg5qkVxO6pFCz2qRaY+qkU+QKpF2kGqRXFDqkULRapFpkaqRT5IqkXYSapFc0uqRQ1N
qkWkTqpFQFCqRdhRqkVxU6pFC1WqRaZWqkVAWKpF2FmqRXFbqkUNXapFpl6qRT5gqkXYYapF
cWOqRQtlqkWmZqpFPmiqRdppqkVxa6pFC22qRaRuqkU+cKpF2HGqRXNzqkULdapFpHaqRUB4
qkXYeapFcXuqRQt9qkWkfqpFPoCqRdiBqkVxg6pFC4WqRaSGqkU+iKpF2omqRXOLqkULjapF
pI6qRT6QqkXakapFc5OqRQ2VqkWklqpFPpiqRdqZqkVxm6pFDZ2qRaaeqkU+oKpF2KGqRXGj
qkUNpapFpKaqRT6oqkXYqapFcauqRQutqkWkrqpFPrCqRdqxqkVzs6pFDbWqRaa2qkU+uKpF
2LmqRXO7qkULvapFpL6qRT7AqkXYwapFccOqRQvFqkWkxqpFPsiqRdrJqkVxy6pFC82qRabO
qkU+0KpF2NGqRXHTqkUN1apFptaqRT7YqkXY2apFc9uqRQ3dqkWk3qpFQuCqRdrhqkVz46pF
DeWqRaTmqkVA6KpF2OmqRXHrqkUN7apFCe+qRU7wqkXa8apFB/SqRU71qkWk9qpFQPiqRdj5
qkVx+6pFC/2qRaT+qkVAAKtF2gGrRXEDq0ULBatFpgarRT4Iq0XaCatFcQurRQsNq0WkDqtF
QBCrRdgRq0VxE6tFCxWrRaYWq0VAGKtF2BmrRXMbq0ULHatFph6rRUAgq0XaIatFcSOrRQsl
q0WkJqtFPiirRdgpq0VxK6tFDS2rRaYuq0U+MKtF2DGrRXEzq0UNNatFpDarRT44q0XYOatF
cTurRQs9q0WmPqtFQECrRdhBq0VzQ6tFC0WrRaRGq0U+SKtF2EmrRXFLq0UNTatFpk6rRT5Q
q0XaUatFc1OrRQ1Vq0WkVqtFPlirRdhZq0VzW6tFDV2rRaReq0U+YKtF2GGrRXNjq0ULZatF
pGarRUBoq0XaaatFcWurRQttq0WmbqtFPnCrRdhxq0Vxc6tFC3WrRaR2q0U+eKtF2HmrRXF7
q0ULfatFpH6rRUCAq0XagatFc4OrRQuFq0WmhqtFQIirRdiJq0Vzi6tFC42rRaSOq0U+kKtF
2JGrRXGTq0ULlatFpJarRT6Yq0XYmatFc5urRQudq0WknqtFQKCrRdqhq0Vxo6tFC6WrRaSm
q0U+qKtF2KmrRXGrq0UNratFpK6rRUCwq0XasatFcbOrRQu1q0WmtqtFPrirRdq5q0Vzu6tF
Db2rRaS+q0VAwKtF2MGrRXHDq0ULxatFpMarRT7Iq0XYyatFccurRQ3Nq0WmzqtFQNCrRdjR
q0Vx06tFC9WrRaTWq0VA2KtF2tmrRXHbq0UL3atFpN6rRUDgq0XY4atFc+OrRQ3lq0Wk5qtF
QOirRdjpq0Vx66tFC+2rRaTuq0VA8KtF2PGrRXHzq0UN9atFpParRT74q0XY+atFcfurRQv9
q0Wk/qtFPgCsRdoBrEVxA6xFCwWsRaYGrEVACKxF2AmsRXELrEULDaxFpg6sRT4QrEXaEaxF
cxOsRQsVrEWmFqxFPhisRdgZrEVxG6xFCx2sRaYerEU+IKxF2CGsRXEjrEUNJaxFpCasRUAo
rEXaKaxFcSusRQstrEWkLqxFPjCsRdgxrEVxM6xFDTWsRaQ2rEU+OKxF2DmsRXE7rEUNPaxF
pD6sRT5ArEXYQaxFcUOsRQ1FrEWmRqxFPkisRdhJrEVzS6xFC02sRaROrEU+UKxF2FGsRXFT
rEULVaxFplasRT5YrEXYWaxFcVusRQtdrEWmXqxFPmCsRdhhrEVzY6xFC2WsRaRmrEU+aKxF
2mmsRXNrrEUNbaxFpG6sRT5wrEXYcaxFc3OsRQt1rEWkdqxFQHisRdp5rEVxe6xFDX2sRaZ+
rEU=</AssayXData><AssayYData Points="500">GfebQBxEnEC/RZxAVFycQN+LnEAEepxARn6cQC1wnEC9dpxAa2mcQByUnEApupxAvJScQOic
nECjpZxAcZicQDbNnEDKrZxAZYecQGq1nEDnpZxAprKcQCmVnEDFzJxAzMKcQErAnEAg8ZxA
9cWcQLmpnEAhwJxA4LicQMacnEB1r5xAi72cQE6mnEC2Dp1At9ucQADanED105xA07icQDG6
nEAb15xAFc2cQJq9nEDeuJxAG/WcQGLnnEAPl5xAM9ScQAXjnEAdwJxA3NCcQF/bnECTzpxA
wtmcQHjXnEDisJxAJ8mcQK32nEBmvJxAoNicQAbinED19pxATdGcQN7anECn+JxAKamcQObi
nED56JxA3racQLnLnEBE55xAIqmcQHfpnEC4/ZxA1tScQAO3nEDiBp1Av+6cQLjLnEDwx5xA
+NicQDX+nEAU45xAP+KcQIvynECo55xAjeGcQL7WnEDz35xA0/GcQJrAnECMz5xAqtucQOPD
nEB8zpxAoeScQNfUnEBm85xAzfCcQDThnEBZ2ZxActecQLjSnEB935xAgBOdQNDxnECh7JxA
IO+cQML7nEDP35xAM+acQCAMnUB/9JxA9OOcQFrvnEDx95xAW+icQDfSnEDS3JxA4eGcQE7+
nEDr+ZxATcucQPftnEA1F51A9/GcQGjdnEC46pxAufqcQNnfnECzFJ1A/wqdQA3cnEBN15xA
pumcQPTZnEBe65xAW+6cQDLfnEAh5pxAjBCdQGfXnEBF65xAvg+dQNTXnEC/+pxAxvecQC3y
nEDP/5xAk/+cQDPdnEA64pxAcAGdQD0tnUAu15xA7AmdQA8CnUB+/ZxAwO2cQBEMnUDGtpxA
IgCdQNH2nEDN/5xAlPGcQJMDnUCmBZ1Aae6cQGYbnUDPIp1AFeqcQK8inUAfE51AINqcQOzx
nEDy/JxAUBydQMS1nEClHp1AgtycQMHcnECcEJ1AZC+dQLAVnUDcCp1AggadQI8InUDUD51A
3AKdQLoInUBHGJ1AwhWdQIganUAgEp1AkAidQDEmnUBxG51ATBSdQB4InUAz+pxAugOdQLLx
nEBAA51AvRSdQAxBnUDBLZ1AKB2dQNX0nEACDZ1ABBmdQFsZnUCM65xAgBidQKsynUBQ8JxA
KBudQEAunUDuGZ1AyhedQCIpnUD4Mp1A3Q+dQDcbnUC7I51Ari2dQCINnUAvNJ1A4iWdQDoA
nUDUJ51AOgedQNQGnUC/N51AnRudQCwbnUDWNJ1AnTGdQEr2nED7Jp1AeyidQLgsnUC9Ep1A
wRCdQIdCnUCBCp1AP0idQDAknUDBHp1A2h+dQJs0nUBHCp1A8TCdQFsenUClMZ1AuTidQNZA
nUBbGZ1AgCSdQEb6nECUGJ1AQ0mdQEVInUC1Ip1AB0GdQN83nUCKQp1AQCCdQL8snUAcGZ1A
oRWdQBD9nECHEZ1AjTOdQHkrnUBHDZ1AEgOdQJZLnUBlS51AGySdQLn1nECcUZ1AoRSdQHIa
nUAAQJ1A4lidQH4RnUB9Np1AUg6dQMoenUBTSZ1A4zWdQHZFnUCeQZ1A/z+dQHIenUChKZ1A
WVOdQNAinUB0QJ1Ay0adQNIsnUDzOJ1AJz6dQO5KnUDnNJ1A6U+dQNBQnUDiTJ1AchWdQH0v
nUCuLp1AmGudQB1anUAPP51AtRCdQORMnUCnX51AAUmdQCM8nUBgbJ1AMR2dQANLnUB0Pp1A
MTKdQHNOnUCLYJ1AoSCdQLxwnUAzWp1AJTmdQEIxnUCMPp1AEUGdQOkZnUCIYZ1A5DKdQCE6
nUDwSp1AZzGdQEM0nUBXRJ1AqyqdQBExnUBAVZ1A6EadQCcjnUDHXp1AWDedQOVQnUDELJ1A
tjSdQGxMnUDnQJ1AqUudQI9inUCMU51AqlydQAJPnUBoLZ1AFECdQORrnUB1Rp1Al1+dQL16
nUBhNJ1ATT2dQMV0nUAnO51AsCSdQMGXnUAISp1As2CdQLhZnUA5aJ1AXludQFZanUBIbZ1A
oGCdQFBnnUBQap1AiGmdQNxSnUCQbJ1AjDudQClLnUBveZ1ALEudQKFCnUAnWp1A7lmdQLtE
nUCvYZ1ArXSdQAU9nUCNYp1AwWmdQGJunUDdRp1A22CdQFdcnUDkL51AnVidQKFhnUCBeZ1A
CYSdQIZxnUAxUZ1AKHadQMNwnUAOVp1At12dQAJonUCQfZ1A4mmdQLxSnUASRJ1Ax4CdQMZc
nUC5bJ1A3l2dQFOBnUD1XZ1A1madQOWAnUByep1A0nKdQK95nUCPap1AAXedQHVinUDqeJ1A
n32dQABHnUCtY51AkG+dQGBUnUCIRp1AaE6dQANvnUA+c51AkledQP9YnUASaJ1ArYydQH5v
nUCCYp1AbKadQGljnUD9fp1A93GdQO5VnUDccp1AJpOdQHOBnUAvYZ1AJnWdQIZ8nUACUZ1A
3JqdQNObnUD1cp1AoHydQPKUnUAuWp1A+pidQG5knUCuep1AVnadQM2HnUBkZ51Amo2dQASJ
nUClcp1AJYOdQLx/nUCLZZ1ACn6dQCqUnUDngp1AFm2dQM2LnUAEXJ1ADHqdQNl5nUCOkZ1A
xmKdQHV/nUDMpZ1A+VydQKyMnUCxbZ1At4adQGSJnUD2hJ1ASYKdQPGFnUBzhJ1AR3edQEFi
nUA=</AssayYData></Step><Step><CommonData><SampleLocation>2</SampleLocation><SampleID>hsCD3d/e_Acro_CDD-H52W1</SampleID><SampleGroup></SampleGroup><SampleInfo></SampleInfo><SampleRow>E</SampleRow><SamplePlate>1</SamplePlate><WellType>KSAMPLE</WellType><Concentration>-1</Concentration><ConcentrationUnits>µg/ml</ConcentrationUnits><MolarConcentration>50</MolarConcentration><MolarConcUnits>nM</MolarConcUnits><MolecularWeight>0</MolecularWeight><Temperature>30</Temperature><StartTime>6306737</StartTime><AssayTime>180</AssayTime></CommonData><FlowRate>1000</FlowRate><StepType>ASSOC</StepType><StepName>Association</StepName><StepStatus>OK</StepStatus><ActualTime>180</ActualTime><CycleTime>0.2</CycleTime><AssayXData Points="900">QICsRdyBrEV1g6xFD4WsRaaGrEVCiKxF2omsRXWLrEUNjaxFpo6sRUCQrEXokaxFc5OsRQ2V
rEWmlqxFQJisRdyZrEVzm6xFDZ2sRaaerEVCoKxF3KGsRXWjrEUNpaxFpqasRUCorEXaqaxF
dausRQ2trEWmrqxFQrCsRdyxrEVzs6xFD7WsRai2rEVAuKxF3LmsRXO7rEUNvaxFqL6sRUDA
rEXcwaxFc8OsRQ3FrEWoxqxFQMisRdzJrEVzy6xFDc2sRabOrEVC0KxF3NGsRXPTrEUP1axF
ptasRULYrEXa2axFc9usRQ3drEWo3qxFQOCsRdrhrEV146xFD+WsRajmrEVC6KxF2umsRXPr
rEUP7axFqO6sRULwrEXa8axFdfOsRQ31rEWm9qxFQvisRdz5rEV1+6xFD/2sRab+rEVAAK1F
3AGtRXMDrUUNBa1FqAatRUAIrUXaCa1FcwutRQ0NrUWoDq1FQBCtRdoRrUVzE61FDRWtRagW
rUVAGK1F2hmtRXMbrUUNHa1FqB6tRUAgrUXcIa1FcyOtRQ8lrUWmJq1FQCitRdoprUVzK61F
Dy2tRaYurUVAMK1F3DGtRXMzrUUNNa1FqDatRUA4rUXaOa1FczutRQ89rUWmPq1FQkCtRdpB
rUVzQ61FD0WtRaZGrUVCSK1F3EmtRXVLrUUNTa1Fpk6tRUJQrUXcUa1Fc1OtRQ1VrUWmVq1F
QFitRdpZrUV1W61FDV2tRaherUVAYK1F2mGtRXVjrUUPZa1FqGatRUJorUXaaa1FdWutRQ9t
rUWobq1FQHCtRdpxrUVzc61FD3WtRah2rUVAeK1F2nmtRXV7rUUNfa1FqH6tRUCArUXaga1F
c4OtRQ+FrUWmhq1FQoitRdqJrUVzi61FDY2tRaaOrUVAkK1F2pGtRXOTrUUNla1FppatRUCY
rUXema1Fc5utRQ+drUWonq1FQKCtRdyhrUV1o61FDaWtRaamrUVAqK1F3KmtRXOrrUUNra1F
qK6tRUCwrUXasa1Fc7OtRQ21rUWotq1FQLitRdq5rUV1u61FD72tRai+rUVCwK1F3MGtRXPD
rUUPxa1FqMatRUDIrUXaya1FdcutRQ/NrUWmzq1FQtCtRQHSrUVz061FDdWtRabWrUVA2K1F
3NmtRXXbrUUN3a1Fpt6tRUDgrUXa4a1Fc+OtRQ3lrUWm5q1FQOitRdrprUVz661FDe2tRaju
rUVA8K1F2vGtRXPzrUUN9a1FpvatRUD4rUXc+a1Fc/utRQ/9rUWm/q1FQACuRdwBrkVzA65F
DQWuRagGrkVCCK5F3gmuRXMLrkUPDa5Fpg6uRUIQrkXcEa5FcxOuRQ0VrkWoFq5FQBiuRdwZ
rkV1G65FDR2uRaYerkVAIK5F3CGuRXUjrkUPJa5FpiauRWMorkXcKa5FcyuuRQ0trkWmLq5F
QDCuRdoxrkVzM65FDzWuRaY2rkVAOK5F3DmuRXM7rkUNPa5Fpj6uRUBArkXcQa5Fc0OuRQ1F
rkWoRq5FQkiuRdpJrkVzS65FD02uRaZOrkVCUK5F2lGuRXNTrkUPVa5FplauRUBYrkXcWa5F
dVuuRQ1drkWmXq5FQGCuRdxhrkVzY65FDWWuRaZmrkVCaK5F2mmuRXNrrkUNba5Fpm6uRUBw
rkXsca5Fc3OuRQ11rkWmdq5FQHiuRdp5rkVze65FDX2uRaZ+rkVAgK5F2oGuRXWDrkUPha5F
qIauRUCIrkXaia5Fc4uuRQ2NrkWojq5FQpCuRdqRrkVzk65FDZWuRaaWrkVAmK5F2pmuRXOb
rkUPna5FqJ6uRUCgrkXcoa5FdaOuRQ+lrkWmpq5FQqiuRdqprkVzq65FD62uRaiurkVAsK5F
2rGuRXOzrkUPta5FprauRUC4rkXaua5FdbuuRQ+9rkWovq5FQMCuRdzBrkVzw65FD8WuRabG
rkVAyK5F2smuRXXLrkUNza5Fps6uRULQrkXa0a5Fc9OuRQ3VrkWo1q5FQNiuRdrZrkVz265F
Dd2uRaberkVC4K5F3OGuRXPjrkUN5a5FqOauRULorkXa6a5FdeuuRQ3trkWo7q5FQPCuRdrx
rkVz865FD/WuRab2rkVA+K5F3PmuRXP7rkUP/a5Fpv6uRUIAr0XcAa9FcwOvRQ0Fr0WmBq9F
QAivRdoJr0VzC69FDw2vRaYOr0VAEK9F9hGvRXMTr0UNFa9FphavRUAYr0XaGa9FcxuvRQ8d
r0WmHq9FQCCvRdwhr0VzI69FDSWvRaYmr0VAKK9F3CmvRXMrr0UNLa9FqC6vRUIwr0XcMa9F
czOvRQ01r0WmNq9FQjivRdw5r0VzO69FDT2vRag+r0VAQK9F3EGvRXVDr0UNRa9FqEavRUJI
r0XaSa9Fc0uvRQ9Nr0WmTq9FQFCvRdpRr0VzU69FD1WvRaZWr0VAWK9F2lmvRXVbr0UNXa9F
pl6vRUBgr0XcYa9Fc2OvRQ9lr0WmZq9FQGivRdxpr0Vza69FDW2vRaZur0VAcK9F3HGvRXNz
r0UNda9FpnavRUJ4r0Xcea9Fc3uvRQ19r0Wofq9FQICvRdqBr0V1g69FDYWvRaiGr0VAiK9F
2omvRXWLr0UNja9Fpo6vRUKQr0Xaka9Fc5OvRQ+Vr0Wolq9FQpivRdqZr0Vzm69FD52vRaae
r0VAoK9F2qGvRXOjr0UPpa9FpqavRUCor0Xaqa9Fc6uvRQ2tr0Wmrq9FQLCvRSWyr0Vzs69F
DbWvRai2r0VAuK9F3LmvRXO7r0UNva9FqL6vRUDAr0Xcwa9Fc8OvRQ/Fr0Woxq9FQMivRdrJ
r0V1y69FD82vRabOr0VC0K9F3NGvRXXTr0UN1a9FqNavRUDYr0Xc2a9Fc9uvRQ/dr0Wm3q9F
QOCvRdzhr0Vz469FDeWvRabmr0VC6K9F2umvRXXrr0UN7a9FqO6vRUDwr0Xa8a9Fc/OvRQ31
r0Wo9q9FQPivRdz5r0Vz+69FDf2vRab+r0VCALBF2gGwRXMDsEUPBbBFpgawRUAIsEVrCrBF
rwuwRQ8NsEWoDrBFQhCwRdwRsEVzE7BFDRWwRaYWsEVAGLBF3BmwRXUbsEUNHbBFph6wRUAg
sEXaIbBFcyOwRQ8lsEWoJrBFQCiwRdopsEV1K7BFDS2wRaYusEVAMLBF3DGwRXMzsEUPNbBF
qDawRUA4sEXaObBFczuwRQ89sEWmPrBFQECwRdpBsEVzQ7BFEUWwRahGsEVASLBF3EmwRXNL
sEUPTbBFpk6wRUBQsEURUrBFdVOwRQ9VsEWmVrBFQliwRdxZsEV1W7BFDV2wRaZesEVAYLBF
2mGwRXNjsEUPZbBFpmawRUJosEXaabBFdWuwRQ9tsEWmbrBFQHCwRdpxsEV1c7BFDXWwRah2
sEVAeLBF3HmwRXN7sEUNfbBFqH6wRUCAsEXcgbBFc4OwRQ2FsEWmhrBFQoiwRdqJsEV1i7BF
DY2wRaaOsEVAkLBF3JGwRXOTsEUNlbBFppawRUCYsEXambBFdZuwRQ2dsEWonrBFQKCwRdyh
sEV1o7BFD6WwRaamsEVAqLBF2qmwRXOrsEUNrbBFqK6wRUCwsEXcsbBFdbOwRQ21sEWmtrBF
QLiwRdy5sEV1u7BFDb2wRaa+sEVAwLBF2sGwRXXDsEUNxbBFpsawRULIsEXcybBFc8uwRQ3N
sEWmzrBFQNCwRdzRsEVz07BFD9WwRabWsEVC2LBF3NmwRXPbsEUP3bBFqN6wRUDgsEXc4bBF
deOwRQ/lsEWm5rBFQuiwRdzpsEV167BFDe2wRajusEVA8LBFG/KwRXXzsEUN9bBFqPawRUD4
sEXa+bBFdfuwRQ/9sEWm/rBFQACxRdwBsUV1A7FFDQWxRagGsUVCCLFF3AmxRXMLsUUNDbFF
pg6xRUAQsUXaEbFFcxOxRQ0VsUWmFrFFQBixRdoZsUVzG7FFER2xRaYesUVCILFF2iGxRXUj
sUUNJbFFpiaxRUIosUXaKbFFcyuxRQ0tsUWmLrFFQjCxRdoxsUV1M7FFDTWxRaY2sUVCOLFF
3jmxRXM7sUUPPbFFqD6xRUBAsUXaQbFFc0OxRQ1FsUWoRrFFQEixRdpJsUVzS7FFDU2xRaZO
sUVAULFF2lGxRXNTsUUPVbFFqFaxRUBYsUXcWbFFc1uxRQ1dsUWmXrFFQmCxRdxhsUVzY7FF
DWWxRaZmsUVAaLFF3GmxRXNrsUUNbbFFpm6xRUBwsUXacbFFc3OxRQ11sUWodrFFQnixRdx5
sUVze7FFD32xRaZ+sUVAgLFF2oGxRXODsUUNhbFFpoaxRUCIsUXcibFFdYuxRQ2NsUWmjrFF
QJCxRSeSsUVzk7FFDZWxRaaWsUVAmLFF2pmxRXWbsUUNnbFFqJ6xRUKgsUXaobFFc6OxRQ2l
sUWmprFFQqixRdqpsUVzq7FFD62xRaausUVAsLFF2rGxRXWzsUUPtbFFpraxRUK4sUXcubFF
c7uxRQ+9sUWmvrFFQMCxRdrBsUVzw7FFD8WxRajGsUVAyLFF2smxRXXLsUUNzbFFqM6xRUDQ
sUXa0bFFc9OxRQ/VsUWm1rFFQNixRdrZsUV127FFDd2xRabesUVA4LFF2uGxRXXjsUUN5bFF
puaxRUDosUXa6bFFc+uxRQ3tsUWm7rFFQPCxRdrxsUVz87FFD/WxRaj2sUVC+LFF2vmxRXP7
sUUP/bFFpv6xRUIAskXaAbJFcwOyRQ0FskWoBrJFQgiyRdwJskVzC7JFDQ2yRaYOskVAELJF
2hGyRXMTskUPFbJFphayRUIYskXaGbJFcxuyRQ8dskWmHrJF</AssayXData><AssayYData Points="900">Rf2cQJIynUABXJ1A95OdQISwnUD7up1AYaudQG7WnUCAvp1ABOqdQHi4nUBDBZ5AOcKdQEbX
nUBmDZ5AtvidQJ76nUBk451A//adQHMhnkDeDZ5A/OOdQNMfnkAI451AoeWdQLs/nkCxCZ5A
VvCdQJoXnkBsMp5AViqeQIQynkCYGp5A0SOeQP8onkCOKp5ALRSeQAb/nUBMKp5AhCGeQMAy
nkDPDJ5Aah+eQJQJnkD5B55ANS+eQA4xnkDhD55A/iieQEdJnkAzIZ5AQk2eQAUvnkCJOZ5A
hTeeQGlSnkCDLp5AXlaeQPornkBsPZ5A2VieQCJenkAHKp5AT0ueQMJwnkBIPp5Ar2OeQB5y
nkCOQZ5AujKeQIVDnkCkQ55At2eeQOtdnkAoVp5AJ1WeQJNUnkBEO55AekieQItunkD+Xp5A
dl6eQKtHnkBigZ5AjVeeQPNmnkCJZp5AQHmeQIdOnkC/Tp5Amo+eQAFsnkABhJ5AN22eQIWM
nkBlcp5A1UmeQF5+nkAnX55A9GueQIFYnkBJa55As22eQIJonkDvgZ5A26WeQJFsnkA4kJ5A
X56eQNiDnkC3iJ5AK3eeQLp8nkAYbJ5AJ4meQJNinkAXrJ5AlXWeQP+KnkCZeJ5AurKeQFKg
nkCYjp5A1LSeQJq1nkAhjJ5AAGueQEN/nkDKoZ5A632eQO50nkCB1p5A+neeQCaGnkDtoJ5A
Zc2eQKRunkBSvZ5AHnKeQGfGnkB7mp5AZn6eQLeUnkC3wJ5ARr+eQNOfnkDruZ5Au4+eQNHC
nkDRm55ACbOeQHuPnkCpwZ5A77aeQJSZnkB6sp5AHaqeQNCfnkD9t55AytieQDu0nkBdrZ5A
MbSeQGCTnkDGtp5AEJ+eQCmbnkC9vZ5AL8SeQP3SnkAMrp5AuaeeQDnUnkBLu55Am8WeQLzg
nkD7rp5Ar9ieQGe9nkBahJ5An8ieQFnKnkAk3p5AQpKeQNmznkAdyJ5AecCeQE7InkCw255A
PbaeQEvcnkCA2p5AVOCeQCK2nkCC355APLieQG7NnkChyZ5Ao/ieQB7OnkA5y55A6L6eQIfy
nkBZ155AU/ueQGrNnkA+255AEfueQInwnkAA8Z5Ab+ueQOnOnkCjv55AgeGeQPT7nkA91Z5A
VgSfQJX9nkAc355AZ/CeQMDWnkAs+J5AidSeQO7dnkD2AJ9AUs2eQH71nkCm2J5AOK2eQNgF
n0D/+J5AMvqeQDD4nkAnyp5AUBOfQG3tnkDt8Z5AhQifQAvsnkA0DZ9Arv+eQCUPn0DnFp9A
FdaeQPQQn0AYGZ9A8eqeQC76nkBxB59A8d+eQAUMn0CUAp9ACQufQK8En0A/A59Awf6eQNTs
nkBjCZ9A1gafQE4Fn0Bj7J5A9dWeQPD/nkD3H59A4AmfQOD4nkDaAZ9AVgOfQCAZn0DYFZ9A
BhufQKcvn0CgBJ9A7B2fQMEvn0ByAp9AcwmfQNQmn0BKGJ9Auh6fQHEpn0AhIZ9AoRyfQHMj
n0BNPZ9ABCCfQGI+n0CZBp9AfjifQH9Gn0BaHp9ArQWfQL0In0BYK59AjgafQCEVn0DaNp9A
SFGfQMkMn0BmOJ9AExefQD4hn0C2Jp9AGzafQFoxn0COMp9AdUGfQAkEn0DGHp9Ay0GfQE4P
n0ApIJ9AXVWfQMcLn0BLGJ9ALzifQPQ8n0BXGZ9ArDGfQAASn0BIDp9ALD2fQHkun0ANN59A
JSifQF9Qn0CvA59AlDmfQMtRn0BbIZ9A2CGfQIRBn0A5Pp9APCqfQJ88n0AqN59ABFOfQNEp
n0BfIp9AKj6fQNI4n0AiLp9AVTmfQL0qn0AfLJ9AcjmfQFJsn0CGOZ9ATy2fQAQ6n0BYTJ9A
G0afQHYWn0B4W59AkEmfQCdFn0CWcp9A52efQHNyn0AqN59AR1yfQGdYn0BeUZ9A6V6fQBFh
n0DdVZ9AmE+fQGFHn0AEWp9AJ2WfQKRzn0BESJ9A3WGfQHZen0C5QZ9AtjmfQHZXn0BXWJ9A
u2GfQIxmn0A8Z59AM1afQGdmn0CrZZ9ADmWfQLVXn0B9XJ9ASnKfQCRwn0BXWZ9Au3ifQCBY
n0DIeZ9AOH+fQGRPn0CyWJ9ANFSfQKpKn0BAip9A6kqfQJZbn0CKU59AD4CfQKBFn0BXXp9A
RW6fQPp3n0BtM59Ay0SfQA1Rn0DwbJ9Ag0WfQGl3n0DrZZ9Aw0mfQBJhn0BlbZ9AW2KfQHZh
n0BDT59AcYSfQCOFn0CcQp9APHifQF1sn0BjbZ9AKWGfQC1un0BNXJ9AbGufQLJxn0A2Y59A
4oKfQMhRn0C6a59Ae3OfQFOCn0D8np9AIXSfQARqn0DOcJ9AvXKfQDuVn0Aghp9ASXSfQCx1
n0CahZ9AFY2fQGBgn0Cuap9Aw2ufQGpfn0AZfp9A5H6fQGyvn0DJbZ9AU4efQIlsn0BLe59A
1oCfQFx6n0DUiJ9AlYmfQA5Dn0BXk59Ae5mfQCCin0DDd59AL2efQC2Gn0COmp9AR42fQAF2
n0AVsZ9At3afQHt8n0BrfZ9A22efQPm+n0B4qJ9AXGefQAavn0DvgJ9Az4ifQDx0n0DUiJ9A
zYefQG6dn0BFip9AosifQJV7n0BcjZ9AvYafQFOrn0CQjZ9Am7WfQFaAn0Brkp9AXX+fQJyF
n0DUop9ABIufQJSnn0Dlp59A4pKfQD2cn0BTq59AMKafQKign0B9cp9Aa7qfQCahn0D2pJ9A
93afQBWan0CQsJ9AbbufQCuIn0DShZ9AdZGfQCKpn0AliZ9AFq6fQLrFn0BIeJ9AWZmfQPib
n0Arc59A37efQLihn0DipZ9ARJSfQLN8n0BwfJ9AO2ufQAzUn0CYgJ9AAJ+fQCOQn0ADuJ9A
Z2yfQACcn0DIuJ9AF5GfQLyin0Cs1Z9AgMqfQFXBn0Dny59A6J+fQCWrn0DZwJ9ASZ+fQJKi
n0Boz59AWrmfQEKdn0BLn59A4KafQAnLn0BMcJ9AU72fQEC0n0DuuZ9Ar3afQFm4n0DRtJ9A
0aWfQAuWn0CbpZ9AZNCfQNKon0DynZ9At6afQJ2tn0DniZ9A16WfQCrdn0B/up9A9c6fQD3I
n0Dzpp9AyqyfQEbdn0AwtJ9AjeWfQAzHn0CyjZ9Ak4yfQN64n0Dprp9Au6GfQMnin0AX2p9A
ZbOfQKStn0CY359AVaafQPbXn0Ac0J9AtL+fQF/Cn0D71J9AzcufQBq2n0Bk2Z9AELifQPXL
n0B50J9ApbifQI6Kn0BV1J9AS76fQJTVn0Anzp9A+M+fQI/Fn0A8xp9AXb2fQBmnn0BLvJ9A
fsWfQGDEn0DHxZ9AgMSfQOGxn0DIqZ9ADrefQJPfn0CR6J9A8dqfQECvn0Cu1Z9ANM+fQKPL
n0Bs259AYdKfQAbLn0C2659A5rqfQFPNn0CFsJ9Ayd6fQLbNn0Az9Z9AJdyfQLrIn0AK0p9A
UM6fQG7an0Ax1J9A2MGfQBvQn0ATv59Aj9OfQLPRn0Dr7p9AS7yfQDXEn0Brzp9ApNmfQKSt
n0Cb+p9AyvOfQIPin0Bky59AH9OfQE/Pn0Bu6Z9A2LefQFfcn0Cp7J9Ac9yfQM7Zn0DH259A
ndqfQOLen0Bl159AEfWfQHrtn0DU4J9Am9ufQO/wn0CvzJ9AP7afQOPnn0DpzJ9A5sCfQKXi
n0CNyJ9APuefQP3Rn0DN8p9AvLmfQAL+n0DbyZ9ACcmfQCzSn0C+1p9AIdqfQL/nn0AT7J9A
/LOfQI/Sn0AnBKBAJ9afQA3Nn0Dp0Z9A/dGfQCDen0AY3J9AjcifQJ/In0Cxxp9AGOmfQCje
n0AMz59AHtKfQHvsn0Cr5J9A2+SfQKXvn0Bc/Z9A5t6fQOzYn0Dd6Z9ACt2fQETnn0C8yJ9A
NfqfQEzGn0A8259AuQagQPrqn0Ck7p9AnCagQIfQn0D/359ANROgQMAEoEBTxJ9AvcyfQPvJ
n0Dy6Z9ASwWgQIADoEBG959A6vWfQBEjoECp559A0+ufQMT7n0Bj8Z9Ay/efQKgDoEAxDKBA
4u2fQInpn0DP8J9Av/ifQH72n0CS8Z9Am+mfQBILoEC73J9AcAagQELbn0BL9Z9AX/mfQPzm
n0BM9p9AOQKgQHgLoEAr759AD+ufQC0DoECL5Z9AfPOfQIfpn0B+9Z9AE/efQF/Mn0C07p9A
rRegQG4DoED64p9AUc6fQM0ToECizZ9AjBSgQJX1n0Cq/J9Asy6gQIYAoEB2/p9AefufQG8D
oEA23Z9ArfSfQF/6n0D+FKBARg2gQN/0n0Cc+p9AEeqfQHL/n0A29p9AvQOgQC4EoECO459A
hAmgQHn1n0C//59ASwSgQIrwn0DhAqBAJxWgQIr0n0Aq+59ATvWfQGL0n0ALEKBAMwegQNsO
oEDWIqBARCagQCL+n0BqB6BAkOmfQM8EoECFHqBAogSgQJn+n0A97Z9AUuefQCsJoEBmG6BA
nOefQO0EoECY6Z9AixagQI8JoEBNAaBAlQ2gQIsNoECE/J9ARiugQAUaoED1+p9Adv2fQCIS
oEAKE6BAiRGgQDgQoECTHqBAogSgQLQYoEAYKKBAexGgQMAVoECVBKBADCSgQGYQoEA+CKBA
5gigQKXrn0B8FaBArBygQFMIoECcHaBAH+qfQGICoECbQaBAOBygQOIPoEAHC6BAECugQK4Q
oEBK/59A6i+gQGn8n0DlLqBAaRWgQEwqoEDgIqBAdCOgQCcZoEAG4Z9ASA2gQCkBoEC0HKBA
Xw+gQI/xn0BxIqBAORKgQO4YoEAPAqBAcPqfQAY4oEA4GaBA</AssayYData></Step><Step><CommonData><SampleLocation>1</SampleLocation><SampleID>Octet Buffer</SampleID><SampleGroup></SampleGroup><SampleInfo></SampleInfo><SampleRow>E</SampleRow><SamplePlate>1</SamplePlate><WellType>BUFFER</WellType><Concentration>-1</Concentration><ConcentrationUnits>µg/ml</ConcentrationUnits><MolarConcentration>-1</MolarConcentration><MolarConcUnits>nM</MolarConcUnits><MolecularWeight>0</MolecularWeight><Temperature>30</Temperature><StartTime>6495137</StartTime><AssayTime>300</AssayTime></CommonData><FlowRate>1000</FlowRate><StepType>DISASSOC</StepType><StepName>Dissociation</StepName><StepStatus>OK</StepStatus><ActualTime>300</ActualTime><CycleTime>0.2</CycleTime><AssayXData Points="1500">QCCyRdwhskVzI7JFDSWyRaYmskVAKLJF3CmyRXUrskUNLbJFpi6yRUAwskXaMbJFczOyRQ81
skWmNrJFQjiyRdo5skV1O7JFDz2yRaY+skVCQLJF2kGyRXNDskUPRbJFpkayRUBIskXaSbJF
c0uyRQ9NskWoTrJFQlCyRdpRskVzU7JFDVWyRaZWskVCWLJF2lmyRXVbskUNXbJFpl6yRUJg
skXaYbJFdWOyRQ9lskWoZrJFQGiyRdppskV1a7JFDW2yRahuskVCcLJF2nGyRXNzskUNdbJF
pnayRUJ4skXcebJFdXuyRQ19skWofrJFQoCyRdqBskVzg7JFD4WyRaiGskVAiLJF2omyRXOL
skUNjbJFLo+yRXGQskXakbJFdZOyRQ+VskWmlrJFQJiyRdqZskVzm7JFD52yRaieskVAoLJF
3KGyRXOjskUNpbJFpqayRUKoskXaqbJFdauyRQ2tskWorrJFQLCyRdqxskV1s7JFDbWyRaa2
skVAuLJF2rmyRXW7skUNvbJFpr6yRUDAskXcwbJFc8OyRQ3FskWoxrJFQsiyRdrJskVzy7JF
Dc2yRabOskVA0LJF2tGyRXPTskUN1bJFqNayRUDYskXc2bJFc9uyRQ/dskWo3rJFQuCyRdzh
skV147JFDeWyRabmskVA6LJF2umyRXXrskUN7bJFpu6yRUDwskXc8bJFc/OyRQ/1skWm9rJF
QviyRdr5skV1+7JFDf2yRab+skVAALNF3AGzRXMDs0UNBbNFqAazRUAIs0XaCbNFdQuzRQ0N
s0WoDrNFQBCzRdoRs0V1E7NFDxWzRagWs0VCGLNF3BmzRXUbs0UNHbNFph6zRUAgs0XaIbNF
dSOzRQ8ls0WmJrNFQiizRdwps0V1K7NFDS2zRRkvs0VdMLNF2jGzRXUzs0UPNbNFpjazRUA4
s0XaObNFczuzRQ09s0WoPrNFQECzRdpBs0VzQ7NFD0WzRaZGs0VASLNF2kmzRXNLs0UPTbNF
pk6zRUBQs0XaUbNFc1OzRQ1Vs0WoVrNFQlizRdpZs0VzW7NFDV2zRahes0VAYLNF2mGzRXNj
s0UNZbNFqGazRUBos0XaabNFc2uzRQ1ts0WmbrNFQnCzRdpxs0V1c7NFD3WzRah2s0VAeLNF
2nmzRXN7s0UPfbNFpn6zRUCAs0XagbNFc4OzRQ+Fs0WmhrNFQIizRdqJs0V1i7NFDY2zRaaO
s0VAkLNF2pGzRXWTs0UPlbNFppazRUCYs0XambNFdZuzRQ+ds0WmnrNFQKCzRdqhs0V1o7NF
DaWzRaams0VCqLNF2qmzRXOrs0UPrbNFpq6zRUCws0XcsbNFc7OzRQ21s0WmtrNFQrizRdq5
s0V3u7NFDb2zRaa+s0VAwLNF2sGzRXPDs0UNxbNFNsezRXnIs0XaybNFdcuzRQ3Ns0UFz7NF
RtCzRd7Rs0Vz07NFD9WzRabWs0VC2LNF3NmzRXPbs0UN3bNFpt6zRUDgs0Xa4bNFdeOzRQ3l
s0Wm5rNFQuizRdrps0Vz67NFDe2zRajus0VA8LNF3PGzRXXzs0UN9bNFpvazRUL4s0Xc+bNF
c/uzRQ39s0Wm/rNFQgC0RdoBtEV1A7RFDQW0RaYGtEVCCLRF3Am0RXULtEUPDbRFpg60RUIQ
tEXaEbRFcxO0RQ0VtEWmFrRFQhi0RdoZtEVzG7RFDR20RaYetEVCILRF3CG0RXMjtEUNJbRF
pia0RUIotEXaKbRFcyu0RQ8ttEWmLrRFQjC0RdoxtEV1M7RFDTW0RaY2tEVEOLRF2jm0RXU7
tEUNPbRFpj60RUJAtEXaQbRFc0O0RQ9FtEWoRrRFQEi0RdxJtEVzS7RFD020RaZOtEVAULRF
3FG0RXNTtEUNVbRFpla0RUBYtEXaWbRFc1u0RQ1dtEWmXrRFQGC0RdphtEV1Y7RFDWW0Rahm
tEVAaLRF2mm0RXNrtEUPbbRFMG+0RXVwtEXacbRFdXO0RQ11tEWodrRFQHi0Rdp5tEVze7RF
DX20RaZ+tEVCgLRF2oG0RXWDtEUNhbRFpoa0RUCItEXaibRFc4u0RQ2NtEWojrRFQpC0RdqR
tEV1k7RFDZW0RaaWtEVCmLRF2pm0RXObtEUPnbRFpp60RUCgtEXaobRFdaO0RQ2ltEWoprRF
Qqi0RdqptEVzq7RFD620RaautEVAsLRF2rG0RXWztEUPtbRFqLa0RUC4tEXcubRFc7u0RQ+9
tEWmvrRFQMC0RdrBtEV1w7RFDcW0RajGtEVAyLRF2sm0RXPLtEUPzbRFqM60RUDQtEXa0bRF
ddO0RQ3VtEWo1rRFQNi0RdrZtEVz27RFD920RajetEVA4LRF2uG0RXXjtEUN5bRFpua0RUDo
tEXa6bRFc+u0RQ/ttEWm7rRFQPC0RdzxtEVz87RFDfW0Rab2tEVC+LRF3Pm0RXP7tEUP/bRF
qP60RUAAtUXcAbVFcwO1RQ8FtUWmBrVFQAi1RdwJtUV1C7VFDQ21RRsPtUVfELVF3BG1RXMT
tUUPFbVFpha1RUAYtUXaGbVFcxu1RQ0dtUWmHrVFQCC1RdwhtUV1I7VFDSW1RagmtUVCKLVF
2im1RXMrtUUPLbVFpi61RUIwtUXaMbVFczO1RQ01tUWmNrVFQDi1Rdo5tUV1O7VFDT21Rag+
tUVCQLVF3EG1RXVDtUUPRbVFpka1RUJItUXaSbVFc0u1RQ1NtUWoTrVFQFC1RdxRtUV1U7VF
DVW1RaZWtUVAWLVF2lm1RXVbtUUNXbVFqF61RUJgtUXaYbVFc2O1RQ1ltUWmZrVFQGi1Rdxp
tUVza7VFDW21RahutUVCcLVF2nG1RXNztUUNdbVFqHa1RUJ4tUXaebVFdXu1RQ19tUWmfrVF
QIC1RdqBtUVzg7VFD4W1RaaGtUVAiLVF3Im1RXOLtUUNjbVFqI61RUCQtUXakbVFdZO1RQ2V
tUWolrVFQJi1RdqZtUV1m7VFDZ21RaaetUVAoLVF3KG1RXOjtUUNpbVFpqa1ReKotUUlqrVF
c6u1RQ+ttUUHr7VFTLC1RdqxtUVzs7VFD7W1Raa2tUVCuLVF2rm1RXW7tUUPvbVFqL61RUDA
tUXcwbVFc8O1RQ/FtUWoxrVFQMi1RdrJtUVzy7VFDc21RajOtUVA0LVF2tG1RXPTtUUP1bVF
qNa1RUDYtUXc2bVFc9u1RQ3dtUWo3rVFQOC1RdrhtUVz47VFD+W1RabmtUVC6LVF2um1RXPr
tUUP7bVFqO61RUDwtUXa8bVFc/O1RQ31tUWm9rVFQPi1Rdr5tUV1+7VFDf21Rab+tUVCALZF
2gG2RXMDtkUPBbZFqAa2RUIItkXaCbZFcwu2RQ8NtkWoDrZFQBC2RdwRtkV1E7ZFDRW2RaYW
tkVAGLZF2hm2RXUbtkUNHbZFph62RUIgtkXaIbZFdSO2RQ0ltkWoJrZFQCi2RdoptkVzK7ZF
DS22RaYutkVAMLZF2jG2RXMztkUPNbZFqDa2RUA4tkXaObZFczu2RQ89tkWmPrZFQEC2RdpB
tkVzQ7ZFDUW2RaZGtkVCSLZF3Em2RXVLtkUPTbZFE0+2RVdQtkXaUbZFdVO2RQ1VtkWmVrZF
QFi2RdpZtkVzW7ZFDV22RahetkVAYLZF2mG2RXVjtkUNZbZFqGa2RUBotkXcabZFc2u2RQ9t
tkWmbrZFQnC2RdpxtkVzc7ZFDXW2RaZ2tkVAeLZF2nm2RXV7tkUNfbZFpn62RUKAtkXagbZF
c4O2RQ+FtkWohrZFQIi2RdqJtkVzi7ZFDY22RaaOtkVAkLZF2pG2RXOTtkUPlbZFqJa2RUCY
tkXambZFc5u2RQ+dtkWonrZFQKC2RdqhtkV1o7ZFDaW2RaamtkVEqLZF2qm2RXWrtkUNrbZF
pq62RUKwtkXasbZFc7O2RQ21tkWmtrZFQLi2Rdq5tkV1u7ZFDb22Raa+tkVCwLZF2sG2RXXD
tkUNxbZFpsa2RULItkXcybZFdcu2RQ/NtkWozrZFQtC2RdrRtkVz07ZFD9W2RabWtkVC2LZF
2tm2RXPbtkUN3bZFpt62RUDgtkXa4bZFc+O2RQ3ltkWm5rZFQui2RdrptkVz67ZFDe22RUDv
tkWE8LZF2vG2RXPztkUP9bZFqPa2RUD4tkXa+bZFdfu2RQ/9tkWo/rZFQAC3RdoBt0VzA7dF
DwW3RaYGt0VCCLdF2gm3RXMLt0UPDbdFqA63RUAQt0XcEbdFcxO3RQ8Vt0WoFrdFQBi3RdoZ
t0V1G7dFDR23RaYet0VAILdF3CG3RXMjt0UPJbdFqCa3RUAot0XcKbdFdSu3RQ8tt0WoLrdF
QDC3Rdwxt0VzM7dFDTW3Rag2t0VCOLdF3Dm3RXM7t0UPPbdFpj63RUBAt0XcQbdFdUO3RQ9F
t0WmRrdFQEi3RdpJt0VzS7dFD023RaZOt0VAULdF2lG3RXVTt0UNVbdFqFa3RUBYt0XaWbdF
c1u3RQ1dt0WmXrdFQmC3Rdpht0VzY7dFD2W3Rahmt0VAaLdF3Gm3RXVrt0UNbbdFpm63RUJw
t0XccbdFdXO3RQ91t0WmdrdFQHi3Rdp5t0Vze7dFD323RaZ+t0VAgLdF2oG3RXWDt0UNhbdF
poa3RUCIt0VOirdFkou3RQ+Nt0Upj7dFb5C3RdyRt0V1k7dFDZW3RaaWt0VAmLdF2pm3RXWb
t0UNnbdFpp63RUKgt0XaobdFdaO3RQ+lt0WmprdFQKi3Rdypt0Vzq7dFD623Raaut0VAsLdF
2rG3RXOzt0UNtbdFpra3RUK4t0XcubdFc7u3RQ29t0WmvrdFQMC3RdzBt0Vzw7dFD8W3RajG
t0VAyLdF3Mm3RXPLt0UNzbdFps63RUDQt0Xa0bdFc9O3RQ/Vt0Wo1rdFQNi3RdrZt0V127dF
Dd23Rabet0VA4LdF3uG3RXPjt0UN5bdFqOa3RUDot0Xc6bdFc+u3RQ3tt0Wm7rdFQPC3Rdzx
t0Vz87dFD/W3Raj2t0VC+LdF3Pm3RXP7t0UP/bdFpv63RUAAuEXaAbhFcwO4RQ0FuEWmBrhF
QAi4RdoJuEVzC7hFDQ24RaYOuEVCELhF3BG4RXMTuEUNFbhFpha4RUIYuEXaGbhFdRu4RQ0d
uEWmHrhFQiC4RdwhuEVzI7hFDSW4RaYmuEVCKLhF2im4RXMruEUNLbhFFS+4RVkwuEXaMbhF
dTO4RQ81uEWoNrhFQDi4Rdw5uEVzO7hFDT24RaY+uEVCQLhF2kG4RXNDuEUNRbhFqEa4RUBI
uEXcSbhFc0u4RQ1NuEWoTrhFQFC4RdxRuEV1U7hFDVW4RaZWuEVAWLhF2lm4RXNbuEUNXbhF
pl64RUJguEXaYbhFdWO4RQ1luEWoZrhFQmi4RdppuEV1a7hFDW24RaZuuEVCcLhF3HG4RXVz
uEUNdbhFqHa4RUB4uEXaebhFc3u4RQ99uEWofrhFQIC4RdqBuEVzg7hFD4W4RaaGuEVCiLhF
3Im4RXOLuEUNjbhFpo64RUCQuEXakbhFc5O4RQ2VuEWmlrhFQJi4RdqZuEVzm7hFDZ24Raie
uEVAoLhF2qG4RXWjuEUNpbhFpqa4RUKouEXaqbhFdau4RQ+tuEWmrrhFQLC4RdyxuEVzs7hF
DbW4Rai2uEVCuLhF2rm4RXW7uEUNvbhFpr64RULAuEXcwbhFc8O4RQ3FuEWoxrhFQMi4RdrJ
uEVzy7hFDc24RSHPuEVl0LhF2tG4RXPTuEUN1bhFpta4RUDYuEXa2bhFc9u4RQ3duEWo3rhF
QOC4RdrhuEVz47hFDeW4RajmuEVA6LhF3Om4RXPruEUN7bhFpu64RUDwuEXa8bhFc/O4RQ/1
uEWm9rhFQPi4Rdr5uEVz+7hFD/24Rab+uEVCALlF3AG5RXUDuUUPBblFpga5RUAIuUXeCblF
cwu5RQ0NuUWmDrlFQhC5RdoRuUVzE7lFDRW5RaYWuUVAGLlF2hm5RXUbuUUNHblFph65RUAg
uUXaIblFcyO5RQ8luUWoJrlFQCi5RdopuUV1K7lFDy25RaguuUVCMLlF2jG5RXMzuUUNNblF
pja5RUA4uUXcOblFczu5RQ09uUWmPrlFQEC5RdpBuUVzQ7lFDUW5RaZGuUVASLlF2km5RXNL
uUUNTblFpk65RUBQuUXaUblFc1O5RQ1VuUWoVrlFQFi5RdxZuUVzW7lFDV25RaheuUVAYLlF
3GG5RXNjuUUNZblFpma5RUJouUXcablFuWu5RQ1tuUUub7lFcXC5RdxxuUVzc7lFDXW5Rah2
uUVAeLlF3Hm5RXN7uUUNfblFpn65RUKAuUXagblFc4O5RQ2FuUWohrlFQIi5RdqJuUVzi7lF
DY25RaaOuUVCkLlF2pG5RXOTuUUPlblFppa5RUCYuUXamblFdZu5RQ2duUWonrlFQKC5Rdqh
uUVzo7lFD6W5RaamuUVAqLlF3Km5RXOruUUPrblFqK65RUCwuUXasblFc7O5RQ+1uUWmtrlF
QLi5Rdq5uUV1u7lFDb25Raa+uUVCwLlF3MG5RXPDuUUNxblFpsa5RULIuUXcyblFdcu5RQ3N
uUWmzrlFQtC5RdzRuUV107lFD9W5RabWuUVA2LlF3Nm5RXXbuUUN3blFpt65RUDguUXc4blF
c+O5RQ3luUWo5rlFQui5RdrpuUVz67lFDe25RajuuUVE8LlF2vG5RXfzuUUN9blFqPa5RUD4
uUXc+blFdfu5RQ39uUWm/rlFQgC6RdoBukVzA7pFDQW6RagGukVCCLpF2gm6RXMLukUNDbpF
+A66RUIQukXaEbpFcxO6RQ0VukWmFrpFQhi6RdoZukVzG7pFDR26RaYeukVAILpF3CG6RXUj
ukUNJbpFqCa6RUIoukXcKbpFcyu6RQ0tukWoLrpFQDC6RdoxukVzM7pFDTW6Rag2ukVAOLpF
3Dm6RXM7ukUNPbpFqD66RUBAukXaQbpFc0O6RQ1FukWoRrpFQEi6RdxJukV1S7pFD026RahO
ukVCULpF3FG6RXNTukUNVbpFpla6RUJYukXcWbpFc1u6RQ9dukWmXrpFQGC6RdphukVzY7pF
DWW6RaZmukVAaLpF2mm6RXNrukUNbbpFpm66RUBwukXccbpFc3O6RQ91ukWmdrpFQni6Rdx5
ukVze7pFDX26RaZ+ukVAgLpF2oG6RXODukUNhbpFpoa6RUSIukXaibpFc4u6RQ+NukWojrpF
QJC6RdqRukVzk7pFDZW6RaaWukVCmLpF2pm6RXWbukUNnbpFqJ66RUCgukXaobpFc6O6RQ+l
ukWmprpFQKi6RdypukVzq7pFDa26RSWvukVrsLpF3LG6RXOzukUNtbpFpra6RUC4ukXcubpF
c7u6RQ29ukWovrpFQsC6RdrBukVzw7pFDcW6RabGukVAyLpF2sm6RXPLukUNzbpFps66RULQ
ukXa0bpFc9O6RQ3VukWm1rpFQti6RdzZukV127pFDd26RajeukVA4LpF2uG6RXPjukUN5bpF
pua6RULoukXa6bpFc+u6RQ/tukWm7rpFQPC6RdrxukVz87pFD/W6Rab2ukVA+LpF2vm6RXP7
ukUP/bpFpv66RUIAu0XaAbtFcwO7RQ0Fu0WmBrtFQAi7RdwJu0V1C7tFDw27RaYOu0VAELtF
2hG7RXUTu0UNFbtFpha7RUAYu0XaGbtFdRu7RQ8du0WoHrtFQiC7Rdohu0VzI7tFDSW7RaYm
u0VAKLtF2im7RXMru0UNLbtFqC67RUAwu0XaMbtFdTO7RQ01u0WmNrtFQDi7Rdo5u0VzO7tF
DT27Rag+u0VAQLtF3EG7RXNDu0UPRbtFpka7RUJIu0XaSbtFdUu7RSVNu0UyT7tFdVC7RdxR
u0VzU7tFDVW7RaZWu0VAWLtF2lm7RXNbu0UPXbtFqF67RUBgu0XcYbtFdWO7RQ1lu0WmZrtF
QGi7Rdppu0Vza7tFDW27RaZuu0VCcLtF3HG7RXVzu0UNdbtFpna7RUB4u0XaebtFc3u7RQ99
u0WmfrtF</AssayXData><AssayYData Points="1500">1YufQOKbn0BJtp9Ag4yfQAyen0D6tJ9A9qmfQPC0n0CpnZ9ANK+fQFC6n0D1tZ9AbrGfQHbT
n0Cnwp9Ao7afQI7Fn0Auyp9At9yfQGGwn0COzp9A+MefQLbIn0Dn6p9AH6+fQOjSn0Bww59A
W9+fQBGbn0Aa7Z9Ams+fQDC8n0AEyJ9AZeSfQPXkn0AMsZ9APLKfQMnIn0Deu59AedqfQNrC
n0CbvJ9AEbifQNzAn0BSt59AceqfQNnUn0DmyZ9A+eqfQBj8n0CM7J9Az8WfQGrRn0Ccvp9A
RcefQBnsn0BbxZ9A6c2fQJznn0AK759AzcefQG3wn0ASyZ9A3KafQOTxn0Ba8J9AQeOfQADE
n0BVu59AJNifQKXon0Ah3p9AkcmfQFPVn0Aw8p9AmNufQJ3Vn0DD/59AE92fQOvDn0Bk7J9A
0CKgQH3wn0B/3J9AZd6fQLLPn0A9uZ9AAfefQDHGn0Bhz59AxBOgQL/bn0DWrp9AzNufQN7X
n0B5yp9A9+mfQMven0Dozp9A6safQAHXn0Dg1p9Af9OfQC+5n0B21J9AOt2fQPDqn0Dk259A
/tufQJDqn0Aj8p9AGNOfQA7vn0Dj9Z9A9defQMXpn0Aa659AUd2fQMHSn0AM/Z9At+GfQD7H
n0AL4Z9AT/OfQAfdn0A06p9ADfOfQF0BoEAA/p9AduyfQC/Ln0AL559AO/2fQK3fn0DW1Z9A
J/2fQKTLn0Bq9p9AkMyfQM7kn0CA1p9AKfefQJQOoEC/yJ9Age+fQLrhn0BZ7J9ANwOgQG7h
n0DUBqBAdwigQIf4n0BU5p9A8vGfQP/jn0Ab8Z9AuemfQFoZoEBt+J9A0NKfQHf9n0ApEaBA
COqfQIEboECfCqBAR8SfQM0IoEAi559AiOGfQHfin0Ay259AiOCfQE/in0AtDKBA0QqgQAzn
n0BZ9Z9Ajc+fQOXPn0Av659AVxCgQFXHn0Dp4p9AAPefQEfYn0Bw6p9AAvafQFnrn0BhzZ9A
tOmfQFX5n0C6AqBAnQWgQOLmn0Bi3J9ABASgQEAToEBK7p9AGBCgQKkIoECJCaBAuQmgQGT+
n0Dk9J9ArwSgQHDmn0CX+J9AMv2fQNTQn0BN8J9AgNufQEggoEAK7J9ALu+fQFH0n0B80J9A
TuqfQF4PoEBbIKBAOACgQLvrn0CQB6BA9fqfQBL3n0AL6p9AW/qfQDzin0DL359Art6fQDf6
n0B+EaBAKxygQAD4n0DmBKBAFSigQG/fn0AS/J9AHf+fQAr9n0Aw3p9AQAegQGMVoEBR8J9A
mRCgQE3an0DNFaBASfafQCXmn0Ci659AK/WfQCj1n0B4CaBAig2gQPXVn0Ch7p9AGPOfQPMK
oEAN6Z9A1syfQI0toEAc4Z9AYv+fQO4MoEBnEKBAWu+fQA4QoEAT1p9A4vefQEYToEAsF6BA
hO6fQNQFoEAFDKBA/AWgQMkKoEBiNKBAVwygQB0FoEA3B6BA1v2fQMb+n0D3JaBAW+6fQOj0
n0B79Z9AkQqgQGvjn0Bv2J9APP6fQHXun0Cd259AuSugQNntn0Ct959AWyugQMDvn0CTB6BA
exWgQGsQoECN459Acv2fQHscoEAEAqBA8vSfQCURoEBoBKBAgQqgQNsKoEAI+J9AeBKgQHUJ
oEDd/p9A/fGfQLQCoECdzp9A2AqgQLAIoEBtMKBAmQagQEsUoEDVAKBA2f6fQO0LoEC0SqBA
XA+gQEEmoEAnEKBA2xigQJYDoEAVFaBAwwygQK/2n0DyU6BA9PefQHf8n0BDEqBA3QGgQAsX
oEBtKKBA2wugQNIFoEDTB6BAURugQAIToECa859AcEGgQHkAoEDgEaBAQjGgQMgdoED5+p9A
hyygQEoVoEAKDaBABx2gQIE/oECdBaBAgA+gQPP5n0CTCaBAiiKgQPcsoECgDaBAqPyfQOMl
oEBEPqBAICegQHMloEAbKaBAEgqgQN0SoEC6DqBARRKgQPYxoEDvJqBA/RCgQNceoEBzN6BA
Zw2gQO0noEABJaBAe+2fQIH7n0BNJqBAJSOgQCkmoED7K6BAvyegQHIcoEA4KqBAnz6gQCwM
oEBaHqBAQl6gQHUioEC+F6BAmzWgQHIYoECrD6BAQVSgQFYcoEDXJ6BA8SqgQFBJoEDT8J9A
+QugQF8FoEDKD6BAWR6gQPoDoEA/CKBAtT2gQBtKoEAUEKBAsgGgQOUnoEC19Z9ALwegQLBK
oEDiLaBABxagQHUnoEC8XaBAuSSgQKQwoEC3H6BAVDGgQI8eoEDpFKBAeCKgQOAloEBOPKBA
XgGgQDYaoEBaNqBAXUigQEQwoECcN6BAax2gQGwqoEB1OqBANS6gQOv5n0AJLqBAKz+gQL02
oECDGKBAyjWgQFknoEDzOKBAKkegQCYqoEDVLKBAKEagQGEboECOA6BAez6gQGVXoEDYFqBA
YWigQI4aoECBI6BAeTygQDg3oECFGaBAIRqgQCdDoEAyLqBArymgQGFFoEBX959A+fifQHBL
oEDMDKBAqUWgQO8voEAmR6BAxTSgQHs6oEDoIKBAphCgQAA1oEDMM6BAlCKgQCQtoEDzXqBA
SUqgQA0moEClQaBA3zygQCkloEDXOqBA4TagQAkooEBeNaBA1UegQIs7oEDtJqBAVkOgQNQM
oEBzQ6BA/i6gQFIioECBWKBAyGGgQPBDoEAhB6BA/GugQMlcoEDQEKBAWDygQK4yoECVNqBA
LTCgQIIooEDJGqBAPV2gQKgQoEDKMqBAAkegQPdhoECASqBA6zCgQKhcoEDEYqBAEDygQGZD
oECHQ6BAml2gQOBPoEDjYKBAWzagQNc8oECqO6BAUhygQNsRoEBqSKBALSSgQFkwoEB0IKBA
0UCgQFhUoEA5QaBA1DegQJcxoEBbV6BACVWgQAgyoEAdOqBAv2OgQB04oEB9PaBAFUSgQLRJ
oEDeNqBAPFSgQPIwoEDbRaBAfkugQIJPoEBuNKBA1lagQDYjoECrO6BAlk2gQH8doEB6SqBA
EVGgQJdcoEAnVqBAnl2gQABHoEAROqBAjEagQDJsoEDsRKBAPTagQNtgoEBKR6BAc0KgQM1b
oECsU6BArj2gQAlOoECPSqBAwjugQBlRoEDhYKBAoDKgQJdCoEBQZaBACDygQDgooEBeaaBA
bjKgQIxCoECuZqBAVV2gQDU6oECLXqBAOGWgQP5AoEDTV6BA1nSgQHlEoEB+OqBAt0ygQExx
oEAKN6BAEjigQPtioEBsSqBA3TigQOIzoECxRKBAVWWgQPdIoEDMV6BAGlWgQL5toEA3TqBA
SS6gQDhToEB7ZKBA4j+gQM9IoEBLWaBAzU6gQNJ8oEC/aqBAjk+gQHlPoED3ZqBA8TugQBhX
oEDCUaBA6VagQIZCoEA9cKBAiGCgQAJAoEBtX6BAi1KgQLtLoEDaaKBAXSSgQOdKoEA0cKBA
cGugQOFOoEDYJqBA4G2gQKNNoEBnUaBAYUagQFVhoEBBSqBAAWigQDVLoEAETqBAOFygQEl4
oEDFbKBAB2WgQKFkoEBqdaBAsVagQLR8oEBeMqBAJmagQGxwoEAcQ6BAL1+gQPxpoEA9UaBA
TUqgQGl3oEBhRKBAh3CgQEF2oEBaf6BAzGegQH1PoEAXcaBAXVSgQM5foECxU6BAJEmgQMZb
oEDip6BAHTygQBtnoEA+caBAE1OgQEQ7oEAmcKBAJoCgQDRfoEDfe6BAdD6gQDZgoEAscqBA
t26gQFxWoEC3ZaBAZ3GgQIVYoEBYgaBAymGgQHNvoED1j6BAcWSgQKl+oECxNKBArnegQNN6
oECZVKBAa2KgQIlyoECjRKBAijmgQF1yoEDaVKBAZFagQMOsoEAddaBASmegQFp/oEDpYqBA
7nKgQMCcoECUdaBAe0ygQFFyoEBIiaBADIOgQMJQoEC3Z6BA62OgQIt5oECEgqBAt1igQMFu
oEDGbaBAv2CgQHxooEBMgKBA84GgQIdKoEBwdaBAJ1OgQBdPoECZcqBAv4igQNtaoECdcKBA
sIegQAlboED9hqBAH0ugQBxcoEDWWqBA82GgQNVXoEBFcqBAq3ygQIpkoEALW6BAWLmgQA9V
oEB9b6BAgXOgQF+DoEAweqBAQ5igQCKSoECuXaBAkmigQESWoECcfqBAl1egQPCAoECDeaBA
1YWgQHlyoEDGcKBAuHqgQCJaoEC4kqBAqFugQJxmoEC3iqBAKGagQAeLoEC6n6BAOoygQLBc
oEBghqBAB2KgQPdsoECqWKBATnagQHxZoEAEeqBAaIKgQFCAoECjaKBAwYygQLt1oEAQeaBA
X3igQI18oEBQg6BAdXagQFx1oEB1aaBAlX6gQLV0oEAueqBAAG6gQHBsoEACa6BA51egQCyE
oEDbOaBA12ugQIlzoEBRc6BAG3agQMSGoEBcgaBAtm+gQK6HoEDEnKBAloGgQJVyoEDpfqBA
v4igQAxsoEBcoKBAdXKgQFFqoEDYkKBA03ugQDR5oEDelaBAx2OgQJWVoEA6paBAY4GgQGiJ
oEDQnaBAPZSgQAB3oECLo6BAW5ygQD98oEA2fKBAt7ugQHOHoEAHmqBAa5OgQFiBoECifKBA
NpKgQI6poEDTf6BAEp2gQGNkoEBrkaBAZn2gQOC9oEDCV6BAPIKgQCKAoEDTiaBAXYigQPqt
oECdZqBAXH2gQOdioEDeh6BAP4KgQNiCoEBloKBAzXugQLWEoEAHoaBAEY2gQHR9oEAyjqBA
K4qgQOaPoECtpaBAXpWgQMRpoEDJiqBAI4OgQNaIoEBRkaBA5ZCgQIWHoEDFgqBA35GgQIBl
oEA9paBAeZGgQOydoEAaf6BAJpWgQA+UoEBshaBAMKOgQDKQoEB4j6BAX7+gQD2poEClf6BA
9LGgQOCZoEACg6BA54ygQOWzoEDIdqBA3nWgQOyfoEAykaBA+ZugQCmooEB6xqBAf62gQKZq
oEAnqqBAzHagQHvJoECimqBALqOgQIaKoED1mqBAI5ygQOiNoECboaBA/5mgQAudoEBnnqBA
eHSgQEiSoEAnsKBAyY6gQP7DoEB5tqBAspugQA6CoECRlaBAyJSgQJ96oECXpaBAWYagQB96
oEDZiqBAYpKgQAyQoEAxkaBANcygQC2MoECrhaBAhKygQMGkoEAusaBAarSgQAuToEDSv6BA
v6KgQMuPoEDglaBAL5CgQD6moECQYKBAFHygQHOsoEBZkaBAsIegQOiyoEAuq6BA3HSgQJSc
oECqsaBAXJagQFeeoEBAmqBAJ5KgQMzOoEANjaBAFqegQOSwoECox6BA0LCgQL/UoEBvtKBA
OJ+gQPh/oEARtKBAwo+gQEqIoED0uKBA23WgQCqvoEAanKBAbL2gQHGZoECLZ6BAseSgQGya
oECcq6BA8bGgQDK+oED+nKBAOJqgQPCVoECNqaBANJKgQECnoEAdkqBAzLegQNOYoEBUl6BA
Ia+gQGDPoEB4mqBAi6agQDjGoEAJraBA2sCgQBmyoECgw6BA17WgQHCeoEAwu6BAIK6gQIeT
oEAepKBAPp6gQLWioEDZxqBAqbmgQLuwoEDHrqBAV86gQMDGoEDfraBAGqSgQGiuoEBKt6BA
8aKgQEicoEDepKBAUcWgQNeLoEBo26BA9sygQM3QoECTnKBA6segQLiwoECbxKBASdWgQKST
oEBgpqBA9LOgQNGdoEAoyqBA1t6gQMGfoEAigaBAZ8ugQEquoED8hqBA772gQFTJoEBCwKBA
7b+gQGWxoEBVoaBAo7GgQLHcoEBmmaBA56OgQOyzoEDlr6BAC6ygQJ7QoEB5taBAAqqgQBfC
oECZuaBAPrGgQETMoECYxqBAQrSgQOKgoEB7zKBATKOgQNvFoEB01KBAWrGgQLqtoEBQvKBA
HrigQFy+oEB1zaBAzb+gQE+ZoEAmtaBAxuKgQHbCoEBas6BAGNmgQLqgoEC7mqBAF9CgQGfQ
oECDp6BAZcqgQIW+oEC0vqBAhc2gQA+roEAg06BAFdKgQKjMoEBas6BAhKqgQA/noEDuxKBA
ibWgQFrQoEDsvqBA9MygQKPXoECcqaBAnMOgQPzLoEAGtaBAaaCgQIquoECgyaBA67GgQGfi
oEAr6KBAr8KgQM3DoEBw0KBAYrKgQNvSoEChx6BAr7egQKW1oEA3waBAX+igQN/YoED80KBA
y96gQIGhoEAH8aBA6NmgQD++oEBqx6BAfsGgQJjeoEB0x6BAOZugQEy2oEDZoKBAOsWgQFDj
oEAms6BAYvigQPjPoECa0KBAh9egQJ/woEBbxaBAeMigQPLhoEA6qqBAa+KgQJrboEDU0aBA
QcugQGbSoEBUzKBA3OKgQA2zoEAC4KBAW8ugQKbJoED43aBAJLugQJ7WoED2t6BALs+gQEbQ
oEDH66BAwLmgQKrnoEBQraBAk9egQJuwoEA88aBATNSgQH3qoED0uqBAwdCgQF2koEDt2qBA
1L2gQCXMoEBp36BAxtGgQOXWoEBsp6BAO+SgQNHFoEC00KBAD+KgQIG8oEAd06BAc+igQIbN
oEAG2KBAE/qgQH/1oECW2qBAjMKgQLv/oECxv6BAbsWgQGn1oEC/yKBANcGgQFnPoEAH6aBA
vaagQPProEAs26BAl6ugQHDRoECS36BAyb6gQCPHoECyzaBAydigQG/QoEDZ7qBAc/GgQNG2
oED1zqBApaegQK7LoEASzaBAGAOhQIHHoEB1u6BA+PWgQFW/oEA35KBAJd2gQJ/OoEBU3KBA
i+WgQLzWoEDAtKBAyNygQObsoEAMsKBAbuagQPEOoUDI1KBA5NigQIrPoEB4v6BApOegQMTZ
oEBI26BA2digQIL6oEAq6aBAmbqgQP71oED41aBAK8ygQMXfoEBk5KBADcygQBHwoECW1qBA
PNKgQJr+oEBS4qBAENugQJDmoEA19aBAPNqgQPjooEAw66BAFOOgQAPOoEBB66BAkuCgQETI
oEC+/qBAerGgQHbqoEBV56BAi+mgQOrsoEAH86BARQahQLfQoEBl8aBAk+WgQJfkoEDn06BA
Tu+gQLXRoECP/KBACe6gQBPdoEC40qBAgeugQG/boED6vaBAG+SgQGryoEA9yKBAJOigQFr/
oECaz6BAg8igQB4goUD386BAsc2gQG7poECDw6BAicugQMn1oECD66BA6uugQJfgoEDC56BA
7d2gQCfxoEArCqFA0sqgQGr0oEDp3qBAduygQJPWoEB9C6FAWvmgQPYMoUA2CqFAKgGhQHbt
oED+16BAb/2gQO7MoEAY86BAnfqgQHi6oEAm9qBAfPigQC3coEC+5KBA5fmgQOXdoEBn6qBA
iuygQJX4oEAhBaFA9vqgQFLWoEBixqBAWO6gQM4ioUBF5KBAwAChQHf4oEAG6KBA6AKhQJzb
oEBoC6FAZyShQNsJoUB72qBAo+mgQHr/oEBRBqFA0BChQGr8oECd4aBAtNegQK/yoEB7B6FA
3AGhQH7UoEAawqBAqxuhQNrToECR+aBAvfqgQCfMoEBQ76BAQRahQK7YoEAm8aBAuwChQLnB
oEA49qBA6CKhQOLnoEAq66BAafOgQOH5oECTLKFAi/OgQETzoEDz16BAlg2hQBEHoUDL/KBA
a/ygQOfjoEC9AaFAytmgQKPooEAiAqFACt2gQBkcoUC35aBAiw6hQCwIoUBJ6KBAMQChQIsK
oUD856BAoA+hQFThoEBz5qBAavygQIgboUDm3aBAuAKhQBMGoUCKD6FANeygQHEVoUCi76BA
GfygQDAToUAhD6FAkhOhQOzxoEBBLqFAPuygQPQAoUDP+qBAW/igQFAooUDFGaFAxQChQODR
oECKMaFA7iWhQB4JoUCrAqFAFRGhQHH5oEBeLaFAzAmhQHMVoUAW/KBAYQGhQFIOoUDI4KBA
pPSgQHsYoUBe+KBARyqhQKHpoEDm3KBAdgehQB4toUDM66BAMfWgQIIYoUCUAaFAJQShQJX/
oEAYEaFA</AssayYData></Step><Step><CommonData><SampleLocation>5</SampleLocation><SampleID>Glycine</SampleID><SampleGroup></SampleGroup><SampleInfo></SampleInfo><SampleRow>F</SampleRow><SamplePlate>1</SamplePlate><WellType>REGENERATION</WellType><Concentration>-1</Concentration><ConcentrationUnits>µg/ml</ConcentrationUnits><MolarConcentration>-1</MolarConcentration><MolarConcUnits>nM</MolarConcUnits><MolecularWeight>0</MolecularWeight><Temperature>30</Temperature><StartTime>6804189</StartTime><AssayTime>5</AssayTime></CommonData><FlowRate>1000</FlowRate><StepType>KREGENERATION</StepType><StepName>Regeneration</StepName><StepStatus>OK</StepStatus><ActualTime>5.00078</ActualTime><CycleTime>0.2</CycleTime><AssayXData Points="25">QIC7RdqBu0V1g7tFD4W7RaaGu0VAiLtF3om7RXOLu0UNjbtFpo67RUKQu0XakbtFc5O7RQ+V
u0WmlrtFQpi7RdqZu0V1m7tFDZ27Raieu0VAoLtF2qG7RXOju0UNpbtFqKa7RQ==</AssayXData><AssayYData Points="25">bja+P5dMtD+PFa8/h+OrP6XQqT9as6c/2+qjPwu7oT+N8p4/RfSbP++vmT9D+5c/HjKVPwUD
kz/Bz5E/I6+PPzOTjT/Dgow/3MuKP4driT/LaYg/MTiGP7o2hT/5pIQ/fc2DPw==</AssayYData></Step><Step><CommonData><SampleLocation>6</SampleLocation><SampleID>PBS</SampleID><SampleGroup></SampleGroup><SampleInfo></SampleInfo><SampleRow>F</SampleRow><SamplePlate>1</SamplePlate><WellType>NEUTRALIZATION</WellType><Concentration>-1</Concentration><ConcentrationUnits>µg/ml</ConcentrationUnits><MolarConcentration>-1</MolarConcentration><MolarConcUnits>nM</MolarConcUnits><MolecularWeight>0</MolecularWeight><Temperature>30</Temperature><StartTime>6817286</StartTime><AssayTime>5</AssayTime></CommonData><FlowRate>1000</FlowRate><StepType>KREGENERATION</StepType><StepName>Regeneration</StepName><StepStatus>OK</StepStatus><ActualTime>4.9998</ActualTime><CycleTime>0.2</CycleTime><AssayXData Points="25">Qqi7Rdypu0V1q7tFD627Raiuu0VCsLtF3LG7RXWzu0URtbtFqra7RUS4u0XeubtFdbu7RRG9
u0WqvrtFQsC7RdzBu0V1w7tFD8W7RajGu0VCyLtF3sm7RXfLu0UPzbtFqM67RQ==</AssayXData><AssayYData Points="25">pBKPQCCWj0CA8o9AIIKQQO6XkEDw5JBAYD+RQLFnkUAnw5FAC7uRQBfRkUCqGJJAcgKSQO8s
kkDdYJJA33ySQF5gkkCtoZJAMpOSQC7CkkA7u5JAlOuSQJkJk0DI35JAuiiTQA==</AssayYData></Step><Step><CommonData><SampleLocation>5</SampleLocation><SampleID>Glycine</SampleID><SampleGroup></SampleGroup><SampleInfo></SampleInfo><SampleRow>F</SampleRow><SamplePlate>1</SamplePlate><WellType>REGENERATION</WellType><Concentration>-1</Concentration><ConcentrationUnits>µg/ml</ConcentrationUnits><MolarConcentration>-1</MolarConcentration><MolarConcUnits>nM</MolarConcUnits><MolecularWeight>0</MolecularWeight><Temperature>30</Temperature><StartTime>6830375</StartTime><AssayTime>5</AssayTime></CommonData><FlowRate>1000</FlowRate><StepType>KREGENERATION</StepType><StepName>Regeneration</StepName><StepStatus>OK</StepStatus><ActualTime>4.9998</ActualTime><CycleTime>0.2</CycleTime><AssayXData Points="25">QtC7RdzRu0V107tFD9W7RajWu0VE2LtF3Nm7RXXbu0UP3btFqN67RULgu0Xc4btFd+O7RQ/l
u0Wq5rtFQui7Rdzpu0V367tFD+27Rajuu0VC8LtF3PG7RXXzu0UR9btFqPa7RQ==</AssayXData><AssayYData Points="25">9KydP40NlD+Qc48/65uLP2HliD/YSYc/n3qFP4gqhD8yloI/2+aBP5ScgD+rsH4/cZR7PySf
ej8IYnk/YQp4Pz+AdD8ctXQ/6zxzP1o5cj89kXE/9RVwP8PHbT92vG4/DHltPw==</AssayYData></Step><Step><CommonData><SampleLocation>6</SampleLocation><SampleID>PBS</SampleID><SampleGroup></SampleGroup><SampleInfo></SampleInfo><SampleRow>F</SampleRow><SamplePlate>1</SamplePlate><WellType>NEUTRALIZATION</WellType><Concentration>-1</Concentration><ConcentrationUnits>µg/ml</ConcentrationUnits><MolarConcentration>-1</MolarConcentration><MolarConcUnits>nM</MolarConcUnits><MolecularWeight>0</MolecularWeight><Temperature>30</Temperature><StartTime>6843471</StartTime><AssayTime>5</AssayTime></CommonData><FlowRate>1000</FlowRate><StepType>KREGENERATION</StepType><StepName>Regeneration</StepName><StepStatus>OK</StepStatus><ActualTime>5.00078</ActualTime><CycleTime>0.2</CycleTime><AssayXData Points="25">Qvi7Rdz5u0V1+7tFD/27Raj+u0VCALxF3AG8RXUDvEUPBbxFqAa8RUQIvEXeCbxFdQu8RQ8N
vEWoDrxFRBC8Rd4RvEV1E7xFExW8RagWvEVCGLxF3Bm8RXUbvEUPHbxFqh68RQ==</AssayXData><AssayYData Points="25">IFuOQLnUjkAnfo9Aa9WPQB4tkEDNRZBAk46QQDHxkEAx7pBAby2RQLZxkUBsfJFAiqqRQL/c
kUDDEJJALwaSQLD2kUBUCZJA9zmSQMhGkkB8ZZJADmqSQDKCkkANjZJAMaWSQA==</AssayYData></Step><Step><CommonData><SampleLocation>5</SampleLocation><SampleID>Glycine</SampleID><SampleGroup></SampleGroup><SampleInfo></SampleInfo><SampleRow>F</SampleRow><SamplePlate>1</SamplePlate><WellType>REGENERATION</WellType><Concentration>-1</Concentration><ConcentrationUnits>µg/ml</ConcentrationUnits><MolarConcentration>-1</MolarConcentration><MolarConcUnits>nM</MolarConcUnits><MolecularWeight>0</MolecularWeight><Temperature>30</Temperature><StartTime>6856553</StartTime><AssayTime>5</AssayTime></CommonData><FlowRate>1000</FlowRate><StepType>KREGENERATION</StepType><StepName>Regeneration</StepName><StepStatus>OK</StepStatus><ActualTime>5.00078</ActualTime><CycleTime>0.2</CycleTime><AssayXData Points="25">RCC8Rd4hvEV5I7xFEyW8RaomvEVGKLxF4Cm8RXcrvEUTLbxFqi68RUYwvEXeMbxFdzO8RRE1
vEWqNrxFRDi8Rd45vEV5O7xFET28Rao+vEVEQLxF4EG8RXlDvEURRbxFrEa8RQ==</AssayXData><AssayYData Points="25">hGuWP+cUjz+djYo/TYuHP13KhT9bwYM/jvWBP4/pgD9w4n4/YSJ+P3Bdez8HWXk/tw55P507
dj/NYnU/G1N1PwJncz8c3HE/1glyP17Ybj/Ke24/lJxuP8JmbT81bGw/fwVtPw==</AssayYData></Step><Step><CommonData><SampleLocation>6</SampleLocation><SampleID>PBS</SampleID><SampleGroup></SampleGroup><SampleInfo></SampleInfo><SampleRow>F</SampleRow><SamplePlate>1</SamplePlate><WellType>NEUTRALIZATION</WellType><Concentration>-1</Concentration><ConcentrationUnits>µg/ml</ConcentrationUnits><MolarConcentration>-1</MolarConcentration><MolarConcUnits>nM</MolarConcUnits><MolecularWeight>0</MolecularWeight><Temperature>30</Temperature><StartTime>6869661</StartTime><AssayTime>5</AssayTime></CommonData><FlowRate>1000</FlowRate><StepType>KREGENERATION</StepType><StepName>Regeneration</StepName><StepStatus>OK</StepStatus><ActualTime>4.9998</ActualTime><CycleTime>0.2</CycleTime><AssayXData Points="25">Rki8ReJJvEV5S7xFE028RaxOvEVIULxF4FG8RXlTvEUVVbxFrla8RUZYvEXgWbxFe1u8RRNd
vEWsXrxFSGC8ReBhvEV5Y7xFFWW8Ra5mvEVIaLxF4mm8RXlrvEUVbbxFrG68RQ==</AssayXData><AssayYData Points="25">/OWOQMiPj0BpMJBAd1aQQHHYkEBrA5FAj02RQNiBkUCitZFAyPGRQEEekkDSipJAY4CSQNBu
kkCyhpJAxbSSQGHbkkAcxJJAYB+TQNUbk0BvD5NAmDKTQKs4k0CWI5NAz2eTQA==</AssayYData></Step><Step><CommonData><SampleLocation>1</SampleLocation><SampleID>Octet Buffer</SampleID><SampleGroup></SampleGroup><SampleInfo></SampleInfo><SampleRow>E</SampleRow><SamplePlate>1</SamplePlate><WellType>BUFFER</WellType><Concentration>-1</Concentration><ConcentrationUnits>µg/ml</ConcentrationUnits><MolarConcentration>-1</MolarConcentration><MolarConcUnits>nM</MolarConcUnits><MolecularWeight>0</MolecularWeight><Temperature>30</Temperature><StartTime>6883918</StartTime><AssayTime>20</AssayTime></CommonData><FlowRate>1000</FlowRate><StepType>CUSTOM</StepType><StepName>Sensor Check</StepName><StepStatus>OK</StepStatus><ActualTime>19.9998</ActualTime><CycleTime>0.2</CycleTime><AssayXData Points="100">RnC8ReBxvEV7c7xFE3W8Rax2vEVGeLxF4nm8RXt7vEUTfbxFrH68RUaAvEXggbxFe4O8RROF
vEWshrxFRoi8ReKJvEV5i7xFFY28Ra6OvEVIkLxF4pG8RXuTvEUVlbxFrJa8RfaYvEU6mrxF
fZu8RROdvEWsnrxFRqC8ReKhvEV5o7xFFaW8RaymvEVGqLxF4Km8RXmrvEUVrbxFrK68RUiw
vEXgsbxFe7O8RRO1vEWutrxFRri8ReC5vEV5u7xFFb28Ray+vEVGwLxF4sG8RXnDvEUTxbxF
rMa8RUjIvEXiybxFecu8RRXNvEWszrxFRtC8ReLRvEV507xFE9W8Ra7WvEVG2LxF4tm8RXvb
vEUT3bxFrN68RUjgvEXg4bxFe+O8RRPlvEWu5rxFRui8ReLpvEV767xFE+28Ra7uvEVI8LxF
6vG8RXnzvEUT9bxFrPa8RUb4vEXg+bxFefu8RRP9vEWs/rxFRgC9ReIBvUV7A71FEwW9Ra4G
vUVICL1F4gm9RXkLvUUTDb1FrA69RQ==</AssayXData><AssayYData Points="100">L5GNQHazi0Dab4pAKpuJQAIpiUBs7ohAQJCIQF2YiECKj4hAYGuIQIGqiED9fohAp66IQPW2
iECt8IhAK+GIQODqiECOH4lAFhmJQGQUiUCVPYlALziJQF4yiUBhbolAJXKJQChkiUDycIlA
F7uJQDR8iUDetYlA0aeJQJy/iUBpzIlAoL6JQHP/iUDe5olA9QWKQFYEikCzxolAJDCKQKUK
ikBD8IlAUz+KQD5dikBtLIpAfzuKQGxOikDzLIpArVOKQDlXikDZYYpAGTuKQItlikAGj4pA
1HuKQNWCikCzsYpAV62KQPaGikCkfIpAF3iKQPOfikBmoYpAtJWKQIODikA41IpAmrCKQMaB
ikDLoIpAJ8SKQMzLikAbAItAGaaKQGLTikA+0opAiuuKQBfNikBaBYtAZ8qKQJbPikAH24pA
4w6LQG7sikCw8IpAnheLQC0Ii0CG+YpA1jCLQOcwi0DUDYtA+SOLQO4Ai0ClG4tAYQ2LQLxA
i0BWLItA8ieLQPZvi0DyMYtA3j6LQA==</AssayYData></Step><Step><CommonData><SampleLocation>21</SampleLocation><SampleID>SI-157X49_P5563</SampleID><SampleGroup></SampleGroup><SampleInfo></SampleInfo><SampleRow>E</SampleRow><SamplePlate>1</SamplePlate><WellType>KLOAD</WellType><Concentration>5</Concentration><ConcentrationUnits>µg/ml</ConcentrationUnits><MolarConcentration>5000</MolarConcentration><MolarConcUnits>nM</MolarConcUnits><MolecularWeight>0</MolecularWeight><Temperature>30</Temperature><StartTime>6915842</StartTime><AssayTime>120</AssayTime></CommonData><FlowRate>1000</FlowRate><StepType>LOADING</StepType><StepName>Loading</StepName><StepStatus>OK</StepStatus><ActualTime>120</ActualTime><CycleTime>0.2</CycleTime><AssayXData Points="600">RhC9ReIRvUV5E71FExW9Ra4WvUVGGL1F4Bm9RXsbvUUTHb1FrB69RUggvUXgIb1FeSO9RRUl
vUWsJr1FSCi9ReIpvUV7K71FEy29RawuvUVGML1F4jG9RXkzvUUTNb1Frja9RUY4vUXiOb1F
ezu9RRM9vUWsPr1FSEC9ReBBvUV5Q71FE0W9RaxGvUVGSL1F4Em9RXlLvUUTTb1FsE69RUZQ
vUXgUb1FeVO9RRVVvUWuVr1FSFi9ReBZvUV5W71FFV29RaxevUVGYL1F4GG9RXtjvUUVZb1F
rGa9RUZovUXgab1Fe2u9RRNtvUWsbr1FRnC9ReBxvUV7c71FFXW9Ra52vUVGeL1F4Hm9RXt7
vUUTfb1FrH69RUaAvUXggb1FeYO9RROFvUWshr1FRoi9ReKJvUV5i71FE429RayOvUVGkL1F
4JG9RXmTvUUVlb1FrJa9RUiYvUXgmb1Fe5u9RROdvUWsnr1FRqC9ReKhvUV5o71FE6W9Raym
vUVGqL1F4qm9RXmrvUUTrb1FrK69RUawvUXgsb1FebO9RRO1vUWstr1FRri9ReK5vUV5u71F
Fb29Ray+vUVIwL1F4MG9RXnDvUUTxb1Frsa9RUbIvUXgyb1Fe8u9RRPNvUWszr1FRtC9ReDR
vUV7071FFdW9Ra7WvUVI2L1F4Nm9RXnbvUUT3b1Frt69RUbgvUXg4b1Fe+O9RRPlvUWs5r1F
SOi9ReDpvUV7671FFe29RazuvUVI8L1F4vG9RXvzvUUT9b1Frva9RUj4vUXg+b1Fefu9RRP9
vUWu/r1FRgC+ReABvkV7A75FEwW+RawGvkVICL5F4Am+RXkLvkUTDb5FrA6+RUYQvkXgEb5F
eRO+RRUVvkWuFr5FRhi+ReIZvkV7G75FEx2+RawevkVGIL5F4iG+RXkjvkUTJb5FrCa+RUgo
vkXgKb5FeSu+RRMtvkWsLr5FSDC+ReAxvkV7M75FFTW+Ra42vkVGOL5F4Dm+RXk7vkUTPb5F
rD6+RUZAvkXgQb5FeUO+RRVFvkWsRr5FSki+ReBJvkV5S75FFU2+RaxOvkVGUL5F4lG+RXlT
vkUVVb5FrFa+RUhYvkXiWb5Fe1u+RRNdvkWuXr5FRmC+ReBhvkV5Y75FE2W+Ra5mvkVGaL5F
4mm+RXlrvkUTbb5Frm6+RUhwvkXicb5Fe3O+RRN1vkWudr5FRni+ReJ5vkV5e75FE32+Rax+
vkVGgL5F4IG+RXmDvkUVhb5FrIa+RUaIvkXiib5FeYu+RRWNvkWsjr5FSJC+ReCRvkV7k75F
E5W+RayWvkVImL5F4Jm+RbCbvkUTnb5Frp6+RUagvkXiob5FeaO+RROlvkWupr5FRqi+ReCp
vkV5q75FFa2+Ra6uvkVGsL5F4LG+RXuzvkUTtb5FrLa+RUa4vkXiub5Febu+RRO9vkWuvr5F
RsC+ReDBvkV7w75FFcW+RazGvkVIyL5F4sm+RXvLvkUTzb5FrM6+RUbQvkXg0b5FedO+RRPV
vkWs1r5FRti+ReDZvkV5275FFd2+Ra7evkVI4L5F4OG+RXnjvkUT5b5Frua+RUjovkXg6b5F
eeu+RRPtvkWu7r5FSPC+ReLxvkV5875FFfW+Raz2vkVI+L5F4Pm+RXv7vkUV/b5FrP6+RUYA
v0XiAb9FeQO/RRMFv0WuBr9FRgi/ReIJv0V5C79FFQ2/Ra4Ov0VIEL9F4BG/RXsTv0UVFb9F
rBa/RUYYv0XiGb9FeRu/RRUdv0WsHr9FRiC/ReIhv0V5I79FFSW/Rawmv0VGKL9F4Cm/RXkr
v0UTLb9FrC6/RUgwv0XgMb9FezO/RRU1v0WuNr9FRji/ReA5v0V5O79FEz2/Raw+v0VGQL9F
4EG/RXlDv0UTRb9FrEa/RUZIv0XgSb9Fe0u/RRVNv0WsTr9FRlC/ReBRv0V7U79FE1W/RaxW
v0VGWL9F4Fm/RXlbv0UTXb9FrF6/RUZgv0XgYb9FeWO/RRVlv0WsZr9FSGi/ReBpv0V5a79F
E22/Raxuv0VGcL9F4nG/RXlzv0UVdb9Frna/RUZ4v0Xgeb9Fe3u/RRN9v0Wufr9FSIC/ReCB
v0V7g79FFYW/RayGv0VGiL9F4Im/RXuLv0UTjb9Fro6/RUaQv0Xgkb9FeZO/RROVv0Wulr9F
Rpi/ReCZv0V5m79FE52/Rayev0VIoL9F4KG/RXujv0UTpb9FrKa/RUaov0Xiqb9Fe6u/RROt
v0Wurr9FRrC/ReKxv0V5s79FE7W/Ray2v0VGuL9F4rm/RXm7v0UVvb9FrL6/RUbAv0Xgwb9F
ecO/RRPFv0Wsxr9FRsi/ReDJv0V5y79FE82/RazOv0VG0L9F4NG/RXnTv0UT1b9FrNa/RUbY
v0Xg2b9Fe9u/RRPdv0Wu3r9FRuC/ReDhv0V5479FE+W/Ra7mv0VI6L9F4um/RXvrv0UV7b9F
rO6/RUbwv0Xi8b9Fe/O/RRP1v0Wu9r9FRvi/ReL5v0V7+79FE/2/Raz+v0VGAMBF4gHARXsD
wEUTBcBFrAbARUgIwEXgCcBFeQvARRMNwEWsDsBFRhDAReARwEV5E8BFExXARawWwEVIGMBF
4BnARXkbwEUVHcBFrB7ARUggwEXiIcBFeSPARRMlwEWuJsBFSCjAReApwEV5K8BFEy3ARawu
wEVGMMBF4DHARXkzwEUTNcBFrDbARUg4wEXgOcBFeTvARRM9wEWsPsBFRkDAReBBwEV5Q8BF
FUXARaxGwEVISMBF4knARXlLwEUTTcBFrE7ARUZQwEXgUcBFe1PARRVVwEWsVsBFRljAReJZ
wEV5W8BFE13ARa5ewEVGYMBF4GHARXtjwEUTZcBFrmbARUhowEXiacBFeWvARRVtwEWsbsBF
SHDAReBxwEV5c8BFFXXARax2wEVIeMBF4HnARXl7wEV/fcBFw37ARUaAwEXigcBFe4PARROF
wEWshsBFSIjAReCJwEV7i8BFE43ARayOwEVIkMBF4pHARXuTwEUVlcBFrJbARUiYwEXimcBF
eZvARROdwEWsnsBFRqDAReChwEV5o8BFE6XARaymwEVGqMBF4qnARXurwEUTrcBFrK7ARUiw
wEXiscBFebPARRO1wEWstsBFSLjAReK5wEV5u8BFE73ARay+wEVGwMBF4MHARXnDwEUTxcBF
rMbARUbIwEXgycBFecvARRPNwEWszsBF</AssayXData><AssayYData Points="600">nHOKQGO/ikBlBYtAiQGLQOxTi0DId4tAyJSLQBnHi0DXrItAKP2LQA0WjEByEoxAlzmMQL1N
jEDAmIxAiKmMQKPAjEAJ64xAoO2MQLoOjUCZNo1AITyNQCU/jUDZf41AuZONQCp6jUAfvY1A
97iNQHbsjUAjHo5AlSmOQHApjkAJNI5AOVqOQDesjkDZY45Aeq+OQFbMjkBV3I5Az+2OQJkk
j0DgJ49AMTyPQE9mj0DebI9A73yPQHScj0A1o49AjciPQJ4LkEBl+Y9A9OiPQHgKkEBvLZBA
zDGQQIp3kEA9fJBAD2mQQKWpkEBltZBAMbeQQELjkEAH3ZBAHRKRQBILkUAzVJFAl2yRQL5W
kUCTgJFAV2yRQP2EkUAC4ZFANeeRQGXekUDV0ZFAWReSQGgWkkBLQJJAi2mSQEAkkkCTUpJA
oYySQIqPkkDkuZJAZMCSQJHTkkAf3ZJAe86SQCoDk0BhG5NAczmTQHUwk0DDYJNA9FiTQCGf
k0D6XpNAXpCTQBFwk0DQspNATt6TQEyuk0Cd2JNAWt2TQA4YlEDQSJRAGimUQJpIlEBbV5RA
x12UQHR3lEBBq5RAM3uUQOqSlEDmrJRAqtWUQPXblEANIZVAEuKUQNPolED2KpVAoSSVQCAE
lUDmXJVAo02VQMV4lUDrhpVAgJqVQAF4lUBcm5VAm6aVQPPJlUAc3pVAhdSVQJ/flUA085VA
ZACWQOAZlkCpIZZAk0qWQFo7lkDnM5ZAMHyWQCdylkAzjpZAn4mWQCWklkCpspZAz5uWQIvn
lkBAz5ZAfb6WQJv0lkB74pZAyAGXQHv+lkACDZdADzmXQOA9l0CIPZdAWDyXQKBdl0BlaJdA
MluXQKGVl0CBnZdA0HqXQNW2l0CHzZdAmsuXQNDCl0BGAJhA3vGXQHXcl0AXJ5hA0ACYQKEB
mECKH5hAnTaYQK00mEAoVJhAVUGYQD03mEBGcZhAEF2YQMt8mEAqfZhAwLmYQIujmEAhmJhA
SbKYQCilmED35ZhARNaYQELDmEB9/phAGQGZQLr/mECXIZlAavGYQEQ8mUA1PJlAiVqZQLtL
mUDXT5lAKlOZQEeHmUA+W5lAmXGZQOuemUC1pplA84OZQKSrmUCXqplAcJuZQBPFmUCk2ZlA
bcuZQOPsmUDvEppAbPmZQL/nmUCKE5pANDmaQA3tmUAJHZpAgxqaQCIxmkAJYJpAflKaQGk5
mkBAZJpA3UyaQJB/mkCPdZpAxGeaQNNzmkDLj5pA+JSaQJGNmkAAv5pApcCaQEunmkBtrZpA
c9GaQOfUmkCE25pA++2aQBPqmkBu8ZpAWw2bQGcam0CKM5tA0/SaQKQ5m0ApNJtAXwGbQOIk
m0CBRptAEkSbQMBtm0DDQZtAClebQOCGm0BZl5tA2VubQOuCm0D6fJtADqKbQPCFm0BNn5tA
35ubQNTKm0CFrptAwr+bQDaom0A28ptAsuqbQCbom0BB7ptAJeubQCbfm0B9BZxAxSKcQEAS
nEC7GpxArSacQLEpnEDhP5xA1UWcQNM3nEDcS5xAcFKcQIwnnEBYSJxA3XecQNVtnEAoYJxA
9YecQECBnECpepxAZZKcQDyHnECkkJxAOKKcQHrlnEBEhJxAmMWcQC3MnECHw5xAn8mcQKnW
nECm4pxARKucQBvrnEBS/ZxAXM6cQH0LnUCMAp1Art+cQAEmnUCUOJ1AHBOdQJ4nnUBSN51A
OE2dQMsJnUDDVp1Ax/ycQH8UnUDLbJ1A1jOdQLYenUB9b51AQXKdQPZgnUAScZ1AbYSdQJJj
nUAqp51A/YCdQF6PnUDmh51A6qudQMOznUAwuJ1AtbidQASsnUAjk51At5idQGDanUBihZ1A
F6+dQF29nUD4x51AovOdQO7pnUDw2p1AWuydQBv6nUCv+51ArSeeQG8nnkDDE55AJwSeQOg/
nkCkG55ApS2eQLc1nkAwPJ5AvSyeQOYfnkDKYp5A+iOeQPsonkCYg55ApVueQH9wnkCHeJ5A
+mqeQEovnkCokZ5ASIieQKR6nkDzgZ5A/ISeQB9znkAQlp5ARrieQNx9nkAUnZ5AZp6eQF+r
nkD/up5AcrmeQFa+nkCmnp5AXcieQFLOnkBvup5AY+KeQPronkAg1J5A3eieQHL0nkCQ7J5A
j9KeQPwLn0Dl+55A3QCfQGgEn0DT/55A4AqfQHsan0Ck/55AgA+fQMEqn0DEMJ9ApiWfQH9G
n0CXI59ACAifQOJEn0DtdJ9A0yKfQIVXn0BDXZ9Abl6fQCxPn0BzdZ9AVW6fQEZXn0CPgJ9A
AWSfQApMn0BDdZ9AS3KfQBRun0Ahg59AOoyfQAmLn0D7nZ9AY6mfQMitn0AakJ9A7qCfQEOu
n0Csxp9Ar9afQAmhn0ButZ9AVLCfQEyzn0CAv59AWeGfQL7Tn0Aa0J9A4wOgQKvwn0B61p9A
Gc2fQGjgn0AlwZ9AUMWfQKQboECI9J9AYO2fQPD+n0DpB6BAdxOgQMDvn0CZAaBA6zOgQAUW
oECHI6BASx2gQHgsoEAYPqBANxOgQGg4oEBXJqBAmy2gQEckoEAhQqBArVOgQE5HoEDDZaBA
oiegQGg/oEAEZKBA2EqgQE5ZoEDiNKBA/5GgQDOCoEBuQaBAmY+gQIxYoECIU6BAIZigQLGk
oECNdKBA3KGgQKfQoEBgc6BABbKgQACqoEATs6BA94ygQOS2oEAojKBAUbqgQK3PoECkqaBA
LNigQKTCoEAcw6BA2NygQA/NoECI0KBAKrCgQOnnoED+3qBAm9GgQB/WoEAOA6FA2OOgQBIg
oUAsJaFAI+CgQMwCoUDM96BA5sigQCTmoEBdK6FAjCuhQC/soEAiPaFABi+hQJ7SoEAUIaFA
3imhQJ4uoUD3RKFA/CChQHTgoECoNaFAfD+hQGg8oUBZHqFAXXWhQHI1oUAZP6FAjE6hQKuK
oUC6Y6FAimmhQE5coUCLXqFABlGhQJJWoUBWRaFAMGGhQPFhoUBeW6FAEG2hQLKIoUCigKFA
IHqhQJh4oUBQo6FA5IqhQGWUoUCWhKFAIYWhQPxzoUAPw6FAf4yhQG2XoUBXw6FAUrahQOSU
oUDSt6FAxnihQEOZoUDs+qFAV7uhQLLboUBvz6FANdWhQNO0oUACn6FARcihQOLboUCWmqFA
BeqhQHvioUBH06FA+x6iQHP3oUAh4qFA</AssayYData></Step><Step><CommonData><SampleLocation>1</SampleLocation><SampleID>Octet Buffer</SampleID><SampleGroup></SampleGroup><SampleInfo></SampleInfo><SampleRow>E</SampleRow><SamplePlate>1</SamplePlate><WellType>BUFFER</WellType><Concentration>-1</Concentration><ConcentrationUnits>µg/ml</ConcentrationUnits><MolarConcentration>-1</MolarConcentration><MolarConcUnits>nM</MolarConcUnits><MolecularWeight>0</MolecularWeight><Temperature>30</Temperature><StartTime>7047613</StartTime><AssayTime>100</AssayTime></CommonData><FlowRate>1000</FlowRate><StepType>BASELINE</StepType><StepName>Baseline</StepName><StepStatus>OK</StepStatus><ActualTime>99.9998</ActualTime><CycleTime>0.2</CycleTime><AssayXData Points="500">RtDAReDRwEV508BFE9XARa7WwEVI2MBF4NnARXvbwEUT3cBFrt7ARUjgwEXg4cBFeePARRPl
wEWs5sBFRujAReDpwEV768BFFe3ARa7uwEVG8MBF4PHARXnzwEUV9cBFrPbARUb4wEXg+cBF
e/vARRP9wEWs/sBFRgDBReIBwUV7A8FFFQXBRawGwUVICMFF4AnBRXkLwUUTDcFFrg7BRUYQ
wUXgEcFFexPBRRUVwUWsFsFFRhjBReAZwUV5G8FFEx3BRawewUVIIMFF4iHBRXsjwUUTJcFF
ribBRUYowUXgKcFFeSvBRRUtwUWsLsFFSDDBReIxwUV7M8FFFTXBRaw2wUVGOMFF4jnBRXk7
wUUTPcFFrD7BRUhAwUXiQcFFeUPBRRNFwUWsRsFFRkjBReJJwUV7S8FFFU3BRaxOwUVGUMFF
4FHBRXlTwUUVVcFFrlbBRUZYwUXgWcFFeVvBRRVdwUWsXsFFRmDBReJhwUV5Y8FFE2XBRaxm
wUVIaMFF4GnBRXlrwUUTbcFFrG7BRUZwwUXiccFFeXPBRRV1wUWsdsFFSHjBReB5wUV7e8FF
E33BRax+wUVGgMFF4IHBRXmDwUUThcFFrobBRUiIwUXgicFFeYvBRRWNwUWujsFFRpDBReCR
wUV5k8FFFZXBRa6WwUVImMFF4JnBRXmbwUUTncFFrp7BRUigwUXgocFFeaPBRRWlwUWspsFF
RqjBReKpwUV7q8FFE63BRayuwUVGsMFF4LHBRXuzwUUTtcFFrLbBRUi4wUXiucFFebvBRRO9
wUWsvsFFRsDBReDBwUV5w8FFE8XBRa7GwUVIyMFF4MnBRXvLwUUVzcFFrs7BRUbQwUXg0cFF
e9PBRRPVwUWs1sFFStjBReLZwUV728FFFd3BRazewUVI4MFF4uHBRXnjwUUT5cFFrubBRUbo
wUXi6cFFe+vBRRPtwUWs7sFFSPDBReDxwUV788FFE/XBRa72wUVI+MFF4vnBRXv7wUUV/cFF
rP7BRUgAwkXgAcJFeQPCRRMFwkWsBsJFRgjCReIJwkV7C8JFFQ3CRawOwkVGEMJF4BHCRXkT
wkUTFcJFrhbCRUgYwkXiGcJFexvCRRMdwkWsHsJFRiDCReAhwkV5I8JFEyXCRawmwkVGKMJF
4CnCRXsrwkUVLcJFrC7CRUYwwkXgMcJFezPCRRM1wkWsNsJFRjjCReI5wkV7O8JFEz3CRaw+
wkVIQMJF4EHCRXlDwkUVRcJFrEbCRUZIwkXgScJFeUvCRRVNwkWuTsJFRlDCReJRwkV7U8JF
FVXCRaxWwkVGWMJF4FnCRdlbwkUdXcJFrl7CRUhgwkXiYcJFe2PCRRNlwkWsZsJFSGjCReBp
wkV7a8JFFW3CRaxuwkVGcMJF4HHCRXlzwkUVdcJFrHbCRUZ4wkXgecJFeXvCRRN9wkWsfsJF
RoDCReCBwkV5g8JFE4XCRayGwkVGiMJF4onCRXuLwkUVjcJFrI7CRUaQwkXgkcJFeZPCRROV
wkWslsJFRpjCReCZwkV5m8JFFZ3CRayewkVIoMJF4KHCRXujwkUVpcJFrKbCRUaowkXgqcJF
eavCRROtwkWsrsJFRrDCReKxwkV5s8JFE7XCRa62wkVIuMJF4rnCRXu7wkUTvcJFrr7CRUjA
wkXgwcJFecPCRRPFwkWsxsJFSsjCReLJwkV7y8JFE83CRa7OwkVI0MJF4NHCRXnTwkUT1cJF
rNbCRUbYwkXg2cJFedvCRRXdwkWs3sJFSODCReLhwkV748JFE+XCRazmwkVG6MJF4OnCRXnr
wkUT7cJFru7CRUjwwkXg8cJFefPCRRP1wkWs9sJFSPjCReD5wkV7+8JFE/3CRa7+wkVIAMNF
4AHDRXkDw0UTBcNFrgbDRUgIw0XgCcNFeQvDRRUNw0WsDsNFSBDDReARw0V5E8NFFRXDRawW
w0VIGMNF4BnDRXkbw0UVHcNFrB7DRUggw0XgIcNFeSPDRRMlw0WsJsNFSCjDReIpw0V7K8NF
Ey3DRawuw0VGMMNF4DHDRXszw0UTNcNFrjbDRUY4w0XgOcNFeTvDRRM9w0WsPsNFSEDDReBB
w0V5Q8NFE0XDRaxGw0VGSMNF4knDRXtLw0UTTcNFrE7DRUZQw0XgUcNFeVPDRRVVw0WsVsNF
SFjDReBZw0V7W8NFFV3DRaxew0VGYMNF4GHDRXljw0UVZcNFrGbDRUhow0XgacNFe2vDRRNt
w0WsbsNFRnDDReBxw0V5c8NFFXXDRax2w0VGeMNF4nnDRXl7w0UVfcNFrn7DRUiAw0XggcNF
e4PDRROFw0WuhsNFSIjDReCJw0V5i8NFE43DRayOw0VGkMNF4pHDRXmTw0UTlcNFrJbDRUaY
w0XgmcNFeZvDRROdw0WsnsNFRqDDReChw0V5o8NFE6XDRa6mw0VGqMNF4qnDRXurw0UVrcNF
rK7DRUaww0XgscNFe7PDRRO1w0WutsNFSLjDReC5w0V5u8NFE73DRa6+w0VGwMNF4MHDRXnD
w0UVxcNFrMbDRUjIw0XiycNFecvDRRPNw0WuzsNFRtDDReDRw0V508NFFdXDRazWw0VG2MNF
4tnDRXnbw0UT3cNFrN7DRUjgw0Xi4cNFe+PDRRPlw0Wu5sNFRujDReLpw0V768NFE+3DRazu
w0U=</AssayXData><AssayYData Points="500">z/ChQB85okBoKqJArU+iQAx1okBvSaJAyVuiQD+SokC1iqJASbuiQKSbokC+e6JA8oSiQLyP
okD0pKJALpWiQHe5okCOl6JAE7eiQCzCokCfkaJAm5eiQNq8okDqqqJA47iiQKvXokB/f6JA
Z4uiQFm5okAfuaJAxKSiQJGQokBsuaJATayiQD+xokBbsaJAxraiQM7VokApz6JAbcyiQJuo
okDI66JAwOCiQJeqokA8zqJAWdiiQCWyokDJx6JApsKiQO/cokCLwKJAtcOiQESsokDJqqJA
I9KiQIPIokAY2aJA4syiQHrHokATxaJAOMCiQOGvokCxrKJAzMqiQGa/okD9taJAntGiQJrS
okDexKJAsumiQAX4okCWvqJAnfiiQD0Eo0ArxKJAOdCiQLu7okB64qJA6rqiQGriokBC1KJA
Y72iQPSqokAR2qJA882iQG/pokA56qJAJ9CiQL6+okDG3aJA58CiQCvKokDBw6JAxsyiQCfj
okCex6JA3dyiQIi7okCi16JAtuWiQJzcokBy0aJA/vaiQNjbokCC3aJApvGiQATaokAB66JA
9fGiQLTTokBuxaJAMt+iQPjgokBZ1qJAF+iiQL74okDo+6JA/OGiQJTnokDQ6qJAVc+iQEsV
o0Bf3KJAgcWiQDLtokB00KJA5ruiQC/yokAa9aJAUr6iQMXXokDU3aJAPdKiQIzLokCgxaJA
bNiiQKvgokCgD6NAJOKiQPbxokCi9qJAM/OiQIv+okDcAqNAb/KiQD8Io0CRH6NARBCjQEQd
o0DY+KJAyOqiQFMFo0D4zKJA9N6iQKYHo0DkGaNATdiiQP/9okAz0aJAiNCiQMPtokDEFKNA
2PiiQL4Go0Bq4qJA7/yiQGgPo0DXEaNAZuGiQGPuokDJAqNA3QmjQGU3o0CN+aJA4/KiQIUX
o0B0HqNAgeWiQHQEo0BT7aJAehKjQErvokDaDqNALPuiQOIFo0De8KJANQCjQNEEo0CGJqNA
ox6jQJTxokA0CaNASQyjQGP/okDyDqNAJh2jQPP7okDiG6NA8RqjQO/wokD486JAB/WiQFr/
okAgI6NA3hyjQNoeo0Ci9KJA5jqjQNMEo0D5+KJA0hujQOQQo0CLBaNAqQujQCYLo0CUJaNA
gSmjQH3/okDK/KJAqveiQAEDo0AlEaNAXBWjQOFEo0Cq+KJA7wOjQJgbo0A9C6NAwxWjQPk2
o0BSKKNAtTSjQNIjo0C7KKNAzwyjQGROo0A7KKNAFvOiQMEHo0BhRqNAkDqjQOAFo0BKGaNA
LRWjQN8to0C/NKNALx2jQAEbo0ChPKNAKQGjQIj3okDGPqNAP0ajQM47o0CdIKNA5z2jQO41
o0AEIKNAVEGjQDE1o0AmF6NACDujQIgho0ApGKNApSejQFYto0AVKqNAWUOjQCxJo0AfWqNA
3ySjQL45o0BDUqNAjzijQL5Bo0C2M6NABSKjQFs+o0BsO6NAkzKjQDM6o0DiWKNATDOjQJRp
o0C1XaNAqDCjQG9So0CySaNAklOjQPEXo0C8UaNA9RyjQCI7o0CEKaNA9zGjQDw5o0CCOaNA
IjijQGkto0BUY6NAo1qjQLNAo0AyOaNAhSyjQF4wo0DASaNAtlWjQJNLo0DVN6NAEG+jQEhP
o0BFGqNAKVCjQKtRo0CYNKNAZjKjQPpxo0D1TqNAa0ejQKiCo0AMTaNA5EajQEiBo0BmWqNA
X1OjQM9mo0ArQKNAzUWjQIBfo0AhWKNAqDqjQIxyo0A/TqNARyCjQK9vo0AlRqNA9jejQCxV
o0CqXKNAPTyjQP0+o0DoWaNAK16jQBhSo0AIYaNAsEGjQDxEo0DDdaNASE+jQFFGo0BTaKNA
30qjQKlVo0AgW6NAMoKjQDpNo0CGTaNAiWWjQN0ro0AwPKNA32ajQNNfo0Cba6NAbXijQEJb
o0DBS6NAsVqjQKN6o0DuPaNAmF2jQIGJo0AQPqNAJVSjQIGAo0AcTqNAW2ujQN9qo0BUPaNA
sH6jQJFno0CffqNAaDujQIp+o0CkiKNAx26jQDiCo0AFb6NAGWqjQMxlo0BreKNAQlSjQK1X
o0CVgKNAmkSjQL9go0B/V6NAooOjQI1vo0DGdqNA/nWjQGF0o0A2a6NAm26jQGZfo0ARiqNA
KnijQKNfo0CHiaNAmGGjQJNro0DSeaNAGoCjQP90o0ATYqNA0n6jQBtao0AOUqNApIqjQClv
o0A8dKNAl3yjQEmEo0AFfaNA5XyjQD1Xo0BIbKNAiVOjQHBao0A+a6NAo4GjQLaao0CmZKNA
cImjQNqSo0CYm6NAa2qjQP9qo0ARoaNAIIijQNSDo0AvnKNA736jQA2Bo0Clk6NAu26jQDiP
o0BZhaNAdZGjQLqFo0BYdaNA9X2jQL97o0DTt6NAG4mjQLqSo0B+fqNAB4+jQKiVo0Brp6NA
voKjQJ9do0BraaNAY6mjQF1+o0AGlqNAPZijQHOyo0BPlqNAE6WjQK3Fo0AQlKNAqnyjQJ+v
o0DeeqNA3pmjQN+3o0Ani6NA3ZajQAeto0BhnaNAU6WjQH2Ro0BbnqNA56KjQFupo0CWc6NA
M4yjQOqbo0AKxKNAx5OjQL2Po0ASk6NAhYyjQIB8o0BMn6NAoXajQJSzo0Dbf6NAYrqjQHSf
o0A=</AssayYData></Step><Step><CommonData><SampleLocation>2</SampleLocation><SampleID>hsCD3d/e_Acro_CDD-H52W1</SampleID><SampleGroup></SampleGroup><SampleInfo></SampleInfo><SampleRow>E</SampleRow><SamplePlate>1</SamplePlate><WellType>KSAMPLE</WellType><Concentration>-1</Concentration><ConcentrationUnits>µg/ml</ConcentrationUnits><MolarConcentration>50</MolarConcentration><MolarConcUnits>nM</MolarConcUnits><MolecularWeight>0</MolecularWeight><Temperature>30</Temperature><StartTime>7156028</StartTime><AssayTime>180</AssayTime></CommonData><FlowRate>1000</FlowRate><StepType>ASSOC</StepType><StepName>Association</StepName><StepStatus>OK</StepStatus><ActualTime>180.001</ActualTime><CycleTime>0.2</CycleTime><AssayXData Points="900">RvDDReLxw0V588NFFfXDRa72w0VI+MNF4vnDRXn7w0UT/cNFrP7DRUYAxEXiAcRFeQPERRMF
xEWuBsRFRgjEReAJxEV5C8RFFQ3ERawOxEVGEMRF4BHERXkTxEUTFcRFrhbERUgYxEXgGcRF
eRvERRUdxEWsHsRFRiDEReIhxEV5I8RFEyXERa4mxEVGKMRF4inERXkrxEUTLcRFri7ERUYw
xEXiMcRFeTPERRU1xEWsNsRFSDjEReA5xEV5O8RFFT3ERa4+xEVGQMRF4EHERXlDxEUTRcRF
rEbERUZIxEXgScRFeUvERRVNxEWsTsRFSFDEReJRxEV5U8RFE1XERa5WxEVGWMRF4FnERXlb
xEUTXcRFrl7ERUhgxEXiYcRFeWPERRdlxEWsZsRFRmjEReBpxEV7a8RFE23ERaxuxEVIcMRF
4HHERXlzxEUTdcRFrHbERUZ4xEXgecRFeXvERRN9xEWufsRFRoDEReCBxEV5g8RFE4XERa6G
xEVGiMRF4InERXmLxEUVjcRFrI7ERUaQxEXikcRFeZPERROVxEWslsRFRpjEReCZxEV7m8RF
FZ3ERayexEVGoMRF4KHERXujxEUVpcRFrqbERUioxEXgqcRFeavERRWtxEWsrsRFRrDEReCx
xEV5s8RFFbXERa62xEVGuMRF4LnERXm7xEUVvcRFrL7ERUjAxEXgwcRFe8PERRPFxEWuxsRF
SMjEReDJxEV7y8RFE83ERazOxEVG0MRF4NHERXvTxEUV1cRFrNbERUbYxEXi2cRFedvERRPd
xEWs3sRFSODEReDhxEV548RFFeXERazmxEVG6MRF4unERXnrxEUT7cRFru7ERUjwxEXg8cRF
efPERRP1xEWs9sRFRvjEReD5xEV5+8RFE/3ERa7+xEVIAMVF4AHFRXkDxUUTBcVFrgbFRUgI
xUXgCcVFeQvFRRUNxUWuDsVFSBDFReARxUV7E8VFExXFRawWxUVGGMVF4BnFRXkbxUUVHcVF
rB7FRUYgxUXgIcVFeSPFRRUlxUWuJsVFSCjFReApxUV7K8VFEy3FRa4uxUVGMMVF4DHFRXsz
xUUTNcVFrDbFRUY4xUXiOcVFeTvFRRM9xUWsPsVFRkDFReBBxUV7Q8VFE0XFRa5GxUVISMVF
4knFRXtLxUUVTcVFrE7FRUhQxUXgUcVFe1PFRRVVxUWsVsVFRljFReBZxUV7W8VFFV3FRa5e
xUVGYMVF4GHFRXljxUUTZcVFrmbFRUZoxUXgacVFeWvFRRVtxUWubsVFRnDFReBxxUV7c8VF
E3XFRax2xUVGeMVF4nnFRXt7xUUVfcVFsH7FRUaAxUXggcVFe4PFRROFxUWshsVFSIjFReCJ
xUV5i8VFE43FRayOxUVIkMVF5JHFRXuTxUUTlcVFrJbFRUiYxUXimcVFeZvFRRWdxUWsnsVF
RqDFReChxUV5o8VFE6XFRa6mxUVGqMVF4qnFRXmrxUUTrcVFrK7FRUiwxUXgscVFe7PFRRW1
xUWutsVFRrjFReC5xUV7u8VFE73FRa6+xUVGwMVF4sHFRXvDxUUVxcVFrsbFRUbIxUXiycVF
ecvFRRPNxUWszsVFSNDFReDRxUV708VFE9XFRazWxUVG2MVF4tnFRXvbxUUV3cVFrt7FRUbg
xUXi4cVFeePFRRPlxUWu5sVFRujFReDpxUV568VFE+3FRa7uxUVI8MVF4PHFRXvzxUUT9cVF
rPbFRUj4xUXg+cVFefvFRRX9xUWs/sVFRgDGReABxkV5A8ZFEwXGRa4GxkVGCMZF4AnGRXkL
xkUTDcZFrg7GRUYQxkXgEcZFexPGRRUVxkWsFsZFSBjGReIZxkV5G8ZFEx3GRawexkVGIMZF
4CHGRXkjxkUTJcZFribGRUYoxkXiKcZFeSvGRRMtxkWsLsZFRjDGReIxxkV7M8ZFEzXGRaw2
xkVIOMZF4DnGRXk7xkUTPcZFrD7GRUZAxkXgQcZFeUPGRRVFxkWsRsZFRkjGReJJxkV5S8ZF
E03GRaxOxkVIUMZF4FHGRXtTxkUTVcZFrFbGRUZYxkXgWcZFeVvGRRNdxkWsXsZFRmDGReBh
xkV5Y8ZFE2XGRaxmxkVGaMZF4GnGRXtrxkUTbcZFrm7GRUhwxkXiccZFeXPGRRN1xkWudsZF
SHjGReJ5xkV7e8ZFE33GRa5+xkVGgMZF4IHGRXmDxkUVhcZFrIbGRUaIxkXiicZFeYvGRRON
xkWsjsZFRpDGReCRxkV7k8ZFE5XGRa6WxkVImMZF4JnGRXmbxkUTncZFrJ7GRUigxkXgocZF
eaPGRRWlxkWspsZFSKjGReKpxkV5q8ZFFa3GRayuxkVIsMZF4LHGRXmzxkUVtcZFrLbGRUa4
xkXiucZFebvGRRW9xkWsvsZFRsDGReDBxkV7w8ZFFcXGRazGxkVGyMZF4MnGRXnLxkUVzcZF
rM7GRUbQxkXg0cZFe9PGRRXVxkWu1sZFSNjGReDZxkV528ZFGd3GRazexkVG4MZF4OHGRXvj
xkUV5cZFrObGRUboxkXg6cZFe+vGRRXtxkWs7sZFSPDGReDxxkV788ZFE/XGRaz2xkVI+MZF
4PnGRXv7xkUT/cZFrP7GRUYAx0XgAcdFeQPHRRMFx0WuBsdFRgjHReIJx0V7C8dFEw3HRa4O
x0VIEMdF4BHHRXsTx0UTFcdFrhbHRUYYx0XiGcdFeRvHRRMdx0WsHsdFRiDHReIhx0V5I8dF
EyXHRa4mx0VGKMdF4CnHRXsrx0UVLcdFrC7HRUYwx0XiMcdFeTPHRRM1x0WsNsdFRjjHReI5
x0V5O8dFEz3HRaw+x0VGQMdF4EHHRXlDx0UTRcdFrEbHRUhIx0XgScdFeUvHRRNNx0WsTsdF
SFDHReBRx0V5U8dFFVXHRaxWx0VGWMdF4lnHRXlbx0UVXcdFrF7HRUhgx0XiYcdFe2PHRRNl
x0WsZsdFRmjHReBpx0V5a8dFFW3HRa5ux0VGcMdF4nHHRXlzx0UVdcdFrHbHRZR4x0XgecdF
e3vHRRN9x0WsfsdFRoDHReCBx0V5g8dFE4XHRa6Gx0VGiMdF4onHRXmLx0UVjcdFrI7HRUaQ
x0XgkcdFe5PHRROVx0WslsdFRpjHReKZx0V5m8dFE53HRayex0VGoMdF4qHHRXmjx0UTpcdF
rqbHRUiox0XiqcdFeavHRROtx0WursdFSLDHReCxx0V5s8dFE7XHRa62x0VGuMdF4rnHRXm7
x0UVvcdFrL7HRUjAx0XgwcdFe8PHRRPFx0WuxsdFRsjHReLJx0V5y8dFFc3HRa7Ox0VG0MdF
4NHHRXnTx0UT1cdFrtbHRUjYx0Xg2cdFe9vHRRXdx0Ws3sdFRuDHReLhx0V548dFE+XHRa7m
x0VI6MdF4OnHRXnrx0UV7cdFru7HRUjwx0Xg8cdFefPHRRP1x0Ws9sdFRvjHReD5x0V5+8dF
E/3HRa7+x0VGAMhF4gHIRXkDyEUVBchFrAbIRUYIyEXgCchFewvIRRUNyEWuDshFRhDIReAR
yEV5E8hFExXIRawWyEVIGMhF4hnIRXsbyEUTHchFrB7IRUYgyEXgIchFeyPIRRMlyEWsJshF
SCjIReApyEV5K8hFFS3IRa4uyEVGMMhF4jHIRXszyEUVNchFrjbIRUY4yEXiOchFeTvIRRU9
yEWuPshFRkDIReBByEV5Q8hFE0XIRaxGyEVISMhF4knIRXlLyEUTTchFrE7IRUZQyEXiUchF
eVPIRRNVyEWsVshFRljIReBZyEV5W8hFE13IRaxeyEVIYMhF4mHIRXljyEUTZchFrGbIRUho
yEXgachFe2vIRRVtyEWsbshFRnDIReBxyEV5c8hFE3XIRax2yEVGeMhF4nnIRXl7yEUTfchF
rn7IRUiAyEXigchFeYPIRROFyEWshshFRojIReKJyEV5i8hFE43IRayOyEVGkMhF4pHIRXmT
yEUVlchFrpbIRUaYyEXgmchFeZvIRRWdyEWsnshFSKDIReChyEV7o8hFE6XIRa6myEVIqMhF
4KnIRXmryEUVrchFrq7IRUawyEXgschFe7PIRRW1yEWstshFRrjIReK5yEV5u8hFE73IRa6+
yEVGwMhF4MHIRXnDyEUTxchFrMbIRUbIyEXgychFe8vIRRPNyEWuzshFRtDIReDRyEV708hF
FdXIRazWyEVG2MhF4NnIRXvbyEUT3chFrt7IRUjgyEXi4chFeePIRRXlyEWs5shFRujIReDp
yEV568hFE+3IRazuyEVI8MhF4vHIRXvzyEUT9chFrPbIRUj4yEXi+chFefvIRRP9yEWs/shF
RgDJReAByUV5A8lFEwXJRa4GyUVGCMlF4gnJRXsLyUUTDclFrA7JRUYQyUXgEclFexPJRRMV
yUWuFslFSBjJReAZyUV7G8lFEx3JRaweyUVGIMlF4CHJRXkjyUUTJclFrCbJRUYoyUXgKclF
eyvJRRctyUWsLslFSDDJReAxyUV7M8lFEzXJRaw2yUVGOMlF4jnJRXk7yUUTPclFrD7JRUhA
yUXgQclFeUPJRRVFyUWsRslFRkjJReBJyUV7S8lFE03JRa5OyUVIUMlF4FHJRXlTyUUTVclF
rlbJRV1YyUXgWclFe1vJRRNdyUWsXslFRmDJReBhyUV5Y8lFFWXJRaxmyUVGaMlF4GnJRXlr
yUUTbclFrm7JRUZwyUXgcclFeXPJRRN1yUWsdslFRnjJReB5yUV7e8lFFX3JRa5+yUVGgMlF
4IHJRXmDyUUVhclFrobJRUiIyUXiiclFe4vJRRONyUWujslF</AssayXData><AssayYData Points="900">FfSiQBhoo0BcvKNAI9CjQJm0o0A5GaRACcGjQETPo0AzF6RApxukQFIKpEAL/6NAawSkQBkO
pECDLKRATRakQOY0pECnOaRAYVekQLZYpEBEQKRAglGkQIlCpEBZOKRAk0OkQJQ8pEBEYqRA
xlSkQL5fpECRU6RAVmCkQJp2pEDESqRAmGGkQPLApEA0Y6RAwFakQAiHpEBohaRAP2+kQP2Z
pECEjqRAjnOkQKmtpEAmjqRANJGkQN6LpEBCuKRA6oKkQGGopEDnw6RAO6SkQLOrpEB8vKRA
CY6kQPGCpEDVkaRAd6GkQH+mpEC3tqRA88KkQOl+pEAE06RAbp2kQLidpEC1xaRAabSkQG2K
pED7qaRANr+kQAyfpEBnraRA79mkQOm4pEDExKRAi9qkQOfQpEAC0KRA9NykQDzcpEBeDqVA
BP6kQAkUpUC/6KRAvuOkQKrnpEDXzKRAAgelQOP/pECPA6VAJOykQK0ZpUBp/KRAiASlQJEH
pUD0DqVAIROlQDwCpUDUGaVAHPukQLUOpUDSOKVAiRelQCoQpUD6LaVAEiSlQCYppUAlLKVA
iQOlQPH+pECfI6VA6imlQDUVpUC4P6VATiilQMIkpUDVF6VAxkilQNBMpUD1L6VADAalQH0Q
pUAsXqVANU6lQC86pUD7RqVAvUClQBRApUCuBqVA41OlQMxLpUDOUKVAHHelQHFOpUBQSKVA
0SilQPlkpUBNWaVA91+lQK1lpUAaWqVAZzulQElwpUCHh6VAWmClQFSNpUCqWaVAw0ulQG6N
pUB/V6VA3n+lQDB2pUA+caVAmmKlQHdRpUDdk6VAIG2lQORvpUD4g6VASlSlQB+hpUDEhaVA
HKClQHp8pUDtdaVACYalQOqIpUAqe6VAAYGlQBCipUDelqVAhqWlQNmgpUBpgqVAvo6lQFmF
pUBUqaVAo6GlQH+3pUBYdKVArcOlQOKCpUBSgqVAArSlQGjmpUDEg6VA3ZSlQAu8pUC3hqVA
baelQNnWpUBns6VAVuOlQIvRpUCHy6VAq9OlQEjcpUB3vqVASLWlQPm1pUC+3KVA0OOlQL/S
pUBH4aVAEdClQBfYpUCDyKVAicKlQA3zpUBR+KVAUuqlQBrKpUBF4qVAvNWlQHUApkC89aVA
6ualQFm/pUB676VAP+qlQG7UpUDl9qVA5/ylQDTppUDSCaZAzuilQCEXpkBc/KVAhu+lQILr
pUDA2KVAgACmQFH7pUDK46VAYwKmQJn1pUBU4aVAGBamQOQMpkCh1KVAN+6lQPENpkCh9qVA
xxmmQMAipkB1BKZA1/qlQPUYpkAeBKZAwvelQAMjpkAfNKZAcQ6mQHY+pkAgEqZARfilQPAW
pkBgG6ZA6fClQM7+pUANFaZAwyumQAsUpkBOH6ZAHiOmQNIPpkBoGKZAzy2mQCYlpkA1N6ZA
KiOmQEz8pUC6F6ZA2TSmQG8spkDRMaZAr1OmQJ81pkADKaZABj6mQBwlpkCuUKZAU02mQFQ1
pkBjWaZAsTmmQGxLpkBUKaZAez6mQNlBpkDJSKZAg1imQLMupkAVWaZAWDqmQFNZpkD0RKZA
+VCmQJE+pkCgP6ZA7zumQLNapkBicaZAg1qmQKlMpkAHbKZAL0ymQJhPpkAUYKZA4GemQHtL
pkBNcqZAK1emQJlppkDhZ6ZAKoKmQKOEpkAWYqZAj3ymQKpzpkBGb6ZAcWimQOJtpkCtWKZA
P3KmQFd+pkBugaZA7KmmQD5rpkBRn6ZAj2umQOpupkBqdKZAeJ2mQN5spkAXi6ZA2XemQMFu
pkDWcqZApo+mQNN8pkC7p6ZA0YqmQNmXpkDdZqZA0GCmQLyapkCuiaZAxJmmQByopkDplaZA
53ymQHOJpkC2uaZAOoimQNKppkBIh6ZALpmmQNuopkCYlqZAUIKmQOOYpkC6kaZA6pGmQHOh
pkDrnqZAmYymQAuppkCVmqZAHZ+mQDivpkDry6ZAhLimQL+MpkBKmaZAZ8amQFrDpkCaq6ZA
WdGmQEqspkBaraZAnJKmQEOjpkB4rqZAvM2mQFDLpkBDvaZA462mQBO8pkDr2qZAbcKmQKrp
pkASoqZAnbemQIfCpkCNwqZArM6mQJCnpkDe5qZAsLymQGPrpkA2vKZArramQGvhpkCFr6ZA
S+qmQK/BpkCm3qZA58WmQCrHpkBwtKZAK8WmQArbpkD62aZA1s2mQHD8pkC+4KZA4camQAPV
pkAw1aZAxeSmQAjUpkBNw6ZAbtGmQM3HpkB+76ZA8OemQOvYpkC6z6ZAjsqmQKDppkCw4qZA
QeCmQNfcpkAf4aZAr++mQDzjpkDb5aZAExKnQMPLpkDE5qZAp/mmQNDgpkCWxKZAhvOmQFrr
pkCm1KZAWO6mQG79pkBp/aZAo9qmQFz/pkA/E6dA/dWmQHzSpkC4+KZAhN2mQDHvpkB886ZA
4P2mQPrupkCjF6dASOmmQDfJpkB3D6dAM/2mQP8Qp0BrCadA4hanQL8Bp0CyF6dAL+mmQOnu
pkANDadAgwCnQEEcp0Co86ZArS2nQNcQp0B+C6dA3SKnQIoAp0DtIqdARRynQHH9pkB2GadA
eBanQHMWp0DbGqdA7ianQOIap0CM/KZANgynQC76pkAB8aZAPxenQNEzp0A8/qZAoQenQL0d
p0BpBadA+g+nQPcxp0C3GadAHx+nQJA0p0AzP6dAQimnQH5Vp0A3HadA7genQJMjp0CXGadA
shqnQKUKp0B4K6dApSGnQDs3p0DRLadARzSnQKgRp0CzNKdAryCnQNstp0B0RKdAzUenQO0w
p0CiR6dAkyanQBtIp0DAW6dAC1anQPJHp0AVSadAwU2nQJA1p0CHMadAimynQHE0p0B1WqdA
VVCnQGlTp0AWO6dAlzOnQCNXp0DwQKdAPlSnQHs/p0AUUadAl0ynQD9Op0CYUKdAPU6nQO5d
p0APSadAAlenQFFrp0Bta6dAj0+nQHY2p0BJQKdANHCnQJI+p0AubadANlWnQGxUp0A4WadA
l1OnQEp/p0B6WadAL0unQEQap0DCbqdA41GnQDFtp0ARbKdAkG2nQB5mp0B/ZadA0lGnQGtY
p0BrUqdAjXSnQGtXp0CScKdAF2KnQIF/p0DiUadAw3inQNV0p0DEVKdA/ICnQB5tp0CPa6dA
lGanQJE+p0DvZKdAnI+nQMCAp0BeaKdApWanQEaSp0DJa6dAZXCnQLl6p0CSPadAD1CnQM1o
p0A7WadAGnenQHtFp0Dte6dA9HOnQI54p0C2jKdA0EynQOGBp0DzgKdAe2unQBJ2p0DNmadA
NH+nQMqCp0DCeKdAdKKnQAZ3p0C2nqdA0nqnQLOCp0AamKdAEoenQHdyp0DgcadAgpSnQLGC
p0D0c6dAJJCnQEGjp0AAmadAdn6nQOOCp0B7jadABX6nQFZ7p0DhhKdANpanQCaQp0BrfqdA
DY6nQA2Bp0Dpf6dAnYKnQGaIp0CIn6dAE4qnQPuNp0DspadA3mSnQFSzp0B5x6dA05CnQG24
p0Btp6dACLqnQO2mp0CZlqdA2H6nQHerp0BGfadAXaqnQKzMp0Apl6dAdJ6nQB6Gp0C1o6dA
7qOnQPSkp0D9nqdAvqunQAOep0Brs6dA7LKnQMKgp0D8iadACZOnQKerp0DQpqdAs4inQHOl
p0CZpKdAq5SnQAjKp0CGjadAWJynQGKqp0BzvKdAHbanQGKip0Atr6dA+cynQHTJp0CTqKdA
PKmnQAbJp0C1lqdApsWnQC3cp0B2madAGp+nQPyrp0DGmadAmrynQHO/p0Ag06dAVqanQPyz
p0CmoKdAfbGnQDW6p0A6zadAg8unQFq5p0CDyadANrinQBfIp0CNxKdAkMinQOCsp0BMsqdA
wsenQDnbp0Ag0adAXqSnQDyop0ARrKdAsuqnQNTWp0CA26dA566nQIivp0C21KdAQNunQEuq
p0DS66dAMtCnQBTMp0AGoqdAmrSnQNHbp0DZ36dAx7KnQL/jp0CIz6dABMenQL7qp0CQ2KdA
W9qnQJTUp0Ag3adAa82nQFvqp0BTyqdACranQErLp0A01qdAlOGnQFThp0Bc8adAj8OnQCbG
p0B956dAp8SnQJDVp0CG2qdALrqnQD/Bp0AB16dA6t2nQK/Jp0AT1KdAZbanQFYjqEBUzKdA
XManQOTip0D51KdAcNSnQMXRp0C63adAmdanQBzXp0CK56dACN2nQCDjp0BX6KdAmt6nQOoO
qEBH1qdAUuenQJ/Xp0BPxKdAq92nQMbQp0C07qdAEfmnQDX+p0AGw6dA48unQEPcp0DIyadA
I++nQP/sp0AR7qdAAsOnQIjjp0BmE6hAqhioQIUMqECv8adAe9+nQOznp0DDCqhAz/SnQAcP
qEAgE6hAqOenQGDbp0CrC6hAT+unQGjpp0A19KdAPQKoQOL1p0Cd/KdAICGoQBflp0B2H6hA
z/SnQHkjqEBg/qdANP2nQG3qp0C99adAMeunQCH1p0C/2KdAyyOoQO3rp0DM3qdAcg+oQIg6
qEBFNqhAx/mnQHb5p0A55KdAC9+nQBsfqEDV7qdA6gOoQE8PqEAaI6hA3uCnQDESqEBoDKhA
Z++nQNs4qEABPqhAq/CnQPMcqEC9DKhAlh2oQHb0p0DVRKhAoxmoQEXsp0CHGqhAffmnQKgh
qEBgDqhAI/CnQGULqEAGQqhAhhioQCsVqEAsJKhAdSuoQB4KqECWD6hAiBCoQPnup0CkGahA
kyCoQJECqEAr96dAVweoQDk1qEBuGqhAMACoQOUMqEAIBahA</AssayYData></Step><Step><CommonData><SampleLocation>1</SampleLocation><SampleID>Octet Buffer</SampleID><SampleGroup></SampleGroup><SampleInfo></SampleInfo><SampleRow>E</SampleRow><SamplePlate>1</SamplePlate><WellType>BUFFER</WellType><Concentration>-1</Concentration><ConcentrationUnits>µg/ml</ConcentrationUnits><MolarConcentration>-1</MolarConcentration><MolarConcUnits>nM</MolarConcUnits><MolecularWeight>0</MolecularWeight><Temperature>30</Temperature><StartTime>7344451</StartTime><AssayTime>300</AssayTime></CommonData><FlowRate>1000</FlowRate><StepType>DISASSOC</StepType><StepName>Dissociation</StepName><StepStatus>OK</StepStatus><ActualTime>300.001</ActualTime><CycleTime>0.2</CycleTime><AssayXData Points="1500">SJDJReSRyUV9k8lFF5XJRbCWyUVImMlF4pnJRX2byUUXnclFrp7JRUigyUXkoclFe6PJRRWl
yUWwpslFSqjJReKpyUV7q8lFF63JRa6uyUVIsMlF4rHJRXuzyUUVtclFrrbJRUi4yUXiuclF
fbvJRRW9yUWuvslFSsDJReLByUV7w8lFFcXJRa7GyUVIyMlF4snJRX3LyUUVzclFrs7JRUjQ
yUXi0clFf9PJRRXVyUWu1slFSNjJReLZyUV728lFFd3JRa7eyUVK4MlF4uHJRX3jyUUV5clF
sObJRUjoyUXi6clFe+vJRRXtyUWw7slFSPDJReTxyUV988lFFfXJRa72yUVI+MlF5PnJRX37
yUUV/clFrv7JRUgAykXkAcpFfQPKRRUFykWwBspFSAjKReQJykV9C8pFFQ3KRa4OykVIEMpF
4hHKRX0TykUVFcpFsBbKRUoYykXkGcpFexvKRRUdykWuHspFSCDKReIhykV7I8pFFyXKRa4m
ykVIKMpF4inKRXsrykUXLcpFsC7KRUgwykXiMcpFezPKRRU1ykWuNspFSDjKReI5ykV7O8pF
Fz3KRa4+ykVIQMpF5EHKRX1DykUVRcpFrkbKRUhIykXiScpFe0vKRRVNykWwTspFSFDKReJR
ykV7U8pFFVXKRa5WykVIWMpF4lnKRX1bykUXXcpFsF7KRUhgykXiYcpFe2PKRRdlykWuZspF
SGjKReJpykV7a8pFFW3KRa5uykVKcMpF4nHKRX1zykUVdcpFrnbKRUh4ykXkecpFe3vKRRd9
ykWwfspFSIDKReKBykV7g8pFFYXKRbCGykVIiMpF4onKRX2LykUVjcpFro7KRUiQykXkkcpF
e5PKRRWVykWulspFSJjKReSZykV7m8pFFZ3KRbCeykVIoMpF4qHKRXujykUVpcpFrqbKRUio
ykXkqcpFfavKRRetykWwrspFSLDKReSxykV7s8pFF7XKRa62ykVKuMpF4rnKRXu7ykUVvcpF
sL7KRUrAykXiwcpFe8PKRRfFykWwxspFSMjKReTJykV9y8pFFc3KRa7OykVK0MpF4tHKRXvT
ykUV1cpFrtbKRUrYykXm2cpFe9vKRRfdykWu3spFSODKReLhykV948pFFeXKRa7mykVI6MpF
4unKRX3rykUV7cpFsO7KRUjwykXk8cpFe/PKRRX1ykWu9spFSPjKReT5ykV9+8pFF/3KRbD+
ykVKAMtF4gHLRXsDy0UVBctFsAbLRUgIy0XiCctFewvLRRUNy0WyDstFSBDLReIRy0V7E8tF
FRXLRa4Wy0VIGMtF4hnLRXsby0UXHctFrh7LRUogy0XiIctFfSPLRRcly0WwJstFSijLReIp
y0V7K8tFFS3LRa4uy0VKMMtF4jHLRX0zy0UVNctFsDbLRUg4y0XiOctFezvLRRU9y0WuPstF
SEDLReRBy0V9Q8tFFUXLRa5Gy0VISMtF4knLRX1Ly0UVTctFrk7LRUhQy0XkUctFfVPLRRdV
y0WuVstFSFjLReJZy0V9W8tFF13LRbBey0VIYMtF5GHLRXtjy0UVZctFrmbLRUpoy0XkactF
e2vLRRVty0WwbstFTHDLReJxy0V7c8tFFXXLRa52y0VIeMtF4nnLRX17y0UVfctFrn7LRUiA
y0XigctFe4PLRRWFy0WwhstFSojLReSJy0V9i8tFF43LRa6Oy0VIkMtF4pHLRXuTy0UXlctF
rpbLRUqYy0XimctFfZvLRRWdy0WunstFSKDLReKhy0V7o8tFF6XLRa6my0VIqMtF5KnLRXur
y0UVrctFrq7LRUiwy0XisctFfbPLRRW1y0WutstFSrjLReS5y0V7u8tFFb3LRa6+y0VIwMtF
4sHLRXvDy0UVxctFrsbLRUrIy0XkyctFe8vLRRXNy0WwzstFSNDLReTRy0V908tFF9XLRa7W
y0VI2MtF4tnLRXvby0UV3ctFrt7LRUjgy0Xk4ctFe+PLRRXly0Wu5stFSOjLReLpy0V768tF
Fe3LRa7uy0VI8MtF5PHLRXvzy0UV9ctFrvbLRUj4y0Xi+ctFffvLRRX9y0Ww/stFSADMReQB
zEV9A8xFFwXMRa4GzEVICMxF5AnMRX0LzEUXDcxFrg7MRUgQzEXiEcxFfRPMRRUVzEWuFsxF
TBjMReYZzEV9G8xFFR3MRbAezEVIIMxF4iHMRX0jzEUVJcxFribMRUoozEXiKcxFeyvMRRct
zEWuLsxFSDDMReIxzEV7M8xFFTXMRbA2zEVKOMxF4jnMRXs7zEUXPcxFrj7MRUpAzEXiQcxF
e0PMRRVFzEWuRsxFSkjMReRJzEV7S8xFF03MRbBOzEVKUMxF4lHMRX1TzEUVVcxFrlbMRUpY
zEXiWcxFe1vMRRVdzEWuXsxFSmDMReJhzEV9Y8xFF2XMRa5mzEVKaMxF5GnMRX1rzEUXbcxF
rm7MRUpwzEXkccxFe3PMRRd1zEWwdsxFSHjMReJ5zEV9e8xFF33MRa5+zEVIgMxF4oHMRXuD
zEUVhcxFsIbMRUiIzEXkicxFfYvMRRWNzEWwjsxFSJDMReKRzEV7k8xFF5XMRa6WzEVImMxF
5JnMRX2bzEUVncxFsJ7MRUigzEXkocxFe6PMRRWlzEWupsxFSKjMReKpzEV7q8xFF63MRa6u
zEVKsMxF4rHMRXuzzEUVtcxFsLbMRUi4zEXiucxFe7vMRRm9zEWwvsxFSMDMReTBzEV7w8xF
F8XMRa7GzEVKyMxF4snMRX3LzEUVzcxFrs7MRUjQzEXk0cxFe9PMRRXVzEWu1sxFSNjMReLZ
zEV728xFF93MRa7ezEVI4MxF4uHMRX3jzEUX5cxFrubMRUjozEXi6cxFfevMRRXtzEWu7sxF
SvDMReTxzEV988xFF/XMRbD2zEVK+MxF4vnMRX37zEUV/cxFrv7MRUoAzUXkAc1FfQPNRRUF
zUWuBs1FSAjNReIJzUV9C81FFQ3NRbAOzUVKEM1F4hHNRX0TzUUXFc1FrhbNRUgYzUXkGc1F
exvNRRcdzUWuHs1FSCDNReIhzUV9I81FFSXNRa4mzUVIKM1F4inNRX0rzUUVLc1Fri7NRUgw
zUXkMc1FfTPNRRU1zUWuNs1FSDjNReI5zUV7O81FFz3NRa4+zUVIQM1F4kHNRXtDzUUVRc1F
rkbNRUhIzUXkSc1FfUvNRRVNzUWwTs1FSFDNReJRzUV9U81FF1XNRa5WzUVKWM1F5FnNRX1b
zUUXXc1Frl7NRUpgzUXiYc1Fe2PNRRVlzUWuZs1FSmjNReRpzUV9a81FFW3NRa5uzUVIcM1F
4nHNRXtzzUUXdc1FsHbNRUh4zUXiec1Fe3vNRRd9zUWufs1FSIDNReKBzUV9g81FFYXNRa6G
zUVKiM1F5InNRXuLzUUVjc1Fro7NRUiQzUXkkc1Fe5PNRReVzUWwls1FSpjNReKZzUV9m81F
FZ3NRa6ezUVKoM1F4qHNRXujzUUVpc1FrqbNRUqozUXiqc1Fe6vNRRetzUWurs1FSLDNReKx
zUV7s81FF7XNRa62zUVKuM1F4rnNRX27zUUXvc1Frr7NRUrAzUXiwc1Fe8PNRRXFzUWuxs1F
SMjNReLJzUV9y81FFc3NRa7OzUVK0M1F5NHNRXvTzUUV1c1FsNbNRUjYzUXi2c1FfdvNRRXd
zUWu3s1FSODNReLhzUV7481FFeXNRa7mzUVI6M1F5OnNRX3rzUUV7c1Fru7NRUrwzUXi8c1F
ffPNRRf1zUWu9s1FSvjNReL5zUV9+81FFf3NRa7+zUVIAM5F4gHORXsDzkUVBc5FrgbORUoI
zkXkCc5FewvORRcNzkWuDs5FSBDOReIRzkV7E85FFRXORa4WzkVIGM5F4hnORXsbzkUVHc5F
rh7ORUggzkXkIc5FfSPORRclzkWuJs5FSijOReQpzkV9K85FFS3ORa4uzkVIMM5F4jHORX0z
zkUVNc5FsDbORUo4zkXiOc5FfTvORRU9zkWuPs5FSEDOReRBzkV7Q85FFUXORa5GzkVISM5F
5EnORXtLzkUVTc5Frk7ORUhQzkXkUc5Fe1PORRdVzkWuVs5FSFjOReRZzkV7W85FFV3ORa5e
zkVKYM5F4mHORXtjzkUVZc5FsGbORUhozkXkac5Fe2vORRdtzkWubs5FSHDOReJxzkV9c85F
F3XORbB2zkVIeM5F4nnORX17zkUVfc5Frn7ORUiAzkXigc5Fe4PORReFzkWuhs5FSIjOReKJ
zkV9i85FFY3ORbCOzkVIkM5F5JHORX2TzkUVlc5FrpbORUiYzkXimc5Fe5vORRWdzkWwns5F
SqDOReKhzkV9o85FFaXORa6mzkVIqM5F5KnORXurzkUVrc5Fsq7ORUiwzkXisc5Fe7PORRW1
zkWwts5FSrjOReS5zkV9u85FF73ORa6+zkVKwM5F4sHORXvDzkUVxc5FsMbORUjIzkXiyc5F
e8vORRXNzkWwzs5FSNDOReTRzkV9085FF9XORbDWzkVK2M5F4tnORXvbzkUX3c5Frt7ORUjg
zkXk4c5Fe+PORRflzkWw5s5FSujOReTpzkV9685FFe3ORbDuzkVI8M5F5PHORX3zzkUV9c5F
rvbORUr4zkXi+c5FffvORRX9zkWw/s5FSgDPReIBz0V7A89FFQXPRa4Gz0VKCM9F5AnPRXsL
z0UVDc9Frg7PRUgQz0XkEc9FexPPRRUVz0WwFs9FShjPReIZz0V9G89FFR3PRa4ez0VIIM9F
5CHPRX0jz0UXJc9FribPRUooz0XkKc9FeyvPRRUtz0WuLs9FSjDPReIxz0V7M89FFTXPRa42
z0VIOM9F4jnPRX07z0UVPc9Frj7PRUpAz0XiQc9Fe0PPRRdFz0WuRs9FSEjPReJJz0V7S89F
FU3PRbBOz0VIUM9F5FHPRX1Tz0UVVc9FrlbPRUhYz0XkWc9FfVvPRRVdz0WuXs9FSGDPReJh
z0V7Y89FFWXPRa5mz0VIaM9F5GnPRXtrz0UXbc9Frm7PRUhwz0Xkcc9Fe3PPRRV1z0Wuds9F
SnjPReJ5z0V9e89FFX3PRbB+z0VKgM9F4oHPRX2Dz0UXhc9FrobPRUqIz0Xiic9Fe4vPRRWN
z0Wwjs9FSpDPReKRz0V7k89FFZXPRa6Wz0VImM9F4pnPRX2bz0UXnc9Frp7PRUigz0Xioc9F
e6PPRRWlz0Wups9FSqjPReSpz0V7q89FF63PRbCuz0VKsM9F5LHPRX2zz0UVtc9FrrbPRUq4
z0Xkuc9Fe7vPRRW9z0Wuvs9FSsDPReLBz0V9w89FFcXPRa7Gz0VKyM9F5MnPRX3Lz0UVzc9F
rs7PRUjQz0Xi0c9Fe9PPRRfVz0Ww1s9FSNjPReTZz0V7289FF93PRbDez0VI4M9F4uHPRXvj
z0UV5c9FsObPRUroz0Xi6c9FfevPRRXtz0Wu7s9FSPDPReLxz0V7889FF/XPRa72z0VI+M9F
5PnPRXv7z0UX/c9Frv7PRUgA0EXiAdBFewPQRRcF0EWuBtBFSgjQReQJ0EV9C9BFFw3QRa4O
0EVIENBF4hHQRX0T0EUXFdBFrhbQRUoY0EXkGdBFfRvQRRUd0EWwHtBFSiDQReIh0EV9I9BF
FSXQRbAm0EVKKNBF4inQRXsr0EUVLdBFri7QRUgw0EXiMdBFfTPQRRU10EWwNtBFSDjQReI5
0EV7O9BFFz3QRa4+0EVIQNBF4kHQRX1D0EUXRdBFrkbQRUhI0EXiSdBFfUvQRRVN0EWuTtBF
SlDQReJR0EV7U9BFF1XQRbBW0EVIWNBF4lnQRXtb0EUXXdBFrl7QRUhg0EXiYdBFe2PQRRVl
0EWuZtBFSGjQReRp0EV7a9BFF23QRa5u0EVKcNBF5HHQRXtz0EUVddBFrnbQRUp40EXiedBF
fXvQRRd90EWuftBFSoDQReKB0EV7g9BFF4XQRbCG0EVIiNBF5InQRXuL0EUVjdBFro7QRUqQ
0EXikdBFe5PQRRWV0EWultBFSJjQReKZ0EV7m9BFFZ3QRa6e0EVKoNBF4qHQRXuj0EUXpdBF
rqbQRUio0EXkqdBFfavQRRWt0EWwrtBFSLDQReSx0EV9s9BFF7XQRbC20EVIuNBF4rnQRX27
0EUVvdBFsL7QRUjA0EXiwdBFfcPQRRfF0EWwxtBFSMjQReTJ0EV9y9BFF83QRa7O0EVK0NBF
5NHQRX3T0EUX1dBFsNbQRUjY0EXk2dBFe9vQRRXd0EWu3tBFSODQReLh0EV749BFFeXQRbDm
0EVK6NBF5OnQRX3r0EUV7dBFru7QRUrw0EXk8dBFffPQRRX10EWw9tBFSPjQReT50EV9+9BF
F/3QRa7+0EVIANFF4gHRRX0D0UUXBdFFrgbRRUgI0UXkCdFFfQvRRRUN0UWwDtFFShDRReQR
0UV9E9FFFRXRRbAW0UVIGNFF4hnRRXsb0UUXHdFFrh7RRUog0UXiIdFFeyPRRRcl0UWwJtFF
SijRReIp0UV9K9FFFy3RRbAu0UVIMNFF5DHRRX0z0UUVNdFFrjbRRUg40UXiOdFFfTvRRRU9
0UWuPtFFSEDRReJB0UV9Q9FFF0XRRa5G0UVISNFF4knRRX1L0UUXTdFFrk7RRUhQ0UXkUdFF
e1PRRRVV0UWwVtFFSljRReJZ0UV7W9FFFV3RRa5e0UVIYNFF4mHRRX1j0UUXZdFFrmbRRUpo
0UXiadFFf2vRRRVt0UWwbtFFSnDRReJx0UV7c9FFF3XRRbB20UVKeNFF5HnRRXt70UUXfdFF
sH7RRUiA0UXkgdFFe4PRRReF0UWwhtFFSIjRReSJ0UV9i9FFF43RRa6O0UVIkNFF4pHRRX2T
0UUVldFFsJbRRUiY0UXimdFFe5vRRRWd0UWuntFFSKDRReSh0UV7o9FFF6XRRa6m0UVIqNFF
5KnRRX2r0UUVrdFFrq7RRUiw0UXksdFFe7PRRRW10UWuttFFSLjRReK50UV7u9FFF73RRa6+
0UVIwNFF5MHRRX3D0UUVxdFFrsbRRUjI0UXiydFFe8vRRRfN0UWwztFFStDRReTR0UV709FF
F9XRRa7W0UVI2NFF4tnRRXvb0UUV3dFFrt7RRUrg0UXi4dFFfePRRRXl0UWu5tFFSujRReLp
0UV769FFFe3RRbDu0UVK8NFF4vHRRXvz0UUV9dFFsPbRRUj40UXi+dFFe/vRRRf90UWu/tFF
SADSReIB0kV9A9JFFQXSRa4G0kVKCNJF5AnSRX0L0kUVDdJFrg7SRUgQ0kXiEdJFexPSRRUV
0kWwFtJFSBjSReIZ0kV9G9JFFR3SRa4e0kVKINJF5iHSRXsj0kUXJdJFribSRUgo0kXkKdJF
fSvSRRUt0kWwLtJFSDDSReQx0kV7M9JFFTXSRbA20kVIONJF4jnSRX070kUVPdJFrj7SRUhA
0kXiQdJFe0PSRRdF0kWwRtJFSEjSReJJ0kV7S9JFF03SRa5O0kVIUNJF4lHSRXtT0kUXVdJF
rlbSRUpY0kXiWdJFe1vSRRdd0kWwXtJFSGDSReRh0kV7Y9JFF2XSRa5m0kVKaNJF5GnSRXtr
0kUXbdJFrm7SRUhw0kXicdJFe3PSRRd10kWudtJFSnjSReR50kV7e9JFF33SRa5+0kVIgNJF
4oHSRX2D0kUXhdJFrobSRUiI0kXkidJFe4vSRRWN0kWwjtJFSpDSReSR0kV7k9JFF5XSRa6W
0kVImNJF4pnSRXub0kUVndJFrp7SRUqg0kXiodJFfaPSRRWl0kWuptJFSKjSReSp0kV7q9JF
Fa3SRbCu0kVIsNJF4rHSRXuz0kUXtdJFsLbSRUq40kXiudJFfbvSRRe90kWuvtJFSMDSReLB
0kV9w9JFFcXSRa7G0kVIyNJF5MnSRXvL0kUVzdJFrs7SRUjQ0kXi0dJFe9PSRRXV0kWw1tJF
SNjSReLZ0kV929JFF93SRa7e0kVK4NJF4uHSRXvj0kUV5dJFsObSRUro0kXk6dJFfevSRRft
0kWw7tJF</AssayXData><AssayYData Points="1500">sXGnQGSVp0CAmqdAuIanQEpsp0CmiadAW6anQHaep0BFxqdA74unQM+Lp0Dck6dAR5WnQASF
p0BgtadAGbWnQIWnp0DbradArbmnQOSsp0DuqKdAnMenQKOpp0A9rqdAGsqnQOOip0Ccv6dA
S8GnQBCpp0CYqadAwe2nQCPkp0CboadATp6nQOnQp0AFs6dAkaunQP/vp0CppqdA1LGnQPu7
p0Cp1KdAis6nQL/Up0AKqadAsbunQAbUp0A+7KdArMmnQBPJp0DNy6dA/7enQPvPp0CU4KdA
1c6nQCjlp0Du2adA2tinQGekp0CGCqhAgeenQOSsp0Dj2qdAttKnQJvIp0D42adAHdinQCHR
p0CazqdAZ7inQMPVp0Bm1adAPuGnQJi3p0Cm1adAxNOnQFjvp0DhwadAFsenQCzbp0Bj+adA
2sunQDkHqEBC4KdA69WnQKDvp0Cv0adA4cynQPXdp0An5qdATOWnQHTpp0DYzadA2s+nQIDl
p0CE6KdAgMenQKb+p0BP76dAJcynQEj4p0Al66dAe8ynQHnrp0AvKKhA3einQLcBqEB8D6hA
HMmnQJTYp0D+56dAQs2nQB/0p0CJIKhA+PanQCXXp0AxBqhAdt2nQD3Fp0Cv96dAkNunQOLV
p0B+56dAzeenQLPXp0BpyadArguoQNHZp0Ch6adAw9+nQCP5p0A/3adAqMinQJnEp0BU5adA
s/CnQFL1p0Dd46dAG/OnQPvrp0Cc5KdAhN+nQBMBqEDU/6dAscOnQG/4p0BU+6dAq96nQGUZ
qEBQ66dAhrunQNQHqEAJ+adApdinQFwEqECjDqhAMw2oQDsOqEBZDahAfP6nQEr5p0C3CahA
r/unQN7lp0CP/KdAhC2oQDbEp0CW/KdABAeoQMHsp0Co/adArBuoQADap0Dv5qdAeRSoQCry
p0D1+KdA5QuoQNQFqEAS5KdA0gGoQAj4p0DG8KdAfO+nQND3p0BxAqhArQaoQKr1p0BUAqhA
2g+oQPfgp0BnIKhA6x+oQGsFqEBe/adAkt2nQCHzp0BVIKhACAmoQAlKqEBmF6hAwgqoQEAb
qEAODKhAmQ2oQGvfp0ALKKhAT/6nQFYhqEB7DahApweoQO/sp0DUM6hAwfmnQL/ap0BiFahA
4O2nQMwMqECfOKhARhqoQEL9p0AfEKhAyAeoQKgqqEBmC6hAbSSoQPkbqEDxBahA2yioQAQD
qEB2EqhA5juoQHIXqEB/DahAWByoQBsqqEBkFqhAjzqoQIwfqEDO5adAGv6nQFQDqEAQAKhA
IwCoQJgqqEBc/KdAThKoQHwWqECJLqhALiCoQJgRqEBnD6hAOAqoQN5HqEAqK6hABxioQOwX
qEALD6hA9QioQBQSqEBrD6hA6CGoQG8mqED/QKhAnwioQJgBqEDtFahAlhmoQDIaqEBaOKhA
UTaoQDcgqED6KahAzTeoQC8eqEASIKhAmDKoQFoqqEB3IqhAnTmoQCUQqED1CKhAkSqoQOEV
qECJKKhAYiqoQLFLqEBz9adA6UeoQL5PqECzDKhA+lioQNIzqEC0+KdAvyaoQL9WqECbLahA
NxqoQABOqEBPM6hAdjOoQPQmqEBMRKhAiDSoQJQ1qEBFKqhAWSyoQCQ5qEAXQqhA2AOoQAYX
qEA1VqhAIDyoQCAaqEAHNKhAtieoQN4VqEANMahAa0GoQAwlqEByM6hAcTeoQC85qEAzLqhA
JzOoQLM2qEDRIqhAmDGoQE4QqEDfPKhAY0ioQKw0qECuT6hAD0CoQCsyqEBYQ6hA9TqoQHRN
qECxSqhAPlCoQNFtqEALT6hAfEKoQAVNqEDcMahACVaoQMcqqED6L6hAMEioQNNfqEAcWKhA
fiCoQAVkqECIWqhAJTuoQNdFqECvU6hAyDWoQI84qECxTqhA1yKoQEpFqEAQVqhAlBKoQGlI
qEDNTahAoFyoQG0gqEBcSahA2FeoQIdIqECYXahA/TqoQEBLqED1UqhAqlioQEtIqECOU6hA
B0uoQFBEqEAlJqhAJ2qoQIdTqEAtPKhAZWqoQLNeqEDbWqhAOV6oQCpaqECTM6hAXSCoQLRp
qEAGTqhAg02oQDphqECYRKhAqE6oQH5RqEBhU6hAmHmoQBliqEAlc6hATRKoQH5pqEBQXqhA
y3aoQMx0qEDiW6hAglqoQNl5qEDuf6hAe1eoQN1HqEAofKhAh0SoQP5vqEAYUahAdT2oQHNZ
qECqgKhAnGWoQPxzqECwdqhAqGeoQApQqEAjr6hANnaoQJxpqEBNX6hAj3eoQI95qEBCX6hA
6GOoQEtjqEBbXKhAv36oQCZ3qEC3RahAbm2oQEOCqEAxXahAsXCoQGhfqEDub6hArFaoQDBy
qECzZahATGCoQIR2qEDWT6hA1Y2oQJB0qEBIcqhAXVmoQMqUqEBocKhAk3aoQARzqEDSh6hA
qV+oQH+IqEARp6hAG4KoQGOVqEC/k6hA4mWoQBxuqEA+l6hA72+oQHZdqEAIgqhA9H6oQPtk
qEBQYqhA0ZKoQD+EqEBElqhAnYCoQD2LqEAMZahAzGKoQAFrqEBDfqhA64WoQFd8qEA6b6hA
kYuoQJqRqECFb6hAUpWoQA97qEDWbahAOIqoQC14qEA7XqhAYHKoQMdwqECRcKhAKYioQJaF
qECUkqhAAJeoQPFeqECdhahAi3uoQEuJqEAugqhAP3+oQJiYqEBvn6hA+X2oQHqYqEDIe6hA
dnKoQMCVqEBVn6hAq3OoQGqHqEBnpahAFZioQCxhqEDjm6hAio+oQOuFqEBNlqhAU6moQJNe
qEAOhqhAU4eoQByQqEAuhahA5YuoQBSNqEBweKhARn2oQJqJqEAum6hAnqKoQHu2qEAAd6hA
G5KoQO+hqEDYmqhAuYqoQAe1qECZuKhAuYqoQPWiqEBKkKhAZ5WoQDisqECOmahA1nWoQAW9
qEDxoqhAPZaoQL6jqED2l6hAZpuoQBPOqEDUrqhA5I2oQIGOqED3r6hAM6qoQFiaqEAcnqhA
7JeoQDSWqEAyuKhAkp+oQBx9qEBYqqhAQKuoQGOsqED8tqhAvrSoQACiqEALm6hAqLGoQBmg
qED5qahAbbKoQFyOqECUnahA+KioQBOzqEBRs6hABryoQMjDqED0hKhAl7SoQIy5qECBtqhA
V6eoQJm6qEAJt6hAL8eoQJLCqEANjahA0J6oQPadqEAsu6hAvnyoQK68qEAjjKhAC7qoQL+w
qEC5tKhAdquoQBy6qEA5oahAIJqoQJ3KqECouahAYZioQDuvqEAOsKhAnLaoQAShqECJzqhA
btmoQBHGqEANpKhAFaaoQOjHqECEpahA+KqoQFaWqEAhwKhAvLqoQF2cqEBQ2qhAS8WoQEK5
qECGzKhAm82oQIykqEBasqhAz9eoQLLeqEAZuqhAs7+oQIerqEDpvahAYduoQJqyqEB8wahA
ibyoQPGuqEA32KhAncaoQMfWqECXsqhAn86oQHPNqECFpqhAeNeoQFStqEBcxKhAhrKoQMTt
qEAuzahA2K6oQE/KqED5yqhAicWoQMTgqEDAtKhACeeoQGHGqEC7zKhAKNGoQBjgqECIzKhA
tsCoQC65qECA4KhAh5+oQOS7qEAS26hA08yoQBKrqEC4zahADNSoQGSuqECa1KhAR+moQGa6
qEAun6hAgcSoQDzIqEBksahAZdioQDvTqEDL0KhA2/eoQGHPqEBB06hAkuioQA/jqECiyqhA
R+SoQMb+qEAH06hA/cGoQHzuqEAJrKhA2t6oQFreqEBVq6hAN8aoQD3WqEAZ5ahAFcCoQGav
qEBZAalAFumoQG3OqEAG6qhABdSoQFLbqEAw+6hARb+oQF7VqEBy36hA0tSoQFmtqEAOAalA
u/GoQDveqECq6ahALPOoQJ7sqEAv36hAUvWoQFHjqEAg56hAzeaoQMXJqEAG76hAPQGpQPMJ
qUCJz6hAvemoQNy7qEBX1ahAq/2oQJftqEB4w6hA7QCpQKnvqECi3KhA/+qoQOjqqEBs3qhA
6suoQJz9qEDv5ahATdaoQJfjqECl2KhAruKoQIopqUDs6qhAycmoQJr5qECuD6lAtdeoQK/3
qECSzqhAmQ2pQIcCqUDK9KhAg+SoQDz2qEDWDKlACvyoQAkQqUDqBalAbfeoQPT7qEBzF6lA
G/aoQB/dqECjFalAB/WoQOPyqECREKlA7Q6pQDrmqECZ/6hAJwqpQF8QqUCG2qhAIRWpQKHn
qEDj46hAc/CoQMkKqUBdBalAJwepQKQpqUDFAalA0Q+pQHMVqUCV8KhAqgSpQKwMqUCm+qhA
h9OoQPgDqUBq6KhAKOOoQDosqUDaCalA//yoQHURqUBvB6lAQxWpQFY3qUCWB6lAeN6oQGru
qEBCBKlALwWpQIzeqEDh6KhAJxCpQArwqEARK6lAexipQHAVqUDAHqlAuhypQPYRqUB7IalA
6fKoQCoTqUA2EqlAxS+pQIfQqEDbEalAeDipQN30qEC72KhAyASpQKwjqUC0D6lAEiipQNcb
qUApCKlAsQOpQMUkqUAFAKlA4gWpQHJNqUARFKlA3TKpQLo0qUAR3qhAmCKpQAQjqUC38KhA
URqpQFA4qUAdKalA4eSoQIIqqUBQAKlAqfioQLM9qUAeF6lAAimpQDwiqUBnOalA+yepQEoY
qUA+AKlADv2oQKFKqUD8KKlAVSmpQJwMqUCNJqlAtRepQFYXqUD0IalASCCpQNkuqUBwWKlA
KyGpQKcoqUDUM6lA+BapQE4gqUB5NqlAEDWpQEcKqUBXFalAojKpQMguqUDRG6lAiyGpQNc7
qUDvC6lAzBSpQDhJqUChOqlAflWpQHQkqUB5IKlAQxypQElgqUCwD6lA7DSpQLlEqUADK6lA
1u6oQLw3qUCLTalAYgepQDIWqUAgWalAnzOpQJdKqUAsLKlAaUOpQEwtqUA3J6lAaDepQI80
qUBvXKlAgxqpQK9PqUCjXqlAmSGpQGs7qUDFRqlA/UKpQHMuqUCLQ6lAEjmpQDggqUCfMqlA
JxKpQNUxqUBqIqlAS1+pQOktqUC1MalAVFOpQFs0qUAkNalAbjWpQCNKqUA/OKlAZlmpQCYk
qUArVqlAHTWpQKY/qUDOLqlAmkGpQMtdqUDbS6lAxT2pQPhCqUDTPalApj2pQM5AqUD8EKlA
HEWpQLZXqUDCPalAiCypQLVAqUCJfqlAFBepQJo+qUB4UqlA9C6pQJsmqUAAPqlAvimpQHxD
qUDUS6lAc0ipQBYaqUBMZalAWz6pQLpPqUCSZalAgEmpQN8nqUAURKlA8GapQME5qUATSalA
wVypQDMjqUCfS6lAnlapQGJVqUBnPalA41epQPxiqUADQqlASjypQGpQqUBlYalAo2CpQOxM
qUDASqlAK1+pQLtdqUCYPKlAZRmpQCxiqUDkaalA0lKpQP9kqUA7W6lAUkipQO9UqUCAZ6lA
/TCpQE9cqUDEVqlAETWpQHY8qUCBSqlAulqpQI4+qUCDUKlAYFKpQHBVqUBFgqlA2lOpQJpW
qUDpPqlAljipQPUoqUB8RKlApXepQPBVqUDFPKlA726pQARIqUCjXqlAT3OpQL8/qUBuOqlA
FmapQHxkqUCSZKlATFipQNxKqUBmVKlAuHCpQDJnqUBkUKlAPkupQHpmqUCIRqlACXOpQOls
qUB1T6lAx26pQE50qUBSZKlA4G6pQAZqqUAAa6lAFVapQOQ8qUBrhalA/GOpQPd2qUDcYqlA
dWapQKp7qUB/ZalAxVWpQKNzqUCmbalAAnmpQMJjqUBleqlA8HepQKeFqUCrcalAR2KpQL5a
qUDOYqlAcGipQEZHqUDlg6lACmmpQOtuqUC1YKlAMpypQBdkqUD3b6lAL2KpQHVlqUDaXalA
FIWpQAt+qUAhXalAmm2pQHNxqUAvQKlA6nupQMeSqUBNWqlAFGipQC9/qUDUb6lAW4GpQCWA
qUCKdalASW6pQDtvqUB5sqlA12apQBt9qUChe6lAPnCpQJN1qUBEcqlAo1mpQIZiqUBNsqlA
/YepQLVfqUBIp6lAVICpQKeMqUAhfalAmnSpQDSbqUBqq6lAY3upQPFpqUBZpKlAhW2pQAV4
qUBZoalA+aKpQARKqUDRZalASp2pQC1hqUCYf6lA/KGpQDGYqUBrb6lAYpOpQKhtqUD9dKlA
0nepQIlkqUC7kKlAvnSpQNKrqUCKcKlA4o+pQGKbqUBNdalAh3apQLuVqUBTe6lA5IWpQMCd
qUCMeqlACHepQMy2qUCaiqlANnCpQMKUqUArn6lAfZWpQPqQqUBQoalAQJypQG6OqUAjmqlA
wJKpQJeeqUB+nqlAoYmpQCOBqUCXvqlAiIipQCjAqUBBrKlAmKCpQNOJqUBUlalAPqapQKeP
qUCVl6lAQq2pQJecqUBElqlA+K2pQGxlqUCHkKlA34ypQGaQqUCpialABY6pQEycqUCZj6lA
nKOpQPikqUDwlKlABsypQIetqUD2n6lAZpupQHujqUBDsKlA+pqpQE2hqUABqqlAs3apQI+c
qUDFmKlAvK6pQAinqUBcoKlA6rCpQOjDqUBPtqlA86upQJ6WqUC+l6lAFaupQM6iqUDh0qlA
r6CpQLOwqUCHkqlA5KSpQITMqUC/salAjLSpQDOWqUBmnalAzaGpQBOdqUA7t6lAe6+pQGqj
qUCYxKlAPsmpQI68qUAbiKlAMKapQMS4qUCLoqlAk7ipQOu1qUBfj6lAQb2pQLC5qUAurqlA
TbOpQNytqUB0xqlAiKOpQCTeqUA5t6lAfuOpQCfVqUCk0alAFaipQOHJqUAdr6lAyNypQHux
qUCh0KlAvL2pQPeqqUDVwalA95ipQOm8qUBsnalAHcapQJ/LqUBJ6KlAwtCpQAPEqUDixalA
BcGpQOyjqUCVpqlA+LipQC7BqUD4w6lA6dOpQPR/qUDU0qlAS86pQPnkqUBar6lAc92pQKe6
qUAix6lAtsKpQGqpqUBHwqlAr8upQJ3vqUBSlqlAwP2pQF3HqUBSwKlAVb2pQHO5qUAElalA
oLKpQJPHqUA1zalArcepQOO3qUDOpqlA34epQGfTqUBn0qlAcJypQMPUqUB3talAEpqpQDm3
qUBW56lA4qepQAHWqUBpzalABOepQBS4qUDX86lAuM6pQH69qUAd0alAd+ypQD63qUCc4KlA
brWpQOC0qUDaw6lAbsapQB/HqUChualAg9ipQMbOqUD826lAyMapQD7jqUD5y6lAO9GpQBa3
qUADr6lA5tmpQCisqUCp1qlAc9OpQM7RqUCM56lAn92pQPYCqkC/u6lA9uypQJv/qUD6uqlA
FMipQF/5qUA26KlAn8mpQCDiqUDR4alA7cCpQCnWqUBS2KlAyampQHH4qUAg7KlA1dWpQPXK
qUDuAKpAjbqpQDvVqUC+96lAIeOpQOLfqUDV26lA6sqpQF3eqUDm/alAF/KpQA3aqUCY2alA
U/6pQJS9qUCC4alAhf6pQKLKqUDu6alA9OqpQLivqUCwA6pAF/SpQALgqUBW1qlAtumpQMvU
qUD2xqlAvO+pQILRqUBF2qlAx+GpQHkFqkApBKpAk9upQKcTqkD+6KlAduWpQDzcqUDS96lA
kOWpQKj6qUC9/6lA+OupQGERqkAcwqlAwsKpQFgZqkAlz6lAOr2pQKPmqUBn0qlA3eepQH/r
qUAy8qlAvf+pQM3VqUCc3qlAJx+qQHDaqUC+BqpABvKpQOLrqUD676lAw+ipQGXkqUAtDapA
7QKqQBbSqUBd46lAaAyqQNgIqkDm8qlAEgOqQAIQqkBk+KlAHOipQGviqUAG86lANhyqQI3L
qUCH1alAoRaqQDD0qUDd86lAa+qpQL/eqUCL/KlATAKqQM/1qUDhHqpAvuupQDj4qUDKFqpA
FgCqQL/6qUAtJqpAie6pQAYJqkCR/alAifOpQD/+qUA/IapAlCWqQO32qUCUMKpAKw2qQHj4
qUCjJapA</AssayYData></Step><Step><CommonData><SampleLocation>5</SampleLocation><SampleID>Glycine</SampleID><SampleGroup></SampleGroup><SampleInfo></SampleInfo><SampleRow>F</SampleRow><SamplePlate>1</SamplePlate><WellType>REGENERATION</WellType><Concentration>-1</Concentration><ConcentrationUnits>µg/ml</ConcentrationUnits><MolarConcentration>-1</MolarConcentration><MolarConcUnits>nM</MolarConcUnits><MolecularWeight>0</MolecularWeight><Temperature>30</Temperature><StartTime>7653691</StartTime><AssayTime>5</AssayTime></CommonData><FlowRate>1000</FlowRate><StepType>KREGENERATION</StepType><StepName>Regeneration</StepName><StepStatus>OK</StepStatus><ActualTime>4.9998</ActualTime><CycleTime>0.2</CycleTime><AssayXData Points="25">SvDSReTx0kV989JFF/XSRbD20kVO+NJF5vnSRX370kUX/dJFsP7SRUoA00XmAdNFfQPTRRkF
00WwBtNFSgjTReQJ00V9C9NFGQ3TRbAO00VMENNF5hHTRX0T00UXFdNFsBbTRQ==</AssayXData><AssayYData Points="25">k4DZP2HO0D+ANMw/Cj/JP5grxz/sE8U/NSjDPyiMvz8Vhr0/tga7P1vfuD/d3rY/Mdu0P8/S
sj8fUrA/1XSuPxg/rT88P6s/CRiqP+vjqD8wv6c/TVymP1gqpT9TYKQ/UtOjPw==</AssayYData></Step><Step><CommonData><SampleLocation>6</SampleLocation><SampleID>PBS</SampleID><SampleGroup></SampleGroup><SampleInfo></SampleInfo><SampleRow>F</SampleRow><SamplePlate>1</SamplePlate><WellType>NEUTRALIZATION</WellType><Concentration>-1</Concentration><ConcentrationUnits>µg/ml</ConcentrationUnits><MolarConcentration>-1</MolarConcentration><MolarConcUnits>nM</MolarConcUnits><MolecularWeight>0</MolecularWeight><Temperature>30</Temperature><StartTime>7667250</StartTime><AssayTime>5</AssayTime></CommonData><FlowRate>1000</FlowRate><StepType>KREGENERATION</StepType><StepName>Regeneration</StepName><StepStatus>OK</StepStatus><ActualTime>4.9998</ActualTime><CycleTime>0.2</CycleTime><AssayXData Points="25">ShjTReYZ00V9G9NFFx3TRbIe00VKINNF5iHTRX8j00UZJdNFsCbTRU4o00XkKdNFfSvTRRkt
00WyLtNFSjDTReYx00V9M9NFFzXTRbA200VMONNF5DnTRX8700UXPdNFsD7TRQ==</AssayXData><AssayYData Points="25">gxGUQD/XlEBoJpVAv62VQFEClkAIFZZAeZGWQPuMlkCy7pZAoAaXQKIll0DfT5dA03OXQIeN
l0Czd5dArsaXQLPnl0DH0pdA+cSXQKEMmEBaL5hAhU6YQARUmEA4T5hAgkyYQA==</AssayYData></Step><Step><CommonData><SampleLocation>5</SampleLocation><SampleID>Glycine</SampleID><SampleGroup></SampleGroup><SampleInfo></SampleInfo><SampleRow>F</SampleRow><SamplePlate>1</SamplePlate><WellType>REGENERATION</WellType><Concentration>-1</Concentration><ConcentrationUnits>µg/ml</ConcentrationUnits><MolarConcentration>-1</MolarConcentration><MolarConcUnits>nM</MolarConcUnits><MolecularWeight>0</MolecularWeight><Temperature>30</Temperature><StartTime>7680518</StartTime><AssayTime>5</AssayTime></CommonData><FlowRate>1000</FlowRate><StepType>KREGENERATION</StepType><StepName>Regeneration</StepName><StepStatus>OK</StepStatus><ActualTime>4.9998</ActualTime><CycleTime>0.2</CycleTime><AssayXData Points="25">TEDTReZB00V9Q9NFF0XTRbRG00VKSNNF5EnTRX9L00UXTdNFsk7TRUpQ00XkUdNFfVPTRRdV
00WwVtNFTFjTReRZ00V9W9NFF13TRbJe00VMYNNF5mHTRX9j00UZZdNFsmbTRQ==</AssayXData><AssayYData Points="25">Ha28P9Ddsj/Epa0/AoOqPw0bqD/t5aU/BBekP+Xfoj/OLaE/AKygP+w8nz/eVZ4/HXSdPz49
nD+ujJs//YWaP0Bkmj8P7pk/BG6ZP1SkmD/fgJc/CBaXP9rElj+u5JU/NJyVPw==</AssayYData></Step><Step><CommonData><SampleLocation>6</SampleLocation><SampleID>PBS</SampleID><SampleGroup></SampleGroup><SampleInfo></SampleInfo><SampleRow>F</SampleRow><SamplePlate>1</SamplePlate><WellType>NEUTRALIZATION</WellType><Concentration>-1</Concentration><ConcentrationUnits>µg/ml</ConcentrationUnits><MolarConcentration>-1</MolarConcentration><MolarConcUnits>nM</MolarConcUnits><MolecularWeight>0</MolecularWeight><Temperature>30</Temperature><StartTime>7693943</StartTime><AssayTime>5</AssayTime></CommonData><FlowRate>1000</FlowRate><StepType>KREGENERATION</StepType><StepName>Regeneration</StepName><StepStatus>OK</StepStatus><ActualTime>5.00078</ActualTime><CycleTime>0.2</CycleTime><AssayXData Points="25">TGjTReZp00V/a9NFG23TRbJu00VMcNNF5nHTRX9z00UbddNFsnbTRUx400XmedNFgXvTRRl9
00WyftNFTIDTReaB00V/g9NFGYXTRbKG00VMiNNF5onTRYGL00UZjdNFtI7TRQ==</AssayXData><AssayYData Points="25">BOiTQAaGlECE7ZRAj1OVQJLFlUDc75VABkGWQNeRlkBInpZAttaWQHPqlkDPEJdABhGXQIA7
l0D7SJdA+4aXQHagl0D5sZdAYsCXQOW5l0A/yJdAXQGYQHkamEAANJhANyyYQA==</AssayYData></Step><Step><CommonData><SampleLocation>5</SampleLocation><SampleID>Glycine</SampleID><SampleGroup></SampleGroup><SampleInfo></SampleInfo><SampleRow>F</SampleRow><SamplePlate>1</SamplePlate><WellType>REGENERATION</WellType><Concentration>-1</Concentration><ConcentrationUnits>µg/ml</ConcentrationUnits><MolarConcentration>-1</MolarConcentration><MolarConcUnits>nM</MolarConcUnits><MolecularWeight>0</MolecularWeight><Temperature>30</Temperature><StartTime>7707369</StartTime><AssayTime>5</AssayTime></CommonData><FlowRate>1000</FlowRate><StepType>KREGENERATION</StepType><StepName>Regeneration</StepName><StepStatus>OK</StepStatus><ActualTime>4.9998</ActualTime><CycleTime>0.2</CycleTime><AssayXData Points="25">TpDTReiR00WBk9NFG5XTRbSW00VOmNNF6pnTRYOb00WDndNFx57TRVCg00XqodNFgaPTRR2l
00W0ptNFTqjTReip00WBq9NFHa3TRbSu00VOsNNF6LHTRYGz00UdtdNFtLbTRQ==</AssayXData><AssayYData Points="25">/v+3PxAxrj9CT6k/BpumP+M8pD+ZCaM/mJChP3eInz/rrJ4/GNWdP0PsnD+nJpw/reCbP9Tw
mj+XVpo/qHiZP4lkmT8rxJg/tE6YPy0hmD86Tpc/7vWWP+Splj/3UJY/Ck+VPw==</AssayYData></Step><Step><CommonData><SampleLocation>6</SampleLocation><SampleID>PBS</SampleID><SampleGroup></SampleGroup><SampleInfo></SampleInfo><SampleRow>F</SampleRow><SamplePlate>1</SamplePlate><WellType>NEUTRALIZATION</WellType><Concentration>-1</Concentration><ConcentrationUnits>µg/ml</ConcentrationUnits><MolarConcentration>-1</MolarConcentration><MolarConcUnits>nM</MolarConcUnits><MolecularWeight>0</MolecularWeight><Temperature>30</Temperature><StartTime>7720781</StartTime><AssayTime>5</AssayTime></CommonData><FlowRate>1000</FlowRate><StepType>KREGENERATION</StepType><StepName>Regeneration</StepName><StepStatus>OK</StepStatus><ActualTime>4.9998</ActualTime><CycleTime>0.2</CycleTime><AssayXData Points="25">TrjTReq500WBu9NFG73TRbS+00VSwNNF6sHTRYHD00UdxdNFtMbTRU7I00XoydNFgcvTRR3N
00W2ztNFTtDTRerR00WB09NFHdXTRbTW00VQ2NNF6tnTRYPb00Ub3dNFtN7TRQ==</AssayXData><AssayYData Points="25">sLyUQGFKlUCknZVA8BuWQAZ5lkBDq5ZADySXQLgdl0BkaJdA8naXQHK5l0C2xZdAEQeYQPTq
l0Cj+ZdA6TuYQF8/mEBBVphA23KYQOykmEA2wJhAFsyYQGHmmEAq0ZhAV+uYQA==</AssayYData></Step><Step><CommonData><SampleLocation>1</SampleLocation><SampleID>Octet Buffer</SampleID><SampleGroup></SampleGroup><SampleInfo></SampleInfo><SampleRow>E</SampleRow><SamplePlate>1</SamplePlate><WellType>BUFFER</WellType><Concentration>-1</Concentration><ConcentrationUnits>µg/ml</ConcentrationUnits><MolarConcentration>-1</MolarConcentration><MolarConcUnits>nM</MolarConcUnits><MolecularWeight>0</MolecularWeight><Temperature>30</Temperature><StartTime>7735179</StartTime><AssayTime>20</AssayTime></CommonData><FlowRate>1000</FlowRate><StepType>CUSTOM</StepType><StepName>Sensor Check</StepName><StepStatus>OK</StepStatus><ActualTime>20.0008</ActualTime><CycleTime>0.2</CycleTime><AssayXData Points="100">TuDTRejh00WD49NFG+XTRbTm00VO6NNF6OnTRYHr00Ub7dNFtu7TRU7w00Xq8dNFgfPTRRv1
00W09tNFTvjTRej500WB+9NFHf3TRbT+00VQANRF6AHURYMD1EUbBdRFtAbURU4I1EXoCdRF
gQvURRsN1EW2DtRFThDUReoR1EWBE9RFGxXURbQW1EVQGNRF6BnURYEb1EUbHdRFth7URU4g
1EXoIdRFgyPURRsl1EW0JtRFTijUReop1EWBK9RFGy3URbYu1EVOMNRF6jHURYEz1EUbNdRF
tjbURU441EXoOdRFgTvURRs91EW0PtRFTkDURehB1EWBQ9RFG0XURbZG1EVQSNRF6knURYFL
1EUbTdRFIU/URWVQ1EXqUdRFgVPURRtV1EW4VtRFUFjURehZ1EWDW9RFHV3URbRe1EVOYNRF
6mHURYNj1EUdZdRFtGbURU5o1EXqadRFgWvURRtt1EW0btRFTnDURehx1EWBc9RFG3XURbR2
1EVQeNRF6nnURYN71EUbfdRFtn7URQ==</AssayXData><AssayYData Points="100">LD6TQHxzkUCUDZBADwqPQCeBjkDvSY5Axc+NQEfOjUCtyY1AdaCNQBafjUAD641AitqNQIbo
jUB/441A+RaOQGcnjkATIo5A3g2OQCM2jkDxeI5ADluOQN1LjkDTco5At5KOQMyAjkCkq45A
B6GOQDanjkDWoI5AqMaOQBrIjkDVvI5AUgePQDXTjkCDEI9AZSWPQHkrj0Di8o5AxA2PQEwQ
j0BsP49AihiPQMw5j0CMLY9AYkaPQMBNj0B3OY9AsjaPQMmCj0AiXo9AF3SPQA18j0Cxo49A
O42PQGVkj0B4iI9AJISPQGSMj0Cjqo9AW5mPQGO2j0C5349ADKqPQMaKj0Cyj49AicmPQOes
j0DHzI9A28KPQOLnj0BS7o9ASeKPQPPLj0BU349AtvmPQK3Fj0C0849AguiPQBfvj0DO+I9A
1DCQQHrnj0CYAJBAT/mPQPcMkECr/o9APkKQQG8bkEBE6I9AyjGQQMwkkECqI5BAKQWQQK4z
kEBpMpBA6hyQQFo6kECuHZBAvCSQQA==</AssayYData></Step><Step><CommonData><SampleLocation>22</SampleLocation><SampleID>SI-157X50_P5564</SampleID><SampleGroup></SampleGroup><SampleInfo></SampleInfo><SampleRow>E</SampleRow><SamplePlate>1</SamplePlate><WellType>KLOAD</WellType><Concentration>5</Concentration><ConcentrationUnits>µg/ml</ConcentrationUnits><MolarConcentration>5000</MolarConcentration><MolarConcUnits>nM</MolarConcUnits><MolecularWeight>0</MolecularWeight><Temperature>30</Temperature><StartTime>7767127</StartTime><AssayTime>120</AssayTime></CommonData><FlowRate>1000</FlowRate><StepType>LOADING</StepType><StepName>Loading</StepName><StepStatus>OK</StepStatus><ActualTime>120.001</ActualTime><CycleTime>0.2</CycleTime><AssayXData Points="600">UIDUReqB1EWDg9RFHYXURbaG1EVSiNRF6onURYWL1EUdjdRFto7URVCQ1EXqkdRFg5PURR2V
1EW2ltRFUJjUReqZ1EWFm9RFH53URbae1EVSoNRF7KHURYWj1EUdpdRFuKbURVCo1EXsqdRF
g6vURR2t1EW2rtRFULDUReyx1EWDs9RFH7XURba21EVQuNRF6rnURYW71EUdvdRFtr7URVDA
1EXqwdRFg8PURR3F1EW2xtRFUsjURerJ1EWFy9RFH83URbjO1EVS0NRF7NHURYXT1EUd1dRF
ttbURVLY1EXq2dRFg9vURR3d1EW23tRFUuDURezh1EWD49RFH+XURbbm1EVQ6NRF7OnURYPr
1EUf7dRFtu7URVDw1EXs8dRFhfPURR311EW29tRFUvjURer51EWD+9RFHf3URbj+1EVQANVF
6gHVRYUD1UUdBdVFtgbVRVAI1UXsCdVFgwvVRR0N1UW2DtVFUBDVReoR1UWDE9VFHRXVRbYW
1UVSGNVF6hnVRYMb1UUfHdVFuB7VRVAg1UXsIdVFgyPVRR0l1UW4JtVFUCjVRewp1UWFK9VF
HS3VRbgu1UVSMNVF7DHVRYMz1UUfNdVFuDbVRVA41UXqOdVFgzvVRR091UW4PtVFUEDVRepB
1UWFQ9VFHUXVRbZG1UVSSNVF7EnVRYNL1UUdTdVFuE7VRVJQ1UXqUdVFg1PVRR1V1UW2VtVF
UljVRepZ1UWDW9VFHV3VRbZe1UVSYNVF7GHVRYVj1UUdZdVFtmbVRVJo1UXuadVFhWvVRR1t
1UW2btVFUnDVRepx1UWFc9VFHXXVRbh21UVQeNVF7HnVRYV71UUdfdVFuH7VRVCA1UXqgdVF
g4PVRR+F1UW2htVFUojVReqJ1UWFi9VFH43VRbaO1UVQkNVF6pHVRYWT1UUfldVFtpbVRVKY
1UXqmdVFg5vVRR+d1UW2ntVFUqDVReqh1UWDo9VFH6XVRbim1UVQqNVF7KnVRYOr1UUdrdVF
uK7VRVKw1UXqsdVFg7PVRR211UW2ttVFUrjVReq51UWFu9VFHb3VRbi+1UVQwNVF7MHVRYXD
1UUfxdVFtsbVRVDI1UXsydVFg8vVRR/N1UW4ztVFUNDVRerR1UWD09VFHdXVRbjW1UVS2NVF
7NnVRYXb1UUd3dVFuN7VRVLg1UXs4dVFg+PVRR3l1UW25tVFUujVRerp1UWF69VFHe3VRbbu
1UVQ8NVF7PHVRYPz1UUf9dVFuPbVRVL41UXs+dVFg/vVRR/91UW2/tVFUgDWReoB1kWDA9ZF
HQXWRbYG1kVQCNZFSArWRY0L1kUfDdZFtg7WRVAQ1kXsEdZFhRPWRR0V1kW2FtZFUBjWRewZ
1kWDG9ZFHR3WRbge1kVQINZF6iHWRYUj1kUdJdZFuCbWRVAo1kXsKdZFgyvWRR8t1kW4LtZF
UDDWReox1kWDM9ZFHTXWRbg21kVSONZF6jnWRYU71kUdPdZFuD7WRVBA1kXqQdZFhUPWRR9F
1kW2RtZFUEjWRexJ1kWDS9ZFHU3WRbhO1kVQUNZF7FHWRYNT1kUdVdZFuFbWRVJY1kXqWdZF
g1vWRR1d1kW2XtZFUGDWRexh1kWDY9ZFH2XWRbhm1kVQaNZF7GnWRYNr1kUdbdZFuG7WRVBw
1kXqcdZFg3PWRR911kW4dtZFUnjWRex51kWFe9ZFHX3WRbZ+1kVQgNZF6oHWRYWD1kUdhdZF
tobWRVKI1kXsidZFhYvWRR2N1kW2jtZFUJDWReyR1kWFk9ZFHZXWRbaW1kVQmNZF7JnWRYOb
1kUdndZFuJ7WRVKg1kXqodZFg6PWRR2l1kW4ptZFUqjWReqp1kWFq9ZFHa3WRbiu1kVSsNZF
6rHWRYWz1kUdtdZFtrbWRVC41kXsudZFg7vWRR291kW2vtZFUsDWRerB1kWDw9ZFHcXWRbbG
1kVQyNZF6snWRYXL1kUdzdZFts7WRVDQ1kXq0dZFhdPWRR3V1kW21tZFUNjWRerZ1kWF29ZF
Hd3WRbje1kVS4NZF6uHWRYPj1kUd5dZFuObWRVDo1kXq6dZFg+vWRR3t1kW27tZFUPDWRezx
1kWD89ZFHfXWRbb21kVQ+NZF6vnWRYP71kUf/dZFtv7WRVAA10XqAddFgwPXRR8F10W2BtdF
UAjXReoJ10WFC9dFHw3XRbYO10VQENdF6hHXRYMT10UfFddFthbXRVAY10XsGddFgxvXRR8d
10W2HtdFUCDXReoh10WDI9dFHyXXRbYm10VQKNdF6inXRYMr10UfLddFti7XRVAw10XqMddF
gzPXRR8110W4NtdFUDjXReo510WHO9dFHz3XRbY+10VQQNdF6kHXRYVD10UdRddFtkbXRVJI
10XsSddFg0vXRR9N10W4TtdFUFDXRepR10WDU9dFHVXXRbZW10VSWNdF7FnXRYNb10UdXddF
tl7XRVJg10XsYddFg2PXRR1l10W2ZtdFUmjXRexp10WFa9dFHW3XRbZu10VQcNdF7HHXRYNz
10UddddFuHbXRVB410XqeddFg3vXRR1910W2ftdFUoDXReyB10WFg9dFHYXXRbaG10VSiNdF
7InXRYOL10UfjddFuI7XRVCQ10XskddFhZPXRR2V10W2ltdFUpjXReqZ10WDm9dFH53XRbae
10VQoNdF6qHXRYOj10UdpddFuKbXRVCo10XqqddFhavXRR2t10W2rtdFULDXReqx10WFs9dF
HbXXRbi210VQuNdF7rnXRYO710UdvddFuL7XRVLA10XqwddFhcPXRR/F10W2xtdFUsjXRerJ
10WDy9dFHc3XRbbO10VQ0NdF6tHXRYPT10Uf1ddFuNbXRVLY10Xs2ddFhdvXRR3d10W23tdF
UODXRerh10WD49dFH+XXRbbm10VQ6NdF6unXRYPr10Uf7ddFtu7XRVLw10Xq8ddFhfPXRR31
10W29tdFUvjXRez510WD+9dFHf3XRbb+10VSANhF6gHYRYUD2EUdBdhFuAbYRVII2EXsCdhF
gwvYRR0N2EW4DthFUBDYRewR2EWDE9hFHRXYRbYW2EVQGNhF7BnYRYUb2EUfHdhFth7YRVAg
2EXqIdhFgyPYRR0l2EW2JthFUCjYReop2EWFK9hFHy3YRbYu2EVSMNhF7DHYRYMz2EUdNdhF
tjbYRVI42EXsOdhFgzvYRR092EW4PthF</AssayXData><AssayYData Points="600">8nGPQKSsj0B0CJBA6wCQQMo+kEA4SJBA1IKQQNiBkEBQv5BAndGQQD0CkUC3ApFAXBiRQGpN
kUAXJJFAcF+RQGV9kUCum5FAiIaRQG/RkUBJvJFAmfORQEgZkkC1CpJAVxWSQB5CkkBYV5JA
L1ySQHhskkAVd5JAtNKSQHHpkkCEAZNAh8KSQBUOk0ByIZNAXUKTQB03k0DnbZNAV4aTQIR9
k0Dun5NAOOyTQCy5k0DA15NAre6TQBP1k0D1RJRAujiUQMZSlEDtdJRAWm+UQNCKlEArhZRA
9+eUQOqplED025RAHSyVQGL8lEBt/pRA1hWVQGA+lUDRMZVAO3iVQL5klUCipJVApa+VQNDN
lUBovpVAN9+VQNftlUCv7JVAeh6WQGkZlkBMOpZAtjiWQJhMlkDsYpZAa3mWQEKZlkDZlpZA
nLWWQHjYlkBG8JZAA8mWQLYMl0CcA5dAx/CWQBoll0AeV5dAQ0iXQKdpl0DKdpdA5V2XQE55
l0AOz5dALZmXQI+ll0D2B5hAROaXQCkMmEA4F5hA9xeYQHoqmEBsQZhAfEKYQMBNmEAMhJhA
+IKYQNWmmEDXsZhAz7OYQFu+mECRzZhAtOSYQArNmEBQAJlAl/2YQGz8mEA0LJlAXyKZQN5E
mUCGX5lAA1aZQMGdmUCPeplA0nqZQEfKmUBSlplAiJ+ZQNi/mUCV1plA9d2ZQO0KmkAgIJpA
TBGaQJgymkCpTJpAFECaQIE+mkAZWZpAbEaaQHBamkDVippAuYiaQPicmkA6tZpALK+aQFmo
mkDX4JpALtqaQKnXmkDc4JpAtAGbQBgNm0CxNptAxSmbQFMom0B9MZtAxFObQJ6Lm0BwRZtA
PmibQAlom0BAcJtAb6KbQKWvm0DTv5tAW9abQOHQm0BexJtAftubQFTem0B8BJxA5w+cQGEw
nEAVHJxAuRecQJZTnECpKZxARmqcQEh3nEDNdZxAfUycQKiRnEB1lZxAqI+cQKyUnEBep5xA
mbCcQPO6nEDt2JxAKMycQFLznECfAZ1AyPycQFPcnEChJZ1AwyydQAcpnUB/U51ATVWdQP1U
nUA8c51AYmWdQMpTnUALbp1ANH6dQBp5nUB3k51AMpKdQG7BnUBnnZ1AX4+dQLitnUBVpZ1A
MOedQCzZnUCrtJ1ADd6dQEMSnkCwzp1AcxCeQAsxnkAr+Z1ABT6eQBAdnkCxRJ5AQR6eQDpM
nkB0UZ5AJCKeQBpvnkBeXZ5AMGWeQPeCnkBKjJ5AoHWeQN66nkBrhp5AX6ueQAOunkApj55A
U9ueQBnZnkDw955ATMueQCDmnkBi/55Aw+yeQBjPnkB1C59AlQKfQHninkBMG59AAUCfQEo4
n0BSMZ9Ac2ufQPk8n0DIWJ9A+WGfQFBGn0BbVZ9AJnufQKyhn0CUXJ9AyrefQKeTn0Dagp9A
OoifQNaMn0BdoJ9APr+fQB7Mn0Bvwp9AZcqfQGDyn0BC5p9A2OKfQM/0n0Cx5J9Ak8+fQNEu
oEDWLaBAcA+gQD3/n0BVSqBA0zOgQGwboECqSKBAslugQMRnoEA1daBAKlmgQMF5oED7faBA
rmWgQJ9OoEC1lqBAt3agQKeQoEDVhqBA7HigQDOfoEBfrKBA986gQCWsoEDFgqBAOOagQDHa
oECv36BAKsmgQIbxoEBy76BAy/agQGj4oEDg96BABP+gQGzWoEAS+6BAGCGhQMEPoUAV7aBA
4kihQKAgoUDqJaFAhkChQE5AoUCeUaFAFAuhQK48oUBfaKFAeFOhQMlooUChdqFAOlShQGFk
oUC4gaFAhXWhQOl1oUA8hqFA0bahQC6ToUBipKFAK42hQPiboUB8u6FA5rShQLuloUA/0KFA
sbyhQEasoUC966FA1NWhQIS2oUCR7qFAIxqiQGnroUAT5KFAiPihQLzyoUB+/aFAxhGiQIDz
oUAkOqJA1CWiQC8OokBqLqJA2jGiQCc0okBZLKJA3y6iQCM+okDHQ6JA8luiQGZlokA6WKJA
y2uiQGlsokDxdKJAj4aiQFaYokB+cKJAwFKiQEWyokCWnKJARo6iQJCYokB906JAB7aiQCWb
okBzq6JAYcOiQCGzokD666JArtyiQN3EokAAw6JAuuuiQDDfokBB4qJA9cuiQOHYokB556JA
z9qiQA38okCL+qJA1CmjQOQEo0Dk/6JAQyWjQMgLo0C5FaNABTejQHEfo0DZBqNAyimjQKs0
o0B6PKNAMkOjQAQ/o0CKSKNA5zyjQGtbo0CSSaNAlWOjQD5to0BSTaNAdXijQHZ4o0DIXKNA
03OjQN0/o0C/fqNAp4mjQC2Xo0C7X6NAwIujQG+lo0DBmaNAe6yjQI+4o0DcpKNAl6+jQCC/
o0BHxaNAhrqjQEqko0CcraNAArqjQIfEo0BrvaNA6uijQIS/o0Bo0KNAJOSjQBXMo0CF6aNA
1+OjQOowpECn6KNAKhWkQDoRpEB/5qNAHCSkQNj9o0ANI6RABPajQO8epECDSaRAgFKkQPI/
pEBo+qNAnDKkQO9gpEB7MKRAXzCkQIhQpEAoUqRAgGKkQI9VpEDeQaRArzWkQPFOpEBOOqRA
BVqkQF51pEDOcaRAy2OkQMJcpEDJcqRArIqkQM5/pEBRh6RA+oCkQDyppEAIdaRAoJukQB6W
pEC5mKRAKXukQEmspEDLwKRAWJakQDa0pEDRr6RAQrqkQBGhpEAGqqRA/5ekQNa1pEAc96RA
y8ekQOrwpECO0qRA5/GkQNK+pEC97qRAJ+KkQB8MpUAQ4KRAReGkQBbzpECKw6RAKyqlQFDd
pEBX9KRAgPakQPsEpUDYHKVATh2lQBUipUByG6VAYyGlQAEcpUBKIaVAax6lQM5DpUAxJaVA
FAOlQC1MpUBWIqVAqA+lQARcpUDTR6VAZS+lQBkkpUBXRKVAVFGlQP1VpUCLQ6VAMU2lQKd5
pUBLW6VAvEylQNxspUAKaqVAQY+lQB96pUA4d6VAeoelQEp4pUCDnKVAsIylQBWIpUAKiKVA
fY2lQNOKpUDQlKVANaalQJKYpUC4qKVAtKqlQEeqpUCWlKVAbKOlQBXSpUAqv6VA3a2lQB3M
pUCB0aVArLmlQLjUpUD00qVAGrKlQInDpUBGzKVA+rilQOrkpUB4xqVAcvylQCbzpUDT5KVA
jMalQKrXpUBB8aVA3OylQDz9pUBT/KVA</AssayYData></Step><Step><CommonData><SampleLocation>1</SampleLocation><SampleID>Octet Buffer</SampleID><SampleGroup></SampleGroup><SampleInfo></SampleInfo><SampleRow>E</SampleRow><SamplePlate>1</SamplePlate><WellType>BUFFER</WellType><Concentration>-1</Concentration><ConcentrationUnits>µg/ml</ConcentrationUnits><MolarConcentration>-1</MolarConcentration><MolarConcUnits>nM</MolarConcUnits><MolecularWeight>0</MolecularWeight><Temperature>30</Temperature><StartTime>7898926</StartTime><AssayTime>100</AssayTime></CommonData><FlowRate>1000</FlowRate><StepType>BASELINE</StepType><StepName>Baseline</StepName><StepStatus>OK</StepStatus><ActualTime>100.001</ActualTime><CycleTime>0.2</CycleTime><AssayXData Points="500">UkDYRexB2EWHQ9hFH0XYRbhG2EVSSNhF7knYRYVL2EUfTdhFuE7YRVJQ2EXsUdhFhVPYRR9V
2EW4VthFVFjYRexZ2EWFW9hFH13YRbhe2EVSYNhF7GHYRYVj2EUfZdhFuGbYRVJo2EXuadhF
hWvYRSFt2EW6bthFUnDYRexx2EWFc9hFH3XYRbh22EVSeNhF7nnYRYV72EUffdhFuH7YRVKA
2EXsgdhFhYPYRR+F2EW4hthFUojYReyJ2EWFi9hFIY3YRbiO2EVSkNhF7pHYRYeT2EUhldhF
uJbYRVSY2EXsmdhFh5vYRR+d2EW4nthFVKDYRe6h2EWFo9hFIaXYRbim2EVSqNhF7KnYRYWr
2EUhrdhFuK7YRVKw2EXssdhFh7PYRR+12EW4tthFUrjYRey52EWHu9hFIb3YRbq+2EVSwNhF
7sHYRYfD2EUfxdhFusbYRVTI2EXsydhFh8vYRR/N2EW4zthFUtDYRe7R2EWF09hFIdXYRbrW
2EVU2NhF7NnYRYXb2EUh3dhFut7YRVTg2EXs4dhFhePYRR/l2EW65thFUujYRezp2EWH69hF
H+3YRbru2EVU8NhF7vHYRYXz2EUh9dhFuPbYRVT42EXs+dhFhfvYRR/92EW4/thFVADZRe4B
2UWFA9lFHwXZRbgG2UVUCNlF7AnZRYUL2UUfDdlFuA7ZRVIQ2UXsEdlFhRPZRR8V2UW6FtlF
UhjZRewZ2UWHG9lFHx3ZRbge2UVSINlF7iHZRYUj2UUfJdlFuCbZRVIo2UXuKdlFhSvZRSEt
2UW6LtlFUjDZRewx2UWFM9lFITXZRbo22UVSONlF7jnZRYU72UUhPdlFuD7ZRVRA2UXsQdlF
hUPZRR9F2UW4RtlFUkjZRe5J2UWFS9lFH03ZRbhO2UVSUNlF7lHZRYVT2UUfVdlFuFbZRVJY
2UXsWdlFhVvZRSFd2UW4XtlFUmDZRe5h2UWHY9lFH2XZRbpm2UVSaNlF7GnZRYdr2UUhbdlF
uG7ZRVJw2UXscdlFh3PZRSF12UW6dtlFUnjZRex52UWHe9lFH33ZRbp+2UVSgNlF7oHZRYeD
2UUfhdlFuIbZRVSI2UXsidlFhYvZRSGN2UW4jtlFUpDZRe6R2UWFk9lFIZXZRbiW2UVSmNlF
7JnZRYWb2UUfndlFuJ7ZRVKg2UXsodlFhaPZRR+l2UW6ptlFUqjZRe6p2UWHq9lFH63ZRbqu
2UVUsNlF7LHZRYez2UUhtdlFuLbZRVK42UXsudlFh7vZRR+92UW4vtlFUsDZRezB2UWFw9lF
H8XZRbrG2UVUyNlFNcrZRYfL2UUfzdlFus7ZRVLQ2UXs0dlFhdPZRR/V2UW61tlFUtjZRezZ
2UWF29lFId3ZRbje2UVS4NlF7uHZRYfj2UUf5dlFuubZRVLo2UXs6dlFh+vZRR/t2UW47tlF
UvDZRezx2UWF89lFIfXZRbj22UVS+NlF7PnZRYX72UUh/dlFuP7ZRVQA2kXsAdpFhwPaRSEF
2kW4BtpFUgjaRewJ2kWHC9pFHw3aRbgO2kVSENpF7BHaRYcT2kUfFdpFuhbaRVQY2kXuGdpF
hxvaRR8d2kW4HtpFUiDaRewh2kWFI9pFISXaRbgm2kVUKNpF7inaRYUr2kUfLdpFui7aRVIw
2kXsMdpFhTPaRR812kW6NtpFUjjaRew52kWFO9pFIT3aRbg+2kVUQNpF7EHaRYdD2kUfRdpF
ukbaRVRI2kXsSdpFhUvaRR9N2kW4TtpFVFDaRexR2kWFU9pFH1XaRbpW2kVUWNpF7FnaRYdb
2kUhXdpFuF7aRVRg2kXsYdpFh2PaRR9l2kW4ZtpFUmjaRe5p2kWHa9pFH23aRbpu2kVScNpF
7HHaRYVz2kUfddpFunbaRVJ42kXsedpFhXvaRR992kW4ftpFUoDaReyB2kWFg9pFIYXaRbqG
2kVUiNpF7onaRYeL2kUfjdpFuo7aRVSQ2kXukdpFh5PaRR+V2kW6ltpFUpjaReyZ2kWHm9pF
H53aRbie2kVSoNpF7KHaRYWj2kUfpdpFuKbaRVKo2kXsqdpFhavaRR+t2kW6rtpFUrDaRe6x
2kWHs9pFIbXaRbi22kVUuNpF7LnaRYW72kUfvdpFuL7aRVLA2kXswdpFhcPaRR/F2kW6xtpF
VMjaRezJ2kWHy9pFIc3aRbjO2kVS0NpF7NHaRYfT2kUf1dpFuNbaRVLY2kXu2dpFh9vaRR/d
2kW63tpFUuDaRezh2kWF49pFH+XaRbjm2kVS6NpF7OnaRYXr2kUh7dpFuu7aRVLw2kXs8dpF
hfPaRR/12kW69tpFUvjaRez52kWF+9pFH/3aRbr+2kVSANtF7AHbRYUD20UhBdtFuAbbRVII
20XsCdtFhQvbRSEN20W4DttFVBDbRewR20WHE9tFIRXbRbgW20VSGNtF7BnbRYcb20UfHdtF
uB7bRVIg20XuIdtFhSPbRR8l20W4JttFVCjbRewp20WFK9tFIS3bRbgu20VSMNtF7jHbRYcz
20UfNdtFuDbbRVQ420XsOdtFhzvbRSE920W6PttFUkDbRexB20WHQ9tFH0XbRbpG20VUSNtF
7EnbRYdL20UfTdtFuk7bRVRQ20XuUdtFh1PbRR9V20W6VttFUljbRexZ20WFW9tFIV3bRbpe
20U=</AssayXData><AssayYData Points="500">zhumQFQ/pkAxPKZAmVemQO6EpkA3eaZAOYemQKWtpkD7pqZALKCmQNCVpkCHnKZAzoamQKjA
pkBUtqZAKtemQGappkA6haZAV5emQBClpkBLtaZAx5umQHK0pkBd2qZALKimQEjspkBt5qZA
1a+mQOu5pkBg6aZA2cimQEuepkCByqZAWbemQNXGpkBsu6ZALNWmQHTgpkADwqZAPO2mQJKx
pkCZwaZA59+mQLm7pkAZ2aZAzcumQIzDpkCQ5aZAjNOmQCDKpkBPv6ZABtSmQEvcpkC/8qZA
ad6mQFfmpkCFzKZAXdqmQJfqpkD396ZA2dSmQCTppkA/7qZA99KmQP8Hp0Bu2aZAw9CmQCDV
pkAY7qZAMbimQMICp0BzF6dAxaOmQH7cpkA9+KZAS+qmQFfnpkBQ6KZAurumQEnopkDZ6aZA
3N+mQMHmpkDFA6dAi/amQBDvpkCHAqdAHeGmQMDWpkBb6aZAF/KmQGjWpkBU3qZAyCmnQNf3
pkA166ZA0PCmQKP8pkApDKdAz9WmQKzkpkCDD6dAivGmQErupkDc/KZA0xOnQFkEp0DR2KZA
+wynQKPzpkDt/qZAgOimQOgMp0A4/KZA5AenQMQnp0ByD6dA3OGmQAQjp0CB/KZA7PCmQEkO
p0B9AqdAeAKnQDTapkB07qZAXvemQIcKp0DsvKZA3hOnQPcep0CiF6dAUiKnQJz7pkCSE6dA
YAenQDULp0DcIKdAvfmmQDT4pkBNK6dAvCKnQMYHp0BEKKdA/CCnQOIFp0C0AKdAuQmnQNwA
p0DE96ZAdP+mQL4pp0BYEKdAViqnQOkQp0DXIqdAof2mQPwnp0DJBadAth2nQNogp0CIDadA
JAunQBY4p0CxKqdA9/mmQPoyp0A4E6dA9QqnQDYip0BXRadAIP6mQB9Pp0BTPKdAPCynQCIl
p0CVDqdAUPumQKUsp0A4LqdARDOnQIclp0APHqdALB2nQP4yp0C6EadAmBynQA0Bp0DjI6dA
9RqnQJYWp0DZN6dAiT6nQAcNp0CtNKdAWyenQJYRp0DpGadALzWnQP0Np0CzO6dATTanQNIS
p0CsOKdAngCnQC8np0CfE6dAkUOnQIFWp0DMHadAmjOnQL1Bp0C4KKdADC+nQKM6p0BPH6dA
5j+nQKxLp0BeI6dARzmnQKdfp0CaJKdADRmnQCovp0ASTqdA3FSnQMsip0B8a6dAsxinQO0h
p0BjNKdA60enQCZTp0CzC6dAOi2nQPQFp0ADS6dAE1inQPInp0CRQ6dAmjanQH1hp0C3X6dA
01CnQG4op0CAQqdAIC+nQP9Dp0D/MadAS3CnQIpXp0A5NKdAVEenQIA0p0CpNKdAUkmnQKNt
p0C4PadAyUOnQFo3p0DbY6dApGKnQCOGp0BWdqdAvDanQK9Qp0D/HqdAnDenQMFZp0CwWadA
ykGnQPhpp0AWR6dAsU6nQB9Hp0CYGqdArDKnQB82p0ABU6dAmVGnQKFEp0AjSqdAt2OnQO9U
p0AZeqdATE+nQLdPp0CrR6dAgGWnQAVWp0BqUKdAkmenQNFBp0A4Q6dAKHenQKBEp0CwP6dA
cFSnQAJdp0CQWqdAGWenQA51p0A3aadAPV6nQNdFp0BNZKdAK1+nQKxwp0DCWadAcoGnQIVx
p0D6eqdAdmunQE9hp0D4TqdAc1SnQFZgp0DnRadAzWCnQAN2p0CQbKdAWm+nQJVzp0DJTKdA
yU+nQCiSp0AEdadASlOnQB9mp0BWoadAXyynQPp1p0DgdKdAyFWnQJ1hp0Azm6dACHOnQAJV
p0BobqdAQ56nQGNcp0CNb6dAGG6nQE9xp0BueadAo4OnQCphp0A9eadA0H2nQDR6p0D8fqdA
VoKnQOlgp0DOaqdAlnqnQE2rp0BddKdAGoKnQB+Np0A2aadAiYWnQJdpp0CFXadAonSnQO56
p0Bff6dALXenQAZ5p0BtgadAko2nQKWBp0CxgKdAm1+nQLZ4p0CZpqdAjlmnQNGPp0DTgKdA
gmmnQJuDp0Cdh6dA6XinQAxmp0CrfqdAVXynQPaVp0BIqadAeHunQJx+p0CSe6dAt5CnQOmh
p0DCjadAlWmnQFJvp0B0hqdA/JanQEaMp0BidqdATYmnQHOmp0DOiqdA36WnQPaBp0CFeadA
Ma2nQF6ep0DeiKdAU5CnQEOjp0CgXqdAYoSnQIGrp0ATeadA8ZCnQI2ap0CJjqdAVLGnQK3M
p0CEr6dAOKGnQKi1p0AapadASoinQM9vp0CqlKdAnZ6nQMmXp0AwkqdA+H2nQP6Sp0DLpqdA
u36nQJi5p0COyKdASYunQFWNp0B5rqdAYJynQJ6up0B8nadAaqenQNKCp0DdoKdABoqnQFBh
p0AEwqdAtI6nQBmRp0CioqdAq7enQGuPp0B6oadAa6ynQFmap0D8jqdA8L+nQJu3p0AnmqdA
jqGnQImhp0C5padAdqGnQBDsp0AvaadAiLmnQCnYp0DUtKdAsKOnQKW8p0Abm6dAQ7+nQNih
p0B+t6dA8J+nQMSMp0BQsadAnKGnQBS9p0C3tadAapqnQL69p0Chn6dAA7anQHOtp0BPv6dA
HsCnQGi3p0BKwqdA9benQDyrp0DAt6dAEbSnQKuip0BPrKdABc+nQNaqp0ACqKdAl7+nQI2y
p0A=</AssayYData></Step><Step><CommonData><SampleLocation>2</SampleLocation><SampleID>hsCD3d/e_Acro_CDD-H52W1</SampleID><SampleGroup></SampleGroup><SampleInfo></SampleInfo><SampleRow>E</SampleRow><SamplePlate>1</SamplePlate><WellType>KSAMPLE</WellType><Concentration>-1</Concentration><ConcentrationUnits>µg/ml</ConcentrationUnits><MolarConcentration>50</MolarConcentration><MolarConcUnits>nM</MolarConcUnits><MolecularWeight>0</MolecularWeight><Temperature>30</Temperature><StartTime>8007046</StartTime><AssayTime>180</AssayTime></CommonData><FlowRate>1000</FlowRate><StepType>ASSOC</StepType><StepName>Association</StepName><StepStatus>OK</StepStatus><ActualTime>179.999</ActualTime><CycleTime>0.2</CycleTime><AssayXData Points="900">VmDbRe5h20WJY9tFIWXbRbpm20VUaNtF7mnbRYlr20UhbdtFum7bRY9w20XucdtFiXPbRSF1
20W8dttFWHjbRfB520WJe9tFI33bRbx+20VWgNtF8IHbRYeD20UhhdtFvIbbRVaI20XuidtF
h4vbRSGN20W8jttFVpDbRe6R20WJk9tFI5XbRbyW20VWmNtF8JnbRYmb20UhndtFup7bRVSg
20XwodtFh6PbRSOl20W6pttFVKjbRe6p20WJq9tFIa3bRbqu20VWsNtF7rHbRYmz20UjtdtF
urbbRVS420XuudtFibvbRSG920W8vttFVMDbRfDB20WHw9tFIcXbRbrG20VWyNtF7snbRYnL
20UhzdtFus7bRVTQ20Xw0dtFidPbRSHV20W81ttFVtjbRfDZ20WH29tFId3bRbze20VW4NtF
7uHbRYfj20Uj5dtFuubbRVTo20Xu6dtFh+vbRSHt20W67ttFVPDbRe7x20WH89tFI/XbRbz2
20VU+NtF8PnbRYn720Uh/dtFuv7bRVYA3EXuAdxFhwPcRSEF3EW6BtxFVgjcRe4J3EWJC9xF
IQ3cRboO3EV5ENxF7hHcRYcT3EUhFdxFvBbcRVQY3EXuGdxFhxvcRSMd3EW6HtxFVCDcRe4h
3EWHI9xFISXcRbom3EVUKNxF8CncRYcr3EUjLdxFui7cRVYw3EXuMdxFhzPcRSM13EW8NtxF
VjjcRfA53EWHO9xFIz3cRbw+3EVWQNxF8EHcRYlD3EUhRdxFukbcRVRI3EXuSdxFiUvcRSFN
3EW8TtxFVFDcRe5R3EWHU9xFI1XcRbpW3EVUWNxF7lncRYdb3EUjXdxFul7cRVZg3EXwYdxF
h2PcRSFl3EW6ZtxFVmjcRe5p3EWJa9xFI23cRbpu3EVUcNxF7nHcRYdz3EUhddxFvHbcRVR4
3EXwedxFh3vcRSN93EW6ftxFVIDcRfCB3EWJg9xFI4XcRbyG3EVUiNxF8IncRYmL3EUhjdxF
uo7cRVSQ3EXukdxFh5PcRSGV3EW8ltxFVJjcRe6Z3EWJm9xFIZ3cRbqe3EVWoNxF7qHcRYej
3EUjpdxFuqbcRVSo3EXuqdxFh6vcRSOt3EW6rtxFqLDcRe6x3EWHs9xFI7XcRbq23EVWuNxF
7rncRYe73EUhvdxFur7cRVTA3EXuwdxFh8PcRSPF3EW8xtxFVMjcRe7J3EWJy9xFIc3cRbrO
3EVU0NxF7tHcRYfT3EUh1dxFutbcRVTY3EXu2dxFh9vcRSHd3EW63txFVuDcRe7h3EWH49xF
IeXcRbrm3EVW6NxF7uncRYfr3EUj7dxFuu7cRVTw3EXu8dxFifPcRSH13EW69txFVvjcRfD5
3EWH+9xFIf3cRbr+3EVUAN1F7gHdRYcD3UUhBd1FugbdRVQI3UXwCd1FhwvdRSMN3UW6Dt1F
VBDdRfAR3UWJE91FIxXdRboW3UVUGN1F7hndRYcb3UUjHd1Fuh7dRVQg3UXwId1FhyPdRSMl
3UW6Jt1FVCjdRe4p3UWHK91FIy3dRbou3UVWMN1F8DHdRYcz3UUhNd1FujbdRVY43UXwOd1F
hzvdRSM93UW6Pt1FVEDdRfBB3UWHQ91FIUXdRbxG3UVUSN1F8EndRYdL3UUhTd1FvE7dRZNQ
3UXuUd1FiVPdRSFV3UW6Vt1FVFjdRe5Z3UWHW91FI13dRbxe3UVUYN1F8GHdRYlj3UUjZd1F
vGbdRVZo3UXuad1Fh2vdRSNt3UW6bt1FVHDdRfBx3UWHc91FI3XdRbx23UVUeN1F7nndRYl7
3UUjfd1Fun7dRVaA3UXugd1Fh4PdRSGF3UW8ht1FVojdRe6J3UWHi91FIY3dRbqO3UVUkN1F
8JHdRYeT3UUjld1FupbdRVSY3UXumd1Fh5vdRSGd3UW8nt1FVKDdRe6h3UWJo91FIaXdRbqm
3UVWqN1F7qndRYmr3UUhrd1Fuq7dRVSw3UXusd1FibPdRSG13UW6tt1FVLjdRe653UWHu91F
Ib3dRby+3UVUwN1F8MHdRYfD3UUhxd1FusbdRVbI3UXwyd1FicvdRSPN3UW8zt1FVNDdRe7R
3UWH091FIdXdRbrW3UVW2N1F7tndRYnb3UUj3d1Fut7dRVTg3UXw4d1Fh+PdRSHl3UW65t1F
VOjdRe7p3UWH691FIe3dRbru3UV98N1F7vHdRYnz3UUh9d1FvPbdRVb43UXu+d1FifvdRSH9
3UW8/t1FVADeRfAB3kWHA95FIQXeRbwG3kVWCN5F7gneRYcL3kUhDd5Fug7eRVQQ3kXwEd5F
iRPeRSEV3kW6Ft5FVhjeRfAZ3kWHG95FIR3eRboe3kVWIN5F8CHeRYkj3kUhJd5FvCbeRVQo
3kXuKd5FiSveRSEt3kW6Lt5FVjDeRe4x3kWHM95FITXeRbw23kVWON5F7jneRYc73kUhPd5F
uj7eRVRA3kXuQd5Fh0PeRSFF3kW6Rt5FVEjeRfBJ3kWHS95FIU3eRbpO3kVUUN5F8FHeRYdT
3kUhVd5FvlbeRVRY3kXuWd5Fh1veRSFd3kW6Xt5FVGDeRfBh3kWHY95FIWXeRbpm3kVWaN5F
8mneRYdr3kUhbd5Fum7eRVZw3kXucd5Fh3PeRSF13kW6dt5FVnjeRe553kWHe95FI33eRbp+
3kVWgN5F8IHeRYmD3kUhhd5FuobeRVSI3kXuid5Fh4veRSON3kW6jt5FaJDeRe6R3kWHk95F
IZXeRbyW3kVWmN5F7pneRYeb3kUhnd5FvJ7eRVag3kXwod5Fh6PeRSGl3kW6pt5FVqjeRfCp
3kWJq95FI63eRbyu3kVWsN5F7rHeRYez3kUhtd5FvLbeRVS43kXuud5Fh7veRSO93kW8vt5F
VMDeRfDB3kWHw95FIcXeRbrG3kVUyN5F7sneRYnL3kUjzd5Fus7eRVTQ3kXw0d5FidPeRSHV
3kW81t5FVNjeRfDZ3kWH295FId3eRbre3kVW4N5F7uHeRYfj3kUh5d5FuubeRVTo3kXy6d5F
ieveRSPt3kW67t5FVPDeRe7x3kWH895FIfXeRbr23kVW+N5F8PneRYn73kUh/d5FvP7eRVQA
30XuAd9FhwPfRSMF30W8Bt9FVgjfRe4J30WHC99FIQ3fRbwO30VUEN9F8BHfRYkT30UjFd9F
uhbfRVYY30XwGd9FhxvfRSMd30W6Ht9FVCDfRe4h30WJI99FIyXfRbom30VUKN9F7infRYcr
30UjLd9FvC7fRZYw30XuMd9FiTPfRSE130W6Nt9FVDjfRe4530WHO99FIz3fRbo+30VUQN9F
7kHfRYdD30UhRd9FukbfRVRI30XwSd9Fh0vfRSFN30W6Tt9FVlDfRfBR30WJU99FIVXfRbpW
30VWWN9F8FnfRYlb30UhXd9Ful7fRVRg30XuYd9FiWPfRSFl30W8Zt9FVmjfRe5p30WJa99F
IW3fRbxu30VUcN9F7nHfRYdz30Ujdd9FunbfRVR430Xwed9FiXvfRSF930W6ft9FVIDfRe6B
30WHg99FI4XfRbqG30VWiN9F7onfRYeL30Uhjd9Fuo7fRVaQ30Xwkd9Fh5PfRSGV30W6lt9F
VpjfRe6Z30WHm99FIZ3fRbye30VUoN9F7qHfRYej30Uhpd9FuqbfRVSo30Xuqd9FiavfRSGt
30W6rt9FVrDfRfCx30WJs99FIbXfRby230VWuN9F7rnfRYe730Uhvd9FvL7fRVTA30Xuwd9F
h8PfRSHF30W6xt9FVsjfRe7J30WHy99FIc3fRbrO30V/0N9F7tHfRYnT30Uj1d9FutbfRVbY
30Xu2d9FidvfRSHd30W63t9FVODfRe7h30WJ499FIeXfRbrm30VU6N9F7unfRYfr30Uh7d9F
uu7fRVbw30Xw8d9Fh/PfRSP130W69t9FVPjfRe7530WH+99FIf3fRbr+30VUAOBF8AHgRYkD
4EUhBeBFugbgRVYI4EXuCeBFhwvgRSEN4EW6DuBFVhDgRe4R4EWHE+BFIxXgRboW4EVUGOBF
7hngRYkb4EUhHeBFuh7gRVYg4EXuIeBFiSPgRSMl4EW6JuBFVijgRe4p4EWJK+BFIS3gRbou
4EVUMOBF8DHgRYcz4EUhNeBFvDbgRVY44EXwOeBFhzvgRSE94EW6PuBFVEDgRe5B4EWHQ+BF
IUXgRbpG4EVUSOBF8EngRYdL4EUhTeBFuk7gRVRQ4EXwUeBFh1PgRSNV4EW6VuBFVljgRe5Z
4EWHW+BFIV3gRbxe4EVWYOBF7mHgRYlj4EUhZeBFumbgRVZo4EXwaeBFh2vgRSNt4EW6buBF
a3DgRfBx4EWHc+BFIXXgRbx24EVWeOBF7nngRYl74EUjfeBFun7gRVaA4EXugeBFiYPgRSOF
4EW6huBFVIjgRfCJ4EWHi+BFI43gRbqO4EVWkOBF8JHgRYmT4EUhleBFupbgRVSY4EXumeBF
h5vgRSOd4EW6nuBFVKDgRfCh4EWHo+BFIaXgRbym4EVUqOBF7qngRYer4EUjreBFuq7gRVaw
4EXuseBFh7PgRSO14EW8tuBFVrjgRfC54EWHu+BFIb3gRbq+4EVWwOBF7sHgRYfD4EUhxeBF
vMbgRVTI4EXuyeBFh8vgRSHN4EW6zuBFVtDgRfDR4EWJ0+BFIdXgRbzW4EVU2OBF7tngRYfb
4EUh3eBFut7gRVTg4EXu4eBFh+PgRSHl4EW65uBFVOjgRe7p4EWJ6+BFI+3gRbru4EVW8OBF
7vHgRYnz4EUh9eBFuvbgRVT44EXu+eBFh/vgRSP94EW6/uBF</AssayXData><AssayYData Points="900">eTmnQAB2p0BSvKdAO8CnQH/wp0DoDqhAFSSoQMsuqEByBahA1TOoQOkpqED5LKhA+SioQEE5
qEBwLKhAez+oQG1nqEAAQKhAyVOoQKVFqEC2WahA8DuoQLJfqEACYqhAlHaoQIFhqEAFW6hA
C3yoQEh3qEAxVqhAm3+oQG98qEBDeKhAeVKoQA24qEAfh6hAXYWoQBp+qEBvl6hAEZKoQCCS
qEAHs6hAeKeoQDuvqEB+pqhAhZWoQMeeqEDswKhAJKCoQC6EqEC2yKhAv6moQD7MqEDKqKhA
CrCoQDqxqEBjwKhAGOqoQOW9qEAhs6hAFteoQNW0qEC9yahASs6oQNWEqEBhqKhAEgCpQByd
qECbw6hAXNyoQIzXqECmxKhAROyoQGfZqEAi1KhAidOoQLX1qEDy0qhAJO2oQCrvqEArCKlA
HeGoQBL8qEA77qhAlR2pQHrjqECjz6hAku2oQH7oqEAE4ahADQ2pQOUdqUCMFKlANvyoQCf/
qEAcBKlAyfuoQBcSqUCyEKlAzSOpQIkdqUCaE6lA5PqoQKkzqUDRMalAePGoQIonqUDwIqlA
DympQB42qUAYUalApzWpQMkvqUDoD6lAPSepQCEjqUAuRKlAImqpQJozqUC9KalAbE2pQIod
qUCFMalAxTupQJsgqUBYQKlAcE6pQDRMqUCRTalAFTGpQLpfqUDsUqlAQV2pQCo+qUCncalA
2I2pQL5ZqUBWRqlAG22pQP9sqUBPcKlAtFKpQDZ6qUD+QKlA7F+pQIBVqUCHaalAvI+pQBl6
qUDFdqlAx3epQG6bqUBLdKlAnnqpQHCVqUDuZKlATG2pQC2GqUClpKlADIKpQI+HqUBEr6lA
1J6pQKV6qUDkoqlABJSpQFK2qUDefqlAJo2pQMBWqUC3sKlA5KypQNusqUC5aKlA78SpQD2n
qUB8oqlAkKypQLbQqUB0rqlAmaipQEeLqUDzuqlA9ampQGeuqUAE46lArZKpQCClqUBnvalA
/6ypQEWlqUCl6alA26+pQLjEqUDt3qlAUcKpQLjGqUBqy6lASbipQM63qUBf0qlAKsupQIHS
qUA1x6lAF72pQFG1qUApzalAWrmpQH3LqUAb96lACdupQMi5qUBMBqpAo/ypQKPBqUAM9alA
FtupQN3EqUD5GqpAweapQIYEqkD+2alAtfOpQFD1qUAv+qlADa2pQID/qUBr6qlA+/ypQMTu
qUBs9KlAf/ypQCD/qUAk9KlAYdypQKzyqUAh5qlAeiaqQNj6qUBVFqpAgjKqQMQcqkD446lA
w+epQKbvqUC7CqpAHSWqQEguqkDG76lApQKqQF47qkAe+6lAUx2qQLkVqkDt/alAbTKqQKYg
qkBjB6pAWxCqQNUAqkAwPKpABAaqQJ8SqkBJQqpAmRGqQG0cqkCpOKpAWTaqQFQUqkBCEqpA
1TCqQCsEqkAxMKpA3zuqQCI1qkAsRKpAwEyqQClWqkAgKapAaB+qQPhKqkAuU6pAmkqqQFw3
qkBJAqpAyUmqQH1JqkCxPKpAp1aqQAxUqkBRT6pADl2qQLdeqkAdSapAOS+qQEpwqkBjM6pA
61uqQDpWqkDEaapAFVGqQCRVqkCmV6pAekaqQMteqkCnOapAiFmqQARhqkD0UqpAAGeqQLdl
qkAGXqpAbWuqQHhgqkCVXKpAHU2qQOhuqkD1XKpAF1aqQLxXqkBcVapAgkmqQFlcqkDLX6pA
AoCqQGlgqkAARapAGaWqQMWEqkB1fqpAkV+qQCB1qkAOdKpA53qqQIJwqkDpk6pAp3iqQM5a
qkAVU6pAGn2qQCV3qkCBgKpA0VCqQBWVqkCulKpALHyqQECbqkA3jqpAP5uqQAWvqkBSmapA
B3iqQHlnqkAEjKpAnpiqQJOfqkB+kapAA4uqQPm3qkAftqpAa5WqQLefqkB+qapAt5iqQPiF
qkBmlqpAkYuqQJKCqkDlrapAUKeqQNmSqkDlu6pA3aqqQO6FqkBPWapArriqQMCoqkAKnKpA
AZqqQF3GqkDWpqpAE8mqQFWrqkB1tqpAAp+qQCWtqkA0r6pAD8mqQEmaqkAkt6pAP7CqQLOf
qkAYtapAdquqQPXkqkBMoKpAxrmqQEfNqkBawapABKCqQCPRqkDJ4apA59OqQByvqkAdvapA
266qQCTLqkBg3qpAv7iqQHXWqkAHr6pAPc6qQNfnqkDX+apAxNeqQHHEqkCH36pAd8iqQMLf
qkCB4qpAPsiqQLrDqkCo3KpAxvyqQFfcqkDr7qpAgtiqQN/fqkDT5apA6uaqQMXzqkDFxapA
nO2qQBj2qkChvqpALxWrQKrqqkBN16pATPyqQGbuqkAL1KpAbN+qQKf7qkDlAqtAU9mqQAj2
qkAvyqpAwOyqQEDeqkCw36pAKvWqQP/4qkC32KpAweGqQOXuqkAu16pAf+CqQDcDq0BLDatA
QQSrQM4hq0A89apAOwOrQK3+qkCT7KpANCOrQP4Hq0BkCatAvuKqQKIGq0BIAqtAuQarQFTY
qkDOJ6tAUPuqQCfHqkABF6tAOgCrQKYIq0DqGKtA3PKqQH4Jq0Bs/apALh6rQJ0Nq0BZ96pA
NACrQGIVq0B14KpAhBarQLkLq0CO/qpA0AWrQKAkq0Db+6pA3zmrQFlRq0Ad9KpAGg6rQPIF
q0D49qpArBCrQHkgq0Co+qpABxWrQCsIq0CXD6tAYwurQIEUq0ADGKtAdj2rQModq0BsIKtA
fkurQD44q0BgMatAgSCrQBEwq0DjL6tAi1GrQEUvq0C9KatAzxqrQP0nq0ASRqtAYiirQJhC
q0CPHqtAFjyrQOoWq0CAPatABkOrQNY0q0BkPqtAUzKrQI85q0DFGKtA+y+rQFpKq0DSIqtA
T1CrQNQEq0DCVatAwzSrQAViq0BHUatAUh2rQDJYq0ADNatA/VqrQJ1Eq0AnJatAr2CrQF1N
q0AHLatAWT6rQP1Yq0BIYatAqVarQJ9Zq0DuKKtAzRmrQPgyq0AYOatAh1KrQGdIq0CkW6tA
bzarQOEzq0B2X6tAG1erQFdmq0DkXqtAaYarQFFRq0CxXqtAzUCrQMA7q0BlTKtASGurQAhL
q0ATXatAe0erQEc+q0BxYqtAb2urQJtoq0DdZqtAp3WrQGVOq0DXTqtAb1irQDduq0ARg6tA
pl+rQGFvq0DSXKtAH2SrQHt1q0DMRatA71irQN1oq0BJbqtAyYCrQId3q0AbiKtA5o+rQDFg
q0AtfqtAzHyrQIhpq0BThKtARF2rQEyGq0DqnqtAAF6rQFFaq0AzhqtA0n+rQPBVq0CajKtA
kHyrQHNoq0CtfKtAon6rQOyLq0CnYqtAH5CrQAt0q0CKm6tAO42rQAOiq0DZkqtAZbKrQMB/
q0AzlKtAGJGrQPWIq0C6l6tA/YirQMKFq0DHfatA/YWrQPqSq0A6jatAeqSrQMeMq0BMc6tA
nKKrQI+hq0BXbqtA/oGrQNqfq0CliqtAdoCrQDWtq0Auj6tACHmrQKyEq0A7qatAnHOrQAGG
q0D8o6tApnKrQE5yq0CXkKtA6ImrQLKIq0DDjatApaCrQI6gq0A7iqtAFpirQKifq0AXr6tA
KKqrQK+3q0ABo6tA062rQE+0q0CkoKtAKXyrQLN9q0BSmqtA9YarQPibq0Dzo6tASbqrQEqb
q0CZlKtAEo2rQLKtq0DyrqtAzqmrQF2Lq0D8yqtA6KyrQDyaq0BCl6tAIcirQALLq0DXnqtA
vMarQO26q0A6uqtAqomrQLiuq0ArlatAJayrQBSxq0D+0qtAmZqrQOW6q0C1sqtAVrWrQMKs
q0APtatAqdCrQHW0q0APq6tAkqarQPCoq0BRtatAZKWrQE66q0BWuKtA69irQFy9q0COsatA
w+erQEvLq0CHs6tA3cGrQAOwq0B0rqtAFcWrQBaiq0CRrqtA4eSrQNb5q0AzwatADdWrQJi4
q0CkyatA4durQFDlq0CHzatAnsyrQE2eq0BjrKtAxa6rQGGxq0AlwKtAv9irQKDRq0Cq6atA
5LirQCO/q0Dy46tAsaqrQEffq0DayqtAva6rQMvXq0B23atAY6+rQHLTq0As0atA2sSrQIK1
q0Aq26tAs9WrQLDNq0Bi7qtAp+mrQBm+q0Ay2KtAwASsQCutq0C+2atABvurQMnBq0CX9KtA
y+qrQIG5q0Ag0qtAQdurQOHLq0CnzKtACuCrQPnnq0CE1qtAlNCrQCjkq0CjtqtAbfurQBDY
q0Dr2KtA5OGrQGEJrECy2atA5r+rQOvCq0C+A6xAveOrQN7nq0Co7KtAQfCrQFL7q0BS7KtA
38GrQO0WrEBj3KtAxNerQHH0q0Ch6qtA8dCrQHDVq0AG36tANearQIoWrEBX/atAzwGsQJLr
q0DW3atATM+rQPwIrEDG+KtA//qrQPL2q0CQAqxAM/6rQCL3q0Bz16tA8vqrQM7pq0Ce9atA
UverQDcErECF9qtABP6rQHEQrECl7qtAWQqsQGACrED66KtAm/CrQAv7q0BHCaxAawusQGAE
rEAp+qtAx/erQCHXq0DZAaxALBGsQJ0mrEBsMaxAiQ2sQPkIrEBuBqxA3PirQIIsrEAF/KtA
PPWrQN4HrEBI+6tA8PSrQMgarEAIGKxA5QqsQOcIrEAKB6xA4yKsQH0nrEBOIqxAzOGrQG4i
rEBTIqxAlAysQCkIrECCIqxA3w2sQHfyq0DWHqxAEz+sQIEYrEAUEqxAahGsQJUlrECcIKxA
QAKsQMANrEAV8KtAWvKrQPQhrEARA6xA3hqsQL8qrEBp5KtA</AssayYData></Step><Step><CommonData><SampleLocation>1</SampleLocation><SampleID>Octet Buffer</SampleID><SampleGroup></SampleGroup><SampleInfo></SampleInfo><SampleRow>E</SampleRow><SamplePlate>1</SamplePlate><WellType>BUFFER</WellType><Concentration>-1</Concentration><ConcentrationUnits>µg/ml</ConcentrationUnits><MolarConcentration>-1</MolarConcentration><MolarConcUnits>nM</MolarConcUnits><MolecularWeight>0</MolecularWeight><Temperature>30</Temperature><StartTime>8195114</StartTime><AssayTime>300</AssayTime></CommonData><FlowRate>1000</FlowRate><StepType>DISASSOC</StepType><StepName>Dissociation</StepName><StepStatus>OK</StepStatus><ActualTime>300.001</ActualTime><CycleTime>0.2</CycleTime><AssayXData Points="1500">VADhRe4B4UWHA+FFIwXhRbwG4UVUCOFF8AnhRYcL4UUhDeFFvA7hRVQQ4UXwEeFFiRPhRSEV
4UW6FuFFVBjhRe4Z4UWHG+FFIx3hRboe4UVWIOFF7iHhRYcj4UUhJeFFuibhRVQo4UXuKeFF
iSvhRSMt4UW8LuFFVDDhRfAx4UWHM+FFITXhRbo24UVWOOFF7jnhRYc74UUjPeFFvD7hRVZA
4UXuQeFFh0PhRSNF4UW8RuFFVEjhRe5J4UWHS+FFIU3hRbpO4UVWUOFF7lHhRYdT4UUjVeFF
vFbhRVZY4UXwWeFFh1vhRSNd4UW6XuFFVGDhRe5h4UWHY+FFIWXhRbpm4UVWaOFF7mnhRYdr
4UUhbeFFvG7hRVZw4UXwceFFh3PhRSN14UW6duFFVnjhRe554UWJe+FFI33hRbp+4UVUgOFF
7oHhRYmD4UUjheFFvIbhRVSI4UXuieFFiYvhRSGN4UW8juFFVpDhRe6R4UWHk+FFIZXhRbyW
4UVUmOFF8JnhRYeb4UUhneFFvJ7hRVag4UXwoeFFh6PhRSOl4UW8puFFVqjhRe6p4UWHq+FF
I63hRbqu4UVUsOFF7rHhRYmz4UUjteFFurbhRVS44UXwueFFh7vhRSG94UW8vuFFVsDhRe7B
4UWJw+FFIcXhRbrG4UVUyOFF7snhRYnL4UUhzeFFvM7hRVbQ4UXw0eFFidPhRSHV4UW81uFF
VNjhRe7Z4UWJ2+FFId3hRbre4UVU4OFF8OHhRYfj4UUj5eFFvObhRVTo4UXu6eFFh+vhRSPt
4UW67uFFVPDhRfDx4UWH8+FFIfXhRbr24UVW+OFF7vnhRYf74UUh/eFFuv7hRVQA4kXuAeJF
hwPiRSMF4kW6BuJFVAjiRe4J4kWJC+JFIw3iRboO4kVWEOJF7hHiRYcT4kUhFeJFvBbiRVYY
4kXwGeJFhxviRSEd4kW6HuJFViDiRe4h4kWJI+JFISXiRbwm4kVWKOJF8iniRYcr4kUhLeJF
ui7iRVQw4kXuMeJFhzPiRSE14kW8NuJFVDjiRe454kWJO+JFIz3iRbw+4kVUQOJF8EHiRYdD
4kUhReJFukbiRVRI4kXwSeJFiUviRSFN4kW6TuJFVlDiRe5R4kWHU+JFI1XiRbpW4kVUWOJF
7lniRYdb4kUhXeJFul7iRVRg4kXuYeJFh2PiRSFl4kW8ZuJFVGjiRe5p4kWJa+JFIW3iRbxu
4kVUcOJF7nHiRYlz4kUhdeJFunbiRVZ44kXueeJFiXviRSF94kW6fuJFVoDiRe6B4kWHg+JF
IYXiRbyG4kVUiOJF7oniRYeL4kUhjeJFuo7iRVaQ4kXukeJFh5PiRSOV4kW6luJFVJjiRfCZ
4kWHm+JFI53iRbye4kVUoOJF8KHiRYej4kUhpeJFvKbiRVao4kXwqeJFiaviRSGt4kW8ruJF
VLDiRe6x4kWHs+JFIbXiRbq24kVYuOJF8LniRYe74kUhveJFvL7iRVTA4kXuweJFh8PiRSHF
4kW6xuJFVsjiRfDJ4kWJy+JFIc3iRbzO4kVU0OJF8NHiRYfT4kUh1eJFutbiRVTY4kXu2eJF
h9viRSHd4kW63uJFVODiRfDh4kWH4+JFI+XiRbrm4kVW6OJF8OniRYfr4kUj7eJFuu7iRVTw
4kXu8eJFifPiRSP14kW69uJFVPjiRfD54kWH++JFIf3iRbz+4kVUAONF7gHjRYcD40UhBeNF
ugbjRVQI40XuCeNFiQvjRSEN40W8DuNFVBDjRe4R40WHE+NFIRXjRbwW40VWGONF8BnjRYcb
40UjHeNFvB7jRVQg40XuIeNFiSPjRSEl40W6JuNFVCjjRe4p40WJK+NFIS3jRbwu40VUMONF
7jHjRYcz40UhNeNFujbjRVY440XuOeNFiTvjRSE940W8PuNFVkDjRe5B40WJQ+NFI0XjRbxG
40VUSONF8EnjRYlL40UjTeNFvE7jRVRQ40XuUeNFh1PjRSFV40W6VuNFVFjjRe5Z40WJW+NF
I13jRbpe40VUYONF8GHjRYdj40UhZeNFvGbjRVZo40XuaeNFiWvjRSNt40W6buNFVnDjRe5x
40WJc+NFI3XjRbp240VWeONF7nnjRYd740UlfeNFun7jRVSA40XugeNFh4PjRSGF40W6huNF
VIjjRfCJ40WHi+NFIY3jRbyO40VUkONF7pHjRYmT40UhleNFupbjRVaY40XwmeNFiZvjRSGd
40W8nuNFVKDjRfCh40WJo+NFIaXjRbqm40VWqONF7qnjRYer40UhreNFvK7jRVaw40XuseNF
ibPjRSG140W6tuNFVrjjRe6540WHu+NFIb3jRbq+40VWwONF7sHjRYfD40UhxeNFvMbjRVbI
40XuyeNFh8vjRSHN40W8zuNFVNDjRe7R40WJ0+NFIdXjRbzW40VU2ONF7tnjRYfb40Uj3eNF
ut7jRVTg40Xu4eNFiePjRSPl40W65uNFVOjjRe7p40WH6+NFIe3jRbru40VU8ONF7vHjRYnz
40Uh9eNFuvbjRVb440Xu+eNFh/vjRSH940W8/uNFVgDkRe4B5EWHA+RFIQXkRboG5EVUCORF
8AnkRYcL5EUhDeRFvA7kRVQQ5EXwEeRFiRPkRSEV5EW6FuRFVBjkRe4Z5EWHG+RFIx3kRboe
5EVUIORF7iHkRYkj5EUhJeRFuibkRVYo5EXwKeRFiSvkRSEt5EW6LuRFVDDkRe4x5EWHM+RF
ITXkRbo25EVWOORF8DnkRYk75EUhPeRFvD7kRVRA5EXuQeRFh0PkRSNF5EW6RuRFVEjkRfBJ
5EWHS+RFIU3kRbxO5EVUUORF7lHkRYdT5EUhVeRFulbkRVRY5EXuWeRFiVvkRSNd5EW6XuRF
VGDkRfBh5EWHY+RFIWXkRbxm5EVUaORF8GnkRYdr5EUhbeRFvG7kRVZw5EXwceRFiXPkRSN1
5EW6duRFVnjkRe555EWJe+RFIX3kRbp+5EVUgORF7oHkRYmD5EUjheRFuobkRVSI5EXuieRF
h4vkRSGN5EW6juRFVJDkRe6R5EWJk+RFI5XkRbyW5EVWmORF7pnkRYeb5EUhneRFvJ7kRVSg
5EXwoeRFh6PkRSGl5EW8puRFVqjkRe6p5EWHq+RFI63kRbqu5EVUsORF7rHkRYmz5EUjteRF
urbkRVa45EXuueRFh7vkRSG95EW6vuRFVMDkRe7B5EWJw+RFIcXkRbrG5EVUyORF8MnkRYnL
5EUhzeRFus7kRVbQ5EXu0eRFh9PkRSPV5EW81uRFVNjkRfDZ5EWH2+RFId3kRbre5EVU4ORF
7uHkRYfj5EUh5eRFuubkRVbo5EXu6eRFievkRSPt5EW67uRFVPDkRe7x5EWH8+RFIfXkRbz2
5EVW+ORF8PnkRYf75EUh/eRFuv7kRVYA5UXwAeVFiQPlRSEF5UW8BuVFVAjlRfAJ5UWHC+VF
Iw3lRboO5UVUEOVF8BHlRYcT5UUhFeVFuhblRVQY5UXuGeVFiRvlRSEd5UW6HuVFViDlRe4h
5UWHI+VFIyXlRbom5UVWKOVF7inlRYkr5UUhLeVFvC7lRVYw5UXuMeVFiTPlRSE15UW6NuVF
VjjlRe455UWJO+VFIT3lRbo+5UVWQOVF7kHlRYdD5UUhReVFukblRVRI5UXuSeVFh0vlRSFN
5UW6TuVFVFDlRfBR5UWJU+VFIVXlRbpW5UVUWOVF7lnlRYlb5UUjXeVFvF7lRVRg5UXuYeVF
h2PlRSFl5UW6ZuVFVGjlRfBp5UWHa+VFIW3lRbpu5UVUcOVF7nHlRYlz5UUjdeVFunblRVR4
5UXueeVFh3vlRSN95UW6fuVFVIDlRe6B5UWHg+VFI4XlRbyG5UVUiOVF7onlRYeL5UUhjeVF
vI7lRVaQ5UXwkeVFiZPlRSOV5UW8luVFVJjlRe6Z5UWJm+VFIZ3lRbqe5UVUoOVF8KHlRYmj
5UUhpeVFuqblRVSo5UXuqeVFh6vlRSGt5UW6ruVFVLDlRe6x5UWJs+VFIbXlRbq25UVUuOVF
7rnlRYe75UUjveVFur7lRVTA5UXuweVFh8PlRSPF5UW6xuVFVMjlRfDJ5UWHy+VFI83lRbzO
5UVU0OVF7tHlRYfT5UUh1eVFutblRVbY5UXw2eVFh9vlRSHd5UW63uVFVODlRe7h5UWH4+VF
IeXlRbrm5UVW6OVF7unlRYfr5UUh7eVFvO7lRVTw5UXu8eVFifPlRSH15UW89uVFVPjlRfD5
5UWH++VFIf3lRbr+5UVUAOZF8AHmRYcD5kUjBeZFugbmRVYI5kXuCeZFhwvmRSEN5kW8DuZF
VBDmRfAR5kWHE+ZFIRXmRboW5kVUGOZF8BnmRYcb5kUhHeZFuh7mRVYg5kXuIeZFhyPmRSMl
5kW6JuZFVCjmRe4p5kWHK+ZFIS3mRbou5kVUMOZF7jHmRYkz5kUjNeZFujbmRVQ45kXwOeZF
iTvmRSE95kW8PuZFVEDmRe5B5kWHQ+ZFIUXmRbpG5kVWSOZF7knmRYlL5kUhTeZFvE7mRVRQ
5kXuUeZFh1PmRSFV5kW8VuZFVFjmRfBZ5kWHW+ZFIV3mRbpe5kVUYOZF8GHmRYdj5kUjZeZF
umbmRVRo5kXuaeZFh2vmRSFt5kW6buZFVnDmRe5x5kWJc+ZFIXXmRb525kVWeOZF7nnmRYl7
5kUhfeZFun7mRVSA5kXugeZFiYPmRSGF5kW8huZFVIjmRe6J5kWHi+ZFI43mRbqO5kVUkOZF
7pHmRYeT5kUhleZFupbmRVaY5kXwmeZFiZvmRSOd5kW6nuZFVKDmRe6h5kWHo+ZFIaXmRbqm
5kVUqOZF7qnmRYmr5kUhreZFvK7mRVaw5kXwseZFh7PmRSG15kW8tuZFVLjmRe655kWHu+ZF
Ib3mRbq+5kVUwOZF8MHmRYnD5kUhxeZFusbmRVTI5kXwyeZFicvmRSHN5kW6zuZFVtDmRe7R
5kWH0+ZFIdXmRbzW5kVU2OZF7tnmRYnb5kUh3eZFut7mRVTg5kXu4eZFh+PmRSHl5kW65uZF
VujmRe7p5kWJ6+ZFI+3mRbzu5kVU8OZF7vHmRYfz5kUh9eZFuvbmRVb45kXu+eZFh/vmRSH9
5kW8/uZFVgDnRfAB50WHA+dFIQXnRbwG50VUCOdF7gnnRYkL50UhDedFug7nRVQQ50XuEedF
iRPnRSEV50W+FudFVBjnRfAZ50WHG+dFIx3nRbwe50VWIOdF7iHnRYkj50UhJedFuibnRVQo
50XuKedFhyvnRSEt50W6LudFVjDnRe4x50WJM+dFITXnRbo250VUOOdF7jnnRYc750UhPedF
uj7nRVRA50XwQedFh0PnRSFF50W6RudFVEjnRfBJ50WJS+dFIU3nRbpO50VUUOdF7lHnRYdT
50UhVedFulbnRVZY50XwWedFh1vnRSFd50W6XudFVmDnRe5h50WHY+dFI2XnRbpm50VUaOdF
7mnnRYdr50UhbedFum7nRVZw50XwcedFiXPnRSN150W6dudFVnjnRe5550WHe+dFIX3nRbp+
50VWgOdF7oHnRYeD50UhhedFvIbnRVSI50XwiedFiYvnRSGN50W8judFVpDnRe6R50WHk+dF
IZXnRbyW50VUmOdF7pnnRYeb50UjnedFup7nRVSg50XuoedFh6PnRSGl50W6pudFVKjnRe6p
50WJq+dFI63nRbqu50VWsOdF7rHnRYez50UjtedFvrbnRVS450XuuedFh7vnRSO950W8vudF
VMDnRfDB50WJw+dFI8XnRbzG50VUyOdF8MnnRYfL50UhzedFus7nRVbQ50Xu0edFh9PnRSHV
50W61udFVNjnRfDZ50WH2+dFI93nRbze50VU4OdF7uHnRYnj50Uh5edFvObnRVTo50Xw6edF
h+vnRSPt50W87udFVPDnRe7x50WH8+dFIfXnRbz250VW+OdF7vnnRYf750Uh/edFvP7nRVQA
6EXwAehFhwPoRSEF6EW6BuhFVgjoRfAJ6EWJC+hFIQ3oRboO6EVUEOhF8BHoRYcT6EUjFehF
uhboRVYY6EXuGehFiRvoRSMd6EW8HuhFViDoRe4h6EWJI+hFIyXoRbom6EVWKOhF8CnoRYcr
6EUhLehFui7oRVYw6EXwMehFiTPoRSE16EW6NuhFVjjoRe456EWJO+hFIz3oRbw+6EVUQOhF
8EHoRYdD6EUhRehFvEboRVRI6EXuSehFh0voRSNN6EW8TuhFVFDoRe5R6EWHU+hFIVXoRbxW
6EVUWOhF7lnoRYdb6EUhXehFvF7oRVRg6EXwYehFiWPoRSNl6EW8ZuhFVGjoRe5p6EWJa+hF
I23oRbpu6EVUcOhF7nHoRYdz6EUjdehFunboRVR46EXueehFiXvoRSN96EW6fuhFVIDoRe6B
6EWHg+hFIYXoRbqG6EVWiOhF8InoRYmL6EUhjehFuo7oRVSQ6EXwkehFiZPoRSOV6EW8luhF
VJjoRe6Z6EWHm+hFIZ3oRbqe6EVUoOhF7qHoRYej6EUhpehFuqboRVSo6EXuqehFh6voRSGt
6EW6ruhFVLDoRfCx6EWHs+hFI7XoRbq26EVWuOhF7rnoRYm76EUhvehFvL7oRVbA6EXwwehF
h8PoRSPF6EW6xuhFVMjoRe7J6EWJy+hFI83oRbrO6EVW0OhF7tHoRYnT6EUh1ehFvNboRVbY
6EXu2ehFh9voRSHd6EW63uhFVODoRfDh6EWJ4+hFIeXoRbzm6EVW6OhF7unoRYnr6EUj7ehF
uu7oRVTw6EXu8ehFh/PoRSH16EW89uhFVPjoRe756EWH++hFIf3oRbz+6EVWAOlF8AHpRYcD
6UUhBelFvAbpRVYI6UXwCelFhwvpRSEN6UW6DulFVBDpRe4R6UWHE+lFIRXpRboW6UVUGOlF
7hnpRYcb6UUhHelFvB7pRVQg6UXwIelFhyPpRSEl6UW8JulFVCjpRe4p6UWJK+lFIS3pRbou
6UVWMOlF7jHpRYkz6UUhNelFvjbpRVY46UXuOelFhzvpRSM96UW6PulFVkDpRe5B6UWJQ+lF
IUXpRbpG6UVWSOlF7knpRYdL6UUhTelFvE7pRVZQ6UXuUelFh1PpRSFV6UW6VulFVFjpRfBZ
6UWHW+lFIV3pRbxe6UVWYOlF8GHpRYdj6UUjZelFvGbpRVRo6UXuaelFh2vpRSNt6UW6bulF
VHDpRe5x6UWHc+lFI3XpRbp26UVUeOlF8HnpRYd76UUhfelFun7pRVSA6UXugelFh4PpRSOF
6UW8hulFVojpRfCJ6UWJi+lFIY3pRbyO6UVWkOlF7pHpRYmT6UUhlelFupbpRVSY6UXwmelF
iZvpRSGd6UW8nulFVKDpRe6h6UWJo+lFIaXpRbym6UVWqOlF7qnpRYer6UUhrelFuq7pRVSw
6UXwselFh7PpRSG16UW6tulFVrjpRe656UWJu+lFIb3pRby+6UVUwOlF8MHpRYfD6UUjxelF
usbpRVTI6UXwyelFh8vpRSHN6UW8zulFVtDpRe7R6UWJ0+lFIdXpRbrW6UVW2OlF8NnpRYnb
6UUh3elFut7pRVbg6UXu4elFiePpRSPl6UW+5ulFVujpRfDp6UWH6+lFI+3pRbru6UVU8OlF
7vHpRYfz6UUj9elFuvbpRVT46UXu+elFh/vpRSP96UW8/ulFVgDqRe4B6kWHA+pFIwXqRboG
6kVWCOpF7gnqRYcL6kUhDepFug7qRVQQ6kXwEepFiRPqRSMV6kW6FupFVBjqRe4Z6kWHG+pF
Ix3qRboe6kVUIOpF8CHqRYcj6kUhJepFvCbqRVQo6kXuKepFiSvqRSEt6kW6LupFVjDqRfAx
6kWHM+pFIzXqRbo26kVUOOpF7jnqRYk76kUhPepFuj7qRVZA6kXuQepFiUPqRSNF6kW6RupF
VkjqRe5J6kWJS+pFIU3qRbpO6kVUUOpF8FHqRYlT6kUhVepFvFbqRVRY6kXuWepFh1vqRSNd
6kW8XupF</AssayXData><AssayYData Points="1500">+WGrQOCLq0DEh6tAGnqrQBZ2q0DenqtASYGrQCCjq0AZmKtAboerQLmIq0DrpKtAYqSrQC2S
q0A5mqtAoKurQOCHq0AtkKtADp+rQNDmq0DwrqtAgrOrQL2kq0DamqtAjqarQKydq0AXhqtA
J6irQDGtq0DelatAYL2rQKGxq0DtrKtAOKSrQMrMq0AAlKtAPNOrQF7cq0BCr6tAI76rQLGr
q0C5wqtA6LqrQBecq0CGmatAqKOrQC2uq0DR06tAJ7+rQP2bq0AslqtANKSrQBKrq0AjsqtA
gtGrQK64q0AVrqtAMbCrQEShq0C/0KtA+62rQPfTq0A77KtA3cOrQD69q0Ady6tA4dKrQDDX
q0B4z6tA86yrQCS4q0BNxKtA5eerQPK7q0DU66tAps2rQCPDq0C8watAIsurQG7Hq0BouKtA
EfOrQEPRq0Cmr6tAseirQHfdq0BRvatA7sarQIfoq0CcjqtA+MqrQFzfq0Af5KtA8L+rQFjR
q0CGsqtAi6SrQGz8q0Aiy6tAwsKrQL/Yq0D85atAF8WrQEfTq0Di+KtAAvSrQMbFq0DF8qtA
I9WrQB3nq0Cb7atAxcarQJXLq0Db06tAm9erQFLMq0BAy6tAVs2rQBP5q0BT4KtAM/2rQH7L
q0AM7atA4+WrQJ3lq0CTwKtAevGrQDnuq0Cv3KtADf+rQHLRq0CV/KtA1POrQHbZq0Ay9qtA
XNyrQHftq0B446tA/N+rQHbSq0CA7qtAgMurQGL+q0C9yKtA5/irQP4NrEC4/qtAEd+rQLLs
q0CI/KtA+furQD8SrEA1AaxAF+qrQHLdq0DT8KtASN6rQKnVq0D0A6xArPWrQCn0q0By6KtA
TemrQEXsq0AQ66tAqwqsQB3mq0C64atATiSsQJP0q0Ab8qtAwQysQEDeq0By96tAVeqrQHrb
q0BVDKxAveGrQGDgq0A32qtAegWsQNLGq0B2+atA6/mrQCMprEB57qtArcarQAAIrEBG1KtA
4fOrQB8MrEDT/atATOWrQGIGrECU8atASN2rQAMXrEAFIqxAVwKsQI0KrEArFKxAPfOrQHIa
rEAhNqxAltCrQHHvq0CA+atAS+CrQPP1q0CaAKxA1+KrQH/sq0D27atAvAasQL77q0BzEaxA
CPerQMAMrEChBKxAFAqsQKrtq0D9BqxA2f6rQKkOrED3B6xArASsQCboq0D6DqxA3wSsQEXv
q0DwAaxAwxisQGDoq0AV76tAGwSsQPT6q0Da3qtA5f6rQKUBrECE/KtAX/2rQKYfrECt26tA
1PSrQGg4rEA9A6xAaBesQDMQrECOIaxASuOrQBj6q0CP/6tARQisQNAMrEBWMKxAEg+sQCoI
rEDf+KtAmUysQClErEDXMqxApASsQFYGrEDr/KtAzBisQPINrEA0O6xA6vurQIEprEBrGqxA
1BWsQGkIrEAJLaxA3g6sQK0drED3JKxA3R6sQMkrrEDYIaxAyP2rQKsgrEABJaxA6TSsQGP4
q0DbI6xAaBysQCQWrEAzKKxAzUKsQH4mrED0+6tA1xKsQB4xrECsI6xA5TisQEs5rEARFqxA
RfKrQActrED8SaxAfB+sQKU6rEDAH6xA3AesQI8yrEAaPaxAQDWsQNMrrEAuX6xAkSOsQL0R
rEDTMqxAfBGsQNQurECoNqxAvCCsQN45rEAxEqxAM1KsQL42rECmNKxAHx2sQJIVrEA+LqxA
/xasQGkfrEBrI6xA8mmsQLEerEC4IqxA4FKsQL8grEBIMaxAz1GsQNAvrECiEqxApF+sQIpD
rEBcGqxAE1GsQJkOrEB6P6xAjTGsQIcjrEAYGKxAWjusQK09rECzEKxAFUOsQCgWrEB1QqxA
FUasQKc/rECTKqxAUTesQJ9LrEB9NKxAFyasQC49rEALYKxACRSsQJVVrEAT/KtAb1GsQCU7
rEAIPKxAODOsQNUYrEBpVqxAvyisQK9SrEAqR6xA/BisQF0jrEBPTqxAkEqsQOg3rEB+RKxA
vVasQIQ/rEDGYaxAjWKsQDI8rEB8VaxA9VisQHQ7rED2U6xA01msQGE9rEDlJaxAHzysQL4h
rEBFK6xArUmsQG9WrEC9W6xAVFqsQMiQrEAtXaxAfT2sQLpUrEC9OqxAYVWsQGNdrEAyXqxA
wi6sQEJ7rEAzQ6xAcz2sQLForECHP6xAAymsQMtJrECtbKxAp1KsQG5RrEBNX6xA2EesQG5V
rEBFM6xA3lasQKV9rEDpZqxAq1OsQOxFrEAlVKxAdlusQCNBrEBvRKxA/12sQOhlrEDMcqxA
KVesQGxOrEBLTqxAW2GsQF1orEDeN6xAA1isQNFhrEDdS6xA6IisQL0zrECSL6xAfmSsQLV4
rECgTKxAyFKsQMFxrECDVaxA8VCsQAZ8rECFPqxAV1SsQDSarECZTaxAnW+sQBp4rECVWKxA
uEOsQPd2rECvdaxAylKsQOZarEAygKxAXl+sQEyXrEB0e6xAe0OsQMRjrEAlkqxASIKsQCZU
rEC6cqxAN2qsQBVwrEA7eqxAbZesQEtmrEClZKxASKGsQHZorEC5fKxAAYesQDljrEBikqxA
OlKsQB12rECVW6xAi2usQLmErEBglKxASnysQKRfrEAERKxAd3+sQHpNrEAvSKxAG2SsQAiN
rEDqUaxA1GOsQH9vrEBsdqxA8YmsQNV0rEBYUKxASmGsQHZxrECfWKxA2X+sQKKMrEAzZ6xA
KWisQKGKrEAxdqxAlnasQL5irEDpd6xAAH2sQD9qrECdeqxASH6sQM1+rEDge6xAj3CsQFqb
rEDKkKxA/YqsQK14rEA5oqxAO3OsQMNlrEAldqxAY32sQKSZrEDSiaxAWqmsQGJirEDbm6xA
8oWsQDxyrEAFe6xAGYOsQHOLrEA7oaxAWp6sQHyNrEAXfqxApYusQDR9rED7hqxA9nusQJN8
rEDWhqxAIIqsQPqVrEC5Y6xAaJOsQC2ErED1gqxAIpesQIHCrEDXqaxAF2+sQGWNrED8kqxA
rWusQM2NrEAZo6xAIVSsQD+frEBnl6xANJOsQOqdrEDxiKxA85isQPOLrEB5r6xAhJasQAJu
rEBRr6xArI2sQEOprECbgKxAPa+sQGxprEBKiKxAHqmsQFGvrEC9o6xAWqqsQOiorECDiaxA
Z5esQCNsrECphKxAnoGsQECrrEAumKxAq6GsQH20rECOtqxAK6OsQKmSrEBuf6xAVKOsQO6g
rEA/raxAAKKsQFmBrEBMg6xA8n6sQHCsrEBKqKxA0IKsQGmUrED9i6xAeaCsQK6UrECmkaxA
YrKsQPuirEBuo6xAwIasQJulrEAYnKxANqOsQMqRrEAPpqxALqesQI2RrECIr6xALaOsQBi2
rEAtoKxASsesQNqqrECVoaxAJaasQAyfrECKmaxAfKusQPGkrEDWkaxA97qsQKSwrED3tKxA
CbOsQLCgrECesqxAU7CsQInMrEBSkKxABbasQNzBrECEpKxAc4usQK/LrEBcn6xA7YSsQLm4
rECkuqxAe62sQJzArEBjxaxA2pKsQL3PrED7saxAVoWsQEajrEANwqxAEresQBitrEDmvaxA
f7asQOfLrEB5qKxAR7usQAGnrEDp1KxAztisQHOirECTmqxAC6+sQEakrEDqvaxAcdasQBup
rECkvaxA27asQBq7rEDDkaxA2desQAqurEADyqxA8MWsQH23rECL1KxAXMysQIGkrECI6KxA
EL6sQD28rECrraxAu7KsQG2/rEAqxKxAw7WsQH3VrEAJ2qxAEKysQDbArEB5rKxAz6WsQPTf
rED27KxAls2sQHfKrECA2axACtesQMK+rEBp1qxALb2sQO6trEALsqxAOL+sQCDPrEAv+qxA
D8KsQC3JrEDH8qxAyPOsQADmrEDwpqxAR8asQOXJrEASz6xAle+sQIfBrEDeyaxAmeOsQAXS
rEDjv6xAfrmsQKPFrEBY1axAxPWsQFrGrECRvqxA086sQBS2rEDbzqxAHsysQAnKrEDUw6xA
z+GsQITzrEBj7KxA/LSsQKz6rEANoqxAAbasQH7drEAe26xA6r+sQJ7erEDLwqxAjtWsQOf9
rEAg96xATPesQH7UrED4Ba1AJa6sQLjmrECCzaxAQeysQOvxrEAr3axApc2sQFDOrECf+KxA
GfKsQN/7rECgsaxAkdmsQCrjrEC41axAseKsQIbmrEAY9qxAZ+OsQGPVrEDr4axAc+msQHLX
rEAO0axAX/CsQEz1rEBs+qxAePqsQIe1rEDC36xAowKtQN76rECu7axA3t+sQDoCrUC57axA
CLCsQAPfrEAGxaxAyuusQJfvrEC10KxAkPSsQBT1rEAcCK1APPisQEQGrUD89axAVbisQHsS
rUCQC61Ak+asQMDerEATAK1AtOKsQGr+rEDV+6xAVOWsQOrprEDYA61AzP2sQOLUrEA566xA
nhKtQNXlrECYBa1AKhqtQEvcrEDgBK1ADfCsQFQbrUCICK1AFOWsQOgFrUDu7KxAJPqsQG8Y
rUBT46xAeQetQJrvrEB89KxA7yOtQNXsrEDV+qxAvxatQCwTrUDcD61AUB6tQAEErUDSBa1A
+u+sQP4jrUAMDa1ACP6sQCImrUBvAa1AERetQJpErUAx6axAn9isQJIIrUBJDq1AJwStQJ4U
rUC8Fq1AlNqsQCzwrED1Iq1AGMGsQI//rECvC61ABuisQBUDrUCPEq1Alg2tQNLqrECwE61A
+/+sQCjxrEBu/6xAEACtQLgFrUCtQq1A/iytQAQYrUBEHq1ADQatQCzmrECQ56xAX+6sQPgQ
rUArAK1A3RitQJQkrUAC/axAvfKsQN0PrUAd+6xAuRStQEb9rECPGK1ATtesQNtWrUBKKK1A
MvSsQGQXrUBUDq1AQR+tQJgcrUBPAa1Aa/usQFwrrUCPNa1AXPqsQLNDrUAbFK1A5fasQHIT
rUD+TK1AhwutQPo6rUBIEq1ABAqtQF0frUCp86xAS0mtQM4QrUBT/KxAgBytQIcKrUCGKq1A
SiatQLEUrUA4Eq1AhyatQBwBrUA8Aq1AJhetQC8prUDH7KxASzatQNYXrUDXTq1ANh+tQCQk
rUCUE61Aev+sQGcTrUAMBa1AljmtQH0hrUDAHq1AlB2tQGRArUBZQK1AyxqtQIVKrUD1/axA
XzWtQBoarUBRHq1AiQmtQAscrUD4OK1AHBOtQDwvrUBDFq1AJPKsQEEyrUB9OK1AdxCtQOxW
rUAkJK1AAzutQDoXrUAlMa1AKTmtQCYtrUDaV61AbwetQA4OrUDpD61AYyitQIQJrUBsMq1A
61KtQGoqrUBrEq1AnTetQMMFrUAq8qxAOQ2tQOgMrUBmLa1A5DutQKcorUBCDK1AOyatQAhO
rUA8Ga1ARhmtQMBXrUAIOa1AalKtQDY/rUAdDK1A5kKtQHIerUBjOK1A9hKtQA0ZrUDYHq1A
XB6tQPcSrUAkM61A6xetQOVCrUB2Gq1AzDCtQEgWrUCcQa1ATy6tQJ49rUDTP61APTatQN04
rUAPba1AY0StQBJDrUAbMq1AOU2tQHwsrUDZUq1AUzmtQK8frUCyAq1AwzCtQB47rUDAQK1A
SWetQNgzrUD/SK1ALWqtQFlOrUBoKK1AzEKtQBhCrUABPq1AzjitQDJJrUAVUq1AQjatQBxA
rUA+Ua1A5VStQMVarUBwUa1A/mytQGJHrUBdPa1ATC+tQPFyrUCNZK1A1zytQG1PrUDjaa1A
kyetQGJWrUAOVa1AQDmtQPl9rUDoWK1ANVWtQAFTrUAqeq1ATlmtQN8wrUA5Zq1A/l6tQNJP
rUBCia1AFlWtQIcwrUAMSq1ALnWtQOssrUA4Oq1AqF6tQMomrUBwWK1AUkatQFw3rUAWK61A
f2CtQIlArUCdQa1AGVitQDlXrUABTK1AtnGtQDdQrUA7Ya1AS0ytQNx9rUDXU61AeGetQDh3
rUBAKa1A7UKtQJ5YrUD5Sq1A0UqtQAlYrUCLaK1AJmCtQHVPrUA/W61ARj2tQOtGrUBJja1A
02KtQA5UrUC6ba1A2HetQCtXrUAuf61A0U6tQGlbrUAgg61AbTmtQAYsrUCfa61APkatQLFz
rUACgK1AYoWtQPQ7rUAWS61AuVetQBNSrUAmVa1Aj3KtQFBWrUC0Vq1AmWqtQDxvrUCDYK1A
A4WtQEhirUAmV61AXoetQD6QrUCpeK1AGFCtQLl3rUA1ba1ArJ2tQDB3rUDtd61AZXWtQPyH
rUC2kK1AXVitQJWHrUCyeq1AL32tQBGNrUCOo61AHU6tQCh9rUB1fa1AS2StQB14rUCiXa1A
vXWtQCGCrUCRXK1AT4StQEZFrUB8YK1AzYOtQDOHrUCeYK1A/I+tQMljrUCdc61A8nitQK9i
rUB/kK1ALrWtQKaArUA1na1ALXitQBpprUCjU61AvYutQBaCrUC9ea1AwnetQB5hrUBoe61A
+3+tQPWdrUBPaK1AWFStQHmGrUD8d61A+3+tQKCwrUCNZa1AiXmtQDmNrUDmhq1ApzytQOxn
rUAZkq1A3qitQA2RrUCGd61A126tQPmprUCEmq1AAW6tQJBzrUBicK1Aw1utQBeqrUA4kK1A
inWtQLphrUAJpK1ACF+tQG10rUBfla1AW3GtQM1nrUBJn61ALJ6tQKBqrUCZga1ALoutQB5j
rUDtjq1Ae4itQBRprUBXfa1ATJCtQCOKrUBrna1AHoatQGlcrUBVlK1AGK2tQKqKrUCff61A
HXutQFmSrUBCXK1AN5WtQKGIrUC+da1An52tQOmlrUCOlK1AHHutQHd1rUBLcq1AKXmtQEGK
rUCug61ATIetQC2MrUAcqa1Am16tQB+SrUDlsK1AHWStQN+erUDKp61AYYWtQBVrrUCija1A
zKOtQM+OrUAKp61AFMutQD11rUDPoa1AqZ2tQP+arUAnq61AeZqtQK5rrUBBp61ACratQAe/
rUDtoq1AWpitQIdrrUAjpK1AUq2tQPSJrUDfl61A0aGtQIeHrUAcgq1AEpytQO2/rUDPgK1A
rZStQPSvrUDmeq1AzJStQLWHrUAGpK1ASIytQF+orUAfgq1Ay8itQIeXrUAAsa1AoaOtQN6S
rUDtsK1AI5mtQOmPrUCeqq1ALKetQMixrUDLz61Ama6tQNaErUCUo61AutStQGh/rUAfu61A
NrOtQBanrUD8wa1ATYutQCyJrUBwrq1A4pKtQIysrUDEyK1AcsGtQLKLrUDGua1AD6qtQHCk
rUAljq1Al7utQAS3rUDTgq1AQratQCLIrUD/j61A3ritQPHSrUBQqq1AwJ2tQCi3rUBtmK1A
/KStQEi5rUC5oK1Aq5WtQBWurUBpsa1At5ytQKXSrUBhka1AIa2tQCDdrUCNpa1ATKCtQN2h
rUD4u61A3K6tQOmcrUCc3a1AlJStQGmjrUAGt61AVuetQCS3rUD6ya1Ax9CtQHCqrUAqpq1A
C52tQAm8rUDbrK1Axb6tQNm2rUDnv61AKcStQK29rUDep61AY7OtQO/JrUBP161A2setQIOo
rUC+tK1AeL2tQGvMrUDiv61A7c2tQJ7ErUCcv61AI6+tQIjHrUALwq1A4aatQB/NrUDjp61A
ncOtQJjprUBvsK1ANsitQCXLrUC0tq1A+citQGTZrUDHsq1AOKKtQNzmrUDor61AT76tQO/V
rUAr4a1AIs2tQKWmrUBay61AhdetQPPIrUDhya1AHtCtQCLKrUAJ1q1AjsmtQKyjrUCsxa1A
gb+tQGi9rUCVxa1AVsitQCG8rUBnmq1AAM+tQMGtrUAS1K1AmtutQMvarUBQ3q1ArPetQObP
rUBd1K1AYs+tQCjqrUADqK1Am76tQP/KrUD/0q1AILKtQMPDrUAQwa1AD6qtQDXkrUA9wK1A
fNOtQAH/rUAQyq1A4eutQLYDrkA59q1A5qytQKnVrUCh5a1APuStQBv0rUCmza1A662tQNC4
rUAr5K1A</AssayYData></Step><Step><CommonData><SampleLocation>5</SampleLocation><SampleID>Glycine</SampleID><SampleGroup></SampleGroup><SampleInfo></SampleInfo><SampleRow>F</SampleRow><SamplePlate>1</SamplePlate><WellType>REGENERATION</WellType><Concentration>-1</Concentration><ConcentrationUnits>µg/ml</ConcentrationUnits><MolarConcentration>-1</MolarConcentration><MolarConcUnits>nM</MolarConcUnits><MolecularWeight>0</MolecularWeight><Temperature>30</Temperature><StartTime>8504312</StartTime><AssayTime>5</AssayTime></CommonData><FlowRate>1000</FlowRate><StepType>KREGENERATION</StepType><StepName>Regeneration</StepName><StepStatus>OK</StepStatus><ActualTime>4.9998</ActualTime><CycleTime>0.2</CycleTime><AssayXData Points="25">VmDqRfJh6kWJY+pFJWXqRbxm6kVWaOpF8GnqRYtr6kUjbepFvG7qRVZw6kXwcepFiXPqRSN1
6kW+dupFVnjqRfB56kWLe+pFJX3qRbx+6kVYgOpF8IHqRYmD6kUjhepFvIbqRQ==</AssayXData><AssayYData Points="25">40D2P0ZE7T88zek/sPvmPz1p5D/KNOI//HXgP1CQ3T/Tg9s/zdfYP2Hr1j8cy9Q/MgLTP7u3
0D82Rc4/4EXNPx18zD+qIMo/weXIP4mFxz9iQcY/V9HEP9Kiwz+UxcI/9GnCPw==</AssayYData></Step><Step><CommonData><SampleLocation>6</SampleLocation><SampleID>PBS</SampleID><SampleGroup></SampleGroup><SampleInfo></SampleInfo><SampleRow>F</SampleRow><SamplePlate>1</SamplePlate><WellType>NEUTRALIZATION</WellType><Concentration>-1</Concentration><ConcentrationUnits>µg/ml</ConcentrationUnits><MolarConcentration>-1</MolarConcentration><MolarConcUnits>nM</MolarConcUnits><MolecularWeight>0</MolecularWeight><Temperature>30</Temperature><StartTime>8517416</StartTime><AssayTime>5</AssayTime></CommonData><FlowRate>1000</FlowRate><StepType>KREGENERATION</StepType><StepName>Regeneration</StepName><StepStatus>OK</StepStatus><ActualTime>4.9998</ActualTime><CycleTime>0.2</CycleTime><AssayXData Points="25">VojqRfCJ6kWJi+pFI43qRb6O6kVWkOpF8JHqRYmT6kUjlepFvpbqRVaY6kXwmepFiZvqRSWd
6kW+nupFVqDqRfKh6kWJo+pFJaXqRbym6kVYqOpF8KnqRYmr6kUlrepFvK7qRQ==</AssayXData><AssayYData Points="25">B0GaQMDhmkDPPZtAx86bQLHhm0ARPpxAfUycQHXBnEBGBZ1Ary2dQJQUnUBNXZ1A+1KdQHWj
nUDekZ1AxridQKK/nUCZAp5AQRGeQHoSnkC+Ep5A1vSdQOMonkCMMZ5A6imeQA==</AssayYData></Step><Step><CommonData><SampleLocation>5</SampleLocation><SampleID>Glycine</SampleID><SampleGroup></SampleGroup><SampleInfo></SampleInfo><SampleRow>F</SampleRow><SamplePlate>1</SamplePlate><WellType>REGENERATION</WellType><Concentration>-1</Concentration><ConcentrationUnits>µg/ml</ConcentrationUnits><MolarConcentration>-1</MolarConcentration><MolarConcUnits>nM</MolarConcUnits><MolecularWeight>0</MolecularWeight><Temperature>30</Temperature><StartTime>8530692</StartTime><AssayTime>5</AssayTime></CommonData><FlowRate>1000</FlowRate><StepType>KREGENERATION</StepType><StepName>Regeneration</StepName><StepStatus>OK</StepStatus><ActualTime>4.9998</ActualTime><CycleTime>0.2</CycleTime><AssayXData Points="25">VrDqRfCx6kWJs+pFJbXqRb626kVWuOpF8LnqRYm76kUjvepFvL7qRVjA6kXywepFicPqRSPF
6kW+xupFWMjqRfLJ6kWJy+pFJc3qRbzO6kVW0OpF8tHqRYnT6kUl1epFvNbqRQ==</AssayXData><AssayYData Points="25">+2bbP8/Y0T/eRs0/5nPKP9j4xz+aTsU/YafDPzopwz8iGcE/FRXAP16Ivz83L70/Ba+8P6En
vD9lbLs/ro+6P6tcuj9ATbk/9ci4P1fZuD8wP7c/P0e3P0cbtz/pMrY/XZ21Pw==</AssayYData></Step><Step><CommonData><SampleLocation>6</SampleLocation><SampleID>PBS</SampleID><SampleGroup></SampleGroup><SampleInfo></SampleInfo><SampleRow>F</SampleRow><SamplePlate>1</SamplePlate><WellType>NEUTRALIZATION</WellType><Concentration>-1</Concentration><ConcentrationUnits>µg/ml</ConcentrationUnits><MolarConcentration>-1</MolarConcentration><MolarConcUnits>nM</MolarConcUnits><MolecularWeight>0</MolecularWeight><Temperature>30</Temperature><StartTime>8543927</StartTime><AssayTime>5</AssayTime></CommonData><FlowRate>1000</FlowRate><StepType>KREGENERATION</StepType><StepName>Regeneration</StepName><StepStatus>OK</StepStatus><ActualTime>4.9998</ActualTime><CycleTime>0.2</CycleTime><AssayXData Points="25">VtjqRfLZ6kWJ2+pFI93qRbze6kVY4OpF8OHqRYvj6kUl5epFvObqRVbo6kXw6epFi+vqRSPt
6kW87upFVvDqRfDx6kWJ8+pFJfXqRbz26kVY+OpF8PnqRYn76kUl/epFvP7qRQ==</AssayXData><AssayYData Points="25">neeZQN96mkBpzZpAbFWbQM6Im0Ds25tAmRmcQCJLnEDynpxAQbqcQILLnECluZxAYgWdQMIp
nUCbQZ1AXYmdQImAnUBLe51AD46dQIafnUBmr51AUbKdQKPJnUA76J1AQxaeQA==</AssayYData></Step><Step><CommonData><SampleLocation>5</SampleLocation><SampleID>Glycine</SampleID><SampleGroup></SampleGroup><SampleInfo></SampleInfo><SampleRow>F</SampleRow><SamplePlate>1</SamplePlate><WellType>REGENERATION</WellType><Concentration>-1</Concentration><ConcentrationUnits>µg/ml</ConcentrationUnits><MolarConcentration>-1</MolarConcentration><MolarConcUnits>nM</MolarConcUnits><MolecularWeight>0</MolecularWeight><Temperature>30</Temperature><StartTime>8557030</StartTime><AssayTime>5</AssayTime></CommonData><FlowRate>1000</FlowRate><StepType>KREGENERATION</StepType><StepName>Regeneration</StepName><StepStatus>OK</StepStatus><ActualTime>5.00078</ActualTime><CycleTime>0.2</CycleTime><AssayXData Points="25">VgDrRfIB60WLA+tFIwXrRbwG60VWCOtF8gnrRYkL60UlDetFvA7rRVYQ60XyEetFiRPrRSUV
60W+FutFVhjrRfIZ60WLG+tFIx3rRbwe60VWIOtF8CHrRYkj60UjJetFvibrRQ==</AssayXData><AssayYData Points="25">hmzXP0SXzj/z78g/6yjGP2hDxD+OAcI/3FrAP1n+vz8KKL8/lLu9P2isvD/vs7s/p0i7P7sQ
uz8QZbo/boi5P4jPuD+kzbc/KxW4P8/itz+XFLc/Eoi2P0k0tT84SbU/J5+1Pw==</AssayYData></Step><Step><CommonData><SampleLocation>6</SampleLocation><SampleID>PBS</SampleID><SampleGroup></SampleGroup><SampleInfo></SampleInfo><SampleRow>F</SampleRow><SamplePlate>1</SamplePlate><WellType>NEUTRALIZATION</WellType><Concentration>-1</Concentration><ConcentrationUnits>µg/ml</ConcentrationUnits><MolarConcentration>-1</MolarConcentration><MolarConcUnits>nM</MolarConcUnits><MolecularWeight>0</MolecularWeight><Temperature>30</Temperature><StartTime>8570432</StartTime><AssayTime>5</AssayTime></CommonData><FlowRate>1000</FlowRate><StepType>KREGENERATION</StepType><StepName>Regeneration</StepName><StepStatus>OK</StepStatus><ActualTime>4.9998</ActualTime><CycleTime>0.2</CycleTime><AssayXData Points="25">WCjrRfQp60WLK+tFJy3rRcAu60VYMOtF9DHrRY0z60UnNetFvjbrRVg460XyOetFizvrRSc9
60W+PutFWEDrRfhB60WLQ+tFJUXrRb5G60VYSOtF8knrRYtL60UlTetFvk7rRQ==</AssayXData><AssayYData Points="25">eb6aQLwpm0DnwZtA5xqcQI6AnED/vpxA1hidQCE8nUD1ZJ1AUnadQPu8nUA5yZ1AuvydQJ79
nUAKJZ5AL0qeQAo4nkArfZ5AfK2eQK+9nkBGoZ5Asd6eQO/RnkBa155AaOyeQA==</AssayYData></Step><Step><CommonData><SampleLocation>1</SampleLocation><SampleID>Octet Buffer</SampleID><SampleGroup></SampleGroup><SampleInfo></SampleInfo><SampleRow>E</SampleRow><SamplePlate>1</SamplePlate><WellType>BUFFER</WellType><Concentration>-1</Concentration><ConcentrationUnits>µg/ml</ConcentrationUnits><MolarConcentration>-1</MolarConcentration><MolarConcUnits>nM</MolarConcUnits><MolecularWeight>0</MolecularWeight><Temperature>30</Temperature><StartTime>8584860</StartTime><AssayTime>20</AssayTime></CommonData><FlowRate>1000</FlowRate><StepType>CUSTOM</StepType><StepName>Sensor Check</StepName><StepStatus>OK</StepStatus><ActualTime>19.9998</ActualTime><CycleTime>0.2</CycleTime><AssayXData Points="100">WFDrRfRR60WNU+tFJ1XrRcBW60VYWOtF8lnrRYtb60UlXetFvl7rRVhg60X0YetFjWPrRSVl
60XAZutFWGjrRfJp60WLa+tFJW3rRb5u60VYcOtF8nHrRYtz60UndetFvnbrRVh460X0eetF
i3vrRSd960W+futFWoDrRfSB60WLg+tFJ4XrRcCG60VaiOtF8onrRYuL60UljetFwI7rRViQ
60XyketFjZPrRSmV60W+lutFWJjrRfSZ60WLm+tFJZ3rRb6e60VaoOtF8qHrRYuj60UlpetF
wKbrRVio60XyqetFi6vrRSet60XArutFWLDrRfKx60WLs+tFJbXrRcC260VYuOtF9LnrRYu7
60UlvetFvr7rRVjA60XywetFjcPrRSfF60W+xutFWMjrRfLJ60WNy+tFJc3rRb7O60VY0OtF
9NHrRY3T60Ul1etFvtbrRVjY60Xy2etFi9vrRSXd60XA3utFWuDrRfTh60WN4+tFJeXrRcDm
60VY6OtF8unrRY3r60Ul7etFvu7rRQ==</AssayXData><AssayYData Points="100">1fmYQEj2lkDMwZVADaiUQF/6k0B7l5NAb3qTQOUZk0A3LJNA5BWTQKYsk0AFMZNAq0GTQOQy
k0AhT5NAxJiTQCljk0DLjZNA2cCTQLFxk0AtmpNAfc+TQMzTk0D84ZNAd+GTQFfuk0DsBJRA
et2TQOwXlEB8GJRAeimUQBowlEBzG5RAI0WUQB9XlEB5SZRA8T6UQPFqlECJWpRAFUeUQIyC
lECmg5RA5lWUQLeTlEDeXJRAZ3eUQFKXlEDIppRAVaqUQBKhlEBX4pRA3r6UQL2WlEAK3ZRA
MM6UQArZlEAA4ZRAwdyUQA2ylEAb85RAS8uUQCrLlEBD+JRAy+OUQCr0lEDg2JRAzg6VQJj4
lECe4pRAQxGVQB4alUAm/JRAwySVQBknlUDWHJVARyeVQLwulUAFP5VAYECVQIhSlUAMIJVA
NiSVQIVGlUDrOpVAhVCVQPFjlUDlNZVACWSVQEFflUCHT5VAwmWVQApslUAIg5VAKFmVQO6P
lUBbr5VAw3KVQLKVlUCjeZVAb3aVQA==</AssayYData></Step><Step><CommonData><SampleLocation>1</SampleLocation><SampleID>SI-157X65_P5567</SampleID><SampleGroup></SampleGroup><SampleInfo></SampleInfo><SampleRow>F</SampleRow><SamplePlate>1</SamplePlate><WellType>KLOAD</WellType><Concentration>5</Concentration><ConcentrationUnits>µg/ml</ConcentrationUnits><MolarConcentration>5000</MolarConcentration><MolarConcUnits>nM</MolarConcUnits><MolecularWeight>0</MolecularWeight><Temperature>30</Temperature><StartTime>8613160</StartTime><AssayTime>120</AssayTime></CommonData><FlowRate>1000</FlowRate><StepType>LOADING</StepType><StepName>Loading</StepName><StepStatus>OK</StepStatus><ActualTime>120.001</ActualTime><CycleTime>0.2</CycleTime><AssayXData Points="600">WPDrRfLx60WL8+tFJfXrRb7260VY+OtF8vnrRY3760Ul/etFvv7rRVoA7EXyAexFiwPsRSUF
7EW+BuxFWAjsRfIJ7EWLC+xFJw3sRb4O7EVYEOxF8hHsRYsT7EUnFexFwBbsRVgY7EXyGexF
ixvsRSUd7EW+HuxFWiDsRfIh7EWLI+xFJyXsRcAm7EVYKOxF9CnsRY0r7EUlLexFvi7sRVgw
7EXyMexFizPsRSU17EXANuxFWjjsRfQ57EWLO+xFJz3sRb4+7EVYQOxF9EHsRYtD7EUnRexF
wEbsRVhI7EXySexFi0vsRSVN7EW+TuxFWFDsRfJR7EWLU+xFJVXsRb5W7EVYWOxF8lnsRYtb
7EUlXexFvl7sRVhg7EX0YexFjWPsRSdl7EXAZuxFWGjsRfJp7EWNa+xFJ23sRcBu7EVYcOxF
8nHsRYtz7EUldexFvnbsRVp47EXyeexFi3vsRSd97EW+fuxFWIDsRfKB7EWLg+xFJ4XsRb6G
7EVYiOxF8onsRYuL7EUnjexFwI7sRViQ7EXykexFi5PsRSWV7EXAluxFWJjsRfSZ7EWNm+xF
JZ3sRcCe7EVaoOxF8qHsRYuj7EUlpexFvqbsRVio7EX0qexFjavsRSWt7EW+ruxFWrDsRfKx
7EWLs+xFJbXsRb627EVYuOxF8rnsRY277EUlvexFvr7sRVrA7EX0wexFi8PsRSXF7EXAxuxF
WMjsRfLJ7EWLy+xFJc3sRb7O7EVY0OxF8tHsRYvT7EUn1exFvtbsRVrY7EXy2exFjdvsRSXd
7EW+3uxFWODsRfLh7EWL4+xFJeXsRb7m7EVY6OxF8unsRY3r7EUl7exFwO7sRVjw7EX08exF
jfPsRSf17EXA9uxFWPjsRfT57EWN++xFJf3sRb7+7EVYAO1F8gHtRYsD7UUlBe1FvgbtRVoI
7UXyCe1FiwvtRScN7UW+Du1FWBDtRfIR7UWLE+1FJRXtRcAW7UVaGO1F8hntRY0b7UUlHe1F
wB7tRVgg7UXyIe1FiyPtRSUl7UXAJu1FWijtRfQp7UWLK+1FJy3tRcAu7UVYMO1F8jHtRYsz
7UUlNe1FvjbtRVg47UXyOe1FjTvtRSU97UW+Pu1FWEDtRfJB7UWLQ+1FJUXtRb5G7UVaSO1F
8kntRY1L7UUlTe1Fvk7tRVhQ7UXyUe1Fi1PtRSdV7UW+Vu1FWFjtRfJZ7UWLW+1FJV3tRcBe
7UVaYO1F8mHtRYtj7UUlZe1FvmbtRVho7UX0ae1Fi2vtRSVt7UW+bu1FWHDtRfRx7UWLc+1F
JXXtRb527UVaeO1F8nntRYt77UUlfe1Fvn7tRViA7UXyge1Fi4PtRSeF7UXAhu1FWIjtRfKJ
7UWNi+1FJ43tRcCO7UVakO1F8pHtRYuT7UUnle1FXpftRaKY7UX0me1Fi5vtRSWd7UW+nu1F
XKDtRfKh7UWLo+1FJ6XtRb6m7UVYqO1F8qntRYur7UUlre1Fvq7tRViw7UXyse1FjbPtRSe1
7UW+tu1FWLjtRfK57UWNu+1FJb3tRb6+7UVawO1F8sHtRYvD7UUlxe1FwMbtRVjI7UXyye1F
i8vtRSfN7UW+zu1FWNDtRfLR7UWL0+1FJdXtRb7W7UVY2O1F9NntRYvb7UUl3e1Fvt7tRVrg
7UXy4e1FjePtRSXl7UXA5u1FWOjtRfLp7UWL6+1FJe3tRcDu7UVY8O1F8vHtRYvz7UUl9e1F
wPbtRVr47UXy+e1Fi/vtRSf97UW+/u1FWgDuRfIB7kWLA+5FJwXuRb4G7kVaCO5F8gnuRYsL
7kUlDe5Fvg7uRVgQ7kXyEe5FjRPuRSUV7kW+Fu5FWBjuRfQZ7kWLG+5FJR3uRcAe7kVYIO5F
8iHuRYsj7kUnJe5FvibuRVgo7kXyKe5FiyvuRSUt7kW+Lu5FWjDuRfIx7kWNM+5FJTXuRb42
7kVYOO5F8jnuRY077kUlPe5Fvj7uRVhA7kXyQe5FjUPuRSVF7kXARu5FWkjuRfJJ7kWNS+5F
JU3uRb5O7kVaUO5F9FHuRY1T7kUnVe5FwFbuRVhY7kX0We5Fi1vuRSVd7kW+Xu5FWGDuRfRh
7kWNY+5FJ2XuRb5m7kVaaO5F9GnuRYtr7kUnbe5Fvm7uRVhw7kXyce5FjXPuRSV17kXAdu5F
WHjuRfJ57kWLe+5FJ33uRcB+7kVYgO5F8oHuRYuD7kUlhe5FvobuRVqI7kX0ie5Fi4vuRSWN
7kW+ju5FWJDuRfSR7kWNk+5FJZXuRb6W7kVYmO5F8pnuRY2b7kUlne5FwJ7uRVig7kXyoe5F
i6PuRSel7kW+pu5FWqjuRfKp7kWLq+5FJa3uRb6u7kVYsO5F8rHuRY2z7kUlte5FwLbuRVq4
7kXyue5Fi7vuRSW97kW+vu5FWMDuRfTB7kWNw+5FJ8XuRb7G7kVcyO5F9MnuRYvL7kUnze5F
vs7uRVjQ7kXy0e5FjdPuRSXV7kW+1u5FWNjuRfLZ7kWN2+5FJd3uRcDe7kVY4O5F8uHuRYvj
7kUn5e5FwObuRVro7kX06e5Fi+vuRSXt7kXA7u5FWPDuRfLx7kWN8+5FJfXuRcD27kVY+O5F
8vnuRYv77kUl/e5Fvv7uRVoA70X0Ae9FjQPvRScF70W+Bu9FWAjvRfIJ70WLC+9FJQ3vRb4O
70VYEO9F8hHvRY0T70UlFe9FvhbvRVgY70X0Ge9FixvvRSUd70W+Hu9FXCDvRfQh70WLI+9F
JSXvRcAm70VaKO9F8invRYsr70UlLe9Fvi7vRVgw70XyMe9FizPvRSU170W+Nu9FWjjvRfI5
70WNO+9FJT3vRb4+70VYQO9F8kHvRYtD70UlRe9FwEbvRVhI70X0Se9Fi0vvRSVN70W+Tu9F
WFDvRfJR70WLU+9FJVXvRb5W70VYWO9F9FnvRY1b70UlXe9Fvl7vRVhg70X0Ye9FjWPvRSdl
70W+Zu9FWGjvRfRp70WLa+9FJ23vRb5u70VYcO9F9HHvRYtz70Ulde9FvnbvRct470UQeu9F
i3vvRSV970XAfu9FWIDvRfKB70WLg+9FJYXvRcCG70VaiO9F9InvRYuL70Ulje9Fvo7vRViQ
70X0ke9Fi5PvRSWV70W+lu9FWJjvRfKZ70WLm+9FJZ3vRcCe70VYoO9F8qHvRY2j70Unpe9F
vqbvRVio70Xyqe9Fi6vvRSet70XAru9F</AssayXData><AssayYData Points="600">BEGVQLG3lUBY+ZVA/DKWQJBDlkDjlZZAM5aWQGvalkDr/pZA6jOXQDAql0A8a5dAYqaXQKit
l0BDs5dABhiYQNX6l0CzKphAcYSYQHNvmEA5cphAqOSYQMHSmEAi95hAmxaZQCE3mUD4bplA
yW6ZQIWdmUCAxplAktSZQDn/mUByHZpA2zCaQAxamkDFXZpAOpGaQFiQmkDrwJpAmuKaQE4B
m0BSBJtAAkGbQBNvm0C1hJtA03ybQOG3m0DI6ZtAu92bQIDam0B6S5xA+iWcQLBfnEB3SpxA
KYOcQOa6nEBjsJxAkrucQGfAnEDuA51AJSWdQDYOnUBiTp1A+mmdQI1znUD7qJ1AYsKdQE3C
nUBZwZ1Ak+2dQOEAnkDzDp5AhGmeQLpvnkCzVZ5AP3ieQOyKnkDitJ5ARMmeQFXinkC7uZ5A
3uyeQNopn0DGG59AOy2fQMRon0AUe59A+HafQEySn0Azz59AwZSfQBjOn0Bi+Z9AE/SfQG8S
oEA2LqBAACqgQANAoEB6cKBAAG2gQPhpoECipqBADq2gQKnGoEBy86BAqBahQBv9oEAAGqFA
yhKhQPsJoUBCW6FAkUqhQBJqoUCih6FAVb2hQGCPoUD0rKFA9LmhQGDQoUCryKFAixGiQA7/
oUDNCqJAYUCiQNAnokBqQqJAW1eiQJh4okBjaqJAKoeiQNqvokDQkaJAVqOiQBfgokAl5aJA
672iQMrxokD95KJA6CKjQNMWo0DrKKNAElOjQDFEo0C0VKNAYmKjQDVqo0DIh6NAXKSjQPme
o0C806NAgaajQNjLo0CV/KNAWNWjQMTlo0B3M6RAzf+jQDoApEB7IKRA0U+kQPlBpEDOO6RA
gUekQJtopED9cKRAPomkQBedpEDOnqRAFbqkQD7vpEDaxaRAYLykQGjIpEB116RAsAGlQJcf
pUB0/qRAfA+lQOMzpUB4RKVAqz2lQDZQpUADNaVAOk+lQBKFpUDea6VAMISlQLOkpUDRk6VA
TJ+lQKOspUAbx6VAzKelQE3WpUC2FaZAV9mlQNrUpUDNHqZAa/OlQPsPpkDXLaZAChWmQPL/
pUC7TaZAojamQNZDpkChXqZAK2SmQCRjpkDiQKZAt6imQOWHpkCNfaZAl3CmQDGepkDKpKZA
R82mQEurpkCgjqZAMfGmQB/YpkBmAqdAt/amQOvXpkAdBKdAKg+nQPoIp0DbEKdA9yCnQGI1
p0BZFKdAqE+nQOoup0DcKKdAm2enQCtvp0CvaqdAzninQBKBp0BOg6dAWJOnQM2Tp0DgmKdA
yYynQNbDp0CZsadAebynQBmjp0DanqdAYbqnQMDWp0D3BKhALNKnQDbip0Bx8KdAFf2nQEIT
qEBwL6hAegKoQL8nqED9L6hACgaoQC42qECKSKhAeUCoQEJcqEDqXKhAXVyoQClgqEDHT6hA
5oyoQLNtqEBzhahAtYSoQCxyqEBspqhArpuoQBWyqEBNoKhAr8eoQJvdqECg4ahAtLKoQD/Y
qEDIuKhADOqoQNrtqED6oqhAFeyoQKk+qUBh/KhAYAqpQCEwqUAzAKlAaQGpQB8bqUDNDKlA
ZzmpQLNLqUA3M6lAqSOpQCM5qUBjbalAQUqpQCFTqUDcgalAcT2pQKpmqUAzjalATmipQJaI
qUAgdKlAEYipQGGeqUBCmqlAL6ipQOJ9qUCjpKlAoM+pQES2qUA56qlARsGpQALKqUAi4KlA
GP+pQIurqUDi0qlABuypQP0DqkA4FapABRWqQOJBqkA6DqpAJxeqQOIdqkCmFqpAqByqQHsg
qkCyHKpA6EOqQFtJqkDTN6pAih2qQAlKqkCORqpA5kOqQEdrqkD1Z6pAVVyqQK6EqkCucapA
j2mqQF+QqkC4bapAeXKqQPSYqkB0nqpAiY+qQPNhqkCOrqpAP6CqQDW1qkCFxqpAds+qQI3B
qkDZ1KpA2duqQNiqqkA29KpA1u+qQL3IqkDq4qpA7vOqQPbAqkA4AKtAjuiqQF0Eq0BiHKtA
QiurQM8Cq0CF86pAxxWrQCoZq0C3+KpAryCrQKYyq0C0+6pAQjyrQHJOq0AfMKtAO1CrQDhb
q0BjdKtAh1WrQPiLq0AKSqtABW2rQKZpq0ADaKtAwFyrQMiGq0CXfatAsHerQKOWq0DDuatA
822rQMh+q0C8w6tAk4urQGyeq0APtqtAZ56rQOurq0Czl6tA2L2rQETJq0CJAKxAN+irQHqw
q0AFuqtAMfirQFzgq0Cv9atAtberQIzOq0D636tAcOyrQBrtq0Ci16tA6PSrQPf1q0BY4KtA
1w6sQCUcrED9HKxAdPurQM4trEAQS6xAOxusQL4QrEBvEaxAWiCsQLQ8rEDsH6xAPlSsQM8+
rECwfKxAf02sQG9GrEDUSqxAdFGsQMVXrEAgaqxAu06sQP+ErEA9jqxA9lGsQAmorEDufqxA
DYOsQEh3rEAslaxApYysQIyKrEA9d6xAH6ysQJ+TrEDKmqxAVbusQG2ErEDXz6xA2s6sQBuK
rEB8w6xAfcasQM6srECPr6xAsrqsQPLbrECAyKxAAsasQILdrEAB0KxA9QitQOzfrEDV7axA
YNisQO7rrEDD16xABO+sQAEKrUBw46xA4xqtQGIKrUA6B61ABCOtQP4IrUDb/axAITitQAAt
rUB5EK1A5SqtQOFYrUCoXq1AMgatQLFHrUCnR61Auz+tQGczrUBNO61A5TqtQIxkrUBvYK1A
Xz2tQJlsrUDRVK1AFKGtQAs0rUCEb61AiYytQEY/rUAtga1AD4+tQM+QrUDJUa1AyXqtQLV1
rUBsla1ACJCtQMTArUAicK1AgJqtQG6hrUCzWK1ACpetQNqvrUBtmq1AQKutQFKqrUAQoK1A
JbCtQCHKrUBkj61AnMqtQJ/KrUB9va1A+8GtQIsOrkDi5K1ArdmtQEfirUCw161AYfatQH/5
rUD7y61Aj8etQHsHrkB43q1AutqtQPYNrkBt761AqeCtQF7rrUAiI65ATSGuQJjjrUCRD65A
WguuQI4QrkDxB65AizGuQLsFrkCAJK5AvzGuQCoVrkCuQa5AQg6uQJEarkAeEK5AQkauQKke
rkDIHq5ASxCuQGUNrkDKTK5A42muQI9prkDlU65AGEeuQHo7rkBjUK5Al1yuQAN1rkC/Rq5A
aEauQKN+rkDFW65AwHquQLxrrkCmZK5A</AssayYData></Step><Step><CommonData><SampleLocation>1</SampleLocation><SampleID>Octet Buffer</SampleID><SampleGroup></SampleGroup><SampleInfo></SampleInfo><SampleRow>E</SampleRow><SamplePlate>1</SamplePlate><WellType>BUFFER</WellType><Concentration>-1</Concentration><ConcentrationUnits>µg/ml</ConcentrationUnits><MolarConcentration>-1</MolarConcentration><MolarConcUnits>nM</MolarConcUnits><MolecularWeight>0</MolecularWeight><Temperature>30</Temperature><StartTime>8741413</StartTime><AssayTime>100</AssayTime></CommonData><FlowRate>1000</FlowRate><StepType>BASELINE</StepType><StepName>Baseline</StepName><StepStatus>OK</StepStatus><ActualTime>99.9998</ActualTime><CycleTime>0.2</CycleTime><AssayXData Points="500">WrDvRfax70WNs+9FKbXvRcC270VauO9F9LnvRY2770Upve9FwL7vRVzA70X0we9FjcPvRSnF
70XAxu9FWsjvRfTJ70WNy+9FKc3vRcDO70Va0O9F9NHvRY3T70Un1e9FwtbvRVrY70X02e9F
jdvvRSnd70XC3u9FXODvRfTh70WP4+9FJ+XvRcDm70Va6O9F9OnvRY/r70WX7e9F3e7vRVrw
70X08e9Fj/PvRSf170XA9u9FXPjvRfT570WN++9FJ/3vRcD+70VcAPBF9AHwRY8D8EUnBfBF
wgbwRVoI8EX0CfBFjQvwRSkN8EXCDvBFWhDwRfQR8EWPE/BFJxXwRcIW8EVaGPBF9BnwRY0b
8EUpHfBFwh7wRVwg8EX2IfBFjSPwRScl8EXCJvBFXCjwRfQp8EWNK/BFJy3wRcIu8EVaMPBF
9DHwRY8z8EUpNfBFwDbwRVw48EX0OfBFjTvwRSk98EXCPvBFXEDwRfRB8EWNQ/BFJ0XwRcBG
8EVcSPBF9knwRY1L8EUnTfBFwE7wRVxQ8EX2UfBFjVPwRSdV8EXAVvBFWljwRfZZ8EWNW/BF
J13wRcBe8EVaYPBF9GHwRY1j8EUpZfBFwGbwRVpo8EX0afBFjWvwRSlt8EXAbvBFWnDwRfRx
8EWNc/BFKXXwRcB28EVcePBF9HnwRY178EUpffBFwn7wRVyA8EX0gfBFjYPwRSmF8EXAhvBF
WojwRfSJ8EWPi/BFoo3wReWO8EVckPBF9JHwRY2T8EUnlfBFwJbwRVqY8EX0mfBFjZvwRSmd
8EXAnvBFWqDwRfSh8EWPo/BFKaXwRcCm8EVcqPBF9qnwRY2r8EUnrfBFwK7wRVqw8EX2sfBF
jbPwRSm18EXAtvBFWrjwRfa58EWPu/BFKb3wRcC+8EVawPBF9sHwRZHD8EUnxfBFwMbwRVrI
8EX0yfBFjcvwRSfN8EXAzvBFXNDwRfTR8EWN0/BFJ9XwRcLW8EVa2PBF9tnwRY3b8EUn3fBF
wN7wRVrg8EX24fBFjePwRSfl8EXA5vBFWujwRfTp8EWP6/BFJ+3wRcDu8EVa8PBF9vHwRY3z
8EUn9fBFwPbwRVr48EX0+fBFjfvwRSn98EXA/vBFXADxRfQB8UWNA/FFKQXxRcAG8UVcCPFF
9AnxRY0L8UUnDfFFwg7xRVoQ8UX2EfFFjxPxRSkV8UXCFvFFXBjxRfYZ8UWNG/FFJx3xRcAe
8UVaIPFF9CHxRZEj8UUnJfFFwibxRVwo8UX2KfFFjSvxRbAt8UX0LvFFXDDxRfQx8UWPM/FF
KTXxRcI28UVcOPFF9jnxRY078UUnPfFFwj7xRVpA8UX0QfFFj0PxRSlF8UXARvFFXEjxRfRJ
8UWPS/FFJ03xRcBO8UVaUPFF9FHxRY1T8UUnVfFFwFbxRVpY8UX2WfFFj1vxRSld8UXAXvFF
XGDxRfRh8UWNY/FFJ2XxRcJm8UVaaPFF9GnxRY1r8UUnbfFFwG7xRVxw8UX0cfFFjXPxRSd1
8UXCdvFFXHjxRfZ58UWNe/FFKX3xRcB+8UVagPFF9IHxRY2D8UUnhfFFwIbxRVqI8UX0ifFF
j4vxRSeN8UXAjvFFXJDxRfSR8UWNk/FFJ5XxRcCW8UVamPFF9JnxRY2b8UUnnfFFwJ7xRVqg
8UX0ofFFj6PxRSel8UXApvFFWqjxRfSp8UWNq/FFKa3xRcCu8UVasPFF9LHxRY+z8UUntfFF
wLbxRVy48UX0ufFFjbvxRSe98UXCvvFFWsDxRfTB8UWPw/FFKcXxRcDG8UVcyPFF9MnxRY3L
8UXCzfFFCM/xRVzQ8UX20fFFjdPxRSfV8UXC1vFFWtjxRfTZ8UWP2/FFJ93xRcDe8UVa4PFF
9OHxRY/j8UUn5fFFwObxRVro8UX06fFFjevxRSft8UXA7vFFXPDxRfbx8UWN8/FFJ/XxRcL2
8UVa+PFF9vnxRY378UUn/fFFwv7xRVoA8kX2AfJFjQPyRScF8kXCBvJFXAjyRfQJ8kWNC/JF
Kw3yRcIO8kVcEPJF9BHyRY0T8kUnFfJFwhbyRVoY8kX0GfJFjxvyRScd8kXAHvJFWiDyRfQh
8kWNI/JFJyXyRcAm8kVaKPJF9CnyRY8r8kUnLfJFwi7yRVow8kX0MfJFjzPyRSc18kXANvJF
WjjyRfQ58kWPO/JFJz3yRcA+8kVaQPJF9EHyRY9D8kUnRfJFwEbyRVpI8kX2SfJFj0vyRSlN
8kXATvJFXFDyRfRR8kWNU/JFJ1XyRcBW8kVaWPJF9lnyRY9b8kUnXfJFwl7yRVpg8kX0YfJF
j2PyRSll8kXAZvJFWmjyRfRp8kWNa/JFpm3yRetu8kVacPJF9HHyRY1z8kUpdfJFwnbyRVx4
8kX2efJFjXvyRSd98kXAfvJFXIDyRfSB8kWNg/JFJ4XyRcCG8kVciPJF9InyRY2L8kUnjfJF
wI7yRVyQ8kX2kfJFj5PyRSmV8kXClvJFWpjyRfSZ8kWPm/JFJ53yRcCe8kVaoPJF9KHyRY2j
8kUnpfJFxKbyRVyo8kX0qfJFj6vyRSet8kXArvJFWrDyRfSx8kWPs/JFJ7XyRcK28kVauPJF
9LnyRY+78kUnvfJFwL7yRVrA8kX2wfJFjcPyRSnF8kXAxvJFXMjyRfTJ8kWNy/JFJ83yRcDO
8kU=</AssayXData><AssayYData Points="500">/tmtQLUBrkAtJa5ANBOuQAourkBzRq5ANU2uQEoarkAAVq5A50iuQC1xrkAxfK5ALWquQJJe
rkC+d65AL26uQBBXrkC/V65ANGquQKZmrkCsV65AFIGuQFZWrkCuUa5ArIKuQCpprkDvUq5A
7oGuQIuQrkDQS65Au22uQOWZrkDwW65AnWOuQNR1rkD1Za5Ai2SuQNljrkCpdK5ABo2uQG+V
rkANaq5AW1uuQEhvrkA8i65A43OuQDh7rkCGi65A7n+uQGllrkCCcq5AsmiuQNqLrkDKrK5A
K2yuQBt8rkCfhq5ABqGuQOVbrkBxiq5A64WuQGuHrkD4jK5AS7KuQOaCrkDkhK5AlKauQEyf
rkD7e65AdHmuQFGErkBna65A0rOuQIJprkDbg65A06WuQAFrrkAqUa5AA2yuQJ2KrkBYZq5A
rHCuQP24rkDyfa5A142uQFq2rkBjgq5AF3auQDevrkDfkq5AmJCuQF2prkCJnK5ACoGuQFOQ
rkArnq5ANJauQNmIrkAuhK5AnH+uQNVhrkBWj65AJnmuQNuMrkDQgK5AjZKuQBlurkDKiq5A
m5+uQFuZrkChyK5A5KmuQJWXrkB5q65Ax7CuQFKqrkBHj65Azr2uQGxprkCgv65AvaOuQMKY
rkAHdq5Aw7OuQJeWrkAdhq5AgceuQJ20rkD+na5Ac7quQEynrkAUn65Ap6euQL+wrkADka5A
I5muQIrGrkDbha5An5+uQEaCrkDUq65Aq4+uQCytrkB1pq5AyJKuQJ/ErkCepK5ADoiuQCHj
rkDOrK5AKqSuQFPQrkCnp65Af4SuQBjTrkD/j65Aw6iuQGeYrkCTxK5AoMauQKuqrkBzz65A
j9yuQN66rkArzK5Am66uQG2WrkDSs65Aws2uQBOQrkC+oK5Ag8GuQOCQrkC2m65AFdSuQGzH
rkD1ma5AJaquQBi8rkDJj65AidWuQDuirkCCjK5AjryuQJbArkBkpK5AsLSuQCnirkCJt65A
TsuuQL7vrkBW165AuKSuQJnOrkCyx65AFK2uQL/ErkARv65AhqmuQGnfrkA+465A2qWuQI+j
rkAB565AbrmuQGe6rkDW3K5ACdiuQAbCrkCU6a5AwKuuQNW8rkCQ3K5AKcWuQAWvrkC+165A
5M2uQMiYrkBOra5Ac+OuQIXHrkCvrK5AqM6uQL7VrkCmx65AuNOuQHK9rkBqtq5AP8GuQFPB
rkDNyq5ATOyuQArzrkDx165AvceuQDCxrkDM2q5ApsWuQBvprkARsa5ABt6uQLLOrkChva5A
8LyuQLvjrkDA0K5AR9+uQGnfrkB56a5AAbuuQO/HrkBJ7q5Ax9muQO3OrkCX5K5As7KuQAfm
rkAwyK5AKceuQKfbrkAa/65ABtCuQCH6rkAe565Ar+SuQDDdrkBz8a5ALs2uQJjfrkB73K5A
e+euQNrlrkBe2q5AbvOuQLLRrkBV8K5A3MCuQGLDrkC72a5AX+6uQOXUrkD41K5AvtauQIXg
rkDP4q5AYvOuQK/UrkBG2K5AcJyuQBEPr0Bmz65Abb6uQAb1rkDF6K5AA+2uQIrQrkBN0a5A
0fWuQGrgrkAP965Axt2uQBjmrkDz+a5A7/SuQHD5rkBBAq9AKLuuQEz8rkAgBq9ABuquQEj/
rkCG565AkwSvQIDkrkA79q5A+euuQFP6rkDAC69ARfSuQPThrkD14q5AGPeuQAfgrkAJ465A
ugivQKLmrkAa/65AVuyuQHfErkClv65A7uOuQBMNr0BIy65Att+uQKj7rkAC2q5A+xWvQAAd
r0Ci165AQfeuQFn3rkAWE69AsMeuQHYPr0Ai365ARuGuQBL1rkD4B69A3eCuQHcCr0BcD69A
1dWuQOL/rkBCEq9AbOOuQB8Fr0DAAK9ANumuQGwZr0A8Ea9AR8yuQPf/rkAB/65Am/yuQKva
rkCI5q5A++CuQA7hrkAo5K5AyumuQCbprkCH9K5AEuKuQFPtrkAsE69AoBCvQHkCr0C77a5A
+xWvQIgir0AD8K5AAQ6vQIntrkDP8K5AOOauQKEdr0DQ8q5AXsquQG/yrkCW6q5AfQSvQBA1
r0Dv365A9QevQEkpr0BVBa9A4+auQEfwrkCEGa9ACP+uQDUtr0B48a5AIOKuQEIyr0DJFq9A
BvGuQLkYr0C7JK9AZvauQDEcr0D/Bq9A6vOuQB7zrkCEEK9Anw6vQBn6rkDhB69A0AWvQIP9
rkCqG69AUzGvQAwBr0CLKK9AJSivQDESr0AoFa9AWB6vQFwZr0AMQq9AEi+vQFMJr0AFEa9A
uiyvQG8fr0AvB69A8ByvQGILr0C89a5ANxevQAr0rkDf9a5AMAKvQNJMr0DxKa9ASAuvQFIt
r0A9FK9A7y6vQN4jr0D3965AxPyuQEUtr0ASHK9AyCivQEMrr0BeDa9AzgGvQEwvr0Bo9q5A
2RCvQHwrr0DGGK9A1huvQCUqr0D9Nq9AIh+vQBEYr0BTSq9AvDSvQNkCr0BhLq9Ab/SuQMwY
r0CI/q5AXjWvQBMUr0AmKK9AnUOvQEMBr0CCFK9AWCyvQK0kr0DQGa9ACTWvQKAOr0B4Cq9A
9x+vQMcrr0A1Fa9ApxevQMsYr0AFCq9AFjmvQLAZr0COKa9A6FOvQC0hr0AkJ69ANxevQIgs
r0A=</AssayYData></Step><Step><CommonData><SampleLocation>2</SampleLocation><SampleID>hsCD3d/e_Acro_CDD-H52W1</SampleID><SampleGroup></SampleGroup><SampleInfo></SampleInfo><SampleRow>E</SampleRow><SamplePlate>1</SamplePlate><WellType>KSAMPLE</WellType><Concentration>-1</Concentration><ConcentrationUnits>µg/ml</ConcentrationUnits><MolarConcentration>50</MolarConcentration><MolarConcUnits>nM</MolarConcUnits><MolecularWeight>0</MolecularWeight><Temperature>30</Temperature><StartTime>8849838</StartTime><AssayTime>180</AssayTime></CommonData><FlowRate>1000</FlowRate><StepType>ASSOC</StepType><StepName>Association</StepName><StepStatus>OK</StepStatus><ActualTime>180.001</ActualTime><CycleTime>0.2</CycleTime><AssayXData Points="900">WtDyRfbR8kWR0/JFJ9XyRcLW8kVa2PJF9tnyRY/b8kUn3fJFwt7yRVzg8kX24fJFj+PyRSfl
8kXA5vJFXOjyRfTp8kWN6/JFKe3yRcDu8kVa8PJF9PHyRY3z8kUn9fJFwPbyRVz48kX0+fJF
j/vyRSf98kXA/vJFWgDzRfQB80WNA/NFKQXzRcAG80VaCPNF9AnzRY8L80UpDfNFwA7zRVoQ
80X0EfNFjRPzRSkV80XAFvNFWhjzRfYZ80WNG/NFKR3zRcIe80VcIPNF9iHzRY8j80UnJfNF
wCbzRVoo80X2KfNFjyvzRSkt80XALvNFWjDzRfYx80WNM/NFJzXzRcA280VcOPNF9jnzRY07
80UpPfNFwj7zRVpA80X0QfNFj0PzRSdF80XARvNFWkjzRfZJ80WPS/NFJ03zRcJO80VcUPNF
9FHzRY1T80UnVfNFwFbzRVxY80X0WfNFjVvzRSld80XCXvNFXGDzRfRh80WPY/NFJ2XzRcBm
80VaaPNFWGrzRZ5r80UnbfNFwm7zRVpw80X0cfNFj3PzRSd180XCdvNFWnjzRfZ580WNe/NF
KX3zRcB+80VagPNF9oHzRY2D80UnhfNFwIbzRVqI80X0ifNFkYvzRSmN80XAjvNFWpDzRfaR
80WNk/NFKZXzRcKW80VamPNF9JnzRY2b80UnnfNFwp7zRVqg80X0ofNFjaPzRSel80XApvNF
XKjzRfap80WNq/NFJ63zRcKu80VasPNF9rHzRY2z80UntfNFwLbzRVq480X0ufNFj7vzRSe9
80XAvvNFWsDzRfTB80WNw/NFKcXzRcLG80VayPNF9MnzRY3L80UpzfNFwM7zRVrQ80X00fNF
j9PzRSnV80XA1vNFXNjzRfbZ80WN2/NFKd3zRcDe80Va4PNF9uHzRY3j80Up5fNFwObzRVzo
80X06fNFjevzRSnt80XA7vNFWvDzRfTx80WN8/NFJ/XzRcD280Ve+PNF9PnzRY/780Up/fNF
wv7zRVoA9EX0AfRFjQP0RScF9EXABvRFXAj0RUMK9EWPC/RFJw30RcAO9EVcEPRF9BH0RY8T
9EUnFfRFwBb0RVwY9EX0GfRFjRv0RSkd9EXCHvRFXCD0RfQh9EWNI/RFJyX0RcIm9EVaKPRF
9in0RY8r9EUpLfRFwi70RVow9EX0MfRFjTP0RSc19EXCNvRFWjj0RfY59EWNO/RFKT30RcI+
9EVaQPRF9EH0RY9D9EUpRfRFwEb0RVxI9EX0SfRFjUv0RSdN9EXCTvRFXFD0RfRR9EWNU/RF
J1X0RcBW9EVaWPRF9Fn0RY1b9EUnXfRFwF70RVpg9EX2YfRFjWP0RSll9EXAZvRFWmj0RfRp
9EWPa/RFJ230RcBu9EVacPRF9nH0RY1z9EUndfRFwnb0RVp49EX0efRFjXv0RSd99EXCfvRF
XID0RfaB9EWNg/RFKYX0RcKG9EVciPRF9on0RY2L9EUnjfRFwo70RVqQ9EX2kfRFjZP0RSmV
9EXClvRFWpj0RfSZ9EWPm/RFKZ30RcKe9EVaoPRF9KH0RY+j9EUnpfRFwKb0RVqo9EUtqvRF
jav0RSmt9EXCrvRFWrD0Rfax9EWNs/RFJ7X0RcC29EVauPRF9Ln0RY279EUnvfRFwL70RVrA
9EX2wfRFjcP0RSnF9EXAxvRFWsj0RfTJ9EWNy/RFJ830RcDO9EVc0PRF9NH0RY/T9EUn1fRF
wNb0RVzY9EX02fRFj9v0RSnd9EXA3vRFXOD0RfTh9EWN4/RFKeX0RcDm9EVa6PRF9un0RY3r
9EUp7fRFwO70RVzw9EX28fRFjfP0RSn19EXC9vRFXPj0RfT59EWN+/RFJ/30RcL+9EVcAPVF
9AH1RZED9UUnBfVFwAb1RVwI9UX0CfVFjQv1RScN9UXCDvVFXBD1RfYR9UWNE/VFJxX1RcAW
9UVaGPVF9Bn1RY0b9UUpHfVFwB71RVog9UX2IfVFjyP1RScl9UXAJvVFWij1RfYp9UWPK/VF
KS31RcAu9UVaMPVF9jH1RY0z9UUnNfVFwDb1RVw49UX0OfVFjTv1RSc99UXAPvVFXED1RfRB
9UWNQ/VFJ0X1RcBG9UVaSPVFWkr1RaBL9UUpTfVFwk71RVxQ9UX0UfVFjVP1RSdV9UXCVvVF
XFj1RfRZ9UWNW/VFJ131RcBe9UVaYPVF9mH1RY1j9UUnZfVFwmb1RVpo9UX0afVFjWv1RSlt
9UXCbvVFXHD1RfZx9UWNc/VFJ3X1RcB29UVaePVF9Hn1RY979UUnffVFwn71RVqA9UX0gfVF
j4P1RSmF9UXAhvVFXIj1RfSJ9UWNi/VFKY31RcCO9UVakPVF9JH1RY2T9UUplfVFwJb1RVqY
9UX2mfVFj5v1RSed9UXAnvVFXKD1RfSh9UWPo/VFKaX1RcCm9UVcqPVF9qn1RY+r9UUprfVF
wK71RVyw9UX2sfVFjbP1RSe19UXCtvVFWrj1RfS59UWNu/VFKb31RcC+9UVcwPVF9MH1RY/D
9UUpxfVFwMb1RVzI9UX2yfVFj8v1RSfN9UXCzvVFWtD1RfTR9UWN0/VFJ9X1RcDW9UVa2PVF
9Nn1RY3b9UUn3fVFwN71RVzg9UX24fVFjeP1RSfl9UXA5vVFXOj1RWbq9UWq6/VFKe31RcLu
9UVa8PVF9PH1RY/z9UUp9fVFwvb1RVr49UX2+fVFj/v1RSf99UXA/vVFXAD2RfQB9kWPA/ZF
JwX2RcAG9kVcCPZF9gn2RY0L9kUnDfZFwg72RVwQ9kX4EfZFjRP2RScV9kXCFvZFWhj2RfQZ
9kWPG/ZFJx32RcIe9kVcIPZF9CH2RY0j9kUpJfZFwib2RVwo9kX0KfZFjyv2RSct9kXALvZF
WjD2RfQx9kWNM/ZFJzX2RcI29kVaOPZF9Dn2RY879kUpPfZFwj72RVpA9kX0QfZFjUP2RSdF
9kXARvZFWkj2RfZJ9kWNS/ZFKU32RcBO9kVaUPZF9FH2RY1T9kUpVfZFwFb2RVxY9kX0WfZF
jVv2RSld9kXAXvZFWmD2RfRh9kWPY/ZFKWX2RcBm9kVeaPZF9mn2RY1r9kUpbfZFwm72RVxw
9kX2cfZFjXP2RSd19kXAdvZFWnj2RfR59kWNe/ZFJ332RcJ+9kVagPZF9oH2RY+D9kUnhfZF
wIb2RVyI9kWVivZF3Yv2RSeN9kXAjvZFWpD2RfaR9kWNk/ZFJ5X2RcCW9kVcmPZF9Jn2RY2b
9kUnnfZFwJ72RVyg9kX0ofZFj6P2RSel9kXEpvZFWqj2RfSp9kWPq/ZFJ632RcCu9kVcsPZF
9LH2RY+z9kUntfZFwLb2RVq49kX0ufZFj7v2RSe99kXAvvZFXMD2RfjB9kWNw/ZFJ8X2RcLG
9kVayPZF9sn2RY/L9kUnzfZFws72RVrQ9kX00fZFjdP2RSfV9kXA1vZFWtj2RfTZ9kWN2/ZF
Kd32RcDe9kVc4PZF9OH2RY/j9kUn5fZFwub2RVzo9kX06fZFjev2RSnt9kXA7vZFWvD2RfTx
9kWN8/ZFJ/X2RcL29kVa+PZF9Pn2RY/79kUn/fZFwP72RVoA90X2AfdFjQP3RSkF90XABvdF
Wgj3RfQJ90WNC/dFJw33RcIO90VaEPdF9BH3RY8T90UnFfdFwBb3RVoY90X2GfdFjRv3RScd
90XAHvdFWiD3RfQh90WPI/dFJyX3RcAm90VaKPdFoCr3ReUr90UpLfdFwi73RVow90X2MfdF
jTP3RSc190XCNvdFWjj3RfY590WNO/dFJz33RcI+90VcQPdF9EH3RY1D90UpRfdFwEb3RVpI
90X0SfdFjUv3RSdN90XCTvdFWlD3RfRR90WNU/dFJ1X3RcJW90VaWPdF9Fn3RY1b90UnXfdF
wl73RVpg90X0YfdFjWP3RSdl90XAZvdFXGj3RfZp90WPa/dFJ233RcBu90VccPdF9HH3RY1z
90UndfdFwHb3RVp490X2efdFj3v3RSl990XAfvdFXID3RfSB90WNg/dFKYX3RcCG90VaiPdF
9on3RY2L90UnjfdFwI73RVqQ90X2kfdFjZP3RSeV90XAlvdFXJj3RfSZ90WPm/dFJ533RcKe
90VcoPdF9qH3RY2j90UnpfdFwqb3RVyo90X0qfdFj6v3RSet90XArvdFWrD3RfSx90WNs/dF
J7X3RcC290VeuPdF9rn3RY2790UpvfdFwL73RVrA90X2wfdFjcP3RSfF90XAxvdFWsj3RfTJ
90WPy/dFJ833RcDO90Va0PdF9NH3RY3T90Up1fdFwtb3RVrY90X22fdFj9v3RSnd90XA3vdF
XOD3Rfbh90WP4/dFJ+X3RcLm90Vc6PdF9On3RY3r90Un7fdFwO73RVrw90X28fdFjfP3RSf1
90XC9vdFWvj3Rfb590WN+/dFJ/33RcL+90VcAPhF9AH4RY0D+EUnBfhFwgb4RVwI+EX0CfhF
jQv4RScN+EXCDvhFWhD4RfQR+EWNE/hFJxX4RcAW+EVaGPhF9Bn4RY0b+EUnHfhFwB74RVog
+EX2IfhFjyP4RScl+EXAJvhFXCj4RfQp+EWPK/hFJy34RcAu+EVaMPhF9DH4RY0z+EUnNfhF
wDb4RVw4+EX0OfhFjzv4RSc9+EXCPvhFXED4RfRB+EWNQ/hFJ0X4RcBG+EVcSPhF+En4RY1L
+EUnTfhFwk74RVpQ+EX2UfhFjVP4RSdV+EXAVvhFWlj4RfRZ+EWNW/hFJ134RcJe+EVaYPhF
9GH4RY9j+EUnZfhFwGb4RVpo+EV9avhFwGv4RSdt+EXCbvhF</AssayXData><AssayYData Points="900">5KOuQJXarkBRQ69ANDyvQD2Gr0ANe69ATZWvQNJ6r0A2l69ArYSvQFOzr0D1qa9Akr2vQMm8
r0A5nq9AvK6vQIi2r0C/hK9AwqKvQMLBr0Bbl69AMqmvQHi+r0Dutq9Ao8avQMrSr0CX1q9A
CsCvQP2zr0Ca169A9L6vQEK1r0Cc5a9AobuvQLnNr0BIsK9AIqSvQBTAr0Cwzq9AhcGvQDzF
r0Bx9K9A3uyvQAXPr0Cyr69AB72vQJHMr0D0qa9ADAmwQNfjr0CZuK9An8GvQH3Tr0BHtq9A
pLevQHHWr0AT269A1NavQAT5r0Cs2q9AUduvQDTcr0Ag+a9AlLavQPfxr0Cj169AG+CvQLcM
sEDr2q9AytuvQJL3r0C16K9AMcWvQCf5r0BOAbBAYOSvQI3+r0CK2K9ARdqvQC/mr0AD7q9A
SeGvQN3Pr0AZ8K9AN/yvQDn3r0BX+69AMdevQN8DsEDd1K9ALOqvQDnkr0AU6K9A8PmvQE3w
r0ClGLBAfwewQJPyr0AM6K9AlCewQOnXr0BYBrBAVP6vQGfTr0Dr9K9ApQ+wQKEZsECL4K9A
7QWwQPwUsEAm7q9APgWwQF0IsECKArBAQeavQHL2r0ArCLBA6BOwQKMXsEB01q9AQe2vQLoQ
sECe8K9Avt2vQOHwr0AiDLBAovGvQGkAsEDnJ7BAvPKvQFsHsEDvHLBATAiwQCcCsEDND7BA
0QCwQDr3r0DwGrBAexewQI4isEDNEbBADiuwQA/+r0CYILBAy/+vQD8jsEDhHbBAWhSwQPED
sEC+FrBA0A+wQKIOsEC7ELBAiQOwQEYPsEBfHrBAEBmwQHD4r0CdGbBAmTSwQIwKsEBnDLBA
KBawQJsqsEDqCrBA/yuwQHIRsEC3/q9AQA6wQP8tsEBZJLBAmR2wQGRFsEBsE7BAyxewQOAb
sEAdELBADBiwQFROsEBBRbBAHRywQJYxsECMN7BAcjCwQMw2sEC2KLBARCewQO0bsEA4JLBA
jiqwQHQVsEAIPbBADSGwQE4+sEDOPLBA0zawQF8csECYNbBA6CiwQMYHsEDqHLBAeTqwQIci
sEDrK7BAgQ2wQBM0sED7QLBA3yCwQPgqsEC5DbBATUywQAY6sECHI7BAH0awQOBSsEAjLrBA
OBiwQChDsEDRGLBAjzOwQEc+sEA1VLBAEE2wQFZCsEB0TrBAaTiwQPkmsEAnCbBAFDOwQDQl
sEAdM7BArCSwQBYosEAvP7BAzU+wQNw4sEC/YLBA5R+wQBFMsEAbWLBA8BmwQGg1sECUOLBA
siOwQCpbsEBOYrBAYyqwQL04sECpOLBA0TywQHEfsEBuSrBAOGCwQKY0sEAVPLBAd3KwQPgv
sEAFPbBAm1qwQE1XsEBiM7BAIS6wQJIzsEBdWLBA5UqwQGxPsEAbPbBA0kiwQMVFsEAOQbBA
EiWwQFxTsECBYbBA/iWwQEhssEDAYrBAxjywQL1JsEDbXLBAgVqwQE9EsEDgYrBAoEWwQMFS
sEDeRrBAwimwQD1LsEBSVbBAkyiwQFZnsECPgrBA03WwQP8rsEASRrBAY02wQLpgsED9e7BA
b2uwQA4wsEDHQLBAnzywQBp2sEBhU7BAT1+wQMxOsEDiNrBA2n2wQCFhsEC8crBAjFOwQHou
sECcQbBAqmuwQLRpsEABWrBAOWGwQNFYsEA5cbBAaZGwQFyGsEBkdbBAl1mwQEB+sEBnYLBA
NliwQI9HsEDyeLBAeFuwQANUsED+Z7BArF6wQLVxsECvbrBAKVWwQD1PsEDjf7BAWmCwQBQ9
sECrY7BAnWOwQA1nsEC5QLBABlSwQCFQsEDnT7BAqo6wQPyRsECgbbBAslywQIJHsEAiSbBA
z0OwQE9MsEAEZrBA5YWwQDmHsECWcbBAf4KwQPx2sEDJdbBA6IuwQPJPsEBJVLBAk3awQHt5
sECng7BAt2iwQDCHsEDodbBAf2KwQCiAsEARarBAxGKwQMVssEDhXbBA1HewQNNysEBdfbBA
04ewQBqSsEAPZbBAQFewQJ1isEAbirBAD5mwQCRFsEDIiLBA73KwQFhlsEB3crBAhoOwQHJk
sED4W7BAK3SwQE98sEA9a7BAopGwQL5ssEB+e7BAkYewQEVdsECmZ7BAyaawQJ+XsEAHY7BA
MJywQMNMsEDUkrBABJmwQPaRsEBJgrBA0U6wQO1xsEApbLBAlYSwQEaQsEBXj7BA94OwQCSC
sECMerBATYOwQJqBsEBHmbBAbrGwQKOZsEBPa7BAdJWwQJ+osECQd7BA2qCwQHussEB5crBA
YnewQOeHsECxlLBALYuwQPiXsEC/nbBATamwQBWAsEBlo7BAuKGwQAF1sEAAqLBA23mwQJCH
sEDHxLBA+IewQGWMsEBXqrBAKZywQI15sED4qLBAdaGwQGuqsECroLBAzKmwQCCZsEB+l7BA
w5iwQLyGsEC7rbBAZsywQA6WsEB7nbBA3YSwQBmnsEBIvLBAyaewQO+msEDvcrBAN6GwQA2U
sEDEo7BA5aSwQBuxsEBklrBAuaCwQBmxsEAOqbBA0rqwQAeasEAJprBAt76wQNnFsED0w7BA
znawQHGbsEDVjLBAOnSwQP64sEB7r7BAcqWwQCmPsEBLo7BAo8awQLS9sEAZnLBAypawQJCq
sECflLBA5NiwQM2hsEDvtrBAFJKwQHOjsEDznbBAVJKwQIOwsEAEu7BA8aOwQKuusEAoubBA
GrmwQF+9sEBAuLBAPbGwQCK8sECAoLBAMbqwQP7dsEAp0rBAvdmwQISjsECu0LBA06+wQK3G
sEDys7BAj6iwQGWnsEBSt7BAScCwQEnUsEC7p7BAvM2wQPCxsEAJ2bBA+Z6wQNSgsEBusbBA
/sqwQHXHsEDHw7BA4qOwQDO9sEASrrBANNCwQADasEBtwrBAUr+wQN7JsEBqurBAMa+wQC+x
sEA647BAs8+wQLTlsEAcu7BArrWwQJ/fsEA91LBA5LuwQDWpsEDVxbBAFu2wQFW5sEAYyLBA
rKuwQHjMsECzw7BAD9awQKu6sEC5k7BAXtKwQBTDsEAS0bBA0tWwQBrxsEAs1rBA1aWwQNu7
sEAHlrBALLuwQNfLsEBTurBAdNWwQIXhsECj37BABL2wQI3nsEBHvrBAu8mwQETAsECPnLBA
j7SwQGHisEDS47BA89iwQKHQsEDGyLBAy+ewQH22sEBZybBAMNiwQIC9sEBZ1LBA1fCwQPvN
sEDorLBAn9SwQOuVsEA60bBAY9KwQEG/sEBl1LBApsiwQF7OsEBE0LBA0OSwQGvUsEA04rBA
OsuwQIbisEBp9LBA6tKwQE/3sECB0bBAo8iwQFfZsECq1rBANOmwQAPXsEAb3LBAlsiwQLPN
sEC+tbBAe9GwQAgAsUDCzLBA8diwQHfRsECU6bBAyNewQNTnsEBE2rBAU96wQMDXsEA827BA
VdCwQFb3sEAi0bBAb9uwQMvksEDOz7BAiuWwQEG4sEBYALFAddmwQLDRsECz+7BA1/OwQBjo
sECpx7BAiNywQGjPsECg87BAH/+wQJ3gsEAx+7BAKgCxQCT9sECy4rBAxdywQFTUsEAj2rBA
heqwQNYVsUA41LBA4d2wQDnzsEAK5rBAfdewQBjpsECp9rBAqu+wQOb2sEAR0bBAdOWwQHgO
sUA82LBAv8OwQGb8sECsC7FAnNawQGb4sEAS7bBATtuwQEvOsEAF4rBAhOuwQLsdsUA56rBA
dK+wQGUasUDg6bBAgvGwQN8EsUC3xrBAyA+xQGjTsEBSA7FARwSxQIjosECi8bBA2PqwQHXd
sECq/rBAhsqwQDrTsEDg97BA1haxQPvnsEBX6bBATQmxQI7/sECs2rBAl9ywQAfssEDxAbFA
+gmxQE0GsUB8GbFAjf2wQKz8sECD9bBAHPCwQGMZsUBpBLFA9eOwQHXcsEAUzLBAJfewQA7p
sEDy+7BApM2wQHwIsUA+BLFA3eKwQI/7sEAQ97BAf9awQPnpsEC+D7FA6gSxQB0CsUBfCbFA
0u2wQK8dsUAIEbFApwuxQNcAsUD97rBA3POwQPXfsEBa/7BA3fqwQEHzsED5FbFA1BmxQKnh
sECfFrFAJeuwQOgVsUBC67BAHByxQO0AsUAE9rBA7viwQJ07sUAPE7FAR/mwQE1DsUBFFbFA
OSCxQGMUsUCNPLFADgKxQLPesEAZ+7BAAhaxQD32sEAtJ7FAxuWwQGcTsUAvE7FADe2wQGMI
sUD4C7FA4OGwQCsosUB2IbFAmzWxQOMQsUDCRbFAsPywQJcxsUAGH7FAAhGxQEDpsEDrILFA
Dx6xQIQMsUDEDrFA7w+xQJUssUAtFLFA5huxQEwZsUC+MrFAUhqxQOL4sEC4A7FA4h+xQEoS
sUAECLFAeSyxQAMWsUCnKbFAtgyxQJn6sEBdF7FA5BOxQE5DsUCPGLFAWRqxQGgvsUA1L7FA
GhuxQI8AsUArAbFA8x6xQNv/sEDEQLFA9fqwQANQsUD09LBA4SexQAcvsUCLE7FATySxQI8m
sUBNFbFAGDaxQMQrsUBpFLFARDKxQAUQsUD7GLFArjmxQOUosUCxALFAWSuxQKf/sED2FLFA
RzKxQKwvsUDpArFApTyxQH8ssUBBPbFAuiuxQF8esUDMQ7FAXhexQDRCsUBqJbFA3y2xQOAV
sUCpLbFAMkexQKQisUB2LbFA7U+xQFscsUB1NLFAPiKxQOA8sUCiILFAdkKxQHUysUAgQbFA
BACxQMU8sUANIbFAJSaxQEFHsUDqM7FARCSxQEVfsUB0HLFA</AssayYData></Step><Step><CommonData><SampleLocation>1</SampleLocation><SampleID>Octet Buffer</SampleID><SampleGroup></SampleGroup><SampleInfo></SampleInfo><SampleRow>E</SampleRow><SamplePlate>1</SamplePlate><WellType>BUFFER</WellType><Concentration>-1</Concentration><ConcentrationUnits>µg/ml</ConcentrationUnits><MolarConcentration>-1</MolarConcentration><MolarConcUnits>nM</MolarConcUnits><MolecularWeight>0</MolecularWeight><Temperature>30</Temperature><StartTime>9038058</StartTime><AssayTime>300</AssayTime></CommonData><FlowRate>1000</FlowRate><StepType>DISASSOC</StepType><StepName>Dissociation</StepName><StepStatus>OK</StepStatus><ActualTime>300.001</ActualTime><CycleTime>0.2</CycleTime><AssayXData Points="1500">XHD4Rfhx+EWPc/hFK3X4RcJ2+EVeePhF9nn4RY97+EUrffhFwn74RVyA+EX2gfhFkYP4RSuF
+EXChvhFXIj4RfiJ+EWPi/hFKY34RcSO+EVckPhF9pH4RZGT+EUplfhFxJb4RVyY+EX4mfhF
kZv4RSmd+EXEnvhFXKD4Rfih+EWRo/hFKaX4RcKm+EVeqPhF+Kn4RY+r+EUrrfhFwq74RVyw
+EX2sfhFj7P4RSm1+EXCtvhFXLj4Rfa5+EWRu/hFKb34RcK++EVewPhF9sH4RY/D+EUpxfhF
xMb4ReHI+EUlyvhFj8v4RSnN+EXCzvhFYND4RfbR+EWP0/hFK9X4RcLW+EVc2PhF9tn4RY/b
+EUp3fhFwt74RVzg+EX24fhFkeP4RSnl+EXE5vhFXOj4Rfbp+EWP6/hFK+34RcLu+EVc8PhF
+PH4RZHz+EUp9fhFxPb4RV74+EX4+fhFj/v4RSn9+EXE/vhFXgD5RfYB+UWPA/lFKwX5RcQG
+UVcCPlF+An5RY8L+UUpDflFxA75RVwQ+UX4EflFjxP5RSsV+UXCFvlFXBj5RfYZ+UWRG/lF
KR35RcIe+UVcIPlF9iH5RY8j+UUpJflFwib5RVwo+UX2KflFjyv5RSkt+UXELvlFXDD5Rfgx
+UWPM/lFKTX5RcQ2+UVeOPlF+Dn5RZE7+UUpPflFxD75RV5A+UX2QflFkUP5RSlF+UXCRvlF
XEj5RfZJ+UWRS/lFKU35RcJO+UVcUPlF9lH5RZFT+UUpVflFwlb5RV5Y+UX2WflFkVv5RSld
+UXCXvlFXmD5RfZh+UWRY/lFKWX5RcJm+UXNaPlFEGr5RY9r+UUrbflFwm75RVxw+UX2cflF
j3P5RSt1+UXCdvlFXHj5RfZ5+UWPe/lFKX35RcJ++UVcgPlF9oH5RY+D+UUphflFwob5RV6I
+UX4iflFkYv5RSmN+UXCjvlFXJD5RfiR+UWPk/lFKZX5RcSW+UVcmPlF+Jn5RY+b+UUpnflF
wp75RVyg+UX2oflFj6P5RSml+UXEpvlFXKj5Rfap+UWPq/lFK635RcKu+UVcsPlF+LH5RZGz
+UUptflFxLb5RV64+UX4uflFkbv5RSm9+UXCvvlFXsD5RfjB+UWPw/lFK8X5RcLG+UVcyPlF
9sn5RY/L+UUpzflFxM75RV7Q+UX40flFj9P5RSvV+UXC1vlFXNj5RfbZ+UWP2/lFKd35RcLe
+UVc4PlF+OH5RY/j+UUp5flFxOb5RVzo+UX46flFkev5RSvt+UXC7vlFXPD5Rfjx+UWP8/lF
KfX5RcL2+UVc+PlF9vn5RY/7+UUr/flFxP75RV4A+kX4AfpFjwP6RSkF+kXEBvpF+gj6RT0K
+kWPC/pFKQ36RcIO+kVeEPpF9hH6RZET+kUrFfpFEhf6RV4Y+kX4GfpFjxv6RSsd+kXEHvpF
XCD6RfYh+kWPI/pFKSX6RcIm+kVeKPpF9in6RY8r+kUrLfpFwi76RVww+kX2MfpFjzP6RSs1
+kXCNvpFXjj6Rfg5+kWPO/pFKT36RcQ++kVcQPpF9kH6RZFD+kUrRfpFxEb6RVxI+kX4SfpF
j0v6RSlN+kXETvpFXFD6RfhR+kWPU/pFK1X6RcRW+kVcWPpF9ln6RY9b+kUrXfpFwl76RVxg
+kX4YfpFj2P6RSll+kXCZvpFXGj6RfZp+kWRa/pFKW36RcJu+kVccPpF9nH6RY9z+kUrdfpF
wnb6RV54+kX6efpFj3v6RSl9+kXEfvpFXID6RfiB+kWPg/pFKYX6RcKG+kVciPpF+In6RZGL
+kUpjfpFwo76RV6Q+kX2kfpFj5P6RSuV+kXClvpFXJj6RfiZ+kWPm/pFKZ36RcKe+kVeoPpF
9qH6RY+j+kUrpfpFwqb6ReOo+kUpqvpFkav6RSut+kXCrvpFXLD6Rfax+kWRs/pFK7X6RcK2
+kVeuPpF9rn6RZG7+kUrvfpFxL76RVzA+kX2wfpFj8P6RSnF+kXCxvpFXsj6RfbJ+kWPy/pF
Kc36RcLO+kVe0PpF9tH6RY/T+kUp1fpFwtb6RVzY+kX42fpFj9v6RSnd+kXC3vpFXuD6Rfjh
+kWR4/pFKeX6RcLm+kVe6PpF9un6RY/r+kUp7fpFwu76RVzw+kX48fpFj/P6RSv1+kXC9vpF
XPj6Rfj5+kWR+/pFKf36RcL++kVcAPtF9gH7RY8D+0UrBftFwgb7RVwI+0X2CftFjwv7RSkN
+0XCDvtFXBD7RfYR+0WPE/tFKRX7RcIW+0VcGPtF+Bn7RZEb+0UpHftFwh77RVwg+0X2IftF
kSP7RSkl+0XCJvtFXCj7Rfgp+0WRK/tFKS37RcQu+0VeMPtF9jH7RY8z+0UpNftFxDb7RVw4
+0X2OftFjzv7RSk9+0XCPvtFXED7RfZB+0WRQ/tFKUX7RcJG+0XRSPtFFEr7RZFL+0UrTftF
wk77RVxQ+0X2UftFj1P7RSlV+0XCVvtFXFj7RfhZ+0WRW/tFK137RcJe+0VeYPtF9mH7RZFj
+0UpZftFwmb7RV5o+0X4aftFkWv7RS1t+0XEbvtFXnD7Rfhx+0WPc/tFKXX7RcR2+0VeePtF
9nn7RZF7+0UrfftFwn77RV6A+0X2gftFkYP7RSmF+0XChvtFXoj7RfaJ+0WRi/tFKY37RcSO
+0VckPtF+JH7RY+T+0UplftFwpb7RVyY+0X2mftFkZv7RSmd+0XCnvtFXKD7Rfih+0WRo/tF
K6X7RcKm+0VeqPtF9qn7RY+r+0UprftFwq77RVyw+0X2sftFkbP7RSm1+0XEtvtFXLj7Rfa5
+0WRu/tFK737RcK++0VewPtF9sH7RZHD+0UpxftFwsb7RV7I+0X2yftFj8v7RSnN+0XCzvtF
XND7RfjR+0WP0/tFKdX7RcTW+0Vc2PtF+Nn7RY/b+0Ur3ftFwt77RV7g+0X24ftFj+P7RSnl
+0XC5vtFuuj7RQDq+0WP6/tFLe37RcTu+0Vc8PtF9vH7RY/z+0Up9ftFxPb7RX34+0X4+ftF
j/v7RSn9+0XC/vtFXAD8RfYB/EWPA/xFKQX8RcIG/EVcCPxF9gn8RY8L/EUpDfxFxA78RVwQ
/EX2EfxFjxP8RSkV/EXCFvxFXBj8RfgZ/EWRG/xFKx38RcIe/EVcIPxF+CH8RY8j/EUpJfxF
wib8RVwo/EX4KfxFjyv8RSst/EXELvxFXjD8RfYx/EWPM/xFKzX8RcQ2/EVcOPxF9jn8RY87
/EUpPfxFwj78RVxA/EX2QfxFj0P8RSlF/EXCRvxFXEj8RfhJ/EWPS/xFK038RcJO/EVeUPxF
9lH8RY9T/EUtVfxFwlb8RV5Y/EX2WfxFkVv8RSld/EXEXvxFXmD8Rfhh/EWPY/xFK2X8RcJm
/EVcaPxF+Gn8RZFr/EUpbfxFwm78RVxw/EX4cfxFj3P8RSl1/EXCdvxFXHj8Rfh5/EWRe/xF
KX38RcR+/EVcgPxF9oH8RY+D/EUrhfxFwob8RaiI/EX2ifxFj4v8RSmN/EXCjvxFXJD8RfiR
/EWRk/xFK5X8RcKW/EVcmPxF9pn8RY+b/EUpnfxFwp78RV6g/EX2ofxFj6P8RSml/EXCpvxF
Xqj8Rfap/EWRq/xFKa38RcKu/EVcsPxF9rH8RZGz/EUrtfxFwrb8RVy4/EX4ufxFj7v8RSm9
/EXCvvxFXMD8RfbB/EWPw/xFK8X8RcTG/EVeyPxF9sn8RY/L/EUpzfxFxM78RVzQ/EX20fxF
kdP8RSnV/EXC1vxFXtj8RfbZ/EWP2/xFK938RcLe/EVc4PxF9uH8RZHj/EUr5fxFwub8RV7o
/EX46fxFj+v8RSvt/EXC7vxFXPD8Rfjx/EWR8/xFK/X8RcL2/EVe+PxF+Pn8RZH7/EUp/fxF
wv78RVwA/UX4Af1FjwP9RSkF/UXCBv1FXgj9RfYJ/UWRC/1FKQ39RcIO/UVcEP1F9hH9RY8T
/UUrFf1Fwhb9RV4Y/UX4Gf1Fjxv9RSkd/UXCHv1FXCD9RfYh/UWPI/1FKSX9RcIm/UXTKP1F
Fir9RY8r/UUrLf1Fwi79RVww/UX2Mf1FjzP9RSk1/UXCNv1FXDj9Rfg5/UWPO/1FKT39RcI+
/UVeQP1F9kH9RY9D/UUpRf1FxEb9RVxI/UX2Sf1FkUv9RStN/UXCTv1FXlD9RfZR/UWPU/1F
KVX9RcJW/UVcWP1F9ln9RY9b/UUpXf1FxF79RV5g/UX2Yf1Fj2P9RSll/UXCZv1FXmj9Rfhp
/UWRa/1FKW39RcRu/UVccP1F9nH9RZFz/UUpdf1Fwnb9RV54/UX2ef1Fj3v9RSt9/UXCfv1F
XID9RfiB/UWPg/1FKYX9RcKG/UVciP1F9on9RY+L/UUrjf1Fwo79RVyQ/UX2kf1Fj5P9RSmV
/UXClv1FXJj9RfaZ/UWPm/1FK539RcSe/UVcoP1F+KH9RZGj/UUrpf1Fwqb9RVyo/UX4qf1F
kav9RSmt/UXCrv1FXLD9Rfax/UWRs/1FKbX9RcS2/UVeuP1F9rn9RY+7/UUpvf1Fwr79RVzA
/UX2wf1Fj8P9RSvF/UXCxv1F38j9RSXK/UWPy/1FK839RcLO/UVe0P1F9tH9RY/T/UUp1f1F
wtb9RVzY/UUI2v1Fkdv9RSnd/UXC3v1FXOD9Rfjh/UWR4/1FKeX9RcLm/UVc6P1F9un9RY/r
/UUp7f1Fwu79RVzw/UX28f1FkfP9RSn1/UXC9v1FXPj9Rfj5/UWP+/1FK/39RcL+/UVeAP5F
9gH+RY8D/kUpBf5Fwgb+RVwI/kX2Cf5Fjwv+RSkN/kXCDv5FXhD+RfYR/kWPE/5FKxX+RcIW
/kVcGP5F+Bn+RY8b/kUpHf5Fwh7+RVwg/kX2If5FjyP+RSkl/kXCJv5FXCj+Rfgp/kWRK/5F
KS3+RcIu/kVeMP5F+DH+RY8z/kUrNf5Fwjb+RV44/kX4Of5Fjzv+RSk9/kXCPv5FXED+RfZB
/kWRQ/5FKUX+RcJG/kVcSP5F9kn+RY9L/kUrTf5Fwk7+RV5Q/kX2Uf5Fj1P+RSlV/kXEVv5F
Xlj+RfhZ/kWRW/5FKV3+RcRe/kVeYP5F9mH+RY9j/kUpZf5FxGb+RQxp/kVOav5Fk2v+RSlt
/kXCbv5FXHD+RfZx/kWPc/5FKXX+RcJ2/kVceP5F9nn+RY97/kUpff5Fwn7+RVyA/kX4gf5F
j4P+RSuF/kXChv5FXIj+RfaJ/kWPi/5FK43+RcSO/kVekP5F9pH+RZGT/kUplf5Fwpb+RVyY
/kX2mf5Fj5v+RSmd/kXCnv5FXKD+Rfah/kWRo/5FK6X+RcKm/kVcqP5F9qn+RY+r/kUprf5F
wq7+RV6w/kX2sf5FkbP+RSu1/kXEtv5FXrj+Rfa5/kWPu/5FK73+RcS+/kVcwP5F9sH+RZHD
/kUpxf5Fwsb+RVzI/kX2yf5Fj8v+RSnN/kXCzv5FXtD+RfjR/kWR0/5FKdX+RcLW/kVe2P5F
9tn+RZHb/kUp3f5FxN7+RVzg/kX24f5FkeP+RSvl/kXC5v5FXOj+Rfbp/kWR6/5FK+3+RcTu
/kVc8P5F+PH+RY/z/kUp9f5Fwvb+RVz4/kX4+f5Fj/v+RSv9/kXC/v5FXAD/RfYB/0WRA/9F
KwX/RcIG/0VcCP9F+An/RZEL/0UrDf9FxA7/RVwQ/0X2Ef9FjxP/RSkV/0XEFv9FXBj/RfgZ
/0WPG/9FKR3/RcIe/0VcIP9F9iH/RY8j/0UpJf9FxCb/RV4o/0X2Kf9Fjyv/RSkt/0XCLv9F
XDD/RfYx/0WPM/9FKTX/RcI2/0VcOP9F+Dn/RY87/0UrPf9Fwj7/RV5A/0X2Qf9FkUP/RSlF
/0XCRv9FXkj/RfZJ/0WRS/9FKU3/RcJO/0VeUP9F9lH/RZFT/0UpVf9Fwlb/RV5Y/0X2Wf9F
j1v/RStd/0XCXv9FXmD/Rfhh/0WRY/9FKWX/RcJm/0VcaP9F9mn/RY9r/0Urbf9Fwm7/RV5w
/0X4cf9Fj3P/RSl1/0XCdv9FXHj/Rfh5/0WRe/9FK33/RcJ+/0VcgP9F9oH/RY+D/0Uphf9F
xIb/RV6I/0X2if9Fj4v/RSuN/0XCjv9FXJD/RfiR/0WPk/9FKZX/RcSW/0VcmP9F+Jn/RY+b
/0Upnf9FxJ7/RVyg/0X4of9Fj6P/RSml/0XCpv9FXKj/Rfip/0WRq/9FK63/RcSu/0VesP9F
9rH/RY+z/0Uptf9Fwrb/RVy4/0X4uf9Ftrv/RSm9/0XEvv9FXsD/RfbB/0WPw/9FKcX/RcLG
/0VcyP9F9sn/RZHL/0Urzf9Fws7/RV7Q/0X40f9Fj9P/RSvV/0XC1v9FXtj/RfbZ/0WP2/9F
Kd3/RcTe/0Vc4P9F9uH/RY/j/0Up5f9Fwub/RVzo/0X46f9Fkev/RSvt/0XC7v9FXvD/Rfbx
/0WR8/9FK/X/RcL2/0Vc+P9F9vn/RZH7/0Up/f9Fwv7/RS4AAEb8AABGyQEARpUCAEZiAwBG
LgQARvwEAEbIBQBGlAYARmIHAEYvCABG+wgARsgJAEaUCgBGYQsARi4MAEb8DABGyA0ARpQO
AEZiDwBGLhAARvsQAEbJEQBGlBIARmETAEYuFABG/BQARsgVAEaUFgBGYRcARi4YAEb7GABG
yRkARpQaAEZhGwBGLhwARvscAEbIHQBGlR4ARmIfAEYuIABG+yAARsghAEaUIgBGYSMARi4k
AEb7JABGyCUARpUmAEZhJwBGLigARvsoAEbIKQBGlCoARmErAEYuLABG+ywARsktAEaVLgBG
Yi8ARi4wAEb8MABGyDEARpQyAEZiMwBGLjQARvw0AEbJNQBGlDYARmE3AEYuOABG+zgARsk5
AEaUOgBGYjsARi48AEb8PABGyT0ARpU+AEZhPwBGLkAARvtAAEbIQQBGlEIARmFDAEYvRABG
+0QARshFAEaVRgBGYkcARi9IAEb7SABGyUkARpRKAEZiSwBGLkwARvtMAEbITQBGlE4ARmFP
AEYuUABG+1AARshRAEaUUgBGYVMARi5UAEb8VABGyFUARpRWAEZiVwBGLlgARvtYAEbIWQBG
lVoARmJbAEYuXABG+1wARshdAEaUXgBGYV8ARi5gAEb8YABGyWEARpViAEZhYwBGL2QARvtk
AEbIZQBGlGYARmFnAEYuaABG+2gARslpAEaUagBGYWsARi9sAEb7bABGyW0ARpRuAEZhbwBG
LnAARvtwAEbIcQBGlHIARmFzAEYvdABG+3QARsh1AEaUdgBGYncARi54AEb7eABGyXkARpR6
AEZiewBGL3wARvt8AEbJfQBGlH4ARmF/AEYugABG+4AARsiBAEaVggBGY4MARi6EAEb8hABG
yIUARpWGAEZhhwBGL4gARvuIAEbJiQBGlIoARmGLAEYujABG+4wARsiNAEaVjgBGYY8ARi+Q
AEb7kABGyZEARpSSAEZhkwBGL5QARvuUAEbJlQBGlJYARmGXAEYvmABG+5gARsiZAEaUmgBG
YZsARi6cAEb8nABGyZ0ARpSeAEZinwBGL6AARvugAEbJoQBGlaIARmGjAEYupABG/KQARsml
AEaUpgBGYacARi+oAEb8qABGyakARpSqAEZhqwBGL6wARvusAEbIrQBGlK4ARmGvAEYvsABG
/LAARsixAEaUsgBGYbMARi60AEb8tABGyLUARpS2AEZhtwBGL7gARvu4AEbJuQBGlLoARmG7
AEYuvABG/LwARsm9AEaUvgBGYb8ARi7AAEb7wABGycEARpXCAEZiwwBGL8QARvvEAEbJxQBG
lcYARmHHAEYuyABG/MgARsnJAEaUygBGYcsARi/MAEb7zABGyc0ARpTOAEZizwBGLtAARvzQ
AEbI0QBGldIARmLTAEYu1ABG+9QARsjVAEaU1gBGYtcARi7YAEb82ABGyNkARpTaAEZh2wBG
LtwARvvcAEbI3QBGld4ARmLfAEYu4ABG/OAARsnhAEaU4gBGYeMARi/kAEb85ABGyOUARpTm
AEZi5wBG</AssayXData><AssayYData Points="1500">ZWOwQBiZsEAak7BAzpiwQMaAsEBMgbBAa2iwQGV+sED9mrBAHXSwQGJssEDHnbBAbYewQCBw
sEDRjLBAEL2wQAl9sEAWv7BAf6uwQN6OsEAZkbBA4JuwQLaqsEBEybBAx9SwQNmJsEA8xLBA
ZaawQH+isEC4nbBAA6uwQLCLsEDpqrBA46OwQJSUsEAJibBAc5ywQJCssECvnLBAGb6wQMC7
sEBrwrBA/5+wQNW0sEC8prBATLuwQK/RsEDMp7BAW7awQKqbsEATsrBA96GwQDWssEAJtrBA
1pywQIO7sEAWkrBAU7uwQI7bsECEurBAEqewQD7CsECVu7BAkqCwQDXBsEDIr7BA75GwQKmJ
sEAt3rBAstmwQG2ZsECdubBAzLSwQOuisEDW1bBA7qWwQE+vsEAnw7BANMKwQBWqsECHwbBA
n8qwQFTDsEAU0LBAeeiwQJi4sEDBtrBA7rWwQKO9sEDS0rBAO8KwQCnOsEAjorBAB8GwQAmo
sEBLu7BA5sGwQFissEBvurBAIriwQA++sEBp0rBAAtOwQOi9sEC9u7BAUYawQM+jsED84LBA
d7awQIzUsEBB5LBAebywQMq0sEChxLBA7tqwQILIsEBp67BAOdSwQFq9sEC0rLBA96WwQN3a
sECSzbBAVK6wQKyasEAj1bBAIdmwQCPQsEC/wLBAUtCwQAHUsEBDy7BAwMawQIvnsEDUp7BA
6e6wQDLZsED5y7BAwrSwQMEAsUDyr7BAoNWwQD7XsECCqrBApsmwQP7esEBU1rBAWMqwQErc
sEBCzrBA/9ewQAe/sECexLBAbc2wQGXisECKz7BAqL6wQPfjsECA3LBAQaywQMvpsEB72rBA
srqwQM3tsEBm7rBAcr2wQFHnsECyx7BANpewQBaysEBU57BAKMywQP28sEC3wrBAU6KwQLWj
sEBhu7BAmZiwQAW6sEC48bBAqOuwQDzdsEAD47BAZuiwQO+9sECC0rBAkNywQL7GsEB377BA
r+qwQOqxsEBcrrBAgd2wQEDesEAnxLBADt6wQB7RsEDq4LBAyuWwQDUOsUDL7bBAncmwQCTY
sED0v7BACv2wQOPesEB4w7BAremwQDgBsUBg1bBAj+CwQPH8sED9ybBAENqwQOwQsUC067BA
heGwQLkBsUAr+LBAKcawQEjusEAD2rBAosGwQCD2sEBR3rBA8+GwQAX1sED32rBA8tewQJXV
sEB+CbFAgdiwQEbBsEAg8rBAZtewQHjOsECV5rBACNWwQATisEBxw7BAW+2wQHXVsECZ3rBA
ONmwQILpsECsybBAyduwQMDLsEBF9LBAMOawQJbOsEDoz7BAHu+wQAPjsEDjw7BAdPiwQO/O
sECLzrBAIfWwQB7xsECxELFASdewQAj3sEA68bBAIfWwQNfbsEAh67BAAPSwQD/3sEA1BrFA
vt+wQDHMsED9ELFA+OmwQGHosEDDFbFAfu6wQCPTsEAuC7FAaeqwQHH4sECa7bBAqA+xQCTt
sECO8LBAdQyxQGTrsEDmvrBAtgCxQNjpsEDE+rBAwA6xQGcgsUBDArFAtuqwQHD/sEDY3LBA
UdawQE7wsECS3bBAwA6xQMgSsUCyF7FAS/awQIYCsUBz9LBALN+wQHcasUAJ77BAju+wQLQG
sUD687BAVdCwQGrqsEBZBrFA3f+wQOELsUD6ErFAgd6wQKb3sECHJ7FAdvawQKTbsEBAFLFA
8POwQIn6sEDp9LBA7O6wQJj8sEAO6LBArPqwQB31sECnELFAkBKxQEsSsUChAbFA3jGxQK7f
sEDY9LBAsxOxQH7ysED0FLFA6hWxQHPZsECo8LBAcDqxQFAKsUDk67BAsB6xQCgcsUAr87BA
eeGwQBn2sEC5C7FAjB2xQM0esUC8CrFAPuOwQJ//sEAQHrFAVfqwQEkZsUCgB7FA5/iwQH/+
sED8B7FAdgCxQG/0sEBG/bBAP/SwQITusEBR97BAbgaxQCD+sEBBE7FAiAWxQAMOsUBEErFA
TuOwQN3ksEDiNbFAGgixQIG0sEAI9bBAkg2xQLbOsED1KLFAXxOxQM7vsEDn4rBAKyWxQK0B
sUCsGbFAxTWxQLnvsECP+bBAjBqxQKABsUDj4LBAFgexQFYZsUBvBbFAQxSxQMEhsUDYEbFA
FRyxQCMnsUAZALFADi+xQBwWsUAvE7FAReuwQO4gsUCzDrFAV+ywQE4QsUDeK7FAMwGxQD4O
sUD2B7FASxuxQJADsUCMBLFAiCKxQGTrsEA0DLFAyQOxQGEesUB9H7FA9fiwQHAisUDPLbFA
afOwQPwhsUAtCLFANDSxQI8ZsUD6ILFAUSCxQH0QsUAUOLFAQDWxQG4UsUC2CrFA9C2xQG32
sEAuAbFAnjSxQBIasUDSO7FA4CmxQJslsUDnGbFAuhixQI0dsUB5E7FADxixQPATsUBgILFA
CvOwQPM+sUBTDbFAQgaxQI4dsUDo9bBAxg2xQNIWsUBWRbFA+RyxQML4sEBvJLFAggKxQIwa
sUCaNrFAwx6xQLkUsUAbF7FAkjyxQD4lsUCi/LBA0SixQAgQsUCaPLFA4ByxQBbxsEB1JbFA
c0ixQN4esUBAF7FATQaxQFwcsUCTG7FAIUGxQJQFsUAHC7FAdzuxQCr7sEBj+7BA5RGxQEY3
sUClC7FAbSqxQH79sEDgM7FAaUexQNNHsUDkGrFAEjWxQKFesUBJH7FAmv+wQM0msUBJIrFA
py2xQLgpsUB+O7FA8EOxQOwMsUAsL7FAOyaxQFgssUCSO7FAQP6wQPQLsUBxJrFAggWxQBAl
sUC/ILFAXBKxQJIesUDeErFAAQOxQI0isUAqVrFAxU2xQK8esUBIQLFAxFGxQJMfsUCJPbFA
FhKxQPUnsUCkA7FASiOxQGI9sUADRbFAYl+xQPMfsUB+TbFALR6xQBEcsUD7IbFAgDexQBEc
sUCYLbFAmiSxQN8osUACOLFA3hyxQM1VsUDrErFAkDWxQDtFsUAZHrFA9hmxQDAosUBAS7FA
SUGxQDcasUAmSLFA5yaxQGVEsUAgPLFAriexQI4wsUB+M7FA+hyxQFYYsUCLILFAlyyxQGoN
sUDgTbFA2CuxQKlBsUC/VrFAsi+xQDwmsUC9QLFA/juxQKUMsUCyMLFA2CaxQOhBsUClOLFA
Il+xQLI0sUCiIrFAVU2xQJVCsUDCTrFA2VSxQPctsUBEPbFAVjCxQKgksUAdP7FA6TmxQFpK
sUCaJLFAizexQDU9sUC9FrFAlR6xQAQysUBFKLFAexyxQCtgsUDZR7FAHjSxQKAxsUDDOrFA
JBexQMRCsUD2Q7FAI06xQBxEsUC1ULFAnhexQJ4usUA/XbFAj0CxQA07sUDpU7FAj1SxQAM6
sUBqR7FAzjmxQHU1sUBzTbFANz2xQGohsUD4MLFAsz6xQJVasUBMTrFA/iGxQFUssUD3RrFA
yz2xQLY+sUC0PrFAdUWxQD0osUBTPbFAtWaxQLxisUATS7FA4yOxQPs3sUDIHrFADzGxQFA0
sUAyJbFALDSxQP4ysUDATrFA9xuxQI02sUCNTbFAgkWxQGNdsUAzULFAIDixQJFOsUDoc7FA
rlexQJBosUC4QLFAEyCxQCNUsUDVb7FAhTSxQIxFsUDxVLFAvWKxQHI/sUCZZbFAvDixQNYy
sUBohbFAY2OxQNM/sUCZU7FA2VaxQDlVsUDyeLFAHUCxQE5RsUAwLLFAPDuxQElnsUArPLFA
t3OxQG5asUDHU7FAemWxQIZWsUDfWrFAxUKxQBWXsUBXU7FA9FCxQLVdsUCXL7FANVOxQG1y
sUBWZLFANHGxQEpKsUCuUrFA1FKxQJlusUATNLFA4HSxQBZqsUDUYbFAakexQGmKsUABTLFA
oT2xQKFZsUB7b7FAy0+xQAI9sUCxg7FAMUCxQIBtsUAlYbFAslKxQEUysUADarFA3G2xQGdU
sUApWrFAm0KxQOxAsUBoXbFAtX6xQKZfsUCbUrFAslKxQEpZsUA3QLFAE3uxQNJisUDIZrFA
xzqxQBR1sUB5XbFAK3SxQGd6sUDmV7FAl4WxQIKFsUAZVbFAZ0+xQBZwsUA/QbFAfFqxQM5z
sUDPZ7FA+k6xQEdesUDhVbFAXTexQJJGsUA1bbFAq1qxQFZnsUD/d7FAbTmxQMBrsUDsXLFA
fWmxQB1esUDroLFAaFOxQGFzsUC/XrFATXOxQLposUBadLFAUGmxQNljsUB0e7FARGSxQIxg
sUCrYbFAYX6xQINbsUCYWrFABHuxQJlgsUCHarFAwX+xQMNJsUApS7FANXyxQORSsUD5WLFA
/1ixQPJhsUDobbFAmYixQAF9sUDDfrFA2WWxQDBasUDNgrFAiTWxQMxqsUBMhbFAIYKxQCOF
sUDUgbFArUixQHqesUD9TbFAcFaxQEaGsUCLkrFAPFCxQNl1sUDdZbFAxIexQPKEsUArgbFA
W2ixQBpNsUDVh7FAxaCxQKCKsUAserFA6pKxQPeAsUCufrFAyImxQG5xsUDqYLFAeGGxQE9V
sUD8cbFA05OxQNZvsUA8RLFA04yxQDxVsUCXaLFAjHWxQDt1sUDJjrFAy3GxQBGNsUBvU7FA
XXqxQJp9sUDzXLFAMI+xQGSUsUA1irFAqX2xQGWbsUDFa7FAqlSxQJyUsUCqSbFA7lqxQPhM
sUCRkrFApX6xQP1qsUBvhLFAU3qxQDt1sUCikbFAU3mxQBt5sUDVerFAEV6xQAtosUAriLFA
9HmxQIiNsUBUgrFAb3qxQJeAsUB1ZrFAs4axQPtisUD4a7FAgoOxQNNbsUDbjbFA4ZqxQL14
sUDGYbFAKY6xQD2TsUB1d7FA1ISxQJqJsUDAcrFAQqOxQE+MsUDFYbFAXHqxQMyAsUA9krFA
xGmxQIeBsUBAjLFApmixQJqTsUC1dbFALHOxQKWAsUCTYLFAHXGxQDV/sUBnj7FAL4CxQM6Y
sUBqprFA43WxQO2osUCIdbFAGXuxQKaDsUDgd7FA3nixQMttsUDQn7FADmKxQB1xsUAVjLFA
bGexQMp+sUBdjLFAZHexQFqEsUCNiLFA24KxQNSGsUCWh7FAVpCxQNt+sUCMm7FANZuxQBtX
sUDfe7FAUm+xQJF0sUA7l7FAzqaxQNhhsUCdaLFAT4mxQEmesUDmhLFAsJ6xQO1vsUAohbFA
KXOxQFemsUDFdLFAVo6xQMiKsUCWkbFANYGxQCyFsUCLa7FA95exQCuZsUBkbbFACG6xQIeh
sUCMk7FAd5uxQKGSsUBwlbFAgV2xQIWgsUCNirFADpmxQB5osUCHj7FAbJmxQIqksUCjibFA
rYexQISCsUDqf7FAnnyxQHyfsUDGorFAzqSxQB2asUCnnrFAH5OxQAlfsUC+i7FALKixQOST
sUAIk7FA7aaxQHyPsUBBcLFA5ZaxQMGFsUCbpbFAapSxQJiQsUCndrFAqoyxQFRosUAvbLFA
/n6xQO+csUCvirFAPV6xQDuRsUAcibFABaaxQODCsUBar7FAD4WxQDqVsUCVjrFAw2yxQKiJ
sUCVnbFAm3uxQAqRsUCGnbFA6K6xQF2XsUBMxbFAb4mxQNCNsUCOpbFAgqaxQE2esUDjkrFA
7pOxQHVxsUB9i7FATNGxQLN9sUA2hbFAVZyxQPp1sUCojbFA0JmxQGy3sUBMkLFAxa+xQNWq
sUDKgLFAN4mxQHCEsUDJfLFAD8WxQJWisUAzkLFAXaqxQHCfsUAGlbFAy6ixQGTOsUBJqLFA
cF+xQPOosUDmiLFAQZOxQLaMsUC+o7FA9ZixQPHFsUAeobFAwKaxQAaLsUBinbFAvpexQFqr
sUByvLFAYo2xQOKQsUCfzrFAnbaxQL+WsUDMibFAMb6xQFursUCtzrFA+q+xQPRdsUAVtrFA
yquxQOGlsUAzrLFA9aexQHq5sUBIq7FAoaaxQEassUDwjLFAKpexQL7JsUBKtLFA0ZKxQK7H
sUC+rLFA9naxQE3FsUDUq7FAoKaxQAW8sUDlbbFAEZ6xQL+OsUCby7FA8bGxQGHIsUCUwbFA
Z66xQKS5sUAqt7FA+JexQB/UsUCDr7FAKJuxQIjVsUA/qLFAM5OxQM6dsUDAwLFAOpGxQNLN
sUDfr7FApr2xQLaUsUB9u7FAmraxQBaWsUB9tbFAptSxQK6fsUBgsrFAEMGxQECdsUDJy7FA
qd+xQGqmsUDKurFACMOxQN6psUBsiLFA76WxQF3JsUDoiLFAPLmxQLqjsUB/sbFAet6xQHOi
sUCPk7FAyq6xQN6esUCpibFAR6SxQOzOsUA4xrFA+3yxQEjKsUB61rFAAauxQCi0sUD007FA
0KyxQOGvsUARwbFAerGxQPeesUAbq7FAU6CxQJ25sUBTwbFA39OxQNGgsUD24rFA2c+xQBGm
sUALs7FA77yxQBO6sUBzlLFAP8GxQC/JsUD4wbFAiKyxQKuPsUD9yrFAOeOxQI23sUBR5LFA
z+GxQBG1sUALzbFAptGxQKaWsUCwnLFAQ++xQGXDsUDCu7FAEMixQArOsUABqrFAItGxQKPG
sUA+tLFA97SxQIe7sUA/vbFAI9mxQFLJsUBX2bFAs6GxQODdsUB+2rFA3a2xQASrsUAbBrJA
grKxQPXpsUBLxrFAzLyxQPu/sUBbtbFAAqSxQDC3sUDT2LFAULWxQFOlsUDT8bFA+NexQCe7
sUAP37FAebqxQI+nsUC5y7FAAuexQBzQsUCM2bFAye2xQDzBsUA6obFAeduxQHrFsUBlxbFA
icuxQJXZsUCApbFAxdexQNL2sUD81bFA0dGxQEjYsUDKqbFAydmxQMvSsUAF1bFAzr6xQI7V
sUDu2LFA4LexQPjEsUCBybFANtGxQP/ssUA+yLFAvb6xQCn/sUCICLJA7aCxQLPUsUBq37FA
28axQMTSsUD+0bFAGeqxQG+8sUByAbJAKOaxQHjYsUBbxrFA8LaxQErNsUCT+rFAXr2xQL6x
sUC2y7FAvsmxQN3LsUBWBrJAg8+xQPvAsUBGwrFA5MKxQJnZsUAv0rFAlgKyQB3HsUClubFA
87mxQCfXsUAfA7JAwweyQHjasUDhyrFAleOxQFv3sUCH67FARuixQA7WsUD70bFAbO6xQL/Y
sUDBvbFAjeGxQNLzsUCD2rFAH8GxQEzosUDJ4LFAnt6xQO/tsUA597FA+dSxQJPfsUCG57FA
1ruxQGirsUCt/LFAzeSxQAjSsUD/7rFApeaxQEH2sUAs47FAdweyQDzIsUDMwLFAatmxQCjP
sUBrv7FA+tSxQDDqsUCx3bFA7QeyQGTJsUAr0LFAZvexQLzgsUA71rFAPM6xQHPVsUDi2LFA
jb6xQLnMsUCS67FA9PixQObGsUB9zrFAENOxQDvUsUCb37FAh8WxQD4CskD00LFAgL2xQLbq
sUBhGbJAAuaxQOfesUCY4bFAR8exQLrfsUDt+7FAEbGxQCnhsUCm67FA/ryxQIbZsUCmBrJA
aLuxQLXrsUBK97FAIuixQKnwsUAA/7FAEeCxQGqxsUAM+rFAM/CxQJbLsUD65bFASA+yQEzX
sUCi67FAHsixQD7WsUC4+LFAu+GxQNf7sUD07rFAMiSyQCbjsUAAurFA5f6xQCXPsUDR9rFA
s9SxQKflsUBV1LFAvvyxQG4TskD807FACOyxQE77sUBHA7JAG+uxQLLtsUDtAbJA3uqxQGH8
sUAw9rFAEsixQIH8sUCazLFAPOWxQKj4sUBM47FAgeaxQMLmsUCSArJAMOmxQFu6sUAY9LFA
a7uxQBfEsUAe8rFAMgOyQCXIsUCU7rFAbxCyQAzUsUBT37FA1QayQI3csUDH8bFAIhqyQAHi
sUB68bFAaBWyQPoBskDr17FAzfqxQE4TskDj9bFApf6xQLfzsUDX77FA4eexQA8DskDU6bFA
whyyQJ38sUCW5rFA9uOxQMAGskAf9rFAqNKxQDwCskCa/7FAJt6xQL3msUAZBrJAL9yxQIAR
skCp8LFA</AssayYData></Step><Step><CommonData><SampleLocation>5</SampleLocation><SampleID>Glycine</SampleID><SampleGroup></SampleGroup><SampleInfo></SampleInfo><SampleRow>F</SampleRow><SamplePlate>1</SamplePlate><WellType>REGENERATION</WellType><Concentration>-1</Concentration><ConcentrationUnits>µg/ml</ConcentrationUnits><MolarConcentration>-1</MolarConcentration><MolarConcUnits>nM</MolarConcUnits><MolecularWeight>0</MolecularWeight><Temperature>30</Temperature><StartTime>9347402</StartTime><AssayTime>5</AssayTime></CommonData><FlowRate>1000</FlowRate><StepType>KREGENERATION</StepType><StepName>Regeneration</StepName><StepStatus>OK</StepStatus><ActualTime>4.9998</ActualTime><CycleTime>0.2</CycleTime><AssayXData Points="25">L+gARv3oAEbK6QBGluoARmPrAEYv7ABG/OwARsrtAEaV7gBGYu8ARi/wAEb98ABGyfEARpXy
AEZj8wBGMPQARv30AEbJ9QBGlfYARmL3AEYw+ABG/PgARsn5AEaW+gBGYvsARg==</AssayXData><AssayYData Points="25">+P4JQLAKBUDxoQNApGUCQLpbAUAUGgBACQP+P88r/D+BXPk/ZRn3P3g69T8KHPM/o6bxP3GV
7z+Ph+0/DaTrPy6L6j+Tueg/4A7nP7115j+vAOY/00rkP3604j9S7+E/eIbhPw==</AssayYData></Step><Step><CommonData><SampleLocation>6</SampleLocation><SampleID>PBS</SampleID><SampleGroup></SampleGroup><SampleInfo></SampleInfo><SampleRow>F</SampleRow><SamplePlate>1</SamplePlate><WellType>NEUTRALIZATION</WellType><Concentration>-1</Concentration><ConcentrationUnits>µg/ml</ConcentrationUnits><MolarConcentration>-1</MolarConcentration><MolarConcUnits>nM</MolarConcUnits><MolecularWeight>0</MolecularWeight><Temperature>30</Temperature><StartTime>9360487</StartTime><AssayTime>5</AssayTime></CommonData><FlowRate>1000</FlowRate><StepType>KREGENERATION</StepType><StepName>Regeneration</StepName><StepStatus>OK</StepStatus><ActualTime>5.00078</ActualTime><CycleTime>0.2</CycleTime><AssayXData Points="25">L/wARv38AEbJ/QBGlv4ARmP/AEYvAAFG/AABRskBAUaWAgFGYgMBRi8EAUb9BAFGyQUBRpYG
AUZiBwFGLwgBRvwIAUbJCQFGlgoBRmILAUYvDAFG/AwBRskNAUaWDgFGYw8BRg==</AssayXData><AssayYData Points="25">sQahQPnIoUDNSKJAc5qiQPb+okAWKaNAKWOjQF/bo0Art6NAQPKjQCMWpECvL6RAgG2kQBmp
pEDBfKRA8pCkQKXhpEC0x6RAQ+ikQJgfpUAQLaVAmSelQLwepUC6WqVAsUmlQA==</AssayYData></Step><Step><CommonData><SampleLocation>5</SampleLocation><SampleID>Glycine</SampleID><SampleGroup></SampleGroup><SampleInfo></SampleInfo><SampleRow>F</SampleRow><SamplePlate>1</SamplePlate><WellType>REGENERATION</WellType><Concentration>-1</Concentration><ConcentrationUnits>µg/ml</ConcentrationUnits><MolarConcentration>-1</MolarConcentration><MolarConcUnits>nM</MolarConcUnits><MolecularWeight>0</MolecularWeight><Temperature>30</Temperature><StartTime>9373566</StartTime><AssayTime>5</AssayTime></CommonData><FlowRate>1000</FlowRate><StepType>KREGENERATION</StepType><StepName>Regeneration</StepName><StepStatus>OK</StepStatus><ActualTime>4.9998</ActualTime><CycleTime>0.2</CycleTime><AssayXData Points="25">MBABRv4QAUbKEQFGlxIBRmQTAUYwFAFG/RQBRsoVAUaXFgFGZBcBRjEYAUb9GAFGyhkBRpYa
AUZjGwFGMBwBRv0cAUbLHQFGlx4BRmMfAUYwIAFG/SABRsohAUaWIgFGYyMBRg==</AssayXData><AssayYData Points="25">TZT6P2e58D8GlOs/fJnoP9Hb5T8SRuQ/56HiP4Zo4T/6PeA/QfveP4tW3T8Eodw/fR3cP9Y/
2z+h4No/4eTZP8SO2T+pktg/nlnXP9nn1j/u2tY/1QrWP09x1T9IxdU/CyPVPw==</AssayYData></Step><Step><CommonData><SampleLocation>6</SampleLocation><SampleID>PBS</SampleID><SampleGroup></SampleGroup><SampleInfo></SampleInfo><SampleRow>F</SampleRow><SamplePlate>1</SamplePlate><WellType>NEUTRALIZATION</WellType><Concentration>-1</Concentration><ConcentrationUnits>µg/ml</ConcentrationUnits><MolarConcentration>-1</MolarConcentration><MolarConcUnits>nM</MolarConcUnits><MolecularWeight>0</MolecularWeight><Temperature>30</Temperature><StartTime>9386636</StartTime><AssayTime>5</AssayTime></CommonData><FlowRate>1000</FlowRate><StepType>KREGENERATION</StepType><StepName>Regeneration</StepName><StepStatus>OK</StepStatus><ActualTime>5.00078</ActualTime><CycleTime>0.2</CycleTime><AssayXData Points="25">MCQBRv0kAUbLJQFGliYBRmMnAUYxKAFG/SgBRsopAUaWKgFGYysBRjEsAUb9LAFGyi0BRpYu
AUZkLwFGMTABRv0wAUbLMQFGljIBRmMzAUYwNAFG/jQBRss1AUaXNgFGZDcBRg==</AssayXData><AssayYData Points="25">vLmgQOBGoUD3zKFARAeiQBZ0okCy0aJAWeeiQM8bo0C3YKNAiXmjQPKeo0AK3aNAbvqjQLtB
pECQSqRAdEqkQGJspECEcqRAUKOkQFtjpEBCuKRAA6ukQFnmpEBC36RANQ6lQA==</AssayYData></Step><Step><CommonData><SampleLocation>5</SampleLocation><SampleID>Glycine</SampleID><SampleGroup></SampleGroup><SampleInfo></SampleInfo><SampleRow>F</SampleRow><SamplePlate>1</SamplePlate><WellType>REGENERATION</WellType><Concentration>-1</Concentration><ConcentrationUnits>µg/ml</ConcentrationUnits><MolarConcentration>-1</MolarConcentration><MolarConcUnits>nM</MolarConcUnits><MolecularWeight>0</MolecularWeight><Temperature>30</Temperature><StartTime>9399728</StartTime><AssayTime>5</AssayTime></CommonData><FlowRate>1000</FlowRate><StepType>KREGENERATION</StepType><StepName>Regeneration</StepName><StepStatus>OK</StepStatus><ActualTime>5.00078</ActualTime><CycleTime>0.2</CycleTime><AssayXData Points="25">MTgBRv84AUbMOQFGmDoBRmU7AUYxPAFG/jwBRss9AUaYPgFGZT8BRjFAAUb+QAFGy0EBRpdC
AUZkQwFGMkQBRv5EAUbMRQFGl0YBRmZHAUYxSAFG/kgBRsxJAUaXSgFGZUsBRg==</AssayXData><AssayYData Points="25">prX1P+J27D/6MOg/NJXlP+4Q4z/oDuE/PbTfP6fn3j++9N0/Z+zcP70T3D+0NNs/ByTaP8rD
2T/PN9k//szYP74u2D/DUdc/KNTWP90W1j+0JtY/f5DVP69r1T+4sNQ/2z3VPw==</AssayYData></Step><Step><CommonData><SampleLocation>6</SampleLocation><SampleID>PBS</SampleID><SampleGroup></SampleGroup><SampleInfo></SampleInfo><SampleRow>F</SampleRow><SamplePlate>1</SamplePlate><WellType>NEUTRALIZATION</WellType><Concentration>-1</Concentration><ConcentrationUnits>µg/ml</ConcentrationUnits><MolarConcentration>-1</MolarConcentration><MolarConcUnits>nM</MolarConcUnits><MolecularWeight>0</MolecularWeight><Temperature>30</Temperature><StartTime>9412824</StartTime><AssayTime>5</AssayTime></CommonData><FlowRate>1000</FlowRate><StepType>KREGENERATION</StepType><StepName>Regeneration</StepName><StepStatus>OK</StepStatus><ActualTime>5.00078</ActualTime><CycleTime>0.2</CycleTime><AssayXData Points="25">MkwBRv9MAUbMTQFGmE4BRmVPAUYyUAFGAFEBRs1RAUaZUgFGZlMBRjJUAUb/VAFGzFUBRphW
AUZmVwFGM1gBRv9YAUbMWQFGmVoBRmVbAUYyXAFGAV0BRsxdAUaYXgFGZl8BRg==</AssayXData><AssayYData Points="25">fGmhQBYIokCteaJAJdqiQC0xo0BjlqNAeamjQHjxo0DxKqRAJUukQH9npEAupaRAfNOkQAzN
pEBDxqRABQulQJYgpUCjOKVAp0OlQFtgpUDMVKVAxISlQEiepUCpiaVASb+lQA==</AssayYData></Step><Step><CommonData><SampleLocation>1</SampleLocation><SampleID>Octet Buffer</SampleID><SampleGroup></SampleGroup><SampleInfo></SampleInfo><SampleRow>E</SampleRow><SamplePlate>1</SamplePlate><WellType>BUFFER</WellType><Concentration>-1</Concentration><ConcentrationUnits>µg/ml</ConcentrationUnits><MolarConcentration>-1</MolarConcentration><MolarConcUnits>nM</MolarConcUnits><MolecularWeight>0</MolecularWeight><Temperature>30</Temperature><StartTime>9427078</StartTime><AssayTime>20</AssayTime></CommonData><FlowRate>1000</FlowRate><StepType>CUSTOM</StepType><StepName>Sensor Check</StepName><StepStatus>OK</StepStatus><ActualTime>20.0008</ActualTime><CycleTime>0.2</CycleTime><AssayXData Points="100">M2ABRgBhAUbNYQFGmWIBRmZjAUYzZAFGAGUBRs5lAUaZZgFGZ2cBRoNoAUYlaQFGzWkBRppq
AUZnawFGNGwBRgBtAUbObQFGmW4BRmZvAUY0cAFGAXEBRs5xAUaacgFGZ3MBRjR0AUYAdQFG
zXUBRpl2AUZmdwFGNHgBRgB5AUbNeQFGmXoBRmd7AUYzfAFGAX0BRs59AUaZfgFGZn8BRjOA
AUYBgQFGzYEBRpmCAUZmgwFGNIQBRgCFAUbNhQFGmoYBRmeHAUYziAFGAIkBRs6JAUaZigFG
ZosBRjOMAUYAjQFGzY0BRpmOAUZnjwFGNJABRgCRAUbOkQFGmZIBRmeTAUY0lAFGAJUBRs6V
AUaZlgFGZpcBRjSYAUYBmQFGzZkBRpmaAUZmmwFGM5wBRgCdAUbNnQFGmp4BRmafAUY0oAFG
AKEBRs2hAUaZogFGZ6MBRjOkAUYApQFGzqUBRpmmAUZmpwFGM6gBRgCpAUbNqQFGmaoBRmar
AUY0rAFGAK0BRs6tAUaZrgFGZ68BRg==</AssayXData><AssayYData Points="100">Hb2fQANrnUABEJxAwviaQBlvmkA84ZlAa5OZQJNxmUBKQZlAsXGZQHNfmUDSSplAMIeZQNdn
mUBPpJlA05OZQDyLmUCguJlA8OCZQKOtmUCjs5lAqc+ZQErpmUDm6ZlAbQOaQKUVmkCvK5pA
iyqaQKAkmkDhH5pAK0qaQGpLmkA6DJpAKkiaQE94mkDQZppA1FSaQOp3mkAPXppAzp+aQBCT
mkBjh5pAgKSaQMF9mkCzgppAMdeaQHafmkBTsJpAeZKaQOqgmkAR25pACfGaQJHMmkC3z5pA
useaQGHJmkDX4JpA4uSaQMK+mkCb6ppAbOyaQJMQm0CyAptAjRSbQGYZm0BBE5tAXyabQAX6
mkCdFJtAZQ6bQCUdm0D1M5tA1iebQGcQm0C7TptApD+bQPNDm0BmWZtA7FKbQEJlm0CfTptA
IVybQANcm0D3OptAbGCbQGx8m0AHR5tAxWmbQC6Fm0Awc5tA44WbQIKIm0B8uptAX5KbQIyh
m0CxaptAFIqbQIK4m0Bxl5tA0q+bQA==</AssayYData></Step><Step><CommonData><SampleLocation>2</SampleLocation><SampleID>SI-157X66_P5568</SampleID><SampleGroup></SampleGroup><SampleInfo></SampleInfo><SampleRow>F</SampleRow><SamplePlate>1</SamplePlate><WellType>KLOAD</WellType><Concentration>5</Concentration><ConcentrationUnits>µg/ml</ConcentrationUnits><MolarConcentration>5000</MolarConcentration><MolarConcUnits>nM</MolarConcUnits><MolecularWeight>0</MolecularWeight><Temperature>30</Temperature><StartTime>9456017</StartTime><AssayTime>120</AssayTime></CommonData><FlowRate>1000</FlowRate><StepType>LOADING</StepType><StepName>Loading</StepName><StepStatus>OK</StepStatus><ActualTime>120.001</ActualTime><CycleTime>0.2</CycleTime><AssayXData Points="600">NLABRgGxAUbOsQFGmrIBRmezAUY0tAFGArUBRs+1AUabtgFGZ7cBRjW4AUYCuQFGzrkBRpu6
AUZouwFGNLwBRgG9AUbOvQFGm74BRmi/AUY0wAFGAsEBRs7BAUaawgFGaMMBRjXEAUYBxQFG
zsUBRprGAUZnxwFGNcgBRgHJAUbPyQFGmsoBRmfLAUY0zAFGAc0BRs7NAUabzgFGZ88BRjXQ
AUYB0QFGztEBRpvSAUZn0wFGNNQBRgLVAUbP1QFGmtYBRmfXAUY02AFGAtkBRs7ZAUaa2gFG
aNsBRjTcAUYB3QFGzt0BRpveAUZo3wFGNeABRgHhAUbP4QFGm+IBRmfjAUY05AFGAeUBRs/l
AUaa5gFGZ+cBRjXoAUYB6QFGzukBRprqAUZn6wFGNOwBRgHtAUbP7QFGm+4BRmjvAUY08AFG
AfEBRs/xAUaa8gFGZ/MBRjX0AUYB9QFGz/UBRpr2AUZo9wFGNPgBRgL5AUbO+QFGmvoBRmf7
AUY0/AFGAf0BRs/9AUaa/gFGaP8BRjQAAkYBAQJGzgECRpoCAkZnAwJGNQQCRgEFAkbPBQJG
mgYCRmcHAkY0CAJGAQkCRs8JAkaaCgJGZwsCRjQMAkYBDQJGzg0CRpsOAkZoDwJGNBACRgER
AkbPEQJGmhICRmcTAkY0FAJGARUCRs4VAkaaFgJGaBcCRjQYAkYCGQJGzhkCRpoaAkZoGwJG
NBwCRgIdAkbOHQJGmx4CRmcfAkY0IAJGASECRs8hAkaaIgJGZyMCRjUkAkYCJQJGzyUCRpom
AkZnJwJGNSgCRgEpAkbOKQJGmyoCRmgrAkY0LAJGAi0CRs4tAkabLgJGaC8CRjQwAkYCMQJG
zjECRpoyAkZnMwJGNTQCRgI1AkbPNQJGmjYCRmc3AkY0OAJGATkCRs85AkaaOgJGZzsCRjQ8
AkYBPQJGzj0CRpo+AkZnPwJGNEACRgFBAkbPQQJGm0ICRmhDAkY0RAJGA0UCRs5FAkaaRgJG
aEcCRjRIAkYBSQJGzkkCRppKAkZnSwJGNEwCRgFNAkbPTQJGm04CRmdPAkY1UAJGAVECRs5R
AkaaUgJGaFMCRjRUAkYBVQJGzlUCRppWAkZnVwJGNFgCRgJZAkbPWQJGm1oCRmhbAkY1XAJG
AV0CRs9dAkaaXgJGaF8CRjRgAkYCYQJGzmECRppiAkZoYwJGNWQCRgFlAkbPZQJGmmYCRmdn
AkY1aAJGAWkCRs5pAkaaagJGZ2sCRjRsAkYCbQJGzm0CRptuAkZobwJGNHACRgFxAkbPcQJG
m3ICRmhzAkY1dAJGAnUCRs51AkaadgJGZ3cCRjV4AkYBeQJGz3kCRpt6AkZoewJGNHwCRgF9
AkbOfQJGm34CRmd/AkY0gAJGAYECRs6BAkabggJGZ4MCRjSEAkYChQJGz4UCRpqGAkZnhwJG
NIgCRgGJAkbOiQJGmooCRmeLAkY0jAJGAo0CRs+NAkabjgJGaI8CRjSQAkYBkQJGzpECRpqS
AkZokwJGNJQCRgGVAkbOlQJGmpYCRmiXAkY1mAJGAZkCRs+ZAkaamgJGZ5sCRjWcAkYCnQJG
zp0CRpueAkZonwJGNKACRgKhAkbPoQJGm6ICRmejAkY0pAJGAaUCRs6lAkaapgJGaKcCRjSo
AkYCqQJGz6kCRpuqAkZnqwJGNawCRgGtAkbOrQJGm64CRmivAkY0sAJGAbECRs6xAkabsgJG
aLMCRjS0AkYBtQJGzrUCRpq2AkZntwJGNLgCRgK5AkbPuQJGmroCRme7AkY1vAJGAb0CRs+9
AkabvgJGZ78CRjTAAkYCwQJGz8ECRprCAkZowwJGNMQCRgHFAkbOxQJGmsYCRmfHAkY1yAJG
AckCRs/JAkaaygJGaMsCRjXMAkYBzQJGzs0CRprOAkZnzwJGNtACRgLRAkbO0QJGmtICRmjT
AkY01AJGAtUCRs7VAkaa1gJGZ9cCRjTYAkYC2QJGztkCRpraAkZo2wJGNNwCRgHdAkbP3QJG
mt4CRmffAkY04AJGAuECRs7hAkaa4gJGZ+MCRjTkAkYC5QJGzuUCRpvmAkZn5wJGNegCRgHp
AkbO6QJGmuoCRmfrAkY07AJGAu0CRs7tAkaa7gJGZ+8CRjTwAkYC8QJGzvECRpryAkZn8wJG
NPQCRgH1AkbP9QJGmvYCRmf3AkY1+AJGAvkCRs75Akab+gJGZ/sCRjT8AkYC/QJGzv0CRpv+
AkZn/wJGNAADRgEBA0bOAQNGmgIDRmcDA0Y0BANGAgUDRs4FA0abBgNGaAcDRjUIA0YBCQNG
zgkDRpsKA0ZoCwNGNQwDRgINA0bPDQNGmg4DRmcPA0Y0EANGAhEDRs4RA0aaEgNGZxMDRjUU
A0YBFQNGzhUDRpsWA0ZoFwNGNBgDRgEZA0bOGQNGmhoDRmgbA0Y0HANGAR0DRs8dA0aaHgNG
Zx8DRjQgA0YCIQNGziEDRpoiA0ZoIwNGNCQDRgElA0bOJQNGmyYDRmcnA0Y1KANGAikDRs4p
A0aaKgNGZysDRjUsA0YCLQNGzy0DRpouA0ZnLwNGNDADRgExA0bOMQNGmzIDRmczA0Y0NANG
ATUDRs41A0aaNgNGaDcDRjQ4A0YCOQNGzjkDRps6A0ZoOwNGNDwDRgI9A0bPPQNGmj4DRmc/
A0Y1QANGAUEDRs5BA0aaQgNGaEMDRjVEA0YBRQNGzkUDRptGA0ZnRwNGNUgDRgFJA0bOSQNG
mkoDRmdLA0Y1TANGAU0DRs9NA0abTgNGZ08DRjRQA0YBUQNGzlEDRppSA0ZoUwNGNVQDRgFV
A0bPVQNGm1YDRmhXA0Y0WANGAVkDRs5ZA0abWgNGZ1sDRjRcA0YCXQNGz10DRpteA0ZnXwNG
NGADRgFhA0bOYQNGmmIDRmhjA0Y1ZANGAmUDRs9lA0aaZgNGZ2cDRjRoA0YBaQNGzmkDRptq
A0ZnawNGNGwDRgFtA0bPbQNGmm4DRmhvA0Y1cANGAXEDRs5xA0abcgNGaHMDRjR0A0YBdQNG
znUDRpt2A0ZodwNGNHgDRgF5A0bOeQNGm3oDRmd7A0Y1fANGAn0DRs59A0aafgNGZ38DRjSA
A0YBgQNGzoEDRpqCA0ZngwNGNIQDRgGFA0bPhQNGmoYDRmeHA0Y1iANGAYkDRs6JA0aaigNG
aIsDRjSMA0YBjQNGzo0DRpqOA0ZojwNG</AssayXData><AssayYData Points="600">YRObQIhsm0CKqptAzBqcQFpOnECsfpxALq2cQLDonECC65xAmRudQKpAnUB1V51AZY6dQH6D
nUAqop1ATd2dQC/anUAQ5J1AEiieQP8mnkC9ap5AzHmeQI+QnkA2qZ5AdLueQC/8nkDXGZ9A
hSSfQCwbn0CISp9AQWefQM2Sn0Bikp9AmpSfQGbln0DR6J9AVgCgQOUKoEA9NaBAriqgQKdV
oEAjU6BAwZegQAqLoECez6BAtc2gQF7QoEA96qBA9SWhQDIHoUCjP6FAX1ChQEmSoUCWlaFA
NXuhQEi2oUA73qFArAOiQI/doUBFIqJAbCSiQPkhokBCWKJAnmOiQFOYokDIeaJAVpuiQKLC
okBd96JAYOuiQFgso0Bq+KJA0AOjQCoko0ChTKNAHk2jQG5bo0BcvKNAeJejQECco0CXoaNA
UsmjQLLuo0CMGaRAxiekQEsYpEDzJ6RA0TqkQBVSpEA5VaRAVISkQN6mpEBtb6RADKKkQNu0
pEC3w6RA3wClQKj6pEBdEKVAjxSlQPQwpUAPLaVAIlalQEuLpUCbYqVANY2lQJSTpUDysKVA
VpilQISKpUB6v6VAAvqlQLP1pUBWD6ZAgfmlQMpBpkCpPKZAp0umQPVopkBbQKZANoOmQMpz
pkDgc6ZAPpamQNSKpkAM4qZAtuWmQJXfpkAf86ZAhPSmQFzrpkC6HadASRCnQEwdp0A/M6dA
XCynQOBUp0BjmadAf1unQBxyp0BXi6dAvaOnQBeXp0BPpKdAw5ynQBrEp0DEEqhAIvqnQMX0
p0BIE6hAryqoQBVJqECLLKhAoD6oQBROqEC5RahAiWaoQIR6qECke6hADKSoQOWUqEB1oahA
uKmoQIrGqEA2tqhA9ruoQPrqqEBHz6hAeO2oQKP6qEDe8KhATwOpQLgWqUC0NalAqCapQHxY
qUDGcalAfH6pQBFHqUCLYqlAA3KpQFSgqUBWn6lAP4qpQDaiqUB3nqlA4KWpQA3eqUAbwalA
q9KpQID8qUALBapA9eCpQDbjqUASIapARPepQNQ/qkAuPKpAZD+qQI4/qkBmQapAI2aqQPFb
qkAIbqpAwHGqQH1YqkDilqpAIJaqQGplqkB9nqpAocuqQObJqkBNnqpAIcaqQK3jqkB/wapA
yPqqQKL/qkBo76pAMQurQGYKq0Ar+qpAJh2rQOwvq0CXKatAgiarQCxJq0BaS6tAMDWrQFpA
q0DxQ6tAJ4arQMZmq0CzY6tAiEerQCBYq0CdfKtA8pyrQASWq0C/vKtArcSrQM6gq0AwuKtA
7b+rQLLuq0BM+atAr9CrQDP7q0ANEaxAIO6rQIXqq0AK/atAbxGsQEoXrEAMSqxAmiCsQHlS
rEDHIKxABjGsQFJYrEA1QaxAhzmsQL9srEDxb6xASXasQEOQrEB5c6xA6ousQLKRrEBapqxA
xbqsQMmsrEBQmaxAHqysQDmvrEA6waxAsr2sQDW7rEA71axASe+sQPjvrECJ/KxAkt2sQKfb
rEAT9qxAx++sQE0TrUAHA61AMAOtQKcwrUBFGa1A/y+tQA03rUChJK1AAGKtQK5qrUAVNK1A
pEGtQMU0rUADaK1AKjCtQDtOrUDMWq1AWXGtQGZirUB5oa1AU5etQEOOrUCjoa1ABm+tQL6t
rUA3061A1LetQLyTrUBCia1AsZqtQE7arUC8va1AA/OtQEbjrUBt2q1AUAGuQJHorUBc3q1A
8tOtQKEWrkA7+K1Ac8qtQA4HrkBpEK5AkiquQC/prUDZCK5AUQ2uQIYdrkDqPa5AZBCuQKc3
rkBvNa5AAyGuQBdBrkBpQ65AbViuQGlurkDfb65AAmOuQMxvrkAodq5Au5GuQNF2rkBxha5A
15iuQIaerkByv65AooquQAmWrkDnxK5AJYWuQK3CrkDu1q5A47KuQGbLrkBW1K5AssCuQOvX
rkAL3a5ABOKuQLfarkAT+q5A0gavQMD+rkA7/a5AaOmuQDAAr0Cq/K5A8/iuQCswr0CNPq9A
TwCvQCE+r0CJIq9AQTavQBMqr0BNF69AKxavQMQXr0CILq9AJT6vQOJEr0CSRK9A/WKvQHto
r0DOc69A3m6vQP9er0B9X69A+0+vQEVpr0DMc69AjIGvQBekr0Cafa9AX6GvQLR2r0Azp69A
0YavQCbGr0BUsK9ATLSvQMiir0Cawa9AWtivQB7Lr0CkwK9AduSvQC3gr0BRxq9AK/OvQL/c
r0Bw2a9AafavQI71r0Cy5K9AvOmvQJHWr0BL7q9AN/2vQHjqr0DI0a9AbR+wQAIHsEDe5a9A
dASwQOACsEDdDLBAggWwQOEmsECtJrBAazWwQLQgsEBFN7BAmS2wQP1lsEAJVrBAyz6wQHA2
sEC8X7BAAESwQEtJsEBKl7BAYXCwQDd/sECEerBAc2qwQMxlsEDTa7BA9mSwQGCHsECQX7BA
MnmwQLyTsEBWdLBAsqiwQNRzsEDQi7BAFLywQHOpsEALnbBAt6KwQIaYsEBFqrBApMiwQMCo
sEAjhbBA2LOwQJTDsEA9xrBAf92wQFG5sEDnwLBAr6+wQBHKsEApzbBAitOwQIDnsEDQ+7BA
BduwQNz/sEAm2LBAmu2wQDjosEA+BLFA8xOxQO8TsUB5DLFAQOewQGczsUBcLLFA+BexQO0P
sUCfJrFA8h6xQCkUsUAfP7FAWFqxQGBDsUDaOLFA9CaxQKMgsUDIMrFAGkixQL9VsUDYYbFA
dF2xQC4lsUDKLLFAQm+xQJFdsUDGc7FAsWSxQDNssUAJXrFAWoSxQO5dsUBlcbFAP1yxQEZ9
sUBfV7FAkIWxQMZzsUAidbFAMauxQC+RsUCEobFAqbexQAuQsUCZn7FAu6+xQH+UsUD5lbFA
U6WxQES4sUAZsbFAtZyxQEeisUBv6rFAFMqxQIe0sUA/87FA+cqxQCDfsUDb6LFAGu2xQMG8
sUDk5bFAI/axQOPRsUBv5rFA7eyxQFfJsUAKFbJA8POxQE61sUCdDbJAQPKxQLbksUBRA7JA
AxayQIMLskCF9rFAXheyQMIhskDPFrJAMS+yQEknskAaELJA4weyQFwmskCpHrJA7h2yQBA+
skBiILJAIzeyQIdRskAOQ7JA1k+yQJI2skBrOLJAXS2yQHYtskCyPLJAMyGyQL4qskBhUbJA
6CyyQEM/skDoTLJALVWyQJBMskDZTbJA</AssayYData></Step><Step><CommonData><SampleLocation>1</SampleLocation><SampleID>Octet Buffer</SampleID><SampleGroup></SampleGroup><SampleInfo></SampleInfo><SampleRow>E</SampleRow><SamplePlate>1</SamplePlate><WellType>BUFFER</WellType><Concentration>-1</Concentration><ConcentrationUnits>µg/ml</ConcentrationUnits><MolarConcentration>-1</MolarConcentration><MolarConcUnits>nM</MolarConcUnits><MolecularWeight>0</MolecularWeight><Temperature>30</Temperature><StartTime>9584439</StartTime><AssayTime>100</AssayTime></CommonData><FlowRate>1000</FlowRate><StepType>BASELINE</StepType><StepName>Baseline</StepName><StepStatus>OK</StepStatus><ActualTime>99.9998</ActualTime><CycleTime>0.2</CycleTime><AssayXData Points="500">NZADRgKRA0bPkQNGnJIDRmiTA0Y2lANGA5UDRs+VA0ablgNGaZcDRjWYA0YCmQNG0JkDRpua
A0ZpmwNGNpwDRgOdA0bPnQNGm54DRmmfA0Y1oANGA6EDRs+hA0abogNGaaMDRjWkA0YCpQNG
z6UDRpumA0ZopwNGNagDRgKpA0bPqQNGm6oDRmmrA0Y1rANGA60DRs+tA0acrgNGaK8DRjWw
A0YCsQNGz7EDRpuyA0ZoswNGNbQDRgK1A0bQtQNGm7YDRmm3A0Y1uANGArkDRtC5A0abugNG
absDRjW8A0YCvQNGz70DRpu+A0ZovwNGNcADRgLBA0bPwQNGm8IDRmjDA0Y2xANGA8UDRs/F
A0abxgNGaMcDRjbIA0YDyQNGz8kDRpzKA0ZoywNGNcwDRgPNA0bQzQNGnM4DRmjPA0Y20ANG
AtEDRtDRA0ab0gNGadMDRjbUA0YD1QNGz9UDRpzWA0Zo1wNGNdgDRgLZA0bP2QNGm9oDRmjb
A0Y23ANGA90DRtDdA0ab3gNGad8DRjXgA0YD4QNGz+EDRpviA0Zo4wNGNeQDRgLlA0bR5QNG
m+YDRmnnA0Y16ANGAukDRs/pA0ab6gNGaesDRjXsA0YD7QNGz+0DRpzuA0Zp7wNGNfADRgLx
A0bP8QNGm/IDRmjzA0Y19ANGAvUDRs/1A0ac9gNGaPcDRjX4A0YC+QNGz/kDRpv6A0Zo+wNG
NfwDRgL9A0bQ/QNGm/4DRmn/A0Y2AARGAgEERs8BBEabAgRGaQMERjUEBEYDBQRGzwUERpsG
BEZoBwRGNggERgIJBEbQCQRGnAoERmgLBEY1DARGAw0ERs8NBEacDgRGaQ8ERjUQBEYDEQRG
zxEERpsSBEZoEwRGNhQERgIVBEbPFQRGnBYERmgXBEY1GARGAxkERs8ZBEabGgRGaRsERjUc
BEYCHQRGzx0ERpweBEZpHwRGNSAERgIhBEbPIQRGmyIERmgjBEY1JARGAyUERs8lBEabJgRG
aCcERjUoBEYCKQRGzykERpwqBEZoKwRGNSwERgItBEbPLQRGnC4ERmgvBEY1MARGAjEERs8x
BEabMgRGaTMERjc0BEYCNQRGzzUERp02BEZoNwRGNjgERgM5BEbPOQRGmzoERmk7BEY2PARG
Aj0ERtA9BEacPgRGaD8ERjVABEYDQQRGz0EERpxCBEZoQwRGNUQERgNFBEbPRQRGnEYERmhH
BEY2SARGA0kERs9JBEacSgRGaUsERjZMBEYDTQRGz00ERptOBEZoTwRGNlAERgJRBEbPUQRG
nFIERmhTBEY1VARGA1UERs9VBEabVgRGaFcERjVYBEYDWQRG0FkERpxaBEZoWwRGNlwERgJd
BEbQXQRGm14ERmlfBEY2YARGAmEERtBhBEabYgRGaGMERjVkBEYCZQRGz2UERptmBEZoZwRG
NmgERgJpBEbPaQRGm2oERmlrBEY2bARGAm0ERs9tBEabbgRGaG8ERjVwBEYDcQRG0HEERpxy
BEZocwRGNnQERgN1BEbPdQRGnHYERmh3BEY1eARGA3kERs95BEacegRGaHsERjZ8BEYDfQRG
z30ERpt+BEZpfwRGNoAERgOBBEbQgQRGm4IERmmDBEY1hARGAoUERs+FBEabhgRGaIcERjWI
BEYDiQRGz4kERpuKBEZoiwRGNYwERgKNBEbPjQRGnI4ERmmPBEY1kARGA5EERs+RBEackgRG
aJMERjWUBEYClQRGz5UERpuWBEZolwRGNZgERgOZBEbPmQRGm5oERmmbBEY2nARGAp0ERtCd
BEacngRGaJ8ERjWgBEYCoQRGz6EERpyiBEZoowRGNaQERgKlBEbPpQRGm6YERmmnBEY2qARG
AqkERtCpBEacqgRGaKsERjasBEYCrQRG0K0ERpuuBEZorwRGNbAERgOxBEbPsQRGm7IERmiz
BEY1tARGA7UERs+1BEactgRGabcERjW4BEYCuQRG0LkERpu6BEZouwRGNbwERgK9BEbPvQRG
m74ERmm/BEY2wARGA8EERs/BBEabwgRGaMMERjbEBEYCxQRG0MUERpzGBEZpxwRGNcgERgLJ
BEbQyQRGm8oERmjLBEY1zARGAs0ERs/NBEadzgRGaM8ERjbQBEYD0QRGz9EERpzSBEZo0wRG
NdQERgPVBEbP1QRGnNYERmjXBEY12ARGA9kERs/ZBEab2gRGaNsERjbcBEYC3QRG0N0ERpve
BEZo3wRGNuAERgLhBEbQ4QRGnOIERmnjBEY15ARGA+UERtDlBEac5gRGaecERjXoBEYC6QRG
0OkERpvqBEZo6wRGNewERgPtBEbQ7QRGm+4ERmjvBEY18ARGAvEERtDxBEab8gRGafMERjb0
BEYD9QRG0PUERpz2BEZp9wRGNvgERgL5BEbP+QRGm/oERmj7BEY1/ARGA/0ERs/9BEab/gRG
af8ERjUABUYDAQVG0AEFRpsCBUZoAwVGNQQFRgIFBUbPBQVGmwYFRmgHBUY1CAVGAwkFRs8J
BUabCgVGaAsFRjUMBUYCDQVG0A0FRpsOBUZoDwVGNhAFRgIRBUbQEQVGmxIFRmgTBUY1FAVG
AxUFRtAVBUabFgVGaRcFRjUYBUYDGQVGzxkFRpsaBUZpGwVGNRwFRgIdBUbRHQVGmx4FRmgf
BUY=</AssayXData><AssayYData Points="500">fCSyQCYAskBlALJAs/axQCn5sUDY67FAhROyQAMbskD3FLJAmxSyQEMNskBqBLJAhiSyQDsW
skAWArJAPjeyQGkpskAOErJAYf6xQGcUskDcKrJA8DKyQIgKskAROrJAPiCyQIQdskAmM7JA
+RyyQN9NskAwQ7JANzGyQGIlskBmO7JAZkmyQN7vsUCtLrJAOTmyQPwoskDVQrJAYzeyQNY0
skDjVbJANUiyQLkAskCCObJAgj2yQGNHskBDM7JAKy2yQD81skANMrJAaTKyQBNgskBoGLJA
AEOyQBVPskAbQrJAj0WyQMQ9skC7O7JAZBqyQN5jskA1WrJADCiyQP86skCdMLJAwUiyQHhe
skD5QbJApU2yQD4wskCGTLJAST6yQGI+skAvVrJAD0eyQJVNskAnebJAkCGyQFc6skCRQbJA
zFiyQL5BskCaTLJAlzGyQGcWskDXQ7JA6VWyQKk5skCCTLJAF3ayQMhdskDvOrJArFmyQMBO
skC8Z7JAw06yQAZPskDRSrJAEl+yQCwoskDeJ7JA3mqyQLdlskCjUbJARXOyQAlUskBlQrJA
XEKyQKposkD2RrJANjOyQE+HskB6a7JAO12yQDphskBLarJAuW2yQHhzskB3UrJAVFSyQECG
skBHU7JAdj2yQHNnskAHfLJAj2yyQPVSskAZd7JA21CyQAo0skAohbJAo2qyQANLskB8crJA
kW+yQJU3skCnibJA7VayQE6GskAEYrJAu0WyQLlcskB7PrJALJKyQEWEskAua7JAIKCyQPNo
skAKZbJAu1uyQPKEskBdXLJA6oKyQFxrskCUYbJA6nyyQINgskAnU7JAu6qyQMB+skArXLJA
FFCyQKNkskDLZbJA9VmyQLKXskBZVrJAokyyQDNhskCrdrJAsoKyQCeFskCoh7JAKGyyQJuc
skCpdbJAvIqyQB12skBlkbJAAoayQI9mskDQfbJAJoeyQBOIskBgcbJAOIWyQOWCskAMkrJA
N5SyQHR/skAWkbJAw2KyQFRbskChmbJAlYOyQPJpskDzfrJANZmyQHJqskBWcrJA2p+yQDyA
skC9VbJA5payQHiLskAgmbJAl6+yQLh4skD7grJAYa2yQGO1skDGo7JASZGyQM2pskAfe7JA
1I2yQK+oskDFeLJAHUGyQPGGskAItLJAe4+yQPaVskCOl7JAj5iyQJWWskDyx7JAi4+yQE2G
skArjbJAAmeyQFGxskCsoLJA8YayQFaNskDOmLJApZqyQJR0skDVmLJASJGyQIWjskCntrJA
zsCyQMqPskBnmrJAU5OyQJ6fskAdoLJA0rGyQNiuskBbjrJA/7SyQO2fskDtlLJAUMCyQDHN
skBEgLJAKpSyQC2SskCunrJAyb+yQKSyskCZrLJApKuyQNKlskDZmLJA+5SyQPXEskDUtrJA
pZqyQISXskC0zrJAJ56yQK26skDNubJA6bOyQLK5skCApLJAqK2yQBiuskDkvbJA54eyQEZv
skB2vbJAyKyyQHCLskAQtLJABsayQKWDskAcvLJAKsSyQHmyskBVpLJAC8myQF+hskBprbJA
87+yQN+tskAhirJA9s6yQJ6WskC/trJAHYSyQEDDskC6kbJAXdKyQCaUskCir7JABJiyQB20
skCJprJAe8SyQKnMskBwgrJAd6qyQHylskCtkrJArMiyQMTMskDzs7JAybeyQO+SskD1pbJA
BJuyQIq1skDxo7JATaiyQI3BskA/rrJA46qyQHC8skD727JAuaKyQMCuskDIzrJAhc+yQHSk
skCjuLJAa62yQPS9skCE07JA6+myQBCzskD54rJAOd6yQMbHskCKsbJA3cuyQHy/skAsubJA
vtayQP7QskAYv7JAcsGyQD6qskAhzbJAoeWyQHi3skClt7JAs9KyQOjNskATsrJA29iyQO27
skAb77JAW6OyQK7AskBcn7JAIcWyQCTYskAZzLJApbeyQG+oskB7zbJA6cGyQGfQskA/27JA
a6CyQEzkskDMr7JAk+KyQDnWskDq97JAad6yQPjlskB+2rJApcWyQBK7skC2xrJAbcCyQJHN
skAT8bJAFsGyQIfPskAb77JAkOiyQFHQskDp77JAC/KyQO64skCC9rJAERCzQK7OskDx4bJA
dtOyQPPJskAivbJAYuGyQH/XskAA1bJAiwizQDfUskDT07JArPGyQDjiskAUt7JAGuGyQMrL
skAGxLJApvGyQFf3skD/yLJAUMqyQBz/skBo3LJA49GyQJffskDI0bJA1NeyQAjSskAQ8LJA
pqmyQEPoskAH2rJAlPSyQIrSskA32bJAHe6yQDTlskC+87JA8+KyQLnAskAF5rJAvOuyQKzO
skCV4LJAzeKyQFbDskBb7rJAHtayQPTxskC62bJAffiyQCPoskBA7bJACtiyQAnoskDz+rJA
APayQHrrskCS7bJAYfmyQLHgskD8zLJAfhezQIvsskAd6LJAYgezQPPrskBgALNAHvGyQNwO
s0AkArNAFA+zQCkhs0DTBLNAQwezQLT9skC81bJAM+2yQAwAs0CDA7NA0cCyQJzwskDKF7NA
f+iyQKbrskCpDrNA8uayQKXoskDEALNAiduyQPwhs0CWLrNArO6yQLrXskAD6rJAbPGyQPTr
skA=</AssayYData></Step><Step><CommonData><SampleLocation>2</SampleLocation><SampleID>hsCD3d/e_Acro_CDD-H52W1</SampleID><SampleGroup></SampleGroup><SampleInfo></SampleInfo><SampleRow>E</SampleRow><SamplePlate>1</SamplePlate><WellType>KSAMPLE</WellType><Concentration>-1</Concentration><ConcentrationUnits>µg/ml</ConcentrationUnits><MolarConcentration>50</MolarConcentration><MolarConcUnits>nM</MolarConcUnits><MolecularWeight>0</MolecularWeight><Temperature>30</Temperature><StartTime>9692860</StartTime><AssayTime>180</AssayTime></CommonData><FlowRate>1000</FlowRate><StepType>ASSOC</StepType><StepName>Association</StepName><StepStatus>OK</StepStatus><ActualTime>180</ActualTime><CycleTime>0.2</CycleTime><AssayXData Points="900">NSAFRgIhBUbQIQVGmyIFRmgjBUY1JAVGAiUFRtAlBUabJgVGaCcFRjYoBUYCKQVG0CkFRpsq
BUZoKwVGNSwFRgMtBUbPLQVGnC4FRmgvBUY2MAVGAzEFRtAxBUabMgVGaDMFRjY0BUYCNQVG
zzUFRps2BUZoNwVGNTgFRgI5BUbPOQVGnToFRmg7BUY2PAVGAz0FRtA9BUacPgVGaD8FRjVA
BUYCQQVGz0EFRpxCBUZpQwVGNUQFRgRFBUbPRQVGm0YFRmhHBUY1SAVGAkkFRs9JBUacSgVG
aUsFRjVMBUYCTQVGz00FRptOBUZoTwVGNVAFRgJRBUbPUQVGm1IFRmlTBUY2VAVGA1UFRs9V
BUabVgVGaFcFRjZYBUYCWQVGz1kFRpxaBUZoWwVGNVwFRgNdBUbQXQVGnF4FRmhfBUY1YAVG
A2EFRtBhBUabYgVGaWMFRjVkBUYDZQVG0GUFRpxmBUZoZwVGNmgFRgJpBUbPaQVGnGoFRmlr
BUY2bAVGA20FRs9tBUacbgVGaG8FRjVwBUYEcQVGz3EFRptyBUZpcwVGNnQFRgN1BUbQdQVG
m3YFRml3BUY1eAVGA3kFRs95BUabegVGaHsFRjZ8BUYCfQVG0H0FRpt+BUZofwVGNoAFRgKB
BUbPgQVGm4IFRmiDBUY1hAVGA4UFRtCFBUabhgVGaYcFRjaIBUYCiQVG0YkFRpyKBUZpiwVG
NowFRgKNBUbPjQVGnI4FRmiPBUY1kAVGA5EFRs+RBUackgVGaZMFRjaUBUYClQVGz5UFRp2W
BUZolwVGNpgFRgOZBUbPmQVGm5oFRmibBUY1nAVGAp0FRtCdBUabngVGaZ8FRjagBUYDoQVG
z6EFRpuiBUZoowVGNqQFRgOlBUbPpQVGm6YFRminBUY2qAVGA6kFRs+pBUabqgVGaasFRjWs
BUYCrQVGz60FRpuuBUZorwVGNbAFRgOxBUbQsQVGm7IFRmizBUY1tAVGA7UFRs+1BUactgVG
aLcFRja4BUYCuQVGz7kFRpu6BUZouwVGNbwFRgK9BUbPvQVGm74FRmi/BUY1wAVGAsEFRs/B
BUacwgVGaMMFRjXEBUYDxQVGz8UFRpvGBUZoxwVGNsgFRgLJBUbPyQVGnMoFRmnLBUY1zAVG
As0FRtDNBUaczgVGac8FRjbQBUYD0QVGz9EFRpvSBUZp0wVGNdQFRgLVBUbP1QVGm9YFRmjX
BUY12AVGA9kFRs/ZBUab2gVGaNsFRjXcBUYD3QVGz90FRpveBUZo3wVGNuAFRgLhBUbP4QVG
m+IFRmjjBUY15AVGA+UFRs/lBUac5gVGaecFRjboBUYD6QVG0OkFRpvqBUZo6wVGNewFRgLt
BUbP7QVGm+4FRmjvBUY18AVGAvEFRtDxBUac8gVGgPMFRjX0BUYD9QVGz/UFRpv2BUZo9wVG
NfgFRgL5BUbQ+QVGm/oFRmn7BUY1/AVGAv0FRtD9BUab/gVGaP8FRjUABkYDAQZGzwEGRpwC
BkZpAwZGNQQGRgMFBkbQBQZGnAYGRmgHBkY1CAZGAgkGRs8JBkacCgZGaQsGRjYMBkYCDQZG
zw0GRpsOBkZoDwZGNRAGRgIRBkbQEQZGmxIGRmgTBkY2FAZGAhUGRs8VBkabFgZGaRcGRjYY
BkYCGQZGzxkGRpsaBkZpGwZGNRwGRgIdBkbQHQZGmx4GRmgfBkY1IAZGAiEGRtAhBkabIgZG
aSMGRjUkBkYDJQZG0CUGRpsmBkZpJwZGNSgGRgIpBkbPKQZGmyoGRmgrBkY1LAZGAi0GRs8t
BkacLgZGaC8GRjUwBkYCMQZG0DEGRpwyBkZoMwZGNTQGRgI1BkbPNQZGnDYGRmg3BkY1OAZG
AjkGRtA5BkacOgZGaDsGRjU8BkYCPQZG0D0GRps+BkZoPwZGNkAGRgNBBkbPQQZGm0IGRmlD
BkY2RAZGA0UGRs9FBkacRgZGaEcGRjVIBkYDSQZGz0kGRptKBkZoSwZGNUwGRgNNBkbQTQZG
m04GRmlPBkY1UAZGA1EGRs9RBkacUgZGaVMGRjVUBkYDVQZGz1UGRptWBkZoVwZGNVgGRgNZ
BkbPWQZGnFoGRmhbBkY1XAZGA10GRtBdBkabXgZGaF8GRjVgBkYDYQZGz2EGRpxiBkZoYwZG
NWQGRgJlBkbPZQZGm2YGRmhnBkY2aAZGAmkGRtBpBkabagZGaGsGRjZsBkYDbQZGz20GRptu
BkZobwZGNXAGRgNxBkbPcQZGnHIGRmhzBkY2dAZGA3UGRs91BkacdgZGaHcGRjZ4BkYCeQZG
z3kGRpt6BkZoewZGNXwGRgJ9BkbQfQZGm34GRml/BkY1gAZGAoEGRs+BBkabggZGaIMGRjWE
BkYChQZG0IUGRpuGBkZohwZGNYgGRgOJBkbPiQZGm4oGRmmLBkY1jAZGAo0GRs+NBkacjgZG
aI8GRjWQBkYCkQZGz5EGRpySBkZpkwZGNZQGRgOVBkbPlQZGm5YGRmiXBkY2mAZGA5kGRtCZ
BkabmgZGaJsGRjacBkYCnQZGz50GRpueBkZqnwZGNaAGRgKhBkbQoQZGnKIGRmmjBkY1pAZG
A6UGRs+lBkacpgZGaacGRjWoBkYCqQZG0KkGRpuqBkZoqwZGNawGRgKtBkbQrQZGm64GRmiv
BkY1sAZGArEGRs+xBkabsgZGabMGRjW0BkYDtQZGz7UGRpu2BkZotwZGNrgGRgO5BkbPuQZG
m7oGRmi7BkY1vAZGA70GRtC9BkacvgZGab8GRjbABkYCwQZGz8EGRpvCBkZowwZGNsQGRgPF
BkbQxQZGm8YGRmjHBkY1yAZGAskGRs/JBkabygZGaMsGRjbMBkYCzQZGz80GRpzOBkZozwZG
NdAGRgLRBkbP0QZGnNIGRmjTBkY11AZGAtUGRtDVBkac1gZGaNcGRjXYBkYC2QZG0NkGRpva
BkZo2wZGNdwGRgLdBkbP3QZGm94GRmjfBkY24AZGA+EGRtDhBkac4gZGaOMGRkXkBkYC5QZG
z+UGRpvmBkZp5wZGNegGRgPpBkbQ6QZGm+oGRmnrBkY27AZGAu0GRs/tBkab7gZGaO8GRjbw
BkYC8QZG0PEGRpvyBkZp8wZGNvQGRgL1BkbP9QZGm/YGRmj3BkY1+AZGAvkGRtD5Bkab+gZG
afsGRjX8BkYC/QZGz/0GRpv+BkZo/wZGNQAHRgIBB0bQAQdGmwIHRmgDB0Y2BAdGAwUHRs8F
B0abBgdGaAcHRjUIB0YDCQdG0AkHRpsKB0ZpCwdGNQwHRgINB0bPDQdGnA4HRmgPB0Y2EAdG
AhEHRtARB0acEgdGaBMHRjUUB0YCFQdG0BUHRpsWB0ZoFwdGNRgHRgMZB0bQGQdGmxoHRmkb
B0Y1HAdGAx0HRtAdB0acHgdGaB8HRjYgB0YCIQdG0CEHRpsiB0ZoIwdGNSQHRgMlB0bQJQdG
myYHRmgnB0Y1KAdGAikHRs8pB0abKgdGaSsHRjcsB0YCLQdG0C0HRpsuB0ZoLwdGNTAHRgMx
B0bPMQdGmzIHRmgzB0Y2NAdGAzUHRtA1B0abNgdGaDcHRjU4B0YDOQdG0DkHRpw6B0ZpOwdG
NTwHRgI9B0bPPQdGmz4HRmg/B0Y1QAdGA0EHRs9BB0abQgdGaUMHRjZEB0YCRQdGz0UHRptG
B0ZpRwdGNkgHRgJJB0bPSQdGnEoHRmhLB0Y2TAdGAk0HRtBNB0abTgdGaE8HRjVQB0YDUQdG
0FEHRpxSB0ZoUwdGNVQHRgNVB0bPVQdGm1YHRmhXB0Y2WAdGAlkHRs9ZB0acWgdGaFsHRjZc
B0YDXQdGz10HRpteB0ZoXwdGNWAHRgJhB0bPYQdGm2IHRmljB0Y1ZAdGAmUHRtBlB0acZgdG
aGcHRjVoB0YCaQdGz2kHRptqB0ZpawdGNWwHRgNtB0bQbQdGm24HRmhvB0Y2cAdGAnEHRs9x
B0abcgdGaHMHRjV0B0YDdQdG0HUHRpt2B0ZpdwdGNXgHRgJ5B0bReQdGm3oHRmp7B0Y2fAdG
An0HRs99B0abfgdGaX8HRjWAB0YDgQdGz4EHRpyCB0ZpgwdGNoQHRgKFB0bPhQdGm4YHRmmH
B0Y2iAdGAokHRs+JB0acigdGaYsHRjWMB0YDjQdG0I0HRpuOB0ZpjwdGNZAHRgKRB0bQkQdG
nJIHRmiTB0Y2lAdGApUHRtCVB0ablgdGaJcHRjaYB0YDmQdGz5kHRpyaB0ZomwdGNpwHRgKd
B0bPnQdGnJ4HRmifB0Y2oAdGAqEHRs+hB0acogdGaKMHRjakB0YCpQdG0KUHRpumB0ZopwdG
NagHRgKpB0bQqQdGm6oHRmirB0Y1rAdGAq0HRs+tB0abrgdGaK8HRjawB0YDsQdG0LEHRpyy
B0ZpswdGNbQHRgO1B0bQtQdGnLYHRmi3B0Y2uAdGArkHRtC5B0acugdGaLsHRjW8B0YCvQdG
0L0HRpy+B0ZovwdGNcAHRgPBB0bPwQdGnMIHRmnDB0Y1xAdGA8UHRtDFB0abxgdGaMcHRjbI
B0YCyQdGz8kHRpvKB0ZpywdGNswHRgPNB0bQzQdGnM4HRmjPB0Y10AdGA9EHRs/RB0ab0gdG
aNMHRjXUB0YL1QdG0NUHRpvWB0Zp1wdGNdgHRgLZB0bP2QdGm9oHRmnbB0Y13AdGAt0HRtDd
B0ac3gdGaN8HRjXgB0YD4QdGz+EHRpziB0Zp4wdGNeQHRgPlB0bP5QdGnOYHRmjnB0Y26AdG
AukHRs/pB0ab6gdGaOsHRjXsB0YC7QdG0O0HRpvuB0Zo7wdG</AssayXData><AssayYData Points="900">IEKyQH7GskAjELNA0hWzQDkes0CuLbNAEU+zQG5Rs0CDcLNA4IWzQOBxs0DNXbNAgnGzQOdF
s0CalbNAwYKzQCSSs0CBjLNAM5SzQN5vs0DYq7NAAa+zQGJts0C0ZLNAzYKzQA6Vs0AWjbNA
wpKzQL+0s0AFnbNAqJ+zQHDGs0BotLNA96+zQPiGs0DlrbNAAZezQNe6s0BqoLNAZpezQJTQ
s0D2rLNA86OzQPOus0DTxLNABJ+zQO++s0DjoLNA+oGzQHexs0B8oLNA0razQPXEs0AzkbNA
ebazQHCts0BZqbNAhcSzQLaqs0DCrLNAQKOzQDmbs0DfpLNAjKmzQO+Ps0AnsbNAYMyzQBSh
s0BYurNAZ7uzQDG9s0DKurNAqqmzQHnWs0DXorNA3sezQAPIs0DEwLNAPMWzQJqrs0BWwbNA
XN2zQAmts0DK3bNAtMGzQJrfs0CGrLNAzt+zQJjIs0DawbNAidOzQA3Ss0BDxrNAAb+zQG7A
s0CZ07NAsb6zQFzFs0CP57NAIcWzQOvJs0AnybNAFsWzQM6gs0DjzrNA9aqzQOrVs0DN9LNA
odWzQDKus0CS0rNAdNWzQJe2s0Cx1bNApLOzQPSfs0AcwLNAG92zQBy4s0BKtLNAt9qzQIyp
s0AdrrNAgeKzQBjNs0D+0LNABu2zQILts0Bz4rNAL+azQLTbs0DwtLNA6MazQEz6s0CA2LNA
LtWzQDm4s0DD77NArPizQKPTs0DJ0LNAmPWzQHcPtECf3rNAbNCzQG/ns0Dq9rNA3dezQM7u
s0AQ1rNA+u+zQEbCs0CL+rNAMdqzQH3ps0CB27NAk8mzQHXFs0C66bNAhfKzQGP5s0AH/bNA
+NezQBrgs0D57rNApPqzQGPds0BvCLRAYg+0QLXes0BFxrNA2uyzQHDus0Ao87NAHOqzQA/b
s0B/7rNAdwG0QOHWs0CSGLRA3PazQN7+s0Dh6LNAze+zQJcOtEC4+bNAjvqzQNTas0BTELRA
LPazQN4BtEAaCbRA0+qzQBwAtEAf7bNAZQK0QEsytEAP/LNAXvSzQEgGtEAMGrRA6e6zQDLi
s0AKA7RAYvqzQPz+s0CFBLRA5O+zQDLus0Cr6rNAfi60QF8FtEAx9LNAsw20QHD/s0CZE7RA
eQC0QJoQtECxAbRA6/GzQJ4atECiGrRA4CG0QOoGtEDtA7RALgW0QKbys0AMBLRA5Bi0QMHq
s0AUBrRA2+2zQF8YtEBL+7NAhfOzQCUOtEA6/LNATgi0QJAZtEB/77NA8/qzQHDts0CA/rNA
HAG0QJRCtECG/7NAcR+0QE0btEDRILRAtvWzQFnts0BjF7RASAq0QL8NtEBDG7RArPezQG4X
tEAMJrRA9AO0QDnus0AsCbRAh+uzQLffs0DkYrRAjfCzQEExtEA1SrRAhBu0QBEWtED4MLRA
7hS0QJcutEAGJ7RACSC0QE4vtEDrFbRACCq0QKUutEB6KrRAXie0QKYvtEAeLLRAxS60QCRS
tEBuDbRA6Aa0QKRKtEAVGrRABha0QO4ltEBe+rNA6Re0QFgqtEB0A7RAlg20QNdJtED+FrRA
ESa0QPcgtEBfFrRAlBO0QMsutEBEF7RABCm0QNdJtECmGbRAaxe0QAtHtEDxDLRArRS0QCxA
tEDFQ7RAKh60QCEgtEBOALRAxTa0QPA1tECpQrRA0S20QHtAtEBuRbRAyj60QFUktEBWUbRA
KzC0QB9RtEDjL7RAqUO0QDkHtEC5JbRABEe0QLtbtECSFbRAdCS0QAwxtEDaNLRAkyi0QP4h
tEBwNrRAZkG0QFpEtEDSObRAq160QNs2tEAiJLRA0Ce0QDlCtEAGJ7RAyme0QFtLtED5JrRA
hDu0QF9dtECuU7RApTK0QKNPtEBaOLRAiii0QM9UtEDfUrRAhD60QJU4tEAfK7RAGTK0QKZu
tEB7ULRAfSW0QAUZtEDrP7RAHSq0QBQ4tECpa7RATF60QNxCtEBQYbRAUj+0QAlLtEA3KrRA
gVC0QBxptEBjKrRAuUC0QOtTtED9NbRAj260QJNbtECtMrRAUS60QJBqtEBQOrRAYVe0QDp0
tEAVQbRAxTu0QBFFtEAlM7RA81u0QNdMtED6XrRA+km0QOZUtEAAT7RAgUG0QMFJtEAwarRA
J1y0QBE/tEDEL7RAdli0QFdEtEA9SrRAd0C0QOFttECWdrRAS0q0QMZrtEBqeLRApEO0QEJj
tEDkaLRAeUS0QJVytEDParRAInG0QKVjtEBLL7RABlu0QE1TtEAVcbRAm1W0QD5GtEAqdbRA
L4O0QA9FtEC9QrRAiXO0QCNStEDKZbRAH5a0QGxwtECDWLRAwni0QERXtEAnWLRAao+0QBKF
tEABZ7RAdHS0QNNRtEDVT7RAo2W0QIh6tECpUbRAuS+0QEFztEDzXbRAxD+0QPBytEDad7RA
wF20QINKtEASXLRAimG0QOt3tEAdYLRAp0W0QL91tECPfbRAaHO0QNhJtEAQWrRAv1u0QLtW
tEAqfrRA/F20QN9FtEC1dbRA/4a0QHlDtEBvZrRA8my0QDR0tEB7fLRAHni0QPZ/tEBfa7RA
LFK0QFNctED/eLRAi3u0QJ6GtEBudbRAlnO0QEZetEBjarRAnHi0QJt8tEA1T7RAvGm0QH5v
tEBeWLRA1Fy0QO1utECWfLRAMmu0QCF1tEDdgLRAr7a0QHV/tEDwm7RAwnq0QNGJtEAGoLRA
dX20QMSetEBuqLRA5my0QDh7tEBSlrRARmm0QDFstEBCkrRAxmS0QGZTtEAKiLRAMoW0QCp9
tEB6e7RAEpS0QOdmtECmjrRAmMq0QI9mtECml7RALYq0QHZ/tECYYrRAVJe0QAFvtEBzkLRA
IXm0QCy/tEDqZ7RA45C0QAVetEDZlLRAxYi0QF6XtEB3fLRADYm0QDuitEAif7RAf4K0QLF1
tECrfrRAR3q0QCyetEA+ZLRATZ60QHyDtECMj7RA5He0QFeatEC6j7RA61C0QEmetEAbrrRA
l6m0QGS0tEA8obRA5Ja0QCSFtECgibRA32i0QNuLtEAWhrRAraK0QHKPtEBTnbRA6pa0QMyG
tEDxeLRAaI20QN1ttEDDs7RAWqq0QKyatEAnorRA7rC0QJymtEAVfLRAKoS0QNKXtECRpbRA
iLm0QICctEAPnrRAxpq0QESltEDhl7RA0q60QMCftECicbRASIa0QH+btECAjrRAGKu0QLh2
tECQwbRAvsO0QJSUtEAYmbRAHKm0QHiGtECvlLRAp6G0QDy6tEACn7RAmIi0QHSbtEBnr7RA
zJW0QKCKtECWibRAwd60QF6mtECApLRAFYq0QNJ+tECmprRA06m0QPSStECIsLRAb7K0QFax
tECRbrRAPo60QPy2tEDhwbRAkay0QO5+tEA2qLRAfKu0QO7ItEA8oLRAuqe0QFGRtECBqrRA
cpu0QH+htECbhrRAwZa0QNaitEB9qLRA6Ny0QB3QtEAyt7RAxay0QG6ctEClj7RAB5m0QA+4
tEDiv7RAjqe0QGuytEBhxrRAfMW0QCzKtEBAsrRAqbO0QPCutEChzrRAvpy0QFautEAOrbRA
i7a0QBWTtEDso7RA2q20QAyntEBEy7RAUry0QAPhtEDys7RAW9e0QL7AtEDzxLRAnai0QJzE
tEBfxLRAI7m0QOumtEB2sbRAgqe0QP7StEB6u7RAKcC0QP61tEA9nrRA8K20QFLNtEDTqbRA
aOC0QNHMtEC7nbRASLm0QG63tEDEq7RAebK0QADJtEARpLRAqru0QLfEtEDPxrRA7aC0QOPG
tECklLRAO5y0QCHJtEAbw7RAsbW0QAzAtEATv7RA6sW0QOu7tEC4+rRAJdm0QICstEDU07RA
S860QESitEDDkbRA7uq0QGqWtEBIxLRAxJ60QCi+tEBpxbRADtW0QODAtEAUxbRAaLe0QAq2
tEBou7RAguC0QHa+tECvu7RASru0QArDtEB2xbRAf8u0QHLBtEAY47RAeq60QIqetEDnybRA
5La0QFb8tEDC17RAG+e0QC7atEDBqLRAYLu0QJHStECOz7RAW9+0QJ3qtEDD6bRA3em0QLvc
tEDWqbRA2ty0QC/FtECN4bRAlrq0QJHatEDTvLRAvNG0QCHItEDGzLRA5M20QFi4tEDE97RA
Pcy0QIa+tEBnvLRA4720QKDTtEBCyrRAUtS0QA7ctECmxLRAXcm0QPq6tEAV6rRAfOe0QIrh
tEAY/bRAMMm0QLLytEAR0rRA89e0QNbPtEBL3rRAZdC0QGzmtEBE67RAPsy0QM7HtECz57RA
W8m0QDHotEAG1rRAIem0QJ3ptEBC+7RAg960QJjgtEB52rRAzNm0QJvZtEDM5LRAPNe0QPH+
tEDM2rRA6te0QNvktEDT5bRAJuS0QJ7ntEDZ+LRAfdy0QAXQtEBHA7VAwcG0QF8DtUDS97RA
6cW0QF/YtEBR77RAO+y0QPDNtEAh9bRA2OW0QIXCtEDs37RAZNS0QFzdtEA0z7RAUdu0QDTT
tEDn+7RAZNi0QFzotECG6bRACPC0QMLktEA81rRARtm0QJLktEA4wrRAGu20QDwVtUAnALVA
PtO0QA0TtUC64LRAA/u0QJnitECe5LRAnta0QHDltEBn6rRAOdO0QE0LtUBC87RAp++0QJX+
tEAq8LRAn/e0QG0ftUCKE7VARfm0QIL7tEDn/7RAAuG0QBTUtEBd6LRAeB21QGoFtUDc3bRA
9wK1QCDftECAELVA4M60QG3utEDU57RA7PG0QFb4tEA2/7RA</AssayYData></Step><Step><CommonData><SampleLocation>1</SampleLocation><SampleID>Octet Buffer</SampleID><SampleGroup></SampleGroup><SampleInfo></SampleInfo><SampleRow>E</SampleRow><SamplePlate>1</SamplePlate><WellType>BUFFER</WellType><Concentration>-1</Concentration><ConcentrationUnits>µg/ml</ConcentrationUnits><MolarConcentration>-1</MolarConcentration><MolarConcUnits>nM</MolarConcUnits><MolecularWeight>0</MolecularWeight><Temperature>30</Temperature><StartTime>9881248</StartTime><AssayTime>300</AssayTime></CommonData><FlowRate>1000</FlowRate><StepType>DISASSOC</StepType><StepName>Dissociation</StepName><StepStatus>OK</StepStatus><ActualTime>300.001</ActualTime><CycleTime>0.2</CycleTime><AssayXData Points="1500">NfAHRgLxB0bQ8QdGnPIHRmnzB0Y19AdGA/UHRs/1B0ab9gdGaPcHRjX4B0YC+QdGz/kHRpv6
B0Zo+wdGNfwHRgL9B0bP/QdGnP4HRmj/B0Y2AAhGAwEIRs8BCEabAghGaQMIRjUECEYDBQhG
zwUIRpsGCEZoBwhGNQgIRgIJCEbQCQhGmwoIRmkLCEY1DAhGAw0IRs8NCEabDghGaQ8IRjUQ
CEYCEQhGzxEIRpsSCEZpEwhGNRQIRgMVCEbPFQhGmxYIRmgXCEY2GAhGAxkIRs8ZCEabGghG
aBsIRjYcCEYDHQhGzx0IRpweCEZpHwhGNiAIRgIhCEbPIQhGnCIIRmkjCEY1JAhGAyUIRs8l
CEacJghGaScIRjUoCEYCKQhGzykIRpsqCEZoKwhGNSwIRgItCEbPLQhGmy4IRmgvCEY1MAhG
AzEIRtAxCEabMghGaDMIRjY0CEYCNQhGzzUIRps2CEZpNwhGNTgIRgI5CEbQOQhGmzoIRmg7
CEY1PAhGAj0IRs89CEabPghGaT8IRjVACEYCQQhGz0EIRptCCEZoQwhGNkQIRgNFCEbPRQhG
nEYIRmlHCEY1SAhGA0kIRs9JCEabSghGaUsIRjVMCEYDTQhGz00IRpxOCEZpTwhGNVAIRgJR
CEbPUQhGnFIIRmlTCEY1VAhGA1UIRtBVCEabVghGalcIRjVYCEYDWQhG0FkIRpxaCEZpWwhG
NlwIRgJdCEbQXQhGm14IRmhfCEY1YAhGAmEIRs9hCEabYghGaGMIRjVkCEYCZQhGz2UIRptm
CEZoZwhGNWgIRgJpCEbPaQhGm2oIRmhrCEY2bAhGAm0IRs9tCEabbghGaG8IRjZwCEYDcQhG
0HEIRptyCEZocwhGNXQIRgJ1CEbQdQhGnHYIRmh3CEY1eAhGA3kIRs95CEabeghGaXsIRjV8
CEYCfQhGz30IRpx+CEZpfwhGNYAIRgKBCEbPgQhGm4IIRmmDCEY2hAhGA4UIRtGFCEachghG
aYcIRjaICEYDiQhGz4kIRpyKCEZpiwhGNYwIRgKNCEbPjQhGm44IRmiPCEY2kAhGA5EIRs+R
CEabkghGaJMIRjaUCEYClQhG0JUIRpyWCEZplwhGNZgIRgKZCEbQmQhGm5oIRmmbCEY1nAhG
A50IRs+dCEacnghGaJ8IRjWgCEYDoQhG0KEIRpuiCEZoowhGNaQIRgKlCEbQpQhGm6YIRmin
CEY2qAhGAqkIRs+pCEabqghGaKsIRjWsCEYCrQhGz60IRpuuCEZorwhGNbAIRgKxCEbPsQhG
nLIIRmizCEY1tAhGA7UIRtC1CEabtghGaLcIRjW4CEYCuQhGz7kIRpu6CEZpuwhGNrwIRgK9
CEbPvQhGm74IRmm/CEY1wAhGAsEIRs/BCEabwghGacMIRjXECEYDxQhGz8UIRpvGCEZoxwhG
NcgIRgPJCEbPyQhGm8oIRmjLCEY1zAhGAs0IRs/NCEaczghGaM8IRjXQCEYC0QhG0NEIRpzS
CEZp0whGNtQIRgLVCEbQ1QhGm9YIRmjXCEY12AhGAtkIRs/ZCEac2ghGadsIRjXcCEYD3QhG
0N0IRpveCEZo3whGNeAIRgLhCEbP4QhGnOIIRmnjCEY15AhGA+UIRs/lCEab5ghGaOcIRjXo
CEYC6QhGz+kIRpvqCEZp6whGNuwIRgLtCEbQ7QhGnO4IRmjvCEY18AhGAvEIRtDxCEac8ghG
afMIRjX0CEYD9QhG0PUIRpv2CEZp9whGNvgIRgP5CEbP+QhGnPoIRmj7CEY1/AhGA/0IRs/9
CEac/ghGaP8IRjcACUYCAQlG0AEJRpsCCUZoAwlGNgQJRgIFCUbPBQlGnAYJRmkHCUY1CAlG
AgkJRtAJCUacCglGaQsJRjUMCUYCDQlGzw0JRpsOCUZoDwlGNhAJRgIRCUbQEQlGmxIJRmkT
CUY2FAlGAhUJRtAVCUacFglGaBcJRjUYCUYDGQlG0BkJRpsaCUZoGwlGNRwJRgIdCUbQHQlG
mx4JRmgfCUY1IAlGAiEJRs8hCUacIglGaCMJRjUkCUYCJQlG0CUJRpwmCUZoJwlGNSgJRgMp
CUbQKQlGnCoJRmkrCUY1LAlGAi0JRtAtCUacLglGaC8JRjUwCUYDMQlGzzEJRpwyCUZpMwlG
NTQJRgM1CUbQNQlGmzYJRmg3CUY1OAlGAjkJRtA5CUabOglGaTsJRjU8CUYDPQlG0D0JRps+
CUZoPwlGNkAJRgNBCUbPQQlGm0IJRmhDCUY2RAlGAkUJRtBFCUacRglGaEcJRjZICUYCSQlG
0EkJRpxKCUZoSwlGNUwJRgNNCUbPTQlGm04JRmhPCUY2UAlGA1EJRtBRCUabUglGaFMJRjZU
CUYCVQlG0FUJRpxWCUZoVwlGNlgJRgJZCUbQWQlGnFoJRmhbCUY1XAlGAl0JRs9dCUabXglG
aF8JRjVgCUYCYQlG0GEJRptiCUZoYwlGNmQJRgNlCUbQZQlGnGYJRmhnCUY1aAlGA2kJRs9p
CUabaglGaWsJRjVsCUYCbQlGz20JRptuCUZobwlGNXAJRgJxCUbPcQlGnHIJRmhzCUY1dAlG
AnUJRs91CUabdglGaHcJRjV4CUYCeQlG0HkJRpt6CUZoewlGNXwJRgJ9CUbPfQlGm34JRml/
CUY2gAlGA4EJRtCBCUacgglGaYMJRjWECUYChQlGz4UJRpuGCUZphwlGNYgJRgOJCUbQiQlG
nIoJRmiLCUY1jAlGA40JRs+NCUacjglGaI8JRjaQCUYCkQlGz5EJRpySCUZokwlGNZQJRgOV
CUbPlQlGm5YJRmmXCUY1mAlGA5kJRs+ZCUacmglGaZsJRjWcCUYCnQlG0J0JRpueCUZonwlG
NaAJRgOhCUbPoQlGm6IJRmmjCUY2pAlGAqUJRtClCUabpglGaacJRjWoCUYDqQlGz6kJRpyq
CUZoqwlGNqwJRgKtCUbQrQlGm64JRmivCUY1sAlGArEJRs+xCUabsglGabMJRjW0CUYCtQlG
z7UJRpu2CUZotwlGNrgJRgK5CUbQuQlGm7oJRmi7CUY1vAlGAr0JRs+9CUacvglGab8JRjbA
CUYCwQlG0MEJRpvCCUZowwlGNcQJRgPFCUbQxQlGm8YJRmjHCUY2yAlGAskJRs/JCUacyglG
aMsJRjXMCUYCzQlGz80JRpvOCUZozwlGNdAJRgLRCUbP0QlGnNIJRmjTCUY11AlGA9UJRtDV
CUab1glGadcJRjbYCUYC2QlG0NkJRpvaCUZo2wlGNtwJRgPdCUbQ3QlGm94JRmjfCUY14AlG
AuEJRtDhCUab4glGaOMJRjXkCUYC5QlG0OUJRpvmCUZo5wlGNegJRgPpCUbP6QlGnOoJRmnr
CUY27AlGAu0JRs/tCUac7glGae8JRjbwCUYC8QlG0PEJRpvyCUZo8wlGNvQJRgP1CUbQ9QlG
m/YJRmj3CUY1+AlGAvkJRs/5CUac+glGaPsJRjX8CUYC/QlGz/0JRpv+CUZo/wlGNgAKRgMB
CkbPAQpGmwIKRmkDCkY1BApGAgUKRs8FCkabBgpGaAcKRjYICkYDCQpGzwkKRpsKCkZoCwpG
NgwKRgINCkbPDQpGmw4KRmgPCkY2EApGAhEKRs8RCkabEgpGaBMKRjUUCkYCFQpG0BUKRpsW
CkZpFwpGNhgKRgIZCkbQGQpGnBoKRmobCkY1HApGAh0KRs8dCkabHgpGaB8KRjUgCkYCIQpG
0CEKRpwiCkZoIwpGNSQKRgIlCkbPJQpGnCYKRmgnCkY2KApGAikKRs8pCkabKgpGaCsKRjUs
CkYDLQpG0C0KRpsuCkZoLwpGNjAKRgMxCkbPMQpGnDIKRmgzCkY2NApGAzUKRs81CkacNgpG
aDcKRjU4CkYCOQpGzzkKRps6CkZoOwpGNjwKRgM9CkbPPQpGmz4KRmg/CkY1QApGAkEKRs9B
CkacQgpGaEMKRjVECkYCRQpGz0UKRptGCkZoRwpGNkgKRgNJCkbPSQpGm0oKRmhLCkY2TApG
A00KRtBNCkabTgpGaE8KRjVQCkYCUQpG0FEKRpxSCkZoUwpGNlQKRgJVCkbPVQpGnFYKRmhX
CkY2WApGA1kKRtBZCkabWgpGaFsKRjZcCkYDXQpGz10KRpteCkZoXwpGNWAKRgJhCkbPYQpG
m2IKRmhjCkY2ZApGAmUKRtBlCkabZgpGaWcKRjdoCkYCaQpG0GkKRptqCkZoawpGNWwKRgNt
CkbPbQpGm24KRmhvCkY1cApGA3EKRs9xCkabcgpGaHMKRjV0CkYCdQpGz3UKRpt2CkZodwpG
NngKRgJ5CkbPeQpGnHoKRml7CkY2fApGAn0KRs99CkacfgpGaH8KRjaACkYCgQpG0IEKRpuC
CkZpgwpGNYQKRgKFCkbPhQpGm4YKRmiHCkY1iApGAokKRs+JCkacigpGaIsKRjWMCkYDjQpG
0I0KRp2OCkZojwpGNpAKRgKRCkbQkQpGm5IKRmiTCkY2lApGApUKRs+VCkablgpGaJcKRjaY
CkYDmQpG0JkKRpyaCkZomwpGNZwKRgKdCkbPnQpGm54KRmifCkY2oApGAqEKRtChCkacogpG
aaMKRjakCkYDpQpG0KUKRpumCkZppwpGNqgKRgOpCkbPqQpGnKoKRmirCkY1rApGA60KRtCt
CkacrgpGaa8KRjWwCkYCsQpG0LEKRpuyCkZpswpGNrQKRgO1CkbPtQpGnLYKRmi3CkY1uApG
A7kKRs+5CkacugpGabsKRjW8CkYCvQpG0L0KRpu+CkZovwpGNcAKRgLBCkbPwQpGm8IKRmjD
CkY1xApGAsUKRs/FCkacxgpGaMcKRjbICkYDyQpG0MkKRpvKCkZoywpGNswKRgLNCkbPzQpG
m84KRmjPCkY20ApGAtEKRtDRCkab0gpGadMKRjbUCkYD1QpGz9UKRpzWCkZo1wpGNdgKRgLZ
CkbP2QpGm9oKRmjbCkY13ApGAt0KRs/dCkac3gpGaN8KRjbgCkYD4QpG0OEKRpziCkZo4wpG
NuQKRgLlCkbQ5QpGm+YKRmjnCkY26ApGAukKRs/pCkab6gpGaOsKRjbsCkYC7QpGz+0KRpvu
CkZp7wpGNvAKRgPxCkbP8QpGm/IKRmjzCkY29ApGAvUKRs/1Ckab9gpGaPcKRjb4CkYC+QpG
z/kKRpv6CkZp+wpGNvwKRgP9CkbP/QpGm/4KRmj/CkY2AAtGAwELRtABC0abAgtGaAMLRjUE
C0YDBQtGzwULRpsGC0ZpBwtGNggLRgMJC0bQCQtGnAoLRmkLC0Y2DAtGAw0LRtANC0abDgtG
aA8LRjYQC0YCEQtG0BELRpsSC0ZoEwtGNhQLRgIVC0bQFQtGmxYLRmgXC0Y1GAtGAxkLRs8Z
C0abGgtGaRsLRjUcC0YCHQtG0B0LRpseC0ZoHwtGNSALRgIhC0bPIQtGmyILRmgjC0Y2JAtG
AyULRs8lC0abJgtGaScLRjUoC0YCKQtGzykLRpsqC0ZoKwtGNiwLRgItC0bPLQtGnC4LRmkv
C0Y2MAtGAjELRs8xC0abMgtGaDMLRjU0C0YCNQtG0DULRpw2C0ZoNwtGNTgLRgI5C0bPOQtG
mzoLRmk7C0Y1PAtGAj0LRs89C0abPgtGaD8LRjVAC0YDQQtGz0ELRpxCC0ZpQwtGNkQLRgNF
C0bQRQtGnEYLRmhHC0Y1SAtGA0kLRs9JC0acSgtGaEsLRjVMC0YCTQtG0E0LRptOC0ZoTwtG
NVALRgNRC0bPUQtGm1ILRmhTC0Y1VAtGA1ULRs9VC0acVgtGaFcLRjVYC0YCWQtGz1kLRpta
C0ZpWwtGNVwLRgJdC0bQXQtGnF4LRmhfC0Y2YAtGA2ELRs9hC0abYgtGaWMLRjVkC0YDZQtG
z2ULRpxmC0ZpZwtGNWgLRgJpC0bQaQtGm2oLRmhrC0Y2bAtGAm0LRs9tC0abbgtGaG8LRjVw
C0YDcQtG0HELRptyC0ZpcwtGNXQLRgJ1C0bQdQtGnHYLRmh3C0Y2eAtGAnkLRs95C0abegtG
aHsLRjV8C0YCfQtGz30LRpt+C0ZpfwtGPYALRgKBC0bPgQtGnIILRmiDC0Y2hAtGAoULRs+F
C0abhgtGaIcLRjWIC0YDiQtG0IkLRpuKC0ZpiwtGNowLRgKNC0bPjQtGm44LRmiPC0Y2kAtG
ApELRs+RC0abkgtGaJMLRjaUC0YClQtGz5ULRpuWC0ZplwtGNpgLRgKZC0bPmQtGm5oLRmib
C0Y2nAtGA50LRs+dC0abngtGaZ8LRjWgC0YCoQtGz6ELRpyiC0ZoowtGNqQLRgOlC0bPpQtG
naYLRminC0Y2qAtGAqkLRs+pC0acqgtGaKsLRjWsC0YCrQtG0K0LRpuuC0ZorwtGNrALRgOx
C0bPsQtGm7ILRmizC0Y1tAtGArULRtC1C0abtgtGabcLRjW4C0YDuQtGz7kLRpu6C0ZpuwtG
NrwLRgK9C0bQvQtGm74LRmi/C0Y2wAtGAsELRs/BC0abwgtGaMMLRjXEC0YDxQtGz8ULRpvG
C0ZoxwtGNcgLRgLJC0bQyQtGm8oLRmjLC0Y2zAtGAs0LRs/NC0abzgtGaM8LRjbQC0YC0QtG
0NELRpvSC0Zp0wtGNdQLRgLVC0bP1QtGnNYLRmjXC0Y32AtGAtkLRs/ZC0ab2gtGadsLRjXc
C0YC3QtGz90LRpveC0Zo3wtGNuALRgLhC0bP4QtGm+ILRmnjC0Y25AtGAuULRs/lC0ab5gtG
aecLRjXoC0YD6QtG0OkLRpvqC0Zp6wtGNuwLRgLtC0bP7QtGm+4LRmnvC0Y18AtGAvELRtDx
C0ab8gtGafMLRjb0C0YD9QtGz/ULRpv2C0Zo9wtGNvgLRgL5C0bP+QtGnPoLRmn7C0Y2/AtG
Av0LRs/9C0ab/gtGaP8LRjYADEYCAQxGzwEMRpsCDEZpAwxGNQQMRgIFDEbQBQxGnAYMRmkH
DEY2CAxGAgkMRtAJDEacCgxGaQsMRjUMDEYCDQxGzw0MRpsODEZoDwxGNRAMRgMRDEbPEQxG
mxIMRmgTDEY1FAxGAhUMRtAVDEabFgxGaRcMRjUYDEYCGQxG0BkMRpwaDEZpGwxGNRwMRgId
DEbPHQxGnB4MRmkfDEY1IAxGAyEMRs8hDEabIgxGaCMMRjUkDEYDJQxGzyUMRpwmDEZoJwxG
NSgMRgIpDEbPKQxGmyoMRmkrDEY2LAxGAi0MRtAtDEabLgxGaS8MRjYwDEYCMQxGzzEMRpwy
DEZpMwxGNTQMRgI1DEbPNQxGmzYMRmg3DEY2OAxGAjkMRs85DEabOgxGaDsMRjU8DEYCPQxG
zz0MRpw+DEZoPwxGNUAMRgNBDEbQQQxGm0IMRmpDDEY1RAxGAkUMRs9FDEabRgxGaEcMRjZI
DEYCSQxG0EkMRptKDEZoSwxGNUwMRgNNDEbPTQxGm04MRmlPDEY1UAxGAlEMRs9RDEacUgxG
aVMMRjVUDEYDVQxGz1UMRptWDEZoVwxGNVgMRgJZDEbPWQxGm1oMRmhbDEY1XAxGA10MRtBd
DEabXgxGaV8MRjVgDEYDYQxGz2EMRptiDEZoYwxGNmQMRgJlDEbPZQxGm2YMRmhnDEY2aAxG
AmkMRs9pDEacagxGaGsMRjVsDEYDbQxGz20MRpxuDEZobwxGNnAMRgNxDEbPcQxGm3IMRmhz
DEY1dAxGA3UMRs91DEabdgxGaHcMRjZ4DEYCeQxG0HkMRpx6DEZoewxGNXwMRgJ9DEbPfQxG
m34MRmh/DEY1gAxGAoEMRtCBDEabggxGaIMMRjaEDEYChQxGz4UMRpyGDEZohwxGNogMRgKJ
DEbPiQxGnIoMRmiLDEY1jAxGAo0MRs+NDEacjgxGaI8MRjaQDEYCkQxGz5EMRpySDEZpkwxG
NpQMRgKVDEbPlQxGm5YMRmiXDEY2mAxGA5kMRs+ZDEacmgxGapsMRjWcDEYCnQxGz50MRpue
DEZpnwxG</AssayXData><AssayYData Points="1500">NGG0QMhttEC/O7RANGO0QJ4ytECTN7RAcge0QCk5tECfIrRAjSW0QAtUtEBBPbRAujW0QJVF
tEAJXLRA7hq0QFJdtEA4PLRA8zO0QKRLtEBXUrRAwES0QBA9tEDwX7RAbC+0QI5UtECaTrRA
Dy60QB1utECdUbRAYWC0QPM2tEDOdrRA8mu0QJVMtEDwZbRAV1i0QANktEAMcrRACpy0QEAs
tEAlcbRApIa0QEVEtED2U7RAqXy0QM5NtECKRrRA7W20QINRtEDAYrRA7GS0QNNjtEA8drRA
7me0QFuDtED+ZLRAv5C0QOtbtEA0YLRA+oO0QN+KtEA6dbRAsja0QFN4tEDdlrRA6z+0QG2F
tECIa7RAlYG0QK5dtEBVdbRA5IW0QLdUtEA0jrRAq0+0QP9mtEDwWbRAIXO0QG2ZtEDcarRA
u4S0QNxjtEAkZ7RANGu0QPSitEDYirRAQou0QKJvtECMdLRALpK0QHKDtEBnibRAzYy0QN11
tECSlbRAcJ20QNl3tED9fLRAu4e0QOhitEDWd7RAqKS0QJJ+tEBKhbRAY3W0QLGAtEAYcbRA
Em+0QIactEAyaLRAkX20QD2BtECVcrRA9He0QK1/tECQkLRAZF60QM6NtEAge7RAo4+0QOWB
tEAbebRAylq0QEa/tEAVmrRAxoe0QEGTtEC4c7RA2HG0QEV+tECmmbRAP5i0QKx+tEDhlbRA
+4y0QENutEDwwbRAcHW0QK+TtECYlLRAUqu0QIBbtEB3jbRAEH+0QO2EtECZfbRAT6y0QL+C
tEB6j7RAmYq0QCp8tEAngrRAqoO0QF2ItEB5erRAiqO0QO2MtECTlrRAIJW0QI2ytEDRobRA
8420QAqrtEB1prRAzlq0QIaktEBdpLRAj5K0QPektEC3frRAlKq0QN13tECEzbRAXHq0QJKI
tEDdkLRAAY60QN5etEAQl7RAiJC0QCeztEBwp7RAon60QHOUtEAltLRAzaC0QHmutEBpdrRA
D7W0QJeStEAnl7RAWHW0QPhvtEDhfrRAxIu0QKiatEAprrRADZK0QIyGtECdjrRAY6K0QAea
tEDjh7RAvZq0QEG0tEAUmbRAVYa0QLHPtECQu7RAfKe0QEXMtECOn7RAvbm0QI3otEDklbRA
4n60QF+dtEAenLRAr5q0QPnItEAho7RAgcq0QPictEACl7RA5oq0QGOqtEA5q7RAIJm0QOij
tEBorrRA56C0QPWStEDfvLRAQZC0QAORtEBCjbRARn+0QCuttECmsrRA2c20QBCVtEDwn7RA
BKi0QG6QtECqp7RApqi0QBhttEARp7RAN7e0QEeptECMt7RAGr+0QFOjtEBrp7RA5LC0QEWP
tEAXwbRAzo+0QNbAtEDifLRAuJ20QGurtEBvq7RAlKu0QJGotEAqkLRAYrK0QCTutECPobRA
usi0QIuwtEDhsLRA8rW0QOfAtEB2q7RAf460QHW9tEDPv7RAN7a0QF23tECsk7RAknS0QGCb
tEBGqrRAnJa0QKCAtEB3x7RALbW0QPyhtEBRqrRAEti0QGWatEBi0rRA76y0QIOetEDft7RA
+LW0QCa1tEBz1LRA89i0QJy6tECzpLRAKb+0QJSvtEBqrLRAaKq0QLGotEBfsbRAstC0QMfh
tEBNvrRAULi0QAnFtEDpubRAe720QBq5tEDpqLRA+8m0QJuztEB1j7RAiKu0QEXStEAlqbRA
B7u0QHXPtEDhoLRAfMW0QDjItEBLubRAEK20QNa6tECCxbRAPqK0QN/DtEDg17RA6qi0QDCx
tEAaybRAqYW0QCzbtEDBtLRAoJS0QF61tEBj5LRAzr+0QEfatEC42LRAWdC0QHKdtEBQg7RA
oPG0QFvAtEANjbRAI9y0QEmwtEC6mLRAcdi0QILOtEC0pLRARqi0QKyqtECvy7RAx760QBvw
tEDqw7RAb5O0QDfUtEBfzrRAecO0QObvtEC9vrRAjZe0QFHhtEBNw7RAibu0QLHttEDCvLRA
2du0QOa1tEDW9LRA8ty0QCKitECQ47RAnd60QBmgtEAD8rRAbNC0QD+StEAa4LRA1de0QIK+
tEC2vrRAhK+0QPS/tECw0bRAddG0QADItECk1rRA/+e0QGy7tEB8ybRAre60QHyntEA06bRA
zOO0QPuvtECfwLRAIeK0QLbmtEBcqLRAova0QFrwtECQvbRAmPW0QFm6tEClsbRAs7G0QNTy
tEAr17RAGsS0QFvhtEC4ALVAF8G0QLvqtEAnybRAN9G0QPPmtEC23rRAHty0QFv3tEAmvLRA
YrC0QKLrtEDNvrRAZNC0QG/jtEAe07RAmr+0QEDetEB557RAysS0QGDAtEAK77RAb/G0QGTU
tEBg6LRAp9S0QP23tEBex7RAMua0QEnMtEBnzrRA5tW0QG7gtEDhz7RAcNq0QMvTtEBas7RA
a820QMHatEAKybRAetO0QHLRtEAHsLRAceG0QMzttEBh3bRAXNy0QI/LtEA41rRAaNa0QNEA
tUDr5rRAOOe0QMPktEA957RAVsS0QGbktEDj2rRAAPy0QHjotECe67RALt20QIH2tECp9LRA
aOG0QFvTtEAfCLVAYrm0QEvmtECC7rRAaNW0QDXmtEBm8bRA0+u0QCv4tEAq6rRAKAK1QA3e
tEDY27RACdO0QK3StEDf3bRAX+u0QJf+tECR2rRASAm1QLrttEBf8LRAa/m0QJLutEDs67RA
/tu0QH8YtUCS+bRA6wO1QNDntEDU97RA9NC0QOoOtUBh2bRANQi1QO3gtECz8LRAEcO0QCu9
tEC3CLVAJM60QOPvtEAm6rRAsdm0QLDktEAT27RAbti0QG/ltEDE5rRAZ+q0QI3ttECpA7VA
9eW0QHjftEB77rRAY+W0QE8AtUCZBbVAigC1QP30tEBZDLVA+vi0QAnTtEDHD7VA+PS0QFP0
tEARyLRAOPu0QN7UtECODrVAGbS0QNPmtED13LRAGPC0QGHntEAN8bRAhPe0QKv8tEBC3rRA
Kfq0QF/7tEAM9rRANP20QJwAtUC567RAzhO1QOUQtUCdBLVAkOe0QED0tECh7LRAi+e0QMAS
tUD23bRAcwS1QBA1tUCiGbVAb7+0QKfKtEC+M7VAvsm0QEkrtUA4/rRApfy0QDXUtEDZEbVA
x960QNfRtEB85rRAXwG1QEjxtEA+/7RAKQG1QLTGtED/BLVA0xC1QPm6tEDAJbVAJiC1QO72
tEB3DbVAkBa1QDrttEBb97RAhwW1QDgntUAD4LRAkAO1QJwCtUBK3bRA6gu1QEMAtUC02bRA
X+e0QGMetUB5/LRAq/u0QJI1tUDNCrVA1gO1QL4PtUCx9bRAgRS1QE8RtUCi/rRAI+e0QHQ9
tUBmJ7VAfv60QP8CtUBkLrVAk/K0QA0utUAqK7VA1A21QLUPtUAw+bRA7hS1QJ8otUCnILVA
7Bq1QPzctEBGCLVA3BO1QCbgtEAFHLVAshC1QIkWtUCXDLVAjw+1QOgItUCDC7VA4Ai1QDj9
tEAH9bRAVQy1QJDmtEDcGrVAeQy1QMP/tEDzNLVAaBu1QGMAtUB+GLVAmCm1QIMdtUCTJbVA
9v60QAYrtUBg/LRA4iu1QLBAtUBkHLVAYhm1QOYstUDzLLVAyQC1QPYdtUDdM7VAwO20QHkt
tUDZO7VAeCq1QOgdtUDcIrVAcxu1QJsItUDxGrVA3QG1QJcjtUD/UrVAHCS1QM4DtUBYKbVA
xC+1QGQjtUACILVAYii1QKoNtUDJHrVA6/y0QA4TtUBJM7VACBy1QC0jtUBy+rRANCe1QAEk
tUD8IbVArw21QDw2tUDe8bRARiW1QDgvtUBDCLVAWBu1QJE+tUAaDbVAkUm1QOortUANB7VA
OhG1QE8itUCHGbVAcgu1QKkztUCXDLVA5v60QNcytUBCArVACw21QOP6tEAlJbVAKwy1QOUi
tUB2EbVAIh21QEr/tEBaTrVA4BG1QB0ltUAyFrVABg21QJMctUCAObVAEyG1QFwntUARLbVA
Lki1QFM+tUCAIbVAkly1QEATtUCHO7VANTC1QEH9tEAAPbVAPiG1QIz4tEAjGrVA8EG1QB0R
tUD3JrVAvF21QLtCtUDh9rRARgK1QEcdtUD1DrVATzu1QMdGtUAJL7VAFSy1QDI2tUBWI7VA
ty61QG0YtUBaKLVAKyq1QPFItUBAH7VALT21QLYytUCNHLVAThO1QCw4tUARJLVA0CW1QM0q
tUDFJ7VAiS21QBpAtUAZcrVAUx21QPUPtUB7KbVAGEK1QBRKtUD+L7VAyRi1QBQftUCKIbVA
ajO1QB89tUC9RrVAaC61QAhEtUCmJLVAIDi1QLIxtUCQN7VAAzi1QDNOtUDc8bRA4zq1QIov
tUAJVLVAOjO1QFkrtUDPDLVA4xu1QExFtUB4BrVA5Cq1QKcutUC9HbVAHlm1QFUttUAJJ7VA
myy1QEkrtUCZUrVACjC1QHo/tUAXObVAlCm1QOc9tUDFULVAQjW1QKo2tUAtYLVAJhe1QLww
tUChU7VAJzO1QOg5tUAaN7VA11O1QFojtUDfS7VAA1y1QGFDtUDVSbVAyzW1QGZGtUAUKbVA
sEG1QMIptUDRU7VAeT+1QCEptUBkSbVAsFW1QOcMtUCLPbVALz21QDxDtUAqH7VANkK1QGA5
tUDjQrVAFUy1QIs0tUC6N7VA5jS1QLY1tUDNQLVAZ0i1QHxYtUACNLVA9DS1QKRJtUA5ZbVA
kjq1QGZMtUBYV7VAF2S1QPlNtUBqVbVAzDG1QP0rtUA/PLVA4za1QE1ItUCWd7VAvEu1QEdI
tUCSXLVAOVC1QOZQtUAhUrVAnUW1QOQ4tUAcSrVAtXi1QPwptUBEWLVA6121QJw4tUATWLVA
MEa1QNcetUBHR7VAE2W1QEFRtUBSXLVApU61QLc3tUAd+rRAME+1QAFAtUAFObVAb0a1QG5N
tUA1W7VA+GO1QCY0tUDmN7VApT61QNQ8tUCearVAGT61QNVbtUBBOrVA6i21QCJftUCTU7VA
Bja1QElbtUC3abVARE+1QEeDtUCFQ7VApiu1QD88tUC2YbVAZFu1QDs5tUBHeLVAhUK1QHdE
tUAZQLVAi1u1QN5AtUCjabVA/1y1QKlFtUA/Y7VAD3S1QJhktUAiTbVAXEq1QHU1tUALRLVA
2I+1QPtBtUC5b7VAXWi1QKF1tUBrNrVAimG1QFVAtUCzNbVAXki1QC9ytUC2XLVAIlW1QNpn
tUD2NbVAEG61QIpYtUAfUbVAd2a1QHNPtUA2VrVAyVe1QI45tUCFcrVA1WW1QBV0tUBFWrVA
e2m1QBJqtUA0cbVAtRS1QGdMtUBXYLVAzUu1QLRwtUB2fbVAuUG1QL89tUC8TrVAmIa1QK04
tUB5PbVABn+1QEpVtUBDebVASH61QAZItUAfRbVAnGG1QK12tUAEXrVAP2W1QKIQtUDyUrVA
/U61QFFItUBPTbVARYC1QM57tUA1LrVAD3u1QAFZtUC4PLVA1ne1QH5dtUAcXrVA6ly1QHtb
tUAeOrVAGXO1QB15tUCsMbVAm1+1QNlWtUBeW7VAvUS1QN9ntUDCW7VAnSm1QCxAtUClhrVA
UmO1QPZetUAHVbVAYVa1QMlvtUCzd7VARHm1QD5OtUDqdLVAUXi1QKNltUArXLVA+G21QKlr
tUCwabVAPlm1QOldtUD3cbVAgXm1QK54tUCodLVAk1e1QAVrtUCJOrVAI4a1QDJHtUBTQrVA
pnO1QHaItUCvT7VAo1W1QNhwtUCeWLVARle1QC93tUCVWbVAymG1QBKFtUAMYLVAkku1QN6e
tUAhQLVAiX+1QLJhtUBla7VA72W1QF5ptUAMY7VApG21QCpHtUA2hbVA3XC1QMx5tUDUUrVA
3n61QIhdtUBcYbVA5Wu1QMNqtUDIdLVAS3e1QIFTtUC1YLVAoHC1QMFptUCNcrVAMn21QOZ8
tUBTebVAs4W1QIhHtUCtXrVAsoq1QKZVtUAYX7VA/YW1QHVutUA4brVAjnW1QC9ttUCCebVA
2pG1QJmEtUClYLVAplS1QKBmtUDZeLVArX+1QEJXtUAXarVAfmO1QCmftUCwibVA61y1QCOL
tUAgZLVAgJm1QBajtUB3aLVAqo21QLtxtUBDZrVAqlS1QOBvtUCvoLVAHHi1QEKNtUDrgbVA
0Xe1QN5etUBudLVAc5G1QPF+tUBDhrVACWe1QKFktUDzfbVAZJy1QGZytUAiZrVAeIG1QKRh
tUDDgLVAinG1QIuStUCFgbVAb5W1QNp5tUAKbLVADIW1QD6YtUBRorVA6lq1QHeJtUDdZ7VA
QpC1QKONtUDxYLVAOma1QBiNtUA6cLVAb2S1QGuGtUB8bbVAMXW1QPSQtUBRgrVA/E21QLKF
tUABhLVAeYa1QPB7tUAVl7VA31+1QNpKtUAperVAIHW1QMKLtUBbYrVAYI21QG9ptUAsfbVA
hGm1QAChtUALhLVAc2u1QMp5tUAksLVAVKO1QMaHtUDndbVAH4y1QPxktUBRdrVAzqK1QL2f
tUDjj7VAGoC1QBV1tUBie7VA+4C1QKB7tUAihrVA4La1QPqKtUCEgLVAxpq1QIB+tUAGd7VA
JJC1QAV6tUD3frVAI5W1QJWbtUBzirVAH2m1QACitUCgirVAimC1QN6otUDRobVAfYq1QJCC
tUBifLVALJa1QBRutUDbmLVAvYi1QBuVtUBrn7VAr4i1QGNjtUBWqLVA+561QO6UtUC3zLVA
8Yq1QIRhtUAEmLVADri1QMSOtUB/qrVA+KO1QGiHtUCTfLVAYZC1QF+utUCuobVA75i1QBGU
tUDWk7VAeIS1QAWXtUChZbVA4Z+1QHOVtUAAlLVAELW1QDyVtUCGcrVAuKi1QHuDtUAOo7VA
T5O1QGCTtUBaqLVAMnW1QGWMtUCqtbVA2IW1QMmmtUCQnrVARZC1QAidtUBdibVADZe1QHOV
tUBVoLVAUZ61QI6StUAqsrVAPLS1QNqRtUDXpbVA36m1QPmItUDgt7VAwKa1QDG6tUAHjLVA
Cqm1QLJltUDIr7VAEJa1QIaCtUB4y7VADKy1QKWztUC7g7VAt7i1QLSJtUCseLVAJJq1QLmT
tUAvnbVAQKW1QNuatUBVibVAL7e1QObQtUCajrVAAqe1QFiItUBzg7VAgJy1QI+btUBTrLVA
J5i1QEiwtUAhjbVAX6e1QOSstUBBxbVAT6i1QEymtUCwxLVAaXu1QA+ZtUBXprVAKLC1QNa2
tUADoLVA0Km1QMKctUAQn7VAHqq1QNuqtUC5xLVANqC1QGqTtUB9wrVA+py1QK2htUCbtrVA
1am1QEeQtUBEpbVApLW1QJGOtUAbprVAbZC1QMGqtUDYrLVAt7W1QEuetUAUnbVAdb+1QAXH
tUCAr7VAK7W1QJzStUDKl7VA3re1QHW/tUCKwbVAgqG1QC+6tUBvmbVAxbe1QDWUtUDxj7VA
srq1QA+YtUD5j7VAvbO1QBW3tUCf0rVAXMm1QK6ztUBXobVAx6m1QCagtUAXtrVAPLq1QOKz
tUDcx7VAMKu1QKm6tUA12LVAZJ21QKGftUBLxbVAera1QKfctUAaorVAgai1QKu7tUAMprVA
ebC1QFeJtUCivrVA0si1QGm6tUBrtbVAm7e1QM+xtUAKqbVAOba1QKWPtUAMrLVAobm1QOXM
tUBIoLVASby1QOW3tUBhoLVALMu1QBXOtUDelrVAsKu1QGGptUA1prVAbNK1QGjKtUC52bVA
s6K1QMuxtUBurLVAZb+1QCictUD87rVAiKG1QPq5tUBfy7VAEbK1QOW6tUCQubVAYKm1QDWw
tUAi37VAnMq1QEG6tUCLm7VAqNG1QGqltUCMwbVAINy1QOa+tUDLlrVAuNK1QE7GtUCZwrVA
4sa1QEyptUAIvLVA2dq1QHbDtUANuLVA8NO1QDS9tUAb37VA5621QNvWtUB5wrVA1O61QJu2
tUAawrVA</AssayYData></Step></KineticsData></ExperimentResults>
