<?xml version="1.0" encoding="UTF-8" standalone="yes"?>
<ExperimentResults><ExperimentInfo Name="OE292"><ExpDescription>AHC example method_screening with one Analyte_384 well plate
64 capture antibodies with Analyte at one concentration_no reference channel</ExpDescription><RTDVersion>2.0</RTDVersion><RunID>24F06473-F6D3-4D98-A1F9-0B1F7EF644AC</RunID><ExperimentType>KINETICS</ExperimentType><ExperimentSubType>KBASIC</ExperimentSubType><StartDateTime>2025-10-13T15:18:17</StartDateTime><MachineName>F4G0FZ3</MachineName><UserName>octet</UserName><LotNumber></LotNumber><PlateName>251013</PlateName><PlateName2></PlateName2><SensorName>F11</SensorName><SensorPlate>1</SensorPlate><SensorType>AHC (Anti-hIgG Fc Capture)</SensorType><SensorRole>LIGAND</SensorRole><SensorInfo></SensorInfo><WritingSW>OctetBLIDiscovery.exe 13.0.3.26</WritingSW><InstrumentType>OctetRED384</InstrumentType><InstrumentSerial>FB-20855</InstrumentSerial><InstrumentFW></InstrumentFW><IntegrationTime>3.3</IntegrationTime><DSPType>CPF</DSPType><HasManifest>1</HasManifest><InfoHash>244724468</InfoHash></ExperimentInfo><AssayParamsInfo/><KineticsData><Step><CommonData><SampleLocation>5</SampleLocation><SampleID>Glycine</SampleID><SampleGroup></SampleGroup><SampleInfo></SampleInfo><SampleRow>L</SampleRow><SamplePlate>1</SamplePlate><WellType>REGENERATION</WellType><Concentration>-1</Concentration><ConcentrationUnits>µg/ml</ConcentrationUnits><MolarConcentration>-1</MolarConcentration><MolarConcUnits>nM</MolarConcUnits><MolecularWeight>0</MolecularWeight><Temperature>30.1</Temperature><StartTime>0</StartTime><AssayTime>5</AssayTime></CommonData><FlowRate>1000</FlowRate><StepType>KREGENERATION</StepType><StepName>Regeneration</StepName><StepStatus>OK</StepStatus><ActualTime>5</ActualTime><CycleTime>0.2</CycleTime><AssayXData Points="25">AAAAAM3MTD7NzMw+I9sZP83MTD8AAIA/mpmZPzMzsz+R7cw/ZmbmP2IQAEDNzAxAmpkZQMl2
JkAzMzNAAABAQM3MTECamVlAZmZmQJZDc0AAAIBAZmaGQM3MjEAzM5NAmpmZQA==</AssayXData><AssayYData Points="25">AAAAADsSGr7QU4C+h0yjvqH9xb4Em+G+AYP9vkiNB79hIBS/mMkdv59sJ7/2PjC/8k04v/nq
Pr+bMUa/Z6pNvzGeVL8TJlq/vUpfv2eRZb/5FWq/O3BvvzRFc7+KK3e/4dF8vw==</AssayYData></Step><Step><CommonData><SampleLocation>6</SampleLocation><SampleID>PBS</SampleID><SampleGroup></SampleGroup><SampleInfo></SampleInfo><SampleRow>L</SampleRow><SamplePlate>1</SamplePlate><WellType>NEUTRALIZATION</WellType><Concentration>-1</Concentration><ConcentrationUnits>µg/ml</ConcentrationUnits><MolarConcentration>-1</MolarConcentration><MolarConcUnits>nM</MolarConcUnits><MolecularWeight>0</MolecularWeight><Temperature>30</Temperature><StartTime>44141</StartTime><AssayTime>5</AssayTime></CommonData><FlowRate>1000</FlowRate><StepType>KREGENERATION</StepType><StepName>Regeneration</StepName><StepStatus>OK</StepStatus><ActualTime>5</ActualTime><CycleTime>0.2</CycleTime><AssayXData Points="25">AACgQGZmpkD+1KxAMzOzQJqZuUAAAMBAZmbGQM3MzEAzM9NAy6HZQAAA4EBmZuZAzczsQDMz
80DLoflAAAAAQTMzA0FmZgZBsp0JQebQDEEAABBBTDcTQdv5FkGamRlBzcwcQQ==</AssayXData><AssayYData Points="25">gTotQL7CLkCkjy9AnrswQMRfMUAFxTFA9KcyQN8FM0CmgDNAjtszQO4TNED+bzRA09Q0QDFE
NUCiUTVAdMQ1QCPFNUAW9zVAgYw2QJJuNkBRajZAYrk2QCQEN0CsFzdApFI3QA==</AssayYData></Step><Step><CommonData><SampleLocation>5</SampleLocation><SampleID>Glycine</SampleID><SampleGroup></SampleGroup><SampleInfo></SampleInfo><SampleRow>L</SampleRow><SamplePlate>1</SamplePlate><WellType>REGENERATION</WellType><Concentration>-1</Concentration><ConcentrationUnits>µg/ml</ConcentrationUnits><MolarConcentration>-1</MolarConcentration><MolarConcUnits>nM</MolarConcUnits><MolecularWeight>0</MolecularWeight><Temperature>30</Temperature><StartTime>57531</StartTime><AssayTime>5</AssayTime></CommonData><FlowRate>1000</FlowRate><StepType>KREGENERATION</StepType><StepName>Regeneration</StepName><StepStatus>OK</StepStatus><ActualTime>5</ActualTime><CycleTime>0.2</CycleTime><AssayXData Points="25">AAAgQUw3I0F/aiZBsp0pQc3MLEEZBDBBMzMzQWZmNkGamTlB5dA8QQAAQEEzM0NBZmZGQZqZ
SUHm0ExBGARQQTMzU0F/alZBmplZQc3MXEEAAGBBMzNjQWZmZkGamWlBzcxsQQ==</AssayXData><AssayYData Points="25">lpY4v1piTr80CGC/4AxlvwJ9br/DEnW/gMF6v+tlf7+6V4K/+w6Ev4RBhb+WkYe/kLWJv4J1
ir92I4y/xGaNv58Fj79kjo+/8vOQv1zPkb/24JK/jbKTvxNLlb9cQJa/PJ6Wvw==</AssayYData></Step><Step><CommonData><SampleLocation>6</SampleLocation><SampleID>PBS</SampleID><SampleGroup></SampleGroup><SampleInfo></SampleInfo><SampleRow>L</SampleRow><SamplePlate>1</SamplePlate><WellType>NEUTRALIZATION</WellType><Concentration>-1</Concentration><ConcentrationUnits>µg/ml</ConcentrationUnits><MolarConcentration>-1</MolarConcentration><MolarConcUnits>nM</MolarConcUnits><MolecularWeight>0</MolecularWeight><Temperature>30</Temperature><StartTime>70971</StartTime><AssayTime>5</AssayTime></CommonData><FlowRate>1000</FlowRate><StepType>KREGENERATION</StepType><StepName>Regeneration</StepName><StepStatus>OK</StepStatus><ActualTime>5</ActualTime><CycleTime>0.2</CycleTime><AssayXData Points="25">AQBwQTQzc0FnZnZBm5l5QebQfEEMAoBBppuBQTMzg0HNzIRBc2iGQQAAiEGamYlBTDeLQc3M
jEFzaI5BAACQQZqZkUEzM5NBzcyUQXNolkEAAJhBmpmZQUA1m0HNzJxBZmaeQQ==</AssayXData><AssayYData Points="25">dMQpQOMKK0A5EixACgEtQLrTLUCuby5ApPwuQDiJL0CU4y9A7nEwQEyHMEBLLjFABTExQLSR
MUCi7zFA91QyQONNMkBvmTJA7aYyQE3SMkD76DJAX0UzQERbM0AepDNAtqczQA==</AssayYData></Step><Step><CommonData><SampleLocation>5</SampleLocation><SampleID>Glycine</SampleID><SampleGroup></SampleGroup><SampleInfo></SampleInfo><SampleRow>L</SampleRow><SamplePlate>1</SamplePlate><WellType>REGENERATION</WellType><Concentration>-1</Concentration><ConcentrationUnits>µg/ml</ConcentrationUnits><MolarConcentration>-1</MolarConcentration><MolarConcUnits>nM</MolarConcUnits><MolecularWeight>0</MolecularWeight><Temperature>30</Temperature><StartTime>84393</StartTime><AssayTime>5</AssayTime></CommonData><FlowRate>1000</FlowRate><StepType>KREGENERATION</StepType><StepName>Regeneration</StepName><StepStatus>OK</StepStatus><ActualTime>5.001</ActualTime><CycleTime>0.2</CycleTime><AssayXData Points="25">AACgQZqZoUEzM6NBzcykQWZmpkEMAqhBppupQUA1q0HNzKxBZmauQQwCsEGambFBQDWzQc3M
tEFmZrZBDAK4QZqZuUEzM7tB2c68QWZmvkEAAMBBmpnBQTMzw0HNzMRBc2jGQQ==</AssayXData><AssayYData Points="25">m4lZv85Hbr/2onm/63mBv+D+g7/G+4a/MMmJv/hVi7+TVoy/s0+Ov5GDj78ZSpG/yUmSv+xu
k78VZJS/GXiVv1Dslr/LhJe/a4qYv1IXmb8uIZq/UiCbvzb9m7/4GZy/Kpacvw==</AssayYData></Step><Step><CommonData><SampleLocation>6</SampleLocation><SampleID>PBS</SampleID><SampleGroup></SampleGroup><SampleInfo></SampleInfo><SampleRow>L</SampleRow><SamplePlate>1</SamplePlate><WellType>NEUTRALIZATION</WellType><Concentration>-1</Concentration><ConcentrationUnits>µg/ml</ConcentrationUnits><MolarConcentration>-1</MolarConcentration><MolarConcUnits>nM</MolarConcUnits><MolecularWeight>0</MolecularWeight><Temperature>30</Temperature><StartTime>97847</StartTime><AssayTime>5</AssayTime></CommonData><FlowRate>1000</FlowRate><StepType>KREGENERATION</StepType><StepName>Regeneration</StepName><StepStatus>OK</StepStatus><ActualTime>5.001</ActualTime><CycleTime>0.2</CycleTime><AssayXData Points="25">DQLIQbOdyUFMN8tB5tDMQXNozkENAtBBp5vRQUA100HaztRBgGrWQRkE2EGnm9lBQDXbQebQ
3EFzaN5BGQTgQbOd4UFANeNB5tDkQYBq5kENAuhBppvpQUw360HazuxBgGruQQ==</AssayXData><AssayYData Points="25">ty0qQHHUK0CAWyxAcEAtQIkTLkAQ6S5A1CgvQMcbMEBvVzBAKoUwQH0aMUDjlDFA9T0xQIa7
MUAPSDJAslMyQIWNMkAawjJAtPoyQKFgM0BKcDNAdsMzQPe9M0DJ4DNAbjg0QA==</AssayYData></Step><Step><CommonData><SampleLocation>1</SampleLocation><SampleID>Octet Buffer</SampleID><SampleGroup></SampleGroup><SampleInfo></SampleInfo><SampleRow>K</SampleRow><SamplePlate>1</SamplePlate><WellType>BUFFER</WellType><Concentration>-1</Concentration><ConcentrationUnits>µg/ml</ConcentrationUnits><MolarConcentration>-1</MolarConcentration><MolarConcUnits>nM</MolarConcUnits><MolecularWeight>0</MolecularWeight><Temperature>30</Temperature><StartTime>112441</StartTime><AssayTime>20</AssayTime></CommonData><FlowRate>1000</FlowRate><StepType>CUSTOM</StepType><StepName>Sensor Check</StepName><StepStatus>OK</StepStatus><ActualTime>20</ActualTime><CycleTime>0.2</CycleTime><AssayXData Points="100">GgTwQcCf8UFZOfNB59D0QYBq9kEmBvhBtJ35QVo5+0Hn0PxBjWz+QQ0CAELazgBCp5sBQnpp
AkJANQNCDQIEQtrOBEKnmwVCc2gGQkY2B0ITAwhC2s4IQqebCUJzaApCQDULQg0CDELazgxC
p5sNQnppDkJANQ9CEwMQQtrOEEKnmxFCc2gSQkA1E0INAhRC2s4UQqebFUJ6aRZCQDUXQhMD
GELazhhCppsZQnppGkJANRtCDQIcQuDPHEKtnB1CdGgeQkA1H0ITAyBC2s4gQq2cIUJ6aSJC
QDUjQg0CJELaziRCrZwlQnRoJkJANSdCEwMoQuDPKEKtnClCdGgqQkA1K0INAixC2s4sQqab
LUJ0aC5CRjYvQhMDMELazjBCppsxQnppMkJANTNCDQI0QuDPNEKmmzVCemk2QkA1N0INAjhC
4M84QqycOUJ0aDpCQDU7QhMDPELgzzxCpps9QnRoPkJANT9CDQJAQtrOQEKmm0FCdGhCQkA1
Q0INAkRC4M9EQqabRUJ0aEZCQDVHQg==</AssayXData><AssayYData Points="100">DoIrQLLAKUCo2idAbvsmQDgsJkBhlyVA4SclQGkDJUAPaSVA0KclQDi6JUDvnCVAGZElQJ8S
JkC7ICZAWWYmQIFqJkAFzSZAoMEmQFDsJkB15iZApD4nQKlyJ0CJRSdAIugnQJdCJ0DmkidA
ZOMnQBX2J0BTOihAeW8oQLYtKEBRbShAdVwoQJJtKEDqkihA17QoQPAIKUCkPilAcykpQEEF
KUDALylALd4oQKeWKUBGLilADIUpQOOoKUDTqilAaHMpQIexKUC+yylAWPApQB0TKkCj0ylA
RgAqQOggKkBE4SlA5C8qQHs+KkAhWSpAhk8qQGQ3KkC9ZipAyl8qQKV6KkCWhSpAjXgqQG/w
KkCDjypAbmoqQKgYK0C0xSpAtQsrQHLbKkCzAStA6MUqQKwGK0DPTStAfVIrQGWRK0ApLitA
FT0rQHg6K0CUeitAVIorQDtyK0BMpitAzVMrQGWkK0DTbCtAYHkrQCuTK0AOjCtAa9srQIXN
K0BCjitACvwrQHzyK0Au2ytAossrQA==</AssayYData></Step><Step><CommonData><SampleLocation>5</SampleLocation><SampleID>SI-157C11_P5158</SampleID><SampleGroup></SampleGroup><SampleInfo></SampleInfo><SampleRow>K</SampleRow><SamplePlate>1</SamplePlate><WellType>KLOAD</WellType><Concentration>5</Concentration><ConcentrationUnits>µg/ml</ConcentrationUnits><MolarConcentration>5000</MolarConcentration><MolarConcUnits>nM</MolarConcUnits><MolecularWeight>0</MolecularWeight><Temperature>30</Temperature><StartTime>141226</StartTime><AssayTime>120</AssayTime></CommonData><FlowRate>1000</FlowRate><StepType>LOADING</StepType><StepName>Loading</StepName><StepStatus>OK</StepStatus><ActualTime>120</ActualTime><CycleTime>0.2</CycleTime><AssayXData Points="600">DQJIQtrOSEKnm0lCc2hKQkA1S0ITA0xC2s5MQqebTUJzaE5CRjZPQg0CUELazlBCrZxRQnpp
UkJGNlNCEwNUQtrOVEKnm1VCc2hWQkY2V0INAlhC2s5YQqebWUJ6aVpCRjZbQhMDXELazlxC
p5tdQnNoXkJANV9CDQJgQtrOYEKtnGFCc2hiQkA1Y0INAmRC2s5kQq2cZUJzaGZCQDVnQg0C
aELazmhCpptpQnppakJANWtCDQJsQtrObEKtnG1CemluQkA1b0INAnBC2s5wQq2ccUJ0aHJC
RjZzQg0CdELgz3RCppt1QnRodkJGNndCDQJ4QuDPeEKmm3lCeml6QkA1e0ITA3xC4M98Qqab
fUJ0aH5CRjZ/QgYBgELwZ4BCVs6AQr00gUKgmoFCBgGCQm1ngkJWzoJCvTSDQqCag0KKAYRC
bWeEQlbOhEI6NIVCoJqFQgYBhkJtZ4ZC082GQr00h0KgmodCBgGIQm1niELTzYhCOjSJQqCa
iUKKAYpC8GeKQtPNikI6NItCoJqLQgYBjEJtZ4xC082MQjo0jUKgmo1CBgGOQm1njkJWzo5C
OjSPQiObj0IGAZBC8GeQQtPNkEI6NJFCoJqRQgYBkkLwZ5JCVs6SQjo0k0KgmpNCigGUQm1n
lELTzZRCvTSVQqCalUIGAZZCbWeWQtPNlkK9NJdCoJqXQgYBmELwZ5hC082YQr00mUKgmplC
BgGaQm1nmkJWzppCOjSbQiObm0KKAZxCbWecQtPNnEI6NJ1CI5udQooBnkLwZ55C082eQjo0
n0Ijm59CigGgQvBnoEJWzqBCOjShQqCaoUKKAaJC8GeiQlbOokI6NKNCoJqjQooBpEJtZ6RC
1M2kQjo0pUIjm6VCBgGmQm1npkLUzaZCOjSnQiObp0IGAahCbWeoQtTNqEJANalCoJqpQgYB
qkJtZ6pC1M2qQjo0q0KgmqtCigGsQm1nrELUzaxCvTStQqCarUKKAa5CbWeuQtTNrkK9NK9C
oJqvQgYBsELwZ7BC1M2wQjo0sUKgmrFCBgGyQm1nskJWzrJCvTSzQqCas0IGAbRCbWe0QlbO
tEI6NLVCoJq1QgYBtkJtZ7ZCVs62Qjo0t0KgmrdCBgG4QvBnuELUzbhCOjS5QqCauUKKAbpC
bWe6QtTNukI6NLtCoJq7QgYBvELwZ7xC1M28Qjo0vUKgmr1CBgG+Qm1nvkLUzb5CvTS/QiOb
v0IGAcBC8GfAQtTNwEI6NMFCoJrBQgYBwkLwZ8JC1M3CQjo0w0KgmsNCigHEQm1nxEJWzsRC
vTTFQqCaxUKKAcZC8GfGQtTNxkI6NMdCoJrHQgYByEJtZ8hC1M3IQr00yUIjm8lCBgHKQm1n
ykJWzspCOjTLQiOby0KKAcxC8GfMQtTNzEI6NM1CI5vNQooBzkJtZ85CVs7OQr00z0Kgms9C
BgHQQm1n0ELUzdBCOjTRQiOb0UIGAdJC8GfSQlbO0kI6NNNCI5vTQgYB1EJtZ9RC1M3UQjo0
1UIjm9VCBgHWQm1n1kJWztZCvTTXQqCa10IGAdhCbWfYQlbO2EK9NNlCI5vZQgYB2kJtZ9pC
1M3aQjo020KgmttCigHcQm1n3ELUzdxCvTTdQqCa3UIGAd5CbWfeQlbO3kI6NN9CoJrfQgYB
4EJzaOBCVs7gQjo04UKgmuFCigHiQm1n4kJWzuJCOjTjQiOb40IGAeRCbGfkQtTN5EI6NOVC
JJvlQooB5kJsZ+ZC1M3mQrw050Ikm+dCBgHoQvBn6ELUzehCOjTpQiSb6UIGAepCbGfqQtTN
6kI6NOtCoJrrQgYB7EJsZ+xCVs7sQjo07UKgmu1CBgHuQmxn7kLUze5COjTvQqCa70IGAfBC
bGfwQlbO8EK8NPFCoJrxQgYB8kJsZ/JCVs7yQjo080KgmvNCigH0Qmxn9EJWzvRCOjT1QqCa
9UIGAfZCbGf2QtTN9kI6NPdCJJv3QooB+EJsZ/hC1M34Qjo0+UKgmvlCBgH6Qmxn+kLUzfpC
OjT7QqCa+0KKAfxCbGf8QtTN/EK8NP1CJJv9QooB/kLwZ/5CVs7+Qjo0/0Kgmv9CgwAAQ/gz
AEPqZgBDXpoAQ5LNAEPFAAFD+DMBQ+pmAUNemgFDks0BQ4MAAkO2MwJD6mYCQx2aAkNQzQJD
gwADQ7YzA0PqZgNDXpoDQ1DNA0PFAARDtjMEQ+pmBEMdmgRDUM0EQ8UABUO2MwVD6mYFQ16a
BUOSzQVDxQAGQ7YzBkMrZwZDHZoGQ5LNBkPFAAdDtjMHQ+pmB0MdmgdDks0HQ4MACEO2MwhD
6mYIQx2aCENQzQhDgwAJQ/gzCUMxaAlDHZoJQ1DNCUPFAApDtjMKQytnCkMdmgpDUM0KQ8UA
C0O2MwtDK2cLQx2aC0NQzQtDxQAMQ7YzDEMrZwxDXpoMQ1DNDEODAA1DtjMNQ+pmDUMdmg1D
UM0NQ4MADkO2Mw5D6mYOQ16aDkNQzQ5DgwAPQ7YzD0PqZg9DXpoPQ1DND0ODABBDtjMQQ+pm
EENemhBDUM0QQ4MAEUP4MxFD6mYRQ16aEUNQzRFDxQASQ7YzEkPqZhJDXpoSQ1DNEkODABND
+DMTQ+pmE0MdmhNDUM0TQ4MAFEP4MxRD6mYUQx2aFENQzRRDgwAVQ/gzFUPqZhVDHZoVQ1DN
FUODABZD+DMWQ+pmFkNemhZDUM0WQ4MAF0O2MxdD6mYXQ16aF0NQzRdDxQAYQ7YzGEMrZxhD
HZoYQ1DNGEPFABlDtjMZQytnGUNemhlDUM0ZQ4MAGkO2MxpDK2caQx2aGkNQzRpDxQAbQ7Yz
G0PqZhtDHZobQ1DNG0PFABxDtjMcQytnHENemhxDks0cQ4MAHUO2Mx1D6mYdQ16aHUNQzR1D
gwAeQ7YzHkNtZx5DHZoeQ5LNHkODAB9D+DMfQ+pmH0Mdmh9DUM0fQ4MAIEP4MyBD6mYgQ16a
IEOSzSBDgwAhQ7YzIUPqZiFDXpohQ1DNIUODACJD+DMiQ65nIkMdmiJDUM0iQ8UAI0P4MyND
6mYjQx2aI0NQzSNDgwAkQ/gzJEPqZiRDXpokQ1DNJEODACVDtjMlQytnJUMdmiVDUM0lQ8UA
JkO2MyZDK2cmQ16aJkNQzSZDgwAnQ/gzJ0PqZidDHZonQ5LNJ0ODAChDOjQoQ+pmKEMdmihD
UM0oQ4MAKUP4MylD6mYpQx2aKUNQzSlD</AssayXData><AssayYData Points="600">+MsqQEBoK0CJWyxAHH0sQD0TLUCzLy1A3+AtQIksLkCIcC5AQrYuQCouL0CtVS9AQeAvQFvz
L0ANiDBAPd0wQJE2MUC5hTFAkdMxQAXRMUBg1zJAMMsyQBuSM0CUnzNA5x00QBYSNEC3vzRA
SBA1QCY6NUCXbzVAWNg1QDZhNkDilDZAxLM2QPcmN0ChSzdAVLE3QFJ/OEB0eDhAn+k4QPrs
OEC3lzlAFBc6QF8yOkBKljpALd06QPwBO0D9fjtAicw7QIZDPECFkzxAjYY8QGFOPUAAhD1A
6Ig9QJPEPUCIPD5AsIE+QLXLPkA2ID9AsZ4/QLvTP0BCWUBAlURAQC2LQEA1PUFA73RBQC9s
QUAoM0JApUNCQADuQkDmDUNAqHlDQACuQ0AD2ENAplxEQF2iREBcwURAPvBEQPlGRUB400VA
UAlGQOZ8RkBfu0ZAWC5HQJEvR0AKlUdArvhHQD1GSEAZgUhAV9pIQM8HSUCglUlAau1JQNn9
SUBnLkpAjaFKQMD8SkCMgUtAeY5LQPvzS0Cs+ktAKQ5MQIugTECiP01AB0NNQBkqTUCRk01A
9uFNQMRsTkASwU5AfOxOQFo0T0AOeE9ACKdPQM7bT0DnV1BAMXpQQHi7UEBoGVFAT4pRQH7V
UUDHyVFAGSVSQJhSUkB10FJAigpTQOYBU0Aua1NAsNVTQMcFVEBSdVRAV/hUQFEAVUAvJ1VA
6p9VQAPcVUCF4VVAYypWQBuwVkDj0FZAZy9XQJJ9V0ALdFdA18FXQDSfV0AsVFhAArdYQHIG
WUBU6lhAfGBZQFnMWUDBEVpA5NtZQLCGWkB4fVpAneBaQPtnW0CoXVtARpRbQNAdXEBXB1xA
cFdcQAuHXECm1VxArBxdQLg8XUDirV1ABr9dQLvpXUDlDl5ArEheQNyNXkCdrF5ArmtfQOKu
X0B07V9A3wZgQE0WYEBvhmBAO1VgQDrFYEBvGWFABH1hQCdOYUDcw2FANgJiQG9bYkAKbWJA
UvFiQKX1YkBMImNAK1xjQECDY0CRjGNAKhVkQOgcZEDlcWRAiK5kQOz/ZEB1+2RA8DllQPmY
ZUBSm2VALtRlQK0dZkD3e2ZAGYpmQCsSZ0AyPGdABhhnQJpyZ0A8emdAh+RnQOoGaEBAVmhA
IDZoQODCaEB542hAca5oQA9PaUDtfmlA55hpQJu1aUDCE2pApxNqQABFakDgoWpAiuZqQOLB
akDtIWtAI1lrQJp4a0BghGtA4R5sQFz6a0DBZmxAanRsQCqmbEC+vWxA9xxtQGNPbUCyYG1A
OodtQCaubUAd8G1AeBduQKUpbkCfQm5AsLZuQEKgbkDd3m5AqBhvQDczb0BdW29AjHVvQKDC
b0AcJ3BA3iJwQLY+cECPWnBAn3dwQDC7cEDCB3FApBRxQChAcUA4dnFAG6FxQCzvcUD5xHFA
BRlyQP1wckAphXJA7nFyQG2tckCq23JAsRBzQNoFc0CoKHNAE4RzQMSkc0Bu03NApUB0QGTz
c0AHpHRAooZ0QKNHdEBrtHRAA9l0QIfGdEDFbnVAKVJ1QH6HdUAtqnVA0wJ2QD3ldUCeH3ZA
FFR2QFmGdkA6bXZA45x2QMbndkDFpnZAzRN3QJDzdkBcaHdAcp53QKGMd0D9sndAwu13QGgI
eEAJ53dA3Fd4QN1teEDSrnhA0MR4QLDOeEAb/3hAdjF5QDoaeUAXRXlACal5QANzeUDggXlA
8K15QJ04ekC+/HlAJEB6QOM/ekB7Z3pAJZB6QEvmekDpuHpAI8l6QK75ekBLKXtAi397QAeD
e0A1U3tAiGJ7QBTne0Cv8HtAGR58QGdjfEA5enxAt0J8QO1tfEBthHxA/8h8QJAUfUC1wXxA
KOZ8QEo8fUDrBX1ALVV9QBXBfUAodH1ABap9QPzxfUB63n1Aztl9QJY1fkBtPX5ANT9+QAR9
fkANp35ApKx+QDf8fkDe635AHPR+QMs8f0AaXX9AkBV/QL0Wf0CAfX9AYWx/QAeKf0C25H9A
t71/QJXof0BM+n9AigWAQIcngEAxPoBAQW+AQKcrgED/I4BAdmSAQAhmgEBvgYBAi3GAQCmi
gEDpl4BAWJuAQGGrgEBZrYBAN8aAQJzWgEC66IBAWOyAQDolgUA1+IBAxAyBQJ0bgUCRLIFA
EEiBQAJTgUCyVIFAVjqBQB9jgUBKcIFAW5eBQKuZgUB1iIFA+8GBQAmpgUB5uYFAgvCBQHu4
gUDwyoFAS9+BQJvhgUDXD4JAScuBQC4AgkA3CYJAGgmCQJkngkBSS4JAoGCCQHNUgkDCVoJA
wWiCQFBYgkBfjoJAAH6CQPZ5gkAsqoJADJCCQGO0gkAsqoJAM66CQAbDgkDB6YJACuiCQCn0
gkB6FoNADvaCQAgHg0DiMINAiRiDQHY8g0C/DINADz2DQExJg0CQLYNAbD+DQIVCg0Cdb4NA
4nODQNV0g0AcnINA+myDQFGeg0BdsINAAZqDQFSag0BHoINATMWDQGfRg0BDxINAwdeDQN/+
g0DTCYRAtPGDQO0ThEB6CoRAuBeEQFs1hEANOoRAQTCEQIdFhEA1VIRA63KEQGlrhEA3iIRA
AHWEQFpuhEDjboRAvKaEQDWIhECPl4RAB6OEQCKbhEAj0oRA3NKEQFTZhEBAzoRA6caEQDbl
hEAa+YRAavqEQBb8hEBDEoVAjS2FQIUkhUDmA4VApA6FQFsfhUC7LYVAIjmFQHw6hUDYSIVA
fCqFQLJ5hUAOc4VA1lGFQAF5hUCBjIVAOI2FQF2mhUBGoIVAOJSFQDqOhUD9n4VAmriFQObA
hUAe24VARqmFQNbPhUAR64VA1+uFQB3nhUCM/IVAW/6FQF4ChkAZEYZAPfyFQMoThkDmJoZA
zBCGQC0ihkAMOIZAkl2GQNB7hkDldIZAyGKGQBRlhkBmgoZAVXCGQG13hkDjeYZArpmGQBWg
hkBzh4ZAo4yGQBS5hkAyhYZA1uaGQL7ChkD10oZAL76GQAXphkC35YZA/uGGQMjThkCq+oZA
4fyGQADrhkCRIodAuACHQJ4th0DdG4dANR6HQIQGh0AKPYdARBOHQO5Qh0B9Y4dAIjuHQFZG
h0ALJYdAEkmHQMFNh0BnW4dAg3CHQDZwh0A6codA05+HQMmIh0Dvr4dAvKqHQFewh0A1k4dA
xI2HQCrFh0ANrIdAPq6HQFGuh0DZ14dA</AssayYData></Step><Step><CommonData><SampleLocation>1</SampleLocation><SampleID>Octet Buffer</SampleID><SampleGroup></SampleGroup><SampleInfo></SampleInfo><SampleRow>K</SampleRow><SamplePlate>1</SamplePlate><WellType>BUFFER</WellType><Concentration>-1</Concentration><ConcentrationUnits>µg/ml</ConcentrationUnits><MolarConcentration>-1</MolarConcentration><MolarConcUnits>nM</MolarConcUnits><MolecularWeight>0</MolecularWeight><Temperature>30</Temperature><StartTime>270166</StartTime><AssayTime>100</AssayTime></CommonData><FlowRate>1000</FlowRate><StepType>BASELINE</StepType><StepName>Baseline</StepName><StepStatus>OK</StepStatus><ActualTime>100</ActualTime><CycleTime>0.2</CycleTime><AssayXData Points="500">gwAqQ7YzKkPpZipDHZoqQ1DNKkPFACtD+DMrQ+lmK0MdmitDUM0rQ4MALEO2MyxD6WYsQx2a
LENQzSxDxQAtQ7YzLUPpZi1DHZotQ5HNLUPFAC5DtjMuQytnLkMdmi5Dkc0uQ4MAL0P4My9D
6WYvQx2aL0ORzS9DxQAwQ7YzMEMrZzBDHZowQ5HNMEPFADFDtjMxQ+lmMUNemjFDUM0xQ4MA
MkO2MzJD6WYyQx2aMkNQzTJDxQAzQ/gzM0PpZjNDXpozQ1DNM0PFADRDtjM0QytnNENemjRD
UM00Q4MANUO2MzVD6WY1Q16aNUNQzTVDgwA2Q7YzNkPpZjZDXpo2Q5HNNkPFADdD+DM3Q+lm
N0MdmjdDkc03Q8UAOEP4MzhD6WY4Q16aOENQzThDgwA5Q7YzOUPpZjlDXpo5Q1DNOUODADpD
tjM6QytnOkMdmjpDUM06Q8QAO0P4MztD6WY7Q16aO0ORzTtDgwA8Q7YzPEO2czxDapw8Q1DN
PEPEAD1D+DM9Q+lmPUMdmj1D0809Q8QAPkO2Mz5D6WY+Qx2aPkORzT5DgwA/Q7YzP0PpZj9D
HZo/Q1DNP0ODAEBDtjNAQ+lmQENemkBDkc1AQ4MAQUO2M0FD6WZBQx2aQUNQzUFDgwBCQ7Yz
QkPpZkJDXppCQ1DNQkODAENDtjNDQytnQ0NemkNDkc1DQ4MAREP4M0RDK2dEQ16aREORzURD
gwBFQ7YzRUPpZkVDHZpFQ5HNRUODAEZD+DNGQ+lmRkNemkZDkc1GQ8QAR0O2M0dD6WZHQx2a
R0NQzUdDgwBIQ/gzSEPpZkhDHZpIQ1DNSEODAElDtjNJQ+lmSUMdmklDUM1JQ4MASkP4M0pD
6mZKQxyaSkORzUpDgwBLQ7YzS0PqZktDHJpLQ1DNS0ODAExD+DNMQytnTENemkxDkc1MQ4MA
TUO2M01D6mZNQxyaTUNQzU1DgwBOQ7YzTkPqZk5DHJpOQ1DNTkPEAE9DtjNPQytnT0Mcmk9D
kc1PQ8QAUEO2M1BDQHVQQ/SdUENQzVBDgwBRQ/gzUUPqZlFDHJpRQ1DNUUODAFJDtjNSQytn
UkMcmlJDUM1SQ4MAU0O2M1ND6mZTQ16aU0ORzVNDgwBUQ7YzVEPqZlRDHJpUQ1DNVEODAFVD
tjNVQ+pmVUMcmlVDUM1VQ4MAVkO2M1ZDK2dWQxyaVkORzVZDgwBXQ/gzV0PqZldDHJpXQ1DN
V0ODAFhD+DNYQ+pmWENemlhDUM1YQ4MAWUM5NFlD6mZZQxyaWUNQzVlDxABaQ7YzWkPqZlpD
HJpaQ1DNWkPEAFtDtjNbQ+pmW0McmltDkc1bQ8QAXEO2M1xD6mZcQ16aXEORzVxDxABdQ/gz
XUPqZl1DHJpdQ1DNXUODAF5D+DNeQytnXkNeml5Dkc1eQ4MAX0O2M19DK2dfQxyaX0NQzV9D
gwBgQ7YzYEPqZmBDHJpgQ1DNYEODAGFD+DNhQytnYUMcmmFDUM1hQ4MAYkO2M2JD6mZiQxya
YkNQzWJDxABjQ/gzY0MrZ2NDHJpjQ1DNY0ODAGRDtjNkQ7ByZEPnm2RDkc1kQ8QAZUP4M2VD
6mZlQxyaZUNQzWVDxABmQ7YzZkPqZmZDHJpmQ1DNZkODAGdD+DNnQytnZ0McmmdDUM1nQ4MA
aEO2M2hD6mZoQxyaaENQzWhDxABpQ7YzaUPqZmlDHJppQ5HNaUODAGpDtjNqQ+pmakMcmmpD
ks1qQ4MAa0P4M2tD6mZrQ16aa0NQzWtDgwBsQ7YzbEMrZ2xDHJpsQ1DNbEPEAG1DtjNtQ+pm
bUNemm1DUM1tQ4MAbkO2M25DK2duQxyabkNQzW5DgwBvQ7Yzb0PqZm9DHJpvQ1DNb0ODAHBD
+DNwQ+pmcEMcmnBDks1wQ4MAcUO2M3FD6mZxQ16acUNQzXFDgwByQ7YzckMrZ3JDHJpyQ1DN
ckPEAHNDtjNzQytnc0McmnNDks1zQwYBdEP4M3RD6mZ0QxyadENQzXRDxAB1Q7YzdUPqZnVD
HJp1Q1DNdUPEAHZDtjN2Q+pmdkNemnZDUM12Q4MAd0O2M3dDK2d3Qxyad0NQzXdDxAB4Q/gz
eEM6dHhD7px4Q1DNeEODAHlD+DN5Q+pmeUMcmnlDks15Q8QAekO2M3pDK2d6Q16aekNQzXpD
gwB7Q7Yze0PqZntDHJp7Q1DNe0PEAHxDtjN8Q+pmfEMcmnxDUM18Q4MAfUP4M31D6mZ9Q16a
fUNQzX1DgwB+Q/gzfkPqZn5DHJp+Q1DNfkPEAH9DtjN/Q+pmf0Mcmn9DUM1/Q0IAgEPbGYBD
dTOAQy9NgEOoZoBDYoCAQ9uZgEOWs4BDDs2AQ6jmgENiAIFD/BmBQ3UzgUMvTYFDyWaBQ0KA
gUPbmYFDdbOBQy/NgUOo5oFDQgCCQ9sZgkN1M4JDL02CQ8lmgkNCgIJD25mCQ5azgkMvzYJD
yeaCQ0IAg0PbGYNDljODQy9Ng0OoZoNDYoCDQ9uZg0N1s4NDL82DQ6jmg0NCAIRD2xmEQ3Uz
hEMOTYRDqGaEQ0KAhEP8mYRDdbOEQy/NhEPJ5oRDQgCFQ9sZhUN1M4VDL02FQ6hmhUNCgIVD
25mFQ3WzhUMOzYVDqOaFQ2IAhkP8GYZD4TqGQztPhkOoZoZDQoCGQ9uZhkN1s4ZDDs2GQ6jm
hkM=</AssayXData><AssayYData Points="500">zimIQLhKiEA4UYhAE4qIQMufiEDDqohARauIQEK6iEBWx4hAIOiIQFTViEAUvohAPMCIQETm
iEDiz4hACcWIQBnaiEBh14hAV7iIQHvYiEBwxIhAD9WIQOfhiED5AolAtMmIQKzjiECdwIhA
P7SIQNPsiEDw/IhAcuCIQA74iECq3YhAfuiIQEXoiECn8ohA9uGIQFn8iEBe9IhAqgyJQGLj
iEAx+4hASP6IQGbqiEBH94hA5c2IQJrPiEBz54hAIfeIQJUKiUDoAIlAG/SIQG7qiEC//IhA
J/CIQNICiUB1tohAweyIQArfiEAd9ohARO2IQL4kiUB07YhAfgWJQJ7+iEDu6IhAG/6IQFYA
iUC68YhAfeeIQOH5iEDk5YhAJAGJQDzuiEB8+IhAcN6IQAL5iEB6+YhAM+uIQOUCiUCLColA
pAeJQOkBiUBZCIlAY+SIQGEIiUC+L4lAzQKJQLUKiUCCColAv+qIQET4iECqDIlAuPOIQEL5
iEABRIlAEQiJQFMIiUBME4lAOwWJQPT5iEBVF4lAoSWJQE0FiUAKIIlASg6JQCwWiUBSFIlA
hg6JQJIviUAp+4hAhjWJQBT6iECx6YhA6iKJQLHuiECP+4hAaSaJQA79iEDDA4lA5yaJQKER
iUAZGolAiTCJQAMdiUAVDIlASgSJQMUFiUDeIYlAkxiJQHMuiUBTQIlAQSGJQNsRiUBiF4lA
2yqJQDcOiUCgFIlAgQSJQPgSiUCZLIlASB6JQLkiiUBeOIlApBuJQOQjiUBjP4lAgEqJQNMK
iUBhFYlArhyJQKQriUDEJIlA6SiJQO8SiUAXIIlApC+JQHsWiUD4RolApj6JQMU1iUCnJolA
wBSJQPkdiUCKCIlAUzyJQCYuiUB9GolA3zaJQNEliUC3NolACjCJQCEiiUB8K4lAAxSJQEUX
iUA6NYlAfzWJQJgaiUAlWIlAI0aJQEUsiUDIZ4lAPjmJQDtKiUB3OolAzSmJQB41iUCIN4lA
iCaJQHM+iUAKQ4lAoyGJQEpXiUCyNYlA1DuJQPsriUCOY4lA9RqJQMsSiUCBU4lA/i2JQLld
iUBQUolA9zmJQBwoiUClXIlADUGJQOBRiUC4SYlAlkiJQD46iUBhH4lA9z6JQMEiiUDXP4lA
yhiJQAZNiUDQOolAN1iJQA9GiUBEJolAETyJQHY4iUAzG4lAOVqJQHlhiUBAUYlAQUeJQGZS
iUBcPYlA90SJQEJXiUDTVIlApEqJQF4uiUDqWIlAxTKJQAo+iUAsYYlATxOJQLpJiUBGO4lA
90OJQDMviUDXU4lAiUOJQO5GiUCuXIlARlSJQBg7iUABNIlA7mqJQMdIiUD2QIlARTyJQM0/
iUDVN4lAiG6JQKlDiUCpTolAaD6JQPFAiUA/WIlA2mmJQF1JiUCyVIlAkmuJQLBtiUCUX4lA
SYiJQMViiUB0RIlAfGGJQEdNiUCtUYlAJXyJQDFOiUBTSolALjuJQHRyiUCcbolAd1SJQAw3
iUDbVYlAb3CJQDBciUAlTYlAsziJQOOBiUBIeYlAHmSJQB1RiUDtVIlASHmJQIRdiUB2aYlA
dluJQGhgiUDAP4lAtYWJQJ9ziUD0dIlA9W2JQLtoiUDoiolAMmSJQE9riUDSgYlAiHuJQMN3
iUBkZolAPn+JQFJhiUDEc4lA/2GJQF9LiUB7cIlAXWqJQHQ8iUCqTYlAiH2JQDhuiUArgolA
gYOJQN95iUAbaYlASoOJQKp2iUA3eIlAY42JQL1uiUBhiolAB3GJQJBhiUA3bIlA1kyJQHVx
iUA5bYlATJeJQKNMiUDiaIlArHyJQJB5iUB8bYlACHaJQH9siUCRm4lAlYeJQMxjiUD5kIlA
9X6JQIF4iUCXbolA/WCJQHWNiUB5oolA4XGJQHJaiUAkiIlA3JmJQMZ+iUAzZ4lAJKCJQI2C
iUCGholAaKGJQOuTiUB0eIlAXYyJQCCNiUDtU4lAZ5iJQOmYiUD/h4lAIYiJQK+UiUA5e4lA
gnCJQNZfiUBkgIlAWXeJQKCiiUAYjIlAMX+JQO6BiUA9kIlAWaCJQJtuiUChlYlAzWCJQJB/
iUA1aIlAunWJQCeaiUBwmYlA+FiJQKyNiUCShYlAwoeJQNB7iUB5d4lAN5CJQMBuiUAEk4lA
TZqJQPSoiUBfhYlAsqGJQCGGiUCBqIlA6pSJQNF7iUCvpYlAs6CJQK+RiUATlIlAG4uJQBWt
iUC2molAIouJQCiJiUD7gIlA5rSJQI27iUBViolAda6JQM18iUD2iolAg36JQKt9iUCXiolA
0m2JQAmDiUCXpYlACpCJQKWbiUD7folA/pmJQGuoiUCtjYlA6J6JQL23iUB3tolAcJCJQPK6
iUD/e4lAjJOJQFiqiUCc2olAPpmJQE5/iUABkolAoZ+JQG6eiUCM0olA8Z2JQL+PiUBAlIlA
V4SJQB2JiUAHtYlAObCJQHSPiUCOsYlA9JCJQDW6iUDuoIlAoKeJQPqwiUCdqolAW5OJQNOl
iUCKfYlA7sOJQGq8iUCroolAjcKJQJWdiUCng4lA+aeJQLTUiUCraolAlpuJQKuxiUDfuYlA
vLGJQOW2iUB3vIlA8ZeJQGGeiUAGk4lAr8mJQDapiUBzlolAH56JQHTFiUB7v4lABr2JQDe1
iUA=</AssayYData></Step><Step><CommonData><SampleLocation>2</SampleLocation><SampleID>hsCD3d/e_Acro_CDD-H52W1</SampleID><SampleGroup></SampleGroup><SampleInfo></SampleInfo><SampleRow>K</SampleRow><SamplePlate>1</SamplePlate><WellType>KSAMPLE</WellType><Concentration>-1</Concentration><ConcentrationUnits>µg/ml</ConcentrationUnits><MolarConcentration>6.25</MolarConcentration><MolarConcUnits>nM</MolarConcUnits><MolecularWeight>0</MolecularWeight><Temperature>30</Temperature><StartTime>378598</StartTime><AssayTime>180</AssayTime></CommonData><FlowRate>1000</FlowRate><StepType>ASSOC</StepType><StepName>Association</StepName><StepStatus>OK</StepStatus><ActualTime>180</ActualTime><CycleTime>0.2</CycleTime><AssayXData Points="900">QgCHQ9wZh0N1M4dDD02HQ8lmh0NCgIdD3JmHQ3Wzh0MPzYdDyeaHQ0IAiEPcGYhDdTOIQw9N
iEPJZohDQoCIQ9yZiEN1s4hDD82IQ8nmiENCAIlD3BmJQ3UziUMPTYlDyWaJQ0KAiUP8mYlD
lrOJQw/NiUPJ5olDQgCKQ9wZikN1M4pDME2KQ8lmikNjgIpD/JmKQ5azikMPzYpDqOaKQ0IA
i0PcGYtDdTOLQw9Ni0OoZotDQoCLQ9yZi0OWs4tDD82LQ8nmi0NOAoxD3BmMQ5YzjEMwTYxD
qGaMQ0KAjEPcmYxDdbOMQzDNjEOo5oxDYwCNQ9wZjUN1M41DD02NQ6hmjUNCgI1D3JmNQ3Wz
jUMPzY1DqOaNQ2MAjkPcGY5DljOOQw9NjkOoZo5DQoCOQ/yZjkOWs45DMM2OQ8nmjkNCAI9D
3BmPQ5Yzj0MPTY9DqGaPQ2OAj0PcmY9DdbOPQzDNj0Oo5o9DYwCQQ9wZkEOWM5BDD02QQ8lm
kENCgJBD/JmQQ5azkEMwzZBDqOaQQ0IAkUMdGpFDljORQzBNkUOoZpFDQoCRQ9yZkUOWs5FD
D82RQ6jmkUNCAJJD/BmSQ3UzkkMwTZJDqGaSQ0KAkkP8mZJDlrOSQw/NkkPJ5pJDYwCTQ/wZ
k0N1M5NDD02TQ6hmk0NCgJND3JmTQ5azk0MPzZNDqOaTQ2MAlEPcGZRDdTOUQzBNlEOoZpRD
QoCUQ/yZlEN1s5RDD82UQ8nmlENCAJVD/BmVQ3UzlUMwTZVDqGaVQ2OAlUPcmZVDdbOVQw/N
lUOo5pVD8gKWQ9wZlkOWM5ZDD02WQ6hmlkNCgJZD3JmWQ3WzlkMPzZZDqOaWQ0IAl0PcGZdD
ljOXQw9Nl0PJZpdDQoCXQ9yZl0N1s5dDD82XQ8nml0NCAJhD3BmYQ3UzmEMPTZhDyWaYQ0KA
mEP8mZhDdbOYQzDNmEOo5phDQgCZQx0amUN1M5lDD02ZQ6hmmUNjgJlD3JmZQ3WzmUMPzZlD
yeaZQ0IAmkPcGZpDdTOaQw9NmkPJZppDY4CaQ9yZmkOWs5pDMM2aQ6jmmkNCAJtD/BmbQ3Uz
m0MPTZtDyWabQ2OAm0PcmZtDdbObQw/Nm0PJ5ptDQgCcQ9wZnEN1M5xDD02cQ6hmnENCgJxD
/JmcQ3WznEMPzZxDqOacQ2MAnUPcGZ1DljOdQw9NnUOoZp1DQoCdQ9yZnUOWs51DD82dQ6jm
nUNCAJ5D3BmeQ3UznkMPTZ5DqGaeQ0KAnkP8mZ5DdbOeQw/NnkOo5p5DQgCfQ9wZn0OWM59D
ME2fQ6hmn0NCgJ9D3JmfQ3Wzn0MPzZ9DqOafQ8sBoEPcGaBDljOgQw9NoEOoZqBDY4CgQ9yZ
oEOWs6BDMM2gQ6jmoENCAKFD3BmhQ5YzoUMwTaFDqGahQ0KAoUPcmaFDdbOhQw/NoUOo5qFD
QgCiQ9wZokN1M6JDME2iQ6hmokNCgKJD3JmiQ3WzokMwzaJDqOaiQ0IAo0PcGaNDdTOjQw9N
o0OoZqNDQoCjQ9yZo0OWs6NDD82jQ6jmo0NCAKRD/BmkQ3UzpEMPTaRDqGakQ0KApEPcmaRD
lrOkQw/NpEOo5qRDYwClQ9wZpUOWM6VDME2lQ6hmpUNCgKVD3JmlQ5azpUMwzaVDqOalQ0IA
pkP8GaZDljOmQw9NpkOoZqZDQoCmQ9yZpkN1s6ZDD82mQ6jmpkNCAKdD/BmnQ/gzp0MwTadD
yWanQ0KAp0PcmadDdbOnQw/Np0Oo5qdDQgCoQ9wZqEOWM6hDD02oQ6hmqENjgKhD3JmoQ5az
qEMPzahDqOaoQ0IAqUPcGalDdTOpQzBNqUOoZqlDQoCpQ9yZqUOWs6lDD82pQ8nmqUNvAqpD
3BmqQ3UzqkMwTapDyWaqQ0KAqkP8mapDlrOqQw/NqkOo5qpDQgCrQ9wZq0N1M6tDD02rQ6hm
q0NjgKtD3JmrQ3Wzq0MPzatDqOarQ0IArEPcGaxDljOsQzBNrEOoZqxDQoCsQ/yZrEN1s6xD
D82sQ6jmrENjAK1D3BmtQ3UzrUMPTa1DqGatQ0KArUPcma1DdbOtQzDNrUPJ5q1DQgCuQ9wZ
rkN1M65DD02uQ6hmrkNCgK5D3JmuQ3WzrkMPza5DqOauQ0IAr0PcGa9DljOvQw9Nr0PJZq9D
QoCvQ/yZr0N1s69DD82vQ6jmr0NCALBD/BmwQ3UzsEMwTbBDqGawQ2OAsEPcmbBDdbOwQzDN
sEPJ5rBDYwCxQ9wZsUN1M7FDD02xQ6hmsUNCgLFD3JmxQ3WzsUMwzbFDqOaxQ0IAskPcGbJD
ljOyQw9NskPJZrJDY4CyQ9yZskN1s7JDD82yQ6jmskNjALND3BmzQ5Yzs0MwTbNDqGazQ0KA
s0PcmbNDdbOzQw/Ns0Oo5rNDKAG0Q9wZtEN1M7RDME20Q8lmtENCgLRD/Jm0Q3WztEMwzbRD
qOa0Q2MAtUP8GbVDljO1Qw9NtUOoZrVDQoC1Q/yZtUOWs7VDD821Q6jmtUNCALZD/Bm2Q5Yz
tkMPTbZDyWa2Q0KAtkPcmbZDdbO2Qw/NtkOo5rZDQgC3Q9wZt0N1M7dDME23Q6hmt0NjgLdD
3Jm3Q3Wzt0MPzbdDqOa3Q2MAuEP8GbhDdTO4Qw9NuEOoZrhDQoC4Q/yZuEN1s7hDD824Q6jm
uENCALlD/Bm5Q3UzuUMwTblDyWa5Q0KAuUPcmblDlrO5Qw/NuUOo5rlDQgC6Q9wZukN1M7pD
D026Q8lmukNCgLpD/Jm6Q3WzukMPzbpDqOa6Q0IAu0NfGrtDdTO7Qw9Nu0OoZrtDQoC7Q9yZ
u0N1s7tDMM27Q6jmu0NjALxD/Bm8Q5YzvEMwTbxDqGa8Q0KAvEPcmbxDdbO8QzDNvEPJ5rxD
QgC9Q9wZvUN1M71DME29Q6hmvUNCgL1D/Jm9Q3WzvUMwzb1DqOa9Q/gDvkP8Gb5DdTO+Qw9N
vkPJZr5DQoC+Q9yZvkN1s75DD82+Q6jmvkNjAL9D/Bm/Q3Uzv0MwTb9DqGa/QyiBv0P8mb9D
dbO/Qw/Nv0PJ5r9DQgDAQ/wZwEN1M8BDD03AQ8lmwENCgMBD3JnAQ3WzwEMPzcBDqObAQ0IA
wUP8GcFDdTPBQzBNwUOoZsFDQoDBQ9yZwUOWs8FDMM3BQ8nmwUNjAMJD/BnCQ5YzwkMwTcJD
qGbCQ0KAwkPcmcJDdbPCQzDNwkOo5sJDQgDDQ9wZw0N1M8NDD03DQ8lmw0NCgMND/JnDQ3Wz
w0MwzcNDqObDQ2MAxEP8GcRDljPEQw9NxEPJZsRDQoDEQ9yZxEN1s8RDMM3EQ6jmxENCAMVD
3BnFQ3UzxUMwTcVDqGbFQ2OAxUP8mcVDdbPFQzDNxUOo5sVDQgDGQ9wZxkN1M8ZDD03GQ8lm
xkNjgMZD/JnGQ3WzxkMPzcZDqObGQ2MAx0PcGcdDdTPHQw9Nx0OoZsdDQoDHQ/yZx0N1s8dD
MM3HQ6jmx0OwAshD/BnIQ5YzyEMPTchDqGbIQ0KAyEP8mchDdbPIQw/NyEPJ5shDYwDJQ9wZ
yUOWM8lDD03JQ8lmyUNCgMlD/JnJQ3WzyUMPzclDqObJQ2MAykP8GcpDdTPKQw9NykOoZspD
QoDKQ9yZykN1s8pDD83KQ8nmykNjAMtD/BnLQ5Yzy0MwTctDqGbLQ0KAy0PcmctDtrPLQw/N
y0PJ5stDQgDMQ9wZzEOWM8xDD03MQ6hmzENCgMxD3JnMQ5azzEMwzcxDqObMQ0IAzUPcGc1D
ljPNQw9NzUOoZs1DQoDNQ9yZzUN1s81DMM3NQ6jmzUNCAM5D3BnOQ3UzzkMPTc5DqGbOQ0KA
zkPcmc5DlrPOQw/NzkOo5s5DQgDPQ9wZz0OWM89DD03PQ6hmz0NCgM9D3JnPQ5azz0Mwzc9D
qObPQ0IA0EP8GdBDdTPQQw9N0EOoZtBDQoDQQ9yZ0EN1s9BDD83QQ6jm0ENjANFD/BnRQ5Yz
0UMPTdFDqGbRQ0KA0UPcmdFDdbPRQw/N0UOo5tFDggXSQ/wZ0kN1M9JDD03SQ6hm0kNCgNJD
3JnSQ3Wz0kMPzdJDqObSQ2MA00P8GdNDdTPTQw9N00PJZtNDQoDTQ9yZ00N1s9NDMM3TQ6jm
00NjANRD3BnUQ3Uz1EMPTdRDyWbUQ0KA1EPcmdRDdbPUQw/N1EPJ5tRDYwDVQ9wZ1UOWM9VD
D03VQ6hm1UNCgNVD3JnVQ5az1UMwzdVDqObVQ0IA1kPcGdZDdTPWQzBN1kOoZtZDQoDWQ9yZ
1kN1s9ZDD83WQ8nm1kNCANdD/BnXQ3Uz10MwTddDqGbXQ0KA10PcmddDdbPXQw/N10Oo5tdD
QgDYQ9wZ2EN1M9hDD03YQ6hm2ENCgNhD3JnYQ5az2EMPzdhDyebYQ0IA2UP8GdlDdTPZQw9N
2UPJZtlDQoDZQ/yZ2UN1s9lDD83ZQ6jm2UNCANpD3BnaQ3Uz2kMPTdpDyWbaQ2OA2kPcmdpD
lrPaQzDN2kPJ5tpDYwDbQ/wZ20N1M9tDD03bQ8lm20NCgNtD3JnbQ3Wz20MPzdtDqObbQxkE
3EPcGdxDdTPcQw9N3EOoZtxDY4DcQ9yZ3EN1s9xDD83cQ6jm3ENCAN1D3BndQ3Uz3UMPTd1D
qGbdQ2OA3UPcmd1DdbPdQw/N3UPJ5t1DQgDeQ9wZ3kN1M95DD03eQ6hm3kNCgN5D3JneQ5az
3kMwzd5DqObeQ2MA30PcGd9DdTPfQw9N30OoZt9DQoDfQ/yZ30N1s99DD83fQ8nm30NCAOBD
3BngQ3Uz4EMwTeBDqGbgQ0KA4EP8meBDdbPgQw/N4EOo5uBD</AssayXData><AssayYData Points="900">SiiJQJdViUCnYYlAH4aJQOeiiUDjqolAHZCJQLKqiUCJv4lAuZyJQGi+iUCM04lA69aJQD/R
iUCb1olAw8mJQOX0iUCG4IlAMfCJQAPIiUCR94lAffSJQFcEikAR9YlAc+SJQB4TikBLA4pA
DvCJQN3WiUDJ2IlAYQ2KQLUIikB0D4pArwaKQDHyiUDl3YlAqAyKQIP1iUBFCIpAhhOKQKAF
ikD/+IlA6AiKQLEvikBwAopA/RmKQPskikAJL4pAuA6KQGgwikC6IYpAPS6KQK8nikCdMopA
dSWKQOotikD9KIpAKjyKQGswikARVYpA3BSKQFs3ikB+OIpAHBCKQJNPikCeNopALzmKQEUr
ikA9W4pAqUyKQMxEikAgQopAxj+KQDhSikCjfYpArmmKQEFBikBPeopA5jiKQHpXikAXUopA
/GaKQM1qikDOYYpA33SKQAtVikAuVYpAXomKQGlrikCxX4pA31iKQKaMikBUX4pAWVuKQB1R
ikCxXopAYWaKQJV3ikDYjIpAnHKKQA6HikAwY4pAap2KQCpaikD6aIpAh46KQFmGikBujopA
HI6KQIqbikCmhYpAvn2KQL6VikC4h4pAX4+KQCGIikD9iYpAqY2KQFGZikArpYpAJp+KQMqc
ikBop4pA56uKQPOpikCSs4pAlauKQMWiikCXtYpAKa2KQFyvikBzvIpAB7WKQHeqikDhmopA
VMuKQL2xikBryIpAN8OKQGG/ikD5oIpA7MSKQBPDikCc5YpAOq+KQNfDikCUxIpAeMyKQLHS
ikDTwYpAK9qKQMrPikDZ+YpAcN6KQFHiikBJBYtAbL6KQFrRikDq4YpAzuiKQNHjikCk7YpA
deiKQH/hikD504pAcgCLQGrvikB+yIpA+g+LQNn9ikAy7opApsyKQDjlikBW1IpA5daKQMD5
ikBc7opAQQuLQMzsikDCGYtA8wCLQPkCi0DOF4tAtvSKQCwgi0DiKItAVjiLQGYni0BrEotA
OQyLQCgti0AL+opACyaLQKwli0DlMItATymLQE0hi0BeMotA2EGLQJosi0BhSYtAihaLQE1F
i0ADQItA3D6LQLEJi0BpP4tAmCyLQFw3i0AxUItAwk2LQFJki0CdQ4tAZDyLQHcri0BGUItA
tU6LQAFSi0AJa4tAx0KLQL5Ii0AOUItAXFGLQJJJi0B4dItAJ1qLQLE4i0BVcYtATGuLQIJF
i0BwYItATV+LQMlmi0BzdItAS3CLQCZ3i0DfVYtAH1GLQDNGi0BWWotAZJKLQEaOi0A8eYtA
apKLQCyni0CiZ4tApHCLQAqci0C8Y4tAf5GLQPeIi0AGmYtAr4eLQJGCi0C0kItAhYqLQNWh
i0DxtItA16aLQGuIi0Azm4tAD42LQGSxi0B7o4tAeoqLQJbai0BYqYtAAoiLQJnDi0BXpotA
k5CLQKSni0BSrotAAJ6LQK+0i0DP1ItAJLOLQKSji0CQwItA4MSLQFisi0Br14tApdyLQKTf
i0CM5YtAfOGLQBe4i0AoyItAe8qLQGXEi0BuxItAXbiLQHzCi0Bd7YtAcuOLQKTdi0Aw4otA
9+CLQOXZi0C1CoxAJsSLQM0fjEAa8YtAueeLQDjmi0CN8ItAgACMQLIZjEDtI4xArguMQMzc
i0DkDoxAefeLQNoFjEA0+YtAHQaMQLobjECrNYxAXvqLQIgqjED/HIxA/veLQNkejEBqQ4xA
VSaMQDQRjEBjGIxArP2LQFJJjECOJ4xAMhiMQJErjED1HIxA5DmMQHkfjEBaGIxA4ziMQGQq
jEDKH4xA2xGMQAFFjED6OIxA2iiMQAVHjEDXL4xAR0uMQFtHjECWYIxADUWMQBhBjEAZFIxA
MTmMQD9sjEBhG4xAnWuMQLJKjEDuV4xAPkmMQOZZjEAvb4xAH1uMQNBMjEAyY4xA8WmMQGl9
jECUgYxA506MQH1/jEAvdoxABkyMQC1njEBmiIxAPniMQHB8jEATZoxAF4iMQPyKjECqdoxA
fpOMQE9ajEAYeoxAAJeMQEOIjEAmroxArICMQAmYjEAMdoxA/aGMQI+FjEBokoxAOcOMQOeh
jEDesIxAbLuMQJSjjEBYroxAqaSMQA+xjEDTqIxAuJ6MQP+WjECMz4xArLCMQOO2jEBXsoxA
CZ6MQK+yjEDKw4xAypaMQNKgjEAvvYxAiMuMQIfUjEALvIxACpuMQMbZjEDE3YxA/8uMQH2w
jEDeu4xAQrSMQM7WjEBP3oxAgdOMQEfejEB40IxA9uCMQDvajEDsvIxAKOCMQEPijEAq64xA
B/+MQNr6jEDW3oxAzRWNQMsFjUCT6YxAJvWMQEjhjECQ7YxAkACNQPAHjUCY54xA7vyMQIcK
jUApGY1AWf6MQDYFjUBM+IxAACmNQDgFjUCmD41AAyqNQBwLjUC8Lo1AKzCNQFMSjUDEJI1A
ZgGNQEgKjUDGFo1ABhiNQPwijUCGCI1Axg2NQHUrjUCyKY1AixaNQIdNjUBlH41AAFKNQNgz
jUA9Fo1AHTaNQMZGjUDLUI1AOlqNQLtJjUAGLY1AbFqNQBBqjUBJOY1AKTONQORbjUA0RY1A
oiSNQBtajUCnZY1ARGSNQCZMjUAKXY1AM3SNQAA8jUDDUo1A5maNQKptjUDrWo1Aw2ONQE9d
jUDwZ41AFk+NQKZ3jUAEcY1AR1+NQB+XjUAGmo1AhY6NQBaEjUDCgY1Ai5GNQK6DjUBQhY1A
aJONQGCHjUB/no1Ac5KNQDGRjUAUgY1AL2mNQG6VjUA7k41AkKCNQAmojUCqfo1Aq7ONQCmf
jUAXmY1A5LGNQM+KjUAmro1AmqiNQKWVjUBI4Y1ASKaNQDuXjUBswI1As8GNQOSDjUA3po1A
gNONQF/VjUAH641AQcGNQJe5jUC4xI1APsiNQD+6jUA86Y1AVtiNQLLnjUDztY1AVt2NQBjN
jUDws41AcsKNQKffjUATzo1AXeWNQJngjUAI541ACsiNQGzujUAO2o1ASdmNQCDujUBExo1A
c+yNQFDZjUAAyo1AHcaNQIYBjkCS5I1AD/CNQFr6jUBt4I1A1BuOQIgZjkDxBI5ARiqOQJQU
jkB5RY5ADwiOQAAFjkCrKY5A1QiOQDsLjkCYRY5A5/SNQA4IjkAeKI5ACiiOQL8djkDmCY5A
CjCOQIIZjkBHGo5AEy6OQO4UjkCzG45AKDOOQBpAjkArJ45AyyiOQFpEjkCPHY5Afh2OQBFK
jkCzP45AZCSOQGpRjkBBPI5A7C+OQD1RjkA9QI5A4EKOQO5JjkArQY5AoDqOQBBTjkA/KI5A
K1uOQEVKjkBsXI5AAV6OQENSjkC3Uo5AAVuOQNxVjkCyao5Ag2WOQLhljkAsfY5AonmOQIuW
jkBBUI5AV2uOQAdXjkBVk45A1l6OQNlnjkARe45ADnCOQDeKjkB+Zo5A0ZeOQCpojkCco45A
ebOOQEOYjkB+WI5A5YWOQE17jkCljo5A3JSOQG2ZjkDZgY5ArJyOQDu5jkArgI5ANKyOQEak
jkBfqo5Ao7aOQOq0jkAkqI5ArsKOQE7FjkDlu45AnraOQKjHjkD0s45AkJqOQF65jkCi2I5A
jrqOQCjljkDOrI5A3quOQK/GjkDwy45AsK+OQCywjkBb0o5A676OQAvHjkCQ0Y5AGcaOQE7I
jkCk5I5AGNmOQFLPjkB8945AkeOOQBDVjkDt645A3tmOQObzjkDU345Ad8yOQNTAjkClAo9A
suqOQC7ujkAY3Y5AMAyPQNDtjkAD/45A2wSPQKYfj0DXB49A1t+OQPIaj0CS/o5Azj2PQAsm
j0D0445ANgOPQEkDj0DrG49ALRuPQEk8j0D+E49AQwKPQEgvj0DqH49AZjKPQOonj0CeDI9A
vuiOQCUnj0ATH49ACxGPQCYoj0ByQY9AvB+PQG0sj0BN/45A8jaPQEwij0BOTI9AmDKPQBcy
j0DAUo9AJ2KPQI9Gj0B/L49AzWCPQFFFj0BoL49AV1mPQEZMj0BlLI9AE16PQP1gj0DcVY9A
/E6PQFk6j0CRVo9AB3ePQOZjj0A2cY9A4FmPQJhbj0AyWI9AKXOPQHRdj0CNXI9AxIaPQHVd
j0AybY9A2YKPQLF/j0BFP49ABHOPQLqjj0Acc49AhFOPQHqIj0BwWo9Avn2PQL1Uj0Cpl49A
NmSPQBGej0D3d49AioGPQHiOj0BQno9AKqiPQDaJj0AhsY9ALLGPQFt6j0Dyt49A64KPQCuL
j0B4nY9Aqp2PQFagj0D1nI9Aur2PQHObj0A6y49AabKPQCGtj0CWr49AGLSPQGbGj0D/qY9A
INKPQP7Fj0BsuI9AvMWPQET2j0CXn49AGdiPQBuhj0At149A3MmPQM3Nj0BvrI9AQfiPQEvK
j0AGuY9AidmPQJ7Dj0Dl649AoMWPQFrPj0BN5o9AVOePQH/dj0BZ9o9AvNKPQMvyj0C53o9A
cd6PQJroj0DF949A8ruPQLbWj0B96o9Ax9qPQND7j0CKA5BA1PyPQMPVj0B+/I9ApPmPQNoF
kEAS/49AYgeQQAj9j0B0949AUu2PQAPjj0Bt949AtiaQQNv6j0Be6Y9AjPmPQDUhkEDl749A
qw2QQIP0j0A2/I9AMRSQQNUskECNB5BAEvuPQHkukEAOH5BA3RKQQLIokEBSL5BAtjOQQIBT
kEBSNJBA0jiQQIUrkEBoJZBAkzSQQNdWkECaMJBA6BuQQOJHkEB1UpBAm0eQQEZWkEB/bZBA
DDmQQFVakEB4M5BAJjSQQP5ZkECKTpBAV0+QQPpnkEBnUpBA</AssayYData></Step><Step><CommonData><SampleLocation>1</SampleLocation><SampleID>Octet Buffer</SampleID><SampleGroup></SampleGroup><SampleInfo></SampleInfo><SampleRow>K</SampleRow><SamplePlate>1</SamplePlate><WellType>BUFFER</WellType><Concentration>-1</Concentration><ConcentrationUnits>µg/ml</ConcentrationUnits><MolarConcentration>-1</MolarConcentration><MolarConcUnits>nM</MolarConcUnits><MolecularWeight>0</MolecularWeight><Temperature>30</Temperature><StartTime>567011</StartTime><AssayTime>300</AssayTime></CommonData><FlowRate>1000</FlowRate><StepType>DISASSOC</StepType><StepName>Dissociation</StepName><StepStatus>OK</StepStatus><ActualTime>300.001</ActualTime><CycleTime>0.2</CycleTime><AssayXData Points="1500">QgDhQ9wZ4UN1M+FDME3hQ6hm4UNjgOFD3JnhQ3Wz4UMVzuFDyebhQ0IA4kPcGeJDdTPiQw9N
4kPJZuJDY4DiQ9yZ4kN1s+JDMM3iQ8nm4kNCAOND3BnjQ3Uz40MPTeNDqGbjQ2OA40PcmeND
dbPjQw/N40Oo5uNDYwDkQ9wZ5EOWM+RDME3kQ6hm5ENCgORD3JnkQ3Wz5EMwzeRDqObkQ2MA
5UP8GeVDljPlQw9N5UOoZuVDQoDlQ9yZ5UN1s+VDMM3lQ6jm5UNjAOZD3BnmQ5Yz5kMPTeZD
qGbmQ0KA5kPcmeZDdbPmQw/N5kPJ5uZDQgDnQ/wZ50OWM+dDD03nQ6hm50NCgOdD3JnnQ5az
50MPzedDqObnQ0IA6EPcGehDdTPoQzBN6EOoZuhDY4DoQ9yZ6EN1s+hDMM3oQ6jm6ENjAOlD
/BnpQ3Uz6UMPTelDqGbpQ0KA6UPcmelDlrPpQw/N6UOo5ulDQgDqQ9wZ6kN1M+pDD03qQ8lm
6kNjgOpD3JnqQ3Wz6kMwzepDyebqQ2MA60P8GetDdTPrQw9N60OoZutDY4DrQ9yZ60N1s+tD
MM3rQ8nm60NjAOxD/BnsQ5Yz7EMPTexDyWbsQ0KA7EPcmexDlrPsQw/N7EOo5uxDQgDtQ9wZ
7UN1M+1DME3tQ6hm7UNjgO1D/JntQ5az7UMwze1DyebtQ0IA7kPcGe5DdTPuQzBN7kOoZu5D
QoDuQ9yZ7kN1s+5DD83uQ8nm7kNCAO9D/BnvQ3Uz70MPTe9DyWbvQ2OA70Pcme9DlrPvQzDN
70PJ5u9DYwDwQ9wZ8EN1M/BDME3wQ6hm8ENCgPBD3JnwQ3Wz8EMwzfBDyebwQ2MA8UP8GfFD
ljPxQw9N8UOoZvFDQoDxQ/yZ8UN1s/FDMM3xQ6jm8UNCAPJD3BnyQ3Uz8kMPTfJDyWbyQ0KA
8kPcmfJDdbPyQw/N8kPJ5vJDYwDzQ9wZ80N1M/NDD03zQ6hm80NCgPND/JnzQ3Wz80MPzfND
qObzQ0IA9EPcGfRDdTP0Qw9N9EPJZvRDQoD0Q9yZ9EN1s/RDMM30Q8nm9ENCAPVD/Bn1Q5Yz
9UMPTfVDqGb1Q2OA9UPcmfVDdbP1Q33P9UPJ5vVDYwD2Q9wZ9kN1M/ZDME32Q6hm9kNCgPZD
3Jn2Q3Wz9kNQzfZDyeb2Q0IA90P8GfdDljP3Qw9N90PJZvdDY4D3Q/yZ90N1s/dDMM33Q6jm
90NCAPhD3Bn4Q3Uz+EMwTfhDqGb4Q0KA+EPcmfhDdbP4QzDN+EOo5vhDYwD5Q9wZ+UOWM/lD
D035Q6hm+UNCgPlD3Jn5Q3Wz+UMPzflDyeb5Q0IA+kP8GfpDljP6Qw9N+kPJZvpDQoD6Q9yZ
+kN1s/pDMM36Q8nm+kNCAPtD/Bn7Q3Uz+0MwTftDyWb7Q0KA+0PcmftDdbP7Qw/N+0Oo5vtD
QgD8Q/wZ/EN1M/xDD038Q8lm/ENCgPxD/Jn8Q3Wz/EMwzfxDyeb8Q0IA/UP8Gf1DdTP9Qw9N
/UOoZv1DY4D9Q9yZ/UN1s/1DMM39Q6jm/UNCAP5D3Bn+Q5Yz/kMwTf5DqGb+Q2OA/kP8mf5D
dbP+QzDN/kPJ5v5DQgD/Q9wZ/0N1M/9DD03/Q6hm/0NCgP9D3Jn/Q5az/0M2zv9DqOb/QyEA
AETuDABEyxkARIcmAERlMwBEIUAARP5MAES7WQBEh2YARFRzAEQxgABE/owARLuZAESHpgBE
VLMARCHAAETuzABEu9kARJjmAERU8wBEIQABRP4MAUS7GQFEmCYBRFQzAUQhQAFE/kwBRLtZ
AUSHZgFEVHMBRDGAAUTujAFEu5kBRJimAURlswFEIcABRO7MAUS72QFEh+YBRFTzAUQhAAJE
7gwCRMsZAkSHJgJEVDMCRCFAAkT+TAJEu1kCRIdmAkRUcwJEIYACRO6MAkTLmQJEh6YCRFSz
AkQhwAJE/swCRMvZAkSH5gJEZfMCRCEAA0TuDANEuxkDRIcmA0RlMwNEIUADRO5MA0TLWQNE
h2YDRGVzA0QhgANE/owDRMuZA0SYpgNEZbMDRCHAA0TuzANEy9kDRIfmA0Rl8wNEMQAERO4M
BES7GQREmCYERGUzBEQhQARE7kwERMtZBESHZgREVHMERDGABETujAREu5kERJimBERUswRE
IcAERO7MBETs2QREmOYERFTzBEQxAAVE7gwFRMsZBUSHJgVEZTMFRCFABUTuTAVEy1kFRIdm
BURUcwVEIYAFRO6MBUS7mQVEh6YFRFSzBUQhwAVE/swFRLvZBUSH5gVEZfMFRDEABkT+DAZE
uxkGRIcmBkRlMwZEIUAGRP5MBkS7WQZEh2YGRGVzBkQhgAZE7owGRMuZBkSYpgZEVLMGRCHA
BkTuzAZEy9kGRIfmBkRU8wZEIQAHRP4MB0S7GQdEhyYHRFQzB0QxQAdE/kwHRLtZB0SHZgdE
VHMHRDGAB0T+jAdEy5kHRIemB0RUswdEIcAHRP7MB0TL2QdEh+YHRFTzB0QhAAhE/gwIRMsZ
CESHJghEVDMIRCFACET+TAhEy1kIRIdmCERUcwhEIYAIRO6MCETLmQhEh6YIRFSzCEQhwAhE
7swIRLvZCESH5ghEVPMIRCEACUT+DAlEyxkJRIcmCURUMwlEIUAJRP5MCUS7WQlEh2YJRFRz
CUQxgAlE7owJRLuZCUSHpglEVLMJRCHACUT+zAlEu9kJRIfmCURl8wlEIQAKRP4MCkS7GQpE
hyYKRGUzCkQhQApE/kwKRLtZCkSHZgpEZXMKRCGACkTujApEy5kKRJimCkRlswpEMcAKRO7M
CkS72QpEh+YKRFTzCkQhAAtE7gwLRLsZC0SHJgtEVDMLRCFAC0TuTAtEy1kLRJhmC0RlcwtE
IYALRO6MC0S7mQtEmKYLRGWzC0QhwAtE7swLRMvZC0SY5gtEZfMLRCEADETuDAxEuxkMRIcm
DERUMwxEIUAMRP5MDES7WQxEmGYMRGVzDEQxgAxE7owMRMuZDESHpgxEVLMMRKDCDET+zAxE
u9kMRIfmDERU8wxEIQANRP4MDUS7GQ1EhyYNRFQzDUQhQA1E7kwNRMtZDUSHZg1EZXMNRCGA
DUT+jA1Ey5kNRIemDURlsw1EMcANRP7MDUS72Q1Eh+YNRFTzDUQxAA5E7gwORMsZDkSHJg5E
ZTMORCFADkTuTA5Eu1kORIdmDkRlcw5EMYAORO6MDkTLmQ5EmKYORFSzDkQhwA5E7swORLvZ
DkQ85w5EVPMORDEAD0TuDA9EuxkPRJgmD0RlMw9EIUAPRP5MD0S7WQ9EmGYPRFRzD0QhgA9E
7owPRLuZD0SHpg9EVLMPRCHAD0T+zA9Eu9kPRIfmD0RU8w9EIQAQRP4MEES7GRBEhyYQRGUz
EEQxQBBE7kwQRLtZEESHZhBEVHMQRCGAEET+jBBEupkQRIimEERUsxBEIcAQRO7MEETL2RBE
iOYQRFTzEEQyABFE/gwRRLoZEUSYJhFEZDMRRDJAEUTuTBFEulkRRIhmEURkcxFEIYARRP6M
EUS6mRFEiKYRRFSzEUQhwBFE/swRRLrZEUSY5hFEVPMRRDIAEkT+DBJEuhkSRIgmEkRUMxJE
IUASRO5MEkS6WRJEmGYSRFRzEkQygBJE7owSRLqZEkSIphJEVLMSRDLAEkTuzBJEutkSRIjm
EkRU8xJEMgATRO4ME0TLGRNEiCYTRFQzE0QyQBNE7kwTRMtZE0SIZhNEZHMTRDKAE0TujBNE
upkTRJimE0RUsxNEIcATRO7ME0TL2RNEiOYTRFTzE0QhABRE/gwURLoZFESIJhREZDMURCFA
FETuTBREulkURIhmFERUcxREMoAURO6MFES6mRREmKYURFSzFEQywBRE7swURLrZFESY5hRE
VPMURCEAFUTuDBVEuhkVRIgmFURUMxVEMkAVRO5MFUTLWRVEiGYVRGRzFUQhgBVE7owVRMuZ
FUSIphVEVLMVRDLAFUT+zBVEy9kVRJjmFURU8xVEIQAWRO4MFkS6GRZEiCYWRFQzFkQyQBZE
7kwWRLpZFkSYZhZEZHMWRDKAFkT+jBZEy5kWRIimFkRUsxZEMsAWRO7MFkS62RZEiOYWRGTz
FkQhABdE7gwXRLoZF0SIJhdEVDMXRCFAF0TuTBdEy1kXRJhmF0RkcxdEIYAXRO6MF0S6mRdE
iKYXRFSzF0QhwBdE7swXRLrZF0SI5hdEZPMXRDIAGETuDBhE7BkYRIgmGERUMxhEIUAYRO5M
GES6WRhEmGYYRGRzGEQygBhE7owYRMuZGESYphhEVLMYRCHAGETuzBhEutkYRADoGERU8xhE
IQAZRP4MGUS6GRlEiCYZRFQzGUQyQBlE7kwZRLpZGUSIZhlEZHMZRCGAGUT+jBlEupkZRIim
GURksxlEIcAZRO7MGUTL2RlEmOYZRFTzGUQhABpE/gwaRLoZGkSIJhpEVDMaRCFAGkT+TBpE
ulkaRIhmGkRUcxpEMoAaRP6MGkS6mRpEmKYaRFSzGkQywBpE7swaRLrZGkSI5hpEZPMaRDIA
G0T+DBtEuhkbRIgmG0RUMxtEMkAbRO5MG0S6WRtEiGYbRFRzG0QhgBtE7owbRLqZG0SIphtE
ZLMbRCHAG0QEzhtEutkbRIjmG0RU8xtEMgAcRO4MHES6GRxEmCYcRFQzHEQyQBxE7kwcRLpZ
HESIZhxEVHMcRDKAHETujBxEy5kcRJimHERUsxxEIcAcRO7MHES62RxEiOYcRGTzHEQyAB1E
7gwdRLoZHUSIJh1EVDMdRDJAHUTuTB1EulkdRIhmHURUcx1EMoAdRP6MHUS6mR1EiKYdRGSz
HUQhwB1E7swdRLrZHURc5x1EZPMdRCEAHkTuDB5EuhkeRIgmHkRUMx5EMkAeRO5MHkTLWR5E
iGYeRFRzHkQhgB5E/oweRLqZHkSIph5EZLMeRCHAHkT+zB5EutkeRJjmHkR18x5EIQAfRO4M
H0TLGR9EmCYfRGQzH0QhQB9E7kwfRMtZH0SIZh9EZHMfRCGAH0T+jB9Ey5kfRJimH0RUsx9E
MsAfRO7MH0S62R9EmOYfRFTzH0QhACBE7gwgRLoZIESIJiBEVDMgRCFAIET+TCBEy1kgRJhm
IERUcyBEMoAgRP6MIETLmSBEiKYgRGSzIEQhwCBE7swgRLrZIESI5iBEVPMgRCEAIUTuDCFE
yxkhRIgmIURkMyFEIUAhRP5MIUS6WSFEmGYhRFRzIUQhgCFE7owhRMuZIUSIpiFEZLMhRCHA
IUTuzCFEy9khRIjmIURU8yFEMgAiRP4MIkS6GSJEiCYiRGQzIkQyQCJE7kwiRLpZIkSYZiJE
VHMiRCGAIkTujCJEupkiRIimIkRUsyJEIcAiRO7MIkTL2SJEruciRFTzIkQhACNE7gwjRLoZ
I0SIJiNEVDMjRCFAI0TuTCNEy1kjRIhmI0RUcyNEMoAjRP6MI0S6mSNEiKYjRFSzI0QhwCNE
/swjRLrZI0SI5iNEZPMjRCEAJETuDCREuhkkRJgmJERUMyREIUAkRP5MJES6WSREiGYkRFRz
JEQhgCRE/owkRLqZJESIpiREZLMkRCHAJET+zCREutkkRIjmJERk8yREMgAlRO4MJUS6GSVE
iCYlRFQzJUQyQCVEDk0lRLpZJUSYZiVEVHMlRDKAJUT+jCVEy5klRIimJURUsyVEIcAlRO7M
JUS62SVEmOYlRFTzJUQhACZE/gwmRLoZJkSIJiZEZDMmRCFAJkT+TCZEulkmRIhmJkRkcyZE
IYAmRP6MJkS6mSZEiKYmRGSzJkQhwCZE7swmRLrZJkSY5iZEVPMmRDIAJ0TuDCdEyxknRIgm
J0RUMydEMkAnRP5MJ0S6WSdEiGYnRFRzJ0QhgCdE7ownRLqZJ0SYpidEZLMnRCHAJ0TuzCdE
utknRIjmJ0RU8ydEMgAoRO4MKES6GShEiCYoRGQzKEQhQChE7kwoRLpZKESIZihEZHMoRCGA
KET+jChEupkoRIimKERksyhEIcAoRO7MKETL2ShEiOYoRFTzKEQhAClE/gwpRLoZKUSIJilE
VDMpRDJAKUTuTClEulkpRIhmKURUcylEMoApRO6MKUS6mSlEmKYpRFSzKUQhwClE/swpRLrZ
KUSI5ilEVPMpRCEAKkTuDCpEuhkqRJgmKkRUMypEMkAqRO5MKkS6WSpEmGYqRGRzKkQygCpE
7owqRLqZKkSYpipEVLMqRCHAKkTuzCpEutkqRJjmKkRU8ypEMgArRP4MK0S6GStEiCYrRGQz
K0QhQCtE7kwrRLpZK0SIZitEZHMrRDKAK0TujCtEupkrRIimK0RUsytEIcArRP7MK0S62StE
iOYrRFTzK0QhACxE/gwsRLoZLESIJixEVDMsRDJALETuTCxEy1ksRIhmLERUcyxEMoAsRO6M
LES6mSxEiKYsRFSzLEQhwCxE7swsRLrZLERt5yxEVPMsRCEALUT+DC1EyxktRIgmLURUMy1E
IUAtRP5MLUS6WS1EiGYtRGRzLUQhgC1E7owtRMuZLUSYpi1EVLMtRCHALUTuzC1EutktRIjm
LURU8y1EMgAuRO4MLkS6GS5EiCYuRGQzLkQhQC5E7kwuRLpZLkSIZi5EVHMuRCGALkTujC5E
upkuRIimLkRUsy5EIcAuRO7MLkS62S5EmOYuRGTzLkQhAC9E/gwvRMsZL0SYJi9EVDMvRCFA
L0T+TC9Ey1kvRJhmL0Rkcy9EIYAvRO6ML0S6mS9EiKYvRGSzL0QhwC9E7swvRMvZL0SI5i9E
VPMvRCEAMET+DDBEyxkwRIgmMERUMzBEIUAwRO5MMES6WTBEiGYwRGRzMEQhgDBE/owwRMuZ
MESYpjBEZLMwRDLAMETuzDBEutkwRIjmMERU8zBEIQAxRO4MMUTLGTFEiCYxRGQzMUQyQDFE
/kwxRLpZMUSYZjFEZHMxRDKAMUTujDFEupkxRJimMURkszFEMsAxRO7MMUS62TFEvucxRGTz
MUQhADJE/gwyRMsZMkSYJjJEZDMyRCFAMkTuTDJEulkyRJhmMkRUczJEIYAyRO6MMkTLmTJE
iKYyRFSzMkQhwDJE/swyRLrZMkSI5jJEVPMyRDIAM0T+DDNEuhkzRJgmM0RUMzNEMkAzRO5M
M0S6WTNEmGYzRFRzM0QygDNE7owzRMuZM0SYpjNEVLMzRCHAM0T+zDNEutkzRIjmM0Rk8zNE
MgA0RP4MNES6GTREiCY0RFQzNEQhQDRE/kw0RLpZNESIZjREZHM0RDKANETujDREy5k0RIim
NERUszREIcA0RO7MNES62TREiOY0RGTzNEQhADVE7gw1RLoZNUSYJjVEZDM1RDJANUTuTDVE
ulk1RJhmNURkczVEIYA1RO6MNUS6mTVEiKY1RFSzNUQhwDVE/sw1RLrZNUSI5jVEZPM1RDIA
NkTuDDZEuhk2RJgmNkRUMzZEIUA2RO5MNkTLWTZEiGY2RGRzNkQhgDZE7ow2RMuZNkSopjZE
VLM2RELANkTuzDZEy9k2RJjmNkRk8zZEMgA3RO4MN0TcGTdEiCY3RFQzN0QyQDdE7kw3RMtZ
N0SYZjdEVHM3RDKAN0TujDdEupk3RIimN0RkszdEIcA3RO7MN0S62TdEiOY3RGTzN0QhADhE
/gw4RMsZOESIJjhEVDM4RCFAOET+TDhEy1k4RIhmOERUczhEIYA4RO6MOETLmThEiKY4RFSz
OEQhwDhE7sw4RMvZOESY5jhEVPM4RCEAOUTuDDlEyxk5RJgmOURkMzlEIUA5RO5MOUS6WTlE
mGY5RFRzOUQygDlE7ow5RLqZOUSIpjlEVLM5RDLAOUT+zDlEy9k5RMnmOURU8zlEIQA6RO4M
OkS6GTpEiCY6RGQzOkQhQDpE/kw6RLpZOkSIZjpEVHM6RDKAOkT+jDpEupk6RJimOkRkszpE
IcA6RO7MOkS62TpEiOY6RGTzOkQhADtE7gw7RLoZO0SIJjtEVDM7RCFAO0TuTDtEy1k7RIhm
O0RkcztE</AssayXData><AssayYData Points="1500">tAuQQIpUkED2fJBA1mGQQNtbkEDBd5BAGV2QQMN8kEA9lJBAE0CQQOl9kEBlcpBAkG2QQAeh
kECVjJBAzIGQQM6ckECfqJBAsaSQQAO/kEA+dZBAaXSQQEWukEC0hJBAGJSQQGR2kECPoZBA
PpaQQDKEkEBoo5BACI+QQNmNkECDoZBANJ6QQMyYkEBceZBAMLOQQJNwkEApn5BAr8+QQCmo
kEDGcpBAYZ+QQDe0kEA9j5BA3L2QQAeGkEBXlZBApcKQQJmikEAnpZBAtI6QQK+VkEBLl5BA
jpeQQG6mkEAIrZBAb5GQQAShkEDkpZBALaiQQOXHkECXn5BA/ouQQIa8kEDvrpBAUIiQQDCy
kEAGy5BAE6+QQJyPkEBKr5BAhoeQQB+ykEDeoZBAw6qQQHmzkEC5vpBA3JeQQCuikECkspBA
/JuQQPOjkEBGm5BAkquQQECYkEAospBAJK+QQH+QkEDVtJBABbiQQOS3kECbnJBA2aiQQCO1
kEC3v5BApZyQQByykEBGpZBAm8aQQH3SkEDdl5BA3r2QQMyekEBlrJBAh8WQQOrPkEDBrZBA
yrSQQJbikEAqpJBAcZmQQL3AkEAtwZBA9sKQQM3PkEDWz5BATI2QQHvMkEChwJBATcKQQKbp
kECvsJBAIKqQQAfFkEDgvJBAGMGQQGzWkEA0tJBAx7WQQPS1kEC02pBAwuOQQGS3kEAY1pBA
16OQQIm7kEBm35BA0L+QQKXNkEBgjpBApc6QQGLfkEAcrZBAtcyQQHDukEDUx5BA1fKQQA7Q
kEDB4JBAUZyQQFXekEBK0JBAXb+QQAvDkEC3t5BA6OmQQJHskEDQyJBA5uCQQJ7okEDUu5BA
Ot2QQG/JkEB12JBAwrmQQLTtkEDHxZBAud2QQCnQkECk4JBAttGQQE7lkEDy4pBAAdmQQI7L
kEBFCZFAAJ+QQNLGkEC5w5BApNGQQNbPkEBL7ZBAb9uQQDnOkEBl65BAk9aQQDbtkEC21ZBA
xO6QQOCxkEBW5ZBAcweRQLrXkEDd2JBAGdqQQOvokEBroJBA5+iQQEXgkED235BA7c+QQD7t
kED/25BAF9yQQOYHkUAPzJBA9cyQQEPRkEDE6JBAqPyQQEcNkUC27JBA+tuQQBnukECrBpFA
DQWRQHjfkECa8JBAP9OQQILYkEAS4ZBAlOeQQCXrkEAC+pBAZtKQQEbbkEBn+pBAI/OQQKTp
kEAQCpFAXu2QQAP1kEBqCJFAj/yQQE/GkEAz2JBAtheRQGjvkEBt4ZBA/wiRQGPtkEBA55BA
3xWRQHUEkUA07pBAU+KQQJ4DkUAO85BAieWQQOMSkUCg2JBAvuSQQFsPkUCZ6JBAjPmQQBAG
kUCJOZFARfaQQKcUkUDu8ZBAvviQQMsAkUCa0pBA0u6QQPT9kEBpDZFAKRuRQGz2kED6G5FA
AvGQQF8WkUAB+ZBAFBCRQLrjkEDeHpFAnxKRQDrekEBQHJFA9gaRQLTYkEBnFZFA1gmRQMgW
kUDRBJFATvSQQAb1kEBWApFAgRaRQFv7kEA/+JBApQ6RQKrnkEDnCZFAUBKRQG0OkUAW+ZBA
fTWRQAcykUBR9JBAkgKRQIz5kECwB5FA3ySRQKALkUDIA5FANwuRQE8ZkUA7DJFAoxqRQN47
kUC/EJFAlBKRQFQEkUA1+JBArC2RQHMJkUA9KZFAHTCRQBwUkUCeD5FA2hmRQHQOkUArIZFA
0O+QQJP+kEAfHpFAgB2RQHH/kECZDJFA6v+QQPP7kECCGZFAsSGRQOINkUBmJJFA/EGRQJcj
kUD9FJFAcR+RQJ4hkUDO95BAbx6RQBEYkUB5GJFAFEWRQF8AkUDZFZFAGyaRQLcXkUDKQZFA
DxSRQEAmkUBOA5FAqxORQEoakUDOFpFADx6RQPw0kUCfI5FA6TORQHYVkUA5EZFAVFKRQNoW
kUAYLpFATSSRQHoykUDa/5BAZy+RQDsnkUCFFpFAGhqRQIcOkUD5JJFAUR+RQIA0kUAcOZFA
cwqRQNdEkUDGE5FAWCuRQFcykUAkXpFABECRQL0ikUDTCpFAhR2RQCQmkUDcJ5FAix2RQD8F
kUD4QpFADFWRQIU6kUAiNJFAehuRQOAIkUD+GZFAYjGRQP8vkUAIIZFA5j6RQAJXkUBMJZFA
skGRQG5AkUD+J5FAyyiRQAQwkUDuIZFATSGRQKo7kUBQQpFAVDiRQME5kUAcOJFApDCRQBc6
kUBlRJFA/SSRQC42kUAlQJFANDyRQBI7kUCyI5FAcTiRQAYpkUBvVJFAbDWRQJgkkUBADpFA
bkmRQBkzkUAsLZFAq1KRQBc2kUAxJpFARz+RQMZBkUDbQJFAXzmRQLIdkUCIPJFAxEiRQJLz
kEDbApFA9EmRQIdIkUDiLJFA7UqRQFdDkUDlPJFA5DWRQOVSkUDdIJFAEVSRQP9ckUA3P5FA
NzeRQHMukUAuKJFAuDiRQCI2kUDbJJFAVzeRQNQ0kUASQpFAiTqRQDNDkUC/TJFA+EKRQHM7
kUBUKZFAfkqRQJItkUCjIJFAklORQPM8kUDlJJFAyjuRQPJgkUBcXpFAyFGRQL5JkUAVIZFA
sEyRQDYukUDONJFAkECRQOhEkUAFL5FAa0CRQIo5kUA/VZFASEiRQKZbkUDtOpFAfmiRQIUv
kUBEO5FAn0KRQKFjkUCVMpFAfV6RQHVCkUA/S5FAKk2RQG9okUDZKZFAa1WRQDxokUDzPJFA
EUGRQIhZkUB5MZFAKDmRQDU4kUAcZJFAXleRQAGBkUCucZFAuiSRQBVYkUB9X5FALReRQJs+
kUD2V5FAJFyRQIxtkUDjW5FASC6RQExIkUDXTJFAvV2RQPQmkUA2OJFAd0iRQAQ0kUBtU5FA
p1CRQNxjkUBEfJFAZFCRQLx4kUCIcpFAEFWRQCFikUDoFZFAh0iRQAdqkUD6RJFAInGRQFJB
kUB9SpFAFIqRQKZYkUDGX5FAQT2RQEddkUA0L5FAL0WRQCJckUAtPpFAwmORQCx0kUC4SZFA
3VmRQG9wkUCyNJFAEWyRQFBtkUC9TJFAfFmRQNNlkUCxWZFAoj2RQONXkUBaY5FA0TSRQCRA
kUBYbJFAWGCRQLVbkUA1TpFAIEGRQIBYkUDGVJFA5VmRQKNfkUBgW5FA+2eRQPFakUAhUpFA
TlORQBFPkUCDZ5FAWGORQHFnkUAKbJFAKG+RQBl2kUAjdZFA2VCRQCIkkUBsYZFAGmWRQA5b
kUDwYJFAVn6RQJRikUCjYJFAmDyRQFqJkUAkZpFA4XeRQA+QkUC+VpFAeGiRQPBukUBjXpFA
eI2RQJ97kUAUfZFAVmeRQMBxkUAJXJFAozyRQNQ4kUAxdpFA12mRQPx9kUAvfpFAmkeRQLdP
kUDWVpFAFWyRQE6IkUB8UJFA9VGRQP9LkUB4h5FAToGRQNZykUBdaJFAJFiRQItekUArgJFA
hFKRQPBLkUDPmpFAdXSRQLJLkUB5c5FApnyRQMBxkUDjgJFAgnSRQG2MkUDShZFAKl6RQMd7
kUB7dZFA0HCRQLiDkUBYTpFAaFqRQNFjkUAdZZFAs3CRQBx+kUDBbZFAW2yRQK57kUDoQZFA
UmeRQFWMkUA8fJFAWmWRQI2KkUDsd5FANmKRQKp8kUCBSJFAl4CRQKZ7kUD7lJFAgYSRQAtR
kUCfj5FAileRQLldkUBWj5FAM16RQImCkUCIb5FA5GSRQNldkUDAXZFAPmmRQOJ4kUBOTJFA
b5SRQHR0kUBiY5FA9oCRQAddkUAGcJFAsoyRQPR8kUCqdZFAZoyRQEuJkUBQcJFAWI+RQEeB
kUAAg5FAcjuRQAeMkUDZc5FAuWaRQFpjkUBPbJFAmnyRQKx9kUAFZZFAt2ORQHCHkUBtYZFA
F3ORQPNIkUBYYJFAeEqRQERhkUDsdJFAvGWRQPZ6kUAyj5FAZneRQBJ3kUBDbZFADXORQANq
kUBRiJFAk4CRQBmOkUDHiJFAHGWRQG+akUAQepFAJ4yRQDuXkUAQZ5FAS4GRQO5hkUCufZFA
YIaRQMhtkUAWapFAK26RQEl2kUD8lpFAhpKRQKx+kUBPgpFAaWeRQC95kUBEaZFAj42RQFVs
kUAQhpFAdIaRQIebkUBoapFAg3GRQJOQkUD4lJFA0m+RQPdtkUCxkZFAWkqRQO+MkUAegJFA
aj6RQIh+kUBITJFA3nuRQF2bkUBOk5FA93yRQL2NkUBvqZFAkZCRQAd0kUCqoZFA9XCRQGuL
kUAxiZFAboaRQEV8kUChmpFA73KRQHZtkUA4dJFAT52RQP+OkUCZg5FAKaGRQHtzkUDObZFA
0p6RQLt7kUADc5FA3qiRQFCMkUChhJFAMpCRQEmxkUB2nZFAKp6RQN2OkUBRiZFAgIWRQKOb
kUBycZFA/JaRQGh7kUBXmZFAW4SRQEyAkUAwj5FAi4yRQJB5kUBlhJFAuVWRQDSZkUBZtZFA
KleRQPt6kUDzlZFAIXqRQEShkUABn5FAtIGRQDNWkUCJiZFAAneRQI57kUA7ppFAEaKRQOaC
kUD5eZFAlKuRQJZikUDwdZFAhXWRQMZqkUCFlJFAV42RQJqTkUD7fpFADoeRQGaTkUAlgpFA
p5yRQPSOkUCnjZFAsJORQHGxkUBmcZFAk36RQFSZkUBGeJFAIp6RQF6LkUAlpZFAc3uRQD2E
kUBOl5FA6IiRQNeWkUA6jJFA256RQBZvkUBapZFAMpGRQFuHkUAFlpFAX5CRQJePkUA7gpFA
cZWRQHRgkUAmf5FAz2SRQFN5kUAQjZFAa4uRQMh8kUCWhJFAiYuRQE+UkUAIm5FA6ImRQCiK
kUCzWZFATnWRQNiskUBScJFAq8CRQIx9kUCoY5FAmH+RQE52kUAvnZFA+HKRQFuLkUAsiZFA
nI6RQGWDkUDygJFAnIeRQB2NkUD1lpFAr5mRQKeUkUCHoJFAXqCRQN6lkUB7dJFAA5yRQP2k
kUCZkpFAm4GRQLFukUAgfpFAmIaRQMSmkUC/epFAgpGRQJaYkUDFjJFAbouRQKJ+kUDilpFA
52aRQD2ckUA3fJFAJ4yRQA+CkUAuqZFA26iRQPB6kUDulZFAdbyRQJWIkUCfapFAxZqRQKSr
kUDYhpFA2YWRQBKGkUCSqJFAj5ORQHuukUArjZFA/ImRQIRykUAkjJFA57iRQLiTkUChopFA
oYCRQJd5kUAulZFATZGRQCWWkUDQiZFA84+RQF+GkUC7fpFAkJCRQJrJkUCdoZFAVZeRQBSo
kUCMlZFAI2yRQLKMkUBVoJFA2ZORQAGIkUCLeZFAAJaRQKK0kUD4jpFAaY2RQHCgkUDcvJFA
uI+RQKKbkUC6npFAqLmRQLKVkUD0sJFAhV6RQMV1kUCRrZFArISRQKqDkUCpmJFAn36RQPR9
kUAc3ZFAlaiRQISckUDrpJFAH3iRQACQkUBnxJFAA6yRQIR/kUDvkJFAk4eRQBC1kUDynpFA
oJ6RQLijkUAqe5FAl6GRQGOKkUCZnZFAY4aRQDq1kUAZjJFAW7eRQAaxkUCckZFA54eRQDGq
kUDPkZFAmIGRQFyNkUAjy5FA0J2RQJGYkUAduJFAhI+RQJGYkUCJf5FAXdGRQFqskUC2i5FA
sY2RQPGAkUDak5FAwayRQHOukUDMlZFAjJyRQAazkUCwoZFA866RQHR6kUCTvZFANYSRQFeU
kUA2kJFA7X6RQOiqkUD+kpFA63qRQN+xkUCroJFAEnqRQCaWkUD6rZFAZMGRQFqIkUDfrZFA
uKORQPiLkUDGnpFAM9WRQJinkUCaqpFAtLGRQO2EkUBYfJFA/ISRQBx6kUD9n5FA55aRQEiZ
kUASt5FAaa2RQHSVkUCehpFAo4yRQMSdkUCiq5FAMIaRQNG1kUBEopFAO5KRQECokUA8upFA
XryRQFyHkUAqkZFAOaiRQMOmkUBtt5FA56CRQPNykUBRj5FAt6mRQPu9kUB2i5FA3KaRQA+i
kUAjtpFAuqKRQHNlkUBem5FA0LqRQLiQkUBgnJFAWYKRQHO5kUCiopFAlYeRQJ6ikUDYp5FA
9IORQCfQkUB8h5FAgGaRQOGmkUDTe5FASZGRQJCvkUB2opFAWbSRQOickUD0jJFAi4CRQLOu
kUAco5FA52aRQBKckUBOnpFAP4uRQMyvkUCunJFAOoeRQIeZkUDVmJFABpSRQE2bkUB1tJFA
EaORQNOIkUAZpZFAbKSRQJ2tkUD7jZFA3LORQPGukUBHiZFAOIKRQO13kUB1fZFA1LGRQDyK
kUBIrpFASrKRQG6gkUA7oJFAKaKRQFO4kUAPlZFAep+RQDSskUDQq5FAcauRQFOlkUD3q5FA
kIGRQJKzkUA7pJFA0pSRQCCRkUBKepFAQImRQGKckUA6n5FAGrWRQFyekUD9oZFApomRQGCJ
kUBavZFAhqKRQJiFkUB7hZFAdoWRQDOIkUDjnpFAwKuRQLeOkUBarZFABcKRQD6dkUApppFA
/taRQLWwkUBtopFAbMmRQGSfkUDglJFAfaSRQNiakUBgp5FAL6WRQF+ekUDimJFAx7mRQEer
kUCxk5FA7q6RQDiNkUCrnJFAfKORQHKmkUAtopFAILSRQHOIkUB8qJFA4IORQBKrkUAVqZFA
Z4+RQIiAkUAcpJFAjpuRQLefkUA3n5FAp6GRQGfGkUB3z5FAbMCRQEC4kUCfuZFAqKSRQB6S
kUBUmpFA5o2RQKCfkUCHkJFA262RQPGWkUCun5FAociRQPKQkUADo5FAzreRQEKskUCDjpFA
ppKRQFmMkUBNnZFAOcuRQL+hkUD9lZFA9aCRQN68kUD3q5FA8ZWRQG2FkUC3kpFAbsyRQG2c
kUDbu5FAmouRQAPRkUBdtJFAK6mRQByykUDkrpFAkIyRQHPDkUAwnpFATJ2RQFC9kUCAnJFA
u56RQBOvkUB9oZFAZ5KRQIKxkUBmkJFA0qyRQFS9kUAZv5FA7aeRQKWXkUBOpZFAa6GRQDip
kUDuwpFAOqGRQEOqkUA5tJFA7LWRQGCAkUAttpFAppyRQGGjkUBct5FAM72RQDeSkUAljJFA
9bmRQJaskUCipZFAILiRQC9+kUDblZFAS7iRQJx5kUCHp5FAMqqRQA+0kUDNppFAw5+RQHWj
kUDiv5FA2LiRQIbJkUDVgZFAJ5SRQNDFkUB7lZFAeo2RQC+SkUCdlJFAbZORQK+kkUD1dJFA
pZ2RQByckUDivJFALpeRQNqokUDCuJFAa4+RQA+zkUDSwZFAxqCRQMCykUBuopFALaiRQLmK
kUAcqZFAYoqRQJKIkUD5rpFA/5yRQBKckUBsvJFAuZ6RQEizkUBMv5FAka+RQJaXkUD3mpFA
YrORQD24kUBZkZFAPqaRQOe/kUCpy5FAXLORQM+8kUDElJFAg5eRQLCmkUBcopFACr2RQGqw
kUC+jpFAi3iRQDzBkUA9jZFAcJeRQBewkUADpZFApKuRQPC7kUCnvJFAy7SRQKi1kUDbv5FA
rpGRQIOjkUAugpFAtneRQIOJkUCtm5FA/ZuRQFO/kUDogZFAOZGRQGHHkUDnl5FAT6+RQDCj
kUB3ppFACKKRQNulkUDKwpFAo4yRQKSekUBYoZFAGpiRQMOVkUAYpZFAKsWRQEudkUBXkpFA
gcKRQAKZkUCkhJFAUpyRQLCskUDqsJFAmYeRQM24kUDxgpFA/rORQEiIkUA7fpFA5cWRQCC+
kUCHjpFAmNuRQB6lkUCIp5FADnyRQNeykUAfspFAOZGRQMy2kUDHpJFAkZ6RQNypkUAlmpFA
+Y+RQKORkUCMrZFAzbKRQJSfkUCXjpFAAbuRQPqgkUBwsZFA1qaRQGankUDAq5FAIKSRQHu8
kUB8qpFAzsKRQGq5kUBxjpFACbaRQF2zkUBjpZFAirCRQFLBkUDIlZFAQ7KRQMeQkUDLuZFA
AaORQE6akUA/opFAWrqRQNKmkUCZkpFABcGRQIG8kUCHsZFA6LKRQJG7kUDKo5FA2ZiRQCeY
kUCckpFA</AssayYData></Step><Step><CommonData><SampleLocation>5</SampleLocation><SampleID>Glycine</SampleID><SampleGroup></SampleGroup><SampleInfo></SampleInfo><SampleRow>L</SampleRow><SamplePlate>1</SamplePlate><WellType>REGENERATION</WellType><Concentration>-1</Concentration><ConcentrationUnits>µg/ml</ConcentrationUnits><MolarConcentration>-1</MolarConcentration><MolarConcUnits>nM</MolarConcUnits><MolecularWeight>0</MolecularWeight><Temperature>30</Temperature><StartTime>876189</StartTime><AssayTime>5</AssayTime></CommonData><FlowRate>1000</FlowRate><StepType>KREGENERATION</StepType><StepName>Regeneration</StepName><StepStatus>OK</StepStatus><ActualTime>4.99999</ActualTime><CycleTime>0.2</CycleTime><AssayXData Points="25">MYA7RA6NO0TLmTtEl6Y7RHWzO0QxwDtEDs07RMvZO0SX5jtEZPM7RDEAPET+DDxEyxk8RJcm
PERkMzxEMUA8RA5NPETLWTxEl2Y8RHVzPEQxgDxE/ow8RMuZPESXpjxEZLM8RA==</AssayXData><AssayYData Points="25">dIlNvg5ln74MEcS+WQrbvuxU776R+AG/8FILv6t6Er9eiBq/z6Yivxj6J796VC6/ycgzv9Sn
Or/coD6/LfREv97ZSL9FgUy/EW1QvwaaVL/GSli/rSBbv91QXr8A5GC/fodjvw==</AssayYData></Step><Step><CommonData><SampleLocation>6</SampleLocation><SampleID>PBS</SampleID><SampleGroup></SampleGroup><SampleInfo></SampleInfo><SampleRow>L</SampleRow><SamplePlate>1</SamplePlate><WellType>NEUTRALIZATION</WellType><Concentration>-1</Concentration><ConcentrationUnits>µg/ml</ConcentrationUnits><MolarConcentration>-1</MolarConcentration><MolarConcUnits>nM</MolarConcUnits><MolecularWeight>0</MolecularWeight><Temperature>30</Temperature><StartTime>889595</StartTime><AssayTime>5</AssayTime></CommonData><FlowRate>1000</FlowRate><StepType>KREGENERATION</StepType><StepName>Regeneration</StepName><StepStatus>OK</StepStatus><ActualTime>4.99999</ActualTime><CycleTime>0.2</CycleTime><AssayXData Points="25">McA8RP7MPETL2TxEl+Y8RGTzPERBAD1E/gw9RMsZPUSoJj1EZDM9RDFAPUT+TD1E21k9RJdm
PURkcz1EQYA9RA6NPUTLmT1EqKY9RGSzPURBwD1E/sw9RNvZPUSX5j1EZPM9RA==</AssayXData><AssayYData Points="25">ljVBQNz3QkCsikNAtipEQN40RUDS80VAdp1GQPIcR0BskkdAmbtHQMgySEDFp0hAAY9IQMzb
SEBSTUlAUV9JQBejSUCVr0lA1UNKQPtZSkC9mUpA6aJKQBeQSkAp30pAXCtLQA==</AssayYData></Step><Step><CommonData><SampleLocation>5</SampleLocation><SampleID>Glycine</SampleID><SampleGroup></SampleGroup><SampleInfo></SampleInfo><SampleRow>L</SampleRow><SamplePlate>1</SamplePlate><WellType>REGENERATION</WellType><Concentration>-1</Concentration><ConcentrationUnits>µg/ml</ConcentrationUnits><MolarConcentration>-1</MolarConcentration><MolarConcUnits>nM</MolarConcUnits><MolecularWeight>0</MolecularWeight><Temperature>30</Temperature><StartTime>903008</StartTime><AssayTime>5</AssayTime></CommonData><FlowRate>1000</FlowRate><StepType>KREGENERATION</StepType><StepName>Regeneration</StepName><StepStatus>OK</StepStatus><ActualTime>5.00103</ActualTime><CycleTime>0.2</CycleTime><AssayXData Points="25">MQA+RA4NPkTLGT5ElyY+RHUzPkQxQD5EDk0+RNtZPkSoZj5EZHM+RDGAPkQOjT5E25k+RJem
PkR1sz5EMcA+RP7MPkTL2T5El+Y+RHXzPkRBAD9E/gw/RMsZP0SXJj9EdTM/RA==</AssayXData><AssayYData Points="25">xqIhv0odN7+eEEO/FIlKv1yDUb+IEli/M95cv3xRYb8nNGW//XVov7orar8oKmy/Hrpvv0KZ
cb/3p3W/mkB3v8Bdeb/X2Xu/uHZ9vxxKf79tC4C/GaOBvyOygb/C94K/pxyDvw==</AssayYData></Step><Step><CommonData><SampleLocation>6</SampleLocation><SampleID>PBS</SampleID><SampleGroup></SampleGroup><SampleInfo></SampleInfo><SampleRow>L</SampleRow><SamplePlate>1</SamplePlate><WellType>NEUTRALIZATION</WellType><Concentration>-1</Concentration><ConcentrationUnits>µg/ml</ConcentrationUnits><MolarConcentration>-1</MolarConcentration><MolarConcUnits>nM</MolarConcUnits><MolecularWeight>0</MolecularWeight><Temperature>30</Temperature><StartTime>916439</StartTime><AssayTime>5</AssayTime></CommonData><FlowRate>1000</FlowRate><StepType>KREGENERATION</StepType><StepName>Regeneration</StepName><StepStatus>OK</StepStatus><ActualTime>4.99999</ActualTime><CycleTime>0.2</CycleTime><AssayXData Points="25">QkA/RDBNP0TcWT9EqGY/RHVzP0RCgD9ED40/ROyZP0S5pj9EdbM/RELAP0QPzT9E3Nk/RKjm
P0R18z9EUgBARA8NQETcGUBEuSZARIYzQERSQEBED01AROxZQESoZkBEdXNARA==</AssayXData><AssayYData Points="25">hJg9QGArP0A5F0BA0QRBQASEQUD6jEJAXeRCQG2DQ0B620NA4UNEQGSJREC57kRAASBFQAxI
RUB6pkVAyPBFQHXIRUAigEZAwM5GQMHPRkCQxEZAfChHQAA/R0B9tUdAtcBHQA==</AssayYData></Step><Step><CommonData><SampleLocation>5</SampleLocation><SampleID>Glycine</SampleID><SampleGroup></SampleGroup><SampleInfo></SampleInfo><SampleRow>L</SampleRow><SamplePlate>1</SamplePlate><WellType>REGENERATION</WellType><Concentration>-1</Concentration><ConcentrationUnits>µg/ml</ConcentrationUnits><MolarConcentration>-1</MolarConcentration><MolarConcUnits>nM</MolarConcUnits><MolecularWeight>0</MolecularWeight><Temperature>30</Temperature><StartTime>929544</StartTime><AssayTime>5</AssayTime></CommonData><FlowRate>1000</FlowRate><StepType>KREGENERATION</StepType><StepName>Regeneration</StepName><StepStatus>OK</StepStatus><ActualTime>4.99999</ActualTime><CycleTime>0.2</CycleTime><AssayXData Points="25">QoBARA+NQETcmUBEqKZARIazQERSwEBED81ARNzZQES55kBEdfNARFIAQUQPDUFE3BlBRKgm
QUR1M0FEQkBBRA9NQUTcWUFEqGZBRHVzQURCgEFED41BRNyZQUS5pkFEdbNBRA==</AssayXData><AssayYData Points="25">wHkyv9y2Rr/eslC/UlhYvwo1Xr+F8WK/WXpov5M0a79ZOm6/1XxwvywYdL9PDHW/2853vxgo
er8Vp3u/HDt9vxuGf78myYC/5QOBv5wpgr+ZMoO/BBuDv3EzhL+naIS/0fGEvw==</AssayYData></Step><Step><CommonData><SampleLocation>6</SampleLocation><SampleID>PBS</SampleID><SampleGroup></SampleGroup><SampleInfo></SampleInfo><SampleRow>L</SampleRow><SamplePlate>1</SamplePlate><WellType>NEUTRALIZATION</WellType><Concentration>-1</Concentration><ConcentrationUnits>µg/ml</ConcentrationUnits><MolarConcentration>-1</MolarConcentration><MolarConcUnits>nM</MolarConcUnits><MolecularWeight>0</MolecularWeight><Temperature>30</Temperature><StartTime>942945</StartTime><AssayTime>5</AssayTime></CommonData><FlowRate>1000</FlowRate><StepType>KREGENERATION</StepType><StepName>Regeneration</StepName><StepStatus>OK</StepStatus><ActualTime>5.002</ActualTime><CycleTime>0.2</CycleTime><AssayXData Points="25">QsBBRB/NQUTc2UFEueZBRIbzQURCAEJEDw1CRNwZQkS5JkJEdTNCREJAQkQPTUJE3FlCRLlm
QkR1c0JEQoBCRA+NQkTcmUJEqKZCRHWzQkRCwEJED81CRNzZQkSo5kJElvNCRA==</AssayXData><AssayYData Points="25">4Hc+QF/BP0B3z0BAqn9BQDx+QkBf7kJAbYJDQA0BREC5c0RAnyRFQJeXRUAo6EVAyq1FQA8p
RkB3e0ZAf2dGQLiHRkDu80ZAtBhHQHivR0DG8UdAV+NHQIXzR0B7XEhA7DpIQA==</AssayYData></Step><Step><CommonData><SampleLocation>1</SampleLocation><SampleID>Octet Buffer</SampleID><SampleGroup></SampleGroup><SampleInfo></SampleInfo><SampleRow>K</SampleRow><SamplePlate>1</SamplePlate><WellType>BUFFER</WellType><Concentration>-1</Concentration><ConcentrationUnits>µg/ml</ConcentrationUnits><MolarConcentration>-1</MolarConcentration><MolarConcUnits>nM</MolarConcUnits><MolecularWeight>0</MolecularWeight><Temperature>30</Temperature><StartTime>957520</StartTime><AssayTime>20</AssayTime></CommonData><FlowRate>1000</FlowRate><StepType>CUSTOM</StepType><StepName>Sensor Check</StepName><StepStatus>OK</StepStatus><ActualTime>20</ActualTime><CycleTime>0.2</CycleTime><AssayXData Points="100">YwBDREANQ0QNGkNE2iZDRKczQ0RjQENEME1DRP1ZQ0TaZkNElnNDRHOAQ0QwjUNEDZpDRNqm
Q0SWs0NEY8BDRDDNQ0T92UNEyeZDRJbzQ0RzAEREQA1ERA0aRETJJkREljNERGNARERATURE
/VlERMlmRESnc0REY4BERDCNRET9mUREyaZERJazRERjwEREMM1ERP3ZRETa5kRElvNERHMA
RUQwDUVE/RlFRMkmRUSWM0VEc0BFRDBNRUT9WUVE2mZFRJZzRURzgEVEMI1FRA2aRUTapkVE
lrNFRHPARUQwzUVE/dlFRNrmRUSn80VEYwBGREANRkQNGkZEySZGRJYzRkRjQEZEQE1GRA1a
RkTJZkZElnNGRGOARkRAjUZEDZpGRMmmRkSWs0ZEY8BGRDDNRkQN2kZE2uZGRJbzRkRjAEdE
QA1HRP0ZR0TJJkdEljNHRHNAR0QwTUdEDVpHRMlmR0SWc0dEc4BHRDCNR0T9mUdEyaZHRJaz
R0RzwEdEMM1HRA3aR0TJ5kdElvNHRA==</AssayXData><AssayYData Points="100">k70/QN0hPUCnHjtAfnk6QMqLOUDKJTlAI0A5QHXeOEAO/DhAuiI5QE4SOUBvIzlAjng5QAG3
OUDtazlAqtQ5QFAGOkBMLDpAHUw6QPdvOkDYvTpA7bM6QGCzOkCUzTpAvg47QJRIO0B/QTtA
3oo7QPaPO0DvKTtAGpo7QGYSPECp7jtAjLg7QP5KPEBzQzxAIDc8QJUePEAMkDxAY0A8QGzI
PECz1DxA4bA8QA/EPEDtIz1Ajww9QNAPPUBqDj1AKfA8QPoRPUB7Pz1A4q49QKJPPUB0wj1A
jyA9QDh/PUA0nD1AupY9QGZ4PUCt6D1Ap+k9QK+ZPUCE6D1AQxc+QCP2PUBS8D1AHkU+QHMs
PkAkMT5AvkI+QDghPkD9TD5AkZA+QP1tPkBqeT5AK54+QFluPkDIhz5AX34+QHmhPkCzxD5A
o5Q+QJfFPkDs9j5ARIY+QE36PkCzNj9Az9k+QHQ8P0DC/D5AdPw+QD89P0CSAz9AXgw/QLA3
P0BhfD9ADRI/QG9vP0DxcT9AuVw/QA==</AssayYData></Step><Step><CommonData><SampleLocation>6</SampleLocation><SampleID>SI-157C12_P5159</SampleID><SampleGroup></SampleGroup><SampleInfo></SampleInfo><SampleRow>K</SampleRow><SamplePlate>1</SamplePlate><WellType>KLOAD</WellType><Concentration>5</Concentration><ConcentrationUnits>µg/ml</ConcentrationUnits><MolarConcentration>5000</MolarConcentration><MolarConcUnits>nM</MolarConcUnits><MolecularWeight>0</MolecularWeight><Temperature>30</Temperature><StartTime>986957</StartTime><AssayTime>120</AssayTime></CommonData><FlowRate>1000</FlowRate><StepType>LOADING</StepType><StepName>Loading</StepName><StepStatus>OK</StepStatus><ActualTime>120</ActualTime><CycleTime>0.2</CycleTime><AssayXData Points="600">YwBIREANSET9GUhEySZIRKczSERzQEhEME1IRP1ZSERpaUhEp3NIRGOASEQwjUhE/ZlIRMmm
SESWs0hEY8BIREDNSEQN2khEyeZIRKfzSERjAElEQA1JRP0ZSUTJJklEljNJRGNASURATUlE
/VlJRMlmSUSWc0lEY4BJRECNSUQNmklE2qZJRKezSURjwElEMM1JRP3ZSUTJ5klElvNJRGMA
SkRADUpE/RlKRMkmSkSWM0pEc0BKRDBNSkT9WUpE2mZKRJZzSkRjgEpEQI1KRA2aSkTJpkpE
lrNKRGPASkQwzUpE/dlKRMnmSkSn80pEYwBLRDANS0QNGktEySZLRJYzS0RjQEtEME1LRP1Z
S0TaZktElnNLRGOAS0QwjUtE/ZlLRMmmS0SWs0tEY8BLRDDNS0QN2ktEyeZLRJbzS0RzAExE
MA1MRP0ZTETJJkxEljNMRGNATEQwTUxE/VlMRMlmTESnc0xEY4BMRECNTEQNmkxEyaZMRKez
TERjwExEMM1MRA3aTETa5kxElvNMRGMATURADU1EDRpNRNomTUSnM01EY0BNRDBNTUQNWk1E
0mpNRO50TURjgE1EQI1NRA2aTUTJpk1Ep7NNRHPATURAzU1EDdpNRMnmTUSn801EcwBOREAN
TkQNGk5E2iZORKczTkRzQE5EQE1ORP1ZTkTJZk5Ep3NORGOATkQwjU5E/ZlORMmmTkSns05E
Y8BORDDNTkQN2k5E2uZORJbzTkRzAE9EMA1PRA0aT0TaJk9EljNPRHNAT0RATU9EDVpPRMlm
T0Snc09EY4BPRDCNT0T9mU9E2qZPRJazT0RjwE9EQM1PRP3ZT0TJ5k9ElvNPRHMAUEQwDVBE
/RlQRNomUESWM1BEY0BQRDBNUEQNWlBE2mZQRKdzUERjgFBEMI1QRA2aUETJplBElrNQRGPA
UEQwzVBE/dlQRMnmUESn81BEYwBRRDANUUQNGlFEySZRRKczUURjQFFEQE1RRP1ZUUTaZlFE
lnNRRGOAUUQwjVFE/ZlRRMmmUUSWs1FEc8BRRDDNUUQN2lFEyeZRRKfzUURzAFJEMA1SRA0a
UkTJJlJEljNSRGNAUkQwTVJE/VlSRC5qUkRKdFJEc4BSRECNUkT9mVJEyaZSRKezUkRzwFJE
MM1SRP3ZUkTJ5lJElvNSRGMAU0QwDVNEDRpTRMkmU0SWM1NEc0BTRDBNU0T9WVNEyWZTRJZz
U0RzgFNEMI1TRA2aU0TJplNElrNTRHPAU0RAzVNE/dlTRMnmU0Sn81NEYwBURDANVEQNGlRE
ySZURKczVERjQFREME1URP1ZVETJZlREp3NURGOAVEQwjVRE/ZlURNqmVESWs1REY8BUREDN
VET92VREyeZURJbzVERjAFVEMA1VRP0ZVUTaJlVEljNVRGNAVUQwTVVEDVpVRNpmVUSWc1VE
Y4BVRDCNVUT9mVVE2qZVRJazVURjwFVEMM1VRA3aVUTa5lVEp/NVRGMAVkQwDVZE/RlWRNom
VkSWM1ZEY0BWRDBNVkT9WVZE2mZWRKdzVkRjgFZEMI1WRA2aVkTJplZEp7NWRGPAVkQwzVZE
DdpWRMnmVkSW81ZEcwBXRDANV0T9GVdEySZXRKczV0RjQFdEME1XRA1aV0SAaldEnHRXRHOA
V0QwjVdE/ZlXRNqmV0SWs1dEc8BXRDDNV0QN2ldEyeZXRJbzV0RzAFhEMA1YRA0aWETJJlhE
pzNYRHNAWEQwTVhEDVpYRMlmWESnc1hEY4BYRDCNWET9mVhEyaZYRKezWERjwFhEMM1YRA3a
WETJ5lhElvNYRGMAWURADVlE/RlZRMkmWUSWM1lEc0BZRDBNWUQNWllEyWZZRJZzWURjgFlE
QI1ZRP2ZWUTJpllEp7NZRGPAWUQwzVlEDdpZRMnmWUSn81lEYwBaRDANWkT9GVpEySZaRJYz
WkRzQFpEME1aRA1aWkTaZlpElnNaRGOAWkQwjVpE/ZlaRMmmWkSns1pEY8BaREDNWkT92VpE
yeZaRJbzWkRzAFtEQA1bRP0ZW0TaJltEljNbRGNAW0QwTVtE/VlbRMlmW0Snc1tEc4BbRECN
W0T9mVtEyaZbRJazW0RjwFtEQM1bRA3aW0TJ5ltEp/NbRGMAXEQwDVxEDRpcRMkmXESWM1xE
Y0BcRDBNXEQNWlxE+GtcRCZ2XERzgFxEQI1cRP2ZXETaplxElrNcRGPAXERAzVxEDdpcRNrm
XESW81xEcwBdRDANXUT9GV1EySZdRJYzXURzQF1EQE1dRP1ZXUTJZl1ElnNdRGOAXUQwjV1E
/ZldRMmmXUSWs11Ec8BdREDNXUT92V1EyeZdRJbzXURjAF5EQA1eRP0ZXkTJJl5EpzNeRHNA
XkQwTV5E/VleRMlmXkSWc15Ec4BeRDCNXkT9mV5E2qZeRJazXkRzwF5EMM1eRA3aXkTJ5l5E
lvNeRHMAX0QwDV9E/RlfRNomX0SWM19Ec0BfREBNX0QNWl9EyWZfRJZzX0RzgF9EQI1fRP2Z
X0TJpl9ElrNfRGPAX0RAzV9E/dlfRMnmX0SW819EYwBgREANYET9GWBEySZgRJYzYERjQGBE
ME1gRP1ZYETJZmBEp3NgRGOAYEQwjWBE/ZlgRMmmYESns2BEY8BgREDNYET92WBE2uZgRJbz
YERjAGFEMA1hRP0ZYUTJJmFEpzNhRGNAYUQwTWFE/VlhRE5qYURrdGFEY4BhRECNYUT9mWFE
yaZhRJazYURjwGFEMM1hRA3aYUTa5mFElvNhRGMAYkQwDWJE/RliRMkmYkSWM2JEc0BiRDBN
YkT9WWJEyWZiRJZzYkRjgGJEMI1iRA2aYkTJpmJElrNiRGPAYkQwzWJEDdpiRMnmYkSW82JE
YwBjRDANY0QNGmNE2iZjRJYzY0RzQGNEME1jRP1ZY0TJZmNElnNjRHOAY0QwjWNE/ZljRMmm
Y0SWs2NEY8BjREDNY0T92WNEyeZjRJbzY0RzAGREQA1kRA0aZETJJmREljNkRGNAZEQwTWRE
DVpkRMlmZESnc2REY4BkRDCNZET9mWREyaZkRJazZERzwGREMM1kRP3ZZETJ5mRElvNkRHMA
ZURADWVE/RllRNomZUSnM2VEY0BlRDBNZUQNWmVE2mZlRKdzZURjgGVEMI1lRA2aZUTapmVE
p7NlRHPAZUQwzWVEDdplRNrmZUSW82VE</AssayXData><AssayYData Points="600">IS4+QF7qPkCOwT9A5l9AQOa7QEAMPEFAYrVBQH4ZQkCAnEJA5RBDQCJqQ0C8yUNAyGxEQCqV
REDfFUVAXbBFQGs5RkA+U0ZA5htHQBusR0Brx0dAbQdIQKuPSEB1NklAnUFJQJHsSUDSbkpA
FaBKQOv7SkD1e0tAuZ5LQIosTECLzUxAt5VNQHlmTUBi9E1A3HhOQCHpTkBEV09ADp9PQOQC
UEDwXlBArNtQQCBdUUB8ZFFAWzJSQKRsUkCRCVNAgA1TQL99U0A45lNAGjNUQLapVED8VlVA
CJpVQKvoVUDCNVZA/ZJWQEzrVkC6tldAditYQEkNWEDcjVhA2cBYQHgoWUDK8FlA5+hZQFWA
WkC6tlpA4j5bQGs3W0Co2VtAkVlcQL2ZXEDD1lxAOoVdQNPzXUB7AF5ASH5eQPnjXkBIXV9A
S2lfQG7oX0DNQmBA2bJgQPzsYECoRWFAFXxhQInQYUBtKGJAkLhiQF33YkCPWmNAPfRjQErx
Y0DzQGRAnXJkQAA+ZUBSV2VACb5lQL3tZUASJGZAxp1mQHUbZ0DPQ2dAiZZnQOEJaEDZYmhA
tdVoQAbxaEDGA2lA87ZpQKqmaUCR8WlAGW5qQPT0akAJRWtAYYlrQFVGa0Bp/GtA/TpsQKGV
bECyqmxAKg9tQKaTbUAkxG1AvfxtQPRNbkDtfm5APdJuQEkEb0C/Ym9AIYhvQN/1b0DSJnBA
GnpwQLLqcED4I3FAFDZxQNeacUBiuHFAYS1yQBZ0ckDXmnJAoe1yQCcdc0BUi3NATOVzQBza
c0AgJ3RAc3V0QDjwdEASA3VAcfh0QAZPdUCPgXVAB+B1QPAtdkBWX3ZAt+J2QDDPdkBnD3dA
/EZ3QBdgd0By0HdAIPd3QLsueECgWXhASpx4QGv/eECIT3lAgkx5QKeYeUD/hHlAoEN6QJof
ekAag3pAao56QHHYekDzUHtARF57QJdTe0BUx3tAkG17QN/ze0A4X3xA93x8QCyyfEBQ/3xA
sEp9QHx5fUA3eX1AQqF9QBnsfUAFB35AMiJ+QM5ffkD6oX5AssV+QJayfkCVP39At1R/QAKp
f0BsiH9A2sh/QGv6f0B8FYBAdGeAQH1mgEAldYBAMVuAQMergEA5sIBAQauAQIfVgEAI54BA
OgCBQOUTgUDRHoFAtjaBQJ9SgUAPQIFAKWOBQOV9gUA9rIFAdZmBQP/kgUB+1IFA0s6BQC78
gUAXEIJAoBOCQLIngkB8LYJAFlmCQDh4gkB2c4JAF4qCQPGggkC/1oJA8uOCQMLegkDABoNA
8BqDQDMsg0AtDYNAGS2DQCI4g0CnVINAh3ODQOiBg0DDYINAPYqDQAOdg0D1toNAmvuDQLL9
g0DG8INAlf+DQPcMhECBEoRAKVaEQO44hED/dYRAaZGEQJF5hEBOf4RAGL+EQCuwhEB404RA
jNCEQI7fhEBH14RAYw6FQHLhhEAZEIVAtSiFQIpPhUDWP4VAHWWFQMRYhUB0ZIVA/ouFQM9t
hUCPh4VAOLqFQLqghUBpx4VAN8OFQMjMhUBS4YVAtN6FQEIUhkBVGYZAjhCGQDUwhkAYH4ZA
FjKGQNlfhkAxaoZAZXmGQOKThkBwhIZAj3+GQKaVhkCHqIZAddGGQFHVhkCL3oZAodSGQOvV
hkChC4dAChqHQO4nh0BBEodAyDaHQKMfh0BNO4dARluHQJlIh0CIb4dAZGqHQE+bh0C1modA
DYSHQADPh0BjnYdALcSHQCrTh0BE54dAg9KHQA4WiEB06IdA1/yHQBcAiEDSLYhAiDWIQP47
iEDBPIhAdlaIQJZDiEC/WohAEYSIQMpxiEC1l4hAeGWIQFOOiEAknohARIqIQFqtiEBjxohA
L9+IQGrbiEDuzYhASOOIQNfjiEAJBYlAJwOJQFEkiUDyA4lAdjKJQGkbiUCnOYlAqlOJQHle
iUA2Z4lAF1SJQKRtiUBObYlAxnKJQB6QiUA/nYlAnreJQESwiUCvqYlAGquJQDq+iUA15YlA
9ceJQMvRiUAn7IlASvGJQPkMikCWIopAHg2KQNkXikC0NYpA9RGKQOFFikCVW4pA0T6KQOeC
ikBDZopA5FeKQF9eikC6s4pAe26KQPh+ikA8rYpAN4uKQKK1ikCQrIpAnNGKQJDEikAA1IpA
JK6KQAjcikAl5opAi/aKQIADi0AUE4tA6wSLQNsli0C4MYtAfDKLQPwNi0C+U4tA2iSLQMZN
i0ARTotA1kmLQDxHi0CqMYtAcX2LQJB3i0B+eItAnI2LQHaKi0AJqItAf7iLQDaui0DBwYtA
sraLQIXMi0DqxYtAfL6LQAH8i0Du5YtAIOqLQMbvi0Ci94tAnQ2MQDsijECTKoxAeh2MQJY8
jECbLYxASCqMQD8gjEA0ToxASUSMQAxhjEAqVYxAi2iMQEFLjEAteoxAL5GMQOB4jEBEkIxA
wZ6MQICejEBvq4xAeKGMQACxjEDXr4xAL6iMQGbWjECYzIxAN66MQLPnjEDw0YxArfGMQArn
jEAo5YxAtReNQLkFjUCf9YxAmg2NQJEPjUCfD41A0yqNQBQWjUAcSY1ASySNQMo7jUAcRI1A
izWNQIFYjUCIYY1AqnyNQPtyjUBlZ41AUIGNQH2pjUC1mI1AXpaNQLd8jUDusY1ACqGNQEir
jUDgj41AZa6NQJ6zjUCS4Y1A9NWNQFrNjUCJvo1ArOyNQC3FjUB89I1ArAiOQP7mjUAmE45A
iRuOQBoGjkDAE45A3kGOQKYdjkAvH45A1xyOQOc5jkBOL45AolyOQGFpjkBcWo5ACmeOQDNX
jkBsRI5AEmGOQN1UjkCFd45AY2qOQOt+jkCBn45Aa3eOQI6qjkB5vI5AdLqOQODAjkD/e45A
hY+OQEKrjkBx2o5AMumOQHbYjkDp2o5AuueOQEXtjkDyAo9AXM+OQCv+jkA1A49AuPmOQFY6
j0DABY9AuSCPQJIEj0AaPI9ALTmPQOMij0BaN49AfTqPQKAdj0CvOY9ApD6PQMFLj0CyTI9A
mTCPQAhKj0DXbI9Au3WPQKSZj0DzTI9ABWWPQLt+j0BYdo9A55OPQImkj0B/lI9AlJGPQBGn
j0A1po9AaaSPQMG7j0B8yo9A7LyPQOzDj0Dx3o9AAOCPQL7Tj0Dt3Y9AWOiPQO67j0A42o9A
+9KPQPUAkECq/Y9AUCiQQEbmj0AWEJBA</AssayYData></Step><Step><CommonData><SampleLocation>1</SampleLocation><SampleID>Octet Buffer</SampleID><SampleGroup></SampleGroup><SampleInfo></SampleInfo><SampleRow>K</SampleRow><SamplePlate>1</SamplePlate><WellType>BUFFER</WellType><Concentration>-1</Concentration><ConcentrationUnits>µg/ml</ConcentrationUnits><MolarConcentration>-1</MolarConcentration><MolarConcUnits>nM</MolarConcUnits><MolecularWeight>0</MolecularWeight><Temperature>30</Temperature><StartTime>1116245</StartTime><AssayTime>100</AssayTime></CommonData><FlowRate>1000</FlowRate><StepType>BASELINE</StepType><StepName>Baseline</StepName><StepStatus>OK</StepStatus><ActualTime>100</ActualTime><CycleTime>0.2</CycleTime><AssayXData Points="500">YwBmRDANZkT9GWZEySZmRJYzZkRjQGZEME1mRA1aZkTJZmZElnNmRGOAZkQwjWZE/ZlmRNqm
ZkSWs2ZEY8BmRDDNZkQN2mZEyeZmRJbzZkRjAGdEMA1nRP0ZZ0TJJmdEljNnRHNAZ0QwTWdE
DVpnRNpmZ0SWc2dEY4BnRECNZ0QNmmdE2qZnRJazZ0RjwGdEQM1nRP3ZZ0TJ5mdElvNnRHMA
aERADWhE/RloRMkmaESnM2hEY0BoRDBNaET9WWhEyWZoRKdzaERjgGhEMI1oRP2ZaETJpmhE
lrNoRGPAaERAzWhEDdpoRMnmaESW82hEcwBpRDANaUT9GWlEySZpRJYzaURzQGlEME1pRP1Z
aUTJZmlEp3NpRHOAaUQwjWlE/ZlpRNqmaUSns2lEc8BpREDNaUT92WlEyeZpRJbzaURjAGpE
MA1qRP0ZakTaJmpEljNqRGNAakRATWpE/VlqRMlmakSnc2pEY4BqRDCNakQNmmpEyaZqRKez
akRzwGpEMM1qRP3ZakTJ5mpEp/NqRGMAa0QwDWtE/RlrRMkma0SWM2tEY0BrREBNa0QNWmtE
yWZrRKdza0RjgGtEQI1rRP2Za0TapmtElrNrRGPAa0QwzWtE/dlrRNrma0Sn82tEYwBsRDAN
bEQNGmxE2iZsRKczbERzQGxEME1sRA1abETJZmxEp3NsRHOAbEQwjWxE/ZlsRNqmbESns2xE
Y8BsREDNbEQN2mxEyeZsRKfzbERjAG1EMA1tRP0ZbUTaJm1EljNtRGNAbUQwTW1EDVptRMlm
bUSnc21EY4BtRDCNbUT9mW1E2qZtRJazbURzwG1EMM1tRA3abUTJ5m1Ep/NtRGMAbkQwDW5E
DRpuRMkmbkSWM25EY0BuRDBNbkT9WW5EyWZuRJZzbkRjgG5EMI1uRP2ZbkTapm5ElrNuRHPA
bkRAzW5E/dluRMnmbkSW825EYwBvREANb0T9GW9E2iZvRKczb0RjQG9EME1vRP1Zb0TaZm9E
lnNvRHOAb0RAjW9E/ZlvRMmmb0SWs29Ec8BvREDNb0QN2m9EyeZvRJbzb0RzAHBEMA1wRA0a
cETaJnBEljNwRGNAcEQwTXBEDVpwRMlmcESWc3BEc4BwRECNcET9mXBEyaZwRJazcERjwHBE
MM1wRA3acETJ5nBElvNwRHMAcUQwDXFEDRpxRMkmcUSWM3FEY0BxRDBNcUT9WXFEyWZxRJZz
cURzgHFEMI1xRP2ZcUTJpnFEp7NxRGPAcURAzXFEDdpxRMnmcUSW83FEcwByREANckT9GXJE
ySZyRJYzckRjQHJEME1yRP1ZckTJZnJElnNyRGOAckQwjXJEDZpyRMmmckSWs3JEc8ByRDDN
ckT92XJE2uZyRJbzckTYA3NE9A1zRP0Zc0TJJnNEljNzRHNAc0QwTXNE/VlzRNpmc0Snc3NE
Y4BzRDCNc0QNmnNEyaZzRJazc0RjwHNEMM1zRP3Zc0TJ5nNElvNzRGMAdERADXRE/Rl0RMkm
dESWM3REY0B0REBNdET9WXREyWZ0RJZzdERjgHREMI10RA2adETJpnREp7N0RGPAdERAzXRE
/dl0RMnmdESn83REcwB1RDANdUQNGnVE2iZ1RJYzdURjQHVEME11RP1ZdUTaZnVEp3N1RHOA
dUQwjXVE/Zl1RMmmdUSWs3VEY8B1RDDNdUT92XVEyeZ1RKfzdURjAHZEMA12RP0ZdkTJJnZE
pzN2RGNAdkQwTXZEDVp2RMlmdkSWc3ZEY4B2RECNdkQNmnZEyaZ2RJazdkRjwHZEMM12RA3a
dkTJ5nZElvN2RHMAd0QwDXdEDRp3RMkmd0SWM3dEc0B3REBNd0T9WXdEyWZ3RJZzd0RzgHdE
MI13RP2Zd0TapndElrN3RGPAd0RAzXdE/dl3RMnmd0SW83dEYwB4RFENeET9GXhEySZ4RJYz
eERjQHhEQE14RP1ZeETJZnhEp3N4RHOAeEQwjXhE/Zl4RNqmeESWs3hEc8B4REDNeET92XhE
yeZ4RJbzeERjAHlEMA15RA0aeUTaJnlEpzN5RGNAeUQwTXlEDVp5RNpmeUSWc3lEc4B5RECN
eUQNmnlE2qZ5RKezeURjwHlEMM15RA3aeUTa5nlElvN5RHMAekQwDXpEDRp6RNomekSWM3pE
c0B6REBNekT9WXpEyWZ6RJZzekRzgHpEQI16RA2aekTJpnpElrN6RHPAekQwzXpEDdp6RMnm
ekSn83pEYwB7REANe0QNGntEySZ7RJYze0RzQHtEME17RP1Ze0TJZntEp3N7RGOAe0QwjXtE
DZp7RNqme0SWs3tEc8B7RDDNe0QN2ntEyeZ7RJbze0RjAHxEQA18RP0ZfETaJnxEljN8RHNA
fERATXxEDVp8RNpmfESWc3xEY4B8RDCNfET9mXxEyaZ8RJazfERjwHxEMM18RP3ZfETJ5nxE
lvN8RGMAfURADX1EDRp9RMkmfUSnM31EY0B9RDBNfUT9WX1E2mZ9RJZzfURjgH1EQI19RP2Z
fUTapn1Ep7N9RGPAfURAzX1E/dl9RMnmfUSn831EYwB+REANfkT9GX5E2iZ+RJYzfkRzQH5E
ME1+RA1afkTJZn5Ep3N+RGOAfkRAjX5E/Zl+RMmmfkSWs35Ec8B+REDNfkT92X5EyeZ+RJbz
fkQ=</AssayXData><AssayYData Points="500">NIGQQJmckEB3nZBAU7uQQO2+kEDHypBAlumQQLPOkECV9ZBAIQGRQKvfkEAfE5FAY/uQQJcB
kUCqEpFAKiWRQCD7kEAp75BAF/KQQFT5kED47pBAOf6QQBUikUBA/JBAvw2RQDYRkUBc8ZBA
WAyRQMklkUDiDJFARgyRQBAUkUApHZFATziRQGIikUBIE5FAPieRQIMckUCGOJFALB6RQGkj
kUC2J5FA6CWRQBtGkUAkJ5FAWByRQB0YkUA0A5FA8ASRQOsLkUAXJJFAMxWRQAgNkUBSQZFA
tVeRQBHTkEDlLJFARiiRQKQbkUBdI5FABzSRQDkSkUAvPZFAqCGRQK5KkUCiJpFAYRyRQCsf
kUB0/5BAbi+RQJ44kUDzGpFAtQGRQHlTkUC7EJFAwRmRQCUfkUCUQpFATAyRQFYikUBkK5FA
Iv+QQMovkUApBJFAOjuRQBs+kUBFMZFA+CGRQGsWkUAvJpFAkB+RQDEqkUB9QpFAlgqRQJ4c
kUASIpFABAORQGYZkUDYLpFAblSRQPlNkUBtNJFABEiRQG4akUBrHpFA4DWRQCsvkUA2K5FA
VTGRQHQckUCxDpFACz6RQLchkUC/KZFA5DiRQJkqkUCkNZFAJSGRQLc0kUDVK5FArByRQOIs
kUBjJJFAJBCRQCookUB9EZFAGy+RQEwlkUB5UpFAAiuRQBUlkUC5SJFAak2RQDFEkUDYTpFA
/gaRQP4jkUBkO5FAMj+RQFZTkUDGUZFADyyRQJJAkUAPRZFAOyaRQA5NkUDocZFA0CWRQPIX
kUCITpFARCORQOpEkUAHVZFAbiWRQFM9kUDzVZFAdkGRQLhKkUB8XpFAByCRQO9gkUAWN5FA
h1eRQA5okUCaUZFAemCRQHY9kUB1XpFAkUiRQKg8kUDMVJFAeTWRQH5ikUCdRpFApE+RQBgy
kUB7VZFA3j+RQABxkUB7TZFAdjKRQMxIkUAmR5FAmTKRQA9MkUABTJFA60mRQLhPkUBAPpFA
pUiRQAlnkUAZS5FA0C2RQHVUkUBXPZFAPTqRQMw1kUAsWZFAcVqRQIx7kUDMTZFAcS+RQNZr
kUBGUpFAUF+RQJQrkUB4LZFAZkeRQJZikUAjWZFATUCRQAtXkUB9XpFAcjGRQJ9CkUBVTZFA
9VSRQKBakUBTQZFAo0uRQPxdkUDbPJFAi1ORQLQ4kUAfWZFA60+RQN5pkUANYJFA7USRQBVk
kUACRpFARmaRQB9jkUAKXJFAT0ORQDJIkUC+QpFAoFuRQEE+kUB6TZFAy2SRQAt6kUCndpFA
6GmRQOpokUByZ5FAujiRQDSHkUB4ZJFAw3CRQIxZkUBYc5FA1maRQEZ2kUDdZ5FAI4ORQHCW
kUDnY5FA8mGRQKZxkUDEgJFAL0KRQHlYkUCjZ5FAc2uRQAFkkUA9X5FAxWyRQMtakUC0S5FA
F6KRQNRykUC5bpFAVnGRQLtRkUCvXpFAUXKRQNeUkUD8TZFA33mRQNFakUAYYZFALXORQBd5
kUDye5FAEXGRQDNjkUAxjJFAKXiRQOp2kUDvOZFAkWCRQHFQkUA4hZFAxHKRQPWSkUB+aJFA
3oKRQKyJkUDrfpFA9HSRQDlTkUC9p5FAGHCRQFZEkUDxW5FAnmSRQMdxkUCNUpFA0peRQEF4
kUDQnpFAdoeRQGdvkUB7jpFAzIyRQDtvkUD9gpFAdZKRQO9qkUBMbpFAIHSRQDh9kUCbhpFA
VoGRQENokUDtZJFAKJuRQGN1kUAPcpFAnIKRQMh8kUDyjZFA0FaRQFxzkUApd5FArn+RQKtw
kUAsiZFAXWSRQJC6kUDIepFAvYiRQFOckUAakpFAupiRQCCHkUDxjZFAD2ORQD9qkUARcZFA
BW+RQI2zkUDNmpFAMYiRQCGUkUBpj5FAUIWRQLBtkUBAn5FAVK+RQHBekUC1d5FAb6ORQAaS
kUAOnpFAqJCRQEGgkUB/d5FAFG2RQN6SkUAqfZFAc5SRQN6QkUDFqpFATYWRQP2hkUAhkZFA
CImRQKyKkUD7c5FA3JWRQDmRkUBLfpFAXZ6RQIqekUB4q5FAkY2RQO+TkUAbh5FAGJORQGSf
kUBigZFAnoyRQEikkUBojpFAjW+RQA+ikUCXj5FA6bORQAqxkUBnrpFA0p+RQP+QkUBOk5FA
kbKRQPmokUBMnJFA73qRQFx6kUDMipFApcSRQJ6KkUAtyZFAq4mRQHeYkUAAaZFAxaeRQN12
kUCZmJFAv62RQFptkUBquJFA35aRQFiGkUCXtZFAA6WRQBOJkUAegpFA/nSRQIiQkUCDX5FA
cMSRQHiekUC2rZFAiY+RQA+rkUBAjpFAfKyRQAm/kUDdlpFAaaKRQMWjkUBXuZFAaJmRQE12
kUA9x5FAm6mRQOaykUAbqZFAZ5aRQA+lkUAOmJFAxJmRQI2wkUB3wZFAKceRQPickUBAt5FA
t7KRQBaikUAQlZFAIsORQA6ckUCgzJFAmM2RQF1+kUBFtpFA0qyRQEeSkUA1o5FA/7CRQFuf
kUDvi5FAfcmRQNqWkUAbl5FAv72RQCxqkUBUlJFApNaRQMa8kUA7n5FAxMiRQHeakUBEtZFA
18SRQJ3qkUAqqpFA+Y+RQGm4kUA3spFA3qqRQK3HkUDfoZFA38iRQN2xkUBKwJFAx5GRQLuy
kUA=</AssayYData></Step><Step><CommonData><SampleLocation>2</SampleLocation><SampleID>hsCD3d/e_Acro_CDD-H52W1</SampleID><SampleGroup></SampleGroup><SampleInfo></SampleInfo><SampleRow>K</SampleRow><SamplePlate>1</SamplePlate><WellType>KSAMPLE</WellType><Concentration>-1</Concentration><ConcentrationUnits>µg/ml</ConcentrationUnits><MolarConcentration>6.25</MolarConcentration><MolarConcUnits>nM</MolarConcUnits><MolecularWeight>0</MolecularWeight><Temperature>30</Temperature><StartTime>1224347</StartTime><AssayTime>180</AssayTime></CommonData><FlowRate>1000</FlowRate><StepType>ASSOC</StepType><StepName>Association</StepName><StepStatus>OK</StepStatus><ActualTime>180</ActualTime><CycleTime>0.2</CycleTime><AssayXData Points="900">YwB/RDANf0QNGn9E2iZ/RKczf0RzQH9EME1/RP1Zf0TaZn9ElnN/RGOAf0QwjX9E/Zl/RMmm
f0SWs39EY8B/REDNf0Qd2n9E2uZ/RJbzf0Q6AIBE7giARAQOgERtE4BEyxmARDIggESYJoBE
/iyARGUzgETTOYBEMkCARJhGgET+TIBEbVOARMtZgEQyYIBEmGaARP5sgERtc4BEy3mARDqA
gESYhoBEBo2ARG2TgETLmYBEOqCARJimgET+rIBEZbOARNO5gEQywIBEmMaARAbNgERl04BE
y9mARDLggESY5oBE/uyARGXzgETL+YBEMgCBRKAGgUQGDYFEZROBRMsZgUQyIIFEoCaBRP4s
gURlM4FEyzmBRDJAgUSgRoFE/kyBRG1TgUTLWYFEMmCBRJhmgUT+bIFEZXOBRMt5gUQygIFE
mIaBRP6MgURtk4FEy5mBRDKggUSYpoFE/qyBRGWzgUTTuYFEMsCBRJjGgUQGzYFEZdOBRMvZ
gUQy4IFEmOaBRP7sgURt84FEy/mBRDIAgkSYBoJEBg2CRG0TgkTLGYJEMiCCRKAmgkQGLYJE
ZTOCRMs5gkQyQIJEmEaCRAZNgkRlU4JEy1mCRDJggkSYZoJE/myCRG1zgkTLeYJEMoCCRJyI
gkSqjYJEZZOCRMuZgkQyoIJEmKaCRAatgkRts4JEy7mCRDrAgkSYxoJEBs2CRGXTgkTT2YJE
OuCCRJjmgkT+7IJEbfOCRMv5gkQ6AINEmAaDRP4Mg0RlE4NEyxmDRDogg0SgJoNEBi2DRGUz
g0TLOYNEMkCDRKBGg0T+TINEbVODRMtZg0QyYINEmGaDRP5sg0Rlc4NEy3mDRDqAg0SYhoNE
Bo2DRGWTg0TTmYNEMqCDRJimg0T+rINEZbODRNO5g0Q6wINEmMaDRAbNg0Rt04NEy9mDRDrg
g0SY5oNEBu2DRG3zg0TT+YNEMgCERKAGhET+DIREZROERNMZhEQyIIREoCaERP4shERtM4RE
0zmERDJAhESYRoREBk2ERG1ThETLWYREMmCERKBmhEQGbYREZXOERNN5hEQygIREoIaERP6M
hERlk4REy5mERDKghESYpoRE/qyERG2zhETTuYREMsCERKDGhET+zIREZdOERMvZhEQy4IRE
mOaERP7shERt84REy/mERDIAhURKCIVEWA2FRG0ThUTLGYVEMiCFRJgmhUT+LIVEZTOFRMs5
hUQyQIVEoEaFRP5MhURlU4VEy1mFRDpghUSYZoVEBm2FRGVzhUTLeYVEOoCFRJiGhUQGjYVE
ZZOFRMuZhUQ6oIVEmKaFRP6shURls4VEy7mFRDrAhUSYxoVEBs2FRGXThUTL2YVEMuCFRKDm
hUT+7IVEZfOFRNP5hUQ6AIZEmAaGRP4MhkRlE4ZEyxmGREIghkSgJoZE/iyGRGUzhkTTOYZE
MkCGRKBGhkT+TIZEZVOGRMtZhkQ6YIZEmGaGRAZthkRtc4ZE03mGRDKAhkSYhoZE/oyGRG2T
hkTLmYZEOqCGRKCmhkT+rIZEZbOGRNO5hkQ6wIZEmMaGRP7MhkRl04ZEy9mGRDLghkSY5oZE
Bu2GRG3zhkTT+YZEMgCHRKAGh0QGDYdEbROHRMsZh0QyIIdEoCaHRAYth0RlM4dEyzmHRDJA
h0SYRodEBk2HRG1Th0TLWYdEMmCHRKBmh0QGbYdEbXOHRNN5h0QygIdEgYmHRJCOh0Smk4dE
y5mHRDqgh0SYpodEBq2HRGWzh0TTuYdEMsCHRJjGh0T+zIdEZdOHRMvZh0Q64IdEoOaHRAbt
h0Rt84dEy/mHRDIAiESYBohEBg2IRGUTiETLGYhEMiCIRJgmiEQGLYhEZTOIRMs5iEQ6QIhE
mEaIRP5MiERlU4hEy1mIRDpgiESYZohE/myIRGVziETLeYhEOoCIRJiGiET+jIhEZZOIRNOZ
iEQ6oIhEoKaIRAatiERts4hE07mIRDLAiESYxohE/syIRGXTiETT2YhEOuCIRKDmiET+7IhE
ZfOIRNP5iEQyAIlEmAaJRP4MiURlE4lE0xmJRDogiUSYJolEBi2JRG0ziUTLOYlEMkCJRKBG
iUT+TIlEbVOJRMtZiUQ6YIlEmGaJRAZtiURlc4lEy3mJRDKAiUSYholE/oyJRG2TiUTTmYlE
MqCJRJimiUT+rIlEbbOJRNO5iUQywIlEoMaJRAbNiURl04lE09mJRDLgiUSY5olEBu2JRGXz
iUTT+YlEMgCKRKwIikS7DYpEbROKRMsZikQyIIpEmCaKRP4sikRtM4pE0zmKRDJAikSYRopE
/kyKRGVTikTLWYpEMmCKRKBmikT+bIpEbXOKRMt5ikQ6gIpEoIaKRP6MikRlk4pEy5mKRDKg
ikSgpopE/qyKRGWzikTTuYpEMsCKRJjGikT+zIpEbdOKRMvZikQ64IpEmOaKRP7sikRt84pE
y/mKRDIAi0SYBotE/gyLRGUTi0TLGYtEMiCLRKAmi0QGLYtEZTOLRMs5i0QyQItEmEaLRAZN
i0RlU4tEy1mLRDJgi0SgZotEBm2LRGVzi0TTeYtEMoCLRJiGi0T+jItEZZOLRMuZi0QyoItE
mKaLRAati0Rls4tEy7mLRDrAi0SYxotE/syLRG3Ti0TT2YtEMuCLRKDmi0T+7ItEZfOLRMv5
i0QyAIxEmAaMRAYNjERlE4xEyxmMRDIgjESYJoxE/iyMRG0zjETLOYxEMkCMRJhGjET+TIxE
bVOMRMtZjEQyYIxEmGaMRAZtjERlc4xEy3mMRDKAjERSiIxEaY2MRG2TjETLmYxEOqCMRJim
jEQGrYxEZbOMRMu5jEQywIxEmMaMRP7MjERl04xEy9mMRDrgjESg5oxE/uyMRGXzjETL+YxE
OgCNRJgGjUQGDY1EbRONRMsZjUQyII1EmCaNRAYtjURlM41EyzmNRDJAjUSYRo1EBk2NRGVT
jUTLWY1EOmCNRJhmjUQGbY1EbXONRMt5jUQygI1EmIaNRP6MjURlk41Ey5mNRDKgjUR5qY1E
iK6NRJ6zjUTLuY1EMsCNRJjGjUT+zI1EbdONRMvZjUQy4I1EmOaNRP7sjURt841Ey/mNRDIA
jkSYBo5E/gyORGUTjkTLGY5EOiCORKAmjkT+LI5EZTOORMs5jkQ6QI5EoEaORAZNjkRlU45E
y1mORDJgjkSgZo5E/myORGVzjkTLeY5EOoCORJiGjkT+jI5EZZOORNOZjkQyoI5EoKaORP6s
jkRls45E07mORDLAjkSgxo5E/syORGXTjkTc2Y5EOuCORKDmjkT+7I5EZfOORMv5jkQ6AI9E
oAaPRP4Mj0RlE49E0xmPRDogj0SgJo9E/iyPRGUzj0TTOY9EMkCPRJhGj0QGTY9EbVOPRNNZ
j0Q6YI9EmGaPRP5sj0Rlc49E03mPRDKAj0Sgho9E/oyPRGWTj0TLmY9EOqCPRKCmj0T+rI9E
bbOPRMu5j0QywI9EmMaPRAbNj0Rl049Ey9mPRDrgj0SY5o9E/uyPRG3zj0TT+Y9EMgCQRKgG
kEQGDZBEZROQRNMZkEQyIJBEmCaQRP4skERtM5BEyzmQRDJAkESYRpBE/kyQRGVTkETLWZBE
MmCQRKBmkET+bJBEbXOQRMt5kEQ6gJBEoIaQRP6MkERtk5BEy5mQRDqgkESYppBE/qyQRGWz
kETTuZBEOsCQRJjGkET+zJBEbdOQRMvZkEQ64JBEoOaQRP7skERl85BE0/mQRDIAkUSYBpFE
Bg2RRGUTkUTLGZFEMiCRRJgmkUT+LJFEZTORRMs5kUQyQJFEmEaRRP5MkURlU5FE01mRRDJg
kUSYZpFE/myRRG1zkUTLeZFEOoCRRDiJkURGjpFEZZORRMuZkUQ6oJFEoKaRRAatkURts5FE
y7mRRDLAkUSgxpFE/syRRGXTkUTL2ZFEMuCRRKDmkUT+7JFEZfORRNP5kUQ6AJJEoAaSRP4M
kkRtE5JEyxmSRDIgkkSYJpJEBi2SRG0zkkTLOZJEMkCSRKBGkkT+TJJEbVOSRNNZkkQ6YJJE
oGaSRAZtkkRlc5JE03mSRDKAkkSghpJE/oySRG2TkkTLmZJEOqCSRJimkkT+rJJEZbOSRMu5
kkQywJJEoMaSRP7MkkRl05JE09mSRDLgkkSY5pJE/uySRGXzkkTL+ZJEOgCTRJgGk0T+DJNE
bROTRMsZk0QyIJNEmCaTRP4sk0RlM5NEyzmTRDpAk0SYRpNEBk2TRG1Tk0TLWZNEMmCTRJhm
k0T+bJNEZXOTRMt5k0Q6gJNEoIaTRP6Mk0Rtk5NE05mTRDKgk0SgppNE/qyTRGWzk0TLuZNE
OsCTRKDGk0T+zJNEbdOTRNPZk0Q64JNEmOaTRP7sk0Rt85NE0/mTRDoAlERjCJREcQ2URG0T
lETLGZREOiCURJgmlEQGLZREZTOURMs5lEQyQJREmEaURAZNlERtU5REy1mURDJglESYZpRE
Bm2URG1zlETTeZREMoCURJiGlEQGjZREZZOURMuZlEQyoJREmKaURAatlERts5REy7mURDrA
lESYxpRE/syURGXTlETL2ZREMuCURKDmlEQG7ZREZfOURMv5lEQyAJVEmAaVRP4MlUR1E5VE
yxmVRDoglUSYJpVEBi2VRGUzlUTLOZVEOkCVRJhGlUT+TJVEZVOVRMtZlUQ6YJVEmGaVRP5s
lURtc5VE3HmVRDKAlUSYhpVE/oyVRGWTlUTLmZVEOqCVRJimlUQGrZVEZbOVRMu5lUQ6wJVE
mMaVRP7MlURt05VEy9mVRDrglUSY5pVEBu2VRGXzlUTL+ZVE</AssayXData><AssayYData Points="900">PB2RQB6JkUBTYZFAgaeRQC+tkUBDwZFALs+RQMvVkUA2rJFA88iRQJfdkUALzpFAkOmRQPoB
kkCT/JFApQ6SQLHWkUAvzJFAQP2RQMbZkUC/5JFAA/+RQC/ukUCm4pFAgPGRQLnlkUAH75FA
zwKSQDX9kUDJ7pFAKBySQM8RkkC24ZFAq/yRQHP3kUB1JZJAZv6RQLktkkAUJJJA9R+SQC0G
kkCbG5JA7RySQDMLkkABI5JAzSmSQA8tkkAHJZJA+zuSQDEKkkAIJZJABROSQHc+kkDzJpJA
VTSSQO0rkkDuPpJANleSQDpMkkB7QpJA4FySQG1FkkDBUJJAyE+SQPlJkkCuSJJAdzeSQBYr
kkAyR5JAmW6SQNgdkkC8WZJAB3GSQEtQkkAyPJJAMmySQNtzkkAAZJJAOFmSQLhOkkD5XZJA
/maSQDmCkkBANZJAr22SQAtdkkA8a5JAe3SSQPZrkkBBZZJAcF+SQJ9tkkDSlpJAjnWSQEdr
kkBWaJJAyWKSQIKTkkBYmpJASH+SQKtokkA0kpJASXeSQEyikkAZiZJAUKOSQEOdkkCQfpJA
2XGSQG9+kkBToZJAYIiSQBydkkA2wpJAFLOSQP+MkkDujJJAhauSQOnWkkAdrJJAUZmSQACb
kkBqoJJA3IOSQNmgkkDjopJACHqSQDK2kkBEw5JA0JGSQI6ZkkDFqpJAaciSQF+ekkCOo5JA
eKSSQN+4kkCLqJJAsbCSQI+wkkCxvpJAU6+SQKrGkkDs05JApcySQEewkkB/yJJApuCSQAG3
kkCS35JA/ciSQLrAkkDG65JAPcqSQAzkkkA89ZJAi+SSQPnWkkDE1ZJAx9OSQKngkkAy6ZJA
RreSQOTykkBf2pJAodWSQN4Yk0Bv9JJA3dmSQH0Ak0Cbz5JA3PSSQDrykkDQHpNAcPeSQKr0
kkB39pJAxwSTQI0Bk0BkFpNAQwOTQAcMk0BuMZNA2QSTQIshk0AfE5NAuBKTQMEak0Cg+JJA
4SaTQJb7kkDcEpNABQCTQAsLk0CiCpNAqhSTQP8rk0BDTpNAjCOTQGE8k0BPPZNAcD+TQBIc
k0CgRZNAl0mTQO0sk0BNQpNAN0KTQAU6k0C6WpNAfUCTQCRSk0BeMJNAjE+TQBRGk0C7YpNA
cFOTQOU/k0AXP5NAnGmTQKJZk0BrW5NAGn6TQNtyk0DoMpNAJHGTQEtJk0DsSpNAxWSTQLll
k0BsQZNA+U2TQKVuk0DpRZNAg3+TQMZrk0DFXpNArF2TQMiTk0Dhf5NAoXuTQCF/k0DhfpNA
jGyTQOhnk0C5i5NArX2TQBOSk0AClJNAHJSTQMWmk0DppZNAsWqTQMqYk0CippNAzHqTQKya
k0AglpNACIuTQPB+k0DmpZNA6aOTQM2Dk0BQtZNAE6iTQH+Pk0B9wZNAjr+TQC2Vk0Arh5NA
ULSTQK2ik0CsuJNAS8GTQA3Jk0DrvZNAls+TQIKlk0DvsZNAVrGTQLfPk0DYxpNApdyTQGrf
k0D/xJNA9cWTQArVk0A4vZNAgqmTQHzik0Be9JNALuSTQPvnk0AkyZNA2cuTQOnXk0Ds1pNA
qMaTQJTYk0B08pNAEdaTQLfgk0DhvJNALMWTQPABlEDx3ZNAE9qTQIDik0C68pNARwKUQPDp
k0An+5NAMOSTQHnuk0DY3JNAgv+TQDXck0Dl8JNApAiUQEM3lEDbDJRAZAiUQHsOlEBiGZRA
gxiUQBL6k0APH5RADzGUQNMflED0DZRAyR6UQGY0lEA/OpRAlg+UQO8nlECsJ5RAeQaUQCoz
lEC7FpRAZGiUQO06lEByNZRAB0SUQH43lEACVJRA9SeUQDNLlEDhTJRA90OUQB5JlEDtWpRA
SyyUQIFglEA6PJRAXUGUQKNMlEBYcZRA1UaUQMdHlECpU5RAfUGUQANalEBecZRAIneUQBRe
lED0ZZRArkmUQD48lEAQZJRANneUQJCOlECkgJRAEIGUQKJflEByaJRAX1qUQHtBlEB/d5RA
jXmUQNBblEAhYpRAxIGUQCGblEABYpRAJoSUQJCJlEDmopRAoZ+UQG2alEDsj5RAdLCUQPKT
lEBqwpRAmZeUQCR9lED2rpRAcM2UQL+rlECPspRAuIKUQH6slEB4npRA2YSUQASulED3vZRA
97KUQOrDlECFspRAdKuUQP7DlEDDqpRAfMOUQLi7lEB4z5RApLiUQCjMlEC8p5RA4c2UQEjA
lEAO0ZRAqcKUQOvhlEDs0ZRAUu6UQJHhlEAB2JRAlM2UQAbblEBTm5RAeQGVQCrhlECD7pRA
USCVQKPYlEBp0ZRAbdKUQIfvlEBY/JRA//aUQF3ilEDE65RAOQOVQAvmlEC87pRAytyUQIn3
lEA2AJVA/tWUQGIElUBS8ZRABc6UQC4jlUBoEZVAFh2VQHcXlUA7JJVAm1OVQDwklUCvIJVA
jgaVQG01lUBz9pRARgGVQE4NlUCSGJVAcimVQEAclUDVMZVAYhOVQCQYlUDyL5VA4UWVQCMf
lUAfQ5VALx2VQLJBlUDbNpVAoTSVQGU7lUA6LJVA9CaVQLw3lUA/NpVAZjqVQBVPlUCXXZVA
ujWVQGFglUBSNZVAr0+VQK05lUBhVJVARU2VQJ5ZlUDvUpVAxluVQL1plUA/TJVAy1iVQElu
lUDgP5VAKnmVQGFvlUAYXJVAkmKVQJWKlUA1fZVA2omVQPSFlUB+hpVAj2KVQF5/lUCMd5VA
bnWVQGGFlUCHjZVAD6SVQEJ6lUDGpJVAzJaVQLOPlUD9iZVAo46VQDyTlUD0l5VATJWVQFmk
lUDTu5VAZbuVQLC1lUCSl5VAgcuVQM2zlUDxqJVAz7OVQH23lUCjr5VAUomVQNW6lUAIopVA
i5aVQO/VlUB0wZVAZK+VQOqylUBY1JVA9amVQIuxlUB/tZVAHNKVQAjYlUCFu5VAhu+VQHLr
lUCG9pVAKdOVQBHwlUCO5JVATNOVQHrSlUChwpVANtCVQC0HlkC7tZVASMyVQBHflUB7zZVA
KemVQHXNlUBk8pVA6PiVQL3RlUAA5pVA6P+VQDjwlUB8+5VAhRSWQI3xlUB0CJZApPWVQLAF
lkCcDpZA7BiWQGcFlkCvEZZADg6WQN8RlkDEJZZAhTKWQC4xlkCqB5ZAAhWWQB8YlkDiA5ZA
QDKWQLwrlkCu/5VAIQ+WQAIIlkCEKJZA4hSWQBNDlkBZJZZAshqWQMEjlkCSP5ZAuCuWQNgy
lkD3RpZASzaWQMlTlkDXOpZA0CeWQEtFlkD5R5ZAn1eWQKdBlkDsTZZAWm6WQNc4lkBvVpZA
r1WWQERXlkDiOpZAYlKWQDRvlkD6hJZAGWSWQMQ9lkC0dJZAkIWWQG5flkCXXJZAoGeWQMeW
lkBrbZZAq3iWQFBflkCncZZApHuWQDp8lkC4cJZA32uWQFRzlkAEnZZArp+WQAaClkALapZA
ml6WQE6UlkCIkJZAEISWQNiPlkAZs5ZAe6uWQAeflkD9kpZA04yWQO+YlkBxnJZApZyWQPON
lkAtjpZAGLuWQG2ylkAdxJZA4K2WQJ+olkDoxZZA7ZqWQAPJlkAe0ZZAddeWQNfRlkDO0pZA
F9SWQP6elkAy4JZA0c+WQJCwlkAVzZZA5MGWQCjJlkA/qZZAEtqWQJHqlkCz0JZAOsuWQK3T
lkAO4JZABdKWQHfdlkB775ZAK9uWQMzdlkCF3pZAmgKXQGwvl0AJCJdASg6XQNkQl0CmBZdA
btKWQE4hl0B44JZATfyWQLX4lkDUA5dAtPWWQGwEl0C1BpdAJd+WQAcLl0D/KJdAJyaXQE3t
lkDVEpdAIQ2XQKA6l0ApJ5dAoQ6XQIU7l0CcB5dABf+WQE0Zl0C3GZdApzeXQBcdl0DxQJdA
Q0uXQGErl0CKG5dAbj2XQLs7l0CvOZdAez2XQKdHl0DgKZdAREWXQM8ul0CwepdA9i2XQCpH
l0AlOZdAtFWXQKBtl0DxQ5dAI2mXQDxMl0BUTZdAbFSXQGtVl0CMbpdAW1eXQOBdl0B/b5dA
E1OXQNVsl0BpSJdAWFKXQC1Il0DEYJdA/XmXQC5nl0AwVpdATH2XQEqFl0DRbZdAsFWXQJBx
l0CYkZdAt4SXQLGVl0AsZZdAsXCXQCaUl0DvhJdATHiXQGF7l0BDbpdArniXQDGrl0CzlZdA
TZSXQPWGl0DuoJdAnYyXQN19l0B/nZdAq5mXQCTEl0DSoZdA4s2XQAp9l0AmnJdAb6eXQLTU
l0C0n5dAK6SXQOS1l0Bu0ZdAQbCXQBG3l0CmzZdAOMCXQBuml0BNypdA5MSXQBjYl0D72ZdA
ycmXQJ20l0Ab1JdAKbiXQC3Il0BpzZdAk8mXQDrQl0DKFJhAQLeXQKnLl0DexJdAfMyXQEzJ
l0BK8ZdAcxOYQBYGmEC8H5hAt/KXQL7pl0CvCJhAfeuXQEfcl0AYAJhAOgiYQDnXl0CO45dA
oAuYQGAAmEB1GZhAQx6YQM4umEAIDZhAUzCYQGXgl0AHHphALQ6YQPX2l0BeFphAlSeYQGkR
mECDJJhAGSCYQDpBmEA9BphAKgmYQI0hmECFJ5hAmhGYQGwnmECdIphAvhKYQJ00mEAWH5hA
khSYQFNGmEBsQZhAwzqYQDUlmEBmN5hAkDGYQLA/mECuJphA/xWYQA1NmED5OphAw1qYQJlO
mECHTZhAgzWYQDUrmEBMRJhAw2OYQIVfmECgVJhA1DmYQK2AmEDpY5hAvWiYQCtvmEDBZZhA
m4GYQGJHmEDeZphA7V+YQGN6mEAEbZhAxmOYQPqJmEAjWphA</AssayYData></Step><Step><CommonData><SampleLocation>1</SampleLocation><SampleID>Octet Buffer</SampleID><SampleGroup></SampleGroup><SampleInfo></SampleInfo><SampleRow>K</SampleRow><SamplePlate>1</SamplePlate><WellType>BUFFER</WellType><Concentration>-1</Concentration><ConcentrationUnits>µg/ml</ConcentrationUnits><MolarConcentration>-1</MolarConcentration><MolarConcUnits>nM</MolarConcUnits><MolecularWeight>0</MolecularWeight><Temperature>30</Temperature><StartTime>1412761</StartTime><AssayTime>300</AssayTime></CommonData><FlowRate>1000</FlowRate><StepType>DISASSOC</StepType><StepName>Dissociation</StepName><StepStatus>OK</StepStatus><ActualTime>300</ActualTime><CycleTime>0.2</CycleTime><AssayXData Points="1500">MQCWRJcGlkT+DJZEbBOWRMsZlkQ5IJZEoCaWRAYtlkRkM5ZEyzmWRDFAlkSXRpZE/kyWRGxT
lkTLWZZEMWCWRJdmlkT+bJZEZHOWRMt5lkQ5gJZEl4aWRP6MlkRsk5ZE05mWRDmglkSXppZE
Bq2WRGSzlkTTuZZEOcCWRJfGlkT+zJZEZNOWRNPZlkQx4JZEl+aWRP7slkRs85ZEy/mWRDEA
l0SXBpdEBg2XRGQTl0TLGZdEMSCXRJcml0QGLZdEZDOXRMs5l0QxQJdEoEaXRP5Ml0RkU5dE
y1mXRDFgl0SgZpdE/myXRGRzl0TTeZdEMYCXRKCGl0T+jJdEZJOXRMuZl0QxoJdEoKaXRP6s
l0Rss5dEy7mXRDnAl0SXxpdE/syXRGTTl0TL2ZdEMeCXRJfml0T+7JdEbPOXRAj8l0QfAZhE
lwaYRAYNmERsE5hEyxmYRDEgmESXJphE/iyYRGQzmETLOZhEOUCYRJdGmEQGTZhEbFOYRMtZ
mEQxYJhEoGaYRP5smERsc5hE03mYRDGAmESXhphE/oyYRGSTmETTmZhEMaCYRJemmET+rJhE
ZLOYRNO5mEQxwJhEoMaYRP7MmERk05hEy9mYRDngmESX5phE/uyYRGTzmETT+ZhEOQCZRJcG
mUT+DJlEZBOZRNMZmUQ5IJlEoCaZRP4smURkM5lEyzmZRDlAmUSgRplEDk2ZRGRTmUTTWZlE
MWCZRJdmmUT+bJlEZHOZRMt5mUQ5gJlEl4aZRAaNmURkk5lE05mZRDmgmUSXpplE/qyZRGyz
mUTLuZlEMcCZRKDGmUT+zJlEZNOZRNPZmUQx4JlEl+aZRP7smURk85lEy/mZRDEAmkSXBppE
/gyaRGQTmkTLGZpEOSCaRJcmmkQGLZpEZDOaRMs5mkQ5QJpEl0aaRP5MmkRkU5pEy1maRDlg
mkSXZppEBm2aRGRzmkQre5pEOYCaRJeGmkT+jJpEZJOaRNOZmkQxoJpEoKaaRP6smkRks5pE
07maRDnAmkSXxppE/syaRGTTmkTT2ZpEOeCaRKDmmkT+7JpEZPOaRNP5mkQ5AJtEoAabRP4M
m0RsE5tEyxmbRDEgm0SXJptEBi2bRGQzm0TLOZtEMUCbRJdGm0QGTZtEbFObRMtZm0QxYJtE
oGabRP5sm0Rkc5tE03mbRDmAm0SghptE/oybRGSTm0TLmZtEMaCbRKCmm0T+rJtEZLObRMu5
m0QxwJtEl8abRAbNm0Rs05tEy9mbRDHgm0Sg5ptEBu2bRGTzm0TL+ZtEOQCcRJcGnEQGDZxE
ZBOcRMsZnEQxIJxEoCacRP4snERkM5xEyzmcRDFAnESXRpxE/kycRGxTnETTWZxEOWCcRKBm
nET+bJxEbHOcRMt5nEQxgJxEl4acRP6MnERsk5xEy5mcRDmgnESgppxEBq2cRGSznETLuZxE
OcCcRJfGnET+zJxEZNOcRMvZnEQx4JxEoOacRP7snERs85xE5/ucRP4AnUSgBp1EBg2dRGwT
nUTTGZ1EMSCdRKAmnUT+LJ1EZDOdRMs5nUQ5QJ1El0adRP5MnURkU51Ey1mdRDlgnUSgZp1E
/mydRGRznUTLeZ1EOYCdRKCGnUQGjZ1EZJOdRMuZnUQ5oJ1EoKadRP6snURks51Ey7mdRDHA
nUSXxp1EBs2dRGTTnUTL2Z1EOeCdRJfmnUT+7J1EZPOdRMv5nUQ5AJ5ElwaeRP4MnkRsE55E
0xmeRDEgnkSXJp5E/iyeRGwznkTLOZ5EMUCeRKBGnkQGTZ5EbFOeRMtZnkQ5YJ5EoGaeRP5s
nkRkc55E03meRDGAnkSXhp5E/oyeRGyTnkTTmZ5EOaCeRJemnkT+rJ5EbLOeRMu5nkQ5wJ5E
l8aeRP7MnkRk055Ey9meRDHgnkSg5p5EBu2eRGzznkTT+Z5EMQCfRKAGn0QGDZ9EZBOfRMsZ
n0QxIJ9ElyafRAYtn0RsM59EyzmfRDFAn0SXRp9E/kyfRGxTn0TLWZ9EMWCfRJdmn0QGbZ9E
ZHOfRBB8n0QfgZ9El4afRAaNn0Rkk59Ey5mfRDmgn0SXpp9E/qyfRGSzn0TTuZ9EOcCfRJfG
n0QGzZ9EbNOfRNPZn0Qx4J9El+afRP7sn0Rk859Ey/mfRDkAoESXBqBE/gygRGQToETTGaBE
MSCgRJcmoET+LKBEZDOgRMs5oEQxQKBEoEagRAZNoERkU6BEy1mgRDFgoESgZqBEBm2gRGRz
oETTeaBEMYCgRJeGoET+jKBEZJOgRMuZoEQ5oKBEoKagRAatoERss6BE07mgRDHAoESXxqBE
Bs2gRGTToETT2aBEMeCgRKDmoET+7KBEZPOgRMv5oEQxAKFEoAahRAYNoURkE6FEyxmhRDEg
oUSgJqFEBi2hRGwzoUTLOaFEMUChRJdGoUQGTaFEZFOhRMtZoUQxYKFEoGahRP5soURsc6FE
y3mhRDmAoUSXhqFE/oyhRGyToUTLmaFEMaChRJemoUT+rKFEZLOhRMu5oUQxwKFEl8ahRAbN
oURk06FEy9mhRDngoUSg5qFE/uyhRGzzoUS++6FEzQCiRKAGokT+DKJEZBOiRMsZokQxIKJE
lyaiRAYtokRsM6JEyzmiRDFAokSgRqJE/kyiRGxTokTLWaJEMWCiRJdmokT+bKJEbHOiRNN5
okQxgKJEl4aiRP6MokRsk6JEy5miRDGgokSgpqJE/qyiRGSzokTTuaJEOcCiRJfGokT+zKJE
ZNOiRMvZokQx4KJEl+aiRAbtokRk86JEy/miRDEAo0SXBqNE/gyjRGQTo0TTGaNEMSCjRJcm
o0T+LKNEZDOjRMs5o0QxQKNEl0ajRP5Mo0RkU6NEy1mjRDFgo0SgZqNEBm2jRGRzo0TTeaNE
MYCjRJeGo0T+jKNEbJOjRMuZo0QxoKNEoKajRP6so0Rks6NE07mjRDHAo0SXxqNE/syjRGTT
o0TL2aNEOeCjRKDmo0T+7KNEbPOjRNP5o0Q5AKRElwakRAYNpERkE6RE0xmkROEipETvJ6RE
Bi2kRGwzpETLOaREMUCkRJdGpET+TKREZFOkRMtZpEQxYKREl2akRAZtpERkc6REbHukRHuA
pESghqRE/oykRGyTpETTmaREMaCkRKCmpEQGraREbLOkRNO5pEQxwKREoMakRP7MpERs06RE
y9mkRDHgpESg5qRE/uykRGzzpETL+aREOQClRJcGpUT+DKVEZBOlRMsZpUQxIKVElyalRP4s
pURkM6VEyzmlRDFApUSXRqVE/kylRGRTpUTTWaVEMWClRKBmpUT+bKVEZHOlRMt5pUQxgKVE
l4alRAaNpURkk6VE05mlRDGgpUSXpqVE/qylRGSzpUTLuaVEMcClRJfGpUQGzaVEZNOlRNPZ
pUQ54KVEl+alRP7spURk86VE0/mlRDEApkSXBqZE/gymRGQTpkTLGaZEMSCmRKAmpkT+LKZE
ZDOmRMs5pkQ5QKZEoEamRAZNpkRkU6ZE01mmRDFgpkSXZqZE/mymRGxzpkTTeaZEOYCmRJeG
pkT+jKZEZJOmRMuZpkQxoKZEl6amRP6spkRks6ZEy7mmRDHApkSgxqZE/symRGTTpkTL2aZE
MeCmRJfmpkT+7KZEZPOmRLb7pkS8AKdEoAanRAYNp0RkE6dE0xmnRDEgp0SXJqdE/iynRGQz
p0TLOadEOUCnRJdGp0T+TKdEZFOnRNNZp0QxYKdEl2anRP5sp0Rkc6dE03mnRDmAp0SghqdE
/oynRGSTp0TTmadEMaCnRJemp0T+rKdEbLOnRMu5p0QxwKdEoManRAbNp0Rs06dEy9mnRDHg
p0SX5qdEBu2nRGTzp0TT+adEMQCoRJcGqET+DKhEZBOoRMsZqEQ5IKhElyaoRP4sqERkM6hE
0zmoRDFAqESXRqhEBk2oRHVTqETTWahEOWCoRJdmqET+bKhEZHOoRNN5qEQxgKhEl4aoRP6M
qERkk6hEy5moRDmgqESgpqhE/qyoRGyzqETLuahEMcCoRJfGqET+zKhEZNOoRMvZqEQx4KhE
l+aoRP7sqERk86hEy/moRDEAqUSXBqlE/gypRGQTqUTTGalEOSCpRJcmqUQGLalEbDOpRMs5
qUQxQKlEl0apRAZNqURkU6lE01mpRDFgqUSXZqlE/mypRGxzqURce6lEaoCpRKCGqUT+jKlE
ZJOpRMuZqUQ5oKlEl6apRAatqURks6lEy7mpRDHAqUSXxqlEBs2pRGTTqUTL2alEMeCpRJfm
qUQG7alEZPOpRMv5qUQxAKpElwaqRP4MqkRkE6pE0xmqRDkgqkSXJqpE/iyqRGQzqkTTOapE
MUCqRKBGqkQGTapEbFOqRNNZqkQxYKpEl2aqRP5sqkRsc6pE03mqRDGAqkSghqpE/oyqRGST
qkTLmapEMaCqRJemqkT+rKpEZLOqRMu5qkQxwKpEoMaqRP7MqkRk06pE09mqRDHgqkSX5qpE
/uyqRGTzqkTL+apEOQCrRJcGq0T+DKtEZBOrRNMZq0QxIKtElyarRP4sq0RsM6tE0zmrRDlA
q0SgRqtEBk2rRGxTq0TTWatEMWCrRKBmq0QGbatEZHOrRMt5q0QxgKtEl4arRP6Mq0Rsk6tE
y5mrRDmgq0QQqKtEH62rRGyzq0TLuatEMcCrRJfGq0QGzatEZNOrRMvZq0Q54KtEl+arRP7s
q0Rk86tE+vqrRDkArESXBqxE/gysRGwTrETTGaxEMSCsRJcmrET+LKxEbDOsRMs5rEQ5QKxE
l0asRP5MrERsU6xEy1msRDlgrESgZqxEBm2sRGRzrETLeaxEOYCsRJeGrET+jKxEZJOsRMuZ
rEQxoKxEl6asRP6srERks6xE07msRDHArESXxqxE/sysRGzTrETL2axEOeCsRJfmrEQG7axE
bPOsRMv5rEQxAK1ElwatRP4MrURkE61E0xmtRDEgrUSgJq1E/iytRGQzrUTTOa1EMUCtRJdG
rUT+TK1EbFOtRMtZrUQ5YK1El2atRP5srURkc61Ey3mtRDGArUSXhq1EBo2tRGSTrUTLma1E
OaCtRJemrUT+rK1EZLOtRMu5rUQxwK1EoMatRP7MrURs061E09mtRDHgrUSX5q1EBu2tRGTz
rUTT+a1EMQCuRJcGrkT+DK5EZBOuRMsZrkQxIK5ElyauRP4srkRkM65EyzmuRDFArkSXRq5E
/kyuRGRTrkTTWa5EMWCuRKBmrkT+bK5EZHOuRK57rkS8gK5EoIauRP6MrkRkk65Ey5muRDmg
rkSgpq5E/qyuRGyzrkTLua5EMcCuRJfGrkQGza5EbNOuRMvZrkQx4K5EoOauRP7srkRk865E
y/muRDEAr0SXBq9E/gyvRGwTr0TTGa9EMSCvRKAmr0T+LK9EZDOvRNM5r0Q5QK9El0avRAZN
r0RkU69Ey1mvREFgr0SXZq9E/myvRGRzr0TLea9EOYCvRJeGr0QGja9EbJOvRNOZr0QxoK9E
l6avRAatr0Rks69Ey7mvRDHAr0SXxq9EBs2vRGzTr0TT2a9EMeCvRKDmr0QG7a9EZPOvRNP5
r0QxALBElwawRP4MsERkE7BEyxmwREEgsESXJrBEBi2wRGQzsETLObBEMUCwRJdGsET+TLBE
ZFOwRNNZsEQxYLBEl2awRP5ssERsc7BEy3mwRDGAsESXhrBE/oywRGSTsETTmbBEMaCwRJem
sEQGrbBEZLOwRNO5sEQxwLBEl8awRAbNsERs07BE09mwRDHgsESg5rBEBu2wRGTzsETf+7BE
7QCxRJcGsUT+DLFEZBOxRMsZsUQxILFElyaxRA4tsUR1M7FEyzmxRDFAsUSgRrFEBk2xRGxT
sUTLWbFEOWCxRJdmsUT+bLFEZHOxRMt5sUQxgLFEl4axRP6MsURsk7FE05mxRDmgsUSgprFE
/qyxRGSzsUTLubFEMcCxRJfGsUQGzbFEbNOxRMvZsUQ54LFEoOaxRAbtsURk87FEy/mxRDEA
skSXBrJE/gyyRGQTskTLGbJEOSCyRJcmskT+LLJEZDOyRMs5skQxQLJEl0ayRP5MskRkU7JE
01myRDlgskSXZrJE/myyRGRzskTLebJEMYCyRJeGskQGjbJEZJOyRNOZskQ5oLJEl6ayRP6s
skRss7JE07myRDnAskSgxrJE/syyRGTTskTL2bJEMeCyRJfmskQG7bJEbPOyRMv5skQ5ALNE
lwazRP4Ms0RsE7NE0xmzRDEgs0SXJrNEwi2zRGwzs0TLObNEOUCzRJdGs0T+TLNEZFOzRMtZ
s0Q5YLNEl2azRAZts0Rsc7NEhXuzRJyAs0SXhrNEBo2zRGSTs0TTmbNEMaCzRJems0T+rLNE
ZLOzRMu5s0Q5wLNEl8azRP7Ms0Rs07NEy9mzRDngs0SX5rNEBu2zRGTzs0TL+bNEMQC0RJcG
tET+DLREZBO0RNMZtEQxILREoCa0RP4stERkM7REyzm0RDFAtESXRrRE/ky0RGRTtETTWbRE
OWC0RJdmtEQGbbREbHO0RNN5tEQ5gLREoIa0RP6MtERkk7REy5m0RDGgtESgprREBq20RGSz
tETLubREOcC0RKDGtEQGzbREZNO0RMvZtEQx4LREl+a0RP7stERs87REy/m0RDEAtUSgBrVE
/gy1RGQTtUTTGbVEMSC1RKAmtUQGLbVEZDO1RNM5tUQxQLVEl0a1RAZNtURkU7VEy1m1REFg
tUSXZrVE/my1RGRztUTLebVEOYC1RKCGtUT+jLVEZJO1RNOZtUQxoLVEoKa1RP6stURks7VE
y7m1RDHAtUSgxrVEBs21RGzTtUTT2bVEMeC1RJfmtUT+7LVEZPO1RDn8tURQAbZEoAa2RAYN
tkRkE7ZEyhm2RDEgtkSYJrZEBi22RGQztkTKObZEOUC2RJhGtkT+TLZEbFO2RMpZtkQxYLZE
mGa2RP5stkRkc7ZEynm2RDmAtkSYhrZEBo22RGyTtkTTmbZEOaC2RKCmtkT+rLZEZLO2RNO5
tkQ5wLZEmMa2RP7MtkRk07ZE09m2RELgtkSg5rZE/uy2RGTztkTK+bZEOQC3RJgGt0T+DLdE
ZBO3RNMZt0Q5ILdEmCa3RP4st0RsM7dEyjm3RDFAt0SYRrdEBk23RGRTt0TTWbdEOWC3RKBm
t0QGbbdEZHO3RNN5t0Q5gLdEmIa3RP6Mt0Rsk7dEypm3RDGgt0SYprdE/qy3RGyzt0TTubdE
McC3RJjGt0T+zLdEbNO3RNPZt0Qx4LdEmOa3RP7st0Rs87dEyvm3RDEAuESYBrhE/gy4RGQT
uETKGbhEOSC4RKAmuEQGLbhEbDO4RNM5uEQxQLhEmEa4RP5MuERkU7hEylm4RDFguESYZrhE
/my4RGRzuETne7hE9oC4RJiGuEQGjbhEZJO4RMqZuEQxoLhEmKa4RP6suERss7hEyrm4RDHA
uESYxrhE/sy4RGzTuETK2bhEMeC4RJjmuET+7LhEZPO4RMr5uEQ5ALlEmAa5RP4MuURsE7lE
0xm5RDkguUSYJrlE/iy5RGwzuUTTOblEOUC5RKBGuUQGTblEbFO5RMpZuUQ5YLlEmGa5RP5s
uURsc7lE03m5RDmAuUSYhrlE/oy5RGyTuUTKmblEMaC5RJimuUT+rLlEZLO5RNO5uUQ5wLlE
oMa5RAbNuURs07lE09m5RDnguUSg5rlE/uy5RGTzuUTK+blEMQC6RJgGukQGDbpEbBO6RMoZ
ukQxILpEmCa6RAYtukRkM7pEyjm6RDFAukSYRrpEBk26RGRTukTTWbpEMWC6RJhmukT+bLpE
ZHO6RMp5ukQxgLpEoIa6RP6MukRsk7pE05m6RDGgukSYprpE/qy6RHK0ukTKubpEOcC6RJjG
ukT+zLpEbNO6RMrZukQ54LpEmOa6RP7sukRk87pElfu6RKQAu0SgBrtE/gy7RGQTu0TKGbtE
MSC7RKAmu0T+LLtEbDO7RMo5u0Q5QLtEmEa7RP5Mu0RkU7tEylm7RDFgu0SYZrtEBm27RGRz
u0TKebtE</AssayXData><AssayYData Points="1500">eyKYQP5GmED9VJhABmmYQJxmmEAglJhAZG6YQKiEmEBYjJhA4ZGYQHyOmEDJjJhAYYyYQDK5
mEDkdZhA1qGYQJOvmED5uphAL6KYQIycmEASrJhAJpeYQHiYmECjm5hAzqKYQJuimEAts5hA
5YWYQATFmEDskphAraSYQD+RmECQkJhAprGYQH2pmEBnkphAsKGYQDHEmEC0mphAQLyYQG7H
mEA0uphAkZyYQNe3mEBapphA/H+YQGqPmEDfsphAz5WYQES0mEBvpJhAbKqYQOHJmEBV1ZhA
iMKYQAW/mECg45hAwquYQCDEmEB/m5hAD7OYQBammEDcsphAEfSYQOG8mEDIrJhAf7WYQE2d
mED8v5hAiNCYQNqsmEBqvZhAFNyYQESqmEC7mJhATtiYQDzOmEDex5hAO9uYQDy8mEAZ0JhA
DtGYQP/amEDprZhAHseYQNS/mEB7wZhADceYQKbUmECC0JhAJbCYQK7ImECKx5hAPMiYQJLj
mED/75hAPc+YQPLXmED82ZhAL8KYQGXpmECG4phA79CYQMPMmEC81phAqseYQBXqmEB65phA
i9KYQMnXmEDDz5hAPtWYQHTKmEAsy5hAVsOYQFDgmEAlx5hAhsaYQBm/mEAP25hAs/aYQO/J
mECM6phASeGYQCTXmEDl3phAqNeYQCz+mEDryJhAtvWYQPCmmEAc7ZhACs+YQDIjmUAH15hA
i+2YQAvDmEBQ65hA2uGYQFTQmEAv/5hAHPmYQGH9mECgpZhAXvOYQKUGmUB81ZhAKeiYQPf5
mEBU4ZhAwPiYQOnvmEAIHZlAA/eYQNfDmEA40JhAH9KYQK4LmUCu95hAt+OYQADrmECo/ZhA
rheZQILVmECt3JhAgtaYQGDgmEDk6phA6AKZQLTmmEDM8phAER+ZQOnumECbDJlAtvGYQMLq
mEArDZlAee2YQFX4mEDK9JhA9wiZQGkNmUCw/ZhAEgaZQGT1mEBi8JhAw+OYQBMamUCG4ZhA
JQqZQOIlmUAJ+ZhAe9WYQMwcmUCw6phAKySZQLYBmUAHFZlAdh+ZQPH4mECI/5hAiumYQML1
mEBmL5lAsvSYQLTzmECiAJlAwAyZQGH1mEA6FplAjSCZQJPumEAfE5lADRaZQLsbmUDM9JhA
tQqZQOwXmUDMHJlAtRyZQMQGmUCFAplADgOZQBkjmUAeGplAxBSZQKnmmECyCZlAAhGZQOYV
mUAqEplAqDOZQFIjmUA0BplAiQOZQLsTmUDC+JhAeimZQMA2mUAi6phAOTiZQE4VmUDPEZlA
3hSZQC4nmUDUBplA4TyZQPczmUAYJplAHECZQPobmUCNFZlAiCKZQBg2mUA8O5lAaySZQKwF
mUCqGZlANAmZQJQ3mUBYH5lA1SGZQNEFmUBUDZlARiWZQF5MmUDPJ5lAUjCZQBUUmUChJplA
HRqZQPkomUCkQ5lAaxWZQG0imUBRI5lA3iOZQHJSmUCQT5lA5UWZQHUCmUAqGZlAhyWZQPJH
mUBEF5lANziZQNUwmUDgFZlAbz+ZQOAimUBVJJlAZ0aZQOchmUA6LZlAECaZQEZYmUCuQZlA
JReZQMQsmUCUPZlAsTqZQPwtmUBVKJlAvzKZQIVLmUAoWZlAtCyZQI0umUBRRJlAtkeZQOI6
mUAmE5lAAjKZQApFmUDRSZlA+UaZQLg4mUDtM5lApDeZQGs2mUDaXplAmSmZQP9KmUDwQJlA
/zuZQEwrmUCBMplA4FeZQGpQmUBdVZlArEmZQC9dmUDELZlAWFuZQPcfmUB1M5lAqkOZQJM5
mUBtPplAyGqZQBxumUA7SZlAkkCZQFBDmUAdbJlAcC6ZQHpUmUA2OplAXUiZQDl7mUChN5lA
/EiZQMRlmUBuS5lAp0iZQNczmUDla5lAoDWZQEQ4mUDMRJlAon2ZQFk4mUAofplAtXKZQLov
mUCHSplAjnqZQE1FmUB7WJlAbFOZQH9dmUByJJlAzXKZQGpemUA8b5lAb2aZQDdYmUDBWplA
GECZQGBXmUAJWZlAdHiZQNtWmUB8bZlAroqZQBJkmUA1TJlAWGaZQDmCmUA5RJlAzl6ZQKpi
mUABZplAMIOZQABrmUCcUZlAv2iZQOFUmUCEZJlAuEGZQH9/mUDGY5lAdnaZQIxqmUDobZlA
pm2ZQCeSmUDbYplAbIKZQP5PmUAPZ5lAdViZQKJNmUAveplAw2KZQJBxmUCLaplAD32ZQEBm
mUCrhJlAcV6ZQJpJmUA8ZJlAkW6ZQMFrmUCqd5lAUGeZQKJxmUBkgJlAhX6ZQIB7mUBUiJlA
9kaZQM9tmUA8bJlATneZQM6HmUDFgJlA+4uZQPOQmUAFbZlAYmCZQGN2mUADcplAhliZQPiq
mUAES5lAGGqZQFyVmUDPc5lAZ22ZQAF+mUDQgplArXKZQPSUmUArgplAV0yZQIxkmUDznplA
R6aZQBeSmUAAg5lAVnKZQCmEmUA0d5lAOImZQE1ymUCabJlArm2ZQFiDmUDBfJlAkYCZQBx/
mUCqiZlAWZKZQEpzmUB4oplAZpCZQBl1mUC5Z5lArm2ZQFpkmUBDl5lAkaeZQFKjmUBdjplA
+oaZQFlymUAoi5lAUpOZQMCkmUD0iJlA77OZQLOOmUANhplAkZKZQOqgmUA9iJlAzIOZQGF5
mUD4jplAB4SZQHiLmUC0iZlArJqZQGmJmUCRj5lAfaaZQHKRmUB/nplAV5uZQKWmmUDNeZlA
jISZQEWnmUBGoZlAirCZQOWgmUDNpJlAPJuZQAx2mUCdxplAwpaZQEukmUAKdJlAEbCZQIZ7
mUDcpJlATouZQF2SmUAQnZlAj5mZQNSLmUAFnJlAc5qZQNV1mUDdtJlA6oqZQLmqmUDydplA
bJ6ZQAmnmUBjgplAIsKZQCmBmUCbVJlAcpOZQMu2mUAhvZlAxpKZQA2pmUAihJlAVreZQFmQ
mUBimZlAdo6ZQBOdmUCMm5lAwKuZQBCsmUDtrJlAPL2ZQO2qmUDcrJlArYSZQKWLmUD7oJlA
eYqZQKWqmUD5xJlA4IeZQFexmUB6tZlAoquZQLC8mUBJx5lA84+ZQJh0mUCh15lASJ2ZQFip
mUB3uZlAQbmZQNeHmUAhk5lAiKmZQOvDmUDU1ZlAvqyZQKecmUCYoJlAyciZQEeemUAavZlA
TK2ZQDulmUCumZlA3bGZQP+TmUBnyplA5riZQJSsmUCcsJlAM7iZQPi3mUCLtplAa7eZQBCR
mUDP0plAR4aZQAqmmUB5vJlAocmZQIiumUB5tJlAoLuZQK+4mUBAsplAXbSZQOqgmUBPy5lA
cYeZQNHDmUAixJlAV7iZQA68mUDWuJlAzsuZQCrJmUCbxplA4dOZQIS5mUAPoJlAM8eZQHWx
mUDysplAmdKZQMnAmUBdoJlAQ8uZQOHBmUD2xZlA/sOZQJrnmUDpmplA37qZQJa/mUAG6plA
/LKZQJS3mUBZyJlAeNyZQA64mUCBmJlAXbCZQOfTmUDeyJlAiq+ZQIHHmUA2zplAA7SZQBiJ
mUDjsplActqZQNnBmUCy1ZlAq8aZQIjLmUA6n5lApb+ZQM7bmUDiqZlAIpyZQNeWmUB4xJlA
X82ZQE2tmUDPqJlAwMqZQP7ImUBP2plA/dSZQE6QmUCl5JlAcPCZQCjNmUDfwZlAybKZQPHU
mUA+sZlAuL6ZQCO0mUBHvplAv8SZQJfhmUAwxplAyuiZQJjSmUAMs5lAQMGZQALWmUBdxJlA
lfaZQDXEmUAkzJlA27qZQBK9mUBiyJlAHauZQL/KmUBz0JlAucSZQMLDmUByu5lAOdyZQDn7
mUCcyZlAV/KZQJDJmUChs5lAAe2ZQJ66mUDx4plAd8aZQE/bmUCMx5lABd2ZQMXQmUCq3plA
edqZQGLbmUBm5plAccSZQDHImUDg6ZlALfiZQNnOmUCsCJpAhNiZQJvBmUCpw5lAWvKZQMXu
mUA87plAqN+ZQGQLmkBEwZlA/N6ZQMDhmUAs0plAs96ZQM3kmUDayZlARLuZQJXxmUCFuZlA
YcuZQBPAmUCr2plAXbqZQIzLmUB3w5lAA8uZQAbbmUAG6plAytGZQIvVmUD655lABeuZQPq0
mUBY8JlAENaZQAjDmUA+tplAltOZQJXfmUB51ZlAgceZQOnsmUD1y5lA++CZQBDEmUBg15lA
XeKZQBDRmUCez5lArc+ZQGvSmUAP3plAJdmZQKwGmkBJ8plAg92ZQHLjmUDD6JlAweeZQPT7
mUD26ZlAJvqZQL/pmUBHB5pAO9+ZQIbbmUDd2JlAXPGZQA/2mUCE65lAD+iZQHzLmUBJx5lA
xvSZQBLImUDQ4ZlAssKZQDUDmkDN8JlAi/OZQPrXmUBx3ZlAocWZQIYCmkBo9ZlAKQuaQPXh
mUD815lASO+ZQDMGmkB7AJpAmOaZQKXVmUDFAZpAlgSaQEDwmUCJF5pAAt2ZQL4LmkAl1ZlA
ieOZQJL0mUAd/5lAVOCZQDH/mUCaAZpACwSaQJzgmUA1AJpAffOZQLz1mUDSAppA8AKaQLvu
mUBT2JlA9AGaQK7rmUDf95lAtf2ZQNnsmUB51ZlAcgaaQJP7mUC74JlANsqZQL/hmUAvCppA
QACaQDsGmkCt9ZlAR9iZQPjmmUAEH5pAp/eZQOj5mUCWAJpALeuZQKrXmUD+4ZlAe+aZQIXk
mUB+4JlAqfyZQFLzmUDO9ZlAmwqaQMUEmkAH55lAFtOZQNYOmkD/CppA9fCZQAD0mUCH/5lA
AgaaQM0ImkCUDZpAS/+ZQL8EmkA/+plAdNCZQNMImkAtGZpAWQuaQH4ZmkA30JlAwwWaQH8I
mkDW2JlAsBqaQI8VmkB2BZpAFxqaQCbumUDTAJpAqv2ZQAfqmUAm45lALfyZQN0GmkBmD5pA
dNqZQPETmkAkBZpAzBaaQPEKmkDbBJpACASaQOb5mUAyD5pA3/mZQBgOmkBn85lAT/eZQEMh
mkClDZpAG/GZQPX5mUAcA5pAuRuaQPAHmkCMA5pApQGaQIX4mUBHAZpAhQSaQAnumUAADJpA
qB+aQKXymUAQzplAcPSZQP8HmkCTBZpA7AaaQKEJmkAE+ZlAkg2aQNUomkDGDJpA5O6ZQCgI
mkAS/ZlANfuZQCsKmkALAZpAXPKZQLPpmUCdD5pALfSZQCMZmkCVAppAwP+ZQB8ImkBs4JlA
5R2aQGv+mUDjCJpAXRuaQIsPmkBHDJpA3xiaQJoemkAT7JlALRyaQPwKmkAeFppAGe+ZQJn+
mUCLDppA5iuaQFHimUCpIJpA5TmaQKb8mUCKKJpAcPKZQDTomUD+G5pApzyaQJ40mkBeBJpA
bxKaQHQImkAqHZpAvQmaQJclmkCsE5pAqjSaQDQfmkB7DZpAXRiaQAoimkByCppAMj2aQLMk
mkC/BppAcRWaQK8wmkA7B5pAIzaaQO36mUD4DppAlgSaQLcxmkDvIJpAlySaQGMDmkCoFJpA
uueZQKcemkDKDppAkBSaQK//mUAr+ZlArByaQKUamkCMAJpAlEGaQIQpmkC8DZpApCuaQGzy
mUBcKppAKBuaQBsQmkBvJJpATUiaQJsHmkBnD5pASh6aQO0XmkB3FZpA+yOaQPUjmkDv3plA
fkeaQDIdmkAdDJpA7x2aQBEwmkBwBppAgDWaQAMXmkCDIZpAMROaQBg1mkAiEJpA/wmaQPI5
mkCGP5pA9xaaQOssmkBNHZpAcjeaQDoRmkCULJpAogeaQFgvmkDYPZpAsAeaQD8rmkB6F5pA
EiiaQOYNmkBpMZpAdwaaQHhKmkAWOppAVxCaQJgemkCjKppASzCaQL8dmkDkH5pAAEWaQDki
mkCXHZpAgT2aQLwjmkD4RJpA1SOaQFxBmkDmO5pAt16aQAozmkBmMZpAByiaQEg2mkCyJppA
TR6aQJUpmkDiIJpAqymaQEoImkBHEZpAwBuaQBJEmkDOVppAqiuaQHUrmkD5QJpAGhOaQDon
mkCEGppAES6aQDoxmkAtKppAQCeaQBJDmkBUA5pAwQeaQFc7mkD/OZpAMD+aQBH9mUCNIZpA
LzOaQNw5mkDrJ5pArA2aQAM/mkDHKZpAXDeaQKcqmkBcVZpAtjuaQDExmkB0PppAUTuaQHsR
mkAsKppAPkaaQEkDmkDkMJpAfU6aQID/mUAKKppAPDOaQNgkmkBVLJpAuyeaQBs3mkAlLZpA
Yi+aQBMymkBsGZpAL0uaQNkqmkA9EZpAmiiaQIE5mkAdLJpAfxWaQJobmkCuKZpA8C6aQDol
mkA9LZpAmSSaQDQ2mkCMK5pAc0KaQM1WmkB+J5pAXUiaQPA+mkDTLJpA8TqaQBwRmkDwX5pA
vgiaQPYbmkDlRppA1EOaQFj/mUDAIZpA9kGaQMEbmkACDppAv12aQEZImkBkOppAUiCaQGUv
mkCbMppAvDKaQPwnmkBdNJpAXz6aQJgJmkB3NZpAsSuaQG8rmkBhZJpA2zaaQPNAmkClMZpA
9E+aQBI8mkCnJZpAnDaaQJQjmkABWJpAYyKaQEdEmkDHPJpAejOaQBZjmkAFSZpANSmaQNFZ
mkBhNppAuS+aQEUzmkA7SZpAq1CaQA5ZmkDyIJpAQESaQJhEmkB8J5pA8zGaQMJNmkCbLJpA
xDOaQGlFmkCGTJpA9UCaQOgxmkC0SZpAgVWaQLE/mkA4VJpAv0OaQA44mkDtNJpAtkyaQORG
mkBkNZpA7hGaQC1AmkCgMppAzC2aQNlZmkAjOZpAyT2aQAgkmkBUMJpAQ0WaQAFSmkAWRZpA
xlGaQAtOmkArM5pAWB2aQAoimkDWLppAYimaQLJjmkCXOppAFUKaQA1HmkCpLJpAPkKaQFhN
mkBPc5pA2zWaQHFamkCFQJpAXSeaQP8zmkAVOJpAhVKaQMI2mkDcLppADEaaQCZAmkBxYZpA
AlKaQENJmkA2K5pA3leaQNQ+mkDUNJpAHD6aQIwhmkCoPppAOySaQDpZmkBdR5pAeVCaQFog
mkBIWJpAwk6aQHpImkA1HZpAgISaQDtPmkBER5pAIkaaQBpPmkCpGppAMR+aQO48mkBCTJpA
Ch6aQPttmkC5K5pAACuaQC8/mkBPN5pALD2aQGZ+mkCuYJpARk2aQA5xmkA5XZpADGaaQClb
mkA0YJpA9yyaQDZjmkDmPJpAym2aQGJLmkChQZpATUqaQE5fmkDTWZpAxkmaQEUymkBdSJpA
MkiaQKUbmkCJUppA8lmaQL4hmkBXXZpAPkOaQDozmkBVP5pAMFqaQOlTmkD9TJpAiWKaQM0+
mkAfbJpAdVqaQMhZmkBOXZpAznOaQEhmmkDFKZpAJlyaQG5RmkDDYZpAbziaQPJpmkC2I5pA
RFSaQBtRmkBbQJpAZ2eaQGtZmkBvTZpAF3eaQKBrmkCEhJpA1TyaQFUxmkB0Y5pAikaaQN5Q
mkDdRZpAM12aQNhFmkAZZppAuDyaQINUmkDJP5pAgo6aQOstmkATQ5pAflGaQDtYmkCgTZpA
ym2aQINkmkCRZZpAF0SaQHBdmkAnSZpAMWiaQP43mkCoV5pAVEiaQDtamkC8VJpA7FSaQKNh
mkBqP5pALVGaQPNvmkDnR5pAG3eaQB9DmkBsRJpAFWaaQBxMmkB4VJpAkFCaQP9tmkDwSZpA
Lz+aQEmXmkCZTJpAy02aQBE8mkBJSJpAZUKaQB5PmkApTZpAunCaQJ1NmkBGVZpAtVuaQHBi
mkDoUppALFeaQHxNmkA2U5pA50yaQDEmmkAqQJpA7miaQFRHmkAFbZpAQFKaQFhImkDTX5pA
33iaQI1XmkCbS5pAYHqaQElVmkCiXJpAJWGaQDpSmkANgppAW06aQIlYmkDIXppAGUWaQGhl
mkA1UJpAKm2aQMpumkCFOppA+2GaQMFSmkCaMppA32WaQIdSmkBrOZpAXFGaQHU2mkApYppA
pVKaQOBumkDJX5pAjG6aQNVwmkAKV5pAZWuaQJ11mkD8VZpAcTuaQDBtmkBGQppA0EyaQL03
mkDoTJpA</AssayYData></Step><Step><CommonData><SampleLocation>5</SampleLocation><SampleID>Glycine</SampleID><SampleGroup></SampleGroup><SampleInfo></SampleInfo><SampleRow>L</SampleRow><SamplePlate>1</SamplePlate><WellType>REGENERATION</WellType><Concentration>-1</Concentration><ConcentrationUnits>µg/ml</ConcentrationUnits><MolarConcentration>-1</MolarConcentration><MolarConcUnits>nM</MolarConcUnits><MolecularWeight>0</MolecularWeight><Temperature>30</Temperature><StartTime>1721937</StartTime><AssayTime>5</AssayTime></CommonData><FlowRate>1000</FlowRate><StepType>KREGENERATION</StepType><StepName>Regeneration</StepName><StepStatus>OK</StepStatus><ActualTime>5.00005</ActualTime><CycleTime>0.2</CycleTime><AssayXData Points="25">MIC7RJaGu0QFjbtEY5O7RMqZu0Q4oLtEn6a7RP2su0Rjs7tEyrm7RDjAu0SWxrtE/cy7RGPT
u0TK2btEMOC7RJ/mu0QF7btEa/O7RNr5u0QwALxEnwa8RAUNvERjE7xEyhm8RA==</AssayXData><AssayYData Points="25">p78wPc9MhL1Nkve9N64qvubuUr4OQnS+B4eMvjqGnb4WX6q+I4G1vk5pxL7Xl8++eFnXvhp9
4b7Uqe++7NL0vivb/r5QTAK/KBYHv8D+Cb+KFg+/TSgRv7vbE78Djha/82AXvw==</AssayYData></Step><Step><CommonData><SampleLocation>6</SampleLocation><SampleID>PBS</SampleID><SampleGroup></SampleGroup><SampleInfo></SampleInfo><SampleRow>L</SampleRow><SamplePlate>1</SamplePlate><WellType>NEUTRALIZATION</WellType><Concentration>-1</Concentration><ConcentrationUnits>µg/ml</ConcentrationUnits><MolarConcentration>-1</MolarConcentration><MolarConcUnits>nM</MolarConcUnits><MolecularWeight>0</MolecularWeight><Temperature>30</Temperature><StartTime>1735182</StartTime><AssayTime>5</AssayTime></CommonData><FlowRate>1000</FlowRate><StepType>KREGENERATION</StepType><StepName>Regeneration</StepName><StepStatus>OK</StepStatus><ActualTime>5.00103</ActualTime><CycleTime>0.2</CycleTime><AssayXData Points="25">MCC8RJYmvEQFLbxEazO8RMo5vEQwQLxElka8RAVNvERjU7xEylm8RDBgvESfZrxEBW28RGtz
vETSebxEMIC8RJ+GvET9jLxEY5O8RMqZvEQ4oLxElqa8RP2svERjs7xE0rm8RA==</AssayXData><AssayYData Points="25">i2xRQNchU0BT1VNAfPdUQF6LVUAb+1VABdBWQOEEV0CSO1dA86xXQGs7WEDqj1hA/4RYQBbl
WEC1TllAFkRZQOyCWUDUyllAxs1ZQAYIWkB/tlpAJbBaQFywWkCE0lpA779aQA==</AssayYData></Step><Step><CommonData><SampleLocation>5</SampleLocation><SampleID>Glycine</SampleID><SampleGroup></SampleGroup><SampleInfo></SampleInfo><SampleRow>L</SampleRow><SamplePlate>1</SamplePlate><WellType>REGENERATION</WellType><Concentration>-1</Concentration><ConcentrationUnits>µg/ml</ConcentrationUnits><MolarConcentration>-1</MolarConcentration><MolarConcUnits>nM</MolarConcUnits><MolecularWeight>0</MolecularWeight><Temperature>30</Temperature><StartTime>1748424</StartTime><AssayTime>5</AssayTime></CommonData><FlowRate>1000</FlowRate><StepType>KREGENERATION</StepType><StepName>Regeneration</StepName><StepStatus>OK</StepStatus><ActualTime>5.00005</ActualTime><CycleTime>0.2</CycleTime><AssayXData Points="25">OMC8RErHvEQFzbxEc9O8RNLZvERA4LxEp+a8RAXtvERz87xE2vm8RDgAvUSnBr1EDQ29RGsT
vUTSGb1EOCC9RJ4mvUQNLb1EazO9RNI5vUQ4QL1Ep0a9RAVNvURrU71E0lm9RA==</AssayXData><AssayYData Points="25">3Umyvh9N4L5bOvO+JmwBv+nYCL/J0w2/+CQSvyqxFr861Rm/DM8bv5PrH79S7yK/lqskv/wq
J78aZCm/poUrv96gLr+P+i6/9Hcwv2nUMr9AYDO/s241v1oeN79DXje/aFw5vw==</AssayYData></Step><Step><CommonData><SampleLocation>6</SampleLocation><SampleID>PBS</SampleID><SampleGroup></SampleGroup><SampleInfo></SampleInfo><SampleRow>L</SampleRow><SamplePlate>1</SamplePlate><WellType>NEUTRALIZATION</WellType><Concentration>-1</Concentration><ConcentrationUnits>µg/ml</ConcentrationUnits><MolarConcentration>-1</MolarConcentration><MolarConcUnits>nM</MolarConcUnits><MolecularWeight>0</MolecularWeight><Temperature>30</Temperature><StartTime>1761518</StartTime><AssayTime>5</AssayTime></CommonData><FlowRate>1000</FlowRate><StepType>KREGENERATION</StepType><StepName>Regeneration</StepName><StepStatus>OK</StepStatus><ActualTime>5.00005</ActualTime><CycleTime>0.2</CycleTime><AssayXData Points="25">OWC9RJ9mvUQObb1EdHO9RNN5vURBgL1En4a9RA6NvURsk71E25m9RDmgvUSfpr1EBq29RGyz
vUTTub1EQcC9RJ/GvUQGzb1EbNO9RNvZvUQ54L1EqOa9RA7tvURs871E0/m9RA==</AssayXData><AssayYData Points="25">NrFOQCqYT0D9+FBAINNRQIh6UkA5AFNA1X5TQGHZU0DnXFRAABhVQF0LVUCZglVAPbRVQOZB
VkD7SlZAiW5WQFV1VkAExVZAgyxXQHAvV0A9g1dA81JXQALnV0DrFVhABP9XQA==</AssayYData></Step><Step><CommonData><SampleLocation>5</SampleLocation><SampleID>Glycine</SampleID><SampleGroup></SampleGroup><SampleInfo></SampleInfo><SampleRow>L</SampleRow><SamplePlate>1</SamplePlate><WellType>REGENERATION</WellType><Concentration>-1</Concentration><ConcentrationUnits>µg/ml</ConcentrationUnits><MolarConcentration>-1</MolarConcentration><MolarConcUnits>nM</MolarConcUnits><MolecularWeight>0</MolecularWeight><Temperature>30</Temperature><StartTime>1774771</StartTime><AssayTime>5</AssayTime></CommonData><FlowRate>1000</FlowRate><StepType>KREGENERATION</StepType><StepName>Regeneration</StepName><StepStatus>OK</StepStatus><ActualTime>5.00103</ActualTime><CycleTime>0.2</CycleTime><AssayXData Points="25">OQC+RJ8GvkQGDb5EdBO+RNMZvkQ5IL5Enya+RA4tvkR0M75E2zm+REFAvkSfRr5EBk2+RHRT
vkTTWb5EOWC+RJ9mvkQObb5EdHO+RNt5vkRBgL5En4a+RA6NvkRsk75E25m+RA==</AssayXData><AssayYData Points="25">rkLSvjM7876QiwO/N28MvxjaEL86RxW/7FAZv4IwHL+5UR6/+3Ajv2FgJL8CrSe/sNMpvzQ8
K7/ZPS2/bv0uv0yvML8a/zC/abIyvxQMNb+nQja/WGA3v2h6OL8I8Ti/kFk5vw==</AssayYData></Step><Step><CommonData><SampleLocation>6</SampleLocation><SampleID>PBS</SampleID><SampleGroup></SampleGroup><SampleInfo></SampleInfo><SampleRow>L</SampleRow><SamplePlate>1</SamplePlate><WellType>NEUTRALIZATION</WellType><Concentration>-1</Concentration><ConcentrationUnits>µg/ml</ConcentrationUnits><MolarConcentration>-1</MolarConcentration><MolarConcUnits>nM</MolarConcUnits><MolecularWeight>0</MolecularWeight><Temperature>30</Temperature><StartTime>1788047</StartTime><AssayTime>5</AssayTime></CommonData><FlowRate>1000</FlowRate><StepType>KREGENERATION</StepType><StepName>Regeneration</StepName><StepStatus>OK</StepStatus><ActualTime>5.00103</ActualTime><CycleTime>0.2</CycleTime><AssayXData Points="25">QqC+RLGmvkQXrb5EfbO+RNy5vkRKwL5EqMa+RA/NvkR9075E5Nm+RErgvkSo5r5ED+2+RHXz
vkTc+b5ESgC/RLEGv0QXDb9EdRO/RNwZv0RCIL9EqCa/RBctv0R1M79E5Dm/RA==</AssayXData><AssayYData Points="25">5bZPQCknUUCru1FAbuhSQOGvU0ATMlRAJcFUQMUlVUCbpFVA06RVQPH9VUCArFZARthWQCAx
V0DKVVdA1YRXQEfVV0AWAlhAAERYQJBkWEAVOlhAW59YQCDeWEAo11hAsClZQA==</AssayYData></Step><Step><CommonData><SampleLocation>1</SampleLocation><SampleID>Octet Buffer</SampleID><SampleGroup></SampleGroup><SampleInfo></SampleInfo><SampleRow>K</SampleRow><SamplePlate>1</SamplePlate><WellType>BUFFER</WellType><Concentration>-1</Concentration><ConcentrationUnits>µg/ml</ConcentrationUnits><MolarConcentration>-1</MolarConcentration><MolarConcUnits>nM</MolarConcUnits><MolecularWeight>0</MolecularWeight><Temperature>30</Temperature><StartTime>1802297</StartTime><AssayTime>20</AssayTime></CommonData><FlowRate>1000</FlowRate><StepType>CUSTOM</StepType><StepName>Sensor Check</StepName><StepStatus>OK</StepStatus><ActualTime>20.001</ActualTime><CycleTime>0.2</CycleTime><AssayXData Points="100">SkC/RLBGv0QfTb9EhVO/RORZv0RKYL9EsGa/RB9tv0R9c79E5Hm/REqAv0S5hr9EF42/RH2T
v0Tkmb9ESqC/RLmmv0QXrb9EhbO/ROS5v0RKwL9Euca/RB/Nv0R9079E7Nm/RErgv0Sw5r9E
F+2/RIXzv0Tk+b9ESgDARLkGwEQXDcBEfRPAROwZwERSIMBEsCbARBctwESFM8BE5DnAREpA
wESwRsBEF03ARH1TwETkWcBESmDARLBmwEQXbcBEfXPAROx5wERSgMBEsIbARB+NwER9k8BE
5JnAREqgwESwpsBEH63ARH2zwETsucBEUsDARLDGwEQfzcBEhdPAROTZwERK4MBEsObARBft
wESF88BE5PnAREoAwUS5BsFEFw3BRIUTwUTkGcFESiDBRLAmwUQfLcFEhTPBROw5wURSQMFE
uUbBRBdNwUSFU8FE5FnBREpgwUS5ZsFEF23BRIVzwUTkecFESoDBRLmGwUQfjcFEfZPBROSZ
wURSoMFEuabBRB+twUR9s8FE7LnBRA==</AssayXData><AssayYData Points="100">vNRPQLdsTUDcoUtAgj1KQFFHSUDEMklAQZhIQLLrSEBSvEhAgJtIQF3zSECw3UhAZBBJQPl5
SUCPi0lACJtJQCnjSUCHJ0pAof1JQENTSkAVbkpAzFVKQK+JSkBrp0pABupKQH8HS0CUJUtA
ltZKQIkFS0C8kktATH9LQPmnS0DCzEtAYbtLQNPWS0DX5UtAZSFMQIclTECuAUxAOTVMQMc5
TECwT0xAVGtMQEyUTEAgoExAR6ZMQNicTEC3qExA7JVMQJ73TEDiCU1AND1NQKFGTUBTMk1A
Yw5NQKtTTUD0NE1A/x1NQORDTUAubk1AgFtNQFUJTkCqtk1AxURNQL65TUDPm01ATn5NQNC4
TUAVCU5Ao9NNQEDWTUBsB05Ab/lNQBNwTkACNE5AXlFOQE4RTkBNkk5AGCxOQEJCTkCyk05A
AGdOQDxZTkAVrk5AkJlOQEu4TkCZY05AcrtOQKFDTkA04k5AMK9OQEp+TkCZC09ADN1OQI7u
TkDP/k5AkNVOQFekTkCLv05A4SRPQA==</AssayYData></Step><Step><CommonData><SampleLocation>9</SampleLocation><SampleID>SI-157C15_P5235</SampleID><SampleGroup></SampleGroup><SampleInfo></SampleInfo><SampleRow>K</SampleRow><SamplePlate>1</SamplePlate><WellType>KLOAD</WellType><Concentration>5</Concentration><ConcentrationUnits>µg/ml</ConcentrationUnits><MolarConcentration>5000</MolarConcentration><MolarConcUnits>nM</MolarConcUnits><MolecularWeight>0</MolecularWeight><Temperature>30</Temperature><StartTime>1831778</StartTime><AssayTime>120</AssayTime></CommonData><FlowRate>1000</FlowRate><StepType>LOADING</StepType><StepName>Loading</StepName><StepStatus>OK</StepStatus><ActualTime>120.001</ActualTime><CycleTime>0.2</CycleTime><AssayXData Points="600">UsDBRLjGwUQfzcFEjdPBROzZwURa4MFEuObBRCftwUSN88FE7PnBRFIAwkS4BsJEHw3CRI0T
wkTsGcJEUiDCRLgmwkQfLcJEjTPCROw5wkRSQMJEuEbCRB9NwkSNU8JE7FnCRFpgwkTBZsJE
J23CRI1zwkTsecJEWoDCRLiGwkQnjcJEhZPCROyZwkRSoMJEuKbCRB+twkSFs8JE9LnCRFrA
wkS4xsJEH83CRI3TwkT02cJEUuDCRLjmwkQn7cJEjfPCROz5wkRSAMNEuAbDRB8Nw0SNE8NE
9BnDRFIgw0S4JsNEJy3DRIUzw0TsOcNEUkDDRMFGw0QfTcNEjVPDROxZw0RSYMNEwWbDRB9t
w0SNc8NE9HnDRFqAw0TBhsNEH43DRI2Tw0TsmcNEUqDDRLimw0QnrcNEhbPDROy5w0RSwMNE
wcbDRCfNw0SF08NEANzDRBfhw0TB5sNEH+3DRIXzw0Ts+cNEUgDERLgGxEQfDcREhRPERPQZ
xERSIMREuCbERCctxESFM8RE7DnERFJAxES4RsREH03ERI1TxETsWcREUmDERLhmxEQfbcRE
hXPEROx5xERSgMREwYbERB+NxESNk8RE9JnERFqgxES4psREJ63ERIWzxETsucREWsDERLjG
xEQfzcREjdPEROzZxERS4MREuObERB/txESN88RE7PnERFoAxUS4BsVEHw3FRIUTxUT0GcVE
UiDFRMEmxUQfLcVEhTPFROw5xURSQMVEuEbFRCdNxUSFU8VE7FnFRFpgxUTBZsVEH23FRI1z
xUTsecVEUoDFRLiGxUQfjcVEhZPFROyZxURSoMVEuKbFRB+txUSNs8VE9LnFRFLAxUTJxsVE
H83FRI3TxUT02cVEWuDFRMHmxUQf7cVEjfPFRPT5xURSAMZEuAbGRB8NxkSFE8ZE9BnGRFog
xkS4JsZEHy3GRIUzxkTsOcZEUkDGRLhGxkQnTcZEhVPGRDFcxkRQYcZEuGbGRCdtxkSFc8ZE
9HnGRFKAxkS4hsZEH43GRI2TxkTsmcZEUqDGRLimxkQfrcZEhbPGROy5xkRSwMZEuMbGRB/N
xkSN08ZE7NnGRFLgxkTB5sZEJ+3GRI3zxkTs+cZEWgDHRLgGx0QnDcdEhRPHRPQZx0RSIMdE
uCbHRB8tx0SFM8dE7DnHRFJAx0TBRsdEH03HRI1Tx0TsWcdEWmDHRLhmx0QnbcdEjXPHRPR5
x0RSgMdEuIbHRCeNx0SNk8dE9JnHRFKgx0TBpsdEH63HRI2zx0T0ucdEUsDHRLjGx0QnzcdE
hdPHROzZx0Ra4MdEuObHRB/tx0SF88dE7PnHRFIAyETBBshEJw3IRIUTyETsGchEWiDIRLgm
yEQfLchEhTPIROw5yERSQMhEwUbIRCdNyESFU8hE7FnIRFJgyES4ZshEH23IRIVzyETsechE
WoDIRMGGyEQfjchEhZPIROyZyERSoMhEwabIRB+tyESFs8hE7LnIRFrAyETBxshEJ83IRI3T
yESF28hEtODIRLjmyEQn7chEhfPIRPz5yERSAMlEuAbJRCcNyUSFE8lE9BnJRFogyUS4JslE
Jy3JRI0zyUTsOclEWkDJRLhGyUQnTclEhVPJRPRZyURSYMlEuGbJRB9tyUSFc8lE9HnJRFKA
yUS4hslEJ43JRIWTyUT0mclEWqDJRLimyUQnrclEhbPJRPS5yURSwMlEwcbJRB/NyUSF08lE
7NnJRFLgyUS45slEJ+3JRIXzyUTs+clEUgDKRLgGykQfDcpEhRPKRPQZykRSIMpEuCbKRB8t
ykSNM8pE7DnKRFpAykTBRspEJ03KRIVTykT0WcpEWmDKRMFmykQfbcpEjXPKROx5ykRSgMpE
wYbKRB+NykSFk8pE7JnKRFKgykS4pspEH63KRIWzykTsucpEUsDKRMHGykQnzcpEjdPKRPTZ
ykRS4MpEuObKRB/tykSF88pE7PnKRFIAy0S4BstEJw3LRIUTy0TsGctEUiDLRMEmy0QfLctE
hTPLROw5y0RSQMtEyUbLRCdNy0SNU8tEEFzLRCdhy0S4ZstEH23LRI1zy0TsectEUoDLRLiG
y0QfjctEhZPLRPSZy0RSoMtEuKbLRB+ty0SNs8tE7LnLRFLAy0S4xstEJ83LRIXTy0T02ctE
UuDLRLjmy0Qn7ctEjfPLRPT5y0RaAMxEwQbMRB8NzESNE8xE7BnMRFogzES4JsxEJy3MRIUz
zETsOcxEWkDMRLhGzEQnTcxEhVPMRPxZzERSYMxEuGbMRCdtzESFc8xE7HnMRFKAzES4hsxE
H43MRIWTzETsmcxEWqDMRLimzEQnrcxEhbPMROy5zERSwMxEuMbMRB/NzESF08xE9NnMRFrg
zETB5sxEH+3MRIXzzETs+cxEUgDNRLgGzUQnDc1EhRPNRPQZzURaIM1EuCbNRCctzUSNM81E
7DnNRFpAzUS4Rs1EJ03NRIVTzUTsWc1EUmDNRLhmzUQfbc1EhXPNRPR5zURagM1EwYbNRB+N
zUSFk81E7JnNRFqgzUS4ps1EH63NRIWzzUT0uc1EUsDNRLjGzUQfzc1EhdPNRL/bzUTd4M1E
uObNRCftzUSN881E9PnNRFoAzkS4Bs5EHw3ORIUTzkT0Gc5EWiDORMEmzkQnLc5EjTPOROw5
zkRSQM5EwUbORB9NzkSFU85E7FnORFJgzkS4Zs5EJ23ORIVzzkTsec5EWoDORLiGzkQnjc5E
jZPOROyZzkRSoM5EwabORB+tzkSFs85E9LnORFLAzkS4xs5EH83ORIXTzkTs2c5EUuDORMHm
zkQn7c5EhfPORPT5zkRSAM9EwQbPRB8Nz0SNE89E7BnPRFogz0S4Js9EHy3PRI0zz0TsOc9E
UkDPRMFGz0QfTc9EhVPPROxZz0RSYM9EwWbPRB9tz0SFc89E7HnPRFqAz0S4hs9EH43PRIWT
z0T0mc9EUqDPRLimz0Qfrc9EhbPPROy5z0RSwM9EwcbPRB/Nz0SN089E7NnPRFLgz0S45s9E
H+3PRIXzz0Ts+c9EUgDQRLgG0EQfDdBEhRPQRPQZ0ERSINBEuCbQRCct0ESNM9BE9DnQRFJA
0ES4RtBEH03QRIVT0ERkW9BEg2DQRLhm0EQnbdBEhXPQRPR50ERagNBEuIbQRB+N0ESFk9BE
7JnQRFqg0ETBptBEH63QRI2z0ET0udBE</AssayXData><AssayYData Points="600">unRNQMGoTkDqV09AcrJQQPwVUUAPA1JA2PFSQHprU0DMdFRA4+lUQKFUVUApmFZAUTNXQOEI
WEDfX1hAvepYQHsEWkAJn1pAmC9bQL0IXEAEqVxAfx9dQMQCXkBSml5AXDVfQDwbYEDgmmBA
CW9hQGu7YUBmo2JA8I9jQJD5Y0BcVmRAGjRlQN/hZUDhRGZAa+hmQFG4Z0DScmhA4K5oQD9f
aUCMDmpARl9qQEFla0Ca9mtA24psQIMybUCQzG1AnCNuQC3VbkDcF29AzGNvQPVBcEDX6nBA
fEdxQASlcUAzeHJAIO1yQARcc0DWCXRAi1V0QA/BdEAcl3VAufN1QNFTdkDsCHdAtZt3QLLM
d0D9WnhA6Ot4QMZdeUA94nlA8Bt6QOHCekCsJHtA/lt7QMLBe0CjF3xAae98QH0vfUCka31A
2Kh9QNWqfkDV4H5AYmN/QKdrf0Dr7H9AUjaAQCQzgEClfYBAyJKAQBXngECMGYFAyDKBQHyQ
gUAkgIFAALGBQErxgUA8FYJAEhSCQF+OgkBJmIJACp+CQI3rgkBgE4NA3QiDQMVKg0BsfINA
PdODQHTAg0AXEoRAYiGEQFwdhEAmb4RACoeEQICxhEBb0YRAwvqEQLYUhUAbNIVAS2mFQBRF
hUBDuYVAZaaFQOAAhkACEIZAshuGQAsqhkDWZ4ZA0qKGQP3DhkAdq4ZArvqGQNPvhkDXK4dA
JUuHQO1ah0BFYodAPJaHQIWih0AUw4dAu+aHQNcliEA6PYhAtVOIQCRniEDhkIhAgYuIQFCz
iEB5wohALs6IQP3ziEBnUolAlSuJQMNPiUBYf4lABGOJQJuiiUCNmYlAStaJQK3ziUAOD4pA
Fg+KQKhAikAPRopAL3iKQJuPikDikopA3JyKQOunikAK24pAQ+aKQL/MikAyCYtAej6LQGY5
i0DfOotAJJGLQAOYi0DrkYtAVbGLQED2i0AY7YtAChKMQIAYjEDbJIxAWguMQNI/jEBAZ4xA
rFuMQDKhjEA4wYxAWreMQFm+jECi8YxAUAeNQDYMjUDjNo1AHQ2NQItCjUB0OY1AilCNQAVY
jUB0go1ABK6NQCS1jUB4441Au/WNQAzZjUA41I1A5OiNQNEWjkAZPo5Ah2aOQLpYjkDKSY5A
9peOQM2VjkCDj45AlraOQMGpjkCluY5ATOaOQHTpjkAOCI9AwBePQPkej0AKEI9AkUqPQApA
j0BPWo9ALo2PQJphj0AQqo9AMY+PQAygj0Aexo9AHcaPQPj7j0Dr949A4/WPQBgvkECd8o9A
JSiQQEc9kEAdWpBAQHyQQPRYkEAIiJBAT3GQQNbQkED5v5BANKSQQGW+kECI+ZBAN/eQQFAA
kUAO8pBAlTGRQCIdkUAAQpFAAz+RQM5NkUBda5FAvm+RQEKLkUBZc5FAkYaRQAqjkUBHoZFA
282RQLjekUC/9JFAS+WRQEz3kUCVEZJAhhmSQJsxkkA/NZJAxkmSQGIvkkA6RZJAVXaSQBx9
kkCKhpJA0ImSQBm+kkDAr5JALLOSQKHNkkC16JJAj+CSQEnRkkDs8pJACRyTQBwBk0DeGpNA
jDSTQBlqk0DAYJNApV2TQJZek0BFgpNA2YaTQBeRk0CvjJNAy6+TQOGmk0Da3pNAs9GTQGzK
k0B37pNAZemTQG31k0BaCpRANv2TQD8QlEBuHJRAvhKUQHBelEDDXpRAz0yUQIFXlED/c5RA
+n+UQMySlED7pZRAsrSUQDKJlEDX3ZRAeruUQETKlEDYxpRAvs2UQFHzlEBvHpVAi/6UQPMW
lUCqLJVAckiVQNknlUCpX5VAAWKVQPB2lUDIbpVA+l+VQOGVlUANkJVAPaCVQK+4lUBovpVA
lZ6VQMHKlUAyv5VA6+2VQML/lUAf/JVAXOGVQO4ClkBYCpZA8g2WQB0hlkDpOpZAUDeWQE4v
lkAoUpZAUl+WQJpSlkA7c5ZAknKWQABrlkAoo5ZA8q2WQL2elkATrJZAgL+WQO7NlkD2q5ZA
hvSWQFTelkBR+JZAlPWWQG0Gl0Do/pZAcPKWQCAKl0APGJdAojyXQO1gl0AvNJdAnS6XQEw+
l0BidZdAUZmXQKp+l0C+lpdAyZiXQN+Dl0DLf5dAT4KXQP+nl0BappdAo6+XQC7Ml0Aqz5dA
/d+XQM/Xl0Ao6JdAu9+XQBPzl0CiC5hAJuqXQHIbmECbMphAREqYQLZNmECKQJhAQ1iYQBI4
mECqRZhAkXKYQJpjmEDuiZhA0qaYQB6WmED+vZhALaOYQBywmEBmtJhAoJ+YQC7lmEC/xphA
eQGZQFrjmECg6ZhABPGYQH4UmUCjD5lA6RCZQCc0mUBjCZlAUwuZQNhAmUAmR5lAAk2ZQMRf
mUDqZ5lA/EWZQMt1mUAldJlAep2ZQICBmUDMiJlAaZCZQO2KmUDDoJlAncyZQBOsmUAh0JlA
XcCZQJ/OmUDU45lAucyZQIrfmUBk+ZlATgyaQMkJmkCADZpArB+aQLIqmkCzQJpAXTCaQB82
mkCWOJpAkDCaQMZrmkBEP5pAqGGaQH9kmkAyVppA2XSaQL2qmkC3hJpAQ3aaQPe1mkDOnJpA
DOOaQJqqmkCPmJpA0sGaQIvLmkB31ZpAtc2aQLXrmkD99ZpAFQGbQKfqmkAe2JpA8RibQDfx
mkDBC5tASvaaQOEym0CcN5tAnB+bQGA6m0BbY5tAC0SbQMp5m0APYJtAI2WbQGp0m0CBpJtA
zY2bQC5wm0CakptA94mbQLLDm0CkoptAhpebQKewm0AHw5tAWN6bQCDmm0Az0JtARuSbQMCz
m0BL35tAUOebQN/um0AxFZxAOQycQDYKnEAPIZxATSKcQJsinEB8MZxAOyycQKdbnECWKpxA
63qcQBVknEDBY5xAAVecQPFvnECRe5xAnZ6cQK1XnEADcpxAB5mcQE64nEDru5xA+Z2cQF6g
nEDAupxAlJucQKOtnEBN25xAQ8ecQBnxnEBExZxAF+ScQGwQnUDIAZ1Aa/mcQFb3nECHC51A
DhydQOf8nECADp1A0BydQM8FnUBfTJ1AaledQOk+nUArYJ1A81udQN9CnUAGSp1AfoSdQNFt
nUBVPJ1AAYKdQDN5nUBue51AkZKdQJt8nUDHh51AjbmdQBqOnUAXs51ANLKdQKfOnUDVqp1A
QLKdQDnlnUBbyp1A/bmdQPvtnUAnwp1A</AssayYData></Step><Step><CommonData><SampleLocation>1</SampleLocation><SampleID>Octet Buffer</SampleID><SampleGroup></SampleGroup><SampleInfo></SampleInfo><SampleRow>K</SampleRow><SamplePlate>1</SamplePlate><WellType>BUFFER</WellType><Concentration>-1</Concentration><ConcentrationUnits>µg/ml</ConcentrationUnits><MolarConcentration>-1</MolarConcentration><MolarConcUnits>nM</MolarConcUnits><MolecularWeight>0</MolecularWeight><Temperature>30</Temperature><StartTime>1961362</StartTime><AssayTime>100</AssayTime></CommonData><FlowRate>1000</FlowRate><StepType>BASELINE</StepType><StepName>Baseline</StepName><StepStatus>OK</StepStatus><ActualTime>100</ActualTime><CycleTime>0.2</CycleTime><AssayXData Points="500">W8DQRMHG0EQozdBEjtPQRPXZ0ERj4NBEwebQRDDt0ESO89BE/fnQRGMA0UTBBtFEKA3RRJYT
0UT1GdFEWyDRRMEm0UQoLdFEjjPRRPU50URjQNFEykbRRDBN0USOU9FE/VnRRFtg0UTBZtFE
KG3RRI5z0UT1edFEW4DRRMGG0UQwjdFEjpPRRPWZ0URjoNFEwabRRCit0USOs9FE/bnRRFvA
0UTKxtFEMM3RRI7T0UT92dFEY+DRRMrm0UQw7dFEjvPRRPX50URjANJEwQbSRCgN0kSWE9JE
/RnSRGMg0kTBJtJEMC3SRI4z0kT9OdJEW0DSRMpG0kQoTdJEjlPSRP1Z0kRbYNJEwWbSRCht
0kSOc9JE9XnSRFuA0kTKhtJEKI3SRI6T0kT9mdJEW6DSRMGm0kQordJEjrPSRPW50kRbwNJE
ysbSRCjN0kSW09JE9dnSRFvg0kTB5tJEKO3SRI7z0kT1+dJEYwDTRMEG00QwDdNEjhPTRPUZ
00RjINNEyibTRCgt00SOM9NE9TnTRFtA00TKRtNEME3TRI5T00T1WdNEY2DTRMFm00QobdNE
jnPTRP1500RrgNNEwYbTRCiN00SOk9NE/ZnTRFug00TBptNEKK3TRI6z00T1udNEW8DTRMrG
00QozdNEltPTRPXZ00Rj4NNEyubTRCjt00SO89NE9fnTRGMA1ETBBtREKA3URI4T1ET1GdRE
YyDURMom1EQwLdREjjPURP051ERjQNREykbURChN1ESOU9RE/VnURGNg1ETBZtREMG3URI5z
1ET1edREW4DURMqG1EQojdRElpPURPWZ1ERboNREwabURCit1ESWs9RE9bnURGPA1ETKxtRE
KM3URI7T1ET12dREW+DURMrm1EQo7dRElvPURPX51ERjANVEygbVRCgN1USWE9VE9RnVRFsg
1UTBJtVEMC3VRJYz1UT9OdVEW0DVRMpG1UQwTdVEllPVRPVZ1URbYNVEymbVRDBt1USOc9VE
9XnVRFuA1UTKhtVEMI3VRI6T1UT1mdVEW6DVRMGm1UQwrdVEjrPVRPW51URjwNVEwcbVRCjN
1USW09VE9dnVRFvg1UTK5tVEKO3VRI7z1UT1+dVEWwDWRMoG1kQoDdZEjhPWRPUZ1kRbINZE
wSbWRCgt1kSOM9ZE9TnWRFtA1kTBRtZEME3WRI5T1kT9WdZEY2DWRMpm1kQobdZElnPWRPV5
1kRjgNZEyobWRCiN1kSOk9ZE9ZnWRFug1kTBptZEKK3WRI6z1kT9udZEW8DWRMHG1kQwzdZE
jtPWRP3Z1kRb4NZEwebWRCjt1kSW89ZE9fnWRFsA10TBBtdEKA3XRJYT10T1GddEYyDXRMom
10QoLddEETTXRPU510RbQNdEykbXRDBN10SWU9dE9VnXRFtg10TKZtdEKG3XRJZz10T1eddE
W4DXRMqG10QwjddEjpPXRPWZ10RboNdEwabXRCit10SOs9dE/bnXRFvA10TBxtdEMM3XRJbT
10T12ddEY+DXRMHm10Qo7ddElvPXRPX510RbANhEwQbYRCgN2ESOE9hE9RnYRFsg2ETBJthE
MC3YRI4z2ET1OdhEY0DYRMFG2EQoTdhEjlPYRPVZ2ERbYNhEymbYRCht2ESOc9hEBXrYRFuA
2ETBhthEMI3YRJaT2ET1mdhEW6DYRMqm2EQwrdhElrPYRPW52ERbwNhEwcbYRCjN2ESW09hE
9dnYRFvg2ETK5thEKO3YRJbz2ET1+dhEWwDZRMoG2UQoDdlElhPZRPUZ2URjINlEwSbZRDAt
2USOM9lE9TnZRGNA2UTBRtlEKE3ZRI5T2UT1WdlEW2DZRMFm2UQwbdlElnPZRPV52URbgNlE
wYbZRCiN2USWk9lE9ZnZRFug2UTKptlEKK3ZRJaz2UT1udlEY8DZRNLG2UQozdlEjtPZRP3Z
2URb4NlEyubZRCjt2USO89lE/fnZRFsA2kTBBtpEKA3aRI4T2kT1GdpEWyDaRMom2kQoLdpE
jjPaRPU52kRbQNpEykbaRChN2kSOU9pE/VnaRGNg2kTBZtpEMG3aRI5z2kT1edpEY4DaRMqG
2kQojdpEjpPaRPWZ2kRboNpEwabaRDCt2kSOs9pE/bnaRGPA2kTKxtpEMM3aRI7T2kT92dpE
W+DaRMHm2kQo7dpEjvPaRP352kRjANtEwQbbRCgN20SOE9tE9RnbRFsg20TKJttEMC3bRI4z
20T9OdtEY0DbRMFG20QoTdtEjlPbRP1Z20RjYNtEymbbRCht20SWc9tE/XnbRFuA20TBhttE
MI3bRI6T20T9mdtEY6DbRMGm20QwrdtEjrPbRPW520RbwNtEysbbRCjN20SW09tE9dnbRFvg
20TB5ttEKO3bRJbz20T1+dtEYwDcRMEG3EQoDdxElhPcRPUZ3ERbINxEwSbcRCgt3ESWM9xE
/TncRGNA3ETBRtxEME3cRI5T3ET1WdxEY2DcRMFm3EQobdxElnPcRAV63ERbgNxEwYbcRCiN
3ESWk9xE9ZncRGOg3ETBptxEKK3cRJaz3ET1udxEW8DcRMrG3EQozdxEjtPcRPXZ3ERb4NxE
webcRDDt3ESO89xE/fncRGMA3UTKBt1EKA3dRI4T3UT9Gd1EYyDdRMEm3UQoLd1EjjPdRPU5
3UQ=</AssayXData><AssayYData Points="500">53GeQLapnkAwt55AspyeQEXznkBp5p5A7MKeQJbsnkCY6Z5AF/qeQDDynkCiC59A4+ieQAYA
n0Bz455AS/WeQBbgnkCxFZ9A0vKeQLH3nkAKBZ9AUxGfQE8Xn0AQ/J5AsPyeQPggn0AH8J5A
bxSfQDf6nkAt/p5AMyKfQO74nkAwJZ9AHgOfQJUcn0DpG59ArgqfQEssn0C4Jp9AN9+eQGnu
nkB5J59AVhefQG4mn0CIJ59AvzWfQBAyn0BYC59AkwWfQDRAn0AtHp9Ac/OeQFMsn0A1MZ9A
DRifQBo3n0ATKZ9AuhSfQDhEn0DUNZ9A8hGfQGEDn0DjXp9AcwWfQO8zn0CSIp9AG2CfQGUA
n0CUS59APg+fQCMgn0B6H59AbyifQI4Tn0CWKJ9AITefQEIbn0BAKp9AqySfQLsQn0DbM59A
xT6fQHYTn0DBLJ9AGjefQKpCn0DCJ59ASFKfQCwun0DiM59AFFOfQDYvn0DsHJ9AGzGfQCZG
n0CEKp9AFC2fQPYtn0DYPJ9A3jCfQOhPn0BGHJ9AjzqfQPUon0DKLp9AKEufQCQ9n0C/MJ9A
LjGfQNskn0AiMp9AF0SfQFohn0CCap9ARkSfQPRFn0CkMp9Ati6fQGtOn0B7PJ9AD1KfQNlT
n0CtUJ9AUkmfQBJpn0AgUJ9AcUafQHhnn0CmZp9Apx+fQHJCn0BPS59AX36fQIJOn0AQQp9A
lzOfQOFZn0BbXZ9ApmifQK9Sn0AYXJ9AD1OfQAd1n0AKZ59Aa1qfQLpHn0Dyd59Ad3KfQBdE
n0C3bp9Aa12fQAqKn0C4iZ9A0kqfQClyn0DIdp9AbUWfQPd5n0DVcp9As3WfQMpZn0DvdJ9A
zZSfQBxSn0AnYp9AP3KfQMSMn0AiV59ADnSfQA59n0BZYZ9ArFmfQD95n0ArdZ9Ag3afQOR2
n0CPZJ9ALJifQGtqn0D7ZZ9ANlSfQG5Zn0ASSJ9AKHWfQIhzn0C+hZ9ARqCfQC+Gn0DhYZ9A
+5CfQKOGn0Alap9AdpGfQCWGn0Cscp9AQYqfQBmYn0Byop9AUnufQP2rn0Dnu59AIbWfQMqO
n0Bml59AW6GfQNmHn0AgkJ9ArlefQI2zn0BIqp9A5ICfQM6mn0DZnJ9AZ22fQFprn0Bff59A
yIOfQHien0APlJ9ACa6fQOeZn0DYlJ9A4YifQEOun0CHm59AKdSfQE6wn0CgpZ9AacCfQB6S
n0ApqJ9ARo+fQDGqn0C4jJ9Ai7OfQLvGn0BCkJ9AibSfQPS2n0Ahx59AWqafQHqtn0D2xp9A
T5mfQMvGn0C2s59A3rGfQKe9n0DQ7p9ARL2fQFzAn0BEzp9Ap7efQEzIn0DgvZ9AzNSfQHe9
n0BtzJ9A+++fQFrIn0CM1J9Ap7GfQOfYn0AFx59Ao8ifQJPSn0Av859AO8CfQDOqn0Dw+J9A
4eyfQPHon0Cu1J9A0defQI3jn0D/v59AurWfQGSwn0B45J9AFOqfQHb0n0DJxJ9AguOfQCbb
n0Dl7Z9AzdSfQNfXn0AQ2Z9A08ufQBvpn0CW259ATMyfQILln0Axv59AsuifQAT+n0Dvu59A
dN2fQBzwn0Aexp9AFemfQJnwn0BP6p9AT/GfQFD/n0C+BKBANNqfQHjWn0BO/p9ATfGfQP4N
oEDoyp9AmuWfQBD1n0AG/J9AqumfQIjQn0CT+Z9AuRmgQNX/n0D+JaBAfPOfQMAHoEDoAKBA
jB6gQB3tn0DUE6BAbA2gQGbUn0CQFKBAnCigQKH8n0A07Z9AtQ2gQJvwn0Aw+59Axv2fQAr1
n0DeH6BANRmgQCwBoEBxBaBAbTSgQKwUoECq/J9A8R6gQEoooECUFqBAHAygQK4hoED69p9A
rvafQL72n0AzRKBAKA6gQFI6oEBVJaBAkxegQDYdoEB6GqBAASKgQMMPoEAYEqBAhBqgQGAf
oEDnUqBATSWgQF4eoEDhRqBAPxSgQB4qoECBF6BAeUWgQCNIoECCLKBA/kWgQFpBoEBxIqBA
sR2gQCwuoEASD6BAoFKgQMIPoECpPaBA5C+gQBFFoECiMqBAhEugQBsaoEDwJ6BA7yCgQGgs
oED8IKBAH2igQDlnoECPIqBArTmgQJJboED8L6BAFSagQHIqoED1XKBAvzKgQEJGoEB8QaBA
sUagQIhfoEDzXaBA0DGgQAUYoEAiS6BATCagQCI2oEB1UqBAIFSgQE09oEDZQKBA6y2gQOhM
oEBJVKBA3V+gQPVDoECSWaBAUGygQMI+oECUTaBARECgQDEwoEDNVaBAeGagQMhUoEB4RqBA
SmGgQApmoEAGSKBAfWygQNN9oEBwTaBA2FugQAFeoEB6cKBAWXygQDBSoEBjb6BA2WigQBlS
oEDfWaBA2YOgQLmLoEBqUKBAGWygQNt0oEApVKBAUE+gQA+DoEBFRaBANIigQEJ+oEBFZKBA
hlygQAuYoEDliqBAu2+gQICHoEDjUaBACHegQDGMoEDTe6BAiIGgQG2KoEAwo6BAPX+gQPxt
oEDrj6BAOHqgQAJ3oECqnaBAE2qgQJp0oEAve6BAoqCgQC9VoECbXaBA0XygQHtnoECynaBA
x36gQOmCoED7eKBAtIigQB2zoEB+Y6BAgYKgQM+ZoECGmqBAXnSgQD+koEBmeqBAKIOgQCF+
oEA=</AssayYData></Step><Step><CommonData><SampleLocation>2</SampleLocation><SampleID>hsCD3d/e_Acro_CDD-H52W1</SampleID><SampleGroup></SampleGroup><SampleInfo></SampleInfo><SampleRow>K</SampleRow><SamplePlate>1</SamplePlate><WellType>KSAMPLE</WellType><Concentration>-1</Concentration><ConcentrationUnits>µg/ml</ConcentrationUnits><MolarConcentration>6.25</MolarConcentration><MolarConcUnits>nM</MolarConcUnits><MolecularWeight>0</MolecularWeight><Temperature>30</Temperature><StartTime>2069637</StartTime><AssayTime>180</AssayTime></CommonData><FlowRate>1000</FlowRate><StepType>ASSOC</StepType><StepName>Association</StepName><StepStatus>OK</StepStatus><ActualTime>180.001</ActualTime><CycleTime>0.2</CycleTime><AssayXData Points="900">W0DdRMFG3UQwTd1EllPdRPVZ3URbYN1EymbdRCht3USWc91E9XndRFuA3UTBht1EKI3dRI6T
3UT9md1EY6DdRNKm3UQord1EjrPdRPW53URbwN1EysbdRCjN3USO091E/dndRFvg3UTB5t1E
KO3dRJbz3UT1+d1EWwDeRMEG3kQoDd5EjhPeRP0Z3kRjIN5EwSbeRDAt3kSOM95E9TneRFtA
3kTBRt5EKE3eRI5T3kT9Wd5EW2DeRMpm3kQobd5En3PeRP153kRbgN5EwYbeRCiN3kSWk95E
9ZneRFug3kTBpt5EKK3eRI6z3kT9ud5EW8DeRMHG3kQ4zd5EltPeRP3Z3kRj4N5EyubeRDDt
3kSO895E9fneRFsA30TBBt9EKA3fRI4T30T1Gd9EYyDfRMom30QoLd9EjjPfRAU630RjQN9E
wUbfRDBN30SfU99E9VnfRFtg30TKZt9EKG3fRI5z30T1ed9EW4DfRMGG30Qwjd9ElpPfRPWZ
30RjoN9EyqbfRCit30SOs99E/bnfRFvA30TKxt9EKM3fRJbT30T12d9EY+DfRMHm30Qw7d9E
lvPfRPX530RbAOBEygbgRDAN4ESOE+BE9RngRFsg4ETBJuBEMC3gRI4z4ET1OeBEY0DgRMFG
4EQoTeBEllPgRPVZ4ERbYOBEymbgRCht4ESWc+BE/XngRFuA4ETBhuBEKI3gRI6T4ET9meBE
W6DgRMqm4EQ4reBEjrPgRAW64ERjwOBEwcbgRCjN4ESW0+BE/dngRGvg4ETK5uBEMO3gRI7z
4ET1+eBEWwDhRMEG4UQwDeFEjhPhRPUZ4URbIOFEyibhRCgt4USWM+FE9TnhRGtA4UTBRuFE
KE3hRI5T4UT1WeFEW2DhRMFm4UQwbeFElnPhRPV54URbgOFEyobhRCiN4USOk+FE9ZnhRFug
4UTKpuFEKK3hRJaz4UT1ueFEW8DhRMHG4UQwzeFEltPhRPXZ4URb4OFEwebhRCjt4USO8+FE
9fnhRGMA4kTKBuJEKA3iRI4T4kT9GeJE9yDiRMEm4kQoLeJEjjPiRP054kRbQOJEwUbiRDBN
4kSWU+JE9VniRFtg4kTBZuJEKG3iRJZz4kT9eeJEW4DiRMGG4kQojeJElpPiRP2Z4kRboOJE
wabiRCit4kSOs+JE/bniRFvA4kTKxuJEKM3iRI7T4kT92eJEW+DiRMHm4kQo7eJElvPiRPX5
4kRbAONE0gbjRCgN40SfE+NE/RnjRFsg40TBJuNEKC3jRJYz40T1OeNEY0DjRMFG40QoTeNE
llPjRP1Z40RbYONEwWbjRCht40SOc+NE/XnjRFuA40TKhuNEKI3jRI6T40T1meNEW6DjRMGm
40QoreNEjrPjRPW540RbwONEwcbjRCjN40SO0+NE/dnjRFvg40TK5uNEKO3jRI7z40T1+eNE
YwDkRMEG5EQoDeRElhPkRP0Z5ERjIOREyibkRCgt5ESWM+RE/TnkRFtA5ETBRuREME3kRJZT
5ET1WeREW2DkRMFm5EQobeREjnPkRP155ERbgOREyobkRDCN5ESOk+RE9ZnkRLWg5ETBpuRE
MK3kRJaz5ET1ueREY8DkRMrG5EQozeREltPkRPXZ5ERj4OREwebkRCjt5ESW8+RE/fnkRFsA
5UTBBuVEKA3lRI4T5UT9GeVEWyDlRMEm5UQoLeVEjjPlRPU55URjQOVEykblRDBN5USOU+VE
9VnlRFtg5UTBZuVEMG3lRI5z5UT1eeVEW4DlRMGG5UQwjeVEjpPlRAWa5URjoOVEwablRCit
5USWs+VE/bnlRFvA5UTBxuVEMM3lRI7T5UT12eVEY+DlRMHm5UQo7eVEjvPlRPX55URbAOZE
ygbmRCgN5kSOE+ZE/RnmRGMg5kTKJuZEKC3mRI4z5kT9OeZEW0DmRMpG5kQoTeZEllPmRPVZ
5kRbYOZEymbmRCht5kSOc+ZE9XnmRGOA5kTKhuZEKI3mRI6T5kT9meZEY6DmRMGm5kQoreZE
jrPmRP255kRjwOZEwcbmRDDN5kSO0+ZE/dnmRGPg5kTB5uZEKO3mRJbz5kT9+eZEWwDnRNIG
50QoDedEjhPnRPUZ50RRIedEyibnRCgt50SOM+dE/TnnRGNA50TBRudEME3nRJZT50T1WedE
W2DnRMFm50QobedEjnPnRP1550RjgOdEyobnRCiN50SOk+dE/ZnnRGug50TKpudEKK3nRJaz
50T9uedEW8DnRMHG50QwzedEjtPnRP3Z50Rj4OdEwebnRCjt50SO8+dE/fnnRGMA6ETBBuhE
MA3oRI4T6ET1GehEYyDoRMEm6EQwLehEjjPoRPU56ERbQOhEykboRDBN6ESWU+hE9VnoRGNg
6ETBZuhEMG3oRJZz6ET9eehEY4DoRMGG6EQojehEjpPoRP2Z6ERboOhEwaboRCit6ESWs+hE
9bnoRGPA6ETBxuhEKM3oRI7T6ET12ehEY+DoRMHm6EQo7ehEjvPoRPX56ERbAOlEygbpRDAN
6USOE+lE/RnpRGMg6UTBJulEKC3pRI4z6UT1OelEY0DpRMFG6UQoTelEjlPpRP1Z6URbYOlE
wWbpRCht6USOc+lE/XnpRFuA6UTBhulEKI3pRI6T6UT9melEB6HpRMqm6UQorelEjrPpRP25
6URjwOlEwcbpRCjN6USO0+lE9dnpRGPg6UTB5ulEMO3pRJbz6UT1+elEWwDqRMEG6kQwDepE
lhPqRPUZ6kRjIOpEwSbqRDAt6kSOM+pE9TnqRFtA6kTBRupEME3qRI5T6kT1WepEY2DqRMFm
6kQwbepEjnPqRPV56kRjgOpEyobqRCiN6kSWk+pE/ZnqRGOg6kTKpupEKK3qRI6z6kT1uepE
Y8DqRMrG6kQozepEjtPqRPXZ6kRb4OpEyubqRCjt6kSW8+pE9fnqRFsA60TBButEMA3rRI4T
60T9GetEYyDrRMom60QwLetEjjPrRP0560RbQOtEwUbrRChN60SWU+tE9VnrRGNg60TKZutE
KG3rRJZz60T1eetEY4DrRMGG60QojetElpPrRPWZ60RboOtEyqbrRCit60SOs+tE/bnrRFvA
60TBxutEKM3rRI7T60T92etEW+DrRMHm60Qw7etElvPrRP3560RbAOxEwQbsRCgN7ESWE+xE
/RnsRMUg7ETKJuxEKC3sRJYz7ET9OexEY0DsRMFG7EQoTexEjlPsRPVZ7ERbYOxEwWbsRCht
7ESOc+xE9XnsRGOA7ETBhuxEKI3sRI6T7ET1mexEW6DsRMGm7EQorexEjrPsRP257ERbwOxE
ysbsRCjN7ESf0+xE/dnsRGPg7ETB5uxEKO3sRI7z7ET1+exEWwDtRMoG7UQwDe1EjhPtRP0Z
7URbIO1EwSbtRCgt7USOM+1E/TntRFtA7UTBRu1EKE3tRI5T7UT9We1EW2DtRMFm7UQwbe1E
jnPtRAV67URbgO1EyobtRCiN7USWk+1E9ZntRGOg7UTBpu1EKK3tRJaz7UQFuu1EW8DtRMrG
7UQoze1EjtPtRPXZ7URj4O1EyubtRCjt7USW8+1E9fntRFsA7kTKBu5EKA3uRJYT7kT9Ge5E
WyDuRMEm7kQoLe5EljPuRPU57kRbQO5EwUbuRChN7kSWU+5E9VnuRGNg7kTBZu5EKG3uRI5z
7kT1ee5EW4DuRMqG7kQoje5EjpPuRPWZ7kRboO5EwabuRCit7kSOs+5E9bnuRGPA7kTBxu5E
MM3uRJbT7kT12e5EY+DuRMHm7kQo7e5ElvPuRP357kRbAO9EwQbvRCgN70SWE+9E/RnvRGsg
70TBJu9EMC3vRI4z70T9Oe9Ea0DvRMFG70QwTe9EjlPvRPVZ70RjYO9EwWbvRCht70SWc+9E
9XnvRFuA70TBhu9EMI3vRI6T70T9me9EW6DvRMGm70Qore9ElrPvRPW570RbwO9EwcbvRCjN
70SO0+9E9dnvRGPg70TB5u9EMO3vRI7z70T9+e9EawDwRMoG8EQwDfBEjhPwRPUZ8ERjIPBE
yibwRCgt8ESWM/BE9TnwRGNA8ETBRvBEME3wRJZT8ET1WfBEY2DwRMpm8EQwbfBEjnPwRP15
8ERbgPBEyobwRCiN8ESWk/BE/ZnwRFug8ETBpvBEMK3wRI6z8ET1ufBEY8DwRMHG8EQozfBE
jtPwRPXZ8ERj4PBE0ubwRCjt8ESO8/BE/fnwRFsA8UTBBvFEMA3xRI4T8UT1GfFEByHxRMEm
8UQoLfFEljPxRPU58URjQPFEwUbxRChN8USOU/FE/VnxRGNg8UTBZvFEKG3xRI5z8UT9efFE
Y4DxRMGG8UQojfFEjpPxRPWZ8URboPFEwabxRCit8USOs/FE9bnxRFvA8UTKxvFEKM3xRI7T
8UT12fFEW+DxRMrm8UQo7fFEjvPxRP358URjAPJEwQbyRDAN8kSWE/JE9RnyRFsg8kTKJvJE
KC3yRI4z8kT9OfJEW0DyRMFG8kQoTfJEjlPyRP1Z8kRbYPJEwWbyRCht8kSWc/JE9XnyRFuA
8kTBhvJEKI3yRI6T8kT9mfJEW6DyRMGm8kQorfJElrPyRPW58kRjwPJEysbyRCjN8kSW0/JE
/dnyRFvg8kTz5vJEKO3yRI7z8kT9+fJEWwDzRMoG80QwDfNEjhPzRP0Z80RjIPNEwSbzRCgt
80SOM/NE9TnzRFtA80TKRvNEKE3zRI5T80T1WfNEY2DzRMpm80QobfNEjnPzRPV580RbgPNE
yobzRDCN80SOk/NE9ZnzRFGh80TSpvNEKK3zRI6z80T9ufNE</AssayXData><AssayYData Points="900">bQOgQC5RoEBmg6BAo56gQHGLoEDi2KBAbsagQAHroED34aBAwB+hQKIUoUAv9KBAbS6hQHf9
oEBqJqFAmy2hQOIFoUDEHqFAAy+hQIdHoUB7CKFA7xuhQPQ1oUApHKFAjRmhQMpFoUDDX6FA
ajmhQAY9oUDsRaFAkzmhQH9NoUCANKFACWehQDV3oUBwaKFAuXehQElxoUDBcaFAD0uhQOVw
oUBXfKFAk1qhQNeQoUC4ZaFAsHOhQPipoUD5o6FAYGShQGKEoUCYnqFAdaChQOiUoUC8rqFA
iZahQPuZoUDulKFAW8qhQDXBoUBzj6FAhouhQBKfoUBx0qFAObyhQDSDoUA9q6FAvrWhQNPF
oUCTtqFAkrqhQFyyoUAUwaFA1bWhQBiMoUAL26FABbOhQOfgoUAIu6FAHMKhQMDEoUCR3KFA
C9+hQGjjoUCM5aFAkbqhQBEMokAh9qFA/fShQND5oUC53aFAxgiiQLUOokCf8qFAseOhQGwo
okCTBKJA9eqhQDgbokDy+aFAfg6iQDz5oUDVA6JA1SKiQPcOokAzC6JAdP6hQOkCokDJD6JA
KAqiQMYCokBoG6JAyi2iQNcookC9IKJATCGiQFwSokDwFKJAoSeiQDgsokBJNKJA8z+iQDkq
okB3N6JAhS+iQGgrokAHJqJAgmCiQNtookDCO6JAoT2iQHNUokDoU6JAxlCiQE5UokCkT6JA
G1WiQE08okAZaaJAWVuiQLFXokAaWqJAQzGiQC5ZokBNXaJAD4SiQKKUokCNVKJAq5iiQLVx
okCFjKJAynKiQAxtokDGrKJA/GKiQLFjokBIiqJAzGuiQAh9okDjgqJAb3qiQKlzokBspaJA
3ZeiQJygokDqi6JAk4aiQJGxokC9j6JAZqWiQPKkokD6lqJAb52iQBmxokDDmKJAh7WiQLTV
okCguqJAKtKiQA6VokAhqaJAGLqiQOiSokDmoaJAysyiQL+kokDixKJAt8SiQLXIokAouaJA
1OWiQEXqokCZvqJA4MWiQIa1okAv5KJAXMqiQKLkokDYyaJAgs6iQFwio0A89qJAGceiQO3e
okD88KJATMGiQBDfokD6+6JAZuCiQPnJokCJ+qJACd+iQNfQokCx4aJAWAOjQOb+okDe5qJA
v9iiQKD9okBAOaNAQwujQF4Bo0DG76JALPiiQEgco0CwGKNAAQajQMYao0DVL6NAGxajQPYq
o0CqNaNAdBOjQDQco0CII6NABCejQHblokArP6NA7wqjQIYVo0BTA6NAaCijQIVJo0A0CaNA
+BmjQEspo0A9CKNAwT+jQLcso0DsP6NArDejQO85o0CVIKNAOTajQL8+o0ALM6NAlzSjQPhk
o0CvUqNAJS2jQMxno0DCQaNADlGjQEFdo0BvTKNAKDajQJ1lo0BJYaNAklejQL5Ao0AxRaNA
ckKjQK9To0C1TKNAf3KjQK8ro0C8b6NA42yjQARdo0ApXaNADWajQNZgo0CkfaNACG6jQA14
o0DgdKNA9oujQKpho0DtYaNALnKjQJmSo0BZkaNAG4ejQGBko0CzdKNAMo6jQBido0BRZqNA
3aujQLyXo0DLjqNAVYyjQLKio0BmhqNARJijQOSio0BDlKNA/pujQDOXo0D2lKNANbujQE16
o0A+gqNANZ6jQKCzo0AgyaNAPXCjQKOKo0ArtqNAnXajQCifo0CMsKNAOYyjQIxyo0AGvKNA
gJijQHKgo0B2t6NA5tOjQJbco0BKx6NAN7mjQJe8o0AVmqNAdbyjQKa5o0CppaNAnOujQKrJ
o0A5wKNACNmjQLO3o0D9sKNAVtWjQEnMo0AwsaNA6LujQB+to0BN1KNA6cGjQIHIo0D146NA
lsyjQLwGpEAY0qNA37ijQDzpo0BN7qNAOL2jQNvQo0Am5KNAZsyjQALOo0CB6KNAj9ujQFEd
pECn6KNARN+jQCvMo0B2+KNA0vKjQMoCpECE+KNAwBWkQIABpEC2DqRAkvmjQMDno0AW1KNA
YAakQJUOpEBl5aNAHfajQA0apEDB8qNAK0ikQF8gpEBh86NAMwWkQPYJpEA1D6RA2yGkQCH7
o0AEHaRACgakQK0IpECiBKRA5SGkQIYbpEDDDqRA4RCkQGcVpEBaIKRAOhakQEojpEC/CKRA
piKkQCsKpEAuO6RA+iOkQJ1JpEBmPqRA0TekQKZCpECrMaRALxqkQB9NpEB3U6RAIxqkQDUl
pEDRPKRAtSmkQBYzpEA2S6RArVCkQKJYpED5NqRAs0ekQMgvpEB4OqRA4FykQBJkpEDwVKRA
ilSkQPhNpEAYOKRAXFKkQElLpEB5VaRAolKkQKtNpEClOqRAw2ukQLVDpEDCKaRAGIKkQBtu
pECuVaRAQlqkQLdnpECsbaRAZn2kQBpUpEBORqRA0V+kQDtPpEB0ZqRA4SikQAtxpED/hKRA
dXakQKF6pEBkdKRAumakQDpkpEBIkKRAqoSkQChipEBiaqRA/lmkQOWGpED3lKRA1W+kQEmY
pEDMg6RAXo2kQE2tpEA1b6RA/YqkQAeKpEBIsaRATYukQBaIpEBRfqRAGJCkQIaPpEBUe6RA
yZCkQHOOpED8naRAR5ekQHGWpEC3mKRAXp+kQLWtpEC1iKRAvKykQNWkpEB7q6RA/pCkQNLK
pECElqRAMqykQIyypEBAqqRAlZKkQKmkpEAmkqRApa2kQM3apECYy6RAwKCkQAqcpEBRpaRA
D4ukQHOlpECMzaRAjs2kQIGZpEDPsaRAOrykQAHApEDiz6RAaMqkQOC1pECiv6RAtcKkQEXU
pEBRtaRA7NmkQMSbpEBsuqRAk6ekQHvapEAz26RAlN6kQPzcpEDyyKRAhdSkQK63pEBgsKRA
Yq2kQIftpEDUwKRAIcikQFfCpEBG1KRAauCkQBzJpECT6qRAOb+kQID+pEB5/6RAZNmkQPXM
pEDn2aRAks+kQDTCpEBP2KRAvtqkQND/pECR6KRAu/SkQMb5pEB7C6VAA+ukQFjwpEDc8qRA
qw2lQHjdpED/A6VAMd6kQMr9pEDz8KRAsemkQFLypEDIGKVAtSKlQCDdpEB0IKVAX/ukQKYm
pUC3FqVAOhKlQGYJpUBa+aRAjxqlQLUapUAU8KRAtRGlQLwMpUBnHaVA4ROlQMUHpUA0G6VA
p/ikQFvspEBS7qRA6BqlQA0opUAsHKVAQRmlQI8OpUBNEKVA/v2kQIj7pECTIKVAAx2lQLc3
pUBZAaVANwSlQKpIpUCCG6VAlBWlQDknpUBNSqVA0RelQMFGpUA2FKVAQgOlQC4dpUC+AaVA
uDSlQNoipUD3NKVAY0mlQBAFpUAeWaVA8SGlQEQapUAQL6VANzWlQBAcpUDlSaVAdkmlQHk3
pUAwP6VAbCSlQAxbpUCkO6VA6x6lQN8npUApQ6VAyy+lQCdQpUDQYqVAcEelQO9opUBnM6VA
bGOlQJ8rpUC6QaVAB0WlQGlBpUAaZaVAeEmlQBJYpUAVT6VAWVelQCxcpUBlZaVAGnSlQPA+
pUChQKVArBSlQBdSpUC1a6VAbGOlQDVbpUCibqVACj+lQAdTpUDSdqVAak+lQDJNpUA9gaVA
KIqlQE1BpUAfdqVArmilQDGhpUCqeKVA14alQBuCpUCqdqVAw2WlQLBypUAnc6VAwHilQFt+
pUAHK6VA3YWlQKRTpUCGWaVA3malQAWHpUBPa6VAvHulQOeNpUCZdKVAloClQKt5pUDxd6VA
JWelQBWFpUC/gaVAZIalQJOjpUDMhKVAy5mlQM6ipUBefaVAqIOlQLOHpUAcW6VAd4GlQGJw
pUAVkqVAa7+lQKrBpUBvhaVAP4elQGWapUDboKVAw6GlQGeQpUD8o6VAmZalQJyTpUCxn6VA
YJWlQDKApUAvnqVAB4ClQC5/pUAQnKVAI6ilQHCepUDZxKVAMnalQFKGpUAzYqVAHKOlQK2w
pUDXkKVAHLKlQAeTpUA6j6VAF6elQKGwpUDHj6VAZtilQL2zpUC0x6VAGpulQBuspUC8mKVA
Da+lQHWbpUD9u6VA6dKlQM+wpUCJvaVA6aGlQO3CpUD1oqVAOKSlQAS7pUC0xaVAXdSlQCzr
pUCM2qVARJelQHXopUDVrKVADr6lQC2gpUC94KVAsdKlQKfipUBLxKVAUL6lQMLjpUDt36VA
kOKlQD3dpUCduqVALJqlQF7UpUC6D6ZA7dWlQDjSpUDUzqVA0uOlQJ/apUC18KVARralQNfT
pUDRt6VArt6lQHXQpUB9yaVAn/elQFjRpUBjt6VA29alQG7UpUCa86VAWNulQN66pUCd7KVA
k9OlQNTMpUDB+aVA196lQCHmpUCw8qVArumlQNjepUAP1aVAsNWlQGv6pUBL5KVAyPClQOX2
pUAXCaZAMwmmQET9pUA08KVAT/ylQHbYpUBgDaZA8xSmQHnwpUBj3aVAN9+lQDcOpkDVAqZA
FQOmQLwHpkAg96VAvxKmQEAApkDR8KVAsvKlQCcMpkAnCKZA9u6lQPjvpUAi4aVAtTamQJci
pkB9CaZAov2lQBT/pUCS9qVAYjKmQDoOpkAL8aVA5fWlQFzxpUDIFqZAxhGmQM8TpkAsC6ZA
gA6mQLj4pUAcE6ZAzBqmQGIhpkDJJqZA1PelQF0tpkBQGKZAORSmQMnrpUBCDqZAUBimQE0a
pkA1C6ZApC2mQN/0pUBrMqZAvwmmQHA2pkDiO6ZAZT2mQOUWpkAEBaZAECumQAUopkBOHaZA
bRqmQKAtpkBYHKZA3S2mQB8hpkCDPqZAni6mQLoapkAXLKZA</AssayYData></Step><Step><CommonData><SampleLocation>1</SampleLocation><SampleID>Octet Buffer</SampleID><SampleGroup></SampleGroup><SampleInfo></SampleInfo><SampleRow>K</SampleRow><SamplePlate>1</SamplePlate><WellType>BUFFER</WellType><Concentration>-1</Concentration><ConcentrationUnits>µg/ml</ConcentrationUnits><MolarConcentration>-1</MolarConcentration><MolarConcUnits>nM</MolarConcUnits><MolecularWeight>0</MolecularWeight><Temperature>30</Temperature><StartTime>2258048</StartTime><AssayTime>300</AssayTime></CommonData><FlowRate>1000</FlowRate><StepType>DISASSOC</StepType><StepName>Dissociation</StepName><StepStatus>OK</StepStatus><ActualTime>300</ActualTime><CycleTime>0.2</CycleTime><AssayXData Points="1500">ZMDzRMrG80Q5zfNEl9PzRAba80Rk4PNEyubzRDHt80SX8/NE/vnzRGwA9ETKBvREMQ30RJcT
9EQGGvREbCD0RMom9EQxLfREnzP0RAY69ERkQPRE00b0RDFN9ESfU/REBlr0RGRg9ETTZvRE
MW30RJ9z9ET+efREZID0RMqG9EQxjfREn5P0RP6Z9ERkoPREyqb0RDmt9ESXs/REBrr0RGTA
9ETTxvREOc30RJfT9ET+2fREbOD0RMrm9EQx7fREl/P0RAb69ERsAPVE0wb1RDEN9URLFPVE
/hn1RGQg9UTKJvVEMS31RJcz9UQGOvVEZED1RMpG9UQxTfVEn1P1RAZa9URkYPVEymb1RDlt
9USXc/VE/nn1RGSA9UTKhvVEOY31RJeT9UT+mfVEZKD1RMqm9UQ5rfVEn7P1RP659URswPVE
ysb1RDnN9USX0/VE/tn1RGTg9UTK5vVEMe31RJfz9UT++fVEZAD2RMoG9kQ5DfZElxP2RAYa
9kRsIPZEyib2RDkt9kSfM/ZEBjr2RGRA9kTKRvZEMU32RJdT9kQOWvZEbGD2RMpm9kQ5bfZE
n3P2RP559kRsgPZEyob2RDmN9kSXk/ZE/pn2RGSg9kTKpvZEMa32RJ+z9kT+ufZEZMD2RNvG
9kQxzfZEn9P2RP7Z9kRk4PZE0+b2RDnt9kSX8/ZE/vn2RGQA90TKBvdEMQ33RJcT90T+GfdE
bCD3RMom90Q5LfdElzP3RAY690RkQPdEykb3RDFN90SfU/dE/ln3RGxg90TKZvdEOW33RJ9z
90QGevdEZID3RMqG90Q5jfdEApT3RP6Z90RsoPdEyqb3RDGt90SXs/dE/rn3RGzA90TKxvdE
Mc33RJfT90T+2fdEZOD3RMrm90Q57fdEl/P3RP7590RsAPhEygb4RDEN+ESfE/hEBhr4RGQg
+ETKJvhEOS34RJ8z+EQGOvhEbED4RMpG+EQxTfhEl1P4RP5Z+ERsYPhEymb4RDlt+ESXc/hE
Bnr4RGyA+ETKhvhEMY34RJ+T+ET+mfhEZKD4RNOm+EQxrfhEl7P4RAa6+ERkwPhEysb4RDHN
+ESX0/hE/tn4RGTg+ETT5vhEOe34RJ/z+EQG+vhEbAD5RMoG+UQxDflEnxP5RP4Z+URkIPlE
0yb5RDEt+USXM/lE/jn5RGRA+UTKRvlEMU35RJdT+UT+WflEbGD5RMpm+UQxbflEl3P5RP55
+URkgPlEyob5RDmN+USXk/lE/pn5RGSg+UTTpvlEOa35RJ+z+UT+uflEbMD5RMrG+UQxzflE
n9P5RP7Z+URk4PlEyub5RDnt+USf8/lE/vn5RGQA+kTKBvpEMQ36RKgT+kQGGvpEZCD6RMom
+kQxLfpElzP6RP45+kRkQPpE00b6RDFN+kSXU/pEVFz6RHJh+kTKZvpEMW36RJdz+kT+efpE
ZID6RMqG+kQxjfpEl5P6RP6Z+kRkoPpEyqb6RDmt+kSXs/pE/rn6RGzA+kTKxvpEOc36RJfT
+kT+2fpEZOD6RNPm+kQx7fpEl/P6RP75+kRsAPtEygb7RDEN+0SXE/tEBhr7RGQg+0TKJvtE
MS37RJcz+0T+OftEZED7RMpG+0QxTftEn1P7RP5Z+0RkYPtEymb7RDlt+0Sfc/tE/nn7RGSA
+0TKhvtEMY37RJeT+0T+mftEZKD7RNOm+0QxrftEn7P7RP65+0RkwPtEysb7RDHN+0SX0/tE
/tn7RGTg+0TT5vtEMe37RJfz+0T++ftEZAD8RNMG/EQxDfxEnxP8RP4Z/ERkIPxEyib8RDkt
/ESfM/xE/jn8RGxA/ETTRvxEOU38RJ9T/ET+WfxEbGD8RNNm/EQxbfxEl3P8RP55/ERsgPxE
yob8RDGN/ESfk/xE/pn8RGyg/ETKpvxEMa38RJez/ET+ufxEZMD8RMrG/EQxzfxEl9P8RAba
/ERs4PxEyub8RDHt/ESf8/xE/vn8RGQA/UTKBv1EOQ39RJcT/UQGGv1EZCD9RMom/UQxLf1E
lzP9RP45/URkQP1Eykb9RDFN/USXU/1E/ln9RGxg/UTTZv1EMW39RJ9z/UT+ef1EZID9RNOG
/UQ5jf1El5P9RP6Z/URsoP1E06b9RDGt/USXs/1E/rn9RGTA/UTKxv1EOc39RJfT/UQG2v1E
ZOD9RMrm/UQ57f1El/P9RAb6/URkAP5Eygb+RDkN/kSXE/5E/hn+RGQg/kTKJv5EMS3+RJcz
/kQGOv5EZED+RNNG/kQxTf5En1P+RP5Z/kRkYP5E02b+RDFt/kSfc/5EBnr+RGyA/kTKhv5E
MY3+RJ+T/kQGmv5EZKD+RNOm/kQxrf5El7P+RP65/kRkwP5Eysb+RDnN/kSf0/5E/tn+RGTg
/kTK5v5EMe3+RJfz/kQG+v5EZAD/RNMG/0QxDf9EnxP/RAYa/0RkIP9E0yb/RDkt/0SfM/9E
/jn/RGRA/0TTRv9EOU3/RJ9T/0QGWv9EZGD/RMpm/0Qxbf9El3P/RP55/0RkgP9Eyob/RDGN
/0Sfk/9EBpr/RGSg/0TKpv9EMa3/RJ+z/0T+uf9EZMD/RMrG/0Q5zf9En9P/RAba/0Rk4P9E
0+b/RDnt/0SX8/9EBvr/RDYAAEVlAwBFnAYARdQJAEUDDQBFMhAARWUTAEWcFgBFzBkARQMd
AEUyIABFZSMARZgmAEXMKQBF/ywARTIwAEVpMwBFmDYARdA5AEX/PABFNkAARWlDAEWYRgBF
zEkARf9MAEUyUABFZVMARZhWAEXMWQBF/1wARTJgAEVlYwBFmGYARdBpAEX/bABFMnAARWlz
AEWcdgBFzHkARf98AEUygABFaYMARZyGAEXQiQBFB40ARTaQAEVpkwBFmJYARcyZAEUDnQBF
NqAARWmjAEWYpgBFzKkARf+sAEUysABFabMARZy2AEXMuQBFA70ARTLAAEVpwwBFmMYARdzJ
AEX/zABFMtAARWXTAEWY1gBF1NkARf/cAEU24ABFaeMARZzmAEXM6QBF/+wARUTxAEXI8wBF
nPYARcz5AEX//ABFMgABRWkDAUWYBgFF0AkBRf8MAUUyEAFFaRMBRZgWAUXQGQFF/xwBRTIg
AUVlIwFFnCYBRcwpAUX/LAFFMjABRWkzAUWYNgFFzDkBRf88AUU2QAFFaUMBRZhGAUXMSQFF
/0wBRTZQAUVlUwFFmFYBRcxZAUX/XAFFNmABRWljAUWYZgFFzGkBRf9sAUUycAFFaXMBRZx2
AUXQeQFFA30BRTKAAUVlgwFFmIYBRcyJAUUDjQFFMpABRWmTAUWclgFFzJkBRQOdAUUyoAFF
ZaMBRZimAUXMqQFFA60BRTKwAUVpswFFmLYBRcy5AUUDvQFFNsABRWXDAUWcxgFF0MkBRQPN
AUUy0AFFZdMBRZzWAUXM2QFFA90BRTLgAUVl4wFFmOYBRdDpAUX/7AFFMvABRWXzAUWc9gFF
zPkBRQP9AUUyAAJFZQMCRZgGAkXwCQJF/wwCRTIQAkVpEwJFmBYCRdAZAkX/HAJFOiACRWkj
AkWYJgJF0CkCRQMtAkU2MAJFZTMCRZw2AkXQOQJF/zwCRTJAAkVlQwJFnEYCRdBJAkX/TAJF
MlACRWVTAkWcVgJFzFkCRf9cAkUyYAJFZWMCRZhmAkXQaQJF/2wCRTJwAkVpcwJFmHYCRdB5
AkX/fAJFNoACRWWDAkWYhgJFzIkCRf+MAkUykAJFZZMCRZiWAkXQmQJF/5wCRTagAkVpowJF
nKYCRcypAkUDrQJFNrACRWWzAkWYtgJFzLkCRf+8AkUywAJFacMCRZzGAkXMyQJFA80CRTbQ
AkVl0wJFnNYCRdDZAkX/3AJFMuACRWnjAkWY5gJFzOkCRf/sAkUy8AJFafMCRZj2AkXM+QJF
A/0CRTYAA0VlAwNFmAYDRcwJA0X/DANFMhADRWkTA0WYFgNF0BkDRQMdA0UyIANFZSMDRZwm
A0XMKQNFAy0DRTIwA0VpMwNFmDYDRcw5A0UDPQNFMkADRWVDA0WYRgNF0EkDRf9MA0UyUANF
ZVMDRZhWA0XQWQNFA10DRTJgA0VlYwNFmGYDRcxpA0X/bANFNnADRWVzA0WYdgNFzHkDRf98
A0UygANFZYMDRZiGA0XMiQNF/4wDRTaQA0VlkwNFnJYDRcyZA0UDnQNFMqADRWWjA0WcpgNF
zKkDRf+sA0U2sANFabMDRZi2A0XMuQNF/7wDRTLAA0VlwwNFmMYDRczJA0X/zANFNtADRWnT
A0WY1gNFzNkDRf/cA0Uy4ANFZeMDRZzmA0XM6QNFA+0DRTLwA0Vl8wNFmPYDRdD5A0UD/QNF
MgAERWUDBEWcBgRF0AkERf8MBEUyEARFZRMERZgWBEXQGQRFAx0ERTIgBEVlIwRFmCYERdAp
BEUDLQRFNjAERWUzBEWcNgRFzDkERf88BEUyQARFZUMERZhGBEXMSQRF/0wERTJQBEVlUwRF
mFYERcxZBEX/XARFMmAERWVjBEWYZgRFzGkERf9sBEU2cARFZXMERZh2BEXMeQRF/3wERTKA
BEVlgwRFmIYERWOKBEUDjQRFMpAERWmTBEWYlgRF0JkERf+cBEUyoARFZaMERZymBEXQqQRF
/6wERTKwBEXYswRFnLYERcy5BEUDvQRFMsAERWXDBEWYxgRF0MkERf/MBEUy0ARFadMERZzW
BEXM2QRF/9wERTLgBEVl4wRFmOYERczpBEX/7ARFMvAERWXzBEWY9gRF0PkERf/8BEUyAAVF
ZQMFRZgGBUXQCQVFAw0FRTIQBUVlEwVFnBYFRdAZBUX/HAVFNiAFRWUjBUWYJgVFzCkFRQMt
BUU2MAVFZTMFRZw2BUXMOQVFAz0FRTJABUVlQwVFnEYFRdBJBUX/TAVFMlAFRWlTBUWcVgVF
zFkFRf9cBUU2YAVFZWMFRZxmBUXMaQVF/2wFRTJwBUVpcwVFnHYFRcx5BUUDfQVFMoAFRWWD
BUWYhgVFzIkFRf+MBUUykAVFZZMFRZiWBUXQmQVF/5wFRTKgBUVlowVFmKYFRcypBUX/rAVF
MrAFRWWzBUWYtgVFzLkFRQO9BUU2wAVFZcMFRZzGBUW9ygVFSM0FRTLQBUVl0wVFnNYFRczZ
BUUD3QVFNuAFRWnjBUWc5gVF0OkFRf/sBUUy8AVFafMFRZj2BUXQ+QVFA/0FRTIABkVlAwZF
nAYGRdAJBkX/DAZFNhAGRWkTBkWYFgZFzBkGRf8cBkUyIAZFaSMGRZgmBkXMKQZFAy0GRTIw
BkVpMwZFnDYGRcw5BkUDPQZFMkAGRWlDBkWYRgZFzEkGRQNNBkUyUAZFaVMGRZhWBkXMWQZF
/1wGRTJgBkVpYwZFmGYGRcxpBkX/bAZFMnAGRWVzBkWYdgZFzHkGRQN9BkUygAZFaYMGRZyG
BkXQiQZF/4wGRTKQBkVpkwZFmJYGRcyZBkUDnQZFNqAGRWWjBkWYpgZF0KkGRQOtBkUysAZF
abMGRZy2BkXQuQZF/7wGRTLABkVpwwZFmMYGRdDJBkX/zAZFMtAGRWXTBkWY1gZF0NkGRf/c
BkU24AZFaeMGRZjmBkXM6QZFA+0GRTbwBkVl8wZFmPYGRdD5BkUD/QZFMgAHRWkDB0WYBgdF
mAoHRSQNB0UyEAdFZRMHRZwWB0XMGQdF/xwHRTYgB0VlIwdFnCYHRdApB0UDLQdFNjAHRWUz
B0WcNgdF0DkHRf88B0U2QAdFZUMHRZhGB0XMSQdF/0wHRTJQB0VpUwdFnFYHRcxZB0X/XAdF
MmAHRWljB0WYZgdFzGkHRf9sB0UycAdFZXMHRZh2B0XQeQdF/3wHRTKAB0VlgwdFmIYHRdCJ
B0X/jAdFMpAHRWWTB0WYlgdF0JkHRf+cB0UyoAdFaaMHRaGmB0XQqQdF/6wHRTKwB0VlswdF
mLYHRcy5B0X/vAdFMsAHRWXDB0WYxgdFzMkHRf/MB0Uy0AdFZdMHRZzWB0XQ2QdFA90HRTLg
B0Vt4wdFmOYHRdDpB0X/7AdFMvAHRWnzB0Wc9gdFzPkHRQP9B0UyAAhFZQMIRZgGCEXMCQhF
Aw0IRTIQCEVlEwhFmBYIRcwZCEX/HAhFMiAIRWUjCEWcJghFzCkIRf8sCEUyMAhFZTMIRaE2
CEXQOQhFAz0IRTZACEVpQwhFmEYIRa1KCEU0TQhFMlAIRWVTCEWYVghFzFkIRQNdCEUyYAhF
aWMIRZxmCEXQaQhF/2wIRTJwCEVlcwhFcncIRf15CEX/fAhFNoAIRWWDCEWYhghFzIkIRf+M
CEUykAhFZZMIRZyWCEXMmQhF/5wIRTagCEVpowhFnKYIRcypCEUDrQhFMrAIRWWzCEWYtghF
0LkIRf+8CEU2wAhFZcMIRZjGCEXQyQhF/8wIRTLQCEVl0whFmNYIRdDZCEX/3AhFNuAIRWnj
CEWY5ghF0OkIRf/sCEU28AhFZfMIRZj2CEXQ+QhFA/0IRTIACUVlAwlFmAYJRdAJCUX/DAlF
MhAJRWUTCUWcFglFzBkJRf8cCUUyIAlFZSMJRZgmCUXMKQlF/ywJRTIwCUVlMwlFmDYJRdA5
CUX/PAlFMkAJRWlDCUWYRglFzEkJRf9MCUUyUAlFaVMJRZhWCUXMWQlFA10JRTZgCUVlYwlF
mGYJRcxpCUX/bAlFMnAJRWlzCUWYdglFzHkJRQN9CUU2gAlFZYMJRZiGCUWAiglFC40JRTaQ
CUVlkwlFmJYJRcyZCUX/nAlFMqAJRWWjCUWcpglF0KkJRf+sCUU2sAlFZbMJRZy2CUXMuQlF
/7wJRTLACUVlwwlFmMYJRczJCUUDzQlFMtAJRWXTCUWc1glFzNkJRf/cCUU24AlFaeMJRZjm
CUXM6QlF/+wJRTbwCUVl8wlFnPYJRdD5CUUD/QlFNgAKRWUDCkWYBgpFzAkKRQMNCkU2EApF
ZRMKRZgWCkXMGQpF/xwKRTYgCkVlIwpFmCYKRdApCkX/LApFMjAKRWUzCkWcNgpF0DkKRf88
CkU2QApFaUMKRZxGCkXMSQpFA00KRTJQCkVpUwpFmFYKRcxZCkUDXQpFMmAKRWVjCkWYZgpF
zGkKRf9sCkU2cApFZXMKRZx2CkXQeQpFA30KRTKACkVlgwpFnIYKRdCJCkX/jApFNpAKRWWT
CkWclgpFzJkKRQOdCkUyoApFZaMKRZymCkXMqQpF/6wKRTKwCkVtswpFnLYKRdC5CkX/vApF
NsAKRWnDCkWYxgpFmMoKRSjNCkUy0ApFZdMKRZjWCkXQ2QpF/9wKRTLgCkVl4wpFmOYKRczp
CkX/7ApFMvAKRWnzCkWc9gpFzPkKRQP9CkU2AAtFaQMLRZgGC0XMCQtFAw0LRTIQC0VlEwtF
nBYLRcwZC0X/HAtFMiALRWUjC0WYJgtF0CkLRf8sC0UyMAtFaTMLRZg2C0XMOQtF/zwLRTJA
C0VlQwtFmEYLRcxJC0UDTQtFNlALRWVTC0WYVgtFzFkLRf9cC0UyYAtFaWMLRZhmC0XMaQtF
/2wLRTZwC0VpcwtFmHYLRcx5C0X/fAtFNoALRWWDC0WYhgtFzIkLRQeNC0U2kAtFaZMLRZiW
C0XMmQtF/5wLRTagC0VlowtFnKYLRcypC0X/rAtFNrALRWmzC0WYtgtFzLkLRf+8C0UywAtF
ZcMLRZzGC0XQyQtFA80LRTLQC0Vl0wtFnNYLRczZC0X/3AtFMuALRWXjC0Wc5gtF0OkLRf/s
C0U28AtFZfMLRZj2C0XM+QtFA/0LRTIADEVlAwxFmAYMRbEKDEU8DQxFMhAMRWkTDEWcFgxF
0BkMRQMdDEUyIAxFaSMMRZgmDEXMKQxF/ywMRTIwDEVlMwxFmDYMRdA5DEUDPQxFNkAMRWVD
DEWYRgxF0EkMRQNNDEUyUAxFZVMMRZhWDEXMWQxF/1wMRTZgDEVlYwxFmGYMRcxpDEX/bAxF
MnAMRWlzDEWcdgxFzHkMRf98DEUygAxFaYMMRZiGDEXQiQxFA40MRTKQDEVpkwxFmJYMRdCZ
DEX/nAxF</AssayXData><AssayYData Points="1500">+5mlQEmupUATuqVAOP+lQE/jpUAZ8aVAls+lQDfupUBOuKVA6/GlQJ3dpUCFCqZApfGlQGn3
pUDO8KVAsO+lQE7spUBH1KVA2NilQEP0pUDp3aVAdPulQD7TpUCXy6VApPGlQIb0pUDmu6VA
SuClQNXJpUAvzqVAZdClQPH4pUBj7aVA3sWlQKPfpUCX+KVAyc6lQNvGpUCW4KVAgrmlQA3a
pUBj36VA5belQKLqpUDyz6VARMKlQOrEpUC37qVAQamlQEaepUDEsKVAsLmlQOa1pUC0zKVA
qeClQHi7pUA1s6VAgKelQHSRpUDH1qVAfuWlQAKepUAry6VA0L6lQK6jpUBRtKVAMaulQCar
pUAivKVARM6lQMOlpUBct6VAq8ylQKyqpUCnuaVAi6alQCOzpUBjr6VAH7ulQAa3pUAApaVA
IqulQKnHpUA5oqVAk7SlQBbXpUCNr6VA2KilQLGepUA6oaVAAaWlQLuipUDwpaVA56KlQLG2
pUBcpaVAZ4GlQHvDpUCKxKVAqJalQMOvpUAVt6VAM5WlQFiqpUDex6VABr2lQDetpUCGraVA
jcOlQEKtpUCXvqVA+o+lQP+apUBQjaVAka6lQB25pUDFsKVApaulQOmupUBFi6VAI6ilQOZ+
pUCskKVAKbelQKCipUBqfqVAdqqlQE94pUCzo6VA+sqlQIzBpUBbfqVALrKlQDSkpUAYh6VA
JpylQHXOpUDNiaVALo2lQAGSpUDcfKVArZ+lQMbGpUA2vKVA0ZelQOqvpUCRh6VA+o+lQKak
pUARraVA73mlQC+spUDNxKVALIylQMKrpUAMv6VAGJ6lQLuPpUDipqVAS4ulQAK5pUCAlqVA
maWlQPqipUCpraVAVZylQAegpUA/tqVAcJelQHOupUA3sKVAJ4ulQEG2pUDhtqVAuH2lQC2N
pUDRdKVAoaalQKebpUChqaVAn7ClQPiOpUBrlaVAHamlQISOpUA7v6VA0XKlQGWRpUBdmKVA
0XilQNuLpUDaoaVAeJqlQJOVpUBloqVAbo6lQA2bpUD2gqVABp+lQGK3pUAVsKVABoGlQPyV
pUBFnqVAFmClQFyepUAhzqVAXH2lQFCEpUA6jaVASW+lQD+BpUDHkKVAkLelQH2HpUAxpaVA
TLSlQHqNpUBoxKVApZ+lQK6rpUD7qKVAlKClQE2kpUDPmqVA8pWlQCZ7pUApkKVAkLKlQJWF
pUAwsqVAaJSlQFG9pUAgqqVAGqGlQCmUpUCrmKVAAJClQJuRpUAClaVANpilQLR7pUAEs6VA
wISlQGa/pUAyq6VAtHylQLCwpUANkaVAx7ilQKqmpUA3bKVAEYqlQICgpUBpm6VAgHylQKh4
pUD5k6VAVpSlQPempUCZwKVA+aylQMicpUAit6VA05KlQHappUDmkKVAx4WlQEuJpUB0uaVA
lqulQO95pUDJjKVAVqOlQHSVpUDciaVA6pKlQCCipUB3gaVAzqalQAOJpUBGmaVAF4qlQGmc
pUDwqKVAo6SlQOaxpUCmo6VATX2lQDGLpUByn6VApKilQB2kpUCmgaVAAJulQN+OpUB3oKVA
ZoalQOqcpUAGlaVAQZSlQGGcpUCwkaVAVpelQN+XpUDnuaVA0JWlQMWzpUCLqqVA9JGlQI/A
pUDZuKVAPIylQKSrpUAGiaVAwLelQLVlpUCqsaVAMomlQDKCpUBYmKVAxrelQDWLpUA2o6VA
JqOlQCGApUBPkKVAvomlQPyvpUDzk6VAmI+lQMSQpUD4qKVA35elQOWlpUAMi6VA0calQOmd
pUDXl6VApZ+lQJaUpUDypqVAV6+lQN+tpUAUw6VAkqmlQDqZpUDAfaVA85alQKKDpUDFlqVA
M4qlQLyvpUCHrqVAibilQBN8pUDzxKVA0IClQNuupUBhoaVAOJOlQGOxpUAavKVAhrOlQBKE
pUB2raVAf6KlQHmlpUBSxqVABrilQHunpUB0qKVAzqClQCOXpUBtsaVAPLWlQE+rpUCcnqVA
45qlQJugpUA1lqVAlaWlQMKYpUA8kqVArMClQAC6pUDQWqVAmqulQCXApUCEnaVAgaSlQIXC
pUDaqKVAUXulQM++pUCypaVAL8KlQLmwpUDDnaVA6ZWlQOmWpUASb6VAKbmlQGTFpUDwuKVA
F7OlQMqMpUCj2aVA6JSlQOe3pUCdnKVAG9WlQAe1pUCEw6VA2Y6lQFmipUCSs6VAVbylQDO3
pUDsnaVAHb2lQGGppUAHtKVAlLylQKOwpUDRt6VApKWlQNXBpUBPraVAY7KlQOWdpUDkoaVA
UailQJ/BpUC1qKVA2MSlQJm6pUB3sqVAu5ylQJK0pUCWjaVAl7elQLGtpUBGwKVAha+lQFrH
pUCZpKVAcailQEvLpUAAwqVAhcylQOW2pUBupqVAEZylQD/IpUAsu6VAgqOlQPqxpUBcp6VA
1NGlQHSdpUBKvqVAkbalQAqfpUBnt6VAprulQBG5pUDKwqVAsqqlQIjJpUAcxqVAHLylQP25
pUADtqVAFsClQBfjpUCg0qVAipalQCm9pUDR0qVA46qlQBq/pUBLfqVAa7ClQJWipUDeoKVA
pdGlQCG+pUCGwqVAWdqlQL7BpUC6xaVAgb+lQHPWpUD2u6VAf72lQIWzpUAHu6VA6MKlQD7T
pUBQ0aVAhdKlQAsHpkCw16VAebilQFj2pUA2uaVA0amlQC25pUDLx6VAYrWlQLm5pUBl2KVA
Y8ulQO64pUA4zqVA6amlQNC4pUAVy6VAbMSlQMTHpUBy4KVAsfGlQFf5pUDruqVA7+mlQJut
pUAlwqVAb9OlQGvapUBB4qVAqK+lQCLypUCo36VA6OalQOHrpUDSzKVAFuKlQGfnpUDfvaVA
jsmlQLHipUAao6VApdmlQIXepUAw16VAvtSlQHvYpUCS3aVAh7KlQHTspUCaxKVAQ7WlQNQD
pkBr9KVA+OOlQNLHpUA4vqVAjaKlQNLtpUA0z6VAkMmlQKfTpUD7zaVANsSlQHrlpUB8o6VA
HqalQCWwpUBf0qVAhtqlQILcpUAC3qVAW/alQCXPpUDz3aVAa+ilQC/jpUAf9KVAGOmlQFDO
pUAd4aVA99alQL6zpUBK26VA0++lQLXbpUCJ06VAa+OlQPLCpUASu6VA1+ClQHrQpUBwwaVA
5eylQKnFpUDP1qVAIu+lQM3RpUA+w6VAddKlQALapUC/2aVAl9ClQO3fpUBawaVAyculQBL9
pUBP9aVARbmlQCzlpUCe0KVAasWlQN3QpUB/56VAmOSlQHkOpkCbxqVAPPClQEbSpUDI7KVA
DsqlQJbdpUDe96VA9eilQNLfpUBn+aVAYiGmQEnNpUAE36VAYuulQE7NpUDJB6ZAw+6lQFoI
pkCr76VAje6lQMTTpUC7z6VAiNalQMbjpUBq7KVACNOlQKXTpUC11qVADgGmQM6rpUAYwKVA
GeGlQKbzpUAGvKVAxu6lQJUYpkD48qVAbQWmQDzbpUB11KVAtvilQKbwpUCA6KVARu6lQA0B
pkAsF6ZAmAOmQJzhpUD56KVAHvSlQJLrpUBABKZAxgGmQBbYpUC28qVAtAGmQG/3pUBW16VA
6filQKfSpUD4+aVAJu6lQEzwpUBa56VAX/WlQMXVpUB10qVAM/KlQDPrpUDX2qVAGQWmQAvL
pUAS46VAQfGlQCTapUDH36VA1QWmQHsGpkDk16VAdgOmQGwUpkCx6aVAeN6lQM7ZpUBR0KVA
m+ylQDL+pUCE36VAIOulQKjvpUAT96VAgb6lQGsRpkBH/qVAW9qlQPUOpkDU8KVA9PKlQGD9
pUCx0KVAKualQCbqpUAy/aVAztOlQOQUpkAbBKZAQ/OlQMTcpUCn5aVALe+lQDwcpkDR6KVA
pAKmQJn/pUBd7KVAX/alQNbPpUAVAqZAX+OlQO/XpUDR16VA8g+mQLYKpkAI+qVAHNulQKHv
pUD82qVAPfSlQHYGpkBF36VAtwemQNMApkBcBqZA7gGmQPUhpkB+AKZAaBOmQFPxpUAW/6VA
CxCmQG7tpUA78aVAMf2lQHkKpkCUIKZAv/+lQBHopUD3D6ZA+wqmQHoSpkCFC6ZAuwmmQPbp
pUDLB6ZAoxSmQMAipkCE9qVAaQOmQNgmpkAl+qVAhjOmQIMWpkAsGKZA3BimQKUZpkDYB6ZA
dDOmQK76pUCLFaZAWfGlQHQWpkCHBaZAGSamQHMVpkBQ7aVAhRSmQOH9pUDmC6ZAjASmQM36
pUCk+6VALSSmQDgKpkDr+6VAvSOmQFIjpkDACaZAhyGmQI4dpkANDqZAIf2lQAsLpkD33aVA
xgqmQH8LpkAELKZAeu+lQMwIpkCBDaZACjKmQLIZpkBLEqZASPilQBYdpkD1IKZAmBGmQOgx
pkCDGqZAOBumQMnipUAkJKZAy+GlQPQKpkC1HKZAERKmQAAkpkBDC6ZA5hemQLEgpkC4IqZA
hwSmQKETpkBIBqZAJA+mQP8hpkBaGqZANBSmQMwLpkD9CqZAOgmmQM0gpkAnJaZAjy6mQPYP
pkBQ+6VAoBKmQD4LpkBDHKZAXSWmQMgQpkC4FKZAWwOmQGEtpkBcIKZAoSCmQL0upkDhOaZA
xQ2mQEkipkBEGqZAVx2mQKgtpkATBKZAhAumQIBEpkCfI6ZAygemQGUIpkBfLKZA3wimQMsa
pkBNLaZA2PmlQA8mpkB/L6ZAfzKmQDAbpkBZL6ZAYP6lQD4GpkAfKqZAvUKmQJMspkC2G6ZA
DwumQMYlpkAUNqZAAAumQNQPpkBL/aVAnBamQHElpkBKBaZAQjqmQOwRpkD0AaZAoSimQLAy
pkDmHqZAgCCmQOhDpkCBMaZAKSumQOswpkCsKKZAayumQPEcpkAXM6ZAWC+mQA1HpkClPaZA
/jumQF0zpkDSPKZACQ6mQKsZpkAcQ6ZAwwmmQDAepkDHPKZAHTSmQGMHpkD+H6ZAYj6mQNw4
pkBqGaZAFwmmQA0TpkBiLaZAjTumQIEqpkAaNqZAQzKmQAJGpkACTKZAbi+mQK4+pkAlTaZA
qCCmQM8NpkCMJKZAsB2mQP5GpkBiUKZAUiWmQEgxpkA3QqZAIUCmQFk9pkB+NaZACDGmQBg3
pkA7BKZAKh2mQF1YpkCjQ6ZA7B+mQGwNpkAPS6ZAJEWmQKwzpkD9aaZAqiSmQBU9pkDlPqZA
mTSmQLAepkDxPqZAPlKmQNkupkBmJaZAWSimQIUnpkC2MKZAeD2mQK87pkCdRqZALSCmQI42
pkA1KKZA/TOmQGUtpkAQJ6ZAzCumQElIpkCAOqZAzDemQCw3pkBeEqZAQlumQEYkpkB6XaZA
2EGmQFo1pkAkOKZAMC2mQIAbpkBKGaZAaCumQOtcpkDxO6ZA9C6mQMQSpkD/L6ZA4GCmQNQu
pkCGPaZAeiymQD5YpkD4PaZAqUCmQNxFpkCOPaZA/jemQA1gpkD1K6ZAr0KmQBhnpkAJPaZA
mzimQDk+pkD7R6ZAy02mQA9kpkAcMqZApVOmQMcupkDrPKZABVSmQCswpkAyiKZANT2mQAlR
pkCrVqZA/j2mQNgBpkC8S6ZAOjamQE5QpkChSaZA7lOmQFRNpkAGVaZASU+mQBZApkBOTqZA
712mQEZapkB2PqZAEEamQO58pkBLXaZA70qmQLFJpkAkVKZAsTemQEtSpkDOSqZAVEGmQEBO
pkClRaZA/kSmQHkhpkD5PqZA/UymQK02pkAtNaZA2TumQKc5pkDpXKZAzF6mQHtMpkClaqZA
3EmmQKkrpkBddaZA2TSmQFc7pkBxTKZAqVqmQC9hpkBKdqZAmFamQO5QpkB/dqZAiDSmQDNh
pkBGSaZAS2KmQFhSpkBsWqZAFE6mQOo5pkBec6ZATz2mQAdQpkASZ6ZAvlGmQPJspkAlbqZA
jlSmQOplpkClVqZAxGqmQPVdpkD3aqZAnHmmQNNupkAsTaZAiTOmQEtXpkBVWaZAdEOmQBNx
pkD7eKZALGamQH5VpkCZaaZASVqmQEtCpkB1VKZAF2OmQA1upkANUqZA7kemQPs3pkD7baZA
XUqmQN9NpkBkQ6ZADEWmQJIypkA1daZAFUmmQJ5upkCth6ZAY3OmQCltpkDjaaZAr2CmQKJE
pkDbeaZAMYymQKRfpkDaYqZAEFymQKN5pkDhgKZA+HamQGFdpkBKY6ZAbGamQKhkpkAFRKZA
7IGmQAhXpkDLXaZANmumQJFfpkBITKZAuGimQDWLpkALOqZAqGemQBKUpkDEVaZA8jWmQLOL
pkC6gKZA8lamQB0xpkDnc6ZACWmmQGNVpkCulqZAWWemQOxipkBpg6ZAlIWmQNxkpkAfV6ZA
JnOmQPd2pkBPqaZA/oemQOF1pkCmfKZAOFimQBBqpkC4c6ZAfX6mQLR8pkDRa6ZAHnimQMZp
pkCTfqZAWI2mQCpzpkAYeKZA8aimQF94pkCDeKZA0nGmQHhPpkDydqZAe2OmQNp9pkBraaZA
RHymQH+FpkCbmKZAYlemQN6TpkCqeaZA+GKmQMBxpkA7gKZA5oumQHV3pkCdVaZASWymQFh3
pkBreaZAq4mmQPCOpkAyc6ZAynemQD+FpkCak6ZA21GmQEB1pkBucaZA9GymQAeDpkCAiaZA
VpamQPN+pkDOeaZAKoumQNKMpkDHhKZAW5ymQL1zpkD+mKZApYemQAZupkApdKZA65umQGlw
pkDQjaZAWX6mQFJ0pkCNWKZA9oymQBRfpkDbZqZApaGmQKKGpkC3fKZARoymQOaBpkDukaZA
i2emQDR0pkBdf6ZAr3umQPilpkCucaZArYamQJlvpkDIgKZADnimQICspkDUgKZA9nWmQON+
pkBIkaZANnumQDqOpkBHgqZA6H2mQBqZpkC5raZAL5SmQMh/pkAGnqZA1WimQPaLpkCYkqZA
YZGmQOiRpkBbmaZAYpimQP+LpkBAbKZAr4mmQL+apkBOhaZA9KCmQGR+pkAJkqZAar+mQIqN
pkCbiaZAiY6mQG95pkBcgaZAJJ+mQIeWpkBPoqZAi5qmQESQpkAEpKZAbXamQNOSpkD3iqZA
8YmmQDKapkAGgaZAwnWmQLO5pkCch6ZAW2umQKePpkASnaZAUKGmQPqhpkBKiKZAUXemQEZ4
pkAcgaZAI5GmQLZspkBqm6ZAl2qmQE6IpkABmKZAOLqmQNetpkCtqaZAl36mQBuGpkD5gqZA
s5amQEmZpkB/hKZA8KWmQAuXpkDdeqZAlZ6mQJGEpkAlnqZAjKSmQC2gpkDSi6ZAdI6mQPmX
pkDxoaZAdnymQCCFpkBnuKZAvYumQGOwpkBUjaZAOI6mQKWqpkDkgqZAqLKmQCWjpkA1gaZA
3rOmQBKIpkBOkqZAg6CmQDikpkBhwKZAj76mQD6JpkBnoaZAhLqmQLChpkCju6ZAtGKmQEG6
pkDhx6ZAw4+mQMqfpkAEtqZA5ZqmQOKnpkC9lKZAnLOmQPPApkCLoaZAkqqmQLuTpkCduKZA
hIWmQPHBpkA4naZAO66mQLScpkDkt6ZAs7OmQJbSpkCsmKZAmaGmQJihpkDdmKZAwq6mQIfK
pkDGgaZAvcumQFW2pkANkqZAoaimQBWxpkAOv6ZA8ammQJ2upkATlqZAC6mmQAKtpkDCyaZA
gr6mQCC4pkBSq6ZAFZumQM2SpkDwwqZA/pemQAN1pkDDtqZAsKimQLOdpkBcw6ZA17KmQEaq
pkDinqZAP6umQDyXpkDdxqZACp+mQEmkpkAguaZAlqSmQNK+pkDGvaZAJrKmQMu2pkBNwKZA
Qs2mQEqTpkCVrKZAvLmmQEKjpkDjxaZAM7GmQKe4pkBco6ZAlOWmQP3ApkD2q6ZAZ8KmQH7K
pkCzp6ZAJrmmQFW4pkAUnaZAnrKmQFiJpkAljKZA88CmQKq9pkDwoaZAP6amQJDUpkDfqaZA
t5GmQOe6pkA6sqZA9cOmQHPUpkBUwqZAH76mQMjEpkAKxqZAHJ6mQFC4pkAUxaZAhsCmQJ5+
pkDf0KZA</AssayYData></Step><Step><CommonData><SampleLocation>5</SampleLocation><SampleID>Glycine</SampleID><SampleGroup></SampleGroup><SampleInfo></SampleInfo><SampleRow>L</SampleRow><SamplePlate>1</SamplePlate><WellType>REGENERATION</WellType><Concentration>-1</Concentration><ConcentrationUnits>µg/ml</ConcentrationUnits><MolarConcentration>-1</MolarConcentration><MolarConcUnits>nM</MolarConcUnits><MolecularWeight>0</MolecularWeight><Temperature>30</Temperature><StartTime>2567235</StartTime><AssayTime>5</AssayTime></CommonData><FlowRate>1000</FlowRate><StepType>KREGENERATION</StepType><StepName>Regeneration</StepName><StepStatus>OK</StepStatus><ActualTime>5.00005</ActualTime><CycleTime>0.2</CycleTime><AssayXData Points="25">MqAMRWWjDEWYpgxFzKkMRQOtDEUysAxFabMMRUm3DEXQuQxFA70MRTbADEVlwwxFnMYMRczJ
DEX/zAxFMtAMRWXTDEWc1gxF0NkMRQPdDEU24AxFaeMMRZjmDEXQ6QxF/+wMRQ==</AssayXData><AssayYData Points="25">2QyRPk7DST5c6Q0+6VvRPWNHiT0nkv88+ufpOvEOA71E4FC9R86SvfNuyr1GMu69ryUPvn3s
IL4U0jK+MzxBvqjfUL4ARWe+Qa5uvoBfgL5ZkIS+nUeKvoRnk779epW+QOOXvg==</AssayYData></Step><Step><CommonData><SampleLocation>6</SampleLocation><SampleID>PBS</SampleID><SampleGroup></SampleGroup><SampleInfo></SampleInfo><SampleRow>L</SampleRow><SamplePlate>1</SamplePlate><WellType>NEUTRALIZATION</WellType><Concentration>-1</Concentration><ConcentrationUnits>µg/ml</ConcentrationUnits><MolarConcentration>-1</MolarConcentration><MolarConcUnits>nM</MolarConcUnits><MolecularWeight>0</MolecularWeight><Temperature>30</Temperature><StartTime>2580308</StartTime><AssayTime>5</AssayTime></CommonData><FlowRate>1000</FlowRate><StepType>KREGENERATION</StepType><StepName>Regeneration</StepName><StepStatus>OK</StepStatus><ActualTime>5.00005</ActualTime><CycleTime>0.2</CycleTime><AssayXData Points="25">MvAMRWXzDEWY9gxFzPkMRf/8DEUyAA1FZQMNRZwGDUXMCQ1F/wwNRTYQDUVpEw1FmBYNRdAZ
DUX/HA1FNiANRWUjDUWYJg1F0CkNRQMtDUU2MA1FaTMNRZw2DUXMOQ1F/zwNRQ==</AssayXData><AssayYData Points="25">bbFhQFzQYkCwymNAkZxkQN95ZUAizWVA6thmQN71ZkDdBmdAaKJnQG3gZ0BM62dAvUBoQOHG
aECQG2lABw1pQIP1aECzhmlA2rZpQJOfaUA/umlAL/lpQEpFakA/kGpApXtqQA==</AssayYData></Step><Step><CommonData><SampleLocation>5</SampleLocation><SampleID>Glycine</SampleID><SampleGroup></SampleGroup><SampleInfo></SampleInfo><SampleRow>L</SampleRow><SamplePlate>1</SamplePlate><WellType>REGENERATION</WellType><Concentration>-1</Concentration><ConcentrationUnits>µg/ml</ConcentrationUnits><MolarConcentration>-1</MolarConcentration><MolarConcUnits>nM</MolarConcUnits><MolecularWeight>0</MolecularWeight><Temperature>30</Temperature><StartTime>2593400</StartTime><AssayTime>5</AssayTime></CommonData><FlowRate>1000</FlowRate><StepType>KREGENERATION</StepType><StepName>Regeneration</StepName><StepStatus>OK</StepStatus><ActualTime>5.00005</ActualTime><CycleTime>0.2</CycleTime><AssayXData Points="25">MkANRWlDDUWYRg1FzEkNRf9MDUUyUA1FZVMNRZhWDUXQWQ1F/1wNRTZgDUVpYw1FmGYNRdBp
DUX/bA1FMnANRWlzDUWYdg1F0HkNRf98DUUygA1FaYMNRZyGDUXQiQ1F/4wNRQ==</AssayXData><AssayYData Points="25">8519vfLcD76atj2+6lNWvnTocb5+GIK+BUiJvtkEkr67e5i+F8mevgDkpL5f9am+TQavvi9o
sb6jp7i+9Ty7vs5Lvb41LsC+6mfGvjhHxr6kcsm+etnQvpHO0L7aX9G+RNrVvg==</AssayYData></Step><Step><CommonData><SampleLocation>6</SampleLocation><SampleID>PBS</SampleID><SampleGroup></SampleGroup><SampleInfo></SampleInfo><SampleRow>L</SampleRow><SamplePlate>1</SamplePlate><WellType>NEUTRALIZATION</WellType><Concentration>-1</Concentration><ConcentrationUnits>µg/ml</ConcentrationUnits><MolarConcentration>-1</MolarConcentration><MolarConcUnits>nM</MolarConcUnits><MolecularWeight>0</MolecularWeight><Temperature>30</Temperature><StartTime>2606510</StartTime><AssayTime>5</AssayTime></CommonData><FlowRate>1000</FlowRate><StepType>KREGENERATION</StepType><StepName>Regeneration</StepName><StepStatus>OK</StepStatus><ActualTime>5.00005</ActualTime><CycleTime>0.2</CycleTime><AssayXData Points="25">M5ANRWqTDUWdlg1F0ZkNRQCdDUU3oA1FZqMNRZmmDUXNqQ1FAK0NRTewDUVmsw1FmbYNRdG5
DUUAvQ1FM8ANRWbDDUWZxg1FzckNRQTNDUUz0A1FatMNRZnWDUXR2Q1FAN0NRQ==</AssayXData><AssayYData Points="25">ggdfQAMwYEBiYmFACldiQMwPY0DwjmNA0/ljQEl/ZEC8vmRAN0llQJO2ZUDQvWVA4RxmQC45
ZkCChmZA9SdnQLwQZ0AIC2dAG5tnQGXOZ0AB8mdA/wpoQNAXaECfMmhAjjtoQA==</AssayYData></Step><Step><CommonData><SampleLocation>5</SampleLocation><SampleID>Glycine</SampleID><SampleGroup></SampleGroup><SampleInfo></SampleInfo><SampleRow>L</SampleRow><SamplePlate>1</SamplePlate><WellType>REGENERATION</WellType><Concentration>-1</Concentration><ConcentrationUnits>µg/ml</ConcentrationUnits><MolarConcentration>-1</MolarConcentration><MolarConcUnits>nM</MolarConcUnits><MolecularWeight>0</MolecularWeight><Temperature>30</Temperature><StartTime>2619801</StartTime><AssayTime>5</AssayTime></CommonData><FlowRate>1000</FlowRate><StepType>KREGENERATION</StepType><StepName>Regeneration</StepName><StepStatus>OK</StepStatus><ActualTime>5.00005</ActualTime><CycleTime>0.2</CycleTime><AssayXData Points="25">M+ANRWbjDUWZ5g1F0ekNRQTtDUU38A1FavMNRZ32DUXN+Q1FAP0NRTMADkVqAw5FmQYORdEJ
DkUEDQ5FMxAORWoTDkWdFg5FzRkORQAdDkU3IA5FZiMORZkmDkXNKQ5FAC0ORQ==</AssayXData><AssayYData Points="25">Jf3PvTj4LL7EYGK+bgx1vltxhb50gI++2TWVvmjTnb5ClaK+Xc6mvknSr74OaLC+mr+yvrsP
t74MLLy+E6q8vo7Cwb5KwMK+fxjFvrufyL69Ysu+fWfOvtLIzr725dK+vAPTvg==</AssayYData></Step><Step><CommonData><SampleLocation>6</SampleLocation><SampleID>PBS</SampleID><SampleGroup></SampleGroup><SampleInfo></SampleInfo><SampleRow>L</SampleRow><SamplePlate>1</SamplePlate><WellType>NEUTRALIZATION</WellType><Concentration>-1</Concentration><ConcentrationUnits>µg/ml</ConcentrationUnits><MolarConcentration>-1</MolarConcentration><MolarConcUnits>nM</MolarConcUnits><MolecularWeight>0</MolecularWeight><Temperature>30</Temperature><StartTime>2632915</StartTime><AssayTime>5</AssayTime></CommonData><FlowRate>1000</FlowRate><StepType>KREGENERATION</StepType><StepName>Regeneration</StepName><StepStatus>OK</StepStatus><ActualTime>5.00005</ActualTime><CycleTime>0.2</CycleTime><AssayXData Points="25">MzAORWYzDkWdNg5F0TkORQA9DkU3QA5FZkMORZlGDkXNSQ5FAE0ORTNQDkVmUw5FmVYORc1Z
DkUEXQ5FM2AORWZjDkWZZg5FzWkORQBtDkU3cA5FanMORZl2DkXReQ5FAH0ORQ==</AssayXData><AssayYData Points="25">K3BgQBu0YUC3r2JAi25jQHkjZEBR4mRAr1xlQHAPZkBkWGZAU3tmQHoEZ0D4H2dAiipnQN+a
Z0A/7WdAwtpnQKOxaEAhzGhAzd1oQNdlaUAgUWlAnmlpQNndaUBVnGlAKABqQA==</AssayYData></Step><Step><CommonData><SampleLocation>1</SampleLocation><SampleID>Octet Buffer</SampleID><SampleGroup></SampleGroup><SampleInfo></SampleInfo><SampleRow>K</SampleRow><SamplePlate>1</SamplePlate><WellType>BUFFER</WellType><Concentration>-1</Concentration><ConcentrationUnits>µg/ml</ConcentrationUnits><MolarConcentration>-1</MolarConcentration><MolarConcUnits>nM</MolarConcUnits><MolecularWeight>0</MolecularWeight><Temperature>30</Temperature><StartTime>2647141</StartTime><AssayTime>20</AssayTime></CommonData><FlowRate>1000</FlowRate><StepType>CUSTOM</StepType><StepName>Sensor Check</StepName><StepStatus>OK</StepStatus><ActualTime>20</ActualTime><CycleTime>0.2</CycleTime><AssayXData Points="100">M4AORWaDDkWZhg5FzYkORQCNDkU3kA5FZpMORZmWDkXNmQ5FAJ0ORTOgDkVmow5FmaYORc2p
DkUErQ5FM7AORWazDkWZtg5F0bkORQC9DkUzwA5FasMORZ3GDkXRyQ5FBM0ORTPQDkVm0w5F
mdYORdHZDkUE3Q5FM+AORWbjDkWd5g5FzekORQTtDkU38A5FZvMORZ32DkXN+Q5FAP0ORTcA
D0VmAw9FmQYPRc0JD0UADQ9FNxAPRWoTD0WdFg9F0RkPRQAdD0U3IA9FaiMPRZkmD0XNKQ9F
BC0PRTMwD0VmMw9FmTYPRc05D0UAPQ9FM0APRWZDD0WZRg9F0UkPRQBND0U3UA9FalMPRZ1W
D0XRWQ9FAF0PRTNgD0VqYw9FnWYPRdFpD0UAbQ9FM3APRWZzD0Wddg9FzXkPRQB9D0UzgA9F
aoMPRZ2GD0XRiQ9FBI0PRTeQD0Vmkw9FmZYPRc2ZD0UAnQ9FN6APRWqjD0WZpg9F0akPRQCt
D0U3sA9FZrMPRZ22D0XNuQ9FAL0PRQ==</AssayXData><AssayYData Points="100">9Q9gQIv0XEBrKVtAV95ZQBcpWUCs2VhAgkZYQFdIWEC5CVhA13xYQLd2WEAHjlhAV59YQP3b
WED9OllAUE9ZQBJMWUDbm1lAaKNZQJ/0WUDoBFpAbh1aQLk0WkDCN1pAwXBaQPOeWkDCy1pA
sLBaQJD/WkCyN1tAOFVbQGbyWkASDFtA/GxbQDxKW0Dlk1tAEcxbQFrbW0D2tFtAHeRbQI44
XEA0z1tAoN1bQE0XXEBgflxAvyJcQAFkXEAKI1xAgVlcQC2NXECPlVxAVXhcQMe4XECF2lxA
mrZcQIjzXEA35FxAkNxcQGgUXUB1Ll1A+A9dQEL4XEDyL11AIT1dQMymXECRH11ABTVdQEFS
XUBZhV1AMVNdQGsqXUA0Z11A7n9dQAp+XUBWzV1ANLpdQLuzXUC8pV1A7dddQHy3XUC4wF1A
0+tdQMcvXkDN/11AjwpeQM8YXkAa+F1AOBJeQCU2XkC29F1AflteQGx/XkCtL15ABVZeQMG5
XkA9lV5ABFpeQGRaXkB8wl5AhHdeQA==</AssayYData></Step><Step><CommonData><SampleLocation>10</SampleLocation><SampleID>SI-157C16_P5236</SampleID><SampleGroup></SampleGroup><SampleInfo></SampleInfo><SampleRow>K</SampleRow><SamplePlate>1</SamplePlate><WellType>KLOAD</WellType><Concentration>5</Concentration><ConcentrationUnits>µg/ml</ConcentrationUnits><MolarConcentration>5000</MolarConcentration><MolarConcUnits>nM</MolarConcUnits><MolecularWeight>0</MolecularWeight><Temperature>30</Temperature><StartTime>2676752</StartTime><AssayTime>120</AssayTime></CommonData><FlowRate>1000</FlowRate><StepType>LOADING</StepType><StepName>Loading</StepName><StepStatus>OK</StepStatus><ActualTime>120.001</ActualTime><CycleTime>0.2</CycleTime><AssayXData Points="600">M8APRWrDD0WZxg9F0ckPRQTND0Uz0A9FZtMPRZnWD0XN2Q9FAN0PRTfgD0Vm4w9FmeYPRdHp
D0UA7Q9FM/APRWrzD0WZ9g9FzfkPRQD9D0UzABBFagMQRZ0GEEXNCRBFAA0QRTMQEEVmExBF
mRYQRdEZEEUAHRBFMyAQRWYjEEWdJhBFzSkQRQAtEEU3MBBFZjMQRZk2EEXRORBFAD0QRTNA
EEVqQxBFmUYQRc1JEEUATRBFM1AQRWZTEEWZVhBFzVkQRQBdEEU3YBBFamMQRZ1mEEXNaRBF
BG0QRTNwEEVqcxBFmXYQRc15EEUAfRBFM4AQRWqDEEWZhhBFzYkQRQCNEEUzkBBFapMQRZmW
EEXNmRBFAJ0QRTOgEEVqoxBFmaYQRdGpEEUErRBFM7AQRWazEEWZthBF0bkQRQC9EEU3wBBF
asMQRZnGEEXNyRBFBM0QRTPQEEVq0xBFmdYQRc3ZEEUA3RBFM+AQRWbjEEWZ5hBFzekQRQTt
EEUz8BBFZvMQRZn2EEXN+RBFAP0QRTcAEUVqAxFFnQYRRc0JEUUEDRFFMxARRWoTEUWdFhFF
0RkRRQAdEUUzIBFFaiMRRZkmEUXRKRFFAC0RRTMwEUVqMxFFnTYRRc05EUUAPRFFN0ARRWZD
EUWZRhFF0UkRRQBNEUUzUBFFZlMRRZ1WEUXRWRFFAF0RRTdgEUVqYxFFnWYRRc1pEUUAbRFF
M3ARRWZzEUWZdhFFzXkRRQR9EUU3gBFFZoMRRZ2GEUXNiRFFBI0RRTeQEUVmkxFFnZYRRc2Z
EUUEnRFFM6ARRWqjEUWZphFF0akRRQStEUUzsBFFZrMRRZm2EUXNuRFFAL0RRTPAEUVqwxFF
ncYRRc3JEUUEzRFFM9ARRWbTEUWZ1hFFzdkRRQDdEUUz4BFFauMRRZ3mEUXN6RFFBO0RRTPw
EUVm8xFFmfYRRdH5EUUA/RFFMwASRWYDEkWZBhJF0QkSRQANEkUzEBJFZhMSRZkWEkXNGRJF
AB0SRTcgEkVmIxJFmSYSRc0pEkUALRJFMzASRWYzEkWZNhJFzTkSRQQ9EkU3QBJFZkMSRZlG
EkXNSRJFBE0SRTdQEkVmUxJFnVYSRc1ZEkUAXRJFN2ASRWZjEkWZZhJFzWkSRQBtEkUzcBJF
anMSRZ12EkXNeRJFBH0SRTeAEkVmgxJFmYYSRdGJEkUAjRJFM5ASRWqTEkWZlhJFzZkSRQCd
EkUzoBJFZqMSRZ2mEkXRqRJFBK0SRTewEkVmsxJFnbYSRdG5EkUAvRJFM8ASRWbDEkWZxhJF
zckSRQTNEkU30BJFatMSRZ3WEkXN2RJFBN0SRTPgEkVq4xJFmeYSRc3pEkUA7RJFM/ASRWbz
EkXZ9xJFYPoSRQD9EkUzABNFZgMTRZ0GE0XNCRNFAA0TRTMQE0VmExNFmRYTRc0ZE0UEHRNF
MyATRWYjE0WdJhNFzSkTRQAtE0U3MBNFZjMTRZ02E0XNORNFAD0TRTdAE0VmQxNFmUYTRdFJ
E0UATRNFN1ATRWpTE0WZVhNF0VkTRQBdE0UzYBNFZmMTRZlmE0XNaRNFAG0TRTNwE0VmcxNF
nXYTRc15E0UEfRNFN4ATRW6DE0WdhhNFzYkTRQSNE0UzkBNFZpMTRZmWE0XRmRNFAJ0TRTOg
E0VmoxNFmaYTRc2pE0UArRNFM7ATRWazE0WdthNFzbkTRQC9E0UzwBNFasMTRZnGE0XRyRNF
AM0TRTPQE0Vm0xNFmdYTRc3ZE0UE3RNFM+ATRWbjE0WZ5hNFzekTRQDtE0Uz8BNFZvMTRZn2
E0XR+RNFBP0TRTMAFEVqAxRFmQYURc0JFEUADRRFMxAURWoTFEWdFhRFzRkURQAdFEUzIBRF
ZiMURZkmFEXNKRRFBC0URTcwFEVmMxRFnTYURc05FEUEPRRFN0AURWZDFEWZRhRF0UkURQBN
FEU3UBRFalMURZlWFEXRWRRFBF0URTdgFEVqYxRFmWYURc1pFEUAbRRFM3AURWZzFEWddhRF
zXkURQR9FEUzgBRFZoMURZmGFEXNiRRFBI0URTOQFEVqkxRFmZYURdGZFEUEnRRFM6AURWaj
FEWdphRF0akURQStFEU3sBRFZrMURZm2FEXNuRRFAL0URTPAFEVmwxRFmcYURdHJFEUEzRRF
N9AURWbTFEWd1hRFzdkURQDdFEUz4BRFauMURZ3mFEXR6RRFAO0URTPwFEVm8xRFnfYURc35
FEUE/RRFNwAVRWYDFUWdBhVF0QkVRQANFUUzEBVFahMVRZkWFUXRGRVFAB0VRTcgFUVmIxVF
mSYVRc0pFUUALRVFNzAVRWozFUWZNhVFzTkVRQA9FUUzQBVFZkMVRZ1GFUXNSRVFBE0VRTNQ
FUVmUxVFmVYVRdFZFUUAXRVFM2AVRWZjFUWZZhVF0WkVRQBtFUUzcBVFZnMVRZl2FUXNeRVF
AH0VRTeAFUVmgxVFnYYVRc2JFUUAjRVFM5AVRWaTFUWdlhVFzZkVRQSdFUUzoBVFaqMVRZmm
FUXRqRVFBK0VRTOwFUVqsxVFmbYVRc25FUUEvRVFM8AVRWbDFUWZxhVFzckVRQTNFUUz0BVF
atMVRZnWFUXR2RVFAN0VRTPgFUVq4xVFmeYVRc3pFUUA7RVFN/AVRWrzFUWZ9hVFzfkVRQT9
FUU3ABZFagMWRZkGFkXRCRZFAA0WRTcQFkVmExZFmRYWRc0ZFkUAHRZFMyAWRWYjFkWZJhZF
0SkWRQQtFkUzMBZFZjMWRZk2FkXNORZFAD0WRTNAFkVqQxZFnUYWRc1JFkUATRZFM1AWRWZT
FkWdVhZFzVkWRQRdFkUzYBZFZmMWRZlmFkXRaRZFBG0WRTNwFkVmcxZFmXYWRc15FkUAfRZF
M4AWRWaDFkWdhhZFzYkWRQCNFkUzkBZFapMWRZmWFkXNmRZFAJ0WRTegFkVqoxZFmaYWRc2p
FkUArRZFM7AWRWqzFkWZthZFzbkWRQS9FkU3wBZFZsMWRZ3GFkXNyRZFAM0WRTfQFkVm0xZF
mdYWRdXZFkUA3RZFN+AWRWrjFkWZ5hZFzekWRQDtFkUz8BZFZvMWRZn2FkXR+RZFAP0WRTcA
F0VmAxdFnQYXRc0JF0UEDRdFNxAXRWYTF0WdFhdFzRkXRQAdF0UzIBdFZiMXRZ0mF0XNKRdF
AC0XRTMwF0VmMxdFnTYXRdE5F0UEPRdF</AssayXData><AssayYData Points="600">HPNdQFwrX0Bd3mBAGqBiQGl8Y0DQt2RA3ppmQOVTZ0BEk2hAJCpqQE9ia0CScWxAdpltQO8K
b0ArAXBA9kNxQOC0ckCzUXNAKml0QJC3dUDYqHZADs93QHkYeUAA4XlAk716QP20e0DdBX1A
EX59QEKrfkCtA4BAz0OAQD7BgECVLYFA4YGBQAXwgUB7gIJAZOeCQFQEg0CBuINA2/mDQFBt
hEDux4RAzCiFQKhAhUBfuYVA7BWGQKxghkA33oZAbCOHQG5nh0AbxIdAiBGIQIk4iEDvWYhA
Xs2IQLYZiUBIXIlAab+JQFrmiUBuE4pAOYCKQPmNikDEr4pA7QGLQK5Hi0AajItAF6+LQOnt
i0C5CoxAinKMQICvjEBt4YxAqA2NQBoljUAchI1A6XuNQKmqjUDb1Y1AkAeOQK9YjkDPVo5A
+WqOQPrgjkCs245AqSaPQO9Dj0Apmo9A4mWPQNHFj0Bx449AVQiQQMUVkECIYpBAJ2CQQKSK
kEBJxpBA8fmQQEfQkEA5SZFAqzaRQLFokUC+oJFAlryRQNy6kUCi9ZFAYR2SQAMtkkA1VJJA
qnqSQCyAkkB0lZJA8deSQKLokkCFAZNAYkaTQD0hk0DqU5NAX3GTQFWCk0AmspNAB7iTQJkS
lECW+5NAJg2UQA0clEDiU5RA8WiUQASYlEDFn5RA8p+UQPLhlECk6ZRAKPWUQIkrlUBeTpVA
Oy+VQIh/lUBGepVAH4+VQFi5lUD5k5VApfGVQD/VlUAkEpZA8SqWQF4/lkAdUJZAE1yWQEeN
lkAcnpZAHLaWQHaolkB2wZZALfKWQIDplkBb+ZZAmAyXQNBNl0D3UZdAaEOXQLB9l0AvdJdA
6pmXQFqsl0D/xZdAeeGXQMD9l0BF4pdAFRSYQFU6mEAUWJhACVmYQNJLmECYfJhAaYKYQHaZ
mEChophAzpCYQGDcmECr2phAc92YQFMimUDjK5lA2jWZQM4+mUD0dJlA21mZQKhvmUCUgZlA
k8aZQDmfmUDu0ZlA0OaZQFDLmUA1BppA7PCZQLcNmkAeOZpAKkyaQAozmkDCU5pAC1eaQFp4
mkCBe5pA0pWaQHOEmkBGs5pA+euaQF2omkBB1JpA5gybQC4Am0A0IZtAqD2bQGE3m0B5J5tA
x0WbQIZOm0BDVptAM4CbQNK4m0AcjZtAM7SbQK3Nm0BqtptA5dGbQKsBnEA5DJxA6Q2cQEoQ
nEB8KJxAJFicQMpJnED9h5xA5DKcQG5cnEBEfJxAyoCcQF+QnEBa05xA/JycQPCynEAvzpxA
a7CcQAXbnEB/Hp1AhS2dQOnynEAvOp1AfkqdQJonnUBTVZ1AsGSdQDd4nUD9ep1AdXGdQGhd
nUCjuZ1AAKOdQOSznUBlrZ1AQtWdQFC8nUCEz51ALRCeQL39nUDBD55Arx6eQF4mnkCgJp5A
rj6eQJJPnkAYH55AOHeeQFuTnkC8fZ5A/XSeQJ+lnkAklZ5AAqueQFLNnkDPx55ANZyeQI7c
nkCTBJ9A4PSeQBktn0CHI59A0BefQPZBn0ChPZ9AAlOfQEZVn0BrX59AG0KfQJ5Qn0BAd59A
4Y6fQEiIn0CgpZ9Ae8WfQE+Pn0CrsZ9Av7ifQGnSn0CICKBAiPifQFAAoEDuKqBAhhegQKMC
oEC+CaBAqi+gQPFnoEARUqBAfzigQN5UoEDZW6BAKaKgQCSWoEB4c6BAy7OgQMS0oECLqKBA
mJegQB7IoEC4yaBAhdmgQAfxoECP4KBAacugQJ8XoUDO7aBAKRKhQHEzoUBaNaFAzj2hQMxH
oUBVXqFA2FShQPdZoUBvV6FAfm+hQF6EoUBegKFApp6hQG6RoUC9laFAEtGhQPbFoUCYtqFA
EsahQIGtoUC04KFA3/mhQGrRoUCZA6JAsSWiQMoAokDfMaJA9zyiQCcMokA7UqJAiVeiQGUx
okDqUKJA5XeiQLZeokAOiaJAqp6iQJGcokBCuaJAVLKiQNLIokCvrKJAor6iQN3FokAbwqJA
i9qiQMbtokAX9aJACvuiQIr6okCfB6NA/AijQOY2o0D1VKNA4BijQH5Uo0CsOKNARD2jQBVZ
o0BVgKNAPEmjQFuMo0DEkqNA9n+jQI57o0ALdKNA15GjQDHAo0Cyl6NAEtWjQArMo0Cx8qNA
LrujQOy/o0BxAqRAnfWjQHDyo0BJBKRAog+kQN8cpEDbHaRArimkQEEwpEDDLKRAAlmkQGFJ
pEC5T6RAO0GkQPlNpECGVqRAcm2kQBV3pEAdYaRA37GkQLiipEARkaRAzbKkQBu0pEAho6RA
6q6kQBfcpEDOpqRAxtWkQGn5pEDBFaVALt+kQOgNpUDQBKVAOP+kQNMSpUAfM6VAx/akQBVW
pUDOTaVAOR+lQNUxpUASUqVAililQHxNpUBrP6VApmOlQBJrpUA8m6VA36ylQKKdpUDAsKVA
Q5ClQJ2RpUAv0qVAUcelQIifpUCJpqVAneSlQAHYpUCBzaVA+A2mQBTQpUB/y6VAMiGmQCb9
pUCIAKZAblamQC0apkDwFaZA0ySmQJJApkCnNqZA2C+mQIZYpkCiQ6ZAllumQKKBpkD8Q6ZA
RVSmQF9+pkBThqZAcGumQIOPpkACeqZANrKmQHa4pkAQqaZA/6emQBm3pkCZ0aZAzJWmQGTM
pkAN3qZA6dymQDW9pkAI66ZAo9ymQEP0pkAnH6dACRenQPVHp0D1A6dAwyenQOcSp0BoLqdA
gymnQAoep0DjY6dA+TanQJhop0BXRqdAqGWnQAF6p0CYdKdAG3mnQH2Up0AKeqdAk5SnQF+b
p0DhiKdAK5inQOapp0CixadAjqKnQIfBp0Bds6dAdcenQPL9p0A80KdA+OinQAwPqECIIKhA
WeinQDXmp0Cm+adARe6nQLnWp0CxLKhAxReoQJc9qEDqPahAET2oQLxeqECGc6hATjeoQABb
qEAadahA+GioQE2FqEDXZahACouoQChRqEC6cahARs6oQMGGqEBRmahAX7qoQLeVqEDDr6hA
2byoQMW4qEBuz6hATN2oQNG9qEAvr6hA8M+oQCn3qED5zahAkOyoQL0nqUDy0ahAFPqoQEw0
qUDCJKlAZw6pQDIWqUDpKalANi+pQFEqqUDmTqlA7TqpQLlTqUBWV6lAJUSpQLEzqUBTTalA
z0CpQDhpqUCPjKlABFypQBhuqUAxkqlA</AssayYData></Step><Step><CommonData><SampleLocation>1</SampleLocation><SampleID>Octet Buffer</SampleID><SampleGroup></SampleGroup><SampleInfo></SampleInfo><SampleRow>K</SampleRow><SamplePlate>1</SamplePlate><WellType>BUFFER</WellType><Concentration>-1</Concentration><ConcentrationUnits>µg/ml</ConcentrationUnits><MolarConcentration>-1</MolarConcentration><MolarConcUnits>nM</MolarConcUnits><MolecularWeight>0</MolecularWeight><Temperature>30</Temperature><StartTime>2806469</StartTime><AssayTime>100</AssayTime></CommonData><FlowRate>1000</FlowRate><StepType>BASELINE</StepType><StepName>Baseline</StepName><StepStatus>OK</StepStatus><ActualTime>100</ActualTime><CycleTime>0.2</CycleTime><AssayXData Points="500">OEAXRWtDF0WeRhdF1kkXRQVNF0U4UBdFa1MXRZ5WF0XWWRdFBV0XRThgF0XuYxdFomYXRdJp
F0UFbRdFOHAXRWtzF0WedhdF1nkXRQl9F0U8gBdFb4MXRZ6GF0XWiRdFBY0XRTiQF0VvkxdF
npYXRdKZF0UJnRdFOKAXRWujF0WiphdF0qkXRQmtF0U4sBdFa7MXRZ62F0XWuRdFBb0XRTjA
F0VrwxdFnsYXRdbJF0UFzRdFPNAXRWvTF0Wi1hdF1tkXRQndF0U44BdFa+MXRaLmF0XW6RdF
Be0XRTjwF0Vr8xdFnvYXRdb5F0UN/RdFOAAYRWsDGEWiBhhF0gkYRQUNGEU4EBhFbxMYRZ4W
GEXSGRhFBR0YRTggGEVrIxhFniYYRdIpGEUFLRhFODAYRWszGEWeNhhF0jkYRQU9GEU4QBhF
a0MYRZ5GGEXSSRhFBU0YRThQGEVvUxhFnlYYRdJZGEUJXRhFPGAYRWtjGEWiZhhF0mkYRQVt
GEU4cBhFa3MYRZ52GEXSeRhFCX0YRTiAGEVvgxhFnoYYRdKJGEUFjRhFOJAYRWuTGEWelhhF
0pkYRQWdGEU4oBhFxaMYRaKmGEXSqRhFCa0YRTiwGEVvsxhFnrYYRda5GEUFvRhFOMAYRW/D
GEWixhhF0skYRQXNGEU40BhFb9MYRZ7WGEXS2RhFBd0YRTjgGEVr4xhFnuYYRdbpGEUF7RhF
PPAYRWvzGEWi9hhF0vkYRQX9GEU4ABlFbwMZRZ4GGUXWCRlFBQ0ZRTgQGUVvExlFohYZRdIZ
GUUJHRlFOCAZRW8jGUWeJhlF1ikZRQktGUU4MBlFbzMZRZ42GUXSORlFBT0ZRThAGUVrQxlF
nkYZRdZJGUUJTRlFPFAZRW9TGUWeVhlF0lkZRQVdGUU4YBlFa2MZRZ5mGUXSaRlFCW0ZRThw
GUVrcxlFonYZRdJ5GUUJfRlFOIAZRWuDGUWehhlF1okZRQWNGUU4kBlFb5MZRZ6WGUXSmRlF
BZ0ZRTygGUVvoxlFoqYZRdKpGUUJrRlFPLAZRW+zGUWethlF1rkZRQW9GUU8wBlFb8MZRZ7G
GUXSyRlFBc0ZRTjQGUVr0xlFntYZRdLZGUUF3RlFOOAZRSTkGUWr5hlF0ukZRQntGUU48BlF
a/MZRZ72GUXS+RlFCf0ZRTgAGkVrAxpFngYaRdIJGkUJDRpFOBAaRW8TGkWeFhpF1hkaRQUd
GkU4IBpFbyMaRZ4mGkXWKRpFCS0aRTgwGkVrMxpFojYaRdI5GkUJPRpFOEAaRWtDGkWeRhpF
0kkaRQlNGkU8UBpFb1MaRZ5WGkXWWRpFBV0aRTxgGkVrYxpFnmYaRdZpGkUFbRpFOHAaRW9z
GkWAdxpFB3oaRQV9GkU8gBpFa4MaRZ6GGkXWiRpFCY0aRUCQGkVvkxpFnpYaRdKZGkUFnRpF
PKAaRWujGkWephpF1qkaRQmtGkU4sBpFa7MaRZ62GkXSuRpFBb0aRTjAGkVrwxpFnsYaRdLJ
GkUFzRpFPNAaRWvTGkWe1hpF1tkaRQndGkU84BpFa+MaRZ7mGkXS6RpFBe0aRTjwGkVr8xpF
ovYaRdL5GkUF/RpFOAAbRWsDG0WiBhtF0gkbRQUNG0U8EBtFaxMbRZ4WG0XSGRtFBR0bRTwg
G0U4JBtFvyYbRdYpG0UFLRtFPDAbRW8zG0WeNhtF0jkbRQU9G0U4QBtFb0MbRZ5GG0XWSRtF
BU0bRTxQG0VrUxtFnlYbRdJZG0UJXRtFPGAbRWtjG0WiZhtF0mkbRQltG0U8cBtFa3MbRZ52
G0XSeRtFCX0bRTiAG0VrgxtFnoYbRdKJG0UFjRtFOJAbRWuTG0WilhtF1pkbRQWdG0U4oBtF
a6MbRaKmG0XSqRtFBa0bRTiwG0VrsxtFp7YbRda5G0UJvRtFOMAbRW/DG0WexhtF0skbRQXN
G0U40BtFa9MbRaLWG0XS2RtFBd0bRTjgG0Vv4xtFouYbRdbpG0UJ7RtFOPAbRWvzG0We9htF
1vkbRQX9G0U4ABxFbwMcRZ4GHEXWCRxFBQ0cRTwQHEVvExxFnhYcRdYZHEUFHRxFOCAcRW8j
HEWeJhxF0ikcRQUtHEU4MBxFbzMcRaI2HEXWORxFBT0cRTxAHEVrQxxFokYcRdJJHEUJTRxF
OFAcRWtTHEWeVhxF0lkcRQVdHEU4YBxFjmQcRRlnHEXSaRxFBW0cRThwHEVrcxxFnnYcRdJ5
HEUFfRxFOIAcRWuDHEWehhxF1okcRQWNHEU8kBxFb5McRaKWHEXSmRxFBZ0cRTygHEVvoxxF
nqYcRdKpHEUJrRxFPLAcRWuzHEWithxF0rkcRQW9HEU4wBxFa8McRZ7GHEXWyRxFCc0cRTjQ
HEVv0xxFotYcRdLZHEUJ3RxFPOAcRW/jHEWe5hxF0ukcRQntHEU48BxFa/McRZ72HEXW+RxF
Cf0cRTgAHUVvAx1FngYdRdYJHUUFDR1FPBAdRWsTHUWeFh1F0hkdRQkdHUU8IB1FayMdRaIm
HUXWKR1FBS0dRTwwHUVrMx1FojYdRdI5HUUFPR1FOEAdRWtDHUWeRh1F0kkdRQVNHUU8UB1F
b1MdRZ5WHUXWWR1FBV0dRThgHUVvYx1FnmYdRdZpHUUFbR1FPHAdRWtzHUWedh1F0nkdRQV9
HUU=</AssayXData><AssayYData Points="500">c86pQEn5qUD1CapA+vqpQAoAqkBO+6lANheqQBkzqkCvGqpAwVWqQHM3qkAyIqpAjUaqQCIo
qkBA+6lAlU+qQOwqqkBwSqpA6G6qQEo/qkCxRapAGSOqQEI9qkCvWapAmy+qQAZKqkA0OKpA
jlqqQM9QqkCSR6pAB0qqQA9YqkA8RqpAxiuqQHBNqkDsTKpAVziqQC4yqkDOJKpA/FyqQIRF
qkA0MapAbiOqQAsqqkBlLKpAPTKqQNk+qkB1J6pAUUGqQDRaqkBCLqpAUzaqQHApqkB4R6pA
S0mqQGVSqkBTT6pAVESqQIwSqkALN6pAUUiqQL4oqkAdQapAaTmqQL08qkAhO6pAGTuqQNkk
qkBdSapAOU6qQN4MqkC9K6pAWEqqQH4ZqkAWX6pAsVCqQHc1qkAuN6pA3jOqQHxSqkBlWqpA
mU+qQENbqkClPapA+jeqQE8oqkBaJapAgTKqQL85qkAVXqpAlT2qQAk5qkDAU6pAigCqQDFB
qkAZI6pAdh2qQLExqkCkV6pAODGqQHNSqkC2XapAnkeqQNFEqkB8QqpAWVaqQHdJqkBOXKpA
vUOqQGNuqkC+MqpA6ECqQNVgqkAGbKpAzVGqQCQ+qkD/NKpA6zeqQK5NqkAyPapARiWqQDEd
qkB1VqpA2UyqQJI5qkA7QqpAdkmqQPE9qkDbNKpAf2OqQE4jqkAFYapAvjWqQB5hqkBRaKpA
rVCqQPtkqkD8TapAMVSqQJg7qkBETqpAx1yqQB1GqkB+Y6pA7T6qQGg2qkC/Z6pAMnKqQHdn
qkAQUqpAR3iqQHByqkCNZ6pApGWqQDlIqkAiZqpACUaqQNdrqkA0X6pAoFGqQORLqkD5jKpA
LUeqQGBkqkBQUqpAvkGqQGRVqkCKcKpABlGqQJ1tqkBQUqpAKE2qQM9MqkAwa6pAK2SqQAJS
qkBDYKpAuk6qQDZ+qkCXY6pAa3uqQLpZqkAOSKpAxl6qQDJzqkBrPqpA9U2qQPprqkADWqpA
7HmqQBpqqkC0lKpAO1yqQH2BqkBXe6pAMFSqQKCBqkChbKpAKUaqQEBmqkAQUqpAk1uqQJZy
qkD9WapAlWiqQDx6qkAYTqpAuXmqQAhaqkBbjKpA+H6qQDdXqkDol6pAJGGqQBh+qkBnfapA
DoeqQH+FqkBCfKpAHJ6qQGOeqkCIm6pAnZCqQO1/qkDynKpAn5OqQCeCqkCPgKpA9JGqQN9h
qkCJdapAZa6qQCJxqkDciKpA9qmqQM6ZqkCSkapAQ56qQAByqkBtmKpAYF+qQISZqkAUrKpA
WJaqQH6fqkAsk6pAZn6qQPu6qkB+g6pA5IGqQKqdqkBoi6pAVpmqQKehqkCYf6pAn4eqQGN/
qkB9oapAuZGqQD2eqkClpqpAoLSqQMt4qkC4nKpAV5qqQKCzqkD+uapAIm+qQLqAqkCLr6pA
7JWqQPygqkCQtqpAe6eqQA25qkDSmapAcsaqQJewqkD/wqpAm6mqQEOoqkCOoKpAlrSqQAOk
qkBpr6pAVaKqQN6nqkBdtKpAX66qQJCgqkCjn6pAzqiqQNzAqkDIr6pAOqGqQDKzqkBTl6pA
qJyqQKPOqkBAwqpADMyqQOrDqkDg16pAltGqQO2yqkC7nKpA/JyqQN6nqkAizKpAU7GqQN+W
qkCavapA+52qQNm7qkC3uapAfcOqQDbOqkAkxKpAH6uqQOa/qkBXuKpAvqOqQPmnqkBe06pA
QeaqQC7DqkDNtKpABqyqQMzWqkDH0apADLOqQCy5qkBS8apAUdmqQInCqkD+zapAUeGqQOLh
qkD2u6pAa+CqQC3SqkDbqKpAO8mqQKHgqkAgvapAHcmqQJrNqkBgwKpA1diqQO/fqkAw1KpA
gL+qQAHDqkCuxapAssKqQKDmqkC94apAxeuqQDHdqkC85qpAktSqQLrxqkAI76pAur2qQKHG
qkBpNatAAamqQBbeqkC406pAo8OqQEzBqkCA8KpA9e+qQF3qqkB416pA1PGqQIj1qkAcC6tA
gQqrQJ71qkBxF6tAJ++qQE4Fq0Dj4qpAANWqQKbwqkBG+6pAFP6qQCDrqkAq8KpAVwWrQM/e
qkBq3KpAVxerQFcKq0C45KpAzO2qQH7gqkDL5qpAHBqrQEvyqkAI2apAUNKqQEkeq0DU0qpA
iPGqQEbsqkBa06pAyeiqQDXpqkAbDqtAB/uqQPfjqkABD6tApxyrQFIcq0BMGKtAJAmrQPLt
qkATAqtA5BurQNMEq0DjC6tAmxqrQAryqkC1/6pA1garQLTYqkDU/apA2xirQJf0qkAuHKtA
px2rQAvoqkAzEqtAZyyrQFkCq0BP6apAagqrQFwYq0BpL6tAqB6rQOUUq0BFBatAvRqrQKQm
q0CXFqtAIiqrQIMeq0BFOqtA/fOqQFgMq0DAJqtARSarQGUPq0AuHqtA8hyrQIELq0AwIatA
gjGrQCMrq0BkPKtA4RarQMQGq0BUIatAUhSrQIEMq0AKV6tAZjyrQKkYq0C1B6tAfR+rQIIY
q0BBH6tAbherQFgOq0AmEatAYjirQCJoq0D/SqtAH0KrQAwhq0BGNKtACC6rQHQfq0B7CKtA
i2erQDQuq0A89KpArUCrQMtSq0ABMqtA1DSrQI4nq0CpTatAcFGrQBAeq0BpMKtAUUyrQDVD
q0A=</AssayYData></Step><Step><CommonData><SampleLocation>2</SampleLocation><SampleID>hsCD3d/e_Acro_CDD-H52W1</SampleID><SampleGroup></SampleGroup><SampleInfo></SampleInfo><SampleRow>K</SampleRow><SamplePlate>1</SamplePlate><WellType>KSAMPLE</WellType><Concentration>-1</Concentration><ConcentrationUnits>µg/ml</ConcentrationUnits><MolarConcentration>6.25</MolarConcentration><MolarConcUnits>nM</MolarConcUnits><MolecularWeight>0</MolecularWeight><Temperature>30</Temperature><StartTime>2914722</StartTime><AssayTime>180</AssayTime></CommonData><FlowRate>1000</FlowRate><StepType>ASSOC</StepType><StepName>Association</StepName><StepStatus>OK</StepStatus><ActualTime>180.001</ActualTime><CycleTime>0.2</CycleTime><AssayXData Points="900">OIAdRWuDHUWihh1F0okdRQWNHUU4kB1Fb5MdRZ6WHUXSmR1FBZ0dRTygHUVrox1FnqYdRdap
HUUFrR1FOLAdRW+zHUWith1F0rkdRQm9HUU4wB1Fb8MdRZ7GHUXSyR1FBc0dRTzQHUVr0x1F
ntYdRdLZHUUF3R1FOOAdRWvjHUWe5h1F0ukdRQXtHUU88B1Fa/MdRZ72HUXW+R1FCf0dRTgA
HkVrAx5FogYeRdIJHkUFDR5FPBAeRWsTHkWiFh5F0hkeRQkdHkU4IB5FayMeRZ4mHkXWKR5F
CS0eRTwwHkVrMx5FnjYeRdI5HkUFPR5FPEAeRW9DHkWeRh5F1kkeRQVNHkU4UB5Fb1MeRZ5W
HkXWWR5FBV0eRXVgHkVrYx5FnmYeRdZpHkUFbR5FOHAeRWtzHkWedh5F0nkeRQl9HkU4gB5F
a4MeRZ6GHkXSiR5FBY0eRTiQHkVrkx5FopYeRdKZHkUFnR5FOKAeRWujHkWiph5F0qkeRQmt
HkU4sB5Fa7MeRZ62HkXSuR5FCb0eRTjAHkVrwx5FnsYeRdLJHkUJzR5FONAeRW/THkWe1h5F
0tkeRQXdHkU44B5Fa+MeRZ7mHkXS6R5FBe0eRTjwHkVr8x5FnvYeRdL5HkUF/R5FPAAfRWsD
H0WiBh9F0gkfRQUNH0U8EB9FbxMfRaIWH0XWGR9FCR0fRTggH0VrIx9FniYfRdIpH0UFLR9F
ODAfRWszH0WiNh9F1jkfRQU9H0U4QB9Fb0MfRaJGH0XSSR9FBU0fRThQH0VvUx9FolYfRdZZ
H0UJXR9FPGAfRWtjH0WiZh9F0mkfRQltH0U4cB9Fb3MfRZ52H0XSeR9FBX0fRTiAH0Vrgx9F
noYfRdKJH0UJjR9FPJAfRWuTH0Welh9F0pkfRQWdH0XLoB9Fb6MfRZ6mH0XSqR9FBa0fRTiw
H0Vrsx9ForYfRdK5H0UFvR9FPMAfRWvDH0Wexh9F1skfRQXNH0U40B9Fa9MfRaLWH0XW2R9F
Bd0fRTzgH0Vr4x9FouYfRdLpH0UJ7R9FPPAfRWvzH0We9h9F1vkfRQX9H0U8ACBFawMgRZ4G
IEXSCSBFCQ0gRTwQIEVrEyBFohYgRdIZIEUFHSBFPCAgRWsjIEWeJiBF0ikgRQUtIEU4MCBF
bzMgRaI2IEXSOSBFBT0gRThAIEVrQyBFnkYgRdJJIEUJTSBFOFAgRWtTIEWiViBF0lkgRQVd
IEU4YCBFb2MgRZ5mIEXSaSBFBW0gRTxwIEVvcyBFnnYgRdJ5IEUJfSBFPIAgRW+DIEWehiBF
0okgRQmNIEU8kCBFb5MgRaKWIEXSmSBFBZ0gRTigIEVvoyBFoqYgRdKpIEUFrSBFPLAgRWuz
IEWitiBF0rkgRQW9IEU4wCBFa8MgRZ7GIEXSySBFCc0gRTjQIEVv0yBFntYgRdbZIEUJ3SBF
r+AgRWvjIEWe5iBF0ukgRQntIEU48CBFa/MgRaL2IEXW+SBFBf0gRTwAIUVrAyFFngYhRdIJ
IUUJDSFFPBAhRWsTIUWiFiFF0hkhRQkdIUU8ICFFayMhRZ4mIUXSKSFFBS0hRTwwIUVrMyFF
njYhRdI5IUUFPSFFPEAhRWtDIUWiRiFF0kkhRQlNIUU4UCFFa1MhRZ5WIUXWWSFFBV0hRThg
IUVrYyFFomYhRdJpIUUFbSFFOHAhRWtzIUWidiFF0nkhRQV9IUU4gCFFa4MhRZ6GIUXWiSFF
CY0hRTyQIUVvkyFFnpYhRdaZIUUFnSFFOKAhRW+jIUWepiFF0qkhRQWtIUU8sCFFa7MhRZ62
IUXWuSFFBb0hRTjAIUVrwyFFnsYhRdLJIUUJzSFFONAhRW/TIUWe1iFF1tkhRQXdIUU84CFF
b+MhRaLmIUXS6SFFBe0hRTzwIUVr8yFFnvYhRdL5IUUF/SFFOAAiRWsDIkWeBiJF1gkiRQkN
IkU4ECJFaxMiRaIWIkXSGSJFCR0iRXogIkVvIyJFniYiRdIpIkUFLSJFODAiRWszIkWeNiJF
0jkiRQU9IkU4QCJFa0MiRaJGIkXSSSJFBU0iRThQIkVrUyJFolYiRdZZIkUJXSJFOGAiRWtj
IkWeZiJF0mkiRQVtIkU4cCJFa3MiRZ52IkXSeSJFBX0iRTiAIkVvgyJFnoYiRdKJIkUJjSJF
OJAiRW+TIkWiliJF0pkiRQWdIkU4oCJFb6MiRZ6mIkXSqSJFBa0iRTiwIkVrsyJForYiRdK5
IkUFvSJFPMAiRWvDIkWexiJF1skiRQXNIkU40CJFa9MiRaLWIkXS2SJFBd0iRTzgIkVv4yJF
nuYiRdLpIkUJ7SJFOPAiRWvzIkWe9iJF0vkiRQn9IkU8ACNFawMjRaIGI0XSCSNFCQ0jRTgQ
I0VrEyNFnhYjRdYZI0UFHSNFOCAjRWsjI0WeJiNF0ikjRQUtI0U4MCNFazMjRZ42I0XSOSNF
BT0jRTxAI0VvQyNFokYjRdZJI0UFTSNFPFAjRWtTI0WeViNF0lkjRQVdI0WSYCNFa2MjRZ5m
I0XWaSNFCW0jRThwI0VvcyNFnnYjRdZ5I0UFfSNFOIAjRWuDI0WehiNF1okjRQWNI0U4kCNF
a5MjRZ6WI0XSmSNFBZ0jRTigI0VroyNFoqYjRdKpI0UJrSNFOLAjRW+zI0WetiNF0rkjRQW9
I0U4wCNFa8MjRZ7GI0XSySNFBc0jRTjQI0Vr0yNFntYjRdLZI0UJ3SNFOOAjRWvjI0We5iNF
0ukjRQXtI0U88CNFa/MjRZ72I0XW+SNFBf0jRTgAJEVrAyRFngYkRdIJJEUNDSRFOBAkRW8T
JEWeFiRF0hkkRQkdJEU4ICRFayMkRaImJEXSKSRFCS0kRTgwJEVrMyRFnjYkRdI5JEUJPSRF
OEAkRW9DJEWeRiRF0kkkRQVNJEU8UCRFa1MkRZ5WJEXSWSRFBV0kRThgJEVrYyRFnmYkRdJp
JEUFbSRFOHAkRWtzJEWediRF0nkkRQl9JEU4gCRFa4MkRZ6GJEXSiSRFCY0kRTiQJEVrkyRF
npYkRdaZJEUJnSRFq6AkRWujJEWepiRF0qkkRQWtJEU4sCRFa7MkRZ62JEXWuSRFBb0kRTjA
JEVrwyRFnsYkRdbJJEUJzSRFONAkRW/TJEWi1iRF0tkkRQXdJEU44CRFa+MkRaLmJEXS6SRF
Be0kRTzwJEVr8yRFovYkRdL5JEUJ/SRFOAAlRW8DJUWiBiVF1gklRQkNJUU4ECVFaxMlRZ4W
JUXSGSVFBR0lRTggJUVrIyVFoiYlRdYpJUUJLSVFODAlRWszJUWiNiVF0jklRQU9JUU4QCVF
a0MlRZ5GJUXWSSVFCU0lRThQJUVvUyVFnlYlRdZZJUUFXSVFOGAlRW9jJUWiZiVF0mklRQlt
JUU4cCVFa3MlRZ52JUXSeSVFCX0lRTyAJUVrgyVFooYlRdaJJUUFjSVFOJAlRWuTJUWiliVF
0pklRQWdJUU4oCVFa6MlRZ6mJUXSqSVFBa0lRTywJUVrsyVForYlRdK5JUUFvSVFPMAlRWvD
JUWixiVF1sklRQXNJUU40CVFa9MlRZ7WJUXS2SVFBd0lRYLgJUVr4yVFnuYlRdLpJUUJ7SVF
OPAlRXPzJUWe9iVF0vklRQn9JUU4ACZFbwMmRZ4GJkXSCSZFBQ0mRTgQJkVrEyZFnhYmRdIZ
JkUJHSZFOCAmRWsjJkWeJiZF1ikmRQUtJkU8MCZFbzMmRZ42JkXSOSZFCT0mRTxAJkVvQyZF
okYmRdJJJkUFTSZFPFAmRWtTJkWeViZF1lkmRQVdJkU4YCZFb2MmRZ5mJkXWaSZFCW0mRThw
JkVrcyZFnnYmRdJ5JkUFfSZFQIAmRWuDJkWehiZF0okmRQWNJkU4kCZFa5MmRZ6WJkXSmSZF
BZ0mRTigJkVroyZFnqYmRdKpJkUFrSZFOLAmRWuzJkWitiZF0rkmRQW9JkU8wCZFb8MmRZ7G
JkXSySZFBc0mRTjQJkVv0yZFntYmRdLZJkUJ3SZFOOAmRWvjJkWe5iZF1ukmRQXtJkU48CZF
a/MmRaL2JkXS+SZFBf0mRTwAJ0VrAydFngYnRdYJJ0UJDSdFPBAnRWsTJ0WeFidF0hknRQUd
J0XUICdFayMnRaImJ0XSKSdFCS0nRTwwJ0VrMydFnjYnRdY5J0UJPSdFOEAnRWtDJ0WeRidF
1kknRQlNJ0U8UCdFa1MnRaJWJ0XWWSdFBV0nRTxgJ0VrYydFnmYnRdJpJ0UFbSdFPHAnRW9z
J0WedidF1nknRQl9J0U8gCdFb4MnRZ6GJ0XSiSdFBY0nRTiQJ0VrkydFopYnRdKZJ0UFnSdF
OKAnRWujJ0WepidF0qknRQWtJ0U8sCdFa7MnRaK2J0XSuSdFCb0nRTjAJ0VrwydFnsYnRdLJ
J0UFzSdFONAnRWvTJ0We1idF2tknRQXdJ0U84CdFa+MnRaLmJ0XS6SdFCe0nRTjwJ0Vr8ydF
ovYnRdb5J0UF/SdFOAAoRW8DKEWeBihF0gkoRQUNKEU8EChFaxMoRZ4WKEXSGShFBR0oRTwg
KEVrIyhFoiYoRdIpKEUFLShFODAoRW8zKEWiNihF0jkoRQU9KEU8QChFa0MoRZ5GKEXSSShF
CU0oRThQKEVrUyhFnlYoRdZZKEUFXShFr2AoRWtjKEWeZihF0mkoRQVtKEU4cChFa3MoRZ52
KEXWeShFCX0oRTiAKEVrgyhFnoYoRdKJKEUJjShFOJAoRWuTKEWelihF0pkoRQWdKEU4oChF
a6MoRaKmKEXWqShFBa0oRTiwKEVvsyhForYoRdK5KEUJvShF</AssayXData><AssayYData Points="900">Hs2qQLsJq0D9P6tAUE2rQLN4q0A/c6tAgq6rQNaUq0AzlatApL+rQPnPq0Cfs6tAdNCrQNiu
q0B63KtAebWrQObKq0Blx6tATvKrQOEGrECAy6tAceGrQEPdq0DVBKxAOt+rQH3nq0D296tA
DuSrQDv7q0BR+atAFc2rQMj6q0CgL6xAp/arQLpErECRPaxA4g2sQMsQrEB1NaxAVy2sQJ0k
rECUAqxAlSisQLUorEBGRKxA1D2sQPIOrEBHQqxACkmsQHEgrEDUUaxA5i+sQLkZrEAkS6xA
vVSsQGRvrEDEVaxAITqsQOdgrEC7VaxApk+sQLRprEBzXKxA0kisQIpErEDmN6xAb0SsQIFr
rEAeYKxAdm2sQOhCrEAzZKxATHOsQEOUrEBveqxA3U2sQE5crEBZaKxA+p2sQLKNrEBAraxA
W5isQCmBrECCkqxAunGsQBKwrEBymKxAUoqsQNXFrEAanaxADKCsQEWYrEC4hKxAncKsQOmC
rEC/mqxAza2sQLadrEBQtqxAVdWsQI2ErEAnvqxAeKCsQCmbrEDGh6xASMmsQLexrEAqxKxA
DtGsQJvGrECot6xAZeGsQEDSrEB266xAIsWsQOHfrEBn1KxAHc6sQODFrEClxKxAONysQAnh
rEDO36xA/MCsQLHMrEBi1qxALtGsQITsrEAa36xAovGsQJEIrUC99KxAnc6sQGQDrUCIDa1A
//2sQLn9rEAq3axAp/SsQPLerECmHK1AZuOsQLgSrUBsCa1AJRqtQG7qrEBh9KxA2hatQMID
rUAB9qxAxw+tQAcQrUB4Ea1AWxKtQDQCrUD9Ea1AgBStQGAxrUD9Fq1AVxStQNoKrUC3Ha1A
Ky6tQBcQrUBPL61AIyytQMpVrUBgQK1AkDGtQBRPrUDSUa1ArEStQOw/rUDgNK1Ab0etQF11
rUCaTq1A/j6tQLdXrUB2Sq1AlUWtQFRYrUC3NK1A3EWtQABHrUAFca1AHU6tQAxVrUDrQq1A
qEutQFRJrUCfWa1AP0OtQKx8rUA1cq1AzpWtQANOrUAVZK1AEnutQBZTrUCXVq1A7lmtQJVf
rUAOfq1A5nWtQO5IrUCWcK1ALF2tQIxUrUBwW61AP4utQMSgrUDEfq1AF4qtQAdwrUCVbK1A
1oqtQEV+rUBZWa1An4mtQMKhrUAjmq1A32utQD6MrUDFiq1AXqCtQMmLrUCvmK1ARoytQPeh
rUAbsq1Arp+tQI2IrUA0r61AH5utQFWjrUDppa1A/ZmtQHLLrUCwta1AzZatQD25rUBCsq1A
U5GtQCjBrUDUua1AOKOtQMWQrUAh1K1AhbOtQDy9rUBDuK1An7mtQKS2rUBGsK1A37qtQLnH
rUD+fq1AVN+tQEHOrUCTp61AycGtQI/lrUDf0q1AjeOtQE7TrUCY5K1AVbetQBnHrUDw2K1A
ouqtQDDkrUBdza1AnaytQD3nrUDSz61AQ9mtQNngrUB64a1A9datQE32rUCU/a1AF+etQAoB
rkAl1q1AmQOuQD/rrUA0861AQvKtQDwdrkC1E65AMeStQOLxrUCD6K1AngeuQCnRrUAU9q1A
sAuuQOMMrkA4+q1AMPqtQN3orUAXA65AXgCuQG0mrkD6FK5ANQOuQMr2rUDKJ65AZRGuQGwP
rkA6/K1AMv+tQJH8rUCRF65A9wOuQIn7rUCC9q1AjhyuQNMGrkBgHa5AZiyuQHogrkAsH65A
Nv2tQNwkrkBGCa5AzTOuQEw3rkALHq5AmRKuQJ82rkA4VK5AFiiuQC0grkDdMa5ArjOuQIg5
rkBIMK5ANSeuQNwarkBlIq5ALy2uQE1NrkC0M65AxTKuQCArrkBXUq5ABUKuQKNIrkB4M65A
nCauQJtBrkA1Uq5AuFeuQHo9rkAITa5AkiquQABCrkC6Xq5AzS2uQFdlrkDrXK5AM0quQFhE
rkD/N65ALEeuQHxErkAFUa5ANlauQDJYrkC3SK5AgF6uQHYxrkCHUq5Au1uuQEJGrkB2aq5A
2m2uQNBcrkBmWq5A+kuuQGJcrkDBe65A7k+uQCRQrkBVdq5ArFiuQB5VrkCmW65AU3yuQKBd
rkATUa5AQHCuQHhVrkCZYq5AGnuuQMSRrkDVca5As1OuQCt+rkDKb65APneuQNd0rkDwkq5A
w4GuQFp4rkAWcq5ADGquQFCGrkDtfa5AX6CuQOilrkAyca5AG5uuQIORrkAcmq5AcLauQOKH
rkAala5ARZeuQNm0rkB3j65Az7uuQOaVrkBoq65AnJeuQK2TrkBCga5At7OuQMOxrkCEn65A
o56uQA6IrkDSja5AiqGuQGeqrkAEiK5AjamuQEOrrkCKq65AKKWuQMerrkC64K5A6JWuQKKj
rkDYua5ABJOuQJe6rkATwa5Aeb6uQNWrrkC72a5AUaauQFK1rkCXx65AiMOuQFCUrkDy5a5A
OuauQJK1rkB8z65AtsmuQKi3rkDEx65AKcCuQGHcrkCd3K5AEAGvQEHNrkC8pq5AZdSuQBzG
rkDEoq5A2LuuQDDRrkBp7K5ASsWuQAHurkAmxa5AzbyuQDDorkCr265Ac7+uQGvbrkBE3q5A
4gWvQF77rkCh/q5A2+euQKT3rkABxK5AftyuQCLYrkCV6a5Arf+uQBEEr0A3Bq9AgLuuQIzP
rkBj9q5AaL+uQIz6rkDp2a5AS/muQLTyrkCK+K5Axg+vQOMBr0DYAa9AQwuvQAngrkCZ8K5A
EdGuQBjqrkAz/65ALxyvQNkCr0CP465ALSKvQEL8rkAm165AAPGuQOMHr0B6BK9ABeOuQFYV
r0DeEK9AFfeuQHDurkAc7q5AWxqvQFj3rkDN/K5AMxqvQKMCr0CqEa9AE/auQF0Rr0BBHK9A
1fWuQCcRr0BCJK9AfguvQNEQr0BUCK9A/jGvQDYKr0BkYq9AXhSvQEwQr0A5KK9Akx+vQLsc
r0AyFK9AIzSvQNYqr0BhKa9AwEGvQEIZr0CpHq9ANCuvQKQ4r0CSH69Ajh2vQHI8r0C1Da9A
sUevQLAzr0CJKa9AWhyvQNM1r0DVIK9ApiSvQFMrr0CZNK9A4ECvQJIjr0ATPq9A8DqvQOY8
r0BtJq9AYwmvQKtjr0DcLq9AkVmvQDohr0ArSK9AwzOvQMRFr0CXN69AzTKvQIprr0BqbK9A
g0mvQJJWr0ASYa9AZkmvQKpgr0A/a69ANV6vQNJmr0DCZK9AYkKvQMlXr0CKUK9AMEivQN5e
r0DUUK9AIE6vQPlWr0ABdK9AbIavQJ1Ir0AdYa9AzXSvQH+Or0AVS69As2avQKJur0BOQK9A
V3ivQLp2r0ApX69ADl+vQGZbr0CMa69AGYevQGKLr0DRnK9AXFavQPV+r0AYZa9AqZCvQLF2
r0Ddn69AmV2vQDGTr0Dthq9AYH+vQCiZr0Ceaa9Aw4yvQPR4r0Ach69AjVqvQMdwr0BPda9A
2YGvQKOSr0DEl69AN6evQHR9r0BDi69AdIevQA6Br0Aeea9AtXevQLB8r0Aquq9AEnqvQJKH
r0CTj69ATpSvQEmrr0B+bK9AlKqvQPiVr0Dliq9ANoavQDiOr0CGuK9AkYuvQNeJr0Aqf69A
RaOvQDyur0CReq9AHquvQNCdr0CRm69A3pGvQEWNr0CnrK9APp+vQN6cr0Ctlq9AGp+vQHSk
r0C6g69AisuvQJ+Yr0B4rq9AKm+vQFmbr0CfpK9A/YWvQA+Zr0C9mK9A+66vQCS3r0Bzsa9A
EcGvQAKgr0Dfu69AOKqvQFqRr0B0vK9AmMKvQEnKr0DsoK9Aws2vQAqvr0DTxa9Aa6SvQG66
r0CM5q9AhJWvQMGgr0Bv2K9AcsivQHONr0Bbna9Apr2vQOrRr0AjtK9AkrivQOTVr0CBv69A
pOKvQBfRr0CLtq9Apr6vQCXIr0Alxq9AKOKvQF6+r0Dvy69ADsOvQMH8r0Di669A3MSvQP/f
r0A6169ASL2vQIzcr0C01q9AKrevQLzgr0BOya9ASu2vQAn4r0CA5K9AYuivQFrTr0Crt69A
d6mvQHgYsED3zq9AddmvQNwFsECS2K9Ai9mvQFzTr0CBxa9AFwewQDP2r0CrA7BAhNmvQOL7
r0D63K9AeuWvQK74r0BT1a9A3tKvQIfmr0Dx469A9xewQKT2r0BJ1a9A1PavQErVr0AN/a9A
HfqvQHQqsED/0K9AEvOvQG/sr0At9q9AIfOvQAQGsEDC769A2BuwQBoCsEAB9K9A0/OvQF8A
sEDLA7BAzRawQCwfsECD/q9AKxSwQEfrr0Cg769AyQGwQHf1r0By/q9Avw6wQBMYsEDrCLBA
n/2vQPQnsEB5BrBAxy6wQMnur0CwDLBAnRWwQBIRsEB1HrBALy6wQIcXsEBVG7BAxBewQC0f
sECsGrBAYzuwQNkMsECs769AWxqwQJ8esEAE+a9AVR6wQBv8r0B3E7BAPguwQGcHsEAqArBA
2g6wQCMysECYELBAFjCwQB0IsEAPBbBAIjOwQKIcsEDAI7BALhCwQFT+r0BQJLBA3BOwQE02
sEApHbBA5h6wQF4EsEBvNrBAxDewQAIhsEBDTbBA6xOwQAwusEAWP7BA/R+wQKYcsEDqTLBA
3GOwQHRKsEClDLBAl0OwQPAWsEDnIbBAlCqwQL8psEBLN7BAt0ewQMZPsECl969ArCawQAgt
sEAYXLBAHyewQCtHsEDdQrBAzi6wQP1HsECrPLBAIDGwQBhbsEAAOLBARjqwQHknsEA/abBA
UFqwQHdQsECkCrBA1S2wQBJYsEBRQ7BA/FawQLZksEDMOLBA</AssayYData></Step><Step><CommonData><SampleLocation>1</SampleLocation><SampleID>Octet Buffer</SampleID><SampleGroup></SampleGroup><SampleInfo></SampleInfo><SampleRow>K</SampleRow><SamplePlate>1</SamplePlate><WellType>BUFFER</WellType><Concentration>-1</Concentration><ConcentrationUnits>µg/ml</ConcentrationUnits><MolarConcentration>-1</MolarConcentration><MolarConcUnits>nM</MolarConcUnits><MolecularWeight>0</MolecularWeight><Temperature>30</Temperature><StartTime>3102799</StartTime><AssayTime>300</AssayTime></CommonData><FlowRate>1000</FlowRate><StepType>DISASSOC</StepType><StepName>Dissociation</StepName><StepStatus>OK</StepStatus><ActualTime>300.001</ActualTime><CycleTime>0.2</CycleTime><AssayXData Points="1500">PMAoRXPDKEWixihF2skoRQnNKEU80ChFb9MoRaLWKEXa2ShFDd0oRTzgKEVv4yhFpuYoRdbp
KEUJ7ShFPPAoRW/zKEWi9ihF1vkoRQ39KEU8AClFbwMpRaIGKUXWCSlFDQ0pRTwQKUVvEylF
phYpRdoZKUUJHSlFPCApRW8jKUWiJilF1ikpRQ0tKUVAMClFczMpRaI2KUXaOSlFCT0pRTxA
KUVvQylFpkYpRdZJKUUNTSlFPFApRXNTKUWiVilF1lkpRQ1dKUU8YClFb2MpRaJmKUXWaSlF
CW0pRUBwKUVzcylFpnYpRdZ5KUUJfSlFQIApRW+DKUWmhilF1okpRQmNKUU8kClFb5MpRaKW
KUXamSlFCZ0pRTygKUVvoylFoqYpRdqpKUUNrSlFPLApRW+zKUWitilF1rkpRQm9KUU8wClF
c8MpRaLGKUXWySlFDc0pRTzQKUVv0ylFotYpRdrZKUUJ3SlFPOApRW/jKUWi5ilF1ukpRQnt
KUU88ClFc/MpRaL2KUXa+SlFCf0pRUAAKkVvAypFogYqRdoJKkUJDSpFPBAqRW8TKkWiFipF
1hkqRQkdKkU8ICpFbyMqRaImKkXaKSpFDS0qRUAwKkVvMypFpjYqRdY5KkUNPSpFPEAqRW9D
KkWiRipF2kkqRQlNKkU8UCpFc1MqRaZWKkXWWSpFCV0qRUBgKkVzYypFpmYqRdZpKkUNbSpF
PHAqRXNzKkWidipF2nkqRQl9KkU8gCpFb4MqRaKGKkXWiSpFCY0qRTyQKkVvkypFopYqRdqZ
KkUJnSpFPKAqRXOjKkWipipF2qkqRQmtKkU8sCpFb7MqRaa2KkXWuSpFCb0qRTzAKkVvwypF
psYqRdbJKkUJzSpFQNAqRW/TKkWi1ipF2tkqRQndKkU84CpFb+MqRaLmKkXW6SpFCe0qRUDw
KkVv8ypFovYqRdb5KkUN/SpFPAArRXMDK0WiBitF1gkrRQ0NK0U8ECtFbxMrRaIWK0XWGStF
DR0rRTwgK0VvIytFpiYrRdYpK0UJLStFPDArRXMzK0WiNitF2jkrRQ09K0U8QCtFb0MrRaZG
K0XaSStFCU0rRTxQK0VvUytFplYrRdZZK0UJXStFPGArRW9jK0WiZitF2mkrRQ1tK0VAcCtF
b3MrRaJ2K0XaeStFDX0rRTyAK0VzgytFpoYrRdaJK0UJjStFQJArRW+TK0WmlitF2pkrRQmd
K0U8oCtFc6MrRaamK0XaqStFCa0rRTywK0VvsytForYrRdq5K0UNvStFQMArRXPDK0WmxitF
1skrRQ3NK0VA0CtFc9MrRaLWK0Xa2StFCd0rRUDgK0Vz4ytFouYrRdbpK0UJ7StFQPArRXPz
K0Wm9itF2vkrRQ39K0VAACxFbwMsRaIGLEXWCSxFCQ0sRTwQLEVvEyxFohYsRdoZLEUJHSxF
PCAsRW8jLEWiJixF1iksRQktLEU8MCxFbzMsRaY2LEXaOSxFDT0sRUBALEVvQyxFokYsRdZJ
LEUNTSxFPFAsRW9TLEWiVixF1lksRQ1dLEU8YCxFb2MsRaZmLEXWaSxFDW0sRTxwLEVvcyxF
onYsRdZ5LEUNfSxFPIAsRXODLEWihixF1oksRQmNLEVAkCxFb5MsRaKWLEXamSxFCZ0sRUCg
LEVzoyxFoqYsRdapLEUNrSxFPLAsRW+zLEWitixF1rksRQm9LEU8wCxFb8MsRaLGLEXWySxF
Dc0sRTzQLEVv0yxFotYsRdbZLEUN3SxFPOAsRW/jLEWm5ixF1uksRQntLEVA8CxFc/MsRab2
LEXW+SxFCf0sRUAALUVzAy1FogYtRdoJLUUNDS1FPBAtRW8TLUWmFi1F1hktRQ0dLUVAIC1F
byMtRaImLUXWKS1FCS0tRTwwLUVvMy1FojYtRdY5LUUNPS1FQEAtRW9DLUWiRi1F1kktRQlN
LUU8UC1Fb1MtRaZWLUXaWS1FCV0tRUBgLUVvYy1FomYtRdppLUUJbS1FQHAtRW9zLUWidi1F
1nktRQ19LUVAgC1Fb4MtRaKGLUXWiS1FCY0tRTyQLUVzky1FopYtRdaZLUUNnS1FQKAtRXOj
LUWmpi1F1qktRQ2tLUVAsC1Fc7MtRaK2LUXWuS1FDb0tRTzALUVzwy1Fq8YtRdbJLUUJzS1F
PNAtRW/TLUWm1i1F2tktRQndLUU84C1Fc+MtRaLmLUXW6S1FCe0tRUDwLUVv8y1FpvYtRdb5
LUUJ/S1FPAAuRW8DLkWiBi5F1gkuRQ0NLkU8EC5FcxMuRaIWLkXWGS5FCR0uRTwgLkVzIy5F
piYuRdopLkUJLS5FQDAuRXMzLkWiNi5F1jkuRQk9LkVAQC5Fb0MuRaJGLkXWSS5FCU0uRTxQ
LkVvUy5FolYuRdZZLkUJXS5FPGAuRXNjLkWmZi5F2mkuRQltLkVAcC5Fb3MuRaJ2LkXaeS5F
DX0uRTyALkVvgy5FpoYuRdaJLkUNjS5FPJAuRW+TLkWili5F1pkuRQ2dLkU8oC5Fb6MuRaam
LkXWqS5FCa0uRTywLkVvsy5FprYuRda5LkUNvS5FQMAuRXPDLkWixi5F1skuRQ3NLkU80C5F
b9MuRaLWLkXW2S5FCd0uRUDgLkVv4y5FouYuRdrpLkUJ7S5FPPAuRW/zLkWm9i5F2vkuRQn9
LkU8AC9FbwMvRaIGL0XaCS9FCQ0vRUAQL0VzEy9FphYvRdYZL0UJHS9FPCAvRW8jL0WmJi9F
1ikvRQktL0VAMC9FbzMvRaY2L0XaOS9FDT0vRUBAL0VzQy9FpkYvRdZJL0UJTS9FPFAvRXNT
L0WiVi9F1lkvRQ1dL0VAYC9Fc2MvRaZmL0XWaS9FCW0vRTxwL0Vzcy9FpnYvRdZ5L0UJfS9F
PIAvRW+DL0Wihi9F1okvRQ2NL0U8kC9Fc5MvRaKWL0XWmS9FCZ0vRUCgL0Vzoy9FoqYvRdap
L0UNrS9FPLAvRXOzL0Witi9F1rkvRQ29L0U8wC9Fc8MvRabGL0XWyS9FDc0vRTzQL0Vv0y9F
otYvRdrZL0UJ3S9FPOAvRW/jL0Wi5i9F1ukvRQntL0U88C9Fc/MvRaL2L0XW+S9FCf0vRUAA
MEVvAzBFogYwRdYJMEUNDTBFPBAwRXcTMEWiFjBF1hkwRQkdMEU8IDBFbyMwRaImMEXaKTBF
DS0wRTwwMEVzMzBFqzYwRdo5MEUJPTBFPEAwRXNDMEWiRjBF2kkwRQlNMEVAUDBFb1MwRaZW
MEXWWTBFDV0wRTxgMEVzYzBFomYwRdppMEUNbTBFPHAwRXNzMEWmdjBF1nkwRQl9MEVAgDBF
b4MwRaaGMEXaiTBFCY0wRTyQMEVzkzBFppYwRdaZMEUNnTBFPKAwRW+jMEWipjBF1qkwRQmt
MEU8sDBFb7MwRaa2MEXauTBFCb0wRTzAMEVzwzBFpsYwRdbJMEUJzTBFQNAwRXPTMEWi1jBF
1tkwRQndMEVA4DBFb+MwRaLmMEXW6TBFCe0wRTzwMEVv8zBFpvYwRdr5MEUJ/TBFQAAxRW8D
MUWmBjFF1gkxRQkNMUU8EDFFbxMxRaYWMUXWGTFFDR0xRTwgMUVvIzFFoiYxRdopMUUNLTFF
PDAxRXMzMUWiNjFF1jkxRQ09MUVAQDFFc0MxRaJGMUXWSTFFCU0xRUBQMUVvUzFFolYxRdpZ
MUUJXTFFPGAxRW9jMUWiZjFF1mkxRQltMUU8cDFFc3MxRaJ2MUXaeTFFCX0xRUCAMUVzgzFF
ooYxRdqJMUUJjTFFQJAxRW+TMUWiljFF1pkxRQ2dMUU8oDFFb6MxRaamMUXWqTFFDa0xRUCw
MUVvszFFprYxRdq5MUUNvTFFQMAxRW/DMUWixjFF1skxRQnNMUU80DFFc9MxRabWMUXW2TFF
Dd0xRTzgMUVv4zFFouYxRdbpMUUN7TFFPPAxRXPzMUWi9jFF1vkxRQn9MUVAADJFcwMyRaYG
MkXWCTJFCQ0yRTwQMkVvEzJFphYyRdYZMkUJHTJFQCAyRW8jMkWiJjJF2ikyRQktMkVAMDJF
bzMyRaI2MkXaOTJFDT0yRUBAMkVzQzJFokYyRdZJMkUJTTJFPFAyRXNTMkWiVjJF2lkyRQld
MkU8YDJFb2MyRaZmMkXWaTJFDW0yRUBwMkVvczJFonYyRdZ5MkUJfTJFPIAyRW+DMkWihjJF
1okyRQmNMkVAkDJFb5MyRaaWMkXWmTJFCZ0yRUCgMkVvozJFoqYyRdqpMkUJrTJFQLAyRXOz
MkWmtjJF1rkyRQm9MkU8wDJFc8MyRaLGMkXayTJFDc0yRTzQMkVv0zJFotYyRdbZMkUJ3TJF
POAyRW/jMkWi5jJF1ukyRQntMkU88DJFb/MyRaL2MkXW+TJFDf0yRTwAM0VzAzNFogYzRdYJ
M0UNDTNFQBAzRXMTM0WmFjNF1hkzRQkdM0VAIDNFcyMzRaImM0XaKTNFDS0zRTwwM0VvMzNF
pjYzRdY5M0UNPTNFREAzRW9DM0WmRjNF1kkzRQ1NM0VAUDNFb1MzRaZWM0XWWTNFDV0zRTxg
M0VzYzNFomYzRdppM0UNbTNFPHAzRXNzM0WidjNF2nkzRQl9M0U8gDNFb4MzRaaGM0XWiTNF
DY0zRTyQM0VvkzNFopYzRdqZM0UJnTNFPKAzRXOjM0WipjNF1qkzRQmtM0VAsDNFb7MzRaa2
M0XWuTNFCb0zRTzAM0VvwzNFpsYzRdrJM0UJzTNFPNAzRW/TM0Wi1jNF1tkzRQndM0U84DNF
b+MzRaLmM0XW6TNFDe0zRUDwM0Vz8zNFovYzRdr5M0UJ/TNFPAA0RXMDNEWiBjRF2gk0RQkN
NEU8EDRFbxM0RaIWNEXWGTRFCR00RTwgNEVzIzRFoiY0RdYpNEUNLTRFQDA0RW8zNEWmNjRF
1jk0RQk9NEU8QDRFb0M0RaZGNEXWSTRFDU00RUBQNEVvUzRFolY0RdZZNEUJXTRFQGA0RXNj
NEWmZjRF1mk0RQ1tNEVAcDRFb3M0RaJ2NEXWeTRFCX00RUCANEVvgzRFooY0RdaJNEUNjTRF
PJA0RW+TNEWiljRF2pk0RQmdNEVAoDRFb6M0RaKmNEXWqTRFCa00RTywNEVzszRForY0Rdq5
NEUJvTRFPMA0RW/DNEWixjRF2sk0RQnNNEU80DRFb9M0RabWNEXa2TRFCd00RTzgNEVz4zRF
puY0RdrpNEUN7TRFPPA0RW/zNEWi9jRF1vk0RQ39NEU8ADVFcwM1RaYGNUXWCTVFCQ01RUAQ
NUVvEzVFohY1RdYZNUUJHTVFQCA1RW8jNUWiJjVF2ik1RQktNUVAMDVFbzM1RaI2NUXaOTVF
DT01RTxANUVzQzVFokY1RdpJNUUJTTVFPFA1RW9TNUWmVjVF1lk1RQldNUVAYDVFc2M1RaJm
NUXWaTVFCW01RTxwNUVvczVFpnY1RdZ5NUUJfTVFPIA1RW+DNUWihjVF1ok1RQmNNUVAkDVF
b5M1RaKWNUXamTVFCZ01RUCgNUVvozVFpqY1RdqpNUUJrTVFQLA1RW+zNUWitjVF1rk1RQ29
NUU8wDVFb8M1RaLGNUXWyTVFCc01RTzQNUVv0zVFotY1RdbZNUUJ3TVFPOA1RW/jNUWi5jVF
1uk1RQntNUVA8DVFc/M1Rab2NUXa+TVFDf01RTwANkVzAzZFpgY2RdYJNkUNDTZFPBA2RW8T
NkWmFjZF1hk2RQkdNkVAIDZFcyM2RaImNkXWKTZFCS02RUAwNkVzMzZFojY2Rdo5NkUJPTZF
PEA2RW9DNkWiRjZF1kk2RQlNNkU8UDZFc1M2RaJWNkXWWTZFDV02RUBgNkVvYzZFomY2RdZp
NkUJbTZFQHA2RW9zNkWidjZF1nk2RQ19NkU8gDZFb4M2RaKGNkXWiTZFDY02RTyQNkVvkzZF
opY2RdqZNkUJnTZFPKA2RW+jNkWipjZF1qk2RQmtNkU8sDZFb7M2Raa2NkXWuTZFDb02RUDA
NkVvwzZFpsY2RdrJNkUNzTZFPNA2RXPTNkWm1jZF2tk2RQndNkU84DZFb+M2RaLmNkXa6TZF
Ce02RTzwNkVz8zZFovY2Rdr5NkUJ/TZFPAA3RXMDN0WiBjdF1gk3RQ0NN0VAEDdFbxM3RaIW
N0XWGTdFCR03RTwgN0VzIzdFoiY3RdopN0UJLTdFPDA3RW8zN0WmNjdF2jk3RQk9N0U8QDdF
b0M3RaZGN0XWSTdFDU03RTxQN0VvUzdFolY3RdZZN0UNXTdFPGA3RW9jN0WmZjdF1mk3RQ1t
N0VAcDdFb3M3RaZ2N0XaeTdFDX03RTyAN0VvgzdFooY3RdaJN0UJjTdFPJA3RW+TN0WiljdF
2pk3RQmdN0U8oDdFc6M3RaKmN0XWqTdFCa03RTywN0VzszdFprY3Rda5N0UNvTdFQMA3RW/D
N0WixjdF1sk3RQnNN0VA0DdFb9M3RaLWN0Xa2TdFCd03RTzgN0Vz4zdFpuY3RdrpN0UJ7TdF
QPA3RW/zN0Wi9jdF1vk3RQn9N0U8ADhFbwM4RaYGOEXaCThFDQ04RTwQOEVvEzhFohY4RdYZ
OEUJHThFQCA4RW8jOEWmJjhF1ik4RQ0tOEU8MDhFbzM4RaI2OEXWOThFCT04RTxAOEVvQzhF
pkY4RdpJOEUJTThFQFA4RW9TOEWiVjhF1lk4RQ1dOEU8YDhFc2M4RaZmOEXWaThFDW04RUBw
OEVzczhFonY4Rdp5OEUJfThFQIA4RXODOEWmhjhF1ok4RQ2NOEU8kDhFb5M4RaaWOEXWmThF
CZ04RUCgOEVzozhFoqY4RdapOEUJrThFPLA4RW+zOEWitjhF1rk4RQ29OEVAwDhFb8M4RaLG
OEXWyThFCc04RTzQOEVv0zhFotY4RdrZOEUN3ThFQOA4RW/jOEWm5jhF2uk4RQntOEU88DhF
b/M4RaL2OEXa+ThFCf04RUAAOUVvAzlFogY5RdoJOUUJDTlFPBA5RXMTOUWmFjlF2hk5RQkd
OUU8IDlFcyM5RaImOUXWKTlFCS05RUAwOUVzMzlFojY5RdY5OUUJPTlFPEA5RW9DOUWiRjlF
1kk5RQ1NOUU8UDlFc1M5RaZWOUXWWTlFCV05RTxgOUVvYzlFomY5RdZpOUUNbTlFPHA5RW9z
OUWidjlF1nk5RQl9OUVAgDlFc4M5RaaGOUXWiTlFCY05RUCQOUVzkzlFopY5RdaZOUUNnTlF
PKA5RW+jOUWipjlF1qk5RQ2tOUU8sDlFb7M5RaK2OUXauTlFCb05RUDAOUVvwzlFpsY5RdrJ
OUUJzTlFQNA5RXPTOUWm1jlF2tk5RQ3dOUU84DlFb+M5RaLmOUXa6TlFCe05RTzwOUVv8zlF
pvY5Rdb5OUUJ/TlFPAA6RXMDOkWmBjpF2gk6RQ0NOkU8EDpFcxM6RaYWOkXaGTpFCR06RUAg
OkVzIzpFoiY6RdopOkUJLTpFPDA6RW8zOkWmNjpF1jk6RQk9OkVAQDpFc0M6RaZGOkXWSTpF
DU06RTxQOkVzUzpFolY6RdZZOkUJXTpFPGA6RW9jOkWiZjpF1mk6RQltOkU8cDpFb3M6RaJ2
OkXaeTpFCX06RTyAOkVvgzpFooY6RdaJOkUNjTpFPJA6RW+TOkWmljpF2pk6RQ2dOkU8oDpF
c6M6RaKmOkXWqTpFCa06RTywOkVvszpFprY6Rda5OkUJvTpFPMA6RXPDOkWmxjpF1sk6RQnN
OkU80DpFc9M6RaLWOkXW2TpFCd06RUDgOkVz4zpFouY6RdrpOkUN7TpFQPA6RW/zOkWi9jpF
2vk6RQ39OkVAADtFcwM7RaYGO0XaCTtFDQ07RUAQO0VvEztFphY7RdYZO0UJHTtFQCA7RW8j
O0WiJjtF1ik7RQ0tO0U8MDtFczM7RaY2O0XaOTtFCT07RTxAO0VzQztFokY7RdZJO0UJTTtF
PFA7RW9TO0WmVjtF1lk7RQldO0VAYDtFb2M7RaZmO0XaaTtFCW07RTxwO0VvcztFonY7Rdp5
O0UNfTtF</AssayXData><AssayYData Points="1500">OZqvQHS3r0AYza9AHp2vQMfTr0AJ3q9AvcqvQHPYr0B14K9AL+CvQLi9r0B07a9AU/KvQGu8
r0A9469ATRWwQO/1r0CV7K9AJu6vQO7Vr0DN669A+auvQHnMr0Bc169AP9SvQMPVr0D0/a9A
e8OvQJrMr0Ahta9A7vevQFLlr0CTrK9Au8mvQAW/r0AA069As7uvQIKxr0DTsK9AR7SvQNG7
r0AmnK9AEdivQPmyr0DDua9AicGvQB+nr0D61q9AerivQHLor0Bjt69AX8evQBKyr0B5xK9A
QryvQNOrr0AIya9A55qvQBehr0C/1K9ARo6vQGTNr0Bp569A/6OvQN2nr0Aaua9AzcavQAfs
r0AHxK9A8rSvQFKdr0COmq9AMLWvQBq+r0BSrK9AFLyvQB2ir0AQkq9AuMGvQMK5r0D+wK9A
Xr+vQA2Ir0CAu69AvbavQE+gr0AVoq9AKKevQBCbr0CnYK9AS5uvQEmOr0BomK9AnJuvQNGn
r0A/r69A9ZSvQKShr0Dig69AOmyvQI+Dr0Aqg69AYX+vQLm5r0Djla9AQqCvQLV9r0BjjK9A
1JOvQK1+r0Ckdq9ApnCvQGOAr0C6mq9A0I+vQDeXr0BUpa9A3bOvQP+er0BKlK9AZ6mvQF6E
r0BasK9ADZivQPJcr0AXma9AtZyvQISLr0AVia9AgJevQO5yr0AYqa9AcW2vQD6Or0CCi69A
n3evQGiAr0BBdK9Ai6qvQIV+r0Bse69AonqvQJWhr0DJe69ATIyvQEF9r0D9fq9AV4WvQLqT
r0BRjK9A2KWvQIacr0A+e69A1nOvQCygr0AwgK9A0I2vQHxsr0CLiq9As1yvQHFgr0CPja9A
/FqvQFWXr0BJoa9ADHKvQLlnr0Alk69ANJWvQBh9r0CefK9ACXavQHVhr0BSh69ASFyvQBJa
r0Bzc69Aw56vQPyWr0CHZK9A+n2vQK9lr0BLa69AX3qvQGhir0C+ha9A9XevQE2Dr0Aika9A
C2yvQCR9r0CCS69AJG+vQMKDr0CnY69AHXCvQGt2r0ARU69ANHmvQJaNr0Dqha9Au1ivQMx8
r0D9Wq9AaHyvQHWJr0A/dq9ANICvQMh6r0B0UK9AFYavQCNNr0AGdq9AL5evQK96r0AUia9A
CHqvQF1pr0AFiq9ALXqvQOJjr0D6Oa9Ag4+vQHecr0A9ha9APYKvQAKDr0AZpq9AinKvQN5e
r0BjXK9AfF6vQHZ1r0BQe69ARmOvQM+Ir0BPP69A55uvQANxr0CQQ69AB3avQJN4r0B/V69A
jHqvQJZer0BQeq9A9TyvQMqCr0B3WK9Awm6vQK9Xr0AnXa9Ah3+vQBRwr0A+ea9AzEevQMaX
r0DOSa9AOIWvQO1xr0BPf69A7WqvQCB7r0BegK9AWWSvQG6Er0DzXq9AiEGvQLVur0B7eK9A
n4yvQP1Kr0D2YK9A5Z6vQJNTr0ATlK9AOYyvQLCCr0BHgq9AYFmvQI9fr0CvfK9ANnuvQB2I
r0B4Xa9ATnevQDVer0AdQa9A5XavQASHr0BgUK9AS2SvQMqer0CEZa9ASoGvQIWHr0AphK9A
UYivQHRYr0DDja9A0pyvQDpmr0DChq9AeVivQFiAr0DAga9A9W6vQMZpr0AihK9AkVCvQB5s
r0AGca9Aq3OvQJVxr0B0ha9AoGyvQIFer0A6bK9ADJivQBZyr0Cyha9AGlSvQCNRr0DLfq9A
2omvQKJbr0B1fq9A0JyvQK1or0Bicq9AkpOvQN5or0ApX69AiXOvQFhor0Bxe69AbnWvQANS
r0BUf69Azm2vQLdHr0B6b69AyH2vQNuJr0CxTK9Au2yvQOp6r0Ajb69ALH+vQGVWr0CKY69A
+J+vQEJ9r0APY69AvYKvQM+Tr0ALhq9AIWavQFR2r0A5Ya9Aem2vQAlZr0CCda9Ah2KvQBh1
r0C2fa9AXZKvQHyRr0BMeK9AeV2vQP14r0BhZ69A0WevQHFmr0CEhK9AHIivQKRsr0Aaj69A
j3KvQMhZr0A2ka9AOG+vQJBhr0DRaa9A1amvQGhxr0AXi69AhHCvQBBYr0B7i69AylKvQJRa
r0Cjeq9AppuvQI1/r0BhZq9A2FuvQCCUr0B7Wq9AXV+vQEaBr0AmZ69APXCvQON6r0DLbq9A
mGSvQDV4r0D1Z69AoE6vQMuCr0BrdK9AalmvQEGfr0C1hK9AsmCvQEN3r0CRga9A8YSvQH9y
r0BBbq9Af3OvQAdvr0B4hK9AAIuvQDedr0CKbK9AAp2vQK5sr0Bjaq9AX3uvQGxvr0BEga9A
yIyvQHJzr0Cxfa9Ag3KvQC9xr0AXXK9AtouvQFher0CoVq9AMoSvQIicr0B7cK9A0XivQGh8
r0CLeK9ABZavQGFzr0Bkca9AbV6vQPiBr0Bae69A5VSvQL+Zr0BQdK9A8V6vQIear0AtqK9A
UH2vQBKSr0DEmK9Ah1+vQANqr0C6Qa9AnI6vQAF9r0D4ka9AiKCvQKVxr0D+mq9A3VyvQO1e
r0BTla9AUXCvQFlzr0CftK9A8oqvQCGNr0DYfq9A/2SvQHZpr0AGka9AjoWvQOJ/r0BIca9A
3ZuvQI12r0AvWq9Ak46vQJ16r0A9pa9AlIuvQGVir0CCXK9AR42vQOFwr0D9dK9A7qOvQGyc
r0B8i69AIYavQF+Fr0Cbk69ACYSvQCmLr0Bkd69AzoevQEWTr0ADcq9Ar3ivQNJ8r0BDhK9A
fnuvQMx+r0B9mq9ATGSvQEeer0Csr69A12+vQN5/r0Byf69AlIWvQIZ5r0D5ja9ApJyvQPSZ
r0AYlK9AY7uvQK16r0DQe69A55avQPSPr0C2i69A+I6vQJyer0BVqK9ABbyvQJCAr0DvTK9A
KYuvQBi6r0BMbq9AY5uvQB6Ir0DKaK9AY4CvQMier0DGfq9AcoKvQDuir0Brba9ARY2vQDaf
r0DrnK9AInmvQHSkr0AHYq9AeXivQPqQr0Auc69A6p6vQJN3r0CAga9AtYSvQFaSr0A9eK9A
UGmvQNSIr0Adjq9AhqWvQGhrr0Dtr69ADI2vQPiBr0Aotq9AQYSvQKGDr0AZja9AbXavQHuM
r0A5kq9AnqSvQGSir0Azl69AWHSvQBaTr0Djta9AkI6vQDJor0BKsq9ACZavQAyQr0D2o69A
RaSvQEZ2r0C1nK9AH5yvQJ68r0BKhq9AP5+vQB2Er0AYbK9AUoevQAaXr0BHmK9AFZGvQGmI
r0Bog69A8H+vQHCYr0BGlq9ArqCvQAiMr0Blrq9AJIyvQNmlr0CGla9AM5GvQNZjr0DWfK9A
SZuvQNeYr0AIlK9A+JevQFizr0DPjK9AP6KvQA+Nr0CsrK9A16uvQMder0B3oq9ApJOvQHyS
r0A9lK9AbZSvQDGEr0A2ja9A9aKvQAisr0CInq9AGMGvQKSjr0CXrq9AdamvQLmTr0AoiK9A
bMWvQJV/r0B5lq9A2pivQP+cr0BZj69A26mvQO6Mr0BGs69A+66vQDi/r0B0j69AiqivQGC+
r0CwqK9A75SvQE2Zr0BNnK9AOqevQA6Fr0Ceka9A+ZuvQGWqr0Dx1q9ADqyvQHuzr0DYi69A
dn2vQC7Cr0BkqK9AJKGvQCmjr0CitK9A0JGvQPGGr0B+pK9AnHmvQCKxr0BSoq9AB6mvQLGq
r0AEr69AdouvQIOCr0Blo69Akq6vQPyXr0ALt69AprKvQIOzr0DNoq9AecWvQJiyr0AtvK9A
eqWvQObZr0CNgq9ADMCvQNmgr0Dxqa9AUYCvQIfMr0Bcua9AVZ2vQJWqr0Anq69ArZOvQCay
r0BDwa9ATqyvQKnDr0Cqqa9AOYivQEOrr0Dejq9AUb6vQF6br0A/ua9Apr+vQGDLr0C3yK9A
hqCvQL+qr0Byoq9AwJWvQCy+r0Cpp69A8qmvQCeSr0C8na9AbZ6vQOGbr0D2xq9A9OevQByp
r0Dboa9AzMmvQGuMr0BVn69A2OavQFLGr0B3x69AOumvQJS9r0BYp69Ap6KvQBShr0D+ma9A
2sGvQE+Kr0BZkK9Ag8KvQKjRr0DYw69Aqr2vQF+9r0Axoa9AecevQDDSr0CFl69AC7ivQCzD
r0CVta9AmMCvQPC2r0Dxxq9AIcWvQAPWr0A8vq9A3r6vQGixr0DKwK9AQaqvQJSwr0D50a9A
gJmvQIWir0Cpsa9Ap7yvQBysr0CSza9A27mvQJycr0Cvma9A+YevQIq2r0DJyK9AMM2vQCXL
r0B4za9Ab56vQAi9r0CQtq9A5NWvQDW5r0A8mq9AaKWvQH/Br0Bqoa9At32vQE3Ir0Cw4q9A
IeyvQG/zr0Auz69AeaqvQFvBr0ARyK9AZcuvQO3Vr0Bz8a9AbcOvQLGtr0A00q9AAqevQPLW
r0CKu69AeamvQGi6r0Bl4q9AV9+vQMvIr0Ayxa9A+syvQCS8r0BWxq9A5cavQHjir0BB0q9A
xbCvQDXjr0BOoa9AqeyvQCfBr0B2q69ACuyvQLvJr0DCxK9AYdSvQNa9r0CS2q9A8OKvQNqV
r0D4s69A98mvQAT5r0APta9A3JmvQJHZr0CUvq9A/smvQOKtr0Bcta9AHrGvQBDLr0A3m69A
KNKvQL/or0D+2a9AHaKvQJrLr0Ditq9ArcqvQD+8r0By9q9AdtKvQPC+r0C23K9ARduvQGL7
r0CY6q9A6cGvQAS7r0BH6K9A7c+vQJmbr0CO2K9AQs2vQGnOr0Ab+q9AwcOvQMC1r0BC/K9A
QtavQDuyr0B9v69AjdSvQGrdr0A10a9AkMuvQC/hr0Df+K9A49GvQD/Ur0DhpK9AStivQIrb
r0CI1q9AR96vQPP2r0D70q9AMu+vQHu1r0A8269AkeWvQP3rr0DK5q9ApuavQDnfr0DYza9A
VsivQH3gr0Aa2a9Aw8qvQKDTr0DF2K9AEdivQOrhr0DY9a9Ae8WvQH/2r0Ct+q9A/s6vQI+2
r0Bs6q9AG9qvQMb6r0C15a9AmuOvQFPRr0Ci1a9A2NGvQMvXr0Cv6K9ACOivQJTar0Ak469A
uwawQBoHsEDo169Ay9uvQGTWr0CBw69AZuivQPrRr0CS0q9AmfyvQOfnr0DMz69AUeyvQJnH
r0C3y69AfvSvQC/qr0A93a9AiuGvQPwJsEBG1a9AbtSvQMn1r0D6ya9AXvevQJ77r0DdAbBA
8NmvQC/Jr0Ds8a9AOs6vQArXr0Bj/69At9SvQB78r0CC3a9AEL+vQLbwr0Bk4K9AxN2vQJvr
r0B+BLBAat+vQKPgr0CX8K9AvtGvQEL+r0B4769A8d+vQGTzr0Cc069Aq8SvQDHXr0Dk5K9A
keivQHfTr0AS9q9A4QWwQCbfr0Dy3K9Avv+vQM/qr0CfBbBAbwmwQMDkr0Bj3a9AzMuvQF3k
r0A9969AMOmvQAf6r0Ab4K9AouavQBvqr0Dt9K9ALeKvQLncr0AEA7BALfivQOzwr0DRArBA
K/uvQEHkr0Dt669ATcOvQIbYr0Cy5q9AteevQFf8r0Cuuq9AwMivQBb+r0Cx3K9As+2vQOK8
r0DK+69ADwewQKzur0DF969Ab/2vQC3/r0BCBrBAudmvQMHqr0CE/K9AwASwQBrmr0AqFbBA
0QCwQM/1r0D36K9Ax/GvQG4NsEAZFrBAO+yvQK4AsECE8K9AMO2vQD35r0BX569Ae+uvQGgO
sEDz269AuQmwQCgCsEDa8K9AsQewQM8GsECE+K9ASPSvQGz/r0A48q9AcQWwQJ4CsEAOA7BA
A8avQPYlsEDrLrBAP/GvQF3lr0AL/q9AHfKvQGANsECsC7BAJPWvQH74r0B4+K9ADSuwQCby
r0AK9K9AIhewQCH+r0Aw/69AWvyvQF32r0C4AbBAYhawQELVr0DW9q9AJSOwQLoOsEDt+q9A
S/OvQIYQsEAQ1K9AYhiwQOwCsEAADbBAX+uvQAPwr0CE4q9A3wmwQCbpr0ATAbBAcQ+wQPUl
sEBw469ATwCwQJcqsEAU669AAgGwQLoDsECeA7BAiQiwQDkrsEDIJLBAJvGvQBH1r0CtIrBA
hu2vQBQDsEBYKbBAluSvQCkCsEBaAbBANuSvQPL/r0A0KbBAuBqwQDAAsEDAG7BAfSKwQG8S
sEAzDLBAlfKvQAr1r0CO+q9A9A+wQHjrr0CXHbBAXu+vQAT/r0Db8a9AzjawQNX1r0AQ469A
ff+vQPztr0BPFLBAXvmvQKn6r0AEALBAFRCwQB8YsEDFCrBA9eivQPH+r0Br669ApA+wQNU/
sECEFLBA/gywQFMdsEDSA7BAxhSwQGgXsEDA9a9Av92vQPsvsEBjALBAQgSwQL4MsECPMbBA
4Q6wQGAMsECLIrBAKAmwQFgPsEBCBrBAM/6vQF8HsEBvE7BAiA+wQBYOsEBNALBAPi2wQPIL
sEBPMbBAIwywQGcOsEBkCLBAIQawQLMPsEChArBAIzWwQKcPsECHC7BAjxywQHIbsEBA+a9A
fwawQBcLsEDXJrBAGgewQJgusEC0MbBABAOwQOUvsEDD+q9AoyiwQDgfsEAu869AJAywQHcm
sEAYJbBA1xmwQLD6r0Dx4a9AmyqwQJ0usEBFFrBANhOwQNoysEA4DbBADzawQHASsEDWN7BA
8QewQC/yr0DrI7BAmQOwQAAFsEDaGLBA8+6vQGgNsEDUHbBA1hOwQGk1sEBmJbBAhTqwQI0p
sED4F7BA8ESwQG8QsEB9IbBAOx6wQOH6r0C/L7BAqBiwQAUNsEATMrBA7RWwQMoLsEDzCLBA
AC2wQOwmsEAAI7BAPDuwQHUusEAPH7BANQOwQLQgsEAHGrBAsUCwQDIosEACBbBAhgOwQEQk
sEDDKbBAtiKwQIdBsEAyOLBAohewQMohsEBa/69AKBSwQIsZsECvErBARg2wQEYksEAxOLBA
iS+wQLE4sEBaRrBAhSGwQBgHsECWR7BAsiiwQDcvsEDBMrBArmKwQK1NsEApMbBAhwKwQMol
sEDXLrBArjawQCsvsECVPLBAHECwQFldsEA0TrBAMCSwQAoYsEBnKbBA4BewQNArsEAGQbBA
bDiwQIUmsEAlQrBAeFKwQGswsECWEbBAMEWwQIk7sECYQrBAFQOwQJAzsEBhMbBA8juwQLxC
sEAQL7BAaCOwQJI/sEDBLbBAizKwQHsrsECWO7BADzSwQDUTsEDOLrBAah+wQB0/sEBpUrBA
+l2wQA5OsECCPbBAQjqwQMwXsEDmRLBASzywQCkpsEAZO7BALWWwQJowsEC5IrBA1SKwQOEy
sEBHLbBA8hSwQA84sEB3RLBAnj6wQGlZsEA5JbBAYjewQJhQsEAwKbBAv2KwQGRFsED/M7BA
JV+wQD9CsEAoEbBAxFewQP8ksEDkKrBAuE6wQLdCsEDvMrBArSCwQIspsEBQP7BA1T+wQEFA
sEA9R7BAdQWwQIpGsEAzW7BAeEewQKUzsEBkLbBA+DawQNFMsEDOT7BArySwQHYosEBYYrBA
MT6wQJhesED8OrBA9U2wQDc4sEBeOrBAyzuwQEMxsEACSLBA2lWwQCBUsEBKPrBAzEqwQH45
sEAiV7BAujuwQLEjsED8UbBASCewQIo8sEATIbBAMkqwQMhHsECzNLBAhFWwQGUzsEDfZ7BA
Zy6wQAVasED/YrBAciCwQGQ9sEAYRrBAKFawQFdusEB0XrBAmkawQOcrsEChgrBAOSOwQB9X
sEAJNbBAxFuwQGdPsEADWLBAbEmwQHldsEA5S7BAATGwQNAusEAfXbBA21CwQFpBsEBYPbBA
CnewQClhsEA2KrBAJVuwQH8ssEC8WbBAtEywQEw2sEBQX7BAUmawQOI4sEB1TrBAfF+wQIIy
sEClQrBAojiwQGRksED4MbBAgDuwQDNMsED/RLBAHGuwQEZKsEAKT7BAFUewQA9vsECiRbBA
0UKwQIMssEDpcrBAQ0+wQCI+sEAwVbBAWBiwQBhQsEAJXbBAz1KwQGRFsECZUbBAqDOwQONO
sEBZTbBA</AssayYData></Step><Step><CommonData><SampleLocation>5</SampleLocation><SampleID>Glycine</SampleID><SampleGroup></SampleGroup><SampleInfo></SampleInfo><SampleRow>L</SampleRow><SamplePlate>1</SamplePlate><WellType>REGENERATION</WellType><Concentration>-1</Concentration><ConcentrationUnits>µg/ml</ConcentrationUnits><MolarConcentration>-1</MolarConcentration><MolarConcUnits>nM</MolarConcUnits><MolecularWeight>0</MolecularWeight><Temperature>30</Temperature><StartTime>3412175</StartTime><AssayTime>5</AssayTime></CommonData><FlowRate>1000</FlowRate><StepType>KREGENERATION</StepType><StepName>Regeneration</StepName><StepStatus>OK</StepStatus><ActualTime>5.00103</ActualTime><CycleTime>0.2</CycleTime><AssayXData Points="25">QIA7RXODO0WqhjtF2ok7RRGNO0VAkDtFc5M7RaqWO0XamTtFDZ07RUCgO0VzoztFpqY7Rd6p
O0URrTtFQLA7RXezO0WmtjtF2rk7RRG9O0VAwDtFd8M7RabGO0XayTtFEc07RQ==</AssayXData><AssayYData Points="25">d6kUPxTD+T7G7dw+hWfJPkDJuj51NK0+QZ2bPtZakD40a4M+DD9sPuchVT65jT8+O4UoPu9u
Fj7hQAs+GRDtPRglyj3D8Lo9yaKXPZ+4ej1bXk09WA4UPel51jzRWM88ONdnPA==</AssayYData></Step><Step><CommonData><SampleLocation>6</SampleLocation><SampleID>PBS</SampleID><SampleGroup></SampleGroup><SampleInfo></SampleInfo><SampleRow>L</SampleRow><SamplePlate>1</SamplePlate><WellType>NEUTRALIZATION</WellType><Concentration>-1</Concentration><ConcentrationUnits>µg/ml</ConcentrationUnits><MolarConcentration>-1</MolarConcentration><MolarConcUnits>nM</MolarConcUnits><MolecularWeight>0</MolecularWeight><Temperature>30</Temperature><StartTime>3425441</StartTime><AssayTime>5</AssayTime></CommonData><FlowRate>1000</FlowRate><StepType>KREGENERATION</StepType><StepName>Regeneration</StepName><StepStatus>OK</StepStatus><ActualTime>5.00103</ActualTime><CycleTime>0.2</CycleTime><AssayXData Points="25">RNA7RXvTO0Wq1jtF3tk7RRHdO0VI4DtFe+M7RarmO0Xe6TtFEe07RUTwO0V78ztFqvY7Rd75
O0UR/TtFRAA8RXcDPEWqBjxF4gk8RRENPEVIEDxFexM8RaoWPEXeGTxFFR08RQ==</AssayXData><AssayYData Points="25">7e1yQKAgdEDANXVANAx2QJDBdkBtbndArcl3QEQUeEBjmnhAnhh5QGd4eUC7sHlAr9J5QFOj
eUA6MHpAY6d6QNikekBg7XpAqSl7QKRYe0C0mntA7KN7QFLSe0DLu3tA+i98QA==</AssayYData></Step><Step><CommonData><SampleLocation>5</SampleLocation><SampleID>Glycine</SampleID><SampleGroup></SampleGroup><SampleInfo></SampleInfo><SampleRow>L</SampleRow><SamplePlate>1</SamplePlate><WellType>REGENERATION</WellType><Concentration>-1</Concentration><ConcentrationUnits>µg/ml</ConcentrationUnits><MolarConcentration>-1</MolarConcentration><MolarConcUnits>nM</MolarConcUnits><MolecularWeight>0</MolecularWeight><Temperature>30</Temperature><StartTime>3438844</StartTime><AssayTime>5</AssayTime></CommonData><FlowRate>1000</FlowRate><StepType>KREGENERATION</StepType><StepName>Regeneration</StepName><StepStatus>OK</StepStatus><ActualTime>5.00005</ActualTime><CycleTime>0.2</CycleTime><AssayXData Points="25">SSA8RXwjPEWzJjxF5yk8RRYtPEVNMDxFgDM8Ra82PEXjOTxFGj08RUlAPEV8QzxFs0Y8ReNJ
PEUaTTxFSVA8RYBTPEWvVjxF51k8RRpdPEVNYDxFfGM8Ra9mPEXnaTxFFm08RQ==</AssayXData><AssayYData Points="25">SBWAPhQyMj5a8f89WlfJPbTMkD1d11I92bkgPTFMtDwfQBM8/nv4ugiXBryLsJS8Dl35vAO0
HL2TeTC9mVVPvUm9dL2iuYi9XGCPvXdBoL0wEqu99na1vTdKxL2TR8W99WvRvQ==</AssayYData></Step><Step><CommonData><SampleLocation>6</SampleLocation><SampleID>PBS</SampleID><SampleGroup></SampleGroup><SampleInfo></SampleInfo><SampleRow>L</SampleRow><SamplePlate>1</SamplePlate><WellType>NEUTRALIZATION</WellType><Concentration>-1</Concentration><ConcentrationUnits>µg/ml</ConcentrationUnits><MolarConcentration>-1</MolarConcentration><MolarConcUnits>nM</MolarConcUnits><MolecularWeight>0</MolecularWeight><Temperature>30</Temperature><StartTime>3451946</StartTime><AssayTime>5</AssayTime></CommonData><FlowRate>1000</FlowRate><StepType>KREGENERATION</StepType><StepName>Regeneration</StepName><StepStatus>OK</StepStatus><ActualTime>5.00005</ActualTime><CycleTime>0.2</CycleTime><AssayXData Points="25">SXA8RXxzPEWzdjxF53k8RRZ9PEVNgDxFfIM8Ra+GPEXjiTxFGo08RUmQPEV8kzxFr5Y8ReeZ
PEUanTxFTaA8RYCjPEWvpjxF46k8RRatPEVJsDxFfLM8RbO2PEXjuTxFFr08RQ==</AssayXData><AssayYData Points="25">1RdxQOQEckASDnNAMOxzQOOJdEA1YHVAFWN1QNFEdkDsc3ZAmzJ3QG5Ed0A7uHdAsuJ3QFBH
eEByb3hA+WB4QOXpeEBWE3lA4sV4QORueUCWbnlATpd5QPDLeUB+5HlAUwV6QA==</AssayYData></Step><Step><CommonData><SampleLocation>5</SampleLocation><SampleID>Glycine</SampleID><SampleGroup></SampleGroup><SampleInfo></SampleInfo><SampleRow>L</SampleRow><SamplePlate>1</SamplePlate><WellType>REGENERATION</WellType><Concentration>-1</Concentration><ConcentrationUnits>µg/ml</ConcentrationUnits><MolarConcentration>-1</MolarConcentration><MolarConcUnits>nM</MolarConcUnits><MolecularWeight>0</MolecularWeight><Temperature>30</Temperature><StartTime>3465383</StartTime><AssayTime>5</AssayTime></CommonData><FlowRate>1000</FlowRate><StepType>KREGENERATION</StepType><StepName>Regeneration</StepName><StepStatus>OK</StepStatus><ActualTime>5.00005</ActualTime><CycleTime>0.2</CycleTime><AssayXData Points="25">ScA8RYTDPEWvxjxF48k8RRbNPEVJ0DxFgNM8Ra/WPEXj2TxFFt08RUngPEV84zxFs+Y8RePp
PEUW7TxFTfA8RYDzPEWz9jxF5/k8RRb9PEVNAD1FfAM9Ra8GPUXjCT1FFg09RQ==</AssayXData><AssayYData Points="25">xKlUPk+wBz6iy8I9MnCHPVs5Sz29vOA83pyPPGELtjuL3ha7Pb95vIbgubwAdQi9FmATvQAE
Pr1ieFO90yttvZkvf705HoW9hkqevd7/k72/CKm942CxvVACvL2aJcW9YHPCvQ==</AssayYData></Step><Step><CommonData><SampleLocation>6</SampleLocation><SampleID>PBS</SampleID><SampleGroup></SampleGroup><SampleInfo></SampleInfo><SampleRow>L</SampleRow><SamplePlate>1</SamplePlate><WellType>NEUTRALIZATION</WellType><Concentration>-1</Concentration><ConcentrationUnits>µg/ml</ConcentrationUnits><MolarConcentration>-1</MolarConcentration><MolarConcUnits>nM</MolarConcUnits><MolecularWeight>0</MolecularWeight><Temperature>30</Temperature><StartTime>3478818</StartTime><AssayTime>5</AssayTime></CommonData><FlowRate>1000</FlowRate><StepType>KREGENERATION</StepType><StepName>Regeneration</StepName><StepStatus>OK</StepStatus><ActualTime>5.00103</ActualTime><CycleTime>0.2</CycleTime><AssayXData Points="25">SRA9RXwTPUWzFj1F4xk9RRodPUVJID1FfCM9RbMmPUXnKT1FFi09RU0wPUV8Mz1FrzY9ReM5
PUUWPT1FTUA9RYBDPUWvRj1F40k9RRpNPUVJUD1FgFM9RbNWPUXnWT1FGl09RQ==</AssayXData><AssayYData Points="25">KCJyQC14c0AhX3RAjo51QLsRdkAeqHZAOTR3QAyed0BXHnhAA7V4QMboeEAoKHlA0UF5QBaY
eUAhnnlA0DR6QO0oekCDeHpAeZZ6QJEhe0CnDXtAdzB7QKOPe0DJyHtAtpF7QA==</AssayYData></Step><Step><CommonData><SampleLocation>1</SampleLocation><SampleID>Octet Buffer</SampleID><SampleGroup></SampleGroup><SampleInfo></SampleInfo><SampleRow>K</SampleRow><SamplePlate>1</SamplePlate><WellType>BUFFER</WellType><Concentration>-1</Concentration><ConcentrationUnits>µg/ml</ConcentrationUnits><MolarConcentration>-1</MolarConcentration><MolarConcUnits>nM</MolarConcUnits><MolecularWeight>0</MolecularWeight><Temperature>30</Temperature><StartTime>3493396</StartTime><AssayTime>20</AssayTime></CommonData><FlowRate>1000</FlowRate><StepType>CUSTOM</StepType><StepName>Sensor Check</StepName><StepStatus>OK</StepStatus><ActualTime>20.001</ActualTime><CycleTime>0.2</CycleTime><AssayXData Points="100">TWA9RYBjPUW3Zj1F52k9RRptPUVRcD1FgHM9Rbd2PUXreT1FGn09RU2APUWAgz1Fs4Y9ReuJ
PUUajT1FTZA9RYCTPUWzlj1F55k9RRqdPUVRoD1FgKM9RbOmPUXnqT1FGq09RU2wPUWAsz1F
t7Y9Ree5PUUavT1FTcA9RYTDPUW3xj1F58k9RRrNPUVN0D1FgNM9RbfWPUXn2T1FGt09RU3g
PUWA4z1Fs+Y9RevpPUUa7T1FTfA9RYTzPUWz9j1F6/k9RRr9PUVRAD5FgAM+RbcGPkXnCT5F
Gg0+RU0QPkWAEz5FsxY+RecZPkUaHT5FUSA+RYQjPkW3Jj5F6yk+RRotPkVRMD5FgDM+Rbc2
PkXrOT5FGj0+RU1APkWEQz5Fs0Y+RetJPkUaTT5FTVA+RYRTPkWzVj5F61k+RRpdPkVNYD5F
hGM+RbdmPkXraT5FHm0+RU1wPkWAcz5Fs3Y+Red5PkUefT5FUYA+RYSDPkWzhj5F54k+RR6N
PkVNkD5FhJM+RbOWPkXnmT5FHp0+RQ==</AssayXData><AssayYData Points="100">ckpxQHlvbkDNe2xAWrRqQO/maUCQ/WlAdFhpQHfdaEBcLmlAJP1oQLg5aUC2hWlAZbNpQE7/
aUDZ5WlAPlVqQLElakDJO2pAdodqQCiGakBQ3mpACPBqQNIba0DwdGtAlrFrQM9pa0BpmGtA
hLtrQMvaa0A2p2tAvQJsQN1VbECY6mtAzllsQCCGbEC4HWxApZZsQEChbEBNw2xAnaBsQAOp
bEDivGxAERltQDAbbUCwDm1Apj5tQEhAbUCWJG1AAWttQHiXbUB7SG1AjYVtQJRkbUBteG1A
S6BtQIjfbUBRA25Agr1tQL7abUBw3G1A261tQO7hbUB/321AHC5uQOL6bUABRW5AskRuQHF9
bkBScG5AM2ZuQD0IbkBRcW5Apy9uQDl1bkAVTG5AML9uQMufbkCTjG5AAApvQA7FbkDNs25A
mOtuQKLTbkCfs25AHsZuQBstb0Aw025AYSNvQL9jb0Cl/W5AAm5vQPj8bkC8F29ALXVvQMUs
b0BxPm9AlGZvQAddb0DjiG9AdlRvQA==</AssayYData></Step><Step><CommonData><SampleLocation>13</SampleLocation><SampleID>SI-83X1_P5364</SampleID><SampleGroup></SampleGroup><SampleInfo></SampleInfo><SampleRow>K</SampleRow><SamplePlate>1</SamplePlate><WellType>KLOAD</WellType><Concentration>5</Concentration><ConcentrationUnits>µg/ml</ConcentrationUnits><MolarConcentration>5000</MolarConcentration><MolarConcUnits>nM</MolarConcUnits><MolecularWeight>0</MolecularWeight><Temperature>30</Temperature><StartTime>3523692</StartTime><AssayTime>120</AssayTime></CommonData><FlowRate>1000</FlowRate><StepType>LOADING</StepType><StepName>Loading</StepName><StepStatus>OK</StepStatus><ActualTime>120</ActualTime><CycleTime>0.2</CycleTime><AssayXData Points="600">UqA+RYmjPkW4pj5F8Kk+RR+tPkVSsD5FibM+Rbi2PkXwuT5FI70+RVLAPkWFwz5FuMY+RezJ
PkUfzT5FUtA+RYXTPkW41j5F8Nk+RR/dPkVS4D5FheM+RbjmPkXw6T5FH+0+RVLwPkWF8z5F
vPY+Rez5PkUf/T5FUgA/RYkDP0W4Bj9F7Ak/RR8NP0VSED9FiRM/RbwWP0XwGT9FIx0/RVYg
P0WJIz9FvCY/RfApP0UjLT9FUjA/RYkzP0W4Nj9F7Dk/RSM9P0VSQD9FiUM/RbhGP0XsST9F
H00/RVJQP0WJUz9FuFY/RexZP0UjXT9FVmA/RYljP0W4Zj9F7Gk/RSNtP0VScD9FiXM/Rbh2
P0XseT9FI30/RVKAP0WFgz9FuIY/ReyJP0UfjT9FUpA/RYmTP0W4lj9F7Jk/RSOdP0VWoD9F
haM/RbimP0XwqT9FI60/RVawP0WFsz9FuLY/Rey5P0UfvT9FVsA/RYXDP0W4xj9F8Mk/RSPN
P0VW0D9FhdM/RbjWP0Xs2T9FH90/RVbgP0WF4z9FvOY/RezpP0Uf7T9FVvA/RYXzP0W49j9F
8Pk/RR/9P0VSAEBFhQNARbgGQEXsCUBFIw1ARVIQQEWFE0BFvBZARfQZQEUfHUBFUiBARYkj
QEW4JkBF7ClARR8tQEVkMUBF8DNARbw2QEXsOUBFHz1ARVZAQEWFQ0BFuEZARfBJQEUjTUBF
UlBARYlTQEW4VkBF7FlARR9dQEVWYEBFhWNARbhmQEXsaUBFH21ARVZwQEWFc0BFvHZARex5
QEUffUBFUoBARYWDQEW8hkBF8IlARR+NQEVSkEBFhZNARbiWQEXwmUBFI51ARVagQEWJo0BF
uKZAReypQEUfrUBFVrBARYWzQEW4tkBF7LlARR+9QEVSwEBFhcNARcHGQEXwyUBFI81ARVLQ
QEWF00BFvNZARezZQEUj3UBFUuBARYnjQEW45kBF7OlARSPtQEVW8EBFifNARbj2QEXw+UBF
H/1ARVIAQUWFA0FFuAZBRfAJQUUfDUFFVhBBRYkTQUW8FkFF8BlBRR8dQUVWIEFFhSNBRbwm
QUXsKUFFHy1BRVYwQUWJM0FFuDZBRew5QUUfPUFFVkBBRYVDQUW4RkFF8ElBRSNNQUVSUEFF
hVNBRbhWQUXsWUFFI11BRVJgQUWFY0FFuGZBRfBpQUUfbUFFUnBBRYVzQUW4dkFF7HlBRR99
QUVWgEFFhYNBRbiGQUXwiUFFH41BRVKQQUWFk0FFvJZBReyZQUUjnUFFUqBBRYWjQUW8pkFF
8KlBRR+tQUVSsEFFhbNBRbi2QUXsuUFFI71BRVLAQUWFw0FFvMZBRezJQUUjzUFFUtBBRYXT
QUW41kFF7NlBRSPdQUVS4EFFheNBRbzmQUXs6UFFH+1BRVLwQUWF80FFuPZBRez5QUUj/UFF
UgBCRYUDQkW8BkJF8AlCRSMNQkVSEEJFhRNCRbgWQkXsGUJFHx1CRVYgQkWJI0JFvCZCRewp
QkUfLUJFUjBCRYkzQkW8NkJF8DlCRR89QkVWQEJFiUNCRbhGQkXwSUJFH01CRVJQQkWJU0JF
uFZCRexZQkUjXUJFUmBCRYVjQkW4ZkJF7GlCRR9tQkVWcEJFhXNCRbh2QkXseUJFI31CRVaA
QkWFg0JFvIZCReyJQkUfjUJFVpBCRYmTQkW4lkJF7JlCRR+dQkVSoEJFiaNCRbimQkXsqUJF
H61CRVKwQkWFs0JFvLZCRey5QkUfvUJFUsBCRYXDQkW4xkJF8MlCRR/NQkVS0EJFhdNCRbzW
QkXs2UJFH91CRVLgQkWF40JFuOZCRezpQkUj7UJFUvBCRYnzQkW89kJF8PlCRR/9QkVSAENF
hQNDRbgGQ0XsCUNFIw1DRVYQQ0WFE0NFuBZDRewZQ0UfHUNFViBDRYUjQ0W4JkNF8ClDRR8t
Q0VWMENFiTNDRbw2Q0XsOUNFIz1DRVZAQ0WFQ0NFuEZDRfBJQ0UjTUNFVlBDRYVTQ0W4VkNF
8FlDRSNdQ0VSYENFiWNDRbhmQ0XsaUNFI21DRVZwQ0WJc0NFvHZDRex5Q0UjfUNFVoBDRYWD
Q0W4hkNF7IlDRR+NQ0VSkENFiZNDRbiWQ0XsmUNFH51DRVKgQ0WJo0NFuKZDRfCpQ0UfrUNF
VrBDRYmzQ0W8tkNF8LlDRSO9Q0VSwENFhcNDRbjGQ0XsyUNFI81DRVLQQ0WF00NFuNZDRezZ
Q0Uf3UNFUuBDRYXjQ0W45kNF7OlDRR/tQ0VS8ENFifNDRbj2Q0Xw+UNFH/1DRVYAREWJA0RF
vAZERewJREUjDURFVhBERYkTREW4FkRF7BlERScdREVSIERFhSNERbgmREXsKURFHy1ERVYw
REWJM0RFuDZERew5REUjPURFUkBERYlDREW4RkRF7ElERSNNREVSUERFiVNERbhWREXwWURF
H11ERVZgREWJY0RFvGZERfBpREUfbURFVnBERYVzREW8dkRF7HlERR99REVSgERFhYNERbiG
REXsiURFH41ERVKQREWFk0RFuJZEReyZREUfnURFUqBERYmjREW8pkRF8KlERSOtREVSsERF
hbNERbi2REXsuURFH71ERVLAREWJw0RFvMZERezJREUfzURFUtBERYnTREW41kRF7NlERR/d
REVW4ERFieNERbjmREXw6URFH+1ERVbwREWF80RFuPZERez5REUj/URFUgBFRYUDRUW8BkVF
7AlFRR8NRUVWEEVFiRNFRbgWRUXsGUVFHx1FRVYgRUWJI0VFuCZFRewpRUUfLUVFQDFFRcsz
RUW4NkVF7DlFRR89RUVWQEVFiUNFRbhGRUXsSUVFH01FRVZQRUWFU0VFuFZFRfBZRUUfXUVF
UmBFRYVjRUW4ZkVF7GlFRR9tRUVScEVFiXNFRbh2RUXseUVFI31FRVKARUWJg0VFvIZFReyJ
RUUjjUVFUpBFRYWTRUW8lkVF7JlFRR+dRUVSoEVFhaNFRbimRUXwqUVFI61FRVKwRUWFs0VF
uLZFRey5RUUfvUVFVsBFRYXDRUW4xkVF8MlFRR/NRUVS0EVFhdNFRbjWRUXw2UVFH91FRVbg
RUWF40VFuOZFRfDpRUUj7UVFUvBFRYXzRUW49kVF7PlFRR/9RUVSAEZFiQNGRbgGRkXwCUZF
Hw1GRVYQRkWFE0ZFvBZGRfAZRkUfHUZF</AssayXData><AssayYData Points="600">8iRvQKAdcEDkTXFA4SxyQOUkc0CsI3RAbQd1QGSXdUDRpXZAZDd3QJnId0CYY3hArVp5QAQw
ekC/+HpAip97QOdTfEDiJX1A1OR9QDUqfkBRW39ArJB/QKs3gECIcYBAONKAQMQQgUBAZIFA
It2BQPoSgkBCfoJAkreCQMkRg0DWW4NAS42DQGLfg0C8MoRAKWWEQDmehEDi8IRANCmFQIuN
hUBdyoVA1/iFQCBAhkBMZoZAdauGQMDchkACRodA+kWHQMyzh0BN4IdAlSeIQL9biECpn4hA
mZ6IQAMJiUCXQYlAz5iJQDp2iUAnu4lAORaKQDodikA1YopA1q6KQImqikA6/opAVCKLQFw8
i0ACWotA8q2LQIzRi0BqxItAeheMQKVpjEB4gYxA1JuMQJ/ajEAc3YxAJPaMQHtHjUDbXo1A
B2SNQOPJjUBVrY1ACO6NQGz3jUALPY5ArEmOQB9cjkBAcY5Anb6OQJIDj0BlIo9AFvaOQCg4
j0DeOY9AylaPQLSWj0CXnY9A17aPQE3Qj0DG+o9AbQ2QQPArkEBQY5BAW4eQQISPkEBR4ZBA
JcqQQPrekEDq25BA/jyRQMb7kEBAK5FAIlGRQKpvkUDLdpFAsbCRQKrOkUDRxZFA6PGRQJ4e
kkC0CpJAQGaSQMM8kkCJlJJAMmiSQNSTkkB8kZJApbCSQPCvkkDlzpJAr++SQOUik0DHLZNA
OwKTQLNpk0CkhZNAEn6TQIi4k0C+fJNArbGTQI60k0Ah+JNAot2TQJn4k0BZ+JNAsP2TQPQy
lED0PZRA4TOUQFRelEAkVZRAgJKUQD+IlEDfw5RA5+iUQJPKlEAY65RAU+GUQNvxlEApKpVA
xg2VQIUmlUDMRZVAlU+VQN1IlUDbYZVAZneVQI+PlUC5i5VA57OVQEq+lUCQv5VAx+yVQEH9
lUCT6ZVANzqWQBUTlkBtDZZAE1KWQHM0lkACIZZASWKWQCFmlkAPUpZAFGiWQNqWlkAHf5ZA
+KSWQPvOlkBqp5ZACM6WQCL4lkD10pZA9POWQFgml0D8FZdAphSXQPktl0AHO5dACA2XQEda
l0DkZ5dAlVqXQPCbl0CBrZdAqn6XQJObl0B1zJdABcqXQGikl0CoAJhATtOXQNDgl0BACJhA
Wv+XQDoMmEB3IZhAuiqYQP0vmEDiDphAAGSYQOpSmECiT5hAsW2YQF92mEBTb5hAXrGYQOyz
mEB4lphAUrCYQOKLmEAywphAmrSYQHXOmEBj3JhAAvaYQND3mEDvBZlAUAKZQMIRmUDK/phA
lyKZQN42mUBjYZlA3ESZQMw5mUBMcZlAXi6ZQBhlmUDEpJlAh3KZQIWkmUAguZlAWJiZQBK6
mUDIpplAgeOZQFSfmUCY6JlARcOZQA7ImUDm+plAwwSaQOwMmkBF75lAMx+aQFAamkAID5pA
smeaQPk2mkC6TZpAeFyaQN5gmkAeXppAhIGaQL5bmkBYhZpAmZaaQMSFmkDjl5pADoeaQHWV
mkDysZpAC7KaQEm0mkAXpJpAqdWaQHPwmkBx5JpAKNOaQKHxmkAU65pA7A2bQA8Nm0BWLZtA
DvSaQHwem0DsHptAkR2bQJNCm0B5aZtALDKbQAhMm0BlUZtA5nCbQC5cm0DNcJtAim2bQI1y
m0AelJtAK2ybQFWLm0CQtptA0qubQGupm0CjtptAkdybQHemm0D605tAoNibQO62m0BQ2ptA
jvebQJLLm0Bd0ptAkgqcQFv5m0CUM5xAEB2cQPkqnECkHZxA1iycQDAknEBQQJxAWE+cQO1S
nEBUR5xAX12cQHxZnEDwPZxAt3WcQKyVnEAqbpxAAYecQPZ/nEDNhJxALXqcQP+AnECPipxA
C32cQEfRnEA/4ZxA0bycQPbknEDP5pxAH+ycQEDtnECY2pxAXeCcQE7RnECnDZ1AbvKcQAjP
nECkHZ1ANQ2dQPYMnUDPGJ1A1hGdQEMKnUAlJ51Afh2dQGkknUDoUJ1ATm+dQC9OnUDXYZ1A
94CdQBVenUCldJ1A4H6dQI1DnUBuP51AloSdQFN3nUA+V51AyYmdQO2bnUDRp51A46ydQCfV
nUANlp1A4KadQFTCnUD73J1AJbqdQH76nUDuw51AceSdQGLjnUCG351AZfKdQJPznUA5751A
hAueQOb/nUAIHJ5A9e2dQOgjnkCfLJ5AeB6eQEAbnkA8U55AzCWeQEgankAPUJ5AfB6eQMgU
nkAaUJ5ASWKeQD9CnkAwaJ5AXmaeQF9lnkBOXZ5Ag4+eQF5wnkCUYZ5AaaOeQCuWnkCCl55A
vZOeQFh+nkCjmJ5AXo+eQE2TnkB7p55AaMaeQCvNnkDXoZ5A4tOeQBitnkAEyZ5AlMmeQHfW
nkBx355AQ7+eQMjonkDG6J5AJ+meQGUBn0Br5p5AuvKeQHQ5n0BlDp9AeQGfQAsUn0BrJp9A
cg2fQKsnn0BvOp9AjU+fQN8an0CaRJ9AqT2fQJ0Yn0A0V59AaFefQCojn0D5Qp9A51ufQNMu
n0CDP59AHoifQOFYn0DCaJ9A0JmfQPR0n0ALiJ9ADYefQGRsn0CemZ9Apb6fQBmBn0A4lJ9A
aqKfQB6nn0ArjZ9Ai86fQAK9n0CEtp9AJeyfQL+dn0BFzZ9APbOfQH3gn0C66p9AwtKfQOre
n0Bk8p9AT8efQDzkn0Aj4Z9AtMefQKwPoECb9J9ANP2fQG8aoEBGC6BA3wSgQNkkoEAJPaBA
4g+gQFQaoEDBQqBAUxWgQFEPoECwT6BAJSKgQBMwoEDLW6BAxEGgQBEvoEBrYqBAB1egQIlK
oEDBWqBAbVGgQCB9oEAOWaBAXJagQKVXoEBBeqBAGZegQLqBoEBEgKBANKWgQGuAoEC/iqBA
inSgQF6XoEAYlKBAgcSgQDyroEBYoqBAAKegQHzMoEBftaBAlaigQBnroEBWvqBApLqgQPPl
oECyz6BASbugQPHpoECB4aBABs+gQBcSoUC88KBAXtWgQJDzoEDz66BAEeOgQO7boEB176BA
PQChQCEHoUAX9aBAaO2gQDMIoUDzGqFAFxuhQBMroUCSMaFAe06hQM3uoEDVEaFANymhQE8P
oUBjNKFAglmhQAk9oUAMPaFA2XChQHtIoUAhP6FAm0uhQF1goUDfQ6FAH0mhQMBzoUDiW6FA
Tn+hQAZroUBoZaFAfnihQNZloUAydaFA</AssayYData></Step><Step><CommonData><SampleLocation>1</SampleLocation><SampleID>Octet Buffer</SampleID><SampleGroup></SampleGroup><SampleInfo></SampleInfo><SampleRow>K</SampleRow><SamplePlate>1</SamplePlate><WellType>BUFFER</WellType><Concentration>-1</Concentration><ConcentrationUnits>µg/ml</ConcentrationUnits><MolarConcentration>-1</MolarConcentration><MolarConcUnits>nM</MolarConcUnits><MolecularWeight>0</MolecularWeight><Temperature>30</Temperature><StartTime>3653954</StartTime><AssayTime>100</AssayTime></CommonData><FlowRate>1000</FlowRate><StepType>BASELINE</StepType><StepName>Baseline</StepName><StepStatus>OK</StepStatus><ActualTime>100.001</ActualTime><CycleTime>0.2</CycleTime><AssayXData Points="500">UiBGRYkjRkW4JkZF7ClGRR8tRkVWMEZFhTNGRbg2RkXsOUZFHz1GRVJARkWJQ0ZFuEZGRexJ
RkUfTUZFUlBGRYlTRkW4VkZF7FlGRSNdRkVSYEZFhWNGRbhmRkXwaUZFI21GRVJwRkWJc0ZF
uHZGRfB5RkUffUZFVoBGRYWDRkW4hkZF7IlGRR+NRkVSkEZFhZNGRbyWRkXsmUZFH51GRVKg
RkWJo0ZFuKZGReypRkUfrUZFVrBGRYWzRkW4tkZF7LlGRR+9RkVSwEZFicNGRbzGRkXsyUZF
H81GRVbQRkWJ00ZFuNZGRfDZRkUj3UZFUuBGRYnjRkW45kZF7OlGRSPtRkVW8EZFhfNGRbj2
RkXs+UZFI/1GRVIAR0WNA0dFuAZHRewJR0VADUdFUhBHRYUTR0W4FkdF7BlHRSMdR0VSIEdF
hSNHRbgmR0XsKUdFIy1HRVIwR0WJM0dFuDZHRfA5R0UjPUdFUkBHRYlDR0W8RkdF7ElHRSNN
R0VWUEdFhVNHRbhWR0XwWUdFH11HRVJgR0WFY0dFvGZHRexpR0UjbUdFUnBHRYVzR0W8dkdF
8HlHRR99R0VSgEdFhYNHRbiGR0XwiUdFH41HRVKQR0WJk0dFvJZHReyZR0UjnUdFUqBHRYmj
R0W8pkdF7KlHRR+tR0VSsEdFibNHRbi2R0XsuUdFI71HRVbAR0WFw0dFvMZHRezJR0UjzUdF
UtBHRYXTR0W41kdF8NlHRR/dR0VS4EdFieNHRbzmR0X06UdFH+1HRVbwR0WF80dFuPZHRfD5
R0Uf/UdFUgBIRYUDSEW4BkhF7AlIRSMNSEVSEEhFhRNIRbgWSEXsGUhFHx1IRVYgSEWFI0hF
vCZIRewpSEUjLUhFUjBIRYkzSEW8NkhF7DlIRSM9SEVSQEhFhUNIRbhGSEXwSUhFH01IRVJQ
SEWFU0hFuFZIRfBZSEUfXUhFUmBIRYVjSEW4ZkhF7GlIRR9tSEVScEhFhXNIRbx2SEXseUhF
H31IRVKASEWJg0hFuIZIReyJSEUjjUhFUpBIRYWTSEW8lkhF7JlIRR+dSEVWoEhFhaNIRbim
SEXwqUhFI61IRVKwSEWFs0hFuLZIRey5SEUfvUhFUsBIRYXDSEW8xkhF9MlIRR/NSEVS0EhF
hdNIRbjWSEXs2UhFI91IRVLgSEWJ40hFuOZIRezpSEUf7UhFUvBIRYXzSEW49khF8PlIRR/9
SEVSAElFhQNJRbwGSUXsCUlFHw1JRVYQSUWJE0lFuBZJRewZSUUfHUlFViBJRYkjSUW8JklF
8ClJRR8tSUVWMElFhTNJRbg2SUXsOUlFHz1JRVZASUWFQ0lFvEZJRexJSUUjTUlFUlBJRYVT
SUW4VklF8FlJRR9dSUVWYElFhWNJRbhmSUXsaUlFI21JRVZwSUWFc0lFvHZJRex5SUUffUlF
VoBJRYWDSUW8hklF8IlJRbqNSUVWkElFhZNJRbyWSUXsmUlFI51JRVKgSUWFo0lFuKZJRfCp
SUUfrUlFUrBJRYWzSUW4tklF8LlJRR+9SUVSwElFicNJRbjGSUXsyUlFH81JRVbQSUWF00lF
uNZJRezZSUUj3UlFUuBJRYXjSUW45klF7OlJRR/tSUVS8ElFifNJRbj2SUXw+UlFH/1JRVYA
SkWFA0pFvAZKRewJSkUfDUpFUhBKRYkTSkW4FkpF8BlKRSMdSkVSIEpFhSNKRbgmSkXwKUpF
Hy1KRVIwSkWFM0pFvDZKRew5SkUfPUpFUkBKRYVDSkW4RkpF8ElKRSNNSkVWUEpFiVNKRbxW
SkXsWUpFH11KRVZgSkWFY0pFvGZKRexpSkUjbUpFUnBKRYVzSkW8dkpF8HlKRR99SkVWgEpF
iYNKRcGGSkXsiUpFH41KRVaQSkWJk0pFuJZKRfCZSkUfnUpFUqBKRYWjSkW4pkpF7KlKRR+t
SkVSsEpFibNKRby2SkXsuUpFH71KRVLASkWFw0pFuMZKRfDJSkWJzUpFVtBKRYnTSkW41kpF
7NlKRSPdSkVW4EpFheNKRbzmSkXs6UpFH+1KRVLwSkWF80pFvPZKRez5SkUf/UpFVgBLRYUD
S0W4BktF7AlLRR8NS0VSEEtFhRNLRbgWS0XsGUtFHx1LRVIgS0WFI0tFuCZLRewpS0UfLUtF
VjBLRYkzS0W4NktF8DlLRR89S0VSQEtFiUNLRbhGS0XwSUtFH01LRVJQS0WJU0tFuFZLRexZ
S0UfXUtFVmBLRYVjS0W4ZktF7GlLRR9tS0VScEtFiXNLRbh2S0XweUtFI31LRVKAS0WJg0tF
vIZLRfCJS0UjjUtFUpBLRYWTS0W4lktF7JlLRR+dS0VSoEtFhaNLRbimS0XwqUtFH61LRVKw
S0WFs0tFuLZLRey5S0UfvUtFVsBLRYXDS0W4xktF7MlLRR/NS0VS0EtFhdNLRbzWS0Xw2UtF
H91LRVLgS0WJ40tFvOZLRfDpS0Uf7UtFUvBLRYnzS0W89ktF8PlLRR/9S0VSAExFiQNMRcEG
TEXsCUxFXA1MRVYQTEWFE0xFuBZMRfAZTEUfHUxFUiBMRYUjTEW4JkxF7ClMRR8tTEVSMExF
iTNMRbg2TEXsOUxFHz1MRVpATEWFQ0xFuEZMRexJTEUjTUxFUlBMRYlTTEW4VkxF7FlMRSNd
TEU=</AssayXData><AssayYData Points="500">0muhQHZboUDVY6FAV5ahQIOFoUBPYaFAWY6hQBKqoUBMv6FAmpChQFayoUAptqFArbehQF+q
oUBun6FAZbOhQLTEoUAqy6FAe6yhQMy+oUCZvKFAmqOhQNi2oUBqzqFANb6hQO/JoUDSwKFA
/8WhQH6xoUD3y6FAibihQCatoUBv2aFAFuihQObhoUAb36FAr8WhQCOzoUBTwaFAntihQB+j
oUAP1aFA9byhQKTYoUA3qaFA18ChQGHgoUDdvKFAktuhQI3VoUAN36FA9sqhQJzCoUBP46FA
5suhQPzOoUAz1aFAFsihQD24oUDyr6FAC7KhQHLdoUCXsqFA9qGhQDXFoUDbxKFAiLqhQLTR
oUD7uaFAy9ahQEa0oUCM3qFA28ehQKbdoUAa66FAScChQNbAoUCl2KFAN9WhQGHZoUBU7KFA
t9ShQEi3oUCn+qFApOShQC2+oUBPxqFAc7ihQBPUoUDuzKFAvNGhQDrZoUDMyaFA/+ShQEvC
oUD73KFAfNehQPHQoUCxiaFA7eehQIC/oUDbw6FAkb2hQMSjoUANn6FAR86hQJfNoUD31KFA
gMWhQL/2oUAf3qFA/9+hQJvqoUCvzqFAT76hQJbxoUDRqaFAOcShQOfjoUDU1qFAaMChQCXq
oUB316FAOLuhQOzQoUAXz6FAD9+hQAHIoUDy9KFAztShQHvHoUBgsaFAccuhQLmooUAvwqFA
U9OhQKWyoUDntKFAX9ahQGXgoUCxwKFA78uhQBGooUCB46FA0OahQJ3OoUDMzqFAVamhQDe4
oUAAwaFAYNqhQHznoUAxn6FAPeKhQGXcoUDaraFAFACiQInVoUAr1KFA/NGhQKm9oUAesKFA
vtChQDPLoUC91qFAT8+hQI/SoUBQyqFAQbmhQDjioUB/zaFArL2hQNLnoUDFpqFAJcyhQLbq
oUDh2qFAIvahQP6goUD3+6FADMqhQNq0oUBos6FAPbmhQMm5oUD+uKFAq8ahQAq/oUBXz6FA
1/uhQA0BokBp1KFAXNOhQMXOoUBey6FANtKhQPvCoUAH5aFAwOmhQDuwoUAT3aFAXsyhQHH0
oUAc06FAPtahQO/WoUDByqFASdGhQKHpoUDu16FAKOahQPXLoUAx6qFA3NKhQDLhoUDj2KFA
ZrihQB3foUAizKFAcemhQNHboUA+16FAMOGhQMreoUCBzqFAU/KhQEL0oUCfx6FA38KhQAPV
oUAE6aFAXcGhQK7soUBn26FAz9+hQKjHoUAe1aFAYtWhQO7joUDk46FAbuahQLq7oUAY+KFA
o92hQLXjoUBTpKFAWJyhQCvioUBY6qFAAPmhQNvmoUDjzKFAxOuhQHu8oUAc6KFAQN2hQPa5
oUB+z6FAM8+hQJzZoUAFx6FAdsChQMsLokBZ26FAg9mhQGL3oUCZyKFAIcqhQLPkoUCd8KFA
ErChQD3NoUD79aFAN8uhQE7MoUCb2qFA092hQC/2oUD10KFAcbyhQOXXoUAy66FAWs6hQIjF
oUCh2aFAwdahQMDsoUDY9aFAXNahQB/joUCD1qFAI8ahQOuzoUC85aFAqf2hQLjfoUBb4qFA
7PChQHjWoUAvzaFAEOmhQID3oUBUvKFAheihQM+6oUDdBaJAKACiQBXWoUB95aFASPChQMHQ
oUCq2aFAScqhQH65oUCByKFAnuyhQG/2oUAz/KFAJsyhQGDQoUBU56FAFcqhQHXxoUAo9KFA
suihQPvLoUCD5aFAU9yhQOH+oUAmyaFAx+uhQPv2oUClBaJAr92hQIHNoUA0/KFAgMOhQMjo
oUBr46FAIeqhQELPoUAs+aFAGtOhQHrfoUCg66FA6PmhQHrdoUD4zaFAbeehQHTCoUB91KFA
a+6hQG3doUDJ8qFAivOhQOLZoUBV16FAIfShQGXIoUDl+6FAofOhQObfoUADvKFAssuhQEG7
oUDs0qFA4M6hQO3ooUCX6KFAifehQHTxoUAM5aFA6u+hQBbsoUDQ1qFAlPChQGUKokB94aFA
tNWhQH78oUDYxaFAEsqhQI8EokD4H6JABuihQL3poUDD/6FAxeOhQAveoUD9zKFAC9+hQPPZ
oUDTAaJAhQmiQD3zoUBBEqJAUfGhQJ3GoUDV5KFA7cyhQFv1oUDn8KFAR/KhQGXOoUC56KFA
+e2hQB36oUCX9qFA0s+hQJLuoUD486FALAGiQBX4oUDczqFAtt+hQPzzoUDR3KFAmAqiQA/E
oUDGwqFA6syhQK7poUCy7qFAvtShQCTboUBt6KFABtehQMj1oUAXAaJAxAGiQDThoUDu8KFA
me2hQMf1oUBP+qFAZd2hQGrdoUAO/6FAivKhQCUEokAD76FAtOOhQOf8oUAQ4qFAQ+ChQDHe
oUAT9KFAy/WhQL39oUBp46FA3g+iQD32oUDY3qFAlSmiQNH0oUCp86FAAAeiQAb7oUDl/qFA
7fmhQC8mokBAC6JAdf6hQLEPokBG6aFAQOyhQNL2oUD/AqJAUgiiQMT3oUDS9KFAg/ChQN0F
okAW2aFA3v+hQGfvoUDU5KFAoQOiQL7ZoUCx+qFAgOihQGb7oUCtAKJAzuOhQBr1oUAT6qFA
jySiQMTgoUCWEKJAFwKiQO7ZoUC8+qFAVS+iQK7soUAy8qFAVgmiQFb1oUAH66FAEAeiQKnT
oUA=</AssayYData></Step><Step><CommonData><SampleLocation>2</SampleLocation><SampleID>hsCD3d/e_Acro_CDD-H52W1</SampleID><SampleGroup></SampleGroup><SampleInfo></SampleInfo><SampleRow>K</SampleRow><SamplePlate>1</SamplePlate><WellType>KSAMPLE</WellType><Concentration>-1</Concentration><ConcentrationUnits>µg/ml</ConcentrationUnits><MolarConcentration>6.25</MolarConcentration><MolarConcUnits>nM</MolarConcUnits><MolecularWeight>0</MolecularWeight><Temperature>30</Temperature><StartTime>3762236</StartTime><AssayTime>180</AssayTime></CommonData><FlowRate>1000</FlowRate><StepType>ASSOC</StepType><StepName>Association</StepName><StepStatus>OK</StepStatus><ActualTime>180</ActualTime><CycleTime>0.2</CycleTime><AssayXData Points="900">VmBMRY1jTEW8ZkxF8GlMRSNtTEVacExFiXNMRbx2TEXweUxFJ31MRVqATEWJg0xFwIZMRfSJ
TEUjjUxFVpBMRYmTTEW8lkxF9JlMRSOdTEVaoExFiaNMRbymTEXwqUxFJ61MRVqwTEWJs0xF
wLZMRfS5TEUjvUxFWsBMRYnDTEW8xkxF9MlMRSPNTEVa0ExFidNMRbzWTEX02UxFI91MRVbg
TEWJ40xFvOZMRfTpTEUj7UxFVvBMRYnzTEXA9kxF8PlMRSf9TEVWAE1FiQNNRbwGTUXwCU1F
Iw1NRVYQTUWNE01FvBZNRfAZTUUjHU1FViBNRYkjTUXAJk1F8ClNRSMtTUVWME1FiTNNRbw2
TUXwOU1FIz1NRVZATUWJQ01FvEZNRfRJTUUjTU1FVlBNRYlTTUXAVk1F8FlNRSNdTUVaYE1F
iWNNRcBmTUX0aU1FI21NRVZwTUWNc01FvHZNRfh5TUUnfU1FWoBNRYmDTUW8hk1F9IlNRSON
TUVakE1FjZNNRbyWTUXwmU1FJ51NRVagTUWJo01FvKZNRfSpTUUnrU1FVrBNRYmzTUW8tk1F
9LlNRSO9TUVWwE1FicNNRcDGTUX0yU1FJ81NRVbQTUWN001FwNZNRfTZTUUn3U1FVuBNRYnj
TUW85k1F9OlNRSPtTUVW8E1FjfNNRcD2TUXw+U1FI/1NRVYATkWNA05FvAZORfAJTkUjDU5F
WhBORYkTTkXAFk5F8BlORScdTkVWIE5FiSNORbwmTkXwKU5FJy1ORVowTkWJM05FwDZORfQ5
TkUjPU5FVkBORYlDTkW8Rk5F8ElORSdNTkVWUE5FiVNORcBWTkXwWU5FJ11ORVZgTkWJY05F
vGZORfRpTkUjbU5FVnBORYlzTkW8dk5F8HlORSd9TkVWgE5FjYNORbyGTkXwiU5FI41ORVqQ
TkWJk05FvJZORfSZTkUjnU5FVqBORYmjTkW8pk5F8KlORSetTkVWsE5FibNORby2TkXwuU5F
J71ORVrATkWJw05FvMZORfDJTkUjzU5FVtBORYnTTkXA1k5F8NlORSfdTkVa4E5FjeNORbzm
TkXw6U5FJ+1ORVbwTkWJ805FvPZORfT5TkUn/U5FVgBPRYkDT0XABk9F8AlPRScNT0VWEE9F
iRNPRbwWT0XwGU9FIx1PRVYgT0WJI09FwCZPRfApT0UnLU9FVjBPRYkzT0W8Nk9F8DlPRSc9
T0VWQE9FiUNPRcBGT0XwSU9FI01PRVpQT0WNU09FvFZPRfBZT0UjXU9FWmBPRY1jT0XAZk9F
8GlPRSNtT0VWcE9FiXNPRbx2T0XweU9FI31PRVaAT0WJg09FvIZPRfCJT0UjjU9FWpBPRYmT
T0W8lk9F8JlPRSedT0VWoE9FjaNPRcCmT0X0qU9FI61PRVqwT0WJs09FwLZPRfS5T0UjvU9F
VsBPRY3DT0W8xk9F9MlPRSfNT0VW0E9FjdNPRbzWT0Xw2U9FI91PRVbgT0WN409FwOZPRfTp
T0Uj7U9FVvBPRYnzT0W89k9F8PlPRSP9T0VWAFBFiQNQRbwGUEXwCVBFIw1QRVYQUEWNE1BF
vBZQRfQZUEUjHVBFWiBQRYkjUEXAJlBF+ClQRSMtUEVWMFBFiTNQRcA2UEX0OVBFIz1QRVpA
UEWJQ1BFvEZQRfRJUEUjTVBFVlBQRYlTUEW8VlBF8FlQRSddUEVaYFBFjWNQRbxmUEXwaVBF
I21QRVpwUEWNc1BFvHZQRfB5UEUjfVBFVoBQRYmDUEW8hlBF9IlQRSONUEVWkFBFiZNQRbyW
UEX0mVBFI51QRVagUEWJo1BFvKZQRfCpUEUnrVBFWrBQRYmzUEW8tlBF8LlQRSO9UEVawFBF
icNQRcDGUEX0yVBFI81QRVrQUEWJ01BFvNZQRfDZUEUj3VBFVuBQRY3jUEXA5lBF8OlQRSPt
UEVW8FBFifNQRcD2UEX0+VBFI/1QRVoAUUWNA1FFwAZRRfAJUUUjDVFFWhBRRYkTUUW8FlFF
8BlRRScdUUVWIFFFiSNRRbwmUUXwKVFFJy1RRVYwUUWJM1FFwDZRRfA5UUUjPVFFVkBRRYlD
UUW8RlFF9ElRRSdNUUVWUFFFiVNRRcBWUUXwWVFFI11RRVZgUUWJY1FFwGZRRfRpUUUjbVFF
WnBRRYlzUUW8dlFF8HlRRSN9UUVWgFFFiYNRRcCGUUX0iVFFI41RRVaQUUWJk1FFwJZRRfSZ
UUUjnVFFVqBRRY2jUUW8plFF8KlRRSOtUUVWsFFFjbNRRby2UUXwuVFFJ71RRVbAUUWJw1FF
vMZRRfDJUUUjzVFFVtBRRY3TUUW81lFF9NlRRSfdUUVW4FFFieNRRbzmUUX06VFFI+1RRVrw
UUWN81FFwPZRRfD5UUUj/VFFVgBSRY0DUkW8BlJF8AlSRScNUkVaEFJFiRNSRbwWUkX0GVJF
Jx1SRVYgUkWNI1JFwCZSRfApUkUnLVJFVjBSRYkzUkXANlJF9DlSRSc9UkVWQFJFiUNSRcBG
UkXwSVJFI01SRVZQUkWJU1JFvFZSRfRZUkUnXVJFWmBSRY1jUkXAZlJF8GlSRSdtUkVWcFJF
iXNSRcB2UkX0eVJFJ31SRVaAUkWJg1JFvIZSRfCJUkUjjVJFVpBSRYmTUkXAllJF8JlSRSed
UkVWoFJFiaNSRbymUkXwqVJFI61SRVawUkWJs1JFvLZSRfS5UkUjvVJFWsBSRYnDUkW8xlJF
9MlSRSPNUkVW0FJFidNSRbzWUkXw2VJFI91SRVbgUkWN41JFvOZSRfTpUkUn7VJFVvBSRYnz
UkXA9lJF8PlSRSf9UkVaAFNFiQNTRbwGU0XwCVNFJw1TRVYQU0WJE1NFwBZTRfAZU0UjHVNF
WiBTRYkjU0XAJlNF8ClTRSMtU0VWMFNFiTNTRcA2U0X0OVNFIz1TRVZAU0WJQ1NFwEZTRfRJ
U0UjTVNFVlBTRY1TU0XAVlNF8FlTRSddU0VWYFNFiWNTRbxmU0X0aVNFJ21TRVZwU0WNc1NF
vHZTRfB5U0UjfVNFWoBTRYmDU0XAhlNF9IlTRSONU0VWkFNFjZNTRbyWU0XwmVNFI51TRVqg
U0WNo1NFvKZTRfCpU0UjrVNFVrBTRY2zU0W8tlNF9LlTRSO9U0VWwFNFjcNTRcDGU0X0yVNF
I81TRVbQU0WJ01NFvNZTRfDZU0Un3VNFVuBTRYnjU0W85lNF9OlTRSPtU0VW8FNFifNTRbz2
U0Xw+VNFI/1TRVoAVEWNA1RFwAZURfAJVEUjDVRFWhBURYkTVEW8FlRF8BlURSMdVEVWIFRF
iSNURbwmVEX0KVRFIy1URVYwVEWJM1RFvDZURfA5VEUjPVRFWkBURYlDVEW8RlRF8ElURSNN
VEVWUFRFjVNURbxWVEXwWVRFI11URVZgVEWJY1RFvGZURfBpVEUjbVRFVnBURYlzVEW8dlRF
8HlURSd9VEVWgFRFiYNURcCGVEX0iVRFI41URV6QVEWJk1RFvJZURfCZVEUnnVRFWqBURYmj
VEW8plRF8KlURSetVEVasFRFibNURcC2VEXwuVRFI71URVbAVEWJw1RFwMZURfDJVEUnzVRF
VtBURY3TVEXA1lRF8NlURSfdVEVa4FRFieNURbzmVEXw6VRFJ+1URVbwVEWJ81RFwPZURfD5
VEUj/VRFVgBVRYkDVUW8BlVF9AlVRSMNVUVaEFVFjRNVRbwWVUX0GVVFIx1VRVogVUWJI1VF
wCZVRfApVUUnLVVFVjBVRYkzVUXANlVF8DlVRSM9VUVWQFVFjUNVRcBGVUX0SVVFI01VRVZQ
VUWJU1VFvFZVRfRZVUUnXVVFVmBVRY1jVUXFZlVF8GlVRSNtVUVWcFVFiXNVRbx2VUX0eVVF
I31VRVqAVUWNg1VFwIZVRfSJVUUjjVVFVpBVRY2TVUW8llVF9JlVRSedVUVWoFVFjaNVRcCm
VUX0qVVFI61VRVawVUWNs1VFvLZVRfC5VUUnvVVFVsBVRYnDVUW8xlVF9MlVRSPNVUVW0FVF
jdNVRbzWVUXw2VVFJ91VRVrgVUWJ41VFvOZVRfTpVUUj7VVFVvBVRYnzVUW89lVF8PlVRSP9
VUVWAFZFiQNWRbwGVkX0CVZFIw1WRVYQVkWJE1ZFwBZWRfAZVkUnHVZFViBWRYkjVkW8JlZF
9ClWRSctVkVWMFZFiTNWRcA2VkXwOVZFIz1WRVZAVkWJQ1ZFvEZWRfBJVkUjTVZFVlBWRYlT
VkXAVlZF8FlWRSNdVkVWYFZFiWNWRcBmVkXwaVZFJ21WRVZwVkWJc1ZFvHZWRfB5VkUnfVZF
VoBWRY2DVkW8hlZF8IlWRSONVkVWkFZFiZNWRbyWVkX0mVZFI51WRVqgVkWJo1ZFwKZWRfSp
VkUjrVZFWrBWRYmzVkW8tlZF8LlWRSe9VkVWwFZFjcNWRbzGVkX0yVZFI81WRVrQVkWJ01ZF
vNZWRfDZVkUj3VZFVuBWRYnjVkXA5lZF8OlWRSPtVkVa8FZFjfNWRbz2VkX0+VZFJ/1WRVoA
V0WJA1dFwAZXRfAJV0UjDVdFVhBXRYkTV0W8FldF8BlXRSMdV0VWIFdFiSNXRbwmV0XwKVdF
Jy1XRVYwV0WJM1dFvDZXRfA5V0UnPVdFVkBXRYlDV0W8RldF8ElXRSNNV0VWUFdFiVNXRcBW
V0XwWVdFJ11XRVZgV0WNY1dFwGZXRfBpV0UnbVdFVnBXRY1zV0W8dldF9HlXRSd9V0VagFdF
iYNXRcCGV0XwiVdFI41XRVqQV0WJk1dFwJZXRfCZV0UjnVdF</AssayXData><AssayYData Points="900">inChQEPToUDc8qFAKuGhQBX4oUCiM6JAHQmiQDlIokB4FKJAAyeiQMlEokAkQaJAIFaiQKlf
okBpLqJAnS6iQAROokBPNaJA6kWiQAtBokBlXqJAe1qiQNBLokAlVKJA81OiQIJwokCvaqJA
UWKiQGNXokDFZKJAh0qiQFo6okBiZKJAvHCiQDVFokDFX6JAz1miQMV8okBiaqJA3YqiQKNv
okDxg6JA4oKiQJR9okCSfaJAu5KiQNCIokD6XaJAsoSiQAiJokDgV6JAwnaiQC6DokCubaJA
13WiQMl3okAWg6JA+YCiQFNgokBGhKJAjWCiQGFyokCwjaJATXeiQDKOokCtiaJAw5KiQEJw
okCadaJArXGiQEakokDaiaJAf4eiQBmSokCYf6JAAoqiQAuUokBDnaJAgo+iQICQokBTlaJA
RqmiQFmVokDewKJAxIiiQIuEokBfpKJAn7+iQFmIokB/gaJAc5aiQBypokD+iaJAuqGiQMGd
okAts6JAq6uiQFehokCTkaJA+6WiQMK5okDWwqJA8JOiQN+mokBwp6JAc5uiQJKgokD32qJA
WK6iQIPuokDnsaJAdKWiQKGhokAPvKJAFseiQFPOokBWy6JAgpeiQLG1okBfwKJAZ7CiQIGu
okAX16JALLuiQPHRokCNv6JAZ6miQHqzokBszKJAjteiQEqnokAataJAS8qiQO2/okAG26JA
pdqiQI/OokDs4KJANtWiQI/NokBA46JA3sqiQCLCokCAu6JA0c6iQNXJokDo4qJA38SiQM7J
okDOxKJAze6iQKXRokA05qJAadyiQD3PokCD0qJA6+OiQI7pokDW7qJA1bqiQGDhokB126JA
ttmiQBzaokDW96JAp9+iQND4okC26KJAeteiQJH+okCi3qJADuOiQH3YokCmCKNAecuiQIjf
okC7z6JAs/GiQO/fokDG66JAU+aiQKMDo0Dh76JAkdKiQHQVo0AFGKNAF+CiQIsMo0CD/qJA
M/eiQEPJokDf66JAOfKiQCIGo0CL/qJA9uyiQKTyokBMEaNAoA2jQBUNo0B7/aJAKQGjQE/3
okAx9qJAlCOjQLMNo0A6/KJAYPiiQOIro0DR0aJAtQujQOkUo0COGqNAwACjQD8Uo0DD9qJA
x/6iQHkoo0DBC6NApAOjQLIoo0A3AKNAV+eiQP8co0DGFqNAoTSjQKobo0CsHKNAmhujQD8B
o0COOaNANiSjQEAHo0CEGaNApyejQJf0okBTDqNA4DSjQC//okCKHaNA4O6iQLYMo0A3JKNA
Ei+jQEAjo0DSLaNAjiqjQKwqo0BhBKNAr06jQOEho0BnOKNAkCyjQCARo0BeIKNA8zKjQNs0
o0CmPaNAxTKjQGUvo0ARS6NAOzKjQFlKo0DOLKNAPBKjQBUZo0BJEaNAOCejQIpGo0CVL6NA
lTWjQH0uo0CsOKNAHDejQCBQo0CwSaNAGyyjQLNUo0DHDqNAxD+jQHQno0DzRqNAWDqjQFBB
o0DNL6NAiVijQB5No0CeTqNAY1ijQH9Bo0DJSKNAZ1GjQPdAo0A+SqNAoVGjQIlQo0AQX6NA
IXOjQD5fo0B4VaNASmGjQJdSo0CzKqNA90+jQPRPo0DISaNATE+jQBhNo0BPQ6NAykijQNVc
o0ApZKNAtVejQOVjo0AxXqNAp2yjQHdZo0D2ZKNAyE+jQKVfo0CFX6NA0lCjQH1fo0ChZKNA
5GGjQAByo0Aoc6NAOFujQAJ/o0D8cKNAnVGjQH9oo0A6k6NAOWyjQHJro0D3PKNACYOjQHGG
o0DrZaNAIVSjQNJQo0CceKNAckCjQA16o0AheKNA5GCjQCVwo0CZaqNAT36jQEh+o0BBgaNA
l3ajQAheo0BAg6NAdFGjQFiQo0CbgKNAwY6jQPF7o0C7dKNAN3CjQGmUo0D0eKNA632jQBB6
o0DfiKNAdHajQC6Po0AveKNAvoKjQKZ5o0CAbqNAzIKjQJepo0A/kKNAfGyjQJmMo0ABlqNA
2oSjQCF4o0B7eKNAboSjQIXGo0AHZaNAyXqjQK6Io0CpdaNAtoqjQAt8o0CwmKNAtIajQBeU
o0CqkqNA7pKjQImeo0B8nKNARaujQC2Io0DlkaNArZOjQFGVo0C7raNAXZejQIZ4o0CKoqNA
paKjQJ+Ro0C+rKNAi4ejQJ2vo0CSpKNADLGjQBPVo0CjcaNAC7ujQAyio0AAg6NA75yjQOrH
o0D8laNAPLOjQLx9o0DAt6NA6aSjQAWxo0ATq6NAiLyjQO+5o0BFr6NAwpijQHuro0D+0aNA
opqjQF61o0CfraNASqOjQOnOo0AY2aNAPeujQEGyo0BCwKNAdbWjQFe1o0Ci36NAUtujQCOl
o0D/7KNAp66jQP+Lo0A43qNA68ajQDC/o0Chy6NAuMijQB/Eo0Cr0qNAMq6jQJnuo0D5x6NA
L4qjQC/Co0Ac16NAvMujQHvdo0DuuaNALNOjQPbNo0BV6qNAZ9qjQGK6o0CqzqNAhN6jQIbE
o0C/2KNAFNGjQOPro0A42qNAKN2jQGPlo0BcwaNA5/KjQBIHpECf6aNALuOjQMDAo0As6qNA
I9GjQELqo0C/yKNAFeCjQMjWo0BOB6RAk/OjQOHco0BD0aNAI9ijQErJo0BF2qNAU92jQBrp
o0DYyKNAwNejQGbKo0Bx/qNAmPSjQF3jo0AS5aNAUfKjQDbmo0Dd6qNAFOSjQA7po0C77qNA
jfOjQLPvo0Dg/6NAmO6jQBgFpECy/qNAX/6jQKD/o0Cz/6NAsvyjQC8LpEBr4aNAHPajQN8n
pECl5aNAE+CjQOLzo0CH66NAdASkQHH0o0AS/KNAZAikQGsQpEBj+KNANwWkQF7mo0DEIKRA
/uajQIf9o0BDHqRAmhCkQKgYpEAAFKRAiQmkQD3so0AgIaRAYuyjQL4cpEB3DaRA1PWjQKQB
pECHKqRAsvyjQFACpEBWFqRADwWkQHcMpEAu+aNA8wCkQIsSpEDN8qNAhSCkQKEapEBvB6RA
CwykQEQIpEDHDaRAo/+jQN8TpECZHqRApBOkQDAppEDEGqRAGD+kQBcxpECoMqRANwikQF7v
o0ANLaRAXhukQAsDpEBQR6RADAWkQKtIpEA6CaRAGQWkQBkspECuLKRA6imkQLEipED+WaRA
bRCkQJ4qpEApMaRATBKkQFMhpEBrQqRALCmkQFJDpEAIRaRAnjWkQG0kpEAqOKRAAy6kQDVL
pEA4RaRAKkCkQOYppEDVPqRA7jCkQFMlpEBwZqRArmKkQJQYpEBdQKRAv1ykQAIypECKB6RA
5FCkQMZNpEB8T6RAV2ukQGs5pEDUQ6RA1S2kQNlQpEBqQKRASkakQCM8pEAEUKRA7yOkQE56
pEDrLqRA3ESkQA5dpEBpUqRABU+kQG5JpEAXaqRAzhSkQPVMpEDEVqRAQV6kQMU8pEBcb6RA
G2ekQOFPpEBoXKRAfWSkQEdvpECPdqRALHqkQN08pECqeaRA3GykQAdipECcMKRA2jykQHVN
pECgTqRAF1GkQGRepED3XqRAkF6kQD5MpEByXqRAtFGkQGxNpEBtVqRAS2qkQCpTpEDOOqRA
qXGkQFCBpECUUqRAsHqkQGx6pEDlVqRAT3WkQCZ3pEBuWqRAPm6kQGhwpEBNa6RAFWGkQChe
pEASaKRAh1OkQDd1pECVZaRA52akQP1kpEDBaqRAaV2kQEJcpECgfKRAeF+kQPJjpEBodqRA
x22kQB9spEAZaKRAmHOkQCdSpECId6RAe3OkQMqXpEAtbKRAI3OkQEJ+pEDcmaRAxIKkQDNt
pEB+kaRAHq6kQBeZpECGd6RAzXSkQOqCpEDkZ6RA+3CkQKl0pEAfpaRAG2ikQLF6pEAzfqRA
GJakQHWGpEA2eqRA8IKkQCCDpECvYaRAY4akQC+KpEDubqRAXnmkQIOHpEBDuqRA1G6kQKS0
pEDJsaRAD4CkQNWWpEBQi6RAEIikQNxvpEA6taRAfIGkQHWQpEBFqKRAHJCkQGWypECgi6RA
HKKkQEWOpEA6cKRA432kQJeRpEAqg6RA15GkQBmjpEB0nKRAo56kQBV/pECTgqRAn5OkQPh9
pEC9kqRAfGakQH65pECJkaRAt76kQNGxpEC6vqRAgJ6kQHWfpEB2maRAt62kQBTKpEAIi6RA
7LOkQPerpEAdoaRAnKqkQL2lpEAHv6RA65ikQOS6pEDczKRAc7GkQPCIpEA3p6RAfaCkQIm8
pED7xKRA9sakQDeypEBU8KRA6ZGkQDDJpEBtu6RAkLWkQGzBpEBEsqRAw7SkQCXQpEDTsKRA
mM+kQJappEA7r6RA/q+kQE+OpEDpm6RAY7SkQIbBpECNvKRAJcmkQK7VpEC2s6RAYcKkQNq/
pEAQtqRASbekQF2upEDToqRAi9WkQPq1pEBClaRAs7qkQPzMpEAGm6RAetekQOOjpEAgy6RA
saakQKPLpEBY16RA3MukQKC/pEDNl6RAW8CkQA/YpED+qqRAdPakQDTEpECo5KRANKmkQHDb
pED60qRA0dakQAbIpECQv6RAANekQBvtpEAR0qRAt8GkQLDOpECixaRAXr6kQH3OpEDLsqRA
kcqkQILWpEDA2KRACOikQEzJpEDny6RA8fikQHLlpED0zqRAEMikQC/SpEDkuqRA/9ukQJ/f
pECo0KRAlOykQLDupECl7aRAAfKkQD3ipEBByqRAgwClQJnPpEDJ3qRAwtakQCLjpECZ16RA
V+qkQLfSpEBM5aRAz+OkQIjJpEA236RAyeakQH7qpECD5qRA</AssayYData></Step><Step><CommonData><SampleLocation>1</SampleLocation><SampleID>Octet Buffer</SampleID><SampleGroup></SampleGroup><SampleInfo></SampleInfo><SampleRow>K</SampleRow><SamplePlate>1</SamplePlate><WellType>BUFFER</WellType><Concentration>-1</Concentration><ConcentrationUnits>µg/ml</ConcentrationUnits><MolarConcentration>-1</MolarConcentration><MolarConcUnits>nM</MolarConcUnits><MolecularWeight>0</MolecularWeight><Temperature>30</Temperature><StartTime>3950497</StartTime><AssayTime>300</AssayTime></CommonData><FlowRate>1000</FlowRate><StepType>DISASSOC</StepType><StepName>Dissociation</StepName><StepStatus>OK</StepStatus><ActualTime>300.001</ActualTime><CycleTime>0.2</CycleTime><AssayXData Points="1500">VqBXRYmjV0XFpldF8KlXRSOtV0VasFdFibNXRby2V0XwuVdFI71XRVbAV0WJw1dFvMZXRfDJ
V0UjzVdFVtBXRYnTV0W81ldF8NlXRSPdV0Va4FdFjeNXRbzmV0Xw6VdFI+1XRVbwV0WJ81dF
vPZXRfT5V0Uj/VdFVgBYRY0DWEW8BlhF8AlYRSMNWEVWEFhFjRNYRbwWWEXwGVhFJx1YRVYg
WEWNI1hFvCZYRfQpWEUnLVhFWjBYRYkzWEXANlhF8DlYRSM9WEVWQFhFiUNYRbxGWEXwSVhF
J01YRVZQWEWJU1hFwFZYRfRZWEUnXVhFVmBYRYljWEW8ZlhF8GlYRSNtWEVWcFhFjXNYRcB2
WEX0eVhFI31YRVaAWEWJg1hFvIZYRfCJWEUjjVhFVpBYRYmTWEW8llhF9JlYRSedWEVaoFhF
iaNYRcCmWEX0qVhFI61YRVawWEWJs1hFvLZYRfS5WEUjvVhFVsBYRW/EWEX6xlhF8MlYRSPN
WEVW0FhFidNYRbzWWEXw2VhFI91YRVbgWEWJ41hFvOZYRfDpWEUj7VhFVvBYRY3zWEW89lhF
9PlYRSf9WEVWAFlFjQNZRbwGWUX0CVlFIw1ZRVoQWUWNE1lFvBZZRfAZWUUjHVlFViBZRYkj
WUXAJllF9ClZRSMtWUVWMFlFiTNZRbw2WUX0OVlFIz1ZRVZAWUWJQ1lFwEZZRfBJWUUnTVlF
VlBZRYlTWUXAVllF8FlZRSNdWUVWYFlFjWNZRbxmWUXwaVlFI21ZRVZwWUWNc1lFvHZZRfB5
WUUjfVlFVoBZRYmDWUW8hllF8IlZRSONWUVakFlFjZNZRbyWWUX0mVlFJ51ZRVagWUWNo1lF
wKZZRfCpWUUjrVlFVrBZRYmzWUXAtllF9LlZRSO9WUVawFlFicNZRbzGWUXwyVlFI81ZRVbQ
WUWJ01lFwNZZRfDZWUUj3VlFWuBZRYnjWUXA5llF8OlZRSPtWUVW8FlFifNZRbz2WUX0+VlF
I/1ZRVYAWkWJA1pFwAZaRfQJWkUnDVpFVhBaRYkTWkW8FlpF8BlaRSMdWkVWIFpFjSNaRcAm
WkX0KVpFIy1aRVowWkWJM1pFwDZaRfA5WkUjPVpFWkBaRYlDWkW8RlpF9ElaRSNNWkVaUFpF
jVNaRcBWWkX0WVpFI11aRVpgWkWJY1pFvGZaRfBpWkUjbVpFVnBaRY1zWkXAdlpF8HlaRSN9
WkVagFpFiYNaRbyGWkX0iVpFJ41aRVaQWkWJk1pFvJZaRfSZWkUjnVpFVqBaRYmjWkW8plpF
9KlaRSetWkVasFpFibNaRby2WkXwuVpFJ71aRVbAWkWJw1pFvMZaRfTJWkUjzVpFWtBaRYnT
WkW81lpF9NlaRSPdWkVW4FpFieNaRbzmWkX06VpFYu5aRe7wWkWJ81pFwPZaRfT5WkUj/VpF
VgBbRYkDW0W8BltF8AlbRSMNW0VaEFtFiRNbRbwWW0X0GVtFIx1bRVogW0WNI1tFvCZbRfAp
W0UjLVtFWjBbRYkzW0W8NltF8DlbRSM9W0VaQFtFoERbRS9HW0XwSVtFJ01bRVZQW0WJU1tF
wFZbRfRZW0UjXVtFWmBbRYljW0W8ZltF8GlbRSNtW0VacFtFiXNbRcB2W0XweVtFI31bRVaA
W0WNg1tFvIZbRfCJW0UjjVtFWpBbRYmTW0XAlltF8JlbRSOdW0VWoFtFjaNbRbymW0X0qVtF
I61bRVqwW0WJs1tFvLZbRfS5W0UjvVtFVsBbRYnDW0W8xltF8MlbRSPNW0VW0FtFidNbRbzW
W0Xw2VtFI91bRVrgW0WJ41tFwOZbRfTpW0Un7VtFVvBbRZHzW0XA9ltF8PlbRSP9W0VWAFxF
iQNcRbwGXEXwCVxFJw1cRVYQXEWJE1xFvBZcRfAZXEUjHVxFViBcRYkjXEW8JlxF9ClcRSMt
XEVWMFxFiTNcRcA2XEXwOVxFIz1cRVZAXEWNQ1xFvEZcRfRJXEUnTVxFVlBcRYlTXEW8VlxF
8FlcRSNdXEVaYFxFiWNcRcBmXEXwaVxFI21cRVpwXEWNc1xFvHZcRfB5XEUjfVxFVoBcRY2D
XEW8hlxF9IlcRSONXEVWkFxFiZNcRcCWXEXwmVxFI51cRVagXEWNo1xFwKZcRfCpXEUjrVxF
WrBcRY2zXEW8tlxF8LlcRSO9XEVawFxFicNcRbzGXEXwyVxFJ81cRVrQXEWJ01xFvNZcRfDZ
XEUn3VxFVuBcRYnjXEW85lxF9OlcRSPtXEVa8FxFifNcRbz2XEXw+VxFJ/1cRVYAXUWJA11F
vAZdRfAJXUUjDV1FVhBdRYkTXUXAFl1F8BldRSMdXUVWIF1FjSNdRcAmXUX0KV1FIy1dRVYw
XUWNM11FvDZdRfQ5XUUjPV1FVkBdRY1DXUW8Rl1F9EldRSdNXUVWUF1FiVNdRbxWXUXwWV1F
I11dRVpgXUWNY11FvGZdRfBpXUUjbV1FVnBdRY1zXUW8dl1F9HldRSN9XUVWgF1FiYNdRbyG
XUXwiV1FI41dRVaQXUWNk11FvJZdRfCZXUUjnV1FVqBdRYmjXUXApl1F8KldRSOtXUVasF1F
ibNdRby2XUX0uV1FJ71dRVrAXUXRxF1FWMddRfDJXUUnzV1FVtBdRY3TXUW81l1F8NldRSPd
XUVa4F1FjeNdRbzmXUXw6V1FI+1dRVrwXUWN811FvPZdRfD5XUUn/V1FVgBeRY0DXkW8Bl5F
9AleRScNXkVaEF5FiRNeRbwWXkXwGV5FIx1eRVogXkWJI15FwCZeRfApXkUnLV5FVjBeRYkz
XkXANl5F9DleRSM9XkVWQF5FiUNeRcBGXkXwSV5FI01eRVpQXkWJU15FvFZeRfBZXkUjXV5F
VmBeRY1jXkW8Zl5F8GleRSNtXkVacF5FiXNeRbx2XkXweV5FI31eRVqAXkWJg15FwIZeRfCJ
XkUjjV5FVpBeRY2TXkW8ll5F8JleRSedXkVWoF5FjaNeRbymXkXwqV5FI61eRTuxXkXDs15F
vLZeRfC5XkUjvV5FVsBeRY3DXkW8xl5F8MleRSPNXkVW0F5FidNeRcDWXkXw2V5FI91eRVbg
XkWN415FvOZeRfDpXkUj7V5FWvBeRYnzXkW89l5F8PleRSf9XkVWAF9F5QRfRXUHX0X8CV9F
Iw1fRVYQX0WJE19FvBZfRfQZX0UjHV9FWiBfRY0jX0XAJl9F9ClfRSMtX0VaMF9FiTNfRcA2
X0X0OV9FJz1fRVZAX0WJQ19FvEZfRfBJX0UjTV9FWlBfRYlTX0W8Vl9F9FlfRSNdX0VaYF9F
iWNfRbxmX0XwaV9FI21fRVZwX0WJc19FvHZfRfR5X0UnfV9FVoBfRYmDX0W8hl9F9IlfRSON
X0VWkF9FiZNfRcCWX0X0mV9FJ51fRVagX0WJo19FvKZfRfSpX0UjrV9FVrBfRYmzX0W8tl9F
8LlfRSO9X0VWwF9FjcNfRbzGX0XwyV9FJ81fRVbQX0WJ019FvNZfRfTZX0Uj3V9FVuBfRYnj
X0W85l9F8OlfRSPtX0VW8F9FjfNfRbz2X0X0+V9FJ/1fRVYAYEWJA2BFvAZgRfAJYEUjDWBF
VhBgRYkTYEW8FmBF9BlgRScdYEVaIGBFjSNgRbwmYEXwKWBFIy1gRVYwYEWJM2BFwDZgRfA5
YEUjPWBFVkBgRYNEYEUOR2BF8ElgRSNNYEVaUGBFiVNgRbxWYEX0WWBFI11gRVZgYEWJY2BF
vGZgRfBpYEUjbWBFWnBgRYlzYEXAdmBF8HlgRSd9YEVWgGBFiYNgRcCGYEXwiWBFJ41gRVaQ
YEWNk2BFvJZgRfSZYEUnnWBFVqBgRYmjYEW8pmBF8KlgRSOtYEVWsGBFibNgRby2YEXwuWBF
I71gRVbAYEWNw2BFwMZgRfDJYEUjzWBFVtBgRYnTYEW81mBF9NlgRSPdYEVW4GBFjeNgRbzm
YEXw6WBFJ+1gRVbwYEWW82BFwPZgRfD5YEUj/WBFVgBhRY0DYUW8BmFF9AlhRScNYUVaEGFF
iRNhRcAWYUXwGWFFIx1hRVogYUWJI2FFvCZhRfApYUUjLWFFWjBhRYkzYUW8NmFF8DlhRSM9
YUVWQGFFiUNhRbxGYUXwSWFFI01hRVZQYUWJU2FFvFZhRfBZYUUnXWFFVmBhRYljYUXAZmFF
8GlhRSNtYUVWcGFFiXNhRbx2YUXweWFFI31hRVaAYUWJg2FFwIZhRfiJYUUjjWFFVpBhRY2T
YUW8lmFF8JlhRSedYUVaoGFFiaNhRbymYUXwqWFFJ61hRVawYUWJs2FFwLZhRfC5YUUjvWFF
VsBhRYnDYUXAxmFF9MlhRSfNYUVW0GFFjdNhRbzWYUXw2WFFI91hRVbgYUWN42FFvOZhRfDp
YUUj7WFFWvBhRY3zYUW89mFF9PlhRSP9YUVaAGJFiQNiRbwGYkXwCWJFIw1iRVYQYkWNE2JF
vBZiRfQZYkUjHWJFViBiRY0jYkW8JmJF8CliRSMtYkVWMGJFjTNiRbw2YkX0OWJFIz1iRVpA
YkWJQ2JFvEZiRfBJYkUjTWJFVlBiRYlTYkXAVmJF8FliRSNdYkVaYGJFiWNiRbxmYkXwaWJF
I21iRVZwYkVWdGJF3XZiRfB5YkUjfWJFWoBiRYmDYkXAhmJF8IliRSONYkVWkGJFjZNiRcCW
YkXwmWJFI51iRVagYkWNo2JFvKZiRfSpYkUnrWJFVrBiRYmzYkXAtmJF8LliRSe9YkVWwGJF
7sRiRXnHYkUAymJFI81iRVbQYkWJ02JFvNZiRfDZYkUv3WJFWuBiRYnjYkW85mJF8OliRSPt
YkVa8GJFjfNiRcD2YkXw+WJFJ/1iRVoAY0WNA2NFvAZjRfQJY0UjDWNFVhBjRYkTY0W8FmNF
8BljRSMdY0VWIGNFjSNjRbwmY0X0KWNFIy1jRVowY0WJM2NFvDZjRfQ5Y0UnPWNFWkBjRY1D
Y0W8RmNF9EljRSNNY0VaUGNFiVNjRcBWY0X0WWNFI11jRVpgY0WJY2NFvGZjRfBpY0UjbWNF
WnBjRYlzY0XAdmNF8HljRSN9Y0VWgGNFiYNjRbyGY0XwiWNFJ41jRVaQY0WJk2NFvJZjRfCZ
Y0UnnWNFVqBjRYmjY0XApmNF8KljRSOtY0VWsGNFibNjRby2Y0XwuWNFI71jRVrAY0WNw2NF
vMZjRfDJY0UjzWNFWtBjRYnTY0W81mNF8NljRSPdY0VW4GNFjeNjRbzmY0Xw6WNFJ+1jRVrw
Y0WN82NFwPZjRfD5Y0Uj/WNFWgBkRX8EZEUKB2RF9AlkRScNZEVaEGRFkRNkRbwWZEX0GWRF
Jx1kRVYgZEWJI2RFvCZkRfQpZEUnLWRFWjBkRYkzZEW8NmRF8DlkRSc9ZEVWQGRFiUNkRbxG
ZEXwSWRFI01kRVpQZEWJU2RFvFZkRfRZZEUnXWRFVmBkRY1jZEW8ZmRF8GlkRSNtZEVacGRF
jXNkRbx2ZEXweWRFJ31kRVaAZEWJg2RFvIZkRfCJZEUjjWRFVpBkRYmTZEXAlmRF8JlkRSOd
ZEVWoGRFjaNkRbymZEXwqWRFI61kRVawZEWNs2RFvLZkRfC5ZEUjvWRFWsBkRYnDZEW8xmRF
9MlkRSPNZEVW0GRFjdNkRbzWZEX02WRFJ91kRVrgZEWJ42RFwOZkRfTpZEUj7WRFWvBkRYnz
ZEXA9mRF9PlkRSf9ZEVaAGVFiQNlRcAGZUX0CWVFJw1lRVYQZUWNE2VFvBZlRfAZZUUnHWVF
ViBlRYkjZUW8JmVF8CllRSctZUVWMGVFjTNlRcA2ZUX0OWVFJz1lRVZAZUXdRGVFZEdlRfRJ
ZUUnTWVFVlBlRYlTZUW8VmVF8FllRSNdZUVWYGVFiWNlRcBmZUX0aWVFI21lRVZwZUWJc2VF
wHZlRfB5ZUUjfWVFVoBlRY2DZUXAhmVF8IllRSONZUVWkGVFjZNlRbyWZUX0mWVFJ51lRVag
ZUWJo2VFvKZlRfCpZUUjrWVFVrBlRYmzZUW8tmVF8LllRSO9ZUVWwGVFicNlRbzGZUXwyWVF
I81lRVbQZUWJ02VFvNZlRfDZZUUn3WVFVuBlRY3jZUXA5mVF8OllRSPtZUVa8GVFifNlRbz2
ZUX0+WVFI/1lRVoAZkWJA2ZFvAZmRfQJZkUjDWZFYhBmRY0TZkW8FmZF8BlmRScdZkVWIGZF
iSNmRcAmZkX0KWZFIy1mRVYwZkWJM2ZFKzdmRfA5ZkUnPWZFVkBmRYlDZkXARmZF8ElmRSdN
ZkVWUGZFiVNmRcBWZkXwWWZFJ11mRVZgZkWJY2ZFvGZmRfBpZkUjbWZFVnBmRY1zZkW8dmZF
8HlmRSd9ZkVWgGZFuIRmRUSHZkXwiWZFJ41mRVaQZkWJk2ZFvJZmRfCZZkUnnWZFVqBmRY2j
ZkXApmZF8KlmRSOtZkVWsGZFibNmRby2ZkXwuWZFI71mRVbAZkWJw2ZFwMZmRfDJZkUjzWZF
VtBmRY3TZkXA1mZF8NlmRSfdZkVW4GZFieNmRcDmZkX46WZFJ+1mRVbwZkWJ82ZFvPZmRfD5
ZkUj/WZFWgBnRY0DZ0W8BmdF8AlnRSMNZ0VWEGdFjRNnRbwWZ0XwGWdFIx1nRVYgZ0WJI2dF
vCZnRfApZ0UjLWdFVjBnRYkzZ0W8NmdF9DlnRSc9Z0VaQGdFiUNnRbxGZ0X0SWdFJ01nRVZQ
Z0WJU2dFvFZnRfRZZ0UjXWdFYmBnRYljZ0W8ZmdF9GlnRSNtZ0VWcGdFiXNnRbx2Z0XweWdF
J31nRVaAZ0WJg2dFwIZnRfSJZ0UnjWdFWpBnRY2TZ0W8lmdF8JlnRSOdZ0VWoGdFiaNnRcCm
Z0XwqWdFI61nRVawZ0WJs2dFvLZnRfS5Z0UjvWdFVsBnRcnEZ0VUx2dF8MlnRSPNZ0Va0GdF
idNnRbzWZ0Xw2WdFI91nRVbgZ0WN42dFvOZnRfTpZ0Uj7WdFVvBnRYnzZ0W89mdF9PlnRSP9
Z0VWAGhFiQNoRcAGaEXwCWhFJw1oRVoQaEWJE2hFvBZoRfQZaEUjHWhFViBoRYkjaEW8JmhF
8CloRSMtaEVaMGhFiTNoRcA2aEXwOWhFIz1oRVZAaEWJQ2hFvEZoRfRJaEUjTWhFWlBoRYlT
aEXAVmhF8FloRSNdaEVaYGhFjWNoRbxmaEXwaWhFJ21oRVZwaEWNc2hFvHZoRfR5aEUjfWhF
VoBoRYmDaEW8hmhF9IloRSONaEVWkGhFiZNoRcCWaEXwmWhFI51oRVqgaEWJo2hFvKZoRfSp
aEUjrWhFVrBoRY2zaEXAtmhF9LloRSO9aEVWwGhFicNoRcXGaEX0yWhFJ81oRVbQaEWJ02hF
vNZoRfDZaEUj3WhFVuBoRY3jaEW85mhF9OloRSftaEVW8GhFifNoRbz2aEXw+WhFI/1oRVYA
aUWgBGlFJwdpRfAJaUUjDWlFVhBpRY0TaUW8FmlF8BlpRSMdaUVWIGlFiSNpRbwmaUXwKWlF
Iy1pRVYwaUWNM2lFvDZpRfA5aUUjPWlFWkBpRY1DaUW8RmlF8ElpRSNNaUVaUGlFiVNpRcBW
aUXwWWlFI11pRVZgaUWJY2lFvGZpRfBpaUUjbWlFVnBpRYlzaUW8dmlF9HlpRSN9aUVagGlF
iYNpRbyGaUX0iWlFI41pRVqQaUWJk2lFvJZpRfCZaUUjnWlFVqBpRYmjaUW8pmlF9KlpRSet
aUVasGlFibNpRby2aUXwuWlFI71pRVbAaUWNw2lFwMZpRfDJaUUnzWlFVtBpRYnTaUW81mlF
8NlpRSfdaUVW4GlFjeNpRcDmaUX06WlFI+1pRVbwaUWN82lFvPZpRQD6aUUj/WlFWgBqRY0D
akW8BmpF8AlqRSMNakVaEGpFjRNqRbwWakXwGWpFJx1qRVogakWJI2pFvCZqRfQpakUjLWpF
VjBqRY0zakW8NmpF8DlqRSM9akVWQGpFiUNqRbxGakX0SWpFJ01qRVpQakWJU2pFwFZqRfBZ
akUnXWpF</AssayXData><AssayYData Points="1500">r1ykQHqBpEClpaRAf6qkQOiJpEC0jKRAO6CkQDCkpEAFvKRAELOkQBXEpEBKwaRAML+kQCyb
pEA5q6RA/8OkQKifpEB01KRAR8GkQOejpECa46RA5dSkQJDSpECRw6RAQ8SkQK3FpEBquKRA
kMOkQPTNpEAzraRAiq6kQBG+pECOt6RAzcakQNK9pEB/rKRABuikQHu0pEAj0KRAXbGkQBrh
pEAlpqRA9s6kQG7cpEDrz6RAV76kQK/GpEChy6RAy8OkQPWfpEAy7KRAXbWkQNi8pEAgyKRA
jbKkQOm9pEB+26RAcsmkQJixpECIoaRAt7WkQIbIpECr5qRAs8mkQBrApEC0pqRAh7+kQMXq
pECWs6RA6tukQMHTpEBhrqRAwc6kQBu9pEDa2aRAXrykQBXZpEDd26RAt6mkQKzjpEAYxaRA
9JykQJPDpEDVtaRAbuukQLHwpEC7iqRA/OqkQEGxpEBmo6RAPNGkQOu3pECL2aRAVL6kQJjy
pECNyaRAUbSkQIjBpEAvuaRA7IKkQBnapEDz06RAP7KkQFvIpEBjyaRAkbqkQJTOpEDS1qRA
O8OkQA3MpEBos6RAkr2kQGu/pEAdy6RA9dmkQG6zpEBrsKRAws2kQP7XpEDjzaRAvPOkQIrd
pED6t6RAzb6kQCjWpEDC3KRAbqekQPWrpECH7KRAUc+kQEnJpEBWy6RA4OqkQNXNpEAkx6RA
z+ekQK7GpECxvaRAn7mkQMbGpEBI4KRAU/ukQGnUpEB4uKRAPcKkQIaxpEARzqRAR7akQBDG
pEDUsKRARtmkQGfWpEDtuqRAg7akQOfHpEC80KRAxtykQLzfpEB43KRAQdCkQFDmpEBP3KRA
VsCkQLW1pEDQ3KRAIsSkQM7epECh3KRAa9SkQPripEDJ7aRA9b+kQMW/pEBYz6RAW9GkQH/p
pEASpaRAHNmkQFfLpEBFzKRAhO2kQC3ZpECVwKRAftukQOfNpEBl2qRAnOmkQO/RpEBJwaRA
bMmkQEPjpEDTraRAHs2kQE7opECyz6RAuNSkQMzBpED7x6RAHuCkQKfEpEC3uKRAjt2kQObZ
pECC0aRAuLWkQMvdpEDPyKRAn/WkQJm6pECz06RAf9qkQJ/bpECG5KRAIL+kQFvPpED+rKRA
Ks+kQDfdpEAB76RANMGkQGm5pECt1aRA9dKkQCDxpEB+1aRA27ukQAClpECRxKRAYcCkQC7i
pEAk6qRA6dqkQA7kpEBB6KRAzdekQFrKpED386RAku6kQKPKpEAr4KRALcukQDLDpECJvqRA
gd2kQEXVpEBCCaVA5eekQG/XpECw2KRAdO+kQDzPpEBO6aRAL+6kQADEpEAq8KRA9+WkQMXI
pEDf1KRAu72kQMbjpEDx4qRAm+6kQLLvpEA696RAbSelQNbwpEDX46RAJMakQH63pEDV/qRA
8tykQBHypEAV56RAduCkQLrupEC+5KRAtuqkQAD2pEB/u6RAvu+kQHr1pECrz6RA9+mkQHzE
pEBN6KRAONukQBn1pEB5yqRA/M6kQGDZpEDHy6RAIeekQBvfpED26qRA68ikQKLUpEBx1KRA
DdakQK75pEDsvaRAgOqkQF7lpEAsyaRActWkQHv7pEBH5KRASrakQFjqpECJIKVA19ekQAf9
pECR6KRAwcakQNT7pEAS+qRAB+CkQJH0pEAB7aRAkd6kQI7bpEDI8qRAkOukQHPipEDN7qRA
dQGlQKXypECx96RAdeSkQPPnpECu46RAouqkQC3ZpECx1qRA8PukQG3VpECYxqRA5fikQBLl
pEBv36RA3N+kQEUJpUAw06RAmsqkQHn6pEAjz6RA++akQEr8pEBH26RACOCkQOnupEAG2aRA
1tykQK4KpUCb8aRAeNakQDwQpUDG1aRAb/GkQHrjpED7CaVA8tqkQMQhpUAA+aRA2sqkQAAB
pUCN6KRAPtGkQIvkpEC156RA/RClQP3lpECu4KRAI+CkQCPEpECLDqVAMvCkQHHVpEAs8qRA
3NCkQO7npEAe96RAjeCkQGPKpEDQzaRA3ROlQDv1pECpyqRACyKlQDQLpUBQ3KRAFwilQKQQ
pUAZ46RAfPikQPXopEAV+aRAZ+ykQH/lpEBUDKVAaAOlQHb9pEDy16RAqgilQLYGpUDR+aRA
ueSkQHLhpECKC6VADvekQD71pEAPEaVAegmlQELxpEDx/aRAmeekQJXopECT56RAiuCkQNn1
pEA25qRAoMakQCXopEDyB6VA+uqkQALNpECh76RA2dykQGHjpEAEBqVAk/6kQJ4dpUAXA6VA
YhWlQHv9pEDKEaVAuROlQFznpECI86RACQilQKHvpECx5aRA8eukQKvkpEDW9qRAE+2kQIb7
pECV5KRADQelQPIRpUCJ5qRAEMmkQNzrpECyDKVAz/ykQJoBpUBt4qRAu/CkQOb9pEBwBaVA
qdakQCfxpEClGqVAJvKkQBgIpUCK2KRApRelQPP6pEAWC6VA+OCkQEEHpUDR+6RAuQSlQDXf
pEB7F6VAkPmkQNQmpUDa1KRAYhilQFzRpEBX4aRAuxilQITypEBkI6VATSKlQGT+pEAvBqVA
8AilQNHkpEBk1KRACh6lQCXipECw5KRAPvGkQMf6pEC1CaVARfKkQAsGpUBa8KRA1vqkQPsU
pUCQ7qRAhhalQDkepUD//qRA2xKlQCobpUAsDqVApwilQFn6pEDsGKVAEwClQBgzpUAOFaVA
B/SkQDghpUBTJaVA9Q6lQOkNpUC8FaVAGeWkQA8CpUBUCaVAjhClQCUGpUBb7KRAPh+lQIX9
pECMF6VAiBelQNn4pEBGJaVAShulQBb5pECzI6VAlOikQAP6pEAZB6VAQBmlQAUYpUCa9KRA
RhylQKUYpUBi/6RAcAalQBQWpUAQ66RARAKlQK4bpUB296RA5g2lQEUApUAF/KRA+/CkQFL9
pEBEGqVAO/ykQFMWpUDDJKVA+wulQAcBpUBVC6VA6QulQI4EpUBZKqVAHvukQOULpUD5DaVA
g+ekQAH+pEDeDqVA++akQKz8pEBb/KRAAPakQKoCpUADDKVAOhqlQAkXpUDJG6VAcAqlQF/7
pECmH6VAp/OkQIvtpEAB8aRATQWlQKwLpUD39qRAQiOlQL8EpUAl7KRA5PukQHMRpUA4BKVA
sR6lQOj7pEDuOKVA5RGlQBkNpUBwD6VAwi6lQPYZpUBAHqVAgA+lQIwbpUDmNaVAHgKlQHMQ
pUDnB6VA9BylQDgYpUAjE6VAAwalQMPvpEC1EqVA2AOlQMYdpUBH9qRA8vSkQBUlpUCAC6VA
X+2kQAMXpUApF6VA1iKlQNsdpUCvEqVALjKlQA7dpEBGQ6VAuBSlQKz5pEA4CqVAIxilQLP4
pEAEKqVAwR+lQKH0pEClGKVAnyulQDwqpUAEMKVApCOlQMQgpUD9/KRAQC6lQNMnpUCP/aRA
UxSlQLcZpUCoHKVAdSelQDoXpUD1+qRA1gylQDARpUBRFqVA7xelQCoQpUDjOaVA1BOlQNIG
pUBII6VAASGlQPgipUBgMKVAPxSlQO0npUC+MKVAPwSlQLAXpUCOBqVAQTSlQCYdpUAQIqVA
kRSlQKRDpUCiG6VApjGlQOQSpUDiRqVAtgWlQNU7pUAmPqVAVSilQMcUpUD6EKVAjDulQNQY
pUD8KKVArQKlQC8epUCsIaVA8/ikQPIGpUDWBqVAPQqlQI8fpUD1M6VAjQClQF4HpUBl96RA
oSOlQLNBpUD5C6VAjAulQAcwpUATGKVA/CSlQGU3pUDmKKVAkB+lQIhEpUC2OKVAmgOlQDQk
pUCAOaVAvvmkQDI5pUDgM6VALhulQKoUpUCEQqVAGCKlQI0UpUDrLaVA7CilQF0vpUAzMqVA
xAKlQMoSpUDXEqVACSWlQAUspUCu/KRA/TalQHwQpUBrNKVArzSlQEY7pUAVKKVAhRulQNsV
pUDtD6VATSqlQHwkpUDDGKVA6DulQKwcpUBbKKVAsB2lQNE1pUAoTaVAKUClQIgcpUBDIqVA
sz6lQBtKpUCdJaVAWC6lQGY7pUDCIqVAGlqlQKgtpUAXC6VA5h6lQBlPpUCU96RAcQOlQGsz
pUA8J6VA0iSlQCQPpUDDNaVAjDmlQFokpUDrMaVAdSalQN8ipUC8TKVA7TKlQBQ+pUCQJKVA
EiylQJQqpUBvQaVAtkylQNompUB3RaVAlyqlQCZTpUAMMKVAUTulQCE3pUDlLaVAREKlQDQw
pUA5N6VAmCylQL0epUDEIaVAYyalQC1fpUCnT6VAXFelQMcrpUA+JqVAjTOlQHY/pUAh8aRA
UxmlQI0lpUCkUKVAfySlQNYbpUDsT6VAThylQFN0pUCCOKVAoy2lQAo9pUA9NKVAviilQGdS
pUAZTKVAuCqlQI1JpUDLMaVAqxOlQLr/pECrP6VA3A2lQF85pUDoQKVAVjulQKE8pUCQYqVA
AzulQNZDpUBpM6VAHTelQDAnpUD6JKVAS0ylQGkKpUAwNqVAblalQJsVpUAvQaVA5EulQEA4
pUAwI6VAwlClQEJSpUCWQKVAUFSlQIMTpUDbMqVAQTylQLdOpUACQqVAyS2lQIAupUDgHqVA
IUilQIU4pUCHIaVAfjmlQHBbpUBFRqVAHTWlQEo8pUBfRqVATTWlQHhDpUCOSaVA90mlQGBR
pUD0J6VAbTClQHUlpUCjVaVA4ESlQEMwpUCvP6VAy0GlQJw2pUBJPqVAiEGlQPZLpUDpSqVA
zVelQGBhpUDBRKVAqlylQOQopUBJMKVAN1mlQH0qpUBBDaVA71+lQEpKpUCqNaVAO0elQEc9
pUBYTaVAgEWlQCVjpUD2IKVADlOlQMxSpUBOUKVACEClQPRcpUAbI6VAyzSlQARSpUBvTaVA
bGGlQChrpUDnV6VAzE6lQCwlpUDeMaVAe0WlQEM+pUChVKVASCClQJIopUC8SaVASEylQCY3
pUBsQaVAElSlQNE2pUA0WaVAulelQG1RpUB4ZaVAayGlQMtDpUCCQqVAVBmlQDs3pUAuR6VA
QEGlQNk5pUBuQKVArz+lQCFxpUD6S6VAqDalQNNWpUDzQaVAZ1ylQGxcpUDdU6VAZF+lQINJ
pUDZaKVAs1ylQGRNpUA+S6VAc0mlQDtcpUANVaVANValQCBSpUDJQ6VA/1OlQA42pUCZZaVA
9ESlQF5bpUC1OKVAd0ylQJRdpUD3UKVA/GGlQLdnpUApW6VA5EOlQFdDpUDnX6VAZkOlQKte
pUDBb6VAuFOlQF0/pUBFS6VATFulQIRipUDxU6VAyHWlQDNSpUAIc6VAi2ClQPofpUAbWKVA
ZTSlQOtEpUAhYqVA6UilQK5BpUC7NaVA4GWlQFFppUDIWqVASn+lQHJHpUD3KqVAuGClQD6J
pUBJT6VAfUilQF9hpUDyZqVAfF6lQDZdpUAMUaVAdDWlQMdBpUDba6VA2lGlQPdZpUDweqVA
NmelQEtPpUALVKVALlylQHJHpUDgQ6VARkilQDNfpUCzZKVAfzSlQHhOpUD7iKVAyE+lQAEq
pUDsQaVAsjilQGwspUBodaVAk3ClQFpipUDRTaVAa1ylQCFrpUAWUqVAhUWlQDVNpUBCZqVA
fEulQLpTpUBVYaVAXEKlQCtRpUBFPqVAm2WlQLpcpUDmYaVAWF2lQEh5pUABMaVAL1GlQNFk
pUDIV6VAoVqlQC5RpUBZVqVAqj6lQBNcpUCcY6VAYT+lQCpKpUAIZqVA9GOlQH9hpUAFR6VA
bUulQCBppUAUWKVA7FulQKRxpUBYU6VA9i6lQLBRpUDGUKVAykylQIaDpUADUqVAKGelQPdH
pUA/dKVASFelQDs3pUA0bqVA71OlQF9SpUBHTqVAzn+lQEVWpUBtZKVAEn+lQOtVpUAMXaVA
/HelQE9HpUB/aKVAV26lQERxpUB+ZqVAZ3WlQP1spUBTRKVAJW+lQB1EpUA5XaVAU22lQIZW
pUB4YqVAjUylQP5apUA7eaVAm4alQGFipUBTYaVASlilQMRqpUCedqVAAoClQEpXpUDtZqVA
W0alQD9npUDZbaVAV12lQHxXpUB2XKVAoWelQIVrpUA9VaVAiXmlQBtCpUAfeaVAt5ClQLBN
pUAycqVAcWylQB5UpUA8U6VAOnelQOhfpUDjUaVAemalQDJVpUBla6VA83KlQIOCpUCHfaVA
DnmlQEhtpUD2XKVAoVOlQIVcpUDtK6VAXG+lQLZtpUDuP6VAE1qlQKJ7pUCsfKVAHYilQP5y
pUBoX6VAFXqlQJh1pUA0aKVAklKlQM2MpUAEkqVAkmulQAdPpUAsP6VA8XilQDlepUCpgaVA
pGSlQLdYpUD4hqVABXSlQMN6pUAPZKVAl1ulQFpYpUDof6VAbmqlQLpSpUDUZ6VA/JWlQLBx
pUDqiaVADImlQNFgpUCLdaVATIelQGNtpUBugqVA0VGlQDhfpUDMaaVAN3KlQGVcpUDEW6VA
aYelQPh+pUA2X6VAgXClQLpWpUBHU6VA33elQA9+pUC6jaVAnnKlQN6CpUAYbKVAgoulQCZT
pUBQcaVAJXulQCmopUBdiaVAp4ClQH1ZpUDGbaVAh4OlQC1RpUDmcKVAJF+lQMZFpUClaaVA
PHKlQLhkpUB5kaVA/GClQGGFpUBjjKVAlnmlQKp6pUCQpqVA7XGlQKNnpUANgaVAFnmlQDFd
pUDZfaVArH+lQOxdpUCBS6VA+IelQEqRpUBbp6VA45+lQKaBpUCxgqVAylylQEF9pUAFeqVA
XIilQP+FpUDxbKVA52mlQBlqpUD1kqVAioilQNNzpUD4haVAlI6lQONKpUAmjaVACo+lQNV6
pUDygaVAeZSlQE5wpUB1l6VAdEylQI2bpUBSiaVA3XmlQL6UpUCudqVAnXulQK1dpUDKlqVA
YISlQHFipUD2naVAR5OlQGZ7pUA8cKVAJ4elQEV3pUA2iqVAsqGlQM5+pUBAeaVAqoilQLSD
pUDgg6VAAHylQNt9pUDah6VA+V+lQOGfpUCrh6VAa5KlQEe/pUB2j6VAIXClQBRspUB2gKVA
zXqlQIhqpUBLeKVA92+lQAV0pUBdhqVAu5ulQDJ1pUAyh6VAiHilQOiCpUDMfaVA8XSlQJx8
pUAOaaVAuYGlQJCXpUA5maVAvJmlQI2ApUB4l6VAMHulQEKKpUBxlKVAuY2lQKSgpUB2i6VA
xq6lQIFDpUBkdaVAjJGlQBVapUA6f6VAJoKlQJGNpUCpcKVAFJClQJeepUAmlaVATHWlQBGx
pUCLe6VAT5alQFaSpUCaiaVAGXWlQGqApUDrhqVAGIOlQLqvpUDxeKVAtJalQG2rpUBRhaVA
FIClQIZzpUCRmaVAnnWlQH6xpUAEiaVAap+lQOmopUCfa6VAsoClQK+BpUB+sKVAR7ilQBiC
pUAhnqVAkm+lQNirpUBahKVAQnWlQBqHpUB6hqVAupSlQE+LpUA7fqVAHpKlQEKypUCHpaVA
85elQNyWpUCFbKVAgpKlQD+JpUAxoKVAeaKlQAl0pUDvc6VALI2lQKaCpUA0m6VAeJ6lQOKV
pUBQi6VAjIqlQGakpUCSh6VA34OlQBKZpUDdcqVA8H2lQICepUAfdKVAUJmlQBGopUA+g6VA
hH2lQAanpUD0nKVADZelQIKDpUDmm6VAZ4ClQDqCpUBupKVAGmalQI+VpUCyqaVAVG6lQDGl
pUBIy6VAVJOlQECxpUBKfqVAH6ClQFW7pUD2hKVA95ulQDmapUCklKVARoGlQOiypUCNhqVA
L52lQDmapUDck6VAz52lQHGLpUDBh6VAV7SlQDmzpUBjhqVAb3qlQFyjpUDsuaVAOKClQGed
pUD9iaVA+3ClQP3IpUA/nKVAEcylQN6IpUB2tqVAxI6lQASMpUDplKVAzbqlQGO9pUBluKVA
QJKlQIqmpUDS0KVAkYalQNCNpUDLjKVAi3ulQG2bpUDhnaVAB4qlQFahpUB2tKVAFoKlQAKl
pUDxq6VA</AssayYData></Step><Step><CommonData><SampleLocation>5</SampleLocation><SampleID>Glycine</SampleID><SampleGroup></SampleGroup><SampleInfo></SampleInfo><SampleRow>L</SampleRow><SamplePlate>1</SamplePlate><WellType>REGENERATION</WellType><Concentration>-1</Concentration><ConcentrationUnits>µg/ml</ConcentrationUnits><MolarConcentration>-1</MolarConcentration><MolarConcUnits>nM</MolarConcUnits><MolecularWeight>0</MolecularWeight><Temperature>30</Temperature><StartTime>4259702</StartTime><AssayTime>5</AssayTime></CommonData><FlowRate>1000</FlowRate><StepType>KREGENERATION</StepType><StepName>Regeneration</StepName><StepStatus>OK</StepStatus><ActualTime>5.00005</ActualTime><CycleTime>0.2</CycleTime><AssayXData Points="25">WmBqRZFjakXEZmpF+GlqRSdtakVecGpFkXNqRcR2akX0eWpFJ31qRVqAakWRg2pFwIZqRfSJ
akUrjWpFWpBqRY2TakXJlmpF9JlqRSedakVaoGpFjaNqRcCmakX4qWpFJ61qRQ==</AssayXData><AssayYData Points="25">LFtgP9E4Sj+KAzs/WpMyP9+eKj9OByI/2qcbP9jUEz8yYg4/bG8JPyeOAz8X6/4+JAPyPnW7
6D6+/OA+nZDVPq1C0D72pcg+PV7CPuGfuz7P2bc+faewPiLyqj7/WKg+u96kPg==</AssayYData></Step><Step><CommonData><SampleLocation>6</SampleLocation><SampleID>PBS</SampleID><SampleGroup></SampleGroup><SampleInfo></SampleInfo><SampleRow>L</SampleRow><SamplePlate>1</SamplePlate><WellType>NEUTRALIZATION</WellType><Concentration>-1</Concentration><ConcentrationUnits>µg/ml</ConcentrationUnits><MolarConcentration>-1</MolarConcentration><MolarConcUnits>nM</MolarConcUnits><MolecularWeight>0</MolecularWeight><Temperature>30</Temperature><StartTime>4273101</StartTime><AssayTime>5</AssayTime></CommonData><FlowRate>1000</FlowRate><StepType>KREGENERATION</StepType><StepName>Regeneration</StepName><StepStatus>OK</StepStatus><ActualTime>5.00103</ActualTime><CycleTime>0.2</CycleTime><AssayXData Points="25">W7BqRZKzakXBtmpF+blqRSi9akVbwGpFksNqRcHGakX1yWpFKM1qRVvQakWS02pFwdZqRfnZ
akUo3WpFW+BqRY7jakXB5mpF9elqRSjtakVf8GpFjvNqRcH2akX5+WpFLP1qRQ==</AssayXData><AssayYData Points="25">2cOAQIc6gUBx6oFAQSiCQIukgkBiw4JALhmDQDJCg0DQbYNAD6SDQPjdg0AC44NAdgqEQLkc
hECdT4RAo1SEQDx5hEDErIRAsLWEQGG+hECm2oRAH/SEQOUUhUCHHoVAcSyFQA==</AssayYData></Step><Step><CommonData><SampleLocation>5</SampleLocation><SampleID>Glycine</SampleID><SampleGroup></SampleGroup><SampleInfo></SampleInfo><SampleRow>L</SampleRow><SamplePlate>1</SamplePlate><WellType>REGENERATION</WellType><Concentration>-1</Concentration><ConcentrationUnits>µg/ml</ConcentrationUnits><MolarConcentration>-1</MolarConcentration><MolarConcUnits>nM</MolarConcUnits><MolecularWeight>0</MolecularWeight><Temperature>30</Temperature><StartTime>4286183</StartTime><AssayTime>5</AssayTime></CommonData><FlowRate>1000</FlowRate><StepType>KREGENERATION</StepType><StepName>Regeneration</StepName><StepStatus>OK</StepStatus><ActualTime>5.00005</ActualTime><CycleTime>0.2</CycleTime><AssayXData Points="25">XwBrRZIDa0XJBmtF/QlrRSwNa0VfEGtFkhNrRckWa0X5GWtFLB1rRV8ga0WWI2tFxSZrRfkp
a0UwLWtFXzBrRZIza0XFNmtF+TlrRTA9a0VfQGtFlkNrRclGa0X5SWtFLE1rRQ==</AssayXData><AssayYData Points="25">eeoJP0Q/7T5iXdk+pwjHPv3Zvj6wzrQ+bM6tPgrioj4oAaM+OreaPuGImD5zqo8+Z9WLPvLM
iD6NUIY+oryBPk+geT62inc+VwluPjTwYz7MMWM+4NthPiBXWT4IOFQ+mClUPg==</AssayYData></Step><Step><CommonData><SampleLocation>6</SampleLocation><SampleID>PBS</SampleID><SampleGroup></SampleGroup><SampleInfo></SampleInfo><SampleRow>L</SampleRow><SamplePlate>1</SamplePlate><WellType>NEUTRALIZATION</WellType><Concentration>-1</Concentration><ConcentrationUnits>µg/ml</ConcentrationUnits><MolarConcentration>-1</MolarConcentration><MolarConcUnits>nM</MolarConcUnits><MolecularWeight>0</MolecularWeight><Temperature>30</Temperature><StartTime>4299587</StartTime><AssayTime>5</AssayTime></CommonData><FlowRate>1000</FlowRate><StepType>KREGENERATION</StepType><StepName>Regeneration</StepName><StepStatus>OK</StepStatus><ActualTime>4.99907</ActualTime><CycleTime>0.2</CycleTime><AssayXData Points="25">X1BrRY5Ta0XFVmtF9VlrRShda0VbYGtFkmNrRcVma0X1aWtFKG1rRVtwa0WSc2tFwXZrRfl5
a0UofWtFX4BrRY6Da0XBhmtF+YlrRSiNa0VbkGtFkpNrRcGWa0X1mWtFKJ1rRQ==</AssayXData><AssayYData Points="25">BS+AQLXDgEBsK4FAm3yBQCUGgkAoa4JAi4yCQGXUgkAaE4NAwQWDQDxKg0Abf4NAvpmDQDap
g0Dkv4NAacyDQLwMhEBLNYRAEjqEQFg7hECCV4RAQIyEQOWQhEAzooRA8M2EQA==</AssayYData></Step><Step><CommonData><SampleLocation>5</SampleLocation><SampleID>Glycine</SampleID><SampleGroup></SampleGroup><SampleInfo></SampleInfo><SampleRow>L</SampleRow><SamplePlate>1</SamplePlate><WellType>REGENERATION</WellType><Concentration>-1</Concentration><ConcentrationUnits>µg/ml</ConcentrationUnits><MolarConcentration>-1</MolarConcentration><MolarConcUnits>nM</MolarConcUnits><MolecularWeight>0</MolecularWeight><Temperature>30</Temperature><StartTime>4312980</StartTime><AssayTime>5</AssayTime></CommonData><FlowRate>1000</FlowRate><StepType>KREGENERATION</StepType><StepName>Regeneration</StepName><StepStatus>OK</StepStatus><ActualTime>5.00005</ActualTime><CycleTime>0.2</CycleTime><AssayXData Points="25">W6BrRY6ja0XBpmtF+alrRSyta0VbsGtFjrNrRcW2a0X5uWtFKL1rRVvAa0WOw2tFwcZrRfXJ
a0UszWtFW9BrRZLTa0XF1mtF+dlrRSjda0Vb4GtFkuNrRcHma0X16WtFKO1rRQ==</AssayXData><AssayYData Points="25">AxQDP5CQ4D4rPcw+GNu9Pspqsj5zg6g+a+SjPrwKmz7yJ5Y+WtuSPusekD4xxIo+z26JPj1O
gz7OT4A+hMh+PsjYdj7C5Ww+vn5sPoRCZz6kL2Y+IOtePhNYWT4xBVw+mrhSPg==</AssayYData></Step><Step><CommonData><SampleLocation>6</SampleLocation><SampleID>PBS</SampleID><SampleGroup></SampleGroup><SampleInfo></SampleInfo><SampleRow>L</SampleRow><SamplePlate>1</SamplePlate><WellType>NEUTRALIZATION</WellType><Concentration>-1</Concentration><ConcentrationUnits>µg/ml</ConcentrationUnits><MolarConcentration>-1</MolarConcentration><MolarConcUnits>nM</MolarConcUnits><MolecularWeight>0</MolecularWeight><Temperature>30</Temperature><StartTime>4326402</StartTime><AssayTime>5</AssayTime></CommonData><FlowRate>1000</FlowRate><StepType>KREGENERATION</StepType><StepName>Regeneration</StepName><StepStatus>OK</StepStatus><ActualTime>5.00005</ActualTime><CycleTime>0.2</CycleTime><AssayXData Points="25">W/BrRY7za0XB9mtF9flrRSj9a0VbAGxFjgNsRcUGbEX1CWxFLA1sRV8QbEWOE2xFxRZsRfUZ
bEUsHWxFXyBsRY4jbEXBJmxF9SlsRSgtbEVfMGxFkjNsRcU2bEX5OWxFKD1sRQ==</AssayXData><AssayYData Points="25">ZTaBQCvRgUBoDYJA+pKCQGv9gkAjRYNAIG6DQGzPg0Cw4YNA+ymEQLRnhEABhYRAY4OEQJe8
hEAOwIRA3gaFQDAUhUDoVoVAYDyFQP9lhUB1a4VAAoWFQOyHhUBcp4VAyK+FQA==</AssayYData></Step><Step><CommonData><SampleLocation>1</SampleLocation><SampleID>Octet Buffer</SampleID><SampleGroup></SampleGroup><SampleInfo></SampleInfo><SampleRow>K</SampleRow><SamplePlate>1</SamplePlate><WellType>BUFFER</WellType><Concentration>-1</Concentration><ConcentrationUnits>µg/ml</ConcentrationUnits><MolarConcentration>-1</MolarConcentration><MolarConcUnits>nM</MolarConcUnits><MolecularWeight>0</MolecularWeight><Temperature>30</Temperature><StartTime>4340970</StartTime><AssayTime>20</AssayTime></CommonData><FlowRate>1000</FlowRate><StepType>CUSTOM</StepType><StepName>Sensor Check</StepName><StepStatus>OK</StepStatus><ActualTime>20.001</ActualTime><CycleTime>0.2</CycleTime><AssayXData Points="100">XEBsRY9DbEXGRmxF+klsRSlNbEVcUGxFj1NsRcJWbEX6WWxFKV1sRVxgbEWTY2xFxmZsRfZp
bEUpbWxFYHBsRY9zbEXCdmxF9nlsRS19bEVggGxFj4NsRcKGbEX2iWxFKY1sRWCQbEWTk2xF
wpZsRfaZbEUpnWxFXKBsRY+jbEXCpmxF+qlsRSmtbEVgsGxFj7NsRcK2bEX2uWxFK75sRa7A
bEWPw2xFwsZsRfrJbEUtzWxFXNBsRY/TbEXG1mxF9tlsRSndbEVg4GxFj+NsRcbmbEX66WxF
Ke1sRVzwbEWT82xFwvZsRfb5bEUt/WxFXABtRY8DbUXCBm1F+gltRSkNbUVcEG1FjxNtRcIW
bUX2GW1FKR1tRWAgbUWPI21FwiZtRfYpbUUpLW1FXDBtRZMzbUXCNm1F+jltRS09bUVcQG1F
j0NtRcZGbUX2SW1FLU1tRVxQbUWTU21FxlZtRfZZbUUpXW1FXGBtRY9jbUXGZm1F+mltRS1t
bUVccG1Fj3NtRcZ2bUX6eW1FLX1tRQ==</AssayXData><AssayYData Points="100">pGqAQKzUfUAriHtAkU96QIU7eUDczHhAA0V4QHYweEA5/ndAhlN4QJoieED+pHhASaN4QJys
eEAwlHhA4uh4QKMReUAAp3lA/3x5QEl/eUCfgXlA99F5QOwEekDb+XlAeUh6QO8ZekBdG3pA
GpR6QMKoekA4vXpAW6V6QBIWe0BL63pAG+R6QODzekD8G3tAilB7QJpAe0CJX3tAtUB7QO9l
e0DbiHtAEYV7QDaFe0Aj+XtAH5R7QOPje0BI+3tA+dJ7QDQ9fEAbHnxAxwV8QDg9fECkeHxA
r6p8QJRDfEA4bnxAm3l8QLh/fEBX73xAPop8QFWZfED0pHxALN18QCzhfEA1En1ARDh9QGMq
fUAZDX1AfCl9QDEafUA4Dn1AiCZ9QNUYfUB5C31A/Cx9QLFYfUDDVn1AiGd9QO2efUBBj31A
21d9QAuPfUDNpX1Ao419QFOWfUDmvH1A9JB9QDABfkD3fH1Apbd9QMI+fkBko31Amix+QGwR
fkAoL35ARCt+QC8RfkCBHn5AokF+QA==</AssayYData></Step><Step><CommonData><SampleLocation>14</SampleLocation><SampleID>SI-157C19_P5365</SampleID><SampleGroup></SampleGroup><SampleInfo></SampleInfo><SampleRow>K</SampleRow><SamplePlate>1</SamplePlate><WellType>KLOAD</WellType><Concentration>5</Concentration><ConcentrationUnits>µg/ml</ConcentrationUnits><MolarConcentration>5000</MolarConcentration><MolarConcUnits>nM</MolarConcUnits><MolecularWeight>0</MolecularWeight><Temperature>30</Temperature><StartTime>4371431</StartTime><AssayTime>120</AssayTime></CommonData><FlowRate>1000</FlowRate><StepType>LOADING</StepType><StepName>Loading</StepName><StepStatus>OK</StepStatus><ActualTime>120.001</ActualTime><CycleTime>0.2</CycleTime><AssayXData Points="600">YIBtRZODbUXKhm1F+oltRS2NbUVgkG1Fl5NtRcqWbUX6mW1FLZ1tRWSgbUWTo21FxqZtRfqp
bUUtrW1FYLBtRZOzbUXGtm1F/rltRTG9bUVkwG1Fl8NtRcrGbUX6yW1FLc1tRWTQbUWT021F
xtZtRf7ZbUUx3W1FZOBtRZPjbUXG5m1F+ultRS3tbUVk8G1Fk/NtRcr2bUX6+W1FLf1tRWAA
bkWTA25FxgZuRfoJbkUxDW5FYBBuRZcTbkXKFm5F/hluRTEdbkVkIG5FlyNuRcYmbkX+KW5F
LS1uRWQwbkWTM25FyjZuRf45bkUtPW5FYEBuRZNDbkXGRm5F+kluRTFNbkVgUG5Fk1NuRcpW
bkX6WW5FLV1uRWBgbkWTY25FymZuRfppbkUxbW5FYHBuRZdzbkXGdm5F+nluRTF9bkVkgG5F
l4NuRcqGbkX6iW5FLY1uRWCQbkWTk25FxpZuRfqZbkUxnW5FYKBuRZOjbkXGpm5F/qluRS2t
bkVksG5Fk7NuRca2bkX+uW5FLb1uRWTAbkWTw25FxsZuRfrJbkUxzW5FYNBuRZPTbkXG1m5F
+tluRTHdbkVg4G5Fk+NuRcrmbkX66W5FMe1uRWDwbkWT825FxvZuRfr5bkUt/W5FYABvRZMD
b0XGBm9F/glvRTENb0VkEG9FkxNvRcoWb0X6GW9FLR1vRWAgb0WTI29FxiZvRfopb0UxLW9F
ZDBvRZMzb0XGNm9F+jlvRS09b0VgQG9Fl0NvRcZGb0X6SW9FMU1vRWRQb0WTU29FylZvRf5Z
b0UtXW9FZGBvRZNjb0XKZm9F/mlvRTFtb0VgcG9Fl3NvRcZ2b0X6eW9FLX1vRWCAb0WXg29F
yoZvRfqJb0UtjW9FYJBvRZOTb0XKlm9F/plvRS2db0VgoG9Fk6NvRcqmb0X+qW9FLa1vRWCw
b0WTs29FyrZvRfq5b0UtvW9FYMBvRZ/Db0XGxm9F/slvRS3Nb0Vk0G9Fl9NvRdfWb0X62W9F
Md1vRWDgb0WX429FyuZvRfrpb0Ux7W9FYPBvRZPzb0XK9m9F+vlvRS39b0VgAHBFlwNwRcYG
cEX6CXBFLQ1wRWAQcEWTE3BFyhZwRfoZcEUtHXBFZCBwRZMjcEXGJnBF/ilwRS0tcEVgMHBF
kzNwRco2cEX+OXBFLT1wRWRAcEWXQ3BFykZwRfpJcEUxTXBFZFBwRZNTcEXGVnBF/llwRS1d
cEVgYHBFl2NwRcZmcEX6aXBFLW1wRWRwcEWXc3BFxnZwRfp5cEUtfXBFZIBwRZODcEXGhnBF
/olwRS2NcEVgkHBFk5NwRcaWcEX6mXBFLZ1wRWCgcEWTo3BFxqZwRf6pcEUGrnBFibBwRZez
cEXGtnBF/rlwRS29cEVgwHBFl8NwRcbGcEX6yXBFLc1wRWDQcEWX03BFxtZwRfrZcEUt3XBF
ZOBwRZPjcEXG5nBF+ulwRS3tcEVg8HBFk/NwRcb2cEX6+XBFLf1wRWAAcUWTA3FFxgZxRfoJ
cUUtDXFFYBBxRZMTcUXKFnFF+hlxRS0dcUVgIHFFlyNxRcYmcUX6KXFFLS1xRWQwcUWTM3FF
yjZxRfo5cUUxPXFFYEBxRZdDcUXKRnFF+klxRS1NcUVgUHFFk1NxRcZWcUX+WXFFLV1xRWBg
cUWXY3FFymZxRf5pcUUtbXFFYHBxRZNzcUXGdnFF/nlxRS19cUVggHFFk4NxRcqGcUX6iXFF
LY1xRWSQcUWTk3FFxpZxRfqZcUUtnXFFYKBxRZejcUXGpnFF+qlxRS2tcUVgsHFFl7NxRcq2
cUX6uXFFLb1xRWDAcUWTw3FFxsZxRf7JcUUtzXFFYNBxRZfTcUXK1nFF+tlxRS3dcUVg4HFF
k+NxRcbmcUX66XFFMe1xRWDwcUWX83FFxvZxRf75cUUt/XFFYAByRZMDckXKBnJF+glyRS0N
ckVgEHJFlxNyRcYWckX6GXJFMR1yRWAgckWXI3JFyiZyRfopckUtLXJFYDByRZczckXGNnJF
/jlyRS09ckVgQHJFl0NyRcpGckX6SXJFMU1yRWRQckWTU3JFylZyRfpZckUtXXJFYGByRZNj
ckXKZnJF+mlyRS1tckVkcHJFk3NyRcZ2ckX+eXJFLX1yRWCAckWTg3JFxoZyRf6JckUtjXJF
YJByRZeTckXGlnJF/plyRS2dckVgoHJFk6NyRcqmckX6qXJFLa1yRWSwckWXs3JFxrZyRfq5
ckUtvXJFYMByRZfDckXKxnJF+slyRTHNckVg0HJFk9NyRcbWckX+2XJFLd1yRWTgckWX43JF
xuZyRfrpckUt7XJFZPByRZPzckXG9nJF+vlyRS39ckVkAHNFkwNzRcYGc0X+CXNFMQ1zRWAQ
c0WTE3NFxhZzRfoZc0UtHXNFZCBzRZMjc0XGJnNF+ilzRS0tc0VkMHNFkzNzRcY2c0X6OXNF
MT1zRWBAc0WXQ3NFxkZzRfpJc0UxTXNFZFBzRZNTc0XKVnNF/llzRS1dc0VkYHNFl2NzRcpm
c0X+aXNFLW1zRWBwc0WTc3NFxnZzRf55c0UtfXNFZIBzRZODc0XKhnNF+olzRS2Nc0VgkHNF
l5NzRcaWc0X+mXNFMZ1zRWCgc0WTo3NFxqZzRfqpc0UtrXNFZLBzRZOzc0XGtnNF+rlzRS29
c0VgwHNFk8NzRcrGc0X+yXNFLc1zRWTQc0WT03NFxtZzRfrZc0Ux3XNFZOBzRZPjc0XG5nNF
+ulzRTHtc0Vg8HNFk/NzRcb2c0X++XNFLf1zRWQAdEWTA3RFxgZ0RQIKdEUtDXRFYBB0RZMT
dEXKFnRF/hl0RS0ddEVkIHRFlyN0RcomdEX6KXRFMS10RWAwdEWTM3RFxjZ0Rfo5dEUtPXRF
YEB0RZNDdEXKRnRF+kl0RS1NdEVkUHRFk1N0RcZWdEX6WXRFMV10RWBgdEWXY3RFxmZ0Rf5p
dEUtbXRF23B0RZNzdEXGdnRF/nl0RS19dEVkgHRFk4N0RcqGdEX6iXRFMY10RWCQdEWTk3RF
xpZ0Rf6ZdEUtnXRFZKB0RZOjdEXKpnRF+ql0RS2tdEVksHRFk7N0Rca2dEX+uXRFLb10RWDA
dEWTw3RFxsZ0RfrJdEUxzXRFYNB0RZfTdEXK1nRF/tl0RS3ddEVg4HRFk+N0RcrmdEX+6XRF
Me10RWTwdEWT83RFxvZ0Rfr5dEUx/XRF</AssayXData><AssayYData Points="600">3i18QC4NfUALwX1AW1x+QPkIf0DSJ39AsKl/QJQ5gEAdYoBALbGAQKjugECnHoFAMmCBQEq+
gUBX04FAldGBQKpHgkB4dYJAmbOCQEXGgkDmH4NAlESDQEyug0D1uYNAiAKEQO9ChEB2bYRA
3X2EQCXBhEC+AoVAAjWFQEIyhUAwioVADMOFQELuhUBGJoZA0UmGQL9+hkCB1IZAt+eGQOYc
h0AUU4dAF22HQCKkh0AV4odAtwaIQIQPiEAuYIhAyZSIQCatiEBfBIlA7hiJQJhkiUBmmYlA
d76JQH7ZiUDeAIpA/SiKQFKAikAZmIpAxcyKQAX3ikAG/YpAwkeLQJOvi0A+jYtAde6LQKH3
i0C8EoxAlFaMQPeLjECdlIxAWpiMQB/sjEAu7YxAfUGNQB99jUAHnI1Af7mNQIX5jUAkC45A
oCKOQGY5jkA1eY5A3Y6OQP2vjkC6+Y5AlxqPQBQpj0D1VY9AxI+PQIWlj0DduI9ARe6PQIkM
kEDWJpBA6l+QQOBlkECVm5BAFsGQQO36kEC03JBA4BWRQCNZkUCVXZFAHoiRQMqskUCbwZFA
NgCSQLn6kUDdAJJAejySQLtbkkDPjpJACp2SQE22kkCtz5JA3wGTQL0Nk0A4YJNAMTOTQP5s
k0AxkJNAQciTQCrrk0Bv4pNAKvSTQOw2lEDYJJRAN0yUQGtWlEBnkZRAr7yUQGTnlECFzZRA
bAyVQDUFlUCGMpVA9DuVQPldlUA0dJVAV7+VQBqQlUBK1JVAGcaVQKPVlUBdNpZA5jqWQIs2
lkCgWpZAvFuWQDd5lkBPpJZA/aOWQKPMlkCWzZZAAAyXQCQZl0CgKJdAgTCXQNxbl0CoTZdA
PoiXQJKDl0AWo5dATM+XQGGwl0Ah/pdATtWXQDUamEAXMJhAfQyYQBpMmED7YphAonyYQI2I
mEBYg5hAnqOYQNKmmEAIwJhAXciYQFnWmEDW+ZhA4PaYQFk0mUAYOZlASlWZQHpcmUAVjZlA
nJiZQJeAmUDypZlAYbCZQOW/mUDq6JlAatOZQLPpmUDUFJpALgmaQEsymkB2MJpAG0maQERC
mkA7YZpAwo6aQFafmkDxe5pAnreaQCyYmkCEzZpAb/OaQB/XmkD3AJtAtgubQNogm0BeIptA
qDKbQI8am0AmZ5tAWSubQI9xm0ADVJtA1LabQN+Fm0AylJtAtsObQNm/m0Ci25tA5cSbQH4U
nEBF2JtAHPmbQC0WnEDbGZxAvgecQOk/nECLJpxASEucQOtdnEDCbZxABnCcQHZ4nEBei5xA
tbScQCbPnEDQrZxA6bKcQEjUnEBY6JxAFt2cQAABnUCIF51AehOdQFgnnUAN9ZxA3jadQBFE
nUBoZZ1AjkWdQN8vnUAhf51A9ZqdQNWDnUBSg51AE5mdQI2dnUA7qp1ALrudQMvpnUAeyZ1A
BvKdQFYHnkC/6Z1A+vWdQIrznUAHBp5A4xWeQLEhnkDMHZ5AOyaeQH80nkA4Qp5APkqeQMJl
nkACbZ5AMmmeQOibnkArq55ArJOeQNmbnkAhrJ5AR8SeQAqRnkB3vJ5AydeeQNvnnkAW8J5A
MeWeQH38nkDq8Z5AnRufQHETn0BQFZ9AlBufQCArn0CJVZ9AiTqfQHpNn0C0cJ9A7FWfQPIu
n0Dpbp9AAZCfQO+Mn0DohZ9ASZefQF+pn0BTc59Aw72fQF+yn0ChwZ9A3KWfQM2yn0AMwp9A
e+mfQFfmn0Ca7p9A6fefQNAIoEAmHaBAjyygQGr3n0BfF6BA40ugQBg7oEDdXKBASSigQOBN
oEDRSaBA73egQMdyoECPbaBAKWOgQMmWoEC9kaBAk4igQDKQoEBdq6BA956gQEigoECLqaBA
XbKgQPnNoECExqBAT9SgQGDmoEC+3qBAUOKgQPf9oECtAaFAAO+gQFr0oEDo66BAgCWhQPX4
oEBVFKFAKEOhQNcfoUB5Q6FA3lmhQDhSoUBuRaFAG1+hQLNAoUCqUqFAQJOhQCpzoUB/saFA
4W2hQM15oUDodaFAfZqhQCqwoUD+kaFAUMShQO2PoUB7vKFAp7mhQJi3oUBZy6FAbM2hQDDf
oUDczaFAAdOhQIrfoUAu+KFAPfyhQE/0oUCbCKJAxfGhQB0WokAjH6JAK/6hQBk4okCaPKJA
aEWiQPxVokCHUqJARWmiQC5uokB8VqJAComiQM5iokDAbaJANHGiQEJvokBmdqJAl5uiQAGN
okBRhKJAromiQHS7okCEvaJA88SiQBC3okAnraJA/6+iQITSokCDzqJAabaiQATkokCS5qJA
4vGiQGLUokAJ3qJA6P+iQNwPo0Dx6aJAkPmiQBQjo0BhJKNAfRyjQG8io0D2QaNAwFKjQCwv
o0CLbqNAgCGjQIUjo0AiR6NAOlSjQBpSo0BPWaNA7HqjQGJvo0DacKNAdYSjQDFoo0D0gKNA
Da+jQACXo0CfmKNAf5KjQFmTo0B+maNAVrijQNCro0AtxKNAMMejQEPfo0DYwaNAdt+jQDSe
o0AIz6NAm96jQH7io0Bl/KNAi+ajQO/vo0Box6NApwykQLMTpEDCD6RA9RWkQJkapEBNE6RA
GRykQLERpEDbJ6RAoiOkQPYSpEA1MaRAlz2kQEInpEDdOaRA+yKkQFtDpEBWXqRAzFWkQKlN
pED/a6RAgV2kQLRepEBhbaRArIGkQIaLpECcgaRAI62kQAiWpEB9iKRAIZCkQFO0pEBhk6RA
QqKkQAekpEBZsaRA+bWkQCzBpECYqaRAZMCkQDKtpEBn4KRA5eGkQNDSpEAs2KRAz/akQCDz
pEAR2KRAyu+kQCrppEBBBKVAtAGlQDbapEB67qRA7NmkQAT+pEC4H6VAVhulQDcipUDlF6VA
Gg+lQHdZpUDRQaVAPDulQDhHpUC0MqVAnzmlQBY5pUDhHaVAhnKlQANfpUBHbKVA6lilQNRh
pUD4k6VAQGelQDlopUBlZKVA10ulQKRqpUBQf6VAp4GlQJORpUDZkqVA4rKlQECCpUCElKVA
qYmlQMSapUD1paVAvq6lQMmrpUAcyKVAi8elQFOlpUBrwqVAEbulQGLYpUBRxqVA1u6lQHHM
pUDAzKVAlwamQLzwpUCC8KVALOulQAoCpkD63qVAIgOmQEH/pUAU56VAQwWmQL0UpkCDGKZA
P/qlQF0IpkD2G6ZAQyOmQKUjpkCeNaZA</AssayYData></Step><Step><CommonData><SampleLocation>1</SampleLocation><SampleID>Octet Buffer</SampleID><SampleGroup></SampleGroup><SampleInfo></SampleInfo><SampleRow>K</SampleRow><SamplePlate>1</SamplePlate><WellType>BUFFER</WellType><Concentration>-1</Concentration><ConcentrationUnits>µg/ml</ConcentrationUnits><MolarConcentration>-1</MolarConcentration><MolarConcUnits>nM</MolarConcUnits><MolecularWeight>0</MolecularWeight><Temperature>30</Temperature><StartTime>4501830</StartTime><AssayTime>100</AssayTime></CommonData><FlowRate>1000</FlowRate><StepType>BASELINE</StepType><StepName>Baseline</StepName><StepStatus>OK</StepStatus><ActualTime>100.001</ActualTime><CycleTime>0.2</CycleTime><AssayXData Points="500">ZAB1RZsDdUXKBnVF/gl1RTUNdUVkEHVFlxN1RcoWdUUCGnVFMR11RWQgdUWbI3VFyiZ1Rf4p
dUU1LXVFZDB1RZczdUXONnVFAjp1RTU9dUVkQHVFl0N1RcpGdUUCSnVFMU11RWhQdUWbU3VF
ylZ1RQJadUU1XXVFZGB1RZtjdUXKZnVFAmp1RTFtdUVkcHVFl3N1Rc52dUX+eXVFNX11RWSA
dUWXg3VFyoZ1RQKKdUU1jXVFZJB1RZeTdUXKlnVF/pl1RTGddUVkoHVFl6N1RcqmdUX+qXVF
Na11RWiwdUWXs3VFyrZ1Rf65dUU1vXVFZMB1RZvDdUXKxnVFAsp1RTXNdUVo0HVFm9N1RcrW
dUX+2XVFMd11RWTgdUWX43VFzuZ1RQLqdUU17XVFaPB1RZfzdUXO9nVF/vl1RTH9dUVkAHZF
lwN2RcoGdkUCCnZFMQ12RWgQdkWXE3ZFyhZ2Rf4ZdkU1HXZFZCB2RZsjdkXKJnZFAip2RTEt
dkVkMHZFlzN2Rco2dkX+OXZFMT12RWhAdkWbQ3ZFykZ2RQJKdkU1TXZFZFB2RZdTdkXKVnZF
/ll2RTFddkVoYHZFl2N2RcpmdkX+aXZFMW12RWhwdkWbc3ZFynZ2Rf55dkUxfXZFZIB2RZeD
dkXOhnZFAop2RTGNdkVkkHZFl5N2RcqWdkX+mXZFMZ12RWSgdkWXo3ZFzqZ2RQKqdkU1rXZF
aLB2RZezdkXKtnZF/rl2RTG9dkVkwHZFl8N2RcrGdkUCynZFNc12RWjQdkWX03ZFytZ2Rf7Z
dkUx3XZFaOB2RZfjdkXO5nZFAup2RTHtdkVk8HZFm/N2Rc72dkX++XZFNf12RWQAd0WbA3dF
ygZ3Rf4Jd0U1DXdFaBB3RZsTd0XOFndF/hl3RTEdd0VoIHdFlyN3Rcomd0X+KXdFMS13RWgw
d0WXM3dFyjZ3Rf45d0UxPXdFZEB3RZtDd0XKRndF/kl3RTVNd0VoUHdFl1N3Rc5Wd0X+WXdF
MV13RWRgd0WXY3dFzmZ3RQJqd0UxbXdFaHB3RZtzd0XOdndF/nl3RTF9d0VogHdFm4N3Rc6G
d0UCindFMY13RWiQd0WXk3dFypZ3Rf6Zd0UxnXdFZKB3RZujd0XKpndFAqp3RTGtd0VksHdF
m7N3Rc62d0X+uXdFMb13RWTAd0WXw3dFysZ3Rf7Jd0U1zXdFaNB3RZvTd0XO1ndFAtp3RTHd
d0Vo4HdFl+N3Rcrmd0X+6XdFNe13RWTwd0Wb83dFzvZ3RQL6d0U1/XdFaAB4RZsDeEXKBnhF
Agp4RTENeEVkEHhFlxN4RcoWeEUCGnhFNR14RWggeEWXI3hFziZ4Rf4peEVJLXhFZDB4RZcz
eEXONnhF/jl4RTE9eEVoQHhFl0N4RcpGeEX+SXhFNU14RWRQeEWXU3hFzlZ4RQJaeEU1XXhF
ZGB4RZtjeEXOZnhF/ml4RTFteEVkcHhFm3N4Rc52eEX+eXhFMX14RWiAeEWbg3hFzoZ4Rf6J
eEU1jXhFZJB4RZuTeEXKlnhF/pl4RTWdeEVkoHhFl6N4Rc6meEX+qXhFNa14RWSweEWXs3hF
yrZ4Rf65eEU1vXhFaMB4RZfDeEXOxnhF/sl4RTHNeEVk0HhFl9N4RcrWeEX+2XhFNd14RWjg
eEWb43hFyuZ4Rf7peEU17XhFZPB4RZfzeEXK9nhFAvp4RTX9eEVoAHlFmwN5RcoGeUUCCnlF
NQ15RWQQeUWbE3lF0xZ5Rf4ZeUU1HXlFZCB5RZcjeUXKJnlF/il5RTEteUVoMHlFlzN5Rc42
eUX+OXlFNT15RWRAeUWbQ3lFykZ5Rf5JeUU1TXlFZFB5RZdTeUXOVnlFAlp5RTFdeUVoYHlF
l2N5RcpmeUX+aXlFNW15RWRweUWXc3lFznZ5RQJ6eUU1fXlFZIB5RZuDeUXKhnlF/ol5RTGN
eUVkkHlFl5N5Rc6WeUX+mXlFMZ15RWigeUWXo3lFzqZ5RQKqeUU1rXlFZLB5RZezeUXKtnlF
Arp5RTW9eUVowHlFm8N5RcrGeUUCynlFNc15RWjQeUWX03lFytZ5Rf7ZeUUx3XlFZOB5RZvj
eUXK5nlF/ul5RTHteUVo8HlFl/N5Rc72eUX++XlFMf15RWQAekWXA3pFygZ6RQIKekU1DXpF
aBB6RZsTekXKFnpF/hl6RTEdekVkIHpFlyN6RcomekX+KXpFNS16RWQwekWXM3pFzjZ6Rf45
ekUxPXpFZEB6RZdDekXKRnpF/kl6RTVNekVoUHpFl1N6RcpWekX+WXpFNV16RWhgekWXY3pF
ymZ6RQJqekUxbXpFZHB6RZtzekXKdnpF/nl6RTF9ekVkgHpFl4N6RcqGekUCinpFMY16RWSQ
ekWbk3pFypZ6RQKaekUxnXpFZKB6RZejekXKpnpF/ql6RTGtekVosHpFl7N6Rc62ekX+uXpF
Nb16RWjAekWXw3pFysZ6Rf7JekUxzXpFaNB6RZfTekXK1npF/tl6RTXdekVk4HpFm+N6Rcrm
ekX+6XpFNe16RWTwekWX83pFzvZ6Rf75ekUx/XpFZAB7RZsDe0XOBntF/gl7RTENe0VkEHtF
lxN7RcoWe0X+GXtFNR17RWQge0WXI3tFyiZ7RQIqe0U1LXtFbDB7RZcze0XONntF/jl7RTU9
e0U=</AssayXData><AssayYData Points="500">76KmQKnNpkBt86ZA+LmmQHfFpkAP+aZAr/6mQGripkBEB6dAgtmmQPzzpkCu/aZAs+OmQH4H
p0DNQKdAQfOmQELgpkCkOKdAC/+mQNADp0DmKKdAqBCnQF4Zp0CLJ6dAVCSnQAsMp0DWEKdA
WxmnQGAYp0AzT6dAJhunQJwRp0BJP6dAYEOnQKEkp0AbDKdAu0ynQDk7p0ByL6dA0FOnQPsb
p0AIKKdAc1CnQCgxp0CJH6dAMkCnQJkdp0AFU6dAh0CnQDUSp0AJNKdAcTanQMdLp0APHqdA
/1OnQPVFp0BURKdAClinQNFgp0BNRKdAMwqnQL5Mp0CtZadANj+nQKUup0D8QadAuUGnQHow
p0DONKdAmFynQMBFp0CNTqdAKUWnQHc9p0CbN6dACnCnQGBNp0BWJadAmjGnQKJVp0AMKadA
pGWnQKwjp0DHRKdAPSenQAFMp0B4U6dAeWenQABbp0AqMKdAJ02nQAc3p0AeNqdAy2+nQONs
p0AfOadAZTCnQCRip0AaPqdAUUanQFsXp0CBJKdAa0inQFpdp0DEJKdAxUqnQLxTp0DyVKdA
XzKnQPZJp0A4TqdA/z+nQDBlp0AGZ6dAv0inQLFKp0CCPadAVy6nQGJfp0B5V6dAW0unQEM0
p0BvPqdAim+nQIxbp0BvYqdAnlWnQFMcp0CFaKdA/UqnQHVmp0AcTqdAaminQHhFp0DGTqdA
LFqnQIZwp0BUaadAmFqnQNxep0BaVKdAKVunQPRVp0CdV6dAeDSnQGtZp0C8WqdAcFenQHN7
p0D9UqdAK0ynQFlap0Dvb6dAS1anQDFdp0CdRadA/1qnQFgyp0B3bKdAfEenQGBvp0CCdadA
51mnQGhwp0BQUKdA5k2nQK5Rp0Cpe6dAv0OnQHV8p0BMUadApJGnQJCBp0Crd6dA7VGnQLpX
p0BnaKdAyZqnQO1Wp0Alc6dAwGinQBg0p0BCW6dA4XWnQO53p0BocadA8o+nQNVhp0BKfKdA
oo+nQDxsp0C5X6dAgXmnQNw8p0B8nKdADpCnQMZgp0DgQ6dAuHGnQBpbp0DRPKdAJ2inQAFk
p0BeVadAWGCnQCBZp0C/hKdAuo2nQNtjp0BJgadAcXWnQKRJp0AWcKdAS16nQK91p0DBWqdA
d1ynQFNHp0AYc6dAXVmnQDNvp0CnWqdAZ3KnQIpep0D7UqdAbH2nQEZ2p0C7XqdAnl+nQECS
p0BlfKdA6XCnQABpp0BVbKdAE6SnQIhsp0Dwa6dAvWinQBV3p0ARfqdAmW2nQMt+p0BAnqdA
6n2nQKtep0C4madAJIKnQOBip0BsUqdA/XCnQEuOp0DWdqdA7pmnQAB+p0DJbadAb3anQBCL
p0BqhadAD3ynQAK1p0BAeadAE3OnQDV3p0DIb6dA1bGnQFd7p0DfeqdALXynQHubp0Czk6dA
BHinQIFsp0B2oKdADoinQH+Ip0CrjqdAy3mnQJCKp0CHXqdA91unQOSGp0AqhadAeWqnQAON
p0DomqdAjnunQAeVp0AedqdA2nGnQDGOp0BRoadAmH6nQP9zp0AymqdATIunQOeVp0D1gKdA
1H+nQBmhp0AWh6dA/5KnQGqcp0CIc6dA3o2nQEpXp0BNXKdAyJenQJ+vp0Dce6dAAaWnQH+v
p0BXiadAl4OnQA6Qp0CDrqdAZnunQBjEp0DPhadA0HanQIq0p0DinadAT3unQAJvp0D9vKdA
8HanQKKmp0DOkKdAj3qnQOadp0BLh6dAFKGnQG+Mp0D0i6dAOZmnQLRop0BCjadAD42nQPSU
p0ACo6dA4I6nQBdup0BPu6dAwZWnQDOdp0D+sadAJJinQACkp0A+ladA87ynQKxnp0DymKdA
zKanQIaip0BBhadABb+nQEmxp0CAiqdACX6nQKiUp0DOk6dAIKinQByVp0ASradAu5qnQC6G
p0CCnKdAPrOnQNCcp0DbjadARqanQOPBp0Csn6dAPYOnQJqTp0DWoKdAO6SnQMOXp0Acw6dA
kLGnQHxqp0B4vadAaH2nQHupp0BTlqdAx5unQKOVp0CamKdASKmnQArDp0B4radApLqnQGKb
p0A8oqdAfJanQHCTp0DQj6dAWaenQJiAp0DhmadAz8CnQM2sp0CQp6dA8IynQLK/p0BkqadA
KrSnQIivp0DlgKdAP7KnQAHEp0CcqadAkr2nQMbPp0AHnqdAuLinQK3Gp0D6v6dAapunQKug
p0A9pKdAi7mnQMHZp0BSr6dA662nQJzIp0Bis6dAYr+nQKq0p0BivKdADa2nQPG8p0CQsadA
Vp6nQGnQp0AUz6dA7LynQGHLp0CCwKdAF6ynQLSzp0BEtqdALq+nQLPhp0DO1qdA8ranQDG0
p0DYvadA5bunQIigp0Bp0KdAi9unQJaYp0BDpKdAM7ynQOTcp0BBz6dAn8ynQNmvp0AuzKdA
DbKnQAXKp0BvhadAdJunQJXAp0AnuqdAHdWnQHrJp0C+2KdA07mnQPa/p0DZ16dAicqnQEG4
p0BNvqdAidmnQMDlp0BqzqdA0smnQN7Lp0CEradA1qCnQNDAp0CKq6dA576nQDzTp0AZtadA
eOSnQE3Jp0Dd8adAgr6nQFvAp0DA66dArrunQMSsp0BK4KdAl7CnQJ7Ip0B506dAjJSnQA/K
p0A=</AssayYData></Step><Step><CommonData><SampleLocation>2</SampleLocation><SampleID>hsCD3d/e_Acro_CDD-H52W1</SampleID><SampleGroup></SampleGroup><SampleInfo></SampleInfo><SampleRow>K</SampleRow><SamplePlate>1</SamplePlate><WellType>KSAMPLE</WellType><Concentration>-1</Concentration><ConcentrationUnits>µg/ml</ConcentrationUnits><MolarConcentration>6.25</MolarConcentration><MolarConcUnits>nM</MolarConcUnits><MolecularWeight>0</MolecularWeight><Temperature>30</Temperature><StartTime>4610129</StartTime><AssayTime>180</AssayTime></CommonData><FlowRate>1000</FlowRate><StepType>ASSOC</StepType><StepName>Association</StepName><StepStatus>OK</StepStatus><ActualTime>180.001</ActualTime><CycleTime>0.2</CycleTime><AssayXData Points="900">aEB7RZtDe0XORntFAkp7RTVNe0VoUHtFm1N7Rc5We0UGWntFOV17RWhge0WfY3tFzmZ7RQZq
e0U1bXtFbHB7RZtze0XOdntFAnp7RTl9e0VsgHtFm4N7Rc6Ge0UCintFOY17RWyQe0Wfk3tF
zpZ7RQKae0U1nXtFaKB7RZ+je0XSpntFBqp7RTmte0VosHtFm7N7Rc62e0UCuntFOb17RWjA
e0Wfw3tFzsZ7RQLKe0U1zXtFaNB7RZ/Te0XO1ntFAtp7RTXde0Vs4HtFm+N7Rc7me0UG6ntF
Oe17RWzwe0Wf83tFzvZ7RQb6e0U1/XtFaAB8RZ8DfEXSBnxFAgp8RTUNfEVoEHxFnxN8Rc4W
fEUCGnxFNR18RWwgfEWfI3xFziZ8RQIqfEU1LXxFaDB8RZszfEXONnxFBjp8RTU9fEVoQHxF
n0N8Rc5GfEUCSnxFOU18RWhQfEWfU3xFzlZ8RQJafEU5XXxFbGB8RZtjfEXSZnxFAmp8RTVt
fEVscHxFm3N8Rc52fEUCenxFNX18RWyAfEWbg3xFzoZ8RQKKfEU1jXxFaJB8RZ+TfEXSlnxF
Bpp8RTmdfEVooHxFm6N8Rc6mfEUCqnxFOa18RWiwfEWbs3xFzrZ8RQK6fEU5vXxFaMB8RZvD
fEXSxnxFBsp8RTnNfEVs0HxFm9N8Rc7WfEUC2nxFOd18RWjgfEWb43xFzuZ8RQLqfEU57XxF
aPB8RZ/zfEXS9nxFAvp8RTn9fEVoAH1FmwN9RdIGfUUGCn1FOQ19RWgQfUWbE31FzhZ9RQYa
fUU5HX1FaCB9RZ8jfUXOJn1FAip9RTktfUVoMH1FmzN9Rc42fUUGOn1FNT19RWxAfUWbQ31F
zkZ9RQJKfUU5TX1FaFB9RZtTfUXSVn1FBlp9RTldfUVoYH1Fn2N9Rc5mfUUGan1FNW19RWhw
fUWbc31F0nZ9RQJ6fUU1fX1FaIB9RZuDfUXOhn1FAop9RTWNfUVokH1Fm5N9Rc6WfUUGmn1F
OZ19RWigfUWfo31FzqZ9RQKqfUU1rX1FaLB9RZ+zfUXOtn1FArp9RTW9fUVowH1Fn8N9Rc7G
fUUCyn1FOc19RWjQfUWf031FztZ9RQbafUU13X1FaOB9RZvjfUXO5n1FAup9RTXtfUVs8H1F
m/N9Rc72fUUG+n1FOf19RWgAfkWbA35F0gZ+RQYKfkU1DX5FbBB+RZ8TfkXSFn5FBhp+RTUd
fkVsIH5FmyN+RdImfkUGKn5FOS1+RWwwfkWjM35F0jZ+RQY6fkU1PX5FaEB+RZtDfkXSRn5F
Bkp+RTVNfkVoUH5Fn1N+RdJWfkUCWn5FOV1+RWhgfkWfY35FzmZ+RQZqfkU1bX5FbHB+RZtz
fkXOdn5FBnp+RTV9fkVogH5Fm4N+Rc6GfkUGin5FOY1+RWiQfkWbk35FzpZ+RQKafkU5nX5F
aKB+RZujfkXSpn5FAqp+RTWtfkVosH5Fm7N+RdK2fkUGun5FNb1+RWjAfkWbw35FzsZ+RQLK
fkU5zX5FaNB+RZvTfkXO1n5FAtp+RTXdfkVs4H5Fm+N+Rc7mfkUC6n5FNe1+RWjwfkWf835F
zvZ+RQL6fkU5/X5FaAB/RZsDf0XOBn9FAgp/RTUNf0VoEH9FnxN/RdIWf0UCGn9FNR1/RWgg
f0WfI39F0iZ/RQIqf0U5LX9FaDB/RZszf0XONn9FAjp/RTU9f0VoQH9Fm0N/Rc5Gf0UCSn9F
NU1/RWhQf0WfU39FzlZ/RQJaf0U1XX9FbGB/RZtjf0XOZn9FBmp/RTVtf0VocH9Fn3N/Rc52
f0UCen9FNX1/RWiAf0Wbg39FzoZ/RQKKf0U1jX9FaJB/RZ+Tf0XSln9FBpp/RTWdf0VooH9F
n6N/Rc6mf0UCqn9FOa1/RWiwf0Wfs39FzrZ/RQa6f0U1vX9FaMB/RZ/Df0XOxn9FAsp/RTXN
f0Vo0H9Fm9N/Rc7Wf0UC2n9FNd1/RWjgf0Wb439FzuZ/RQbqf0U17X9FbPB/RZvzf0XO9n9F
Bvp/RTX9f0U2AIBF0AGARWcDgEUBBYBFnAaARTQIgEXQCYBFZwuARQENgEWaDoBFNBCARc4R
gEVnE4BFAxWARZoWgEU2GIBFzhmARWcbgEUDHYBFnB6ARTQggEXOIYBFZyOARQElgEWaJoBF
NiiARc4pgEVpK4BFAS2ARZwugEU0MIBF0DGARWkzgEUDNYBFmjaARTY4gEXQOYBFaTuARQM9
gEWcPoBFNkCARc5BgEVnQ4BFAUWARZxGgEU2SIBFzkmARWlLgEUDTYBFmk6ARTZQgEXQUYBF
Z1OARQNVgEWaVoBFNliARc5ZgEVnW4BFAV2ARZxegEU0YIBF0GGARWdjgEUBZYBFnGaARTRo
gEXOaYBFZ2uARQFtgEWcboBFNHCARc5xgEVpc4BFAXWARZp2gEU0eIBFznmARWd7gEUBfYBF
mn6ARTaAgEXQgYBFZ4OARQGFgEWchoBFNoiARc6JgEVpi4BFA42ARZyOgEU2kIBF0JGARWeT
gEUBlYBFmpaARTaYgEXOmYBFaZuARQGdgEWcnoBFNKCARc6hgEVpo4BFAaWARZqmgEU0qIBF
zqmARWergEUDrYBFmq6ARTSwgEXQsYBFZ7OARQG1gEWatoBFNriARc65gEVnu4BFA72ARZy+
gEU0wIBFzsGARWfDgEUDxYBFnMaARTTIgEXOyYBFZ8uARQHNgEWazoBFNNCARc7RgEVn04BF
AdWARZrWgEU02IBFztmARWnbgEUB3YBFmt6ARTbggEXQ4YBFZ+OARQHlgEWc5oBFNuiARc7p
gEVr64BFAe2ARZzugEU08IBFzvGARWnzgEUB9YBFmvaARTT4gEXO+YBFZ/uARQH9gEWc/oBF
NgCBRc4BgUVpA4FFAwWBRZoGgUU0CIFFzgmBRWcLgUUDDYFFnA6BRTYQgUXOEYFFZxOBRQMV
gUWcFoFFNBiBRc4ZgUVnG4FFAx2BRZoegUU2IIFFziGBRWcjgUUBJYFFmiaBRTQogUXQKYFF
aSuBRQUtgUWaLoFFNDCBRdAxgUVpM4FFATWBRZw2gUU0OIFF0DmBRWc7gUUBPYFFmj6BRTRA
gUXOQYFFZ0OBRQFFgUWcRoFFNEiBRdBJgUVnS4FFAU2BRZxOgUU2UIFFzlGBRWlTgUUDVYFF
mlaBRTRYgUXOWYFFaVuBRQFdgUWaXoFFNGCBRc5hgUVnY4FFA2WBRZxmgUU0aIFFzmmBRWdr
gUUDbYFFnG6BRTRwgUXOcYFFZ3OBRQF1gUWadoFFNniBRc55gUVpe4FFA32BRZp+gUU0gIFF
zoGBRWeDgUUDhYFFmoaBRTSIgUXQiYFFZ4uBRQGNgUWajoFFNpCBRc6RgUVnk4FFAZWBRZqW
gUU2mIFFzpmBRWebgUUBnYFFnJ6BRTSggUXOoYFFZ6OBRQGlgUWapoFFNqiBRdCpgUVnq4FF
A62BRZqugUU0sIFF0LGBRWmzgUUDtYFFmraBRTS4gUXOuYFFZ7uBRQG9gUWcvoFFNMCBRc7B
gUVnw4FFA8WBRZrGgUU0yIFFzsmBRWfLgUUBzYFFms6BRTTQgUXO0YFFadOBRQHVgUWa1oFF
NtiBRc7ZgUVn24FFAd2BRZregUU04IFFzuGBRWfjgUUD5YFFmuaBRTbogUXO6YFFZ+uBRQHt
gUWc7oFFNvCBRc7xgUVn84FFA/WBRZz2gUU2+IFF0PmBRWf7gUUB/YFFnP6BRTQAgkXOAYJF
ZwOCRQEFgkWcBoJFNgiCRc4JgkVnC4JFAQ2CRZoOgkU0EIJFzhGCRWcTgkUBFYJFnBaCRTYY
gkXOGYJFZxuCRQEdgkWcHoJFNCCCRc4hgkVnI4JFASWCRZomgkU0KIJFzimCRWcrgkUBLYJF
nC6CRTYwgkXOMYJFaTOCRQM1gkWaNoJFNDiCRc45gkVrO4JFAT2CRZo+gkU0QIJFzkGCRWdD
gkUDRYJFmkaCRTRIgkXOSYJFZ0uCRQNNgkWaToJFNlCCRc5RgkVnU4JFAVWCRZpWgkU2WIJF
0FmCRWtbgkUBXYJFml6CRTRggkXOYYJFaWOCRQNlgkWaZoJFNGiCRdBpgkVpa4JFAW2CRZpu
gkU0cIJF0HGCRWdzgkUBdYJFmnaCRTZ4gkXOeYJFZ3uCRQF9gkWcfoJFNoCCRdCBgkVng4JF
AYWCRZyGgkU0iIJFzomCRWmLgkUDjYJFnI6CRTaQgkXQkYJFaZOCRQGVgkWaloJFNpiCRc6Z
gkVnm4JFAZ2CRZyegkU2oIJFzqGCRWejgkUDpYJFmqaCRTaogkXQqYJFZ6uCRQOtgkWaroJF
NLCCRc6xgkVps4JFAbWCRZq2gkU0uIJFzrmCRWm7gkUDvYJFnL6CRTbAgkXQwYJFacOCRQPF
gkWcxoJFNsiCRc7JgkVny4JFAc2CRZrOgkU00IJFztGCRWfTgkUB1YJFmtaCRTTYgkXQ2YJF
Z9uCRQPdgkWa3oJFNOCCRc7hgkVp44JFAeWCRZrmgkU06IJFzumCRWfrgkUD7YJFnO6CRTbw
gkXQ8YJFZ/OCRQP1gkWa9oJFNPiCRc75gkVn+4JFAf2CRZr+gkU0AINFzgGDRWcDg0UBBYNF
mgaDRTQIg0XQCYNFZwuDRQMNg0WaDoNFNhCDRc4Rg0VnE4NFARWDRZwWg0U0GINFzhmDRWcb
g0UDHYNFmh6DRTYgg0XQIYNFZyODRQElg0WcJoNFNCiDRc4pg0VnK4NFAy2DRZoug0U0MINF
0DGDRWkzg0UDNYNFmjaDRTQ4g0XQOYNFaTuDRQE9g0WcPoNF</AssayXData><AssayYData Points="900">6SKnQOl1p0C5nqdApb+nQBjlp0Db56dAlwaoQGwAqEDJH6hAJxuoQGbqp0A8BahA8BOoQCcU
qECSAqhAKDioQA0uqEDVHqhAUCmoQO8bqEC/CqhAOCSoQNshqEBbRahA3heoQPEdqEBsJ6hA
theoQBBHqEAIUahASjioQOQ7qEBIS6hAzCSoQAErqEBRbahAa1KoQNpXqEDGRKhAeDKoQMNZ
qEBqO6hAVV6oQIw3qEDgNKhAFSCoQJ5WqEBQb6hAoz2oQF18qEDwUqhAoEyoQGZoqEAJQahA
JV2oQF5VqEBATahAaVSoQChgqECNSqhArWSoQFFQqEAIYKhASluoQD1yqEA0U6hAE2CoQEVr
qEBibqhAgV6oQBRfqECoeKhA1W6oQE54qECiYqhAXU2oQG5TqECLWahAgJyoQBmBqEArdKhA
DYWoQDd1qECTaqhAQVaoQFZ4qEDwYqhA43SoQJhOqEBejqhAJ3CoQOyPqECcnahAr4GoQDOV
qEATlKhAIHeoQK12qEALd6hAyWeoQA9mqEAoo6hAKZWoQFSiqED0kahAOIaoQDSvqED0nKhA
8nmoQBuTqEBkjahA77eoQB27qEDsbKhAvKmoQOuzqECco6hA+7qoQMC3qEBvlahAtcCoQJnQ
qEC9i6hAdqaoQHy8qEA8jahAcMmoQM29qEDnnKhArJ+oQESuqECiv6hAt7GoQOq4qECCvahA
KLioQPfSqEAkg6hAnqOoQKHYqEBkvahA1rWoQKu+qEDxq6hARrmoQCTOqEAUr6hAFs+oQCew
qEAvzqhAAbqoQCO/qEALvqhAQtSoQDSyqEAD0qhAM7WoQAjcqEAnrqhARs2oQCXRqECPxahA
lN+oQNTKqECgv6hArMeoQJngqEAgm6hAnN6oQLfHqEDx0qhAreuoQATgqECG+KhANtuoQIjm
qEBF3qhAUOOoQJ3pqEA+5KhASuOoQJ3fqECM/qhA8b6oQOrhqECJ9ahAivOoQEf4qEBG6qhA
oPGoQLDvqEBZ3KhAC/+oQPTyqEDU7qhAh/aoQOHzqEB2AqlAhfKoQGj2qECs/6hANvaoQCf8
qECS4ahAAwWpQP8FqUAKGqlAyiOpQCL0qEBmFqlAIB6pQIAjqUB1AqlAliGpQGYMqUB7GKlA
wxupQEz9qEBO8ahAiSypQOEQqUCiGqlAbhCpQAIAqUBNDalAowqpQHITqUB+F6lApveoQMoR
qUCEHqlAPB+pQIInqUABGKlAnw6pQElHqUBgMalA4xmpQDsKqUBeI6lAVjapQDMfqUA5GKlA
ojapQJcqqUB/P6lAAEOpQD0pqUDOJqlACTqpQBklqUDwE6lAtSipQPVhqUDhUqlAiFupQEZi
qUCrFalAqiupQHJFqUCxHalA6VipQG8xqUCaLqlAYh+pQA0dqUAuUKlAWj2pQO5LqUCoQqlA
yEGpQAdiqUAzL6lA2VqpQAlgqUCQW6lAQVipQGlaqUBrUalARmipQHZRqUDkVKlANFipQLtW
qUBMSalAnEupQJNmqUBaS6lAAlipQPBpqUBzUKlAtHGpQBd3qUBMealAx2apQIuLqUB7kalA
wXKpQG2CqUClVqlAJmupQCduqUAzc6lAsVqpQJduqUDVfKlA8ZOpQNR6qUAwpalAjoypQHx8
qUAYbqlA/p6pQJVYqUBul6lAOompQHV4qUBPlqlA8pCpQDuGqUDha6lAeHqpQOF1qUAEeqlA
n2upQGWOqUDfkqlAwoepQNyNqUCCi6lAwqmpQMmMqUCoiqlAAWWpQHOrqUAHnqlAF3upQPuZ
qUD2galAF6ypQALEqUA9wKlAoJepQIWnqUARrqlA9ZCpQLmHqUDWqKlA4I+pQOO9qUAGyqlA
XpupQL6hqUCUrKlAHaypQCSkqUADp6lA37CpQKKiqUC9tKlAr8ypQG2nqUA2wqlAcdipQCiu
qUDZ06lAB6epQH2vqUDFmKlAPcGpQPTQqUCT0qlAUM6pQJTRqUBIvalAu7ypQCO0qUCZx6lA
keGpQArQqUDMtKlAFrmpQDLAqUAr2alAJr+pQCDLqUBx0qlAasWpQKvIqUBFuKlAVuCpQCPc
qUD4yalADLWpQMfnqUBy6alA4OKpQNDcqUAU0alApPCpQBbmqUB04alA9tGpQM7uqUD27alA
lA2qQEMkqkB97KlA0RGqQJ/wqUDR86lAPPmpQBPfqUAV/KlA3NupQJAFqkB+DapAEv6pQPT4
qUDQAqpAbgaqQK3+qUCzFqpAPwSqQFjfqUB24KlAKBuqQGYcqkCi86lA//ypQBchqkAEI6pA
ffWpQAwOqkA8B6pA7x6qQIPdqUC1EqpAEhGqQIr/qUCZDqpAjBuqQB9KqkCWB6pADQmqQJcr
qkDoCqpA/BuqQEwXqkC0JKpARj+qQKQLqkCDQapAdj2qQBc5qkBVI6pA5wuqQPgvqkCGLapA
6U2qQI9BqkBXMKpAh0yqQBw6qkBVYapAhzmqQO0yqkAANapAPzWqQDwtqkBcMKpAHyuqQO80
qkDUIqpA3DeqQLFfqkDkMqpAzRWqQDl3qkDiQqpA0DuqQP9TqkDHSKpAHkWqQC5MqkDJSapA
aUSqQI9oqkB1MqpAW0+qQP5JqkB4R6pAYV6qQFhQqkAGbapAzWaqQCFzqkAdhKpA51+qQPxl
qkDxWKpAg12qQGFPqkAcSqpADVuqQBBvqkD0fapAaWWqQOtUqkB/gapARWOqQEI/qkAIY6pA
XoCqQC9/qkBHTapAPoiqQD91qkBpb6pAmKqqQGJJqkBwZapAQ6qqQFlvqkA4VapA/GuqQMeB
qkC5iKpAs4WqQFyQqkDHiKpAEmuqQER7qkAziKpANYKqQPGtqkDqhKpA5nKqQHtlqkCQk6pA
5ISqQGCVqkCDtapAfIGqQJ6FqkCVj6pANIWqQBqvqkDVhKpAlJ2qQFiIqkBLhKpAzrOqQJyg
qkCt2KpA1p+qQHqPqkDdrqpAaMuqQCKtqkCJtKpA9LqqQEm9qkB7qKpA7KWqQJ3gqkDktKpA
ZLqqQBm4qkBhnqpArsqqQOLbqkDxmKpAiL2qQFLQqkAnuKpA4a2qQF/cqkB5l6pAidCqQEC/
qkD7mapAxKaqQPnbqkBw0KpAH9eqQBjqqkDl2apAKdOqQPG5qkAo3KpAdLmqQJnaqkC10qpA
b92qQBb4qkArxKpApeGqQCXuqkCgxKpA6tqqQOzxqkCKGatAWdSqQLbbqkBp+KpATPeqQJfR
qkDo56pAgtCqQCbFqkBS4KpAhsWqQCDoqkCczKpA+c2qQGjsqkC63qpA0eiqQF/OqkChBqtA
5faqQOMlq0CIBatA4dqqQCwXq0BN/qpA5garQHf8qkAb66pAFeWqQOUZq0AtAqtAA/SqQI3w
qkDwG6tA6QSrQLcEq0DJ76pAjgGrQAQbq0CzCqtAKRmrQN3+qkA9D6tAUAmrQGr7qkC396pA
CiyrQJIUq0DnLatA9xurQLEtq0AxJ6tAVx2rQGEcq0C1KqtAPS+rQMwqq0CRVatAFBerQLMk
q0BkSatANBarQAQ7q0B7SatA0DCrQD4mq0AfE6tAziWrQLopq0BAK6tAYzGrQMxDq0CxQatA
WmCrQEQNq0A9OatAoRSrQPdBq0A6HqtAay+rQFo8q0DqXatApVSrQCReq0C2L6tAs2arQKJY
q0AQSKtAkWCrQJZIq0AOI6tAKzarQBxNq0BKS6tAUTmrQFhUq0AcY6tAHlKrQA1qq0BeVKtA
uFurQIZ4q0AhfatAS2irQNBkq0B0iKtAlE+rQIlwq0A6fqtA6HOrQBdFq0B6f6tAH26rQGxs
q0DfmKtABnurQGFzq0C+fatABXirQNJuq0AGYKtAkZCrQL5zq0CnbKtA/4mrQLZvq0AFY6tA
n2SrQMV0q0B+aqtAdpKrQOJ6q0Ama6tAcomrQAi1q0CDo6tAx2+rQKCcq0CnjqtAEZarQOV7
q0D2kKtA16qrQGqBq0BLqqtAL5arQOKOq0D5r6tAp2yrQGCtq0DtsqtAELarQNyVq0CptqtA
042rQP+bq0Bmz6tAgNOrQLqgq0BMyatAwa+rQOiXq0AOvqtAE4urQO+yq0DovKtAMMGrQLXB
q0CVh6tA1+WrQLqpq0BGr6tA0tGrQMnOq0AD2qtAJLOrQE7Aq0Dp0qtA3MqrQDHIq0DvwKtA
QsSrQC7Lq0BXx6tANLKrQKPwq0BoyKtAt8irQPnDq0DB1KtACtirQLfyq0BU66tA5hCsQN7g
q0B976tArOirQDPiq0AP+qtACL2rQOjyq0DJ6atAWeOrQLTWq0D+26tA89KrQJsHrECW5atA
DeCrQBjsq0BnEKxAT+OrQCcRrECR7atATvyrQDz4q0A/46tAn92rQITlq0B176tAbf+rQHAF
rEDC4KtAeBCsQI74q0C7CqxA5wGsQIgCrECRGaxADAmsQDDtq0CuDqxAVg6sQDUFrEBE9KtA
nyCsQO0SrECFB6xAGwWsQPMCrECZG6xAQAGsQBo4rEAsAKxADgusQNQZrEB0GqxABiesQHgs
rEAhBKxANwusQMERrEBZGqxA6R2sQDArrECbH6xAZhOsQEQ7rED8MaxAiSWsQNUerEBzMaxA
vQCsQNI7rEAJQKxAASKsQEQlrEDZQqxABkGsQCAxrED6IaxAkFCsQKE2rEDfK6xAtk2sQI5A
rEA+X6xAkGOsQLk9rEA3O6xARFisQPNOrEA9RaxAomWsQGdWrEANRqxAX0asQFVmrEC1SaxA
r1qsQFFyrECbZKxA1lCsQCdqrEDhYKxANWasQMx1rED7cqxA</AssayYData></Step><Step><CommonData><SampleLocation>1</SampleLocation><SampleID>Octet Buffer</SampleID><SampleGroup></SampleGroup><SampleInfo></SampleInfo><SampleRow>K</SampleRow><SamplePlate>1</SamplePlate><WellType>BUFFER</WellType><Concentration>-1</Concentration><ConcentrationUnits>µg/ml</ConcentrationUnits><MolarConcentration>-1</MolarConcentration><MolarConcUnits>nM</MolarConcUnits><MolecularWeight>0</MolecularWeight><Temperature>30</Temperature><StartTime>4798212</StartTime><AssayTime>300</AssayTime></CommonData><FlowRate>1000</FlowRate><StepType>DISASSOC</StepType><StepName>Dissociation</StepName><StepStatus>OK</StepStatus><ActualTime>300</ActualTime><CycleTime>0.2</CycleTime><AssayXData Points="1500">NkCDRdBBg0VpQ4NFA0WDRZxGg0U6SINF0kmDRWlLg0UFTYNFnk6DRThQg0XSUYNFaVODRQNV
g0WcVoNFNliDRdBZg0VpW4NFA12DRZ5eg0U2YINF0GGDRWljg0UDZYNFnGaDRTZog0XQaYNF
aWuDRQVtg0WcboNFNnCDRdBxg0Vrc4NFA3WDRZx2g0U4eINF0nmDRWl7g0UFfYNFnn6DRTaA
g0XQgYNFaYODRQWFg0WehoNFNoiDRdCJg0Vri4NFBY2DRZyOg0U2kINF0JGDRWmTg0UZlYNF
npaDRTaYg0XSmYNFaZuDRQOdg0WcnoNFNqCDRdKhg0Vpo4NFBaWDRZymg0U4qINF0KmDRWmr
g0UDrYNFnK6DRTawg0XSsYNFa7ODRQO1g0WetoNFNriDRdK5g0Vpu4NFBb2DRZy+g0U4wINF
0MGDRWnDg0UDxYNFnMaDRTbIg0XSyYNFacuDRQXNg0WezoNFNtCDRdDRg0Vp04NFBdWDRZ7W
g0U42INF0NmDRWnbg0UD3YNFnN6DRTbgg0XQ4YNFaeODRQflg0Wc5oNFNuiDRdDpg0Vp64NF
Be2DRZzug0U28INF0PGDRWvzg0UD9YNFnvaDRTj4g0XQ+YNFafuDRQP9g0Wc/oNFOACERdIB
hEVpA4RFAwWERZ4GhEU2CIRF0AmERWkLhEUDDYRFng6ERTYQhEXQEYRFaROERQMVhEWcFoRF
NhiERdAZhEVpG4RFAx2ERZwehEU2IIRF0CGERWsjhEUDJYRFnCaERTYohEXQKYRFaSuERQUt
hEWeLoRFNjCERdAxhEVrM4RFBzWERZw2hEU2OIRF0DmERWk7hEUFPYRFnj6ERTZAhEXSQYRF
a0OERQVFhEWcRoRFNkiERdBJhEVrS4RFA02ERZxOhEU4UIRF0FGERWtThEUFVYRFnFaERTZY
hEXQWYRFaVuERQddhEWcXoRFNmCERdBhhEVrY4RFBWWERZxmhEU4aIRF0GmERWlrhEUDbYRF
nG6ERTZwhEXScYRFaXOERQN1hEWedoRFNniERdB5hEVre4RFA32ERZx+hEU2gIRF0IGERWmD
hEUDhYRFnoaERTaIhEXSiYRFaYuERQONhEWcjoRFNpCERdiRhEVpk4RFA5WERZ6WhEU4mIRF
0JmERWmbhEUFnYRFnJ6ERTaghEXQoYRFa6OERQOlhEWcpoRFNqiERdCphEVpq4RFA62ERZyu
hEU2sIRF0rGERWmzhEUDtYRFnraERTa4hEXQuYRFabuERQW9hEWevoRFNsCERdDBhEVpw4RF
BcWERZ7GhEU2yIRF0smERWnLhEUFzYRFns6ERTbQhEXQ0YRFa9OERTTVhEWe1oRFNtiERdLZ
hEVp24RFBd2ERZzehEU44IRF0OGERWvjhEUF5YRFnOaERYbohEXS6YRFa+uERQPthEWc7oRF
OPCERdLxhEVp84RFA/WERZz2hEU4+IRF0PmERWv7hEUD/YRFnP6ERTgAhUXQAYVFawOFRQMF
hUWcBoVFNgiFRdAJhUVpC4VFAw2FRZ4OhUU6EIVF0BGFRWsThUUDFYVFnBaFRTYYhUXQGYVF
aRuFRQMdhUWcHoVFNiCFRdAhhUVrI4VFAyWFRZ4mhUU2KIVF0CmFRWkrhUUDLYVFnC6FRTYw
hUXSMYVFaTOFRQU1hUWeNoVFODiFRdI5hUVrO4VFAz2FRZ4+hUU2QIVF0EGFRWtDhUUDRYVF
nkaFRThIhUXSSYVFaUuFRQVNhUWeToVFOFCFRdBRhUVpU4VFBVWFRZ5WhUU2WIVF0FmFRWlb
hUUFXYVFnl6FRTZghUXQYYVFa2OFRQNlhUWeZoVFNmiFRdJphUVpa4VFA22FRZ5uhUU2cIVF
0nGFRWlzhUUfdYVFnHaFRTZ4hUXQeYVFaXuFRQN9hUWcfoVFOICFRdCBhUVpg4VFA4WFRZyG
hUU4iIVF0omFRWuLhUUFjYVFnI6FRTiQhUXSkYVFaZOFRQOVhUWcloVFNpiFRdCZhUVpm4VF
BZ2FRZ6ehUU4oIVF0qGFRWujhUUFpYVFnKaFRTaohUXQqYVFaauFRQWthUWcroVFNrCFRdKx
hUVrs4VFBbWFRZy2hUU4uIVF0rmFRWu7hUUDvYVFnL6FRTbAhUXSwYVFacOFRQPFhUWcxoVF
NsiFRdLJhUVry4VFA82FRZzOhUU20IVF0tGFRWvThUUF1YVFnNaFRTbYhUXQ2YVFaduFRQfd
hUWc3oVFNuCFRdDhhUVr44VFA+WFRZzmhUU46IVF0umFRWnrhUUD7YVFnu6FRTbwhUXS8YVF
afOFRQP1hUWc9oVFNviFRdL5hUVp+4VFA/2FRZz+hUU2AIZF0AGGRWkDhkUDBYZFnAaGRTgI
hkXSCYZFaQuGRQMNhkWcDoZFNhCGRdIRhkVpE4ZFKhWGRZwWhkU4GIZF0BmGRWkbhkUDHYZF
nh6GRTgghkXSIYZFaSOGRQMlhkWeJoZFNiiGRdAphkVrK4ZFAy2GRZwuhkU4MIZF0DGGRWkz
hkUFNYZFnjaGRTY4hkXSOYZFaTuGRQU9hkWePoZFNkCGRdBBhkVpQ4ZFA0WGRZ5GhkU2SIZF
0EmGRWlLhkUDTYZFnE6GRThQhkXQUYZFa1OGRQNVhkWcVoZFNliGRdBZhkVrW4ZFA12GRZ5e
hkU2YIZF0mGGRWljhkUDZYZFnGaGRTZohkXQaYZFaWuGRQNthkWeboZFNnCGRdBxhkVpc4ZF
A3WGRZ52hkU2eIZF0HmGRWl7hkUDfYZFnH6GRTiAhkXSgYZFa4OGRQOFhkWchoZFOIiGRdCJ
hkVri4ZFBY2GRZyOhkU2kIZF0pGGRWmThkUDlYZFnpaGRTaYhkXQmYZFa5uGRQWdhkWcnoZF
OKCGRdChhkVro4ZFBaWGRZymhkU4qIZF0KmGRWurhkUDrYZFnK6GRTawhkXQsYZFa7OGRRW1
hkWctoZFNriGRdC5hkVpu4ZFBb2GRZ6+hkU4wIZF0sGGRWvDhkUFxYZFnsaGRTbIhkVTyoZF
mMuGRQPNhkWezoZFNtCGRdDRhkVr04ZFBdWGRZzWhkU22IZF0tmGRWnbhkUF3YZFnN6GRTjg
hkXQ4YZFaeOGRQXlhkWc5oZFNuiGRdTphkVr64ZFA+2GRZzuhkU28IZF0PGGRWnzhkUD9YZF
nvaGRTj4hkXQ+YZFafuGRQP9hkWc/oZFOACHRdIBh0VrA4dFAwWHRZ4Gh0U2CIdF0AmHRWsL
h0UFDYdFnA6HRTYQh0XQEYdFaROHRQMVh0WeFodFNhiHRdIZh0VrG4dFAx2HRZweh0U2IIdF
0CGHRWsjh0UDJYdFnCaHRTgoh0XQKYdFaSuHRQMth0WcLodFODCHRdIxh0VrM4dFBTWHRZw2
h0U2OIdF0jmHRWk7h0UDPYdFnD6HRTZAh0XSQYdFaUOHRQNFh0WcRodFOEiHRdBJh0VrS4dF
A02HRZxOh0U2UIdF0FGHRWtTh0UiVYdFnlaHRTZYh0XQWYdFaVuHRQNdh0WcXodFOGCHRdBh
h0VpY4dFA2WHRZxmh0U4aIdF0GmHRWlrh0UDbYdFnG6HRTZwh0XQcYdFaXOHRQN1h0WedodF
NniHRdJ5h0Vpe4dFA32HRZ5+h0U2gIdF0IGHRWuDh0UDhYdFnIaHRTiIh0XQiYdFaYuHRQON
h0WejodFNpCHRdCRh0Vrk4dFBZWHRZ6Wh0U2mIdF0JmHRWmbh0UDnYdFoJ6HRTigh0XQoYdF
aaOHRQWlh0WcpodFNqiHRdKph0Vpq4dFBa2HRZyuh0U4sIdF0rGHRWmzh0UFtYdFnLaHRTa4
h0XQuYdFabuHRQO9h0WevodFOMCHRdbBh0Vpw4dFA8WHRZ7Gh0U2yIdF0MmHRWvLh0UFzYdF
nM6HRTbQh0XQ0YdFadOHRQPVh0Wc1odFNtiHRdDZh0Vr24dFA92HRZ7eh0U44IdF0OGHRWvj
h0UF5YdFnOaHRTboh0XQ6YdFaeuHRQPth0Wc7odFNvCHRdDxh0Vr84dFDfWHRZz2h0U2+IdF
0vmHRWn7h0UD/YdFnv6HRTgAiEXQAYhFaQOIRQMFiEWeBohFOAiIRdAJiEVpC4hFAw2IRZ4O
iEU2EIhF0hGIRWsTiEUDFYhFnBaIRTYYiEXQGYhFaRuIRQMdiEWcHohFOCCIRdAhiEVpI4hF
AyWIRZwmiEU2KIhF0CmIRWkriEUDLYhFnC6IRTgwiEXSMYhFaTOIRQM1iEWcNohFNjiIRdA5
iEVrO4hFBT2IRZ4+iEU4QIhF0EGIRWlDiEUDRYhFnkaIRTZIiEXQSYhFaUuIRQNNiEWcTohF
OFCIRdJRiEVrU4hFA1WIRZxWiEU2WIhF0FmIRWlbiEUDXYhFnF6IRThgiEXQYYhFaWOIRQNl
iEWcZohFNmiIRdBpiEVpa4hFBW2IRZ5uiEU4cIhF0HGIRWlziEUFdYhFnnaIRTZ4iEXSeYhF
aXuIRQN9iEWefohFNoCIRdCBiEVpg4hFBYWIRZyGiEU4iIhF0ImIRWuLiEUFjYhFno6IRTaQ
iEXSkYhFa5OIRQWViEWclohFOJiIRdCZiEVrm4hFA52IRZ6eiEU4oIhF0KGIRWmjiEUFpYhF
nKaIRTaoiEXQqYhFH6yIRWetiEWtrohFNrCIRdCxiEVps4hFBbWIRZy2iEU4uIhF0LmIRWm7
iEUDvYhFnr6IRTjAiEXQwYhFacOIRQXFiEWcxohFOMiIRdDJiEVpy4hFBc2IRZ7OiEU40IhF
0tGIRWnTiEUF1YhFntaIRTbYiEXQ2YhFaduIRQPdiEWc3ohFNuCIRdDhiEVp44hFBeWIRZzm
iEU26IhF0umIRWnriEUD7YhFnO6IRTbwiEXQ8YhFa/OIRQP1iEWc9ohFOPiIRdL5iEVr+4hF
A/2IRZz+iEU2AIlF0gGJRWkDiUUDBYlFnAaJRTYIiUXQCYlFawuJRQMNiUWcDolFOBCJRdIR
iUVpE4lFAxWJRZwWiUU2GIlF0BmJRWkbiUUDHYlFnB6JRTYgiUXSIYlFaSOJRQMliUWeJolF
NiiJRdIpiUVrK4lFBS2JRZwuiUU4MIlF0DGJRWkziUUkNYlFnjaJRTg4iUXQOYlFaTuJRQU9
iUWcPolFNkCJRdBBiUVtQ4lFA0WJRZxGiUU2SIlF0EmJRWtLiUUFTYlFnE6JRThQiUXQUYlF
a1OJRQNViUWeVolFNliJRdBZiUVrW4lFA12JRZxeiUU2YIlF0mGJRWljiUUDZYlFnGaJRTho
iUXQaYlFa2uJRQNtiUWcbolFNnCJRdBxiUVpc4lFA3WJRZ52iUU2eIlF0HmJRWt7iUUDfYlF
nn6JRTaAiUXQgYlFaYOJRQOFiUWcholFOIiJRdKJiUVpi4lFBY2JRZyOiUU2kIlF0pGJRWmT
iUUDlYlFnJaJRTaYiUXQmYlFa5uJRQOdiUWenolFNqCJRdChiUVpo4lFBaWJRZymiUU4qIlF
0KmJRWuriUUFrYlFnK6JRTawiUXQsYlFa7OJRQW1iUWctolFNriJRdK5iUVpu4lFBb2JRZy+
iUU2wIlF0MGJRWvDiUUFxYlFnMaJRTbIiUXQyYlFacuJRQPNiUWczolFNtCJRdDRiUVp04lF
MNWJRZzWiUU42IlF0tmJRWnbiUUF3YlFnN6JRTrgiUXQ4YlFaeOJRQPliUWc5olFOOiJRdDp
iUVr64lFBe2JRZ7uiUU48IlF0PGJRWnziUUD9YlFnvaJRTb4iUXS+YlFa/uJRQP9iUWc/olF
OACKRdABikVpA4pFAwWKRZwGikU2CIpF0AmKRWsLikUDDYpFnA6KRTYQikXQEYpFaROKRQUV
ikWcFopFOBiKRdAZikVpG4pFBR2KRZ4eikU4IIpF0iGKRWkjikUDJYpFnCaKRTYoikXSKYpF
aSuKRQMtikWcLopFNjCKRdIxikVpM4pFBTWKRZw2ikU2OIpF0DmKRWk7ikUFPYpFnj6KRThA
ikXSQYpFaUOKRQNFikWeRopFNkiKRdBJikVpS4pFA02KRZ5OikU2UIpF0FGKRWlTikUDVYpF
nFaKRThYikXSWYpFa1uKRQVdikWeXopFNmCKRdBhikVpY4pFA2WKRZ5mikU2aIpF0GmKRWlr
ikUFbYpFnm6KRThwikXQcYpFa3OKRQV1ikWcdopFOHiKRdB5ikVpe4pFBX2KRZ5+ikU4gIpF
0oGKRWmDikUDhYpFnIaKRTiIikXQiYpFaYuKRWmNikWvjopFNpCKRdKRikVrk4pFBZWKRZyW
ikU2mIpF0JmKRW+bikUFnYpFnJ6KRTagikXQoYpFaaOKRQOlikWcpopFOKiKRdCpikVpq4pF
A62KRZyuikU2sIpF0rGKRWuzikUDtYpFnLaKRTi4ikXQuYpFa7uKRQO9ikWevopFNsCKRdDB
ikVpw4pFA8WKRZ7GikU2yIpF0smKRWnLikUFzYpFnM6KRTjQikXQ0YpFadOKRQPVikWc1opF
NtiKRdDZikVp24pFA92KRZzeikU44IpF0OGKRWnjikUD5YpFnOaKRTboikXQ6YpFaeuKRQXt
ikWc7opFNvCKRdDxikVp84pFA/WKRZz2ikU4+IpF0vmKRWv7ikUD/YpFnv6KRTYAi0XQAYtF
aQOLRQMFi0WeBotFOAiLRdAJi0VrC4tFAw2LRZwOi0U4EItF0BGLRWsTi0UFFYtFnBaLRTYY
i0XQGYtFaxuLRQUdi0WcHotFNiCLRdAhi0VpI4tFBSWLRZ4mi0U2KItF0CmLRWsri0UFLYtF
nC6LRTYwi0XQMYtFaTOLRQU1i0WeNotFNjiLRdA5i0VpO4tFAz2LRZw+i0U4QItF0EGLRWlD
i0UDRYtFnEaLRThIi0XQSYtFaUuLRQVNi0WeTotFOFCLRdBRi0VpU4tFA1WLRZxWi0U2WItF
0FmLRWlbi0UDXYtFnF6LRTZgi0XQYYtFa2OLRQNli0WcZotFOGiLRdBpi0Vpa4tFA22LRZxu
i0U4cItF0HGLRWlzi0UDdYtFnHaLRTZ4i0XSeYtFaXuLRQN9i0WefotFNoCLRdCBi0Vpg4tF
A4WLRZ6Gi0U2iItF0omLRWmLi0UDjYtFno6LRTaQi0XQkYtFaZOLRQOVi0WclotFNpiLRdKZ
i0Vrm4tFA52LRZ6ei0U4oItF0KGLRWuji0UDpYtFnKaLRTioi0XQqYtFaauLRQOti0WcrotF
NrCLRdKxi0Vrs4tFE7WLRZy2i0U4uItF0LmLRWu7i0UDvYtFnL6LRTjAi0XSwYtFacOLRQPF
i0WexotFOMiLRdDJi0Vpy4tFA82LRZzOi0U20ItF0NGLRWnTi0UD1YtFnNaLRTjYi0XQ2YtF
aduLRQXdi0Wc3otFNuCLRdDhi0Vr44tFBeWLRZzmi0U26ItF0OmLRWnri0UF7YtFnO6LRTjw
i0XQ8YtFa/OLRQX1i0Wc9otFNviLRdL5i0Vr+4tFA/2LRZz+i0U2AIxF0gGMRW0DjEUDBYxF
nAaMRTYIjEXSCYxFaQuMRQUNjEWcDoxFNhCMRdIRjEVpE4xFAxWMRZwWjEU2GIxF0BmMRWsb
jEUDHYxFnB6MRTggjEXQIYxFaSOMRQMljEWcJoxFNiiMRdIpjEVpK4xFAy2MRZwujEU2MIxF
0jGMRWkzjEUFNYxFnDaMRTg4jEXQOYxFazuMRQM9jEWePoxFNkCMRdJBjEVpQ4xFA0WMRZ5G
jEU4SIxF0EmMRWlLjEUDTYxFnk6MRTZQjEXQUYxFaVOMRSBVjEWcVoxFNliMRdJZjEVpW4xF
BV2MRZ5ejEU2YIxF0mGMRWtjjEUDZYxFnGaMRTZojEXQaYxFaWuMRQVtjEWcboxFNnCMRdJx
jEVrc4xFBXWMRZx2jEU2eIxF0nmMRWt7jEUDfYxFnn6MRTiAjEXSgYxFa4OMRQOFjEWehoxF
NoiMRdCJjEVpi4xFA42MRZyOjEU4kIxF0JGMRWmTjEUDlYxFnpaMRTaYjEXQmYxFa5uMRQOd
jEWcnoxF</AssayXData><AssayYData Points="1500">19SrQMAPrEDL06tA4/SrQNQbrEBa/qtAdz2sQGIxrEB/CqxABeGrQD81rEC6MqxAVwmsQMI4
rEBrJqxAxC2sQIkGrEAWLqxAKTWsQJIwrEAMPqxADy+sQLpGrED7GaxAbjisQHAmrEBnOqxA
wk2sQN0qrEC9KaxANDKsQFBQrEDcM6xA/C2sQI0frECtO6xAzDWsQCwrrEDTEaxAyzSsQKtE
rED3HqxAG0+sQBhJrEBiMqxA10SsQKQ8rEAxWKxAxRysQClbrECCQKxAEQasQJAurEAkIqxA
BDasQFZYrED8SqxAyiKsQNRBrEB6JaxAOzysQI44rEAzNaxAG06sQFBerEBsLaxAMUGsQMBR
rECET6xAgl2sQMFhrEC1Q6xA9DasQJlMrECXFqxAzVSsQPBYrEAVSaxAESOsQFVHrEDRMaxA
SUCsQI8nrEDOX6xAu0usQABErECESKxAkkesQFkprEDDRaxAs26sQG1lrEB/VaxAxmCsQBpv
rECtY6xAvyWsQCtJrEAQXKxAlYCsQEBErEAxSaxARU+sQEdDrEBaXqxAS0GsQOEyrECBaaxA
cU+sQMhRrEBcPaxAmEusQAddrEDdSaxAky6sQL5krEChT6xAWkasQANbrEBMW6xAelKsQBlm
rEBxbaxA9VOsQMRbrEA/U6xAH1ysQPpNrEC+MqxA62+sQLNfrEAgQqxARnmsQI1grED8U6xA
TGqsQPtjrEA8VqxAsWesQCtgrEAlV6xAelWsQBFYrEAuQ6xADl6sQMJ7rEA4SqxAmW+sQFuG
rEArP6xArlGsQBFwrEDvVKxA0GCsQEVnrEDtdqxA6T6sQNRYrEDMeqxACDKsQP+DrEBgUqxA
sjusQLB/rECXTqxASFisQOBnrEAic6xA64isQDRprEDIj6xAXU6sQGZUrED7W6xAxVasQLA4
rEAYeqxAyIGsQIdjrECigaxAFYusQFpVrEDvjaxAeVSsQN9nrEDIe6xAdmOsQB9xrED1VKxA
Xm2sQKCErEBSdKxAG4+sQFmDrEAoaaxALFWsQGd4rECvYaxAdKOsQCuArEA0mKxANY6sQGqU
rEBMUaxAyY6sQCikrEDVrKxA1FasQD+jrECmiaxA4oWsQJ5/rEApnqxAql2sQDGdrEBykqxA
nFqsQFJprEBUkKxAq4+sQJVqrEAliKxAXYKsQAV3rEDDn6xA4HysQFRmrEDecaxA73asQMii
rEAbiKxAh3GsQLp5rEC9naxAX32sQBOIrEDphKxAW22sQGVurEBCd6xAJXOsQD6IrEBPiqxA
bl+sQB2RrEA5qKxAgHesQHCUrEAfZ6xATqusQCqlrEAubaxAEJSsQOR4rECwn6xAVausQP57
rEBOvqxA/bGsQLeGrEBKrqxA34msQNqPrECRpqxAUImsQLKPrEBgm6xAKI2sQEO2rEAynqxA
c4+sQG6arECUs6xAwnSsQOHJrEA5k6xA7ZasQPCLrEChsqxA+6msQD6lrEDAt6xADKGsQD2u
rEBLiaxAOKWsQBawrEB8qaxAesCsQHCrrEA1pqxAsMasQPSkrEDSlqxAe6OsQJzDrEBziKxA
fp6sQDigrEBthqxAWLKsQMLIrEDBj6xABM+sQNezrECorKxAmpisQP2xrEBJvqxA5YKsQFG7
rECVyaxA1bGsQMahrEDysKxAuaisQLzWrECntqxAG6GsQGa+rEAuvaxArq+sQDm4rEBRuqxA
H9msQJ/DrEBEuaxAz9usQGWxrEA/vKxAwrysQIrKrEDG1axAcPmsQCibrECQyKxAKM6sQCzM
rECzxaxAddOsQBq5rEBGzKxA2bysQGa4rECVv6xAnOysQOHFrED1t6xAV7qsQMOyrEBW3axA
yaWsQNnarEAB0qxAmqmsQMfCrEAKy6xAw7msQCoErUD746xAl8qsQAPLrEC35qxAH92sQJfT
rEAj3KxA9smsQDvSrEAFx6xAw7qsQIjBrEAEzKxAX7isQE/WrEBD3qxAttCsQPXHrEAr56xA
28isQD/frEAaw6xAet6sQHDUrECIxaxAANCsQHjMrEAayaxAUtasQNbarEDj16xALs+sQF3b
rEDV36xAeACtQEXRrEBa2qxAYMqsQNu+rECxtaxA69msQMPXrEAE76xARt+sQE4OrUCA4KxA
UtqsQMH+rEBp8qxAauOsQCH0rEAW96xAosmsQLPkrEDn8axArrysQErerEAuxKxAdsGsQKfj
rEB53qxA3gWtQPfirECyA61Av+isQErmrEBSz6xAuwutQHv/rECq7axAmNusQEHhrEAV4KxA
o86sQMLkrECO4qxA+PSsQBvkrEB236xA+/GsQAn3rEDk9qxAgwetQE38rEBo2KxAb/2sQLn0
rEBT+KxAuAitQILwrEDv76xAeeqsQMX1rEC07KxAM+GsQGEQrUDk9axATPKsQGzurEDkyaxA
Su6sQMvtrEDXBa1A8OqsQGItrUDvAq1A1+CsQNnorECF+KxA1MusQHDjrEB186xAdPasQF4j
rUAw9axA4PGsQBLyrEDl96xACe6sQJrQrECN+axAY/6sQIkOrUChC61AS92sQErhrEBlCq1A
gwmtQIcQrUBeEK1AkhStQPsQrUCTBa1AEv2sQB8TrUDp/axALCGtQOzgrECW9axAABmtQHvz
rEB1Gq1AKwatQDD7rEDSHq1AcQ6tQO33rEDmBK1AiyCtQLsCrUACJa1AFgytQEwMrUApEK1A
hxytQEcOrUCpBa1AdQutQBsUrUCWJa1AOw2tQN0vrUDzJa1AggStQFIDrUBlCq1Azg+tQOQZ
rUBLK61AawOtQK/1rEBKRa1ALCKtQF8MrUBJN61A9QKtQI8crUABMa1A/AutQD0xrUAGHa1A
OgKtQNMnrUB8HK1ApRetQKAHrUBpI61AhB+tQK8jrUArHK1AFBStQEQTrUApHa1AbCGtQBkh
rUBzFK1ASSetQKUWrUC8NK1AfeSsQLAVrUDiM61A/hytQBAjrUAeFq1ARyCtQN4vrUCvAa1A
R0OtQOc5rUCoHq1AvyitQIQDrUCzQK1A6hOtQEVOrUCNLa1ApTGtQO0TrUCROq1AoiOtQElZ
rUAKO61AcgitQCo8rUDRLq1A+jGtQLsKrUCSOK1AoBWtQDwLrUD6DK1AL02tQGhBrUBMIq1A
PUytQB82rUByHa1AxjatQHc2rUAmIq1A6T2tQMArrUDRIa1AzhatQCc+rUDwHK1Aoy+tQDYu
rUA3Qq1A9lytQLVUrUDSKa1AMzGtQO5IrUD4MK1A/wWtQMZdrUCjNq1A9zStQFNBrUB8QK1A
X06tQNFhrUACQ61AaBetQKAlrUCOP61AJ0OtQCxSrUByP61AXBitQO86rUBCUq1AEy+tQD80
rUDjZq1AMFStQHEhrUDURa1A6jitQLNQrUAlUq1AJlqtQL0zrUBrWa1AkWqtQCxFrUDhNK1A
yj2tQBVQrUABPq1AxFCtQK07rUAOQq1ACzutQCRCrUCrS61ALFitQKJbrUBnT61Af0CtQB9k
rUDfNa1AHVWtQCg8rUBIU61AOlutQIldrUCGUK1AkFWtQBJQrUDgSq1AbDytQKVlrUChcq1A
vU6tQL5ZrUB/aK1AZFGtQOtgrUCFPK1At1OtQNxgrUD5Xa1AwlytQGpVrUA3Wq1AzFatQHZF
rUDASa1AF4atQF4urUCwV61Ax1KtQA9crUAmXq1AFECtQLFsrUDCnK1AoDutQJ1YrUCTbK1A
gl+tQE9orUDlTq1AplqtQI5lrUAiWK1AoGKtQKyErUAaba1ArWGtQKGBrUAJXq1Ab1OtQL2I
rUCrZ61A1pKtQO5jrUA3Sa1ANX+tQJNcrUBWd61Af2atQHJjrUCzZq1AIVutQDxvrUCFS61A
c2WtQEFcrUAIZa1ADGOtQJBJrUABZ61A+EatQBNyrUBueK1ADmitQLxfrUDOb61A2ICtQCGB
rUC/fK1Ag5atQG9rrUCvfK1As4etQPB/rUA2Y61A4JWtQAV5rUDgcq1AA46tQGJDrUDte61A
u3mtQG1prUASja1AFW6tQDd2rUAaWq1AH36tQA+GrUDWY61AiICtQD2RrUCRWK1AGYOtQOlq
rUD9eq1AGHOtQGN8rUBaja1A4n2tQOZqrUDjkK1A9IitQMd3rUC+l61AqYqtQBJgrUB+ca1A
7GGtQDuXrUAzgK1AynKtQIKPrUBohK1Aho+tQOKFrUC0jK1AWY2tQANfrUBHna1AOJqtQGOH
rUCcdK1AznutQBd0rUDSd61ACZqtQM9mrUAxkq1AX6CtQKCarUBJgK1AqbqtQGN8rUDUia1A
6Y2tQJOfrUBvjq1ASpGtQJGVrUCeoK1AkpGtQGCrrUDrkK1AYWKtQEaOrUBdg61ABY6tQPWX
rUDziq1AnZqtQF2GrUAAk61AC56tQDmZrUBWa61AVXGtQIiarUBwja1Ar5ytQCqLrUCpu61A
7oKtQF+RrUDSgK1A86etQGmWrUAap61Ac6etQPqnrUAgh61ANZytQJyYrUCfpK1AsKGtQIKL
rUCjma1AR6ytQE6grUC9lK1Aup+tQPSRrUDnha1Awa6tQBC3rUDnia1Aq5atQJuxrUC5pq1A
5aGtQPinrUCRjq1Acp+tQI6drUC9rK1AHZutQNGurUC9tK1ARWetQMSWrUAWla1ADoatQByH
rUAXmq1AwaKtQLSvrUCcnq1AapqtQIiWrUCKta1Aa6WtQHeirUAAsq1AOYCtQFuqrUB+0q1A
a52tQEicrUBPva1Aqa+tQNqirUCxqa1A5qGtQAvJrUConK1ApqStQFawrUBnra1Anc6tQF+Q
rUD/mq1Atr2tQF6erUDCsq1AA6GtQB6lrUApq61AgcitQC6wrUBZm61AzrOtQCW7rUCxua1A
u62tQAK0rUD9sa1A0Z2tQK+trUDUzq1AYbytQK6/rUBEo61AfpytQGi0rUCDvK1AccStQFe9
rUCfqq1AWq6tQFmxrUAB4a1ALbCtQIrUrUAAq61Awa6tQLTErUBWtK1AGtitQCuVrUB6zK1A
YritQAbDrUBQyK1A4MutQCTDrUD/vq1Ags6tQPq3rUCHzK1ATLitQHXWrUCHvq1Axs2tQF+6
rUC+zK1AML2tQMu5rUD2sK1AzsutQAaQrUAosK1AmsStQD+orUCyvq1A2cCtQLC1rUATva1A
ObitQJ7jrUAaua1A28+tQHPkrUDws61AMrqtQNfOrUAD1K1A8KGtQBnqrUBI461AZaqtQNLL
rUB6uq1AoNOtQJzCrUAa6K1AOcStQC/MrUDX3K1Ahs6tQF/OrUAR061AAtWtQHnZrUD76K1A
59atQH/orUDgvK1AEPmtQCjfrUBQz61Atd6tQPbOrUD7xq1AvdWtQJbDrUDH0a1AGdmtQITg
rUCHv61AA+atQGbirUA21K1AG9ytQIMKrkDF6q1AeMetQHHmrUC8wa1AD8atQHzPrUAhx61A
EdytQPf6rUAA8q1AaPGtQIzSrUCZA65A1cutQPO/rUAqD65AcguuQE7srUDOya1AGO2tQBDg
rUAS7q1ALuitQDDerUC6+q1AGeatQEr0rUCG7a1AZ/6tQNn0rUBU8a1ApwGuQN/rrUCW5q1A
mS2uQC3hrUDrAK5AeMStQNQJrkAV0K1A1OWtQA/prUDZ2a1AEvStQGAqrkBIuK1AdgiuQNz9
rUDMzK1AoOKtQM3prUCb5q1AGAKuQDDgrUCW8q1AMOGtQHPBrUBo5q1AxvqtQLrerUCr4a1A
bO6tQMrUrUAJ+a1AHfmtQFfbrUBXAa5Aqd2tQKrorUCg461AQdutQNv9rUAY861A2AGuQDEG
rkCcDq5ABtetQNvjrUAk8q1AWfStQDTMrUBdDK5Af+StQCjmrUAUDK5AEQmuQL7BrUClDa5A
3vKtQF0JrkCADq5AKweuQL/trUCt+a1AVh+uQMvwrUBh6a1A5CGuQOQPrkDB0a1AwPmtQGQJ
rkCbAq5A1fitQNgArkDIEq5A//OtQCQJrkDsBq5AM9etQMQUrkB65K1ASuOtQKT+rUAW+K1A
RO2tQNQQrkDnBa5Awg2uQOj8rUBrC65AQ/qtQJkarkB5/a1AsgyuQILdrUByDK5AC/KtQMEV
rkDk9a1AA+StQNPhrUAv+K1AlzCuQKn5rUAlHK5ANRiuQOUfrkBBDq5A6AuuQM8jrkB0DK5A
9BOuQKr3rUAf+61AQgiuQEEQrkAsGK5AyziuQCsirkDcHq5AghSuQCr9rUBHAa5AjyWuQNsW
rkBlGa5ALwmuQJcWrkBdEa5AmP2tQEkrrkCaGK5AXvetQHQQrkD/GK5A5w2uQHEVrkDcFq5A
SAyuQP0/rkDKH65ApxiuQAAarkDFAq5AWR6uQD8prkADIq5AJhmuQNUirkAsJK5AmQyuQCLz
rUD8L65A6hWuQK0QrkDUCq5AFhSuQB0ErkDtB65Ai/OtQJ/9rUDkFq5AbSKuQODorUCr/a1A
QC2uQHAorkA8Ha5A8VKuQBExrkDeEa5ApSiuQDU6rkBiKq5AxxuuQN0grkCEPK5AmyWuQJAW
rkAMEK5AKhmuQPBQrkBZBq5AkjWuQFporkBwMq5AqUOuQOoNrkDAM65AQBSuQC8vrkAETq5A
aRGuQM82rkBLJ65AkAGuQD0arkAgHK5A7x2uQAhHrkDVPa5APR6uQEQwrkAeHq5AuTmuQA9O
rkCWJK5ACC2uQI5ArkBnKq5AREWuQDY9rkANPq5A3S6uQMY7rkBXH65A6CyuQAI6rkALOK5A
0VuuQNgtrkDvKq5ATUmuQLkorkBiNq5ARF2uQCYyrkCsKa5AbS6uQKM5rkDhNa5A4SyuQO06
rkBzMq5AdjWuQI4+rkAXRq5AdCauQBxTrkBTSq5A0BCuQKFWrkDTN65AHTKuQPBLrkAvQq5A
jCmuQMg4rkBhOq5AnSiuQPUOrkClZq5ALy2uQCFgrkD0MK5AmDyuQGY4rkCNTa5A+kOuQB4w
rkCMK65AfzCuQLMyrkDkN65ARDGuQOdorkB1Kq5ARmCuQAxFrkB3Iq5AOlquQKZSrkDrEq5A
DFiuQIlQrkAIUa5Ae1euQPg0rkBvN65AkkKuQJxXrkAoUK5AhjquQPZBrkBjO65AtEyuQCVw
rkAVQ65AJECuQApDrkBWJK5A+y+uQMhKrkC9RK5AuFSuQFFQrkC0b65AyEmuQPk/rkCvWK5A
vl6uQFZIrkBmUq5AcVauQN8/rkAHSK5AyCeuQNBZrkDZP65Aq1auQJ1HrkChWa5AoVCuQGxh
rkBzOa5Ah0euQFVcrkDTaa5As1auQGxArkBIUq5AbXOuQD9CrkDNU65ACEeuQNhZrkC/PK5A
dE2uQJZYrkCkTq5AZ2SuQKNZrkAtQK5Ag0auQBlorkABXK5ADEGuQIQ4rkCaSK5Ah2OuQJhy
rkA5Ta5AgzOuQKNarkCjWq5AemCuQMBerkBwV65Ai3GuQL5nrkDbh65ABF2uQKNXrkAmaK5A
SUeuQExzrkB8Xa5AnV+uQP5jrkDraa5AIjSuQAN8rkDtf65AckyuQOhfrkAlZ65AkIiuQJJU
rkD1XK5AdUSuQPd4rkAbXK5Ay2yuQBZkrkCgU65AYoGuQCo+rkCse65AJ1iuQF5zrkBUP65A
TFuuQHdOrkBQU65AlHKuQDtmrkDMXK5AAWSuQCxYrkAoa65ABlWuQGRgrkAUbK5AQ1KuQBWD
rkD/Y65Az3quQNJirkCvaK5AdlquQOlsrkCAcK5A5FmuQKZmrkDCea5AVGGuQF1CrkDqYK5A
jV2uQLVXrkDIfa5AoJCuQBFHrkAneK5AqH2uQPFYrkAgaa5AA4yuQL9orkAmha5Anl+uQJ9/
rkAuhq5AdFiuQDtorkC5b65As3OuQHuArkDGYK5AzX6uQCxtrkCUdK5Ak5quQFlDrkDPWa5A
rIauQBlrrkDlYK5AmV+uQFSDrkAthK5AtWOuQNKArkA6jK5A/X6uQFCWrkDRjK5A52SuQPdi
rkCve65A</AssayYData></Step><Step><CommonData><SampleLocation>5</SampleLocation><SampleID>Glycine</SampleID><SampleGroup></SampleGroup><SampleInfo></SampleInfo><SampleRow>L</SampleRow><SamplePlate>1</SamplePlate><WellType>REGENERATION</WellType><Concentration>-1</Concentration><ConcentrationUnits>µg/ml</ConcentrationUnits><MolarConcentration>-1</MolarConcentration><MolarConcUnits>nM</MolarConcUnits><MolecularWeight>0</MolecularWeight><Temperature>30</Temperature><StartTime>5107567</StartTime><AssayTime>5</AssayTime></CommonData><FlowRate>1000</FlowRate><StepType>KREGENERATION</StepType><StepName>Regeneration</StepName><StepStatus>OK</StepStatus><ActualTime>4.9998</ActualTime><CycleTime>0.2</CycleTime><AssayXData Points="25">NaCMRc+hjEVoo4xFBKWMRZ2mjEU1qIxFM6qMRXerjEUErYxFm66MRTWwjEXPsYxFaLOMRQS1
jEWbtoxFNbiMRdG5jEVou4xFBL2MRZu+jEU1wIxF0cGMRWjDjEUCxYxFm8aMRQ==</AssayXData><AssayYData Points="25">2dmSP6kLhz/8g4A/IHF4P/Oocj/V/Ws/JepjP6t8XT80DVk/rmdSPxNdTT89D0g/XqZDPx3Q
Pj8wbzs/LFE3P8SoMz+IDDA/ArMuP/GiKj88/yY/ZI0kP26+IT8Ygh4/+P4dPw==</AssayYData></Step><Step><CommonData><SampleLocation>6</SampleLocation><SampleID>PBS</SampleID><SampleGroup></SampleGroup><SampleInfo></SampleInfo><SampleRow>L</SampleRow><SamplePlate>1</SamplePlate><WellType>NEUTRALIZATION</WellType><Concentration>-1</Concentration><ConcentrationUnits>µg/ml</ConcentrationUnits><MolarConcentration>-1</MolarConcentration><MolarConcUnits>nM</MolarConcUnits><MolecularWeight>0</MolecularWeight><Temperature>30</Temperature><StartTime>5120670</StartTime><AssayTime>5</AssayTime></CommonData><FlowRate>1000</FlowRate><StepType>KREGENERATION</StepType><StepName>Regeneration</StepName><StepStatus>OK</StepStatus><ActualTime>5.00078</ActualTime><CycleTime>0.2</CycleTime><AssayXData Points="25">NciMRc/JjEVoy4xFAs2MRZvOjEU30IxF0dGMRWjTjEUC1YxFm9aMRTXYjEXR2YxFatuMRQTd
jEWb3oxFN+CMRdHhjEVq44xFBOWMRZvmjEU16IxF0emMRWjrjEUC7YxFne6MRQ==</AssayXData><AssayYData Points="25">cL+IQGmBiUBy/IlAgoCKQHC8ikBV/4pAMlCLQDuBi0BMxotAi82LQBofjEBwM4xATUyMQJpp
jEDIlYxAXLyMQGi2jEAo6IxAGeWMQL8ejUC7A41APSaNQEovjUAeMo1AbU6NQA==</AssayYData></Step><Step><CommonData><SampleLocation>5</SampleLocation><SampleID>Glycine</SampleID><SampleGroup></SampleGroup><SampleInfo></SampleInfo><SampleRow>L</SampleRow><SamplePlate>1</SamplePlate><WellType>REGENERATION</WellType><Concentration>-1</Concentration><ConcentrationUnits>µg/ml</ConcentrationUnits><MolarConcentration>-1</MolarConcentration><MolarConcUnits>nM</MolarConcUnits><MolecularWeight>0</MolecularWeight><Temperature>30</Temperature><StartTime>5133758</StartTime><AssayTime>5</AssayTime></CommonData><FlowRate>1000</FlowRate><StepType>KREGENERATION</StepType><StepName>Regeneration</StepName><StepStatus>OK</StepStatus><ActualTime>4.9998</ActualTime><CycleTime>0.2</CycleTime><AssayXData Points="25">OPCMRdLxjEVp84xFBfWMRZ72jEU2+IxF0PmMRWn7jEUD/YxFnP6MRTYAjUXQAY1FaQONRQMF
jUWcBo1FOAiNRdAJjUVpC41FAw2NRZ4OjUU4EI1F0BGNRWkTjUUFFY1FnhaNRQ==</AssayXData><AssayYData Points="25">4V5XP2F8Qz98+zc/ZhIyPwXSLD9Neyk/9/ciP1lOID9fYh0/tHYaP+7NGD+BIxU/zAoUP9md
Ez88SRA/RTgOP8IPDD8d1Ak/s+IIP/Z9CD8oegY/Xo8FPwbIBD8MzwM/sGwCPw==</AssayYData></Step><Step><CommonData><SampleLocation>6</SampleLocation><SampleID>PBS</SampleID><SampleGroup></SampleGroup><SampleInfo></SampleInfo><SampleRow>L</SampleRow><SamplePlate>1</SamplePlate><WellType>NEUTRALIZATION</WellType><Concentration>-1</Concentration><ConcentrationUnits>µg/ml</ConcentrationUnits><MolarConcentration>-1</MolarConcentration><MolarConcUnits>nM</MolarConcUnits><MolecularWeight>0</MolecularWeight><Temperature>30</Temperature><StartTime>5146839</StartTime><AssayTime>5</AssayTime></CommonData><FlowRate>1000</FlowRate><StepType>KREGENERATION</StepType><StepName>Regeneration</StepName><StepStatus>OK</StepStatus><ActualTime>5.00078</ActualTime><CycleTime>0.2</CycleTime><AssayXData Points="25">OBiNRdIZjUVtG41FBR2NRaAejUU4II1F0iGNRW0jjUUFJY1FniaNRTgojUXUKY1FayuNRQUt
jUWeLo1FOjCNRdIxjUVtM41FBTWNRaA2jUU6OI1F0jmNRW07jUUFPY1FoD6NRQ==</AssayXData><AssayYData Points="25">pB6IQJGNiEB3LIlAqLaJQIXxiUCtZ4pAg3GKQHmzikBB4YpAIR2LQMU3i0BaZItA15KLQJq/
i0D01otAkvKLQIb7i0DUP4xAii+MQHlrjEAwcYxAdXGMQAyOjEDlnIxAJ4mMQA==</AssayYData></Step><Step><CommonData><SampleLocation>5</SampleLocation><SampleID>Glycine</SampleID><SampleGroup></SampleGroup><SampleInfo></SampleInfo><SampleRow>L</SampleRow><SamplePlate>1</SamplePlate><WellType>REGENERATION</WellType><Concentration>-1</Concentration><ConcentrationUnits>µg/ml</ConcentrationUnits><MolarConcentration>-1</MolarConcentration><MolarConcUnits>nM</MolarConcUnits><MolecularWeight>0</MolecularWeight><Temperature>30</Temperature><StartTime>5159940</StartTime><AssayTime>5</AssayTime></CommonData><FlowRate>1000</FlowRate><StepType>KREGENERATION</StepType><StepName>Regeneration</StepName><StepStatus>OK</StepStatus><ActualTime>4.9998</ActualTime><CycleTime>0.2</CycleTime><AssayXData Points="25">OkCNRdRBjUVvQ41FB0WNRaBGjUU6SI1F1EmNRW9LjUUJTY1FoE6NRTpQjUXUUY1FbVONRQdV
jUWgVo1FOliNRdRZjUVtW41FCV2NRaBejUU6YI1F1mGNRW1jjUUJZY1FoGaNRQ==</AssayXData><AssayYData Points="25">eMlNP02TOz/VDDE/ZNwpP3fsJD/+QSE/m0wdP4uiGz+rtxg/Rs0VP4V5FD9MRhI/mFQSP/1k
Dz85PQ4/vwMNPzZnCj+drQg/K0IJP9MBCD98wQU/wrwFP6C5BD+QGAM/uSsCPw==</AssayYData></Step><Step><CommonData><SampleLocation>6</SampleLocation><SampleID>PBS</SampleID><SampleGroup></SampleGroup><SampleInfo></SampleInfo><SampleRow>L</SampleRow><SamplePlate>1</SamplePlate><WellType>NEUTRALIZATION</WellType><Concentration>-1</Concentration><ConcentrationUnits>µg/ml</ConcentrationUnits><MolarConcentration>-1</MolarConcentration><MolarConcUnits>nM</MolarConcUnits><MolecularWeight>0</MolecularWeight><Temperature>30</Temperature><StartTime>5173511</StartTime><AssayTime>5</AssayTime></CommonData><FlowRate>1000</FlowRate><StepType>KREGENERATION</StepType><StepName>Regeneration</StepName><StepStatus>OK</StepStatus><ActualTime>5.00078</ActualTime><CycleTime>0.2</CycleTime><AssayXData Points="25">OmiNRdRpjUVva41FB22NRaJujUU6cI1F1HGNRW1zjUUJdY1FoHaNRTp4jUXUeY1FcXuNRQd9
jUWifo1FPICNRdSBjUVtg41FB4WNRaCGjUU8iI1F1ImNRW2LjUUJjY1Foo6NRQ==</AssayXData><AssayYData Points="25">C8WIQC5tiUBC8IlAm4uKQOG7ikBc8opA6lWLQJmOi0AWrItAX+eLQLoRjECeGoxAAEuMQGmE
jEB+oIxAsaiMQKjMjEBK3IxAMBqNQKc4jUChPY1AdlKNQEJmjUDcaI1Arn2NQA==</AssayYData></Step><Step><CommonData><SampleLocation>1</SampleLocation><SampleID>Octet Buffer</SampleID><SampleGroup></SampleGroup><SampleInfo></SampleInfo><SampleRow>K</SampleRow><SamplePlate>1</SamplePlate><WellType>BUFFER</WellType><Concentration>-1</Concentration><ConcentrationUnits>µg/ml</ConcentrationUnits><MolarConcentration>-1</MolarConcentration><MolarConcUnits>nM</MolarConcUnits><MolecularWeight>0</MolecularWeight><Temperature>30</Temperature><StartTime>5187916</StartTime><AssayTime>20</AssayTime></CommonData><FlowRate>1000</FlowRate><StepType>CUSTOM</StepType><StepName>Sensor Check</StepName><StepStatus>OK</StepStatus><ActualTime>19.9998</ActualTime><CycleTime>0.2</CycleTime><AssayXData Points="100">PJCNRdaRjUVvk41FCZWNRaSWjUU8mI1F1pmNRW+bjUUJnY1Fop6NRTygjUXWoY1FcaONRQul
jUWipo1FPKiNRdapjUVvq41FC62NRaKujUU8sI1F1rGNRXGzjUUJtY1ForaNRTy4jUXWuY1F
b7uNRQm9jUWkvo1FPMCNRdbBjUVxw41FCcWNRaLGjUU8yI1F2MmNRW/LjUULzY1FpM6NRT7Q
jUXY0Y1Fb9ONRQnVjUWi1o1FPNiNRdbZjUVx241FCd2NRaTejUU84I1F2OGNRW/jjUUJ5Y1F
ouaNRTzojUXW6Y1Fb+uNRQntjUWk7o1FQPCNRdbxjUVv841FCfWNRaL2jUU8+I1F1vmNRW/7
jUUJ/Y1Fov6NRTwAjkXWAY5FbwOORQsFjkWiBo5FPgiORdYJjkVvC45FCQ2ORaIOjkU8EI5F
1hGORW8TjkUJFY5FohaORTwYjkXWGY5FbxuORQsdjkWiHo5FPiCORdYhjkVvI45FCSWORaQm
jkU8KI5F1imORXErjkUJLY5Foi6ORQ==</AssayXData><AssayYData Points="100">fBKIQPlJhkB7PIVAw3KEQFrkg0Bdj4NA42WDQLSCg0BESINACxmDQDNug0BzUYNA/WyDQN2V
g0CamINAwoqDQLGug0AEzoNAh+yDQE8WhEDSDIRAJyaEQBohhECxPYRAkliEQIIthECoaIRA
71aEQOqJhEAMoIRAVKuEQNxrhECynoRAY6uEQEm0hEDJxoRADsyEQHvThEChC4VAqAqFQN8L
hUAX8oRAJCCFQAwohUC3/oRANRaFQFAohUBTG4VA4DuFQIAjhUB2SIVA4z6FQGlnhUA6NoVA
F1CFQMJThUC+bIVAk0CFQB6QhUAMW4VADIqFQGh8hUCOeoVAAH6FQCN6hUC5lYVAJIaFQBDX
hUBriYVAo62FQFaHhUBdq4VA/aqFQILChUC1tYVAiMSFQP7hhUAb1IVAjtCFQH/2hUCZ4oVA
KPiFQNbjhUD19IVAIQCGQDXohUBXIoZAlwuGQG0NhkCp+IVA3iqGQGIphkCXDoZAcCaGQIgg
hkDTK4ZALDyGQJg6hkAnQYZAuTmGQA==</AssayYData></Step><Step><CommonData><SampleLocation>17</SampleLocation><SampleID>SI-157X61_P5535</SampleID><SampleGroup></SampleGroup><SampleInfo></SampleInfo><SampleRow>K</SampleRow><SamplePlate>1</SamplePlate><WellType>KLOAD</WellType><Concentration>5</Concentration><ConcentrationUnits>µg/ml</ConcentrationUnits><MolarConcentration>5000</MolarConcentration><MolarConcUnits>nM</MolarConcUnits><MolecularWeight>0</MolecularWeight><Temperature>30</Temperature><StartTime>5219043</StartTime><AssayTime>120</AssayTime></CommonData><FlowRate>1000</FlowRate><StepType>LOADING</StepType><StepName>Loading</StepName><StepStatus>OK</StepStatus><ActualTime>120</ActualTime><CycleTime>0.2</CycleTime><AssayXData Points="600">PDCORdYxjkVxM45FCTWORaQ2jkU+OI5F1jmORXE7jkULPY5FpD6ORTxAjkXWQY5Fb0OORQtF
jkWiRo5FPkiORdZJjkVxS45FCU2ORaJOjkU+UI5F2FGORW9TjkUJVY5FpFaORT5YjkXYWY5F
b1uORQldjkWiXo5FPmCORdZhjkVvY45FC2WORaRmjkU8aI5F1mmORW9rjkUJbY5Fom6ORT5w
jkXWcY5Fb3OORQl1jkWido5FPHiORdZ5jkVve45FCX2ORdR+jkU+gI5F1oGORW+DjkULhY5F
pIaORTyIjkXWiY5FcYuORQmNjkWijo5FPpCORdaRjkVvk45FC5WORaKWjkU+mI5F1pmORW+b
jkUJnY5FpJ6ORTygjkXWoY5Fb6OORQmljkWipo5FPKiORdapjkVxq45FCa2ORaSujkU8sI5F
2LGORW+zjkUJtY5ForaORT64jkXYuY5FcbuORQm9jkWkvo5FPsCORdbBjkVxw45FCcWORaLG
jkU8yI5F1smORXHLjkUJzY5Fos6ORT7QjkXW0Y5Fb9OORQnVjkWk1o5FPNiORdbZjkVx245F
C92ORaTejkU84I5F1uGORXHjjkUJ5Y5FpOaORTzojkXW6Y5Fb+uORQntjkWi7o5FPvCORdbx
jkVv845FC/WORaT2jkU8+I5F1vmORW/7jkUL/Y5FpP6ORTwAj0XWAY9FbwOPRQsFj0WkBo9F
PAiPRdYJj0VvC49FCw2PRaIOj0U+EI9F1hGPRW8Tj0UJFY9FohaPRTwYj0XWGY9FbxuPRQkd
j0W/Ho9FPCCPRdYhj0VvI49FCSWPRaQmj0U8KI9F2CmPRW8rj0ULLY9Foi6PRT4wj0XYMY9F
cTOPRQk1j0WkNo9FPjiPRdY5j0VxO49FCT2PRaI+j0U8QI9F1kGPRW9Dj0UJRY9FokaPRTxI
j0XWSY9FcUuPRQlNj0WkTo9FPlCPRdZRj0VxU49FCVWPRaRWj0U8WI9F1lmPRW9bj0ULXY9F
pF6PRTxgj0XWYY9Fb2OPRQllj0WiZo9FPGiPRdZpj0Vva49FCW2PRaRuj0VAcI9F1nGPRXFz
j0ULdY9FpHaPRT54j0XYeY9FcXuPRQl9j0Wifo9FPICPRdiBj0Vvg49FCYWPRaKGj0U+iI9F
1omPRW+Lj0ULjY9Foo6PRTyQj0XWkY9FcZOPRQmVj0Wilo9FPJiPRdiZj0Vxm49FC52PRaKe
j0U8oI9F1qGPRW+jj0UJpY9FoqaPRTyoj0XYqY9Fb6uPRQutj0Wiro9FPrCPRdixj0Vxs49F
C7WPRaK2j0U+uI9F1rmPRW+7j0ULvY9Fy76PRTzAj0XYwY9Fb8OPRQvFj0Wkxo9FPMiPRdjJ
j0Vvy49FCc2PRaTOj0U80I9F2NGPRW/Tj0UJ1Y9FpNaPRTzYj0XW2Y9Fb9uPRQndj0Wk3o9F
POCPRdbhj0Vx449FCeWPRaLmj0U+6I9F2OmPRW/rj0UJ7Y9FpO6PRTzwj0XW8Y9FcfOPRQn1
j0Wi9o9FPPiPRdj5j0Vv+49FCf2PRaL+j0U8AJBF2AGQRXEDkEUJBZBFogaQRTwIkEXWCZBF
cQuQRQkNkEWiDpBFPhCQRdYRkEVvE5BFCxWQRaIWkEU8GJBF1hmQRXEbkEULHZBFpB6QRTwg
kEXWIZBFcSOQRQslkEWiJpBFPCiQRdYpkEVvK5BFCy2QRaIukEU8MJBF1jGQRXEzkEUJNZBF
ojaQRTw4kEXWOZBFbzuQRQs9kEWiPpBFPECQRdhBkEVvQ5BFCUWQRaRGkEU8SJBF1kmQRXFL
kEULTZBFok6QRT5QkEXWUZBFb1OQRQtVkEWiVpBFPliQRdhZkEVxW5BFC12QRfhekEU8YJBF
1mGQRXFjkEULZZBFpGaQRTxokEXWaZBFcWuQRQltkEWibpBFPnCQRdhxkEVvc5BFCXWQRaJ2
kEU8eJBF1nmQRXF7kEUJfZBFon6QRT6AkEXWgZBFb4OQRQuFkEWihpBFPIiQRdaJkEVvi5BF
CY2QRaSOkEU8kJBF1pGQRW+TkEUJlZBFpJaQRTyYkEXYmZBFb5uQRQmdkEWinpBFPKCQRdih
kEVvo5BFC6WQRaKmkEU+qJBF1qmQRW+rkEULrZBFoq6QRT6wkEXWsZBFb7OQRQm1kEWktpBF
PLiQRda5kEVvu5BFC72QRaK+kEU8wJBF2MGQRXHDkEUJxZBFpMaQRTzIkEXYyZBFb8uQRQnN
kEWizpBFPNCQRdjRkEVv05BFC9WQRaLWkEU+2JBF2NmQRXHbkEUL3ZBFot6QRTzgkEXY4ZBF
b+OQRQvlkEWi5pBFPuiQRdjpkEVx65BFC+2QRaLukEU88JBF1vGQRXPzkEUJ9ZBFpPaQRTz4
kEXW+ZBFb/uQRQn9kEXi/pBFPACRRdYBkUVvA5FFCQWRRaQGkUU8CJFF2AmRRW8LkUULDZFF
og6RRTwQkUXWEZFFbxORRQkVkUWkFpFFPBiRRdYZkUVvG5FFCx2RRaIekUU+IJFF2CGRRXEj
kUUJJZFFoiaRRTwokUXYKZFFbyuRRQktkUWiLpFFPjCRRdYxkUVvM5FFCzWRRaI2kUU+OJFF
1jmRRW87kUUJPZFFpD6RRTxAkUXWQZFFb0ORRQtFkUWkRpFFPEiRRdZJkUVxS5FFCU2RRaJO
kUU+UJFF2FGRRXFTkUULVZFFpFaRRTxYkUXWWZFFb1uRRQldkUWiXpFFPGCRRdhhkUVvY5FF
CWWRRaJmkUU8aJFF1mmRRXFrkUUJbZFFpG6RRT5wkUXWcZFFcXORRQl1kUWidpFFPHiRRdZ5
kUVxe5FFCX2RRaR+kUU8gJFF2IGRRXGDkUUJhZFFpIaRRTyIkUXWiZFFb4uRRQmNkUWkjpFF
PJCRRdiRkUVvk5FFC5WRRaSWkUU+mJFF2JmRRW+bkUUJnZFFzZ6RRZigkUXcoZFFcaORRQml
kUWkppFFPKiRRdapkUVvq5FFCa2RRaKukUU8sJFF2LGRRXGzkUUJtZFForaRRTy4kUXWuZFF
b7uRRQu9kUWivpFFPMCRRdjBkUVvw5FFCcWRRaLGkUU8yJFF2MmRRW/LkUUJzZFFos6RRTzQ
kUXW0ZFFb9ORRQvVkUWk1pFFPtiRRdbZkUVx25FFCd2RRaTekUU84JFF2OGRRXHjkUUJ5ZFF
ouaRRT7okUXW6ZFFceuRRQntkUWi7pFF</AssayXData><AssayYData Points="600">OFuFQNWnhUDDtYVA1beFQPv+hUDVHYZAjiGGQJ5XhkCYWYZAypKGQF6ChkDesIZAfqeGQGex
hkB/3oZAdfSGQETphkDRAYdAFByHQOAUh0CCKodA7UmHQJRah0ClZ4dAtoSHQNd+h0CkpodA
JICHQCO5h0CupIdAYfSHQMXQh0Ds3IdADQSIQKgeiEA1CohAVA+IQHs6iED9N4hAzmOIQMF7
iEC8UYhAg5yIQCJ8iEBHq4hAQpKIQBzAiEAT4YhADdGIQFv0iEAW14hAOfSIQOkNiUDlKIlA
HTOJQC48iUBeMYlAM2qJQK8/iUBveolA2WSJQIWyiUADgIlAbaaJQHK2iUAivolAKtaJQA3c
iUAE5YlAqyiKQKEMikAwHopAiS2KQGgYikAYSopA/2GKQCF3ikAFc4pA/3eKQD1/ikAviIpA
/6GKQDDAikBzsYpAar2KQBbQikDr24pA3dGKQPbtikCb7IpAtRGLQCA5i0BAT4tAyiqLQGZD
i0B9SYtAW1OLQONpi0DcdYtA24GLQDZ2i0CpiotAc6uLQO3Ki0DZzYtAVcaLQFvgi0B4HYxA
IwmMQLkFjEAOIIxA7d6LQBMsjEAwH4xAnUiMQG8/jED0O4xAuTmMQBY8jEDMcYxAG3aMQL+G
jEAqoIxAtb2MQOehjEDBzoxA0NaMQHznjEB03oxANuWMQDnyjEBzEY1A/RSNQHM4jUA0Eo1A
aDSNQKFfjUC+H41AWVKNQFJCjUCqaI1AwYqNQCt2jUBIeI1AeraNQFbLjUDfno1AHMuNQCTO
jUBPuo1Av+iNQDLXjUBzC45AMdiNQCARjkB4Go5AHCqOQGsfjkBhMo5AWyWOQMBXjkAKho5A
ZFaOQMZujkCsZY5Ae3KOQABzjkAAl45A+LuOQAuljkDclo5AeL6OQNLVjkBi1I5AKeGOQBbU
jkDV+I5AFyKPQPPujkCYKo9AYAGPQO8ej0BVM49AWkOPQCNNj0D3Po9A1VSPQHVIj0BPf49A
VHaPQCaNj0DEjo9AdKiPQMyij0BCpo9AsKWPQA63j0DIq49AKMyPQB7rj0B91o9AwAuQQLQM
kEAsApBAYQiQQDERkEBJOpBAfzqQQF08kEAoNpBAp0iQQPGEkEDaf5BA9E2QQMZ8kECQeZBA
F4mQQFmnkECFaJBAcH2QQMGnkECIvZBAk7uQQBq9kEDX55BArc2QQIrHkEDUyJBA1AKRQDAN
kUB865BAV/6QQPQLkUCNCJFAci+RQI00kUAGHpFA6y2RQPhdkUAOSpFAJ1ORQElnkUCleJFA
qXGRQKp/kUCElZFAtY+RQHqtkUA1f5FAOp+RQM95kUDOmpFAG5mRQPvYkUDvvZFAttmRQM7a
kUDGDZJA9t+RQEj1kUBoA5JAa+GRQLH+kUCwF5JARxKSQE04kkBBLJJAQE6SQC9YkkBsaZJA
IIySQCFckkCXdpJAdYKSQFCOkkApa5JA8aCSQHGOkkCTg5JAKZySQKuKkkB/t5JAAo2SQLyv
kkDjv5JAZ+GSQOTekkCxvpJAWPqSQE3YkkCB+pJA4hSTQG4sk0BB8ZJAfAeTQAUWk0CGFJNA
i0uTQDwwk0B+XZNAbiuTQMVIk0DWSpNAMhqTQF1yk0BJS5NAR2OTQFmdk0A2iZNAPV+TQDx+
k0CbjZNA2XWTQJO+k0DNkpNAaY6TQEytk0CorpNAq7STQDi1k0BK5JNAaN6TQNHMk0Bv4JNA
lNWTQJzck0AK+pNA2huUQI8alECJ+5NA1gaUQDoQlECgK5RAHUOUQC0olEAvLJRAGDSUQCJr
lEATGZRAtVWUQJRNlEDaV5RAjFyUQAx8lEAGe5RAuqmUQEGylEAynpRAlYGUQHuClEDNkZRA
9LyUQDCSlECHoZRAvsWUQCzWlECEs5RAVb6UQM3+lECJzZRAMvqUQPjalEAfy5RAfN6UQJT/
lEAu95RAlfKUQDf3lEAgJ5VA7g6VQDkilUA3FJVA6w2VQOsXlUCQRpVAmTGVQF8zlUCPaZVA
L1yVQBtGlUBTYZVANV+VQJNPlUC4aJVAmYWVQEt5lUCNcZVAfoSVQAV6lUDDh5VA0ryVQIC2
lUD8hJVAdLGVQPCllUB4mZVAEcOVQGDPlUDXwZVAWrSVQAzxlUBr65VACueVQLrXlUA26pVA
+fqVQBsElkDh+pVAcgeWQK4YlkCNBZZAhySWQCsklkChFJZAixqWQC8ulkBUOJZAl06WQIQ3
lkDFNZZAOVSWQBdIlkB7R5ZA32eWQIw7lkBCXJZAtVqWQOuDlkAPeJZAsoCWQDdplkBcZ5ZA
JY2WQJmTlkBmr5ZACIeWQEmJlkAAl5ZAl6WWQCLJlkBgvpZAb8mWQDCYlkBbl5ZAdNyWQMPl
lkBdwpZAYN+WQFb4lkDRzJZAbeyWQIbElkB5z5ZAcPeWQNwFl0CX8JZAYP2WQAfulkC2FpdA
sfWWQP4Xl0C1QZdAPfuWQDsjl0B9QJdAKCqXQHkjl0CYOJdA3zeXQCpXl0C3X5dArkKXQLEx
l0B4P5dApnKXQDRVl0DVYJdAdWaXQPVhl0C2ZpdA+IaXQLNzl0CNhZdAOYuXQAR8l0B3l5dA
HIGXQFN1l0A9updA4JyXQCq7l0BCk5dAFrOXQCDDl0B7r5dAedaXQNC9l0C30ZdAyPSXQDy/
l0AWt5dAA+aXQIrVl0BGx5dAZM2XQG4XmEDe85dAFvOXQDL5l0B9FZhApvmXQBTxl0CmG5hA
Nw+YQGIKmECsHJhA+zuYQLZFmEDUJphAKiGYQEHwl0DDW5hA4jeYQBtKmEDrKJhAv0KYQIU0
mEDhP5hAW1mYQIc9mECUXJhAH2mYQJxjmEAtX5hAZ3eYQH1cmEC9RZhAAJaYQEBwmEDve5hA
zmOYQEF1mEDKeJhAR62YQAN/mEA1lJhAcKWYQNWlmEAOn5hABc+YQDrKmECrhphArL2YQH3E
mEBmmphAZMeYQJPLmEBS0ZhAZeWYQBnnmEBv15hAKs2YQNvamEAzy5hAuvSYQF24mEAN9phA
c9+YQAIGmUD83ZhA2u6YQMQamUAXAJlA0A+ZQLkYmUBbN5lAZxSZQDUQmUAVNJlAzQGZQHf1
mEAFCJlAJ1CZQGQgmUCrVJlABzqZQGg5mUD/PZlAzU6ZQJFLmUBEQ5lARjuZQJhCmUDJR5lA
gWiZQOIwmUCXQZlA8GWZQBN6mUAWbplA</AssayYData></Step><Step><CommonData><SampleLocation>1</SampleLocation><SampleID>Octet Buffer</SampleID><SampleGroup></SampleGroup><SampleInfo></SampleInfo><SampleRow>K</SampleRow><SamplePlate>1</SamplePlate><WellType>BUFFER</WellType><Concentration>-1</Concentration><ConcentrationUnits>µg/ml</ConcentrationUnits><MolarConcentration>-1</MolarConcentration><MolarConcUnits>nM</MolarConcUnits><MolecularWeight>0</MolecularWeight><Temperature>30</Temperature><StartTime>5350133</StartTime><AssayTime>100</AssayTime></CommonData><FlowRate>1000</FlowRate><StepType>BASELINE</StepType><StepName>Baseline</StepName><StepStatus>OK</StepStatus><ActualTime>99.9998</ActualTime><CycleTime>0.2</CycleTime><AssayXData Points="500">PPCRRdjxkUVv85FFCfWRRaL2kUU8+JFF1vmRRW/7kUUL/ZFFpP6RRTwAkkXWAZJFbwOSRQsF
kkWkBpJFPAiSRdYJkkVxC5JFCw2SRaIOkkU8EJJF1hGSRW8TkkUJFZJFohaSRT4YkkXWGZJF
bxuSRQsdkkWiHpJFPCCSRdghkkVvI5JFCSWSRaImkkU8KJJF1imSRXErkkUJLZJFoi6SRT4w
kkXYMZJFbzOSRQk1kkWiNpJFPDiSRdg5kkVxO5JFCT2SRaI+kkU8QJJF1kGSRXFDkkULRZJF
okaSRT5IkkXWSZJFb0uSRQlNkkWiTpJFPlCSRdhRkkVvU5JFCVWSRaRWkkU8WJJF1lmSRXFb
kkUJXZJFol6SRTxgkkXYYZJFcWOSRQtlkkWiZpJFPmiSRdZpkkVva5JFCW2SRaJukkU+cJJF
1nGSRW9zkkULdZJFonaSRT54kkXWeZJFb3uSRQl9kkWifpJFPICSRdaBkkVvg5JFC4WSRaSG
kkU8iJJF2ImSRW+LkkUJjZJFpI6SRT6QkkXYkZJFb5OSRQmVkkWilpJFPJiSRdaZkkVvm5JF
C52SRaKekkU+oJJF2KGSRW+jkkUJpZJFpKaSRT6okkXYqZJFb6uSRQmtkkWkrpJFPLCSRdax
kkVvs5JFCbWSRaS2kkU+uJJF1rmSRXG7kkUJvZJFor6SRTzAkkXWwZJFccOSRQnFkkWkxpJF
PsiSRdbJkkVvy5JFCc2SRaTOkkU+0JJF1tGSRW/TkkUL1ZJFotaSRT7YkkXW2ZJFb9uSRQnd
kkWi3pJFPOCSRdbhkkVv45JFC+WSRaTmkkU86JJF1umSRXHrkkUJ7ZJFou6SRTzwkkXW8ZJF
b/OSRQv1kkWi9pJFPPiSRdb5kkVx+5JFC/2SRaL+kkU+AJNF1gGTRW8Dk0ULBZNFogaTRTwI
k0XYCZNFcQuTRQkNk0WkDpNFPhCTRdYRk0VvE5NFCxWTRaIWk0U8GJNF1hmTRW8bk0ULHZNF
oh6TRTwgk0XWIZNFcSOTRQklk0WkJpNFPiiTRdYpk0VvK5NFCS2TRaIuk0U8MJNF2DGTRW8z
k0UJNZNFojaTRT44k0XWOZNFcTuTRQs9k0WkPpNFPkCTRdZBk0VxQ5NFCUWTRaJGk0U8SJNF
1kmTRXFLk0UJTZNFok6TRT5Qk0XYUZNFcVOTRQlVk0WiVpNFPliTRdhZk0VvW5NFCV2TRaJe
k0U+YJNF1mGTRW9jk0UJZZNFomaTRT5ok0XWaZNFb2uTRQltk0WkbpNFPnCTRdZxk0Vvc5NF
CXWTRaR2k0U8eJNF1nmTRW97k0ULfZNFon6TRT6Ak0XWgZNFcYOTRQuFk0WkhpNFPoiTRdiJ
k0Vvi5NFC42TRaKOk0U+kJNF2JGTRXGTk0ULlZNFopaTRT6Yk0XWmZNFb5uTRQmdk0WinpNF
PqCTRdihk0Vvo5NFCaWTRaKmk0U8qJNF1qmTRW+rk0UJrZNFoq6TRTywk0XYsZNFb7OTRQu1
k0WitpNFPLiTRda5k0Vvu5NFCb2TRaK+k0U+wJNF1sGTRXHDk0UJxZNFosaTRT7Ik0XWyZNF
ccuTRQnNk0WkzpNFPtCTRdbRk0Vv05NFC9WTRaLWk0U+2JNF2NmTRW/bk0UJ3ZNFot6TRUDg
k0XW4ZNFb+OTRQnlk0Wk5pNFPuiTRdjpk0Vv65NFC+2TRaLuk0U+8JNF1vGTRXHzk0UJ9ZNF
pPaTRTz4k0XW+ZNFcfuTRQn9k0Wi/pNFPACURdYBlEVvA5RFCQWURaQGlEU8CJRF1gmURW8L
lEUJDZRFpA6URTwQlEXWEZRFbxOURQkVlEWkFpRFPBiURdYZlEVvG5RFCR2URaQelEU8IJRF
1iGURW8jlEUJJZRFoiaURTwolEXWKZRFcSuURQktlEWkLpRFPjCURdYxlEVvM5RFCzWURaI2
lEU+OJRF2DmURXE7lEULPZRFoj6URT5AlEXYQZRFcUOURQlFlEWkRpRFPkiURdhJlEVvS5RF
C02URaJOlEU8UJRF2FGURW9TlEUJVZRFpFaURTxYlEXWWZRFb1uURQtdlEWiXpRFPmCURdhh
lEVvY5RFC2WURaJmlEU+aJRF1mmURXFrlEUJbZRFom6URT5wlEXYcZRFb3OURQt1lEWidpRF
PniURdZ5lEVve5RFCX2URaR+lEU8gJRF1oGURXGDlEUJhZRFooaURT6IlEXYiZRFb4uURQmN
lEWijpRFPJCURdaRlEVxk5RFCZWURaSWlEU+mJRF1pmURXGblEUJnZRFop6URTyglEXWoZRF
caOURQmllEWkppRFPKiURdaplEVxq5RFCa2URaKulEU+sJRF2LGURW+zlEULtZRFpLaURTy4
lEXWuZRFcbuURQm9lEWivpRFPMCURdbBlEVvw5RFC8WURaLGlEU+yJRF2MmURW/LlEUJzZRF
os6URT7QlEXW0ZRFcdOURQvVlEWi1pRFPNiURdbZlEVx25RFCd2URaTelEU84JRF2OGURW/j
lEUJ5ZRFpOaURTzolEXY6ZRFceuURQntlEWk7pRFPPCURdjxlEVv85RFCfWURaL2lEU8+JRF
1vmURXH7lEUJ/ZRFov6URTwAlUXWAZVFbwOVRQkFlUWkBpVFPgiVRdgJlUVxC5VFCQ2VRaIO
lUU=</AssayXData><AssayYData Points="500">W8SZQDDhmUAQB5pAbhSaQBwlmkCyJppAnzOaQKkamkA5LZpAaUqaQC4wmkA3QZpAzlGaQL06
mkCBaZpA4HqaQFRRmkCUmppAYWCaQIFVmkBIXJpARm2aQHuPmkBpnJpAsG+aQGN8mkDRVZpA
56yaQOtsmkBCXZpA+2yaQIilmkAleJpA/Z6aQGmLmkA9dJpA34maQABumkAPeJpAMpWaQMGK
mkCfippAJYaaQFqCmkDWnppAKKiaQAOLmkDDc5pA5IiaQBuNmkBlo5pA+YeaQC6OmkDliJpA
pYSaQHqCmkD1cppAeGWaQLyEmkC7jZpAsXaaQMWjmkB7iZpAJ3aaQG+MmkDJpppA05maQE++
mkCRoppAYpmaQNyZmkBhkZpAhqKaQJutmkA4dJpA0YyaQCx+mkCBqppAWoyaQBS4mkDYp5pA
BHiaQFSsmkANqJpAY6GaQLaymkBWaJpAFbiaQPeWmkAayppA5qyaQAqwmkBhrJpA66OaQNev
mkCfdJpAUKyaQOy8mkA3rJpAL9eaQBzamkCgvppA4J+aQDTGmkDg0ZpAn7KaQGPTmkBhsppA
jK+aQMnvmkCHuppAeMKaQIi7mkB9tZpAlKSaQNy3mkARx5pAULiaQKXKmkBswJpAEqSaQDil
mkCimJpAMbCaQA2TmkBU/ZpAkLGaQJvPmkCD4ppAQ8CaQNPkmkA5yJpAJ+WaQCDemkAcvJpA
P76aQD7cmkAixppAYoiaQGDImkBJzZpAWKqaQGDDmkAxxJpArLqaQOq/mkA40ppAF+GaQD3V
mkBzx5pAMpOaQFLNmkAwlZpAdMKaQOvRmkB+4ppAz8KaQBO/mkB61ZpAa9WaQG/UmkCD6ppA
zeSaQIusmkDC05pACeqaQHfEmkAp+JpAru+aQJXTmkBGt5pAWPCaQBHZmkCp25pAcuqaQHbQ
mkBA/ZpAIOGaQCnJmkD+1JpAhO2aQG3umkC32JpAvvmaQPLlmkC01ZpAKMmaQLrXmkDZ0ppA
O9CaQDfMmkDU3ppAcgSbQHrymkB74ppAxf2aQJH1mkD+65pAytSaQEjtmkAc8ppAnNiaQH0S
m0BC3JpAz9OaQJfimkAY6ppADbmaQA76mkAw15pAxwObQNjnmkADBJtAceqaQDH8mkB985pA
FPWaQJsjm0BZAJtA8xObQAvvmkCK+JpAeg6bQObwmkCPBptABACbQFb7mkCQCptAzgibQOz2
mkAVAZtAmOeaQGrumkDJ7JpAHQ2bQHcHm0Bs3JpAVCKbQNITm0Cw+JpASBibQDbgmkA59ZpA
bg6bQNTzmkBiEJtAzfCaQB0hm0AfDptAHgGbQDsmm0BjAptAcwCbQEATm0DU7ZpABgWbQI8P
m0AL+5pAoAabQHMLm0AdGZtAgQ2bQJ8Gm0CRHZtA8xGbQDsBm0Bh+5pAEwibQIAVm0ASKZtA
sOqaQE38mkAOJJtAS/WaQIMTm0A+HJtAgjCbQK4em0Dm/ZpAJ/+aQKYLm0B9FJtAZhubQAAs
m0ClDptA2h6bQAUCm0Bb/ZpAlyKbQKAmm0AlG5tATgObQBsom0BYMZtAlRqbQIERm0AbDptA
3j+bQMkvm0CLNJtAuyubQEgqm0DgGptAfU6bQJP6mkBIO5tAC0qbQPo1m0DgI5tAxR+bQJwG
m0BcIZtA3CWbQMAfm0AgIZtAd/GaQF0nm0A+Q5tA0EibQOJbm0BROZtAvDWbQPVCm0CEMJtA
eVabQGcpm0D9KJtAEDebQGUym0D8RptAbD+bQJgvm0DAMZtASiWbQDgLm0CTSJtAVTubQFIz
m0AfPptAXiybQHtXm0DRQZtAnTCbQOM+m0B1MJtADSKbQAU0m0CNYJtAMFubQGBRm0C6QptA
9S2bQBlwm0A0GJtA1zybQGBwm0BVEptAUUybQD49m0AiU5tAk0GbQOBZm0BxV5tAC0qbQKRf
m0D1UJtACzubQFhHm0DzY5tAxjybQIdAm0DRXZtAkDabQD9mm0BkRJtAdmWbQKFWm0B6UJtA
xj6bQAY5m0DnYptAZECbQLVAm0DNaZtAM1ybQKNWm0A7T5tAIVibQDlDm0BPXZtAVnybQPdj
m0CRL5tAD16bQA4pm0CyWptAAFubQA9mm0BfbZtAu2ebQDRSm0D1YptAR1ObQDtqm0BndZtA
816bQK6hm0CYT5tAbVubQKh5m0DCW5tA8mWbQKVmm0BwWZtAH0SbQLdrm0DScJtAlFybQPpI
m0CvaZtAFj6bQCRam0AOjJtAMFebQEOXm0CRaZtAQpKbQNlqm0D/jJtAGmabQFpkm0COW5tA
FVSbQCZ1m0BWcZtAB4qbQJd7m0BOTZtAw4qbQIeFm0AXfZtAM4ObQA94m0CRVJtAB5KbQJGI
m0BzdJtA2GKbQP+Bm0BoZptAX5GbQIWmm0C9YJtABoWbQCdum0BgcJtAlWGbQASem0A6bJtA
yJKbQJdsm0C0l5tA6YKbQDOUm0BPo5tAm3CbQJ+Rm0CYgZtAspGbQImFm0B1jJtANV6bQJ2I
m0DkkZtACoGbQDaKm0CtdptAwm2bQMaLm0ClmJtAnW+bQCRfm0AImptAu4ubQI5sm0BZk5tA
Aa2bQDBbm0AxmZtAV5CbQHxqm0BefptAknabQAtqm0Dps5tAH5WbQBx6m0DkdZtAGZabQDii
m0A=</AssayYData></Step><Step><CommonData><SampleLocation>2</SampleLocation><SampleID>hsCD3d/e_Acro_CDD-H52W1</SampleID><SampleGroup></SampleGroup><SampleInfo></SampleInfo><SampleRow>K</SampleRow><SamplePlate>1</SamplePlate><WellType>KSAMPLE</WellType><Concentration>-1</Concentration><ConcentrationUnits>µg/ml</ConcentrationUnits><MolarConcentration>6.25</MolarConcentration><MolarConcUnits>nM</MolarConcUnits><MolecularWeight>0</MolecularWeight><Temperature>30</Temperature><StartTime>5458412</StartTime><AssayTime>180</AssayTime></CommonData><FlowRate>1000</FlowRate><StepType>ASSOC</StepType><StepName>Association</StepName><StepStatus>OK</StepStatus><ActualTime>180.001</ActualTime><CycleTime>0.2</CycleTime><AssayXData Points="900">PBCVRdgRlUVvE5VFERWVRaIWlUU8GJVF2BmVRW8blUUJHZVFoh6VRTwglUXWIZVFbyOVRQsl
lUWkJpVFPCiVRdYplUVxK5VFCS2VRaIulUU+MJVF2DGVRW8zlUUJNZVFojaVRT44lUXYOZVF
cTuVRQk9lUWiPpVFPkCVRdhBlUVvQ5VFCUWVRaJGlUU+SJVF1kmVRXFLlUUJTZVFok6VRTxQ
lUXWUZVFb1OVRQlVlUWiVpVFPFiVRdZZlUVvW5VFCV2VRaJelUU8YJVF1mGVRQ1klUVTZZVF
pGaVRTxolUXWaZVFb2uVRQttlUWkbpVFPHCVRdhxlUVvc5VFC3WVRaR2lUU8eJVF1nmVRW97
lUUJfZVFpH6VRTyAlUXWgZVFb4OVRQmFlUWkhpVFPIiVRdiJlUVxi5VFC42VRaKOlUU+kJVF
1pGVRW+TlUULlZVFopaVRT6YlUXWmZVFb5uVRQmdlUWinpVFPqCVRdihlUVvo5VFDaWVRaKm
lUU8qJVF1qmVRW+rlUULrZVFoq6VRTywlUXWsZVFb7OVRQm1lUWitpVFPLiVRda5lUVvu5VF
C72VRaK+lUU+wJVF1sGVRW/DlUUJxZVFpMaVRT7IlUXYyZVFb8uVRQvNlUWkzpVFPNCVRdbR
lUVx05VFCdWVRaTWlUU82JVF1tmVRXHblUUJ3ZVFpN6VRTzglUXW4ZVFceOVRQnllUWi5pVF
PuiVRdbplUVx65VFCe2VRaTulUU88JVF2PGVRXHzlUUL9ZVFovaVRTz4lUXW+ZVFcfuVRQv9
lUWi/pVFPACWRdYBlkUZBJZFXwWWRaIGlkU8CJZF1gmWRXELlkUJDZZFog6WRT4QlkXWEZZF
cROWRQkVlkWiFpZFPBiWRdYZlkVvG5ZFCR2WRaIelkU+IJZF1iGWRW8jlkUJJZZFpCaWRTwo
lkXYKZZFbyuWRQ0tlkWiLpZFPDCWRdYxlkVvM5ZFCTWWRaQ2lkU+OJZF1jmWRXE7lkUJPZZF
oj6WRTxAlkXWQZZFb0OWRQtFlkWkRpZFPEiWRdZJlkVvS5ZFCU2WRaJOlkU8UJZF1lGWRW9T
lkULVZZFolaWRTxYlkXYWZZFb1uWRQtdlkWkXpZFPGCWRdZhlkVvY5ZFCWWWRaJmlkU+aJZF
1mmWRW9rlkULbZZFpG6WRT5wlkXWcZZFb3OWRQl1lkWidpZFPHiWRdZ5lkVve5ZFC32WRaR+
lkU+gJZF1oGWRW+DlkUJhZZFooaWRTyIlkXWiZZFb4uWRQmNlkWijpZFPJCWRdiRlkVvk5ZF
C5WWRaKWlkU+mJZF2JmWRW+blkULnZZFpJ6WRTyglkXYoZZFBaSWRUyllkWippZFPKiWRdap
lkVxq5ZFCa2WRaKulkU8sJZF2LGWRW+zlkUJtZZForaWRT64lkXWuZZFcbuWRQu9lkWkvpZF
PMCWRdbBlkVvw5ZFC8WWRaLGlkU8yJZF2MmWRW/LlkULzZZFos6WRTzQlkXW0ZZFcdOWRQnV
lkWi1pZFPtiWRdbZlkVv25ZFC92WRaLelkU+4JZF2OGWRW/jlkUJ5ZZFpOaWRTzolkXY6ZZF
b+uWRQntlkWi7pZFPvCWRdbxlkVx85ZFC/WWRaT2lkU++JZF1vmWRW/7lkUJ/ZZFpP6WRTwA
l0XYAZdFbwOXRQsFl0WiBpdFPAiXRdYJl0VvC5dFCQ2XRaIOl0U8EJdF1hGXRW8Tl0UJFZdF
ohaXRT4Yl0XYGZdFbxuXRQsdl0WkHpdFPCCXRdYhl0VxI5dFCSWXRaIml0U+KJdF2CmXRW8r
l0ULLZdFoi6XRT4wl0XYMZdFcTOXRQk1l0WiNpdFPDiXRdg5l0VvO5dFCz2XRaQ+l0U+QJdF
2EGXRc9Dl0UVRZdFpEaXRTxIl0XWSZdFb0uXRQtNl0WkTpdFPlCXRdZRl0VvU5dFCVWXRaJW
l0U+WJdF2FmXRW9bl0ULXZdFol6XRTxgl0XYYZdFb2OXRQlll0WiZpdFPGiXRdZpl0Vxa5dF
C22XRaJul0U8cJdF2HGXRW9zl0UJdZdFonaXRTx4l0XWeZdFcXuXRQl9l0WkfpdFPICXRdaB
l0Vxg5dFCYWXRaSGl0U8iJdF1omXRW+Ll0ULjZdFoo6XRTyQl0XYkZdFb5OXRQmVl0WilpdF
PJiXRdaZl0Vxm5dFC52XRaSel0U+oJdF1qGXRXGjl0ULpZdFoqaXRTyol0XWqZdFcauXRQut
l0WkrpdFPrCXRdaxl0Vxs5dFCbWXRaS2l0U8uJdF1rmXRW+7l0UJvZdFor6XRTzAl0XYwZdF
b8OXRQvFl0WixpdFPMiXRdbJl0Vvy5dFC82XRaTOl0U80JdF1tGXRW/Tl0UJ1ZdFotaXRTzY
l0XY2ZdFb9uXRQndl0Wk3pdFPOCXRdbhl0Vv45dFCeWXRaLml0U86JdF1umXRXHrl0UL7ZdF
ou6XRT7wl0XW8ZdFcfOXRQn1l0Wk9pdFPPiXRdj5l0Vv+5dFC/2XRaL+l0U+AJhF1gGYRW8D
mEULBZhFogaYRTwImEXWCZhFbwuYRQkNmEWiDphFPhCYRdYRmEVvE5hFCRWYRaIWmEU8GJhF
1hmYRW8bmEULHZhFoh6YRT4gmEXWIZhFcSOYRQklmEWiJphFPiiYRdYpmEVxK5hFCy2YRaQu
mEU+MJhF1jGYRXEzmEUJNZhFojaYRTw4mEXWOZhFbzuYRQk9mEWkPphFPkCYRdZBmEVvQ5hF
CUWYRaJGmEU8SJhF2EmYRW9LmEUJTZhFok6YRTxQmEXWUZhFb1OYRQtVmEWkVphFPFiYRdZZ
mEVxW5hFCV2YRaRemEU8YJhF2GGYRW9jmEUJZZhFomaYRT5omEXWaZhFcWuYRQttmEWkbphF
PHCYRdZxmEVxc5hFCXWYRaR2mEU8eJhF2HmYRW97mEUJfZhFon6YRTyAmEXWgZhFCYSYRU6F
mEWkhphFPoiYRdaJmEVvi5hFCY2YRaSOmEU+kJhF2JGYRW+TmEUJlZhFopaYRT6YmEXWmZhF
b5uYRQudmEWknphFPKCYRdahmEVxo5hFCaWYRaKmmEU+qJhF2KmYRW+rmEULrZhFoq6YRT6w
mEXYsZhFb7OYRQm1mEWitphFPLiYRda5mEVxu5hFCb2YRaK+mEU8wJhF2sGYRXHDmEUJxZhF
osaYRTzImEXWyZhFb8uYRQnNmEWizphFPtCYRdbRmEVx05hFCdWYRaLWmEU82JhF2NmYRXHb
mEUJ3ZhFpN6YRTzgmEXW4ZhFb+OYRQnlmEWk5phFPOiYRdbpmEVv65hFCe2YRaLumEU88JhF
2PGYRXHzmEUJ9ZhFpPaYRTz4mEXY+ZhFb/uYRQn9mEWi/phFPACZRdgBmUVxA5lFCwWZRaIG
mUU8CJlF2AmZRXELmUULDZlFog6ZRTwQmUXWEZlFcROZRQkVmUWiFplFPBiZRdYZmUVxG5lF
Cx2ZRaIemUU8IJlF1iGZRfQjmUU4JZlFoiaZRTwomUXYKZlFbyuZRQstmUWkLplFPjCZRdgx
mUVvM5lFCTWZRaQ2mUU8OJlF2DmZRXE7mUUJPZlFpD6ZRT5AmUXWQZlFb0OZRQlFmUWkRplF
PkiZRdZJmUVvS5lFCU2ZRaROmUU8UJlF1lGZRW9TmUULVZlFolaZRT5YmUXWWZlFb1uZRQld
mUWkXplFPGCZRdZhmUVvY5lFCWWZRaJmmUU8aJlF2GmZRW9rmUULbZlFom6ZRT5wmUXWcZlF
b3OZRQt1mUWidplFPniZRdZ5mUVxe5lFCX2ZRaR+mUU8gJlF2IGZRW+DmUULhZlFooaZRT6I
mUXWiZlFb4uZRQmNmUWkjplFPJCZRdaRmUVxk5lFCZWZRaKWmUU8mJlF1pmZRW+bmUUJnZlF
pJ6ZRT6gmUXWoZlFcaOZRQmlmUWipplFPKiZRdapmUVvq5lFCa2ZRaSumUU+sJlF1rGZRW+z
mUULtZlForaZRT64mUXWuZlFb7uZRQu9mUWivplFPsCZRdjBmUUfxJlFZcWZRa3GmUU8yJlF
2MmZRW/LmUULzZlFos6ZRTzQmUXW0ZlFb9OZRQnVmUWi1plFPNiZRdbZmUVx25lFC92ZRaLe
mUU84JlF2OGZRW/jmUUJ5ZlFouaZRTzomUXW6ZlFceuZRQvtmUWi7plFPPCZRdbxmUVv85lF
CfWZRaT2mUU8+JlF2PmZRW/7mUUJ/ZlFov6ZRTwAmkXWAZpFcQOaRQkFmkWiBppFPgiaRdYJ
mkVvC5pFCw2aRaIOmkU+EJpF2BGaRW8TmkULFZpFohaaRT4YmkXWGZpFbxuaRQkdmkWkHppF
PiCaRdYhmkVvI5pFCSWaRaImmkU8KJpF1imaRW8rmkULLZpFpC6aRTwwmkXWMZpFbzOaRQk1
mkWkNppFPDiaRdg5mkVxO5pFCT2aRaI+mkU8QJpF2EGaRW9DmkUJRZpFokaaRT5ImkXWSZpF
b0uaRQlNmkWiTppFPFCaRdZRmkVvU5pFCVWaRaJWmkU8WJpF2FmaRXFbmkUJXZpFol6aRTxg
mkXYYZpFC2SaRU5lmkWiZppFPGiaRdhpmkVva5pFC22aRaJumkU8cJpF2HGaRW9zmkULdZpF
onaaRT54mkXWeZpFcXuaRQl9mkWifppFPoCaRdiBmkVvg5pFC4WaRaKGmkU8iJpF1omaRW+L
mkUJjZpFpI6aRTyQmkXWkZpFcZOaRQmVmkWilppFPpiaRdaZmkVvm5pFCZ2aRaSemkU8oJpF
2KGaRXGjmkULpZpFpKaaRTyomkXWqZpFcauaRQmtmkWkrppF</AssayXData><AssayYData Points="900">+hmbQN5Hm0B1aJtAuY+bQBK5m0CUoptAnZubQH6hm0A12ZtAOrebQPDnm0Bf1ZtAM+ybQMrV
m0Bd1ptAuu2bQPLKm0DH5ptA18abQBrJm0C155tAj+ubQFfgm0Ak95tAjembQH/2m0DZ15tA
0d2bQGfrm0DB45tAQQGcQM3jm0Bx5ZtAsSecQDLem0Dh0ptATeebQEUNnEBax5tAqOmbQN0b
nEAWBJxAXPmbQNkanEAqIpxAqvqbQCjwm0DY+ZtA7OmbQI4XnEAB/JtA1OKbQDUNnEAaCJxA
qumbQPHwm0B4C5xAtgKcQOHrm0C755tABBqcQD8KnEB4AJxA9PebQNv8m0AjFJxAZBCcQP4U
nEDVE5xAhB2cQEMHnEBMJZxAqAycQEEEnEAFLZxAeiCcQKX6m0DSG5xA4wScQEIVnEBJEZxA
9SCcQIMKnEBkEJxAZAycQIv1m0BVJpxA0R2cQGENnECUBJxAaRKcQI4MnEAXB5xAMBacQHYr
nECKDpxAIiScQLgbnEAmFZxAMQicQB0znED9I5xAdxCcQKIFnEDT9ptAXSicQEoxnEBHD5xA
pRacQH5RnEDQIJxAIQGcQDknnECZF5xA3zScQIhKnEBhSpxAiO6bQJUonEDWP5xA+TWcQOE1
nED6QZxAZTicQGwnnEDsTJxA0D+cQMVSnEACL5xAQCKcQPc6nEB3AZxA7yicQBosnEAwHJxA
SUWcQI0rnEA9J5xAyjycQGwgnED4U5xAsEWcQE86nEC4N5xATz+cQMgpnEDdPZxAr0GcQH8Y
nECiMZxAUFGcQIwznEBxJ5xANS6cQIg9nECZSZxAHzWcQO4qnEALZ5xAHlKcQJkznEAxPpxA
a0WcQAY+nECqQJxABkOcQKounEBMQ5xAPi+cQBxTnEATRZxAGDKcQBhfnECzUZxA6z+cQBgy
nEC3aZxAo1KcQL9OnEA1cJxAilecQDFBnEBiTpxAWEKcQLU3nEAJSZxAEDecQE0pnEBLVJxA
NWCcQAVinEALYpxAQ2CcQK1pnEC8U5xA84ucQNJonEBBV5xAvlqcQOxfnECDPpxA31CcQNt1
nEBwY5xA8F6cQEJznEAmZZxA8nWcQN1VnEALaJxAql6cQOtvnEBUSZxAAmecQIlXnEBeYpxA
ElucQNhWnEC2apxA2z6cQO5TnECZT5xAFV6cQIF8nEB4YJxALlacQNFUnEDSaJxAcX6cQHBf
nEAAZpxAVG2cQDVfnEB1VpxA6mScQNdinECWX5xAWV2cQMpunEAyZ5xA+2ycQOSPnECAZpxA
E4GcQCSKnEAQVpxAoHecQOODnECvlJxAdWecQLNlnEBzf5xA2JicQPZ4nEDpUZxACWqcQOd9
nECCqpxAaWycQLqHnEA7apxAdkucQNCGnEClZZxA8XicQHaEnEAHT5xAgmicQPVpnEAOd5xA
4ZacQJt/nEAAnpxAEJecQFhvnEDCiZxA/KGcQKF/nECLhJxACZKcQKJ1nEDeqpxAeYqcQPyf
nECoiJxAuYKcQHtxnEDujZxAqZCcQHl4nEBsZpxA9oScQECGnED7b5xAb3OcQOGInECykZxA
B3ScQI+ynEATlZxAj6acQE2qnECcnJxAxo2cQJaGnEAcqZxAVoKcQNWanEB/pZxAK6acQIas
nEDChpxAR5ecQJeHnEAlgJxAYLOcQPexnED1t5xA+pmcQOp8nEBAkJxArIycQD6PnEDxu5xA
dpicQAGvnEArrJxAOJWcQNOFnEA6kpxAqq6cQIiGnECzypxAjrKcQA++nEDLn5xAy5ScQJ+U
nEDjzZxAu5icQMKinECqw5xAvs2cQPKqnEAogJxAzaecQISsnECbc5xAJsScQCyVnECTj5xA
GqWcQGvFnECErpxAB52cQCranEC/m5xAMKycQHCcnEBXupxAJKGcQAapnEDV0JxAqrWcQPao
nECrppxAstycQLPHnECUvJxAsrKcQJ2znEArvZxA9LmcQPi2nECbuJxAu76cQJi+nEAtuZxA
HtacQDKwnED5zJxARMWcQOzMnEDYwpxAJMGcQOnLnEAo05xAluucQNG2nEDXuZxALtKcQKLU
nEA/6JxAQ7WcQErZnEB1xpxAmKycQKq/nECgupxAkMycQHDUnEAqvZxAk8acQHzRnEDnwZxA
Zr+cQB3anEB3wZxAybycQFLKnEDOypxAeLScQD7XnEA/spxA1cOcQEOrnEBX3JxABt+cQEOv
nEAc8ZxAR7ScQFPUnEBEC51AYNycQJLWnEAW45xAKr6cQMTlnEBMxJxAMdKcQDXXnEDd85xA
St2cQCbqnEA49ZxAabqcQNTGnEDiy5xA4+ucQJjunEAq7pxAssmcQEa0nEBl25xA2OOcQHDb
nECE05xAOOScQBTSnEBD6ZxAtd+cQHzDnECx1pxAqNqcQLXhnECb9pxAGsWcQD/lnECq6ZxA
ZLycQBLTnEAq+JxAHPqcQDXynECP7pxAH/CcQMjNnEDV25xA+AmdQILqnEBK7pxAwbucQHn8
nEB+/JxAq+CcQA/BnEBF7ZxAE+KcQIHanECo5JxAZOGcQPDLnEC8CZ1AyeScQCn3nEAl0pxA
qgadQL0InUBj4pxAreecQOHlnEBz8ZxAXeCcQD3dnEBQ+pxAOe6cQF0LnUC/2JxA2O+cQN/x
nECI45xABgOdQEYHnUB6+JxA7uWcQEkGnUDv65xApP6cQHHsnEA+9pxAaQidQFcMnUA2HZ1A
guWcQEH0nEDcCZ1Ale6cQIMGnUCv/pxA+eycQIf0nEA9+pxAE+2cQH7znECgDJ1AsfScQMEO
nUCxGZ1AvxmdQIzhnECnGp1AixedQNoGnUCmKJ1ABiCdQOsHnUCgA51AvCKdQOvxnECd6pxA
YP6cQAQjnUDl75xAvwedQBnmnEAV+5xAFCGdQNEXnUArHp1AcTadQAAMnUBrAp1AVCudQKr5
nECc9ZxARwKdQNY1nUDaAZ1AJQqdQHUtnUC74pxAlA2dQNQ1nUBsQJ1A0wadQKQanUCTAZ1A
Ku6cQHgVnUB4Bp1Avf2cQCX9nEAJE51A/xGdQCgYnUA/Dp1ASBydQOAXnUDoJ51AmSmdQBIy
nUABH51AvDOdQFwFnUDxGZ1AbB2dQDr9nEACM51AmSedQOMRnUBy95xAEDCdQKganUDyMZ1A
zDedQBwnnUBXD51Apx2dQGPunECXIp1AXjCdQBQHnUAkM51AIyydQNTsnEDHF51AFiqdQDQa
nUA6KZ1ApDKdQFk9nUASIZ1A/yWdQN1CnUCpFJ1A6SCdQDMqnUDbJJ1A6yydQMpFnUC7DJ1A
LEmdQG1NnUDtOp1AuSWdQFJpnUD8UZ1AxkOdQFwFnUB5Mp1AjSmdQHotnUBKJp1AvzmdQNox
nUAKOZ1AwiCdQGM3nUC3F51AojqdQHQlnUBYVp1AGzCdQP44nUBfaZ1A3C2dQN1NnUDyPJ1A
xjGdQP8enUCDR51AazydQG5OnUA6NZ1AVDCdQI8cnUDULJ1ABDWdQO1UnUD5HJ1Ay1udQP0o
nUBcdJ1AmCqdQP9JnUAQQZ1AQCSdQOk1nUCZNZ1AVkudQC44nUAMPp1Au1ydQFoxnUCyU51A
qUudQNA9nUDfMp1AzU6dQB9InUB0MJ1A/kOdQD1RnUAKXZ1AejSdQOlPnUB1UJ1A0UKdQExg
nUDpaJ1ACy2dQG07nUC6R51A4m6dQBchnUCoWp1AyWWdQOZunUAqap1AuWSdQAJqnUCcXp1A
11OdQCBbnUC7PJ1AGU2dQGZHnUCPY51Amj2dQOpRnUBXNp1Afl+dQGRZnUARVZ1ANlidQHdL
nUDMbZ1AEVOdQAFHnUAMWZ1A80GdQL6FnUA8U51Ah0OdQFVinUCaS51AClSdQORdnUBJOp1A
Lk6dQA9rnUCUTZ1AamydQLhenUDvaJ1AEUidQIJrnUAiY51An3adQBdsnUClap1AIVGdQMdb
nUCAWp1AQFKdQPFhnUBiSJ1Aj1KdQFVInUDSXp1AynydQGhwnUBVdJ1AXW6dQFxynUBoT51A
wl2dQElvnUCzRp1AuVGdQPVUnUAWf51Ad2CdQHdvnUCpZ51AbkmdQDFYnUARW51Ab0GdQM11
nUDydZ1AXl2dQExtnUBHdZ1ATIOdQNRlnUA7f51Aa1ydQHxmnUA8b51AR22dQN6GnUDnjZ1A
C4mdQP5qnUC4bp1AHlWdQOZwnUBFdZ1AsnOdQDJKnUDTa51AOWqdQGp6nUByeJ1AH3CdQHVq
nUCKVZ1AMGOdQBJqnUBedZ1AaICdQC1YnUB9hZ1A/Y+dQABknUBih51A3XSdQHiCnUB8YZ1A
Q2GdQKF1nUCwdZ1ALHOdQGB0nUA5bZ1A+mGdQIiTnUDfp51ApH+dQO1vnUDldp1AKE2dQICE
nUC1oZ1ABoqdQOp/nUCIoJ1ApVqdQBeCnUBMkJ1Ad2mdQA5wnUBEf51A726dQE6UnUB4hZ1A
XIGdQLSNnUAMhZ1AdpWdQEmYnUBKYZ1Ag5GdQJKEnUA8dp1A74edQMSKnUDPd51ABZqdQC14
nUCnpJ1AypOdQBaAnUB4fJ1AVsadQHONnUAdhJ1A/JOdQEpdnUBqnp1AcKidQEuNnUBLuJ1A
hpqdQJeVnUDnrJ1Am4edQPeZnUCacZ1AKqGdQNd9nUDdsp1Azo6dQHyFnUCUqZ1AeoOdQDLA
nUBsx51AO42dQLWAnUB0kp1AGaKdQGiYnUA8jJ1AbrWdQFF+nUCsm51AmaWdQCh+nUAukp1A
cW2dQIR9nUDulp1AB6SdQO28nUDSmZ1AhpqdQNSunUCLvZ1A</AssayYData></Step><Step><CommonData><SampleLocation>1</SampleLocation><SampleID>Octet Buffer</SampleID><SampleGroup></SampleGroup><SampleInfo></SampleInfo><SampleRow>K</SampleRow><SamplePlate>1</SamplePlate><WellType>BUFFER</WellType><Concentration>-1</Concentration><ConcentrationUnits>µg/ml</ConcentrationUnits><MolarConcentration>-1</MolarConcentration><MolarConcUnits>nM</MolarConcUnits><MolecularWeight>0</MolecularWeight><Temperature>30</Temperature><StartTime>5646656</StartTime><AssayTime>300</AssayTime></CommonData><FlowRate>1000</FlowRate><StepType>DISASSOC</StepType><StepName>Dissociation</StepName><StepStatus>OK</StepStatus><ActualTime>300</ActualTime><CycleTime>0.2</CycleTime><AssayXData Points="1500">PrCaRdixmkVxs5pFC7WaRaS2mkVAuJpF2LmaRXG7mkUNvZpFpL6aRT7AmkUFwppFccOaRQ3F
mkWmxppFQMiaRdjJmkVxy5pFDc2aRabOmkU+0JpF2NGaRXHTmkUL1ZpFptaaRT7YmkXY2ZpF
c9uaRQvdmkWk3ppFPuCaRdjhmkVz45pFDeWaRabmmkU+6JpF2OmaRXPrmkUN7ZpFpO6aRT7w
mkXa8ZpFc/OaRQv1mkWm9ppFQPiaRdj5mkVz+5pFDf2aRaT+mkU+AJtF2AGbRXEDm0UNBZtF
pAabRUAIm0XYCZtFcQubRQsNm0WkDptFPhCbRdoRm0VzE5tFCxWbRaQWm0U+GJtF2BmbRXEb
m0ULHZtFpB6bRT4gm0XaIZtFcSObRQslm0WmJptFQCibRdopm0VzK5tFCy2bRaQum0VAMJtF
2jGbRXEzm0UNNZtFpDabRUA4m0XYOZtFczubRQ89m0WkPptFPkCbRdhBm0VzQ5tFC0WbRaRG
m0VASJtF2EmbRXFLm0UNTZtFpE6bRT5Qm0XYUZtFcVObRQtVm0WkVptFPlibRdpZm0VxW5tF
C12bRaRem0U+YJtF8GGbRXFjm0ULZZtFpGabRUBom0XaaZtFcWubRQ1tm0WmbptFPnCbRdhx
m0Vzc5tFC3WbRaR2m0U+eJtF2nmbRXF7m0ULfZtFpH6bRT6Am0XagZtFcYObRQuFm0WkhptF
QIibRdiJm0Vzi5tFD42bRaaOm0VAkJtF2pGbRXOTm0UNlZtFppabRT6Ym0XYmZtFc5ubRQud
m0WmnptFPqCbRdihm0Vzo5tFDaWbRaSmm0U+qJtF2KmbRXGrm0ULrZtFpK6bRT6wm0XasZtF
cbObRQ+1m0WktptFPribRdi5m0Vxu5tFDb2bRaS+m0VAwJtF2sGbRXHDm0UNxZtFpMabRT7I
m0XYyZtFc8ubRQvNm0WkzptFQNCbRdjRm0Vx05tFDdWbRaTWm0U+2JtF2NmbRXPbm0UN3ZtF
pN6bRT7gm0Xa4ZtFceObRQvlm0Wk5ptFPuibRdrpm0Vx65tFDe2bRaTum0U+8JtF2PGbRXHz
m0UL9ZtFpPabRT74m0XY+ZtFcfubRQv9m0Wk/ptFPgCcRR0CnEVxA5xFCwWcRaQGnEU+CJxF
2AmcRXELnEULDZxFpg6cRT4QnEXYEZxFcROcRQsVnEWkFpxFPhicRdgZnEVzG5xFDR2cRaQe
nEU+IJxF2iGcRXEjnEULJZxFpCacRT4onEXYKZxFcSucRQstnEWmLpxFPjCcRdgxnEVzM5xF
CzWcRaQ2nEVAOJxF2DmcRXM7nEULPZxFpj6cRUBAnEXYQZxFcUOcRQtFnEWkRpxFPkicRdhJ
nEVxS5xFC02cRaROnEVAUJxF2FGcRXFTnEUNVZxFpFacRT5YnEXaWZxFcVucRQtdnEWkXpxF
QGCcRdhhnEVzY5xFDWWcRaRmnEVAaJxF2GmcRXFrnEULbZxFpm6cRT5wnEXacZxFcXOcRQt1
nEWmdpxFPnicRdp5nEVxe5xFC32cRaR+nEVAgJxF2oGcRXGDnEUNhZxFpoacRUCInEXYiZxF
c4ucRQuNnEWkjpxFPpCcRdiRnEVxk5xFC5WcRaSWnEVAmJxF2JmcRXGbnEULnZxFpJ6cRT6g
nEUJopxFcaOcRQulnEWkppxFQKicRdipnEVxq5xFC62cRaSunEVAsJxF2LGcRXGznEULtZxF
pracRT64nEXYuZxFcbucRQu9nEWmvpxFPsCcRdjBnEVxw5xFC8WcRabGnEU+yJxF2smcRXHL
nEUNzZxFps6cRT7QnEXa0ZxFcdOcRQvVnEWk1pxFPticRdjZnEVx25xFDd2cRaTenEVA4JxF
2OGcRXPjnEUL5ZxFpuacRT7onEXY6ZxFceucRQ3tnEWk7pxFPvCcRdrxnEVx85xFC/WcRaT2
nEU++JxF2PmcRXH7nEUN/ZxFpP6cRT4AnUXaAZ1FcwOdRQsFnUWkBp1FPgidRdgJnUVxC51F
DQ2dRaYOnUU+EJ1F2BGdRXMTnUULFZ1FpBadRUAYnUXYGZ1FcRudRQ0dnUWkHp1FQCCdRdgh
nUVxI51FDSWdRaQmnUU+KJ1F2CmdRXErnUUNLZ1FpC6dRT4wnUXaMZ1FczOdRQs1nUWkNp1F
PjidRdg5nUVzO51FDT2dRaQ+nUVAQJ1F8kGdRXFDnUUNRZ1FpkadRT5InUXYSZ1FcUudRQtN
nUWmTp1FQlCdRdhRnUVxU51FDVWdRaZWnUVAWJ1F2FmdRXFbnUULXZ1FpF6dRUBgnUXYYZ1F
c2OdRQtlnUWkZp1FQGidRdhpnUVxa51FDW2dRaRunUVAcJ1F2nGdRXFznUUNdZ1FpHadRT54
nUXaeZ1FcXudRQ19nUWkfp1FQICdRdiBnUVxg51FDYWdRaSGnUU+iJ1F2omdRXGLnUULjZ1F
po6dRUCQnUXYkZ1FcZOdRQ2VnUWklp1FPpidRdiZnUVzm51FC52dRaaenUU+oJ1F2qGdRXOj
nUULpZ1FpqadRT6onUXYqZ1Fc6udRQutnUWkrp1FPrCdRdqxnUVzs51FC7WdRaa2nUU+uJ1F
2LmdRXG7nUUNvZ1FpL6dRT7AnUXYwZ1FccOdRQ3FnUWkxp1FPsidRdjJnUVxy51FC82dRaTO
nUU+0J1F2NGdRXPTnUUN1Z1FpNadRT7YnUXY2Z1FcdudRQvdnUWk3p1FPuCdRUDinUWE451F
C+WdRaTmnUVA6J1F2OmdRXPrnUUL7Z1Fpu6dRT7wnUXY8Z1FcfOdRQ31nUWm9p1FPvidRdj5
nUVx+51FC/2dRaT+nUU+AJ5F2AGeRXMDnkUNBZ5FpAaeRT4InkXaCZ5FcQueRQsNnkWkDp5F
PhCeRdgRnkVxE55FDRWeRaQWnkVAGJ5F2BmeRXEbnkULHZ5FpB6eRUAgnkXaIZ5FcSOeRQsl
nkWmJp5FPiieRdwpnkVxK55FDS2eRaQunkU+MJ5F2jGeRXEznkULNZ5FpDaeRUA4nkXYOZ5F
cTueRQs9nkWkPp5FPkCeRdpBnkVzQ55FC0WeRaRGnkVASJ5F2EmeRXNLnkULTZ5FpE6eRT5Q
nkXYUZ5FcVOeRQ1VnkWkVp5FPlieRdhZnkVxW55FDV2eRaRenkU+YJ5F2GGeRXFjnkULZZ5F
pGaeRT5onkXaaZ5FcWueRQttnkWkbp5FQHCeRdpxnkVxc55FC3WeRaR2nkVAeJ5F2nmeRXF7
nkULfZ5FpH6eRT6AnkUqgp5FcYOeRQuFnkWkhp5FPoieRdiJnkVxi55FC42eRaSOnkU+kJ5F
2JGeRXGTnkULlZ5FppaeRT6YnkXYmZ5FcZueRQ2dnkWmnp5FPqCeRdihnkVxo55FC6WeRaam
nkU+qJ5F2KmeRXGrnkUNrZ5FpK6eRT6wnkXYsZ5FcbOeRQu1nkWktp5FPrieRdi5nkVxu55F
C72eRaa+nkU+wJ5F2sGeRXPDnkULxZ5FpMaeRT7InkXYyZ5Fc8ueRQ3NnkWkzp5FPtCeRdzR
nkVx055FC9WeRaTWnkU+2J5F2NmeRXPbnkUN3Z5Fpt6eRT7gnkXa4Z5FceOeRQvlnkWk5p5F
QOieRdrpnkVx655FC+2eRaTunkU+8J5F2vGeRXHznkUL9Z5FpPaeRUD4nkXY+Z5FcfueRQv9
nkWm/p5FQACfRdgBn0VxA59FCwWfRaYGn0VACJ9F2AmfRXMLn0UNDZ9FpA6fRT4Qn0XYEZ9F
cROfRQsVn0WmFp9FQBifRdgZn0VxG59FCx2fRaYen0U+IJ9FFyKfRXEjn0UNJZ9FpiafRUAo
n0XYKZ9FcSufRQstn0WmLp9FPjCfRdoxn0VxM59FDTWfRaQ2n0U+OJ9F2DmfRXM7n0UNPZ9F
pD6fRT5An0XaQZ9FcUOfRQtFn0WmRp9FPkifRdhJn0VxS59FDU2fRaROn0U+UJ9F2FGfRXNT
n0UNVZ9FpFafRT5Yn0XYWZ9FcVufRQtdn0WkXp9FPmCfRdphn0VxY59FC2WfRaRmn0U+aJ9F
2GmfRXFrn0UNbZ9FpG6fRT5wn0XYcZ9FcXOfRQt1n0Wodp9FPnifRdh5n0Vze59FC32fRaR+
n0VAgJ9F2IGfRXGDn0ULhZ9FpoafRUCIn0XaiZ9Fc4ufRQuNn0Wkjp9FPpCfRdiRn0Vxk59F
DZWfRaSWn0U+mJ9F2JmfRXObn0ULnZ9Fpp6fRT6gn0XaoZ9FcaOfRQ2ln0Wmpp9FQKifRdqp
n0Vzq59FC62fRaSun0U+sJ9F2LGfRXOzn0UNtZ9FpLafRT64n0XYuZ9FcbufRQ29n0Wkvp9F
PsCfRUTCn0WIw59FDcWfRaTGn0U+yJ9F2smfRXHLn0ULzZ9Fps6fRUDQn0XY0Z9FcdOfRQvV
n0Wk1p9FPtifRdjZn0Vz259FDd2fRaTen0VA4J9F2OGfRXHjn0UL5Z9FpOafRT7on0Xa6Z9F
c+ufRQ3tn0Wk7p9FPvCfRdjxn0Vz859FC/WfRab2n0VA+J9F2PmfRXH7n0UL/Z9Fpv6fRT4A
oEXaAaBFcwOgRQ0FoEWkBqBFPgigRdoJoEVxC6BFCw2gRaYOoEVAEKBF2BGgRXEToEULFaBF
phagRT4YoEXYGaBFcRugRQ0doEWkHqBFQCCgRdghoEVxI6BFDSWgRaQmoEVAKKBF2imgRXMr
oEUNLaBFpi6gRUAwoEXYMaBFcTOgRQ01oEWkNqBFPjigRdg5oEVzO6BFCz2gRaY+oEVAQKBF
2EGgRXFDoEULRaBFpkagRUBIoEXYSaBFcUugRQtNoEWmTqBFPlCgRdhRoEVzU6BFC1WgRaRW
oEU+WKBF2lmgRXNboEULXaBFpl6gRUBgoEUwYqBFdWOgRQ1loEWmZqBFPmigRdppoEVxa6BF
C22gRaZuoEU+cKBF2HGgRXFzoEUNdaBFpnagRT54oEXYeaBFcXugRQt9oEWkfqBFPoCgRdiB
oEVxg6BFC4WgRaaGoEVAiKBF2omgRXOLoEUNjaBFpo6gRT6QoEXakaBFc5OgRQ2VoEWmlqBF
QJigRdiZoEVzm6BFDZ2gRaaeoEU+oKBF2KGgRXGjoEULpaBFpKagRT6ooEXYqaBFcaugRQut
oEWkrqBFPrCgRdixoEVxs6BFDbWgRaS2oEU+uKBF2rmgRXO7oEULvaBFpL6gRT7AoEXYwaBF
ccOgRQvFoEWkxqBFPsigRdrJoEVzy6BFC82gRaTOoEVA0KBF2tGgRXPToEUN1aBFpNagRUDY
oEXY2aBFcdugRQ3doEWk3qBFPuCgRdjhoEVx46BFDeWgRabmoEU+6KBF2umgRXHroEUL7aBF
pu6gRUDwoEXY8aBFcfOgRQv1oEWk9qBFQPigRdj5oEVx+6BFDf2gRaT+oEU+AKFFGQKhRXED
oUULBaFFpgahRT4IoUXYCaFFcwuhRQ0NoUWmDqFFPhChRdgRoUVzE6FFCxWhRaQWoUU+GKFF
2BmhRXEboUULHaFFpB6hRT4goUXaIaFFcSOhRQsloUWkJqFFQCihRdgpoUVzK6FFDS2hRaQu
oUU+MKFF2jGhRXEzoUULNaFFpDahRUA4oUXYOaFFcTuhRQs9oUWkPqFFQEChRdpBoUVxQ6FF
C0WhRaZGoUU+SKFF2EmhRXNLoUULTaFFpE6hRT5QoUXaUaFFcVOhRQtVoUWkVqFFPlihRdhZ
oUVzW6FFC12hRaZeoUU+YKFF2mGhRXFjoUULZaFFpGahRUBooUXaaaFFcWuhRQ1toUWmbqFF
PnChRdhxoUVzc6FFC3WhRaR2oUVAeKFF2nmhRXN7oUUNfaFFpH6hRT6AoUXYgaFFcYOhRQ2F
oUWkhqFFQIihRdqJoUVxi6FFD42hRaSOoUVAkKFF2pGhRXOToUULlaFFpJahRUCYoUXYmaFF
c5uhRQudoUWknqFFQKChRUaioUWKo6FFC6WhRaSmoUU+qKFF2KmhRXOroUULraFFpq6hRT6w
oUXasaFFcbOhRQu1oUWmtqFFPrihRdi5oUVzu6FFDb2hRaS+oUVAwKFF2MGhRXHDoUULxaFF
pMahRUDIoUXYyaFFccuhRQ3NoUWkzqFFPtChRdjRoUVz06FFC9WhRaTWoUU+2KFF2tmhRXHb
oUUL3aFFpt6hRT7goUXa4aFFc+OhRQ3loUWk5qFFPuihRdjpoUVz66FFC+2hRaTuoUVA8KFF
2PGhRXPzoUUN9aFFpPahRT74oUXa+aFFcfuhRQv9oUWk/qFFQACiRdgBokVzA6JFCwWiRaQG
okU+CKJF2gmiRXELokUNDaJFpA6iRT4QokXaEaJFcxOiRQsVokWkFqJFQBiiRdgZokVxG6JF
Cx2iRaYeokVAIKJF2CGiRXEjokULJaJFpCaiRT4ookXYKaJFcSuiRQstokWkLqJFPjCiRdox
okVzM6JFCzWiRaQ2okVAOKJF2jmiRXE7okULPaJFpj6iRUBAokUyQqJFdUOiRQtFokWmRqJF
QEiiRdhJokVxS6JFC02iRaZOokU+UKJF2FGiRXFTokULVaJFplaiRT5YokXaWaJFcVuiRQ1d
okWkXqJFPmCiRdxhokVxY6JFC2WiRaRmokU+aKJF2GmiRXNrokULbaJFpm6iRT5wokXYcaJF
cXOiRQ11okWmdqJFQHiiRdh5okVxe6JFDX2iRaZ+okU+gKJF2IGiRXGDokULhaJFpIaiRUCI
okXYiaJFcYuiRQuNokWkjqJFQJCiRdqRokVxk6JFDZWiRaaWokU+mKJF2JmiRXObokUNnaJF
pp6iRUCgokXYoaJFc6OiRQ2lokWkpqJFPqiiRdipokVxq6JFDa2iRaauokU+sKJF2rGiRXGz
okUNtaJFpLaiRUC4okXYuaJFcbuiRQu9okWkvqJFPsCiRdjBokVzw6JFDcWiRabGokU+yKJF
2MmiRXHLokUNzaJFpM6iRUDQokXY0aJFc9OiRQ3VokWk1qJFPtiiRdjZokVz26JFDd2iRabe
okU+4KJFHeKiRXHjokUL5aJFpOaiRT7ookXY6aJFceuiRQvtokWk7qJFPvCiRdrxokVx86JF
C/WiRaT2okU++KJF2PmiRXH7okUN/aJFpP6iRT4Ao0XaAaNFcQOjRQ0Fo0WkBqNFPgijRdgJ
o0VzC6NFDQ2jRaQOo0U+EKNF2BGjRXETo0ULFaNFpBajRUAYo0XYGaNFcRujRQ0do0WkHqNF
QCCjRdgho0VxI6NFCyWjRaQmo0U+KKNF2CmjRXMro0ULLaNFpC6jRUAwo0XYMaNFcTOjRQs1
o0WkNqNFQDijRdo5o0VxO6NFCz2jRaY+o0U+QKNF2EGjRXFDo0ULRaNFpEajRT5Io0XaSaNF
cUujRQ1No0WmTqNFPlCjRdpRo0VxU6NFC1WjRaRWo0U+WKNF2FmjRXNbo0ULXaNFpF6jRT5g
o0XYYaNFcWOjRQ1lo0WmZqNFPmijRdppo0Vxa6NFC22jRaRuo0U+cKNF2HGjRXFzo0ULdaNF
pHajRT54o0XaeaNFcXujRQt9o0WkfqNFQICjRUqCo0WQg6NFDYWjRaSGo0U+iKNF2ImjRXOL
o0ULjaNFpI6jRUCQo0XakaNFcZOjRQuVo0WklqNFPpijRdiZo0Vxm6NFC52jRaSeo0U+oKNF
2KGjRXGjo0ULpaNFpKajRUCoo0XYqaNFc6ujRQuto0WmrqNFQLCjRdixo0Vzs6NFC7WjRaa2
o0U+uKNF2rmjRXG7o0ULvaNFpL6jRT7Ao0XYwaNFccOjRQ3Fo0WkxqNFPsijRdjJo0Vxy6NF
C82jRabOo0VA0KNF2tGjRXHTo0UN1aNFptajRT7Yo0Xa2aNFcdujRQ3do0Wk3qNFQOCjRdrh
o0Vx46NFC+WjRaTmo0U+6KNF2OmjRXPro0UP7aNFpO6jRUDwo0Xa8aNFc/OjRQ31o0Wm9qNF
PvijRdj5o0Vx+6NFC/2jRaT+o0U+AKRF2AGkRXMDpEULBaRFpAakRUAIpEXYCaRFcQukRQ0N
pEWkDqRF</AssayXData><AssayYData Points="1500">IuycQATlnEDsK51AsQqdQC8enUDrKp1AnD6dQNwOnUAgLp1ABSWdQGtYnUCQS51AJUCdQPhw
nUCAUJ1AQ1GdQINRnUDoGZ1AwH+dQK1znUC4ap1ADFCdQIZUnUAWd51AlmOdQJxbnUD3hp1A
7kadQMyEnUD1bp1AwT6dQIdMnUDCeJ1A+1udQABhnUAtd51An1qdQP1qnUCiUZ1AsoCdQG5b
nUDlf51A3pedQJVwnUD1lp1APFudQARanUAYhZ1AT2adQIJ8nUCXbJ1AdYqdQI+GnUDfj51A
gICdQD1WnUDLYZ1Ao5KdQFxanUBDfZ1AbGOdQC+tnUDvnZ1AF32dQAVpnUD4fp1AUoGdQBNu
nUArcp1A82WdQKp/nUBFeJ1AoFedQKdanUCJhp1AdGmdQHVSnUDEcp1Ag0adQPJtnUBxeZ1A
t52dQLJXnUCPgp1A3mqdQG2WnUD+c51AXVadQLhnnUAqg51AzYWdQKV8nUCpip1A6IGdQFyK
nUCEhZ1AtWKdQFVqnUAjUp1ARYudQE11nUC3lp1AZIedQMefnUCScZ1A8ZadQF2BnUCOpJ1A
IYydQEmYnUBvep1AcpqdQDZ8nUAQiZ1AmXKdQL+xnUAxfJ1AAHedQDeBnUDbg51AZpidQEmz
nUA2f51AVnSdQHaGnUCokJ1A9nKdQKhknUAjkZ1AHXudQFt7nUCXjp1ACoedQC5+nUDTep1A
Mo+dQNaEnUBZlp1AC46dQOaEnUDwkJ1AjYmdQFKCnUBXf51ANI6dQKuenUBup51AXIidQHZ4
nUD1gp1A18GdQCKUnUC6lJ1ALrKdQKCznUAlUp1AXJqdQDOmnUDdkp1APaOdQCnDnUAEsZ1A
TpqdQNKtnUDxkp1ATp2dQKSqnUBAsJ1A8XWdQGSgnUCYoZ1AubCdQGi1nUANmJ1AtJidQNii
nUCpoJ1An5edQBqmnUCHnp1ASYudQGXTnUAFpZ1ACZudQNuBnUDUtJ1AHqedQHyunUBiq51A
e7mdQJG4nUCIgJ1ABJidQFelnUCOiZ1AlrCdQKDBnUAhpp1AgqudQB6bnUC2kJ1AJaCdQJ+8
nUDgqZ1A4rOdQC2cnUCet51AM6SdQK6LnUBoep1Az6WdQEOOnUCErp1A5aSdQE6mnUDWwZ1A
v6udQObZnUCQo51A9LqdQPqSnUCKp51AzZ+dQOvinUAQmp1AxrudQLS+nUDc1J1AnbadQNbN
nUBYop1ALJudQIW9nUAZqJ1AvsedQPqtnUCosZ1AZ5mdQNeWnUCktJ1Aeq2dQNnHnUDAs51A
OMydQGO6nUDm351ADsmdQPOXnUALq51AXNydQMC0nUBBtZ1Av5udQFSvnUCjr51ADa2dQBO0
nUCJ051AZtGdQK+pnUAeuZ1AatadQH+nnUC3tp1Amc+dQFbdnUDCwJ1AUc6dQL6LnUBwvp1A
GMqdQH/PnUDrzJ1AO7ydQCO8nUAbx51A8L2dQDfEnUBV6J1AYMydQEWnnUBS2Z1AU8+dQISx
nUC55p1Ai7qdQGC7nUAT1J1AFc2dQLqznUCQup1AQ8mdQM63nUAi051AQr2dQCu0nUBV9J1A
WNmdQDHGnUDStZ1AOK6dQE3OnUCC4Z1ARc6dQCnFnUBZ6J1AecGdQBbmnUCK2Z1APcKdQFTY
nUAV5J1ADsCdQMPWnUD++51Ar+GdQDbPnUA3xZ1A9NKdQNXVnUCKwp1AGuCdQO7ZnUCAvJ1A
XemdQNPTnUAe4Z1ABLadQBXOnUBs4J1ADOWdQKzonUD80p1A2tydQNfYnUCO4p1ADvKdQBzb
nUDb+Z1AXM+dQGTFnUBNFJ5A4NGdQMXAnUDz3Z1AEMudQBPVnUD63Z1A7uGdQBfZnUBk4J1A
KwKeQN3UnUAj6p1AbNedQEj7nUCsuZ1ASvidQPHOnUDTxJ1ASfOdQDvqnUCpxJ1AtPqdQHoV
nkAi7J1AuN2dQMj1nUAjzJ1AxvWdQCb1nUDY4p1APNudQB3OnUAv3Z1A89idQP/PnUCI7Z1A
qMqdQBL6nUDUD55AGg2eQJvqnUACAZ5AS72dQKPXnUBTAJ5Aq8udQIP6nUDj6Z1AzOmdQLvl
nUCZ/J1AIuudQIbonUD07p1A5xueQOjqnUCF3Z1AgxOeQK/nnUDP051A4PKdQMnpnUDd6Z1A
XOidQC38nUBLAZ5AauydQNLOnUA5Cp5AafOdQEvdnUC5CJ5AcgieQA0SnkB1651A/gaeQD/e
nUCyD55A2P2dQLrcnUBEGJ5A5QaeQMD4nUC85p1AjNedQBMVnkBzCZ5AJPWdQGH8nUBuBZ5A
yu6dQETunUCa8p1AeM6dQDHmnUD9E55AvgyeQLP0nUA+GJ5ADe+dQO43nkCt9Z1AUQueQOno
nUBk/p1Au+CdQNIPnkDT+J1AogCeQFz6nUDr+51AGfCdQAzznUDa3Z1AC96dQEkKnkCp6Z1A
niGeQLsOnkBFz51A7AueQJv0nUBgAp5AjvadQI3rnUDP051AN/idQI/mnUCE/Z1AyyeeQD/v
nUAc9Z1ADg6eQFwknkDm/p1AweydQAIenkDEAZ5AywKeQJkOnkC7EZ5ATxqeQAv0nUA6Ep5A
7QCeQBUbnkDADp5AXeCdQHQGnkCILJ5AuuqdQCkXnkAg9p1AtAyeQE4EnkDDDJ5AEg2eQK37
nUDB+J1AGyieQJkynkA2Ip5ApgieQJbgnUAw951AQySeQIr1nUCWA55A0hOeQJkankA7AZ5A
fAueQDIRnkD8Bp5APCCeQIUlnkBWGZ5AiBOeQHEZnkDGI55ACg6eQFRFnkBxF55Afw6eQI4K
nkBuFZ5AlfCdQKMVnkA2FJ5AWByeQMI8nkAvL55AcxWeQOZKnkDAH55Asw+eQIP2nUAjQZ5A
hT6eQLIQnkCiO55ACROeQCYHnkA2L55A2xqeQG4znkAyFZ5An0WeQL8enkCX/51A2ySeQDUs
nkByLJ5ACReeQFNAnkD7GZ5AgiCeQE0onkADBZ5AdFSeQOdKnkA7HZ5ATzyeQFAUnkCFIJ5A
nCSeQJFQnkCMI55AlkGeQIQinkC0JZ5AyiOeQPE1nkAOJJ5AGzKeQB81nkBzOZ5AL0WeQHwc
nkDmRJ5ABiueQB1inkBBNZ5AlSueQPQenkAnUp5AcymeQJMLnkDhSJ5ASx+eQJMynkCXCJ5A
vyWeQEc4nkDCAZ5A4heeQB5HnkAwPZ5Abj6eQJgankCOWZ5AEzOeQBMqnkAdLp5AvECeQLdK
nkAvE55AnjWeQLodnkDPLp5A6TmeQHAnnkBQJZ5ARj2eQPcankCpUJ5AZU2eQLVRnkCjQ55A
kkaeQMwqnkAOG55AAzieQEdBnkAvNZ5ACRSeQKxEnkBFEZ5As2WeQMRDnkAoK55AwjGeQOlJ
nkBqSp5ARUmeQONXnkD6Sp5AbxeeQFdDnkCZRp5Ank+eQARAnkDsW55ATSyeQDBbnkDGVJ5A
WUGeQEdfnkBSXp5A/EueQOw4nkBFOp5AX0KeQK0lnkCDTJ5ANkmeQB1EnkDhIJ5A3lWeQANG
nkCGOZ5AHiueQKQvnkASEp5AAUaeQANRnkCWJJ5AJTaeQAlMnkBVSJ5ARHWeQJd7nkCGSJ5A
hk2eQIBJnkDVMJ5A7C2eQABHnkDcUJ5AV2KeQF1HnkBhQ55Ac1+eQP6WnkD8XZ5ABF2eQKpV
nkC8d55A2DCeQI1dnkD8ZZ5AdkKeQKpenkBLWJ5AW2OeQDVbnkAJX55A2WyeQAs8nkDZVp5A
6ICeQL4snkBCfZ5ALYieQEpKnkAlVp5Ahn+eQE5MnkBpOp5AE0WeQMhQnkDTXp5A4GaeQOFS
nkA5YJ5AyzWeQLdmnkCzV55AKaSeQHhDnkDxY55ApWyeQGdXnkCXbp5AHnSeQCF7nkCUaJ5A
+WqeQOeTnkBFYJ5AzkqeQA5lnkBtfp5AcU6eQGx1nkA3aZ5ABnWeQOZhnkAFXJ5A+VWeQE9Y
nkAYZp5AwHCeQDpmnkDbYZ5A3SieQGuGnkD0UZ5AWkueQFpdnkDAcJ5AiHueQNhhnkBLWZ5A
y4eeQEp3nkD+hJ5AqWGeQMVxnkAVcp5AmIqeQNVsnkDnY55AaHWeQH6FnkBiaZ5Ap3eeQJFV
nkAAcJ5AK3CeQNZ7nkCKY55A0WCeQPdUnkAMVJ5A83OeQDt8nkB6V55ABk+eQEyJnkCSb55A
cGueQI6FnkAagZ5ARnaeQJyankB4oZ5AyHieQEVpnkC5hJ5A6X6eQDR3nkAxU55AHIKeQLha
nkAAcp5AFZ6eQNCVnkBuf55A1W6eQKZcnkBDb55AqJ2eQMmAnkANmZ5AbneeQMplnkDFd55A
uWKeQNJRnkD3f55AeaeeQJR9nkCKZp5AjIWeQItfnkDXhp5AAGaeQFh/nkAiSZ5A+o2eQJ96
nkD+k55A4oKeQK5RnkA9mp5AJWOeQAWZnkCUhJ5ArpGeQFqFnkA1aZ5AnE+eQLKMnkAio55A
c36eQGF+nkCWh55AxmOeQI+AnkBim55A9VSeQAaLnkAQeZ5AzXGeQCOAnkCukp5AclueQBqV
nkAPoZ5AtoueQMmYnkB/mJ5AYJ+eQFx2nkC3kZ5A3Z+eQNSInkDfmZ5A9pueQOGVnkCrgZ5A
lpCeQAtznkCxY55AQaeeQDOlnkDhgJ5ALISeQNqnnkD6qZ5AIaaeQL96nkCjhZ5A+3SeQI3M
nkARp55AKqCeQCefnkBglp5AEaOeQEWtnkDvjZ5AKaueQOR7nkD1hZ5AAoOeQEuenkA+kJ5A
a5meQDu9nkDglJ5ADMCeQNyTnkDgjJ5AsZGeQJVvnkBnq55AhrKeQC+wnkALeZ5AvKKeQFB7
nkD3rp5ABLmeQF6+nkDVqZ5AC5GeQIqBnkAOgp5A5aGeQDKKnkDOoJ5AmJ+eQCeonkCGl55A
oI+eQHSfnkC/mZ5AYqGeQMqunkDXrZ5Am6ieQHufnkBydZ5A6I6eQM2XnkBSr55AQqCeQDar
nkDAi55AsZSeQJqBnkBBq55AkaqeQHyxnkBnrp5AI4qeQCbMnkD2iZ5A9bSeQP17nkD1uZ5A
I5meQHPPnkDfo55AKIaeQA5xnkALoZ5AQ6eeQN6dnkAFvJ5AKb2eQCWwnkDuwZ5AmKKeQC6S
nkD4kp5AnbKeQEaXnkARup5Ab7GeQK2nnkCPyZ5AVLeeQLmxnkCqoJ5AUryeQDywnkAvpp5A
u8KeQOOpnkAEmZ5Ac8CeQBy8nkBupJ5AQ8CeQE+8nkBKt55A+62eQDq/nkD6kJ5AVbKeQGXT
nkAfpp5A1ayeQPKxnkBorp5AwpyeQBudnkCvvZ5ALsmeQOCknkCJvZ5AgaCeQIqmnkArwJ5A
9aueQDypnkA1z55AsNCeQIu0nkBYs55Aa52eQKXAnkCvtJ5A0JyeQNrSnkA6zJ5An6KeQC++
nkDTtp5ADLqeQFXQnkDfvJ5ALMueQA2unkCao55Aq9OeQEDsnkAZxJ5AcdOeQCCvnkCxsp5A
9JieQFG1nkA4055A87meQL6ynkAL155A7bGeQIK2nkCEtJ5AWNmeQCrznkD4mJ5AfMSeQHTd
nkB1wp5ASrmeQIPHnkD1vp5AF7ueQGPLnkBAxZ5Ad5meQIrfnkCfzZ5AmdGeQETEnkDdwp5A
HrmeQEIGn0CWtp5AAM2eQCTZnkDxtZ5Al7WeQNvYnkABuJ5AbtmeQNjMnkDOp55AhM6eQMXH
nkAP1J5AcLueQCe+nkCXv55AJsqeQJHZnkBEwJ5A1caeQNihnkAZ1J5AVtOeQN7LnkALsJ5A
h9ieQK7JnkD12Z5AysieQKzTnkCz2Z5AI9qeQJ/vnkBIpp5A5OmeQAngnkBqvJ5AsbyeQBPh
nkCl155AeLOeQGz0nkDo555Aq7eeQPDKnkC5xJ5AdcaeQPHVnkDJ2Z5Ab8yeQJTCnkDGzJ5A
aLWeQBrjnkBM0p5AAMeeQFfQnkDS755AfQOfQJLwnkA99Z5AHeKeQPTrnkBa455AWeaeQDjX
nkCPwJ5AmteeQBftnkB9855A9OaeQGPMnkDVBp9ASa+eQBLrnkBI2J5AbdCeQNbNnkBet55A
j++eQMvYnkBKwZ5AiteeQBDunkAY4p5A3gKfQFTpnkB9+J5AKNWeQOXynkCr655AxQGfQK3o
nkDu8p5AzdyeQCHpnkBU755ATs+eQADfnkDK455AYt6eQDHInkBE455AKsWeQAr0nkC51J5A
WOWeQAfinkDVCZ9AWNWeQPIGn0BM9J5AdNueQJrqnkBNC59AAhufQDHznkC3/J5AIOaeQIPM
nkCV3J5AyO2eQMG1nkBY9Z5Av+6eQI3TnkDnx55AkM6eQIfsnkCFzp5AegefQI3unkCwy55A
atieQMbunkC7+p5AkB6fQIbwnkDI2J5ANMieQAH3nkB/DZ9AYAafQOPmnkCC755AXfqeQKT6
nkDwEp9AEwGfQMnZnkCpJJ9AVt+eQA3fnkBI8p5AAg6fQJH0nkAC7p5AhvqeQG7wnkCBCZ9A
Zv+eQJT0nkDOFp9AE/qeQIgYn0B8/Z5Aq+WeQE3lnkDFDZ9Ah/6eQMQIn0BmEJ9ArtueQDjl
nkBE5J5A4xifQBnynkD29p5Alv+eQJP7nkBs9Z5AxQWfQOfRnkC56Z5AFA6fQC/1nkDfAJ9A
YxmfQBcun0CnCp9AewqfQB71nkC35Z5APv6eQFwan0Bk+55AsNaeQCT9nkDKIp9ALvSeQCcJ
n0AcF59AUDKfQEfnnkB5Jp9AqzGfQHM0n0DQF59A1d6eQIUTn0AHN59APwifQEIOn0D+AJ9A
BwifQNcan0AFG59AfByfQEcIn0B9C59AJxCfQGwTn0AGEZ9AXAyfQIIPn0BZ7p5A9RqfQNny
nkCTGZ9AYjCfQB7xnkBI6Z5AdQKfQDM4n0Cm4Z5AVdCeQGb+nkCBDp9AlxyfQMsfn0B5OJ9A
TgyfQIT9nkBR+55AvwafQAIwn0BRI59AJ/CeQKQln0AyHp9Ahx+fQPYfn0D6Lp9Aug2fQIEs
n0D9HZ9A2g2fQPAhn0CGKp9A0gyfQAsOn0DcE59AsDWfQC43n0AuQZ9A+S2fQBbxnkA/OZ9A
Px+fQHscn0A4LJ9A0yqfQHwln0ArIp9A3RyfQBEin0DSJJ9AUBSfQC0bn0CDH59ASS2fQP40
n0CeE59AaTafQEo2n0BDLp9A3SafQA04n0AbAJ9AXC6fQNDnnkDZG59AxRifQH4Cn0CiNp9A
qTSfQCcRn0DvHZ9AFB2fQD4wn0B9Ep9AXxafQFoon0DaKZ9AnyWfQOoln0BFI59AVzufQHIT
n0BMSp9AIDGfQEE9n0BoMJ9AzyOfQCIXn0BjMJ9AgB2fQKwnn0DCBp9A6j6fQG9Dn0D4Pp9A
LCifQJUGn0D8IJ9AYDefQO0Zn0B9LZ9AXjqfQDoGn0DyNZ9A5jqfQNhKn0CpGJ9AknKfQDsj
n0DCN59AbCufQGg4n0DcEp9AiSmfQEIvn0A0EJ9AOFOfQMYtn0CpV59AxSyfQJc6n0CNK59A
Fh6fQKw1n0BUR59AmD6fQB5Dn0AdTJ9AUx+fQBAkn0DxRZ9ATUifQEdPn0DFU59A0QGfQKZY
n0DOQ59AlCmfQGMrn0Cwa59AQj6fQNlIn0CRWZ9A/kWfQC8on0DyNJ9AOT2fQMUzn0AdOp9A
l0GfQDpLn0DdQ59AJjmfQGdYn0BhQJ9AhEifQKFQn0D5Pp9AVU2fQDtln0BOO59AHCWfQExS
n0AlUZ9AGUCfQIZRn0BsOJ9ACkSfQNs6n0DyRZ9AnDqfQLFNn0AWEZ9AFkifQDdDn0ASMJ9A
1TafQA5Tn0CITZ9AUUufQOlDn0CnLp9AfjqfQF9pn0BbYZ9AhCafQIIun0DWYZ9Aii6fQF4T
n0ArRZ9AMC+fQA1Gn0D+V59AWVmfQJBVn0B0TJ9AlCefQL5Tn0BrOJ9AwFqfQLNJn0AhTp9A
IlqfQOpAn0CNWZ9Au1ufQGdvn0B8R59AJFufQF1wn0AeVJ9AG0ufQPZHn0AUWZ9AhWCfQLhf
n0CwRZ9A</AssayYData></Step><Step><CommonData><SampleLocation>5</SampleLocation><SampleID>Glycine</SampleID><SampleGroup></SampleGroup><SampleInfo></SampleInfo><SampleRow>L</SampleRow><SamplePlate>1</SamplePlate><WellType>REGENERATION</WellType><Concentration>-1</Concentration><ConcentrationUnits>µg/ml</ConcentrationUnits><MolarConcentration>-1</MolarConcentration><MolarConcUnits>nM</MolarConcUnits><MolecularWeight>0</MolecularWeight><Temperature>30</Temperature><StartTime>5955849</StartTime><AssayTime>5</AssayTime></CommonData><FlowRate>1000</FlowRate><StepType>KREGENERATION</StepType><StepName>Regeneration</StepName><StepStatus>OK</StepStatus><ActualTime>4.9998</ActualTime><CycleTime>0.2</CycleTime><AssayXData Points="25">PhCkRdgRpEVxE6RFDRWkRaQWpEU+GKRF2BmkRXEbpEULHaRFph6kRT4gpEXaIaRFcSOkRQ0l
pEWkJqRFPiikRdoppEVzK6RFDS2kRaQupEVAMKRF2DGkRXEzpEULNaRFpDakRQ==</AssayXData><AssayYData Points="25">GBayP2WBpj8ftKE/M5udP88Fmz/Hxpc/hL2UP37jkT9pio4/h/SLP1Rfij9jd4c/rQ+FPz0n
gz/7CoE/CER9P3Onez8rjXc/HzV1P50Scj/OtG4/FtNrPwx0aT8MUWc/INJkPw==</AssayYData></Step><Step><CommonData><SampleLocation>6</SampleLocation><SampleID>PBS</SampleID><SampleGroup></SampleGroup><SampleInfo></SampleInfo><SampleRow>L</SampleRow><SamplePlate>1</SamplePlate><WellType>NEUTRALIZATION</WellType><Concentration>-1</Concentration><ConcentrationUnits>µg/ml</ConcentrationUnits><MolarConcentration>-1</MolarConcentration><MolarConcUnits>nM</MolarConcUnits><MolecularWeight>0</MolecularWeight><Temperature>30</Temperature><StartTime>5968942</StartTime><AssayTime>5</AssayTime></CommonData><FlowRate>1000</FlowRate><StepType>KREGENERATION</StepType><StepName>Regeneration</StepName><StepStatus>OK</StepStatus><ActualTime>4.9998</ActualTime><CycleTime>0.2</CycleTime><AssayXData Points="25">PjikRdo5pEVxO6RFDT2kRaQ+pEU+QKRF2EGkRXFDpEUNRaRFpkakRUBIpEXYSaRFcUukRQ1N
pEWkTqRFPlCkRdhRpEVzU6RFDVWkRaZWpEU+WKRF2FmkRXNbpEULXaRFpF6kRQ==</AssayXData><AssayYData Points="25">+hOPQNzIj0BgOpBAS62QQO/xkEASNpFAomKRQMijkUDg65FAxQOSQHpdkkCwN5JAeGySQNGM
kkDCjJJAiqeSQAXakkDUxZJAfe+SQCYhk0CZMpNAHiqTQB1Qk0Ajc5NAWkyTQA==</AssayYData></Step><Step><CommonData><SampleLocation>5</SampleLocation><SampleID>Glycine</SampleID><SampleGroup></SampleGroup><SampleInfo></SampleInfo><SampleRow>L</SampleRow><SamplePlate>1</SamplePlate><WellType>REGENERATION</WellType><Concentration>-1</Concentration><ConcentrationUnits>µg/ml</ConcentrationUnits><MolarConcentration>-1</MolarConcentration><MolarConcUnits>nM</MolarConcUnits><MolecularWeight>0</MolecularWeight><Temperature>30</Temperature><StartTime>5982026</StartTime><AssayTime>5</AssayTime></CommonData><FlowRate>1000</FlowRate><StepType>KREGENERATION</StepType><StepName>Regeneration</StepName><StepStatus>OK</StepStatus><ActualTime>4.9998</ActualTime><CycleTime>0.2</CycleTime><AssayXData Points="25">PmCkRdphpEVzY6RFD2WkRaRmpEU+aKRF2GmkRXFrpEULbaRFpm6kRT5wpEXYcaRFc3OkRQt1
pEWkdqRFPnikRdh5pEVze6RFC32kRaZ+pEU+gKRF2IGkRXGDpEULhaRFpIakRQ==</AssayXData><AssayYData Points="25">oK6QP92OhT84UYA/Xed4P2tQcz+SCm8/s9lrP2PsZz/fJWU/eRVkP64/YT8p1V4/TWVcP9bZ
Wj8zLFk/r4VXP3GXVT/evVM/J3dSP2d/UT/BHVA/Xw9PP12ITT+F1U0/EMJLPw==</AssayYData></Step><Step><CommonData><SampleLocation>6</SampleLocation><SampleID>PBS</SampleID><SampleGroup></SampleGroup><SampleInfo></SampleInfo><SampleRow>L</SampleRow><SamplePlate>1</SamplePlate><WellType>NEUTRALIZATION</WellType><Concentration>-1</Concentration><ConcentrationUnits>µg/ml</ConcentrationUnits><MolarConcentration>-1</MolarConcentration><MolarConcUnits>nM</MolarConcUnits><MolecularWeight>0</MolecularWeight><Temperature>30</Temperature><StartTime>5995121</StartTime><AssayTime>5</AssayTime></CommonData><FlowRate>1000</FlowRate><StepType>KREGENERATION</StepType><StepName>Regeneration</StepName><StepStatus>OK</StepStatus><ActualTime>4.9998</ActualTime><CycleTime>0.2</CycleTime><AssayXData Points="25">PoikRdiJpEVxi6RFDY2kRaaOpEU+kKRF2JGkRXOTpEUNlaRFpJakRUCYpEXYmaRFc5ukRQ2d
pEWknqRFPqCkRdihpEVzo6RFDaWkRaSmpEU+qKRF2qmkRXOrpEUNraRFpK6kRQ==</AssayXData><AssayYData Points="25">m8mOQHNrj0Ax6I9A0DSQQF/KkED7ApFADBeRQD5vkUDys5FA0aiRQBfvkUAaJJJAqT2SQMVd
kkA9XZJAjJ+SQGyHkkALqZJAWs+SQBzlkkDRJJNAHB6TQP0ik0C1MJNARzmTQA==</AssayYData></Step><Step><CommonData><SampleLocation>5</SampleLocation><SampleID>Glycine</SampleID><SampleGroup></SampleGroup><SampleInfo></SampleInfo><SampleRow>L</SampleRow><SamplePlate>1</SamplePlate><WellType>REGENERATION</WellType><Concentration>-1</Concentration><ConcentrationUnits>µg/ml</ConcentrationUnits><MolarConcentration>-1</MolarConcentration><MolarConcUnits>nM</MolarConcUnits><MolecularWeight>0</MolecularWeight><Temperature>30</Temperature><StartTime>6008206</StartTime><AssayTime>5</AssayTime></CommonData><FlowRate>1000</FlowRate><StepType>KREGENERATION</StepType><StepName>Regeneration</StepName><StepStatus>OK</StepStatus><ActualTime>4.9998</ActualTime><CycleTime>0.2</CycleTime><AssayXData Points="25">PrCkRdqxpEVxs6RFDbWkRaa2pEU+uKRF2rmkRXG7pEULvaRFpr6kRT7ApEXawaRFc8OkRQvF
pEWkxqRFQsikRdjJpEVxy6RFDc2kRaTOpEU+0KRF2tGkRXPTpEUL1aRFpNakRQ==</AssayXData><AssayYData Points="25">GISLP3lCgT+M+Hg/eYpyP9p6bT8vdGo/dZplP/hdYz8vnWA/WnxfP6GbXD8bJls/WztZP03t
Vz/LQ1Y/8+ZUPw/kUz+coVI/4v5QP6JBUD83ZlA/eblNPxtSTT+yYk0/YqlLPw==</AssayYData></Step><Step><CommonData><SampleLocation>6</SampleLocation><SampleID>PBS</SampleID><SampleGroup></SampleGroup><SampleInfo></SampleInfo><SampleRow>L</SampleRow><SamplePlate>1</SamplePlate><WellType>NEUTRALIZATION</WellType><Concentration>-1</Concentration><ConcentrationUnits>µg/ml</ConcentrationUnits><MolarConcentration>-1</MolarConcentration><MolarConcUnits>nM</MolarConcUnits><MolecularWeight>0</MolecularWeight><Temperature>30</Temperature><StartTime>6021305</StartTime><AssayTime>5</AssayTime></CommonData><FlowRate>1000</FlowRate><StepType>KREGENERATION</StepType><StepName>Regeneration</StepName><StepStatus>OK</StepStatus><ActualTime>4.9998</ActualTime><CycleTime>0.2</CycleTime><AssayXData Points="25">PtikRdjZpEVx26RFC92kRaTepEVA4KRF2uGkRXHjpEUN5aRFpuakRT7opEXY6aRFceukRQvt
pEWm7qRFPvCkRdjxpEVx86RFC/WkRab2pEVA+KRF2vmkRXH7pEUL/aRFpP6kRQ==</AssayXData><AssayYData Points="25">mb6PQJ9tkEAR5pBAPTeRQKR6kUA/+5FADyySQB10kkB5o5JAu8uSQJX7kkC+D5NA7EeTQA5Q
k0BohZNA9WuTQK2wk0CCwJNAqayTQA/kk0DAIpRAZCmUQG8slEATIZRAxj+UQA==</AssayYData></Step><Step><CommonData><SampleLocation>1</SampleLocation><SampleID>Octet Buffer</SampleID><SampleGroup></SampleGroup><SampleInfo></SampleInfo><SampleRow>K</SampleRow><SamplePlate>1</SamplePlate><WellType>BUFFER</WellType><Concentration>-1</Concentration><ConcentrationUnits>µg/ml</ConcentrationUnits><MolarConcentration>-1</MolarConcentration><MolarConcUnits>nM</MolarConcUnits><MolecularWeight>0</MolecularWeight><Temperature>30</Temperature><StartTime>6035727</StartTime><AssayTime>20</AssayTime></CommonData><FlowRate>1000</FlowRate><StepType>CUSTOM</StepType><StepName>Sensor Check</StepName><StepStatus>OK</StepStatus><ActualTime>19.9998</ActualTime><CycleTime>0.2</CycleTime><AssayXData Points="100">PgClRdoBpUVzA6VFDQWlRaQGpUU+CKVF2AmlRXELpUULDaVFpA6lRT4QpUXaEaVFcxOlRQsV
pUWmFqVFQBilRdoZpUVzG6VFCx2lRaYepUU+IKVF2iGlRXMjpUULJaVFpCalRT4opUXaKaVF
cSulRQstpUWkLqVFPjClRdgxpUVxM6VFDTWlRaQ2pUVAOKVF2DmlRXE7pUUNPaVFpD6lRUBA
pUXYQaVFcUOlRQtFpUWkRqVFPkilRdpJpUVzS6VFC02lRaROpUVAUKVF2FGlRXNTpUULVaVF
pFalRT5YpUXaWaVFc1ulRQ1dpUWkXqVFPmClRdhhpUVzY6VFC2WlRaRmpUU+aKVF4mmlRXNr
pUUNbaVFpG6lRT5wpUXYcaVFcXOlRQ11pUWkdqVFPnilRdp5pUVze6VFDX2lRaZ+pUVAgKVF
2oGlRXGDpUUNhaVFpoalRT6IpUXYiaVFcYulRQ2NpUWkjqVFPpClRdiRpUVxk6VFDZWlRaaW
pUVAmKVF2pmlRXGbpUUNnaVFpJ6lRQ==</AssayXData><AssayYData Points="100">pcOOQPXBjECirotA7sSKQGEjikA094lAVKyJQFOBiUAgiIlA1nCJQC+xiUBbqYlAVcGJQDCx
iUBQ14lAbueJQHwNikBDFIpACCqKQCIQikAHRIpAiz2KQFtvikCreIpA5HCKQL2GikALmopA
4rWKQEGpikAbrYpA68OKQDbVikAgyopAEeKKQKb0ikA/+YpAECCLQMAAi0AfB4tA3CmLQD8f
i0B0MItAejiLQMI/i0CgQotAqnaLQNx3i0AkQItARV+LQE+Fi0BXjItAEmeLQP9+i0BjZotA
gW6LQPOgi0CtwYtAqq6LQICri0AWwotAMpKLQMKoi0Cso4tAC8mLQGy/i0Co0otA7b2LQDzN
i0Ag24tAIPiLQBq9i0D6+ItAiNCLQGH2i0ARAYxAHPmLQK3vi0B09ItA9wGMQBr3i0CHG4xA
3AGMQDARjEAwFIxABiqMQKkajEBUK4xAMBGMQFVEjEDYL4xAuT+MQBwwjEDbQIxA3TyMQL9g
jEAbU4xAElmMQDljjEAfRIxAlVuMQA==</AssayYData></Step><Step><CommonData><SampleLocation>18</SampleLocation><SampleID>SI-157X62_P5536</SampleID><SampleGroup></SampleGroup><SampleInfo></SampleInfo><SampleRow>K</SampleRow><SamplePlate>1</SamplePlate><WellType>KLOAD</WellType><Concentration>5</Concentration><ConcentrationUnits>µg/ml</ConcentrationUnits><MolarConcentration>5000</MolarConcentration><MolarConcUnits>nM</MolarConcUnits><MolecularWeight>0</MolecularWeight><Temperature>30</Temperature><StartTime>6066996</StartTime><AssayTime>120</AssayTime></CommonData><FlowRate>1000</FlowRate><StepType>LOADING</StepType><StepName>Loading</StepName><StepStatus>OK</StepStatus><ActualTime>120</ActualTime><CycleTime>0.2</CycleTime><AssayXData Points="600">PqClRdihpUVxo6VFDaWlRaSmpUVAqKVF2KmlRXGrpUULraVFpK6lRUCwpUXYsaVFcbOlRQu1
pUWktqVFPrilRdq5pUVxu6VFDb2lRaS+pUU+wKVF2MGlRXHDpUULxaVFpsalRT7IpUXYyaVF
cculRQvNpUWmzqVFPtClRdrRpUVx06VFC9WlRaTWpUU+2KVF2NmlRXHbpUUL3aVFqN6lRT7g
pUXY4aVFceOlRQvlpUWm5qVFPuilRdrppUVx66VFC+2lRabupUU+8KVF2vGlRXHzpUUL9aVF
pvalRUD4pUXY+aVFcfulRQ39pUWk/qVFPgCmRdgBpkVxA6ZFDQWmRaYGpkU+CKZF2gmmRXEL
pkUNDaZFpg6mRT4QpkXYEaZFcROmRQsVpkWkFqZFPhimRdgZpkVzG6ZFDR2mRaQepkU+IKZF
2CGmRXEjpkULJaZFpCamRT4opkXYKaZFcyumRQ0tpkWoLqZFQDCmRdgxpkVxM6ZFCzWmRaQ2
pkU+OKZF2DmmRXE7pkULPaZFpj6mRUBApkXYQaZFcUOmRQ1FpkWkRqZFPkimRdhJpkVxS6ZF
DU2mRaROpkU+UKZF2FGmRXFTpkULVaZFpFamRT5YpkXaWaZFcVumRQtdpkWkXqZFPmCmRdph
pkVxY6ZFC2WmRaZmpkVAaKZF2GmmRXFrpkUNbaZFpm6mRT5wpkXYcaZFcXOmRQt1pkWkdqZF
PnimRdp5pkVze6ZFDX2mRaR+pkU+gKZF2IGmRXODpkUNhaZFpIamRUCIpkXYiaZFc4umRQ2N
pkWkjqZFPpCmRdiRpkVxk6ZFC5WmRaaWpkVAmKZF2JmmRXGbpkUNnaZFpJ6mRUCgpkXYoaZF
caOmRQ2lpkWkpqZFPqimRdqppkVxq6ZFC62mRaaupkU+sKZF2LGmRXGzpkULtaZFpLamRUC4
pkXauaZFcbumRQu9pkWkvqZFPsCmRdjBpkVxw6ZFC8WmRabGpkU+yKZF2smmRXPLpkULzaZF
pM6mRT7QpkXY0aZFcdOmRQvVpkWm1qZFPtimRdjZpkVx26ZFC92mRabepkU+4KZF2OGmRXPj
pkUN5aZFpOamRT7opkXY6aZFceumRQ3tpkWk7qZFPvCmRdjxpkVx86ZFDfWmRaT2pkU++KZF
2vmmRXH7pkUL/aZFpP6mRUAAp0XaAadFcwOnRQ0Fp0WkBqdFQAinRdoJp0VxC6dFCw2nRaQO
p0U+EKdF2hGnRXETp0UNFadFpBanRUAYp0XaGadFcRunRQsdp0WkHqdFPiCnRdghp0VxI6dF
DSWnRaQmp0U+KKdF2CmnRXErp0UNLadFpC6nRT4wp0XYMadFczOnRQ01p0WkNqdFPjinRdo5
p0VxO6dFCz2nRaY+p0U+QKdF2EGnRXNDp0ULRadFpEanRUBIp0XYSadFcUunRQtNp0WmTqdF
PlCnRdhRp0VzU6dFDVWnRaRWp0U+WKdF2lmnRXNbp0ULXadFpF6nRUBgp0XYYadFc2OnRQ1l
p0WmZqdFPminRdhpp0Vxa6dFC22nRaRup0U+cKdF2HGnRXFzp0UNdadFpHanRT54p0XaeadF
c3unRQ19p0WkfqdFQICnRdiBp0Vxg6dFC4WnRaaGp0U+iKdF2ImnRXGLp0ULjadFpI6nRT6Q
p0XakadFcZOnRQ2Vp0WklqdFPpinRdqZp0Vxm6dFC52nRaSep0U+oKdF2qGnRXOjp0UNpadF
pKanRT6op0XYqadFc6unRQutp0WmrqdFPrCnRdqxp0Vxs6dFC7WnRaa2p0U+uKdF2LmnRXG7
p0UNvadFpL6nRUDAp0XYwadFccOnRQvFp0WmxqdFQsinRdjJp0Vxy6dFDc2nRabOp0U+0KdF
2tGnRXHTp0UL1adFpNanRUDYp0XY2adFcdunRQvdp0Wm3qdFPuCnRdjhp0Vx46dFDeWnRaTm
p0U+6KdF2OmnRXHrp0UL7adFpO6nRT7wp0Xa8adFcfOnRQ31p0Wm9qdFPvinRdj5p0Vx+6dF
C/2nRaT+p0U+AKhF2gGoRXEDqEUNBahFpAaoRT4IqEXaCahFcwuoRQsNqEWkDqhFQBCoRdoR
qEVxE6hFCxWoRaYWqEVAGKhF2BmoRXEbqEULHahFpB6oRT4gqEXYIahFcyOoRQslqEWmJqhF
QCioRdgpqEVxK6hFCy2oRaQuqEVAMKhF2jGoRXMzqEULNahFpDaoRT44qEXYOahFcTuoRQs9
qEWmPqhFPkCoRdhBqEVxQ6hFC0WoRaRGqEVASKhF2EmoRXNLqEULTahFpk6oRUBQqEXYUahF
c1OoRQtVqEWmVqhFQFioRdhZqEVxW6hFC12oRaZeqEU+YKhF2GGoRXNjqEUNZahFpmaoRUBo
qEXYaahFc2uoRQttqEWmbqhFPnCoRdhxqEVxc6hFC3WoRaZ2qEU+eKhF2HmoRXN7qEUNfahF
pn6oRT6AqEXagahFcYOoRQuFqEWmhqhFPoioRdiJqEVxi6hFC42oRaSOqEU+kKhF2JGoRXOT
qEULlahFppaoRT6YqEXYmahFcZuoRQ2dqEWmnqhFPqCoRdqhqEVzo6hFC6WoRaamqEU+qKhF
2KmoRXOrqEULrahFpK6oRT6wqEXYsahFcbOoRQu1qEWktqhFPrioRdq5qEVxu6hFDb2oRaS+
qEVAwKhF2MGoRXPDqEUNxahFpsaoRT7IqEXYyahFc8uoRQvNqEWkzqhFPtCoRdrRqEVx06hF
C9WoRaTWqEU+2KhF2NmoRXHbqEUL3ahFpt6oRT7gqEXY4ahFc+OoRQ3lqEWk5qhFPuioRdjp
qEVx66hFC+2oRaTuqEU+8KhF2PGoRXHzqEUN9ahFpPaoRT74qEXa+ahFc/uoRQv9qEWm/qhF
PgCpRdgBqUVzA6lFDQWpRaYGqUVACKlF2AmpRXMLqUULDalFpA6pRUAQqUXYEalFcROpRQ0V
qUWmFqlFPhipRdgZqUVzG6lFDR2pRaQeqUVAIKlF2iGpRXEjqUULJalFpCapRT4oqUXYKalF
cyupRQstqUWkLqlFPjCpRdgxqUVxM6lFCzWpRaQ2qUU+OKlF2DmpRXM7qUUNPalFpj6pRUBA
qUXYQalFc0OpRQtFqUWkRqlFQEipRdhJqUVzS6lFDU2pRaROqUVAUKlF2FGpRXFTqUULValF
pFapRUBYqUXYWalFc1upRQ1dqUWkXqlF</AssayXData><AssayYData Points="600">uXeLQFTni0BLIoxAFjiMQEN5jEDRoIxA4+GMQGDyjEBM+4xAXxeNQAskjUC+QY1AiWeNQL2a
jUCZpY1AqK2NQCuojUCw441Ak/iNQHP7jUBpJY5AYzSOQM48jkDdV45A2HGOQH6CjkATn45A
4aGOQG2rjkDnyI5AkuyOQF8Tj0APEo9AsCiPQOkPj0AERI9ARXePQOxpj0Ammo9ACo+PQAXC
j0AvzI9A0+6PQJPqj0DcGpBAXReQQLVAkEBMJpBAujCQQMSDkEDci5BA9XaQQLCMkECvpZBA
7ouQQMPWkEAn+ZBAoduQQFPskEC5FZFADSuRQFg9kUCcYJFAf0+RQFpwkUCqrJFAWLWRQOiE
kUA+05FAjtGRQJLekUAr8JFA6QCSQMgUkkCjLpJAkk+SQJlWkkDgc5JAtIGSQBh8kkAFk5JA
mMOSQBOQkkD/y5JA+96SQAYak0DB6JJAwQmTQOI5k0BIBJNA8F+TQNBYk0AkV5NAXZCTQG+L
k0BdmpNAq6+TQHfWk0C8x5NApuiTQKIclEAv3pNArw2UQAgOlED8DZRAcjyUQI5BlEDzRJRA
PlSUQBFnlEBDiZRAvIKUQFyUlEAytpRAhryUQObXlEC3ApVAGASVQJTvlECzSJVAHxKVQJ8w
lUDWVZVA6kuVQE1tlUAXa5VAAJCVQBeZlUDamJVA86KVQE7ElUChxZVAffuVQN3blUA9+5VA
1P+VQCMFlkDb/ZVAxgOWQPU2lkD7KpZAYFeWQEB1lkBMZ5ZAXZKWQGidlkDZu5ZAcLGWQAi0
lkBfu5ZAI7+WQOjilkCeA5dA8eiWQNMll0DkAJdAljyXQPtOl0ANPpdAiiyXQLhPl0BwhJdA
cGqXQMuYl0CVmpdAtJiXQESzl0Ca0ZdAj6iXQPbol0B705dAAuOXQJD0l0D+DZhAAQKYQPYN
mEAlNJhAN1OYQL0mmECtRJhAj3SYQDVYmEAGd5hAHX6YQGtqmECxp5hAAJOYQKbTmECbuJhA
crOYQM/QmECSzphASPGYQI3ymEAx5phAuBGZQJ4omUChK5lARiWZQGsmmUC5UplAYESZQDdd
mUDKYZlAlXaZQImQmUCNnZlAQp+ZQJicmUBMnJlAvruZQFTTmUD25ZlAz6SZQBvmmUBR25lA
SfuZQI39mUBy9JlAYg2aQE05mkBhMZpAyE6aQGstmkAPPZpAgEeaQOBRmkCTW5pAemiaQE+E
mkDUbJpAh3yaQA6emkDXl5pAIsCaQBq8mkBvyZpAt9KaQG3ImkCZ6ZpAGQGbQCQIm0Br2JpA
WB+bQKlKm0C64JpA2R+bQG40m0A1GZtAW0abQEt1m0BxXptAdTqbQMZbm0DYdptAiHibQHN9
m0C+fJtAvHqbQOGJm0AkqZtA+rebQOLIm0A3zJtA8aqbQPeym0ARx5tAguubQAHxm0BcE5xA
k/abQOUlnEDRL5xAWA6cQJwsnEDXNpxAYVCcQKUXnECLWZxAUjmcQJBXnEB3epxAumicQCuY
nECDlpxApHacQCiWnEB5i5xAjq6cQHe4nECPzpxApbScQN2pnEBK0JxAjO+cQJ6/nEAH1JxA
FO+cQMkKnUCx5ZxAShSdQOEtnUBdB51AWuycQDsJnUBgFJ1AzQydQMYunUDtOJ1AekmdQJlZ
nUD/Z51ACDqdQFBhnUCxep1ATDudQKSSnUAQqp1AQIKdQJlunUCNk51AYZ2dQPy4nUA60J1A
35OdQMXKnUDouZ1AsK6dQELLnUD+8Z1AAc6dQIzSnUDD751ABgWeQDDUnUD98J1AFg6eQEQg
nkBOIp5ApgmeQGsAnkCALJ5ART+eQK9NnkDKJ55AOFqeQF4+nkD7TJ5AnHWeQJhTnkDPeZ5A
u4KeQKyDnkDNcp5A6IGeQCqAnkC7m55AjXeeQPWunkBIlZ5A0pueQNjcnkC3rZ5AdK6eQPrD
nkCMuZ5Ac8ueQErinkB8DJ9AAeKeQC4Cn0Cm7Z5AA/eeQBkmn0BD/J5AoAifQMbjnkDkHZ9A
dwufQLg8n0AKRZ9ASCOfQMdhn0BEI59AvyafQJEyn0CDVp9AcHifQNBgn0BqMp9AlnqfQBNr
n0C0hJ9AUoSfQJ1An0CQgJ9AzKmfQDubn0DNf59An2mfQDaGn0CRpp9AAbGfQHvGn0DvpZ9A
8cufQJCmn0Ab159AsOOfQPfXn0Axzp9A6++fQJzkn0BQ4p9AC9SfQMYDoEAGC6BAZ+yfQMMU
oEDXGqBALSmgQL0ooEBnQqBA9iWgQB4koEBnPaBALD6gQPYjoECnRaBAPD6gQPFIoEAjW6BA
6oigQLxzoEC0YKBAnmSgQAJvoEAOd6BAcYagQOaMoEAMjqBAga2gQEhuoEDBoaBADbugQFfp
oECaw6BA0bGgQAenoEDRiKBA5tKgQLzOoEAKzqBAz8WgQFjcoEC4m6BAl/mgQFO2oEBczKBA
XPCgQH8FoUCm76BAJAahQHgKoUAZBKFApjKhQPIRoUDq96BA6v6gQAsjoUDPN6FAYRuhQOEi
oUA3HaFAbSChQMEWoUDpGqFAmzmhQDFFoUBRO6FAJUehQI9foUDzTaFA0V6hQL9FoUAHaKFA
om6hQAVwoUBRhaFA7JahQNeAoUB7eKFA54qhQLyBoUDNjaFAOJGhQEuLoUCopaFAkpihQE+i
oUBlmqFA27OhQOKwoUCjw6FAmuehQKXWoUA5rqFA076hQIznoUBe0KFA+sqhQOjnoUAM6aFA
ydKhQIv8oUBJ2KFAVtyhQIoAokCfBqJAmCGiQHQNokBaFaJAoPOhQHULokDbIaJACBWiQN8R
okA5O6JAHUKiQEwbokBuFqJASUWiQKQ4okCGNqJAPC2iQIsmokBmTaJAm0yiQOMookCqN6JA
yl6iQCNrokAhUqJA/FmiQDNgokCyaaJAx3WiQFNtokBDjKJAzIaiQLOHokDhg6JAd4uiQGyO
okCFiqJA6I6iQJyUokCyk6JAL7uiQF2sokCXqqJAZc6iQC64okAVrqJA6bKiQHXDokBHxqJA
XsKiQJjOokDJ36JAiM2iQETTokBV5qJA9uOiQNjfokCu4aJA++iiQEjxokBZ/aJApPmiQA0I
o0ATBaNAPf+iQCYXo0DrGaNAJRejQLb+okB4JaNAJi+jQIoZo0AV/6JAbgWjQCwno0AeMKNA
4D6jQGsto0C6JqNAxT6jQP1Fo0C3KKNA</AssayYData></Step><Step><CommonData><SampleLocation>1</SampleLocation><SampleID>Octet Buffer</SampleID><SampleGroup></SampleGroup><SampleInfo></SampleInfo><SampleRow>K</SampleRow><SamplePlate>1</SamplePlate><WellType>BUFFER</WellType><Concentration>-1</Concentration><ConcentrationUnits>µg/ml</ConcentrationUnits><MolarConcentration>-1</MolarConcentration><MolarConcUnits>nM</MolarConcUnits><MolecularWeight>0</MolecularWeight><Temperature>30</Temperature><StartTime>6198454</StartTime><AssayTime>100</AssayTime></CommonData><FlowRate>1000</FlowRate><StepType>BASELINE</StepType><StepName>Baseline</StepName><StepStatus>OK</StepStatus><ActualTime>100.001</ActualTime><CycleTime>0.2</CycleTime><AssayXData Points="500">PmCpRdhhqUVxY6lFC2WpRaRmqUU+aKlF2mmpRXNrqUUNbalFpm6pRT5wqUXacalFcXOpRQt1
qUWmdqlFQHipRdh5qUVxe6lFDX2pRaR+qUVAgKlF2oGpRXODqUUNhalFpoapRT6IqUXYialF
c4upRQuNqUWkjqlFPpCpRdiRqUVxk6lFC5WpRaSWqUU+mKlF2pmpRXGbqUULnalFpJ6pRT6g
qUXYoalFcaOpRQulqUWmpqlFQKipRdipqUVxq6lFC62pRaSuqUU+sKlF2LGpRXGzqUULtalF
pLapRT64qUXYualFcbupRQu9qUWkvqlFQMCpRdjBqUVxw6lFC8WpRaTGqUVAyKlF2smpRXPL
qUUNzalFps6pRUDQqUXY0alFcdOpRQ3VqUWk1qlFQNipRdjZqUVx26lFC92pRaTeqUVA4KlF
2uGpRXPjqUUN5alFpOapRT7oqUXY6alFc+upRQvtqUWk7qlFPvCpRdjxqUVx86lFD/WpRaT2
qUU++KlF2vmpRXH7qUUL/alFpP6pRT4AqkXYAapFcQOqRQ0FqkWkBqpFPgiqRdgJqkVzC6pF
Cw2qRaYOqkU+EKpF2BGqRXMTqkULFapFphaqRT4YqkXYGapFcRuqRQ0dqkWmHqpFPiCqRdgh
qkVxI6pFDSWqRaQmqkU+KKpF2imqRXErqkUNLapFpi6qRUAwqkXaMapFcTOqRQs1qkWkNqpF
QDiqRdg5qkVxO6pFCz2qRaY+qkU+QKpF2kGqRXFDqkULRapFpkaqRT5IqkXYSapFc0uqRQ1N
qkWkTqpFQFCqRdhRqkVxU6pFC1WqRaZWqkVAWKpF2FmqRXFbqkUNXapFpl6qRT5gqkXYYapF
cWOqRQtlqkWmZqpFPmiqRdppqkVxa6pFC22qRaRuqkU+cKpF2HGqRXNzqkULdapFpHaqRUB4
qkXYeapFcXuqRQt9qkWkfqpFPoCqRdiBqkVxg6pFC4WqRaSGqkU+iKpF2omqRXOLqkULjapF
pI6qRT6QqkXakapFc5OqRQ2VqkWklqpFPpiqRdqZqkVxm6pFDZ2qRaaeqkU+oKpF2KGqRXGj
qkUNpapFpKaqRT6oqkXYqapFcauqRQutqkWkrqpFPrCqRdqxqkVzs6pFDbWqRaa2qkU+uKpF
2LmqRXO7qkULvapFpL6qRT7AqkXYwapFccOqRQvFqkWkxqpFPsiqRdrJqkVxy6pFC82qRabO
qkU+0KpF2NGqRXHTqkUN1apFptaqRT7YqkXY2apFc9uqRQ3dqkWk3qpFQuCqRdrhqkVz46pF
DeWqRaTmqkVA6KpF2OmqRXHrqkUN7apFCe+qRU7wqkXa8apFB/SqRU71qkWk9qpFQPiqRdj5
qkVx+6pFC/2qRaT+qkVAAKtF2gGrRXEDq0ULBatFpgarRT4Iq0XaCatFcQurRQsNq0WkDqtF
QBCrRdgRq0VxE6tFCxWrRaYWq0VAGKtF2BmrRXMbq0ULHatFph6rRUAgq0XaIatFcSOrRQsl
q0WkJqtFPiirRdgpq0VxK6tFDS2rRaYuq0U+MKtF2DGrRXEzq0UNNatFpDarRT44q0XYOatF
cTurRQs9q0WmPqtFQECrRdhBq0VzQ6tFC0WrRaRGq0U+SKtF2EmrRXFLq0UNTatFpk6rRT5Q
q0XaUatFc1OrRQ1Vq0WkVqtFPlirRdhZq0VzW6tFDV2rRaReq0U+YKtF2GGrRXNjq0ULZatF
pGarRUBoq0XaaatFcWurRQttq0WmbqtFPnCrRdhxq0Vxc6tFC3WrRaR2q0U+eKtF2HmrRXF7
q0ULfatFpH6rRUCAq0XagatFc4OrRQuFq0WmhqtFQIirRdiJq0Vzi6tFC42rRaSOq0U+kKtF
2JGrRXGTq0ULlatFpJarRT6Yq0XYmatFc5urRQudq0WknqtFQKCrRdqhq0Vxo6tFC6WrRaSm
q0U+qKtF2KmrRXGrq0UNratFpK6rRUCwq0XasatFcbOrRQu1q0WmtqtFPrirRdq5q0Vzu6tF
Db2rRaS+q0VAwKtF2MGrRXHDq0ULxatFpMarRT7Iq0XYyatFccurRQ3Nq0WmzqtFQNCrRdjR
q0Vx06tFC9WrRaTWq0VA2KtF2tmrRXHbq0UL3atFpN6rRUDgq0XY4atFc+OrRQ3lq0Wk5qtF
QOirRdjpq0Vx66tFC+2rRaTuq0VA8KtF2PGrRXHzq0UN9atFpParRT74q0XY+atFcfurRQv9
q0Wk/qtFPgCsRdoBrEVxA6xFCwWsRaYGrEVACKxF2AmsRXELrEULDaxFpg6sRT4QrEXaEaxF
cxOsRQsVrEWmFqxFPhisRdgZrEVxG6xFCx2sRaYerEU+IKxF2CGsRXEjrEUNJaxFpCasRUAo
rEXaKaxFcSusRQstrEWkLqxFPjCsRdgxrEVxM6xFDTWsRaQ2rEU+OKxF2DmsRXE7rEUNPaxF
pD6sRT5ArEXYQaxFcUOsRQ1FrEWmRqxFPkisRdhJrEVzS6xFC02sRaROrEU+UKxF2FGsRXFT
rEULVaxFplasRT5YrEXYWaxFcVusRQtdrEWmXqxFPmCsRdhhrEVzY6xFC2WsRaRmrEU+aKxF
2mmsRXNrrEUNbaxFpG6sRT5wrEXYcaxFc3OsRQt1rEWkdqxFQHisRdp5rEVxe6xFDX2sRaZ+
rEU=</AssayXData><AssayYData Points="500">z0GjQG17o0CTXKNAY4CjQNyQo0D5qaNAzJOjQImLo0DAoqNAOdWjQBObo0Adu6NACcSjQCbF
o0BJ2KNAMKyjQP/So0C73qNAQ82jQJ/0o0Bm36NAQ+GjQMrno0Cq66NAVtmjQPPSo0AgE6RA
dvujQNzjo0Bz7KNAw9mjQKDSo0A0A6RAj9yjQM7so0DlDqRAO+ijQHvpo0A0+qNAoQikQPr3
o0AYAKRAlQGkQPbvo0CN6KNA9w+kQOH4o0Do6aNAh+6jQCvyo0BA7aNAfPujQKD8o0Ca/KNA
ItWjQF8KpEAj9KNAPPujQOD6o0Ck9KNAihekQPgJpEBPD6RAEBGkQBbmo0B3AaRAmwekQOgZ
pEBWCqRAs+ujQF8VpED/6KNAxg2kQCYDpEAgCqRA0gCkQF8EpEANEqRADO6jQAYupEBj66NA
rxukQDMVpEAmE6RATAikQJwGpEAI9aNAnwikQGPwo0A1MqRADAekQCzho0Ba96NAVBmkQDYX
pECWBqRAuAGkQDoDpEDD9KNABRCkQHoWpEAUFqRANyCkQLIdpEAnGaRAEyikQJwKpECrDaRA
bx+kQLUUpEDICKRAtCekQAsIpEBUM6RAsyykQPcipEBwCqRAAQ+kQHgZpEBwKaRApv6jQBsU
pECTKaRAJgekQKEdpEBUHqRA8w2kQFYxpEC7GKRA+yakQN7+o0BQFaRA5y+kQHoVpEDzNqRA
5zykQEUtpEDyRaRAekGkQDotpEDLPaRAe0CkQBr+o0CUIqRAiS+kQJQqpEDhEqRAYwikQLA4
pEAjI6RALDKkQDwrpEDVMqRADkykQBE+pEBXK6RANjmkQHQjpEAsHKRAnD2kQJ1LpED8M6RA
5xykQKw9pEAeSKRAGTKkQJcopEAmOqRAeDKkQF8dpECrNaRA8FykQCBApEC9K6RAIz2kQHgc
pEC2TKRAth+kQD41pED/P6RAcDGkQJk2pEDhcKRA60+kQG0lpEA3HqRAiC+kQCYipEBsQqRA
g1akQNgbpEDPbqRARSakQM5HpEDEJaRA/CukQIkHpECkHqRA/zGkQAtSpEAuS6RAskWkQFRN
pED3TKRAChWkQBMxpEBCMKRA0EWkQH0spECzSaRAIkmkQK1RpECxNaRAnFikQLJcpEDYU6RA
kzukQHxEpECJUKRAxSqkQA9MpECjMKRAmkOkQIlCpECmR6RAg0KkQEVVpECVYKRAaVakQKos
pEArEKRAn1akQPk6pECqQ6RAwV6kQDE7pED9RaRA6UOkQJ49pECjSqRAIUykQHJNpEAVcqRA
u1OkQE1WpEDuUaRADFukQAdRpEBYKaRACUakQPhwpEDLPaRAPmWkQMw/pEC4PaRAC3GkQANx
pEC0S6RAdE+kQGFmpEDUS6RArl6kQENfpECzZqRAmVukQHxxpEAuTaRAF1+kQO5MpEDWVaRA
2GWkQItopEBQb6RAKE+kQOlcpED6QqRAf16kQGFGpECySqRAd2SkQL1bpECeXqRAypCkQNOF
pEA4ZKRA6WmkQK1ipEA8cqRA5kekQKtjpED3hKRAOGGkQPNkpEBGa6RAxVmkQGxipED/WqRA
LH+kQLJrpECReKRAdoqkQGBjpED2dKRAqG+kQKNrpECJXKRA/E2kQLB+pEDlV6RAHnOkQCuJ
pEAogKRAOXqkQChbpEBFZaRAaFmkQLtdpEDkU6RAdl6kQFxvpEDJkaRAfIOkQIiQpEDRbKRA
oHykQJa5pEBUfqRAG2mkQJKQpEA+gqRAOVekQCJ3pEAzcqRA7XukQMtopEATYKRAH3KkQLVm
pEAbgaRALJKkQKd4pEBrqaRAMnGkQClUpEAfhaRA2YCkQHd4pEB3VqRAamykQLhfpEB1b6RA
zIikQHFxpECGfaRAopekQC95pEC+a6RACJKkQMd1pECIY6RAMImkQMt8pEBfjqRA33mkQCqB
pEDAkKRAP5qkQNx3pEDjiaRA436kQICcpEDyb6RA2Z2kQIxvpEALV6RAz56kQHqdpEBylaRA
xnykQCCipEA0caRAB3+kQIiHpEDUuaRArYOkQHyhpECnZqRAW5ekQJKFpEAFo6RAybOkQHFv
pEDEqKRA3YqkQOx5pEBTsKRAu6OkQIRypEBrdKRAY5OkQC1hpEDln6RAnN+kQJGfpEBve6RA
VXqkQClopEDcoaRAhomkQEqYpEA9hqRAZ4mkQKmbpEA9bKRAQZGkQPevpEAYhqRAy5KkQHOV
pEA+h6RAV6SkQK+dpEDYt6RAw5CkQBPApEBXqaRA5oukQOyppEB2d6RAmXqkQAuspED2eqRA
gZikQD6NpECxlKRA84ykQEijpECuu6RAoq+kQKWipEAalqRANp6kQOqOpEC/nKRADqykQEmd
pECPiKRAHMqkQMiJpEATqaRAYrykQHO2pEDbn6RAeZukQImypEBErKRAUKekQJiNpEC3t6RA
sLqkQFqvpEC+36RACtmkQOy9pEBOl6RAZbmkQF2+pEDjn6RAgrikQK3NpEC9nKRAObqkQFnK
pEAUhKRAqKWkQFHQpEDer6RAu6CkQNq4pECfy6RAYbakQEikpEDcxaRAfMSkQHqvpEA616RA
hZGkQNy7pEAGuKRACsWkQMXRpEBRwaRAapWkQB64pEBG06RAzoykQJ2mpEAhzaRAYNmkQPK8
pEA=</AssayYData></Step><Step><CommonData><SampleLocation>2</SampleLocation><SampleID>hsCD3d/e_Acro_CDD-H52W1</SampleID><SampleGroup></SampleGroup><SampleInfo></SampleInfo><SampleRow>K</SampleRow><SamplePlate>1</SamplePlate><WellType>KSAMPLE</WellType><Concentration>-1</Concentration><ConcentrationUnits>µg/ml</ConcentrationUnits><MolarConcentration>6.25</MolarConcentration><MolarConcUnits>nM</MolarConcUnits><MolecularWeight>0</MolecularWeight><Temperature>30</Temperature><StartTime>6306737</StartTime><AssayTime>180</AssayTime></CommonData><FlowRate>1000</FlowRate><StepType>ASSOC</StepType><StepName>Association</StepName><StepStatus>OK</StepStatus><ActualTime>180</ActualTime><CycleTime>0.2</CycleTime><AssayXData Points="900">QICsRdyBrEV1g6xFD4WsRaaGrEVCiKxF2omsRXWLrEUNjaxFpo6sRUCQrEXokaxFc5OsRQ2V
rEWmlqxFQJisRdyZrEVzm6xFDZ2sRaaerEVCoKxF3KGsRXWjrEUNpaxFpqasRUCorEXaqaxF
dausRQ2trEWmrqxFQrCsRdyxrEVzs6xFD7WsRai2rEVAuKxF3LmsRXO7rEUNvaxFqL6sRUDA
rEXcwaxFc8OsRQ3FrEWoxqxFQMisRdzJrEVzy6xFDc2sRabOrEVC0KxF3NGsRXPTrEUP1axF
ptasRULYrEXa2axFc9usRQ3drEWo3qxFQOCsRdrhrEV146xFD+WsRajmrEVC6KxF2umsRXPr
rEUP7axFqO6sRULwrEXa8axFdfOsRQ31rEWm9qxFQvisRdz5rEV1+6xFD/2sRab+rEVAAK1F
3AGtRXMDrUUNBa1FqAatRUAIrUXaCa1FcwutRQ0NrUWoDq1FQBCtRdoRrUVzE61FDRWtRagW
rUVAGK1F2hmtRXMbrUUNHa1FqB6tRUAgrUXcIa1FcyOtRQ8lrUWmJq1FQCitRdoprUVzK61F
Dy2tRaYurUVAMK1F3DGtRXMzrUUNNa1FqDatRUA4rUXaOa1FczutRQ89rUWmPq1FQkCtRdpB
rUVzQ61FD0WtRaZGrUVCSK1F3EmtRXVLrUUNTa1Fpk6tRUJQrUXcUa1Fc1OtRQ1VrUWmVq1F
QFitRdpZrUV1W61FDV2tRaherUVAYK1F2mGtRXVjrUUPZa1FqGatRUJorUXaaa1FdWutRQ9t
rUWobq1FQHCtRdpxrUVzc61FD3WtRah2rUVAeK1F2nmtRXV7rUUNfa1FqH6tRUCArUXaga1F
c4OtRQ+FrUWmhq1FQoitRdqJrUVzi61FDY2tRaaOrUVAkK1F2pGtRXOTrUUNla1FppatRUCY
rUXema1Fc5utRQ+drUWonq1FQKCtRdyhrUV1o61FDaWtRaamrUVAqK1F3KmtRXOrrUUNra1F
qK6tRUCwrUXasa1Fc7OtRQ21rUWotq1FQLitRdq5rUV1u61FD72tRai+rUVCwK1F3MGtRXPD
rUUPxa1FqMatRUDIrUXaya1FdcutRQ/NrUWmzq1FQtCtRQHSrUVz061FDdWtRabWrUVA2K1F
3NmtRXXbrUUN3a1Fpt6tRUDgrUXa4a1Fc+OtRQ3lrUWm5q1FQOitRdrprUVz661FDe2tRaju
rUVA8K1F2vGtRXPzrUUN9a1FpvatRUD4rUXc+a1Fc/utRQ/9rUWm/q1FQACuRdwBrkVzA65F
DQWuRagGrkVCCK5F3gmuRXMLrkUPDa5Fpg6uRUIQrkXcEa5FcxOuRQ0VrkWoFq5FQBiuRdwZ
rkV1G65FDR2uRaYerkVAIK5F3CGuRXUjrkUPJa5FpiauRWMorkXcKa5FcyuuRQ0trkWmLq5F
QDCuRdoxrkVzM65FDzWuRaY2rkVAOK5F3DmuRXM7rkUNPa5Fpj6uRUBArkXcQa5Fc0OuRQ1F
rkWoRq5FQkiuRdpJrkVzS65FD02uRaZOrkVCUK5F2lGuRXNTrkUPVa5FplauRUBYrkXcWa5F
dVuuRQ1drkWmXq5FQGCuRdxhrkVzY65FDWWuRaZmrkVCaK5F2mmuRXNrrkUNba5Fpm6uRUBw
rkXsca5Fc3OuRQ11rkWmdq5FQHiuRdp5rkVze65FDX2uRaZ+rkVAgK5F2oGuRXWDrkUPha5F
qIauRUCIrkXaia5Fc4uuRQ2NrkWojq5FQpCuRdqRrkVzk65FDZWuRaaWrkVAmK5F2pmuRXOb
rkUPna5FqJ6uRUCgrkXcoa5FdaOuRQ+lrkWmpq5FQqiuRdqprkVzq65FD62uRaiurkVAsK5F
2rGuRXOzrkUPta5FprauRUC4rkXaua5FdbuuRQ+9rkWovq5FQMCuRdzBrkVzw65FD8WuRabG
rkVAyK5F2smuRXXLrkUNza5Fps6uRULQrkXa0a5Fc9OuRQ3VrkWo1q5FQNiuRdrZrkVz265F
Dd2uRaberkVC4K5F3OGuRXPjrkUN5a5FqOauRULorkXa6a5FdeuuRQ3trkWo7q5FQPCuRdrx
rkVz865FD/WuRab2rkVA+K5F3PmuRXP7rkUP/a5Fpv6uRUIAr0XcAa9FcwOvRQ0Fr0WmBq9F
QAivRdoJr0VzC69FDw2vRaYOr0VAEK9F9hGvRXMTr0UNFa9FphavRUAYr0XaGa9FcxuvRQ8d
r0WmHq9FQCCvRdwhr0VzI69FDSWvRaYmr0VAKK9F3CmvRXMrr0UNLa9FqC6vRUIwr0XcMa9F
czOvRQ01r0WmNq9FQjivRdw5r0VzO69FDT2vRag+r0VAQK9F3EGvRXVDr0UNRa9FqEavRUJI
r0XaSa9Fc0uvRQ9Nr0WmTq9FQFCvRdpRr0VzU69FD1WvRaZWr0VAWK9F2lmvRXVbr0UNXa9F
pl6vRUBgr0XcYa9Fc2OvRQ9lr0WmZq9FQGivRdxpr0Vza69FDW2vRaZur0VAcK9F3HGvRXNz
r0UNda9FpnavRUJ4r0Xcea9Fc3uvRQ19r0Wofq9FQICvRdqBr0V1g69FDYWvRaiGr0VAiK9F
2omvRXWLr0UNja9Fpo6vRUKQr0Xaka9Fc5OvRQ+Vr0Wolq9FQpivRdqZr0Vzm69FD52vRaae
r0VAoK9F2qGvRXOjr0UPpa9FpqavRUCor0Xaqa9Fc6uvRQ2tr0Wmrq9FQLCvRSWyr0Vzs69F
DbWvRai2r0VAuK9F3LmvRXO7r0UNva9FqL6vRUDAr0Xcwa9Fc8OvRQ/Fr0Woxq9FQMivRdrJ
r0V1y69FD82vRabOr0VC0K9F3NGvRXXTr0UN1a9FqNavRUDYr0Xc2a9Fc9uvRQ/dr0Wm3q9F
QOCvRdzhr0Vz469FDeWvRabmr0VC6K9F2umvRXXrr0UN7a9FqO6vRUDwr0Xa8a9Fc/OvRQ31
r0Wo9q9FQPivRdz5r0Vz+69FDf2vRab+r0VCALBF2gGwRXMDsEUPBbBFpgawRUAIsEVrCrBF
rwuwRQ8NsEWoDrBFQhCwRdwRsEVzE7BFDRWwRaYWsEVAGLBF3BmwRXUbsEUNHbBFph6wRUAg
sEXaIbBFcyOwRQ8lsEWoJrBFQCiwRdopsEV1K7BFDS2wRaYusEVAMLBF3DGwRXMzsEUPNbBF
qDawRUA4sEXaObBFczuwRQ89sEWmPrBFQECwRdpBsEVzQ7BFEUWwRahGsEVASLBF3EmwRXNL
sEUPTbBFpk6wRUBQsEURUrBFdVOwRQ9VsEWmVrBFQliwRdxZsEV1W7BFDV2wRaZesEVAYLBF
2mGwRXNjsEUPZbBFpmawRUJosEXaabBFdWuwRQ9tsEWmbrBFQHCwRdpxsEV1c7BFDXWwRah2
sEVAeLBF3HmwRXN7sEUNfbBFqH6wRUCAsEXcgbBFc4OwRQ2FsEWmhrBFQoiwRdqJsEV1i7BF
DY2wRaaOsEVAkLBF3JGwRXOTsEUNlbBFppawRUCYsEXambBFdZuwRQ2dsEWonrBFQKCwRdyh
sEV1o7BFD6WwRaamsEVAqLBF2qmwRXOrsEUNrbBFqK6wRUCwsEXcsbBFdbOwRQ21sEWmtrBF
QLiwRdy5sEV1u7BFDb2wRaa+sEVAwLBF2sGwRXXDsEUNxbBFpsawRULIsEXcybBFc8uwRQ3N
sEWmzrBFQNCwRdzRsEVz07BFD9WwRabWsEVC2LBF3NmwRXPbsEUP3bBFqN6wRUDgsEXc4bBF
deOwRQ/lsEWm5rBFQuiwRdzpsEV167BFDe2wRajusEVA8LBFG/KwRXXzsEUN9bBFqPawRUD4
sEXa+bBFdfuwRQ/9sEWm/rBFQACxRdwBsUV1A7FFDQWxRagGsUVCCLFF3AmxRXMLsUUNDbFF
pg6xRUAQsUXaEbFFcxOxRQ0VsUWmFrFFQBixRdoZsUVzG7FFER2xRaYesUVCILFF2iGxRXUj
sUUNJbFFpiaxRUIosUXaKbFFcyuxRQ0tsUWmLrFFQjCxRdoxsUV1M7FFDTWxRaY2sUVCOLFF
3jmxRXM7sUUPPbFFqD6xRUBAsUXaQbFFc0OxRQ1FsUWoRrFFQEixRdpJsUVzS7FFDU2xRaZO
sUVAULFF2lGxRXNTsUUPVbFFqFaxRUBYsUXcWbFFc1uxRQ1dsUWmXrFFQmCxRdxhsUVzY7FF
DWWxRaZmsUVAaLFF3GmxRXNrsUUNbbFFpm6xRUBwsUXacbFFc3OxRQ11sUWodrFFQnixRdx5
sUVze7FFD32xRaZ+sUVAgLFF2oGxRXODsUUNhbFFpoaxRUCIsUXcibFFdYuxRQ2NsUWmjrFF
QJCxRSeSsUVzk7FFDZWxRaaWsUVAmLFF2pmxRXWbsUUNnbFFqJ6xRUKgsUXaobFFc6OxRQ2l
sUWmprFFQqixRdqpsUVzq7FFD62xRaausUVAsLFF2rGxRXWzsUUPtbFFpraxRUK4sUXcubFF
c7uxRQ+9sUWmvrFFQMCxRdrBsUVzw7FFD8WxRajGsUVAyLFF2smxRXXLsUUNzbFFqM6xRUDQ
sUXa0bFFc9OxRQ/VsUWm1rFFQNixRdrZsUV127FFDd2xRabesUVA4LFF2uGxRXXjsUUN5bFF
puaxRUDosUXa6bFFc+uxRQ3tsUWm7rFFQPCxRdrxsUVz87FFD/WxRaj2sUVC+LFF2vmxRXP7
sUUP/bFFpv6xRUIAskXaAbJFcwOyRQ0FskWoBrJFQgiyRdwJskVzC7JFDQ2yRaYOskVAELJF
2hGyRXMTskUPFbJFphayRUIYskXaGbJFcxuyRQ8dskWmHrJF</AssayXData><AssayYData Points="900">SS+kQHN/pEBAlKRAhsOkQJ3opEBQx6RANtukQAj/pEAu9aRAp8OkQCPqpECOJ6VAwBmlQKoI
pUBPEaVAHAOlQBoMpUAa+KRAGgOlQKb6pECcCaVAfjClQFwRpUBgGaVAQg+lQKghpUAcRqVA
lSilQOb9pEBYGaVAV0alQBkPpUD7IqVApymlQPwqpUCKCaVAuymlQMAfpUB3OqVAziClQDlD
pUCtWaVAcRmlQIQ+pUCqFKVAqz6lQGcrpUBTJaVAc0qlQOQhpUARTqVAbymlQMwjpUCnBaVA
qTmlQIUkpUAkK6VAjD2lQEs+pUAyK6VAZy2lQD43pUA/MqVAEjelQEE2pUCpOaVADFOlQPEv
pUC+JaVA2DalQOFSpUDpVqVAaCalQIYwpUD6RaVAmDylQKUzpUAHO6VAAEalQI8+pUClPKVA
4hKlQP1NpUDnKaVAQVilQDJZpUANNKVAMEClQGFppUADZ6VADTKlQOZMpUDWW6VArV2lQA8p
pUALKKVAlEGlQCs6pUD6R6VA8UylQHM+pUDAB6VAEz2lQH4qpUAHUKVAAFmlQDghpUBBK6VA
4kalQOtIpUCBPqVALE+lQKlLpUB0SaVAFDalQAc8pUBbJaVAxiSlQM9npUDSPaVABTOlQLxd
pUBUMaVArVqlQN09pUDgUaVAkk2lQBNjpUC9SaVA6z2lQEYupUBYWaVAQGGlQEtfpUALeaVA
VV6lQK1ApUAhPaVAjXOlQJtMpUAkYaVAw06lQOxCpUCKZ6VA+FKlQJZvpUCWcaVAYUulQJVT
pUCIRqVA4WOlQP9epUAaVaVAAX6lQNVZpUCwa6VA11KlQCpXpUDTYKVAL1ilQN5lpUBIX6VA
LF2lQJNWpUDsbKVAO2KlQPZrpUDbd6VA61+lQAlepUAtVaVAnlSlQKWIpUAUcaVADlilQPhp
pUBgVqVAc2ulQK5wpUCQdqVA5G6lQBFwpUCHlKVAlVWlQEpvpUCxcKVAgXulQH5vpUDkdKVA
RnWlQJcypUCZc6VAhXqlQMp1pUCzj6VA+oilQIJApUDtb6VAnImlQMJYpUAkjqVAnGmlQPxk
pUBEhaVADYOlQLxlpUABZ6VAz4ulQCJ6pUCCXaVA03ylQI6BpUC+gKVA1GSlQEGJpUBBcaVA
cFSlQHuOpUB7hqVAc3KlQLt5pUAuYKVAeV+lQJ2bpUDre6VABGWlQDmppUAraaVAJIylQJp9
pUD6d6VACYOlQDR2pUBPlqVAmX2lQNZjpUDZiqVAj4alQG6HpUBMjqVAAn6lQCObpUBTf6VA
TnGlQGR/pUC0f6VAjZmlQIaopUDlh6VA5qelQAtvpUBYi6VAnJGlQMSPpUBYk6VAMX6lQKtp
pUABiKVABXmlQMe2pUDGnqVAYZqlQIOQpUB3iqVA8Z2lQBePpUDNkKVARbelQHmfpUBHo6VA
06GlQJmKpUD4g6VAO4qlQEKdpUAebaVAXHelQHavpUDaqqVAImalQMutpUBFl6VAQ5qlQDqg
pUC6pKVAwZulQBeUpUATr6VAPaulQHCEpUDvg6VAu4ClQAN7pUB7rqVA4aWlQMSspUAyjaVA
cJmlQEePpUC2kqVAZKClQJuopUC+h6VA652lQDuXpUBFaqVAYZWlQASHpUAWgqVAZLWlQPOV
pUDliaVAO5ylQBKqpUAznKVAxZClQOqqpUCxsqVAibClQN3GpUDgiaVAcaalQOWypUDFjaVA
CZ6lQAqNpUCOo6VAH6ulQAuJpUAeqKVAlY2lQK/BpUBXiaVAi6ClQNK0pUC/v6VA0oqlQKa1
pUDXhaVAgpilQPq+pUDwtqVA/qGlQP+lpUBepKVAxK2lQMXEpUApo6VArqGlQO+zpUC5mqVA
37ylQCaTpUAysKVAyaalQAWvpUAXx6VA5rmlQO68pUBEz6VAyMKlQJ21pUAak6VAjbelQCbE
pUA4t6VAqZalQDLJpUAPqaVABqulQCXdpUCHsqVAtualQPm6pUBji6VAtralQKinpUBQuaVA
DcSlQK20pUBppKVAZbalQLLfpUBpq6VAzqClQOLBpUCl76VAP8OlQH65pUDmyKVANrGlQG2u
pUBg7aVAN7KlQO7EpUBB4KVAsdGlQKHNpUAw1qVAKNKlQFPJpUAerqVAwI+lQEDcpUDAu6VA
kcKlQCXDpUBV36VApK2lQK+upUDlwKVAD8alQLTNpUD01aVAzsKlQFOypUBQr6VAMuOlQDrq
pUBKwqVAY8ulQPncpUCI1qVAor+lQBfGpUAkyKVAbLWlQIn/pUAPrqVA6LClQDS1pUCcl6VA
xa2lQAjJpUB8x6VA/eSlQJfIpUCk0qVAM6ulQI7OpUCs/KVAgOylQE/IpUCg86VApMalQO6+
pUDDzqVAtMSlQA26pUAa86VAI9qlQK2xpUC01KVAqdWlQAK/pUDo1KVAdL2lQJnfpUAn5qVA
iMOlQIXKpUCH1KVAvN2lQEXJpUB21aVAvMalQJTtpUAB8aVANuOlQBjTpUCQ9qVAH7ylQCjo
pUA+zqVAEdalQIrzpUBE56VAkcWlQP79pUCzD6ZAGNOlQAjepUAbA6ZAW7KlQB70pUB92qVA
r8alQC3VpUAV3qVA8c+lQJntpUCJCKZA0/2lQOH2pUAK5aVAy8KlQAjZpUAZ0qVAJ/elQEnf
pUAg8aVA4eylQCbepUAP0KVAju2lQELbpUArBqZAs/elQDfZpUBaxqVAQgCmQNbppUCF5aVA
0AGmQJfYpUBN+aVA1QumQAfzpUCj9aVA6uOlQLYJpkDS4qVA0fKlQCzepUB33KVAGN+lQB77
pUDhC6ZAugumQETxpUDeGKZAeNKlQNf4pUDCBKZAuvSlQGrwpUBI3KVAG8WlQDrkpUA/8KVA
vASmQNzzpUBE8aVAJ/mlQIcmpkAI9aVAxOKlQA8PpkBCJKZADfGlQOn2pUDF76VAagymQH7x
pUCV+KVAbA+mQEEFpkBg9aVA4ROmQD/ypUCN/qVAFO+lQKQSpkDz+KVAaRemQLUUpkBZ4KVA
6BmmQHnWpUC2BaZAAe6lQOz5pUD8AKZAzQCmQPAApkDSB6ZA4valQAHnpUDH2KVAxRmmQAIo
pkDrAqZAkdOlQDztpUA4DqZAZNClQJgbpkCz9KVAg+2lQOH8pUBCFaZANAqmQDUJpkALB6ZA
XwumQKUbpkBzNKZAGCWmQCQCpkCCAaZAjh6mQBj2pUAlDaZA7B6mQCYHpkBVBKZA+velQP72
pUDf56VAjyemQBUXpkDi+qVAJQymQJzypUAWEqZASh+mQEgMpkCoB6ZAQeulQAkApkBqBqZA
WxumQH4FpkD/FaZARQ6mQCkDpkBlGqZAJBSmQDgIpkAH/aVAaxOmQOo9pkDXFqZADPWlQPgZ
pkCpIKZAbzemQJ4ipkBECqZA1v2lQDwdpkDZCqZAYPalQH0VpkAuMqZAFh2mQAUepkCp/KVA
VD2mQGYmpkA/FqZA7CymQCsepkA3J6ZAzi+mQNEbpkCM/6VAjUumQDcxpkC/J6ZAeCWmQAr3
pUABEqZA7SumQHYNpkB5K6ZA0hymQBUJpkCK1KVAlDCmQHEPpkB7J6ZASCumQH34pUAAHaZA
Rh6mQJ5EpkApMKZAwfelQHAfpkD0E6ZA5DKmQDVPpkD8IKZAUh6mQIsJpkAgH6ZAYDKmQAYq
pkAOKKZA0xumQFg6pkDwL6ZAnCGmQDclpkAVCqZAF0OmQJsypkAlJqZAbkWmQCccpkCmQqZA
tTWmQF0YpkDJJ6ZATCGmQOU1pkAhO6ZAljGmQB8npkAKLqZAEhmmQHMKpkDsJ6ZAzzimQOcr
pkDFR6ZAlSWmQL8kpkDdNqZAVhymQEsgpkBpH6ZAnDamQHIupkD2KqZATiCmQMc5pkAYE6ZA
JyymQHhIpkDaHKZA8h+mQONFpkDLKqZAKTemQCRUpkAcP6ZA4CumQChIpkBBIaZAVTemQHA4
pkAjLKZA2jimQF1apkDYQqZAOEymQAJDpkDzNaZAaE2mQBY0pkB5KqZAvRKmQPo8pkDbRaZA
ZTGmQCAupkDhRKZAti6mQJIipkCkK6ZArkSmQPEmpkDFN6ZAezSmQP0vpkBPM6ZAu0GmQOIm
pkAsQKZApjCmQGkzpkCbPaZAdjqmQC1DpkDKQqZA2z+mQHY9pkBRTqZAVD+mQGI2pkCRI6ZA
FCymQLsvpkAAS6ZALU2mQBRppkAVXKZA70amQFQ0pkBhWaZAsSKmQEwYpkAbWKZACjSmQIFb
pkDuPaZA612mQOAgpkDNVKZADFumQIM9pkA3SqZA8kemQPtSpkAsSqZAEz2mQFkkpkAZU6ZA
NmKmQMRHpkBRQKZAc2imQNw6pkAPRaZAJDemQM5kpkBlcaZAIWSmQGdCpkDnPqZA10amQMA1
pkCOWqZAek2mQL5dpkDqUqZAIUimQKY2pkCCZqZAmlamQK05pkCsdKZAhEGmQDYupkCmOaZA
skGmQHlRpkDLPKZA81KmQHBbpkBJWKZASU6mQEhIpkDgUKZA2TKmQFFmpkAeSqZA+F2mQMFy
pkChRqZA0GSmQPpQpkBKeKZAB1OmQCBCpkAlYKZAXHCmQEk7pkDwW6ZAjE+mQIo5pkBmTqZA
J1SmQP5ppkCYUqZAb0WmQLZVpkDaXaZAPzymQM1FpkCYOqZA72ymQItwpkCCWqZAf4WmQDky
pkBuTaZAVmimQExipkDuY6ZAlm6mQPNapkBMdqZA/WWmQM5bpkARa6ZAc3umQL1ipkAinaZA
+1GmQCSHpkBqWKZA0kamQC97pkDhc6ZAwkemQIR8pkAJbaZA</AssayYData></Step><Step><CommonData><SampleLocation>1</SampleLocation><SampleID>Octet Buffer</SampleID><SampleGroup></SampleGroup><SampleInfo></SampleInfo><SampleRow>K</SampleRow><SamplePlate>1</SamplePlate><WellType>BUFFER</WellType><Concentration>-1</Concentration><ConcentrationUnits>µg/ml</ConcentrationUnits><MolarConcentration>-1</MolarConcentration><MolarConcUnits>nM</MolarConcUnits><MolecularWeight>0</MolecularWeight><Temperature>30</Temperature><StartTime>6495137</StartTime><AssayTime>300</AssayTime></CommonData><FlowRate>1000</FlowRate><StepType>DISASSOC</StepType><StepName>Dissociation</StepName><StepStatus>OK</StepStatus><ActualTime>300</ActualTime><CycleTime>0.2</CycleTime><AssayXData Points="1500">QCCyRdwhskVzI7JFDSWyRaYmskVAKLJF3CmyRXUrskUNLbJFpi6yRUAwskXaMbJFczOyRQ81
skWmNrJFQjiyRdo5skV1O7JFDz2yRaY+skVCQLJF2kGyRXNDskUPRbJFpkayRUBIskXaSbJF
c0uyRQ9NskWoTrJFQlCyRdpRskVzU7JFDVWyRaZWskVCWLJF2lmyRXVbskUNXbJFpl6yRUJg
skXaYbJFdWOyRQ9lskWoZrJFQGiyRdppskV1a7JFDW2yRahuskVCcLJF2nGyRXNzskUNdbJF
pnayRUJ4skXcebJFdXuyRQ19skWofrJFQoCyRdqBskVzg7JFD4WyRaiGskVAiLJF2omyRXOL
skUNjbJFLo+yRXGQskXakbJFdZOyRQ+VskWmlrJFQJiyRdqZskVzm7JFD52yRaieskVAoLJF
3KGyRXOjskUNpbJFpqayRUKoskXaqbJFdauyRQ2tskWorrJFQLCyRdqxskV1s7JFDbWyRaa2
skVAuLJF2rmyRXW7skUNvbJFpr6yRUDAskXcwbJFc8OyRQ3FskWoxrJFQsiyRdrJskVzy7JF
Dc2yRabOskVA0LJF2tGyRXPTskUN1bJFqNayRUDYskXc2bJFc9uyRQ/dskWo3rJFQuCyRdzh
skV147JFDeWyRabmskVA6LJF2umyRXXrskUN7bJFpu6yRUDwskXc8bJFc/OyRQ/1skWm9rJF
QviyRdr5skV1+7JFDf2yRab+skVAALNF3AGzRXMDs0UNBbNFqAazRUAIs0XaCbNFdQuzRQ0N
s0WoDrNFQBCzRdoRs0V1E7NFDxWzRagWs0VCGLNF3BmzRXUbs0UNHbNFph6zRUAgs0XaIbNF
dSOzRQ8ls0WmJrNFQiizRdwps0V1K7NFDS2zRRkvs0VdMLNF2jGzRXUzs0UPNbNFpjazRUA4
s0XaObNFczuzRQ09s0WoPrNFQECzRdpBs0VzQ7NFD0WzRaZGs0VASLNF2kmzRXNLs0UPTbNF
pk6zRUBQs0XaUbNFc1OzRQ1Vs0WoVrNFQlizRdpZs0VzW7NFDV2zRahes0VAYLNF2mGzRXNj
s0UNZbNFqGazRUBos0XaabNFc2uzRQ1ts0WmbrNFQnCzRdpxs0V1c7NFD3WzRah2s0VAeLNF
2nmzRXN7s0UPfbNFpn6zRUCAs0XagbNFc4OzRQ+Fs0WmhrNFQIizRdqJs0V1i7NFDY2zRaaO
s0VAkLNF2pGzRXWTs0UPlbNFppazRUCYs0XambNFdZuzRQ+ds0WmnrNFQKCzRdqhs0V1o7NF
DaWzRaams0VCqLNF2qmzRXOrs0UPrbNFpq6zRUCws0XcsbNFc7OzRQ21s0WmtrNFQrizRdq5
s0V3u7NFDb2zRaa+s0VAwLNF2sGzRXPDs0UNxbNFNsezRXnIs0XaybNFdcuzRQ3Ns0UFz7NF
RtCzRd7Rs0Vz07NFD9WzRabWs0VC2LNF3NmzRXPbs0UN3bNFpt6zRUDgs0Xa4bNFdeOzRQ3l
s0Wm5rNFQuizRdrps0Vz67NFDe2zRajus0VA8LNF3PGzRXXzs0UN9bNFpvazRUL4s0Xc+bNF
c/uzRQ39s0Wm/rNFQgC0RdoBtEV1A7RFDQW0RaYGtEVCCLRF3Am0RXULtEUPDbRFpg60RUIQ
tEXaEbRFcxO0RQ0VtEWmFrRFQhi0RdoZtEVzG7RFDR20RaYetEVCILRF3CG0RXMjtEUNJbRF
pia0RUIotEXaKbRFcyu0RQ8ttEWmLrRFQjC0RdoxtEV1M7RFDTW0RaY2tEVEOLRF2jm0RXU7
tEUNPbRFpj60RUJAtEXaQbRFc0O0RQ9FtEWoRrRFQEi0RdxJtEVzS7RFD020RaZOtEVAULRF
3FG0RXNTtEUNVbRFpla0RUBYtEXaWbRFc1u0RQ1dtEWmXrRFQGC0RdphtEV1Y7RFDWW0Rahm
tEVAaLRF2mm0RXNrtEUPbbRFMG+0RXVwtEXacbRFdXO0RQ11tEWodrRFQHi0Rdp5tEVze7RF
DX20RaZ+tEVCgLRF2oG0RXWDtEUNhbRFpoa0RUCItEXaibRFc4u0RQ2NtEWojrRFQpC0RdqR
tEV1k7RFDZW0RaaWtEVCmLRF2pm0RXObtEUPnbRFpp60RUCgtEXaobRFdaO0RQ2ltEWoprRF
Qqi0RdqptEVzq7RFD620RaautEVAsLRF2rG0RXWztEUPtbRFqLa0RUC4tEXcubRFc7u0RQ+9
tEWmvrRFQMC0RdrBtEV1w7RFDcW0RajGtEVAyLRF2sm0RXPLtEUPzbRFqM60RUDQtEXa0bRF
ddO0RQ3VtEWo1rRFQNi0RdrZtEVz27RFD920RajetEVA4LRF2uG0RXXjtEUN5bRFpua0RUDo
tEXa6bRFc+u0RQ/ttEWm7rRFQPC0RdzxtEVz87RFDfW0Rab2tEVC+LRF3Pm0RXP7tEUP/bRF
qP60RUAAtUXcAbVFcwO1RQ8FtUWmBrVFQAi1RdwJtUV1C7VFDQ21RRsPtUVfELVF3BG1RXMT
tUUPFbVFpha1RUAYtUXaGbVFcxu1RQ0dtUWmHrVFQCC1RdwhtUV1I7VFDSW1RagmtUVCKLVF
2im1RXMrtUUPLbVFpi61RUIwtUXaMbVFczO1RQ01tUWmNrVFQDi1Rdo5tUV1O7VFDT21Rag+
tUVCQLVF3EG1RXVDtUUPRbVFpka1RUJItUXaSbVFc0u1RQ1NtUWoTrVFQFC1RdxRtUV1U7VF
DVW1RaZWtUVAWLVF2lm1RXVbtUUNXbVFqF61RUJgtUXaYbVFc2O1RQ1ltUWmZrVFQGi1Rdxp
tUVza7VFDW21RahutUVCcLVF2nG1RXNztUUNdbVFqHa1RUJ4tUXaebVFdXu1RQ19tUWmfrVF
QIC1RdqBtUVzg7VFD4W1RaaGtUVAiLVF3Im1RXOLtUUNjbVFqI61RUCQtUXakbVFdZO1RQ2V
tUWolrVFQJi1RdqZtUV1m7VFDZ21RaaetUVAoLVF3KG1RXOjtUUNpbVFpqa1ReKotUUlqrVF
c6u1RQ+ttUUHr7VFTLC1RdqxtUVzs7VFD7W1Raa2tUVCuLVF2rm1RXW7tUUPvbVFqL61RUDA
tUXcwbVFc8O1RQ/FtUWoxrVFQMi1RdrJtUVzy7VFDc21RajOtUVA0LVF2tG1RXPTtUUP1bVF
qNa1RUDYtUXc2bVFc9u1RQ3dtUWo3rVFQOC1RdrhtUVz47VFD+W1RabmtUVC6LVF2um1RXPr
tUUP7bVFqO61RUDwtUXa8bVFc/O1RQ31tUWm9rVFQPi1Rdr5tUV1+7VFDf21Rab+tUVCALZF
2gG2RXMDtkUPBbZFqAa2RUIItkXaCbZFcwu2RQ8NtkWoDrZFQBC2RdwRtkV1E7ZFDRW2RaYW
tkVAGLZF2hm2RXUbtkUNHbZFph62RUIgtkXaIbZFdSO2RQ0ltkWoJrZFQCi2RdoptkVzK7ZF
DS22RaYutkVAMLZF2jG2RXMztkUPNbZFqDa2RUA4tkXaObZFczu2RQ89tkWmPrZFQEC2RdpB
tkVzQ7ZFDUW2RaZGtkVCSLZF3Em2RXVLtkUPTbZFE0+2RVdQtkXaUbZFdVO2RQ1VtkWmVrZF
QFi2RdpZtkVzW7ZFDV22RahetkVAYLZF2mG2RXVjtkUNZbZFqGa2RUBotkXcabZFc2u2RQ9t
tkWmbrZFQnC2RdpxtkVzc7ZFDXW2RaZ2tkVAeLZF2nm2RXV7tkUNfbZFpn62RUKAtkXagbZF
c4O2RQ+FtkWohrZFQIi2RdqJtkVzi7ZFDY22RaaOtkVAkLZF2pG2RXOTtkUPlbZFqJa2RUCY
tkXambZFc5u2RQ+dtkWonrZFQKC2RdqhtkV1o7ZFDaW2RaamtkVEqLZF2qm2RXWrtkUNrbZF
pq62RUKwtkXasbZFc7O2RQ21tkWmtrZFQLi2Rdq5tkV1u7ZFDb22Raa+tkVCwLZF2sG2RXXD
tkUNxbZFpsa2RULItkXcybZFdcu2RQ/NtkWozrZFQtC2RdrRtkVz07ZFD9W2RabWtkVC2LZF
2tm2RXPbtkUN3bZFpt62RUDgtkXa4bZFc+O2RQ3ltkWm5rZFQui2RdrptkVz67ZFDe22RUDv
tkWE8LZF2vG2RXPztkUP9bZFqPa2RUD4tkXa+bZFdfu2RQ/9tkWo/rZFQAC3RdoBt0VzA7dF
DwW3RaYGt0VCCLdF2gm3RXMLt0UPDbdFqA63RUAQt0XcEbdFcxO3RQ8Vt0WoFrdFQBi3RdoZ
t0V1G7dFDR23RaYet0VAILdF3CG3RXMjt0UPJbdFqCa3RUAot0XcKbdFdSu3RQ8tt0WoLrdF
QDC3Rdwxt0VzM7dFDTW3Rag2t0VCOLdF3Dm3RXM7t0UPPbdFpj63RUBAt0XcQbdFdUO3RQ9F
t0WmRrdFQEi3RdpJt0VzS7dFD023RaZOt0VAULdF2lG3RXVTt0UNVbdFqFa3RUBYt0XaWbdF
c1u3RQ1dt0WmXrdFQmC3Rdpht0VzY7dFD2W3Rahmt0VAaLdF3Gm3RXVrt0UNbbdFpm63RUJw
t0XccbdFdXO3RQ91t0WmdrdFQHi3Rdp5t0Vze7dFD323RaZ+t0VAgLdF2oG3RXWDt0UNhbdF
poa3RUCIt0VOirdFkou3RQ+Nt0Upj7dFb5C3RdyRt0V1k7dFDZW3RaaWt0VAmLdF2pm3RXWb
t0UNnbdFpp63RUKgt0XaobdFdaO3RQ+lt0WmprdFQKi3Rdypt0Vzq7dFD623Raaut0VAsLdF
2rG3RXOzt0UNtbdFpra3RUK4t0XcubdFc7u3RQ29t0WmvrdFQMC3RdzBt0Vzw7dFD8W3RajG
t0VAyLdF3Mm3RXPLt0UNzbdFps63RUDQt0Xa0bdFc9O3RQ/Vt0Wo1rdFQNi3RdrZt0V127dF
Dd23Rabet0VA4LdF3uG3RXPjt0UN5bdFqOa3RUDot0Xc6bdFc+u3RQ3tt0Wm7rdFQPC3Rdzx
t0Vz87dFD/W3Raj2t0VC+LdF3Pm3RXP7t0UP/bdFpv63RUAAuEXaAbhFcwO4RQ0FuEWmBrhF
QAi4RdoJuEVzC7hFDQ24RaYOuEVCELhF3BG4RXMTuEUNFbhFpha4RUIYuEXaGbhFdRu4RQ0d
uEWmHrhFQiC4RdwhuEVzI7hFDSW4RaYmuEVCKLhF2im4RXMruEUNLbhFFS+4RVkwuEXaMbhF
dTO4RQ81uEWoNrhFQDi4Rdw5uEVzO7hFDT24RaY+uEVCQLhF2kG4RXNDuEUNRbhFqEa4RUBI
uEXcSbhFc0u4RQ1NuEWoTrhFQFC4RdxRuEV1U7hFDVW4RaZWuEVAWLhF2lm4RXNbuEUNXbhF
pl64RUJguEXaYbhFdWO4RQ1luEWoZrhFQmi4RdppuEV1a7hFDW24RaZuuEVCcLhF3HG4RXVz
uEUNdbhFqHa4RUB4uEXaebhFc3u4RQ99uEWofrhFQIC4RdqBuEVzg7hFD4W4RaaGuEVCiLhF
3Im4RXOLuEUNjbhFpo64RUCQuEXakbhFc5O4RQ2VuEWmlrhFQJi4RdqZuEVzm7hFDZ24Raie
uEVAoLhF2qG4RXWjuEUNpbhFpqa4RUKouEXaqbhFdau4RQ+tuEWmrrhFQLC4RdyxuEVzs7hF
DbW4Rai2uEVCuLhF2rm4RXW7uEUNvbhFpr64RULAuEXcwbhFc8O4RQ3FuEWoxrhFQMi4RdrJ
uEVzy7hFDc24RSHPuEVl0LhF2tG4RXPTuEUN1bhFpta4RUDYuEXa2bhFc9u4RQ3duEWo3rhF
QOC4RdrhuEVz47hFDeW4RajmuEVA6LhF3Om4RXPruEUN7bhFpu64RUDwuEXa8bhFc/O4RQ/1
uEWm9rhFQPi4Rdr5uEVz+7hFD/24Rab+uEVCALlF3AG5RXUDuUUPBblFpga5RUAIuUXeCblF
cwu5RQ0NuUWmDrlFQhC5RdoRuUVzE7lFDRW5RaYWuUVAGLlF2hm5RXUbuUUNHblFph65RUAg
uUXaIblFcyO5RQ8luUWoJrlFQCi5RdopuUV1K7lFDy25RaguuUVCMLlF2jG5RXMzuUUNNblF
pja5RUA4uUXcOblFczu5RQ09uUWmPrlFQEC5RdpBuUVzQ7lFDUW5RaZGuUVASLlF2km5RXNL
uUUNTblFpk65RUBQuUXaUblFc1O5RQ1VuUWoVrlFQFi5RdxZuUVzW7lFDV25RaheuUVAYLlF
3GG5RXNjuUUNZblFpma5RUJouUXcablFuWu5RQ1tuUUub7lFcXC5RdxxuUVzc7lFDXW5Rah2
uUVAeLlF3Hm5RXN7uUUNfblFpn65RUKAuUXagblFc4O5RQ2FuUWohrlFQIi5RdqJuUVzi7lF
DY25RaaOuUVCkLlF2pG5RXOTuUUPlblFppa5RUCYuUXamblFdZu5RQ2duUWonrlFQKC5Rdqh
uUVzo7lFD6W5RaamuUVAqLlF3Km5RXOruUUPrblFqK65RUCwuUXasblFc7O5RQ+1uUWmtrlF
QLi5Rdq5uUV1u7lFDb25Raa+uUVCwLlF3MG5RXPDuUUNxblFpsa5RULIuUXcyblFdcu5RQ3N
uUWmzrlFQtC5RdzRuUV107lFD9W5RabWuUVA2LlF3Nm5RXXbuUUN3blFpt65RUDguUXc4blF
c+O5RQ3luUWo5rlFQui5RdrpuUVz67lFDe25RajuuUVE8LlF2vG5RXfzuUUN9blFqPa5RUD4
uUXc+blFdfu5RQ39uUWm/rlFQgC6RdoBukVzA7pFDQW6RagGukVCCLpF2gm6RXMLukUNDbpF
+A66RUIQukXaEbpFcxO6RQ0VukWmFrpFQhi6RdoZukVzG7pFDR26RaYeukVAILpF3CG6RXUj
ukUNJbpFqCa6RUIoukXcKbpFcyu6RQ0tukWoLrpFQDC6RdoxukVzM7pFDTW6Rag2ukVAOLpF
3Dm6RXM7ukUNPbpFqD66RUBAukXaQbpFc0O6RQ1FukWoRrpFQEi6RdxJukV1S7pFD026RahO
ukVCULpF3FG6RXNTukUNVbpFpla6RUJYukXcWbpFc1u6RQ9dukWmXrpFQGC6RdphukVzY7pF
DWW6RaZmukVAaLpF2mm6RXNrukUNbbpFpm66RUBwukXccbpFc3O6RQ91ukWmdrpFQni6Rdx5
ukVze7pFDX26RaZ+ukVAgLpF2oG6RXODukUNhbpFpoa6RUSIukXaibpFc4u6RQ+NukWojrpF
QJC6RdqRukVzk7pFDZW6RaaWukVCmLpF2pm6RXWbukUNnbpFqJ66RUCgukXaobpFc6O6RQ+l
ukWmprpFQKi6RdypukVzq7pFDa26RSWvukVrsLpF3LG6RXOzukUNtbpFpra6RUC4ukXcubpF
c7u6RQ29ukWovrpFQsC6RdrBukVzw7pFDcW6RabGukVAyLpF2sm6RXPLukUNzbpFps66RULQ
ukXa0bpFc9O6RQ3VukWm1rpFQti6RdzZukV127pFDd26RajeukVA4LpF2uG6RXPjukUN5bpF
pua6RULoukXa6bpFc+u6RQ/tukWm7rpFQPC6RdrxukVz87pFD/W6Rab2ukVA+LpF2vm6RXP7
ukUP/bpFpv66RUIAu0XaAbtFcwO7RQ0Fu0WmBrtFQAi7RdwJu0V1C7tFDw27RaYOu0VAELtF
2hG7RXUTu0UNFbtFpha7RUAYu0XaGbtFdRu7RQ8du0WoHrtFQiC7Rdohu0VzI7tFDSW7RaYm
u0VAKLtF2im7RXMru0UNLbtFqC67RUAwu0XaMbtFdTO7RQ01u0WmNrtFQDi7Rdo5u0VzO7tF
DT27Rag+u0VAQLtF3EG7RXNDu0UPRbtFpka7RUJIu0XaSbtFdUu7RSVNu0UyT7tFdVC7RdxR
u0VzU7tFDVW7RaZWu0VAWLtF2lm7RXNbu0UPXbtFqF67RUBgu0XcYbtFdWO7RQ1lu0WmZrtF
QGi7Rdppu0Vza7tFDW27RaZuu0VCcLtF3HG7RXVzu0UNdbtFpna7RUB4u0XaebtFc3u7RQ99
u0WmfrtF</AssayXData><AssayYData Points="1500">WnqlQK3HpUC4yKVARMGlQMzQpUDdyaVANu2lQEbJpUAN1aVAxAWmQAL9pUBS36VAxu6lQCvz
pUCH3qVASt6lQJsFpkCrDKZAN/+lQKULpkBh+6VAn+ylQJXzpUBY4qVAbjOmQIsHpkBDBqZA
qyGmQDIIpkBD/aVAYA6mQAMHpkD0C6ZADQ2mQPoapkApAaZAABimQJ8QpkA67qVA9R2mQA0d
pkAvJaZASCCmQP8cpkCkLKZAQQGmQNU1pkDdJ6ZA9RimQFP6pUAcCKZALg6mQLIVpkBsJaZA
gC6mQKQgpkCUDqZASyKmQNwupkDyF6ZA2z2mQNw1pkCPEqZAggKmQCsLpkDrBKZAgA+mQJQ9
pkDMJqZAuySmQAEipkDDP6ZABR2mQHdGpkAUI6ZAdwemQHIxpkCPKaZAjy+mQO0DpkAJMKZA
mRGmQO4OpkAEF6ZA6yimQKMepkBNNqZA7jCmQJ8ypkBqEaZATS2mQHompkDvJqZABBmmQFA+
pkCxL6ZAUSumQJAspkBADqZAwSOmQAQppkC8Q6ZAEB6mQC8vpkAUF6ZAsxSmQJ8MpkDmJ6ZA
ugimQCswpkAIMqZADSumQEEGpkDkNqZApiOmQJ8opkC8K6ZAVyymQMNRpkCHJaZAfwimQAgb
pkAUQ6ZA9xmmQPo7pkCqOKZAKzimQNMOpkCJMqZAPCSmQDY+pkAHN6ZA1EmmQKohpkCeOKZA
wEOmQB4bpkAvQaZAvjemQNcypkCEN6ZAYT+mQKJNpkAwHaZAvE+mQHxkpkCHT6ZA0DKmQDlX
pkApO6ZAYEmmQAs4pkCJQaZAmUimQDhMpkCpLqZA70SmQOcnpkADSaZAkEWmQBVApkAJQKZA
LU6mQItZpkDISKZA6SumQOpQpkAQQ6ZAcDqmQLoupkCsTKZAxGKmQMszpkBoRKZAD3OmQJ9K
pkC9c6ZAbBqmQI8+pkAqc6ZA9UemQP0wpkDMN6ZAMkSmQEVipkCJWqZARFKmQGghpkAXUqZA
JEmmQFw3pkA3UqZAYESmQL0ypkB3aqZAAlCmQNhHpkB5XKZAImGmQGBhpkDMP6ZA1lqmQABp
pkABRaZA1lumQMx2pkDgK6ZAKk6mQFJMpkDkQ6ZA/XamQCJmpkCBXKZAajmmQNRrpkB9UqZA
uG2mQK6BpkBpYaZAmlCmQPpXpkALZaZAmEymQLY6pkDYYKZA2TWmQFRQpkDWXaZA00mmQM1a
pkBmYKZAOzemQNlrpkDHV6ZAX1KmQCVApkB3LaZA2TymQBBIpkCka6ZAk2imQIU1pkDiSaZA
MkmmQBhbpkA5S6ZAwFumQJRppkApUKZA6memQMU+pkCTdKZAdTemQCBNpkCSV6ZAHGWmQIyB
pkBDRaZAXFCmQP01pkAYTKZAvT6mQJFTpkBMW6ZASkmmQEFWpkAeUqZAWWOmQL10pkD9WaZA
ukWmQCVwpkC9f6ZATlemQB1PpkD0TqZA1T+mQNl8pkBNT6ZATHGmQD01pkASe6ZASmKmQMZM
pkCvbaZA6XKmQKNdpkDYg6ZA1H6mQB9mpkDhgKZAuWCmQHZLpkA2YaZAJWumQEVgpkCfcqZA
pHCmQDxlpkAyfKZAzn+mQBxipkCMY6ZAL2umQP1YpkAGiaZAxFumQGlcpkBKcKZA6mSmQHFt
pkCSbqZA6X2mQGhspkCvbaZA9GGmQEVlpkBJf6ZAq4GmQMmPpkCtcaZA4WWmQHtopkBDi6ZA
plqmQG2GpkBye6ZASWGmQCdSpkBGiaZAilimQBF1pkBOZaZA6YGmQIxlpkBacqZAJ2mmQBJU
pkC4eaZAEGqmQLl/pkC3cqZAc4imQGaBpkClfaZACYumQAZ0pkBzZ6ZAFoKmQAtgpkB8a6ZA
rWamQFePpkCTcqZAyoKmQOeJpkB+baZADHumQK1xpkCuaKZARZqmQLRrpkDecqZAfHemQJST
pkDib6ZAimumQL98pkCZaqZAZ6CmQDd3pkBYd6ZAyI2mQIBzpkCIbaZAmXmmQEZ2pkDqa6ZA
L5OmQDdtpkCbkaZAeYSmQAJwpkCNlKZAKoumQGGMpkA3gaZAYGmmQDNspkCRiaZAsaamQIh/
pkAYgKZA3p2mQM13pkBKfqZAFIOmQK6CpkAtgqZAjKKmQCJwpkAygqZASI2mQD5gpkDgdaZA
qoemQDuBpkCMmaZAXXemQDp4pkBShKZA9ZimQKV9pkDue6ZAEJOmQJqfpkAUj6ZAw2mmQONz
pkA4naZA3YWmQO1wpkC5h6ZAN1qmQBSDpkA/dKZABI+mQCmapkB3ZqZAQnWmQB9fpkAFqKZA
CJumQKyXpkBygqZAwoemQOaQpkDHnqZAfoGmQLVrpkCrj6ZAl6SmQOuTpkDqoKZAdICmQK+i
pkDUc6ZA+bGmQAh6pkA6paZAzXumQESspkAcj6ZA+aOmQImLpkA4h6ZAhIGmQL+qpkASlaZA
A5imQFWtpkB0Y6ZATYSmQEGkpkAvoKZAaY2mQEiipkBPgaZAg6imQMqZpkD6gKZA3nqmQKyg
pkB+maZArHWmQLm+pkC5paZAGaemQBOTpkC5maZAi46mQOiVpkBCiaZAwoqmQIOEpkAQtaZA
TK6mQMeVpkAgjqZAlYWmQKCcpkBXpaZAAsCmQLGcpkDupKZAfaGmQLCIpkAItaZAObKmQMmx
pkCEpKZASJOmQKfFpkAGvKZA2I+mQHCxpkAKpqZAwJqmQG2jpkAolaZAg66mQMOepkCUrqZA
o5+mQBaTpkACn6ZAe5+mQIexpkDUsaZAU6WmQHampkAlnaZA6KGmQFy5pkAwwKZA+rCmQPvO
pkDQgqZAVsSmQCHApkCrtqZAe4mmQHG3pkCQt6ZAea6mQDyhpkCBrKZAnp+mQMOspkBft6ZA
ecOmQLyXpkBgs6ZA6KumQIKqpkAE2aZATrWmQIe9pkA9saZAq6ymQACdpkAGv6ZAgLemQB+h
pkDzsaZAh6umQGuzpkDxuKZAK8umQAHCpkAkxKZA8LmmQIbEpkDzpKZAObmmQKykpkBexqZA
eLimQDHApkAvy6ZAYcSmQBnlpkCD16ZAa6emQGDQpkC8rKZAI6CmQLbspkCnw6ZAzbWmQHvY
pkCgv6ZAl5mmQMXNpkCWsqZAGJ6mQCi/pkCTzaZA16emQGeapkDLtaZA5LSmQFvYpkBm0KZA
ubOmQEOmpkAB3aZAT6GmQMGxpkBk5KZAvLSmQITCpkBSq6ZAIdWmQMSbpkDR4aZAqdamQBPZ
pkAauaZAYt+mQEvopkD8uaZAcr+mQCnBpkCDu6ZAYMSmQM7BpkAKpKZA2cCmQM/dpkC4yKZA
q8CmQPvdpkA7xaZAg7KmQOnApkC5vKZAd9emQJetpkBE0aZAE7WmQCDXpkBRp6ZASMimQJ/j
pkBp4aZAtcumQEbXpkBc9aZA46umQNv4pkDt0aZAz82mQPvNpkCTwaZAUMGmQLnQpkCMzqZA
7cKmQMDBpkDEx6ZAlbWmQPq1pkAo26ZArMmmQPawpkBY66ZAUfumQNngpkD136ZAqL+mQPXa
pkAnwaZAA9amQIDZpkB2xKZAbMymQEHYpkCazKZAjLOmQESxpkCnuaZApdWmQG4Ap0CNyqZA
Or6mQGzTpkAWwaZAte+mQCzmpkC+zqZA9KKmQHjipkAf06ZAm8ymQPnfpkBf1KZABNmmQFS3
pkBV7qZAYMemQD2npkCXvqZAVMSmQFevpkDt46ZALcamQAS2pkDA3KZAoNSmQPi5pkDPAKdA
cNamQB/fpkDp8qZAKeumQJ3mpkBS66ZAENmmQPW/pkB136ZA7OqmQJjlpkCdvaZAPNSmQKyw
pkBGzqZAbK6mQPbzpkAI5KZAf+GmQDjjpkAF86ZAldymQGzWpkCIpaZAgdimQAXVpkBJ5qZA
7tSmQCzZpkCb9KZAg9SmQG3EpkBd5KZAUuWmQN3NpkACwaZA1cymQKHopkCx5qZAxr6mQIzQ
pkD04qZARfWmQLPjpkDmzaZA/fumQEzfpkBG8qZAX/amQMGypkD75KZAVNimQOTlpkBA4qZA
vvimQGT4pkC+56ZAjAunQCXopkAtzqZAwg+nQCzrpkAR86ZAMeumQLnQpkDE+qZA5OimQH/x
pkARyKZAgLimQHvepkByxKZA7P6mQNbtpkBh26ZA2N6mQKoDp0BK06ZAhdimQIvmpkA2CadA
ffWmQE3apkA08qZA3t2mQCf9pkAt8qZAicymQCv4pkDQ5KZA4N2mQPfmpkDn5qZAZOymQCna
pkDrz6ZAOPSmQGHypkBdC6dANvqmQD7jpkBs86ZAcfWmQEjfpkDCAKdAugynQPjZpkDVF6dA
jwqnQB7XpkBw86ZAjBGnQPTWpkDx06ZAlBmnQMTnpkAEvqZA4O+mQHn2pkCn/6ZAc9mmQOsH
p0BY46ZAmvSmQFoJp0D/CqdAzv2mQNMbp0Bh4qZArOCmQK0Fp0Au+aZAN+emQFEIp0AwG6dA
hAOnQNj+pkBN/6ZAoNKmQGIcp0AfAqdA3famQDcXp0DoBadAVwOnQIHdpkCpGKdAt+umQO4k
p0BdFqdA3yKnQBQJp0Ch/KZAOO6mQAoAp0A69KZARQ2nQCjFpkCz46ZAaBinQPEEp0AL56ZA
Qh2nQNAVp0A3AqdAtgOnQG7qpkCx7KZAff2mQIv1pkCeGqdA9SqnQDIDp0BJB6dAUf2mQHsj
p0CEHadAVPemQNgVp0AvHadANe6mQG75pkA08KZAdwmnQCsPp0D6/aZAnf+mQDMip0CqBqdA
5xKnQNf+pkC5EadAkRenQD0Kp0BnJqdAWt2mQCkQp0ClEqdAdOamQAENp0DqE6dAuQOnQKPy
pkAxNadANyCnQEYNp0C0/KZA8i+nQOICp0DlFadARCKnQLERp0DSM6dA0UGnQNUBp0AAD6dA
QSSnQHMhp0DI76ZADi6nQIU7p0BQIKdA1TinQFlHp0Ap56ZAUTGnQMP7pkCTBKdAQP6mQNMb
p0BxM6dAVB+nQDIgp0BSE6dAdhKnQCk1p0ASIKdAFvemQAMTp0BXKadAp/SmQLomp0AUFKdA
oB6nQN3cpkAuNKdAiymnQEEUp0ALIadAnySnQF8Up0BqDqdAQB2nQGYMp0BZKqdAVQmnQFEh
p0CtM6dAz0WnQBv7pkAhIadAczenQPH9pkAcBadAqAinQOEop0BRSadAhBOnQBYep0Bx/6ZA
ShunQP4ep0DSCqdA1R2nQI4Sp0BcOadAhPqmQAY1p0DH9aZARBWnQBoqp0DUFqdA8TunQAkq
p0B7OKdALfSmQMUnp0CoDadAyiKnQOscp0BeRadAzSanQAcwp0DmP6dA0kCnQLUOp0Df+aZA
shKnQIwAp0CqNqdA3henQDQgp0B9DqdAYxanQGA7p0C8PadAfRqnQLcEp0DwKKdA5g2nQM4q
p0CYLadAtiunQFgmp0ChAadATRWnQKcap0BtF6dAiiqnQLE7p0DrIqdAnjSnQIcMp0CQD6dA
nzSnQKwtp0B2/qZACT6nQIA9p0AFJ6dAaTWnQFwup0D7DKdA9hynQOIcp0D4KKdAUTGnQMA8
p0CkRqdA8g6nQLRVp0D2D6dAv0CnQKEdp0AUL6dAlC2nQFUcp0ASSKdA4hynQL5Bp0AFNqdA
szWnQPo+p0DmNqdAWQ6nQDYop0A2HKdAODOnQI0Up0ChEqdAkSWnQJEhp0CGGKdARkqnQC8Z
p0CcHadA1yynQD9Jp0CZLadAwlunQPEnp0BgLadAiUGnQBMpp0BGJ6dA9SCnQMNDp0DHQ6dA
AginQBg1p0DJQadAiT2nQHVNp0B4IKdAkySnQLgmp0CGLKdArzWnQPBcp0CoN6dAKhmnQPVp
p0BRNKdAGiinQJNAp0BvWadACzCnQOcwp0CoT6dAKTqnQHIep0A+TadADm2nQPszp0CsNKdA
lCenQGc6p0B+KqdAczanQFhdp0COOKdAj1GnQCU6p0AaO6dACCSnQL4Rp0CjLKdASzSnQGND
p0DBUKdAwFinQFtUp0CXUqdAK1KnQF5Sp0DrNKdAFxinQNU5p0AxJKdAYlSnQFBWp0AJQ6dA
DESnQP9Cp0CoRqdATl2nQFdRp0A5R6dArjWnQFFNp0B+YqdAZCqnQPV4p0AlTKdAEgmnQBxL
p0DuUadAwzinQINJp0DqaKdATkinQNIip0BnhqdAIEynQGFDp0DkUqdA5mKnQE1Zp0BRbqdA
BFSnQAM3p0D0JKdAmESnQCUsp0CbW6dAyUunQCF9p0BeRqdAAjKnQOAwp0A9QadAv0anQOlV
p0AWYqdAzVunQNtFp0BoXqdAQXanQBxFp0DAHKdAkVenQEg5p0CtW6dA3EenQBtAp0CvWKdA
uy6nQNZvp0BYT6dA3T+nQCJ5p0BoV6dAGT6nQCpIp0AUZqdAY0enQFJfp0DlbKdAY2OnQNVY
p0AMXKdAAVWnQJNip0D8R6dAkXynQJZGp0AIY6dAUV2nQFc+p0AuYadAmmCnQAVqp0CPcadA
BT+nQBp5p0DmaKdAZW6nQNwqp0DScKdA7n2nQEFjp0BrY6dAS2enQBlfp0AYbKdAvlinQL9s
p0DkRadAE16nQFFep0BAXadAnlWnQM5pp0BlRKdATmWnQMRyp0CUTadAPnunQP9up0ACbadA
OV6nQBtvp0DcS6dAAHanQHpJp0BeV6dAEminQMppp0AkXKdATWWnQPZMp0CDbqdAJVSnQBJh
p0DGcKdAPl2nQLpjp0AOfadAp2+nQLlRp0A0eqdAnHSnQHZZp0DJfadAimmnQIF4p0AOPadA
FF2nQKVxp0APS6dASXmnQFdrp0C2VqdAnG6nQMJ0p0Bcg6dAY32nQPxbp0DbP6dAyWqnQIWc
p0AvVqdAj4ynQFJ2p0B7T6dAiYmnQNNMp0BbgKdAM4enQEeTp0Dtf6dA72mnQPmTp0AJcqdA
m0enQB2np0BNaqdAiFKnQA1gp0BXa6dAWIGnQBxup0BWj6dAvlWnQIZQp0CKmqdAe1anQDyA
p0Aqh6dA0UanQF5dp0CMaqdAuXanQExWp0A+aqdAKmOnQAVTp0Bcb6dAEY2nQG97p0DNjadA
UmGnQFJ4p0DSeqdAoG6nQHxTp0AVdadAMVinQApvp0Bha6dAo1ynQLmQp0B3aadA9oGnQNyJ
p0Bkl6dAKX2nQCCFp0AlTadAb3qnQKNyp0BYXadA42ynQOZgp0DSeKdAkomnQD1lp0D8kqdA
dnCnQOVtp0AqhqdAblinQOlwp0A5kadAVY2nQM9/p0C8f6dAhn6nQCt6p0C2oadA6m6nQO5l
p0DdeadAmnKnQBZxp0BXcqdA/cOnQPp7p0BLeadAEHmnQGdwp0C9iadAv4unQJtvp0DpjadA
CHenQGhnp0BbeadA8JCnQJBup0AimqdAzI6nQKqPp0A2dqdANV6nQPGDp0A6aKdAdH6nQARx
p0AQj6dAwX6nQO2Kp0Ddc6dADGanQASAp0DJgKdAeI2nQF6Fp0CToadA7ICnQMmbp0BImKdA
L2inQF6Kp0A4bqdAZVSnQCpzp0AKqKdALJunQJR/p0AFjKdABnanQJ6Wp0AeeKdALIOnQKeJ
p0DTiKdA4ZSnQAiKp0CMpKdADZanQMGQp0A9ladATWOnQOV/p0BlmKdAMWynQPd9p0AUhadA
5Y+nQKZ2p0ChdadAIomnQJxip0BId6dAHMKnQEW1p0CzlKdA8ZanQGiop0A6lKdARainQIud
p0Dck6dAB5inQG+pp0AjiqdAEY2nQH18p0B+u6dAZ5anQIC5p0BNcKdA8HOnQBCep0DafadA
S42nQLCdp0BEh6dA/p2nQNeXp0B8q6dAgqKnQKp3p0ACladAmYqnQHx6p0ANrqdAJ6unQJ2A
p0C0nadAgZ2nQGnHp0ArnadAapenQJShp0D9w6dAGranQE6Bp0BTk6dA4ainQLWsp0BOhqdA
jIWnQA6dp0A+iqdAEZenQNWJp0CNnadAfY6nQCSep0AMt6dA6pCnQCaXp0BPl6dAzKCnQLCd
p0ARkKdA</AssayYData></Step><Step><CommonData><SampleLocation>5</SampleLocation><SampleID>Glycine</SampleID><SampleGroup></SampleGroup><SampleInfo></SampleInfo><SampleRow>L</SampleRow><SamplePlate>1</SamplePlate><WellType>REGENERATION</WellType><Concentration>-1</Concentration><ConcentrationUnits>µg/ml</ConcentrationUnits><MolarConcentration>-1</MolarConcentration><MolarConcUnits>nM</MolarConcUnits><MolecularWeight>0</MolecularWeight><Temperature>30</Temperature><StartTime>6804189</StartTime><AssayTime>5</AssayTime></CommonData><FlowRate>1000</FlowRate><StepType>KREGENERATION</StepType><StepName>Regeneration</StepName><StepStatus>OK</StepStatus><ActualTime>5.00078</ActualTime><CycleTime>0.2</CycleTime><AssayXData Points="25">QIC7RdqBu0V1g7tFD4W7RaaGu0VAiLtF3om7RXOLu0UNjbtFpo67RUKQu0XakbtFc5O7RQ+V
u0WmlrtFQpi7RdqZu0V1m7tFDZ27Raieu0VAoLtF2qG7RXOju0UNpbtFqKa7RQ==</AssayXData><AssayYData Points="25">2S3TP5mVxz9C+cI/a3m/P3Dpuz9wvbk/njO3P/l2tD9B2rE/ZbSuPzrBrD+Yh6k/vNynP6w6
pT/2Q6Q/4dKiP3xmoD/h9Z4/t0OdPzeNmz+HbJo/uKKYPyEkmD+9rpY/gtWVPw==</AssayYData></Step><Step><CommonData><SampleLocation>6</SampleLocation><SampleID>PBS</SampleID><SampleGroup></SampleGroup><SampleInfo></SampleInfo><SampleRow>L</SampleRow><SamplePlate>1</SamplePlate><WellType>NEUTRALIZATION</WellType><Concentration>-1</Concentration><ConcentrationUnits>µg/ml</ConcentrationUnits><MolarConcentration>-1</MolarConcentration><MolarConcUnits>nM</MolarConcUnits><MolecularWeight>0</MolecularWeight><Temperature>30</Temperature><StartTime>6817286</StartTime><AssayTime>5</AssayTime></CommonData><FlowRate>1000</FlowRate><StepType>KREGENERATION</StepType><StepName>Regeneration</StepName><StepStatus>OK</StepStatus><ActualTime>4.9998</ActualTime><CycleTime>0.2</CycleTime><AssayXData Points="25">Qqi7Rdypu0V1q7tFD627Raiuu0VCsLtF3LG7RXWzu0URtbtFqra7RUS4u0XeubtFdbu7RRG9
u0WqvrtFQsC7RdzBu0V1w7tFD8W7RajGu0VCyLtF3sm7RXfLu0UPzbtFqM67RQ==</AssayXData><AssayYData Points="25">V7aWQMBtl0Av3ZdAKCmYQH6nmEDo8JhALDiZQEpEmUCXeZlAi8GZQI/VmUB8C5pA8eyZQIFQ
mkBYaZpAaHmaQH+TmkBXm5pAorGaQJezmkDmvJpAsvOaQOHxmkAZDptAviybQA==</AssayYData></Step><Step><CommonData><SampleLocation>5</SampleLocation><SampleID>Glycine</SampleID><SampleGroup></SampleGroup><SampleInfo></SampleInfo><SampleRow>L</SampleRow><SamplePlate>1</SamplePlate><WellType>REGENERATION</WellType><Concentration>-1</Concentration><ConcentrationUnits>µg/ml</ConcentrationUnits><MolarConcentration>-1</MolarConcentration><MolarConcUnits>nM</MolarConcUnits><MolecularWeight>0</MolecularWeight><Temperature>30</Temperature><StartTime>6830375</StartTime><AssayTime>5</AssayTime></CommonData><FlowRate>1000</FlowRate><StepType>KREGENERATION</StepType><StepName>Regeneration</StepName><StepStatus>OK</StepStatus><ActualTime>4.9998</ActualTime><CycleTime>0.2</CycleTime><AssayXData Points="25">QtC7RdzRu0V107tFD9W7RajWu0VE2LtF3Nm7RXXbu0UP3btFqN67RULgu0Xc4btFd+O7RQ/l
u0Wq5rtFQui7Rdzpu0V367tFD+27Rajuu0VC8LtF3PG7RXXzu0UR9btFqPa7RQ==</AssayXData><AssayYData Points="25">eY2xP61YqD+wuqI/CKafPzCLnD9ZeZo/UMeYP4mMlj8TUJU/yC+UP0U4kz+o35E/IjSRPzvH
jz+nMJA/23COP2mUjT/7GI0/i9KMP6mHiz8BOYs/b92KP6b+iT+Ljok/4iiJPw==</AssayYData></Step><Step><CommonData><SampleLocation>6</SampleLocation><SampleID>PBS</SampleID><SampleGroup></SampleGroup><SampleInfo></SampleInfo><SampleRow>L</SampleRow><SamplePlate>1</SamplePlate><WellType>NEUTRALIZATION</WellType><Concentration>-1</Concentration><ConcentrationUnits>µg/ml</ConcentrationUnits><MolarConcentration>-1</MolarConcentration><MolarConcUnits>nM</MolarConcUnits><MolecularWeight>0</MolecularWeight><Temperature>30</Temperature><StartTime>6843471</StartTime><AssayTime>5</AssayTime></CommonData><FlowRate>1000</FlowRate><StepType>KREGENERATION</StepType><StepName>Regeneration</StepName><StepStatus>OK</StepStatus><ActualTime>5.00078</ActualTime><CycleTime>0.2</CycleTime><AssayXData Points="25">Qvi7Rdz5u0V1+7tFD/27Raj+u0VCALxF3AG8RXUDvEUPBbxFqAa8RUQIvEXeCbxFdQu8RQ8N
vEWoDrxFRBC8Rd4RvEV1E7xFExW8RagWvEVCGLxF3Bm8RXUbvEUPHbxFqh68RQ==</AssayXData><AssayYData Points="25">OU6WQE34lkAphZdAUd2XQPEqmEAMm5hAvbmYQNcFmUBcSplAR1mZQMl+mUCHjJlAtcuZQFT1
mUBg8plAwh2aQJotmkBvV5pAZoiaQDx3mkC3eppAUaaaQFbImkBH6JpArN+aQA==</AssayYData></Step><Step><CommonData><SampleLocation>5</SampleLocation><SampleID>Glycine</SampleID><SampleGroup></SampleGroup><SampleInfo></SampleInfo><SampleRow>L</SampleRow><SamplePlate>1</SamplePlate><WellType>REGENERATION</WellType><Concentration>-1</Concentration><ConcentrationUnits>µg/ml</ConcentrationUnits><MolarConcentration>-1</MolarConcentration><MolarConcUnits>nM</MolarConcUnits><MolecularWeight>0</MolecularWeight><Temperature>30</Temperature><StartTime>6856553</StartTime><AssayTime>5</AssayTime></CommonData><FlowRate>1000</FlowRate><StepType>KREGENERATION</StepType><StepName>Regeneration</StepName><StepStatus>OK</StepStatus><ActualTime>5.00078</ActualTime><CycleTime>0.2</CycleTime><AssayXData Points="25">RCC8Rd4hvEV5I7xFEyW8RaomvEVGKLxF4Cm8RXcrvEUTLbxFqi68RUYwvEXeMbxFdzO8RRE1
vEWqNrxFRDi8Rd45vEV5O7xFET28Rao+vEVEQLxF4EG8RXlDvEURRbxFrEa8RQ==</AssayXData><AssayYData Points="25">eUmtP4LAoj+Y1p4/UI6bPxljmT/tFZg/5DeWP7FflD8rQZM/nVSSPy+tkD9UwpA/8/SPP1Hm
jj8O2Y4/kpmNP6KgjT+wQow/rSSMP1DYiz8N0Io/lRuLP3aMij/kpok/T3yJPw==</AssayYData></Step><Step><CommonData><SampleLocation>6</SampleLocation><SampleID>PBS</SampleID><SampleGroup></SampleGroup><SampleInfo></SampleInfo><SampleRow>L</SampleRow><SamplePlate>1</SamplePlate><WellType>NEUTRALIZATION</WellType><Concentration>-1</Concentration><ConcentrationUnits>µg/ml</ConcentrationUnits><MolarConcentration>-1</MolarConcentration><MolarConcUnits>nM</MolarConcUnits><MolecularWeight>0</MolecularWeight><Temperature>30</Temperature><StartTime>6869661</StartTime><AssayTime>5</AssayTime></CommonData><FlowRate>1000</FlowRate><StepType>KREGENERATION</StepType><StepName>Regeneration</StepName><StepStatus>OK</StepStatus><ActualTime>4.9998</ActualTime><CycleTime>0.2</CycleTime><AssayXData Points="25">Rki8ReJJvEV5S7xFE028RaxOvEVIULxF4FG8RXlTvEUVVbxFrla8RUZYvEXgWbxFe1u8RRNd
vEWsXrxFSGC8ReBhvEV5Y7xFFWW8Ra5mvEVIaLxF4mm8RXlrvEUVbbxFrG68RQ==</AssayXData><AssayYData Points="25">io2XQOgNmECblphAfdWYQNUgmUC/iplAS8aZQLXlmUBsNJpAl0+aQHKPmkAQwppABcWaQMHU
mkA8DZtADTWbQIBBm0CTPJtArIubQByCm0B4mptAm4qbQKm8m0D7yZtAsMKbQA==</AssayYData></Step><Step><CommonData><SampleLocation>1</SampleLocation><SampleID>Octet Buffer</SampleID><SampleGroup></SampleGroup><SampleInfo></SampleInfo><SampleRow>K</SampleRow><SamplePlate>1</SamplePlate><WellType>BUFFER</WellType><Concentration>-1</Concentration><ConcentrationUnits>µg/ml</ConcentrationUnits><MolarConcentration>-1</MolarConcentration><MolarConcUnits>nM</MolarConcUnits><MolecularWeight>0</MolecularWeight><Temperature>30</Temperature><StartTime>6883918</StartTime><AssayTime>20</AssayTime></CommonData><FlowRate>1000</FlowRate><StepType>CUSTOM</StepType><StepName>Sensor Check</StepName><StepStatus>OK</StepStatus><ActualTime>19.9998</ActualTime><CycleTime>0.2</CycleTime><AssayXData Points="100">RnC8ReBxvEV7c7xFE3W8Rax2vEVGeLxF4nm8RXt7vEUTfbxFrH68RUaAvEXggbxFe4O8RROF
vEWshrxFRoi8ReKJvEV5i7xFFY28Ra6OvEVIkLxF4pG8RXuTvEUVlbxFrJa8RfaYvEU6mrxF
fZu8RROdvEWsnrxFRqC8ReKhvEV5o7xFFaW8RaymvEVGqLxF4Km8RXmrvEUVrbxFrK68RUiw
vEXgsbxFe7O8RRO1vEWutrxFRri8ReC5vEV5u7xFFb28Ray+vEVGwLxF4sG8RXnDvEUTxbxF
rMa8RUjIvEXiybxFecu8RRXNvEWszrxFRtC8ReLRvEV507xFE9W8Ra7WvEVG2LxF4tm8RXvb
vEUT3bxFrN68RUjgvEXg4bxFe+O8RRPlvEWu5rxFRui8ReLpvEV767xFE+28Ra7uvEVI8LxF
6vG8RXnzvEUT9bxFrPa8RUb4vEXg+bxFefu8RRP9vEWs/rxFRgC9ReIBvUV7A71FEwW9Ra4G
vUVICL1F4gm9RXkLvUUTDb1FrA69RQ==</AssayXData><AssayYData Points="100">WRSWQNUWlEAGyJJAhseRQPZNkUA02pBAZpSQQCG8kEDbhpBAzYuQQBvBkECF25BAUbiQQAXe
kEBX+ZBAQN6QQE34kEBSCJFA5h+RQI/+kEC9ZpFAli6RQHVTkUCVeZFAUoORQEqGkUAOhJFA
LZKRQDqMkUCKv5FA4r6RQBXRkUBN7ZFAUsuRQLn6kUAr5pFAsfuRQE0bkkCVDpJA7BqSQD8j
kkDJF5JAJDaSQFw7kkDWOJJAFy2SQKVDkkCXMJJAB0CSQOBukkB/cpJAh4KSQFJ2kkDRSZJA
mE6SQF6GkkCbjZJA+ISSQPB6kkBKq5JABaGSQNKEkkBSlJJAhsqSQHPakkAFu5JAWeWSQATI
kkCfwZJAO6eSQPjDkkAD15JArACTQMjKkkCaypJAbOuSQCL6kkBAApNACPqSQNDzkkDm7ZJA
Gd2SQHffkkAVHpNAzTiTQK8sk0CQDpNAMA+TQLQZk0AZHZNAPByTQIQmk0AJJ5NApS6TQIFP
k0BjQ5NAyVOTQN9dk0DJP5NA7z6TQA==</AssayYData></Step><Step><CommonData><SampleLocation>21</SampleLocation><SampleID>SI-157X49_P5563</SampleID><SampleGroup></SampleGroup><SampleInfo></SampleInfo><SampleRow>K</SampleRow><SamplePlate>1</SamplePlate><WellType>KLOAD</WellType><Concentration>5</Concentration><ConcentrationUnits>µg/ml</ConcentrationUnits><MolarConcentration>5000</MolarConcentration><MolarConcUnits>nM</MolarConcUnits><MolecularWeight>0</MolecularWeight><Temperature>30</Temperature><StartTime>6915842</StartTime><AssayTime>120</AssayTime></CommonData><FlowRate>1000</FlowRate><StepType>LOADING</StepType><StepName>Loading</StepName><StepStatus>OK</StepStatus><ActualTime>120</ActualTime><CycleTime>0.2</CycleTime><AssayXData Points="600">RhC9ReIRvUV5E71FExW9Ra4WvUVGGL1F4Bm9RXsbvUUTHb1FrB69RUggvUXgIb1FeSO9RRUl
vUWsJr1FSCi9ReIpvUV7K71FEy29RawuvUVGML1F4jG9RXkzvUUTNb1Frja9RUY4vUXiOb1F
ezu9RRM9vUWsPr1FSEC9ReBBvUV5Q71FE0W9RaxGvUVGSL1F4Em9RXlLvUUTTb1FsE69RUZQ
vUXgUb1FeVO9RRVVvUWuVr1FSFi9ReBZvUV5W71FFV29RaxevUVGYL1F4GG9RXtjvUUVZb1F
rGa9RUZovUXgab1Fe2u9RRNtvUWsbr1FRnC9ReBxvUV7c71FFXW9Ra52vUVGeL1F4Hm9RXt7
vUUTfb1FrH69RUaAvUXggb1FeYO9RROFvUWshr1FRoi9ReKJvUV5i71FE429RayOvUVGkL1F
4JG9RXmTvUUVlb1FrJa9RUiYvUXgmb1Fe5u9RROdvUWsnr1FRqC9ReKhvUV5o71FE6W9Raym
vUVGqL1F4qm9RXmrvUUTrb1FrK69RUawvUXgsb1FebO9RRO1vUWstr1FRri9ReK5vUV5u71F
Fb29Ray+vUVIwL1F4MG9RXnDvUUTxb1Frsa9RUbIvUXgyb1Fe8u9RRPNvUWszr1FRtC9ReDR
vUV7071FFdW9Ra7WvUVI2L1F4Nm9RXnbvUUT3b1Frt69RUbgvUXg4b1Fe+O9RRPlvUWs5r1F
SOi9ReDpvUV7671FFe29RazuvUVI8L1F4vG9RXvzvUUT9b1Frva9RUj4vUXg+b1Fefu9RRP9
vUWu/r1FRgC+ReABvkV7A75FEwW+RawGvkVICL5F4Am+RXkLvkUTDb5FrA6+RUYQvkXgEb5F
eRO+RRUVvkWuFr5FRhi+ReIZvkV7G75FEx2+RawevkVGIL5F4iG+RXkjvkUTJb5FrCa+RUgo
vkXgKb5FeSu+RRMtvkWsLr5FSDC+ReAxvkV7M75FFTW+Ra42vkVGOL5F4Dm+RXk7vkUTPb5F
rD6+RUZAvkXgQb5FeUO+RRVFvkWsRr5FSki+ReBJvkV5S75FFU2+RaxOvkVGUL5F4lG+RXlT
vkUVVb5FrFa+RUhYvkXiWb5Fe1u+RRNdvkWuXr5FRmC+ReBhvkV5Y75FE2W+Ra5mvkVGaL5F
4mm+RXlrvkUTbb5Frm6+RUhwvkXicb5Fe3O+RRN1vkWudr5FRni+ReJ5vkV5e75FE32+Rax+
vkVGgL5F4IG+RXmDvkUVhb5FrIa+RUaIvkXiib5FeYu+RRWNvkWsjr5FSJC+ReCRvkV7k75F
E5W+RayWvkVImL5F4Jm+RbCbvkUTnb5Frp6+RUagvkXiob5FeaO+RROlvkWupr5FRqi+ReCp
vkV5q75FFa2+Ra6uvkVGsL5F4LG+RXuzvkUTtb5FrLa+RUa4vkXiub5Febu+RRO9vkWuvr5F
RsC+ReDBvkV7w75FFcW+RazGvkVIyL5F4sm+RXvLvkUTzb5FrM6+RUbQvkXg0b5FedO+RRPV
vkWs1r5FRti+ReDZvkV5275FFd2+Ra7evkVI4L5F4OG+RXnjvkUT5b5Frua+RUjovkXg6b5F
eeu+RRPtvkWu7r5FSPC+ReLxvkV5875FFfW+Raz2vkVI+L5F4Pm+RXv7vkUV/b5FrP6+RUYA
v0XiAb9FeQO/RRMFv0WuBr9FRgi/ReIJv0V5C79FFQ2/Ra4Ov0VIEL9F4BG/RXsTv0UVFb9F
rBa/RUYYv0XiGb9FeRu/RRUdv0WsHr9FRiC/ReIhv0V5I79FFSW/Rawmv0VGKL9F4Cm/RXkr
v0UTLb9FrC6/RUgwv0XgMb9FezO/RRU1v0WuNr9FRji/ReA5v0V5O79FEz2/Raw+v0VGQL9F
4EG/RXlDv0UTRb9FrEa/RUZIv0XgSb9Fe0u/RRVNv0WsTr9FRlC/ReBRv0V7U79FE1W/RaxW
v0VGWL9F4Fm/RXlbv0UTXb9FrF6/RUZgv0XgYb9FeWO/RRVlv0WsZr9FSGi/ReBpv0V5a79F
E22/Raxuv0VGcL9F4nG/RXlzv0UVdb9Frna/RUZ4v0Xgeb9Fe3u/RRN9v0Wufr9FSIC/ReCB
v0V7g79FFYW/RayGv0VGiL9F4Im/RXuLv0UTjb9Fro6/RUaQv0Xgkb9FeZO/RROVv0Wulr9F
Rpi/ReCZv0V5m79FE52/Rayev0VIoL9F4KG/RXujv0UTpb9FrKa/RUaov0Xiqb9Fe6u/RROt
v0Wurr9FRrC/ReKxv0V5s79FE7W/Ray2v0VGuL9F4rm/RXm7v0UVvb9FrL6/RUbAv0Xgwb9F
ecO/RRPFv0Wsxr9FRsi/ReDJv0V5y79FE82/RazOv0VG0L9F4NG/RXnTv0UT1b9FrNa/RUbY
v0Xg2b9Fe9u/RRPdv0Wu3r9FRuC/ReDhv0V5479FE+W/Ra7mv0VI6L9F4um/RXvrv0UV7b9F
rO6/RUbwv0Xi8b9Fe/O/RRP1v0Wu9r9FRvi/ReL5v0V7+79FE/2/Raz+v0VGAMBF4gHARXsD
wEUTBcBFrAbARUgIwEXgCcBFeQvARRMNwEWsDsBFRhDAReARwEV5E8BFExXARawWwEVIGMBF
4BnARXkbwEUVHcBFrB7ARUggwEXiIcBFeSPARRMlwEWuJsBFSCjAReApwEV5K8BFEy3ARawu
wEVGMMBF4DHARXkzwEUTNcBFrDbARUg4wEXgOcBFeTvARRM9wEWsPsBFRkDAReBBwEV5Q8BF
FUXARaxGwEVISMBF4knARXlLwEUTTcBFrE7ARUZQwEXgUcBFe1PARRVVwEWsVsBFRljAReJZ
wEV5W8BFE13ARa5ewEVGYMBF4GHARXtjwEUTZcBFrmbARUhowEXiacBFeWvARRVtwEWsbsBF
SHDAReBxwEV5c8BFFXXARax2wEVIeMBF4HnARXl7wEV/fcBFw37ARUaAwEXigcBFe4PARROF
wEWshsBFSIjAReCJwEV7i8BFE43ARayOwEVIkMBF4pHARXuTwEUVlcBFrJbARUiYwEXimcBF
eZvARROdwEWsnsBFRqDAReChwEV5o8BFE6XARaymwEVGqMBF4qnARXurwEUTrcBFrK7ARUiw
wEXiscBFebPARRO1wEWstsBFSLjAReK5wEV5u8BFE73ARay+wEVGwMBF4MHARXnDwEUTxcBF
rMbARUbIwEXgycBFecvARRPNwEWszsBF</AssayXData><AssayYData Points="600">m7CSQHblkkCCOpNAGm6TQIC8k0AxvJNA8eCTQJgTlEDJIJRAshuUQHlUlEA0eZRA8IaUQMyx
lED33JRAjvqUQEkWlUC7K5VARlKVQCVglUAJdZVAuoSVQMh8lUAn6ZVAKOeVQDcDlkArA5ZA
EAKWQJE7lkAeVZZAfH2WQH1/lkA6uZZAxd+WQPLilkCmxZZAFP+WQBs7l0C4LJdA4GeXQCRV
l0DMYZdAKIyXQB+hl0DovpdAJL2XQF4BmEAACJhABQ6YQF48mECNRJhAXF6YQKlimECPlphA
2nCYQNmymECVwZhARdGYQKvvmECeHplAXO+YQFhEmUCslJlAZ1eZQBh6mUDeoJlAhpWZQC+o
mUA71plAU9mZQOjxmUB6A5pAwj2aQAIlmkDubJpAxVuaQIdmmkCVcZpAE4WaQPeMmkAer5pA
892aQJK6mkB+7JpAmhObQHP+mkBvJ5tAPBqbQOlrm0DlNJtAAnybQMmTm0C7jptAe6ybQBKz
m0Clw5tAkNybQCPfm0D7+5tAkBScQFYknEAnIZxALTWcQJZ4nEAMkZxAElScQB2inEBzipxA
NqOcQLfDnEAU1pxAmeGcQHTvnECDFZ1AvxCdQNwanUB/NZ1ATVCdQBpenUAHhZ1AeUqdQNZp
nUDffJ1AZ5OdQBrJnUDEuJ1AicadQHnfnUCb0J1AKwOeQPgOnkDW8p1AQSmeQPlInkAAR55A
902eQM1HnkDiUJ5AEX2eQGuOnkD1tJ5Ar4yeQGCwnkAfnJ5A+b+eQNrmnkBoxp5Ap/WeQP0a
n0BkKp9AQRSfQChJn0A1Jp9A7U2fQApXn0C8aJ9AtGGfQMycn0D7jZ9AD7afQMTAn0Ai159A
Dr2fQPXMn0B1zp9AkvKfQJfgn0CV/p9ArPqfQGgcoEBALKBAwVWgQA0toED+VKBAaHGgQI1x
oECoUKBADYKgQGGBoECtpqBAfpagQCyLoEC1kqBAh9igQKKnoEC9zaBAd9CgQO7/oEAh1KBA
Y+6gQKvdoECtAKFAkVWhQGFLoUBKMKFAhTihQJVWoUCPaaFANlehQIZUoUCNZKFAb3yhQF97
oUANjKFADYKhQD2ZoUB3dKFAepihQG+2oUAkvKFA+M+hQKXToUCO86FADPmhQM/2oUAH+qFA
kwWiQHAEokCpBaJA9RSiQCFaokDLNaJABEKiQGAiokB6U6JAxleiQAN5okAVcKJA85+iQA+W
okBRx6JA64KiQCqMokDGi6JA+cCiQB2+okDYw6JATc+iQA3UokDt4KJAMOaiQCn2okA8C6NA
zQOjQKgBo0D78qJAVS2jQKn9okBLGKNA6DqjQBFPo0DjSqNA0kOjQL5Io0AAU6NAsG+jQPam
o0BteaNAkm6jQJSNo0CRnaNAcI+jQPSlo0BAxKNAvZ2jQF6uo0AcqaNAVb2jQDTQo0Bt5KNA
/7OjQA/Oo0B8/6NAJtGjQG8apEBpBqRAwQ2kQMPbo0BSFqRA/SukQNo1pEBBKqRAmF+kQAQ0
pEBJR6RAikOkQNQ6pEDaZaRA7k2kQMFupEBfRKRAQ1mkQHFupEBlX6RA2p6kQCCjpEDRkKRA
7qGkQFSspEDme6RAequkQGuupEBdwaRA16SkQF3apEBC1aRAjPGkQLnXpECZ6qRAfhKlQNwO
pUA/3KRAiQilQMbppECrF6VA9P2kQNEupUAHF6VAKBelQGYzpUDJNaVA10ClQNpBpUDjaKVA
qmmlQNZJpUAySaVAM2ClQERkpUA0daVAUJmlQGt+pUC7kaVAKZKlQKx+pUBJxKVA47ilQMqU
pUBljaVA4rulQG27pUCWnqVAMqSlQCjSpUCS2KVAPuWlQIbPpUCO6aVAYv6lQGcCpkDryqVA
LuilQGL0pUCT/qVA3QamQA8xpkBcH6ZA1BCmQBdIpkBXCKZA6RemQIRFpkBOMKZArQKmQCJL
pkCmQaZANy+mQFI8pkBbW6ZAVB6mQPhppkBHcaZAfE2mQCtTpkBPcqZA6nimQEp1pkA7maZA
0lumQFGPpkCqmaZAkn6mQJmNpkA6q6ZAcZSmQPKUpkA3yaZAHM2mQL+upkBTt6ZAYvGmQB7F
pkA036ZAePCmQATYpkAa2aZACOimQJgFp0Da16ZASOemQC3ipkBG7KZALx6nQLMIp0AC8aZA
+hWnQCkgp0ArMKdAQAOnQAFXp0BVPqdAoSOnQGo6p0AYXKdAsEGnQGdBp0BfWadAi1enQE5V
p0DKW6dASFKnQBJHp0DnVadAioSnQJ5Tp0BVmqdAH4SnQNeDp0CPhKdA8p6nQHx6p0DWo6dA
RaqnQLWFp0D4kadAta+nQHJwp0AKladAFbunQJevp0CWuadA+dmnQM7Pp0A8tqdAzsqnQF7o
p0Aq46dACPinQN/ap0CTuadACwmoQG8EqECPxKdASCWoQAjzp0BH86dAJuGnQJkVqEAd4adA
Z+2nQFgUqEC/JqhAhh6oQPckqEC4OahAiROoQCMTqEDwLahAfBioQEw8qEA2MahA0EyoQDo1
qEDMQKhAlTSoQD80qEAkIqhA2leoQI5WqEBZTKhAm1uoQGNxqECDgqhAoX+oQKV9qEAfhKhA
4IWoQBBcqEALfahAM3+oQMl8qECweahA+IeoQHx1qEDaoqhASpqoQLePqEBGgahAAaCoQLqt
qEClrahA1bqoQLmsqECW7KhARLyoQAzFqECk1ahAntCoQAH3qECMp6hAJeuoQM/ZqEAc6qhA
h+WoQGTsqECF3ahAbfeoQBAJqUCZ+6hA+uqoQGMNqUBIAqlAA+2oQMQTqUDqEqlApwypQOww
qUBGEKlAXAOpQHYOqUDHCqlAJjqpQGEMqUCLPKlAhy2pQDQ6qUDfV6lAGTypQMhGqUDXXKlA
zE2pQC9DqUDYVKlAElupQEpkqUA6NKlA4XGpQDJzqUAmU6lA8XOpQFh5qUAmXqlAn5upQA50
qUADgqlASompQJmCqUBIgalAtV2pQEKfqUDIj6lAuISpQAuoqUBZlKlAKJKpQGvKqUAVl6lA
0pGpQIqZqUBTpalAsJipQIrCqUDDq6lAG4apQPu5qUBFxKlASOqpQBGyqUD9xKlAo9upQILb
qUDw0qlAyN2pQMzWqUD0w6lAVNKpQDy7qUCpv6lAJeWpQFrbqUDl9alAi8+pQOH0qUCI5KlA
4u2pQNkMqkDr3alA7dOpQBjVqUB0AapA</AssayYData></Step><Step><CommonData><SampleLocation>1</SampleLocation><SampleID>Octet Buffer</SampleID><SampleGroup></SampleGroup><SampleInfo></SampleInfo><SampleRow>K</SampleRow><SamplePlate>1</SamplePlate><WellType>BUFFER</WellType><Concentration>-1</Concentration><ConcentrationUnits>µg/ml</ConcentrationUnits><MolarConcentration>-1</MolarConcentration><MolarConcUnits>nM</MolarConcUnits><MolecularWeight>0</MolecularWeight><Temperature>30</Temperature><StartTime>7047613</StartTime><AssayTime>100</AssayTime></CommonData><FlowRate>1000</FlowRate><StepType>BASELINE</StepType><StepName>Baseline</StepName><StepStatus>OK</StepStatus><ActualTime>99.9998</ActualTime><CycleTime>0.2</CycleTime><AssayXData Points="500">RtDAReDRwEV508BFE9XARa7WwEVI2MBF4NnARXvbwEUT3cBFrt7ARUjgwEXg4cBFeePARRPl
wEWs5sBFRujAReDpwEV768BFFe3ARa7uwEVG8MBF4PHARXnzwEUV9cBFrPbARUb4wEXg+cBF
e/vARRP9wEWs/sBFRgDBReIBwUV7A8FFFQXBRawGwUVICMFF4AnBRXkLwUUTDcFFrg7BRUYQ
wUXgEcFFexPBRRUVwUWsFsFFRhjBReAZwUV5G8FFEx3BRawewUVIIMFF4iHBRXsjwUUTJcFF
ribBRUYowUXgKcFFeSvBRRUtwUWsLsFFSDDBReIxwUV7M8FFFTXBRaw2wUVGOMFF4jnBRXk7
wUUTPcFFrD7BRUhAwUXiQcFFeUPBRRNFwUWsRsFFRkjBReJJwUV7S8FFFU3BRaxOwUVGUMFF
4FHBRXlTwUUVVcFFrlbBRUZYwUXgWcFFeVvBRRVdwUWsXsFFRmDBReJhwUV5Y8FFE2XBRaxm
wUVIaMFF4GnBRXlrwUUTbcFFrG7BRUZwwUXiccFFeXPBRRV1wUWsdsFFSHjBReB5wUV7e8FF
E33BRax+wUVGgMFF4IHBRXmDwUUThcFFrobBRUiIwUXgicFFeYvBRRWNwUWujsFFRpDBReCR
wUV5k8FFFZXBRa6WwUVImMFF4JnBRXmbwUUTncFFrp7BRUigwUXgocFFeaPBRRWlwUWspsFF
RqjBReKpwUV7q8FFE63BRayuwUVGsMFF4LHBRXuzwUUTtcFFrLbBRUi4wUXiucFFebvBRRO9
wUWsvsFFRsDBReDBwUV5w8FFE8XBRa7GwUVIyMFF4MnBRXvLwUUVzcFFrs7BRUbQwUXg0cFF
e9PBRRPVwUWs1sFFStjBReLZwUV728FFFd3BRazewUVI4MFF4uHBRXnjwUUT5cFFrubBRUbo
wUXi6cFFe+vBRRPtwUWs7sFFSPDBReDxwUV788FFE/XBRa72wUVI+MFF4vnBRXv7wUUV/cFF
rP7BRUgAwkXgAcJFeQPCRRMFwkWsBsJFRgjCReIJwkV7C8JFFQ3CRawOwkVGEMJF4BHCRXkT
wkUTFcJFrhbCRUgYwkXiGcJFexvCRRMdwkWsHsJFRiDCReAhwkV5I8JFEyXCRawmwkVGKMJF
4CnCRXsrwkUVLcJFrC7CRUYwwkXgMcJFezPCRRM1wkWsNsJFRjjCReI5wkV7O8JFEz3CRaw+
wkVIQMJF4EHCRXlDwkUVRcJFrEbCRUZIwkXgScJFeUvCRRVNwkWuTsJFRlDCReJRwkV7U8JF
FVXCRaxWwkVGWMJF4FnCRdlbwkUdXcJFrl7CRUhgwkXiYcJFe2PCRRNlwkWsZsJFSGjCReBp
wkV7a8JFFW3CRaxuwkVGcMJF4HHCRXlzwkUVdcJFrHbCRUZ4wkXgecJFeXvCRRN9wkWsfsJF
RoDCReCBwkV5g8JFE4XCRayGwkVGiMJF4onCRXuLwkUVjcJFrI7CRUaQwkXgkcJFeZPCRROV
wkWslsJFRpjCReCZwkV5m8JFFZ3CRayewkVIoMJF4KHCRXujwkUVpcJFrKbCRUaowkXgqcJF
eavCRROtwkWsrsJFRrDCReKxwkV5s8JFE7XCRa62wkVIuMJF4rnCRXu7wkUTvcJFrr7CRUjA
wkXgwcJFecPCRRPFwkWsxsJFSsjCReLJwkV7y8JFE83CRa7OwkVI0MJF4NHCRXnTwkUT1cJF
rNbCRUbYwkXg2cJFedvCRRXdwkWs3sJFSODCReLhwkV748JFE+XCRazmwkVG6MJF4OnCRXnr
wkUT7cJFru7CRUjwwkXg8cJFefPCRRP1wkWs9sJFSPjCReD5wkV7+8JFE/3CRa7+wkVIAMNF
4AHDRXkDw0UTBcNFrgbDRUgIw0XgCcNFeQvDRRUNw0WsDsNFSBDDReARw0V5E8NFFRXDRawW
w0VIGMNF4BnDRXkbw0UVHcNFrB7DRUggw0XgIcNFeSPDRRMlw0WsJsNFSCjDReIpw0V7K8NF
Ey3DRawuw0VGMMNF4DHDRXszw0UTNcNFrjbDRUY4w0XgOcNFeTvDRRM9w0WsPsNFSEDDReBB
w0V5Q8NFE0XDRaxGw0VGSMNF4knDRXtLw0UTTcNFrE7DRUZQw0XgUcNFeVPDRRVVw0WsVsNF
SFjDReBZw0V7W8NFFV3DRaxew0VGYMNF4GHDRXljw0UVZcNFrGbDRUhow0XgacNFe2vDRRNt
w0WsbsNFRnDDReBxw0V5c8NFFXXDRax2w0VGeMNF4nnDRXl7w0UVfcNFrn7DRUiAw0XggcNF
e4PDRROFw0WuhsNFSIjDReCJw0V5i8NFE43DRayOw0VGkMNF4pHDRXmTw0UTlcNFrJbDRUaY
w0XgmcNFeZvDRROdw0WsnsNFRqDDReChw0V5o8NFE6XDRa6mw0VGqMNF4qnDRXurw0UVrcNF
rK7DRUaww0XgscNFe7PDRRO1w0WutsNFSLjDReC5w0V5u8NFE73DRa6+w0VGwMNF4MHDRXnD
w0UVxcNFrMbDRUjIw0XiycNFecvDRRPNw0WuzsNFRtDDReDRw0V508NFFdXDRazWw0VG2MNF
4tnDRXnbw0UT3cNFrN7DRUjgw0Xi4cNFe+PDRRPlw0Wu5sNFRujDReLpw0V768NFE+3DRazu
w0U=</AssayXData><AssayYData Points="500">idypQI4LqkCXL6pAjTyqQN5eqkDCbKpAQF+qQJ88qkB5Q6pAlGCqQPBxqkDKSapAlXKqQCh8
qkDhYqpA+naqQAyYqkBnfKpAU3uqQNxqqkBof6pAx3mqQFiUqkABnapAdHiqQMeCqkAMjqpA
62mqQCx+qkADpKpAk5qqQKaQqkB+rKpA85OqQAmFqkD0m6pAa4WqQGWnqkAcsqpA+4qqQB+c
qkBomapAkISqQE6WqkBfqapAk4yqQF2NqkB8vKpA5o6qQNK2qkBrl6pAF6SqQC2eqkCemapA
iM+qQBCUqkD5mqpAdYiqQOeMqkDsi6pAf5eqQLi+qkD3jKpABJeqQGq7qkD3mapAZa+qQPSb
qkBnrKpAb42qQMi/qkDYmKpAT7KqQFayqkDbt6pAa5CqQNStqkBEvqpAEreqQJmZqkCxtKpA
Pp6qQPbEqkCexapAW7iqQHK2qkCNqKpAZaOqQKTIqkBuj6pAYbWqQJ+yqkDtuapAsZqqQHKR
qkDinqpA+LSqQCauqkDXwqpAc7yqQFSbqkDNyqpASrOqQCqaqkCHlqpAH7aqQB2RqkBA1apA
FraqQFXRqkDL1KpA496qQJ/DqkB9mKpAnZuqQKrPqkDS3qpAC9CqQPvJqkCJwqpAg66qQEuf
qkCWuqpAELmqQEHcqkBArapAFMCqQGjEqkC0yqpA57WqQKvXqkDe16pAO8SqQD68qkC68KpA
6LuqQDXNqkAZyqpAHr+qQImsqkARvapAbciqQGSxqkCl0KpA4NWqQOjVqkDJ6KpAZMuqQD3B
qkCH4apAidiqQNbXqkBOyKpAMMeqQHTSqkDwwKpA8vGqQDnJqkBn1apAztaqQPqzqkCvxKpA
UeeqQA7RqkAk3apAm9uqQE/bqkBcw6pA7MeqQFboqkD3sqpAZNuqQLQLq0C77KpATryqQLQC
q0Dw2qpAQ/aqQInPqkC32apAwAWrQN/PqkCd56pAisqqQDa9qkC0x6pA+c+qQI3jqkDc3qpA
osiqQAXoqkDOzapAdeaqQNHEqkB26qpA4duqQFEMq0CZ56pA+v6qQHLEqkCz+apAhP2qQLfP
qkCI2apAl+6qQD/FqkCn56pAXBWrQDzeqkDh3KpAfPyqQHv+qkDs16pA9gGrQJ/4qkDK8apA
0PiqQJ7yqkDLB6tAhRCrQLj6qkAY7qpAod+qQLr3qkC80apAx+CqQNnkqkBr7KpAUACrQHgG
q0B94qpAM+iqQDoFq0BM0qpARMWqQIfqqkBsQKtA892qQLrwqkDeCKtA7vOqQPzbqkDwF6tA
hfyqQKPuqkCfFatA2A2rQAUiq0DBHatA/NmqQF/tqkAS9qpA4P6qQKXwqkCuCatAnwSrQMAT
q0ApBKtA/u2qQH75qkAaBatAXAirQOnZqkDhEatAxB6rQDkNq0CJKatAogirQNsFq0AL/KpA
LvmqQLYgq0A4GatACfmqQPL/qkBU8apAKxyrQBkoq0DGGatAKRyrQDYPq0C7I6tAZBmrQM/7
qkBGBatAOgarQE06q0A4GqtAmeyqQMkGq0CrCqtAOfSqQF8fq0Bf/qpAL/SqQBACq0ALD6tA
VROrQOTbqkCd86pAoherQEkkq0AZIqtA+BWrQKYUq0DpIqtAUyirQOQgq0ALD6tA3CKrQC8H
q0CUGKtAIhurQB8Qq0Bx+KpAQEerQB8jq0Ce7qpAwxCrQF8Qq0CuKqtA+TyrQDIYq0CZFKtA
gwerQAwmq0DdBatAzRqrQJ/9qkD7LqtAov2qQDo1q0BbKqtAUjOrQG0Pq0CiJ6tAPj+rQOVN
q0BkI6tAixerQK1Gq0DyIqtAVEerQPwpq0AuPqtAd1irQAstq0CR/6pABharQMAuq0DTLqtA
6COrQBYWq0CjMKtAJEKrQFAAq0CQLqtAsiurQHdIq0B1BqtAwy2rQNw4q0CZMqtAN0irQMow
q0CSI6tArRCrQKM1q0Al9KpAp1KrQETvqkDbMqtAMEqrQGQsq0AMF6tAmlCrQM4yq0CyJ6tA
MFOrQP5Kq0CSC6tAsyurQFwuq0AxdatAjUGrQPtKq0AeLqtATTSrQHxOq0A1bqtAzTOrQEEy
q0CcMqtABjurQLs0q0AFN6tAIimrQGscq0DTR6tAljKrQOZRq0C1P6tAHh2rQF4dq0AaPqtA
2lerQO5Sq0CNU6tAFzarQG8mq0BaWKtAX1arQNFIq0A/LatAXzerQJVIq0CtHatAyUOrQMs3
q0CdRatA2zqrQJZYq0CBXatAhlSrQNE+q0AmRqtAdD+rQMNmq0BNQatAH0KrQEZWq0AsIKtA
xkqrQGstq0BMPKtAQCSrQB1Jq0AEOqtAym2rQCFUq0DMW6tATUOrQAtHq0COPKtAdGWrQOpP
q0ByVqtAeV2rQF07q0CJU6tAek2rQItmq0C9ZKtA0larQG1Oq0Bla6tA1FarQORIq0B7T6tA
GHCrQC1Aq0DwWqtAkF6rQCNcq0CiTatA0UurQBo2q0DtaatAKVirQPhPq0C7T6tA23urQO9R
q0AEWKtA4FarQE9jq0DLS6tAO3qrQB9rq0BERatAKmurQH5kq0B8OatAWT2rQIBvq0DHWKtA
gX+rQNNjq0AgZ6tAVEqrQLFnq0BoW6tA+16rQO5uq0CGgqtABTyrQA9vq0APbqtAwkmrQJhq
q0A=</AssayYData></Step><Step><CommonData><SampleLocation>2</SampleLocation><SampleID>hsCD3d/e_Acro_CDD-H52W1</SampleID><SampleGroup></SampleGroup><SampleInfo></SampleInfo><SampleRow>K</SampleRow><SamplePlate>1</SamplePlate><WellType>KSAMPLE</WellType><Concentration>-1</Concentration><ConcentrationUnits>µg/ml</ConcentrationUnits><MolarConcentration>6.25</MolarConcentration><MolarConcUnits>nM</MolarConcUnits><MolecularWeight>0</MolecularWeight><Temperature>30</Temperature><StartTime>7156028</StartTime><AssayTime>180</AssayTime></CommonData><FlowRate>1000</FlowRate><StepType>ASSOC</StepType><StepName>Association</StepName><StepStatus>OK</StepStatus><ActualTime>180.001</ActualTime><CycleTime>0.2</CycleTime><AssayXData Points="900">RvDDReLxw0V588NFFfXDRa72w0VI+MNF4vnDRXn7w0UT/cNFrP7DRUYAxEXiAcRFeQPERRMF
xEWuBsRFRgjEReAJxEV5C8RFFQ3ERawOxEVGEMRF4BHERXkTxEUTFcRFrhbERUgYxEXgGcRF
eRvERRUdxEWsHsRFRiDEReIhxEV5I8RFEyXERa4mxEVGKMRF4inERXkrxEUTLcRFri7ERUYw
xEXiMcRFeTPERRU1xEWsNsRFSDjEReA5xEV5O8RFFT3ERa4+xEVGQMRF4EHERXlDxEUTRcRF
rEbERUZIxEXgScRFeUvERRVNxEWsTsRFSFDEReJRxEV5U8RFE1XERa5WxEVGWMRF4FnERXlb
xEUTXcRFrl7ERUhgxEXiYcRFeWPERRdlxEWsZsRFRmjEReBpxEV7a8RFE23ERaxuxEVIcMRF
4HHERXlzxEUTdcRFrHbERUZ4xEXgecRFeXvERRN9xEWufsRFRoDEReCBxEV5g8RFE4XERa6G
xEVGiMRF4InERXmLxEUVjcRFrI7ERUaQxEXikcRFeZPERROVxEWslsRFRpjEReCZxEV7m8RF
FZ3ERayexEVGoMRF4KHERXujxEUVpcRFrqbERUioxEXgqcRFeavERRWtxEWsrsRFRrDEReCx
xEV5s8RFFbXERa62xEVGuMRF4LnERXm7xEUVvcRFrL7ERUjAxEXgwcRFe8PERRPFxEWuxsRF
SMjEReDJxEV7y8RFE83ERazOxEVG0MRF4NHERXvTxEUV1cRFrNbERUbYxEXi2cRFedvERRPd
xEWs3sRFSODEReDhxEV548RFFeXERazmxEVG6MRF4unERXnrxEUT7cRFru7ERUjwxEXg8cRF
efPERRP1xEWs9sRFRvjEReD5xEV5+8RFE/3ERa7+xEVIAMVF4AHFRXkDxUUTBcVFrgbFRUgI
xUXgCcVFeQvFRRUNxUWuDsVFSBDFReARxUV7E8VFExXFRawWxUVGGMVF4BnFRXkbxUUVHcVF
rB7FRUYgxUXgIcVFeSPFRRUlxUWuJsVFSCjFReApxUV7K8VFEy3FRa4uxUVGMMVF4DHFRXsz
xUUTNcVFrDbFRUY4xUXiOcVFeTvFRRM9xUWsPsVFRkDFReBBxUV7Q8VFE0XFRa5GxUVISMVF
4knFRXtLxUUVTcVFrE7FRUhQxUXgUcVFe1PFRRVVxUWsVsVFRljFReBZxUV7W8VFFV3FRa5e
xUVGYMVF4GHFRXljxUUTZcVFrmbFRUZoxUXgacVFeWvFRRVtxUWubsVFRnDFReBxxUV7c8VF
E3XFRax2xUVGeMVF4nnFRXt7xUUVfcVFsH7FRUaAxUXggcVFe4PFRROFxUWshsVFSIjFReCJ
xUV5i8VFE43FRayOxUVIkMVF5JHFRXuTxUUTlcVFrJbFRUiYxUXimcVFeZvFRRWdxUWsnsVF
RqDFReChxUV5o8VFE6XFRa6mxUVGqMVF4qnFRXmrxUUTrcVFrK7FRUiwxUXgscVFe7PFRRW1
xUWutsVFRrjFReC5xUV7u8VFE73FRa6+xUVGwMVF4sHFRXvDxUUVxcVFrsbFRUbIxUXiycVF
ecvFRRPNxUWszsVFSNDFReDRxUV708VFE9XFRazWxUVG2MVF4tnFRXvbxUUV3cVFrt7FRUbg
xUXi4cVFeePFRRPlxUWu5sVFRujFReDpxUV568VFE+3FRa7uxUVI8MVF4PHFRXvzxUUT9cVF
rPbFRUj4xUXg+cVFefvFRRX9xUWs/sVFRgDGReABxkV5A8ZFEwXGRa4GxkVGCMZF4AnGRXkL
xkUTDcZFrg7GRUYQxkXgEcZFexPGRRUVxkWsFsZFSBjGReIZxkV5G8ZFEx3GRawexkVGIMZF
4CHGRXkjxkUTJcZFribGRUYoxkXiKcZFeSvGRRMtxkWsLsZFRjDGReIxxkV7M8ZFEzXGRaw2
xkVIOMZF4DnGRXk7xkUTPcZFrD7GRUZAxkXgQcZFeUPGRRVFxkWsRsZFRkjGReJJxkV5S8ZF
E03GRaxOxkVIUMZF4FHGRXtTxkUTVcZFrFbGRUZYxkXgWcZFeVvGRRNdxkWsXsZFRmDGReBh
xkV5Y8ZFE2XGRaxmxkVGaMZF4GnGRXtrxkUTbcZFrm7GRUhwxkXiccZFeXPGRRN1xkWudsZF
SHjGReJ5xkV7e8ZFE33GRa5+xkVGgMZF4IHGRXmDxkUVhcZFrIbGRUaIxkXiicZFeYvGRRON
xkWsjsZFRpDGReCRxkV7k8ZFE5XGRa6WxkVImMZF4JnGRXmbxkUTncZFrJ7GRUigxkXgocZF
eaPGRRWlxkWspsZFSKjGReKpxkV5q8ZFFa3GRayuxkVIsMZF4LHGRXmzxkUVtcZFrLbGRUa4
xkXiucZFebvGRRW9xkWsvsZFRsDGReDBxkV7w8ZFFcXGRazGxkVGyMZF4MnGRXnLxkUVzcZF
rM7GRUbQxkXg0cZFe9PGRRXVxkWu1sZFSNjGReDZxkV528ZFGd3GRazexkVG4MZF4OHGRXvj
xkUV5cZFrObGRUboxkXg6cZFe+vGRRXtxkWs7sZFSPDGReDxxkV788ZFE/XGRaz2xkVI+MZF
4PnGRXv7xkUT/cZFrP7GRUYAx0XgAcdFeQPHRRMFx0WuBsdFRgjHReIJx0V7C8dFEw3HRa4O
x0VIEMdF4BHHRXsTx0UTFcdFrhbHRUYYx0XiGcdFeRvHRRMdx0WsHsdFRiDHReIhx0V5I8dF
EyXHRa4mx0VGKMdF4CnHRXsrx0UVLcdFrC7HRUYwx0XiMcdFeTPHRRM1x0WsNsdFRjjHReI5
x0V5O8dFEz3HRaw+x0VGQMdF4EHHRXlDx0UTRcdFrEbHRUhIx0XgScdFeUvHRRNNx0WsTsdF
SFDHReBRx0V5U8dFFVXHRaxWx0VGWMdF4lnHRXlbx0UVXcdFrF7HRUhgx0XiYcdFe2PHRRNl
x0WsZsdFRmjHReBpx0V5a8dFFW3HRa5ux0VGcMdF4nHHRXlzx0UVdcdFrHbHRZR4x0XgecdF
e3vHRRN9x0WsfsdFRoDHReCBx0V5g8dFE4XHRa6Gx0VGiMdF4onHRXmLx0UVjcdFrI7HRUaQ
x0XgkcdFe5PHRROVx0WslsdFRpjHReKZx0V5m8dFE53HRayex0VGoMdF4qHHRXmjx0UTpcdF
rqbHRUiox0XiqcdFeavHRROtx0WursdFSLDHReCxx0V5s8dFE7XHRa62x0VGuMdF4rnHRXm7
x0UVvcdFrL7HRUjAx0XgwcdFe8PHRRPFx0WuxsdFRsjHReLJx0V5y8dFFc3HRa7Ox0VG0MdF
4NHHRXnTx0UT1cdFrtbHRUjYx0Xg2cdFe9vHRRXdx0Ws3sdFRuDHReLhx0V548dFE+XHRa7m
x0VI6MdF4OnHRXnrx0UV7cdFru7HRUjwx0Xg8cdFefPHRRP1x0Ws9sdFRvjHReD5x0V5+8dF
E/3HRa7+x0VGAMhF4gHIRXkDyEUVBchFrAbIRUYIyEXgCchFewvIRRUNyEWuDshFRhDIReAR
yEV5E8hFExXIRawWyEVIGMhF4hnIRXsbyEUTHchFrB7IRUYgyEXgIchFeyPIRRMlyEWsJshF
SCjIReApyEV5K8hFFS3IRa4uyEVGMMhF4jHIRXszyEUVNchFrjbIRUY4yEXiOchFeTvIRRU9
yEWuPshFRkDIReBByEV5Q8hFE0XIRaxGyEVISMhF4knIRXlLyEUTTchFrE7IRUZQyEXiUchF
eVPIRRNVyEWsVshFRljIReBZyEV5W8hFE13IRaxeyEVIYMhF4mHIRXljyEUTZchFrGbIRUho
yEXgachFe2vIRRVtyEWsbshFRnDIReBxyEV5c8hFE3XIRax2yEVGeMhF4nnIRXl7yEUTfchF
rn7IRUiAyEXigchFeYPIRROFyEWshshFRojIReKJyEV5i8hFE43IRayOyEVGkMhF4pHIRXmT
yEUVlchFrpbIRUaYyEXgmchFeZvIRRWdyEWsnshFSKDIReChyEV7o8hFE6XIRa6myEVIqMhF
4KnIRXmryEUVrchFrq7IRUawyEXgschFe7PIRRW1yEWstshFRrjIReK5yEV5u8hFE73IRa6+
yEVGwMhF4MHIRXnDyEUTxchFrMbIRUbIyEXgychFe8vIRRPNyEWuzshFRtDIReDRyEV708hF
FdXIRazWyEVG2MhF4NnIRXvbyEUT3chFrt7IRUjgyEXi4chFeePIRRXlyEWs5shFRujIReDp
yEV568hFE+3IRazuyEVI8MhF4vHIRXvzyEUT9chFrPbIRUj4yEXi+chFefvIRRP9yEWs/shF
RgDJReAByUV5A8lFEwXJRa4GyUVGCMlF4gnJRXsLyUUTDclFrA7JRUYQyUXgEclFexPJRRMV
yUWuFslFSBjJReAZyUV7G8lFEx3JRaweyUVGIMlF4CHJRXkjyUUTJclFrCbJRUYoyUXgKclF
eyvJRRctyUWsLslFSDDJReAxyUV7M8lFEzXJRaw2yUVGOMlF4jnJRXk7yUUTPclFrD7JRUhA
yUXgQclFeUPJRRVFyUWsRslFRkjJReBJyUV7S8lFE03JRa5OyUVIUMlF4FHJRXlTyUUTVclF
rlbJRV1YyUXgWclFe1vJRRNdyUWsXslFRmDJReBhyUV5Y8lFFWXJRaxmyUVGaMlF4GnJRXlr
yUUTbclFrm7JRUZwyUXgcclFeXPJRRN1yUWsdslFRnjJReB5yUV7e8lFFX3JRa5+yUVGgMlF
4IHJRXmDyUUVhclFrobJRUiIyUXiiclFe4vJRRONyUWujslF</AssayXData><AssayYData Points="900">iLWqQHcVq0AqSqtA0W6rQDSMq0BJjqtAp3erQBiRq0B5tKtAIK2rQDmgq0DZoatAZeOrQHm8
q0DHsatAw7urQF/Iq0AEu6tANL2rQP6/q0ASsqtAZc6rQDq2q0BOsqtAO5urQNHAq0BgwKtA
vgKsQGveq0Cy36tAdq+rQKvfq0A0yKtAGuGrQDPHq0AkzqtAmcyrQPjSq0DZ6KtAKtqrQG/a
q0Any6tAtNqrQOXhq0DP8KtATt2rQJjXq0DN8atAtcerQBnoq0DyDqxA9e+rQM7yq0COzatA
Tu6rQN3iq0Ci0qtAFN2rQBvxq0DK2KtAkwWsQErvq0BB7KtA+N6rQCP9q0Bk46tAKverQJrt
q0Cb5atA3fqrQNH7q0C31qtAte2rQJXnq0CEx6tA4QmsQP31q0Bc+qtApvurQCcDrEAq+6tA
wAmsQEwNrEBIBKxAqtqrQE4rrEBO96tAg+2rQI3yq0Ag9qtAoBysQLcMrEA0+KtAYO2rQDjR
q0CdIaxAJP+rQCQCrEA9JaxAcPmrQAEkrEBrRKxADBKsQCoLrEAZFKxAZC6sQK0TrEAWMaxA
nR6sQLrwq0C4CKxAgvirQN8PrEAK+atAvSusQJUrrEBTHaxAEzCsQOn4q0DGGaxA6gKsQJUk
rEB1BaxAqhqsQPonrEAT+atA+QKsQHQMrEACMqxAAQasQK8MrEDKBqxA0wmsQKoIrEBMLaxA
eBCsQCAyrECoKKxAOiasQKMZrEA0P6xALAusQIAdrEAtFqxA7QSsQG4hrECvNqxAcyWsQGcQ
rEDJPqxAdwisQIIOrEBtM6xAVPmrQMYnrEDwJKxA4/SrQNcprEChSqxAsCmsQC88rEAdJqxA
DFCsQI8QrEDlD6xAqkysQLtVrEB1LKxATSusQKgTrEA3JKxAATusQFoTrEAOIqxANCusQDhJ
rEBuMqxAhwWsQBk6rEBLOaxA9zSsQIwfrEBUOKxA7jSsQAc6rEByM6xA5FasQJMwrECTQ6xA
/VWsQAI6rECzM6xAoz2sQBk6rECgO6xAWDmsQPA4rEAMVKxAVl2sQChfrEDEJaxAejOsQGkS
rEC7VKxAa0OsQBUvrEA0UaxAckOsQPBTrECmY6xAhkusQJUjrEBcLaxAD0usQFAWrECeUaxA
nVasQJVDrECyQ6xAIkesQHZCrEAfQ6xAK0+sQCZurEAqNaxAc2msQGg7rEDTTaxAyGqsQHhM
rEA1YqxA0HWsQCZjrECSRaxAclqsQPNDrEDlTqxAlWKsQOlbrEBcWKxAIXasQLs0rEDmaaxA
RXWsQAlYrEBFbqxA1j6sQPFhrEAAZqxAn0qsQFNVrECXV6xArEysQAaFrEBaQ6xAs0usQEZF
rEDkVqxABVGsQI98rEAJhKxAanWsQIJwrEC7Q6xAi2SsQB1xrEAChKxAnnysQD9ArEAvbqxA
k3SsQEN3rEBJaaxA+X6sQPVurED1aaxAb3esQNZ0rECOZ6xAq2usQNB8rECxQ6xASmusQCaH
rEABgaxAWoOsQC9orEBubqxAU3OsQGmArEDQiKxAI3KsQHt+rECHbKxA9GysQL6DrECfcKxA
4X6sQKSgrEAyaaxABnesQDuCrEAkcKxA5Y6sQCGHrECmXqxAm36sQESQrECagKxAWWOsQNB4
rEBLm6xAynWsQA2HrEChiaxAWWmsQGOFrEBRfKxAnZasQGCCrEBNSaxA34isQMWcrEANmKxA
f3OsQCBZrEDGZaxAHoqsQDKVrEBuiaxA1J2sQO+TrEBxo6xA3I2sQFOcrECDjaxAtJesQI+n
rEDif6xAd4WsQC6KrECVhqxAQ6+sQBmarECRZqxACbOsQP2zrEACkaxAP4asQHG7rECkjaxA
V6qsQFmRrECsnqxAoHqsQL13rEBIwqxAmq6sQIx0rEANuqxA0oSsQFeVrECvgKxAIaysQAaW
rECCqaxAeaGsQLa5rECamKxA3qasQAG6rEBIxKxAQsesQE6PrECyk6xAcIqsQMCkrEAXjKxA
jKmsQG+wrEBivKxAoLOsQGC1rEAEjqxAAJqsQB6JrEAYpaxA9p6sQLGnrEBnlqxA19esQDWx
rEDskaxAGK+sQDrVrEBcl6xA+cesQFKhrECJp6xAHbesQLWirEBPqqxAe5usQCGQrECsrKxA
g4+sQC2+rEBWo6xARKqsQEeyrEAas6xA4KWsQG+6rEB0pqxABK6sQCKyrED3yKxA5bCsQH/G
rECezKxAWtOsQN7HrEDVu6xAvr+sQKW+rEA116xAdbasQJC3rEC/paxAwtysQAG1rEC4vqxA
UMesQFrErEC0laxAHs6sQKnOrEAts6xAF7msQPTErECL4KxAubSsQCXrrEAQ2KxAfMysQD/U
rEBfwaxAr8asQHvirEDDqqxAls2sQMHZrEC65qxAA52sQMO5rECRrqxA4L6sQP7trEDf0qxA
jtSsQFiwrEDo2qxA+LesQLDBrECy5axA4uasQCrSrEDt7KxAOaisQEa5rECe2KxAtLqsQETl
rEA3u6xAMtasQBvjrEA9uqxAadesQFDOrEB9+6xAUNesQHHTrEDm2axAuKqsQK++rEDB5KxA
2+SsQNT0rEC8sKxA99msQB/3rEBm2qxA3AutQB62rECW/axAZOCsQB78rECl46xA+cysQJYM
rUBC7axAAuGsQAnorEBD9qxAyuWsQA3KrEAeBa1Ad/GsQC7WrECs26xAzs6sQIvbrECow6xA
7fesQOMIrUD8Cq1ArfisQBXurEAv7KxAeu+sQBK5rEDpv6xAMPKsQJL7rECjxaxATvisQJvu
rECd2axA/OisQOD4rECd4qxAGeOsQCrirEDs9qxAN+ysQO8BrUALuKxAWROtQL3xrEDYu6xA
tOesQB3OrEAB86xAFPasQOH0rEBl8qxA9N6sQP73rECQ+KxAcgGtQJPzrEDe66xAFuqsQP7t
rEBV16xAbwStQNjqrECbBK1Alf2sQP0GrUAb+axA7emsQAHqrED9AK1A2OqsQIT5rECi/qxA
NRWtQILyrED6Ea1AqBitQAMYrUCSCK1AT/qsQDL3rEAICK1AWgStQAwFrUDNHa1ALP2sQKIG
rUATAa1AfO2sQMHPrEDK8KxAWBatQNEOrUBV+6xAz/asQJsBrUCuCK1AQA6tQEj7rECeHa1A
rQqtQMsVrUBnDq1AHv6sQO0ErUBNDq1AqP6sQF8SrUCmNK1Al/2sQNAQrUDqFa1AJeusQE/8
rEBFIa1AtAStQKAarUD1Eq1AYuisQAcZrUDCC61AWxatQNAUrUCzJ61A6PysQFY4rUDiMq1A
N0mtQEYgrUDQFq1AVyOtQO4brUA3Iq1AlSKtQAIhrUAHOK1AZRytQC74rEA9Ga1A1SKtQLET
rUBBOK1AVyetQJI7rUCiLa1AkhWtQFcprUAl/qxAvimtQJpKrUBuKa1AgQutQGcyrUDOJq1A
NCytQCw/rUC7HK1AGBWtQO4VrUDBIK1A+BStQHQdrUAnNK1A4jKtQIdUrUBlN61A5BKtQCFc
rUB+UK1AliqtQNEnrUDRNK1AaUCtQLcorUBoMq1AOiKtQJVIrUCK8axAbUOtQI8OrUDtM61A
ACqtQI4urUBfTK1AIhWtQCwWrUBcOq1ALEqtQJM/rUBjMK1AeDutQAg2rUC6La1A5BatQIot
rUAXOa1AqDytQBBhrUB3H61AfxqtQD1GrUDLMa1ArketQLYnrUDHM61AOz6tQJdOrUB0JK1A
DiytQMRBrUA8P61A5EGtQEJLrUA1IK1Ak0ytQNA6rUC6O61ARDitQF1ArUDtHK1ACBCtQNpE
rUBISq1AHjGtQIhSrUBCZ61ACU2tQK5LrUBhLK1AiyetQElKrUAELK1A31StQHlKrUBENK1A
Wj6tQLIWrUCkaq1AiCitQBkvrUA5XK1APjatQNFIrUCjUa1Adj2tQOlNrUDyIa1AokmtQAdA
rUBxQq1AXiqtQMZCrUABR61AlGGtQPtPrUCQTK1AFHCtQFBnrUATKK1AfC6tQIVOrUCYUa1A
hEStQJ5hrUAQPK1Awk6tQPZSrUADWq1AHmWtQOddrUD+Ia1An1+tQFY3rUD2c61AllatQMRO
rUDcZq1AUWutQKVZrUAKQ61A92CtQJBUrUDFbq1A5EutQC86rUALSa1A2XKtQGxlrUDVR61A
xmutQO5HrUAvYq1AHGmtQFBsrUBbNq1A82+tQI9ZrUBXaq1A+VytQAR3rUBPba1A1GmtQCR4
rUABeK1ASVWtQHBjrUCNW61Av0+tQMFbrUDbXq1AFkqtQMWHrUDpYq1AoGqtQMBmrUBNcq1A
402tQOJerUBvY61AfWetQGNzrUB3cK1A8lutQI1UrUB5iq1AbX+tQBiYrUCdZq1AhWatQFVW
rUDBba1AW1qtQJp9rUChVa1Am5CtQBNjrUA1ea1Ae6CtQFOUrUCtgK1AUnetQON/rUAnhK1A
lX2tQEZrrUDckK1AnKWtQDxDrUD9c61A15WtQF5orUCXeq1AtoStQAiKrUA3fK1A2pytQK2F
rUDZca1AfWetQAd7rUBEZ61AeXOtQMBtrUDUbq1AmHatQOBkrUAvl61A0XOtQG+ErUBYSa1A
wImtQDl4rUBQs61A4HqtQMyvrUBcj61A826tQLaNrUCNgq1AkHytQM57rUBJoK1AMXutQJWN
rUB+ga1AJ4KtQAeHrUBZfa1AtqOtQMmGrUD7iK1AT6WtQMCHrUC3gK1AvZytQHSDrUBHf61A
DmitQFGGrUBgna1AW4CtQHuArUA4ca1AlJutQMSErUAuka1A</AssayYData></Step><Step><CommonData><SampleLocation>1</SampleLocation><SampleID>Octet Buffer</SampleID><SampleGroup></SampleGroup><SampleInfo></SampleInfo><SampleRow>K</SampleRow><SamplePlate>1</SamplePlate><WellType>BUFFER</WellType><Concentration>-1</Concentration><ConcentrationUnits>µg/ml</ConcentrationUnits><MolarConcentration>-1</MolarConcentration><MolarConcUnits>nM</MolarConcUnits><MolecularWeight>0</MolecularWeight><Temperature>30</Temperature><StartTime>7344451</StartTime><AssayTime>300</AssayTime></CommonData><FlowRate>1000</FlowRate><StepType>DISASSOC</StepType><StepName>Dissociation</StepName><StepStatus>OK</StepStatus><ActualTime>300.001</ActualTime><CycleTime>0.2</CycleTime><AssayXData Points="1500">SJDJReSRyUV9k8lFF5XJRbCWyUVImMlF4pnJRX2byUUXnclFrp7JRUigyUXkoclFe6PJRRWl
yUWwpslFSqjJReKpyUV7q8lFF63JRa6uyUVIsMlF4rHJRXuzyUUVtclFrrbJRUi4yUXiuclF
fbvJRRW9yUWuvslFSsDJReLByUV7w8lFFcXJRa7GyUVIyMlF4snJRX3LyUUVzclFrs7JRUjQ
yUXi0clFf9PJRRXVyUWu1slFSNjJReLZyUV728lFFd3JRa7eyUVK4MlF4uHJRX3jyUUV5clF
sObJRUjoyUXi6clFe+vJRRXtyUWw7slFSPDJReTxyUV988lFFfXJRa72yUVI+MlF5PnJRX37
yUUV/clFrv7JRUgAykXkAcpFfQPKRRUFykWwBspFSAjKReQJykV9C8pFFQ3KRa4OykVIEMpF
4hHKRX0TykUVFcpFsBbKRUoYykXkGcpFexvKRRUdykWuHspFSCDKReIhykV7I8pFFyXKRa4m
ykVIKMpF4inKRXsrykUXLcpFsC7KRUgwykXiMcpFezPKRRU1ykWuNspFSDjKReI5ykV7O8pF
Fz3KRa4+ykVIQMpF5EHKRX1DykUVRcpFrkbKRUhIykXiScpFe0vKRRVNykWwTspFSFDKReJR
ykV7U8pFFVXKRa5WykVIWMpF4lnKRX1bykUXXcpFsF7KRUhgykXiYcpFe2PKRRdlykWuZspF
SGjKReJpykV7a8pFFW3KRa5uykVKcMpF4nHKRX1zykUVdcpFrnbKRUh4ykXkecpFe3vKRRd9
ykWwfspFSIDKReKBykV7g8pFFYXKRbCGykVIiMpF4onKRX2LykUVjcpFro7KRUiQykXkkcpF
e5PKRRWVykWulspFSJjKReSZykV7m8pFFZ3KRbCeykVIoMpF4qHKRXujykUVpcpFrqbKRUio
ykXkqcpFfavKRRetykWwrspFSLDKReSxykV7s8pFF7XKRa62ykVKuMpF4rnKRXu7ykUVvcpF
sL7KRUrAykXiwcpFe8PKRRfFykWwxspFSMjKReTJykV9y8pFFc3KRa7OykVK0MpF4tHKRXvT
ykUV1cpFrtbKRUrYykXm2cpFe9vKRRfdykWu3spFSODKReLhykV948pFFeXKRa7mykVI6MpF
4unKRX3rykUV7cpFsO7KRUjwykXk8cpFe/PKRRX1ykWu9spFSPjKReT5ykV9+8pFF/3KRbD+
ykVKAMtF4gHLRXsDy0UVBctFsAbLRUgIy0XiCctFewvLRRUNy0WyDstFSBDLReIRy0V7E8tF
FRXLRa4Wy0VIGMtF4hnLRXsby0UXHctFrh7LRUogy0XiIctFfSPLRRcly0WwJstFSijLReIp
y0V7K8tFFS3LRa4uy0VKMMtF4jHLRX0zy0UVNctFsDbLRUg4y0XiOctFezvLRRU9y0WuPstF
SEDLReRBy0V9Q8tFFUXLRa5Gy0VISMtF4knLRX1Ly0UVTctFrk7LRUhQy0XkUctFfVPLRRdV
y0WuVstFSFjLReJZy0V9W8tFF13LRbBey0VIYMtF5GHLRXtjy0UVZctFrmbLRUpoy0XkactF
e2vLRRVty0WwbstFTHDLReJxy0V7c8tFFXXLRa52y0VIeMtF4nnLRX17y0UVfctFrn7LRUiA
y0XigctFe4PLRRWFy0WwhstFSojLReSJy0V9i8tFF43LRa6Oy0VIkMtF4pHLRXuTy0UXlctF
rpbLRUqYy0XimctFfZvLRRWdy0WunstFSKDLReKhy0V7o8tFF6XLRa6my0VIqMtF5KnLRXur
y0UVrctFrq7LRUiwy0XisctFfbPLRRW1y0WutstFSrjLReS5y0V7u8tFFb3LRa6+y0VIwMtF
4sHLRXvDy0UVxctFrsbLRUrIy0XkyctFe8vLRRXNy0WwzstFSNDLReTRy0V908tFF9XLRa7W
y0VI2MtF4tnLRXvby0UV3ctFrt7LRUjgy0Xk4ctFe+PLRRXly0Wu5stFSOjLReLpy0V768tF
Fe3LRa7uy0VI8MtF5PHLRXvzy0UV9ctFrvbLRUj4y0Xi+ctFffvLRRX9y0Ww/stFSADMReQB
zEV9A8xFFwXMRa4GzEVICMxF5AnMRX0LzEUXDcxFrg7MRUgQzEXiEcxFfRPMRRUVzEWuFsxF
TBjMReYZzEV9G8xFFR3MRbAezEVIIMxF4iHMRX0jzEUVJcxFribMRUoozEXiKcxFeyvMRRct
zEWuLsxFSDDMReIxzEV7M8xFFTXMRbA2zEVKOMxF4jnMRXs7zEUXPcxFrj7MRUpAzEXiQcxF
e0PMRRVFzEWuRsxFSkjMReRJzEV7S8xFF03MRbBOzEVKUMxF4lHMRX1TzEUVVcxFrlbMRUpY
zEXiWcxFe1vMRRVdzEWuXsxFSmDMReJhzEV9Y8xFF2XMRa5mzEVKaMxF5GnMRX1rzEUXbcxF
rm7MRUpwzEXkccxFe3PMRRd1zEWwdsxFSHjMReJ5zEV9e8xFF33MRa5+zEVIgMxF4oHMRXuD
zEUVhcxFsIbMRUiIzEXkicxFfYvMRRWNzEWwjsxFSJDMReKRzEV7k8xFF5XMRa6WzEVImMxF
5JnMRX2bzEUVncxFsJ7MRUigzEXkocxFe6PMRRWlzEWupsxFSKjMReKpzEV7q8xFF63MRa6u
zEVKsMxF4rHMRXuzzEUVtcxFsLbMRUi4zEXiucxFe7vMRRm9zEWwvsxFSMDMReTBzEV7w8xF
F8XMRa7GzEVKyMxF4snMRX3LzEUVzcxFrs7MRUjQzEXk0cxFe9PMRRXVzEWu1sxFSNjMReLZ
zEV728xFF93MRa7ezEVI4MxF4uHMRX3jzEUX5cxFrubMRUjozEXi6cxFfevMRRXtzEWu7sxF
SvDMReTxzEV988xFF/XMRbD2zEVK+MxF4vnMRX37zEUV/cxFrv7MRUoAzUXkAc1FfQPNRRUF
zUWuBs1FSAjNReIJzUV9C81FFQ3NRbAOzUVKEM1F4hHNRX0TzUUXFc1FrhbNRUgYzUXkGc1F
exvNRRcdzUWuHs1FSCDNReIhzUV9I81FFSXNRa4mzUVIKM1F4inNRX0rzUUVLc1Fri7NRUgw
zUXkMc1FfTPNRRU1zUWuNs1FSDjNReI5zUV7O81FFz3NRa4+zUVIQM1F4kHNRXtDzUUVRc1F
rkbNRUhIzUXkSc1FfUvNRRVNzUWwTs1FSFDNReJRzUV9U81FF1XNRa5WzUVKWM1F5FnNRX1b
zUUXXc1Frl7NRUpgzUXiYc1Fe2PNRRVlzUWuZs1FSmjNReRpzUV9a81FFW3NRa5uzUVIcM1F
4nHNRXtzzUUXdc1FsHbNRUh4zUXiec1Fe3vNRRd9zUWufs1FSIDNReKBzUV9g81FFYXNRa6G
zUVKiM1F5InNRXuLzUUVjc1Fro7NRUiQzUXkkc1Fe5PNRReVzUWwls1FSpjNReKZzUV9m81F
FZ3NRa6ezUVKoM1F4qHNRXujzUUVpc1FrqbNRUqozUXiqc1Fe6vNRRetzUWurs1FSLDNReKx
zUV7s81FF7XNRa62zUVKuM1F4rnNRX27zUUXvc1Frr7NRUrAzUXiwc1Fe8PNRRXFzUWuxs1F
SMjNReLJzUV9y81FFc3NRa7OzUVK0M1F5NHNRXvTzUUV1c1FsNbNRUjYzUXi2c1FfdvNRRXd
zUWu3s1FSODNReLhzUV7481FFeXNRa7mzUVI6M1F5OnNRX3rzUUV7c1Fru7NRUrwzUXi8c1F
ffPNRRf1zUWu9s1FSvjNReL5zUV9+81FFf3NRa7+zUVIAM5F4gHORXsDzkUVBc5FrgbORUoI
zkXkCc5FewvORRcNzkWuDs5FSBDOReIRzkV7E85FFRXORa4WzkVIGM5F4hnORXsbzkUVHc5F
rh7ORUggzkXkIc5FfSPORRclzkWuJs5FSijOReQpzkV9K85FFS3ORa4uzkVIMM5F4jHORX0z
zkUVNc5FsDbORUo4zkXiOc5FfTvORRU9zkWuPs5FSEDOReRBzkV7Q85FFUXORa5GzkVISM5F
5EnORXtLzkUVTc5Frk7ORUhQzkXkUc5Fe1PORRdVzkWuVs5FSFjOReRZzkV7W85FFV3ORa5e
zkVKYM5F4mHORXtjzkUVZc5FsGbORUhozkXkac5Fe2vORRdtzkWubs5FSHDOReJxzkV9c85F
F3XORbB2zkVIeM5F4nnORX17zkUVfc5Frn7ORUiAzkXigc5Fe4PORReFzkWuhs5FSIjOReKJ
zkV9i85FFY3ORbCOzkVIkM5F5JHORX2TzkUVlc5FrpbORUiYzkXimc5Fe5vORRWdzkWwns5F
SqDOReKhzkV9o85FFaXORa6mzkVIqM5F5KnORXurzkUVrc5Fsq7ORUiwzkXisc5Fe7PORRW1
zkWwts5FSrjOReS5zkV9u85FF73ORa6+zkVKwM5F4sHORXvDzkUVxc5FsMbORUjIzkXiyc5F
e8vORRXNzkWwzs5FSNDOReTRzkV9085FF9XORbDWzkVK2M5F4tnORXvbzkUX3c5Frt7ORUjg
zkXk4c5Fe+PORRflzkWw5s5FSujOReTpzkV9685FFe3ORbDuzkVI8M5F5PHORX3zzkUV9c5F
rvbORUr4zkXi+c5FffvORRX9zkWw/s5FSgDPReIBz0V7A89FFQXPRa4Gz0VKCM9F5AnPRXsL
z0UVDc9Frg7PRUgQz0XkEc9FexPPRRUVz0WwFs9FShjPReIZz0V9G89FFR3PRa4ez0VIIM9F
5CHPRX0jz0UXJc9FribPRUooz0XkKc9FeyvPRRUtz0WuLs9FSjDPReIxz0V7M89FFTXPRa42
z0VIOM9F4jnPRX07z0UVPc9Frj7PRUpAz0XiQc9Fe0PPRRdFz0WuRs9FSEjPReJJz0V7S89F
FU3PRbBOz0VIUM9F5FHPRX1Tz0UVVc9FrlbPRUhYz0XkWc9FfVvPRRVdz0WuXs9FSGDPReJh
z0V7Y89FFWXPRa5mz0VIaM9F5GnPRXtrz0UXbc9Frm7PRUhwz0Xkcc9Fe3PPRRV1z0Wuds9F
SnjPReJ5z0V9e89FFX3PRbB+z0VKgM9F4oHPRX2Dz0UXhc9FrobPRUqIz0Xiic9Fe4vPRRWN
z0Wwjs9FSpDPReKRz0V7k89FFZXPRa6Wz0VImM9F4pnPRX2bz0UXnc9Frp7PRUigz0Xioc9F
e6PPRRWlz0Wups9FSqjPReSpz0V7q89FF63PRbCuz0VKsM9F5LHPRX2zz0UVtc9FrrbPRUq4
z0Xkuc9Fe7vPRRW9z0Wuvs9FSsDPReLBz0V9w89FFcXPRa7Gz0VKyM9F5MnPRX3Lz0UVzc9F
rs7PRUjQz0Xi0c9Fe9PPRRfVz0Ww1s9FSNjPReTZz0V7289FF93PRbDez0VI4M9F4uHPRXvj
z0UV5c9FsObPRUroz0Xi6c9FfevPRRXtz0Wu7s9FSPDPReLxz0V7889FF/XPRa72z0VI+M9F
5PnPRXv7z0UX/c9Frv7PRUgA0EXiAdBFewPQRRcF0EWuBtBFSgjQReQJ0EV9C9BFFw3QRa4O
0EVIENBF4hHQRX0T0EUXFdBFrhbQRUoY0EXkGdBFfRvQRRUd0EWwHtBFSiDQReIh0EV9I9BF
FSXQRbAm0EVKKNBF4inQRXsr0EUVLdBFri7QRUgw0EXiMdBFfTPQRRU10EWwNtBFSDjQReI5
0EV7O9BFFz3QRa4+0EVIQNBF4kHQRX1D0EUXRdBFrkbQRUhI0EXiSdBFfUvQRRVN0EWuTtBF
SlDQReJR0EV7U9BFF1XQRbBW0EVIWNBF4lnQRXtb0EUXXdBFrl7QRUhg0EXiYdBFe2PQRRVl
0EWuZtBFSGjQReRp0EV7a9BFF23QRa5u0EVKcNBF5HHQRXtz0EUVddBFrnbQRUp40EXiedBF
fXvQRRd90EWuftBFSoDQReKB0EV7g9BFF4XQRbCG0EVIiNBF5InQRXuL0EUVjdBFro7QRUqQ
0EXikdBFe5PQRRWV0EWultBFSJjQReKZ0EV7m9BFFZ3QRa6e0EVKoNBF4qHQRXuj0EUXpdBF
rqbQRUio0EXkqdBFfavQRRWt0EWwrtBFSLDQReSx0EV9s9BFF7XQRbC20EVIuNBF4rnQRX27
0EUVvdBFsL7QRUjA0EXiwdBFfcPQRRfF0EWwxtBFSMjQReTJ0EV9y9BFF83QRa7O0EVK0NBF
5NHQRX3T0EUX1dBFsNbQRUjY0EXk2dBFe9vQRRXd0EWu3tBFSODQReLh0EV749BFFeXQRbDm
0EVK6NBF5OnQRX3r0EUV7dBFru7QRUrw0EXk8dBFffPQRRX10EWw9tBFSPjQReT50EV9+9BF
F/3QRa7+0EVIANFF4gHRRX0D0UUXBdFFrgbRRUgI0UXkCdFFfQvRRRUN0UWwDtFFShDRReQR
0UV9E9FFFRXRRbAW0UVIGNFF4hnRRXsb0UUXHdFFrh7RRUog0UXiIdFFeyPRRRcl0UWwJtFF
SijRReIp0UV9K9FFFy3RRbAu0UVIMNFF5DHRRX0z0UUVNdFFrjbRRUg40UXiOdFFfTvRRRU9
0UWuPtFFSEDRReJB0UV9Q9FFF0XRRa5G0UVISNFF4knRRX1L0UUXTdFFrk7RRUhQ0UXkUdFF
e1PRRRVV0UWwVtFFSljRReJZ0UV7W9FFFV3RRa5e0UVIYNFF4mHRRX1j0UUXZdFFrmbRRUpo
0UXiadFFf2vRRRVt0UWwbtFFSnDRReJx0UV7c9FFF3XRRbB20UVKeNFF5HnRRXt70UUXfdFF
sH7RRUiA0UXkgdFFe4PRRReF0UWwhtFFSIjRReSJ0UV9i9FFF43RRa6O0UVIkNFF4pHRRX2T
0UUVldFFsJbRRUiY0UXimdFFe5vRRRWd0UWuntFFSKDRReSh0UV7o9FFF6XRRa6m0UVIqNFF
5KnRRX2r0UUVrdFFrq7RRUiw0UXksdFFe7PRRRW10UWuttFFSLjRReK50UV7u9FFF73RRa6+
0UVIwNFF5MHRRX3D0UUVxdFFrsbRRUjI0UXiydFFe8vRRRfN0UWwztFFStDRReTR0UV709FF
F9XRRa7W0UVI2NFF4tnRRXvb0UUV3dFFrt7RRUrg0UXi4dFFfePRRRXl0UWu5tFFSujRReLp
0UV769FFFe3RRbDu0UVK8NFF4vHRRXvz0UUV9dFFsPbRRUj40UXi+dFFe/vRRRf90UWu/tFF
SADSReIB0kV9A9JFFQXSRa4G0kVKCNJF5AnSRX0L0kUVDdJFrg7SRUgQ0kXiEdJFexPSRRUV
0kWwFtJFSBjSReIZ0kV9G9JFFR3SRa4e0kVKINJF5iHSRXsj0kUXJdJFribSRUgo0kXkKdJF
fSvSRRUt0kWwLtJFSDDSReQx0kV7M9JFFTXSRbA20kVIONJF4jnSRX070kUVPdJFrj7SRUhA
0kXiQdJFe0PSRRdF0kWwRtJFSEjSReJJ0kV7S9JFF03SRa5O0kVIUNJF4lHSRXtT0kUXVdJF
rlbSRUpY0kXiWdJFe1vSRRdd0kWwXtJFSGDSReRh0kV7Y9JFF2XSRa5m0kVKaNJF5GnSRXtr
0kUXbdJFrm7SRUhw0kXicdJFe3PSRRd10kWudtJFSnjSReR50kV7e9JFF33SRa5+0kVIgNJF
4oHSRX2D0kUXhdJFrobSRUiI0kXkidJFe4vSRRWN0kWwjtJFSpDSReSR0kV7k9JFF5XSRa6W
0kVImNJF4pnSRXub0kUVndJFrp7SRUqg0kXiodJFfaPSRRWl0kWuptJFSKjSReSp0kV7q9JF
Fa3SRbCu0kVIsNJF4rHSRXuz0kUXtdJFsLbSRUq40kXiudJFfbvSRRe90kWuvtJFSMDSReLB
0kV9w9JFFcXSRa7G0kVIyNJF5MnSRXvL0kUVzdJFrs7SRUjQ0kXi0dJFe9PSRRXV0kWw1tJF
SNjSReLZ0kV929JFF93SRa7e0kVK4NJF4uHSRXvj0kUV5dJFsObSRUro0kXk6dJFfevSRRft
0kWw7tJF</AssayXData><AssayYData Points="1500">y6GsQFz8rEATBa1AUtKsQFLerEA47qxAdvesQK7xrEDgG61AGgutQPMErUABNK1AgA+tQGUY
rUCpGq1AISatQLTyrEACLq1AmBatQIMzrUAJRK1A8hqtQG4PrUCmJK1AkyqtQNokrUClJa1A
kD6tQJQUrUBEEK1AuTStQGxDrUB3Pa1ACEutQB43rUBbPq1AviatQLtFrUAiNq1A9EitQFlN
rUCMOa1ARkGtQBcnrUBUL61ASjqtQA5UrUB+Qq1AlCetQHwtrUCjLa1AIhWtQLArrUDWP61A
V0+tQKF1rUCWPq1ANSatQAZnrUCALq1APz+tQA0krUBbN61AAzOtQLxOrUBJPK1AVlCtQPZS
rUBcU61A406tQDdErUCdQa1ADU+tQARkrUCZUK1AEECtQEZLrUCFN61A6GytQF9XrUDFJ61A
mVatQLBBrUCsEq1AvT2tQIVvrUASPa1A6EWtQMJSrUDgZ61AAFOtQExfrUBcb61Ad0itQINy
rUA/Wa1AYC6tQNF2rUDXWa1A4FCtQIllrUDGcq1AHz2tQDNUrUBUZa1A/VCtQPI+rUCOZ61A
ynCtQAxArUDgSa1AqVStQDdMrUAOeq1AhkytQDSGrUA0Vq1A3JCtQEldrUDqQK1Ay0CtQHpZ
rUCmb61AvWatQDVhrUBLY61AiXatQF1KrUDnj61AuFmtQK5ZrUBSWa1AUICtQOddrUAOea1A
uDytQB1PrUApc61AQ0ytQPd7rUBcZK1AS12tQMhkrUCNWq1A12itQO50rUAhg61AxYqtQCNg
rUDXWa1AMWetQH5srUD4dK1AM2etQJBerUBkfa1AxlOtQH2crUDTfK1AxnWtQAt9rUDTdq1A
PXGtQEttrUD1ea1AHI+tQABcrUCsea1AmXytQGdxrUCle61AUZOtQNJyrUC4cq1A84qtQHx4
rUB/dq1AHGatQBd3rUCCdK1A6HStQDSCrUCgba1A/JCtQC2WrUBwYa1AFIGtQPttrUC9qq1A
c4qtQKdtrUBac61AxIWtQOCCrUDfp61Acp2tQBmerUAFl61AR3CtQECErUBvn61AAnqtQMyw
rUAqda1Ak2mtQAyZrUCab61AToGtQHWGrUCnb61ASpetQDyWrUDJn61A0IStQMJzrUDPla1A
gX+tQCuNrUAlm61AEHmtQGuLrUDNnq1Au5atQIWvrUDPp61AyYWtQGusrUAQeq1Ak6GtQGGj
rUAhl61A/oWtQI+LrUDmd61AraStQLykrUAKmK1AV4StQAKPrUDesK1AIKitQOiIrUC9kK1A
vICtQFmhrUB0ea1AAoqtQFWfrUDyjK1AtI6tQAyYrUAbja1A4oitQIm5rUD4fK1A7KWtQKKX
rUAYma1AZaqtQN6NrUCOhq1A9X6tQCakrUDyqa1AJp+tQIygrUB+oq1AOpGtQNrIrUCmcK1A
Q4mtQGB6rUBTra1AiGitQLKfrUC3ra1Aw8CtQGezrUBvmq1AJcWtQDqfrUDCn61AXaytQEGs
rUBMkK1AM6StQFG3rUADkK1AcLStQF+3rUB8sa1ArsutQKjjrUC8wa1AqI2tQBKzrUARvq1A
4aetQOTRrUBlra1AOqqtQEzorUC+rK1Ar5WtQPS4rUCWsa1AwqGtQFjrrUBDzK1AiKytQJyn
rUBCvK1AFb6tQDWzrUBo0K1A3NGtQB+vrUAovK1AoKatQCTTrUCEm61A87OtQNW7rUB6tK1A
nsKtQD/SrUCc061A176tQHzErUAwxq1Ae8utQMjNrUAjoq1AwcWtQBW6rUDHqq1AhMqtQJO9
rUDm1a1AttOtQPzIrUASla1AQLmtQJvArUB5oa1AJ7atQAnfrUBRuq1AWcCtQIndrUDh4a1A
BrGtQFvFrUBG361AaritQJzerUC1zq1ARNetQEbUrUC1sq1AgtStQFDOrUD1v61A+66tQJ7L
rUA6vq1AQqCtQCzarUAFyK1AuLCtQJW+rUAU7q1AWLytQEPOrUBDr61AxNatQDS9rUCv+q1A
f/OtQCTTrUD2zq1AYNmtQATTrUBL2a1AduOtQGHOrUBLu61AOM+tQDPdrUAZz61AmsGtQJnJ
rUDTtq1A2cStQOfprUBE4K1A/+6tQMP4rUAt561AqPKtQJT+rUDZ3a1AieKtQJXsrUBP8K1A
bPKtQBPmrUD23K1AX9mtQH36rUCWxa1ANfStQM/hrUDK4q1AfdWtQHfSrUDC3q1AN9utQDHq
rUD97q1AONytQEfsrUDQ1q1A2tqtQFDTrUBl561AK+CtQIXYrUBQyK1A3/StQDrKrUCx2q1A
Q+StQNXdrUBw261AfPKtQAXNrUC7461AhuGtQP3rrUAG9q1Agf+tQGfvrUBv061AvtmtQAbj
rUC8161AyuOtQMTkrUDd6q1A5+atQEj/rUCkza1AmcutQA0ErkB91a1A1fStQPH2rUDz1a1A
aBCuQDvprUBc/61Aa8ytQLPZrUA10a1A+O6tQLj6rUAC/K1AHNytQCr8rUAT+q1AMAmuQLYN
rkCy+a1AewCuQFL7rUBYB65AAPmtQPz+rUB1961Amf6tQDrDrUCy961ATAiuQGvyrUBL9K1A
GCKuQOf8rUAI8K1ARuetQOcKrkBJ6a1A1RiuQHTrrUA4Ba5AtwGuQCQarkCJF65Amg6uQOjW
rUDQD65ARw6uQMUFrkD7861ArQeuQMX1rUCcJK5ApgOuQFgXrkBu8q1AHM+tQO0UrkDiDK5A
ahOuQMT6rUANCa5AKPutQGwSrkDxDK5AsB2uQOYdrkBQCK5AghSuQM8HrkCDHK5AWgKuQBv+
rUBYOK5A0B6uQNYRrkAeFK5AHBOuQKsKrkA3Rq5AxgCuQDIQrkDU9a1Aqf6tQHAPrkC6Ia5A
4AuuQG0HrkCw/61AMASuQIAcrkDE8q1ArzOuQGMsrkBJIq5A3hmuQIIGrkCPAK5ADxauQHUp
rkDYD65A8ymuQOpArkCn9K1AhfatQNAKrkBjDK5AzuytQK0wrkBSI65A9uitQNdHrkBqMK5A
vCWuQCJArkCOLq5A2hmuQD4YrkA9EK5ANieuQNsjrkD7Ca5AdBauQCAkrkBRKa5AnR2uQO8V
rkATN65AeCKuQMwrrkD3I65AMjeuQBUDrkDpD65AUCuuQCsbrkChFq5ANCWuQJ4hrkDk+K1A
SS6uQNstrkD3Pq5AUzyuQE4hrkB9Rq5AuxSuQK4trkB++K1AVDOuQEIprkBfUa5ATxmuQIMe
rkDtF65AxEauQMdArkDFM65AURGuQHM3rkBVHq5AKyGuQJ5GrkAQU65AoC6uQEsdrkB1Ma5A
nlOuQIEgrkC+GK5AjkOuQEAxrkAJQK5AK0OuQFQerkD0La5AqUuuQFo1rkAAN65AcQuuQEA5
rkAoG65A1j2uQOYXrkBoNq5ARDiuQPE7rkC/M65ARx6uQJ1CrkB+Oq5A4iauQGYqrkB7W65A
HjOuQCM9rkCBVK5AR1SuQMdIrkAaM65Aqj6uQB9HrkAYM65AnViuQPdOrkD1J65ASEauQJxU
rkBwO65AolOuQD83rkAwQq5AiDeuQJYgrkCiM65AvUuuQEc9rkA7Tq5A0VWuQIpSrkC8Oq5A
nHmuQAZYrkB/Oq5AYSmuQOVXrkDtJa5ABFeuQO5IrkB1V65AKGyuQFY9rkB5Uq5Ayk+uQPg8
rkDSZK5A0T+uQGpurkAzNK5ArVeuQN1mrkBgXa5AEjiuQGNDrkCWG65AfFWuQOtFrkBGSa5A
W2yuQARtrkC4Ma5Al1quQPpcrkBRTK5A0UeuQLxDrkBZQK5AzGyuQNhQrkB6UK5AW0CuQNaE
rkCPca5AsFyuQHhBrkDxZK5AyGquQFdqrkDBa65Ajk2uQNl6rkAoWK5A0FyuQNdzrkBvZq5A
4GyuQH1qrkCnc65AxViuQCI2rkBUUq5AG0euQCNhrkBOZq5ArlquQMNRrkCAXq5A0jCuQHVL
rkCuZK5AB1uuQFdmrkDyda5Apm2uQCRtrkCua65A222uQHtOrkCKaK5AmT6uQBxkrkAvRq5A
bF+uQNlQrkAgSq5AJGWuQHNrrkDLVa5AaXCuQNuKrkA7V65AnCyuQN9yrkBdZa5AHz2uQCV5
rkB1Tq5AGICuQEVlrkDjiq5Ask6uQIxkrkAkba5AT0uuQBlkrkCLgq5AaSmuQH5orkC7iq5A
jJiuQEd3rkCYk65AfoOuQHmPrkC3ja5AeoGuQDeTrkADi65AuUquQNw6rkB9hq5AEpWuQKiO
rkBxbq5AeHOuQLJ4rkDRUK5AQm+uQKeVrkBnYq5AzFOuQIxvrkC4Xa5Aj5SuQIpXrkDacq5A
j2euQAZ7rkBsaK5ArGOuQJplrkCoj65AgnquQHOLrkCOYa5A+o+uQFeYrkDYh65At2muQJ1d
rkB8Xq5Ay3SuQFt+rkC6g65AnISuQMhnrkCqhK5A/oGuQC5mrkDzga5AFVeuQCiSrkBxYq5A
dnyuQKFwrkADga5AQGyuQCdbrkAAT65ArXSuQAqHrkBifq5Ag5WuQOKUrkAxla5AeoeuQCh7
rkDxcK5Ai62uQNWUrkCMh65AR3WuQHd4rkAZfa5A5HauQA6nrkCgg65AZoWuQCeyrkAvda5A
TmCuQJakrkB/lK5AfoOuQPadrkBsc65AhHiuQBmhrkAwYa5AqmCuQCanrkBrj65ACrCuQByR
rkCeha5AhYeuQDqorkAepK5AiISuQHx4rkALqa5ANXmuQCqKrkD7j65Ad4KuQF+OrkAMyK5A
SY+uQGt/rkA1pq5Ah5+uQAOCrkBOia5AWqGuQD2HrkDDl65A9YyuQCSqrkDEba5AiK+uQFGl
rkCIna5AW4KuQHOfrkC6ia5AuX2uQIh2rkClya5AcbGuQO6jrkCMiq5AEISuQHuyrkDYna5A
RpWuQHajrkAipa5Agp6uQESXrkA6sK5Az3+uQPS9rkAPna5AlaSuQEqVrkAUya5ASIiuQJ2R
rkCrpK5ArpyuQE6rrkB5oa5AzZ2uQGmirkAfla5AXpyuQPegrkDopK5AGKGuQNWSrkCxo65A
ksKuQAS1rkClxK5AjqeuQPqxrkAcu65AkpiuQMexrkBltK5AV7euQAK9rkCAua5Aga6uQEun
rkBqq65Aon2uQIe6rkALra5AIbKuQB21rkA6oa5AF56uQD+1rkCoo65ACqauQKSorkBCsa5A
j7WuQDunrkBKsa5ACqOuQFDDrkBBua5A8p+uQK3JrkCPxq5AKrWuQGuvrkA0sq5AocWuQIC2
rkDnm65Awc6uQAqgrkDx0K5AUZOuQLTGrkCksq5A9MmuQPXArkDYzq5Atc2uQJiyrkC8t65A
x7OuQISirkC2uq5Ay7SuQN63rkCgxq5AANWuQBjKrkDIsq5AJeCuQLmgrkAToq5AXM2uQGO8
rkDlta5AA9+uQEbIrkCZ0a5AlMeuQFSyrkDLmK5ARs2uQK3SrkDBwq5AMdWuQGvHrkAJ1q5A
9u6uQPq3rkD+ua5Av7muQDq/rkC5va5AN9yuQDazrkA9sa5AfJ6uQLe/rkBlzq5AUfuuQDDN
rkAZ3K5AKeSuQIfErkB73q5A4biuQNnHrkAEuK5ANtyuQGDErkBi/K5AWcKuQC7FrkB4u65A
oc6uQD2+rkBwu65AmNquQCm8rkCvxa5A2ACvQMnfrkAw0K5AhMiuQOTPrkCDva5A+ACvQJPj
rkA/zq5AUM+uQDjPrkD92K5A+sauQCfurkDFsq5A8OWuQO6prkBgAq9AT8quQEPjrkC59q5A
f9SuQG3hrkB9865A97muQNjmrkDLzK5AEPeuQPTxrkD57K5AUPCuQPrYrkCzAq9AlMKuQCnZ
rkAU+K5AL9auQHvRrkAU5a5AW/CuQHQQr0BwzK5A4fuuQInXrkBK165AzdiuQD7brkCd465A
5u+uQEHirkCW6a5A//SuQCbvrkCD565AeveuQAvbrkDj+65APwivQGACr0D12a5AkOKuQEcA
r0Cuza5Acu2uQCrqrkAC2K5A8eKuQA34rkDG+a5AH/CuQCztrkBcyq5ArcOuQCHYrkD+Da9A
LtiuQK/0rkBgxq5A7RKvQPPyrkC61a5AvciuQPwCr0DfFK9AQ9+uQIMAr0DY265AEOeuQD0Y
r0CE4K5AKQivQHH9rkA3Aq9A+RmvQID3rkCw8q5AbOquQG7srkAGAK9A+e+uQNTzrkDk6a5A
DuSuQOrvrkC89K5A8P+uQGcQr0Cx5a5AZyCvQKYGr0BZ+a5ACc6uQOfyrkDxD69ArQuvQM8N
r0Dh/K5AYfKuQHMar0DC765ATuauQFYRr0B7FK9AK9SuQIgNr0B8FK9AqtOuQEDvrkDRD69A
AQKvQEvlrkCo9K5AheyuQE/1rkC1Eq9APAavQF7hrkA2HK9AF/2uQKj6rkCUE69AuROvQCjc
rkDk/65AdwCvQKoBr0CM8K5AE+CuQIABr0DR+a5AbgKvQAzwrkAg865AhxyvQLz5rkDM7q5A
LASvQF4Gr0BEAa9AOSivQNAwr0DhAa9AJQKvQADurkDN/K5A19KuQC3xrkB6/K5AUvyuQDwK
r0CB/65A9AqvQJEgr0CiBK9A8fSuQM4Jr0CjEK9AKSyvQAwlr0CF8q5ArAOvQMAar0DoDq9A
OACvQJT7rkA6J69AJBKvQDEAr0AHFa9A0Q2vQBsIr0BsJq9ApBSvQBIfr0B7Kq9AtveuQCLi
rkAs865AcRmvQO0Er0CWH69AaRWvQNsnr0Dl+a5AUh6vQFIlr0C5HK9AuSKvQIIXr0DoAK9A
rPquQComr0AZ965AGh+vQGADr0BzBK9AFiKvQJ4Pr0A6+65AOxWvQBYPr0AdEK9A8DuvQAz2
rkBhG69AfQ+vQCY5r0A3BK9AyQqvQOQ0r0BbMa9ArguvQDxbr0DuM69Afy2vQOkjr0D8QK9A
AkCvQJwir0BvIK9AzxOvQDEqr0BiMq9AGP2uQEwtr0DPTK9AuzavQLwar0ASF69A3CSvQF0Q
r0DjEa9AwxCvQDcer0CkNK9ARCyvQKokr0DhR69AnzevQBQ5r0BpDa9AVjGvQJ8dr0CGEK9A
QRevQFEMr0D9KK9AmSivQKY1r0BIJa9A2iWvQFBAr0C3P69AwD+vQPQ7r0A4Fq9Aai6vQFpU
r0DcNK9AAzCvQPkYr0CdN69A2TGvQEMzr0CWPq9A0S6vQEozr0BeG69ARw6vQOEbr0DBJq9A
9jmvQNNur0BfHK9A82evQOEyr0CKOa9AwDOvQFwMr0A4Wa9AyC6vQEw5r0BYHa9AZzSvQEMQ
r0BuNq9AfjOvQBYzr0D6N69AUlGvQOs4r0DPRa9AQlCvQLtYr0DyNq9ACDqvQMU9r0CPR69A
UTWvQHZdr0CFQq9Amy6vQINMr0DlSq9AKymvQKpkr0AiLK9AczevQKNJr0DqWK9A0DuvQMpL
r0DiOa9ASkGvQO9lr0C6Pq9AmlKvQA0/r0BNNK9ARDuvQDIvr0A5Rq9AgEuvQKksr0CuL69A
CzivQEtjr0D7Rq9A2FSvQFtGr0CkTK9AlyavQMZIr0AyVq9AzFGvQBtFr0CfPK9Aok+vQHAy
r0ChHq9AWUuvQIZQr0D5Ja9Ar0WvQCInr0DSYq9AXEOvQD9Br0BPKa9AjWyvQGlBr0AbRa9A
gFivQNdmr0DURK9AHyWvQDROr0BcJ69A7FavQARLr0BlVK9Auk2vQPZIr0BrYq9AOjivQEtq
r0DgUq9AXmWvQNknr0AkXK9A4kevQGJSr0AdZK9AeUOvQKFSr0AeQa9AFzyvQOBPr0ATSa9A
SmCvQKJgr0ANW69Ag2+vQKFPr0D5b69ATU2vQK4wr0DOaa9AYluvQOdkr0BRa69AVXWvQHt6
r0CDR69A1EivQAWDr0CTVq9A03ivQDRwr0BDWq9A12evQPphr0CViq9Ack2vQLxmr0A+XK9A
vE2vQBFbr0AwZK9ANnCvQCNmr0CPXa9AtmyvQIx3r0AUZK9AhHCvQPhfr0CGP69AhEevQLks
r0D5Vq9A</AssayYData></Step><Step><CommonData><SampleLocation>5</SampleLocation><SampleID>Glycine</SampleID><SampleGroup></SampleGroup><SampleInfo></SampleInfo><SampleRow>L</SampleRow><SamplePlate>1</SamplePlate><WellType>REGENERATION</WellType><Concentration>-1</Concentration><ConcentrationUnits>µg/ml</ConcentrationUnits><MolarConcentration>-1</MolarConcentration><MolarConcUnits>nM</MolarConcUnits><MolecularWeight>0</MolecularWeight><Temperature>30</Temperature><StartTime>7653691</StartTime><AssayTime>5</AssayTime></CommonData><FlowRate>1000</FlowRate><StepType>KREGENERATION</StepType><StepName>Regeneration</StepName><StepStatus>OK</StepStatus><ActualTime>4.9998</ActualTime><CycleTime>0.2</CycleTime><AssayXData Points="25">SvDSReTx0kV989JFF/XSRbD20kVO+NJF5vnSRX370kUX/dJFsP7SRUoA00XmAdNFfQPTRRkF
00WwBtNFSgjTReQJ00V9C9NFGQ3TRbAO00VMENNF5hHTRX0T00UXFdNFsBbTRQ==</AssayXData><AssayYData Points="25">gOfvP7hS5j+gleE/I0PfP0073D/H7Nk/oSvXPzrg1D/LRdI/0qvPP9qYzT9WXMs/f8HJP/l+
xz9WpcU/jb7DPzXswT8EeMA/1fe+PxVmvT+XB7w/EWm7Px+ZuT8C4bg/VEK4Pw==</AssayYData></Step><Step><CommonData><SampleLocation>6</SampleLocation><SampleID>PBS</SampleID><SampleGroup></SampleGroup><SampleInfo></SampleInfo><SampleRow>L</SampleRow><SamplePlate>1</SamplePlate><WellType>NEUTRALIZATION</WellType><Concentration>-1</Concentration><ConcentrationUnits>µg/ml</ConcentrationUnits><MolarConcentration>-1</MolarConcentration><MolarConcUnits>nM</MolarConcUnits><MolecularWeight>0</MolecularWeight><Temperature>30</Temperature><StartTime>7667250</StartTime><AssayTime>5</AssayTime></CommonData><FlowRate>1000</FlowRate><StepType>KREGENERATION</StepType><StepName>Regeneration</StepName><StepStatus>OK</StepStatus><ActualTime>4.9998</ActualTime><CycleTime>0.2</CycleTime><AssayXData Points="25">ShjTReYZ00V9G9NFFx3TRbIe00VKINNF5iHTRX8j00UZJdNFsCbTRU4o00XkKdNFfSvTRRkt
00WyLtNFSjDTReYx00V9M9NFFzXTRbA200VMONNF5DnTRX8700UXPdNFsD7TRQ==</AssayXData><AssayYData Points="25">16mcQGVTnUBzn51AHyqeQHKEnkD60J5A6gGfQO9Nn0CCcp9AYqSfQFa2n0AH759AgAegQE8J
oECvDqBA4k6gQLWWoEAQgqBAq62gQMCnoEAC06BA0b+gQL/1oEDqCKFA6/+gQA==</AssayYData></Step><Step><CommonData><SampleLocation>5</SampleLocation><SampleID>Glycine</SampleID><SampleGroup></SampleGroup><SampleInfo></SampleInfo><SampleRow>L</SampleRow><SamplePlate>1</SamplePlate><WellType>REGENERATION</WellType><Concentration>-1</Concentration><ConcentrationUnits>µg/ml</ConcentrationUnits><MolarConcentration>-1</MolarConcentration><MolarConcUnits>nM</MolarConcUnits><MolecularWeight>0</MolecularWeight><Temperature>30</Temperature><StartTime>7680518</StartTime><AssayTime>5</AssayTime></CommonData><FlowRate>1000</FlowRate><StepType>KREGENERATION</StepType><StepName>Regeneration</StepName><StepStatus>OK</StepStatus><ActualTime>4.9998</ActualTime><CycleTime>0.2</CycleTime><AssayXData Points="25">TEDTReZB00V9Q9NFF0XTRbRG00VKSNNF5EnTRX9L00UXTdNFsk7TRUpQ00XkUdNFfVPTRRdV
00WwVtNFTFjTReRZ00V9W9NFF13TRbJe00VMYNNF5mHTRX9j00UZZdNFsmbTRQ==</AssayXData><AssayYData Points="25">1UHSP9EvyT9058I/KMy/P+iCvT9EuLs/T6G5PzmJuD+r+7Y/f8q1PzyNtD/+QLM/HE2zP4r2
sT/a/LA/6AywP+y+rz+NDa8/zUuuP6errT+pFq0/o8qrP1c9rD/KA6s/x/mqPw==</AssayYData></Step><Step><CommonData><SampleLocation>6</SampleLocation><SampleID>PBS</SampleID><SampleGroup></SampleGroup><SampleInfo></SampleInfo><SampleRow>L</SampleRow><SamplePlate>1</SamplePlate><WellType>NEUTRALIZATION</WellType><Concentration>-1</Concentration><ConcentrationUnits>µg/ml</ConcentrationUnits><MolarConcentration>-1</MolarConcentration><MolarConcUnits>nM</MolarConcUnits><MolecularWeight>0</MolecularWeight><Temperature>30</Temperature><StartTime>7693943</StartTime><AssayTime>5</AssayTime></CommonData><FlowRate>1000</FlowRate><StepType>KREGENERATION</StepType><StepName>Regeneration</StepName><StepStatus>OK</StepStatus><ActualTime>5.00078</ActualTime><CycleTime>0.2</CycleTime><AssayXData Points="25">TGjTReZp00V/a9NFG23TRbJu00VMcNNF5nHTRX9z00UbddNFsnbTRUx400XmedNFgXvTRRl9
00WyftNFTIDTReaB00V/g9NFGYXTRbKG00VMiNNF5onTRYGL00UZjdNFtI7TRQ==</AssayXData><AssayYData Points="25">V7ecQElenUAjy51AiSqeQJpVnkBB6J5AttCeQMonn0DTYp9A4ZKfQMCYn0DsAKBAOQKgQC86
oEAEUqBATmKgQJ5eoEBtmKBAIL2gQBShoEC30qBA1eCgQC3OoECB86BArvigQA==</AssayYData></Step><Step><CommonData><SampleLocation>5</SampleLocation><SampleID>Glycine</SampleID><SampleGroup></SampleGroup><SampleInfo></SampleInfo><SampleRow>L</SampleRow><SamplePlate>1</SamplePlate><WellType>REGENERATION</WellType><Concentration>-1</Concentration><ConcentrationUnits>µg/ml</ConcentrationUnits><MolarConcentration>-1</MolarConcentration><MolarConcUnits>nM</MolarConcUnits><MolecularWeight>0</MolecularWeight><Temperature>30</Temperature><StartTime>7707369</StartTime><AssayTime>5</AssayTime></CommonData><FlowRate>1000</FlowRate><StepType>KREGENERATION</StepType><StepName>Regeneration</StepName><StepStatus>OK</StepStatus><ActualTime>4.9998</ActualTime><CycleTime>0.2</CycleTime><AssayXData Points="25">TpDTReiR00WBk9NFG5XTRbSW00VOmNNF6pnTRYOb00WDndNFx57TRVCg00XqodNFgaPTRR2l
00W0ptNFTqjTReip00WBq9NFHa3TRbSu00VOsNNF6LHTRYGz00UdtdNFtLbTRQ==</AssayXData><AssayYData Points="25">6HrPPzwbxj94acE/XQC+P94Luz/M3Lg/1gu4P9SZtj+pjrQ/dsq0PyJLsz/MzLI/9k+xP0eS
sT/AZbA/ZCCwPwC/rz+Awq4/0uGtPylkrT/xtq0/ha+sP+beqz86P6w/w06rPw==</AssayYData></Step><Step><CommonData><SampleLocation>6</SampleLocation><SampleID>PBS</SampleID><SampleGroup></SampleGroup><SampleInfo></SampleInfo><SampleRow>L</SampleRow><SamplePlate>1</SamplePlate><WellType>NEUTRALIZATION</WellType><Concentration>-1</Concentration><ConcentrationUnits>µg/ml</ConcentrationUnits><MolarConcentration>-1</MolarConcentration><MolarConcUnits>nM</MolarConcUnits><MolecularWeight>0</MolecularWeight><Temperature>30</Temperature><StartTime>7720781</StartTime><AssayTime>5</AssayTime></CommonData><FlowRate>1000</FlowRate><StepType>KREGENERATION</StepType><StepName>Regeneration</StepName><StepStatus>OK</StepStatus><ActualTime>4.9998</ActualTime><CycleTime>0.2</CycleTime><AssayXData Points="25">TrjTReq500WBu9NFG73TRbS+00VSwNNF6sHTRYHD00UdxdNFtMbTRU7I00XoydNFgcvTRR3N
00W2ztNFTtDTRerR00WB09NFHdXTRbTW00VQ2NNF6tnTRYPb00Ub3dNFtN7TRQ==</AssayXData><AssayYData Points="25">hLydQGstnkDV0Z5AnkKfQE5Wn0CYnp9AQzegQMBcoEB3TqBACrWgQBnHoECi/6BAlgOhQIs0
oUBhH6FAHlqhQE2ooUCOfKFA2r+hQODboUDe+KFAHfGhQIzgoUDxF6JAaiKiQA==</AssayYData></Step><Step><CommonData><SampleLocation>1</SampleLocation><SampleID>Octet Buffer</SampleID><SampleGroup></SampleGroup><SampleInfo></SampleInfo><SampleRow>K</SampleRow><SamplePlate>1</SamplePlate><WellType>BUFFER</WellType><Concentration>-1</Concentration><ConcentrationUnits>µg/ml</ConcentrationUnits><MolarConcentration>-1</MolarConcentration><MolarConcUnits>nM</MolarConcUnits><MolecularWeight>0</MolecularWeight><Temperature>30</Temperature><StartTime>7735179</StartTime><AssayTime>20</AssayTime></CommonData><FlowRate>1000</FlowRate><StepType>CUSTOM</StepType><StepName>Sensor Check</StepName><StepStatus>OK</StepStatus><ActualTime>20.0008</ActualTime><CycleTime>0.2</CycleTime><AssayXData Points="100">TuDTRejh00WD49NFG+XTRbTm00VO6NNF6OnTRYHr00Ub7dNFtu7TRU7w00Xq8dNFgfPTRRv1
00W09tNFTvjTRej500WB+9NFHf3TRbT+00VQANRF6AHURYMD1EUbBdRFtAbURU4I1EXoCdRF
gQvURRsN1EW2DtRFThDUReoR1EWBE9RFGxXURbQW1EVQGNRF6BnURYEb1EUbHdRFth7URU4g
1EXoIdRFgyPURRsl1EW0JtRFTijUReop1EWBK9RFGy3URbYu1EVOMNRF6jHURYEz1EUbNdRF
tjbURU441EXoOdRFgTvURRs91EW0PtRFTkDURehB1EWBQ9RFG0XURbZG1EVQSNRF6knURYFL
1EUbTdRFIU/URWVQ1EXqUdRFgVPURRtV1EW4VtRFUFjURehZ1EWDW9RFHV3URbRe1EVOYNRF
6mHURYNj1EUdZdRFtGbURU5o1EXqadRFgWvURRtt1EW0btRFTnDURehx1EWBc9RFG3XURbR2
1EVQeNRF6nnURYN71EUbfdRFtn7URQ==</AssayXData><AssayYData Points="100">zTicQKxcmkAzBplACdGXQOhGl0B7A5dAJKOWQC16lkDOepZAkHGWQNmZlkDGl5ZA842WQKKe
lkA4l5ZALbWWQEfblkBr1JZAdweXQPPllkB2EpdA0gqXQPkll0BPKJdAizOXQOBNl0Ded5dA
hEOXQDJzl0AxcZdAP5OXQJJ+l0DGk5dAsbqXQC+bl0AbspdA9bWXQCOrl0Dxv5dA6dyXQJXq
l0BBuZdANw+YQLX3l0At5JdAugaYQFj4l0DQ6ZdAs/2XQLoTmECsOphAA/mXQCYzmEBRLphA
KzyYQGg6mEAWY5hA7zWYQM1GmEBhbZhAnzyYQKRqmEARVJhAO1+YQGFcmEBPhphAcFmYQABy
mEDskZhACXuYQHBimECtkZhAVHaYQLNZmEB3nZhA/5GYQC+KmEA2oJhAMb6YQD2rmEB3wphA
sb6YQDOmmECSnZhAscuYQKeumECEpphATs+YQBPOmEDjx5hA8NSYQJjGmEBF5ZhALf+YQI3o
mEBj2JhAJvWYQF4FmUDLBZlAr/yYQA==</AssayYData></Step><Step><CommonData><SampleLocation>22</SampleLocation><SampleID>SI-157X50_P5564</SampleID><SampleGroup></SampleGroup><SampleInfo></SampleInfo><SampleRow>K</SampleRow><SamplePlate>1</SamplePlate><WellType>KLOAD</WellType><Concentration>5</Concentration><ConcentrationUnits>µg/ml</ConcentrationUnits><MolarConcentration>5000</MolarConcentration><MolarConcUnits>nM</MolarConcUnits><MolecularWeight>0</MolecularWeight><Temperature>30</Temperature><StartTime>7767127</StartTime><AssayTime>120</AssayTime></CommonData><FlowRate>1000</FlowRate><StepType>LOADING</StepType><StepName>Loading</StepName><StepStatus>OK</StepStatus><ActualTime>120.001</ActualTime><CycleTime>0.2</CycleTime><AssayXData Points="600">UIDUReqB1EWDg9RFHYXURbaG1EVSiNRF6onURYWL1EUdjdRFto7URVCQ1EXqkdRFg5PURR2V
1EW2ltRFUJjUReqZ1EWFm9RFH53URbae1EVSoNRF7KHURYWj1EUdpdRFuKbURVCo1EXsqdRF
g6vURR2t1EW2rtRFULDUReyx1EWDs9RFH7XURba21EVQuNRF6rnURYW71EUdvdRFtr7URVDA
1EXqwdRFg8PURR3F1EW2xtRFUsjURerJ1EWFy9RFH83URbjO1EVS0NRF7NHURYXT1EUd1dRF
ttbURVLY1EXq2dRFg9vURR3d1EW23tRFUuDURezh1EWD49RFH+XURbbm1EVQ6NRF7OnURYPr
1EUf7dRFtu7URVDw1EXs8dRFhfPURR311EW29tRFUvjURer51EWD+9RFHf3URbj+1EVQANVF
6gHVRYUD1UUdBdVFtgbVRVAI1UXsCdVFgwvVRR0N1UW2DtVFUBDVReoR1UWDE9VFHRXVRbYW
1UVSGNVF6hnVRYMb1UUfHdVFuB7VRVAg1UXsIdVFgyPVRR0l1UW4JtVFUCjVRewp1UWFK9VF
HS3VRbgu1UVSMNVF7DHVRYMz1UUfNdVFuDbVRVA41UXqOdVFgzvVRR091UW4PtVFUEDVRepB
1UWFQ9VFHUXVRbZG1UVSSNVF7EnVRYNL1UUdTdVFuE7VRVJQ1UXqUdVFg1PVRR1V1UW2VtVF
UljVRepZ1UWDW9VFHV3VRbZe1UVSYNVF7GHVRYVj1UUdZdVFtmbVRVJo1UXuadVFhWvVRR1t
1UW2btVFUnDVRepx1UWFc9VFHXXVRbh21UVQeNVF7HnVRYV71UUdfdVFuH7VRVCA1UXqgdVF
g4PVRR+F1UW2htVFUojVReqJ1UWFi9VFH43VRbaO1UVQkNVF6pHVRYWT1UUfldVFtpbVRVKY
1UXqmdVFg5vVRR+d1UW2ntVFUqDVReqh1UWDo9VFH6XVRbim1UVQqNVF7KnVRYOr1UUdrdVF
uK7VRVKw1UXqsdVFg7PVRR211UW2ttVFUrjVReq51UWFu9VFHb3VRbi+1UVQwNVF7MHVRYXD
1UUfxdVFtsbVRVDI1UXsydVFg8vVRR/N1UW4ztVFUNDVRerR1UWD09VFHdXVRbjW1UVS2NVF
7NnVRYXb1UUd3dVFuN7VRVLg1UXs4dVFg+PVRR3l1UW25tVFUujVRerp1UWF69VFHe3VRbbu
1UVQ8NVF7PHVRYPz1UUf9dVFuPbVRVL41UXs+dVFg/vVRR/91UW2/tVFUgDWReoB1kWDA9ZF
HQXWRbYG1kVQCNZFSArWRY0L1kUfDdZFtg7WRVAQ1kXsEdZFhRPWRR0V1kW2FtZFUBjWRewZ
1kWDG9ZFHR3WRbge1kVQINZF6iHWRYUj1kUdJdZFuCbWRVAo1kXsKdZFgyvWRR8t1kW4LtZF
UDDWReox1kWDM9ZFHTXWRbg21kVSONZF6jnWRYU71kUdPdZFuD7WRVBA1kXqQdZFhUPWRR9F
1kW2RtZFUEjWRexJ1kWDS9ZFHU3WRbhO1kVQUNZF7FHWRYNT1kUdVdZFuFbWRVJY1kXqWdZF
g1vWRR1d1kW2XtZFUGDWRexh1kWDY9ZFH2XWRbhm1kVQaNZF7GnWRYNr1kUdbdZFuG7WRVBw
1kXqcdZFg3PWRR911kW4dtZFUnjWRex51kWFe9ZFHX3WRbZ+1kVQgNZF6oHWRYWD1kUdhdZF
tobWRVKI1kXsidZFhYvWRR2N1kW2jtZFUJDWReyR1kWFk9ZFHZXWRbaW1kVQmNZF7JnWRYOb
1kUdndZFuJ7WRVKg1kXqodZFg6PWRR2l1kW4ptZFUqjWReqp1kWFq9ZFHa3WRbiu1kVSsNZF
6rHWRYWz1kUdtdZFtrbWRVC41kXsudZFg7vWRR291kW2vtZFUsDWRerB1kWDw9ZFHcXWRbbG
1kVQyNZF6snWRYXL1kUdzdZFts7WRVDQ1kXq0dZFhdPWRR3V1kW21tZFUNjWRerZ1kWF29ZF
Hd3WRbje1kVS4NZF6uHWRYPj1kUd5dZFuObWRVDo1kXq6dZFg+vWRR3t1kW27tZFUPDWRezx
1kWD89ZFHfXWRbb21kVQ+NZF6vnWRYP71kUf/dZFtv7WRVAA10XqAddFgwPXRR8F10W2BtdF
UAjXReoJ10WFC9dFHw3XRbYO10VQENdF6hHXRYMT10UfFddFthbXRVAY10XsGddFgxvXRR8d
10W2HtdFUCDXReoh10WDI9dFHyXXRbYm10VQKNdF6inXRYMr10UfLddFti7XRVAw10XqMddF
gzPXRR8110W4NtdFUDjXReo510WHO9dFHz3XRbY+10VQQNdF6kHXRYVD10UdRddFtkbXRVJI
10XsSddFg0vXRR9N10W4TtdFUFDXRepR10WDU9dFHVXXRbZW10VSWNdF7FnXRYNb10UdXddF
tl7XRVJg10XsYddFg2PXRR1l10W2ZtdFUmjXRexp10WFa9dFHW3XRbZu10VQcNdF7HHXRYNz
10UddddFuHbXRVB410XqeddFg3vXRR1910W2ftdFUoDXReyB10WFg9dFHYXXRbaG10VSiNdF
7InXRYOL10UfjddFuI7XRVCQ10XskddFhZPXRR2V10W2ltdFUpjXReqZ10WDm9dFH53XRbae
10VQoNdF6qHXRYOj10UdpddFuKbXRVCo10XqqddFhavXRR2t10W2rtdFULDXReqx10WFs9dF
HbXXRbi210VQuNdF7rnXRYO710UdvddFuL7XRVLA10XqwddFhcPXRR/F10W2xtdFUsjXRerJ
10WDy9dFHc3XRbbO10VQ0NdF6tHXRYPT10Uf1ddFuNbXRVLY10Xs2ddFhdvXRR3d10W23tdF
UODXRerh10WD49dFH+XXRbbm10VQ6NdF6unXRYPr10Uf7ddFtu7XRVLw10Xq8ddFhfPXRR31
10W29tdFUvjXRez510WD+9dFHf3XRbb+10VSANhF6gHYRYUD2EUdBdhFuAbYRVII2EXsCdhF
gwvYRR0N2EW4DthFUBDYRewR2EWDE9hFHRXYRbYW2EVQGNhF7BnYRYUb2EUfHdhFth7YRVAg
2EXqIdhFgyPYRR0l2EW2JthFUCjYReop2EWFK9hFHy3YRbYu2EVSMNhF7DHYRYMz2EUdNdhF
tjbYRVI42EXsOdhFgzvYRR092EW4PthF</AssayXData><AssayYData Points="600">1mqYQJGAmECI8phAbvmYQDc7mUCnX5lAL36ZQOqUmUCpkZlAsuiZQL70mUCcMppAQz6aQPM6
mkDCQZpA6GaaQGSWmkDFoZpAAruaQOromkDU5JpANf2aQDgtm0CwTZtAOX2bQPE0m0DJeZtA
OY2bQM2Rm0AmzptAceWbQCT/m0Dy3ZtAVxKcQMosnEBTTJxAnkKcQCh6nECvoZxATnicQIyR
nEDotZxAAOKcQJDanEAeAJ1Ar/ecQF4qnUBQS51A51idQBplnUDVhp1AhXmdQNqxnUAYv51A
LN6dQI3inUCDAp5ADhWeQIMXnkDFMJ5A+FueQB5pnkCSgp5AdHSeQHOFnkAinJ5ArcCeQOfO
nkBH2Z5AJt6eQIgPn0CkA59AHA+fQNQ7n0ANUJ9Aa2CfQGRpn0BjgJ9A3oGfQGetn0DYu59A
ebafQE/wn0Dq/Z9A4BCgQOcnoECwF6BAMS+gQIZZoEDkWKBA/FugQMdaoEA5cqBASoWgQKW6
oEAOr6BA4MOgQAPNoEBA+KBA3QmhQPr9oED+JqFA3EyhQGsqoUDvPqFAD0OhQO5zoUD0laFA
taKhQNjIoUDDo6FAe7ChQNWzoUBQ9aFATQqiQIUjokDJC6JAbRaiQGUaokBuI6JAEFeiQB5L
okAOYqJAbHOiQNh0okDolKJA6puiQPLcokAjvaJAouyiQLbgokAD+6JAT9uiQIXOokA4H6NA
3Q2jQM0Wo0DmMKNA8VGjQBJbo0DVVaNAvYCjQCV7o0Cim6NAj6mjQLezo0AD5KNAhsWjQAT0
o0B/96NAOAOkQAUEpECaD6RAxjekQHL5o0BBMaRAmyWkQGUzpEB+YqRAjWWkQDlipEAbYaRA
NHGkQJuypEC+qaRAM7GkQNbDpEB1s6RAnfSkQFbdpEDj4qRA1NmkQIbrpEAdAKVAQwilQHUs
pUBnLaVA3QWlQFVbpUB7VqVAf0+lQPNbpUBxcKVAAm6lQFVjpUDwu6VA5pSlQBO0pUCH2qVA
zpmlQAjdpUCG96VAreSlQM3xpUDS6KVA8tqlQEQRpkCDD6ZADD6mQNY7pkDaM6ZABjmmQDMu
pkDuVKZA/HymQAJ4pkDKfKZAcYmmQD1vpkA6kqZAxpemQCbBpkDEp6ZALMCmQAC9pkAvsqZA
3eOmQH0Gp0An/qZAP/+mQIDzpkDc9aZAlhWnQLErp0CCGadA4jenQLE4p0DtRqdAhjynQM5Q
p0A2gqdA0U6nQD+Fp0DZgKdA0HynQOh5p0DrjKdA35ynQIDJp0ARsadA6K2nQBvFp0DksKdA
os6nQNzep0Ch96dA8uinQPPfp0AwxKdA2uqnQGz/p0Bo/6dAcyyoQJsfqED4JahAqjSoQDAy
qEBzQ6hATV+oQKFyqECwbqhAiV6oQDpuqEAgd6hAGYKoQDmZqECHf6hAU5qoQJmYqECqmKhA
Yr2oQLC6qEC4sahAPayoQMTTqECtx6hAvc6oQDbhqEB246hAbPqoQDwdqUAmA6lAXQSpQK3x
qEAOIqlA5CepQBQcqUDdMalAFA+pQH4/qUC+O6lA8C+pQMFWqUB1gKlAQFSpQIBtqUCkb6lA
SnSpQNx3qUDvf6lAkGSpQEh1qUD8palAZoupQOupqUBXoqlAJdKpQNPAqUAdt6lAgMCpQAfC
qUDN4alAXeypQJTTqUBeualA6fSpQM3+qUCw76lAfAeqQCPsqUDPDqpAYTOqQF4oqkCb5KlA
HRWqQGBNqkDhQqpAQCWqQNAoqkDSP6pADiOqQONhqkDyY6pACnWqQPeEqkAtb6pA1HqqQIN7
qkAqcKpAMHiqQMiDqkBFiKpALYWqQLKtqkAqvKpAhZ2qQNSlqkBSu6pAJsKqQFSvqkAv2qpA
UMiqQOHeqkDg76pAreqqQFH5qkDSBKtAVgarQLbyqkCOFKtAsg6rQNP6qkCr16pA3gSrQJsD
q0C7Q6tApxarQB4uq0C9JqtA2iyrQG8gq0CUNatA7VyrQJRHq0BUQqtAHGarQJFQq0DhQ6tA
82CrQKRJq0AfoKtAm3yrQGhkq0BnmqtAeGqrQPm2q0ACjKtAD4KrQIiUq0A9oatAdJOrQAWe
q0C7pqtAZZWrQBRxq0DHuatA8pOrQLfBq0D42qtAdMSrQO3Mq0BuDaxALwusQDQJrECfv6tA
vf6rQMf3q0DnIaxAS/+rQD31q0B38qtADiKsQLMArEAHBqxAfBGsQP0yrEDOLqxArDysQEUe
rECGE6xAHFCsQBNLrED9P6xALVWsQLRcrEBBOqxAcXCsQBpjrEDpXKxAykWsQClhrEDYbqxA
AXKsQLdtrECSUqxAUmmsQDqmrEAKiqxAQYOsQBOYrECAqaxAc4isQIakrEChwaxAq5KsQPiW
rEB41KxASrCsQFmkrEB0zKxABcysQMvPrECK7axAf9usQOHOrEAqAK1AcdmsQHzTrEDf5KxA
0fqsQD7CrEAc5qxAH/ysQBf3rEBMC61ANi6tQE/arEBaCK1A0hmtQCQ1rUAdJK1AVjmtQFQk
rUD9Qa1A6UytQAJUrUBkD61A8ietQLNOrUAOOK1AyzutQBg+rUCVSa1APHqtQMR2rUCjY61A
ZTitQGVFrUCbfq1A7WCtQJaFrUBBYq1A7m2tQLZerUAOjq1AiqWtQPKKrUBWaq1AHIutQN6+
rUB0gK1AkoutQJiOrUAKk61Ac6qtQDGcrUC+vq1AFc2tQF+xrUAzrK1AXaKtQKCYrUCTyK1A
RcStQILFrUAav61AOtCtQP3ArUCUtq1A1P2tQOTgrUBM3q1AFbCtQHjyrUBsBK5AhfStQM3u
rUCC961AVA6uQHAUrkBaDK5AtvWtQGwprkB3Gq5AbPStQCUarkD+D65A5/WtQA83rkAuHq5A
QTWuQA8TrkBwKK5A/C6uQCQSrkCBKq5ADVquQHk0rkChSq5ANFKuQNMwrkBAZa5AXGauQE56
rkCyqa5APGmuQHdKrkCddK5AeI+uQMs8rkDsjK5Ac46uQIFnrkAMaK5AEX2uQJlerkByd65A
yZGuQOp5rkCfba5Am3euQHuUrkCCtK5APqKuQF6QrkAXkK5A6sOuQJGurkBxyK5AZ8GuQO+4
rkBKqq5AwLWuQGqyrkA9ua5AcLeuQFLRrkD34q5AzZWuQAnlrkD5zq5ALbSuQLHhrkDG5K5A
JuyuQD7WrkDMAK9ASt+uQGvtrkB7Fq9A</AssayYData></Step><Step><CommonData><SampleLocation>1</SampleLocation><SampleID>Octet Buffer</SampleID><SampleGroup></SampleGroup><SampleInfo></SampleInfo><SampleRow>K</SampleRow><SamplePlate>1</SamplePlate><WellType>BUFFER</WellType><Concentration>-1</Concentration><ConcentrationUnits>µg/ml</ConcentrationUnits><MolarConcentration>-1</MolarConcentration><MolarConcUnits>nM</MolarConcUnits><MolecularWeight>0</MolecularWeight><Temperature>30</Temperature><StartTime>7898926</StartTime><AssayTime>100</AssayTime></CommonData><FlowRate>1000</FlowRate><StepType>BASELINE</StepType><StepName>Baseline</StepName><StepStatus>OK</StepStatus><ActualTime>100.001</ActualTime><CycleTime>0.2</CycleTime><AssayXData Points="500">UkDYRexB2EWHQ9hFH0XYRbhG2EVSSNhF7knYRYVL2EUfTdhFuE7YRVJQ2EXsUdhFhVPYRR9V
2EW4VthFVFjYRexZ2EWFW9hFH13YRbhe2EVSYNhF7GHYRYVj2EUfZdhFuGbYRVJo2EXuadhF
hWvYRSFt2EW6bthFUnDYRexx2EWFc9hFH3XYRbh22EVSeNhF7nnYRYV72EUffdhFuH7YRVKA
2EXsgdhFhYPYRR+F2EW4hthFUojYReyJ2EWFi9hFIY3YRbiO2EVSkNhF7pHYRYeT2EUhldhF
uJbYRVSY2EXsmdhFh5vYRR+d2EW4nthFVKDYRe6h2EWFo9hFIaXYRbim2EVSqNhF7KnYRYWr
2EUhrdhFuK7YRVKw2EXssdhFh7PYRR+12EW4tthFUrjYRey52EWHu9hFIb3YRbq+2EVSwNhF
7sHYRYfD2EUfxdhFusbYRVTI2EXsydhFh8vYRR/N2EW4zthFUtDYRe7R2EWF09hFIdXYRbrW
2EVU2NhF7NnYRYXb2EUh3dhFut7YRVTg2EXs4dhFhePYRR/l2EW65thFUujYRezp2EWH69hF
H+3YRbru2EVU8NhF7vHYRYXz2EUh9dhFuPbYRVT42EXs+dhFhfvYRR/92EW4/thFVADZRe4B
2UWFA9lFHwXZRbgG2UVUCNlF7AnZRYUL2UUfDdlFuA7ZRVIQ2UXsEdlFhRPZRR8V2UW6FtlF
UhjZRewZ2UWHG9lFHx3ZRbge2UVSINlF7iHZRYUj2UUfJdlFuCbZRVIo2UXuKdlFhSvZRSEt
2UW6LtlFUjDZRewx2UWFM9lFITXZRbo22UVSONlF7jnZRYU72UUhPdlFuD7ZRVRA2UXsQdlF
hUPZRR9F2UW4RtlFUkjZRe5J2UWFS9lFH03ZRbhO2UVSUNlF7lHZRYVT2UUfVdlFuFbZRVJY
2UXsWdlFhVvZRSFd2UW4XtlFUmDZRe5h2UWHY9lFH2XZRbpm2UVSaNlF7GnZRYdr2UUhbdlF
uG7ZRVJw2UXscdlFh3PZRSF12UW6dtlFUnjZRex52UWHe9lFH33ZRbp+2UVSgNlF7oHZRYeD
2UUfhdlFuIbZRVSI2UXsidlFhYvZRSGN2UW4jtlFUpDZRe6R2UWFk9lFIZXZRbiW2UVSmNlF
7JnZRYWb2UUfndlFuJ7ZRVKg2UXsodlFhaPZRR+l2UW6ptlFUqjZRe6p2UWHq9lFH63ZRbqu
2UVUsNlF7LHZRYez2UUhtdlFuLbZRVK42UXsudlFh7vZRR+92UW4vtlFUsDZRezB2UWFw9lF
H8XZRbrG2UVUyNlFNcrZRYfL2UUfzdlFus7ZRVLQ2UXs0dlFhdPZRR/V2UW61tlFUtjZRezZ
2UWF29lFId3ZRbje2UVS4NlF7uHZRYfj2UUf5dlFuubZRVLo2UXs6dlFh+vZRR/t2UW47tlF
UvDZRezx2UWF89lFIfXZRbj22UVS+NlF7PnZRYX72UUh/dlFuP7ZRVQA2kXsAdpFhwPaRSEF
2kW4BtpFUgjaRewJ2kWHC9pFHw3aRbgO2kVSENpF7BHaRYcT2kUfFdpFuhbaRVQY2kXuGdpF
hxvaRR8d2kW4HtpFUiDaRewh2kWFI9pFISXaRbgm2kVUKNpF7inaRYUr2kUfLdpFui7aRVIw
2kXsMdpFhTPaRR812kW6NtpFUjjaRew52kWFO9pFIT3aRbg+2kVUQNpF7EHaRYdD2kUfRdpF
ukbaRVRI2kXsSdpFhUvaRR9N2kW4TtpFVFDaRexR2kWFU9pFH1XaRbpW2kVUWNpF7FnaRYdb
2kUhXdpFuF7aRVRg2kXsYdpFh2PaRR9l2kW4ZtpFUmjaRe5p2kWHa9pFH23aRbpu2kVScNpF
7HHaRYVz2kUfddpFunbaRVJ42kXsedpFhXvaRR992kW4ftpFUoDaReyB2kWFg9pFIYXaRbqG
2kVUiNpF7onaRYeL2kUfjdpFuo7aRVSQ2kXukdpFh5PaRR+V2kW6ltpFUpjaReyZ2kWHm9pF
H53aRbie2kVSoNpF7KHaRYWj2kUfpdpFuKbaRVKo2kXsqdpFhavaRR+t2kW6rtpFUrDaRe6x
2kWHs9pFIbXaRbi22kVUuNpF7LnaRYW72kUfvdpFuL7aRVLA2kXswdpFhcPaRR/F2kW6xtpF
VMjaRezJ2kWHy9pFIc3aRbjO2kVS0NpF7NHaRYfT2kUf1dpFuNbaRVLY2kXu2dpFh9vaRR/d
2kW63tpFUuDaRezh2kWF49pFH+XaRbjm2kVS6NpF7OnaRYXr2kUh7dpFuu7aRVLw2kXs8dpF
hfPaRR/12kW69tpFUvjaRez52kWF+9pFH/3aRbr+2kVSANtF7AHbRYUD20UhBdtFuAbbRVII
20XsCdtFhQvbRSEN20W4DttFVBDbRewR20WHE9tFIRXbRbgW20VSGNtF7BnbRYcb20UfHdtF
uB7bRVIg20XuIdtFhSPbRR8l20W4JttFVCjbRewp20WFK9tFIS3bRbgu20VSMNtF7jHbRYcz
20UfNdtFuDbbRVQ420XsOdtFhzvbRSE920W6PttFUkDbRexB20WHQ9tFH0XbRbpG20VUSNtF
7EnbRYdL20UfTdtFuk7bRVRQ20XuUdtFh1PbRR9V20W6VttFUljbRexZ20WFW9tFIV3bRbpe
20U=</AssayXData><AssayYData Points="500">ZL6uQArurkBJ2a5AjwWvQLAZr0BIDK9ARAavQHIIr0CiFa9A9TWvQEomr0BWLa9AalWvQI41
r0BJIq9A8EqvQNU9r0DMSa9ATWGvQM5Zr0BJYK9AK0yvQDFMr0DOfK9AjUGvQA9Fr0BLaK9A
RVevQLVQr0BzV69A3nKvQNM0r0BJSq9AfYivQH1cr0BWc69A/m6vQMuMr0A5aa9Ap1GvQBuI
r0BxZq9AkV2vQBBgr0BGga9Af1SvQEtXr0Duaa9AnF2vQHiHr0CIWa9AoX2vQEGPr0DHXq9A
54KvQIxLr0BLUa9AU2KvQMdzr0DHe69AU2OvQEJLr0B2hK9A23avQBSAr0C/jK9A0GivQI9+
r0C1k69A1XWvQN17r0Baoq9A21KvQJKZr0Cvaq9AZWevQFh/r0AInK9AiWWvQBhqr0AfkK9A
tXOvQMd+r0AGd69ATWCvQOqPr0Dxa69AUZOvQHl/r0AKga9A0puvQOqMr0DJfa9A6YOvQPaO
r0Akna9APoSvQGNsr0B+ka9AvJOvQAmAr0COdq9A+XqvQK6Mr0CDoK9AmpWvQGCir0Btbq9A
8amvQPabr0BZpK9Ab52vQPWer0DCja9AN3avQFWUr0BBfa9AupyvQMKUr0Atk69AIHqvQKKt
r0Civ69AvaSvQJyPr0DCqq9ANbSvQO7Ar0Bgc69AbL6vQCeWr0CFq69A2Z+vQGqDr0D0iq9A
QaWvQO3Hr0B2zK9AVauvQPOOr0B2e69ADruvQD21r0DEsq9AWb+vQDa/r0C+ea9AcrOvQMya
r0ATma9A5a+vQMexr0ADta9AkLivQOeXr0CyqK9A1qyvQEzFr0CG069A3qmvQASar0D6p69A
z6avQAWfr0Atpa9AE4evQJmNr0BZk69AOK2vQCOhr0By969AAIOvQALAr0CIqK9AHpmvQPC9
r0D4xq9A752vQDG6r0Afza9A56qvQMOsr0Acvq9AmsKvQO6ur0CY/69AyrCvQGu/r0BHv69A
gq+vQIimr0AZwa9Ae8qvQOrGr0Amvq9AcsuvQLbAr0C4ra9ATqmvQO7Br0Awta9AIaevQJSp
r0DZoK9AMNSvQC/cr0DFvK9A1r6vQF7Qr0DJwa9AtsyvQKG6r0Abva9AoLqvQErPr0AdqK9A
I7qvQPrRr0B4za9AU6avQLnOr0CCu69A/8mvQG61r0CK4K9Aj7yvQN/2r0ABtK9ArqivQNzA
r0D92K9A3MOvQITXr0BC5a9A87evQCDGr0Awsa9AvcevQM/Br0CPxq9AhtOvQIHYr0BHs69A
iO+vQJrZr0CXzK9AWd2vQH60r0BP1K9A4MyvQBLcr0B7269Ae8KvQAz0r0AsBbBAh/CvQEjF
r0DRza9AivWvQBjpr0AVvq9Ap7evQIDbr0AW6a9AeeCvQAjWr0Bn6q9AyPmvQGvwr0Db+q9A
0NSvQBjcr0DE4K9AXuKvQOLtr0DF4K9AjwGwQFLar0Ds7a9AZguwQLjvr0Bl5a9AT+SvQK3v
r0B43q9AfdKvQCW9r0AuEbBABvmvQBbKr0B41a9AnN6vQJ4MsEA7569Am9ivQK6sr0By7q9A
0NqvQFrgr0CJ6K9AAeuvQMEAsECA/69A9RGwQHHar0DNyq9AEQqwQLHhr0C3869AYuOvQMHw
r0AQ+69A9QywQLzTr0Ag2a9ANQawQFAEsEA89q9AG+KvQEjVr0AS/q9ASPuvQO3/r0DrDrBA
LP6vQEPhr0CpBbBAFAKwQMgZsEDxBrBA/gCwQOXmr0DJA7BAPN6vQB4GsEDMArBAw7+vQB35
r0C7BbBATPSvQETSr0DCHLBApN+vQFb5r0At669AVuSvQNn7r0ArDbBAASqwQO/0r0AJK7BA
0PqvQLr/r0Bo+K9AhQCwQLPlr0BVCrBAlgCwQIPyr0DPCbBAy+evQDnvr0CUAbBAjhCwQGsK
sEDkB7BAXwOwQPkdsECjD7BAFw6wQFH/r0D5GbBAy+evQHILsED5FrBAuhiwQN4ksEC9/q9A
gxewQAMGsEBEE7BANwewQIgksEB2CLBAtguwQMMisEDRMLBADPuvQLMbsEDaJbBADCKwQAU3
sEDJIbBA/QKwQIMTsECkJLBA9DawQA3xr0CiIbBAwAWwQFkCsEAZIrBA2EOwQCYJsEDoCrBA
oiOwQFAnsEBz/69AG/yvQPz6r0BsGLBAXw+wQKsHsECsLbBAtDGwQNQGsEDoF7BAghCwQJg6
sECI/69AjzewQCEWsEDRJrBAfSOwQJomsEBfHrBAbSawQF0WsEAyH7BAcwywQI0csECCMbBA
cgywQIUxsEDLKLBAP0KwQO8WsEBXK7BAJhqwQPkJsEDcOLBAvkmwQDUbsEBOHLBAK0OwQNsf
sEDmJ7BAAlCwQNYCsECiQ7BAcS6wQMYrsEDHIrBAZCmwQH9MsECwKbBAl1WwQM4esEC5LrBA
JTWwQPEssEAoG7BANzSwQJdFsEC8E7BAJSiwQOk4sEATD7BAO1mwQMklsECPKrBAiE6wQK0/
sEAQGrBAxTawQM42sEA0P7BA1UawQLpMsEAmQ7BAMTGwQI83sEAoGrBA2jKwQMtZsEBsMLBA
akKwQCdMsECoLbBANCawQJIcsED3MLBAO1WwQEw4sEDYXrBAUliwQCQ2sECXNLBAEkWwQJkz
sEA=</AssayYData></Step><Step><CommonData><SampleLocation>2</SampleLocation><SampleID>hsCD3d/e_Acro_CDD-H52W1</SampleID><SampleGroup></SampleGroup><SampleInfo></SampleInfo><SampleRow>K</SampleRow><SamplePlate>1</SamplePlate><WellType>KSAMPLE</WellType><Concentration>-1</Concentration><ConcentrationUnits>µg/ml</ConcentrationUnits><MolarConcentration>6.25</MolarConcentration><MolarConcUnits>nM</MolarConcUnits><MolecularWeight>0</MolecularWeight><Temperature>30</Temperature><StartTime>8007046</StartTime><AssayTime>180</AssayTime></CommonData><FlowRate>1000</FlowRate><StepType>ASSOC</StepType><StepName>Association</StepName><StepStatus>OK</StepStatus><ActualTime>179.999</ActualTime><CycleTime>0.2</CycleTime><AssayXData Points="900">VmDbRe5h20WJY9tFIWXbRbpm20VUaNtF7mnbRYlr20UhbdtFum7bRY9w20XucdtFiXPbRSF1
20W8dttFWHjbRfB520WJe9tFI33bRbx+20VWgNtF8IHbRYeD20UhhdtFvIbbRVaI20XuidtF
h4vbRSGN20W8jttFVpDbRe6R20WJk9tFI5XbRbyW20VWmNtF8JnbRYmb20UhndtFup7bRVSg
20XwodtFh6PbRSOl20W6pttFVKjbRe6p20WJq9tFIa3bRbqu20VWsNtF7rHbRYmz20UjtdtF
urbbRVS420XuudtFibvbRSG920W8vttFVMDbRfDB20WHw9tFIcXbRbrG20VWyNtF7snbRYnL
20UhzdtFus7bRVTQ20Xw0dtFidPbRSHV20W81ttFVtjbRfDZ20WH29tFId3bRbze20VW4NtF
7uHbRYfj20Uj5dtFuubbRVTo20Xu6dtFh+vbRSHt20W67ttFVPDbRe7x20WH89tFI/XbRbz2
20VU+NtF8PnbRYn720Uh/dtFuv7bRVYA3EXuAdxFhwPcRSEF3EW6BtxFVgjcRe4J3EWJC9xF
IQ3cRboO3EV5ENxF7hHcRYcT3EUhFdxFvBbcRVQY3EXuGdxFhxvcRSMd3EW6HtxFVCDcRe4h
3EWHI9xFISXcRbom3EVUKNxF8CncRYcr3EUjLdxFui7cRVYw3EXuMdxFhzPcRSM13EW8NtxF
VjjcRfA53EWHO9xFIz3cRbw+3EVWQNxF8EHcRYlD3EUhRdxFukbcRVRI3EXuSdxFiUvcRSFN
3EW8TtxFVFDcRe5R3EWHU9xFI1XcRbpW3EVUWNxF7lncRYdb3EUjXdxFul7cRVZg3EXwYdxF
h2PcRSFl3EW6ZtxFVmjcRe5p3EWJa9xFI23cRbpu3EVUcNxF7nHcRYdz3EUhddxFvHbcRVR4
3EXwedxFh3vcRSN93EW6ftxFVIDcRfCB3EWJg9xFI4XcRbyG3EVUiNxF8IncRYmL3EUhjdxF
uo7cRVSQ3EXukdxFh5PcRSGV3EW8ltxFVJjcRe6Z3EWJm9xFIZ3cRbqe3EVWoNxF7qHcRYej
3EUjpdxFuqbcRVSo3EXuqdxFh6vcRSOt3EW6rtxFqLDcRe6x3EWHs9xFI7XcRbq23EVWuNxF
7rncRYe73EUhvdxFur7cRVTA3EXuwdxFh8PcRSPF3EW8xtxFVMjcRe7J3EWJy9xFIc3cRbrO
3EVU0NxF7tHcRYfT3EUh1dxFutbcRVTY3EXu2dxFh9vcRSHd3EW63txFVuDcRe7h3EWH49xF
IeXcRbrm3EVW6NxF7uncRYfr3EUj7dxFuu7cRVTw3EXu8dxFifPcRSH13EW69txFVvjcRfD5
3EWH+9xFIf3cRbr+3EVUAN1F7gHdRYcD3UUhBd1FugbdRVQI3UXwCd1FhwvdRSMN3UW6Dt1F
VBDdRfAR3UWJE91FIxXdRboW3UVUGN1F7hndRYcb3UUjHd1Fuh7dRVQg3UXwId1FhyPdRSMl
3UW6Jt1FVCjdRe4p3UWHK91FIy3dRbou3UVWMN1F8DHdRYcz3UUhNd1FujbdRVY43UXwOd1F
hzvdRSM93UW6Pt1FVEDdRfBB3UWHQ91FIUXdRbxG3UVUSN1F8EndRYdL3UUhTd1FvE7dRZNQ
3UXuUd1FiVPdRSFV3UW6Vt1FVFjdRe5Z3UWHW91FI13dRbxe3UVUYN1F8GHdRYlj3UUjZd1F
vGbdRVZo3UXuad1Fh2vdRSNt3UW6bt1FVHDdRfBx3UWHc91FI3XdRbx23UVUeN1F7nndRYl7
3UUjfd1Fun7dRVaA3UXugd1Fh4PdRSGF3UW8ht1FVojdRe6J3UWHi91FIY3dRbqO3UVUkN1F
8JHdRYeT3UUjld1FupbdRVSY3UXumd1Fh5vdRSGd3UW8nt1FVKDdRe6h3UWJo91FIaXdRbqm
3UVWqN1F7qndRYmr3UUhrd1Fuq7dRVSw3UXusd1FibPdRSG13UW6tt1FVLjdRe653UWHu91F
Ib3dRby+3UVUwN1F8MHdRYfD3UUhxd1FusbdRVbI3UXwyd1FicvdRSPN3UW8zt1FVNDdRe7R
3UWH091FIdXdRbrW3UVW2N1F7tndRYnb3UUj3d1Fut7dRVTg3UXw4d1Fh+PdRSHl3UW65t1F
VOjdRe7p3UWH691FIe3dRbru3UV98N1F7vHdRYnz3UUh9d1FvPbdRVb43UXu+d1FifvdRSH9
3UW8/t1FVADeRfAB3kWHA95FIQXeRbwG3kVWCN5F7gneRYcL3kUhDd5Fug7eRVQQ3kXwEd5F
iRPeRSEV3kW6Ft5FVhjeRfAZ3kWHG95FIR3eRboe3kVWIN5F8CHeRYkj3kUhJd5FvCbeRVQo
3kXuKd5FiSveRSEt3kW6Lt5FVjDeRe4x3kWHM95FITXeRbw23kVWON5F7jneRYc73kUhPd5F
uj7eRVRA3kXuQd5Fh0PeRSFF3kW6Rt5FVEjeRfBJ3kWHS95FIU3eRbpO3kVUUN5F8FHeRYdT
3kUhVd5FvlbeRVRY3kXuWd5Fh1veRSFd3kW6Xt5FVGDeRfBh3kWHY95FIWXeRbpm3kVWaN5F
8mneRYdr3kUhbd5Fum7eRVZw3kXucd5Fh3PeRSF13kW6dt5FVnjeRe553kWHe95FI33eRbp+
3kVWgN5F8IHeRYmD3kUhhd5FuobeRVSI3kXuid5Fh4veRSON3kW6jt5FaJDeRe6R3kWHk95F
IZXeRbyW3kVWmN5F7pneRYeb3kUhnd5FvJ7eRVag3kXwod5Fh6PeRSGl3kW6pt5FVqjeRfCp
3kWJq95FI63eRbyu3kVWsN5F7rHeRYez3kUhtd5FvLbeRVS43kXuud5Fh7veRSO93kW8vt5F
VMDeRfDB3kWHw95FIcXeRbrG3kVUyN5F7sneRYnL3kUjzd5Fus7eRVTQ3kXw0d5FidPeRSHV
3kW81t5FVNjeRfDZ3kWH295FId3eRbre3kVW4N5F7uHeRYfj3kUh5d5FuubeRVTo3kXy6d5F
ieveRSPt3kW67t5FVPDeRe7x3kWH895FIfXeRbr23kVW+N5F8PneRYn73kUh/d5FvP7eRVQA
30XuAd9FhwPfRSMF30W8Bt9FVgjfRe4J30WHC99FIQ3fRbwO30VUEN9F8BHfRYkT30UjFd9F
uhbfRVYY30XwGd9FhxvfRSMd30W6Ht9FVCDfRe4h30WJI99FIyXfRbom30VUKN9F7infRYcr
30UjLd9FvC7fRZYw30XuMd9FiTPfRSE130W6Nt9FVDjfRe4530WHO99FIz3fRbo+30VUQN9F
7kHfRYdD30UhRd9FukbfRVRI30XwSd9Fh0vfRSFN30W6Tt9FVlDfRfBR30WJU99FIVXfRbpW
30VWWN9F8FnfRYlb30UhXd9Ful7fRVRg30XuYd9FiWPfRSFl30W8Zt9FVmjfRe5p30WJa99F
IW3fRbxu30VUcN9F7nHfRYdz30Ujdd9FunbfRVR430Xwed9FiXvfRSF930W6ft9FVIDfRe6B
30WHg99FI4XfRbqG30VWiN9F7onfRYeL30Uhjd9Fuo7fRVaQ30Xwkd9Fh5PfRSGV30W6lt9F
VpjfRe6Z30WHm99FIZ3fRbye30VUoN9F7qHfRYej30Uhpd9FuqbfRVSo30Xuqd9FiavfRSGt
30W6rt9FVrDfRfCx30WJs99FIbXfRby230VWuN9F7rnfRYe730Uhvd9FvL7fRVTA30Xuwd9F
h8PfRSHF30W6xt9FVsjfRe7J30WHy99FIc3fRbrO30V/0N9F7tHfRYnT30Uj1d9FutbfRVbY
30Xu2d9FidvfRSHd30W63t9FVODfRe7h30WJ499FIeXfRbrm30VU6N9F7unfRYfr30Uh7d9F
uu7fRVbw30Xw8d9Fh/PfRSP130W69t9FVPjfRe7530WH+99FIf3fRbr+30VUAOBF8AHgRYkD
4EUhBeBFugbgRVYI4EXuCeBFhwvgRSEN4EW6DuBFVhDgRe4R4EWHE+BFIxXgRboW4EVUGOBF
7hngRYkb4EUhHeBFuh7gRVYg4EXuIeBFiSPgRSMl4EW6JuBFVijgRe4p4EWJK+BFIS3gRbou
4EVUMOBF8DHgRYcz4EUhNeBFvDbgRVY44EXwOeBFhzvgRSE94EW6PuBFVEDgRe5B4EWHQ+BF
IUXgRbpG4EVUSOBF8EngRYdL4EUhTeBFuk7gRVRQ4EXwUeBFh1PgRSNV4EW6VuBFVljgRe5Z
4EWHW+BFIV3gRbxe4EVWYOBF7mHgRYlj4EUhZeBFumbgRVZo4EXwaeBFh2vgRSNt4EW6buBF
a3DgRfBx4EWHc+BFIXXgRbx24EVWeOBF7nngRYl74EUjfeBFun7gRVaA4EXugeBFiYPgRSOF
4EW6huBFVIjgRfCJ4EWHi+BFI43gRbqO4EVWkOBF8JHgRYmT4EUhleBFupbgRVSY4EXumeBF
h5vgRSOd4EW6nuBFVKDgRfCh4EWHo+BFIaXgRbym4EVUqOBF7qngRYer4EUjreBFuq7gRVaw
4EXuseBFh7PgRSO14EW8tuBFVrjgRfC54EWHu+BFIb3gRbq+4EVWwOBF7sHgRYfD4EUhxeBF
vMbgRVTI4EXuyeBFh8vgRSHN4EW6zuBFVtDgRfDR4EWJ0+BFIdXgRbzW4EVU2OBF7tngRYfb
4EUh3eBFut7gRVTg4EXu4eBFh+PgRSHl4EW65uBFVOjgRe7p4EWJ6+BFI+3gRbru4EVW8OBF
7vHgRYnz4EUh9eBFuvbgRVT44EXu+eBFh/vgRSP94EW6/uBF</AssayXData><AssayYData Points="900">cJyvQPAcsEAdK7BAh02wQMtfsEAXZLBAMmGwQNKWsED/p7BAz5mwQP5zsEBol7BAOqewQPWj
sED0pLBANJuwQAOgsECMnbBAU7OwQOOZsEC5r7BA2KGwQHKcsEDNs7BAYKGwQAjGsEBRrbBA
kKWwQNedsED3qLBAKLGwQM2ZsEDqrrBAH8awQDDJsEAWt7BAb8mwQJnZsEDY2bBAc9uwQB7T
sEDPoLBAZKqwQB7NsECsvrBAacOwQCuxsECztbBAMsCwQI+zsEDCwLBA3uywQGTYsECXybBA
OuiwQEjGsEAoxrBA+tiwQNu5sEAk6LBAsNmwQDWssED8z7BAKdmwQHnQsECusrBA6tSwQOHT
sEB31bBAktOwQD7LsEBKzbBAvNGwQEansEDv3rBAbcewQHPusEBP3LBAYu6wQLEBsUBOzrBA
ue+wQGvlsEBZzbBAg9+wQEXfsECL67BAUuqwQNLVsED45bBAc+2wQETtsECV87BAm8mwQIK/
sECLCbFA9/iwQKvYsEAD5rBAWOKwQNXqsEA9/bBA3PawQNbKsEDwGLFAIdKwQGAUsUCt+bBA
4/awQH7ssEA6BbFASMqwQAsNsUDvBLFATd2wQADysED3ErFAweSwQKf7sEA/27BAQOKwQHUK
sUBU1rBAY9+wQBwOsUBuFLFAkxSxQCgAsUDP37BA8viwQNoJsUB9CrFA+wCxQFgLsUDYDrFA
V/uwQMAVsUBA+LBA0OOwQIAEsUCcFbFAMySxQGDxsED5G7FALyqxQEkAsUBuILFAhBixQHca
sUBg+7BANeqwQEUHsUA8G7FACxixQHkOsUAu6bBAKAOxQLMasUBUIrFAJRyxQLgmsUDZ/bBA
ZRKxQLMqsUBVIbFAPiixQEsysUBWALFAChixQMTmsEAIILFAaRuxQLoSsUCFAbFAIx+xQIgi
sUDHILFAGS+xQAIXsUC0MbFAAzCxQO0OsUCNFrFAjjexQHwnsUDiOLFAehuxQHslsUADDLFA
piOxQPo2sUAsKLFAXzKxQBQXsUAzNLFA4hWxQOYmsUCNLLFA4gqxQCg6sUDiSbFACkOxQIsd
sUCMLrFAAgqxQM0ysUDmULFAN06xQKErsUCDK7FATTyxQPozsUAAJ7FAE0OxQE00sUBgTLFA
/SCxQCVFsUB7VrFAQjqxQG5AsUBPPrFA3C2xQKVNsUC7J7FA/y+xQD0+sUAkU7FAmy6xQJND
sUDtE7FAfUexQHhNsUDrKbFAkkuxQLopsUBPQbFAhjCxQCNKsUDRSbFAfDWxQGZDsUCTO7FA
vESxQKdRsUCVNbFAlySxQFiAsUAjRbFAAnWxQGQ/sUD/XrFAgDixQIZTsUCZPrFALSexQIhD
sUACQLFAGlmxQLxLsUC4NbFAaEaxQM5AsUBzYrFA3TyxQOc8sUDfVLFAOE6xQNo+sUBrU7FA
MDaxQItNsUA8OLFAoWKxQBNOsUBoDLFAgUuxQJdDsUBLOrFA526xQJ5gsUANRLFAdEexQPGG
sUCbWbFAgTuxQLZWsUC7NLFA+FuxQAZTsUDWVrFAnl+xQAtvsUABULFA2muxQFNNsUCdI7FA
noCxQHJdsUBBeLFAnkCxQKs+sUCscbFA4lqxQOAvsUDFWbFA+FKxQM82sUA9W7FA0lGxQId5
sUCEaLFAymaxQOFUsUBdgrFAAHmxQKNUsUCeZLFAbVCxQNlrsUBobbFAST6xQHSDsUBNa7FA
k1ixQLlNsUBRTbFASJixQARssUDRWrFA6XqxQChxsUA4TbFAh2KxQOBYsUCfYbFAFFyxQIVN
sUATbrFAlIOxQNNlsUA8i7FAOoqxQN+EsUBNnbFAd16xQIh9sUDSgrFAdICxQJB3sUCDVbFA
Y3axQJRlsUC7g7FApnaxQDx9sUBBlbFAl36xQGR8sUAtf7FAoYWxQK5esUAHibFA/XqxQN+B
sUDYZbFAw3axQCSGsUCJYbFAiIKxQPxpsUB6hbFARHyxQMNQsUDSfrFArIuxQO6JsUB/hbFA
MHixQLWPsUDwiLFAHYOxQN57sUBBbbFAMpKxQIOGsUCPtLFAT4uxQJRvsUCLjbFAMW6xQE2Q
sUDujbFAi56xQJaXsUDje7FAWnaxQFNtsUD2fbFA+3GxQJ+UsUCMmbFApp6xQOKHsUANk7FA
+q6xQDJ6sUA2ibFAkpaxQG2qsUCoj7FA6puxQAyisUCYrbFAiYuxQHGAsUBplbFAP6ixQEyS
sUCn0rFAUpixQHeNsUAOlbFAndaxQGyxsUBonrFA9JOxQOiKsUAqgbFAmZ6xQE+bsUBit7FA
NpyxQAuhsUBMjbFAKKOxQHPBsUCmprFAXJSxQESfsUCZlbFA3KexQHuVsUCSnrFAmpexQAGT
sUDWpLFAhoqxQJebsUDdubFAU6uxQHaWsUBxqLFAt4exQMqxsUDPj7FATsaxQP6bsUDYjbFA
FLuxQByrsUAsyrFAwp6xQJe5sUBgt7FA5cGxQASksUAMqrFA4YaxQI20sUBHnbFAXYexQDCr
sUDkq7FA58mxQJrBsUAJrrFAAKSxQOygsUB1rbFAwJSxQCSzsUAcobFAxKixQCeYsUB3t7FA
C8SxQBXEsUBbsrFAxtCxQIvdsUA6obFAIa2xQOm6sUAt87FAetCxQMKssUB5qrFAqNuxQBi/
sUBruLFAWcWxQMnHsUDu1LFACaOxQLnSsUDKz7FAxLCxQLrVsUBAzbFAAvexQFinsUDhybFA
ELaxQLLesUBC5rFAirmxQDTFsUBc3LFAIN6xQGjksUCZ6bFAgPexQInysUDgxbFA87WxQIPL
sUD+7LFAAMmxQNzTsUCHw7FA/9CxQGDlsUBq1LFA6eaxQLLosUCUsLFAuM+xQDW4sUCAx7FA
Ve6xQGTasUBbwrFA69CxQF3zsUC65rFAMsSxQFbqsUDz2rFADNWxQDvosUAXwLFAmtmxQATr
sUA+6bFA/7yxQEgGskAN9LFAMNSxQHHYsUD/A7JA+sSxQAXXsUDU3rFAPfGxQAbMsUB567FA
LN2xQGLYsUBw1rFAet2xQG/XsUB/srFAS9SxQF3esUC3DrJAxemxQCrosUCRy7FA8gKyQNgZ
skBlu7FAjNWxQLbfsUBe7rFANeOxQBnfsUC85rFActGxQPDbsUBd2rFA3OmxQMzUsUBJxbFA
qtCxQFn7sUDK07FAt/WxQHPnsUCIErJAqtCxQAv5sUA+1LFAdvuxQL7RsUB+47FAofmxQALk
sUC2/rFAYsyxQFUEskBD7LFAFf+xQNoCskBgCrJANd+xQCbvsUAy/7FAPQWyQGr7sUD8ArJA
f+mxQLTksUAf9bFAYSGyQI3rsUBpy7FAwBKyQNkHskATALJA7v+xQOzUsUBl9bFAvB+yQNXZ
sUDl57FAaxCyQEL6sUAVFLJA2hGyQLsNskBD/LFA8xOyQIwTskAn4bFAT+WxQEYBskAuA7JA
bAOyQI0mskDW97FAB+KxQBYiskApHrJAtxWyQJTtsUB59bFAMvqxQFsfskDxUrJAiA+yQLXl
sUCdCbJAgdyxQNYHskDwE7JAzg6yQNP/sUAKALJAaPOxQFgFskCZF7JAzAGyQAEHskC1/7FA
5AuyQAzwsUBGB7JADSWyQDASskD8BLJAd/CxQPH/sUBpCbJAqxyyQAcPskDmHrJA9A+yQDwW
skDkO7JAuiGyQOv9sUDk+rFAHS6yQOoKskC+DrJAQw+yQNMQskCRFrJAJB2yQLUcskDiRLJA
FBGyQLINskAF+7FAAiyyQJZGskBPCLJAoPmxQM4EskD4CLJAUSqyQDMfskDXPrJAFP2xQOoL
skAxCrJApjSyQJYtskASC7JAmgOyQCMEskCDP7JAAkKyQCMMskB1M7JAoDiyQN8zskAOCrJA
YCGyQGsTskB5IrJAtDGyQLELskATC7JAD1eyQLcaskBEJrJA9UeyQG5EskAxBLJAeyqyQC5A
skDWFbJAozOyQO5AskDzHrJAMRmyQKYRskDNFbJA/RiyQCVIskA/H7JA6SqyQDQOskD2GrJA
bhiyQK48skBGTbJAcDOyQJwwskDaJ7JAOiWyQPtTskBDKbJA/UKyQFhmskCzQLJAWjeyQEFC
skAYNrJACD6yQOoFskDPH7JAZCWyQDEiskCHNLJA+y2yQLNYskBcAbJAOjayQN9IskBDPbJA
1jiyQAYrskD3ILJAUyyyQMM2skCZGrJAsjOyQFsyskCnT7JACEyyQOQyskC4RbJAvCWyQIND
skC2L7JAf0ayQGJCskCrU7JA0jeyQGtCskARObJA0DGyQIk1skA1VLJAmRuyQE83skBDG7JA
sTeyQEM8skC/SbJAi0eyQFtQskAHQ7JAPSGyQCYwskDyW7JAcUayQLkqskAlS7JAlFmyQNVI
skC/W7JAF16yQCpUskAjGbJA2mOyQLFNskB3S7JALhCyQGZJskA/WLJA/DyyQG5ZskClTrJA
G2KyQFBSskCaKbJAmFGyQKhpskBmPLJAY2SyQN5uskB9XbJAIz2yQHhnskD5YLJAE3+yQKRG
skC5S7JAMG+yQHVLskAYXrJASkyyQFdZskC4X7JAvDOyQPNsskD3P7JAGzqyQE5EskBbPrJA
ikSyQE18skBrUbJAJzWyQO1fskAFVbJAtk6yQDMuskBlYrJAhkqyQBFrskCsSLJA/1SyQGJb
skB0YbJA2FqyQJZ7skDCebJAXXKyQPdHskCOarJAiFiyQOlrskDBZ7JALJiyQEVWskCQT7JA
7UWyQNp+skApcLJAvEGyQBByskCDW7JAqFWyQMBtskBgYrJA</AssayYData></Step><Step><CommonData><SampleLocation>1</SampleLocation><SampleID>Octet Buffer</SampleID><SampleGroup></SampleGroup><SampleInfo></SampleInfo><SampleRow>K</SampleRow><SamplePlate>1</SamplePlate><WellType>BUFFER</WellType><Concentration>-1</Concentration><ConcentrationUnits>µg/ml</ConcentrationUnits><MolarConcentration>-1</MolarConcentration><MolarConcUnits>nM</MolarConcUnits><MolecularWeight>0</MolecularWeight><Temperature>30</Temperature><StartTime>8195114</StartTime><AssayTime>300</AssayTime></CommonData><FlowRate>1000</FlowRate><StepType>DISASSOC</StepType><StepName>Dissociation</StepName><StepStatus>OK</StepStatus><ActualTime>300.001</ActualTime><CycleTime>0.2</CycleTime><AssayXData Points="1500">VADhRe4B4UWHA+FFIwXhRbwG4UVUCOFF8AnhRYcL4UUhDeFFvA7hRVQQ4UXwEeFFiRPhRSEV
4UW6FuFFVBjhRe4Z4UWHG+FFIx3hRboe4UVWIOFF7iHhRYcj4UUhJeFFuibhRVQo4UXuKeFF
iSvhRSMt4UW8LuFFVDDhRfAx4UWHM+FFITXhRbo24UVWOOFF7jnhRYc74UUjPeFFvD7hRVZA
4UXuQeFFh0PhRSNF4UW8RuFFVEjhRe5J4UWHS+FFIU3hRbpO4UVWUOFF7lHhRYdT4UUjVeFF
vFbhRVZY4UXwWeFFh1vhRSNd4UW6XuFFVGDhRe5h4UWHY+FFIWXhRbpm4UVWaOFF7mnhRYdr
4UUhbeFFvG7hRVZw4UXwceFFh3PhRSN14UW6duFFVnjhRe554UWJe+FFI33hRbp+4UVUgOFF
7oHhRYmD4UUjheFFvIbhRVSI4UXuieFFiYvhRSGN4UW8juFFVpDhRe6R4UWHk+FFIZXhRbyW
4UVUmOFF8JnhRYeb4UUhneFFvJ7hRVag4UXwoeFFh6PhRSOl4UW8puFFVqjhRe6p4UWHq+FF
I63hRbqu4UVUsOFF7rHhRYmz4UUjteFFurbhRVS44UXwueFFh7vhRSG94UW8vuFFVsDhRe7B
4UWJw+FFIcXhRbrG4UVUyOFF7snhRYnL4UUhzeFFvM7hRVbQ4UXw0eFFidPhRSHV4UW81uFF
VNjhRe7Z4UWJ2+FFId3hRbre4UVU4OFF8OHhRYfj4UUj5eFFvObhRVTo4UXu6eFFh+vhRSPt
4UW67uFFVPDhRfDx4UWH8+FFIfXhRbr24UVW+OFF7vnhRYf74UUh/eFFuv7hRVQA4kXuAeJF
hwPiRSMF4kW6BuJFVAjiRe4J4kWJC+JFIw3iRboO4kVWEOJF7hHiRYcT4kUhFeJFvBbiRVYY
4kXwGeJFhxviRSEd4kW6HuJFViDiRe4h4kWJI+JFISXiRbwm4kVWKOJF8iniRYcr4kUhLeJF
ui7iRVQw4kXuMeJFhzPiRSE14kW8NuJFVDjiRe454kWJO+JFIz3iRbw+4kVUQOJF8EHiRYdD
4kUhReJFukbiRVRI4kXwSeJFiUviRSFN4kW6TuJFVlDiRe5R4kWHU+JFI1XiRbpW4kVUWOJF
7lniRYdb4kUhXeJFul7iRVRg4kXuYeJFh2PiRSFl4kW8ZuJFVGjiRe5p4kWJa+JFIW3iRbxu
4kVUcOJF7nHiRYlz4kUhdeJFunbiRVZ44kXueeJFiXviRSF94kW6fuJFVoDiRe6B4kWHg+JF
IYXiRbyG4kVUiOJF7oniRYeL4kUhjeJFuo7iRVaQ4kXukeJFh5PiRSOV4kW6luJFVJjiRfCZ
4kWHm+JFI53iRbye4kVUoOJF8KHiRYej4kUhpeJFvKbiRVao4kXwqeJFiaviRSGt4kW8ruJF
VLDiRe6x4kWHs+JFIbXiRbq24kVYuOJF8LniRYe74kUhveJFvL7iRVTA4kXuweJFh8PiRSHF
4kW6xuJFVsjiRfDJ4kWJy+JFIc3iRbzO4kVU0OJF8NHiRYfT4kUh1eJFutbiRVTY4kXu2eJF
h9viRSHd4kW63uJFVODiRfDh4kWH4+JFI+XiRbrm4kVW6OJF8OniRYfr4kUj7eJFuu7iRVTw
4kXu8eJFifPiRSP14kW69uJFVPjiRfD54kWH++JFIf3iRbz+4kVUAONF7gHjRYcD40UhBeNF
ugbjRVQI40XuCeNFiQvjRSEN40W8DuNFVBDjRe4R40WHE+NFIRXjRbwW40VWGONF8BnjRYcb
40UjHeNFvB7jRVQg40XuIeNFiSPjRSEl40W6JuNFVCjjRe4p40WJK+NFIS3jRbwu40VUMONF
7jHjRYcz40UhNeNFujbjRVY440XuOeNFiTvjRSE940W8PuNFVkDjRe5B40WJQ+NFI0XjRbxG
40VUSONF8EnjRYlL40UjTeNFvE7jRVRQ40XuUeNFh1PjRSFV40W6VuNFVFjjRe5Z40WJW+NF
I13jRbpe40VUYONF8GHjRYdj40UhZeNFvGbjRVZo40XuaeNFiWvjRSNt40W6buNFVnDjRe5x
40WJc+NFI3XjRbp240VWeONF7nnjRYd740UlfeNFun7jRVSA40XugeNFh4PjRSGF40W6huNF
VIjjRfCJ40WHi+NFIY3jRbyO40VUkONF7pHjRYmT40UhleNFupbjRVaY40XwmeNFiZvjRSGd
40W8nuNFVKDjRfCh40WJo+NFIaXjRbqm40VWqONF7qnjRYer40UhreNFvK7jRVaw40XuseNF
ibPjRSG140W6tuNFVrjjRe6540WHu+NFIb3jRbq+40VWwONF7sHjRYfD40UhxeNFvMbjRVbI
40XuyeNFh8vjRSHN40W8zuNFVNDjRe7R40WJ0+NFIdXjRbzW40VU2ONF7tnjRYfb40Uj3eNF
ut7jRVTg40Xu4eNFiePjRSPl40W65uNFVOjjRe7p40WH6+NFIe3jRbru40VU8ONF7vHjRYnz
40Uh9eNFuvbjRVb440Xu+eNFh/vjRSH940W8/uNFVgDkRe4B5EWHA+RFIQXkRboG5EVUCORF
8AnkRYcL5EUhDeRFvA7kRVQQ5EXwEeRFiRPkRSEV5EW6FuRFVBjkRe4Z5EWHG+RFIx3kRboe
5EVUIORF7iHkRYkj5EUhJeRFuibkRVYo5EXwKeRFiSvkRSEt5EW6LuRFVDDkRe4x5EWHM+RF
ITXkRbo25EVWOORF8DnkRYk75EUhPeRFvD7kRVRA5EXuQeRFh0PkRSNF5EW6RuRFVEjkRfBJ
5EWHS+RFIU3kRbxO5EVUUORF7lHkRYdT5EUhVeRFulbkRVRY5EXuWeRFiVvkRSNd5EW6XuRF
VGDkRfBh5EWHY+RFIWXkRbxm5EVUaORF8GnkRYdr5EUhbeRFvG7kRVZw5EXwceRFiXPkRSN1
5EW6duRFVnjkRe555EWJe+RFIX3kRbp+5EVUgORF7oHkRYmD5EUjheRFuobkRVSI5EXuieRF
h4vkRSGN5EW6juRFVJDkRe6R5EWJk+RFI5XkRbyW5EVWmORF7pnkRYeb5EUhneRFvJ7kRVSg
5EXwoeRFh6PkRSGl5EW8puRFVqjkRe6p5EWHq+RFI63kRbqu5EVUsORF7rHkRYmz5EUjteRF
urbkRVa45EXuueRFh7vkRSG95EW6vuRFVMDkRe7B5EWJw+RFIcXkRbrG5EVUyORF8MnkRYnL
5EUhzeRFus7kRVbQ5EXu0eRFh9PkRSPV5EW81uRFVNjkRfDZ5EWH2+RFId3kRbre5EVU4ORF
7uHkRYfj5EUh5eRFuubkRVbo5EXu6eRFievkRSPt5EW67uRFVPDkRe7x5EWH8+RFIfXkRbz2
5EVW+ORF8PnkRYf75EUh/eRFuv7kRVYA5UXwAeVFiQPlRSEF5UW8BuVFVAjlRfAJ5UWHC+VF
Iw3lRboO5UVUEOVF8BHlRYcT5UUhFeVFuhblRVQY5UXuGeVFiRvlRSEd5UW6HuVFViDlRe4h
5UWHI+VFIyXlRbom5UVWKOVF7inlRYkr5UUhLeVFvC7lRVYw5UXuMeVFiTPlRSE15UW6NuVF
VjjlRe455UWJO+VFIT3lRbo+5UVWQOVF7kHlRYdD5UUhReVFukblRVRI5UXuSeVFh0vlRSFN
5UW6TuVFVFDlRfBR5UWJU+VFIVXlRbpW5UVUWOVF7lnlRYlb5UUjXeVFvF7lRVRg5UXuYeVF
h2PlRSFl5UW6ZuVFVGjlRfBp5UWHa+VFIW3lRbpu5UVUcOVF7nHlRYlz5UUjdeVFunblRVR4
5UXueeVFh3vlRSN95UW6fuVFVIDlRe6B5UWHg+VFI4XlRbyG5UVUiOVF7onlRYeL5UUhjeVF
vI7lRVaQ5UXwkeVFiZPlRSOV5UW8luVFVJjlRe6Z5UWJm+VFIZ3lRbqe5UVUoOVF8KHlRYmj
5UUhpeVFuqblRVSo5UXuqeVFh6vlRSGt5UW6ruVFVLDlRe6x5UWJs+VFIbXlRbq25UVUuOVF
7rnlRYe75UUjveVFur7lRVTA5UXuweVFh8PlRSPF5UW6xuVFVMjlRfDJ5UWHy+VFI83lRbzO
5UVU0OVF7tHlRYfT5UUh1eVFutblRVbY5UXw2eVFh9vlRSHd5UW63uVFVODlRe7h5UWH4+VF
IeXlRbrm5UVW6OVF7unlRYfr5UUh7eVFvO7lRVTw5UXu8eVFifPlRSH15UW89uVFVPjlRfD5
5UWH++VFIf3lRbr+5UVUAOZF8AHmRYcD5kUjBeZFugbmRVYI5kXuCeZFhwvmRSEN5kW8DuZF
VBDmRfAR5kWHE+ZFIRXmRboW5kVUGOZF8BnmRYcb5kUhHeZFuh7mRVYg5kXuIeZFhyPmRSMl
5kW6JuZFVCjmRe4p5kWHK+ZFIS3mRbou5kVUMOZF7jHmRYkz5kUjNeZFujbmRVQ45kXwOeZF
iTvmRSE95kW8PuZFVEDmRe5B5kWHQ+ZFIUXmRbpG5kVWSOZF7knmRYlL5kUhTeZFvE7mRVRQ
5kXuUeZFh1PmRSFV5kW8VuZFVFjmRfBZ5kWHW+ZFIV3mRbpe5kVUYOZF8GHmRYdj5kUjZeZF
umbmRVRo5kXuaeZFh2vmRSFt5kW6buZFVnDmRe5x5kWJc+ZFIXXmRb525kVWeOZF7nnmRYl7
5kUhfeZFun7mRVSA5kXugeZFiYPmRSGF5kW8huZFVIjmRe6J5kWHi+ZFI43mRbqO5kVUkOZF
7pHmRYeT5kUhleZFupbmRVaY5kXwmeZFiZvmRSOd5kW6nuZFVKDmRe6h5kWHo+ZFIaXmRbqm
5kVUqOZF7qnmRYmr5kUhreZFvK7mRVaw5kXwseZFh7PmRSG15kW8tuZFVLjmRe655kWHu+ZF
Ib3mRbq+5kVUwOZF8MHmRYnD5kUhxeZFusbmRVTI5kXwyeZFicvmRSHN5kW6zuZFVtDmRe7R
5kWH0+ZFIdXmRbzW5kVU2OZF7tnmRYnb5kUh3eZFut7mRVTg5kXu4eZFh+PmRSHl5kW65uZF
VujmRe7p5kWJ6+ZFI+3mRbzu5kVU8OZF7vHmRYfz5kUh9eZFuvbmRVb45kXu+eZFh/vmRSH9
5kW8/uZFVgDnRfAB50WHA+dFIQXnRbwG50VUCOdF7gnnRYkL50UhDedFug7nRVQQ50XuEedF
iRPnRSEV50W+FudFVBjnRfAZ50WHG+dFIx3nRbwe50VWIOdF7iHnRYkj50UhJedFuibnRVQo
50XuKedFhyvnRSEt50W6LudFVjDnRe4x50WJM+dFITXnRbo250VUOOdF7jnnRYc750UhPedF
uj7nRVRA50XwQedFh0PnRSFF50W6RudFVEjnRfBJ50WJS+dFIU3nRbpO50VUUOdF7lHnRYdT
50UhVedFulbnRVZY50XwWedFh1vnRSFd50W6XudFVmDnRe5h50WHY+dFI2XnRbpm50VUaOdF
7mnnRYdr50UhbedFum7nRVZw50XwcedFiXPnRSN150W6dudFVnjnRe5550WHe+dFIX3nRbp+
50VWgOdF7oHnRYeD50UhhedFvIbnRVSI50XwiedFiYvnRSGN50W8judFVpDnRe6R50WHk+dF
IZXnRbyW50VUmOdF7pnnRYeb50UjnedFup7nRVSg50XuoedFh6PnRSGl50W6pudFVKjnRe6p
50WJq+dFI63nRbqu50VWsOdF7rHnRYez50UjtedFvrbnRVS450XuuedFh7vnRSO950W8vudF
VMDnRfDB50WJw+dFI8XnRbzG50VUyOdF8MnnRYfL50UhzedFus7nRVbQ50Xu0edFh9PnRSHV
50W61udFVNjnRfDZ50WH2+dFI93nRbze50VU4OdF7uHnRYnj50Uh5edFvObnRVTo50Xw6edF
h+vnRSPt50W87udFVPDnRe7x50WH8+dFIfXnRbz250VW+OdF7vnnRYf750Uh/edFvP7nRVQA
6EXwAehFhwPoRSEF6EW6BuhFVgjoRfAJ6EWJC+hFIQ3oRboO6EVUEOhF8BHoRYcT6EUjFehF
uhboRVYY6EXuGehFiRvoRSMd6EW8HuhFViDoRe4h6EWJI+hFIyXoRbom6EVWKOhF8CnoRYcr
6EUhLehFui7oRVYw6EXwMehFiTPoRSE16EW6NuhFVjjoRe456EWJO+hFIz3oRbw+6EVUQOhF
8EHoRYdD6EUhRehFvEboRVRI6EXuSehFh0voRSNN6EW8TuhFVFDoRe5R6EWHU+hFIVXoRbxW
6EVUWOhF7lnoRYdb6EUhXehFvF7oRVRg6EXwYehFiWPoRSNl6EW8ZuhFVGjoRe5p6EWJa+hF
I23oRbpu6EVUcOhF7nHoRYdz6EUjdehFunboRVR46EXueehFiXvoRSN96EW6fuhFVIDoRe6B
6EWHg+hFIYXoRbqG6EVWiOhF8InoRYmL6EUhjehFuo7oRVSQ6EXwkehFiZPoRSOV6EW8luhF
VJjoRe6Z6EWHm+hFIZ3oRbqe6EVUoOhF7qHoRYej6EUhpehFuqboRVSo6EXuqehFh6voRSGt
6EW6ruhFVLDoRfCx6EWHs+hFI7XoRbq26EVWuOhF7rnoRYm76EUhvehFvL7oRVbA6EXwwehF
h8PoRSPF6EW6xuhFVMjoRe7J6EWJy+hFI83oRbrO6EVW0OhF7tHoRYnT6EUh1ehFvNboRVbY
6EXu2ehFh9voRSHd6EW63uhFVODoRfDh6EWJ4+hFIeXoRbzm6EVW6OhF7unoRYnr6EUj7ehF
uu7oRVTw6EXu8ehFh/PoRSH16EW89uhFVPjoRe756EWH++hFIf3oRbz+6EVWAOlF8AHpRYcD
6UUhBelFvAbpRVYI6UXwCelFhwvpRSEN6UW6DulFVBDpRe4R6UWHE+lFIRXpRboW6UVUGOlF
7hnpRYcb6UUhHelFvB7pRVQg6UXwIelFhyPpRSEl6UW8JulFVCjpRe4p6UWJK+lFIS3pRbou
6UVWMOlF7jHpRYkz6UUhNelFvjbpRVY46UXuOelFhzvpRSM96UW6PulFVkDpRe5B6UWJQ+lF
IUXpRbpG6UVWSOlF7knpRYdL6UUhTelFvE7pRVZQ6UXuUelFh1PpRSFV6UW6VulFVFjpRfBZ
6UWHW+lFIV3pRbxe6UVWYOlF8GHpRYdj6UUjZelFvGbpRVRo6UXuaelFh2vpRSNt6UW6bulF
VHDpRe5x6UWHc+lFI3XpRbp26UVUeOlF8HnpRYd76UUhfelFun7pRVSA6UXugelFh4PpRSOF
6UW8hulFVojpRfCJ6UWJi+lFIY3pRbyO6UVWkOlF7pHpRYmT6UUhlelFupbpRVSY6UXwmelF
iZvpRSGd6UW8nulFVKDpRe6h6UWJo+lFIaXpRbym6UVWqOlF7qnpRYer6UUhrelFuq7pRVSw
6UXwselFh7PpRSG16UW6tulFVrjpRe656UWJu+lFIb3pRby+6UVUwOlF8MHpRYfD6UUjxelF
usbpRVTI6UXwyelFh8vpRSHN6UW8zulFVtDpRe7R6UWJ0+lFIdXpRbrW6UVW2OlF8NnpRYnb
6UUh3elFut7pRVbg6UXu4elFiePpRSPl6UW+5ulFVujpRfDp6UWH6+lFI+3pRbru6UVU8OlF
7vHpRYfz6UUj9elFuvbpRVT46UXu+elFh/vpRSP96UW8/ulFVgDqRe4B6kWHA+pFIwXqRboG
6kVWCOpF7gnqRYcL6kUhDepFug7qRVQQ6kXwEepFiRPqRSMV6kW6FupFVBjqRe4Z6kWHG+pF
Ix3qRboe6kVUIOpF8CHqRYcj6kUhJepFvCbqRVQo6kXuKepFiSvqRSEt6kW6LupFVjDqRfAx
6kWHM+pFIzXqRbo26kVUOOpF7jnqRYk76kUhPepFuj7qRVZA6kXuQepFiUPqRSNF6kW6RupF
VkjqRe5J6kWJS+pFIU3qRbpO6kVUUOpF8FHqRYlT6kUhVepFvFbqRVRY6kXuWepFh1vqRSNd
6kW8XupF</AssayXData><AssayYData Points="1500">8aKxQArMsUBSxLFA+7ixQFHjsUCkwbFAmY6xQIOrsUB3yLFAErOxQEmusUAOybFA79mxQGDM
sUDz8bFAEfqxQGgBskDk0bFAb9axQBPosUCK2bFAhOaxQJr/sUAECrJA9NyxQLbisUDc5bFA
7QWyQBn/sUCG6LFAs/SxQELgsUDb9LFAUQiyQOAJskCcw7FACAeyQHMHskC4E7JAduaxQN/5
sUCT9LFAvPOxQL32sUCECrJAjs+xQPT+sUBuEbJAFRKyQH/psUAnBbJAxAeyQOIQskDlJbJA
gfqxQPUKskDpI7JASvuxQDXysUBI/rFASe6xQNz8sUC6LrJAuAayQPn7sUA4H7JAO/yxQO7f
sUCoFLJAZhmyQGULskDDGLJAzxuyQMsmskCz+7FAUy+yQK0xskB9HLJAKBeyQPQRskBpErJA
rD+yQGoeskDbAbJA5DWyQLcfskAWBbJA3/2xQGEkskADG7JA2iSyQGojskB3IbJArB6yQJYk
skD4GrJA6/6xQLYwskC9LLJAMyCyQAY5skAOQLJAOhmyQOE3skAiO7JAnxGyQBE1skCPHbJA
tg6yQAclskD2S7JAlS2yQCFOskARQLJAQQOyQKEfskDpQ7JAfzCyQAslskBNPLJA2geyQB3m
sUAwLbJAxkayQBAqskDyL7JA4zKyQCwoskBVHbJA5CSyQFogskByDLJAZSayQOE0skDbHLJA
YRyyQNE1skCLILJAiiKyQMJIskA4MbJAkh2yQA9askCLLrJAsymyQIhKskAvM7JAsAayQLss
skDEGbJABC+yQEsuskB0QLJAMkayQKE4skCGMrJARy6yQGFSskC4T7JAkE+yQCUsskAPb7JA
GlSyQGk0skA6WbJAUSiyQBU6skD7QrJAsUCyQJU1skDVXLJAI3WyQO0rskA8OrJAR1yyQBAw
skAdT7JAMkGyQCImskBtRrJAajKyQEE3skDsQ7JA9zKyQJ4askC+Q7JAKEWyQB8/skDGQLJA
kkWyQPREskDSLrJArUyyQI5pskChLbJAzT6yQD9MskD5TLJAzBeyQN5FskCzQLJAcUayQDJn
skCaS7JAWEyyQBlGskAAabJAoHCyQO1SskA1arJAsjeyQL1YskDAQbJA2TeyQJ0zskBgWbJA
P1uyQEY/skCAYrJAdlWyQJctskDTbbJAZFyyQNQ3skDxOLJAMkeyQKR2skDvVbJAJVuyQF1O
skDMXrJAi2iyQDloskDLcLJAhXKyQOQ3skBCRrJAdmyyQGRjskA6bbJA726yQB1nskB1XLJA
FX2yQF54skBNObJArzayQFtdskALY7JASFeyQOpDskBGbrJA3GKyQMt8skC+arJA5F6yQCBT
skA1brJAr0yyQP9iskDahLJAIVSyQMhuskB9bLJAFVayQGBiskCOcrJArViyQHRBskBpYrJA
v3KyQJ5tskDNXLJAnp+yQE9cskArfrJAxEayQF+NskDFRbJATHayQPRhskBaeLJAFYCyQMGG
skAmcLJApISyQHRtskCLfrJArXuyQNRZskA2cLJAIEKyQPV+skCzXbJAAHayQP9UskCSR7JA
po6yQIlwskCdYLJAHGiyQGp+skACYLJA0leyQDCEskAhX7JAKoqyQL6cskC/WrJA41myQPx/
skCmXbJAy22yQJNyskDylbJAe16yQNp5skDuVbJAzI+yQKiaskAaVrJAs2CyQB9iskCTh7JA
XHuyQHxyskDWdbJAYIiyQE12skDDf7JAe3ayQEp+skD5pLJA3JSyQECGskDoW7JA7WWyQFdf
skB9j7JA8KayQBuPskA+W7JAFoGyQNWTskBcdrJAv4KyQPOSskCBf7JAv3GyQBd6skBXjLJA
kbWyQGZ/skAikbJAu2CyQE+HskBbk7JAsHuyQH6rskDuiLJAF4OyQGSEskD+g7JA+4yyQAGo
skBvlrJA75yyQGCGskB7ebJA0amyQHqLskAamLJAuIeyQA11skB4obJA55SyQKqFskB1rbJA
C5OyQG6EskAmirJA1oyyQMGkskCMnbJA65yyQPF+skCbbLJAxYiyQCF4skBekbJAuqGyQDWN
skDafrJATI+yQFmCskCMjbJAPKKyQJWWskACirJAYoayQPirskDzjrJAYKCyQH/DskBXcbJA
CXSyQDLMskBJgrJAYqyyQGysskDbqrJAfZKyQGGrskDRnLJAtqWyQGGoskAExbJA57CyQMSA
skACs7JAfIOyQCmLskB2qrJAkJeyQHq0skBguLJAm42yQGCrskCir7JA/6eyQGWgskAym7JA
98GyQHeyskCpp7JA1dGyQBilskDCqrJA7p6yQIqvskAxmbJAOc2yQAGTskCApbJA+a+yQLOh
skDcmLJA1s2yQJPAskA1t7JAVIKyQNWgskBrorJA2q2yQEqLskCppbJAoLOyQBqcskC+wLJA
IoayQDXKskBHobJApKGyQNyJskB2wrJA9rWyQMW7skDMprJAJNOyQKuyskAEn7JARqOyQGiZ
skAJurJAqK6yQDOrskA4s7JAV6iyQByMskAHuLJApcCyQJzUskCosLJAlteyQHe0skD4wrJA
IcOyQP+sskDglrJANMmyQH3CskAbmrJAB7myQEKqskBJ17JA3smyQDXFskAfyLJAJdmyQCO4
skByuLJAP8CyQFq7skCdybJAobGyQFzHskAyybJAvJyyQAzrskDyyrJA5a+yQJjwskAjuLJA
h9WyQBPRskA32bJA376yQAesskBtuLJAIMWyQBDjskDI8bJA48iyQOWnskAW3rJAmtOyQMXT
skBe1bJAw92yQPzTskCP5bJAhcyyQH64skCtzbJAWdiyQHPEskBi0rJAMeeyQEnmskAr4rJA
+7yyQM7eskCXzrJAVc6yQHzRskB48bJAY+myQC68skC+0LJApd+yQDH0skDn0rJA7umyQN7Y
skAY8LJAw/myQBzUskBd2rJARcyyQDP1skASBbNAEcayQOTzskCs5bJAvtKyQN/oskD88bJA
JuOyQKEEs0AJ0LJAq9GyQP7qskDz5bJA+r2yQNvWskBM0bJA99myQFLPskC2xLJArPCyQJLi
skDt1rJANuCyQBUDs0C3x7JA4eSyQF73skBq57JAos2yQOXqskD+4rJAKQSzQKPeskAz1rJA
6vWyQAThskBZ+bJAkgWzQELhskAVA7NAVNayQFjfskByBbNAxwSzQAfoskCV77JAgr6yQFrl
skAl7rJA7O2yQKLoskAs07JAm7+yQFbLskCDA7NAneOyQJ/xskARAbNApeCyQOEKs0DG6rJA
2OGyQKf4skApCbNA19ayQCoEs0C7ELNAAfayQO33skAV9bJAe/myQHD/skAO8rJAHg+zQFTe
skDf+7JAH/myQC/1skCk4rJACA+zQKr3skDJFLNApwKzQArhskAr9rJAZfayQK/5skBT8bJA
Gv2yQDDvskA54bJA5NiyQFEEs0CVCrNAPQmzQOrbskBuBLNAffuyQFEgs0Bn2rJAl+OyQCnn
skD/0rJAK/+yQMErs0Bj7rJA0OeyQAEhs0Bw+7JAxTSzQMwLs0BXAbNAj/uyQKMZs0DFDLNA
Wd2yQKftskAFCrNASu6yQKwWs0CIIrNAVOyyQCEis0Dc9rJAk+uyQBAes0CZDLNAhuWyQJ8O
s0DTA7NAxAGzQP8Qs0D/GbNApfyyQOTuskDP+LJASP2yQF8Vs0DsDrNAtPyyQOQAs0DxGbNA
AgqzQC0ks0DV+LJAiBWzQD//skCPFrNADxqzQCrZskBA+7JAqQGzQOo8s0ApFLNAcwmzQKn9
skDMG7NARQazQBwds0D9F7NAP/yyQNIJs0CONrNAFSSzQCcOs0DiCrNALAGzQPMFs0BkILNA
cA6zQIgis0A3HrNA9iSzQIETs0DNE7NAnR+zQKMZs0AEF7NAUxqzQLIns0AGLbNAlx+zQCMP
s0CdCLNAwCOzQGjtskAG77JAqfqyQKIVs0AXLrNA2/qyQLoDs0AfBrNAvg6zQJoWs0ADILNA
dymzQF0Ks0Dd9LJA/wyzQPM/s0A/JrNAdiSzQAQhs0ANKLNAhgyzQLkUs0AwU7NAFC+zQAEp
s0B1QLNA6wCzQL4qs0CLEbNA8DyzQOkXs0BRHbNA9COzQJsrs0B6B7NAwSWzQBUIs0AJT7NA
XRqzQJULs0A2L7NAThKzQKsis0BfPrNAqTuzQNw2s0BMGrNAuBizQM4bs0CZOLNA7g+zQHsg
s0B4L7NAi0CzQAAXs0DSPLNAyUGzQJcZs0AgLrNADzCzQBMzs0DJSbNAwiWzQHpCs0CEL7NA
fiqzQFMts0B9CrNAyBezQME6s0BxL7NAt0izQIEps0BlRLNAITyzQCUys0AMRLNA0R2zQGJa
s0BKI7NAthOzQKc0s0DHN7NAdUuzQKg0s0CIP7NAmEqzQMUes0DOSLNAnCezQC4fs0ArRbNA
TyKzQMg0s0AoXrNASR2zQG08s0BEP7NAwESzQBsUs0DgMrNAaSWzQFQrs0A0OrNAQUCzQOZd
s0BLULNAGjOzQEBJs0AEXLNAwyGzQJIws0A6TrNArFqzQMUxs0C0NbNAREazQIMds0CWL7NA
0k+zQHBJs0AyYbNAGEizQC5Us0DkK7NA/FGzQBZws0BoNrNAT1GzQDNOs0A7bbNAlkazQK00
s0BXT7NAzD6zQHVTs0A2JrNAhU+zQHJAs0A3PLNAwzmzQNdDs0DxZLNAOEizQCg+s0CeQbNA
QimzQCZTs0DNP7NAnkOzQGE8s0C+RrNAhmKzQDRMs0CHarNAJ1ezQCtbs0DeTbNAmDuzQOZO
s0CBbbNAfFCzQO9es0BdT7NA1TGzQOIvs0DVV7NA11CzQEU4s0DoRbNAfoazQMpOs0A1T7NA
P1SzQLlFs0DHbbNAfmSzQLFSs0AZRrNAVmOzQENCs0BpTrNAcEezQChss0ASbbNAjUOzQMFk
s0CWOLNArjGzQC9ts0ANfrNAcVmzQMtAs0CpZbNAo3uzQNhSs0BdSbNABEuzQENJs0AyYbNA
0ouzQMpks0AOfrNASWyzQG1Ys0AYerNAYXCzQGVvs0BLX7NATWuzQAZPs0AaVLNA9nizQPpy
s0CHe7NA4U6zQPF4s0DaYbNAyn2zQNt+s0C2X7NAY2azQGdgs0DvWbNAUV+zQHFFs0BKYLNA
FHKzQNZEs0CteLNAqG2zQJpps0D2jLNA+WCzQCVms0BIirNA4VezQP9ps0Ael7NAP4WzQMGF
s0D2YLNAqnGzQGhns0DnULNAFXyzQFBvs0DgeLNAIlSzQF9bs0D1pbNARpazQMY7s0CGf7NA
4ZGzQAd/s0DHWbNAc5SzQP1ks0C2cbNANJazQG9/s0B/U7NABZSzQLGEs0BjfLNAtmizQGt+
s0AyZrNArpizQNCks0BJmbNAuICzQIeNs0AZgrNAhHuzQM+Os0BXbLNAh2azQNucs0AxeLNA
7nuzQDuws0AqlbNAoH2zQH6Cs0CRYrNA+3ezQHhMs0CciLNA0XGzQMZ4s0BfsbNAPJizQOd7
s0AkorNA1pWzQJKJs0Dxl7NAdWmzQPPDs0ASgbNAgJ6zQPaEs0Akh7NApIGzQE13s0Ddk7NA
FXWzQCt9s0CzhrNAE56zQBlls0B/hbNApY2zQDuBs0DnfLNAGoyzQGOVs0AAqbNAV6OzQH+I
s0DTebNAJnezQB92s0ARe7NA+o2zQECjs0DJkbNA4oWzQAGLs0B8n7NAwIKzQLGds0A8crNA
HJqzQBmis0Ajn7NAt3yzQHqDs0ADl7NA1mmzQB57s0D9vbNApLizQJags0BGmrNAO3izQNd/
s0D6nLNAdY2zQLmgs0DcfLNAiMOzQLibs0DRmrNAkJyzQACIs0AEobNAmJGzQBCos0BnlLNA
5o6zQCZ/s0Axo7NAT6GzQB2Rs0ADnrNALKyzQKqks0D5irNAX52zQAKls0CvirNAj4azQDCs
s0Aaa7NAhKyzQJePs0DGk7NA76izQB+ts0BLtbNAOYWzQIets0DFoLNAaoSzQOKss0DIlLNA
arGzQArFs0B2kbNACbGzQPGRs0D10rNAC6mzQCiYs0Dap7NAU4izQLjDs0ApoLNAR5+zQNNz
s0Axu7NAibqzQOmYs0BJmLNAZaOzQEOWs0B6nrNANr6zQC7Hs0Dho7NAZrezQAmhs0D2urNA
mYizQETYs0BJl7NARM6zQJC/s0D1vLNAxrOzQLSks0CrqrNABaGzQGK/s0DTv7NA17uzQF20
s0DPkbNAoaazQMm1s0BylbNAFcWzQODss0DOk7NAe7OzQCnIs0BUzrNAILuzQGies0CDvbNA
Z9uzQOers0AFqrNACcCzQCG8s0D/sbNAXbazQJums0B2uLNAOcWzQF/Ds0BmvrNA/8yzQLmZ
s0B9u7NADcezQEufs0AEkbNAVKSzQNues0D/wbNASeWzQOfKs0C9q7NAPt6zQG+5s0B/2bNA
I8qzQGDIs0BvqrNA8vWzQE+2s0C00LNAvd6zQJbIs0DJprNApbizQLLEs0AFv7NA3q2zQErA
s0CQ2rNAAJ+zQOzQs0B6qLNAdI+zQMO9s0C6s7NATrmzQBOws0Dv3LNA286zQMHGs0DnxbNA
z6izQBbEs0BVobNAxsmzQErXs0D/1LNAH+OzQBnas0CozrNA0O2zQL3Ws0CnxbNARNSzQNrX
s0C107NAEuqzQPDCs0DAwLNAPNSzQFPFs0AvxLNAzMuzQKbns0CjsrNAYOCzQOmos0Aw17NA
6NWzQMnYs0Djv7NAOuyzQIjXs0CAu7NA9tazQN3Ms0CdsLNAeLKzQArks0C0zLNAhfezQGPo
s0AL6bNAHsmzQBf1s0Dt17NANcizQIO5s0CN0rNAKq2zQDjts0AF0LNA7bCzQLjbs0CZ1bNA
at6zQLLms0DN0bNAe/WzQID+s0Bm07NAutyzQDu/s0BF7rNA3eizQHnjs0DH47NAIOyzQECy
s0Cs6rNAChG0QE7Zs0BJz7NAat6zQJH+s0Bjx7NArAa0QAHrs0C/tLNAb/6zQPr1s0CL7rNA
s8+zQMn/s0BD4LNAlPOzQDXQs0C21LNAyN2zQBrjs0D1DrRAZPuzQELzs0BGzLNAj9KzQPkD
tEDy5bNAMO+zQKj/s0CS/LNAO+yzQCX0s0DY5rNAYf2zQN4DtEBK8LNAUNOzQArGs0BsC7RA
kAe0QJXzs0BV4rNAq/+zQLvRs0Ap+7NAZSq0QHMEtEApAbRAN/GzQHj9s0D56bNAue+zQP/w
s0AJ5bNA5we0QOkCtEAS5rNAY86zQAr6s0Ci6LNA0Ae0QHn3s0A0CLRA4O6zQLIEtED6DLRA
FuezQO3vs0At5rNAkf2zQCMCtEBS4bNAagK0QG8FtEAWvrNAxwO0QGX5s0D51LNALgS0QPDz
s0D+9rNAcOqzQJL/s0A2CrRAiPOzQHncs0Ab8LNAi/WzQKAStECl87NA7P+zQL/ss0DkArRA
KNSzQE0UtEA9E7RA0B60QNz/s0AbDLRAvfWzQAnUs0C7HbRAmwu0QCQLtEAw4LNArRS0QAoE
tEBiELRA7Be0QHjcs0BB47NAM/CzQDgDtED7+LNAoRu0QBghtEAl+7NAehy0QPcwtECQ/rNA
Gwy0QIAstEDmHLRA2SW0QNcEtECiE7RA+PezQM4utECwEbRAKg60QOMbtEAe27NA2Du0QDgN
tEDVEbRAjvazQJ/0s0CJGLRAh/izQGsYtEDIOLRAmO+zQLELtEBLCbRA4i20QEL8s0ANBLRA
LAe0QM0OtEB7F7RAvgO0QMIHtEDkDrRAJBK0QEQYtEAz/bNA0Ae0QGYCtECoI7RA8ha0QKEZ
tEATILRAZUO0QPD4s0BYMbRA+/qzQHf8s0B7+rNA9BO0QGcgtEAp8rNATCW0QMoltEBPB7RA
iy20QHUttEDmF7RAXRG0QP82tEB5LrRAniG0QKcktEACBLRAwQa0QCAjtECo9LNA6ya0QGwd
tEDGH7RA</AssayYData></Step><Step><CommonData><SampleLocation>5</SampleLocation><SampleID>Glycine</SampleID><SampleGroup></SampleGroup><SampleInfo></SampleInfo><SampleRow>L</SampleRow><SamplePlate>1</SamplePlate><WellType>REGENERATION</WellType><Concentration>-1</Concentration><ConcentrationUnits>µg/ml</ConcentrationUnits><MolarConcentration>-1</MolarConcentration><MolarConcUnits>nM</MolarConcUnits><MolecularWeight>0</MolecularWeight><Temperature>30</Temperature><StartTime>8504312</StartTime><AssayTime>5</AssayTime></CommonData><FlowRate>1000</FlowRate><StepType>KREGENERATION</StepType><StepName>Regeneration</StepName><StepStatus>OK</StepStatus><ActualTime>4.9998</ActualTime><CycleTime>0.2</CycleTime><AssayXData Points="25">VmDqRfJh6kWJY+pFJWXqRbxm6kVWaOpF8GnqRYtr6kUjbepFvG7qRVZw6kXwcepFiXPqRSN1
6kW+dupFVnjqRfB56kWLe+pFJX3qRbx+6kVYgOpF8IHqRYmD6kUjhepFvIbqRQ==</AssayXData><AssayYData Points="25">P5oHQJXFAkC4cgBA2hn+P52V/D9Qd/k/CWj3P/DX9D9gcfI/x/rvPxa27j/U5us/VJTpP8Io
6D+d4OU/BZTkP2tR4z/6peE/vDjgPzcL3j/QGN0/V6/bP0Xd2j8lVNo/VevYPw==</AssayYData></Step><Step><CommonData><SampleLocation>6</SampleLocation><SampleID>PBS</SampleID><SampleGroup></SampleGroup><SampleInfo></SampleInfo><SampleRow>L</SampleRow><SamplePlate>1</SamplePlate><WellType>NEUTRALIZATION</WellType><Concentration>-1</Concentration><ConcentrationUnits>µg/ml</ConcentrationUnits><MolarConcentration>-1</MolarConcentration><MolarConcUnits>nM</MolarConcUnits><MolecularWeight>0</MolecularWeight><Temperature>30</Temperature><StartTime>8517416</StartTime><AssayTime>5</AssayTime></CommonData><FlowRate>1000</FlowRate><StepType>KREGENERATION</StepType><StepName>Regeneration</StepName><StepStatus>OK</StepStatus><ActualTime>4.9998</ActualTime><CycleTime>0.2</CycleTime><AssayXData Points="25">VojqRfCJ6kWJi+pFI43qRb6O6kVWkOpF8JHqRYmT6kUjlepFvpbqRVaY6kXwmepFiZvqRSWd
6kW+nupFVqDqRfKh6kWJo+pFJaXqRbym6kVYqOpF8KnqRYmr6kUlrepFvK7qRQ==</AssayXData><AssayYData Points="25">rWOjQEHdo0BAm6RAAQKlQKdlpUCXjaVA4r6lQM4CpkCiPqZAeDemQO5fpkCedaZAPsWmQPbK
pkDX4aZA1eqmQM0ap0AWNadAxhinQLlAp0BwcqdANXenQFB4p0AynqdA/ZqnQA==</AssayYData></Step><Step><CommonData><SampleLocation>5</SampleLocation><SampleID>Glycine</SampleID><SampleGroup></SampleGroup><SampleInfo></SampleInfo><SampleRow>L</SampleRow><SamplePlate>1</SamplePlate><WellType>REGENERATION</WellType><Concentration>-1</Concentration><ConcentrationUnits>µg/ml</ConcentrationUnits><MolarConcentration>-1</MolarConcentration><MolarConcUnits>nM</MolarConcUnits><MolecularWeight>0</MolecularWeight><Temperature>30</Temperature><StartTime>8530692</StartTime><AssayTime>5</AssayTime></CommonData><FlowRate>1000</FlowRate><StepType>KREGENERATION</StepType><StepName>Regeneration</StepName><StepStatus>OK</StepStatus><ActualTime>4.9998</ActualTime><CycleTime>0.2</CycleTime><AssayXData Points="25">VrDqRfCx6kWJs+pFJbXqRb626kVWuOpF8LnqRYm76kUjvepFvL7qRVjA6kXywepFicPqRSPF
6kW+xupFWMjqRfLJ6kWJy+pFJc3qRbzO6kVW0OpF8tHqRYnT6kUl1epFvNbqRQ==</AssayXData><AssayYData Points="25">RKb0P7yT6j9RPOU/BiniP8eB4D+1KN0/QebbP25K2j92Edk/6I7XP63b1j+2jtU/QMLUP/cg
1D94ntM/NPnSP+TI0T/WkdE/VGnQP6Pyzz+Epc8/iMjOP7fnzT/pzc0/V+zMPw==</AssayYData></Step><Step><CommonData><SampleLocation>6</SampleLocation><SampleID>PBS</SampleID><SampleGroup></SampleGroup><SampleInfo></SampleInfo><SampleRow>L</SampleRow><SamplePlate>1</SamplePlate><WellType>NEUTRALIZATION</WellType><Concentration>-1</Concentration><ConcentrationUnits>µg/ml</ConcentrationUnits><MolarConcentration>-1</MolarConcentration><MolarConcUnits>nM</MolarConcUnits><MolecularWeight>0</MolecularWeight><Temperature>30</Temperature><StartTime>8543927</StartTime><AssayTime>5</AssayTime></CommonData><FlowRate>1000</FlowRate><StepType>KREGENERATION</StepType><StepName>Regeneration</StepName><StepStatus>OK</StepStatus><ActualTime>4.9998</ActualTime><CycleTime>0.2</CycleTime><AssayXData Points="25">VtjqRfLZ6kWJ2+pFI93qRbze6kVY4OpF8OHqRYvj6kUl5epFvObqRVbo6kXw6epFi+vqRSPt
6kW87upFVvDqRfDx6kWJ8+pFJfXqRbz26kVY+OpF8PnqRYn76kUl/epFvP7qRQ==</AssayXData><AssayYData Points="25">7TujQAr0o0BljqRAG8CkQOcZpUBdXaVA5YqlQCzXpUCb+aVALD6mQPxLpkCuVKZA/aimQKPQ
pkCu0qZA0xenQNUzp0DoOadAs2unQP9Hp0BTXqdAQ4WnQHOQp0AXhadAe5OnQA==</AssayYData></Step><Step><CommonData><SampleLocation>5</SampleLocation><SampleID>Glycine</SampleID><SampleGroup></SampleGroup><SampleInfo></SampleInfo><SampleRow>L</SampleRow><SamplePlate>1</SamplePlate><WellType>REGENERATION</WellType><Concentration>-1</Concentration><ConcentrationUnits>µg/ml</ConcentrationUnits><MolarConcentration>-1</MolarConcentration><MolarConcUnits>nM</MolarConcUnits><MolecularWeight>0</MolecularWeight><Temperature>30</Temperature><StartTime>8557030</StartTime><AssayTime>5</AssayTime></CommonData><FlowRate>1000</FlowRate><StepType>KREGENERATION</StepType><StepName>Regeneration</StepName><StepStatus>OK</StepStatus><ActualTime>5.00078</ActualTime><CycleTime>0.2</CycleTime><AssayXData Points="25">VgDrRfIB60WLA+tFIwXrRbwG60VWCOtF8gnrRYkL60UlDetFvA7rRVYQ60XyEetFiRPrRSUV
60W+FutFVhjrRfIZ60WLG+tFIx3rRbwe60VWIOtF8CHrRYkj60UjJetFvibrRQ==</AssayXData><AssayYData Points="25">ehryP0lH5z/aCOI/rtXfP8Xg3D8AUds/lh/aPy5B2D+j+9Y/jMbVP6EF1T+WT9Q/kbrTP2P3
0j90O9I/wy3SP7GN0T9kwNA/Xh3QPzmwzz/jh88/swjPP0eozj9rS84//e7NPw==</AssayYData></Step><Step><CommonData><SampleLocation>6</SampleLocation><SampleID>PBS</SampleID><SampleGroup></SampleGroup><SampleInfo></SampleInfo><SampleRow>L</SampleRow><SamplePlate>1</SamplePlate><WellType>NEUTRALIZATION</WellType><Concentration>-1</Concentration><ConcentrationUnits>µg/ml</ConcentrationUnits><MolarConcentration>-1</MolarConcentration><MolarConcUnits>nM</MolarConcUnits><MolecularWeight>0</MolecularWeight><Temperature>30</Temperature><StartTime>8570432</StartTime><AssayTime>5</AssayTime></CommonData><FlowRate>1000</FlowRate><StepType>KREGENERATION</StepType><StepName>Regeneration</StepName><StepStatus>OK</StepStatus><ActualTime>4.9998</ActualTime><CycleTime>0.2</CycleTime><AssayXData Points="25">WCjrRfQp60WLK+tFJy3rRcAu60VYMOtF9DHrRY0z60UnNetFvjbrRVg460XyOetFizvrRSc9
60W+PutFWEDrRfhB60WLQ+tFJUXrRb5G60VYSOtF8knrRYtL60UlTetFvk7rRQ==</AssayXData><AssayYData Points="25">TmCkQAzGpEDUTKVA4dOlQOMzpkCEc6ZAMaumQJHapkBB+6ZAWkCnQK5qp0BilqdAeY2nQLrJ
p0A57adAfPGnQD75p0DcO6hA0iioQAROqEBaeqhA9ouoQO2RqEAMiqhA67eoQA==</AssayYData></Step><Step><CommonData><SampleLocation>1</SampleLocation><SampleID>Octet Buffer</SampleID><SampleGroup></SampleGroup><SampleInfo></SampleInfo><SampleRow>K</SampleRow><SamplePlate>1</SamplePlate><WellType>BUFFER</WellType><Concentration>-1</Concentration><ConcentrationUnits>µg/ml</ConcentrationUnits><MolarConcentration>-1</MolarConcentration><MolarConcUnits>nM</MolarConcUnits><MolecularWeight>0</MolecularWeight><Temperature>30</Temperature><StartTime>8584860</StartTime><AssayTime>20</AssayTime></CommonData><FlowRate>1000</FlowRate><StepType>CUSTOM</StepType><StepName>Sensor Check</StepName><StepStatus>OK</StepStatus><ActualTime>19.9998</ActualTime><CycleTime>0.2</CycleTime><AssayXData Points="100">WFDrRfRR60WNU+tFJ1XrRcBW60VYWOtF8lnrRYtb60UlXetFvl7rRVhg60X0YetFjWPrRSVl
60XAZutFWGjrRfJp60WLa+tFJW3rRb5u60VYcOtF8nHrRYtz60UndetFvnbrRVh460X0eetF
i3vrRSd960W+futFWoDrRfSB60WLg+tFJ4XrRcCG60VaiOtF8onrRYuL60UljetFwI7rRViQ
60XyketFjZPrRSmV60W+lutFWJjrRfSZ60WLm+tFJZ3rRb6e60VaoOtF8qHrRYuj60UlpetF
wKbrRVio60XyqetFi6vrRSet60XArutFWLDrRfKx60WLs+tFJbXrRcC260VYuOtF9LnrRYu7
60UlvetFvr7rRVjA60XywetFjcPrRSfF60W+xutFWMjrRfLJ60WNy+tFJc3rRb7O60VY0OtF
9NHrRY3T60Ul1etFvtbrRVjY60Xy2etFi9vrRSXd60XA3utFWuDrRfTh60WN4+tFJeXrRcDm
60VY6OtF8unrRY3r60Ul7etFvu7rRQ==</AssayXData><AssayYData Points="100">CbiiQKaToEC8JJ9A5CyeQEtWnUCD8JxAqKScQJllnEBFiJxAVaicQChTnEBIppxANqGcQPGo
nEB6v5xAVsOcQM3knEAs8ZxA5P+cQH7qnEBE9ZxAczqdQAconUBVF51AhyidQPlWnUAhQ51A
A2mdQGJZnUDNmZ1ANIOdQGuPnUDGtp1AHpqdQL+nnUCMg51AZaOdQCOrnUDQwp1AGrqdQPXK
nUBg3Z1AH62dQHn8nUDx8p1AWv+dQAXonUB5DZ5AdPCdQHkInkATCZ5AoB6eQCounkCdF55A
0COeQBAYnkDpJ55A5i6eQAA4nkBEOp5AezueQPhGnkA4XJ5AESmeQDNnnkD8Qp5AbHaeQFVn
nkBthJ5AH36eQD10nkC5bZ5Abn2eQOSInkBzi55AnJ6eQEWBnkDKrJ5AYr6eQPmKnkCCq55A
XMaeQLa5nkCgl55AaH+eQNGvnkCdp55AhaWeQPS0nkDWqp5ATKieQFnmnkBdy55ADr6eQN3n
nkC1455AHeKeQGbrnkAN255A+syeQA==</AssayYData></Step><Step><CommonData><SampleLocation>1</SampleLocation><SampleID>SI-157X65_P5567</SampleID><SampleGroup></SampleGroup><SampleInfo></SampleInfo><SampleRow>L</SampleRow><SamplePlate>1</SamplePlate><WellType>KLOAD</WellType><Concentration>5</Concentration><ConcentrationUnits>µg/ml</ConcentrationUnits><MolarConcentration>5000</MolarConcentration><MolarConcUnits>nM</MolarConcUnits><MolecularWeight>0</MolecularWeight><Temperature>30</Temperature><StartTime>8613160</StartTime><AssayTime>120</AssayTime></CommonData><FlowRate>1000</FlowRate><StepType>LOADING</StepType><StepName>Loading</StepName><StepStatus>OK</StepStatus><ActualTime>120.001</ActualTime><CycleTime>0.2</CycleTime><AssayXData Points="600">WPDrRfLx60WL8+tFJfXrRb7260VY+OtF8vnrRY3760Ul/etFvv7rRVoA7EXyAexFiwPsRSUF
7EW+BuxFWAjsRfIJ7EWLC+xFJw3sRb4O7EVYEOxF8hHsRYsT7EUnFexFwBbsRVgY7EXyGexF
ixvsRSUd7EW+HuxFWiDsRfIh7EWLI+xFJyXsRcAm7EVYKOxF9CnsRY0r7EUlLexFvi7sRVgw
7EXyMexFizPsRSU17EXANuxFWjjsRfQ57EWLO+xFJz3sRb4+7EVYQOxF9EHsRYtD7EUnRexF
wEbsRVhI7EXySexFi0vsRSVN7EW+TuxFWFDsRfJR7EWLU+xFJVXsRb5W7EVYWOxF8lnsRYtb
7EUlXexFvl7sRVhg7EX0YexFjWPsRSdl7EXAZuxFWGjsRfJp7EWNa+xFJ23sRcBu7EVYcOxF
8nHsRYtz7EUldexFvnbsRVp47EXyeexFi3vsRSd97EW+fuxFWIDsRfKB7EWLg+xFJ4XsRb6G
7EVYiOxF8onsRYuL7EUnjexFwI7sRViQ7EXykexFi5PsRSWV7EXAluxFWJjsRfSZ7EWNm+xF
JZ3sRcCe7EVaoOxF8qHsRYuj7EUlpexFvqbsRVio7EX0qexFjavsRSWt7EW+ruxFWrDsRfKx
7EWLs+xFJbXsRb627EVYuOxF8rnsRY277EUlvexFvr7sRVrA7EX0wexFi8PsRSXF7EXAxuxF
WMjsRfLJ7EWLy+xFJc3sRb7O7EVY0OxF8tHsRYvT7EUn1exFvtbsRVrY7EXy2exFjdvsRSXd
7EW+3uxFWODsRfLh7EWL4+xFJeXsRb7m7EVY6OxF8unsRY3r7EUl7exFwO7sRVjw7EX08exF
jfPsRSf17EXA9uxFWPjsRfT57EWN++xFJf3sRb7+7EVYAO1F8gHtRYsD7UUlBe1FvgbtRVoI
7UXyCe1FiwvtRScN7UW+Du1FWBDtRfIR7UWLE+1FJRXtRcAW7UVaGO1F8hntRY0b7UUlHe1F
wB7tRVgg7UXyIe1FiyPtRSUl7UXAJu1FWijtRfQp7UWLK+1FJy3tRcAu7UVYMO1F8jHtRYsz
7UUlNe1FvjbtRVg47UXyOe1FjTvtRSU97UW+Pu1FWEDtRfJB7UWLQ+1FJUXtRb5G7UVaSO1F
8kntRY1L7UUlTe1Fvk7tRVhQ7UXyUe1Fi1PtRSdV7UW+Vu1FWFjtRfJZ7UWLW+1FJV3tRcBe
7UVaYO1F8mHtRYtj7UUlZe1FvmbtRVho7UX0ae1Fi2vtRSVt7UW+bu1FWHDtRfRx7UWLc+1F
JXXtRb527UVaeO1F8nntRYt77UUlfe1Fvn7tRViA7UXyge1Fi4PtRSeF7UXAhu1FWIjtRfKJ
7UWNi+1FJ43tRcCO7UVakO1F8pHtRYuT7UUnle1FXpftRaKY7UX0me1Fi5vtRSWd7UW+nu1F
XKDtRfKh7UWLo+1FJ6XtRb6m7UVYqO1F8qntRYur7UUlre1Fvq7tRViw7UXyse1FjbPtRSe1
7UW+tu1FWLjtRfK57UWNu+1FJb3tRb6+7UVawO1F8sHtRYvD7UUlxe1FwMbtRVjI7UXyye1F
i8vtRSfN7UW+zu1FWNDtRfLR7UWL0+1FJdXtRb7W7UVY2O1F9NntRYvb7UUl3e1Fvt7tRVrg
7UXy4e1FjePtRSXl7UXA5u1FWOjtRfLp7UWL6+1FJe3tRcDu7UVY8O1F8vHtRYvz7UUl9e1F
wPbtRVr47UXy+e1Fi/vtRSf97UW+/u1FWgDuRfIB7kWLA+5FJwXuRb4G7kVaCO5F8gnuRYsL
7kUlDe5Fvg7uRVgQ7kXyEe5FjRPuRSUV7kW+Fu5FWBjuRfQZ7kWLG+5FJR3uRcAe7kVYIO5F
8iHuRYsj7kUnJe5FvibuRVgo7kXyKe5FiyvuRSUt7kW+Lu5FWjDuRfIx7kWNM+5FJTXuRb42
7kVYOO5F8jnuRY077kUlPe5Fvj7uRVhA7kXyQe5FjUPuRSVF7kXARu5FWkjuRfJJ7kWNS+5F
JU3uRb5O7kVaUO5F9FHuRY1T7kUnVe5FwFbuRVhY7kX0We5Fi1vuRSVd7kW+Xu5FWGDuRfRh
7kWNY+5FJ2XuRb5m7kVaaO5F9GnuRYtr7kUnbe5Fvm7uRVhw7kXyce5FjXPuRSV17kXAdu5F
WHjuRfJ57kWLe+5FJ33uRcB+7kVYgO5F8oHuRYuD7kUlhe5FvobuRVqI7kX0ie5Fi4vuRSWN
7kW+ju5FWJDuRfSR7kWNk+5FJZXuRb6W7kVYmO5F8pnuRY2b7kUlne5FwJ7uRVig7kXyoe5F
i6PuRSel7kW+pu5FWqjuRfKp7kWLq+5FJa3uRb6u7kVYsO5F8rHuRY2z7kUlte5FwLbuRVq4
7kXyue5Fi7vuRSW97kW+vu5FWMDuRfTB7kWNw+5FJ8XuRb7G7kVcyO5F9MnuRYvL7kUnze5F
vs7uRVjQ7kXy0e5FjdPuRSXV7kW+1u5FWNjuRfLZ7kWN2+5FJd3uRcDe7kVY4O5F8uHuRYvj
7kUn5e5FwObuRVro7kX06e5Fi+vuRSXt7kXA7u5FWPDuRfLx7kWN8+5FJfXuRcD27kVY+O5F
8vnuRYv77kUl/e5Fvv7uRVoA70X0Ae9FjQPvRScF70W+Bu9FWAjvRfIJ70WLC+9FJQ3vRb4O
70VYEO9F8hHvRY0T70UlFe9FvhbvRVgY70X0Ge9FixvvRSUd70W+Hu9FXCDvRfQh70WLI+9F
JSXvRcAm70VaKO9F8invRYsr70UlLe9Fvi7vRVgw70XyMe9FizPvRSU170W+Nu9FWjjvRfI5
70WNO+9FJT3vRb4+70VYQO9F8kHvRYtD70UlRe9FwEbvRVhI70X0Se9Fi0vvRSVN70W+Tu9F
WFDvRfJR70WLU+9FJVXvRb5W70VYWO9F9FnvRY1b70UlXe9Fvl7vRVhg70X0Ye9FjWPvRSdl
70W+Zu9FWGjvRfRp70WLa+9FJ23vRb5u70VYcO9F9HHvRYtz70Ulde9FvnbvRct470UQeu9F
i3vvRSV970XAfu9FWIDvRfKB70WLg+9FJYXvRcCG70VaiO9F9InvRYuL70Ulje9Fvo7vRViQ
70X0ke9Fi5PvRSWV70W+lu9FWJjvRfKZ70WLm+9FJZ3vRcCe70VYoO9F8qHvRY2j70Unpe9F
vqbvRVio70Xyqe9Fi6vvRSet70XAru9F</AssayXData><AssayYData Points="600">O8GeQExMn0ANl59AxrufQO33n0DaPKBABkygQJRNoEAKpKBA/6ygQDzhoEDrCqFA1TehQBND
oUAhYqFAr7ihQKSkoUDA36FAEfWhQAAOokCAIKJAxWSiQAmGokAat6JAObKiQDbfokAX+qJA
lRijQKBCo0DcWKNA12WjQI+Wo0AqyqNABu+jQH7jo0Bu9qNAFQakQO5UpEDtXKRA6oSkQE2U
pECB4qRARLmkQMDTpEDxEqVAdTWlQK5HpUBbaaVADV2lQBTApUCKwKVAmcOlQLPZpUBh/KVA
xyumQJcQpkBzVKZAbGWmQF9WpkABlKZAm7CmQDHppkBHxaZA/CWnQJoEp0CFPadA7lenQN1k
p0DTa6dABIKnQGutp0B4pqdAVLqnQL3jp0CkBahARxSoQMIvqEAWNqhAtX6oQMyCqEC1iahA
KJSoQBqxqECu56hAfe2oQBMrqUDwIalATx6pQGkWqUBwWqlAKFCpQLCCqUCSg6lA4nmpQB/R
qUAmuqlAStmpQP4CqkDTDqpAKgqqQIYnqkAQRqpAAjSqQJB1qkAReKpATIOqQMGUqkD7zKpA
0MiqQL29qkB9AatAovOqQMEIq0A9DatA2EmrQOgfq0AkLKtAmE+rQLRxq0CsT6tAhoSrQOSp
q0BycatAI8irQNXQq0Dr2KtAweerQEv2q0BaBKxAviisQFErrEDOUqxA7zusQC5erECtcqxA
EpasQJKbrECJY6xAWaqsQOvXrECp3qxAlcOsQKDyrED8+axArfWsQBosrUB/Hq1Amx6tQNNt
rUDfTa1A+UGtQIlUrUDxbq1AlKetQEunrUBKjK1Akp2tQD/DrUCq061AC8CtQJjYrUBkB65A
xwKuQA7krUDABa5A3gyuQMsqrkCYRK5AbUauQOFMrkBuNq5An1auQDlprkAgcq5Ac3euQEx2
rkCmjq5Ap52uQEufrkDnvq5A5t+uQC3UrkAE3q5AWuquQHgbr0CEDK9AegyvQDwQr0BrOa9A
sOauQPgSr0B7U69AckyvQPdzr0AbTK9A9FSvQOGGr0D+bq9AXYivQNe5r0CNna9AqJivQHy9
r0AKza9AftqvQPPpr0D77q9AGeivQPrvr0AJDbBAXwywQO3pr0BOALBAjjKwQNg9sEDeJrBA
8DywQG4wsEChYrBAaGewQMxTsEA6ZrBACm6wQExrsEBHjLBA/JOwQH59sEDow7BAwbSwQPPl
sEBhr7BAqdSwQO3TsEDa3bBAEt+wQCYHsUBm7LBA0gKxQGL3sED26bBAL/ewQIIhsUChN7FA
BxWxQB5IsUAOGrFA7TqxQPRKsUB8XLFADWKxQABFsUDpcbFAkoSxQBKisUDGpLFAlI6xQAZm
sUCutLFAU8WxQATFsUA2mbFA5caxQJvosUD+77FA+8exQHnTsUA6zrFAzg6yQHbzsUBiGLJA
jzuyQDkOskCqELJAsm2yQP4eskAVI7JAhSmyQKNCskCbIbJA9EeyQMY7skBwa7JAU2qyQFFf
skDuc7JAfmiyQHmPskD/oLJArZOyQAiVskBgebJA+oWyQBCrskC9qrJAvKGyQMOnskC+u7JA
LMSyQHXRskBfzbJAG9WyQEENs0Bp+bJAgNCyQPDsskA197JARvKyQHP2skBU/rJA5Q6zQPzi
skB+J7NAngOzQE8Gs0DAabNAuEmzQDU2s0AoRbNAh0ezQOk8s0CHRbNAk0KzQA5as0A9WrNA
xIOzQKtYs0D5eLNAUYezQFKMs0BMgLNAR6OzQCmHs0Dbl7NAc4SzQLPDs0BaprNAQaCzQEvY
s0B3s7NAlcGzQGC+s0DEwrNAXsuzQDD7s0D+s7NAUdWzQAX8s0Dn8bNAQuezQIA5tEDXCLRA
ueezQBYstEDZGLRA1fyzQDcPtEC/FrRAbBa0QEc5tEDKHLRA9Um0QBwztEAdPbRAkxi0QKk+
tEBlO7RA7m60QABctEBWXbRAZIe0QLp7tECSf7RA14O0QHZ/tEBNfLRAfLW0QHaWtEBimbRA
7Zi0QLWbtEDFsrRAm8W0QMaJtECMp7RA3720QGu3tEADprRAD8m0QP3ZtEDJwbRARc20QLXV
tEDcz7RAPtO0QCHetEAR2rRA/du0QMELtUAX+LRA4/W0QFbttEAVAbVAYAK1QNP2tEApI7VA
dAS1QLsAtUBR+7RADxO1QPgPtUDURbVAGDm1QGhMtUBETrVAVTC1QHU1tUAjarVAyDy1QJk+
tUA0WLVAt1y1QEd6tUBNV7VAZ4y1QHVctUD0fLVAJpG1QL6CtUCFkbVA7oC1QPaWtUCWhrVA
C6q1QH2btUDofLVASLi1QMuctUC2tLVAJsm1QIzMtUCoxLVAU9+1QCbCtUBAjLVAoNG1QIPW
tUDO3rVAreW1QMHWtUDP0bVAz+e1QAj0tUC92LVAXfC1QK3vtUDyBbZA/Pe1QLgNtkDyBbZA
bf21QL1HtkC/VbZAOQm2QOkUtkCOKLZA9+61QDgVtkDsL7ZAmxy2QJ8ktkDDT7ZAET62QPX7
tUClKLZAMU22QLhEtkBQU7ZAnG22QG1HtkAcULZA1ly2QMFQtkBmjLZA02C2QPNOtkBVZ7ZA
G3+2QH5PtkAzgbZAi6S2QG+rtkANh7ZA2oi2QC6ttkDajrZA8Je2QE+vtkDOnrZA14O2QJym
tkCKqbZAGcO2QIPAtkBT8rZAPMC2QO6wtkAHyLZAC722QLfRtkA50rZAcMm2QF7dtkBL9LZA
lOC2QA/MtkAb8LZADuG2QNXdtkDK4LZA1AS3QHnPtkB+A7dAr/G2QF3ytkCbI7dAGOm2QHAg
t0Ar+LZA2uu2QAsZt0A4G7dAQzC3QIMCt0DbJ7dA91a3QEket0CWKrdAyVO3QFhgt0CSHrdA
3Ua3QOVBt0BtMbdAyEO3QPFit0BgULdAmj+3QDd8t0DkQrdAOWW3QDFvt0AqbLdAqE+3QKVG
t0DjV7dAPWS3QDF4t0BCdrdAKHe3QHBrt0CIerdAYHa3QCxst0C9ardAgHK3QOGCt0DBXrdA
HXG3QOWft0CGvbdAfrG3QIeIt0Aut7dAz8W3QAKdt0Bq1LdAcqG3QM+ft0DIvbdAXqC3QEbZ
t0Cg57dATdW3QPuxt0AJu7dA3tu3QACxt0AC37dA7vO3QMjdt0C507dAj++3QIb4t0C3y7dA
XNW3QKzdt0BJ8bdAYOq3QPwIuEBK6rdA</AssayYData></Step><Step><CommonData><SampleLocation>1</SampleLocation><SampleID>Octet Buffer</SampleID><SampleGroup></SampleGroup><SampleInfo></SampleInfo><SampleRow>K</SampleRow><SamplePlate>1</SamplePlate><WellType>BUFFER</WellType><Concentration>-1</Concentration><ConcentrationUnits>µg/ml</ConcentrationUnits><MolarConcentration>-1</MolarConcentration><MolarConcUnits>nM</MolarConcUnits><MolecularWeight>0</MolecularWeight><Temperature>30</Temperature><StartTime>8741413</StartTime><AssayTime>100</AssayTime></CommonData><FlowRate>1000</FlowRate><StepType>BASELINE</StepType><StepName>Baseline</StepName><StepStatus>OK</StepStatus><ActualTime>99.9998</ActualTime><CycleTime>0.2</CycleTime><AssayXData Points="500">WrDvRfax70WNs+9FKbXvRcC270VauO9F9LnvRY2770Upve9FwL7vRVzA70X0we9FjcPvRSnF
70XAxu9FWsjvRfTJ70WNy+9FKc3vRcDO70Va0O9F9NHvRY3T70Un1e9FwtbvRVrY70X02e9F
jdvvRSnd70XC3u9FXODvRfTh70WP4+9FJ+XvRcDm70Va6O9F9OnvRY/r70WX7e9F3e7vRVrw
70X08e9Fj/PvRSf170XA9u9FXPjvRfT570WN++9FJ/3vRcD+70VcAPBF9AHwRY8D8EUnBfBF
wgbwRVoI8EX0CfBFjQvwRSkN8EXCDvBFWhDwRfQR8EWPE/BFJxXwRcIW8EVaGPBF9BnwRY0b
8EUpHfBFwh7wRVwg8EX2IfBFjSPwRScl8EXCJvBFXCjwRfQp8EWNK/BFJy3wRcIu8EVaMPBF
9DHwRY8z8EUpNfBFwDbwRVw48EX0OfBFjTvwRSk98EXCPvBFXEDwRfRB8EWNQ/BFJ0XwRcBG
8EVcSPBF9knwRY1L8EUnTfBFwE7wRVxQ8EX2UfBFjVPwRSdV8EXAVvBFWljwRfZZ8EWNW/BF
J13wRcBe8EVaYPBF9GHwRY1j8EUpZfBFwGbwRVpo8EX0afBFjWvwRSlt8EXAbvBFWnDwRfRx
8EWNc/BFKXXwRcB28EVcePBF9HnwRY178EUpffBFwn7wRVyA8EX0gfBFjYPwRSmF8EXAhvBF
WojwRfSJ8EWPi/BFoo3wReWO8EVckPBF9JHwRY2T8EUnlfBFwJbwRVqY8EX0mfBFjZvwRSmd
8EXAnvBFWqDwRfSh8EWPo/BFKaXwRcCm8EVcqPBF9qnwRY2r8EUnrfBFwK7wRVqw8EX2sfBF
jbPwRSm18EXAtvBFWrjwRfa58EWPu/BFKb3wRcC+8EVawPBF9sHwRZHD8EUnxfBFwMbwRVrI
8EX0yfBFjcvwRSfN8EXAzvBFXNDwRfTR8EWN0/BFJ9XwRcLW8EVa2PBF9tnwRY3b8EUn3fBF
wN7wRVrg8EX24fBFjePwRSfl8EXA5vBFWujwRfTp8EWP6/BFJ+3wRcDu8EVa8PBF9vHwRY3z
8EUn9fBFwPbwRVr48EX0+fBFjfvwRSn98EXA/vBFXADxRfQB8UWNA/FFKQXxRcAG8UVcCPFF
9AnxRY0L8UUnDfFFwg7xRVoQ8UX2EfFFjxPxRSkV8UXCFvFFXBjxRfYZ8UWNG/FFJx3xRcAe
8UVaIPFF9CHxRZEj8UUnJfFFwibxRVwo8UX2KfFFjSvxRbAt8UX0LvFFXDDxRfQx8UWPM/FF
KTXxRcI28UVcOPFF9jnxRY078UUnPfFFwj7xRVpA8UX0QfFFj0PxRSlF8UXARvFFXEjxRfRJ
8UWPS/FFJ03xRcBO8UVaUPFF9FHxRY1T8UUnVfFFwFbxRVpY8UX2WfFFj1vxRSld8UXAXvFF
XGDxRfRh8UWNY/FFJ2XxRcJm8UVaaPFF9GnxRY1r8UUnbfFFwG7xRVxw8UX0cfFFjXPxRSd1
8UXCdvFFXHjxRfZ58UWNe/FFKX3xRcB+8UVagPFF9IHxRY2D8UUnhfFFwIbxRVqI8UX0ifFF
j4vxRSeN8UXAjvFFXJDxRfSR8UWNk/FFJ5XxRcCW8UVamPFF9JnxRY2b8UUnnfFFwJ7xRVqg
8UX0ofFFj6PxRSel8UXApvFFWqjxRfSp8UWNq/FFKa3xRcCu8UVasPFF9LHxRY+z8UUntfFF
wLbxRVy48UX0ufFFjbvxRSe98UXCvvFFWsDxRfTB8UWPw/FFKcXxRcDG8UVcyPFF9MnxRY3L
8UXCzfFFCM/xRVzQ8UX20fFFjdPxRSfV8UXC1vFFWtjxRfTZ8UWP2/FFJ93xRcDe8UVa4PFF
9OHxRY/j8UUn5fFFwObxRVro8UX06fFFjevxRSft8UXA7vFFXPDxRfbx8UWN8/FFJ/XxRcL2
8UVa+PFF9vnxRY378UUn/fFFwv7xRVoA8kX2AfJFjQPyRScF8kXCBvJFXAjyRfQJ8kWNC/JF
Kw3yRcIO8kVcEPJF9BHyRY0T8kUnFfJFwhbyRVoY8kX0GfJFjxvyRScd8kXAHvJFWiDyRfQh
8kWNI/JFJyXyRcAm8kVaKPJF9CnyRY8r8kUnLfJFwi7yRVow8kX0MfJFjzPyRSc18kXANvJF
WjjyRfQ58kWPO/JFJz3yRcA+8kVaQPJF9EHyRY9D8kUnRfJFwEbyRVpI8kX2SfJFj0vyRSlN
8kXATvJFXFDyRfRR8kWNU/JFJ1XyRcBW8kVaWPJF9lnyRY9b8kUnXfJFwl7yRVpg8kX0YfJF
j2PyRSll8kXAZvJFWmjyRfRp8kWNa/JFpm3yRetu8kVacPJF9HHyRY1z8kUpdfJFwnbyRVx4
8kX2efJFjXvyRSd98kXAfvJFXIDyRfSB8kWNg/JFJ4XyRcCG8kVciPJF9InyRY2L8kUnjfJF
wI7yRVyQ8kX2kfJFj5PyRSmV8kXClvJFWpjyRfSZ8kWPm/JFJ53yRcCe8kVaoPJF9KHyRY2j
8kUnpfJFxKbyRVyo8kX0qfJFj6vyRSet8kXArvJFWrDyRfSx8kWPs/JFJ7XyRcK28kVauPJF
9LnyRY+78kUnvfJFwL7yRVrA8kX2wfJFjcPyRSnF8kXAxvJFXMjyRfTJ8kWNy/JFJ83yRcDO
8kU=</AssayXData><AssayYData Points="500">HxW3QB5st0AoSLdAcVW3QHCMt0CmeLdA7Vu3QI9it0D2b7dAro63QNlot0C9d7dA45u3QFGB
t0BFnLdAKpS3QMWOt0DSgLdAUcy3QL53t0BChLdANcW3QC2mt0DjjLdArJ23QIJ1t0CtjbdA
7MC3QIixt0CXebdAs423QD2Yt0D1YbdAqZi3QFnXt0DtlrdAH6C3QA6pt0BxtLdAI5S3QJfB
t0D3ordAWKa3QHait0BDpLdACJW3QL+Pt0ACtrdA8qS3QIvDt0A+lLdAqMa3QOyQt0CusLdA
H7y3QDayt0D247dAp6u3QNast0AptbdAgIS3QC2Jt0CUwbdAsL63QKfQt0CatrdANby3QJat
t0CxtbdAgcy3QEHPt0Bet7dAN723QJ2Et0C0s7dAhp23QLHLt0D2k7dAabG3QOLJt0AvzLdA
ELG3QMzjt0CqubdAsc23QLKzt0AItLdA37i3QNyZt0BXordA48S3QADPt0DciLdAX8q3QIHJ
t0DWvrdAQKy3QDjKt0CO2bdAsd63QJK/t0DqxLdAcqy3QNnBt0B9x7dA7863QC7Zt0DDuLdA
n7W3QGu3t0BR17dAI8C3QF3ct0CRyrdAUN23QDzct0BUs7dAGc23QJO2t0Bew7dA1823QKS8
t0B6y7dAkt+3QITzt0Aw0bdAjN23QIbTt0Ck0bdAoq+3QOfNt0CIzrdAJLS3QOHot0BOt7dA
feK3QMrNt0AzwbdAO9e3QNzQt0Dw7rdAA+u3QMcSuECAybdADsO3QLbQt0BfxLdA7tG3QE7C
t0C+6bdApNC3QNj4t0BEz7dAAdG3QEDRt0C437dAEdi3QJnUt0A22bdAVwC4QFYSuEB47rdA
4tW3QIjft0AQ5bdAP+u3QML5t0BG4bdAueG3QGTDt0CA3LdAq/e3QG/jt0Ad1LdAzwG4QFni
t0Co5LdA+823QKDdt0D00bdAkei3QAXwt0Bo4LdAVQC4QIXVt0AmzbdAx/a3QJT1t0BT1rdA
0+K3QEcAuEAmyLdA1ry3QB35t0D87LdAe/W3QFLzt0Dn27dAEM63QN3vt0APDbhAWvG3QCIH
uEBX/7dAvOy3QPYFuEDJ/LdA8+y3QBUCuEDV9rdAahi4QKr4t0A0/rdALwu4QFztt0BJ+rdA
r9e3QCLkt0BM+7dANey3QFnYt0DkELhAhBq4QNIGuECfFrhAtQG4QCb+t0CV6rdApBO4QJoD
uEAWK7hAWdi3QPIJuEDzBbhANvy3QHQPuEACCLhAkAK4QBHpt0AvCLhAWP23QA0IuEB237dA
/9a3QOgZuEBX8LdAKO63QLgQuEBb+7dARPm3QLw3uED2C7hAUfm3QIsCuEDz9bdApP23QHkv
uEAlALhAxAy4QCQSuEAdCbhAmOe3QMwIuECuF7hAov23QIzot0D3C7hA4yC4QIYFuED2HLhA
Jxq4QHwKuEBcILhA2zG4QEcZuEDFFLhABwO4QDAJuEA3DbhALAi4QGrut0AROLhA4gy4QEzy
t0BQKrhAHSm4QFMguEBSErhAzhm4QAwMuEDLDLhAjR+4QNcbuEC86LdAdyq4QBQSuEDyK7hA
xAO4QGP9t0Au77dAvAi4QCoVuEDkGLhAaBK4QGkNuEBND7hAqBq4QEUouEBG+LdApy+4QHUM
uEBKFLhAtAa4QIcAuECdF7hAp/+3QHsJuEDOIbhA/yW4QPP0t0D5FLhAPCi4QJQnuECBQbhA
M/S3QBUZuEA8ILhABSu4QEwduEBsQbhAPQu4QNwHuEDXM7hA5Ra4QJITuEAiA7hAojy4QGMu
uEDkNrhA5C24QGgauEC4A7hAxTi4QEwguEDJB7hAlSy4QD4iuEApErhAHDa4QBc6uEDZN7hA
hEe4QFVBuEASMrhATym4QH8YuECtO7hA7ji4QAIouEDa5bdA+x+4QHskuEBNP7hAv0q4QDUt
uEAKNLhAzSe4QD4auEB+NbhAdRK4QNsWuEBrRbhAey64QHQguEC8ULhAYVO4QKsxuEDGEbhA
ujK4QG0auECAILhA5SK4QEI7uEBENLhA0UW4QLcouEBZYLhArz24QJIuuECVMrhA0C24QJVy
uECKKbhAjxi4QPE9uEBvM7hAWjq4QKpIuEBdO7hAIEC4QHwruEAdMrhAIUC4QB05uEC+PbhA
dSe4QPxFuEALT7hA4ja4QEpDuEAsMrhAEDe4QGI0uECAN7hAPTu4QN85uEDRSLhAXzu4QEAf
uEB+P7hALmC4QFUzuEAMO7hAiy24QAUyuEArN7hACyi4QDI2uEDqcbhAxUm4QGY6uEBtQbhA
U2O4QG5huEBYNbhAgli4QBZYuECOM7hAPB64QIg1uEAJYbhA8Ea4QIBSuED6PrhAHk+4QPZA
uEBwTLhAEUm4QH5quEDLULhAjSe4QDEnuECfT7hAh2S4QNhbuEA8V7hAiWG4QJtHuEBXP7hA
PEy4QK1MuEDaYbhAlVW4QL9euEDYULhAwya4QBFRuEBiWLhAGlC4QDYwuECAT7hAb0m4QB1O
uECmVLhAoWO4QJY9uEBXSrhA+le4QK5juED9YLhAyGC4QIo/uEAjU7hArla4QPlTuED/T7hA
jT+4QH9AuEDvZbhAy2i4QABPuEDnM7hAmC24QFVouEAHZLhA8Wy4QI1tuEAyY7hAHUO4QMxT
uEA=</AssayYData></Step><Step><CommonData><SampleLocation>2</SampleLocation><SampleID>hsCD3d/e_Acro_CDD-H52W1</SampleID><SampleGroup></SampleGroup><SampleInfo></SampleInfo><SampleRow>K</SampleRow><SamplePlate>1</SamplePlate><WellType>KSAMPLE</WellType><Concentration>-1</Concentration><ConcentrationUnits>µg/ml</ConcentrationUnits><MolarConcentration>6.25</MolarConcentration><MolarConcUnits>nM</MolarConcUnits><MolecularWeight>0</MolecularWeight><Temperature>30</Temperature><StartTime>8849838</StartTime><AssayTime>180</AssayTime></CommonData><FlowRate>1000</FlowRate><StepType>ASSOC</StepType><StepName>Association</StepName><StepStatus>OK</StepStatus><ActualTime>180.001</ActualTime><CycleTime>0.2</CycleTime><AssayXData Points="900">WtDyRfbR8kWR0/JFJ9XyRcLW8kVa2PJF9tnyRY/b8kUn3fJFwt7yRVzg8kX24fJFj+PyRSfl
8kXA5vJFXOjyRfTp8kWN6/JFKe3yRcDu8kVa8PJF9PHyRY3z8kUn9fJFwPbyRVz48kX0+fJF
j/vyRSf98kXA/vJFWgDzRfQB80WNA/NFKQXzRcAG80VaCPNF9AnzRY8L80UpDfNFwA7zRVoQ
80X0EfNFjRPzRSkV80XAFvNFWhjzRfYZ80WNG/NFKR3zRcIe80VcIPNF9iHzRY8j80UnJfNF
wCbzRVoo80X2KfNFjyvzRSkt80XALvNFWjDzRfYx80WNM/NFJzXzRcA280VcOPNF9jnzRY07
80UpPfNFwj7zRVpA80X0QfNFj0PzRSdF80XARvNFWkjzRfZJ80WPS/NFJ03zRcJO80VcUPNF
9FHzRY1T80UnVfNFwFbzRVxY80X0WfNFjVvzRSld80XCXvNFXGDzRfRh80WPY/NFJ2XzRcBm
80VaaPNFWGrzRZ5r80UnbfNFwm7zRVpw80X0cfNFj3PzRSd180XCdvNFWnjzRfZ580WNe/NF
KX3zRcB+80VagPNF9oHzRY2D80UnhfNFwIbzRVqI80X0ifNFkYvzRSmN80XAjvNFWpDzRfaR
80WNk/NFKZXzRcKW80VamPNF9JnzRY2b80UnnfNFwp7zRVqg80X0ofNFjaPzRSel80XApvNF
XKjzRfap80WNq/NFJ63zRcKu80VasPNF9rHzRY2z80UntfNFwLbzRVq480X0ufNFj7vzRSe9
80XAvvNFWsDzRfTB80WNw/NFKcXzRcLG80VayPNF9MnzRY3L80UpzfNFwM7zRVrQ80X00fNF
j9PzRSnV80XA1vNFXNjzRfbZ80WN2/NFKd3zRcDe80Va4PNF9uHzRY3j80Up5fNFwObzRVzo
80X06fNFjevzRSnt80XA7vNFWvDzRfTx80WN8/NFJ/XzRcD280Ve+PNF9PnzRY/780Up/fNF
wv7zRVoA9EX0AfRFjQP0RScF9EXABvRFXAj0RUMK9EWPC/RFJw30RcAO9EVcEPRF9BH0RY8T
9EUnFfRFwBb0RVwY9EX0GfRFjRv0RSkd9EXCHvRFXCD0RfQh9EWNI/RFJyX0RcIm9EVaKPRF
9in0RY8r9EUpLfRFwi70RVow9EX0MfRFjTP0RSc19EXCNvRFWjj0RfY59EWNO/RFKT30RcI+
9EVaQPRF9EH0RY9D9EUpRfRFwEb0RVxI9EX0SfRFjUv0RSdN9EXCTvRFXFD0RfRR9EWNU/RF
J1X0RcBW9EVaWPRF9Fn0RY1b9EUnXfRFwF70RVpg9EX2YfRFjWP0RSll9EXAZvRFWmj0RfRp
9EWPa/RFJ230RcBu9EVacPRF9nH0RY1z9EUndfRFwnb0RVp49EX0efRFjXv0RSd99EXCfvRF
XID0RfaB9EWNg/RFKYX0RcKG9EVciPRF9on0RY2L9EUnjfRFwo70RVqQ9EX2kfRFjZP0RSmV
9EXClvRFWpj0RfSZ9EWPm/RFKZ30RcKe9EVaoPRF9KH0RY+j9EUnpfRFwKb0RVqo9EUtqvRF
jav0RSmt9EXCrvRFWrD0Rfax9EWNs/RFJ7X0RcC29EVauPRF9Ln0RY279EUnvfRFwL70RVrA
9EX2wfRFjcP0RSnF9EXAxvRFWsj0RfTJ9EWNy/RFJ830RcDO9EVc0PRF9NH0RY/T9EUn1fRF
wNb0RVzY9EX02fRFj9v0RSnd9EXA3vRFXOD0RfTh9EWN4/RFKeX0RcDm9EVa6PRF9un0RY3r
9EUp7fRFwO70RVzw9EX28fRFjfP0RSn19EXC9vRFXPj0RfT59EWN+/RFJ/30RcL+9EVcAPVF
9AH1RZED9UUnBfVFwAb1RVwI9UX0CfVFjQv1RScN9UXCDvVFXBD1RfYR9UWNE/VFJxX1RcAW
9UVaGPVF9Bn1RY0b9UUpHfVFwB71RVog9UX2IfVFjyP1RScl9UXAJvVFWij1RfYp9UWPK/VF
KS31RcAu9UVaMPVF9jH1RY0z9UUnNfVFwDb1RVw49UX0OfVFjTv1RSc99UXAPvVFXED1RfRB
9UWNQ/VFJ0X1RcBG9UVaSPVFWkr1RaBL9UUpTfVFwk71RVxQ9UX0UfVFjVP1RSdV9UXCVvVF
XFj1RfRZ9UWNW/VFJ131RcBe9UVaYPVF9mH1RY1j9UUnZfVFwmb1RVpo9UX0afVFjWv1RSlt
9UXCbvVFXHD1RfZx9UWNc/VFJ3X1RcB29UVaePVF9Hn1RY979UUnffVFwn71RVqA9UX0gfVF
j4P1RSmF9UXAhvVFXIj1RfSJ9UWNi/VFKY31RcCO9UVakPVF9JH1RY2T9UUplfVFwJb1RVqY
9UX2mfVFj5v1RSed9UXAnvVFXKD1RfSh9UWPo/VFKaX1RcCm9UVcqPVF9qn1RY+r9UUprfVF
wK71RVyw9UX2sfVFjbP1RSe19UXCtvVFWrj1RfS59UWNu/VFKb31RcC+9UVcwPVF9MH1RY/D
9UUpxfVFwMb1RVzI9UX2yfVFj8v1RSfN9UXCzvVFWtD1RfTR9UWN0/VFJ9X1RcDW9UVa2PVF
9Nn1RY3b9UUn3fVFwN71RVzg9UX24fVFjeP1RSfl9UXA5vVFXOj1RWbq9UWq6/VFKe31RcLu
9UVa8PVF9PH1RY/z9UUp9fVFwvb1RVr49UX2+fVFj/v1RSf99UXA/vVFXAD2RfQB9kWPA/ZF
JwX2RcAG9kVcCPZF9gn2RY0L9kUnDfZFwg72RVwQ9kX4EfZFjRP2RScV9kXCFvZFWhj2RfQZ
9kWPG/ZFJx32RcIe9kVcIPZF9CH2RY0j9kUpJfZFwib2RVwo9kX0KfZFjyv2RSct9kXALvZF
WjD2RfQx9kWNM/ZFJzX2RcI29kVaOPZF9Dn2RY879kUpPfZFwj72RVpA9kX0QfZFjUP2RSdF
9kXARvZFWkj2RfZJ9kWNS/ZFKU32RcBO9kVaUPZF9FH2RY1T9kUpVfZFwFb2RVxY9kX0WfZF
jVv2RSld9kXAXvZFWmD2RfRh9kWPY/ZFKWX2RcBm9kVeaPZF9mn2RY1r9kUpbfZFwm72RVxw
9kX2cfZFjXP2RSd19kXAdvZFWnj2RfR59kWNe/ZFJ332RcJ+9kVagPZF9oH2RY+D9kUnhfZF
wIb2RVyI9kWVivZF3Yv2RSeN9kXAjvZFWpD2RfaR9kWNk/ZFJ5X2RcCW9kVcmPZF9Jn2RY2b
9kUnnfZFwJ72RVyg9kX0ofZFj6P2RSel9kXEpvZFWqj2RfSp9kWPq/ZFJ632RcCu9kVcsPZF
9LH2RY+z9kUntfZFwLb2RVq49kX0ufZFj7v2RSe99kXAvvZFXMD2RfjB9kWNw/ZFJ8X2RcLG
9kVayPZF9sn2RY/L9kUnzfZFws72RVrQ9kX00fZFjdP2RSfV9kXA1vZFWtj2RfTZ9kWN2/ZF
Kd32RcDe9kVc4PZF9OH2RY/j9kUn5fZFwub2RVzo9kX06fZFjev2RSnt9kXA7vZFWvD2RfTx
9kWN8/ZFJ/X2RcL29kVa+PZF9Pn2RY/79kUn/fZFwP72RVoA90X2AfdFjQP3RSkF90XABvdF
Wgj3RfQJ90WNC/dFJw33RcIO90VaEPdF9BH3RY8T90UnFfdFwBb3RVoY90X2GfdFjRv3RScd
90XAHvdFWiD3RfQh90WPI/dFJyX3RcAm90VaKPdFoCr3ReUr90UpLfdFwi73RVow90X2MfdF
jTP3RSc190XCNvdFWjj3RfY590WNO/dFJz33RcI+90VcQPdF9EH3RY1D90UpRfdFwEb3RVpI
90X0SfdFjUv3RSdN90XCTvdFWlD3RfRR90WNU/dFJ1X3RcJW90VaWPdF9Fn3RY1b90UnXfdF
wl73RVpg90X0YfdFjWP3RSdl90XAZvdFXGj3RfZp90WPa/dFJ233RcBu90VccPdF9HH3RY1z
90UndfdFwHb3RVp490X2efdFj3v3RSl990XAfvdFXID3RfSB90WNg/dFKYX3RcCG90VaiPdF
9on3RY2L90UnjfdFwI73RVqQ90X2kfdFjZP3RSeV90XAlvdFXJj3RfSZ90WPm/dFJ533RcKe
90VcoPdF9qH3RY2j90UnpfdFwqb3RVyo90X0qfdFj6v3RSet90XArvdFWrD3RfSx90WNs/dF
J7X3RcC290VeuPdF9rn3RY2790UpvfdFwL73RVrA90X2wfdFjcP3RSfF90XAxvdFWsj3RfTJ
90WPy/dFJ833RcDO90Va0PdF9NH3RY3T90Up1fdFwtb3RVrY90X22fdFj9v3RSnd90XA3vdF
XOD3Rfbh90WP4/dFJ+X3RcLm90Vc6PdF9On3RY3r90Un7fdFwO73RVrw90X28fdFjfP3RSf1
90XC9vdFWvj3Rfb590WN+/dFJ/33RcL+90VcAPhF9AH4RY0D+EUnBfhFwgb4RVwI+EX0CfhF
jQv4RScN+EXCDvhFWhD4RfQR+EWNE/hFJxX4RcAW+EVaGPhF9Bn4RY0b+EUnHfhFwB74RVog
+EX2IfhFjyP4RScl+EXAJvhFXCj4RfQp+EWPK/hFJy34RcAu+EVaMPhF9DH4RY0z+EUnNfhF
wDb4RVw4+EX0OfhFjzv4RSc9+EXCPvhFXED4RfRB+EWNQ/hFJ0X4RcBG+EVcSPhF+En4RY1L
+EUnTfhFwk74RVpQ+EX2UfhFjVP4RSdV+EXAVvhFWlj4RfRZ+EWNW/hFJ134RcJe+EVaYPhF
9GH4RY9j+EUnZfhFwGb4RVpo+EV9avhFwGv4RSdt+EXCbvhF</AssayXData><AssayYData Points="900">0LK3QLYRuEAhPrhAn264QO56uEDinbhAn7G4QDi6uEAMpLhADaS4QKPFuEDetrhAdse4QC3m
uED5zbhAE7i4QPzEuEDEqbhAOJ+4QNyiuECZ1LhAhM24QDrWuED7yrhAjfS4QOCwuED72rhA
V8+4QGnPuEC807hAU7+4QHzMuECH1rhAFc64QMC6uEDcx7hA9OO4QDETuUA2ybhAhti4QInj
uECu3rhAb9q4QP7GuECZ4rhA7+C4QOG7uEAJ4bhA5gm5QMTBuEBP67hA1O64QHrpuEBvyrhA
l/O4QMnzuEB62rhAMAW5QHbbuEBa4bhAY+W4QIfnuEDO1rhAFuy4QB/huEDN3bhAzd+4QPUA
uUCm8LhA5824QODKuEAq77hA29K4QDbiuECYxrhA2+y4QJ7iuEAU4bhAV+G4QHbBuEDT/7hA
bOC4QAP0uEDvDLlA4/O4QNPmuEDyDblAWfW4QBUauUBxxLhA/Qi5QPrjuEBv6bhAywm5QCPB
uEAODblAXQe5QBjSuEDX8rhAoRC5QFnuuEAV27hAjtW4QEwJuUAw57hA7/m4QMnsuEAu8LhA
LQ25QKbquECc5rhATAy5QPoCuUA8/7hA8dW4QMwmuUCwB7lAhgG5QKEZuUB+ArlAlPS4QDcN
uUDdH7lA1Pu4QA4MuUAQFLlALO+4QFz+uEDL9bhAfhe5QNoguUDi5bhAsSS5QPwXuUA9ArlA
qP24QD4TuUAy97hAmwC5QAgeuUBUFrlAivm4QJr3uEBZ87hASve4QK37uEBuCblAmA25QA8g
uUApEblAGAK5QMYcuUDBGLlASyW5QIQAuUB1HrlAwBi5QGjvuEAGFblAORe5QAQOuUBW+7hA
Cxq5QN4tuUA3F7lAHPW4QC0PuUD8DrlAZh+5QCgPuUBEEblAIAO5QEQOuUCpF7lAGAO5QB8R
uUBgJblAIRW5QKkWuUCADLlA7jm5QNkluUDhJLlA+UW5QGItuUCVG7lANym5QK8xuUA/GblA
ACC5QCIuuUCIM7lAJCi5QA0OuUCVHblALyG5QGVEuUBTHLlAcx25QIgauUAZJblAhh+5QMAU
uUAlEblAhyK5QCcNuUBPDblAUim5QBMVuUBCA7lAKSW5QC8ruUBeHblAOP24QJAzuUCNMLlA
Vgq5QNz0uEDKI7lAmQW5QAMnuUDdN7lAYC+5QCIguUB+JblAUCu5QHRSuUCCN7lA1yq5QD1A
uUCHOLlAckG5QD0PuUB6PLlAojW5QBIyuUC+ILlAXQ65QIIZuUArKrlARDy5QJg8uUCZQLlA
Wy65QJAMuUAKJblAiiy5QN0XuUALGLlA5U+5QF8luUAlJrlA9ka5QJI9uUCTILlAVhW5QAwj
uUASHLlAhVa5QB8buUAABblA6hG5QO45uUBeMblAwiK5QPs3uUACI7lAFgq5QAhUuUDNI7lA
gia5QKktuUD0QblAayu5QAE2uUBAJrlA1UW5QCYruUBPP7lADFS5QG0suUAPLLlArlK5QNo7
uUD7JblABx25QD9vuUCRRrlA5kO5QOEauUBUT7lALDC5QHcmuUBNT7lAhjW5QCMnuUA9KblA
5yW5QHQtuUClDblAMie5QLwmuUDfTrlAyCK5QC9FuUCzULlAfSa5QL0duUCzKblAlVe5QC1L
uUA3ALlAVzy5QMdAuUDGFblAjUC5QPI5uUAGNLlAi0C5QDVbuUAEO7lAdUq5QDBCuUDEQrlA
7DG5QGhPuUCLQblAkDy5QIZluUBLNLlAPEq5QDVmuUCASblAaDm5QMREuUDkR7lAyCO5QDlD
uUAwGLlA/2O5QGtKuUBfVLlAVjq5QJlGuUA+ZblAQEO5QHM0uUCeYblA8WS5QJRHuUC4R7lA
okG5QLFHuUC4RLlAFW25QEYzuUAwSblAMWq5QAsDuUCEhrlAvim5QJhOuUB3WLlAoJK5QBZ3
uUBfNLlAHnG5QABhuUDnGrlA4z25QDVRuUBibLlAXi65QBhauUDfc7lAHE+5QLNMuUDiOblA
OzK5QNxZuUADNrlAiFW5QMtEuUApVLlAQk25QIpWuUCjMblAhUW5QBJjuUBJYrlAB0S5QLR5
uUCoSrlAaEy5QB5iuUDqZLlA20+5QINGuUDlaLlA6ku5QN1YuUA8bLlAPUy5QDtcuUDZdblA
bmO5QMdOuUA0NblAT1u5QDtduUCnTrlAOW25QN1SuUCcWLlAPFa5QPteuUCBhLlAiGa5QOdu
uUBTUblA0Hy5QM1nuUDuOblAMVu5QBhzuUDIa7lAC325QHdduUBhT7lAbVW5QEtEuUARi7lA
smW5QIJIuUAwcLlAnF65QKeAuUDcbblARmO5QOhxuUCFfblAImu5QExVuUAcerlAwn65QNJY
uUCTYblAeUu5QAVsuUCcbLlAwl65QL9quUAobrlAgYK5QJVouUAFQrlArE65QIdFuUC8XrlA
dzy5QB1kuUBKWLlAglW5QMh/uUBSVLlAWmu5QARQuUAPcLlAkV25QMVpuUCsbLlAuWy5QBtb
uUBSPrlAOFC5QLhYuUARb7lAHFu5QH1muUAKerlAWGm5QPd6uUBTdLlAD3K5QGVyuUCEWblA
UXO5QANauUAycrlAT3K5QAFtuUA6jblA/2e5QMhnuUCQcLlAOWa5QAJzuUBDZ7lAmoi5QI1y
uUDUablAv3u5QPVcuUACV7lAF6a5QJZsuUBXUblAKaO5QKJ9uUDAhLlA64W5QBh2uUCQNLlA
cYa5QMFcuUA1iLlA92q5QJuFuUAdh7lAvIG5QBSEuUBmYrlA3IG5QLV0uUBAcblAQHW5QCeW
uUCEnblAf3W5QA50uUA7l7lAsnq5QApouUBGeLlAaF65QGJ8uUBlj7lA8425QGNuuUAIoblA
f3K5QHuEuUBZhLlAToS5QFhouUB7XblA8IC5QN9UuUArirlAWIi5QKlWuUDJdrlAgqC5QA+C
uUCtgrlAwHi5QIdwuUAIkblAhom5QGB1uUBUirlAEn65QKl0uUDJo7lAxYG5QMWduUBIh7lA
Lkq5QLmOuUAdsrlAKG65QKZ5uUC1frlAHoK5QK2CuUBnj7lAcpa5QDKauUBybrlA0Ya5QEun
uUBDhLlAPWq5QDOYuUBGhblA8p+5QAWhuUB9mLlAtoe5QBCiuUBXlLlAn4i5QIltuUCpmLlA
W4q5QLypuUAMfblANo65QBSjuUBkerlA05C5QHCTuUC6dLlA6qK5QLacuUAglLlAHpC5QLW3
uUDtorlAspy5QMSJuUAEpblA44K5QDGauUB8qrlAVZW5QI2SuUC+p7lAGpe5QLyUuUC7p7lA
FX25QGFuuUD4c7lA6oy5QCaXuUDeoLlAAou5QICauUBTg7lAjo65QEthuUAnnLlAnX65QDqb
uUD3q7lAK3S5QD7HuUCWerlAc6O5QPaUuUDgrLlAGrK5QIGNuUAZq7lAM6O5QFHMuUDslblA
C625QIW5uUBhcblAlqq5QLBsuUBzgrlAr5i5QDqEuUBUi7lAMoy5QPmvuUD0sblAmY+5QMWY
uUBLdrlARre5QAeTuUA2krlA7py5QMp8uUA/lrlAhae5QFOIuUAInrlAC4C5QK+5uUDiqLlA
F5+5QMeJuUDIl7lAR5G5QG+fuUAusLlAZ7G5QB6duUDKsrlAXG25QIeduUAAoblAl9W5QFuo
uUARn7lA14O5QPaOuUDXo7lAyKG5QI3AuUCgjblA96O5QAetuUAgt7lAgY65QLy2uUD3rblA
37C5QC15uUCus7lAUay5QNeNuUBTqrlAnpy5QDvGuUCwdLlAsKG5QCyFuUB9vblANbe5QFe2
uUBul7lAOJK5QK2suUCnlLlAHZq5QMy+uUAhpblAsaS5QEahuUC8r7lADpO5QBqruUAF0blA
gI+5QOC1uUC9iLlAK8K5QJyfuUDGtrlAzqu5QOKxuUColLlAlJS5QFaMuUCEorlAk5W5QMCk
uUCHkLlANqu5QLd6uUAmqrlAE6G5QCW2uUAJ0LlAgZi5QJixuUAeuLlA/ru5QAPOuUAPpblA
L8G5QGKXuUAuu7lAn7e5QPezuUB6lblAqK65QPKauUAkmrlAdom5QBmhuUCPo7lAsr65QCC2
uUBuqblAQpq5QBLAuUAynblAvn25QHzSuUC+tLlAice5QICXuUAXp7lATaK5QH/VuUDZ0LlA
Yry5QJ6wuUCUrrlAara5QIaxuUAe1blAaLK5QG6wuUDprblADL25QHzHuUB+4blAFri5QFjt
uUDxxblAo665QOiauUDdyrlAbam5QJmpuUB9n7lAg8+5QDecuUBYtLlARaW5QJ2uuUBAl7lA
5be5QJuQuUAZtLlA97e5QKnGuUAosLlActK5QHqwuUAusrlARrO5QMqmuUAx0rlAfqO5QMqh
uUB+xrlAy7S5QHTZuUD9s7lAiJ25QOCmuUA6nblAza65QJDOuUDIurlAAr+5QHKjuUCrw7lA
Sre5QNrauUCD3blAjcy5QNPLuUD3B7pAOeK5QGKwuUBep7lA1Ny5QPC6uUCs37lAAba5QGne
uUAXxrlABdi5QHG3uUA/zrlAerG5QKq1uUA2u7lAQ6q5QCnAuUCS37lA28m5QGCzuUB9z7lA
OLa5QJvauUBb67lA4cK5QNnTuUAu5rlAhOe5QAPpuUAXxLlAsbG5QHTHuUAHnLlAuL25QGbJ
uUAOu7lAF9+5QArDuUCEzrlAKbS5QHfpuUA/yrlA2aq5QHvauUCHpLlASNi5QAzxuUD9zblA
Hta5QFvkuUCb1LlAAci5QInJuUC40LlAP7e5QJyxuUBq17lA</AssayYData></Step><Step><CommonData><SampleLocation>1</SampleLocation><SampleID>Octet Buffer</SampleID><SampleGroup></SampleGroup><SampleInfo></SampleInfo><SampleRow>K</SampleRow><SamplePlate>1</SamplePlate><WellType>BUFFER</WellType><Concentration>-1</Concentration><ConcentrationUnits>µg/ml</ConcentrationUnits><MolarConcentration>-1</MolarConcentration><MolarConcUnits>nM</MolarConcUnits><MolecularWeight>0</MolecularWeight><Temperature>30</Temperature><StartTime>9038058</StartTime><AssayTime>300</AssayTime></CommonData><FlowRate>1000</FlowRate><StepType>DISASSOC</StepType><StepName>Dissociation</StepName><StepStatus>OK</StepStatus><ActualTime>300.001</ActualTime><CycleTime>0.2</CycleTime><AssayXData Points="1500">XHD4Rfhx+EWPc/hFK3X4RcJ2+EVeePhF9nn4RY97+EUrffhFwn74RVyA+EX2gfhFkYP4RSuF
+EXChvhFXIj4RfiJ+EWPi/hFKY34RcSO+EVckPhF9pH4RZGT+EUplfhFxJb4RVyY+EX4mfhF
kZv4RSmd+EXEnvhFXKD4Rfih+EWRo/hFKaX4RcKm+EVeqPhF+Kn4RY+r+EUrrfhFwq74RVyw
+EX2sfhFj7P4RSm1+EXCtvhFXLj4Rfa5+EWRu/hFKb34RcK++EVewPhF9sH4RY/D+EUpxfhF
xMb4ReHI+EUlyvhFj8v4RSnN+EXCzvhFYND4RfbR+EWP0/hFK9X4RcLW+EVc2PhF9tn4RY/b
+EUp3fhFwt74RVzg+EX24fhFkeP4RSnl+EXE5vhFXOj4Rfbp+EWP6/hFK+34RcLu+EVc8PhF
+PH4RZHz+EUp9fhFxPb4RV74+EX4+fhFj/v4RSn9+EXE/vhFXgD5RfYB+UWPA/lFKwX5RcQG
+UVcCPlF+An5RY8L+UUpDflFxA75RVwQ+UX4EflFjxP5RSsV+UXCFvlFXBj5RfYZ+UWRG/lF
KR35RcIe+UVcIPlF9iH5RY8j+UUpJflFwib5RVwo+UX2KflFjyv5RSkt+UXELvlFXDD5Rfgx
+UWPM/lFKTX5RcQ2+UVeOPlF+Dn5RZE7+UUpPflFxD75RV5A+UX2QflFkUP5RSlF+UXCRvlF
XEj5RfZJ+UWRS/lFKU35RcJO+UVcUPlF9lH5RZFT+UUpVflFwlb5RV5Y+UX2WflFkVv5RSld
+UXCXvlFXmD5RfZh+UWRY/lFKWX5RcJm+UXNaPlFEGr5RY9r+UUrbflFwm75RVxw+UX2cflF
j3P5RSt1+UXCdvlFXHj5RfZ5+UWPe/lFKX35RcJ++UVcgPlF9oH5RY+D+UUphflFwob5RV6I
+UX4iflFkYv5RSmN+UXCjvlFXJD5RfiR+UWPk/lFKZX5RcSW+UVcmPlF+Jn5RY+b+UUpnflF
wp75RVyg+UX2oflFj6P5RSml+UXEpvlFXKj5Rfap+UWPq/lFK635RcKu+UVcsPlF+LH5RZGz
+UUptflFxLb5RV64+UX4uflFkbv5RSm9+UXCvvlFXsD5RfjB+UWPw/lFK8X5RcLG+UVcyPlF
9sn5RY/L+UUpzflFxM75RV7Q+UX40flFj9P5RSvV+UXC1vlFXNj5RfbZ+UWP2/lFKd35RcLe
+UVc4PlF+OH5RY/j+UUp5flFxOb5RVzo+UX46flFkev5RSvt+UXC7vlFXPD5Rfjx+UWP8/lF
KfX5RcL2+UVc+PlF9vn5RY/7+UUr/flFxP75RV4A+kX4AfpFjwP6RSkF+kXEBvpF+gj6RT0K
+kWPC/pFKQ36RcIO+kVeEPpF9hH6RZET+kUrFfpFEhf6RV4Y+kX4GfpFjxv6RSsd+kXEHvpF
XCD6RfYh+kWPI/pFKSX6RcIm+kVeKPpF9in6RY8r+kUrLfpFwi76RVww+kX2MfpFjzP6RSs1
+kXCNvpFXjj6Rfg5+kWPO/pFKT36RcQ++kVcQPpF9kH6RZFD+kUrRfpFxEb6RVxI+kX4SfpF
j0v6RSlN+kXETvpFXFD6RfhR+kWPU/pFK1X6RcRW+kVcWPpF9ln6RY9b+kUrXfpFwl76RVxg
+kX4YfpFj2P6RSll+kXCZvpFXGj6RfZp+kWRa/pFKW36RcJu+kVccPpF9nH6RY9z+kUrdfpF
wnb6RV54+kX6efpFj3v6RSl9+kXEfvpFXID6RfiB+kWPg/pFKYX6RcKG+kVciPpF+In6RZGL
+kUpjfpFwo76RV6Q+kX2kfpFj5P6RSuV+kXClvpFXJj6RfiZ+kWPm/pFKZ36RcKe+kVeoPpF
9qH6RY+j+kUrpfpFwqb6ReOo+kUpqvpFkav6RSut+kXCrvpFXLD6Rfax+kWRs/pFK7X6RcK2
+kVeuPpF9rn6RZG7+kUrvfpFxL76RVzA+kX2wfpFj8P6RSnF+kXCxvpFXsj6RfbJ+kWPy/pF
Kc36RcLO+kVe0PpF9tH6RY/T+kUp1fpFwtb6RVzY+kX42fpFj9v6RSnd+kXC3vpFXuD6Rfjh
+kWR4/pFKeX6RcLm+kVe6PpF9un6RY/r+kUp7fpFwu76RVzw+kX48fpFj/P6RSv1+kXC9vpF
XPj6Rfj5+kWR+/pFKf36RcL++kVcAPtF9gH7RY8D+0UrBftFwgb7RVwI+0X2CftFjwv7RSkN
+0XCDvtFXBD7RfYR+0WPE/tFKRX7RcIW+0VcGPtF+Bn7RZEb+0UpHftFwh77RVwg+0X2IftF
kSP7RSkl+0XCJvtFXCj7Rfgp+0WRK/tFKS37RcQu+0VeMPtF9jH7RY8z+0UpNftFxDb7RVw4
+0X2OftFjzv7RSk9+0XCPvtFXED7RfZB+0WRQ/tFKUX7RcJG+0XRSPtFFEr7RZFL+0UrTftF
wk77RVxQ+0X2UftFj1P7RSlV+0XCVvtFXFj7RfhZ+0WRW/tFK137RcJe+0VeYPtF9mH7RZFj
+0UpZftFwmb7RV5o+0X4aftFkWv7RS1t+0XEbvtFXnD7Rfhx+0WPc/tFKXX7RcR2+0VeePtF
9nn7RZF7+0UrfftFwn77RV6A+0X2gftFkYP7RSmF+0XChvtFXoj7RfaJ+0WRi/tFKY37RcSO
+0VckPtF+JH7RY+T+0UplftFwpb7RVyY+0X2mftFkZv7RSmd+0XCnvtFXKD7Rfih+0WRo/tF
K6X7RcKm+0VeqPtF9qn7RY+r+0UprftFwq77RVyw+0X2sftFkbP7RSm1+0XEtvtFXLj7Rfa5
+0WRu/tFK737RcK++0VewPtF9sH7RZHD+0UpxftFwsb7RV7I+0X2yftFj8v7RSnN+0XCzvtF
XND7RfjR+0WP0/tFKdX7RcTW+0Vc2PtF+Nn7RY/b+0Ur3ftFwt77RV7g+0X24ftFj+P7RSnl
+0XC5vtFuuj7RQDq+0WP6/tFLe37RcTu+0Vc8PtF9vH7RY/z+0Up9ftFxPb7RX34+0X4+ftF
j/v7RSn9+0XC/vtFXAD8RfYB/EWPA/xFKQX8RcIG/EVcCPxF9gn8RY8L/EUpDfxFxA78RVwQ
/EX2EfxFjxP8RSkV/EXCFvxFXBj8RfgZ/EWRG/xFKx38RcIe/EVcIPxF+CH8RY8j/EUpJfxF
wib8RVwo/EX4KfxFjyv8RSst/EXELvxFXjD8RfYx/EWPM/xFKzX8RcQ2/EVcOPxF9jn8RY87
/EUpPfxFwj78RVxA/EX2QfxFj0P8RSlF/EXCRvxFXEj8RfhJ/EWPS/xFK038RcJO/EVeUPxF
9lH8RY9T/EUtVfxFwlb8RV5Y/EX2WfxFkVv8RSld/EXEXvxFXmD8Rfhh/EWPY/xFK2X8RcJm
/EVcaPxF+Gn8RZFr/EUpbfxFwm78RVxw/EX4cfxFj3P8RSl1/EXCdvxFXHj8Rfh5/EWRe/xF
KX38RcR+/EVcgPxF9oH8RY+D/EUrhfxFwob8RaiI/EX2ifxFj4v8RSmN/EXCjvxFXJD8RfiR
/EWRk/xFK5X8RcKW/EVcmPxF9pn8RY+b/EUpnfxFwp78RV6g/EX2ofxFj6P8RSml/EXCpvxF
Xqj8Rfap/EWRq/xFKa38RcKu/EVcsPxF9rH8RZGz/EUrtfxFwrb8RVy4/EX4ufxFj7v8RSm9
/EXCvvxFXMD8RfbB/EWPw/xFK8X8RcTG/EVeyPxF9sn8RY/L/EUpzfxFxM78RVzQ/EX20fxF
kdP8RSnV/EXC1vxFXtj8RfbZ/EWP2/xFK938RcLe/EVc4PxF9uH8RZHj/EUr5fxFwub8RV7o
/EX46fxFj+v8RSvt/EXC7vxFXPD8Rfjx/EWR8/xFK/X8RcL2/EVe+PxF+Pn8RZH7/EUp/fxF
wv78RVwA/UX4Af1FjwP9RSkF/UXCBv1FXgj9RfYJ/UWRC/1FKQ39RcIO/UVcEP1F9hH9RY8T
/UUrFf1Fwhb9RV4Y/UX4Gf1Fjxv9RSkd/UXCHv1FXCD9RfYh/UWPI/1FKSX9RcIm/UXTKP1F
Fir9RY8r/UUrLf1Fwi79RVww/UX2Mf1FjzP9RSk1/UXCNv1FXDj9Rfg5/UWPO/1FKT39RcI+
/UVeQP1F9kH9RY9D/UUpRf1FxEb9RVxI/UX2Sf1FkUv9RStN/UXCTv1FXlD9RfZR/UWPU/1F
KVX9RcJW/UVcWP1F9ln9RY9b/UUpXf1FxF79RV5g/UX2Yf1Fj2P9RSll/UXCZv1FXmj9Rfhp
/UWRa/1FKW39RcRu/UVccP1F9nH9RZFz/UUpdf1Fwnb9RV54/UX2ef1Fj3v9RSt9/UXCfv1F
XID9RfiB/UWPg/1FKYX9RcKG/UVciP1F9on9RY+L/UUrjf1Fwo79RVyQ/UX2kf1Fj5P9RSmV
/UXClv1FXJj9RfaZ/UWPm/1FK539RcSe/UVcoP1F+KH9RZGj/UUrpf1Fwqb9RVyo/UX4qf1F
kav9RSmt/UXCrv1FXLD9Rfax/UWRs/1FKbX9RcS2/UVeuP1F9rn9RY+7/UUpvf1Fwr79RVzA
/UX2wf1Fj8P9RSvF/UXCxv1F38j9RSXK/UWPy/1FK839RcLO/UVe0P1F9tH9RY/T/UUp1f1F
wtb9RVzY/UUI2v1Fkdv9RSnd/UXC3v1FXOD9Rfjh/UWR4/1FKeX9RcLm/UVc6P1F9un9RY/r
/UUp7f1Fwu79RVzw/UX28f1FkfP9RSn1/UXC9v1FXPj9Rfj5/UWP+/1FK/39RcL+/UVeAP5F
9gH+RY8D/kUpBf5Fwgb+RVwI/kX2Cf5Fjwv+RSkN/kXCDv5FXhD+RfYR/kWPE/5FKxX+RcIW
/kVcGP5F+Bn+RY8b/kUpHf5Fwh7+RVwg/kX2If5FjyP+RSkl/kXCJv5FXCj+Rfgp/kWRK/5F
KS3+RcIu/kVeMP5F+DH+RY8z/kUrNf5Fwjb+RV44/kX4Of5Fjzv+RSk9/kXCPv5FXED+RfZB
/kWRQ/5FKUX+RcJG/kVcSP5F9kn+RY9L/kUrTf5Fwk7+RV5Q/kX2Uf5Fj1P+RSlV/kXEVv5F
Xlj+RfhZ/kWRW/5FKV3+RcRe/kVeYP5F9mH+RY9j/kUpZf5FxGb+RQxp/kVOav5Fk2v+RSlt
/kXCbv5FXHD+RfZx/kWPc/5FKXX+RcJ2/kVceP5F9nn+RY97/kUpff5Fwn7+RVyA/kX4gf5F
j4P+RSuF/kXChv5FXIj+RfaJ/kWPi/5FK43+RcSO/kVekP5F9pH+RZGT/kUplf5Fwpb+RVyY
/kX2mf5Fj5v+RSmd/kXCnv5FXKD+Rfah/kWRo/5FK6X+RcKm/kVcqP5F9qn+RY+r/kUprf5F
wq7+RV6w/kX2sf5FkbP+RSu1/kXEtv5FXrj+Rfa5/kWPu/5FK73+RcS+/kVcwP5F9sH+RZHD
/kUpxf5Fwsb+RVzI/kX2yf5Fj8v+RSnN/kXCzv5FXtD+RfjR/kWR0/5FKdX+RcLW/kVe2P5F
9tn+RZHb/kUp3f5FxN7+RVzg/kX24f5FkeP+RSvl/kXC5v5FXOj+Rfbp/kWR6/5FK+3+RcTu
/kVc8P5F+PH+RY/z/kUp9f5Fwvb+RVz4/kX4+f5Fj/v+RSv9/kXC/v5FXAD/RfYB/0WRA/9F
KwX/RcIG/0VcCP9F+An/RZEL/0UrDf9FxA7/RVwQ/0X2Ef9FjxP/RSkV/0XEFv9FXBj/RfgZ
/0WPG/9FKR3/RcIe/0VcIP9F9iH/RY8j/0UpJf9FxCb/RV4o/0X2Kf9Fjyv/RSkt/0XCLv9F
XDD/RfYx/0WPM/9FKTX/RcI2/0VcOP9F+Dn/RY87/0UrPf9Fwj7/RV5A/0X2Qf9FkUP/RSlF
/0XCRv9FXkj/RfZJ/0WRS/9FKU3/RcJO/0VeUP9F9lH/RZFT/0UpVf9Fwlb/RV5Y/0X2Wf9F
j1v/RStd/0XCXv9FXmD/Rfhh/0WRY/9FKWX/RcJm/0VcaP9F9mn/RY9r/0Urbf9Fwm7/RV5w
/0X4cf9Fj3P/RSl1/0XCdv9FXHj/Rfh5/0WRe/9FK33/RcJ+/0VcgP9F9oH/RY+D/0Uphf9F
xIb/RV6I/0X2if9Fj4v/RSuN/0XCjv9FXJD/RfiR/0WPk/9FKZX/RcSW/0VcmP9F+Jn/RY+b
/0Upnf9FxJ7/RVyg/0X4of9Fj6P/RSml/0XCpv9FXKj/Rfip/0WRq/9FK63/RcSu/0VesP9F
9rH/RY+z/0Uptf9Fwrb/RVy4/0X4uf9Ftrv/RSm9/0XEvv9FXsD/RfbB/0WPw/9FKcX/RcLG
/0VcyP9F9sn/RZHL/0Urzf9Fws7/RV7Q/0X40f9Fj9P/RSvV/0XC1v9FXtj/RfbZ/0WP2/9F
Kd3/RcTe/0Vc4P9F9uH/RY/j/0Up5f9Fwub/RVzo/0X46f9Fkev/RSvt/0XC7v9FXvD/Rfbx
/0WR8/9FK/X/RcL2/0Vc+P9F9vn/RZH7/0Up/f9Fwv7/RS4AAEb8AABGyQEARpUCAEZiAwBG
LgQARvwEAEbIBQBGlAYARmIHAEYvCABG+wgARsgJAEaUCgBGYQsARi4MAEb8DABGyA0ARpQO
AEZiDwBGLhAARvsQAEbJEQBGlBIARmETAEYuFABG/BQARsgVAEaUFgBGYRcARi4YAEb7GABG
yRkARpQaAEZhGwBGLhwARvscAEbIHQBGlR4ARmIfAEYuIABG+yAARsghAEaUIgBGYSMARi4k
AEb7JABGyCUARpUmAEZhJwBGLigARvsoAEbIKQBGlCoARmErAEYuLABG+ywARsktAEaVLgBG
Yi8ARi4wAEb8MABGyDEARpQyAEZiMwBGLjQARvw0AEbJNQBGlDYARmE3AEYuOABG+zgARsk5
AEaUOgBGYjsARi48AEb8PABGyT0ARpU+AEZhPwBGLkAARvtAAEbIQQBGlEIARmFDAEYvRABG
+0QARshFAEaVRgBGYkcARi9IAEb7SABGyUkARpRKAEZiSwBGLkwARvtMAEbITQBGlE4ARmFP
AEYuUABG+1AARshRAEaUUgBGYVMARi5UAEb8VABGyFUARpRWAEZiVwBGLlgARvtYAEbIWQBG
lVoARmJbAEYuXABG+1wARshdAEaUXgBGYV8ARi5gAEb8YABGyWEARpViAEZhYwBGL2QARvtk
AEbIZQBGlGYARmFnAEYuaABG+2gARslpAEaUagBGYWsARi9sAEb7bABGyW0ARpRuAEZhbwBG
LnAARvtwAEbIcQBGlHIARmFzAEYvdABG+3QARsh1AEaUdgBGYncARi54AEb7eABGyXkARpR6
AEZiewBGL3wARvt8AEbJfQBGlH4ARmF/AEYugABG+4AARsiBAEaVggBGY4MARi6EAEb8hABG
yIUARpWGAEZhhwBGL4gARvuIAEbJiQBGlIoARmGLAEYujABG+4wARsiNAEaVjgBGYY8ARi+Q
AEb7kABGyZEARpSSAEZhkwBGL5QARvuUAEbJlQBGlJYARmGXAEYvmABG+5gARsiZAEaUmgBG
YZsARi6cAEb8nABGyZ0ARpSeAEZinwBGL6AARvugAEbJoQBGlaIARmGjAEYupABG/KQARsml
AEaUpgBGYacARi+oAEb8qABGyakARpSqAEZhqwBGL6wARvusAEbIrQBGlK4ARmGvAEYvsABG
/LAARsixAEaUsgBGYbMARi60AEb8tABGyLUARpS2AEZhtwBGL7gARvu4AEbJuQBGlLoARmG7
AEYuvABG/LwARsm9AEaUvgBGYb8ARi7AAEb7wABGycEARpXCAEZiwwBGL8QARvvEAEbJxQBG
lcYARmHHAEYuyABG/MgARsnJAEaUygBGYcsARi/MAEb7zABGyc0ARpTOAEZizwBGLtAARvzQ
AEbI0QBGldIARmLTAEYu1ABG+9QARsjVAEaU1gBGYtcARi7YAEb82ABGyNkARpTaAEZh2wBG
LtwARvvcAEbI3QBGld4ARmLfAEYu4ABG/OAARsnhAEaU4gBGYeMARi/kAEb85ABGyOUARpTm
AEZi5wBG</AssayXData><AssayYData Points="1500">Lfy4QGABuUBPCblADy25QF0SuUDSIblALfy4QL8uuUCqHrlAAB+5QEhOuUDOQLlAYBC5QBQb
uUBhSrlArDW5QA0luUCAM7lA7g25QHUbuUAJMblAKEC5QHA4uUBMO7lA/1G5QHMguUDZJrlA
yzO5QKw3uUDaS7lA0CW5QMNTuUAcbrlA1U25QNEruUCNOLlAk1u5QLo9uUBAR7lAizW5QGh5
uUDcWblAmj25QKNOuUAjP7lAZVK5QKpEuUA2VblAcEa5QJ5SuUBTRrlANVi5QGtkuUDvbrlA
mlC5QOFHuUAueLlA1VW5QIc2uUCRUblARhi5QCxBuUA5ZrlAw0+5QHd0uUDWZblA5W25QPZu
uUAWWblAGTC5QKlduUAMX7lAJ2q5QDxluUBJQblA8YG5QMeduUALeblA72+5QOVnuUCmYLlA
l3i5QCBruUAbaLlAq5K5QH88uUCue7lAz1e5QKZOuUBlYrlAQGe5QDZZuUBgb7lA5Vm5QB90
uUDhWblAjm65QNgzuUBnW7lAOGi5QBaKuUANRLlAMWm5QH+QuUBbTrlAPGG5QKhxuUASRrlA
soe5QDaQuUDVT7lAaVa5QAVwuUCxWrlAS2S5QLCCuUAibLlAD225QBd+uUAebrlA0Vu5QHVy
uUCIS7lAQ0W5QPwuuUBpgrlAvoC5QOtGuUA9dblApli5QPBruUBhRrlAjG+5QLhbuUC6fLlA
V3u5QNZ2uUDEYrlACHS5QDWBuUDvZ7lA+3W5QGCRuUBbbblAdXu5QDlsuUCqbLlAdYu5QOCH
uUDnYblAT4K5QL2HuUAmfLlAUYq5QNWIuUAUi7lAXIu5QJybuUD4gLlAgG65QACYuUAwhblA
zmu5QNeIuUAdfLlAYHa5QF1uuUCOprlAnX+5QIyIuUDLcLlAy4+5QK1duUCJg7lA8X+5QGeJ
uUDEgblAUWa5QARkuUD1erlAm5a5QASDuUC0hblAWXW5QFBuuUCGh7lAhqK5QEB9uUABdblA
Q5W5QOahuUAlqrlAhYS5QAuduUDRkblA0YK5QAB6uUAbcLlAgpO5QMSBuUCHf7lAVYO5QJ6d
uUCJhLlAb4y5QO+guUAUdrlAXnG5QD94uUAsf7lA7Iq5QJhruUCOhrlAEoC5QJWXuUB7qblA
J4q5QI2CuUAIdblAUZy5QLN0uUCCmrlANpu5QPt/uUDrqrlAnna5QI6NuUDKorlAWX25QAKP
uUAviblAG6i5QNOJuUA2iLlAl4+5QG+KuUCQm7lAv5O5QD1kuUAgmrlAjaK5QAqvuUA2n7lA
K3m5QCebuUCgdLlAypK5QIyhuUAeiblAYqC5QFiDuUDcg7lAPJi5QKeouUBklrlAvZW5QOaj
uUAGjblAvJ65QC+uuUBdoblACKa5QDmUuUDUjblAu5+5QMuJuUAmv7lALZm5QI7EuUArn7lA
G425QOaguUCVkrlAeI+5QIuiuUDseblAOp25QIKguUC2d7lATpK5QI56uUBmvblAWa65QD2s
uUBEpblA/KW5QHSpuUBjnblAxa25QHijuUCwerlAwKa5QHWOuUBjfblAFKC5QK6HuUAPfrlA
EqO5QBPfuUCBgrlAJ7O5QGKIuUAokblAHLq5QLq6uUCmmblAucW5QM6ruUCvjblAzLK5QMOb
uUAkmLlAJbq5QKCouUBuvrlAhcy5QOWsuUC9l7lAZYa5QLuRuUCst7lAXJ25QE6fuUBburlA
obK5QM9ruUAulrlANay5QI3DuUCSr7lAv6i5QFGpuUCMnblAjMK5QIq2uUCz0LlA5M25QOep
uUDctLlAtq+5QIyGuUB4lrlAY7u5QBe4uUBSrLlAWZy5QEBuuUAqvblAp9C5QEqcuUDClLlA
ZMK5QHLJuUDSn7lAC5q5QB2huUB9yblA6qS5QFTbuUBxhrlA1c+5QL3WuUBWs7lA65W5QFm+
uUAYz7lAC7C5QBrVuUAuyrlAH4e5QBSIuUBGsrlAGKm5QHWnuUA7vrlAVJa5QPmcuUBHy7lA
RJ25QFG6uUAJwblA3sO5QNGhuUDDpLlAma65QNimuUD3wrlAWsO5QOO3uUAGv7lABqq5QFfG
uUD6lblAqse5QGXruUDZxrlAG7i5QBSauUCHpblAxsa5QIaYuUCtu7lAcbK5QG7fuUA0yblA
2MO5QFHOuUA8nrlAUby5QO63uUAmsLlAS6m5QJCWuUDuzrlAD6+5QIPluUALmLlAeNS5QBSs
uUBL3LlAhK+5QHzyuUBWsblAjJm5QEW3uUAvqLlAUKG5QECfuUAGyLlAAK65QDWruUDZv7lA
qw66QP/TuUCtxblArLO5QIW5uUD/sblAKrq5QB+5uUDsp7lAV7y5QFzMuUBQnblA1r25QIDL
uUCG3rlA4a65QGuvuUB2wLlAQde5QGeyuUCc2LlApey5QBy0uUCgwLlAbK+5QEDYuUBTs7lA
s7m5QO/TuUCCwrlAo8O5QErNuUC6orlAkdm5QDrfuUAX57lAla25QCu0uUAVwrlAfLy5QGjW
uUDQwLlAfce5QJ/BuUB74blArdu5QCXIuUCt5LlAdLy5QFHRuUAS1blAi8y5QGzKuUCz4rlA
s+O5QJGouUB20blAteK5QHjcuUAX37lAoMu5QBnCuUDp3blAUMm5QPrIuUCg6blAyqO5QJKz
uUAF2blAVOa5QDLNuUDhz7lAWa+5QGzouUA4yblA7eC5QE35uUCw3blA6LO5QNzSuUAf4blA
zOC5QLHGuUAl07lAYdy5QFfMuUC057lAYL65QDLeuUBC/blAMs25QIrCuUBRw7lAi9m5QFLO
uUB13LlAvM25QC70uUCD3rlABgu6QJXQuUC58rlA0vG5QJ/ZuUC15blAG9y5QBK8uUB97blA
88+5QGXSuUDst7lAb8a5QHTnuUDV9LlAVeG5QETRuUBG3blAHvC5QCwSukD98blAeuu5QCfT
uUBz97lA2Pa5QFj5uUAU4blAxPS5QJbguUBVzLlAQe+5QNgOukA92LlALhG6QLDiuUA35LlA
YuC5QB3duUCG3blA18y5QG/iuUD787lA1tC5QAzjuUDx7rlA79a5QKHiuUAYB7pAccq5QDbZ
uUAJ5LlAmNq5QEjtuUAT7rlADti5QF+euUC42blAr/G5QOjzuUDv27lAT+i5QOTIuUDm+7lA
Wfe5QOzwuUDa4blATQq6QGf6uUB3BrpAkvK5QH3SuUBX8LlAdOO5QIgMukBCALpAP/25QEgE
ukAQx7lA4/O5QKT+uUCOy7lA3fi5QJDSuUBO5LlA7dW5QJTmuUAU8LlAadW5QHHbuUA3yLlA
jvK5QDz7uUAcw7lAPNu5QHHwuUDhALpAOty5QBzpuUA6CbpAZPi5QMTuuUBnDrpABuG5QOQI
ukDQ+rlAnvG5QCPouUAX97lAGBC6QP8LukC1HrpACwu6QCv5uUBkBLpAfu65QAPyuUC/0blA
8ey5QLvnuUD57LlANBS6QHLauUBhArpAuQS6QPf2uUAe4rlA4vy5QDD2uUB+wLlAj+i5QD7N
uUBWJbpAxv25QLYFukCr7LlAugy6QE4FukDkCrpAK9W5QEkFukC18LlAI/a5QG8bukAj97lA
W/25QLQlukBw+7lADQq6QEgFukD9FbpAwv+5QJ7quUAmG7pAf9e5QBjvuUBZ/blAOwy6QAf7
uUAsK7pALw26QP0IukCA+7lAo+65QNT2uUBi+LlA4O65QIYKukB+/rlALPi5QO0iukDnFrpA
zDq6QIcxukAND7pA+iq6QL/2uUC97blA+vm5QAviuUAnIbpAoBe6QFbyuUBr9LlA8f25QLcV
ukDN/rlAnf+5QJ4rukBDErpA++W5QHr8uUBSI7pAkfW5QIoiukDADbpAQfO5QPrwuUAUDLpA
uO65QAIIukAm8blAmwC6QKrmuUB8LLpAywi6QOv4uUA+B7pAlAe6QCf7uUBcILpA0f65QM37
uUCRBrpAAw26QJ78uUCVCLpANB+6QOMWukCUKLpAPxq6QL4eukC5HrpAxx66QA0eukDzOLpA
yO25QG4fukAEOrpA+wi6QB8kukCmCrpAGBG6QG3+uUBQHrpAqAW6QDojukB9+7lAjCy6QLwj
ukBDAbpAbw+6QDYoukDVJrpAW+C5QJg+ukDhIrpA1N65QFdJukDUFLpA8AO6QCMCukDTNLpA
8Bm6QC0aukBNILpAvCe6QMYMukCJKbpA6jq6QEkUukCdBLpA4BO6QMQBukCu/rlAlRu6QJUM
ukDWD7pAZB26QNwWukBU7rlAYwe6QLoHukC8GLpAgCi6QGcEukC7/rlANCu6QPj9uUBwELpA
Bgi6QCkYukCIRbpA9xu6QO4DukCNArpAKxG6QKwdukD8+LlA5SW6QLYwukBVJ7pAqzC6QLsp
ukDJILpAXQe6QCsXukBc6LlAlPu5QCQoukB0GrpAhA+6QEogukBRHrpAUTm6QC0mukCoEbpA
CxW6QIQ5ukBjEbpAZRm6QMAQukDKLLpA8Q26QAsrukCuF7pAizS6QN8sukBLGLpAMDO6QHEZ
ukAII7pA/Ti6QP4jukDoJbpAw0m6QLUTukAOSrpAe026QA8YukAULbpAxSq6QKdTukBXH7pA
nj+6QGQmukAqA7pAQ2C6QJEhukDuFLpA7Ra6QPA+ukA+QLpApzK6QOUvukBxI7pAkhu6QBkt
ukAmPbpA5Dq6QDUmukDTSLpA/zi6QDweukD6LbpAOSG6QF9IukA4J7pA7xy6QOMcukC7RrpA
7R26QHcUukDrI7pAdya6QNwxukAEO7pAuUm6QLFIukCaLbpAwU26QFMtukDWJrpA4Ra6QA8q
ukB1MLpABjm6QFsrukAdLbpALUG6QAY4ukBKF7pAXkm6QOsgukBXGrpAMx66QLE1ukDSGrpA
P0a6QGNNukDYOrpAPzS6QMgvukAZPrpAkBK6QKtjukDlPLpACDO6QAZoukA/IbpA9Te6QMZD
ukAwB7pA0i66QBVIukBDQbpAOTG6QApUukC4NbpAaDy6QPQXukB3J7pAv0q6QMwyukC4LrpA
AiK6QIkkukAqSLpAb0e6QPX7uUDLK7pAYVq6QBEyukAIJbpAUz+6QGUrukCcMbpAiFK6QPg/
ukAaX7pA+EC6QLAmukDkQbpAs0i6QIAsukB3NbpAODi6QIlKukC5P7pAIkm6QEVGukABJbpA
QVC6QNgXukBaTLpAuVC6QCNNukB4UrpANjW6QJMwukBRL7pAvkC6QDhIukCbabpAJT66QANd
ukB3S7pAoDy6QNxAukAmPLpAZ2G6QHNWukCiR7pAt2K6QJc8ukAFabpADkq6QPhEukBuNrpA
DU+6QFMxukDQPrpAQVi6QPRMukCoNrpABl26QGw+ukBNO7pAszq6QFBQukANXbpAfl66QB08
ukA0R7pAOUe6QN4+ukA8SbpA+E+6QKZMukASRrpAH2G6QMtCukB4QrpAaz26QLVNukA5LLpA
u3a6QItHukC7HrpAE1S6QN48ukDcRbpASES6QCVYukBZQ7pAbFy6QNRgukBbaLpADDq6QMBS
ukCCVrpADFO6QE9jukCtULpAozu6QGpEukAcRLpAY266QGo3ukApUbpAiEW6QAleukBverpA
81+6QPc8ukBFULpA7V26QC0wukAmK7pAvlG6QIlMukDcSLpAr3O6QB9TukCNVLpArl+6QKhW
ukCERbpAb0G6QMlAukCvX7pAbVK6QJ5dukDFRbpASla6QNhgukB3SLpAPHW6QKdSukBASrpA
aFC6QPNqukBkVrpAb1+6QNhuukA4O7pAgI26QHBJukBdZrpAXWC6QNE0ukA9U7pASXi6QFtF
ukD8Z7pAMlm6QDFLukBWZ7pAA3i6QC1FukCwZ7pAhU66QOpmukAod7pA9Xm6QO5qukD+SLpA
SFu6QD1mukBLW7pAeEG6QMswukCDTbpATXG6QOpaukCwgLpAJWq6QNlOukDOU7pAKUq6QOhq
ukAAWbpAwnO6QOJZukBETbpArU66QEdKukBGgrpAZ2O6QP1tukD9e7pA4GW6QN5TukA9XbpA
Umm6QAFwukCISLpAIXK6QE+UukA2frpA2lu6QBJ/ukCUV7pAtmK6QL9UukCkdLpAdEe6QDBi
ukB7brpASF26QGiCukA3crpAK4q6QJ5zukAibrpAkFq6QC1cukB9UbpAdlW6QB50ukCtbbpA
gpK6QBtdukBiXLpA9n+6QKtvukCIarpAzEa6QE15ukAKYbpAuGO6QDheukBVbbpALmu6QLNZ
ukBnabpAUFq6QNFVukBYS7pA00i6QK+IukAbMbpAUFG6QKx7ukAmW7pAkHW6QMNgukDYarpA
HIS6QJlWukCahrpAk0q6QBKMukB8YrpAtVm6QOlsukBMb7pAuHO6QMKJukBOdLpAjoi6QDN0
ukB4brpAPma6QJZ+ukAHbbpAImG6QLBjukB1gbpAO4G6QLBtukDdWLpAVne6QB5gukC9frpA
Xmm6QLtAukC7i7pA1Xq6QEFpukCLdLpAAqm6QA5rukBuZbpAPo+6QDSBukCufbpAU1u6QAiD
ukDpf7pAdXK6QOJ/ukDdhbpABZS6QJpsukCgd7pAzmq6QGR0ukBAcLpA1YW6QCVyukBVVLpA
e2S6QC6QukBdnbpAdIS6QGpvukCfnrpAEGi6QDdrukCPdrpAgFW6QHh8ukCddbpAU3u6QHeK
ukAbmLpAyni6QFODukB2i7pA/Ya6QLmWukB1kLpAlJO6QMF6ukCRh7pA7JK6QDWNukAFl7pA
74K6QGNeukASh7pAJIe6QMZnukBlYLpAsmy6QOlfukAMhLpAorC6QGqLukBjfbpA75S6QCtg
ukDhgrpA9He6QM9jukD1fLpAyn66QE6wukDNgrpAyp26QO2PukAvmLpAGX66QAyNukDZf7pA
Yn26QBZdukAXl7pAZHu6QNSbukBKdrpA8p66QC2IukD2irpAoIq6QPaYukA7krpAXo66QJ90
ukBelLpAcba6QEe0ukABqrpAw5y6QGl4ukBbnrpA7Ku6QEyGukBZlLpAJoe6QDeSukDChrpA
maC6QOOiukC8qrpACJW6QFe4ukBqdLpAEZ+6QMSkukCfebpAAIa6QGCAukDOXrpA04O6QAeZ
ukDZbLpA3oS6QD+aukCEvLpALrq6QBV5ukCwpLpAFo+6QNGcukClnLpAcbG6QNSPukBTjLpA
T4a6QI6KukBxlLpAEoW6QOyoukCxn7pAyYy6QD5+ukCUsrpAVJS6QFWFukBwo7pAXnG6QMmA
ukCCjrpAdH26QKeiukDUlbpAhbS6QEWGukD6mLpAs6O6QCqwukAjjbpAxbG6QCWaukB+p7pA
TZO6QGqTukDskrpAjIK6QLGIukCRnrpA/ZS6QMShukDmmbpAhYS6QHp7ukDzrrpAQ2i6QI6s
ukCatrpADaK6QCqzukCrxLpAI5a6QNKYukANibpA+pS6QLGkukAcuLpAgoG6QJ7AukDQtrpA
qpK6QPSTukDrlrpAnLq6QAR8ukB0pbpA0Jm6QAiSukA2qLpA2n66QMuPukAxubpAcaO6QAm9
ukAHrLpAG8K6QL56ukAxlrpAar26QBGHukBDq7pAGqW6QLXCukBuuLpAvrK6QPueukB+jLpA
OKm6QK+dukDTm7pA3KG6QOqNukAnubpA0626QBWzukAVkrpAmaC6QFK0ukBbp7pAr6O6QMus
ukAuqLpAHay6QFucukB0nrpAkZ26QP+vukAPnbpA+o26QKy0ukClorpA9Yq6QOC5ukDys7pA
Wa+6QEmfukB2rLpAKqq6QGKvukBUn7pAT526QPSUukD8mbpAU3+6QMCaukDjpbpAiaW6QO25
ukBcqbpAa6e6QEaPukB5trpA/Zu6QOmpukAurLpAsM+6QJSsukCwo7pAb826QPeQukARlbpA
DbC6QNWuukDBurpAoam6QM/OukBWtLpA5726QGbMukDWrrpABLG6QIXKukBonrpAdK+6QDGd
ukCcprpA</AssayYData></Step><Step><CommonData><SampleLocation>5</SampleLocation><SampleID>Glycine</SampleID><SampleGroup></SampleGroup><SampleInfo></SampleInfo><SampleRow>L</SampleRow><SamplePlate>1</SamplePlate><WellType>REGENERATION</WellType><Concentration>-1</Concentration><ConcentrationUnits>µg/ml</ConcentrationUnits><MolarConcentration>-1</MolarConcentration><MolarConcUnits>nM</MolarConcUnits><MolecularWeight>0</MolecularWeight><Temperature>30</Temperature><StartTime>9347402</StartTime><AssayTime>5</AssayTime></CommonData><FlowRate>1000</FlowRate><StepType>KREGENERATION</StepType><StepName>Regeneration</StepName><StepStatus>OK</StepStatus><ActualTime>4.9998</ActualTime><CycleTime>0.2</CycleTime><AssayXData Points="25">L+gARv3oAEbK6QBGluoARmPrAEYv7ABG/OwARsrtAEaV7gBGYu8ARi/wAEb98ABGyfEARpXy
AEZj8wBGMPQARv30AEbJ9QBGlfYARmL3AEYw+ABG/PgARsn5AEaW+gBGYvsARg==</AssayXData><AssayYData Points="25">NWUXQG6vEkCAZhBAgDYPQB0YDkAv+QxAwPwLQL9eCkBEoglAqKgIQLgSB0ClAwZAHS8FQPmG
BEDXUgNAL5ECQNmNAUDf5QBAUTwAQGnR/j9LDP4/yFr8P499+z/6iPo/dkz6Pw==</AssayYData></Step><Step><CommonData><SampleLocation>6</SampleLocation><SampleID>PBS</SampleID><SampleGroup></SampleGroup><SampleInfo></SampleInfo><SampleRow>L</SampleRow><SamplePlate>1</SamplePlate><WellType>NEUTRALIZATION</WellType><Concentration>-1</Concentration><ConcentrationUnits>µg/ml</ConcentrationUnits><MolarConcentration>-1</MolarConcentration><MolarConcUnits>nM</MolarConcUnits><MolecularWeight>0</MolecularWeight><Temperature>30</Temperature><StartTime>9360487</StartTime><AssayTime>5</AssayTime></CommonData><FlowRate>1000</FlowRate><StepType>KREGENERATION</StepType><StepName>Regeneration</StepName><StepStatus>OK</StepStatus><ActualTime>5.00078</ActualTime><CycleTime>0.2</CycleTime><AssayXData Points="25">L/wARv38AEbJ/QBGlv4ARmP/AEYvAAFG/AABRskBAUaWAgFGYgMBRi8EAUb9BAFGyQUBRpYG
AUZiBwFGLwgBRvwIAUbJCQFGlgoBRmILAUYvDAFG/AwBRskNAUaWDgFGYw8BRg==</AssayXData><AssayYData Points="25">ncuqQPRrq0Dq9qtAekGsQO+RrEBWC61A1DWtQFmArUDqm61AqcetQN4BrkCY+K1ArzyuQL1O
rkB2WK5AN7muQGSkrkDjtq5AyauuQI/yrkAA2K5A3+6uQEMAr0DlKK9ARx2vQA==</AssayYData></Step><Step><CommonData><SampleLocation>5</SampleLocation><SampleID>Glycine</SampleID><SampleGroup></SampleGroup><SampleInfo></SampleInfo><SampleRow>L</SampleRow><SamplePlate>1</SamplePlate><WellType>REGENERATION</WellType><Concentration>-1</Concentration><ConcentrationUnits>µg/ml</ConcentrationUnits><MolarConcentration>-1</MolarConcentration><MolarConcUnits>nM</MolarConcUnits><MolecularWeight>0</MolecularWeight><Temperature>30</Temperature><StartTime>9373566</StartTime><AssayTime>5</AssayTime></CommonData><FlowRate>1000</FlowRate><StepType>KREGENERATION</StepType><StepName>Regeneration</StepName><StepStatus>OK</StepStatus><ActualTime>4.9998</ActualTime><CycleTime>0.2</CycleTime><AssayXData Points="25">MBABRv4QAUbKEQFGlxIBRmQTAUYwFAFG/RQBRsoVAUaXFgFGZBcBRjEYAUb9GAFGyhkBRpYa
AUZjGwFGMBwBRv0cAUbLHQFGlx4BRmMfAUYwIAFG/SABRsohAUaWIgFGYyMBRg==</AssayXData><AssayYData Points="25">QMUKQN2cBUDI3gJA5VcBQCAoAEAz8/4/hnX8P9Os+z9tGvo/pzj4P4dn9z/OHfc/EDD2P/hm
9D9gOfQ/G33zP2Lj8j/IbPI/4abxPw178T94a/A/yLnvP8Yh7z8w8e4/rjHuPw==</AssayYData></Step><Step><CommonData><SampleLocation>6</SampleLocation><SampleID>PBS</SampleID><SampleGroup></SampleGroup><SampleInfo></SampleInfo><SampleRow>L</SampleRow><SamplePlate>1</SamplePlate><WellType>NEUTRALIZATION</WellType><Concentration>-1</Concentration><ConcentrationUnits>µg/ml</ConcentrationUnits><MolarConcentration>-1</MolarConcentration><MolarConcUnits>nM</MolarConcUnits><MolecularWeight>0</MolecularWeight><Temperature>30</Temperature><StartTime>9386636</StartTime><AssayTime>5</AssayTime></CommonData><FlowRate>1000</FlowRate><StepType>KREGENERATION</StepType><StepName>Regeneration</StepName><StepStatus>OK</StepStatus><ActualTime>5.00078</ActualTime><CycleTime>0.2</CycleTime><AssayXData Points="25">MCQBRv0kAUbLJQFGliYBRmMnAUYxKAFG/SgBRsopAUaWKgFGYysBRjEsAUb9LAFGyi0BRpYu
AUZkLwFGMTABRv0wAUbLMQFGljIBRmMzAUYwNAFG/jQBRss1AUaXNgFGZDcBRg==</AssayXData><AssayYData Points="25">uJiqQPwqq0D/pKtA/yOsQAR0rEDcrqxA4vusQP8krUAvUq1A3oetQHKPrUBiy61AwfatQGYb
rkB4P65AMlSuQJhjrkC6na5AHLauQGGurkCBuK5ARMuuQIXqrkAL865ARRCvQA==</AssayYData></Step><Step><CommonData><SampleLocation>5</SampleLocation><SampleID>Glycine</SampleID><SampleGroup></SampleGroup><SampleInfo></SampleInfo><SampleRow>L</SampleRow><SamplePlate>1</SamplePlate><WellType>REGENERATION</WellType><Concentration>-1</Concentration><ConcentrationUnits>µg/ml</ConcentrationUnits><MolarConcentration>-1</MolarConcentration><MolarConcUnits>nM</MolarConcUnits><MolecularWeight>0</MolecularWeight><Temperature>30</Temperature><StartTime>9399728</StartTime><AssayTime>5</AssayTime></CommonData><FlowRate>1000</FlowRate><StepType>KREGENERATION</StepType><StepName>Regeneration</StepName><StepStatus>OK</StepStatus><ActualTime>5.00078</ActualTime><CycleTime>0.2</CycleTime><AssayXData Points="25">MTgBRv84AUbMOQFGmDoBRmU7AUYxPAFG/jwBRss9AUaYPgFGZT8BRjFAAUb+QAFGy0EBRpdC
AUZkQwFGMkQBRv5EAUbMRQFGl0YBRmZHAUYxSAFG/kgBRsxJAUaXSgFGZUsBRg==</AssayXData><AssayYData Points="25">cmEJQCZ1BECGxwFAY1wAQOta/j8+8Ps/0Ev6P0Il+T8Brvg/nqP3P5x49j+g4fU/CPT1PzGc
9D+I1vM/N8HyP80G8z+dBvI/CcnxP9oJ8j9j1vA/tU/wP8wU8D9ZE+8/5jPvPw==</AssayYData></Step><Step><CommonData><SampleLocation>6</SampleLocation><SampleID>PBS</SampleID><SampleGroup></SampleGroup><SampleInfo></SampleInfo><SampleRow>L</SampleRow><SamplePlate>1</SamplePlate><WellType>NEUTRALIZATION</WellType><Concentration>-1</Concentration><ConcentrationUnits>µg/ml</ConcentrationUnits><MolarConcentration>-1</MolarConcentration><MolarConcUnits>nM</MolarConcUnits><MolecularWeight>0</MolecularWeight><Temperature>30</Temperature><StartTime>9412824</StartTime><AssayTime>5</AssayTime></CommonData><FlowRate>1000</FlowRate><StepType>KREGENERATION</StepType><StepName>Regeneration</StepName><StepStatus>OK</StepStatus><ActualTime>5.00078</ActualTime><CycleTime>0.2</CycleTime><AssayXData Points="25">MkwBRv9MAUbMTQFGmE4BRmVPAUYyUAFGAFEBRs1RAUaZUgFGZlMBRjJUAUb/VAFGzFUBRphW
AUZmVwFGM1gBRv9YAUbMWQFGmVoBRmVbAUYyXAFGAV0BRsxdAUaYXgFGZl8BRg==</AssayXData><AssayYData Points="25">47qrQG4LrEDfz6xAwh2tQMN/rUA/xa1AwhCuQJImrkATaq5A55yuQCeprkAC8q5A9+quQH4j
r0DCNK9ADjavQElEr0Dfca9Ai6avQCO+r0Bmt69Aat6vQKXVr0A4+a9ApQWwQA==</AssayYData></Step><Step><CommonData><SampleLocation>1</SampleLocation><SampleID>Octet Buffer</SampleID><SampleGroup></SampleGroup><SampleInfo></SampleInfo><SampleRow>K</SampleRow><SamplePlate>1</SamplePlate><WellType>BUFFER</WellType><Concentration>-1</Concentration><ConcentrationUnits>µg/ml</ConcentrationUnits><MolarConcentration>-1</MolarConcentration><MolarConcUnits>nM</MolarConcUnits><MolecularWeight>0</MolecularWeight><Temperature>30</Temperature><StartTime>9427078</StartTime><AssayTime>20</AssayTime></CommonData><FlowRate>1000</FlowRate><StepType>CUSTOM</StepType><StepName>Sensor Check</StepName><StepStatus>OK</StepStatus><ActualTime>20.0008</ActualTime><CycleTime>0.2</CycleTime><AssayXData Points="100">M2ABRgBhAUbNYQFGmWIBRmZjAUYzZAFGAGUBRs5lAUaZZgFGZ2cBRoNoAUYlaQFGzWkBRppq
AUZnawFGNGwBRgBtAUbObQFGmW4BRmZvAUY0cAFGAXEBRs5xAUaacgFGZ3MBRjR0AUYAdQFG
zXUBRpl2AUZmdwFGNHgBRgB5AUbNeQFGmXoBRmd7AUYzfAFGAX0BRs59AUaZfgFGZn8BRjOA
AUYBgQFGzYEBRpmCAUZmgwFGNIQBRgCFAUbNhQFGmoYBRmeHAUYziAFGAIkBRs6JAUaZigFG
ZosBRjOMAUYAjQFGzY0BRpmOAUZnjwFGNJABRgCRAUbOkQFGmZIBRmeTAUY0lAFGAJUBRs6V
AUaZlgFGZpcBRjSYAUYBmQFGzZkBRpmaAUZmmwFGM5wBRgCdAUbNnQFGmp4BRmafAUY0oAFG
AKEBRs2hAUaZogFGZ6MBRjOkAUYApQFGzqUBRpmmAUZmpwFGM6gBRgCpAUbNqQFGmaoBRmar
AUY0rAFGAK0BRs6tAUaZrgFGZ68BRg==</AssayXData><AssayYData Points="100">KuqpQMeip0CtNqZAIiOlQOtGpEA7zqNA/IyjQEB4o0CuSqNAd0OjQIFdo0DbLqNA6VOjQCuQ
o0DLc6NAGW+jQFN+o0AMnqNAqqejQPygo0AH3qNAT96jQILmo0A74aNAYuWjQKz/o0AP+qNA
IBKkQIBApEDhDKRAmAWkQOsWpECUHqRA+kekQBw+pEBuSKRARnikQFFVpEAWQqRA0kGkQOx6
pEAUlqRAjW6kQPx5pEB6aaRAzXekQF6fpEC3jaRAT5+kQLq2pECcv6RA/6ukQG2lpEBCwqRA
cNqkQLfcpEC26aRAd6qkQMLUpECQ3aRAO+mkQN7HpECY/KRAauWkQDT4pEC0G6VAGOmkQE4o
pUACFqVABSSlQMMMpUBdFaVAU0ilQFwNpUAODaVAFSWlQCcFpUDZNKVAAUGlQEospUAUQqVA
KEulQN1ApUCGT6VAP1ulQHBEpUCaX6VAXWClQDdOpUCmbaVAWWKlQBGDpUAKZaVASWClQEB2
pUCCW6VA/I2lQCGEpUCpb6VA/4SlQA==</AssayYData></Step><Step><CommonData><SampleLocation>2</SampleLocation><SampleID>SI-157X66_P5568</SampleID><SampleGroup></SampleGroup><SampleInfo></SampleInfo><SampleRow>L</SampleRow><SamplePlate>1</SamplePlate><WellType>KLOAD</WellType><Concentration>5</Concentration><ConcentrationUnits>µg/ml</ConcentrationUnits><MolarConcentration>5000</MolarConcentration><MolarConcUnits>nM</MolarConcUnits><MolecularWeight>0</MolecularWeight><Temperature>30</Temperature><StartTime>9456017</StartTime><AssayTime>120</AssayTime></CommonData><FlowRate>1000</FlowRate><StepType>LOADING</StepType><StepName>Loading</StepName><StepStatus>OK</StepStatus><ActualTime>120.001</ActualTime><CycleTime>0.2</CycleTime><AssayXData Points="600">NLABRgGxAUbOsQFGmrIBRmezAUY0tAFGArUBRs+1AUabtgFGZ7cBRjW4AUYCuQFGzrkBRpu6
AUZouwFGNLwBRgG9AUbOvQFGm74BRmi/AUY0wAFGAsEBRs7BAUaawgFGaMMBRjXEAUYBxQFG
zsUBRprGAUZnxwFGNcgBRgHJAUbPyQFGmsoBRmfLAUY0zAFGAc0BRs7NAUabzgFGZ88BRjXQ
AUYB0QFGztEBRpvSAUZn0wFGNNQBRgLVAUbP1QFGmtYBRmfXAUY02AFGAtkBRs7ZAUaa2gFG
aNsBRjTcAUYB3QFGzt0BRpveAUZo3wFGNeABRgHhAUbP4QFGm+IBRmfjAUY05AFGAeUBRs/l
AUaa5gFGZ+cBRjXoAUYB6QFGzukBRprqAUZn6wFGNOwBRgHtAUbP7QFGm+4BRmjvAUY08AFG
AfEBRs/xAUaa8gFGZ/MBRjX0AUYB9QFGz/UBRpr2AUZo9wFGNPgBRgL5AUbO+QFGmvoBRmf7
AUY0/AFGAf0BRs/9AUaa/gFGaP8BRjQAAkYBAQJGzgECRpoCAkZnAwJGNQQCRgEFAkbPBQJG
mgYCRmcHAkY0CAJGAQkCRs8JAkaaCgJGZwsCRjQMAkYBDQJGzg0CRpsOAkZoDwJGNBACRgER
AkbPEQJGmhICRmcTAkY0FAJGARUCRs4VAkaaFgJGaBcCRjQYAkYCGQJGzhkCRpoaAkZoGwJG
NBwCRgIdAkbOHQJGmx4CRmcfAkY0IAJGASECRs8hAkaaIgJGZyMCRjUkAkYCJQJGzyUCRpom
AkZnJwJGNSgCRgEpAkbOKQJGmyoCRmgrAkY0LAJGAi0CRs4tAkabLgJGaC8CRjQwAkYCMQJG
zjECRpoyAkZnMwJGNTQCRgI1AkbPNQJGmjYCRmc3AkY0OAJGATkCRs85AkaaOgJGZzsCRjQ8
AkYBPQJGzj0CRpo+AkZnPwJGNEACRgFBAkbPQQJGm0ICRmhDAkY0RAJGA0UCRs5FAkaaRgJG
aEcCRjRIAkYBSQJGzkkCRppKAkZnSwJGNEwCRgFNAkbPTQJGm04CRmdPAkY1UAJGAVECRs5R
AkaaUgJGaFMCRjRUAkYBVQJGzlUCRppWAkZnVwJGNFgCRgJZAkbPWQJGm1oCRmhbAkY1XAJG
AV0CRs9dAkaaXgJGaF8CRjRgAkYCYQJGzmECRppiAkZoYwJGNWQCRgFlAkbPZQJGmmYCRmdn
AkY1aAJGAWkCRs5pAkaaagJGZ2sCRjRsAkYCbQJGzm0CRptuAkZobwJGNHACRgFxAkbPcQJG
m3ICRmhzAkY1dAJGAnUCRs51AkaadgJGZ3cCRjV4AkYBeQJGz3kCRpt6AkZoewJGNHwCRgF9
AkbOfQJGm34CRmd/AkY0gAJGAYECRs6BAkabggJGZ4MCRjSEAkYChQJGz4UCRpqGAkZnhwJG
NIgCRgGJAkbOiQJGmooCRmeLAkY0jAJGAo0CRs+NAkabjgJGaI8CRjSQAkYBkQJGzpECRpqS
AkZokwJGNJQCRgGVAkbOlQJGmpYCRmiXAkY1mAJGAZkCRs+ZAkaamgJGZ5sCRjWcAkYCnQJG
zp0CRpueAkZonwJGNKACRgKhAkbPoQJGm6ICRmejAkY0pAJGAaUCRs6lAkaapgJGaKcCRjSo
AkYCqQJGz6kCRpuqAkZnqwJGNawCRgGtAkbOrQJGm64CRmivAkY0sAJGAbECRs6xAkabsgJG
aLMCRjS0AkYBtQJGzrUCRpq2AkZntwJGNLgCRgK5AkbPuQJGmroCRme7AkY1vAJGAb0CRs+9
AkabvgJGZ78CRjTAAkYCwQJGz8ECRprCAkZowwJGNMQCRgHFAkbOxQJGmsYCRmfHAkY1yAJG
AckCRs/JAkaaygJGaMsCRjXMAkYBzQJGzs0CRprOAkZnzwJGNtACRgLRAkbO0QJGmtICRmjT
AkY01AJGAtUCRs7VAkaa1gJGZ9cCRjTYAkYC2QJGztkCRpraAkZo2wJGNNwCRgHdAkbP3QJG
mt4CRmffAkY04AJGAuECRs7hAkaa4gJGZ+MCRjTkAkYC5QJGzuUCRpvmAkZn5wJGNegCRgHp
AkbO6QJGmuoCRmfrAkY07AJGAu0CRs7tAkaa7gJGZ+8CRjTwAkYC8QJGzvECRpryAkZn8wJG
NPQCRgH1AkbP9QJGmvYCRmf3AkY1+AJGAvkCRs75Akab+gJGZ/sCRjT8AkYC/QJGzv0CRpv+
AkZn/wJGNAADRgEBA0bOAQNGmgIDRmcDA0Y0BANGAgUDRs4FA0abBgNGaAcDRjUIA0YBCQNG
zgkDRpsKA0ZoCwNGNQwDRgINA0bPDQNGmg4DRmcPA0Y0EANGAhEDRs4RA0aaEgNGZxMDRjUU
A0YBFQNGzhUDRpsWA0ZoFwNGNBgDRgEZA0bOGQNGmhoDRmgbA0Y0HANGAR0DRs8dA0aaHgNG
Zx8DRjQgA0YCIQNGziEDRpoiA0ZoIwNGNCQDRgElA0bOJQNGmyYDRmcnA0Y1KANGAikDRs4p
A0aaKgNGZysDRjUsA0YCLQNGzy0DRpouA0ZnLwNGNDADRgExA0bOMQNGmzIDRmczA0Y0NANG
ATUDRs41A0aaNgNGaDcDRjQ4A0YCOQNGzjkDRps6A0ZoOwNGNDwDRgI9A0bPPQNGmj4DRmc/
A0Y1QANGAUEDRs5BA0aaQgNGaEMDRjVEA0YBRQNGzkUDRptGA0ZnRwNGNUgDRgFJA0bOSQNG
mkoDRmdLA0Y1TANGAU0DRs9NA0abTgNGZ08DRjRQA0YBUQNGzlEDRppSA0ZoUwNGNVQDRgFV
A0bPVQNGm1YDRmhXA0Y0WANGAVkDRs5ZA0abWgNGZ1sDRjRcA0YCXQNGz10DRpteA0ZnXwNG
NGADRgFhA0bOYQNGmmIDRmhjA0Y1ZANGAmUDRs9lA0aaZgNGZ2cDRjRoA0YBaQNGzmkDRptq
A0ZnawNGNGwDRgFtA0bPbQNGmm4DRmhvA0Y1cANGAXEDRs5xA0abcgNGaHMDRjR0A0YBdQNG
znUDRpt2A0ZodwNGNHgDRgF5A0bOeQNGm3oDRmd7A0Y1fANGAn0DRs59A0aafgNGZ38DRjSA
A0YBgQNGzoEDRpqCA0ZngwNGNIQDRgGFA0bPhQNGmoYDRmeHA0Y1iANGAYkDRs6JA0aaigNG
aIsDRjSMA0YBjQNGzo0DRpqOA0ZojwNG</AssayXData><AssayYData Points="600">oWKlQD+upUDP/qVA5mqmQJlbpkC+r6ZAK9emQB7epkBFBadAmRunQEJLp0CCkadAXIynQDe9
p0CT5adA4cunQBMiqEBCEqhAATmoQDJWqEAhe6hAb6aoQJPtqEDE7ahAffOoQEEIqUBEOqlA
oyapQE5BqUC5hqlA2p2pQKqpqUCwxalA5cKpQAflqUA3EqpAHCSqQDIFqkAqWapAEGaqQCNh
qkBOtapADquqQEDkqkD88apAOuyqQJjmqkDeCKtA3UurQFBZq0BHWqtA6MmrQPOdq0CZy6tA
6cyrQJ3tq0Dt4atA3xKsQCMxrEBcNqxAnVWsQHOYrED3eKxAOoysQIV/rEAMoaxAvtysQIbq
rED966xAsv6sQEYhrUCFP61AdDCtQKJorUDega1A7pitQH+orUDCm61A2MetQCK2rUCd5K1A
svytQHYArkDoJK5ACyauQP08rkALcq5AdIiuQHaVrkDPnK5AZ4SuQLnNrkA/yK5AMvOuQBLR
rkCZC69AsD6vQIQ1r0A5RK9Ah2qvQDcor0Cxbq9AW2evQFOAr0D9ja9A8KGvQJWwr0Be6a9A
etqvQLPxr0BAE7BAjf6vQOIvsECIGLBAnzmwQAJNsED5T7BAH3KwQO9wsEAHY7BAB6SwQAyy
sEBgw7BAGdOwQJTusEDR57BA1eCwQCz2sEDfF7FACCGxQGkdsUAjRrFAGymxQDhzsUCxerFA
EFqxQC1lsUDRpbFAL4OxQK6isUBTorFA17uxQNS2sUDXxrFAEgSyQMzksUBJJ7JAUD6yQEZF
skAnObJAHleyQAhBskAyI7JAyEuyQLt5skCOfbJA3ZuyQByKskDlvrJAd5myQADEskBotrJA
5cqyQEzhskBwwrJAD9ayQLEws0Bj7rJASQOzQEkks0CxNLNA5TyzQHVPs0AOOLNAhmmzQGVz
s0D9XrNAN2OzQJt9s0DfkrNAaI6zQAuSs0ADz7NAWbizQPrLs0Diu7NA1u2zQG75s0B567NA
cfqzQLDps0ArMLRAqw20QO8htEAWJrRAyj60QJIhtEDlTbRAOHi0QOB6tECDZLRAgpG0QAmI
tEBxXbRAgpG0QJ2EtEDzuLRAmZO0QDyvtEBa6bRA0+O0QNzetEBD87RAjeS0QBb/tEA+DLVA
sPy0QLoQtUCAGLVAtzW1QNZOtUAKFbVAv0a1QEZItUCKO7VAKGS1QEdptUDYUrVACFm1QLlj
tUATfrVACpO1QLaQtUDNgLVAvXa1QBXEtUAdr7VA4cC1QE20tUAxxbVAP9S1QCjYtUBS3rVA
lPO1QDr+tUBs/rVAJO+1QI4FtkAVHrZAHR+2QHYetkBaP7ZAVyi2QMsttkDnP7ZAG0i2QKpP
tkCOVLZAln+2QN1otkBJQ7ZAo3O2QBJ5tkCWgbZA0pq2QIKXtkAHhLZAa6K2QCq+tkBwqbZA
wrS2QNfMtkDwybZAF6m2QMPZtkD64bZAmcm2QDcHt0AmCrdAPNa2QGcLt0CwArdAZgm3QFwM
t0CPHLdASSG3QAo1t0DLO7dAllK3QJs7t0AcRbdAFES3QAQ6t0CgZbdA1mi3QMlkt0A2b7dA
W1m3QH+Lt0BdoLdADoq3QBZ3t0AxlbdA7o+3QESWt0A6zLdA45a3QPydt0CivrdAO8O3QE7U
t0BYt7dAyNa3QOqgt0CS5rdA/fO3QOHOt0D1ybdAmem3QEHjt0BbGLhAZt23QCIOuEC1B7hA
6CW4QJUTuEDn37dAmx+4QGk1uECTGrhAP0a4QNJMuECXbbhAlEe4QAVWuEAOLLhAukW4QOpb
uEBabLhAR1W4QD2CuEBxWrhAo224QO6SuECKrrhAwoK4QBCOuEBrn7hAh5a4QJeguEDts7hA
38S4QMuxuEDWoLhAo7G4QJ21uED/mrhA7tK4QMz/uEAz2LhAJuO4QLnKuEAQ8rhAHw25QA37
uECu7bhA0Bi5QLLJuEAVErlA1iG5QBMhuUChFLlAizy5QA1KuUBEHLlAr/y4QGAwuUB3FblA
Cx25QMJUuUCeQblAO0C5QGVGuUC8YrlAz1i5QB1NuUCKWblA9mC5QABvuUCgZblAlWa5QEFw
uUCee7lAQWW5QHGFuUDgj7lAqpe5QFOEuUCKeblA66m5QB+TuUDUo7lAUJ65QEyeuUCqxblA
18O5QJuvuUBOyrlAitO5QPfOuUDr2rlAm965QLz3uUARvblAEeu5QJ7cuUCi27lAYPm5QPgO
ukCN8LlAefq5QDoUukCJ/7lAjBG6QGnouUAE9rlAFwm6QIkcukBBG7pA6SK6QK0oukDlD7pA
uSS6QNtQukDaJLpAyz26QJErukCVRbpAwlG6QBMfukAXTbpAFj+6QHBDukALcLpAlWG6QFB5
ukDQgbpAtoC6QPtmukDnirpAw326QEBjukAqgrpAhZm6QP2NukBuobpA5IW6QAuPukB4qrpA
9dK6QJiiukBen7pABbO6QCqqukCgtLpAubK6QBmHukBzu7pAyr26QAKyukD6tbpAB866QDLo
ukDB0LpAnO66QBTpukBh27pAfdu6QHnXukDr67pA1+W6QMADu0Ah9bpA7/66QJsXu0BKHrtA
9Aa7QPIDu0APLbtA1Bu7QO8gu0DfLLtAZwy7QElKu0DgRrtA9DW7QLU0u0DfQrtAlSC7QM4L
u0DvM7tANDS7QLAmu0B9NrtAHVC7QO4/u0ApertAv1C7QLlWu0AWTrtAxTe7QOdYu0AxartA
OGO7QCdEu0DagLtAr3G7QGhgu0DhYLtABHK7QKxwu0B0ZLtAAoG7QHGbu0DZhrtAFIe7QDai
u0ArhrtAIpm7QG+Ou0B6kLtAsG67QPmnu0AGtbtA7MG7QP6Vu0CCw7tAR8m7QEuou0BHq7tA
9bS7QDDFu0CYtbtA37K7QKPhu0D45LtAbeS7QCbyu0B+4btABNe7QB7Vu0D48LtArgG8QPnl
u0BJ7LtAOgG8QGr4u0DC5btAVv+7QNrxu0D81LtAewi8QOz4u0CxHrxAPwu8QGMbvEDvPbxA
+Cq8QKYevEB0CLxABEK8QMnvu0CjKLxA2zG8QFxOvEC+PrxAqSO8QLdPvEABHrxABGa8QBRl
vEC4bbxAN0K8QIhlvEC6PrxAKmG8QPhivEDATrxAp1a8QBGHvEARe7xA9Xe8QMSDvEDEdrxA
lW68QH9rvEB5dLxANnm8QAZxvEALg7xA</AssayYData></Step><Step><CommonData><SampleLocation>1</SampleLocation><SampleID>Octet Buffer</SampleID><SampleGroup></SampleGroup><SampleInfo></SampleInfo><SampleRow>K</SampleRow><SamplePlate>1</SamplePlate><WellType>BUFFER</WellType><Concentration>-1</Concentration><ConcentrationUnits>µg/ml</ConcentrationUnits><MolarConcentration>-1</MolarConcentration><MolarConcUnits>nM</MolarConcUnits><MolecularWeight>0</MolecularWeight><Temperature>30</Temperature><StartTime>9584439</StartTime><AssayTime>100</AssayTime></CommonData><FlowRate>1000</FlowRate><StepType>BASELINE</StepType><StepName>Baseline</StepName><StepStatus>OK</StepStatus><ActualTime>99.9998</ActualTime><CycleTime>0.2</CycleTime><AssayXData Points="500">NZADRgKRA0bPkQNGnJIDRmiTA0Y2lANGA5UDRs+VA0ablgNGaZcDRjWYA0YCmQNG0JkDRpua
A0ZpmwNGNpwDRgOdA0bPnQNGm54DRmmfA0Y1oANGA6EDRs+hA0abogNGaaMDRjWkA0YCpQNG
z6UDRpumA0ZopwNGNagDRgKpA0bPqQNGm6oDRmmrA0Y1rANGA60DRs+tA0acrgNGaK8DRjWw
A0YCsQNGz7EDRpuyA0ZoswNGNbQDRgK1A0bQtQNGm7YDRmm3A0Y1uANGArkDRtC5A0abugNG
absDRjW8A0YCvQNGz70DRpu+A0ZovwNGNcADRgLBA0bPwQNGm8IDRmjDA0Y2xANGA8UDRs/F
A0abxgNGaMcDRjbIA0YDyQNGz8kDRpzKA0ZoywNGNcwDRgPNA0bQzQNGnM4DRmjPA0Y20ANG
AtEDRtDRA0ab0gNGadMDRjbUA0YD1QNGz9UDRpzWA0Zo1wNGNdgDRgLZA0bP2QNGm9oDRmjb
A0Y23ANGA90DRtDdA0ab3gNGad8DRjXgA0YD4QNGz+EDRpviA0Zo4wNGNeQDRgLlA0bR5QNG
m+YDRmnnA0Y16ANGAukDRs/pA0ab6gNGaesDRjXsA0YD7QNGz+0DRpzuA0Zp7wNGNfADRgLx
A0bP8QNGm/IDRmjzA0Y19ANGAvUDRs/1A0ac9gNGaPcDRjX4A0YC+QNGz/kDRpv6A0Zo+wNG
NfwDRgL9A0bQ/QNGm/4DRmn/A0Y2AARGAgEERs8BBEabAgRGaQMERjUEBEYDBQRGzwUERpsG
BEZoBwRGNggERgIJBEbQCQRGnAoERmgLBEY1DARGAw0ERs8NBEacDgRGaQ8ERjUQBEYDEQRG
zxEERpsSBEZoEwRGNhQERgIVBEbPFQRGnBYERmgXBEY1GARGAxkERs8ZBEabGgRGaRsERjUc
BEYCHQRGzx0ERpweBEZpHwRGNSAERgIhBEbPIQRGmyIERmgjBEY1JARGAyUERs8lBEabJgRG
aCcERjUoBEYCKQRGzykERpwqBEZoKwRGNSwERgItBEbPLQRGnC4ERmgvBEY1MARGAjEERs8x
BEabMgRGaTMERjc0BEYCNQRGzzUERp02BEZoNwRGNjgERgM5BEbPOQRGmzoERmk7BEY2PARG
Aj0ERtA9BEacPgRGaD8ERjVABEYDQQRGz0EERpxCBEZoQwRGNUQERgNFBEbPRQRGnEYERmhH
BEY2SARGA0kERs9JBEacSgRGaUsERjZMBEYDTQRGz00ERptOBEZoTwRGNlAERgJRBEbPUQRG
nFIERmhTBEY1VARGA1UERs9VBEabVgRGaFcERjVYBEYDWQRG0FkERpxaBEZoWwRGNlwERgJd
BEbQXQRGm14ERmlfBEY2YARGAmEERtBhBEabYgRGaGMERjVkBEYCZQRGz2UERptmBEZoZwRG
NmgERgJpBEbPaQRGm2oERmlrBEY2bARGAm0ERs9tBEabbgRGaG8ERjVwBEYDcQRG0HEERpxy
BEZocwRGNnQERgN1BEbPdQRGnHYERmh3BEY1eARGA3kERs95BEacegRGaHsERjZ8BEYDfQRG
z30ERpt+BEZpfwRGNoAERgOBBEbQgQRGm4IERmmDBEY1hARGAoUERs+FBEabhgRGaIcERjWI
BEYDiQRGz4kERpuKBEZoiwRGNYwERgKNBEbPjQRGnI4ERmmPBEY1kARGA5EERs+RBEackgRG
aJMERjWUBEYClQRGz5UERpuWBEZolwRGNZgERgOZBEbPmQRGm5oERmmbBEY2nARGAp0ERtCd
BEacngRGaJ8ERjWgBEYCoQRGz6EERpyiBEZoowRGNaQERgKlBEbPpQRGm6YERmmnBEY2qARG
AqkERtCpBEacqgRGaKsERjasBEYCrQRG0K0ERpuuBEZorwRGNbAERgOxBEbPsQRGm7IERmiz
BEY1tARGA7UERs+1BEactgRGabcERjW4BEYCuQRG0LkERpu6BEZouwRGNbwERgK9BEbPvQRG
m74ERmm/BEY2wARGA8EERs/BBEabwgRGaMMERjbEBEYCxQRG0MUERpzGBEZpxwRGNcgERgLJ
BEbQyQRGm8oERmjLBEY1zARGAs0ERs/NBEadzgRGaM8ERjbQBEYD0QRGz9EERpzSBEZo0wRG
NdQERgPVBEbP1QRGnNYERmjXBEY12ARGA9kERs/ZBEab2gRGaNsERjbcBEYC3QRG0N0ERpve
BEZo3wRGNuAERgLhBEbQ4QRGnOIERmnjBEY15ARGA+UERtDlBEac5gRGaecERjXoBEYC6QRG
0OkERpvqBEZo6wRGNewERgPtBEbQ7QRGm+4ERmjvBEY18ARGAvEERtDxBEab8gRGafMERjb0
BEYD9QRG0PUERpz2BEZp9wRGNvgERgL5BEbP+QRGm/oERmj7BEY1/ARGA/0ERs/9BEab/gRG
af8ERjUABUYDAQVG0AEFRpsCBUZoAwVGNQQFRgIFBUbPBQVGmwYFRmgHBUY1CAVGAwkFRs8J
BUabCgVGaAsFRjUMBUYCDQVG0A0FRpsOBUZoDwVGNhAFRgIRBUbQEQVGmxIFRmgTBUY1FAVG
AxUFRtAVBUabFgVGaRcFRjUYBUYDGQVGzxkFRpsaBUZpGwVGNRwFRgIdBUbRHQVGmx4FRmgf
BUY=</AssayXData><AssayYData Points="500">PN27QOPFu0Bfr7tAEAW8QGjUu0B3z7tAica7QNbAu0Cg2rtAb9u7QGi6u0Am5LtACdC7QI7j
u0Ao1rtAKPC7QK/0u0Af/rtA7g28QC3fu0Dj8btAOOm7QKHIu0Cx0btA3+e7QBL8u0DrBLxA
Bvi7QOHlu0Ci9btAIAm8QITTu0CkFrxA1gO8QNfzu0BRGrxAfB28QEn+u0B8DLxA/vW7QO3n
u0BcFrxAli+8QMPdu0BaALxA7wS8QPEDvEA5IrxAKf67QOfpu0A+BbxAzyG8QFUavEAHHLxA
gBC8QDwsvEBjHLxAAzm8QCgNvEA8ELxA4wW8QKI0vEB7DrxAMA68QEcnvEATILxAePm7QOwc
vED9HrxASCm8QIBCvEATLrxAYSa8QBsHvEBlJrxAnha8QL8hvEABGLxAIxm8QMX8u0CFKrxA
3UK8QKpPvECBLbxA/zW8QFgavED+M7xAui28QFwbvECiOrxAxzC8QLRPvECPOrxATAu8QNUc
vEC5GLxABju8QJAjvEBpHbxAkDK8QDUvvECCL7xAzEu8QCNZvECXM7xAATu8QF1NvEA5EbxA
2Eu8QNc+vEDwFbxAoEC8QFxQvEDrTbxAry28QFo3vEBwMbxA7li8QJQsvEAhPrxAFEG8QH5H
vECDNbxAwj+8QChNvEDRW7xAXE+8QFA+vEACPLxAURi8QKs6vECnMLxAX0W8QMxEvEDeYrxA
Jya8QNBRvEDfT7xAc0+8QLpEvEAjLrxA3y28QIhUvEChYbxApE68QPQlvEAWe7xA31e8QF5h
vEBCX7xAt0+8QJk8vEBZLLxAFz28QMoivEDXRrxAnV68QH0+vEASWbxAnT68QFkmvEDuYLxA
EUW8QDg/vECrPrxA/lW8QI5ivECzXLxAsmS8QAtrvEDQabxAc0C8QGtcvEDlULxAHVS8QEpq
vEDJSrxA6kO8QIRcvECBLrxAYnq8QAtJvEC4L7xAxkG8QFZNvEB1UrxABEy8QEp6vEANW7xA
c2q8QMs9vEAvTbxA/1e8QJFHvEAHLLxA5ia8QGJFvEDwZrxAfG28QMZnvECvSbxAhYG8QORy
vEDfXrxAAoW8QGVsvECpUrxAAXG8QKdBvEC8V7xAcH+8QAJfvED0crxA8XK8QPGWvEBzjrxA
PGO8QP5QvEDHT7xAnHC8QFuOvECFULxAA2W8QHpXvECCcLxAa228QOxmvEBodrxApn28QAFh
vECmc7xA5UW8QMxOvEAwm7xAxj28QLBovECBn7xA6ma8QH9SvEAKbLxAjoy8QNo2vEBcZrxA
wHO8QFhhvEDtdbxAil+8QMJRvEDnbrxAEZG8QJVmvECWS7xAPHy8QAVmvEBUcbxAYZq8QDN3
vED6erxAX4e8QER7vEDAgrxAyZe8QFV9vECCjLxA+mW8QDGFvEASZrxAln28QPNivEBBiLxA
S5m8QHKDvEA4WrxAjJS8QNWkvECdd7xAuG+8QONuvEDVerxA1228QFaAvEAxgbxAInS8QPpr
vEAAe7xARIi8QLOCvEBbqLxAuHG8QD5xvECiiLxAlHy8QDtevEAIk7xAVYK8QNNwvEBCq7xA
Npq8QJ+RvEBfm7xA4ZK8QBChvEBFj7xA9I28QLZ6vEB1mrxAVLK8QIGwvECbhLxAo3q8QDC/
vECxjrxA2YC8QO+pvEAfmLxA3Lq8QH9wvEA7dbxAVZq8QFiUvEBHhbxAHr68QNFzvEAmi7xA
epm8QDtmvEDWirxAhJC8QC/AvECwmbxAb5S8QMKevEDatLxAqKC8QGyIvEDOprxACoK8QJGD
vEDSebxA8HK8QHyWvECBobxAe6S8QNV9vEDylbxAW4S8QBybvEBpk7xAN7e8QIuNvEBFwLxA
hJW8QHWrvEBEjLxAOpK8QCGnvEBymLxAh6m8QKGTvECHs7xAQrS8QKqYvEBbqrxAb6G8QNem
vEBzkrxAT6G8QDKPvEAlkbxAs6O8QL+4vECKlrxA+7C8QJ+0vED1ibxAJqG8QFjVvEBwrLxA
fau8QMGvvECgrLxAMtG8QLjLvEB117xAJpG8QFa0vEAZyLxAka68QKXcvEBCsrxAVp68QDO6
vEDwv7xA1sW8QK3FvEA8yrxA3qu8QD2fvEBrwrxA/Ke8QAS7vEB7prxAGce8QHqovECkxbxA
Kt+8QACNvEAFl7xAvNW8QFihvEBgxLxAIbu8QMuyvECRrLxAq5+8QBvhvEAwrLxAysC8QBio
vECXjbxAhb28QFfCvEBArbxAE8K8QG3ZvECWtbxAxLW8QMvTvEB9zLxApNW8QM/cvECxv7xA
udS8QNSkvEA12bxAPca8QEy8vECbibxAfM+8QCapvEDR17xAytW8QLi9vEA6xrxAv968QJDQ
vEAHz7xA5bW8QP+yvED9xLxARci8QFS3vEDz17xALby8QDbEvEAhuLxAor68QPLbvEAN0bxA
B8m8QF68vEBf6bxAQtK8QLXIvEAFybxABcC8QJfCvEC0v7xAyLy8QAbhvEBIzbxA9dW8QB70
vEAlqLxAoda8QAzrvECW87xAqdq8QHK7vEBR6bxADtC8QAHSvED94LxAW+28QBypvEAB2bxA
m6a8QF7wvEAw3LxA6cC8QGXMvEAQ0rxAqqe8QEqyvEB++LxAtde8QNbJvEDm3LxAytW8QLHO
vEA=</AssayYData></Step><Step><CommonData><SampleLocation>2</SampleLocation><SampleID>hsCD3d/e_Acro_CDD-H52W1</SampleID><SampleGroup></SampleGroup><SampleInfo></SampleInfo><SampleRow>K</SampleRow><SamplePlate>1</SamplePlate><WellType>KSAMPLE</WellType><Concentration>-1</Concentration><ConcentrationUnits>µg/ml</ConcentrationUnits><MolarConcentration>6.25</MolarConcentration><MolarConcUnits>nM</MolarConcUnits><MolecularWeight>0</MolecularWeight><Temperature>30</Temperature><StartTime>9692860</StartTime><AssayTime>180</AssayTime></CommonData><FlowRate>1000</FlowRate><StepType>ASSOC</StepType><StepName>Association</StepName><StepStatus>OK</StepStatus><ActualTime>180</ActualTime><CycleTime>0.2</CycleTime><AssayXData Points="900">NSAFRgIhBUbQIQVGmyIFRmgjBUY1JAVGAiUFRtAlBUabJgVGaCcFRjYoBUYCKQVG0CkFRpsq
BUZoKwVGNSwFRgMtBUbPLQVGnC4FRmgvBUY2MAVGAzEFRtAxBUabMgVGaDMFRjY0BUYCNQVG
zzUFRps2BUZoNwVGNTgFRgI5BUbPOQVGnToFRmg7BUY2PAVGAz0FRtA9BUacPgVGaD8FRjVA
BUYCQQVGz0EFRpxCBUZpQwVGNUQFRgRFBUbPRQVGm0YFRmhHBUY1SAVGAkkFRs9JBUacSgVG
aUsFRjVMBUYCTQVGz00FRptOBUZoTwVGNVAFRgJRBUbPUQVGm1IFRmlTBUY2VAVGA1UFRs9V
BUabVgVGaFcFRjZYBUYCWQVGz1kFRpxaBUZoWwVGNVwFRgNdBUbQXQVGnF4FRmhfBUY1YAVG
A2EFRtBhBUabYgVGaWMFRjVkBUYDZQVG0GUFRpxmBUZoZwVGNmgFRgJpBUbPaQVGnGoFRmlr
BUY2bAVGA20FRs9tBUacbgVGaG8FRjVwBUYEcQVGz3EFRptyBUZpcwVGNnQFRgN1BUbQdQVG
m3YFRml3BUY1eAVGA3kFRs95BUabegVGaHsFRjZ8BUYCfQVG0H0FRpt+BUZofwVGNoAFRgKB
BUbPgQVGm4IFRmiDBUY1hAVGA4UFRtCFBUabhgVGaYcFRjaIBUYCiQVG0YkFRpyKBUZpiwVG
NowFRgKNBUbPjQVGnI4FRmiPBUY1kAVGA5EFRs+RBUackgVGaZMFRjaUBUYClQVGz5UFRp2W
BUZolwVGNpgFRgOZBUbPmQVGm5oFRmibBUY1nAVGAp0FRtCdBUabngVGaZ8FRjagBUYDoQVG
z6EFRpuiBUZoowVGNqQFRgOlBUbPpQVGm6YFRminBUY2qAVGA6kFRs+pBUabqgVGaasFRjWs
BUYCrQVGz60FRpuuBUZorwVGNbAFRgOxBUbQsQVGm7IFRmizBUY1tAVGA7UFRs+1BUactgVG
aLcFRja4BUYCuQVGz7kFRpu6BUZouwVGNbwFRgK9BUbPvQVGm74FRmi/BUY1wAVGAsEFRs/B
BUacwgVGaMMFRjXEBUYDxQVGz8UFRpvGBUZoxwVGNsgFRgLJBUbPyQVGnMoFRmnLBUY1zAVG
As0FRtDNBUaczgVGac8FRjbQBUYD0QVGz9EFRpvSBUZp0wVGNdQFRgLVBUbP1QVGm9YFRmjX
BUY12AVGA9kFRs/ZBUab2gVGaNsFRjXcBUYD3QVGz90FRpveBUZo3wVGNuAFRgLhBUbP4QVG
m+IFRmjjBUY15AVGA+UFRs/lBUac5gVGaecFRjboBUYD6QVG0OkFRpvqBUZo6wVGNewFRgLt
BUbP7QVGm+4FRmjvBUY18AVGAvEFRtDxBUac8gVGgPMFRjX0BUYD9QVGz/UFRpv2BUZo9wVG
NfgFRgL5BUbQ+QVGm/oFRmn7BUY1/AVGAv0FRtD9BUab/gVGaP8FRjUABkYDAQZGzwEGRpwC
BkZpAwZGNQQGRgMFBkbQBQZGnAYGRmgHBkY1CAZGAgkGRs8JBkacCgZGaQsGRjYMBkYCDQZG
zw0GRpsOBkZoDwZGNRAGRgIRBkbQEQZGmxIGRmgTBkY2FAZGAhUGRs8VBkabFgZGaRcGRjYY
BkYCGQZGzxkGRpsaBkZpGwZGNRwGRgIdBkbQHQZGmx4GRmgfBkY1IAZGAiEGRtAhBkabIgZG
aSMGRjUkBkYDJQZG0CUGRpsmBkZpJwZGNSgGRgIpBkbPKQZGmyoGRmgrBkY1LAZGAi0GRs8t
BkacLgZGaC8GRjUwBkYCMQZG0DEGRpwyBkZoMwZGNTQGRgI1BkbPNQZGnDYGRmg3BkY1OAZG
AjkGRtA5BkacOgZGaDsGRjU8BkYCPQZG0D0GRps+BkZoPwZGNkAGRgNBBkbPQQZGm0IGRmlD
BkY2RAZGA0UGRs9FBkacRgZGaEcGRjVIBkYDSQZGz0kGRptKBkZoSwZGNUwGRgNNBkbQTQZG
m04GRmlPBkY1UAZGA1EGRs9RBkacUgZGaVMGRjVUBkYDVQZGz1UGRptWBkZoVwZGNVgGRgNZ
BkbPWQZGnFoGRmhbBkY1XAZGA10GRtBdBkabXgZGaF8GRjVgBkYDYQZGz2EGRpxiBkZoYwZG
NWQGRgJlBkbPZQZGm2YGRmhnBkY2aAZGAmkGRtBpBkabagZGaGsGRjZsBkYDbQZGz20GRptu
BkZobwZGNXAGRgNxBkbPcQZGnHIGRmhzBkY2dAZGA3UGRs91BkacdgZGaHcGRjZ4BkYCeQZG
z3kGRpt6BkZoewZGNXwGRgJ9BkbQfQZGm34GRml/BkY1gAZGAoEGRs+BBkabggZGaIMGRjWE
BkYChQZG0IUGRpuGBkZohwZGNYgGRgOJBkbPiQZGm4oGRmmLBkY1jAZGAo0GRs+NBkacjgZG
aI8GRjWQBkYCkQZGz5EGRpySBkZpkwZGNZQGRgOVBkbPlQZGm5YGRmiXBkY2mAZGA5kGRtCZ
BkabmgZGaJsGRjacBkYCnQZGz50GRpueBkZqnwZGNaAGRgKhBkbQoQZGnKIGRmmjBkY1pAZG
A6UGRs+lBkacpgZGaacGRjWoBkYCqQZG0KkGRpuqBkZoqwZGNawGRgKtBkbQrQZGm64GRmiv
BkY1sAZGArEGRs+xBkabsgZGabMGRjW0BkYDtQZGz7UGRpu2BkZotwZGNrgGRgO5BkbPuQZG
m7oGRmi7BkY1vAZGA70GRtC9BkacvgZGab8GRjbABkYCwQZGz8EGRpvCBkZowwZGNsQGRgPF
BkbQxQZGm8YGRmjHBkY1yAZGAskGRs/JBkabygZGaMsGRjbMBkYCzQZGz80GRpzOBkZozwZG
NdAGRgLRBkbP0QZGnNIGRmjTBkY11AZGAtUGRtDVBkac1gZGaNcGRjXYBkYC2QZG0NkGRpva
BkZo2wZGNdwGRgLdBkbP3QZGm94GRmjfBkY24AZGA+EGRtDhBkac4gZGaOMGRkXkBkYC5QZG
z+UGRpvmBkZp5wZGNegGRgPpBkbQ6QZGm+oGRmnrBkY27AZGAu0GRs/tBkab7gZGaO8GRjbw
BkYC8QZG0PEGRpvyBkZp8wZGNvQGRgL1BkbP9QZGm/YGRmj3BkY1+AZGAvkGRtD5Bkab+gZG
afsGRjX8BkYC/QZGz/0GRpv+BkZo/wZGNQAHRgIBB0bQAQdGmwIHRmgDB0Y2BAdGAwUHRs8F
B0abBgdGaAcHRjUIB0YDCQdG0AkHRpsKB0ZpCwdGNQwHRgINB0bPDQdGnA4HRmgPB0Y2EAdG
AhEHRtARB0acEgdGaBMHRjUUB0YCFQdG0BUHRpsWB0ZoFwdGNRgHRgMZB0bQGQdGmxoHRmkb
B0Y1HAdGAx0HRtAdB0acHgdGaB8HRjYgB0YCIQdG0CEHRpsiB0ZoIwdGNSQHRgMlB0bQJQdG
myYHRmgnB0Y1KAdGAikHRs8pB0abKgdGaSsHRjcsB0YCLQdG0C0HRpsuB0ZoLwdGNTAHRgMx
B0bPMQdGmzIHRmgzB0Y2NAdGAzUHRtA1B0abNgdGaDcHRjU4B0YDOQdG0DkHRpw6B0ZpOwdG
NTwHRgI9B0bPPQdGmz4HRmg/B0Y1QAdGA0EHRs9BB0abQgdGaUMHRjZEB0YCRQdGz0UHRptG
B0ZpRwdGNkgHRgJJB0bPSQdGnEoHRmhLB0Y2TAdGAk0HRtBNB0abTgdGaE8HRjVQB0YDUQdG
0FEHRpxSB0ZoUwdGNVQHRgNVB0bPVQdGm1YHRmhXB0Y2WAdGAlkHRs9ZB0acWgdGaFsHRjZc
B0YDXQdGz10HRpteB0ZoXwdGNWAHRgJhB0bPYQdGm2IHRmljB0Y1ZAdGAmUHRtBlB0acZgdG
aGcHRjVoB0YCaQdGz2kHRptqB0ZpawdGNWwHRgNtB0bQbQdGm24HRmhvB0Y2cAdGAnEHRs9x
B0abcgdGaHMHRjV0B0YDdQdG0HUHRpt2B0ZpdwdGNXgHRgJ5B0bReQdGm3oHRmp7B0Y2fAdG
An0HRs99B0abfgdGaX8HRjWAB0YDgQdGz4EHRpyCB0ZpgwdGNoQHRgKFB0bPhQdGm4YHRmmH
B0Y2iAdGAokHRs+JB0acigdGaYsHRjWMB0YDjQdG0I0HRpuOB0ZpjwdGNZAHRgKRB0bQkQdG
nJIHRmiTB0Y2lAdGApUHRtCVB0ablgdGaJcHRjaYB0YDmQdGz5kHRpyaB0ZomwdGNpwHRgKd
B0bPnQdGnJ4HRmifB0Y2oAdGAqEHRs+hB0acogdGaKMHRjakB0YCpQdG0KUHRpumB0ZopwdG
NagHRgKpB0bQqQdGm6oHRmirB0Y1rAdGAq0HRs+tB0abrgdGaK8HRjawB0YDsQdG0LEHRpyy
B0ZpswdGNbQHRgO1B0bQtQdGnLYHRmi3B0Y2uAdGArkHRtC5B0acugdGaLsHRjW8B0YCvQdG
0L0HRpy+B0ZovwdGNcAHRgPBB0bPwQdGnMIHRmnDB0Y1xAdGA8UHRtDFB0abxgdGaMcHRjbI
B0YCyQdGz8kHRpvKB0ZpywdGNswHRgPNB0bQzQdGnM4HRmjPB0Y10AdGA9EHRs/RB0ab0gdG
aNMHRjXUB0YL1QdG0NUHRpvWB0Zp1wdGNdgHRgLZB0bP2QdGm9oHRmnbB0Y13AdGAt0HRtDd
B0ac3gdGaN8HRjXgB0YD4QdGz+EHRpziB0Zp4wdGNeQHRgPlB0bP5QdGnOYHRmjnB0Y26AdG
AukHRs/pB0ab6gdGaOsHRjXsB0YC7QdG0O0HRpvuB0Zo7wdG</AssayXData><AssayYData Points="900">QT28QCWCvEC41bxAn/a8QHThvEDIH71AwhK9QI43vUDmI71ACCG9QIsNvUBvRb1Ab0+9QHlg
vUAsPb1A9UO9QLFOvUBoTr1A3zu9QEg7vUDUV71AeSu9QD5XvUAFMb1Au2W9QJBXvUDla71A
PVe9QAtrvUAoWL1AJk+9QCx5vUBuab1AHDO9QDFcvUCHNr1AuDe9QC9evUCXbb1AEka9QCFl
vUAbd71AR1W9QClvvUCWY71A0HW9QBpavUDLX71A5He9QHJIvUAtYb1A+Xi9QJNxvUCqaL1A
QVO9QGWevUA0hb1A74a9QChLvUA/cL1AY4S9QPJXvUB1d71AHT69QDlavUAqeL1ACV+9QL9w
vUA9Tb1AIlq9QB15vUAESr1AN269QByHvUC4cb1AD4e9QEpFvUD9aL1At3m9QCtrvUAwU71A
RmO9QLZqvUDudL1Acmi9QOx6vUATUL1Ajpe9QNJvvUAwcb1ABG29QCuAvUCfU71AeH+9QGt1
vUCfar1ADlW9QAiKvUDfe71AWHe9QChmvUAudr1AGJ+9QFhlvUB8ir1AnG29QEx8vUCOc71A
dZK9QGKCvUAakr1A/4G9QEhhvUDXjr1APGS9QNZuvUC1gL1A5ZO9QMl/vUBTf71AvZO9QEmH
vUAIgb1A3Ha9QN6avUDXbb1AbI69QDKLvUCXcr1AfGW9QMp3vUBfrb1AR269QFeQvUDkgb1A
c4e9QEZ7vUBqU71AkXG9QOGZvUBqfb1A/G69QEVsvUDsnL1AenS9QM2SvUAih71AXJm9QHKr
vUCXhr1ARai9QLqlvUDbb71AOIy9QNGivUB9pr1A3YS9QC6evUDunL1Abau9QMGDvUA7ab1A
IGe9QPOMvUANgL1Aa6O9QGervUAVer1AqKO9QDqNvUAhg71AHoy9QAuIvUDHdr1A9KW9QB2Y
vUACjr1AJoO9QGSvvUDwlb1As6i9QI+LvUAwgr1AnIm9QAWPvUBrsr1AXYW9QCi8vUDasL1A
JKe9QKqvvUACer1AaJ69QE+qvUCnkr1Ag3q9QAirvUAstr1A6qG9QNeKvUDjm71A1aa9QP+L
vUDZg71AKL+9QMuovUDCmL1A97e9QKqTvUBflb1AyHe9QJSdvUC0rL1AXqy9QLilvUAOmr1A
Cr69QEO5vUCBob1AZaC9QPSwvUAul71AM6C9QA6hvUAZjb1A9o+9QGOWvUDgyb1Adsu9QMm+
vUB+h71AuKu9QF2WvUArr71AsLq9QLe0vUBpp71AlJa9QAmqvUDopr1A8qO9QPesvUBfpL1A
96a9QGm7vUBTw71AHra9QBN+vUDzir1AkK+9QF6pvUChm71AYaK9QNqYvUBLk71APKy9QP/a
vUBdv71AC5i9QGKxvUDmuL1Au7m9QDS4vUDflL1A6qq9QHG4vUBirL1Atdq9QNeHvUDtsL1A
kb69QI2zvUDc8L1A4dW9QE7MvUBsir1AKaK9QKifvUBJk71Asq29QDm2vUDlu71Adqq9QEfE
vUCTtL1AkL69QEuyvUA/171Ax7O9QLq8vUClsr1AlMm9QMKlvUCNqb1A7b+9QCqYvUCtwr1A
iLG9QO26vUA7tb1Awti9QPS4vUDF3b1AvZO9QAXPvUDrw71AZLu9QMKZvUCCrb1AJtG9QIie
vUB3t71AfNK9QMKzvUAr1r1A49C9QCabvUAplr1A7NK9QIHJvUAGh71ABPu9QK21vUAwtr1A
CMu9QLfQvUCR1b1AKNS9QLC8vUCj0r1Altu9QFC9vUDbtr1ARMS9QDmvvUBJwr1AkcG9QBq4
vUCdtb1Ams+9QFLhvUDv071A2L29QEjBvUCDy71AS769QHW6vUCA+71A8dG9QOO/vUAUvb1A
Xu69QGDrvUB73r1ASs+9QEO2vUBsub1AlMu9QFfavUC8ub1Ahea9QGLKvUCx7b1A3Na9QEnj
vUAbx71ABNa9QO/FvUCIqr1A9629QHvgvUAH1b1AWdi9QMHcvUBZz71Ao9i9QM/CvUDe4L1A
g9a9QIW1vUCG571AH8i9QLf/vUCE2L1An8y9QKj8vUC5zr1AiMq9QODgvUB4wb1AnsK9QOfy
vUAI1b1AMaq9QJfXvUDYyL1AGsK9QKvGvUCzxr1AUtO9QGPZvUAy9b1AQ9u9QHPyvUD19r1A
1MW9QBjovUCe/r1Adt69QBrLvUD87L1Azr69QC/avUD2x71A6Nm9QAfVvUCW271Acdy9QKL5
vUAa0L1A+fS9QMzDvUBS8L1AYdO9QOb2vUCP071AC/q9QInTvUAk2r1Aidy9QNbzvUBUw71A
A+G9QHLmvUAn2b1AStG9QBTgvUDC5r1AkMi9QGoKvkBswr1ACc+9QGT2vUDc9L1Apu69QFXo
vUBn3L1AzOm9QPnqvUBB2r1A0vC9QBAIvkBE9r1A+ty9QA76vUBT7r1AhO+9QIvpvUDO7b1A
FtK9QO7IvUANBb5Ak/29QADrvUDuJb5AB+m9QAT9vUC5571AN+u9QGncvUBE3b1AG869QN/t
vUA6971AAN69QP3svUBd471A0ei9QM/vvUBo9b1AbeC9QP0OvkCA/b1AygC+QHkLvkAz071A
3Ry+QO0SvkAM6b1As+G9QCcIvkBs7r1Azuu9QAP8vUBn671AIwC+QOzwvUCmEr5A5+G9QDHr
vUDs871AJd+9QHzmvUBOB75AYfC9QFjovUAQ7L1A1Ry+QDQQvkCB971Agdq9QOMCvkCT/71A
WRC+QGEIvkBE+L1AIfG9QF4OvkCVAL5AlPq9QCD0vUDoJr5Apwa+QED8vUAR9b1AHfC9QPbt
vUBc/71Ave69QGL8vUDf0L1ADSC+QFbsvUB3+b1AA/u9QKn6vUDmBL5ATwS+QH//vUAAE75A
pPW9QPkCvkCQAL5Aiu69QCYPvkCIEb5Anvy9QHEXvkAQ971A8hS+QAQFvkD/9L1ADRi+QN38
vUBbAr5ADvC9QH39vUDgBr5APeu9QAf1vUC/Br5APQK+QDDjvUD6Eb5ADfO9QKIEvkBM/b1A
0wS+QAHgvUAME75AFAe+QMAIvkDCDr5APhO+QGscvkC6A75AVSK+QFANvkAPGr5A7vC9QPwK
vkCxAr5ArPy9QI0SvkB75r1A7RO+QE/0vUCNHL5ApeC9QJYUvkAnAb5AxBi+QCYYvkByEr5A
6xO+QCkVvkAh+b1AwCe+QAoJvkCtC75A6iy+QOv1vUBbB75A9iO+QLUKvkBwG75Aohu+QKf1
vUB7Cb5Ave29QNcPvkAmQL5AhAW+QBgHvkBkCr5ADg2+QNQjvkARC75Ar+u9QNHyvUB8IL5A
hRC+QIUTvkAaG75ALvm9QHnyvUBlC75AfxG+QL0RvkAUJb5A4gO+QKQrvkDZF75A1hO+QLcw
vkAgC75AWTq+QAX/vUCGDb5AAwy+QPYbvkA16L1AMue9QEsUvkCiAL5AFgK+QGA+vkBoRL5A
cCC+QKgQvkAtFb5Abxi+QE8avkC/Jr5AXSG+QE8fvkCbKL5AGAG+QJYPvkBZO75AFSK+QKks
vkD5Fb5ANve9QNP0vUDcOr5ADwO+QI8svkB/H75AcCW+QB9ivkCwG75A5CG+QCTxvUChN75A
LyO+QK8/vkDmJb5AiiC+QAcNvkC1PL5AXxa+QHsivkBqLL5AmTy+QIkRvkBTH75Amx2+QN8T
vkDnQb5AAh6+QGURvkCrH75AOUG+QO05vkBTFr5AVVS+QAAOvkDmRL5Afi++QNQcvkDMFb5A
tiO+QDIHvkAUBL5A/za+QHJFvkDXJ75AWTK+QH8dvkBQML5AjSe+QHwTvkC7Hr5AUDC+QHpB
vkApMb5A5xe+QIYqvkBjRr5A9C++QGkRvkBgRL5ANB++QFxNvkAiJ75ADg6+QCccvkAIS75A
zT++QJUnvkAuW75ArCm+QNtDvkAxTb5A/i++QD02vkAWML5AEkO+QGwUvkChGr5AJkC+QJM2
vkA3Q75AMDq+QJY3vkAxEL5A1ia+QIY1vkDkQL5AnTW+QBAMvkAJQL5AqDm+QIQgvkAdOr5A
SCS+QOccvkDBNL5ALCO+QNcnvkDsPb5Afia+QANOvkCyO75Afii+QLJKvkCSU75AXRW+QEgr
vkD1Kr5ACDS+QAg+vkC9Lb5AoRi+QHAqvkCyUb5AXEC+QNsOvkDhUL5Atzi+QO0IvkD5Mr5A
Uj2+QMFFvkD1Ob5Au02+QDgWvkB3Ir5A/ia+QDg5vkBrQL5ATC6+QFxQvkA4M75AWka+QH1D
vkB7V75AQS++QFFLvkDVMr5ALxy+QFZevkDTVb5ASV2+QMRNvkBzUr5AUzK+QH8+vkD7JL5A
7Vq+QCguvkBcUb5AqE2+QAJHvkCfW75Au0q+QGMovkChVb5AvU2+QLg5vkB2K75A00q+QCcl
vkD1Kr5AsUm+QKoovkA6Rr5AD0a+QCA8vkAlRL5AMW2+QIlivkB7SL5A1Va+QFpgvkDkWL5A
qzK+QOxUvkCEQb5ApjW+QINhvkBcQL5AtEi+QH1KvkABPb5ANGK+QLhKvkC5M75Ay1m+QCcx
vkDFSL5AJ0C+QOBQvkBmVb5A8kS+QPBZvkCKYb5ArFu+QNhNvkCIJL5AE1C+QN16vkDRPL5A
mFi+QAlOvkCRRr5Aq0y+QANnvkB4cb5ALkS+QAROvkBlUb5A6lm+QJdWvkD/gb5A8Di+QGFd
vkBFLL5AWHG+QDNAvkDkQL5ADDu+QMBcvkAOgr5AVFG+QABQvkBcer5AyVK+QDhuvkA2UL5A
TG2+QIdBvkD6X75AuVK+QBBVvkBNa75AgV++QDRavkAISb5A</AssayYData></Step><Step><CommonData><SampleLocation>1</SampleLocation><SampleID>Octet Buffer</SampleID><SampleGroup></SampleGroup><SampleInfo></SampleInfo><SampleRow>K</SampleRow><SamplePlate>1</SamplePlate><WellType>BUFFER</WellType><Concentration>-1</Concentration><ConcentrationUnits>µg/ml</ConcentrationUnits><MolarConcentration>-1</MolarConcentration><MolarConcUnits>nM</MolarConcUnits><MolecularWeight>0</MolecularWeight><Temperature>30</Temperature><StartTime>9881248</StartTime><AssayTime>300</AssayTime></CommonData><FlowRate>1000</FlowRate><StepType>DISASSOC</StepType><StepName>Dissociation</StepName><StepStatus>OK</StepStatus><ActualTime>300.001</ActualTime><CycleTime>0.2</CycleTime><AssayXData Points="1500">NfAHRgLxB0bQ8QdGnPIHRmnzB0Y19AdGA/UHRs/1B0ab9gdGaPcHRjX4B0YC+QdGz/kHRpv6
B0Zo+wdGNfwHRgL9B0bP/QdGnP4HRmj/B0Y2AAhGAwEIRs8BCEabAghGaQMIRjUECEYDBQhG
zwUIRpsGCEZoBwhGNQgIRgIJCEbQCQhGmwoIRmkLCEY1DAhGAw0IRs8NCEabDghGaQ8IRjUQ
CEYCEQhGzxEIRpsSCEZpEwhGNRQIRgMVCEbPFQhGmxYIRmgXCEY2GAhGAxkIRs8ZCEabGghG
aBsIRjYcCEYDHQhGzx0IRpweCEZpHwhGNiAIRgIhCEbPIQhGnCIIRmkjCEY1JAhGAyUIRs8l
CEacJghGaScIRjUoCEYCKQhGzykIRpsqCEZoKwhGNSwIRgItCEbPLQhGmy4IRmgvCEY1MAhG
AzEIRtAxCEabMghGaDMIRjY0CEYCNQhGzzUIRps2CEZpNwhGNTgIRgI5CEbQOQhGmzoIRmg7
CEY1PAhGAj0IRs89CEabPghGaT8IRjVACEYCQQhGz0EIRptCCEZoQwhGNkQIRgNFCEbPRQhG
nEYIRmlHCEY1SAhGA0kIRs9JCEabSghGaUsIRjVMCEYDTQhGz00IRpxOCEZpTwhGNVAIRgJR
CEbPUQhGnFIIRmlTCEY1VAhGA1UIRtBVCEabVghGalcIRjVYCEYDWQhG0FkIRpxaCEZpWwhG
NlwIRgJdCEbQXQhGm14IRmhfCEY1YAhGAmEIRs9hCEabYghGaGMIRjVkCEYCZQhGz2UIRptm
CEZoZwhGNWgIRgJpCEbPaQhGm2oIRmhrCEY2bAhGAm0IRs9tCEabbghGaG8IRjZwCEYDcQhG
0HEIRptyCEZocwhGNXQIRgJ1CEbQdQhGnHYIRmh3CEY1eAhGA3kIRs95CEabeghGaXsIRjV8
CEYCfQhGz30IRpx+CEZpfwhGNYAIRgKBCEbPgQhGm4IIRmmDCEY2hAhGA4UIRtGFCEachghG
aYcIRjaICEYDiQhGz4kIRpyKCEZpiwhGNYwIRgKNCEbPjQhGm44IRmiPCEY2kAhGA5EIRs+R
CEabkghGaJMIRjaUCEYClQhG0JUIRpyWCEZplwhGNZgIRgKZCEbQmQhGm5oIRmmbCEY1nAhG
A50IRs+dCEacnghGaJ8IRjWgCEYDoQhG0KEIRpuiCEZoowhGNaQIRgKlCEbQpQhGm6YIRmin
CEY2qAhGAqkIRs+pCEabqghGaKsIRjWsCEYCrQhGz60IRpuuCEZorwhGNbAIRgKxCEbPsQhG
nLIIRmizCEY1tAhGA7UIRtC1CEabtghGaLcIRjW4CEYCuQhGz7kIRpu6CEZpuwhGNrwIRgK9
CEbPvQhGm74IRmm/CEY1wAhGAsEIRs/BCEabwghGacMIRjXECEYDxQhGz8UIRpvGCEZoxwhG
NcgIRgPJCEbPyQhGm8oIRmjLCEY1zAhGAs0IRs/NCEaczghGaM8IRjXQCEYC0QhG0NEIRpzS
CEZp0whGNtQIRgLVCEbQ1QhGm9YIRmjXCEY12AhGAtkIRs/ZCEac2ghGadsIRjXcCEYD3QhG
0N0IRpveCEZo3whGNeAIRgLhCEbP4QhGnOIIRmnjCEY15AhGA+UIRs/lCEab5ghGaOcIRjXo
CEYC6QhGz+kIRpvqCEZp6whGNuwIRgLtCEbQ7QhGnO4IRmjvCEY18AhGAvEIRtDxCEac8ghG
afMIRjX0CEYD9QhG0PUIRpv2CEZp9whGNvgIRgP5CEbP+QhGnPoIRmj7CEY1/AhGA/0IRs/9
CEac/ghGaP8IRjcACUYCAQlG0AEJRpsCCUZoAwlGNgQJRgIFCUbPBQlGnAYJRmkHCUY1CAlG
AgkJRtAJCUacCglGaQsJRjUMCUYCDQlGzw0JRpsOCUZoDwlGNhAJRgIRCUbQEQlGmxIJRmkT
CUY2FAlGAhUJRtAVCUacFglGaBcJRjUYCUYDGQlG0BkJRpsaCUZoGwlGNRwJRgIdCUbQHQlG
mx4JRmgfCUY1IAlGAiEJRs8hCUacIglGaCMJRjUkCUYCJQlG0CUJRpwmCUZoJwlGNSgJRgMp
CUbQKQlGnCoJRmkrCUY1LAlGAi0JRtAtCUacLglGaC8JRjUwCUYDMQlGzzEJRpwyCUZpMwlG
NTQJRgM1CUbQNQlGmzYJRmg3CUY1OAlGAjkJRtA5CUabOglGaTsJRjU8CUYDPQlG0D0JRps+
CUZoPwlGNkAJRgNBCUbPQQlGm0IJRmhDCUY2RAlGAkUJRtBFCUacRglGaEcJRjZICUYCSQlG
0EkJRpxKCUZoSwlGNUwJRgNNCUbPTQlGm04JRmhPCUY2UAlGA1EJRtBRCUabUglGaFMJRjZU
CUYCVQlG0FUJRpxWCUZoVwlGNlgJRgJZCUbQWQlGnFoJRmhbCUY1XAlGAl0JRs9dCUabXglG
aF8JRjVgCUYCYQlG0GEJRptiCUZoYwlGNmQJRgNlCUbQZQlGnGYJRmhnCUY1aAlGA2kJRs9p
CUabaglGaWsJRjVsCUYCbQlGz20JRptuCUZobwlGNXAJRgJxCUbPcQlGnHIJRmhzCUY1dAlG
AnUJRs91CUabdglGaHcJRjV4CUYCeQlG0HkJRpt6CUZoewlGNXwJRgJ9CUbPfQlGm34JRml/
CUY2gAlGA4EJRtCBCUacgglGaYMJRjWECUYChQlGz4UJRpuGCUZphwlGNYgJRgOJCUbQiQlG
nIoJRmiLCUY1jAlGA40JRs+NCUacjglGaI8JRjaQCUYCkQlGz5EJRpySCUZokwlGNZQJRgOV
CUbPlQlGm5YJRmmXCUY1mAlGA5kJRs+ZCUacmglGaZsJRjWcCUYCnQlG0J0JRpueCUZonwlG
NaAJRgOhCUbPoQlGm6IJRmmjCUY2pAlGAqUJRtClCUabpglGaacJRjWoCUYDqQlGz6kJRpyq
CUZoqwlGNqwJRgKtCUbQrQlGm64JRmivCUY1sAlGArEJRs+xCUabsglGabMJRjW0CUYCtQlG
z7UJRpu2CUZotwlGNrgJRgK5CUbQuQlGm7oJRmi7CUY1vAlGAr0JRs+9CUacvglGab8JRjbA
CUYCwQlG0MEJRpvCCUZowwlGNcQJRgPFCUbQxQlGm8YJRmjHCUY2yAlGAskJRs/JCUacyglG
aMsJRjXMCUYCzQlGz80JRpvOCUZozwlGNdAJRgLRCUbP0QlGnNIJRmjTCUY11AlGA9UJRtDV
CUab1glGadcJRjbYCUYC2QlG0NkJRpvaCUZo2wlGNtwJRgPdCUbQ3QlGm94JRmjfCUY14AlG
AuEJRtDhCUab4glGaOMJRjXkCUYC5QlG0OUJRpvmCUZo5wlGNegJRgPpCUbP6QlGnOoJRmnr
CUY27AlGAu0JRs/tCUac7glGae8JRjbwCUYC8QlG0PEJRpvyCUZo8wlGNvQJRgP1CUbQ9QlG
m/YJRmj3CUY1+AlGAvkJRs/5CUac+glGaPsJRjX8CUYC/QlGz/0JRpv+CUZo/wlGNgAKRgMB
CkbPAQpGmwIKRmkDCkY1BApGAgUKRs8FCkabBgpGaAcKRjYICkYDCQpGzwkKRpsKCkZoCwpG
NgwKRgINCkbPDQpGmw4KRmgPCkY2EApGAhEKRs8RCkabEgpGaBMKRjUUCkYCFQpG0BUKRpsW
CkZpFwpGNhgKRgIZCkbQGQpGnBoKRmobCkY1HApGAh0KRs8dCkabHgpGaB8KRjUgCkYCIQpG
0CEKRpwiCkZoIwpGNSQKRgIlCkbPJQpGnCYKRmgnCkY2KApGAikKRs8pCkabKgpGaCsKRjUs
CkYDLQpG0C0KRpsuCkZoLwpGNjAKRgMxCkbPMQpGnDIKRmgzCkY2NApGAzUKRs81CkacNgpG
aDcKRjU4CkYCOQpGzzkKRps6CkZoOwpGNjwKRgM9CkbPPQpGmz4KRmg/CkY1QApGAkEKRs9B
CkacQgpGaEMKRjVECkYCRQpGz0UKRptGCkZoRwpGNkgKRgNJCkbPSQpGm0oKRmhLCkY2TApG
A00KRtBNCkabTgpGaE8KRjVQCkYCUQpG0FEKRpxSCkZoUwpGNlQKRgJVCkbPVQpGnFYKRmhX
CkY2WApGA1kKRtBZCkabWgpGaFsKRjZcCkYDXQpGz10KRpteCkZoXwpGNWAKRgJhCkbPYQpG
m2IKRmhjCkY2ZApGAmUKRtBlCkabZgpGaWcKRjdoCkYCaQpG0GkKRptqCkZoawpGNWwKRgNt
CkbPbQpGm24KRmhvCkY1cApGA3EKRs9xCkabcgpGaHMKRjV0CkYCdQpGz3UKRpt2CkZodwpG
NngKRgJ5CkbPeQpGnHoKRml7CkY2fApGAn0KRs99CkacfgpGaH8KRjaACkYCgQpG0IEKRpuC
CkZpgwpGNYQKRgKFCkbPhQpGm4YKRmiHCkY1iApGAokKRs+JCkacigpGaIsKRjWMCkYDjQpG
0I0KRp2OCkZojwpGNpAKRgKRCkbQkQpGm5IKRmiTCkY2lApGApUKRs+VCkablgpGaJcKRjaY
CkYDmQpG0JkKRpyaCkZomwpGNZwKRgKdCkbPnQpGm54KRmifCkY2oApGAqEKRtChCkacogpG
aaMKRjakCkYDpQpG0KUKRpumCkZppwpGNqgKRgOpCkbPqQpGnKoKRmirCkY1rApGA60KRtCt
CkacrgpGaa8KRjWwCkYCsQpG0LEKRpuyCkZpswpGNrQKRgO1CkbPtQpGnLYKRmi3CkY1uApG
A7kKRs+5CkacugpGabsKRjW8CkYCvQpG0L0KRpu+CkZovwpGNcAKRgLBCkbPwQpGm8IKRmjD
CkY1xApGAsUKRs/FCkacxgpGaMcKRjbICkYDyQpG0MkKRpvKCkZoywpGNswKRgLNCkbPzQpG
m84KRmjPCkY20ApGAtEKRtDRCkab0gpGadMKRjbUCkYD1QpGz9UKRpzWCkZo1wpGNdgKRgLZ
CkbP2QpGm9oKRmjbCkY13ApGAt0KRs/dCkac3gpGaN8KRjbgCkYD4QpG0OEKRpziCkZo4wpG
NuQKRgLlCkbQ5QpGm+YKRmjnCkY26ApGAukKRs/pCkab6gpGaOsKRjbsCkYC7QpGz+0KRpvu
CkZp7wpGNvAKRgPxCkbP8QpGm/IKRmjzCkY29ApGAvUKRs/1Ckab9gpGaPcKRjb4CkYC+QpG
z/kKRpv6CkZp+wpGNvwKRgP9CkbP/QpGm/4KRmj/CkY2AAtGAwELRtABC0abAgtGaAMLRjUE
C0YDBQtGzwULRpsGC0ZpBwtGNggLRgMJC0bQCQtGnAoLRmkLC0Y2DAtGAw0LRtANC0abDgtG
aA8LRjYQC0YCEQtG0BELRpsSC0ZoEwtGNhQLRgIVC0bQFQtGmxYLRmgXC0Y1GAtGAxkLRs8Z
C0abGgtGaRsLRjUcC0YCHQtG0B0LRpseC0ZoHwtGNSALRgIhC0bPIQtGmyILRmgjC0Y2JAtG
AyULRs8lC0abJgtGaScLRjUoC0YCKQtGzykLRpsqC0ZoKwtGNiwLRgItC0bPLQtGnC4LRmkv
C0Y2MAtGAjELRs8xC0abMgtGaDMLRjU0C0YCNQtG0DULRpw2C0ZoNwtGNTgLRgI5C0bPOQtG
mzoLRmk7C0Y1PAtGAj0LRs89C0abPgtGaD8LRjVAC0YDQQtGz0ELRpxCC0ZpQwtGNkQLRgNF
C0bQRQtGnEYLRmhHC0Y1SAtGA0kLRs9JC0acSgtGaEsLRjVMC0YCTQtG0E0LRptOC0ZoTwtG
NVALRgNRC0bPUQtGm1ILRmhTC0Y1VAtGA1ULRs9VC0acVgtGaFcLRjVYC0YCWQtGz1kLRpta
C0ZpWwtGNVwLRgJdC0bQXQtGnF4LRmhfC0Y2YAtGA2ELRs9hC0abYgtGaWMLRjVkC0YDZQtG
z2ULRpxmC0ZpZwtGNWgLRgJpC0bQaQtGm2oLRmhrC0Y2bAtGAm0LRs9tC0abbgtGaG8LRjVw
C0YDcQtG0HELRptyC0ZpcwtGNXQLRgJ1C0bQdQtGnHYLRmh3C0Y2eAtGAnkLRs95C0abegtG
aHsLRjV8C0YCfQtGz30LRpt+C0ZpfwtGPYALRgKBC0bPgQtGnIILRmiDC0Y2hAtGAoULRs+F
C0abhgtGaIcLRjWIC0YDiQtG0IkLRpuKC0ZpiwtGNowLRgKNC0bPjQtGm44LRmiPC0Y2kAtG
ApELRs+RC0abkgtGaJMLRjaUC0YClQtGz5ULRpuWC0ZplwtGNpgLRgKZC0bPmQtGm5oLRmib
C0Y2nAtGA50LRs+dC0abngtGaZ8LRjWgC0YCoQtGz6ELRpyiC0ZoowtGNqQLRgOlC0bPpQtG
naYLRminC0Y2qAtGAqkLRs+pC0acqgtGaKsLRjWsC0YCrQtG0K0LRpuuC0ZorwtGNrALRgOx
C0bPsQtGm7ILRmizC0Y1tAtGArULRtC1C0abtgtGabcLRjW4C0YDuQtGz7kLRpu6C0ZpuwtG
NrwLRgK9C0bQvQtGm74LRmi/C0Y2wAtGAsELRs/BC0abwgtGaMMLRjXEC0YDxQtGz8ULRpvG
C0ZoxwtGNcgLRgLJC0bQyQtGm8oLRmjLC0Y2zAtGAs0LRs/NC0abzgtGaM8LRjbQC0YC0QtG
0NELRpvSC0Zp0wtGNdQLRgLVC0bP1QtGnNYLRmjXC0Y32AtGAtkLRs/ZC0ab2gtGadsLRjXc
C0YC3QtGz90LRpveC0Zo3wtGNuALRgLhC0bP4QtGm+ILRmnjC0Y25AtGAuULRs/lC0ab5gtG
aecLRjXoC0YD6QtG0OkLRpvqC0Zp6wtGNuwLRgLtC0bP7QtGm+4LRmnvC0Y18AtGAvELRtDx
C0ab8gtGafMLRjb0C0YD9QtGz/ULRpv2C0Zo9wtGNvgLRgL5C0bP+QtGnPoLRmn7C0Y2/AtG
Av0LRs/9C0ab/gtGaP8LRjYADEYCAQxGzwEMRpsCDEZpAwxGNQQMRgIFDEbQBQxGnAYMRmkH
DEY2CAxGAgkMRtAJDEacCgxGaQsMRjUMDEYCDQxGzw0MRpsODEZoDwxGNRAMRgMRDEbPEQxG
mxIMRmgTDEY1FAxGAhUMRtAVDEabFgxGaRcMRjUYDEYCGQxG0BkMRpwaDEZpGwxGNRwMRgId
DEbPHQxGnB4MRmkfDEY1IAxGAyEMRs8hDEabIgxGaCMMRjUkDEYDJQxGzyUMRpwmDEZoJwxG
NSgMRgIpDEbPKQxGmyoMRmkrDEY2LAxGAi0MRtAtDEabLgxGaS8MRjYwDEYCMQxGzzEMRpwy
DEZpMwxGNTQMRgI1DEbPNQxGmzYMRmg3DEY2OAxGAjkMRs85DEabOgxGaDsMRjU8DEYCPQxG
zz0MRpw+DEZoPwxGNUAMRgNBDEbQQQxGm0IMRmpDDEY1RAxGAkUMRs9FDEabRgxGaEcMRjZI
DEYCSQxG0EkMRptKDEZoSwxGNUwMRgNNDEbPTQxGm04MRmlPDEY1UAxGAlEMRs9RDEacUgxG
aVMMRjVUDEYDVQxGz1UMRptWDEZoVwxGNVgMRgJZDEbPWQxGm1oMRmhbDEY1XAxGA10MRtBd
DEabXgxGaV8MRjVgDEYDYQxGz2EMRptiDEZoYwxGNmQMRgJlDEbPZQxGm2YMRmhnDEY2aAxG
AmkMRs9pDEacagxGaGsMRjVsDEYDbQxGz20MRpxuDEZobwxGNnAMRgNxDEbPcQxGm3IMRmhz
DEY1dAxGA3UMRs91DEabdgxGaHcMRjZ4DEYCeQxG0HkMRpx6DEZoewxGNXwMRgJ9DEbPfQxG
m34MRmh/DEY1gAxGAoEMRtCBDEabggxGaIMMRjaEDEYChQxGz4UMRpyGDEZohwxGNogMRgKJ
DEbPiQxGnIoMRmiLDEY1jAxGAo0MRs+NDEacjgxGaI8MRjaQDEYCkQxGz5EMRpySDEZpkwxG
NpQMRgKVDEbPlQxGm5YMRmiXDEY2mAxGA5kMRs+ZDEacmgxGapsMRjWcDEYCnQxGz50MRpue
DEZpnwxG</AssayXData><AssayYData Points="1500">94q9QGV5vUCghr1AsJC9QBu0vUAWdL1Ajam9QPV6vUD1d71ADHm9QCKevUBogr1A5JW9QMyz
vUD7mr1At6m9QBafvUAdqr1Ahni9QFfRvUAxl71AeaO9QLvSvUBvvr1AjL29QKqevUBQub1A
TKK9QB+gvUD01L1A7a29QEqYvUD90b1A7LC9QNvKvUCHr71AcMa9QPmwvUB+tL1ADMe9QAvT
vUAhxL1ATZy9QO3NvUAewb1AN669QOnPvUDYz71AeOa9QHC5vUDcwb1A/ee9QIrUvUBlw71A
qcu9QLjjvUDPr71AycK9QNPZvUBtx71AH9q9QNjnvUBTrr1AfMS9QMTdvUD6y71AYt+9QATc
vUA16r1Avca9QJbovUAQ2L1AFsO9QLnEvUDQ171AkcK9QE3/vUCDzL1Axt+9QG7xvUDqz71A
CdK9QBLcvUCaAr5Aqd+9QCvTvUDGyr1AHsW9QKjcvUBs4L1Axt+9QJXCvUDU971AjeS9QLi9
vUCg871A0/u9QGnMvUCg9L1AeN+9QNSpvUBkBb5Abeq9QOvivUBq1r1AAOy9QJPuvUAD6r1A
n/O9QM38vUDizr1ALr29QF/0vUAt4r1AAuC9QI0MvkAwD75Akta9QIrMvUDC7r1Ag+e9QNH7
vUBn3L1AXNm9QK7JvUCe7r1Ah+W9QFTovUAb871AFu69QCLPvUCi271ACPS9QKvJvUA29L1A
NO29QJHvvUCD8b1Aru29QJvPvUCW471Arf+9QKLVvUAG+b1AngS+QCrqvUCOBb5AdQ6+QDr4
vUAh971AvAK+QOjQvUCsCb5Aow2+QOTavUBQAb5AgRK+QFjavUCP9r1ApeK9QKv7vUDf+L1A
TfG9QET8vUCax71AGve9QO7lvUCk8L1AGd+9QPUfvkC8/71A/++9QDknvkD7Ab5A9um9QMcE
vkA+CL5Aota9QIj2vUCq7r1AG/i9QCnpvUCr/r1AL/29QAgIvkDmB75A+Am+QFnWvUD7Fr5A
awa+QLYAvkB1871AZRC+QJMLvkAI671A1Rq+QHz2vUCT0b1AxAC+QCXdvUApBb5AMvK9QAUF
vkAP3b1AJv29QG3cvUCT4b1A0AW+QM7tvUAw+r1Alhe+QJz8vUAdDb5AVxO+QMv7vUDfB75A
7SG+QHUdvkCjFb5AiQy+QJsMvkDGC75AlQm+QB3fvUChE75A5BG+QEEhvkBvFL5ACRS+QAQU
vkD4HL5AagK+QDzlvUAEEr5AFwW+QDTnvUAFGL5AUAK+QDr8vUDrEL5Ae+u9QIThvUBIGr5A
QRW+QEvbvUDaKL5AZTa+QB0FvkAZBb5AYA6+QPYPvkCEAr5A5yu+QIoYvkA2C75Abjy+QJL9
vUDL5b1AsRi+QDMrvkAo/71ALjO+QGU1vkB/F75AdDi+QBMqvkA8Mr5AWw6+QPYcvkAMLL5A
ghW+QC0FvkCWF75AcC++QBwbvkAXGr5AMgu+QNgOvkAnJr5AvxW+QEVFvkBR9b1AMSS+QPwY
vkCdEr5Aifu9QJkhvkARRr5APzO+QCENvkDXJ75A7Bm+QPAmvkC3Ur5APyG+QDAmvkCqTL5A
2CO+QFb4vUDDLb5A4TC+QKQjvkDRO75AUDW+QJlEvkCo+r1AriW+QG8hvkADLr5AoRu+QBkh
vkAlEr5AqCK+QFUNvkDjGL5AHxi+QJf7vUCmAr5AoRa+QPFCvkCeR75ASfm9QIgovkDsIb5A
zCe+QEsQvkBxPr5AUBG+QFE3vkA5N75Axiy+QK8mvkAvNL5AlCG+QBIavkDwA75ABQm+QCUM
vkDEFb5AGDu+QMUKvkD0Jr5AdBu+QDcqvkCrKr5AKyC+QHAwvkB9Hb5AXhe+QABEvkCeSr5A
Hza+QBU/vkAARL5AryK+QL5hvkCkQb5AyTu+QGQVvkDnJ75AwFS+QBQbvkBONL5Aq0C+QCQ9
vkCQAb5AjzG+QKQuvkA7HL5AUDq+QHgyvkBpTL5AOiq+QAZBvkDjRr5A+y++QAsbvkAbQr5A
pTq+QJ0hvkAhQb5AfjC+QJM0vkAWQb5AvB6+QIInvkDIQr5AmzS+QGkfvkAaE75Ab0a+QO1l
vkC1Sr5Axzi+QN84vkDOOr5AOju+QGoxvkBjIL5ApUi+QHs/vkB5PL5ALzm+QBxAvkBmRL5A
UGS+QIcuvkAnHb5Ar0C+QOsxvkArYb5Aki6+QHBQvkAZP75AnEi+QKtqvkCcNb5AY0y+QNdP
vkBXK75A00m+QHo0vkAYQ75ALSu+QFxfvkAAR75AFDq+QG1CvkA3U75A1Dy+QCkqvkCQOb5A
9By+QBsUvkBrdr5A21O+QKhFvkCrRL5Azj++QJxEvkCQYL5A1BG+QHBGvkAJT75AeFq+QLgv
vkDkbr5A006+QHEdvkBBQ75Ab0W+QGtRvkDFSr5AK0e+QLlKvkCnV75ABFa+QGkvvkDHFr5A
3GO+QPoxvkC8Mr5AgkC+QNJvvkC8Tb5ATWe+QJxdvkBRX75AQCi+QG4zvkALNL5ALki+QINC
vkCZNr5AUy2+QGxIvkAXPb5A2Dm+QN1jvkCjZL5AWlS+QAx6vkAve75Ap0i+QMaEvkA1VL5A
RR++QCxWvkCQYL5A1TW+QDxjvkDjYr5Afle+QHNEvkCvWL5AiCy+QGhOvkAiNL5A4XS+QPt7
vkDdbb5A3V++QBI4vkATNb5AN0y+QGI5vkBrUb5AU0q+QLQ+vkC/UL5AGla+QFVZvkCFU75A
7HK+QFdhvkBXV75AxmO+QMVUvkC7RL5AQUK+QOVVvkDfYr5Ag1u+QJ9HvkDwZL5AMU6+QJls
vkCPNL5A5F6+QB1JvkA1kb5AqFe+QNJnvkADQr5AV3u+QO5dvkC8Vb5A0mC+QARZvkCefb5A
B06+QFBMvkBvTL5AW0W+QBpWvkAuW75AJXO+QMtFvkCvWL5APWC+QB49vkCJl75AtFu+QOJC
vkCTXr5ADmS+QI9svkC2dr5AGn6+QPJxvkDQOb5A2Wq+QFVTvkDCe75A2YC+QCCRvkC1Tb5A
B0O+QNCEvkBYZL5Aa1++QLN9vkBNcb5ANFm+QM5ivkAlUL5AsV++QP9wvkB2Xb5AYUe+QBd4
vkAHcL5ADmy+QGQ7vkAwYL5AcUi+QKx6vkDVUr5A/3q+QMeHvkCFe75AP2m+QCxXvkB3gb5A
K1i+QJWEvkC2br5ALFe+QIFzvkBeXL5Au5y+QNttvkCRer5Ab4W+QCt1vkA3Zr5Aylm+QGlg
vkD+ar5A222+QGV6vkCHb75Ah5i+QOFsvkD0Vb5AQm++QF5PvkB7eL5ATme+QGtqvkD5ZL5A
Im2+QOpqvkCESb5Anne+QNx6vkBfab5Ao3m+QP2UvkBThL5A4HK+QCFrvkDeZb5AUYm+QEd4
vkCBjr5AdYq+QLqOvkD2Yr5ACm6+QIeFvkACar5ASIS+QHOUvkAihr5A15i+QGZ6vkCRgr5A
0oS+QABjvkD+p75A73i+QIxQvkBhcr5AvW2+QJmEvkDeYb5ApWC+QGxfvkByf75AJ4m+QC2D
vkAaer5AeHK+QCFkvkDlp75Az02+QH1+vkBsc75Aj4O+QL+SvkCscL5A/oS+QEOGvkA+cb5A
JH++QEh/vkCHd75ALoa+QJt/vkA5RL5A5Uy+QHKGvkBUk75ALIi+QAJwvkDHkr5Am3m+QI58
vkDDpL5A3ni+QHuWvkAupL5Aw4K+QLyIvkBslb5Ac3e+QByBvkBwf75A2l6+QIWHvkDjn75A
S3O+QEuIvkBbab5Aw4O+QBWSvkAnib5AlYe+QJ+CvkDSf75AbHC+QMSKvkAzgb5Aym2+QPp/
vkBApr5AH5O+QNVzvkAvnL5AUoq+QGxtvkAWmL5A89K+QPeQvkCvk75AQou+QF6wvkAfhL5A
/6S+QFOZvkD0dr5Afpy+QByBvkD3kL5AhYi+QNWSvkDGlr5A35a+QM+evkCrbb5AwoS+QNmS
vkAolr5A36K+QMt8vkBkm75AuKO+QE2rvkD4nL5A2pa+QKSYvkD8oL5AM3i+QEiQvkCSdL5A
FoG+QEOJvkBVmr5Aj32+QIyYvkBKdb5AoYG+QOeXvkDZh75ABa2+QOq+vkBwoL5AQ6a+QMV2
vkCKoL5AWpu+QBCXvkCii75Ap5K+QBSivkDHpb5AabC+QHijvkA8kb5ADrS+QCKUvkBvir5A
X7u+QPaIvkBDr75A57q+QDvJvkAZib5ANZG+QOa7vkDBf75A8rq+QM2mvkCSsb5Akom+QMh9
vkBuub5AsIy+QFucvkDI0r5AjLO+QPaDvkCAvL5ALbK+QLOtvkDZq75ALZe+QEWPvkCzwL5A
v52+QF2avkCBuL5Ae42+QCasvkCJtr5ATaC+QHKavkBMrr5A1LS+QEmEvkCgl75A0LO+QKmi
vkCdkL5A3Zu+QOm1vkBsm75AVqK+QL7HvkCVoL5ADtK+QB/NvkCHnL5Ab5u+QB6WvkBOub5A
hKi+QHynvkAqiL5APqG+QAHNvkDM1b5AgKy+QHmFvkCet75AMoS+QO6pvkBPl75AuKK+QDmi
vkB3nr5AztO+QKK5vkDdtL5Al6y+QF+kvkC4l75A346+QCCtvkAdh75ABba+QLOVvkCUu75A
JNK+QD6gvkBdoL5Ars2+QLTAvkBCwL5ARrK+QJKwvkAOsb5Adee+QDC5vkBXqL5A1ry+QN+m
vkAFo75Aw5e+QBORvkBUq75At7u+QI2SvkDDtL5ABcS+QP6VvkApu75AYZa+QOu8vkBMxL5A
14m+QKKfvkDFtb5A2b++QNO0vkD1ob5Azsi+QBW0vkBbr75AZre+QPHEvkCsoL5AVMK+QDTc
vkBDpr5AM9S+QIfTvkAjw75Ao8e+QISYvkCF2r5AB8u+QIXPvkCfur5AfLa+QEOivkACqb5A
4JC+QFSXvkBkrL5AiLG+QD+0vkA6nb5ALsi+QOmovkCqv75AwJi+QJ/EvkCmpL5AKcK+QDy3
vkCVqb5ACre+QDTFvkDEkL5A27K+QADZvkD8s75AKLu+QN3evkDMrL5AcM++QODFvkCAp75A
5dW+QCrXvkCowL5A4KC+QObHvkAAzr5AIs2+QHy/vkCG2b5AU8a+QAu7vkAk175AGeC+QB7U
vkBc2r5Av56+QKfIvkBZt75AJqa+QHTPvkC4775A3bi+QOjZvkDR1r5AHda+QFzPvkCSwr5A
HMO+QNnQvkCAwr5ADL6+QJ2yvkBYxb5AHOe+QBTSvkCoxb5ABc++QPnkvkCj3L5A7dG+QMSo
vkCJrL5A0em+QD/JvkD00r5AUOi+QPLFvkCkxL5AZ9q+QLq9vkAptL5Ajcy+QGDuvkA12L5A
w9S+QJLyvkDn3b5ALJO+QNHQvkCK5b5AqsW+QEzYvkAV0r5Ahqq+QASwvkCp175Ae9O+QLzz
vkAh475A7eK+QHu2vkDy5L5ATue+QLLMvkBF4b5A9ui+QGe0vkA0zr5AKNW+QCG8vkD1vL5A
xdi+QObMvkC/tr5Al9a+QNnJvkDtqb5At+i+QMzKvkAU0r5AENq+QErkvkCP675Acra+QDq+
vkCNur5Aw9C+QGrtvkBl8r5AqKi+QOf/vkAP175ATO6+QHXhvkA95r5APvC+QIfjvkBg575A
JuC+QFzKvkAb3b5AoOu+QHq4vkAR7b5AZLa+QKLmvkCfwr5Akvm+QAPNvkCI0r5ALNG+QBbi
vkCH6b5AJs2+QBn3vkA74b5AidS+QObMvkCL575AOt++QJHMvkAyyr5ApgG/QMfsvkDM575A
hQW/QDDkvkBFvL5ABcu+QFAPv0AMxb5AScq+QCjqvkAswb5AIeC+QD79vkD/x75Aw+i+QN4K
v0Dg1L5AVMW+QCnevkDo0b5AXs++QDcMv0AA5r5AB9e+QBr9vkC8y75A5dG+QFH5vkCb/75A
V/O+QC/evkDF7b5A29G+QPL5vkCr2L5AGvK+QPvdvkAzCL9A+gq/QPHJvkCdt75AFfi+QPT5
vkBx275Ayfi+QN7IvkCaAr9AFvS+QD7bvkDU3L5ABhW/QHjevkDV7r5AVt++QPzovkA18b5A
4wu/QMjxvkBZ7b5A2wa/QHf5vkCe5L5AMf++QDrvvkAA5L5A7uG+QD0Wv0CWyb5A5ui+QFrj
vkAP5L5Asuq+QMoKv0CV/r5AWee+QEj/vkCeCb9AYNm+QGnqvkBAJb9AOfi+QKUBv0CK/L5A
7RG/QEnjvkB+9b5Aexy/QDv0vkA/A79Aiuy+QLMIv0AP7b5ANAW/QO7fvkA85r5AbgC/QJbp
vkCW975AGva+QFbjvkDg575AYvq+QGrsvkDr9r5An/2+QJYDv0Do9L5A5uy+QOX3vkD/375A
bPm+QN3ovkBiF79AZO6+QNPmvkA43r5A1uu+QM0Lv0Dj2L5AehG/QHIOv0CW5b5A8fy+QFoV
v0AQH79AjRK/QIXzvkBYHb9AOge/QPgAv0AM3r5Agu++QKUuv0Bp775Aiuq+QJwOv0C/4b5A
c9i+QAXovkBEDL9AUgm/QF8Iv0AUIL9A4+6+QM7cvkAZDr9A+Pe+QHsBv0BKNL9AVRK/QIMN
v0Cf6L5A1fe+QA0Jv0CqB79Acwq/QGYnv0BmA79AiPO+QIsrv0BE775ApSK/QAkXv0CwAb9A
TPy+QMAsv0C/IL9ARhG/QDkev0CpHb9Ab9u+QID7vkC2/75AAQW/QPACv0BmIb9A+xK/QOoN
v0A8775Ahxa/QAzwvkA+Jr9ALxG/QNL7vkDqGb9AJSS/QAf8vkAmNb9Aaw+/QJwWv0ChAr9A
/Aa/QNYNv0CuBL9AuOW+QEsyv0Dc+75A8Ru/QOH4vkBBFb9AdhO/QLsXv0BhKr9Azgy/QNDx
vkAt8b5AfO6+QLP5vkDsCL9ABf++QDsUv0C5Bb9AUBm/QFL6vkC4Eb9A9g+/QEENv0CZEL9A
VQ+/QHMwv0AHE79AExK/QMr+vkCZHL9A0ga/QDYpv0AKDb9AeBi/QIkev0BkCb9Ahiu/QHlE
v0BFCr9AoBe/QOsav0CxJL9AdAe/QHghv0DqIb9AewW/QF35vkDdIr9AAh+/QC8av0CSH79A
RyW/QGHyvkBsL79AwD2/QOX+vkDrUb9A5he/QM0Cv0CtDL9AjTK/QJr2vkARHr9AvAW/QPMM
v0AKFb9AJRW/QDYYv0DbHr9AwgG/QIoov0BbEL9Afh+/QOYfv0AkDr9AGRe/QAsmv0ASBL9A
ihe/QBchv0CCHb9AA/6+QF4lv0DeFL9ARyO/QO8jv0CnKb9AdRu/QEcxv0DDDb9AvP++QIcW
v0CgIr9AZC+/QFMgv0AoIL9Ayxu/QCwdv0CINL9Afvm+QAEhv0CuOr9A4RK/QOfkvkC/ML9A
UB6/QPE8v0DwLL9AIRm/QOwPv0CZIb9Aezy/QFcQv0AYG79AXD6/QA4rv0AVEb9AEiO/QPA6
v0D+G79AIjq/QCIlv0BRJ79AKC2/QDROv0AVH79At1a/QOEVv0BFLL9AMxK/QP8cv0BBFL9A
Ay2/QIU0v0DsKL9AOxi/QFAfv0DcL79AUBO/QKohv0AeK79AfTC/QCIzv0BxPL9AHx6/QDMe
v0BBJ79AFCW/QOkTv0BHOL9AZCG/QMNRv0D4Ib9ApTi/QEsyv0B5Rb9AEjq/QKQnv0C/Ib9A
ahe/QFc5v0CHEL9Aziu/QPgWv0ACYL9A8ka/QLAvv0BeML9AYS6/QJoYv0BvCL9Apyq/QPgh
v0DsQr9A4D6/QFFHv0DyK79Aqyu/QCJcv0DAOr9A8iG/QAwVv0BPPb9A5T2/QE8iv0BwQ79A
kyO/QD0zv0AcP79Auym/QNo/v0CFJb9AOS6/QP1ev0ATOL9AOUW/QKA5v0BSIr9ArxG/QOc0
v0BiLL9AXWW/QBcXv0BATL9AUSS/QPdJv0CjKr9AmUm/QJYYv0CuQL9AiEu/QOc1v0BePb9A
vE6/QCEFv0BdLb9ADU6/QOssv0AMKb9AjzK/QE0cv0AAPb9ALBe/QHU8v0BJR79ACUe/QHlO
v0CdNL9A</AssayYData></Step></KineticsData></ExperimentResults>
