BatchId;PDatTime;ProcessTime;AG2100;AG2100;AG2100;AG2100;DPRESS;DPRESS;DPRESS;DPRESS;F_PERM;P2500;P2500;P2500;P2500;P3000;P3000;P3000;P3000;P3000_T;PIR2600;PIR2700;PIRC2500;PIRC2500;PIRC2500;PIRC2500;QIR2000;QIR2100;TIR2100;TMP;WIR2700;WIRC2100;WIRC2100;WIRC2100;WIRC2100
;;Value;Value;Setpoint;Mode;Output;Value;Output;Mode;Setpoint;Value;Setpoint;Value;Output;Mode;Setpoint;Mode;Output;Value;Value;Value;Value;Output;Value;Setpoint;Mode;Value;Value;Value;Value;Value;Value;Output;Setpoint;Mode
;;hours;rpm;rpm;;%;bar;%;;bar;g/min;%;%;%;;%;;%;%;g;bar;bar;%;bar;bar;;x;ms/cm;°C;bar;g;g;%;g;

20250324 50E15 DN 570 DF1;3/24/2025 12:56:10 PM;0.000919444444444444;200;200;1;20;-0.0145;0;0;-1;0;10;0;0;0;0;2;0;0;0;-0.164;-0.1775;0;-0.176;1.9165;0;0;0;22.425;0.00900000000000012;-0.299996;146.9;0;146.7;1
20250324 50E15 DN 570 DF1;3/24/2025 12:56:15 PM;0.00231388888888889;200;200;1;20;-0.0145;0;0;-1;0;10;0;0;1;0;2;0;0;0;-0.164;-0.1775;0;-0.176;1.9165;0;0;0;22.44;0.00900000000000012;-0.299996;146.9;0;146.7;1
20250324 50E15 DN 570 DF1;3/24/2025 12:56:20 PM;0.00370555555555556;200;200;1;20;1.371;0;0;-1;0;10;10;10;1;100;2;100;100;0;-0.1575;-0.1755;0;1.0465;1.9165;0;0;0;22.425;0.707;-0.224997;145.1;100;146.7;1
20250324 50E15 DN 570 DF1;3/24/2025 12:56:25 PM;0.00509444444444444;200;200;1;20;1.823;0;0;-1;0;10;10;10;1;0;2;0;0;0;-0.108;-0.1755;0;1.3985;1.9165;0;0;0;22.41;0.9845;0.299996;150.5;0;146.7;1
20250324 50E15 DN 570 DF1;3/24/2025 12:56:30 PM;0.00648611111111111;200;200;1;20;0.335;0;0;-1;0;10;0;0;0;0;0;0;0;0;2.3465;-0.1745;0;2.5975;1.9165;0;0;0;22.395;3.1385;1.49998;155.6;0;146.7;0
20250324 50E15 DN 570 DF1;3/24/2025 12:56:35 PM;0.00787777777777778;200;200;1;20;0.223;0;0;-1;0;10;0;0;0;0;2;0;0;0;0.5055;-0.176;0;0.6815;1.9165;0;0;0;22.38;0.9775;2.024973;156;0;146.7;1
20250324 50E15 DN 570 DF1;3/24/2025 12:56:40 PM;0.00926944444444444;200;200;1;20;0.3125;0;0;-1;0;10;10;10;1;0;2;0;0;0;0.5295;-0.1755;0;0.8125;1.9165;0;0;0;22.365;0.933;2.399968;156.4;0;146.7;1
20250324 50E15 DN 570 DF1;3/24/2025 12:56:45 PM;0.0106611111111111;200;200;1;20;1.601;0;0;-1;0;10;10;10;1;0;2;0;0;0;0.6105;-0.175;0;1.978;1.9165;0;0;0;22.38;1.8295;3.224957;154.4;0;146.7;1
20250324 50E15 DN 570 DF1;3/24/2025 12:56:50 PM;0.0120527777777778;200;200;1;20;0.7175;0;0;-1;0;10;0;0;0;0;0;0;0;0;1.983;-0.175;0;2.5645;1.9165;0;0;0;22.365;2.869;4.199944;153.2;0;146.7;0
20250324 50E15 DN 570 DF1;3/24/2025 12:56:55 PM;0.0134444444444444;200;200;1;20;0.251;0;0;-1;0;10;0;0;0;0;0;0;0;0;0.513;-0.176;0;0.7195;1.9165;0;0;0;22.32;1.012;5.024933;153.4;0;146.7;1
20250324 50E15 DN 570 DF1;3/24/2025 12:57:00 PM;0.0148388888888889;200;200;1;20;0.251;0;0;-1;0;10;0;0;0;0;0;0;0;0;0.513;-0.176;0;0.7195;1.9165;0;0;0;22.32;1.012;5.024933;153.4;0;146.7;1
20250324 50E15 DN 570 DF1;3/24/2025 12:57:05 PM;0.0162305555555556;200;200;1;20;0.325;0;0;-1;8.29;10;10;10;1;0;2;0;0;0;0.3415;-0.1765;0;0.634;1.9165;0;0;0;22.32;0.733;5.174931;153.5;0;146.7;1
20250324 50E15 DN 570 DF1;3/24/2025 12:57:10 PM;0.0176222222222222;200;200;1;20;1.18;0;0;-1;8.29;10;10;10;1;0;2;0;0;0;1.3465;-0.174;0;2.351;1.9165;0;0;0;22.305;2.448;5.99992;151.4;0;146.7;1
20250324 50E15 DN 570 DF1;3/24/2025 12:57:15 PM;0.0190138888888889;200;200;1;20;1.3565;0;0;-1;8.29;10;10;10;1;0;2;0;0;0;0.598;-0.174;0;1.7295;1.9165;0;0;0;22.29;1.608;6.899908;151;0;146.7;1
20250324 50E15 DN 570 DF1;3/24/2025 12:57:20 PM;0.0204055555555556;200;200;1;20;1.1825;0;0;-1;8.29;10;10;10;1;0;2;0;0;0;0.552;-0.1755;0;1.5465;1.9165;0;0;0;22.29;1.463;8.024893;150;0;146.7;1
20250324 50E15 DN 570 DF1;3/24/2025 12:57:25 PM;0.0217972222222222;200;200;1;20;1.2945;0;0;-1;8.29;10;10;10;1;0;2;0;0;0;0.6615;-0.174;0;1.7455;1.9165;0;0;0;22.29;1.625;8.774883;149.3;0;146.7;1
20250324 50E15 DN 570 DF1;3/24/2025 12:57:30 PM;0.0231916666666667;200;200;1;20;1.0295;0;0;-1;8.29;10;10;10;1;0;2;0;0;0;1.262;-0.1735;0;2.133;1.9165;0;0;0;22.26;2.219;9.674871;148.1;0;146.7;1
20250324 50E15 DN 570 DF1;3/24/2025 12:57:35 PM;0.0245805555555556;200;200;1;20;1.0955;0;0;-1;8.29;10;10;10;1;0;2;0;0;0;1.2825;-0.1765;0;2.2025;1.9165;0;0;0;22.26;2.2985;10.799856;146.9;0;146.7;1
20250324 50E15 DN 570 DF1;3/24/2025 12:57:40 PM;0.025975;200;200;1;20;1.182;0;0;-1;8.29;10;10;10;1;30;2;30;30;0;1.2455;-0.1735;0;2.2225;1.9165;0;0;0;22.26;2.3035;11.699844;146.1;60;146.7;1
20250324 50E15 DN 570 DF1;3/24/2025 12:57:45 PM;0.0273638888888889;200;200;1;20;1.125;0;0;-1;10.57;10;10;10;1;0;2;0;0;0;1.191;-0.176;0;2.117;1.9165;0;0;0;22.23;2.2;12.374835;149.5;0;146.7;1
20250324 50E15 DN 570 DF1;3/24/2025 12:57:50 PM;0.0287583333333333;200;200;1;20;1.343;0;0;-1;10.57;10;10;10;1;0;2;0;0;0;1.095;-0.1715;0;2.2405;1.9165;0;0;0;22.245;2.192;13.199824;152.3;0;146.7;1
20250324 50E15 DN 570 DF1;3/24/2025 12:57:55 PM;0.0301472222222222;200;200;1;20;1.1705;0;0;-1;10.57;10;10;10;1;0;2;0;0;0;0.9115;-0.1755;0;1.8715;1.9165;0;0;0;22.23;1.8965;14.174811;151.4;0;146.7;1
20250324 50E15 DN 570 DF1;3/24/2025 12:58:00 PM;0.0315388888888889;200;200;1;20;1.3245;0;0;-1;10.57;10;10;10;1;0;2;0;0;0;0.8605;-0.174;0;1.9465;1.9165;0;0;0;22.23;1.9025;14.774803;150.6;0;146.7;1
20250324 50E15 DN 570 DF1;3/24/2025 12:58:05 PM;0.0329305555555556;200;200;1;20;1.08;0;0;-1;9.71;10;10;10;1;0;2;0;0;0;0.872;-0.1755;0;1.7875;1.9165;0;0;0;22.215;1.7915;15.824789;149.7;0;146.7;1
20250324 50E15 DN 570 DF1;3/24/2025 12:58:10 PM;0.0343194444444444;200;200;1;20;1.144;0;0;-1;9.71;10;10;10;1;0;2;0;0;0;0.8845;-0.1765;0;1.8415;1.9165;0;0;0;22.2;1.8495;16.874775;148.9;0;146.7;1
20250324 50E15 DN 570 DF1;3/24/2025 12:58:15 PM;0.0357111111111111;200;200;1;20;1.473;0;0;-1;9.71;10;10;10;1;0;2;0;0;0;0.453;-0.1735;0;1.6825;1.9165;0;0;0;22.2;1.4975;17.699764;148.2;0;146.7;1
20250324 50E15 DN 570 DF1;3/24/2025 12:58:20 PM;0.0371027777777778;200;200;1;20;1.2605;0;0;-1;9.71;12;12;12;1;0;2;0;0;0;0.3855;-0.176;0;1.445;1.9165;0;0;0;22.17;1.3065;18.224757;147.6;0;146.7;1
20250324 50E15 DN 570 DF1;3/24/2025 12:58:25 PM;0.0384944444444444;200;200;1;20;1.5625;0;0;-1;9.71;12;12;12;1;0;2;0;0;0;0.544;-0.1755;0;1.8425;1.9165;0;0;0;22.155;1.643;19.199744;146.6;10;146.7;1
20250324 50E15 DN 570 DF1;3/24/2025 12:58:30 PM;0.0398833333333333;200;200;1;20;1.5625;0;0;-1;9.71;12;12;12;1;0;2;0;0;0;0.544;-0.1755;0;1.8425;1.9165;0;0;0;22.155;1.643;19.199744;146.6;10;146.7;1
20250324 50E15 DN 570 DF1;3/24/2025 12:58:35 PM;0.041275;200;200;1;20;1.5325;0;0;-1;9.71;12;12;12;1;40;2;40;40;0;0.581;-0.1755;0;1.846;1.9165;0;0;0;22.155;1.6705;20.099732;146.2;50;146.7;1
20250324 50E15 DN 570 DF1;3/24/2025 12:58:40 PM;0.0426666666666667;200;200;1;20;1.6115;0;0;-1;9.71;16;16;16;1;0;2;0;0;0;0.572;-0.175;0;1.933;1.9165;0;0;0;22.14;1.701;20.99972;151.3;0;146.7;1
20250324 50E15 DN 570 DF1;3/24/2025 12:58:45 PM;0.0440583333333333;200;200;1;20;2.129;0;0;-1;9.71;16;16;16;1;0;2;0;0;0;0.795;-0.174;0;2.59;1.9165;0;0;0;22.125;2.2305;22.199704;149.8;0;146.7;1
20250324 50E15 DN 570 DF1;3/24/2025 12:58:50 PM;0.04545;200;200;1;20;2.409;0;0;-1;10.57;16;16;16;1;0;2;0;0;0;0.2545;-0.175;0;2.2635;1.9165;0;0;0;22.125;1.726;23.099692;149;0;146.7;1
20250324 50E15 DN 570 DF1;3/24/2025 12:58:55 PM;0.0468416666666667;200;200;1;20;2.3925;0;0;-1;10.57;16;16;16;1;0;2;0;0;0;0.275;-0.1755;0;2.279;1.9165;0;0;0;22.11;1.734;23.924681;148.3;0;146.7;1
20250324 50E15 DN 570 DF1;3/24/2025 12:59:00 PM;0.0482361111111111;200;200;1;20;2.4765;0;0;-1;10.57;16;16;16;1;0;2;0;0;0;0.331;-0.175;0;2.389;1.9165;0;0;0;22.11;1.8455;24.974667;147.1;0;146.7;1
20250324 50E15 DN 570 DF1;3/24/2025 12:59:05 PM;0.049625;200;200;1;20;2.441;0;0;-1;10.57;16;16;16;1;20;2;20;20;0;0.3935;-0.175;0;2.418;1.9165;0;0;0;22.08;1.8975;26.024653;146.1;60;146.7;1
20250324 50E15 DN 570 DF1;3/24/2025 12:59:10 PM;0.0510166666666667;200;200;1;20;2.413;0;0;-1;10.86;16;16;16;1;0;2;0;0;0;0.4515;-0.175;0;2.4535;1.9165;0;0;0;22.065;1.957;26.99964;148.5;0;146.7;1
20250324 50E15 DN 570 DF1;3/24/2025 12:59:15 PM;0.0524083333333333;200;200;1;20;2.474;0;0;-1;10.86;16;16;16;1;0;2;0;0;0;0.4705;-0.1745;0;2.51;1.9165;0;0;0;22.05;2.012;27.899628;153.3;0;146.7;1
20250324 50E15 DN 570 DF1;3/24/2025 12:59:20 PM;0.0538;200;200;1;20;2.249;0;0;-1;10.86;16;16;16;1;0;2;0;0;0;0.467;-0.175;0;2.3515;1.9165;0;0;0;22.035;1.8925;29.324609;152.1;0;146.7;1
20250324 50E15 DN 570 DF1;3/24/2025 12:59:25 PM;0.0551944444444444;200;200;1;20;2.3785;0;0;-1;10.86;16;16;16;1;0;2;0;0;0;0.4855;-0.174;0;2.4725;1.9165;0;0;0;22.02;1.9775;30.074599;151.2;0;146.7;1
20250324 50E15 DN 570 DF1;3/24/2025 12:59:30 PM;0.0565833333333333;200;200;1;20;2.374;0;0;-1;11.71;16;16;16;1;0;2;0;0;0;0.478;-0.1745;0;2.4715;1.9165;0;0;0;21.99;1.9675;31.124585;150.2;0;146.7;1
20250324 50E15 DN 570 DF1;3/24/2025 12:59:35 PM;0.057975;200;200;1;20;2.344;0;0;-1;11.71;16;16;16;1;0;2;0;0;0;0.4755;-0.1745;0;2.4355;1.9165;0;0;0;21.975;1.948;32.174571;149.1;0;146.7;1
20250324 50E15 DN 570 DF1;3/24/2025 12:59:40 PM;0.0593638888888889;200;200;1;20;2.3845;0;0;-1;11.71;16;16;16;1;0;2;0;0;0;0.481;-0.1745;0;2.483;1.9165;0;0;0;21.96;1.9795;33.299556;148.2;0;146.7;1
20250324 50E15 DN 570 DF1;3/24/2025 12:59:45 PM;0.0607583333333333;200;200;1;20;2.3375;0;0;-1;11.71;16;16;16;1;0;2;0;0;0;0.479;-0.175;0;2.4295;1.9165;0;0;0;21.975;1.953;34.199544;147.3;0;146.7;1
20250324 50E15 DN 570 DF1;3/24/2025 12:59:50 PM;0.0621472222222222;200;200;1;20;2.4235;0;0;-1;11.71;16;16;16;1;50;2;50;30;0;0.479;-0.174;0;2.4945;1.9165;0;0;0;21.975;1.995;35.399528;146;70;146.7;1
20250324 50E15 DN 570 DF1;3/24/2025 12:59:55 PM;0.0635388888888889;200;200;1;20;2.4235;0;0;-1;11.71;16;16;16;1;50;2;50;30;0;0.479;-0.174;0;2.4945;1.9165;0;0;0;21.975;1.995;35.399528;146;70;146.7;1
20250324 50E15 DN 570 DF1;3/24/2025 1:00:00 PM;0.0649305555555555;200;200;1;20;2.36;0;0;-1;11.71;16;16;16;1;0;2;0;0;0;0.473;-0.1745;0;2.4445;1.9165;0;0;0;21.975;1.9585;36.524513;151.6;0;146.7;1
20250324 50E15 DN 570 DF1;3/24/2025 1:00:05 PM;0.0663222222222222;200;200;1;20;2.529;0;0;-1;11.71;16;16;16;1;0;2;0;0;0;0.4715;-0.175;0;2.573;1.9165;0;0;0;21.96;2.0425;37.574499;153.7;0;146.7;1
20250324 50E15 DN 570 DF1;3/24/2025 1:00:10 PM;0.0677138888888889;200;200;1;20;2.486;0;0;-1;11.71;16;16;16;1;0;2;0;0;0;0.4795;-0.175;0;2.525;1.9165;0;0;0;21.96;2.0285;38.624485;152.5;0;146.7;1
20250324 50E15 DN 570 DF1;3/24/2025 1:00:15 PM;0.0691055555555556;200;200;1;20;2.5125;0;0;-1;12;16;16;16;1;0;2;0;0;0;0.4795;-0.1745;0;2.54;1.9165;0;0;0;21.93;2.038;39.599472;151.6;0;146.7;1
20250324 50E15 DN 570 DF1;3/24/2025 1:00:20 PM;0.0705;200;200;1;20;2.4325;0;0;-1;12;16;16;16;1;0;2;0;0;0;0.4775;-0.1745;0;2.49;1.9165;0;0;0;21.93;1.996;40.574459;150.6;0;146.7;1
20250324 50E15 DN 570 DF1;3/24/2025 1:00:25 PM;0.0718944444444444;200;200;1;20;2.463;0;0;-1;12;16;16;16;1;0;2;0;0;0;0.4895;-0.174;0;2.5665;1.9165;0;0;0;21.915;2.027;41.474447;149.7;0;146.7;1
20250324 50E15 DN 570 DF1;3/24/2025 1:00:30 PM;0.0732861111111111;200;200;1;20;2.4465;0;0;-1;12;16;16;16;1;0;2;0;0;0;0.4835;-0.1745;0;2.5375;1.9165;0;0;0;21.93;2.011;42.674431;148.5;0;146.7;1
20250324 50E15 DN 570 DF1;3/24/2025 1:00:35 PM;0.0746805555555556;200;200;1;20;2.514;0;0;-1;11.71;16;16;16;1;0;2;0;0;0;0.4755;-0.175;0;2.561;1.9165;0;0;0;21.945;2.0415;43.724417;147.5;0;146.7;1
20250324 50E15 DN 570 DF1;3/24/2025 1:00:40 PM;0.0760722222222222;200;200;1;20;2.329;0;0;-1;11.71;16;16;16;1;0;2;0;0;0;0.4665;-0.176;0;2.4085;1.9165;0;0;0;21.93;1.9395;44.699404;146.6;10;146.7;1
20250324 50E15 DN 570 DF1;3/24/2025 1:00:45 PM;0.0774638888888889;200;200;1;20;2.5235;0;0;-1;11.71;16;16;16;1;40;2;40;40;0;0.4805;-0.175;0;2.575;1.9165;0;0;0;21.93;2.0495;45.899388;146.9;0;146.7;1
20250324 50E15 DN 570 DF1;3/24/2025 1:00:50 PM;0.0788555555555556;200;200;1;20;2.41;0;0;-1;11.71;16;16;16;1;0;2;0;0;0;0.4755;-0.1745;0;2.49;1.9165;0;0;0;21.915;1.9865;46.799376;153;0;146.7;1
20250324 50E15 DN 570 DF1;3/24/2025 1:00:55 PM;0.08025;200;200;1;20;2.423;0;0;-1;11.71;16;16;16;1;0;2;0;0;0;0.4745;-0.175;0;2.48;1.9165;0;0;0;21.93;1.9905;47.924361;152;0;146.7;1
20250324 50E15 DN 570 DF1;3/24/2025 1:01:00 PM;0.0816416666666667;200;200;1;20;2.4645;0;0;-1;11.71;16;16;16;1;0;2;0;0;0;0.48;-0.175;0;2.5125;1.9165;0;0;0;21.915;2.0185;48.974347;150.8;0;146.7;1
20250324 50E15 DN 570 DF1;3/24/2025 1:01:05 PM;0.0830333333333333;200;200;1;20;2.341;0;0;-1;11.71;16;16;16;1;0;2;0;0;0;0.4805;-0.1745;0;2.4035;1.9165;0;0;0;21.93;1.9545;49.874335;149.9;0;146.7;1
20250324 50E15 DN 570 DF1;3/24/2025 1:01:10 PM;0.084425;200;200;1;20;2.368;0;0;-1;11.71;16;16;16;1;0;2;0;0;0;0.4775;-0.1745;0;2.438;1.9165;0;0;0;21.93;1.9635;50.99932;149;0;146.7;1
20250324 50E15 DN 570 DF1;3/24/2025 1:01:15 PM;0.0858166666666667;200;200;1;20;2.3675;0;0;-1;12;16;16;16;1;0;2;0;0;0;0.49;-0.174;0;2.4855;1.9165;0;0;0;21.93;1.9775;52.124305;147.8;0;146.7;1
20250324 50E15 DN 570 DF1;3/24/2025 1:01:20 PM;0.0872083333333333;200;200;1;20;2.4725;0;0;-1;12;16;16;16;1;0;2;0;0;0;0.4875;-0.1745;0;2.5685;1.9165;0;0;0;21.93;2.0325;53.174291;146.8;0;146.7;1
20250324 50E15 DN 570 DF1;3/24/2025 1:01:25 PM;0.0886;200;200;1;20;2.4725;0;0;-1;12;16;16;16;1;0;2;0;0;0;0.4875;-0.1745;0;2.5685;1.9165;0;0;0;21.93;2.0325;53.174291;146.8;0;146.7;1
20250324 50E15 DN 570 DF1;3/24/2025 1:01:30 PM;0.0899944444444444;200;200;1;20;2.439;0;0;-1;12;16;16;16;1;70;2;70;70;0;0.4785;-0.175;0;2.5265;1.9165;0;0;0;21.945;2.0045;54.074279;145.4;100;146.7;1
20250324 50E15 DN 570 DF1;3/24/2025 1:01:35 PM;0.0913861111111111;200;200;1;20;2.4395;0;0;-1;12;16;16;16;1;0;2;0;0;0;0.4815;-0.175;0;2.5145;1.9165;0;0;0;21.93;2.0105;55.274263;154.5;0;146.7;1
20250324 50E15 DN 570 DF1;3/24/2025 1:01:40 PM;0.0927777777777778;200;200;1;20;2.519;0;0;-1;12;16;16;16;1;0;2;0;0;0;0.4825;-0.1755;0;2.588;1.9165;0;0;0;21.93;2.0505;56.399248;153.6;0;146.7;1
20250324 50E15 DN 570 DF1;3/24/2025 1:01:45 PM;0.0941694444444444;200;200;1;20;2.45;0;0;-1;12;16;16;16;1;0;2;0;0;0;0.49;-0.1745;0;2.5235;1.9165;0;0;0;21.915;2.024;57.074239;152.7;0;146.7;1
20250324 50E15 DN 570 DF1;3/24/2025 1:01:50 PM;0.0955611111111111;200;200;1;20;2.4345;0;0;-1;12;16;16;16;1;0;2;0;0;0;0.493;-0.174;0;2.513;1.9165;0;0;0;21.945;2.0175;58.274223;151.7;0;146.7;1
20250324 50E15 DN 570 DF1;3/24/2025 1:01:55 PM;0.0969527777777778;200;200;1;20;2.359;0;0;-1;11.71;16;16;16;1;0;2;0;0;0;0.477;-0.1745;0;2.4205;1.9165;0;0;0;21.945;1.958;59.474207;150.5;0;146.7;1
20250324 50E15 DN 570 DF1;3/24/2025 1:02:00 PM;0.0983444444444444;200;200;1;20;2.629;0;0;-1;11.71;16;16;16;1;0;2;0;0;0;0.477;-0.1755;0;2.642;1.9165;0;0;0;21.945;2.0985;60.374195;149.6;0;146.7;1
20250324 50E15 DN 570 DF1;3/24/2025 1:02:05 PM;0.0997361111111111;200;200;1;20;2.446;0;0;-1;11.71;16;16;16;1;0;2;0;0;0;0.4845;-0.1745;0;2.5005;1.9165;0;0;0;21.945;2.011;61.424181;148.6;0;146.7;1
20250324 50E15 DN 570 DF1;3/24/2025 1:02:10 PM;0.101127777777778;200;200;1;20;2.462;0;0;-1;11.71;16;16;16;1;0;2;0;0;0;0.4915;-0.1745;0;2.5315;1.9165;0;0;0;21.945;2.029;62.699164;147.4;0;146.7;1
20250324 50E15 DN 570 DF1;3/24/2025 1:02:15 PM;0.102516666666667;200;200;1;20;2.398;0;0;-1;11.71;16;16;16;1;0;2;0;0;0;0.495;-0.1745;0;2.5075;1.9165;0;0;0;21.945;2;63.599152;146.4;30;146.7;1
20250324 50E15 DN 570 DF1;3/24/2025 1:02:21 PM;0.103911111111111;200;200;1;20;2.4235;0;0;-1;11.71;16;16;16;1;100;2;100;100;0;0.491;-0.175;0;2.5235;1.9165;0;0;0;21.975;2.009;64.574139;146.5;20;146.7;1
20250324 50E15 DN 570 DF1;3/24/2025 1:02:26 PM;0.105302777777778;200;200;1;20;2.47;0;0;-1;11.71;16;16;16;1;0;2;0;0;0;0.4855;-0.1745;0;2.544;1.9165;0;0;0;21.96;2.0285;65.924121;154.4;0;146.7;1
20250324 50E15 DN 570 DF1;3/24/2025 1:02:31 PM;0.106694444444444;200;200;1;20;2.404;0;0;-1;11.71;16;16;16;1;0;2;0;0;0;0.49;-0.1745;0;2.5175;1.9165;0;0;0;21.975;1.998;66.899108;153.5;0;146.7;1
20250324 50E15 DN 570 DF1;3/24/2025 1:02:36 PM;0.108086111111111;200;200;1;20;2.476;0;0;-1;12;16;16;16;1;0;2;0;0;0;0.493;-0.174;0;2.5725;1.9165;0;0;0;21.945;2.0405;67.799096;152.6;0;146.7;1
20250324 50E15 DN 570 DF1;3/24/2025 1:02:41 PM;0.109477777777778;200;200;1;20;2.4595;0;0;-1;12;16;16;16;1;0;2;0;0;0;0.4865;-0.175;0;2.5455;1.9165;0;0;0;21.96;2.025;68.774083;151.7;0;146.7;1
20250324 50E15 DN 570 DF1;3/24/2025 1:02:46 PM;0.110866666666667;200;200;1;20;2.5025;0;0;-1;12;16;16;16;1;0;2;0;0;0;0.4815;-0.175;0;2.5415;1.9165;0;0;0;21.975;2.042;69.899068;150.5;0;146.7;1
20250324 50E15 DN 570 DF1;3/24/2025 1:02:51 PM;0.112258333333333;200;200;1;20;2.4695;0;0;-1;12;16;16;16;1;0;2;0;0;0;0.485;-0.1745;0;2.535;1.9165;0;0;0;21.975;2.0275;71.024053;149.4;0;146.7;1
20250324 50E15 DN 570 DF1;3/24/2025 1:02:56 PM;0.11365;200;200;1;20;2.4695;0;0;-1;12;16;16;16;1;0;2;0;0;0;0.485;-0.1745;0;2.535;1.9165;0;0;0;21.975;2.0275;71.024053;149.4;0;146.7;1
20250324 50E15 DN 570 DF1;3/24/2025 1:03:01 PM;0.115038888888889;200;200;1;20;2.383;0;0;-1;12;16;16;16;1;0;2;0;0;0;0.483;-0.1745;0;2.4645;1.9165;0;0;0;21.975;1.983;71.99904;148.5;0;146.7;1
20250324 50E15 DN 570 DF1;3/24/2025 1:03:06 PM;0.116430555555556;200;200;1;20;2.532;0;0;-1;12;16;16;16;1;0;2;0;0;0;0.499;-0.1745;0;2.6165;1.9165;0;0;0;21.975;2.073;73.199024;147.4;0;146.7;1
20250324 50E15 DN 570 DF1;3/24/2025 1:03:11 PM;0.117819444444444;200;200;1;20;2.3965;0;0;-1;12;16;16;16;1;0;2;0;0;0;0.4965;-0.1745;0;2.4915;1.9165;0;0;0;21.975;2.0015;74.099012;146.4;30;146.7;1
20250324 50E15 DN 570 DF1;3/24/2025 1:03:16 PM;0.119211111111111;200;200;1;20;2.4795;0;0;-1;12;16;16;16;1;100;2;100;100;0;0.502;-0.1745;0;2.5815;1.9165;0;0;0;21.975;2.049;75.073999;146.6;10;146.7;1
20250324 50E15 DN 570 DF1;3/24/2025 1:03:21 PM;0.120602777777778;200;200;1;20;2.438;0;0;-1;12;16;16;16;1;0;2;0;0;0;0.5085;-0.174;0;2.554;1.9165;0;0;0;21.975;2.0375;76.423981;153.8;0;146.7;1
20250324 50E15 DN 570 DF1;3/24/2025 1:03:26 PM;0.121994444444444;200;200;1;20;2.441;0;0;-1;12;16;16;16;1;0;2;0;0;0;0.509;-0.1745;0;2.558;1.9165;0;0;0;21.99;2.0415;77.398968;153;0;146.7;1
20250324 50E15 DN 570 DF1;3/24/2025 1:03:31 PM;0.123388888888889;200;200;1;20;2.4755;0;0;-1;12;16;16;16;1;0;2;0;0;0;0.51;-0.1745;0;2.5775;1.9165;0;0;0;22.005;2.058;78.298956;152;0;146.7;1
20250324 50E15 DN 570 DF1;3/24/2025 1:03:36 PM;0.124780555555556;200;200;1;20;2.479;0;0;-1;12;16;16;16;1;0;2;0;0;0;0.4965;-0.175;0;2.568;1.9165;0;0;0;22.035;2.047;79.573939;150.8;0;146.7;1
20250324 50E15 DN 570 DF1;3/24/2025 1:03:41 PM;0.126172222222222;200;200;1;20;2.521;0;0;-1;11.71;16;16;16;1;0;2;0;0;0;0.495;-0.175;0;2.5855;1.9165;0;0;0;22.035;2.065;80.623925;149.8;0;146.7;1
20250324 50E15 DN 570 DF1;3/24/2025 1:03:46 PM;0.127563888888889;200;200;1;20;2.5185;0;0;-1;11.71;16;16;16;1;0;2;0;0;0;0.491;-0.175;0;2.5645;1.9165;0;0;0;22.02;2.0605;81.598912;148.8;0;146.7;1
20250324 50E15 DN 570 DF1;3/24/2025 1:03:51 PM;0.128952777777778;200;200;1;20;2.532;0;0;-1;11.71;16;16;16;1;0;2;0;0;0;0.501;-0.1745;0;2.591;1.9165;0;0;0;22.02;2.0785;82.723897;147.6;0;146.7;1
20250324 50E15 DN 570 DF1;3/24/2025 1:03:56 PM;0.130347222222222;200;200;1;20;2.38;0;0;-1;11.71;16;16;16;1;0;2;0;0;0;0.4975;-0.1745;0;2.4675;1.9165;0;0;0;22.035;1.994;83.773883;146.7;0;146.7;1
20250324 50E15 DN 570 DF1;3/24/2025 1:04:01 PM;0.131741666666667;200;200;1;20;2.485;0;0;-1;12.29;16;16;16;1;80;2;80;80;0;0.4955;-0.1745;0;2.565;1.9165;0;0;0;22.05;2.047;84.898868;146.3;40;146.7;1
20250324 50E15 DN 570 DF1;3/24/2025 1:04:06 PM;0.133133333333333;200;200;1;20;2.4925;0;0;-1;12.29;16;16;16;1;0;2;0;0;0;0.516;-0.174;0;2.6095;1.9165;0;0;0;22.05;2.075;86.098852;152.1;0;146.7;1
20250324 50E15 DN 570 DF1;3/24/2025 1:04:11 PM;0.134522222222222;200;200;1;20;2.4415;0;0;-1;12.29;16;16;16;1;0;2;0;0;0;0.497;-0.175;0;2.545;1.9165;0;0;0;22.065;2.026;86.99884;151.3;0;146.7;1
20250324 50E15 DN 570 DF1;3/24/2025 1:04:16 PM;0.135911111111111;200;200;1;20;2.39;0;0;-1;12.29;16;16;16;1;0;2;0;0;0;0.506;-0.175;0;2.508;1.9165;0;0;0;22.08;2.0145;87.973827;150.3;0;146.7;1
20250324 50E15 DN 570 DF1;3/24/2025 1:04:21 PM;0.137302777777778;200;200;1;20;2.556;0;0;-1;12;16;16;16;1;0;2;0;0;0;0.496;-0.175;0;2.6445;1.9165;0;0;0;22.08;2.0855;87.973827;150.3;0;146.7;1
20250324 50E15 DN 570 DF1;3/24/2025 1:04:26 PM;0.138691666666667;200;200;1;20;2.556;0;0;-1;12;16;16;16;1;0;2;0;0;0;0.496;-0.1755;0;2.6445;1.9165;0;0;0;22.08;2.0855;88.873815;149.3;0;146.7;1
20250324 50E15 DN 570 DF1;3/24/2025 1:04:31 PM;0.140083333333333;200;200;1;20;2.694;0;0;-1;12;16;16;16;1;0;2;0;0;0;0.506;-0.175;0;2.744;1.9165;0;0;0;22.08;2.1665;90.223797;148.1;0;146.7;1
20250324 50E15 DN 570 DF1;3/24/2025 1:04:36 PM;0.141475;200;200;1;20;2.535;0;0;-1;12;16;16;16;1;0;2;0;0;0;0.4945;-0.1755;0;2.6005;1.9165;0;0;0;22.095;2.075;91.123785;147;0;146.7;1
20250324 50E15 DN 570 DF1;3/24/2025 1:04:41 PM;0.142866666666667;200;200;1;20;2.495;0;0;-1;12;16;16;16;1;50;2;50;50;0;0.4945;-0.175;0;2.5475;1.9165;0;0;0;22.11;2.0525;92.098772;146;70;146.7;1
20250324 50E15 DN 570 DF1;3/24/2025 1:04:46 PM;0.144258333333333;200;200;1;20;2.537;0;0;-1;11.71;16;16;16;1;0;2;0;0;0;0.498;-0.175;0;2.5895;1.9165;0;0;0;22.125;2.0775;93.373755;153.1;0;146.7;1
20250324 50E15 DN 570 DF1;3/24/2025 1:04:51 PM;0.14565;200;200;1;20;2.4015;0;0;-1;11.71;16;16;16;1;0;2;0;0;0;0.4995;-0.1745;0;2.506;1.9165;0;0;0;22.125;2.0055;94.49874;153.4;0;146.7;1
20250324 50E15 DN 570 DF1;3/24/2025 1:04:56 PM;0.147041666666667;200;200;1;20;2.4605;0;0;-1;11.71;16;16;16;1;0;2;0;0;0;0.5035;-0.175;0;2.5715;1.9165;0;0;0;22.14;2.041;95.398728;152.5;0;146.7;1
20250324 50E15 DN 570 DF1;3/24/2025 1:05:01 PM;0.148433333333333;200;200;1;20;2.4195;0;0;-1;11.71;16;16;16;1;0;2;0;0;0;0.508;-0.174;0;2.539;1.9165;0;0;0;22.125;2.0265;96.598712;151.3;0;146.7;1
20250324 50E15 DN 570 DF1;3/24/2025 1:05:06 PM;0.149825;200;200;1;20;2.3945;0;0;-1;12.29;16;16;16;1;0;2;0;0;0;0.4995;-0.1745;0;2.5105;1.9165;0;0;0;22.17;2.006;97.573699;150.4;0;146.7;1
20250324 50E15 DN 570 DF1;3/24/2025 1:05:11 PM;0.151213888888889;200;200;1;20;2.48;0;0;-1;12.29;16;16;16;1;0;2;0;0;0;0.4955;-0.175;0;2.5755;1.9165;0;0;0;22.185;2.043;98.623685;149.4;0;146.7;1
20250324 50E15 DN 570 DF1;3/24/2025 1:05:16 PM;0.152608333333333;200;200;1;20;2.505;0;0;-1;12.29;16;16;16;1;0;2;0;0;0;0.5075;-0.1745;0;2.5885;1.9165;0;0;0;22.17;2.0725;99.898668;148.3;0;146.7;1
20250324 50E15 DN 570 DF1;3/24/2025 1:05:21 PM;0.153997222222222;200;200;1;20;2.488;0;0;-1;12.29;16;16;16;1;0;2;0;0;0;0.5045;-0.175;0;2.602;1.9165;0;0;0;22.185;2.061;100.873655;147.2;0;146.7;1
20250324 50E15 DN 570 DF1;3/24/2025 1:05:26 PM;0.155388888888889;200;200;1;20;2.504;0;0;-1;12.29;16;16;16;1;40;2;40;40;0;0.5055;-0.1745;0;2.5845;1.9165;0;0;0;22.2;2.07;101.923641;146.2;50;146.7;1
20250324 50E15 DN 570 DF1;3/24/2025 1:05:31 PM;0.156783333333333;200;200;1;20;2.547;0;0;-1;12.29;16;16;16;1;0;2;0;0;0;0.504;-0.1745;0;2.619;1.9165;0;0;0;22.215;2.09;102.898628;148.4;0;146.7;1
20250324 50E15 DN 570 DF1;3/24/2025 1:05:36 PM;0.158175;200;200;1;20;2.5345;0;0;-1;12.29;16;16;16;1;0;2;0;0;0;0.509;-0.1745;0;2.5965;1.9165;0;0;0;22.2;2.0895;104.098612;152.6;0;146.7;1
20250324 50E15 DN 570 DF1;3/24/2025 1:05:41 PM;0.159566666666667;200;200;1;20;2.4965;0;0;-1;12.29;16;16;16;1;0;2;0;0;0;0.51;-0.1745;0;2.6015;1.9165;0;0;0;22.215;2.068;105.073599;151.6;0;146.7;1
20250324 50E15 DN 570 DF1;3/24/2025 1:05:46 PM;0.160958333333333;200;200;1;20;2.5235;0;0;-1;12;16;16;16;1;0;2;0;0;0;0.511;-0.174;0;2.5795;1.9165;0;0;0;22.215;2.081;106.123585;150.5;0;146.7;1
20250324 50E15 DN 570 DF1;3/24/2025 1:05:51 PM;0.16235;200;200;1;20;2.5235;0;0;-1;12;16;16;16;1;0;2;0;0;0;0.511;-0.174;0;2.5795;1.9165;0;0;0;22.215;2.081;106.123585;150.5;0;146.7;1
20250324 50E15 DN 570 DF1;3/24/2025 1:05:56 PM;0.163744444444444;200;200;1;20;2.4775;0;0;-1;12;16;16;16;1;0;2;0;0;0;0.4995;-0.175;0;2.593;1.9165;0;0;0;22.215;2.049;107.173571;149.5;0;146.7;1
20250324 50E15 DN 570 DF1;3/24/2025 1:06:01 PM;0.165133333333333;200;200;1;20;2.42;0;0;-1;12;16;16;16;1;0;2;0;0;0;0.5115;-0.1745;0;2.5415;1.9165;0;0;0;22.23;2.029;108.298556;148.6;0;146.7;1
20250324 50E15 DN 570 DF1;3/24/2025 1:06:06 PM;0.166522222222222;200;200;1;20;2.536;0;0;-1;12;16;16;16;1;0;2;0;0;0;0.504;-0.1745;0;2.6315;1.9165;0;0;0;22.23;2.0805;109.273543;147.6;0;146.7;1
20250324 50E15 DN 570 DF1;3/24/2025 1:06:11 PM;0.167911111111111;200;200;1;20;2.5335;0;0;-1;12;16;16;16;1;20;2;20;0;0;0.509;-0.1745;0;2.636;1.9165;0;0;0;22.26;2.088;110.623525;146.5;20;146.7;1
20250324 50E15 DN 570 DF1;3/24/2025 1:06:16 PM;0.169305555555556;200;200;1;20;2.6775;0;0;-1;12;16;16;16;1;0;2;0;0;0;0.503;-0.175;0;2.7255;1.9165;0;0;0;22.26;2.1545;111.523513;147.4;0;146.7;1
20250324 50E15 DN 570 DF1;3/24/2025 1:06:21 PM;0.1707;200;200;1;20;2.4495;0;0;-1;12;16;16;16;1;0;2;0;0;0;0.506;-0.175;0;2.5615;1.9165;0;0;0;22.26;2.044;112.423501;149.9;0;146.7;1
20250324 50E15 DN 570 DF1;3/24/2025 1:06:26 PM;0.172094444444444;200;200;1;20;2.4845;0;0;-1;12;16;16;16;1;0;2;0;0;0;0.5;-0.175;0;2.543;1.9165;0;0;0;22.26;2.0515;113.698484;148.9;0;146.7;1
20250324 50E15 DN 570 DF1;3/24/2025 1:06:31 PM;0.173486111111111;200;200;1;20;2.5165;0;0;-1;12;16;16;16;1;0;2;0;0;0;0.489;-0.175;0;2.5635;1.9165;0;0;0;22.29;2.05;114.673471;147.8;0;146.7;1
20250324 50E15 DN 570 DF1;3/24/2025 1:06:36 PM;0.174877777777778;200;200;1;20;2.5655;0;0;-1;12;16;16;16;1;0;2;0;0;0;0.499;-0.175;0;2.595;1.9165;0;0;0;22.26;2.0895;115.723457;146.8;0;146.7;1
20250324 50E15 DN 570 DF1;3/24/2025 1:06:41 PM;0.176269444444444;200;200;1;20;2.4895;0;0;-1;12;16;16;16;1;50;2;50;60;0;0.4985;-0.1755;0;2.581;1.9165;0;0;0;22.275;2.0525;116.923441;146.4;30;146.7;1
20250324 50E15 DN 570 DF1;3/24/2025 1:06:46 PM;0.177661111111111;200;200;1;20;2.537;0;0;-1;12;16;16;16;1;0;2;0;0;0;0.5015;-0.1745;0;2.634;1.9165;0;0;0;22.275;2.08;117.973427;151.2;0;146.7;1
20250324 50E15 DN 570 DF1;3/24/2025 1:06:51 PM;0.179052777777778;200;200;1;20;2.519;0;0;-1;12.29;16;16;16;1;0;2;0;0;0;0.4955;-0.1755;0;2.6125;1.9165;0;0;0;22.29;2.066;119.023413;150.2;0;146.7;1
20250324 50E15 DN 570 DF1;3/24/2025 1:06:56 PM;0.180447222222222;200;200;1;20;2.522;0;0;-1;12.29;16;16;16;1;0;2;0;0;0;0.508;-0.175;0;2.6245;1.9165;0;0;0;22.305;2.0795;119.9984;149.4;0;146.7;1
20250324 50E15 DN 570 DF1;3/24/2025 1:07:01 PM;0.181836111111111;200;200;1;20;2.1655;0;0;-1;12.29;16;0;0;0;0;0;0;0;0;0.3895;-0.175;0;2.13;1.9165;0;0;0;22.32;1.791;121.123385;148.1;0;146.7;0
20250324 50E15 DN 570 DF1;3/24/2025 1:07:06 PM;0.183225;200;200;1;20;0.1735;0;0;-1;12.29;16;0;0;0;0;0;0;0;0;-0.1295;-0.1765;0;0.00249999999999995;1.9165;0;0;0;22.335;0.147;121.49838;149.1;0;146.7;0
20250324 50E15 DN 570 DF1;3/24/2025 1:07:11 PM;0.184619444444444;200;200;1;20;0.0109999999999999;0;0;-1;0;16;0;0;0;0;0;0;0;0;-0.1595;-0.176;0;-0.1515;1.9165;0;0;0;22.335;0.026;121.573379;149.5;0;146.7;0
20250324 50E15 DN 570 DF1;3/24/2025 1:07:16 PM;0.186011111111111;200;200;1;20;-0.00599999999999989;0;0;-1;0;16;0;0;0;0;0;0;0;0;-0.162;-0.1765;0;-0.167;1.9165;0;0;0;22.335;0.014;121.573379;149.7;0;146.7;0
20250324 50E15 DN 570 DF1;3/24/2025 1:07:21 PM;0.187402777777778;200;200;1;20;-0.00599999999999989;0;0;-1;0;16;0;0;0;0;0;0;0;0;-0.162;-0.1765;0;-0.167;1.9165;0;0;0;22.335;0.014;121.573379;149.7;0;146.7;0
20250324 50E15 DN 570 DF1;3/24/2025 1:07:26 PM;0.188794444444444;200;200;1;20;-0.0115000000000001;0;0;-1;0;16;0;0;0;0;0;0;0;0;-0.163;-0.1765;0;-0.1725;1.9165;0;0;0;22.35;0.0105;121.573379;149.8;0;146.7;0
20250324 50E15 DN 570 DF1;3/24/2025 1:07:31 PM;0.190186111111111;200;200;1;20;0.412;0;0;-1;0;16;16;16;1;0;0;0;0;0;-0.0734999999999999;-0.176;0;0.355;1.9165;0;0;0;22.365;0.306;121.573379;149.9;0;146.7;0
20250324 50E15 DN 570 DF1;3/24/2025 1:07:36 PM;0.191580555555556;200;200;1;20;2.4345;0;0;-1;0;16;16;16;1;0;0;0;0;0;0.388;-0.1745;0;2.434;1.9165;0;0;0;22.365;1.889;122.323369;146.8;0;146.7;0
20250324 50E15 DN 570 DF1;3/24/2025 1:07:41 PM;0.192975;200;200;1;20;2.583;0;0;-1;0;16;16;16;1;0;0;0;0;0;0.3845;-0.175;0;2.542;1.9165;0;0;0;22.395;1.965;123.373355;145.8;0;146.7;0
20250324 50E15 DN 570 DF1;3/24/2025 1:07:46 PM;0.194366666666667;200;200;1;20;2.53;0;0;-1;0;16;16;16;1;0;0;0;0;0;0.38;-0.175;0;2.5005;1.9165;0;0;0;22.395;1.932;124.423341;144.9;0;146.7;0
20250324 50E15 DN 570 DF1;3/24/2025 1:07:51 PM;0.195755555555556;200;200;1;20;2.529;0;0;-1;9.43;16;16;16;1;0;0;0;0;0;0.3815;-0.175;0;2.482;1.9165;0;0;0;22.41;1.9345;125.473327;143.7;0;146.7;0
20250324 50E15 DN 570 DF1;3/24/2025 1:07:56 PM;0.197147222222222;200;200;1;20;2.622;0;0;-1;9.43;16;16;16;1;0;0;0;0;0;0.385;-0.175;0;2.5535;1.9165;0;0;0;22.41;1.985;126.373315;142.6;0;146.7;0
20250324 50E15 DN 570 DF1;3/24/2025 1:08:01 PM;0.198538888888889;200;200;1;20;2.521;0;0;-1;9.43;16;16;16;1;0;0;0;0;0;0.3835;-0.1745;0;2.476;1.9165;0;0;0;22.41;1.931;127.423301;141.7;0;146.7;0
20250324 50E15 DN 570 DF1;3/24/2025 1:08:06 PM;0.199930555555556;200;200;1;20;2.5565;0;0;-1;9.43;16;16;16;1;0;0;0;0;0;0.3855;-0.1745;0;2.5045;1.9165;0;0;0;22.455;1.9495;128.623285;140.5;0;146.7;0
20250324 50E15 DN 570 DF1;3/24/2025 1:08:11 PM;0.201322222222222;200;200;1;20;2.5285;0;0;-1;12;16;16;16;1;0;0;0;0;0;0.3915;-0.1745;0;2.4875;1.9165;0;0;0;22.455;1.9425;129.673271;139.6;0;146.7;0
20250324 50E15 DN 570 DF1;3/24/2025 1:08:16 PM;0.202716666666667;200;200;1;20;2.4925;0;0;-1;12;16;16;16;1;0;0;0;0;0;0.3875;-0.175;0;2.4615;1.9165;0;0;0;22.455;1.9185;130.573259;138.6;0;146.7;0
20250324 50E15 DN 570 DF1;3/24/2025 1:08:21 PM;0.204108333333333;200;200;1;20;2.5535;0;0;-1;12;16;16;16;1;0;0;0;0;0;0.386;-0.175;0;2.5525;1.9165;0;0;0;22.455;1.951;131.473247;137.7;0;146.7;0
20250324 50E15 DN 570 DF1;3/24/2025 1:08:26 PM;0.205497222222222;200;200;1;20;2.524;0;0;-1;12;16;16;16;1;0;0;0;0;0;0.383;-0.1755;0;2.476;1.9165;0;0;0;22.455;1.936;132.673231;136.5;0;146.7;0
20250324 50E15 DN 570 DF1;3/24/2025 1:08:31 PM;0.206888888888889;200;200;1;20;2.5055;0;0;-1;11.43;16;16;16;1;0;0;0;0;0;0.396;-0.175;0;2.5285;1.9165;0;0;0;22.44;1.9365;133.723217;135.6;0;146.7;0
20250324 50E15 DN 570 DF1;3/24/2025 1:08:36 PM;0.208280555555556;200;200;1;20;2.645;0;0;-1;11.43;16;16;16;1;0;0;0;0;0;0.384;-0.1755;0;2.597;1.9165;0;0;0;22.425;1.994;134.773203;134.6;0;146.7;0
20250324 50E15 DN 570 DF1;3/24/2025 1:08:41 PM;0.209672222222222;200;200;1;20;2.4535;0;0;-1;11.43;16;16;16;1;0;0;0;0;0;0.382;-0.1755;0;2.419;1.9165;0;0;0;22.44;1.8975;135.823189;133.4;0;146.7;0
20250324 50E15 DN 570 DF1;3/24/2025 1:08:46 PM;0.211063888888889;200;200;1;20;2.633;0;0;-1;11.43;16;16;16;1;0;0;0;0;0;0.3835;-0.1755;0;2.563;1.9165;0;0;0;22.44;1.9895;136.798176;132.5;0;146.7;0
20250324 50E15 DN 570 DF1;3/24/2025 1:08:51 PM;0.212458333333333;200;200;1;20;2.633;0;0;-1;11.43;16;16;16;1;0;0;0;0;0;0.3835;-0.1755;0;2.563;1.9165;0;0;0;22.44;1.9895;136.798176;132.5;0;146.7;0
20250324 50E15 DN 570 DF1;3/24/2025 1:08:56 PM;0.21385;200;200;1;20;2.665;0;0;-1;11.43;16;16;16;1;0;0;0;0;0;0.389;-0.175;0;2.5825;1.9165;0;0;0;22.44;2.007;137.698164;131.6;0;146.7;0
20250324 50E15 DN 570 DF1;3/24/2025 1:09:01 PM;0.215241666666667;200;200;1;20;2.494;0;0;-1;11.43;16;16;16;1;100;2;100;100;0;0.3865;-0.175;0;2.437;1.9165;0;0;0;22.425;1.9185;138.898148;130.4;100;146.7;1
20250324 50E15 DN 570 DF1;3/24/2025 1:09:06 PM;0.216633333333333;200;200;1;20;2.5975;0;0;-1;11.43;16;16;16;1;100;2;100;100;0;0.3835;-0.1755;0;2.5705;1.9165;0;0;0;22.44;1.967;139.798136;140;100;146.7;1
20250324 50E15 DN 570 DF1;3/24/2025 1:09:11 PM;0.218022222222222;200;200;1;20;2.5675;0;0;-1;11.43;16;16;16;1;0;2;0;0;0;0.3895;-0.175;0;2.535;1.9165;0;0;0;22.44;1.959;140.923121;154.3;0;146.7;1
20250324 50E15 DN 570 DF1;3/24/2025 1:09:16 PM;0.219416666666667;200;200;1;20;2.6205;0;0;-1;12;16;16;16;1;0;2;0;0;0;0.396;-0.175;0;2.597;1.9165;0;0;0;22.425;1.9975;141.898108;157.2;0;146.7;1
20250324 50E15 DN 570 DF1;3/24/2025 1:09:21 PM;0.220805555555556;200;200;1;20;2.5345;0;0;-1;12;16;16;16;1;0;2;0;0;0;0.3775;-0.1755;0;2.5145;1.9165;0;0;0;22.425;1.928;143.023093;156.3;0;146.7;1
20250324 50E15 DN 570 DF1;3/24/2025 1:09:26 PM;0.222197222222222;200;200;1;20;2.6075;0;0;-1;12;16;16;16;1;0;2;0;0;0;0.38;-0.1755;0;2.5525;1.9165;0;0;0;22.395;1.971;143.99808;155.3;0;146.7;1
20250324 50E15 DN 570 DF1;3/24/2025 1:09:31 PM;0.223588888888889;200;200;1;20;2.569;0;0;-1;12;16;16;16;1;0;2;0;0;0;0.375;-0.176;0;2.5105;1.9165;0;0;0;22.38;1.947;144.898068;154.4;0;146.7;1
20250324 50E15 DN 570 DF1;3/24/2025 1:09:36 PM;0.224983333333333;200;200;1;20;2.6195;0;0;-1;11.43;16;16;16;1;0;2;0;0;0;0.3945;-0.1745;0;2.5675;1.9165;0;0;0;22.38;1.9925;146.098052;153.2;0;146.7;1
20250324 50E15 DN 570 DF1;3/24/2025 1:09:41 PM;0.226375;200;200;1;20;2.565;0;0;-1;11.43;16;16;16;1;0;2;0;0;0;0.395;-0.1745;0;2.516;1.9165;0;0;0;22.395;1.966;147.073039;152.3;0;146.7;1
20250324 50E15 DN 570 DF1;3/24/2025 1:09:46 PM;0.227766666666667;200;200;1;20;2.5695;0;0;-1;11.43;16;16;16;1;0;2;0;0;0;0.384;-0.175;0;2.501;1.9165;0;0;0;22.38;1.9565;147.973027;151.4;0;146.7;1
20250324 50E15 DN 570 DF1;3/24/2025 1:09:51 PM;0.229161111111111;200;200;1;20;2.601;0;0;-1;11.43;16;16;16;1;0;2;0;0;0;0.4025;-0.174;0;2.5555;1.9165;0;0;0;22.35;1.99;149.323009;150.2;0;146.7;1
20250324 50E15 DN 570 DF1;3/24/2025 1:09:56 PM;0.230552777777778;200;200;1;20;2.5545;0;0;-1;17.14;16;16;16;1;0;2;0;0;0;0.395;-0.1745;0;2.497;1.9165;0;0;0;22.335;1.96;150.372995;149.2;0;146.7;1
20250324 50E15 DN 570 DF1;3/24/2025 1:10:01 PM;0.231941666666667;200;200;1;20;2.6185;0;0;-1;17.14;16;16;16;1;0;2;0;0;0;0.4015;-0.175;0;2.6065;1.9165;0;0;0;22.335;1.998;151.272983;148.3;0;146.7;1
20250324 50E15 DN 570 DF1;3/24/2025 1:10:06 PM;0.233333333333333;200;200;1;20;2.457;0;0;-1;17.14;16;16;16;1;0;2;0;0;0;0.386;-0.175;0;2.449;1.9165;0;0;0;22.32;1.9015;152.397968;147.2;0;146.7;1
20250324 50E15 DN 570 DF1;3/24/2025 1:10:11 PM;0.234722222222222;200;200;1;20;2.56;0;0;-1;17.14;16;16;16;1;20;2;20;20;0;0.3925;-0.1755;0;2.5375;1.9165;0;0;0;22.32;1.958;153.522953;146.2;50;146.7;1
20250324 50E15 DN 570 DF1;3/24/2025 1:10:16 PM;0.236111111111111;200;200;1;20;2.56;0;0;-1;17.14;16;16;16;1;20;2;20;20;0;0.3925;-0.1755;0;2.5375;1.9165;0;0;0;22.32;1.958;153.522953;146.2;50;146.7;1
20250324 50E15 DN 570 DF1;3/24/2025 1:10:21 PM;0.237505555555556;200;200;1;20;2.492;0;0;-1;6.57;16;16;16;1;0;2;0;0;0;0.392;-0.175;0;2.484;1.9165;0;0;0;22.29;1.928;154.422941;148.1;0;146.7;1
20250324 50E15 DN 570 DF1;3/24/2025 1:10:26 PM;0.238894444444444;200;200;1;20;2.536;0;0;-1;6.57;16;16;16;1;0;2;0;0;0;0.3935;-0.1755;0;2.5175;1.9165;0;0;0;22.29;1.952;155.472927;152.1;0;146.7;1
20250324 50E15 DN 570 DF1;3/24/2025 1:10:31 PM;0.240283333333333;200;200;1;20;2.453;0;0;-1;6.57;16;16;16;1;0;2;0;0;0;0.3975;-0.175;0;2.4335;1.9165;0;0;0;22.29;1.9155;156.597912;151.1;0;146.7;1
20250324 50E15 DN 570 DF1;3/24/2025 1:10:36 PM;0.241675;200;200;1;20;2.511;0;0;-1;6.57;16;16;16;1;0;2;0;0;0;0.398;-0.1745;0;2.484;1.9165;0;0;0;22.275;1.946;157.4979;150.3;0;146.7;1
20250324 50E15 DN 570 DF1;3/24/2025 1:10:41 PM;0.243066666666667;200;200;1;20;2.4945;0;0;-1;11.43;16;16;16;1;0;2;0;0;0;0.397;-0.175;0;2.4675;1.9165;0;0;0;22.275;1.9345;158.697884;149.1;0;146.7;1
20250324 50E15 DN 570 DF1;3/24/2025 1:10:46 PM;0.244458333333333;200;200;1;20;2.646;0;0;-1;11.43;16;16;16;1;0;2;0;0;0;0.4055;-0.175;0;2.586;1.9165;0;0;0;22.26;2.0215;159.597872;148.2;0;146.7;1
20250324 50E15 DN 570 DF1;3/24/2025 1:10:51 PM;0.24585;200;200;1;20;2.4295;0;0;-1;11.43;16;16;16;1;0;2;0;0;0;0.393;-0.175;0;2.405;1.9165;0;0;0;22.26;1.8935;160.572859;147.2;0;146.7;1
20250324 50E15 DN 570 DF1;3/24/2025 1:10:57 PM;0.247244444444444;200;200;1;20;2.5115;0;0;-1;11.43;16;16;16;1;20;2;20;20;0;0.3845;-0.175;0;2.4455;1.9165;0;0;0;22.245;1.9245;161.622845;146.3;40;146.7;1
20250324 50E15 DN 570 DF1;3/24/2025 1:11:02 PM;0.248636111111111;200;200;1;20;2.5195;0;0;-1;12;16;16;16;1;0;2;0;0;0;0.395;-0.175;0;2.522;1.9165;0;0;0;22.23;1.941;162.822829;149.5;0;146.7;1
20250324 50E15 DN 570 DF1;3/24/2025 1:11:07 PM;0.250027777777778;200;200;1;20;2.5155;0;0;-1;12;16;16;16;1;0;2;0;0;0;0.401;-0.1745;0;2.499;1.9165;0;0;0;22.215;1.946;163.797816;151;0;146.7;1
20250324 50E15 DN 570 DF1;3/24/2025 1:11:12 PM;0.251419444444444;200;200;1;20;2.636;0;0;-1;12;16;16;16;1;0;2;0;0;0;0.3955;-0.175;0;2.5905;1.9165;0;0;0;22.215;2.0035;164.772803;150.1;0;146.7;1
20250324 50E15 DN 570 DF1;3/24/2025 1:11:17 PM;0.252811111111111;200;200;1;20;2.489;0;0;-1;12;16;16;16;1;0;2;0;0;0;0.396;-0.175;0;2.4915;1.9165;0;0;0;22.215;1.928;165.897788;149;0;146.7;1
20250324 50E15 DN 570 DF1;3/24/2025 1:11:22 PM;0.2542;200;200;1;20;2.518;0;0;-1;11.71;16;16;16;1;0;2;0;0;0;0.4005;-0.175;0;2.507;1.9165;0;0;0;22.215;1.952;167.022773;148.1;0;146.7;1
20250324 50E15 DN 570 DF1;3/24/2025 1:11:27 PM;0.255591666666667;200;200;1;20;2.5985;0;0;-1;11.71;16;16;16;1;0;2;0;0;0;0.391;-0.175;0;2.5455;1.9165;0;0;0;22.215;1.982;167.99776;147;0;146.7;1
20250324 50E15 DN 570 DF1;3/24/2025 1:11:32 PM;0.256980555555556;200;200;1;20;2.501;0;0;-1;11.71;16;16;16;1;50;2;50;30;0;0.396;-0.175;0;2.474;1.9165;0;0;0;22.2;1.94;168.972747;146;70;146.7;1
20250324 50E15 DN 570 DF1;3/24/2025 1:11:37 PM;0.258372222222222;200;200;1;20;2.645;0;0;-1;11.71;16;16;16;1;0;2;0;0;0;0.3865;-0.175;0;2.5655;1.9165;0;0;0;22.2;1.998;170.022733;150.5;0;146.7;1
20250324 50E15 DN 570 DF1;3/24/2025 1:11:42 PM;0.259761111111111;200;200;1;20;2.5925;0;0;-1;11.71;16;16;16;1;0;2;0;0;0;0.395;-0.175;0;2.519;1.9165;0;0;0;22.185;1.9795;170.99772;151.4;0;146.7;1
20250324 50E15 DN 570 DF1;3/24/2025 1:11:47 PM;0.261152777777778;200;200;1;20;2.5925;0;0;-1;11.71;16;16;16;1;0;2;0;0;0;0.395;-0.175;0;2.519;1.9165;0;0;0;22.185;1.9795;170.99772;151.4;0;146.7;1
20250324 50E15 DN 570 DF1;3/24/2025 1:11:52 PM;0.262541666666667;200;200;1;20;2.594;0;0;-1;11.71;16;16;16;1;0;2;0;0;0;0.399;-0.1745;0;2.5275;1.9165;0;0;0;22.17;1.9825;172.197704;150.3;0;146.7;1
20250324 50E15 DN 570 DF1;3/24/2025 1:11:57 PM;0.263930555555556;200;200;1;20;2.4515;0;0;-1;11.71;16;16;16;1;0;2;0;0;0;0.3915;-0.175;0;2.447;1.9165;0;0;0;22.155;1.9055;173.097692;149.4;0;146.7;1
20250324 50E15 DN 570 DF1;3/24/2025 1:12:02 PM;0.265322222222222;200;200;1;20;2.5525;0;0;-1;11.71;16;16;16;1;0;2;0;0;0;0.4025;-0.175;0;2.544;1.9165;0;0;0;22.155;1.9685;174.222677;148.4;0;146.7;1
20250324 50E15 DN 570 DF1;3/24/2025 1:12:07 PM;0.266711111111111;200;200;1;20;2.446;0;0;-1;12;16;16;16;1;0;2;0;0;0;0.4045;-0.175;0;2.458;1.9165;0;0;0;22.14;1.919;175.272663;147.2;0;146.7;1
20250324 50E15 DN 570 DF1;3/24/2025 1:12:12 PM;0.268102777777778;200;200;1;20;2.6565;0;0;-1;12;16;16;16;1;20;2;20;20;0;0.391;-0.1755;0;2.6205;1.9165;0;0;0;22.125;2.0095;176.397648;146.4;30;146.7;1
20250324 50E15 DN 570 DF1;3/24/2025 1:12:17 PM;0.269494444444444;200;200;1;20;2.639;0;0;-1;12;16;16;16;1;30;2;30;30;0;0.4015;-0.175;0;2.6115;1.9165;0;0;0;22.125;2.0135;177.297636;147;0;146.7;1
20250324 50E15 DN 570 DF1;3/24/2025 1:12:22 PM;0.270888888888889;200;200;1;20;2.489;0;0;-1;12;16;16;16;1;0;2;0;0;0;0.4005;-0.1745;0;2.466;1.9165;0;0;0;22.11;1.935;178.422621;152.5;0;146.7;1
20250324 50E15 DN 570 DF1;3/24/2025 1:12:27 PM;0.272280555555556;200;200;1;20;2.493;0;0;-1;12;16;16;16;1;0;2;0;0;0;0.4055;-0.174;0;2.456;1.9165;0;0;0;22.11;1.9435;179.472607;151.2;0;146.7;1
20250324 50E15 DN 570 DF1;3/24/2025 1:12:32 PM;0.273672222222222;200;200;1;20;2.568;0;0;-1;12;16;16;16;1;0;2;0;0;0;0.4045;-0.1745;0;2.534;1.9165;0;0;0;22.08;1.981;180.372595;150.4;0;146.7;1
20250324 50E15 DN 570 DF1;3/24/2025 1:12:37 PM;0.275061111111111;200;200;1;20;2.5475;0;0;-1;12;16;16;16;1;0;2;0;0;0;0.399;-0.1745;0;2.495;1.9165;0;0;0;22.065;1.961;181.197584;149.4;0;146.7;1
20250324 50E15 DN 570 DF1;3/24/2025 1:12:42 PM;0.276455555555556;200;200;1;20;2.6015;0;0;-1;11.43;16;16;16;1;0;2;0;0;0;0.398;-0.1745;0;2.555;1.9165;0;0;0;22.05;1.986;182.697564;148.2;0;146.7;1
20250324 50E15 DN 570 DF1;3/24/2025 1:12:47 PM;0.277847222222222;200;200;1;20;2.533;0;0;-1;11.43;16;16;16;1;0;2;0;0;0;0.3965;-0.175;0;2.517;1.9165;0;0;0;22.05;1.9495;183.597552;147.3;0;146.7;1
20250324 50E15 DN 570 DF1;3/24/2025 1:12:52 PM;0.279244444444444;200;200;1;20;2.526;0;0;-1;11.43;16;16;16;1;10;2;10;10;0;0.3985;-0.175;0;2.5185;1.9165;0;0;0;22.005;1.9505;184.49754;146.3;40;146.7;1
20250324 50E15 DN 570 DF1;3/24/2025 1:12:57 PM;0.280636111111111;200;200;1;20;2.516;0;0;-1;11.43;16;16;16;1;0;2;0;20;0;0.385;-0.175;0;2.495;1.9165;0;0;0;22.005;1.9285;185.697524;149.5;0;146.7;1
20250324 50E15 DN 570 DF1;3/24/2025 1:13:02 PM;0.282027777777778;200;200;1;20;2.552;0;0;-1;12;16;16;16;1;0;2;0;0;0;0.389;-0.175;0;2.5315;1.9165;0;0;0;22.005;1.9545;186.822509;152.8;0;146.7;1
20250324 50E15 DN 570 DF1;3/24/2025 1:13:07 PM;0.283419444444444;200;200;1;20;2.5885;0;0;-1;12;16;16;16;1;0;2;0;0;0;0.3925;-0.175;0;2.575;1.9165;0;0;0;22.005;1.977;187.797496;152;0;146.7;1
20250324 50E15 DN 570 DF1;3/24/2025 1:13:12 PM;0.284808333333333;200;200;1;20;2.5885;0;0;-1;12;16;16;16;1;0;2;0;0;0;0.3925;-0.175;0;2.575;1.9165;0;0;0;22.005;1.977;187.797496;152;0;146.7;1
20250324 50E15 DN 570 DF1;3/24/2025 1:13:17 PM;0.2862;200;200;1;20;2.642;0;0;-1;12;16;16;16;1;0;2;0;0;0;0.3995;-0.175;0;2.5735;1.9165;0;0;0;21.99;2.0135;188.922481;150.8;0;146.7;1
20250324 50E15 DN 570 DF1;3/24/2025 1:13:22 PM;0.287588888888889;200;200;1;20;2.719;0;0;-1;12;16;16;16;1;0;2;0;0;0;0.389;-0.1755;0;2.6485;1.9165;0;0;0;21.99;2.041;189.897468;149.8;0;146.7;1
20250324 50E15 DN 570 DF1;3/24/2025 1:13:27 PM;0.288980555555556;200;200;1;20;2.642;0;0;-1;11.71;16;16;16;1;0;2;0;0;0;0.3985;-0.1745;0;2.5745;1.9165;0;0;0;21.99;2.0105;191.022453;148.9;0;146.7;1
20250324 50E15 DN 570 DF1;3/24/2025 1:13:32 PM;0.290375;200;200;1;20;2.5425;0;0;-1;11.71;16;16;16;1;0;2;0;0;0;0.404;-0.174;0;2.5225;1.9165;0;0;0;21.975;1.967;191.922441;147.9;0;146.7;1
20250324 50E15 DN 570 DF1;3/24/2025 1:13:37 PM;0.291766666666667;200;200;1;20;2.4825;0;0;-1;11.71;16;16;16;1;0;2;0;0;0;0.3905;-0.175;0;2.424;1.9165;0;0;0;21.975;1.9175;193.122425;146.8;0;146.7;1
20250324 50E15 DN 570 DF1;3/24/2025 1:13:42 PM;0.293158333333333;200;200;1;20;2.6305;0;0;-1;11.71;16;16;16;1;70;2;70;70;0;0.4005;-0.175;0;2.579;1.9165;0;0;0;22.005;2.007;194.172411;146;70;146.7;1
20250324 50E15 DN 570 DF1;3/24/2025 1:13:47 PM;0.29455;200;200;1;20;2.7365;0;0;-1;12;16;16;16;1;0;2;0;0;0;0.3955;-0.175;0;2.6765;1.9165;0;0;0;22.005;2.053;194.9974;151.8;0;146.7;1
20250324 50E15 DN 570 DF1;3/24/2025 1:13:52 PM;0.295938888888889;200;200;1;20;2.6;0;0;-1;12;16;16;16;1;0;2;0;0;0;0.3875;-0.175;0;2.542;1.9165;0;0;0;22.005;1.974;196.272383;151.1;0;146.7;1
20250324 50E15 DN 570 DF1;3/24/2025 1:13:57 PM;0.297333333333333;200;200;1;20;2.599;0;0;-1;12;16;16;16;1;0;2;0;0;0;0.399;-0.175;0;2.561;1.9165;0;0;0;22.005;1.985;197.172371;150.3;0;146.7;1
20250324 50E15 DN 570 DF1;3/24/2025 1:14:02 PM;0.298725;200;200;1;20;2.757;0;0;-1;12;16;16;16;1;0;2;0;0;0;0.403;-0.175;0;2.726;1.9165;0;0;0;21.99;2.074;198.072359;149.4;0;146.7;1
20250324 50E15 DN 570 DF1;3/24/2025 1:14:07 PM;0.300119444444444;200;200;1;20;2.6045;0;0;-1;11.71;16;16;16;1;0;2;0;0;0;0.3885;-0.1755;0;2.578;1.9165;0;0;0;21.99;1.9795;199.272343;148.3;0;146.7;1
20250324 50E15 DN 570 DF1;3/24/2025 1:14:12 PM;0.301508333333333;200;200;1;20;2.6205;0;0;-1;11.71;16;16;16;1;0;2;0;0;0;0.3935;-0.1745;0;2.565;1.9165;0;0;0;22.005;1.9935;200.397328;147.3;0;146.7;1
20250324 50E15 DN 570 DF1;3/24/2025 1:14:17 PM;0.3029;200;200;1;20;2.578;0;0;-1;11.71;16;16;16;1;20;2;20;20;0;0.393;-0.175;0;2.515;1.9165;0;0;0;22.005;1.9705;201.297316;146.3;40;146.7;1
20250324 50E15 DN 570 DF1;3/24/2025 1:14:22 PM;0.304291666666667;200;200;1;20;2.5765;0;0;-1;11.71;16;16;16;1;0;2;0;0;0;0.389;-0.175;0;2.5355;1.9165;0;0;0;22.005;1.9665;202.422301;149.2;0;146.7;1
20250324 50E15 DN 570 DF1;3/24/2025 1:14:27 PM;0.305683333333333;200;200;1;20;2.5265;0;0;-1;11.43;16;16;16;1;0;2;0;0;0;0.402;-0.1745;0;2.514;1.9165;0;0;0;22.005;1.953;203.472287;149.7;0;146.7;1
20250324 50E15 DN 570 DF1;3/24/2025 1:14:32 PM;0.307072222222222;200;200;1;20;2.5185;0;0;-1;11.43;16;16;16;1;0;2;0;0;0;0.3945;-0.1745;0;2.485;1.9165;0;0;0;22.02;1.9395;204.522273;148.7;0;146.7;1
20250324 50E15 DN 570 DF1;3/24/2025 1:14:37 PM;0.308463888888889;200;200;1;20;2.516;0;0;-1;11.43;16;16;16;1;0;2;0;0;0;0.398;-0.175;0;2.508;1.9165;0;0;0;22.02;1.9425;205.722257;147.5;0;146.7;1
20250324 50E15 DN 570 DF1;3/24/2025 1:14:42 PM;0.309852777777778;200;200;1;20;2.516;0;0;-1;11.43;16;16;16;1;0;2;0;0;0;0.398;-0.175;0;2.508;1.9165;0;0;0;22.02;1.9425;205.722257;147.5;0;146.7;1
20250324 50E15 DN 570 DF1;3/24/2025 1:14:47 PM;0.311241666666667;200;200;1;20;2.4655;0;0;-1;11.43;16;16;16;1;0;2;0;0;0;0.3875;-0.175;0;2.4515;1.9165;0;0;0;22.005;1.905;206.622245;146.6;10;146.7;1
20250324 50E15 DN 570 DF1;3/24/2025 1:14:52 PM;0.312630555555556;200;200;1;20;2.563;0;0;-1;12.29;16;16;16;1;100;2;100;100;0;0.389;-0.175;0;2.543;1.9165;0;0;0;22.005;1.9605;207.597232;145.9;80;146.7;1
20250324 50E15 DN 570 DF1;3/24/2025 1:14:57 PM;0.314022222222222;200;200;1;20;2.589;0;0;-1;12.29;16;16;16;1;0;2;0;0;0;0.408;-0.1745;0;2.5855;1.9165;0;0;0;22.02;1.992;208.722217;154;0;146.7;1
20250324 50E15 DN 570 DF1;3/24/2025 1:15:02 PM;0.315416666666667;200;200;1;20;2.455;0;0;-1;12.29;16;16;16;1;0;2;0;0;0;0.396;-0.175;0;2.4325;1.9165;0;0;0;22.02;1.9135;209.772203;153.1;0;146.7;1
20250324 50E15 DN 570 DF1;3/24/2025 1:15:07 PM;0.316811111111111;200;200;1;20;2.625;0;0;-1;12.29;16;16;16;1;0;2;0;0;0;0.4025;-0.175;0;2.6085;1.9165;0;0;0;22.02;2.007;210.822189;152;0;146.7;1
20250324 50E15 DN 570 DF1;3/24/2025 1:15:12 PM;0.3182;200;200;1;20;2.609;0;0;-1;11.71;16;16;16;1;0;2;0;0;0;0.391;-0.175;0;2.5405;1.9165;0;0;0;22.05;1.986;211.797176;151.2;0;146.7;1
20250324 50E15 DN 570 DF1;3/24/2025 1:15:17 PM;0.319597222222222;200;200;1;20;2.5625;0;0;-1;11.71;16;16;16;1;0;2;0;0;0;0.3935;-0.1745;0;2.515;1.9165;0;0;0;22.035;1.9605;212.922161;150;0;146.7;1
20250324 50E15 DN 570 DF1;3/24/2025 1:15:22 PM;0.320986111111111;200;200;1;20;2.0015;0;0;-1;11.71;16;0;0;0;0;0;0;0;0;0.222;-0.1755;0;1.804;1.9165;0;0;0;22.035;1.5045;213.897148;149;0;146.7;0
20250324 50E15 DN 570 DF1;3/24/2025 1:15:27 PM;0.322375;200;200;1;20;0.0934999999999999;0;0;-1;11.71;16;0;0;0;0;0;0;0;0;-0.1525;-0.1765;0;-0.0825;1.9165;0;0;0;22.05;0.077;214.272143;150.2;0;146.7;1
20250324 50E15 DN 570 DF1;3/24/2025 1:15:32 PM;0.323766666666667;200;200;1;20;0.8835;0;0;-1;8.29;16;16;16;1;0;2;0;0;0;-0.0484999999999999;-0.1755;0;0.793;1.9165;0;0;0;22.035;0.5735;214.272143;149.9;0;146.7;1
20250324 50E15 DN 570 DF1;3/24/2025 1:15:37 PM;0.325158333333333;200;200;1;20;2.6805;0;0;-1;8.29;16;16;16;1;0;2;0;0;0;0.2045;-0.175;0;2.4645;1.9165;0;0;0;22.05;1.7935;215.097132;147.7;0;146.7;1
20250324 50E15 DN 570 DF1;3/24/2025 1:15:42 PM;0.32655;200;200;1;20;2.652;0;0;-1;8.29;16;16;16;1;0;2;0;0;0;0.2085;-0.1745;0;2.444;1.9165;0;0;0;22.065;1.7855;215.922121;146.9;0;146.7;1
20250324 50E15 DN 570 DF1;3/24/2025 1:15:47 PM;0.327941666666667;200;200;1;20;2.7855;0;0;-1;8.29;16;16;16;1;70;2;70;60;0;0.2;-0.1755;0;2.537;1.9165;0;0;0;22.05;1.844;216.972107;146;70;146.7;1
20250324 50E15 DN 570 DF1;3/24/2025 1:15:52 PM;0.329336111111111;200;200;1;20;2.7985;0;0;-1;9.14;16;16;16;1;0;2;0;0;0;0.2105;-0.175;0;2.557;1.9165;0;0;0;22.05;1.8615;218.022093;152.5;0;146.7;1
20250324 50E15 DN 570 DF1;3/24/2025 1:15:57 PM;0.330725;200;200;1;20;2.6355;0;0;-1;9.14;16;16;16;1;0;2;0;0;0;0.2085;-0.175;0;2.4085;1.9165;0;0;0;22.065;1.7795;218.772083;151.4;0;146.7;1
20250324 50E15 DN 570 DF1;3/24/2025 1:16:02 PM;0.332116666666667;200;200;1;20;2.839;0;0;-1;9.14;16;16;16;1;0;2;0;0;0;0.201;-0.175;0;2.5575;1.9165;0;0;0;22.08;1.8725;219.897068;150.3;0;146.7;1
20250324 50E15 DN 570 DF1;3/24/2025 1:16:07 PM;0.333508333333333;200;200;1;20;2.839;0;0;-1;9.14;16;16;16;1;0;2;0;0;0;0.201;-0.175;0;2.5575;1.9165;0;0;0;22.08;1.8725;219.897068;150.3;0;146.7;1
20250324 50E15 DN 570 DF1;3/24/2025 1:16:12 PM;0.334902777777778;200;200;1;20;2.7425;0;0;-1;9.14;16;16;16;1;0;2;0;0;0;0.208;-0.175;0;2.4855;1.9165;0;0;0;22.08;1.8325;220.797056;149.5;0;146.7;1
20250324 50E15 DN 570 DF1;3/24/2025 1:16:17 PM;0.336297222222222;200;200;1;20;2.9085;0;0;-1;10.57;16;16;16;1;0;2;0;0;0;0.197;-0.1755;0;2.59;1.9165;0;0;0;22.08;1.902;221.697044;148.6;0;146.7;1
20250324 50E15 DN 570 DF1;3/24/2025 1:16:22 PM;0.337688888888889;200;200;1;20;2.647;0;0;-1;10.57;16;16;16;1;0;2;0;0;0;0.1985;-0.175;0;2.3745;1.9165;0;0;0;22.08;1.77;222.597032;147.8;0;146.7;1
20250324 50E15 DN 570 DF1;3/24/2025 1:16:27 PM;0.339083333333333;200;200;1;20;2.65;0;0;-1;10.57;16;16;16;1;0;2;0;0;0;0.197;-0.175;0;2.383;1.9165;0;0;0;22.08;1.7695;223.722017;146.7;0;146.7;1
20250324 50E15 DN 570 DF1;3/24/2025 1:16:32 PM;0.340475;200;200;1;20;2.7315;0;0;-1;10.57;16;16;16;1;70;2;70;70;0;0.1965;-0.1755;0;2.4455;1.9165;0;0;0;22.095;1.811;224.622005;146.2;50;146.7;1
20250324 50E15 DN 570 DF1;3/24/2025 1:16:37 PM;0.341863888888889;200;200;1;20;2.666;0;0;-1;10.86;16;16;16;1;0;2;0;0;0;0.2105;-0.175;0;2.447;1.9165;0;0;0;22.11;1.7935;225.371995;151.7;0;146.7;1
20250324 50E15 DN 570 DF1;3/24/2025 1:16:42 PM;0.343255555555556;200;200;1;20;2.68;0;0;-1;10.86;16;16;16;1;0;2;0;0;0;0.2055;-0.175;0;2.4555;1.9165;0;0;0;22.125;1.7965;226.571979;150.6;0;146.7;1
20250324 50E15 DN 570 DF1;3/24/2025 1:16:47 PM;0.344644444444444;200;200;1;20;2.6895;0;0;-1;10.86;16;16;16;1;0;2;0;0;0;0.2055;-0.175;0;2.48;1.9165;0;0;0;22.125;1.801;227.471967;149.8;0;146.7;1
20250324 50E15 DN 570 DF1;3/24/2025 1:16:52 PM;0.346038888888889;200;200;1;20;2.71;0;0;-1;10.86;16;16;16;1;0;2;0;0;0;0.2105;-0.175;0;2.4765;1.9165;0;0;0;22.125;1.818;228.521953;149;0;146.7;1
20250324 50E15 DN 570 DF1;3/24/2025 1:16:57 PM;0.347430555555556;200;200;1;20;2.7215;0;0;-1;10.86;16;16;16;1;0;2;0;0;0;0.205;-0.175;0;2.486;1.9165;0;0;0;22.155;1.818;229.49694;147.9;0;146.7;1
20250324 50E15 DN 570 DF1;3/24/2025 1:17:02 PM;0.348822222222222;200;200;1;20;2.7705;0;0;-1;10.86;16;16;16;1;0;2;0;0;0;0.2065;-0.175;0;2.5085;1.9165;0;0;0;22.155;1.845;230.396928;147.1;0;146.7;1
20250324 50E15 DN 570 DF1;3/24/2025 1:17:07 PM;0.350211111111111;200;200;1;20;2.877;0;0;-1;10.86;16;16;16;1;40;2;40;40;0;0.2125;-0.175;0;2.568;1.9165;0;0;0;22.185;1.9065;231.296916;146.1;60;146.7;1
20250324 50E15 DN 570 DF1;3/24/2025 1:17:12 PM;0.351605555555556;200;200;1;20;2.7265;0;0;-1;10.86;16;16;16;1;0;2;0;0;0;0.205;-0.175;0;2.4645;1.9165;0;0;0;22.17;1.817;232.421901;152.5;0;146.7;1
20250324 50E15 DN 570 DF1;3/24/2025 1:17:17 PM;0.352994444444444;200;200;1;20;2.6085;0;0;-1;10.57;16;16;16;1;0;2;0;0;0;0.1965;-0.175;0;2.36;1.9165;0;0;0;22.185;1.7485;233.171891;154.4;0;146.7;1
20250324 50E15 DN 570 DF1;3/24/2025 1:17:22 PM;0.354388888888889;200;200;1;20;2.6585;0;0;-1;10.57;16;16;16;1;0;2;0;0;0;0.206;-0.175;0;2.4325;1.9165;0;0;0;22.185;1.7845;234.071879;153.5;0;146.7;1
20250324 50E15 DN 570 DF1;3/24/2025 1:17:27 PM;0.355780555555556;200;200;1;20;2.6975;0;0;-1;10.57;16;16;16;1;0;2;0;0;0;0.2065;-0.175;0;2.4775;1.9165;0;0;0;22.2;1.8045;234.971867;152.6;0;146.7;1
20250324 50E15 DN 570 DF1;3/24/2025 1:17:32 PM;0.357172222222222;200;200;1;20;2.7225;0;0;-1;10.57;16;16;16;1;0;2;0;0;0;0.2015;-0.175;0;2.5015;1.9165;0;0;0;22.215;1.8135;236.096852;151.6;0;146.7;1
20250324 50E15 DN 570 DF1;3/24/2025 1:17:37 PM;0.358561111111111;200;200;1;20;2.7225;0;0;-1;10.57;16;16;16;1;0;2;0;0;0;0.2015;-0.175;0;2.5015;1.9165;0;0;0;22.215;1.8135;236.096852;151.6;0;146.7;1
20250324 50E15 DN 570 DF1;3/24/2025 1:17:42 PM;0.359952777777778;200;200;1;20;2.8025;0;0;-1;10.86;16;16;16;1;0;2;0;0;0;0.215;-0.175;0;2.5645;1.9165;0;0;0;22.2;1.8685;236.99684;150.8;0;146.7;1
20250324 50E15 DN 570 DF1;3/24/2025 1:17:47 PM;0.361344444444444;200;200;1;20;2.81;0;0;-1;10.86;16;16;16;1;0;2;0;0;0;0.211;-0.175;0;2.5925;1.9165;0;0;0;22.2;1.8685;237.896828;149.8;0;146.7;1
20250324 50E15 DN 570 DF1;3/24/2025 1:17:52 PM;0.362736111111111;200;200;1;20;2.8065;0;0;-1;10.86;16;16;16;1;0;2;0;0;0;0.199;-0.1755;0;2.553;1.9165;0;0;0;22.215;1.854;239.021813;148.7;0;146.7;1
20250324 50E15 DN 570 DF1;3/24/2025 1:17:57 PM;0.364125;200;200;1;20;2.7655;0;0;-1;10.86;16;16;16;1;0;2;0;0;0;0.2115;-0.175;0;2.521;1.9165;0;0;0;22.215;1.8455;239.921801;147.9;0;146.7;1
20250324 50E15 DN 570 DF1;3/24/2025 1:18:02 PM;0.365516666666667;200;200;1;20;2.748;0;0;-1;11.14;16;16;16;1;0;2;0;0;0;0.2025;-0.1755;0;2.513;1.9165;0;0;0;22.215;1.8305;240.821789;147;0;146.7;1
20250324 50E15 DN 570 DF1;3/24/2025 1:18:07 PM;0.366905555555556;200;200;1;20;2.8715;0;0;-1;11.14;16;16;16;1;50;2;50;30;0;0.2045;-0.175;0;2.5845;1.9165;0;0;0;22.215;1.892;241.871775;146;70;146.7;1
20250324 50E15 DN 570 DF1;3/24/2025 1:18:12 PM;0.368297222222222;200;200;1;20;2.885;0;0;-1;11.14;16;16;16;1;0;2;0;0;0;0.2;-0.1755;0;2.5785;1.9165;0;0;0;22.215;1.8945;242.771763;151.7;0;146.7;1
20250324 50E15 DN 570 DF1;3/24/2025 1:18:17 PM;0.369688888888889;200;200;1;20;2.822;0;0;-1;11.14;16;16;16;1;0;2;0;0;0;0.204;-0.175;0;2.543;1.9165;0;0;0;22.23;1.864;243.671751;152.9;0;146.7;1
20250324 50E15 DN 570 DF1;3/24/2025 1:18:22 PM;0.371083333333333;200;200;1;20;2.8195;0;0;-1;10.57;16;16;16;1;0;2;0;0;0;0.2085;-0.175;0;2.541;1.9165;0;0;0;22.23;1.8685;244.721737;151.9;0;146.7;1
20250324 50E15 DN 570 DF1;3/24/2025 1:18:27 PM;0.372475;200;200;1;20;2.873;0;0;-1;10.57;16;16;16;1;0;2;0;0;0;0.214;-0.175;0;2.6145;1.9165;0;0;0;22.245;1.9;245.696724;151;0;146.7;1
20250324 50E15 DN 570 DF1;3/24/2025 1:18:32 PM;0.373866666666667;200;200;1;20;2.804;0;0;-1;10.57;16;16;16;1;0;2;0;0;0;0.206;-0.175;0;2.555;1.9165;0;0;0;22.245;1.8555;246.521713;150.2;0;146.7;1
20250324 50E15 DN 570 DF1;3/24/2025 1:18:37 PM;0.375258333333333;200;200;1;20;2.8095;0;0;-1;10.57;16;16;16;1;0;2;0;0;0;0.207;-0.1755;0;2.5615;1.9165;0;0;0;22.245;1.8615;247.421701;149.2;0;146.7;1
20250324 50E15 DN 570 DF1;3/24/2025 1:18:42 PM;0.376647222222222;200;200;1;20;2.7175;0;0;-1;10.57;16;16;16;1;0;2;0;0;0;0.21;-0.175;0;2.4945;1.9165;0;0;0;22.275;1.822;248.471687;148.2;0;146.7;1
20250324 50E15 DN 570 DF1;3/24/2025 1:18:47 PM;0.378041666666667;200;200;1;20;2.7835;0;0;-1;10.57;16;16;16;1;0;2;0;0;0;0.2145;-0.175;0;2.563;1.9165;0;0;0;22.275;1.8605;249.371675;147.3;0;146.7;1
20250324 50E15 DN 570 DF1;3/24/2025 1:18:52 PM;0.379433333333333;200;200;1;20;2.817;0;0;-1;10.57;16;16;16;1;10;2;10;10;0;0.195;-0.1755;0;2.514;1.9165;0;0;0;22.275;1.8565;250.271663;146.4;30;146.7;1
20250324 50E15 DN 570 DF1;3/24/2025 1:18:57 PM;0.380822222222222;200;200;1;20;2.6865;0;0;-1;10.57;16;16;16;1;0;2;0;10;0;0.205;-0.175;0;2.4365;1.9165;0;0;0;22.29;1.8025;251.321649;149;0;146.7;1
20250324 50E15 DN 570 DF1;3/24/2025 1:19:02 PM;0.382211111111111;200;200;1;20;2.8185;0;0;-1;10.57;16;16;16;1;0;2;0;0;0;0.209;-0.175;0;2.534;1.9165;0;0;0;22.305;1.872;252.296636;150.8;0;146.7;1
20250324 50E15 DN 570 DF1;3/24/2025 1:19:07 PM;0.383605555555556;200;200;1;20;2.8185;0;0;-1;10.57;16;16;16;1;0;2;0;0;0;0.209;-0.175;0;2.534;1.9165;0;0;0;22.305;1.872;252.296636;150.8;0;146.7;1
20250324 50E15 DN 570 DF1;3/24/2025 1:19:12 PM;0.384994444444444;200;200;1;20;2.853;0;0;-1;10.57;16;16;16;1;0;2;0;0;0;0.211;-0.175;0;2.555;1.9165;0;0;0;22.305;1.888;253.196624;149.9;0;146.7;1
20250324 50E15 DN 570 DF1;3/24/2025 1:19:17 PM;0.386386111111111;200;200;1;20;2.775;0;0;-1;10.57;16;16;16;1;0;2;0;0;0;0.2085;-0.175;0;2.4845;1.9165;0;0;0;22.32;1.8465;254.321609;148.8;0;146.7;1
20250324 50E15 DN 570 DF1;3/24/2025 1:19:22 PM;0.387780555555556;200;200;1;20;2.776;0;0;-1;10.57;16;16;16;1;0;2;0;0;0;0.2055;-0.1755;0;2.507;1.9165;0;0;0;22.305;1.843;255.071599;147.9;0;146.7;1
20250324 50E15 DN 570 DF1;3/24/2025 1:19:27 PM;0.389169444444444;200;200;1;20;2.806;0;0;-1;10.86;16;16;16;1;0;2;0;0;0;0.2075;-0.1755;0;2.53;1.9165;0;0;0;22.335;1.8625;256.121585;147.1;0;146.7;1
20250324 50E15 DN 570 DF1;3/24/2025 1:19:32 PM;0.390561111111111;200;200;1;20;2.789;0;0;-1;10.86;16;16;16;1;40;2;40;30;0;0.2115;-0.1755;0;2.5495;1.9165;0;0;0;22.335;1.8565;257.171571;146;70;146.7;1
20250324 50E15 DN 570 DF1;3/24/2025 1:19:37 PM;0.391952777777778;200;200;1;20;2.855;0;0;-1;10.86;16;16;16;1;0;2;0;0;0;0.212;-0.175;0;2.6055;1.9165;0;0;0;22.365;1.8915;257.99656;151.2;0;146.7;1
20250324 50E15 DN 570 DF1;3/24/2025 1:19:42 PM;0.393347222222222;200;200;1;20;2.835;0;0;-1;10.86;16;16;16;1;0;2;0;0;0;0.212;-0.1755;0;2.576;1.9165;0;0;0;22.365;1.885;258.971547;152.5;0;146.7;1
20250324 50E15 DN 570 DF1;3/24/2025 1:19:47 PM;0.394736111111111;200;200;1;20;2.755;0;0;-1;11.14;16;16;16;1;0;2;0;0;0;0.2055;-0.1755;0;2.4895;1.9165;0;0;0;22.365;1.836;259.796536;151.8;0;146.7;1
20250324 50E15 DN 570 DF1;3/24/2025 1:19:52 PM;0.396127777777778;200;200;1;20;2.8735;0;0;-1;11.14;16;16;16;1;0;2;0;0;0;0.2035;-0.1755;0;2.587;1.9165;0;0;0;22.38;1.894;260.921521;150.8;0;146.7;1
20250324 50E15 DN 570 DF1;3/24/2025 1:19:57 PM;0.397516666666667;200;200;1;20;2.6815;0;0;-1;11.14;16;16;16;1;0;2;0;0;0;0.2025;-0.175;0;2.431;1.9165;0;0;0;22.38;1.7935;261.821509;149.9;0;146.7;1
20250324 50E15 DN 570 DF1;3/24/2025 1:20:02 PM;0.398905555555556;200;200;1;20;2.858;0;0;-1;11.14;16;16;16;1;0;2;0;0;0;0.203;-0.1755;0;2.5485;1.9165;0;0;0;22.41;1.8835;262.721497;149;0;146.7;1
20250324 50E15 DN 570 DF1;3/24/2025 1:20:07 PM;0.400297222222222;200;200;1;20;2.8765;0;0;-1;10.57;16;16;16;1;0;2;0;0;0;0.2055;-0.1755;0;2.5865;1.9165;0;0;0;22.425;1.897;263.771483;148;0;146.7;1
20250324 50E15 DN 570 DF1;3/24/2025 1:20:13 PM;0.401688888888889;200;200;1;20;2.66;0;0;-1;10.57;16;16;16;1;0;2;0;0;0;0.2005;-0.175;0;2.402;1.9165;0;0;0;22.47;1.7785;264.671471;147.2;0;146.7;1
20250324 50E15 DN 570 DF1;3/24/2025 1:20:18 PM;0.403080555555556;200;200;1;20;2.7185;0;0;-1;10.57;16;16;16;1;20;2;20;20;0;0.209;-0.175;0;2.4555;1.9165;0;0;0;22.44;1.8205;265.421461;146.2;50;146.7;1
20250324 50E15 DN 570 DF1;3/24/2025 1:20:23 PM;0.404475;200;200;1;20;2.7865;0;0;-1;11.14;16;16;16;1;0;2;0;0;0;0.213;-0.175;0;2.5485;1.9165;0;0;0;22.44;1.857;266.621445;150;0;146.7;1
20250324 50E15 DN 570 DF1;3/24/2025 1:20:28 PM;0.405863888888889;200;200;1;20;2.811;0;0;-1;11.14;16;16;16;1;0;2;0;0;0;0.2115;-0.1755;0;2.5765;1.9165;0;0;0;22.47;1.868;267.596432;151.8;0;146.7;1
20250324 50E15 DN 570 DF1;3/24/2025 1:20:33 PM;0.407255555555556;200;200;1;20;2.7655;0;0;-1;11.14;16;16;16;1;0;2;0;0;0;0.2195;-0.175;0;2.535;1.9165;0;0;0;22.44;1.854;268.421421;151;0;146.7;1
20250324 50E15 DN 570 DF1;3/24/2025 1:20:38 PM;0.408647222222222;200;200;1;20;2.7655;0;0;-1;11.14;16;16;16;1;0;2;0;0;0;0.2195;-0.175;0;2.535;1.9165;0;0;0;22.44;1.854;268.421421;151;0;146.7;1
20250324 50E15 DN 570 DF1;3/24/2025 1:20:43 PM;0.410041666666667;200;200;1;20;2.7255;0;0;-1;11.14;16;16;16;1;0;2;0;0;0;0.2055;-0.1755;0;2.519;1.9165;0;0;0;22.47;1.821;269.471407;149.9;0;146.7;1
20250324 50E15 DN 570 DF1;3/24/2025 1:20:48 PM;0.411433333333333;200;200;1;20;2.641;0;0;-1;10.29;16;16;16;1;0;2;0;0;0;0.2065;-0.1755;0;2.3795;1.9165;0;0;0;22.485;1.78;270.371395;149.1;0;146.7;1
20250324 50E15 DN 570 DF1;3/24/2025 1:20:53 PM;0.412827777777778;200;200;1;20;2.8155;0;0;-1;10.29;16;16;16;1;0;2;0;0;0;0.2085;-0.1755;0;2.5365;1.9165;0;0;0;22.485;1.87;271.271383;148.3;0;146.7;1
20250324 50E15 DN 570 DF1;3/24/2025 1:20:58 PM;0.414219444444444;200;200;1;20;2.611;0;0;-1;10.29;16;16;16;1;0;2;0;0;0;0.203;-0.175;0;2.3655;1.9165;0;0;0;22.47;1.758;272.396368;147.2;0;146.7;1
20250324 50E15 DN 570 DF1;3/24/2025 1:21:03 PM;0.415608333333333;200;200;1;20;2.6605;0;0;-1;10.29;16;16;16;1;20;2;20;20;0;0.199;-0.175;0;2.418;1.9165;0;0;0;22.485;1.7795;273.296356;146.2;50;146.7;1
20250324 50E15 DN 570 DF1;3/24/2025 1:21:08 PM;0.417002777777778;200;200;1;20;2.5725;0;0;-1;10.86;16;16;16;1;0;2;0;0;0;0.21;-0.175;0;2.336;1.9165;0;0;0;22.485;1.747;274.196344;148.1;0;146.7;1
20250324 50E15 DN 570 DF1;3/24/2025 1:21:13 PM;0.418394444444444;200;200;1;20;2.641;0;0;-1;10.86;16;16;16;1;0;2;0;0;0;0.2015;-0.1755;0;2.391;1.9165;0;0;0;22.485;1.771;275.096332;152.6;0;146.7;1
20250324 50E15 DN 570 DF1;3/24/2025 1:21:18 PM;0.419786111111111;200;200;1;20;2.859;0;0;-1;10.86;16;16;16;1;0;2;0;0;0;0.2145;-0.1755;0;2.611;1.9165;0;0;0;22.47;1.8935;275.99632;151.5;0;146.7;1
20250324 50E15 DN 570 DF1;3/24/2025 1:21:23 PM;0.421177777777778;200;200;1;20;2.744;0;0;-1;10.86;16;16;16;1;0;2;0;0;0;0.215;-0.1755;0;2.5255;1.9165;0;0;0;22.47;1.838;277.121305;150.6;0;146.7;1
20250324 50E15 DN 570 DF1;3/24/2025 1:21:28 PM;0.422569444444444;200;200;1;20;2.6355;0;0;-1;10.86;16;16;16;1;0;2;0;0;0;0.203;-0.176;0;2.43;1.9165;0;0;0;22.47;1.7735;277.871295;149.7;0;146.7;1
20250324 50E15 DN 570 DF1;3/24/2025 1:21:33 PM;0.423961111111111;200;200;1;20;2.784;0;0;-1;10.86;16;16;16;1;0;2;0;0;0;0.203;-0.1755;0;2.495;1.9165;0;0;0;22.47;1.8495;279.071279;148.6;0;146.7;1
20250324 50E15 DN 570 DF1;3/24/2025 1:21:38 PM;0.425352777777778;200;200;1;20;2.755;0;0;-1;10.86;16;16;16;1;0;2;0;0;0;0.196;-0.176;0;2.4845;1.9165;0;0;0;22.47;1.8255;279.896268;147.8;0;146.7;1
20250324 50E15 DN 570 DF1;3/24/2025 1:21:43 PM;0.426744444444444;200;200;1;20;2.739;0;0;-1;10.86;16;16;16;1;0;2;0;0;0;0.2025;-0.1755;0;2.468;1.9165;0;0;0;22.47;1.825;280.796256;146.9;0;146.7;1
20250324 50E15 DN 570 DF1;3/24/2025 1:21:48 PM;0.428133333333333;200;200;1;20;2.745;0;0;-1;10.86;16;16;16;1;70;2;70;50;0;0.208;-0.1755;0;2.498;1.9165;0;0;0;22.425;1.834;281.921241;146;70;146.7;1
20250324 50E15 DN 570 DF1;3/24/2025 1:21:53 PM;0.429525;200;200;1;20;2.716;0;0;-1;10.86;16;16;16;1;0;2;0;0;0;0.21;-0.175;0;2.4635;1.9165;0;0;0;22.44;1.818;282.821229;152.5;0;146.7;1
20250324 50E15 DN 570 DF1;3/24/2025 1:21:58 PM;0.430916666666667;200;200;1;20;2.722;0;0;-1;10.86;16;16;16;1;0;2;0;0;0;0.202;-0.175;0;2.4525;1.9165;0;0;0;22.44;1.8145;283.571219;152.1;0;146.7;1
20250324 50E15 DN 570 DF1;3/24/2025 1:22:03 PM;0.432305555555556;200;200;1;20;2.722;0;0;-1;10.86;16;16;16;1;0;2;0;0;0;0.202;-0.175;0;2.4525;1.9165;0;0;0;22.44;1.8145;283.571219;152.1;0;146.7;1
20250324 50E15 DN 570 DF1;3/24/2025 1:22:08 PM;0.433697222222222;200;200;1;20;2.73;0;0;-1;10.86;16;16;16;1;0;2;0;0;0;0.209;-0.175;0;2.47;1.9165;0;0;0;22.425;1.824;284.921201;150.9;0;146.7;1
20250324 50E15 DN 570 DF1;3/24/2025 1:22:13 PM;0.435091666666667;200;200;1;20;2.621;0;0;-1;10.57;16;16;16;1;0;2;0;0;0;0.2075;-0.175;0;2.3755;1.9165;0;0;0;22.41;1.767;285.671191;150.2;0;146.7;1
20250324 50E15 DN 570 DF1;3/24/2025 1:22:18 PM;0.436483333333333;200;200;1;20;2.7605;0;0;-1;10.57;16;16;16;1;0;2;0;0;0;0.2085;-0.1755;0;2.5205;1.9165;0;0;0;22.425;1.8395;286.49618;149.3;0;146.7;1
20250324 50E15 DN 570 DF1;3/24/2025 1:22:23 PM;0.437875;200;200;1;20;2.751;0;0;-1;10.57;16;16;16;1;0;2;0;0;0;0.2145;-0.175;0;2.5445;1.9165;0;0;0;22.41;1.845;287.621165;148.2;0;146.7;1
20250324 50E15 DN 570 DF1;3/24/2025 1:22:28 PM;0.439263888888889;200;200;1;20;2.7395;0;0;-1;10.57;16;16;16;1;0;2;0;0;0;0.213;-0.175;0;2.499;1.9165;0;0;0;22.38;1.8375;288.521153;147.4;0;146.7;1
20250324 50E15 DN 570 DF1;3/24/2025 1:22:33 PM;0.440655555555556;200;200;1;20;2.792;0;0;-1;10.86;16;16;16;1;0;2;0;0;0;0.2115;-0.1755;0;2.5155;1.9165;0;0;0;22.395;1.865;289.421141;146.4;30;146.7;1
20250324 50E15 DN 570 DF1;3/24/2025 1:22:38 PM;0.442047222222222;200;200;1;20;2.782;0;0;-1;10.86;16;16;16;1;70;2;70;70;0;0.2105;-0.1755;0;2.5165;1.9165;0;0;0;22.38;1.8595;290.321129;146.6;10;146.7;1
20250324 50E15 DN 570 DF1;3/24/2025 1:22:43 PM;0.443441666666667;200;200;1;20;2.823;0;0;-1;10.86;16;16;16;1;0;2;0;0;0;0.2025;-0.1755;0;2.5185;1.9165;0;0;0;22.365;1.8665;291.371115;152.8;0;146.7;1
20250324 50E15 DN 570 DF1;3/24/2025 1:22:48 PM;0.444830555555556;200;200;1;20;2.7375;0;0;-1;10.86;16;16;16;1;0;2;0;0;0;0.2095;-0.175;0;2.4985;1.9165;0;0;0;22.365;1.8325;292.271103;152;0;146.7;1
20250324 50E15 DN 570 DF1;3/24/2025 1:22:53 PM;0.446219444444444;200;200;1;20;2.654;0;0;-1;10.86;16;16;16;1;0;2;0;0;0;0.2145;-0.175;0;2.3915;1.9165;0;0;0;22.335;1.795;293.171091;151.2;0;146.7;1
20250324 50E15 DN 570 DF1;3/24/2025 1:22:58 PM;0.447611111111111;200;200;1;20;2.852;0;0;-1;10.86;16;16;16;1;0;2;0;0;0;0.2105;-0.175;0;2.5685;1.9165;0;0;0;22.305;1.8845;294.071079;150;0;146.7;1
20250324 50E15 DN 570 DF1;3/24/2025 1:23:03 PM;0.449;200;200;1;20;2.7215;0;0;-1;10.86;16;16;16;1;0;2;0;0;0;0.208;-0.175;0;2.5005;1.9165;0;0;0;22.305;1.8175;295.121065;149.2;0;146.7;1
20250324 50E15 DN 570 DF1;3/24/2025 1:23:08 PM;0.450388888888889;200;200;1;20;2.7505;0;0;-1;10.86;16;16;16;1;0;2;0;0;0;0.2035;-0.1755;0;2.5265;1.9165;0;0;0;22.305;1.8305;296.096052;148.3;0;146.7;1
20250324 50E15 DN 570 DF1;3/24/2025 1:23:13 PM;0.451783333333333;200;200;1;20;2.7725;0;0;-1;10.29;16;16;16;1;0;2;0;0;0;0.206;-0.1755;0;2.5155;1.9165;0;0;0;22.32;1.8455;296.99604;147.4;0;146.7;1
20250324 50E15 DN 570 DF1;3/24/2025 1:23:18 PM;0.453175;200;200;1;20;2.8435;0;0;-1;10.29;16;16;16;1;0;2;0;0;0;0.2085;-0.1755;0;2.567;1.9165;0;0;0;22.305;1.884;297.971027;146.5;20;146.7;1
20250324 50E15 DN 570 DF1;3/24/2025 1:23:23 PM;0.454569444444444;200;200;1;20;2.84;0;0;-1;10.29;16;16;16;1;90;2;90;90;0;0.2075;-0.1755;0;2.558;1.9165;0;0;0;22.245;1.881;298.871015;146.2;50;146.7;1
20250324 50E15 DN 570 DF1;3/24/2025 1:23:28 PM;0.455961111111111;200;200;1;20;2.869;0;0;-1;10.29;16;0;0;0;0;0;0;0;0;0.204;-0.1755;0;2.5805;1.9165;0;0;0;22.26;1.89;299.996;153.3;0;146.7;0
20250324 50E15 DN 570 DF1;3/24/2025 1:23:33 PM;0.457352777777778;200;200;1;20;2.869;0;0;-1;10.29;16;0;0;0;0;0;0;0;0;0.204;-0.1755;0;2.5805;1.9165;0;0;0;22.26;1.89;299.996;153.3;0;146.7;0
20250324 50E15 DN 570 DF1;3/24/2025 1:23:38 PM;0.458744444444444;200;200;1;20;0.2565;0;0;-1;0;16;0;0;0;0;0;0;0;0;-0.1395;-0.1765;0;0.0509999999999999;1.9165;0;0;0;22.26;0.1765;300.295996;153.8;0;146.7;0
20250324 50E15 DN 570 DF1;3/24/2025 1:23:43 PM;0.460138888888889;200;200;1;20;0.0175000000000001;0;0;-1;0;16;0;0;0;0;2;0;0;0;-0.161;-0.1765;0;-0.148;1.9165;0;0;0;22.275;0.0275000000000001;300.370995;154.3;0;146.7;1
20250324 50E15 DN 570 DF1;3/24/2025 1:23:48 PM;0.461527777777778;200;200;1;20;1.6435;0;0;-1;0;16;16;16;1;0;2;0;0;0;0.0295000000000001;-0.1755;0;1.495;1.9165;0;0;0;22.26;1.049;300.295996;153.7;0;146.7;1
20250324 50E15 DN 570 DF1;3/24/2025 1:23:53 PM;0.462919444444444;200;200;1;20;2.7515;0;0;-1;0;16;16;16;1;0;2;0;0;0;0.189;-0.175;0;2.452;1.9165;0;0;0;22.245;1.8155;301.420981;151.6;0;146.7;1
20250324 50E15 DN 570 DF1;3/24/2025 1:23:58 PM;0.464311111111111;200;200;1;20;2.826;0;0;-1;0;16;16;16;1;0;2;0;0;0;0.1915;-0.175;0;2.518;1.9165;0;0;0;22.26;1.852;302.320969;150.6;0;146.7;1
20250324 50E15 DN 570 DF1;3/24/2025 1:24:03 PM;0.465705555555556;200;200;1;20;2.5855;0;0;-1;0;16;16;16;1;0;2;0;0;0;0.185;-0.175;0;2.327;1.9165;0;0;0;22.23;1.723;303.220957;149.7;0;146.7;1
20250324 50E15 DN 570 DF1;3/24/2025 1:24:08 PM;0.467094444444444;200;200;1;20;2.767;0;0;-1;9.14;16;16;16;1;0;2;0;0;0;0.1945;-0.175;0;2.515;1.9165;0;0;0;22.23;1.825;304.270943;148.8;0;146.7;1
20250324 50E15 DN 570 DF1;3/24/2025 1:24:13 PM;0.468486111111111;200;200;1;20;2.938;0;0;-1;9.14;16;16;16;1;0;2;0;0;0;0.1885;-0.1755;0;2.6405;1.9165;0;0;0;22.23;1.904;305.320929;148;0;146.7;1
20250324 50E15 DN 570 DF1;3/24/2025 1:24:18 PM;0.469875;200;200;1;20;2.8365;0;0;-1;9.14;16;16;16;1;0;2;0;0;0;0.206;-0.175;0;2.583;1.9165;0;0;0;22.23;1.8735;305.99592;147.2;0;146.7;1
20250324 50E15 DN 570 DF1;3/24/2025 1:24:23 PM;0.471263888888889;200;200;1;20;2.718;0;0;-1;9.14;16;16;16;1;40;2;40;20;0;0.183;-0.1755;0;2.461;1.9165;0;0;0;22.2;1.7865;307.195904;146.1;60;146.7;1
20250324 50E15 DN 570 DF1;3/24/2025 1:24:28 PM;0.472655555555556;200;200;1;20;2.802;0;0;-1;10.86;16;16;16;1;0;2;0;0;0;0.1935;-0.1755;0;2.5515;1.9165;0;0;0;22.185;1.845;308.020893;149.3;0;146.7;1
20250324 50E15 DN 570 DF1;3/24/2025 1:24:33 PM;0.474047222222222;200;200;1;20;2.796;0;0;-1;10.86;16;16;16;1;0;2;0;0;0;0.1965;-0.175;0;2.5585;1.9165;0;0;0;22.185;1.845;308.920881;153.9;0;146.7;1
20250324 50E15 DN 570 DF1;3/24/2025 1:24:38 PM;0.475436111111111;200;200;1;20;2.875;0;0;-1;10.86;16;16;16;1;0;2;0;0;0;0.1895;-0.1755;0;2.5765;1.9165;0;0;0;22.185;1.879;309.970867;152.8;0;146.7;1
20250324 50E15 DN 570 DF1;3/24/2025 1:24:43 PM;0.476827777777778;200;200;1;20;2.819;0;0;-1;10.86;16;16;16;1;0;2;0;0;0;0.186;-0.1755;0;2.5075;1.9165;0;0;0;22.185;1.8455;311.020853;152;0;146.7;1
20250324 50E15 DN 570 DF1;3/24/2025 1:24:48 PM;0.478219444444444;200;200;1;20;2.715;0;0;-1;10.29;16;16;16;1;0;2;0;0;0;0.189;-0.175;0;2.4305;1.9165;0;0;0;22.2;1.796;311.770843;151.1;0;146.7;1
20250324 50E15 DN 570 DF1;3/24/2025 1:24:53 PM;0.479608333333333;200;200;1;20;2.709;0;0;-1;10.29;16;16;16;1;0;2;0;0;0;0.193;-0.175;0;2.4545;1.9165;0;0;0;22.155;1.7945;312.970827;150;0;146.7;1
20250324 50E15 DN 570 DF1;3/24/2025 1:24:58 PM;0.480997222222222;200;200;1;20;2.709;0;0;-1;10.29;16;16;16;1;0;2;0;0;0;0.193;-0.175;0;2.4545;1.9165;0;0;0;22.155;1.7945;312.970827;150;0;146.7;1
20250324 50E15 DN 570 DF1;3/24/2025 1:25:03 PM;0.482386111111111;200;200;1;20;2.7595;0;0;-1;10.29;16;16;16;1;0;2;0;0;0;0.194;-0.175;0;2.4835;1.9165;0;0;0;22.155;1.822;313.795816;149.3;0;146.7;1
20250324 50E15 DN 570 DF1;3/24/2025 1:25:08 PM;0.483775;200;200;1;20;2.869;0;0;-1;10.29;16;16;16;1;0;2;0;0;0;0.1945;-0.1755;0;2.5875;1.9165;0;0;0;22.14;1.8785;314.620805;148.3;0;146.7;1
20250324 50E15 DN 570 DF1;3/24/2025 1:25:13 PM;0.485169444444444;200;200;1;20;2.7725;0;0;-1;10.86;16;16;16;1;0;2;0;0;0;0.1955;-0.175;0;2.5105;1.9165;0;0;0;22.125;1.831;315.595792;147.4;0;146.7;1
20250324 50E15 DN 570 DF1;3/24/2025 1:25:18 PM;0.486558333333333;200;200;1;20;2.8245;0;0;-1;10.86;16;16;16;1;20;2;20;20;0;0.197;-0.1755;0;2.5655;1.9165;0;0;0;22.125;1.859;316.570779;146.4;30;146.7;1
20250324 50E15 DN 570 DF1;3/24/2025 1:25:23 PM;0.487952777777778;200;200;1;20;2.8585;0;0;-1;10.86;16;16;16;1;30;2;30;30;0;0.1985;-0.1755;0;2.6025;1.9165;0;0;0;22.11;1.8765;317.395768;147;0;146.7;1
20250324 50E15 DN 570 DF1;3/24/2025 1:25:28 PM;0.489341666666667;200;200;1;20;2.727;0;0;-1;10.86;16;16;16;1;0;2;0;0;0;0.1975;-0.175;0;2.4725;1.9165;0;0;0;22.125;1.81;318.520753;152.6;0;146.7;1
20250324 50E15 DN 570 DF1;3/24/2025 1:25:33 PM;0.490736111111111;200;200;1;20;2.879;0;0;-1;10.86;16;16;16;1;0;2;0;0;0;0.194;-0.1755;0;2.581;1.9165;0;0;0;22.095;1.886;319.49574;151.7;0;146.7;1
20250324 50E15 DN 570 DF1;3/24/2025 1:25:38 PM;0.492125;200;200;1;20;2.843;0;0;-1;10.86;16;16;16;1;0;2;0;0;0;0.1975;-0.1755;0;2.5555;1.9165;0;0;0;22.095;1.872;320.395728;150.8;0;146.7;1
20250324 50E15 DN 570 DF1;3/24/2025 1:25:43 PM;0.493516666666667;200;200;1;20;2.8445;0;0;-1;10.86;16;16;16;1;0;2;0;0;0;0.1935;-0.175;0;2.545;1.9165;0;0;0;22.065;1.8675;321.220717;149.9;0;146.7;1
20250324 50E15 DN 570 DF1;3/24/2025 1:25:48 PM;0.494905555555556;200;200;1;20;2.8375;0;0;-1;10.86;16;16;16;1;0;2;0;0;0;0.194;-0.1755;0;2.5475;1.9165;0;0;0;22.08;1.8625;322.270703;149;0;146.7;1
20250324 50E15 DN 570 DF1;3/24/2025 1:25:53 PM;0.496297222222222;200;200;1;20;2.776;0;0;-1;10.57;16;16;16;1;0;2;0;0;0;0.201;-0.175;0;2.5075;1.9165;0;0;0;22.08;1.839;323.170691;148;0;146.7;1
20250324 50E15 DN 570 DF1;3/24/2025 1:25:58 PM;0.497688888888889;200;200;1;20;2.7745;0;0;-1;10.57;16;16;16;1;0;2;0;0;0;0.195;-0.175;0;2.4975;1.9165;0;0;0;22.065;1.832;324.220677;147.1;0;146.7;1
20250324 50E15 DN 570 DF1;3/24/2025 1:26:03 PM;0.499077777777778;200;200;1;20;2.6695;0;0;-1;10.57;16;16;16;1;40;2;40;30;0;0.1895;-0.1755;0;2.4195;1.9165;0;0;0;22.08;1.7705;325.195664;146.1;60;146.7;1
20250324 50E15 DN 570 DF1;3/24/2025 1:26:08 PM;0.500466666666667;200;200;1;20;2.78;0;0;-1;10.57;16;16;16;1;0;2;0;0;0;0.1975;-0.175;0;2.536;1.9165;0;0;0;22.065;1.834;326.095652;149.6;0;146.7;1
20250324 50E15 DN 570 DF1;3/24/2025 1:26:13 PM;0.501858333333333;200;200;1;20;2.817;0;0;-1;10.86;16;16;16;1;0;2;0;0;0;0.201;-0.1755;0;2.5785;1.9165;0;0;0;22.05;1.862;326.99564;152.1;0;146.7;1
20250324 50E15 DN 570 DF1;3/24/2025 1:26:18 PM;0.50325;200;200;1;20;2.835;0;0;-1;10.86;16;16;16;1;0;2;0;0;0;0.1985;-0.175;0;2.55;1.9165;0;0;0;22.05;1.867;327.970627;151.1;0;146.7;1
20250324 50E15 DN 570 DF1;3/24/2025 1:26:23 PM;0.504641666666667;200;200;1;20;0.5365;0;0;-1;10.86;16;0;0;0;0;0;0;0;0;-0.111;-0.176;0;0.261;1.9165;0;0;0;22.05;0.3625;328.795616;151.2;0;146.7;0
20250324 50E15 DN 570 DF1;3/24/2025 1:26:28 PM;0.506033333333333;200;200;1;20;0.5365;0;0;-1;10.86;16;0;0;0;0;0;0;0;0;-0.111;-0.176;0;0.261;1.9165;0;0;0;22.05;0.3625;328.795616;151.2;0;146.7;0
20250324 50E15 DN 570 DF1;3/24/2025 1:26:33 PM;0.507422222222222;200;200;1;20;0.0290000000000001;0;0;-1;10.86;16;0;0;0;0;2;0;0;0;-0.1605;-0.1765;0;-0.139;1.9165;0;0;0;22.05;0.034;328.795616;152;0;146.7;1
20250324 50E15 DN 570 DF1;3/24/2025 1:26:38 PM;0.508811111111111;200;200;1;20;1.652;0;0;-1;0;16;16;16;1;0;2;0;0;0;0.0105;-0.1755;0;1.502;1.9165;0;0;0;22.065;1.03;328.795616;151.4;0;146.7;1
20250324 50E15 DN 570 DF1;3/24/2025 1:26:43 PM;0.510208333333333;200;200;1;20;2.686;0;0;-1;0;16;16;16;1;0;2;0;0;0;0.1535;-0.175;0;2.41;1.9165;0;0;0;22.065;1.7345;329.695604;149.4;0;146.7;1
20250324 50E15 DN 570 DF1;3/24/2025 1:26:48 PM;0.5116;200;200;1;20;2.8145;0;0;-1;0;16;16;16;1;0;2;0;0;0;0.1515;-0.175;0;2.506;1.9165;0;0;0;22.05;1.799;330.595592;148.5;0;146.7;1
20250324 50E15 DN 570 DF1;3/24/2025 1:26:53 PM;0.512991666666667;200;200;1;20;2.758;0;0;-1;0;16;16;16;1;0;2;0;0;0;0.1605;-0.175;0;2.4715;1.9165;0;0;0;22.05;1.778;331.49558;147.6;0;146.7;1
20250324 50E15 DN 570 DF1;3/24/2025 1:26:58 PM;0.514383333333333;200;200;1;20;2.7095;0;0;-1;9.14;16;16;16;1;0;2;0;0;0;0.1575;-0.175;0;2.4285;1.9165;0;0;0;22.05;1.7515;332.470567;146.6;10;146.7;1
20250324 50E15 DN 570 DF1;3/24/2025 1:27:03 PM;0.515775;200;200;1;20;2.7605;0;0;-1;9.14;16;16;16;1;70;2;70;70;0;0.16;-0.1755;0;2.4825;1.9165;0;0;0;22.035;1.784;333.370555;145.9;80;146.7;1
20250324 50E15 DN 570 DF1;3/24/2025 1:27:08 PM;0.517166666666667;200;200;1;20;2.7525;0;0;-1;9.14;16;16;16;1;0;2;0;0;0;0.1525;-0.175;0;2.439;1.9165;0;0;0;22.05;1.772;334.195544;153.1;0;146.7;1
20250324 50E15 DN 570 DF1;3/24/2025 1:27:13 PM;0.518561111111111;200;200;1;20;2.939;0;0;-1;9.14;16;16;16;1;0;2;0;0;0;0.149;-0.1755;0;2.6225;1.9165;0;0;0;22.065;1.862;335.320529;152.1;0;146.7;1
20250324 50E15 DN 570 DF1;3/24/2025 1:27:18 PM;0.519952777777778;200;200;1;20;2.824;0;0;-1;10.29;16;16;16;1;0;2;0;0;0;0.1485;-0.1755;0;2.472;1.9165;0;0;0;22.05;1.802;336.295516;151.3;0;146.7;1
20250324 50E15 DN 570 DF1;3/24/2025 1:27:23 PM;0.521344444444444;200;200;1;20;2.815;0;0;-1;10.29;16;16;16;1;0;2;0;0;0;0.157;-0.1745;0;2.505;1.9165;0;0;0;22.065;1.8045;337.120505;150.5;0;146.7;1
20250324 50E15 DN 570 DF1;3/24/2025 1:27:28 PM;0.522736111111111;200;200;1;20;2.785;0;0;-1;10.29;16;16;16;1;0;2;0;0;0;0.149;-0.175;0;2.458;1.9165;0;0;0;22.08;1.78;338.170491;149.5;0;146.7;1
20250324 50E15 DN 570 DF1;3/24/2025 1:27:33 PM;0.524127777777778;200;200;1;20;2.8125;0;0;-1;10.29;16;16;16;1;0;2;0;0;0;0.1535;-0.175;0;2.486;1.9165;0;0;0;22.065;1.7995;339.070479;148.7;0;146.7;1
20250324 50E15 DN 570 DF1;3/24/2025 1:27:38 PM;0.525519444444444;200;200;1;20;2.769;0;0;-1;10.29;16;16;16;1;0;2;0;0;0;0.1495;-0.1755;0;2.4735;1.9165;0;0;0;22.08;1.7745;339.895468;147.8;0;146.7;1
20250324 50E15 DN 570 DF1;3/24/2025 1:27:43 PM;0.526916666666667;200;200;1;20;2.8525;0;0;-1;10.29;16;16;16;1;0;2;0;0;0;0.1425;-0.1755;0;2.5125;1.9165;0;0;0;22.095;1.8055;340.795456;146.9;0;146.7;1
20250324 50E15 DN 570 DF1;3/24/2025 1:27:48 PM;0.528305555555556;200;200;1;20;2.3555;0;0;-1;10.29;16;0;0;0;30;0;0;0;0;0.0925;-0.1755;0;1.975;1.9165;0;0;0;22.08;1.5125;341.770443;146;0;146.7;0
20250324 50E15 DN 570 DF1;3/24/2025 1:27:53 PM;0.5297;200;200;1;20;0.104;0;0;-1;10.29;16;0;0;0;30;0;0;0;0;0.0925;-0.1755;0;-0.08;1.9165;0;0;0;22.08;0.0780000000000001;341.770443;146;0;146.7;0
20250324 50E15 DN 570 DF1;3/24/2025 1:27:58 PM;0.531091666666667;200;200;1;20;0.104;0;0;-1;10.29;16;0;0;0;30;0;0;0;0;-0.156;-0.1765;0;-0.08;1.9165;0;0;0;22.095;0.0780000000000001;342.070439;147.2;0;146.7;0
20250324 50E15 DN 570 DF1;3/24/2025 1:28:03 PM;0.532480555555556;200;200;1;20;-0.00599999999999989;0;0;-1;0;16;0;0;0;30;0;0;0;0;-0.163;-0.1765;0;-0.1685;1.9165;0;0;0;22.095;0.0129999999999999;342.070439;147.7;0;146.7;1
20250324 50E15 DN 570 DF1;3/24/2025 1:28:08 PM;0.533875;200;200;1;20;-0.014;0;0;-1;0;16;0;0;0;0;2;0;0;0;-0.164;-0.177;0;-0.1755;1.9165;0;0;0;22.08;0.00900000000000012;342.070439;147.8;0;146.7;1
20250324 50E15 DN 570 DF1;3/24/2025 1:28:13 PM;0.535269444444444;200;200;1;20;-0.015;0;0;-1;0;12;0;0;0;0;2;0;0;0;-0.164;-0.1775;0;-0.1765;1.9165;0;0;0;22.095;0.00900000000000012;342.070439;147.8;0;146.7;1
20250324 50E15 DN 570 DF1;3/24/2025 1:28:18 PM;0.536658333333333;200;200;1;20;2.01;0;0;-1;0;12;12;12;1;0;2;0;0;0;0.0329999999999999;-0.1745;0;1.77;1.9165;0;0;0;22.11;1.243;342.295436;146.2;50;146.7;1
20250324 50E15 DN 570 DF1;3/24/2025 1:28:23 PM;0.53805;200;200;1;20;2.269;0;0;-1;0;12;12;12;1;0;2;0;30;0;0.0565;-0.1755;0;1.939;1.9165;0;0;0;22.11;1.414;343.120425;149.7;0;146.7;1
20250324 50E15 DN 570 DF1;3/24/2025 1:28:28 PM;0.539441666666667;200;200;1;20;2.3265;0;0;-1;0;12;12;12;1;0;2;0;0;0;0.0580000000000001;-0.1755;0;1.97;1.9165;0;0;0;22.125;1.443;343.720417;154.3;0;146.7;1
20250324 50E15 DN 570 DF1;3/24/2025 1:28:33 PM;0.540833333333333;200;200;1;20;2.282;0;0;-1;0;12;12;12;1;0;2;0;0;0;0.0660000000000001;-0.1755;0;1.969;1.9165;0;0;0;22.11;1.4295;344.395408;153.5;0;146.7;1
20250324 50E15 DN 570 DF1;3/24/2025 1:28:38 PM;0.542225;200;200;1;20;2.3305;0;0;-1;6.57;12;12;12;1;0;2;0;0;0;0.0645;-0.1755;0;1.998;1.9165;0;0;0;22.125;1.455;345.220397;152.7;0;146.7;1
20250324 50E15 DN 570 DF1;3/24/2025 1:28:43 PM;0.543619444444444;200;200;1;20;2.2555;0;0;-1;6.57;12;12;12;1;0;2;0;0;0;0.0640000000000001;-0.1755;0;1.9445;1.9165;0;0;0;22.125;1.414;345.970387;151.9;0;146.7;1
20250324 50E15 DN 570 DF1;3/24/2025 1:28:48 PM;0.545011111111111;200;200;1;20;2.214;0;0;-1;6.57;12;12;12;1;0;2;0;0;0;0.0645;-0.1755;0;1.918;1.9165;0;0;0;22.11;1.3925;346.720377;151.4;0;146.7;1
20250324 50E15 DN 570 DF1;3/24/2025 1:28:53 PM;0.546402777777778;200;200;1;20;2.334;0;0;-1;6.57;12;12;12;1;0;2;0;0;0;0.0645;-0.175;0;1.99;1.9165;0;0;0;22.11;1.4575;347.170371;150.7;0;146.7;1
20250324 50E15 DN 570 DF1;3/24/2025 1:28:58 PM;0.547797222222222;200;200;1;20;2.306;0;0;-1;8;12;12;12;1;0;2;0;0;0;0.0675000000000001;-0.1755;0;1.976;1.9165;0;0;0;22.14;1.446;348.070359;149.7;0;146.7;1
20250324 50E15 DN 570 DF1;3/24/2025 1:29:04 PM;0.549188888888889;200;200;1;20;2.3205;0;0;-1;8;12;12;12;1;0;2;0;0;0;0.0654999999999999;-0.1755;0;1.987;1.9165;0;0;0;22.14;1.448;348.820349;149.1;0;146.7;1
20250324 50E15 DN 570 DF1;3/24/2025 1:29:09 PM;0.550583333333333;200;200;1;20;2.2765;0;0;-1;8;12;12;12;1;0;2;0;0;0;0.0605;-0.1755;0;1.9705;1.9165;0;0;0;22.14;1.4225;349.420341;148.5;0;146.7;1
20250324 50E15 DN 570 DF1;3/24/2025 1:29:14 PM;0.551975;200;200;1;20;2.268;0;0;-1;8;12;12;12;1;0;2;0;0;0;0.0620000000000001;-0.176;0;1.966;1.9165;0;0;0;22.155;1.421;350.320329;147.6;0;146.7;1
20250324 50E15 DN 570 DF1;3/24/2025 1:29:19 PM;0.553363888888889;200;200;1;20;2.345;0;0;-1;8.29;12;12;12;1;0;2;0;0;0;0.0700000000000001;-0.1755;0;2.018;1.9165;0;0;0;22.155;1.465;350.99532;147;0;146.7;1
20250324 50E15 DN 570 DF1;3/24/2025 1:29:24 PM;0.554755555555556;200;200;1;20;2.33;0;0;-1;8.29;12;12;12;1;30;2;30;30;0;0.0734999999999999;-0.176;0;2.0295;1.9165;0;0;0;22.185;1.465;351.670311;146.3;40;146.7;1
20250324 50E15 DN 570 DF1;3/24/2025 1:29:29 PM;0.556147222222222;200;200;1;20;2.33;0;0;-1;8.29;12;12;12;1;30;2;30;30;0;0.0734999999999999;-0.176;0;2.0295;1.9165;0;0;0;22.185;1.465;351.670311;146.3;40;146.7;1
20250324 50E15 DN 570 DF1;3/24/2025 1:29:34 PM;0.557536111111111;200;200;1;20;2.2795;0;0;-1;8.29;12;12;12;1;0;2;0;0;0;0.0765;-0.1755;0;1.966;1.9165;0;0;0;22.185;1.4435;352.4953;150.1;0;146.7;1
20250324 50E15 DN 570 DF1;3/24/2025 1:29:39 PM;0.558933333333333;200;200;1;20;2.209;0;0;-1;8.29;12;12;12;1;0;2;0;0;0;0.0734999999999999;-0.1755;0;1.9325;1.9165;0;0;0;22.17;1.402;353.170291;149.6;0;146.7;1
20250324 50E15 DN 570 DF1;3/24/2025 1:29:44 PM;0.560325;200;200;1;20;2.3385;0;0;-1;8.29;12;12;12;1;0;2;0;0;0;0.081;-0.175;0;2.0585;1.9165;0;0;0;22.185;1.477;353.770283;149;0;146.7;1
20250324 50E15 DN 570 DF1;3/24/2025 1:29:49 PM;0.561716666666667;200;200;1;20;2.3325;0;0;-1;8.29;12;12;12;1;0;2;0;0;0;0.0840000000000001;-0.1755;0;2.028;1.9165;0;0;0;22.2;1.4795;354.670271;148.1;0;146.7;1
20250324 50E15 DN 570 DF1;3/24/2025 1:29:54 PM;0.563113888888889;200;200;1;20;2.2835;0;0;-1;8.29;12;12;12;1;0;2;0;0;0;0.0690000000000002;-0.1765;0;1.959;1.9165;0;0;0;22.2;1.4365;355.270263;147.4;0;146.7;1
20250324 50E15 DN 570 DF1;3/24/2025 1:29:59 PM;0.564502777777778;200;200;1;20;2.2445;0;0;-1;8.29;12;12;12;1;0;2;0;0;0;0.0734999999999999;-0.1755;0;1.966;1.9165;0;0;0;22.215;1.4215;356.095252;146.7;0;146.7;1
20250324 50E15 DN 570 DF1;3/24/2025 1:30:04 PM;0.565897222222222;200;200;1;20;2.348;0;0;-1;8.29;12;12;12;1;40;2;40;40;0;0.0854999999999999;-0.175;0;2.046;1.9165;0;0;0;22.215;1.4865;356.695244;146.3;40;146.7;1
20250324 50E15 DN 570 DF1;3/24/2025 1:30:09 PM;0.567286111111111;200;200;1;20;2.394;0;0;-1;8.29;12;12;12;1;0;2;0;0;0;0.0765;-0.1755;0;2.0575;1.9165;0;0;0;22.215;1.4995;357.595232;149.3;0;146.7;1
20250324 50E15 DN 570 DF1;3/24/2025 1:30:14 PM;0.568675;200;200;1;20;2.4255;0;0;-1;8.29;12;12;12;1;0;2;0;0;0;0.0834999999999999;-0.1755;0;2.1175;1.9165;0;0;0;22.215;1.5235;358.195224;148.7;0;146.7;1
20250324 50E15 DN 570 DF1;3/24/2025 1:30:19 PM;0.570069444444444;200;200;1;20;2.277;0;0;-1;8.29;12;12;12;1;0;2;0;0;0;0.0805;-0.1755;0;1.98;1.9165;0;0;0;22.23;1.446;359.020213;148.1;0;146.7;1
20250324 50E15 DN 570 DF1;3/24/2025 1:30:24 PM;0.571461111111111;200;200;1;20;2.2045;0;0;-1;8.29;12;12;12;1;0;2;0;0;0;0.0649999999999999;-0.176;0;1.8895;1.9165;0;0;0;22.215;1.39;359.695204;147.2;0;146.7;1
20250324 50E15 DN 570 DF1;3/24/2025 1:30:29 PM;0.57285;200;200;1;20;2.2135;0;0;-1;8.29;12;12;12;1;0;2;0;0;0;0.0745;-0.1755;0;1.9145;1.9165;0;0;0;22.215;1.4055;360.295196;146.5;20;146.7;1
20250324 50E15 DN 570 DF1;3/24/2025 1:30:34 PM;0.574241666666667;200;200;1;20;2.397;0;0;-1;8.29;12;12;12;1;40;2;40;40;0;0.0700000000000001;-0.176;0;2.0545;1.9165;0;0;0;22.215;1.4955;361.120185;147;0;146.7;1
20250324 50E15 DN 570 DF1;3/24/2025 1:30:39 PM;0.575636111111111;200;200;1;20;2.349;0;0;-1;8.57;12;12;12;1;0;2;0;0;0;0.075;-0.176;0;2.034;1.9165;0;0;0;22.23;1.477;362.020173;150.5;0;146.7;1
20250324 50E15 DN 570 DF1;3/24/2025 1:30:44 PM;0.577025;200;200;1;20;2.1835;0;0;-1;8.57;12;12;12;1;0;2;0;0;0;0.0725;-0.176;0;1.892;1.9165;0;0;0;22.245;1.388;362.695164;150;0;146.7;1
20250324 50E15 DN 570 DF1;3/24/2025 1:30:49 PM;0.578413888888889;200;200;1;20;2.2285;0;0;-1;8.57;12;12;12;1;0;2;0;0;0;0.0765;-0.1755;0;1.9465;1.9165;0;0;0;22.245;1.4145;363.370155;149.3;0;146.7;1
20250324 50E15 DN 570 DF1;3/24/2025 1:30:54 PM;0.579805555555556;200;200;1;20;2.2285;0;0;-1;8.57;12;12;12;1;0;2;0;0;0;0.0765;-0.1755;0;1.9465;1.9165;0;0;0;22.245;1.4145;363.370155;149.3;0;146.7;1
20250324 50E15 DN 570 DF1;3/24/2025 1:30:59 PM;0.581197222222222;200;200;1;20;2.3805;0;0;-1;8.57;12;12;12;1;0;2;0;0;0;0.081;-0.1755;0;2.0635;1.9165;0;0;0;22.275;1.5005;364.120145;148.5;0;146.7;1
20250324 50E15 DN 570 DF1;3/24/2025 1:31:04 PM;0.582591666666667;200;200;1;20;2.3275;0;0;-1;8;12;12;12;1;0;2;0;0;0;0.0865;-0.1755;0;2.0265;1.9165;0;0;0;22.275;1.4765;364.795136;147.7;0;146.7;1
20250324 50E15 DN 570 DF1;3/24/2025 1:31:09 PM;0.583986111111111;200;200;1;20;2.3185;0;0;-1;8;12;12;12;1;0;2;0;0;0;0.0754999999999999;-0.176;0;2.011;1.9165;0;0;0;22.29;1.4595;365.620125;147;0;146.7;1
20250324 50E15 DN 570 DF1;3/24/2025 1:31:14 PM;0.585375;200;200;1;20;2.4535;0;0;-1;8;12;12;12;1;30;2;30;20;0;0.083;-0.1755;0;2.1165;1.9165;0;0;0;22.29;1.538;366.370115;146.3;40;146.7;1
20250324 50E15 DN 570 DF1;3/24/2025 1:31:19 PM;0.586763888888889;200;200;1;20;2.3675;0;0;-1;8;12;12;12;1;0;2;0;0;0;0.0820000000000001;-0.175;0;2.055;1.9165;0;0;0;22.305;1.4895;367.120105;148.6;0;146.7;1
20250324 50E15 DN 570 DF1;3/24/2025 1:31:24 PM;0.588155555555556;200;200;1;20;2.3725;0;0;-1;8;12;12;12;1;0;2;0;0;0;0.083;-0.175;0;2.058;1.9165;0;0;0;22.305;1.4935;367.720097;150.1;0;146.7;1
20250324 50E15 DN 570 DF1;3/24/2025 1:31:29 PM;0.589544444444444;200;200;1;20;2.217;0;0;-1;8;12;12;12;1;0;2;0;0;0;0.0760000000000001;-0.176;0;1.945;1.9165;0;0;0;22.305;1.41;368.470087;149.4;0;146.7;1
20250324 50E15 DN 570 DF1;3/24/2025 1:31:34 PM;0.590936111111111;200;200;1;20;2.2895;0;0;-1;8;12;12;12;1;0;2;0;0;0;0.0815000000000001;-0.1755;0;1.9765;1.9165;0;0;0;22.35;1.45;369.295076;148.6;0;146.7;1
20250324 50E15 DN 570 DF1;3/24/2025 1:31:39 PM;0.592330555555556;200;200;1;20;2.2965;0;0;-1;8;12;12;12;1;0;2;0;0;0;0.0765;-0.1755;0;1.9925;1.9165;0;0;0;22.35;1.451;369.970067;147.9;0;146.7;1
20250324 50E15 DN 570 DF1;3/24/2025 1:31:44 PM;0.593722222222222;200;200;1;20;2.3025;0;0;-1;8.57;12;12;12;1;0;2;0;0;0;0.0690000000000002;-0.176;0;2.018;1.9165;0;0;0;22.35;1.4455;370.570059;147.3;0;146.7;1
20250324 50E15 DN 570 DF1;3/24/2025 1:31:49 PM;0.595111111111111;200;200;1;20;2.3435;0;0;-1;8.57;12;12;12;1;0;2;0;0;0;0.0800000000000001;-0.1755;0;2.021;1.9165;0;0;0;22.38;1.48;371.395048;146.5;20;146.7;1
20250324 50E15 DN 570 DF1;3/24/2025 1:31:54 PM;0.596508333333333;200;200;1;20;2.3955;0;0;-1;8.57;12;12;12;1;20;2;20;20;0;0.081;-0.1755;0;2.0645;1.9165;0;0;0;22.395;1.5055;372.070039;146.9;0;146.7;1
20250324 50E15 DN 570 DF1;3/24/2025 1:31:59 PM;0.597897222222222;200;200;1;20;2.3295;0;0;-1;8.57;12;12;12;1;0;2;0;0;0;0.0800000000000001;-0.1755;0;2.008;1.9165;0;0;0;22.395;1.4735;372.895028;150.2;0;146.7;1
20250324 50E15 DN 570 DF1;3/24/2025 1:32:04 PM;0.599288888888889;200;200;1;20;2.415;0;0;-1;8.29;12;12;12;1;0;2;0;0;0;0.0795000000000001;-0.176;0;2.0805;1.9165;0;0;0;22.395;1.515;373.570019;149.5;0;146.7;1
20250324 50E15 DN 570 DF1;3/24/2025 1:32:09 PM;0.600680555555556;200;200;1;20;2.338;0;0;-1;8.29;12;12;12;1;0;2;0;0;0;0.0765;-0.176;0;2.0255;1.9165;0;0;0;22.44;1.471;374.320009;148.8;0;146.7;1
20250324 50E15 DN 570 DF1;3/24/2025 1:32:14 PM;0.602072222222222;200;200;1;20;2.304;0;0;-1;8.29;12;12;12;1;0;2;0;0;0;0.083;-0.1755;0;2.026;1.9165;0;0;0;22.455;1.464;375.069999;148.2;0;146.7;1
20250324 50E15 DN 570 DF1;3/24/2025 1:32:19 PM;0.603463888888889;200;200;1;20;2.298;0;0;-1;8.29;12;12;12;1;0;2;0;0;0;0.071;-0.176;0;1.9735;1.9165;0;0;0;22.455;1.4455;375.819989;147.4;0;146.7;1
20250324 50E15 DN 570 DF1;3/24/2025 1:32:24 PM;0.604858333333333;200;200;1;20;2.298;0;0;-1;8.29;12;12;12;1;0;2;0;0;0;0.071;-0.176;0;1.9735;1.9165;0;0;0;22.455;1.4455;375.819989;147.4;0;146.7;1
20250324 50E15 DN 570 DF1;3/24/2025 1:32:29 PM;0.60625;200;200;1;20;2.4205;0;0;-1;8;12;12;12;1;0;2;0;0;0;0.0790000000000002;-0.176;0;2.081;1.9165;0;0;0;22.455;1.516;376.569979;146.7;0;146.7;1
20250324 50E15 DN 570 DF1;3/24/2025 1:32:34 PM;0.607641666666667;200;200;1;20;2.3715;0;0;-1;8;12;12;12;1;50;2;50;50;0;0.081;-0.1755;0;2.07;1.9165;0;0;0;22.455;1.496;377.169971;146.4;30;146.7;1
20250324 50E15 DN 570 DF1;3/24/2025 1:32:39 PM;0.609033333333333;200;200;1;20;2.1975;0;0;-1;8;12;12;12;1;0;2;0;0;0;0.0700000000000001;-0.1765;0;1.888;1.9165;0;0;0;22.485;1.3945;377.99496;149.8;0;146.7;1
20250324 50E15 DN 570 DF1;3/24/2025 1:32:44 PM;0.610425;200;200;1;20;2.4005;0;0;-1;8;12;12;12;1;0;2;0;0;0;0.0825;-0.176;0;2.08;1.9165;0;0;0;22.485;1.5115;378.669951;149.1;0;146.7;1
20250324 50E15 DN 570 DF1;3/24/2025 1:32:49 PM;0.611816666666667;200;200;1;20;2.276;0;0;-1;8.57;12;12;12;1;0;2;0;0;0;0.071;-0.176;0;1.971;1.9165;0;0;0;22.485;1.4345;379.419941;148.4;0;146.7;1
20250324 50E15 DN 570 DF1;3/24/2025 1:32:54 PM;0.613208333333333;200;200;1;20;2.383;0;0;-1;8.57;12;12;12;1;0;2;0;0;0;0.0895000000000001;-0.1755;0;2.077;1.9165;0;0;0;22.5;1.51;380.094932;147.7;0;146.7;1
20250324 50E15 DN 570 DF1;3/24/2025 1:32:59 PM;0.614597222222222;200;200;1;20;2.437;0;0;-1;8.57;12;12;12;1;0;2;0;0;0;0.0820000000000001;-0.176;0;2.124;1.9165;0;0;0;22.485;1.5275;380.919921;147;0;146.7;1
20250324 50E15 DN 570 DF1;3/24/2025 1:33:04 PM;0.615986111111111;200;200;1;20;2.2995;0;0;-1;8.57;12;12;12;1;20;2;20;20;0;0.0780000000000001;-0.176;0;1.996;1.9165;0;0;0;22.5;1.454;381.519913;146.3;40;146.7;1
20250324 50E15 DN 570 DF1;3/24/2025 1:33:09 PM;0.617377777777778;200;200;1;20;2.3865;0;0;-1;7.71;12;12;12;1;0;2;0;0;0;0.0725;-0.176;0;2.062;1.9165;0;0;0;22.515;1.4925;382.269903;148.3;0;146.7;1
20250324 50E15 DN 570 DF1;3/24/2025 1:33:14 PM;0.618772222222222;200;200;1;20;2.382;0;0;-1;7.71;12;12;12;1;0;2;0;0;0;0.0840000000000001;-0.1755;0;2.074;1.9165;0;0;0;22.53;1.504;383.094892;151.3;0;146.7;1
20250324 50E15 DN 570 DF1;3/24/2025 1:33:19 PM;0.620163888888889;200;200;1;20;2.3265;0;0;-1;7.71;12;12;12;1;0;2;0;0;0;0.0740000000000001;-0.176;0;2.0125;1.9165;0;0;0;22.53;1.4605;383.769883;150.7;0;146.7;1
20250324 50E15 DN 570 DF1;3/24/2025 1:33:24 PM;0.621552777777778;200;200;1;20;2.02;0;0;-1;7.71;12;12;12;1;0;2;0;0;0;0.43;-0.1755;0;2.1345;1.9165;0;0;0;22.5;1.752;384.669871;149.8;0;146.7;1
20250324 50E15 DN 570 DF1;3/24/2025 1:33:29 PM;0.622944444444444;200;200;1;20;2.1595;0;0;-1;9.14;12;12;12;1;0;2;0;0;0;0.397;-0.175;0;2.1775;1.9165;0;0;0;22.5;1.767;385.719857;148.8;0;146.7;1
20250324 50E15 DN 570 DF1;3/24/2025 1:33:34 PM;0.624333333333333;200;200;1;20;2.2095;0;0;-1;9.14;12;12;12;1;0;2;0;0;0;0.4;-0.175;0;2.2035;1.9165;0;0;0;22.515;1.7955;386.469847;148;0;146.7;1
20250324 50E15 DN 570 DF1;3/24/2025 1:33:39 PM;0.625725;200;200;1;20;2.1595;0;0;-1;9.14;12;12;12;1;0;2;0;0;0;0.3995;-0.175;0;2.2045;1.9165;0;0;0;22.5;1.7695;387.369835;147.1;0;146.7;1
20250324 50E15 DN 570 DF1;3/24/2025 1:33:44 PM;0.627116666666667;200;200;1;20;2.0875;0;0;-1;9.14;12;12;12;1;40;2;40;30;0;0.389;-0.1755;0;2.127;1.9165;0;0;0;22.5;1.7165;388.419821;146.1;60;146.7;1
20250324 50E15 DN 570 DF1;3/24/2025 1:33:49 PM;0.628505555555556;200;200;1;20;2.0875;0;0;-1;9.14;12;12;12;1;40;2;40;30;0;0.389;-0.1755;0;2.127;1.9165;0;0;0;22.5;1.7165;388.419821;146.1;60;146.7;1
20250324 50E15 DN 570 DF1;3/24/2025 1:33:54 PM;0.629897222222222;200;200;1;20;2.2545;0;0;-1;10.29;12;12;12;1;0;2;0;0;0;0.3895;-0.176;0;2.2575;1.9165;0;0;0;22.5;1.808;389.319809;150.8;0;146.7;1
20250324 50E15 DN 570 DF1;3/24/2025 1:33:59 PM;0.631288888888889;200;200;1;20;2.1435;0;0;-1;10.29;12;12;12;1;0;2;0;0;0;0.405;-0.175;0;2.2065;1.9165;0;0;0;22.515;1.7695;390.219797;152.8;0;146.7;1
20250324 50E15 DN 570 DF1;3/24/2025 1:34:04 PM;0.632680555555556;200;200;1;20;2.177;0;0;-1;10.29;12;12;12;1;0;2;0;0;0;0.4005;-0.1755;0;2.23;1.9165;0;0;0;22.515;1.779;390.969787;151.9;0;146.7;1
20250324 50E15 DN 570 DF1;3/24/2025 1:34:09 PM;0.634072222222222;200;200;1;20;2.0835;0;0;-1;10.29;12;12;12;1;0;2;0;0;0;0.394;-0.1755;0;2.14;1.9165;0;0;0;22.5;1.7215;392.019773;150.9;0;146.7;1
20250324 50E15 DN 570 DF1;3/24/2025 1:34:14 PM;0.635463888888889;200;200;1;20;2.154;0;0;-1;10.29;12;12;12;1;0;2;0;0;0;0.4;-0.175;0;2.182;1.9165;0;0;0;22.5;1.77;392.919761;150.1;0;146.7;1
20250324 50E15 DN 570 DF1;3/24/2025 1:34:19 PM;0.636855555555556;200;200;1;20;2.237;0;0;-1;10.29;12;12;12;1;0;2;0;0;0;0.3875;-0.1755;0;2.2695;1.9165;0;0;0;22.485;1.799;393.819749;149.2;0;146.7;1
20250324 50E15 DN 570 DF1;3/24/2025 1:34:24 PM;0.638244444444444;200;200;1;20;2.129;0;0;-1;10.29;12;12;12;1;0;2;0;0;0;0.399;-0.175;0;2.17;1.9165;0;0;0;22.485;1.75;394.869735;148.2;0;146.7;1
20250324 50E15 DN 570 DF1;3/24/2025 1:34:29 PM;0.639638888888889;200;200;1;20;2.023;0;0;-1;10.29;12;12;12;1;0;2;0;0;0;0.3905;-0.1755;0;2.1095;1.9165;0;0;0;22.485;1.69;395.619725;147.3;0;146.7;1
20250324 50E15 DN 570 DF1;3/24/2025 1:34:34 PM;0.641030555555556;200;200;1;20;2.0715;0;0;-1;10.29;12;12;12;1;0;2;0;0;0;0.389;-0.1755;0;2.0995;1.9165;0;0;0;22.485;1.7095;396.369715;146.5;20;146.7;1
20250324 50E15 DN 570 DF1;3/24/2025 1:34:39 PM;0.642422222222222;200;200;1;20;2.1505;0;0;-1;10.29;12;12;12;1;10;2;10;50;0;0.3835;-0.1755;0;2.1565;1.9165;0;0;0;22.47;1.7465;397.569699;147.7;0;146.7;1
20250324 50E15 DN 570 DF1;3/24/2025 1:34:44 PM;0.643816666666667;200;200;1;20;2.254;0;0;-1;10.29;12;12;12;1;0;2;0;0;0;0.4025;-0.1745;0;2.2475;1.9165;0;0;0;22.455;1.8165;398.394688;151.8;0;146.7;1
20250324 50E15 DN 570 DF1;3/24/2025 1:34:49 PM;0.645205555555555;200;200;1;20;2.1695;0;0;-1;10.29;12;12;12;1;0;2;0;0;0;0.404;-0.1745;0;2.2135;1.9165;0;0;0;22.47;1.779;399.294676;150.9;0;146.7;1
20250324 50E15 DN 570 DF1;3/24/2025 1:34:54 PM;0.646597222222222;200;200;1;20;2.113;0;0;-1;10.57;12;12;12;1;0;2;0;0;0;0.3995;-0.1755;0;2.142;1.9165;0;0;0;22.455;1.7435;400.269663;149.9;0;146.7;1
20250324 50E15 DN 570 DF1;3/24/2025 1:34:59 PM;0.647988888888889;200;200;1;20;2.134;0;0;-1;10.57;12;12;12;1;0;2;0;0;0;0.38;-0.176;0;2.177;1.9165;0;0;0;22.455;1.7335;401.169651;149.1;0;146.7;1
20250324 50E15 DN 570 DF1;3/24/2025 1:35:04 PM;0.649383333333333;200;200;1;20;2.222;0;0;-1;10.57;12;12;12;1;0;2;0;0;0;0.406;-0.1745;0;2.258;1.9165;0;0;0;22.455;1.806;401.99464;148.2;0;146.7;1
20250324 50E15 DN 570 DF1;3/24/2025 1:35:09 PM;0.650775;200;200;1;20;2.1635;0;0;-1;10.57;12;12;12;1;0;2;0;0;0;0.384;-0.1755;0;2.1675;1.9165;0;0;0;22.455;1.7505;403.119625;147.2;0;146.7;1
20250324 50E15 DN 570 DF1;3/24/2025 1:35:14 PM;0.652166666666667;200;200;1;20;2.321;0;0;-1;10.29;12;12;12;1;10;2;10;10;0;0.3935;-0.175;0;2.319;1.9165;0;0;0;22.44;1.8465;403.869615;146.4;30;146.7;1
20250324 50E15 DN 570 DF1;3/24/2025 1:35:19 PM;0.653561111111111;200;200;1;20;2.321;0;0;-1;10.29;12;12;12;1;10;2;10;10;0;0.3935;-0.175;0;2.319;1.9165;0;0;0;22.44;1.8465;403.869615;146.4;30;146.7;1
20250324 50E15 DN 570 DF1;3/24/2025 1:35:24 PM;0.65495;200;200;1;20;2.0185;0;0;-1;10.29;12;12;12;1;20;2;20;20;0;0.3885;-0.1755;0;2.0735;1.9165;0;0;0;22.44;1.687;404.769603;147.4;0;146.7;1
20250324 50E15 DN 570 DF1;3/24/2025 1:35:29 PM;0.656341666666667;200;200;1;20;2.007;0;0;-1;10.29;12;12;12;1;0;2;0;0;0;0.386;-0.176;0;2.0355;1.9165;0;0;0;22.425;1.681;405.594592;151.1;0;146.7;1
20250324 50E15 DN 570 DF1;3/24/2025 1:35:34 PM;0.657730555555555;200;200;1;20;2.0535;0;0;-1;10.29;12;12;12;1;0;2;0;0;0;0.3835;-0.1755;0;2.092;1.9165;0;0;0;22.395;1.696;406.569579;150.2;0;146.7;1
20250324 50E15 DN 570 DF1;3/24/2025 1:35:39 PM;0.659122222222222;200;200;1;20;2.1625;0;0;-1;10;12;12;12;1;0;2;0;0;0;0.39;-0.1755;0;2.1735;1.9165;0;0;0;22.395;1.761;407.469567;149.3;0;146.7;1
20250324 50E15 DN 570 DF1;3/24/2025 1:35:44 PM;0.660513888888889;200;200;1;20;2.2055;0;0;-1;10;12;12;12;1;0;2;0;0;0;0.3995;-0.1755;0;2.238;1.9165;0;0;0;22.38;1.7955;408.294556;148.5;0;146.7;1
20250324 50E15 DN 570 DF1;3/24/2025 1:35:49 PM;0.661902777777778;200;200;1;20;2.1165;0;0;-1;10;12;12;12;1;0;2;0;0;0;0.3745;-0.176;0;2.137;1.9165;0;0;0;22.38;1.7155;409.269543;147.5;0;146.7;1
20250324 50E15 DN 570 DF1;3/24/2025 1:35:54 PM;0.663297222222222;200;200;1;20;2.3235;0;0;-1;10;12;12;12;1;0;2;0;0;0;0.3985;-0.175;0;2.3335;1.9165;0;0;0;22.365;1.85;410.169531;146.6;10;146.7;1
20250324 50E15 DN 570 DF1;3/24/2025 1:35:59 PM;0.664688888888889;200;200;1;20;2.17;0;0;-1;10.29;12;12;12;1;10;2;10;10;0;0.3855;-0.1755;0;2.191;1.9165;0;0;0;22.35;1.7615;410.99452;146.6;10;146.7;1
20250324 50E15 DN 570 DF1;3/24/2025 1:36:04 PM;0.666080555555556;200;200;1;20;2.096;0;0;-1;10.29;12;12;12;1;0;2;0;0;0;0.3695;-0.176;0;2.085;1.9165;0;0;0;22.335;1.7005;412.119505;149;0;146.7;1
20250324 50E15 DN 570 DF1;3/24/2025 1:36:09 PM;0.667469444444444;200;200;1;20;2.145;0;0;-1;10.29;12;12;12;1;0;2;0;0;0;0.396;-0.1755;0;2.1815;1.9165;0;0;0;22.335;1.7585;413.019493;148.1;0;146.7;1
20250324 50E15 DN 570 DF1;3/24/2025 1:36:14 PM;0.668861111111111;200;200;1;20;2.178;0;0;-1;10.29;12;12;12;1;0;2;0;0;0;0.3925;-0.1755;0;2.2135;1.9165;0;0;0;22.32;1.775;413.919481;147.3;0;146.7;1
20250324 50E15 DN 570 DF1;3/24/2025 1:36:19 PM;0.67025;200;200;1;20;2.183;0;0;-1;10.57;12;12;12;1;40;2;40;10;0;0.3685;-0.1765;0;2.166;1.9165;0;0;0;22.32;1.751;414.819469;146.3;40;146.7;1
20250324 50E15 DN 570 DF1;3/24/2025 1:36:24 PM;0.671641666666667;200;200;1;20;2.0725;0;0;-1;10.57;12;12;12;1;0;2;0;0;0;0.3955;-0.1755;0;2.1455;1.9165;0;0;0;22.305;1.722;415.794456;148.2;0;146.7;1
20250324 50E15 DN 570 DF1;3/24/2025 1:36:29 PM;0.673036111111111;200;200;1;20;2.1955;0;0;-1;10.57;12;12;12;1;0;2;0;0;0;0.3935;-0.1755;0;2.2575;1.9165;0;0;0;22.29;1.781;416.619445;152.1;0;146.7;1
20250324 50E15 DN 570 DF1;3/24/2025 1:36:34 PM;0.674425;200;200;1;20;2.264;0;0;-1;10.57;12;12;12;1;0;2;0;0;0;0.3985;-0.1755;0;2.287;1.9165;0;0;0;22.305;1.821;417.594432;151.1;0;146.7;1
20250324 50E15 DN 570 DF1;3/24/2025 1:36:39 PM;0.675816666666667;200;200;1;20;2.1525;0;0;-1;9.71;12;12;12;1;0;2;0;0;0;0.3925;-0.1755;0;2.1535;1.9165;0;0;0;22.26;1.7585;418.419421;150.3;0;146.7;1
20250324 50E15 DN 570 DF1;3/24/2025 1:36:44 PM;0.677208333333333;200;200;1;20;2.1465;0;0;-1;9.71;12;12;12;1;0;2;0;0;0;0.371;-0.1765;0;2.1925;1.9165;0;0;0;22.26;1.73;419.319409;149.4;0;146.7;1
20250324 50E15 DN 570 DF1;3/24/2025 1:36:49 PM;0.678597222222222;200;200;1;20;2.1465;0;0;-1;9.71;12;12;12;1;0;2;0;0;0;0.371;-0.1765;0;2.1925;1.9165;0;0;0;22.26;1.73;419.319409;149.4;0;146.7;1
20250324 50E15 DN 570 DF1;3/24/2025 1:36:54 PM;0.679991666666667;200;200;1;20;2.1195;0;0;-1;9.71;12;12;12;1;0;2;0;0;0;0.3895;-0.1755;0;2.1675;1.9165;0;0;0;22.26;1.738;420.219397;148.6;0;146.7;1
20250324 50E15 DN 570 DF1;3/24/2025 1:36:59 PM;0.681383333333333;200;200;1;20;2.2245;0;0;-1;9.71;12;12;12;1;0;2;0;0;0;0.387;-0.1755;0;2.2245;1.9165;0;0;0;22.23;1.7865;421.194384;147.6;0;146.7;1
20250324 50E15 DN 570 DF1;3/24/2025 1:37:04 PM;0.682775;200;200;1;20;2.16;0;0;-1;10.86;12;12;12;1;0;2;0;0;0;0.4;-0.175;0;2.1815;1.9165;0;0;0;22.23;1.766;422.019373;146.8;0;146.7;1
20250324 50E15 DN 570 DF1;3/24/2025 1:37:09 PM;0.684163888888889;200;200;1;20;2.2085;0;0;-1;10.86;12;12;12;1;60;2;60;60;0;0.376;-0.176;0;2.185;1.9165;0;0;0;22.23;1.768;422.769363;146.2;50;146.7;1
20250324 50E15 DN 570 DF1;3/24/2025 1:37:14 PM;0.685552777777778;200;200;1;20;2.1275;0;0;-1;10.86;12;12;12;1;0;2;0;0;0;0.391;-0.175;0;2.1485;1.9165;0;0;0;22.215;1.745;423.969347;151.3;0;146.7;1
20250324 50E15 DN 570 DF1;3/24/2025 1:37:19 PM;0.686947222222222;200;200;1;20;2.1575;0;0;-1;10.86;12;12;12;1;0;2;0;0;0;0.397;-0.1755;0;2.2075;1.9165;0;0;0;22.2;1.766;424.869335;150.5;0;146.7;1
20250324 50E15 DN 570 DF1;3/24/2025 1:37:24 PM;0.688336111111111;200;200;1;20;2.166;0;0;-1;10;12;12;12;1;0;2;0;0;0;0.4005;-0.1755;0;2.1975;1.9165;0;0;0;22.2;1.7765;425.694324;149.7;0;146.7;1
20250324 50E15 DN 570 DF1;3/24/2025 1:37:29 PM;0.689730555555556;200;200;1;20;2.1355;0;0;-1;10;12;12;12;1;0;2;0;0;0;0.399;-0.1755;0;2.1675;1.9165;0;0;0;22.2;1.7605;426.669311;148.8;0;146.7;1
20250324 50E15 DN 570 DF1;3/24/2025 1:37:34 PM;0.691122222222222;200;200;1;20;2.1235;0;0;-1;10;12;12;12;1;0;2;0;0;0;0.3785;-0.1755;0;2.1625;1.9165;0;0;0;22.185;1.7275;427.4943;147.9;0;146.7;1
20250324 50E15 DN 570 DF1;3/24/2025 1:37:39 PM;0.692513888888889;200;200;1;20;2.0435;0;0;-1;10;12;12;12;1;0;2;0;0;0;0.3885;-0.175;0;2.0955;1.9165;0;0;0;22.17;1.7;428.394288;147.1;0;146.7;1
20250324 50E15 DN 570 DF1;3/24/2025 1:37:44 PM;0.693908333333333;200;200;1;20;2.0495;0;0;-1;10.57;12;12;12;1;50;2;50;30;0;0.3815;-0.1755;0;2.0805;1.9165;0;0;0;22.17;1.6935;429.369275;145.9;80;146.7;1
20250324 50E15 DN 570 DF1;3/24/2025 1:37:50 PM;0.6953;200;200;1;20;2.2675;0;0;-1;10.57;12;12;12;1;0;2;0;0;0;0.3925;-0.1755;0;2.2925;1.9165;0;0;0;22.17;1.8105;430.419261;152.4;0;146.7;1
20250324 50E15 DN 570 DF1;3/24/2025 1:37:55 PM;0.696691666666667;200;200;1;20;2.3125;0;0;-1;10.57;12;12;12;1;0;2;0;0;0;0.3875;-0.176;0;2.318;1.9165;0;0;0;22.17;1.8355;431.169251;153.4;0;146.7;1
20250324 50E15 DN 570 DF1;3/24/2025 1:38:00 PM;0.698083333333333;200;200;1;20;2.133;0;0;-1;10.57;12;12;12;1;0;2;0;0;0;0.3875;-0.1755;0;2.1655;1.9165;0;0;0;22.17;1.746;431.99424;152.7;0;146.7;1
20250324 50E15 DN 570 DF1;3/24/2025 1:38:05 PM;0.699475;200;200;1;20;2.228;0;0;-1;10;12;12;12;1;0;2;0;0;0;0.3795;-0.176;0;2.2195;1.9165;0;0;0;22.155;1.78;432.969227;151.6;0;146.7;1
20250324 50E15 DN 570 DF1;3/24/2025 1:38:10 PM;0.700863888888889;200;200;1;20;2.184;0;0;-1;10;12;12;12;1;0;2;0;0;0;0.385;-0.1755;0;2.2085;1.9165;0;0;0;22.14;1.768;433.869215;150.7;0;146.7;1
20250324 50E15 DN 570 DF1;3/24/2025 1:38:15 PM;0.702255555555556;200;200;1;20;2.184;0;0;-1;10;12;12;12;1;0;2;0;0;0;0.385;-0.1755;0;2.2085;1.9165;0;0;0;22.14;1.768;433.869215;150.7;0;146.7;1
20250324 50E15 DN 570 DF1;3/24/2025 1:38:20 PM;0.70365;200;200;1;20;2.1485;0;0;-1;10;12;12;12;1;0;2;0;0;0;0.3945;-0.175;0;2.182;1.9165;0;0;0;22.155;1.7615;434.694204;149.9;0;146.7;1
20250324 50E15 DN 570 DF1;3/24/2025 1:38:25 PM;0.705041666666667;200;200;1;20;2.309;0;0;-1;10.57;12;12;12;1;0;2;0;0;0;0.4075;-0.175;0;2.328;1.9165;0;0;0;22.17;1.8475;435.669191;148.9;0;146.7;1
20250324 50E15 DN 570 DF1;3/24/2025 1:38:30 PM;0.706430555555556;200;200;1;20;2.28;0;0;-1;10.57;12;12;12;1;0;2;0;0;0;0.383;-0.176;0;2.282;1.9165;0;0;0;22.155;1.8065;436.719177;148.1;0;146.7;1
20250324 50E15 DN 570 DF1;3/24/2025 1:38:35 PM;0.707819444444444;200;200;1;20;2.084;0;0;-1;10.57;12;12;12;1;0;2;0;0;0;0.392;-0.1755;0;2.116;1.9165;0;0;0;22.14;1.726;437.469167;147.2;0;146.7;1
20250324 50E15 DN 570 DF1;3/24/2025 1:38:40 PM;0.709211111111111;200;200;1;20;2.296;0;0;-1;10.57;12;12;12;1;40;2;40;10;0;0.3955;-0.1755;0;2.296;1.9165;0;0;0;22.155;1.836;438.594152;146.2;50;146.7;1
20250324 50E15 DN 570 DF1;3/24/2025 1:38:45 PM;0.710602777777778;200;200;1;20;2.126;0;0;-1;10.29;12;12;12;1;0;2;0;0;0;0.4;-0.1755;0;2.1815;1.9165;0;0;0;22.17;1.751;439.419141;148.8;0;146.7;1
20250324 50E15 DN 570 DF1;3/24/2025 1:38:50 PM;0.711994444444444;200;200;1;20;2.125;0;0;-1;10.29;12;12;12;1;0;2;0;0;0;0.391;-0.175;0;2.195;1.9165;0;0;0;22.17;1.7385;440.319129;154;0;146.7;1
20250324 50E15 DN 570 DF1;3/24/2025 1:38:55 PM;0.713383333333333;200;200;1;20;2.1865;0;0;-1;10.29;12;12;12;1;0;2;0;0;0;0.399;-0.1755;0;2.209;1.9165;0;0;0;22.155;1.784;441.294116;152.9;0;146.7;1
20250324 50E15 DN 570 DF1;3/24/2025 1:39:00 PM;0.714780555555556;200;200;1;20;2.175;0;0;-1;10.29;12;12;12;1;0;2;0;0;0;0.3805;-0.1755;0;2.218;1.9165;0;0;0;22.155;1.754;442.194104;152.1;0;146.7;1
20250324 50E15 DN 570 DF1;3/24/2025 1:39:05 PM;0.716175;200;200;1;20;2.206;0;0;-1;10.57;12;12;12;1;0;2;0;0;0;0.4015;-0.175;0;2.273;1.9165;0;0;0;22.155;1.7945;443.094092;151.3;0;146.7;1
20250324 50E15 DN 570 DF1;3/24/2025 1:39:10 PM;0.717563888888889;200;200;1;20;2.1595;0;0;-1;10.57;12;12;12;1;0;2;0;0;0;0.392;-0.1755;0;2.203;1.9165;0;0;0;22.17;1.758;444.069079;150.3;0;146.7;1
20250324 50E15 DN 570 DF1;3/24/2025 1:39:15 PM;0.718955555555556;200;200;1;20;2.2365;0;0;-1;10.57;12;12;12;1;0;2;0;0;0;0.402;-0.1755;0;2.2495;1.9165;0;0;0;22.155;1.8105;444.894068;149.5;0;146.7;1
20250324 50E15 DN 570 DF1;3/24/2025 1:39:20 PM;0.720347222222222;200;200;1;20;2.1195;0;0;-1;10.57;12;12;12;1;0;2;0;0;0;0.3805;-0.1755;0;2.1595;1.9165;0;0;0;22.155;1.727;445.794056;148.5;0;146.7;1
20250324 50E15 DN 570 DF1;3/24/2025 1:39:25 PM;0.721738888888889;200;200;1;20;2.121;0;0;-1;10.29;12;12;12;1;0;2;0;0;0;0.3855;-0.1755;0;2.1565;1.9165;0;0;0;22.155;1.735;446.619045;147.7;0;146.7;1
20250324 50E15 DN 570 DF1;3/24/2025 1:39:30 PM;0.723130555555555;200;200;1;20;2.1675;0;0;-1;10.29;12;12;12;1;0;2;0;0;0;0.3845;-0.1755;0;2.191;1.9165;0;0;0;22.155;1.7535;447.669031;146.6;10;146.7;1
20250324 50E15 DN 570 DF1;3/24/2025 1:39:35 PM;0.724522222222222;200;200;1;20;2.2015;0;0;-1;10.29;12;12;12;1;70;2;70;70;0;0.3815;-0.1755;0;2.1795;1.9165;0;0;0;22.155;1.7695;448.569019;146.1;60;146.7;1
20250324 50E15 DN 570 DF1;3/24/2025 1:39:40 PM;0.725913888888889;200;200;1;20;2.2895;0;0;-1;10.29;12;12;12;1;0;2;0;0;0;0.4;-0.175;0;2.306;1.9165;0;0;0;22.155;1.8355;449.394008;151.9;0;146.7;1
20250324 50E15 DN 570 DF1;3/24/2025 1:39:45 PM;0.727305555555556;200;200;1;20;2.2895;0;0;-1;10.29;12;12;12;1;0;2;0;0;0;0.4;-0.175;0;2.306;1.9165;0;0;0;22.155;1.8355;449.394008;151.9;0;146.7;1
20250324 50E15 DN 570 DF1;3/24/2025 1:39:50 PM;0.728697222222222;200;200;1;20;2.141;0;0;-1;10;12;12;12;1;0;2;0;0;0;0.3855;-0.175;0;2.156;1.9165;0;0;0;22.17;1.743;450.518993;151.1;0;146.7;1
20250324 50E15 DN 570 DF1;3/24/2025 1:39:55 PM;0.730088888888889;200;200;1;20;2.2585;0;0;-1;10;12;12;12;1;0;2;0;0;0;0.3975;-0.175;0;2.2905;1.9165;0;0;0;22.155;1.813;451.268983;150.3;0;146.7;1
20250324 50E15 DN 570 DF1;3/24/2025 1:40:00 PM;0.731477777777778;200;200;1;20;2.198;0;0;-1;10;12;12;12;1;0;2;0;0;0;0.385;-0.1755;0;2.182;1.9165;0;0;0;22.17;1.7725;452.168971;149.3;0;146.7;1
20250324 50E15 DN 570 DF1;3/24/2025 1:40:05 PM;0.732866666666667;200;200;1;20;2.35;0;0;-1;10;12;12;12;1;0;2;0;0;0;0.4015;-0.1755;0;2.3445;1.9165;0;0;0;22.155;1.8675;453.218957;148.4;0;146.7;1
20250324 50E15 DN 570 DF1;3/24/2025 1:40:10 PM;0.734258333333333;200;200;1;20;2.273;0;0;-1;10.57;12;12;12;1;0;2;0;0;0;0.395;-0.175;0;2.2945;1.9165;0;0;0;22.155;1.818;453.968947;147.5;0;146.7;1
20250324 50E15 DN 570 DF1;3/24/2025 1:40:15 PM;0.735647222222222;200;200;1;20;2.113;0;0;-1;10.57;12;12;12;1;0;2;0;0;0;0.3845;-0.1755;0;2.147;1.9165;0;0;0;22.17;1.7325;455.018933;146.6;10;146.7;1
20250324 50E15 DN 570 DF1;3/24/2025 1:40:20 PM;0.737038888888889;200;200;1;20;2.172;0;0;-1;10.57;12;12;12;1;40;2;40;40;0;0.3805;-0.176;0;2.1825;1.9165;0;0;0;22.17;1.756;455.99392;146.6;10;146.7;1
20250324 50E15 DN 570 DF1;3/24/2025 1:40:25 PM;0.738430555555555;200;200;1;20;2.1805;0;0;-1;10.57;12;12;12;1;0;2;0;0;0;0.395;-0.175;0;2.21;1.9165;0;0;0;22.185;1.77;456.893908;150.5;0;146.7;1
20250324 50E15 DN 570 DF1;3/24/2025 1:40:30 PM;0.739822222222222;200;200;1;20;2.203;0;0;-1;10.29;12;12;12;1;0;2;0;0;0;0.3935;-0.175;0;2.2305;1.9165;0;0;0;22.185;1.783;457.718897;149.7;0;146.7;1
20250324 50E15 DN 570 DF1;3/24/2025 1:40:35 PM;0.741213888888889;200;200;1;20;2.1805;0;0;-1;10.29;12;12;12;1;0;2;0;0;0;0.3885;-0.1755;0;2.205;1.9165;0;0;0;22.185;1.764;458.693884;148.7;0;146.7;1
20250324 50E15 DN 570 DF1;3/24/2025 1:40:40 PM;0.742605555555556;200;200;1;20;2.06;0;0;-1;10.29;12;12;12;1;0;2;0;0;0;0.3925;-0.175;0;2.0815;1.9165;0;0;0;22.185;1.7115;459.518873;147.8;0;146.7;1
20250324 50E15 DN 570 DF1;3/24/2025 1:40:45 PM;0.743997222222222;200;200;1;20;2.362;0;0;-1;10.29;12;12;12;1;0;2;0;0;0;0.3865;-0.176;0;2.3605;1.9165;0;0;0;22.185;1.8535;460.268863;147;0;146.7;1
20250324 50E15 DN 570 DF1;3/24/2025 1:40:50 PM;0.745388888888889;200;200;1;20;2.1915;0;0;-1;10;12;12;12;1;40;2;40;40;0;0.3905;-0.1755;0;2.203;1.9165;0;0;0;22.185;1.7785;461.393848;146;70;146.7;1
20250324 50E15 DN 570 DF1;3/24/2025 1:40:55 PM;0.746780555555556;200;200;1;20;2.094;0;0;-1;10;12;12;12;1;0;2;0;0;0;0.4075;-0.175;0;2.1495;1.9165;0;0;0;22.2;1.741;462.293836;152.3;0;146.7;1
20250324 50E15 DN 570 DF1;3/24/2025 1:41:00 PM;0.748172222222222;200;200;1;20;2.277;0;0;-1;10;12;12;12;1;0;2;0;0;0;0.3865;-0.176;0;2.3005;1.9165;0;0;0;22.17;1.8115;463.193824;152.6;0;146.7;1
20250324 50E15 DN 570 DF1;3/24/2025 1:41:05 PM;0.749563888888889;200;200;1;20;2.2485;0;0;-1;10;12;12;12;1;0;2;0;0;0;0.406;-0.175;0;2.2645;1.9165;0;0;0;22.185;1.8245;464.018813;151.7;0;146.7;1
20250324 50E15 DN 570 DF1;3/24/2025 1:41:10 PM;0.750958333333333;200;200;1;20;2.2435;0;0;-1;10.57;12;12;12;1;0;2;0;0;0;0.3785;-0.1765;0;2.235;1.9165;0;0;0;22.185;1.7885;464.9938;150.6;0;146.7;1
20250324 50E15 DN 570 DF1;3/24/2025 1:41:15 PM;0.752347222222222;200;200;1;20;2.2435;0;0;-1;10.57;12;12;12;1;0;2;0;0;0;0.3785;-0.1765;0;2.235;1.9165;0;0;0;22.185;1.7885;464.9938;150.6;0;146.7;1
20250324 50E15 DN 570 DF1;3/24/2025 1:41:20 PM;0.753738888888889;200;200;1;20;2.266;0;0;-1;10.57;12;12;12;1;0;2;0;0;0;0.395;-0.1755;0;2.3135;1.9165;0;0;0;22.185;1.8175;465.968787;149.9;0;146.7;1
20250324 50E15 DN 570 DF1;3/24/2025 1:41:25 PM;0.755130555555556;200;200;1;20;2.479;0;0;-1;10.57;12;12;12;1;0;2;0;0;0;0.412;-0.1755;0;2.466;1.9165;0;0;0;22.2;1.9465;466.793776;149.1;0;146.7;1
20250324 50E15 DN 570 DF1;3/24/2025 1:41:30 PM;0.756525;200;200;1;20;2.131;0;0;-1;10.57;12;12;12;1;0;2;0;0;0;0.39;-0.1755;0;2.1505;1.9165;0;0;0;22.2;1.7445;467.768763;148.1;0;146.7;1
20250324 50E15 DN 570 DF1;3/24/2025 1:41:35 PM;0.757916666666667;200;200;1;20;2.177;0;0;-1;10.29;12;12;12;1;0;2;0;0;0;0.379;-0.1755;0;2.229;1.9165;0;0;0;22.2;1.75;468.668751;147.2;0;146.7;1
20250324 50E15 DN 570 DF1;3/24/2025 1:41:40 PM;0.759308333333333;200;200;1;20;2.328;0;0;-1;10.29;12;12;12;1;10;2;10;10;0;0.4015;-0.175;0;2.363;1.9165;0;0;0;22.2;1.856;469.568739;146.4;30;146.7;1
20250324 50E15 DN 570 DF1;3/24/2025 1:41:45 PM;0.7607;200;200;1;20;2.1755;0;0;-1;10.29;12;12;12;1;0;2;0;50;0;0.405;-0.1755;0;2.203;1.9165;0;0;0;22.2;1.785;470.468727;148.2;0;146.7;1
20250324 50E15 DN 570 DF1;3/24/2025 1:41:50 PM;0.762091666666667;200;200;1;20;2.251;0;0;-1;10.29;12;12;12;1;0;2;0;0;0;0.395;-0.175;0;2.249;1.9165;0;0;0;22.2;1.807;471.518713;152.7;0;146.7;1
20250324 50E15 DN 570 DF1;3/24/2025 1:41:55 PM;0.763483333333333;200;200;1;20;2.2085;0;0;-1;10.29;12;12;12;1;0;2;0;0;0;0.397;-0.1755;0;2.258;1.9165;0;0;0;22.185;1.788;472.268703;151.9;0;146.7;1
20250324 50E15 DN 570 DF1;3/24/2025 1:42:00 PM;0.764877777777778;200;200;1;20;2.265;0;0;-1;10.29;12;12;12;1;0;2;0;0;0;0.4145;-0.1745;0;2.274;1.9165;0;0;0;22.2;1.8395;473.168691;151.1;0;146.7;1
20250324 50E15 DN 570 DF1;3/24/2025 1:42:05 PM;0.766269444444444;200;200;1;20;2.23;0;0;-1;10.29;12;12;12;1;0;2;0;0;0;0.4;-0.175;0;2.2575;1.9165;0;0;0;22.215;1.807;474.218677;150;0;146.7;1
20250324 50E15 DN 570 DF1;3/24/2025 1:42:10 PM;0.767658333333333;200;200;1;20;2.2595;0;0;-1;10.29;12;12;12;1;0;2;0;0;0;0.41;-0.175;0;2.2935;1.9165;0;0;0;22.23;1.8305;475.118665;149.1;0;146.7;1
20250324 50E15 DN 570 DF1;3/24/2025 1:42:15 PM;0.769052777777778;200;200;1;20;2.273;0;0;-1;10.29;12;12;12;1;0;2;0;0;0;0.3935;-0.1755;0;2.2715;1.9165;0;0;0;22.245;1.822;476.018653;148.4;0;146.7;1
20250324 50E15 DN 570 DF1;3/24/2025 1:42:20 PM;0.770441666666667;200;200;1;20;2.182;0;0;-1;10.29;12;12;12;1;0;2;0;0;0;0.387;-0.1755;0;2.2135;1.9165;0;0;0;22.23;1.763;476.918641;147.4;0;146.7;1
20250324 50E15 DN 570 DF1;3/24/2025 1:42:25 PM;0.771833333333333;200;200;1;20;2.2975;0;0;-1;10.29;12;12;12;1;0;2;0;0;0;0.382;-0.1755;0;2.287;1.9165;0;0;0;22.245;1.8215;477.893628;146.6;10;146.7;1
20250324 50E15 DN 570 DF1;3/24/2025 1:42:30 PM;0.773227777777778;200;200;1;20;2.2145;0;0;-1;10.29;12;12;12;1;20;2;20;20;0;0.392;-0.1755;0;2.218;1.9165;0;0;0;22.245;1.7815;478.718617;146.7;0;146.7;1
20250324 50E15 DN 570 DF1;3/24/2025 1:42:35 PM;0.774616666666667;200;200;1;20;2.206;0;0;-1;10.57;12;12;12;1;0;2;0;0;0;0.389;-0.1755;0;2.223;1.9165;0;0;0;22.275;1.78;479.693604;149.8;0;146.7;1
20250324 50E15 DN 570 DF1;3/24/2025 1:42:40 PM;0.776013888888889;200;200;1;20;2.206;0;0;-1;10.57;12;12;12;1;0;2;0;0;0;0.389;-0.1755;0;2.223;1.9165;0;0;0;22.275;1.78;479.693604;149.8;0;146.7;1
20250324 50E15 DN 570 DF1;3/24/2025 1:42:45 PM;0.777405555555556;200;200;1;20;2.29;0;0;-1;10.57;12;12;12;1;0;2;0;0;0;0.4;-0.1755;0;2.3375;1.9165;0;0;0;22.29;1.8325;480.518593;148.9;0;146.7;1
20250324 50E15 DN 570 DF1;3/24/2025 1:42:50 PM;0.778794444444444;200;200;1;20;2.171;0;0;-1;10.57;12;12;12;1;0;2;0;0;0;0.3995;-0.175;0;2.211;1.9165;0;0;0;22.29;1.7785;481.49358;148.1;0;146.7;1
20250324 50E15 DN 570 DF1;3/24/2025 1:42:55 PM;0.780188888888889;200;200;1;20;2.236;0;0;-1;10.57;12;12;12;1;0;2;0;0;0;0.402;-0.175;0;2.256;1.9165;0;0;0;22.275;1.8135;482.393568;147.1;0;146.7;1
20250324 50E15 DN 570 DF1;3/24/2025 1:43:00 PM;0.781577777777778;200;200;1;20;2.237;0;0;-1;10;12;12;12;1;20;2;20;20;0;0.387;-0.176;0;2.2605;1.9165;0;0;0;22.29;1.7975;483.368555;146.3;40;146.7;1
20250324 50E15 DN 570 DF1;3/24/2025 1:43:05 PM;0.782969444444444;200;200;1;20;2.128;0;0;-1;10;12;12;12;1;10;2;10;10;0;0.3845;-0.176;0;2.146;1.9165;0;0;0;22.32;1.7405;484.268543;148;0;146.7;1
20250324 50E15 DN 570 DF1;3/24/2025 1:43:10 PM;0.784363888888889;200;200;1;20;2.24;0;0;-1;10;12;12;12;1;0;2;0;0;0;0.4045;-0.1755;0;2.2525;1.9165;0;0;0;22.32;1.8145;485.168531;152.7;0;146.7;1
20250324 50E15 DN 570 DF1;3/24/2025 1:43:15 PM;0.785755555555556;200;200;1;20;2.158;0;0;-1;10;12;12;12;1;0;2;0;0;0;0.3995;-0.175;0;2.181;1.9165;0;0;0;22.32;1.7705;486.068519;151.8;0;146.7;1
20250324 50E15 DN 570 DF1;3/24/2025 1:43:20 PM;0.787147222222222;200;200;1;20;2.254;0;0;-1;10.57;12;12;12;1;0;2;0;0;0;0.3885;-0.1755;0;2.257;1.9165;0;0;0;22.35;1.8075;486.968507;151;0;146.7;1
20250324 50E15 DN 570 DF1;3/24/2025 1:43:25 PM;0.788536111111111;200;200;1;20;2.286;0;0;-1;10.57;12;12;12;1;0;2;0;0;0;0.411;-0.175;0;2.3375;1.9165;0;0;0;22.365;1.851;487.793496;150.2;0;146.7;1
20250324 50E15 DN 570 DF1;3/24/2025 1:43:30 PM;0.789927777777778;200;200;1;20;2.264;0;0;-1;10.57;12;12;12;1;0;2;0;0;0;0.4005;-0.175;0;2.294;1.9165;0;0;0;22.365;1.8195;488.768483;149.2;0;146.7;1
20250324 50E15 DN 570 DF1;3/24/2025 1:43:35 PM;0.791319444444444;200;200;1;20;2.124;0;0;-1;10.57;12;12;12;1;0;2;0;0;0;0.404;-0.175;0;2.187;1.9165;0;0;0;22.365;1.754;489.668471;148.3;0;146.7;1
20250324 50E15 DN 570 DF1;3/24/2025 1:43:40 PM;0.792708333333333;200;200;1;20;2.2225;0;0;-1;10.29;12;12;12;1;0;2;0;0;0;0.3955;-0.1755;0;2.2645;1.9165;0;0;0;22.395;1.802;490.568459;147.5;0;146.7;1
20250324 50E15 DN 570 DF1;3/24/2025 1:43:45 PM;0.7941;200;200;1;20;2.181;0;0;-1;10.29;12;12;12;1;0;2;0;0;0;0.405;-0.175;0;2.242;1.9165;0;0;0;22.38;1.785;491.618445;146.5;20;146.7;1
20250324 50E15 DN 570 DF1;3/24/2025 1:43:50 PM;0.795491666666667;200;200;1;20;2.3215;0;0;-1;10.29;12;12;12;1;100;2;100;100;0;0.417;-0.174;0;2.389;1.9165;0;0;0;22.41;1.87;492.518433;146.4;30;146.7;1
20250324 50E15 DN 570 DF1;3/24/2025 1:43:55 PM;0.796883333333333;200;200;1;20;2.159;0;0;-1;10.29;12;12;12;1;0;2;0;0;0;0.3965;-0.176;0;2.1825;1.9165;0;0;0;22.425;1.767;493.418421;152.8;0;146.7;1
20250324 50E15 DN 570 DF1;3/24/2025 1:44:00 PM;0.798272222222222;200;200;1;20;2.1955;0;0;-1;10.57;12;12;12;1;0;2;0;0;0;0.3895;-0.1755;0;2.234;1.9165;0;0;0;22.41;1.7755;494.318409;151.9;0;146.7;1
20250324 50E15 DN 570 DF1;3/24/2025 1:44:05 PM;0.799661111111111;200;200;1;20;2.218;0;0;-1;10.57;12;12;12;1;0;2;0;0;0;0.404;-0.1755;0;2.268;1.9165;0;0;0;22.41;1.8025;495.218397;151;0;146.7;1
20250324 50E15 DN 570 DF1;3/24/2025 1:44:10 PM;0.801052777777778;200;200;1;20;2.218;0;0;-1;10.57;12;12;12;1;0;2;0;0;0;0.404;-0.1755;0;2.268;1.9165;0;0;0;22.41;1.8025;495.218397;151;0;146.7;1
20250324 50E15 DN 570 DF1;3/24/2025 1:44:15 PM;0.802447222222222;200;200;1;20;2.179;0;0;-1;10.57;12;12;12;1;0;2;0;0;0;0.3945;-0.176;0;2.2175;1.9165;0;0;0;22.44;1.775;496.118385;150.2;0;146.7;1
20250324 50E15 DN 570 DF1;3/24/2025 1:44:20 PM;0.803838888888889;200;200;1;20;2.213;0;0;-1;10.57;12;12;12;1;0;2;0;0;0;0.3905;-0.1755;0;2.2505;1.9165;0;0;0;22.455;1.7845;497.093372;149.1;0;146.7;1
20250324 50E15 DN 570 DF1;3/24/2025 1:44:25 PM;0.805233333333333;200;200;1;20;2.237;0;0;-1;10.29;12;12;12;1;0;2;0;0;0;0.3885;-0.1755;0;2.243;1.9165;0;0;0;22.455;1.795;497.99336;148.4;0;146.7;1
20250324 50E15 DN 570 DF1;3/24/2025 1:44:30 PM;0.806625;200;200;1;20;2.263;0;0;-1;10.29;12;12;12;1;0;2;0;0;0;0.406;-0.1755;0;2.278;1.9165;0;0;0;22.47;1.8325;498.818349;147.6;0;146.7;1
20250324 50E15 DN 570 DF1;3/24/2025 1:44:35 PM;0.808016666666667;200;200;1;20;2.212;0;0;-1;10.29;12;12;12;1;10;2;10;0;0;0.387;-0.176;0;2.214;1.9165;0;0;0;22.485;1.7815;499.868335;146.5;20;146.7;1
20250324 50E15 DN 570 DF1;3/24/2025 1:44:40 PM;0.809405555555555;200;200;1;20;2.2075;0;0;-1;10.29;12;12;12;1;10;2;10;10;0;0.4045;-0.175;0;2.2385;1.9165;0;0;0;22.47;1.7985;500.693324;147;0;146.7;1
20250324 50E15 DN 570 DF1;3/24/2025 1:44:45 PM;0.810802777777778;200;200;1;20;2.3745;0;0;-1;10.29;12;12;12;1;0;2;0;0;0;0.3975;-0.176;0;2.373;1.9165;0;0;0;22.485;1.876;501.593312;149.5;0;146.7;1
20250324 50E15 DN 570 DF1;3/24/2025 1:44:50 PM;0.812191666666667;200;200;1;20;2.112;0;0;-1;10.29;12;12;12;1;0;2;0;0;0;0.3955;-0.1755;0;2.159;1.9165;0;0;0;22.5;1.746;502.4933;148.5;0;146.7;1
20250324 50E15 DN 570 DF1;3/24/2025 1:44:55 PM;0.813580555555556;200;200;1;20;2.3755;0;0;-1;10.29;12;12;12;1;0;2;0;0;0;0.4065;-0.1755;0;2.3875;1.9165;0;0;0;22.5;1.886;503.393288;147.6;0;146.7;1
20250324 50E15 DN 570 DF1;3/24/2025 1:45:00 PM;0.814972222222222;200;200;1;20;2.1125;0;0;-1;10.29;12;12;12;1;0;2;0;0;0;0.3865;-0.176;0;2.1605;1.9165;0;0;0;22.515;1.7315;504.368275;146.7;0;146.7;1
20250324 50E15 DN 570 DF1;3/24/2025 1:45:05 PM;0.816363888888889;200;200;1;20;2.1975;0;0;-1;10.29;12;12;12;1;70;2;70;70;0;0.3935;-0.1755;0;2.223;1.9165;0;0;0;22.5;1.7855;505.193264;146;70;146.7;1
20250324 50E15 DN 570 DF1;3/24/2025 1:45:10 PM;0.817755555555556;200;200;1;20;2.1405;0;0;-1;10.29;12;12;12;1;0;2;0;0;0;0.389;-0.176;0;2.142;1.9165;0;0;0;22.53;1.748;506.318249;153.3;0;146.7;1
20250324 50E15 DN 570 DF1;3/24/2025 1:45:15 PM;0.819147222222222;200;200;1;20;2.1475;0;0;-1;10.29;12;12;12;1;0;2;0;0;0;0.393;-0.176;0;2.1765;1.9165;0;0;0;22.53;1.756;507.068239;152.5;0;146.7;1
20250324 50E15 DN 570 DF1;3/24/2025 1:45:20 PM;0.820538888888889;200;200;1;20;2.1375;0;0;-1;10.29;12;12;12;1;0;2;0;0;0;0.3995;-0.1755;0;2.1755;1.9165;0;0;0;22.545;1.76;507.968227;151.6;0;146.7;1
20250324 50E15 DN 570 DF1;3/24/2025 1:45:25 PM;0.821927777777778;200;200;1;20;2.2535;0;0;-1;10;12;12;12;1;0;2;0;0;0;0.407;-0.175;0;2.2655;1.9165;0;0;0;22.53;1.8225;509.018213;150.6;0;146.7;1
20250324 50E15 DN 570 DF1;3/24/2025 1:45:30 PM;0.823316666666667;200;200;1;20;2.3345;0;0;-1;10;12;12;12;1;0;2;0;0;0;0.4065;-0.175;0;2.354;1.9165;0;0;0;22.545;1.865;509.768203;149.8;0;146.7;1
20250324 50E15 DN 570 DF1;3/24/2025 1:45:35 PM;0.824711111111111;200;200;1;20;2.3345;0;0;-1;10;12;12;12;1;0;2;0;0;0;0.4065;-0.175;0;2.354;1.9165;0;0;0;22.545;1.865;509.768203;149.8;0;146.7;1
20250324 50E15 DN 570 DF1;3/24/2025 1:45:40 PM;0.826102777777778;200;200;1;20;2.4005;0;0;-1;10;12;12;12;1;0;2;0;0;0;0.3945;-0.176;0;2.4135;1.9165;0;0;0;22.56;1.888;510.593192;149;0;146.7;1
20250324 50E15 DN 570 DF1;3/24/2025 1:45:45 PM;0.827494444444444;200;200;1;20;2.2315;0;0;-1;10.57;12;12;12;1;0;2;0;0;0;0.405;-0.1755;0;2.251;1.9165;0;0;0;22.545;1.815;511.793176;147.9;0;146.7;1
20250324 50E15 DN 570 DF1;3/24/2025 1:45:50 PM;0.828886111111111;200;200;1;20;2.252;0;0;-1;10.57;12;12;12;1;0;2;0;0;0;0.3945;-0.176;0;2.276;1.9165;0;0;0;22.545;1.813;512.693164;147.1;0;146.7;1
20250324 50E15 DN 570 DF1;3/24/2025 1:45:55 PM;0.830275;200;200;1;20;2.246;0;0;-1;10.57;12;12;12;1;20;2;20;20;0;0.3905;-0.176;0;2.248;1.9165;0;0;0;22.56;1.807;513.518153;146.3;40;146.7;1
20250324 50E15 DN 570 DF1;3/24/2025 1:46:00 PM;0.831663888888889;200;200;1;20;2.228;0;0;-1;10.57;12;12;12;1;0;2;0;0;0;0.4025;-0.175;0;2.2215;1.9165;0;0;0;22.56;1.808;514.193144;147.8;0;146.7;1
20250324 50E15 DN 570 DF1;3/24/2025 1:46:05 PM;0.833055555555556;200;200;1;20;2.2525;0;0;-1;10.29;12;12;12;1;0;2;0;0;0;0.3935;-0.176;0;2.2745;1.9165;0;0;0;22.545;1.811;515.393128;151.8;0;146.7;1
20250324 50E15 DN 570 DF1;3/24/2025 1:46:10 PM;0.834444444444444;200;200;1;20;2.224;0;0;-1;10.29;12;12;12;1;0;2;0;0;0;0.404;-0.1755;0;2.244;1.9165;0;0;0;22.545;1.811;516.218117;151;0;146.7;1
20250324 50E15 DN 570 DF1;3/24/2025 1:46:15 PM;0.835833333333333;200;200;1;20;2.1965;0;0;-1;10.29;12;12;12;1;0;2;0;0;0;0.3885;-0.176;0;2.2035;1.9165;0;0;0;22.545;1.775;517.118105;150.2;0;146.7;1
20250324 50E15 DN 570 DF1;3/24/2025 1:46:20 PM;0.837225;200;200;1;20;2.2105;0;0;-1;10.29;12;12;12;1;0;2;0;0;0;0.404;-0.175;0;2.283;1.9165;0;0;0;22.545;1.8;518.093092;149.3;0;146.7;1
20250324 50E15 DN 570 DF1;3/24/2025 1:46:25 PM;0.838616666666667;200;200;1;20;2.2725;0;0;-1;10.29;12;12;12;1;0;2;0;0;0;0.3935;-0.176;0;2.3105;1.9165;0;0;0;22.56;1.8195;518.99308;148.4;0;146.7;1
20250324 50E15 DN 570 DF1;3/24/2025 1:46:30 PM;0.840005555555556;200;200;1;20;2.188;0;0;-1;10.29;12;12;12;1;0;2;0;0;0;0.3965;-0.176;0;2.217;1.9165;0;0;0;22.53;1.78;519.818069;147.6;0;146.7;1
20250324 50E15 DN 570 DF1;3/24/2025 1:46:35 PM;0.841397222222222;200;200;1;20;2.4035;0;0;-1;10.29;12;12;12;1;0;2;0;0;0;0.415;-0.175;0;2.398;1.9165;0;0;0;22.53;1.9095;520.868055;146.5;20;146.7;1
20250324 50E15 DN 570 DF1;3/24/2025 1:46:40 PM;0.842791666666667;200;200;1;20;2.2225;0;0;-1;10.29;12;12;12;1;70;2;70;70;0;0.3945;-0.1755;0;2.2585;1.9165;0;0;0;22.53;1.796;521.768043;146.3;40;146.7;1
20250324 50E15 DN 570 DF1;3/24/2025 1:46:45 PM;0.844183333333333;200;200;1;20;2.2835;0;0;-1;10.57;12;12;12;1;0;2;0;0;0;0.4005;-0.176;0;2.2945;1.9165;0;0;0;22.515;1.8375;522.518033;153.4;0;146.7;1
20250324 50E15 DN 570 DF1;3/24/2025 1:46:50 PM;0.845575;200;200;1;20;2.3445;0;0;-1;10.57;12;12;12;1;0;2;0;0;0;0.4115;-0.175;0;2.351;1.9165;0;0;0;22.53;1.8765;523.718017;152.5;0;146.7;1
20250324 50E15 DN 570 DF1;3/24/2025 1:46:55 PM;0.846963888888889;200;200;1;20;2.2695;0;0;-1;10.57;12;12;12;1;0;2;0;0;0;0.399;-0.1755;0;2.2935;1.9165;0;0;0;22.515;1.825;524.393008;151.7;0;146.7;1
20250324 50E15 DN 570 DF1;3/24/2025 1:47:01 PM;0.848355555555556;200;200;1;20;2.253;0;0;-1;10.57;12;12;12;1;0;2;0;0;0;0.402;-0.1755;0;2.283;1.9165;0;0;0;22.485;1.822;525.367995;150.9;0;146.7;1
20250324 50E15 DN 570 DF1;3/24/2025 1:47:06 PM;0.849747222222222;200;200;1;20;2.253;0;0;-1;10.57;12;12;12;1;0;2;0;0;0;0.402;-0.1755;0;2.283;1.9165;0;0;0;22.485;1.822;525.367995;150.9;0;146.7;1
20250324 50E15 DN 570 DF1;3/24/2025 1:47:11 PM;0.851138888888889;200;200;1;20;2.359;0;0;-1;10;12;12;12;1;0;2;0;0;0;0.3905;-0.176;0;2.351;1.9165;0;0;0;22.5;1.8595;526.417981;149.9;0;146.7;1
20250324 50E15 DN 570 DF1;3/24/2025 1:47:16 PM;0.852527777777778;200;200;1;20;2.2355;0;0;-1;10;12;12;12;1;0;2;0;0;0;0.407;-0.176;0;2.275;1.9165;0;0;0;22.485;1.8135;527.317969;149.2;0;146.7;1
20250324 50E15 DN 570 DF1;3/24/2025 1:47:21 PM;0.853919444444444;200;200;1;20;2.1825;0;0;-1;10;12;12;12;1;0;2;0;0;0;0.404;-0.1755;0;2.2255;1.9165;0;0;0;22.485;1.79;527.99296;148.3;0;146.7;1
20250324 50E15 DN 570 DF1;3/24/2025 1:47:26 PM;0.855308333333333;200;200;1;20;2.266;0;0;-1;10;12;12;12;1;0;2;0;0;0;0.3945;-0.1765;0;2.282;1.9165;0;0;0;22.485;1.822;528.967947;147.4;0;146.7;1
20250324 50E15 DN 570 DF1;3/24/2025 1:47:31 PM;0.856702777777778;200;200;1;20;2.3385;0;0;-1;10.29;12;12;12;1;20;2;20;20;0;0.4045;-0.1755;0;2.368;1.9165;0;0;0;22.5;1.862;530.017933;146.3;40;146.7;1
20250324 50E15 DN 570 DF1;3/24/2025 1:47:36 PM;0.858094444444444;200;200;1;20;2.4145;0;0;-1;10.29;12;12;12;1;0;2;0;0;0;0.4005;-0.176;0;2.4015;1.9165;0;0;0;22.485;1.893;530.767923;148;0;146.7;1
20250324 50E15 DN 570 DF1;3/24/2025 1:47:41 PM;0.859488888888889;200;200;1;20;2.232;0;0;-1;10.29;12;12;12;1;0;2;0;0;0;0.403;-0.176;0;2.256;1.9165;0;0;0;22.485;1.814;531.592912;152.1;0;146.7;1
20250324 50E15 DN 570 DF1;3/24/2025 1:47:46 PM;0.860880555555556;200;200;1;20;2.316;0;0;-1;10.29;12;12;12;1;0;2;0;0;0;0.393;-0.176;0;2.3335;1.9165;0;0;0;22.455;1.8415;532.717897;151.1;0;146.7;1
20250324 50E15 DN 570 DF1;3/24/2025 1:47:51 PM;0.862275;200;200;1;20;2.2895;0;0;-1;10;12;12;12;1;0;2;0;0;0;0.4;-0.1755;0;2.301;1.9165;0;0;0;22.455;1.833;533.617885;150.1;0;146.7;1
20250324 50E15 DN 570 DF1;3/24/2025 1:47:56 PM;0.863666666666667;200;200;1;20;2.287;0;0;-1;10;12;12;12;1;0;2;0;0;0;0.4025;-0.1755;0;2.2935;1.9165;0;0;0;22.44;1.841;534.367875;149.4;0;146.7;1
20250324 50E15 DN 570 DF1;3/24/2025 1:48:01 PM;0.865058333333333;200;200;1;20;2.2355;0;0;-1;10;12;12;12;1;0;2;0;0;0;0.404;-0.1755;0;2.292;1.9165;0;0;0;22.44;1.8075;535.417861;148.4;0;146.7;1
20250324 50E15 DN 570 DF1;3/24/2025 1:48:06 PM;0.866452777777778;200;200;1;20;2.263;0;0;-1;10;12;12;12;1;0;2;0;0;0;0.3975;-0.176;0;2.2705;1.9165;0;0;0;22.425;1.8195;536.317849;147.5;0;146.7;1
20250324 50E15 DN 570 DF1;3/24/2025 1:48:11 PM;0.867841666666667;200;200;1;20;2.294;0;0;-1;10.86;12;12;12;1;0;2;0;0;0;0.4135;-0.175;0;2.3465;1.9165;0;0;0;22.41;1.8565;537.217837;146.7;0;146.7;1
20250324 50E15 DN 570 DF1;3/24/2025 1:48:16 PM;0.869233333333333;200;200;1;20;2.2195;0;0;-1;10.86;12;12;12;1;40;2;40;70;0;0.404;-0.1755;0;2.265;1.9165;0;0;0;22.41;1.801;538.192824;146.5;20;146.7;1
20250324 50E15 DN 570 DF1;3/24/2025 1:48:21 PM;0.870625;200;200;1;20;2.2395;0;0;-1;10.86;12;12;12;1;0;2;0;0;0;0.397;-0.1755;0;2.296;1.9165;0;0;0;22.38;1.8065;539.092812;151.4;0;146.7;1
20250324 50E15 DN 570 DF1;3/24/2025 1:48:26 PM;0.872016666666667;200;200;1;20;2.1435;0;0;-1;10.86;12;12;12;1;0;2;0;0;0;0.4035;-0.1755;0;2.23;1.9165;0;0;0;22.365;1.7625;539.917801;150.7;0;146.7;1
20250324 50E15 DN 570 DF1;3/24/2025 1:48:31 PM;0.873405555555556;200;200;1;20;2.1435;0;0;-1;10.86;12;12;12;1;0;2;0;0;0;0.4035;-0.1755;0;2.23;1.9165;0;0;0;22.365;1.7625;539.917801;150.7;0;146.7;1
20250324 50E15 DN 570 DF1;3/24/2025 1:48:36 PM;0.874794444444444;200;200;1;20;2.28;0;0;-1;10.29;12;12;12;1;0;2;0;0;0;0.387;-0.1755;0;2.301;1.9165;0;0;0;22.335;1.813;540.967787;149.6;0;146.7;1
20250324 50E15 DN 570 DF1;3/24/2025 1:48:41 PM;0.876186111111111;200;200;1;20;2.263;0;0;-1;10.29;12;12;12;1;0;2;0;0;0;0.4015;-0.1755;0;2.3225;1.9165;0;0;0;22.32;1.8205;541.867775;148.8;0;146.7;1
20250324 50E15 DN 570 DF1;3/24/2025 1:48:46 PM;0.877577777777778;200;200;1;20;2.306;0;0;-1;10.29;12;12;12;1;0;2;0;0;0;0.418;-0.1755;0;2.3;1.9165;0;0;0;22.32;1.8655;542.692764;147.9;0;146.7;1
20250324 50E15 DN 570 DF1;3/24/2025 1:48:51 PM;0.878966666666667;200;200;1;20;2.3975;0;0;-1;10.29;12;12;12;1;0;2;0;0;0;0.4105;-0.176;0;2.407;1.9165;0;0;0;22.32;1.905;543.517753;147.1;0;146.7;1
20250324 50E15 DN 570 DF1;3/24/2025 1:48:56 PM;0.880358333333333;200;200;1;20;2.2585;0;0;-1;9.71;12;12;12;1;50;2;50;50;0;0.4025;-0.175;0;2.3195;1.9165;0;0;0;22.29;1.826;544.567739;146.1;60;146.7;1
20250324 50E15 DN 570 DF1;3/24/2025 1:49:01 PM;0.88175;200;200;1;20;2.3255;0;0;-1;9.71;12;12;12;1;0;2;0;0;0;0.4155;-0.175;0;2.368;1.9165;0;0;0;22.26;1.8715;545.392728;150.6;0;146.7;1
20250324 50E15 DN 570 DF1;3/24/2025 1:49:06 PM;0.883144444444444;200;200;1;20;2.2865;0;0;-1;9.71;12;12;12;1;0;2;0;0;0;0.4;-0.1755;0;2.2895;1.9165;0;0;0;22.275;1.8355;546.217717;151.4;0;146.7;1
20250324 50E15 DN 570 DF1;3/24/2025 1:49:11 PM;0.884536111111111;200;200;1;20;2.261;0;0;-1;9.71;12;12;12;1;0;2;0;0;0;0.4145;-0.175;0;2.2865;1.9165;0;0;0;22.275;1.8385;547.192704;150.5;0;146.7;1
20250324 50E15 DN 570 DF1;3/24/2025 1:49:16 PM;0.885927777777778;200;200;1;20;2.38;0;0;-1;10.86;12;12;12;1;0;2;0;0;0;0.4065;-0.1755;0;2.403;1.9165;0;0;0;22.215;1.886;548.317689;149.7;0;146.7;1
20250324 50E15 DN 570 DF1;3/24/2025 1:49:21 PM;0.887319444444444;200;200;1;20;2.205;0;0;-1;10.86;12;12;12;1;0;2;0;0;0;0.3995;-0.1755;0;2.2435;1.9165;0;0;0;22.23;1.796;549.067679;148.9;0;146.7;1
20250324 50E15 DN 570 DF1;3/24/2025 1:49:26 PM;0.888713888888889;200;200;1;20;2.1335;0;0;-1;10.86;12;12;12;1;0;2;0;0;0;0.3965;-0.176;0;2.167;1.9165;0;0;0;22.215;1.7525;550.117665;148;0;146.7;1
20250324 50E15 DN 570 DF1;3/24/2025 1:49:31 PM;0.890108333333333;200;200;1;20;2.315;0;0;-1;10.86;12;12;12;1;0;2;0;0;0;0.399;-0.1755;0;2.3275;1.9165;0;0;0;22.185;1.8425;550.792656;147.1;0;146.7;1
20250324 50E15 DN 570 DF1;3/24/2025 1:49:36 PM;0.8915;200;200;1;20;2.564;0;0;-1;10;12;12;12;1;40;2;40;40;0;0.395;-0.176;0;2.533;1.9165;0;0;0;22.2;1.9705;551.692644;146.2;50;146.7;1
20250324 50E15 DN 570 DF1;3/24/2025 1:49:41 PM;0.892891666666667;200;200;1;20;2.099;0;0;-1;10;12;12;12;1;0;2;0;0;0;0.38;-0.176;0;2.1145;1.9165;0;0;0;22.185;1.7205;552.592632;148.9;0;146.7;1
20250324 50E15 DN 570 DF1;3/24/2025 1:49:46 PM;0.894283333333333;200;200;1;20;2.295;0;0;-1;10;12;12;12;1;0;2;0;0;0;0.395;-0.176;0;2.305;1.9165;0;0;0;22.17;1.8275;553.717617;152.9;0;146.7;1
20250324 50E15 DN 570 DF1;3/24/2025 1:49:51 PM;0.895675;200;200;1;20;2.4885;0;0;-1;10;12;12;12;1;0;2;0;0;0;0.426;-0.175;0;2.4985;1.9165;0;0;0;22.155;1.961;554.467607;152.1;0;146.7;1
20250324 50E15 DN 570 DF1;3/24/2025 1:49:56 PM;0.897066666666667;200;200;1;20;2.43;0;0;-1;10.57;12;12;12;1;0;2;0;0;0;0.406;-0.1755;0;2.403;1.9165;0;0;0;22.155;1.9165;555.367595;151.2;0;146.7;1
20250324 50E15 DN 570 DF1;3/24/2025 1:50:01 PM;0.898458333333333;200;200;1;20;2.43;0;0;-1;10.57;12;12;12;1;0;2;0;0;0;0.406;-0.1755;0;2.403;1.9165;0;0;0;22.155;1.9165;555.367595;151.2;0;146.7;1
20250324 50E15 DN 570 DF1;3/24/2025 1:50:06 PM;0.89985;200;200;1;20;2.321;0;0;-1;10.57;12;12;12;1;0;2;0;0;0;0.416;-0.175;0;2.359;1.9165;0;0;0;22.155;1.8635;556.417581;150.2;0;146.7;1
20250324 50E15 DN 570 DF1;3/24/2025 1:50:11 PM;0.901241666666667;200;200;1;20;2.297;0;0;-1;10.57;12;12;12;1;0;2;0;0;0;0.3885;-0.1755;0;2.3125;1.9165;0;0;0;22.155;1.82;557.167571;149.4;0;146.7;1
20250324 50E15 DN 570 DF1;3/24/2025 1:50:16 PM;0.902630555555555;200;200;1;20;2.225;0;0;-1;10.57;12;12;12;1;0;2;0;0;0;0.395;-0.1755;0;2.233;1.9165;0;0;0;22.14;1.8005;558.067559;148.6;0;146.7;1
20250324 50E15 DN 570 DF1;3/24/2025 1:50:21 PM;0.904022222222222;200;200;1;20;2.3045;0;0;-1;10;12;12;12;1;0;2;0;0;0;0.417;-0.175;0;2.3665;1.9165;0;0;0;22.125;1.863;559.192544;147.5;0;146.7;1
20250324 50E15 DN 570 DF1;3/24/2025 1:50:26 PM;0.905411111111111;200;200;1;20;2.2985;0;0;-1;10;12;12;12;1;0;2;0;0;0;0.3915;-0.176;0;2.334;1.9165;0;0;0;22.125;1.8265;560.017533;146.7;0;146.7;1
20250324 50E15 DN 570 DF1;3/24/2025 1:50:31 PM;0.906802777777778;200;200;1;20;2.214;0;0;-1;10;12;12;12;1;70;2;70;70;0;0.4085;-0.175;0;2.252;1.9165;0;0;0;22.14;1.8105;560.917521;145.9;80;146.7;1
20250324 50E15 DN 570 DF1;3/24/2025 1:50:36 PM;0.908191666666667;200;200;1;20;2.356;0;0;-1;10;12;12;12;1;0;2;0;0;0;0.4;-0.1765;0;2.3505;1.9165;0;0;0;22.125;1.8725;561.817509;152.6;0;146.7;1
20250324 50E15 DN 570 DF1;3/24/2025 1:50:41 PM;0.909583333333333;200;200;1;20;2.2215;0;0;-1;10.29;12;12;12;1;0;2;0;0;0;0.4195;-0.1755;0;2.2525;1.9165;0;0;0;22.125;1.824;562.792496;151.9;0;146.7;1
20250324 50E15 DN 570 DF1;3/24/2025 1:50:46 PM;0.910975;200;200;1;20;2.394;0;0;-1;10.29;12;12;12;1;0;2;0;0;0;0.391;-0.176;0;2.3925;1.9165;0;0;0;22.125;1.8785;563.617485;151;0;146.7;1
20250324 50E15 DN 570 DF1;3/24/2025 1:50:51 PM;0.912366666666667;200;200;1;20;2.241;0;0;-1;10.29;12;12;12;1;0;2;0;0;0;0.4115;-0.175;0;2.2605;1.9165;0;0;0;22.125;1.822;564.667471;150;0;146.7;1
20250324 50E15 DN 570 DF1;3/24/2025 1:50:56 PM;0.913758333333333;200;200;1;20;2.227;0;0;-1;10.29;12;12;12;1;0;2;0;0;0;0.409;-0.1755;0;2.2795;1.9165;0;0;0;22.11;1.8095;565.567459;149.1;0;146.7;1
20250324 50E15 DN 570 DF1;3/24/2025 1:51:01 PM;0.915147222222222;200;200;1;20;2.296;0;0;-1;10.86;12;12;12;1;0;2;0;0;0;0.39;-0.176;0;2.329;1.9165;0;0;0;22.125;1.8275;566.392448;148.3;0;146.7;1
20250324 50E15 DN 570 DF1;3/24/2025 1:51:06 PM;0.916541666666667;200;200;1;20;2.371;0;0;-1;10.86;12;12;12;1;0;2;0;0;0;0.3955;-0.176;0;2.326;1.9165;0;0;0;22.125;1.872;567.367435;147.5;0;146.7;1
20250324 50E15 DN 570 DF1;3/24/2025 1:51:11 PM;0.917933333333333;200;200;1;20;2.352;0;0;-1;10.86;12;12;12;1;10;2;10;10;0;0.4085;-0.1755;0;2.39;1.9165;0;0;0;22.125;1.8755;568.417421;146.5;20;146.7;1
20250324 50E15 DN 570 DF1;3/24/2025 1:51:16 PM;0.919325;200;200;1;20;2.3935;0;0;-1;10.86;12;12;12;1;70;2;70;70;0;0.409;-0.1755;0;2.3995;1.9165;0;0;0;22.125;1.895;569.167411;146.5;20;146.7;1
20250324 50E15 DN 570 DF1;3/24/2025 1:51:21 PM;0.920716666666667;200;200;1;20;2.24;0;0;-1;10.29;12;12;12;1;0;2;0;0;0;0.391;-0.176;0;2.28;1.9165;0;0;0;22.125;1.806;570.067399;152.2;0;146.7;1
20250324 50E15 DN 570 DF1;3/24/2025 1:51:26 PM;0.922108333333333;200;200;1;20;2.1875;0;0;-1;10.29;12;12;12;1;0;2;0;0;0;0.4015;-0.1755;0;2.234;1.9165;0;0;0;22.14;1.786;571.192384;151.3;0;146.7;1
20250324 50E15 DN 570 DF1;3/24/2025 1:51:31 PM;0.9235;200;200;1;20;2.1875;0;0;-1;10.29;12;12;12;1;0;2;0;0;0;0.4015;-0.1755;0;2.234;1.9165;0;0;0;22.14;1.786;571.192384;151.3;0;146.7;1
20250324 50E15 DN 570 DF1;3/24/2025 1:51:36 PM;0.924894444444444;200;200;1;20;2.226;0;0;-1;10.29;12;12;12;1;0;2;0;0;0;0.4025;-0.1755;0;2.2475;1.9165;0;0;0;22.125;1.813;572.092372;150.4;0;146.7;1
20250324 50E15 DN 570 DF1;3/24/2025 1:51:41 PM;0.926286111111111;200;200;1;20;2.2965;0;0;-1;10.29;12;12;12;1;0;2;0;0;0;0.4035;-0.1755;0;2.331;1.9165;0;0;0;22.125;1.8425;572.917361;149.7;0;146.7;1
20250324 50E15 DN 570 DF1;3/24/2025 1:51:46 PM;0.927675;200;200;1;20;2.1795;0;0;-1;10.57;12;12;12;1;0;2;0;0;0;0.3905;-0.176;0;2.216;1.9165;0;0;0;22.155;1.7655;573.967347;148.5;0;146.7;1
20250324 50E15 DN 570 DF1;3/24/2025 1:51:51 PM;0.929063888888889;200;200;1;20;2.1685;0;0;-1;10.57;12;12;12;1;0;2;0;0;0;0.402;-0.1755;0;2.188;1.9165;0;0;0;22.155;1.7815;574.792336;147.8;0;146.7;1
20250324 50E15 DN 570 DF1;3/24/2025 1:51:56 PM;0.930461111111111;200;200;1;20;2.303;0;0;-1;10.57;12;12;12;1;0;2;0;0;0;0.4015;-0.176;0;2.3225;1.9165;0;0;0;22.155;1.8435;575.617325;147;0;146.7;1
20250324 50E15 DN 570 DF1;3/24/2025 1:52:01 PM;0.931852777777778;200;200;1;20;2.434;0;0;-1;10.57;12;12;12;1;60;2;60;40;0;0.419;-0.1755;0;2.4475;1.9165;0;0;0;22.17;1.9265;576.592312;146.2;50;146.7;1
20250324 50E15 DN 570 DF1;3/24/2025 1:52:06 PM;0.933244444444444;200;200;1;20;2.364;0;0;-1;10.29;12;12;12;1;0;2;0;0;0;0.422;-0.1755;0;2.405;1.9165;0;0;0;22.155;1.899;577.4923;150.9;0;146.7;1
20250324 50E15 DN 570 DF1;3/24/2025 1:52:11 PM;0.934636111111111;200;200;1;20;2.2345;0;0;-1;10.29;12;12;12;1;0;2;0;0;0;0.4195;-0.175;0;2.279;1.9165;0;0;0;22.17;1.835;578.392288;151.6;0;146.7;1
20250324 50E15 DN 570 DF1;3/24/2025 1:52:16 PM;0.936025;200;200;1;20;2.132;0;0;-1;10.29;12;12;12;1;0;2;0;0;0;0.3975;-0.1755;0;2.1575;1.9165;0;0;0;22.17;1.7565;579.292276;150.8;0;146.7;1
20250324 50E15 DN 570 DF1;3/24/2025 1:52:21 PM;0.937413888888889;200;200;1;20;2.352;0;0;-1;10.29;12;12;12;1;0;2;0;0;0;0.408;-0.1755;0;2.366;1.9165;0;0;0;22.17;1.8715;580.267263;149.9;0;146.7;1
20250324 50E15 DN 570 DF1;3/24/2025 1:52:26 PM;0.938805555555556;200;200;1;20;2.2475;0;0;-1;10.29;12;12;12;1;0;2;0;0;0;0.4025;-0.176;0;2.2945;1.9165;0;0;0;22.155;1.8205;581.317249;149;0;146.7;1
20250324 50E15 DN 570 DF1;3/24/2025 1:52:31 PM;0.940197222222222;200;200;1;20;2.2945;0;0;-1;10.29;12;12;12;1;0;2;0;0;0;0.4125;-0.1755;0;2.309;1.9165;0;0;0;22.17;1.8555;581.99224;148.1;0;146.7;1
20250324 50E15 DN 570 DF1;3/24/2025 1:52:36 PM;0.941591666666667;200;200;1;20;2.202;0;0;-1;10.29;12;12;12;1;0;2;0;0;0;0.4105;-0.1755;0;2.259;1.9165;0;0;0;22.17;1.8015;583.192224;147.1;0;146.7;1
20250324 50E15 DN 570 DF1;3/24/2025 1:52:41 PM;0.942980555555555;200;200;1;20;2.241;0;0;-1;10.29;12;12;12;1;30;2;30;30;0;0.3985;-0.176;0;2.282;1.9165;0;0;0;22.185;1.8065;584.017213;146.3;40;146.7;1
20250324 50E15 DN 570 DF1;3/24/2025 1:52:46 PM;0.944372222222222;200;200;1;20;2.3735;0;0;-1;10.57;12;12;12;1;0;2;0;0;0;0.4205;-0.175;0;2.41;1.9165;0;0;0;22.185;1.8975;584.917201;148.4;0;146.7;1
20250324 50E15 DN 570 DF1;3/24/2025 1:52:51 PM;0.945763888888889;200;200;1;20;2.2445;0;0;-1;10.57;12;12;12;1;0;2;0;0;0;0.392;-0.1765;0;2.2475;1.9165;0;0;0;22.185;1.8055;585.817189;152.5;0;146.7;1
20250324 50E15 DN 570 DF1;3/24/2025 1:52:56 PM;0.947152777777778;200;200;1;20;2.2305;0;0;-1;10.57;12;12;12;1;0;2;0;0;0;0.428;-0.175;0;2.3205;1.9165;0;0;0;22.185;1.838;586.792176;151.6;0;146.7;1
20250324 50E15 DN 570 DF1;3/24/2025 1:53:01 PM;0.948544444444444;200;200;1;20;2.2305;0;0;-1;10.57;12;12;12;1;0;2;0;0;0;0.428;-0.175;0;2.3205;1.9165;0;0;0;22.185;1.838;586.792176;151.6;0;146.7;1
20250324 50E15 DN 570 DF1;3/24/2025 1:53:06 PM;0.949936111111111;200;200;1;20;2.4175;0;0;-1;10.57;12;12;12;1;0;2;0;0;0;0.4295;-0.175;0;2.453;1.9165;0;0;0;22.2;1.935;587.617165;150.6;0;146.7;1
20250324 50E15 DN 570 DF1;3/24/2025 1:53:11 PM;0.951325;200;200;1;20;2.249;0;0;-1;10.57;12;12;12;1;0;2;0;0;0;0.416;-0.176;0;2.3085;1.9165;0;0;0;22.185;1.834;588.667151;149.7;0;146.7;1
20250324 50E15 DN 570 DF1;3/24/2025 1:53:16 PM;0.952716666666667;200;200;1;20;2.2145;0;0;-1;10.57;12;12;12;1;0;2;0;0;0;0.4105;-0.1755;0;2.275;1.9165;0;0;0;22.215;1.81;589.49214;148.9;0;146.7;1
20250324 50E15 DN 570 DF1;3/24/2025 1:53:21 PM;0.954105555555556;200;200;1;20;2.2445;0;0;-1;10.57;12;12;12;1;0;2;0;0;0;0.3935;-0.176;0;2.27;1.9165;0;0;0;22.215;1.809;590.467127;148;0;146.7;1
20250324 50E15 DN 570 DF1;3/24/2025 1:53:26 PM;0.955494444444444;200;200;1;20;2.1715;0;0;-1;10.29;12;12;12;1;0;2;0;0;0;0.409;-0.1755;0;2.2475;1.9165;0;0;0;22.23;1.785;591.517113;146.9;0;146.7;1
20250324 50E15 DN 570 DF1;3/24/2025 1:53:31 PM;0.956886111111111;200;200;1;20;2.268;0;0;-1;10.29;12;12;12;1;40;2;40;40;0;0.404;-0.176;0;2.288;1.9165;0;0;0;22.245;1.829;592.267103;146.1;60;146.7;1
20250324 50E15 DN 570 DF1;3/24/2025 1:53:36 PM;0.958280555555555;200;200;1;20;2.3405;0;0;-1;10.29;12;12;12;1;0;2;0;0;0;0.414;-0.1755;0;2.3855;1.9165;0;0;0;22.215;1.8795;593.167091;149.8;0;146.7;1
20250324 50E15 DN 570 DF1;3/24/2025 1:53:41 PM;0.959672222222222;200;200;1;20;2.289;0;0;-1;10.29;12;12;12;1;0;2;0;0;0;0.4085;-0.1755;0;2.3025;1.9165;0;0;0;22.215;1.845;593.99208;150.6;0;146.7;1
20250324 50E15 DN 570 DF1;3/24/2025 1:53:46 PM;0.961061111111111;200;200;1;20;2.276;0;0;-1;10.29;12;12;12;1;0;2;0;0;0;0.401;-0.176;0;2.297;1.9165;0;0;0;22.23;1.827;595.117065;149.6;0;146.7;1
20250324 50E15 DN 570 DF1;3/24/2025 1:53:51 PM;0.96245;200;200;1;20;2.164;0;0;-1;10.29;12;12;12;1;0;2;0;0;0;0.3975;-0.1755;0;2.1935;1.9165;0;0;0;22.245;1.774;595.867055;148.8;0;146.7;1
20250324 50E15 DN 570 DF1;3/24/2025 1:53:56 PM;0.963844444444444;200;200;1;20;2.3225;0;0;-1;10.29;12;12;12;1;0;2;0;0;0;0.4025;-0.176;0;2.3395;1.9165;0;0;0;22.245;1.8545;596.767043;147.9;0;146.7;1
20250324 50E15 DN 570 DF1;3/24/2025 1:54:01 PM;0.965233333333333;200;200;1;20;2.435;0;0;-1;10.29;12;12;12;1;0;2;0;0;0;0.425;-0.1745;0;2.471;1.9165;0;0;0;22.245;1.934;597.892028;146.9;0;146.7;1
20250324 50E15 DN 570 DF1;3/24/2025 1:54:06 PM;0.966627777777778;200;200;1;20;2.5365;0;0;-1;10.57;12;12;12;1;50;2;50;50;0;0.4145;-0.175;0;2.5405;1.9165;0;0;0;22.275;1.9695;598.717017;146;70;146.7;1
20250324 50E15 DN 570 DF1;3/24/2025 1:54:11 PM;0.968016666666667;200;200;1;20;2.217;0;0;-1;10.57;12;12;12;1;0;2;0;0;0;0.4085;-0.1755;0;2.2585;1.9165;0;0;0;22.275;1.809;599.692004;151.6;0;146.7;1
20250324 50E15 DN 570 DF1;3/24/2025 1:54:16 PM;0.969408333333333;200;200;1;20;2.361;0;0;-1;10.57;12;12;12;1;0;2;0;0;0;0.4055;-0.176;0;2.3705;1.9165;0;0;0;22.275;1.872;600.591992;152.9;0;146.7;1
20250324 50E15 DN 570 DF1;3/24/2025 1:54:21 PM;0.970802777777778;200;200;1;20;2.577;0;0;-1;10.57;12;12;12;1;0;2;0;0;0;0.403;-0.1755;0;2.5495;1.9165;0;0;0;22.29;1.9765;601.49198;152.1;0;146.7;1
20250324 50E15 DN 570 DF1;3/24/2025 1:54:26 PM;0.972197222222222;200;200;1;20;2.577;0;0;-1;10.57;12;12;12;1;0;2;0;0;0;0.403;-0.1755;0;2.5495;1.9165;0;0;0;22.29;1.9765;601.49198;152.1;0;146.7;1
20250324 50E15 DN 570 DF1;3/24/2025 1:54:31 PM;0.973588888888889;200;200;1;20;2.373;0;0;-1;10.29;12;12;12;1;0;2;0;0;0;0.41;-0.1755;0;2.404;1.9165;0;0;0;22.305;1.888;602.316969;151.3;0;146.7;1
20250324 50E15 DN 570 DF1;3/24/2025 1:54:36 PM;0.974980555555556;200;200;1;20;2.3625;0;0;-1;10.29;12;12;12;1;0;2;0;0;0;0.4045;-0.1755;0;2.352;1.9165;0;0;0;22.305;1.8735;603.366955;150.2;0;146.7;1
20250324 50E15 DN 570 DF1;3/24/2025 1:54:41 PM;0.976375;200;200;1;20;2.3325;0;0;-1;10.29;12;12;12;1;0;2;0;0;0;0.4085;-0.1755;0;2.3685;1.9165;0;0;0;22.32;1.864;604.266943;149.4;0;146.7;1
20250324 50E15 DN 570 DF1;3/24/2025 1:54:46 PM;0.977766666666667;200;200;1;20;2.346;0;0;-1;10.29;12;12;12;1;0;2;0;0;0;0.392;-0.176;0;2.37;1.9165;0;0;0;22.32;1.858;605.166931;148.6;0;146.7;1
20250324 50E15 DN 570 DF1;3/24/2025 1:54:51 PM;0.979158333333333;200;200;1;20;2.4205;0;0;-1;10.57;12;12;12;1;0;2;0;0;0;0.4075;-0.1755;0;2.427;1.9165;0;0;0;22.335;1.906;605.99192;147.7;0;146.7;1
20250324 50E15 DN 570 DF1;3/24/2025 1:54:56 PM;0.980547222222222;200;200;1;20;2.4175;0;0;-1;10.57;12;12;12;1;0;2;0;0;0;0.425;-0.175;0;2.451;1.9165;0;0;0;22.35;1.9255;606.966907;146.8;0;146.7;1
20250324 50E15 DN 570 DF1;3/24/2025 1:55:01 PM;0.981936111111111;200;200;1;20;2.2625;0;0;-1;10.57;12;12;12;1;70;2;70;70;0;0.4155;-0.175;0;2.322;1.9165;0;0;0;22.335;1.846;607.866895;145.5;100;146.7;1
20250324 50E15 DN 570 DF1;3/24/2025 1:55:06 PM;0.983330555555555;200;200;1;20;2.4355;0;0;-1;10.57;12;12;12;1;0;2;0;0;0;0.416;-0.1745;0;2.43;1.9165;0;0;0;22.365;1.9265;608.691884;153.3;0;146.7;1
20250324 50E15 DN 570 DF1;3/24/2025 1:55:11 PM;0.984719444444444;200;200;1;20;2.422;0;0;-1;10.29;12;12;12;1;0;2;0;0;0;0.426;-0.175;0;2.485;1.9165;0;0;0;22.35;1.9315;609.816869;152.9;0;146.7;1
20250324 50E15 DN 570 DF1;3/24/2025 1:55:16 PM;0.986111111111111;200;200;1;20;2.3175;0;0;-1;10.29;12;12;12;1;0;2;0;0;0;0.4265;-0.1745;0;2.38;1.9165;0;0;0;22.38;1.88;610.566859;152.1;0;146.7;1
20250324 50E15 DN 570 DF1;3/24/2025 1:55:21 PM;0.987505555555556;200;200;1;20;2.4725;0;0;-1;10.29;12;12;12;1;0;2;0;0;0;0.403;-0.176;0;2.4475;1.9165;0;0;0;22.395;1.932;611.466847;151.3;0;146.7;1
20250324 50E15 DN 570 DF1;3/24/2025 1:55:26 PM;0.988894444444444;200;200;1;20;2.261;0;0;-1;10.29;12;12;12;1;0;2;0;0;0;0.419;-0.175;0;2.283;1.9165;0;0;0;22.395;1.843;612.516833;150.3;0;146.7;1
20250324 50E15 DN 570 DF1;3/24/2025 1:55:31 PM;0.990286111111111;200;200;1;20;2.4235;0;0;-1;10.29;12;12;12;1;0;2;0;0;0;0.39;-0.176;0;2.419;1.9165;0;0;0;22.425;1.8915;613.266823;149.4;0;146.7;1
20250324 50E15 DN 570 DF1;3/24/2025 1:55:36 PM;0.991677777777778;200;200;1;20;2.227;0;0;-1;10.29;12;12;12;1;0;2;0;0;0;0.4065;-0.1755;0;2.282;1.9165;0;0;0;22.41;1.8115;614.316809;148.6;0;146.7;1
20250324 50E15 DN 570 DF1;3/24/2025 1:55:41 PM;0.993066666666667;200;200;1;20;2.3525;0;0;-1;10.29;12;12;12;1;0;2;0;0;0;0.3985;-0.1755;0;2.3705;1.9165;0;0;0;22.41;1.8615;615.216797;147.6;0;146.7;1
20250324 50E15 DN 570 DF1;3/24/2025 1:55:46 PM;0.994455555555556;200;200;1;20;2.3205;0;0;-1;10.29;12;12;12;1;0;2;0;0;0;0.4155;-0.1755;0;2.3655;1.9165;0;0;0;22.425;1.869;616.116785;146.8;0;146.7;1
20250324 50E15 DN 570 DF1;3/24/2025 1:55:51 PM;0.99585;200;200;1;20;2.241;0;0;-1;10.29;12;12;12;1;60;2;60;60;0;0.398;-0.176;0;2.2495;1.9165;0;0;0;22.44;1.815;616.866775;145.9;80;146.7;1
20250324 50E15 DN 570 DF1;3/24/2025 1:55:56 PM;0.997241666666667;200;200;1;20;2.241;0;0;-1;10.29;12;12;12;1;60;2;60;60;0;0.398;-0.176;0;2.2495;1.9165;0;0;0;22.44;1.815;616.866775;145.9;80;146.7;1
20250324 50E15 DN 570 DF1;3/24/2025 1:56:02 PM;0.998633333333333;200;200;1;20;2.4005;0;0;-1;10.29;12;12;12;1;0;2;0;0;0;0.417;-0.1755;0;2.4325;1.9165;0;0;0;22.44;1.9115;617.99176;153.9;0;146.7;1
20250324 50E15 DN 570 DF1;3/24/2025 1:56:07 PM;1.000025;200;200;1;20;2.314;0;0;-1;10.29;12;12;12;1;0;2;0;0;0;0.411;-0.1755;0;2.352;1.9165;0;0;0;22.455;1.8555;618.891748;153;0;146.7;1
20250324 50E15 DN 570 DF1;3/24/2025 1:56:12 PM;1.00141666666667;200;200;1;20;2.2715;0;0;-1;10.29;12;12;12;1;0;2;0;0;0;0.418;-0.1755;0;2.3305;1.9165;0;0;0;22.47;1.852;619.716737;152.2;0;146.7;1
20250324 50E15 DN 570 DF1;3/24/2025 1:56:17 PM;1.00280833333333;200;200;1;20;2.2585;0;0;-1;10.29;12;12;12;1;0;2;0;0;0;0.422;-0.175;0;2.3135;1.9165;0;0;0;22.47;1.8415;620.466727;151.4;0;146.7;1
20250324 50E15 DN 570 DF1;3/24/2025 1:56:22 PM;1.00420277777778;200;200;1;20;2.476;0;0;-1;10.29;12;12;12;1;0;2;0;0;0;0.4;-0.176;0;2.4835;1.9165;0;0;0;22.485;1.9325;621.591712;150.4;0;146.7;1
20250324 50E15 DN 570 DF1;3/24/2025 1:56:27 PM;1.00559166666667;200;200;1;20;2.3335;0;0;-1;10.29;12;12;12;1;0;2;0;0;0;0.4095;-0.1755;0;2.352;1.9165;0;0;0;22.47;1.8725;622.4917;149.6;0;146.7;1
20250324 50E15 DN 570 DF1;3/24/2025 1:56:32 PM;1.00698055555556;200;200;1;20;2.459;0;0;-1;10.29;12;12;12;1;0;2;0;0;0;0.4195;-0.1755;0;2.4855;1.9165;0;0;0;22.47;1.9435;623.466687;148.8;0;146.7;1
20250324 50E15 DN 570 DF1;3/24/2025 1:56:37 PM;1.00837222222222;200;200;1;20;2.318;0;0;-1;10.29;12;12;12;1;0;2;0;0;0;0.4015;-0.176;0;2.321;1.9165;0;0;0;22.5;1.845;624.366675;147.8;0;146.7;1
20250324 50E15 DN 570 DF1;3/24/2025 1:56:42 PM;1.00976388888889;200;200;1;20;2.315;0;0;-1;10.29;12;12;12;1;0;2;0;0;0;0.3955;-0.177;0;2.34;1.9165;0;0;0;22.5;1.845;625.191664;146.9;0;146.7;1
20250324 50E15 DN 570 DF1;3/24/2025 1:56:47 PM;1.01115555555556;200;200;1;20;2.341;0;0;-1;10.29;12;12;12;1;40;2;40;40;0;0.4085;-0.1755;0;2.327;1.9165;0;0;0;22.485;1.8745;626.091652;146.1;60;146.7;1
20250324 50E15 DN 570 DF1;3/24/2025 1:56:52 PM;1.01255;200;200;1;20;2.445;0;0;-1;10.29;12;12;12;1;0;2;0;0;0;0.397;-0.176;0;2.4325;1.9165;0;0;0;22.5;1.905;627.216637;152.7;0;146.7;1
20250324 50E15 DN 570 DF1;3/24/2025 1:56:57 PM;1.01393888888889;200;200;1;20;2.3415;0;0;-1;10.57;12;12;12;1;0;2;0;0;0;0.4265;-0.1755;0;2.398;1.9165;0;0;0;22.515;1.8965;627.966627;153;0;146.7;1
20250324 50E15 DN 570 DF1;3/24/2025 1:57:02 PM;1.01533055555556;200;200;1;20;2.254;0;0;-1;10.57;12;12;12;1;0;2;0;0;0;0.4125;-0.1755;0;2.273;1.9165;0;0;0;22.5;1.8355;628.866615;152.3;0;146.7;1
20250324 50E15 DN 570 DF1;3/24/2025 1:57:07 PM;1.016725;200;200;1;20;2.413;0;0;-1;10.57;12;12;12;1;0;2;0;0;0;0.416;-0.175;0;2.413;1.9165;0;0;0;22.53;1.9185;629.916601;151.2;0;146.7;1
20250324 50E15 DN 570 DF1;3/24/2025 1:57:12 PM;1.01811666666667;200;200;1;20;2.253;0;0;-1;10.57;12;12;12;1;0;2;0;0;0;0.391;-0.1765;0;2.2525;1.9165;0;0;0;22.53;1.8125;630.966587;150.4;0;146.7;1
20250324 50E15 DN 570 DF1;3/24/2025 1:57:17 PM;1.01950833333333;200;200;1;20;2.4545;0;0;-1;10.57;12;12;12;1;0;2;0;0;0;0.4065;-0.1755;0;2.441;1.9165;0;0;0;22.53;1.931;631.716577;149.6;0;146.7;1
20250324 50E15 DN 570 DF1;3/24/2025 1:57:22 PM;1.02089722222222;200;200;1;20;2.4545;0;0;-1;10.57;12;12;12;1;0;2;0;0;0;0.4065;-0.1755;0;2.441;1.9165;0;0;0;22.53;1.931;631.716577;149.6;0;146.7;1
20250324 50E15 DN 570 DF1;3/24/2025 1:57:27 PM;1.02229166666667;200;200;1;20;2.3995;0;0;-1;10.57;12;12;12;1;0;2;0;0;0;0.419;-0.1755;0;2.449;1.9165;0;0;0;22.56;1.909;632.766563;148.6;0;146.7;1
20250324 50E15 DN 570 DF1;3/24/2025 1:57:32 PM;1.02368333333333;200;200;1;20;2.256;0;0;-1;10.57;12;12;12;1;0;2;0;0;0;0.4235;-0.175;0;2.3375;1.9165;0;0;0;22.545;1.843;633.516553;147.7;0;146.7;1
20250324 50E15 DN 570 DF1;3/24/2025 1:57:37 PM;1.025075;200;200;1;20;2.3575;0;0;-1;10.57;12;12;12;1;0;2;0;0;0;0.421;-0.1755;0;2.4135;1.9165;0;0;0;22.56;1.896;634.416541;146.9;0;146.7;1
20250324 50E15 DN 570 DF1;3/24/2025 1:57:42 PM;1.02646666666667;200;200;1;20;2.4265;0;0;-1;9.71;12;12;12;1;50;2;50;50;0;0.4105;-0.176;0;2.397;1.9165;0;0;0;22.56;1.918;635.166531;146.1;60;146.7;1
20250324 50E15 DN 570 DF1;3/24/2025 1:57:47 PM;1.02785555555556;200;200;1;20;2.397;0;0;-1;9.71;12;12;12;1;0;2;0;0;0;0.422;-0.1755;0;2.4215;1.9165;0;0;0;22.575;1.915;636.291516;152.8;0;146.7;1
20250324 50E15 DN 570 DF1;3/24/2025 1:57:52 PM;1.02924444444444;200;200;1;20;2.3165;0;0;-1;9.71;12;12;12;1;0;2;0;0;0;0.4055;-0.1755;0;2.3395;1.9165;0;0;0;22.59;1.8565;637.191504;151.8;0;146.7;1
20250324 50E15 DN 570 DF1;3/24/2025 1:57:57 PM;1.03063611111111;200;200;1;20;2.3895;0;0;-1;9.71;12;12;12;1;0;2;0;0;0;0.4025;-0.1765;0;2.374;1.9165;0;0;0;22.56;1.8885;638.091492;151;0;146.7;1
20250324 50E15 DN 570 DF1;3/24/2025 1:58:02 PM;1.03203055555556;200;200;1;20;2.3045;0;0;-1;10.29;12;12;12;1;0;2;0;0;0;0.4035;-0.1755;0;2.3325;1.9165;0;0;0;22.575;1.848;638.99148;150;0;146.7;1
20250324 50E15 DN 570 DF1;3/24/2025 1:58:07 PM;1.03342222222222;200;200;1;20;2.349;0;0;-1;10.29;12;12;12;1;0;2;0;0;0;0.4195;-0.1755;0;2.3815;1.9165;0;0;0;22.575;1.8905;639.816469;149.3;0;146.7;1
20250324 50E15 DN 570 DF1;3/24/2025 1:58:12 PM;1.03481388888889;200;200;1;20;2.4805;0;0;-1;10.29;12;12;12;1;0;2;0;0;0;0.4065;-0.176;0;2.461;1.9165;0;0;0;22.575;1.9395;640.791456;148.4;0;146.7;1
20250324 50E15 DN 570 DF1;3/24/2025 1:58:17 PM;1.03620555555556;200;200;1;20;2.3795;0;0;-1;10.29;12;12;12;1;0;2;0;0;0;0.4225;-0.175;0;2.4055;1.9165;0;0;0;22.56;1.9045;641.766443;147.4;0;146.7;1
20250324 50E15 DN 570 DF1;3/24/2025 1:58:22 PM;1.03759722222222;200;200;1;20;2.6235;0;0;-1;10.57;12;12;12;1;0;2;0;0;0;0.4205;-0.1765;0;2.594;1.9165;0;0;0;22.545;2.034;642.666431;146.5;20;146.7;1
20250324 50E15 DN 570 DF1;3/24/2025 1:58:27 PM;1.03898888888889;200;200;1;20;2.4505;0;0;-1;10.57;12;12;12;1;40;2;40;40;0;0.4055;-0.176;0;2.444;1.9165;0;0;0;22.56;1.9265;643.49142;146.8;0;146.7;1
20250324 50E15 DN 570 DF1;3/24/2025 1:58:32 PM;1.04038055555556;200;200;1;20;2.302;0;0;-1;10.57;12;12;12;1;0;2;0;0;0;0.427;-0.175;0;2.344;1.9165;0;0;0;22.56;1.8685;644.616405;151.2;0;146.7;1
20250324 50E15 DN 570 DF1;3/24/2025 1:58:37 PM;1.04177222222222;200;200;1;20;2.368;0;0;-1;10.57;12;12;12;1;0;2;0;0;0;0.426;-0.1755;0;2.3915;1.9165;0;0;0;22.56;1.899;645.366395;150.3;0;146.7;1
20250324 50E15 DN 570 DF1;3/24/2025 1:58:42 PM;1.04316388888889;200;200;1;20;2.3435;0;0;-1;10.29;12;12;12;1;0;2;0;0;0;0.4105;-0.176;0;2.3575;1.9165;0;0;0;22.53;1.879;646.416381;149.5;0;146.7;1
20250324 50E15 DN 570 DF1;3/24/2025 1:58:47 PM;1.04455555555556;200;200;1;20;2.425;0;0;-1;10.29;12;12;12;1;0;2;0;0;0;0.4085;-0.176;0;2.409;1.9165;0;0;0;22.53;1.9075;647.316369;148.5;0;146.7;1
20250324 50E15 DN 570 DF1;3/24/2025 1:58:52 PM;1.04594722222222;200;200;1;20;2.425;0;0;-1;10.29;12;12;12;1;0;2;0;0;0;0.4085;-0.176;0;2.409;1.9165;0;0;0;22.53;1.9075;647.316369;148.5;0;146.7;1
20250324 50E15 DN 570 DF1;3/24/2025 1:58:57 PM;1.04733888888889;200;200;1;20;2.5055;0;0;-1;10.29;12;12;12;1;0;2;0;0;0;0.407;-0.1765;0;2.487;1.9165;0;0;0;22.515;1.9505;648.216357;147.7;0;146.7;1
20250324 50E15 DN 570 DF1;3/24/2025 1:59:02 PM;1.04873055555556;200;200;1;20;2.3255;0;0;-1;10.29;12;12;12;1;0;2;0;0;0;0.4155;-0.1755;0;2.322;1.9165;0;0;0;22.515;1.875;648.966347;146.8;0;146.7;1
20250324 50E15 DN 570 DF1;3/24/2025 1:59:07 PM;1.05012222222222;200;200;1;20;2.3375;0;0;-1;10.29;12;12;12;1;70;2;70;70;0;0.4085;-0.1755;0;2.3425;1.9165;0;0;0;22.515;1.8725;649.866335;145.6;100;146.7;1
20250324 50E15 DN 570 DF1;3/24/2025 1:59:12 PM;1.05151111111111;200;200;1;20;2.2285;0;0;-1;10.29;12;12;12;1;0;2;0;0;0;0.404;-0.176;0;2.244;1.9165;0;0;0;22.5;1.807;651.066319;154.3;0;146.7;1
20250324 50E15 DN 570 DF1;3/24/2025 1:59:17 PM;1.05290277777778;200;200;1;20;2.3165;0;0;-1;10.29;12;12;12;1;0;2;0;0;0;0.41;-0.1755;0;2.387;1.9165;0;0;0;22.5;1.8565;651.816309;153.5;0;146.7;1
20250324 50E15 DN 570 DF1;3/24/2025 1:59:22 PM;1.05429166666667;200;200;1;20;2.4645;0;0;-1;10.29;12;12;12;1;0;2;0;0;0;0.4105;-0.176;0;2.451;1.9165;0;0;0;22.47;1.932;652.716297;152.7;0;146.7;1
20250324 50E15 DN 570 DF1;3/24/2025 1:59:27 PM;1.05568333333333;200;200;1;20;2.372;0;0;-1;10.57;12;12;12;1;0;2;0;0;0;0.4045;-0.176;0;2.363;1.9165;0;0;0;22.47;1.8835;653.691284;151.7;0;146.7;1
20250324 50E15 DN 570 DF1;3/24/2025 1:59:32 PM;1.057075;200;200;1;20;2.381;0;0;-1;10.57;12;12;12;1;0;2;0;0;0;0.419;-0.1755;0;2.423;1.9165;0;0;0;22.47;1.91;654.591272;150.9;0;146.7;1
20250324 50E15 DN 570 DF1;3/24/2025 1:59:37 PM;1.05846666666667;200;200;1;20;2.358;0;0;-1;10.57;12;12;12;1;0;2;0;0;0;0.4095;-0.1755;0;2.3595;1.9165;0;0;0;22.47;1.8835;655.416261;150;0;146.7;1
20250324 50E15 DN 570 DF1;3/24/2025 1:59:42 PM;1.05985833333333;200;200;1;20;2.3145;0;0;-1;10.57;12;12;12;1;0;2;0;0;0;0.4115;-0.176;0;2.3605;1.9165;0;0;0;22.47;1.8615;656.391248;148.9;0;146.7;1
20250324 50E15 DN 570 DF1;3/24/2025 1:59:47 PM;1.06125;200;200;1;20;2.418;0;0;-1;10.57;12;12;12;1;0;2;0;0;0;0.414;-0.176;0;2.461;1.9165;0;0;0;22.455;1.9185;657.291236;148.2;0;146.7;1
20250324 50E15 DN 570 DF1;3/24/2025 1:59:52 PM;1.06263888888889;200;200;1;20;2.47;0;0;-1;10.57;12;12;12;1;0;2;0;0;0;0.354;-0.1765;0;2.431;1.9165;0;0;0;22.455;1.874;658.191224;147.3;0;146.7;1
20250324 50E15 DN 570 DF1;3/24/2025 1:59:57 PM;1.06403055555556;200;200;1;20;2.2985;0;0;-1;10.57;12;12;12;1;20;2;20;0;0;0.3525;-0.176;0;2.2885;1.9165;0;0;0;22.455;1.7835;659.091212;146.3;40;146.7;1
20250324 50E15 DN 570 DF1;3/24/2025 2:00:02 PM;1.06541944444444;200;200;1;20;2.549;0;0;-1;10.57;12;12;12;1;30;2;30;30;0;0.3705;-0.1755;0;2.4995;1.9165;0;0;0;22.44;1.929;659.9912;147.6;0;146.7;1
20250324 50E15 DN 570 DF1;3/24/2025 2:00:07 PM;1.06681111111111;200;200;1;20;2.3515;0;0;-1;9.71;12;12;12;1;0;2;0;0;0;0.3475;-0.1755;0;2.2855;1.9165;0;0;0;22.455;1.801;660.816189;153.2;0;146.7;1
20250324 50E15 DN 570 DF1;3/24/2025 2:00:12 PM;1.06820833333333;200;200;1;20;2.3975;0;0;-1;9.71;12;12;12;1;0;2;0;0;0;0.357;-0.1755;0;2.3445;1.9165;0;0;0;22.425;1.8375;661.716177;152.4;0;146.7;1
20250324 50E15 DN 570 DF1;3/24/2025 2:00:17 PM;1.0696;200;200;1;20;2.5065;0;0;-1;9.71;12;12;12;1;0;2;0;0;0;0.343;-0.176;0;2.432;1.9165;0;0;0;22.395;1.8735;662.691164;151.4;0;146.7;1
20250324 50E15 DN 570 DF1;3/24/2025 2:00:22 PM;1.07099166666667;200;200;1;20;2.5065;0;0;-1;9.71;12;12;12;1;0;2;0;0;0;0.343;-0.176;0;2.432;1.9165;0;0;0;22.395;1.8735;662.691164;151.4;0;146.7;1
20250324 50E15 DN 570 DF1;3/24/2025 2:00:27 PM;1.07238055555556;200;200;1;20;2.483;0;0;-1;9.71;12;12;12;1;0;2;0;0;0;0.3655;-0.175;0;2.4025;1.9165;0;0;0;22.41;1.894;663.516153;150.6;0;146.7;1
20250324 50E15 DN 570 DF1;3/24/2025 2:00:32 PM;1.07376944444444;200;200;1;20;2.451;0;0;-1;9.71;12;12;12;1;0;2;0;0;0;0.3455;-0.176;0;2.387;1.9165;0;0;0;22.395;1.8565;664.266143;149.8;0;146.7;1
20250324 50E15 DN 570 DF1;3/24/2025 2:00:37 PM;1.07516388888889;200;200;1;20;2.3775;0;0;-1;9.71;12;12;12;1;0;2;0;0;0;0.3425;-0.176;0;2.304;1.9165;0;0;0;22.38;1.815;665.316129;148.9;0;146.7;1
20250324 50E15 DN 570 DF1;3/24/2025 2:00:42 PM;1.07655555555556;200;200;1;20;2.458;0;0;-1;9.71;12;12;12;1;0;2;0;0;0;0.363;-0.1755;0;2.4105;1.9165;0;0;0;22.365;1.8735;666.216117;148.1;0;146.7;1
20250324 50E15 DN 570 DF1;3/24/2025 2:00:47 PM;1.07794722222222;200;200;1;20;2.5155;0;0;-1;9.71;12;12;12;1;0;2;0;0;0;0.3735;-0.175;0;2.482;1.9165;0;0;0;22.35;1.9115;666.891108;147.2;0;146.7;1
20250324 50E15 DN 570 DF1;3/24/2025 2:00:52 PM;1.07933888888889;200;200;1;20;2.347;0;0;-1;10.29;12;12;12;1;40;2;40;20;0;0.36;-0.175;0;2.3125;1.9165;0;0;0;22.35;1.8095;668.016093;146.2;50;146.7;1
20250324 50E15 DN 570 DF1;3/24/2025 2:00:57 PM;1.08073055555556;200;200;1;20;2.6265;0;0;-1;10.29;12;12;12;1;0;2;0;0;0;0.366;-0.1755;0;2.552;1.9165;0;0;0;22.335;1.967;668.766083;149.1;0;146.7;1
20250324 50E15 DN 570 DF1;3/24/2025 2:01:02 PM;1.08211944444444;200;200;1;20;2.5345;0;0;-1;10.29;12;12;12;1;0;2;0;0;0;0.3715;-0.175;0;2.4655;1.9165;0;0;0;22.32;1.9265;669.666071;153.6;0;146.7;1
20250324 50E15 DN 570 DF1;3/24/2025 2:01:07 PM;1.08351111111111;200;200;1;20;2.382;0;0;-1;10;12;12;12;1;0;2;0;0;0;0.3735;-0.175;0;2.338;1.9165;0;0;0;22.32;1.8455;670.49106;152.6;0;146.7;1
20250324 50E15 DN 570 DF1;3/24/2025 2:01:12 PM;1.08490277777778;200;200;1;20;2.463;0;0;-1;10;12;12;12;1;0;2;0;0;0;0.3685;-0.175;0;2.4135;1.9165;0;0;0;22.29;1.8875;671.466047;151.8;0;146.7;1
20250324 50E15 DN 570 DF1;3/24/2025 2:01:17 PM;1.08629166666667;200;200;1;20;2.4425;0;0;-1;10;12;12;12;1;0;2;0;0;0;0.3565;-0.176;0;2.373;1.9165;0;0;0;22.29;1.8625;672.291036;151.1;0;146.7;1
20250324 50E15 DN 570 DF1;3/24/2025 2:01:22 PM;1.08768333333333;200;200;1;20;2.31;0;0;-1;10;12;12;12;1;0;2;0;0;0;0.373;-0.1755;0;2.3135;1.9165;0;0;0;22.29;1.813;673.191024;150;0;146.7;1
20250324 50E15 DN 570 DF1;3/24/2025 2:01:27 PM;1.08907222222222;200;200;1;20;2.6295;0;0;-1;10;12;12;12;1;0;2;0;0;0;0.3525;-0.176;0;2.581;1.9165;0;0;0;22.26;1.9485;674.091012;149.2;0;146.7;1
20250324 50E15 DN 570 DF1;3/24/2025 2:01:32 PM;1.09046388888889;200;200;1;20;2.5545;0;0;-1;10;12;12;12;1;0;2;0;0;0;0.364;-0.176;0;2.465;1.9165;0;0;0;22.275;1.9215;674.916001;148.3;0;146.7;1
20250324 50E15 DN 570 DF1;3/24/2025 2:01:37 PM;1.09185555555556;200;200;1;20;2.5275;0;0;-1;10;12;12;12;1;0;2;0;0;0;0.3625;-0.1755;0;2.4525;1.9165;0;0;0;22.245;1.91;675.815989;147.5;0;146.7;1
20250324 50E15 DN 570 DF1;3/24/2025 2:01:42 PM;1.09324722222222;200;200;1;20;2.4615;0;0;-1;10;12;12;12;1;0;2;0;0;0;0.3615;-0.1755;0;2.4205;1.9165;0;0;0;22.245;1.8795;676.790976;146.6;10;146.7;1
20250324 50E15 DN 570 DF1;3/24/2025 2:01:47 PM;1.09464166666667;200;200;1;20;2.4615;0;0;-1;10;12;12;12;1;0;2;0;0;0;0.3615;-0.1755;0;2.4205;1.9165;0;0;0;22.245;1.8795;676.790976;146.6;10;146.7;1
20250324 50E15 DN 570 DF1;3/24/2025 2:01:52 PM;1.09603055555556;200;200;1;20;2.4235;0;0;-1;10;12;12;12;1;100;2;100;100;0;0.371;-0.1755;0;2.3635;1.9165;0;0;0;22.215;1.868;677.615965;146.1;60;146.7;1
20250324 50E15 DN 570 DF1;3/24/2025 2:01:57 PM;1.09742222222222;200;200;1;20;2.3815;0;0;-1;10;12;12;12;1;0;2;0;0;0;0.341;-0.1765;0;2.327;1.9165;0;0;0;22.215;1.811;678.590952;153.7;0;146.7;1
20250324 50E15 DN 570 DF1;3/24/2025 2:02:02 PM;1.09881388888889;200;200;1;20;2.3545;0;0;-1;10;12;12;12;1;0;2;0;0;0;0.364;-0.1755;0;2.3385;1.9165;0;0;0;22.2;1.8205;679.49094;152.8;0;146.7;1
20250324 50E15 DN 570 DF1;3/24/2025 2:02:07 PM;1.10020555555556;200;200;1;20;2.593;0;0;-1;10;12;12;12;1;0;2;0;0;0;0.3745;-0.1755;0;2.497;1.9165;0;0;0;22.185;1.957;680.165931;152;0;146.7;1
20250324 50E15 DN 570 DF1;3/24/2025 2:02:12 PM;1.10159722222222;200;200;1;20;2.3745;0;0;-1;10;12;12;12;1;0;2;0;0;0;0.3545;-0.176;0;2.339;1.9165;0;0;0;22.185;1.825;681.065919;151.2;0;146.7;1
20250324 50E15 DN 570 DF1;3/24/2025 2:02:17 PM;1.10298888888889;200;200;1;20;2.343;0;0;-1;10;12;12;12;1;0;2;0;0;0;0.3495;-0.176;0;2.318;1.9165;0;0;0;22.17;1.798;682.190904;150.2;0;146.7;1
20250324 50E15 DN 570 DF1;3/24/2025 2:02:22 PM;1.10438055555556;200;200;1;20;2.583;0;0;-1;10;12;12;12;1;0;2;0;0;0;0.381;-0.1755;0;2.5055;1.9165;0;0;0;22.17;1.9595;683.015893;149.3;0;146.7;1
20250324 50E15 DN 570 DF1;3/24/2025 2:02:27 PM;1.10577222222222;200;200;1;20;2.2265;0;0;-1;10;12;12;12;1;0;2;0;0;0;0.3475;-0.1765;0;2.2105;1.9165;0;0;0;22.17;1.748;683.765883;148.6;0;146.7;1
20250324 50E15 DN 570 DF1;3/24/2025 2:02:32 PM;1.10716388888889;200;200;1;20;2.511;0;0;-1;10;12;12;12;1;0;2;0;0;0;0.358;-0.176;0;2.4555;1.9165;0;0;0;22.155;1.8955;684.815869;147.7;0;146.7;1
20250324 50E15 DN 570 DF1;3/24/2025 2:02:37 PM;1.10855555555556;200;200;1;20;2.4795;0;0;-1;10;12;12;12;1;0;2;0;0;0;0.3455;-0.176;0;2.413;1.9165;0;0;0;22.17;1.8625;685.715857;147;0;146.7;1
20250324 50E15 DN 570 DF1;3/24/2025 2:02:42 PM;1.10994722222222;200;200;1;20;2.2745;0;0;-1;10;12;12;12;1;40;2;40;40;0;0.3475;-0.176;0;2.245;1.9165;0;0;0;22.14;1.7705;686.390848;146.1;60;146.7;1
20250324 50E15 DN 570 DF1;3/24/2025 2:02:47 PM;1.11133611111111;200;200;1;20;2.4605;0;0;-1;10;12;12;12;1;0;2;0;0;0;0.361;-0.175;0;2.407;1.9165;0;0;0;22.155;1.8785;687.515833;150.5;0;146.7;1
20250324 50E15 DN 570 DF1;3/24/2025 2:02:52 PM;1.11272777777778;200;200;1;20;2.5595;0;0;-1;10;12;12;12;1;0;2;0;0;0;0.3625;-0.1755;0;2.5115;1.9165;0;0;0;22.14;1.929;688.265823;150;0;146.7;1
20250324 50E15 DN 570 DF1;3/24/2025 2:02:57 PM;1.11411944444444;200;200;1;20;2.5335;0;0;-1;10;12;0;0;0;0;0;0;0;0;0.3665;-0.175;0;2.451;1.9165;0;0;0;22.125;1.92;689.165811;149.3;0;146.7;0
20250324 50E15 DN 570 DF1;3/24/2025 2:03:02 PM;1.11551111111111;200;200;1;20;0.166;0;0;-1;10;12;0;0;0;0;0;0;0;0;-0.1365;-0.177;0;-0.0135;1.9165;0;0;0;22.14;0.1365;689.690804;149.4;0;146.7;0
20250324 50E15 DN 570 DF1;3/24/2025 2:03:07 PM;1.1169;200;200;1;20;0.0580000000000001;0;0;-1;10;12;12;12;1;0;2;0;0;0;-0.1455;-0.1765;0;-0.0484999999999999;1.9165;0;0;0;22.125;0.0549999999999999;689.690804;149.9;0;146.7;1
20250324 50E15 DN 570 DF1;3/24/2025 2:03:12 PM;1.11828888888889;200;200;1;20;2.505;0;0;-1;5.43;12;12;12;1;0;2;0;0;0;0.2675;-0.1755;0;2.401;1.9165;0;0;0;22.14;1.781;690.215797;148.3;0;146.7;1
20250324 50E15 DN 570 DF1;3/24/2025 2:03:17 PM;1.11968055555556;200;200;1;20;2.505;0;0;-1;5.43;12;12;12;1;0;2;0;0;0;0.2675;-0.1755;0;2.401;1.9165;0;0;0;22.14;1.781;690.215797;148.3;0;146.7;1
20250324 50E15 DN 570 DF1;3/24/2025 2:03:22 PM;1.12107222222222;200;200;1;20;2.453;0;0;-1;5.43;12;12;12;1;0;2;0;0;0;0.265;-0.1755;0;2.318;1.9165;0;0;0;22.125;1.759;690.890788;147.5;0;146.7;1
20250324 50E15 DN 570 DF1;3/24/2025 2:03:27 PM;1.12246388888889;200;200;1;20;2.43;0;0;-1;5.43;12;12;12;1;10;2;10;0;0;0.262;-0.176;0;2.308;1.9165;0;0;0;22.11;1.7415;691.865775;146.5;20;146.7;1
20250324 50E15 DN 570 DF1;3/24/2025 2:03:32 PM;1.12385277777778;200;200;1;20;2.4435;0;0;-1;5.43;12;12;12;1;60;2;60;60;0;0.263;-0.1765;0;2.334;1.9165;0;0;0;22.14;1.7485;692.690764;146.7;0;146.7;1
20250324 50E15 DN 570 DF1;3/24/2025 2:03:37 PM;1.12524722222222;200;200;1;20;2.5935;0;0;-1;9.43;12;12;12;1;0;2;0;0;0;0.271;-0.1755;0;2.4175;1.9165;0;0;0;22.125;1.833;693.515753;151.6;0;146.7;1
20250324 50E15 DN 570 DF1;3/24/2025 2:03:42 PM;1.12663888888889;200;200;1;20;2.773;0;0;-1;9.43;12;12;12;1;0;2;0;0;0;0.273;-0.1765;0;2.566;1.9165;0;0;0;22.14;1.9255;694.415741;150.6;0;146.7;1
20250324 50E15 DN 570 DF1;3/24/2025 2:03:47 PM;1.12803055555556;200;200;1;20;2.543;0;0;-1;9.43;12;12;12;1;0;2;0;0;0;0.2565;-0.1765;0;2.396;1.9165;0;0;0;22.14;1.7905;695.315729;149.8;0;146.7;1
20250324 50E15 DN 570 DF1;3/24/2025 2:03:52 PM;1.12942222222222;200;200;1;20;2.573;0;0;-1;9.43;12;12;12;1;0;2;0;0;0;0.257;-0.1765;0;2.4045;1.9165;0;0;0;22.14;1.807;695.99072;149;0;146.7;1
20250324 50E15 DN 570 DF1;3/24/2025 2:03:57 PM;1.13081111111111;200;200;1;20;2.5185;0;0;-1;9.71;12;12;12;1;0;2;0;0;0;0.274;-0.176;0;2.3545;1.9165;0;0;0;22.14;1.7995;696.965707;148.2;0;146.7;1
20250324 50E15 DN 570 DF1;3/24/2025 2:04:02 PM;1.13220277777778;200;200;1;20;2.6465;0;0;-1;9.71;12;12;12;1;0;2;0;0;0;0.2675;-0.1755;0;2.467;1.9165;0;0;0;22.14;1.8545;697.715697;147.3;0;146.7;1
20250324 50E15 DN 570 DF1;3/24/2025 2:04:07 PM;1.13359444444444;200;200;1;20;2.5965;0;0;-1;9.71;12;12;12;1;0;2;0;0;0;0.2775;-0.1755;0;2.4455;1.9165;0;0;0;22.155;1.8425;698.690684;146.6;10;146.7;1
20250324 50E15 DN 570 DF1;3/24/2025 2:04:12 PM;1.13498333333333;200;200;1;20;2.584;0;0;-1;9.71;12;12;12;1;70;2;50;70;0;0.2615;-0.176;0;2.415;1.9165;0;0;0;22.155;1.8205;699.365675;146.2;0;146.7;1
20250324 50E15 DN 570 DF1;3/24/2025 2:04:17 PM;1.13637777777778;200;200;1;20;2.5135;0;0;-1;9.71;12;12;12;1;0;2;0;0;0;0.2785;-0.1755;0;2.3745;1.9165;0;0;0;22.155;1.8;700.49066;152.7;0;146.7;1
20250324 50E15 DN 570 DF1;3/24/2025 2:04:22 PM;1.13776666666667;200;200;1;20;2.703;0;0;-1;9.71;12;12;12;1;0;2;0;0;0;0.2735;-0.175;0;2.513;1.9165;0;0;0;22.155;1.895;701.090652;151.9;0;146.7;1
20250324 50E15 DN 570 DF1;3/24/2025 2:04:27 PM;1.13916111111111;200;200;1;20;2.4955;0;0;-1;9.71;12;12;12;1;0;2;0;0;0;0.27;-0.176;0;2.3465;1.9165;0;0;0;22.14;1.786;701.765643;151.2;0;146.7;1
20250324 50E15 DN 570 DF1;3/24/2025 2:04:32 PM;1.14055;200;200;1;20;2.461;0;0;-1;9.71;12;12;12;1;0;2;0;0;0;0.2695;-0.176;0;2.338;1.9165;0;0;0;22.14;1.762;702.890628;150.2;0;146.7;1
20250324 50E15 DN 570 DF1;3/24/2025 2:04:37 PM;1.14194166666667;200;200;1;20;2.608;0;0;-1;9.14;12;12;12;1;0;2;0;0;0;0.277;-0.1755;0;2.448;1.9165;0;0;0;22.14;1.847;703.715617;149.4;0;146.7;1
20250324 50E15 DN 570 DF1;3/24/2025 2:04:42 PM;1.14333333333333;200;200;1;20;2.608;0;0;-1;9.14;12;12;12;1;0;2;0;0;0;0.277;-0.1755;0;2.448;1.9165;0;0;0;22.14;1.847;703.715617;149.4;0;146.7;1
20250324 50E15 DN 570 DF1;3/24/2025 2:04:47 PM;1.144725;200;200;1;20;2.5235;0;0;-1;9.14;12;12;12;1;0;2;0;0;0;0.2645;-0.176;0;2.3485;1.9165;0;0;0;22.155;1.7935;704.465607;148.7;0;146.7;1
20250324 50E15 DN 570 DF1;3/24/2025 2:04:52 PM;1.14611666666667;200;200;1;20;2.628;0;0;-1;9.14;12;12;12;1;0;2;0;0;0;0.2675;-0.176;0;2.457;1.9165;0;0;0;22.155;1.8425;705.515593;147.7;0;146.7;1
20250324 50E15 DN 570 DF1;3/24/2025 2:04:57 PM;1.14751111111111;200;200;1;20;2.604;0;0;-1;9.14;12;12;12;1;0;2;0;0;0;0.271;-0.1755;0;2.444;1.9165;0;0;0;22.14;1.8375;706.190584;147;0;146.7;1
20250324 50E15 DN 570 DF1;3/24/2025 2:05:02 PM;1.14890277777778;200;200;1;20;2.481;0;0;-1;9.71;12;12;12;1;40;2;40;40;0;0.269;-0.176;0;2.3155;1.9165;0;0;0;22.17;1.774;707.090572;146.1;60;146.7;1
20250324 50E15 DN 570 DF1;3/24/2025 2:05:07 PM;1.15029444444444;200;200;1;20;2.631;0;0;-1;9.71;12;12;12;1;0;2;0;0;0;0.2715;-0.1755;0;2.4525;1.9165;0;0;0;22.17;1.8465;707.99056;151.2;0;146.7;1
20250324 50E15 DN 570 DF1;3/24/2025 2:05:13 PM;1.15168888888889;200;200;1;20;0.562;0;0;-1;9.71;12;0;0;0;0;0;0;0;0;-0.09;-0.177;0;0.268;1.9165;0;0;0;22.17;0.4135;708.590552;152.3;0;146.7;0
20250324 50E15 DN 570 DF1;3/24/2025 2:05:18 PM;1.15308055555556;200;200;1;20;0.0234999999999999;0;0;-1;9.71;12;0;0;0;0;0;0;0;0;-0.159;-0.177;0;-0.142;1.9165;0;0;0;22.17;0.034;708.590552;152.8;0;146.7;0
20250324 50E15 DN 570 DF1;3/24/2025 2:05:23 PM;1.15447222222222;200;200;1;20;0.00700000000000012;0;0;-1;0;12;12;12;1;0;2;0;0;0;-0.159;-0.177;0;-0.1265;1.9165;0;0;0;22.155;0.0209999999999999;708.590552;153;0;146.7;1
20250324 50E15 DN 570 DF1;3/24/2025 2:05:28 PM;1.15586388888889;200;200;1;20;2.6915;0;0;-1;0;12;12;12;1;0;2;0;0;0;0.1835;-0.1755;0;2.401;1.9165;0;0;0;22.17;1.7735;709.115545;151.3;0;146.7;1
20250324 50E15 DN 570 DF1;3/24/2025 2:05:33 PM;1.15725277777778;200;200;1;20;2.8205;0;0;-1;0;12;12;12;1;0;2;0;0;0;0.00800000000000001;-0.1755;0;2.3795;1.9165;0;0;0;22.185;1.6465;709.790536;150.6;0;146.7;1
20250324 50E15 DN 570 DF1;3/24/2025 2:05:38 PM;1.15864444444444;200;200;1;20;2.988;0;0;-1;0;12;12;12;1;0;2;0;0;0;-0.1045;-0.1755;0;2.3565;1.9165;0;0;0;22.185;1.582;710.390528;150;0;146.7;1
20250324 50E15 DN 570 DF1;3/24/2025 2:05:43 PM;1.16003333333333;200;200;1;20;2.914;0;0;-1;7.14;12;12;12;1;0;2;0;0;0;-0.1365;-0.176;0;2.2815;1.9165;0;0;0;22.185;1.506;711.065519;149.3;0;146.7;1
20250324 50E15 DN 570 DF1;3/24/2025 2:05:48 PM;1.16142777777778;200;200;1;20;2.9315;0;0;-1;7.14;12;12;12;1;0;2;0;0;0;-0.146;-0.176;0;2.299;1.9165;0;0;0;22.185;1.5015;711.665511;148.8;0;146.7;1
20250324 50E15 DN 570 DF1;3/24/2025 2:05:53 PM;1.16281666666667;200;200;1;20;2.9275;0;0;-1;7.14;13;13;13;1;0;2;0;0;0;-0.146;-0.176;0;2.275;1.9165;0;0;0;22.215;1.4995;712.265503;148.2;0;146.7;1
20250324 50E15 DN 570 DF1;3/24/2025 2:05:58 PM;1.16420833333333;200;200;1;20;3.0435;0;0;-1;7.14;13;13;13;1;0;2;0;0;0;-0.145;-0.176;0;2.398;1.9165;0;0;0;22.215;1.5585;712.865495;147.4;0;146.7;1
20250324 50E15 DN 570 DF1;3/24/2025 2:06:03 PM;1.1656;200;200;1;20;3.0435;0;0;-1;6.57;13;13;13;1;0;2;0;0;0;-0.145;-0.1765;0;2.399;1.9165;0;0;0;22.215;1.559;713.465487;146.9;0;146.7;1
20250324 50E15 DN 570 DF1;3/24/2025 2:06:08 PM;1.16699166666667;200;200;1;20;3.09;0;0;-1;6.57;13;13;13;1;30;2;30;30;0;-0.145;-0.176;0;2.4265;1.9165;0;0;0;22.215;1.582;714.065479;146.3;40;146.7;1
20250324 50E15 DN 570 DF1;3/24/2025 2:06:13 PM;1.16838333333333;200;200;1;20;3.09;0;0;-1;6.57;13;13;13;1;30;2;30;30;0;-0.145;-0.176;0;2.4265;1.9165;0;0;0;22.215;1.582;714.065479;146.3;40;146.7;1
20250324 50E15 DN 570 DF1;3/24/2025 2:06:18 PM;1.169775;200;200;1;20;3.1125;0;0;-1;6.57;13;13;13;1;0;2;0;0;0;-0.146;-0.176;0;2.4445;1.9165;0;0;0;22.23;1.592;714.665471;149.8;0;146.7;1
20250324 50E15 DN 570 DF1;3/24/2025 2:06:23 PM;1.17116388888889;200;200;1;20;3.2235;0;0;-1;6.57;13;13;13;1;0;2;0;0;0;-0.145;-0.176;0;2.55;1.9165;0;0;0;22.245;1.649;715.415461;150.7;0;146.7;1
20250324 50E15 DN 570 DF1;3/24/2025 2:06:28 PM;1.17255833333333;200;200;1;20;3.178;0;0;-1;7.14;13;13;13;1;0;2;0;0;0;-0.1455;-0.176;0;2.512;1.9165;0;0;0;22.23;1.626;716.015453;150.1;0;146.7;1
20250324 50E15 DN 570 DF1;3/24/2025 2:06:33 PM;1.17394722222222;200;200;1;20;3.047;0;0;-1;7.14;14;14;14;1;0;2;0;0;0;-0.146;-0.176;0;2.3995;1.9165;0;0;0;22.245;1.5595;716.690444;149.5;0;146.7;1
20250324 50E15 DN 570 DF1;3/24/2025 2:06:38 PM;1.17533888888889;200;200;1;20;1.7685;0;0;-1;7.14;14;0;0;0;0;0;0;0;0;-0.1555;-0.177;0;1.1885;1.9165;0;0;0;22.26;0.9105;717.290436;149;0;146.7;0
20250324 50E15 DN 570 DF1;3/24/2025 2:06:43 PM;1.17673333333333;200;200;1;20;0.022;0;0;-1;7.14;12;0;0;0;0;0;0;0;0;-0.1635;-0.1775;0;-0.149;1.9165;0;0;0;22.26;0.0275000000000001;717.365435;150.1;0;146.7;0
20250324 50E15 DN 570 DF1;3/24/2025 2:06:48 PM;1.17812777777778;200;200;1;20;1.115;0;0;-1;4.29;12;12;12;1;0;2;0;0;0;-0.156;-0.1765;0;0.896;1.9165;0;0;0;22.29;0.581;717.365435;149.3;0;146.7;1
20250324 50E15 DN 570 DF1;3/24/2025 2:06:53 PM;1.17951944444444;200;200;1;20;3.0545;0;0;-1;4.29;12;12;12;1;0;2;0;0;0;-0.1465;-0.176;0;2.393;1.9165;0;0;0;22.275;1.563;717.890428;148.3;0;146.7;1
20250324 50E15 DN 570 DF1;3/24/2025 2:06:58 PM;1.18091111111111;200;200;1;20;2.8775;0;0;-1;4.29;12;12;12;1;0;2;0;0;0;-0.147;-0.1755;0;2.253;1.9165;0;0;0;22.29;1.473;718.49042;147.8;0;146.7;1
20250324 50E15 DN 570 DF1;3/24/2025 2:07:03 PM;1.18230277777778;200;200;1;20;2.857;0;0;-1;4.29;12;12;12;1;0;2;0;0;0;-0.148;-0.1755;0;2.2;1.9165;0;0;0;22.305;1.4625;712.190504;147.2;0;146.7;1
20250324 50E15 DN 570 DF1;3/24/2025 2:07:08 PM;1.18369444444444;200;200;1;20;2.845;0;0;-1;1.14;12;12;12;1;0;2;0;0;0;-0.1475;-0.1765;0;2.2175;1.9165;0;0;0;22.32;1.4575;717.890428;146.6;10;146.7;1
20250324 50E15 DN 570 DF1;3/24/2025 2:07:13 PM;1.18508611111111;200;200;1;20;2.9045;0;0;-1;1.14;12;12;12;1;10;2;10;10;0;-0.1475;-0.176;0;2.2535;1.9165;0;0;0;22.335;1.4865;718.49042;146.6;10;146.7;1
20250324 50E15 DN 570 DF1;3/24/2025 2:07:18 PM;1.18648055555556;200;200;1;20;2.861;0;0;-1;1.14;12;12;12;1;0;2;0;0;0;-0.1475;-0.176;0;2.2355;1.9165;0;0;0;22.35;1.4645;719.090412;149.2;0;146.7;1
20250324 50E15 DN 570 DF1;3/24/2025 2:07:23 PM;1.18787222222222;200;200;1;20;2.756;0;0;-1;1.14;12;12;12;1;0;2;0;0;0;-0.1475;-0.176;0;2.1625;1.9165;0;0;0;22.35;1.412;719.765403;148.6;0;146.7;1
20250324 50E15 DN 570 DF1;3/24/2025 2:07:28 PM;1.18926666666667;200;200;1;20;2.903;0;0;-1;6.57;12;12;12;1;0;2;0;0;0;-0.1475;-0.1765;0;2.245;1.9165;0;0;0;22.35;1.487;720.365395;148;0;146.7;1
20250324 50E15 DN 570 DF1;3/24/2025 2:07:33 PM;1.19065555555556;200;200;1;20;2.7925;0;0;-1;6.57;12;12;12;1;0;2;0;0;0;-0.1485;-0.1765;0;2.15;1.9165;0;0;0;22.365;1.43;720.815389;147.5;0;146.7;1
20250324 50E15 DN 570 DF1;3/24/2025 2:07:38 PM;1.19204722222222;200;200;1;20;2.854;0;0;-1;6.57;12;12;12;1;0;2;0;0;0;-0.1475;-0.176;0;2.2455;1.9165;0;0;0;22.395;1.4615;721.49038;146.8;0;146.7;1
20250324 50E15 DN 570 DF1;3/24/2025 2:07:43 PM;1.19343888888889;200;200;1;20;2.854;0;0;-1;6.57;12;12;12;1;0;2;0;0;0;-0.1475;-0.176;0;2.2455;1.9165;0;0;0;22.395;1.4615;721.49038;146.8;0;146.7;1
20250324 50E15 DN 570 DF1;3/24/2025 2:07:48 PM;1.19483333333333;200;200;1;20;2.743;0;0;-1;6.57;12;12;12;1;40;2;40;40;0;-0.1485;-0.176;0;2.1245;1.9165;0;0;0;22.395;1.405;722.090372;146.2;50;146.7;1
20250324 50E15 DN 570 DF1;3/24/2025 2:07:53 PM;1.196225;200;200;1;20;2.945;0;0;-1;6.57;12;12;12;1;0;2;0;0;0;-0.1465;-0.176;0;2.294;1.9165;0;0;0;22.395;1.508;722.690364;150;0;146.7;1
20250324 50E15 DN 570 DF1;3/24/2025 2:07:58 PM;1.19761666666667;200;200;1;20;2.8885;0;0;-1;6.57;12;12;12;1;0;2;0;0;0;-0.1475;-0.1765;0;2.2405;1.9165;0;0;0;22.41;1.4795;723.365355;152;0;146.7;1
20250324 50E15 DN 570 DF1;3/24/2025 2:08:03 PM;1.19900833333333;200;200;1;20;2.8655;0;0;-1;6.57;12;12;12;1;0;2;0;0;0;-0.147;-0.1765;0;2.227;1.9165;0;0;0;22.395;1.4675;723.965347;151.4;0;146.7;1
20250324 50E15 DN 570 DF1;3/24/2025 2:08:08 PM;1.20039722222222;200;200;1;20;2.784;0;0;-1;6.57;12;12;12;1;0;2;0;0;0;-0.1475;-0.176;0;2.211;1.9165;0;0;0;22.425;1.426;724.49034;150.9;0;146.7;1
20250324 50E15 DN 570 DF1;3/24/2025 2:08:13 PM;1.20178888888889;200;200;1;20;2.812;0;0;-1;6.86;12;12;12;1;0;2;0;0;0;-0.148;-0.1765;0;2.1975;1.9165;0;0;0;22.44;1.44;725.165331;150.1;0;146.7;1
20250324 50E15 DN 570 DF1;3/24/2025 2:08:18 PM;1.20318055555556;200;200;1;20;2.9715;0;0;-1;6.86;12;12;12;1;0;2;0;0;0;-0.147;-0.176;0;2.315;1.9165;0;0;0;22.44;1.52;725.765323;149.7;0;146.7;1
20250324 50E15 DN 570 DF1;3/24/2025 2:08:23 PM;1.20457222222222;200;200;1;20;2.7045;0;0;-1;6.86;12;12;12;1;0;2;0;0;0;-0.148;-0.1765;0;2.125;1.9165;0;0;0;22.47;1.3865;726.290316;149.1;0;146.7;1
20250324 50E15 DN 570 DF1;3/24/2025 2:08:28 PM;1.20596388888889;200;200;1;20;2.818;0;0;-1;6.86;12;12;12;1;0;2;0;0;0;-0.147;-0.1755;0;2.214;1.9165;0;0;0;22.455;1.4435;726.815309;148.5;0;146.7;1
20250324 50E15 DN 570 DF1;3/24/2025 2:08:33 PM;1.20735833333333;200;200;1;20;2.904;0;0;-1;6.57;12;12;12;1;0;2;0;0;0;-0.147;-0.176;0;2.257;1.9165;0;0;0;22.47;1.487;727.565299;147.9;0;146.7;1
20250324 50E15 DN 570 DF1;3/24/2025 2:08:38 PM;1.20874722222222;200;200;1;20;2.8255;0;0;-1;6.57;12;12;12;1;0;2;0;0;0;-0.147;-0.176;0;2.186;1.9165;0;0;0;22.47;1.448;728.090292;147.3;0;146.7;1
20250324 50E15 DN 570 DF1;3/24/2025 2:08:43 PM;1.21013888888889;200;200;1;20;2.813;0;0;-1;6.57;12;12;12;1;0;2;0;0;0;-0.146;-0.176;0;2.2115;1.9165;0;0;0;22.485;1.442;728.615285;146.8;0;146.7;1
20250324 50E15 DN 570 DF1;3/24/2025 2:08:48 PM;1.21152777777778;200;200;1;20;2.7745;0;0;-1;6.57;12;12;12;1;50;2;50;40;0;-0.148;-0.1765;0;2.134;1.9165;0;0;0;22.485;1.421;729.215277;145.7;100;146.7;1
20250324 50E15 DN 570 DF1;3/24/2025 2:08:53 PM;1.21292222222222;200;200;1;20;2.7445;0;0;-1;7.14;12;12;12;1;0;2;0;0;0;-0.148;-0.176;0;2.132;1.9165;0;0;0;22.485;1.4065;729.890268;152.4;0;146.7;1
20250324 50E15 DN 570 DF1;3/24/2025 2:08:58 PM;1.21431111111111;200;200;1;20;2.9315;0;0;-1;7.14;12;12;12;1;0;2;0;0;0;-0.147;-0.176;0;2.2985;1.9165;0;0;0;22.485;1.5;730.415261;152.5;0;146.7;1
20250324 50E15 DN 570 DF1;3/24/2025 2:09:03 PM;1.21570555555556;200;200;1;20;2.945;0;0;-1;7.14;12;12;12;1;0;2;0;0;0;-0.147;-0.176;0;2.3055;1.9165;0;0;0;22.5;1.507;731.090252;151.9;0;146.7;1
20250324 50E15 DN 570 DF1;3/24/2025 2:09:08 PM;1.21709722222222;200;200;1;20;2.945;0;0;-1;7.14;12;12;12;1;0;2;0;0;0;-0.147;-0.176;0;2.3055;1.9165;0;0;0;22.5;1.507;731.090252;151.9;0;146.7;1
20250324 50E15 DN 570 DF1;3/24/2025 2:09:13 PM;1.21848611111111;200;200;1;20;2.896;0;0;-1;7.14;12;12;12;1;0;2;0;0;0;-0.147;-0.176;0;2.2695;1.9165;0;0;0;22.515;1.4835;731.690244;151.2;0;146.7;1
20250324 50E15 DN 570 DF1;3/24/2025 2:09:18 PM;1.219875;200;200;1;20;2.8;0;0;-1;6.57;12;12;12;1;0;2;0;0;0;-0.1475;-0.176;0;2.1875;1.9165;0;0;0;22.515;1.435;732.290236;150.7;0;146.7;1
20250324 50E15 DN 570 DF1;3/24/2025 2:09:23 PM;1.22126666666667;200;200;1;20;2.7585;0;0;-1;6.57;12;12;12;1;0;2;0;0;0;-0.147;-0.1765;0;2.147;1.9165;0;0;0;22.53;1.4145;732.965227;150.2;0;146.7;1
20250324 50E15 DN 570 DF1;3/24/2025 2:09:28 PM;1.22265555555556;200;200;1;20;2.92;0;0;-1;6.57;12;12;12;1;0;2;0;0;0;-0.1465;-0.176;0;2.267;1.9165;0;0;0;22.53;1.495;733.49022;149.6;0;146.7;1
20250324 50E15 DN 570 DF1;3/24/2025 2:09:33 PM;1.22404722222222;200;200;1;20;2.8825;0;0;-1;6.57;12;12;12;1;0;2;0;0;0;-0.1475;-0.176;0;2.251;1.9165;0;0;0;22.545;1.4755;734.090212;148.9;0;146.7;1
20250324 50E15 DN 570 DF1;3/24/2025 2:09:38 PM;1.22543611111111;200;200;1;20;2.841;0;0;-1;7.14;12;12;12;1;0;2;0;0;0;-0.146;-0.1765;0;2.224;1.9165;0;0;0;22.53;1.4565;734.690204;148.4;0;146.7;1
20250324 50E15 DN 570 DF1;3/24/2025 2:09:43 PM;1.22682777777778;200;200;1;20;2.894;0;0;-1;7.14;12;12;12;1;0;2;0;0;0;-0.147;-0.1765;0;2.274;1.9165;0;0;0;22.56;1.482;735.290196;147.7;0;146.7;1
20250324 50E15 DN 570 DF1;3/24/2025 2:09:48 PM;1.22821944444444;200;200;1;20;2.7115;0;0;-1;7.14;12;12;12;1;0;2;0;0;0;-0.148;-0.176;0;2.119;1.9165;0;0;0;22.575;1.3895;735.890188;147.3;0;146.7;1
20250324 50E15 DN 570 DF1;3/24/2025 2:09:53 PM;1.22961111111111;200;200;1;20;3.056;0;0;-1;7.14;12;12;12;1;0;2;0;0;0;-0.146;-0.176;0;2.4045;1.9165;0;0;0;22.56;1.5635;736.49018;146.6;10;146.7;1
20250324 50E15 DN 570 DF1;3/24/2025 2:09:58 PM;1.23100277777778;200;200;1;20;2.977;0;0;-1;6.57;12;12;12;1;40;2;40;40;0;-0.147;-0.176;0;2.336;1.9165;0;0;0;22.56;1.5235;737.090172;147;0;146.7;1
20250324 50E15 DN 570 DF1;3/24/2025 2:10:03 PM;1.23239444444444;200;200;1;20;3.0065;0;0;-1;6.57;12;12;12;1;0;2;0;0;0;-0.147;-0.1765;0;2.377;1.9165;0;0;0;22.56;1.5385;737.615165;150;0;146.7;1
20250324 50E15 DN 570 DF1;3/24/2025 2:10:08 PM;1.23378888888889;200;200;1;20;2.82;0;0;-1;6.57;12;12;12;1;0;2;0;0;0;-0.1475;-0.176;0;2.2145;1.9165;0;0;0;22.575;1.4445;738.290156;149.4;0;146.7;1
20250324 50E15 DN 570 DF1;3/24/2025 2:10:13 PM;1.23518055555556;200;200;1;20;2.9905;0;0;-1;6.57;12;12;12;1;0;2;0;0;0;-0.1475;-0.176;0;2.331;1.9165;0;0;0;22.575;1.53;738.890148;148.9;0;146.7;1
20250324 50E15 DN 570 DF1;3/24/2025 2:10:18 PM;1.23657222222222;200;200;1;20;3;0;0;-1;6.57;12;12;12;1;0;2;0;0;0;-0.146;-0.1765;0;2.339;1.9165;0;0;0;22.605;1.5365;739.49014;148.4;0;146.7;1
20250324 50E15 DN 570 DF1;3/24/2025 2:10:23 PM;1.23796388888889;200;200;1;20;2.7935;0;0;-1;6.57;12;12;12;1;0;2;0;0;0;-0.1475;-0.176;0;2.2;1.9165;0;0;0;22.59;1.431;740.015133;147.8;0;146.7;1
20250324 50E15 DN 570 DF1;3/24/2025 2:10:28 PM;1.23935277777778;200;200;1;20;2.8075;0;0;-1;6.57;12;12;12;1;0;2;0;0;0;-0.1475;-0.176;0;2.21;1.9165;0;0;0;22.575;1.438;740.690124;147.1;0;146.7;1
20250324 50E15 DN 570 DF1;3/24/2025 2:10:33 PM;1.24074166666667;200;200;1;20;3.0185;0;0;-1;6.57;12;12;12;1;0;2;0;0;0;-0.146;-0.176;0;2.3515;1.9165;0;0;0;22.59;1.5455;741.215117;146.6;10;146.7;1
20250324 50E15 DN 570 DF1;3/24/2025 2:10:38 PM;1.24213333333333;200;200;1;20;3.0185;0;0;-1;6.57;12;12;12;1;0;2;0;0;0;-0.146;-0.176;0;2.3515;1.9165;0;0;0;22.59;1.5455;741.215117;146.6;10;146.7;1
20250324 50E15 DN 570 DF1;3/24/2025 2:10:43 PM;1.243525;200;200;1;20;2.969;0;0;-1;6.57;12;12;12;1;30;2;30;30;0;-0.147;-0.176;0;2.3365;1.9165;0;0;0;22.575;1.5195;741.815109;146.6;10;146.7;1
20250324 50E15 DN 570 DF1;3/24/2025 2:10:48 PM;1.24491388888889;200;200;1;20;2.745;0;0;-1;6.57;12;12;12;1;0;2;0;0;0;-0.1475;-0.1765;0;2.1605;1.9165;0;0;0;22.575;1.4065;742.415101;150.2;0;146.7;1
20250324 50E15 DN 570 DF1;3/24/2025 2:10:53 PM;1.24630555555556;200;200;1;20;2.985;0;0;-1;6.57;12;12;12;1;0;2;0;0;0;-0.147;-0.176;0;2.3355;1.9165;0;0;0;22.575;1.528;743.090092;149.7;0;146.7;1
20250324 50E15 DN 570 DF1;3/24/2025 2:10:58 PM;1.24769722222222;200;200;1;20;3.005;0;0;-1;6.57;12;12;12;1;0;2;0;0;0;-0.1465;-0.176;0;2.3715;1.9165;0;0;0;22.56;1.5375;743.690084;149;0;146.7;1
20250324 50E15 DN 570 DF1;3/24/2025 2:11:03 PM;1.24908611111111;200;200;1;20;2.8275;0;0;-1;6.86;12;12;12;1;0;2;0;0;0;-0.1475;-0.1765;0;2.209;1.9165;0;0;0;22.56;1.448;744.065079;148.6;0;146.7;1
20250324 50E15 DN 570 DF1;3/24/2025 2:11:08 PM;1.25047777777778;200;200;1;20;2.9615;0;0;-1;6.86;12;12;12;1;0;2;0;0;0;-0.147;-0.1755;0;2.3255;1.9165;0;0;0;22.545;1.516;744.815069;147.8;0;146.7;1
20250324 50E15 DN 570 DF1;3/24/2025 2:11:13 PM;1.25186944444444;200;200;1;20;2.776;0;0;-1;6.86;12;12;12;1;0;2;0;0;0;-0.1475;-0.1765;0;2.1955;1.9165;0;0;0;22.545;1.422;745.415061;147.2;0;146.7;1
20250324 50E15 DN 570 DF1;3/24/2025 2:11:18 PM;1.25325833333333;200;200;1;20;3.076;0;0;-1;6.86;12;12;12;1;0;2;0;0;0;-0.147;-0.1765;0;2.4325;1.9165;0;0;0;22.545;1.5735;745.865055;146.7;0;146.7;1
20250324 50E15 DN 570 DF1;3/24/2025 2:11:23 PM;1.25465;200;200;1;20;2.9165;0;0;-1;7.14;12;12;12;1;70;2;70;70;0;-0.1475;-0.176;0;2.2745;1.9165;0;0;0;22.515;1.4935;746.615045;146.5;20;146.7;1
20250324 50E15 DN 570 DF1;3/24/2025 2:11:28 PM;1.25604166666667;200;200;1;20;3.018;0;0;-1;7.14;12;12;12;1;0;2;0;0;0;-0.1465;-0.1755;0;2.3705;1.9165;0;0;0;22.5;1.5445;747.215037;150.3;0;146.7;1
20250324 50E15 DN 570 DF1;3/24/2025 2:11:33 PM;1.25743055555556;200;200;1;20;2.9995;0;0;-1;7.14;12;12;12;1;0;2;0;0;0;-0.1465;-0.176;0;2.36;1.9165;0;0;0;22.515;1.535;747.665031;149.9;0;146.7;1
20250324 50E15 DN 570 DF1;3/24/2025 2:11:38 PM;1.25881944444444;200;200;1;20;2.938;0;0;-1;7.14;12;12;12;1;0;2;0;0;0;-0.147;-0.1765;0;2.2805;1.9165;0;0;0;22.5;1.5045;748.49002;149.3;0;146.7;1
20250324 50E15 DN 570 DF1;3/24/2025 2:11:43 PM;1.26020833333333;200;200;1;20;2.968;0;0;-1;6.57;12;12;12;1;0;2;0;0;0;-0.147;-0.176;0;2.324;1.9165;0;0;0;22.5;1.519;749.015013;148.8;0;146.7;1
20250324 50E15 DN 570 DF1;3/24/2025 2:11:48 PM;1.26160277777778;200;200;1;20;2.8435;0;0;-1;6.57;12;12;12;1;0;2;0;0;0;-0.1475;-0.1765;0;2.2105;1.9165;0;0;0;22.485;1.4565;749.465007;148.2;0;146.7;1
20250324 50E15 DN 570 DF1;3/24/2025 2:11:53 PM;1.26299444444444;200;200;1;20;2.933;0;0;-1;6.57;12;12;12;1;0;2;0;0;0;-0.147;-0.1765;0;2.2765;1.9165;0;0;0;22.485;1.501;750.214997;147.5;0;146.7;1
20250324 50E15 DN 570 DF1;3/24/2025 2:11:58 PM;1.26438333333333;200;200;1;20;2.816;0;0;-1;6.57;12;12;12;1;0;2;0;0;0;-0.1475;-0.1765;0;2.227;1.9165;0;0;0;22.47;1.4425;750.664991;147;0;146.7;1
20250324 50E15 DN 570 DF1;3/24/2025 2:12:03 PM;1.26577777777778;200;200;1;20;2.816;0;0;-1;6.57;12;12;12;1;0;2;0;0;0;-0.1475;-0.1765;0;2.227;1.9165;0;0;0;22.47;1.4425;750.664991;147;0;146.7;1
20250324 50E15 DN 570 DF1;3/24/2025 2:12:08 PM;1.26716944444444;200;200;1;20;3.078;0;0;-1;6.29;12;12;12;1;10;2;10;10;0;-0.1465;-0.1755;0;2.434;1.9165;0;0;0;22.485;1.574;751.264983;146.5;20;146.7;1
20250324 50E15 DN 570 DF1;3/24/2025 2:12:13 PM;1.26856111111111;200;200;1;20;2.9865;0;0;-1;6.29;12;12;12;1;0;2;0;0;0;-0.1475;-0.176;0;2.3265;1.9165;0;0;0;22.47;1.527;752.014973;148.1;0;146.7;1
20250324 50E15 DN 570 DF1;3/24/2025 2:12:18 PM;1.26995277777778;200;200;1;20;2.9915;0;0;-1;6.29;12;12;12;1;0;2;0;0;0;-0.1465;-0.1765;0;2.332;1.9165;0;0;0;22.47;1.5315;752.464967;147.6;0;146.7;1
20250324 50E15 DN 570 DF1;3/24/2025 2:12:23 PM;1.27134444444444;200;200;1;20;3.099;0;0;-1;6.29;12;12;12;1;0;2;0;0;0;-0.147;-0.176;0;2.45;1.9165;0;0;0;22.47;1.584;753.064959;147;0;146.7;1
20250324 50E15 DN 570 DF1;3/24/2025 2:12:28 PM;1.27273611111111;200;200;1;20;3;0;0;-1;6.86;12;12;12;1;10;2;10;10;0;-0.147;-0.1765;0;2.348;1.9165;0;0;0;22.455;1.535;753.664951;146.5;20;146.7;1
20250324 50E15 DN 570 DF1;3/24/2025 2:12:33 PM;1.274125;200;200;1;20;3.019;0;0;-1;6.86;12;12;12;1;0;2;0;0;0;-0.1475;-0.1765;0;2.353;1.9165;0;0;0;22.44;1.5445;754.264943;148.1;0;146.7;1
20250324 50E15 DN 570 DF1;3/24/2025 2:12:38 PM;1.27551666666667;200;200;1;20;2.876;0;0;-1;6.86;12;12;12;1;0;2;0;0;0;-0.148;-0.1755;0;2.2395;1.9165;0;0;0;22.455;1.4715;754.864935;148.8;0;146.7;1
20250324 50E15 DN 570 DF1;3/24/2025 2:12:43 PM;1.27690555555556;200;200;1;20;2.9255;0;0;-1;6.86;12;12;12;1;0;2;0;0;0;-0.1465;-0.1765;0;2.255;1.9165;0;0;0;22.44;1.4985;755.314929;148.2;0;146.7;1
20250324 50E15 DN 570 DF1;3/24/2025 2:12:48 PM;1.27829444444444;200;200;1;20;2.8685;0;0;-1;6.29;12;12;12;1;0;2;0;0;0;-0.1475;-0.176;0;2.2445;1.9165;0;0;0;22.44;1.468;756.214917;147.4;0;146.7;1
20250324 50E15 DN 570 DF1;3/24/2025 2:12:53 PM;1.27968333333333;200;200;1;20;2.83;0;0;-1;6.29;12;12;12;1;0;2;0;0;0;-0.148;-0.1765;0;2.2045;1.9165;0;0;0;22.425;1.449;756.814909;146.9;0;146.7;1
20250324 50E15 DN 570 DF1;3/24/2025 2:12:58 PM;1.281075;200;200;1;20;2.9395;0;0;-1;6.29;12;12;12;1;10;2;10;10;0;-0.147;-0.176;0;2.2765;1.9165;0;0;0;22.41;1.5045;757.189904;146.4;30;146.7;1
20250324 50E15 DN 570 DF1;3/24/2025 2:13:03 PM;1.28246388888889;200;200;1;20;3.003;0;0;-1;7.43;12;12;12;1;0;2;0;0;0;-0.147;-0.1765;0;2.348;1.9165;0;0;0;22.425;1.5365;757.864895;148.3;0;146.7;1
20250324 50E15 DN 570 DF1;3/24/2025 2:13:08 PM;1.28385833333333;200;200;1;20;3.104;0;0;-1;7.43;12;12;12;1;0;2;0;0;0;-0.1465;-0.1755;0;2.4425;1.9165;0;0;0;22.41;1.587;758.464887;149.1;0;146.7;1
20250324 50E15 DN 570 DF1;3/24/2025 2:13:13 PM;1.28524722222222;200;200;1;20;2.9305;0;0;-1;7.43;12;12;12;1;0;2;0;0;0;-0.1465;-0.176;0;2.316;1.9165;0;0;0;22.395;1.501;758.98988;148.5;0;146.7;1
20250324 50E15 DN 570 DF1;3/24/2025 2:13:18 PM;1.28663888888889;200;200;1;20;2.977;0;0;-1;7.43;12;12;12;1;0;2;0;0;0;-0.1465;-0.1765;0;2.3295;1.9165;0;0;0;22.38;1.524;759.664871;147.8;0;146.7;1
20250324 50E15 DN 570 DF1;3/24/2025 2:13:23 PM;1.28803055555556;200;200;1;20;2.9975;0;0;-1;6.29;12;12;12;1;0;2;0;0;0;-0.1465;-0.1765;0;2.3455;1.9165;0;0;0;22.365;1.5345;760.264863;147.3;0;146.7;1
20250324 50E15 DN 570 DF1;3/24/2025 2:13:28 PM;1.28942222222222;200;200;1;20;2.9805;0;0;-1;6.29;12;12;12;1;0;2;0;0;0;-0.1465;-0.176;0;2.334;1.9165;0;0;0;22.38;1.5255;760.714857;146.8;0;146.7;1
20250324 50E15 DN 570 DF1;3/24/2025 2:13:33 PM;1.29081388888889;200;200;1;20;2.9805;0;0;-1;6.29;12;12;12;1;0;2;0;0;0;-0.1465;-0.176;0;2.334;1.9165;0;0;0;22.38;1.5255;760.714857;146.8;0;146.7;1
20250324 50E15 DN 570 DF1;3/24/2025 2:13:38 PM;1.29220277777778;200;200;1;20;2.8615;0;0;-1;6.29;12;12;12;1;30;2;30;30;0;-0.1475;-0.1765;0;2.217;1.9165;0;0;0;22.35;1.4655;761.389848;146.2;50;146.7;1
20250324 50E15 DN 570 DF1;3/24/2025 2:13:43 PM;1.29359166666667;200;200;1;20;3.125;0;0;-1;6.29;12;12;12;1;0;2;0;0;0;-0.146;-0.176;0;2.4235;1.9165;0;0;0;22.35;1.599;762.064839;149.4;0;146.7;1
20250324 50E15 DN 570 DF1;3/24/2025 2:13:48 PM;1.29498333333333;200;200;1;20;3.0775;0;0;-1;7.14;12;12;12;1;0;2;0;0;0;-0.146;-0.176;0;2.426;1.9165;0;0;0;22.335;1.5745;762.589832;148.9;0;146.7;1
20250324 50E15 DN 570 DF1;3/24/2025 2:13:53 PM;1.29637222222222;200;200;1;20;3.134;0;0;-1;7.14;12;12;12;1;0;2;0;0;0;-0.1455;-0.176;0;2.482;1.9165;0;0;0;22.32;1.6035;763.189824;148.4;0;146.7;1
20250324 50E15 DN 570 DF1;3/24/2025 2:13:58 PM;1.29776388888889;200;200;1;20;2.9575;0;0;-1;7.14;12;12;12;1;0;2;0;0;0;-0.147;-0.176;0;2.285;1.9165;0;0;0;22.32;1.514;763.864815;147.7;0;146.7;1
20250324 50E15 DN 570 DF1;3/24/2025 2:14:03 PM;1.29915555555556;200;200;1;20;2.8535;0;0;-1;7.14;12;12;12;1;0;2;0;0;0;-0.1485;-0.1765;0;2.1975;1.9165;0;0;0;22.29;1.4605;764.464807;147.1;0;146.7;1
20250324 50E15 DN 570 DF1;3/24/2025 2:14:08 PM;1.30054444444444;200;200;1;20;2.9295;0;0;-1;6.29;12;12;12;1;0;2;0;0;0;-0.1465;-0.1765;0;2.3155;1.9165;0;0;0;22.29;1.5;764.914801;146.6;10;146.7;1
20250324 50E15 DN 570 DF1;3/24/2025 2:14:13 PM;1.30193333333333;200;200;1;20;3.019;0;0;-1;6.29;12;12;12;1;0;2;0;0;0;-0.1475;-0.1765;0;2.3265;1.9165;0;0;0;22.275;1.5445;765.664791;147.4;0;146.7;1
20250324 50E15 DN 570 DF1;3/24/2025 2:14:18 PM;1.303325;200;200;1;20;2.946;0;0;-1;6.29;12;12;12;1;0;2;0;0;0;-0.147;-0.1765;0;2.3295;1.9165;0;0;0;22.26;1.5085;766.189784;148.7;0;146.7;1
20250324 50E15 DN 570 DF1;3/24/2025 2:14:23 PM;1.30471666666667;200;200;1;20;2.861;0;0;-1;6.29;12;12;12;1;0;2;0;0;0;-0.147;-0.176;0;2.258;1.9165;0;0;0;22.245;1.4655;766.789776;148.2;0;146.7;1
20250324 50E15 DN 570 DF1;3/24/2025 2:14:28 PM;1.30610555555556;200;200;1;20;2.8845;0;0;-1;6.86;12;12;12;1;0;2;0;0;0;-0.1475;-0.176;0;2.2375;1.9165;0;0;0;22.245;1.477;767.464767;147.5;0;146.7;1
20250324 50E15 DN 570 DF1;3/24/2025 2:14:33 PM;1.3075;200;200;1;20;2.941;0;0;-1;6.86;12;12;12;1;0;2;0;0;0;-0.1465;-0.176;0;2.3415;1.9165;0;0;0;22.23;1.506;767.98976;146.8;0;146.7;1
20250324 50E15 DN 570 DF1;3/24/2025 2:14:38 PM;1.30888888888889;200;200;1;20;2.982;0;0;-1;6.86;12;12;12;1;30;2;30;30;0;-0.146;-0.1755;0;2.3505;1.9165;0;0;0;22.215;1.5265;768.514753;146.3;40;146.7;1
20250324 50E15 DN 570 DF1;3/24/2025 2:14:43 PM;1.31028055555556;200;200;1;20;3.012;0;0;-1;6.86;12;12;12;1;0;2;0;0;0;-0.147;-0.1765;0;2.3485;1.9165;0;0;0;22.215;1.5415;769.189744;150.7;0;146.7;1
20250324 50E15 DN 570 DF1;3/24/2025 2:14:48 PM;1.31167222222222;200;200;1;20;3.054;0;0;-1;6.86;12;12;12;1;0;2;0;0;0;-0.1465;-0.176;0;2.3885;1.9165;0;0;0;22.185;1.562;769.864735;151.9;0;146.7;1
20250324 50E15 DN 570 DF1;3/24/2025 2:14:53 PM;1.31306388888889;200;200;1;20;2.8475;0;0;-1;6.86;12;12;12;1;0;2;0;0;0;-0.147;-0.1765;0;2.227;1.9165;0;0;0;22.17;1.459;770.389728;151.4;0;146.7;1
20250324 50E15 DN 570 DF1;3/24/2025 2:14:58 PM;1.31445833333333;200;200;1;20;2.8475;0;0;-1;6.86;12;12;12;1;0;2;0;0;0;-0.147;-0.1765;0;2.227;1.9165;0;0;0;22.17;1.459;770.389728;151.4;0;146.7;1
20250324 50E15 DN 570 DF1;3/24/2025 2:15:03 PM;1.31584722222222;200;200;1;20;2.8485;0;0;-1;6.86;12;12;12;1;0;2;0;0;0;-0.1475;-0.176;0;2.2285;1.9165;0;0;0;22.17;1.4585;770.914721;150.9;0;146.7;1
20250324 50E15 DN 570 DF1;3/24/2025 2:15:08 PM;1.31723888888889;200;200;1;20;2.969;0;0;-1;6.86;12;12;12;1;0;2;0;0;0;-0.146;-0.1765;0;2.3225;1.9165;0;0;0;22.17;1.5205;771.589712;150.2;0;146.7;1
20250324 50E15 DN 570 DF1;3/24/2025 2:15:13 PM;1.31862777777778;200;200;1;20;2.7905;0;0;-1;6.86;12;12;12;1;0;2;0;0;0;-0.147;-0.176;0;2.1925;1.9165;0;0;0;22.17;1.43;772.189704;149.6;0;146.7;1
20250324 50E15 DN 570 DF1;3/24/2025 2:15:18 PM;1.32001944444444;200;200;1;20;2.7515;0;0;-1;6.86;12;12;12;1;0;2;0;0;0;-0.148;-0.1765;0;2.138;1.9165;0;0;0;22.17;1.41;772.789696;149.1;0;146.7;1
20250324 50E15 DN 570 DF1;3/24/2025 2:15:24 PM;1.32141111111111;200;200;1;20;2.7555;0;0;-1;6.86;12;12;12;1;0;2;0;0;0;-0.147;-0.176;0;2.153;1.9165;0;0;0;22.155;1.4125;773.389688;148.5;0;146.7;1
20250324 50E15 DN 570 DF1;3/24/2025 2:15:29 PM;1.32280277777778;200;200;1;20;3.0775;0;0;-1;6.86;12;12;12;1;0;2;0;0;0;-0.146;-0.176;0;2.4025;1.9165;0;0;0;22.14;1.575;773.98968;147.8;0;146.7;1
20250324 50E15 DN 570 DF1;3/24/2025 2:15:34 PM;1.32419444444444;200;200;1;20;2.979;0;0;-1;6.57;12;12;12;1;0;2;0;0;0;-0.1465;-0.176;0;2.331;1.9165;0;0;0;22.14;1.525;774.589672;147.2;0;146.7;1
20250324 50E15 DN 570 DF1;3/24/2025 2:15:39 PM;1.32558888888889;200;200;1;20;2.844;0;0;-1;6.57;12;12;12;1;0;2;0;0;0;-0.1465;-0.176;0;2.2575;1.9165;0;0;0;22.14;1.4575;775.264663;146.6;10;146.7;1
20250324 50E15 DN 570 DF1;3/24/2025 2:15:44 PM;1.32697777777778;200;200;1;20;2.8475;0;0;-1;6.57;12;12;12;1;30;2;30;30;0;-0.1475;-0.176;0;2.22;1.9165;0;0;0;22.155;1.4575;775.789656;146.7;0;146.7;1
20250324 50E15 DN 570 DF1;3/24/2025 2:15:49 PM;1.32836944444444;200;200;1;20;2.8795;0;0;-1;6.57;12;12;12;1;0;2;0;0;0;-0.1465;-0.1755;0;2.2565;1.9165;0;0;0;22.14;1.475;776.389648;149.6;0;146.7;1
20250324 50E15 DN 570 DF1;3/24/2025 2:15:54 PM;1.32975833333333;200;200;1;20;3.0365;0;0;-1;6.86;12;12;12;1;0;2;0;0;0;-0.146;-0.1755;0;2.3625;1.9165;0;0;0;22.14;1.5535;777.064639;148.9;0;146.7;1
20250324 50E15 DN 570 DF1;3/24/2025 2:15:59 PM;1.33115277777778;200;200;1;20;2.947;0;0;-1;6.86;12;12;12;1;0;2;0;0;0;-0.147;-0.1765;0;2.3705;1.9165;0;0;0;22.14;1.5085;777.589632;148.4;0;146.7;1
20250324 50E15 DN 570 DF1;3/24/2025 2:16:04 PM;1.33254444444444;200;200;1;20;3.0355;0;0;-1;6.86;12;12;12;1;0;2;0;0;0;-0.146;-0.176;0;2.3615;1.9165;0;0;0;22.14;1.554;778.189624;147.8;0;146.7;1
20250324 50E15 DN 570 DF1;3/24/2025 2:16:09 PM;1.33393611111111;200;200;1;20;2.9085;0;0;-1;6.86;12;12;12;1;0;2;0;0;0;-0.1465;-0.176;0;2.275;1.9165;0;0;0;22.14;1.49;778.864615;147.2;0;146.7;1
20250324 50E15 DN 570 DF1;3/24/2025 2:16:14 PM;1.335325;200;200;1;20;3.0625;0;0;-1;6.86;12;12;12;1;0;2;0;0;0;-0.146;-0.176;0;2.4295;1.9165;0;0;0;22.14;1.5675;779.389608;146.7;0;146.7;1
20250324 50E15 DN 570 DF1;3/24/2025 2:16:19 PM;1.33671666666667;200;200;1;20;2.904;0;0;-1;6.86;12;12;12;1;40;2;40;40;0;-0.146;-0.176;0;2.3255;1.9165;0;0;0;22.125;1.488;779.9896;146.4;30;146.7;1
20250324 50E15 DN 570 DF1;3/24/2025 2:16:24 PM;1.33810833333333;200;200;1;20;3.012;0;0;-1;6.86;12;12;12;1;0;2;0;0;0;-0.1465;-0.176;0;2.36;1.9165;0;0;0;22.125;1.542;780.589592;149.8;0;146.7;1
20250324 50E15 DN 570 DF1;3/24/2025 2:16:29 PM;1.3395;200;200;1;20;3.012;0;0;-1;6.86;12;12;12;1;0;2;0;0;0;-0.1465;-0.176;0;2.36;1.9165;0;0;0;22.125;1.542;780.589592;149.8;0;146.7;1
20250324 50E15 DN 570 DF1;3/24/2025 2:16:34 PM;1.34089166666667;200;200;1;20;3.017;0;0;-1;6.86;12;12;12;1;0;2;0;0;0;-0.146;-0.1765;0;2.372;1.9165;0;0;0;22.14;1.545;781.189584;149;0;146.7;1
20250324 50E15 DN 570 DF1;3/24/2025 2:16:39 PM;1.34228333333333;200;200;1;20;2.758;0;0;-1;6.86;12;12;12;1;0;2;0;0;0;-0.147;-0.1765;0;2.1765;1.9165;0;0;0;22.155;1.414;781.789576;148.5;0;146.7;1
20250324 50E15 DN 570 DF1;3/24/2025 2:16:44 PM;1.343675;200;200;1;20;3.0515;0;0;-1;6.86;12;12;12;1;0;2;0;0;0;-0.147;-0.176;0;2.377;1.9165;0;0;0;22.14;1.561;782.389568;148;0;146.7;1
20250324 50E15 DN 570 DF1;3/24/2025 2:16:49 PM;1.34506666666667;200;200;1;20;3.044;0;0;-1;6.86;12;12;12;1;0;2;0;0;0;-0.146;-0.176;0;2.3705;1.9165;0;0;0;22.14;1.5575;783.064559;147.2;0;146.7;1
20250324 50E15 DN 570 DF1;3/24/2025 2:16:54 PM;1.34645833333333;200;200;1;20;2.847;0;0;-1;6.86;12;12;12;1;0;2;0;0;0;-0.1465;-0.176;0;2.22;1.9165;0;0;0;22.125;1.4585;783.589552;146.7;0;146.7;1
20250324 50E15 DN 570 DF1;3/24/2025 2:16:59 PM;1.34784722222222;200;200;1;20;2.9675;0;0;-1;7.14;12;12;12;1;40;2;40;40;0;-0.1465;-0.176;0;2.298;1.9165;0;0;0;22.14;1.519;784.264543;146.4;30;146.7;1
20250324 50E15 DN 570 DF1;3/24/2025 2:17:04 PM;1.34923611111111;200;200;1;20;3.013;0;0;-1;7.14;12;12;12;1;0;2;0;0;0;-0.1465;-0.176;0;2.385;1.9165;0;0;0;22.14;1.542;785.014533;149.9;0;146.7;1
20250324 50E15 DN 570 DF1;3/24/2025 2:17:09 PM;1.35063055555556;200;200;1;20;2.8905;0;0;-1;7.14;12;12;12;1;0;2;0;0;0;-0.147;-0.1765;0;2.2565;1.9165;0;0;0;22.125;1.4805;785.464527;149.3;0;146.7;1
20250324 50E15 DN 570 DF1;3/24/2025 2:17:14 PM;1.35202222222222;200;200;1;20;3.1525;0;0;-1;7.14;12;12;12;1;0;2;0;0;0;-0.1445;-0.176;0;2.4965;1.9165;0;0;0;22.14;1.6135;786.064519;148.8;0;146.7;1
20250324 50E15 DN 570 DF1;3/24/2025 2:17:19 PM;1.35341388888889;200;200;1;20;2.8865;0;0;-1;6.29;12;12;12;1;0;2;0;0;0;-0.1465;-0.176;0;2.2585;1.9165;0;0;0;22.14;1.478;786.814509;148;0;146.7;1
20250324 50E15 DN 570 DF1;3/24/2025 2:17:24 PM;1.35480555555556;200;200;1;20;2.991;0;0;-1;6.29;12;12;12;1;0;2;0;0;0;-0.1465;-0.176;0;2.349;1.9165;0;0;0;22.155;1.5315;787.414501;147.6;0;146.7;1
20250324 50E15 DN 570 DF1;3/24/2025 2:17:29 PM;1.3562;200;200;1;20;2.8885;0;0;-1;6.29;12;12;12;1;0;2;0;0;0;-0.1465;-0.176;0;2.262;1.9165;0;0;0;22.17;1.4795;787.864495;147;0;146.7;1
20250324 50E15 DN 570 DF1;3/24/2025 2:17:34 PM;1.35759166666667;200;200;1;20;3.08;0;0;-1;6.29;12;12;12;1;20;2;20;20;0;-0.146;-0.176;0;2.4005;1.9165;0;0;0;22.14;1.5755;788.464487;146.4;30;146.7;1
20250324 50E15 DN 570 DF1;3/24/2025 2:17:39 PM;1.35898055555556;200;200;1;20;3.019;0;0;-1;7.14;12;12;12;1;0;2;0;0;0;-0.1465;-0.1765;0;2.37;1.9165;0;0;0;22.14;1.5455;789.064479;149.1;0;146.7;1
20250324 50E15 DN 570 DF1;3/24/2025 2:17:44 PM;1.360375;200;200;1;20;3.1165;0;0;-1;7.14;12;12;12;1;0;2;0;0;0;-0.1455;-0.176;0;2.4475;1.9165;0;0;0;22.155;1.595;789.664471;151.9;0;146.7;1
20250324 50E15 DN 570 DF1;3/24/2025 2:17:49 PM;1.36176388888889;200;200;1;20;2.9295;0;0;-1;7.14;12;12;12;1;0;2;0;0;0;-0.146;-0.1755;0;2.273;1.9165;0;0;0;22.14;1.5;790.414461;151.3;0;146.7;1
20250324 50E15 DN 570 DF1;3/24/2025 2:17:54 PM;1.36315555555556;200;200;1;20;2.9295;0;0;-1;7.14;12;12;12;1;0;2;0;0;0;-0.146;-0.1755;0;2.273;1.9165;0;0;0;22.14;1.5;790.414461;151.3;0;146.7;1
20250324 50E15 DN 570 DF1;3/24/2025 2:17:59 PM;1.36454722222222;200;200;1;20;3.041;0;0;-1;7.14;12;12;12;1;0;2;0;0;0;-0.1465;-0.176;0;2.382;1.9165;0;0;0;22.14;1.5565;791.089452;150.6;0;146.7;1
20250324 50E15 DN 570 DF1;3/24/2025 2:18:04 PM;1.36593611111111;200;200;1;20;2.7065;0;0;-1;7.14;12;12;12;1;0;2;0;0;0;-0.1475;-0.176;0;2.107;1.9165;0;0;0;22.155;1.388;791.689444;150.2;0;146.7;1
20250324 50E15 DN 570 DF1;3/24/2025 2:18:09 PM;1.36732777777778;200;200;1;20;3.1335;0;0;-1;7.14;12;12;12;1;0;2;0;0;0;-0.1455;-0.176;0;2.442;1.9165;0;0;0;22.155;1.603;792.214437;149.6;0;146.7;1
20250324 50E15 DN 570 DF1;3/24/2025 2:18:14 PM;1.36871944444444;200;200;1;20;3.066;0;0;-1;7.14;12;12;12;1;0;2;0;0;0;-0.1455;-0.1765;0;2.397;1.9165;0;0;0;22.17;1.57;792.889428;149;0;146.7;1
20250324 50E15 DN 570 DF1;3/24/2025 2:18:19 PM;1.37010833333333;200;200;1;20;2.924;0;0;-1;7.14;12;12;12;1;0;2;0;0;0;-0.146;-0.176;0;2.323;1.9165;0;0;0;22.155;1.4975;793.48942;148.3;0;146.7;1
20250324 50E15 DN 570 DF1;3/24/2025 2:18:24 PM;1.3715;200;200;1;20;2.988;0;0;-1;6.57;12;12;12;1;0;2;0;0;0;-0.1465;-0.176;0;2.3795;1.9165;0;0;0;22.185;1.529;794.089412;147.8;0;146.7;1
20250324 50E15 DN 570 DF1;3/24/2025 2:18:29 PM;1.37289166666667;200;200;1;20;3.0085;0;0;-1;6.57;12;12;12;1;0;2;0;0;0;-0.1465;-0.1765;0;2.3465;1.9165;0;0;0;22.17;1.5395;794.689404;147.1;0;146.7;1
20250324 50E15 DN 570 DF1;3/24/2025 2:18:34 PM;1.37428611111111;200;200;1;20;3.1315;0;0;-1;6.57;12;12;12;1;10;2;10;10;0;-0.1465;-0.1765;0;2.44;1.9165;0;0;0;22.185;1.6015;795.214397;146.5;20;146.7;1
20250324 50E15 DN 570 DF1;3/24/2025 2:18:39 PM;1.375675;200;200;1;20;2.9455;0;0;-1;6.57;12;12;12;1;0;2;0;0;0;-0.147;-0.176;0;2.3265;1.9165;0;0;0;22.185;1.508;795.814389;147.1;0;146.7;1
20250324 50E15 DN 570 DF1;3/24/2025 2:18:44 PM;1.37706666666667;200;200;1;20;3.0395;0;0;-1;6.86;12;12;12;1;0;2;0;0;0;-0.146;-0.176;0;2.408;1.9165;0;0;0;22.2;1.555;796.564379;148.2;0;146.7;1
20250324 50E15 DN 570 DF1;3/24/2025 2:18:49 PM;1.37845833333333;200;200;1;20;2.939;0;0;-1;6.86;12;12;12;1;0;2;0;0;0;-0.146;-0.176;0;2.3325;1.9165;0;0;0;22.2;1.5055;797.089372;147.8;0;146.7;1
20250324 50E15 DN 570 DF1;3/24/2025 2:18:54 PM;1.37985277777778;200;200;1;20;3.027;0;0;-1;6.86;12;12;12;1;0;2;0;0;0;-0.1475;-0.176;0;2.358;1.9165;0;0;0;22.2;1.548;797.689364;147.2;0;146.7;1
20250324 50E15 DN 570 DF1;3/24/2025 2:18:59 PM;1.38124166666667;200;200;1;20;3.0715;0;0;-1;6.86;12;12;12;1;0;2;0;0;0;-0.146;-0.176;0;2.3955;1.9165;0;0;0;22.2;1.5715;798.289356;146.6;10;146.7;1
20250324 50E15 DN 570 DF1;3/24/2025 2:19:04 PM;1.38263611111111;200;200;1;20;2.9385;0;0;-1;6.86;12;12;12;1;0;2;0;0;0;-0.1465;-0.1765;0;2.305;1.9165;0;0;0;22.215;1.505;798.889348;147.5;0;146.7;1
20250324 50E15 DN 570 DF1;3/24/2025 2:19:09 PM;1.384025;200;200;1;20;3.037;0;0;-1;6.86;12;12;12;1;0;2;0;0;0;-0.146;-0.1765;0;2.4;1.9165;0;0;0;22.2;1.555;799.48934;149.3;0;146.7;1
20250324 50E15 DN 570 DF1;3/24/2025 2:19:14 PM;1.38541666666667;200;200;1;20;2.901;0;0;-1;6.86;12;12;12;1;0;2;0;0;0;-0.1475;-0.1765;0;2.276;1.9165;0;0;0;22.2;1.485;800.089332;148.7;0;146.7;1
20250324 50E15 DN 570 DF1;3/24/2025 2:19:19 PM;1.38680833333333;200;200;1;20;3.0245;0;0;-1;6.86;12;12;12;1;0;2;0;0;0;-0.147;-0.176;0;2.3755;1.9165;0;0;0;22.215;1.5465;800.764323;148;0;146.7;1
20250324 50E15 DN 570 DF1;3/24/2025 2:19:24 PM;1.3882;200;200;1;20;3.0245;0;0;-1;6.86;12;12;12;1;0;2;0;0;0;-0.147;-0.176;0;2.3755;1.9165;0;0;0;22.215;1.5465;800.764323;148;0;146.7;1
20250324 50E15 DN 570 DF1;3/24/2025 2:19:29 PM;1.38958888888889;200;200;1;20;2.9695;0;0;-1;7.14;12;12;12;1;0;2;0;0;0;-0.1465;-0.1765;0;2.3435;1.9165;0;0;0;22.215;1.52;801.364315;147.5;0;146.7;1
20250324 50E15 DN 570 DF1;3/24/2025 2:19:34 PM;1.39098333333333;200;200;1;20;3.0515;0;0;-1;7.14;12;12;12;1;0;2;0;0;0;-0.1465;-0.1765;0;2.3905;1.9165;0;0;0;22.23;1.5615;801.889308;146.9;0;146.7;1
20250324 50E15 DN 570 DF1;3/24/2025 2:19:39 PM;1.39237222222222;200;200;1;20;2.9525;0;0;-1;7.14;12;12;12;1;30;2;30;20;0;-0.1465;-0.1755;0;2.3165;1.9165;0;0;0;22.245;1.5115;802.564299;146.3;40;146.7;1
20250324 50E15 DN 570 DF1;3/24/2025 2:19:44 PM;1.39376388888889;200;200;1;20;2.8705;0;0;-1;7.14;12;12;12;1;0;2;0;0;0;-0.1475;-0.176;0;2.245;1.9165;0;0;0;22.26;1.469;803.314289;149.4;0;146.7;1
20250324 50E15 DN 570 DF1;3/24/2025 2:19:49 PM;1.39515555555556;200;200;1;20;2.9645;0;0;-1;7.14;12;12;12;1;0;2;0;0;0;-0.147;-0.176;0;2.302;1.9165;0;0;0;22.26;1.517;803.764283;149.5;0;146.7;1
20250324 50E15 DN 570 DF1;3/24/2025 2:19:54 PM;1.39654722222222;200;200;1;20;3.02;0;0;-1;7.14;12;12;12;1;0;2;0;0;0;-0.147;-0.176;0;2.346;1.9165;0;0;0;22.29;1.5455;804.514273;148.9;0;146.7;1
20250324 50E15 DN 570 DF1;3/24/2025 2:19:59 PM;1.39794166666667;200;200;1;20;2.952;0;0;-1;7.14;12;12;12;1;0;2;0;0;0;-0.147;-0.176;0;2.296;1.9165;0;0;0;22.275;1.5115;805.114265;148.3;0;146.7;1
20250324 50E15 DN 570 DF1;3/24/2025 2:20:04 PM;1.39933055555556;200;200;1;20;2.969;0;0;-1;7.14;12;12;12;1;0;2;0;0;0;-0.1465;-0.176;0;2.306;1.9165;0;0;0;22.29;1.5205;805.564259;147.8;0;146.7;1
20250324 50E15 DN 570 DF1;3/24/2025 2:20:09 PM;1.40072222222222;200;200;1;20;3.144;0;0;-1;6.57;12;12;12;1;0;2;0;0;0;-0.146;-0.1755;0;2.475;1.9165;0;0;0;22.305;1.608;806.314249;147;0;146.7;1
20250324 50E15 DN 570 DF1;3/24/2025 2:20:14 PM;1.40211111111111;200;200;1;20;2.9705;0;0;-1;6.57;12;12;12;1;10;2;10;10;0;-0.1465;-0.176;0;2.325;1.9165;0;0;0;22.32;1.5205;806.914241;146.5;20;146.7;1
20250324 50E15 DN 570 DF1;3/24/2025 2:20:19 PM;1.40350555555556;200;200;1;20;2.926;0;0;-1;6.57;12;12;12;1;0;2;0;0;0;-0.148;-0.176;0;2.2665;1.9165;0;0;0;22.35;1.497;807.364235;147;0;146.7;1
20250324 50E15 DN 570 DF1;3/24/2025 2:20:24 PM;1.40489444444444;200;200;1;20;3.277;0;0;-1;6.57;12;12;12;1;0;2;0;0;0;-0.145;-0.176;0;2.5705;1.9165;0;0;0;22.35;1.676;808.114225;148.8;0;146.7;1
20250324 50E15 DN 570 DF1;3/24/2025 2:20:29 PM;1.40628611111111;200;200;1;20;2.978;0;0;-1;7.14;12;12;12;1;0;2;0;0;0;-0.1465;-0.176;0;2.3645;1.9165;0;0;0;22.35;1.5245;808.789216;148.2;0;146.7;1
20250324 50E15 DN 570 DF1;3/24/2025 2:20:34 PM;1.40768055555556;200;200;1;20;2.922;0;0;-1;7.14;12;12;12;1;0;2;0;0;0;-0.1475;-0.176;0;2.326;1.9165;0;0;0;22.365;1.4945;809.164211;147.6;0;146.7;1
20250324 50E15 DN 570 DF1;3/24/2025 2:20:39 PM;1.40906944444444;200;200;1;20;2.99;0;0;-1;7.14;12;12;12;1;0;2;0;0;0;-0.1465;-0.176;0;2.331;1.9165;0;0;0;22.38;1.5305;809.914201;146.9;0;146.7;1
20250324 50E15 DN 570 DF1;3/24/2025 2:20:44 PM;1.41045833333333;200;200;1;20;3.0125;0;0;-1;6.86;12;12;12;1;40;2;40;30;0;-0.146;-0.1765;0;2.3485;1.9165;0;0;0;22.395;1.543;810.589192;146.2;50;146.7;1
20250324 50E15 DN 570 DF1;3/24/2025 2:20:49 PM;1.41184722222222;200;200;1;20;3.0125;0;0;-1;6.86;12;12;12;1;40;2;40;30;0;-0.146;-0.1765;0;2.3485;1.9165;0;0;0;22.395;1.543;810.589192;146.2;50;146.7;1
20250324 50E15 DN 570 DF1;3/24/2025 2:20:54 PM;1.41323888888889;200;200;1;20;3.101;0;0;-1;6.86;12;12;12;1;0;2;0;0;0;-0.146;-0.176;0;2.417;1.9165;0;0;0;22.395;1.587;811.114185;151.2;0;146.7;1
20250324 50E15 DN 570 DF1;3/24/2025 2:20:59 PM;1.41463333333333;200;200;1;20;3.0735;0;0;-1;6.86;12;12;12;1;0;2;0;0;0;-0.146;-0.1765;0;2.4;1.9165;0;0;0;22.395;1.5735;811.789176;152.5;0;146.7;1
20250324 50E15 DN 570 DF1;3/24/2025 2:21:04 PM;1.41602777777778;200;200;1;20;2.849;0;0;-1;6.86;12;12;12;1;0;2;0;0;0;-0.1475;-0.176;0;2.2505;1.9165;0;0;0;22.425;1.459;812.389168;151.8;0;146.7;1
20250324 50E15 DN 570 DF1;3/24/2025 2:21:09 PM;1.41741666666667;200;200;1;20;2.9585;0;0;-1;6.86;12;12;12;1;0;2;0;0;0;-0.1465;-0.1765;0;2.329;1.9165;0;0;0;22.44;1.515;812.98916;151.2;0;146.7;1
20250324 50E15 DN 570 DF1;3/24/2025 2:21:14 PM;1.41880833333333;200;200;1;20;3.0535;0;0;-1;6.86;12;12;12;1;0;2;0;0;0;-0.146;-0.1765;0;2.4015;1.9165;0;0;0;22.425;1.563;813.589152;150.7;0;146.7;1
20250324 50E15 DN 570 DF1;3/24/2025 2:21:19 PM;1.42019722222222;200;200;1;20;3.0295;0;0;-1;6.86;12;12;12;1;0;2;0;0;0;-0.147;-0.1755;0;2.398;1.9165;0;0;0;22.44;1.5495;814.264143;150;0;146.7;1
20250324 50E15 DN 570 DF1;3/24/2025 2:21:24 PM;1.42159166666667;200;200;1;20;3.0165;0;0;-1;6.86;12;12;12;1;0;2;0;0;0;-0.1475;-0.176;0;2.33;1.9165;0;0;0;22.455;1.5435;814.789136;149.4;0;146.7;1
20250324 50E15 DN 570 DF1;3/24/2025 2:21:29 PM;1.42298055555556;200;200;1;20;3.235;0;0;-1;6.86;12;12;12;1;0;2;0;0;0;-0.146;-0.1765;0;2.5435;1.9165;0;0;0;22.455;1.654;815.389128;148.9;0;146.7;1
20250324 50E15 DN 570 DF1;3/24/2025 2:21:34 PM;1.42437222222222;200;200;1;20;3.0045;0;0;-1;6.86;12;12;12;1;0;2;0;0;0;-0.1475;-0.1765;0;2.351;1.9165;0;0;0;22.44;1.5375;815.98912;148.3;0;146.7;1
20250324 50E15 DN 570 DF1;3/24/2025 2:21:39 PM;1.42576666666667;200;200;1;20;2.912;0;0;-1;6.86;12;12;12;1;0;2;0;0;0;-0.148;-0.1765;0;2.2815;1.9165;0;0;0;22.47;1.49;816.814109;147.6;0;146.7;1
20250324 50E15 DN 570 DF1;3/24/2025 2:21:44 PM;1.42715833333333;200;200;1;20;3.194;0;0;-1;6.86;12;12;12;1;0;2;0;0;0;-0.1455;-0.1765;0;2.5085;1.9165;0;0;0;22.47;1.6335;817.189104;147.1;0;146.7;1
20250324 50E15 DN 570 DF1;3/24/2025 2:21:49 PM;1.42854722222222;200;200;1;20;3.093;0;0;-1;6.86;12;12;12;1;10;2;10;10;0;-0.147;-0.176;0;2.4115;1.9165;0;0;0;22.47;1.581;817.789096;146.5;20;146.7;1
20250324 50E15 DN 570 DF1;3/24/2025 2:21:54 PM;1.42994166666667;200;200;1;20;3.015;0;0;-1;6.86;12;12;12;1;0;2;0;0;0;-0.147;-0.1765;0;2.377;1.9165;0;0;0;22.47;1.543;818.464087;148;0;146.7;1
20250324 50E15 DN 570 DF1;3/24/2025 2:21:59 PM;1.43133055555556;200;200;1;20;3.0535;0;0;-1;6.86;12;12;12;1;0;2;0;0;0;-0.1475;-0.1765;0;2.4005;1.9165;0;0;0;22.485;1.5615;819.214077;149.8;0;146.7;1
20250324 50E15 DN 570 DF1;3/24/2025 2:22:04 PM;1.432725;200;200;1;20;3.046;0;0;-1;6.86;12;12;12;1;0;2;0;0;0;-0.147;-0.176;0;2.3685;1.9165;0;0;0;22.485;1.5585;819.664071;149.2;0;146.7;1
20250324 50E15 DN 570 DF1;3/24/2025 2:22:09 PM;1.43411666666667;200;200;1;20;3.102;0;0;-1;7.14;12;12;12;1;0;2;0;0;0;-0.1465;-0.1755;0;2.435;1.9165;0;0;0;22.5;1.586;820.414061;148.5;0;146.7;1
20250324 50E15 DN 570 DF1;3/24/2025 2:22:14 PM;1.43550833333333;200;200;1;20;3.006;0;0;-1;7.14;12;12;12;1;0;2;0;0;0;-0.1475;-0.176;0;2.342;1.9165;0;0;0;22.5;1.537;821.014053;147.9;0;146.7;1
20250324 50E15 DN 570 DF1;3/24/2025 2:22:19 PM;1.4369;200;200;1;20;3.006;0;0;-1;7.14;12;12;12;1;0;2;0;0;0;-0.1475;-0.176;0;2.342;1.9165;0;0;0;22.5;1.537;821.014053;147.9;0;146.7;1
20250324 50E15 DN 570 DF1;3/24/2025 2:22:24 PM;1.43829166666667;200;200;1;20;3.063;0;0;-1;7.14;12;12;12;1;0;2;0;0;0;-0.147;-0.176;0;2.3815;1.9165;0;0;0;22.5;1.566;821.464047;147.5;0;146.7;1
20250324 50E15 DN 570 DF1;3/24/2025 2:22:29 PM;1.43968333333333;200;200;1;20;3.1115;0;0;-1;7.14;12;12;12;1;0;2;0;0;0;-0.147;-0.176;0;2.45;1.9165;0;0;0;22.515;1.591;822.289036;146.9;0;146.7;1
20250324 50E15 DN 570 DF1;3/24/2025 2:22:34 PM;1.441075;200;200;1;20;3.181;0;0;-1;6.86;12;12;12;1;30;2;30;30;0;-0.146;-0.176;0;2.5215;1.9165;0;0;0;22.515;1.626;822.814029;146.3;40;146.7;1
20250324 50E15 DN 570 DF1;3/24/2025 2:22:39 PM;1.44246666666667;200;200;1;20;3.148;0;0;-1;6.86;12;12;12;1;0;2;0;0;0;-0.1465;-0.176;0;2.485;1.9165;0;0;0;22.515;1.609;823.264023;148.8;0;146.7;1
20250324 50E15 DN 570 DF1;3/24/2025 2:22:44 PM;1.44386111111111;200;200;1;20;3.0265;0;0;-1;6.86;12;12;12;1;0;2;0;0;0;-0.1465;-0.1765;0;2.423;1.9165;0;0;0;22.53;1.5485;824.089012;149.2;0;146.7;1
20250324 50E15 DN 570 DF1;3/24/2025 2:22:49 PM;1.44525277777778;200;200;1;20;3.141;0;0;-1;6.86;12;12;12;1;0;2;0;0;0;-0.1465;-0.1765;0;2.473;1.9165;0;0;0;22.53;1.6065;824.764003;148.7;0;146.7;1
20250324 50E15 DN 570 DF1;3/24/2025 2:22:54 PM;1.44664444444444;200;200;1;20;3.1975;0;0;-1;6.86;12;12;12;1;0;2;0;0;0;-0.1465;-0.1765;0;2.515;1.9165;0;0;0;22.56;1.634;825.213997;148;0;146.7;1
20250324 50E15 DN 570 DF1;3/24/2025 2:22:59 PM;1.44803333333333;200;200;1;20;3.1015;0;0;-1;6.86;12;12;12;1;0;2;0;0;0;-0.1475;-0.176;0;2.421;1.9165;0;0;0;22.56;1.585;825.663991;147.5;0;146.7;1
20250324 50E15 DN 570 DF1;3/24/2025 2:23:04 PM;1.449425;200;200;1;20;3.087;0;0;-1;6.86;12;12;12;1;0;2;0;0;0;-0.147;-0.1765;0;2.452;1.9165;0;0;0;22.545;1.5785;826.413981;146.9;0;146.7;1
20250324 50E15 DN 570 DF1;3/24/2025 2:23:09 PM;1.45081666666667;200;200;1;20;3.132;0;0;-1;6.86;12;12;12;1;30;2;30;30;0;-0.1475;-0.176;0;2.4655;1.9165;0;0;0;22.545;1.6;827.013973;146.3;40;146.7;1
20250324 50E15 DN 570 DF1;3/24/2025 2:23:14 PM;1.45220833333333;200;200;1;20;2.967;0;0;-1;6.57;12;12;12;1;0;2;0;0;0;-0.1475;-0.1765;0;2.3065;1.9165;0;0;0;22.545;1.518;827.613965;149.1;0;146.7;1
20250324 50E15 DN 570 DF1;3/24/2025 2:23:19 PM;1.45359722222222;200;200;1;20;3.123;0;0;-1;6.57;12;12;12;1;0;2;0;0;0;-0.147;-0.1765;0;2.4655;1.9165;0;0;0;22.545;1.5965;828.288956;150.8;0;146.7;1
20250324 50E15 DN 570 DF1;3/24/2025 2:23:24 PM;1.45499166666667;200;200;1;20;3.036;0;0;-1;6.57;12;12;12;1;0;2;0;0;0;-0.147;-0.176;0;2.3865;1.9165;0;0;0;22.56;1.5525;828.888948;150.3;0;146.7;1
20250324 50E15 DN 570 DF1;3/24/2025 2:23:29 PM;1.45638333333333;200;200;1;20;3.0205;0;0;-1;6.57;12;12;12;1;0;2;0;0;0;-0.148;-0.176;0;2.3615;1.9165;0;0;0;22.56;1.544;829.48894;149.7;0;146.7;1
20250324 50E15 DN 570 DF1;3/24/2025 2:23:34 PM;1.45777777777778;200;200;1;20;2.895;0;0;-1;7.43;12;12;12;1;0;2;0;0;0;-0.148;-0.176;0;2.2675;1.9165;0;0;0;22.56;1.482;830.088932;149;0;146.7;1
20250324 50E15 DN 570 DF1;3/24/2025 2:23:39 PM;1.45916944444444;200;200;1;20;2.9915;0;0;-1;7.43;12;12;12;1;0;2;0;0;0;-0.148;-0.1765;0;2.3275;1.9165;0;0;0;22.56;1.53;830.613925;148.5;0;146.7;1
20250324 50E15 DN 570 DF1;3/24/2025 2:23:44 PM;1.46055833333333;200;200;1;20;2.984;0;0;-1;7.43;12;12;12;1;0;2;0;0;0;-0.1485;-0.1765;0;2.3335;1.9165;0;0;0;22.56;1.5255;831.363915;147.9;0;146.7;1
20250324 50E15 DN 570 DF1;3/24/2025 2:23:49 PM;1.46195;200;200;1;20;2.984;0;0;-1;7.43;12;12;12;1;0;2;0;0;0;-0.1485;-0.1765;0;2.3335;1.9165;0;0;0;22.56;1.5255;831.363915;147.9;0;146.7;1
20250324 50E15 DN 570 DF1;3/24/2025 2:23:54 PM;1.46334166666667;200;200;1;20;3.259;0;0;-1;7.43;12;12;12;1;0;2;0;0;0;-0.146;-0.1755;0;2.543;1.9165;0;0;0;22.545;1.6655;831.963907;147.2;0;146.7;1
20250324 50E15 DN 570 DF1;3/24/2025 2:23:59 PM;1.46473333333333;200;200;1;20;3.163;0;0;-1;6.57;12;12;12;1;0;2;0;0;0;-0.1475;-0.176;0;2.5065;1.9165;0;0;0;22.545;1.616;832.4889;146.7;0;146.7;1
20250324 50E15 DN 570 DF1;3/24/2025 2:24:04 PM;1.46612222222222;200;200;1;20;3.064;0;0;-1;6.57;12;12;12;1;40;2;40;40;0;-0.1475;-0.1765;0;2.397;1.9165;0;0;0;22.545;1.567;833.088892;146.4;30;146.7;1
20250324 50E15 DN 570 DF1;3/24/2025 2:24:09 PM;1.46751666666667;200;200;1;20;3.0325;0;0;-1;6.57;12;12;12;1;0;2;0;0;0;-0.1475;-0.176;0;2.3795;1.9165;0;0;0;22.53;1.5505;833.763883;149.4;0;146.7;1
20250324 50E15 DN 570 DF1;3/24/2025 2:24:15 PM;1.46891111111111;200;200;1;20;3.0685;0;0;-1;6.57;12;12;12;1;0;2;0;0;0;-0.148;-0.1765;0;2.412;1.9165;0;0;0;22.53;1.568;834.363875;148.9;0;146.7;1
20250324 50E15 DN 570 DF1;3/24/2025 2:24:20 PM;1.47030277777778;200;200;1;20;3.1615;0;0;-1;6.86;12;12;12;1;0;2;0;0;0;-0.147;-0.176;0;2.4515;1.9165;0;0;0;22.53;1.616;834.888868;148.3;0;146.7;1
20250324 50E15 DN 570 DF1;3/24/2025 2:24:25 PM;1.47169166666667;200;200;1;20;3.2715;0;0;-1;6.86;12;12;12;1;0;2;0;0;0;-0.147;-0.176;0;2.5565;1.9165;0;0;0;22.515;1.6705;835.413861;147.7;0;146.7;1
20250324 50E15 DN 570 DF1;3/24/2025 2:24:30 PM;1.47308333333333;200;200;1;20;3.102;0;0;-1;6.86;12;12;12;1;0;2;0;0;0;-0.1475;-0.176;0;2.4405;1.9165;0;0;0;22.515;1.5855;836.313849;147;0;146.7;1
20250324 50E15 DN 570 DF1;3/24/2025 2:24:35 PM;1.47447222222222;200;200;1;20;2.777;0;0;-1;6.86;12;12;12;1;20;2;20;20;0;-0.148;-0.1765;0;2.222;1.9165;0;0;0;22.515;1.422;836.763843;146.4;30;146.7;1
20250324 50E15 DN 570 DF1;3/24/2025 2:24:40 PM;1.47586388888889;200;200;1;20;3.061;0;0;-1;6.86;12;12;12;1;0;2;0;0;0;-0.148;-0.1765;0;2.394;1.9165;0;0;0;22.515;1.5645;837.363835;148;0;146.7;1
20250324 50E15 DN 570 DF1;3/24/2025 2:24:45 PM;1.47725555555556;200;200;1;20;3.01;0;0;-1;6.86;12;12;12;1;0;2;0;0;0;-0.147;-0.176;0;2.4045;1.9165;0;0;0;22.47;1.5395;837.963827;150.9;0;146.7;1
20250324 50E15 DN 570 DF1;3/24/2025 2:24:50 PM;1.47864444444444;200;200;1;20;3.0715;0;0;-1;6.86;12;12;12;1;0;2;0;0;0;-0.1475;-0.176;0;2.3915;1.9165;0;0;0;22.47;1.5695;838.563819;150.4;0;146.7;1
20250324 50E15 DN 570 DF1;3/24/2025 2:24:55 PM;1.48003611111111;200;200;1;20;3.078;0;0;-1;6.86;12;12;12;1;0;2;0;0;0;-0.1475;-0.176;0;2.425;1.9165;0;0;0;22.485;1.5735;839.163811;149.8;0;146.7;1
20250324 50E15 DN 570 DF1;3/24/2025 2:25:00 PM;1.48143055555556;200;200;1;20;2.9485;0;0;-1;6.86;12;12;12;1;0;2;0;0;0;-0.1475;-0.1765;0;2.3535;1.9165;0;0;0;22.455;1.509;839.913801;149.2;0;146.7;1
20250324 50E15 DN 570 DF1;3/24/2025 2:25:05 PM;1.48281944444444;200;200;1;20;3.0165;0;0;-1;6.86;12;12;12;1;0;2;0;0;0;-0.1485;-0.176;0;2.3505;1.9165;0;0;0;22.47;1.5415;840.363795;148.6;0;146.7;1
20250324 50E15 DN 570 DF1;3/24/2025 2:25:10 PM;1.48421111111111;200;200;1;20;3.053;0;0;-1;6.86;12;12;12;1;0;2;0;0;0;-0.1485;-0.1765;0;2.3635;1.9165;0;0;0;22.455;1.56;840.963787;148;0;146.7;1
20250324 50E15 DN 570 DF1;3/24/2025 2:25:15 PM;1.48560277777778;200;200;1;20;3.053;0;0;-1;6.86;12;12;12;1;0;2;0;0;0;-0.1485;-0.1765;0;2.3635;1.9165;0;0;0;22.455;1.56;840.963787;148;0;146.7;1
20250324 50E15 DN 570 DF1;3/24/2025 2:25:20 PM;1.48699444444444;200;200;1;20;3.0845;0;0;-1;6.86;12;12;12;1;0;2;0;0;0;-0.1475;-0.176;0;2.445;1.9165;0;0;0;22.44;1.576;841.713777;147.4;0;146.7;1
20250324 50E15 DN 570 DF1;3/24/2025 2:25:25 PM;1.48838611111111;200;200;1;20;2.975;0;0;-1;6.86;12;12;12;1;0;2;0;0;0;-0.148;-0.176;0;2.334;1.9165;0;0;0;22.425;1.521;842.163771;146.9;0;146.7;1
20250324 50E15 DN 570 DF1;3/24/2025 2:25:30 PM;1.48977777777778;200;200;1;20;3.19;0;0;-1;6.86;12;12;12;1;30;2;30;30;0;-0.147;-0.1765;0;2.506;1.9165;0;0;0;22.44;1.63;842.913761;146.2;50;146.7;1
20250324 50E15 DN 570 DF1;3/24/2025 2:25:35 PM;1.49116944444444;200;200;1;20;3.1175;0;0;-1;6.86;12;12;12;1;0;2;0;0;0;-0.1475;-0.176;0;2.4445;1.9165;0;0;0;22.44;1.5935;843.363755;148.9;0;146.7;1
20250324 50E15 DN 570 DF1;3/24/2025 2:25:40 PM;1.49256111111111;200;200;1;20;3.191;0;0;-1;6.86;12;12;12;1;0;2;0;0;0;-0.1475;-0.176;0;2.5165;1.9165;0;0;0;22.44;1.63;844.113745;151.3;0;146.7;1
20250324 50E15 DN 570 DF1;3/24/2025 2:25:45 PM;1.49395277777778;200;200;1;20;3.1805;0;0;-1;6.86;12;12;12;1;0;2;0;0;0;-0.1475;-0.1765;0;2.4935;1.9165;0;0;0;22.425;1.6255;844.563739;150.8;0;146.7;1
20250324 50E15 DN 570 DF1;3/24/2025 2:25:50 PM;1.49534444444444;200;200;1;20;3.0545;0;0;-1;6.86;12;12;12;1;0;2;0;0;0;-0.1475;-0.1755;0;2.398;1.9165;0;0;0;22.41;1.561;845.313729;150.3;0;146.7;1
20250324 50E15 DN 570 DF1;3/24/2025 2:25:55 PM;1.49673888888889;200;200;1;20;3.187;0;0;-1;6.86;12;12;12;1;0;2;0;0;0;-0.1475;-0.176;0;2.5235;1.9165;0;0;0;22.395;1.6275;845.98872;149.7;0;146.7;1
20250324 50E15 DN 570 DF1;3/24/2025 2:26:00 PM;1.49813055555556;200;200;1;20;3.02;0;0;-1;6.86;12;12;12;1;0;2;0;0;0;-0.148;-0.176;0;2.363;1.9165;0;0;0;22.395;1.5435;846.513713;149;0;146.7;1
20250324 50E15 DN 570 DF1;3/24/2025 2:26:05 PM;1.49952222222222;200;200;1;20;3.075;0;0;-1;7.14;12;12;12;1;0;2;0;0;0;-0.148;-0.176;0;2.4175;1.9165;0;0;0;22.38;1.5715;846.963707;148.5;0;146.7;1
20250324 50E15 DN 570 DF1;3/24/2025 2:26:10 PM;1.50091666666667;200;200;1;20;3.099;0;0;-1;7.14;12;12;12;1;0;2;0;0;0;-0.1475;-0.176;0;2.4355;1.9165;0;0;0;22.38;1.584;847.788696;147.8;0;146.7;1
20250324 50E15 DN 570 DF1;3/24/2025 2:26:15 PM;1.50230833333333;200;200;1;20;3.1165;0;0;-1;7.14;12;12;12;1;0;2;0;0;0;-0.1475;-0.176;0;2.442;1.9165;0;0;0;22.35;1.593;848.313689;147.2;0;146.7;1
20250324 50E15 DN 570 DF1;3/24/2025 2:26:20 PM;1.50369722222222;200;200;1;20;3.0965;0;0;-1;7.14;12;12;12;1;0;2;0;0;0;-0.148;-0.1765;0;2.407;1.9165;0;0;0;22.335;1.5825;848.913681;146.6;10;146.7;1
20250324 50E15 DN 570 DF1;3/24/2025 2:26:25 PM;1.50508888888889;200;200;1;20;3.2355;0;0;-1;6.57;12;12;12;1;50;2;50;100;0;-0.1465;-0.176;0;2.5535;1.9165;0;0;0;22.335;1.653;849.588672;146.6;10;146.7;1
20250324 50E15 DN 570 DF1;3/24/2025 2:26:30 PM;1.50647777777778;200;200;1;20;3.024;0;0;-1;6.57;12;12;12;1;0;2;0;0;0;-0.1475;-0.176;0;2.366;1.9165;0;0;0;22.32;1.546;850.263663;153;0;146.7;1
20250324 50E15 DN 570 DF1;3/24/2025 2:26:35 PM;1.50786944444444;200;200;1;20;3.235;0;0;-1;6.57;12;12;12;1;0;2;0;0;0;-0.1475;-0.1765;0;2.525;1.9165;0;0;0;22.32;1.652;850.788656;152.6;0;146.7;1
20250324 50E15 DN 570 DF1;3/24/2025 2:26:40 PM;1.50925833333333;200;200;1;20;3.0515;0;0;-1;6.57;12;12;12;1;0;2;0;0;0;-0.1475;-0.1765;0;2.4155;1.9165;0;0;0;22.305;1.5605;851.313649;151.9;0;146.7;1
20250324 50E15 DN 570 DF1;3/24/2025 2:26:45 PM;1.51065;200;200;1;20;3.0515;0;0;-1;6.57;12;12;12;1;0;2;0;0;0;-0.1475;-0.1765;0;2.4155;1.9165;0;0;0;22.305;1.5605;851.313649;151.9;0;146.7;1
20250324 50E15 DN 570 DF1;3/24/2025 2:26:50 PM;1.51204166666667;200;200;1;20;3.0975;0;0;-1;6.57;12;12;12;1;0;2;0;0;0;-0.147;-0.176;0;2.4895;1.9165;0;0;0;22.275;1.5835;851.98864;151.4;0;146.7;1
20250324 50E15 DN 570 DF1;3/24/2025 2:26:55 PM;1.51343055555556;200;200;1;20;3.174;0;0;-1;6.57;12;12;12;1;0;2;0;0;0;-0.1475;-0.1765;0;2.483;1.9165;0;0;0;22.275;1.6215;852.588632;150.8;0;146.7;1
20250324 50E15 DN 570 DF1;3/24/2025 2:27:00 PM;1.51482222222222;200;200;1;20;3.015;0;0;-1;6.57;12;12;12;1;0;2;0;0;0;-0.1475;-0.1765;0;2.383;1.9165;0;0;0;22.245;1.542;853.188624;150.2;0;146.7;1
20250324 50E15 DN 570 DF1;3/24/2025 2:27:05 PM;1.51621666666667;200;200;1;20;3.1315;0;0;-1;6.57;12;12;12;1;0;2;0;0;0;-0.1475;-0.176;0;2.513;1.9165;0;0;0;22.29;1.6;853.788616;149.5;0;146.7;1
20250324 50E15 DN 570 DF1;3/24/2025 2:27:10 PM;1.51760555555556;200;200;1;20;1.5985;0;0;-1;7.14;12;0;0;0;0;0;0;0;0;-0.157;-0.1765;0;1.0605;1.9165;0;0;0;22.245;0.824;854.388608;149.1;0;146.7;0
20250324 50E15 DN 570 DF1;3/24/2025 2:27:15 PM;1.519;200;200;1;20;0.00650000000000017;0;0;-1;7.14;12;0;0;0;0;0;0;0;0;-0.164;-0.1775;0;-0.1605;1.9165;0;0;0;22.245;0.0195000000000001;854.463607;149.9;0;146.7;0
20250324 50E15 DN 570 DF1;3/24/2025 2:27:20 PM;1.52039444444444;200;200;1;20;-0.014;0;0;-1;7.14;12;0;0;0;0;2;0;0;0;-0.164;-0.1775;0;-0.1755;1.9165;0;0;0;22.215;0.00950000000000006;854.388608;150.1;0;146.7;1
20250324 50E15 DN 570 DF1;3/24/2025 2:27:25 PM;1.52178333333333;200;200;1;20;0.5765;0;0;-1;7.14;12;12;12;1;0;2;0;0;0;-0.1605;-0.177;0;0.456;1.9165;0;0;0;22.215;0.307;854.388608;150.3;0;146.7;1
20250324 50E15 DN 570 DF1;3/24/2025 2:27:30 PM;1.523175;200;200;1;20;0.762;0;0;-1;1.71;12;0;0;0;0;0;0;0;0;-0.1625;-0.1765;0;0.3395;1.9165;0;0;0;22.2;0.3985;854.688604;148.8;0;146.7;0
20250324 50E15 DN 570 DF1;3/24/2025 2:27:35 PM;1.52456666666667;200;200;1;20;0.0165000000000002;0;0;-1;1.71;5;0;0;0;0;0;0;0;0;-0.164;-0.177;0;-0.1525;1.9165;0;0;0;22.2;0.024;854.763603;149.7;0;146.7;0
20250324 50E15 DN 570 DF1;3/24/2025 2:27:40 PM;1.52595833333333;200;200;1;20;-0.0135;0;0;-1;1.71;5;0;0;0;0;2;0;0;0;-0.164;-0.1775;0;-0.1755;1.9165;0;0;0;22.185;0.00950000000000006;854.763603;149.8;0;146.7;1
20250324 50E15 DN 570 DF1;3/24/2025 2:27:45 PM;1.52734722222222;200;200;1;20;-0.0159999999999999;0;0;-1;1.71;5;5;5;1;0;2;0;0;0;-0.164;-0.1775;0;-0.166;1.9165;0;0;0;22.185;0.00849999999999995;854.688604;149.9;0;146.7;1
20250324 50E15 DN 570 DF1;3/24/2025 2:27:50 PM;1.52873888888889;200;200;1;20;1.339;0;0;-1;0.86;5;5;5;1;0;2;0;0;0;-0.159;-0.176;0;0.9765;1.9165;0;0;0;22.17;0.69;854.913601;148.9;0;146.7;1
20250324 50E15 DN 570 DF1;3/24/2025 2:27:55 PM;1.53013055555556;200;200;1;20;1.4545;0;0;-1;0.86;5;5;5;1;0;2;0;0;0;-0.158;-0.1765;0;1.0545;1.9165;0;0;0;22.14;0.749;855.213597;148.5;0;146.7;1
20250324 50E15 DN 570 DF1;3/24/2025 2:28:00 PM;1.53152222222222;200;200;1;20;1.4705;0;0;-1;0.86;5;5;5;1;0;2;0;0;0;-0.1585;-0.1765;0;1.078;1.9165;0;0;0;22.155;0.7565;855.363595;148.2;0;146.7;1
20250324 50E15 DN 570 DF1;3/24/2025 2:28:05 PM;1.53291666666667;200;200;1;20;1.7755;0;0;-1;2.86;7;7;7;1;0;2;0;0;0;-0.1575;-0.1765;0;1.338;1.9165;0;0;0;22.155;0.9105;855.888588;147.6;0;146.7;1
20250324 50E15 DN 570 DF1;3/24/2025 2:28:10 PM;1.53430555555556;200;200;1;20;2.068;0;0;-1;2.86;7;7;7;1;0;2;0;0;0;-0.1565;-0.1765;0;1.5565;1.9165;0;0;0;22.155;1.058;856.113585;147.4;0;146.7;1
20250324 50E15 DN 570 DF1;3/24/2025 2:28:15 PM;1.53569722222222;200;200;1;20;2.068;0;0;-1;2.86;7;7;7;1;0;2;0;0;0;-0.1565;-0.1765;0;1.5565;1.9165;0;0;0;22.155;1.058;856.113585;147.4;0;146.7;1
20250324 50E15 DN 570 DF1;3/24/2025 2:28:20 PM;1.53709166666667;200;200;1;20;2.066;0;0;-1;2.86;7;7;7;1;0;2;0;0;0;-0.1565;-0.1765;0;1.5685;1.9165;0;0;0;22.14;1.057;856.48858;147;0;146.7;1
20250324 50E15 DN 570 DF1;3/24/2025 2:28:25 PM;1.53848333333333;200;200;1;20;2.009;0;0;-1;2.86;10;10;10;1;0;2;0;0;0;-0.157;-0.1765;0;1.5165;1.9165;0;0;0;22.14;1.028;857.013573;146.6;10;146.7;1
20250324 50E15 DN 570 DF1;3/24/2025 2:28:30 PM;1.53987222222222;200;200;1;20;2.8675;0;0;-1;4.86;10;10;10;1;40;2;40;40;0;-0.153;-0.1755;0;2.29;1.9165;0;0;0;22.155;1.4605;857.463567;146.4;30;146.7;1
20250324 50E15 DN 570 DF1;3/24/2025 2:28:35 PM;1.54126666666667;200;200;1;20;2.684;0;0;-1;4.86;10;10;10;1;0;2;0;0;0;-0.154;-0.1765;0;2.039;1.9165;0;0;0;22.14;1.369;857.913561;150.8;0;146.7;1
20250324 50E15 DN 570 DF1;3/24/2025 2:28:40 PM;1.54265833333333;200;200;1;20;2.744;0;0;-1;4.86;10;10;10;1;0;2;0;0;0;-0.1525;-0.176;0;2.173;1.9165;0;0;0;22.14;1.4;858.363555;150.4;0;146.7;1
20250324 50E15 DN 570 DF1;3/24/2025 2:28:45 PM;1.54404722222222;200;200;1;20;2.526;0;0;-1;4.86;10;10;10;1;0;2;0;0;0;-0.1545;-0.1765;0;1.9635;1.9165;0;0;0;22.14;1.289;859.113545;149.8;0;146.7;1
20250324 50E15 DN 570 DF1;3/24/2025 2:28:50 PM;1.54543888888889;200;200;1;20;2.816;0;0;-1;6;10;10;10;1;0;2;0;0;0;-0.1525;-0.1765;0;2.213;1.9165;0;0;0;22.14;1.4365;859.563539;149.3;0;146.7;1
20250324 50E15 DN 570 DF1;3/24/2025 2:28:55 PM;1.54683055555556;200;200;1;20;2.4165;0;0;-1;6;10;10;10;1;0;2;0;0;0;-0.155;-0.1765;0;1.884;1.9165;0;0;0;22.14;1.234;860.088532;148.7;0;146.7;1
20250324 50E15 DN 570 DF1;3/24/2025 2:29:00 PM;1.54822222222222;200;200;1;20;2.6845;0;0;-1;6;10;10;10;1;0;2;0;0;0;-0.154;-0.1765;0;2.0765;1.9165;0;0;0;22.125;1.3695;860.688524;148.1;0;146.7;1
20250324 50E15 DN 570 DF1;3/24/2025 2:29:05 PM;1.54961388888889;200;200;1;20;3.0575;0;0;-1;6;10;10;10;1;0;2;0;0;0;-0.1525;-0.176;0;2.376;1.9165;0;0;0;22.125;1.557;861.213517;147.7;0;146.7;1
20250324 50E15 DN 570 DF1;3/24/2025 2:29:10 PM;1.55100833333333;200;200;1;20;2.6075;0;0;-1;6;10;10;10;1;0;2;0;0;0;-0.1545;-0.177;0;1.9925;1.9165;0;0;0;22.14;1.331;861.663511;147.1;0;146.7;1
20250324 50E15 DN 570 DF1;3/24/2025 2:29:15 PM;1.5524;200;200;1;20;2.9255;0;0;-1;6;10;10;10;1;10;2;10;0;0;-0.153;-0.1765;0;2.2645;1.9165;0;0;0;22.14;1.491;862.188504;146.5;20;146.7;1
20250324 50E15 DN 570 DF1;3/24/2025 2:29:20 PM;1.55379166666667;200;200;1;20;2.4555;0;0;-1;6;10;10;10;1;10;2;10;10;0;-0.1545;-0.1765;0;1.8655;1.9165;0;0;0;22.155;1.254;862.713497;147;0;146.7;1
20250324 50E15 DN 570 DF1;3/24/2025 2:29:25 PM;1.55518333333333;200;200;1;20;2.9745;0;0;-1;6;10;10;10;1;0;2;0;0;0;-0.153;-0.1765;0;2.3025;1.9165;0;0;0;22.14;1.516;863.313489;150.3;0;146.7;1
20250324 50E15 DN 570 DF1;3/24/2025 2:29:30 PM;1.556575;200;200;1;20;2.5495;0;0;-1;5.71;10;10;10;1;0;2;0;0;0;-0.1545;-0.1765;0;1.9525;1.9165;0;0;0;22.14;1.3015;863.763483;149.9;0;146.7;1
20250324 50E15 DN 570 DF1;3/24/2025 2:29:35 PM;1.55796666666667;200;200;1;20;2.689;0;0;-1;5.71;10;10;10;1;0;2;0;0;0;-0.154;-0.1765;0;2.098;1.9165;0;0;0;22.14;1.3715;864.513473;149.2;0;146.7;1
20250324 50E15 DN 570 DF1;3/24/2025 2:29:40 PM;1.55935555555556;200;200;1;20;2.689;0;0;-1;5.71;10;10;10;1;0;2;0;0;0;-0.154;-0.1765;0;2.098;1.9165;0;0;0;22.14;1.3715;864.513473;149.2;0;146.7;1
20250324 50E15 DN 570 DF1;3/24/2025 2:29:45 PM;1.56074722222222;200;200;1;20;2.9605;0;0;-1;5.71;10;10;10;1;0;2;0;0;0;-0.1525;-0.176;0;2.3555;1.9165;0;0;0;22.14;1.5085;864.888468;148.8;0;146.7;1
20250324 50E15 DN 570 DF1;3/24/2025 2:29:50 PM;1.56214166666667;200;200;1;20;2.6705;0;0;-1;5.71;10;10;10;1;0;2;0;0;0;-0.154;-0.176;0;2.0815;1.9165;0;0;0;22.155;1.3615;865.263463;148.2;0;146.7;1
20250324 50E15 DN 570 DF1;3/24/2025 2:29:55 PM;1.56353611111111;200;200;1;20;2.951;0;0;-1;6.29;10;10;10;1;0;2;0;0;0;-0.1525;-0.1765;0;2.328;1.9165;0;0;0;22.14;1.504;865.863455;147.7;0;146.7;1
20250324 50E15 DN 570 DF1;3/24/2025 2:30:00 PM;1.564925;200;200;1;20;2.5195;0;0;-1;6.29;10;10;10;1;0;2;0;0;0;-0.1545;-0.1765;0;1.9855;1.9165;0;0;0;22.155;1.286;866.463447;147.1;0;146.7;1
20250324 50E15 DN 570 DF1;3/24/2025 2:30:05 PM;1.56631388888889;200;200;1;20;2.8495;0;0;-1;6.29;10;10;10;1;0;2;0;0;0;-0.153;-0.1765;0;2.1955;1.9165;0;0;0;22.17;1.453;866.98844;146.6;10;146.7;1
20250324 50E15 DN 570 DF1;3/24/2025 2:30:10 PM;1.56770833333333;200;200;1;20;2.6635;0;0;-1;6.29;10;10;10;1;20;2;20;20;0;-0.1535;-0.176;0;2.121;1.9165;0;0;0;22.17;1.3585;867.588432;147.2;0;146.7;1
20250324 50E15 DN 570 DF1;3/24/2025 2:30:15 PM;1.5691;200;200;1;20;2.7105;0;0;-1;6;10;10;10;1;0;2;0;0;0;-0.1545;-0.1765;0;2.0665;1.9165;0;0;0;22.155;1.382;867.963427;148.7;0;146.7;1
20250324 50E15 DN 570 DF1;3/24/2025 2:30:20 PM;1.57048888888889;200;200;1;20;2.7775;0;0;-1;6;10;10;10;1;0;2;0;0;0;-0.153;-0.1765;0;2.1815;1.9165;0;0;0;22.17;1.4165;868.563419;148.2;0;146.7;1
20250324 50E15 DN 570 DF1;3/24/2025 2:30:25 PM;1.57188055555556;200;200;1;20;2.745;0;0;-1;6;10;10;10;1;0;2;0;0;0;-0.1535;-0.176;0;2.115;1.9165;0;0;0;22.185;1.4;869.163411;147.6;0;146.7;1
20250324 50E15 DN 570 DF1;3/24/2025 2:30:30 PM;1.573275;200;200;1;20;2.785;0;0;-1;6;10;10;10;1;0;2;0;0;0;-0.153;-0.1765;0;2.188;1.9165;0;0;0;22.17;1.4205;869.688404;147.1;0;146.7;1
20250324 50E15 DN 570 DF1;3/24/2025 2:30:35 PM;1.57466666666667;200;200;1;20;2.8695;0;0;-1;5.71;10;10;10;1;0;2;0;0;0;-0.153;-0.1755;0;2.2465;1.9165;0;0;0;22.17;1.462;870.063399;146.6;10;146.7;1
20250324 50E15 DN 570 DF1;3/24/2025 2:30:40 PM;1.57605555555556;200;200;1;20;2.6895;0;0;-1;5.71;10;10;10;1;0;2;0;30;0;-0.154;-0.1765;0;2.0675;1.9165;0;0;0;22.17;1.3725;870.813389;147.6;0;146.7;1
20250324 50E15 DN 570 DF1;3/24/2025 2:30:45 PM;1.57744722222222;200;200;1;20;2.916;0;0;-1;5.71;10;10;10;1;0;2;0;0;0;-0.153;-0.176;0;2.2985;1.9165;0;0;0;22.185;1.4855;871.188384;149.9;0;146.7;1
20250324 50E15 DN 570 DF1;3/24/2025 2:30:50 PM;1.57884166666667;200;200;1;20;2.5655;0;0;-1;5.71;10;10;10;1;0;2;0;0;0;-0.1545;-0.1765;0;1.955;1.9165;0;0;0;22.17;1.309;871.713377;149.4;0;146.7;1
20250324 50E15 DN 570 DF1;3/24/2025 2:30:55 PM;1.58023055555556;200;200;1;20;2.838;0;0;-1;6.29;10;10;10;1;0;2;0;0;0;-0.1525;-0.1765;0;2.233;1.9165;0;0;0;22.185;1.4475;872.163371;148.9;0;146.7;1
20250324 50E15 DN 570 DF1;3/24/2025 2:31:00 PM;1.58162222222222;200;200;1;20;2.5125;0;0;-1;6.29;10;10;10;1;0;2;0;0;0;-0.1545;-0.1765;0;1.9155;1.9165;0;0;0;22.2;1.283;872.763363;148.3;0;146.7;1
20250324 50E15 DN 570 DF1;3/24/2025 2:31:05 PM;1.58301111111111;200;200;1;20;2.9345;0;0;-1;6.29;10;10;10;1;0;2;0;0;0;-0.1525;-0.1765;0;2.291;1.9165;0;0;0;22.215;1.496;873.288356;148;0;146.7;1
20250324 50E15 DN 570 DF1;3/24/2025 2:31:10 PM;1.58440277777778;200;200;1;20;2.9345;0;0;-1;6.29;10;10;10;1;0;2;0;0;0;-0.1525;-0.1765;0;2.291;1.9165;0;0;0;22.215;1.496;873.288356;148;0;146.7;1
20250324 50E15 DN 570 DF1;3/24/2025 2:31:15 PM;1.58579444444444;200;200;1;20;3.139;0;0;-1;6.29;10;10;10;1;0;2;0;0;0;-0.1525;-0.176;0;2.4835;1.9165;0;0;0;22.2;1.5975;873.813349;147.4;0;146.7;1
20250324 50E15 DN 570 DF1;3/24/2025 2:31:20 PM;1.58718611111111;200;200;1;20;2.783;0;0;-1;5.71;10;10;10;1;0;2;0;0;0;-0.154;-0.176;0;2.163;1.9165;0;0;0;22.215;1.4185;874.413341;146.8;0;146.7;1
20250324 50E15 DN 570 DF1;3/24/2025 2:31:25 PM;1.588575;200;200;1;20;2.8905;0;0;-1;5.71;10;10;10;1;20;2;20;20;0;-0.1525;-0.1765;0;2.248;1.9165;0;0;0;22.23;1.4735;874.863335;146.3;40;146.7;1
20250324 50E15 DN 570 DF1;3/24/2025 2:31:30 PM;1.58996666666667;200;200;1;20;2.4375;0;0;-1;5.71;10;10;10;1;0;2;0;0;0;-0.155;-0.177;0;1.8565;1.9165;0;0;0;22.23;1.2455;875.388328;148.1;0;146.7;1
20250324 50E15 DN 570 DF1;3/24/2025 2:31:35 PM;1.59135555555556;200;200;1;20;2.946;0;0;-1;5.71;10;10;10;1;0;2;0;0;0;-0.1525;-0.176;0;2.2775;1.9165;0;0;0;22.245;1.502;875.98832;152.5;0;146.7;1
20250324 50E15 DN 570 DF1;3/24/2025 2:31:40 PM;1.59274444444444;200;200;1;20;2.736;0;0;-1;6;10;10;10;1;0;2;0;0;0;-0.153;-0.176;0;2.1335;1.9165;0;0;0;22.245;1.396;876.363315;152.1;0;146.7;1
20250324 50E15 DN 570 DF1;3/24/2025 2:31:45 PM;1.59413611111111;200;200;1;20;2.725;0;0;-1;6;10;10;10;1;0;2;0;0;0;-0.1535;-0.1765;0;2.0975;1.9165;0;0;0;22.245;1.3905;876.963307;151.5;0;146.7;1
20250324 50E15 DN 570 DF1;3/24/2025 2:31:50 PM;1.59553055555556;200;200;1;20;3.101;0;0;-1;6;10;10;10;1;0;2;0;0;0;-0.152;-0.176;0;2.4365;1.9165;0;0;0;22.26;1.579;877.563299;151.1;0;146.7;1
20250324 50E15 DN 570 DF1;3/24/2025 2:31:55 PM;1.59691944444444;200;200;1;20;2.821;0;0;-1;6;10;10;10;1;0;2;0;0;0;-0.1535;-0.1755;0;2.207;1.9165;0;0;0;22.26;1.437;878.088292;150.5;0;146.7;1
20250324 50E15 DN 570 DF1;3/24/2025 2:32:00 PM;1.59831111111111;200;200;1;20;2.9275;0;0;-1;6;10;10;10;1;0;2;0;0;0;-0.1525;-0.1765;0;2.3105;1.9165;0;0;0;22.29;1.4925;878.613285;150.2;0;146.7;1
20250324 50E15 DN 570 DF1;3/24/2025 2:32:05 PM;1.59970277777778;200;200;1;20;2.4935;0;0;-1;6;10;10;10;1;0;2;0;0;0;-0.1545;-0.1765;0;1.9195;1.9165;0;0;0;22.29;1.273;879.213277;149.5;0;146.7;1
20250324 50E15 DN 570 DF1;3/24/2025 2:32:10 PM;1.60109166666667;200;200;1;20;2.9585;0;0;-1;6;10;10;10;1;0;2;0;0;0;-0.1525;-0.1765;0;2.2695;1.9165;0;0;0;22.29;1.508;879.663271;149;0;146.7;1
20250324 50E15 DN 570 DF1;3/24/2025 2:32:15 PM;1.60248333333333;200;200;1;20;2.9895;0;0;-1;6;10;10;10;1;0;2;0;0;0;-0.1525;-0.176;0;2.3585;1.9165;0;0;0;22.305;1.523;880.113265;148.5;0;146.7;1
20250324 50E15 DN 570 DF1;3/24/2025 2:32:20 PM;1.60387222222222;200;200;1;20;2.865;0;0;-1;6;10;10;10;1;0;2;0;0;0;-0.1535;-0.176;0;2.187;1.9165;0;0;0;22.32;1.46;880.713257;148;0;146.7;1
20250324 50E15 DN 570 DF1;3/24/2025 2:32:25 PM;1.60526944444444;200;200;1;20;3.0985;0;0;-1;6;10;10;10;1;0;2;0;0;0;-0.1515;-0.176;0;2.4055;1.9165;0;0;0;22.32;1.5785;881.313249;147.5;0;146.7;1
20250324 50E15 DN 570 DF1;3/24/2025 2:32:30 PM;1.60666111111111;200;200;1;20;2.6085;0;0;-1;6;10;10;10;1;0;2;0;0;0;-0.1535;-0.176;0;2.0445;1.9165;0;0;0;22.32;1.3315;881.763243;147;0;146.7;1
20250324 50E15 DN 570 DF1;3/24/2025 2:32:35 PM;1.60805277777778;200;200;1;20;2.6085;0;0;-1;6;10;10;10;1;0;2;0;0;0;-0.1535;-0.176;0;2.0445;1.9165;0;0;0;22.32;1.3315;881.763243;147;0;146.7;1
20250324 50E15 DN 570 DF1;3/24/2025 2:32:40 PM;1.60944444444444;200;200;1;20;2.7055;0;0;-1;6;10;10;10;1;10;2;10;10;0;-0.1525;-0.1765;0;2.125;1.9165;0;0;0;22.35;1.3815;882.288236;146.5;20;146.7;1
20250324 50E15 DN 570 DF1;3/24/2025 2:32:45 PM;1.61083611111111;200;200;1;20;2.6055;0;0;-1;5.71;10;10;10;1;0;2;0;60;0;-0.1535;-0.1765;0;1.999;1.9165;0;0;0;22.365;1.3305;882.888228;147.8;0;146.7;1
20250324 50E15 DN 570 DF1;3/24/2025 2:32:50 PM;1.61222777777778;200;200;1;20;2.7905;0;0;-1;5.71;10;10;10;1;0;2;0;0;0;-0.153;-0.1765;0;2.153;1.9165;0;0;0;22.38;1.4235;883.413221;152.6;0;146.7;1
20250324 50E15 DN 570 DF1;3/24/2025 2:32:55 PM;1.61361666666667;200;200;1;20;2.925;0;0;-1;5.71;10;10;10;1;0;2;0;0;0;-0.1515;-0.176;0;2.333;1.9165;0;0;0;22.395;1.491;883.863215;152.1;0;146.7;1
20250324 50E15 DN 570 DF1;3/24/2025 2:33:00 PM;1.61500833333333;200;200;1;20;2.705;0;0;-1;5.71;10;10;10;1;0;2;0;0;0;-0.154;-0.1765;0;2.0735;1.9165;0;0;0;22.395;1.379;884.463207;151.5;0;146.7;1
20250324 50E15 DN 570 DF1;3/24/2025 2:33:05 PM;1.6164;200;200;1;20;3.163;0;0;-1;6.57;10;10;10;1;0;2;0;0;0;-0.1515;-0.1765;0;2.456;1.9165;0;0;0;22.395;1.611;884.9882;151.1;0;146.7;1
20250324 50E15 DN 570 DF1;3/24/2025 2:33:10 PM;1.61779444444444;200;200;1;20;2.7295;0;0;-1;6.57;10;10;10;1;0;2;0;0;0;-0.153;-0.176;0;2.143;1.9165;0;0;0;22.41;1.392;885.363195;150.6;0;146.7;1
20250324 50E15 DN 570 DF1;3/24/2025 2:33:15 PM;1.61918611111111;200;200;1;20;3.0025;0;0;-1;6.57;10;10;10;1;0;2;0;0;0;-0.1525;-0.1765;0;2.3255;1.9165;0;0;0;22.44;1.5305;886.113185;150;0;146.7;1
20250324 50E15 DN 570 DF1;3/24/2025 2:33:21 PM;1.62058055555556;200;200;1;20;2.652;0;0;-1;6.57;10;10;10;1;0;2;0;0;0;-0.1535;-0.1765;0;2.1145;1.9165;0;0;0;22.425;1.353;886.563179;149.5;0;146.7;1
20250324 50E15 DN 570 DF1;3/24/2025 2:33:26 PM;1.62197222222222;200;200;1;20;2.829;0;0;-1;5.71;10;10;10;1;0;2;0;0;0;-0.1535;-0.1765;0;2.2005;1.9165;0;0;0;22.44;1.442;887.163171;149;0;146.7;1
20250324 50E15 DN 570 DF1;3/24/2025 2:33:31 PM;1.62336388888889;200;200;1;20;2.8815;0;0;-1;5.71;10;10;10;1;0;2;0;0;0;-0.152;-0.1765;0;2.2675;1.9165;0;0;0;22.455;1.4695;887.613165;148.5;0;146.7;1
20250324 50E15 DN 570 DF1;3/24/2025 2:33:36 PM;1.62475277777778;200;200;1;20;2.745;0;0;-1;5.71;10;10;10;1;0;2;0;0;0;-0.1535;-0.176;0;2.1525;1.9165;0;0;0;22.47;1.399;888.288156;148;0;146.7;1
20250324 50E15 DN 570 DF1;3/24/2025 2:33:41 PM;1.62614444444444;200;200;1;20;3.02;0;0;-1;5.71;10;10;10;1;0;2;0;0;0;-0.152;-0.1765;0;2.3865;1.9165;0;0;0;22.47;1.5395;888.663151;147.4;0;146.7;1
20250324 50E15 DN 570 DF1;3/24/2025 2:33:46 PM;1.62753888888889;200;200;1;20;2.479;0;0;-1;6;10;10;10;1;0;2;0;0;0;-0.1545;-0.1765;0;1.916;1.9165;0;0;0;22.47;1.2655;889.188144;146.9;0;146.7;1
20250324 50E15 DN 570 DF1;3/24/2025 2:33:51 PM;1.62893333333333;200;200;1;20;2.781;0;0;-1;6;10;10;10;1;30;2;30;30;0;-0.1535;-0.177;0;2.148;1.9165;0;0;0;22.47;1.419;889.863135;146.4;30;146.7;1
20250324 50E15 DN 570 DF1;3/24/2025 2:33:56 PM;1.630325;200;200;1;20;3.027;0;0;-1;6;10;10;10;1;0;2;0;0;0;-0.1515;-0.176;0;2.4195;1.9165;0;0;0;22.485;1.5425;890.313129;148.4;0;146.7;1
20250324 50E15 DN 570 DF1;3/24/2025 2:34:01 PM;1.63171388888889;200;200;1;20;2.825;0;0;-1;6;10;10;10;1;0;2;0;0;0;-0.154;-0.1765;0;2.171;1.9165;0;0;0;22.485;1.4395;890.913121;149.2;0;146.7;1
20250324 50E15 DN 570 DF1;3/24/2025 2:34:06 PM;1.63310277777778;200;200;1;20;2.825;0;0;-1;6;10;10;10;1;0;2;0;0;0;-0.154;-0.1765;0;2.171;1.9165;0;0;0;22.485;1.4395;890.913121;149.2;0;146.7;1
20250324 50E15 DN 570 DF1;3/24/2025 2:34:11 PM;1.63449444444444;200;200;1;20;3.0265;0;0;-1;6;10;10;10;1;0;2;0;0;0;-0.152;-0.1765;0;2.393;1.9165;0;0;0;22.485;1.5425;891.513113;148.6;0;146.7;1
20250324 50E15 DN 570 DF1;3/24/2025 2:34:16 PM;1.63588611111111;200;200;1;20;3.0405;0;0;-1;6;10;10;10;1;0;2;0;0;0;-0.1525;-0.1755;0;2.4025;1.9165;0;0;0;22.47;1.5475;891.963107;148.2;0;146.7;1
20250324 50E15 DN 570 DF1;3/24/2025 2:34:21 PM;1.63727777777778;200;200;1;20;2.922;0;0;-1;6;10;10;10;1;0;2;0;0;0;-0.1525;-0.1765;0;2.302;1.9165;0;0;0;22.5;1.4895;892.4881;147.6;0;146.7;1
20250324 50E15 DN 570 DF1;3/24/2025 2:34:26 PM;1.63866944444444;200;200;1;20;3.2525;0;0;-1;6;10;10;10;1;0;2;0;0;0;-0.152;-0.1755;0;2.541;1.9165;0;0;0;22.5;1.6545;893.088092;147;0;146.7;1
20250324 50E15 DN 570 DF1;3/24/2025 2:34:31 PM;1.64006111111111;200;200;1;20;2.7985;0;0;-1;6.29;10;10;10;1;0;2;0;0;0;-0.154;-0.1765;0;2.1735;1.9165;0;0;0;22.515;1.4265;893.613085;146.5;20;146.7;1
20250324 50E15 DN 570 DF1;3/24/2025 2:34:36 PM;1.64145;200;200;1;20;2.997;0;0;-1;6.29;10;10;10;1;40;2;40;40;0;-0.1525;-0.1765;0;2.3235;1.9165;0;0;0;22.515;1.527;893.98808;146.9;0;146.7;1
20250324 50E15 DN 570 DF1;3/24/2025 2:34:41 PM;1.64284166666667;200;200;1;20;2.8385;0;0;-1;6.29;10;10;10;1;0;2;0;0;0;-0.153;-0.1755;0;2.229;1.9165;0;0;0;22.53;1.446;894.588072;150.8;0;146.7;1
20250324 50E15 DN 570 DF1;3/24/2025 2:34:46 PM;1.64423611111111;200;200;1;20;3.012;0;0;-1;6.29;10;10;10;1;0;2;0;0;0;-0.1525;-0.1765;0;2.3315;1.9165;0;0;0;22.53;1.535;895.113065;150.4;0;146.7;1
20250324 50E15 DN 570 DF1;3/24/2025 2:34:51 PM;1.64562777777778;200;200;1;20;2.6955;0;0;-1;5.71;10;10;10;1;0;2;0;0;0;-0.1535;-0.176;0;2.144;1.9165;0;0;0;22.545;1.3745;895.713057;149.9;0;146.7;1
20250324 50E15 DN 570 DF1;3/24/2025 2:34:56 PM;1.64701666666667;200;200;1;20;2.967;0;0;-1;5.71;10;10;10;1;0;2;0;0;0;-0.1525;-0.1765;0;2.298;1.9165;0;0;0;22.545;1.5125;896.088052;149.4;0;146.7;1
20250324 50E15 DN 570 DF1;3/24/2025 2:35:01 PM;1.64840833333333;200;200;1;20;2.9585;0;0;-1;5.71;10;10;10;1;0;2;0;0;0;-0.1515;-0.176;0;2.3635;1.9165;0;0;0;22.56;1.508;896.613045;148.8;0;146.7;1
20250324 50E15 DN 570 DF1;3/24/2025 2:35:06 PM;1.64979722222222;200;200;1;20;2.751;0;0;-1;5.71;10;10;10;1;0;2;0;0;0;-0.1535;-0.176;0;2.149;1.9165;0;0;0;22.56;1.4025;897.213037;148.3;0;146.7;1
20250324 50E15 DN 570 DF1;3/24/2025 2:35:11 PM;1.65118888888889;200;200;1;20;3.119;0;0;-1;6;10;10;10;1;0;2;0;0;0;-0.152;-0.1765;0;2.4715;1.9165;0;0;0;22.545;1.5885;897.663031;147.8;0;146.7;1
20250324 50E15 DN 570 DF1;3/24/2025 2:35:16 PM;1.65257777777778;200;200;1;20;2.4765;0;0;-1;6;10;10;10;1;0;2;0;0;0;-0.155;-0.177;0;1.8825;1.9165;0;0;0;22.56;1.265;898.113025;147.2;0;146.7;1
20250324 50E15 DN 570 DF1;3/24/2025 2:35:21 PM;1.65396666666667;200;200;1;20;2.9695;0;0;-1;6;10;10;10;1;0;2;0;0;0;-0.1525;-0.1765;0;2.3255;1.9165;0;0;0;22.575;1.514;898.713017;146.7;0;146.7;1
20250324 50E15 DN 570 DF1;3/24/2025 2:35:26 PM;1.65535833333333;200;200;1;20;2.703;0;0;-1;6;10;10;10;1;40;2;40;40;0;-0.153;-0.1765;0;2.118;1.9165;0;0;0;22.575;1.3795;899.163011;146.2;50;146.7;1
20250324 50E15 DN 570 DF1;3/24/2025 2:35:31 PM;1.65675;200;200;1;20;2.91;0;0;-1;6;10;10;10;1;0;2;0;0;0;-0.153;-0.1765;0;2.285;1.9165;0;0;0;22.575;1.4825;899.163011;146.2;0;146.7;1
20250324 50E15 DN 570 DF1;3/24/2025 2:35:36 PM;1.65814166666667;200;200;1;20;2.91;0;0;-1;5.71;10;10;10;1;0;2;0;0;0;-0.153;-0.176;0;2.285;1.9165;0;0;0;22.56;1.4825;899.763003;151.4;0;146.7;1
20250324 50E15 DN 570 DF1;3/24/2025 2:35:41 PM;1.65953333333333;200;200;1;20;2.933;0;0;-1;5.71;10;10;10;1;0;2;0;0;0;-0.152;-0.1765;0;2.3165;1.9165;0;0;0;22.575;1.4955;900.287996;151;0;146.7;1
20250324 50E15 DN 570 DF1;3/24/2025 2:35:46 PM;1.660925;200;200;1;20;2.679;0;0;-1;5.71;10;10;10;1;0;2;0;0;0;-0.154;-0.1765;0;2.054;1.9165;0;0;0;22.575;1.3665;900.887988;150.5;0;146.7;1
20250324 50E15 DN 570 DF1;3/24/2025 2:35:51 PM;1.66231666666667;200;200;1;20;3.0555;0;0;-1;5.71;10;10;10;1;0;2;0;0;0;-0.1515;-0.1765;0;2.417;1.9165;0;0;0;22.59;1.5575;901.412981;149.8;0;146.7;1
20250324 50E15 DN 570 DF1;3/24/2025 2:35:56 PM;1.66370833333333;200;200;1;20;2.826;0;0;-1;5.71;10;10;10;1;0;2;0;0;0;-0.1535;-0.1765;0;2.182;1.9165;0;0;0;22.575;1.4405;901.862975;149.4;0;146.7;1
20250324 50E15 DN 570 DF1;3/24/2025 2:36:01 PM;1.66510277777778;200;200;1;20;3.1315;0;0;-1;5.71;10;10;10;1;0;2;0;0;0;-0.1525;-0.176;0;2.4065;1.9165;0;0;0;22.575;1.594;902.312969;148.9;0;146.7;1
20250324 50E15 DN 570 DF1;3/24/2025 2:36:06 PM;1.66649166666667;200;200;1;20;2.996;0;0;-1;5.71;10;10;10;1;0;2;0;0;0;-0.1515;-0.176;0;2.3955;1.9165;0;0;0;22.56;1.5265;902.98796;148.3;0;146.7;1
20250324 50E15 DN 570 DF1;3/24/2025 2:36:11 PM;1.66788611111111;200;200;1;20;2.917;0;0;-1;5.71;10;10;10;1;0;2;0;0;0;-0.153;-0.176;0;2.2885;1.9165;0;0;0;22.56;1.486;903.362955;147.9;0;146.7;1
20250324 50E15 DN 570 DF1;3/24/2025 2:36:16 PM;1.669275;200;200;1;20;3.2635;0;0;-1;5.71;10;10;10;1;0;2;0;0;0;-0.1515;-0.176;0;2.5445;1.9165;0;0;0;22.545;1.662;903.962947;147.3;0;146.7;1
20250324 50E15 DN 570 DF1;3/24/2025 2:36:21 PM;1.67066666666667;200;200;1;20;2.7965;0;0;-1;5.71;10;10;10;1;0;2;0;0;0;-0.1535;-0.176;0;2.149;1.9165;0;0;0;22.56;1.4255;904.48794;146.9;0;146.7;1
20250324 50E15 DN 570 DF1;3/24/2025 2:36:26 PM;1.67205555555556;200;200;1;20;2.9625;0;0;-1;5.71;10;10;10;1;40;2;40;40;0;-0.1525;-0.177;0;2.337;1.9165;0;0;0;22.56;1.511;905.012933;146.3;40;146.7;1
20250324 50E15 DN 570 DF1;3/24/2025 2:36:31 PM;1.67344722222222;200;200;1;20;2.754;0;0;-1;6.29;10;10;10;1;0;2;0;0;0;-0.1535;-0.1765;0;2.1665;1.9165;0;0;0;22.56;1.4045;905.462927;150.3;0;146.7;1
20250324 50E15 DN 570 DF1;3/24/2025 2:36:36 PM;1.67483611111111;200;200;1;20;2.9135;0;0;-1;6.29;10;10;10;1;0;2;0;0;0;-0.1535;-0.176;0;2.268;1.9165;0;0;0;22.53;1.484;905.98792;151.1;0;146.7;1
20250324 50E15 DN 570 DF1;3/24/2025 2:36:41 PM;1.67622777777778;200;200;1;20;3.0575;0;0;-1;6.29;10;10;10;1;0;2;0;0;0;-0.152;-0.1765;0;2.42;1.9165;0;0;0;22.515;1.558;906.587912;150.6;0;146.7;1
20250324 50E15 DN 570 DF1;3/24/2025 2:36:46 PM;1.67761944444444;200;200;1;20;2.7435;0;0;-1;6.29;10;10;10;1;0;2;0;0;0;-0.154;-0.1765;0;2.154;1.9165;0;0;0;22.515;1.3985;907.112905;150.1;0;146.7;1
20250324 50E15 DN 570 DF1;3/24/2025 2:36:51 PM;1.67901388888889;200;200;1;20;3.0365;0;0;-1;6;10;10;10;1;0;2;0;0;0;-0.1525;-0.1765;0;2.3475;1.9165;0;0;0;22.515;1.5475;907.562899;149.7;0;146.7;1
20250324 50E15 DN 570 DF1;3/24/2025 2:36:56 PM;1.68040555555556;200;200;1;20;2.7645;0;0;-1;6;10;10;10;1;0;2;0;0;0;-0.153;-0.176;0;2.153;1.9165;0;0;0;22.5;1.4095;908.087892;149;0;146.7;1
20250324 50E15 DN 570 DF1;3/24/2025 2:37:01 PM;1.68179444444444;200;200;1;20;2.7645;0;0;-1;6;10;10;10;1;0;2;0;0;0;-0.153;-0.176;0;2.153;1.9165;0;0;0;22.5;1.4095;908.087892;149;0;146.7;1
20250324 50E15 DN 570 DF1;3/24/2025 2:37:06 PM;1.68318611111111;200;200;1;20;2.9515;0;0;-1;6;10;10;10;1;0;2;0;0;0;-0.153;-0.1765;0;2.2845;1.9165;0;0;0;22.485;1.5045;908.612885;148.5;0;146.7;1
20250324 50E15 DN 570 DF1;3/24/2025 2:37:11 PM;1.68458055555556;200;200;1;20;2.973;0;0;-1;6;10;10;10;1;0;2;0;0;0;-0.152;-0.176;0;2.381;1.9165;0;0;0;22.485;1.5155;909.212877;148.2;0;146.7;1
20250324 50E15 DN 570 DF1;3/24/2025 2:37:16 PM;1.68596944444444;200;200;1;20;2.726;0;0;-1;5.71;10;10;10;1;0;2;0;0;0;-0.1545;-0.1765;0;2.0805;1.9165;0;0;0;22.485;1.39;909.587872;147.7;0;146.7;1
20250324 50E15 DN 570 DF1;3/24/2025 2:37:21 PM;1.68736388888889;200;200;1;20;3.1875;0;0;-1;5.71;10;10;10;1;0;2;0;0;0;-0.1515;-0.1765;0;2.5305;1.9165;0;0;0;22.485;1.624;910.187864;147;0;146.7;1
20250324 50E15 DN 570 DF1;3/24/2025 2:37:26 PM;1.68875277777778;200;200;1;20;2.5485;0;0;-1;5.71;10;10;10;1;10;2;10;10;0;-0.1545;-0.1765;0;2.005;1.9165;0;0;0;22.485;1.3005;910.787856;146.5;20;146.7;1
20250324 50E15 DN 570 DF1;3/24/2025 2:37:31 PM;1.69014444444444;200;200;1;20;2.9645;0;0;-1;5.71;10;10;10;1;0;2;0;0;0;-0.1525;-0.1765;0;2.32;1.9165;0;0;0;22.47;1.511;911.312849;147.7;0;146.7;1
20250324 50E15 DN 570 DF1;3/24/2025 2:37:36 PM;1.69153611111111;200;200;1;20;2.806;0;0;-1;6.29;10;10;10;1;0;2;0;0;0;-0.1535;-0.1765;0;2.2105;1.9165;0;0;0;22.455;1.4305;911.762843;148.9;0;146.7;1
20250324 50E15 DN 570 DF1;3/24/2025 2:37:41 PM;1.692925;200;200;1;20;2.9235;0;0;-1;6.29;10;10;10;1;0;2;0;0;0;-0.1535;-0.1765;0;2.2555;1.9165;0;0;0;22.44;1.489;912.362835;148.4;0;146.7;1
20250324 50E15 DN 570 DF1;3/24/2025 2:37:46 PM;1.69431666666667;200;200;1;20;3.048;0;0;-1;6.29;10;10;10;1;0;2;0;0;0;-0.152;-0.176;0;2.41;1.9165;0;0;0;22.425;1.5525;912.887828;147.9;0;146.7;1
20250324 50E15 DN 570 DF1;3/24/2025 2:37:51 PM;1.69570833333333;200;200;1;20;2.7215;0;0;-1;6.29;10;10;10;1;0;2;0;0;0;-0.154;-0.1765;0;2.088;1.9165;0;0;0;22.425;1.388;913.48782;147.3;0;146.7;1
20250324 50E15 DN 570 DF1;3/24/2025 2:37:56 PM;1.6971;200;200;1;20;3.0925;0;0;-1;6;10;10;10;1;0;2;0;0;0;-0.152;-0.1765;0;2.3985;1.9165;0;0;0;22.425;1.576;914.012813;146.8;0;146.7;1
20250324 50E15 DN 570 DF1;3/24/2025 2:38:01 PM;1.69849166666667;200;200;1;20;2.798;0;0;-1;6;10;10;10;1;30;2;30;30;0;-0.153;-0.176;0;2.1815;1.9165;0;0;0;22.41;1.427;914.462807;146.3;40;146.7;1
20250324 50E15 DN 570 DF1;3/24/2025 2:38:06 PM;1.69988055555556;200;200;1;20;2.9185;0;0;-1;6;10;10;10;1;0;2;0;0;0;-0.1525;-0.177;0;2.263;1.9165;0;0;0;22.425;1.4885;914.9878;150.7;0;146.7;1
20250324 50E15 DN 570 DF1;3/24/2025 2:38:11 PM;1.70127222222222;200;200;1;20;2.6975;0;0;-1;6;10;10;10;1;0;2;0;0;0;-0.1545;-0.1765;0;2.113;1.9165;0;0;0;22.395;1.376;915.587792;151.6;0;146.7;1
20250324 50E15 DN 570 DF1;3/24/2025 2:38:16 PM;1.70266666666667;200;200;1;20;2.8325;0;0;-1;5.71;10;10;10;1;0;2;0;0;0;-0.1545;-0.1765;0;2.2055;1.9165;0;0;0;22.38;1.443;916.112785;151.2;0;146.7;1
20250324 50E15 DN 570 DF1;3/24/2025 2:38:21 PM;1.70405555555556;200;200;1;20;3.1045;0;0;-1;5.71;10;10;10;1;0;2;0;0;0;-0.153;-0.1765;0;2.458;1.9165;0;0;0;22.365;1.5805;916.48778;150.7;0;146.7;1
20250324 50E15 DN 570 DF1;3/24/2025 2:38:26 PM;1.70544722222222;200;200;1;20;2.81;0;0;-1;5.71;10;10;10;1;0;2;0;0;0;-0.155;-0.176;0;2.1575;1.9165;0;0;0;22.35;1.4305;917.087772;150.1;0;146.7;1
20250324 50E15 DN 570 DF1;3/24/2025 2:38:31 PM;1.70683888888889;200;200;1;20;2.81;0;0;-1;5.71;10;10;10;1;0;2;0;0;0;-0.155;-0.176;0;2.1575;1.9165;0;0;0;22.35;1.4305;917.087772;150.1;0;146.7;1
20250324 50E15 DN 570 DF1;3/24/2025 2:38:36 PM;1.70823055555556;200;200;1;20;3.0585;0;0;-1;5.71;10;10;10;1;0;2;0;0;0;-0.153;-0.1765;0;2.353;1.9165;0;0;0;22.35;1.5575;917.612765;149.6;0;146.7;1
20250324 50E15 DN 570 DF1;3/24/2025 2:38:41 PM;1.70962222222222;200;200;1;20;3.001;0;0;-1;6;10;10;10;1;0;2;0;0;0;-0.1525;-0.176;0;2.375;1.9165;0;0;0;22.365;1.528;918.062759;149.2;0;146.7;1
20250324 50E15 DN 570 DF1;3/24/2025 2:38:46 PM;1.71101388888889;200;200;1;20;2.938;0;0;-1;6;10;10;10;1;0;2;0;0;0;-0.154;-0.1765;0;2.27;1.9165;0;0;0;22.32;1.4965;918.662751;148.6;0;146.7;1
20250324 50E15 DN 570 DF1;3/24/2025 2:38:51 PM;1.71240555555556;200;200;1;20;3.097;0;0;-1;6;10;10;10;1;0;2;0;0;0;-0.153;-0.1765;0;2.4035;1.9165;0;0;0;22.305;1.576;919.187744;148.1;0;146.7;1
20250324 50E15 DN 570 DF1;3/24/2025 2:38:56 PM;1.7138;200;200;1;20;2.8775;0;0;-1;6;10;10;10;1;0;2;0;0;0;-0.1545;-0.1765;0;2.214;1.9165;0;0;0;22.29;1.465;919.562739;147.5;0;146.7;1
20250324 50E15 DN 570 DF1;3/24/2025 2:39:01 PM;1.71519166666667;200;200;1;20;3.2115;0;0;-1;6.29;10;10;10;1;0;2;0;0;0;-0.1525;-0.1765;0;2.494;1.9165;0;0;0;22.275;1.6345;920.162731;147;0;146.7;1
20250324 50E15 DN 570 DF1;3/24/2025 2:39:06 PM;1.71658055555556;200;200;1;20;2.947;0;0;-1;6.29;10;10;10;1;20;2;20;20;0;-0.154;-0.1765;0;2.2765;1.9165;0;0;0;22.275;1.5005;920.687724;146.4;30;146.7;1
20250324 50E15 DN 570 DF1;3/24/2025 2:39:11 PM;1.71797222222222;200;200;1;20;3.0975;0;0;-1;6.29;10;10;10;1;0;2;0;0;0;-0.1535;-0.1765;0;2.4015;1.9165;0;0;0;22.245;1.5765;921.287716;148;0;146.7;1
20250324 50E15 DN 570 DF1;3/24/2025 2:39:16 PM;1.71936388888889;200;200;1;20;3.0475;0;0;-1;6.29;10;10;10;1;0;2;0;0;0;-0.153;-0.176;0;2.368;1.9165;0;0;0;22.23;1.5515;921.887708;150.4;0;146.7;1
20250324 50E15 DN 570 DF1;3/24/2025 2:39:21 PM;1.72075277777778;200;200;1;20;2.949;0;0;-1;6;10;10;10;1;0;2;0;0;0;-0.154;-0.176;0;2.3075;1.9165;0;0;0;22.185;1.501;922.412701;149.9;0;146.7;1
20250324 50E15 DN 570 DF1;3/24/2025 2:39:26 PM;1.72214444444444;200;200;1;20;3.082;0;0;-1;6;10;10;10;1;0;2;0;0;0;-0.1525;-0.1765;0;2.4435;1.9165;0;0;0;22.2;1.5695;923.012693;149.5;0;146.7;1
20250324 50E15 DN 570 DF1;3/24/2025 2:39:31 PM;1.72353333333333;200;200;1;20;2.8685;0;0;-1;6;10;10;10;1;0;2;0;0;0;-0.1545;-0.176;0;2.218;1.9165;0;0;0;22.185;1.4605;923.387688;148.9;0;146.7;1
20250324 50E15 DN 570 DF1;3/24/2025 2:39:36 PM;1.72492777777778;200;200;1;20;2.994;0;0;-1;6;10;10;10;1;0;2;0;0;0;-0.153;-0.1765;0;2.3475;1.9165;0;0;0;22.185;1.5255;923.98768;148.3;0;146.7;1
20250324 50E15 DN 570 DF1;3/24/2025 2:39:41 PM;1.72631944444444;200;200;1;20;3.1375;0;0;-1;5.71;10;10;10;1;0;2;0;0;0;-0.1525;-0.176;0;2.5215;1.9165;0;0;0;22.155;1.5965;924.587672;147.8;0;146.7;1
20250324 50E15 DN 570 DF1;3/24/2025 2:39:46 PM;1.72771111111111;200;200;1;20;2.857;0;0;-1;5.71;10;10;10;1;0;2;0;0;0;-0.154;-0.1765;0;2.1995;1.9165;0;0;0;22.155;1.456;925.112665;147.5;0;146.7;1
20250324 50E15 DN 570 DF1;3/24/2025 2:39:51 PM;1.72910277777778;200;200;1;20;3.146;0;0;-1;5.71;10;10;10;1;0;2;0;0;0;-0.1525;-0.1765;0;2.514;1.9165;0;0;0;22.155;1.6015;925.562659;146.9;0;146.7;1
20250324 50E15 DN 570 DF1;3/24/2025 2:39:56 PM;1.73049444444444;200;200;1;20;3.01;0;0;-1;5.71;10;10;10;1;20;2;20;20;0;-0.154;-0.176;0;2.373;1.9165;0;0;0;22.155;1.531;926.087652;146.4;30;146.7;1
20250324 50E15 DN 570 DF1;3/24/2025 2:40:01 PM;1.73188333333333;200;200;1;20;3.01;0;0;-1;5.71;10;10;10;1;20;2;20;20;0;-0.154;-0.176;0;2.373;1.9165;0;0;0;22.155;1.531;926.087652;146.4;30;146.7;1
20250324 50E15 DN 570 DF1;3/24/2025 2:40:06 PM;1.733275;200;200;1;20;3.164;0;0;-1;5.71;10;10;10;1;0;2;0;0;0;-0.1525;-0.1765;0;2.457;1.9165;0;0;0;22.14;1.611;926.462647;148.2;0;146.7;1
20250324 50E15 DN 570 DF1;3/24/2025 2:40:11 PM;1.73466666666667;200;200;1;20;2.871;0;0;-1;5.71;10;10;10;1;0;2;0;0;0;-0.154;-0.176;0;2.215;1.9165;0;0;0;22.125;1.4615;927.212637;151.6;0;146.7;1
20250324 50E15 DN 570 DF1;3/24/2025 2:40:16 PM;1.73605833333333;200;200;1;20;2.9525;0;0;-1;5.71;10;10;10;1;0;2;0;0;0;-0.1535;-0.177;0;2.322;1.9165;0;0;0;22.14;1.5045;927.662631;151.1;0;146.7;1
20250324 50E15 DN 570 DF1;3/24/2025 2:40:21 PM;1.73745;200;200;1;20;2.9165;0;0;-1;5.71;10;10;10;1;0;2;0;0;0;-0.1535;-0.1765;0;2.258;1.9165;0;0;0;22.125;1.4855;928.112625;150.7;0;146.7;1
20250324 50E15 DN 570 DF1;3/24/2025 2:40:26 PM;1.73884166666667;200;200;1;20;2.826;0;0;-1;6.29;10;10;10;1;0;2;0;0;0;-0.154;-0.176;0;2.2145;1.9165;0;0;0;22.125;1.4395;928.787616;150.2;0;146.7;1
20250324 50E15 DN 570 DF1;3/24/2025 2:40:31 PM;1.74023333333333;200;200;1;20;3.138;0;0;-1;6.29;10;10;10;1;0;2;0;0;0;-0.152;-0.176;0;2.44;1.9165;0;0;0;22.125;1.598;929.162611;149.7;0;146.7;1
20250324 50E15 DN 570 DF1;3/24/2025 2:40:36 PM;1.741625;200;200;1;20;2.5665;0;0;-1;6.29;10;10;10;1;0;2;0;0;0;-0.1545;-0.1765;0;2.023;1.9165;0;0;0;22.14;1.3095;929.762603;149.1;0;146.7;1
20250324 50E15 DN 570 DF1;3/24/2025 2:40:41 PM;1.74301666666667;200;200;1;20;2.942;0;0;-1;6.29;10;10;10;1;0;2;0;0;0;-0.153;-0.1765;0;2.273;1.9165;0;0;0;22.125;1.499;930.362595;148.7;0;146.7;1
20250324 50E15 DN 570 DF1;3/24/2025 2:40:46 PM;1.74440833333333;200;200;1;20;2.6725;0;0;-1;6;10;10;10;1;0;2;0;0;0;-0.1545;-0.1765;0;2.1315;1.9165;0;0;0;22.14;1.3625;930.887588;148;0;146.7;1
20250324 50E15 DN 570 DF1;3/24/2025 2:40:51 PM;1.74579722222222;200;200;1;20;2.881;0;0;-1;6;10;10;10;1;0;2;0;0;0;-0.154;-0.177;0;2.22;1.9165;0;0;0;22.14;1.468;931.412581;147.4;0;146.7;1
20250324 50E15 DN 570 DF1;3/24/2025 2:40:56 PM;1.74718888888889;200;200;1;20;3.0905;0;0;-1;6;10;10;10;1;0;2;0;0;0;-0.1525;-0.176;0;2.4685;1.9165;0;0;0;22.125;1.573;931.862575;146.9;0;146.7;1
20250324 50E15 DN 570 DF1;3/24/2025 2:41:01 PM;1.74857777777778;200;200;1;20;2.8465;0;0;-1;6;10;10;10;1;30;2;30;30;0;-0.1545;-0.176;0;2.1855;1.9165;0;0;0;22.11;1.4495;932.612565;146.3;40;146.7;1
20250324 50E15 DN 570 DF1;3/24/2025 2:41:06 PM;1.74996944444444;200;200;1;20;2.8905;0;0;-1;6.29;10;10;10;1;0;2;0;0;0;-0.153;-0.1765;0;2.282;1.9165;0;0;0;22.125;1.4735;933.062559;148.5;0;146.7;1
20250324 50E15 DN 570 DF1;3/24/2025 2:41:11 PM;1.75136111111111;200;200;1;20;2.6805;0;0;-1;6.29;10;10;10;1;0;2;0;0;0;-0.1545;-0.1765;0;2.054;1.9165;0;0;0;22.125;1.3665;933.587552;150.6;0;146.7;1
20250324 50E15 DN 570 DF1;3/24/2025 2:41:16 PM;1.75275277777778;200;200;1;20;3.1185;0;0;-1;6.29;10;10;10;1;0;2;0;0;0;-0.153;-0.1765;0;2.4;1.9165;0;0;0;22.14;1.5875;934.187544;150.1;0;146.7;1
20250324 50E15 DN 570 DF1;3/24/2025 2:41:21 PM;1.75414166666667;200;200;1;20;3.065;0;0;-1;6.29;10;10;10;1;0;2;0;0;0;-0.153;-0.176;0;2.3825;1.9165;0;0;0;22.125;1.56;934.562539;149.6;0;146.7;1
20250324 50E15 DN 570 DF1;3/24/2025 2:41:26 PM;1.75553333333333;200;200;1;20;3.065;0;0;-1;6.29;10;10;10;1;0;2;0;0;0;-0.153;-0.176;0;2.3825;1.9165;0;0;0;22.125;1.56;934.562539;149.6;0;146.7;1
20250324 50E15 DN 570 DF1;3/24/2025 2:41:31 PM;1.75692222222222;200;200;1;20;2.8165;0;0;-1;6;10;10;10;1;0;2;0;0;0;-0.1545;-0.1765;0;2.162;1.9165;0;0;0;22.125;1.435;935.162531;149.1;0;146.7;1
20250324 50E15 DN 570 DF1;3/24/2025 2:41:36 PM;1.75831388888889;200;200;1;20;3.1745;0;0;-1;6;10;10;10;1;0;2;0;0;0;-0.1525;-0.1765;0;2.481;1.9165;0;0;0;22.125;1.616;935.687524;148.5;0;146.7;1
20250324 50E15 DN 570 DF1;3/24/2025 2:41:41 PM;1.75970277777778;200;200;1;20;2.932;0;0;-1;6;10;10;10;1;0;2;0;0;0;-0.154;-0.1755;0;2.313;1.9165;0;0;0;22.14;1.492;936.287516;148;0;146.7;1
20250324 50E15 DN 570 DF1;3/24/2025 2:41:46 PM;1.76109444444444;200;200;1;20;2.983;0;0;-1;6;10;10;10;1;0;2;0;0;0;-0.153;-0.1765;0;2.29;1.9165;0;0;0;22.125;1.5195;936.812509;147.4;0;146.7;1
20250324 50E15 DN 570 DF1;3/24/2025 2:41:51 PM;1.76248611111111;200;200;1;20;2.836;0;0;-1;5.71;10;10;10;1;0;2;0;0;0;-0.1535;-0.1765;0;2.238;1.9165;0;0;0;22.125;1.4455;937.4875;146.8;0;146.7;1
20250324 50E15 DN 570 DF1;3/24/2025 2:41:56 PM;1.76387777777778;200;200;1;20;3.0125;0;0;-1;5.71;10;10;10;1;30;2;30;30;0;-0.1535;-0.176;0;2.369;1.9165;0;0;0;22.14;1.5335;937.937494;146.3;40;146.7;1
20250324 50E15 DN 570 DF1;3/24/2025 2:42:01 PM;1.76526944444444;200;200;1;20;3.3725;0;0;-1;5.71;10;10;10;1;0;2;0;0;0;-0.1515;-0.176;0;2.6595;1.9165;0;0;0;22.17;1.7155;938.537486;149.1;0;146.7;1
20250324 50E15 DN 570 DF1;3/24/2025 2:42:06 PM;1.76666111111111;200;200;1;20;2.791;0;0;-1;5.71;10;10;10;1;0;2;0;0;0;-0.154;-0.1765;0;2.1855;1.9165;0;0;0;22.155;1.422;938.912481;150.9;0;146.7;1
20250324 50E15 DN 570 DF1;3/24/2025 2:42:11 PM;1.76805;200;200;1;20;3.1075;0;0;-1;6;10;10;10;1;0;2;0;0;0;-0.1525;-0.1765;0;2.41;1.9165;0;0;0;22.14;1.583;939.587472;150.3;0;146.7;1
20250324 50E15 DN 570 DF1;3/24/2025 2:42:16 PM;1.76944166666667;200;200;1;20;2.564;0;0;-1;6;10;10;10;1;0;2;0;0;0;-0.155;-0.1765;0;1.954;1.9165;0;0;0;22.14;1.3085;940.112465;149.8;0;146.7;1
20250324 50E15 DN 570 DF1;3/24/2025 2:42:21 PM;1.77083333333333;200;200;1;20;2.9225;0;0;-1;6;10;10;10;1;0;2;0;0;0;-0.1525;-0.1765;0;2.297;1.9165;0;0;0;22.14;1.49;940.637458;149.2;0;146.7;1
20250324 50E15 DN 570 DF1;3/24/2025 2:42:26 PM;1.77222777777778;200;200;1;20;2.9925;0;0;-1;6;10;10;10;1;0;2;0;0;0;-0.153;-0.176;0;2.358;1.9165;0;0;0;22.155;1.524;941.23745;148.6;0;146.7;1
20250324 50E15 DN 570 DF1;3/24/2025 2:42:31 PM;1.77361666666667;200;200;1;20;2.743;0;0;-1;6.57;10;10;10;1;0;2;0;0;0;-0.154;-0.1765;0;2.133;1.9165;0;0;0;22.17;1.399;941.612445;148.1;0;146.7;1
20250324 50E15 DN 570 DF1;3/24/2025 2:42:36 PM;1.77500833333333;200;200;1;20;3.4265;0;0;-1;6.57;10;10;10;1;0;2;0;0;0;-0.151;-0.176;0;2.735;1.9165;0;0;0;22.155;1.7425;942.212437;147.7;0;146.7;1
20250324 50E15 DN 570 DF1;3/24/2025 2:42:41 PM;1.77639722222222;200;200;1;20;2.7815;0;0;-1;6.57;10;10;10;1;0;2;0;0;0;-0.154;-0.1765;0;2.1965;1.9165;0;0;0;22.185;1.4175;942.812429;147;0;146.7;1
20250324 50E15 DN 570 DF1;3/24/2025 2:42:46 PM;1.77779166666667;200;200;1;20;3.023;0;0;-1;6.57;10;10;10;1;0;2;0;0;0;-0.1525;-0.176;0;2.389;1.9165;0;0;0;22.17;1.54;943.337422;146.6;10;146.7;1
20250324 50E15 DN 570 DF1;3/24/2025 2:42:51 PM;1.77918333333333;200;200;1;20;2.6535;0;0;-1;6;10;10;10;1;90;2;90;90;0;-0.154;-0.176;0;2.1165;1.9165;0;0;0;22.185;1.3535;943.787416;146.2;50;146.7;1
20250324 50E15 DN 570 DF1;3/24/2025 2:42:56 PM;1.780575;200;200;1;20;2.6535;0;0;-1;6;10;10;10;1;90;2;90;90;0;-0.154;-0.176;0;2.1165;1.9165;0;0;0;22.185;1.3535;943.787416;146.2;50;146.7;1
20250324 50E15 DN 570 DF1;3/24/2025 2:43:02 PM;1.78196666666667;200;200;1;20;3.013;0;0;-1;6;10;10;10;1;0;2;0;0;0;-0.1535;-0.1765;0;2.33;1.9165;0;0;0;22.155;1.534;944.387408;152.3;0;146.7;1
20250324 50E15 DN 570 DF1;3/24/2025 2:43:07 PM;1.78335555555556;200;200;1;20;3.132;0;0;-1;6;10;10;10;1;0;2;0;0;0;-0.1525;-0.176;0;2.5055;1.9165;0;0;0;22.185;1.594;944.912401;152;0;146.7;1
20250324 50E15 DN 570 DF1;3/24/2025 2:43:12 PM;1.78475;200;200;1;20;2.9595;0;0;-1;6;10;10;10;1;0;2;0;0;0;-0.1535;-0.176;0;2.2825;1.9165;0;0;0;22.185;1.5065;945.437394;151.5;0;146.7;1
20250324 50E15 DN 570 DF1;3/24/2025 2:43:17 PM;1.78613888888889;200;200;1;20;2.9975;0;0;-1;6;10;10;10;1;0;2;0;0;0;-0.1525;-0.1765;0;2.318;1.9165;0;0;0;22.2;1.528;946.112385;150.9;0;146.7;1
20250324 50E15 DN 570 DF1;3/24/2025 2:43:22 PM;1.78753055555556;200;200;1;20;3.121;0;0;-1;6;10;10;10;1;0;2;0;0;0;-0.1535;-0.176;0;2.421;1.9165;0;0;0;22.185;1.5875;946.637378;150.3;0;146.7;1
20250324 50E15 DN 570 DF1;3/24/2025 2:43:27 PM;1.788925;200;200;1;20;3.171;0;0;-1;6;10;10;10;1;0;2;0;0;0;-0.153;-0.176;0;2.4635;1.9165;0;0;0;22.185;1.614;947.087372;149.8;0;146.7;1
20250324 50E15 DN 570 DF1;3/24/2025 2:43:32 PM;1.79031944444444;200;200;1;20;2.9845;0;0;-1;6;10;10;10;1;0;2;0;0;0;-0.154;-0.1765;0;2.3145;1.9165;0;0;0;22.2;1.519;947.612365;149.4;0;146.7;1
20250324 50E15 DN 570 DF1;3/24/2025 2:43:37 PM;1.79171111111111;200;200;1;20;2.9505;0;0;-1;6.29;10;10;10;1;0;2;0;0;0;-0.1535;-0.176;0;2.305;1.9165;0;0;0;22.23;1.5025;948.212357;148.7;0;146.7;1
20250324 50E15 DN 570 DF1;3/24/2025 2:43:42 PM;1.79310277777778;200;200;1;20;3.2665;0;0;-1;6.29;10;10;10;1;0;2;0;0;0;-0.152;-0.1765;0;2.547;1.9165;0;0;0;22.215;1.6625;948.587352;148.2;0;146.7;1
20250324 50E15 DN 570 DF1;3/24/2025 2:43:47 PM;1.79449722222222;200;200;1;20;2.8915;0;0;-1;6.29;10;10;10;1;0;2;0;0;0;-0.1535;-0.176;0;2.287;1.9165;0;0;0;22.215;1.4725;949.187344;147.8;0;146.7;1
20250324 50E15 DN 570 DF1;3/24/2025 2:43:52 PM;1.79588888888889;200;200;1;20;3.272;0;0;-1;5.71;10;10;10;1;0;2;0;0;0;-0.1525;-0.1765;0;2.5465;1.9165;0;0;0;22.23;1.665;949.712337;147.2;0;146.7;1
20250324 50E15 DN 570 DF1;3/24/2025 2:43:57 PM;1.79728055555556;200;200;1;20;3.055;0;0;-1;5.71;10;10;10;1;0;2;0;0;0;-0.153;-0.176;0;2.4225;1.9165;0;0;0;22.26;1.5545;950.312329;146.6;10;146.7;1
20250324 50E15 DN 570 DF1;3/24/2025 2:44:02 PM;1.79867222222222;200;200;1;20;3.1085;0;0;-1;5.71;10;10;10;1;40;2;40;40;0;-0.153;-0.176;0;2.419;1.9165;0;0;0;22.23;1.582;950.837322;146.2;50;146.7;1
20250324 50E15 DN 570 DF1;3/24/2025 2:44:07 PM;1.80006388888889;200;200;1;20;3.25;0;0;-1;5.71;10;10;10;1;0;2;0;0;0;-0.1515;-0.176;0;2.5355;1.9165;0;0;0;22.245;1.6545;951.437314;150.4;0;146.7;1
20250324 50E15 DN 570 DF1;3/24/2025 2:44:12 PM;1.80145555555556;200;200;1;20;2.9275;0;0;-1;6.29;10;10;10;1;0;2;0;0;0;-0.154;-0.176;0;2.2535;1.9165;0;0;0;22.26;1.49;951.887308;150;0;146.7;1
20250324 50E15 DN 570 DF1;3/24/2025 2:44:17 PM;1.80284722222222;200;200;1;20;3.289;0;0;-1;6.29;10;10;10;1;0;2;0;0;0;-0.152;-0.1765;0;2.5555;1.9165;0;0;0;22.26;1.674;952.4873;149.4;0;146.7;1
20250324 50E15 DN 570 DF1;3/24/2025 2:44:22 PM;1.80423611111111;200;200;1;20;2.961;0;0;-1;6.29;10;10;10;1;0;2;0;0;0;-0.153;-0.176;0;2.2875;1.9165;0;0;0;22.26;1.5085;953.087292;148.8;0;146.7;1
20250324 50E15 DN 570 DF1;3/24/2025 2:44:27 PM;1.80562777777778;200;200;1;20;2.961;0;0;-1;6.29;10;10;10;1;0;2;0;0;0;-0.153;-0.176;0;2.2875;1.9165;0;0;0;22.26;1.5085;953.087292;148.8;0;146.7;1
20250324 50E15 DN 570 DF1;3/24/2025 2:44:32 PM;1.80701666666667;200;200;1;20;3.07;0;0;-1;6.29;10;10;10;1;0;2;0;0;0;-0.153;-0.1765;0;2.361;1.9165;0;0;0;22.29;1.5635;953.612285;148.4;0;146.7;1
20250324 50E15 DN 570 DF1;3/24/2025 2:44:37 PM;1.80841111111111;200;200;1;20;2.903;0;0;-1;6.29;10;10;10;1;0;2;0;0;0;-0.1535;-0.1765;0;2.2865;1.9165;0;0;0;22.29;1.479;954.137278;147.8;0;146.7;1
20250324 50E15 DN 570 DF1;3/24/2025 2:44:42 PM;1.80980277777778;200;200;1;20;3.002;0;0;-1;6.29;10;10;10;1;0;2;0;0;0;-0.1535;-0.1765;0;2.3015;1.9165;0;0;0;22.29;1.5285;954.587272;147.4;0;146.7;1
20250324 50E15 DN 570 DF1;3/24/2025 2:44:47 PM;1.81119444444444;200;200;1;20;3.1175;0;0;-1;6.29;10;10;10;1;0;2;0;0;0;-0.1525;-0.1765;0;2.4725;1.9165;0;0;0;22.32;1.5875;955.337262;146.8;0;146.7;1
20250324 50E15 DN 570 DF1;3/24/2025 2:44:52 PM;1.81258333333333;200;200;1;20;2.996;0;0;-1;6.29;10;10;10;1;30;2;30;30;0;-0.153;-0.176;0;2.3795;1.9165;0;0;0;22.32;1.5255;955.712257;146;70;146.7;1
20250324 50E15 DN 570 DF1;3/24/2025 2:44:57 PM;1.813975;200;200;1;20;3.1835;0;0;-1;6;10;10;10;1;0;2;0;0;0;-0.1515;-0.1765;0;2.525;1.9165;0;0;0;22.35;1.6215;956.23725;150.2;0;146.7;1
20250324 50E15 DN 570 DF1;3/24/2025 2:45:02 PM;1.81536666666667;200;200;1;20;3.018;0;0;-1;6;10;10;10;1;0;2;0;0;0;-0.1535;-0.1765;0;2.344;1.9165;0;0;0;22.365;1.5365;956.837242;149.5;0;146.7;1
20250324 50E15 DN 570 DF1;3/24/2025 2:45:07 PM;1.81675555555556;200;200;1;20;2.96;0;0;-1;6;10;10;10;1;0;2;0;0;0;-0.1535;-0.1765;0;2.2885;1.9165;0;0;0;22.38;1.508;957.437234;148.9;0;146.7;1
20250324 50E15 DN 570 DF1;3/24/2025 2:45:12 PM;1.81814444444444;200;200;1;20;2.9355;0;0;-1;6;10;10;10;1;0;2;0;0;0;-0.1525;-0.1765;0;2.272;1.9165;0;0;0;22.38;1.4965;957.812229;148.5;0;146.7;1
20250324 50E15 DN 570 DF1;3/24/2025 2:45:17 PM;1.81953888888889;200;200;1;20;2.895;0;0;-1;6.29;10;10;10;1;0;2;0;0;0;-0.154;-0.1765;0;2.226;1.9165;0;0;0;22.395;1.4745;958.48722;147.9;0;146.7;1
20250324 50E15 DN 570 DF1;3/24/2025 2:45:22 PM;1.82093055555556;200;200;1;20;3.191;0;0;-1;6.29;10;10;10;1;0;2;0;0;0;-0.152;-0.1765;0;2.48;1.9165;0;0;0;22.395;1.625;959.012213;147.4;0;146.7;1
20250324 50E15 DN 570 DF1;3/24/2025 2:45:27 PM;1.82232222222222;200;200;1;20;2.789;0;0;-1;6.29;10;10;10;1;0;2;0;0;0;-0.1545;-0.1765;0;2.1425;1.9165;0;0;0;22.38;1.421;959.537206;146.9;0;146.7;1
20250324 50E15 DN 570 DF1;3/24/2025 2:45:32 PM;1.82371388888889;200;200;1;20;3.141;0;0;-1;6.29;10;10;10;1;30;2;30;20;0;-0.1525;-0.176;0;2.439;1.9165;0;0;0;22.41;1.5995;960.137198;146.4;30;146.7;1
20250324 50E15 DN 570 DF1;3/24/2025 2:45:37 PM;1.82510555555556;200;200;1;20;2.8695;0;0;-1;6;10;10;10;1;0;2;0;0;0;-0.153;-0.1765;0;2.302;1.9165;0;0;0;22.425;1.4625;960.73719;148.1;0;146.7;1
20250324 50E15 DN 570 DF1;3/24/2025 2:45:42 PM;1.8265;200;200;1;20;2.941;0;0;-1;6;10;10;10;1;0;2;0;0;0;-0.1535;-0.1765;0;2.2945;1.9165;0;0;0;22.425;1.4985;961.337182;148.5;0;146.7;1
20250324 50E15 DN 570 DF1;3/24/2025 2:45:47 PM;1.82788888888889;200;200;1;20;3.253;0;0;-1;6;10;10;10;1;0;2;0;0;0;-0.152;-0.1765;0;2.5935;1.9165;0;0;0;22.455;1.656;961.712177;148;0;146.7;1
20250324 50E15 DN 570 DF1;3/24/2025 2:45:52 PM;1.82928333333333;200;200;1;20;3.253;0;0;-1;6;10;10;10;1;0;2;0;0;0;-0.152;-0.1765;0;2.5935;1.9165;0;0;0;22.455;1.656;961.712177;148;0;146.7;1
20250324 50E15 DN 570 DF1;3/24/2025 2:45:57 PM;1.83067222222222;200;200;1;20;2.7685;0;0;-1;6;10;10;10;1;0;2;0;0;0;-0.154;-0.1765;0;2.1815;1.9165;0;0;0;22.47;1.411;962.23717;147.4;0;146.7;1
20250324 50E15 DN 570 DF1;3/24/2025 2:46:02 PM;1.83206388888889;200;200;1;20;3.2105;0;0;-1;6.29;10;10;10;1;0;2;0;0;0;-0.152;-0.177;0;2.534;1.9165;0;0;0;22.47;1.6345;962.837162;146.9;0;146.7;1
20250324 50E15 DN 570 DF1;3/24/2025 2:46:07 PM;1.83345277777778;200;200;1;20;2.872;0;0;-1;6.29;10;10;10;1;20;2;20;20;0;-0.154;-0.176;0;2.298;1.9165;0;0;0;22.485;1.4625;963.287156;146.4;30;146.7;1
20250324 50E15 DN 570 DF1;3/24/2025 2:46:12 PM;1.83484722222222;200;200;1;20;3.0575;0;0;-1;6.29;10;10;10;1;0;2;0;0;0;-0.153;-0.1765;0;2.3715;1.9165;0;0;0;22.47;1.5565;963.812149;149.9;0;146.7;1
20250324 50E15 DN 570 DF1;3/24/2025 2:46:17 PM;1.83623888888889;200;200;1;20;3.162;0;0;-1;6.29;10;10;10;1;0;2;0;0;0;-0.1525;-0.1765;0;2.5345;1.9165;0;0;0;22.485;1.6095;964.412141;151.9;0;146.7;1
20250324 50E15 DN 570 DF1;3/24/2025 2:46:22 PM;1.83763055555556;200;200;1;20;2.767;0;0;-1;5.71;10;10;10;1;0;2;0;0;0;-0.154;-0.1765;0;2.1185;1.9165;0;0;0;22.515;1.4105;964.937134;151.3;0;146.7;1
20250324 50E15 DN 570 DF1;3/24/2025 2:46:27 PM;1.83902222222222;200;200;1;20;3.3695;0;0;-1;5.71;10;10;10;1;0;2;0;0;0;-0.1515;-0.1765;0;2.6285;1.9165;0;0;0;22.515;1.715;965.387128;150.9;0;146.7;1
20250324 50E15 DN 570 DF1;3/24/2025 2:46:32 PM;1.84041666666667;200;200;1;20;2.793;0;0;-1;5.71;10;10;10;1;0;2;0;0;0;-0.154;-0.1765;0;2.145;1.9165;0;0;0;22.515;1.4235;965.98712;150.3;0;146.7;1
20250324 50E15 DN 570 DF1;3/24/2025 2:46:37 PM;1.84180555555556;200;200;1;20;3.08;0;0;-1;5.71;10;10;10;1;0;2;0;0;0;-0.1525;-0.1765;0;2.4325;1.9165;0;0;0;22.515;1.5695;966.512113;149.8;0;146.7;1
20250324 50E15 DN 570 DF1;3/24/2025 2:46:42 PM;1.84319722222222;200;200;1;20;3.084;0;0;-1;6.57;10;10;10;1;0;2;0;0;0;-0.1525;-0.1765;0;2.398;1.9165;0;0;0;22.53;1.5705;967.037106;149.2;0;146.7;1
20250324 50E15 DN 570 DF1;3/24/2025 2:46:47 PM;1.84459166666667;200;200;1;20;3.0155;0;0;-1;6.57;10;10;10;1;0;2;0;0;0;-0.1535;-0.176;0;2.358;1.9165;0;0;0;22.515;1.535;967.637098;148.7;0;146.7;1
20250324 50E15 DN 570 DF1;3/24/2025 2:46:52 PM;1.84598055555556;200;200;1;20;3.0305;0;0;-1;6.57;10;10;10;1;0;2;0;0;0;-0.152;-0.1765;0;2.399;1.9165;0;0;0;22.545;1.544;968.087092;148.2;0;146.7;1
20250324 50E15 DN 570 DF1;3/24/2025 2:46:57 PM;1.84737222222222;200;200;1;20;2.784;0;0;-1;6.57;10;10;10;1;0;2;0;0;0;-0.154;-0.177;0;2.1335;1.9165;0;0;0;22.56;1.4195;968.687084;147.6;0;146.7;1
20250324 50E15 DN 570 DF1;3/24/2025 2:47:02 PM;1.84876388888889;200;200;1;20;2.943;0;0;-1;5.71;10;10;10;1;0;2;0;0;0;-0.152;-0.1765;0;2.325;1.9165;0;0;0;22.59;1.5005;969.287076;147;0;146.7;1
20250324 50E15 DN 570 DF1;3/24/2025 2:47:07 PM;1.85015555555556;200;200;1;20;3.0315;0;0;-1;5.71;10;10;10;1;0;2;0;0;0;-0.153;-0.176;0;2.383;1.9165;0;0;0;22.56;1.5435;969.812069;146.6;10;146.7;1
20250324 50E15 DN 570 DF1;3/24/2025 2:47:12 PM;1.85154444444444;200;200;1;20;3.102;0;0;-1;5.71;10;10;10;1;0;2;0;100;0;-0.153;-0.176;0;2.407;1.9165;0;0;0;22.59;1.579;970.412061;147.2;0;146.7;1
20250324 50E15 DN 570 DF1;3/24/2025 2:47:17 PM;1.85293611111111;200;200;1;20;3.2125;0;0;-1;5.71;10;10;10;1;0;2;0;0;0;-0.152;-0.1765;0;2.5295;1.9165;0;0;0;22.56;1.6355;970.937054;151.1;0;146.7;1
20250324 50E15 DN 570 DF1;3/24/2025 2:47:22 PM;1.85432777777778;200;200;1;20;3.2125;0;0;-1;5.71;10;10;10;1;0;2;0;0;0;-0.152;-0.1765;0;2.5295;1.9165;0;0;0;22.56;1.6355;970.937054;151.1;0;146.7;1
20250324 50E15 DN 570 DF1;3/24/2025 2:47:27 PM;1.85571666666667;200;200;1;20;2.845;0;0;-1;6.29;10;10;10;1;0;2;0;0;0;-0.1545;-0.1765;0;2.183;1.9165;0;0;0;22.56;1.449;971.387048;150.5;0;146.7;1
20250324 50E15 DN 570 DF1;3/24/2025 2:47:32 PM;1.85710833333333;200;200;1;20;3.384;0;0;-1;6.29;10;10;10;1;0;2;0;0;0;-0.151;-0.1765;0;2.6425;1.9165;0;0;0;22.575;1.723;971.912041;150.1;0;146.7;1
20250324 50E15 DN 570 DF1;3/24/2025 2:47:37 PM;1.8585;200;200;1;20;2.672;0;0;-1;6.29;10;10;10;1;0;2;0;0;0;-0.1535;-0.1765;0;2.1235;1.9165;0;0;0;22.59;1.3635;972.512033;149.6;0;146.7;1
20250324 50E15 DN 570 DF1;3/24/2025 2:47:42 PM;1.85989166666667;200;200;1;20;3.0625;0;0;-1;6.29;10;10;10;1;0;2;0;0;0;-0.1525;-0.1765;0;2.3975;1.9165;0;0;0;22.575;1.5605;973.112025;149;0;146.7;1
20250324 50E15 DN 570 DF1;3/24/2025 2:47:47 PM;1.86128333333333;200;200;1;20;3.2695;0;0;-1;6;10;10;10;1;0;2;0;0;0;-0.1515;-0.176;0;2.6335;1.9165;0;0;0;22.575;1.6635;973.48702;148.4;0;146.7;1
20250324 50E15 DN 570 DF1;3/24/2025 2:47:52 PM;1.86267777777778;200;200;1;20;2.946;0;0;-1;6;10;10;10;1;0;2;0;0;0;-0.1535;-0.1765;0;2.2695;1.9165;0;0;0;22.59;1.5005;974.23701;147.9;0;146.7;1
20250324 50E15 DN 570 DF1;3/24/2025 2:47:57 PM;1.86406944444444;200;200;1;20;3.28;0;0;-1;6;10;10;10;1;0;2;0;0;0;-0.152;-0.1765;0;2.558;1.9165;0;0;0;22.605;1.6695;974.612005;147.4;0;146.7;1
20250324 50E15 DN 570 DF1;3/24/2025 2:48:02 PM;1.86545833333333;200;200;1;20;3.049;0;0;-1;6;10;10;10;1;0;2;0;0;0;-0.1535;-0.176;0;2.418;1.9165;0;0;0;22.59;1.5515;975.211997;146.9;0;146.7;1
20250324 50E15 DN 570 DF1;3/24/2025 2:48:07 PM;1.86685277777778;200;200;1;20;3.2415;0;0;-1;6.29;10;10;10;1;30;2;30;20;0;-0.1515;-0.177;0;2.562;1.9165;0;0;0;22.575;1.651;975.811989;146.3;40;146.7;1
20250324 50E15 DN 570 DF1;3/24/2025 2:48:12 PM;1.86824166666667;200;200;1;20;3.264;0;0;-1;6.29;10;10;10;1;0;2;0;0;0;-0.1525;-0.176;0;2.5485;1.9165;0;0;0;22.59;1.66;976.411981;149.3;0;146.7;1
20250324 50E15 DN 570 DF1;3/24/2025 2:48:17 PM;1.86963333333333;200;200;1;20;2.9855;0;0;-1;6.29;10;10;10;1;0;2;0;0;0;-0.153;-0.177;0;2.3105;1.9165;0;0;0;22.575;1.521;976.786976;151;0;146.7;1
20250324 50E15 DN 570 DF1;3/24/2025 2:48:22 PM;1.871025;200;200;1;20;3.155;0;0;-1;6.29;10;10;10;1;0;2;0;0;0;-0.1525;-0.1765;0;2.4555;1.9165;0;0;0;22.545;1.606;977.386968;150.4;0;146.7;1
20250324 50E15 DN 570 DF1;3/24/2025 2:48:27 PM;1.87241666666667;200;200;1;20;3.0695;0;0;-1;6;10;10;10;1;0;2;0;0;0;-0.1535;-0.1765;0;2.3705;1.9165;0;0;0;22.56;1.562;977.911961;149.9;0;146.7;1
20250324 50E15 DN 570 DF1;3/24/2025 2:48:32 PM;1.87380833333333;200;200;1;20;3.274;0;0;-1;6;10;10;10;1;0;2;0;0;0;-0.152;-0.1765;0;2.548;1.9165;0;0;0;22.545;1.6665;978.511953;149.4;0;146.7;1
20250324 50E15 DN 570 DF1;3/24/2025 2:48:37 PM;1.87519722222222;200;200;1;20;2.8335;0;0;-1;6;10;10;10;1;0;2;0;0;0;-0.154;-0.1765;0;2.1775;1.9165;0;0;0;22.53;1.4435;978.886948;148.9;0;146.7;1
20250324 50E15 DN 570 DF1;3/24/2025 2:48:42 PM;1.87658888888889;200;200;1;20;3.268;0;0;-1;6;10;10;10;1;0;2;0;0;0;-0.1525;-0.1765;0;2.5435;1.9165;0;0;0;22.515;1.6625;979.636938;148.3;0;146.7;1
20250324 50E15 DN 570 DF1;3/24/2025 2:48:47 PM;1.87798055555556;200;200;1;20;3.268;0;0;-1;6;10;10;10;1;0;2;0;0;0;-0.1525;-0.1765;0;2.5435;1.9165;0;0;0;22.515;1.6625;979.636938;148.3;0;146.7;1
20250324 50E15 DN 570 DF1;3/24/2025 2:48:52 PM;1.87937222222222;200;200;1;20;3.07;0;0;-1;6.29;10;0;0;0;0;0;0;0;0;-0.1535;-0.1765;0;2.3415;1.9165;0;0;0;22.53;1.5625;980.011933;147.8;0;146.7;0
20250324 50E15 DN 570 DF1;3/24/2025 2:48:57 PM;1.88076666666667;200;200;1;20;0.118;0;0;-1;6.29;10;0;0;0;0;0;0;0;0;-0.164;-0.1775;0;-0.075;1.9165;0;0;0;22.515;0.075;980.311929;148.3;0;146.7;1
20250324 50E15 DN 570 DF1;3/24/2025 2:49:02 PM;1.88215833333333;200;200;1;20;0;0;0;-1;6.29;10;0;0;0;0;2;0;0;0;-0.164;-0.1775;0;-0.165;1.9165;0;0;0;22.515;0.0165000000000002;980.311929;148.6;0;146.7;1
20250324 50E15 DN 570 DF1;3/24/2025 2:49:07 PM;1.88354722222222;200;200;1;20;1.2525;0;0;-1;6.29;8;8;8;1;0;2;0;0;0;-0.1585;-0.1765;0;0.9985;1.9165;0;0;0;22.5;0.6475;980.311929;148.2;0;146.7;1
20250324 50E15 DN 570 DF1;3/24/2025 2:49:12 PM;1.88494166666667;200;200;1;20;2.521;0;0;-1;2;8;8;8;1;0;2;0;0;0;-0.1555;-0.176;0;1.942;1.9165;0;0;0;22.5;1.2855;980.686924;147.2;0;146.7;1
20250324 50E15 DN 570 DF1;3/24/2025 2:49:17 PM;1.88633055555556;200;200;1;20;2.626;0;0;-1;2;8;8;8;1;0;2;0;0;0;-0.1555;-0.1765;0;2.039;1.9165;0;0;0;22.485;1.3385;981.211917;146.7;0;146.7;1
20250324 50E15 DN 570 DF1;3/24/2025 2:49:22 PM;1.887725;200;200;1;20;2.545;0;0;-1;2;8;8;8;1;20;2;20;20;0;-0.155;-0.1765;0;1.9525;1.9165;0;0;0;22.485;1.2985;981.586912;146.2;50;146.7;1
20250324 50E15 DN 570 DF1;3/24/2025 2:49:27 PM;1.88911666666667;200;200;1;20;2.644;0;0;-1;2;8;8;8;1;0;2;0;0;0;-0.1545;-0.176;0;2.0435;1.9165;0;0;0;22.485;1.3475;982.036906;149.5;0;146.7;1
20250324 50E15 DN 570 DF1;3/24/2025 2:49:32 PM;1.89050555555556;200;200;1;20;2.6715;0;0;-1;5.14;8;8;8;1;0;2;0;0;0;-0.155;-0.176;0;2.089;1.9165;0;0;0;22.485;1.361;982.4869;149.3;0;146.7;1
20250324 50E15 DN 570 DF1;3/24/2025 2:49:37 PM;1.8919;200;200;1;20;2.6;0;0;-1;5.14;8;8;8;1;0;2;0;0;0;-0.1555;-0.177;0;2.0115;1.9165;0;0;0;22.47;1.3255;983.011893;148.9;0;146.7;1
20250324 50E15 DN 570 DF1;3/24/2025 2:49:42 PM;1.89328888888889;200;200;1;20;2.6685;0;0;-1;5.14;8;8;8;1;0;2;0;0;0;-0.155;-0.176;0;2.075;1.9165;0;0;0;22.455;1.36;983.386888;148.5;0;146.7;1
20250324 50E15 DN 570 DF1;3/24/2025 2:49:47 PM;1.89468055555556;200;200;1;20;2.5575;0;0;-1;5.14;8;8;8;1;0;2;0;0;0;-0.1555;-0.1765;0;1.969;1.9165;0;0;0;22.455;1.304;983.911881;147.9;0;146.7;1
20250324 50E15 DN 570 DF1;3/24/2025 2:49:52 PM;1.89606944444444;200;200;1;20;2.656;0;0;-1;4.86;8;8;8;1;0;2;0;0;0;-0.1555;-0.1765;0;2.0745;1.9165;0;0;0;22.455;1.3535;984.286876;147.5;0;146.7;1
20250324 50E15 DN 570 DF1;3/24/2025 2:49:57 PM;1.89746111111111;200;200;1;20;2.492;0;0;-1;4.86;8;8;8;1;0;2;0;0;0;-0.1555;-0.1765;0;1.9525;1.9165;0;0;0;22.455;1.2715;984.811869;147.1;0;146.7;1
20250324 50E15 DN 570 DF1;3/24/2025 2:50:02 PM;1.89885;200;200;1;20;2.6985;0;0;-1;4.86;8;8;8;1;0;2;0;0;0;-0.1545;-0.176;0;2.1065;1.9165;0;0;0;22.44;1.375;985.186864;146.6;10;146.7;1
20250324 50E15 DN 570 DF1;3/24/2025 2:50:07 PM;1.90024166666667;200;200;1;20;2.7305;0;0;-1;4.86;8;8;8;1;30;2;30;30;0;-0.1545;-0.176;0;2.126;1.9165;0;0;0;22.425;1.3905;985.711857;146.5;20;146.7;1
20250324 50E15 DN 570 DF1;3/24/2025 2:50:12 PM;1.90163333333333;200;200;1;20;2.648;0;0;-1;5.14;8;8;8;1;0;2;0;0;0;-0.1555;-0.1765;0;2.048;1.9165;0;0;0;22.395;1.349;986.086852;150.2;0;146.7;1
20250324 50E15 DN 570 DF1;3/24/2025 2:50:17 PM;1.903025;200;200;1;20;2.648;0;0;-1;5.14;8;8;8;1;0;2;0;0;0;-0.1555;-0.1765;0;2.048;1.9165;0;0;0;22.395;1.349;986.086852;150.2;0;146.7;1
20250324 50E15 DN 570 DF1;3/24/2025 2:50:22 PM;1.90441388888889;200;200;1;20;2.765;0;0;-1;5.14;8;8;8;1;0;2;0;0;0;-0.1545;-0.1765;0;2.129;1.9165;0;0;0;22.425;1.4095;986.536846;149.8;0;146.7;1
20250324 50E15 DN 570 DF1;3/24/2025 2:50:27 PM;1.90580555555556;200;200;1;20;2.707;0;0;-1;5.14;8;8;8;1;0;2;0;0;0;-0.1545;-0.1765;0;2.094;1.9165;0;0;0;22.41;1.3795;987.136838;149.4;0;146.7;1
20250324 50E15 DN 570 DF1;3/24/2025 2:50:32 PM;1.90719722222222;200;200;1;20;2.7185;0;0;-1;5.14;8;8;8;1;0;2;0;0;0;-0.1545;-0.1765;0;2.0995;1.9165;0;0;0;22.41;1.385;987.511833;149;0;146.7;1
20250324 50E15 DN 570 DF1;3/24/2025 2:50:37 PM;1.90858888888889;200;200;1;20;2.6165;0;0;-1;5.14;8;8;8;1;0;2;0;0;0;-0.1555;-0.1765;0;1.9945;1.9165;0;0;0;22.38;1.3335;987.886828;148.5;0;146.7;1
20250324 50E15 DN 570 DF1;3/24/2025 2:50:42 PM;1.90997777777778;200;200;1;20;2.7985;0;0;-1;5.14;8;8;8;1;0;2;0;0;0;-0.1545;-0.176;0;2.157;1.9165;0;0;0;22.38;1.4255;988.411821;148;0;146.7;1
20250324 50E15 DN 570 DF1;3/24/2025 2:50:47 PM;1.91136944444444;200;200;1;20;2.5155;0;0;-1;5.14;8;8;8;1;0;2;0;0;0;-0.1545;-0.1765;0;1.9555;1.9165;0;0;0;22.365;1.284;988.786816;147.6;0;146.7;1
20250324 50E15 DN 570 DF1;3/24/2025 2:50:52 PM;1.91276111111111;200;200;1;20;2.6815;0;0;-1;5.14;8;8;8;1;0;2;0;0;0;-0.155;-0.1765;0;2.092;1.9165;0;0;0;22.365;1.3665;989.23681;147.1;0;146.7;1
20250324 50E15 DN 570 DF1;3/24/2025 2:50:57 PM;1.91415277777778;200;200;1;20;2.5815;0;0;-1;4.86;8;8;8;1;0;2;0;0;0;-0.155;-0.176;0;2.013;1.9165;0;0;0;22.35;1.316;989.836802;146.6;10;146.7;1
20250324 50E15 DN 570 DF1;3/24/2025 2:51:02 PM;1.91554444444444;200;200;1;20;2.6655;0;0;-1;4.86;8;8;8;1;20;2;20;20;0;-0.1545;-0.1765;0;2.077;1.9165;0;0;0;22.305;1.3585;990.136798;147.3;0;146.7;1
20250324 50E15 DN 570 DF1;3/24/2025 2:51:07 PM;1.91693333333333;200;200;1;20;2.6735;0;0;-1;4.86;8;8;8;1;0;2;0;0;0;-0.155;-0.1765;0;2.0495;1.9165;0;0;0;22.29;1.3625;990.511793;149.5;0;146.7;1
20250324 50E15 DN 570 DF1;3/24/2025 2:51:12 PM;1.918325;200;200;1;20;2.759;0;0;-1;4.86;8;8;8;1;0;2;0;0;0;-0.155;-0.1765;0;2.1225;1.9165;0;0;0;22.29;1.405;991.111785;148.9;0;146.7;1
20250324 50E15 DN 570 DF1;3/24/2025 2:51:17 PM;1.91971666666667;200;200;1;20;2.726;0;0;-1;4.86;8;8;8;1;0;2;0;0;0;-0.155;-0.176;0;2.114;1.9165;0;0;0;22.26;1.3885;991.636778;148.5;0;146.7;1
20250324 50E15 DN 570 DF1;3/24/2025 2:51:22 PM;1.92110833333333;200;200;1;20;2.6495;0;0;-1;4.86;8;8;8;1;0;2;0;0;0;-0.1545;-0.1765;0;2.067;1.9165;0;0;0;22.26;1.351;991.936774;148.1;0;146.7;1
20250324 50E15 DN 570 DF1;3/24/2025 2:51:27 PM;1.9225;200;200;1;20;2.487;0;0;-1;4.86;8;8;8;1;0;2;0;0;0;-0.155;-0.1765;0;1.89;1.9165;0;0;0;22.245;1.2695;992.311769;147.7;0;146.7;1
20250324 50E15 DN 570 DF1;3/24/2025 2:51:32 PM;1.92389166666667;200;200;1;20;2.5765;0;0;-1;5.14;8;8;8;1;0;2;0;0;0;-0.155;-0.1765;0;1.9875;1.9165;0;0;0;22.23;1.314;992.911761;147.3;0;146.7;1
20250324 50E15 DN 570 DF1;3/24/2025 2:51:37 PM;1.92528333333333;200;200;1;20;2.6175;0;0;-1;5.14;8;8;8;1;0;2;0;0;0;-0.1555;-0.1765;0;2.032;1.9165;0;0;0;22.215;1.3345;993.286756;146.9;0;146.7;1
20250324 50E15 DN 570 DF1;3/24/2025 2:51:42 PM;1.926675;200;200;1;20;2.6085;0;0;-1;5.14;8;8;8;1;0;2;0;0;0;-0.155;-0.1765;0;2.0315;1.9165;0;0;0;22.2;1.3305;993.586752;146.6;10;146.7;1
20250324 50E15 DN 570 DF1;3/24/2025 2:51:47 PM;1.92806666666667;200;200;1;20;2.6085;0;0;-1;5.14;8;8;8;1;0;2;0;0;0;-0.155;-0.1765;0;2.0315;1.9165;0;0;0;22.2;1.3305;993.586752;146.6;10;146.7;1
20250324 50E15 DN 570 DF1;3/24/2025 2:51:52 PM;1.92945833333333;200;200;1;20;2.729;0;0;-1;5.14;8;8;8;1;50;2;50;80;0;-0.1545;-0.176;0;2.096;1.9165;0;0;0;22.185;1.39;994.336742;146.8;0;146.7;1
20250324 50E15 DN 570 DF1;3/24/2025 2:51:57 PM;1.93085;200;200;1;20;2.6565;0;0;-1;5.43;8;8;8;1;0;2;0;0;0;-0.1545;-0.1765;0;2.0775;1.9165;0;0;0;22.185;1.354;994.636738;151.9;0;146.7;1
20250324 50E15 DN 570 DF1;3/24/2025 2:52:02 PM;1.93223888888889;200;200;1;20;2.707;0;0;-1;5.43;8;8;8;1;0;2;0;0;0;-0.1545;-0.1765;0;2.102;1.9165;0;0;0;22.17;1.38;995.086732;151.4;0;146.7;1
20250324 50E15 DN 570 DF1;3/24/2025 2:52:07 PM;1.93363055555556;200;200;1;20;2.5645;0;0;-1;5.43;8;8;8;1;0;2;0;0;0;-0.155;-0.1765;0;1.9885;1.9165;0;0;0;22.17;1.3085;995.536726;150.9;0;146.7;1
20250324 50E15 DN 570 DF1;3/24/2025 2:52:13 PM;1.93502222222222;200;200;1;20;2.692;0;0;-1;5.43;8;8;8;1;0;2;0;0;0;-0.1545;-0.176;0;2.079;1.9165;0;0;0;22.17;1.372;995.911721;150.4;0;146.7;1
20250324 50E15 DN 570 DF1;3/24/2025 2:52:18 PM;1.93641388888889;200;200;1;20;2.6575;0;0;-1;4.86;8;8;8;1;0;2;0;0;0;-0.155;-0.176;0;2.0435;1.9165;0;0;0;22.155;1.354;996.436714;150;0;146.7;1
20250324 50E15 DN 570 DF1;3/24/2025 2:52:23 PM;1.93780833333333;200;200;1;20;2.62;0;0;-1;4.86;8;8;8;1;0;2;0;0;0;-0.155;-0.1765;0;2.0445;1.9165;0;0;0;22.155;1.3355;996.511713;149.5;0;146.7;1
20250324 50E15 DN 570 DF1;3/24/2025 2:52:28 PM;1.9392;200;200;1;20;2.642;0;0;-1;4.86;8;8;8;1;0;2;0;0;0;-0.155;-0.1765;0;2.0265;1.9165;0;0;0;22.155;1.347;997.336702;149.2;0;146.7;1
20250324 50E15 DN 570 DF1;3/24/2025 2:52:33 PM;1.94058888888889;200;200;1;20;2.5655;0;0;-1;4.86;8;8;8;1;0;2;0;0;0;-0.1555;-0.1765;0;1.966;1.9165;0;0;0;22.155;1.308;997.711697;148.8;0;146.7;1
20250324 50E15 DN 570 DF1;3/24/2025 2:52:38 PM;1.94198055555556;200;200;1;20;2.6225;0;0;-1;5.14;8;8;8;1;0;2;0;0;0;-0.155;-0.176;0;2.027;1.9165;0;0;0;22.155;1.3365;998.311689;148.3;0;146.7;1
20250324 50E15 DN 570 DF1;3/24/2025 2:52:43 PM;1.943375;200;200;1;20;2.8095;0;0;-1;5.14;8;8;8;1;0;2;0;0;0;-0.1545;-0.1765;0;2.1945;1.9165;0;0;0;22.17;1.431;998.686684;147.8;0;146.7;1
20250324 50E15 DN 570 DF1;3/24/2025 2:52:48 PM;1.94476388888889;200;200;1;20;2.5645;0;0;-1;5.14;8;8;8;1;0;2;0;0;0;-0.155;-0.1765;0;1.9915;1.9165;0;0;0;22.17;1.308;999.136678;147.3;0;146.7;1
20250324 50E15 DN 570 DF1;3/24/2025 2:52:53 PM;1.94615277777778;200;200;1;20;2.6065;0;0;-1;5.14;8;8;8;1;0;2;0;0;0;-0.155;-0.1765;0;1.9775;1.9165;0;0;0;22.155;1.329;999.511673;147;0;146.7;1
20250324 50E15 DN 570 DF1;3/24/2025 2:52:58 PM;1.94754444444444;200;200;1;20;2.784;0;0;-1;5.14;8;8;8;1;20;2;20;20;0;-0.155;-0.176;0;2.134;1.9165;0;0;0;22.155;1.4175;1000.036666;146.4;30;146.7;1
20250324 50E15 DN 570 DF1;3/24/2025 2:53:03 PM;1.94893888888889;200;200;1;20;2.6505;0;0;-1;5.14;8;8;8;1;0;2;0;0;0;-0.1555;-0.1765;0;1.993;1.9165;0;0;0;22.125;1.351;1000.411661;147.9;0;146.7;1
20250324 50E15 DN 570 DF1;3/24/2025 2:53:08 PM;1.95032777777778;200;200;1;20;2.591;0;0;-1;5.14;8;8;8;1;0;2;0;0;0;-0.1545;-0.1765;0;2.03;1.9165;0;0;0;22.14;1.322;1000.936654;151.2;0;146.7;1
20250324 50E15 DN 570 DF1;3/24/2025 2:53:13 PM;1.95171944444444;200;200;1;20;2.591;0;0;-1;5.14;8;8;8;1;0;2;0;0;0;-0.1545;-0.1765;0;2.03;1.9165;0;0;0;22.14;1.322;1000.936654;151.2;0;146.7;1
20250324 50E15 DN 570 DF1;3/24/2025 2:53:18 PM;1.95311111111111;200;200;1;20;2.572;0;0;-1;5.14;8;8;8;1;0;2;0;0;0;-0.1545;-0.1765;0;2.0135;1.9165;0;0;0;22.155;1.3115;1001.386648;150.7;0;146.7;1
20250324 50E15 DN 570 DF1;3/24/2025 2:53:23 PM;1.95450277777778;200;200;1;20;2.4935;0;0;-1;5.14;8;8;8;1;0;2;0;0;0;-0.1555;-0.1765;0;1.9395;1.9165;0;0;0;22.155;1.2715;1001.836642;150.3;0;146.7;1
20250324 50E15 DN 570 DF1;3/24/2025 2:53:28 PM;1.95589444444444;200;200;1;20;2.738;0;0;-1;5.14;8;8;8;1;0;2;0;0;0;-0.154;-0.176;0;2.1435;1.9165;0;0;0;22.17;1.3955;1002.286636;149.9;0;146.7;1
20250324 50E15 DN 570 DF1;3/24/2025 2:53:33 PM;1.95728333333333;200;200;1;20;2.674;0;0;-1;5.14;8;8;8;1;0;2;0;0;0;-0.1545;-0.176;0;2.0505;1.9165;0;0;0;22.155;1.3635;1002.73663;149.3;0;146.7;1
20250324 50E15 DN 570 DF1;3/24/2025 2:53:38 PM;1.95867777777778;200;200;1;20;2.7025;0;0;-1;5.14;8;8;8;1;0;2;0;0;0;-0.1545;-0.176;0;2.086;1.9165;0;0;0;22.155;1.377;1003.186624;148.9;0;146.7;1
20250324 50E15 DN 570 DF1;3/24/2025 2:53:43 PM;1.96006666666667;200;200;1;20;2.6505;0;0;-1;5.14;8;8;8;1;0;2;0;0;0;-0.1545;-0.1765;0;2.0495;1.9165;0;0;0;22.14;1.3515;1003.636618;148.5;0;146.7;1
20250324 50E15 DN 570 DF1;3/24/2025 2:53:48 PM;1.96145833333333;200;200;1;20;2.6815;0;0;-1;5.14;8;8;8;1;0;2;0;0;0;-0.154;-0.1765;0;2.087;1.9165;0;0;0;22.17;1.368;1004.086612;148;0;146.7;1
20250324 50E15 DN 570 DF1;3/24/2025 2:53:53 PM;1.96285;200;200;1;20;2.6475;0;0;-1;5.14;8;8;8;1;0;2;0;0;0;-0.1545;-0.176;0;2.075;1.9165;0;0;0;22.17;1.35;1004.536606;147.5;0;146.7;1
20250324 50E15 DN 570 DF1;3/24/2025 2:53:58 PM;1.96423888888889;200;200;1;20;2.6615;0;0;-1;5.14;8;8;8;1;0;2;0;0;0;-0.1545;-0.176;0;2.059;1.9165;0;0;0;22.17;1.3565;1004.911601;147.1;0;146.7;1
20250324 50E15 DN 570 DF1;3/24/2025 2:54:03 PM;1.96563055555556;200;200;1;20;2.7055;0;0;-1;4.86;8;8;8;1;0;2;0;0;0;-0.1545;-0.1765;0;2.106;1.9165;0;0;0;22.17;1.379;1005.436594;146.8;0;146.7;1
20250324 50E15 DN 570 DF1;3/24/2025 2:54:08 PM;1.967025;200;200;1;20;2.6995;0;0;-1;4.86;8;8;8;1;40;2;40;40;0;-0.1545;-0.176;0;2.108;1.9165;0;0;0;22.17;1.376;1005.886588;146.3;40;146.7;1
20250324 50E15 DN 570 DF1;3/24/2025 2:54:13 PM;1.96841666666667;200;200;1;20;2.5345;0;0;-1;4.86;8;8;8;1;0;2;0;0;0;-0.1545;-0.1765;0;1.972;1.9165;0;0;0;22.17;1.294;1006.411581;150;0;146.7;1
20250324 50E15 DN 570 DF1;3/24/2025 2:54:18 PM;1.96980833333333;200;200;1;20;2.68;0;0;-1;4.86;8;8;8;1;0;2;0;0;0;-0.1545;-0.1765;0;2.0975;1.9165;0;0;0;22.185;1.366;1006.786576;150.9;0;146.7;1
20250324 50E15 DN 570 DF1;3/24/2025 2:54:23 PM;1.9712;200;200;1;20;2.7375;0;0;-1;5.14;8;8;8;1;0;2;0;0;0;-0.1545;-0.1765;0;2.117;1.9165;0;0;0;22.185;1.395;1007.311569;150.4;0;146.7;1
20250324 50E15 DN 570 DF1;3/24/2025 2:54:28 PM;1.97259166666667;200;200;1;20;2.5845;0;0;-1;5.14;8;8;8;1;0;2;0;0;0;-0.1545;-0.1765;0;2.0065;1.9165;0;0;0;22.17;1.3185;1007.836562;150;0;146.7;1
20250324 50E15 DN 570 DF1;3/24/2025 2:54:33 PM;1.97398333333333;200;200;1;20;2.7185;0;0;-1;5.14;8;8;8;1;0;2;0;0;0;-0.154;-0.176;0;2.1015;1.9165;0;0;0;22.185;1.3855;1008.211557;149.6;0;146.7;1
20250324 50E15 DN 570 DF1;3/24/2025 2:54:38 PM;1.975375;200;200;1;20;2.459;0;0;-1;5.14;8;8;8;1;0;2;0;0;0;-0.1555;-0.1765;0;1.9055;1.9165;0;0;0;22.185;1.2545;1008.73655;149;0;146.7;1
20250324 50E15 DN 570 DF1;3/24/2025 2:54:43 PM;1.97676388888889;200;200;1;20;2.459;0;0;-1;5.14;8;8;8;1;0;2;0;0;0;-0.1555;-0.1765;0;1.9055;1.9165;0;0;0;22.185;1.2545;1008.73655;149;0;146.7;1
20250324 50E15 DN 570 DF1;3/24/2025 2:54:48 PM;1.97815555555556;200;200;1;20;2.6195;0;0;-1;5.14;8;8;8;1;0;2;0;0;0;-0.1545;-0.1765;0;2.045;1.9165;0;0;0;22.2;1.3355;1009.111545;148.6;0;146.7;1
20250324 50E15 DN 570 DF1;3/24/2025 2:54:53 PM;1.97955;200;200;1;20;2.75;0;0;-1;5.14;8;8;8;1;0;2;0;0;0;-0.154;-0.176;0;2.117;1.9165;0;0;0;22.2;1.4015;1009.48654;148.2;0;146.7;1
20250324 50E15 DN 570 DF1;3/24/2025 2:54:58 PM;1.98094166666667;200;200;1;20;2.4805;0;0;-1;5.14;8;8;8;1;0;2;0;0;0;-0.155;-0.1765;0;1.9175;1.9165;0;0;0;22.185;1.266;1010.011533;147.7;0;146.7;1
20250324 50E15 DN 570 DF1;3/24/2025 2:55:03 PM;1.98233611111111;200;200;1;20;2.6775;0;0;-1;5.14;8;8;8;1;0;2;0;0;0;-0.155;-0.1765;0;2.072;1.9165;0;0;0;22.185;1.3645;1010.386528;147.3;0;146.7;1
20250324 50E15 DN 570 DF1;3/24/2025 2:55:08 PM;1.983725;200;200;1;20;2.6045;0;0;-1;5.43;8;8;8;1;0;2;0;0;0;-0.1545;-0.1765;0;2.019;1.9165;0;0;0;22.185;1.3285;1010.836522;146.9;0;146.7;1
20250324 50E15 DN 570 DF1;3/24/2025 2:55:13 PM;1.98511666666667;200;200;1;20;2.62;0;0;-1;5.43;8;8;8;1;30;2;30;20;0;-0.1545;-0.1765;0;2.064;1.9165;0;0;0;22.185;1.3365;1011.436514;146.4;30;146.7;1
20250324 50E15 DN 570 DF1;3/24/2025 2:55:18 PM;1.98650555555556;200;200;1;20;2.5735;0;0;-1;5.43;8;8;8;1;0;2;0;0;0;-0.154;-0.176;0;2.0275;1.9165;0;0;0;22.2;1.313;1011.886508;148.6;0;146.7;1
20250324 50E15 DN 570 DF1;3/24/2025 2:55:23 PM;1.98789722222222;200;200;1;20;2.8435;0;0;-1;5.43;8;8;8;1;0;2;0;0;0;-0.1545;-0.176;0;2.2075;1.9165;0;0;0;22.185;1.448;1012.336502;150.1;0;146.7;1
20250324 50E15 DN 570 DF1;3/24/2025 2:55:28 PM;1.98929166666667;200;200;1;20;2.761;0;0;-1;5.14;8;8;8;1;0;2;0;0;0;-0.154;-0.176;0;2.159;1.9165;0;0;0;22.185;1.407;1012.711497;149.7;0;146.7;1
20250324 50E15 DN 570 DF1;3/24/2025 2:55:33 PM;1.99068333333333;200;200;1;20;2.543;0;0;-1;5.14;8;8;8;1;0;2;0;0;0;-0.1545;-0.177;0;1.966;1.9165;0;0;0;22.2;1.2985;1013.23649;149.3;0;146.7;1
20250324 50E15 DN 570 DF1;3/24/2025 2:55:38 PM;1.99207777777778;200;200;1;20;2.727;0;0;-1;5.14;8;8;8;1;0;2;0;0;0;-0.154;-0.1765;0;2.1085;1.9165;0;0;0;22.2;1.39;1013.611485;148.8;0;146.7;1
20250324 50E15 DN 570 DF1;3/24/2025 2:55:43 PM;1.99346666666667;200;200;1;20;2.7595;0;0;-1;5.14;8;8;8;1;0;2;0;0;0;-0.154;-0.1765;0;2.153;1.9165;0;0;0;22.215;1.4065;1014.136478;148.4;0;146.7;1
20250324 50E15 DN 570 DF1;3/24/2025 2:55:48 PM;1.99485833333333;200;200;1;20;2.6795;0;0;-1;4.86;8;8;8;1;0;2;0;0;0;-0.1545;-0.176;0;2.095;1.9165;0;0;0;22.215;1.3655;1014.586472;148;0;146.7;1
20250324 50E15 DN 570 DF1;3/24/2025 2:55:53 PM;1.99625;200;200;1;20;2.5715;0;0;-1;4.86;8;8;8;1;0;2;0;0;0;-0.1545;-0.176;0;1.964;1.9165;0;0;0;22.215;1.312;1015.036466;147.5;0;146.7;1
20250324 50E15 DN 570 DF1;3/24/2025 2:55:58 PM;1.99763888888889;200;200;1;20;2.7845;0;0;-1;4.86;8;8;8;1;0;2;0;0;0;-0.1545;-0.1765;0;2.144;1.9165;0;0;0;22.245;1.4185;1015.48646;147.1;0;146.7;1
20250324 50E15 DN 570 DF1;3/24/2025 2:56:03 PM;1.99903055555556;200;200;1;20;2.806;0;0;-1;4.86;8;8;8;1;0;2;0;0;0;-0.1545;-0.176;0;2.2025;1.9165;0;0;0;22.26;1.4295;1015.936454;146.6;10;146.7;1
20250324 50E15 DN 570 DF1;3/24/2025 2:56:08 PM;2.000425;200;200;1;20;2.806;0;0;-1;4.86;8;8;8;1;0;2;0;0;0;-0.1545;-0.176;0;2.2025;1.9165;0;0;0;22.26;1.4295;1015.936454;146.6;10;146.7;1
20250324 50E15 DN 570 DF1;3/24/2025 2:56:13 PM;2.00181388888889;200;200;1;20;2.6635;0;0;-1;5.43;8;8;8;1;20;2;20;20;0;-0.154;-0.1765;0;2.048;1.9165;0;0;0;22.26;1.3585;1016.386448;146.9;0;146.7;1
20250324 50E15 DN 570 DF1;3/24/2025 2:56:18 PM;2.00320555555556;200;200;1;20;2.765;0;0;-1;5.43;8;8;8;1;0;2;0;0;0;-0.154;-0.176;0;2.153;1.9165;0;0;0;22.275;1.409;1016.836442;149.5;0;146.7;1
20250324 50E15 DN 570 DF1;3/24/2025 2:56:23 PM;2.00459444444444;200;200;1;20;2.7435;0;0;-1;5.43;8;8;8;1;0;2;0;0;0;-0.1545;-0.176;0;2.1245;1.9165;0;0;0;22.275;1.3975;1017.286436;148.9;0;146.7;1
20250324 50E15 DN 570 DF1;3/24/2025 2:56:28 PM;2.00598888888889;200;200;1;20;2.6775;0;0;-1;5.43;8;8;8;1;0;2;0;0;0;-0.1545;-0.1765;0;2.0825;1.9165;0;0;0;22.305;1.3655;1017.811429;148.6;0;146.7;1
20250324 50E15 DN 570 DF1;3/24/2025 2:56:33 PM;2.00738055555556;200;200;1;20;2.6105;0;0;-1;5.14;8;8;8;1;0;2;0;0;0;-0.1545;-0.1765;0;2.0305;1.9165;0;0;0;22.29;1.332;1018.111425;148.2;0;146.7;1
20250324 50E15 DN 570 DF1;3/24/2025 2:56:38 PM;2.00877222222222;200;200;1;20;2.594;0;0;-1;5.14;8;8;8;1;0;2;0;0;0;-0.1545;-0.1765;0;2.002;1.9165;0;0;0;22.32;1.3235;1018.711417;147.7;0;146.7;1
20250324 50E15 DN 570 DF1;3/24/2025 2:56:43 PM;2.01016111111111;200;200;1;20;2.731;0;0;-1;5.14;8;8;8;1;0;2;0;0;0;-0.1545;-0.176;0;2.1105;1.9165;0;0;0;22.305;1.3915;1019.086412;147.1;0;146.7;1
20250324 50E15 DN 570 DF1;3/24/2025 2:56:48 PM;2.01155555555556;200;200;1;20;2.6255;0;0;-1;5.14;8;8;8;1;0;2;0;0;0;-0.1545;-0.1765;0;2.0235;1.9165;0;0;0;22.32;1.339;1019.611405;146.9;0;146.7;1
20250324 50E15 DN 570 DF1;3/24/2025 2:56:53 PM;2.01295;200;200;1;20;2.6045;0;0;-1;5.14;8;8;8;1;20;2;20;20;0;-0.154;-0.1765;0;2.023;1.9165;0;0;0;22.35;1.329;1019.9864;146.4;30;146.7;1
20250324 50E15 DN 570 DF1;3/24/2025 2:56:58 PM;2.01434166666667;200;200;1;20;2.731;0;0;-1;5.14;8;8;8;1;0;2;0;0;0;-0.154;-0.176;0;2.112;1.9165;0;0;0;22.35;1.3925;1020.511393;149.1;0;146.7;1
20250324 50E15 DN 570 DF1;3/24/2025 2:57:03 PM;2.01573055555556;200;200;1;20;2.4675;0;0;-1;5.14;8;8;8;1;0;2;0;0;0;-0.1545;-0.1765;0;1.914;1.9165;0;0;0;22.38;1.26;1020.886388;150.1;0;146.7;1
20250324 50E15 DN 570 DF1;3/24/2025 2:57:08 PM;2.01711944444444;200;200;1;20;2.6415;0;0;-1;5.14;8;8;8;1;0;2;0;0;0;-0.154;-0.1765;0;2.0425;1.9165;0;0;0;22.395;1.3475;1021.411381;149.6;0;146.7;1
20250324 50E15 DN 570 DF1;3/24/2025 2:57:13 PM;2.01850833333333;200;200;1;20;2.8095;0;0;-1;5.14;8;8;8;1;0;2;0;0;0;-0.154;-0.176;0;2.1665;1.9165;0;0;0;22.41;1.4315;1021.936374;149.2;0;146.7;1
20250324 50E15 DN 570 DF1;3/24/2025 2:57:18 PM;2.0199;200;200;1;20;2.583;0;0;-1;5.14;8;8;8;1;0;2;0;0;0;-0.155;-0.177;0;1.9795;1.9165;0;0;0;22.395;1.318;1022.311369;148.7;0;146.7;1
20250324 50E15 DN 570 DF1;3/24/2025 2:57:23 PM;2.02128888888889;200;200;1;20;2.714;0;0;-1;5.14;8;8;8;1;0;2;0;0;0;-0.1545;-0.176;0;2.099;1.9165;0;0;0;22.395;1.383;1022.836362;148.3;0;146.7;1
20250324 50E15 DN 570 DF1;3/24/2025 2:57:28 PM;2.02267777777778;200;200;1;20;2.8065;0;0;-1;5.14;8;8;8;1;0;2;0;0;0;-0.154;-0.1765;0;2.2175;1.9165;0;0;0;22.425;1.43;1023.286356;147.7;0;146.7;1
20250324 50E15 DN 570 DF1;3/24/2025 2:57:33 PM;2.02406944444444;200;200;1;20;2.6845;0;0;-1;5.14;8;8;8;1;0;2;0;0;0;-0.1545;-0.176;0;2.1255;1.9165;0;0;0;22.425;1.368;1023.73635;147.5;0;146.7;1
20250324 50E15 DN 570 DF1;3/24/2025 2:57:38 PM;2.02546111111111;200;200;1;20;2.6845;0;0;-1;5.14;8;8;8;1;0;2;0;0;0;-0.1545;-0.176;0;2.1255;1.9165;0;0;0;22.425;1.368;1023.73635;147.5;0;146.7;1
20250324 50E15 DN 570 DF1;3/24/2025 2:57:43 PM;2.02685277777778;200;200;1;20;2.5325;0;0;-1;5.14;8;8;8;1;0;2;0;0;0;-0.155;-0.1765;0;1.9525;1.9165;0;0;0;22.425;1.2915;1024.111345;147;0;146.7;1
20250324 50E15 DN 570 DF1;3/24/2025 2:57:48 PM;2.02824722222222;200;200;1;20;2.694;0;0;-1;5.14;8;8;8;1;0;2;0;0;0;-0.1555;-0.1765;0;2.09;1.9165;0;0;0;22.44;1.3725;1024.48634;146.6;10;146.7;1
20250324 50E15 DN 570 DF1;3/24/2025 2:57:53 PM;2.02963611111111;200;200;1;20;2.6755;0;0;-1;5.14;8;8;8;1;50;2;50;50;0;-0.155;-0.1765;0;2.0905;1.9165;0;0;0;22.455;1.3635;1025.086332;146.9;0;146.7;1
20250324 50E15 DN 570 DF1;3/24/2025 2:57:58 PM;2.031025;200;200;1;20;2.6685;0;0;-1;5.14;8;8;8;1;0;2;0;0;0;-0.154;-0.1765;0;2.0665;1.9165;0;0;0;22.455;1.3605;1025.536326;151.3;0;146.7;1
20250324 50E15 DN 570 DF1;3/24/2025 2:58:03 PM;2.03241666666667;200;200;1;20;2.5415;0;0;-1;5.14;8;8;8;1;0;2;0;0;0;-0.155;-0.1765;0;1.954;1.9165;0;0;0;22.455;1.296;1025.98632;150.9;0;146.7;1
20250324 50E15 DN 570 DF1;3/24/2025 2:58:08 PM;2.03380555555556;200;200;1;20;1.8995;0;0;-1;5.14;8;0;0;0;0;2;0;0;0;-0.1585;-0.1765;0;1.316;1.9165;0;0;0;22.455;0.972;1026.436314;150.4;0;146.7;1
20250324 50E15 DN 570 DF1;3/24/2025 2:58:13 PM;2.03519444444444;200;200;1;20;0.0405;0;0;-1;5.14;8;0;0;0;0;0;0;0;0;-0.164;-0.1775;0;-0.1355;1.9165;0;0;0;22.485;0.0365;1026.511313;151.4;0;146.7;0
20250324 50E15 DN 570 DF1;3/24/2025 2:58:18 PM;2.03658888888889;200;200;1;20;-0.0129999999999999;0;0;-1;0;8;0;0;0;0;0;0;0;0;-0.164;-0.1775;0;-0.175;1.9165;0;0;0;22.5;0.01;1026.511313;151.4;0;146.7;0
20250324 50E15 DN 570 DF1;3/24/2025 2:58:23 PM;2.03798055555556;200;200;1;20;-0.0159999999999999;0;0;-1;0;8;0;0;0;0;0;0;0;0;-0.164;-0.1775;0;-0.1775;1.9165;0;0;0;22.485;0.00800000000000001;1026.511313;151.6;0;146.7;0
20250324 50E15 DN 570 DF1;3/24/2025 2:58:28 PM;2.03936944444444;200;200;1;20;-0.017;0;0;-1;0;3;0;0;0;0;0;0;0;0;-0.164;-0.1775;0;-0.1785;1.9165;0;0;0;22.515;0.00750000000000006;1026.511313;151.6;0;146.7;0
20250324 50E15 DN 570 DF1;3/24/2025 2:58:29 PM;2.03965555555556;200;200;1;20;-0.017;0;0;-1;0;3;0;0;0;0;0;0;0;0;-0.164;-0.1775;0;-0.1785;1.9165;0;0;0;22.515;0.00750000000000006;1026.511313;151.6;0;146.7;0
