GraphWindow #910 created, 45 active
2025/09/18 08:51:54.8 GraphControl: DLL_THREAD_DETACH.
2025/09/18 08:51:54.9 CGraphWindow destroyed, 44 still active
2025/09/18 08:51:55.0 Export image takes 167ms
2025/09/18 08:51:55.0 GraphControl: DLL_THREAD_ATTACH.
2025/09/18 08:51:55.0 CGraphWindow #911 created, 45 active
2025/09/18 08:51:55.5 GraphControl: DLL_THREAD_DETACH.
2025/09/18 08:51:55.5 CGraphWindow destroyed, 44 still active
2025/09/18 08:51:55.7 Export image takes 190ms
2025/09/18 08:51:55.7 GraphControl: DLL_THREAD_ATTACH.
2025/09/18 08:51:55.7 CGraphWindow #912 created, 45 active
2025/09/18 08:51:55.8 GraphControl: DLL_THREAD_DETACH.
2025/09/18 08:51:56.1 GraphControl: DLL_THREAD_DETACH.
2025/09/18 08:51:56.1 CGraphWindow destroyed, 44 still active
2025/09/18 08:51:56.2 Export image takes 126ms
2025/09/18 08:51:56.2 GraphControl: DLL_THREAD_ATTACH.
2025/09/18 08:51:56.3 CGraphWindow #913 created, 45 active
2025/09/18 08:51:56.7 GraphControl: DLL_THREAD_DETACH.
2025/09/18 08:51:56.7 CGraphWindow destroyed, 44 still active
2025/09/18 08:51:56.9 Export image takes 201ms
2025/09/18 08:51:56.9 GraphControl: DLL_THREAD_ATTACH.
2025/09/18 08:51:56.9 CGraphWindow #914 created, 45 active
2025/09/18 08:51:57.3 GraphControl: DLL_THREAD_DETACH.
2025/09/18 08:51:57.3 CGraphWindow destroyed, 44 still active
2025/09/18 08:51:57.5 Export image takes 161ms
2025/09/18 08:51:57.5 GraphControl: DLL_THREAD_ATTACH.
2025/09/18 08:51:57.5 CGraphWindow #915 created, 45 active
2025/09/18 08:51:57.9 GraphControl: DLL_THREAD_DETACH.
2025/09/18 08:51:58.0 CGraphWindow destroyed, 44 still active
2025/09/18 08:51:58.1 Export image takes 178ms
2025/09/18 08:51:58.1 GraphControl: DLL_THREAD_ATTACH.
2025/09/18 08:51:58.1 CGraphWindow #916 created, 45 active
2025/09/18 08:51:58.6 GraphControl: DLL_THREAD_DETACH.
2025/09/18 08:51:58.6 CGraphWindow destroyed, 44 still active
2025/09/18 08:51:58.8 Export image takes 141ms
2025/09/18 08:51:58.8 GraphControl: DLL_THREAD_ATTACH.
2025/09/18 08:51:58.8 CGraphWindow #917 created, 45 active
2025/09/18 08:51:59.2 GraphControl: DLL_THREAD_DETACH.
2025/09/18 08:51:59.2 CGraphWindow destroyed, 44 still active
2025/09/18 08:51:59.4 Export image takes 198ms
2025/09/18 08:51:59.4 GraphControl: DLL_THREAD_ATTACH.
2025/09/18 08:51:59.4 CGraphWindow #918 created, 45 active
2025/09/18 08:51:59.8 GraphControl: DLL_THREAD_DETACH.
2025/09/18 08:51:59.8 CGraphWindow destroyed, 44 still active
2025/09/18 08:52:00.0 Export image takes 172ms
2025/09/18 08:52:00.0 GraphControl: DLL_THREAD_ATTACH.
2025/09/18 08:52:00.0 CGraphWindow #919 created, 45 active
2025/09/18 08:52:00.5 GraphControl: DLL_THREAD_DETACH.
2025/09/18 08:52:00.5 CGraphWindow destroyed, 44 still active
2025/09/18 08:52:00.6 Export image takes 176ms
2025/09/18 08:52:00.6 GraphControl: DLL_THREAD_ATTACH.
2025/09/18 08:52:00.7 CGraphWindow #920 created, 45 active
2025/09/18 08:52:01.1 GraphControl: DLL_THREAD_DETACH.
2025/09/18 08:52:01.1 CGraphWindow destroyed, 44 still active
2025/09/18 08:52:01.3 Export image takes 171ms
2025/09/18 08:52:01.3 GraphControl: DLL_THREAD_ATTACH.
2025/09/18 08:52:01.3 CGraphWindow #921 created, 45 active
2025/09/18 08:52:01.7 GraphControl: DLL_THREAD_DETACH.
2025/09/18 08:52:01.7 CGraphWindow destroyed, 44 still active
2025/09/18 08:52:01.9 Export image takes 181ms
2025/09/18 08:52:01.9 GraphControl: DLL_THREAD_ATTACH.
2025/09/18 08:52:01.9 CGraphWindow #922 created, 45 active
2025/09/18 08:52:02.4 GraphControl: DLL_THREAD_DETACH.
2025/09/18 08:52:02.4 CGraphWindow destroyed, 44 still active
2025/09/18 08:52:02.6 Export image takes 181ms
2025/09/18 08:52:02.6 GraphControl: DLL_THREAD_ATTACH.
2025/09/18 08:52:02.6 CGraphWindow #923 created, 45 active
2025/09/18 08:52:03.0 GraphControl: DLL_THREAD_DETACH.
2025/09/18 08:52:03.0 CGraphWindow destroyed, 44 still active
2025/09/18 08:52:03.2 Export image takes 134ms
2025/09/18 08:52:03.2 GraphControl: DLL_THREAD_ATTACH.
2025/09/18 08:52:03.2 CGraphWindow #924 created, 45 active
2025/09/18 08:52:03.6 GraphControl: DLL_THREAD_DETACH.
2025/09/18 08:52:03.6 CGraphWindow destroyed, 44 still active
2025/09/18 08:52:03.8 Export image takes 194ms
2025/09/18 08:52:03.8 GraphControl: DLL_THREAD_ATTACH.
2025/09/18 08:52:03.8 CGraphWindow #925 created, 45 active
2025/09/18 08:52:04.3 GraphControl: DLL_THREAD_DETACH.
2025/09/18 08:52:04.3 CGraphWindow destroyed, 44 still active
2025/09/18 08:52:04.4 Export image takes 150ms
2025/09/18 08:52:04.4 GraphControl: DLL_THREAD_ATTACH.
2025/09/18 08:52:04.5 CGraphWindow #926 created, 45 active
2025/09/18 08:52:04.9 GraphControl: DLL_THREAD_DETACH.
2025/09/18 08:52:04.9 CGraphWindow destroyed, 44 still active
2025/09/18 08:52:05.0 Export image takes 154ms
2025/09/18 08:52:05.0 GraphControl: DLL_THREAD_ATTACH.
2025/09/18 08:52:05.1 CGraphWindow #927 created, 45 active
2025/09/18 08:52:05.5 GraphControl: DLL_THREAD_DETACH.
2025/09/18 08:52:05.5 CGraphWindow destroyed, 44 still active
2025/09/18 08:52:05.7 Export image takes 173ms
2025/09/18 08:52:05.7 GraphControl: DLL_THREAD_ATTACH.
2025/09/18 08:52:05.7 CGraphWindow #928 created, 45 active
2025/09/18 08:52:06.1 GraphControl: DLL_THREAD_DETACH.
2025/09/18 08:52:06.1 CGraphWindow destroyed, 44 still active
2025/09/18 08:52:06.3 Export image takes 166ms
2025/09/18 08:52:06.3 GraphControl: DLL_THREAD_ATTACH.
2025/09/18 08:52:06.3 CGraphWindow #929 created, 45 active
2025/09/18 08:52:06.8 GraphControl: DLL_THREAD_DETACH.
2025/09/18 08:52:06.8 CGraphWindow destroyed, 44 still active
2025/09/18 08:52:07.0 Export image takes 200ms
2025/09/18 08:52:07.0 GraphControl: DLL_THREAD_ATTACH.
2025/09/18 08:52:07.0 CGraphWindow #930 created, 45 active
2025/09/18 08:52:07.4 GraphControl: DLL_THREAD_DETACH.
2025/09/18 08:52:07.4 CGraphWindow destroyed, 44 still active
2025/09/18 08:52:07.6 Export image takes 163ms
2025/09/18 08:52:07.6 GraphControl: DLL_THREAD_ATTACH.
2025/09/18 08:52:07.6 CGraphWindow #931 created, 45 active
2025/09/18 08:52:08.1 GraphControl: DLL_THREAD_DETACH.
2025/09/18 08:52:08.1 CGraphWindow destroyed, 44 still active
2025/09/18 08:52:08.3 Export image takes 211ms
2025/09/18 08:52:08.3 GraphControl: DLL_THREAD_ATTACH.
2025/09/18 08:52:08.3 CGraphWindow #932 created, 45 active
2025/09/18 08:52:08.7 GraphControl: DLL_THREAD_DETACH.
2025/09/18 08:52:08.7 CGraphWindow destroyed, 44 still active
2025/09/18 08:52:08.9 Export image takes 146ms
2025/09/18 08:52:08.9 GraphControl: DLL_THREAD_ATTACH.
2025/09/18 08:52:08.9 CGraphWindow #933 created, 45 active
2025/09/18 08:52:09.3 GraphControl: DLL_THREAD_DETACH.
2025/09/18 08:52:09.3 CGraphWindow destroyed, 44 still active
2025/09/18 08:52:09.5 Export image takes 154ms
2025/09/18 08:52:09.5 GraphControl: DLL_THREAD_ATTACH.
2025/09/18 08:52:09.5 CGraphWindow #934 created, 45 active
2025/09/18 08:52:09.9 GraphControl: DLL_THREAD_DETACH.
2025/09/18 08:52:10.0 CGraphWindow destroyed, 44 still active
2025/09/18 08:52:10.2 Export image takes 223ms
2025/09/18 08:52:10.2 GraphControl: DLL_THREAD_ATTACH.
2025/09/18 08:52:10.2 CGraphWindow #935 created, 45 active
2025/09/18 08:52:10.7 GraphControl: DLL_THREAD_DETACH.
2025/09/18 08:52:10.7 CGraphWindow destroyed, 44 still active
2025/09/18 08:52:10.8 Export image takes 172ms
2025/09/18 08:52:10.8 GraphControl: DLL_THREAD_ATTACH.
2025/09/18 08:52:10.9 CGraphWindow #936 created, 45 active
2025/09/18 08:52:11.3 GraphControl: DLL_THREAD_DETACH.
2025/09/18 08:52:11.3 CGraphWindow destroyed, 44 still active
2025/09/18 08:52:11.5 Export image takes 225ms
2025/09/18 08:52:11.5 GraphControl: DLL_THREAD_ATTACH.
2025/09/18 08:52:11.6 CGraphWindow #937 created, 45 active
2025/09/18 08:52:12.0 GraphControl: DLL_THREAD_DETACH.
2025/09/18 08:52:12.0 CGraphWindow destroyed, 44 still active
2025/09/18 08:52:12.2 Export image takes 168ms
2025/09/18 08:52:12.2 GraphControl: DLL_THREAD_ATTACH.
2025/09/18 08:52:12.2 CGraphWindow #938 created, 45 active
2025/09/18 08:52:12.6 GraphControl: DLL_THREAD_DETACH.
2025/09/18 08:52:12.6 CGraphWindow destroyed, 44 still active
2025/09/18 08:52:12.8 Export image takes 216ms
2025/09/18 08:52:12.9 GraphControl: DLL_THREAD_ATTACH.
2025/09/18 08:52:12.9 CGraphWindow #939 created, 45 active
2025/09/18 08:52:13.3 GraphControl: DLL_THREAD_DETACH.
2025/09/18 08:52:13.3 CGraphWindow destroyed, 44 still active
2025/09/18 08:52:13.5 Export image takes 237ms
2025/09/18 08:52:13.5 GraphControl: DLL_THREAD_ATTACH.
2025/09/18 08:52:13.6 CGraphWindow #940 created, 45 active
2025/09/18 08:52:14.0 GraphControl: DLL_THREAD_DETACH.
2025/09/18 08:52:14.0 CGraphWindow destroyed, 44 still active
2025/09/18 08:52:14.2 Export image takes 160ms
2025/09/18 08:52:14.2 GraphControl: DLL_THREAD_ATTACH.
2025/09/18 08:52:14.2 CGraphWindow #941 created, 45 active
2025/09/18 08:52:14.2 GraphControl: DLL_THREAD_DETACH.
2025/09/18 08:52:14.6 GraphControl: DLL_THREAD_DETACH.
2025/09/18 08:52:14.6 CGraphWindow destroyed, 44 still active
2025/09/18 08:52:14.8 Export image takes 186ms
2025/09/18 08:52:14.8 GraphControl: DLL_THREAD_ATTACH.
2025/09/18 08:52:14.8 CGraphWindow #942 created, 45 active
2025/09/18 08:52:15.3 GraphControl: DLL_THREAD_DETACH.
2025/09/18 08:52:15.3 CGraphWindow destroyed, 44 still active
2025/09/18 08:52:15.5 Export image takes 193ms
2025/09/18 08:52:15.5 GraphControl: DLL_THREAD_ATTACH.
2025/09/18 08:52:15.5 CGraphWindow #943 created, 45 active
2025/09/18 08:52:16.0 GraphControl: DLL_THREAD_DETACH.
2025/09/18 08:52:16.0 CGraphWindow destroyed, 44 still active
2025/09/18 08:52:16.1 Export image takes 179ms
2025/09/18 08:52:16.1 GraphControl: DLL_THREAD_ATTACH.
2025/09/18 08:52:16.2 CGraphWindow #944 created, 45 active
2025/09/18 08:52:16.6 GraphControl: DLL_THREAD_DETACH.
2025/09/18 08:52:16.6 CGraphWindow destroyed, 44 still active
2025/09/18 08:52:16.8 Export image takes 183ms
2025/09/18 08:52:16.8 GraphControl: DLL_THREAD_ATTACH.
2025/09/18 08:52:16.8 CGraphWindow #945 created, 45 active
2025/09/18 08:52:17.3 GraphControl: DLL_THREAD_DETACH.
2025/09/18 08:52:17.3 CGraphWindow destroyed, 44 still active
2025/09/18 08:52:17.4 Export image takes 184ms
2025/09/18 08:52:17.5 GraphControl: DLL_THREAD_ATTACH.
2025/09/18 08:52:17.5 CGraphWindow #946 created, 45 active
2025/09/18 08:52:17.9 GraphControl: DLL_THREAD_DETACH.
2025/09/18 08:52:17.9 CGraphWindow destroyed, 44 still active
2025/09/18 08:52:18.1 Export image takes 174ms
2025/09/18 08:52:18.1 GraphControl: DLL_THREAD_ATTACH.
2025/09/18 08:52:18.1 CGraphWindow #947 created, 45 active
2025/09/18 08:52:18.5 GraphControl: DLL_THREAD_DETACH.
2025/09/18 08:52:18.5 CGraphWindow destroyed, 44 still active
2025/09/18 08:52:18.7 Export image takes 188ms
2025/09/18 08:52:18.7 GraphControl: DLL_THREAD_ATTACH.
2025/09/18 08:52:18.7 CGraphWindow #948 created, 45 active
2025/09/18 08:52:19.2 GraphControl: DLL_THREAD_DETACH.
2025/09/18 08:52:19.2 CGraphWindow destroyed, 44 still active
2025/09/18 08:52:19.3 Export image takes 158ms
2025/09/18 08:52:19.3 GraphControl: DLL_THREAD_ATTACH.
2025/09/18 08:52:19.4 CGraphWindow #949 created, 45 active
2025/09/18 08:52:19.8 GraphControl: DLL_THREAD_DETACH.
2025/09/18 08:52:19.8 CGraphWindow destroyed, 44 still active
2025/09/18 08:52:20.1 Export image takes 265ms
2025/09/18 08:52:20.1 GraphControl: DLL_THREAD_ATTACH.
2025/09/18 08:52:20.1 CGraphWindow #950 created, 45 active
2025/09/18 08:52:20.5 GraphControl: DLL_THREAD_DETACH.
2025/09/18 08:52:20.5 CGraphWindow destroyed, 44 still active
2025/09/18 08:52:20.7 Export image takes 184ms
2025/09/18 08:52:20.7 GraphControl: DLL_THREAD_ATTACH.
2025/09/18 08:52:20.7 CGraphWindow #951 created, 45 active
2025/09/18 08:52:21.2 GraphControl: DLL_THREAD_DETACH.
2025/09/18 08:52:21.2 CGraphWindow destroyed, 44 still active
2025/09/18 08:52:21.4 Export image takes 213ms
2025/09/18 08:52:21.4 GraphControl: DLL_THREAD_ATTACH.
2025/09/18 08:52:21.4 CGraphWindow #952 created, 45 active
2025/09/18 08:52:21.8 GraphControl: DLL_THREAD_DETACH.
2025/09/18 08:52:21.8 CGraphWindow destroyed, 44 still active
2025/09/18 08:52:22.0 Export image takes 172ms
2025/09/18 08:52:22.0 GraphControl: DLL_THREAD_ATTACH.
2025/09/18 08:52:22.0 CGraphWindow #953 created, 45 active
2025/09/18 08:52:22.5 GraphControl: DLL_THREAD_DETACH.
2025/09/18 08:52:22.5 CGraphWindow destroyed, 44 still active
2025/09/18 08:52:22.7 Export image takes 185ms
2025/09/18 08:52:22.7 GraphControl: DLL_THREAD_ATTACH.
2025/09/18 08:52:22.7 CGraphWindow #954 created, 45 active
2025/09/18 08:52:23.2 GraphControl: DLL_THREAD_DETACH.
2025/09/18 08:52:23.2 CGraphWindow destroyed, 44 still active
2025/09/18 08:52:23.3 Export image takes 181ms
2025/09/18 08:52:23.3 GraphControl: DLL_THREAD_ATTACH.
2025/09/18 08:52:23.4 CGraphWindow #955 created, 45 active
2025/09/18 08:52:23.8 GraphControl: DLL_THREAD_DETACH.
2025/09/18 08:52:23.8 CGraphWindow destroyed, 44 still active
2025/09/18 08:52:24.0 Export image takes 175ms
2025/09/18 08:52:24.0 GraphControl: DLL_THREAD_ATTACH.
2025/09/18 08:52:24.0 CGraphWindow #956 created, 45 active
2025/09/18 08:52:24.4 GraphControl: DLL_THREAD_DETACH.
2025/09/18 08:52:24.4 CGraphWindow destroyed, 44 still active
2025/09/18 08:52:24.6 Export image takes 167ms
2025/09/18 08:52:24.6 GraphControl: DLL_THREAD_ATTACH.
2025/09/18 08:52:24.6 CGraphWindow #957 created, 45 active
2025/09/18 08:52:25.1 GraphControl: DLL_THREAD_DETACH.
2025/09/18 08:52:25.1 CGraphWindow destroyed, 44 still active
2025/09/18 08:52:25.3 Export image takes 213ms
2025/09/18 08:52:25.3 GraphControl: DLL_THREAD_ATTACH.
2025/09/18 08:52:25.3 CGraphWindow #958 created, 45 active
2025/09/18 08:52:25.8 GraphControl: DLL_THREAD_DETACH.
2025/09/18 08:52:25.8 CGraphWindow destroyed, 44 still active
2025/09/18 08:52:25.9 Export image takes 177ms
2025/09/18 08:52:25.9 GraphControl: DLL_THREAD_ATTACH.
2025/09/18 08:52:26.0 CGraphWindow #959 created, 45 active
2025/09/18 08:52:26.4 GraphControl: DLL_THREAD_DETACH.
2025/09/18 08:52:26.4 CGraphWindow destroyed, 44 still active
2025/09/18 08:52:26.6 Export image takes 172ms
2025/09/18 08:52:26.6 GraphControl: DLL_THREAD_ATTACH.
2025/09/18 08:52:26.6 CGraphWindow #960 created, 45 active
2025/09/18 08:52:27.1 GraphControl: DLL_THREAD_DETACH.
2025/09/18 08:52:27.1 CGraphWindow destroyed, 44 still active
2025/09/18 08:52:27.2 Export image takes 168ms
2025/09/18 08:52:27.2 GraphControl: DLL_THREAD_ATTACH.
2025/09/18 08:52:27.3 CGraphWindow #961 created, 45 active
2025/09/18 08:52:27.7 GraphControl: DLL_THREAD_DETACH.
2025/09/18 08:52:27.7 CGraphWindow destroyed, 44 still active
2025/09/18 08:52:27.9 Export image takes 201ms
2025/09/18 08:52:27.9 GraphControl: DLL_THREAD_ATTACH.
2025/09/18 08:52:27.9 CGraphWindow #962 created, 45 active
2025/09/18 08:52:28.4 GraphControl: DLL_THREAD_DETACH.
2025/09/18 08:52:28.4 CGraphWindow destroyed, 44 still active
2025/09/18 08:52:28.6 Export image takes 249ms
2025/09/18 08:52:28.6 GraphControl: DLL_THREAD_ATTACH.
2025/09/18 08:52:28.6 CGraphWindow #963 created, 45 active
2025/09/18 08:52:29.1 GraphControl: DLL_THREAD_DETACH.
2025/09/18 08:52:29.1 CGraphWindow destroyed, 44 still active
2025/09/18 08:52:29.3 Export image takes 175ms
2025/09/18 08:52:29.3 GraphControl: DLL_THREAD_ATTACH.
2025/09/18 08:52:29.3 CGraphWindow #964 created, 45 active
2025/09/18 08:52:29.7 GraphControl: DLL_THREAD_DETACH.
2025/09/18 08:52:29.7 CGraphWindow destroyed, 44 still active
2025/09/18 08:52:30.0 Export image takes 340ms
2025/09/18 08:52:30.0 GraphControl: DLL_THREAD_ATTACH.
2025/09/18 08:52:30.0 CGraphWindow #965 created, 45 active
2025/09/18 08:52:30.5 GraphControl: DLL_THREAD_DETACH.
2025/09/18 08:52:30.5 CGraphWindow destroyed, 44 still active
2025/09/18 08:52:30.8 Export image takes 357ms
2025/09/18 08:52:30.8 GraphControl: DLL_THREAD_ATTACH.
2025/09/18 08:52:30.9 CGraphWindow #966 created, 45 active
2025/09/18 08:52:31.3 GraphControl: DLL_THREAD_DETACH.
2025/09/18 08:52:31.4 CGraphWindow destroyed, 44 still active
2025/09/18 08:52:31.5 Export image takes 189ms
2025/09/18 08:52:31.5 GraphControl: DLL_THREAD_ATTACH.
2025/09/18 08:52:31.6 CGraphWindow #967 created, 45 active
2025/09/18 08:52:32.0 GraphControl: DLL_THREAD_DETACH.
2025/09/18 08:52:32.0 CGraphWindow destroyed, 44 still active
2025/09/18 08:52:32.2 Export image takes 179ms
2025/09/18 08:52:32.2 GraphControl: DLL_THREAD_ATTACH.
2025/09/18 08:52:32.2 CGraphWindow #968 created, 45 active
2025/09/18 08:52:32.6 GraphControl: DLL_THREAD_DETACH.
2025/09/18 08:52:32.6 CGraphWindow destroyed, 44 still active
2025/09/18 08:52:32.8 Export image takes 190ms
2025/09/18 08:52:32.8 GraphControl: DLL_THREAD_ATTACH.
2025/09/18 08:52:32.8 CGraphWindow #969 created, 45 active
2025/09/18 08:52:33.3 GraphControl: DLL_THREAD_DETACH.
2025/09/18 08:52:33.3 CGraphWindow destroyed, 44 still active
2025/09/18 08:52:33.4 Export image takes 177ms
2025/09/18 08:52:33.4 GraphControl: DLL_THREAD_ATTACH.
2025/09/18 08:52:33.5 CGraphWindow #970 created, 45 active
2025/09/18 08:52:33.9 GraphControl: DLL_THREAD_DETACH.
2025/09/18 08:52:33.9 CGraphWindow destroyed, 44 still active
2025/09/18 08:52:34.1 Export image takes 170ms
2025/09/18 08:52:34.1 GraphControl: DLL_THREAD_ATTACH.
2025/09/18 08:52:34.1 CGraphWindow #971 created, 45 active
2025/09/18 08:52:34.5 GraphControl: DLL_THREAD_DETACH.
2025/09/18 08:52:34.5 CGraphWindow destroyed, 44 still active
2025/09/18 08:52:34.7 Export image takes 221ms
2025/09/18 08:52:34.7 GraphControl: DLL_THREAD_ATTACH.
2025/09/18 08:52:34.8 CGraphWindow #972 created, 45 active
2025/09/18 08:52:35.2 GraphControl: DLL_THREAD_DETACH.
2025/09/18 08:52:35.2 CGraphWindow destroyed, 44 still active
2025/09/18 08:52:35.4 Export image takes 217ms
2025/09/18 08:52:35.4 GraphControl: DLL_THREAD_ATTACH.
2025/09/18 08:52:35.4 CGraphWindow #973 created, 45 active
2025/09/18 08:52:35.9 GraphControl: DLL_THREAD_DETACH.
2025/09/18 08:52:35.9 CGraphWindow destroyed, 44 still active
2025/09/18 08:52:36.1 Export image takes 216ms
2025/09/18 08:52:36.1 GraphControl: DLL_THREAD_ATTACH.
2025/09/18 08:52:36.1 CGraphWindow #974 created, 45 active
2025/09/18 08:52:36.6 GraphControl: DLL_THREAD_DETACH.
2025/09/18 08:52:36.6 CGraphWindow destroyed, 44 still active
2025/09/18 08:52:36.7 Export image takes 178ms
2025/09/18 08:52:36.7 GraphControl: DLL_THREAD_ATTACH.
2025/09/18 08:52:36.8 CGraphWindow #975 created, 45 active
2025/09/18 08:52:37.2 GraphControl: DLL_THREAD_DETACH.
2025/09/18 08:52:37.2 CGraphWindow destroyed, 44 still active
2025/09/18 08:52:37.4 Export image takes 183ms
2025/09/18 08:52:37.4 GraphControl: DLL_THREAD_ATTACH.
2025/09/18 08:52:37.4 CGraphWindow #976 created, 45 active
2025/09/18 08:52:37.8 GraphControl: DLL_THREAD_DETACH.
2025/09/18 08:52:37.8 CGraphWindow destroyed, 44 still active
2025/09/18 08:52:38.0 Export image takes 196ms
2025/09/18 08:52:38.0 GraphControl: DLL_THREAD_ATTACH.
2025/09/18 08:52:38.0 CGraphWindow #977 created, 45 active
2025/09/18 08:52:38.5 GraphControl: DLL_THREAD_DETACH.
2025/09/18 08:52:38.6 CGraphWindow destroyed, 44 still active
2025/09/18 08:52:38.8 Export image takes 191ms
2025/09/18 08:52:38.8 GraphControl: DLL_THREAD_ATTACH.
2025/09/18 08:52:38.8 CGraphWindow #978 created, 45 active
2025/09/18 08:52:39.2 GraphControl: DLL_THREAD_DETACH.
2025/09/18 08:52:39.2 CGraphWindow destroyed, 44 still active
2025/09/18 08:52:39.4 Export image takes 230ms
2025/09/18 08:52:39.5 GraphControl: DLL_THREAD_ATTACH.
2025/09/18 08:52:39.5 CGraphWindow #979 created, 45 active
2025/09/18 08:52:39.9 GraphControl: DLL_THREAD_DETACH.
2025/09/18 08:52:39.9 CGraphWindow destroyed, 44 still active
2025/09/18 08:52:40.2 Export image takes 217ms
2025/09/18 08:52:40.2 GraphControl: DLL_THREAD_ATTACH.
2025/09/18 08:52:40.2 CGraphWindow #980 created, 45 active
2025/09/18 08:52:40.6 GraphControl: DLL_THREAD_DETACH.
2025/09/18 08:52:40.6 CGraphWindow destroyed, 44 still active
2025/09/18 08:52:40.8 Export image takes 199ms
2025/09/18 08:52:40.8 GraphControl: DLL_THREAD_ATTACH.
2025/09/18 08:52:40.8 CGraphWindow #981 created, 45 active
2025/09/18 08:52:41.3 GraphControl: DLL_THREAD_DETACH.
2025/09/18 08:52:41.3 CGraphWindow destroyed, 44 still active
2025/09/18 08:52:41.5 Export image takes 177ms
2025/09/18 08:52:41.5 GraphControl: DLL_THREAD_ATTACH.
2025/09/18 08:52:41.5 CGraphWindow #982 created, 45 active
2025/09/18 08:52:41.9 GraphControl: DLL_THREAD_DETACH.
2025/09/18 08:52:41.9 CGraphWindow destroyed, 44 still active
2025/09/18 08:52:42.2 Export image takes 255ms
2025/09/18 08:52:42.2 GraphControl: DLL_THREAD_ATTACH.
2025/09/18 08:52:42.2 CGraphWindow #983 created, 45 active
2025/09/18 08:52:42.6 GraphControl: DLL_THREAD_DETACH.
2025/09/18 08:52:42.6 CGraphWindow destroyed, 44 still active
2025/09/18 08:52:42.8 Export image takes 172ms
2025/09/18 08:52:42.8 GraphControl: DLL_THREAD_ATTACH.
2025/09/18 08:52:42.8 CGraphWindow #984 created, 45 active
2025/09/18 08:52:43.2 GraphControl: DLL_THREAD_DETACH.
2025/09/18 08:52:43.2 CGraphWindow destroyed, 44 still active
2025/09/18 08:52:43.4 Export image takes 243ms
2025/09/18 08:52:43.4 GraphControl: DLL_THREAD_ATTACH.
2025/09/18 08:52:43.5 CGraphWindow #985 created, 45 active
2025/09/18 08:52:43.9 GraphControl: DLL_THREAD_DETACH.
2025/09/18 08:52:43.9 CGraphWindow destroyed, 44 still active
2025/09/18 08:52:44.1 Export image takes 207ms
2025/09/18 08:52:44.1 GraphControl: DLL_THREAD_ATTACH.
2025/09/18 08:52:44.1 CGraphWindow #986 created, 45 active
2025/09/18 08:52:44.6 GraphControl: DLL_THREAD_DETACH.
2025/09/18 08:52:44.6 CGraphWindow destroyed, 44 still active
2025/09/18 08:52:44.8 Export image takes 195ms
2025/09/18 08:52:44.8 GraphControl: DLL_THREAD_ATTACH.
2025/09/18 08:52:44.8 CGraphWindow #987 created, 45 active
2025/09/18 08:52:45.2 GraphControl: DLL_THREAD_DETACH.
2025/09/18 08:52:45.2 CGraphWindow destroyed, 44 still active
2025/09/18 08:52:45.4 Export image takes 172ms
2025/09/18 08:52:45.4 GraphControl: DLL_THREAD_ATTACH.
2025/09/18 08:52:45.4 CGraphWindow #988 created, 45 active
2025/09/18 08:52:45.8 GraphControl: DLL_THREAD_DETACH.
2025/09/18 08:52:45.9 CGraphWindow destroyed, 44 still active
2025/09/18 08:52:46.0 Export image takes 168ms
2025/09/18 08:52:46.0 GraphControl: DLL_THREAD_ATTACH.
2025/09/18 08:52:46.0 CGraphWindow #989 created, 45 active
2025/09/18 08:52:46.4 GraphControl: DLL_THREAD_DETACH.
2025/09/18 08:52:46.4 CGraphWindow destroyed, 44 still active
2025/09/18 08:52:46.6 Export image takes 166ms
2025/09/18 08:52:46.6 GraphControl: DLL_THREAD_ATTACH.
2025/09/18 08:52:46.6 CGraphWindow #990 created, 45 active
2025/09/18 08:52:47.1 GraphControl: DLL_THREAD_DETACH.
2025/09/18 08:52:47.1 CGraphWindow destroyed, 44 still active
2025/09/18 08:52:47.3 Export image takes 177ms
2025/09/18 08:52:47.3 GraphControl: DLL_THREAD_ATTACH.
2025/09/18 08:52:47.3 CGraphWindow #991 created, 45 active
2025/09/18 08:52:47.7 GraphControl: DLL_THREAD_DETACH.
2025/09/18 08:52:47.7 CGraphWindow destroyed, 44 still active
2025/09/18 08:52:48.0 Export image takes 248ms
2025/09/18 08:52:48.0 GraphControl: DLL_THREAD_ATTACH.
2025/09/18 08:52:48.0 CGraphWindow #992 created, 45 active
2025/09/18 08:52:48.4 GraphControl: DLL_THREAD_DETACH.
2025/09/18 08:52:48.4 CGraphWindow destroyed, 44 still active
2025/09/18 08:52:48.7 Export image takes 243ms
2025/09/18 08:52:48.7 GraphControl: DLL_THREAD_ATTACH.
2025/09/18 08:52:48.7 CGraphWindow #993 created, 45 active
2025/09/18 08:52:48.8 GraphControl: DLL_THREAD_ATTACH.
2025/09/18 08:52:49.1 GraphControl: DLL_THREAD_DETACH.
2025/09/18 08:52:49.2 CGraphWindow destroyed, 44 still active
2025/09/18 08:52:49.4 Export image takes 240ms
2025/09/18 08:52:49.4 GraphControl: DLL_THREAD_ATTACH.
2025/09/18 08:52:49.4 CGraphWindow #994 created, 45 active
2025/09/18 08:52:49.8 GraphControl: DLL_THREAD_DETACH.
2025/09/18 08:52:49.8 CGraphWindow destroyed, 44 still active
2025/09/18 08:52:50.0 Export image takes 182ms
2025/09/18 08:52:50.0 GraphControl: DLL_THREAD_ATTACH.
2025/09/18 08:52:50.0 CGraphWindow #995 created, 45 active
2025/09/18 08:52:50.5 GraphControl: DLL_THREAD_DETACH.
2025/09/18 08:52:50.5 CGraphWindow destroyed, 44 still active
2025/09/18 08:52:50.7 Export image takes 251ms
2025/09/18 08:52:50.7 GraphControl: DLL_THREAD_ATTACH.
2025/09/18 08:52:50.7 CGraphWindow #996 created, 45 active
2025/09/18 08:52:51.2 GraphControl: DLL_THREAD_DETACH.
2025/09/18 08:52:51.2 CGraphWindow destroyed, 44 still active
2025/09/18 08:52:51.4 Export image takes 183ms
2025/09/18 08:52:51.4 GraphControl: DLL_THREAD_ATTACH.
2025/09/18 08:52:51.4 CGraphWindow #997 created, 45 active
2025/09/18 08:52:51.9 GraphControl: DLL_THREAD_DETACH.
2025/09/18 08:52:51.9 CGraphWindow destroyed, 44 still active
2025/09/18 08:52:52.1 Export image takes 205ms
2025/09/18 08:52:52.1 GraphControl: DLL_THREAD_ATTACH.
2025/09/18 08:52:52.1 CGraphWindow #998 created, 45 active
2025/09/18 08:52:52.5 GraphControl: DLL_THREAD_DETACH.
2025/09/18 08:52:52.5 CGraphWindow destroyed, 44 still active
2025/09/18 08:52:52.7 Export image takes 185ms
2025/09/18 08:52:52.7 GraphControl: DLL_THREAD_ATTACH.
2025/09/18 08:52:52.7 CGraphWindow #999 created, 45 active
2025/09/18 08:52:53.2 GraphControl: DLL_THREAD_DETACH.
2025/09/18 08:52:53.2 CGraphWindow destroyed, 44 still active
2025/09/18 08:52:53.4 Export image takes 187ms
2025/09/18 08:52:53.4 GraphControl: DLL_THREAD_ATTACH.
2025/09/18 08:52:53.4 CGraphWindow #1000 created, 45 active
2025/09/18 08:52:53.8 GraphControl: DLL_THREAD_DETACH.
2025/09/18 08:52:53.8 CGraphWindow destroyed, 44 still active
2025/09/18 08:52:54.0 Export image takes 209ms
2025/09/18 08:52:54.0 GraphControl: DLL_THREAD_ATTACH.
2025/09/18 08:52:54.0 CGraphWindow #1001 created, 45 active
2025/09/18 08:52:54.5 GraphControl: DLL_THREAD_DETACH.
2025/09/18 08:52:54.5 CGraphWindow destroyed, 44 still active
2025/09/18 08:52:54.7 Export image takes 203ms
2025/09/18 08:52:54.8 GraphControl: DLL_THREAD_ATTACH.
2025/09/18 08:52:54.8 CGraphWindow #1002 created, 45 active
2025/09/18 08:52:55.2 GraphControl: DLL_THREAD_DETACH.
2025/09/18 08:52:55.2 CGraphWindow destroyed, 44 still active
2025/09/18 08:52:55.4 Export image takes 188ms
2025/09/18 08:52:55.4 GraphControl: DLL_THREAD_ATTACH.
2025/09/18 08:52:55.4 CGraphWindow #1003 created, 45 active
2025/09/18 08:52:55.9 GraphControl: DLL_THREAD_DETACH.
2025/09/18 08:52:55.9 CGraphWindow destroyed, 44 still active
2025/09/18 08:52:56.1 Export image takes 241ms
2025/09/18 08:52:56.1 GraphControl: DLL_THREAD_ATTACH.
2025/09/18 08:52:56.1 CGraphWindow #1004 created, 45 active
2025/09/18 08:52:56.6 GraphControl: DLL_THREAD_DETACH.
2025/09/18 08:52:56.6 CGraphWindow destroyed, 44 still active
2025/09/18 08:52:56.8 Export image takes 267ms
2025/09/18 08:52:56.8 GraphControl: DLL_THREAD_ATTACH.
2025/09/18 08:52:56.8 CGraphWindow #1005 created, 45 active
2025/09/18 08:52:57.3 GraphControl: DLL_THREAD_DETACH.
2025/09/18 08:52:57.3 CGraphWindow destroyed, 44 still active
2025/09/18 08:52:57.5 Export image takes 193ms
2025/09/18 08:52:57.5 GraphControl: DLL_THREAD_ATTACH.
2025/09/18 08:52:57.5 CGraphWindow #1006 created, 45 active
2025/09/18 08:52:57.9 GraphControl: DLL_THREAD_DETACH.
2025/09/18 08:52:58.0 CGraphWindow destroyed, 44 still active
2025/09/18 08:52:58.2 Export image takes 202ms
2025/09/18 08:52:58.2 GraphControl: DLL_THREAD_ATTACH.
2025/09/18 08:52:58.2 CGraphWindow #1007 created, 45 active
2025/09/18 08:52:58.6 GraphControl: DLL_THREAD_DETACH.
2025/09/18 08:52:58.6 CGraphWindow destroyed, 44 still active
2025/09/18 08:52:58.8 Export image takes 187ms
2025/09/18 08:52:58.8 GraphControl: DLL_THREAD_ATTACH.
2025/09/18 08:52:58.8 CGraphWindow #1008 created, 45 active
2025/09/18 08:52:59.3 GraphControl: DLL_THREAD_DETACH.
2025/09/18 08:52:59.3 CGraphWindow destroyed, 44 still active
2025/09/18 08:52:59.5 Export image takes 165ms
2025/09/18 08:52:59.5 GraphControl: DLL_THREAD_ATTACH.
2025/09/18 08:52:59.5 CGraphWindow #1009 created, 45 active
2025/09/18 08:52:59.9 GraphControl: DLL_THREAD_DETACH.
2025/09/18 08:52:59.9 CGraphWindow destroyed, 44 still active
2025/09/18 08:53:00.1 Export image takes 192ms
2025/09/18 08:53:00.1 GraphControl: DLL_THREAD_ATTACH.
2025/09/18 08:53:00.1 CGraphWindow #1010 created, 45 active
2025/09/18 08:53:00.6 GraphControl: DLL_THREAD_DETACH.
2025/09/18 08:53:00.6 CGraphWindow destroyed, 44 still active
2025/09/18 08:53:00.8 Export image takes 189ms
2025/09/18 08:53:00.8 GraphControl: DLL_THREAD_ATTACH.
2025/09/18 08:53:00.8 CGraphWindow #1011 created, 45 active
2025/09/18 08:53:01.2 GraphControl: DLL_THREAD_DETACH.
2025/09/18 08:53:01.2 CGraphWindow destroyed, 44 still active
2025/09/18 08:53:01.4 Export image takes 168ms
2025/09/18 08:53:01.4 GraphControl: DLL_THREAD_ATTACH.
2025/09/18 08:53:01.4 CGraphWindow #1012 created, 45 active
2025/09/18 08:53:01.9 GraphControl: DLL_THREAD_DETACH.
2025/09/18 08:53:01.9 CGraphWindow destroyed, 44 still active
2025/09/18 08:53:02.1 Export image takes 209ms
2025/09/18 08:53:02.1 GraphControl: DLL_THREAD_ATTACH.
2025/09/18 08:53:02.1 CGraphWindow #1013 created, 45 active
2025/09/18 08:53:02.5 GraphControl: DLL_THREAD_DETACH.
2025/09/18 08:53:02.6 CGraphWindow destroyed, 44 still active
2025/09/18 08:53:02.8 Export image takes 212ms
2025/09/18 08:53:02.8 GraphControl: DLL_THREAD_ATTACH.
2025/09/18 08:53:02.8 CGraphWindow #1014 created, 45 active
2025/09/18 08:53:03.2 GraphControl: DLL_THREAD_DETACH.
2025/09/18 08:53:03.2 CGraphWindow destroyed, 44 still active
2025/09/18 08:53:03.4 Export image takes 201ms
2025/09/18 08:53:03.4 GraphControl: DLL_THREAD_ATTACH.
2025/09/18 08:53:03.5 CGraphWindow #1015 created, 45 active
2025/09/18 08:53:03.9 GraphControl: DLL_THREAD_DETACH.
2025/09/18 08:53:03.9 CGraphWindow destroyed, 44 still active
2025/09/18 08:53:04.1 Export image takes 229ms
2025/09/18 08:53:04.1 GraphControl: DLL_THREAD_ATTACH.
2025/09/18 08:53:04.1 CGraphWindow #1016 created, 45 active
2025/09/18 08:53:04.5 GraphControl: DLL_THREAD_DETACH.
2025/09/18 08:53:04.6 CGraphWindow destroyed, 44 still active
2025/09/18 08:53:04.8 Export image takes 217ms
2025/09/18 08:53:04.8 GraphControl: DLL_THREAD_ATTACH.
2025/09/18 08:53:04.8 CGraphWindow #1017 created, 45 active
2025/09/18 08:53:05.0 GraphControl: DLL_THREAD_DETACH.
2025/09/18 08:53:05.3 GraphControl: DLL_THREAD_DETACH.
2025/09/18 08:53:05.3 CGraphWindow destroyed, 44 still active
2025/09/18 08:53:05.3 GraphControl: DLL_THREAD_ATTACH.
2025/09/18 08:53:05.5 Export image takes 191ms
2025/09/18 08:53:05.5 GraphControl: DLL_THREAD_ATTACH.
2025/09/18 08:53:05.5 CGraphWindow #1018 created, 45 active
2025/09/18 08:53:05.9 GraphControl: DLL_THREAD_DETACH.
2025/09/18 08:53:05.9 CGraphWindow destroyed, 44 still active
2025/09/18 08:53:06.1 Export image takes 174ms
2025/09/18 08:53:06.1 GraphControl: DLL_THREAD_ATTACH.
2025/09/18 08:53:06.1 CGraphWindow #1019 created, 45 active
2025/09/18 08:53:06.6 GraphControl: DLL_THREAD_DETACH.
2025/09/18 08:53:06.6 CGraphWindow destroyed, 44 still active
2025/09/18 08:53:06.7 Export image takes 170ms
2025/09/18 08:53:06.7 GraphControl: DLL_THREAD_ATTACH.
2025/09/18 08:53:06.8 CGraphWindow #1020 created, 45 active
2025/09/18 08:53:07.2 GraphControl: DLL_THREAD_DETACH.
2025/09/18 08:53:07.2 CGraphWindow destroyed, 44 still active
2025/09/18 08:53:07.4 Export image takes 181ms
2025/09/18 08:53:07.4 GraphControl: DLL_THREAD_ATTACH.
2025/09/18 08:53:07.4 CGraphWindow #1021 created, 45 active
2025/09/18 08:53:07.8 GraphControl: DLL_THREAD_DETACH.
2025/09/18 08:53:07.9 CGraphWindow destroyed, 44 still active
2025/09/18 08:53:08.1 Export image takes 227ms
2025/09/18 08:53:08.1 GraphControl: DLL_THREAD_ATTACH.
2025/09/18 08:53:08.1 CGraphWindow #1022 created, 45 active
2025/09/18 08:53:08.5 GraphControl: DLL_THREAD_DETACH.
2025/09/18 08:53:08.5 CGraphWindow destroyed, 44 still active
2025/09/18 08:53:08.7 Export image takes 189ms
2025/09/18 08:53:08.7 GraphControl: DLL_THREAD_ATTACH.
2025/09/18 08:53:08.7 CGraphWindow #1023 created, 45 active
2025/09/18 08:53:09.2 GraphControl: DLL_THREAD_DETACH.
2025/09/18 08:53:09.2 CGraphWindow destroyed, 44 still active
2025/09/18 08:53:09.4 Export image takes 180ms
2025/09/18 08:53:09.4 GraphControl: DLL_THREAD_ATTACH.
2025/09/18 08:53:09.4 CGraphWindow #1024 created, 45 active
2025/09/18 08:53:09.8 GraphControl: DLL_THREAD_DETACH.
2025/09/18 08:53:09.9 CGraphWindow destroyed, 44 still active
2025/09/18 08:53:10.1 Export image takes 221ms
2025/09/18 08:53:10.1 GraphControl: DLL_THREAD_ATTACH.
2025/09/18 08:53:10.1 CGraphWindow #1025 created, 45 active
2025/09/18 08:53:10.5 GraphControl: DLL_THREAD_DETACH.
2025/09/18 08:53:10.5 CGraphWindow destroyed, 44 still active
2025/09/18 08:53:10.7 Export image takes 169ms
2025/09/18 08:53:10.8 GraphControl: DLL_THREAD_ATTACH.
2025/09/18 08:53:10.8 CGraphWindow #1026 created, 45 active
2025/09/18 08:53:11.2 GraphControl: DLL_THREAD_DETACH.
2025/09/18 08:53:11.2 CGraphWindow destroyed, 44 still active
2025/09/18 08:53:11.5 Export image takes 265ms
2025/09/18 08:53:11.5 GraphControl: DLL_THREAD_ATTACH.
2025/09/18 08:53:11.5 CGraphWindow #1027 created, 45 active
2025/09/18 08:53:11.9 GraphControl: DLL_THREAD_DETACH.
2025/09/18 08:53:11.9 CGraphWindow destroyed, 44 still active
2025/09/18 08:53:12.1 Export image takes 197ms
2025/09/18 08:53:12.1 GraphControl: DLL_THREAD_ATTACH.
2025/09/18 08:53:12.1 CGraphWindow #1028 created, 45 active
2025/09/18 08:53:12.6 GraphControl: DLL_THREAD_DETACH.
2025/09/18 08:53:12.6 CGraphWindow destroyed, 44 still active
2025/09/18 08:53:12.8 Export image takes 201ms
2025/09/18 08:53:12.8 GraphControl: DLL_THREAD_ATTACH.
2025/09/18 08:53:12.8 CGraphWindow #1029 created, 45 active
2025/09/18 08:53:13.2 GraphControl: DLL_THREAD_DETACH.
2025/09/18 08:53:13.2 CGraphWindow destroyed, 44 still active
2025/09/18 08:53:13.4 Export image takes 170ms
2025/09/18 08:53:13.4 GraphControl: DLL_THREAD_ATTACH.
2025/09/18 08:53:13.4 CGraphWindow #1030 created, 45 active
2025/09/18 08:53:13.8 GraphControl: DLL_THREAD_DETACH.
2025/09/18 08:53:13.8 CGraphWindow destroyed, 44 still active
2025/09/18 08:53:14.0 Export image takes 188ms
2025/09/18 08:53:14.0 GraphControl: DLL_THREAD_ATTACH.
2025/09/18 08:53:14.0 CGraphWindow #1031 created, 45 active
2025/09/18 08:53:14.5 GraphControl: DLL_THREAD_DETACH.
2025/09/18 08:53:14.5 CGraphWindow destroyed, 44 still active
2025/09/18 08:53:14.7 Export image takes 199ms
2025/09/18 08:53:14.7 GraphControl: DLL_THREAD_ATTACH.
2025/09/18 08:53:14.7 CGraphWindow #1032 created, 45 active
2025/09/18 08:53:15.1 GraphControl: DLL_THREAD_DETACH.
2025/09/18 08:53:15.2 CGraphWindow destroyed, 44 still active
2025/09/18 08:53:15.3 Export image takes 188ms
2025/09/18 08:53:15.3 GraphControl: DLL_THREAD_ATTACH.
2025/09/18 08:53:15.4 CGraphWindow #1033 created, 45 active
2025/09/18 08:53:15.8 GraphControl: DLL_THREAD_DETACH.
2025/09/18 08:53:15.8 CGraphWindow destroyed, 44 still active
2025/09/18 08:53:16.0 Export image takes 174ms
2025/09/18 08:53:16.0 GraphControl: DLL_THREAD_ATTACH.
2025/09/18 08:53:16.0 CGraphWindow #1034 created, 45 active
2025/09/18 08:53:16.4 GraphControl: DLL_THREAD_DETACH.
2025/09/18 08:53:16.5 CGraphWindow destroyed, 44 still active
2025/09/18 08:53:16.6 Export image takes 200ms
2025/09/18 08:53:16.7 GraphControl: DLL_THREAD_ATTACH.
2025/09/18 08:53:16.7 CGraphWindow #1035 created, 45 active
2025/09/18 08:53:17.1 GraphControl: DLL_THREAD_DETACH.
2025/09/18 08:53:17.1 CGraphWindow destroyed, 44 still active
2025/09/18 08:53:17.3 Export image takes 189ms
2025/09/18 08:53:17.3 GraphControl: DLL_THREAD_ATTACH.
2025/09/18 08:53:17.3 CGraphWindow #1036 created, 45 active
2025/09/18 08:53:17.8 GraphControl: DLL_THREAD_DETACH.
2025/09/18 08:53:17.8 CGraphWindow destroyed, 44 still active
2025/09/18 08:53:18.0 Export image takes 186ms
2025/09/18 08:53:18.0 GraphControl: DLL_THREAD_ATTACH.
2025/09/18 08:53:18.0 CGraphWindow #1037 created, 45 active
2025/09/18 08:53:18.4 GraphControl: DLL_THREAD_DETACH.
2025/09/18 08:53:18.4 CGraphWindow destroyed, 44 still active
2025/09/18 08:53:18.6 Export image takes 198ms
2025/09/18 08:53:18.6 GraphControl: DLL_THREAD_ATTACH.
2025/09/18 08:53:18.6 CGraphWindow #1038 created, 45 active
2025/09/18 08:53:19.1 GraphControl: DLL_THREAD_DETACH.
2025/09/18 08:53:19.1 CGraphWindow destroyed, 44 still active
2025/09/18 08:53:19.3 Export image takes 184ms
2025/09/18 08:53:19.3 GraphControl: DLL_THREAD_ATTACH.
2025/09/18 08:53:19.3 CGraphWindow #1039 created, 45 active
2025/09/18 08:53:19.7 GraphControl: DLL_THREAD_DETACH.
2025/09/18 08:53:19.7 CGraphWindow destroyed, 44 still active
2025/09/18 08:53:20.0 Export image takes 260ms
2025/09/18 08:53:20.0 GraphControl: DLL_THREAD_ATTACH.
2025/09/18 08:53:20.0 CGraphWindow #1040 created, 45 active
2025/09/18 08:53:20.4 GraphControl: DLL_THREAD_DETACH.
2025/09/18 08:53:20.4 CGraphWindow destroyed, 44 still active
2025/09/18 08:53:20.6 Export image takes 184ms
2025/09/18 08:53:20.6 GraphControl: DLL_THREAD_ATTACH.
2025/09/18 08:53:20.6 CGraphWindow #1041 created, 45 active
2025/09/18 08:53:21.0 GraphControl: DLL_THREAD_DETACH.
2025/09/18 08:53:21.1 CGraphWindow destroyed, 44 still active
2025/09/18 08:53:21.3 Export image takes 240ms
2025/09/18 08:53:21.3 GraphControl: DLL_THREAD_ATTACH.
2025/09/18 08:53:21.3 CGraphWindow #1042 created, 45 active
2025/09/18 08:53:21.7 GraphControl: DLL_THREAD_DETACH.
2025/09/18 08:53:21.8 CGraphWindow destroyed, 44 still active
2025/09/18 08:53:22.0 Export image takes 261ms
2025/09/18 08:53:22.0 GraphControl: DLL_THREAD_ATTACH.
2025/09/18 08:53:22.0 CGraphWindow #1043 created, 45 active
2025/09/18 08:53:22.5 GraphControl: DLL_THREAD_DETACH.
2025/09/18 08:53:22.5 CGraphWindow destroyed, 44 still active
2025/09/18 08:53:22.8 Export image takes 234ms
2025/09/18 08:53:22.8 GraphControl: DLL_THREAD_ATTACH.
2025/09/18 08:53:22.8 CGraphWindow #1044 created, 45 active
2025/09/18 08:53:23.2 GraphControl: DLL_THREAD_DETACH.
2025/09/18 08:53:23.2 CGraphWindow destroyed, 44 still active
2025/09/18 08:53:23.4 Export image takes 210ms
2025/09/18 08:53:23.4 GraphControl: DLL_THREAD_ATTACH.
2025/09/18 08:53:23.4 CGraphWindow #1045 created, 45 active
2025/09/18 08:53:23.9 GraphControl: DLL_THREAD_DETACH.
2025/09/18 08:53:23.9 CGraphWindow destroyed, 44 still active
2025/09/18 08:53:24.1 Export image takes 183ms
2025/09/18 08:53:24.1 GraphControl: DLL_THREAD_ATTACH.
2025/09/18 08:53:24.1 CGraphWindow #1046 created, 45 active
2025/09/18 08:53:24.5 GraphControl: DLL_THREAD_DETACH.
2025/09/18 08:53:24.5 CGraphWindow destroyed, 44 still active
2025/09/18 08:53:24.8 Export image takes 235ms
2025/09/18 08:53:24.8 GraphControl: DLL_THREAD_ATTACH.
2025/09/18 08:53:24.8 CGraphWindow #1047 created, 45 active
2025/09/18 08:53:25.2 GraphControl: DLL_THREAD_DETACH.
2025/09/18 08:53:25.2 CGraphWindow destroyed, 44 still active
2025/09/18 08:53:25.4 Export image takes 195ms
2025/09/18 08:53:25.4 GraphControl: DLL_THREAD_ATTACH.
2025/09/18 08:53:25.5 CGraphWindow #1048 created, 45 active
2025/09/18 08:53:25.9 GraphControl: DLL_THREAD_DETACH.
2025/09/18 08:53:25.9 CGraphWindow destroyed, 44 still active
2025/09/18 08:53:26.1 Export image takes 226ms
2025/09/18 08:53:26.1 GraphControl: DLL_THREAD_ATTACH.
2025/09/18 08:53:26.1 CGraphWindow #1049 created, 45 active
2025/09/18 08:53:26.5 GraphControl: DLL_THREAD_DETACH.
2025/09/18 08:53:26.5 CGraphWindow destroyed, 44 still active
2025/09/18 08:53:26.7 Export image takes 181ms
2025/09/18 08:53:26.7 GraphControl: DLL_THREAD_ATTACH.
2025/09/18 08:53:26.7 CGraphWindow #1050 created, 45 active
2025/09/18 08:53:27.2 GraphControl: DLL_THREAD_DETACH.
2025/09/18 08:53:27.2 CGraphWindow destroyed, 44 still active
2025/09/18 08:53:27.4 Export image takes 191ms
2025/09/18 08:53:27.4 GraphControl: DLL_THREAD_ATTACH.
2025/09/18 08:53:27.4 CGraphWindow #1051 created, 45 active
2025/09/18 08:53:27.8 GraphControl: DLL_THREAD_DETACH.
2025/09/18 08:53:27.8 CGraphWindow destroyed, 44 still active
2025/09/18 08:53:28.0 Export image takes 218ms
2025/09/18 08:53:28.0 GraphControl: DLL_THREAD_ATTACH.
2025/09/18 08:53:28.0 CGraphWindow #1052 created, 45 active
2025/09/18 08:53:28.5 GraphControl: DLL_THREAD_DETACH.
2025/09/18 08:53:28.5 CGraphWindow destroyed, 44 still active
2025/09/18 08:53:28.7 Export image takes 184ms
2025/09/18 08:53:28.7 GraphControl: DLL_THREAD_ATTACH.
2025/09/18 08:53:28.7 CGraphWindow #1053 created, 45 active
2025/09/18 08:53:29.2 GraphControl: DLL_THREAD_DETACH.
2025/09/18 08:53:29.2 CGraphWindow destroyed, 44 still active
2025/09/18 08:53:29.4 Export image takes 203ms
2025/09/18 08:53:29.4 GraphControl: DLL_THREAD_ATTACH.
2025/09/18 08:53:29.4 CGraphWindow #1054 created, 45 active
2025/09/18 08:53:29.8 GraphControl: DLL_THREAD_DETACH.
2025/09/18 08:53:29.8 CGraphWindow destroyed, 44 still active
2025/09/18 08:53:30.0 Export image takes 183ms
2025/09/18 08:53:30.0 GraphControl: DLL_THREAD_ATTACH.
2025/09/18 08:53:30.0 CGraphWindow #1055 created, 45 active
2025/09/18 08:53:30.4 GraphControl: DLL_THREAD_DETACH.
2025/09/18 08:53:30.4 CGraphWindow destroyed, 44 still active
2025/09/18 08:53:30.7 Export image takes 204ms
2025/09/18 08:53:30.7 GraphControl: DLL_THREAD_ATTACH.
2025/09/18 08:53:30.7 CGraphWindow #1056 created, 45 active
2025/09/18 08:53:31.2 GraphControl: DLL_THREAD_DETACH.
2025/09/18 08:53:31.2 CGraphWindow destroyed, 44 still active
2025/09/18 08:53:31.4 Export image takes 200ms
2025/09/18 08:53:31.4 GraphControl: DLL_THREAD_ATTACH.
2025/09/18 08:53:31.4 CGraphWindow #1057 created, 45 active
2025/09/18 08:53:31.8 GraphControl: DLL_THREAD_DETACH.
2025/09/18 08:53:31.8 CGraphWindow destroyed, 44 still active
2025/09/18 08:53:32.0 Export image takes 198ms
2025/09/18 08:53:32.0 GraphControl: DLL_THREAD_ATTACH.
2025/09/18 08:53:32.0 CGraphWindow #1058 created, 45 active
2025/09/18 08:53:32.5 GraphControl: DLL_THREAD_DETACH.
2025/09/18 08:53:32.5 CGraphWindow destroyed, 44 still active
2025/09/18 08:53:32.7 Export image takes 198ms
2025/09/18 08:53:32.7 GraphControl: DLL_THREAD_ATTACH.
2025/09/18 08:53:32.7 CGraphWindow #1059 created, 45 active
2025/09/18 08:53:33.1 GraphControl: DLL_THREAD_DETACH.
2025/09/18 08:53:33.2 CGraphWindow destroyed, 44 still active
2025/09/18 08:53:33.5 Export image takes 295ms
2025/09/18 08:53:33.5 GraphControl: DLL_THREAD_ATTACH.
2025/09/18 08:53:33.5 CGraphWindow #1060 created, 45 active
2025/09/18 08:53:33.9 GraphControl: DLL_THREAD_DETACH.
2025/09/18 08:53:33.9 CGraphWindow destroyed, 44 still active
2025/09/18 08:53:34.1 Export image takes 200ms
2025/09/18 08:53:34.1 GraphControl: DLL_THREAD_ATTACH.
2025/09/18 08:53:34.1 CGraphWindow #1061 created, 45 active
2025/09/18 08:53:34.6 GraphControl: DLL_THREAD_DETACH.
2025/09/18 08:53:34.6 CGraphWindow destroyed, 44 still active
2025/09/18 08:53:34.8 Export image takes 211ms
2025/09/18 08:53:34.8 GraphControl: DLL_THREAD_ATTACH.
2025/09/18 08:53:34.8 CGraphWindow #1062 created, 45 active
2025/09/18 08:53:35.2 GraphControl: DLL_THREAD_DETACH.
2025/09/18 08:53:35.3 CGraphWindow destroyed, 44 still active
2025/09/18 08:53:35.4 Export image takes 190ms
2025/09/18 08:53:35.4 GraphControl: DLL_THREAD_ATTACH.
2025/09/18 08:53:35.5 CGraphWindow #1063 created, 45 active
2025/09/18 08:53:35.9 GraphControl: DLL_THREAD_DETACH.
2025/09/18 08:53:35.9 CGraphWindow destroyed, 44 still active
2025/09/18 08:53:36.1 Export image takes 188ms
2025/09/18 08:53:36.1 GraphControl: DLL_THREAD_ATTACH.
2025/09/18 08:53:36.1 CGraphWindow #1064 created, 45 active
2025/09/18 08:53:36.5 GraphControl: DLL_THREAD_DETACH.
2025/09/18 08:53:36.5 CGraphWindow destroyed, 44 still active
2025/09/18 08:53:36.7 Export image takes 189ms
2025/09/18 08:53:36.7 GraphControl: DLL_THREAD_ATTACH.
2025/09/18 08:53:36.8 CGraphWindow #1065 created, 45 active
2025/09/18 08:53:37.2 GraphControl: DLL_THREAD_DETACH.
2025/09/18 08:53:37.2 CGraphWindow destroyed, 44 still active
2025/09/18 08:53:37.4 Export image takes 190ms
2025/09/18 08:53:37.4 GraphControl: DLL_THREAD_ATTACH.
2025/09/18 08:53:37.4 CGraphWindow #1066 created, 45 active
2025/09/18 08:53:37.8 GraphControl: DLL_THREAD_DETACH.
2025/09/18 08:53:37.9 CGraphWindow destroyed, 44 still active
2025/09/18 08:53:38.1 Export image takes 205ms
2025/09/18 08:53:38.1 GraphControl: DLL_THREAD_ATTACH.
2025/09/18 08:53:38.1 CGraphWindow #1067 created, 45 active
2025/09/18 08:53:38.5 GraphControl: DLL_THREAD_DETACH.
2025/09/18 08:53:38.5 CGraphWindow destroyed, 44 still active
2025/09/18 08:53:38.7 Export image takes 186ms
2025/09/18 08:53:38.7 GraphControl: DLL_THREAD_ATTACH.
2025/09/18 08:53:38.7 CGraphWindow #1068 created, 45 active
2025/09/18 08:53:39.2 GraphControl: DLL_THREAD_DETACH.
2025/09/18 08:53:39.2 CGraphWindow destroyed, 44 still active
2025/09/18 08:53:39.4 Export image takes 205ms
2025/09/18 08:53:39.4 GraphControl: DLL_THREAD_ATTACH.
2025/09/18 08:53:39.4 CGraphWindow #1069 created, 45 active
2025/09/18 08:53:39.8 GraphControl: DLL_THREAD_DETACH.
2025/09/18 08:53:39.9 CGraphWindow destroyed, 44 still active
2025/09/18 08:53:40.1 Export image takes 213ms
2025/09/18 08:53:40.1 GraphControl: DLL_THREAD_ATTACH.
2025/09/18 08:53:40.1 CGraphWindow #1070 created, 45 active
2025/09/18 08:53:40.5 GraphControl: DLL_THREAD_DETACH.
2025/09/18 08:53:40.5 CGraphWindow destroyed, 44 still active
2025/09/18 08:53:40.8 Export image takes 278ms
2025/09/18 08:53:46.6 GraphControl: DLL_THREAD_ATTACH.
2025/09/18 08:53:46.6 GraphControl: DLL_THREAD_ATTACH.
2025/09/18 08:53:46.6 GraphControl: DLL_THREAD_ATTACH.
2025/09/18 08:53:46.6 GraphControl: DLL_THREAD_DETACH.
2025/09/18 08:53:55.8 GraphControl: DLL_THREAD_DETACH.
2025/09/18 08:54:00.3 GraphControl: DLL_THREAD_DETACH.
2025/09/18 08:54:18.8 GraphControl: DLL_THREAD_ATTACH.
2025/09/18 08:54:53.6 GraphControl: DLL_THREAD_DETACH.
2025/09/18 08:54:53.6 GraphControl: DLL_THREAD_DETACH.
2025/09/18 08:54:53.6 GraphControl: DLL_THREAD_DETACH.
2025/09/18 08:55:25.8 GraphControl: DLL_THREAD_DETACH.
2025/09/18 08:55:47.2 GraphControl: DLL_THREAD_ATTACH.
2025/09/18 08:56:54.2 GraphControl: DLL_THREAD_DETACH.
2025/09/18 08:57:48.8 GraphControl: DLL_THREAD_DETACH.
2025/09/18 08:59:30.2 GraphControl: DLL_THREAD_ATTACH.
2025/09/18 09:00:37.2 GraphControl: DLL_THREAD_DETACH.
2025/09/18 10:55:57.0 SaveXmlDocument \\FS2\shares\Shared\Molly\Method Development\Serum Stability\25-09-04 FD-005 Serum Stability Method Development\Affinity\250917 FD-005 unpurified protein R2\HTSettings.efrd
2025/09/18 10:55:57.1 SaveXmlDocument \\FS2\shares\Shared\Molly\Method Development\Serum Stability\25-09-04 FD-005 Serum Stability Method Development\Affinity\250917 FD-005 unpurified protein R2\HTSettings.efrd
2025/09/18 10:55:57.1 SaveXmlDocument \\FS2\shares\Shared\Molly\Method Development\Serum Stability\25-09-04 FD-005 Serum Stability Method Development\Affinity\250917 FD-005 unpurified protein R2\HTSettings.efrd
2025/09/18 10:55:57.2 DFIO: Finished writing \\FS2\shares\Shared\Molly\Method Development\Serum Stability\25-09-04 FD-005 Serum Stability Method Development\Affinity\250917 FD-005 unpurified protein R2\250917_Manifest.fmx
2025/09/18 10:55:57.3 SaveXmlDocument \\FS2\shares\Shared\Molly\Method Development\Serum Stability\25-09-04 FD-005 Serum Stability Method Development\Affinity\250917 FD-005 unpurified protein R2\HTSettings.efrd
2025/09/18 10:55:57.4 SaveXmlDocument \\FS2\shares\Shared\Molly\Method Development\Serum Stability\25-09-04 FD-005 Serum Stability Method Development\Affinity\250917 FD-005 unpurified protein R2\HTSettings.efrd
2025/09/18 10:55:57.5 GraphControl: DLL_THREAD_DETACH.
2025/09/18 10:55:57.5 CGraphWindow destroyed, 43 still active
2025/09/18 10:55:57.5 GraphControl: DLL_THREAD_DETACH.
2025/09/18 10:55:57.5 CGraphWindow destroyed, 42 still active
2025/09/18 10:55:57.5 GraphControl: DLL_THREAD_DETACH.
2025/09/18 10:55:57.5 CGraphWindow destroyed, 41 still active
2025/09/18 10:55:57.5 GraphControl: DLL_THREAD_DETACH.
2025/09/18 10:55:57.5 CGraphWindow destroyed, 40 still active
2025/09/18 10:55:57.5 GraphControl: DLL_THREAD_DETACH.
2025/09/18 10:55:57.5 CGraphWindow destroyed, 39 still active
2025/09/18 10:55:57.5 GraphControl: DLL_THREAD_DETACH.
2025/09/18 10:55:57.6 CGraphWindow destroyed, 38 still active
2025/09/18 10:55:57.6 GraphControl: DLL_THREAD_DETACH.
2025/09/18 10:55:57.6 CGraphWindow destroyed, 37 still active
2025/09/18 10:55:57.6 GraphControl: DLL_THREAD_DETACH.
2025/09/18 10:55:57.6 CGraphWindow destroyed, 36 still active
2025/09/18 10:55:57.6 GraphControl: DLL_THREAD_DETACH.
2025/09/18 10:55:57.6 CGraphWindow destroyed, 35 still active
2025/09/18 10:55:57.6 GraphControl: DLL_THREAD_DETACH.
2025/09/18 10:55:57.6 CGraphWindow destroyed, 34 still active
2025/09/18 10:55:57.6 GraphControl: DLL_THREAD_DETACH.
2025/09/18 10:55:57.6 CGraphWindow destroyed, 33 still active
2025/09/18 10:55:57.6 GraphControl: DLL_THREAD_DETACH.
2025/09/18 10:55:57.7 CGraphWindow destroyed, 32 still active
2025/09/18 10:55:57.7 GraphControl: DLL_THREAD_DETACH.
2025/09/18 10:55:57.7 CGraphWindow destroyed, 31 still active
2025/09/18 10:55:57.7 GraphControl: DLL_THREAD_DETACH.
2025/09/18 10:55:57.7 CGraphWindow destroyed, 30 still active
2025/09/18 10:55:57.7 GraphControl: DLL_THREAD_DETACH.
2025/09/18 10:55:57.7 CGraphWindow destroyed, 29 still active
2025/09/18 10:55:57.7 GraphControl: DLL_THREAD_DETACH.
2025/09/18 10:55:57.7 CGraphWindow destroyed, 28 still active
2025/09/18 10:55:57.7 GraphControl: DLL_THREAD_DETACH.
2025/09/18 10:55:57.7 CGraphWindow destroyed, 27 still active
2025/09/18 10:55:57.7 GraphControl: DLL_THREAD_DETACH.
2025/09/18 10:55:57.8 CGraphWindow destroyed, 26 still active
2025/09/18 10:55:57.8 GraphControl: DLL_THREAD_DETACH.
2025/09/18 10:55:57.8 CGraphWindow destroyed, 25 still active
2025/09/18 10:55:57.8 GraphControl: DLL_THREAD_DETACH.
2025/09/18 10:55:57.8 CGraphWindow destroyed, 24 still active
2025/09/18 10:55:57.8 GraphControl: DLL_THREAD_DETACH.
2025/09/18 10:55:57.8 CGraphWindow destroyed, 23 still active
2025/09/18 10:55:57.8 GraphControl: DLL_THREAD_DETACH.
2025/09/18 10:55:57.8 CGraphWindow destroyed, 22 still active
2025/09/18 10:55:57.8 GraphControl: DLL_THREAD_DETACH.
2025/09/18 10:55:57.8 CGraphWindow destroyed, 21 still active
2025/09/18 10:55:57.8 GraphControl: DLL_THREAD_DETACH.
2025/09/18 10:55:57.8 CGraphWindow destroyed, 20 still active
2025/09/18 10:55:57.8 GraphControl: DLL_THREAD_DETACH.
2025/09/18 10:55:57.9 CGraphWindow destroyed, 19 still active
2025/09/18 10:55:57.9 GraphControl: DLL_THREAD_DETACH.
2025/09/18 10:55:57.9 CGraphWindow destroyed, 18 still active
2025/09/18 10:55:57.9 GraphControl: DLL_THREAD_DETACH.
2025/09/18 10:55:57.9 CGraphWindow destroyed, 17 still active
2025/09/18 10:55:57.9 GraphControl: DLL_THREAD_DETACH.
2025/09/18 10:55:57.9 CGraphWindow destroyed, 16 still active
2025/09/18 10:55:57.9 GraphControl: DLL_THREAD_DETACH.
2025/09/18 10:55:57.9 CGraphWindow destroyed, 15 still active
2025/09/18 10:55:57.9 GraphControl: DLL_THREAD_DETACH.
2025/09/18 10:55:57.9 CGraphWindow destroyed, 14 still active
2025/09/18 10:55:57.9 GraphControl: DLL_THREAD_DETACH.
2025/09/18 10:55:58.0 CGraphWindow destroyed, 13 still active
2025/09/18 10:55:58.0 GraphControl: DLL_THREAD_DETACH.
2025/09/18 10:55:58.0 CGraphWindow destroyed, 12 still active
2025/09/18 10:55:58.0 GraphControl: DLL_THREAD_DETACH.
2025/09/18 10:55:58.0 CGraphWindow destroyed, 11 still active
2025/09/18 10:55:58.0 GraphControl: DLL_THREAD_DETACH.
2025/09/18 10:55:58.0 CGraphWindow destroyed, 10 still active
2025/09/18 10:55:58.0 GraphControl: DLL_THREAD_DETACH.
2025/09/18 10:55:58.0 CGraphWindow destroyed, 9 still active
2025/09/18 10:55:58.0 GraphControl: DLL_THREAD_DETACH.
2025/09/18 10:55:58.0 CGraphWindow destroyed, 8 still active
2025/09/18 10:55:58.1 _kinAssayTabControl (created at 9/18/2025 8:36:15 AM) cleared and disposed.
2025/09/18 10:55:58.1 GraphControl: DLL_THREAD_DETACH.
2025/09/18 10:55:58.1 GraphControl: DLL_THREAD_DETACH.
2025/09/18 10:55:58.2 GraphControl: DLL_THREAD_DETACH.
2025/09/18 10:55:58.2 GraphControl: DLL_THREAD_DETACH.
2025/09/18 10:55:58.2 GraphControl: DLL_THREAD_DETACH.
2025/09/18 10:55:58.2 CGraphWindow destroyed, 7 still active
2025/09/18 10:55:58.2 GraphControl: DLL_THREAD_DETACH.
2025/09/18 10:55:58.2 CGraphWindow destroyed, 6 still active
2025/09/18 10:55:58.3 GraphControl: DLL_THREAD_ATTACH.
2025/09/18 10:55:58.4 GraphControl: DLL_THREAD_DETACH.
2025/09/18 10:55:58.4 CGraphWindow destroyed, 5 still active
2025/09/18 10:55:58.4 Document count 0
2025/09/18 10:55:58.5 GraphControl: DLL_THREAD_ATTACH.
2025/09/18 10:55:58.5 GraphControl: DLL_THREAD_DETACH.
2025/09/18 10:55:58.5 GraphControl: DLL_THREAD_DETACH.
2025/09/18 10:55:58.5 GraphControl: DLL_THREAD_DETACH.
2025/09/18 10:55:58.5 GraphControl: DLL_THREAD_DETACH.
2025/09/18 10:55:58.5 CGraphWindow destroyed, 4 still active
2025/09/18 10:55:58.6 GraphControl: DLL_THREAD_DETACH.
2025/09/18 10:55:58.6 GraphControl: DLL_THREAD_DETACH.
2025/09/18 10:55:58.6 GraphControl: DLL_THREAD_DETACH.
2025/09/18 10:55:58.6 GraphControl: DLL_THREAD_DETACH.
2025/09/18 10:55:58.6 GraphControl: DLL_THREAD_DETACH.
2025/09/18 10:55:58.7 GraphControl: DLL_THREAD_DETACH.
2025/09/18 10:55:58.7 GraphControl: DLL_THREAD_ATTACH.
2025/09/18 10:55:58.7 GraphControl: DLL_THREAD_ATTACH.
2025/09/18 10:55:58.7 GraphControl: DLL_THREAD_ATTACH.
2025/09/18 10:55:58.7 GraphControl: DLL_PROCESS_DETACH.
2025/09/18 10:55:58.7 MultiWellPlate: DLL_PROCESS_DETACH.
2025/09/18 10:55:58.7 DataSecurity: DLL_PROCESS_DETACH.
2025/09/21 19:45:09.2 GraphControl: DLL_THREAD_ATTACH.
2025/09/21 19:45:29.2 GraphControl: DLL_THREAD_DETACH.
2025/09/22 14:28:51.6 SetHeaterTemperature 30.0
2025/09/22 14:28:51.7 Temp: 2025/09/22 14:28:51, 30.0000
2025/09/22 14:28:51.7 bShakeWhileWaiting=1, nShakerRPM=400
2025/09/22 14:28:51.8 DELAYED START: Waiting for 600 s
2025/09/22 14:28:51.8 Old State:4-ENGN_State_SystemReady New State:ENGN_State_ControllerBusy
2025/09/22 14:28:51.9 GMC_SetPosZ
2025/09/22 14:28:52.1 GMC_ServoHere
2025/09/22 14:28:52.2 GMC_SetPosXY
2025/09/22 14:28:52.4 GMC_SetPosZ
2025/09/22 14:28:52.8 StartShaker(400)
2025/09/22 14:28:52.8 Old State:29-ENGN_State_ControllerBusy New State:ENGN_State_ControllerDone
2025/09/22 14:28:52.9 Old State:30-ENGN_State_ControllerDone New State:ENGN_State_SystemReady
2025/09/22 14:29:52.0 Temp: 2025/09/22 14:29:52, 30.0000
2025/09/22 14:30:52.0 Temp: 2025/09/22 14:30:52, 30.0000
2025/09/22 14:31:52.1 Temp: 2025/09/22 14:31:52, 30.0000
2025/09/22 14:32:52.2 Temp: 2025/09/22 14:32:52, 30.0000
2025/09/22 14:33:52.2 Temp: 2025/09/22 14:33:52, 30.0000
2025/09/22 14:34:52.3 Temp: 2025/09/22 14:34:52, 30.0000
2025/09/22 14:35:52.4 Temp: 2025/09/22 14:35:52, 30.0000
2025/09/22 14:36:52.4 Temp: 2025/09/22 14:36:52, 30.0000
2025/09/22 14:37:52.5 Temp: 2025/09/22 14:37:52, 30.0000
2025/09/22 14:38:52.5 Temp: 2025/09/22 14:38:52, 30.0000
2025/09/22 14:38:53.1 DELAYED START: Done.
2025/09/22 14:38:53.1 Starting new assay
2025/09/22 14:38:53.3 Old State:4-ENGN_State_SystemReady New State:ENGN_StateRunning_StartNewStep
2025/09/22 14:38:53.4 Plate 1 temperature = 30 C
2025/09/22 14:38:53.5 Old State:6-ENGN_StateRunning_StartNewStep New State:ENGN_StateRunning_WaitPickingSensors
2025/09/22 14:38:53.5 Pick(0, 2)
2025/09/22 14:38:53.6 Temp: 2025/09/22 14:38:53, 30.0000
2025/09/22 14:38:53.6 GMC_SetPosZ
2025/09/22 14:38:53.7 Old State:7-ENGN_StateRunning_WaitPickingSensors New State:ENGN_StateRunning_PickingSensors
2025/09/22 14:38:53.8 GMC_ServoHere
2025/09/22 14:38:53.9 GMC_SetPosXY
2025/09/22 14:38:56.1 GMC_SetPosZ
2025/09/22 14:39:01.5 GMC_SetPosZ
2025/09/22 14:39:02.0 Old State:8-ENGN_StateRunning_PickingSensors New State:ENGN_StateRunning_CheckingSensors
2025/09/22 14:39:02.2 
2025/09/22 14:39:02.2 Detect Sensors
2025/09/22 14:39:02.2 ==============
2025/09/22 14:39:02.2 1	YES		6.6	5722.3
2025/09/22 14:39:02.2 2	YES		6.2	5309.7
2025/09/22 14:39:02.2 3	YES		6.2	6947.7
2025/09/22 14:39:02.2 4	NO 		6.2	9.8
2025/09/22 14:39:02.2 5	NO 		5.8	8.3
2025/09/22 14:39:02.2 6	NO 		6.8	9.0
2025/09/22 14:39:02.2 7	NO 		6.1	8.6
2025/09/22 14:39:02.2 8	NO 		6.6	9.1
2025/09/22 14:39:02.2 
2025/09/22 14:39:02.4 CH1: Correction Factor = 2.42352
2025/09/22 14:39:02.4 CH2: Correction Factor = 2.5852
2025/09/22 14:39:02.4 CH3: Correction Factor = 2.05873
2025/09/22 14:39:02.5 CH1: Correction Factor = 1.0737
2025/09/22 14:39:02.5 CH2: Correction Factor = 1.09133
2025/09/22 14:39:02.5 CH3: Correction Factor = 1.06767
2025/09/22 14:39:02.7 CH1: Correction Factor = 1.00853
2025/09/22 14:39:02.7 CH2: Correction Factor = 0.998908
2025/09/22 14:39:02.7 CH3: Correction Factor = 1.01088
2025/09/22 14:39:02.8 CH1: Correction Factor = 1.00197
2025/09/22 14:39:02.8 CH2: Correction Factor = 1.00186
2025/09/22 14:39:02.8 CH3: Correction Factor = 0.996305
2025/09/22 14:39:03.0 CH1: Correction Factor = 0.99868
2025/09/22 14:39:03.0 CH2: Correction Factor = 0.999097
2025/09/22 14:39:03.0 CH3: Correction Factor = 0.999957
2025/09/22 14:39:03.2 CH1: Correction Factor = 1.00181
2025/09/22 14:39:03.2 CH2: Correction Factor = 0.998889
2025/09/22 14:39:03.2 CH3: Correction Factor = 1.00019
2025/09/22 14:39:03.2 Sensor 1: Integration Time = 2.63 ms
2025/09/22 14:39:03.2 Sensor 2: Integration Time = 2.82 ms
2025/09/22 14:39:03.2 Sensor 3: Integration Time = 2.21 ms
2025/09/22 14:39:03.2 WaitControllerIdle(30000)
2025/09/22 14:39:03.3 GMC_HomeZ
2025/09/22 14:39:09.9 GMC_SetPosZ
2025/09/22 14:39:10.3 GMC_ServoHere
2025/09/22 14:39:10.6 Old State:9-ENGN_StateRunning_CheckingSensors New State:ENGN_StateRunning_PickingSensorsComplete
2025/09/22 14:39:10.6 StartShaker(400)
2025/09/22 14:39:10.6 Integration Time: 2.63,2.82,2.21,1.00,1.00,1.00,1.00,1.00,
2025/09/22 14:39:10.7 Plate 1 temperature = 30 C
2025/09/22 14:39:10.7 Pickups: 3008, Warn: 90, Error: 100
2025/09/22 14:39:10.9 Old State:10-ENGN_StateRunning_PickingSensorsComplete New State:ENGN_StateRunning_WaitGoingToSample
2025/09/22 14:39:10.9 Sample96_Q(0, 0, 10)
2025/09/22 14:39:11.0 
2025/09/22 14:39:11.0 START SCAN: 
2025/09/22 14:39:11.0    CycleTime (ms)    = 200
2025/09/22 14:39:11.0    CycleCount        = 25
2025/09/22 14:39:11.0    ScansToAverage    = 20
2025/09/22 14:39:11.0    FinishTime (s)    = 5
2025/09/22 14:39:11.0    Temperature       = 30.0
2025/09/22 14:39:11.0    Lamp Power        = 36
2025/09/22 14:39:11.0    Spec PCB temps    = 40.1, 40.7, 40.8, 40.6, 40.8, 40.9, 38.9, 39.8
2025/09/22 14:39:11.0 
2025/09/22 14:39:11.0 GMC_SetPosZ
2025/09/22 14:39:11.1 Old State:12-ENGN_StateRunning_WaitGoingToSample New State:ENGN_StateRunning_GoingToSample
2025/09/22 14:39:11.2 GMC_ServoHere
2025/09/22 14:39:11.4 GMC_SetPosXY
2025/09/22 14:39:13.6 GMC_SetPosZ
2025/09/22 14:39:18.5 Old State:13-ENGN_StateRunning_GoingToSample New State:ENGN_StateRunning_GoingToSampleComplete
2025/09/22 14:39:18.6 Old State:14-cycle=1, Elapsed Time:    0.0,  Ideal Time:    0.0,  Delay time =   0.00  New State:ENGN_StateRunning_WaitSampling
2025/09/22 14:39:18.6 Step started at: 14:39:11
2025/09/22 14:39:18.6 XYZ movement time  = 7562 ms + Scan start delay = 7518 ms
2025/09/22 14:39:18.7 Old State:15-ENGN_StateRunning_WaitSampling New State:ENGN_StateRunning_Sampling
2025/09/22 14:39:23.4 
2025/09/22 14:39:23.4 STOP SCAN: 
2025/09/22 14:39:23.4    CycleTime (ms)    = 200
2025/09/22 14:39:23.4    CurrentCycle      = 25
2025/09/22 14:39:23.4    RunTime (ms)      = 4956
2025/09/22 14:39:23.4    AverageCycle (ms) = 198.2
2025/09/22 14:39:23.4    Temperature       = 30.0
2025/09/22 14:39:23.4    DATA OVERRUN %    = 0.00
2025/09/22 14:39:23.4    Spec PCB temps    = 40.1, 40.7, 40.8, 40.7, 40.8, 40.9, 38.9, 39.8
2025/09/22 14:39:23.4 
2025/09/22 14:39:23.5 Old State:16-cycle=25, Elapsed Time:    5.0,  Ideal Time:    4.8,  Delay time =   0.05  New State:ENGN_StateRunning_SamplingComplete
2025/09/22 14:39:23.6 Old State:18-ENGN_StateRunning_SamplingComplete New State:ENGN_StateRunning_WaitNewStep
2025/09/22 14:39:23.8 Old State:5-ENGN_StateRunning_WaitNewStep New State:ENGN_StateRunning_StartNewStep
2025/09/22 14:39:23.8 StartShaker(400)
2025/09/22 14:39:24.2 Old State:6-ENGN_StateRunning_StartNewStep New State:ENGN_StateRunning_WaitGoingToSample
2025/09/22 14:39:24.2 Sample96_Q(0, 0, 11)
2025/09/22 14:39:24.2 Temp: 2025/09/22 14:39:24, 30.0000
2025/09/22 14:39:24.2 GMC_SetPosZ
2025/09/22 14:39:24.3 
2025/09/22 14:39:24.3 START SCAN: 
2025/09/22 14:39:24.3    CycleTime (ms)    = 200
2025/09/22 14:39:24.3    CycleCount        = 25
2025/09/22 14:39:24.3    ScansToAverage    = 20
2025/09/22 14:39:24.3    FinishTime (s)    = 5
2025/09/22 14:39:24.3    Temperature       = 30.0
2025/09/22 14:39:24.3    Lamp Power        = 36
2025/09/22 14:39:24.3    Spec PCB temps    = 40.1, 40.7, 40.8, 40.7, 40.8, 40.9, 38.9, 39.8
2025/09/22 14:39:24.3 
2025/09/22 14:39:24.4 Old State:12-ENGN_StateRunning_WaitGoingToSample New State:ENGN_StateRunning_GoingToSample
2025/09/22 14:39:29.1 GMC_ServoHere
2025/09/22 14:39:29.2 GMC_SetPosXY
2025/09/22 14:39:29.6 GMC_SetPosZ
2025/09/22 14:39:35.0 Old State:13-cycle=1, Elapsed Time:    0.0,  Ideal Time:    0.0,  Delay time =   0.00  New State:ENGN_StateRunning_GoingToSampleComplete
2025/09/22 14:39:35.1 Old State:14-ENGN_StateRunning_GoingToSampleComplete New State:ENGN_StateRunning_WaitSampling
2025/09/22 14:39:35.1 Step started at: 14:39:24
2025/09/22 14:39:35.1 XYZ movement time  = 10649 ms + Scan start delay = 10642 ms
2025/09/22 14:39:35.2 Old State:15-ENGN_StateRunning_WaitSampling New State:ENGN_StateRunning_Sampling
2025/09/22 14:39:39.8 
2025/09/22 14:39:39.8 STOP SCAN: 
2025/09/22 14:39:39.8    CycleTime (ms)    = 200
2025/09/22 14:39:39.8    CurrentCycle      = 25
2025/09/22 14:39:39.8    RunTime (ms)      = 4957
2025/09/22 14:39:39.8    AverageCycle (ms) = 198.3
2025/09/22 14:39:39.8    Temperature       = 30.0
2025/09/22 14:39:39.8    DATA OVERRUN %    = 0.00
2025/09/22 14:39:39.8    Spec PCB temps    = 40.1, 40.7, 40.8, 40.7, 40.7, 40.9, 38.9, 39.8
2025/09/22 14:39:39.8 
2025/09/22 14:39:39.9 Old State:16-cycle=25, Elapsed Time:    5.0,  Ideal Time:    4.8,  Delay time =   0.03  New State:ENGN_StateRunning_SamplingComplete
2025/09/22 14:39:40.0 Old State:18-ENGN_StateRunning_SamplingComplete New State:ENGN_StateRunning_WaitNewStep
2025/09/22 14:39:40.3 Old State:5-ENGN_StateRunning_WaitNewStep New State:ENGN_StateRunning_StartNewStep
2025/09/22 14:39:40.4 StartShaker(400)
2025/09/22 14:39:40.6 Temp: 2025/09/22 14:39:40, 30.0000
2025/09/22 14:39:40.7 Old State:6-ENGN_StateRunning_StartNewStep New State:ENGN_StateRunning_WaitGoingToSample
2025/09/22 14:39:40.7 Sample96_Q(0, 0, 10)
2025/09/22 14:39:40.8 
2025/09/22 14:39:40.8 START SCAN: 
2025/09/22 14:39:40.8    CycleTime (ms)    = 200
2025/09/22 14:39:40.8    CycleCount        = 25
2025/09/22 14:39:40.8    ScansToAverage    = 20
2025/09/22 14:39:40.8    FinishTime (s)    = 5
2025/09/22 14:39:40.8    Temperature       = 30.0
2025/09/22 14:39:40.8    Lamp Power        = 36
2025/09/22 14:39:40.8    Spec PCB temps    = 40.1, 40.7, 40.8, 40.6, 40.7, 40.9, 38.9, 39.8
2025/09/22 14:39:40.8 
2025/09/22 14:39:40.8 GMC_SetPosZ
2025/09/22 14:39:40.9 Old State:12-ENGN_StateRunning_WaitGoingToSample New State:ENGN_StateRunning_GoingToSample
2025/09/22 14:39:45.9 GMC_ServoHere
2025/09/22 14:39:46.1 GMC_SetPosXY
2025/09/22 14:39:46.5 GMC_SetPosZ
2025/09/22 14:39:51.6 Old State:13-cycle=1, Elapsed Time:    0.0,  Ideal Time:    0.0,  Delay time =   0.00  New State:ENGN_StateRunning_GoingToSampleComplete
2025/09/22 14:39:51.7 Old State:14-ENGN_StateRunning_GoingToSampleComplete New State:ENGN_StateRunning_WaitSampling
2025/09/22 14:39:51.7 Step started at: 14:39:40
2025/09/22 14:39:51.7 XYZ movement time  = 10704 ms + Scan start delay = 10633 ms
2025/09/22 14:39:51.8 Old State:15-ENGN_StateRunning_WaitSampling New State:ENGN_StateRunning_Sampling
2025/09/22 14:39:56.3 
2025/09/22 14:39:56.3 STOP SCAN: 
2025/09/22 14:39:56.3    CycleTime (ms)    = 200
2025/09/22 14:39:56.3    CurrentCycle      = 25
2025/09/22 14:39:56.3    RunTime (ms)      = 4972
2025/09/22 14:39:56.3    AverageCycle (ms) = 198.9
2025/09/22 14:39:56.3    Temperature       = 30.0
2025/09/22 14:39:56.3    DATA OVERRUN %    = 0.00
2025/09/22 14:39:56.3    Spec PCB temps    = 40.1, 40.7, 40.8, 40.7, 40.7, 40.9, 38.9, 39.8
2025/09/22 14:39:56.3 
2025/09/22 14:39:56.4 Old State:16-cycle=25, Elapsed Time:    5.0,  Ideal Time:    4.8,  Delay time =   0.04  New State:ENGN_StateRunning_SamplingComplete
2025/09/22 14:39:56.6 Old State:18-ENGN_StateRunning_SamplingComplete New State:ENGN_StateRunning_WaitNewStep
2025/09/22 14:39:56.8 Old State:5-ENGN_StateRunning_WaitNewStep New State:ENGN_StateRunning_StartNewStep
2025/09/22 14:39:56.8 StartShaker(400)
2025/09/22 14:39:57.1 Temp: 2025/09/22 14:39:57, 30.0000
2025/09/22 14:39:57.1 Old State:6-ENGN_StateRunning_StartNewStep New State:ENGN_StateRunning_WaitGoingToSample
2025/09/22 14:39:57.1 Sample96_Q(0, 0, 11)
2025/09/22 14:39:57.2 GMC_SetPosZ
2025/09/22 14:39:57.2 
2025/09/22 14:39:57.2 START SCAN: 
2025/09/22 14:39:57.2    CycleTime (ms)    = 200
2025/09/22 14:39:57.2    CycleCount        = 25
2025/09/22 14:39:57.2    ScansToAverage    = 20
2025/09/22 14:39:57.2    FinishTime (s)    = 5
2025/09/22 14:39:57.2    Temperature       = 30.0
2025/09/22 14:39:57.2    Lamp Power        = 36
2025/09/22 14:39:57.2    Spec PCB temps    = 40.1, 40.7, 40.8, 40.7, 40.7, 40.9, 38.9, 39.8
2025/09/22 14:39:57.2 
2025/09/22 14:39:57.3 Old State:12-ENGN_StateRunning_WaitGoingToSample New State:ENGN_StateRunning_GoingToSample
2025/09/22 14:40:02.0 GMC_ServoHere
2025/09/22 14:40:02.2 GMC_SetPosXY
2025/09/22 14:40:02.6 GMC_SetPosZ
2025/09/22 14:40:07.9 Old State:13-cycle=1, Elapsed Time:    0.0,  Ideal Time:    0.0,  Delay time =   0.00  New State:ENGN_StateRunning_GoingToSampleComplete
2025/09/22 14:40:08.0 Old State:14-ENGN_StateRunning_GoingToSampleComplete New State:ENGN_StateRunning_WaitSampling
2025/09/22 14:40:08.0 Step started at: 14:39:57
2025/09/22 14:40:08.0 XYZ movement time  = 10653 ms + Scan start delay = 10624 ms
2025/09/22 14:40:08.1 Old State:15-ENGN_StateRunning_WaitSampling New State:ENGN_StateRunning_Sampling
2025/09/22 14:40:12.7 
2025/09/22 14:40:12.7 STOP SCAN: 
2025/09/22 14:40:12.7    CycleTime (ms)    = 200
2025/09/22 14:40:12.7    CurrentCycle      = 25
2025/09/22 14:40:12.7    RunTime (ms)      = 4955
2025/09/22 14:40:12.7    AverageCycle (ms) = 198.2
2025/09/22 14:40:12.7    Temperature       = 30.0
2025/09/22 14:40:12.7    DATA OVERRUN %    = 0.00
2025/09/22 14:40:12.7    Spec PCB temps    = 40.1, 40.7, 40.8, 40.7, 40.7, 40.9, 38.9, 39.8
2025/09/22 14:40:12.7 
2025/09/22 14:40:12.8 Old State:16-cycle=25, Elapsed Time:    5.0,  Ideal Time:    4.8,  Delay time =   0.05  New State:ENGN_StateRunning_SamplingComplete
2025/09/22 14:40:13.0 Old State:18-ENGN_StateRunning_SamplingComplete New State:ENGN_StateRunning_WaitNewStep
2025/09/22 14:40:13.2 Old State:5-ENGN_StateRunning_WaitNewStep New State:ENGN_StateRunning_StartNewStep
2025/09/22 14:40:13.2 StartShaker(400)
2025/09/22 14:40:13.5 Temp: 2025/09/22 14:40:13, 30.0000
2025/09/22 14:40:13.5 Old State:6-ENGN_StateRunning_StartNewStep New State:ENGN_StateRunning_WaitGoingToSample
2025/09/22 14:40:13.5 Sample96_Q(0, 0, 10)
2025/09/22 14:40:13.6 GMC_SetPosZ
2025/09/22 14:40:13.6 
2025/09/22 14:40:13.6 START SCAN: 
2025/09/22 14:40:13.6    CycleTime (ms)    = 200
2025/09/22 14:40:13.6    CycleCount        = 25
2025/09/22 14:40:13.6    ScansToAverage    = 20
2025/09/22 14:40:13.6    FinishTime (s)    = 5
2025/09/22 14:40:13.6    Temperature       = 30.0
2025/09/22 14:40:13.6    Lamp Power        = 36
2025/09/22 14:40:13.6    Spec PCB temps    = 40.1, 40.7, 40.8, 40.7, 40.7, 40.9, 38.9, 39.8
2025/09/22 14:40:13.6 
2025/09/22 14:40:13.7 Old State:12-ENGN_StateRunning_WaitGoingToSample New State:ENGN_StateRunning_GoingToSample
2025/09/22 14:40:18.7 GMC_ServoHere
2025/09/22 14:40:18.9 GMC_SetPosXY
2025/09/22 14:40:19.3 GMC_SetPosZ
2025/09/22 14:40:24.4 Old State:13-cycle=1, Elapsed Time:    0.0,  Ideal Time:    0.0,  Delay time =   0.00  New State:ENGN_StateRunning_GoingToSampleComplete
2025/09/22 14:40:24.5 Old State:14-ENGN_StateRunning_GoingToSampleComplete New State:ENGN_StateRunning_WaitSampling
2025/09/22 14:40:24.5 Step started at: 14:40:13
2025/09/22 14:40:24.5 XYZ movement time  = 10660 ms + Scan start delay = 10613 ms
2025/09/22 14:40:24.6 Old State:15-ENGN_StateRunning_WaitSampling New State:ENGN_StateRunning_Sampling
2025/09/22 14:40:29.1 
2025/09/22 14:40:29.1 STOP SCAN: 
2025/09/22 14:40:29.1    CycleTime (ms)    = 200
2025/09/22 14:40:29.1    CurrentCycle      = 25
2025/09/22 14:40:29.1    RunTime (ms)      = 4960
2025/09/22 14:40:29.1    AverageCycle (ms) = 198.4
2025/09/22 14:40:29.1    Temperature       = 30.0
2025/09/22 14:40:29.1    DATA OVERRUN %    = 0.00
2025/09/22 14:40:29.1    Spec PCB temps    = 40.1, 40.7, 40.8, 40.7, 40.8, 40.9, 38.9, 39.8
2025/09/22 14:40:29.1 
2025/09/22 14:40:29.3 Old State:16-cycle=25, Elapsed Time:    5.0,  Ideal Time:    4.8,  Delay time =   0.03  New State:ENGN_StateRunning_SamplingComplete
2025/09/22 14:40:29.4 Old State:18-ENGN_StateRunning_SamplingComplete New State:ENGN_StateRunning_WaitNewStep
2025/09/22 14:40:29.7 Old State:5-ENGN_StateRunning_WaitNewStep New State:ENGN_StateRunning_StartNewStep
2025/09/22 14:40:29.7 StartShaker(400)
2025/09/22 14:40:30.0 Temp: 2025/09/22 14:40:30, 30.0000
2025/09/22 14:40:30.1 Old State:6-ENGN_StateRunning_StartNewStep New State:ENGN_StateRunning_WaitGoingToSample
2025/09/22 14:40:30.1 Sample96_Q(0, 0, 11)
2025/09/22 14:40:30.1 
2025/09/22 14:40:30.1 START SCAN: 
2025/09/22 14:40:30.1    CycleTime (ms)    = 200
2025/09/22 14:40:30.1    CycleCount        = 25
2025/09/22 14:40:30.1    ScansToAverage    = 20
2025/09/22 14:40:30.1    FinishTime (s)    = 5
2025/09/22 14:40:30.1    Temperature       = 30.0
2025/09/22 14:40:30.1    Lamp Power        = 36
2025/09/22 14:40:30.1    Spec PCB temps    = 40.1, 40.8, 40.8, 40.7, 40.7, 40.9, 38.9, 39.8
2025/09/22 14:40:30.1 
2025/09/22 14:40:30.2 GMC_SetPosZ
2025/09/22 14:40:30.2 Old State:12-ENGN_StateRunning_WaitGoingToSample New State:ENGN_StateRunning_GoingToSample
2025/09/22 14:40:35.0 GMC_ServoHere
2025/09/22 14:40:35.1 GMC_SetPosXY
2025/09/22 14:40:35.5 GMC_SetPosZ
2025/09/22 14:40:40.8 Old State:13-ENGN_StateRunning_GoingToSample New State:ENGN_StateRunning_GoingToSampleComplete
2025/09/22 14:40:41.0 Old State:14-cycle=1, Elapsed Time:    0.0,  Ideal Time:    0.0,  Delay time =   0.00  New State:ENGN_StateRunning_WaitSampling
2025/09/22 14:40:41.0 Step started at: 14:40:30
2025/09/22 14:40:41.0 XYZ movement time  = 10640 ms + Scan start delay = 10649 ms
2025/09/22 14:40:41.1 Old State:15-ENGN_StateRunning_WaitSampling New State:ENGN_StateRunning_Sampling
2025/09/22 14:40:45.7 
2025/09/22 14:40:45.7 STOP SCAN: 
2025/09/22 14:40:45.7    CycleTime (ms)    = 200
2025/09/22 14:40:45.7    CurrentCycle      = 25
2025/09/22 14:40:45.7    RunTime (ms)      = 4956
2025/09/22 14:40:45.7    AverageCycle (ms) = 198.2
2025/09/22 14:40:45.7    Temperature       = 30.0
2025/09/22 14:40:45.7    DATA OVERRUN %    = 0.00
2025/09/22 14:40:45.7    Spec PCB temps    = 40.1, 40.7, 40.8, 40.6, 40.7, 40.9, 38.9, 39.8
2025/09/22 14:40:45.7 
2025/09/22 14:40:45.8 Old State:16-cycle=25, Elapsed Time:    5.0,  Ideal Time:    4.8,  Delay time =   0.03  New State:ENGN_StateRunning_SamplingComplete
2025/09/22 14:40:45.9 Old State:18-ENGN_StateRunning_SamplingComplete New State:ENGN_StateRunning_WaitNewStep
2025/09/22 14:40:46.2 Old State:5-ENGN_StateRunning_WaitNewStep New State:ENGN_StateRunning_StartNewStep
2025/09/22 14:40:46.2 StartShaker(400)
2025/09/22 14:40:46.5 Temp: 2025/09/22 14:40:46, 30.0000
2025/09/22 14:40:46.5 Old State:6-ENGN_StateRunning_StartNewStep New State:ENGN_StateRunning_WaitGoingToSample
2025/09/22 14:40:46.5 Sample96_Q(0, 0, 0)
2025/09/22 14:40:46.6 GMC_SetPosZ
2025/09/22 14:40:46.6 
2025/09/22 14:40:46.6 START SCAN: 
2025/09/22 14:40:46.6    CycleTime (ms)    = 200
2025/09/22 14:40:46.6    CycleCount        = 600
2025/09/22 14:40:46.6    ScansToAverage    = 20
2025/09/22 14:40:46.6    FinishTime (s)    = 120
2025/09/22 14:40:46.6    Temperature       = 30.0
2025/09/22 14:40:46.6    Lamp Power        = 36
2025/09/22 14:40:46.6    Spec PCB temps    = 40.1, 40.7, 40.8, 40.7, 40.7, 40.9, 38.9, 39.8
2025/09/22 14:40:46.6 
2025/09/22 14:40:46.7 Old State:12-ENGN_StateRunning_WaitGoingToSample New State:ENGN_StateRunning_GoingToSample
2025/09/22 14:40:51.7 GMC_ServoHere
2025/09/22 14:40:51.9 GMC_SetPosXY
2025/09/22 14:40:53.7 GMC_SetPosZ
2025/09/22 14:40:55.8 Old State:13-ENGN_StateRunning_GoingToSample New State:ENGN_StateRunning_GoingToSampleComplete
2025/09/22 14:40:55.9 Old State:14-cycle=1, Elapsed Time:    0.0,  Ideal Time:    0.0,  Delay time =   0.00  New State:ENGN_StateRunning_WaitSampling
2025/09/22 14:40:55.9 Step started at: 14:40:46
2025/09/22 14:40:55.9 XYZ movement time  = 9231 ms + Scan start delay = 9231 ms
2025/09/22 14:40:56.0 Old State:15-ENGN_StateRunning_WaitSampling New State:ENGN_StateRunning_Sampling
2025/09/22 14:41:46.5 Temp: 2025/09/22 14:41:46, 30.0000
2025/09/22 14:42:46.6 Temp: 2025/09/22 14:42:46, 30.0000
2025/09/22 14:42:55.7 
2025/09/22 14:42:55.7 STOP SCAN: 
2025/09/22 14:42:55.7    CycleTime (ms)    = 200
2025/09/22 14:42:55.7    CurrentCycle      = 600
2025/09/22 14:42:55.7    RunTime (ms)      = 119985
2025/09/22 14:42:55.7    AverageCycle (ms) = 200.0
2025/09/22 14:42:55.7    Temperature       = 30.0
2025/09/22 14:42:55.7    DATA OVERRUN %    = 0.00
2025/09/22 14:42:55.7    Spec PCB temps    = 40.2, 40.8, 40.8, 40.6, 40.7, 40.9, 38.9, 39.8
2025/09/22 14:42:55.7 
2025/09/22 14:42:55.8 Old State:16-cycle=600, Elapsed Time:  120.0,  Ideal Time:  119.8,  Delay time =   0.04  New State:ENGN_StateRunning_SamplingComplete
2025/09/22 14:42:55.9 Old State:18-ENGN_StateRunning_SamplingComplete New State:ENGN_StateRunning_WaitNewStep
2025/09/22 14:42:56.3 Old State:5-ENGN_StateRunning_WaitNewStep New State:ENGN_StateRunning_StartNewStep
2025/09/22 14:42:56.3 StartShaker(400)
2025/09/22 14:42:56.6 Temp: 2025/09/22 14:42:56, 30.0000
2025/09/22 14:42:56.6 Old State:6-ENGN_StateRunning_StartNewStep New State:ENGN_StateRunning_WaitGoingToSample
2025/09/22 14:42:56.6 Sample96_Q(0, 0, 10)
2025/09/22 14:42:56.7 GMC_SetPosZ
2025/09/22 14:42:56.7 
2025/09/22 14:42:56.7 START SCAN: 
2025/09/22 14:42:56.7    CycleTime (ms)    = 200
2025/09/22 14:42:56.7    CycleCount        = 25
2025/09/22 14:42:56.7    ScansToAverage    = 20
2025/09/22 14:42:56.7    FinishTime (s)    = 5
2025/09/22 14:42:56.7    Temperature       = 30.0
2025/09/22 14:42:56.7    Lamp Power        = 36
2025/09/22 14:42:56.7    Spec PCB temps    = 40.2, 40.8, 40.9, 40.7, 40.7, 40.9, 38.9, 39.8
2025/09/22 14:42:56.7 
2025/09/22 14:42:56.8 Old State:12-ENGN_StateRunning_WaitGoingToSample New State:ENGN_StateRunning_GoingToSample
2025/09/22 14:42:58.6 GMC_ServoHere
2025/09/22 14:42:58.8 GMC_SetPosXY
2025/09/22 14:43:00.4 GMC_SetPosZ
2025/09/22 14:43:05.4 Old State:13-ENGN_StateRunning_GoingToSample New State:ENGN_StateRunning_GoingToSampleComplete
2025/09/22 14:43:05.5 Old State:14-cycle=1, Elapsed Time:    0.0,  Ideal Time:    0.0,  Delay time =   0.00  New State:ENGN_StateRunning_WaitSampling
2025/09/22 14:43:05.5 Step started at: 14:42:56
2025/09/22 14:43:05.5 XYZ movement time  = 8770 ms + Scan start delay = 8743 ms
2025/09/22 14:43:05.6 Old State:15-ENGN_StateRunning_WaitSampling New State:ENGN_StateRunning_Sampling
2025/09/22 14:43:10.3 
2025/09/22 14:43:10.3 STOP SCAN: 
2025/09/22 14:43:10.3    CycleTime (ms)    = 200
2025/09/22 14:43:10.3    CurrentCycle      = 25
2025/09/22 14:43:10.3    RunTime (ms)      = 4953
2025/09/22 14:43:10.3    AverageCycle (ms) = 198.1
2025/09/22 14:43:10.3    Temperature       = 30.0
2025/09/22 14:43:10.3    DATA OVERRUN %    = 0.00
2025/09/22 14:43:10.3    Spec PCB temps    = 40.2, 40.8, 40.8, 40.6, 40.8, 40.9, 38.9, 39.8
2025/09/22 14:43:10.3 
2025/09/22 14:43:10.4 Old State:16-cycle=25, Elapsed Time:    5.0,  Ideal Time:    4.8,  Delay time =   0.04  New State:ENGN_StateRunning_SamplingComplete
2025/09/22 14:43:10.5 Old State:18-ENGN_StateRunning_SamplingComplete New State:ENGN_StateRunning_WaitNewStep
2025/09/22 14:43:10.6 Old State:5-ENGN_StateRunning_WaitNewStep New State:ENGN_StateRunning_StartNewStep
2025/09/22 14:43:10.6 StartShaker(400)
2025/09/22 14:43:11.0 Temp: 2025/09/22 14:43:11, 30.0000
2025/09/22 14:43:11.0 Old State:6-ENGN_StateRunning_StartNewStep New State:ENGN_StateRunning_WaitGoingToSample
2025/09/22 14:43:11.0 Sample96_Q(0, 0, 11)
2025/09/22 14:43:11.0 GMC_SetPosZ
2025/09/22 14:43:11.1 
2025/09/22 14:43:11.1 START SCAN: 
2025/09/22 14:43:11.1    CycleTime (ms)    = 200
2025/09/22 14:43:11.1    CycleCount        = 25
2025/09/22 14:43:11.1    ScansToAverage    = 20
2025/09/22 14:43:11.1    FinishTime (s)    = 5
2025/09/22 14:43:11.1    Temperature       = 30.0
2025/09/22 14:43:11.1    Lamp Power        = 36
2025/09/22 14:43:11.1    Spec PCB temps    = 40.1, 40.8, 40.9, 40.6, 40.8, 40.9, 38.9, 39.8
2025/09/22 14:43:11.1 
2025/09/22 14:43:11.2 Old State:12-ENGN_StateRunning_WaitGoingToSample New State:ENGN_StateRunning_GoingToSample
2025/09/22 14:43:15.9 GMC_ServoHere
2025/09/22 14:43:16.0 GMC_SetPosXY
2025/09/22 14:43:16.4 GMC_SetPosZ
2025/09/22 14:43:21.8 Old State:13-cycle=1, Elapsed Time:    0.0,  Ideal Time:    0.0,  Delay time =   0.00  New State:ENGN_StateRunning_GoingToSampleComplete
2025/09/22 14:43:21.9 Old State:14-ENGN_StateRunning_GoingToSampleComplete New State:ENGN_StateRunning_WaitSampling
2025/09/22 14:43:21.9 Step started at: 14:43:11
2025/09/22 14:43:21.9 XYZ movement time  = 10645 ms + Scan start delay = 10639 ms
2025/09/22 14:43:22.0 Old State:15-ENGN_StateRunning_WaitSampling New State:ENGN_StateRunning_Sampling
2025/09/22 14:43:26.6 
2025/09/22 14:43:26.6 STOP SCAN: 
2025/09/22 14:43:26.6    CycleTime (ms)    = 200
2025/09/22 14:43:26.6    CurrentCycle      = 25
2025/09/22 14:43:26.6    RunTime (ms)      = 4969
2025/09/22 14:43:26.6    AverageCycle (ms) = 198.8
2025/09/22 14:43:26.6    Temperature       = 30.0
2025/09/22 14:43:26.6    DATA OVERRUN %    = 0.00
2025/09/22 14:43:26.6    Spec PCB temps    = 40.2, 40.8, 40.8, 40.6, 40.7, 40.9, 39.0, 39.8
2025/09/22 14:43:26.6 
2025/09/22 14:43:26.7 Old State:16-cycle=25, Elapsed Time:    5.0,  Ideal Time:    4.8,  Delay time =   0.04  New State:ENGN_StateRunning_SamplingComplete
2025/09/22 14:43:26.9 Old State:18-ENGN_StateRunning_SamplingComplete New State:ENGN_StateRunning_WaitNewStep
2025/09/22 14:43:27.1 Old State:5-ENGN_StateRunning_WaitNewStep New State:ENGN_StateRunning_StartNewStep
2025/09/22 14:43:27.1 StartShaker(400)
2025/09/22 14:43:27.4 Old State:6-ENGN_StateRunning_StartNewStep New State:ENGN_StateRunning_WaitGoingToSample
2025/09/22 14:43:27.4 Sample96_Q(0, 0, 10)
2025/09/22 14:43:27.5 Temp: 2025/09/22 14:43:27, 30.0000
2025/09/22 14:43:27.5 GMC_SetPosZ
2025/09/22 14:43:27.5 
2025/09/22 14:43:27.5 START SCAN: 
2025/09/22 14:43:27.5    CycleTime (ms)    = 200
2025/09/22 14:43:27.5    CycleCount        = 25
2025/09/22 14:43:27.5    ScansToAverage    = 20
2025/09/22 14:43:27.5    FinishTime (s)    = 5
2025/09/22 14:43:27.5    Temperature       = 30.0
2025/09/22 14:43:27.5    Lamp Power        = 36
2025/09/22 14:43:27.5    Spec PCB temps    = 40.2, 40.8, 40.8, 40.6, 40.8, 40.9, 39.0, 39.8
2025/09/22 14:43:27.5 
2025/09/22 14:43:27.6 Old State:12-ENGN_StateRunning_WaitGoingToSample New State:ENGN_StateRunning_GoingToSample
2025/09/22 14:43:32.6 GMC_ServoHere
2025/09/22 14:43:32.8 GMC_SetPosXY
2025/09/22 14:43:33.2 GMC_SetPosZ
2025/09/22 14:43:38.1 Old State:13-ENGN_StateRunning_GoingToSample New State:ENGN_StateRunning_GoingToSampleComplete
2025/09/22 14:43:38.3 Old State:14-cycle=1, Elapsed Time:    0.0,  Ideal Time:    0.0,  Delay time =   0.00  New State:ENGN_StateRunning_WaitSampling
2025/09/22 14:43:38.3 Step started at: 14:43:27
2025/09/22 14:43:38.3 XYZ movement time  = 10627 ms + Scan start delay = 10633 ms
2025/09/22 14:43:38.4 Old State:15-ENGN_StateRunning_WaitSampling New State:ENGN_StateRunning_Sampling
2025/09/22 14:43:43.0 
2025/09/22 14:43:43.0 STOP SCAN: 
2025/09/22 14:43:43.0    CycleTime (ms)    = 200
2025/09/22 14:43:43.0    CurrentCycle      = 25
2025/09/22 14:43:43.0    RunTime (ms)      = 4960
2025/09/22 14:43:43.0    AverageCycle (ms) = 198.4
2025/09/22 14:43:43.0    Temperature       = 30.0
2025/09/22 14:43:43.0    DATA OVERRUN %    = 0.00
2025/09/22 14:43:43.0    Spec PCB temps    = 40.2, 40.8, 40.9, 40.7, 40.8, 40.9, 39.0, 39.8
2025/09/22 14:43:43.0 
2025/09/22 14:43:43.2 Old State:16-cycle=25, Elapsed Time:    5.0,  Ideal Time:    4.8,  Delay time =   0.04  New State:ENGN_StateRunning_SamplingComplete
2025/09/22 14:43:43.3 Old State:18-ENGN_StateRunning_SamplingComplete New State:ENGN_StateRunning_WaitNewStep
2025/09/22 14:43:43.6 Old State:5-ENGN_StateRunning_WaitNewStep New State:ENGN_StateRunning_StartNewStep
2025/09/22 14:43:43.6 StartShaker(400)
2025/09/22 14:43:43.9 Temp: 2025/09/22 14:43:43, 30.0000
2025/09/22 14:43:44.0 Old State:6-ENGN_StateRunning_StartNewStep New State:ENGN_StateRunning_WaitGoingToSample
2025/09/22 14:43:44.0 Sample96_Q(0, 0, 11)
2025/09/22 14:43:44.1 
2025/09/22 14:43:44.1 START SCAN: 
2025/09/22 14:43:44.1    CycleTime (ms)    = 200
2025/09/22 14:43:44.1    CycleCount        = 25
2025/09/22 14:43:44.1    ScansToAverage    = 20
2025/09/22 14:43:44.1    FinishTime (s)    = 5
2025/09/22 14:43:44.1    Temperature       = 30.0
2025/09/22 14:43:44.1    Lamp Power        = 36
2025/09/22 14:43:44.1    Spec PCB temps    = 40.2, 40.8, 40.9, 40.7, 40.8, 40.9, 39.0, 39.8
2025/09/22 14:43:44.1 
2025/09/22 14:43:44.1 GMC_SetPosZ
2025/09/22 14:43:44.1 Old State:12-ENGN_StateRunning_WaitGoingToSample New State:ENGN_StateRunning_GoingToSample
2025/09/22 14:43:48.9 GMC_ServoHere
2025/09/22 14:43:49.0 GMC_SetPosXY
2025/09/22 14:43:49.4 GMC_SetPosZ
2025/09/22 14:43:54.8 Old State:13-cycle=1, Elapsed Time:    0.0,  Ideal Time:    0.0,  Delay time =   0.00  New State:ENGN_StateRunning_GoingToSampleComplete
2025/09/22 14:43:54.9 Old State:14-ENGN_StateRunning_GoingToSampleComplete New State:ENGN_StateRunning_WaitSampling
2025/09/22 14:43:54.9 Step started at: 14:43:44
2025/09/22 14:43:54.9 XYZ movement time  = 10701 ms + Scan start delay = 10672 ms
2025/09/22 14:43:55.0 Old State:15-ENGN_StateRunning_WaitSampling New State:ENGN_StateRunning_Sampling
2025/09/22 14:43:59.6 
2025/09/22 14:43:59.6 STOP SCAN: 
2025/09/22 14:43:59.6    CycleTime (ms)    = 200
2025/09/22 14:43:59.6    CurrentCycle      = 25
2025/09/22 14:43:59.6    RunTime (ms)      = 4967
2025/09/22 14:43:59.6    AverageCycle (ms) = 198.7
2025/09/22 14:43:59.6    Temperature       = 30.0
2025/09/22 14:43:59.6    DATA OVERRUN %    = 0.00
2025/09/22 14:43:59.6    Spec PCB temps    = 40.2, 40.8, 40.8, 40.6, 40.8, 40.9, 39.0, 39.8
2025/09/22 14:43:59.6 
2025/09/22 14:43:59.6 Old State:16-cycle=25, Elapsed Time:    5.0,  Ideal Time:    4.8,  Delay time =   0.04  New State:ENGN_StateRunning_SamplingComplete
2025/09/22 14:43:59.8 Old State:18-ENGN_StateRunning_SamplingComplete New State:ENGN_StateRunning_WaitNewStep
2025/09/22 14:44:00.1 Old State:5-ENGN_StateRunning_WaitNewStep New State:ENGN_StateRunning_StartNewStep
2025/09/22 14:44:00.1 StartShaker(400)
2025/09/22 14:44:00.4 Temp: 2025/09/22 14:44:00, 30.0000
2025/09/22 14:44:00.5 Old State:6-ENGN_StateRunning_StartNewStep New State:ENGN_StateRunning_WaitGoingToSample
2025/09/22 14:44:00.5 Sample96_Q(0, 0, 10)
2025/09/22 14:44:00.5 GMC_SetPosZ
2025/09/22 14:44:00.5 
2025/09/22 14:44:00.5 START SCAN: 
2025/09/22 14:44:00.5    CycleTime (ms)    = 200
2025/09/22 14:44:00.5    CycleCount        = 25
2025/09/22 14:44:00.5    ScansToAverage    = 20
2025/09/22 14:44:00.5    FinishTime (s)    = 5
2025/09/22 14:44:00.5    Temperature       = 30.0
2025/09/22 14:44:00.5    Lamp Power        = 36
2025/09/22 14:44:00.5    Spec PCB temps    = 40.2, 40.8, 40.8, 40.7, 40.8, 40.9, 39.0, 39.8
2025/09/22 14:44:00.5 
2025/09/22 14:44:00.6 Old State:12-ENGN_StateRunning_WaitGoingToSample New State:ENGN_StateRunning_GoingToSample
2025/09/22 14:44:05.7 GMC_ServoHere
2025/09/22 14:44:05.8 GMC_SetPosXY
2025/09/22 14:44:06.2 GMC_SetPosZ
2025/09/22 14:44:11.3 Old State:13-cycle=1, Elapsed Time:    0.0,  Ideal Time:    0.0,  Delay time =   0.00  New State:ENGN_StateRunning_GoingToSampleComplete
2025/09/22 14:44:11.4 Old State:14-ENGN_StateRunning_GoingToSampleComplete New State:ENGN_StateRunning_WaitSampling
2025/09/22 14:44:11.4 Step started at: 14:44:00
2025/09/22 14:44:11.4 XYZ movement time  = 10635 ms + Scan start delay = 10630 ms
2025/09/22 14:44:11.5 Old State:15-ENGN_StateRunning_WaitSampling New State:ENGN_StateRunning_Sampling
2025/09/22 14:44:16.0 
2025/09/22 14:44:16.0 STOP SCAN: 
2025/09/22 14:44:16.0    CycleTime (ms)    = 200
2025/09/22 14:44:16.0    CurrentCycle      = 25
2025/09/22 14:44:16.0    RunTime (ms)      = 4958
2025/09/22 14:44:16.0    AverageCycle (ms) = 198.3
2025/09/22 14:44:16.0    Temperature       = 30.0
2025/09/22 14:44:16.0    DATA OVERRUN %    = 0.00
2025/09/22 14:44:16.0    Spec PCB temps    = 40.2, 40.8, 40.9, 40.7, 40.8, 40.9, 39.0, 39.8
2025/09/22 14:44:16.0 
2025/09/22 14:44:16.2 Old State:16-cycle=25, Elapsed Time:    5.0,  Ideal Time:    4.8,  Delay time =   0.04  New State:ENGN_StateRunning_SamplingComplete
2025/09/22 14:44:16.3 Old State:18-ENGN_StateRunning_SamplingComplete New State:ENGN_StateRunning_WaitNewStep
2025/09/22 14:44:16.6 Old State:5-ENGN_StateRunning_WaitNewStep New State:ENGN_StateRunning_StartNewStep
2025/09/22 14:44:16.6 StartShaker(400)
2025/09/22 14:44:16.9 Temp: 2025/09/22 14:44:16, 30.0000
2025/09/22 14:44:16.9 Old State:6-ENGN_StateRunning_StartNewStep New State:ENGN_StateRunning_WaitGoingToSample
2025/09/22 14:44:16.9 Sample96_Q(0, 0, 11)
2025/09/22 14:44:17.0 
2025/09/22 14:44:17.0 START SCAN: 
2025/09/22 14:44:17.0    CycleTime (ms)    = 200
2025/09/22 14:44:17.0    CycleCount        = 25
2025/09/22 14:44:17.0    ScansToAverage    = 20
2025/09/22 14:44:17.0    FinishTime (s)    = 5
2025/09/22 14:44:17.0    Temperature       = 30.0
2025/09/22 14:44:17.0    Lamp Power        = 36
2025/09/22 14:44:17.0    Spec PCB temps    = 40.2, 40.8, 40.9, 40.7, 40.8, 40.9, 39.0, 39.8
2025/09/22 14:44:17.0 
2025/09/22 14:44:17.1 GMC_SetPosZ
2025/09/22 14:44:17.1 Old State:12-ENGN_StateRunning_WaitGoingToSample New State:ENGN_StateRunning_GoingToSample
2025/09/22 14:44:21.9 GMC_ServoHere
2025/09/22 14:44:22.1 GMC_SetPosXY
2025/09/22 14:44:22.5 GMC_SetPosZ
2025/09/22 14:44:27.9 Old State:13-cycle=1, Elapsed Time:    0.0,  Ideal Time:    0.0,  Delay time =   0.00  New State:ENGN_StateRunning_GoingToSampleComplete
2025/09/22 14:44:28.0 Old State:14-ENGN_StateRunning_GoingToSampleComplete New State:ENGN_StateRunning_WaitSampling
2025/09/22 14:44:28.0 Step started at: 14:44:17
2025/09/22 14:44:28.0 XYZ movement time  = 10737 ms + Scan start delay = 10708 ms
2025/09/22 14:44:28.1 Old State:15-ENGN_StateRunning_WaitSampling New State:ENGN_StateRunning_Sampling
2025/09/22 14:44:32.6 
2025/09/22 14:44:32.6 STOP SCAN: 
2025/09/22 14:44:32.6    CycleTime (ms)    = 200
2025/09/22 14:44:32.6    CurrentCycle      = 25
2025/09/22 14:44:32.6    RunTime (ms)      = 4955
2025/09/22 14:44:32.6    AverageCycle (ms) = 198.2
2025/09/22 14:44:32.6    Temperature       = 30.0
2025/09/22 14:44:32.6    DATA OVERRUN %    = 0.00
2025/09/22 14:44:32.6    Spec PCB temps    = 40.2, 40.8, 40.9, 40.7, 40.8, 40.9, 39.0, 39.8
2025/09/22 14:44:32.6 
2025/09/22 14:44:32.7 Old State:16-cycle=25, Elapsed Time:    5.0,  Ideal Time:    4.8,  Delay time =   0.05  New State:ENGN_StateRunning_SamplingComplete
2025/09/22 14:44:32.8 Old State:18-ENGN_StateRunning_SamplingComplete New State:ENGN_StateRunning_WaitNewStep
2025/09/22 14:44:33.1 Old State:5-ENGN_StateRunning_WaitNewStep New State:ENGN_StateRunning_StartNewStep
2025/09/22 14:44:33.1 StartShaker(400)
2025/09/22 14:44:33.3 Temp: 2025/09/22 14:44:33, 30.0000
2025/09/22 14:44:33.4 Old State:6-ENGN_StateRunning_StartNewStep New State:ENGN_StateRunning_WaitGoingToSample
2025/09/22 14:44:33.4 Sample96_Q(0, 0, 1)
2025/09/22 14:44:33.5 
2025/09/22 14:44:33.5 START SCAN: 
2025/09/22 14:44:33.5    CycleTime (ms)    = 200
2025/09/22 14:44:33.5    CycleCount        = 600
2025/09/22 14:44:33.5    ScansToAverage    = 20
2025/09/22 14:44:33.5    FinishTime (s)    = 120
2025/09/22 14:44:33.5    Temperature       = 30.0
2025/09/22 14:44:33.5    Lamp Power        = 36
2025/09/22 14:44:33.5    Spec PCB temps    = 40.2, 40.8, 40.8, 40.7, 40.8, 40.9, 39.0, 39.8
2025/09/22 14:44:33.5 
2025/09/22 14:44:33.5 GMC_SetPosZ
2025/09/22 14:44:33.6 Old State:12-ENGN_StateRunning_WaitGoingToSample New State:ENGN_StateRunning_GoingToSample
2025/09/22 14:44:38.7 GMC_ServoHere
2025/09/22 14:44:38.8 GMC_SetPosXY
2025/09/22 14:44:40.5 GMC_SetPosZ
2025/09/22 14:44:42.8 Old State:13-ENGN_StateRunning_GoingToSample New State:ENGN_StateRunning_GoingToSampleComplete
2025/09/22 14:44:42.9 Old State:14-cycle=1, Elapsed Time:    0.0,  Ideal Time:    0.0,  Delay time =   0.00  New State:ENGN_StateRunning_WaitSampling
2025/09/22 14:44:42.9 Step started at: 14:44:33
2025/09/22 14:44:42.9 XYZ movement time  = 9348 ms + Scan start delay = 9307 ms
2025/09/22 14:44:42.9 DFIO: Start writing C:\ForteBio\John\2025_09_22_153x35_BP_SCC_d7-d11_\250922_001.frd
2025/09/22 14:44:42.9 DFIO: Finished writing C:\ForteBio\John\2025_09_22_153x35_BP_SCC_d7-d11_\250922_001.frd
2025/09/22 14:44:42.9 DFIO: Start writing C:\ForteBio\John\2025_09_22_153x35_BP_SCC_d7-d11_\250922_002.frd
2025/09/22 14:44:42.9 DFIO: Finished writing C:\ForteBio\John\2025_09_22_153x35_BP_SCC_d7-d11_\250922_002.frd
2025/09/22 14:44:42.9 DFIO: Start writing C:\ForteBio\John\2025_09_22_153x35_BP_SCC_d7-d11_\250922_003.frd
2025/09/22 14:44:42.9 DFIO: Finished writing C:\ForteBio\John\2025_09_22_153x35_BP_SCC_d7-d11_\250922_003.frd
2025/09/22 14:44:42.9 DFIO: Finished writing C:\ForteBio\John\2025_09_22_153x35_BP_SCC_d7-d11_\250922_Manifest.fmx
2025/09/22 14:44:43.0 Old State:15-ENGN_StateRunning_WaitSampling New State:ENGN_StateRunning_Sampling
2025/09/22 14:45:33.4 Temp: 2025/09/22 14:45:33, 30.0000
2025/09/22 14:46:33.4 Temp: 2025/09/22 14:46:33, 30.0000
2025/09/22 14:46:42.7 
2025/09/22 14:46:42.7 STOP SCAN: 
2025/09/22 14:46:42.7    CycleTime (ms)    = 200
2025/09/22 14:46:42.7    CurrentCycle      = 600
2025/09/22 14:46:42.7    RunTime (ms)      = 119961
2025/09/22 14:46:42.7    AverageCycle (ms) = 199.9
2025/09/22 14:46:42.7    Temperature       = 30.0
2025/09/22 14:46:42.7    DATA OVERRUN %    = 0.00
2025/09/22 14:46:42.7    Spec PCB temps    = 40.2, 40.8, 40.9, 40.7, 40.8, 40.9, 39.0, 39.8
2025/09/22 14:46:42.7 
2025/09/22 14:46:42.8 Old State:16-cycle=600, Elapsed Time:  120.0,  Ideal Time:  119.8,  Delay time =   0.02  New State:ENGN_StateRunning_SamplingComplete
2025/09/22 14:46:42.9 Old State:18-ENGN_StateRunning_SamplingComplete New State:ENGN_StateRunning_WaitNewStep
2025/09/22 14:46:43.0 Old State:5-ENGN_StateRunning_WaitNewStep New State:ENGN_StateRunning_StartNewStep
2025/09/22 14:46:43.1 StartShaker(400)
2025/09/22 14:46:43.4 Old State:6-ENGN_StateRunning_StartNewStep New State:ENGN_StateRunning_WaitGoingToSample
2025/09/22 14:46:43.4 Sample96_Q(0, 0, 10)
2025/09/22 14:46:43.4 Temp: 2025/09/22 14:46:43, 30.0000
2025/09/22 14:46:43.5 GMC_SetPosZ
2025/09/22 14:46:43.5 
2025/09/22 14:46:43.5 START SCAN: 
2025/09/22 14:46:43.5    CycleTime (ms)    = 200
2025/09/22 14:46:43.5    CycleCount        = 25
2025/09/22 14:46:43.5    ScansToAverage    = 20
2025/09/22 14:46:43.5    FinishTime (s)    = 5
2025/09/22 14:46:43.5    Temperature       = 30.0
2025/09/22 14:46:43.5    Lamp Power        = 36
2025/09/22 14:46:43.5    Spec PCB temps    = 40.2, 40.8, 40.9, 40.7, 40.8, 40.9, 39.0, 39.8
2025/09/22 14:46:43.5 
2025/09/22 14:46:43.6 Old State:12-ENGN_StateRunning_WaitGoingToSample New State:ENGN_StateRunning_GoingToSample
2025/09/22 14:46:45.6 GMC_ServoHere
2025/09/22 14:46:45.8 GMC_SetPosXY
2025/09/22 14:46:47.2 GMC_SetPosZ
2025/09/22 14:46:52.2 Old State:13-ENGN_StateRunning_GoingToSample New State:ENGN_StateRunning_GoingToSampleComplete
2025/09/22 14:46:52.3 Old State:14-cycle=1, Elapsed Time:    0.0,  Ideal Time:    0.0,  Delay time =   0.00  New State:ENGN_StateRunning_WaitSampling
2025/09/22 14:46:52.3 Step started at: 14:46:43
2025/09/22 14:46:52.3 XYZ movement time  = 8731 ms + Scan start delay = 8688 ms
2025/09/22 14:46:52.4 Old State:15-ENGN_StateRunning_WaitSampling New State:ENGN_StateRunning_Sampling
2025/09/22 14:46:57.1 
2025/09/22 14:46:57.1 STOP SCAN: 
2025/09/22 14:46:57.1    CycleTime (ms)    = 200
2025/09/22 14:46:57.1    CurrentCycle      = 25
2025/09/22 14:46:57.1    RunTime (ms)      = 4963
2025/09/22 14:46:57.1    AverageCycle (ms) = 198.5
2025/09/22 14:46:57.1    Temperature       = 30.0
2025/09/22 14:46:57.1    DATA OVERRUN %    = 0.00
2025/09/22 14:46:57.1    Spec PCB temps    = 40.2, 40.8, 40.9, 40.7, 40.8, 40.9, 39.0, 39.9
2025/09/22 14:46:57.1 
2025/09/22 14:46:57.2 Old State:16-cycle=25, Elapsed Time:    5.0,  Ideal Time:    4.8,  Delay time =   0.05  New State:ENGN_StateRunning_SamplingComplete
2025/09/22 14:46:57.3 Old State:18-ENGN_StateRunning_SamplingComplete New State:ENGN_StateRunning_WaitNewStep
2025/09/22 14:46:57.5 Old State:5-ENGN_StateRunning_WaitNewStep New State:ENGN_StateRunning_StartNewStep
2025/09/22 14:46:57.5 StartShaker(400)
2025/09/22 14:46:57.8 Temp: 2025/09/22 14:46:57, 30.0000
2025/09/22 14:46:57.9 Old State:6-ENGN_StateRunning_StartNewStep New State:ENGN_StateRunning_WaitGoingToSample
2025/09/22 14:46:57.9 Sample96_Q(0, 0, 11)
2025/09/22 14:46:57.9 GMC_SetPosZ
2025/09/22 14:46:58.0 
2025/09/22 14:46:58.0 START SCAN: 
2025/09/22 14:46:58.0    CycleTime (ms)    = 200
2025/09/22 14:46:58.0    CycleCount        = 25
2025/09/22 14:46:58.0    ScansToAverage    = 20
2025/09/22 14:46:58.0    FinishTime (s)    = 5
2025/09/22 14:46:58.0    Temperature       = 30.0
2025/09/22 14:46:58.0    Lamp Power        = 36
2025/09/22 14:46:58.0    Spec PCB temps    = 40.2, 40.8, 40.9, 40.7, 40.8, 40.9, 39.0, 39.8
2025/09/22 14:46:58.0 
2025/09/22 14:46:58.0 Old State:12-ENGN_StateRunning_WaitGoingToSample New State:ENGN_StateRunning_GoingToSample
2025/09/22 14:47:02.8 GMC_ServoHere
2025/09/22 14:47:02.9 GMC_SetPosXY
2025/09/22 14:47:03.3 GMC_SetPosZ
2025/09/22 14:47:08.7 Old State:13-cycle=1, Elapsed Time:    0.0,  Ideal Time:    0.0,  Delay time =   0.00  New State:ENGN_StateRunning_GoingToSampleComplete
2025/09/22 14:47:08.8 Old State:14-ENGN_StateRunning_GoingToSampleComplete New State:ENGN_StateRunning_WaitSampling
2025/09/22 14:47:08.8 Step started at: 14:46:57
2025/09/22 14:47:08.8 XYZ movement time  = 10645 ms + Scan start delay = 10620 ms
2025/09/22 14:47:08.9 Old State:15-ENGN_StateRunning_WaitSampling New State:ENGN_StateRunning_Sampling
2025/09/22 14:47:13.5 
2025/09/22 14:47:13.5 STOP SCAN: 
2025/09/22 14:47:13.5    CycleTime (ms)    = 200
2025/09/22 14:47:13.5    CurrentCycle      = 25
2025/09/22 14:47:13.5    RunTime (ms)      = 4961
2025/09/22 14:47:13.5    AverageCycle (ms) = 198.4
2025/09/22 14:47:13.5    Temperature       = 30.0
2025/09/22 14:47:13.5    DATA OVERRUN %    = 0.00
2025/09/22 14:47:13.5    Spec PCB temps    = 40.2, 40.8, 40.9, 40.7, 40.9, 40.9, 39.1, 39.9
2025/09/22 14:47:13.5 
2025/09/22 14:47:13.5 Old State:16-cycle=25, Elapsed Time:    5.0,  Ideal Time:    4.8,  Delay time =   0.04  New State:ENGN_StateRunning_SamplingComplete
2025/09/22 14:47:13.7 Old State:18-ENGN_StateRunning_SamplingComplete New State:ENGN_StateRunning_WaitNewStep
2025/09/22 14:47:14.0 Old State:5-ENGN_StateRunning_WaitNewStep New State:ENGN_StateRunning_StartNewStep
2025/09/22 14:47:14.0 StartShaker(400)
2025/09/22 14:47:14.3 Temp: 2025/09/22 14:47:14, 30.0000
2025/09/22 14:47:14.3 Old State:6-ENGN_StateRunning_StartNewStep New State:ENGN_StateRunning_WaitGoingToSample
2025/09/22 14:47:14.3 Sample96_Q(0, 0, 10)
2025/09/22 14:47:14.4 
2025/09/22 14:47:14.4 START SCAN: 
2025/09/22 14:47:14.4    CycleTime (ms)    = 200
2025/09/22 14:47:14.4    CycleCount        = 25
2025/09/22 14:47:14.4    ScansToAverage    = 20
2025/09/22 14:47:14.4    FinishTime (s)    = 5
2025/09/22 14:47:14.4    Temperature       = 30.0
2025/09/22 14:47:14.4    Lamp Power        = 36
2025/09/22 14:47:14.4    Spec PCB temps    = 40.2, 40.8, 40.9, 40.7, 40.8, 40.9, 39.1, 39.9
2025/09/22 14:47:14.4 
2025/09/22 14:47:14.5 GMC_SetPosZ
2025/09/22 14:47:14.5 Old State:12-ENGN_StateRunning_WaitGoingToSample New State:ENGN_StateRunning_GoingToSample
2025/09/22 14:47:19.7 GMC_ServoHere
2025/09/22 14:47:19.8 GMC_SetPosXY
2025/09/22 14:47:20.2 GMC_SetPosZ
2025/09/22 14:47:25.3 Old State:13-cycle=1, Elapsed Time:    0.0,  Ideal Time:    0.0,  Delay time =   0.00  New State:ENGN_StateRunning_GoingToSampleComplete
2025/09/22 14:47:25.4 Old State:14-ENGN_StateRunning_GoingToSampleComplete New State:ENGN_StateRunning_WaitSampling
2025/09/22 14:47:25.4 Step started at: 14:47:14
2025/09/22 14:47:25.4 XYZ movement time  = 10765 ms + Scan start delay = 10725 ms
2025/09/22 14:47:25.5 Old State:15-ENGN_StateRunning_WaitSampling New State:ENGN_StateRunning_Sampling
2025/09/22 14:47:30.0 
2025/09/22 14:47:30.0 STOP SCAN: 
2025/09/22 14:47:30.0    CycleTime (ms)    = 200
2025/09/22 14:47:30.0    CurrentCycle      = 25
2025/09/22 14:47:30.0    RunTime (ms)      = 4954
2025/09/22 14:47:30.0    AverageCycle (ms) = 198.2
2025/09/22 14:47:30.0    Temperature       = 30.0
2025/09/22 14:47:30.0    DATA OVERRUN %    = 0.00
2025/09/22 14:47:30.0    Spec PCB temps    = 40.2, 40.8, 40.9, 40.7, 40.8, 40.9, 39.1, 39.9
2025/09/22 14:47:30.0 
2025/09/22 14:47:30.1 Old State:16-cycle=25, Elapsed Time:    5.0,  Ideal Time:    4.8,  Delay time =   0.05  New State:ENGN_StateRunning_SamplingComplete
2025/09/22 14:47:30.2 Old State:18-ENGN_StateRunning_SamplingComplete New State:ENGN_StateRunning_WaitNewStep
2025/09/22 14:47:30.5 Old State:5-ENGN_StateRunning_WaitNewStep New State:ENGN_StateRunning_StartNewStep
2025/09/22 14:47:30.5 StartShaker(400)
2025/09/22 14:47:30.8 Temp: 2025/09/22 14:47:30, 30.0000
2025/09/22 14:47:30.8 Old State:6-ENGN_StateRunning_StartNewStep New State:ENGN_StateRunning_WaitGoingToSample
2025/09/22 14:47:30.8 Sample96_Q(0, 0, 11)
2025/09/22 14:47:30.9 
2025/09/22 14:47:30.9 START SCAN: 
2025/09/22 14:47:30.9    CycleTime (ms)    = 200
2025/09/22 14:47:30.9    CycleCount        = 25
2025/09/22 14:47:30.9    ScansToAverage    = 20
2025/09/22 14:47:30.9    FinishTime (s)    = 5
2025/09/22 14:47:30.9    Temperature       = 30.0
2025/09/22 14:47:30.9    Lamp Power        = 36
2025/09/22 14:47:30.9    Spec PCB temps    = 40.2, 40.8, 40.9, 40.7, 40.8, 40.9, 39.1, 39.9
2025/09/22 14:47:30.9 
2025/09/22 14:47:30.9 GMC_SetPosZ
2025/09/22 14:47:31.0 Old State:12-ENGN_StateRunning_WaitGoingToSample New State:ENGN_StateRunning_GoingToSample
2025/09/22 14:47:35.7 GMC_ServoHere
2025/09/22 14:47:35.9 GMC_SetPosXY
2025/09/22 14:47:36.3 GMC_SetPosZ
2025/09/22 14:47:41.6 Old State:13-cycle=1, Elapsed Time:    0.0,  Ideal Time:    0.0,  Delay time =   0.00  New State:ENGN_StateRunning_GoingToSampleComplete
2025/09/22 14:47:41.7 Old State:14-ENGN_StateRunning_GoingToSampleComplete New State:ENGN_StateRunning_WaitSampling
2025/09/22 14:47:41.7 Step started at: 14:47:30
2025/09/22 14:47:41.7 XYZ movement time  = 10672 ms + Scan start delay = 10647 ms
2025/09/22 14:47:41.8 Old State:15-ENGN_StateRunning_WaitSampling New State:ENGN_StateRunning_Sampling
2025/09/22 14:47:46.4 
2025/09/22 14:47:46.4 STOP SCAN: 
2025/09/22 14:47:46.4    CycleTime (ms)    = 200
2025/09/22 14:47:46.4    CurrentCycle      = 25
2025/09/22 14:47:46.4    RunTime (ms)      = 4955
2025/09/22 14:47:46.4    AverageCycle (ms) = 198.2
2025/09/22 14:47:46.4    Temperature       = 30.0
2025/09/22 14:47:46.4    DATA OVERRUN %    = 0.00
2025/09/22 14:47:46.4    Spec PCB temps    = 40.2, 40.8, 40.9, 40.7, 40.9, 40.9, 39.1, 39.9
2025/09/22 14:47:46.4 
2025/09/22 14:47:46.5 Old State:16-cycle=25, Elapsed Time:    5.0,  Ideal Time:    4.8,  Delay time =   0.04  New State:ENGN_StateRunning_SamplingComplete
2025/09/22 14:47:46.6 Old State:18-ENGN_StateRunning_SamplingComplete New State:ENGN_StateRunning_WaitNewStep
2025/09/22 14:47:47.0 Old State:5-ENGN_StateRunning_WaitNewStep New State:ENGN_StateRunning_StartNewStep
2025/09/22 14:47:47.0 StartShaker(400)
2025/09/22 14:47:47.2 Temp: 2025/09/22 14:47:47, 30.0000
2025/09/22 14:47:47.3 Old State:6-ENGN_StateRunning_StartNewStep New State:ENGN_StateRunning_WaitGoingToSample
2025/09/22 14:47:47.3 Sample96_Q(0, 0, 10)
2025/09/22 14:47:47.4 
2025/09/22 14:47:47.4 START SCAN: 
2025/09/22 14:47:47.4    CycleTime (ms)    = 200
2025/09/22 14:47:47.4    CycleCount        = 25
2025/09/22 14:47:47.4    ScansToAverage    = 20
2025/09/22 14:47:47.4    FinishTime (s)    = 5
2025/09/22 14:47:47.4    Temperature       = 30.0
2025/09/22 14:47:47.4    Lamp Power        = 36
2025/09/22 14:47:47.4    Spec PCB temps    = 40.2, 40.8, 40.9, 40.7, 40.9, 40.9, 39.1, 39.9
2025/09/22 14:47:47.4 
2025/09/22 14:47:47.5 GMC_SetPosZ
2025/09/22 14:47:47.5 Old State:12-ENGN_StateRunning_WaitGoingToSample New State:ENGN_StateRunning_GoingToSample
2025/09/22 14:47:52.6 GMC_ServoHere
2025/09/22 14:47:52.8 GMC_SetPosXY
2025/09/22 14:47:53.2 GMC_SetPosZ
2025/09/22 14:47:58.3 Old State:13-cycle=1, Elapsed Time:    0.0,  Ideal Time:    0.0,  Delay time =   0.00  New State:ENGN_StateRunning_GoingToSampleComplete
2025/09/22 14:47:58.4 Old State:14-ENGN_StateRunning_GoingToSampleComplete New State:ENGN_StateRunning_WaitSampling
2025/09/22 14:47:58.4 Step started at: 14:47:47
2025/09/22 14:47:58.4 XYZ movement time  = 10785 ms + Scan start delay = 10729 ms
2025/09/22 14:47:58.5 Old State:15-ENGN_StateRunning_WaitSampling New State:ENGN_StateRunning_Sampling
2025/09/22 14:48:03.0 
2025/09/22 14:48:03.0 STOP SCAN: 
2025/09/22 14:48:03.0    CycleTime (ms)    = 200
2025/09/22 14:48:03.0    CurrentCycle      = 25
2025/09/22 14:48:03.0    RunTime (ms)      = 4957
2025/09/22 14:48:03.0    AverageCycle (ms) = 198.3
2025/09/22 14:48:03.0    Temperature       = 30.0
2025/09/22 14:48:03.0    DATA OVERRUN %    = 0.00
2025/09/22 14:48:03.0    Spec PCB temps    = 40.2, 40.8, 40.9, 40.7, 40.9, 40.9, 39.1, 39.9
2025/09/22 14:48:03.0 
2025/09/22 14:48:03.1 Old State:16-cycle=25, Elapsed Time:    5.0,  Ideal Time:    4.8,  Delay time =   0.04  New State:ENGN_StateRunning_SamplingComplete
2025/09/22 14:48:03.3 Old State:18-ENGN_StateRunning_SamplingComplete New State:ENGN_StateRunning_WaitNewStep
2025/09/22 14:48:03.4 Old State:5-ENGN_StateRunning_WaitNewStep New State:ENGN_StateRunning_StartNewStep
2025/09/22 14:48:03.4 StartShaker(400)
2025/09/22 14:48:03.7 Old State:6-ENGN_StateRunning_StartNewStep New State:ENGN_StateRunning_WaitGoingToSample
2025/09/22 14:48:03.7 Sample96_Q(0, 0, 11)
2025/09/22 14:48:03.7 Temp: 2025/09/22 14:48:03, 30.0000
2025/09/22 14:48:03.7 GMC_SetPosZ
2025/09/22 14:48:03.8 
2025/09/22 14:48:03.8 START SCAN: 
2025/09/22 14:48:03.8    CycleTime (ms)    = 200
2025/09/22 14:48:03.8    CycleCount        = 25
2025/09/22 14:48:03.8    ScansToAverage    = 20
2025/09/22 14:48:03.8    FinishTime (s)    = 5
2025/09/22 14:48:03.8    Temperature       = 30.0
2025/09/22 14:48:03.8    Lamp Power        = 36
2025/09/22 14:48:03.8    Spec PCB temps    = 40.2, 40.8, 40.9, 40.7, 40.9, 40.9, 39.1, 39.9
2025/09/22 14:48:03.8 
2025/09/22 14:48:03.9 Old State:12-ENGN_StateRunning_WaitGoingToSample New State:ENGN_StateRunning_GoingToSample
2025/09/22 14:48:08.5 GMC_ServoHere
2025/09/22 14:48:08.7 GMC_SetPosXY
2025/09/22 14:48:09.1 GMC_SetPosZ
2025/09/22 14:48:14.5 Old State:13-cycle=1, Elapsed Time:    0.0,  Ideal Time:    0.0,  Delay time =   0.00  New State:ENGN_StateRunning_GoingToSampleComplete
2025/09/22 14:48:14.6 Old State:14-ENGN_StateRunning_GoingToSampleComplete New State:ENGN_StateRunning_WaitSampling
2025/09/22 14:48:14.6 Step started at: 14:48:03
2025/09/22 14:48:14.6 XYZ movement time  = 10592 ms + Scan start delay = 10562 ms
2025/09/22 14:48:14.7 Old State:15-ENGN_StateRunning_WaitSampling New State:ENGN_StateRunning_Sampling
2025/09/22 14:48:19.2 
2025/09/22 14:48:19.2 STOP SCAN: 
2025/09/22 14:48:19.2    CycleTime (ms)    = 200
2025/09/22 14:48:19.2    CurrentCycle      = 25
2025/09/22 14:48:19.2    RunTime (ms)      = 4960
2025/09/22 14:48:19.2    AverageCycle (ms) = 198.4
2025/09/22 14:48:19.2    Temperature       = 30.0
2025/09/22 14:48:19.2    DATA OVERRUN %    = 0.00
2025/09/22 14:48:19.2    Spec PCB temps    = 40.3, 40.8, 40.9, 40.7, 40.9, 40.9, 39.1, 39.9
2025/09/22 14:48:19.2 
2025/09/22 14:48:19.3 Old State:16-cycle=25, Elapsed Time:    5.0,  Ideal Time:    4.8,  Delay time =   0.04  New State:ENGN_StateRunning_SamplingComplete
2025/09/22 14:48:19.5 Old State:18-ENGN_StateRunning_SamplingComplete New State:ENGN_StateRunning_WaitNewStep
2025/09/22 14:48:19.6 Old State:5-ENGN_StateRunning_WaitNewStep New State:ENGN_StateRunning_StartNewStep
2025/09/22 14:48:19.6 StartShaker(400)
2025/09/22 14:48:19.8 Temp: 2025/09/22 14:48:19, 30.0000
2025/09/22 14:48:19.9 Old State:6-ENGN_StateRunning_StartNewStep New State:ENGN_StateRunning_WaitGoingToSample
2025/09/22 14:48:19.9 Sample96_Q(0, 0, 2)
2025/09/22 14:48:20.0 GMC_SetPosZ
2025/09/22 14:48:20.0 
2025/09/22 14:48:20.0 START SCAN: 
2025/09/22 14:48:20.0    CycleTime (ms)    = 200
2025/09/22 14:48:20.0    CycleCount        = 600
2025/09/22 14:48:20.0    ScansToAverage    = 20
2025/09/22 14:48:20.0    FinishTime (s)    = 120
2025/09/22 14:48:20.0    Temperature       = 30.0
2025/09/22 14:48:20.0    Lamp Power        = 36
2025/09/22 14:48:20.0    Spec PCB temps    = 40.2, 40.8, 40.9, 40.7, 40.9, 40.9, 39.1, 39.9
2025/09/22 14:48:20.0 
2025/09/22 14:48:20.1 Old State:12-ENGN_StateRunning_WaitGoingToSample New State:ENGN_StateRunning_GoingToSample
2025/09/22 14:48:25.1 GMC_ServoHere
2025/09/22 14:48:25.3 GMC_SetPosXY
2025/09/22 14:48:26.8 GMC_SetPosZ
2025/09/22 14:48:29.4 Old State:13-ENGN_StateRunning_GoingToSample New State:ENGN_StateRunning_GoingToSampleComplete
2025/09/22 14:48:29.5 DFIO: Start writing C:\ForteBio\John\2025_09_22_153x35_BP_SCC_d7-d11_\250922_004.frd
2025/09/22 14:48:29.5 DFIO: Finished writing C:\ForteBio\John\2025_09_22_153x35_BP_SCC_d7-d11_\250922_004.frd
2025/09/22 14:48:29.5 DFIO: Start writing C:\ForteBio\John\2025_09_22_153x35_BP_SCC_d7-d11_\250922_005.frd
2025/09/22 14:48:29.5 DFIO: Finished writing C:\ForteBio\John\2025_09_22_153x35_BP_SCC_d7-d11_\250922_005.frd
2025/09/22 14:48:29.5 DFIO: Start writing C:\ForteBio\John\2025_09_22_153x35_BP_SCC_d7-d11_\250922_006.frd
2025/09/22 14:48:29.5 DFIO: Finished writing C:\ForteBio\John\2025_09_22_153x35_BP_SCC_d7-d11_\250922_006.frd
2025/09/22 14:48:29.5 DFIO: Finished writing C:\ForteBio\John\2025_09_22_153x35_BP_SCC_d7-d11_\250922_Manifest.fmx
2025/09/22 14:48:29.5 Old State:14-cycle=1, Elapsed Time:    0.0,  Ideal Time:    0.0,  Delay time =   0.00  New State:ENGN_StateRunning_WaitSampling
2025/09/22 14:48:29.5 Step started at: 14:48:20
2025/09/22 14:48:29.5 XYZ movement time  = 9444 ms + Scan start delay = 9388 ms
2025/09/22 14:48:29.6 Old State:15-ENGN_StateRunning_WaitSampling New State:ENGN_StateRunning_Sampling
2025/09/22 14:49:19.9 Temp: 2025/09/22 14:49:19, 30.0000
2025/09/22 14:50:19.9 Temp: 2025/09/22 14:50:19, 30.0000
2025/09/22 14:50:29.3 
2025/09/22 14:50:29.3 STOP SCAN: 
2025/09/22 14:50:29.3    CycleTime (ms)    = 200
2025/09/22 14:50:29.3    CurrentCycle      = 600
2025/09/22 14:50:29.3    RunTime (ms)      = 119957
2025/09/22 14:50:29.3    AverageCycle (ms) = 199.9
2025/09/22 14:50:29.3    Temperature       = 30.0
2025/09/22 14:50:29.3    DATA OVERRUN %    = 0.00
2025/09/22 14:50:29.3    Spec PCB temps    = 40.3, 40.9, 40.9, 40.7, 40.9, 40.9, 39.1, 39.9
2025/09/22 14:50:29.3 
2025/09/22 14:50:29.4 Old State:16-cycle=600, Elapsed Time:  120.0,  Ideal Time:  119.8,  Delay time =   0.04  New State:ENGN_StateRunning_SamplingComplete
2025/09/22 14:50:29.5 Old State:18-ENGN_StateRunning_SamplingComplete New State:ENGN_StateRunning_WaitNewStep
2025/09/22 14:50:30.0 Old State:5-ENGN_StateRunning_WaitNewStep New State:ENGN_StateRunning_StartNewStep
2025/09/22 14:50:30.0 StartShaker(400)
2025/09/22 14:50:30.2 Temp: 2025/09/22 14:50:30, 30.0000
2025/09/22 14:50:30.3 Old State:6-ENGN_StateRunning_StartNewStep New State:ENGN_StateRunning_WaitGoingToSample
2025/09/22 14:50:30.3 Sample96_Q(0, 0, 10)
2025/09/22 14:50:30.4 GMC_SetPosZ
2025/09/22 14:50:30.4 
2025/09/22 14:50:30.4 START SCAN: 
2025/09/22 14:50:30.4    CycleTime (ms)    = 200
2025/09/22 14:50:30.4    CycleCount        = 25
2025/09/22 14:50:30.4    ScansToAverage    = 20
2025/09/22 14:50:30.4    FinishTime (s)    = 5
2025/09/22 14:50:30.4    Temperature       = 30.0
2025/09/22 14:50:30.4    Lamp Power        = 36
2025/09/22 14:50:30.4    Spec PCB temps    = 40.3, 40.9, 40.9, 40.7, 40.9, 40.9, 39.1, 39.9
2025/09/22 14:50:30.4 
2025/09/22 14:50:30.5 Old State:12-ENGN_StateRunning_WaitGoingToSample New State:ENGN_StateRunning_GoingToSample
2025/09/22 14:50:32.9 GMC_ServoHere
2025/09/22 14:50:33.1 GMC_SetPosXY
2025/09/22 14:50:34.5 GMC_SetPosZ
2025/09/22 14:50:39.5 Old State:13-ENGN_StateRunning_GoingToSample New State:ENGN_StateRunning_GoingToSampleComplete
2025/09/22 14:50:39.6 Old State:14-cycle=1, Elapsed Time:    0.0,  Ideal Time:    0.0,  Delay time =   0.00  New State:ENGN_StateRunning_WaitSampling
2025/09/22 14:50:39.6 Step started at: 14:50:30
2025/09/22 14:50:39.6 XYZ movement time  = 9122 ms + Scan start delay = 9042 ms
2025/09/22 14:50:39.7 Old State:15-ENGN_StateRunning_WaitSampling New State:ENGN_StateRunning_Sampling
2025/09/22 14:50:44.4 
2025/09/22 14:50:44.4 STOP SCAN: 
2025/09/22 14:50:44.4    CycleTime (ms)    = 200
2025/09/22 14:50:44.4    CurrentCycle      = 25
2025/09/22 14:50:44.4    RunTime (ms)      = 4978
2025/09/22 14:50:44.4    AverageCycle (ms) = 199.1
2025/09/22 14:50:44.4    Temperature       = 30.0
2025/09/22 14:50:44.4    DATA OVERRUN %    = 0.00
2025/09/22 14:50:44.4    Spec PCB temps    = 40.3, 40.9, 40.9, 40.7, 40.9, 40.9, 39.1, 39.9
2025/09/22 14:50:44.4 
2025/09/22 14:50:44.5 Old State:16-cycle=25, Elapsed Time:    5.0,  Ideal Time:    4.8,  Delay time =   0.04  New State:ENGN_StateRunning_SamplingComplete
2025/09/22 14:50:44.6 Old State:18-ENGN_StateRunning_SamplingComplete New State:ENGN_StateRunning_WaitNewStep
2025/09/22 14:50:44.7 Old State:5-ENGN_StateRunning_WaitNewStep New State:ENGN_StateRunning_StartNewStep
2025/09/22 14:50:44.7 StartShaker(400)
2025/09/22 14:50:45.0 Temp: 2025/09/22 14:50:45, 30.0000
2025/09/22 14:50:45.1 Old State:6-ENGN_StateRunning_StartNewStep New State:ENGN_StateRunning_WaitGoingToSample
2025/09/22 14:50:45.1 Sample96_Q(0, 0, 11)
2025/09/22 14:50:45.2 
2025/09/22 14:50:45.2 START SCAN: 
2025/09/22 14:50:45.2    CycleTime (ms)    = 200
2025/09/22 14:50:45.2    CycleCount        = 25
2025/09/22 14:50:45.2    ScansToAverage    = 20
2025/09/22 14:50:45.2    FinishTime (s)    = 5
2025/09/22 14:50:45.2    Temperature       = 30.0
2025/09/22 14:50:45.2    Lamp Power        = 36
2025/09/22 14:50:45.2    Spec PCB temps    = 40.3, 40.8, 40.9, 40.7, 40.9, 40.9, 39.1, 39.9
2025/09/22 14:50:45.2 
2025/09/22 14:50:45.2 GMC_SetPosZ
2025/09/22 14:50:45.3 Old State:12-ENGN_StateRunning_WaitGoingToSample New State:ENGN_StateRunning_GoingToSample
2025/09/22 14:50:50.1 GMC_ServoHere
2025/09/22 14:50:50.2 GMC_SetPosXY
2025/09/22 14:50:50.6 GMC_SetPosZ
2025/09/22 14:50:55.9 Old State:13-ENGN_StateRunning_GoingToSample New State:ENGN_StateRunning_GoingToSampleComplete
2025/09/22 14:50:56.1 Old State:14-cycle=1, Elapsed Time:    0.0,  Ideal Time:    0.0,  Delay time =   0.00  New State:ENGN_StateRunning_WaitSampling
2025/09/22 14:50:56.1 Step started at: 14:50:45
2025/09/22 14:50:56.1 XYZ movement time  = 10753 ms + Scan start delay = 10761 ms
2025/09/22 14:50:56.2 Old State:15-ENGN_StateRunning_WaitSampling New State:ENGN_StateRunning_Sampling
2025/09/22 14:51:00.8 
2025/09/22 14:51:00.8 STOP SCAN: 
2025/09/22 14:51:00.8    CycleTime (ms)    = 200
2025/09/22 14:51:00.8    CurrentCycle      = 25
2025/09/22 14:51:00.8    RunTime (ms)      = 4955
2025/09/22 14:51:00.8    AverageCycle (ms) = 198.2
2025/09/22 14:51:00.8    Temperature       = 30.0
2025/09/22 14:51:00.8    DATA OVERRUN %    = 0.00
2025/09/22 14:51:00.8    Spec PCB temps    = 40.3, 40.8, 40.9, 40.7, 40.9, 40.9, 39.1, 39.9
2025/09/22 14:51:00.8 
2025/09/22 14:51:00.9 Old State:16-cycle=25, Elapsed Time:    5.0,  Ideal Time:    4.8,  Delay time =   0.04  New State:ENGN_StateRunning_SamplingComplete
2025/09/22 14:51:01.1 Old State:18-ENGN_StateRunning_SamplingComplete New State:ENGN_StateRunning_WaitNewStep
2025/09/22 14:51:01.2 Old State:5-ENGN_StateRunning_WaitNewStep New State:ENGN_StateRunning_StartNewStep
2025/09/22 14:51:01.2 StartShaker(400)
2025/09/22 14:51:01.5 Temp: 2025/09/22 14:51:01, 30.0000
2025/09/22 14:51:01.5 Old State:6-ENGN_StateRunning_StartNewStep New State:ENGN_StateRunning_WaitGoingToSample
2025/09/22 14:51:01.5 Sample96_Q(0, 0, 10)
2025/09/22 14:51:01.6 GMC_SetPosZ
2025/09/22 14:51:01.6 
2025/09/22 14:51:01.6 START SCAN: 
2025/09/22 14:51:01.6    CycleTime (ms)    = 200
2025/09/22 14:51:01.6    CycleCount        = 25
2025/09/22 14:51:01.6    ScansToAverage    = 20
2025/09/22 14:51:01.6    FinishTime (s)    = 5
2025/09/22 14:51:01.6    Temperature       = 30.0
2025/09/22 14:51:01.6    Lamp Power        = 36
2025/09/22 14:51:01.6    Spec PCB temps    = 40.3, 40.9, 40.9, 40.7, 40.9, 41.0, 39.1, 39.9
2025/09/22 14:51:01.6 
2025/09/22 14:51:01.7 Old State:12-ENGN_StateRunning_WaitGoingToSample New State:ENGN_StateRunning_GoingToSample
2025/09/22 14:51:06.7 GMC_ServoHere
2025/09/22 14:51:06.9 GMC_SetPosXY
2025/09/22 14:51:07.3 GMC_SetPosZ
2025/09/22 14:51:12.3 Old State:13-cycle=1, Elapsed Time:    0.0,  Ideal Time:    0.0,  Delay time =   0.00  New State:ENGN_StateRunning_GoingToSampleComplete
2025/09/22 14:51:12.4 Old State:14-ENGN_StateRunning_GoingToSampleComplete New State:ENGN_StateRunning_WaitSampling
2025/09/22 14:51:12.4 Step started at: 14:51:01
2025/09/22 14:51:12.4 XYZ movement time  = 10604 ms + Scan start delay = 10588 ms
2025/09/22 14:51:12.5 Old State:15-ENGN_StateRunning_WaitSampling New State:ENGN_StateRunning_Sampling
2025/09/22 14:51:17.1 
2025/09/22 14:51:17.1 STOP SCAN: 
2025/09/22 14:51:17.1    CycleTime (ms)    = 200
2025/09/22 14:51:17.1    CurrentCycle      = 25
2025/09/22 14:51:17.1    RunTime (ms)      = 4975
2025/09/22 14:51:17.1    AverageCycle (ms) = 199.0
2025/09/22 14:51:17.1    Temperature       = 30.0
2025/09/22 14:51:17.1    DATA OVERRUN %    = 0.00
2025/09/22 14:51:17.1    Spec PCB temps    = 40.3, 40.8, 40.9, 40.7, 40.9, 41.0, 39.1, 39.9
2025/09/22 14:51:17.1 
2025/09/22 14:51:17.3 Old State:16-cycle=25, Elapsed Time:    5.0,  Ideal Time:    4.8,  Delay time =   0.03  New State:ENGN_StateRunning_SamplingComplete
2025/09/22 14:51:17.4 Old State:18-ENGN_StateRunning_SamplingComplete New State:ENGN_StateRunning_WaitNewStep
2025/09/22 14:51:17.7 Old State:5-ENGN_StateRunning_WaitNewStep New State:ENGN_StateRunning_StartNewStep
2025/09/22 14:51:17.7 StartShaker(400)
2025/09/22 14:51:18.0 Temp: 2025/09/22 14:51:18, 30.0000
2025/09/22 14:51:18.1 Old State:6-ENGN_StateRunning_StartNewStep New State:ENGN_StateRunning_WaitGoingToSample
2025/09/22 14:51:18.1 Sample96_Q(0, 0, 11)
2025/09/22 14:51:18.1 GMC_SetPosZ
2025/09/22 14:51:18.2 
2025/09/22 14:51:18.2 START SCAN: 
2025/09/22 14:51:18.2    CycleTime (ms)    = 200
2025/09/22 14:51:18.2    CycleCount        = 25
2025/09/22 14:51:18.2    ScansToAverage    = 20
2025/09/22 14:51:18.2    FinishTime (s)    = 5
2025/09/22 14:51:18.2    Temperature       = 30.0
2025/09/22 14:51:18.2    Lamp Power        = 36
2025/09/22 14:51:18.2    Spec PCB temps    = 40.3, 40.9, 40.9, 40.7, 40.9, 41.0, 39.1, 39.9
2025/09/22 14:51:18.2 
2025/09/22 14:51:18.2 Old State:12-ENGN_StateRunning_WaitGoingToSample New State:ENGN_StateRunning_GoingToSample
2025/09/22 14:51:22.9 GMC_ServoHere
2025/09/22 14:51:23.1 GMC_SetPosXY
2025/09/22 14:51:23.5 GMC_SetPosZ
2025/09/22 14:51:28.8 Old State:13-cycle=1, Elapsed Time:    0.0,  Ideal Time:    0.0,  Delay time =   0.00  New State:ENGN_StateRunning_GoingToSampleComplete
2025/09/22 14:51:28.9 Old State:14-ENGN_StateRunning_GoingToSampleComplete New State:ENGN_StateRunning_WaitSampling
2025/09/22 14:51:28.9 Step started at: 14:51:18
2025/09/22 14:51:28.9 XYZ movement time  = 10617 ms + Scan start delay = 10614 ms
2025/09/22 14:51:29.0 Old State:15-ENGN_StateRunning_WaitSampling New State:ENGN_StateRunning_Sampling
2025/09/22 14:51:33.7 
2025/09/22 14:51:33.7 STOP SCAN: 
2025/09/22 14:51:33.7    CycleTime (ms)    = 200
2025/09/22 14:51:33.7    CurrentCycle      = 25
2025/09/22 14:51:33.7    RunTime (ms)      = 4990
2025/09/22 14:51:33.7    AverageCycle (ms) = 199.6
2025/09/22 14:51:33.7    Temperature       = 30.0
2025/09/22 14:51:33.7    DATA OVERRUN %    = 0.00
2025/09/22 14:51:33.7    Spec PCB temps    = 40.3, 40.8, 40.9, 40.7, 40.9, 40.9, 39.1, 39.9
2025/09/22 14:51:33.7 
2025/09/22 14:51:33.8 Old State:16-cycle=25, Elapsed Time:    5.0,  Ideal Time:    4.8,  Delay time =   0.01  New State:ENGN_StateRunning_SamplingComplete
2025/09/22 14:51:33.9 Old State:18-ENGN_StateRunning_SamplingComplete New State:ENGN_StateRunning_WaitNewStep
2025/09/22 14:51:34.1 Old State:5-ENGN_StateRunning_WaitNewStep New State:ENGN_StateRunning_StartNewStep
2025/09/22 14:51:34.2 StartShaker(400)
2025/09/22 14:51:34.4 Temp: 2025/09/22 14:51:34, 30.0000
2025/09/22 14:51:34.5 Old State:6-ENGN_StateRunning_StartNewStep New State:ENGN_StateRunning_WaitGoingToSample
2025/09/22 14:51:34.5 Sample96_Q(0, 0, 10)
2025/09/22 14:51:34.6 GMC_SetPosZ
2025/09/22 14:51:34.6 
2025/09/22 14:51:34.6 START SCAN: 
2025/09/22 14:51:34.6    CycleTime (ms)    = 200
2025/09/22 14:51:34.6    CycleCount        = 25
2025/09/22 14:51:34.6    ScansToAverage    = 20
2025/09/22 14:51:34.6    FinishTime (s)    = 5
2025/09/22 14:51:34.6    Temperature       = 30.0
2025/09/22 14:51:34.6    Lamp Power        = 36
2025/09/22 14:51:34.6    Spec PCB temps    = 40.3, 40.9, 40.9, 40.7, 40.9, 40.9, 39.1, 39.9
2025/09/22 14:51:34.6 
2025/09/22 14:51:34.7 Old State:12-ENGN_StateRunning_WaitGoingToSample New State:ENGN_StateRunning_GoingToSample
2025/09/22 14:51:39.7 GMC_ServoHere
2025/09/22 14:51:39.9 GMC_SetPosXY
2025/09/22 14:51:40.2 GMC_SetPosZ
2025/09/22 14:51:45.3 Old State:13-cycle=1, Elapsed Time:    0.0,  Ideal Time:    0.0,  Delay time =   0.00  New State:ENGN_StateRunning_GoingToSampleComplete
2025/09/22 14:51:45.4 Old State:14-ENGN_StateRunning_GoingToSampleComplete New State:ENGN_StateRunning_WaitSampling
2025/09/22 14:51:45.4 Step started at: 14:51:34
2025/09/22 14:51:45.4 XYZ movement time  = 10644 ms + Scan start delay = 10614 ms
2025/09/22 14:51:45.5 Old State:15-ENGN_StateRunning_WaitSampling New State:ENGN_StateRunning_Sampling
2025/09/22 14:51:50.1 
2025/09/22 14:51:50.1 STOP SCAN: 
2025/09/22 14:51:50.1    CycleTime (ms)    = 200
2025/09/22 14:51:50.1    CurrentCycle      = 25
2025/09/22 14:51:50.1    RunTime (ms)      = 4966
2025/09/22 14:51:50.1    AverageCycle (ms) = 198.6
2025/09/22 14:51:50.1    Temperature       = 30.0
2025/09/22 14:51:50.1    DATA OVERRUN %    = 0.00
2025/09/22 14:51:50.1    Spec PCB temps    = 40.3, 40.8, 40.9, 40.7, 40.9, 40.9, 39.1, 39.9
2025/09/22 14:51:50.1 
2025/09/22 14:51:50.1 Old State:16-cycle=25, Elapsed Time:    5.0,  Ideal Time:    4.8,  Delay time =   0.05  New State:ENGN_StateRunning_SamplingComplete
2025/09/22 14:51:50.3 Old State:18-ENGN_StateRunning_SamplingComplete New State:ENGN_StateRunning_WaitNewStep
2025/09/22 14:51:50.6 Old State:5-ENGN_StateRunning_WaitNewStep New State:ENGN_StateRunning_StartNewStep
2025/09/22 14:51:50.6 StartShaker(400)
2025/09/22 14:51:50.9 Temp: 2025/09/22 14:51:50, 30.0000
2025/09/22 14:51:50.9 Old State:6-ENGN_StateRunning_StartNewStep New State:ENGN_StateRunning_WaitGoingToSample
2025/09/22 14:51:50.9 Sample96_Q(0, 0, 11)
2025/09/22 14:51:51.0 GMC_SetPosZ
2025/09/22 14:51:51.0 
2025/09/22 14:51:51.0 START SCAN: 
2025/09/22 14:51:51.0    CycleTime (ms)    = 200
2025/09/22 14:51:51.0    CycleCount        = 25
2025/09/22 14:51:51.0    ScansToAverage    = 20
2025/09/22 14:51:51.0    FinishTime (s)    = 5
2025/09/22 14:51:51.0    Temperature       = 30.0
2025/09/22 14:51:51.0    Lamp Power        = 36
2025/09/22 14:51:51.0    Spec PCB temps    = 40.3, 40.9, 40.9, 40.7, 40.9, 40.9, 39.1, 39.9
2025/09/22 14:51:51.0 
2025/09/22 14:51:51.1 Old State:12-ENGN_StateRunning_WaitGoingToSample New State:ENGN_StateRunning_GoingToSample
2025/09/22 14:51:55.8 GMC_ServoHere
2025/09/22 14:51:56.0 GMC_SetPosXY
2025/09/22 14:51:56.4 GMC_SetPosZ
2025/09/22 14:52:01.8 Old State:13-cycle=1, Elapsed Time:    0.0,  Ideal Time:    0.0,  Delay time =   0.00  New State:ENGN_StateRunning_GoingToSampleComplete
2025/09/22 14:52:01.9 Old State:14-ENGN_StateRunning_GoingToSampleComplete New State:ENGN_StateRunning_WaitSampling
2025/09/22 14:52:01.9 Step started at: 14:51:51
2025/09/22 14:52:01.9 XYZ movement time  = 10665 ms + Scan start delay = 10599 ms
2025/09/22 14:52:02.0 Old State:15-ENGN_StateRunning_WaitSampling New State:ENGN_StateRunning_Sampling
2025/09/22 14:52:06.5 
2025/09/22 14:52:06.5 STOP SCAN: 
2025/09/22 14:52:06.5    CycleTime (ms)    = 200
2025/09/22 14:52:06.5    CurrentCycle      = 25
2025/09/22 14:52:06.5    RunTime (ms)      = 4956
2025/09/22 14:52:06.5    AverageCycle (ms) = 198.2
2025/09/22 14:52:06.5    Temperature       = 30.0
2025/09/22 14:52:06.5    DATA OVERRUN %    = 0.00
2025/09/22 14:52:06.5    Spec PCB temps    = 40.3, 40.8, 40.9, 40.7, 40.9, 40.9, 39.1, 39.9
2025/09/22 14:52:06.5 
2025/09/22 14:52:06.7 Old State:16-cycle=25, Elapsed Time:    5.0,  Ideal Time:    4.8,  Delay time =   0.04  New State:ENGN_StateRunning_SamplingComplete
2025/09/22 14:52:06.8 Old State:18-ENGN_StateRunning_SamplingComplete New State:ENGN_StateRunning_WaitNewStep
2025/09/22 14:52:07.1 Old State:5-ENGN_StateRunning_WaitNewStep New State:ENGN_StateRunning_StartNewStep
2025/09/22 14:52:07.2 StartShaker(400)
2025/09/22 14:52:07.4 Temp: 2025/09/22 14:52:07, 30.0000
2025/09/22 14:52:07.5 Old State:6-ENGN_StateRunning_StartNewStep New State:ENGN_StateRunning_WaitGoingToSample
2025/09/22 14:52:07.5 Sample96_Q(0, 0, 3)
2025/09/22 14:52:07.6 GMC_SetPosZ
2025/09/22 14:52:07.6 
2025/09/22 14:52:07.6 START SCAN: 
2025/09/22 14:52:07.6    CycleTime (ms)    = 200
2025/09/22 14:52:07.6    CycleCount        = 600
2025/09/22 14:52:07.6    ScansToAverage    = 20
2025/09/22 14:52:07.6    FinishTime (s)    = 120
2025/09/22 14:52:07.6    Temperature       = 30.0
2025/09/22 14:52:07.6    Lamp Power        = 36
2025/09/22 14:52:07.6    Spec PCB temps    = 40.3, 40.8, 40.9, 40.7, 40.9, 41.0, 39.1, 39.9
2025/09/22 14:52:07.6 
2025/09/22 14:52:07.7 Old State:12-ENGN_StateRunning_WaitGoingToSample New State:ENGN_StateRunning_GoingToSample
2025/09/22 14:52:12.7 GMC_ServoHere
2025/09/22 14:52:12.9 GMC_SetPosXY
2025/09/22 14:52:14.3 GMC_SetPosZ
2025/09/22 14:52:17.3 DFIO: Start writing C:\ForteBio\John\2025_09_22_153x35_BP_SCC_d7-d11_\250922_007.frd
2025/09/22 14:52:17.3 DFIO: Finished writing C:\ForteBio\John\2025_09_22_153x35_BP_SCC_d7-d11_\250922_007.frd
2025/09/22 14:52:17.3 DFIO: Start writing C:\ForteBio\John\2025_09_22_153x35_BP_SCC_d7-d11_\250922_008.frd
2025/09/22 14:52:17.3 DFIO: Finished writing C:\ForteBio\John\2025_09_22_153x35_BP_SCC_d7-d11_\250922_008.frd
2025/09/22 14:52:17.3 DFIO: Start writing C:\ForteBio\John\2025_09_22_153x35_BP_SCC_d7-d11_\250922_009.frd
2025/09/22 14:52:17.3 DFIO: Finished writing C:\ForteBio\John\2025_09_22_153x35_BP_SCC_d7-d11_\250922_009.frd
2025/09/22 14:52:17.3 DFIO: Finished writing C:\ForteBio\John\2025_09_22_153x35_BP_SCC_d7-d11_\250922_Manifest.fmx
2025/09/22 14:52:17.3 Old State:13-cycle=1, Elapsed Time:    0.0,  Ideal Time:    0.0,  Delay time =   0.00  New State:ENGN_StateRunning_GoingToSampleComplete
2025/09/22 14:52:17.5 Old State:14-ENGN_StateRunning_GoingToSampleComplete New State:ENGN_StateRunning_WaitSampling
2025/09/22 14:52:17.5 Step started at: 14:52:07
2025/09/22 14:52:17.5 XYZ movement time  = 9769 ms + Scan start delay = 9701 ms
2025/09/22 14:52:17.6 Old State:15-ENGN_StateRunning_WaitSampling New State:ENGN_StateRunning_Sampling
2025/09/22 14:53:07.4 Temp: 2025/09/22 14:53:07, 30.0000
2025/09/22 14:54:07.5 Temp: 2025/09/22 14:54:07, 30.0000
2025/09/22 14:54:17.2 
2025/09/22 14:54:17.2 STOP SCAN: 
2025/09/22 14:54:17.2    CycleTime (ms)    = 200
2025/09/22 14:54:17.2    CurrentCycle      = 600
2025/09/22 14:54:17.2    RunTime (ms)      = 119971
2025/09/22 14:54:17.2    AverageCycle (ms) = 200.0
2025/09/22 14:54:17.2    Temperature       = 30.0
2025/09/22 14:54:17.2    DATA OVERRUN %    = 0.00
2025/09/22 14:54:17.2    Spec PCB temps    = 40.3, 40.9, 41.0, 40.7, 40.9, 40.9, 39.1, 39.9
2025/09/22 14:54:17.2 
2025/09/22 14:54:17.3 Old State:16-cycle=600, Elapsed Time:  120.0,  Ideal Time:  119.8,  Delay time =   0.05  New State:ENGN_StateRunning_SamplingComplete
2025/09/22 14:54:17.4 Old State:18-ENGN_StateRunning_SamplingComplete New State:ENGN_StateRunning_WaitNewStep
2025/09/22 14:54:17.5 Old State:5-ENGN_StateRunning_WaitNewStep New State:ENGN_StateRunning_StartNewStep
2025/09/22 14:54:17.5 StartShaker(400)
2025/09/22 14:54:17.8 Temp: 2025/09/22 14:54:17, 30.0000
2025/09/22 14:54:17.9 Old State:6-ENGN_StateRunning_StartNewStep New State:ENGN_StateRunning_WaitGoingToSample
2025/09/22 14:54:17.9 Sample96_Q(0, 0, 10)
2025/09/22 14:54:17.9 GMC_SetPosZ
2025/09/22 14:54:18.0 
2025/09/22 14:54:18.0 START SCAN: 
2025/09/22 14:54:18.0    CycleTime (ms)    = 200
2025/09/22 14:54:18.0    CycleCount        = 25
2025/09/22 14:54:18.0    ScansToAverage    = 20
2025/09/22 14:54:18.0    FinishTime (s)    = 5
2025/09/22 14:54:18.0    Temperature       = 30.0
2025/09/22 14:54:18.0    Lamp Power        = 36
2025/09/22 14:54:18.0    Spec PCB temps    = 40.3, 40.9, 41.0, 40.7, 40.9, 40.9, 39.1, 39.9
2025/09/22 14:54:18.0 
2025/09/22 14:54:18.0 Old State:12-ENGN_StateRunning_WaitGoingToSample New State:ENGN_StateRunning_GoingToSample
2025/09/22 14:54:20.7 GMC_ServoHere
2025/09/22 14:54:20.9 GMC_SetPosXY
2025/09/22 14:54:22.2 GMC_SetPosZ
2025/09/22 14:54:27.1 Old State:13-ENGN_StateRunning_GoingToSample New State:ENGN_StateRunning_GoingToSampleComplete
2025/09/22 14:54:27.2 Old State:14-cycle=1, Elapsed Time:    0.0,  Ideal Time:    0.0,  Delay time =   0.00  New State:ENGN_StateRunning_WaitSampling
2025/09/22 14:54:27.2 Step started at: 14:54:17
2025/09/22 14:54:27.2 XYZ movement time  = 9193 ms + Scan start delay = 9196 ms
2025/09/22 14:54:27.3 Old State:15-ENGN_StateRunning_WaitSampling New State:ENGN_StateRunning_Sampling
2025/09/22 14:54:32.1 
2025/09/22 14:54:32.1 STOP SCAN: 
2025/09/22 14:54:32.1    CycleTime (ms)    = 200
2025/09/22 14:54:32.1    CurrentCycle      = 25
2025/09/22 14:54:32.1    RunTime (ms)      = 4994
2025/09/22 14:54:32.1    AverageCycle (ms) = 199.8
2025/09/22 14:54:32.1    Temperature       = 30.0
2025/09/22 14:54:32.1    DATA OVERRUN %    = 0.00
2025/09/22 14:54:32.1    Spec PCB temps    = 40.4, 40.9, 41.0, 40.7, 40.9, 41.0, 39.1, 39.9
2025/09/22 14:54:32.1 
2025/09/22 14:54:32.2 Old State:16-cycle=25, Elapsed Time:    5.0,  Ideal Time:    4.8,  Delay time =   0.04  New State:ENGN_StateRunning_SamplingComplete
2025/09/22 14:54:32.3 Old State:18-ENGN_StateRunning_SamplingComplete New State:ENGN_StateRunning_WaitNewStep
2025/09/22 14:54:32.6 Old State:5-ENGN_StateRunning_WaitNewStep New State:ENGN_StateRunning_StartNewStep
2025/09/22 14:54:32.6 StartShaker(400)
2025/09/22 14:54:32.9 Old State:6-ENGN_StateRunning_StartNewStep New State:ENGN_StateRunning_WaitGoingToSample
2025/09/22 14:54:32.9 Sample96_Q(0, 0, 11)
2025/09/22 14:54:32.9 Temp: 2025/09/22 14:54:32, 30.0000
2025/09/22 14:54:32.9 GMC_SetPosZ
2025/09/22 14:54:33.0 
2025/09/22 14:54:33.0 START SCAN: 
2025/09/22 14:54:33.0    CycleTime (ms)    = 200
2025/09/22 14:54:33.0    CycleCount        = 25
2025/09/22 14:54:33.0    ScansToAverage    = 20
2025/09/22 14:54:33.0    FinishTime (s)    = 5
2025/09/22 14:54:33.0    Temperature       = 30.0
2025/09/22 14:54:33.0    Lamp Power        = 36
2025/09/22 14:54:33.0    Spec PCB temps    = 40.3, 40.9, 41.0, 40.7, 40.9, 41.0, 39.1, 39.9
2025/09/22 14:54:33.0 
2025/09/22 14:54:33.1 Old State:12-ENGN_StateRunning_WaitGoingToSample New State:ENGN_StateRunning_GoingToSample
2025/09/22 14:54:37.7 GMC_ServoHere
2025/09/22 14:54:37.9 GMC_SetPosXY
2025/09/22 14:54:38.3 GMC_SetPosZ
2025/09/22 14:54:43.7 Old State:13-cycle=1, Elapsed Time:    0.0,  Ideal Time:    0.0,  Delay time =   0.00  New State:ENGN_StateRunning_GoingToSampleComplete
2025/09/22 14:54:43.8 Old State:14-ENGN_StateRunning_GoingToSampleComplete New State:ENGN_StateRunning_WaitSampling
2025/09/22 14:54:43.8 Step started at: 14:54:33
2025/09/22 14:54:43.8 XYZ movement time  = 10618 ms + Scan start delay = 10550 ms
2025/09/22 14:54:43.9 Old State:15-ENGN_StateRunning_WaitSampling New State:ENGN_StateRunning_Sampling
2025/09/22 14:54:48.4 
2025/09/22 14:54:48.4 STOP SCAN: 
2025/09/22 14:54:48.4    CycleTime (ms)    = 200
2025/09/22 14:54:48.4    CurrentCycle      = 25
2025/09/22 14:54:48.4    RunTime (ms)      = 4973
2025/09/22 14:54:48.4    AverageCycle (ms) = 198.9
2025/09/22 14:54:48.4    Temperature       = 30.0
2025/09/22 14:54:48.4    DATA OVERRUN %    = 0.00
2025/09/22 14:54:48.4    Spec PCB temps    = 40.3, 40.9, 41.0, 40.7, 40.9, 40.9, 39.1, 39.9
2025/09/22 14:54:48.4 
2025/09/22 14:54:48.6 Old State:16-cycle=25, Elapsed Time:    5.0,  Ideal Time:    4.8,  Delay time =   0.04  New State:ENGN_StateRunning_SamplingComplete
2025/09/22 14:54:48.7 Old State:18-ENGN_StateRunning_SamplingComplete New State:ENGN_StateRunning_WaitNewStep
2025/09/22 14:54:49.0 Old State:5-ENGN_StateRunning_WaitNewStep New State:ENGN_StateRunning_StartNewStep
2025/09/22 14:54:49.0 StartShaker(400)
2025/09/22 14:54:49.0 Temp: 2025/09/22 14:54:49, 30.0000
2025/09/22 14:54:49.4 Old State:6-ENGN_StateRunning_StartNewStep New State:ENGN_StateRunning_WaitGoingToSample
2025/09/22 14:54:49.4 Sample96_Q(0, 0, 10)
2025/09/22 14:54:49.4 
2025/09/22 14:54:49.4 START SCAN: 
2025/09/22 14:54:49.4    CycleTime (ms)    = 200
2025/09/22 14:54:49.4    CycleCount        = 25
2025/09/22 14:54:49.4    ScansToAverage    = 20
2025/09/22 14:54:49.4    FinishTime (s)    = 5
2025/09/22 14:54:49.4    Temperature       = 30.0
2025/09/22 14:54:49.4    Lamp Power        = 36
2025/09/22 14:54:49.4    Spec PCB temps    = 40.3, 40.9, 41.0, 40.7, 40.9, 41.0, 39.1, 39.9
2025/09/22 14:54:49.4 
2025/09/22 14:54:49.4 GMC_SetPosZ
2025/09/22 14:54:49.5 Old State:12-ENGN_StateRunning_WaitGoingToSample New State:ENGN_StateRunning_GoingToSample
2025/09/22 14:54:54.6 GMC_ServoHere
2025/09/22 14:54:54.8 GMC_SetPosXY
2025/09/22 14:54:55.1 GMC_SetPosZ
2025/09/22 14:55:00.2 Old State:13-cycle=1, Elapsed Time:    0.0,  Ideal Time:    0.0,  Delay time =   0.00  New State:ENGN_StateRunning_GoingToSampleComplete
2025/09/22 14:55:00.3 Old State:14-ENGN_StateRunning_GoingToSampleComplete New State:ENGN_StateRunning_WaitSampling
2025/09/22 14:55:00.3 Step started at: 14:54:49
2025/09/22 14:55:00.3 XYZ movement time  = 10689 ms + Scan start delay = 10644 ms
2025/09/22 14:55:00.4 Old State:15-ENGN_StateRunning_WaitSampling New State:ENGN_StateRunning_Sampling
2025/09/22 14:55:05.0 
2025/09/22 14:55:05.0 STOP SCAN: 
2025/09/22 14:55:05.0    CycleTime (ms)    = 200
2025/09/22 14:55:05.0    CurrentCycle      = 25
2025/09/22 14:55:05.0    RunTime (ms)      = 4984
2025/09/22 14:55:05.0    AverageCycle (ms) = 199.4
2025/09/22 14:55:05.0    Temperature       = 30.0
2025/09/22 14:55:05.0    DATA OVERRUN %    = 0.00
2025/09/22 14:55:05.0    Spec PCB temps    = 40.4, 40.9, 41.0, 40.7, 40.9, 41.0, 39.1, 39.9
2025/09/22 14:55:05.0 
2025/09/22 14:55:05.1 Old State:16-cycle=25, Elapsed Time:    5.0,  Ideal Time:    4.8,  Delay time =  -0.01 <<<<<<<<<< New State:ENGN_StateRunning_SamplingComplete
2025/09/22 14:55:05.2 Old State:18-ENGN_StateRunning_SamplingComplete New State:ENGN_StateRunning_WaitNewStep
2025/09/22 14:55:05.5 Old State:5-ENGN_StateRunning_WaitNewStep New State:ENGN_StateRunning_StartNewStep
2025/09/22 14:55:05.5 StartShaker(400)
2025/09/22 14:55:05.8 Temp: 2025/09/22 14:55:05, 30.0000
2025/09/22 14:55:05.9 Old State:6-ENGN_StateRunning_StartNewStep New State:ENGN_StateRunning_WaitGoingToSample
2025/09/22 14:55:05.9 Sample96_Q(0, 0, 11)
2025/09/22 14:55:05.9 GMC_SetPosZ
2025/09/22 14:55:06.0 
2025/09/22 14:55:06.0 START SCAN: 
2025/09/22 14:55:06.0    CycleTime (ms)    = 200
2025/09/22 14:55:06.0    CycleCount        = 25
2025/09/22 14:55:06.0    ScansToAverage    = 20
2025/09/22 14:55:06.0    FinishTime (s)    = 5
2025/09/22 14:55:06.0    Temperature       = 30.0
2025/09/22 14:55:06.0    Lamp Power        = 36
2025/09/22 14:55:06.0    Spec PCB temps    = 40.4, 40.9, 40.9, 40.7, 40.9, 41.0, 39.1, 39.9
2025/09/22 14:55:06.0 
2025/09/22 14:55:06.1 Old State:12-ENGN_StateRunning_WaitGoingToSample New State:ENGN_StateRunning_GoingToSample
2025/09/22 14:55:10.7 GMC_ServoHere
2025/09/22 14:55:10.9 GMC_SetPosXY
2025/09/22 14:55:11.2 GMC_SetPosZ
2025/09/22 14:55:16.7 Old State:13-cycle=1, Elapsed Time:    0.0,  Ideal Time:    0.0,  Delay time =   0.00  New State:ENGN_StateRunning_GoingToSampleComplete
2025/09/22 14:55:16.8 Old State:14-ENGN_StateRunning_GoingToSampleComplete New State:ENGN_StateRunning_WaitSampling
2025/09/22 14:55:16.8 Step started at: 14:55:05
2025/09/22 14:55:16.8 XYZ movement time  = 10637 ms + Scan start delay = 10584 ms
2025/09/22 14:55:16.9 Old State:15-ENGN_StateRunning_WaitSampling New State:ENGN_StateRunning_Sampling
2025/09/22 14:55:21.4 
2025/09/22 14:55:21.4 STOP SCAN: 
2025/09/22 14:55:21.4    CycleTime (ms)    = 200
2025/09/22 14:55:21.4    CurrentCycle      = 25
2025/09/22 14:55:21.4    RunTime (ms)      = 4978
2025/09/22 14:55:21.4    AverageCycle (ms) = 199.1
2025/09/22 14:55:21.4    Temperature       = 30.0
2025/09/22 14:55:21.4    DATA OVERRUN %    = 0.00
2025/09/22 14:55:21.4    Spec PCB temps    = 40.4, 40.9, 41.0, 40.7, 40.9, 41.0, 39.1, 39.9
2025/09/22 14:55:21.4 
2025/09/22 14:55:21.5 Old State:16-cycle=25, Elapsed Time:    5.0,  Ideal Time:    4.8,  Delay time =   0.04  New State:ENGN_StateRunning_SamplingComplete
2025/09/22 14:55:21.7 Old State:18-ENGN_StateRunning_SamplingComplete New State:ENGN_StateRunning_WaitNewStep
2025/09/22 14:55:22.0 Old State:5-ENGN_StateRunning_WaitNewStep New State:ENGN_StateRunning_StartNewStep
2025/09/22 14:55:22.0 StartShaker(400)
2025/09/22 14:55:22.3 Temp: 2025/09/22 14:55:22, 30.0000
2025/09/22 14:55:22.3 Old State:6-ENGN_StateRunning_StartNewStep New State:ENGN_StateRunning_WaitGoingToSample
2025/09/22 14:55:22.4 Sample96_Q(0, 0, 10)
2025/09/22 14:55:22.5 
2025/09/22 14:55:22.5 START SCAN: 
2025/09/22 14:55:22.5    CycleTime (ms)    = 200
2025/09/22 14:55:22.5    CycleCount        = 25
2025/09/22 14:55:22.5    ScansToAverage    = 20
2025/09/22 14:55:22.5    FinishTime (s)    = 5
2025/09/22 14:55:22.5    Temperature       = 30.0
2025/09/22 14:55:22.5    Lamp Power        = 36
2025/09/22 14:55:22.5    Spec PCB temps    = 40.4, 40.9, 41.0, 40.7, 40.9, 41.0, 39.1, 39.9
2025/09/22 14:55:22.5 
2025/09/22 14:55:22.5 GMC_SetPosZ
2025/09/22 14:55:22.5 Old State:12-ENGN_StateRunning_WaitGoingToSample New State:ENGN_StateRunning_GoingToSample
2025/09/22 14:55:27.7 GMC_ServoHere
2025/09/22 14:55:27.8 GMC_SetPosXY
2025/09/22 14:55:28.2 GMC_SetPosZ
2025/09/22 14:55:33.3 Old State:13-cycle=1, Elapsed Time:    0.0,  Ideal Time:    0.0,  Delay time =   0.00  New State:ENGN_StateRunning_GoingToSampleComplete
2025/09/22 14:55:33.4 Old State:14-ENGN_StateRunning_GoingToSampleComplete New State:ENGN_StateRunning_WaitSampling
2025/09/22 14:55:33.4 Step started at: 14:55:22
2025/09/22 14:55:33.4 XYZ movement time  = 10786 ms + Scan start delay = 10714 ms
2025/09/22 14:55:33.5 Old State:15-ENGN_StateRunning_WaitSampling New State:ENGN_StateRunning_Sampling
2025/09/22 14:55:38.0 
2025/09/22 14:55:38.0 STOP SCAN: 
2025/09/22 14:55:38.0    CycleTime (ms)    = 200
2025/09/22 14:55:38.0    CurrentCycle      = 25
2025/09/22 14:55:38.0    RunTime (ms)      = 4967
2025/09/22 14:55:38.0    AverageCycle (ms) = 198.7
2025/09/22 14:55:38.0    Temperature       = 30.0
2025/09/22 14:55:38.0    DATA OVERRUN %    = 0.00
2025/09/22 14:55:38.0    Spec PCB temps    = 40.4, 40.9, 41.0, 40.7, 40.9, 41.0, 39.1, 39.9
2025/09/22 14:55:38.0 
2025/09/22 14:55:38.2 Old State:16-cycle=25, Elapsed Time:    5.0,  Ideal Time:    4.8,  Delay time =   0.05  New State:ENGN_StateRunning_SamplingComplete
2025/09/22 14:55:38.3 Old State:18-ENGN_StateRunning_SamplingComplete New State:ENGN_StateRunning_WaitNewStep
2025/09/22 14:55:38.5 Old State:5-ENGN_StateRunning_WaitNewStep New State:ENGN_StateRunning_StartNewStep
2025/09/22 14:55:38.5 StartShaker(400)
2025/09/22 14:55:38.8 Temp: 2025/09/22 14:55:38, 30.0000
2025/09/22 14:55:38.8 Old State:6-ENGN_StateRunning_StartNewStep New State:ENGN_StateRunning_WaitGoingToSample
2025/09/22 14:55:38.8 Sample96_Q(0, 0, 11)
2025/09/22 14:55:38.9 GMC_SetPosZ
2025/09/22 14:55:38.9 
2025/09/22 14:55:38.9 START SCAN: 
2025/09/22 14:55:38.9    CycleTime (ms)    = 200
2025/09/22 14:55:38.9    CycleCount        = 25
2025/09/22 14:55:38.9    ScansToAverage    = 20
2025/09/22 14:55:38.9    FinishTime (s)    = 5
2025/09/22 14:55:38.9    Temperature       = 30.0
2025/09/22 14:55:38.9    Lamp Power        = 36
2025/09/22 14:55:38.9    Spec PCB temps    = 40.3, 40.9, 41.0, 40.7, 40.9, 41.0, 39.1, 39.9
2025/09/22 14:55:38.9 
2025/09/22 14:55:39.0 Old State:12-ENGN_StateRunning_WaitGoingToSample New State:ENGN_StateRunning_GoingToSample
2025/09/22 14:55:43.7 GMC_ServoHere
2025/09/22 14:55:43.9 GMC_SetPosXY
2025/09/22 14:55:44.2 GMC_SetPosZ
2025/09/22 14:55:49.7 Old State:13-cycle=1, Elapsed Time:    0.0,  Ideal Time:    0.0,  Delay time =   0.00  New State:ENGN_StateRunning_GoingToSampleComplete
2025/09/22 14:55:49.8 Old State:14-ENGN_StateRunning_GoingToSampleComplete New State:ENGN_StateRunning_WaitSampling
2025/09/22 14:55:49.8 Step started at: 14:55:38
2025/09/22 14:55:49.8 XYZ movement time  = 10659 ms + Scan start delay = 10597 ms
2025/09/22 14:55:49.9 Old State:15-ENGN_StateRunning_WaitSampling New State:ENGN_StateRunning_Sampling
2025/09/22 14:55:54.4 
2025/09/22 14:55:54.4 STOP SCAN: 
2025/09/22 14:55:54.4    CycleTime (ms)    = 200
2025/09/22 14:55:54.4    CurrentCycle      = 25
2025/09/22 14:55:54.4    RunTime (ms)      = 4977
2025/09/22 14:55:54.4    AverageCycle (ms) = 199.1
2025/09/22 14:55:54.4    Temperature       = 30.0
2025/09/22 14:55:54.4    DATA OVERRUN %    = 0.00
2025/09/22 14:55:54.4    Spec PCB temps    = 40.4, 40.9, 41.0, 40.7, 40.9, 41.0, 39.1, 39.9
2025/09/22 14:55:54.4 
2025/09/22 14:55:54.5 Old State:16-cycle=25, Elapsed Time:    5.0,  Ideal Time:    4.8,  Delay time =   0.04  New State:ENGN_StateRunning_SamplingComplete
2025/09/22 14:55:54.6 Old State:18-ENGN_StateRunning_SamplingComplete New State:ENGN_StateRunning_WaitNewStep
2025/09/22 14:55:55.0 Old State:5-ENGN_StateRunning_WaitNewStep New State:ENGN_StateRunning_StartNewStep
2025/09/22 14:55:55.0 StartShaker(400)
2025/09/22 14:55:55.3 Temp: 2025/09/22 14:55:55, 30.0000
2025/09/22 14:55:55.3 Old State:6-ENGN_StateRunning_StartNewStep New State:ENGN_StateRunning_WaitGoingToSample
2025/09/22 14:55:55.3 Sample96_Q(0, 0, 4)
2025/09/22 14:55:55.4 
2025/09/22 14:55:55.4 START SCAN: 
2025/09/22 14:55:55.4    CycleTime (ms)    = 200
2025/09/22 14:55:55.4    CycleCount        = 600
2025/09/22 14:55:55.4    ScansToAverage    = 20
2025/09/22 14:55:55.4    FinishTime (s)    = 120
2025/09/22 14:55:55.4    Temperature       = 30.0
2025/09/22 14:55:55.4    Lamp Power        = 36
2025/09/22 14:55:55.4    Spec PCB temps    = 40.3, 40.9, 41.0, 40.7, 40.9, 41.0, 39.2, 39.9
2025/09/22 14:55:55.4 
2025/09/22 14:55:55.4 GMC_SetPosZ
2025/09/22 14:55:55.5 Old State:12-ENGN_StateRunning_WaitGoingToSample New State:ENGN_StateRunning_GoingToSample
2025/09/22 14:56:00.6 GMC_ServoHere
2025/09/22 14:56:00.7 GMC_SetPosXY
2025/09/22 14:56:02.0 GMC_SetPosZ
2025/09/22 14:56:05.5 Old State:13-cycle=1, Elapsed Time:    0.0,  Ideal Time:    0.0,  Delay time =   0.00  New State:ENGN_StateRunning_GoingToSampleComplete
2025/09/22 14:56:05.5 DFIO: Start writing C:\ForteBio\John\2025_09_22_153x35_BP_SCC_d7-d11_\250922_010.frd
2025/09/22 14:56:05.5 DFIO: Finished writing C:\ForteBio\John\2025_09_22_153x35_BP_SCC_d7-d11_\250922_010.frd
2025/09/22 14:56:05.5 DFIO: Start writing C:\ForteBio\John\2025_09_22_153x35_BP_SCC_d7-d11_\250922_011.frd
2025/09/22 14:56:05.6 DFIO: Finished writing C:\ForteBio\John\2025_09_22_153x35_BP_SCC_d7-d11_\250922_011.frd
2025/09/22 14:56:05.6 DFIO: Start writing C:\ForteBio\John\2025_09_22_153x35_BP_SCC_d7-d11_\250922_012.frd
2025/09/22 14:56:05.6 DFIO: Finished writing C:\ForteBio\John\2025_09_22_153x35_BP_SCC_d7-d11_\250922_012.frd
2025/09/22 14:56:05.6 DFIO: Finished writing C:\ForteBio\John\2025_09_22_153x35_BP_SCC_d7-d11_\250922_Manifest.fmx
2025/09/22 14:56:05.6 Old State:14-ENGN_StateRunning_GoingToSampleComplete New State:ENGN_StateRunning_WaitSampling
2025/09/22 14:56:05.6 Step started at: 14:55:55
2025/09/22 14:56:05.6 XYZ movement time  = 10012 ms + Scan start delay = 9951 ms
2025/09/22 14:56:05.7 Old State:15-ENGN_StateRunning_WaitSampling New State:ENGN_StateRunning_Sampling
2025/09/22 14:56:55.3 Temp: 2025/09/22 14:56:55, 30.0000
2025/09/22 14:57:55.3 Temp: 2025/09/22 14:57:55, 30.0000
2025/09/22 14:58:05.2 
2025/09/22 14:58:05.2 STOP SCAN: 
2025/09/22 14:58:05.2    CycleTime (ms)    = 200
2025/09/22 14:58:05.2    CurrentCycle      = 600
2025/09/22 14:58:05.2    RunTime (ms)      = 119966
2025/09/22 14:58:05.2    AverageCycle (ms) = 199.9
2025/09/22 14:58:05.2    Temperature       = 30.0
2025/09/22 14:58:05.2    DATA OVERRUN %    = 0.00
2025/09/22 14:58:05.2    Spec PCB temps    = 40.4, 40.9, 41.0, 40.7, 40.9, 41.0, 39.2, 39.9
2025/09/22 14:58:05.2 
2025/09/22 14:58:05.4 Old State:16-cycle=600, Elapsed Time:  120.0,  Ideal Time:  119.8,  Delay time =   0.05  New State:ENGN_StateRunning_SamplingComplete
2025/09/22 14:58:05.5 Old State:18-ENGN_StateRunning_SamplingComplete New State:ENGN_StateRunning_WaitNewStep
2025/09/22 14:58:05.7 Old State:5-ENGN_StateRunning_WaitNewStep New State:ENGN_StateRunning_StartNewStep
2025/09/22 14:58:05.7 StartShaker(400)
2025/09/22 14:58:06.0 Temp: 2025/09/22 14:58:06, 30.0000
2025/09/22 14:58:06.1 Old State:6-ENGN_StateRunning_StartNewStep New State:ENGN_StateRunning_WaitGoingToSample
2025/09/22 14:58:06.1 Sample96_Q(0, 0, 10)
2025/09/22 14:58:06.2 
2025/09/22 14:58:06.2 START SCAN: 
2025/09/22 14:58:06.2    CycleTime (ms)    = 200
2025/09/22 14:58:06.2    CycleCount        = 25
2025/09/22 14:58:06.2    ScansToAverage    = 20
2025/09/22 14:58:06.2    FinishTime (s)    = 5
2025/09/22 14:58:06.2    Temperature       = 30.0
2025/09/22 14:58:06.2    Lamp Power        = 36
2025/09/22 14:58:06.2    Spec PCB temps    = 40.4, 40.9, 41.0, 40.7, 40.9, 40.9, 39.1, 39.9
2025/09/22 14:58:06.2 
2025/09/22 14:58:06.2 GMC_SetPosZ
2025/09/22 14:58:06.2 Old State:12-ENGN_StateRunning_WaitGoingToSample New State:ENGN_StateRunning_GoingToSample
2025/09/22 14:58:09.4 GMC_ServoHere
2025/09/22 14:58:09.6 GMC_SetPosXY
2025/09/22 14:58:10.6 GMC_SetPosZ
2025/09/22 14:58:15.6 Old State:13-ENGN_StateRunning_GoingToSample New State:ENGN_StateRunning_GoingToSampleComplete
2025/09/22 14:58:15.7 Old State:14-cycle=1, Elapsed Time:    0.0,  Ideal Time:    0.0,  Delay time =   0.00  New State:ENGN_StateRunning_WaitSampling
2025/09/22 14:58:15.7 Step started at: 14:58:06
2025/09/22 14:58:15.7 XYZ movement time  = 9489 ms + Scan start delay = 9444 ms
2025/09/22 14:58:15.8 Old State:15-ENGN_StateRunning_WaitSampling New State:ENGN_StateRunning_Sampling
2025/09/22 14:58:20.5 
2025/09/22 14:58:20.5 STOP SCAN: 
2025/09/22 14:58:20.5    CycleTime (ms)    = 200
2025/09/22 14:58:20.5    CurrentCycle      = 25
2025/09/22 14:58:20.5    RunTime (ms)      = 4956
2025/09/22 14:58:20.5    AverageCycle (ms) = 198.2
2025/09/22 14:58:20.5    Temperature       = 30.0
2025/09/22 14:58:20.5    DATA OVERRUN %    = 0.00
2025/09/22 14:58:20.5    Spec PCB temps    = 40.4, 40.9, 41.0, 40.7, 40.9, 41.0, 39.2, 39.9
2025/09/22 14:58:20.5 
2025/09/22 14:58:20.5 Old State:16-cycle=25, Elapsed Time:    5.0,  Ideal Time:    4.8,  Delay time =   0.04  New State:ENGN_StateRunning_SamplingComplete
2025/09/22 14:58:20.7 Old State:18-ENGN_StateRunning_SamplingComplete New State:ENGN_StateRunning_WaitNewStep
2025/09/22 14:58:20.8 Old State:5-ENGN_StateRunning_WaitNewStep New State:ENGN_StateRunning_StartNewStep
2025/09/22 14:58:20.8 StartShaker(400)
2025/09/22 14:58:21.1 Temp: 2025/09/22 14:58:21, 30.0000
2025/09/22 14:58:21.1 Old State:6-ENGN_StateRunning_StartNewStep New State:ENGN_StateRunning_WaitGoingToSample
2025/09/22 14:58:21.1 Sample96_Q(0, 0, 11)
2025/09/22 14:58:21.2 GMC_SetPosZ
2025/09/22 14:58:21.2 
2025/09/22 14:58:21.2 START SCAN: 
2025/09/22 14:58:21.2    CycleTime (ms)    = 200
2025/09/22 14:58:21.2    CycleCount        = 25
2025/09/22 14:58:21.2    ScansToAverage    = 20
2025/09/22 14:58:21.2    FinishTime (s)    = 5
2025/09/22 14:58:21.2    Temperature       = 30.0
2025/09/22 14:58:21.2    Lamp Power        = 36
2025/09/22 14:58:21.2    Spec PCB temps    = 40.4, 40.9, 41.0, 40.7, 40.9, 41.0, 39.1, 39.9
2025/09/22 14:58:21.2 
2025/09/22 14:58:21.3 Old State:12-ENGN_StateRunning_WaitGoingToSample New State:ENGN_StateRunning_GoingToSample
2025/09/22 14:58:26.0 GMC_ServoHere
2025/09/22 14:58:26.2 GMC_SetPosXY
2025/09/22 14:58:26.5 GMC_SetPosZ
2025/09/22 14:58:31.8 Old State:13-ENGN_StateRunning_GoingToSample New State:ENGN_StateRunning_GoingToSampleComplete
2025/09/22 14:58:32.0 Old State:14-cycle=1, Elapsed Time:    0.0,  Ideal Time:    0.0,  Delay time =   0.00  New State:ENGN_StateRunning_WaitSampling
2025/09/22 14:58:32.0 Step started at: 14:58:21
2025/09/22 14:58:32.0 XYZ movement time  = 10610 ms + Scan start delay = 10610 ms
2025/09/22 14:58:32.1 Old State:15-ENGN_StateRunning_WaitSampling New State:ENGN_StateRunning_Sampling
2025/09/22 14:58:36.7 
2025/09/22 14:58:36.7 STOP SCAN: 
2025/09/22 14:58:36.7    CycleTime (ms)    = 200
2025/09/22 14:58:36.7    CurrentCycle      = 25
2025/09/22 14:58:36.7    RunTime (ms)      = 4972
2025/09/22 14:58:36.7    AverageCycle (ms) = 198.9
2025/09/22 14:58:36.7    Temperature       = 30.0
2025/09/22 14:58:36.7    DATA OVERRUN %    = 0.00
2025/09/22 14:58:36.7    Spec PCB temps    = 40.4, 40.9, 41.0, 40.7, 40.9, 41.0, 39.2, 39.9
2025/09/22 14:58:36.7 
2025/09/22 14:58:36.9 Old State:16-cycle=25, Elapsed Time:    5.0,  Ideal Time:    4.8,  Delay time =   0.04  New State:ENGN_StateRunning_SamplingComplete
2025/09/22 14:58:37.0 Old State:18-ENGN_StateRunning_SamplingComplete New State:ENGN_StateRunning_WaitNewStep
2025/09/22 14:58:37.3 Old State:5-ENGN_StateRunning_WaitNewStep New State:ENGN_StateRunning_StartNewStep
2025/09/22 14:58:37.3 StartShaker(400)
2025/09/22 14:58:37.6 Temp: 2025/09/22 14:58:37, 30.0000
2025/09/22 14:58:37.7 Old State:6-ENGN_StateRunning_StartNewStep New State:ENGN_StateRunning_WaitGoingToSample
2025/09/22 14:58:37.7 Sample96_Q(0, 0, 10)
2025/09/22 14:58:37.7 GMC_SetPosZ
2025/09/22 14:58:37.8 
2025/09/22 14:58:37.8 START SCAN: 
2025/09/22 14:58:37.8    CycleTime (ms)    = 200
2025/09/22 14:58:37.8    CycleCount        = 25
2025/09/22 14:58:37.8    ScansToAverage    = 20
2025/09/22 14:58:37.8    FinishTime (s)    = 5
2025/09/22 14:58:37.8    Temperature       = 30.0
2025/09/22 14:58:37.8    Lamp Power        = 36
2025/09/22 14:58:37.8    Spec PCB temps    = 40.4, 40.9, 41.0, 40.7, 40.9, 41.0, 39.2, 39.9
2025/09/22 14:58:37.8 
2025/09/22 14:58:37.8 Old State:12-ENGN_StateRunning_WaitGoingToSample New State:ENGN_StateRunning_GoingToSample
2025/09/22 14:58:42.9 GMC_ServoHere
2025/09/22 14:58:43.1 GMC_SetPosXY
2025/09/22 14:58:43.4 GMC_SetPosZ
2025/09/22 14:58:48.5 Old State:13-cycle=1, Elapsed Time:    0.0,  Ideal Time:    0.0,  Delay time =   0.00  New State:ENGN_StateRunning_GoingToSampleComplete
2025/09/22 14:58:48.6 Old State:14-ENGN_StateRunning_GoingToSampleComplete New State:ENGN_StateRunning_WaitSampling
2025/09/22 14:58:48.6 Step started at: 14:58:37
2025/09/22 14:58:48.6 XYZ movement time  = 10660 ms + Scan start delay = 10653 ms
2025/09/22 14:58:48.7 Old State:15-ENGN_StateRunning_WaitSampling New State:ENGN_StateRunning_Sampling
2025/09/22 14:58:53.3 
2025/09/22 14:58:53.3 STOP SCAN: 
2025/09/22 14:58:53.3    CycleTime (ms)    = 200
2025/09/22 14:58:53.3    CurrentCycle      = 25
2025/09/22 14:58:53.3    RunTime (ms)      = 4956
2025/09/22 14:58:53.3    AverageCycle (ms) = 198.2
2025/09/22 14:58:53.3    Temperature       = 30.0
2025/09/22 14:58:53.3    DATA OVERRUN %    = 0.00
2025/09/22 14:58:53.3    Spec PCB temps    = 40.4, 40.9, 41.0, 40.7, 40.9, 41.0, 39.2, 39.9
2025/09/22 14:58:53.3 
2025/09/22 14:58:53.4 Old State:16-cycle=25, Elapsed Time:    5.0,  Ideal Time:    4.8,  Delay time =   0.04  New State:ENGN_StateRunning_SamplingComplete
2025/09/22 14:58:53.5 Old State:18-ENGN_StateRunning_SamplingComplete New State:ENGN_StateRunning_WaitNewStep
2025/09/22 14:58:53.7 Old State:5-ENGN_StateRunning_WaitNewStep New State:ENGN_StateRunning_StartNewStep
2025/09/22 14:58:53.7 StartShaker(400)
2025/09/22 14:58:54.0 Old State:6-ENGN_StateRunning_StartNewStep New State:ENGN_StateRunning_WaitGoingToSample
2025/09/22 14:58:54.0 Sample96_Q(0, 0, 11)
2025/09/22 14:58:54.1 Temp: 2025/09/22 14:58:54, 30.0000
2025/09/22 14:58:54.1 
2025/09/22 14:58:54.1 START SCAN: 
2025/09/22 14:58:54.1    CycleTime (ms)    = 200
2025/09/22 14:58:54.1    CycleCount        = 25
2025/09/22 14:58:54.1    ScansToAverage    = 20
2025/09/22 14:58:54.1    FinishTime (s)    = 5
2025/09/22 14:58:54.1    Temperature       = 30.0
2025/09/22 14:58:54.1    Lamp Power        = 36
2025/09/22 14:58:54.1    Spec PCB temps    = 40.4, 40.9, 41.0, 40.7, 40.9, 41.0, 39.2, 39.9
2025/09/22 14:58:54.1 
2025/09/22 14:58:54.2 GMC_SetPosZ
2025/09/22 14:58:54.2 Old State:12-ENGN_StateRunning_WaitGoingToSample New State:ENGN_StateRunning_GoingToSample
2025/09/22 14:58:59.0 GMC_ServoHere
2025/09/22 14:58:59.1 GMC_SetPosXY
2025/09/22 14:58:59.5 GMC_SetPosZ
2025/09/22 14:59:04.9 Old State:13-cycle=1, Elapsed Time:    0.0,  Ideal Time:    0.0,  Delay time =   0.00  New State:ENGN_StateRunning_GoingToSampleComplete
2025/09/22 14:59:05.0 Old State:14-ENGN_StateRunning_GoingToSampleComplete New State:ENGN_StateRunning_WaitSampling
2025/09/22 14:59:05.0 Step started at: 14:58:54
2025/09/22 14:59:05.0 XYZ movement time  = 10719 ms + Scan start delay = 10690 ms
2025/09/22 14:59:05.1 Old State:15-ENGN_StateRunning_WaitSampling New State:ENGN_StateRunning_Sampling
2025/09/22 14:59:09.7 
2025/09/22 14:59:09.7 STOP SCAN: 
2025/09/22 14:59:09.7    CycleTime (ms)    = 200
2025/09/22 14:59:09.7    CurrentCycle      = 25
2025/09/22 14:59:09.7    RunTime (ms)      = 4965
2025/09/22 14:59:09.7    AverageCycle (ms) = 198.6
2025/09/22 14:59:09.7    Temperature       = 30.0
2025/09/22 14:59:09.7    DATA OVERRUN %    = 0.00
2025/09/22 14:59:09.7    Spec PCB temps    = 40.4, 40.9, 41.0, 40.7, 40.9, 41.0, 39.2, 39.9
2025/09/22 14:59:09.7 
2025/09/22 14:59:09.8 Old State:16-cycle=25, Elapsed Time:    5.0,  Ideal Time:    4.8,  Delay time =   0.04  New State:ENGN_StateRunning_SamplingComplete
2025/09/22 14:59:10.0 Old State:18-ENGN_StateRunning_SamplingComplete New State:ENGN_StateRunning_WaitNewStep
2025/09/22 14:59:10.3 Old State:5-ENGN_StateRunning_WaitNewStep New State:ENGN_StateRunning_StartNewStep
2025/09/22 14:59:10.3 StartShaker(400)
2025/09/22 14:59:10.5 Temp: 2025/09/22 14:59:10, 30.0000
2025/09/22 14:59:10.6 Old State:6-ENGN_StateRunning_StartNewStep New State:ENGN_StateRunning_WaitGoingToSample
2025/09/22 14:59:10.6 Sample96_Q(0, 0, 10)
2025/09/22 14:59:10.7 
2025/09/22 14:59:10.7 START SCAN: 
2025/09/22 14:59:10.7    CycleTime (ms)    = 200
2025/09/22 14:59:10.7    CycleCount        = 25
2025/09/22 14:59:10.7    ScansToAverage    = 20
2025/09/22 14:59:10.7    FinishTime (s)    = 5
2025/09/22 14:59:10.7    Temperature       = 30.0
2025/09/22 14:59:10.7    Lamp Power        = 36
2025/09/22 14:59:10.7    Spec PCB temps    = 40.4, 40.9, 41.0, 40.7, 40.9, 41.0, 39.2, 39.9
2025/09/22 14:59:10.7 
2025/09/22 14:59:10.8 GMC_SetPosZ
2025/09/22 14:59:10.8 Old State:12-ENGN_StateRunning_WaitGoingToSample New State:ENGN_StateRunning_GoingToSample
2025/09/22 14:59:15.9 GMC_ServoHere
2025/09/22 14:59:16.1 GMC_SetPosXY
2025/09/22 14:59:16.5 GMC_SetPosZ
2025/09/22 14:59:21.5 Old State:13-cycle=1, Elapsed Time:    0.0,  Ideal Time:    0.0,  Delay time =   0.00  New State:ENGN_StateRunning_GoingToSampleComplete
2025/09/22 14:59:21.7 Old State:14-ENGN_StateRunning_GoingToSampleComplete New State:ENGN_StateRunning_WaitSampling
2025/09/22 14:59:21.7 Step started at: 14:59:10
2025/09/22 14:59:21.7 XYZ movement time  = 10725 ms + Scan start delay = 10672 ms
2025/09/22 14:59:21.8 Old State:15-ENGN_StateRunning_WaitSampling New State:ENGN_StateRunning_Sampling
2025/09/22 14:59:26.3 
2025/09/22 14:59:26.3 STOP SCAN: 
2025/09/22 14:59:26.3    CycleTime (ms)    = 200
2025/09/22 14:59:26.3    CurrentCycle      = 25
2025/09/22 14:59:26.3    RunTime (ms)      = 4955
2025/09/22 14:59:26.3    AverageCycle (ms) = 198.2
2025/09/22 14:59:26.3    Temperature       = 30.0
2025/09/22 14:59:26.3    DATA OVERRUN %    = 0.00
2025/09/22 14:59:26.3    Spec PCB temps    = 40.4, 40.9, 41.0, 40.7, 40.9, 41.0, 39.2, 39.9
2025/09/22 14:59:26.3 
2025/09/22 14:59:26.4 Old State:16-cycle=25, Elapsed Time:    5.0,  Ideal Time:    4.8,  Delay time =   0.03  New State:ENGN_StateRunning_SamplingComplete
2025/09/22 14:59:26.6 Old State:18-ENGN_StateRunning_SamplingComplete New State:ENGN_StateRunning_WaitNewStep
2025/09/22 14:59:26.7 Old State:5-ENGN_StateRunning_WaitNewStep New State:ENGN_StateRunning_StartNewStep
2025/09/22 14:59:26.7 StartShaker(400)
2025/09/22 14:59:27.0 Old State:6-ENGN_StateRunning_StartNewStep New State:ENGN_StateRunning_WaitGoingToSample
2025/09/22 14:59:27.0 Sample96_Q(0, 0, 11)
2025/09/22 14:59:27.0 Temp: 2025/09/22 14:59:27, 30.0000
2025/09/22 14:59:27.1 
2025/09/22 14:59:27.1 START SCAN: 
2025/09/22 14:59:27.1    CycleTime (ms)    = 200
2025/09/22 14:59:27.1    CycleCount        = 25
2025/09/22 14:59:27.1    ScansToAverage    = 20
2025/09/22 14:59:27.1    FinishTime (s)    = 5
2025/09/22 14:59:27.1    Temperature       = 30.0
2025/09/22 14:59:27.1    Lamp Power        = 36
2025/09/22 14:59:27.1    Spec PCB temps    = 40.4, 40.9, 41.0, 40.7, 40.9, 41.0, 39.2, 39.9
2025/09/22 14:59:27.1 
2025/09/22 14:59:27.2 GMC_SetPosZ
2025/09/22 14:59:27.2 Old State:12-ENGN_StateRunning_WaitGoingToSample New State:ENGN_StateRunning_GoingToSample
2025/09/22 14:59:32.0 GMC_ServoHere
2025/09/22 14:59:32.2 GMC_SetPosXY
2025/09/22 14:59:32.5 GMC_SetPosZ
2025/09/22 14:59:38.0 Old State:13-cycle=1, Elapsed Time:    0.0,  Ideal Time:    0.0,  Delay time =   0.00  New State:ENGN_StateRunning_GoingToSampleComplete
2025/09/22 14:59:38.1 Old State:14-ENGN_StateRunning_GoingToSampleComplete New State:ENGN_StateRunning_WaitSampling
2025/09/22 14:59:38.1 Step started at: 14:59:27
2025/09/22 14:59:38.1 XYZ movement time  = 10794 ms + Scan start delay = 10728 ms
2025/09/22 14:59:38.2 Old State:15-ENGN_StateRunning_WaitSampling New State:ENGN_StateRunning_Sampling
2025/09/22 14:59:42.7 
2025/09/22 14:59:42.7 STOP SCAN: 
2025/09/22 14:59:42.7    CycleTime (ms)    = 200
2025/09/22 14:59:42.7    CurrentCycle      = 25
2025/09/22 14:59:42.7    RunTime (ms)      = 4979
2025/09/22 14:59:42.7    AverageCycle (ms) = 199.2
2025/09/22 14:59:42.7    Temperature       = 30.0
2025/09/22 14:59:42.7    DATA OVERRUN %    = 0.00
2025/09/22 14:59:42.7    Spec PCB temps    = 40.4, 40.9, 41.0, 40.7, 40.9, 41.0, 39.2, 39.9
2025/09/22 14:59:42.7 
2025/09/22 14:59:42.8 Old State:16-cycle=25, Elapsed Time:    5.0,  Ideal Time:    4.8,  Delay time =   0.04  New State:ENGN_StateRunning_SamplingComplete
2025/09/22 14:59:43.0 Old State:18-ENGN_StateRunning_SamplingComplete New State:ENGN_StateRunning_WaitNewStep
2025/09/22 14:59:43.2 Old State:5-ENGN_StateRunning_WaitNewStep New State:ENGN_StateRunning_StartNewStep
2025/09/22 14:59:43.2 StartShaker(400)
2025/09/22 14:59:43.5 Temp: 2025/09/22 14:59:43, 30.0000
2025/09/22 14:59:43.5 Old State:6-ENGN_StateRunning_StartNewStep New State:ENGN_StateRunning_WaitGoingToSample
2025/09/22 14:59:43.5 Sample96_Q(0, 0, 5)
2025/09/22 14:59:43.6 GMC_SetPosZ
2025/09/22 14:59:43.6 
2025/09/22 14:59:43.6 START SCAN: 
2025/09/22 14:59:43.6    CycleTime (ms)    = 200
2025/09/22 14:59:43.6    CycleCount        = 600
2025/09/22 14:59:43.6    ScansToAverage    = 20
2025/09/22 14:59:43.6    FinishTime (s)    = 120
2025/09/22 14:59:43.6    Temperature       = 30.0
2025/09/22 14:59:43.6    Lamp Power        = 36
2025/09/22 14:59:43.6    Spec PCB temps    = 40.4, 40.9, 41.0, 40.7, 40.9, 41.0, 39.2, 39.9
2025/09/22 14:59:43.6 
2025/09/22 14:59:43.7 Old State:12-ENGN_StateRunning_WaitGoingToSample New State:ENGN_StateRunning_GoingToSample
2025/09/22 14:59:48.8 GMC_ServoHere
2025/09/22 14:59:48.9 GMC_SetPosXY
2025/09/22 14:59:50.0 GMC_SetPosZ
2025/09/22 14:59:53.4 DFIO: Start writing C:\ForteBio\John\2025_09_22_153x35_BP_SCC_d7-d11_\250922_013.frd
2025/09/22 14:59:53.5 DFIO: Finished writing C:\ForteBio\John\2025_09_22_153x35_BP_SCC_d7-d11_\250922_013.frd
2025/09/22 14:59:53.5 DFIO: Start writing C:\ForteBio\John\2025_09_22_153x35_BP_SCC_d7-d11_\250922_014.frd
2025/09/22 14:59:53.5 DFIO: Finished writing C:\ForteBio\John\2025_09_22_153x35_BP_SCC_d7-d11_\250922_014.frd
2025/09/22 14:59:53.5 DFIO: Start writing C:\ForteBio\John\2025_09_22_153x35_BP_SCC_d7-d11_\250922_015.frd
2025/09/22 14:59:53.5 DFIO: Finished writing C:\ForteBio\John\2025_09_22_153x35_BP_SCC_d7-d11_\250922_015.frd
2025/09/22 14:59:53.5 DFIO: Finished writing C:\ForteBio\John\2025_09_22_153x35_BP_SCC_d7-d11_\250922_Manifest.fmx
2025/09/22 14:59:53.6 Old State:13-cycle=1, Elapsed Time:    0.0,  Ideal Time:    0.0,  Delay time =   0.00  New State:ENGN_StateRunning_GoingToSampleComplete
2025/09/22 14:59:53.7 Old State:14-ENGN_StateRunning_GoingToSampleComplete New State:ENGN_StateRunning_WaitSampling
2025/09/22 14:59:53.7 Step started at: 14:59:43
2025/09/22 14:59:53.7 XYZ movement time  = 9894 ms + Scan start delay = 9826 ms
2025/09/22 14:59:53.8 Old State:15-ENGN_StateRunning_WaitSampling New State:ENGN_StateRunning_Sampling
2025/09/22 15:00:43.5 Temp: 2025/09/22 15:00:43, 30.0000
2025/09/22 15:01:43.6 Temp: 2025/09/22 15:01:43, 30.0000
2025/09/22 15:01:53.3 
2025/09/22 15:01:53.3 STOP SCAN: 
2025/09/22 15:01:53.3    CycleTime (ms)    = 200
2025/09/22 15:01:53.3    CurrentCycle      = 600
2025/09/22 15:01:53.3    RunTime (ms)      = 119963
2025/09/22 15:01:53.3    AverageCycle (ms) = 199.9
2025/09/22 15:01:53.3    Temperature       = 30.0
2025/09/22 15:01:53.3    DATA OVERRUN %    = 0.00
2025/09/22 15:01:53.3    Spec PCB temps    = 40.4, 40.9, 41.0, 40.7, 40.9, 41.0, 39.2, 39.9
2025/09/22 15:01:53.3 
2025/09/22 15:01:53.5 Old State:16-cycle=600, Elapsed Time:  120.0,  Ideal Time:  119.8,  Delay time =   0.04  New State:ENGN_StateRunning_SamplingComplete
2025/09/22 15:01:53.6 Old State:18-ENGN_StateRunning_SamplingComplete New State:ENGN_StateRunning_WaitEjecting
2025/09/22 15:01:53.6 EJECT: To Tray, position=2,0
2025/09/22 15:01:53.6    EjectOffset = 10.0
2025/09/22 15:01:53.7 GMC_SetPosZ
2025/09/22 15:01:53.8 Old State:19-ENGN_StateRunning_WaitEjecting New State:ENGN_StateRunning_Ejecting
2025/09/22 15:01:57.1 GMC_ServoHere
2025/09/22 15:01:57.2 GMC_SetPosXY
2025/09/22 15:01:59.3 GMC_SetPosZ
2025/09/22 15:02:03.5 GMC_Eject
2025/09/22 15:02:03.5 EJECTOR: Eject
2025/09/22 15:02:12.3 GMC_HomeZ
2025/09/22 15:02:17.8 GMC_SetPosZ
2025/09/22 15:02:18.1 GMC_ServoHere
2025/09/22 15:02:18.3 GMC_SetPosZ
2025/09/22 15:02:18.5 GMC_ServoHere
2025/09/22 15:02:18.6 GMC_SetPosXY
2025/09/22 15:02:20.8 GMC_SetPosZ
2025/09/22 15:02:21.1 Old State:20-ENGN_StateRunning_Ejecting New State:ENGN_StateRunning_EjectingComplete
2025/09/22 15:02:21.2 Old State:21-ENGN_StateRunning_EjectingComplete New State:ENGN_StateRunning_Finished
2025/09/22 15:02:21.2 StopShaker
2025/09/22 15:02:21.3 Old State:22-ENGN_StateRunning_Finished New State:ENGN_State_SystemReady
2025/09/22 15:02:21.4 Temp: 2025/09/22 15:02:21, 30.0000
2025/09/22 15:02:21.4 
2025/09/22 15:02:21.4 ASSAY SUMMARY:
2025/09/22 15:02:21.4 ==============
2025/09/22 15:02:21.4   Step #   Duration   Cycles  Overrun %
2025/09/22 15:02:21.4        1       4      25    0.00
2025/09/22 15:02:21.4        2       4      25    0.00
2025/09/22 15:02:21.4        3       4      25    0.00
2025/09/22 15:02:21.4        4       4      25    0.00
2025/09/22 15:02:21.4        5       4      25    0.00
2025/09/22 15:02:21.4        6       4      25    0.00
2025/09/22 15:02:21.4        7     119     600    0.00
2025/09/22 15:02:21.4        8       4      25    0.00
2025/09/22 15:02:21.4        9       4      25    0.00
2025/09/22 15:02:21.4       10       4      25    0.00
2025/09/22 15:02:21.4       11       4      25    0.00
2025/09/22 15:02:21.4       12       4      25    0.00
2025/09/22 15:02:21.4       13       4      25    0.00
2025/09/22 15:02:21.4       14     119     600    0.00
2025/09/22 15:02:21.4       15       4      25    0.00
2025/09/22 15:02:21.4       16       4      25    0.00
2025/09/22 15:02:21.4       17       4      25    0.00
2025/09/22 15:02:21.4       18       4      25    0.00
2025/09/22 15:02:21.4       19       4      25    0.00
2025/09/22 15:02:21.4       20       4      25    0.00
2025/09/22 15:02:21.4       21     119     600    0.00
2025/09/22 15:02:21.4       22       4      25    0.00
2025/09/22 15:02:21.4       23       4      25    0.00
2025/09/22 15:02:21.4       24       4      25    0.00
2025/09/22 15:02:21.4       25       4      25    0.00
2025/09/22 15:02:21.4       26       4      25    0.00
2025/09/22 15:02:21.4       27       4      25    0.00
2025/09/22 15:02:21.4       28     119     600    0.00
2025/09/22 15:02:21.4       29       4      25    0.00
2025/09/22 15:02:21.4       30       4      25    0.00
2025/09/22 15:02:21.4       31       4      25    0.00
2025/09/22 15:02:21.4       32       4      25    0.00
2025/09/22 15:02:21.4       33       4      25    0.00
2025/09/22 15:02:21.4       34       4      25    0.00
2025/09/22 15:02:21.4       35     119     600    0.00
2025/09/22 15:02:21.4       36       4      25    0.00
2025/09/22 15:02:21.4       37       4      25    0.00
2025/09/22 15:02:21.4       38       4      25    0.00
2025/09/22 15:02:21.4       39       4      25    0.00
2025/09/22 15:02:21.4       40       4      25    0.00
2025/09/22 15:02:21.4       41       4      25    0.00
2025/09/22 15:02:21.4       42     119     600    0.00
2025/09/22 15:02:21.4 -------------------------------------------
2025/09/22 15:02:21.4    Total     898    4500    0.00
2025/09/22 15:02:21.5 DFIO: Start writing C:\ForteBio\John\2025_09_22_153x35_BP_SCC_d7-d11_\250922_016.frd
2025/09/22 15:02:21.5 DFIO: Finished writing C:\ForteBio\John\2025_09_22_153x35_BP_SCC_d7-d11_\250922_016.frd
2025/09/22 15:02:21.5 DFIO: Start writing C:\ForteBio\John\2025_09_22_153x35_BP_SCC_d7-d11_\250922_017.frd
2025/09/22 15:02:21.5 DFIO: Finished writing C:\ForteBio\John\2025_09_22_153x35_BP_SCC_d7-d11_\250922_017.frd
2025/09/22 15:02:21.5 DFIO: Start writing C:\ForteBio\John\2025_09_22_153x35_BP_SCC_d7-d11_\250922_018.frd
2025/09/22 15:02:21.5 DFIO: Finished writing C:\ForteBio\John\2025_09_22_153x35_BP_SCC_d7-d11_\250922_018.frd
2025/09/22 15:02:21.5 DFIO: Finished writing C:\ForteBio\John\2025_09_22_153x35_BP_SCC_d7-d11_\250922_Manifest.fmx
2025/09/22 15:05:37.3 Read C:\ForteBio\John\2025_27_02_SI-1_III_48wp_part2_\250227_ExpMethod.fmf in 47 ms
2025/09/22 15:05:37.3 Read C:\ForteBio\John\2025_27_02_SI-1_III_48wp_part2_\250227_ExpMethod.fmf in 0 ms
2025/09/22 15:05:37.4 Read C:\ForteBio\John\2025_27_02_SI-1_III_48wp_part1_\250227_ExpMethod.fmf in 0 ms
2025/09/22 15:05:37.4 Read C:\ForteBio\John\2025_27_02_SI-1_III_48wp_part1_\250227_ExpMethod.fmf in 0 ms
2025/09/22 15:05:37.7 Read C:\ForteBio\John\2025_09_22_153x35_BP_SCC_d7-d11_\250922_ExpMethod.fmf in 0 ms
2025/09/22 15:05:37.7 Read C:\ForteBio\John\2025_09_22_153x35_BP_SCC_d7-d11_\250922_ExpMethod.fmf in 0 ms
2025/09/22 15:05:39.4 Read C:\ForteBio\John\2025_27_02_SI-1_III_48wp_part1_\250227_ExpMethod.fmf in 0 ms
2025/09/22 15:05:39.4 Read C:\ForteBio\John\2025_27_02_SI-1_III_48wp_part1_\250227_ExpMethod.fmf in 15 ms
2025/09/22 15:05:39.8 Read C:\ForteBio\John\2025_09_22_153x35_BP_SCC_d7-d11_\250922_ExpMethod.fmf in 0 ms
2025/09/22 15:05:39.8 Read C:\ForteBio\John\2025_09_22_153x35_BP_SCC_d7-d11_\250922_ExpMethod.fmf in 0 ms
2025/09/22 15:05:40.4 Read C:\ForteBio\John\2025_27_02_SI-1_III_48wp_part1_\250227_ExpMethod.fmf in 0 ms
2025/09/22 15:05:40.4 Read C:\ForteBio\John\2025_27_02_SI-1_III_48wp_part1_\250227_ExpMethod.fmf in 0 ms
2025/09/22 15:05:40.9 Read C:\ForteBio\John\2025_09_22_153x35_BP_SCC_d7-d11_\250922_ExpMethod.fmf in 16 ms
2025/09/22 15:05:40.9 Read C:\ForteBio\John\2025_09_22_153x35_BP_SCC_d7-d11_\250922_ExpMethod.fmf in 0 ms
2025/09/22 15:05:51.3 Read C:\ForteBio\John\2025_09_22_153x35_BP_SCC_d7-d11_\250922_ExpMethod.fmf in 0 ms
2025/09/22 15:05:51.3 Read C:\ForteBio\John\2025_09_22_153x35_BP_SCC_d7-d11_\250922_ExpMethod.fmf in 0 ms
2025/09/22 15:05:51.3 Read C:\ForteBio\John\2025_08_06_153x35BP_48wp_p2_\250806_ExpMethod.fmf in 0 ms
2025/09/22 15:05:51.3 Read C:\ForteBio\John\2025_08_06_153x35BP_48wp_p2_\250806_ExpMethod.fmf in 0 ms
2025/09/22 15:05:51.3 Read C:\ForteBio\John\2025_08_06_153x35BP_48wp_p1_\250806_ExpMethod.fmf in 0 ms
2025/09/22 15:05:51.3 Read C:\ForteBio\John\2025_08_06_153x35BP_48wp_p1_\250806_ExpMethod.fmf in 0 ms
2025/09/22 15:05:51.4 Read C:\ForteBio\John\2025_07_11_38E17_d8_24dw_2\250710_ExpMethod.fmf in 16 ms
2025/09/22 15:05:51.4 Read C:\ForteBio\John\2025_07_11_38E17_d8_24dw_2\250710_ExpMethod.fmf in 0 ms
2025/09/22 15:05:51.4 Read C:\ForteBio\John\2025_07_11_38E17_d8_24dw_\250710_ExpMethod.fmf in 0 ms
2025/09/22 15:05:51.4 Read C:\ForteBio\John\2025_07_11_38E17_d8_24dw_\250710_ExpMethod.fmf in 0 ms
2025/09/22 15:05:51.4 Read C:\ForteBio\John\2025_07_02_1_126B3_2\250702_ExpMethod.fmf in 0 ms
2025/09/22 15:05:51.5 Read C:\ForteBio\John\2025_07_02_1_126B3_2\250702_ExpMethod.fmf in 0 ms
2025/09/22 15:05:51.5 Read C:\ForteBio\John\2025_07_02_1_126B3_\250702_ExpMethod.fmf in 0 ms
2025/09/22 15:05:51.5 Read C:\ForteBio\John\2025_07_02_1_126B3_\250702_ExpMethod.fmf in 0 ms
2025/09/22 15:06:02.7 
2025/09/22 15:06:02.7 In StExperiment.Init()
2025/09/22 15:06:02.7 
2025/09/22 15:06:02.7 Progress: 0 %
2025/09/22 15:06:02.7 Progress: 5 %
2025/09/22 15:06:02.7 Progress: 11 %
2025/09/22 15:06:02.7 Progress: 16 %
2025/09/22 15:06:02.7 Progress: 22 %
2025/09/22 15:06:02.7 Progress: 27 %
2025/09/22 15:06:02.7 Progress: 33 %
2025/09/22 15:06:02.7 Progress: 38 %
2025/09/22 15:06:02.7 Progress: 44 %
2025/09/22 15:06:02.7 Progress: 50 %
2025/09/22 15:06:02.7 Progress: 55 %
2025/09/22 15:06:02.7 Progress: 61 %
2025/09/22 15:06:02.7 Progress: 66 %
2025/09/22 15:06:02.7 Progress: 72 %
2025/09/22 15:06:02.7 Progress: 77 %
2025/09/22 15:06:02.7 Progress: 83 %
2025/09/22 15:06:02.7 Progress: 88 %
2025/09/22 15:06:02.7 Progress: 94 %
2025/09/22 15:06:02.7 Progress: 100 %
2025/09/22 15:06:02.7 Time = 47 ms
2025/09/22 15:06:02.7 
2025/09/22 15:06:14.9 Tab 0: # of curves 1
2025/09/22 15:08:12.3 Calculating ............................
2025/09/22 15:08:12.4 Analysis Begins 3:08:12 PM
2025/09/22 15:08:12.9 Tab 0: # of curves 4
2025/09/22 15:08:13.1 this {Width=251, Height=348} sender {Width=251, Height=348} Clip {Width=249, Height=346}
2025/09/22 15:08:38.1 this {Width=251, Height=348} sender {Width=251, Height=348} Clip {Width=249, Height=346}
2025/09/22 15:08:44.0 this {Width=251, Height=348} sender {Width=251, Height=348} Clip {Width=249, Height=346}
2025/09/22 15:08:47.5 this {Width=251, Height=348} sender {Width=251, Height=348} Clip {Width=249, Height=346}
2025/09/22 15:08:52.3 this {Width=251, Height=348} sender {Width=251, Height=348} Clip {Width=249, Height=346}
2025/09/22 15:08:52.9 this {Width=251, Height=348} sender {Width=251, Height=348} Clip {Width=249, Height=346}
2025/09/22 15:08:53.2 this {Width=251, Height=348} sender {Width=251, Height=348} Clip {Width=249, Height=346}
2025/09/22 15:08:53.8 this {Width=251, Height=348} sender {Width=251, Height=348} Clip {Width=249, Height=346}
2025/09/22 15:08:54.7 this {Width=251, Height=348} sender {Width=251, Height=348} Clip {Width=249, Height=346}
2025/09/22 15:08:55.4 this {Width=251, Height=348} sender {Width=251, Height=348} Clip {Width=249, Height=346}
2025/09/22 15:08:56.4 this {Width=251, Height=348} sender {Width=251, Height=348} Clip {Width=249, Height=346}
2025/09/22 15:08:58.8 this {Width=251, Height=348} sender {Width=251, Height=348} Clip {Width=249, Height=346}
2025/09/22 15:09:00.8 this {Width=251, Height=348} sender {Width=251, Height=348} Clip {Width=249, Height=346}
2025/09/22 15:09:01.9 this {Width=251, Height=348} sender {Width=251, Height=348} Clip {Width=249, Height=346}
2025/09/22 15:09:03.1 this {Width=251, Height=348} sender {Width=251, Height=348} Clip {Width=249, Height=346}
2025/09/22 15:09:04.1 this {Width=251, Height=348} sender {Width=251, Height=348} Clip {Width=249, Height=346}
2025/09/22 15:09:04.3 this {Width=251, Height=348} sender {Width=251, Height=348} Clip {Width=249, Height=346}
2025/09/22 15:09:04.9 this {Width=251, Height=348} sender {Width=251, Height=348} Clip {Width=249, Height=346}
2025/09/22 15:09:05.9 this {Width=251, Height=348} sender {Width=251, Height=348} Clip {Width=249, Height=346}
2025/09/22 15:09:06.5 this {Width=251, Height=348} sender {Width=251, Height=348} Clip {Width=249, Height=346}
2025/09/22 15:09:07.6 this {Width=251, Height=348} sender {Width=251, Height=348} Clip {Width=249, Height=346}
2025/09/22 15:09:08.6 this {Width=251, Height=348} sender {Width=251, Height=348} Clip {Width=249, Height=346}
2025/09/22 15:09:09.0 this {Width=251, Height=348} sender {Width=251, Height=348} Clip {Width=249, Height=346}
2025/09/22 15:09:09.5 this {Width=251, Height=348} sender {Width=251, Height=348} Clip {Width=249, Height=346}
2025/09/22 15:09:10.2 this {Width=251, Height=348} sender {Width=251, Height=348} Clip {Width=249, Height=346}
2025/09/22 15:09:10.7 this {Width=251, Height=348} sender {Width=251, Height=348} Clip {Width=249, Height=346}
2025/09/22 15:09:11.1 this {Width=251, Height=348} sender {Width=251, Height=348} Clip {Width=249, Height=346}
2025/09/22 15:09:11.8 this {Width=251, Height=348} sender {Width=251, Height=348} Clip {Width=249, Height=346}
2025/09/22 15:09:12.3 this {Width=251, Height=348} sender {Width=251, Height=348} Clip {Width=249, Height=346}
2025/09/22 15:09:12.8 this {Width=251, Height=348} sender {Width=251, Height=348} Clip {Width=249, Height=346}
2025/09/22 15:09:13.3 this {Width=251, Height=348} sender {Width=251, Height=348} Clip {Width=249, Height=346}
2025/09/22 15:09:15.7 this {Width=251, Height=348} sender {Width=251, Height=348} Clip {Width=249, Height=346}
2025/09/22 15:09:17.7 this {Width=251, Height=348} sender {Width=251, Height=348} Clip {Width=249, Height=346}
2025/09/22 15:09:18.2 this {Width=251, Height=348} sender {Width=251, Height=348} Clip {Width=249, Height=346}
2025/09/22 15:09:18.7 this {Width=251, Height=348} sender {Width=251, Height=348} Clip {Width=249, Height=346}
2025/09/22 15:09:19.1 this {Width=251, Height=348} sender {Width=251, Height=348} Clip {Width=249, Height=346}
2025/09/22 15:09:19.5 this {Width=251, Height=348} sender {Width=251, Height=348} Clip {Width=249, Height=346}
2025/09/22 15:09:19.9 this {Width=251, Height=348} sender {Width=251, Height=348} Clip {Width=249, Height=346}
2025/09/22 15:09:20.5 this {Width=251, Height=348} sender {Width=251, Height=348} Clip {Width=249, Height=346}
2025/09/22 15:09:20.7 this {Width=251, Height=348} sender {Width=251, Height=348} Clip {Width=249, Height=346}
2025/09/22 15:09:20.9 this {Width=251, Height=348} sender {Width=251, Height=348} Clip {Width=249, Height=346}
2025/09/22 15:09:21.1 this {Width=251, Height=348} sender {Width=251, Height=348} Clip {Width=249, Height=346}
2025/09/22 15:09:21.7 this {Width=251, Height=348} sender {Width=251, Height=348} Clip {Width=249, Height=346}
2025/09/22 15:09:22.0 this {Width=251, Height=348} sender {Width=251, Height=348} Clip {Width=249, Height=346}
2025/09/22 15:09:22.4 this {Width=251, Height=348} sender {Width=251, Height=348} Clip {Width=249, Height=346}
2025/09/22 15:09:22.8 this {Width=251, Height=348} sender {Width=251, Height=348} Clip {Width=249, Height=346}
2025/09/22 15:09:23.5 this {Width=251, Height=348} sender {Width=251, Height=348} Clip {Width=249, Height=346}
2025/09/22 15:09:26.5 this {Width=251, Height=348} sender {Width=251, Height=348} Clip {Width=249, Height=346}
2025/09/22 15:09:27.5 this {Width=251, Height=348} sender {Width=251, Height=348} Clip {Width=249, Height=346}
2025/09/22 15:09:28.0 this {Width=251, Height=348} sender {Width=251, Height=348} Clip {Width=249, Height=346}
2025/09/22 15:09:28.3 this {Width=251, Height=348} sender {Width=251, Height=348} Clip {Width=249, Height=346}
2025/09/22 15:09:28.8 this {Width=251, Height=348} sender {Width=251, Height=348} Clip {Width=249, Height=346}
2025/09/22 15:09:29.0 this {Width=251, Height=348} sender {Width=251, Height=348} Clip {Width=249, Height=346}
2025/09/22 15:09:29.3 this {Width=251, Height=348} sender {Width=251, Height=348} Clip {Width=249, Height=346}
2025/09/22 15:09:29.6 this {Width=251, Height=348} sender {Width=251, Height=348} Clip {Width=249, Height=346}
2025/09/22 15:09:30.5 this {Width=251, Height=348} sender {Width=251, Height=348} Clip {Width=249, Height=346}
2025/09/22 15:09:30.9 this {Width=251, Height=348} sender {Width=251, Height=348} Clip {Width=249, Height=346}
2025/09/22 15:09:31.6 this {Width=251, Height=348} sender {Width=251, Height=348} Clip {Width=249, Height=346}
2025/09/22 15:09:31.9 this {Width=251, Height=348} sender {Width=251, Height=348} Clip {Width=249, Height=346}
2025/09/22 15:09:32.3 this {Width=251, Height=348} sender {Width=251, Height=348} Clip {Width=249, Height=346}
2025/09/22 15:09:32.8 this {Width=251, Height=348} sender {Width=251, Height=348} Clip {Width=249, Height=346}
2025/09/22 15:09:35.9 this {Width=251, Height=348} sender {Width=251, Height=348} Clip {Width=249, Height=346}
2025/09/22 15:09:37.4 this {Width=251, Height=348} sender {Width=251, Height=348} Clip {Width=249, Height=346}
2025/09/22 15:09:37.9 this {Width=251, Height=348} sender {Width=251, Height=348} Clip {Width=249, Height=346}
2025/09/22 15:09:38.4 this {Width=251, Height=348} sender {Width=251, Height=348} Clip {Width=249, Height=346}
2025/09/22 15:09:38.8 this {Width=251, Height=348} sender {Width=251, Height=348} Clip {Width=249, Height=346}
2025/09/22 15:09:39.4 this {Width=251, Height=348} sender {Width=251, Height=348} Clip {Width=249, Height=346}
2025/09/22 15:09:39.8 this {Width=251, Height=348} sender {Width=251, Height=348} Clip {Width=249, Height=346}
2025/09/22 15:09:40.5 this {Width=251, Height=348} sender {Width=251, Height=348} Clip {Width=249, Height=346}
2025/09/22 15:09:40.9 this {Width=251, Height=348} sender {Width=251, Height=348} Clip {Width=249, Height=346}
2025/09/22 15:09:41.5 this {Width=251, Height=348} sender {Width=251, Height=348} Clip {Width=249, Height=346}
2025/09/22 15:10:56.6 Export image takes 146ms
2025/09/22 15:10:56.8 Export image takes 67ms
2025/09/24 10:16:24.2 SetHeaterTemperature 30.0
2025/09/24 10:16:24.3 Temp: 2025/09/24 10:16:24, 30.1000
2025/09/24 10:16:24.3 bShakeWhileWaiting=1, nShakerRPM=400
2025/09/24 10:16:24.4 DELAYED START: Waiting for 600 s
2025/09/24 10:16:24.4 Old State:4-ENGN_State_SystemReady New State:ENGN_State_ControllerBusy
2025/09/24 10:16:24.5 GMC_SetPosZ
2025/09/24 10:16:24.7 GMC_ServoHere
2025/09/24 10:16:24.9 GMC_SetPosXY
2025/09/24 10:16:25.0 GMC_SetPosZ
2025/09/24 10:16:25.4 Old State:29-ENGN_State_ControllerBusy New State:ENGN_State_ControllerDone
2025/09/24 10:16:25.4 StartShaker(400)
2025/09/24 10:16:25.5 Old State:30-ENGN_State_ControllerDone New State:ENGN_State_SystemReady
2025/09/24 10:17:24.4 Temp: 2025/09/24 10:17:24, 30.0000
2025/09/24 10:18:24.5 Temp: 2025/09/24 10:18:24, 30.0000
2025/09/24 10:19:24.6 Temp: 2025/09/24 10:19:24, 30.0000
2025/09/24 10:20:24.6 Temp: 2025/09/24 10:20:24, 30.0000
2025/09/24 10:21:24.7 Temp: 2025/09/24 10:21:24, 30.0000
2025/09/24 10:22:24.8 Temp: 2025/09/24 10:22:24, 30.0000
2025/09/24 10:23:24.9 Temp: 2025/09/24 10:23:24, 30.0000
2025/09/24 10:24:25.0 Temp: 2025/09/24 10:24:25, 30.0000
2025/09/24 10:25:25.1 Temp: 2025/09/24 10:25:25, 30.0000
2025/09/24 10:26:25.2 Temp: 2025/09/24 10:26:25, 30.0000
2025/09/24 10:26:25.8 DELAYED START: Done.
2025/09/24 10:26:25.8 Starting new assay
2025/09/24 10:26:26.0 Old State:4-ENGN_State_SystemReady New State:ENGN_StateRunning_StartNewStep
2025/09/24 10:26:26.0 Plate 1 temperature = 30 C
2025/09/24 10:26:26.1 Old State:6-ENGN_StateRunning_StartNewStep New State:ENGN_StateRunning_WaitPickingSensors
2025/09/24 10:26:26.1 Pick(0, 8)
2025/09/24 10:26:26.2 Temp: 2025/09/24 10:26:26, 30.0000
2025/09/24 10:26:26.3 Old State:7-ENGN_StateRunning_WaitPickingSensors New State:ENGN_StateRunning_PickingSensors
2025/09/24 10:26:26.3 GMC_SetPosZ
2025/09/24 10:26:26.5 GMC_ServoHere
2025/09/24 10:26:26.6 GMC_SetPosXY
2025/09/24 10:26:28.8 GMC_SetPosZ
2025/09/24 10:26:34.3 GMC_SetPosZ
2025/09/24 10:26:34.7 Old State:8-ENGN_StateRunning_PickingSensors New State:ENGN_StateRunning_CheckingSensors
2025/09/24 10:26:34.9 
2025/09/24 10:26:34.9 Detect Sensors
2025/09/24 10:26:34.9 ==============
2025/09/24 10:26:34.9 1	YES		6.6	5920.2
2025/09/24 10:26:34.9 2	NO 		6.2	8.8
2025/09/24 10:26:34.9 3	NO 		6.2	8.6
2025/09/24 10:26:34.9 4	NO 		6.2	8.8
2025/09/24 10:26:34.9 5	NO 		5.8	8.4
2025/09/24 10:26:34.9 6	NO 		6.8	8.9
2025/09/24 10:26:34.9 7	NO 		6.1	8.8
2025/09/24 10:26:34.9 8	NO 		6.6	9.1
2025/09/24 10:26:34.9 
2025/09/24 10:26:35.0 CH1: Correction Factor = 2.35732
2025/09/24 10:26:35.2 CH1: Correction Factor = 1.07453
2025/09/24 10:26:35.4 CH1: Correction Factor = 1.00917
2025/09/24 10:26:35.5 CH1: Correction Factor = 1.00115
2025/09/24 10:26:35.7 CH1: Correction Factor = 1.00104
2025/09/24 10:26:35.8 CH1: Correction Factor = 0.997673
2025/09/24 10:26:35.8 Sensor 1: Integration Time = 2.56 ms
2025/09/24 10:26:35.8 WaitControllerIdle(30000)
2025/09/24 10:26:35.8 GMC_HomeZ
2025/09/24 10:26:42.4 GMC_SetPosZ
2025/09/24 10:26:42.8 GMC_ServoHere
2025/09/24 10:26:43.1 Old State:9-ENGN_StateRunning_CheckingSensors New State:ENGN_StateRunning_PickingSensorsComplete
2025/09/24 10:26:43.1 StartShaker(400)
2025/09/24 10:26:43.1 Integration Time: 2.56,1.00,1.00,1.00,1.00,1.00,1.00,1.00,
2025/09/24 10:26:43.4 Plate 1 temperature = 30 C
2025/09/24 10:26:43.4 Pickups: 3009, Warn: 90, Error: 100
2025/09/24 10:26:43.4 Old State:10-ENGN_StateRunning_PickingSensorsComplete New State:ENGN_StateRunning_WaitGoingToSample
2025/09/24 10:26:43.4 Sample96_Q(0, 0, 10)
2025/09/24 10:26:43.5 GMC_SetPosZ
2025/09/24 10:26:43.5 
2025/09/24 10:26:43.5 START SCAN: 
2025/09/24 10:26:43.5    CycleTime (ms)    = 200
2025/09/24 10:26:43.5    CycleCount        = 25
2025/09/24 10:26:43.5    ScansToAverage    = 20
2025/09/24 10:26:43.5    FinishTime (s)    = 5
2025/09/24 10:26:43.5    Temperature       = 30.0
2025/09/24 10:26:43.5    Lamp Power        = 36
2025/09/24 10:26:43.5    Spec PCB temps    = 40.2, 40.8, 40.8, 40.7, 40.8, 41.0, 39.0, 39.9
2025/09/24 10:26:43.5 
2025/09/24 10:26:43.6 Old State:12-ENGN_StateRunning_WaitGoingToSample New State:ENGN_StateRunning_GoingToSample
2025/09/24 10:26:43.7 GMC_ServoHere
2025/09/24 10:26:43.9 GMC_SetPosXY
2025/09/24 10:26:46.1 GMC_SetPosZ
2025/09/24 10:26:51.0 Old State:13-ENGN_StateRunning_GoingToSample New State:ENGN_StateRunning_GoingToSampleComplete
2025/09/24 10:26:51.1 Old State:14-cycle=1, Elapsed Time:    0.0,  Ideal Time:    0.0,  Delay time =   0.00  New State:ENGN_StateRunning_WaitSampling
2025/09/24 10:26:51.1 Step started at: 10:26:43
2025/09/24 10:26:51.1 XYZ movement time  = 7543 ms + Scan start delay = 7543 ms
2025/09/24 10:26:51.2 Old State:15-ENGN_StateRunning_WaitSampling New State:ENGN_StateRunning_Sampling
2025/09/24 10:26:56.0 
2025/09/24 10:26:56.0 STOP SCAN: 
2025/09/24 10:26:56.0    CycleTime (ms)    = 200
2025/09/24 10:26:56.0    CurrentCycle      = 25
2025/09/24 10:26:56.0    RunTime (ms)      = 4968
2025/09/24 10:26:56.0    AverageCycle (ms) = 198.7
2025/09/24 10:26:56.0    Temperature       = 30.0
2025/09/24 10:26:56.0    DATA OVERRUN %    = 0.00
2025/09/24 10:26:56.0    Spec PCB temps    = 40.2, 40.8, 40.8, 40.7, 40.8, 41.0, 39.0, 39.9
2025/09/24 10:26:56.0 
2025/09/24 10:26:56.1 Old State:16-cycle=25, Elapsed Time:    5.0,  Ideal Time:    4.8,  Delay time =  -0.00 <<<<<<<<<< New State:ENGN_StateRunning_SamplingComplete
2025/09/24 10:26:56.2 Old State:18-ENGN_StateRunning_SamplingComplete New State:ENGN_StateRunning_WaitNewStep
2025/09/24 10:26:56.4 Old State:5-ENGN_StateRunning_WaitNewStep New State:ENGN_StateRunning_StartNewStep
2025/09/24 10:26:56.5 StartShaker(400)
2025/09/24 10:26:56.8 Temp: 2025/09/24 10:26:56, 30.0000
2025/09/24 10:26:56.8 Old State:6-ENGN_StateRunning_StartNewStep New State:ENGN_StateRunning_WaitGoingToSample
2025/09/24 10:26:56.8 Sample96_Q(0, 0, 11)
2025/09/24 10:26:56.8 GMC_SetPosZ
2025/09/24 10:26:56.9 
2025/09/24 10:26:56.9 START SCAN: 
2025/09/24 10:26:56.9    CycleTime (ms)    = 200
2025/09/24 10:26:56.9    CycleCount        = 25
2025/09/24 10:26:56.9    ScansToAverage    = 20
2025/09/24 10:26:56.9    FinishTime (s)    = 5
2025/09/24 10:26:56.9    Temperature       = 30.0
2025/09/24 10:26:56.9    Lamp Power        = 36
2025/09/24 10:26:56.9    Spec PCB temps    = 40.2, 40.8, 40.9, 40.7, 40.8, 41.0, 39.0, 39.9
2025/09/24 10:26:56.9 
2025/09/24 10:26:57.0 Old State:12-ENGN_StateRunning_WaitGoingToSample New State:ENGN_StateRunning_GoingToSample
2025/09/24 10:27:01.6 GMC_ServoHere
2025/09/24 10:27:01.8 GMC_SetPosXY
2025/09/24 10:27:02.2 GMC_SetPosZ
2025/09/24 10:27:07.5 Old State:13-ENGN_StateRunning_GoingToSample New State:ENGN_StateRunning_GoingToSampleComplete
2025/09/24 10:27:07.7 Old State:14-cycle=1, Elapsed Time:    0.0,  Ideal Time:    0.0,  Delay time =   0.00  New State:ENGN_StateRunning_WaitSampling
2025/09/24 10:27:07.7 Step started at: 10:26:56
2025/09/24 10:27:07.7 XYZ movement time  = 10597 ms + Scan start delay = 10606 ms
2025/09/24 10:27:07.8 Old State:15-ENGN_StateRunning_WaitSampling New State:ENGN_StateRunning_Sampling
2025/09/24 10:27:12.4 
2025/09/24 10:27:12.4 STOP SCAN: 
2025/09/24 10:27:12.4    CycleTime (ms)    = 200
2025/09/24 10:27:12.4    CurrentCycle      = 25
2025/09/24 10:27:12.4    RunTime (ms)      = 4952
2025/09/24 10:27:12.4    AverageCycle (ms) = 198.1
2025/09/24 10:27:12.4    Temperature       = 30.0
2025/09/24 10:27:12.4    DATA OVERRUN %    = 0.00
2025/09/24 10:27:12.4    Spec PCB temps    = 40.1, 40.8, 40.9, 40.7, 40.8, 41.0, 39.0, 39.9
2025/09/24 10:27:12.4 
2025/09/24 10:27:12.5 Old State:16-cycle=25, Elapsed Time:    5.0,  Ideal Time:    4.8,  Delay time =   0.04  New State:ENGN_StateRunning_SamplingComplete
2025/09/24 10:27:12.7 Old State:18-ENGN_StateRunning_SamplingComplete New State:ENGN_StateRunning_WaitNewStep
2025/09/24 10:27:12.9 Old State:5-ENGN_StateRunning_WaitNewStep New State:ENGN_StateRunning_StartNewStep
2025/09/24 10:27:12.9 StartShaker(400)
2025/09/24 10:27:13.2 Old State:6-ENGN_StateRunning_StartNewStep New State:ENGN_StateRunning_WaitGoingToSample
2025/09/24 10:27:13.2 Sample96_Q(0, 0, 10)
2025/09/24 10:27:13.2 Temp: 2025/09/24 10:27:13, 30.0000
2025/09/24 10:27:13.3 GMC_SetPosZ
2025/09/24 10:27:13.3 
2025/09/24 10:27:13.3 START SCAN: 
2025/09/24 10:27:13.3    CycleTime (ms)    = 200
2025/09/24 10:27:13.3    CycleCount        = 25
2025/09/24 10:27:13.3    ScansToAverage    = 20
2025/09/24 10:27:13.3    FinishTime (s)    = 5
2025/09/24 10:27:13.3    Temperature       = 30.0
2025/09/24 10:27:13.3    Lamp Power        = 36
2025/09/24 10:27:13.3    Spec PCB temps    = 40.2, 40.8, 40.8, 40.7, 40.8, 41.0, 39.0, 39.9
2025/09/24 10:27:13.3 
2025/09/24 10:27:13.4 Old State:12-ENGN_StateRunning_WaitGoingToSample New State:ENGN_StateRunning_GoingToSample
2025/09/24 10:27:18.4 GMC_ServoHere
2025/09/24 10:27:18.6 GMC_SetPosXY
2025/09/24 10:27:19.0 GMC_SetPosZ
2025/09/24 10:27:24.0 Old State:13-cycle=1, Elapsed Time:    0.0,  Ideal Time:    0.0,  Delay time =   0.00  New State:ENGN_StateRunning_GoingToSampleComplete
2025/09/24 10:27:24.1 Old State:14-ENGN_StateRunning_GoingToSampleComplete New State:ENGN_StateRunning_WaitSampling
2025/09/24 10:27:24.1 Step started at: 10:27:13
2025/09/24 10:27:24.1 XYZ movement time  = 10592 ms + Scan start delay = 10586 ms
2025/09/24 10:27:24.2 Old State:15-ENGN_StateRunning_WaitSampling New State:ENGN_StateRunning_Sampling
2025/09/24 10:27:28.8 
2025/09/24 10:27:28.8 STOP SCAN: 
2025/09/24 10:27:28.8    CycleTime (ms)    = 200
2025/09/24 10:27:28.8    CurrentCycle      = 25
2025/09/24 10:27:28.8    RunTime (ms)      = 4979
2025/09/24 10:27:28.8    AverageCycle (ms) = 199.2
2025/09/24 10:27:28.8    Temperature       = 30.0
2025/09/24 10:27:28.8    DATA OVERRUN %    = 0.00
2025/09/24 10:27:28.8    Spec PCB temps    = 40.1, 40.8, 40.8, 40.7, 40.8, 41.0, 39.0, 39.9
2025/09/24 10:27:28.8 
2025/09/24 10:27:28.8 Old State:16-cycle=25, Elapsed Time:    5.0,  Ideal Time:    4.8,  Delay time =   0.05  New State:ENGN_StateRunning_SamplingComplete
2025/09/24 10:27:29.0 Old State:18-ENGN_StateRunning_SamplingComplete New State:ENGN_StateRunning_WaitNewStep
2025/09/24 10:27:29.1 Old State:5-ENGN_StateRunning_WaitNewStep New State:ENGN_StateRunning_StartNewStep
2025/09/24 10:27:29.1 StartShaker(400)
2025/09/24 10:27:29.4 Temp: 2025/09/24 10:27:29, 30.0000
2025/09/24 10:27:29.4 Old State:6-ENGN_StateRunning_StartNewStep New State:ENGN_StateRunning_WaitGoingToSample
2025/09/24 10:27:29.4 Sample96_Q(0, 0, 11)
2025/09/24 10:27:29.5 GMC_SetPosZ
2025/09/24 10:27:29.5 
2025/09/24 10:27:29.5 START SCAN: 
2025/09/24 10:27:29.5    CycleTime (ms)    = 200
2025/09/24 10:27:29.5    CycleCount        = 25
2025/09/24 10:27:29.5    ScansToAverage    = 20
2025/09/24 10:27:29.5    FinishTime (s)    = 5
2025/09/24 10:27:29.5    Temperature       = 30.0
2025/09/24 10:27:29.5    Lamp Power        = 36
2025/09/24 10:27:29.5    Spec PCB temps    = 40.1, 40.8, 40.8, 40.7, 40.8, 41.0, 39.0, 39.9
2025/09/24 10:27:29.5 
2025/09/24 10:27:29.6 Old State:12-ENGN_StateRunning_WaitGoingToSample New State:ENGN_StateRunning_GoingToSample
2025/09/24 10:27:34.3 GMC_ServoHere
2025/09/24 10:27:34.5 GMC_SetPosXY
2025/09/24 10:27:34.8 GMC_SetPosZ
2025/09/24 10:27:40.2 Old State:13-cycle=1, Elapsed Time:    0.0,  Ideal Time:    0.0,  Delay time =   0.00  New State:ENGN_StateRunning_GoingToSampleComplete
2025/09/24 10:27:40.3 Old State:14-ENGN_StateRunning_GoingToSampleComplete New State:ENGN_StateRunning_WaitSampling
2025/09/24 10:27:40.3 Step started at: 10:27:29
2025/09/24 10:27:40.3 XYZ movement time  = 10652 ms + Scan start delay = 10615 ms
2025/09/24 10:27:40.4 Old State:15-ENGN_StateRunning_WaitSampling New State:ENGN_StateRunning_Sampling
2025/09/24 10:27:45.0 
2025/09/24 10:27:45.0 STOP SCAN: 
2025/09/24 10:27:45.0    CycleTime (ms)    = 200
2025/09/24 10:27:45.0    CurrentCycle      = 25
2025/09/24 10:27:45.0    RunTime (ms)      = 4948
2025/09/24 10:27:45.0    AverageCycle (ms) = 197.9
2025/09/24 10:27:45.0    Temperature       = 30.0
2025/09/24 10:27:45.0    DATA OVERRUN %    = 0.00
2025/09/24 10:27:45.0    Spec PCB temps    = 40.2, 40.8, 40.8, 40.7, 40.8, 41.0, 39.0, 39.9
2025/09/24 10:27:45.0 
2025/09/24 10:27:45.1 Old State:16-cycle=25, Elapsed Time:    4.9,  Ideal Time:    4.8,  Delay time =   0.05  New State:ENGN_StateRunning_SamplingComplete
2025/09/24 10:27:45.2 Old State:18-ENGN_StateRunning_SamplingComplete New State:ENGN_StateRunning_WaitNewStep
2025/09/24 10:27:45.5 Old State:5-ENGN_StateRunning_WaitNewStep New State:ENGN_StateRunning_StartNewStep
2025/09/24 10:27:45.5 StartShaker(400)
2025/09/24 10:27:45.8 Old State:6-ENGN_StateRunning_StartNewStep New State:ENGN_StateRunning_WaitGoingToSample
2025/09/24 10:27:45.8 Sample96_Q(0, 0, 10)
2025/09/24 10:27:45.8 Temp: 2025/09/24 10:27:45, 30.0000
2025/09/24 10:27:45.9 GMC_SetPosZ
2025/09/24 10:27:45.9 
2025/09/24 10:27:45.9 START SCAN: 
2025/09/24 10:27:45.9    CycleTime (ms)    = 200
2025/09/24 10:27:45.9    CycleCount        = 25
2025/09/24 10:27:45.9    ScansToAverage    = 20
2025/09/24 10:27:45.9    FinishTime (s)    = 5
2025/09/24 10:27:45.9    Temperature       = 30.0
2025/09/24 10:27:45.9    Lamp Power        = 36
2025/09/24 10:27:45.9    Spec PCB temps    = 40.2, 40.8, 40.8, 40.7, 40.8, 41.0, 39.0, 39.9
2025/09/24 10:27:45.9 
2025/09/24 10:27:46.0 Old State:12-ENGN_StateRunning_WaitGoingToSample New State:ENGN_StateRunning_GoingToSample
2025/09/24 10:27:51.1 GMC_ServoHere
2025/09/24 10:27:51.2 GMC_SetPosXY
2025/09/24 10:27:51.6 GMC_SetPosZ
2025/09/24 10:27:56.6 Old State:13-cycle=1, Elapsed Time:    0.0,  Ideal Time:    0.0,  Delay time =   0.00  New State:ENGN_StateRunning_GoingToSampleComplete
2025/09/24 10:27:56.7 Old State:14-ENGN_StateRunning_GoingToSampleComplete New State:ENGN_StateRunning_WaitSampling
2025/09/24 10:27:56.7 Step started at: 10:27:45
2025/09/24 10:27:56.7 XYZ movement time  = 10647 ms + Scan start delay = 10641 ms
2025/09/24 10:27:56.8 Old State:15-ENGN_StateRunning_WaitSampling New State:ENGN_StateRunning_Sampling
2025/09/24 10:28:01.4 
2025/09/24 10:28:01.4 STOP SCAN: 
2025/09/24 10:28:01.4    CycleTime (ms)    = 200
2025/09/24 10:28:01.4    CurrentCycle      = 25
2025/09/24 10:28:01.4    RunTime (ms)      = 4952
2025/09/24 10:28:01.4    AverageCycle (ms) = 198.1
2025/09/24 10:28:01.4    Temperature       = 30.0
2025/09/24 10:28:01.4    DATA OVERRUN %    = 0.00
2025/09/24 10:28:01.4    Spec PCB temps    = 40.2, 40.8, 40.9, 40.7, 40.8, 41.0, 39.0, 39.9
2025/09/24 10:28:01.4 
2025/09/24 10:28:01.5 Old State:16-cycle=25, Elapsed Time:    5.0,  Ideal Time:    4.8,  Delay time =   0.01  New State:ENGN_StateRunning_SamplingComplete
2025/09/24 10:28:01.6 Old State:18-ENGN_StateRunning_SamplingComplete New State:ENGN_StateRunning_WaitNewStep
2025/09/24 10:28:02.0 Old State:5-ENGN_StateRunning_WaitNewStep New State:ENGN_StateRunning_StartNewStep
2025/09/24 10:28:02.0 StartShaker(400)
2025/09/24 10:28:02.3 Temp: 2025/09/24 10:28:02, 30.0000
2025/09/24 10:28:02.4 Old State:6-ENGN_StateRunning_StartNewStep New State:ENGN_StateRunning_WaitGoingToSample
2025/09/24 10:28:02.4 Sample96_Q(0, 0, 11)
2025/09/24 10:28:02.4 GMC_SetPosZ
2025/09/24 10:28:02.5 
2025/09/24 10:28:02.5 START SCAN: 
2025/09/24 10:28:02.5    CycleTime (ms)    = 200
2025/09/24 10:28:02.5    CycleCount        = 25
2025/09/24 10:28:02.5    ScansToAverage    = 20
2025/09/24 10:28:02.5    FinishTime (s)    = 5
2025/09/24 10:28:02.5    Temperature       = 30.0
2025/09/24 10:28:02.5    Lamp Power        = 36
2025/09/24 10:28:02.5    Spec PCB temps    = 40.2, 40.8, 40.8, 40.7, 40.8, 41.0, 39.0, 39.9
2025/09/24 10:28:02.5 
2025/09/24 10:28:02.5 Old State:12-ENGN_StateRunning_WaitGoingToSample New State:ENGN_StateRunning_GoingToSample
2025/09/24 10:28:07.3 GMC_ServoHere
2025/09/24 10:28:07.4 GMC_SetPosXY
2025/09/24 10:28:07.8 GMC_SetPosZ
2025/09/24 10:28:13.2 Old State:13-cycle=1, Elapsed Time:    0.0,  Ideal Time:    0.0,  Delay time =   0.00  New State:ENGN_StateRunning_GoingToSampleComplete
2025/09/24 10:28:13.3 Old State:14-ENGN_StateRunning_GoingToSampleComplete New State:ENGN_StateRunning_WaitSampling
2025/09/24 10:28:13.3 Step started at: 10:28:02
2025/09/24 10:28:13.3 XYZ movement time  = 10700 ms + Scan start delay = 10671 ms
2025/09/24 10:28:13.4 Old State:15-ENGN_StateRunning_WaitSampling New State:ENGN_StateRunning_Sampling
2025/09/24 10:28:18.0 
2025/09/24 10:28:18.0 STOP SCAN: 
2025/09/24 10:28:18.0    CycleTime (ms)    = 200
2025/09/24 10:28:18.0    CurrentCycle      = 25
2025/09/24 10:28:18.0    RunTime (ms)      = 4954
2025/09/24 10:28:18.0    AverageCycle (ms) = 198.2
2025/09/24 10:28:18.0    Temperature       = 30.0
2025/09/24 10:28:18.0    DATA OVERRUN %    = 0.00
2025/09/24 10:28:18.0    Spec PCB temps    = 40.2, 40.8, 40.8, 40.7, 40.8, 41.0, 39.0, 39.9
2025/09/24 10:28:18.0 
2025/09/24 10:28:18.1 Old State:16-cycle=25, Elapsed Time:    5.0,  Ideal Time:    4.8,  Delay time =   0.05  New State:ENGN_StateRunning_SamplingComplete
2025/09/24 10:28:18.2 Old State:18-ENGN_StateRunning_SamplingComplete New State:ENGN_StateRunning_WaitNewStep
2025/09/24 10:28:18.4 Old State:5-ENGN_StateRunning_WaitNewStep New State:ENGN_StateRunning_StartNewStep
2025/09/24 10:28:18.5 StartShaker(400)
2025/09/24 10:28:18.8 Old State:6-ENGN_StateRunning_StartNewStep New State:ENGN_StateRunning_WaitGoingToSample
2025/09/24 10:28:18.8 Sample96_Q(0, 0, 0)
2025/09/24 10:28:18.8 Temp: 2025/09/24 10:28:18, 30.0000
2025/09/24 10:28:18.9 
2025/09/24 10:28:18.9 START SCAN: 
2025/09/24 10:28:18.9    CycleTime (ms)    = 200
2025/09/24 10:28:18.9    CycleCount        = 600
2025/09/24 10:28:18.9    ScansToAverage    = 20
2025/09/24 10:28:18.9    FinishTime (s)    = 120
2025/09/24 10:28:18.9    Temperature       = 30.0
2025/09/24 10:28:18.9    Lamp Power        = 36
2025/09/24 10:28:18.9    Spec PCB temps    = 40.2, 40.8, 40.8, 40.7, 40.8, 41.0, 39.1, 39.9
2025/09/24 10:28:18.9 
2025/09/24 10:28:18.9 GMC_SetPosZ
2025/09/24 10:28:19.0 Old State:12-ENGN_StateRunning_WaitGoingToSample New State:ENGN_StateRunning_GoingToSample
2025/09/24 10:28:24.1 GMC_ServoHere
2025/09/24 10:28:24.3 GMC_SetPosXY
2025/09/24 10:28:26.1 GMC_SetPosZ
2025/09/24 10:28:28.3 Old State:13-cycle=1, Elapsed Time:    0.0,  Ideal Time:    0.0,  Delay time =   0.00  New State:ENGN_StateRunning_GoingToSampleComplete
2025/09/24 10:28:28.4 Old State:14-ENGN_StateRunning_GoingToSampleComplete New State:ENGN_StateRunning_WaitSampling
2025/09/24 10:28:28.4 Step started at: 10:28:18
2025/09/24 10:28:28.4 XYZ movement time  = 9424 ms + Scan start delay = 9356 ms
2025/09/24 10:28:28.5 Old State:15-ENGN_StateRunning_WaitSampling New State:ENGN_StateRunning_Sampling
2025/09/24 10:29:18.8 Temp: 2025/09/24 10:29:18, 30.0000
2025/09/24 10:30:18.8 Temp: 2025/09/24 10:30:18, 30.0000
2025/09/24 10:30:28.1 
2025/09/24 10:30:28.1 STOP SCAN: 
2025/09/24 10:30:28.1    CycleTime (ms)    = 200
2025/09/24 10:30:28.1    CurrentCycle      = 600
2025/09/24 10:30:28.1    RunTime (ms)      = 119950
2025/09/24 10:30:28.1    AverageCycle (ms) = 199.9
2025/09/24 10:30:28.1    Temperature       = 30.0
2025/09/24 10:30:28.1    DATA OVERRUN %    = 0.00
2025/09/24 10:30:28.1    Spec PCB temps    = 40.2, 40.8, 40.9, 40.7, 40.8, 41.0, 39.1, 39.9
2025/09/24 10:30:28.1 
2025/09/24 10:30:28.2 Old State:16-cycle=600, Elapsed Time:  120.0,  Ideal Time:  119.8,  Delay time =   0.05  New State:ENGN_StateRunning_SamplingComplete
2025/09/24 10:30:28.4 Old State:18-ENGN_StateRunning_SamplingComplete New State:ENGN_StateRunning_WaitNewStep
2025/09/24 10:30:28.6 Old State:5-ENGN_StateRunning_WaitNewStep New State:ENGN_StateRunning_StartNewStep
2025/09/24 10:30:28.6 StartShaker(400)
2025/09/24 10:30:28.8 Temp: 2025/09/24 10:30:28, 30.0000
2025/09/24 10:30:28.9 Old State:6-ENGN_StateRunning_StartNewStep New State:ENGN_StateRunning_WaitGoingToSample
2025/09/24 10:30:28.9 Sample96_Q(0, 0, 10)
2025/09/24 10:30:29.0 GMC_SetPosZ
2025/09/24 10:30:29.0 
2025/09/24 10:30:29.0 START SCAN: 
2025/09/24 10:30:29.0    CycleTime (ms)    = 200
2025/09/24 10:30:29.0    CycleCount        = 25
2025/09/24 10:30:29.0    ScansToAverage    = 20
2025/09/24 10:30:29.0    FinishTime (s)    = 5
2025/09/24 10:30:29.0    Temperature       = 30.0
2025/09/24 10:30:29.0    Lamp Power        = 36
2025/09/24 10:30:29.0    Spec PCB temps    = 40.2, 40.8, 40.9, 40.7, 40.8, 41.0, 39.1, 39.9
2025/09/24 10:30:29.0 
2025/09/24 10:30:29.1 Old State:12-ENGN_StateRunning_WaitGoingToSample New State:ENGN_StateRunning_GoingToSample
2025/09/24 10:30:31.0 GMC_ServoHere
2025/09/24 10:30:31.2 GMC_SetPosXY
2025/09/24 10:30:32.8 GMC_SetPosZ
2025/09/24 10:30:37.8 Old State:13-ENGN_StateRunning_GoingToSample New State:ENGN_StateRunning_GoingToSampleComplete
2025/09/24 10:30:37.9 Old State:14-cycle=1, Elapsed Time:    0.0,  Ideal Time:    0.0,  Delay time =   0.00  New State:ENGN_StateRunning_WaitSampling
2025/09/24 10:30:37.9 Step started at: 10:30:29
2025/09/24 10:30:37.9 XYZ movement time  = 8795 ms + Scan start delay = 8761 ms
2025/09/24 10:30:38.0 Old State:15-ENGN_StateRunning_WaitSampling New State:ENGN_StateRunning_Sampling
2025/09/24 10:30:42.6 
2025/09/24 10:30:42.6 STOP SCAN: 
2025/09/24 10:30:42.6    CycleTime (ms)    = 200
2025/09/24 10:30:42.6    CurrentCycle      = 25
2025/09/24 10:30:42.6    RunTime (ms)      = 4953
2025/09/24 10:30:42.6    AverageCycle (ms) = 198.1
2025/09/24 10:30:42.6    Temperature       = 30.0
2025/09/24 10:30:42.6    DATA OVERRUN %    = 0.00
2025/09/24 10:30:42.6    Spec PCB temps    = 40.2, 40.8, 40.8, 40.7, 40.8, 41.0, 39.1, 39.9
2025/09/24 10:30:42.6 
2025/09/24 10:30:42.7 Old State:16-cycle=25, Elapsed Time:    5.0,  Ideal Time:    4.8,  Delay time =   0.04  New State:ENGN_StateRunning_SamplingComplete
2025/09/24 10:30:42.9 Old State:18-ENGN_StateRunning_SamplingComplete New State:ENGN_StateRunning_WaitNewStep
2025/09/24 10:30:43.0 Old State:5-ENGN_StateRunning_WaitNewStep New State:ENGN_StateRunning_StartNewStep
2025/09/24 10:30:43.0 StartShaker(400)
2025/09/24 10:30:43.2 Temp: 2025/09/24 10:30:43, 30.0000
2025/09/24 10:30:43.3 Old State:6-ENGN_StateRunning_StartNewStep New State:ENGN_StateRunning_WaitGoingToSample
2025/09/24 10:30:43.3 Sample96_Q(0, 0, 11)
2025/09/24 10:30:43.4 GMC_SetPosZ
2025/09/24 10:30:43.4 
2025/09/24 10:30:43.4 START SCAN: 
2025/09/24 10:30:43.4    CycleTime (ms)    = 200
2025/09/24 10:30:43.4    CycleCount        = 25
2025/09/24 10:30:43.4    ScansToAverage    = 20
2025/09/24 10:30:43.4    FinishTime (s)    = 5
2025/09/24 10:30:43.4    Temperature       = 30.0
2025/09/24 10:30:43.4    Lamp Power        = 36
2025/09/24 10:30:43.4    Spec PCB temps    = 40.2, 40.8, 40.9, 40.7, 40.8, 41.0, 39.1, 39.9
2025/09/24 10:30:43.4 
2025/09/24 10:30:43.5 Old State:12-ENGN_StateRunning_WaitGoingToSample New State:ENGN_StateRunning_GoingToSample
2025/09/24 10:30:48.2 GMC_ServoHere
2025/09/24 10:30:48.4 GMC_SetPosXY
2025/09/24 10:30:48.7 GMC_SetPosZ
2025/09/24 10:30:54.1 Old State:13-cycle=1, Elapsed Time:    0.0,  Ideal Time:    0.0,  Delay time =   0.00  New State:ENGN_StateRunning_GoingToSampleComplete
2025/09/24 10:30:54.2 Old State:14-ENGN_StateRunning_GoingToSampleComplete New State:ENGN_StateRunning_WaitSampling
2025/09/24 10:30:54.2 Step started at: 10:30:43
2025/09/24 10:30:54.2 XYZ movement time  = 10647 ms + Scan start delay = 10607 ms
2025/09/24 10:30:54.3 Old State:15-ENGN_StateRunning_WaitSampling New State:ENGN_StateRunning_Sampling
2025/09/24 10:30:58.9 
2025/09/24 10:30:58.9 STOP SCAN: 
2025/09/24 10:30:58.9    CycleTime (ms)    = 200
2025/09/24 10:30:58.9    CurrentCycle      = 25
2025/09/24 10:30:58.9    RunTime (ms)      = 4950
2025/09/24 10:30:58.9    AverageCycle (ms) = 198.0
2025/09/24 10:30:58.9    Temperature       = 30.0
2025/09/24 10:30:58.9    DATA OVERRUN %    = 0.00
2025/09/24 10:30:58.9    Spec PCB temps    = 40.2, 40.8, 40.9, 40.7, 40.9, 41.0, 39.1, 39.9
2025/09/24 10:30:58.9 
2025/09/24 10:30:59.0 Old State:16-cycle=25, Elapsed Time:    5.0,  Ideal Time:    4.8,  Delay time =   0.05  New State:ENGN_StateRunning_SamplingComplete
2025/09/24 10:30:59.1 Old State:18-ENGN_StateRunning_SamplingComplete New State:ENGN_StateRunning_WaitNewStep
2025/09/24 10:30:59.4 Old State:5-ENGN_StateRunning_WaitNewStep New State:ENGN_StateRunning_StartNewStep
2025/09/24 10:30:59.4 StartShaker(400)
2025/09/24 10:30:59.7 Old State:6-ENGN_StateRunning_StartNewStep New State:ENGN_StateRunning_WaitGoingToSample
2025/09/24 10:30:59.7 Sample96_Q(0, 0, 10)
2025/09/24 10:30:59.7 Temp: 2025/09/24 10:30:59, 30.0000
2025/09/24 10:30:59.8 GMC_SetPosZ
2025/09/24 10:30:59.8 
2025/09/24 10:30:59.8 START SCAN: 
2025/09/24 10:30:59.8    CycleTime (ms)    = 200
2025/09/24 10:30:59.8    CycleCount        = 25
2025/09/24 10:30:59.8    ScansToAverage    = 20
2025/09/24 10:30:59.8    FinishTime (s)    = 5
2025/09/24 10:30:59.8    Temperature       = 30.0
2025/09/24 10:30:59.8    Lamp Power        = 36
2025/09/24 10:30:59.8    Spec PCB temps    = 40.2, 40.8, 40.9, 40.7, 40.8, 41.0, 39.1, 39.9
2025/09/24 10:30:59.8 
2025/09/24 10:30:59.9 Old State:12-ENGN_StateRunning_WaitGoingToSample New State:ENGN_StateRunning_GoingToSample
2025/09/24 10:31:04.9 GMC_ServoHere
2025/09/24 10:31:05.1 GMC_SetPosXY
2025/09/24 10:31:05.5 GMC_SetPosZ
2025/09/24 10:31:10.5 Old State:13-cycle=1, Elapsed Time:    0.0,  Ideal Time:    0.0,  Delay time =   0.00  New State:ENGN_StateRunning_GoingToSampleComplete
2025/09/24 10:31:10.6 Old State:14-ENGN_StateRunning_GoingToSampleComplete New State:ENGN_StateRunning_WaitSampling
2025/09/24 10:31:10.6 Step started at: 10:30:59
2025/09/24 10:31:10.6 XYZ movement time  = 10644 ms + Scan start delay = 10633 ms
2025/09/24 10:31:10.7 Old State:15-ENGN_StateRunning_WaitSampling New State:ENGN_StateRunning_Sampling
2025/09/24 10:31:15.3 
2025/09/24 10:31:15.3 STOP SCAN: 
2025/09/24 10:31:15.3    CycleTime (ms)    = 200
2025/09/24 10:31:15.3    CurrentCycle      = 25
2025/09/24 10:31:15.3    RunTime (ms)      = 4954
2025/09/24 10:31:15.3    AverageCycle (ms) = 198.2
2025/09/24 10:31:15.3    Temperature       = 30.0
2025/09/24 10:31:15.3    DATA OVERRUN %    = 0.00
2025/09/24 10:31:15.3    Spec PCB temps    = 40.2, 40.8, 40.9, 40.7, 40.8, 41.0, 39.1, 39.9
2025/09/24 10:31:15.3 
2025/09/24 10:31:15.4 Old State:16-cycle=25, Elapsed Time:    5.0,  Ideal Time:    4.8,  Delay time =   0.04  New State:ENGN_StateRunning_SamplingComplete
2025/09/24 10:31:15.5 Old State:18-ENGN_StateRunning_SamplingComplete New State:ENGN_StateRunning_WaitNewStep
2025/09/24 10:31:15.6 Old State:5-ENGN_StateRunning_WaitNewStep New State:ENGN_StateRunning_StartNewStep
2025/09/24 10:31:15.6 StartShaker(400)
2025/09/24 10:31:15.9 Temp: 2025/09/24 10:31:15, 30.0000
2025/09/24 10:31:16.0 Old State:6-ENGN_StateRunning_StartNewStep New State:ENGN_StateRunning_WaitGoingToSample
2025/09/24 10:31:16.0 Sample96_Q(0, 0, 11)
2025/09/24 10:31:16.0 GMC_SetPosZ
2025/09/24 10:31:16.1 
2025/09/24 10:31:16.1 START SCAN: 
2025/09/24 10:31:16.1    CycleTime (ms)    = 200
2025/09/24 10:31:16.1    CycleCount        = 25
2025/09/24 10:31:16.1    ScansToAverage    = 20
2025/09/24 10:31:16.1    FinishTime (s)    = 5
2025/09/24 10:31:16.1    Temperature       = 30.0
2025/09/24 10:31:16.1    Lamp Power        = 36
2025/09/24 10:31:16.1    Spec PCB temps    = 40.2, 40.8, 40.9, 40.7, 40.8, 41.0, 39.1, 39.9
2025/09/24 10:31:16.1 
2025/09/24 10:31:16.1 Old State:12-ENGN_StateRunning_WaitGoingToSample New State:ENGN_StateRunning_GoingToSample
2025/09/24 10:31:20.8 GMC_ServoHere
2025/09/24 10:31:21.0 GMC_SetPosXY
2025/09/24 10:31:21.4 GMC_SetPosZ
2025/09/24 10:31:26.8 Old State:13-cycle=1, Elapsed Time:    0.0,  Ideal Time:    0.0,  Delay time =   0.00  New State:ENGN_StateRunning_GoingToSampleComplete
2025/09/24 10:31:26.9 Old State:14-ENGN_StateRunning_GoingToSampleComplete New State:ENGN_StateRunning_WaitSampling
2025/09/24 10:31:26.9 Step started at: 10:31:16
2025/09/24 10:31:26.9 XYZ movement time  = 10693 ms + Scan start delay = 10626 ms
2025/09/24 10:31:27.0 Old State:15-ENGN_StateRunning_WaitSampling New State:ENGN_StateRunning_Sampling
2025/09/24 10:31:31.5 
2025/09/24 10:31:31.5 STOP SCAN: 
2025/09/24 10:31:31.5    CycleTime (ms)    = 200
2025/09/24 10:31:31.5    CurrentCycle      = 25
2025/09/24 10:31:31.5    RunTime (ms)      = 4949
2025/09/24 10:31:31.5    AverageCycle (ms) = 198.0
2025/09/24 10:31:31.5    Temperature       = 30.0
2025/09/24 10:31:31.5    DATA OVERRUN %    = 0.00
2025/09/24 10:31:31.5    Spec PCB temps    = 40.2, 40.8, 40.9, 40.7, 40.9, 41.0, 39.1, 39.9
2025/09/24 10:31:31.5 
2025/09/24 10:31:31.7 Old State:16-cycle=25, Elapsed Time:    4.9,  Ideal Time:    4.8,  Delay time =   0.05  New State:ENGN_StateRunning_SamplingComplete
2025/09/24 10:31:31.8 Old State:18-ENGN_StateRunning_SamplingComplete New State:ENGN_StateRunning_WaitNewStep
2025/09/24 10:31:32.0 Old State:5-ENGN_StateRunning_WaitNewStep New State:ENGN_StateRunning_StartNewStep
2025/09/24 10:31:32.0 StartShaker(400)
2025/09/24 10:31:32.3 Temp: 2025/09/24 10:31:32, 30.0000
2025/09/24 10:31:32.4 Old State:6-ENGN_StateRunning_StartNewStep New State:ENGN_StateRunning_WaitGoingToSample
2025/09/24 10:31:32.4 Sample96_Q(0, 0, 10)
2025/09/24 10:31:32.4 GMC_SetPosZ
2025/09/24 10:31:32.4 
2025/09/24 10:31:32.4 START SCAN: 
2025/09/24 10:31:32.4    CycleTime (ms)    = 200
2025/09/24 10:31:32.4    CycleCount        = 25
2025/09/24 10:31:32.4    ScansToAverage    = 20
2025/09/24 10:31:32.4    FinishTime (s)    = 5
2025/09/24 10:31:32.4    Temperature       = 30.0
2025/09/24 10:31:32.4    Lamp Power        = 36
2025/09/24 10:31:32.4    Spec PCB temps    = 40.2, 40.8, 40.9, 40.7, 40.9, 41.0, 39.1, 39.9
2025/09/24 10:31:32.4 
2025/09/24 10:31:32.5 Old State:12-ENGN_StateRunning_WaitGoingToSample New State:ENGN_StateRunning_GoingToSample
2025/09/24 10:31:37.6 GMC_ServoHere
2025/09/24 10:31:37.8 GMC_SetPosXY
2025/09/24 10:31:38.2 GMC_SetPosZ
2025/09/24 10:31:43.2 Old State:13-cycle=1, Elapsed Time:    0.0,  Ideal Time:    0.0,  Delay time =   0.00  New State:ENGN_StateRunning_GoingToSampleComplete
2025/09/24 10:31:43.3 Old State:14-ENGN_StateRunning_GoingToSampleComplete New State:ENGN_StateRunning_WaitSampling
2025/09/24 10:31:43.3 Step started at: 10:31:32
2025/09/24 10:31:43.3 XYZ movement time  = 10699 ms + Scan start delay = 10685 ms
2025/09/24 10:31:43.4 Old State:15-ENGN_StateRunning_WaitSampling New State:ENGN_StateRunning_Sampling
2025/09/24 10:31:48.0 
2025/09/24 10:31:48.0 STOP SCAN: 
2025/09/24 10:31:48.0    CycleTime (ms)    = 200
2025/09/24 10:31:48.0    CurrentCycle      = 25
2025/09/24 10:31:48.0    RunTime (ms)      = 4955
2025/09/24 10:31:48.0    AverageCycle (ms) = 198.2
2025/09/24 10:31:48.0    Temperature       = 30.0
2025/09/24 10:31:48.0    DATA OVERRUN %    = 0.00
2025/09/24 10:31:48.0    Spec PCB temps    = 40.2, 40.8, 40.9, 40.7, 40.9, 41.0, 39.1, 39.9
2025/09/24 10:31:48.0 
2025/09/24 10:31:48.1 Old State:16-cycle=25, Elapsed Time:    5.0,  Ideal Time:    4.8,  Delay time =   0.05  New State:ENGN_StateRunning_SamplingComplete
2025/09/24 10:31:48.2 Old State:18-ENGN_StateRunning_SamplingComplete New State:ENGN_StateRunning_WaitNewStep
2025/09/24 10:31:48.5 Old State:5-ENGN_StateRunning_WaitNewStep New State:ENGN_StateRunning_StartNewStep
2025/09/24 10:31:48.6 StartShaker(400)
2025/09/24 10:31:48.8 Temp: 2025/09/24 10:31:48, 30.0000
2025/09/24 10:31:48.9 Old State:6-ENGN_StateRunning_StartNewStep New State:ENGN_StateRunning_WaitGoingToSample
2025/09/24 10:31:48.9 Sample96_Q(0, 0, 11)
2025/09/24 10:31:49.0 
2025/09/24 10:31:49.0 START SCAN: 
2025/09/24 10:31:49.0    CycleTime (ms)    = 200
2025/09/24 10:31:49.0    CycleCount        = 25
2025/09/24 10:31:49.0    ScansToAverage    = 20
2025/09/24 10:31:49.0    FinishTime (s)    = 5
2025/09/24 10:31:49.0    Temperature       = 30.0
2025/09/24 10:31:49.0    Lamp Power        = 36
2025/09/24 10:31:49.0    Spec PCB temps    = 40.2, 40.8, 40.9, 40.7, 40.9, 41.0, 39.1, 39.9
2025/09/24 10:31:49.0 
2025/09/24 10:31:49.0 GMC_SetPosZ
2025/09/24 10:31:49.1 Old State:12-ENGN_StateRunning_WaitGoingToSample New State:ENGN_StateRunning_GoingToSample
2025/09/24 10:31:53.9 GMC_ServoHere
2025/09/24 10:31:54.0 GMC_SetPosXY
2025/09/24 10:31:54.4 GMC_SetPosZ
2025/09/24 10:31:59.8 Old State:13-cycle=1, Elapsed Time:    0.0,  Ideal Time:    0.0,  Delay time =   0.00  New State:ENGN_StateRunning_GoingToSampleComplete
2025/09/24 10:31:59.9 Old State:14-ENGN_StateRunning_GoingToSampleComplete New State:ENGN_StateRunning_WaitSampling
2025/09/24 10:31:59.9 Step started at: 10:31:49
2025/09/24 10:31:59.9 XYZ movement time  = 10766 ms + Scan start delay = 10705 ms
2025/09/24 10:32:00.0 Old State:15-ENGN_StateRunning_WaitSampling New State:ENGN_StateRunning_Sampling
2025/09/24 10:32:04.6 
2025/09/24 10:32:04.6 STOP SCAN: 
2025/09/24 10:32:04.6    CycleTime (ms)    = 200
2025/09/24 10:32:04.6    CurrentCycle      = 25
2025/09/24 10:32:04.6    RunTime (ms)      = 4950
2025/09/24 10:32:04.6    AverageCycle (ms) = 198.0
2025/09/24 10:32:04.6    Temperature       = 30.0
2025/09/24 10:32:04.6    DATA OVERRUN %    = 0.00
2025/09/24 10:32:04.6    Spec PCB temps    = 40.2, 40.8, 40.9, 40.7, 40.9, 41.0, 39.1, 39.9
2025/09/24 10:32:04.6 
2025/09/24 10:32:04.7 Old State:16-cycle=25, Elapsed Time:    5.0,  Ideal Time:    4.8,  Delay time =   0.05  New State:ENGN_StateRunning_SamplingComplete
2025/09/24 10:32:04.8 Old State:18-ENGN_StateRunning_SamplingComplete New State:ENGN_StateRunning_WaitNewStep
2025/09/24 10:32:04.9 Old State:5-ENGN_StateRunning_WaitNewStep New State:ENGN_StateRunning_StartNewStep
2025/09/24 10:32:04.9 StartShaker(400)
2025/09/24 10:32:05.3 Old State:6-ENGN_StateRunning_StartNewStep New State:ENGN_StateRunning_WaitGoingToSample
2025/09/24 10:32:05.3 Sample96_Q(0, 0, 1)
2025/09/24 10:32:05.3 Temp: 2025/09/24 10:32:05, 30.0000
2025/09/24 10:32:05.3 GMC_SetPosZ
2025/09/24 10:32:05.4 
2025/09/24 10:32:05.4 START SCAN: 
2025/09/24 10:32:05.4    CycleTime (ms)    = 200
2025/09/24 10:32:05.4    CycleCount        = 600
2025/09/24 10:32:05.4    ScansToAverage    = 20
2025/09/24 10:32:05.4    FinishTime (s)    = 120
2025/09/24 10:32:05.4    Temperature       = 30.0
2025/09/24 10:32:05.4    Lamp Power        = 36
2025/09/24 10:32:05.4    Spec PCB temps    = 40.2, 40.8, 40.9, 40.7, 40.9, 41.0, 39.1, 39.9
2025/09/24 10:32:05.4 
2025/09/24 10:32:05.4 Old State:12-ENGN_StateRunning_WaitGoingToSample New State:ENGN_StateRunning_GoingToSample
2025/09/24 10:32:10.5 GMC_ServoHere
2025/09/24 10:32:10.6 GMC_SetPosXY
2025/09/24 10:32:12.3 GMC_SetPosZ
2025/09/24 10:32:14.5 DFIO: Start writing C:\ForteBio\Yupeng\2025-09-24 SI-168M3 BP FB\250924_001.frd
2025/09/24 10:32:14.5 DFIO: Finished writing C:\ForteBio\Yupeng\2025-09-24 SI-168M3 BP FB\250924_001.frd
2025/09/24 10:32:14.5 DFIO: Finished writing C:\ForteBio\Yupeng\2025-09-24 SI-168M3 BP FB\250924_Manifest.fmx
2025/09/24 10:32:14.6 Old State:13-cycle=1, Elapsed Time:    0.0,  Ideal Time:    0.0,  Delay time =   0.00  New State:ENGN_StateRunning_GoingToSampleComplete
2025/09/24 10:32:14.7 Old State:14-ENGN_StateRunning_GoingToSampleComplete New State:ENGN_StateRunning_WaitSampling
2025/09/24 10:32:14.7 Step started at: 10:32:05
2025/09/24 10:32:14.7 XYZ movement time  = 9253 ms + Scan start delay = 9201 ms
2025/09/24 10:32:14.8 Old State:15-ENGN_StateRunning_WaitSampling New State:ENGN_StateRunning_Sampling
2025/09/24 10:33:05.3 Temp: 2025/09/24 10:33:05, 30.0000
2025/09/24 10:34:05.4 Temp: 2025/09/24 10:34:05, 30.0000
2025/09/24 10:34:14.4 
2025/09/24 10:34:14.4 STOP SCAN: 
2025/09/24 10:34:14.4    CycleTime (ms)    = 200
2025/09/24 10:34:14.4    CurrentCycle      = 600
2025/09/24 10:34:14.4    RunTime (ms)      = 119957
2025/09/24 10:34:14.4    AverageCycle (ms) = 199.9
2025/09/24 10:34:14.4    Temperature       = 30.0
2025/09/24 10:34:14.4    DATA OVERRUN %    = 0.00
2025/09/24 10:34:14.4    Spec PCB temps    = 40.3, 40.9, 40.9, 40.7, 40.9, 41.0, 39.1, 39.9
2025/09/24 10:34:14.4 
2025/09/24 10:34:14.6 Old State:16-cycle=600, Elapsed Time:  120.0,  Ideal Time:  119.8,  Delay time =   0.05  New State:ENGN_StateRunning_SamplingComplete
2025/09/24 10:34:14.7 Old State:18-ENGN_StateRunning_SamplingComplete New State:ENGN_StateRunning_WaitNewStep
2025/09/24 10:34:15.0 Old State:5-ENGN_StateRunning_WaitNewStep New State:ENGN_StateRunning_StartNewStep
2025/09/24 10:34:15.0 StartShaker(400)
2025/09/24 10:34:15.4 Temp: 2025/09/24 10:34:15, 30.0000
2025/09/24 10:34:15.4 Old State:6-ENGN_StateRunning_StartNewStep New State:ENGN_StateRunning_WaitGoingToSample
2025/09/24 10:34:15.4 Sample96_Q(0, 0, 10)
2025/09/24 10:34:15.5 
2025/09/24 10:34:15.5 START SCAN: 
2025/09/24 10:34:15.5    CycleTime (ms)    = 200
2025/09/24 10:34:15.5    CycleCount        = 25
2025/09/24 10:34:15.5    ScansToAverage    = 20
2025/09/24 10:34:15.5    FinishTime (s)    = 5
2025/09/24 10:34:15.5    Temperature       = 30.0
2025/09/24 10:34:15.5    Lamp Power        = 36
2025/09/24 10:34:15.5    Spec PCB temps    = 40.3, 40.9, 40.9, 40.7, 40.9, 41.0, 39.1, 39.9
2025/09/24 10:34:15.5 
2025/09/24 10:34:15.5 GMC_SetPosZ
2025/09/24 10:34:15.5 Old State:12-ENGN_StateRunning_WaitGoingToSample New State:ENGN_StateRunning_GoingToSample
2025/09/24 10:34:17.7 GMC_ServoHere
2025/09/24 10:34:17.9 GMC_SetPosXY
2025/09/24 10:34:19.3 GMC_SetPosZ
2025/09/24 10:34:24.3 Old State:13-cycle=1, Elapsed Time:    0.0,  Ideal Time:    0.0,  Delay time =   0.00  New State:ENGN_StateRunning_GoingToSampleComplete
2025/09/24 10:34:24.4 Old State:14-ENGN_StateRunning_GoingToSampleComplete New State:ENGN_StateRunning_WaitSampling
2025/09/24 10:34:24.4 Step started at: 10:34:15
2025/09/24 10:34:24.4 XYZ movement time  = 8879 ms + Scan start delay = 8811 ms
2025/09/24 10:34:24.5 Old State:15-ENGN_StateRunning_WaitSampling New State:ENGN_StateRunning_Sampling
2025/09/24 10:34:29.1 
2025/09/24 10:34:29.1 STOP SCAN: 
2025/09/24 10:34:29.1    CycleTime (ms)    = 200
2025/09/24 10:34:29.1    CurrentCycle      = 25
2025/09/24 10:34:29.1    RunTime (ms)      = 4954
2025/09/24 10:34:29.1    AverageCycle (ms) = 198.2
2025/09/24 10:34:29.1    Temperature       = 30.0
2025/09/24 10:34:29.1    DATA OVERRUN %    = 0.00
2025/09/24 10:34:29.1    Spec PCB temps    = 40.3, 40.9, 40.9, 40.7, 40.9, 41.0, 39.1, 39.9
2025/09/24 10:34:29.1 
2025/09/24 10:34:29.3 Old State:16-cycle=25, Elapsed Time:    5.0,  Ideal Time:    4.8,  Delay time =   0.05  New State:ENGN_StateRunning_SamplingComplete
2025/09/24 10:34:29.4 Old State:18-ENGN_StateRunning_SamplingComplete New State:ENGN_StateRunning_WaitNewStep
2025/09/24 10:34:29.8 Old State:5-ENGN_StateRunning_WaitNewStep New State:ENGN_StateRunning_StartNewStep
2025/09/24 10:34:29.8 StartShaker(400)
2025/09/24 10:34:30.1 Old State:6-ENGN_StateRunning_StartNewStep New State:ENGN_StateRunning_WaitGoingToSample
2025/09/24 10:34:30.1 Sample96_Q(0, 0, 11)
2025/09/24 10:34:30.1 Temp: 2025/09/24 10:34:30, 30.0000
2025/09/24 10:34:30.2 
2025/09/24 10:34:30.2 START SCAN: 
2025/09/24 10:34:30.2    CycleTime (ms)    = 200
2025/09/24 10:34:30.2    CycleCount        = 25
2025/09/24 10:34:30.2    ScansToAverage    = 20
2025/09/24 10:34:30.2    FinishTime (s)    = 5
2025/09/24 10:34:30.2    Temperature       = 30.0
2025/09/24 10:34:30.2    Lamp Power        = 36
2025/09/24 10:34:30.2    Spec PCB temps    = 40.3, 40.9, 40.9, 40.7, 40.9, 41.0, 39.1, 39.9
2025/09/24 10:34:30.2 
2025/09/24 10:34:30.2 GMC_SetPosZ
2025/09/24 10:34:30.3 Old State:12-ENGN_StateRunning_WaitGoingToSample New State:ENGN_StateRunning_GoingToSample
2025/09/24 10:34:35.0 GMC_ServoHere
2025/09/24 10:34:35.2 GMC_SetPosXY
2025/09/24 10:34:35.6 GMC_SetPosZ
2025/09/24 10:34:41.0 Old State:13-cycle=1, Elapsed Time:    0.0,  Ideal Time:    0.0,  Delay time =   0.00  New State:ENGN_StateRunning_GoingToSampleComplete
2025/09/24 10:34:41.1 Old State:14-ENGN_StateRunning_GoingToSampleComplete New State:ENGN_StateRunning_WaitSampling
2025/09/24 10:34:41.1 Step started at: 10:34:30
2025/09/24 10:34:41.1 XYZ movement time  = 10740 ms + Scan start delay = 10672 ms
2025/09/24 10:34:41.2 Old State:15-ENGN_StateRunning_WaitSampling New State:ENGN_StateRunning_Sampling
2025/09/24 10:34:45.7 
2025/09/24 10:34:45.7 STOP SCAN: 
2025/09/24 10:34:45.7    CycleTime (ms)    = 200
2025/09/24 10:34:45.7    CurrentCycle      = 25
2025/09/24 10:34:45.7    RunTime (ms)      = 4952
2025/09/24 10:34:45.7    AverageCycle (ms) = 198.1
2025/09/24 10:34:45.7    Temperature       = 30.0
2025/09/24 10:34:45.7    DATA OVERRUN %    = 0.00
2025/09/24 10:34:45.7    Spec PCB temps    = 40.3, 40.8, 40.9, 40.7, 40.9, 41.0, 39.1, 39.9
2025/09/24 10:34:45.7 
2025/09/24 10:34:45.9 Old State:16-cycle=25, Elapsed Time:    5.0,  Ideal Time:    4.8,  Delay time =   0.05  New State:ENGN_StateRunning_SamplingComplete
2025/09/24 10:34:46.0 Old State:18-ENGN_StateRunning_SamplingComplete New State:ENGN_StateRunning_WaitNewStep
2025/09/24 10:34:46.2 Old State:5-ENGN_StateRunning_WaitNewStep New State:ENGN_StateRunning_StartNewStep
2025/09/24 10:34:46.2 StartShaker(400)
2025/09/24 10:34:46.6 Old State:6-ENGN_StateRunning_StartNewStep New State:ENGN_StateRunning_WaitGoingToSample
2025/09/24 10:34:46.6 Sample96_Q(0, 0, 10)
2025/09/24 10:34:46.6 Temp: 2025/09/24 10:34:46, 30.0000
2025/09/24 10:34:46.6 
2025/09/24 10:34:46.6 START SCAN: 
2025/09/24 10:34:46.6    CycleTime (ms)    = 200
2025/09/24 10:34:46.6    CycleCount        = 25
2025/09/24 10:34:46.6    ScansToAverage    = 20
2025/09/24 10:34:46.6    FinishTime (s)    = 5
2025/09/24 10:34:46.6    Temperature       = 30.0
2025/09/24 10:34:46.6    Lamp Power        = 36
2025/09/24 10:34:46.6    Spec PCB temps    = 40.3, 40.9, 40.9, 40.7, 40.9, 41.0, 39.2, 39.9
2025/09/24 10:34:46.6 
2025/09/24 10:34:46.6 GMC_SetPosZ
2025/09/24 10:34:46.7 Old State:12-ENGN_StateRunning_WaitGoingToSample New State:ENGN_StateRunning_GoingToSample
2025/09/24 10:34:51.8 GMC_ServoHere
2025/09/24 10:34:52.0 GMC_SetPosXY
2025/09/24 10:34:52.4 GMC_SetPosZ
2025/09/24 10:34:57.4 Old State:13-cycle=1, Elapsed Time:    0.0,  Ideal Time:    0.0,  Delay time =   0.00  New State:ENGN_StateRunning_GoingToSampleComplete
2025/09/24 10:34:57.5 Old State:14-ENGN_StateRunning_GoingToSampleComplete New State:ENGN_StateRunning_WaitSampling
2025/09/24 10:34:57.5 Step started at: 10:34:46
2025/09/24 10:34:57.5 XYZ movement time  = 10695 ms + Scan start delay = 10665 ms
2025/09/24 10:34:57.6 Old State:15-ENGN_StateRunning_WaitSampling New State:ENGN_StateRunning_Sampling
2025/09/24 10:35:02.2 
2025/09/24 10:35:02.2 STOP SCAN: 
2025/09/24 10:35:02.2    CycleTime (ms)    = 200
2025/09/24 10:35:02.2    CurrentCycle      = 25
2025/09/24 10:35:02.2    RunTime (ms)      = 4955
2025/09/24 10:35:02.2    AverageCycle (ms) = 198.2
2025/09/24 10:35:02.2    Temperature       = 30.0
2025/09/24 10:35:02.2    DATA OVERRUN %    = 0.00
2025/09/24 10:35:02.2    Spec PCB temps    = 40.3, 40.9, 40.9, 40.7, 40.9, 41.0, 39.1, 39.9
2025/09/24 10:35:02.2 
2025/09/24 10:35:02.3 Old State:16-cycle=25, Elapsed Time:    5.0,  Ideal Time:    4.8,  Delay time =   0.05  New State:ENGN_StateRunning_SamplingComplete
2025/09/24 10:35:02.4 Old State:18-ENGN_StateRunning_SamplingComplete New State:ENGN_StateRunning_WaitNewStep
2025/09/24 10:35:02.7 Old State:5-ENGN_StateRunning_WaitNewStep New State:ENGN_StateRunning_StartNewStep
2025/09/24 10:35:02.8 StartShaker(400)
2025/09/24 10:35:03.0 Temp: 2025/09/24 10:35:03, 30.0000
2025/09/24 10:35:03.1 Old State:6-ENGN_StateRunning_StartNewStep New State:ENGN_StateRunning_WaitGoingToSample
2025/09/24 10:35:03.1 Sample96_Q(0, 0, 11)
2025/09/24 10:35:03.2 
2025/09/24 10:35:03.2 START SCAN: 
2025/09/24 10:35:03.2    CycleTime (ms)    = 200
2025/09/24 10:35:03.2    CycleCount        = 25
2025/09/24 10:35:03.2    ScansToAverage    = 20
2025/09/24 10:35:03.2    FinishTime (s)    = 5
2025/09/24 10:35:03.2    Temperature       = 30.0
2025/09/24 10:35:03.2    Lamp Power        = 36
2025/09/24 10:35:03.2    Spec PCB temps    = 40.3, 40.9, 40.9, 40.7, 40.9, 41.0, 39.1, 39.9
2025/09/24 10:35:03.2 
2025/09/24 10:35:03.2 GMC_SetPosZ
2025/09/24 10:35:03.3 Old State:12-ENGN_StateRunning_WaitGoingToSample New State:ENGN_StateRunning_GoingToSample
2025/09/24 10:35:08.1 GMC_ServoHere
2025/09/24 10:35:08.3 GMC_SetPosXY
2025/09/24 10:35:08.7 GMC_SetPosZ
2025/09/24 10:35:14.1 Old State:13-cycle=1, Elapsed Time:    0.0,  Ideal Time:    0.0,  Delay time =   0.00  New State:ENGN_StateRunning_GoingToSampleComplete
2025/09/24 10:35:14.2 Old State:14-ENGN_StateRunning_GoingToSampleComplete New State:ENGN_StateRunning_WaitSampling
2025/09/24 10:35:14.2 Step started at: 10:35:03
2025/09/24 10:35:14.2 XYZ movement time  = 10821 ms + Scan start delay = 10789 ms
2025/09/24 10:35:14.3 Old State:15-ENGN_StateRunning_WaitSampling New State:ENGN_StateRunning_Sampling
2025/09/24 10:35:18.8 
2025/09/24 10:35:18.8 STOP SCAN: 
2025/09/24 10:35:18.8    CycleTime (ms)    = 200
2025/09/24 10:35:18.8    CurrentCycle      = 25
2025/09/24 10:35:18.8    RunTime (ms)      = 4949
2025/09/24 10:35:18.8    AverageCycle (ms) = 198.0
2025/09/24 10:35:18.8    Temperature       = 30.0
2025/09/24 10:35:18.8    DATA OVERRUN %    = 0.00
2025/09/24 10:35:18.8    Spec PCB temps    = 40.3, 40.9, 40.9, 40.7, 40.9, 41.0, 39.1, 39.9
2025/09/24 10:35:18.8 
2025/09/24 10:35:19.0 Old State:16-cycle=25, Elapsed Time:    4.9,  Ideal Time:    4.8,  Delay time =   0.04  New State:ENGN_StateRunning_SamplingComplete
2025/09/24 10:35:19.1 Old State:18-ENGN_StateRunning_SamplingComplete New State:ENGN_StateRunning_WaitNewStep
2025/09/24 10:35:19.2 Old State:5-ENGN_StateRunning_WaitNewStep New State:ENGN_StateRunning_StartNewStep
2025/09/24 10:35:19.2 StartShaker(400)
2025/09/24 10:35:19.5 Temp: 2025/09/24 10:35:19, 30.0000
2025/09/24 10:35:19.5 Old State:6-ENGN_StateRunning_StartNewStep New State:ENGN_StateRunning_WaitGoingToSample
2025/09/24 10:35:19.5 Sample96_Q(0, 0, 10)
2025/09/24 10:35:19.6 GMC_SetPosZ
2025/09/24 10:35:19.7 
2025/09/24 10:35:19.7 START SCAN: 
2025/09/24 10:35:19.7    CycleTime (ms)    = 200
2025/09/24 10:35:19.7    CycleCount        = 25
2025/09/24 10:35:19.7    ScansToAverage    = 20
2025/09/24 10:35:19.7    FinishTime (s)    = 5
2025/09/24 10:35:19.7    Temperature       = 30.0
2025/09/24 10:35:19.7    Lamp Power        = 36
2025/09/24 10:35:19.7    Spec PCB temps    = 40.3, 40.9, 40.9, 40.7, 40.9, 41.0, 39.1, 39.9
2025/09/24 10:35:19.7 
2025/09/24 10:35:19.7 Old State:12-ENGN_StateRunning_WaitGoingToSample New State:ENGN_StateRunning_GoingToSample
2025/09/24 10:35:24.8 GMC_ServoHere
2025/09/24 10:35:24.9 GMC_SetPosXY
2025/09/24 10:35:25.3 GMC_SetPosZ
2025/09/24 10:35:30.4 Old State:13-cycle=1, Elapsed Time:    0.0,  Ideal Time:    0.0,  Delay time =   0.00  New State:ENGN_StateRunning_GoingToSampleComplete
2025/09/24 10:35:30.5 Old State:14-ENGN_StateRunning_GoingToSampleComplete New State:ENGN_StateRunning_WaitSampling
2025/09/24 10:35:30.5 Step started at: 10:35:19
2025/09/24 10:35:30.5 XYZ movement time  = 10650 ms + Scan start delay = 10607 ms
2025/09/24 10:35:30.6 Old State:15-ENGN_StateRunning_WaitSampling New State:ENGN_StateRunning_Sampling
2025/09/24 10:35:35.1 
2025/09/24 10:35:35.1 STOP SCAN: 
2025/09/24 10:35:35.1    CycleTime (ms)    = 200
2025/09/24 10:35:35.1    CurrentCycle      = 25
2025/09/24 10:35:35.1    RunTime (ms)      = 4954
2025/09/24 10:35:35.1    AverageCycle (ms) = 198.2
2025/09/24 10:35:35.1    Temperature       = 30.0
2025/09/24 10:35:35.1    DATA OVERRUN %    = 0.00
2025/09/24 10:35:35.1    Spec PCB temps    = 40.3, 40.9, 40.9, 40.7, 40.9, 41.0, 39.1, 39.9
2025/09/24 10:35:35.1 
2025/09/24 10:35:35.2 Old State:16-cycle=25, Elapsed Time:    5.0,  Ideal Time:    4.8,  Delay time =   0.05  New State:ENGN_StateRunning_SamplingComplete
2025/09/24 10:35:35.3 Old State:18-ENGN_StateRunning_SamplingComplete New State:ENGN_StateRunning_WaitNewStep
2025/09/24 10:35:35.7 Old State:5-ENGN_StateRunning_WaitNewStep New State:ENGN_StateRunning_StartNewStep
2025/09/24 10:35:35.7 StartShaker(400)
2025/09/24 10:35:36.0 Old State:6-ENGN_StateRunning_StartNewStep New State:ENGN_StateRunning_WaitGoingToSample
2025/09/24 10:35:36.0 Sample96_Q(0, 0, 11)
2025/09/24 10:35:36.0 Temp: 2025/09/24 10:35:36, 30.0000
2025/09/24 10:35:36.1 GMC_SetPosZ
2025/09/24 10:35:36.1 
2025/09/24 10:35:36.1 START SCAN: 
2025/09/24 10:35:36.1    CycleTime (ms)    = 200
2025/09/24 10:35:36.1    CycleCount        = 25
2025/09/24 10:35:36.1    ScansToAverage    = 20
2025/09/24 10:35:36.1    FinishTime (s)    = 5
2025/09/24 10:35:36.1    Temperature       = 30.0
2025/09/24 10:35:36.1    Lamp Power        = 36
2025/09/24 10:35:36.1    Spec PCB temps    = 40.3, 40.9, 40.9, 40.7, 40.9, 41.0, 39.2, 39.9
2025/09/24 10:35:36.1 
2025/09/24 10:35:36.2 Old State:12-ENGN_StateRunning_WaitGoingToSample New State:ENGN_StateRunning_GoingToSample
2025/09/24 10:35:40.9 GMC_ServoHere
2025/09/24 10:35:41.0 GMC_SetPosXY
2025/09/24 10:35:41.4 GMC_SetPosZ
2025/09/24 10:35:46.8 Old State:13-cycle=1, Elapsed Time:    0.0,  Ideal Time:    0.0,  Delay time =   0.00  New State:ENGN_StateRunning_GoingToSampleComplete
2025/09/24 10:35:46.9 Old State:14-ENGN_StateRunning_GoingToSampleComplete New State:ENGN_StateRunning_WaitSampling
2025/09/24 10:35:46.9 Step started at: 10:35:36
2025/09/24 10:35:46.9 XYZ movement time  = 10624 ms + Scan start delay = 10590 ms
2025/09/24 10:35:47.0 Old State:15-ENGN_StateRunning_WaitSampling New State:ENGN_StateRunning_Sampling
2025/09/24 10:35:51.6 
2025/09/24 10:35:51.6 STOP SCAN: 
2025/09/24 10:35:51.6    CycleTime (ms)    = 200
2025/09/24 10:35:51.6    CurrentCycle      = 25
2025/09/24 10:35:51.6    RunTime (ms)      = 4954
2025/09/24 10:35:51.6    AverageCycle (ms) = 198.2
2025/09/24 10:35:51.6    Temperature       = 30.0
2025/09/24 10:35:51.6    DATA OVERRUN %    = 0.00
2025/09/24 10:35:51.6    Spec PCB temps    = 40.3, 40.9, 40.9, 40.7, 40.9, 41.0, 39.2, 39.9
2025/09/24 10:35:51.6 
2025/09/24 10:35:51.7 Old State:16-cycle=25, Elapsed Time:    5.0,  Ideal Time:    4.8,  Delay time =   0.04  New State:ENGN_StateRunning_SamplingComplete
2025/09/24 10:35:51.8 Old State:18-ENGN_StateRunning_SamplingComplete New State:ENGN_StateRunning_WaitNewStep
2025/09/24 10:35:52.1 Old State:5-ENGN_StateRunning_WaitNewStep New State:ENGN_StateRunning_StartNewStep
2025/09/24 10:35:52.1 StartShaker(400)
2025/09/24 10:35:52.5 Old State:6-ENGN_StateRunning_StartNewStep New State:ENGN_StateRunning_WaitGoingToSample
2025/09/24 10:35:52.5 Sample96_Q(0, 0, 2)
2025/09/24 10:35:52.5 Temp: 2025/09/24 10:35:52, 30.0000
2025/09/24 10:35:52.6 
2025/09/24 10:35:52.6 START SCAN: 
2025/09/24 10:35:52.6    CycleTime (ms)    = 200
2025/09/24 10:35:52.6    CycleCount        = 600
2025/09/24 10:35:52.6    ScansToAverage    = 20
2025/09/24 10:35:52.6    FinishTime (s)    = 120
2025/09/24 10:35:52.6    Temperature       = 30.0
2025/09/24 10:35:52.6    Lamp Power        = 36
2025/09/24 10:35:52.6    Spec PCB temps    = 40.4, 40.9, 40.9, 40.7, 40.9, 41.0, 39.2, 39.9
2025/09/24 10:35:52.6 
2025/09/24 10:35:52.6 GMC_SetPosZ
2025/09/24 10:35:52.7 Old State:12-ENGN_StateRunning_WaitGoingToSample New State:ENGN_StateRunning_GoingToSample
2025/09/24 10:35:57.8 GMC_ServoHere
2025/09/24 10:35:57.9 GMC_SetPosXY
2025/09/24 10:35:59.6 GMC_SetPosZ
2025/09/24 10:36:02.2 Old State:13-ENGN_StateRunning_GoingToSample New State:ENGN_StateRunning_GoingToSampleComplete
2025/09/24 10:36:02.3 Old State:14-cycle=1, Elapsed Time:    0.0,  Ideal Time:    0.0,  Delay time =   0.00  New State:ENGN_StateRunning_WaitSampling
2025/09/24 10:36:02.3 Step started at: 10:35:52
2025/09/24 10:36:02.3 XYZ movement time  = 9633 ms + Scan start delay = 9641 ms
2025/09/24 10:36:02.4 Old State:15-ENGN_StateRunning_WaitSampling New State:ENGN_StateRunning_Sampling
2025/09/24 10:36:02.4 DFIO: Start writing C:\ForteBio\Yupeng\2025-09-24 SI-168M3 BP FB\250924_002.frd
2025/09/24 10:36:02.4 DFIO: Finished writing C:\ForteBio\Yupeng\2025-09-24 SI-168M3 BP FB\250924_002.frd
2025/09/24 10:36:02.4 DFIO: Finished writing C:\ForteBio\Yupeng\2025-09-24 SI-168M3 BP FB\250924_Manifest.fmx
2025/09/24 10:36:52.5 Temp: 2025/09/24 10:36:52, 30.0000
2025/09/24 10:37:52.5 Temp: 2025/09/24 10:37:52, 30.0000
2025/09/24 10:38:02.1 
2025/09/24 10:38:02.1 STOP SCAN: 
2025/09/24 10:38:02.1    CycleTime (ms)    = 200
2025/09/24 10:38:02.1    CurrentCycle      = 600
2025/09/24 10:38:02.1    RunTime (ms)      = 119956
2025/09/24 10:38:02.1    AverageCycle (ms) = 199.9
2025/09/24 10:38:02.1    Temperature       = 30.0
2025/09/24 10:38:02.1    DATA OVERRUN %    = 0.00
2025/09/24 10:38:02.1    Spec PCB temps    = 40.4, 40.9, 41.0, 40.7, 40.9, 41.0, 39.2, 39.9
2025/09/24 10:38:02.1 
2025/09/24 10:38:02.2 Old State:16-cycle=600, Elapsed Time:  120.0,  Ideal Time:  119.8,  Delay time =   0.05  New State:ENGN_StateRunning_SamplingComplete
2025/09/24 10:38:02.3 Old State:18-ENGN_StateRunning_SamplingComplete New State:ENGN_StateRunning_WaitNewStep
2025/09/24 10:38:02.6 Old State:5-ENGN_StateRunning_WaitNewStep New State:ENGN_StateRunning_StartNewStep
2025/09/24 10:38:02.6 StartShaker(400)
2025/09/24 10:38:02.9 Temp: 2025/09/24 10:38:02, 30.0000
2025/09/24 10:38:03.0 Old State:6-ENGN_StateRunning_StartNewStep New State:ENGN_StateRunning_WaitGoingToSample
2025/09/24 10:38:03.0 Sample96_Q(0, 0, 10)
2025/09/24 10:38:03.0 GMC_SetPosZ
2025/09/24 10:38:03.1 
2025/09/24 10:38:03.1 START SCAN: 
2025/09/24 10:38:03.1    CycleTime (ms)    = 200
2025/09/24 10:38:03.1    CycleCount        = 25
2025/09/24 10:38:03.1    ScansToAverage    = 20
2025/09/24 10:38:03.1    FinishTime (s)    = 5
2025/09/24 10:38:03.1    Temperature       = 30.0
2025/09/24 10:38:03.1    Lamp Power        = 36
2025/09/24 10:38:03.1    Spec PCB temps    = 40.4, 40.9, 40.9, 40.7, 40.9, 41.0, 39.2, 39.9
2025/09/24 10:38:03.1 
2025/09/24 10:38:03.1 Old State:12-ENGN_StateRunning_WaitGoingToSample New State:ENGN_StateRunning_GoingToSample
2025/09/24 10:38:05.5 GMC_ServoHere
2025/09/24 10:38:05.7 GMC_SetPosXY
2025/09/24 10:38:07.1 GMC_SetPosZ
2025/09/24 10:38:12.1 Old State:13-ENGN_StateRunning_GoingToSample New State:ENGN_StateRunning_GoingToSampleComplete
2025/09/24 10:38:12.2 Old State:14-cycle=1, Elapsed Time:    0.0,  Ideal Time:    0.0,  Delay time =   0.00  New State:ENGN_StateRunning_WaitSampling
2025/09/24 10:38:12.2 Step started at: 10:38:03
2025/09/24 10:38:12.2 XYZ movement time  = 9043 ms + Scan start delay = 9053 ms
2025/09/24 10:38:12.3 Old State:15-ENGN_StateRunning_WaitSampling New State:ENGN_StateRunning_Sampling
2025/09/24 10:38:17.0 
2025/09/24 10:38:17.0 STOP SCAN: 
2025/09/24 10:38:17.0    CycleTime (ms)    = 200
2025/09/24 10:38:17.0    CurrentCycle      = 25
2025/09/24 10:38:17.0    RunTime (ms)      = 4954
2025/09/24 10:38:17.0    AverageCycle (ms) = 198.2
2025/09/24 10:38:17.0    Temperature       = 30.0
2025/09/24 10:38:17.0    DATA OVERRUN %    = 0.00
2025/09/24 10:38:17.0    Spec PCB temps    = 40.4, 40.9, 40.9, 40.7, 40.9, 41.0, 39.2, 40.0
2025/09/24 10:38:17.0 
2025/09/24 10:38:17.1 Old State:16-cycle=25, Elapsed Time:    5.0,  Ideal Time:    4.8,  Delay time =   0.05  New State:ENGN_StateRunning_SamplingComplete
2025/09/24 10:38:17.3 Old State:18-ENGN_StateRunning_SamplingComplete New State:ENGN_StateRunning_WaitNewStep
2025/09/24 10:38:17.4 Old State:5-ENGN_StateRunning_WaitNewStep New State:ENGN_StateRunning_StartNewStep
2025/09/24 10:38:17.4 StartShaker(400)
2025/09/24 10:38:17.7 Temp: 2025/09/24 10:38:17, 30.0000
2025/09/24 10:38:17.7 Old State:6-ENGN_StateRunning_StartNewStep New State:ENGN_StateRunning_WaitGoingToSample
2025/09/24 10:38:17.7 Sample96_Q(0, 0, 11)
2025/09/24 10:38:17.8 
2025/09/24 10:38:17.8 START SCAN: 
2025/09/24 10:38:17.8    CycleTime (ms)    = 200
2025/09/24 10:38:17.8    CycleCount        = 25
2025/09/24 10:38:17.8    ScansToAverage    = 20
2025/09/24 10:38:17.8    FinishTime (s)    = 5
2025/09/24 10:38:17.8    Temperature       = 30.0
2025/09/24 10:38:17.8    Lamp Power        = 36
2025/09/24 10:38:17.8    Spec PCB temps    = 40.4, 40.9, 40.9, 40.7, 40.9, 41.0, 39.2, 39.9
2025/09/24 10:38:17.8 
2025/09/24 10:38:17.9 GMC_SetPosZ
2025/09/24 10:38:17.9 Old State:12-ENGN_StateRunning_WaitGoingToSample New State:ENGN_StateRunning_GoingToSample
2025/09/24 10:38:22.7 GMC_ServoHere
2025/09/24 10:38:22.9 GMC_SetPosXY
2025/09/24 10:38:23.2 GMC_SetPosZ
2025/09/24 10:38:28.7 Old State:13-cycle=1, Elapsed Time:    0.0,  Ideal Time:    0.0,  Delay time =   0.00  New State:ENGN_StateRunning_GoingToSampleComplete
2025/09/24 10:38:28.8 Old State:14-ENGN_StateRunning_GoingToSampleComplete New State:ENGN_StateRunning_WaitSampling
2025/09/24 10:38:28.8 Step started at: 10:38:17
2025/09/24 10:38:28.8 XYZ movement time  = 10775 ms + Scan start delay = 10710 ms
2025/09/24 10:38:28.9 Old State:15-ENGN_StateRunning_WaitSampling New State:ENGN_StateRunning_Sampling
2025/09/24 10:38:33.4 
2025/09/24 10:38:33.4 STOP SCAN: 
2025/09/24 10:38:33.4    CycleTime (ms)    = 200
2025/09/24 10:38:33.4    CurrentCycle      = 25
2025/09/24 10:38:33.4    RunTime (ms)      = 4951
2025/09/24 10:38:33.4    AverageCycle (ms) = 198.0
2025/09/24 10:38:33.4    Temperature       = 30.0
2025/09/24 10:38:33.4    DATA OVERRUN %    = 0.00
2025/09/24 10:38:33.4    Spec PCB temps    = 40.4, 40.9, 41.0, 40.7, 41.0, 41.0, 39.2, 40.0
2025/09/24 10:38:33.4 
2025/09/24 10:38:33.5 Old State:16-cycle=25, Elapsed Time:    5.0,  Ideal Time:    4.8,  Delay time =   0.04  New State:ENGN_StateRunning_SamplingComplete
2025/09/24 10:38:33.6 Old State:18-ENGN_StateRunning_SamplingComplete New State:ENGN_StateRunning_WaitNewStep
2025/09/24 10:38:33.9 Old State:5-ENGN_StateRunning_WaitNewStep New State:ENGN_StateRunning_StartNewStep
2025/09/24 10:38:33.9 StartShaker(400)
2025/09/24 10:38:34.1 Temp: 2025/09/24 10:38:34, 30.0000
2025/09/24 10:38:34.2 Old State:6-ENGN_StateRunning_StartNewStep New State:ENGN_StateRunning_WaitGoingToSample
2025/09/24 10:38:34.2 Sample96_Q(0, 0, 10)
2025/09/24 10:38:34.3 GMC_SetPosZ
2025/09/24 10:38:34.3 
2025/09/24 10:38:34.3 START SCAN: 
2025/09/24 10:38:34.3    CycleTime (ms)    = 200
2025/09/24 10:38:34.3    CycleCount        = 25
2025/09/24 10:38:34.3    ScansToAverage    = 20
2025/09/24 10:38:34.3    FinishTime (s)    = 5
2025/09/24 10:38:34.3    Temperature       = 30.0
2025/09/24 10:38:34.3    Lamp Power        = 36
2025/09/24 10:38:34.3    Spec PCB temps    = 40.4, 40.9, 41.0, 40.7, 40.9, 41.1, 39.2, 40.0
2025/09/24 10:38:34.3 
2025/09/24 10:38:34.4 Old State:12-ENGN_StateRunning_WaitGoingToSample New State:ENGN_StateRunning_GoingToSample
2025/09/24 10:38:39.5 GMC_ServoHere
2025/09/24 10:38:39.7 GMC_SetPosXY
2025/09/24 10:38:40.0 GMC_SetPosZ
2025/09/24 10:38:45.1 Old State:13-cycle=1, Elapsed Time:    0.0,  Ideal Time:    0.0,  Delay time =   0.00  New State:ENGN_StateRunning_GoingToSampleComplete
2025/09/24 10:38:45.2 Old State:14-ENGN_StateRunning_GoingToSampleComplete New State:ENGN_StateRunning_WaitSampling
2025/09/24 10:38:45.2 Step started at: 10:38:34
2025/09/24 10:38:45.2 XYZ movement time  = 10727 ms + Scan start delay = 10674 ms
2025/09/24 10:38:45.3 Old State:15-ENGN_StateRunning_WaitSampling New State:ENGN_StateRunning_Sampling
2025/09/24 10:38:49.9 
2025/09/24 10:38:49.9 STOP SCAN: 
2025/09/24 10:38:49.9    CycleTime (ms)    = 200
2025/09/24 10:38:49.9    CurrentCycle      = 25
2025/09/24 10:38:49.9    RunTime (ms)      = 4958
2025/09/24 10:38:49.9    AverageCycle (ms) = 198.3
2025/09/24 10:38:49.9    Temperature       = 30.0
2025/09/24 10:38:49.9    DATA OVERRUN %    = 0.00
2025/09/24 10:38:49.9    Spec PCB temps    = 40.4, 40.9, 41.0, 40.7, 40.9, 41.0, 39.2, 40.0
2025/09/24 10:38:49.9 
2025/09/24 10:38:50.0 Old State:16-cycle=25, Elapsed Time:    5.0,  Ideal Time:    4.8,  Delay time =   0.05  New State:ENGN_StateRunning_SamplingComplete
2025/09/24 10:38:50.1 Old State:18-ENGN_StateRunning_SamplingComplete New State:ENGN_StateRunning_WaitNewStep
2025/09/24 10:38:50.2 Old State:5-ENGN_StateRunning_WaitNewStep New State:ENGN_StateRunning_StartNewStep
2025/09/24 10:38:50.3 StartShaker(400)
2025/09/24 10:38:50.6 Old State:6-ENGN_StateRunning_StartNewStep New State:ENGN_StateRunning_WaitGoingToSample
2025/09/24 10:38:50.6 Sample96_Q(0, 0, 11)
2025/09/24 10:38:50.6 Temp: 2025/09/24 10:38:50, 30.0000
2025/09/24 10:38:50.6 GMC_SetPosZ
2025/09/24 10:38:50.7 
2025/09/24 10:38:50.7 START SCAN: 
2025/09/24 10:38:50.7    CycleTime (ms)    = 200
2025/09/24 10:38:50.7    CycleCount        = 25
2025/09/24 10:38:50.7    ScansToAverage    = 20
2025/09/24 10:38:50.7    FinishTime (s)    = 5
2025/09/24 10:38:50.7    Temperature       = 30.0
2025/09/24 10:38:50.7    Lamp Power        = 36
2025/09/24 10:38:50.7    Spec PCB temps    = 40.4, 40.9, 41.0, 40.7, 40.9, 41.0, 39.2, 39.9
2025/09/24 10:38:50.7 
2025/09/24 10:38:50.7 Old State:12-ENGN_StateRunning_WaitGoingToSample New State:ENGN_StateRunning_GoingToSample
2025/09/24 10:38:55.4 GMC_ServoHere
2025/09/24 10:38:55.6 GMC_SetPosXY
2025/09/24 10:38:56.0 GMC_SetPosZ
2025/09/24 10:39:01.4 Old State:13-cycle=1, Elapsed Time:    0.0,  Ideal Time:    0.0,  Delay time =   0.00  New State:ENGN_StateRunning_GoingToSampleComplete
2025/09/24 10:39:01.5 Old State:14-ENGN_StateRunning_GoingToSampleComplete New State:ENGN_StateRunning_WaitSampling
2025/09/24 10:39:01.5 Step started at: 10:38:50
2025/09/24 10:39:01.5 XYZ movement time  = 10647 ms + Scan start delay = 10579 ms
2025/09/24 10:39:01.6 Old State:15-ENGN_StateRunning_WaitSampling New State:ENGN_StateRunning_Sampling
2025/09/24 10:39:06.1 
2025/09/24 10:39:06.1 STOP SCAN: 
2025/09/24 10:39:06.1    CycleTime (ms)    = 200
2025/09/24 10:39:06.1    CurrentCycle      = 25
2025/09/24 10:39:06.1    RunTime (ms)      = 4950
2025/09/24 10:39:06.1    AverageCycle (ms) = 198.0
2025/09/24 10:39:06.1    Temperature       = 30.0
2025/09/24 10:39:06.1    DATA OVERRUN %    = 0.00
2025/09/24 10:39:06.1    Spec PCB temps    = 40.4, 40.9, 41.0, 40.7, 41.0, 41.1, 39.2, 40.0
2025/09/24 10:39:06.1 
2025/09/24 10:39:06.3 Old State:16-cycle=25, Elapsed Time:    5.0,  Ideal Time:    4.8,  Delay time =   0.05  New State:ENGN_StateRunning_SamplingComplete
2025/09/24 10:39:06.4 Old State:18-ENGN_StateRunning_SamplingComplete New State:ENGN_StateRunning_WaitNewStep
2025/09/24 10:39:06.8 Old State:5-ENGN_StateRunning_WaitNewStep New State:ENGN_StateRunning_StartNewStep
2025/09/24 10:39:06.9 StartShaker(400)
2025/09/24 10:39:07.1 Temp: 2025/09/24 10:39:07, 30.0000
2025/09/24 10:39:07.2 Old State:6-ENGN_StateRunning_StartNewStep New State:ENGN_StateRunning_WaitGoingToSample
2025/09/24 10:39:07.2 Sample96_Q(0, 0, 10)
2025/09/24 10:39:07.3 
2025/09/24 10:39:07.3 START SCAN: 
2025/09/24 10:39:07.3    CycleTime (ms)    = 200
2025/09/24 10:39:07.3    CycleCount        = 25
2025/09/24 10:39:07.3    ScansToAverage    = 20
2025/09/24 10:39:07.3    FinishTime (s)    = 5
2025/09/24 10:39:07.3    Temperature       = 30.0
2025/09/24 10:39:07.3    Lamp Power        = 36
2025/09/24 10:39:07.3    Spec PCB temps    = 40.4, 40.9, 41.0, 40.7, 41.0, 41.1, 39.2, 39.9
2025/09/24 10:39:07.3 
2025/09/24 10:39:07.3 GMC_SetPosZ
2025/09/24 10:39:07.4 Old State:12-ENGN_StateRunning_WaitGoingToSample New State:ENGN_StateRunning_GoingToSample
2025/09/24 10:39:12.5 GMC_ServoHere
2025/09/24 10:39:12.7 GMC_SetPosXY
2025/09/24 10:39:13.1 GMC_SetPosZ
2025/09/24 10:39:18.2 Old State:13-cycle=1, Elapsed Time:    0.0,  Ideal Time:    0.0,  Delay time =   0.00  New State:ENGN_StateRunning_GoingToSampleComplete
2025/09/24 10:39:18.3 Old State:14-ENGN_StateRunning_GoingToSampleComplete New State:ENGN_StateRunning_WaitSampling
2025/09/24 10:39:18.3 Step started at: 10:39:07
2025/09/24 10:39:18.3 XYZ movement time  = 10779 ms + Scan start delay = 10713 ms
2025/09/24 10:39:18.4 Old State:15-ENGN_StateRunning_WaitSampling New State:ENGN_StateRunning_Sampling
2025/09/24 10:39:22.9 
2025/09/24 10:39:22.9 STOP SCAN: 
2025/09/24 10:39:22.9    CycleTime (ms)    = 200
2025/09/24 10:39:22.9    CurrentCycle      = 25
2025/09/24 10:39:22.9    RunTime (ms)      = 4953
2025/09/24 10:39:22.9    AverageCycle (ms) = 198.1
2025/09/24 10:39:22.9    Temperature       = 30.0
2025/09/24 10:39:22.9    DATA OVERRUN %    = 0.00
2025/09/24 10:39:22.9    Spec PCB temps    = 40.4, 40.9, 41.0, 40.7, 41.0, 41.1, 39.2, 39.9
2025/09/24 10:39:22.9 
2025/09/24 10:39:23.0 Old State:16-cycle=25, Elapsed Time:    5.0,  Ideal Time:    4.8,  Delay time =   0.04  New State:ENGN_StateRunning_SamplingComplete
2025/09/24 10:39:23.2 Old State:18-ENGN_StateRunning_SamplingComplete New State:ENGN_StateRunning_WaitNewStep
2025/09/24 10:39:23.3 Old State:5-ENGN_StateRunning_WaitNewStep New State:ENGN_StateRunning_StartNewStep
2025/09/24 10:39:23.3 StartShaker(400)
2025/09/24 10:39:23.6 Temp: 2025/09/24 10:39:23, 30.0000
2025/09/24 10:39:23.6 Old State:6-ENGN_StateRunning_StartNewStep New State:ENGN_StateRunning_WaitGoingToSample
2025/09/24 10:39:23.6 Sample96_Q(0, 0, 11)
2025/09/24 10:39:23.7 
2025/09/24 10:39:23.7 START SCAN: 
2025/09/24 10:39:23.7    CycleTime (ms)    = 200
2025/09/24 10:39:23.7    CycleCount        = 25
2025/09/24 10:39:23.7    ScansToAverage    = 20
2025/09/24 10:39:23.7    FinishTime (s)    = 5
2025/09/24 10:39:23.7    Temperature       = 30.0
2025/09/24 10:39:23.7    Lamp Power        = 36
2025/09/24 10:39:23.7    Spec PCB temps    = 40.4, 40.9, 41.0, 40.7, 41.0, 41.0, 39.2, 39.9
2025/09/24 10:39:23.7 
2025/09/24 10:39:23.8 GMC_SetPosZ
2025/09/24 10:39:23.8 Old State:12-ENGN_StateRunning_WaitGoingToSample New State:ENGN_StateRunning_GoingToSample
2025/09/24 10:39:28.7 GMC_ServoHere
2025/09/24 10:39:28.8 GMC_SetPosXY
2025/09/24 10:39:29.2 GMC_SetPosZ
2025/09/24 10:39:34.6 Old State:13-cycle=1, Elapsed Time:    0.0,  Ideal Time:    0.0,  Delay time =   0.00  New State:ENGN_StateRunning_GoingToSampleComplete
2025/09/24 10:39:34.7 Old State:14-ENGN_StateRunning_GoingToSampleComplete New State:ENGN_StateRunning_WaitSampling
2025/09/24 10:39:34.7 Step started at: 10:39:23
2025/09/24 10:39:34.7 XYZ movement time  = 10797 ms + Scan start delay = 10768 ms
2025/09/24 10:39:34.8 Old State:15-ENGN_StateRunning_WaitSampling New State:ENGN_StateRunning_Sampling
2025/09/24 10:39:39.4 
2025/09/24 10:39:39.4 STOP SCAN: 
2025/09/24 10:39:39.4    CycleTime (ms)    = 200
2025/09/24 10:39:39.4    CurrentCycle      = 25
2025/09/24 10:39:39.4    RunTime (ms)      = 4974
2025/09/24 10:39:39.4    AverageCycle (ms) = 199.0
2025/09/24 10:39:39.4    Temperature       = 30.0
2025/09/24 10:39:39.4    DATA OVERRUN %    = 0.00
2025/09/24 10:39:39.4    Spec PCB temps    = 40.4, 40.9, 41.0, 40.7, 41.0, 41.1, 39.2, 40.0
2025/09/24 10:39:39.4 
2025/09/24 10:39:39.4 Old State:16-cycle=25, Elapsed Time:    5.0,  Ideal Time:    4.8,  Delay time =   0.05  New State:ENGN_StateRunning_SamplingComplete
2025/09/24 10:39:39.6 Old State:18-ENGN_StateRunning_SamplingComplete New State:ENGN_StateRunning_WaitNewStep
2025/09/24 10:39:39.7 Old State:5-ENGN_StateRunning_WaitNewStep New State:ENGN_StateRunning_StartNewStep
2025/09/24 10:39:39.7 StartShaker(400)
2025/09/24 10:39:40.0 Old State:6-ENGN_StateRunning_StartNewStep New State:ENGN_StateRunning_WaitGoingToSample
2025/09/24 10:39:40.0 Sample96_Q(0, 0, 3)
2025/09/24 10:39:40.0 Temp: 2025/09/24 10:39:40, 30.0000
2025/09/24 10:39:40.1 GMC_SetPosZ
2025/09/24 10:39:40.1 
2025/09/24 10:39:40.1 START SCAN: 
2025/09/24 10:39:40.1    CycleTime (ms)    = 200
2025/09/24 10:39:40.1    CycleCount        = 600
2025/09/24 10:39:40.1    ScansToAverage    = 20
2025/09/24 10:39:40.1    FinishTime (s)    = 120
2025/09/24 10:39:40.1    Temperature       = 30.0
2025/09/24 10:39:40.1    Lamp Power        = 36
2025/09/24 10:39:40.1    Spec PCB temps    = 40.4, 40.9, 40.9, 40.7, 41.0, 41.1, 39.2, 40.0
2025/09/24 10:39:40.1 
2025/09/24 10:39:40.2 Old State:12-ENGN_StateRunning_WaitGoingToSample New State:ENGN_StateRunning_GoingToSample
2025/09/24 10:39:45.3 GMC_ServoHere
2025/09/24 10:39:45.4 GMC_SetPosXY
2025/09/24 10:39:46.9 GMC_SetPosZ
2025/09/24 10:39:49.9 Old State:13-ENGN_StateRunning_GoingToSample New State:ENGN_StateRunning_GoingToSampleComplete
2025/09/24 10:39:50.0 DFIO: Start writing C:\ForteBio\Yupeng\2025-09-24 SI-168M3 BP FB\250924_003.frd
2025/09/24 10:39:50.0 DFIO: Finished writing C:\ForteBio\Yupeng\2025-09-24 SI-168M3 BP FB\250924_003.frd
2025/09/24 10:39:50.0 DFIO: Finished writing C:\ForteBio\Yupeng\2025-09-24 SI-168M3 BP FB\250924_Manifest.fmx
2025/09/24 10:39:50.1 Old State:14-cycle=1, Elapsed Time:    0.0,  Ideal Time:    0.0,  Delay time =   0.00  New State:ENGN_StateRunning_WaitSampling
2025/09/24 10:39:50.1 Step started at: 10:39:40
2025/09/24 10:39:50.1 XYZ movement time  = 9793 ms + Scan start delay = 9765 ms
2025/09/24 10:39:50.2 Old State:15-ENGN_StateRunning_WaitSampling New State:ENGN_StateRunning_Sampling
2025/09/24 10:40:40.1 Temp: 2025/09/24 10:40:40, 30.0000
2025/09/24 10:41:40.1 Temp: 2025/09/24 10:41:40, 30.0000
2025/09/24 10:41:49.8 
2025/09/24 10:41:49.8 STOP SCAN: 
2025/09/24 10:41:49.8    CycleTime (ms)    = 200
2025/09/24 10:41:49.8    CurrentCycle      = 600
2025/09/24 10:41:49.8    RunTime (ms)      = 119962
2025/09/24 10:41:49.8    AverageCycle (ms) = 199.9
2025/09/24 10:41:49.8    Temperature       = 30.0
2025/09/24 10:41:49.8    DATA OVERRUN %    = 0.00
2025/09/24 10:41:49.8    Spec PCB temps    = 40.4, 40.9, 41.0, 40.7, 41.0, 41.0, 39.2, 39.9
2025/09/24 10:41:49.8 
2025/09/24 10:41:49.8 Old State:16-cycle=600, Elapsed Time:  120.0,  Ideal Time:  119.8,  Delay time =   0.04  New State:ENGN_StateRunning_SamplingComplete
2025/09/24 10:41:50.0 Old State:18-ENGN_StateRunning_SamplingComplete New State:ENGN_StateRunning_WaitEjecting
2025/09/24 10:41:50.0 EJECT: To Tray, position=8,0
2025/09/24 10:41:50.0    EjectOffset = 10.0
2025/09/24 10:41:50.1 GMC_SetPosZ
2025/09/24 10:41:50.2 Old State:19-ENGN_StateRunning_WaitEjecting New State:ENGN_StateRunning_Ejecting
2025/09/24 10:41:52.8 GMC_ServoHere
2025/09/24 10:41:53.0 GMC_SetPosXY
2025/09/24 10:41:55.1 GMC_SetPosZ
2025/09/24 10:41:59.3 GMC_Eject
2025/09/24 10:41:59.3 EJECTOR: Eject
2025/09/24 10:42:08.1 GMC_HomeZ
2025/09/24 10:42:13.6 GMC_SetPosZ
2025/09/24 10:42:13.9 GMC_ServoHere
2025/09/24 10:42:14.1 GMC_SetPosZ
2025/09/24 10:42:14.2 GMC_ServoHere
2025/09/24 10:42:14.4 GMC_SetPosXY
2025/09/24 10:42:16.5 GMC_SetPosZ
2025/09/24 10:42:16.9 Old State:20-ENGN_StateRunning_Ejecting New State:ENGN_StateRunning_EjectingComplete
2025/09/24 10:42:17.0 Old State:21-ENGN_StateRunning_EjectingComplete New State:ENGN_StateRunning_Finished
2025/09/24 10:42:17.0 StopShaker
2025/09/24 10:42:17.1 Old State:22-ENGN_StateRunning_Finished New State:ENGN_State_SystemReady
2025/09/24 10:42:17.2 Temp: 2025/09/24 10:42:17, 30.0000
2025/09/24 10:42:17.2 
2025/09/24 10:42:17.2 ASSAY SUMMARY:
2025/09/24 10:42:17.2 ==============
2025/09/24 10:42:17.2   Step #   Duration   Cycles  Overrun %
2025/09/24 10:42:17.2        1       4      25    0.00
2025/09/24 10:42:17.2        2       4      25    0.00
2025/09/24 10:42:17.2        3       4      25    0.00
2025/09/24 10:42:17.2        4       4      25    0.00
2025/09/24 10:42:17.2        5       4      25    0.00
2025/09/24 10:42:17.2        6       4      25    0.00
2025/09/24 10:42:17.2        7     119     600    0.00
2025/09/24 10:42:17.2        8       4      25    0.00
2025/09/24 10:42:17.2        9       4      25    0.00
2025/09/24 10:42:17.2       10       4      25    0.00
2025/09/24 10:42:17.2       11       4      25    0.00
2025/09/24 10:42:17.2       12       4      25    0.00
2025/09/24 10:42:17.2       13       4      25    0.00
2025/09/24 10:42:17.2       14     119     600    0.00
2025/09/24 10:42:17.2       15       4      25    0.00
2025/09/24 10:42:17.2       16       4      25    0.00
2025/09/24 10:42:17.2       17       4      25    0.00
2025/09/24 10:42:17.2       18       4      25    0.00
2025/09/24 10:42:17.2       19       4      25    0.00
2025/09/24 10:42:17.2       20       4      25    0.00
2025/09/24 10:42:17.2       21     119     600    0.00
2025/09/24 10:42:17.2       22       4      25    0.00
2025/09/24 10:42:17.2       23       4      25    0.00
2025/09/24 10:42:17.2       24       4      25    0.00
2025/09/24 10:42:17.2       25       4      25    0.00
2025/09/24 10:42:17.2       26       4      25    0.00
2025/09/24 10:42:17.2       27       4      25    0.00
2025/09/24 10:42:17.2       28     119     600    0.00
2025/09/24 10:42:17.2 -------------------------------------------
2025/09/24 10:42:17.2    Total     598    3000    0.00
2025/09/24 10:42:17.3 DFIO: Start writing C:\ForteBio\Yupeng\2025-09-24 SI-168M3 BP FB\250924_004.frd
2025/09/24 10:42:17.3 DFIO: Finished writing C:\ForteBio\Yupeng\2025-09-24 SI-168M3 BP FB\250924_004.frd
2025/09/24 10:42:17.3 DFIO: Finished writing C:\ForteBio\Yupeng\2025-09-24 SI-168M3 BP FB\250924_Manifest.fmx
2025/09/24 10:51:31.4 SetHeaterTemperature 30.0
2025/09/24 10:51:31.6 Temp: 2025/09/24 10:51:31, 30.0000
2025/09/24 10:51:31.6 bShakeWhileWaiting=1, nShakerRPM=400
2025/09/24 10:51:31.6 DELAYED START: Waiting for 600 s
2025/09/24 10:51:31.7 GMC_SetPosZ
2025/09/24 10:51:31.7 Old State:4-ENGN_State_SystemReady New State:ENGN_State_ControllerBusy
2025/09/24 10:51:31.9 GMC_ServoHere
2025/09/24 10:51:32.0 GMC_SetPosXY
2025/09/24 10:51:32.2 GMC_SetPosZ
2025/09/24 10:51:32.6 Old State:29-ENGN_State_ControllerBusy New State:ENGN_State_ControllerDone
2025/09/24 10:51:32.7 StartShaker(400)
2025/09/24 10:51:32.7 Old State:30-ENGN_State_ControllerDone New State:ENGN_State_SystemReady
2025/09/24 10:51:33.8 Starting new assay
2025/09/24 10:51:34.0 Old State:4-ENGN_State_SystemReady New State:ENGN_StateRunning_StartNewStep
2025/09/24 10:51:34.0 Plate 1 temperature = 30 C
2025/09/24 10:51:34.1 Old State:6-ENGN_StateRunning_StartNewStep New State:ENGN_StateRunning_WaitPickingSensors
2025/09/24 10:51:34.1 Pick(0, 8)
2025/09/24 10:51:34.2 Temp: 2025/09/24 10:51:34, 30.0000
2025/09/24 10:51:34.2 GMC_SetPosZ
2025/09/24 10:51:34.3 Old State:7-ENGN_StateRunning_WaitPickingSensors New State:ENGN_StateRunning_PickingSensors
2025/09/24 10:51:34.4 GMC_ServoHere
2025/09/24 10:51:34.6 GMC_SetPosXY
2025/09/24 10:51:36.7 GMC_SetPosZ
2025/09/24 10:51:42.3 GMC_SetPosZ
2025/09/24 10:51:42.7 Old State:8-ENGN_StateRunning_PickingSensors New State:ENGN_StateRunning_CheckingSensors
2025/09/24 10:51:42.9 
2025/09/24 10:51:42.9 Detect Sensors
2025/09/24 10:51:42.9 ==============
2025/09/24 10:51:42.9 1	YES		6.6	5945.2
2025/09/24 10:51:42.9 2	NO 		6.2	8.7
2025/09/24 10:51:42.9 3	NO 		6.2	8.5
2025/09/24 10:51:42.9 4	NO 		6.2	8.6
2025/09/24 10:51:42.9 5	NO 		5.8	8.3
2025/09/24 10:51:42.9 6	NO 		6.8	8.9
2025/09/24 10:51:42.9 7	NO 		6.1	8.6
2025/09/24 10:51:42.9 8	NO 		6.6	9.1
2025/09/24 10:51:42.9 
2025/09/24 10:51:43.0 CH1: Correction Factor = 2.3887
2025/09/24 10:51:43.2 CH1: Correction Factor = 1.07578
2025/09/24 10:51:43.4 CH1: Correction Factor = 1.00954
2025/09/24 10:51:43.5 CH1: Correction Factor = 1.00016
2025/09/24 10:51:43.7 CH1: Correction Factor = 0.99981
2025/09/24 10:51:43.8 CH1: Correction Factor = 0.999757
2025/09/24 10:51:43.8 Sensor 1: Integration Time = 2.59 ms
2025/09/24 10:51:43.8 WaitControllerIdle(30000)
2025/09/24 10:51:43.8 GMC_HomeZ
2025/09/24 10:51:50.4 GMC_SetPosZ
2025/09/24 10:51:50.8 GMC_ServoHere
2025/09/24 10:51:51.1 Old State:9-ENGN_StateRunning_CheckingSensors New State:ENGN_StateRunning_PickingSensorsComplete
2025/09/24 10:51:51.1 StartShaker(400)
2025/09/24 10:51:51.1 Integration Time: 2.59,1.00,1.00,1.00,1.00,1.00,1.00,1.00,
2025/09/24 10:51:51.4 Plate 1 temperature = 30 C
2025/09/24 10:51:51.4 Pickups: 3010, Warn: 90, Error: 100
2025/09/24 10:51:51.4 Old State:10-ENGN_StateRunning_PickingSensorsComplete New State:ENGN_StateRunning_WaitGoingToSample
2025/09/24 10:51:51.4 Sample96_Q(0, 0, 10)
2025/09/24 10:51:51.5 
2025/09/24 10:51:51.5 START SCAN: 
2025/09/24 10:51:51.5    CycleTime (ms)    = 200
2025/09/24 10:51:51.5    CycleCount        = 25
2025/09/24 10:51:51.5    ScansToAverage    = 20
2025/09/24 10:51:51.5    FinishTime (s)    = 5
2025/09/24 10:51:51.5    Temperature       = 30.0
2025/09/24 10:51:51.5    Lamp Power        = 36
2025/09/24 10:51:51.5    Spec PCB temps    = 40.2, 40.9, 40.9, 40.7, 40.9, 41.0, 39.1, 40.0
2025/09/24 10:51:51.5 
2025/09/24 10:51:51.5 GMC_SetPosZ
2025/09/24 10:51:51.6 Old State:12-ENGN_StateRunning_WaitGoingToSample New State:ENGN_StateRunning_GoingToSample
2025/09/24 10:51:51.7 GMC_ServoHere
2025/09/24 10:51:51.9 GMC_SetPosXY
2025/09/24 10:51:54.0 GMC_SetPosZ
2025/09/24 10:51:59.0 Old State:13-ENGN_StateRunning_GoingToSample New State:ENGN_StateRunning_GoingToSampleComplete
2025/09/24 10:51:59.1 Old State:14-cycle=1, Elapsed Time:    0.0,  Ideal Time:    0.0,  Delay time =   0.00  New State:ENGN_StateRunning_WaitSampling
2025/09/24 10:51:59.1 Step started at: 10:51:51
2025/09/24 10:51:59.1 XYZ movement time  = 7532 ms + Scan start delay = 7504 ms
2025/09/24 10:51:59.2 Old State:15-ENGN_StateRunning_WaitSampling New State:ENGN_StateRunning_Sampling
2025/09/24 10:52:03.9 
2025/09/24 10:52:03.9 STOP SCAN: 
2025/09/24 10:52:03.9    CycleTime (ms)    = 200
2025/09/24 10:52:03.9    CurrentCycle      = 25
2025/09/24 10:52:03.9    RunTime (ms)      = 4952
2025/09/24 10:52:03.9    AverageCycle (ms) = 198.1
2025/09/24 10:52:03.9    Temperature       = 30.0
2025/09/24 10:52:03.9    DATA OVERRUN %    = 0.00
2025/09/24 10:52:03.9    Spec PCB temps    = 40.2, 40.9, 40.9, 40.7, 40.9, 41.1, 39.1, 39.9
2025/09/24 10:52:03.9 
2025/09/24 10:52:04.0 Old State:16-cycle=25, Elapsed Time:    5.0,  Ideal Time:    4.8,  Delay time =   0.05  New State:ENGN_StateRunning_SamplingComplete
2025/09/24 10:52:04.1 Old State:18-ENGN_StateRunning_SamplingComplete New State:ENGN_StateRunning_WaitNewStep
2025/09/24 10:52:04.3 Old State:5-ENGN_StateRunning_WaitNewStep New State:ENGN_StateRunning_StartNewStep
2025/09/24 10:52:04.4 StartShaker(400)
2025/09/24 10:52:04.7 Old State:6-ENGN_StateRunning_StartNewStep New State:ENGN_StateRunning_WaitGoingToSample
2025/09/24 10:52:04.7 Sample96_Q(0, 0, 11)
2025/09/24 10:52:04.7 Temp: 2025/09/24 10:52:04, 30.0000
2025/09/24 10:52:04.8 GMC_SetPosZ
2025/09/24 10:52:04.8 
2025/09/24 10:52:04.8 START SCAN: 
2025/09/24 10:52:04.8    CycleTime (ms)    = 200
2025/09/24 10:52:04.8    CycleCount        = 25
2025/09/24 10:52:04.8    ScansToAverage    = 20
2025/09/24 10:52:04.8    FinishTime (s)    = 5
2025/09/24 10:52:04.8    Temperature       = 30.0
2025/09/24 10:52:04.8    Lamp Power        = 36
2025/09/24 10:52:04.8    Spec PCB temps    = 40.2, 40.9, 40.9, 40.7, 40.9, 41.0, 39.1, 39.9
2025/09/24 10:52:04.8 
2025/09/24 10:52:04.8 Old State:12-ENGN_StateRunning_WaitGoingToSample New State:ENGN_StateRunning_GoingToSample
2025/09/24 10:52:09.6 GMC_ServoHere
2025/09/24 10:52:09.7 GMC_SetPosXY
2025/09/24 10:52:10.1 GMC_SetPosZ
2025/09/24 10:52:15.3 Old State:13-ENGN_StateRunning_GoingToSample New State:ENGN_StateRunning_GoingToSampleComplete
2025/09/24 10:52:15.5 Old State:14-cycle=1, Elapsed Time:    0.0,  Ideal Time:    0.0,  Delay time =   0.00  New State:ENGN_StateRunning_WaitSampling
2025/09/24 10:52:15.5 Step started at: 10:52:04
2025/09/24 10:52:15.5 XYZ movement time  = 10507 ms + Scan start delay = 10516 ms
2025/09/24 10:52:15.6 Old State:15-ENGN_StateRunning_WaitSampling New State:ENGN_StateRunning_Sampling
2025/09/24 10:52:20.2 
2025/09/24 10:52:20.2 STOP SCAN: 
2025/09/24 10:52:20.2    CycleTime (ms)    = 200
2025/09/24 10:52:20.2    CurrentCycle      = 25
2025/09/24 10:52:20.2    RunTime (ms)      = 4951
2025/09/24 10:52:20.2    AverageCycle (ms) = 198.0
2025/09/24 10:52:20.2    Temperature       = 30.0
2025/09/24 10:52:20.2    DATA OVERRUN %    = 0.00
2025/09/24 10:52:20.2    Spec PCB temps    = 40.2, 40.9, 40.9, 40.7, 40.9, 41.1, 39.1, 40.0
2025/09/24 10:52:20.2 
2025/09/24 10:52:20.3 Old State:16-cycle=25, Elapsed Time:    5.0,  Ideal Time:    4.8,  Delay time =   0.05  New State:ENGN_StateRunning_SamplingComplete
2025/09/24 10:52:20.4 Old State:18-ENGN_StateRunning_SamplingComplete New State:ENGN_StateRunning_WaitNewStep
2025/09/24 10:52:20.6 Old State:5-ENGN_StateRunning_WaitNewStep New State:ENGN_StateRunning_StartNewStep
2025/09/24 10:52:20.6 StartShaker(400)
2025/09/24 10:52:20.8 Temp: 2025/09/24 10:52:20, 30.0000
2025/09/24 10:52:20.9 Old State:6-ENGN_StateRunning_StartNewStep New State:ENGN_StateRunning_WaitGoingToSample
2025/09/24 10:52:20.9 Sample96_Q(0, 0, 10)
2025/09/24 10:52:21.0 
2025/09/24 10:52:21.0 START SCAN: 
2025/09/24 10:52:21.0    CycleTime (ms)    = 200
2025/09/24 10:52:21.0    CycleCount        = 25
2025/09/24 10:52:21.0    ScansToAverage    = 20
2025/09/24 10:52:21.0    FinishTime (s)    = 5
2025/09/24 10:52:21.0    Temperature       = 30.0
2025/09/24 10:52:21.0    Lamp Power        = 36
2025/09/24 10:52:21.0    Spec PCB temps    = 40.2, 40.9, 40.9, 40.7, 40.9, 41.1, 39.1, 39.9
2025/09/24 10:52:21.0 
2025/09/24 10:52:21.0 GMC_SetPosZ
2025/09/24 10:52:21.1 Old State:12-ENGN_StateRunning_WaitGoingToSample New State:ENGN_StateRunning_GoingToSample
2025/09/24 10:52:26.2 GMC_ServoHere
2025/09/24 10:52:26.4 GMC_SetPosXY
2025/09/24 10:52:26.7 GMC_SetPosZ
2025/09/24 10:52:31.9 Old State:13-cycle=1, Elapsed Time:    0.0,  Ideal Time:    0.0,  Delay time =   0.00  New State:ENGN_StateRunning_GoingToSampleComplete
2025/09/24 10:52:32.0 Old State:14-ENGN_StateRunning_GoingToSampleComplete New State:ENGN_StateRunning_WaitSampling
2025/09/24 10:52:32.0 Step started at: 10:52:21
2025/09/24 10:52:32.0 XYZ movement time  = 10793 ms + Scan start delay = 10741 ms
2025/09/24 10:52:32.1 Old State:15-ENGN_StateRunning_WaitSampling New State:ENGN_StateRunning_Sampling
2025/09/24 10:52:36.6 
2025/09/24 10:52:36.6 STOP SCAN: 
2025/09/24 10:52:36.6    CycleTime (ms)    = 200
2025/09/24 10:52:36.6    CurrentCycle      = 25
2025/09/24 10:52:36.6    RunTime (ms)      = 4950
2025/09/24 10:52:36.6    AverageCycle (ms) = 198.0
2025/09/24 10:52:36.6    Temperature       = 30.0
2025/09/24 10:52:36.6    DATA OVERRUN %    = 0.00
2025/09/24 10:52:36.6    Spec PCB temps    = 40.2, 40.9, 40.9, 40.7, 40.9, 41.1, 39.1, 39.9
2025/09/24 10:52:36.6 
2025/09/24 10:52:36.7 Old State:16-cycle=25, Elapsed Time:    5.0,  Ideal Time:    4.8,  Delay time =   0.05  New State:ENGN_StateRunning_SamplingComplete
2025/09/24 10:52:36.9 Old State:18-ENGN_StateRunning_SamplingComplete New State:ENGN_StateRunning_WaitNewStep
2025/09/24 10:52:37.0 Old State:5-ENGN_StateRunning_WaitNewStep New State:ENGN_StateRunning_StartNewStep
2025/09/24 10:52:37.0 StartShaker(400)
2025/09/24 10:52:37.3 Old State:6-ENGN_StateRunning_StartNewStep New State:ENGN_StateRunning_WaitGoingToSample
2025/09/24 10:52:37.3 Sample96_Q(0, 0, 11)
2025/09/24 10:52:37.3 Temp: 2025/09/24 10:52:37, 30.0000
2025/09/24 10:52:37.4 GMC_SetPosZ
2025/09/24 10:52:37.4 
2025/09/24 10:52:37.4 START SCAN: 
2025/09/24 10:52:37.4    CycleTime (ms)    = 200
2025/09/24 10:52:37.4    CycleCount        = 25
2025/09/24 10:52:37.4    ScansToAverage    = 20
2025/09/24 10:52:37.4    FinishTime (s)    = 5
2025/09/24 10:52:37.4    Temperature       = 30.0
2025/09/24 10:52:37.4    Lamp Power        = 36
2025/09/24 10:52:37.4    Spec PCB temps    = 40.2, 40.9, 40.9, 40.7, 40.9, 41.1, 39.1, 39.9
2025/09/24 10:52:37.4 
2025/09/24 10:52:37.5 Old State:12-ENGN_StateRunning_WaitGoingToSample New State:ENGN_StateRunning_GoingToSample
2025/09/24 10:52:42.1 GMC_ServoHere
2025/09/24 10:52:42.3 GMC_SetPosXY
2025/09/24 10:52:42.7 GMC_SetPosZ
2025/09/24 10:52:47.9 Old State:13-ENGN_StateRunning_GoingToSample New State:ENGN_StateRunning_GoingToSampleComplete
2025/09/24 10:52:48.1 Old State:14-cycle=1, Elapsed Time:    0.0,  Ideal Time:    0.0,  Delay time =   0.00  New State:ENGN_StateRunning_WaitSampling
2025/09/24 10:52:48.1 Step started at: 10:52:37
2025/09/24 10:52:48.1 XYZ movement time  = 10568 ms + Scan start delay = 10569 ms
2025/09/24 10:52:48.2 Old State:15-ENGN_StateRunning_WaitSampling New State:ENGN_StateRunning_Sampling
2025/09/24 10:52:52.8 
2025/09/24 10:52:52.8 STOP SCAN: 
2025/09/24 10:52:52.8    CycleTime (ms)    = 200
2025/09/24 10:52:52.8    CurrentCycle      = 25
2025/09/24 10:52:52.8    RunTime (ms)      = 4952
2025/09/24 10:52:52.8    AverageCycle (ms) = 198.1
2025/09/24 10:52:52.8    Temperature       = 30.0
2025/09/24 10:52:52.8    DATA OVERRUN %    = 0.00
2025/09/24 10:52:52.8    Spec PCB temps    = 40.2, 40.9, 40.9, 40.7, 40.9, 41.1, 39.1, 40.0
2025/09/24 10:52:52.8 
2025/09/24 10:52:52.9 Old State:16-cycle=25, Elapsed Time:    5.0,  Ideal Time:    4.8,  Delay time =   0.05  New State:ENGN_StateRunning_SamplingComplete
2025/09/24 10:52:53.0 Old State:18-ENGN_StateRunning_SamplingComplete New State:ENGN_StateRunning_WaitNewStep
2025/09/24 10:52:53.1 Old State:5-ENGN_StateRunning_WaitNewStep New State:ENGN_StateRunning_StartNewStep
2025/09/24 10:52:53.1 StartShaker(400)
2025/09/24 10:52:53.5 Temp: 2025/09/24 10:52:53, 30.0000
2025/09/24 10:52:53.5 Old State:6-ENGN_StateRunning_StartNewStep New State:ENGN_StateRunning_WaitGoingToSample
2025/09/24 10:52:53.5 Sample96_Q(0, 0, 10)
2025/09/24 10:52:53.6 
2025/09/24 10:52:53.6 START SCAN: 
2025/09/24 10:52:53.6    CycleTime (ms)    = 200
2025/09/24 10:52:53.6    CycleCount        = 25
2025/09/24 10:52:53.6    ScansToAverage    = 20
2025/09/24 10:52:53.6    FinishTime (s)    = 5
2025/09/24 10:52:53.6    Temperature       = 30.0
2025/09/24 10:52:53.6    Lamp Power        = 36
2025/09/24 10:52:53.6    Spec PCB temps    = 40.2, 40.9, 40.9, 40.7, 40.9, 41.1, 39.1, 39.9
2025/09/24 10:52:53.6 
2025/09/24 10:52:53.6 GMC_SetPosZ
2025/09/24 10:52:53.6 Old State:12-ENGN_StateRunning_WaitGoingToSample New State:ENGN_StateRunning_GoingToSample
2025/09/24 10:52:58.7 GMC_ServoHere
2025/09/24 10:52:58.9 GMC_SetPosXY
2025/09/24 10:52:59.3 GMC_SetPosZ
2025/09/24 10:53:04.4 Old State:13-cycle=1, Elapsed Time:    0.0,  Ideal Time:    0.0,  Delay time =   0.00  New State:ENGN_StateRunning_GoingToSampleComplete
2025/09/24 10:53:04.5 Old State:14-ENGN_StateRunning_GoingToSampleComplete New State:ENGN_StateRunning_WaitSampling
2025/09/24 10:53:04.5 Step started at: 10:52:53
2025/09/24 10:53:04.5 XYZ movement time  = 10742 ms + Scan start delay = 10677 ms
2025/09/24 10:53:04.6 Old State:15-ENGN_StateRunning_WaitSampling New State:ENGN_StateRunning_Sampling
2025/09/24 10:53:09.1 
2025/09/24 10:53:09.1 STOP SCAN: 
2025/09/24 10:53:09.1    CycleTime (ms)    = 200
2025/09/24 10:53:09.1    CurrentCycle      = 25
2025/09/24 10:53:09.1    RunTime (ms)      = 4951
2025/09/24 10:53:09.1    AverageCycle (ms) = 198.0
2025/09/24 10:53:09.1    Temperature       = 30.0
2025/09/24 10:53:09.1    DATA OVERRUN %    = 0.00
2025/09/24 10:53:09.1    Spec PCB temps    = 40.2, 40.9, 40.9, 40.7, 40.9, 41.1, 39.1, 39.9
2025/09/24 10:53:09.1 
2025/09/24 10:53:09.2 Old State:16-cycle=25, Elapsed Time:    5.0,  Ideal Time:    4.8,  Delay time =   0.05  New State:ENGN_StateRunning_SamplingComplete
2025/09/24 10:53:09.4 Old State:18-ENGN_StateRunning_SamplingComplete New State:ENGN_StateRunning_WaitNewStep
2025/09/24 10:53:09.6 Old State:5-ENGN_StateRunning_WaitNewStep New State:ENGN_StateRunning_StartNewStep
2025/09/24 10:53:09.6 StartShaker(400)
2025/09/24 10:53:09.9 Temp: 2025/09/24 10:53:09, 30.0000
2025/09/24 10:53:09.9 Old State:6-ENGN_StateRunning_StartNewStep New State:ENGN_StateRunning_WaitGoingToSample
2025/09/24 10:53:09.9 Sample96_Q(0, 0, 11)
2025/09/24 10:53:10.0 GMC_SetPosZ
2025/09/24 10:53:10.0 
2025/09/24 10:53:10.0 START SCAN: 
2025/09/24 10:53:10.0    CycleTime (ms)    = 200
2025/09/24 10:53:10.0    CycleCount        = 25
2025/09/24 10:53:10.0    ScansToAverage    = 20
2025/09/24 10:53:10.0    FinishTime (s)    = 5
2025/09/24 10:53:10.0    Temperature       = 30.0
2025/09/24 10:53:10.0    Lamp Power        = 36
2025/09/24 10:53:10.0    Spec PCB temps    = 40.2, 40.9, 40.9, 40.7, 40.9, 41.0, 39.1, 40.0
2025/09/24 10:53:10.0 
2025/09/24 10:53:10.1 Old State:12-ENGN_StateRunning_WaitGoingToSample New State:ENGN_StateRunning_GoingToSample
2025/09/24 10:53:14.8 GMC_ServoHere
2025/09/24 10:53:15.0 GMC_SetPosXY
2025/09/24 10:53:15.4 GMC_SetPosZ
2025/09/24 10:53:20.8 Old State:13-cycle=1, Elapsed Time:    0.0,  Ideal Time:    0.0,  Delay time =   0.00  New State:ENGN_StateRunning_GoingToSampleComplete
2025/09/24 10:53:20.9 Old State:14-ENGN_StateRunning_GoingToSampleComplete New State:ENGN_StateRunning_WaitSampling
2025/09/24 10:53:20.9 Step started at: 10:53:10
2025/09/24 10:53:20.9 XYZ movement time  = 10650 ms + Scan start delay = 10644 ms
2025/09/24 10:53:21.0 Old State:15-ENGN_StateRunning_WaitSampling New State:ENGN_StateRunning_Sampling
2025/09/24 10:53:25.5 
2025/09/24 10:53:25.5 STOP SCAN: 
2025/09/24 10:53:25.5    CycleTime (ms)    = 200
2025/09/24 10:53:25.5    CurrentCycle      = 25
2025/09/24 10:53:25.5    RunTime (ms)      = 4956
2025/09/24 10:53:25.5    AverageCycle (ms) = 198.2
2025/09/24 10:53:25.5    Temperature       = 30.0
2025/09/24 10:53:25.5    DATA OVERRUN %    = 0.00
2025/09/24 10:53:25.5    Spec PCB temps    = 40.2, 40.9, 40.9, 40.7, 40.9, 41.0, 39.1, 40.0
2025/09/24 10:53:25.5 
2025/09/24 10:53:25.6 Old State:16-cycle=25, Elapsed Time:    5.0,  Ideal Time:    4.8,  Delay time =   0.05  New State:ENGN_StateRunning_SamplingComplete
2025/09/24 10:53:25.8 Old State:18-ENGN_StateRunning_SamplingComplete New State:ENGN_StateRunning_WaitNewStep
2025/09/24 10:53:26.1 Old State:5-ENGN_StateRunning_WaitNewStep New State:ENGN_StateRunning_StartNewStep
2025/09/24 10:53:26.1 StartShaker(400)
2025/09/24 10:53:26.4 Temp: 2025/09/24 10:53:26, 30.0000
2025/09/24 10:53:26.4 Old State:6-ENGN_StateRunning_StartNewStep New State:ENGN_StateRunning_WaitGoingToSample
2025/09/24 10:53:26.4 Sample96_Q(0, 0, 0)
2025/09/24 10:53:26.5 GMC_SetPosZ
2025/09/24 10:53:26.5 
2025/09/24 10:53:26.5 START SCAN: 
2025/09/24 10:53:26.5    CycleTime (ms)    = 200
2025/09/24 10:53:26.5    CycleCount        = 600
2025/09/24 10:53:26.5    ScansToAverage    = 20
2025/09/24 10:53:26.5    FinishTime (s)    = 120
2025/09/24 10:53:26.5    Temperature       = 30.0
2025/09/24 10:53:26.5    Lamp Power        = 36
2025/09/24 10:53:26.5    Spec PCB temps    = 40.2, 40.9, 40.9, 40.7, 40.9, 41.0, 39.1, 39.9
2025/09/24 10:53:26.5 
2025/09/24 10:53:26.6 Old State:12-ENGN_StateRunning_WaitGoingToSample New State:ENGN_StateRunning_GoingToSample
2025/09/24 10:53:31.6 GMC_ServoHere
2025/09/24 10:53:31.7 GMC_SetPosXY
2025/09/24 10:53:33.5 GMC_SetPosZ
2025/09/24 10:53:35.7 Old State:13-ENGN_StateRunning_GoingToSample New State:ENGN_StateRunning_GoingToSampleComplete
2025/09/24 10:53:35.8 Old State:14-cycle=1, Elapsed Time:    0.0,  Ideal Time:    0.0,  Delay time =   0.00  New State:ENGN_StateRunning_WaitSampling
2025/09/24 10:53:35.8 Step started at: 10:53:26
2025/09/24 10:53:35.8 XYZ movement time  = 9208 ms + Scan start delay = 9164 ms
2025/09/24 10:53:35.9 Old State:15-ENGN_StateRunning_WaitSampling New State:ENGN_StateRunning_Sampling
2025/09/24 10:54:26.4 Temp: 2025/09/24 10:54:26, 30.0000
2025/09/24 10:55:26.5 Temp: 2025/09/24 10:55:26, 30.0000
2025/09/24 10:55:35.5 
2025/09/24 10:55:35.5 STOP SCAN: 
2025/09/24 10:55:35.5    CycleTime (ms)    = 200
2025/09/24 10:55:35.5    CurrentCycle      = 600
2025/09/24 10:55:35.5    RunTime (ms)      = 119956
2025/09/24 10:55:35.5    AverageCycle (ms) = 199.9
2025/09/24 10:55:35.5    Temperature       = 30.0
2025/09/24 10:55:35.5    DATA OVERRUN %    = 0.00
2025/09/24 10:55:35.5    Spec PCB temps    = 40.3, 40.9, 40.9, 40.7, 40.9, 41.0, 39.1, 39.9
2025/09/24 10:55:35.5 
2025/09/24 10:55:35.6 Old State:16-cycle=600, Elapsed Time:  120.0,  Ideal Time:  119.8,  Delay time =   0.05  New State:ENGN_StateRunning_SamplingComplete
2025/09/24 10:55:35.8 Old State:18-ENGN_StateRunning_SamplingComplete New State:ENGN_StateRunning_WaitNewStep
2025/09/24 10:55:36.1 Old State:5-ENGN_StateRunning_WaitNewStep New State:ENGN_StateRunning_StartNewStep
2025/09/24 10:55:36.1 StartShaker(400)
2025/09/24 10:55:36.4 Old State:6-ENGN_StateRunning_StartNewStep New State:ENGN_StateRunning_WaitGoingToSample
2025/09/24 10:55:36.4 Sample96_Q(0, 0, 10)
2025/09/24 10:55:36.5 Temp: 2025/09/24 10:55:36, 30.0000
2025/09/24 10:55:36.5 GMC_SetPosZ
2025/09/24 10:55:36.5 
2025/09/24 10:55:36.5 START SCAN: 
2025/09/24 10:55:36.5    CycleTime (ms)    = 200
2025/09/24 10:55:36.5    CycleCount        = 25
2025/09/24 10:55:36.5    ScansToAverage    = 20
2025/09/24 10:55:36.5    FinishTime (s)    = 5
2025/09/24 10:55:36.5    Temperature       = 30.0
2025/09/24 10:55:36.5    Lamp Power        = 36
2025/09/24 10:55:36.5    Spec PCB temps    = 40.3, 40.9, 40.9, 40.7, 40.9, 41.0, 39.1, 39.9
2025/09/24 10:55:36.5 
2025/09/24 10:55:36.6 Old State:12-ENGN_StateRunning_WaitGoingToSample New State:ENGN_StateRunning_GoingToSample
2025/09/24 10:55:38.5 GMC_ServoHere
2025/09/24 10:55:38.6 GMC_SetPosXY
2025/09/24 10:55:40.3 GMC_SetPosZ
2025/09/24 10:55:45.3 Old State:13-ENGN_StateRunning_GoingToSample New State:ENGN_StateRunning_GoingToSampleComplete
2025/09/24 10:55:45.4 Old State:14-cycle=1, Elapsed Time:    0.0,  Ideal Time:    0.0,  Delay time =   0.00  New State:ENGN_StateRunning_WaitSampling
2025/09/24 10:55:45.4 Step started at: 10:55:36
2025/09/24 10:55:45.4 XYZ movement time  = 8756 ms + Scan start delay = 8724 ms
2025/09/24 10:55:45.5 Old State:15-ENGN_StateRunning_WaitSampling New State:ENGN_StateRunning_Sampling
2025/09/24 10:55:50.1 
2025/09/24 10:55:50.1 STOP SCAN: 
2025/09/24 10:55:50.1    CycleTime (ms)    = 200
2025/09/24 10:55:50.1    CurrentCycle      = 25
2025/09/24 10:55:50.1    RunTime (ms)      = 4948
2025/09/24 10:55:50.1    AverageCycle (ms) = 197.9
2025/09/24 10:55:50.1    Temperature       = 30.0
2025/09/24 10:55:50.1    DATA OVERRUN %    = 0.00
2025/09/24 10:55:50.1    Spec PCB temps    = 40.2, 40.9, 40.9, 40.7, 40.9, 41.0, 39.1, 39.9
2025/09/24 10:55:50.1 
2025/09/24 10:55:50.2 Old State:16-cycle=25, Elapsed Time:    4.9,  Ideal Time:    4.8,  Delay time =   0.05  New State:ENGN_StateRunning_SamplingComplete
2025/09/24 10:55:50.4 Old State:18-ENGN_StateRunning_SamplingComplete New State:ENGN_StateRunning_WaitNewStep
2025/09/24 10:55:50.6 Old State:5-ENGN_StateRunning_WaitNewStep New State:ENGN_StateRunning_StartNewStep
2025/09/24 10:55:50.6 StartShaker(400)
2025/09/24 10:55:50.9 Temp: 2025/09/24 10:55:50, 30.0000
2025/09/24 10:55:50.9 Old State:6-ENGN_StateRunning_StartNewStep New State:ENGN_StateRunning_WaitGoingToSample
2025/09/24 10:55:50.9 Sample96_Q(0, 0, 11)
2025/09/24 10:55:51.0 GMC_SetPosZ
2025/09/24 10:55:51.0 
2025/09/24 10:55:51.0 START SCAN: 
2025/09/24 10:55:51.0    CycleTime (ms)    = 200
2025/09/24 10:55:51.0    CycleCount        = 25
2025/09/24 10:55:51.0    ScansToAverage    = 20
2025/09/24 10:55:51.0    FinishTime (s)    = 5
2025/09/24 10:55:51.0    Temperature       = 30.0
2025/09/24 10:55:51.0    Lamp Power        = 36
2025/09/24 10:55:51.0    Spec PCB temps    = 40.3, 40.9, 40.9, 40.7, 40.9, 41.0, 39.1, 39.9
2025/09/24 10:55:51.0 
2025/09/24 10:55:51.1 Old State:12-ENGN_StateRunning_WaitGoingToSample New State:ENGN_StateRunning_GoingToSample
2025/09/24 10:55:55.9 GMC_ServoHere
2025/09/24 10:55:56.0 GMC_SetPosXY
2025/09/24 10:55:56.4 GMC_SetPosZ
2025/09/24 10:56:01.9 Old State:13-cycle=1, Elapsed Time:    0.0,  Ideal Time:    0.0,  Delay time =   0.00  New State:ENGN_StateRunning_GoingToSampleComplete
2025/09/24 10:56:02.0 Old State:14-ENGN_StateRunning_GoingToSampleComplete New State:ENGN_StateRunning_WaitSampling
2025/09/24 10:56:02.0 Step started at: 10:55:51
2025/09/24 10:56:02.0 XYZ movement time  = 10756 ms + Scan start delay = 10683 ms
2025/09/24 10:56:02.1 Old State:15-ENGN_StateRunning_WaitSampling New State:ENGN_StateRunning_Sampling
2025/09/24 10:56:06.6 
2025/09/24 10:56:06.6 STOP SCAN: 
2025/09/24 10:56:06.6    CycleTime (ms)    = 200
2025/09/24 10:56:06.6    CurrentCycle      = 25
2025/09/24 10:56:06.6    RunTime (ms)      = 4962
2025/09/24 10:56:06.6    AverageCycle (ms) = 198.5
2025/09/24 10:56:06.6    Temperature       = 30.0
2025/09/24 10:56:06.6    DATA OVERRUN %    = 0.00
2025/09/24 10:56:06.6    Spec PCB temps    = 40.3, 40.9, 40.9, 40.7, 40.9, 41.0, 39.1, 39.9
2025/09/24 10:56:06.6 
2025/09/24 10:56:06.7 Old State:16-cycle=25, Elapsed Time:    5.0,  Ideal Time:    4.8,  Delay time =   0.04  New State:ENGN_StateRunning_SamplingComplete
2025/09/24 10:56:06.8 Old State:18-ENGN_StateRunning_SamplingComplete New State:ENGN_StateRunning_WaitNewStep
2025/09/24 10:56:07.1 Old State:5-ENGN_StateRunning_WaitNewStep New State:ENGN_StateRunning_StartNewStep
2025/09/24 10:56:07.1 StartShaker(400)
2025/09/24 10:56:07.4 Temp: 2025/09/24 10:56:07, 30.0000
2025/09/24 10:56:07.4 Old State:6-ENGN_StateRunning_StartNewStep New State:ENGN_StateRunning_WaitGoingToSample
2025/09/24 10:56:07.4 Sample96_Q(0, 0, 10)
2025/09/24 10:56:07.5 GMC_SetPosZ
2025/09/24 10:56:07.5 
2025/09/24 10:56:07.5 START SCAN: 
2025/09/24 10:56:07.5    CycleTime (ms)    = 200
2025/09/24 10:56:07.5    CycleCount        = 25
2025/09/24 10:56:07.5    ScansToAverage    = 20
2025/09/24 10:56:07.5    FinishTime (s)    = 5
2025/09/24 10:56:07.5    Temperature       = 30.0
2025/09/24 10:56:07.5    Lamp Power        = 36
2025/09/24 10:56:07.5    Spec PCB temps    = 40.3, 40.9, 40.9, 40.7, 40.9, 41.0, 39.1, 39.9
2025/09/24 10:56:07.5 
2025/09/24 10:56:07.6 Old State:12-ENGN_StateRunning_WaitGoingToSample New State:ENGN_StateRunning_GoingToSample
2025/09/24 10:56:12.6 GMC_ServoHere
2025/09/24 10:56:12.8 GMC_SetPosXY
2025/09/24 10:56:13.2 GMC_SetPosZ
2025/09/24 10:56:18.3 Old State:13-cycle=1, Elapsed Time:    0.0,  Ideal Time:    0.0,  Delay time =   0.00  New State:ENGN_StateRunning_GoingToSampleComplete
2025/09/24 10:56:18.4 Old State:14-ENGN_StateRunning_GoingToSampleComplete New State:ENGN_StateRunning_WaitSampling
2025/09/24 10:56:18.4 Step started at: 10:56:07
2025/09/24 10:56:18.4 XYZ movement time  = 10672 ms + Scan start delay = 10609 ms
2025/09/24 10:56:18.5 Old State:15-ENGN_StateRunning_WaitSampling New State:ENGN_StateRunning_Sampling
2025/09/24 10:56:23.0 
2025/09/24 10:56:23.0 STOP SCAN: 
2025/09/24 10:56:23.0    CycleTime (ms)    = 200
2025/09/24 10:56:23.0    CurrentCycle      = 25
2025/09/24 10:56:23.0    RunTime (ms)      = 4955
2025/09/24 10:56:23.0    AverageCycle (ms) = 198.2
2025/09/24 10:56:23.0    Temperature       = 30.0
2025/09/24 10:56:23.0    DATA OVERRUN %    = 0.00
2025/09/24 10:56:23.0    Spec PCB temps    = 40.3, 40.9, 40.9, 40.7, 40.9, 41.0, 39.1, 39.9
2025/09/24 10:56:23.0 
2025/09/24 10:56:23.1 Old State:16-cycle=25, Elapsed Time:    5.0,  Ideal Time:    4.8,  Delay time =   0.05  New State:ENGN_StateRunning_SamplingComplete
2025/09/24 10:56:23.2 Old State:18-ENGN_StateRunning_SamplingComplete New State:ENGN_StateRunning_WaitNewStep
2025/09/24 10:56:23.5 Old State:5-ENGN_StateRunning_WaitNewStep New State:ENGN_StateRunning_StartNewStep
2025/09/24 10:56:23.5 StartShaker(400)
2025/09/24 10:56:23.8 Old State:6-ENGN_StateRunning_StartNewStep New State:ENGN_StateRunning_WaitGoingToSample
2025/09/24 10:56:23.8 Sample96_Q(0, 0, 11)
2025/09/24 10:56:23.8 Temp: 2025/09/24 10:56:23, 30.0000
2025/09/24 10:56:23.9 GMC_SetPosZ
2025/09/24 10:56:23.9 
2025/09/24 10:56:23.9 START SCAN: 
2025/09/24 10:56:23.9    CycleTime (ms)    = 200
2025/09/24 10:56:23.9    CycleCount        = 25
2025/09/24 10:56:23.9    ScansToAverage    = 20
2025/09/24 10:56:23.9    FinishTime (s)    = 5
2025/09/24 10:56:23.9    Temperature       = 30.0
2025/09/24 10:56:23.9    Lamp Power        = 36
2025/09/24 10:56:23.9    Spec PCB temps    = 40.3, 40.9, 40.9, 40.7, 40.9, 41.0, 39.1, 39.9
2025/09/24 10:56:23.9 
2025/09/24 10:56:24.0 Old State:12-ENGN_StateRunning_WaitGoingToSample New State:ENGN_StateRunning_GoingToSample
2025/09/24 10:56:28.7 GMC_ServoHere
2025/09/24 10:56:28.9 GMC_SetPosXY
2025/09/24 10:56:29.2 GMC_SetPosZ
2025/09/24 10:56:34.5 Old State:13-ENGN_StateRunning_GoingToSample New State:ENGN_StateRunning_GoingToSampleComplete
2025/09/24 10:56:34.7 Old State:14-cycle=1, Elapsed Time:    0.0,  Ideal Time:    0.0,  Delay time =   0.00  New State:ENGN_StateRunning_WaitSampling
2025/09/24 10:56:34.7 Step started at: 10:56:23
2025/09/24 10:56:34.7 XYZ movement time  = 10622 ms + Scan start delay = 10622 ms
2025/09/24 10:56:34.8 Old State:15-ENGN_StateRunning_WaitSampling New State:ENGN_StateRunning_Sampling
2025/09/24 10:56:39.4 
2025/09/24 10:56:39.4 STOP SCAN: 
2025/09/24 10:56:39.4    CycleTime (ms)    = 200
2025/09/24 10:56:39.4    CurrentCycle      = 25
2025/09/24 10:56:39.4    RunTime (ms)      = 4951
2025/09/24 10:56:39.4    AverageCycle (ms) = 198.0
2025/09/24 10:56:39.4    Temperature       = 30.0
2025/09/24 10:56:39.4    DATA OVERRUN %    = 0.00
2025/09/24 10:56:39.4    Spec PCB temps    = 40.3, 40.9, 40.9, 40.7, 40.9, 41.0, 39.1, 39.9
2025/09/24 10:56:39.4 
2025/09/24 10:56:39.5 Old State:16-cycle=25, Elapsed Time:    5.0,  Ideal Time:    4.8,  Delay time =   0.04  New State:ENGN_StateRunning_SamplingComplete
2025/09/24 10:56:39.7 Old State:18-ENGN_StateRunning_SamplingComplete New State:ENGN_StateRunning_WaitNewStep
2025/09/24 10:56:40.0 Old State:5-ENGN_StateRunning_WaitNewStep New State:ENGN_StateRunning_StartNewStep
2025/09/24 10:56:40.0 StartShaker(400)
2025/09/24 10:56:40.3 Temp: 2025/09/24 10:56:40, 30.0000
2025/09/24 10:56:40.3 Old State:6-ENGN_StateRunning_StartNewStep New State:ENGN_StateRunning_WaitGoingToSample
2025/09/24 10:56:40.3 Sample96_Q(0, 0, 10)
2025/09/24 10:56:40.4 
2025/09/24 10:56:40.4 START SCAN: 
2025/09/24 10:56:40.4    CycleTime (ms)    = 200
2025/09/24 10:56:40.4    CycleCount        = 25
2025/09/24 10:56:40.4    ScansToAverage    = 20
2025/09/24 10:56:40.4    FinishTime (s)    = 5
2025/09/24 10:56:40.4    Temperature       = 30.0
2025/09/24 10:56:40.4    Lamp Power        = 36
2025/09/24 10:56:40.4    Spec PCB temps    = 40.3, 40.9, 40.9, 40.7, 40.9, 41.0, 39.1, 39.9
2025/09/24 10:56:40.4 
2025/09/24 10:56:40.4 GMC_SetPosZ
2025/09/24 10:56:40.5 Old State:12-ENGN_StateRunning_WaitGoingToSample New State:ENGN_StateRunning_GoingToSample
2025/09/24 10:56:45.6 GMC_ServoHere
2025/09/24 10:56:45.8 GMC_SetPosXY
2025/09/24 10:56:46.1 GMC_SetPosZ
2025/09/24 10:56:51.2 Old State:13-cycle=1, Elapsed Time:    0.0,  Ideal Time:    0.0,  Delay time =   0.00  New State:ENGN_StateRunning_GoingToSampleComplete
2025/09/24 10:56:51.3 Old State:14-ENGN_StateRunning_GoingToSampleComplete New State:ENGN_StateRunning_WaitSampling
2025/09/24 10:56:51.3 Step started at: 10:56:40
2025/09/24 10:56:51.3 XYZ movement time  = 10658 ms + Scan start delay = 10652 ms
2025/09/24 10:56:51.4 Old State:15-ENGN_StateRunning_WaitSampling New State:ENGN_StateRunning_Sampling
2025/09/24 10:56:55.9 
2025/09/24 10:56:55.9 STOP SCAN: 
2025/09/24 10:56:55.9    CycleTime (ms)    = 200
2025/09/24 10:56:55.9    CurrentCycle      = 25
2025/09/24 10:56:55.9    RunTime (ms)      = 4950
2025/09/24 10:56:55.9    AverageCycle (ms) = 198.0
2025/09/24 10:56:55.9    Temperature       = 30.0
2025/09/24 10:56:55.9    DATA OVERRUN %    = 0.00
2025/09/24 10:56:55.9    Spec PCB temps    = 40.3, 40.9, 40.9, 40.7, 40.9, 41.0, 39.1, 39.9
2025/09/24 10:56:55.9 
2025/09/24 10:56:56.0 Old State:16-cycle=25, Elapsed Time:    5.0,  Ideal Time:    4.8,  Delay time =   0.05  New State:ENGN_StateRunning_SamplingComplete
2025/09/24 10:56:56.1 Old State:18-ENGN_StateRunning_SamplingComplete New State:ENGN_StateRunning_WaitNewStep
2025/09/24 10:56:56.5 Old State:5-ENGN_StateRunning_WaitNewStep New State:ENGN_StateRunning_StartNewStep
2025/09/24 10:56:56.5 StartShaker(400)
2025/09/24 10:56:56.8 Temp: 2025/09/24 10:56:56, 30.0000
2025/09/24 10:56:56.8 Old State:6-ENGN_StateRunning_StartNewStep New State:ENGN_StateRunning_WaitGoingToSample
2025/09/24 10:56:56.8 Sample96_Q(0, 0, 11)
2025/09/24 10:56:56.9 GMC_SetPosZ
2025/09/24 10:56:56.9 
2025/09/24 10:56:56.9 START SCAN: 
2025/09/24 10:56:56.9    CycleTime (ms)    = 200
2025/09/24 10:56:56.9    CycleCount        = 25
2025/09/24 10:56:56.9    ScansToAverage    = 20
2025/09/24 10:56:56.9    FinishTime (s)    = 5
2025/09/24 10:56:56.9    Temperature       = 30.0
2025/09/24 10:56:56.9    Lamp Power        = 36
2025/09/24 10:56:56.9    Spec PCB temps    = 40.3, 40.9, 40.9, 40.7, 40.9, 41.0, 39.1, 39.9
2025/09/24 10:56:56.9 
2025/09/24 10:56:57.0 Old State:12-ENGN_StateRunning_WaitGoingToSample New State:ENGN_StateRunning_GoingToSample
2025/09/24 10:57:01.7 GMC_ServoHere
2025/09/24 10:57:01.8 GMC_SetPosXY
2025/09/24 10:57:02.2 GMC_SetPosZ
2025/09/24 10:57:07.6 Old State:13-cycle=1, Elapsed Time:    0.0,  Ideal Time:    0.0,  Delay time =   0.00  New State:ENGN_StateRunning_GoingToSampleComplete
2025/09/24 10:57:07.7 Old State:14-ENGN_StateRunning_GoingToSampleComplete New State:ENGN_StateRunning_WaitSampling
2025/09/24 10:57:07.7 Step started at: 10:56:56
2025/09/24 10:57:07.7 XYZ movement time  = 10598 ms + Scan start delay = 10596 ms
2025/09/24 10:57:07.8 Old State:15-ENGN_StateRunning_WaitSampling New State:ENGN_StateRunning_Sampling
2025/09/24 10:57:12.4 
2025/09/24 10:57:12.4 STOP SCAN: 
2025/09/24 10:57:12.4    CycleTime (ms)    = 200
2025/09/24 10:57:12.4    CurrentCycle      = 25
2025/09/24 10:57:12.4    RunTime (ms)      = 4955
2025/09/24 10:57:12.4    AverageCycle (ms) = 198.2
2025/09/24 10:57:12.4    Temperature       = 30.0
2025/09/24 10:57:12.4    DATA OVERRUN %    = 0.00
2025/09/24 10:57:12.4    Spec PCB temps    = 40.3, 40.9, 40.9, 40.7, 40.9, 41.0, 39.1, 39.9
2025/09/24 10:57:12.4 
2025/09/24 10:57:12.4 Old State:16-cycle=25, Elapsed Time:    5.0,  Ideal Time:    4.8,  Delay time =   0.04  New State:ENGN_StateRunning_SamplingComplete
2025/09/24 10:57:12.6 Old State:18-ENGN_StateRunning_SamplingComplete New State:ENGN_StateRunning_WaitNewStep
2025/09/24 10:57:12.9 Old State:5-ENGN_StateRunning_WaitNewStep New State:ENGN_StateRunning_StartNewStep
2025/09/24 10:57:12.9 StartShaker(400)
2025/09/24 10:57:13.2 Old State:6-ENGN_StateRunning_StartNewStep New State:ENGN_StateRunning_WaitGoingToSample
2025/09/24 10:57:13.2 Sample96_Q(0, 0, 1)
2025/09/24 10:57:13.2 Temp: 2025/09/24 10:57:13, 30.0000
2025/09/24 10:57:13.3 GMC_SetPosZ
2025/09/24 10:57:13.3 
2025/09/24 10:57:13.3 START SCAN: 
2025/09/24 10:57:13.3    CycleTime (ms)    = 200
2025/09/24 10:57:13.3    CycleCount        = 600
2025/09/24 10:57:13.3    ScansToAverage    = 20
2025/09/24 10:57:13.3    FinishTime (s)    = 120
2025/09/24 10:57:13.3    Temperature       = 30.0
2025/09/24 10:57:13.3    Lamp Power        = 36
2025/09/24 10:57:13.3    Spec PCB temps    = 40.3, 40.9, 40.9, 40.7, 40.9, 41.0, 39.1, 39.9
2025/09/24 10:57:13.3 
2025/09/24 10:57:13.4 Old State:12-ENGN_StateRunning_WaitGoingToSample New State:ENGN_StateRunning_GoingToSample
2025/09/24 10:57:18.4 GMC_ServoHere
2025/09/24 10:57:18.6 GMC_SetPosXY
2025/09/24 10:57:20.2 GMC_SetPosZ
2025/09/24 10:57:22.5 Old State:13-ENGN_StateRunning_GoingToSample New State:ENGN_StateRunning_GoingToSampleComplete
2025/09/24 10:57:22.5 DFIO: Start writing C:\ForteBio\Yupeng\2025-09-24 SI-168M3 BP FB-2\250924_001.frd
2025/09/24 10:57:22.5 DFIO: Finished writing C:\ForteBio\Yupeng\2025-09-24 SI-168M3 BP FB-2\250924_001.frd
2025/09/24 10:57:22.5 DFIO: Finished writing C:\ForteBio\Yupeng\2025-09-24 SI-168M3 BP FB-2\250924_Manifest.fmx
2025/09/24 10:57:22.6 Old State:14-cycle=1, Elapsed Time:    0.0,  Ideal Time:    0.0,  Delay time =   0.00  New State:ENGN_StateRunning_WaitSampling
2025/09/24 10:57:22.6 Step started at: 10:57:13
2025/09/24 10:57:22.6 XYZ movement time  = 9200 ms + Scan start delay = 9185 ms
2025/09/24 10:57:22.7 Old State:15-ENGN_StateRunning_WaitSampling New State:ENGN_StateRunning_Sampling
2025/09/24 10:58:13.3 Temp: 2025/09/24 10:58:13, 30.0000
2025/09/24 10:59:13.3 Temp: 2025/09/24 10:59:13, 30.0000
2025/09/24 10:59:22.4 
2025/09/24 10:59:22.4 STOP SCAN: 
2025/09/24 10:59:22.4    CycleTime (ms)    = 200
2025/09/24 10:59:22.4    CurrentCycle      = 600
2025/09/24 10:59:22.4    RunTime (ms)      = 119956
2025/09/24 10:59:22.4    AverageCycle (ms) = 199.9
2025/09/24 10:59:22.4    Temperature       = 30.0
2025/09/24 10:59:22.4    DATA OVERRUN %    = 0.00
2025/09/24 10:59:22.4    Spec PCB temps    = 40.4, 40.9, 40.9, 40.7, 40.9, 41.0, 39.2, 39.9
2025/09/24 10:59:22.4 
2025/09/24 10:59:22.5 Old State:16-cycle=600, Elapsed Time:  120.0,  Ideal Time:  119.8,  Delay time =   0.02  New State:ENGN_StateRunning_SamplingComplete
2025/09/24 10:59:22.6 Old State:18-ENGN_StateRunning_SamplingComplete New State:ENGN_StateRunning_WaitNewStep
2025/09/24 10:59:23.0 Old State:5-ENGN_StateRunning_WaitNewStep New State:ENGN_StateRunning_StartNewStep
2025/09/24 10:59:23.0 StartShaker(400)
2025/09/24 10:59:23.3 Temp: 2025/09/24 10:59:23, 30.0000
2025/09/24 10:59:23.4 Old State:6-ENGN_StateRunning_StartNewStep New State:ENGN_StateRunning_WaitGoingToSample
2025/09/24 10:59:23.4 Sample96_Q(0, 0, 10)
2025/09/24 10:59:23.4 
2025/09/24 10:59:23.4 START SCAN: 
2025/09/24 10:59:23.4    CycleTime (ms)    = 200
2025/09/24 10:59:23.4    CycleCount        = 25
2025/09/24 10:59:23.4    ScansToAverage    = 20
2025/09/24 10:59:23.4    FinishTime (s)    = 5
2025/09/24 10:59:23.4    Temperature       = 30.0
2025/09/24 10:59:23.4    Lamp Power        = 36
2025/09/24 10:59:23.4    Spec PCB temps    = 40.3, 40.9, 40.9, 40.7, 40.9, 41.0, 39.2, 40.0
2025/09/24 10:59:23.4 
2025/09/24 10:59:23.5 GMC_SetPosZ
2025/09/24 10:59:23.5 Old State:12-ENGN_StateRunning_WaitGoingToSample New State:ENGN_StateRunning_GoingToSample
2025/09/24 10:59:25.7 GMC_ServoHere
2025/09/24 10:59:25.8 GMC_SetPosXY
2025/09/24 10:59:27.3 GMC_SetPosZ
2025/09/24 10:59:32.2 Old State:13-ENGN_StateRunning_GoingToSample New State:ENGN_StateRunning_GoingToSampleComplete
2025/09/24 10:59:32.3 Old State:14-cycle=1, Elapsed Time:    0.0,  Ideal Time:    0.0,  Delay time =   0.00  New State:ENGN_StateRunning_WaitSampling
2025/09/24 10:59:32.3 Step started at: 10:59:23
2025/09/24 10:59:32.3 XYZ movement time  = 8764 ms + Scan start delay = 8758 ms
2025/09/24 10:59:32.4 Old State:15-ENGN_StateRunning_WaitSampling New State:ENGN_StateRunning_Sampling
2025/09/24 10:59:37.1 
2025/09/24 10:59:37.1 STOP SCAN: 
2025/09/24 10:59:37.1    CycleTime (ms)    = 200
2025/09/24 10:59:37.1    CurrentCycle      = 25
2025/09/24 10:59:37.1    RunTime (ms)      = 4955
2025/09/24 10:59:37.1    AverageCycle (ms) = 198.2
2025/09/24 10:59:37.1    Temperature       = 30.0
2025/09/24 10:59:37.1    DATA OVERRUN %    = 0.00
2025/09/24 10:59:37.1    Spec PCB temps    = 40.4, 40.9, 40.9, 40.7, 40.9, 41.0, 39.2, 40.0
2025/09/24 10:59:37.1 
2025/09/24 10:59:37.1 Old State:16-cycle=25, Elapsed Time:    5.0,  Ideal Time:    4.8,  Delay time =   0.04  New State:ENGN_StateRunning_SamplingComplete
2025/09/24 10:59:37.3 Old State:18-ENGN_StateRunning_SamplingComplete New State:ENGN_StateRunning_WaitNewStep
2025/09/24 10:59:37.4 Old State:5-ENGN_StateRunning_WaitNewStep New State:ENGN_StateRunning_StartNewStep
2025/09/24 10:59:37.4 StartShaker(400)
2025/09/24 10:59:37.7 Temp: 2025/09/24 10:59:37, 30.0000
2025/09/24 10:59:37.7 Old State:6-ENGN_StateRunning_StartNewStep New State:ENGN_StateRunning_WaitGoingToSample
2025/09/24 10:59:37.7 Sample96_Q(0, 0, 11)
2025/09/24 10:59:37.8 
2025/09/24 10:59:37.8 START SCAN: 
2025/09/24 10:59:37.8    CycleTime (ms)    = 200
2025/09/24 10:59:37.8    CycleCount        = 25
2025/09/24 10:59:37.8    ScansToAverage    = 20
2025/09/24 10:59:37.8    FinishTime (s)    = 5
2025/09/24 10:59:37.8    Temperature       = 30.0
2025/09/24 10:59:37.8    Lamp Power        = 36
2025/09/24 10:59:37.8    Spec PCB temps    = 40.3, 40.9, 40.9, 40.7, 40.9, 41.0, 39.2, 40.0
2025/09/24 10:59:37.8 
2025/09/24 10:59:37.8 GMC_SetPosZ
2025/09/24 10:59:37.9 Old State:12-ENGN_StateRunning_WaitGoingToSample New State:ENGN_StateRunning_GoingToSample
2025/09/24 10:59:42.6 GMC_ServoHere
2025/09/24 10:59:42.8 GMC_SetPosXY
2025/09/24 10:59:43.2 GMC_SetPosZ
2025/09/24 10:59:48.6 Old State:13-cycle=1, Elapsed Time:    0.0,  Ideal Time:    0.0,  Delay time =   0.00  New State:ENGN_StateRunning_GoingToSampleComplete
2025/09/24 10:59:48.7 Old State:14-ENGN_StateRunning_GoingToSampleComplete New State:ENGN_StateRunning_WaitSampling
2025/09/24 10:59:48.7 Step started at: 10:59:37
2025/09/24 10:59:48.7 XYZ movement time  = 10700 ms + Scan start delay = 10662 ms
2025/09/24 10:59:48.8 Old State:15-ENGN_StateRunning_WaitSampling New State:ENGN_StateRunning_Sampling
2025/09/24 10:59:53.4 
2025/09/24 10:59:53.4 STOP SCAN: 
2025/09/24 10:59:53.4    CycleTime (ms)    = 200
2025/09/24 10:59:53.4    CurrentCycle      = 25
2025/09/24 10:59:53.4    RunTime (ms)      = 4961
2025/09/24 10:59:53.4    AverageCycle (ms) = 198.4
2025/09/24 10:59:53.4    Temperature       = 30.0
2025/09/24 10:59:53.4    DATA OVERRUN %    = 0.00
2025/09/24 10:59:53.4    Spec PCB temps    = 40.4, 40.9, 40.9, 40.7, 40.9, 41.0, 39.2, 39.9
2025/09/24 10:59:53.4 
2025/09/24 10:59:53.4 Old State:16-cycle=25, Elapsed Time:    5.0,  Ideal Time:    4.8,  Delay time =   0.05  New State:ENGN_StateRunning_SamplingComplete
2025/09/24 10:59:53.6 Old State:18-ENGN_StateRunning_SamplingComplete New State:ENGN_StateRunning_WaitNewStep
2025/09/24 10:59:53.9 Old State:5-ENGN_StateRunning_WaitNewStep New State:ENGN_StateRunning_StartNewStep
2025/09/24 10:59:53.9 StartShaker(400)
2025/09/24 10:59:54.2 Temp: 2025/09/24 10:59:54, 30.0000
2025/09/24 10:59:54.2 Old State:6-ENGN_StateRunning_StartNewStep New State:ENGN_StateRunning_WaitGoingToSample
2025/09/24 10:59:54.2 Sample96_Q(0, 0, 10)
2025/09/24 10:59:54.3 
2025/09/24 10:59:54.3 START SCAN: 
2025/09/24 10:59:54.3    CycleTime (ms)    = 200
2025/09/24 10:59:54.3    CycleCount        = 25
2025/09/24 10:59:54.3    ScansToAverage    = 20
2025/09/24 10:59:54.3    FinishTime (s)    = 5
2025/09/24 10:59:54.3    Temperature       = 30.0
2025/09/24 10:59:54.3    Lamp Power        = 36
2025/09/24 10:59:54.3    Spec PCB temps    = 40.4, 40.9, 40.9, 40.7, 40.9, 41.0, 39.2, 40.0
2025/09/24 10:59:54.3 
2025/09/24 10:59:54.4 GMC_SetPosZ
2025/09/24 10:59:54.4 Old State:12-ENGN_StateRunning_WaitGoingToSample New State:ENGN_StateRunning_GoingToSample
2025/09/24 10:59:59.5 GMC_ServoHere
2025/09/24 10:59:59.7 GMC_SetPosXY
2025/09/24 11:00:00.1 GMC_SetPosZ
2025/09/24 11:00:05.0 Old State:13-ENGN_StateRunning_GoingToSample New State:ENGN_StateRunning_GoingToSampleComplete
2025/09/24 11:00:05.2 Old State:14-cycle=1, Elapsed Time:    0.0,  Ideal Time:    0.0,  Delay time =   0.00  New State:ENGN_StateRunning_WaitSampling
2025/09/24 11:00:05.2 Step started at: 10:59:54
2025/09/24 11:00:05.2 XYZ movement time  = 10736 ms + Scan start delay = 10745 ms
2025/09/24 11:00:05.3 Old State:15-ENGN_StateRunning_WaitSampling New State:ENGN_StateRunning_Sampling
2025/09/24 11:00:09.9 
2025/09/24 11:00:09.9 STOP SCAN: 
2025/09/24 11:00:09.9    CycleTime (ms)    = 200
2025/09/24 11:00:09.9    CurrentCycle      = 25
2025/09/24 11:00:09.9    RunTime (ms)      = 4952
2025/09/24 11:00:09.9    AverageCycle (ms) = 198.1
2025/09/24 11:00:09.9    Temperature       = 30.0
2025/09/24 11:00:09.9    DATA OVERRUN %    = 0.00
2025/09/24 11:00:09.9    Spec PCB temps    = 40.3, 40.9, 40.9, 40.7, 40.9, 41.0, 39.2, 40.0
2025/09/24 11:00:09.9 
2025/09/24 11:00:10.0 Old State:16-cycle=25, Elapsed Time:    5.0,  Ideal Time:    4.8,  Delay time =   0.05  New State:ENGN_StateRunning_SamplingComplete
2025/09/24 11:00:10.2 Old State:18-ENGN_StateRunning_SamplingComplete New State:ENGN_StateRunning_WaitNewStep
2025/09/24 11:00:10.4 Old State:5-ENGN_StateRunning_WaitNewStep New State:ENGN_StateRunning_StartNewStep
2025/09/24 11:00:10.4 StartShaker(400)
2025/09/24 11:00:10.7 Temp: 2025/09/24 11:00:10, 30.0000
2025/09/24 11:00:10.7 Old State:6-ENGN_StateRunning_StartNewStep New State:ENGN_StateRunning_WaitGoingToSample
2025/09/24 11:00:10.7 Sample96_Q(0, 0, 11)
2025/09/24 11:00:10.8 
2025/09/24 11:00:10.8 START SCAN: 
2025/09/24 11:00:10.8    CycleTime (ms)    = 200
2025/09/24 11:00:10.8    CycleCount        = 25
2025/09/24 11:00:10.8    ScansToAverage    = 20
2025/09/24 11:00:10.8    FinishTime (s)    = 5
2025/09/24 11:00:10.8    Temperature       = 30.0
2025/09/24 11:00:10.8    Lamp Power        = 36
2025/09/24 11:00:10.8    Spec PCB temps    = 40.4, 40.9, 40.9, 40.7, 40.9, 41.0, 39.2, 39.9
2025/09/24 11:00:10.8 
2025/09/24 11:00:10.8 GMC_SetPosZ
2025/09/24 11:00:10.9 Old State:12-ENGN_StateRunning_WaitGoingToSample New State:ENGN_StateRunning_GoingToSample
2025/09/24 11:00:15.7 GMC_ServoHere
2025/09/24 11:00:15.8 GMC_SetPosXY
2025/09/24 11:00:16.2 GMC_SetPosZ
2025/09/24 11:00:21.6 Old State:13-cycle=1, Elapsed Time:    0.0,  Ideal Time:    0.0,  Delay time =   0.00  New State:ENGN_StateRunning_GoingToSampleComplete
2025/09/24 11:00:21.7 Old State:14-ENGN_StateRunning_GoingToSampleComplete New State:ENGN_StateRunning_WaitSampling
2025/09/24 11:00:21.7 Step started at: 11:00:10
2025/09/24 11:00:21.7 XYZ movement time  = 10682 ms + Scan start delay = 10652 ms
2025/09/24 11:00:21.8 Old State:15-ENGN_StateRunning_WaitSampling New State:ENGN_StateRunning_Sampling
2025/09/24 11:00:26.4 
2025/09/24 11:00:26.4 STOP SCAN: 
2025/09/24 11:00:26.4    CycleTime (ms)    = 200
2025/09/24 11:00:26.4    CurrentCycle      = 25
2025/09/24 11:00:26.4    RunTime (ms)      = 4962
2025/09/24 11:00:26.4    AverageCycle (ms) = 198.5
2025/09/24 11:00:26.4    Temperature       = 30.0
2025/09/24 11:00:26.4    DATA OVERRUN %    = 0.00
2025/09/24 11:00:26.4    Spec PCB temps    = 40.3, 40.9, 41.0, 40.7, 40.9, 41.0, 39.2, 40.0
2025/09/24 11:00:26.4 
2025/09/24 11:00:26.5 Old State:16-cycle=25, Elapsed Time:    5.0,  Ideal Time:    4.8,  Delay time =   0.05  New State:ENGN_StateRunning_SamplingComplete
2025/09/24 11:00:26.6 Old State:18-ENGN_StateRunning_SamplingComplete New State:ENGN_StateRunning_WaitNewStep
2025/09/24 11:00:26.8 Old State:5-ENGN_StateRunning_WaitNewStep New State:ENGN_StateRunning_StartNewStep
2025/09/24 11:00:26.8 StartShaker(400)
2025/09/24 11:00:27.1 Temp: 2025/09/24 11:00:27, 30.0000
2025/09/24 11:00:27.2 Old State:6-ENGN_StateRunning_StartNewStep New State:ENGN_StateRunning_WaitGoingToSample
2025/09/24 11:00:27.2 Sample96_Q(0, 0, 10)
2025/09/24 11:00:27.2 GMC_SetPosZ
2025/09/24 11:00:27.2 
2025/09/24 11:00:27.2 START SCAN: 
2025/09/24 11:00:27.2    CycleTime (ms)    = 200
2025/09/24 11:00:27.2    CycleCount        = 25
2025/09/24 11:00:27.2    ScansToAverage    = 20
2025/09/24 11:00:27.2    FinishTime (s)    = 5
2025/09/24 11:00:27.2    Temperature       = 30.0
2025/09/24 11:00:27.2    Lamp Power        = 36
2025/09/24 11:00:27.2    Spec PCB temps    = 40.4, 40.9, 40.9, 40.7, 40.9, 41.0, 39.2, 40.0
2025/09/24 11:00:27.2 
2025/09/24 11:00:27.3 Old State:12-ENGN_StateRunning_WaitGoingToSample New State:ENGN_StateRunning_GoingToSample
2025/09/24 11:00:32.4 GMC_ServoHere
2025/09/24 11:00:32.5 GMC_SetPosXY
2025/09/24 11:00:32.9 GMC_SetPosZ
2025/09/24 11:00:38.0 Old State:13-cycle=1, Elapsed Time:    0.0,  Ideal Time:    0.0,  Delay time =   0.00  New State:ENGN_StateRunning_GoingToSampleComplete
2025/09/24 11:00:38.1 Old State:14-ENGN_StateRunning_GoingToSampleComplete New State:ENGN_StateRunning_WaitSampling
2025/09/24 11:00:38.1 Step started at: 11:00:27
2025/09/24 11:00:38.1 XYZ movement time  = 10661 ms + Scan start delay = 10632 ms
2025/09/24 11:00:38.2 Old State:15-ENGN_StateRunning_WaitSampling New State:ENGN_StateRunning_Sampling
2025/09/24 11:00:42.8 
2025/09/24 11:00:42.8 STOP SCAN: 
2025/09/24 11:00:42.8    CycleTime (ms)    = 200
2025/09/24 11:00:42.8    CurrentCycle      = 25
2025/09/24 11:00:42.8    RunTime (ms)      = 4964
2025/09/24 11:00:42.8    AverageCycle (ms) = 198.6
2025/09/24 11:00:42.8    Temperature       = 30.0
2025/09/24 11:00:42.8    DATA OVERRUN %    = 0.00
2025/09/24 11:00:42.8    Spec PCB temps    = 40.4, 40.9, 41.0, 40.7, 40.9, 41.0, 39.2, 39.9
2025/09/24 11:00:42.8 
2025/09/24 11:00:42.8 Old State:16-cycle=25, Elapsed Time:    5.0,  Ideal Time:    4.8,  Delay time =   0.05  New State:ENGN_StateRunning_SamplingComplete
2025/09/24 11:00:43.0 Old State:18-ENGN_StateRunning_SamplingComplete New State:ENGN_StateRunning_WaitNewStep
2025/09/24 11:00:43.3 Old State:5-ENGN_StateRunning_WaitNewStep New State:ENGN_StateRunning_StartNewStep
2025/09/24 11:00:43.3 StartShaker(400)
2025/09/24 11:00:43.6 Temp: 2025/09/24 11:00:43, 30.0000
2025/09/24 11:00:43.6 Old State:6-ENGN_StateRunning_StartNewStep New State:ENGN_StateRunning_WaitGoingToSample
2025/09/24 11:00:43.6 Sample96_Q(0, 0, 11)
2025/09/24 11:00:43.7 
2025/09/24 11:00:43.7 START SCAN: 
2025/09/24 11:00:43.7    CycleTime (ms)    = 200
2025/09/24 11:00:43.7    CycleCount        = 25
2025/09/24 11:00:43.7    ScansToAverage    = 20
2025/09/24 11:00:43.7    FinishTime (s)    = 5
2025/09/24 11:00:43.7    Temperature       = 30.0
2025/09/24 11:00:43.7    Lamp Power        = 36
2025/09/24 11:00:43.7    Spec PCB temps    = 40.4, 40.9, 40.9, 40.7, 40.9, 41.1, 39.2, 40.0
2025/09/24 11:00:43.7 
2025/09/24 11:00:43.8 GMC_SetPosZ
2025/09/24 11:00:43.8 Old State:12-ENGN_StateRunning_WaitGoingToSample New State:ENGN_StateRunning_GoingToSample
2025/09/24 11:00:48.6 GMC_ServoHere
2025/09/24 11:00:48.8 GMC_SetPosXY
2025/09/24 11:00:49.2 GMC_SetPosZ
2025/09/24 11:00:54.6 Old State:13-cycle=1, Elapsed Time:    0.0,  Ideal Time:    0.0,  Delay time =   0.00  New State:ENGN_StateRunning_GoingToSampleComplete
2025/09/24 11:00:54.7 Old State:14-ENGN_StateRunning_GoingToSampleComplete New State:ENGN_StateRunning_WaitSampling
2025/09/24 11:00:54.7 Step started at: 11:00:43
2025/09/24 11:00:54.7 XYZ movement time  = 10805 ms + Scan start delay = 10737 ms
2025/09/24 11:00:54.8 Old State:15-ENGN_StateRunning_WaitSampling New State:ENGN_StateRunning_Sampling
2025/09/24 11:00:59.3 
2025/09/24 11:00:59.3 STOP SCAN: 
2025/09/24 11:00:59.3    CycleTime (ms)    = 200
2025/09/24 11:00:59.3    CurrentCycle      = 25
2025/09/24 11:00:59.3    RunTime (ms)      = 4963
2025/09/24 11:00:59.3    AverageCycle (ms) = 198.5
2025/09/24 11:00:59.3    Temperature       = 30.0
2025/09/24 11:00:59.3    DATA OVERRUN %    = 0.00
2025/09/24 11:00:59.3    Spec PCB temps    = 40.3, 40.9, 40.9, 40.7, 40.9, 41.1, 39.2, 40.0
2025/09/24 11:00:59.3 
2025/09/24 11:00:59.5 Old State:16-cycle=25, Elapsed Time:    5.0,  Ideal Time:    4.8,  Delay time =   0.05  New State:ENGN_StateRunning_SamplingComplete
2025/09/24 11:00:59.6 Old State:18-ENGN_StateRunning_SamplingComplete New State:ENGN_StateRunning_WaitNewStep
2025/09/24 11:00:59.8 Old State:5-ENGN_StateRunning_WaitNewStep New State:ENGN_StateRunning_StartNewStep
2025/09/24 11:00:59.8 StartShaker(400)
2025/09/24 11:01:00.1 Temp: 2025/09/24 11:01:00, 30.0000
2025/09/24 11:01:00.2 Old State:6-ENGN_StateRunning_StartNewStep New State:ENGN_StateRunning_WaitGoingToSample
2025/09/24 11:01:00.2 Sample96_Q(0, 0, 2)
2025/09/24 11:01:00.2 GMC_SetPosZ
2025/09/24 11:01:00.3 
2025/09/24 11:01:00.3 START SCAN: 
2025/09/24 11:01:00.3    CycleTime (ms)    = 200
2025/09/24 11:01:00.3    CycleCount        = 600
2025/09/24 11:01:00.3    ScansToAverage    = 20
2025/09/24 11:01:00.3    FinishTime (s)    = 120
2025/09/24 11:01:00.3    Temperature       = 30.0
2025/09/24 11:01:00.3    Lamp Power        = 36
2025/09/24 11:01:00.3    Spec PCB temps    = 40.4, 40.9, 41.0, 40.7, 40.9, 41.0, 39.2, 40.0
2025/09/24 11:01:00.3 
2025/09/24 11:01:00.4 Old State:12-ENGN_StateRunning_WaitGoingToSample New State:ENGN_StateRunning_GoingToSample
2025/09/24 11:01:05.4 GMC_ServoHere
2025/09/24 11:01:05.5 GMC_SetPosXY
2025/09/24 11:01:07.0 GMC_SetPosZ
2025/09/24 11:01:09.6 Old State:13-ENGN_StateRunning_GoingToSample New State:ENGN_StateRunning_GoingToSampleComplete
2025/09/24 11:01:09.7 DFIO: Start writing C:\ForteBio\Yupeng\2025-09-24 SI-168M3 BP FB-2\250924_002.frd
2025/09/24 11:01:09.7 DFIO: Finished writing C:\ForteBio\Yupeng\2025-09-24 SI-168M3 BP FB-2\250924_002.frd
2025/09/24 11:01:09.7 DFIO: Finished writing C:\ForteBio\Yupeng\2025-09-24 SI-168M3 BP FB-2\250924_Manifest.fmx
2025/09/24 11:01:09.7 Old State:14-cycle=1, Elapsed Time:    0.0,  Ideal Time:    0.0,  Delay time =   0.00  New State:ENGN_StateRunning_WaitSampling
2025/09/24 11:01:09.7 Step started at: 11:01:00
2025/09/24 11:01:09.7 XYZ movement time  = 9357 ms + Scan start delay = 9327 ms
2025/09/24 11:01:09.8 Old State:15-ENGN_StateRunning_WaitSampling New State:ENGN_StateRunning_Sampling
2025/09/24 11:02:00.1 Temp: 2025/09/24 11:02:00, 30.0000
2025/09/24 11:03:00.2 Temp: 2025/09/24 11:03:00, 30.0000
2025/09/24 11:03:09.5 
2025/09/24 11:03:09.5 STOP SCAN: 
2025/09/24 11:03:09.5    CycleTime (ms)    = 200
2025/09/24 11:03:09.5    CurrentCycle      = 600
2025/09/24 11:03:09.5    RunTime (ms)      = 119956
2025/09/24 11:03:09.5    AverageCycle (ms) = 199.9
2025/09/24 11:03:09.5    Temperature       = 30.0
2025/09/24 11:03:09.5    DATA OVERRUN %    = 0.00
2025/09/24 11:03:09.5    Spec PCB temps    = 40.4, 40.9, 41.0, 40.7, 40.9, 41.0, 39.2, 40.0
2025/09/24 11:03:09.5 
2025/09/24 11:03:09.6 Old State:16-cycle=600, Elapsed Time:  120.0,  Ideal Time:  119.8,  Delay time =   0.05  New State:ENGN_StateRunning_SamplingComplete
2025/09/24 11:03:09.7 Old State:18-ENGN_StateRunning_SamplingComplete New State:ENGN_StateRunning_WaitNewStep
2025/09/24 11:03:09.9 Old State:5-ENGN_StateRunning_WaitNewStep New State:ENGN_StateRunning_StartNewStep
2025/09/24 11:03:09.9 StartShaker(400)
2025/09/24 11:03:10.1 Temp: 2025/09/24 11:03:10, 30.0000
2025/09/24 11:03:10.2 Old State:6-ENGN_StateRunning_StartNewStep New State:ENGN_StateRunning_WaitGoingToSample
2025/09/24 11:03:10.2 Sample96_Q(0, 0, 10)
2025/09/24 11:03:10.3 GMC_SetPosZ
2025/09/24 11:03:10.3 
2025/09/24 11:03:10.3 START SCAN: 
2025/09/24 11:03:10.3    CycleTime (ms)    = 200
2025/09/24 11:03:10.3    CycleCount        = 25
2025/09/24 11:03:10.3    ScansToAverage    = 20
2025/09/24 11:03:10.3    FinishTime (s)    = 5
2025/09/24 11:03:10.3    Temperature       = 30.0
2025/09/24 11:03:10.3    Lamp Power        = 36
2025/09/24 11:03:10.3    Spec PCB temps    = 40.4, 40.9, 41.0, 40.7, 41.0, 41.1, 39.2, 40.0
2025/09/24 11:03:10.3 
2025/09/24 11:03:10.4 Old State:12-ENGN_StateRunning_WaitGoingToSample New State:ENGN_StateRunning_GoingToSample
2025/09/24 11:03:12.8 GMC_ServoHere
2025/09/24 11:03:12.9 GMC_SetPosXY
2025/09/24 11:03:14.4 GMC_SetPosZ
2025/09/24 11:03:19.3 Old State:13-ENGN_StateRunning_GoingToSample New State:ENGN_StateRunning_GoingToSampleComplete
2025/09/24 11:03:19.4 Old State:14-cycle=1, Elapsed Time:    0.0,  Ideal Time:    0.0,  Delay time =   0.00  New State:ENGN_StateRunning_WaitSampling
2025/09/24 11:03:19.4 Step started at: 11:03:10
2025/09/24 11:03:19.4 XYZ movement time  = 9070 ms + Scan start delay = 9056 ms
2025/09/24 11:03:19.5 Old State:15-ENGN_StateRunning_WaitSampling New State:ENGN_StateRunning_Sampling
2025/09/24 11:03:24.2 
2025/09/24 11:03:24.2 STOP SCAN: 
2025/09/24 11:03:24.2    CycleTime (ms)    = 200
2025/09/24 11:03:24.2    CurrentCycle      = 25
2025/09/24 11:03:24.2    RunTime (ms)      = 4949
2025/09/24 11:03:24.2    AverageCycle (ms) = 198.0
2025/09/24 11:03:24.2    Temperature       = 30.0
2025/09/24 11:03:24.2    DATA OVERRUN %    = 0.00
2025/09/24 11:03:24.2    Spec PCB temps    = 40.4, 40.9, 41.0, 40.7, 40.9, 41.0, 39.2, 39.9
2025/09/24 11:03:24.2 
2025/09/24 11:03:24.3 Old State:16-cycle=25, Elapsed Time:    4.9,  Ideal Time:    4.8,  Delay time =   0.05  New State:ENGN_StateRunning_SamplingComplete
2025/09/24 11:03:24.4 Old State:18-ENGN_StateRunning_SamplingComplete New State:ENGN_StateRunning_WaitNewStep
2025/09/24 11:03:24.6 Old State:5-ENGN_StateRunning_WaitNewStep New State:ENGN_StateRunning_StartNewStep
2025/09/24 11:03:24.7 StartShaker(400)
2025/09/24 11:03:24.9 Temp: 2025/09/24 11:03:24, 30.0000
2025/09/24 11:03:25.0 Old State:6-ENGN_StateRunning_StartNewStep New State:ENGN_StateRunning_WaitGoingToSample
2025/09/24 11:03:25.0 Sample96_Q(0, 0, 11)
2025/09/24 11:03:25.1 
2025/09/24 11:03:25.1 START SCAN: 
2025/09/24 11:03:25.1    CycleTime (ms)    = 200
2025/09/24 11:03:25.1    CycleCount        = 25
2025/09/24 11:03:25.1    ScansToAverage    = 20
2025/09/24 11:03:25.1    FinishTime (s)    = 5
2025/09/24 11:03:25.1    Temperature       = 30.0
2025/09/24 11:03:25.1    Lamp Power        = 36
2025/09/24 11:03:25.1    Spec PCB temps    = 40.4, 40.9, 41.0, 40.7, 41.0, 41.1, 39.2, 40.0
2025/09/24 11:03:25.1 
2025/09/24 11:03:25.1 GMC_SetPosZ
2025/09/24 11:03:25.2 Old State:12-ENGN_StateRunning_WaitGoingToSample New State:ENGN_StateRunning_GoingToSample
2025/09/24 11:03:29.9 GMC_ServoHere
2025/09/24 11:03:30.1 GMC_SetPosXY
2025/09/24 11:03:30.5 GMC_SetPosZ
2025/09/24 11:03:35.9 Old State:13-cycle=1, Elapsed Time:    0.0,  Ideal Time:    0.0,  Delay time =   0.00  New State:ENGN_StateRunning_GoingToSampleComplete
2025/09/24 11:03:36.0 Old State:14-ENGN_StateRunning_GoingToSampleComplete New State:ENGN_StateRunning_WaitSampling
2025/09/24 11:03:36.0 Step started at: 11:03:25
2025/09/24 11:03:36.0 XYZ movement time  = 10752 ms + Scan start delay = 10685 ms
2025/09/24 11:03:36.1 Old State:15-ENGN_StateRunning_WaitSampling New State:ENGN_StateRunning_Sampling
2025/09/24 11:03:40.6 
2025/09/24 11:03:40.6 STOP SCAN: 
2025/09/24 11:03:40.6    CycleTime (ms)    = 200
2025/09/24 11:03:40.6    CurrentCycle      = 25
2025/09/24 11:03:40.6    RunTime (ms)      = 4955
2025/09/24 11:03:40.6    AverageCycle (ms) = 198.2
2025/09/24 11:03:40.6    Temperature       = 30.0
2025/09/24 11:03:40.6    DATA OVERRUN %    = 0.00
2025/09/24 11:03:40.6    Spec PCB temps    = 40.4, 40.9, 41.0, 40.7, 40.9, 41.1, 39.2, 40.0
2025/09/24 11:03:40.6 
2025/09/24 11:03:40.8 Old State:16-cycle=25, Elapsed Time:    5.0,  Ideal Time:    4.8,  Delay time =   0.04  New State:ENGN_StateRunning_SamplingComplete
2025/09/24 11:03:40.9 Old State:18-ENGN_StateRunning_SamplingComplete New State:ENGN_StateRunning_WaitNewStep
2025/09/24 11:03:41.1 Old State:5-ENGN_StateRunning_WaitNewStep New State:ENGN_StateRunning_StartNewStep
2025/09/24 11:03:41.1 StartShaker(400)
2025/09/24 11:03:41.4 Temp: 2025/09/24 11:03:41, 30.0000
2025/09/24 11:03:41.4 Old State:6-ENGN_StateRunning_StartNewStep New State:ENGN_StateRunning_WaitGoingToSample
2025/09/24 11:03:41.4 Sample96_Q(0, 0, 10)
2025/09/24 11:03:41.5 GMC_SetPosZ
2025/09/24 11:03:41.5 
2025/09/24 11:03:41.5 START SCAN: 
2025/09/24 11:03:41.5    CycleTime (ms)    = 200
2025/09/24 11:03:41.5    CycleCount        = 25
2025/09/24 11:03:41.5    ScansToAverage    = 20
2025/09/24 11:03:41.5    FinishTime (s)    = 5
2025/09/24 11:03:41.5    Temperature       = 30.0
2025/09/24 11:03:41.5    Lamp Power        = 36
2025/09/24 11:03:41.5    Spec PCB temps    = 40.4, 40.9, 41.0, 40.7, 41.0, 41.1, 39.2, 40.0
2025/09/24 11:03:41.5 
2025/09/24 11:03:41.6 Old State:12-ENGN_StateRunning_WaitGoingToSample New State:ENGN_StateRunning_GoingToSample
2025/09/24 11:03:46.7 GMC_ServoHere
2025/09/24 11:03:46.9 GMC_SetPosXY
2025/09/24 11:03:47.3 GMC_SetPosZ
2025/09/24 11:03:52.4 Old State:13-cycle=1, Elapsed Time:    0.0,  Ideal Time:    0.0,  Delay time =   0.00  New State:ENGN_StateRunning_GoingToSampleComplete
2025/09/24 11:03:52.5 Old State:14-ENGN_StateRunning_GoingToSampleComplete New State:ENGN_StateRunning_WaitSampling
2025/09/24 11:03:52.5 Step started at: 11:03:41
2025/09/24 11:03:52.5 XYZ movement time  = 10741 ms + Scan start delay = 10685 ms
2025/09/24 11:03:52.6 Old State:15-ENGN_StateRunning_WaitSampling New State:ENGN_StateRunning_Sampling
2025/09/24 11:03:57.1 
2025/09/24 11:03:57.1 STOP SCAN: 
2025/09/24 11:03:57.1    CycleTime (ms)    = 200
2025/09/24 11:03:57.1    CurrentCycle      = 25
2025/09/24 11:03:57.1    RunTime (ms)      = 4954
2025/09/24 11:03:57.1    AverageCycle (ms) = 198.2
2025/09/24 11:03:57.1    Temperature       = 30.0
2025/09/24 11:03:57.1    DATA OVERRUN %    = 0.00
2025/09/24 11:03:57.1    Spec PCB temps    = 40.4, 40.9, 41.0, 40.7, 41.0, 41.1, 39.2, 40.0
2025/09/24 11:03:57.1 
2025/09/24 11:03:57.2 Old State:16-cycle=25, Elapsed Time:    5.0,  Ideal Time:    4.8,  Delay time =   0.04  New State:ENGN_StateRunning_SamplingComplete
2025/09/24 11:03:57.3 Old State:18-ENGN_StateRunning_SamplingComplete New State:ENGN_StateRunning_WaitNewStep
2025/09/24 11:03:57.5 Old State:5-ENGN_StateRunning_WaitNewStep New State:ENGN_StateRunning_StartNewStep
2025/09/24 11:03:57.6 StartShaker(400)
2025/09/24 11:03:57.8 Temp: 2025/09/24 11:03:57, 30.0000
2025/09/24 11:03:57.9 Old State:6-ENGN_StateRunning_StartNewStep New State:ENGN_StateRunning_WaitGoingToSample
2025/09/24 11:03:57.9 Sample96_Q(0, 0, 11)
2025/09/24 11:03:58.0 
2025/09/24 11:03:58.0 START SCAN: 
2025/09/24 11:03:58.0    CycleTime (ms)    = 200
2025/09/24 11:03:58.0    CycleCount        = 25
2025/09/24 11:03:58.0    ScansToAverage    = 20
2025/09/24 11:03:58.0    FinishTime (s)    = 5
2025/09/24 11:03:58.0    Temperature       = 30.0
2025/09/24 11:03:58.0    Lamp Power        = 36
2025/09/24 11:03:58.0    Spec PCB temps    = 40.4, 40.9, 41.0, 40.7, 41.0, 41.1, 39.2, 40.0
2025/09/24 11:03:58.0 
2025/09/24 11:03:58.0 GMC_SetPosZ
2025/09/24 11:03:58.1 Old State:12-ENGN_StateRunning_WaitGoingToSample New State:ENGN_StateRunning_GoingToSample
2025/09/24 11:04:02.8 GMC_ServoHere
2025/09/24 11:04:03.0 GMC_SetPosXY
2025/09/24 11:04:03.3 GMC_SetPosZ
2025/09/24 11:04:08.7 Old State:13-cycle=1, Elapsed Time:    0.0,  Ideal Time:    0.0,  Delay time =   0.00  New State:ENGN_StateRunning_GoingToSampleComplete
2025/09/24 11:04:08.8 Old State:14-ENGN_StateRunning_GoingToSampleComplete New State:ENGN_StateRunning_WaitSampling
2025/09/24 11:04:08.8 Step started at: 11:03:57
2025/09/24 11:04:08.8 XYZ movement time  = 10681 ms + Scan start delay = 10639 ms
2025/09/24 11:04:08.9 Old State:15-ENGN_StateRunning_WaitSampling New State:ENGN_StateRunning_Sampling
2025/09/24 11:04:13.5 
2025/09/24 11:04:13.5 STOP SCAN: 
2025/09/24 11:04:13.5    CycleTime (ms)    = 200
2025/09/24 11:04:13.5    CurrentCycle      = 25
2025/09/24 11:04:13.5    RunTime (ms)      = 4953
2025/09/24 11:04:13.5    AverageCycle (ms) = 198.1
2025/09/24 11:04:13.5    Temperature       = 30.0
2025/09/24 11:04:13.5    DATA OVERRUN %    = 0.00
2025/09/24 11:04:13.5    Spec PCB temps    = 40.4, 40.9, 41.0, 40.7, 41.0, 41.1, 39.2, 40.0
2025/09/24 11:04:13.5 
2025/09/24 11:04:13.6 Old State:16-cycle=25, Elapsed Time:    5.0,  Ideal Time:    4.8,  Delay time =   0.04  New State:ENGN_StateRunning_SamplingComplete
2025/09/24 11:04:13.8 Old State:18-ENGN_StateRunning_SamplingComplete New State:ENGN_StateRunning_WaitNewStep
2025/09/24 11:04:14.1 Old State:5-ENGN_StateRunning_WaitNewStep New State:ENGN_StateRunning_StartNewStep
2025/09/24 11:04:14.1 StartShaker(400)
2025/09/24 11:04:14.4 Temp: 2025/09/24 11:04:14, 30.0000
2025/09/24 11:04:14.4 Old State:6-ENGN_StateRunning_StartNewStep New State:ENGN_StateRunning_WaitGoingToSample
2025/09/24 11:04:14.4 Sample96_Q(0, 0, 10)
2025/09/24 11:04:14.5 
2025/09/24 11:04:14.5 START SCAN: 
2025/09/24 11:04:14.5    CycleTime (ms)    = 200
2025/09/24 11:04:14.5    CycleCount        = 25
2025/09/24 11:04:14.5    ScansToAverage    = 20
2025/09/24 11:04:14.5    FinishTime (s)    = 5
2025/09/24 11:04:14.5    Temperature       = 30.0
2025/09/24 11:04:14.5    Lamp Power        = 36
2025/09/24 11:04:14.5    Spec PCB temps    = 40.4, 40.9, 41.0, 40.7, 41.0, 41.1, 39.2, 40.0
2025/09/24 11:04:14.5 
2025/09/24 11:04:14.5 GMC_SetPosZ
2025/09/24 11:04:14.6 Old State:12-ENGN_StateRunning_WaitGoingToSample New State:ENGN_StateRunning_GoingToSample
2025/09/24 11:04:19.7 GMC_ServoHere
2025/09/24 11:04:19.9 GMC_SetPosXY
2025/09/24 11:04:20.2 GMC_SetPosZ
2025/09/24 11:04:25.3 Old State:13-cycle=1, Elapsed Time:    0.0,  Ideal Time:    0.0,  Delay time =   0.00  New State:ENGN_StateRunning_GoingToSampleComplete
2025/09/24 11:04:25.4 Old State:14-ENGN_StateRunning_GoingToSampleComplete New State:ENGN_StateRunning_WaitSampling
2025/09/24 11:04:25.4 Step started at: 11:04:14
2025/09/24 11:04:25.4 XYZ movement time  = 10678 ms + Scan start delay = 10674 ms
2025/09/24 11:04:25.5 Old State:15-ENGN_StateRunning_WaitSampling New State:ENGN_StateRunning_Sampling
2025/09/24 11:04:30.1 
2025/09/24 11:04:30.1 STOP SCAN: 
2025/09/24 11:04:30.1    CycleTime (ms)    = 200
2025/09/24 11:04:30.1    CurrentCycle      = 25
2025/09/24 11:04:30.1    RunTime (ms)      = 4957
2025/09/24 11:04:30.1    AverageCycle (ms) = 198.3
2025/09/24 11:04:30.1    Temperature       = 30.0
2025/09/24 11:04:30.1    DATA OVERRUN %    = 0.00
2025/09/24 11:04:30.1    Spec PCB temps    = 40.4, 40.9, 41.0, 40.7, 41.0, 41.1, 39.2, 40.0
2025/09/24 11:04:30.1 
2025/09/24 11:04:30.2 Old State:16-cycle=25, Elapsed Time:    5.0,  Ideal Time:    4.8,  Delay time =   0.05  New State:ENGN_StateRunning_SamplingComplete
2025/09/24 11:04:30.3 Old State:18-ENGN_StateRunning_SamplingComplete New State:ENGN_StateRunning_WaitNewStep
2025/09/24 11:04:30.6 Old State:5-ENGN_StateRunning_WaitNewStep New State:ENGN_StateRunning_StartNewStep
2025/09/24 11:04:30.6 StartShaker(400)
2025/09/24 11:04:30.8 Temp: 2025/09/24 11:04:30, 30.0000
2025/09/24 11:04:30.9 Old State:6-ENGN_StateRunning_StartNewStep New State:ENGN_StateRunning_WaitGoingToSample
2025/09/24 11:04:30.9 Sample96_Q(0, 0, 11)
2025/09/24 11:04:31.0 GMC_SetPosZ
2025/09/24 11:04:31.0 
2025/09/24 11:04:31.0 START SCAN: 
2025/09/24 11:04:31.0    CycleTime (ms)    = 200
2025/09/24 11:04:31.0    CycleCount        = 25
2025/09/24 11:04:31.0    ScansToAverage    = 20
2025/09/24 11:04:31.0    FinishTime (s)    = 5
2025/09/24 11:04:31.0    Temperature       = 30.0
2025/09/24 11:04:31.0    Lamp Power        = 36
2025/09/24 11:04:31.0    Spec PCB temps    = 40.4, 40.9, 41.0, 40.7, 41.0, 41.0, 39.2, 40.0
2025/09/24 11:04:31.0 
2025/09/24 11:04:31.1 Old State:12-ENGN_StateRunning_WaitGoingToSample New State:ENGN_StateRunning_GoingToSample
2025/09/24 11:04:35.8 GMC_ServoHere
2025/09/24 11:04:35.9 GMC_SetPosXY
2025/09/24 11:04:36.3 GMC_SetPosZ
2025/09/24 11:04:41.7 Old State:13-cycle=1, Elapsed Time:    0.0,  Ideal Time:    0.0,  Delay time =   0.00  New State:ENGN_StateRunning_GoingToSampleComplete
2025/09/24 11:04:41.8 Old State:14-ENGN_StateRunning_GoingToSampleComplete New State:ENGN_StateRunning_WaitSampling
2025/09/24 11:04:41.8 Step started at: 11:04:31
2025/09/24 11:04:41.8 XYZ movement time  = 10613 ms + Scan start delay = 10583 ms
2025/09/24 11:04:41.9 Old State:15-ENGN_StateRunning_WaitSampling New State:ENGN_StateRunning_Sampling
2025/09/24 11:04:46.5 
2025/09/24 11:04:46.5 STOP SCAN: 
2025/09/24 11:04:46.5    CycleTime (ms)    = 200
2025/09/24 11:04:46.5    CurrentCycle      = 25
2025/09/24 11:04:46.5    RunTime (ms)      = 4954
2025/09/24 11:04:46.5    AverageCycle (ms) = 198.2
2025/09/24 11:04:46.5    Temperature       = 30.0
2025/09/24 11:04:46.5    DATA OVERRUN %    = 0.00
2025/09/24 11:04:46.5    Spec PCB temps    = 40.4, 40.9, 41.0, 40.7, 41.0, 41.1, 39.2, 40.0
2025/09/24 11:04:46.5 
2025/09/24 11:04:46.6 Old State:16-cycle=25, Elapsed Time:    5.0,  Ideal Time:    4.8,  Delay time =   0.04  New State:ENGN_StateRunning_SamplingComplete
2025/09/24 11:04:46.7 Old State:18-ENGN_StateRunning_SamplingComplete New State:ENGN_StateRunning_WaitNewStep
2025/09/24 11:04:47.0 Old State:5-ENGN_StateRunning_WaitNewStep New State:ENGN_StateRunning_StartNewStep
2025/09/24 11:04:47.0 StartShaker(400)
2025/09/24 11:04:47.3 Temp: 2025/09/24 11:04:47, 30.0000
2025/09/24 11:04:47.3 Old State:6-ENGN_StateRunning_StartNewStep New State:ENGN_StateRunning_WaitGoingToSample
2025/09/24 11:04:47.3 Sample96_Q(0, 0, 3)
2025/09/24 11:04:47.4 GMC_SetPosZ
2025/09/24 11:04:47.4 
2025/09/24 11:04:47.4 START SCAN: 
2025/09/24 11:04:47.4    CycleTime (ms)    = 200
2025/09/24 11:04:47.4    CycleCount        = 600
2025/09/24 11:04:47.4    ScansToAverage    = 20
2025/09/24 11:04:47.4    FinishTime (s)    = 120
2025/09/24 11:04:47.4    Temperature       = 30.0
2025/09/24 11:04:47.4    Lamp Power        = 36
2025/09/24 11:04:47.4    Spec PCB temps    = 40.4, 40.9, 41.0, 40.7, 41.0, 41.1, 39.2, 40.0
2025/09/24 11:04:47.4 
2025/09/24 11:04:47.5 Old State:12-ENGN_StateRunning_WaitGoingToSample New State:ENGN_StateRunning_GoingToSample
2025/09/24 11:04:52.6 GMC_ServoHere
2025/09/24 11:04:52.7 GMC_SetPosXY
2025/09/24 11:04:54.2 GMC_SetPosZ
2025/09/24 11:04:57.1 Old State:13-ENGN_StateRunning_GoingToSample New State:ENGN_StateRunning_GoingToSampleComplete
2025/09/24 11:04:57.2 Old State:14-cycle=1, Elapsed Time:    0.0,  Ideal Time:    0.0,  Delay time =   0.00  New State:ENGN_StateRunning_WaitSampling
2025/09/24 11:04:57.2 Step started at: 11:04:47
2025/09/24 11:04:57.2 XYZ movement time  = 9702 ms + Scan start delay = 9710 ms
2025/09/24 11:04:57.2 DFIO: Start writing C:\ForteBio\Yupeng\2025-09-24 SI-168M3 BP FB-2\250924_003.frd
2025/09/24 11:04:57.2 DFIO: Finished writing C:\ForteBio\Yupeng\2025-09-24 SI-168M3 BP FB-2\250924_003.frd
2025/09/24 11:04:57.2 DFIO: Finished writing C:\ForteBio\Yupeng\2025-09-24 SI-168M3 BP FB-2\250924_Manifest.fmx
2025/09/24 11:04:57.3 Old State:15-ENGN_StateRunning_WaitSampling New State:ENGN_StateRunning_Sampling
2025/09/24 11:05:47.3 Temp: 2025/09/24 11:05:47, 30.0000
2025/09/24 11:06:47.4 Temp: 2025/09/24 11:06:47, 30.0000
2025/09/24 11:06:57.0 
2025/09/24 11:06:57.0 STOP SCAN: 
2025/09/24 11:06:57.0    CycleTime (ms)    = 200
2025/09/24 11:06:57.0    CurrentCycle      = 600
2025/09/24 11:06:57.0    RunTime (ms)      = 119950
2025/09/24 11:06:57.0    AverageCycle (ms) = 199.9
2025/09/24 11:06:57.0    Temperature       = 30.0
2025/09/24 11:06:57.0    DATA OVERRUN %    = 0.00
2025/09/24 11:06:57.0    Spec PCB temps    = 40.4, 40.9, 41.0, 40.7, 41.0, 41.1, 39.2, 40.0
2025/09/24 11:06:57.0 
2025/09/24 11:06:57.2 Old State:16-cycle=600, Elapsed Time:  120.0,  Ideal Time:  119.8,  Delay time =   0.05  New State:ENGN_StateRunning_SamplingComplete
2025/09/24 11:06:57.3 Old State:18-ENGN_StateRunning_SamplingComplete New State:ENGN_StateRunning_WaitEjecting
2025/09/24 11:06:57.3 EJECT: To Tray, position=8,0
2025/09/24 11:06:57.3    EjectOffset = 10.0
2025/09/24 11:06:57.5 GMC_SetPosZ
2025/09/24 11:06:57.5 Old State:19-ENGN_StateRunning_WaitEjecting New State:ENGN_StateRunning_Ejecting
2025/09/24 11:07:00.2 GMC_ServoHere
2025/09/24 11:07:00.4 GMC_SetPosXY
2025/09/24 11:07:02.5 GMC_SetPosZ
2025/09/24 11:07:06.7 GMC_Eject
2025/09/24 11:07:06.7 EJECTOR: Eject
2025/09/24 11:07:15.5 GMC_HomeZ
2025/09/24 11:07:20.9 GMC_SetPosZ
2025/09/24 11:07:21.3 GMC_ServoHere
2025/09/24 11:07:21.4 GMC_SetPosZ
2025/09/24 11:07:21.6 GMC_ServoHere
2025/09/24 11:07:21.8 GMC_SetPosXY
2025/09/24 11:07:23.9 GMC_SetPosZ
2025/09/24 11:07:24.3 Old State:20-ENGN_StateRunning_Ejecting New State:ENGN_StateRunning_EjectingComplete
2025/09/24 11:07:24.4 Old State:21-ENGN_StateRunning_EjectingComplete New State:ENGN_StateRunning_Finished
2025/09/24 11:07:24.4 StopShaker
2025/09/24 11:07:24.5 Old State:22-ENGN_StateRunning_Finished New State:ENGN_State_SystemReady
2025/09/24 11:07:24.5 Temp: 2025/09/24 11:07:24, 30.0000
2025/09/24 11:07:24.5 
2025/09/24 11:07:24.5 ASSAY SUMMARY:
2025/09/24 11:07:24.5 ==============
2025/09/24 11:07:24.5   Step #   Duration   Cycles  Overrun %
2025/09/24 11:07:24.5        1       4      25    0.00
2025/09/24 11:07:24.5        2       4      25    0.00
2025/09/24 11:07:24.5        3       4      25    0.00
2025/09/24 11:07:24.5        4       4      25    0.00
2025/09/24 11:07:24.5        5       4      25    0.00
2025/09/24 11:07:24.5        6       4      25    0.00
2025/09/24 11:07:24.5        7     119     600    0.00
2025/09/24 11:07:24.5        8       4      25    0.00
2025/09/24 11:07:24.5        9       4      25    0.00
2025/09/24 11:07:24.5       10       4      25    0.00
2025/09/24 11:07:24.5       11       4      25    0.00
2025/09/24 11:07:24.5       12       4      25    0.00
2025/09/24 11:07:24.5       13       4      25    0.00
2025/09/24 11:07:24.5       14     119     600    0.00
2025/09/24 11:07:24.5       15       4      25    0.00
2025/09/24 11:07:24.5       16       4      25    0.00
2025/09/24 11:07:24.5       17       4      25    0.00
2025/09/24 11:07:24.5       18       4      25    0.00
2025/09/24 11:07:24.5       19       4      25    0.00
2025/09/24 11:07:24.5       20       4      25    0.00
2025/09/24 11:07:24.5       21     119     600    0.00
2025/09/24 11:07:24.5       22       4      25    0.00
2025/09/24 11:07:24.5       23       4      25    0.00
2025/09/24 11:07:24.5       24       4      25    0.00
2025/09/24 11:07:24.5       25       4      25    0.00
2025/09/24 11:07:24.5       26       4      25    0.00
2025/09/24 11:07:24.5       27       4      25    0.00
2025/09/24 11:07:24.5       28     119     600    0.00
2025/09/24 11:07:24.5 -------------------------------------------
2025/09/24 11:07:24.5    Total     598    3000    0.00
2025/09/24 11:07:24.5 DFIO: Start writing C:\ForteBio\Yupeng\2025-09-24 SI-168M3 BP FB-2\250924_004.frd
2025/09/24 11:07:24.5 DFIO: Finished writing C:\ForteBio\Yupeng\2025-09-24 SI-168M3 BP FB-2\250924_004.frd
2025/09/24 11:07:24.5 DFIO: Finished writing C:\ForteBio\Yupeng\2025-09-24 SI-168M3 BP FB-2\250924_Manifest.fmx
2025/09/24 11:08:50.3 11:08:50 AM - Exp: \\FS2\shares\Shared\Molly\Method Development\Serum Stability\25-09-04 FD-005 Serum Stability Method Development\Affinity\250912 FD-005 unpurified proteinSensor Tray 0 # assays:1
2025/09/24 11:08:50.3 11:08:50 AM - Exp: \\FS2\shares\Shared\Molly\Method Development\Serum Stability\25-09-04 FD-005 Serum Stability Method Development\Affinity\250912 FD-005 unpurified proteinSensor Tray 0 # assays:1
2025/09/24 11:08:50.3 11:08:50 AM - Exp: \\FS2\shares\Shared\Molly\Method Development\Serum Stability\25-09-04 FD-005 Serum Stability Method Development\Affinity\250912 FD-005 unpurified proteinSensor Tray 0 # assays:1
2025/09/24 11:08:50.4 11:08:50 AM - Exp: \\FS2\shares\Shared\Molly\Method Development\Serum Stability\25-09-04 FD-005 Serum Stability Method Development\Affinity\250912 FD-005 unpurified proteinSensor Tray 0 # assays:1
2025/09/24 11:08:50.4 11:08:50 AM - Exp: \\FS2\shares\Shared\Molly\Method Development\Serum Stability\25-09-04 FD-005 Serum Stability Method Development\Affinity\250912 FD-005 unpurified proteinSensor Tray 0 # assays:1
2025/09/24 11:08:50.4 11:08:50 AM - Exp: \\FS2\shares\Shared\Molly\Method Development\Serum Stability\25-09-04 FD-005 Serum Stability Method Development\Affinity\250912 FD-005 unpurified proteinSensor Tray 0 # assays:1
2025/09/24 11:08:50.5 11:08:50 AM - Exp: \\FS2\shares\Shared\Molly\Method Development\Serum Stability\25-09-04 FD-005 Serum Stability Method Development\Affinity\250912 FD-005 unpurified proteinSensor Tray 0 # assays:1
2025/09/24 11:08:50.5 11:08:50 AM - Exp: \\FS2\shares\Shared\Molly\Method Development\Serum Stability\25-09-04 FD-005 Serum Stability Method Development\Affinity\250912 FD-005 unpurified proteinSensor Tray 0 # assays:1
2025/09/24 11:08:50.6 11:08:50 AM - Exp: \\FS2\shares\Shared\Molly\Method Development\Serum Stability\25-09-04 FD-005 Serum Stability Method Development\Affinity\250912 FD-005 unpurified proteinSensor Tray 0 # assays:1
2025/09/24 11:08:50.6 11:08:50 AM - Exp: \\FS2\shares\Shared\Molly\Method Development\Serum Stability\25-09-04 FD-005 Serum Stability Method Development\Affinity\250912 FD-005 unpurified proteinSensor Tray 0 # assays:1
2025/09/24 11:08:53.9 SaveXmlDocument \\FS2\shares\Shared\Molly\Method Development\Serum Stability\25-09-04 FD-005 Serum Stability Method Development\Affinity\250912 FD-005 unpurified protein\HTSettings.efrd
2025/09/24 11:08:53.9 SaveXmlDocument \\FS2\shares\Shared\Molly\Method Development\Serum Stability\25-09-04 FD-005 Serum Stability Method Development\Affinity\250912 FD-005 unpurified protein\HTSettings.efrd
2025/09/24 11:08:54.0 SaveXmlDocument \\FS2\shares\Shared\Molly\Method Development\Serum Stability\25-09-04 FD-005 Serum Stability Method Development\Affinity\250912 FD-005 unpurified protein\HTSettings.efrd
2025/09/24 11:08:54.1 SaveXmlDocument \\FS2\shares\Shared\Molly\Method Development\Serum Stability\25-09-04 FD-005 Serum Stability Method Development\Affinity\250912 FD-005 unpurified protein\HTSettings.efrd
2025/09/24 11:08:54.2 SaveXmlDocument \\FS2\shares\Shared\Molly\Method Development\Serum Stability\25-09-04 FD-005 Serum Stability Method Development\Affinity\250912 FD-005 unpurified protein\HTSettings.efrd
2025/09/24 11:08:54.3 GraphControl: DLL_THREAD_DETACH.
2025/09/24 11:08:54.3 CGraphWindow destroyed, 43 still active
2025/09/24 11:08:54.3 GraphControl: DLL_THREAD_DETACH.
2025/09/24 11:08:54.3 CGraphWindow destroyed, 42 still active
2025/09/24 11:08:54.3 GraphControl: DLL_THREAD_DETACH.
2025/09/24 11:08:54.4 CGraphWindow destroyed, 41 still active
2025/09/24 11:08:54.4 GraphControl: DLL_THREAD_DETACH.
2025/09/24 11:08:54.4 CGraphWindow destroyed, 40 still active
2025/09/24 11:08:54.4 GraphControl: DLL_THREAD_DETACH.
2025/09/24 11:08:54.4 CGraphWindow destroyed, 39 still active
2025/09/24 11:08:54.4 GraphControl: DLL_THREAD_DETACH.
2025/09/24 11:08:54.4 CGraphWindow destroyed, 38 still active
2025/09/24 11:08:54.4 GraphControl: DLL_THREAD_DETACH.
2025/09/24 11:08:54.4 CGraphWindow destroyed, 37 still active
2025/09/24 11:08:54.4 GraphControl: DLL_THREAD_DETACH.
2025/09/24 11:08:54.4 CGraphWindow destroyed, 36 still active
2025/09/24 11:08:54.4 GraphControl: DLL_THREAD_DETACH.
2025/09/24 11:08:54.4 CGraphWindow destroyed, 35 still active
2025/09/24 11:08:54.4 GraphControl: DLL_THREAD_DETACH.
2025/09/24 11:08:54.5 CGraphWindow destroyed, 34 still active
2025/09/24 11:08:54.5 GraphControl: DLL_THREAD_DETACH.
2025/09/24 11:08:54.5 CGraphWindow destroyed, 33 still active
2025/09/24 11:08:54.5 GraphControl: DLL_THREAD_DETACH.
2025/09/24 11:08:54.5 CGraphWindow destroyed, 32 still active
2025/09/24 11:08:54.5 GraphControl: DLL_THREAD_DETACH.
2025/09/24 11:08:54.5 CGraphWindow destroyed, 31 still active
2025/09/24 11:08:54.5 GraphControl: DLL_THREAD_DETACH.
2025/09/24 11:08:54.5 CGraphWindow destroyed, 30 still active
2025/09/24 11:08:54.5 GraphControl: DLL_THREAD_DETACH.
2025/09/24 11:08:54.5 CGraphWindow destroyed, 29 still active
2025/09/24 11:08:54.5 GraphControl: DLL_THREAD_DETACH.
2025/09/24 11:08:54.6 CGraphWindow destroyed, 28 still active
2025/09/24 11:08:54.6 GraphControl: DLL_THREAD_DETACH.
2025/09/24 11:08:54.6 CGraphWindow destroyed, 27 still active
2025/09/24 11:08:54.6 GraphControl: DLL_THREAD_DETACH.
2025/09/24 11:08:54.6 CGraphWindow destroyed, 26 still active
2025/09/24 11:08:54.6 GraphControl: DLL_THREAD_DETACH.
2025/09/24 11:08:54.6 CGraphWindow destroyed, 25 still active
2025/09/24 11:08:54.6 GraphControl: DLL_THREAD_DETACH.
2025/09/24 11:08:54.6 CGraphWindow destroyed, 24 still active
2025/09/24 11:08:54.6 GraphControl: DLL_THREAD_DETACH.
2025/09/24 11:08:54.6 CGraphWindow destroyed, 23 still active
2025/09/24 11:08:54.6 GraphControl: DLL_THREAD_DETACH.
2025/09/24 11:08:54.7 CGraphWindow destroyed, 22 still active
2025/09/24 11:08:54.7 GraphControl: DLL_THREAD_DETACH.
2025/09/24 11:08:54.7 CGraphWindow destroyed, 21 still active
2025/09/24 11:08:54.7 GraphControl: DLL_THREAD_DETACH.
2025/09/24 11:08:54.7 CGraphWindow destroyed, 20 still active
2025/09/24 11:08:54.7 GraphControl: DLL_THREAD_DETACH.
2025/09/24 11:08:54.7 CGraphWindow destroyed, 19 still active
2025/09/24 11:08:54.7 GraphControl: DLL_THREAD_DETACH.
2025/09/24 11:08:54.7 CGraphWindow destroyed, 18 still active
2025/09/24 11:08:54.7 GraphControl: DLL_THREAD_DETACH.
2025/09/24 11:08:54.7 CGraphWindow destroyed, 17 still active
2025/09/24 11:08:54.7 GraphControl: DLL_THREAD_DETACH.
2025/09/24 11:08:54.7 CGraphWindow destroyed, 16 still active
2025/09/24 11:08:54.7 GraphControl: DLL_THREAD_DETACH.
2025/09/24 11:08:54.8 CGraphWindow destroyed, 15 still active
2025/09/24 11:08:54.8 GraphControl: DLL_THREAD_DETACH.
2025/09/24 11:08:54.8 CGraphWindow destroyed, 14 still active
2025/09/24 11:08:54.8 GraphControl: DLL_THREAD_DETACH.
2025/09/24 11:08:54.8 CGraphWindow destroyed, 13 still active
2025/09/24 11:08:54.8 GraphControl: DLL_THREAD_DETACH.
2025/09/24 11:08:54.8 CGraphWindow destroyed, 12 still active
2025/09/24 11:08:54.8 GraphControl: DLL_THREAD_DETACH.
2025/09/24 11:08:54.8 CGraphWindow destroyed, 11 still active
2025/09/24 11:08:54.8 GraphControl: DLL_THREAD_DETACH.
2025/09/24 11:08:54.8 CGraphWindow destroyed, 10 still active
2025/09/24 11:08:54.8 GraphControl: DLL_THREAD_DETACH.
2025/09/24 11:08:54.9 CGraphWindow destroyed, 9 still active
2025/09/24 11:08:54.9 GraphControl: DLL_THREAD_DETACH.
2025/09/24 11:08:54.9 CGraphWindow destroyed, 8 still active
2025/09/24 11:08:54.9 _kinAssayTabControl (created at 9/16/2025 9:29:06 AM) cleared and disposed.
2025/09/24 11:08:54.9 GraphControl: DLL_THREAD_DETACH.
2025/09/24 11:08:54.9 GraphControl: DLL_THREAD_DETACH.
2025/09/24 11:08:54.9 GraphControl: DLL_THREAD_DETACH.
2025/09/24 11:08:54.9 GraphControl: DLL_THREAD_DETACH.
2025/09/24 11:08:54.9 GraphControl: DLL_THREAD_DETACH.
2025/09/24 11:08:55.0 CGraphWindow destroyed, 7 still active
2025/09/24 11:08:55.0 GraphControl: DLL_THREAD_DETACH.
2025/09/24 11:08:55.0 CGraphWindow destroyed, 6 still active
2025/09/24 11:08:55.1 GraphControl: DLL_THREAD_ATTACH.
2025/09/24 11:08:55.1 GraphControl: DLL_THREAD_DETACH.
2025/09/24 11:08:55.1 CGraphWindow destroyed, 5 still active
2025/09/24 11:08:55.2 Document count 0
2025/09/24 11:08:55.2 GraphControl: DLL_THREAD_DETACH.
2025/09/24 11:08:55.3 GraphControl: DLL_THREAD_DETACH.
2025/09/24 11:08:55.3 GraphControl: DLL_THREAD_DETACH.
2025/09/24 11:08:55.3 GraphControl: DLL_THREAD_DETACH.
2025/09/24 11:08:55.3 CGraphWindow destroyed, 4 still active
2025/09/24 11:08:55.3 GraphControl: DLL_THREAD_DETACH.
2025/09/24 11:08:55.3 GraphControl: DLL_THREAD_DETACH.
2025/09/24 11:08:55.3 GraphControl: DLL_THREAD_DETACH.
2025/09/24 11:08:55.4 GraphControl: DLL_THREAD_DETACH.
2025/09/24 11:08:55.4 GraphControl: DLL_THREAD_DETACH.
2025/09/24 11:08:55.4 GraphControl: DLL_THREAD_DETACH.
2025/09/24 11:08:55.4 GraphControl: DLL_THREAD_ATTACH.
2025/09/24 11:08:55.4 GraphControl: DLL_THREAD_ATTACH.
2025/09/24 11:08:55.4 GraphControl: DLL_PROCESS_DETACH.
2025/09/24 11:08:55.4 MultiWellPlate: DLL_PROCESS_DETACH.
2025/09/24 11:08:55.4 DataSecurity: DLL_PROCESS_DETACH.
2025/09/24 11:08:58.3 MultiWellPlate: DLL_PROCESS_DETACH.
2025/09/24 11:08:58.3 DataSecurity: DLL_PROCESS_DETACH.
2025/09/24 11:09:00.5 DataSecurity: DLL_PROCESS_ATTACH - V1.0.0.1
2025/09/24 11:09:20.7 Read C:\ForteBio\Yupeng\20256-08-25 91M18 159X1 205X1 FB-2\250825_ExpMethod.fmf in 0 ms
2025/09/24 11:09:20.7 Read C:\ForteBio\Yupeng\20256-08-25 91M18 159X1 205X1 FB-2\250825_ExpMethod.fmf in 0 ms
2025/09/24 11:09:20.8 Read C:\ForteBio\Yupeng\20256-08-25 91M18 159X1 205X1 FB\250825_ExpMethod.fmf in 0 ms
2025/09/24 11:09:20.8 Read C:\ForteBio\Yupeng\20256-08-25 91M18 159X1 205X1 FB\250825_ExpMethod.fmf in 16 ms
2025/09/24 11:09:21.0 Read C:\ForteBio\Yupeng\2025-09-24 SI-168M3 BP FB-2\250924_ExpMethod.fmf in 0 ms
2025/09/24 11:09:21.0 Read C:\ForteBio\Yupeng\2025-09-24 SI-168M3 BP FB-2\250924_ExpMethod.fmf in 0 ms
2025/09/24 11:09:22.8 Read C:\ForteBio\Yupeng\2025-09-24 SI-168M3 BP FB\250924_ExpMethod.fmf in 0 ms
2025/09/24 11:09:22.8 Read C:\ForteBio\Yupeng\2025-09-24 SI-168M3 BP FB\250924_ExpMethod.fmf in 0 ms
2025/09/24 11:09:22.8 Read C:\ForteBio\Yupeng\2025-09-02 SI-205X1 BP MP TITER\250902_ExpMethod.fmf in 0 ms
2025/09/24 11:09:22.8 Read C:\ForteBio\Yupeng\2025-09-02 SI-205X1 BP MP TITER\250902_ExpMethod.fmf in 0 ms
2025/09/24 11:09:22.9 Read C:\ForteBio\Yupeng\2025-08-27 91m18 159X1 205X1 titer-2\250827_ExpMethod.fmf in 0 ms
2025/09/24 11:09:22.9 Read C:\ForteBio\Yupeng\2025-08-27 91m18 159X1 205X1 titer-2\250827_ExpMethod.fmf in 0 ms
2025/09/24 11:09:22.9 Read C:\ForteBio\Yupeng\2025-08-27 91m18 159X1 205X1 titer\250827_ExpMethod.fmf in 0 ms
2025/09/24 11:09:22.9 Read C:\ForteBio\Yupeng\2025-08-27 91m18 159X1 205X1 titer\250827_ExpMethod.fmf in 0 ms
2025/09/24 11:09:22.9 Read C:\ForteBio\Yupeng\2025-08-15 159x1 PMP SCC 24DW\250815_ExpMethod.fmf in 0 ms
2025/09/24 11:09:22.9 Read C:\ForteBio\Yupeng\2025-08-15 159x1 PMP SCC 24DW\250815_ExpMethod.fmf in 15 ms
2025/09/24 11:09:23.0 Read C:\ForteBio\Yupeng\2025-07-23 SI-159X1 24DW 48W titer\250723_ExpMethod.fmf in 16 ms
2025/09/24 11:09:23.0 Read C:\ForteBio\Yupeng\2025-07-23 SI-159X1 24DW 48W titer\250723_ExpMethod.fmf in 0 ms
2025/09/24 11:09:25.4 
2025/09/24 11:09:25.4 In StExperiment.Init()
2025/09/24 11:09:25.4 
2025/09/24 11:09:25.4 Progress: 0 %
2025/09/24 11:09:25.4 Progress: 3 %
2025/09/24 11:09:25.4 Progress: 6 %
2025/09/24 11:09:25.4 Progress: 10 %
2025/09/24 11:09:25.4 Progress: 13 %
2025/09/24 11:09:25.4 Progress: 16 %
2025/09/24 11:09:25.4 Progress: 20 %
2025/09/24 11:09:25.4 Progress: 23 %
2025/09/24 11:09:25.4 Progress: 26 %
2025/09/24 11:09:25.4 Progress: 30 %
2025/09/24 11:09:25.4 Progress: 33 %
2025/09/24 11:09:25.4 Progress: 36 %
2025/09/24 11:09:25.4 Progress: 40 %
2025/09/24 11:09:25.4 Progress: 43 %
2025/09/24 11:09:25.4 Progress: 46 %
2025/09/24 11:09:25.4 Progress: 50 %
2025/09/24 11:09:25.4 Progress: 53 %
2025/09/24 11:09:25.4 Progress: 56 %
2025/09/24 11:09:25.4 Progress: 60 %
2025/09/24 11:09:25.4 Progress: 63 %
2025/09/24 11:09:25.4 Progress: 66 %
2025/09/24 11:09:25.4 Progress: 70 %
2025/09/24 11:09:25.4 Progress: 73 %
2025/09/24 11:09:25.4 Progress: 76 %
2025/09/24 11:09:25.4 Progress: 80 %
2025/09/24 11:09:25.4 Progress: 83 %
2025/09/24 11:09:25.4 Progress: 86 %
2025/09/24 11:09:25.4 Progress: 90 %
2025/09/24 11:09:25.4 Progress: 93 %
2025/09/24 11:09:25.4 Progress: 96 %
2025/09/24 11:09:25.4 Progress: 100 %
2025/09/24 11:09:25.5 Time = 172 ms
2025/09/24 11:09:25.5 
2025/09/24 11:09:25.6 MultiWellPlate: DLL_PROCESS_ATTACH - V1.0.0.6
2025/09/24 11:09:32.7 
2025/09/24 11:09:32.7 In StExperiment.Init()
2025/09/24 11:09:32.7 
2025/09/24 11:09:32.7 Progress: 0 %
2025/09/24 11:09:32.7 Progress: 25 %
2025/09/24 11:09:32.7 Progress: 50 %
2025/09/24 11:09:32.7 Progress: 75 %
2025/09/24 11:09:32.7 Progress: 100 %
2025/09/24 11:09:32.7 Time = 31 ms
2025/09/24 11:09:32.7 
2025/09/24 11:09:39.4 Tab 0: # of curves 1
2025/09/24 11:10:01.0 Calculating ............................
2025/09/24 11:10:01.2 Analysis Begins 11:10:01 AM
2025/09/24 11:10:01.6 Tab 0: # of curves 4
2025/09/24 11:10:01.8 this {Width=251, Height=348} sender {Width=251, Height=348} Clip {Width=249, Height=346}
2025/09/24 11:10:13.2 MultiWellPlate: DLL_PROCESS_DETACH.
2025/09/24 11:10:13.2 DataSecurity: DLL_PROCESS_DETACH.
2025/09/24 11:10:15.1 DataSecurity: DLL_PROCESS_ATTACH - V1.0.0.1
2025/09/24 11:10:17.4 
2025/09/24 11:10:17.4 In StExperiment.Init()
2025/09/24 11:10:17.4 
2025/09/24 11:10:17.4 Progress: 0 %
2025/09/24 11:10:17.4 Progress: 25 %
2025/09/24 11:10:17.4 Progress: 50 %
2025/09/24 11:10:17.4 Progress: 75 %
2025/09/24 11:10:17.4 Progress: 100 %
2025/09/24 11:10:17.5 Time = 47 ms
2025/09/24 11:10:17.5 
2025/09/24 11:10:17.5 MultiWellPlate: DLL_PROCESS_ATTACH - V1.0.0.6
2025/09/24 11:10:19.4 Tab 0: # of curves 1
2025/09/24 11:10:27.3 Calculating ............................
2025/09/24 11:10:27.5 Analysis Begins 11:10:27 AM
2025/09/24 11:10:27.5 Tab 0: # of curves 4
2025/09/24 11:10:27.7 this {Width=251, Height=348} sender {Width=251, Height=348} Clip {Width=249, Height=346}
2025/09/24 11:10:57.3 Export image takes 108ms
2025/09/24 11:10:57.4 Export image takes 88ms
2025/09/25 10:32:10.8 SetHeaterTemperature 30.0
2025/09/25 10:32:10.9 Temp: 2025/09/25 10:32:10, 30.1000
2025/09/25 10:32:10.9 bShakeWhileWaiting=1, nShakerRPM=400
2025/09/25 10:32:11.0 DELAYED START: Waiting for 600 s
2025/09/25 10:32:11.1 Old State:4-ENGN_State_SystemReady New State:ENGN_State_ControllerBusy
2025/09/25 10:32:11.1 GMC_SetPosZ
2025/09/25 10:32:11.3 GMC_ServoHere
2025/09/25 10:32:11.5 GMC_SetPosXY
2025/09/25 10:32:11.7 GMC_SetPosZ
2025/09/25 10:32:12.0 Old State:29-ENGN_State_ControllerBusy New State:ENGN_State_ControllerDone
2025/09/25 10:32:12.1 Old State:30-ENGN_State_ControllerDone New State:ENGN_State_SystemReady
2025/09/25 10:32:12.1 StartShaker(400)
2025/09/25 10:33:11.0 Temp: 2025/09/25 10:33:11, 30.0000
2025/09/25 10:34:11.1 Temp: 2025/09/25 10:34:11, 30.0000
2025/09/25 10:35:11.2 Temp: 2025/09/25 10:35:11, 30.0000
2025/09/25 10:36:11.2 Temp: 2025/09/25 10:36:11, 30.0000
2025/09/25 10:37:11.3 Temp: 2025/09/25 10:37:11, 30.0000
2025/09/25 10:38:11.3 Temp: 2025/09/25 10:38:11, 30.0000
2025/09/25 10:39:11.4 Temp: 2025/09/25 10:39:11, 30.0000
2025/09/25 10:40:11.5 Temp: 2025/09/25 10:40:11, 30.0000
2025/09/25 10:41:11.5 Temp: 2025/09/25 10:41:11, 30.0000
2025/09/25 10:42:11.6 Temp: 2025/09/25 10:42:11, 30.0000
2025/09/25 10:42:12.4 DELAYED START: Done.
2025/09/25 10:42:12.4 Starting new assay
2025/09/25 10:42:12.6 Old State:4-ENGN_State_SystemReady New State:ENGN_StateRunning_StartNewStep
2025/09/25 10:42:12.6 Plate 1 temperature = 30 C
2025/09/25 10:42:12.7 Old State:6-ENGN_StateRunning_StartNewStep New State:ENGN_StateRunning_WaitPickingSensors
2025/09/25 10:42:12.7 Pick(0, 3)
2025/09/25 10:42:12.8 Temp: 2025/09/25 10:42:12, 30.0000
2025/09/25 10:42:12.9 Old State:7-ENGN_StateRunning_WaitPickingSensors New State:ENGN_StateRunning_PickingSensors
2025/09/25 10:42:12.9 GMC_SetPosZ
2025/09/25 10:42:13.1 GMC_ServoHere
2025/09/25 10:42:13.2 GMC_SetPosXY
2025/09/25 10:42:15.4 GMC_SetPosZ
2025/09/25 10:42:20.8 GMC_SetPosZ
2025/09/25 10:42:21.3 Old State:8-ENGN_StateRunning_PickingSensors New State:ENGN_StateRunning_CheckingSensors
2025/09/25 10:42:21.5 
2025/09/25 10:42:21.5 Detect Sensors
2025/09/25 10:42:21.5 ==============
2025/09/25 10:42:21.5 1	YES		6.6	6151.4
2025/09/25 10:42:21.5 2	NO 		6.2	8.6
2025/09/25 10:42:21.5 3	NO 		6.2	8.7
2025/09/25 10:42:21.5 4	NO 		6.2	8.8
2025/09/25 10:42:21.5 5	NO 		5.8	8.3
2025/09/25 10:42:21.5 6	NO 		6.8	9.0
2025/09/25 10:42:21.5 7	NO 		6.1	8.6
2025/09/25 10:42:21.5 8	NO 		6.6	9.0
2025/09/25 10:42:21.5 
2025/09/25 10:42:21.7 CH1: Correction Factor = 2.27114
2025/09/25 10:42:21.8 CH1: Correction Factor = 1.07075
2025/09/25 10:42:21.9 CH1: Correction Factor = 1.00945
2025/09/25 10:42:22.1 CH1: Correction Factor = 1.00222
2025/09/25 10:42:22.3 CH1: Correction Factor = 0.998966
2025/09/25 10:42:22.4 CH1: Correction Factor = 1.00227
2025/09/25 10:42:22.4 Sensor 1: Integration Time = 2.46 ms
2025/09/25 10:42:22.4 WaitControllerIdle(30000)
2025/09/25 10:42:22.6 GMC_HomeZ
2025/09/25 10:42:29.1 GMC_SetPosZ
2025/09/25 10:42:29.5 GMC_ServoHere
2025/09/25 10:42:29.8 Old State:9-ENGN_StateRunning_CheckingSensors New State:ENGN_StateRunning_PickingSensorsComplete
2025/09/25 10:42:29.8 StartShaker(400)
2025/09/25 10:42:29.8 Integration Time: 2.46,1.00,1.00,1.00,1.00,1.00,1.00,1.00,
2025/09/25 10:42:30.1 Old State:10-ENGN_StateRunning_PickingSensorsComplete New State:ENGN_StateRunning_WaitGoingToSample
2025/09/25 10:42:30.1 Sample96_Q(0, 0, 10)
2025/09/25 10:42:30.1 Plate 1 temperature = 30 C
2025/09/25 10:42:30.1 Pickups: 3011, Warn: 90, Error: 100
2025/09/25 10:42:30.2 
2025/09/25 10:42:30.2 START SCAN: 
2025/09/25 10:42:30.2    CycleTime (ms)    = 200
2025/09/25 10:42:30.2    CycleCount        = 25
2025/09/25 10:42:30.2    ScansToAverage    = 20
2025/09/25 10:42:30.2    FinishTime (s)    = 5
2025/09/25 10:42:30.2    Temperature       = 30.0
2025/09/25 10:42:30.2    Lamp Power        = 36
2025/09/25 10:42:30.2    Spec PCB temps    = 40.2, 40.9, 40.9, 40.7, 40.9, 41.0, 39.1, 39.9
2025/09/25 10:42:30.2 
2025/09/25 10:42:30.2 GMC_SetPosZ
2025/09/25 10:42:30.3 Old State:12-ENGN_StateRunning_WaitGoingToSample New State:ENGN_StateRunning_GoingToSample
2025/09/25 10:42:30.4 GMC_ServoHere
2025/09/25 10:42:30.6 GMC_SetPosXY
2025/09/25 10:42:32.8 GMC_SetPosZ
2025/09/25 10:42:37.7 Old State:13-ENGN_StateRunning_GoingToSample New State:ENGN_StateRunning_GoingToSampleComplete
2025/09/25 10:42:37.8 Old State:14-cycle=1, Elapsed Time:    0.0,  Ideal Time:    0.0,  Delay time =   0.00  New State:ENGN_StateRunning_WaitSampling
2025/09/25 10:42:37.8 Step started at: 10:42:30
2025/09/25 10:42:37.8 XYZ movement time  = 7524 ms + Scan start delay = 7533 ms
2025/09/25 10:42:37.9 Old State:15-ENGN_StateRunning_WaitSampling New State:ENGN_StateRunning_Sampling
2025/09/25 10:42:42.6 
2025/09/25 10:42:42.6 STOP SCAN: 
2025/09/25 10:42:42.6    CycleTime (ms)    = 200
2025/09/25 10:42:42.6    CurrentCycle      = 25
2025/09/25 10:42:42.6    RunTime (ms)      = 4953
2025/09/25 10:42:42.6    AverageCycle (ms) = 198.1
2025/09/25 10:42:42.6    Temperature       = 30.0
2025/09/25 10:42:42.6    DATA OVERRUN %    = 0.00
2025/09/25 10:42:42.6    Spec PCB temps    = 40.2, 40.9, 40.9, 40.7, 40.9, 41.1, 39.1, 39.9
2025/09/25 10:42:42.6 
2025/09/25 10:42:42.7 Old State:16-cycle=25, Elapsed Time:    5.0,  Ideal Time:    4.8,  Delay time =   0.04  New State:ENGN_StateRunning_SamplingComplete
2025/09/25 10:42:42.8 Old State:18-ENGN_StateRunning_SamplingComplete New State:ENGN_StateRunning_WaitNewStep
2025/09/25 10:42:42.9 Old State:5-ENGN_StateRunning_WaitNewStep New State:ENGN_StateRunning_StartNewStep
2025/09/25 10:42:42.9 StartShaker(400)
2025/09/25 10:42:43.2 Temp: 2025/09/25 10:42:43, 30.0000
2025/09/25 10:42:43.2 Old State:6-ENGN_StateRunning_StartNewStep New State:ENGN_StateRunning_WaitGoingToSample
2025/09/25 10:42:43.2 Sample96_Q(0, 0, 11)
2025/09/25 10:42:43.3 
2025/09/25 10:42:43.3 START SCAN: 
2025/09/25 10:42:43.3    CycleTime (ms)    = 200
2025/09/25 10:42:43.3    CycleCount        = 25
2025/09/25 10:42:43.3    ScansToAverage    = 20
2025/09/25 10:42:43.3    FinishTime (s)    = 5
2025/09/25 10:42:43.3    Temperature       = 30.0
2025/09/25 10:42:43.3    Lamp Power        = 36
2025/09/25 10:42:43.3    Spec PCB temps    = 40.2, 40.9, 40.9, 40.7, 40.9, 41.0, 39.1, 39.9
2025/09/25 10:42:43.3 
2025/09/25 10:42:43.3 GMC_SetPosZ
2025/09/25 10:42:43.4 Old State:12-ENGN_StateRunning_WaitGoingToSample New State:ENGN_StateRunning_GoingToSample
2025/09/25 10:42:48.2 GMC_ServoHere
2025/09/25 10:42:48.3 GMC_SetPosXY
2025/09/25 10:42:48.7 GMC_SetPosZ
2025/09/25 10:42:54.2 Old State:13-cycle=1, Elapsed Time:    0.0,  Ideal Time:    0.0,  Delay time =   0.00  New State:ENGN_StateRunning_GoingToSampleComplete
2025/09/25 10:42:54.3 Old State:14-ENGN_StateRunning_GoingToSampleComplete New State:ENGN_StateRunning_WaitSampling
2025/09/25 10:42:54.3 Step started at: 10:42:43
2025/09/25 10:42:54.3 XYZ movement time  = 10747 ms + Scan start delay = 10699 ms
2025/09/25 10:42:54.4 Old State:15-ENGN_StateRunning_WaitSampling New State:ENGN_StateRunning_Sampling
2025/09/25 10:42:58.9 
2025/09/25 10:42:58.9 STOP SCAN: 
2025/09/25 10:42:58.9    CycleTime (ms)    = 200
2025/09/25 10:42:58.9    CurrentCycle      = 25
2025/09/25 10:42:58.9    RunTime (ms)      = 4956
2025/09/25 10:42:58.9    AverageCycle (ms) = 198.2
2025/09/25 10:42:58.9    Temperature       = 30.0
2025/09/25 10:42:58.9    DATA OVERRUN %    = 0.00
2025/09/25 10:42:58.9    Spec PCB temps    = 40.2, 40.9, 40.9, 40.7, 40.9, 41.0, 39.1, 39.9
2025/09/25 10:42:58.9 
2025/09/25 10:42:59.0 Old State:16-cycle=25, Elapsed Time:    5.0,  Ideal Time:    4.8,  Delay time =   0.05  New State:ENGN_StateRunning_SamplingComplete
2025/09/25 10:42:59.1 Old State:18-ENGN_StateRunning_SamplingComplete New State:ENGN_StateRunning_WaitNewStep
2025/09/25 10:42:59.3 Old State:5-ENGN_StateRunning_WaitNewStep New State:ENGN_StateRunning_StartNewStep
2025/09/25 10:42:59.4 StartShaker(400)
2025/09/25 10:42:59.6 Temp: 2025/09/25 10:42:59, 30.0000
2025/09/25 10:42:59.7 Old State:6-ENGN_StateRunning_StartNewStep New State:ENGN_StateRunning_WaitGoingToSample
2025/09/25 10:42:59.7 Sample96_Q(0, 0, 10)
2025/09/25 10:42:59.8 GMC_SetPosZ
2025/09/25 10:42:59.8 
2025/09/25 10:42:59.8 START SCAN: 
2025/09/25 10:42:59.8    CycleTime (ms)    = 200
2025/09/25 10:42:59.8    CycleCount        = 25
2025/09/25 10:42:59.8    ScansToAverage    = 20
2025/09/25 10:42:59.8    FinishTime (s)    = 5
2025/09/25 10:42:59.8    Temperature       = 30.0
2025/09/25 10:42:59.8    Lamp Power        = 36
2025/09/25 10:42:59.8    Spec PCB temps    = 40.2, 40.9, 40.9, 40.7, 40.9, 41.0, 39.1, 39.9
2025/09/25 10:42:59.8 
2025/09/25 10:42:59.8 Old State:12-ENGN_StateRunning_WaitGoingToSample New State:ENGN_StateRunning_GoingToSample
2025/09/25 10:43:05.0 GMC_ServoHere
2025/09/25 10:43:05.1 GMC_SetPosXY
2025/09/25 10:43:05.5 GMC_SetPosZ
2025/09/25 10:43:10.6 Old State:13-cycle=1, Elapsed Time:    0.0,  Ideal Time:    0.0,  Delay time =   0.00  New State:ENGN_StateRunning_GoingToSampleComplete
2025/09/25 10:43:10.7 Old State:14-ENGN_StateRunning_GoingToSampleComplete New State:ENGN_StateRunning_WaitSampling
2025/09/25 10:43:10.7 Step started at: 10:42:59
2025/09/25 10:43:10.7 XYZ movement time  = 10709 ms + Scan start delay = 10680 ms
2025/09/25 10:43:10.8 Old State:15-ENGN_StateRunning_WaitSampling New State:ENGN_StateRunning_Sampling
2025/09/25 10:43:15.3 
2025/09/25 10:43:15.3 STOP SCAN: 
2025/09/25 10:43:15.3    CycleTime (ms)    = 200
2025/09/25 10:43:15.3    CurrentCycle      = 25
2025/09/25 10:43:15.3    RunTime (ms)      = 4952
2025/09/25 10:43:15.3    AverageCycle (ms) = 198.1
2025/09/25 10:43:15.3    Temperature       = 30.0
2025/09/25 10:43:15.3    DATA OVERRUN %    = 0.00
2025/09/25 10:43:15.3    Spec PCB temps    = 40.2, 40.9, 40.9, 40.7, 40.9, 41.0, 39.1, 39.9
2025/09/25 10:43:15.3 
2025/09/25 10:43:15.5 Old State:16-cycle=25, Elapsed Time:    5.0,  Ideal Time:    4.8,  Delay time =   0.04  New State:ENGN_StateRunning_SamplingComplete
2025/09/25 10:43:15.6 Old State:18-ENGN_StateRunning_SamplingComplete New State:ENGN_StateRunning_WaitNewStep
2025/09/25 10:43:15.8 Old State:5-ENGN_StateRunning_WaitNewStep New State:ENGN_StateRunning_StartNewStep
2025/09/25 10:43:15.8 StartShaker(400)
2025/09/25 10:43:16.1 Temp: 2025/09/25 10:43:16, 30.0000
2025/09/25 10:43:16.1 Old State:6-ENGN_StateRunning_StartNewStep New State:ENGN_StateRunning_WaitGoingToSample
2025/09/25 10:43:16.1 Sample96_Q(0, 0, 11)
2025/09/25 10:43:16.2 GMC_SetPosZ
2025/09/25 10:43:16.2 
2025/09/25 10:43:16.2 START SCAN: 
2025/09/25 10:43:16.2    CycleTime (ms)    = 200
2025/09/25 10:43:16.2    CycleCount        = 25
2025/09/25 10:43:16.2    ScansToAverage    = 20
2025/09/25 10:43:16.2    FinishTime (s)    = 5
2025/09/25 10:43:16.2    Temperature       = 30.0
2025/09/25 10:43:16.2    Lamp Power        = 36
2025/09/25 10:43:16.2    Spec PCB temps    = 40.2, 40.9, 40.9, 40.7, 40.9, 41.0, 39.1, 39.9
2025/09/25 10:43:16.2 
2025/09/25 10:43:16.3 Old State:12-ENGN_StateRunning_WaitGoingToSample New State:ENGN_StateRunning_GoingToSample
2025/09/25 10:43:21.1 GMC_ServoHere
2025/09/25 10:43:21.2 GMC_SetPosXY
2025/09/25 10:43:21.6 GMC_SetPosZ
2025/09/25 10:43:26.9 Old State:13-ENGN_StateRunning_GoingToSample New State:ENGN_StateRunning_GoingToSampleComplete
2025/09/25 10:43:27.1 Old State:14-cycle=1, Elapsed Time:    0.0,  Ideal Time:    0.0,  Delay time =   0.00  New State:ENGN_StateRunning_WaitSampling
2025/09/25 10:43:27.1 Step started at: 10:43:16
2025/09/25 10:43:27.1 XYZ movement time  = 10659 ms + Scan start delay = 10661 ms
2025/09/25 10:43:27.2 Old State:15-ENGN_StateRunning_WaitSampling New State:ENGN_StateRunning_Sampling
2025/09/25 10:43:31.8 
2025/09/25 10:43:31.8 STOP SCAN: 
2025/09/25 10:43:31.8    CycleTime (ms)    = 200
2025/09/25 10:43:31.8    CurrentCycle      = 25
2025/09/25 10:43:31.8    RunTime (ms)      = 4952
2025/09/25 10:43:31.8    AverageCycle (ms) = 198.1
2025/09/25 10:43:31.8    Temperature       = 30.0
2025/09/25 10:43:31.8    DATA OVERRUN %    = 0.00
2025/09/25 10:43:31.8    Spec PCB temps    = 40.2, 40.9, 40.9, 40.7, 40.9, 41.0, 39.1, 39.9
2025/09/25 10:43:31.8 
2025/09/25 10:43:31.9 Old State:16-cycle=25, Elapsed Time:    5.0,  Ideal Time:    4.8,  Delay time =   0.05  New State:ENGN_StateRunning_SamplingComplete
2025/09/25 10:43:32.0 Old State:18-ENGN_StateRunning_SamplingComplete New State:ENGN_StateRunning_WaitNewStep
2025/09/25 10:43:32.3 Old State:5-ENGN_StateRunning_WaitNewStep New State:ENGN_StateRunning_StartNewStep
2025/09/25 10:43:32.3 StartShaker(400)
2025/09/25 10:43:32.6 Temp: 2025/09/25 10:43:32, 30.0000
2025/09/25 10:43:32.6 Old State:6-ENGN_StateRunning_StartNewStep New State:ENGN_StateRunning_WaitGoingToSample
2025/09/25 10:43:32.6 Sample96_Q(0, 0, 10)
2025/09/25 10:43:32.7 GMC_SetPosZ
2025/09/25 10:43:32.7 
2025/09/25 10:43:32.7 START SCAN: 
2025/09/25 10:43:32.7    CycleTime (ms)    = 200
2025/09/25 10:43:32.7    CycleCount        = 25
2025/09/25 10:43:32.7    ScansToAverage    = 20
2025/09/25 10:43:32.7    FinishTime (s)    = 5
2025/09/25 10:43:32.7    Temperature       = 30.0
2025/09/25 10:43:32.7    Lamp Power        = 36
2025/09/25 10:43:32.7    Spec PCB temps    = 40.2, 40.9, 40.9, 40.7, 40.9, 41.0, 39.1, 39.9
2025/09/25 10:43:32.7 
2025/09/25 10:43:32.8 Old State:12-ENGN_StateRunning_WaitGoingToSample New State:ENGN_StateRunning_GoingToSample
2025/09/25 10:43:37.8 GMC_ServoHere
2025/09/25 10:43:37.9 GMC_SetPosXY
2025/09/25 10:43:38.3 GMC_SetPosZ
2025/09/25 10:43:43.4 Old State:13-cycle=1, Elapsed Time:    0.0,  Ideal Time:    0.0,  Delay time =   0.00  New State:ENGN_StateRunning_GoingToSampleComplete
2025/09/25 10:43:43.5 Old State:14-ENGN_StateRunning_GoingToSampleComplete New State:ENGN_StateRunning_WaitSampling
2025/09/25 10:43:43.5 Step started at: 10:43:32
2025/09/25 10:43:43.5 XYZ movement time  = 10604 ms + Scan start delay = 10587 ms
2025/09/25 10:43:43.6 Old State:15-ENGN_StateRunning_WaitSampling New State:ENGN_StateRunning_Sampling
2025/09/25 10:43:48.1 
2025/09/25 10:43:48.1 STOP SCAN: 
2025/09/25 10:43:48.1    CycleTime (ms)    = 200
2025/09/25 10:43:48.1    CurrentCycle      = 25
2025/09/25 10:43:48.1    RunTime (ms)      = 4952
2025/09/25 10:43:48.1    AverageCycle (ms) = 198.1
2025/09/25 10:43:48.1    Temperature       = 30.0
2025/09/25 10:43:48.1    DATA OVERRUN %    = 0.00
2025/09/25 10:43:48.1    Spec PCB temps    = 40.2, 40.9, 40.9, 40.7, 40.9, 41.0, 39.1, 39.9
2025/09/25 10:43:48.1 
2025/09/25 10:43:48.2 Old State:16-cycle=25, Elapsed Time:    5.0,  Ideal Time:    4.8,  Delay time =   0.04  New State:ENGN_StateRunning_SamplingComplete
2025/09/25 10:43:48.4 Old State:18-ENGN_StateRunning_SamplingComplete New State:ENGN_StateRunning_WaitNewStep
2025/09/25 10:43:48.7 Old State:5-ENGN_StateRunning_WaitNewStep New State:ENGN_StateRunning_StartNewStep
2025/09/25 10:43:48.7 StartShaker(400)
2025/09/25 10:43:49.0 Old State:6-ENGN_StateRunning_StartNewStep New State:ENGN_StateRunning_WaitGoingToSample
2025/09/25 10:43:49.0 Sample96_Q(0, 0, 11)
2025/09/25 10:43:49.1 Temp: 2025/09/25 10:43:49, 30.0000
2025/09/25 10:43:49.1 
2025/09/25 10:43:49.1 START SCAN: 
2025/09/25 10:43:49.1    CycleTime (ms)    = 200
2025/09/25 10:43:49.1    CycleCount        = 25
2025/09/25 10:43:49.1    ScansToAverage    = 20
2025/09/25 10:43:49.1    FinishTime (s)    = 5
2025/09/25 10:43:49.1    Temperature       = 30.0
2025/09/25 10:43:49.1    Lamp Power        = 36
2025/09/25 10:43:49.1    Spec PCB temps    = 40.2, 40.9, 40.9, 40.7, 40.9, 41.0, 39.1, 39.9
2025/09/25 10:43:49.1 
2025/09/25 10:43:49.2 GMC_SetPosZ
2025/09/25 10:43:49.2 Old State:12-ENGN_StateRunning_WaitGoingToSample New State:ENGN_StateRunning_GoingToSample
2025/09/25 10:43:54.0 GMC_ServoHere
2025/09/25 10:43:54.2 GMC_SetPosXY
2025/09/25 10:43:54.5 GMC_SetPosZ
2025/09/25 10:43:59.9 Old State:13-cycle=1, Elapsed Time:    0.0,  Ideal Time:    0.0,  Delay time =   0.00  New State:ENGN_StateRunning_GoingToSampleComplete
2025/09/25 10:44:00.0 Old State:14-ENGN_StateRunning_GoingToSampleComplete New State:ENGN_StateRunning_WaitSampling
2025/09/25 10:44:00.0 Step started at: 10:43:49
2025/09/25 10:44:00.0 XYZ movement time  = 10677 ms + Scan start delay = 10664 ms
2025/09/25 10:44:00.1 Old State:15-ENGN_StateRunning_WaitSampling New State:ENGN_StateRunning_Sampling
2025/09/25 10:44:04.7 
2025/09/25 10:44:04.7 STOP SCAN: 
2025/09/25 10:44:04.7    CycleTime (ms)    = 200
2025/09/25 10:44:04.7    CurrentCycle      = 25
2025/09/25 10:44:04.7    RunTime (ms)      = 4951
2025/09/25 10:44:04.7    AverageCycle (ms) = 198.0
2025/09/25 10:44:04.7    Temperature       = 30.0
2025/09/25 10:44:04.7    DATA OVERRUN %    = 0.00
2025/09/25 10:44:04.7    Spec PCB temps    = 40.2, 40.9, 40.9, 40.7, 40.9, 41.0, 39.1, 39.9
2025/09/25 10:44:04.7 
2025/09/25 10:44:04.7 Old State:16-cycle=25, Elapsed Time:    5.0,  Ideal Time:    4.8,  Delay time =   0.05  New State:ENGN_StateRunning_SamplingComplete
2025/09/25 10:44:04.9 Old State:18-ENGN_StateRunning_SamplingComplete New State:ENGN_StateRunning_WaitNewStep
2025/09/25 10:44:05.2 Old State:5-ENGN_StateRunning_WaitNewStep New State:ENGN_StateRunning_StartNewStep
2025/09/25 10:44:05.2 StartShaker(400)
2025/09/25 10:44:05.5 Old State:6-ENGN_StateRunning_StartNewStep New State:ENGN_StateRunning_WaitGoingToSample
2025/09/25 10:44:05.5 Temp: 2025/09/25 10:44:05, 30.0000
2025/09/25 10:44:05.5 Sample96_Q(0, 0, 0)
2025/09/25 10:44:05.6 GMC_SetPosZ
2025/09/25 10:44:05.6 
2025/09/25 10:44:05.6 START SCAN: 
2025/09/25 10:44:05.6    CycleTime (ms)    = 200
2025/09/25 10:44:05.6    CycleCount        = 600
2025/09/25 10:44:05.6    ScansToAverage    = 20
2025/09/25 10:44:05.6    FinishTime (s)    = 120
2025/09/25 10:44:05.6    Temperature       = 30.0
2025/09/25 10:44:05.6    Lamp Power        = 36
2025/09/25 10:44:05.6    Spec PCB temps    = 40.2, 40.9, 40.9, 40.7, 40.9, 41.0, 39.1, 39.9
2025/09/25 10:44:05.6 
2025/09/25 10:44:05.7 Old State:12-ENGN_StateRunning_WaitGoingToSample New State:ENGN_StateRunning_GoingToSample
2025/09/25 10:44:10.7 GMC_ServoHere
2025/09/25 10:44:10.9 GMC_SetPosXY
2025/09/25 10:44:12.7 GMC_SetPosZ
2025/09/25 10:44:14.9 Old State:13-cycle=1, Elapsed Time:    0.0,  Ideal Time:    0.0,  Delay time =   0.00  New State:ENGN_StateRunning_GoingToSampleComplete
2025/09/25 10:44:15.0 Old State:14-ENGN_StateRunning_GoingToSampleComplete New State:ENGN_StateRunning_WaitSampling
2025/09/25 10:44:15.0 Step started at: 10:44:05
2025/09/25 10:44:15.0 XYZ movement time  = 9255 ms + Scan start delay = 9188 ms
2025/09/25 10:44:15.1 Old State:15-ENGN_StateRunning_WaitSampling New State:ENGN_StateRunning_Sampling
2025/09/25 10:45:05.6 Temp: 2025/09/25 10:45:05, 30.0000
2025/09/25 10:46:05.6 Temp: 2025/09/25 10:46:05, 30.0000
2025/09/25 10:46:14.7 
2025/09/25 10:46:14.7 STOP SCAN: 
2025/09/25 10:46:14.7    CycleTime (ms)    = 200
2025/09/25 10:46:14.7    CurrentCycle      = 600
2025/09/25 10:46:14.7    RunTime (ms)      = 119952
2025/09/25 10:46:14.7    AverageCycle (ms) = 199.9
2025/09/25 10:46:14.7    Temperature       = 30.0
2025/09/25 10:46:14.7    DATA OVERRUN %    = 0.00
2025/09/25 10:46:14.7    Spec PCB temps    = 40.3, 40.9, 40.9, 40.7, 40.9, 41.0, 39.1, 39.9
2025/09/25 10:46:14.7 
2025/09/25 10:46:14.8 Old State:16-cycle=600, Elapsed Time:  120.0,  Ideal Time:  119.8,  Delay time =   0.04  New State:ENGN_StateRunning_SamplingComplete
2025/09/25 10:46:14.9 Old State:18-ENGN_StateRunning_SamplingComplete New State:ENGN_StateRunning_WaitNewStep
2025/09/25 10:46:15.3 Old State:5-ENGN_StateRunning_WaitNewStep New State:ENGN_StateRunning_StartNewStep
2025/09/25 10:46:15.3 StartShaker(400)
2025/09/25 10:46:15.6 Temp: 2025/09/25 10:46:15, 30.0000
2025/09/25 10:46:15.6 Old State:6-ENGN_StateRunning_StartNewStep New State:ENGN_StateRunning_WaitGoingToSample
2025/09/25 10:46:15.7 Sample96_Q(0, 0, 10)
2025/09/25 10:46:15.7 GMC_SetPosZ
2025/09/25 10:46:15.7 
2025/09/25 10:46:15.7 START SCAN: 
2025/09/25 10:46:15.7    CycleTime (ms)    = 200
2025/09/25 10:46:15.7    CycleCount        = 25
2025/09/25 10:46:15.7    ScansToAverage    = 20
2025/09/25 10:46:15.7    FinishTime (s)    = 5
2025/09/25 10:46:15.7    Temperature       = 30.0
2025/09/25 10:46:15.7    Lamp Power        = 36
2025/09/25 10:46:15.7    Spec PCB temps    = 40.3, 40.9, 40.9, 40.7, 40.9, 41.0, 39.1, 39.9
2025/09/25 10:46:15.7 
2025/09/25 10:46:15.8 Old State:12-ENGN_StateRunning_WaitGoingToSample New State:ENGN_StateRunning_GoingToSample
2025/09/25 10:46:17.7 GMC_ServoHere
2025/09/25 10:46:17.8 GMC_SetPosXY
2025/09/25 10:46:19.5 GMC_SetPosZ
2025/09/25 10:46:24.5 Old State:13-cycle=1, Elapsed Time:    0.0,  Ideal Time:    0.0,  Delay time =   0.00  New State:ENGN_StateRunning_GoingToSampleComplete
2025/09/25 10:46:24.6 Old State:14-ENGN_StateRunning_GoingToSampleComplete New State:ENGN_StateRunning_WaitSampling
2025/09/25 10:46:24.6 Step started at: 10:46:15
2025/09/25 10:46:24.6 XYZ movement time  = 8789 ms + Scan start delay = 8721 ms
2025/09/25 10:46:24.7 Old State:15-ENGN_StateRunning_WaitSampling New State:ENGN_StateRunning_Sampling
2025/09/25 10:46:29.3 
2025/09/25 10:46:29.3 STOP SCAN: 
2025/09/25 10:46:29.3    CycleTime (ms)    = 200
2025/09/25 10:46:29.3    CurrentCycle      = 25
2025/09/25 10:46:29.3    RunTime (ms)      = 4953
2025/09/25 10:46:29.3    AverageCycle (ms) = 198.1
2025/09/25 10:46:29.3    Temperature       = 30.0
2025/09/25 10:46:29.3    DATA OVERRUN %    = 0.00
2025/09/25 10:46:29.3    Spec PCB temps    = 40.2, 40.9, 40.9, 40.7, 40.9, 41.0, 39.1, 39.9
2025/09/25 10:46:29.3 
2025/09/25 10:46:29.4 Old State:16-cycle=25, Elapsed Time:    5.0,  Ideal Time:    4.8,  Delay time =   0.04  New State:ENGN_StateRunning_SamplingComplete
2025/09/25 10:46:29.6 Old State:18-ENGN_StateRunning_SamplingComplete New State:ENGN_StateRunning_WaitNewStep
2025/09/25 10:46:29.7 Old State:5-ENGN_StateRunning_WaitNewStep New State:ENGN_StateRunning_StartNewStep
2025/09/25 10:46:29.7 StartShaker(400)
2025/09/25 10:46:30.0 Old State:6-ENGN_StateRunning_StartNewStep New State:ENGN_StateRunning_WaitGoingToSample
2025/09/25 10:46:30.0 Sample96_Q(0, 0, 11)
2025/09/25 10:46:30.0 Temp: 2025/09/25 10:46:30, 30.0000
2025/09/25 10:46:30.1 GMC_SetPosZ
2025/09/25 10:46:30.1 
2025/09/25 10:46:30.1 START SCAN: 
2025/09/25 10:46:30.1    CycleTime (ms)    = 200
2025/09/25 10:46:30.1    CycleCount        = 25
2025/09/25 10:46:30.1    ScansToAverage    = 20
2025/09/25 10:46:30.1    FinishTime (s)    = 5
2025/09/25 10:46:30.1    Temperature       = 30.0
2025/09/25 10:46:30.1    Lamp Power        = 36
2025/09/25 10:46:30.1    Spec PCB temps    = 40.3, 40.9, 40.9, 40.7, 40.9, 41.0, 39.1, 39.9
2025/09/25 10:46:30.1 
2025/09/25 10:46:30.2 Old State:12-ENGN_StateRunning_WaitGoingToSample New State:ENGN_StateRunning_GoingToSample
2025/09/25 10:46:34.9 GMC_ServoHere
2025/09/25 10:46:35.0 GMC_SetPosXY
2025/09/25 10:46:35.4 GMC_SetPosZ
2025/09/25 10:46:40.8 Old State:13-cycle=1, Elapsed Time:    0.0,  Ideal Time:    0.0,  Delay time =   0.00  New State:ENGN_StateRunning_GoingToSampleComplete
2025/09/25 10:46:40.9 Old State:14-ENGN_StateRunning_GoingToSampleComplete New State:ENGN_StateRunning_WaitSampling
2025/09/25 10:46:40.9 Step started at: 10:46:30
2025/09/25 10:46:40.9 XYZ movement time  = 10625 ms + Scan start delay = 10589 ms
2025/09/25 10:46:41.0 Old State:15-ENGN_StateRunning_WaitSampling New State:ENGN_StateRunning_Sampling
2025/09/25 10:46:45.6 
2025/09/25 10:46:45.6 STOP SCAN: 
2025/09/25 10:46:45.6    CycleTime (ms)    = 200
2025/09/25 10:46:45.6    CurrentCycle      = 25
2025/09/25 10:46:45.6    RunTime (ms)      = 4952
2025/09/25 10:46:45.6    AverageCycle (ms) = 198.1
2025/09/25 10:46:45.6    Temperature       = 30.0
2025/09/25 10:46:45.6    DATA OVERRUN %    = 0.00
2025/09/25 10:46:45.6    Spec PCB temps    = 40.2, 40.9, 40.9, 40.7, 40.9, 41.0, 39.1, 39.9
2025/09/25 10:46:45.6 
2025/09/25 10:46:45.7 Old State:16-cycle=25, Elapsed Time:    5.0,  Ideal Time:    4.8,  Delay time =   0.05  New State:ENGN_StateRunning_SamplingComplete
2025/09/25 10:46:45.8 Old State:18-ENGN_StateRunning_SamplingComplete New State:ENGN_StateRunning_WaitNewStep
2025/09/25 10:46:46.2 Old State:5-ENGN_StateRunning_WaitNewStep New State:ENGN_StateRunning_StartNewStep
2025/09/25 10:46:46.2 StartShaker(400)
2025/09/25 10:46:46.5 Temp: 2025/09/25 10:46:46, 30.0000
2025/09/25 10:46:46.6 Old State:6-ENGN_StateRunning_StartNewStep New State:ENGN_StateRunning_WaitGoingToSample
2025/09/25 10:46:46.6 Sample96_Q(0, 0, 10)
2025/09/25 10:46:46.6 GMC_SetPosZ
2025/09/25 10:46:46.7 
2025/09/25 10:46:46.7 START SCAN: 
2025/09/25 10:46:46.7    CycleTime (ms)    = 200
2025/09/25 10:46:46.7    CycleCount        = 25
2025/09/25 10:46:46.7    ScansToAverage    = 20
2025/09/25 10:46:46.7    FinishTime (s)    = 5
2025/09/25 10:46:46.7    Temperature       = 30.0
2025/09/25 10:46:46.7    Lamp Power        = 36
2025/09/25 10:46:46.7    Spec PCB temps    = 40.3, 40.9, 40.9, 40.7, 40.9, 41.0, 39.1, 39.9
2025/09/25 10:46:46.7 
2025/09/25 10:46:46.7 Old State:12-ENGN_StateRunning_WaitGoingToSample New State:ENGN_StateRunning_GoingToSample
2025/09/25 10:46:51.8 GMC_ServoHere
2025/09/25 10:46:51.9 GMC_SetPosXY
2025/09/25 10:46:52.3 GMC_SetPosZ
2025/09/25 10:46:57.4 Old State:13-cycle=1, Elapsed Time:    0.0,  Ideal Time:    0.0,  Delay time =   0.00  New State:ENGN_StateRunning_GoingToSampleComplete
2025/09/25 10:46:57.5 Old State:14-ENGN_StateRunning_GoingToSampleComplete New State:ENGN_StateRunning_WaitSampling
2025/09/25 10:46:57.5 Step started at: 10:46:46
2025/09/25 10:46:57.5 XYZ movement time  = 10656 ms + Scan start delay = 10589 ms
2025/09/25 10:46:57.6 Old State:15-ENGN_StateRunning_WaitSampling New State:ENGN_StateRunning_Sampling
2025/09/25 10:47:02.1 
2025/09/25 10:47:02.1 STOP SCAN: 
2025/09/25 10:47:02.1    CycleTime (ms)    = 200
2025/09/25 10:47:02.1    CurrentCycle      = 25
2025/09/25 10:47:02.1    RunTime (ms)      = 4951
2025/09/25 10:47:02.1    AverageCycle (ms) = 198.0
2025/09/25 10:47:02.1    Temperature       = 30.0
2025/09/25 10:47:02.1    DATA OVERRUN %    = 0.00
2025/09/25 10:47:02.1    Spec PCB temps    = 40.2, 40.9, 40.9, 40.7, 40.9, 41.0, 39.1, 39.9
2025/09/25 10:47:02.1 
2025/09/25 10:47:02.3 Old State:16-cycle=25, Elapsed Time:    5.0,  Ideal Time:    4.8,  Delay time =   0.05  New State:ENGN_StateRunning_SamplingComplete
2025/09/25 10:47:02.4 Old State:18-ENGN_StateRunning_SamplingComplete New State:ENGN_StateRunning_WaitNewStep
2025/09/25 10:47:02.6 Old State:5-ENGN_StateRunning_WaitNewStep New State:ENGN_StateRunning_StartNewStep
2025/09/25 10:47:02.6 StartShaker(400)
2025/09/25 10:47:02.9 Old State:6-ENGN_StateRunning_StartNewStep New State:ENGN_StateRunning_WaitGoingToSample
2025/09/25 10:47:02.9 Sample96_Q(0, 0, 11)
2025/09/25 10:47:03.0 Temp: 2025/09/25 10:47:03, 30.0000
2025/09/25 10:47:03.0 GMC_SetPosZ
2025/09/25 10:47:03.0 
2025/09/25 10:47:03.0 START SCAN: 
2025/09/25 10:47:03.0    CycleTime (ms)    = 200
2025/09/25 10:47:03.0    CycleCount        = 25
2025/09/25 10:47:03.0    ScansToAverage    = 20
2025/09/25 10:47:03.0    FinishTime (s)    = 5
2025/09/25 10:47:03.0    Temperature       = 30.0
2025/09/25 10:47:03.0    Lamp Power        = 36
2025/09/25 10:47:03.0    Spec PCB temps    = 40.3, 40.9, 40.9, 40.7, 40.9, 41.0, 39.1, 39.9
2025/09/25 10:47:03.0 
2025/09/25 10:47:03.1 Old State:12-ENGN_StateRunning_WaitGoingToSample New State:ENGN_StateRunning_GoingToSample
2025/09/25 10:47:07.8 GMC_ServoHere
2025/09/25 10:47:08.0 GMC_SetPosXY
2025/09/25 10:47:08.3 GMC_SetPosZ
2025/09/25 10:47:13.8 Old State:13-cycle=1, Elapsed Time:    0.0,  Ideal Time:    0.0,  Delay time =   0.00  New State:ENGN_StateRunning_GoingToSampleComplete
2025/09/25 10:47:13.9 Old State:14-ENGN_StateRunning_GoingToSampleComplete New State:ENGN_StateRunning_WaitSampling
2025/09/25 10:47:13.9 Step started at: 10:47:03
2025/09/25 10:47:13.9 XYZ movement time  = 10648 ms + Scan start delay = 10594 ms
2025/09/25 10:47:14.0 Old State:15-ENGN_StateRunning_WaitSampling New State:ENGN_StateRunning_Sampling
2025/09/25 10:47:18.5 
2025/09/25 10:47:18.5 STOP SCAN: 
2025/09/25 10:47:18.5    CycleTime (ms)    = 200
2025/09/25 10:47:18.5    CurrentCycle      = 25
2025/09/25 10:47:18.5    RunTime (ms)      = 4959
2025/09/25 10:47:18.5    AverageCycle (ms) = 198.4
2025/09/25 10:47:18.5    Temperature       = 30.0
2025/09/25 10:47:18.5    DATA OVERRUN %    = 0.00
2025/09/25 10:47:18.5    Spec PCB temps    = 40.3, 40.9, 40.9, 40.7, 40.9, 41.0, 39.1, 40.0
2025/09/25 10:47:18.5 
2025/09/25 10:47:18.6 Old State:16-cycle=25, Elapsed Time:    5.0,  Ideal Time:    4.8,  Delay time =   0.05  New State:ENGN_StateRunning_SamplingComplete
2025/09/25 10:47:18.8 Old State:18-ENGN_StateRunning_SamplingComplete New State:ENGN_StateRunning_WaitNewStep
2025/09/25 10:47:19.1 Old State:5-ENGN_StateRunning_WaitNewStep New State:ENGN_StateRunning_StartNewStep
2025/09/25 10:47:19.1 StartShaker(400)
2025/09/25 10:47:19.4 Old State:6-ENGN_StateRunning_StartNewStep New State:ENGN_StateRunning_WaitGoingToSample
2025/09/25 10:47:19.4 Sample96_Q(0, 0, 10)
2025/09/25 10:47:19.4 Temp: 2025/09/25 10:47:19, 30.0000
2025/09/25 10:47:19.5 
2025/09/25 10:47:19.5 START SCAN: 
2025/09/25 10:47:19.5    CycleTime (ms)    = 200
2025/09/25 10:47:19.5    CycleCount        = 25
2025/09/25 10:47:19.5    ScansToAverage    = 20
2025/09/25 10:47:19.5    FinishTime (s)    = 5
2025/09/25 10:47:19.5    Temperature       = 30.0
2025/09/25 10:47:19.5    Lamp Power        = 36
2025/09/25 10:47:19.5    Spec PCB temps    = 40.3, 40.9, 40.9, 40.7, 40.9, 41.0, 39.1, 39.9
2025/09/25 10:47:19.5 
2025/09/25 10:47:19.6 GMC_SetPosZ
2025/09/25 10:47:19.6 Old State:12-ENGN_StateRunning_WaitGoingToSample New State:ENGN_StateRunning_GoingToSample
2025/09/25 10:47:24.8 GMC_ServoHere
2025/09/25 10:47:24.9 GMC_SetPosXY
2025/09/25 10:47:25.3 GMC_SetPosZ
2025/09/25 10:47:30.4 Old State:13-cycle=1, Elapsed Time:    0.0,  Ideal Time:    0.0,  Delay time =   0.00  New State:ENGN_StateRunning_GoingToSampleComplete
2025/09/25 10:47:30.5 Old State:14-ENGN_StateRunning_GoingToSampleComplete New State:ENGN_StateRunning_WaitSampling
2025/09/25 10:47:30.5 Step started at: 10:47:19
2025/09/25 10:47:30.5 XYZ movement time  = 10784 ms + Scan start delay = 10733 ms
2025/09/25 10:47:30.6 Old State:15-ENGN_StateRunning_WaitSampling New State:ENGN_StateRunning_Sampling
2025/09/25 10:47:35.1 
2025/09/25 10:47:35.1 STOP SCAN: 
2025/09/25 10:47:35.1    CycleTime (ms)    = 200
2025/09/25 10:47:35.1    CurrentCycle      = 25
2025/09/25 10:47:35.1    RunTime (ms)      = 4950
2025/09/25 10:47:35.1    AverageCycle (ms) = 198.0
2025/09/25 10:47:35.1    Temperature       = 30.0
2025/09/25 10:47:35.1    DATA OVERRUN %    = 0.00
2025/09/25 10:47:35.1    Spec PCB temps    = 40.3, 40.9, 40.9, 40.7, 40.9, 41.0, 39.2, 39.9
2025/09/25 10:47:35.1 
2025/09/25 10:47:35.3 Old State:16-cycle=25, Elapsed Time:    5.0,  Ideal Time:    4.8,  Delay time =   0.05  New State:ENGN_StateRunning_SamplingComplete
2025/09/25 10:47:35.4 Old State:18-ENGN_StateRunning_SamplingComplete New State:ENGN_StateRunning_WaitNewStep
2025/09/25 10:47:35.6 Old State:5-ENGN_StateRunning_WaitNewStep New State:ENGN_StateRunning_StartNewStep
2025/09/25 10:47:35.6 StartShaker(400)
2025/09/25 10:47:35.9 Temp: 2025/09/25 10:47:35, 30.0000
2025/09/25 10:47:35.9 Old State:6-ENGN_StateRunning_StartNewStep New State:ENGN_StateRunning_WaitGoingToSample
2025/09/25 10:47:36.0 Sample96_Q(0, 0, 11)
2025/09/25 10:47:36.0 GMC_SetPosZ
2025/09/25 10:47:36.1 
2025/09/25 10:47:36.1 START SCAN: 
2025/09/25 10:47:36.1    CycleTime (ms)    = 200
2025/09/25 10:47:36.1    CycleCount        = 25
2025/09/25 10:47:36.1    ScansToAverage    = 20
2025/09/25 10:47:36.1    FinishTime (s)    = 5
2025/09/25 10:47:36.1    Temperature       = 30.0
2025/09/25 10:47:36.1    Lamp Power        = 36
2025/09/25 10:47:36.1    Spec PCB temps    = 40.2, 40.9, 40.9, 40.7, 40.9, 41.0, 39.1, 40.0
2025/09/25 10:47:36.1 
2025/09/25 10:47:36.2 Old State:12-ENGN_StateRunning_WaitGoingToSample New State:ENGN_StateRunning_GoingToSample
2025/09/25 10:47:40.8 GMC_ServoHere
2025/09/25 10:47:41.0 GMC_SetPosXY
2025/09/25 10:47:41.4 GMC_SetPosZ
2025/09/25 10:47:46.8 Old State:13-cycle=1, Elapsed Time:    0.0,  Ideal Time:    0.0,  Delay time =   0.00  New State:ENGN_StateRunning_GoingToSampleComplete
2025/09/25 10:47:46.9 Old State:14-ENGN_StateRunning_GoingToSampleComplete New State:ENGN_StateRunning_WaitSampling
2025/09/25 10:47:46.9 Step started at: 10:47:36
2025/09/25 10:47:46.9 XYZ movement time  = 10667 ms + Scan start delay = 10616 ms
2025/09/25 10:47:47.0 Old State:15-ENGN_StateRunning_WaitSampling New State:ENGN_StateRunning_Sampling
2025/09/25 10:47:51.5 
2025/09/25 10:47:51.5 STOP SCAN: 
2025/09/25 10:47:51.5    CycleTime (ms)    = 200
2025/09/25 10:47:51.5    CurrentCycle      = 25
2025/09/25 10:47:51.5    RunTime (ms)      = 4957
2025/09/25 10:47:51.5    AverageCycle (ms) = 198.3
2025/09/25 10:47:51.5    Temperature       = 30.0
2025/09/25 10:47:51.5    DATA OVERRUN %    = 0.00
2025/09/25 10:47:51.5    Spec PCB temps    = 40.3, 40.9, 40.9, 40.7, 40.9, 41.0, 39.1, 39.9
2025/09/25 10:47:51.5 
2025/09/25 10:47:51.7 Old State:16-cycle=25, Elapsed Time:    5.0,  Ideal Time:    4.8,  Delay time =   0.05  New State:ENGN_StateRunning_SamplingComplete
2025/09/25 10:47:51.8 Old State:18-ENGN_StateRunning_SamplingComplete New State:ENGN_StateRunning_WaitNewStep
2025/09/25 10:47:52.1 Old State:5-ENGN_StateRunning_WaitNewStep New State:ENGN_StateRunning_StartNewStep
2025/09/25 10:47:52.1 StartShaker(400)
2025/09/25 10:47:52.4 Temp: 2025/09/25 10:47:52, 30.0000
2025/09/25 10:47:52.5 Old State:6-ENGN_StateRunning_StartNewStep New State:ENGN_StateRunning_WaitGoingToSample
2025/09/25 10:47:52.5 Sample96_Q(0, 0, 1)
2025/09/25 10:47:52.5 
2025/09/25 10:47:52.5 START SCAN: 
2025/09/25 10:47:52.5    CycleTime (ms)    = 200
2025/09/25 10:47:52.5    CycleCount        = 600
2025/09/25 10:47:52.5    ScansToAverage    = 20
2025/09/25 10:47:52.5    FinishTime (s)    = 120
2025/09/25 10:47:52.5    Temperature       = 30.0
2025/09/25 10:47:52.5    Lamp Power        = 36
2025/09/25 10:47:52.5    Spec PCB temps    = 40.3, 40.9, 40.9, 40.7, 40.9, 41.0, 39.1, 39.9
2025/09/25 10:47:52.5 
2025/09/25 10:47:52.6 GMC_SetPosZ
2025/09/25 10:47:52.6 Old State:12-ENGN_StateRunning_WaitGoingToSample New State:ENGN_StateRunning_GoingToSample
2025/09/25 10:47:57.7 GMC_ServoHere
2025/09/25 10:47:57.9 GMC_SetPosXY
2025/09/25 10:47:59.5 GMC_SetPosZ
2025/09/25 10:48:01.8 Old State:13-ENGN_StateRunning_GoingToSample New State:ENGN_StateRunning_GoingToSampleComplete
2025/09/25 10:48:01.9 Old State:14-cycle=1, Elapsed Time:    0.0,  Ideal Time:    0.0,  Delay time =   0.00  New State:ENGN_StateRunning_WaitSampling
2025/09/25 10:48:01.9 Step started at: 10:47:52
2025/09/25 10:48:01.9 XYZ movement time  = 9249 ms + Scan start delay = 9258 ms
2025/09/25 10:48:02.0 Old State:15-ENGN_StateRunning_WaitSampling New State:ENGN_StateRunning_Sampling
2025/09/25 10:48:02.0 DFIO: Start writing C:\ForteBio\John\2025_09_25_153x35_BP_D13_\250925_001.frd
2025/09/25 10:48:02.0 DFIO: Finished writing C:\ForteBio\John\2025_09_25_153x35_BP_D13_\250925_001.frd
2025/09/25 10:48:02.0 DFIO: Finished writing C:\ForteBio\John\2025_09_25_153x35_BP_D13_\250925_Manifest.fmx
2025/09/25 10:48:52.4 Temp: 2025/09/25 10:48:52, 30.0000
2025/09/25 10:49:52.5 Temp: 2025/09/25 10:49:52, 30.0000
2025/09/25 10:50:01.7 
2025/09/25 10:50:01.7 STOP SCAN: 
2025/09/25 10:50:01.7    CycleTime (ms)    = 200
2025/09/25 10:50:01.7    CurrentCycle      = 600
2025/09/25 10:50:01.7    RunTime (ms)      = 119954
2025/09/25 10:50:01.7    AverageCycle (ms) = 199.9
2025/09/25 10:50:01.7    Temperature       = 30.0
2025/09/25 10:50:01.7    DATA OVERRUN %    = 0.00
2025/09/25 10:50:01.7    Spec PCB temps    = 40.4, 40.9, 40.9, 40.7, 40.9, 41.1, 39.2, 39.9
2025/09/25 10:50:01.7 
2025/09/25 10:50:01.8 Old State:16-cycle=600, Elapsed Time:  120.0,  Ideal Time:  119.8,  Delay time =   0.04  New State:ENGN_StateRunning_SamplingComplete
2025/09/25 10:50:01.9 Old State:18-ENGN_StateRunning_SamplingComplete New State:ENGN_StateRunning_WaitEjecting
2025/09/25 10:50:01.9 EJECT: To Tray, position=3,0
2025/09/25 10:50:01.9    EjectOffset = 10.0
2025/09/25 10:50:02.0 GMC_SetPosZ
2025/09/25 10:50:02.1 Old State:19-ENGN_StateRunning_WaitEjecting New State:ENGN_StateRunning_Ejecting
2025/09/25 10:50:04.3 GMC_ServoHere
2025/09/25 10:50:04.5 GMC_SetPosXY
2025/09/25 10:50:06.6 GMC_SetPosZ
2025/09/25 10:50:10.8 GMC_Eject
2025/09/25 10:50:10.8 EJECTOR: Eject
2025/09/25 10:50:19.5 GMC_HomeZ
2025/09/25 10:50:25.0 GMC_SetPosZ
2025/09/25 10:50:25.3 GMC_ServoHere
2025/09/25 10:50:25.5 GMC_SetPosZ
2025/09/25 10:50:25.6 GMC_ServoHere
2025/09/25 10:50:25.8 GMC_SetPosXY
2025/09/25 10:50:27.9 GMC_SetPosZ
2025/09/25 10:50:28.3 Old State:20-ENGN_StateRunning_Ejecting New State:ENGN_StateRunning_EjectingComplete
2025/09/25 10:50:28.4 Old State:21-ENGN_StateRunning_EjectingComplete New State:ENGN_StateRunning_Finished
2025/09/25 10:50:28.4 StopShaker
2025/09/25 10:50:28.5 Old State:22-ENGN_StateRunning_Finished New State:ENGN_State_SystemReady
2025/09/25 10:50:28.5 Temp: 2025/09/25 10:50:28, 30.0000
2025/09/25 10:50:28.5 
2025/09/25 10:50:28.5 ASSAY SUMMARY:
2025/09/25 10:50:28.5 ==============
2025/09/25 10:50:28.5   Step #   Duration   Cycles  Overrun %
2025/09/25 10:50:28.5        1       4      25    0.00
2025/09/25 10:50:28.5        2       4      25    0.00
2025/09/25 10:50:28.5        3       4      25    0.00
2025/09/25 10:50:28.5        4       4      25    0.00
2025/09/25 10:50:28.5        5       4      25    0.00
2025/09/25 10:50:28.5        6       4      25    0.00
2025/09/25 10:50:28.5        7     119     600    0.00
2025/09/25 10:50:28.5        8       4      25    0.00
2025/09/25 10:50:28.5        9       4      25    0.00
2025/09/25 10:50:28.5       10       4      25    0.00
2025/09/25 10:50:28.5       11       4      25    0.00
2025/09/25 10:50:28.5       12       4      25    0.00
2025/09/25 10:50:28.5       13       4      25    0.00
2025/09/25 10:50:28.5       14     119     600    0.00
2025/09/25 10:50:28.5 -------------------------------------------
2025/09/25 10:50:28.5    Total     299    1500    0.00
2025/09/25 10:50:28.6 DFIO: Start writing C:\ForteBio\John\2025_09_25_153x35_BP_D13_\250925_002.frd
2025/09/25 10:50:28.6 DFIO: Finished writing C:\ForteBio\John\2025_09_25_153x35_BP_D13_\250925_002.frd
2025/09/25 10:50:28.6 DFIO: Finished writing C:\ForteBio\John\2025_09_25_153x35_BP_D13_\250925_Manifest.fmx
2025/09/25 10:55:48.5 this {Width=251, Height=348} sender {Width=251, Height=348} Clip {Width=249, Height=346}
2025/09/25 10:56:20.8 this {Width=251, Height=348} sender {Width=251, Height=348} Clip {Width=249, Height=346}
2025/09/25 10:56:27.2 Read C:\ForteBio\John\2024_06_25_SI125R1_pMP_SCC_d15_\240625_ExpMethod.fmf in 0 ms
2025/09/25 10:56:27.3 Read C:\ForteBio\John\2024_06_25_SI125R1_pMP_SCC_d15_\240625_ExpMethod.fmf in 15 ms
2025/09/25 10:56:27.3 Read C:\ForteBio\John\2024_06_24_125R1_d7-d13_2\240624_ExpMethod.fmf in 16 ms
2025/09/25 10:56:27.3 Read C:\ForteBio\John\2024_06_24_125R1_d7-d13\240624_ExpMethod.fmf in 16 ms
2025/09/25 10:56:27.3 Read C:\ForteBio\John\2024_05_31_50E8_D11-D14_FB_pMP_2\240531_ExpMethod.fmf in 0 ms
2025/09/25 10:56:27.4 Read C:\ForteBio\John\2024_05_31_50E8_D11-D14_FB_pMP_2\240531_ExpMethod.fmf in 16 ms
2025/09/25 10:56:27.6 Read C:\ForteBio\John\2024_05_31_50E8_D11-D14_FB_pMP_\240531_ExpMethod.fmf in 16 ms
2025/09/25 10:56:27.6 Read C:\ForteBio\John\2024_05_31_50E8_D11-D14_FB_pMP_\240531_ExpMethod.fmf in 16 ms
2025/09/25 10:56:28.5 Read C:\ForteBio\John\2024_06_24_125R1_d7-d13_2\240624_ExpMethod.fmf in 15 ms
2025/09/25 10:56:28.5 Read C:\ForteBio\John\2024_06_24_125R1_d7-d13_2\240624_ExpMethod.fmf in 0 ms
2025/09/25 10:56:28.5 Read C:\ForteBio\John\2024_07_02_50E15_48wp_\240702_ExpMethod.fmf in 31 ms
2025/09/25 10:56:28.5 Read C:\ForteBio\John\2024_07_02_50E15_48wp_\240702_ExpMethod.fmf in 15 ms
2025/09/25 10:56:28.6 Read C:\ForteBio\John\2024_07_22_50E15_SCC_24DW_\240722_ExpMethod.fmf in 0 ms
2025/09/25 10:56:28.6 Read C:\ForteBio\John\2024_07_22_50E15_SCC_24DW_\240722_ExpMethod.fmf in 16 ms
2025/09/25 10:56:28.6 Read C:\ForteBio\John\2024_08_13_50E15_d9_\240813_ExpMethod.fmf in 15 ms
2025/09/25 10:56:28.6 Read C:\ForteBio\John\2024_08_13_50E15_d9_\240813_ExpMethod.fmf in 0 ms
2025/09/25 10:56:28.6 Read C:\ForteBio\John\2024_08_16_50E15_d13_125r1_103c4_d11_\240816_ExpMethod.fmf in 0 ms
2025/09/25 10:56:28.6 Read C:\ForteBio\John\2024_08_16_50E15_d13_125r1_103c4_d11_\240816_ExpMethod.fmf in 15 ms
2025/09/25 10:56:28.6 Read C:\ForteBio\John\2024_08_19_50e15_d14_2\240819_ExpMethod.fmf in 16 ms
2025/09/25 10:56:28.6 Read C:\ForteBio\John\2024_08_19_50e15_d14_2\240819_ExpMethod.fmf in 0 ms
2025/09/25 10:56:29.1 Read C:\ForteBio\John\2024_09_03_SI-98x2_BP_D7-D12_\240903_ExpMethod.fmf in 15 ms
2025/09/25 10:56:29.1 Read C:\ForteBio\John\2024_09_03_SI-98x2_BP_D7-D12_\240903_ExpMethod.fmf in 0 ms
2025/09/25 10:56:29.1 Read C:\ForteBio\John\2024_09_13_SI125R2_BP_48WP_\240913_ExpMethod.fmf in 15 ms
2025/09/25 10:56:29.1 Read C:\ForteBio\John\2024_09_13_SI125R2_BP_48WP_\240913_ExpMethod.fmf in 16 ms
2025/09/25 10:56:29.1 Read C:\ForteBio\John\2024_09_24_bulkpool_d10_allCLD_2\240926_ExpMethod.fmf in 0 ms
2025/09/25 10:56:29.1 Read C:\ForteBio\John\2024_09_24_bulkpool_d10_allCLD_2\240926_ExpMethod.fmf in 0 ms
2025/09/25 10:56:29.2 Read C:\ForteBio\John\2024_10_25_125R2_D7_10C4_D7-9_\241025_ExpMethod.fmf in 31 ms
2025/09/25 10:56:29.2 Read C:\ForteBio\John\2024_10_25_125R2_D7_10C4_D7-9_\241025_ExpMethod.fmf in 0 ms
2025/09/25 10:56:29.2 Read C:\ForteBio\John\2024_10_29_125R2_D9-D11_\241029_ExpMethod.fmf in 16 ms
2025/09/25 10:56:29.2 Read C:\ForteBio\John\2024_10_29_125R2_D9-D11_\241029_ExpMethod.fmf in 0 ms
2025/09/25 10:56:29.2 Read C:\ForteBio\John\2025_01_10_49T5_D11_SI1_48WP_PD_\250110_ExpMethod.fmf in 16 ms
2025/09/25 10:56:29.2 Read C:\ForteBio\John\2025_01_10_49T5_D11_SI1_48WP_PD_\250110_ExpMethod.fmf in 0 ms
2025/09/25 10:56:29.6 Read C:\ForteBio\John\2025_01_14_49T5_D15_77E13_D7_153X6_D7_2\250114_ExpMethod.fmf in 0 ms
2025/09/25 10:56:29.6 Read C:\ForteBio\John\2025_01_14_49T5_D15_77E13_D7_153X6_D7_2\250114_ExpMethod.fmf in 15 ms
2025/09/25 10:56:29.6 Read C:\ForteBio\John\2025_01_21_77E13_D13-D15_\250121_ExpMethod.fmf in 16 ms
2025/09/25 10:56:29.6 Read C:\ForteBio\John\2025_01_21_77E13_D13-D15_\250121_ExpMethod.fmf in 0 ms
2025/09/25 10:56:29.6 Read C:\ForteBio\John\2025_02_19_SI_1_11E8_PD_D7-D15_2\250219_ExpMethod.fmf in 15 ms
2025/09/25 10:56:29.7 Read C:\ForteBio\John\2025_02_19_SI_1_11E8_PD_D7-D15_2\250219_ExpMethod.fmf in 16 ms
2025/09/25 10:56:29.7 Read C:\ForteBio\John\2025_04_22_153x19_BP_48WP_plate2_\250422_ExpMethod.fmf in 0 ms
2025/09/25 10:56:29.7 Read C:\ForteBio\John\2025_04_22_153x19_BP_48WP_plate2_\250422_ExpMethod.fmf in 15 ms
2025/09/25 10:56:29.7 Read C:\ForteBio\John\2025_04_24_153x21_48wp_plate1_2\250424_ExpMethod.fmf in 16 ms
2025/09/25 10:56:29.7 Read C:\ForteBio\John\2025_04_24_153x21_48wp_plate1_2\250424_ExpMethod.fmf in 0 ms
2025/09/25 10:56:30.1 Read C:\ForteBio\John\2025_05_19_139r6_pMP_FB_\250519_ExpMethod.fmf in 15 ms
2025/09/25 10:56:30.1 Read C:\ForteBio\John\2025_05_19_139r6_pMP_FB_\250519_ExpMethod.fmf in 16 ms
2025/09/25 10:56:30.1 Read C:\ForteBio\John\2025_05_22_126C1_48wp_plate2_\250522_ExpMethod.fmf in 0 ms
2025/09/25 10:56:30.1 Read C:\ForteBio\John\2025_05_22_126C1_48wp_plate2_\250522_ExpMethod.fmf in 15 ms
2025/09/25 10:56:30.1 Read C:\ForteBio\John\2025_05_27_153X19&21_D7_PLATE1_2\250527_ExpMethod.fmf in 0 ms
2025/09/25 10:56:30.1 Read C:\ForteBio\John\2025_05_27_153X19&21_D7_PLATE1_2\250527_ExpMethod.fmf in 16 ms
2025/09/25 10:56:30.1 Read C:\ForteBio\John\2025_06_11_38E17_48WP_P1_\250611_ExpMethod.fmf in 0 ms
2025/09/25 10:56:30.1 Read C:\ForteBio\John\2025_06_11_38E17_48WP_P1_\250611_ExpMethod.fmf in 16 ms
2025/09/25 10:56:30.1 Read C:\ForteBio\John\2025_06_26_126C1_D7-D9_2\250626_ExpMethod.fmf in 0 ms
2025/09/25 10:56:30.2 Read C:\ForteBio\John\2025_06_26_126C1_D7-D9_2\250626_ExpMethod.fmf in 0 ms
2025/09/25 10:56:30.6 Read C:\ForteBio\John\2025_07_11_38E17_d8_24dw_\250710_ExpMethod.fmf in 0 ms
2025/09/25 10:56:30.6 Read C:\ForteBio\John\2025_07_11_38E17_d8_24dw_\250710_ExpMethod.fmf in 0 ms
2025/09/25 10:56:30.6 Read C:\ForteBio\John\2025_08_06_153x35BP_48wp_p2_\250806_ExpMethod.fmf in 16 ms
2025/09/25 10:56:30.6 Read C:\ForteBio\John\2025_08_06_153x35BP_48wp_p2_\250806_ExpMethod.fmf in 0 ms
2025/09/25 10:56:30.6 Read C:\ForteBio\John\2025_27_02_SI-1_III_48wp_part1_\250227_ExpMethod.fmf in 16 ms
2025/09/25 10:56:30.6 Read C:\ForteBio\John\2025_27_02_SI-1_III_48wp_part1_\250227_ExpMethod.fmf in 0 ms
2025/09/25 10:56:30.6 Read C:\ForteBio\John\2025_28_02_SI-153x6_pMP_48wp__2\250227_ExpMethod.fmf in 15 ms
2025/09/25 10:56:30.6 Read C:\ForteBio\John\2025_28_02_SI-153x6_pMP_48wp__2\250227_ExpMethod.fmf in 16 ms
2025/09/25 10:56:30.7 Read C:\ForteBio\John\010323_88M7_UCOE_MPs_D11-D15_\230103_ExpMethod.fmf in 15 ms
2025/09/25 10:56:30.7 Read C:\ForteBio\John\010323_88M7_UCOE_MPs_D11-D15_\230103_ExpMethod.fmf in 0 ms
2025/09/25 10:56:30.9 Read C:\ForteBio\John\010323_88M7_UCOE_MPs_D11-D15_2_\230103_ExpMethod.fmf in 0 ms
2025/09/25 10:56:30.9 Read C:\ForteBio\John\010323_88M7_UCOE_MPs_D11-D15_2_\230103_ExpMethod.fmf in 0 ms
2025/09/25 10:56:30.9 Read C:\ForteBio\John\010323_887M7_UCOE_d15_7-12_\230103_ExpMethod.fmf in 15 ms
2025/09/25 10:56:30.9 Read C:\ForteBio\John\010323_887M7_UCOE_d15_7-12_\230103_ExpMethod.fmf in 0 ms
2025/09/25 10:56:30.9 Read C:\ForteBio\John\010323_887M7_UCOE_d15_7-12_2_\230103_ExpMethod.fmf in 16 ms
2025/09/25 10:56:31.0 Read C:\ForteBio\John\010323_SI88M7_UCOE_MPs_D15_hightiter_\230103_ExpMethod.fmf in 15 ms
2025/09/25 10:56:31.0 Read C:\ForteBio\John\010323_SI88M7_UCOE_MPs_D15_hightiter_2_\230103_ExpMethod.fmf in 16 ms
2025/09/25 10:56:31.0 Read C:\ForteBio\John\010323_SI88M7_UCOE_MPs_D15_hightiter_2_\230103_ExpMethod.fmf in 0 ms
2025/09/25 10:56:31.0 Read C:\ForteBio\John\011223_88M7_MPs_PBSvsOcBuffer_\230112_ExpMethod.fmf in 0 ms
2025/09/25 10:56:31.0 Read C:\ForteBio\John\011223_88M7_MPs_PBSvsOcBuffer_\230112_ExpMethod.fmf in 0 ms
2025/09/25 10:56:31.1 Read C:\ForteBio\John\010323_SI88M7_UCOE_MPs_D15_hightiter_2_\230103_ExpMethod.fmf in 0 ms
2025/09/25 10:56:31.1 Read C:\ForteBio\John\010323_SI88M7_UCOE_MPs_D15_hightiter_2_\230103_ExpMethod.fmf in 0 ms
2025/09/25 10:56:31.1 Read C:\ForteBio\John\010323_SI88M7_UCOE_MPs_D15_hightiter_\230103_ExpMethod.fmf in 0 ms
2025/09/25 10:56:31.1 Read C:\ForteBio\John\010323_SI88M7_UCOE_MPs_D15_hightiter_\230103_ExpMethod.fmf in 0 ms
2025/09/25 10:56:31.2 Read C:\ForteBio\John\010323_887M7_UCOE_d15_7-12_2_\230103_ExpMethod.fmf in 0 ms
2025/09/25 10:56:31.2 Read C:\ForteBio\John\010323_887M7_UCOE_d15_7-12_2_\230103_ExpMethod.fmf in 16 ms
2025/09/25 10:56:31.2 Read C:\ForteBio\John\010323_887M7_UCOE_d15_7-12_\230103_ExpMethod.fmf in 0 ms
2025/09/25 10:56:31.3 Read C:\ForteBio\John\010323_887M7_UCOE_d15_7-12_\230103_ExpMethod.fmf in 0 ms
2025/09/25 10:56:31.3 Read C:\ForteBio\John\010323_88M7_UCOE_MPs_D11-D15_2_\230103_ExpMethod.fmf in 0 ms
2025/09/25 10:56:31.3 Read C:\ForteBio\John\010323_88M7_UCOE_MPs_D11-D15_2_\230103_ExpMethod.fmf in 16 ms
2025/09/25 10:56:31.4 Read C:\ForteBio\John\010323_88M7_UCOE_MPs_D11-D15_\230103_ExpMethod.fmf in 0 ms
2025/09/25 10:56:31.4 Read C:\ForteBio\John\010323_88M7_UCOE_MPs_D11-D15_\230103_ExpMethod.fmf in 16 ms
2025/09/25 10:56:33.3 Read C:\ForteBio\John\010323_88M7_UCOE_MPs_D11-D15_2_\230103_ExpMethod.fmf in 0 ms
2025/09/25 10:56:33.3 Read C:\ForteBio\John\010323_88M7_UCOE_MPs_D11-D15_2_\230103_ExpMethod.fmf in 0 ms
2025/09/25 10:56:33.4 Read C:\ForteBio\John\010323_SI88M7_UCOE_MPs_D15_hightiter_\230103_ExpMethod.fmf in 0 ms
2025/09/25 10:56:33.4 Read C:\ForteBio\John\010323_SI88M7_UCOE_MPs_D15_hightiter_\230103_ExpMethod.fmf in 0 ms
2025/09/25 10:56:33.5 Read C:\ForteBio\John\011823_SI-88M7_UCOE_SCC_D7-D11_\230118_ExpMethod.fmf in 15 ms
2025/09/25 10:56:33.5 Read C:\ForteBio\John\011823_SI-88M7_UCOE_SCC_D7-D11_\230118_ExpMethod.fmf in 0 ms
2025/09/25 10:56:33.5 Read C:\ForteBio\John\012023_SI20M6_UCOE_SCC_D7-D13_2_\230120_ExpMethod.fmf in 16 ms
2025/09/25 10:56:33.5 Read C:\ForteBio\John\012023_SI20M6_UCOE_SCC_D7-D13_2_\230120_ExpMethod.fmf in 0 ms
2025/09/25 10:56:33.5 Read C:\ForteBio\John\012324_SI83E9man5_D7-D11_\240123_ExpMethod.fmf in 15 ms
2025/09/25 10:56:33.5 Read C:\ForteBio\John\012324_SI83E9man5_D7-D11_\240123_ExpMethod.fmf in 0 ms
2025/09/25 10:56:34.3 Read C:\ForteBio\John\012023_SI20M6_UCOE_SCC_D7-D13_2_\230120_ExpMethod.fmf in 0 ms
2025/09/25 10:56:34.4 Read C:\ForteBio\John\012023_SI20M6_UCOE_SCC_D7-D13_2_\230120_ExpMethod.fmf in 15 ms
2025/09/25 10:56:34.4 Read C:\ForteBio\John\011823_SI-88M7_UCOE_SCC_D7-D11_\230118_ExpMethod.fmf in 0 ms
2025/09/25 10:56:34.4 Read C:\ForteBio\John\011823_SI-88M7_UCOE_SCC_D7-D11_\230118_ExpMethod.fmf in 0 ms
2025/09/25 10:56:34.4 Read C:\ForteBio\John\010323_SI88M7_UCOE_MPs_D15_hightiter_\230103_ExpMethod.fmf in 0 ms
2025/09/25 10:56:34.4 Read C:\ForteBio\John\010323_SI88M7_UCOE_MPs_D15_hightiter_\230103_ExpMethod.fmf in 0 ms
2025/09/25 10:56:34.5 Read C:\ForteBio\John\010323_88M7_UCOE_MPs_D11-D15_2_\230103_ExpMethod.fmf in 16 ms
2025/09/25 10:56:34.5 Read C:\ForteBio\John\010323_88M7_UCOE_MPs_D11-D15_2_\230103_ExpMethod.fmf in 0 ms
2025/09/25 10:56:35.7 Read C:\ForteBio\John\010323_77P34_D7-D15_\240103_ExpMethod.fmf in 15 ms
2025/09/25 10:56:35.7 Read C:\ForteBio\John\010323_77P34_D7-D15_\240103_ExpMethod.fmf in 0 ms
2025/09/25 10:56:35.8 Read C:\ForteBio\John\2025_28_02_SI-153x6_pMP_48wp__2\250227_ExpMethod.fmf in 0 ms
2025/09/25 10:56:35.8 Read C:\ForteBio\John\2025_28_02_SI-153x6_pMP_48wp__2\250227_ExpMethod.fmf in 0 ms
2025/09/25 10:56:36.7 Read C:\ForteBio\John\2025_28_02_SI-153x6_pMP_48wp_\250227_ExpMethod.fmf in 15 ms
2025/09/25 10:56:36.7 Read C:\ForteBio\John\2025_28_02_SI-153x6_pMP_48wp_\250227_ExpMethod.fmf in 16 ms
2025/09/25 10:56:36.7 Read C:\ForteBio\John\2025_27_02_SI-1_III_48wp_part2_\250227_ExpMethod.fmf in 0 ms
2025/09/25 10:56:36.7 Read C:\ForteBio\John\2025_27_02_SI-1_III_48wp_part2_\250227_ExpMethod.fmf in 0 ms
2025/09/25 10:56:37.0 Read C:\ForteBio\John\2025_27_02_SI-1_III_48wp_part1_\250227_ExpMethod.fmf in 0 ms
2025/09/25 10:56:37.0 Read C:\ForteBio\John\2025_27_02_SI-1_III_48wp_part1_\250227_ExpMethod.fmf in 0 ms
2025/09/25 10:56:37.1 Read C:\ForteBio\John\2025_09_25_153x35_BP_D13_\250925_ExpMethod.fmf in 0 ms
2025/09/25 10:56:37.1 Read C:\ForteBio\John\2025_09_25_153x35_BP_D13_\250925_ExpMethod.fmf in 16 ms
2025/09/25 10:56:40.6 
2025/09/25 10:56:40.6 In StExperiment.Init()
2025/09/25 10:56:40.6 
2025/09/25 10:56:40.6 Progress: 0 %
2025/09/25 10:56:40.6 Progress: 50 %
2025/09/25 10:56:40.6 Progress: 100 %
2025/09/25 10:56:40.6 Time = 16 ms
2025/09/25 10:56:40.6 
2025/09/25 10:56:42.0 Tab 0: # of curves 1
2025/09/25 10:57:04.6 Calculating ............................
2025/09/25 10:57:04.8 Analysis Begins 10:57:04 AM
2025/09/25 10:57:05.0 Tab 0: # of curves 4
2025/09/25 10:57:05.1 this {Width=251, Height=348} sender {Width=251, Height=348} Clip {Width=249, Height=346}
2025/09/25 10:57:13.5 Tab 1: # of curves 4
2025/09/25 10:57:13.7 this {Width=251, Height=348} sender {Width=251, Height=348} Clip {Width=249, Height=346}
2025/09/25 10:57:14.9 Tab 0: # of curves 5
2025/09/25 10:57:15.0 this {Width=251, Height=348} sender {Width=251, Height=348} Clip {Width=249, Height=346}
2025/09/25 10:57:15.4 Tab 1: # of curves 5
2025/09/25 10:57:15.5 this {Width=251, Height=348} sender {Width=251, Height=348} Clip {Width=249, Height=346}
2025/09/25 10:57:16.1 Tab 0: # of curves 6
2025/09/25 10:57:16.2 this {Width=251, Height=348} sender {Width=251, Height=348} Clip {Width=249, Height=346}
2025/09/25 10:57:17.2 Tab 1: # of curves 6
2025/09/25 10:57:17.3 this {Width=251, Height=348} sender {Width=251, Height=348} Clip {Width=249, Height=346}
2025/09/25 10:57:25.3 this {Width=251, Height=348} sender {Width=251, Height=348} Clip {Width=249, Height=346}
2025/09/25 10:57:25.7 this {Width=251, Height=348} sender {Width=251, Height=348} Clip {Width=249, Height=346}
2025/09/25 10:57:27.6 this {Width=251, Height=348} sender {Width=251, Height=348} Clip {Width=249, Height=346}
2025/09/25 10:57:27.9 this {Width=251, Height=348} sender {Width=251, Height=348} Clip {Width=249, Height=346}
2025/09/25 10:57:28.5 this {Width=251, Height=348} sender {Width=251, Height=348} Clip {Width=249, Height=346}
2025/09/25 10:57:28.8 this {Width=251, Height=348} sender {Width=251, Height=348} Clip {Width=249, Height=346}
2025/09/25 10:57:30.2 this {Width=251, Height=348} sender {Width=251, Height=348} Clip {Width=249, Height=346}
2025/09/25 10:57:30.5 this {Width=251, Height=348} sender {Width=251, Height=348} Clip {Width=249, Height=346}
2025/09/25 10:57:31.7 this {Width=251, Height=348} sender {Width=251, Height=348} Clip {Width=249, Height=346}
2025/09/25 10:57:32.8 this {Width=251, Height=348} sender {Width=251, Height=348} Clip {Width=249, Height=346}
2025/09/25 10:57:33.1 this {Width=251, Height=348} sender {Width=251, Height=348} Clip {Width=249, Height=346}
2025/09/25 10:57:33.8 this {Width=251, Height=348} sender {Width=251, Height=348} Clip {Width=249, Height=346}
2025/09/25 10:57:34.9 this {Width=251, Height=348} sender {Width=251, Height=348} Clip {Width=249, Height=346}
2025/09/25 10:57:35.8 this {Width=251, Height=348} sender {Width=251, Height=348} Clip {Width=249, Height=346}
2025/09/25 10:57:36.2 this {Width=251, Height=348} sender {Width=251, Height=348} Clip {Width=249, Height=346}
2025/09/25 10:57:36.6 this {Width=251, Height=348} sender {Width=251, Height=348} Clip {Width=249, Height=346}
2025/09/25 10:57:44.5 this {Width=251, Height=348} sender {Width=251, Height=348} Clip {Width=249, Height=346}
2025/09/25 10:57:45.1 this {Width=251, Height=348} sender {Width=251, Height=348} Clip {Width=249, Height=346}
2025/09/25 10:57:45.5 this {Width=251, Height=348} sender {Width=251, Height=348} Clip {Width=249, Height=346}
2025/09/25 10:57:45.9 this {Width=251, Height=348} sender {Width=251, Height=348} Clip {Width=249, Height=346}
2025/09/25 10:57:47.0 this {Width=251, Height=348} sender {Width=251, Height=348} Clip {Width=249, Height=346}
2025/09/25 10:57:47.4 this {Width=251, Height=348} sender {Width=251, Height=348} Clip {Width=249, Height=346}
2025/09/25 10:57:47.8 this {Width=251, Height=348} sender {Width=251, Height=348} Clip {Width=249, Height=346}
2025/09/25 10:57:48.2 this {Width=251, Height=348} sender {Width=251, Height=348} Clip {Width=249, Height=346}
2025/09/25 10:57:49.6 this {Width=251, Height=348} sender {Width=251, Height=348} Clip {Width=249, Height=346}
2025/09/25 10:57:49.9 this {Width=251, Height=348} sender {Width=251, Height=348} Clip {Width=249, Height=346}
2025/09/25 10:57:50.6 this {Width=251, Height=348} sender {Width=251, Height=348} Clip {Width=249, Height=346}
2025/09/25 10:57:50.8 this {Width=251, Height=348} sender {Width=251, Height=348} Clip {Width=249, Height=346}
2025/09/25 10:57:57.0 Tab 0: # of curves 7
2025/09/25 10:57:57.3 this {Width=251, Height=348} sender {Width=251, Height=348} Clip {Width=249, Height=346}
2025/09/25 10:57:59.3 Export image takes 143ms
2025/09/25 10:57:59.5 Export image takes 85ms
2025/09/25 10:57:59.8 Tab 1: # of curves 7
2025/09/25 10:58:00.0 this {Width=251, Height=348} sender {Width=251, Height=348} Clip {Width=249, Height=346}
2025/09/25 10:58:01.9 Export image takes 117ms
2025/09/25 10:58:02.1 Export image takes 91ms
2025/09/25 14:32:00.5 Read C:\ForteBio\John\2025_09_25_153x35_BP_D13_\250925_ExpMethod.fmf in 0 ms
2025/09/25 14:32:00.5 Read C:\ForteBio\John\010323_77P34_D7-D15_\240103_ExpMethod.fmf in 0 ms
2025/09/25 14:32:00.5 Read C:\ForteBio\John\010323_887M7_UCOE_d15_7-12_2_\230103_ExpMethod.fmf in 0 ms
2025/09/25 14:32:00.5 Read C:\ForteBio\John\010323_SI88M7_UCOE_MPs_D15_hightiter_\230103_ExpMethod.fmf in 0 ms
2025/09/25 14:32:00.5 Read C:\ForteBio\John\011223_88M7_MPs_PBSvsOcBuffer_\230112_ExpMethod.fmf in 15 ms
2025/09/25 14:32:00.5 Read C:\ForteBio\John\011223_88M7_MPs_PBSvsOcBuffer_\230112_ExpMethod.fmf in 0 ms
2025/09/25 14:32:00.6 Read C:\ForteBio\John\011823_SI-88M7_UCOE_SCC_D7-D11_\230118_ExpMethod.fmf in 16 ms
2025/09/25 14:32:00.6 Read C:\ForteBio\John\012023_SI20M6_UCOE_SCC_D7-D13_\230120_ExpMethod.fmf in 15 ms
2025/09/25 14:32:00.6 Read C:\ForteBio\John\012423_SI20M6_UCOE_BP_SCC_FB_D13-D17_\230124_ExpMethod.fmf in 16 ms
2025/09/25 14:32:00.9 Read C:\ForteBio\John\012324_SI83E9man5_D7-D11_\240123_ExpMethod.fmf in 0 ms
2025/09/25 14:32:00.9 Read C:\ForteBio\John\012324_SI83E9man5_D7-D11_\240123_ExpMethod.fmf in 16 ms
2025/09/25 14:32:00.9 Read C:\ForteBio\John\012023_SI20M6_UCOE_SCC_D7-D13_2_\230120_ExpMethod.fmf in 0 ms
2025/09/25 14:32:00.9 Read C:\ForteBio\John\011823_SI-88M7_UCOE_SCC_D7-D11_2_\230118_ExpMethod.fmf in 31 ms
2025/09/25 14:32:00.9 Read C:\ForteBio\John\2025_28_02_SI-153x6_pMP_48wp__2\250227_ExpMethod.fmf in 0 ms
2025/09/25 14:32:01.0 Read C:\ForteBio\John\2025_27_02_SI-1_III_48wp_part1_\250227_ExpMethod.fmf in 16 ms
2025/09/25 14:32:01.8 Tab 0: # of curves 1
2025/09/25 14:32:02.0 Tab 0: # of curves 1
2025/09/25 14:32:03.6 Read C:\ForteBio\John\2025_09_25_153x35_BP_D13_\250925_ExpMethod.fmf in 0 ms
2025/09/25 14:32:03.7 Read C:\ForteBio\John\2025_09_25_153x35_BP_D13_\250925_ExpMethod.fmf in 15 ms
2025/09/25 14:32:03.7 Read C:\ForteBio\John\2025_27_02_SI-1_III_48wp_part1_\250227_ExpMethod.fmf in 0 ms
2025/09/25 14:32:03.7 Read C:\ForteBio\John\2025_27_02_SI-1_III_48wp_part1_\250227_ExpMethod.fmf in 0 ms
2025/09/25 14:32:03.9 Read C:\ForteBio\John\2025_09_25_153x35_BP_D13_\250925_ExpMethod.fmf in 16 ms
2025/09/25 14:32:03.9 Read C:\ForteBio\John\2025_09_25_153x35_BP_D13_\250925_ExpMethod.fmf in 0 ms
2025/09/25 14:32:03.9 Read C:\ForteBio\John\2025_09_22_153x35_BP_SCC_d7-d11_\250922_ExpMethod.fmf in 15 ms
2025/09/25 14:32:03.9 Read C:\ForteBio\John\2025_09_22_153x35_BP_SCC_d7-d11_\250922_ExpMethod.fmf in 0 ms
2025/09/25 14:32:05.9 
2025/09/25 14:32:05.9 In StExperiment.Init()
2025/09/25 14:32:05.9 
2025/09/25 14:32:05.9 Progress: 0 %
2025/09/25 14:32:05.9 Progress: 12 %
2025/09/25 14:32:05.9 Progress: 25 %
2025/09/25 14:32:05.9 Progress: 37 %
2025/09/25 14:32:05.9 Progress: 50 %
2025/09/25 14:32:06.0 Progress: 62 %
2025/09/25 14:32:06.0 Progress: 75 %
2025/09/25 14:32:06.0 Progress: 87 %
2025/09/25 14:32:06.0 Progress: 100 %
2025/09/25 14:32:06.0 Read C:\ForteBio\Bill\20250717 test\250717_ExpMethod.fmf in 16 ms
2025/09/25 14:32:06.0 Read C:\ForteBio\Bill\20250717 test\250717_ExpMethod.fmf in 15 ms
2025/09/25 14:32:06.0 Time = 93 ms
2025/09/25 14:32:06.0 
2025/09/25 14:32:08.9 Read C:\ForteBio\John\2025_09_25_153x35_BP_D13_\250925_ExpMethod.fmf in 16 ms
2025/09/25 14:32:08.9 Read C:\ForteBio\John\2025_09_25_153x35_BP_D13_\250925_ExpMethod.fmf in 0 ms
2025/09/25 14:32:08.9 Read C:\ForteBio\John\2025_27_02_SI-1_III_48wp_part1_\250227_ExpMethod.fmf in 0 ms
2025/09/25 14:32:08.9 Read C:\ForteBio\John\2025_27_02_SI-1_III_48wp_part2_\250227_ExpMethod.fmf in 0 ms
2025/09/25 14:32:08.9 Read C:\ForteBio\John\2025_28_02_SI-153x6_pMP_48wp_\250227_ExpMethod.fmf in 0 ms
2025/09/25 14:32:08.9 Read C:\ForteBio\John\2025_28_02_SI-153x6_pMP_48wp__2\250227_ExpMethod.fmf in 16 ms
2025/09/25 14:32:08.9 Read C:\ForteBio\John\010323_77P34_D7-D15_\240103_ExpMethod.fmf in 15 ms
2025/09/25 14:32:08.9 Read C:\ForteBio\John\010323_77P34_D7-D15_\240103_ExpMethod.fmf in 0 ms
2025/09/25 14:32:08.9 Read C:\ForteBio\John\010323_77P34_D7-D15_2\240103_ExpMethod.fmf in 32 ms
2025/09/25 14:32:08.9 Read C:\ForteBio\John\010323_88M7_UCOE_MPs_D11-D15_\230103_ExpMethod.fmf in 0 ms
2025/09/25 14:32:09.2 Read C:\ForteBio\John\010323_88M7_UCOE_MPs_D11-D15_2_\230103_ExpMethod.fmf in 15 ms
2025/09/25 14:32:09.2 Read C:\ForteBio\John\010323_887M7_UCOE_d15_7-12_\230103_ExpMethod.fmf in 0 ms
2025/09/25 14:32:09.2 Read C:\ForteBio\John\010323_887M7_UCOE_d15_7-12_2_\230103_ExpMethod.fmf in 16 ms
2025/09/25 14:32:09.2 Read C:\ForteBio\John\010323_887M7_UCOE_d15_7-12_2_\230103_ExpMethod.fmf in 0 ms
2025/09/25 14:32:09.2 Read C:\ForteBio\John\010323_SI88M7_UCOE_MPs_D15_hightiter_\230103_ExpMethod.fmf in 15 ms
2025/09/25 14:32:09.2 Read C:\ForteBio\John\010323_SI88M7_UCOE_MPs_D15_hightiter_\230103_ExpMethod.fmf in 0 ms
2025/09/25 14:32:09.3 Read C:\ForteBio\John\010323_SI88M7_UCOE_MPs_D15_hightiter_2_\230103_ExpMethod.fmf in 15 ms
2025/09/25 14:32:09.3 Read C:\ForteBio\John\010323_SI88M7_UCOE_MPs_D15_hightiter_2_\230103_ExpMethod.fmf in 0 ms
2025/09/25 14:32:09.4 Read C:\ForteBio\John\011223_88M7_MPs_PBSvsOcBuffer_\230112_ExpMethod.fmf in 0 ms
2025/09/25 14:32:09.4 Read C:\ForteBio\John\011823_SI-88M7_UCOE_SCC_D7-D11_\230118_ExpMethod.fmf in 15 ms
2025/09/25 14:32:09.4 Read C:\ForteBio\John\011823_SI-88M7_UCOE_SCC_D7-D11_2_\230118_ExpMethod.fmf in 16 ms
2025/09/25 14:32:09.4 Read C:\ForteBio\John\011823_SI-88M7_UCOE_SCC_D7-D11_2_\230118_ExpMethod.fmf in 16 ms
2025/09/25 14:32:09.4 Read C:\ForteBio\John\012023_SI20M6_UCOE_SCC_D7-D13_2_\230120_ExpMethod.fmf in 0 ms
2025/09/25 14:32:09.4 Read C:\ForteBio\John\012322_SI88M7_UCOE_SCC_BP_D11-D17FB\230123_ExpMethod.fmf in 0 ms
2025/09/25 14:32:09.4 Read C:\ForteBio\John\012324_SI83E9man5_D7-D11_\240123_ExpMethod.fmf in 16 ms
2025/09/25 14:32:09.4 Read C:\ForteBio\John\012324_SI83E9man5_D7-D11_\240123_ExpMethod.fmf in 0 ms
2025/09/25 14:32:09.5 Read C:\ForteBio\John\012324_SI83E9man5_D7-D11_2\240123_ExpMethod.fmf in 15 ms
2025/09/25 14:32:09.5 Read C:\ForteBio\John\012423_SI20M6_UCOE_BP_SCC_FB_D13-D17_\230124_ExpMethod.fmf in 0 ms
2025/09/25 14:32:09.5 Read C:\ForteBio\John\012423_SI20M6_UCOE_BP_SCC_FB_D13-D17_2\230124_ExpMethod.fmf in 16 ms
2025/09/29 15:27:25.7 Read C:\ForteBio\John\012324_SI83E9man5_D7-D11_2\240123_ExpMethod.fmf in 0 ms
2025/09/29 15:27:25.7 Read C:\ForteBio\John\012324_SI83E9man5_D7-D11_2\240123_ExpMethod.fmf in 0 ms
2025/09/29 15:27:25.7 Read C:\ForteBio\John\012324_SI83E9man5_D7-D11_\240123_ExpMethod.fmf in 0 ms
2025/09/29 15:27:25.7 Read C:\ForteBio\John\012324_SI83E9man5_D7-D11_\240123_ExpMethod.fmf in 0 ms
2025/09/29 15:27:25.7 Read C:\ForteBio\John\012322_SI88M7_UCOE_SCC_BP_D11-D17FB_2\230123_ExpMethod.fmf in 31 ms
2025/09/29 15:27:25.7 Read C:\ForteBio\John\012322_SI88M7_UCOE_SCC_BP_D11-D17FB_2\230123_ExpMethod.fmf in 0 ms
2025/09/29 15:27:26.4 Read C:\ForteBio\John\2025_27_02_SI-1_III_48wp_part2_\250227_ExpMethod.fmf in 15 ms
2025/09/29 15:27:26.4 Read C:\ForteBio\John\2025_27_02_SI-1_III_48wp_part1_\250227_ExpMethod.fmf in 0 ms
2025/09/29 15:27:26.4 Read C:\ForteBio\John\2025_09_22_153x35_BP_SCC_d7-d11_\250922_ExpMethod.fmf in 0 ms
2025/09/29 15:27:26.4 Read C:\ForteBio\John\2025_09_22_153x35_BP_SCC_d7-d11_\250922_ExpMethod.fmf in 0 ms
2025/09/29 15:27:27.9 
2025/09/29 15:27:27.9 In StExperiment.Init()
2025/09/29 15:27:27.9 
2025/09/29 15:27:27.9 Progress: 0 %
2025/09/29 15:27:27.9 Progress: 6 %
2025/09/29 15:27:27.9 Progress: 12 %
2025/09/29 15:27:27.9 Progress: 18 %
2025/09/29 15:27:27.9 Progress: 25 %
2025/09/29 15:27:27.9 Progress: 31 %
2025/09/29 15:27:27.9 Progress: 37 %
2025/09/29 15:27:27.9 Progress: 43 %
2025/09/29 15:27:27.9 Progress: 50 %
2025/09/29 15:27:27.9 Progress: 56 %
2025/09/29 15:27:27.9 Progress: 62 %
2025/09/29 15:27:27.9 Progress: 68 %
2025/09/29 15:27:27.9 Progress: 75 %
2025/09/29 15:27:27.9 Progress: 81 %
2025/09/29 15:27:27.9 Progress: 87 %
2025/09/29 15:27:27.9 Progress: 93 %
2025/09/29 15:27:27.9 Progress: 100 %
2025/09/29 15:27:28.0 Read C:\ForteBio\Bill\20250807 asym kappa bind cond\250730_ExpMethod.fmf in 15 ms
2025/09/29 15:27:28.0 Read C:\ForteBio\Bill\20250807 asym kappa bind cond\250730_ExpMethod.fmf in 16 ms
2025/09/29 15:27:28.0 Time = 125 ms
2025/09/29 15:27:28.0 
2025/09/29 15:27:28.6 Read C:\ForteBio\John\2025_09_25_153x35_BP_D13_\250925_ExpMethod.fmf in 31 ms
2025/09/29 15:27:28.6 Read C:\ForteBio\John\2025_09_25_153x35_BP_D13_\250925_ExpMethod.fmf in 15 ms
2025/09/29 15:27:29.0 Read C:\ForteBio\John\2025_09_22_153x35_BP_SCC_d7-d11_\250922_ExpMethod.fmf in 15 ms
2025/09/29 15:27:29.0 Read C:\ForteBio\John\2025_09_22_153x35_BP_SCC_d7-d11_\250922_ExpMethod.fmf in 0 ms
2025/09/29 15:27:29.8 
2025/09/29 15:27:29.8 In StExperiment.Init()
2025/09/29 15:27:29.8 
2025/09/29 15:27:29.9 Progress: 0 %
2025/09/29 15:27:29.9 Progress: 5 %
2025/09/29 15:27:29.9 Progress: 11 %
2025/09/29 15:27:29.9 Progress: 16 %
2025/09/29 15:27:29.9 Progress: 22 %
2025/09/29 15:27:29.9 Progress: 27 %
2025/09/29 15:27:29.9 Progress: 33 %
2025/09/29 15:27:29.9 Progress: 38 %
2025/09/29 15:27:29.9 Progress: 44 %
2025/09/29 15:27:29.9 Progress: 50 %
2025/09/29 15:27:29.9 Progress: 55 %
2025/09/29 15:27:29.9 Progress: 61 %
2025/09/29 15:27:29.9 Progress: 66 %
2025/09/29 15:27:29.9 Progress: 72 %
2025/09/29 15:27:29.9 Progress: 77 %
2025/09/29 15:27:29.9 Progress: 83 %
2025/09/29 15:27:29.9 Progress: 88 %
2025/09/29 15:27:29.9 Progress: 94 %
2025/09/29 15:27:29.9 Progress: 100 %
2025/09/29 15:27:30.1 Time = 218 ms
2025/09/29 15:27:30.1 
2025/10/01 14:55:57.4 
2025/10/01 14:55:57.4 In StExperiment.Init()
2025/10/01 14:55:57.4 
2025/10/01 14:55:57.4 Progress: 0 %
2025/10/01 14:55:57.4 Progress: 50 %
2025/10/01 14:55:57.4 Progress: 100 %
2025/10/01 14:55:57.4 Time = 16 ms
2025/10/01 14:55:57.4 
2025/10/03 10:17:07.3 SetHeaterTemperature 30.0
2025/10/03 10:17:07.4 Temp: 2025/10/03 10:17:07, 29.3000
2025/10/03 10:17:07.4 bShakeWhileWaiting=1, nShakerRPM=400
2025/10/03 10:17:07.5 DELAYED START: Waiting for 600 s
2025/10/03 10:17:07.6 Old State:4-ENGN_State_SystemReady New State:ENGN_State_ControllerBusy
2025/10/03 10:17:07.7 GMC_SetPosZ
2025/10/03 10:17:07.8 GMC_ServoHere
2025/10/03 10:17:08.0 GMC_SetPosXY
2025/10/03 10:17:08.2 GMC_SetPosZ
2025/10/03 10:17:08.5 Old State:29-ENGN_State_ControllerBusy New State:ENGN_State_ControllerDone
2025/10/03 10:17:08.5 StartShaker(400)
2025/10/03 10:17:08.6 Old State:30-ENGN_State_ControllerDone New State:ENGN_State_SystemReady
2025/10/03 10:18:07.5 Temp: 2025/10/03 10:18:07, 30.1000
2025/10/03 10:19:07.6 Temp: 2025/10/03 10:19:07, 30.1000
2025/10/03 10:20:07.7 Temp: 2025/10/03 10:20:07, 30.1000
2025/10/03 10:21:07.7 Temp: 2025/10/03 10:21:07, 30.0000
2025/10/03 10:22:07.8 Temp: 2025/10/03 10:22:07, 30.0000
2025/10/03 10:23:07.9 Temp: 2025/10/03 10:23:07, 30.0000
2025/10/03 10:24:07.9 Temp: 2025/10/03 10:24:07, 30.0000
2025/10/03 10:25:08.0 Temp: 2025/10/03 10:25:08, 30.0000
2025/10/03 10:26:08.1 Temp: 2025/10/03 10:26:08, 30.0000
2025/10/03 10:27:08.1 Temp: 2025/10/03 10:27:08, 30.0000
2025/10/03 10:27:08.9 DELAYED START: Done.
2025/10/03 10:27:08.9 Starting new assay
2025/10/03 10:27:09.1 Old State:4-ENGN_State_SystemReady New State:ENGN_StateRunning_StartNewStep
2025/10/03 10:27:09.1 Plate 1 temperature = 30 C
2025/10/03 10:27:09.2 Old State:6-ENGN_StateRunning_StartNewStep New State:ENGN_StateRunning_WaitPickingSensors
2025/10/03 10:27:09.2 Pick(0, 3)
2025/10/03 10:27:09.3 GMC_SetPosZ
2025/10/03 10:27:09.3 Temp: 2025/10/03 10:27:09, 30.0000
2025/10/03 10:27:09.4 Old State:7-ENGN_StateRunning_WaitPickingSensors New State:ENGN_StateRunning_PickingSensors
2025/10/03 10:27:09.5 GMC_ServoHere
2025/10/03 10:27:09.6 GMC_SetPosXY
2025/10/03 10:27:11.7 GMC_SetPosZ
2025/10/03 10:27:17.3 GMC_SetPosZ
2025/10/03 10:27:17.8 Old State:8-ENGN_StateRunning_PickingSensors New State:ENGN_StateRunning_CheckingSensors
2025/10/03 10:27:18.0 
2025/10/03 10:27:18.0 Detect Sensors
2025/10/03 10:27:18.0 ==============
2025/10/03 10:27:18.0 1	YES		6.6	5934.1
2025/10/03 10:27:18.0 2	YES		6.2	5205.4
2025/10/03 10:27:18.0 3	YES		6.2	7687.6
2025/10/03 10:27:18.0 4	YES		6.2	6802.2
2025/10/03 10:27:18.0 5	YES		5.8	5456.2
2025/10/03 10:27:18.0 6	YES		6.8	5622.5
2025/10/03 10:27:18.0 7	NO 		6.1	8.7
2025/10/03 10:27:18.0 8	NO 		6.6	9.0
2025/10/03 10:27:18.0 
2025/10/03 10:27:18.1 CH1: Correction Factor = 2.34748
2025/10/03 10:27:18.1 CH2: Correction Factor = 2.6566
2025/10/03 10:27:18.1 CH3: Correction Factor = 1.88597
2025/10/03 10:27:18.1 CH4: Correction Factor = 2.07763
2025/10/03 10:27:18.1 CH5: Correction Factor = 2.66493
2025/10/03 10:27:18.1 CH6: Correction Factor = 2.70024
2025/10/03 10:27:18.3 CH1: Correction Factor = 1.10259
2025/10/03 10:27:18.3 CH2: Correction Factor = 1.08092
2025/10/03 10:27:18.3 CH3: Correction Factor = 1.06224
2025/10/03 10:27:18.3 CH4: Correction Factor = 1.06877
2025/10/03 10:27:18.3 CH5: Correction Factor = 1.10576
2025/10/03 10:27:18.3 CH6: Correction Factor = 1.10814
2025/10/03 10:27:18.5 CH1: Correction Factor = 0.987167
2025/10/03 10:27:18.5 CH2: Correction Factor = 1.00823
2025/10/03 10:27:18.5 CH3: Correction Factor = 1.00939
2025/10/03 10:27:18.5 CH4: Correction Factor = 1.00868
2025/10/03 10:27:18.5 CH5: Correction Factor = 0.985459
2025/10/03 10:27:18.5 CH6: Correction Factor = 0.985726
2025/10/03 10:27:18.6 CH1: Correction Factor = 0.996625
2025/10/03 10:27:18.6 CH2: Correction Factor = 1.00244
2025/10/03 10:27:18.6 CH3: Correction Factor = 0.998299
2025/10/03 10:27:18.6 CH4: Correction Factor = 0.998201
2025/10/03 10:27:18.6 CH5: Correction Factor = 0.996225
2025/10/03 10:27:18.6 CH6: Correction Factor = 0.996448
2025/10/03 10:27:18.8 CH1: Correction Factor = 1.00027
2025/10/03 10:27:18.8 CH2: Correction Factor = 0.999137
2025/10/03 10:27:18.8 CH3: Correction Factor = 1.00228
2025/10/03 10:27:18.8 CH4: Correction Factor = 1.0017
2025/10/03 10:27:18.8 CH5: Correction Factor = 0.999788
2025/10/03 10:27:18.8 CH6: Correction Factor = 1.00279
2025/10/03 10:27:19.0 CH1: Correction Factor = 1.00043
2025/10/03 10:27:19.0 CH2: Correction Factor = 0.999177
2025/10/03 10:27:19.0 CH3: Correction Factor = 0.998254
2025/10/03 10:27:19.0 CH4: Correction Factor = 0.998147
2025/10/03 10:27:19.0 CH5: Correction Factor = 0.99982
2025/10/03 10:27:19.0 CH6: Correction Factor = 0.99988
2025/10/03 10:27:19.0 Sensor 1: Integration Time = 2.55 ms
2025/10/03 10:27:19.0 Sensor 2: Integration Time = 2.90 ms
2025/10/03 10:27:19.0 Sensor 3: Integration Time = 2.02 ms
2025/10/03 10:27:19.0 Sensor 4: Integration Time = 2.24 ms
2025/10/03 10:27:19.0 Sensor 5: Integration Time = 2.89 ms
2025/10/03 10:27:19.0 Sensor 6: Integration Time = 2.95 ms
2025/10/03 10:27:19.0 WaitControllerIdle(30000)
2025/10/03 10:27:19.0 GMC_HomeZ
2025/10/03 10:27:25.6 GMC_SetPosZ
2025/10/03 10:27:26.0 GMC_ServoHere
2025/10/03 10:27:26.3 Old State:9-ENGN_StateRunning_CheckingSensors New State:ENGN_StateRunning_PickingSensorsComplete
2025/10/03 10:27:26.3 StartShaker(400)
2025/10/03 10:27:26.3 Integration Time: 2.55,2.90,2.02,2.24,2.89,2.95,1.00,1.00,
2025/10/03 10:27:26.6 Old State:10-ENGN_StateRunning_PickingSensorsComplete New State:ENGN_StateRunning_WaitGoingToSample
2025/10/03 10:27:26.6 Sample96_Q(0, 0, 10)
2025/10/03 10:27:26.7 Plate 1 temperature = 30 C
2025/10/03 10:27:26.7 Pickups: 3012, Warn: 90, Error: 100
2025/10/03 10:27:26.7 GMC_SetPosZ
2025/10/03 10:27:26.7 
2025/10/03 10:27:26.7 START SCAN: 
2025/10/03 10:27:26.7    CycleTime (ms)    = 200
2025/10/03 10:27:26.7    CycleCount        = 25
2025/10/03 10:27:26.7    ScansToAverage    = 20
2025/10/03 10:27:26.7    FinishTime (s)    = 5
2025/10/03 10:27:26.7    Temperature       = 30.0
2025/10/03 10:27:26.7    Lamp Power        = 36
2025/10/03 10:27:26.7    Spec PCB temps    = 40.1, 40.8, 40.7, 40.7, 40.8, 41.0, 39.0, 39.9
2025/10/03 10:27:26.7 
2025/10/03 10:27:26.8 Old State:12-ENGN_StateRunning_WaitGoingToSample New State:ENGN_StateRunning_GoingToSample
2025/10/03 10:27:26.9 GMC_ServoHere
2025/10/03 10:27:27.1 GMC_SetPosXY
2025/10/03 10:27:29.2 GMC_SetPosZ
2025/10/03 10:27:34.2 Old State:13-ENGN_StateRunning_GoingToSample New State:ENGN_StateRunning_GoingToSampleComplete
2025/10/03 10:27:34.3 Old State:14-cycle=1, Elapsed Time:    0.0,  Ideal Time:    0.0,  Delay time =   0.00  New State:ENGN_StateRunning_WaitSampling
2025/10/03 10:27:34.3 Step started at: 10:27:26
2025/10/03 10:27:34.3 XYZ movement time  = 7480 ms + Scan start delay = 7488 ms
2025/10/03 10:27:34.4 Old State:15-ENGN_StateRunning_WaitSampling New State:ENGN_StateRunning_Sampling
2025/10/03 10:27:39.1 
2025/10/03 10:27:39.1 STOP SCAN: 
2025/10/03 10:27:39.1    CycleTime (ms)    = 200
2025/10/03 10:27:39.1    CurrentCycle      = 25
2025/10/03 10:27:39.1    RunTime (ms)      = 4993
2025/10/03 10:27:39.1    AverageCycle (ms) = 199.7
2025/10/03 10:27:39.1    Temperature       = 30.0
2025/10/03 10:27:39.1    DATA OVERRUN %    = 0.00
2025/10/03 10:27:39.1    Spec PCB temps    = 40.1, 40.8, 40.7, 40.7, 40.7, 41.0, 39.0, 39.9
2025/10/03 10:27:39.1 
2025/10/03 10:27:39.2 Old State:16-cycle=25, Elapsed Time:    5.0,  Ideal Time:    4.8,  Delay time =   0.04  New State:ENGN_StateRunning_SamplingComplete
2025/10/03 10:27:39.3 Old State:18-ENGN_StateRunning_SamplingComplete New State:ENGN_StateRunning_WaitNewStep
2025/10/03 10:27:39.4 Old State:5-ENGN_StateRunning_WaitNewStep New State:ENGN_StateRunning_StartNewStep
2025/10/03 10:27:39.4 StartShaker(400)
2025/10/03 10:27:39.7 Temp: 2025/10/03 10:27:39, 30.0000
2025/10/03 10:27:39.8 Old State:6-ENGN_StateRunning_StartNewStep New State:ENGN_StateRunning_WaitGoingToSample
2025/10/03 10:27:39.8 Sample96_Q(0, 0, 11)
2025/10/03 10:27:39.9 GMC_SetPosZ
2025/10/03 10:27:39.9 
2025/10/03 10:27:39.9 START SCAN: 
2025/10/03 10:27:39.9    CycleTime (ms)    = 200
2025/10/03 10:27:39.9    CycleCount        = 25
2025/10/03 10:27:39.9    ScansToAverage    = 20
2025/10/03 10:27:39.9    FinishTime (s)    = 5
2025/10/03 10:27:39.9    Temperature       = 30.0
2025/10/03 10:27:39.9    Lamp Power        = 36
2025/10/03 10:27:39.9    Spec PCB temps    = 40.1, 40.8, 40.8, 40.7, 40.8, 41.0, 39.0, 39.9
2025/10/03 10:27:39.9 
2025/10/03 10:27:39.9 Old State:12-ENGN_StateRunning_WaitGoingToSample New State:ENGN_StateRunning_GoingToSample
2025/10/03 10:27:44.7 GMC_ServoHere
2025/10/03 10:27:44.9 GMC_SetPosXY
2025/10/03 10:27:45.2 GMC_SetPosZ
2025/10/03 10:27:50.7 Old State:13-cycle=1, Elapsed Time:    0.0,  Ideal Time:    0.0,  Delay time =   0.00  New State:ENGN_StateRunning_GoingToSampleComplete
2025/10/03 10:27:50.8 Old State:14-ENGN_StateRunning_GoingToSampleComplete New State:ENGN_StateRunning_WaitSampling
2025/10/03 10:27:50.8 Step started at: 10:27:39
2025/10/03 10:27:50.8 XYZ movement time  = 10759 ms + Scan start delay = 10685 ms
2025/10/03 10:27:50.9 Old State:15-ENGN_StateRunning_WaitSampling New State:ENGN_StateRunning_Sampling
2025/10/03 10:27:55.4 
2025/10/03 10:27:55.4 STOP SCAN: 
2025/10/03 10:27:55.4    CycleTime (ms)    = 200
2025/10/03 10:27:55.4    CurrentCycle      = 25
2025/10/03 10:27:55.4    RunTime (ms)      = 4959
2025/10/03 10:27:55.4    AverageCycle (ms) = 198.4
2025/10/03 10:27:55.4    Temperature       = 30.0
2025/10/03 10:27:55.4    DATA OVERRUN %    = 0.00
2025/10/03 10:27:55.4    Spec PCB temps    = 40.1, 40.8, 40.7, 40.7, 40.7, 41.0, 39.0, 39.9
2025/10/03 10:27:55.4 
2025/10/03 10:27:55.5 Old State:16-cycle=25, Elapsed Time:    5.0,  Ideal Time:    4.8,  Delay time =   0.04  New State:ENGN_StateRunning_SamplingComplete
2025/10/03 10:27:55.7 Old State:18-ENGN_StateRunning_SamplingComplete New State:ENGN_StateRunning_WaitNewStep
2025/10/03 10:27:55.9 Old State:5-ENGN_StateRunning_WaitNewStep New State:ENGN_StateRunning_StartNewStep
2025/10/03 10:27:55.9 StartShaker(400)
2025/10/03 10:27:56.2 Temp: 2025/10/03 10:27:56, 30.0000
2025/10/03 10:27:56.2 Old State:6-ENGN_StateRunning_StartNewStep New State:ENGN_StateRunning_WaitGoingToSample
2025/10/03 10:27:56.2 Sample96_Q(0, 0, 10)
2025/10/03 10:27:56.3 GMC_SetPosZ
2025/10/03 10:27:56.4 
2025/10/03 10:27:56.4 START SCAN: 
2025/10/03 10:27:56.4    CycleTime (ms)    = 200
2025/10/03 10:27:56.4    CycleCount        = 25
2025/10/03 10:27:56.4    ScansToAverage    = 20
2025/10/03 10:27:56.4    FinishTime (s)    = 5
2025/10/03 10:27:56.4    Temperature       = 30.0
2025/10/03 10:27:56.4    Lamp Power        = 36
2025/10/03 10:27:56.4    Spec PCB temps    = 40.1, 40.8, 40.8, 40.7, 40.7, 41.0, 39.0, 39.9
2025/10/03 10:27:56.4 
2025/10/03 10:27:56.4 Old State:12-ENGN_StateRunning_WaitGoingToSample New State:ENGN_StateRunning_GoingToSample
2025/10/03 10:28:01.5 GMC_ServoHere
2025/10/03 10:28:01.6 GMC_SetPosXY
2025/10/03 10:28:02.0 GMC_SetPosZ
2025/10/03 10:28:07.0 Old State:13-ENGN_StateRunning_GoingToSample New State:ENGN_StateRunning_GoingToSampleComplete
2025/10/03 10:28:07.2 Old State:14-cycle=1, Elapsed Time:    0.0,  Ideal Time:    0.0,  Delay time =   0.00  New State:ENGN_StateRunning_WaitSampling
2025/10/03 10:28:07.2 Step started at: 10:27:56
2025/10/03 10:28:07.2 XYZ movement time  = 10655 ms + Scan start delay = 10662 ms
2025/10/03 10:28:07.3 Old State:15-ENGN_StateRunning_WaitSampling New State:ENGN_StateRunning_Sampling
2025/10/03 10:28:11.9 
2025/10/03 10:28:11.9 STOP SCAN: 
2025/10/03 10:28:11.9    CycleTime (ms)    = 200
2025/10/03 10:28:11.9    CurrentCycle      = 25
2025/10/03 10:28:11.9    RunTime (ms)      = 4955
2025/10/03 10:28:11.9    AverageCycle (ms) = 198.2
2025/10/03 10:28:11.9    Temperature       = 30.0
2025/10/03 10:28:11.9    DATA OVERRUN %    = 0.00
2025/10/03 10:28:11.9    Spec PCB temps    = 40.1, 40.8, 40.7, 40.7, 40.7, 41.0, 39.0, 39.9
2025/10/03 10:28:11.9 
2025/10/03 10:28:12.0 Old State:16-cycle=25, Elapsed Time:    5.0,  Ideal Time:    4.8,  Delay time =   0.04  New State:ENGN_StateRunning_SamplingComplete
2025/10/03 10:28:12.1 Old State:18-ENGN_StateRunning_SamplingComplete New State:ENGN_StateRunning_WaitNewStep
2025/10/03 10:28:12.4 Old State:5-ENGN_StateRunning_WaitNewStep New State:ENGN_StateRunning_StartNewStep
2025/10/03 10:28:12.4 StartShaker(400)
2025/10/03 10:28:12.7 Temp: 2025/10/03 10:28:12, 30.0000
2025/10/03 10:28:12.7 Old State:6-ENGN_StateRunning_StartNewStep New State:ENGN_StateRunning_WaitGoingToSample
2025/10/03 10:28:12.7 Sample96_Q(0, 0, 11)
2025/10/03 10:28:12.8 GMC_SetPosZ
2025/10/03 10:28:12.8 
2025/10/03 10:28:12.8 START SCAN: 
2025/10/03 10:28:12.8    CycleTime (ms)    = 200
2025/10/03 10:28:12.8    CycleCount        = 25
2025/10/03 10:28:12.8    ScansToAverage    = 20
2025/10/03 10:28:12.8    FinishTime (s)    = 5
2025/10/03 10:28:12.8    Temperature       = 30.0
2025/10/03 10:28:12.8    Lamp Power        = 36
2025/10/03 10:28:12.8    Spec PCB temps    = 40.1, 40.8, 40.7, 40.7, 40.8, 41.0, 39.0, 39.9
2025/10/03 10:28:12.8 
2025/10/03 10:28:12.9 Old State:12-ENGN_StateRunning_WaitGoingToSample New State:ENGN_StateRunning_GoingToSample
2025/10/03 10:28:17.6 GMC_ServoHere
2025/10/03 10:28:17.8 GMC_SetPosXY
2025/10/03 10:28:18.2 GMC_SetPosZ
2025/10/03 10:28:23.4 Old State:13-ENGN_StateRunning_GoingToSample New State:ENGN_StateRunning_GoingToSampleComplete
2025/10/03 10:28:23.6 Old State:14-cycle=1, Elapsed Time:    0.0,  Ideal Time:    0.0,  Delay time =   0.00  New State:ENGN_StateRunning_WaitSampling
2025/10/03 10:28:23.6 Step started at: 10:28:12
2025/10/03 10:28:23.6 XYZ movement time  = 10638 ms + Scan start delay = 10647 ms
2025/10/03 10:28:23.7 Old State:15-ENGN_StateRunning_WaitSampling New State:ENGN_StateRunning_Sampling
2025/10/03 10:28:28.3 
2025/10/03 10:28:28.3 STOP SCAN: 
2025/10/03 10:28:28.3    CycleTime (ms)    = 200
2025/10/03 10:28:28.3    CurrentCycle      = 25
2025/10/03 10:28:28.3    RunTime (ms)      = 4956
2025/10/03 10:28:28.3    AverageCycle (ms) = 198.2
2025/10/03 10:28:28.3    Temperature       = 30.0
2025/10/03 10:28:28.3    DATA OVERRUN %    = 0.00
2025/10/03 10:28:28.3    Spec PCB temps    = 40.1, 40.8, 40.8, 40.7, 40.7, 41.0, 39.0, 39.9
2025/10/03 10:28:28.3 
2025/10/03 10:28:28.5 Old State:16-cycle=25, Elapsed Time:    5.0,  Ideal Time:    4.8,  Delay time =   0.04  New State:ENGN_StateRunning_SamplingComplete
2025/10/03 10:28:28.6 Old State:18-ENGN_StateRunning_SamplingComplete New State:ENGN_StateRunning_WaitNewStep
2025/10/03 10:28:28.8 Old State:5-ENGN_StateRunning_WaitNewStep New State:ENGN_StateRunning_StartNewStep
2025/10/03 10:28:28.9 StartShaker(400)
2025/10/03 10:28:29.1 Temp: 2025/10/03 10:28:29, 30.0000
2025/10/03 10:28:29.2 Old State:6-ENGN_StateRunning_StartNewStep New State:ENGN_StateRunning_WaitGoingToSample
2025/10/03 10:28:29.2 Sample96_Q(0, 0, 10)
2025/10/03 10:28:29.2 GMC_SetPosZ
2025/10/03 10:28:29.3 
2025/10/03 10:28:29.3 START SCAN: 
2025/10/03 10:28:29.3    CycleTime (ms)    = 200
2025/10/03 10:28:29.3    CycleCount        = 25
2025/10/03 10:28:29.3    ScansToAverage    = 20
2025/10/03 10:28:29.3    FinishTime (s)    = 5
2025/10/03 10:28:29.3    Temperature       = 30.0
2025/10/03 10:28:29.3    Lamp Power        = 36
2025/10/03 10:28:29.3    Spec PCB temps    = 40.1, 40.8, 40.8, 40.7, 40.8, 41.0, 39.0, 39.9
2025/10/03 10:28:29.3 
2025/10/03 10:28:29.4 Old State:12-ENGN_StateRunning_WaitGoingToSample New State:ENGN_StateRunning_GoingToSample
2025/10/03 10:28:34.4 GMC_ServoHere
2025/10/03 10:28:34.5 GMC_SetPosXY
2025/10/03 10:28:34.9 GMC_SetPosZ
2025/10/03 10:28:40.0 Old State:13-cycle=1, Elapsed Time:    0.0,  Ideal Time:    0.0,  Delay time =   0.00  New State:ENGN_StateRunning_GoingToSampleComplete
2025/10/03 10:28:40.1 Old State:14-ENGN_StateRunning_GoingToSampleComplete New State:ENGN_StateRunning_WaitSampling
2025/10/03 10:28:40.1 Step started at: 10:28:29
2025/10/03 10:28:40.1 XYZ movement time  = 10621 ms + Scan start delay = 10616 ms
2025/10/03 10:28:40.2 Old State:15-ENGN_StateRunning_WaitSampling New State:ENGN_StateRunning_Sampling
2025/10/03 10:28:44.8 
2025/10/03 10:28:44.8 STOP SCAN: 
2025/10/03 10:28:44.8    CycleTime (ms)    = 200
2025/10/03 10:28:44.8    CurrentCycle      = 25
2025/10/03 10:28:44.8    RunTime (ms)      = 4953
2025/10/03 10:28:44.8    AverageCycle (ms) = 198.1
2025/10/03 10:28:44.8    Temperature       = 30.0
2025/10/03 10:28:44.8    DATA OVERRUN %    = 0.00
2025/10/03 10:28:44.8    Spec PCB temps    = 40.1, 40.8, 40.8, 40.7, 40.7, 41.0, 39.0, 39.9
2025/10/03 10:28:44.8 
2025/10/03 10:28:44.9 Old State:16-cycle=25, Elapsed Time:    5.0,  Ideal Time:    4.8,  Delay time =   0.04  New State:ENGN_StateRunning_SamplingComplete
2025/10/03 10:28:45.0 Old State:18-ENGN_StateRunning_SamplingComplete New State:ENGN_StateRunning_WaitNewStep
2025/10/03 10:28:45.3 Old State:5-ENGN_StateRunning_WaitNewStep New State:ENGN_StateRunning_StartNewStep
2025/10/03 10:28:45.3 StartShaker(400)
2025/10/03 10:28:45.6 Old State:6-ENGN_StateRunning_StartNewStep New State:ENGN_StateRunning_WaitGoingToSample
2025/10/03 10:28:45.6 Sample96_Q(0, 0, 11)
2025/10/03 10:28:45.6 Temp: 2025/10/03 10:28:45, 30.0000
2025/10/03 10:28:45.7 GMC_SetPosZ
2025/10/03 10:28:45.7 
2025/10/03 10:28:45.7 START SCAN: 
2025/10/03 10:28:45.7    CycleTime (ms)    = 200
2025/10/03 10:28:45.7    CycleCount        = 25
2025/10/03 10:28:45.7    ScansToAverage    = 20
2025/10/03 10:28:45.7    FinishTime (s)    = 5
2025/10/03 10:28:45.7    Temperature       = 30.0
2025/10/03 10:28:45.7    Lamp Power        = 36
2025/10/03 10:28:45.7    Spec PCB temps    = 40.1, 40.8, 40.7, 40.7, 40.8, 41.0, 39.0, 39.9
2025/10/03 10:28:45.7 
2025/10/03 10:28:45.8 Old State:12-ENGN_StateRunning_WaitGoingToSample New State:ENGN_StateRunning_GoingToSample
2025/10/03 10:28:50.5 GMC_ServoHere
2025/10/03 10:28:50.7 GMC_SetPosXY
2025/10/03 10:28:51.0 GMC_SetPosZ
2025/10/03 10:28:56.4 Old State:13-cycle=1, Elapsed Time:    0.0,  Ideal Time:    0.0,  Delay time =   0.00  New State:ENGN_StateRunning_GoingToSampleComplete
2025/10/03 10:28:56.5 Old State:14-ENGN_StateRunning_GoingToSampleComplete New State:ENGN_StateRunning_WaitSampling
2025/10/03 10:28:56.5 Step started at: 10:28:45
2025/10/03 10:28:56.5 XYZ movement time  = 10631 ms + Scan start delay = 10625 ms
2025/10/03 10:28:56.6 Old State:15-ENGN_StateRunning_WaitSampling New State:ENGN_StateRunning_Sampling
2025/10/03 10:29:01.2 
2025/10/03 10:29:01.2 STOP SCAN: 
2025/10/03 10:29:01.2    CycleTime (ms)    = 200
2025/10/03 10:29:01.2    CurrentCycle      = 25
2025/10/03 10:29:01.2    RunTime (ms)      = 4955
2025/10/03 10:29:01.2    AverageCycle (ms) = 198.2
2025/10/03 10:29:01.2    Temperature       = 30.0
2025/10/03 10:29:01.2    DATA OVERRUN %    = 0.00
2025/10/03 10:29:01.2    Spec PCB temps    = 40.1, 40.8, 40.7, 40.7, 40.7, 41.0, 38.9, 39.9
2025/10/03 10:29:01.2 
2025/10/03 10:29:01.2 Old State:16-cycle=25, Elapsed Time:    5.0,  Ideal Time:    4.8,  Delay time =   0.04  New State:ENGN_StateRunning_SamplingComplete
2025/10/03 10:29:01.4 Old State:18-ENGN_StateRunning_SamplingComplete New State:ENGN_StateRunning_WaitNewStep
2025/10/03 10:29:01.8 Old State:5-ENGN_StateRunning_WaitNewStep New State:ENGN_StateRunning_StartNewStep
2025/10/03 10:29:01.8 StartShaker(400)
2025/10/03 10:29:02.1 Temp: 2025/10/03 10:29:02, 30.0000
2025/10/03 10:29:02.1 Old State:6-ENGN_StateRunning_StartNewStep New State:ENGN_StateRunning_WaitGoingToSample
2025/10/03 10:29:02.1 Sample96_Q(0, 0, 0)
2025/10/03 10:29:02.2 GMC_SetPosZ
2025/10/03 10:29:02.3 
2025/10/03 10:29:02.3 START SCAN: 
2025/10/03 10:29:02.3    CycleTime (ms)    = 200
2025/10/03 10:29:02.3    CycleCount        = 600
2025/10/03 10:29:02.3    ScansToAverage    = 20
2025/10/03 10:29:02.3    FinishTime (s)    = 120
2025/10/03 10:29:02.3    Temperature       = 30.0
2025/10/03 10:29:02.3    Lamp Power        = 36
2025/10/03 10:29:02.3    Spec PCB temps    = 40.1, 40.8, 40.7, 40.7, 40.7, 41.0, 39.0, 39.9
2025/10/03 10:29:02.3 
2025/10/03 10:29:02.3 Old State:12-ENGN_StateRunning_WaitGoingToSample New State:ENGN_StateRunning_GoingToSample
2025/10/03 10:29:07.4 GMC_ServoHere
2025/10/03 10:29:07.6 GMC_SetPosXY
2025/10/03 10:29:09.4 GMC_SetPosZ
2025/10/03 10:29:11.5 Old State:13-ENGN_StateRunning_GoingToSample New State:ENGN_StateRunning_GoingToSampleComplete
2025/10/03 10:29:11.6 Old State:14-cycle=1, Elapsed Time:    0.0,  Ideal Time:    0.0,  Delay time =   0.00  New State:ENGN_StateRunning_WaitSampling
2025/10/03 10:29:11.6 Step started at: 10:29:02
2025/10/03 10:29:11.6 XYZ movement time  = 9304 ms + Scan start delay = 9312 ms
2025/10/03 10:29:11.7 Old State:15-ENGN_StateRunning_WaitSampling New State:ENGN_StateRunning_Sampling
2025/10/03 10:30:02.1 Temp: 2025/10/03 10:30:02, 30.0000
2025/10/03 10:31:02.2 Temp: 2025/10/03 10:31:02, 30.0000
2025/10/03 10:31:11.4 
2025/10/03 10:31:11.4 STOP SCAN: 
2025/10/03 10:31:11.4    CycleTime (ms)    = 200
2025/10/03 10:31:11.4    CurrentCycle      = 600
2025/10/03 10:31:11.4    RunTime (ms)      = 119956
2025/10/03 10:31:11.4    AverageCycle (ms) = 199.9
2025/10/03 10:31:11.4    Temperature       = 30.0
2025/10/03 10:31:11.4    DATA OVERRUN %    = 0.00
2025/10/03 10:31:11.4    Spec PCB temps    = 40.2, 40.8, 40.8, 40.7, 40.8, 41.0, 39.0, 39.9
2025/10/03 10:31:11.4 
2025/10/03 10:31:11.5 Old State:16-cycle=600, Elapsed Time:  120.0,  Ideal Time:  119.8,  Delay time =   0.04  New State:ENGN_StateRunning_SamplingComplete
2025/10/03 10:31:11.7 Old State:18-ENGN_StateRunning_SamplingComplete New State:ENGN_StateRunning_WaitNewStep
2025/10/03 10:31:11.8 Old State:5-ENGN_StateRunning_WaitNewStep New State:ENGN_StateRunning_StartNewStep
2025/10/03 10:31:11.8 StartShaker(400)
2025/10/03 10:31:12.1 Old State:6-ENGN_StateRunning_StartNewStep New State:ENGN_StateRunning_WaitGoingToSample
2025/10/03 10:31:12.1 Sample96_Q(0, 0, 10)
2025/10/03 10:31:12.1 Temp: 2025/10/03 10:31:12, 30.0000
2025/10/03 10:31:12.2 GMC_SetPosZ
2025/10/03 10:31:12.2 
2025/10/03 10:31:12.2 START SCAN: 
2025/10/03 10:31:12.2    CycleTime (ms)    = 200
2025/10/03 10:31:12.2    CycleCount        = 25
2025/10/03 10:31:12.2    ScansToAverage    = 20
2025/10/03 10:31:12.2    FinishTime (s)    = 5
2025/10/03 10:31:12.2    Temperature       = 30.0
2025/10/03 10:31:12.2    Lamp Power        = 36
2025/10/03 10:31:12.2    Spec PCB temps    = 40.2, 40.8, 40.8, 40.7, 40.8, 41.0, 39.0, 39.9
2025/10/03 10:31:12.2 
2025/10/03 10:31:12.3 Old State:12-ENGN_StateRunning_WaitGoingToSample New State:ENGN_StateRunning_GoingToSample
2025/10/03 10:31:14.2 GMC_ServoHere
2025/10/03 10:31:14.3 GMC_SetPosXY
2025/10/03 10:31:15.9 GMC_SetPosZ
2025/10/03 10:31:20.9 Old State:13-ENGN_StateRunning_GoingToSample New State:ENGN_StateRunning_GoingToSampleComplete
2025/10/03 10:31:21.0 Old State:14-cycle=1, Elapsed Time:    0.0,  Ideal Time:    0.0,  Delay time =   0.00  New State:ENGN_StateRunning_WaitSampling
2025/10/03 10:31:21.0 Step started at: 10:31:12
2025/10/03 10:31:21.0 XYZ movement time  = 8729 ms + Scan start delay = 8682 ms
2025/10/03 10:31:21.1 Old State:15-ENGN_StateRunning_WaitSampling New State:ENGN_StateRunning_Sampling
2025/10/03 10:31:25.8 
2025/10/03 10:31:25.8 STOP SCAN: 
2025/10/03 10:31:25.8    CycleTime (ms)    = 200
2025/10/03 10:31:25.8    CurrentCycle      = 25
2025/10/03 10:31:25.8    RunTime (ms)      = 4987
2025/10/03 10:31:25.8    AverageCycle (ms) = 199.5
2025/10/03 10:31:25.8    Temperature       = 30.0
2025/10/03 10:31:25.8    DATA OVERRUN %    = 0.00
2025/10/03 10:31:25.8    Spec PCB temps    = 40.2, 40.8, 40.8, 40.7, 40.8, 41.0, 39.0, 39.9
2025/10/03 10:31:25.8 
2025/10/03 10:31:25.9 Old State:16-cycle=25, Elapsed Time:    5.0,  Ideal Time:    4.8,  Delay time =   0.05  New State:ENGN_StateRunning_SamplingComplete
2025/10/03 10:31:26.0 Old State:18-ENGN_StateRunning_SamplingComplete New State:ENGN_StateRunning_WaitNewStep
2025/10/03 10:31:26.2 Old State:5-ENGN_StateRunning_WaitNewStep New State:ENGN_StateRunning_StartNewStep
2025/10/03 10:31:26.2 StartShaker(400)
2025/10/03 10:31:26.5 Temp: 2025/10/03 10:31:26, 30.0000
2025/10/03 10:31:26.6 Old State:6-ENGN_StateRunning_StartNewStep New State:ENGN_StateRunning_WaitGoingToSample
2025/10/03 10:31:26.6 Sample96_Q(0, 0, 11)
2025/10/03 10:31:26.7 GMC_SetPosZ
2025/10/03 10:31:26.7 
2025/10/03 10:31:26.7 START SCAN: 
2025/10/03 10:31:26.7    CycleTime (ms)    = 200
2025/10/03 10:31:26.7    CycleCount        = 25
2025/10/03 10:31:26.7    ScansToAverage    = 20
2025/10/03 10:31:26.7    FinishTime (s)    = 5
2025/10/03 10:31:26.7    Temperature       = 30.0
2025/10/03 10:31:26.7    Lamp Power        = 36
2025/10/03 10:31:26.7    Spec PCB temps    = 40.2, 40.9, 40.8, 40.7, 40.8, 41.0, 39.0, 39.9
2025/10/03 10:31:26.7 
2025/10/03 10:31:26.8 Old State:12-ENGN_StateRunning_WaitGoingToSample New State:ENGN_StateRunning_GoingToSample
2025/10/03 10:31:31.5 GMC_ServoHere
2025/10/03 10:31:31.6 GMC_SetPosXY
2025/10/03 10:31:32.0 GMC_SetPosZ
2025/10/03 10:31:37.4 Old State:13-cycle=1, Elapsed Time:    0.0,  Ideal Time:    0.0,  Delay time =   0.00  New State:ENGN_StateRunning_GoingToSampleComplete
2025/10/03 10:31:37.5 Old State:14-ENGN_StateRunning_GoingToSampleComplete New State:ENGN_StateRunning_WaitSampling
2025/10/03 10:31:37.5 Step started at: 10:31:26
2025/10/03 10:31:37.5 XYZ movement time  = 10702 ms + Scan start delay = 10627 ms
2025/10/03 10:31:37.6 Old State:15-ENGN_StateRunning_WaitSampling New State:ENGN_StateRunning_Sampling
2025/10/03 10:31:42.2 
2025/10/03 10:31:42.2 STOP SCAN: 
2025/10/03 10:31:42.2    CycleTime (ms)    = 200
2025/10/03 10:31:42.2    CurrentCycle      = 25
2025/10/03 10:31:42.2    RunTime (ms)      = 4956
2025/10/03 10:31:42.2    AverageCycle (ms) = 198.2
2025/10/03 10:31:42.2    Temperature       = 30.0
2025/10/03 10:31:42.2    DATA OVERRUN %    = 0.00
2025/10/03 10:31:42.2    Spec PCB temps    = 40.2, 40.9, 40.8, 40.7, 40.8, 41.0, 39.0, 39.9
2025/10/03 10:31:42.2 
2025/10/03 10:31:42.3 Old State:16-cycle=25, Elapsed Time:    5.0,  Ideal Time:    4.8,  Delay time =   0.04  New State:ENGN_StateRunning_SamplingComplete
2025/10/03 10:31:42.4 Old State:18-ENGN_StateRunning_SamplingComplete New State:ENGN_StateRunning_WaitNewStep
2025/10/03 10:31:42.8 Old State:5-ENGN_StateRunning_WaitNewStep New State:ENGN_StateRunning_StartNewStep
2025/10/03 10:31:42.8 StartShaker(400)
2025/10/03 10:31:43.0 Temp: 2025/10/03 10:31:43, 30.0000
2025/10/03 10:31:43.1 Old State:6-ENGN_StateRunning_StartNewStep New State:ENGN_StateRunning_WaitGoingToSample
2025/10/03 10:31:43.1 Sample96_Q(0, 0, 10)
2025/10/03 10:31:43.2 GMC_SetPosZ
2025/10/03 10:31:43.2 
2025/10/03 10:31:43.2 START SCAN: 
2025/10/03 10:31:43.2    CycleTime (ms)    = 200
2025/10/03 10:31:43.2    CycleCount        = 25
2025/10/03 10:31:43.2    ScansToAverage    = 20
2025/10/03 10:31:43.2    FinishTime (s)    = 5
2025/10/03 10:31:43.2    Temperature       = 30.0
2025/10/03 10:31:43.2    Lamp Power        = 36
2025/10/03 10:31:43.2    Spec PCB temps    = 40.2, 40.9, 40.8, 40.7, 40.8, 41.0, 39.0, 39.9
2025/10/03 10:31:43.2 
2025/10/03 10:31:43.3 Old State:12-ENGN_StateRunning_WaitGoingToSample New State:ENGN_StateRunning_GoingToSample
2025/10/03 10:31:48.3 GMC_ServoHere
2025/10/03 10:31:48.5 GMC_SetPosXY
2025/10/03 10:31:48.9 GMC_SetPosZ
2025/10/03 10:31:53.9 Old State:13-cycle=1, Elapsed Time:    0.0,  Ideal Time:    0.0,  Delay time =   0.00  New State:ENGN_StateRunning_GoingToSampleComplete
2025/10/03 10:31:54.0 Old State:14-ENGN_StateRunning_GoingToSampleComplete New State:ENGN_StateRunning_WaitSampling
2025/10/03 10:31:54.0 Step started at: 10:31:43
2025/10/03 10:31:54.0 XYZ movement time  = 10570 ms + Scan start delay = 10564 ms
2025/10/03 10:31:54.1 Old State:15-ENGN_StateRunning_WaitSampling New State:ENGN_StateRunning_Sampling
2025/10/03 10:31:58.7 
2025/10/03 10:31:58.7 STOP SCAN: 
2025/10/03 10:31:58.7    CycleTime (ms)    = 200
2025/10/03 10:31:58.7    CurrentCycle      = 25
2025/10/03 10:31:58.7    RunTime (ms)      = 4970
2025/10/03 10:31:58.7    AverageCycle (ms) = 198.8
2025/10/03 10:31:58.7    Temperature       = 30.0
2025/10/03 10:31:58.7    DATA OVERRUN %    = 0.00
2025/10/03 10:31:58.7    Spec PCB temps    = 40.2, 40.8, 40.8, 40.7, 40.8, 41.0, 39.0, 39.9
2025/10/03 10:31:58.7 
2025/10/03 10:31:58.8 Old State:16-cycle=25, Elapsed Time:    5.0,  Ideal Time:    4.8,  Delay time =   0.04  New State:ENGN_StateRunning_SamplingComplete
2025/10/03 10:31:58.9 Old State:18-ENGN_StateRunning_SamplingComplete New State:ENGN_StateRunning_WaitNewStep
2025/10/03 10:31:59.2 Old State:5-ENGN_StateRunning_WaitNewStep New State:ENGN_StateRunning_StartNewStep
2025/10/03 10:31:59.2 StartShaker(400)
2025/10/03 10:31:59.5 Old State:6-ENGN_StateRunning_StartNewStep New State:ENGN_StateRunning_WaitGoingToSample
2025/10/03 10:31:59.5 Sample96_Q(0, 0, 11)
2025/10/03 10:31:59.5 Temp: 2025/10/03 10:31:59, 30.0000
2025/10/03 10:31:59.6 GMC_SetPosZ
2025/10/03 10:31:59.6 
2025/10/03 10:31:59.6 START SCAN: 
2025/10/03 10:31:59.6    CycleTime (ms)    = 200
2025/10/03 10:31:59.6    CycleCount        = 25
2025/10/03 10:31:59.6    ScansToAverage    = 20
2025/10/03 10:31:59.6    FinishTime (s)    = 5
2025/10/03 10:31:59.6    Temperature       = 30.0
2025/10/03 10:31:59.6    Lamp Power        = 36
2025/10/03 10:31:59.6    Spec PCB temps    = 40.2, 40.8, 40.8, 40.7, 40.8, 41.0, 39.0, 39.9
2025/10/03 10:31:59.6 
2025/10/03 10:31:59.7 Old State:12-ENGN_StateRunning_WaitGoingToSample New State:ENGN_StateRunning_GoingToSample
2025/10/03 10:32:04.4 GMC_ServoHere
2025/10/03 10:32:04.5 GMC_SetPosXY
2025/10/03 10:32:04.9 GMC_SetPosZ
2025/10/03 10:32:10.3 Old State:13-cycle=1, Elapsed Time:    0.0,  Ideal Time:    0.0,  Delay time =   0.00  New State:ENGN_StateRunning_GoingToSampleComplete
2025/10/03 10:32:10.4 Old State:14-ENGN_StateRunning_GoingToSampleComplete New State:ENGN_StateRunning_WaitSampling
2025/10/03 10:32:10.4 Step started at: 10:31:59
2025/10/03 10:32:10.4 XYZ movement time  = 10628 ms + Scan start delay = 10596 ms
2025/10/03 10:32:10.5 Old State:15-ENGN_StateRunning_WaitSampling New State:ENGN_StateRunning_Sampling
2025/10/03 10:32:15.1 
2025/10/03 10:32:15.1 STOP SCAN: 
2025/10/03 10:32:15.1    CycleTime (ms)    = 200
2025/10/03 10:32:15.1    CurrentCycle      = 25
2025/10/03 10:32:15.1    RunTime (ms)      = 4955
2025/10/03 10:32:15.1    AverageCycle (ms) = 198.2
2025/10/03 10:32:15.1    Temperature       = 30.0
2025/10/03 10:32:15.1    DATA OVERRUN %    = 0.00
2025/10/03 10:32:15.1    Spec PCB temps    = 40.2, 40.9, 40.8, 40.7, 40.9, 41.0, 39.0, 39.9
2025/10/03 10:32:15.1 
2025/10/03 10:32:15.2 Old State:16-cycle=25, Elapsed Time:    5.0,  Ideal Time:    4.8,  Delay time =   0.04  New State:ENGN_StateRunning_SamplingComplete
2025/10/03 10:32:15.3 Old State:18-ENGN_StateRunning_SamplingComplete New State:ENGN_StateRunning_WaitNewStep
2025/10/03 10:32:15.6 Old State:5-ENGN_StateRunning_WaitNewStep New State:ENGN_StateRunning_StartNewStep
2025/10/03 10:32:15.6 StartShaker(400)
2025/10/03 10:32:16.0 Old State:6-ENGN_StateRunning_StartNewStep New State:ENGN_StateRunning_WaitGoingToSample
2025/10/03 10:32:16.0 Sample96_Q(0, 0, 10)
2025/10/03 10:32:16.0 Temp: 2025/10/03 10:32:16, 30.0000
2025/10/03 10:32:16.0 GMC_SetPosZ
2025/10/03 10:32:16.0 
2025/10/03 10:32:16.0 START SCAN: 
2025/10/03 10:32:16.0    CycleTime (ms)    = 200
2025/10/03 10:32:16.0    CycleCount        = 25
2025/10/03 10:32:16.0    ScansToAverage    = 20
2025/10/03 10:32:16.0    FinishTime (s)    = 5
2025/10/03 10:32:16.0    Temperature       = 30.0
2025/10/03 10:32:16.0    Lamp Power        = 36
2025/10/03 10:32:16.0    Spec PCB temps    = 40.2, 40.9, 40.8, 40.7, 40.8, 41.0, 39.0, 39.9
2025/10/03 10:32:16.0 
2025/10/03 10:32:16.1 Old State:12-ENGN_StateRunning_WaitGoingToSample New State:ENGN_StateRunning_GoingToSample
2025/10/03 10:32:21.1 GMC_ServoHere
2025/10/03 10:32:21.3 GMC_SetPosXY
2025/10/03 10:32:21.7 GMC_SetPosZ
2025/10/03 10:32:26.7 Old State:13-cycle=1, Elapsed Time:    0.0,  Ideal Time:    0.0,  Delay time =   0.00  New State:ENGN_StateRunning_GoingToSampleComplete
2025/10/03 10:32:26.8 Old State:14-ENGN_StateRunning_GoingToSampleComplete New State:ENGN_StateRunning_WaitSampling
2025/10/03 10:32:26.8 Step started at: 10:32:16
2025/10/03 10:32:26.8 XYZ movement time  = 10590 ms + Scan start delay = 10557 ms
2025/10/03 10:32:26.9 Old State:15-ENGN_StateRunning_WaitSampling New State:ENGN_StateRunning_Sampling
2025/10/03 10:32:31.5 
2025/10/03 10:32:31.5 STOP SCAN: 
2025/10/03 10:32:31.5    CycleTime (ms)    = 200
2025/10/03 10:32:31.5    CurrentCycle      = 25
2025/10/03 10:32:31.5    RunTime (ms)      = 4954
2025/10/03 10:32:31.5    AverageCycle (ms) = 198.2
2025/10/03 10:32:31.5    Temperature       = 30.0
2025/10/03 10:32:31.5    DATA OVERRUN %    = 0.00
2025/10/03 10:32:31.5    Spec PCB temps    = 40.2, 40.9, 40.8, 40.7, 40.8, 41.0, 39.1, 39.9
2025/10/03 10:32:31.5 
2025/10/03 10:32:31.6 Old State:16-cycle=25, Elapsed Time:    5.0,  Ideal Time:    4.8,  Delay time =   0.04  New State:ENGN_StateRunning_SamplingComplete
2025/10/03 10:32:31.7 Old State:18-ENGN_StateRunning_SamplingComplete New State:ENGN_StateRunning_WaitNewStep
2025/10/03 10:32:31.8 Old State:5-ENGN_StateRunning_WaitNewStep New State:ENGN_StateRunning_StartNewStep
2025/10/03 10:32:31.8 StartShaker(400)
2025/10/03 10:32:32.1 Temp: 2025/10/03 10:32:32, 30.0000
2025/10/03 10:32:32.2 Old State:6-ENGN_StateRunning_StartNewStep New State:ENGN_StateRunning_WaitGoingToSample
2025/10/03 10:32:32.2 Sample96_Q(0, 0, 11)
2025/10/03 10:32:32.2 GMC_SetPosZ
2025/10/03 10:32:32.3 
2025/10/03 10:32:32.3 START SCAN: 
2025/10/03 10:32:32.3    CycleTime (ms)    = 200
2025/10/03 10:32:32.3    CycleCount        = 25
2025/10/03 10:32:32.3    ScansToAverage    = 20
2025/10/03 10:32:32.3    FinishTime (s)    = 5
2025/10/03 10:32:32.3    Temperature       = 30.0
2025/10/03 10:32:32.3    Lamp Power        = 36
2025/10/03 10:32:32.3    Spec PCB temps    = 40.2, 40.9, 40.8, 40.7, 40.8, 41.0, 39.0, 39.9
2025/10/03 10:32:32.3 
2025/10/03 10:32:32.3 Old State:12-ENGN_StateRunning_WaitGoingToSample New State:ENGN_StateRunning_GoingToSample
2025/10/03 10:32:37.0 GMC_ServoHere
2025/10/03 10:32:37.2 GMC_SetPosXY
2025/10/03 10:32:37.6 GMC_SetPosZ
2025/10/03 10:32:42.8 Old State:13-ENGN_StateRunning_GoingToSample New State:ENGN_StateRunning_GoingToSampleComplete
2025/10/03 10:32:43.0 Old State:14-cycle=1, Elapsed Time:    0.0,  Ideal Time:    0.0,  Delay time =   0.00  New State:ENGN_StateRunning_WaitSampling
2025/10/03 10:32:43.0 Step started at: 10:32:32
2025/10/03 10:32:43.0 XYZ movement time  = 10580 ms + Scan start delay = 10589 ms
2025/10/03 10:32:43.1 Old State:15-ENGN_StateRunning_WaitSampling New State:ENGN_StateRunning_Sampling
2025/10/03 10:32:47.7 
2025/10/03 10:32:47.7 STOP SCAN: 
2025/10/03 10:32:47.7    CycleTime (ms)    = 200
2025/10/03 10:32:47.7    CurrentCycle      = 25
2025/10/03 10:32:47.7    RunTime (ms)      = 4956
2025/10/03 10:32:47.7    AverageCycle (ms) = 198.2
2025/10/03 10:32:47.7    Temperature       = 30.0
2025/10/03 10:32:47.7    DATA OVERRUN %    = 0.00
2025/10/03 10:32:47.7    Spec PCB temps    = 40.2, 40.8, 40.9, 40.7, 40.8, 41.0, 39.0, 39.9
2025/10/03 10:32:47.7 
2025/10/03 10:32:47.7 Old State:16-cycle=25, Elapsed Time:    5.0,  Ideal Time:    4.8,  Delay time =   0.02  New State:ENGN_StateRunning_SamplingComplete
2025/10/03 10:32:47.9 Old State:18-ENGN_StateRunning_SamplingComplete New State:ENGN_StateRunning_WaitNewStep
2025/10/03 10:32:48.3 Old State:5-ENGN_StateRunning_WaitNewStep New State:ENGN_StateRunning_StartNewStep
2025/10/03 10:32:48.3 StartShaker(400)
2025/10/03 10:32:48.6 Temp: 2025/10/03 10:32:48, 30.0000
2025/10/03 10:32:48.7 Old State:6-ENGN_StateRunning_StartNewStep New State:ENGN_StateRunning_WaitGoingToSample
2025/10/03 10:32:48.7 Sample96_Q(0, 0, 1)
2025/10/03 10:32:48.8 
2025/10/03 10:32:48.8 START SCAN: 
2025/10/03 10:32:48.8    CycleTime (ms)    = 200
2025/10/03 10:32:48.8    CycleCount        = 600
2025/10/03 10:32:48.8    ScansToAverage    = 20
2025/10/03 10:32:48.8    FinishTime (s)    = 120
2025/10/03 10:32:48.8    Temperature       = 30.0
2025/10/03 10:32:48.8    Lamp Power        = 36
2025/10/03 10:32:48.8    Spec PCB temps    = 40.2, 40.9, 40.8, 40.7, 40.8, 41.0, 39.1, 39.9
2025/10/03 10:32:48.8 
2025/10/03 10:32:48.8 GMC_SetPosZ
2025/10/03 10:32:48.8 Old State:12-ENGN_StateRunning_WaitGoingToSample New State:ENGN_StateRunning_GoingToSample
2025/10/03 10:32:53.9 GMC_ServoHere
2025/10/03 10:32:54.1 GMC_SetPosXY
2025/10/03 10:32:55.7 GMC_SetPosZ
2025/10/03 10:32:58.1 Old State:13-cycle=1, Elapsed Time:    0.0,  Ideal Time:    0.0,  Delay time =   0.00  New State:ENGN_StateRunning_GoingToSampleComplete
2025/10/03 10:32:58.2 Old State:14-ENGN_StateRunning_GoingToSampleComplete New State:ENGN_StateRunning_WaitSampling
2025/10/03 10:32:58.2 Step started at: 10:32:48
2025/10/03 10:32:58.2 XYZ movement time  = 9364 ms + Scan start delay = 9301 ms
2025/10/03 10:32:58.2 DFIO: Start writing C:\ForteBio\John\2025_10_03_BEACON_48wp_SI212&205_P1_\251003_001.frd
2025/10/03 10:32:58.2 DFIO: Finished writing C:\ForteBio\John\2025_10_03_BEACON_48wp_SI212&205_P1_\251003_001.frd
2025/10/03 10:32:58.2 DFIO: Start writing C:\ForteBio\John\2025_10_03_BEACON_48wp_SI212&205_P1_\251003_002.frd
2025/10/03 10:32:58.2 DFIO: Finished writing C:\ForteBio\John\2025_10_03_BEACON_48wp_SI212&205_P1_\251003_002.frd
2025/10/03 10:32:58.2 DFIO: Start writing C:\ForteBio\John\2025_10_03_BEACON_48wp_SI212&205_P1_\251003_003.frd
2025/10/03 10:32:58.2 DFIO: Finished writing C:\ForteBio\John\2025_10_03_BEACON_48wp_SI212&205_P1_\251003_003.frd
2025/10/03 10:32:58.2 DFIO: Start writing C:\ForteBio\John\2025_10_03_BEACON_48wp_SI212&205_P1_\251003_004.frd
2025/10/03 10:32:58.2 DFIO: Finished writing C:\ForteBio\John\2025_10_03_BEACON_48wp_SI212&205_P1_\251003_004.frd
2025/10/03 10:32:58.2 DFIO: Start writing C:\ForteBio\John\2025_10_03_BEACON_48wp_SI212&205_P1_\251003_005.frd
2025/10/03 10:32:58.2 DFIO: Finished writing C:\ForteBio\John\2025_10_03_BEACON_48wp_SI212&205_P1_\251003_005.frd
2025/10/03 10:32:58.2 DFIO: Start writing C:\ForteBio\John\2025_10_03_BEACON_48wp_SI212&205_P1_\251003_006.frd
2025/10/03 10:32:58.2 DFIO: Finished writing C:\ForteBio\John\2025_10_03_BEACON_48wp_SI212&205_P1_\251003_006.frd
2025/10/03 10:32:58.2 DFIO: Finished writing C:\ForteBio\John\2025_10_03_BEACON_48wp_SI212&205_P1_\251003_Manifest.fmx
2025/10/03 10:32:58.3 Old State:15-ENGN_StateRunning_WaitSampling New State:ENGN_StateRunning_Sampling
2025/10/03 10:33:48.6 Temp: 2025/10/03 10:33:48, 30.0000
2025/10/03 10:34:48.7 Temp: 2025/10/03 10:34:48, 30.0000
2025/10/03 10:34:58.0 
2025/10/03 10:34:58.0 STOP SCAN: 
2025/10/03 10:34:58.0    CycleTime (ms)    = 200
2025/10/03 10:34:58.0    CurrentCycle      = 600
2025/10/03 10:34:58.0    RunTime (ms)      = 120012
2025/10/03 10:34:58.0    AverageCycle (ms) = 200.0
2025/10/03 10:34:58.0    Temperature       = 30.0
2025/10/03 10:34:58.0    DATA OVERRUN %    = 0.00
2025/10/03 10:34:58.0    Spec PCB temps    = 40.2, 40.9, 40.9, 40.7, 40.9, 41.1, 39.1, 39.9
2025/10/03 10:34:58.0 
2025/10/03 10:34:58.1 Old State:16-cycle=600, Elapsed Time:  120.0,  Ideal Time:  119.8,  Delay time =   0.04  New State:ENGN_StateRunning_SamplingComplete
2025/10/03 10:34:58.2 Old State:18-ENGN_StateRunning_SamplingComplete New State:ENGN_StateRunning_WaitNewStep
2025/10/03 10:34:58.3 Old State:5-ENGN_StateRunning_WaitNewStep New State:ENGN_StateRunning_StartNewStep
2025/10/03 10:34:58.4 StartShaker(400)
2025/10/03 10:34:58.6 Temp: 2025/10/03 10:34:58, 30.0000
2025/10/03 10:34:58.7 Old State:6-ENGN_StateRunning_StartNewStep New State:ENGN_StateRunning_WaitGoingToSample
2025/10/03 10:34:58.7 Sample96_Q(0, 0, 10)
2025/10/03 10:34:58.7 GMC_SetPosZ
2025/10/03 10:34:58.8 
2025/10/03 10:34:58.8 START SCAN: 
2025/10/03 10:34:58.8    CycleTime (ms)    = 200
2025/10/03 10:34:58.8    CycleCount        = 25
2025/10/03 10:34:58.8    ScansToAverage    = 20
2025/10/03 10:34:58.8    FinishTime (s)    = 5
2025/10/03 10:34:58.8    Temperature       = 30.0
2025/10/03 10:34:58.8    Lamp Power        = 36
2025/10/03 10:34:58.8    Spec PCB temps    = 40.2, 40.9, 40.9, 40.7, 40.9, 41.1, 39.1, 39.9
2025/10/03 10:34:58.8 
2025/10/03 10:34:58.8 Old State:12-ENGN_StateRunning_WaitGoingToSample New State:ENGN_StateRunning_GoingToSample
2025/10/03 10:35:00.9 GMC_ServoHere
2025/10/03 10:35:01.0 GMC_SetPosXY
2025/10/03 10:35:02.5 GMC_SetPosZ
2025/10/03 10:35:07.5 Old State:13-ENGN_StateRunning_GoingToSample New State:ENGN_StateRunning_GoingToSampleComplete
2025/10/03 10:35:07.6 Old State:14-cycle=1, Elapsed Time:    0.0,  Ideal Time:    0.0,  Delay time =   0.00  New State:ENGN_StateRunning_WaitSampling
2025/10/03 10:35:07.6 Step started at: 10:34:58
2025/10/03 10:35:07.6 XYZ movement time  = 8760 ms + Scan start delay = 8754 ms
2025/10/03 10:35:07.7 Old State:15-ENGN_StateRunning_WaitSampling New State:ENGN_StateRunning_Sampling
2025/10/03 10:35:12.4 
2025/10/03 10:35:12.4 STOP SCAN: 
2025/10/03 10:35:12.4    CycleTime (ms)    = 200
2025/10/03 10:35:12.4    CurrentCycle      = 25
2025/10/03 10:35:12.4    RunTime (ms)      = 4954
2025/10/03 10:35:12.4    AverageCycle (ms) = 198.2
2025/10/03 10:35:12.4    Temperature       = 30.0
2025/10/03 10:35:12.4    DATA OVERRUN %    = 0.00
2025/10/03 10:35:12.4    Spec PCB temps    = 40.2, 40.9, 40.9, 40.7, 40.9, 41.0, 39.1, 39.9
2025/10/03 10:35:12.4 
2025/10/03 10:35:12.5 Old State:16-cycle=25, Elapsed Time:    5.0,  Ideal Time:    4.8,  Delay time =   0.04  New State:ENGN_StateRunning_SamplingComplete
2025/10/03 10:35:12.7 Old State:18-ENGN_StateRunning_SamplingComplete New State:ENGN_StateRunning_WaitNewStep
2025/10/03 10:35:12.8 Old State:5-ENGN_StateRunning_WaitNewStep New State:ENGN_StateRunning_StartNewStep
2025/10/03 10:35:12.8 StartShaker(400)
2025/10/03 10:35:13.1 Temp: 2025/10/03 10:35:13, 30.0000
2025/10/03 10:35:13.1 Old State:6-ENGN_StateRunning_StartNewStep New State:ENGN_StateRunning_WaitGoingToSample
2025/10/03 10:35:13.1 Sample96_Q(0, 0, 11)
2025/10/03 10:35:13.2 GMC_SetPosZ
2025/10/03 10:35:13.2 
2025/10/03 10:35:13.2 START SCAN: 
2025/10/03 10:35:13.2    CycleTime (ms)    = 200
2025/10/03 10:35:13.2    CycleCount        = 25
2025/10/03 10:35:13.2    ScansToAverage    = 20
2025/10/03 10:35:13.2    FinishTime (s)    = 5
2025/10/03 10:35:13.2    Temperature       = 30.0
2025/10/03 10:35:13.2    Lamp Power        = 36
2025/10/03 10:35:13.2    Spec PCB temps    = 40.2, 40.9, 40.9, 40.7, 40.9, 41.0, 39.1, 39.9
2025/10/03 10:35:13.2 
2025/10/03 10:35:13.3 Old State:12-ENGN_StateRunning_WaitGoingToSample New State:ENGN_StateRunning_GoingToSample
2025/10/03 10:35:18.0 GMC_ServoHere
2025/10/03 10:35:18.1 GMC_SetPosXY
2025/10/03 10:35:18.5 GMC_SetPosZ
2025/10/03 10:35:23.9 Old State:13-cycle=1, Elapsed Time:    0.0,  Ideal Time:    0.0,  Delay time =   0.00  New State:ENGN_StateRunning_GoingToSampleComplete
2025/10/03 10:35:24.0 Old State:14-ENGN_StateRunning_GoingToSampleComplete New State:ENGN_StateRunning_WaitSampling
2025/10/03 10:35:24.0 Step started at: 10:35:13
2025/10/03 10:35:24.0 XYZ movement time  = 10644 ms + Scan start delay = 10577 ms
2025/10/03 10:35:24.1 Old State:15-ENGN_StateRunning_WaitSampling New State:ENGN_StateRunning_Sampling
2025/10/03 10:35:28.7 
2025/10/03 10:35:28.7 STOP SCAN: 
2025/10/03 10:35:28.7    CycleTime (ms)    = 200
2025/10/03 10:35:28.7    CurrentCycle      = 25
2025/10/03 10:35:28.7    RunTime (ms)      = 4971
2025/10/03 10:35:28.7    AverageCycle (ms) = 198.8
2025/10/03 10:35:28.7    Temperature       = 30.0
2025/10/03 10:35:28.7    DATA OVERRUN %    = 0.00
2025/10/03 10:35:28.7    Spec PCB temps    = 40.2, 40.9, 40.9, 40.7, 40.9, 41.0, 39.1, 39.9
2025/10/03 10:35:28.7 
2025/10/03 10:35:28.8 Old State:16-cycle=25, Elapsed Time:    5.0,  Ideal Time:    4.8,  Delay time =   0.04  New State:ENGN_StateRunning_SamplingComplete
2025/10/03 10:35:28.9 Old State:18-ENGN_StateRunning_SamplingComplete New State:ENGN_StateRunning_WaitNewStep
2025/10/03 10:35:29.3 Old State:5-ENGN_StateRunning_WaitNewStep New State:ENGN_StateRunning_StartNewStep
2025/10/03 10:35:29.3 StartShaker(400)
2025/10/03 10:35:29.5 Temp: 2025/10/03 10:35:29, 30.0000
2025/10/03 10:35:29.6 Old State:6-ENGN_StateRunning_StartNewStep New State:ENGN_StateRunning_WaitGoingToSample
2025/10/03 10:35:29.6 Sample96_Q(0, 0, 10)
2025/10/03 10:35:29.7 
2025/10/03 10:35:29.7 START SCAN: 
2025/10/03 10:35:29.7    CycleTime (ms)    = 200
2025/10/03 10:35:29.7    CycleCount        = 25
2025/10/03 10:35:29.7    ScansToAverage    = 20
2025/10/03 10:35:29.7    FinishTime (s)    = 5
2025/10/03 10:35:29.7    Temperature       = 30.0
2025/10/03 10:35:29.7    Lamp Power        = 36
2025/10/03 10:35:29.7    Spec PCB temps    = 40.2, 40.9, 40.9, 40.7, 40.9, 41.0, 39.1, 39.9
2025/10/03 10:35:29.7 
2025/10/03 10:35:29.7 GMC_SetPosZ
2025/10/03 10:35:29.8 Old State:12-ENGN_StateRunning_WaitGoingToSample New State:ENGN_StateRunning_GoingToSample
2025/10/03 10:35:34.9 GMC_ServoHere
2025/10/03 10:35:35.0 GMC_SetPosXY
2025/10/03 10:35:35.4 GMC_SetPosZ
2025/10/03 10:35:40.5 Old State:13-cycle=1, Elapsed Time:    0.0,  Ideal Time:    0.0,  Delay time =   0.00  New State:ENGN_StateRunning_GoingToSampleComplete
2025/10/03 10:35:40.6 Old State:14-ENGN_StateRunning_GoingToSampleComplete New State:ENGN_StateRunning_WaitSampling
2025/10/03 10:35:40.6 Step started at: 10:35:29
2025/10/03 10:35:40.6 XYZ movement time  = 10684 ms + Scan start delay = 10676 ms
2025/10/03 10:35:40.7 Old State:15-ENGN_StateRunning_WaitSampling New State:ENGN_StateRunning_Sampling
2025/10/03 10:35:45.3 
2025/10/03 10:35:45.3 STOP SCAN: 
2025/10/03 10:35:45.3    CycleTime (ms)    = 200
2025/10/03 10:35:45.3    CurrentCycle      = 25
2025/10/03 10:35:45.3    RunTime (ms)      = 4977
2025/10/03 10:35:45.3    AverageCycle (ms) = 199.1
2025/10/03 10:35:45.3    Temperature       = 30.0
2025/10/03 10:35:45.3    DATA OVERRUN %    = 0.00
2025/10/03 10:35:45.3    Spec PCB temps    = 40.2, 40.9, 40.9, 40.7, 40.9, 41.0, 39.1, 39.9
2025/10/03 10:35:45.3 
2025/10/03 10:35:45.4 Old State:16-cycle=25, Elapsed Time:    5.0,  Ideal Time:    4.8,  Delay time =   0.04  New State:ENGN_StateRunning_SamplingComplete
2025/10/03 10:35:45.5 Old State:18-ENGN_StateRunning_SamplingComplete New State:ENGN_StateRunning_WaitNewStep
2025/10/03 10:35:45.6 Old State:5-ENGN_StateRunning_WaitNewStep New State:ENGN_StateRunning_StartNewStep
2025/10/03 10:35:45.7 StartShaker(400)
2025/10/03 10:35:46.0 Old State:6-ENGN_StateRunning_StartNewStep New State:ENGN_StateRunning_WaitGoingToSample
2025/10/03 10:35:46.0 Sample96_Q(0, 0, 11)
2025/10/03 10:35:46.0 Temp: 2025/10/03 10:35:46, 30.0000
2025/10/03 10:35:46.1 
2025/10/03 10:35:46.1 START SCAN: 
2025/10/03 10:35:46.1    CycleTime (ms)    = 200
2025/10/03 10:35:46.1    CycleCount        = 25
2025/10/03 10:35:46.1    ScansToAverage    = 20
2025/10/03 10:35:46.1    FinishTime (s)    = 5
2025/10/03 10:35:46.1    Temperature       = 30.0
2025/10/03 10:35:46.1    Lamp Power        = 36
2025/10/03 10:35:46.1    Spec PCB temps    = 40.2, 40.9, 40.9, 40.7, 40.9, 41.0, 39.1, 39.9
2025/10/03 10:35:46.1 
2025/10/03 10:35:46.1 GMC_SetPosZ
2025/10/03 10:35:46.2 Old State:12-ENGN_StateRunning_WaitGoingToSample New State:ENGN_StateRunning_GoingToSample
2025/10/03 10:35:51.0 GMC_ServoHere
2025/10/03 10:35:51.1 GMC_SetPosXY
2025/10/03 10:35:51.5 GMC_SetPosZ
2025/10/03 10:35:56.9 Old State:13-cycle=1, Elapsed Time:    0.0,  Ideal Time:    0.0,  Delay time =   0.00  New State:ENGN_StateRunning_GoingToSampleComplete
2025/10/03 10:35:57.0 Old State:14-ENGN_StateRunning_GoingToSampleComplete New State:ENGN_StateRunning_WaitSampling
2025/10/03 10:35:57.0 Step started at: 10:35:46
2025/10/03 10:35:57.0 XYZ movement time  = 10751 ms + Scan start delay = 10691 ms
2025/10/03 10:35:57.1 Old State:15-ENGN_StateRunning_WaitSampling New State:ENGN_StateRunning_Sampling
2025/10/03 10:36:01.7 
2025/10/03 10:36:01.7 STOP SCAN: 
2025/10/03 10:36:01.7    CycleTime (ms)    = 200
2025/10/03 10:36:01.7    CurrentCycle      = 25
2025/10/03 10:36:01.7    RunTime (ms)      = 4955
2025/10/03 10:36:01.7    AverageCycle (ms) = 198.2
2025/10/03 10:36:01.7    Temperature       = 30.0
2025/10/03 10:36:01.7    DATA OVERRUN %    = 0.00
2025/10/03 10:36:01.7    Spec PCB temps    = 40.2, 40.9, 40.9, 40.7, 40.9, 41.1, 39.1, 39.9
2025/10/03 10:36:01.7 
2025/10/03 10:36:01.8 Old State:16-cycle=25, Elapsed Time:    5.0,  Ideal Time:    4.8,  Delay time =   0.04  New State:ENGN_StateRunning_SamplingComplete
2025/10/03 10:36:02.0 Old State:18-ENGN_StateRunning_SamplingComplete New State:ENGN_StateRunning_WaitNewStep
2025/10/03 10:36:02.2 Old State:5-ENGN_StateRunning_WaitNewStep New State:ENGN_StateRunning_StartNewStep
2025/10/03 10:36:02.2 StartShaker(400)
2025/10/03 10:36:02.5 Temp: 2025/10/03 10:36:02, 30.0000
2025/10/03 10:36:02.5 Old State:6-ENGN_StateRunning_StartNewStep New State:ENGN_StateRunning_WaitGoingToSample
2025/10/03 10:36:02.5 Sample96_Q(0, 0, 10)
2025/10/03 10:36:02.6 GMC_SetPosZ
2025/10/03 10:36:02.6 
2025/10/03 10:36:02.6 START SCAN: 
2025/10/03 10:36:02.6    CycleTime (ms)    = 200
2025/10/03 10:36:02.6    CycleCount        = 25
2025/10/03 10:36:02.6    ScansToAverage    = 20
2025/10/03 10:36:02.6    FinishTime (s)    = 5
2025/10/03 10:36:02.6    Temperature       = 30.0
2025/10/03 10:36:02.6    Lamp Power        = 36
2025/10/03 10:36:02.6    Spec PCB temps    = 40.2, 40.9, 40.9, 40.7, 40.9, 41.0, 39.1, 39.9
2025/10/03 10:36:02.6 
2025/10/03 10:36:02.7 Old State:12-ENGN_StateRunning_WaitGoingToSample New State:ENGN_StateRunning_GoingToSample
2025/10/03 10:36:07.7 GMC_ServoHere
2025/10/03 10:36:07.9 GMC_SetPosXY
2025/10/03 10:36:08.3 GMC_SetPosZ
2025/10/03 10:36:13.3 Old State:13-cycle=1, Elapsed Time:    0.0,  Ideal Time:    0.0,  Delay time =   0.00  New State:ENGN_StateRunning_GoingToSampleComplete
2025/10/03 10:36:13.4 Old State:14-ENGN_StateRunning_GoingToSampleComplete New State:ENGN_StateRunning_WaitSampling
2025/10/03 10:36:13.4 Step started at: 10:36:02
2025/10/03 10:36:13.4 XYZ movement time  = 10659 ms + Scan start delay = 10593 ms
2025/10/03 10:36:13.5 Old State:15-ENGN_StateRunning_WaitSampling New State:ENGN_StateRunning_Sampling
2025/10/03 10:36:18.1 
2025/10/03 10:36:18.1 STOP SCAN: 
2025/10/03 10:36:18.1    CycleTime (ms)    = 200
2025/10/03 10:36:18.1    CurrentCycle      = 25
2025/10/03 10:36:18.1    RunTime (ms)      = 4956
2025/10/03 10:36:18.1    AverageCycle (ms) = 198.2
2025/10/03 10:36:18.1    Temperature       = 30.0
2025/10/03 10:36:18.1    DATA OVERRUN %    = 0.00
2025/10/03 10:36:18.1    Spec PCB temps    = 40.2, 40.9, 40.9, 40.7, 40.9, 41.1, 39.1, 39.9
2025/10/03 10:36:18.1 
2025/10/03 10:36:18.1 Old State:16-cycle=25, Elapsed Time:    5.0,  Ideal Time:    4.8,  Delay time =   0.04  New State:ENGN_StateRunning_SamplingComplete
2025/10/03 10:36:18.3 Old State:18-ENGN_StateRunning_SamplingComplete New State:ENGN_StateRunning_WaitNewStep
2025/10/03 10:36:18.4 Old State:5-ENGN_StateRunning_WaitNewStep New State:ENGN_StateRunning_StartNewStep
2025/10/03 10:36:18.4 StartShaker(400)
2025/10/03 10:36:18.6 Temp: 2025/10/03 10:36:18, 30.0000
2025/10/03 10:36:18.8 Old State:6-ENGN_StateRunning_StartNewStep New State:ENGN_StateRunning_WaitGoingToSample
2025/10/03 10:36:18.8 Sample96_Q(0, 0, 11)
2025/10/03 10:36:18.8 GMC_SetPosZ
2025/10/03 10:36:18.8 
2025/10/03 10:36:18.8 START SCAN: 
2025/10/03 10:36:18.8    CycleTime (ms)    = 200
2025/10/03 10:36:18.8    CycleCount        = 25
2025/10/03 10:36:18.8    ScansToAverage    = 20
2025/10/03 10:36:18.8    FinishTime (s)    = 5
2025/10/03 10:36:18.8    Temperature       = 30.0
2025/10/03 10:36:18.8    Lamp Power        = 36
2025/10/03 10:36:18.8    Spec PCB temps    = 40.2, 40.9, 40.9, 40.7, 40.9, 41.0, 39.1, 39.9
2025/10/03 10:36:18.8 
2025/10/03 10:36:18.9 Old State:12-ENGN_StateRunning_WaitGoingToSample New State:ENGN_StateRunning_GoingToSample
2025/10/03 10:36:23.6 GMC_ServoHere
2025/10/03 10:36:23.8 GMC_SetPosXY
2025/10/03 10:36:24.2 GMC_SetPosZ
2025/10/03 10:36:29.4 Old State:13-ENGN_StateRunning_GoingToSample New State:ENGN_StateRunning_GoingToSampleComplete
2025/10/03 10:36:29.6 Old State:14-cycle=1, Elapsed Time:    0.0,  Ideal Time:    0.0,  Delay time =   0.00  New State:ENGN_StateRunning_WaitSampling
2025/10/03 10:36:29.6 Step started at: 10:36:18
2025/10/03 10:36:29.6 XYZ movement time  = 10622 ms + Scan start delay = 10637 ms
2025/10/03 10:36:29.7 Old State:15-ENGN_StateRunning_WaitSampling New State:ENGN_StateRunning_Sampling
2025/10/03 10:36:34.3 
2025/10/03 10:36:34.3 STOP SCAN: 
2025/10/03 10:36:34.3    CycleTime (ms)    = 200
2025/10/03 10:36:34.3    CurrentCycle      = 25
2025/10/03 10:36:34.3    RunTime (ms)      = 4959
2025/10/03 10:36:34.3    AverageCycle (ms) = 198.4
2025/10/03 10:36:34.3    Temperature       = 30.0
2025/10/03 10:36:34.3    DATA OVERRUN %    = 0.00
2025/10/03 10:36:34.3    Spec PCB temps    = 40.2, 40.9, 40.9, 40.7, 40.9, 41.0, 39.1, 39.9
2025/10/03 10:36:34.3 
2025/10/03 10:36:34.5 Old State:16-cycle=25, Elapsed Time:    5.0,  Ideal Time:    4.8,  Delay time =  -0.01 <<<<<<<<<< New State:ENGN_StateRunning_SamplingComplete
2025/10/03 10:36:34.6 Old State:18-ENGN_StateRunning_SamplingComplete New State:ENGN_StateRunning_WaitNewStep
2025/10/03 10:36:34.8 Old State:5-ENGN_StateRunning_WaitNewStep New State:ENGN_StateRunning_StartNewStep
2025/10/03 10:36:34.8 StartShaker(400)
2025/10/03 10:36:35.1 Temp: 2025/10/03 10:36:35, 30.0000
2025/10/03 10:36:35.1 Old State:6-ENGN_StateRunning_StartNewStep New State:ENGN_StateRunning_WaitGoingToSample
2025/10/03 10:36:35.1 Sample96_Q(0, 0, 2)
2025/10/03 10:36:35.2 
2025/10/03 10:36:35.2 START SCAN: 
2025/10/03 10:36:35.2    CycleTime (ms)    = 200
2025/10/03 10:36:35.2    CycleCount        = 600
2025/10/03 10:36:35.2    ScansToAverage    = 20
2025/10/03 10:36:35.2    FinishTime (s)    = 120
2025/10/03 10:36:35.2    Temperature       = 30.0
2025/10/03 10:36:35.2    Lamp Power        = 36
2025/10/03 10:36:35.2    Spec PCB temps    = 40.3, 40.9, 40.9, 40.7, 40.9, 41.0, 39.1, 39.9
2025/10/03 10:36:35.2 
2025/10/03 10:36:35.3 GMC_SetPosZ
2025/10/03 10:36:35.3 Old State:12-ENGN_StateRunning_WaitGoingToSample New State:ENGN_StateRunning_GoingToSample
2025/10/03 10:36:40.4 GMC_ServoHere
2025/10/03 10:36:40.6 GMC_SetPosXY
2025/10/03 10:36:42.0 GMC_SetPosZ
2025/10/03 10:36:44.7 Old State:13-cycle=1, Elapsed Time:    0.0,  Ideal Time:    0.0,  Delay time =   0.00  New State:ENGN_StateRunning_GoingToSampleComplete
2025/10/03 10:36:44.8 DFIO: Start writing C:\ForteBio\John\2025_10_03_BEACON_48wp_SI212&205_P1_\251003_007.frd
2025/10/03 10:36:44.8 DFIO: Finished writing C:\ForteBio\John\2025_10_03_BEACON_48wp_SI212&205_P1_\251003_007.frd
2025/10/03 10:36:44.8 DFIO: Start writing C:\ForteBio\John\2025_10_03_BEACON_48wp_SI212&205_P1_\251003_008.frd
2025/10/03 10:36:44.8 DFIO: Finished writing C:\ForteBio\John\2025_10_03_BEACON_48wp_SI212&205_P1_\251003_008.frd
2025/10/03 10:36:44.8 DFIO: Start writing C:\ForteBio\John\2025_10_03_BEACON_48wp_SI212&205_P1_\251003_009.frd
2025/10/03 10:36:44.8 DFIO: Finished writing C:\ForteBio\John\2025_10_03_BEACON_48wp_SI212&205_P1_\251003_009.frd
2025/10/03 10:36:44.8 DFIO: Start writing C:\ForteBio\John\2025_10_03_BEACON_48wp_SI212&205_P1_\251003_010.frd
2025/10/03 10:36:44.8 DFIO: Finished writing C:\ForteBio\John\2025_10_03_BEACON_48wp_SI212&205_P1_\251003_010.frd
2025/10/03 10:36:44.8 DFIO: Start writing C:\ForteBio\John\2025_10_03_BEACON_48wp_SI212&205_P1_\251003_011.frd
2025/10/03 10:36:44.8 DFIO: Finished writing C:\ForteBio\John\2025_10_03_BEACON_48wp_SI212&205_P1_\251003_011.frd
2025/10/03 10:36:44.8 DFIO: Start writing C:\ForteBio\John\2025_10_03_BEACON_48wp_SI212&205_P1_\251003_012.frd
2025/10/03 10:36:44.8 DFIO: Finished writing C:\ForteBio\John\2025_10_03_BEACON_48wp_SI212&205_P1_\251003_012.frd
2025/10/03 10:36:44.8 DFIO: Finished writing C:\ForteBio\John\2025_10_03_BEACON_48wp_SI212&205_P1_\251003_Manifest.fmx
2025/10/03 10:36:44.8 Old State:14-ENGN_StateRunning_GoingToSampleComplete New State:ENGN_StateRunning_WaitSampling
2025/10/03 10:36:44.8 Step started at: 10:36:35
2025/10/03 10:36:44.8 XYZ movement time  = 9493 ms + Scan start delay = 9424 ms
2025/10/03 10:36:44.9 Old State:15-ENGN_StateRunning_WaitSampling New State:ENGN_StateRunning_Sampling
2025/10/03 10:37:35.2 Temp: 2025/10/03 10:37:35, 30.0000
2025/10/03 10:38:35.2 Temp: 2025/10/03 10:38:35, 30.0000
2025/10/03 10:38:44.6 
2025/10/03 10:38:44.6 STOP SCAN: 
2025/10/03 10:38:44.6    CycleTime (ms)    = 200
2025/10/03 10:38:44.6    CurrentCycle      = 600
2025/10/03 10:38:44.6    RunTime (ms)      = 119974
2025/10/03 10:38:44.6    AverageCycle (ms) = 200.0
2025/10/03 10:38:44.6    Temperature       = 30.0
2025/10/03 10:38:44.6    DATA OVERRUN %    = 0.00
2025/10/03 10:38:44.6    Spec PCB temps    = 40.3, 40.9, 40.9, 40.8, 40.9, 41.1, 39.1, 39.9
2025/10/03 10:38:44.6 
2025/10/03 10:38:44.7 Old State:16-cycle=600, Elapsed Time:  120.0,  Ideal Time:  119.8,  Delay time =   0.04  New State:ENGN_StateRunning_SamplingComplete
2025/10/03 10:38:44.8 Old State:18-ENGN_StateRunning_SamplingComplete New State:ENGN_StateRunning_WaitNewStep
2025/10/03 10:38:44.9 Old State:5-ENGN_StateRunning_WaitNewStep New State:ENGN_StateRunning_StartNewStep
2025/10/03 10:38:44.9 StartShaker(400)
2025/10/03 10:38:45.2 Temp: 2025/10/03 10:38:45, 30.0000
2025/10/03 10:38:45.3 Old State:6-ENGN_StateRunning_StartNewStep New State:ENGN_StateRunning_WaitGoingToSample
2025/10/03 10:38:45.3 Sample96_Q(0, 0, 10)
2025/10/03 10:38:45.3 GMC_SetPosZ
2025/10/03 10:38:45.3 
2025/10/03 10:38:45.3 START SCAN: 
2025/10/03 10:38:45.3    CycleTime (ms)    = 200
2025/10/03 10:38:45.3    CycleCount        = 25
2025/10/03 10:38:45.3    ScansToAverage    = 20
2025/10/03 10:38:45.3    FinishTime (s)    = 5
2025/10/03 10:38:45.3    Temperature       = 30.0
2025/10/03 10:38:45.3    Lamp Power        = 36
2025/10/03 10:38:45.3    Spec PCB temps    = 40.3, 40.9, 40.9, 40.7, 40.9, 41.1, 39.1, 39.9
2025/10/03 10:38:45.3 
2025/10/03 10:38:45.4 Old State:12-ENGN_StateRunning_WaitGoingToSample New State:ENGN_StateRunning_GoingToSample
2025/10/03 10:38:47.8 GMC_ServoHere
2025/10/03 10:38:47.9 GMC_SetPosXY
2025/10/03 10:38:49.2 GMC_SetPosZ
2025/10/03 10:38:54.2 Old State:13-ENGN_StateRunning_GoingToSample New State:ENGN_StateRunning_GoingToSampleComplete
2025/10/03 10:38:54.3 Old State:14-cycle=1, Elapsed Time:    0.0,  Ideal Time:    0.0,  Delay time =   0.00  New State:ENGN_StateRunning_WaitSampling
2025/10/03 10:38:54.3 Step started at: 10:38:45
2025/10/03 10:38:54.3 XYZ movement time  = 8891 ms + Scan start delay = 8847 ms
2025/10/03 10:38:54.4 Old State:15-ENGN_StateRunning_WaitSampling New State:ENGN_StateRunning_Sampling
2025/10/03 10:38:59.1 
2025/10/03 10:38:59.1 STOP SCAN: 
2025/10/03 10:38:59.1    CycleTime (ms)    = 200
2025/10/03 10:38:59.1    CurrentCycle      = 25
2025/10/03 10:38:59.1    RunTime (ms)      = 4954
2025/10/03 10:38:59.1    AverageCycle (ms) = 198.2
2025/10/03 10:38:59.1    Temperature       = 30.0
2025/10/03 10:38:59.1    DATA OVERRUN %    = 0.00
2025/10/03 10:38:59.1    Spec PCB temps    = 40.3, 40.9, 40.9, 40.7, 40.9, 41.1, 39.1, 39.9
2025/10/03 10:38:59.1 
2025/10/03 10:38:59.2 Old State:16-cycle=25, Elapsed Time:    5.0,  Ideal Time:    4.8,  Delay time =   0.04  New State:ENGN_StateRunning_SamplingComplete
2025/10/03 10:38:59.3 Old State:18-ENGN_StateRunning_SamplingComplete New State:ENGN_StateRunning_WaitNewStep
2025/10/03 10:38:59.7 Old State:5-ENGN_StateRunning_WaitNewStep New State:ENGN_StateRunning_StartNewStep
2025/10/03 10:38:59.7 StartShaker(400)
2025/10/03 10:38:59.9 Temp: 2025/10/03 10:38:59, 30.0000
2025/10/03 10:39:00.0 Old State:6-ENGN_StateRunning_StartNewStep New State:ENGN_StateRunning_WaitGoingToSample
2025/10/03 10:39:00.0 Sample96_Q(0, 0, 11)
2025/10/03 10:39:00.1 GMC_SetPosZ
2025/10/03 10:39:00.1 
2025/10/03 10:39:00.1 START SCAN: 
2025/10/03 10:39:00.1    CycleTime (ms)    = 200
2025/10/03 10:39:00.1    CycleCount        = 25
2025/10/03 10:39:00.1    ScansToAverage    = 20
2025/10/03 10:39:00.1    FinishTime (s)    = 5
2025/10/03 10:39:00.1    Temperature       = 30.0
2025/10/03 10:39:00.1    Lamp Power        = 36
2025/10/03 10:39:00.1    Spec PCB temps    = 40.3, 40.9, 40.9, 40.8, 40.9, 41.1, 39.2, 39.9
2025/10/03 10:39:00.1 
2025/10/03 10:39:00.2 Old State:12-ENGN_StateRunning_WaitGoingToSample New State:ENGN_StateRunning_GoingToSample
2025/10/03 10:39:04.9 GMC_ServoHere
2025/10/03 10:39:05.1 GMC_SetPosXY
2025/10/03 10:39:05.4 GMC_SetPosZ
2025/10/03 10:39:10.9 Old State:13-cycle=1, Elapsed Time:    0.0,  Ideal Time:    0.0,  Delay time =   0.00  New State:ENGN_StateRunning_GoingToSampleComplete
2025/10/03 10:39:11.0 Old State:14-ENGN_StateRunning_GoingToSampleComplete New State:ENGN_StateRunning_WaitSampling
2025/10/03 10:39:11.0 Step started at: 10:39:00
2025/10/03 10:39:11.0 XYZ movement time  = 10647 ms + Scan start delay = 10610 ms
2025/10/03 10:39:11.1 Old State:15-ENGN_StateRunning_WaitSampling New State:ENGN_StateRunning_Sampling
2025/10/03 10:39:15.6 
2025/10/03 10:39:15.6 STOP SCAN: 
2025/10/03 10:39:15.6    CycleTime (ms)    = 200
2025/10/03 10:39:15.6    CurrentCycle      = 25
2025/10/03 10:39:15.6    RunTime (ms)      = 4956
2025/10/03 10:39:15.6    AverageCycle (ms) = 198.2
2025/10/03 10:39:15.6    Temperature       = 30.0
2025/10/03 10:39:15.6    DATA OVERRUN %    = 0.00
2025/10/03 10:39:15.6    Spec PCB temps    = 40.3, 40.9, 40.9, 40.7, 40.9, 41.1, 39.2, 39.9
2025/10/03 10:39:15.6 
2025/10/03 10:39:15.7 Old State:16-cycle=25, Elapsed Time:    5.0,  Ideal Time:    4.8,  Delay time =   0.03  New State:ENGN_StateRunning_SamplingComplete
2025/10/03 10:39:15.9 Old State:18-ENGN_StateRunning_SamplingComplete New State:ENGN_StateRunning_WaitNewStep
2025/10/03 10:39:16.1 Old State:5-ENGN_StateRunning_WaitNewStep New State:ENGN_StateRunning_StartNewStep
2025/10/03 10:39:16.1 StartShaker(400)
2025/10/03 10:39:16.4 Old State:6-ENGN_StateRunning_StartNewStep New State:ENGN_StateRunning_WaitGoingToSample
2025/10/03 10:39:16.4 Sample96_Q(0, 0, 10)
2025/10/03 10:39:16.4 Temp: 2025/10/03 10:39:16, 30.0000
2025/10/03 10:39:16.5 
2025/10/03 10:39:16.5 START SCAN: 
2025/10/03 10:39:16.5    CycleTime (ms)    = 200
2025/10/03 10:39:16.5    CycleCount        = 25
2025/10/03 10:39:16.5    ScansToAverage    = 20
2025/10/03 10:39:16.5    FinishTime (s)    = 5
2025/10/03 10:39:16.5    Temperature       = 30.0
2025/10/03 10:39:16.5    Lamp Power        = 36
2025/10/03 10:39:16.5    Spec PCB temps    = 40.3, 40.9, 40.9, 40.7, 40.9, 41.1, 39.2, 39.9
2025/10/03 10:39:16.5 
2025/10/03 10:39:16.6 GMC_SetPosZ
2025/10/03 10:39:16.6 Old State:12-ENGN_StateRunning_WaitGoingToSample New State:ENGN_StateRunning_GoingToSample
2025/10/03 10:39:21.7 GMC_ServoHere
2025/10/03 10:39:21.9 GMC_SetPosXY
2025/10/03 10:39:22.2 GMC_SetPosZ
2025/10/03 10:39:27.3 Old State:13-cycle=1, Elapsed Time:    0.0,  Ideal Time:    0.0,  Delay time =   0.00  New State:ENGN_StateRunning_GoingToSampleComplete
2025/10/03 10:39:27.4 Old State:14-ENGN_StateRunning_GoingToSampleComplete New State:ENGN_StateRunning_WaitSampling
2025/10/03 10:39:27.4 Step started at: 10:39:16
2025/10/03 10:39:27.4 XYZ movement time  = 10706 ms + Scan start delay = 10699 ms
2025/10/03 10:39:27.5 Old State:15-ENGN_StateRunning_WaitSampling New State:ENGN_StateRunning_Sampling
2025/10/03 10:39:32.1 
2025/10/03 10:39:32.1 STOP SCAN: 
2025/10/03 10:39:32.1    CycleTime (ms)    = 200
2025/10/03 10:39:32.1    CurrentCycle      = 25
2025/10/03 10:39:32.1    RunTime (ms)      = 4955
2025/10/03 10:39:32.1    AverageCycle (ms) = 198.2
2025/10/03 10:39:32.1    Temperature       = 30.0
2025/10/03 10:39:32.1    DATA OVERRUN %    = 0.00
2025/10/03 10:39:32.1    Spec PCB temps    = 40.3, 40.9, 40.9, 40.7, 40.9, 41.1, 39.1, 39.9
2025/10/03 10:39:32.1 
2025/10/03 10:39:32.1 Old State:16-cycle=25, Elapsed Time:    5.0,  Ideal Time:    4.8,  Delay time =   0.00  New State:ENGN_StateRunning_SamplingComplete
2025/10/03 10:39:32.3 Old State:18-ENGN_StateRunning_SamplingComplete New State:ENGN_StateRunning_WaitNewStep
2025/10/03 10:39:32.6 Old State:5-ENGN_StateRunning_WaitNewStep New State:ENGN_StateRunning_StartNewStep
2025/10/03 10:39:32.6 StartShaker(400)
2025/10/03 10:39:32.9 Temp: 2025/10/03 10:39:32, 30.0000
2025/10/03 10:39:32.9 Old State:6-ENGN_StateRunning_StartNewStep New State:ENGN_StateRunning_WaitGoingToSample
2025/10/03 10:39:32.9 Sample96_Q(0, 0, 11)
2025/10/03 10:39:33.0 GMC_SetPosZ
2025/10/03 10:39:33.0 
2025/10/03 10:39:33.0 START SCAN: 
2025/10/03 10:39:33.0    CycleTime (ms)    = 200
2025/10/03 10:39:33.0    CycleCount        = 25
2025/10/03 10:39:33.0    ScansToAverage    = 20
2025/10/03 10:39:33.0    FinishTime (s)    = 5
2025/10/03 10:39:33.0    Temperature       = 30.0
2025/10/03 10:39:33.0    Lamp Power        = 36
2025/10/03 10:39:33.0    Spec PCB temps    = 40.3, 40.9, 41.0, 40.7, 40.9, 41.1, 39.2, 39.9
2025/10/03 10:39:33.0 
2025/10/03 10:39:33.1 Old State:12-ENGN_StateRunning_WaitGoingToSample New State:ENGN_StateRunning_GoingToSample
2025/10/03 10:39:37.8 GMC_ServoHere
2025/10/03 10:39:38.0 GMC_SetPosXY
2025/10/03 10:39:38.3 GMC_SetPosZ
2025/10/03 10:39:43.7 Old State:13-cycle=1, Elapsed Time:    0.0,  Ideal Time:    0.0,  Delay time =   0.00  New State:ENGN_StateRunning_GoingToSampleComplete
2025/10/03 10:39:43.8 Old State:14-ENGN_StateRunning_GoingToSampleComplete New State:ENGN_StateRunning_WaitSampling
2025/10/03 10:39:43.8 Step started at: 10:39:33
2025/10/03 10:39:43.8 XYZ movement time  = 10607 ms + Scan start delay = 10601 ms
2025/10/03 10:39:43.9 Old State:15-ENGN_StateRunning_WaitSampling New State:ENGN_StateRunning_Sampling
2025/10/03 10:39:48.6 
2025/10/03 10:39:48.6 STOP SCAN: 
2025/10/03 10:39:48.6    CycleTime (ms)    = 200
2025/10/03 10:39:48.6    CurrentCycle      = 25
2025/10/03 10:39:48.6    RunTime (ms)      = 5001
2025/10/03 10:39:48.6    AverageCycle (ms) = 200.0
2025/10/03 10:39:48.6    Temperature       = 30.0
2025/10/03 10:39:48.6    DATA OVERRUN %    = 0.00
2025/10/03 10:39:48.6    Spec PCB temps    = 40.3, 40.9, 41.0, 40.7, 40.9, 41.1, 39.2, 39.9
2025/10/03 10:39:48.6 
2025/10/03 10:39:48.7 Old State:16-cycle=25, Elapsed Time:    5.0,  Ideal Time:    4.8,  Delay time =   0.04  New State:ENGN_StateRunning_SamplingComplete
2025/10/03 10:39:48.8 Old State:18-ENGN_StateRunning_SamplingComplete New State:ENGN_StateRunning_WaitNewStep
2025/10/03 10:39:49.0 Old State:5-ENGN_StateRunning_WaitNewStep New State:ENGN_StateRunning_StartNewStep
2025/10/03 10:39:49.1 StartShaker(400)
2025/10/03 10:39:49.4 Temp: 2025/10/03 10:39:49, 30.0000
2025/10/03 10:39:49.4 Old State:6-ENGN_StateRunning_StartNewStep New State:ENGN_StateRunning_WaitGoingToSample
2025/10/03 10:39:49.4 Sample96_Q(0, 0, 10)
2025/10/03 10:39:49.5 GMC_SetPosZ
2025/10/03 10:39:49.5 
2025/10/03 10:39:49.5 START SCAN: 
2025/10/03 10:39:49.5    CycleTime (ms)    = 200
2025/10/03 10:39:49.5    CycleCount        = 25
2025/10/03 10:39:49.5    ScansToAverage    = 20
2025/10/03 10:39:49.5    FinishTime (s)    = 5
2025/10/03 10:39:49.5    Temperature       = 30.0
2025/10/03 10:39:49.5    Lamp Power        = 36
2025/10/03 10:39:49.5    Spec PCB temps    = 40.4, 40.9, 40.9, 40.7, 41.0, 41.1, 39.2, 39.9
2025/10/03 10:39:49.5 
2025/10/03 10:39:49.5 Old State:12-ENGN_StateRunning_WaitGoingToSample New State:ENGN_StateRunning_GoingToSample
2025/10/03 10:39:54.6 GMC_ServoHere
2025/10/03 10:39:54.7 GMC_SetPosXY
2025/10/03 10:39:55.1 GMC_SetPosZ
2025/10/03 10:40:00.2 Old State:13-cycle=1, Elapsed Time:    0.0,  Ideal Time:    0.0,  Delay time =   0.00  New State:ENGN_StateRunning_GoingToSampleComplete
2025/10/03 10:40:00.3 Old State:14-ENGN_StateRunning_GoingToSampleComplete New State:ENGN_StateRunning_WaitSampling
2025/10/03 10:40:00.3 Step started at: 10:39:49
2025/10/03 10:40:00.3 XYZ movement time  = 10644 ms + Scan start delay = 10606 ms
2025/10/03 10:40:00.4 Old State:15-ENGN_StateRunning_WaitSampling New State:ENGN_StateRunning_Sampling
2025/10/03 10:40:05.0 
2025/10/03 10:40:05.0 STOP SCAN: 
2025/10/03 10:40:05.0    CycleTime (ms)    = 200
2025/10/03 10:40:05.0    CurrentCycle      = 25
2025/10/03 10:40:05.0    RunTime (ms)      = 4954
2025/10/03 10:40:05.0    AverageCycle (ms) = 198.2
2025/10/03 10:40:05.0    Temperature       = 30.0
2025/10/03 10:40:05.0    DATA OVERRUN %    = 0.00
2025/10/03 10:40:05.0    Spec PCB temps    = 40.3, 40.9, 40.9, 40.7, 40.9, 41.0, 39.2, 40.0
2025/10/03 10:40:05.0 
2025/10/03 10:40:05.1 Old State:16-cycle=25, Elapsed Time:    5.0,  Ideal Time:    4.8,  Delay time =   0.03  New State:ENGN_StateRunning_SamplingComplete
2025/10/03 10:40:05.3 Old State:18-ENGN_StateRunning_SamplingComplete New State:ENGN_StateRunning_WaitNewStep
2025/10/03 10:40:05.6 Old State:5-ENGN_StateRunning_WaitNewStep New State:ENGN_StateRunning_StartNewStep
2025/10/03 10:40:05.6 StartShaker(400)
2025/10/03 10:40:05.9 Temp: 2025/10/03 10:40:05, 30.0000
2025/10/03 10:40:06.0 Old State:6-ENGN_StateRunning_StartNewStep New State:ENGN_StateRunning_WaitGoingToSample
2025/10/03 10:40:06.0 Sample96_Q(0, 0, 11)
2025/10/03 10:40:06.1 
2025/10/03 10:40:06.1 START SCAN: 
2025/10/03 10:40:06.1    CycleTime (ms)    = 200
2025/10/03 10:40:06.1    CycleCount        = 25
2025/10/03 10:40:06.1    ScansToAverage    = 20
2025/10/03 10:40:06.1    FinishTime (s)    = 5
2025/10/03 10:40:06.1    Temperature       = 30.0
2025/10/03 10:40:06.1    Lamp Power        = 36
2025/10/03 10:40:06.1    Spec PCB temps    = 40.3, 40.9, 41.0, 40.7, 40.9, 41.1, 39.2, 40.0
2025/10/03 10:40:06.1 
2025/10/03 10:40:06.1 GMC_SetPosZ
2025/10/03 10:40:06.2 Old State:12-ENGN_StateRunning_WaitGoingToSample New State:ENGN_StateRunning_GoingToSample
2025/10/03 10:40:10.9 GMC_ServoHere
2025/10/03 10:40:11.1 GMC_SetPosXY
2025/10/03 10:40:11.4 GMC_SetPosZ
2025/10/03 10:40:16.9 Old State:13-cycle=1, Elapsed Time:    0.0,  Ideal Time:    0.0,  Delay time =   0.00  New State:ENGN_StateRunning_GoingToSampleComplete
2025/10/03 10:40:17.0 Old State:14-ENGN_StateRunning_GoingToSampleComplete New State:ENGN_StateRunning_WaitSampling
2025/10/03 10:40:17.0 Step started at: 10:40:06
2025/10/03 10:40:17.0 XYZ movement time  = 10713 ms + Scan start delay = 10665 ms
2025/10/03 10:40:17.1 Old State:15-ENGN_StateRunning_WaitSampling New State:ENGN_StateRunning_Sampling
2025/10/03 10:40:21.6 
2025/10/03 10:40:21.6 STOP SCAN: 
2025/10/03 10:40:21.6    CycleTime (ms)    = 200
2025/10/03 10:40:21.6    CurrentCycle      = 25
2025/10/03 10:40:21.6    RunTime (ms)      = 4956
2025/10/03 10:40:21.6    AverageCycle (ms) = 198.2
2025/10/03 10:40:21.6    Temperature       = 30.0
2025/10/03 10:40:21.6    DATA OVERRUN %    = 0.00
2025/10/03 10:40:21.6    Spec PCB temps    = 40.4, 40.9, 40.9, 40.7, 40.9, 41.1, 39.2, 40.0
2025/10/03 10:40:21.6 
2025/10/03 10:40:21.7 Old State:16-cycle=25, Elapsed Time:    5.0,  Ideal Time:    4.8,  Delay time =   0.04  New State:ENGN_StateRunning_SamplingComplete
2025/10/03 10:40:21.8 Old State:18-ENGN_StateRunning_SamplingComplete New State:ENGN_StateRunning_WaitNewStep
2025/10/03 10:40:22.1 Old State:5-ENGN_StateRunning_WaitNewStep New State:ENGN_StateRunning_StartNewStep
2025/10/03 10:40:22.2 StartShaker(400)
2025/10/03 10:40:22.3 Temp: 2025/10/03 10:40:22, 30.0000
2025/10/03 10:40:22.5 Old State:6-ENGN_StateRunning_StartNewStep New State:ENGN_StateRunning_WaitGoingToSample
2025/10/03 10:40:22.5 Sample96_Q(0, 0, 3)
2025/10/03 10:40:22.5 GMC_SetPosZ
2025/10/03 10:40:22.6 
2025/10/03 10:40:22.6 START SCAN: 
2025/10/03 10:40:22.6    CycleTime (ms)    = 200
2025/10/03 10:40:22.6    CycleCount        = 600
2025/10/03 10:40:22.6    ScansToAverage    = 20
2025/10/03 10:40:22.6    FinishTime (s)    = 120
2025/10/03 10:40:22.6    Temperature       = 30.0
2025/10/03 10:40:22.6    Lamp Power        = 36
2025/10/03 10:40:22.6    Spec PCB temps    = 40.3, 40.9, 41.0, 40.7, 40.9, 41.1, 39.2, 40.0
2025/10/03 10:40:22.6 
2025/10/03 10:40:22.7 Old State:12-ENGN_StateRunning_WaitGoingToSample New State:ENGN_StateRunning_GoingToSample
2025/10/03 10:40:27.7 GMC_ServoHere
2025/10/03 10:40:27.8 GMC_SetPosXY
2025/10/03 10:40:29.3 GMC_SetPosZ
2025/10/03 10:40:32.3 Old State:13-ENGN_StateRunning_GoingToSample New State:ENGN_StateRunning_GoingToSampleComplete
2025/10/03 10:40:32.3 DFIO: Start writing C:\ForteBio\John\2025_10_03_BEACON_48wp_SI212&205_P1_\251003_013.frd
2025/10/03 10:40:32.3 DFIO: Finished writing C:\ForteBio\John\2025_10_03_BEACON_48wp_SI212&205_P1_\251003_013.frd
2025/10/03 10:40:32.3 DFIO: Start writing C:\ForteBio\John\2025_10_03_BEACON_48wp_SI212&205_P1_\251003_014.frd
2025/10/03 10:40:32.3 DFIO: Finished writing C:\ForteBio\John\2025_10_03_BEACON_48wp_SI212&205_P1_\251003_014.frd
2025/10/03 10:40:32.3 DFIO: Start writing C:\ForteBio\John\2025_10_03_BEACON_48wp_SI212&205_P1_\251003_015.frd
2025/10/03 10:40:32.3 DFIO: Finished writing C:\ForteBio\John\2025_10_03_BEACON_48wp_SI212&205_P1_\251003_015.frd
2025/10/03 10:40:32.3 DFIO: Start writing C:\ForteBio\John\2025_10_03_BEACON_48wp_SI212&205_P1_\251003_016.frd
2025/10/03 10:40:32.3 DFIO: Finished writing C:\ForteBio\John\2025_10_03_BEACON_48wp_SI212&205_P1_\251003_016.frd
2025/10/03 10:40:32.3 DFIO: Start writing C:\ForteBio\John\2025_10_03_BEACON_48wp_SI212&205_P1_\251003_017.frd
2025/10/03 10:40:32.3 DFIO: Finished writing C:\ForteBio\John\2025_10_03_BEACON_48wp_SI212&205_P1_\251003_017.frd
2025/10/03 10:40:32.3 DFIO: Start writing C:\ForteBio\John\2025_10_03_BEACON_48wp_SI212&205_P1_\251003_018.frd
2025/10/03 10:40:32.3 DFIO: Finished writing C:\ForteBio\John\2025_10_03_BEACON_48wp_SI212&205_P1_\251003_018.frd
2025/10/03 10:40:32.3 DFIO: Finished writing C:\ForteBio\John\2025_10_03_BEACON_48wp_SI212&205_P1_\251003_Manifest.fmx
2025/10/03 10:40:32.4 Old State:14-cycle=1, Elapsed Time:    0.0,  Ideal Time:    0.0,  Delay time =   0.00  New State:ENGN_StateRunning_WaitSampling
2025/10/03 10:40:32.4 Step started at: 10:40:22
2025/10/03 10:40:32.4 XYZ movement time  = 9699 ms + Scan start delay = 9670 ms
2025/10/03 10:40:32.5 Old State:15-ENGN_StateRunning_WaitSampling New State:ENGN_StateRunning_Sampling
2025/10/03 10:41:22.4 Temp: 2025/10/03 10:41:22, 30.0000
2025/10/03 10:42:22.4 Temp: 2025/10/03 10:42:22, 30.0000
2025/10/03 10:42:32.1 
2025/10/03 10:42:32.1 STOP SCAN: 
2025/10/03 10:42:32.1    CycleTime (ms)    = 200
2025/10/03 10:42:32.1    CurrentCycle      = 600
2025/10/03 10:42:32.1    RunTime (ms)      = 119955
2025/10/03 10:42:32.1    AverageCycle (ms) = 199.9
2025/10/03 10:42:32.1    Temperature       = 30.0
2025/10/03 10:42:32.1    DATA OVERRUN %    = 0.00
2025/10/03 10:42:32.1    Spec PCB temps    = 40.4, 40.9, 41.0, 40.8, 41.0, 41.1, 39.2, 40.0
2025/10/03 10:42:32.1 
2025/10/03 10:42:32.2 Old State:16-cycle=600, Elapsed Time:  120.0,  Ideal Time:  119.8,  Delay time =   0.04  New State:ENGN_StateRunning_SamplingComplete
2025/10/03 10:42:32.3 Old State:18-ENGN_StateRunning_SamplingComplete New State:ENGN_StateRunning_WaitNewStep
2025/10/03 10:42:32.4 Old State:5-ENGN_StateRunning_WaitNewStep New State:ENGN_StateRunning_StartNewStep
2025/10/03 10:42:32.4 StartShaker(400)
2025/10/03 10:42:32.8 Old State:6-ENGN_StateRunning_StartNewStep New State:ENGN_StateRunning_WaitGoingToSample
2025/10/03 10:42:32.8 Sample96_Q(0, 0, 10)
2025/10/03 10:42:32.8 Temp: 2025/10/03 10:42:32, 30.0000
2025/10/03 10:42:32.9 
2025/10/03 10:42:32.9 START SCAN: 
2025/10/03 10:42:32.9    CycleTime (ms)    = 200
2025/10/03 10:42:32.9    CycleCount        = 25
2025/10/03 10:42:32.9    ScansToAverage    = 20
2025/10/03 10:42:32.9    FinishTime (s)    = 5
2025/10/03 10:42:32.9    Temperature       = 30.0
2025/10/03 10:42:32.9    Lamp Power        = 36
2025/10/03 10:42:32.9    Spec PCB temps    = 40.4, 40.9, 41.0, 40.8, 41.0, 41.1, 39.2, 39.9
2025/10/03 10:42:32.9 
2025/10/03 10:42:32.9 Old State:12-ENGN_StateRunning_WaitGoingToSample New State:ENGN_StateRunning_GoingToSample
2025/10/03 10:42:32.9 GMC_SetPosZ
2025/10/03 10:42:35.8 GMC_ServoHere
2025/10/03 10:42:35.9 GMC_SetPosXY
2025/10/03 10:42:37.2 GMC_SetPosZ
2025/10/03 10:42:42.2 Old State:13-ENGN_StateRunning_GoingToSample New State:ENGN_StateRunning_GoingToSampleComplete
2025/10/03 10:42:42.3 Old State:14-cycle=1, Elapsed Time:    0.0,  Ideal Time:    0.0,  Delay time =   0.00  New State:ENGN_StateRunning_WaitSampling
2025/10/03 10:42:42.3 Step started at: 10:42:32
2025/10/03 10:42:42.3 XYZ movement time  = 9353 ms + Scan start delay = 9361 ms
2025/10/03 10:42:42.4 Old State:15-ENGN_StateRunning_WaitSampling New State:ENGN_StateRunning_Sampling
2025/10/03 10:42:47.1 
2025/10/03 10:42:47.1 STOP SCAN: 
2025/10/03 10:42:47.1    CycleTime (ms)    = 200
2025/10/03 10:42:47.1    CurrentCycle      = 25
2025/10/03 10:42:47.1    RunTime (ms)      = 4956
2025/10/03 10:42:47.1    AverageCycle (ms) = 198.2
2025/10/03 10:42:47.1    Temperature       = 30.0
2025/10/03 10:42:47.1    DATA OVERRUN %    = 0.00
2025/10/03 10:42:47.1    Spec PCB temps    = 40.4, 40.9, 41.0, 40.8, 41.0, 41.1, 39.2, 40.0
2025/10/03 10:42:47.1 
2025/10/03 10:42:47.1 Old State:16-cycle=25, Elapsed Time:    5.0,  Ideal Time:    4.8,  Delay time =   0.02  New State:ENGN_StateRunning_SamplingComplete
2025/10/03 10:42:47.3 Old State:18-ENGN_StateRunning_SamplingComplete New State:ENGN_StateRunning_WaitNewStep
2025/10/03 10:42:47.6 Old State:5-ENGN_StateRunning_WaitNewStep New State:ENGN_StateRunning_StartNewStep
2025/10/03 10:42:47.6 StartShaker(400)
2025/10/03 10:42:47.9 Temp: 2025/10/03 10:42:47, 30.0000
2025/10/03 10:42:47.9 Old State:6-ENGN_StateRunning_StartNewStep New State:ENGN_StateRunning_WaitGoingToSample
2025/10/03 10:42:47.9 Sample96_Q(0, 0, 11)
2025/10/03 10:42:48.0 GMC_SetPosZ
2025/10/03 10:42:48.0 
2025/10/03 10:42:48.0 START SCAN: 
2025/10/03 10:42:48.0    CycleTime (ms)    = 200
2025/10/03 10:42:48.0    CycleCount        = 25
2025/10/03 10:42:48.0    ScansToAverage    = 20
2025/10/03 10:42:48.0    FinishTime (s)    = 5
2025/10/03 10:42:48.0    Temperature       = 30.0
2025/10/03 10:42:48.0    Lamp Power        = 36
2025/10/03 10:42:48.0    Spec PCB temps    = 40.4, 40.9, 41.0, 40.8, 41.0, 41.1, 39.2, 39.9
2025/10/03 10:42:48.0 
2025/10/03 10:42:48.1 Old State:12-ENGN_StateRunning_WaitGoingToSample New State:ENGN_StateRunning_GoingToSample
2025/10/03 10:42:52.8 GMC_ServoHere
2025/10/03 10:42:52.9 GMC_SetPosXY
2025/10/03 10:42:53.3 GMC_SetPosZ
2025/10/03 10:42:58.8 Old State:13-cycle=1, Elapsed Time:    0.0,  Ideal Time:    0.0,  Delay time =   0.00  New State:ENGN_StateRunning_GoingToSampleComplete
2025/10/03 10:42:58.9 Old State:14-ENGN_StateRunning_GoingToSampleComplete New State:ENGN_StateRunning_WaitSampling
2025/10/03 10:42:58.9 Step started at: 10:42:48
2025/10/03 10:42:58.9 XYZ movement time  = 10656 ms + Scan start delay = 10586 ms
2025/10/03 10:42:59.0 Old State:15-ENGN_StateRunning_WaitSampling New State:ENGN_StateRunning_Sampling
2025/10/03 10:43:03.5 
2025/10/03 10:43:03.5 STOP SCAN: 
2025/10/03 10:43:03.5    CycleTime (ms)    = 200
2025/10/03 10:43:03.5    CurrentCycle      = 25
2025/10/03 10:43:03.5    RunTime (ms)      = 4977
2025/10/03 10:43:03.5    AverageCycle (ms) = 199.1
2025/10/03 10:43:03.5    Temperature       = 30.0
2025/10/03 10:43:03.5    DATA OVERRUN %    = 0.00
2025/10/03 10:43:03.5    Spec PCB temps    = 40.4, 40.9, 41.0, 40.8, 41.0, 41.1, 39.2, 40.0
2025/10/03 10:43:03.5 
2025/10/03 10:43:03.6 Old State:16-cycle=25, Elapsed Time:    5.0,  Ideal Time:    4.8,  Delay time =   0.05  New State:ENGN_StateRunning_SamplingComplete
2025/10/03 10:43:03.8 Old State:18-ENGN_StateRunning_SamplingComplete New State:ENGN_StateRunning_WaitNewStep
2025/10/03 10:43:04.1 Old State:5-ENGN_StateRunning_WaitNewStep New State:ENGN_StateRunning_StartNewStep
2025/10/03 10:43:04.1 StartShaker(400)
2025/10/03 10:43:04.3 Temp: 2025/10/03 10:43:04, 30.0000
2025/10/03 10:43:04.4 Old State:6-ENGN_StateRunning_StartNewStep New State:ENGN_StateRunning_WaitGoingToSample
2025/10/03 10:43:04.4 Sample96_Q(0, 0, 10)
2025/10/03 10:43:04.5 GMC_SetPosZ
2025/10/03 10:43:04.6 
2025/10/03 10:43:04.6 START SCAN: 
2025/10/03 10:43:04.6    CycleTime (ms)    = 200
2025/10/03 10:43:04.6    CycleCount        = 25
2025/10/03 10:43:04.6    ScansToAverage    = 20
2025/10/03 10:43:04.6    FinishTime (s)    = 5
2025/10/03 10:43:04.6    Temperature       = 30.0
2025/10/03 10:43:04.6    Lamp Power        = 36
2025/10/03 10:43:04.6    Spec PCB temps    = 40.4, 40.9, 41.0, 40.8, 41.0, 41.1, 39.2, 40.0
2025/10/03 10:43:04.6 
2025/10/03 10:43:04.6 Old State:12-ENGN_StateRunning_WaitGoingToSample New State:ENGN_StateRunning_GoingToSample
2025/10/03 10:43:09.7 GMC_ServoHere
2025/10/03 10:43:09.9 GMC_SetPosXY
2025/10/03 10:43:10.2 GMC_SetPosZ
2025/10/03 10:43:15.3 Old State:13-cycle=1, Elapsed Time:    0.0,  Ideal Time:    0.0,  Delay time =   0.00  New State:ENGN_StateRunning_GoingToSampleComplete
2025/10/03 10:43:15.4 Old State:14-ENGN_StateRunning_GoingToSampleComplete New State:ENGN_StateRunning_WaitSampling
2025/10/03 10:43:15.4 Step started at: 10:43:04
2025/10/03 10:43:15.4 XYZ movement time  = 10704 ms + Scan start delay = 10698 ms
2025/10/03 10:43:15.5 Old State:15-ENGN_StateRunning_WaitSampling New State:ENGN_StateRunning_Sampling
2025/10/03 10:43:20.1 
2025/10/03 10:43:20.1 STOP SCAN: 
2025/10/03 10:43:20.1    CycleTime (ms)    = 200
2025/10/03 10:43:20.1    CurrentCycle      = 25
2025/10/03 10:43:20.1    RunTime (ms)      = 4992
2025/10/03 10:43:20.1    AverageCycle (ms) = 199.7
2025/10/03 10:43:20.1    Temperature       = 30.0
2025/10/03 10:43:20.1    DATA OVERRUN %    = 0.00
2025/10/03 10:43:20.1    Spec PCB temps    = 40.4, 40.9, 41.0, 40.8, 41.0, 41.1, 39.2, 40.0
2025/10/03 10:43:20.1 
2025/10/03 10:43:20.2 Old State:16-cycle=25, Elapsed Time:    5.0,  Ideal Time:    4.8,  Delay time =   0.04  New State:ENGN_StateRunning_SamplingComplete
2025/10/03 10:43:20.3 Old State:18-ENGN_StateRunning_SamplingComplete New State:ENGN_StateRunning_WaitNewStep
2025/10/03 10:43:20.5 Old State:5-ENGN_StateRunning_WaitNewStep New State:ENGN_StateRunning_StartNewStep
2025/10/03 10:43:20.6 StartShaker(400)
2025/10/03 10:43:20.8 Temp: 2025/10/03 10:43:20, 30.0000
2025/10/03 10:43:20.9 Old State:6-ENGN_StateRunning_StartNewStep New State:ENGN_StateRunning_WaitGoingToSample
2025/10/03 10:43:20.9 Sample96_Q(0, 0, 11)
2025/10/03 10:43:21.0 
2025/10/03 10:43:21.0 START SCAN: 
2025/10/03 10:43:21.0    CycleTime (ms)    = 200
2025/10/03 10:43:21.0    CycleCount        = 25
2025/10/03 10:43:21.0    ScansToAverage    = 20
2025/10/03 10:43:21.0    FinishTime (s)    = 5
2025/10/03 10:43:21.0    Temperature       = 30.0
2025/10/03 10:43:21.0    Lamp Power        = 36
2025/10/03 10:43:21.0    Spec PCB temps    = 40.4, 40.9, 41.0, 40.8, 41.0, 41.1, 39.2, 40.0
2025/10/03 10:43:21.0 
2025/10/03 10:43:21.0 GMC_SetPosZ
2025/10/03 10:43:21.0 Old State:12-ENGN_StateRunning_WaitGoingToSample New State:ENGN_StateRunning_GoingToSample
2025/10/03 10:43:25.8 GMC_ServoHere
2025/10/03 10:43:25.9 GMC_SetPosXY
2025/10/03 10:43:26.3 GMC_SetPosZ
2025/10/03 10:43:31.7 Old State:13-cycle=1, Elapsed Time:    0.0,  Ideal Time:    0.0,  Delay time =   0.00  New State:ENGN_StateRunning_GoingToSampleComplete
2025/10/03 10:43:31.8 Old State:14-ENGN_StateRunning_GoingToSampleComplete New State:ENGN_StateRunning_WaitSampling
2025/10/03 10:43:31.8 Step started at: 10:43:21
2025/10/03 10:43:31.8 XYZ movement time  = 10674 ms + Scan start delay = 10639 ms
2025/10/03 10:43:31.9 Old State:15-ENGN_StateRunning_WaitSampling New State:ENGN_StateRunning_Sampling
2025/10/03 10:43:36.5 
2025/10/03 10:43:36.5 STOP SCAN: 
2025/10/03 10:43:36.5    CycleTime (ms)    = 200
2025/10/03 10:43:36.5    CurrentCycle      = 25
2025/10/03 10:43:36.5    RunTime (ms)      = 4957
2025/10/03 10:43:36.5    AverageCycle (ms) = 198.3
2025/10/03 10:43:36.5    Temperature       = 30.0
2025/10/03 10:43:36.5    DATA OVERRUN %    = 0.00
2025/10/03 10:43:36.5    Spec PCB temps    = 40.4, 40.9, 41.0, 40.8, 41.0, 41.1, 39.2, 40.0
2025/10/03 10:43:36.5 
2025/10/03 10:43:36.6 Old State:16-cycle=25, Elapsed Time:    5.0,  Ideal Time:    4.8,  Delay time =   0.04  New State:ENGN_StateRunning_SamplingComplete
2025/10/03 10:43:36.7 Old State:18-ENGN_StateRunning_SamplingComplete New State:ENGN_StateRunning_WaitNewStep
2025/10/03 10:43:37.0 Old State:5-ENGN_StateRunning_WaitNewStep New State:ENGN_StateRunning_StartNewStep
2025/10/03 10:43:37.0 StartShaker(400)
2025/10/03 10:43:37.3 Temp: 2025/10/03 10:43:37, 30.0000
2025/10/03 10:43:37.3 Old State:6-ENGN_StateRunning_StartNewStep New State:ENGN_StateRunning_WaitGoingToSample
2025/10/03 10:43:37.3 Sample96_Q(0, 0, 10)
2025/10/03 10:43:37.4 
2025/10/03 10:43:37.4 START SCAN: 
2025/10/03 10:43:37.4    CycleTime (ms)    = 200
2025/10/03 10:43:37.4    CycleCount        = 25
2025/10/03 10:43:37.4    ScansToAverage    = 20
2025/10/03 10:43:37.4    FinishTime (s)    = 5
2025/10/03 10:43:37.4    Temperature       = 30.0
2025/10/03 10:43:37.4    Lamp Power        = 36
2025/10/03 10:43:37.4    Spec PCB temps    = 40.4, 40.9, 41.0, 40.8, 41.0, 41.1, 39.2, 40.0
2025/10/03 10:43:37.4 
2025/10/03 10:43:37.4 GMC_SetPosZ
2025/10/03 10:43:37.5 Old State:12-ENGN_StateRunning_WaitGoingToSample New State:ENGN_StateRunning_GoingToSample
2025/10/03 10:43:42.6 GMC_ServoHere
2025/10/03 10:43:42.7 GMC_SetPosXY
2025/10/03 10:43:43.1 GMC_SetPosZ
2025/10/03 10:43:48.2 Old State:13-cycle=1, Elapsed Time:    0.0,  Ideal Time:    0.0,  Delay time =   0.00  New State:ENGN_StateRunning_GoingToSampleComplete
2025/10/03 10:43:48.3 Old State:14-ENGN_StateRunning_GoingToSampleComplete New State:ENGN_StateRunning_WaitSampling
2025/10/03 10:43:48.3 Step started at: 10:43:37
2025/10/03 10:43:48.3 XYZ movement time  = 10747 ms + Scan start delay = 10680 ms
2025/10/03 10:43:48.4 Old State:15-ENGN_StateRunning_WaitSampling New State:ENGN_StateRunning_Sampling
2025/10/03 10:43:53.0 
2025/10/03 10:43:53.0 STOP SCAN: 
2025/10/03 10:43:53.0    CycleTime (ms)    = 200
2025/10/03 10:43:53.0    CurrentCycle      = 25
2025/10/03 10:43:53.0    RunTime (ms)      = 4968
2025/10/03 10:43:53.0    AverageCycle (ms) = 198.7
2025/10/03 10:43:53.0    Temperature       = 30.0
2025/10/03 10:43:53.0    DATA OVERRUN %    = 0.00
2025/10/03 10:43:53.0    Spec PCB temps    = 40.4, 40.9, 41.0, 40.8, 41.0, 41.1, 39.2, 40.0
2025/10/03 10:43:53.0 
2025/10/03 10:43:53.1 Old State:16-cycle=25, Elapsed Time:    5.0,  Ideal Time:    4.8,  Delay time =   0.04  New State:ENGN_StateRunning_SamplingComplete
2025/10/03 10:43:53.2 Old State:18-ENGN_StateRunning_SamplingComplete New State:ENGN_StateRunning_WaitNewStep
2025/10/03 10:43:53.4 Old State:5-ENGN_StateRunning_WaitNewStep New State:ENGN_StateRunning_StartNewStep
2025/10/03 10:43:53.5 StartShaker(400)
2025/10/03 10:43:53.7 Temp: 2025/10/03 10:43:53, 30.0000
2025/10/03 10:43:53.8 Old State:6-ENGN_StateRunning_StartNewStep New State:ENGN_StateRunning_WaitGoingToSample
2025/10/03 10:43:53.8 Sample96_Q(0, 0, 11)
2025/10/03 10:43:53.9 GMC_SetPosZ
2025/10/03 10:43:53.9 
2025/10/03 10:43:53.9 START SCAN: 
2025/10/03 10:43:53.9    CycleTime (ms)    = 200
2025/10/03 10:43:53.9    CycleCount        = 25
2025/10/03 10:43:53.9    ScansToAverage    = 20
2025/10/03 10:43:53.9    FinishTime (s)    = 5
2025/10/03 10:43:53.9    Temperature       = 30.0
2025/10/03 10:43:53.9    Lamp Power        = 36
2025/10/03 10:43:53.9    Spec PCB temps    = 40.4, 40.9, 41.0, 40.8, 41.0, 41.1, 39.2, 40.0
2025/10/03 10:43:53.9 
2025/10/03 10:43:54.0 Old State:12-ENGN_StateRunning_WaitGoingToSample New State:ENGN_StateRunning_GoingToSample
2025/10/03 10:43:58.7 GMC_ServoHere
2025/10/03 10:43:58.9 GMC_SetPosXY
2025/10/03 10:43:59.2 GMC_SetPosZ
2025/10/03 10:44:04.6 Old State:13-cycle=1, Elapsed Time:    0.0,  Ideal Time:    0.0,  Delay time =   0.00  New State:ENGN_StateRunning_GoingToSampleComplete
2025/10/03 10:44:04.8 Old State:14-ENGN_StateRunning_GoingToSampleComplete New State:ENGN_StateRunning_WaitSampling
2025/10/03 10:44:04.8 Step started at: 10:43:53
2025/10/03 10:44:04.8 XYZ movement time  = 10698 ms + Scan start delay = 10667 ms
2025/10/03 10:44:04.9 Old State:15-ENGN_StateRunning_WaitSampling New State:ENGN_StateRunning_Sampling
2025/10/03 10:44:09.4 
2025/10/03 10:44:09.4 STOP SCAN: 
2025/10/03 10:44:09.4    CycleTime (ms)    = 200
2025/10/03 10:44:09.4    CurrentCycle      = 25
2025/10/03 10:44:09.4    RunTime (ms)      = 4955
2025/10/03 10:44:09.4    AverageCycle (ms) = 198.2
2025/10/03 10:44:09.4    Temperature       = 30.0
2025/10/03 10:44:09.4    DATA OVERRUN %    = 0.00
2025/10/03 10:44:09.4    Spec PCB temps    = 40.4, 40.9, 41.0, 40.8, 41.0, 41.1, 39.2, 40.0
2025/10/03 10:44:09.4 
2025/10/03 10:44:09.6 Old State:16-cycle=25, Elapsed Time:    5.0,  Ideal Time:    4.8,  Delay time =   0.04  New State:ENGN_StateRunning_SamplingComplete
2025/10/03 10:44:09.7 Old State:18-ENGN_StateRunning_SamplingComplete New State:ENGN_StateRunning_WaitNewStep
2025/10/03 10:44:09.9 Old State:5-ENGN_StateRunning_WaitNewStep New State:ENGN_StateRunning_StartNewStep
2025/10/03 10:44:10.0 StartShaker(400)
2025/10/03 10:44:10.2 Temp: 2025/10/03 10:44:10, 30.0000
2025/10/03 10:44:10.3 Old State:6-ENGN_StateRunning_StartNewStep New State:ENGN_StateRunning_WaitGoingToSample
2025/10/03 10:44:10.3 Sample96_Q(0, 0, 4)
2025/10/03 10:44:10.4 
2025/10/03 10:44:10.4 START SCAN: 
2025/10/03 10:44:10.4    CycleTime (ms)    = 200
2025/10/03 10:44:10.4    CycleCount        = 600
2025/10/03 10:44:10.4    ScansToAverage    = 20
2025/10/03 10:44:10.4    FinishTime (s)    = 120
2025/10/03 10:44:10.4    Temperature       = 30.0
2025/10/03 10:44:10.4    Lamp Power        = 36
2025/10/03 10:44:10.4    Spec PCB temps    = 40.4, 40.9, 41.0, 40.7, 41.0, 41.1, 39.2, 40.0
2025/10/03 10:44:10.4 
2025/10/03 10:44:10.5 GMC_SetPosZ
2025/10/03 10:44:10.5 Old State:12-ENGN_StateRunning_WaitGoingToSample New State:ENGN_StateRunning_GoingToSample
2025/10/03 10:44:15.7 GMC_ServoHere
2025/10/03 10:44:15.8 GMC_SetPosXY
2025/10/03 10:44:17.1 GMC_SetPosZ
2025/10/03 10:44:20.5 Old State:13-cycle=1, Elapsed Time:    0.0,  Ideal Time:    0.0,  Delay time =   0.00  New State:ENGN_StateRunning_GoingToSampleComplete
2025/10/03 10:44:20.6 DFIO: Start writing C:\ForteBio\John\2025_10_03_BEACON_48wp_SI212&205_P1_\251003_019.frd
2025/10/03 10:44:20.6 DFIO: Finished writing C:\ForteBio\John\2025_10_03_BEACON_48wp_SI212&205_P1_\251003_019.frd
2025/10/03 10:44:20.6 DFIO: Start writing C:\ForteBio\John\2025_10_03_BEACON_48wp_SI212&205_P1_\251003_020.frd
2025/10/03 10:44:20.6 DFIO: Finished writing C:\ForteBio\John\2025_10_03_BEACON_48wp_SI212&205_P1_\251003_020.frd
2025/10/03 10:44:20.6 DFIO: Start writing C:\ForteBio\John\2025_10_03_BEACON_48wp_SI212&205_P1_\251003_021.frd
2025/10/03 10:44:20.6 DFIO: Finished writing C:\ForteBio\John\2025_10_03_BEACON_48wp_SI212&205_P1_\251003_021.frd
2025/10/03 10:44:20.6 DFIO: Start writing C:\ForteBio\John\2025_10_03_BEACON_48wp_SI212&205_P1_\251003_022.frd
2025/10/03 10:44:20.6 DFIO: Finished writing C:\ForteBio\John\2025_10_03_BEACON_48wp_SI212&205_P1_\251003_022.frd
2025/10/03 10:44:20.6 DFIO: Start writing C:\ForteBio\John\2025_10_03_BEACON_48wp_SI212&205_P1_\251003_023.frd
2025/10/03 10:44:20.6 DFIO: Finished writing C:\ForteBio\John\2025_10_03_BEACON_48wp_SI212&205_P1_\251003_023.frd
2025/10/03 10:44:20.6 DFIO: Start writing C:\ForteBio\John\2025_10_03_BEACON_48wp_SI212&205_P1_\251003_024.frd
2025/10/03 10:44:20.6 DFIO: Finished writing C:\ForteBio\John\2025_10_03_BEACON_48wp_SI212&205_P1_\251003_024.frd
2025/10/03 10:44:20.6 DFIO: Finished writing C:\ForteBio\John\2025_10_03_BEACON_48wp_SI212&205_P1_\251003_Manifest.fmx
2025/10/03 10:44:20.6 Old State:14-ENGN_StateRunning_GoingToSampleComplete New State:ENGN_StateRunning_WaitSampling
2025/10/03 10:44:20.6 Step started at: 10:44:10
2025/10/03 10:44:20.6 XYZ movement time  = 10015 ms + Scan start delay = 10007 ms
2025/10/03 10:44:20.7 Old State:15-ENGN_StateRunning_WaitSampling New State:ENGN_StateRunning_Sampling
2025/10/03 10:45:10.3 Temp: 2025/10/03 10:45:10, 30.0000
2025/10/03 10:46:10.4 Temp: 2025/10/03 10:46:10, 30.0000
2025/10/03 10:46:20.3 
2025/10/03 10:46:20.3 STOP SCAN: 
2025/10/03 10:46:20.3    CycleTime (ms)    = 200
2025/10/03 10:46:20.3    CurrentCycle      = 600
2025/10/03 10:46:20.3    RunTime (ms)      = 119956
2025/10/03 10:46:20.3    AverageCycle (ms) = 199.9
2025/10/03 10:46:20.3    Temperature       = 30.0
2025/10/03 10:46:20.3    DATA OVERRUN %    = 0.00
2025/10/03 10:46:20.3    Spec PCB temps    = 40.4, 40.9, 41.0, 40.8, 41.0, 41.1, 39.2, 40.0
2025/10/03 10:46:20.3 
2025/10/03 10:46:20.4 Old State:16-cycle=600, Elapsed Time:  120.0,  Ideal Time:  119.8,  Delay time =   0.04  New State:ENGN_StateRunning_SamplingComplete
2025/10/03 10:46:20.5 Old State:18-ENGN_StateRunning_SamplingComplete New State:ENGN_StateRunning_WaitNewStep
2025/10/03 10:46:20.8 Old State:5-ENGN_StateRunning_WaitNewStep New State:ENGN_StateRunning_StartNewStep
2025/10/03 10:46:20.8 StartShaker(400)
2025/10/03 10:46:21.1 Temp: 2025/10/03 10:46:21, 30.0000
2025/10/03 10:46:21.1 Old State:6-ENGN_StateRunning_StartNewStep New State:ENGN_StateRunning_WaitGoingToSample
2025/10/03 10:46:21.1 Sample96_Q(0, 0, 10)
2025/10/03 10:46:21.2 GMC_SetPosZ
2025/10/03 10:46:21.2 
2025/10/03 10:46:21.2 START SCAN: 
2025/10/03 10:46:21.2    CycleTime (ms)    = 200
2025/10/03 10:46:21.2    CycleCount        = 25
2025/10/03 10:46:21.2    ScansToAverage    = 20
2025/10/03 10:46:21.2    FinishTime (s)    = 5
2025/10/03 10:46:21.2    Temperature       = 30.0
2025/10/03 10:46:21.2    Lamp Power        = 36
2025/10/03 10:46:21.2    Spec PCB temps    = 40.4, 40.9, 41.1, 40.8, 41.0, 41.1, 39.2, 40.0
2025/10/03 10:46:21.2 
2025/10/03 10:46:21.3 Old State:12-ENGN_StateRunning_WaitGoingToSample New State:ENGN_StateRunning_GoingToSample
2025/10/03 10:46:24.2 GMC_ServoHere
2025/10/03 10:46:24.3 GMC_SetPosXY
2025/10/03 10:46:25.4 GMC_SetPosZ
2025/10/03 10:46:30.4 Old State:13-ENGN_StateRunning_GoingToSample New State:ENGN_StateRunning_GoingToSampleComplete
2025/10/03 10:46:30.5 Old State:14-cycle=1, Elapsed Time:    0.0,  Ideal Time:    0.0,  Delay time =   0.00  New State:ENGN_StateRunning_WaitSampling
2025/10/03 10:46:30.5 Step started at: 10:46:21
2025/10/03 10:46:30.5 XYZ movement time  = 9196 ms + Scan start delay = 9146 ms
2025/10/03 10:46:30.6 Old State:15-ENGN_StateRunning_WaitSampling New State:ENGN_StateRunning_Sampling
2025/10/03 10:46:35.2 
2025/10/03 10:46:35.2 STOP SCAN: 
2025/10/03 10:46:35.2    CycleTime (ms)    = 200
2025/10/03 10:46:35.2    CurrentCycle      = 25
2025/10/03 10:46:35.2    RunTime (ms)      = 4963
2025/10/03 10:46:35.2    AverageCycle (ms) = 198.5
2025/10/03 10:46:35.2    Temperature       = 30.0
2025/10/03 10:46:35.2    DATA OVERRUN %    = 0.00
2025/10/03 10:46:35.2    Spec PCB temps    = 40.4, 41.0, 41.1, 40.8, 41.0, 41.1, 39.2, 40.0
2025/10/03 10:46:35.2 
2025/10/03 10:46:35.4 Old State:16-cycle=25, Elapsed Time:    5.0,  Ideal Time:    4.8,  Delay time =   0.02  New State:ENGN_StateRunning_SamplingComplete
2025/10/03 10:46:35.5 Old State:18-ENGN_StateRunning_SamplingComplete New State:ENGN_StateRunning_WaitNewStep
2025/10/03 10:46:35.8 Old State:5-ENGN_StateRunning_WaitNewStep New State:ENGN_StateRunning_StartNewStep
2025/10/03 10:46:35.8 StartShaker(400)
2025/10/03 10:46:36.2 Old State:6-ENGN_StateRunning_StartNewStep New State:ENGN_StateRunning_WaitGoingToSample
2025/10/03 10:46:36.2 Sample96_Q(0, 0, 11)
2025/10/03 10:46:36.2 Temp: 2025/10/03 10:46:36, 30.0000
2025/10/03 10:46:36.3 GMC_SetPosZ
2025/10/03 10:46:36.3 
2025/10/03 10:46:36.3 START SCAN: 
2025/10/03 10:46:36.3    CycleTime (ms)    = 200
2025/10/03 10:46:36.3    CycleCount        = 25
2025/10/03 10:46:36.3    ScansToAverage    = 20
2025/10/03 10:46:36.3    FinishTime (s)    = 5
2025/10/03 10:46:36.3    Temperature       = 30.0
2025/10/03 10:46:36.3    Lamp Power        = 36
2025/10/03 10:46:36.3    Spec PCB temps    = 40.4, 41.0, 41.0, 40.8, 41.1, 41.1, 39.2, 40.0
2025/10/03 10:46:36.3 
2025/10/03 10:46:36.3 Old State:12-ENGN_StateRunning_WaitGoingToSample New State:ENGN_StateRunning_GoingToSample
2025/10/03 10:46:41.1 GMC_ServoHere
2025/10/03 10:46:41.3 GMC_SetPosXY
2025/10/03 10:46:41.7 GMC_SetPosZ
2025/10/03 10:46:47.1 Old State:13-cycle=1, Elapsed Time:    0.0,  Ideal Time:    0.0,  Delay time =   0.00  New State:ENGN_StateRunning_GoingToSampleComplete
2025/10/03 10:46:47.2 Old State:14-ENGN_StateRunning_GoingToSampleComplete New State:ENGN_StateRunning_WaitSampling
2025/10/03 10:46:47.2 Step started at: 10:46:36
2025/10/03 10:46:47.2 XYZ movement time  = 10721 ms + Scan start delay = 10691 ms
2025/10/03 10:46:47.3 Old State:15-ENGN_StateRunning_WaitSampling New State:ENGN_StateRunning_Sampling
2025/10/03 10:46:51.8 
2025/10/03 10:46:51.8 STOP SCAN: 
2025/10/03 10:46:51.8    CycleTime (ms)    = 200
2025/10/03 10:46:51.8    CurrentCycle      = 25
2025/10/03 10:46:51.8    RunTime (ms)      = 4956
2025/10/03 10:46:51.8    AverageCycle (ms) = 198.2
2025/10/03 10:46:51.8    Temperature       = 30.0
2025/10/03 10:46:51.8    DATA OVERRUN %    = 0.00
2025/10/03 10:46:51.8    Spec PCB temps    = 40.4, 40.9, 41.1, 40.8, 41.1, 41.1, 39.2, 40.0
2025/10/03 10:46:51.8 
2025/10/03 10:46:51.9 Old State:16-cycle=25, Elapsed Time:    5.0,  Ideal Time:    4.8,  Delay time =   0.01  New State:ENGN_StateRunning_SamplingComplete
2025/10/03 10:46:52.1 Old State:18-ENGN_StateRunning_SamplingComplete New State:ENGN_StateRunning_WaitNewStep
2025/10/03 10:46:52.4 Old State:5-ENGN_StateRunning_WaitNewStep New State:ENGN_StateRunning_StartNewStep
2025/10/03 10:46:52.4 StartShaker(400)
2025/10/03 10:46:52.7 Temp: 2025/10/03 10:46:52, 30.0000
2025/10/03 10:46:52.7 Old State:6-ENGN_StateRunning_StartNewStep New State:ENGN_StateRunning_WaitGoingToSample
2025/10/03 10:46:52.7 Sample96_Q(0, 0, 10)
2025/10/03 10:46:52.8 
2025/10/03 10:46:52.8 START SCAN: 
2025/10/03 10:46:52.8    CycleTime (ms)    = 200
2025/10/03 10:46:52.8    CycleCount        = 25
2025/10/03 10:46:52.8    ScansToAverage    = 20
2025/10/03 10:46:52.8    FinishTime (s)    = 5
2025/10/03 10:46:52.8    Temperature       = 30.0
2025/10/03 10:46:52.8    Lamp Power        = 36
2025/10/03 10:46:52.8    Spec PCB temps    = 40.4, 40.9, 41.0, 40.8, 41.1, 41.1, 39.2, 40.0
2025/10/03 10:46:52.8 
2025/10/03 10:46:52.9 Old State:12-ENGN_StateRunning_WaitGoingToSample New State:ENGN_StateRunning_GoingToSample
2025/10/03 10:46:52.9 GMC_SetPosZ
2025/10/03 10:46:58.1 GMC_ServoHere
2025/10/03 10:46:58.2 GMC_SetPosXY
2025/10/03 10:46:58.6 GMC_SetPosZ
2025/10/03 10:47:03.7 Old State:13-cycle=1, Elapsed Time:    0.0,  Ideal Time:    0.0,  Delay time =   0.00  New State:ENGN_StateRunning_GoingToSampleComplete
2025/10/03 10:47:03.8 Old State:14-ENGN_StateRunning_GoingToSampleComplete New State:ENGN_StateRunning_WaitSampling
2025/10/03 10:47:03.8 Step started at: 10:46:52
2025/10/03 10:47:03.8 XYZ movement time  = 10801 ms + Scan start delay = 10771 ms
2025/10/03 10:47:03.9 Old State:15-ENGN_StateRunning_WaitSampling New State:ENGN_StateRunning_Sampling
2025/10/03 10:47:08.5 
2025/10/03 10:47:08.5 STOP SCAN: 
2025/10/03 10:47:08.5    CycleTime (ms)    = 200
2025/10/03 10:47:08.5    CurrentCycle      = 25
2025/10/03 10:47:08.5    RunTime (ms)      = 4976
2025/10/03 10:47:08.5    AverageCycle (ms) = 199.0
2025/10/03 10:47:08.5    Temperature       = 30.0
2025/10/03 10:47:08.5    DATA OVERRUN %    = 0.00
2025/10/03 10:47:08.5    Spec PCB temps    = 40.4, 40.9, 41.1, 40.8, 41.0, 41.1, 39.2, 40.0
2025/10/03 10:47:08.5 
2025/10/03 10:47:08.7 Old State:16-cycle=25, Elapsed Time:    5.0,  Ideal Time:    4.8,  Delay time =   0.04  New State:ENGN_StateRunning_SamplingComplete
2025/10/03 10:47:08.8 Old State:18-ENGN_StateRunning_SamplingComplete New State:ENGN_StateRunning_WaitNewStep
2025/10/03 10:47:08.9 Old State:5-ENGN_StateRunning_WaitNewStep New State:ENGN_StateRunning_StartNewStep
2025/10/03 10:47:08.9 StartShaker(400)
2025/10/03 10:47:09.2 Temp: 2025/10/03 10:47:09, 30.0000
2025/10/03 10:47:09.2 Old State:6-ENGN_StateRunning_StartNewStep New State:ENGN_StateRunning_WaitGoingToSample
2025/10/03 10:47:09.2 Sample96_Q(0, 0, 11)
2025/10/03 10:47:09.3 
2025/10/03 10:47:09.3 START SCAN: 
2025/10/03 10:47:09.3    CycleTime (ms)    = 200
2025/10/03 10:47:09.3    CycleCount        = 25
2025/10/03 10:47:09.3    ScansToAverage    = 20
2025/10/03 10:47:09.3    FinishTime (s)    = 5
2025/10/03 10:47:09.3    Temperature       = 30.0
2025/10/03 10:47:09.3    Lamp Power        = 36
2025/10/03 10:47:09.3    Spec PCB temps    = 40.4, 41.0, 41.1, 40.8, 41.0, 41.1, 39.2, 40.0
2025/10/03 10:47:09.3 
2025/10/03 10:47:09.4 GMC_SetPosZ
2025/10/03 10:47:09.4 Old State:12-ENGN_StateRunning_WaitGoingToSample New State:ENGN_StateRunning_GoingToSample
2025/10/03 10:47:14.2 GMC_ServoHere
2025/10/03 10:47:14.3 GMC_SetPosXY
2025/10/03 10:47:14.7 GMC_SetPosZ
2025/10/03 10:47:20.2 Old State:13-cycle=1, Elapsed Time:    0.0,  Ideal Time:    0.0,  Delay time =   0.00  New State:ENGN_StateRunning_GoingToSampleComplete
2025/10/03 10:47:20.3 Old State:14-ENGN_StateRunning_GoingToSampleComplete New State:ENGN_StateRunning_WaitSampling
2025/10/03 10:47:20.3 Step started at: 10:47:09
2025/10/03 10:47:20.3 XYZ movement time  = 10752 ms + Scan start delay = 10702 ms
2025/10/03 10:47:20.4 Old State:15-ENGN_StateRunning_WaitSampling New State:ENGN_StateRunning_Sampling
2025/10/03 10:47:24.9 
2025/10/03 10:47:24.9 STOP SCAN: 
2025/10/03 10:47:24.9    CycleTime (ms)    = 200
2025/10/03 10:47:24.9    CurrentCycle      = 25
2025/10/03 10:47:24.9    RunTime (ms)      = 4956
2025/10/03 10:47:24.9    AverageCycle (ms) = 198.2
2025/10/03 10:47:24.9    Temperature       = 30.0
2025/10/03 10:47:24.9    DATA OVERRUN %    = 0.00
2025/10/03 10:47:24.9    Spec PCB temps    = 40.4, 41.0, 41.0, 40.8, 41.0, 41.1, 39.2, 40.0
2025/10/03 10:47:24.9 
2025/10/03 10:47:25.0 Old State:16-cycle=25, Elapsed Time:    5.0,  Ideal Time:    4.8,  Delay time =   0.04  New State:ENGN_StateRunning_SamplingComplete
2025/10/03 10:47:25.2 Old State:18-ENGN_StateRunning_SamplingComplete New State:ENGN_StateRunning_WaitNewStep
2025/10/03 10:47:25.3 Old State:5-ENGN_StateRunning_WaitNewStep New State:ENGN_StateRunning_StartNewStep
2025/10/03 10:47:25.3 StartShaker(400)
2025/10/03 10:47:25.6 Temp: 2025/10/03 10:47:25, 30.0000
2025/10/03 10:47:25.6 Old State:6-ENGN_StateRunning_StartNewStep New State:ENGN_StateRunning_WaitGoingToSample
2025/10/03 10:47:25.6 Sample96_Q(0, 0, 10)
2025/10/03 10:47:25.7 GMC_SetPosZ
2025/10/03 10:47:25.7 
2025/10/03 10:47:25.7 START SCAN: 
2025/10/03 10:47:25.7    CycleTime (ms)    = 200
2025/10/03 10:47:25.7    CycleCount        = 25
2025/10/03 10:47:25.7    ScansToAverage    = 20
2025/10/03 10:47:25.7    FinishTime (s)    = 5
2025/10/03 10:47:25.7    Temperature       = 30.0
2025/10/03 10:47:25.7    Lamp Power        = 36
2025/10/03 10:47:25.7    Spec PCB temps    = 40.4, 41.0, 41.0, 40.8, 41.0, 41.1, 39.2, 40.0
2025/10/03 10:47:25.7 
2025/10/03 10:47:25.8 Old State:12-ENGN_StateRunning_WaitGoingToSample New State:ENGN_StateRunning_GoingToSample
2025/10/03 10:47:30.8 GMC_ServoHere
2025/10/03 10:47:31.0 GMC_SetPosXY
2025/10/03 10:47:31.3 GMC_SetPosZ
2025/10/03 10:47:36.4 Old State:13-cycle=1, Elapsed Time:    0.0,  Ideal Time:    0.0,  Delay time =   0.00  New State:ENGN_StateRunning_GoingToSampleComplete
2025/10/03 10:47:36.5 Old State:14-ENGN_StateRunning_GoingToSampleComplete New State:ENGN_StateRunning_WaitSampling
2025/10/03 10:47:36.5 Step started at: 10:47:25
2025/10/03 10:47:36.5 XYZ movement time  = 10662 ms + Scan start delay = 10632 ms
2025/10/03 10:47:36.6 Old State:15-ENGN_StateRunning_WaitSampling New State:ENGN_StateRunning_Sampling
2025/10/03 10:47:41.2 
2025/10/03 10:47:41.2 STOP SCAN: 
2025/10/03 10:47:41.2    CycleTime (ms)    = 200
2025/10/03 10:47:41.2    CurrentCycle      = 25
2025/10/03 10:47:41.2    RunTime (ms)      = 4983
2025/10/03 10:47:41.2    AverageCycle (ms) = 199.3
2025/10/03 10:47:41.2    Temperature       = 30.0
2025/10/03 10:47:41.2    DATA OVERRUN %    = 0.00
2025/10/03 10:47:41.2    Spec PCB temps    = 40.4, 40.9, 41.1, 40.8, 41.0, 41.1, 39.2, 40.0
2025/10/03 10:47:41.2 
2025/10/03 10:47:41.4 Old State:16-cycle=25, Elapsed Time:    5.0,  Ideal Time:    4.8,  Delay time =   0.04  New State:ENGN_StateRunning_SamplingComplete
2025/10/03 10:47:41.5 Old State:18-ENGN_StateRunning_SamplingComplete New State:ENGN_StateRunning_WaitNewStep
2025/10/03 10:47:41.7 Old State:5-ENGN_StateRunning_WaitNewStep New State:ENGN_StateRunning_StartNewStep
2025/10/03 10:47:41.8 StartShaker(400)
2025/10/03 10:47:42.1 Old State:6-ENGN_StateRunning_StartNewStep New State:ENGN_StateRunning_WaitGoingToSample
2025/10/03 10:47:42.1 Sample96_Q(0, 0, 11)
2025/10/03 10:47:42.1 Temp: 2025/10/03 10:47:42, 30.0000
2025/10/03 10:47:42.2 
2025/10/03 10:47:42.2 START SCAN: 
2025/10/03 10:47:42.2    CycleTime (ms)    = 200
2025/10/03 10:47:42.2    CycleCount        = 25
2025/10/03 10:47:42.2    ScansToAverage    = 20
2025/10/03 10:47:42.2    FinishTime (s)    = 5
2025/10/03 10:47:42.2    Temperature       = 30.0
2025/10/03 10:47:42.2    Lamp Power        = 36
2025/10/03 10:47:42.2    Spec PCB temps    = 40.4, 40.9, 41.1, 40.8, 41.1, 41.1, 39.2, 40.0
2025/10/03 10:47:42.2 
2025/10/03 10:47:42.3 GMC_SetPosZ
2025/10/03 10:47:42.3 Old State:12-ENGN_StateRunning_WaitGoingToSample New State:ENGN_StateRunning_GoingToSample
2025/10/03 10:47:47.1 GMC_ServoHere
2025/10/03 10:47:47.3 GMC_SetPosXY
2025/10/03 10:47:47.6 GMC_SetPosZ
2025/10/03 10:47:53.1 Old State:13-cycle=1, Elapsed Time:    0.0,  Ideal Time:    0.0,  Delay time =   0.00  New State:ENGN_StateRunning_GoingToSampleComplete
2025/10/03 10:47:53.2 Old State:14-ENGN_StateRunning_GoingToSampleComplete New State:ENGN_StateRunning_WaitSampling
2025/10/03 10:47:53.2 Step started at: 10:47:42
2025/10/03 10:47:53.2 XYZ movement time  = 10841 ms + Scan start delay = 10774 ms
2025/10/03 10:47:53.3 Old State:15-ENGN_StateRunning_WaitSampling New State:ENGN_StateRunning_Sampling
2025/10/03 10:47:57.8 
2025/10/03 10:47:57.8 STOP SCAN: 
2025/10/03 10:47:57.8    CycleTime (ms)    = 200
2025/10/03 10:47:57.8    CurrentCycle      = 25
2025/10/03 10:47:57.8    RunTime (ms)      = 4970
2025/10/03 10:47:57.8    AverageCycle (ms) = 198.8
2025/10/03 10:47:57.8    Temperature       = 30.0
2025/10/03 10:47:57.8    DATA OVERRUN %    = 0.00
2025/10/03 10:47:57.8    Spec PCB temps    = 40.4, 41.0, 41.1, 40.8, 41.0, 41.1, 39.2, 40.0
2025/10/03 10:47:57.8 
2025/10/03 10:47:57.9 Old State:16-cycle=25, Elapsed Time:    5.0,  Ideal Time:    4.8,  Delay time =   0.04  New State:ENGN_StateRunning_SamplingComplete
2025/10/03 10:47:58.1 Old State:18-ENGN_StateRunning_SamplingComplete New State:ENGN_StateRunning_WaitNewStep
2025/10/03 10:47:58.3 Old State:5-ENGN_StateRunning_WaitNewStep New State:ENGN_StateRunning_StartNewStep
2025/10/03 10:47:58.3 StartShaker(400)
2025/10/03 10:47:58.6 Temp: 2025/10/03 10:47:58, 30.0000
2025/10/03 10:47:58.6 Old State:6-ENGN_StateRunning_StartNewStep New State:ENGN_StateRunning_WaitGoingToSample
2025/10/03 10:47:58.6 Sample96_Q(0, 0, 5)
2025/10/03 10:47:58.7 GMC_SetPosZ
2025/10/03 10:47:58.7 
2025/10/03 10:47:58.7 START SCAN: 
2025/10/03 10:47:58.7    CycleTime (ms)    = 200
2025/10/03 10:47:58.7    CycleCount        = 600
2025/10/03 10:47:58.7    ScansToAverage    = 20
2025/10/03 10:47:58.7    FinishTime (s)    = 120
2025/10/03 10:47:58.7    Temperature       = 30.0
2025/10/03 10:47:58.7    Lamp Power        = 36
2025/10/03 10:47:58.7    Spec PCB temps    = 40.4, 41.0, 41.0, 40.8, 41.0, 41.1, 39.2, 40.0
2025/10/03 10:47:58.7 
2025/10/03 10:47:58.8 Old State:12-ENGN_StateRunning_WaitGoingToSample New State:ENGN_StateRunning_GoingToSample
2025/10/03 10:48:03.9 GMC_ServoHere
2025/10/03 10:48:04.1 GMC_SetPosXY
2025/10/03 10:48:05.2 GMC_SetPosZ
2025/10/03 10:48:08.8 Old State:13-cycle=1, Elapsed Time:    0.0,  Ideal Time:    0.0,  Delay time =   0.00  New State:ENGN_StateRunning_GoingToSampleComplete
2025/10/03 10:48:08.9 Old State:14-ENGN_StateRunning_GoingToSampleComplete New State:ENGN_StateRunning_WaitSampling
2025/10/03 10:48:08.9 Step started at: 10:47:58
2025/10/03 10:48:08.9 XYZ movement time  = 9969 ms + Scan start delay = 9933 ms
2025/10/03 10:48:08.9 DFIO: Start writing C:\ForteBio\John\2025_10_03_BEACON_48wp_SI212&205_P1_\251003_025.frd
2025/10/03 10:48:08.9 DFIO: Finished writing C:\ForteBio\John\2025_10_03_BEACON_48wp_SI212&205_P1_\251003_025.frd
2025/10/03 10:48:08.9 DFIO: Start writing C:\ForteBio\John\2025_10_03_BEACON_48wp_SI212&205_P1_\251003_026.frd
2025/10/03 10:48:08.9 DFIO: Finished writing C:\ForteBio\John\2025_10_03_BEACON_48wp_SI212&205_P1_\251003_026.frd
2025/10/03 10:48:08.9 DFIO: Start writing C:\ForteBio\John\2025_10_03_BEACON_48wp_SI212&205_P1_\251003_027.frd
2025/10/03 10:48:08.9 DFIO: Finished writing C:\ForteBio\John\2025_10_03_BEACON_48wp_SI212&205_P1_\251003_027.frd
2025/10/03 10:48:08.9 DFIO: Start writing C:\ForteBio\John\2025_10_03_BEACON_48wp_SI212&205_P1_\251003_028.frd
2025/10/03 10:48:08.9 DFIO: Finished writing C:\ForteBio\John\2025_10_03_BEACON_48wp_SI212&205_P1_\251003_028.frd
2025/10/03 10:48:08.9 DFIO: Start writing C:\ForteBio\John\2025_10_03_BEACON_48wp_SI212&205_P1_\251003_029.frd
2025/10/03 10:48:08.9 DFIO: Finished writing C:\ForteBio\John\2025_10_03_BEACON_48wp_SI212&205_P1_\251003_029.frd
2025/10/03 10:48:08.9 DFIO: Start writing C:\ForteBio\John\2025_10_03_BEACON_48wp_SI212&205_P1_\251003_030.frd
2025/10/03 10:48:08.9 DFIO: Finished writing C:\ForteBio\John\2025_10_03_BEACON_48wp_SI212&205_P1_\251003_030.frd
2025/10/03 10:48:08.9 DFIO: Finished writing C:\ForteBio\John\2025_10_03_BEACON_48wp_SI212&205_P1_\251003_Manifest.fmx
2025/10/03 10:48:09.0 Old State:15-ENGN_StateRunning_WaitSampling New State:ENGN_StateRunning_Sampling
2025/10/03 10:48:58.6 Temp: 2025/10/03 10:48:58, 30.0000
2025/10/03 10:49:58.7 Temp: 2025/10/03 10:49:58, 30.0000
2025/10/03 10:50:08.5 
2025/10/03 10:50:08.5 STOP SCAN: 
2025/10/03 10:50:08.5    CycleTime (ms)    = 200
2025/10/03 10:50:08.5    CurrentCycle      = 600
2025/10/03 10:50:08.5    RunTime (ms)      = 119954
2025/10/03 10:50:08.5    AverageCycle (ms) = 199.9
2025/10/03 10:50:08.5    Temperature       = 30.0
2025/10/03 10:50:08.5    DATA OVERRUN %    = 0.00
2025/10/03 10:50:08.5    Spec PCB temps    = 40.4, 41.0, 41.1, 40.8, 41.0, 41.1, 39.2, 40.0
2025/10/03 10:50:08.5 
2025/10/03 10:50:08.6 Old State:16-cycle=600, Elapsed Time:  120.0,  Ideal Time:  119.8,  Delay time =   0.04  New State:ENGN_StateRunning_SamplingComplete
2025/10/03 10:50:08.8 Old State:18-ENGN_StateRunning_SamplingComplete New State:ENGN_StateRunning_WaitNewStep
2025/10/03 10:50:09.0 Old State:5-ENGN_StateRunning_WaitNewStep New State:ENGN_StateRunning_StartNewStep
2025/10/03 10:50:09.0 StartShaker(400)
2025/10/03 10:50:09.3 Temp: 2025/10/03 10:50:09, 30.0000
2025/10/03 10:50:09.3 Old State:6-ENGN_StateRunning_StartNewStep New State:ENGN_StateRunning_WaitGoingToSample
2025/10/03 10:50:09.3 Sample96_Q(0, 0, 10)
2025/10/03 10:50:09.4 
2025/10/03 10:50:09.4 START SCAN: 
2025/10/03 10:50:09.4    CycleTime (ms)    = 200
2025/10/03 10:50:09.4    CycleCount        = 25
2025/10/03 10:50:09.4    ScansToAverage    = 20
2025/10/03 10:50:09.4    FinishTime (s)    = 5
2025/10/03 10:50:09.4    Temperature       = 30.0
2025/10/03 10:50:09.4    Lamp Power        = 36
2025/10/03 10:50:09.4    Spec PCB temps    = 40.4, 41.0, 41.1, 40.8, 41.1, 41.1, 39.2, 40.0
2025/10/03 10:50:09.4 
2025/10/03 10:50:09.5 GMC_SetPosZ
2025/10/03 10:50:09.5 Old State:12-ENGN_StateRunning_WaitGoingToSample New State:ENGN_StateRunning_GoingToSample
2025/10/03 10:50:12.8 GMC_ServoHere
2025/10/03 10:50:13.0 GMC_SetPosXY
2025/10/03 10:50:13.9 GMC_SetPosZ
2025/10/03 10:50:18.9 Old State:13-cycle=1, Elapsed Time:    0.0,  Ideal Time:    0.0,  Delay time =   0.00  New State:ENGN_StateRunning_GoingToSampleComplete
2025/10/03 10:50:19.0 Old State:14-ENGN_StateRunning_GoingToSampleComplete New State:ENGN_StateRunning_WaitSampling
2025/10/03 10:50:19.0 Step started at: 10:50:09
2025/10/03 10:50:19.0 XYZ movement time  = 9511 ms + Scan start delay = 9454 ms
2025/10/03 10:50:19.1 Old State:15-ENGN_StateRunning_WaitSampling New State:ENGN_StateRunning_Sampling
2025/10/03 10:50:23.8 
2025/10/03 10:50:23.8 STOP SCAN: 
2025/10/03 10:50:23.8    CycleTime (ms)    = 200
2025/10/03 10:50:23.8    CurrentCycle      = 25
2025/10/03 10:50:23.8    RunTime (ms)      = 4956
2025/10/03 10:50:23.8    AverageCycle (ms) = 198.2
2025/10/03 10:50:23.8    Temperature       = 30.0
2025/10/03 10:50:23.8    DATA OVERRUN %    = 0.00
2025/10/03 10:50:23.8    Spec PCB temps    = 40.4, 41.0, 41.1, 40.8, 41.1, 41.1, 39.2, 40.0
2025/10/03 10:50:23.8 
2025/10/03 10:50:23.9 Old State:16-cycle=25, Elapsed Time:    5.0,  Ideal Time:    4.8,  Delay time =   0.04  New State:ENGN_StateRunning_SamplingComplete
2025/10/03 10:50:24.0 Old State:18-ENGN_StateRunning_SamplingComplete New State:ENGN_StateRunning_WaitNewStep
2025/10/03 10:50:24.1 Old State:5-ENGN_StateRunning_WaitNewStep New State:ENGN_StateRunning_StartNewStep
2025/10/03 10:50:24.1 StartShaker(400)
2025/10/03 10:50:24.4 Temp: 2025/10/03 10:50:24, 30.0000
2025/10/03 10:50:24.5 Old State:6-ENGN_StateRunning_StartNewStep New State:ENGN_StateRunning_WaitGoingToSample
2025/10/03 10:50:24.5 Sample96_Q(0, 0, 11)
2025/10/03 10:50:24.5 GMC_SetPosZ
2025/10/03 10:50:24.5 
2025/10/03 10:50:24.5 START SCAN: 
2025/10/03 10:50:24.5    CycleTime (ms)    = 200
2025/10/03 10:50:24.5    CycleCount        = 25
2025/10/03 10:50:24.5    ScansToAverage    = 20
2025/10/03 10:50:24.5    FinishTime (s)    = 5
2025/10/03 10:50:24.5    Temperature       = 30.0
2025/10/03 10:50:24.5    Lamp Power        = 36
2025/10/03 10:50:24.5    Spec PCB temps    = 40.4, 41.0, 41.0, 40.8, 41.0, 41.1, 39.2, 40.0
2025/10/03 10:50:24.5 
2025/10/03 10:50:24.6 Old State:12-ENGN_StateRunning_WaitGoingToSample New State:ENGN_StateRunning_GoingToSample
2025/10/03 10:50:29.3 GMC_ServoHere
2025/10/03 10:50:29.5 GMC_SetPosXY
2025/10/03 10:50:29.9 GMC_SetPosZ
2025/10/03 10:50:35.3 Old State:13-cycle=1, Elapsed Time:    0.0,  Ideal Time:    0.0,  Delay time =   0.00  New State:ENGN_StateRunning_GoingToSampleComplete
2025/10/03 10:50:35.4 Old State:14-ENGN_StateRunning_GoingToSampleComplete New State:ENGN_StateRunning_WaitSampling
2025/10/03 10:50:35.4 Step started at: 10:50:24
2025/10/03 10:50:35.4 XYZ movement time  = 10643 ms + Scan start delay = 10602 ms
2025/10/03 10:50:35.5 Old State:15-ENGN_StateRunning_WaitSampling New State:ENGN_StateRunning_Sampling
2025/10/03 10:50:40.0 
2025/10/03 10:50:40.0 STOP SCAN: 
2025/10/03 10:50:40.0    CycleTime (ms)    = 200
2025/10/03 10:50:40.0    CurrentCycle      = 25
2025/10/03 10:50:40.0    RunTime (ms)      = 4978
2025/10/03 10:50:40.0    AverageCycle (ms) = 199.1
2025/10/03 10:50:40.0    Temperature       = 30.0
2025/10/03 10:50:40.0    DATA OVERRUN %    = 0.00
2025/10/03 10:50:40.0    Spec PCB temps    = 40.4, 41.0, 41.1, 40.8, 41.0, 41.1, 39.2, 40.0
2025/10/03 10:50:40.0 
2025/10/03 10:50:40.1 Old State:16-cycle=25, Elapsed Time:    5.0,  Ideal Time:    4.8,  Delay time =   0.04  New State:ENGN_StateRunning_SamplingComplete
2025/10/03 10:50:40.3 Old State:18-ENGN_StateRunning_SamplingComplete New State:ENGN_StateRunning_WaitNewStep
2025/10/03 10:50:40.6 Old State:5-ENGN_StateRunning_WaitNewStep New State:ENGN_StateRunning_StartNewStep
2025/10/03 10:50:40.6 StartShaker(400)
2025/10/03 10:50:40.9 Temp: 2025/10/03 10:50:40, 30.0000
2025/10/03 10:50:41.0 Old State:6-ENGN_StateRunning_StartNewStep New State:ENGN_StateRunning_WaitGoingToSample
2025/10/03 10:50:41.0 Sample96_Q(0, 0, 10)
2025/10/03 10:50:41.0 
2025/10/03 10:50:41.0 START SCAN: 
2025/10/03 10:50:41.0    CycleTime (ms)    = 200
2025/10/03 10:50:41.0    CycleCount        = 25
2025/10/03 10:50:41.0    ScansToAverage    = 20
2025/10/03 10:50:41.0    FinishTime (s)    = 5
2025/10/03 10:50:41.0    Temperature       = 30.0
2025/10/03 10:50:41.0    Lamp Power        = 36
2025/10/03 10:50:41.0    Spec PCB temps    = 40.4, 41.0, 41.1, 40.8, 41.1, 41.1, 39.2, 40.0
2025/10/03 10:50:41.0 
2025/10/03 10:50:41.1 GMC_SetPosZ
2025/10/03 10:50:41.1 Old State:12-ENGN_StateRunning_WaitGoingToSample New State:ENGN_StateRunning_GoingToSample
2025/10/03 10:50:46.2 GMC_ServoHere
2025/10/03 10:50:46.4 GMC_SetPosXY
2025/10/03 10:50:46.8 GMC_SetPosZ
2025/10/03 10:50:51.9 Old State:13-cycle=1, Elapsed Time:    0.0,  Ideal Time:    0.0,  Delay time =   0.00  New State:ENGN_StateRunning_GoingToSampleComplete
2025/10/03 10:50:52.0 Old State:14-ENGN_StateRunning_GoingToSampleComplete New State:ENGN_StateRunning_WaitSampling
2025/10/03 10:50:52.0 Step started at: 10:50:41
2025/10/03 10:50:52.0 XYZ movement time  = 10784 ms + Scan start delay = 10717 ms
2025/10/03 10:50:52.1 Old State:15-ENGN_StateRunning_WaitSampling New State:ENGN_StateRunning_Sampling
2025/10/03 10:50:56.6 
2025/10/03 10:50:56.6 STOP SCAN: 
2025/10/03 10:50:56.6    CycleTime (ms)    = 200
2025/10/03 10:50:56.6    CurrentCycle      = 25
2025/10/03 10:50:56.6    RunTime (ms)      = 4956
2025/10/03 10:50:56.6    AverageCycle (ms) = 198.2
2025/10/03 10:50:56.6    Temperature       = 30.0
2025/10/03 10:50:56.6    DATA OVERRUN %    = 0.00
2025/10/03 10:50:56.6    Spec PCB temps    = 40.4, 41.0, 41.1, 40.8, 41.1, 41.1, 39.2, 40.0
2025/10/03 10:50:56.6 
2025/10/03 10:50:56.8 Old State:16-cycle=25, Elapsed Time:    5.0,  Ideal Time:    4.8,  Delay time =   0.04  New State:ENGN_StateRunning_SamplingComplete
2025/10/03 10:50:56.9 Old State:18-ENGN_StateRunning_SamplingComplete New State:ENGN_StateRunning_WaitNewStep
2025/10/03 10:50:57.0 Old State:5-ENGN_StateRunning_WaitNewStep New State:ENGN_StateRunning_StartNewStep
2025/10/03 10:50:57.0 StartShaker(400)
2025/10/03 10:50:57.3 Old State:6-ENGN_StateRunning_StartNewStep New State:ENGN_StateRunning_WaitGoingToSample
2025/10/03 10:50:57.3 Sample96_Q(0, 0, 11)
2025/10/03 10:50:57.4 Temp: 2025/10/03 10:50:57, 30.0000
2025/10/03 10:50:57.4 GMC_SetPosZ
2025/10/03 10:50:57.4 
2025/10/03 10:50:57.4 START SCAN: 
2025/10/03 10:50:57.4    CycleTime (ms)    = 200
2025/10/03 10:50:57.4    CycleCount        = 25
2025/10/03 10:50:57.4    ScansToAverage    = 20
2025/10/03 10:50:57.4    FinishTime (s)    = 5
2025/10/03 10:50:57.4    Temperature       = 30.0
2025/10/03 10:50:57.4    Lamp Power        = 36
2025/10/03 10:50:57.4    Spec PCB temps    = 40.4, 41.0, 41.1, 40.8, 41.1, 41.1, 39.2, 40.0
2025/10/03 10:50:57.4 
2025/10/03 10:50:57.5 Old State:12-ENGN_StateRunning_WaitGoingToSample New State:ENGN_StateRunning_GoingToSample
2025/10/03 10:51:02.2 GMC_ServoHere
2025/10/03 10:51:02.4 GMC_SetPosXY
2025/10/03 10:51:02.8 GMC_SetPosZ
2025/10/03 10:51:08.2 Old State:13-cycle=1, Elapsed Time:    0.0,  Ideal Time:    0.0,  Delay time =   0.00  New State:ENGN_StateRunning_GoingToSampleComplete
2025/10/03 10:51:08.3 Old State:14-ENGN_StateRunning_GoingToSampleComplete New State:ENGN_StateRunning_WaitSampling
2025/10/03 10:51:08.3 Step started at: 10:50:57
2025/10/03 10:51:08.3 XYZ movement time  = 10690 ms + Scan start delay = 10635 ms
2025/10/03 10:51:08.4 Old State:15-ENGN_StateRunning_WaitSampling New State:ENGN_StateRunning_Sampling
2025/10/03 10:51:12.9 
2025/10/03 10:51:12.9 STOP SCAN: 
2025/10/03 10:51:12.9    CycleTime (ms)    = 200
2025/10/03 10:51:12.9    CurrentCycle      = 25
2025/10/03 10:51:12.9    RunTime (ms)      = 4956
2025/10/03 10:51:12.9    AverageCycle (ms) = 198.2
2025/10/03 10:51:12.9    Temperature       = 30.0
2025/10/03 10:51:12.9    DATA OVERRUN %    = 0.00
2025/10/03 10:51:12.9    Spec PCB temps    = 40.4, 41.0, 41.0, 40.8, 41.1, 41.1, 39.2, 40.0
2025/10/03 10:51:12.9 
2025/10/03 10:51:13.1 Old State:16-cycle=25, Elapsed Time:    5.0,  Ideal Time:    4.8,  Delay time =   0.02  New State:ENGN_StateRunning_SamplingComplete
2025/10/03 10:51:13.2 Old State:18-ENGN_StateRunning_SamplingComplete New State:ENGN_StateRunning_WaitNewStep
2025/10/03 10:51:13.5 Old State:5-ENGN_StateRunning_WaitNewStep New State:ENGN_StateRunning_StartNewStep
2025/10/03 10:51:13.5 StartShaker(400)
2025/10/03 10:51:13.8 Temp: 2025/10/03 10:51:13, 30.0000
2025/10/03 10:51:13.9 Old State:6-ENGN_StateRunning_StartNewStep New State:ENGN_StateRunning_WaitGoingToSample
2025/10/03 10:51:13.9 Sample96_Q(0, 0, 10)
2025/10/03 10:51:14.0 
2025/10/03 10:51:14.0 START SCAN: 
2025/10/03 10:51:14.0    CycleTime (ms)    = 200
2025/10/03 10:51:14.0    CycleCount        = 25
2025/10/03 10:51:14.0    ScansToAverage    = 20
2025/10/03 10:51:14.0    FinishTime (s)    = 5
2025/10/03 10:51:14.0    Temperature       = 30.0
2025/10/03 10:51:14.0    Lamp Power        = 36
2025/10/03 10:51:14.0    Spec PCB temps    = 40.4, 41.0, 41.1, 40.8, 41.1, 41.1, 39.3, 40.1
2025/10/03 10:51:14.0 
2025/10/03 10:51:14.0 GMC_SetPosZ
2025/10/03 10:51:14.0 Old State:12-ENGN_StateRunning_WaitGoingToSample New State:ENGN_StateRunning_GoingToSample
2025/10/03 10:51:19.1 GMC_ServoHere
2025/10/03 10:51:19.3 GMC_SetPosXY
2025/10/03 10:51:19.7 GMC_SetPosZ
2025/10/03 10:51:24.8 Old State:13-cycle=1, Elapsed Time:    0.0,  Ideal Time:    0.0,  Delay time =   0.00  New State:ENGN_StateRunning_GoingToSampleComplete
2025/10/03 10:51:24.9 Old State:14-ENGN_StateRunning_GoingToSampleComplete New State:ENGN_StateRunning_WaitSampling
2025/10/03 10:51:24.9 Step started at: 10:51:13
2025/10/03 10:51:24.9 XYZ movement time  = 10729 ms + Scan start delay = 10684 ms
2025/10/03 10:51:25.0 Old State:15-ENGN_StateRunning_WaitSampling New State:ENGN_StateRunning_Sampling
2025/10/03 10:51:29.5 
2025/10/03 10:51:29.5 STOP SCAN: 
2025/10/03 10:51:29.5    CycleTime (ms)    = 200
2025/10/03 10:51:29.5    CurrentCycle      = 25
2025/10/03 10:51:29.5    RunTime (ms)      = 4964
2025/10/03 10:51:29.5    AverageCycle (ms) = 198.6
2025/10/03 10:51:29.5    Temperature       = 30.0
2025/10/03 10:51:29.5    DATA OVERRUN %    = 0.00
2025/10/03 10:51:29.5    Spec PCB temps    = 40.4, 41.0, 41.0, 40.8, 41.0, 41.1, 39.2, 40.0
2025/10/03 10:51:29.5 
2025/10/03 10:51:29.6 Old State:16-cycle=25, Elapsed Time:    5.0,  Ideal Time:    4.8,  Delay time =  -0.01 <<<<<<<<<< New State:ENGN_StateRunning_SamplingComplete
2025/10/03 10:51:29.7 Old State:18-ENGN_StateRunning_SamplingComplete New State:ENGN_StateRunning_WaitNewStep
2025/10/03 10:51:30.1 Old State:5-ENGN_StateRunning_WaitNewStep New State:ENGN_StateRunning_StartNewStep
2025/10/03 10:51:30.1 StartShaker(400)
2025/10/03 10:51:30.3 Temp: 2025/10/03 10:51:30, 30.0000
2025/10/03 10:51:30.4 Old State:6-ENGN_StateRunning_StartNewStep New State:ENGN_StateRunning_WaitGoingToSample
2025/10/03 10:51:30.4 Sample96_Q(0, 0, 11)
2025/10/03 10:51:30.5 
2025/10/03 10:51:30.5 START SCAN: 
2025/10/03 10:51:30.5    CycleTime (ms)    = 200
2025/10/03 10:51:30.5    CycleCount        = 25
2025/10/03 10:51:30.5    ScansToAverage    = 20
2025/10/03 10:51:30.5    FinishTime (s)    = 5
2025/10/03 10:51:30.5    Temperature       = 30.0
2025/10/03 10:51:30.5    Lamp Power        = 36
2025/10/03 10:51:30.5    Spec PCB temps    = 40.4, 41.0, 41.1, 40.8, 41.1, 41.1, 39.2, 40.0
2025/10/03 10:51:30.5 
2025/10/03 10:51:30.5 GMC_SetPosZ
2025/10/03 10:51:30.6 Old State:12-ENGN_StateRunning_WaitGoingToSample New State:ENGN_StateRunning_GoingToSample
2025/10/03 10:51:35.4 GMC_ServoHere
2025/10/03 10:51:35.5 GMC_SetPosXY
2025/10/03 10:51:35.9 GMC_SetPosZ
2025/10/03 10:51:41.3 Old State:13-cycle=1, Elapsed Time:    0.0,  Ideal Time:    0.0,  Delay time =   0.00  New State:ENGN_StateRunning_GoingToSampleComplete
2025/10/03 10:51:41.4 Old State:14-ENGN_StateRunning_GoingToSampleComplete New State:ENGN_StateRunning_WaitSampling
2025/10/03 10:51:41.4 Step started at: 10:51:30
2025/10/03 10:51:41.4 XYZ movement time  = 10716 ms + Scan start delay = 10705 ms
2025/10/03 10:51:41.5 Old State:15-ENGN_StateRunning_WaitSampling New State:ENGN_StateRunning_Sampling
2025/10/03 10:51:46.1 
2025/10/03 10:51:46.1 STOP SCAN: 
2025/10/03 10:51:46.1    CycleTime (ms)    = 200
2025/10/03 10:51:46.1    CurrentCycle      = 25
2025/10/03 10:51:46.1    RunTime (ms)      = 4957
2025/10/03 10:51:46.1    AverageCycle (ms) = 198.3
2025/10/03 10:51:46.1    Temperature       = 30.0
2025/10/03 10:51:46.1    DATA OVERRUN %    = 0.00
2025/10/03 10:51:46.1    Spec PCB temps    = 40.4, 41.0, 41.1, 40.8, 41.0, 41.1, 39.3, 40.1
2025/10/03 10:51:46.1 
2025/10/03 10:51:46.2 Old State:16-cycle=25, Elapsed Time:    5.0,  Ideal Time:    4.8,  Delay time =   0.04  New State:ENGN_StateRunning_SamplingComplete
2025/10/03 10:51:46.3 Old State:18-ENGN_StateRunning_SamplingComplete New State:ENGN_StateRunning_WaitNewStep
2025/10/03 10:51:46.5 Old State:5-ENGN_StateRunning_WaitNewStep New State:ENGN_StateRunning_StartNewStep
2025/10/03 10:51:46.5 StartShaker(400)
2025/10/03 10:51:46.8 Temp: 2025/10/03 10:51:46, 30.0000
2025/10/03 10:51:46.9 Old State:6-ENGN_StateRunning_StartNewStep New State:ENGN_StateRunning_WaitGoingToSample
2025/10/03 10:51:46.9 Sample96_Q(0, 0, 6)
2025/10/03 10:51:47.0 
2025/10/03 10:51:47.0 START SCAN: 
2025/10/03 10:51:47.0    CycleTime (ms)    = 200
2025/10/03 10:51:47.0    CycleCount        = 600
2025/10/03 10:51:47.0    ScansToAverage    = 20
2025/10/03 10:51:47.0    FinishTime (s)    = 120
2025/10/03 10:51:47.0    Temperature       = 30.0
2025/10/03 10:51:47.0    Lamp Power        = 36
2025/10/03 10:51:47.0 GMC_SetPosZ
2025/10/03 10:51:47.0    Spec PCB temps    = 40.4, 41.0, 41.1, 40.8, 41.1, 41.1, 39.3, 40.0
2025/10/03 10:51:47.0 
2025/10/03 10:51:47.0 Old State:12-ENGN_StateRunning_WaitGoingToSample New State:ENGN_StateRunning_GoingToSample
2025/10/03 10:51:52.1 GMC_ServoHere
2025/10/03 10:51:52.3 GMC_SetPosXY
2025/10/03 10:51:53.2 GMC_SetPosZ
2025/10/03 10:51:57.1 Old State:13-cycle=1, Elapsed Time:    0.0,  Ideal Time:    0.0,  Delay time =   0.00  New State:ENGN_StateRunning_GoingToSampleComplete
2025/10/03 10:51:57.1 DFIO: Start writing C:\ForteBio\John\2025_10_03_BEACON_48wp_SI212&205_P1_\251003_031.frd
2025/10/03 10:51:57.1 DFIO: Finished writing C:\ForteBio\John\2025_10_03_BEACON_48wp_SI212&205_P1_\251003_031.frd
2025/10/03 10:51:57.1 DFIO: Start writing C:\ForteBio\John\2025_10_03_BEACON_48wp_SI212&205_P1_\251003_032.frd
2025/10/03 10:51:57.1 DFIO: Finished writing C:\ForteBio\John\2025_10_03_BEACON_48wp_SI212&205_P1_\251003_032.frd
2025/10/03 10:51:57.1 DFIO: Start writing C:\ForteBio\John\2025_10_03_BEACON_48wp_SI212&205_P1_\251003_033.frd
2025/10/03 10:51:57.1 DFIO: Finished writing C:\ForteBio\John\2025_10_03_BEACON_48wp_SI212&205_P1_\251003_033.frd
2025/10/03 10:51:57.1 DFIO: Start writing C:\ForteBio\John\2025_10_03_BEACON_48wp_SI212&205_P1_\251003_034.frd
2025/10/03 10:51:57.1 DFIO: Finished writing C:\ForteBio\John\2025_10_03_BEACON_48wp_SI212&205_P1_\251003_034.frd
2025/10/03 10:51:57.1 DFIO: Start writing C:\ForteBio\John\2025_10_03_BEACON_48wp_SI212&205_P1_\251003_035.frd
2025/10/03 10:51:57.1 DFIO: Finished writing C:\ForteBio\John\2025_10_03_BEACON_48wp_SI212&205_P1_\251003_035.frd
2025/10/03 10:51:57.1 DFIO: Start writing C:\ForteBio\John\2025_10_03_BEACON_48wp_SI212&205_P1_\251003_036.frd
2025/10/03 10:51:57.1 DFIO: Finished writing C:\ForteBio\John\2025_10_03_BEACON_48wp_SI212&205_P1_\251003_036.frd
2025/10/03 10:51:57.1 DFIO: Finished writing C:\ForteBio\John\2025_10_03_BEACON_48wp_SI212&205_P1_\251003_Manifest.fmx
2025/10/03 10:51:57.2 Old State:14-ENGN_StateRunning_GoingToSampleComplete New State:ENGN_StateRunning_WaitSampling
2025/10/03 10:51:57.2 Step started at: 10:51:46
2025/10/03 10:51:57.2 XYZ movement time  = 10037 ms + Scan start delay = 10030 ms
2025/10/03 10:51:57.3 Old State:15-ENGN_StateRunning_WaitSampling New State:ENGN_StateRunning_Sampling
2025/10/03 10:52:46.8 Temp: 2025/10/03 10:52:46, 30.0000
2025/10/03 10:53:46.9 Temp: 2025/10/03 10:53:46, 30.0000
2025/10/03 10:53:56.8 
2025/10/03 10:53:56.8 STOP SCAN: 
2025/10/03 10:53:56.8    CycleTime (ms)    = 200
2025/10/03 10:53:56.8    CurrentCycle      = 600
2025/10/03 10:53:56.8    RunTime (ms)      = 119955
2025/10/03 10:53:56.8    AverageCycle (ms) = 199.9
2025/10/03 10:53:56.8    Temperature       = 30.0
2025/10/03 10:53:56.8    DATA OVERRUN %    = 0.00
2025/10/03 10:53:56.8    Spec PCB temps    = 40.4, 41.0, 41.1, 40.8, 41.1, 41.1, 39.3, 40.0
2025/10/03 10:53:56.8 
2025/10/03 10:53:57.0 Old State:16-cycle=600, Elapsed Time:  120.0,  Ideal Time:  119.8,  Delay time =   0.05  New State:ENGN_StateRunning_SamplingComplete
2025/10/03 10:53:57.1 Old State:18-ENGN_StateRunning_SamplingComplete New State:ENGN_StateRunning_WaitNewStep
2025/10/03 10:53:57.3 Old State:5-ENGN_StateRunning_WaitNewStep New State:ENGN_StateRunning_StartNewStep
2025/10/03 10:53:57.3 StartShaker(400)
2025/10/03 10:53:57.6 Temp: 2025/10/03 10:53:57, 30.0000
2025/10/03 10:53:57.7 Old State:6-ENGN_StateRunning_StartNewStep New State:ENGN_StateRunning_WaitGoingToSample
2025/10/03 10:53:57.7 Sample96_Q(0, 0, 10)
2025/10/03 10:53:57.7 GMC_SetPosZ
2025/10/03 10:53:57.8 
2025/10/03 10:53:57.8 START SCAN: 
2025/10/03 10:53:57.8    CycleTime (ms)    = 200
2025/10/03 10:53:57.8    CycleCount        = 25
2025/10/03 10:53:57.8    ScansToAverage    = 20
2025/10/03 10:53:57.8    FinishTime (s)    = 5
2025/10/03 10:53:57.8    Temperature       = 30.0
2025/10/03 10:53:57.8    Lamp Power        = 36
2025/10/03 10:53:57.8    Spec PCB temps    = 40.4, 41.0, 41.1, 40.8, 41.0, 41.1, 39.3, 40.0
2025/10/03 10:53:57.8 
2025/10/03 10:53:57.8 Old State:12-ENGN_StateRunning_WaitGoingToSample New State:ENGN_StateRunning_GoingToSample
2025/10/03 10:54:01.4 GMC_ServoHere
2025/10/03 10:54:01.5 GMC_SetPosXY
2025/10/03 10:54:02.2 GMC_SetPosZ
2025/10/03 10:54:07.3 Old State:13-cycle=1, Elapsed Time:    0.0,  Ideal Time:    0.0,  Delay time =   0.00  New State:ENGN_StateRunning_GoingToSampleComplete
2025/10/03 10:54:07.4 Old State:14-ENGN_StateRunning_GoingToSampleComplete New State:ENGN_StateRunning_WaitSampling
2025/10/03 10:54:07.4 Step started at: 10:53:57
2025/10/03 10:54:07.4 XYZ movement time  = 9519 ms + Scan start delay = 9442 ms
2025/10/03 10:54:07.5 Old State:15-ENGN_StateRunning_WaitSampling New State:ENGN_StateRunning_Sampling
2025/10/03 10:54:12.1 
2025/10/03 10:54:12.1 STOP SCAN: 
2025/10/03 10:54:12.1    CycleTime (ms)    = 200
2025/10/03 10:54:12.1    CurrentCycle      = 25
2025/10/03 10:54:12.1    RunTime (ms)      = 4979
2025/10/03 10:54:12.1    AverageCycle (ms) = 199.2
2025/10/03 10:54:12.1    Temperature       = 30.0
2025/10/03 10:54:12.1    DATA OVERRUN %    = 0.00
2025/10/03 10:54:12.1    Spec PCB temps    = 40.4, 41.0, 41.1, 40.8, 41.1, 41.1, 39.3, 40.0
2025/10/03 10:54:12.1 
2025/10/03 10:54:12.2 Old State:16-cycle=25, Elapsed Time:    5.0,  Ideal Time:    4.8,  Delay time =   0.03  New State:ENGN_StateRunning_SamplingComplete
2025/10/03 10:54:12.4 Old State:18-ENGN_StateRunning_SamplingComplete New State:ENGN_StateRunning_WaitNewStep
2025/10/03 10:54:12.7 Old State:5-ENGN_StateRunning_WaitNewStep New State:ENGN_StateRunning_StartNewStep
2025/10/03 10:54:12.7 StartShaker(400)
2025/10/03 10:54:13.0 Temp: 2025/10/03 10:54:13, 30.0000
2025/10/03 10:54:13.0 Old State:6-ENGN_StateRunning_StartNewStep New State:ENGN_StateRunning_WaitGoingToSample
2025/10/03 10:54:13.0 Sample96_Q(0, 0, 11)
2025/10/03 10:54:13.1 GMC_SetPosZ
2025/10/03 10:54:13.1 
2025/10/03 10:54:13.1 START SCAN: 
2025/10/03 10:54:13.1    CycleTime (ms)    = 200
2025/10/03 10:54:13.1    CycleCount        = 25
2025/10/03 10:54:13.1    ScansToAverage    = 20
2025/10/03 10:54:13.1    FinishTime (s)    = 5
2025/10/03 10:54:13.1    Temperature       = 30.0
2025/10/03 10:54:13.1    Lamp Power        = 36
2025/10/03 10:54:13.1    Spec PCB temps    = 40.4, 41.0, 41.1, 40.8, 41.1, 41.1, 39.2, 40.0
2025/10/03 10:54:13.1 
2025/10/03 10:54:13.2 Old State:12-ENGN_StateRunning_WaitGoingToSample New State:ENGN_StateRunning_GoingToSample
2025/10/03 10:54:17.9 GMC_ServoHere
2025/10/03 10:54:18.1 GMC_SetPosXY
2025/10/03 10:54:18.5 GMC_SetPosZ
2025/10/03 10:54:23.9 Old State:13-cycle=1, Elapsed Time:    0.0,  Ideal Time:    0.0,  Delay time =   0.00  New State:ENGN_StateRunning_GoingToSampleComplete
2025/10/03 10:54:24.0 Old State:14-ENGN_StateRunning_GoingToSampleComplete New State:ENGN_StateRunning_WaitSampling
2025/10/03 10:54:24.0 Step started at: 10:54:13
2025/10/03 10:54:24.0 XYZ movement time  = 10653 ms + Scan start delay = 10648 ms
2025/10/03 10:54:24.1 Old State:15-ENGN_StateRunning_WaitSampling New State:ENGN_StateRunning_Sampling
2025/10/03 10:54:28.7 
2025/10/03 10:54:28.7 STOP SCAN: 
2025/10/03 10:54:28.7    CycleTime (ms)    = 200
2025/10/03 10:54:28.7    CurrentCycle      = 25
2025/10/03 10:54:28.7    RunTime (ms)      = 4961
2025/10/03 10:54:28.7    AverageCycle (ms) = 198.4
2025/10/03 10:54:28.7    Temperature       = 30.0
2025/10/03 10:54:28.7    DATA OVERRUN %    = 0.00
2025/10/03 10:54:28.7    Spec PCB temps    = 40.4, 41.0, 41.1, 40.8, 41.1, 41.1, 39.3, 40.1
2025/10/03 10:54:28.7 
2025/10/03 10:54:28.7 Old State:16-cycle=25, Elapsed Time:    5.0,  Ideal Time:    4.8,  Delay time =   0.04  New State:ENGN_StateRunning_SamplingComplete
2025/10/03 10:54:28.9 Old State:18-ENGN_StateRunning_SamplingComplete New State:ENGN_StateRunning_WaitNewStep
2025/10/03 10:54:29.2 Old State:5-ENGN_StateRunning_WaitNewStep New State:ENGN_StateRunning_StartNewStep
2025/10/03 10:54:29.2 StartShaker(400)
2025/10/03 10:54:29.5 Temp: 2025/10/03 10:54:29, 30.0000
2025/10/03 10:54:29.5 Old State:6-ENGN_StateRunning_StartNewStep New State:ENGN_StateRunning_WaitGoingToSample
2025/10/03 10:54:29.5 Sample96_Q(0, 0, 10)
2025/10/03 10:54:29.6 GMC_SetPosZ
2025/10/03 10:54:29.6 
2025/10/03 10:54:29.6 START SCAN: 
2025/10/03 10:54:29.6    CycleTime (ms)    = 200
2025/10/03 10:54:29.6    CycleCount        = 25
2025/10/03 10:54:29.6    ScansToAverage    = 20
2025/10/03 10:54:29.6    FinishTime (s)    = 5
2025/10/03 10:54:29.6    Temperature       = 30.0
2025/10/03 10:54:29.6    Lamp Power        = 36
2025/10/03 10:54:29.6    Spec PCB temps    = 40.4, 41.0, 41.1, 40.8, 41.1, 41.1, 39.2, 40.0
2025/10/03 10:54:29.6 
2025/10/03 10:54:29.7 Old State:12-ENGN_StateRunning_WaitGoingToSample New State:ENGN_StateRunning_GoingToSample
2025/10/03 10:54:34.7 GMC_ServoHere
2025/10/03 10:54:34.9 GMC_SetPosXY
2025/10/03 10:54:35.3 GMC_SetPosZ
2025/10/03 10:54:40.3 Old State:13-cycle=1, Elapsed Time:    0.0,  Ideal Time:    0.0,  Delay time =   0.00  New State:ENGN_StateRunning_GoingToSampleComplete
2025/10/03 10:54:40.4 Old State:14-ENGN_StateRunning_GoingToSampleComplete New State:ENGN_StateRunning_WaitSampling
2025/10/03 10:54:40.4 Step started at: 10:54:29
2025/10/03 10:54:40.4 XYZ movement time  = 10629 ms + Scan start delay = 10624 ms
2025/10/03 10:54:40.5 Old State:15-ENGN_StateRunning_WaitSampling New State:ENGN_StateRunning_Sampling
2025/10/03 10:54:45.1 
2025/10/03 10:54:45.1 STOP SCAN: 
2025/10/03 10:54:45.1    CycleTime (ms)    = 200
2025/10/03 10:54:45.1    CurrentCycle      = 25
2025/10/03 10:54:45.1    RunTime (ms)      = 4953
2025/10/03 10:54:45.1    AverageCycle (ms) = 198.1
2025/10/03 10:54:45.1    Temperature       = 30.0
2025/10/03 10:54:45.1    DATA OVERRUN %    = 0.00
2025/10/03 10:54:45.1    Spec PCB temps    = 40.4, 41.0, 41.1, 40.8, 41.1, 41.1, 39.3, 40.1
2025/10/03 10:54:45.1 
2025/10/03 10:54:45.2 Old State:16-cycle=25, Elapsed Time:    5.0,  Ideal Time:    4.8,  Delay time =   0.00  New State:ENGN_StateRunning_SamplingComplete
2025/10/03 10:54:45.3 Old State:18-ENGN_StateRunning_SamplingComplete New State:ENGN_StateRunning_WaitNewStep
2025/10/03 10:54:45.6 Old State:5-ENGN_StateRunning_WaitNewStep New State:ENGN_StateRunning_StartNewStep
2025/10/03 10:54:45.7 StartShaker(400)
2025/10/03 10:54:46.0 Temp: 2025/10/03 10:54:46, 30.0000
2025/10/03 10:54:46.0 Old State:6-ENGN_StateRunning_StartNewStep New State:ENGN_StateRunning_WaitGoingToSample
2025/10/03 10:54:46.0 Sample96_Q(0, 0, 11)
2025/10/03 10:54:46.1 GMC_SetPosZ
2025/10/03 10:54:46.1 
2025/10/03 10:54:46.1 START SCAN: 
2025/10/03 10:54:46.1    CycleTime (ms)    = 200
2025/10/03 10:54:46.1    CycleCount        = 25
2025/10/03 10:54:46.1    ScansToAverage    = 20
2025/10/03 10:54:46.1    FinishTime (s)    = 5
2025/10/03 10:54:46.1    Temperature       = 30.0
2025/10/03 10:54:46.1    Lamp Power        = 36
2025/10/03 10:54:46.1    Spec PCB temps    = 40.4, 41.0, 41.1, 40.8, 41.1, 41.1, 39.3, 40.1
2025/10/03 10:54:46.1 
2025/10/03 10:54:46.2 Old State:12-ENGN_StateRunning_WaitGoingToSample New State:ENGN_StateRunning_GoingToSample
2025/10/03 10:54:50.9 GMC_ServoHere
2025/10/03 10:54:51.0 GMC_SetPosXY
2025/10/03 10:54:51.4 GMC_SetPosZ
2025/10/03 10:54:56.8 Old State:13-cycle=1, Elapsed Time:    0.0,  Ideal Time:    0.0,  Delay time =   0.00  New State:ENGN_StateRunning_GoingToSampleComplete
2025/10/03 10:54:56.9 Old State:14-ENGN_StateRunning_GoingToSampleComplete New State:ENGN_StateRunning_WaitSampling
2025/10/03 10:54:56.9 Step started at: 10:54:46
2025/10/03 10:54:56.9 XYZ movement time  = 10611 ms + Scan start delay = 10591 ms
2025/10/03 10:54:57.0 Old State:15-ENGN_StateRunning_WaitSampling New State:ENGN_StateRunning_Sampling
2025/10/03 10:55:01.5 
2025/10/03 10:55:01.5 STOP SCAN: 
2025/10/03 10:55:01.5    CycleTime (ms)    = 200
2025/10/03 10:55:01.5    CurrentCycle      = 25
2025/10/03 10:55:01.5    RunTime (ms)      = 4957
2025/10/03 10:55:01.5    AverageCycle (ms) = 198.3
2025/10/03 10:55:01.5    Temperature       = 30.0
2025/10/03 10:55:01.5    DATA OVERRUN %    = 0.00
2025/10/03 10:55:01.5    Spec PCB temps    = 40.4, 41.0, 41.1, 40.8, 41.0, 41.1, 39.2, 40.0
2025/10/03 10:55:01.5 
2025/10/03 10:55:01.6 Old State:16-cycle=25, Elapsed Time:    5.0,  Ideal Time:    4.8,  Delay time =   0.04  New State:ENGN_StateRunning_SamplingComplete
2025/10/03 10:55:01.7 Old State:18-ENGN_StateRunning_SamplingComplete New State:ENGN_StateRunning_WaitNewStep
2025/10/03 10:55:01.8 Old State:5-ENGN_StateRunning_WaitNewStep New State:ENGN_StateRunning_StartNewStep
2025/10/03 10:55:01.8 StartShaker(400)
2025/10/03 10:55:02.1 Temp: 2025/10/03 10:55:02, 30.0000
2025/10/03 10:55:02.2 Old State:6-ENGN_StateRunning_StartNewStep New State:ENGN_StateRunning_WaitGoingToSample
2025/10/03 10:55:02.2 Sample96_Q(0, 0, 10)
2025/10/03 10:55:02.3 
2025/10/03 10:55:02.3 START SCAN: 
2025/10/03 10:55:02.3    CycleTime (ms)    = 200
2025/10/03 10:55:02.3    CycleCount        = 25
2025/10/03 10:55:02.3    ScansToAverage    = 20
2025/10/03 10:55:02.3    FinishTime (s)    = 5
2025/10/03 10:55:02.3    Temperature       = 30.0
2025/10/03 10:55:02.3    Lamp Power        = 36
2025/10/03 10:55:02.3    Spec PCB temps    = 40.4, 41.0, 41.1, 40.8, 41.1, 41.1, 39.2, 40.1
2025/10/03 10:55:02.3 
2025/10/03 10:55:02.3 GMC_SetPosZ
2025/10/03 10:55:02.3 Old State:12-ENGN_StateRunning_WaitGoingToSample New State:ENGN_StateRunning_GoingToSample
2025/10/03 10:55:07.4 GMC_ServoHere
2025/10/03 10:55:07.6 GMC_SetPosXY
2025/10/03 10:55:08.0 GMC_SetPosZ
2025/10/03 10:55:13.0 Old State:13-cycle=1, Elapsed Time:    0.0,  Ideal Time:    0.0,  Delay time =   0.00  New State:ENGN_StateRunning_GoingToSampleComplete
2025/10/03 10:55:13.1 Old State:14-ENGN_StateRunning_GoingToSampleComplete New State:ENGN_StateRunning_WaitSampling
2025/10/03 10:55:13.1 Step started at: 10:55:02
2025/10/03 10:55:13.1 XYZ movement time  = 10670 ms + Scan start delay = 10641 ms
2025/10/03 10:55:13.2 Old State:15-ENGN_StateRunning_WaitSampling New State:ENGN_StateRunning_Sampling
2025/10/03 10:55:17.8 
2025/10/03 10:55:17.8 STOP SCAN: 
2025/10/03 10:55:17.8    CycleTime (ms)    = 200
2025/10/03 10:55:17.8    CurrentCycle      = 25
2025/10/03 10:55:17.8    RunTime (ms)      = 4956
2025/10/03 10:55:17.8    AverageCycle (ms) = 198.2
2025/10/03 10:55:17.8    Temperature       = 30.0
2025/10/03 10:55:17.8    DATA OVERRUN %    = 0.00
2025/10/03 10:55:17.8    Spec PCB temps    = 40.4, 41.0, 41.1, 40.8, 41.1, 41.1, 39.3, 40.1
2025/10/03 10:55:17.8 
2025/10/03 10:55:17.9 Old State:16-cycle=25, Elapsed Time:    5.0,  Ideal Time:    4.8,  Delay time =   0.02  New State:ENGN_StateRunning_SamplingComplete
2025/10/03 10:55:18.0 Old State:18-ENGN_StateRunning_SamplingComplete New State:ENGN_StateRunning_WaitNewStep
2025/10/03 10:55:18.2 Old State:5-ENGN_StateRunning_WaitNewStep New State:ENGN_StateRunning_StartNewStep
2025/10/03 10:55:18.2 StartShaker(400)
2025/10/03 10:55:18.6 Old State:6-ENGN_StateRunning_StartNewStep New State:ENGN_StateRunning_WaitGoingToSample
2025/10/03 10:55:18.6 Sample96_Q(0, 0, 11)
2025/10/03 10:55:18.6 Temp: 2025/10/03 10:55:18, 30.0000
2025/10/03 10:55:18.7 GMC_SetPosZ
2025/10/03 10:55:18.7 
2025/10/03 10:55:18.7 START SCAN: 
2025/10/03 10:55:18.7    CycleTime (ms)    = 200
2025/10/03 10:55:18.7    CycleCount        = 25
2025/10/03 10:55:18.7    ScansToAverage    = 20
2025/10/03 10:55:18.7    FinishTime (s)    = 5
2025/10/03 10:55:18.7    Temperature       = 30.0
2025/10/03 10:55:18.7    Lamp Power        = 36
2025/10/03 10:55:18.7    Spec PCB temps    = 40.4, 41.0, 41.1, 40.8, 41.1, 41.1, 39.3, 40.1
2025/10/03 10:55:18.7 
2025/10/03 10:55:18.7 Old State:12-ENGN_StateRunning_WaitGoingToSample New State:ENGN_StateRunning_GoingToSample
2025/10/03 10:55:23.5 GMC_ServoHere
2025/10/03 10:55:23.7 GMC_SetPosXY
2025/10/03 10:55:24.0 GMC_SetPosZ
2025/10/03 10:55:29.5 Old State:13-cycle=1, Elapsed Time:    0.0,  Ideal Time:    0.0,  Delay time =   0.00  New State:ENGN_StateRunning_GoingToSampleComplete
2025/10/03 10:55:29.6 Old State:14-ENGN_StateRunning_GoingToSampleComplete New State:ENGN_StateRunning_WaitSampling
2025/10/03 10:55:29.6 Step started at: 10:55:18
2025/10/03 10:55:29.6 XYZ movement time  = 10742 ms + Scan start delay = 10673 ms
2025/10/03 10:55:29.7 Old State:15-ENGN_StateRunning_WaitSampling New State:ENGN_StateRunning_Sampling
2025/10/03 10:55:34.2 
2025/10/03 10:55:34.2 STOP SCAN: 
2025/10/03 10:55:34.2    CycleTime (ms)    = 200
2025/10/03 10:55:34.2    CurrentCycle      = 25
2025/10/03 10:55:34.2    RunTime (ms)      = 4975
2025/10/03 10:55:34.2    AverageCycle (ms) = 199.0
2025/10/03 10:55:34.2    Temperature       = 30.0
2025/10/03 10:55:34.2    DATA OVERRUN %    = 0.00
2025/10/03 10:55:34.2    Spec PCB temps    = 40.4, 41.0, 41.1, 40.8, 41.1, 41.1, 39.3, 40.1
2025/10/03 10:55:34.2 
2025/10/03 10:55:34.3 Old State:16-cycle=25, Elapsed Time:    5.0,  Ideal Time:    4.8,  Delay time =   0.04  New State:ENGN_StateRunning_SamplingComplete
2025/10/03 10:55:34.5 Old State:18-ENGN_StateRunning_SamplingComplete New State:ENGN_StateRunning_WaitNewStep
2025/10/03 10:55:34.8 Old State:5-ENGN_StateRunning_WaitNewStep New State:ENGN_StateRunning_StartNewStep
2025/10/03 10:55:34.8 StartShaker(400)
2025/10/03 10:55:35.0 Temp: 2025/10/03 10:55:35, 30.0000
2025/10/03 10:55:35.2 Old State:6-ENGN_StateRunning_StartNewStep New State:ENGN_StateRunning_WaitGoingToSample
2025/10/03 10:55:35.2 Sample96_Q(0, 0, 7)
2025/10/03 10:55:35.2 GMC_SetPosZ
2025/10/03 10:55:35.3 
2025/10/03 10:55:35.3 START SCAN: 
2025/10/03 10:55:35.3    CycleTime (ms)    = 200
2025/10/03 10:55:35.3    CycleCount        = 600
2025/10/03 10:55:35.3    ScansToAverage    = 20
2025/10/03 10:55:35.3    FinishTime (s)    = 120
2025/10/03 10:55:35.3    Temperature       = 30.0
2025/10/03 10:55:35.3    Lamp Power        = 36
2025/10/03 10:55:35.3    Spec PCB temps    = 40.4, 41.0, 41.1, 40.8, 41.1, 41.1, 39.3, 40.0
2025/10/03 10:55:35.3 
2025/10/03 10:55:35.3 Old State:12-ENGN_StateRunning_WaitGoingToSample New State:ENGN_StateRunning_GoingToSample
2025/10/03 10:55:40.4 GMC_ServoHere
2025/10/03 10:55:40.5 GMC_SetPosXY
2025/10/03 10:55:41.3 GMC_SetPosZ
2025/10/03 10:55:45.5 Old State:13-cycle=1, Elapsed Time:    0.0,  Ideal Time:    0.0,  Delay time =   0.00  New State:ENGN_StateRunning_GoingToSampleComplete
2025/10/03 10:55:45.6 Old State:14-ENGN_StateRunning_GoingToSampleComplete New State:ENGN_StateRunning_WaitSampling
2025/10/03 10:55:45.6 Step started at: 10:55:35
2025/10/03 10:55:45.6 XYZ movement time  = 10170 ms + Scan start delay = 10162 ms
2025/10/03 10:55:45.7 Old State:15-ENGN_StateRunning_WaitSampling New State:ENGN_StateRunning_Sampling
2025/10/03 10:55:45.7 DFIO: Start writing C:\ForteBio\John\2025_10_03_BEACON_48wp_SI212&205_P1_\251003_037.frd
2025/10/03 10:55:45.7 DFIO: Finished writing C:\ForteBio\John\2025_10_03_BEACON_48wp_SI212&205_P1_\251003_037.frd
2025/10/03 10:55:45.7 DFIO: Start writing C:\ForteBio\John\2025_10_03_BEACON_48wp_SI212&205_P1_\251003_038.frd
2025/10/03 10:55:45.7 DFIO: Finished writing C:\ForteBio\John\2025_10_03_BEACON_48wp_SI212&205_P1_\251003_038.frd
2025/10/03 10:55:45.7 DFIO: Start writing C:\ForteBio\John\2025_10_03_BEACON_48wp_SI212&205_P1_\251003_039.frd
2025/10/03 10:55:45.7 DFIO: Finished writing C:\ForteBio\John\2025_10_03_BEACON_48wp_SI212&205_P1_\251003_039.frd
2025/10/03 10:55:45.7 DFIO: Start writing C:\ForteBio\John\2025_10_03_BEACON_48wp_SI212&205_P1_\251003_040.frd
2025/10/03 10:55:45.7 DFIO: Finished writing C:\ForteBio\John\2025_10_03_BEACON_48wp_SI212&205_P1_\251003_040.frd
2025/10/03 10:55:45.7 DFIO: Start writing C:\ForteBio\John\2025_10_03_BEACON_48wp_SI212&205_P1_\251003_041.frd
2025/10/03 10:55:45.7 DFIO: Finished writing C:\ForteBio\John\2025_10_03_BEACON_48wp_SI212&205_P1_\251003_041.frd
2025/10/03 10:55:45.7 DFIO: Start writing C:\ForteBio\John\2025_10_03_BEACON_48wp_SI212&205_P1_\251003_042.frd
2025/10/03 10:55:45.7 DFIO: Finished writing C:\ForteBio\John\2025_10_03_BEACON_48wp_SI212&205_P1_\251003_042.frd
2025/10/03 10:55:45.7 DFIO: Finished writing C:\ForteBio\John\2025_10_03_BEACON_48wp_SI212&205_P1_\251003_Manifest.fmx
2025/10/03 10:56:35.1 Temp: 2025/10/03 10:56:35, 30.0000
2025/10/03 10:57:35.2 Temp: 2025/10/03 10:57:35, 30.0000
2025/10/03 10:57:45.3 
2025/10/03 10:57:45.3 STOP SCAN: 
2025/10/03 10:57:45.3    CycleTime (ms)    = 200
2025/10/03 10:57:45.3    CurrentCycle      = 600
2025/10/03 10:57:45.3    RunTime (ms)      = 120000
2025/10/03 10:57:45.3    AverageCycle (ms) = 200.0
2025/10/03 10:57:45.3    Temperature       = 30.0
2025/10/03 10:57:45.3    DATA OVERRUN %    = 0.00
2025/10/03 10:57:45.3    Spec PCB temps    = 40.4, 41.0, 41.1, 40.8, 41.1, 41.1, 39.3, 40.1
2025/10/03 10:57:45.3 
2025/10/03 10:57:45.4 Old State:16-cycle=600, Elapsed Time:  120.0,  Ideal Time:  119.8,  Delay time =   0.04  New State:ENGN_StateRunning_SamplingComplete
2025/10/03 10:57:45.5 Old State:18-ENGN_StateRunning_SamplingComplete New State:ENGN_StateRunning_WaitEjecting
2025/10/03 10:57:45.5 EJECT: To Tray, position=3,0
2025/10/03 10:57:45.6    EjectOffset = 10.0
2025/10/03 10:57:45.7 GMC_SetPosZ
2025/10/03 10:57:45.7 Old State:19-ENGN_StateRunning_WaitEjecting New State:ENGN_StateRunning_Ejecting
2025/10/03 10:57:49.7 GMC_ServoHere
2025/10/03 10:57:49.9 GMC_SetPosXY
2025/10/03 10:57:52.0 GMC_SetPosZ
2025/10/03 10:57:56.2 GMC_Eject
2025/10/03 10:57:56.2 EJECTOR: Eject
2025/10/03 10:58:05.0 GMC_HomeZ
2025/10/03 10:58:10.3 GMC_SetPosZ
2025/10/03 10:58:10.7 GMC_ServoHere
2025/10/03 10:58:10.8 GMC_SetPosZ
2025/10/03 10:58:11.0 GMC_ServoHere
2025/10/03 10:58:11.2 GMC_SetPosXY
2025/10/03 10:58:13.3 GMC_SetPosZ
2025/10/03 10:58:13.7 Old State:20-ENGN_StateRunning_Ejecting New State:ENGN_StateRunning_EjectingComplete
2025/10/03 10:58:13.8 Old State:21-ENGN_StateRunning_EjectingComplete New State:ENGN_StateRunning_Finished
2025/10/03 10:58:13.8 StopShaker
2025/10/03 10:58:13.9 Old State:22-ENGN_StateRunning_Finished New State:ENGN_State_SystemReady
2025/10/03 10:58:14.1 Temp: 2025/10/03 10:58:14, 30.0000
2025/10/03 10:58:14.1 
2025/10/03 10:58:14.1 ASSAY SUMMARY:
2025/10/03 10:58:14.1 ==============
2025/10/03 10:58:14.1   Step #   Duration   Cycles  Overrun %
2025/10/03 10:58:14.1        1       4      25    0.00
2025/10/03 10:58:14.1        2       4      25    0.00
2025/10/03 10:58:14.1        3       4      25    0.00
2025/10/03 10:58:14.1        4       4      25    0.00
2025/10/03 10:58:14.1        5       4      25    0.00
2025/10/03 10:58:14.1        6       4      25    0.00
2025/10/03 10:58:14.1        7     119     600    0.00
2025/10/03 10:58:14.1        8       4      25    0.00
2025/10/03 10:58:14.1        9       4      25    0.00
2025/10/03 10:58:14.1       10       4      25    0.00
2025/10/03 10:58:14.1       11       4      25    0.00
2025/10/03 10:58:14.1       12       4      25    0.00
2025/10/03 10:58:14.1       13       4      25    0.00
2025/10/03 10:58:14.1       14     120     600    0.00
2025/10/03 10:58:14.1       15       4      25    0.00
2025/10/03 10:58:14.1       16       4      25    0.00
2025/10/03 10:58:14.1       17       4      25    0.00
2025/10/03 10:58:14.1       18       4      25    0.00
2025/10/03 10:58:14.1       19       4      25    0.00
2025/10/03 10:58:14.1       20       4      25    0.00
2025/10/03 10:58:14.1       21     119     600    0.00
2025/10/03 10:58:14.1       22       4      25    0.00
2025/10/03 10:58:14.1       23       4      25    0.00
2025/10/03 10:58:14.1       24       4      25    0.00
2025/10/03 10:58:14.1       25       5      25    0.00
2025/10/03 10:58:14.1       26       4      25    0.00
2025/10/03 10:58:14.1       27       4      25    0.00
2025/10/03 10:58:14.1       28     119     600    0.00
2025/10/03 10:58:14.1       29       4      25    0.00
2025/10/03 10:58:14.1       30       4      25    0.00
2025/10/03 10:58:14.1       31       4      25    0.00
2025/10/03 10:58:14.1       32       4      25    0.00
2025/10/03 10:58:14.1       33       4      25    0.00
2025/10/03 10:58:14.1       34       4      25    0.00
2025/10/03 10:58:14.1       35     119     600    0.00
2025/10/03 10:58:14.1       36       4      25    0.00
2025/10/03 10:58:14.1       37       4      25    0.00
2025/10/03 10:58:14.1       38       4      25    0.00
2025/10/03 10:58:14.1       39       4      25    0.00
2025/10/03 10:58:14.1       40       4      25    0.00
2025/10/03 10:58:14.1       41       4      25    0.00
2025/10/03 10:58:14.1       42     119     600    0.00
2025/10/03 10:58:14.1       43       4      25    0.00
2025/10/03 10:58:14.1       44       4      25    0.00
2025/10/03 10:58:14.1       45       4      25    0.00
2025/10/03 10:58:14.1       46       4      25    0.00
2025/10/03 10:58:14.1       47       4      25    0.00
2025/10/03 10:58:14.1       48       4      25    0.00
2025/10/03 10:58:14.1       49     119     600    0.00
2025/10/03 10:58:14.1       50       4      25    0.00
2025/10/03 10:58:14.1       51       4      25    0.00
2025/10/03 10:58:14.1       52       4      25    0.00
2025/10/03 10:58:14.1       53       4      25    0.00
2025/10/03 10:58:14.1       54       4      25    0.00
2025/10/03 10:58:14.1       55       4      25    0.00
2025/10/03 10:58:14.1       56     120     600    0.00
2025/10/03 10:58:14.1 -------------------------------------------
2025/10/03 10:58:14.1    Total    1198    6000    0.00
2025/10/03 10:58:14.1 DFIO: Start writing C:\ForteBio\John\2025_10_03_BEACON_48wp_SI212&205_P1_\251003_043.frd
2025/10/03 10:58:14.1 DFIO: Finished writing C:\ForteBio\John\2025_10_03_BEACON_48wp_SI212&205_P1_\251003_043.frd
2025/10/03 10:58:14.1 DFIO: Start writing C:\ForteBio\John\2025_10_03_BEACON_48wp_SI212&205_P1_\251003_044.frd
2025/10/03 10:58:14.1 DFIO: Finished writing C:\ForteBio\John\2025_10_03_BEACON_48wp_SI212&205_P1_\251003_044.frd
2025/10/03 10:58:14.1 DFIO: Start writing C:\ForteBio\John\2025_10_03_BEACON_48wp_SI212&205_P1_\251003_045.frd
2025/10/03 10:58:14.1 DFIO: Finished writing C:\ForteBio\John\2025_10_03_BEACON_48wp_SI212&205_P1_\251003_045.frd
2025/10/03 10:58:14.1 DFIO: Start writing C:\ForteBio\John\2025_10_03_BEACON_48wp_SI212&205_P1_\251003_046.frd
2025/10/03 10:58:14.1 DFIO: Finished writing C:\ForteBio\John\2025_10_03_BEACON_48wp_SI212&205_P1_\251003_046.frd
2025/10/03 10:58:14.1 DFIO: Start writing C:\ForteBio\John\2025_10_03_BEACON_48wp_SI212&205_P1_\251003_047.frd
2025/10/03 10:58:14.1 DFIO: Finished writing C:\ForteBio\John\2025_10_03_BEACON_48wp_SI212&205_P1_\251003_047.frd
2025/10/03 10:58:14.1 DFIO: Start writing C:\ForteBio\John\2025_10_03_BEACON_48wp_SI212&205_P1_\251003_048.frd
2025/10/03 10:58:14.1 DFIO: Finished writing C:\ForteBio\John\2025_10_03_BEACON_48wp_SI212&205_P1_\251003_048.frd
2025/10/03 10:58:14.1 DFIO: Finished writing C:\ForteBio\John\2025_10_03_BEACON_48wp_SI212&205_P1_\251003_Manifest.fmx
2025/10/03 11:50:28.6 SetHeaterTemperature 30.0
2025/10/03 11:50:28.7 Temp: 2025/10/03 11:50:28, 29.6000
2025/10/03 11:50:28.7 bShakeWhileWaiting=1, nShakerRPM=400
2025/10/03 11:50:28.8 DELAYED START: Waiting for 600 s
2025/10/03 11:50:28.8 Old State:4-ENGN_State_SystemReady New State:ENGN_State_ControllerBusy
2025/10/03 11:50:28.8 GMC_SetPosZ
2025/10/03 11:50:29.0 GMC_ServoHere
2025/10/03 11:50:29.2 GMC_SetPosXY
2025/10/03 11:50:29.4 GMC_SetPosZ
2025/10/03 11:50:29.7 Old State:29-ENGN_State_ControllerBusy New State:ENGN_State_ControllerDone
2025/10/03 11:50:29.8 Old State:30-ENGN_State_ControllerDone New State:ENGN_State_SystemReady
2025/10/03 11:50:29.8 StartShaker(400)
2025/10/03 11:50:57.5 Read C:\ForteBio\John\012423_SI20M6_UCOE_BP_SCC_FB_D13-D17_\230124_ExpMethod.fmf in 0 ms
2025/10/03 11:50:57.5 Read C:\ForteBio\John\012423_SI20M6_UCOE_BP_SCC_FB_D13-D17_\230124_ExpMethod.fmf in 0 ms
2025/10/03 11:50:57.5 Read C:\ForteBio\John\012423_SI20M6_UCOE_BP_SCC_FB_D13-D17_2\230124_ExpMethod.fmf in 16 ms
2025/10/03 11:50:57.5 Read C:\ForteBio\John\012423_SI20M6_UCOE_BP_SCC_FB_D13-D17_2\230124_ExpMethod.fmf in 0 ms
2025/10/03 11:51:29.0 Temp: 2025/10/03 11:51:29, 30.1000
2025/10/03 11:51:31.8 Read C:\ForteBio\2022-09-06 SI54P21 FB  SI83M15 24DW\220906_ExpMethod.fmf in 0 ms
2025/10/03 11:51:31.9 Read C:\ForteBio\2022-09-06 SI54P21 FB  SI83M15 24DW 2\220906_ExpMethod.fmf in 46 ms
2025/10/03 11:51:33.2 Read C:\ForteBio\John\2024_08_12_50E15_125R1_BP_103c4_BP_d7_\240812_ExpMethod.fmf in 0 ms
2025/10/03 11:51:33.2 Read C:\ForteBio\John\2024_07_22_50E15_SCC_24DW_\240722_ExpMethod.fmf in 0 ms
2025/10/03 11:51:33.3 Read C:\ForteBio\John\2024_07_11_24dw-D9-D13_JSAK_\240711_ExpMethod.fmf in 16 ms
2025/10/03 11:51:33.3 Read C:\ForteBio\John\2024_07_02_50E15_48wp_\240702_ExpMethod.fmf in 15 ms
2025/10/03 11:51:33.3 Read C:\ForteBio\John\2024_06_25_SI125R1_pMP_SCC_d15_\240625_ExpMethod.fmf in 16 ms
2025/10/03 11:51:33.3 Read C:\ForteBio\John\2024_06_25_SI125R1_pMP_SCC_d15_\240625_ExpMethod.fmf in 0 ms
2025/10/03 11:51:38.4 Read C:\ForteBio\John\2025_10_03_BEACON_48wp_SI212&205_P1_\251003_ExpMethod.fmf in 0 ms
2025/10/03 11:51:38.4 Read C:\ForteBio\John\2025_10_03_BEACON_48wp_SI212&205_P1_\251003_ExpMethod.fmf in 16 ms
2025/10/03 11:51:43.3 
2025/10/03 11:51:43.3 In StExperiment.Init()
2025/10/03 11:51:43.3 
2025/10/03 11:51:43.3 Progress: 0 %
2025/10/03 11:51:43.3 Progress: 2 %
2025/10/03 11:51:43.3 Progress: 4 %
2025/10/03 11:51:43.3 Progress: 6 %
2025/10/03 11:51:43.3 Progress: 8 %
2025/10/03 11:51:43.3 Progress: 10 %
2025/10/03 11:51:43.3 Progress: 12 %
2025/10/03 11:51:43.3 Progress: 14 %
2025/10/03 11:51:43.3 Progress: 16 %
2025/10/03 11:51:43.3 Progress: 18 %
2025/10/03 11:51:43.3 Progress: 20 %
2025/10/03 11:51:43.3 Progress: 22 %
2025/10/03 11:51:43.3 Progress: 25 %
2025/10/03 11:51:43.3 Progress: 27 %
2025/10/03 11:51:43.3 Progress: 29 %
2025/10/03 11:51:43.3 Progress: 31 %
2025/10/03 11:51:43.3 Progress: 33 %
2025/10/03 11:51:43.3 Progress: 35 %
2025/10/03 11:51:43.3 Progress: 37 %
2025/10/03 11:51:43.3 Progress: 39 %
2025/10/03 11:51:43.3 Progress: 41 %
2025/10/03 11:51:43.3 Progress: 43 %
2025/10/03 11:51:43.3 Progress: 45 %
2025/10/03 11:51:43.3 Progress: 47 %
2025/10/03 11:51:43.3 Progress: 50 %
2025/10/03 11:51:43.3 Progress: 52 %
2025/10/03 11:51:43.3 Progress: 54 %
2025/10/03 11:51:43.3 Progress: 56 %
2025/10/03 11:51:43.4 Progress: 58 %
2025/10/03 11:51:43.4 Progress: 60 %
2025/10/03 11:51:43.4 Progress: 62 %
2025/10/03 11:51:43.4 Progress: 64 %
2025/10/03 11:51:43.4 Progress: 66 %
2025/10/03 11:51:43.4 Progress: 68 %
2025/10/03 11:51:43.4 Progress: 70 %
2025/10/03 11:51:43.4 Progress: 72 %
2025/10/03 11:51:43.4 Progress: 75 %
2025/10/03 11:51:43.4 Progress: 77 %
2025/10/03 11:51:43.4 Progress: 79 %
2025/10/03 11:51:43.4 Progress: 81 %
2025/10/03 11:51:43.4 Progress: 83 %
2025/10/03 11:51:43.4 Progress: 85 %
2025/10/03 11:51:43.4 Progress: 87 %
2025/10/03 11:51:43.4 Progress: 89 %
2025/10/03 11:51:43.4 Progress: 91 %
2025/10/03 11:51:43.4 Progress: 93 %
2025/10/03 11:51:43.4 Progress: 95 %
2025/10/03 11:51:43.4 Progress: 97 %
2025/10/03 11:51:43.4 Progress: 100 %
2025/10/03 11:51:43.4 Time = 109 ms
2025/10/03 11:51:43.4 
2025/10/03 11:51:44.7 Tab 0: # of curves 1
2025/10/03 11:52:29.1 Temp: 2025/10/03 11:52:29, 30.1000
2025/10/03 11:52:29.7 System.Runtime.InteropServices.SEHException (0x80004005): External component has thrown an exception.
2025/10/03 11:52:29.7    at Gigasoft.ProEssentials.Api.PEdestroy(Int32 hObject)
2025/10/03 11:52:29.7    at Gigasoft.ProEssentials.PEBase.Dispose(Boolean disposing)
2025/10/03 11:52:29.7    at Gigasoft.ProEssentials.PEBase.Finalize()
2025/10/03 11:52:52.5 DataSecurity: DLL_PROCESS_ATTACH - V1.0.0.1
2025/10/03 11:53:27.2 
2025/10/03 11:53:27.2 In StExperiment.Init()
2025/10/03 11:53:27.2 
2025/10/03 11:53:27.2 Progress: 0 %
2025/10/03 11:53:27.2 Progress: 2 %
2025/10/03 11:53:27.2 Progress: 4 %
2025/10/03 11:53:27.2 Progress: 6 %
2025/10/03 11:53:27.2 Progress: 8 %
2025/10/03 11:53:27.2 Progress: 10 %
2025/10/03 11:53:27.2 Progress: 12 %
2025/10/03 11:53:27.2 Progress: 14 %
2025/10/03 11:53:27.2 Progress: 16 %
2025/10/03 11:53:27.2 Progress: 18 %
2025/10/03 11:53:27.2 Progress: 20 %
2025/10/03 11:53:27.2 Progress: 22 %
2025/10/03 11:53:27.2 Progress: 25 %
2025/10/03 11:53:27.2 Progress: 27 %
2025/10/03 11:53:27.2 Progress: 29 %
2025/10/03 11:53:27.2 Progress: 31 %
2025/10/03 11:53:27.2 Progress: 33 %
2025/10/03 11:53:27.2 Progress: 35 %
2025/10/03 11:53:27.2 Progress: 37 %
2025/10/03 11:53:27.2 Progress: 39 %
2025/10/03 11:53:27.2 Progress: 41 %
2025/10/03 11:53:27.2 Progress: 43 %
2025/10/03 11:53:27.2 Progress: 45 %
2025/10/03 11:53:27.2 Progress: 47 %
2025/10/03 11:53:27.2 Progress: 50 %
2025/10/03 11:53:27.2 Progress: 52 %
2025/10/03 11:53:27.2 Progress: 54 %
2025/10/03 11:53:27.2 Progress: 56 %
2025/10/03 11:53:27.2 Progress: 58 %
2025/10/03 11:53:27.2 Progress: 60 %
2025/10/03 11:53:27.2 Progress: 62 %
2025/10/03 11:53:27.2 Progress: 64 %
2025/10/03 11:53:27.2 Progress: 66 %
2025/10/03 11:53:27.2 Progress: 68 %
2025/10/03 11:53:27.2 Progress: 70 %
2025/10/03 11:53:27.2 Progress: 72 %
2025/10/03 11:53:27.2 Progress: 75 %
2025/10/03 11:53:27.2 Progress: 77 %
2025/10/03 11:53:27.2 Progress: 79 %
2025/10/03 11:53:27.2 Progress: 81 %
2025/10/03 11:53:27.2 Progress: 83 %
2025/10/03 11:53:27.2 Progress: 85 %
2025/10/03 11:53:27.2 Progress: 87 %
2025/10/03 11:53:27.2 Progress: 89 %
2025/10/03 11:53:27.2 Progress: 91 %
2025/10/03 11:53:27.2 Progress: 93 %
2025/10/03 11:53:27.2 Progress: 95 %
2025/10/03 11:53:27.2 Progress: 97 %
2025/10/03 11:53:27.2 Progress: 100 %
2025/10/03 11:53:27.3 Time = 140 ms
2025/10/03 11:53:27.3 
2025/10/03 11:53:27.3 MultiWellPlate: DLL_PROCESS_ATTACH - V1.0.0.6
2025/10/03 11:53:28.3 Tab 0: # of curves 1
2025/10/03 11:53:29.2 Temp: 2025/10/03 11:53:29, 30.0000
2025/10/03 11:53:34.5 Calculating ............................
2025/10/03 11:53:34.7 Analysis Begins 11:53:34 AM
2025/10/03 11:53:35.5 Tab 0: # of curves 4
2025/10/03 11:53:35.7 this {Width=251, Height=348} sender {Width=251, Height=348} Clip {Width=249, Height=346}
2025/10/03 11:53:39.2 this {Width=251, Height=348} sender {Width=251, Height=348} Clip {Width=249, Height=346}
2025/10/03 11:53:40.6 this {Width=251, Height=348} sender {Width=251, Height=348} Clip {Width=249, Height=346}
2025/10/03 11:53:41.1 this {Width=251, Height=348} sender {Width=251, Height=348} Clip {Width=249, Height=346}
2025/10/03 11:53:41.4 this {Width=251, Height=348} sender {Width=251, Height=348} Clip {Width=249, Height=346}
2025/10/03 11:53:41.8 this {Width=251, Height=348} sender {Width=251, Height=348} Clip {Width=249, Height=346}
2025/10/03 11:53:43.5 this {Width=251, Height=348} sender {Width=251, Height=348} Clip {Width=249, Height=346}
2025/10/03 11:53:44.0 this {Width=251, Height=348} sender {Width=251, Height=348} Clip {Width=249, Height=346}
2025/10/03 11:53:44.8 this {Width=251, Height=348} sender {Width=251, Height=348} Clip {Width=249, Height=346}
2025/10/03 11:53:45.0 this {Width=251, Height=348} sender {Width=251, Height=348} Clip {Width=249, Height=346}
2025/10/03 11:53:45.3 this {Width=251, Height=348} sender {Width=251, Height=348} Clip {Width=249, Height=346}
2025/10/03 11:53:46.3 this {Width=251, Height=348} sender {Width=251, Height=348} Clip {Width=249, Height=346}
2025/10/03 11:53:46.5 this {Width=251, Height=348} sender {Width=251, Height=348} Clip {Width=249, Height=346}
2025/10/03 11:53:47.1 this {Width=251, Height=348} sender {Width=251, Height=348} Clip {Width=249, Height=346}
2025/10/03 11:53:47.8 this {Width=251, Height=348} sender {Width=251, Height=348} Clip {Width=249, Height=346}
2025/10/03 11:53:48.2 this {Width=251, Height=348} sender {Width=251, Height=348} Clip {Width=249, Height=346}
2025/10/03 11:53:48.6 this {Width=251, Height=348} sender {Width=251, Height=348} Clip {Width=249, Height=346}
2025/10/03 11:53:48.9 this {Width=251, Height=348} sender {Width=251, Height=348} Clip {Width=249, Height=346}
2025/10/03 11:53:49.1 this {Width=251, Height=348} sender {Width=251, Height=348} Clip {Width=249, Height=346}
2025/10/03 11:53:49.7 this {Width=251, Height=348} sender {Width=251, Height=348} Clip {Width=249, Height=346}
2025/10/03 11:53:51.4 this {Width=251, Height=348} sender {Width=251, Height=348} Clip {Width=249, Height=346}
2025/10/03 11:54:00.0 this {Width=251, Height=348} sender {Width=251, Height=348} Clip {Width=249, Height=346}
2025/10/03 11:54:00.2 this {Width=251, Height=348} sender {Width=251, Height=348} Clip {Width=249, Height=346}
2025/10/03 11:54:00.4 this {Width=251, Height=348} sender {Width=251, Height=348} Clip {Width=249, Height=346}
2025/10/03 11:54:02.2 this {Width=251, Height=348} sender {Width=251, Height=348} Clip {Width=249, Height=346}
2025/10/03 11:54:02.7 this {Width=251, Height=348} sender {Width=251, Height=348} Clip {Width=249, Height=346}
2025/10/03 11:54:03.1 this {Width=251, Height=348} sender {Width=251, Height=348} Clip {Width=249, Height=346}
2025/10/03 11:54:03.4 this {Width=251, Height=348} sender {Width=251, Height=348} Clip {Width=249, Height=346}
2025/10/03 11:54:03.7 this {Width=251, Height=348} sender {Width=251, Height=348} Clip {Width=249, Height=346}
2025/10/03 11:54:07.9 this {Width=251, Height=348} sender {Width=251, Height=348} Clip {Width=249, Height=346}
2025/10/03 11:54:08.5 this {Width=251, Height=348} sender {Width=251, Height=348} Clip {Width=249, Height=346}
2025/10/03 11:54:08.9 this {Width=251, Height=348} sender {Width=251, Height=348} Clip {Width=249, Height=346}
2025/10/03 11:54:09.1 this {Width=251, Height=348} sender {Width=251, Height=348} Clip {Width=249, Height=346}
2025/10/03 11:54:09.3 this {Width=251, Height=348} sender {Width=251, Height=348} Clip {Width=249, Height=346}
2025/10/03 11:54:10.0 this {Width=251, Height=348} sender {Width=251, Height=348} Clip {Width=249, Height=346}
2025/10/03 11:54:10.2 this {Width=251, Height=348} sender {Width=251, Height=348} Clip {Width=249, Height=346}
2025/10/03 11:54:10.8 this {Width=251, Height=348} sender {Width=251, Height=348} Clip {Width=249, Height=346}
2025/10/03 11:54:11.2 this {Width=251, Height=348} sender {Width=251, Height=348} Clip {Width=249, Height=346}
2025/10/03 11:54:11.4 this {Width=251, Height=348} sender {Width=251, Height=348} Clip {Width=249, Height=346}
2025/10/03 11:54:11.6 this {Width=251, Height=348} sender {Width=251, Height=348} Clip {Width=249, Height=346}
2025/10/03 11:54:11.7 this {Width=251, Height=348} sender {Width=251, Height=348} Clip {Width=249, Height=346}
2025/10/03 11:54:11.9 this {Width=251, Height=348} sender {Width=251, Height=348} Clip {Width=249, Height=346}
2025/10/03 11:54:12.1 this {Width=251, Height=348} sender {Width=251, Height=348} Clip {Width=249, Height=346}
2025/10/03 11:54:12.4 this {Width=251, Height=348} sender {Width=251, Height=348} Clip {Width=249, Height=346}
2025/10/03 11:54:12.9 this {Width=251, Height=348} sender {Width=251, Height=348} Clip {Width=249, Height=346}
2025/10/03 11:54:13.1 this {Width=251, Height=348} sender {Width=251, Height=348} Clip {Width=249, Height=346}
2025/10/03 11:54:13.4 this {Width=251, Height=348} sender {Width=251, Height=348} Clip {Width=249, Height=346}
2025/10/03 11:54:15.6 this {Width=251, Height=348} sender {Width=251, Height=348} Clip {Width=249, Height=346}
2025/10/03 11:54:15.9 this {Width=251, Height=348} sender {Width=251, Height=348} Clip {Width=249, Height=346}
2025/10/03 11:54:16.1 this {Width=251, Height=348} sender {Width=251, Height=348} Clip {Width=249, Height=346}
2025/10/03 11:54:16.4 this {Width=251, Height=348} sender {Width=251, Height=348} Clip {Width=249, Height=346}
2025/10/03 11:54:16.7 this {Width=251, Height=348} sender {Width=251, Height=348} Clip {Width=249, Height=346}
2025/10/03 11:54:16.9 this {Width=251, Height=348} sender {Width=251, Height=348} Clip {Width=249, Height=346}
2025/10/03 11:54:17.0 this {Width=251, Height=348} sender {Width=251, Height=348} Clip {Width=249, Height=346}
2025/10/03 11:54:17.7 this {Width=251, Height=348} sender {Width=251, Height=348} Clip {Width=249, Height=346}
2025/10/03 11:54:18.1 this {Width=251, Height=348} sender {Width=251, Height=348} Clip {Width=249, Height=346}
2025/10/03 11:54:18.4 this {Width=251, Height=348} sender {Width=251, Height=348} Clip {Width=249, Height=346}
2025/10/03 11:54:18.6 this {Width=251, Height=348} sender {Width=251, Height=348} Clip {Width=249, Height=346}
2025/10/03 11:54:19.5 this {Width=251, Height=348} sender {Width=251, Height=348} Clip {Width=249, Height=346}
2025/10/03 11:54:19.6 this {Width=251, Height=348} sender {Width=251, Height=348} Clip {Width=249, Height=346}
2025/10/03 11:54:19.9 this {Width=251, Height=348} sender {Width=251, Height=348} Clip {Width=249, Height=346}
2025/10/03 11:54:20.1 this {Width=251, Height=348} sender {Width=251, Height=348} Clip {Width=249, Height=346}
2025/10/03 11:54:29.2 Temp: 2025/10/03 11:54:29, 30.0000
2025/10/03 11:54:54.5 Export image takes 156ms
2025/10/03 11:54:54.7 Export image takes 97ms
2025/10/03 11:55:29.3 Temp: 2025/10/03 11:55:29, 30.0000
2025/10/03 11:56:29.3 Temp: 2025/10/03 11:56:29, 30.0000
2025/10/03 11:57:29.4 Temp: 2025/10/03 11:57:29, 30.0000
2025/10/03 11:58:29.5 Temp: 2025/10/03 11:58:29, 30.0000
2025/10/03 11:59:29.5 Temp: 2025/10/03 11:59:29, 30.0000
2025/10/03 12:00:29.6 Temp: 2025/10/03 12:00:29, 30.0000
2025/10/03 12:00:30.1 DELAYED START: Done.
2025/10/03 12:00:30.1 Starting new assay
2025/10/03 12:00:30.3 Old State:4-ENGN_State_SystemReady New State:ENGN_StateRunning_StartNewStep
2025/10/03 12:00:30.4 Plate 1 temperature = 30 C
2025/10/03 12:00:30.5 Old State:6-ENGN_StateRunning_StartNewStep New State:ENGN_StateRunning_WaitPickingSensors
2025/10/03 12:00:30.5 Pick(0, 4)
2025/10/03 12:00:30.6 GMC_SetPosZ
2025/10/03 12:00:30.6 Temp: 2025/10/03 12:00:30, 30.0000
2025/10/03 12:00:30.6 Old State:7-ENGN_StateRunning_WaitPickingSensors New State:ENGN_StateRunning_PickingSensors
2025/10/03 12:00:30.7 GMC_ServoHere
2025/10/03 12:00:30.9 GMC_SetPosXY
2025/10/03 12:00:33.0 GMC_SetPosZ
2025/10/03 12:00:38.5 GMC_SetPosZ
2025/10/03 12:00:39.0 Old State:8-ENGN_StateRunning_PickingSensors New State:ENGN_StateRunning_CheckingSensors
2025/10/03 12:00:39.1 
2025/10/03 12:00:39.1 Detect Sensors
2025/10/03 12:00:39.1 ==============
2025/10/03 12:00:39.1 1	YES		6.6	6084.8
2025/10/03 12:00:39.1 2	YES		6.2	5462.8
2025/10/03 12:00:39.1 3	YES		6.2	7615.6
2025/10/03 12:00:39.1 4	YES		6.2	6505.3
2025/10/03 12:00:39.1 5	YES		5.8	4926.3
2025/10/03 12:00:39.1 6	YES		6.8	5507.3
2025/10/03 12:00:39.1 7	NO 		6.1	8.8
2025/10/03 12:00:39.1 8	NO 		6.6	9.1
2025/10/03 12:00:39.1 
2025/10/03 12:00:39.3 CH1: Correction Factor = 2.27669
2025/10/03 12:00:39.3 CH2: Correction Factor = 2.53259
2025/10/03 12:00:39.3 CH3: Correction Factor = 1.86771
2025/10/03 12:00:39.3 CH4: Correction Factor = 2.17764
2025/10/03 12:00:39.4 CH5: Correction Factor = 2.92644
2025/10/03 12:00:39.4 CH6: Correction Factor = 2.77773
2025/10/03 12:00:39.5 CH1: Correction Factor = 1.07254
2025/10/03 12:00:39.5 CH2: Correction Factor = 1.07711
2025/10/03 12:00:39.5 CH3: Correction Factor = 1.06263
2025/10/03 12:00:39.5 CH4: Correction Factor = 1.07018
2025/10/03 12:00:39.5 CH5: Correction Factor = 1.07606
2025/10/03 12:00:39.5 CH6: Correction Factor = 1.07972
2025/10/03 12:00:39.7 CH1: Correction Factor = 1.01065
2025/10/03 12:00:39.7 CH2: Correction Factor = 1.01479
2025/10/03 12:00:39.7 CH3: Correction Factor = 1.00934
2025/10/03 12:00:39.7 CH4: Correction Factor = 1.00916
2025/10/03 12:00:39.7 CH5: Correction Factor = 1.01324
2025/10/03 12:00:39.7 CH6: Correction Factor = 1.01381
2025/10/03 12:00:39.8 CH1: Correction Factor = 1.00072
2025/10/03 12:00:39.8 CH2: Correction Factor = 0.999875
2025/10/03 12:00:39.8 CH3: Correction Factor = 0.998402
2025/10/03 12:00:39.8 CH4: Correction Factor = 0.999086
2025/10/03 12:00:39.8 CH5: Correction Factor = 0.997132
2025/10/03 12:00:39.8 CH6: Correction Factor = 0.99679
2025/10/03 12:00:40.0 CH1: Correction Factor = 0.997114
2025/10/03 12:00:40.0 CH2: Correction Factor = 0.999053
2025/10/03 12:00:40.0 CH3: Correction Factor = 0.997957
2025/10/03 12:00:40.0 CH4: Correction Factor = 0.998805
2025/10/03 12:00:40.0 CH5: Correction Factor = 0.998965
2025/10/03 12:00:40.0 CH6: Correction Factor = 0.998742
2025/10/03 12:00:40.1 CH1: Correction Factor = 1.00039
2025/10/03 12:00:40.1 CH2: Correction Factor = 0.99916
2025/10/03 12:00:40.1 CH3: Correction Factor = 1.00185
2025/10/03 12:00:40.1 CH4: Correction Factor = 1.00205
2025/10/03 12:00:40.1 CH5: Correction Factor = 1.00151
2025/10/03 12:00:40.1 CH6: Correction Factor = 1.00156
2025/10/03 12:00:40.1 Sensor 1: Integration Time = 2.46 ms
2025/10/03 12:00:40.1 Sensor 2: Integration Time = 2.76 ms
2025/10/03 12:00:40.1 Sensor 3: Integration Time = 2.00 ms
2025/10/03 12:00:40.1 Sensor 4: Integration Time = 2.35 ms
2025/10/03 12:00:40.1 Sensor 5: Integration Time = 3.18 ms
2025/10/03 12:00:40.1 Sensor 6: Integration Time = 3.03 ms
2025/10/03 12:00:40.1 WaitControllerIdle(30000)
2025/10/03 12:00:40.2 GMC_HomeZ
2025/10/03 12:00:46.9 GMC_SetPosZ
2025/10/03 12:00:47.2 GMC_ServoHere
2025/10/03 12:00:47.6 Old State:9-ENGN_StateRunning_CheckingSensors New State:ENGN_StateRunning_PickingSensorsComplete
2025/10/03 12:00:47.6 StartShaker(400)
2025/10/03 12:00:47.6 Integration Time: 2.46,2.76,2.00,2.35,3.18,3.03,1.00,1.00,
2025/10/03 12:00:47.8 Plate 1 temperature = 30 C
2025/10/03 12:00:47.8 Pickups: 3013, Warn: 90, Error: 100
2025/10/03 12:00:47.9 Old State:10-ENGN_StateRunning_PickingSensorsComplete New State:ENGN_StateRunning_WaitGoingToSample
2025/10/03 12:00:47.9 Sample96_Q(0, 0, 10)
2025/10/03 12:00:48.0 
2025/10/03 12:00:48.0 START SCAN: 
2025/10/03 12:00:48.0    CycleTime (ms)    = 200
2025/10/03 12:00:48.0    CycleCount        = 25
2025/10/03 12:00:48.0    ScansToAverage    = 20
2025/10/03 12:00:48.0    FinishTime (s)    = 5
2025/10/03 12:00:48.0    Temperature       = 30.0
2025/10/03 12:00:48.0    Lamp Power        = 36
2025/10/03 12:00:48.0    Spec PCB temps    = 40.1, 40.7, 40.7, 40.7, 40.7, 40.9, 38.9, 39.8
2025/10/03 12:00:48.0 
2025/10/03 12:00:48.0 GMC_SetPosZ
2025/10/03 12:00:48.1 Old State:12-ENGN_StateRunning_WaitGoingToSample New State:ENGN_StateRunning_GoingToSample
2025/10/03 12:00:48.2 GMC_ServoHere
2025/10/03 12:00:48.3 GMC_SetPosXY
2025/10/03 12:00:50.5 GMC_SetPosZ
2025/10/03 12:00:55.5 Old State:13-ENGN_StateRunning_GoingToSample New State:ENGN_StateRunning_GoingToSampleComplete
2025/10/03 12:00:55.6 Old State:14-cycle=1, Elapsed Time:    0.0,  Ideal Time:    0.0,  Delay time =   0.00  New State:ENGN_StateRunning_WaitSampling
2025/10/03 12:00:55.6 Step started at: 12:00:48
2025/10/03 12:00:55.6 XYZ movement time  = 7570 ms + Scan start delay = 7534 ms
2025/10/03 12:00:55.7 Old State:15-ENGN_StateRunning_WaitSampling New State:ENGN_StateRunning_Sampling
2025/10/03 12:01:00.4 
2025/10/03 12:01:00.4 STOP SCAN: 
2025/10/03 12:01:00.4    CycleTime (ms)    = 200
2025/10/03 12:01:00.4    CurrentCycle      = 25
2025/10/03 12:01:00.4    RunTime (ms)      = 4954
2025/10/03 12:01:00.4    AverageCycle (ms) = 198.2
2025/10/03 12:01:00.4    Temperature       = 30.0
2025/10/03 12:01:00.4    DATA OVERRUN %    = 0.00
2025/10/03 12:01:00.4    Spec PCB temps    = 40.1, 40.7, 40.7, 40.7, 40.7, 40.9, 38.9, 39.8
2025/10/03 12:01:00.4 
2025/10/03 12:01:00.5 Old State:16-cycle=25, Elapsed Time:    5.0,  Ideal Time:    4.8,  Delay time =   0.02  New State:ENGN_StateRunning_SamplingComplete
2025/10/03 12:01:00.6 Old State:18-ENGN_StateRunning_SamplingComplete New State:ENGN_StateRunning_WaitNewStep
2025/10/03 12:01:00.8 Old State:5-ENGN_StateRunning_WaitNewStep New State:ENGN_StateRunning_StartNewStep
2025/10/03 12:01:00.8 StartShaker(400)
2025/10/03 12:01:01.1 Temp: 2025/10/03 12:01:01, 30.0000
2025/10/03 12:01:01.2 Old State:6-ENGN_StateRunning_StartNewStep New State:ENGN_StateRunning_WaitGoingToSample
2025/10/03 12:01:01.2 Sample96_Q(0, 0, 11)
2025/10/03 12:01:01.3 
2025/10/03 12:01:01.3 START SCAN: 
2025/10/03 12:01:01.3    CycleTime (ms)    = 200
2025/10/03 12:01:01.3    CycleCount        = 25
2025/10/03 12:01:01.3    ScansToAverage    = 20
2025/10/03 12:01:01.3    FinishTime (s)    = 5
2025/10/03 12:01:01.3    Temperature       = 30.0
2025/10/03 12:01:01.3    Lamp Power        = 36
2025/10/03 12:01:01.3    Spec PCB temps    = 40.1, 40.7, 40.7, 40.7, 40.7, 40.9, 38.9, 39.8
2025/10/03 12:01:01.3 
2025/10/03 12:01:01.3 GMC_SetPosZ
2025/10/03 12:01:01.4 Old State:12-ENGN_StateRunning_WaitGoingToSample New State:ENGN_StateRunning_GoingToSample
2025/10/03 12:01:06.1 GMC_ServoHere
2025/10/03 12:01:06.3 GMC_SetPosXY
2025/10/03 12:01:06.6 GMC_SetPosZ
2025/10/03 12:01:12.1 Old State:13-cycle=1, Elapsed Time:    0.0,  Ideal Time:    0.0,  Delay time =   0.00  New State:ENGN_StateRunning_GoingToSampleComplete
2025/10/03 12:01:12.2 Old State:14-ENGN_StateRunning_GoingToSampleComplete New State:ENGN_StateRunning_WaitSampling
2025/10/03 12:01:12.2 Step started at: 12:01:01
2025/10/03 12:01:12.2 XYZ movement time  = 10671 ms + Scan start delay = 10618 ms
2025/10/03 12:01:12.3 Old State:15-ENGN_StateRunning_WaitSampling New State:ENGN_StateRunning_Sampling
2025/10/03 12:01:16.8 
2025/10/03 12:01:16.8 STOP SCAN: 
2025/10/03 12:01:16.8    CycleTime (ms)    = 200
2025/10/03 12:01:16.8    CurrentCycle      = 25
2025/10/03 12:01:16.8    RunTime (ms)      = 4955
2025/10/03 12:01:16.8    AverageCycle (ms) = 198.2
2025/10/03 12:01:16.8    Temperature       = 30.0
2025/10/03 12:01:16.8    DATA OVERRUN %    = 0.00
2025/10/03 12:01:16.8    Spec PCB temps    = 40.1, 40.7, 40.7, 40.7, 40.7, 40.9, 38.9, 39.8
2025/10/03 12:01:16.8 
2025/10/03 12:01:16.9 Old State:16-cycle=25, Elapsed Time:    5.0,  Ideal Time:    4.8,  Delay time =   0.02  New State:ENGN_StateRunning_SamplingComplete
2025/10/03 12:01:17.1 Old State:18-ENGN_StateRunning_SamplingComplete New State:ENGN_StateRunning_WaitNewStep
2025/10/03 12:01:17.3 Old State:5-ENGN_StateRunning_WaitNewStep New State:ENGN_StateRunning_StartNewStep
2025/10/03 12:01:17.3 StartShaker(400)
2025/10/03 12:01:17.6 Old State:6-ENGN_StateRunning_StartNewStep New State:ENGN_StateRunning_WaitGoingToSample
2025/10/03 12:01:17.6 Sample96_Q(0, 0, 10)
2025/10/03 12:01:17.6 Temp: 2025/10/03 12:01:17, 30.0000
2025/10/03 12:01:17.7 GMC_SetPosZ
2025/10/03 12:01:17.8 
2025/10/03 12:01:17.8 START SCAN: 
2025/10/03 12:01:17.8    CycleTime (ms)    = 200
2025/10/03 12:01:17.8    CycleCount        = 25
2025/10/03 12:01:17.8    ScansToAverage    = 20
2025/10/03 12:01:17.8    FinishTime (s)    = 5
2025/10/03 12:01:17.8    Temperature       = 30.0
2025/10/03 12:01:17.8    Lamp Power        = 36
2025/10/03 12:01:17.8    Spec PCB temps    = 40.1, 40.7, 40.7, 40.7, 40.7, 40.9, 38.9, 39.8
2025/10/03 12:01:17.8 
2025/10/03 12:01:17.8 Old State:12-ENGN_StateRunning_WaitGoingToSample New State:ENGN_StateRunning_GoingToSample
2025/10/03 12:01:22.9 GMC_ServoHere
2025/10/03 12:01:23.0 GMC_SetPosXY
2025/10/03 12:01:23.4 GMC_SetPosZ
2025/10/03 12:01:28.5 Old State:13-cycle=1, Elapsed Time:    0.0,  Ideal Time:    0.0,  Delay time =   0.00  New State:ENGN_StateRunning_GoingToSampleComplete
2025/10/03 12:01:28.6 Old State:14-ENGN_StateRunning_GoingToSampleComplete New State:ENGN_StateRunning_WaitSampling
2025/10/03 12:01:28.6 Step started at: 12:01:17
2025/10/03 12:01:28.6 XYZ movement time  = 10668 ms + Scan start delay = 10611 ms
2025/10/03 12:01:28.7 Old State:15-ENGN_StateRunning_WaitSampling New State:ENGN_StateRunning_Sampling
2025/10/03 12:01:33.2 
2025/10/03 12:01:33.2 STOP SCAN: 
2025/10/03 12:01:33.2    CycleTime (ms)    = 200
2025/10/03 12:01:33.2    CurrentCycle      = 25
2025/10/03 12:01:33.2    RunTime (ms)      = 4953
2025/10/03 12:01:33.2    AverageCycle (ms) = 198.1
2025/10/03 12:01:33.2    Temperature       = 30.0
2025/10/03 12:01:33.2    DATA OVERRUN %    = 0.00
2025/10/03 12:01:33.2    Spec PCB temps    = 40.1, 40.7, 40.7, 40.6, 40.7, 40.9, 38.9, 39.8
2025/10/03 12:01:33.2 
2025/10/03 12:01:33.3 Old State:16-cycle=25, Elapsed Time:    5.0,  Ideal Time:    4.8,  Delay time =   0.04  New State:ENGN_StateRunning_SamplingComplete
2025/10/03 12:01:33.5 Old State:18-ENGN_StateRunning_SamplingComplete New State:ENGN_StateRunning_WaitNewStep
2025/10/03 12:01:33.8 Old State:5-ENGN_StateRunning_WaitNewStep New State:ENGN_StateRunning_StartNewStep
2025/10/03 12:01:33.8 StartShaker(400)
2025/10/03 12:01:34.1 Temp: 2025/10/03 12:01:34, 30.0000
2025/10/03 12:01:34.1 Old State:6-ENGN_StateRunning_StartNewStep New State:ENGN_StateRunning_WaitGoingToSample
2025/10/03 12:01:34.1 Sample96_Q(0, 0, 11)
2025/10/03 12:01:34.2 
2025/10/03 12:01:34.2 START SCAN: 
2025/10/03 12:01:34.2    CycleTime (ms)    = 200
2025/10/03 12:01:34.2    CycleCount        = 25
2025/10/03 12:01:34.2    ScansToAverage    = 20
2025/10/03 12:01:34.2    FinishTime (s)    = 5
2025/10/03 12:01:34.2    Temperature       = 30.0
2025/10/03 12:01:34.2    Lamp Power        = 36
2025/10/03 12:01:34.2    Spec PCB temps    = 40.1, 40.7, 40.7, 40.6, 40.7, 40.9, 38.9, 39.8
2025/10/03 12:01:34.2 
2025/10/03 12:01:34.3 GMC_SetPosZ
2025/10/03 12:01:34.3 Old State:12-ENGN_StateRunning_WaitGoingToSample New State:ENGN_StateRunning_GoingToSample
2025/10/03 12:01:39.1 GMC_ServoHere
2025/10/03 12:01:39.3 GMC_SetPosXY
2025/10/03 12:01:39.6 GMC_SetPosZ
2025/10/03 12:01:45.0 Old State:13-cycle=1, Elapsed Time:    0.0,  Ideal Time:    0.0,  Delay time =   0.00  New State:ENGN_StateRunning_GoingToSampleComplete
2025/10/03 12:01:45.1 Old State:14-ENGN_StateRunning_GoingToSampleComplete New State:ENGN_StateRunning_WaitSampling
2025/10/03 12:01:45.1 Step started at: 12:01:34
2025/10/03 12:01:45.1 XYZ movement time  = 10709 ms + Scan start delay = 10708 ms
2025/10/03 12:01:45.2 Old State:15-ENGN_StateRunning_WaitSampling New State:ENGN_StateRunning_Sampling
2025/10/03 12:01:49.8 
2025/10/03 12:01:49.8 STOP SCAN: 
2025/10/03 12:01:49.8    CycleTime (ms)    = 200
2025/10/03 12:01:49.8    CurrentCycle      = 25
2025/10/03 12:01:49.8    RunTime (ms)      = 4955
2025/10/03 12:01:49.8    AverageCycle (ms) = 198.2
2025/10/03 12:01:49.8    Temperature       = 30.0
2025/10/03 12:01:49.8    DATA OVERRUN %    = 0.00
2025/10/03 12:01:49.8    Spec PCB temps    = 40.1, 40.7, 40.7, 40.7, 40.7, 40.9, 38.9, 39.8
2025/10/03 12:01:49.8 
2025/10/03 12:01:49.9 Old State:16-cycle=25, Elapsed Time:    5.0,  Ideal Time:    4.8,  Delay time =   0.02  New State:ENGN_StateRunning_SamplingComplete
2025/10/03 12:01:50.0 Old State:18-ENGN_StateRunning_SamplingComplete New State:ENGN_StateRunning_WaitNewStep
2025/10/03 12:01:50.2 Old State:5-ENGN_StateRunning_WaitNewStep New State:ENGN_StateRunning_StartNewStep
2025/10/03 12:01:50.2 StartShaker(400)
2025/10/03 12:01:50.5 Old State:6-ENGN_StateRunning_StartNewStep New State:ENGN_StateRunning_WaitGoingToSample
2025/10/03 12:01:50.5 Sample96_Q(0, 0, 10)
2025/10/03 12:01:50.6 Temp: 2025/10/03 12:01:50, 30.0000
2025/10/03 12:01:50.7 
2025/10/03 12:01:50.7 START SCAN: 
2025/10/03 12:01:50.7    CycleTime (ms)    = 200
2025/10/03 12:01:50.7    CycleCount        = 25
2025/10/03 12:01:50.7    ScansToAverage    = 20
2025/10/03 12:01:50.7    FinishTime (s)    = 5
2025/10/03 12:01:50.7    Temperature       = 30.0
2025/10/03 12:01:50.7    Lamp Power        = 36
2025/10/03 12:01:50.7    Spec PCB temps    = 40.1, 40.7, 40.8, 40.7, 40.7, 40.9, 38.9, 39.8
2025/10/03 12:01:50.7 
2025/10/03 12:01:50.7 GMC_SetPosZ
2025/10/03 12:01:50.8 Old State:12-ENGN_StateRunning_WaitGoingToSample New State:ENGN_StateRunning_GoingToSample
2025/10/03 12:01:55.9 GMC_ServoHere
2025/10/03 12:01:56.0 GMC_SetPosXY
2025/10/03 12:01:56.4 GMC_SetPosZ
2025/10/03 12:02:01.6 Old State:13-cycle=1, Elapsed Time:    0.0,  Ideal Time:    0.0,  Delay time =   0.00  New State:ENGN_StateRunning_GoingToSampleComplete
2025/10/03 12:02:01.7 Old State:14-ENGN_StateRunning_GoingToSampleComplete New State:ENGN_StateRunning_WaitSampling
2025/10/03 12:02:01.7 Step started at: 12:01:50
2025/10/03 12:02:01.7 XYZ movement time  = 10880 ms + Scan start delay = 10816 ms
2025/10/03 12:02:01.8 Old State:15-ENGN_StateRunning_WaitSampling New State:ENGN_StateRunning_Sampling
2025/10/03 12:02:06.3 
2025/10/03 12:02:06.3 STOP SCAN: 
2025/10/03 12:02:06.3    CycleTime (ms)    = 200
2025/10/03 12:02:06.3    CurrentCycle      = 25
2025/10/03 12:02:06.3    RunTime (ms)      = 4955
2025/10/03 12:02:06.3    AverageCycle (ms) = 198.2
2025/10/03 12:02:06.3    Temperature       = 30.0
2025/10/03 12:02:06.3    DATA OVERRUN %    = 0.00
2025/10/03 12:02:06.3    Spec PCB temps    = 40.1, 40.7, 40.7, 40.7, 40.7, 40.9, 38.9, 39.8
2025/10/03 12:02:06.3 
2025/10/03 12:02:06.4 Old State:16-cycle=25, Elapsed Time:    5.0,  Ideal Time:    4.8,  Delay time =   0.01  New State:ENGN_StateRunning_SamplingComplete
2025/10/03 12:02:06.6 Old State:18-ENGN_StateRunning_SamplingComplete New State:ENGN_StateRunning_WaitNewStep
2025/10/03 12:02:06.7 Old State:5-ENGN_StateRunning_WaitNewStep New State:ENGN_StateRunning_StartNewStep
2025/10/03 12:02:06.7 StartShaker(400)
2025/10/03 12:02:07.0 Temp: 2025/10/03 12:02:07, 30.0000
2025/10/03 12:02:07.1 Old State:6-ENGN_StateRunning_StartNewStep New State:ENGN_StateRunning_WaitGoingToSample
2025/10/03 12:02:07.1 Sample96_Q(0, 0, 11)
2025/10/03 12:02:07.1 
2025/10/03 12:02:07.1 START SCAN: 
2025/10/03 12:02:07.1    CycleTime (ms)    = 200
2025/10/03 12:02:07.1    CycleCount        = 25
2025/10/03 12:02:07.1    ScansToAverage    = 20
2025/10/03 12:02:07.1    FinishTime (s)    = 5
2025/10/03 12:02:07.1    Temperature       = 30.0
2025/10/03 12:02:07.1    Lamp Power        = 36
2025/10/03 12:02:07.1    Spec PCB temps    = 40.1, 40.7, 40.7, 40.7, 40.7, 40.9, 38.9, 39.8
2025/10/03 12:02:07.1 
2025/10/03 12:02:07.2 Old State:12-ENGN_StateRunning_WaitGoingToSample New State:ENGN_StateRunning_GoingToSample
2025/10/03 12:02:07.2 GMC_SetPosZ
2025/10/03 12:02:12.0 GMC_ServoHere
2025/10/03 12:02:12.2 GMC_SetPosXY
2025/10/03 12:02:12.6 GMC_SetPosZ
2025/10/03 12:02:18.0 Old State:13-cycle=1, Elapsed Time:    0.0,  Ideal Time:    0.0,  Delay time =   0.00  New State:ENGN_StateRunning_GoingToSampleComplete
2025/10/03 12:02:18.1 Old State:14-ENGN_StateRunning_GoingToSampleComplete New State:ENGN_StateRunning_WaitSampling
2025/10/03 12:02:18.1 Step started at: 12:02:07
2025/10/03 12:02:18.1 XYZ movement time  = 10750 ms + Scan start delay = 10719 ms
2025/10/03 12:02:18.2 Old State:15-ENGN_StateRunning_WaitSampling New State:ENGN_StateRunning_Sampling
2025/10/03 12:02:22.7 
2025/10/03 12:02:22.7 STOP SCAN: 
2025/10/03 12:02:22.7    CycleTime (ms)    = 200
2025/10/03 12:02:22.7    CurrentCycle      = 25
2025/10/03 12:02:22.7    RunTime (ms)      = 4955
2025/10/03 12:02:22.7    AverageCycle (ms) = 198.2
2025/10/03 12:02:22.7    Temperature       = 30.0
2025/10/03 12:02:22.7    DATA OVERRUN %    = 0.00
2025/10/03 12:02:22.7    Spec PCB temps    = 40.1, 40.7, 40.7, 40.7, 40.7, 40.9, 38.9, 39.8
2025/10/03 12:02:22.7 
2025/10/03 12:02:22.8 Old State:16-cycle=25, Elapsed Time:    5.0,  Ideal Time:    4.8,  Delay time =   0.04  New State:ENGN_StateRunning_SamplingComplete
2025/10/03 12:02:23.0 Old State:18-ENGN_StateRunning_SamplingComplete New State:ENGN_StateRunning_WaitNewStep
2025/10/03 12:02:23.2 Old State:5-ENGN_StateRunning_WaitNewStep New State:ENGN_StateRunning_StartNewStep
2025/10/03 12:02:23.2 StartShaker(400)
2025/10/03 12:02:23.5 Temp: 2025/10/03 12:02:23, 30.0000
2025/10/03 12:02:23.5 Old State:6-ENGN_StateRunning_StartNewStep New State:ENGN_StateRunning_WaitGoingToSample
2025/10/03 12:02:23.5 Sample96_Q(0, 0, 0)
2025/10/03 12:02:23.6 GMC_SetPosZ
2025/10/03 12:02:23.7 Old State:12-ENGN_StateRunning_WaitGoingToSample New State:ENGN_StateRunning_GoingToSample
2025/10/03 12:02:23.7 
2025/10/03 12:02:23.7 START SCAN: 
2025/10/03 12:02:23.7    CycleTime (ms)    = 200
2025/10/03 12:02:23.7    CycleCount        = 600
2025/10/03 12:02:23.7    ScansToAverage    = 20
2025/10/03 12:02:23.7    FinishTime (s)    = 120
2025/10/03 12:02:23.7    Temperature       = 30.0
2025/10/03 12:02:23.7    Lamp Power        = 36
2025/10/03 12:02:23.7    Spec PCB temps    = 40.1, 40.7, 40.7, 40.7, 40.7, 40.9, 38.9, 39.8
2025/10/03 12:02:23.7 
2025/10/03 12:02:28.7 GMC_ServoHere
2025/10/03 12:02:28.8 GMC_SetPosXY
2025/10/03 12:02:30.7 GMC_SetPosZ
2025/10/03 12:02:32.8 Old State:13-ENGN_StateRunning_GoingToSample New State:ENGN_StateRunning_GoingToSampleComplete
2025/10/03 12:02:32.9 Old State:14-cycle=1, Elapsed Time:    0.0,  Ideal Time:    0.0,  Delay time =   0.00  New State:ENGN_StateRunning_WaitSampling
2025/10/03 12:02:32.9 Step started at: 12:02:23
2025/10/03 12:02:32.9 XYZ movement time  = 9202 ms + Scan start delay = 9162 ms
2025/10/03 12:02:33.0 Old State:15-ENGN_StateRunning_WaitSampling New State:ENGN_StateRunning_Sampling
2025/10/03 12:03:23.6 Temp: 2025/10/03 12:03:23, 30.0000
2025/10/03 12:04:23.6 Temp: 2025/10/03 12:04:23, 30.0000
2025/10/03 12:04:32.7 
2025/10/03 12:04:32.7 STOP SCAN: 
2025/10/03 12:04:32.7    CycleTime (ms)    = 200
2025/10/03 12:04:32.7    CurrentCycle      = 600
2025/10/03 12:04:32.7    RunTime (ms)      = 119956
2025/10/03 12:04:32.7    AverageCycle (ms) = 199.9
2025/10/03 12:04:32.7    Temperature       = 30.0
2025/10/03 12:04:32.7    DATA OVERRUN %    = 0.00
2025/10/03 12:04:32.7    Spec PCB temps    = 40.1, 40.7, 40.8, 40.7, 40.8, 41.0, 38.9, 39.8
2025/10/03 12:04:32.7 
2025/10/03 12:04:32.7 Old State:16-cycle=600, Elapsed Time:  120.0,  Ideal Time:  119.8,  Delay time =   0.04  New State:ENGN_StateRunning_SamplingComplete
2025/10/03 12:04:32.9 Old State:18-ENGN_StateRunning_SamplingComplete New State:ENGN_StateRunning_WaitNewStep
2025/10/03 12:04:33.3 Old State:5-ENGN_StateRunning_WaitNewStep New State:ENGN_StateRunning_StartNewStep
2025/10/03 12:04:33.3 StartShaker(400)
2025/10/03 12:04:33.6 Temp: 2025/10/03 12:04:33, 30.0000
2025/10/03 12:04:33.7 Old State:6-ENGN_StateRunning_StartNewStep New State:ENGN_StateRunning_WaitGoingToSample
2025/10/03 12:04:33.7 Sample96_Q(0, 0, 10)
2025/10/03 12:04:33.8 GMC_SetPosZ
2025/10/03 12:04:33.8 
2025/10/03 12:04:33.8 START SCAN: 
2025/10/03 12:04:33.8    CycleTime (ms)    = 200
2025/10/03 12:04:33.8    CycleCount        = 25
2025/10/03 12:04:33.8    ScansToAverage    = 20
2025/10/03 12:04:33.8    FinishTime (s)    = 5
2025/10/03 12:04:33.8    Temperature       = 30.0
2025/10/03 12:04:33.8    Lamp Power        = 36
2025/10/03 12:04:33.8    Spec PCB temps    = 40.1, 40.7, 40.8, 40.7, 40.8, 40.9, 38.9, 39.8
2025/10/03 12:04:33.8 
2025/10/03 12:04:33.8 Old State:12-ENGN_StateRunning_WaitGoingToSample New State:ENGN_StateRunning_GoingToSample
2025/10/03 12:04:35.8 GMC_ServoHere
2025/10/03 12:04:35.9 GMC_SetPosXY
2025/10/03 12:04:37.6 GMC_SetPosZ
2025/10/03 12:04:42.6 Old State:13-ENGN_StateRunning_GoingToSample New State:ENGN_StateRunning_GoingToSampleComplete
2025/10/03 12:04:42.7 Old State:14-cycle=1, Elapsed Time:    0.0,  Ideal Time:    0.0,  Delay time =   0.00  New State:ENGN_StateRunning_WaitSampling
2025/10/03 12:04:42.7 Step started at: 12:04:33
2025/10/03 12:04:42.7 XYZ movement time  = 8876 ms + Scan start delay = 8799 ms
2025/10/03 12:04:42.8 Old State:15-ENGN_StateRunning_WaitSampling New State:ENGN_StateRunning_Sampling
2025/10/03 12:04:47.4 
2025/10/03 12:04:47.4 STOP SCAN: 
2025/10/03 12:04:47.4    CycleTime (ms)    = 200
2025/10/03 12:04:47.4    CurrentCycle      = 25
2025/10/03 12:04:47.4    RunTime (ms)      = 4964
2025/10/03 12:04:47.4    AverageCycle (ms) = 198.6
2025/10/03 12:04:47.4    Temperature       = 30.0
2025/10/03 12:04:47.4    DATA OVERRUN %    = 0.00
2025/10/03 12:04:47.4    Spec PCB temps    = 40.2, 40.8, 40.8, 40.7, 40.8, 40.9, 38.9, 39.8
2025/10/03 12:04:47.4 
2025/10/03 12:04:47.5 Old State:16-cycle=25, Elapsed Time:    5.0,  Ideal Time:    4.8,  Delay time =   0.05  New State:ENGN_StateRunning_SamplingComplete
2025/10/03 12:04:47.6 Old State:18-ENGN_StateRunning_SamplingComplete New State:ENGN_StateRunning_WaitNewStep
2025/10/03 12:04:47.7 Old State:5-ENGN_StateRunning_WaitNewStep New State:ENGN_StateRunning_StartNewStep
2025/10/03 12:04:47.7 StartShaker(400)
2025/10/03 12:04:48.0 Temp: 2025/10/03 12:04:48, 30.0000
2025/10/03 12:04:48.1 Old State:6-ENGN_StateRunning_StartNewStep New State:ENGN_StateRunning_WaitGoingToSample
2025/10/03 12:04:48.1 Sample96_Q(0, 0, 11)
2025/10/03 12:04:48.2 
2025/10/03 12:04:48.2 START SCAN: 
2025/10/03 12:04:48.2    CycleTime (ms)    = 200
2025/10/03 12:04:48.2    CycleCount        = 25
2025/10/03 12:04:48.2    ScansToAverage    = 20
2025/10/03 12:04:48.2    FinishTime (s)    = 5
2025/10/03 12:04:48.2    Temperature       = 30.0
2025/10/03 12:04:48.2    Lamp Power        = 36
2025/10/03 12:04:48.2    Spec PCB temps    = 40.2, 40.8, 40.8, 40.7, 40.8, 41.0, 38.9, 39.8
2025/10/03 12:04:48.2 
2025/10/03 12:04:48.2 GMC_SetPosZ
2025/10/03 12:04:48.2 Old State:12-ENGN_StateRunning_WaitGoingToSample New State:ENGN_StateRunning_GoingToSample
2025/10/03 12:04:53.0 GMC_ServoHere
2025/10/03 12:04:53.2 GMC_SetPosXY
2025/10/03 12:04:53.5 GMC_SetPosZ
2025/10/03 12:04:58.9 Old State:13-cycle=1, Elapsed Time:    0.0,  Ideal Time:    0.0,  Delay time =   0.00  New State:ENGN_StateRunning_GoingToSampleComplete
2025/10/03 12:04:59.0 Old State:14-ENGN_StateRunning_GoingToSampleComplete New State:ENGN_StateRunning_WaitSampling
2025/10/03 12:04:59.0 Step started at: 12:04:48
2025/10/03 12:04:59.0 XYZ movement time  = 10693 ms + Scan start delay = 10687 ms
2025/10/03 12:04:59.1 Old State:15-ENGN_StateRunning_WaitSampling New State:ENGN_StateRunning_Sampling
2025/10/03 12:05:03.7 
2025/10/03 12:05:03.7 STOP SCAN: 
2025/10/03 12:05:03.7    CycleTime (ms)    = 200
2025/10/03 12:05:03.7    CurrentCycle      = 25
2025/10/03 12:05:03.7    RunTime (ms)      = 4955
2025/10/03 12:05:03.7    AverageCycle (ms) = 198.2
2025/10/03 12:05:03.7    Temperature       = 30.0
2025/10/03 12:05:03.7    DATA OVERRUN %    = 0.00
2025/10/03 12:05:03.7    Spec PCB temps    = 40.2, 40.7, 40.8, 40.7, 40.8, 40.9, 39.0, 39.8
2025/10/03 12:05:03.7 
2025/10/03 12:05:03.8 Old State:16-cycle=25, Elapsed Time:    5.0,  Ideal Time:    4.8,  Delay time =   0.01  New State:ENGN_StateRunning_SamplingComplete
2025/10/03 12:05:03.9 Old State:18-ENGN_StateRunning_SamplingComplete New State:ENGN_StateRunning_WaitNewStep
2025/10/03 12:05:04.1 Old State:5-ENGN_StateRunning_WaitNewStep New State:ENGN_StateRunning_StartNewStep
2025/10/03 12:05:04.1 StartShaker(400)
2025/10/03 12:05:04.5 Old State:6-ENGN_StateRunning_StartNewStep New State:ENGN_StateRunning_WaitGoingToSample
2025/10/03 12:05:04.5 Sample96_Q(0, 0, 10)
2025/10/03 12:05:04.5 Temp: 2025/10/03 12:05:04, 30.0000
2025/10/03 12:05:04.6 
2025/10/03 12:05:04.6 START SCAN: 
2025/10/03 12:05:04.6    CycleTime (ms)    = 200
2025/10/03 12:05:04.6    CycleCount        = 25
2025/10/03 12:05:04.6    ScansToAverage    = 20
2025/10/03 12:05:04.6    FinishTime (s)    = 5
2025/10/03 12:05:04.6    Temperature       = 30.0
2025/10/03 12:05:04.6    Lamp Power        = 36
2025/10/03 12:05:04.6    Spec PCB temps    = 40.2, 40.7, 40.8, 40.7, 40.8, 40.9, 38.9, 39.8
2025/10/03 12:05:04.6 
2025/10/03 12:05:04.6 GMC_SetPosZ
2025/10/03 12:05:04.7 Old State:12-ENGN_StateRunning_WaitGoingToSample New State:ENGN_StateRunning_GoingToSample
2025/10/03 12:05:09.8 GMC_ServoHere
2025/10/03 12:05:09.9 GMC_SetPosXY
2025/10/03 12:05:10.3 GMC_SetPosZ
2025/10/03 12:05:15.4 Old State:13-cycle=1, Elapsed Time:    0.0,  Ideal Time:    0.0,  Delay time =   0.00  New State:ENGN_StateRunning_GoingToSampleComplete
2025/10/03 12:05:15.5 Old State:14-ENGN_StateRunning_GoingToSampleComplete New State:ENGN_StateRunning_WaitSampling
2025/10/03 12:05:15.5 Step started at: 12:05:04
2025/10/03 12:05:15.5 XYZ movement time  = 10801 ms + Scan start delay = 10732 ms
2025/10/03 12:05:15.6 Old State:15-ENGN_StateRunning_WaitSampling New State:ENGN_StateRunning_Sampling
2025/10/03 12:05:20.2 
2025/10/03 12:05:20.2 STOP SCAN: 
2025/10/03 12:05:20.2    CycleTime (ms)    = 200
2025/10/03 12:05:20.2    CurrentCycle      = 25
2025/10/03 12:05:20.2    RunTime (ms)      = 4966
2025/10/03 12:05:20.2    AverageCycle (ms) = 198.6
2025/10/03 12:05:20.2    Temperature       = 30.0
2025/10/03 12:05:20.2    DATA OVERRUN %    = 0.00
2025/10/03 12:05:20.2    Spec PCB temps    = 40.2, 40.8, 40.8, 40.7, 40.8, 40.9, 39.0, 39.8
2025/10/03 12:05:20.2 
2025/10/03 12:05:20.3 Old State:16-cycle=25, Elapsed Time:    5.0,  Ideal Time:    4.8,  Delay time =   0.04  New State:ENGN_StateRunning_SamplingComplete
2025/10/03 12:05:20.4 Old State:18-ENGN_StateRunning_SamplingComplete New State:ENGN_StateRunning_WaitNewStep
2025/10/03 12:05:20.6 Old State:5-ENGN_StateRunning_WaitNewStep New State:ENGN_StateRunning_StartNewStep
2025/10/03 12:05:20.7 StartShaker(400)
2025/10/03 12:05:20.9 Temp: 2025/10/03 12:05:20, 30.0000
2025/10/03 12:05:21.0 Old State:6-ENGN_StateRunning_StartNewStep New State:ENGN_StateRunning_WaitGoingToSample
2025/10/03 12:05:21.0 Sample96_Q(0, 0, 11)
2025/10/03 12:05:21.1 GMC_SetPosZ
2025/10/03 12:05:21.1 
2025/10/03 12:05:21.1 START SCAN: 
2025/10/03 12:05:21.1    CycleTime (ms)    = 200
2025/10/03 12:05:21.1    CycleCount        = 25
2025/10/03 12:05:21.1    ScansToAverage    = 20
2025/10/03 12:05:21.1    FinishTime (s)    = 5
2025/10/03 12:05:21.1    Temperature       = 30.0
2025/10/03 12:05:21.1    Lamp Power        = 36
2025/10/03 12:05:21.1    Spec PCB temps    = 40.2, 40.8, 40.8, 40.7, 40.8, 40.9, 39.0, 39.8
2025/10/03 12:05:21.1 
2025/10/03 12:05:21.2 Old State:12-ENGN_StateRunning_WaitGoingToSample New State:ENGN_StateRunning_GoingToSample
2025/10/03 12:05:25.9 GMC_ServoHere
2025/10/03 12:05:26.1 GMC_SetPosXY
2025/10/03 12:05:26.5 GMC_SetPosZ
2025/10/03 12:05:31.9 Old State:13-cycle=1, Elapsed Time:    0.0,  Ideal Time:    0.0,  Delay time =   0.00  New State:ENGN_StateRunning_GoingToSampleComplete
2025/10/03 12:05:32.0 Old State:14-ENGN_StateRunning_GoingToSampleComplete New State:ENGN_StateRunning_WaitSampling
2025/10/03 12:05:32.0 Step started at: 12:05:21
2025/10/03 12:05:32.0 XYZ movement time  = 10737 ms + Scan start delay = 10684 ms
2025/10/03 12:05:32.1 Old State:15-ENGN_StateRunning_WaitSampling New State:ENGN_StateRunning_Sampling
2025/10/03 12:05:36.7 
2025/10/03 12:05:36.7 STOP SCAN: 
2025/10/03 12:05:36.7    CycleTime (ms)    = 200
2025/10/03 12:05:36.7    CurrentCycle      = 25
2025/10/03 12:05:36.7    RunTime (ms)      = 4957
2025/10/03 12:05:36.7    AverageCycle (ms) = 198.3
2025/10/03 12:05:36.7    Temperature       = 30.0
2025/10/03 12:05:36.7    DATA OVERRUN %    = 0.00
2025/10/03 12:05:36.7    Spec PCB temps    = 40.2, 40.8, 40.9, 40.7, 40.8, 40.9, 39.0, 39.8
2025/10/03 12:05:36.7 
2025/10/03 12:05:36.7 Old State:16-cycle=25, Elapsed Time:    5.0,  Ideal Time:    4.8,  Delay time =   0.05  New State:ENGN_StateRunning_SamplingComplete
2025/10/03 12:05:36.9 Old State:18-ENGN_StateRunning_SamplingComplete New State:ENGN_StateRunning_WaitNewStep
2025/10/03 12:05:37.1 Old State:5-ENGN_StateRunning_WaitNewStep New State:ENGN_StateRunning_StartNewStep
2025/10/03 12:05:37.1 StartShaker(400)
2025/10/03 12:05:37.4 Temp: 2025/10/03 12:05:37, 30.0000
2025/10/03 12:05:37.4 Old State:6-ENGN_StateRunning_StartNewStep New State:ENGN_StateRunning_WaitGoingToSample
2025/10/03 12:05:37.4 Sample96_Q(0, 0, 10)
2025/10/03 12:05:37.5 
2025/10/03 12:05:37.5 START SCAN: 
2025/10/03 12:05:37.5    CycleTime (ms)    = 200
2025/10/03 12:05:37.5    CycleCount        = 25
2025/10/03 12:05:37.5    ScansToAverage    = 20
2025/10/03 12:05:37.5    FinishTime (s)    = 5
2025/10/03 12:05:37.5    Temperature       = 30.0
2025/10/03 12:05:37.5    Lamp Power        = 36
2025/10/03 12:05:37.5    Spec PCB temps    = 40.2, 40.8, 40.8, 40.7, 40.8, 40.9, 39.0, 39.8
2025/10/03 12:05:37.5 
2025/10/03 12:05:37.5 GMC_SetPosZ
2025/10/03 12:05:37.6 Old State:12-ENGN_StateRunning_WaitGoingToSample New State:ENGN_StateRunning_GoingToSample
2025/10/03 12:05:42.7 GMC_ServoHere
2025/10/03 12:05:42.9 GMC_SetPosXY
2025/10/03 12:05:43.3 GMC_SetPosZ
2025/10/03 12:05:48.2 Old State:13-ENGN_StateRunning_GoingToSample New State:ENGN_StateRunning_GoingToSampleComplete
2025/10/03 12:05:48.4 Old State:14-cycle=1, Elapsed Time:    0.0,  Ideal Time:    0.0,  Delay time =   0.00  New State:ENGN_StateRunning_WaitSampling
2025/10/03 12:05:48.4 Step started at: 12:05:37
2025/10/03 12:05:48.4 XYZ movement time  = 10683 ms + Scan start delay = 10705 ms
2025/10/03 12:05:48.5 Old State:15-ENGN_StateRunning_WaitSampling New State:ENGN_StateRunning_Sampling
2025/10/03 12:05:53.1 
2025/10/03 12:05:53.1 STOP SCAN: 
2025/10/03 12:05:53.1    CycleTime (ms)    = 200
2025/10/03 12:05:53.1    CurrentCycle      = 25
2025/10/03 12:05:53.1    RunTime (ms)      = 4954
2025/10/03 12:05:53.1    AverageCycle (ms) = 198.2
2025/10/03 12:05:53.1    Temperature       = 30.0
2025/10/03 12:05:53.1    DATA OVERRUN %    = 0.00
2025/10/03 12:05:53.1    Spec PCB temps    = 40.2, 40.8, 40.9, 40.7, 40.8, 40.9, 39.0, 39.8
2025/10/03 12:05:53.1 
2025/10/03 12:05:53.2 Old State:16-cycle=25, Elapsed Time:    5.0,  Ideal Time:    4.8,  Delay time =   0.04  New State:ENGN_StateRunning_SamplingComplete
2025/10/03 12:05:53.4 Old State:18-ENGN_StateRunning_SamplingComplete New State:ENGN_StateRunning_WaitNewStep
2025/10/03 12:05:53.6 Old State:5-ENGN_StateRunning_WaitNewStep New State:ENGN_StateRunning_StartNewStep
2025/10/03 12:05:53.6 StartShaker(400)
2025/10/03 12:05:53.9 Temp: 2025/10/03 12:05:53, 30.0000
2025/10/03 12:05:53.9 Old State:6-ENGN_StateRunning_StartNewStep New State:ENGN_StateRunning_WaitGoingToSample
2025/10/03 12:05:53.9 Sample96_Q(0, 0, 11)
2025/10/03 12:05:54.0 GMC_SetPosZ
2025/10/03 12:05:54.0 
2025/10/03 12:05:54.0 START SCAN: 
2025/10/03 12:05:54.0    CycleTime (ms)    = 200
2025/10/03 12:05:54.0    CycleCount        = 25
2025/10/03 12:05:54.0    ScansToAverage    = 20
2025/10/03 12:05:54.0    FinishTime (s)    = 5
2025/10/03 12:05:54.0    Temperature       = 30.0
2025/10/03 12:05:54.0    Lamp Power        = 36
2025/10/03 12:05:54.0    Spec PCB temps    = 40.2, 40.8, 40.8, 40.7, 40.8, 40.9, 39.0, 39.8
2025/10/03 12:05:54.0 
2025/10/03 12:05:54.1 Old State:12-ENGN_StateRunning_WaitGoingToSample New State:ENGN_StateRunning_GoingToSample
2025/10/03 12:05:58.9 GMC_ServoHere
2025/10/03 12:05:59.0 GMC_SetPosXY
2025/10/03 12:05:59.4 GMC_SetPosZ
2025/10/03 12:06:04.9 Old State:13-cycle=1, Elapsed Time:    0.0,  Ideal Time:    0.0,  Delay time =   0.00  New State:ENGN_StateRunning_GoingToSampleComplete
2025/10/03 12:06:05.0 Old State:14-ENGN_StateRunning_GoingToSampleComplete New State:ENGN_StateRunning_WaitSampling
2025/10/03 12:06:05.0 Step started at: 12:05:54
2025/10/03 12:06:05.0 XYZ movement time  = 10753 ms + Scan start delay = 10696 ms
2025/10/03 12:06:05.1 Old State:15-ENGN_StateRunning_WaitSampling New State:ENGN_StateRunning_Sampling
2025/10/03 12:06:09.6 
2025/10/03 12:06:09.6 STOP SCAN: 
2025/10/03 12:06:09.6    CycleTime (ms)    = 200
2025/10/03 12:06:09.6    CurrentCycle      = 25
2025/10/03 12:06:09.6    RunTime (ms)      = 4967
2025/10/03 12:06:09.6    AverageCycle (ms) = 198.7
2025/10/03 12:06:09.6    Temperature       = 30.0
2025/10/03 12:06:09.6    DATA OVERRUN %    = 0.00
2025/10/03 12:06:09.6    Spec PCB temps    = 40.2, 40.8, 40.9, 40.7, 40.8, 40.9, 39.0, 39.8
2025/10/03 12:06:09.6 
2025/10/03 12:06:09.7 Old State:16-cycle=25, Elapsed Time:    5.0,  Ideal Time:    4.8,  Delay time =   0.04  New State:ENGN_StateRunning_SamplingComplete
2025/10/03 12:06:09.9 Old State:18-ENGN_StateRunning_SamplingComplete New State:ENGN_StateRunning_WaitNewStep
2025/10/03 12:06:10.1 Old State:5-ENGN_StateRunning_WaitNewStep New State:ENGN_StateRunning_StartNewStep
2025/10/03 12:06:10.1 StartShaker(400)
2025/10/03 12:06:10.4 Temp: 2025/10/03 12:06:10, 30.0000
2025/10/03 12:06:10.4 Old State:6-ENGN_StateRunning_StartNewStep New State:ENGN_StateRunning_WaitGoingToSample
2025/10/03 12:06:10.4 Sample96_Q(0, 0, 1)
2025/10/03 12:06:10.5 GMC_SetPosZ
2025/10/03 12:06:10.5 
2025/10/03 12:06:10.5 START SCAN: 
2025/10/03 12:06:10.5    CycleTime (ms)    = 200
2025/10/03 12:06:10.5    CycleCount        = 600
2025/10/03 12:06:10.5    ScansToAverage    = 20
2025/10/03 12:06:10.5    FinishTime (s)    = 120
2025/10/03 12:06:10.5    Temperature       = 30.0
2025/10/03 12:06:10.5    Lamp Power        = 36
2025/10/03 12:06:10.5    Spec PCB temps    = 40.2, 40.8, 40.9, 40.7, 40.8, 40.9, 39.0, 39.9
2025/10/03 12:06:10.5 
2025/10/03 12:06:10.6 Old State:12-ENGN_StateRunning_WaitGoingToSample New State:ENGN_StateRunning_GoingToSample
2025/10/03 12:06:15.7 GMC_ServoHere
2025/10/03 12:06:15.8 GMC_SetPosXY
2025/10/03 12:06:17.5 GMC_SetPosZ
2025/10/03 12:06:19.8 Old State:13-ENGN_StateRunning_GoingToSample New State:ENGN_StateRunning_GoingToSampleComplete
2025/10/03 12:06:19.9 Old State:14-cycle=1, Elapsed Time:    0.0,  Ideal Time:    0.0,  Delay time =   0.00  New State:ENGN_StateRunning_WaitSampling
2025/10/03 12:06:19.9 Step started at: 12:06:10
2025/10/03 12:06:19.9 XYZ movement time  = 9321 ms + Scan start delay = 9253 ms
2025/10/03 12:06:20.0 DFIO: Start writing C:\ForteBio\John\2025_10_03_Beacon48WP_si212&205_p2_\251003_001.frd
2025/10/03 12:06:20.0 DFIO: Finished writing C:\ForteBio\John\2025_10_03_Beacon48WP_si212&205_p2_\251003_001.frd
2025/10/03 12:06:20.0 DFIO: Start writing C:\ForteBio\John\2025_10_03_Beacon48WP_si212&205_p2_\251003_002.frd
2025/10/03 12:06:20.0 DFIO: Finished writing C:\ForteBio\John\2025_10_03_Beacon48WP_si212&205_p2_\251003_002.frd
2025/10/03 12:06:20.0 DFIO: Start writing C:\ForteBio\John\2025_10_03_Beacon48WP_si212&205_p2_\251003_003.frd
2025/10/03 12:06:20.0 DFIO: Finished writing C:\ForteBio\John\2025_10_03_Beacon48WP_si212&205_p2_\251003_003.frd
2025/10/03 12:06:20.0 DFIO: Start writing C:\ForteBio\John\2025_10_03_Beacon48WP_si212&205_p2_\251003_004.frd
2025/10/03 12:06:20.0 DFIO: Finished writing C:\ForteBio\John\2025_10_03_Beacon48WP_si212&205_p2_\251003_004.frd
2025/10/03 12:06:20.0 DFIO: Start writing C:\ForteBio\John\2025_10_03_Beacon48WP_si212&205_p2_\251003_005.frd
2025/10/03 12:06:20.0 DFIO: Finished writing C:\ForteBio\John\2025_10_03_Beacon48WP_si212&205_p2_\251003_005.frd
2025/10/03 12:06:20.0 DFIO: Start writing C:\ForteBio\John\2025_10_03_Beacon48WP_si212&205_p2_\251003_006.frd
2025/10/03 12:06:20.0 DFIO: Finished writing C:\ForteBio\John\2025_10_03_Beacon48WP_si212&205_p2_\251003_006.frd
2025/10/03 12:06:20.0 DFIO: Finished writing C:\ForteBio\John\2025_10_03_Beacon48WP_si212&205_p2_\251003_Manifest.fmx
2025/10/03 12:06:20.0 Old State:15-ENGN_StateRunning_WaitSampling New State:ENGN_StateRunning_Sampling
2025/10/03 12:07:10.4 Temp: 2025/10/03 12:07:10, 30.0000
2025/10/03 12:08:10.4 Temp: 2025/10/03 12:08:10, 30.0000
2025/10/03 12:08:19.6 
2025/10/03 12:08:19.6 STOP SCAN: 
2025/10/03 12:08:19.6    CycleTime (ms)    = 200
2025/10/03 12:08:19.6    CurrentCycle      = 600
2025/10/03 12:08:19.6    RunTime (ms)      = 119956
2025/10/03 12:08:19.6    AverageCycle (ms) = 199.9
2025/10/03 12:08:19.6    Temperature       = 30.0
2025/10/03 12:08:19.6    DATA OVERRUN %    = 0.00
2025/10/03 12:08:19.6    Spec PCB temps    = 40.2, 40.8, 40.9, 40.7, 40.9, 41.0, 39.1, 39.9
2025/10/03 12:08:19.6 
2025/10/03 12:08:19.7 Old State:16-cycle=600, Elapsed Time:  120.0,  Ideal Time:  119.8,  Delay time =   0.03  New State:ENGN_StateRunning_SamplingComplete
2025/10/03 12:08:19.8 Old State:18-ENGN_StateRunning_SamplingComplete New State:ENGN_StateRunning_WaitNewStep
2025/10/03 12:08:20.1 Old State:5-ENGN_StateRunning_WaitNewStep New State:ENGN_StateRunning_StartNewStep
2025/10/03 12:08:20.2 StartShaker(400)
2025/10/03 12:08:20.4 Temp: 2025/10/03 12:08:20, 30.0000
2025/10/03 12:08:20.5 Old State:6-ENGN_StateRunning_StartNewStep New State:ENGN_StateRunning_WaitGoingToSample
2025/10/03 12:08:20.5 Sample96_Q(0, 0, 10)
2025/10/03 12:08:20.6 
2025/10/03 12:08:20.6 START SCAN: 
2025/10/03 12:08:20.6    CycleTime (ms)    = 200
2025/10/03 12:08:20.6    CycleCount        = 25
2025/10/03 12:08:20.6    ScansToAverage    = 20
2025/10/03 12:08:20.6    FinishTime (s)    = 5
2025/10/03 12:08:20.6    Temperature       = 30.0
2025/10/03 12:08:20.6    Lamp Power        = 36
2025/10/03 12:08:20.6    Spec PCB temps    = 40.2, 40.8, 40.9, 40.7, 40.9, 41.0, 39.1, 39.9
2025/10/03 12:08:20.6 
2025/10/03 12:08:20.6 GMC_SetPosZ
2025/10/03 12:08:20.7 Old State:12-ENGN_StateRunning_WaitGoingToSample New State:ENGN_StateRunning_GoingToSample
2025/10/03 12:08:22.7 GMC_ServoHere
2025/10/03 12:08:22.9 GMC_SetPosXY
2025/10/03 12:08:24.5 GMC_SetPosZ
2025/10/03 12:08:29.5 Old State:13-cycle=1, Elapsed Time:    0.0,  Ideal Time:    0.0,  Delay time =   0.00  New State:ENGN_StateRunning_GoingToSampleComplete
2025/10/03 12:08:29.6 Old State:14-ENGN_StateRunning_GoingToSampleComplete New State:ENGN_StateRunning_WaitSampling
2025/10/03 12:08:29.6 Step started at: 12:08:20
2025/10/03 12:08:29.6 XYZ movement time  = 8965 ms + Scan start delay = 8896 ms
2025/10/03 12:08:29.7 Old State:15-ENGN_StateRunning_WaitSampling New State:ENGN_StateRunning_Sampling
2025/10/03 12:08:34.3 
2025/10/03 12:08:34.3 STOP SCAN: 
2025/10/03 12:08:34.3    CycleTime (ms)    = 200
2025/10/03 12:08:34.3    CurrentCycle      = 25
2025/10/03 12:08:34.3    RunTime (ms)      = 4955
2025/10/03 12:08:34.3    AverageCycle (ms) = 198.2
2025/10/03 12:08:34.3    Temperature       = 30.0
2025/10/03 12:08:34.3    DATA OVERRUN %    = 0.00
2025/10/03 12:08:34.3    Spec PCB temps    = 40.2, 40.8, 40.9, 40.7, 40.9, 41.0, 39.1, 39.9
2025/10/03 12:08:34.3 
2025/10/03 12:08:34.5 Old State:16-cycle=25, Elapsed Time:    5.0,  Ideal Time:    4.8,  Delay time =   0.04  New State:ENGN_StateRunning_SamplingComplete
2025/10/03 12:08:34.6 Old State:18-ENGN_StateRunning_SamplingComplete New State:ENGN_StateRunning_WaitNewStep
2025/10/03 12:08:34.9 Old State:5-ENGN_StateRunning_WaitNewStep New State:ENGN_StateRunning_StartNewStep
2025/10/03 12:08:34.9 StartShaker(400)
2025/10/03 12:08:35.2 Temp: 2025/10/03 12:08:35, 30.0000
2025/10/03 12:08:35.2 Old State:6-ENGN_StateRunning_StartNewStep New State:ENGN_StateRunning_WaitGoingToSample
2025/10/03 12:08:35.2 Sample96_Q(0, 0, 11)
2025/10/03 12:08:35.3 GMC_SetPosZ
2025/10/03 12:08:35.3 
2025/10/03 12:08:35.3 START SCAN: 
2025/10/03 12:08:35.3    CycleTime (ms)    = 200
2025/10/03 12:08:35.3    CycleCount        = 25
2025/10/03 12:08:35.3    ScansToAverage    = 20
2025/10/03 12:08:35.3    FinishTime (s)    = 5
2025/10/03 12:08:35.3    Temperature       = 30.0
2025/10/03 12:08:35.3    Lamp Power        = 36
2025/10/03 12:08:35.3    Spec PCB temps    = 40.2, 40.8, 40.9, 40.7, 40.9, 41.0, 39.1, 39.9
2025/10/03 12:08:35.3 
2025/10/03 12:08:35.3 Old State:12-ENGN_StateRunning_WaitGoingToSample New State:ENGN_StateRunning_GoingToSample
2025/10/03 12:08:40.1 GMC_ServoHere
2025/10/03 12:08:40.2 GMC_SetPosXY
2025/10/03 12:08:40.6 GMC_SetPosZ
2025/10/03 12:08:46.0 Old State:13-cycle=1, Elapsed Time:    0.0,  Ideal Time:    0.0,  Delay time =   0.00  New State:ENGN_StateRunning_GoingToSampleComplete
2025/10/03 12:08:46.1 Old State:14-ENGN_StateRunning_GoingToSampleComplete New State:ENGN_StateRunning_WaitSampling
2025/10/03 12:08:46.1 Step started at: 12:08:35
2025/10/03 12:08:46.1 XYZ movement time  = 10630 ms + Scan start delay = 10599 ms
2025/10/03 12:08:46.2 Old State:15-ENGN_StateRunning_WaitSampling New State:ENGN_StateRunning_Sampling
2025/10/03 12:08:50.8 
2025/10/03 12:08:50.8 STOP SCAN: 
2025/10/03 12:08:50.8    CycleTime (ms)    = 200
2025/10/03 12:08:50.8    CurrentCycle      = 25
2025/10/03 12:08:50.8    RunTime (ms)      = 4969
2025/10/03 12:08:50.8    AverageCycle (ms) = 198.8
2025/10/03 12:08:50.8    Temperature       = 30.0
2025/10/03 12:08:50.8    DATA OVERRUN %    = 0.00
2025/10/03 12:08:50.8    Spec PCB temps    = 40.2, 40.8, 40.9, 40.7, 40.9, 41.0, 39.1, 39.9
2025/10/03 12:08:50.8 
2025/10/03 12:08:50.8 Old State:16-cycle=25, Elapsed Time:    5.0,  Ideal Time:    4.8,  Delay time =   0.04  New State:ENGN_StateRunning_SamplingComplete
2025/10/03 12:08:51.0 Old State:18-ENGN_StateRunning_SamplingComplete New State:ENGN_StateRunning_WaitNewStep
2025/10/03 12:08:51.3 Old State:5-ENGN_StateRunning_WaitNewStep New State:ENGN_StateRunning_StartNewStep
2025/10/03 12:08:51.3 StartShaker(400)
2025/10/03 12:08:51.6 Old State:6-ENGN_StateRunning_StartNewStep New State:ENGN_StateRunning_WaitGoingToSample
2025/10/03 12:08:51.6 Sample96_Q(0, 0, 10)
2025/10/03 12:08:51.6 Temp: 2025/10/03 12:08:51, 30.0000
2025/10/03 12:08:51.7 
2025/10/03 12:08:51.7 START SCAN: 
2025/10/03 12:08:51.7    CycleTime (ms)    = 200
2025/10/03 12:08:51.7    CycleCount        = 25
2025/10/03 12:08:51.7    ScansToAverage    = 20
2025/10/03 12:08:51.7    FinishTime (s)    = 5
2025/10/03 12:08:51.7    Temperature       = 30.0
2025/10/03 12:08:51.7    Lamp Power        = 36
2025/10/03 12:08:51.7    Spec PCB temps    = 40.2, 40.8, 40.9, 40.7, 40.9, 41.0, 39.1, 39.9
2025/10/03 12:08:51.7 
2025/10/03 12:08:51.8 GMC_SetPosZ
2025/10/03 12:08:51.8 Old State:12-ENGN_StateRunning_WaitGoingToSample New State:ENGN_StateRunning_GoingToSample
2025/10/03 12:08:56.8 GMC_ServoHere
2025/10/03 12:08:57.0 GMC_SetPosXY
2025/10/03 12:08:57.4 GMC_SetPosZ
2025/10/03 12:09:02.5 Old State:13-cycle=1, Elapsed Time:    0.0,  Ideal Time:    0.0,  Delay time =   0.00  New State:ENGN_StateRunning_GoingToSampleComplete
2025/10/03 12:09:02.6 Old State:14-ENGN_StateRunning_GoingToSampleComplete New State:ENGN_StateRunning_WaitSampling
2025/10/03 12:09:02.6 Step started at: 12:08:51
2025/10/03 12:09:02.6 XYZ movement time  = 10677 ms + Scan start delay = 10609 ms
2025/10/03 12:09:02.7 Old State:15-ENGN_StateRunning_WaitSampling New State:ENGN_StateRunning_Sampling
2025/10/03 12:09:07.2 
2025/10/03 12:09:07.2 STOP SCAN: 
2025/10/03 12:09:07.2    CycleTime (ms)    = 200
2025/10/03 12:09:07.2    CurrentCycle      = 25
2025/10/03 12:09:07.2    RunTime (ms)      = 4956
2025/10/03 12:09:07.2    AverageCycle (ms) = 198.2
2025/10/03 12:09:07.2    Temperature       = 30.0
2025/10/03 12:09:07.2    DATA OVERRUN %    = 0.00
2025/10/03 12:09:07.2    Spec PCB temps    = 40.2, 40.8, 40.9, 40.7, 40.9, 41.0, 39.1, 39.9
2025/10/03 12:09:07.2 
2025/10/03 12:09:07.4 Old State:16-cycle=25, Elapsed Time:    5.0,  Ideal Time:    4.8,  Delay time =   0.04  New State:ENGN_StateRunning_SamplingComplete
2025/10/03 12:09:07.5 Old State:18-ENGN_StateRunning_SamplingComplete New State:ENGN_StateRunning_WaitNewStep
2025/10/03 12:09:07.8 Old State:5-ENGN_StateRunning_WaitNewStep New State:ENGN_StateRunning_StartNewStep
2025/10/03 12:09:07.8 StartShaker(400)
2025/10/03 12:09:08.1 Temp: 2025/10/03 12:09:08, 30.0000
2025/10/03 12:09:08.2 Old State:6-ENGN_StateRunning_StartNewStep New State:ENGN_StateRunning_WaitGoingToSample
2025/10/03 12:09:08.2 Sample96_Q(0, 0, 11)
2025/10/03 12:09:08.2 
2025/10/03 12:09:08.2 START SCAN: 
2025/10/03 12:09:08.2    CycleTime (ms)    = 200
2025/10/03 12:09:08.2    CycleCount        = 25
2025/10/03 12:09:08.2    ScansToAverage    = 20
2025/10/03 12:09:08.2    FinishTime (s)    = 5
2025/10/03 12:09:08.2    Temperature       = 30.0
2025/10/03 12:09:08.2    Lamp Power        = 36
2025/10/03 12:09:08.2    Spec PCB temps    = 40.2, 40.8, 40.9, 40.7, 40.9, 41.0, 39.1, 39.9
2025/10/03 12:09:08.2 
2025/10/03 12:09:08.3 GMC_SetPosZ
2025/10/03 12:09:08.3 Old State:12-ENGN_StateRunning_WaitGoingToSample New State:ENGN_StateRunning_GoingToSample
2025/10/03 12:09:13.1 GMC_ServoHere
2025/10/03 12:09:13.3 GMC_SetPosXY
2025/10/03 12:09:13.6 GMC_SetPosZ
2025/10/03 12:09:19.1 Old State:13-cycle=1, Elapsed Time:    0.0,  Ideal Time:    0.0,  Delay time =   0.00  New State:ENGN_StateRunning_GoingToSampleComplete
2025/10/03 12:09:19.2 Old State:14-ENGN_StateRunning_GoingToSampleComplete New State:ENGN_StateRunning_WaitSampling
2025/10/03 12:09:19.2 Step started at: 12:09:08
2025/10/03 12:09:19.2 XYZ movement time  = 10762 ms + Scan start delay = 10706 ms
2025/10/03 12:09:19.3 Old State:15-ENGN_StateRunning_WaitSampling New State:ENGN_StateRunning_Sampling
2025/10/03 12:09:23.9 
2025/10/03 12:09:23.9 STOP SCAN: 
2025/10/03 12:09:23.9    CycleTime (ms)    = 200
2025/10/03 12:09:23.9    CurrentCycle      = 25
2025/10/03 12:09:23.9    RunTime (ms)      = 4956
2025/10/03 12:09:23.9    AverageCycle (ms) = 198.2
2025/10/03 12:09:23.9    Temperature       = 30.0
2025/10/03 12:09:23.9    DATA OVERRUN %    = 0.00
2025/10/03 12:09:23.9    Spec PCB temps    = 40.2, 40.8, 40.9, 40.7, 40.9, 41.0, 39.1, 39.9
2025/10/03 12:09:23.9 
2025/10/03 12:09:24.0 Old State:16-cycle=25, Elapsed Time:    5.0,  Ideal Time:    4.8,  Delay time =   0.04  New State:ENGN_StateRunning_SamplingComplete
2025/10/03 12:09:24.1 Old State:18-ENGN_StateRunning_SamplingComplete New State:ENGN_StateRunning_WaitNewStep
2025/10/03 12:09:24.3 Old State:5-ENGN_StateRunning_WaitNewStep New State:ENGN_StateRunning_StartNewStep
2025/10/03 12:09:24.3 StartShaker(400)
2025/10/03 12:09:24.6 Temp: 2025/10/03 12:09:24, 30.0000
2025/10/03 12:09:24.7 Old State:6-ENGN_StateRunning_StartNewStep New State:ENGN_StateRunning_WaitGoingToSample
2025/10/03 12:09:24.7 Sample96_Q(0, 0, 10)
2025/10/03 12:09:24.7 GMC_SetPosZ
2025/10/03 12:09:24.8 
2025/10/03 12:09:24.8 START SCAN: 
2025/10/03 12:09:24.8    CycleTime (ms)    = 200
2025/10/03 12:09:24.8    CycleCount        = 25
2025/10/03 12:09:24.8    ScansToAverage    = 20
2025/10/03 12:09:24.8    FinishTime (s)    = 5
2025/10/03 12:09:24.8    Temperature       = 30.0
2025/10/03 12:09:24.8    Lamp Power        = 36
2025/10/03 12:09:24.8    Spec PCB temps    = 40.2, 40.8, 40.9, 40.7, 40.9, 41.0, 39.1, 39.9
2025/10/03 12:09:24.8 
2025/10/03 12:09:24.8 Old State:12-ENGN_StateRunning_WaitGoingToSample New State:ENGN_StateRunning_GoingToSample
2025/10/03 12:09:29.9 GMC_ServoHere
2025/10/03 12:09:30.1 GMC_SetPosXY
2025/10/03 12:09:30.5 GMC_SetPosZ
2025/10/03 12:09:35.6 Old State:13-cycle=1, Elapsed Time:    0.0,  Ideal Time:    0.0,  Delay time =   0.00  New State:ENGN_StateRunning_GoingToSampleComplete
2025/10/03 12:09:35.7 Old State:14-ENGN_StateRunning_GoingToSampleComplete New State:ENGN_StateRunning_WaitSampling
2025/10/03 12:09:35.7 Step started at: 12:09:24
2025/10/03 12:09:35.7 XYZ movement time  = 10751 ms + Scan start delay = 10672 ms
2025/10/03 12:09:35.8 Old State:15-ENGN_StateRunning_WaitSampling New State:ENGN_StateRunning_Sampling
2025/10/03 12:09:40.3 
2025/10/03 12:09:40.3 STOP SCAN: 
2025/10/03 12:09:40.3    CycleTime (ms)    = 200
2025/10/03 12:09:40.3    CurrentCycle      = 25
2025/10/03 12:09:40.3    RunTime (ms)      = 4956
2025/10/03 12:09:40.3    AverageCycle (ms) = 198.2
2025/10/03 12:09:40.3    Temperature       = 30.0
2025/10/03 12:09:40.3    DATA OVERRUN %    = 0.00
2025/10/03 12:09:40.3    Spec PCB temps    = 40.2, 40.8, 40.9, 40.7, 40.9, 41.0, 39.1, 39.9
2025/10/03 12:09:40.3 
2025/10/03 12:09:40.4 Old State:16-cycle=25, Elapsed Time:    5.0,  Ideal Time:    4.8,  Delay time =   0.02  New State:ENGN_StateRunning_SamplingComplete
2025/10/03 12:09:40.6 Old State:18-ENGN_StateRunning_SamplingComplete New State:ENGN_StateRunning_WaitNewStep
2025/10/03 12:09:40.8 Old State:5-ENGN_StateRunning_WaitNewStep New State:ENGN_StateRunning_StartNewStep
2025/10/03 12:09:40.8 StartShaker(400)
2025/10/03 12:09:41.1 Temp: 2025/10/03 12:09:41, 30.0000
2025/10/03 12:09:41.1 Old State:6-ENGN_StateRunning_StartNewStep New State:ENGN_StateRunning_WaitGoingToSample
2025/10/03 12:09:41.1 Sample96_Q(0, 0, 11)
2025/10/03 12:09:41.2 GMC_SetPosZ
2025/10/03 12:09:41.2 
2025/10/03 12:09:41.2 START SCAN: 
2025/10/03 12:09:41.2    CycleTime (ms)    = 200
2025/10/03 12:09:41.2    CycleCount        = 25
2025/10/03 12:09:41.2    ScansToAverage    = 20
2025/10/03 12:09:41.2    FinishTime (s)    = 5
2025/10/03 12:09:41.2    Temperature       = 30.0
2025/10/03 12:09:41.2    Lamp Power        = 36
2025/10/03 12:09:41.2    Spec PCB temps    = 40.2, 40.8, 40.9, 40.7, 40.9, 41.0, 39.1, 39.9
2025/10/03 12:09:41.2 
2025/10/03 12:09:41.3 Old State:12-ENGN_StateRunning_WaitGoingToSample New State:ENGN_StateRunning_GoingToSample
2025/10/03 12:09:46.1 GMC_ServoHere
2025/10/03 12:09:46.2 GMC_SetPosXY
2025/10/03 12:09:46.6 GMC_SetPosZ
2025/10/03 12:09:52.0 Old State:13-cycle=1, Elapsed Time:    0.0,  Ideal Time:    0.0,  Delay time =   0.00  New State:ENGN_StateRunning_GoingToSampleComplete
2025/10/03 12:09:52.1 Old State:14-ENGN_StateRunning_GoingToSampleComplete New State:ENGN_StateRunning_WaitSampling
2025/10/03 12:09:52.1 Step started at: 12:09:41
2025/10/03 12:09:52.1 XYZ movement time  = 10711 ms + Scan start delay = 10700 ms
2025/10/03 12:09:52.2 Old State:15-ENGN_StateRunning_WaitSampling New State:ENGN_StateRunning_Sampling
2025/10/03 12:09:56.8 
2025/10/03 12:09:56.8 STOP SCAN: 
2025/10/03 12:09:56.8    CycleTime (ms)    = 200
2025/10/03 12:09:56.8    CurrentCycle      = 25
2025/10/03 12:09:56.8    RunTime (ms)      = 4966
2025/10/03 12:09:56.8    AverageCycle (ms) = 198.6
2025/10/03 12:09:56.8    Temperature       = 30.0
2025/10/03 12:09:56.8    DATA OVERRUN %    = 0.00
2025/10/03 12:09:56.8    Spec PCB temps    = 40.2, 40.8, 40.9, 40.7, 40.9, 41.0, 39.1, 39.9
2025/10/03 12:09:56.8 
2025/10/03 12:09:56.9 Old State:16-cycle=25, Elapsed Time:    5.0,  Ideal Time:    4.8,  Delay time =   0.04  New State:ENGN_StateRunning_SamplingComplete
2025/10/03 12:09:57.0 Old State:18-ENGN_StateRunning_SamplingComplete New State:ENGN_StateRunning_WaitNewStep
2025/10/03 12:09:57.2 Old State:5-ENGN_StateRunning_WaitNewStep New State:ENGN_StateRunning_StartNewStep
2025/10/03 12:09:57.2 StartShaker(400)
2025/10/03 12:09:57.6 Old State:6-ENGN_StateRunning_StartNewStep New State:ENGN_StateRunning_WaitGoingToSample
2025/10/03 12:09:57.6 Sample96_Q(0, 0, 2)
2025/10/03 12:09:57.6 Temp: 2025/10/03 12:09:57, 30.0000
2025/10/03 12:09:57.7 
2025/10/03 12:09:57.7 START SCAN: 
2025/10/03 12:09:57.7    CycleTime (ms)    = 200
2025/10/03 12:09:57.7    CycleCount        = 600
2025/10/03 12:09:57.7    ScansToAverage    = 20
2025/10/03 12:09:57.7    FinishTime (s)    = 120
2025/10/03 12:09:57.7    Temperature       = 30.0
2025/10/03 12:09:57.7    Lamp Power        = 36
2025/10/03 12:09:57.7    Spec PCB temps    = 40.2, 40.8, 40.9, 40.7, 40.9, 41.0, 39.1, 39.9
2025/10/03 12:09:57.7 
2025/10/03 12:09:57.7 Old State:12-ENGN_StateRunning_WaitGoingToSample New State:ENGN_StateRunning_GoingToSample
2025/10/03 12:09:57.7 GMC_SetPosZ
2025/10/03 12:10:02.9 GMC_ServoHere
2025/10/03 12:10:03.1 GMC_SetPosXY
2025/10/03 12:10:04.7 GMC_SetPosZ
2025/10/03 12:10:07.3 Old State:13-ENGN_StateRunning_GoingToSample New State:ENGN_StateRunning_GoingToSampleComplete
2025/10/03 12:10:07.4 Old State:14-cycle=1, Elapsed Time:    0.0,  Ideal Time:    0.0,  Delay time =   0.00  New State:ENGN_StateRunning_WaitSampling
2025/10/03 12:10:07.4 Step started at: 12:09:57
2025/10/03 12:10:07.4 XYZ movement time  = 9689 ms + Scan start delay = 9663 ms
2025/10/03 12:10:07.5 DFIO: Start writing C:\ForteBio\John\2025_10_03_Beacon48WP_si212&205_p2_\251003_007.frd
2025/10/03 12:10:07.5 DFIO: Finished writing C:\ForteBio\John\2025_10_03_Beacon48WP_si212&205_p2_\251003_007.frd
2025/10/03 12:10:07.5 DFIO: Start writing C:\ForteBio\John\2025_10_03_Beacon48WP_si212&205_p2_\251003_008.frd
2025/10/03 12:10:07.5 DFIO: Finished writing C:\ForteBio\John\2025_10_03_Beacon48WP_si212&205_p2_\251003_008.frd
2025/10/03 12:10:07.5 DFIO: Start writing C:\ForteBio\John\2025_10_03_Beacon48WP_si212&205_p2_\251003_009.frd
2025/10/03 12:10:07.5 DFIO: Finished writing C:\ForteBio\John\2025_10_03_Beacon48WP_si212&205_p2_\251003_009.frd
2025/10/03 12:10:07.5 DFIO: Start writing C:\ForteBio\John\2025_10_03_Beacon48WP_si212&205_p2_\251003_010.frd
2025/10/03 12:10:07.5 DFIO: Finished writing C:\ForteBio\John\2025_10_03_Beacon48WP_si212&205_p2_\251003_010.frd
2025/10/03 12:10:07.5 DFIO: Start writing C:\ForteBio\John\2025_10_03_Beacon48WP_si212&205_p2_\251003_011.frd
2025/10/03 12:10:07.5 DFIO: Finished writing C:\ForteBio\John\2025_10_03_Beacon48WP_si212&205_p2_\251003_011.frd
2025/10/03 12:10:07.5 DFIO: Start writing C:\ForteBio\John\2025_10_03_Beacon48WP_si212&205_p2_\251003_012.frd
2025/10/03 12:10:07.5 DFIO: Finished writing C:\ForteBio\John\2025_10_03_Beacon48WP_si212&205_p2_\251003_012.frd
2025/10/03 12:10:07.5 DFIO: Finished writing C:\ForteBio\John\2025_10_03_Beacon48WP_si212&205_p2_\251003_Manifest.fmx
2025/10/03 12:10:07.5 Old State:15-ENGN_StateRunning_WaitSampling New State:ENGN_StateRunning_Sampling
2025/10/03 12:10:57.6 Temp: 2025/10/03 12:10:57, 30.0000
2025/10/03 12:11:57.6 Temp: 2025/10/03 12:11:57, 30.0000
2025/10/03 12:12:07.2 
2025/10/03 12:12:07.2 STOP SCAN: 
2025/10/03 12:12:07.2    CycleTime (ms)    = 200
2025/10/03 12:12:07.2    CurrentCycle      = 600
2025/10/03 12:12:07.2    RunTime (ms)      = 119978
2025/10/03 12:12:07.2    AverageCycle (ms) = 200.0
2025/10/03 12:12:07.2    Temperature       = 30.0
2025/10/03 12:12:07.2    DATA OVERRUN %    = 0.00
2025/10/03 12:12:07.2    Spec PCB temps    = 40.3, 40.9, 40.9, 40.7, 40.9, 41.0, 39.1, 39.9
2025/10/03 12:12:07.2 
2025/10/03 12:12:07.3 Old State:16-cycle=600, Elapsed Time:  120.0,  Ideal Time:  119.8,  Delay time =   0.04  New State:ENGN_StateRunning_SamplingComplete
2025/10/03 12:12:07.5 Old State:18-ENGN_StateRunning_SamplingComplete New State:ENGN_StateRunning_WaitNewStep
2025/10/03 12:12:07.7 Old State:5-ENGN_StateRunning_WaitNewStep New State:ENGN_StateRunning_StartNewStep
2025/10/03 12:12:07.7 StartShaker(400)
2025/10/03 12:12:08.0 Temp: 2025/10/03 12:12:08, 30.0000
2025/10/03 12:12:08.0 Old State:6-ENGN_StateRunning_StartNewStep New State:ENGN_StateRunning_WaitGoingToSample
2025/10/03 12:12:08.0 Sample96_Q(0, 0, 10)
2025/10/03 12:12:08.2 GMC_SetPosZ
2025/10/03 12:12:08.2 
2025/10/03 12:12:08.2 START SCAN: 
2025/10/03 12:12:08.2    CycleTime (ms)    = 200
2025/10/03 12:12:08.2    CycleCount        = 25
2025/10/03 12:12:08.2    ScansToAverage    = 20
2025/10/03 12:12:08.2    FinishTime (s)    = 5
2025/10/03 12:12:08.2    Temperature       = 30.0
2025/10/03 12:12:08.2    Lamp Power        = 36
2025/10/03 12:12:08.2    Spec PCB temps    = 40.3, 40.9, 40.9, 40.7, 40.9, 41.0, 39.1, 39.9
2025/10/03 12:12:08.2 
2025/10/03 12:12:08.2 Old State:12-ENGN_StateRunning_WaitGoingToSample New State:ENGN_StateRunning_GoingToSample
2025/10/03 12:12:10.7 GMC_ServoHere
2025/10/03 12:12:10.8 GMC_SetPosXY
2025/10/03 12:12:12.3 GMC_SetPosZ
2025/10/03 12:12:17.3 Old State:13-ENGN_StateRunning_GoingToSample New State:ENGN_StateRunning_GoingToSampleComplete
2025/10/03 12:12:17.4 Old State:14-cycle=1, Elapsed Time:    0.0,  Ideal Time:    0.0,  Delay time =   0.00  New State:ENGN_StateRunning_WaitSampling
2025/10/03 12:12:17.4 Step started at: 12:12:08
2025/10/03 12:12:17.4 XYZ movement time  = 9154 ms + Scan start delay = 9125 ms
2025/10/03 12:12:17.5 Old State:15-ENGN_StateRunning_WaitSampling New State:ENGN_StateRunning_Sampling
2025/10/03 12:12:22.1 
2025/10/03 12:12:22.1 STOP SCAN: 
2025/10/03 12:12:22.1    CycleTime (ms)    = 200
2025/10/03 12:12:22.1    CurrentCycle      = 25
2025/10/03 12:12:22.1    RunTime (ms)      = 4955
2025/10/03 12:12:22.1    AverageCycle (ms) = 198.2
2025/10/03 12:12:22.1    Temperature       = 30.0
2025/10/03 12:12:22.1    DATA OVERRUN %    = 0.00
2025/10/03 12:12:22.1    Spec PCB temps    = 40.3, 40.9, 41.0, 40.7, 40.9, 41.0, 39.1, 39.9
2025/10/03 12:12:22.1 
2025/10/03 12:12:22.2 Old State:16-cycle=25, Elapsed Time:    5.0,  Ideal Time:    4.8,  Delay time =   0.05  New State:ENGN_StateRunning_SamplingComplete
2025/10/03 12:12:22.4 Old State:18-ENGN_StateRunning_SamplingComplete New State:ENGN_StateRunning_WaitNewStep
2025/10/03 12:12:22.7 Old State:5-ENGN_StateRunning_WaitNewStep New State:ENGN_StateRunning_StartNewStep
2025/10/03 12:12:22.7 StartShaker(400)
2025/10/03 12:12:23.1 Old State:6-ENGN_StateRunning_StartNewStep New State:ENGN_StateRunning_WaitGoingToSample
2025/10/03 12:12:23.1 Sample96_Q(0, 0, 11)
2025/10/03 12:12:23.1 Temp: 2025/10/03 12:12:23, 30.0000
2025/10/03 12:12:23.2 GMC_SetPosZ
2025/10/03 12:12:23.2 
2025/10/03 12:12:23.2 START SCAN: 
2025/10/03 12:12:23.2    CycleTime (ms)    = 200
2025/10/03 12:12:23.2    CycleCount        = 25
2025/10/03 12:12:23.2    ScansToAverage    = 20
2025/10/03 12:12:23.2    FinishTime (s)    = 5
2025/10/03 12:12:23.2    Temperature       = 30.0
2025/10/03 12:12:23.2    Lamp Power        = 36
2025/10/03 12:12:23.2    Spec PCB temps    = 40.3, 40.9, 41.0, 40.7, 40.9, 41.0, 39.1, 39.9
2025/10/03 12:12:23.2 
2025/10/03 12:12:23.2 Old State:12-ENGN_StateRunning_WaitGoingToSample New State:ENGN_StateRunning_GoingToSample
2025/10/03 12:12:28.0 GMC_ServoHere
2025/10/03 12:12:28.2 GMC_SetPosXY
2025/10/03 12:12:28.6 GMC_SetPosZ
2025/10/03 12:12:34.0 Old State:13-cycle=1, Elapsed Time:    0.0,  Ideal Time:    0.0,  Delay time =   0.00  New State:ENGN_StateRunning_GoingToSampleComplete
2025/10/03 12:12:34.1 Old State:14-ENGN_StateRunning_GoingToSampleComplete New State:ENGN_StateRunning_WaitSampling
2025/10/03 12:12:34.1 Step started at: 12:12:23
2025/10/03 12:12:34.1 XYZ movement time  = 10784 ms + Scan start delay = 10708 ms
2025/10/03 12:12:34.2 Old State:15-ENGN_StateRunning_WaitSampling New State:ENGN_StateRunning_Sampling
2025/10/03 12:12:38.7 
2025/10/03 12:12:38.7 STOP SCAN: 
2025/10/03 12:12:38.7    CycleTime (ms)    = 200
2025/10/03 12:12:38.7    CurrentCycle      = 25
2025/10/03 12:12:38.7    RunTime (ms)      = 4955
2025/10/03 12:12:38.7    AverageCycle (ms) = 198.2
2025/10/03 12:12:38.7    Temperature       = 30.0
2025/10/03 12:12:38.7    DATA OVERRUN %    = 0.00
2025/10/03 12:12:38.7    Spec PCB temps    = 40.3, 40.9, 40.9, 40.7, 40.9, 41.0, 39.1, 39.9
2025/10/03 12:12:38.7 
2025/10/03 12:12:38.9 Old State:16-cycle=25, Elapsed Time:    5.0,  Ideal Time:    4.8,  Delay time =   0.04  New State:ENGN_StateRunning_SamplingComplete
2025/10/03 12:12:39.0 Old State:18-ENGN_StateRunning_SamplingComplete New State:ENGN_StateRunning_WaitNewStep
2025/10/03 12:12:39.2 Old State:5-ENGN_StateRunning_WaitNewStep New State:ENGN_StateRunning_StartNewStep
2025/10/03 12:12:39.2 StartShaker(400)
2025/10/03 12:12:39.5 Temp: 2025/10/03 12:12:39, 30.0000
2025/10/03 12:12:39.6 Old State:6-ENGN_StateRunning_StartNewStep New State:ENGN_StateRunning_WaitGoingToSample
2025/10/03 12:12:39.6 Sample96_Q(0, 0, 10)
2025/10/03 12:12:39.6 GMC_SetPosZ
2025/10/03 12:12:39.7 
2025/10/03 12:12:39.7 START SCAN: 
2025/10/03 12:12:39.7    CycleTime (ms)    = 200
2025/10/03 12:12:39.7    CycleCount        = 25
2025/10/03 12:12:39.7    ScansToAverage    = 20
2025/10/03 12:12:39.7    FinishTime (s)    = 5
2025/10/03 12:12:39.7    Temperature       = 30.0
2025/10/03 12:12:39.7    Lamp Power        = 36
2025/10/03 12:12:39.7    Spec PCB temps    = 40.3, 40.9, 40.9, 40.7, 40.9, 41.0, 39.1, 39.9
2025/10/03 12:12:39.7 
2025/10/03 12:12:39.7 Old State:12-ENGN_StateRunning_WaitGoingToSample New State:ENGN_StateRunning_GoingToSample
2025/10/03 12:12:44.8 GMC_ServoHere
2025/10/03 12:12:44.9 GMC_SetPosXY
2025/10/03 12:12:45.3 GMC_SetPosZ
2025/10/03 12:12:50.4 Old State:13-cycle=1, Elapsed Time:    0.0,  Ideal Time:    0.0,  Delay time =   0.00  New State:ENGN_StateRunning_GoingToSampleComplete
2025/10/03 12:12:50.5 Old State:14-ENGN_StateRunning_GoingToSampleComplete New State:ENGN_StateRunning_WaitSampling
2025/10/03 12:12:50.5 Step started at: 12:12:39
2025/10/03 12:12:50.5 XYZ movement time  = 10647 ms + Scan start delay = 10639 ms
2025/10/03 12:12:50.6 Old State:15-ENGN_StateRunning_WaitSampling New State:ENGN_StateRunning_Sampling
2025/10/03 12:12:55.2 
2025/10/03 12:12:55.2 STOP SCAN: 
2025/10/03 12:12:55.2    CycleTime (ms)    = 200
2025/10/03 12:12:55.2    CurrentCycle      = 25
2025/10/03 12:12:55.2    RunTime (ms)      = 4954
2025/10/03 12:12:55.2    AverageCycle (ms) = 198.2
2025/10/03 12:12:55.2    Temperature       = 30.0
2025/10/03 12:12:55.2    DATA OVERRUN %    = 0.00
2025/10/03 12:12:55.2    Spec PCB temps    = 40.3, 40.9, 41.0, 40.7, 40.9, 41.0, 39.1, 39.9
2025/10/03 12:12:55.2 
2025/10/03 12:12:55.2 Old State:16-cycle=25, Elapsed Time:    5.0,  Ideal Time:    4.8,  Delay time =   0.02  New State:ENGN_StateRunning_SamplingComplete
2025/10/03 12:12:55.4 Old State:18-ENGN_StateRunning_SamplingComplete New State:ENGN_StateRunning_WaitNewStep
2025/10/03 12:12:55.7 Old State:5-ENGN_StateRunning_WaitNewStep New State:ENGN_StateRunning_StartNewStep
2025/10/03 12:12:55.7 StartShaker(400)
2025/10/03 12:12:56.0 Temp: 2025/10/03 12:12:56, 30.0000
2025/10/03 12:12:56.0 Old State:6-ENGN_StateRunning_StartNewStep New State:ENGN_StateRunning_WaitGoingToSample
2025/10/03 12:12:56.0 Sample96_Q(0, 0, 11)
2025/10/03 12:12:56.1 GMC_SetPosZ
2025/10/03 12:12:56.1 
2025/10/03 12:12:56.1 START SCAN: 
2025/10/03 12:12:56.1    CycleTime (ms)    = 200
2025/10/03 12:12:56.1    CycleCount        = 25
2025/10/03 12:12:56.1    ScansToAverage    = 20
2025/10/03 12:12:56.1    FinishTime (s)    = 5
2025/10/03 12:12:56.1    Temperature       = 30.0
2025/10/03 12:12:56.1    Lamp Power        = 36
2025/10/03 12:12:56.1    Spec PCB temps    = 40.3, 40.9, 40.9, 40.7, 40.9, 41.0, 39.1, 39.9
2025/10/03 12:12:56.1 
2025/10/03 12:12:56.2 Old State:12-ENGN_StateRunning_WaitGoingToSample New State:ENGN_StateRunning_GoingToSample
2025/10/03 12:13:00.9 GMC_ServoHere
2025/10/03 12:13:01.0 GMC_SetPosXY
2025/10/03 12:13:01.4 GMC_SetPosZ
2025/10/03 12:13:06.8 Old State:13-cycle=1, Elapsed Time:    0.0,  Ideal Time:    0.0,  Delay time =   0.00  New State:ENGN_StateRunning_GoingToSampleComplete
2025/10/03 12:13:06.9 Old State:14-ENGN_StateRunning_GoingToSampleComplete New State:ENGN_StateRunning_WaitSampling
2025/10/03 12:13:06.9 Step started at: 12:12:56
2025/10/03 12:13:06.9 XYZ movement time  = 10550 ms + Scan start delay = 10547 ms
2025/10/03 12:13:07.0 Old State:15-ENGN_StateRunning_WaitSampling New State:ENGN_StateRunning_Sampling
2025/10/03 12:13:11.6 
2025/10/03 12:13:11.6 STOP SCAN: 
2025/10/03 12:13:11.6    CycleTime (ms)    = 200
2025/10/03 12:13:11.6    CurrentCycle      = 25
2025/10/03 12:13:11.6    RunTime (ms)      = 4955
2025/10/03 12:13:11.6    AverageCycle (ms) = 198.2
2025/10/03 12:13:11.6    Temperature       = 30.0
2025/10/03 12:13:11.6    DATA OVERRUN %    = 0.00
2025/10/03 12:13:11.6    Spec PCB temps    = 40.3, 40.9, 40.9, 40.7, 40.9, 41.0, 39.1, 39.9
2025/10/03 12:13:11.6 
2025/10/03 12:13:11.7 Old State:16-cycle=25, Elapsed Time:    5.0,  Ideal Time:    4.8,  Delay time =   0.05  New State:ENGN_StateRunning_SamplingComplete
2025/10/03 12:13:11.8 Old State:18-ENGN_StateRunning_SamplingComplete New State:ENGN_StateRunning_WaitNewStep
2025/10/03 12:13:12.2 Old State:5-ENGN_StateRunning_WaitNewStep New State:ENGN_StateRunning_StartNewStep
2025/10/03 12:13:12.2 StartShaker(400)
2025/10/03 12:13:12.5 Temp: 2025/10/03 12:13:12, 30.0000
2025/10/03 12:13:12.5 Old State:6-ENGN_StateRunning_StartNewStep New State:ENGN_StateRunning_WaitGoingToSample
2025/10/03 12:13:12.5 Sample96_Q(0, 0, 10)
2025/10/03 12:13:12.6 
2025/10/03 12:13:12.6 START SCAN: 
2025/10/03 12:13:12.6    CycleTime (ms)    = 200
2025/10/03 12:13:12.6    CycleCount        = 25
2025/10/03 12:13:12.6    ScansToAverage    = 20
2025/10/03 12:13:12.6    FinishTime (s)    = 5
2025/10/03 12:13:12.6    Temperature       = 30.0
2025/10/03 12:13:12.6    Lamp Power        = 36
2025/10/03 12:13:12.6 GMC_SetPosZ
2025/10/03 12:13:12.6    Spec PCB temps    = 40.4, 40.9, 41.0, 40.7, 40.9, 41.0, 39.1, 39.9
2025/10/03 12:13:12.6 
2025/10/03 12:13:12.7 Old State:12-ENGN_StateRunning_WaitGoingToSample New State:ENGN_StateRunning_GoingToSample
2025/10/03 12:13:17.8 GMC_ServoHere
2025/10/03 12:13:18.0 GMC_SetPosXY
2025/10/03 12:13:18.3 GMC_SetPosZ
2025/10/03 12:13:23.4 Old State:13-cycle=1, Elapsed Time:    0.0,  Ideal Time:    0.0,  Delay time =   0.00  New State:ENGN_StateRunning_GoingToSampleComplete
2025/10/03 12:13:23.5 Old State:14-ENGN_StateRunning_GoingToSampleComplete New State:ENGN_StateRunning_WaitSampling
2025/10/03 12:13:23.5 Step started at: 12:13:12
2025/10/03 12:13:23.5 XYZ movement time  = 10770 ms + Scan start delay = 10706 ms
2025/10/03 12:13:23.6 Old State:15-ENGN_StateRunning_WaitSampling New State:ENGN_StateRunning_Sampling
2025/10/03 12:13:28.2 
2025/10/03 12:13:28.2 STOP SCAN: 
2025/10/03 12:13:28.2    CycleTime (ms)    = 200
2025/10/03 12:13:28.2    CurrentCycle      = 25
2025/10/03 12:13:28.2    RunTime (ms)      = 4957
2025/10/03 12:13:28.2    AverageCycle (ms) = 198.3
2025/10/03 12:13:28.2    Temperature       = 30.0
2025/10/03 12:13:28.2    DATA OVERRUN %    = 0.00
2025/10/03 12:13:28.2    Spec PCB temps    = 40.3, 40.9, 40.9, 40.7, 40.9, 41.0, 39.1, 39.9
2025/10/03 12:13:28.2 
2025/10/03 12:13:28.3 Old State:16-cycle=25, Elapsed Time:    5.0,  Ideal Time:    4.8,  Delay time =   0.04  New State:ENGN_StateRunning_SamplingComplete
2025/10/03 12:13:28.4 Old State:18-ENGN_StateRunning_SamplingComplete New State:ENGN_StateRunning_WaitNewStep
2025/10/03 12:13:28.7 Old State:5-ENGN_StateRunning_WaitNewStep New State:ENGN_StateRunning_StartNewStep
2025/10/03 12:13:28.7 StartShaker(400)
2025/10/03 12:13:28.9 Temp: 2025/10/03 12:13:28, 30.0000
2025/10/03 12:13:29.0 Old State:6-ENGN_StateRunning_StartNewStep New State:ENGN_StateRunning_WaitGoingToSample
2025/10/03 12:13:29.0 Sample96_Q(0, 0, 11)
2025/10/03 12:13:29.1 GMC_SetPosZ
2025/10/03 12:13:29.1 
2025/10/03 12:13:29.1 START SCAN: 
2025/10/03 12:13:29.1    CycleTime (ms)    = 200
2025/10/03 12:13:29.1    CycleCount        = 25
2025/10/03 12:13:29.1    ScansToAverage    = 20
2025/10/03 12:13:29.1    FinishTime (s)    = 5
2025/10/03 12:13:29.1    Temperature       = 30.0
2025/10/03 12:13:29.1    Lamp Power        = 36
2025/10/03 12:13:29.1    Spec PCB temps    = 40.3, 40.9, 41.0, 40.7, 40.9, 41.0, 39.2, 39.9
2025/10/03 12:13:29.1 
2025/10/03 12:13:29.2 Old State:12-ENGN_StateRunning_WaitGoingToSample New State:ENGN_StateRunning_GoingToSample
2025/10/03 12:13:33.9 GMC_ServoHere
2025/10/03 12:13:34.1 GMC_SetPosXY
2025/10/03 12:13:34.4 GMC_SetPosZ
2025/10/03 12:13:39.8 Old State:13-cycle=1, Elapsed Time:    0.0,  Ideal Time:    0.0,  Delay time =   0.00  New State:ENGN_StateRunning_GoingToSampleComplete
2025/10/03 12:13:39.9 Old State:14-ENGN_StateRunning_GoingToSampleComplete New State:ENGN_StateRunning_WaitSampling
2025/10/03 12:13:39.9 Step started at: 12:13:29
2025/10/03 12:13:39.9 XYZ movement time  = 10671 ms + Scan start delay = 10653 ms
2025/10/03 12:13:40.0 Old State:15-ENGN_StateRunning_WaitSampling New State:ENGN_StateRunning_Sampling
2025/10/03 12:13:44.6 
2025/10/03 12:13:44.6 STOP SCAN: 
2025/10/03 12:13:44.6    CycleTime (ms)    = 200
2025/10/03 12:13:44.6    CurrentCycle      = 25
2025/10/03 12:13:44.6    RunTime (ms)      = 4956
2025/10/03 12:13:44.6    AverageCycle (ms) = 198.2
2025/10/03 12:13:44.6    Temperature       = 30.0
2025/10/03 12:13:44.6    DATA OVERRUN %    = 0.00
2025/10/03 12:13:44.6    Spec PCB temps    = 40.3, 40.9, 40.9, 40.7, 40.9, 41.0, 39.1, 39.9
2025/10/03 12:13:44.6 
2025/10/03 12:13:44.6 Old State:16-cycle=25, Elapsed Time:    5.0,  Ideal Time:    4.8,  Delay time =   0.02  New State:ENGN_StateRunning_SamplingComplete
2025/10/03 12:13:44.8 Old State:18-ENGN_StateRunning_SamplingComplete New State:ENGN_StateRunning_WaitNewStep
2025/10/03 12:13:45.1 Old State:5-ENGN_StateRunning_WaitNewStep New State:ENGN_StateRunning_StartNewStep
2025/10/03 12:13:45.1 StartShaker(400)
2025/10/03 12:13:45.4 Temp: 2025/10/03 12:13:45, 30.0000
2025/10/03 12:13:45.5 Old State:6-ENGN_StateRunning_StartNewStep New State:ENGN_StateRunning_WaitGoingToSample
2025/10/03 12:13:45.5 Sample96_Q(0, 0, 3)
2025/10/03 12:13:45.5 GMC_SetPosZ
2025/10/03 12:13:45.6 
2025/10/03 12:13:45.6 START SCAN: 
2025/10/03 12:13:45.6    CycleTime (ms)    = 200
2025/10/03 12:13:45.6    CycleCount        = 600
2025/10/03 12:13:45.6    ScansToAverage    = 20
2025/10/03 12:13:45.6    FinishTime (s)    = 120
2025/10/03 12:13:45.6    Temperature       = 30.0
2025/10/03 12:13:45.6    Lamp Power        = 36
2025/10/03 12:13:45.6    Spec PCB temps    = 40.4, 40.9, 41.0, 40.7, 41.0, 41.0, 39.2, 39.9
2025/10/03 12:13:45.6 
2025/10/03 12:13:45.6 Old State:12-ENGN_StateRunning_WaitGoingToSample New State:ENGN_StateRunning_GoingToSample
2025/10/03 12:13:50.6 GMC_ServoHere
2025/10/03 12:13:50.8 GMC_SetPosXY
2025/10/03 12:13:52.2 GMC_SetPosZ
2025/10/03 12:13:55.2 Old State:13-ENGN_StateRunning_GoingToSample New State:ENGN_StateRunning_GoingToSampleComplete
2025/10/03 12:13:55.3 Old State:14-cycle=1, Elapsed Time:    0.0,  Ideal Time:    0.0,  Delay time =   0.00  New State:ENGN_StateRunning_WaitSampling
2025/10/03 12:13:55.3 Step started at: 12:13:45
2025/10/03 12:13:55.3 XYZ movement time  = 9685 ms + Scan start delay = 9652 ms
2025/10/03 12:13:55.4 DFIO: Start writing C:\ForteBio\John\2025_10_03_Beacon48WP_si212&205_p2_\251003_013.frd
2025/10/03 12:13:55.4 DFIO: Finished writing C:\ForteBio\John\2025_10_03_Beacon48WP_si212&205_p2_\251003_013.frd
2025/10/03 12:13:55.4 DFIO: Start writing C:\ForteBio\John\2025_10_03_Beacon48WP_si212&205_p2_\251003_014.frd
2025/10/03 12:13:55.4 DFIO: Finished writing C:\ForteBio\John\2025_10_03_Beacon48WP_si212&205_p2_\251003_014.frd
2025/10/03 12:13:55.4 DFIO: Start writing C:\ForteBio\John\2025_10_03_Beacon48WP_si212&205_p2_\251003_015.frd
2025/10/03 12:13:55.4 DFIO: Finished writing C:\ForteBio\John\2025_10_03_Beacon48WP_si212&205_p2_\251003_015.frd
2025/10/03 12:13:55.4 DFIO: Start writing C:\ForteBio\John\2025_10_03_Beacon48WP_si212&205_p2_\251003_016.frd
2025/10/03 12:13:55.4 DFIO: Finished writing C:\ForteBio\John\2025_10_03_Beacon48WP_si212&205_p2_\251003_016.frd
2025/10/03 12:13:55.4 DFIO: Start writing C:\ForteBio\John\2025_10_03_Beacon48WP_si212&205_p2_\251003_017.frd
2025/10/03 12:13:55.4 DFIO: Finished writing C:\ForteBio\John\2025_10_03_Beacon48WP_si212&205_p2_\251003_017.frd
2025/10/03 12:13:55.4 DFIO: Start writing C:\ForteBio\John\2025_10_03_Beacon48WP_si212&205_p2_\251003_018.frd
2025/10/03 12:13:55.4 DFIO: Finished writing C:\ForteBio\John\2025_10_03_Beacon48WP_si212&205_p2_\251003_018.frd
2025/10/03 12:13:55.4 DFIO: Finished writing C:\ForteBio\John\2025_10_03_Beacon48WP_si212&205_p2_\251003_Manifest.fmx
2025/10/03 12:13:55.5 Old State:15-ENGN_StateRunning_WaitSampling New State:ENGN_StateRunning_Sampling
2025/10/03 12:14:45.5 Temp: 2025/10/03 12:14:45, 30.0000
2025/10/03 12:15:45.5 Temp: 2025/10/03 12:15:45, 30.0000
2025/10/03 12:15:55.1 
2025/10/03 12:15:55.1 STOP SCAN: 
2025/10/03 12:15:55.1    CycleTime (ms)    = 200
2025/10/03 12:15:55.1    CurrentCycle      = 600
2025/10/03 12:15:55.1    RunTime (ms)      = 119957
2025/10/03 12:15:55.1    AverageCycle (ms) = 199.9
2025/10/03 12:15:55.1    Temperature       = 30.0
2025/10/03 12:15:55.1    DATA OVERRUN %    = 0.00
2025/10/03 12:15:55.1    Spec PCB temps    = 40.4, 40.9, 41.0, 40.7, 41.0, 41.1, 39.1, 39.9
2025/10/03 12:15:55.1 
2025/10/03 12:15:55.2 Old State:16-cycle=600, Elapsed Time:  120.0,  Ideal Time:  119.8,  Delay time =   0.00  New State:ENGN_StateRunning_SamplingComplete
2025/10/03 12:15:55.3 Old State:18-ENGN_StateRunning_SamplingComplete New State:ENGN_StateRunning_WaitNewStep
2025/10/03 12:15:55.6 Old State:5-ENGN_StateRunning_WaitNewStep New State:ENGN_StateRunning_StartNewStep
2025/10/03 12:15:55.6 StartShaker(400)
2025/10/03 12:15:55.9 Temp: 2025/10/03 12:15:55, 30.0000
2025/10/03 12:15:55.9 Old State:6-ENGN_StateRunning_StartNewStep New State:ENGN_StateRunning_WaitGoingToSample
2025/10/03 12:15:55.9 Sample96_Q(0, 0, 10)
2025/10/03 12:15:56.0 GMC_SetPosZ
2025/10/03 12:15:56.0 
2025/10/03 12:15:56.0 START SCAN: 
2025/10/03 12:15:56.0    CycleTime (ms)    = 200
2025/10/03 12:15:56.0    CycleCount        = 25
2025/10/03 12:15:56.0    ScansToAverage    = 20
2025/10/03 12:15:56.0    FinishTime (s)    = 5
2025/10/03 12:15:56.0    Temperature       = 30.0
2025/10/03 12:15:56.0    Lamp Power        = 36
2025/10/03 12:15:56.0    Spec PCB temps    = 40.4, 40.9, 41.0, 40.7, 41.0, 41.0, 39.1, 39.9
2025/10/03 12:15:56.0 
2025/10/03 12:15:56.1 Old State:12-ENGN_StateRunning_WaitGoingToSample New State:ENGN_StateRunning_GoingToSample
2025/10/03 12:15:58.8 GMC_ServoHere
2025/10/03 12:15:59.0 GMC_SetPosXY
2025/10/03 12:16:00.2 GMC_SetPosZ
2025/10/03 12:16:05.2 Old State:13-ENGN_StateRunning_GoingToSample New State:ENGN_StateRunning_GoingToSampleComplete
2025/10/03 12:16:05.3 Old State:14-cycle=1, Elapsed Time:    0.0,  Ideal Time:    0.0,  Delay time =   0.00  New State:ENGN_StateRunning_WaitSampling
2025/10/03 12:16:05.3 Step started at: 12:15:56
2025/10/03 12:16:05.3 XYZ movement time  = 9215 ms + Scan start delay = 9188 ms
2025/10/03 12:16:05.4 Old State:15-ENGN_StateRunning_WaitSampling New State:ENGN_StateRunning_Sampling
2025/10/03 12:16:10.1 
2025/10/03 12:16:10.1 STOP SCAN: 
2025/10/03 12:16:10.1    CycleTime (ms)    = 200
2025/10/03 12:16:10.1    CurrentCycle      = 25
2025/10/03 12:16:10.1    RunTime (ms)      = 4986
2025/10/03 12:16:10.1    AverageCycle (ms) = 199.4
2025/10/03 12:16:10.1    Temperature       = 30.0
2025/10/03 12:16:10.1    DATA OVERRUN %    = 0.00
2025/10/03 12:16:10.1    Spec PCB temps    = 40.3, 40.9, 41.0, 40.7, 41.0, 41.1, 39.1, 39.9
2025/10/03 12:16:10.1 
2025/10/03 12:16:10.1 Old State:16-cycle=25, Elapsed Time:    5.0,  Ideal Time:    4.8,  Delay time =   0.04  New State:ENGN_StateRunning_SamplingComplete
2025/10/03 12:16:10.3 Old State:18-ENGN_StateRunning_SamplingComplete New State:ENGN_StateRunning_WaitNewStep
2025/10/03 12:16:10.6 Old State:5-ENGN_StateRunning_WaitNewStep New State:ENGN_StateRunning_StartNewStep
2025/10/03 12:16:10.6 StartShaker(400)
2025/10/03 12:16:10.9 Old State:6-ENGN_StateRunning_StartNewStep New State:ENGN_StateRunning_WaitGoingToSample
2025/10/03 12:16:10.9 Sample96_Q(0, 0, 11)
2025/10/03 12:16:11.0 Temp: 2025/10/03 12:16:11, 30.0000
2025/10/03 12:16:11.1 
2025/10/03 12:16:11.1 START SCAN: 
2025/10/03 12:16:11.1    CycleTime (ms)    = 200
2025/10/03 12:16:11.1    CycleCount        = 25
2025/10/03 12:16:11.1    ScansToAverage    = 20
2025/10/03 12:16:11.1    FinishTime (s)    = 5
2025/10/03 12:16:11.1    Temperature       = 30.0
2025/10/03 12:16:11.1    Lamp Power        = 36
2025/10/03 12:16:11.1    Spec PCB temps    = 40.4, 40.9, 41.0, 40.7, 41.0, 41.0, 39.2, 39.9
2025/10/03 12:16:11.1 
2025/10/03 12:16:11.1 Old State:12-ENGN_StateRunning_WaitGoingToSample New State:ENGN_StateRunning_GoingToSample
2025/10/03 12:16:11.1 GMC_SetPosZ
2025/10/03 12:16:15.9 GMC_ServoHere
2025/10/03 12:16:16.1 GMC_SetPosXY
2025/10/03 12:16:16.5 GMC_SetPosZ
2025/10/03 12:16:21.8 Old State:13-cycle=1, Elapsed Time:    0.0,  Ideal Time:    0.0,  Delay time =   0.00  New State:ENGN_StateRunning_GoingToSampleComplete
2025/10/03 12:16:21.9 Old State:14-ENGN_StateRunning_GoingToSampleComplete New State:ENGN_StateRunning_WaitSampling
2025/10/03 12:16:21.9 Step started at: 12:16:11
2025/10/03 12:16:21.9 XYZ movement time  = 10726 ms + Scan start delay = 10693 ms
2025/10/03 12:16:22.0 Old State:15-ENGN_StateRunning_WaitSampling New State:ENGN_StateRunning_Sampling
2025/10/03 12:16:26.6 
2025/10/03 12:16:26.6 STOP SCAN: 
2025/10/03 12:16:26.6    CycleTime (ms)    = 200
2025/10/03 12:16:26.6    CurrentCycle      = 25
2025/10/03 12:16:26.6    RunTime (ms)      = 4992
2025/10/03 12:16:26.6    AverageCycle (ms) = 199.7
2025/10/03 12:16:26.6    Temperature       = 30.0
2025/10/03 12:16:26.6    DATA OVERRUN %    = 0.00
2025/10/03 12:16:26.6    Spec PCB temps    = 40.4, 40.9, 41.0, 40.7, 41.0, 41.0, 39.1, 39.9
2025/10/03 12:16:26.6 
2025/10/03 12:16:26.7 Old State:16-cycle=25, Elapsed Time:    5.0,  Ideal Time:    4.8,  Delay time =   0.04  New State:ENGN_StateRunning_SamplingComplete
2025/10/03 12:16:26.8 Old State:18-ENGN_StateRunning_SamplingComplete New State:ENGN_StateRunning_WaitNewStep
2025/10/03 12:16:27.1 Old State:5-ENGN_StateRunning_WaitNewStep New State:ENGN_StateRunning_StartNewStep
2025/10/03 12:16:27.1 StartShaker(400)
2025/10/03 12:16:27.4 Temp: 2025/10/03 12:16:27, 30.0000
2025/10/03 12:16:27.5 Old State:6-ENGN_StateRunning_StartNewStep New State:ENGN_StateRunning_WaitGoingToSample
2025/10/03 12:16:27.5 Sample96_Q(0, 0, 10)
2025/10/03 12:16:27.5 GMC_SetPosZ
2025/10/03 12:16:27.6 
2025/10/03 12:16:27.6 START SCAN: 
2025/10/03 12:16:27.6    CycleTime (ms)    = 200
2025/10/03 12:16:27.6    CycleCount        = 25
2025/10/03 12:16:27.6    ScansToAverage    = 20
2025/10/03 12:16:27.6    FinishTime (s)    = 5
2025/10/03 12:16:27.6    Temperature       = 30.0
2025/10/03 12:16:27.6    Lamp Power        = 36
2025/10/03 12:16:27.6    Spec PCB temps    = 40.4, 40.9, 41.0, 40.7, 41.0, 41.1, 39.2, 39.9
2025/10/03 12:16:27.6 
2025/10/03 12:16:27.7 Old State:12-ENGN_StateRunning_WaitGoingToSample New State:ENGN_StateRunning_GoingToSample
2025/10/03 12:16:32.7 GMC_ServoHere
2025/10/03 12:16:32.8 GMC_SetPosXY
2025/10/03 12:16:33.2 GMC_SetPosZ
2025/10/03 12:16:38.3 Old State:13-cycle=1, Elapsed Time:    0.0,  Ideal Time:    0.0,  Delay time =   0.00  New State:ENGN_StateRunning_GoingToSampleComplete
2025/10/03 12:16:38.4 Old State:14-ENGN_StateRunning_GoingToSampleComplete New State:ENGN_StateRunning_WaitSampling
2025/10/03 12:16:38.4 Step started at: 12:16:27
2025/10/03 12:16:38.4 XYZ movement time  = 10673 ms + Scan start delay = 10641 ms
2025/10/03 12:16:38.5 Old State:15-ENGN_StateRunning_WaitSampling New State:ENGN_StateRunning_Sampling
2025/10/03 12:16:43.1 
2025/10/03 12:16:43.1 STOP SCAN: 
2025/10/03 12:16:43.1    CycleTime (ms)    = 200
2025/10/03 12:16:43.1    CurrentCycle      = 25
2025/10/03 12:16:43.1    RunTime (ms)      = 4956
2025/10/03 12:16:43.1    AverageCycle (ms) = 198.2
2025/10/03 12:16:43.1    Temperature       = 30.0
2025/10/03 12:16:43.1    DATA OVERRUN %    = 0.00
2025/10/03 12:16:43.1    Spec PCB temps    = 40.4, 40.9, 41.0, 40.7, 41.0, 41.0, 39.2, 39.9
2025/10/03 12:16:43.1 
2025/10/03 12:16:43.2 Old State:16-cycle=25, Elapsed Time:    5.0,  Ideal Time:    4.8,  Delay time =   0.04  New State:ENGN_StateRunning_SamplingComplete
2025/10/03 12:16:43.3 Old State:18-ENGN_StateRunning_SamplingComplete New State:ENGN_StateRunning_WaitNewStep
2025/10/03 12:16:43.6 Old State:5-ENGN_StateRunning_WaitNewStep New State:ENGN_StateRunning_StartNewStep
2025/10/03 12:16:43.6 StartShaker(400)
2025/10/03 12:16:43.9 Old State:6-ENGN_StateRunning_StartNewStep New State:ENGN_StateRunning_WaitGoingToSample
2025/10/03 12:16:43.9 Sample96_Q(0, 0, 11)
2025/10/03 12:16:43.9 Temp: 2025/10/03 12:16:43, 30.0000
2025/10/03 12:16:44.0 GMC_SetPosZ
2025/10/03 12:16:44.1 
2025/10/03 12:16:44.1 START SCAN: 
2025/10/03 12:16:44.1    CycleTime (ms)    = 200
2025/10/03 12:16:44.1    CycleCount        = 25
2025/10/03 12:16:44.1    ScansToAverage    = 20
2025/10/03 12:16:44.1    FinishTime (s)    = 5
2025/10/03 12:16:44.1    Temperature       = 30.0
2025/10/03 12:16:44.1    Lamp Power        = 36
2025/10/03 12:16:44.1    Spec PCB temps    = 40.4, 40.9, 41.0, 40.7, 41.0, 41.0, 39.2, 39.9
2025/10/03 12:16:44.1 
2025/10/03 12:16:44.1 Old State:12-ENGN_StateRunning_WaitGoingToSample New State:ENGN_StateRunning_GoingToSample
2025/10/03 12:16:48.8 GMC_ServoHere
2025/10/03 12:16:49.0 GMC_SetPosXY
2025/10/03 12:16:49.3 GMC_SetPosZ
2025/10/03 12:16:54.8 Old State:13-cycle=1, Elapsed Time:    0.0,  Ideal Time:    0.0,  Delay time =   0.00  New State:ENGN_StateRunning_GoingToSampleComplete
2025/10/03 12:16:54.9 Old State:14-ENGN_StateRunning_GoingToSampleComplete New State:ENGN_StateRunning_WaitSampling
2025/10/03 12:16:54.9 Step started at: 12:16:44
2025/10/03 12:16:54.9 XYZ movement time  = 10691 ms + Scan start delay = 10662 ms
2025/10/03 12:16:55.0 Old State:15-ENGN_StateRunning_WaitSampling New State:ENGN_StateRunning_Sampling
2025/10/03 12:16:59.5 
2025/10/03 12:16:59.5 STOP SCAN: 
2025/10/03 12:16:59.5    CycleTime (ms)    = 200
2025/10/03 12:16:59.5    CurrentCycle      = 25
2025/10/03 12:16:59.5    RunTime (ms)      = 4955
2025/10/03 12:16:59.5    AverageCycle (ms) = 198.2
2025/10/03 12:16:59.5    Temperature       = 30.0
2025/10/03 12:16:59.5    DATA OVERRUN %    = 0.00
2025/10/03 12:16:59.5    Spec PCB temps    = 40.4, 40.9, 41.0, 40.7, 41.0, 41.0, 39.2, 39.9
2025/10/03 12:16:59.5 
2025/10/03 12:16:59.6 Old State:16-cycle=25, Elapsed Time:    5.0,  Ideal Time:    4.8,  Delay time =   0.02  New State:ENGN_StateRunning_SamplingComplete
2025/10/03 12:16:59.7 Old State:18-ENGN_StateRunning_SamplingComplete New State:ENGN_StateRunning_WaitNewStep
2025/10/03 12:17:00.1 Old State:5-ENGN_StateRunning_WaitNewStep New State:ENGN_StateRunning_StartNewStep
2025/10/03 12:17:00.1 StartShaker(400)
2025/10/03 12:17:00.4 Temp: 2025/10/03 12:17:00, 30.0000
2025/10/03 12:17:00.4 Old State:6-ENGN_StateRunning_StartNewStep New State:ENGN_StateRunning_WaitGoingToSample
2025/10/03 12:17:00.4 Sample96_Q(0, 0, 10)
2025/10/03 12:17:00.5 
2025/10/03 12:17:00.5 START SCAN: 
2025/10/03 12:17:00.5    CycleTime (ms)    = 200
2025/10/03 12:17:00.5    CycleCount        = 25
2025/10/03 12:17:00.5    ScansToAverage    = 20
2025/10/03 12:17:00.5    FinishTime (s)    = 5
2025/10/03 12:17:00.5    Temperature       = 30.0
2025/10/03 12:17:00.5    Lamp Power        = 36
2025/10/03 12:17:00.5    Spec PCB temps    = 40.4, 40.9, 41.0, 40.7, 41.0, 41.0, 39.2, 39.9
2025/10/03 12:17:00.5 
2025/10/03 12:17:00.6 GMC_SetPosZ
2025/10/03 12:17:00.6 Old State:12-ENGN_StateRunning_WaitGoingToSample New State:ENGN_StateRunning_GoingToSample
2025/10/03 12:17:05.8 GMC_ServoHere
2025/10/03 12:17:05.9 GMC_SetPosXY
2025/10/03 12:17:06.3 GMC_SetPosZ
2025/10/03 12:17:11.3 Old State:13-cycle=1, Elapsed Time:    0.0,  Ideal Time:    0.0,  Delay time =   0.00  New State:ENGN_StateRunning_GoingToSampleComplete
2025/10/03 12:17:11.4 Old State:14-ENGN_StateRunning_GoingToSampleComplete New State:ENGN_StateRunning_WaitSampling
2025/10/03 12:17:11.4 Step started at: 12:17:00
2025/10/03 12:17:11.4 XYZ movement time  = 10743 ms + Scan start delay = 10735 ms
2025/10/03 12:17:11.5 Old State:15-ENGN_StateRunning_WaitSampling New State:ENGN_StateRunning_Sampling
2025/10/03 12:17:16.1 
2025/10/03 12:17:16.1 STOP SCAN: 
2025/10/03 12:17:16.1    CycleTime (ms)    = 200
2025/10/03 12:17:16.1    CurrentCycle      = 25
2025/10/03 12:17:16.1    RunTime (ms)      = 4975
2025/10/03 12:17:16.1    AverageCycle (ms) = 199.0
2025/10/03 12:17:16.1    Temperature       = 30.0
2025/10/03 12:17:16.1    DATA OVERRUN %    = 0.00
2025/10/03 12:17:16.1    Spec PCB temps    = 40.4, 40.9, 41.0, 40.7, 41.0, 41.0, 39.2, 39.9
2025/10/03 12:17:16.1 
2025/10/03 12:17:16.2 Old State:16-cycle=25, Elapsed Time:    5.0,  Ideal Time:    4.8,  Delay time =   0.04  New State:ENGN_StateRunning_SamplingComplete
2025/10/03 12:17:16.4 Old State:18-ENGN_StateRunning_SamplingComplete New State:ENGN_StateRunning_WaitNewStep
2025/10/03 12:17:16.6 Old State:5-ENGN_StateRunning_WaitNewStep New State:ENGN_StateRunning_StartNewStep
2025/10/03 12:17:16.6 StartShaker(400)
2025/10/03 12:17:16.9 Temp: 2025/10/03 12:17:16, 30.0000
2025/10/03 12:17:16.9 Old State:6-ENGN_StateRunning_StartNewStep New State:ENGN_StateRunning_WaitGoingToSample
2025/10/03 12:17:16.9 Sample96_Q(0, 0, 11)
2025/10/03 12:17:17.0 GMC_SetPosZ
2025/10/03 12:17:17.0 
2025/10/03 12:17:17.0 START SCAN: 
2025/10/03 12:17:17.0    CycleTime (ms)    = 200
2025/10/03 12:17:17.0    CycleCount        = 25
2025/10/03 12:17:17.0    ScansToAverage    = 20
2025/10/03 12:17:17.0    FinishTime (s)    = 5
2025/10/03 12:17:17.0    Temperature       = 30.0
2025/10/03 12:17:17.0    Lamp Power        = 36
2025/10/03 12:17:17.0    Spec PCB temps    = 40.4, 40.9, 41.0, 40.7, 41.0, 41.0, 39.2, 39.9
2025/10/03 12:17:17.0 
2025/10/03 12:17:17.1 Old State:12-ENGN_StateRunning_WaitGoingToSample New State:ENGN_StateRunning_GoingToSample
2025/10/03 12:17:21.8 GMC_ServoHere
2025/10/03 12:17:22.0 GMC_SetPosXY
2025/10/03 12:17:22.4 GMC_SetPosZ
2025/10/03 12:17:27.8 Old State:13-cycle=1, Elapsed Time:    0.0,  Ideal Time:    0.0,  Delay time =   0.00  New State:ENGN_StateRunning_GoingToSampleComplete
2025/10/03 12:17:27.9 Old State:14-ENGN_StateRunning_GoingToSampleComplete New State:ENGN_StateRunning_WaitSampling
2025/10/03 12:17:27.9 Step started at: 12:17:17
2025/10/03 12:17:27.9 XYZ movement time  = 10667 ms + Scan start delay = 10638 ms
2025/10/03 12:17:28.0 Old State:15-ENGN_StateRunning_WaitSampling New State:ENGN_StateRunning_Sampling
2025/10/03 12:17:32.5 
2025/10/03 12:17:32.5 STOP SCAN: 
2025/10/03 12:17:32.5    CycleTime (ms)    = 200
2025/10/03 12:17:32.5    CurrentCycle      = 25
2025/10/03 12:17:32.5    RunTime (ms)      = 4956
2025/10/03 12:17:32.5    AverageCycle (ms) = 198.2
2025/10/03 12:17:32.5    Temperature       = 30.0
2025/10/03 12:17:32.5    DATA OVERRUN %    = 0.00
2025/10/03 12:17:32.5    Spec PCB temps    = 40.4, 40.9, 41.0, 40.7, 41.0, 41.0, 39.2, 39.9
2025/10/03 12:17:32.5 
2025/10/03 12:17:32.7 Old State:16-cycle=25, Elapsed Time:    5.0,  Ideal Time:    4.8,  Delay time =   0.04  New State:ENGN_StateRunning_SamplingComplete
2025/10/03 12:17:32.8 Old State:18-ENGN_StateRunning_SamplingComplete New State:ENGN_StateRunning_WaitNewStep
2025/10/03 12:17:33.0 Old State:5-ENGN_StateRunning_WaitNewStep New State:ENGN_StateRunning_StartNewStep
2025/10/03 12:17:33.0 StartShaker(400)
2025/10/03 12:17:33.3 Temp: 2025/10/03 12:17:33, 30.0000
2025/10/03 12:17:33.4 Old State:6-ENGN_StateRunning_StartNewStep New State:ENGN_StateRunning_WaitGoingToSample
2025/10/03 12:17:33.4 Sample96_Q(0, 0, 4)
2025/10/03 12:17:33.4 GMC_SetPosZ
2025/10/03 12:17:33.5 
2025/10/03 12:17:33.5 START SCAN: 
2025/10/03 12:17:33.5    CycleTime (ms)    = 200
2025/10/03 12:17:33.5    CycleCount        = 600
2025/10/03 12:17:33.5    ScansToAverage    = 20
2025/10/03 12:17:33.5    FinishTime (s)    = 120
2025/10/03 12:17:33.5    Temperature       = 30.0
2025/10/03 12:17:33.5    Lamp Power        = 36
2025/10/03 12:17:33.5    Spec PCB temps    = 40.4, 40.9, 41.0, 40.7, 41.0, 41.0, 39.2, 39.9
2025/10/03 12:17:33.5 
2025/10/03 12:17:33.6 Old State:12-ENGN_StateRunning_WaitGoingToSample New State:ENGN_StateRunning_GoingToSample
2025/10/03 12:17:38.5 GMC_ServoHere
2025/10/03 12:17:38.7 GMC_SetPosXY
2025/10/03 12:17:39.9 GMC_SetPosZ
2025/10/03 12:17:43.3 Old State:13-cycle=1, Elapsed Time:    0.0,  Ideal Time:    0.0,  Delay time =   0.00  New State:ENGN_StateRunning_GoingToSampleComplete
2025/10/03 12:17:43.3 DFIO: Start writing C:\ForteBio\John\2025_10_03_Beacon48WP_si212&205_p2_\251003_019.frd
2025/10/03 12:17:43.3 DFIO: Finished writing C:\ForteBio\John\2025_10_03_Beacon48WP_si212&205_p2_\251003_019.frd
2025/10/03 12:17:43.3 DFIO: Start writing C:\ForteBio\John\2025_10_03_Beacon48WP_si212&205_p2_\251003_020.frd
2025/10/03 12:17:43.3 DFIO: Finished writing C:\ForteBio\John\2025_10_03_Beacon48WP_si212&205_p2_\251003_020.frd
2025/10/03 12:17:43.3 DFIO: Start writing C:\ForteBio\John\2025_10_03_Beacon48WP_si212&205_p2_\251003_021.frd
2025/10/03 12:17:43.3 DFIO: Finished writing C:\ForteBio\John\2025_10_03_Beacon48WP_si212&205_p2_\251003_021.frd
2025/10/03 12:17:43.3 DFIO: Start writing C:\ForteBio\John\2025_10_03_Beacon48WP_si212&205_p2_\251003_022.frd
2025/10/03 12:17:43.3 DFIO: Finished writing C:\ForteBio\John\2025_10_03_Beacon48WP_si212&205_p2_\251003_022.frd
2025/10/03 12:17:43.3 DFIO: Start writing C:\ForteBio\John\2025_10_03_Beacon48WP_si212&205_p2_\251003_023.frd
2025/10/03 12:17:43.3 DFIO: Finished writing C:\ForteBio\John\2025_10_03_Beacon48WP_si212&205_p2_\251003_023.frd
2025/10/03 12:17:43.3 DFIO: Start writing C:\ForteBio\John\2025_10_03_Beacon48WP_si212&205_p2_\251003_024.frd
2025/10/03 12:17:43.3 DFIO: Finished writing C:\ForteBio\John\2025_10_03_Beacon48WP_si212&205_p2_\251003_024.frd
2025/10/03 12:17:43.3 DFIO: Finished writing C:\ForteBio\John\2025_10_03_Beacon48WP_si212&205_p2_\251003_Manifest.fmx
2025/10/03 12:17:43.5 Old State:14-ENGN_StateRunning_GoingToSampleComplete New State:ENGN_StateRunning_WaitSampling
2025/10/03 12:17:43.5 Step started at: 12:17:33
2025/10/03 12:17:43.5 XYZ movement time  = 9816 ms + Scan start delay = 9748 ms
2025/10/03 12:17:43.6 Old State:15-ENGN_StateRunning_WaitSampling New State:ENGN_StateRunning_Sampling
2025/10/03 12:18:33.4 Temp: 2025/10/03 12:18:33, 30.0000
2025/10/03 12:19:33.4 Temp: 2025/10/03 12:19:33, 30.0000
2025/10/03 12:19:43.1 
2025/10/03 12:19:43.1 STOP SCAN: 
2025/10/03 12:19:43.1    CycleTime (ms)    = 200
2025/10/03 12:19:43.1    CurrentCycle      = 600
2025/10/03 12:19:43.1    RunTime (ms)      = 119994
2025/10/03 12:19:43.1    AverageCycle (ms) = 200.0
2025/10/03 12:19:43.1    Temperature       = 30.0
2025/10/03 12:19:43.1    DATA OVERRUN %    = 0.00
2025/10/03 12:19:43.1    Spec PCB temps    = 40.4, 40.9, 41.0, 40.7, 41.0, 41.0, 39.2, 39.9
2025/10/03 12:19:43.1 
2025/10/03 12:19:43.2 Old State:16-cycle=600, Elapsed Time:  120.0,  Ideal Time:  119.8,  Delay time =   0.04  New State:ENGN_StateRunning_SamplingComplete
2025/10/03 12:19:43.4 Old State:18-ENGN_StateRunning_SamplingComplete New State:ENGN_StateRunning_WaitNewStep
2025/10/03 12:19:43.5 Old State:5-ENGN_StateRunning_WaitNewStep New State:ENGN_StateRunning_StartNewStep
2025/10/03 12:19:43.5 StartShaker(400)
2025/10/03 12:19:43.8 Temp: 2025/10/03 12:19:43, 30.0000
2025/10/03 12:19:43.8 Old State:6-ENGN_StateRunning_StartNewStep New State:ENGN_StateRunning_WaitGoingToSample
2025/10/03 12:19:43.8 Sample96_Q(0, 0, 10)
2025/10/03 12:19:43.9 
2025/10/03 12:19:43.9 START SCAN: 
2025/10/03 12:19:43.9    CycleTime (ms)    = 200
2025/10/03 12:19:43.9    CycleCount        = 25
2025/10/03 12:19:43.9    ScansToAverage    = 20
2025/10/03 12:19:43.9    FinishTime (s)    = 5
2025/10/03 12:19:43.9    Temperature       = 30.0
2025/10/03 12:19:43.9    Lamp Power        = 36
2025/10/03 12:19:43.9    Spec PCB temps    = 40.4, 40.9, 41.0, 40.7, 41.0, 41.0, 39.2, 39.9
2025/10/03 12:19:43.9 
2025/10/03 12:19:44.0 GMC_SetPosZ
2025/10/03 12:19:44.0 Old State:12-ENGN_StateRunning_WaitGoingToSample New State:ENGN_StateRunning_GoingToSample
2025/10/03 12:19:47.1 GMC_ServoHere
2025/10/03 12:19:47.3 GMC_SetPosXY
2025/10/03 12:19:48.4 GMC_SetPosZ
2025/10/03 12:19:53.3 Old State:13-ENGN_StateRunning_GoingToSample New State:ENGN_StateRunning_GoingToSampleComplete
2025/10/03 12:19:53.5 Old State:14-cycle=1, Elapsed Time:    0.0,  Ideal Time:    0.0,  Delay time =   0.00  New State:ENGN_StateRunning_WaitSampling
2025/10/03 12:19:53.5 Step started at: 12:19:43
2025/10/03 12:19:53.5 XYZ movement time  = 9434 ms + Scan start delay = 9393 ms
2025/10/03 12:19:53.6 Old State:15-ENGN_StateRunning_WaitSampling New State:ENGN_StateRunning_Sampling
2025/10/03 12:19:58.2 
2025/10/03 12:19:58.2 STOP SCAN: 
2025/10/03 12:19:58.2    CycleTime (ms)    = 200
2025/10/03 12:19:58.2    CurrentCycle      = 25
2025/10/03 12:19:58.2    RunTime (ms)      = 5001
2025/10/03 12:19:58.2    AverageCycle (ms) = 200.0
2025/10/03 12:19:58.2    Temperature       = 30.0
2025/10/03 12:19:58.2    DATA OVERRUN %    = 0.00
2025/10/03 12:19:58.2    Spec PCB temps    = 40.4, 40.9, 41.0, 40.7, 41.0, 41.1, 39.2, 39.9
2025/10/03 12:19:58.2 
2025/10/03 12:19:58.3 Old State:16-cycle=25, Elapsed Time:    5.0,  Ideal Time:    4.8,  Delay time =   0.04  New State:ENGN_StateRunning_SamplingComplete
2025/10/03 12:19:58.4 Old State:18-ENGN_StateRunning_SamplingComplete New State:ENGN_StateRunning_WaitNewStep
2025/10/03 12:19:58.5 Old State:5-ENGN_StateRunning_WaitNewStep New State:ENGN_StateRunning_StartNewStep
2025/10/03 12:19:58.5 StartShaker(400)
2025/10/03 12:19:58.9 Temp: 2025/10/03 12:19:58, 30.0000
2025/10/03 12:19:58.9 Old State:6-ENGN_StateRunning_StartNewStep New State:ENGN_StateRunning_WaitGoingToSample
2025/10/03 12:19:58.9 Sample96_Q(0, 0, 11)
2025/10/03 12:19:58.9 GMC_SetPosZ
2025/10/03 12:19:59.0 
2025/10/03 12:19:59.0 START SCAN: 
2025/10/03 12:19:59.0    CycleTime (ms)    = 200
2025/10/03 12:19:59.0    CycleCount        = 25
2025/10/03 12:19:59.0    ScansToAverage    = 20
2025/10/03 12:19:59.0    FinishTime (s)    = 5
2025/10/03 12:19:59.0    Temperature       = 30.0
2025/10/03 12:19:59.0    Lamp Power        = 36
2025/10/03 12:19:59.0    Spec PCB temps    = 40.4, 40.9, 41.0, 40.7, 41.0, 41.1, 39.2, 39.9
2025/10/03 12:19:59.0 
2025/10/03 12:19:59.1 Old State:12-ENGN_StateRunning_WaitGoingToSample New State:ENGN_StateRunning_GoingToSample
2025/10/03 12:20:03.7 GMC_ServoHere
2025/10/03 12:20:03.9 GMC_SetPosXY
2025/10/03 12:20:04.3 GMC_SetPosZ
2025/10/03 12:20:09.7 Old State:13-cycle=1, Elapsed Time:    0.0,  Ideal Time:    0.0,  Delay time =   0.00  New State:ENGN_StateRunning_GoingToSampleComplete
2025/10/03 12:20:09.8 Old State:14-ENGN_StateRunning_GoingToSampleComplete New State:ENGN_StateRunning_WaitSampling
2025/10/03 12:20:09.8 Step started at: 12:19:58
2025/10/03 12:20:09.8 XYZ movement time  = 10672 ms + Scan start delay = 10603 ms
2025/10/03 12:20:09.9 Old State:15-ENGN_StateRunning_WaitSampling New State:ENGN_StateRunning_Sampling
2025/10/03 12:20:14.5 
2025/10/03 12:20:14.5 STOP SCAN: 
2025/10/03 12:20:14.5    CycleTime (ms)    = 200
2025/10/03 12:20:14.5    CurrentCycle      = 25
2025/10/03 12:20:14.5    RunTime (ms)      = 4966
2025/10/03 12:20:14.5    AverageCycle (ms) = 198.6
2025/10/03 12:20:14.5    Temperature       = 30.0
2025/10/03 12:20:14.5    DATA OVERRUN %    = 0.00
2025/10/03 12:20:14.5    Spec PCB temps    = 40.4, 40.9, 41.0, 40.7, 41.0, 41.1, 39.2, 39.9
2025/10/03 12:20:14.5 
2025/10/03 12:20:14.6 Old State:16-cycle=25, Elapsed Time:    5.0,  Ideal Time:    4.8,  Delay time =   0.02  New State:ENGN_StateRunning_SamplingComplete
2025/10/03 12:20:14.7 Old State:18-ENGN_StateRunning_SamplingComplete New State:ENGN_StateRunning_WaitNewStep
2025/10/03 12:20:15.1 Old State:5-ENGN_StateRunning_WaitNewStep New State:ENGN_StateRunning_StartNewStep
2025/10/03 12:20:15.1 StartShaker(400)
2025/10/03 12:20:15.3 Temp: 2025/10/03 12:20:15, 30.0000
2025/10/03 12:20:15.4 Old State:6-ENGN_StateRunning_StartNewStep New State:ENGN_StateRunning_WaitGoingToSample
2025/10/03 12:20:15.4 Sample96_Q(0, 0, 10)
2025/10/03 12:20:15.5 GMC_SetPosZ
2025/10/03 12:20:15.5 
2025/10/03 12:20:15.5 START SCAN: 
2025/10/03 12:20:15.5    CycleTime (ms)    = 200
2025/10/03 12:20:15.5    CycleCount        = 25
2025/10/03 12:20:15.5    ScansToAverage    = 20
2025/10/03 12:20:15.5    FinishTime (s)    = 5
2025/10/03 12:20:15.5    Temperature       = 30.0
2025/10/03 12:20:15.5    Lamp Power        = 36
2025/10/03 12:20:15.5    Spec PCB temps    = 40.4, 40.9, 41.0, 40.7, 41.0, 41.0, 39.2, 39.9
2025/10/03 12:20:15.5 
2025/10/03 12:20:15.6 Old State:12-ENGN_StateRunning_WaitGoingToSample New State:ENGN_StateRunning_GoingToSample
2025/10/03 12:20:20.7 GMC_ServoHere
2025/10/03 12:20:20.8 GMC_SetPosXY
2025/10/03 12:20:21.2 GMC_SetPosZ
2025/10/03 12:20:26.2 Old State:13-ENGN_StateRunning_GoingToSample New State:ENGN_StateRunning_GoingToSampleComplete
2025/10/03 12:20:26.4 Old State:14-cycle=1, Elapsed Time:    0.0,  Ideal Time:    0.0,  Delay time =   0.00  New State:ENGN_StateRunning_WaitSampling
2025/10/03 12:20:26.4 Step started at: 12:20:15
2025/10/03 12:20:26.4 XYZ movement time  = 10746 ms + Scan start delay = 10752 ms
2025/10/03 12:20:26.5 Old State:15-ENGN_StateRunning_WaitSampling New State:ENGN_StateRunning_Sampling
2025/10/03 12:20:31.1 
2025/10/03 12:20:31.1 STOP SCAN: 
2025/10/03 12:20:31.1    CycleTime (ms)    = 200
2025/10/03 12:20:31.1    CurrentCycle      = 25
2025/10/03 12:20:31.1    RunTime (ms)      = 4956
2025/10/03 12:20:31.1    AverageCycle (ms) = 198.2
2025/10/03 12:20:31.1    Temperature       = 30.0
2025/10/03 12:20:31.1    DATA OVERRUN %    = 0.00
2025/10/03 12:20:31.1    Spec PCB temps    = 40.4, 40.9, 41.0, 40.7, 41.0, 41.0, 39.2, 39.9
2025/10/03 12:20:31.1 
2025/10/03 12:20:31.3 Old State:16-cycle=25, Elapsed Time:    5.0,  Ideal Time:    4.8,  Delay time =   0.04  New State:ENGN_StateRunning_SamplingComplete
2025/10/03 12:20:31.4 Old State:18-ENGN_StateRunning_SamplingComplete New State:ENGN_StateRunning_WaitNewStep
2025/10/03 12:20:31.9 Old State:5-ENGN_StateRunning_WaitNewStep New State:ENGN_StateRunning_StartNewStep
2025/10/03 12:20:31.9 StartShaker(400)
2025/10/03 12:20:32.1 Temp: 2025/10/03 12:20:32, 30.0000
2025/10/03 12:20:32.2 Old State:6-ENGN_StateRunning_StartNewStep New State:ENGN_StateRunning_WaitGoingToSample
2025/10/03 12:20:32.2 Sample96_Q(0, 0, 11)
2025/10/03 12:20:32.3 
2025/10/03 12:20:32.3 START SCAN: 
2025/10/03 12:20:32.3    CycleTime (ms)    = 200
2025/10/03 12:20:32.3    CycleCount        = 25
2025/10/03 12:20:32.3    ScansToAverage    = 20
2025/10/03 12:20:32.3    FinishTime (s)    = 5
2025/10/03 12:20:32.3    Temperature       = 30.0
2025/10/03 12:20:32.3    Lamp Power        = 36
2025/10/03 12:20:32.3    Spec PCB temps    = 40.4, 40.9, 41.0, 40.7, 41.0, 41.1, 39.2, 39.9
2025/10/03 12:20:32.3 
2025/10/03 12:20:32.3 GMC_SetPosZ
2025/10/03 12:20:32.4 Old State:12-ENGN_StateRunning_WaitGoingToSample New State:ENGN_StateRunning_GoingToSample
2025/10/03 12:20:37.1 GMC_ServoHere
2025/10/03 12:20:37.3 GMC_SetPosXY
2025/10/03 12:20:37.7 GMC_SetPosZ
2025/10/03 12:20:43.1 Old State:13-cycle=1, Elapsed Time:    0.0,  Ideal Time:    0.0,  Delay time =   0.00  New State:ENGN_StateRunning_GoingToSampleComplete
2025/10/03 12:20:43.2 Old State:14-ENGN_StateRunning_GoingToSampleComplete New State:ENGN_StateRunning_WaitSampling
2025/10/03 12:20:43.2 Step started at: 12:20:32
2025/10/03 12:20:43.2 XYZ movement time  = 10696 ms + Scan start delay = 10675 ms
2025/10/03 12:20:43.3 Old State:15-ENGN_StateRunning_WaitSampling New State:ENGN_StateRunning_Sampling
2025/10/03 12:20:47.8 
2025/10/03 12:20:47.8 STOP SCAN: 
2025/10/03 12:20:47.8    CycleTime (ms)    = 200
2025/10/03 12:20:47.8    CurrentCycle      = 25
2025/10/03 12:20:47.8    RunTime (ms)      = 4955
2025/10/03 12:20:47.8    AverageCycle (ms) = 198.2
2025/10/03 12:20:47.8    Temperature       = 30.0
2025/10/03 12:20:47.8    DATA OVERRUN %    = 0.00
2025/10/03 12:20:47.8    Spec PCB temps    = 40.4, 40.9, 41.0, 40.7, 41.0, 41.1, 39.2, 39.9
2025/10/03 12:20:47.8 
2025/10/03 12:20:47.9 Old State:16-cycle=25, Elapsed Time:    5.0,  Ideal Time:    4.8,  Delay time =   0.02  New State:ENGN_StateRunning_SamplingComplete
2025/10/03 12:20:48.1 Old State:18-ENGN_StateRunning_SamplingComplete New State:ENGN_StateRunning_WaitNewStep
2025/10/03 12:20:48.3 Old State:5-ENGN_StateRunning_WaitNewStep New State:ENGN_StateRunning_StartNewStep
2025/10/03 12:20:48.3 StartShaker(400)
2025/10/03 12:20:48.6 Temp: 2025/10/03 12:20:48, 30.0000
2025/10/03 12:20:48.6 Old State:6-ENGN_StateRunning_StartNewStep New State:ENGN_StateRunning_WaitGoingToSample
2025/10/03 12:20:48.6 Sample96_Q(0, 0, 10)
2025/10/03 12:20:48.7 
2025/10/03 12:20:48.7 START SCAN: 
2025/10/03 12:20:48.7    CycleTime (ms)    = 200
2025/10/03 12:20:48.7    CycleCount        = 25
2025/10/03 12:20:48.7    ScansToAverage    = 20
2025/10/03 12:20:48.7    FinishTime (s)    = 5
2025/10/03 12:20:48.7    Temperature       = 30.0
2025/10/03 12:20:48.7    Lamp Power        = 36
2025/10/03 12:20:48.7    Spec PCB temps    = 40.4, 40.9, 41.0, 40.7, 41.0, 41.0, 39.2, 39.9
2025/10/03 12:20:48.7 
2025/10/03 12:20:48.7 GMC_SetPosZ
2025/10/03 12:20:48.8 Old State:12-ENGN_StateRunning_WaitGoingToSample New State:ENGN_StateRunning_GoingToSample
2025/10/03 12:20:53.9 GMC_ServoHere
2025/10/03 12:20:54.1 GMC_SetPosXY
2025/10/03 12:20:54.5 GMC_SetPosZ
2025/10/03 12:20:59.6 Old State:13-cycle=1, Elapsed Time:    0.0,  Ideal Time:    0.0,  Delay time =   0.00  New State:ENGN_StateRunning_GoingToSampleComplete
2025/10/03 12:20:59.7 Old State:14-ENGN_StateRunning_GoingToSampleComplete New State:ENGN_StateRunning_WaitSampling
2025/10/03 12:20:59.7 Step started at: 12:20:48
2025/10/03 12:20:59.7 XYZ movement time  = 10797 ms + Scan start delay = 10763 ms
2025/10/03 12:20:59.8 Old State:15-ENGN_StateRunning_WaitSampling New State:ENGN_StateRunning_Sampling
2025/10/03 12:21:04.4 
2025/10/03 12:21:04.4 STOP SCAN: 
2025/10/03 12:21:04.4    CycleTime (ms)    = 200
2025/10/03 12:21:04.4    CurrentCycle      = 25
2025/10/03 12:21:04.4    RunTime (ms)      = 4965
2025/10/03 12:21:04.4    AverageCycle (ms) = 198.6
2025/10/03 12:21:04.4    Temperature       = 30.0
2025/10/03 12:21:04.4    DATA OVERRUN %    = 0.00
2025/10/03 12:21:04.4    Spec PCB temps    = 40.4, 40.9, 41.0, 40.7, 41.0, 41.1, 39.2, 39.9
2025/10/03 12:21:04.4 
2025/10/03 12:21:04.4 Old State:16-cycle=25, Elapsed Time:    5.0,  Ideal Time:    4.8,  Delay time =   0.04  New State:ENGN_StateRunning_SamplingComplete
2025/10/03 12:21:04.6 Old State:18-ENGN_StateRunning_SamplingComplete New State:ENGN_StateRunning_WaitNewStep
2025/10/03 12:21:04.8 Old State:5-ENGN_StateRunning_WaitNewStep New State:ENGN_StateRunning_StartNewStep
2025/10/03 12:21:04.8 StartShaker(400)
2025/10/03 12:21:05.1 Temp: 2025/10/03 12:21:05, 30.0000
2025/10/03 12:21:05.1 Old State:6-ENGN_StateRunning_StartNewStep New State:ENGN_StateRunning_WaitGoingToSample
2025/10/03 12:21:05.1 Sample96_Q(0, 0, 11)
2025/10/03 12:21:05.2 
2025/10/03 12:21:05.2 START SCAN: 
2025/10/03 12:21:05.2    CycleTime (ms)    = 200
2025/10/03 12:21:05.2    CycleCount        = 25
2025/10/03 12:21:05.2    ScansToAverage    = 20
2025/10/03 12:21:05.2    FinishTime (s)    = 5
2025/10/03 12:21:05.2    Temperature       = 30.0
2025/10/03 12:21:05.2    Lamp Power        = 36
2025/10/03 12:21:05.2    Spec PCB temps    = 40.4, 40.9, 41.1, 40.7, 41.0, 41.0, 39.2, 39.9
2025/10/03 12:21:05.2 
2025/10/03 12:21:05.3 GMC_SetPosZ
2025/10/03 12:21:05.3 Old State:12-ENGN_StateRunning_WaitGoingToSample New State:ENGN_StateRunning_GoingToSample
2025/10/03 12:21:10.1 GMC_ServoHere
2025/10/03 12:21:10.3 GMC_SetPosXY
2025/10/03 12:21:10.6 GMC_SetPosZ
2025/10/03 12:21:15.9 Old State:13-cycle=1, Elapsed Time:    0.0,  Ideal Time:    0.0,  Delay time =   0.00  New State:ENGN_StateRunning_GoingToSampleComplete
2025/10/03 12:21:16.0 Old State:14-ENGN_StateRunning_GoingToSampleComplete New State:ENGN_StateRunning_WaitSampling
2025/10/03 12:21:16.0 Step started at: 12:21:05
2025/10/03 12:21:16.0 XYZ movement time  = 10595 ms + Scan start delay = 10566 ms
2025/10/03 12:21:16.1 Old State:15-ENGN_StateRunning_WaitSampling New State:ENGN_StateRunning_Sampling
2025/10/03 12:21:20.7 
2025/10/03 12:21:20.7 STOP SCAN: 
2025/10/03 12:21:20.7    CycleTime (ms)    = 200
2025/10/03 12:21:20.7    CurrentCycle      = 25
2025/10/03 12:21:20.7    RunTime (ms)      = 4954
2025/10/03 12:21:20.7    AverageCycle (ms) = 198.2
2025/10/03 12:21:20.7    Temperature       = 30.0
2025/10/03 12:21:20.7    DATA OVERRUN %    = 0.00
2025/10/03 12:21:20.7    Spec PCB temps    = 40.4, 40.9, 41.0, 40.7, 41.0, 41.1, 39.2, 39.9
2025/10/03 12:21:20.7 
2025/10/03 12:21:20.8 Old State:16-cycle=25, Elapsed Time:    5.0,  Ideal Time:    4.8,  Delay time =   0.04  New State:ENGN_StateRunning_SamplingComplete
2025/10/03 12:21:20.9 Old State:18-ENGN_StateRunning_SamplingComplete New State:ENGN_StateRunning_WaitNewStep
2025/10/03 12:21:21.2 Old State:5-ENGN_StateRunning_WaitNewStep New State:ENGN_StateRunning_StartNewStep
2025/10/03 12:21:21.2 StartShaker(400)
2025/10/03 12:21:21.6 Temp: 2025/10/03 12:21:21, 30.0000
2025/10/03 12:21:21.6 Old State:6-ENGN_StateRunning_StartNewStep New State:ENGN_StateRunning_WaitGoingToSample
2025/10/03 12:21:21.6 Sample96_Q(0, 0, 5)
2025/10/03 12:21:21.7 
2025/10/03 12:21:21.7 START SCAN: 
2025/10/03 12:21:21.7    CycleTime (ms)    = 200
2025/10/03 12:21:21.7    CycleCount        = 600
2025/10/03 12:21:21.7    ScansToAverage    = 20
2025/10/03 12:21:21.7    FinishTime (s)    = 120
2025/10/03 12:21:21.7    Temperature       = 30.0
2025/10/03 12:21:21.7    Lamp Power        = 36
2025/10/03 12:21:21.7    Spec PCB temps    = 40.4, 40.9, 41.0, 40.7, 41.0, 41.1, 39.2, 39.9
2025/10/03 12:21:21.7 
2025/10/03 12:21:21.7 GMC_SetPosZ
2025/10/03 12:21:21.8 Old State:12-ENGN_StateRunning_WaitGoingToSample New State:ENGN_StateRunning_GoingToSample
2025/10/03 12:21:26.9 GMC_ServoHere
2025/10/03 12:21:27.0 GMC_SetPosXY
2025/10/03 12:21:28.1 GMC_SetPosZ
2025/10/03 12:21:31.7 Old State:13-cycle=1, Elapsed Time:    0.0,  Ideal Time:    0.0,  Delay time =   0.00  New State:ENGN_StateRunning_GoingToSampleComplete
2025/10/03 12:21:31.8 Old State:14-ENGN_StateRunning_GoingToSampleComplete New State:ENGN_StateRunning_WaitSampling
2025/10/03 12:21:31.8 Step started at: 12:21:21
2025/10/03 12:21:31.8 XYZ movement time  = 10018 ms + Scan start delay = 9950 ms
2025/10/03 12:21:31.9 DFIO: Start writing C:\ForteBio\John\2025_10_03_Beacon48WP_si212&205_p2_\251003_025.frd
2025/10/03 12:21:31.9 DFIO: Finished writing C:\ForteBio\John\2025_10_03_Beacon48WP_si212&205_p2_\251003_025.frd
2025/10/03 12:21:31.9 DFIO: Start writing C:\ForteBio\John\2025_10_03_Beacon48WP_si212&205_p2_\251003_026.frd
2025/10/03 12:21:31.9 DFIO: Finished writing C:\ForteBio\John\2025_10_03_Beacon48WP_si212&205_p2_\251003_026.frd
2025/10/03 12:21:31.9 DFIO: Start writing C:\ForteBio\John\2025_10_03_Beacon48WP_si212&205_p2_\251003_027.frd
2025/10/03 12:21:31.9 DFIO: Finished writing C:\ForteBio\John\2025_10_03_Beacon48WP_si212&205_p2_\251003_027.frd
2025/10/03 12:21:31.9 DFIO: Start writing C:\ForteBio\John\2025_10_03_Beacon48WP_si212&205_p2_\251003_028.frd
2025/10/03 12:21:31.9 DFIO: Finished writing C:\ForteBio\John\2025_10_03_Beacon48WP_si212&205_p2_\251003_028.frd
2025/10/03 12:21:31.9 DFIO: Start writing C:\ForteBio\John\2025_10_03_Beacon48WP_si212&205_p2_\251003_029.frd
2025/10/03 12:21:31.9 DFIO: Finished writing C:\ForteBio\John\2025_10_03_Beacon48WP_si212&205_p2_\251003_029.frd
2025/10/03 12:21:31.9 DFIO: Start writing C:\ForteBio\John\2025_10_03_Beacon48WP_si212&205_p2_\251003_030.frd
2025/10/03 12:21:31.9 DFIO: Finished writing C:\ForteBio\John\2025_10_03_Beacon48WP_si212&205_p2_\251003_030.frd
2025/10/03 12:21:31.9 DFIO: Finished writing C:\ForteBio\John\2025_10_03_Beacon48WP_si212&205_p2_\251003_Manifest.fmx
2025/10/03 12:21:32.0 Old State:15-ENGN_StateRunning_WaitSampling New State:ENGN_StateRunning_Sampling
2025/10/03 12:22:21.6 Temp: 2025/10/03 12:22:21, 30.0000
2025/10/03 12:23:21.6 Temp: 2025/10/03 12:23:21, 30.0000
2025/10/03 12:23:31.5 
2025/10/03 12:23:31.5 STOP SCAN: 
2025/10/03 12:23:31.5    CycleTime (ms)    = 200
2025/10/03 12:23:31.5    CurrentCycle      = 600
2025/10/03 12:23:31.5    RunTime (ms)      = 119956
2025/10/03 12:23:31.5    AverageCycle (ms) = 199.9
2025/10/03 12:23:31.5    Temperature       = 30.0
2025/10/03 12:23:31.5    DATA OVERRUN %    = 0.00
2025/10/03 12:23:31.5    Spec PCB temps    = 40.4, 40.9, 41.1, 40.7, 41.0, 41.1, 39.2, 39.9
2025/10/03 12:23:31.5 
2025/10/03 12:23:31.6 Old State:16-cycle=600, Elapsed Time:  120.0,  Ideal Time:  119.8,  Delay time =   0.04  New State:ENGN_StateRunning_SamplingComplete
2025/10/03 12:23:31.7 Old State:18-ENGN_StateRunning_SamplingComplete New State:ENGN_StateRunning_WaitNewStep
2025/10/03 12:23:32.0 Old State:5-ENGN_StateRunning_WaitNewStep New State:ENGN_StateRunning_StartNewStep
2025/10/03 12:23:32.0 StartShaker(400)
2025/10/03 12:23:32.3 Old State:6-ENGN_StateRunning_StartNewStep New State:ENGN_StateRunning_WaitGoingToSample
2025/10/03 12:23:32.3 Sample96_Q(0, 0, 10)
2025/10/03 12:23:32.3 Temp: 2025/10/03 12:23:32, 30.0000
2025/10/03 12:23:32.4 
2025/10/03 12:23:32.4 START SCAN: 
2025/10/03 12:23:32.4    CycleTime (ms)    = 200
2025/10/03 12:23:32.4    CycleCount        = 25
2025/10/03 12:23:32.4    ScansToAverage    = 20
2025/10/03 12:23:32.4    FinishTime (s)    = 5
2025/10/03 12:23:32.4    Temperature       = 30.0
2025/10/03 12:23:32.4    Lamp Power        = 36
2025/10/03 12:23:32.4    Spec PCB temps    = 40.4, 40.9, 41.1, 40.7, 41.0, 41.1, 39.2, 39.9
2025/10/03 12:23:32.4 
2025/10/03 12:23:32.5 GMC_SetPosZ
2025/10/03 12:23:32.5 Old State:12-ENGN_StateRunning_WaitGoingToSample New State:ENGN_StateRunning_GoingToSample
2025/10/03 12:23:35.8 GMC_ServoHere
2025/10/03 12:23:35.9 GMC_SetPosXY
2025/10/03 12:23:36.8 GMC_SetPosZ
2025/10/03 12:23:41.8 Old State:13-ENGN_StateRunning_GoingToSample New State:ENGN_StateRunning_GoingToSampleComplete
2025/10/03 12:23:41.9 Old State:14-cycle=1, Elapsed Time:    0.0,  Ideal Time:    0.0,  Delay time =   0.00  New State:ENGN_StateRunning_WaitSampling
2025/10/03 12:23:41.9 Step started at: 12:23:32
2025/10/03 12:23:41.9 XYZ movement time  = 9426 ms + Scan start delay = 9435 ms
2025/10/03 12:23:42.0 Old State:15-ENGN_StateRunning_WaitSampling New State:ENGN_StateRunning_Sampling
2025/10/03 12:23:46.7 
2025/10/03 12:23:46.7 STOP SCAN: 
2025/10/03 12:23:46.7    CycleTime (ms)    = 200
2025/10/03 12:23:46.7    CurrentCycle      = 25
2025/10/03 12:23:46.7    RunTime (ms)      = 4956
2025/10/03 12:23:46.7    AverageCycle (ms) = 198.2
2025/10/03 12:23:46.7    Temperature       = 30.0
2025/10/03 12:23:46.7    DATA OVERRUN %    = 0.00
2025/10/03 12:23:46.7    Spec PCB temps    = 40.4, 40.9, 41.0, 40.7, 41.0, 41.1, 39.2, 39.9
2025/10/03 12:23:46.7 
2025/10/03 12:23:46.8 Old State:16-cycle=25, Elapsed Time:    5.0,  Ideal Time:    4.8,  Delay time =   0.01  New State:ENGN_StateRunning_SamplingComplete
2025/10/03 12:23:47.0 Old State:18-ENGN_StateRunning_SamplingComplete New State:ENGN_StateRunning_WaitNewStep
2025/10/03 12:23:47.1 Old State:5-ENGN_StateRunning_WaitNewStep New State:ENGN_StateRunning_StartNewStep
2025/10/03 12:23:47.1 StartShaker(400)
2025/10/03 12:23:47.4 Old State:6-ENGN_StateRunning_StartNewStep New State:ENGN_StateRunning_WaitGoingToSample
2025/10/03 12:23:47.4 Sample96_Q(0, 0, 11)
2025/10/03 12:23:47.4 Temp: 2025/10/03 12:23:47, 30.0000
2025/10/03 12:23:47.5 
2025/10/03 12:23:47.5 START SCAN: 
2025/10/03 12:23:47.5    CycleTime (ms)    = 200
2025/10/03 12:23:47.5    CycleCount        = 25
2025/10/03 12:23:47.5    ScansToAverage    = 20
2025/10/03 12:23:47.5    FinishTime (s)    = 5
2025/10/03 12:23:47.5    Temperature       = 30.0
2025/10/03 12:23:47.5    Lamp Power        = 36
2025/10/03 12:23:47.5    Spec PCB temps    = 40.4, 40.9, 41.0, 40.8, 41.0, 41.1, 39.2, 39.9
2025/10/03 12:23:47.5 
2025/10/03 12:23:47.6 GMC_SetPosZ
2025/10/03 12:23:47.6 Old State:12-ENGN_StateRunning_WaitGoingToSample New State:ENGN_StateRunning_GoingToSample
2025/10/03 12:23:52.4 GMC_ServoHere
2025/10/03 12:23:52.5 GMC_SetPosXY
2025/10/03 12:23:52.9 GMC_SetPosZ
2025/10/03 12:23:58.4 Old State:13-cycle=1, Elapsed Time:    0.0,  Ideal Time:    0.0,  Delay time =   0.00  New State:ENGN_StateRunning_GoingToSampleComplete
2025/10/03 12:23:58.5 Old State:14-ENGN_StateRunning_GoingToSampleComplete New State:ENGN_StateRunning_WaitSampling
2025/10/03 12:23:58.5 Step started at: 12:23:47
2025/10/03 12:23:58.5 XYZ movement time  = 10795 ms + Scan start delay = 10766 ms
2025/10/03 12:23:58.6 Old State:15-ENGN_StateRunning_WaitSampling New State:ENGN_StateRunning_Sampling
2025/10/03 12:24:03.2 
2025/10/03 12:24:03.2 STOP SCAN: 
2025/10/03 12:24:03.2    CycleTime (ms)    = 200
2025/10/03 12:24:03.2    CurrentCycle      = 25
2025/10/03 12:24:03.2    RunTime (ms)      = 5008
2025/10/03 12:24:03.2    AverageCycle (ms) = 200.3
2025/10/03 12:24:03.2    Temperature       = 30.0
2025/10/03 12:24:03.2    DATA OVERRUN %    = 0.00
2025/10/03 12:24:03.2    Spec PCB temps    = 40.4, 40.9, 41.1, 40.7, 41.0, 41.1, 39.2, 39.9
2025/10/03 12:24:03.2 
2025/10/03 12:24:03.3 Old State:16-cycle=25, Elapsed Time:    5.0,  Ideal Time:    4.8,  Delay time =   0.05  New State:ENGN_StateRunning_SamplingComplete
2025/10/03 12:24:03.5 Old State:18-ENGN_StateRunning_SamplingComplete New State:ENGN_StateRunning_WaitNewStep
2025/10/03 12:24:03.6 Old State:5-ENGN_StateRunning_WaitNewStep New State:ENGN_StateRunning_StartNewStep
2025/10/03 12:24:03.6 StartShaker(400)
2025/10/03 12:24:03.9 Temp: 2025/10/03 12:24:03, 30.0000
2025/10/03 12:24:03.9 Old State:6-ENGN_StateRunning_StartNewStep New State:ENGN_StateRunning_WaitGoingToSample
2025/10/03 12:24:03.9 Sample96_Q(0, 0, 10)
2025/10/03 12:24:04.0 
2025/10/03 12:24:04.0 START SCAN: 
2025/10/03 12:24:04.0    CycleTime (ms)    = 200
2025/10/03 12:24:04.0    CycleCount        = 25
2025/10/03 12:24:04.0    ScansToAverage    = 20
2025/10/03 12:24:04.0    FinishTime (s)    = 5
2025/10/03 12:24:04.0    Temperature       = 30.0
2025/10/03 12:24:04.0    Lamp Power        = 36
2025/10/03 12:24:04.0    Spec PCB temps    = 40.4, 40.9, 41.1, 40.8, 41.0, 41.1, 39.2, 39.9
2025/10/03 12:24:04.0 
2025/10/03 12:24:04.0 GMC_SetPosZ
2025/10/03 12:24:04.1 Old State:12-ENGN_StateRunning_WaitGoingToSample New State:ENGN_StateRunning_GoingToSample
2025/10/03 12:24:09.2 GMC_ServoHere
2025/10/03 12:24:09.4 GMC_SetPosXY
2025/10/03 12:24:09.8 GMC_SetPosZ
2025/10/03 12:24:14.9 Old State:13-cycle=1, Elapsed Time:    0.0,  Ideal Time:    0.0,  Delay time =   0.00  New State:ENGN_StateRunning_GoingToSampleComplete
2025/10/03 12:24:15.0 Old State:14-ENGN_StateRunning_GoingToSampleComplete New State:ENGN_StateRunning_WaitSampling
2025/10/03 12:24:15.0 Step started at: 12:24:04
2025/10/03 12:24:15.0 XYZ movement time  = 10816 ms + Scan start delay = 10779 ms
2025/10/03 12:24:15.1 Old State:15-ENGN_StateRunning_WaitSampling New State:ENGN_StateRunning_Sampling
2025/10/03 12:24:19.7 
2025/10/03 12:24:19.7 STOP SCAN: 
2025/10/03 12:24:19.7    CycleTime (ms)    = 200
2025/10/03 12:24:19.7    CurrentCycle      = 25
2025/10/03 12:24:19.7    RunTime (ms)      = 4985
2025/10/03 12:24:19.7    AverageCycle (ms) = 199.4
2025/10/03 12:24:19.7    Temperature       = 30.0
2025/10/03 12:24:19.7    DATA OVERRUN %    = 0.00
2025/10/03 12:24:19.7    Spec PCB temps    = 40.4, 40.9, 41.0, 40.8, 41.0, 41.1, 39.2, 39.9
2025/10/03 12:24:19.7 
2025/10/03 12:24:19.8 Old State:16-cycle=25, Elapsed Time:    5.0,  Ideal Time:    4.8,  Delay time =   0.04  New State:ENGN_StateRunning_SamplingComplete
2025/10/03 12:24:19.9 Old State:18-ENGN_StateRunning_SamplingComplete New State:ENGN_StateRunning_WaitNewStep
2025/10/03 12:24:20.1 Old State:5-ENGN_StateRunning_WaitNewStep New State:ENGN_StateRunning_StartNewStep
2025/10/03 12:24:20.1 StartShaker(400)
2025/10/03 12:24:20.4 Temp: 2025/10/03 12:24:20, 30.0000
2025/10/03 12:24:20.4 Old State:6-ENGN_StateRunning_StartNewStep New State:ENGN_StateRunning_WaitGoingToSample
2025/10/03 12:24:20.4 Sample96_Q(0, 0, 11)
2025/10/03 12:24:20.5 
2025/10/03 12:24:20.5 START SCAN: 
2025/10/03 12:24:20.5    CycleTime (ms)    = 200
2025/10/03 12:24:20.5    CycleCount        = 25
2025/10/03 12:24:20.5    ScansToAverage    = 20
2025/10/03 12:24:20.5    FinishTime (s)    = 5
2025/10/03 12:24:20.5    Temperature       = 30.0
2025/10/03 12:24:20.5    Lamp Power        = 36
2025/10/03 12:24:20.5    Spec PCB temps    = 40.4, 40.9, 41.0, 40.8, 41.0, 41.1, 39.2, 40.0
2025/10/03 12:24:20.5 
2025/10/03 12:24:20.6 GMC_SetPosZ
2025/10/03 12:24:20.6 Old State:12-ENGN_StateRunning_WaitGoingToSample New State:ENGN_StateRunning_GoingToSample
2025/10/03 12:24:25.4 GMC_ServoHere
2025/10/03 12:24:25.6 GMC_SetPosXY
2025/10/03 12:24:25.9 GMC_SetPosZ
2025/10/03 12:24:31.3 Old State:13-cycle=1, Elapsed Time:    0.0,  Ideal Time:    0.0,  Delay time =   0.00  New State:ENGN_StateRunning_GoingToSampleComplete
2025/10/03 12:24:31.4 Old State:14-ENGN_StateRunning_GoingToSampleComplete New State:ENGN_StateRunning_WaitSampling
2025/10/03 12:24:31.4 Step started at: 12:24:20
2025/10/03 12:24:31.4 XYZ movement time  = 10710 ms + Scan start delay = 10682 ms
2025/10/03 12:24:31.5 Old State:15-ENGN_StateRunning_WaitSampling New State:ENGN_StateRunning_Sampling
2025/10/03 12:24:36.1 
2025/10/03 12:24:36.1 STOP SCAN: 
2025/10/03 12:24:36.1    CycleTime (ms)    = 200
2025/10/03 12:24:36.1    CurrentCycle      = 25
2025/10/03 12:24:36.1    RunTime (ms)      = 4956
2025/10/03 12:24:36.1    AverageCycle (ms) = 198.2
2025/10/03 12:24:36.1    Temperature       = 30.0
2025/10/03 12:24:36.1    DATA OVERRUN %    = 0.00
2025/10/03 12:24:36.1    Spec PCB temps    = 40.4, 40.9, 41.1, 40.7, 41.0, 41.1, 39.2, 39.9
2025/10/03 12:24:36.1 
2025/10/03 12:24:36.2 Old State:16-cycle=25, Elapsed Time:    5.0,  Ideal Time:    4.8,  Delay time =   0.04  New State:ENGN_StateRunning_SamplingComplete
2025/10/03 12:24:36.3 Old State:18-ENGN_StateRunning_SamplingComplete New State:ENGN_StateRunning_WaitNewStep
2025/10/03 12:24:36.5 Old State:5-ENGN_StateRunning_WaitNewStep New State:ENGN_StateRunning_StartNewStep
2025/10/03 12:24:36.5 StartShaker(400)
2025/10/03 12:24:36.8 Temp: 2025/10/03 12:24:36, 30.0000
2025/10/03 12:24:36.9 Old State:6-ENGN_StateRunning_StartNewStep New State:ENGN_StateRunning_WaitGoingToSample
2025/10/03 12:24:36.9 Sample96_Q(0, 0, 10)
2025/10/03 12:24:37.0 
2025/10/03 12:24:37.0 START SCAN: 
2025/10/03 12:24:37.0    CycleTime (ms)    = 200
2025/10/03 12:24:37.0    CycleCount        = 25
2025/10/03 12:24:37.0    ScansToAverage    = 20
2025/10/03 12:24:37.0    FinishTime (s)    = 5
2025/10/03 12:24:37.0    Temperature       = 30.0
2025/10/03 12:24:37.0    Lamp Power        = 36
2025/10/03 12:24:37.0    Spec PCB temps    = 40.4, 40.9, 41.0, 40.7, 41.0, 41.1, 39.2, 39.9
2025/10/03 12:24:37.0 
2025/10/03 12:24:37.0 GMC_SetPosZ
2025/10/03 12:24:37.1 Old State:12-ENGN_StateRunning_WaitGoingToSample New State:ENGN_StateRunning_GoingToSample
2025/10/03 12:24:42.2 GMC_ServoHere
2025/10/03 12:24:42.3 GMC_SetPosXY
2025/10/03 12:24:42.7 GMC_SetPosZ
2025/10/03 12:24:47.8 Old State:13-cycle=1, Elapsed Time:    0.0,  Ideal Time:    0.0,  Delay time =   0.00  New State:ENGN_StateRunning_GoingToSampleComplete
2025/10/03 12:24:47.9 Old State:14-ENGN_StateRunning_GoingToSampleComplete New State:ENGN_StateRunning_WaitSampling
2025/10/03 12:24:47.9 Step started at: 12:24:36
2025/10/03 12:24:47.9 XYZ movement time  = 10713 ms + Scan start delay = 10711 ms
2025/10/03 12:24:48.0 Old State:15-ENGN_StateRunning_WaitSampling New State:ENGN_StateRunning_Sampling
2025/10/03 12:24:52.6 
2025/10/03 12:24:52.6 STOP SCAN: 
2025/10/03 12:24:52.6    CycleTime (ms)    = 200
2025/10/03 12:24:52.6    CurrentCycle      = 25
2025/10/03 12:24:52.6    RunTime (ms)      = 4974
2025/10/03 12:24:52.6    AverageCycle (ms) = 199.0
2025/10/03 12:24:52.6    Temperature       = 30.0
2025/10/03 12:24:52.6    DATA OVERRUN %    = 0.00
2025/10/03 12:24:52.6    Spec PCB temps    = 40.4, 40.9, 41.0, 40.8, 41.0, 41.1, 39.2, 40.0
2025/10/03 12:24:52.6 
2025/10/03 12:24:52.7 Old State:16-cycle=25, Elapsed Time:    5.0,  Ideal Time:    4.8,  Delay time =   0.04  New State:ENGN_StateRunning_SamplingComplete
2025/10/03 12:24:52.8 Old State:18-ENGN_StateRunning_SamplingComplete New State:ENGN_StateRunning_WaitNewStep
2025/10/03 12:24:52.9 Old State:5-ENGN_StateRunning_WaitNewStep New State:ENGN_StateRunning_StartNewStep
2025/10/03 12:24:53.0 StartShaker(400)
2025/10/03 12:24:53.3 Old State:6-ENGN_StateRunning_StartNewStep New State:ENGN_StateRunning_WaitGoingToSample
2025/10/03 12:24:53.3 Sample96_Q(0, 0, 11)
2025/10/03 12:24:53.3 Temp: 2025/10/03 12:24:53, 30.0000
2025/10/03 12:24:53.4 
2025/10/03 12:24:53.4 START SCAN: 
2025/10/03 12:24:53.4    CycleTime (ms)    = 200
2025/10/03 12:24:53.4    CycleCount        = 25
2025/10/03 12:24:53.4    ScansToAverage    = 20
2025/10/03 12:24:53.4    FinishTime (s)    = 5
2025/10/03 12:24:53.4    Temperature       = 30.0
2025/10/03 12:24:53.4    Lamp Power        = 36
2025/10/03 12:24:53.4    Spec PCB temps    = 40.4, 40.9, 41.1, 40.7, 41.0, 41.1, 39.2, 40.0
2025/10/03 12:24:53.4 
2025/10/03 12:24:53.5 GMC_SetPosZ
2025/10/03 12:24:53.5 Old State:12-ENGN_StateRunning_WaitGoingToSample New State:ENGN_StateRunning_GoingToSample
2025/10/03 12:24:58.3 GMC_ServoHere
2025/10/03 12:24:58.4 GMC_SetPosXY
2025/10/03 12:24:58.8 GMC_SetPosZ
2025/10/03 12:25:04.2 Old State:13-cycle=1, Elapsed Time:    0.0,  Ideal Time:    0.0,  Delay time =   0.00  New State:ENGN_StateRunning_GoingToSampleComplete
2025/10/03 12:25:04.3 Old State:14-ENGN_StateRunning_GoingToSampleComplete New State:ENGN_StateRunning_WaitSampling
2025/10/03 12:25:04.3 Step started at: 12:24:53
2025/10/03 12:25:04.3 XYZ movement time  = 10775 ms + Scan start delay = 10766 ms
2025/10/03 12:25:04.4 Old State:15-ENGN_StateRunning_WaitSampling New State:ENGN_StateRunning_Sampling
2025/10/03 12:25:09.0 
2025/10/03 12:25:09.0 STOP SCAN: 
2025/10/03 12:25:09.0    CycleTime (ms)    = 200
2025/10/03 12:25:09.0    CurrentCycle      = 25
2025/10/03 12:25:09.0    RunTime (ms)      = 4954
2025/10/03 12:25:09.0    AverageCycle (ms) = 198.2
2025/10/03 12:25:09.0    Temperature       = 30.0
2025/10/03 12:25:09.0    DATA OVERRUN %    = 0.00
2025/10/03 12:25:09.0    Spec PCB temps    = 40.4, 40.9, 41.1, 40.7, 41.0, 41.1, 39.2, 40.0
2025/10/03 12:25:09.0 
2025/10/03 12:25:09.0 Old State:16-cycle=25, Elapsed Time:    5.0,  Ideal Time:    4.8,  Delay time =   0.04  New State:ENGN_StateRunning_SamplingComplete
2025/10/03 12:25:09.2 Old State:18-ENGN_StateRunning_SamplingComplete New State:ENGN_StateRunning_WaitNewStep
2025/10/03 12:25:09.4 Old State:5-ENGN_StateRunning_WaitNewStep New State:ENGN_StateRunning_StartNewStep
2025/10/03 12:25:09.4 StartShaker(400)
2025/10/03 12:25:09.8 Old State:6-ENGN_StateRunning_StartNewStep New State:ENGN_StateRunning_WaitGoingToSample
2025/10/03 12:25:09.8 Sample96_Q(0, 0, 6)
2025/10/03 12:25:09.8 Temp: 2025/10/03 12:25:09, 30.0000
2025/10/03 12:25:09.9 
2025/10/03 12:25:09.9 START SCAN: 
2025/10/03 12:25:09.9    CycleTime (ms)    = 200
2025/10/03 12:25:09.9    CycleCount        = 600
2025/10/03 12:25:09.9    ScansToAverage    = 20
2025/10/03 12:25:09.9    FinishTime (s)    = 120
2025/10/03 12:25:09.9    Temperature       = 30.0
2025/10/03 12:25:09.9    Lamp Power        = 36
2025/10/03 12:25:09.9    Spec PCB temps    = 40.4, 40.9, 41.1, 40.7, 41.0, 41.1, 39.2, 40.0
2025/10/03 12:25:09.9 
2025/10/03 12:25:09.9 GMC_SetPosZ
2025/10/03 12:25:10.0 Old State:12-ENGN_StateRunning_WaitGoingToSample New State:ENGN_StateRunning_GoingToSample
2025/10/03 12:25:15.1 GMC_ServoHere
2025/10/03 12:25:15.2 GMC_SetPosXY
2025/10/03 12:25:16.2 GMC_SetPosZ
2025/10/03 12:25:20.1 Old State:13-cycle=1, Elapsed Time:    0.0,  Ideal Time:    0.0,  Delay time =   0.00  New State:ENGN_StateRunning_GoingToSampleComplete
2025/10/03 12:25:20.1 DFIO: Start writing C:\ForteBio\John\2025_10_03_Beacon48WP_si212&205_p2_\251003_031.frd
2025/10/03 12:25:20.1 DFIO: Finished writing C:\ForteBio\John\2025_10_03_Beacon48WP_si212&205_p2_\251003_031.frd
2025/10/03 12:25:20.1 DFIO: Start writing C:\ForteBio\John\2025_10_03_Beacon48WP_si212&205_p2_\251003_032.frd
2025/10/03 12:25:20.1 DFIO: Finished writing C:\ForteBio\John\2025_10_03_Beacon48WP_si212&205_p2_\251003_032.frd
2025/10/03 12:25:20.1 DFIO: Start writing C:\ForteBio\John\2025_10_03_Beacon48WP_si212&205_p2_\251003_033.frd
2025/10/03 12:25:20.1 DFIO: Finished writing C:\ForteBio\John\2025_10_03_Beacon48WP_si212&205_p2_\251003_033.frd
2025/10/03 12:25:20.1 DFIO: Start writing C:\ForteBio\John\2025_10_03_Beacon48WP_si212&205_p2_\251003_034.frd
2025/10/03 12:25:20.1 DFIO: Finished writing C:\ForteBio\John\2025_10_03_Beacon48WP_si212&205_p2_\251003_034.frd
2025/10/03 12:25:20.1 DFIO: Start writing C:\ForteBio\John\2025_10_03_Beacon48WP_si212&205_p2_\251003_035.frd
2025/10/03 12:25:20.1 DFIO: Finished writing C:\ForteBio\John\2025_10_03_Beacon48WP_si212&205_p2_\251003_035.frd
2025/10/03 12:25:20.1 DFIO: Start writing C:\ForteBio\John\2025_10_03_Beacon48WP_si212&205_p2_\251003_036.frd
2025/10/03 12:25:20.1 DFIO: Finished writing C:\ForteBio\John\2025_10_03_Beacon48WP_si212&205_p2_\251003_036.frd
2025/10/03 12:25:20.1 DFIO: Finished writing C:\ForteBio\John\2025_10_03_Beacon48WP_si212&205_p2_\251003_Manifest.fmx
2025/10/03 12:25:20.2 Old State:14-ENGN_StateRunning_GoingToSampleComplete New State:ENGN_StateRunning_WaitSampling
2025/10/03 12:25:20.2 Step started at: 12:25:09
2025/10/03 12:25:20.2 XYZ movement time  = 10136 ms + Scan start delay = 10128 ms
2025/10/03 12:25:20.3 Old State:15-ENGN_StateRunning_WaitSampling New State:ENGN_StateRunning_Sampling
2025/10/03 12:26:09.8 Temp: 2025/10/03 12:26:09, 30.0000
2025/10/03 12:27:09.9 Temp: 2025/10/03 12:27:09, 30.0000
2025/10/03 12:27:19.9 
2025/10/03 12:27:19.9 STOP SCAN: 
2025/10/03 12:27:19.9    CycleTime (ms)    = 200
2025/10/03 12:27:19.9    CurrentCycle      = 600
2025/10/03 12:27:19.9    RunTime (ms)      = 119956
2025/10/03 12:27:19.9    AverageCycle (ms) = 199.9
2025/10/03 12:27:19.9    Temperature       = 30.0
2025/10/03 12:27:19.9    DATA OVERRUN %    = 0.00
2025/10/03 12:27:19.9    Spec PCB temps    = 40.4, 40.9, 41.1, 40.8, 41.1, 41.1, 39.2, 40.0
2025/10/03 12:27:19.9 
2025/10/03 12:27:20.0 Old State:16-cycle=600, Elapsed Time:  120.0,  Ideal Time:  119.8,  Delay time =   0.04  New State:ENGN_StateRunning_SamplingComplete
2025/10/03 12:27:20.1 Old State:18-ENGN_StateRunning_SamplingComplete New State:ENGN_StateRunning_WaitNewStep
2025/10/03 12:27:20.2 Old State:5-ENGN_StateRunning_WaitNewStep New State:ENGN_StateRunning_StartNewStep
2025/10/03 12:27:20.2 StartShaker(400)
2025/10/03 12:27:20.5 Temp: 2025/10/03 12:27:20, 30.0000
2025/10/03 12:27:20.6 Old State:6-ENGN_StateRunning_StartNewStep New State:ENGN_StateRunning_WaitGoingToSample
2025/10/03 12:27:20.6 Sample96_Q(0, 0, 10)
2025/10/03 12:27:20.7 
2025/10/03 12:27:20.7 START SCAN: 
2025/10/03 12:27:20.7    CycleTime (ms)    = 200
2025/10/03 12:27:20.7    CycleCount        = 25
2025/10/03 12:27:20.7    ScansToAverage    = 20
2025/10/03 12:27:20.7    FinishTime (s)    = 5
2025/10/03 12:27:20.7    Temperature       = 30.0
2025/10/03 12:27:20.7    Lamp Power        = 36
2025/10/03 12:27:20.7    Spec PCB temps    = 40.4, 40.9, 41.1, 40.8, 41.1, 41.1, 39.2, 40.0
2025/10/03 12:27:20.7 
2025/10/03 12:27:20.7 Old State:12-ENGN_StateRunning_WaitGoingToSample New State:ENGN_StateRunning_GoingToSample
2025/10/03 12:27:20.7 GMC_SetPosZ
2025/10/03 12:27:24.3 GMC_ServoHere
2025/10/03 12:27:24.5 GMC_SetPosXY
2025/10/03 12:27:25.2 GMC_SetPosZ
2025/10/03 12:27:30.2 Old State:13-ENGN_StateRunning_GoingToSample New State:ENGN_StateRunning_GoingToSampleComplete
2025/10/03 12:27:30.3 Old State:14-cycle=1, Elapsed Time:    0.0,  Ideal Time:    0.0,  Delay time =   0.00  New State:ENGN_StateRunning_WaitSampling
2025/10/03 12:27:30.3 Step started at: 12:27:20
2025/10/03 12:27:30.3 XYZ movement time  = 9544 ms + Scan start delay = 9539 ms
2025/10/03 12:27:30.4 Old State:15-ENGN_StateRunning_WaitSampling New State:ENGN_StateRunning_Sampling
2025/10/03 12:27:35.1 
2025/10/03 12:27:35.1 STOP SCAN: 
2025/10/03 12:27:35.1    CycleTime (ms)    = 200
2025/10/03 12:27:35.1    CurrentCycle      = 25
2025/10/03 12:27:35.1    RunTime (ms)      = 4954
2025/10/03 12:27:35.1    AverageCycle (ms) = 198.2
2025/10/03 12:27:35.1    Temperature       = 30.0
2025/10/03 12:27:35.1    DATA OVERRUN %    = 0.00
2025/10/03 12:27:35.1    Spec PCB temps    = 40.4, 40.9, 41.1, 40.8, 41.1, 41.1, 39.2, 40.0
2025/10/03 12:27:35.1 
2025/10/03 12:27:35.2 Old State:16-cycle=25, Elapsed Time:    5.0,  Ideal Time:    4.8,  Delay time =   0.04  New State:ENGN_StateRunning_SamplingComplete
2025/10/03 12:27:35.3 Old State:18-ENGN_StateRunning_SamplingComplete New State:ENGN_StateRunning_WaitNewStep
2025/10/03 12:27:35.6 Old State:5-ENGN_StateRunning_WaitNewStep New State:ENGN_StateRunning_StartNewStep
2025/10/03 12:27:35.6 StartShaker(400)
2025/10/03 12:27:36.0 Old State:6-ENGN_StateRunning_StartNewStep New State:ENGN_StateRunning_WaitGoingToSample
2025/10/03 12:27:36.0 Sample96_Q(0, 0, 11)
2025/10/03 12:27:36.0 Temp: 2025/10/03 12:27:36, 30.0000
2025/10/03 12:27:36.0 GMC_SetPosZ
2025/10/03 12:27:36.0 
2025/10/03 12:27:36.0 START SCAN: 
2025/10/03 12:27:36.0    CycleTime (ms)    = 200
2025/10/03 12:27:36.0    CycleCount        = 25
2025/10/03 12:27:36.0    ScansToAverage    = 20
2025/10/03 12:27:36.0    FinishTime (s)    = 5
2025/10/03 12:27:36.0    Temperature       = 30.0
2025/10/03 12:27:36.0    Lamp Power        = 36
2025/10/03 12:27:36.0    Spec PCB temps    = 40.4, 40.9, 41.1, 40.8, 41.1, 41.1, 39.2, 40.0
2025/10/03 12:27:36.0 
2025/10/03 12:27:36.1 Old State:12-ENGN_StateRunning_WaitGoingToSample New State:ENGN_StateRunning_GoingToSample
2025/10/03 12:27:40.8 GMC_ServoHere
2025/10/03 12:27:41.0 GMC_SetPosXY
2025/10/03 12:27:41.4 GMC_SetPosZ
2025/10/03 12:27:46.7 Old State:13-cycle=1, Elapsed Time:    0.0,  Ideal Time:    0.0,  Delay time =   0.00  New State:ENGN_StateRunning_GoingToSampleComplete
2025/10/03 12:27:46.8 Old State:14-ENGN_StateRunning_GoingToSampleComplete New State:ENGN_StateRunning_WaitSampling
2025/10/03 12:27:46.8 Step started at: 12:27:36
2025/10/03 12:27:46.8 XYZ movement time  = 10536 ms + Scan start delay = 10529 ms
2025/10/03 12:27:46.9 Old State:15-ENGN_StateRunning_WaitSampling New State:ENGN_StateRunning_Sampling
2025/10/03 12:27:51.5 
2025/10/03 12:27:51.5 STOP SCAN: 
2025/10/03 12:27:51.5    CycleTime (ms)    = 200
2025/10/03 12:27:51.5    CurrentCycle      = 25
2025/10/03 12:27:51.5    RunTime (ms)      = 4956
2025/10/03 12:27:51.5    AverageCycle (ms) = 198.2
2025/10/03 12:27:51.5    Temperature       = 30.0
2025/10/03 12:27:51.5    DATA OVERRUN %    = 0.00
2025/10/03 12:27:51.5    Spec PCB temps    = 40.4, 40.9, 41.1, 40.8, 41.1, 41.1, 39.2, 40.0
2025/10/03 12:27:51.5 
2025/10/03 12:27:51.6 Old State:16-cycle=25, Elapsed Time:    5.0,  Ideal Time:    4.8,  Delay time =   0.02  New State:ENGN_StateRunning_SamplingComplete
2025/10/03 12:27:51.7 Old State:18-ENGN_StateRunning_SamplingComplete New State:ENGN_StateRunning_WaitNewStep
2025/10/03 12:27:51.8 Old State:5-ENGN_StateRunning_WaitNewStep New State:ENGN_StateRunning_StartNewStep
2025/10/03 12:27:51.9 StartShaker(400)
2025/10/03 12:27:52.1 Temp: 2025/10/03 12:27:52, 30.0000
2025/10/03 12:27:52.2 Old State:6-ENGN_StateRunning_StartNewStep New State:ENGN_StateRunning_WaitGoingToSample
2025/10/03 12:27:52.2 Sample96_Q(0, 0, 10)
2025/10/03 12:27:52.3 
2025/10/03 12:27:52.3 START SCAN: 
2025/10/03 12:27:52.3    CycleTime (ms)    = 200
2025/10/03 12:27:52.3    CycleCount        = 25
2025/10/03 12:27:52.3    ScansToAverage    = 20
2025/10/03 12:27:52.3    FinishTime (s)    = 5
2025/10/03 12:27:52.3    Temperature       = 30.0
2025/10/03 12:27:52.3    Lamp Power        = 36
2025/10/03 12:27:52.3    Spec PCB temps    = 40.4, 40.9, 41.1, 40.8, 41.1, 41.1, 39.2, 40.0
2025/10/03 12:27:52.3 
2025/10/03 12:27:52.4 GMC_SetPosZ
2025/10/03 12:27:52.4 Old State:12-ENGN_StateRunning_WaitGoingToSample New State:ENGN_StateRunning_GoingToSample
2025/10/03 12:27:57.5 GMC_ServoHere
2025/10/03 12:27:57.7 GMC_SetPosXY
2025/10/03 12:27:58.1 GMC_SetPosZ
2025/10/03 12:28:03.0 Old State:13-ENGN_StateRunning_GoingToSample New State:ENGN_StateRunning_GoingToSampleComplete
2025/10/03 12:28:03.2 Old State:14-cycle=1, Elapsed Time:    0.0,  Ideal Time:    0.0,  Delay time =   0.00  New State:ENGN_StateRunning_WaitSampling
2025/10/03 12:28:03.2 Step started at: 12:27:52
2025/10/03 12:28:03.2 XYZ movement time  = 10784 ms + Scan start delay = 10793 ms
2025/10/03 12:28:03.3 Old State:15-ENGN_StateRunning_WaitSampling New State:ENGN_StateRunning_Sampling
2025/10/03 12:28:07.9 
2025/10/03 12:28:07.9 STOP SCAN: 
2025/10/03 12:28:07.9    CycleTime (ms)    = 200
2025/10/03 12:28:07.9    CurrentCycle      = 25
2025/10/03 12:28:07.9    RunTime (ms)      = 4957
2025/10/03 12:28:07.9    AverageCycle (ms) = 198.3
2025/10/03 12:28:07.9    Temperature       = 30.0
2025/10/03 12:28:07.9    DATA OVERRUN %    = 0.00
2025/10/03 12:28:07.9    Spec PCB temps    = 40.4, 40.9, 41.1, 40.8, 41.1, 41.1, 39.2, 40.0
2025/10/03 12:28:07.9 
2025/10/03 12:28:08.0 Old State:16-cycle=25, Elapsed Time:    5.0,  Ideal Time:    4.8,  Delay time =   0.04  New State:ENGN_StateRunning_SamplingComplete
2025/10/03 12:28:08.1 Old State:18-ENGN_StateRunning_SamplingComplete New State:ENGN_StateRunning_WaitNewStep
2025/10/03 12:28:08.2 Old State:5-ENGN_StateRunning_WaitNewStep New State:ENGN_StateRunning_StartNewStep
2025/10/03 12:28:08.2 StartShaker(400)
2025/10/03 12:28:08.6 Old State:6-ENGN_StateRunning_StartNewStep New State:ENGN_StateRunning_WaitGoingToSample
2025/10/03 12:28:08.6 Sample96_Q(0, 0, 11)
2025/10/03 12:28:08.6 Temp: 2025/10/03 12:28:08, 30.0000
2025/10/03 12:28:08.6 
2025/10/03 12:28:08.6 START SCAN: 
2025/10/03 12:28:08.6    CycleTime (ms)    = 200
2025/10/03 12:28:08.6    CycleCount        = 25
2025/10/03 12:28:08.6    ScansToAverage    = 20
2025/10/03 12:28:08.6    FinishTime (s)    = 5
2025/10/03 12:28:08.6    Temperature       = 30.0
2025/10/03 12:28:08.6    Lamp Power        = 36
2025/10/03 12:28:08.6    Spec PCB temps    = 40.4, 40.9, 41.1, 40.8, 41.1, 41.1, 39.2, 40.0
2025/10/03 12:28:08.6 
2025/10/03 12:28:08.7 GMC_SetPosZ
2025/10/03 12:28:08.7 Old State:12-ENGN_StateRunning_WaitGoingToSample New State:ENGN_StateRunning_GoingToSample
2025/10/03 12:28:13.5 GMC_ServoHere
2025/10/03 12:28:13.6 GMC_SetPosXY
2025/10/03 12:28:14.0 GMC_SetPosZ
2025/10/03 12:28:19.4 Old State:13-cycle=1, Elapsed Time:    0.0,  Ideal Time:    0.0,  Delay time =   0.00  New State:ENGN_StateRunning_GoingToSampleComplete
2025/10/03 12:28:19.5 Old State:14-ENGN_StateRunning_GoingToSampleComplete New State:ENGN_StateRunning_WaitSampling
2025/10/03 12:28:19.5 Step started at: 12:28:08
2025/10/03 12:28:19.5 XYZ movement time  = 10698 ms + Scan start delay = 10651 ms
2025/10/03 12:28:19.6 Old State:15-ENGN_StateRunning_WaitSampling New State:ENGN_StateRunning_Sampling
2025/10/03 12:28:24.2 
2025/10/03 12:28:24.2 STOP SCAN: 
2025/10/03 12:28:24.2    CycleTime (ms)    = 200
2025/10/03 12:28:24.2    CurrentCycle      = 25
2025/10/03 12:28:24.2    RunTime (ms)      = 4959
2025/10/03 12:28:24.2    AverageCycle (ms) = 198.4
2025/10/03 12:28:24.2    Temperature       = 30.0
2025/10/03 12:28:24.2    DATA OVERRUN %    = 0.00
2025/10/03 12:28:24.2    Spec PCB temps    = 40.4, 40.9, 41.1, 40.8, 41.1, 41.1, 39.2, 40.0
2025/10/03 12:28:24.2 
2025/10/03 12:28:24.3 Old State:16-cycle=25, Elapsed Time:    5.0,  Ideal Time:    4.8,  Delay time =   0.04  New State:ENGN_StateRunning_SamplingComplete
2025/10/03 12:28:24.4 Old State:18-ENGN_StateRunning_SamplingComplete New State:ENGN_StateRunning_WaitNewStep
2025/10/03 12:28:24.8 Old State:5-ENGN_StateRunning_WaitNewStep New State:ENGN_StateRunning_StartNewStep
2025/10/03 12:28:24.8 StartShaker(400)
2025/10/03 12:28:25.1 Temp: 2025/10/03 12:28:25, 30.0000
2025/10/03 12:28:25.1 Old State:6-ENGN_StateRunning_StartNewStep New State:ENGN_StateRunning_WaitGoingToSample
2025/10/03 12:28:25.1 Sample96_Q(0, 0, 10)
2025/10/03 12:28:25.2 
2025/10/03 12:28:25.2 START SCAN: 
2025/10/03 12:28:25.2    CycleTime (ms)    = 200
2025/10/03 12:28:25.2    CycleCount        = 25
2025/10/03 12:28:25.2    ScansToAverage    = 20
2025/10/03 12:28:25.2    FinishTime (s)    = 5
2025/10/03 12:28:25.2    Temperature       = 30.0
2025/10/03 12:28:25.2    Lamp Power        = 36
2025/10/03 12:28:25.2    Spec PCB temps    = 40.4, 40.9, 41.1, 40.8, 41.0, 41.1, 39.2, 40.0
2025/10/03 12:28:25.2 
2025/10/03 12:28:25.3 GMC_SetPosZ
2025/10/03 12:28:25.3 Old State:12-ENGN_StateRunning_WaitGoingToSample New State:ENGN_StateRunning_GoingToSample
2025/10/03 12:28:30.4 GMC_ServoHere
2025/10/03 12:28:30.6 GMC_SetPosXY
2025/10/03 12:28:30.9 GMC_SetPosZ
2025/10/03 12:28:36.0 Old State:13-cycle=1, Elapsed Time:    0.0,  Ideal Time:    0.0,  Delay time =   0.00  New State:ENGN_StateRunning_GoingToSampleComplete
2025/10/03 12:28:36.1 Old State:14-ENGN_StateRunning_GoingToSampleComplete New State:ENGN_StateRunning_WaitSampling
2025/10/03 12:28:36.1 Step started at: 12:28:25
2025/10/03 12:28:36.1 XYZ movement time  = 10720 ms + Scan start delay = 10697 ms
2025/10/03 12:28:36.2 Old State:15-ENGN_StateRunning_WaitSampling New State:ENGN_StateRunning_Sampling
2025/10/03 12:28:40.8 
2025/10/03 12:28:40.8 STOP SCAN: 
2025/10/03 12:28:40.8    CycleTime (ms)    = 200
2025/10/03 12:28:40.8    CurrentCycle      = 25
2025/10/03 12:28:40.8    RunTime (ms)      = 4994
2025/10/03 12:28:40.8    AverageCycle (ms) = 199.8
2025/10/03 12:28:40.8    Temperature       = 30.0
2025/10/03 12:28:40.8    DATA OVERRUN %    = 0.00
2025/10/03 12:28:40.8    Spec PCB temps    = 40.4, 40.9, 41.1, 40.8, 41.1, 41.1, 39.3, 40.0
2025/10/03 12:28:40.8 
2025/10/03 12:28:41.0 Old State:16-cycle=25, Elapsed Time:    5.0,  Ideal Time:    4.8,  Delay time =   0.04  New State:ENGN_StateRunning_SamplingComplete
2025/10/03 12:28:41.1 Old State:18-ENGN_StateRunning_SamplingComplete New State:ENGN_StateRunning_WaitNewStep
2025/10/03 12:28:41.2 Old State:5-ENGN_StateRunning_WaitNewStep New State:ENGN_StateRunning_StartNewStep
2025/10/03 12:28:41.2 StartShaker(400)
2025/10/03 12:28:41.5 Temp: 2025/10/03 12:28:41, 30.0000
2025/10/03 12:28:41.5 Old State:6-ENGN_StateRunning_StartNewStep New State:ENGN_StateRunning_WaitGoingToSample
2025/10/03 12:28:41.5 Sample96_Q(0, 0, 11)
2025/10/03 12:28:41.6 
2025/10/03 12:28:41.6 START SCAN: 
2025/10/03 12:28:41.6    CycleTime (ms)    = 200
2025/10/03 12:28:41.6    CycleCount        = 25
2025/10/03 12:28:41.6    ScansToAverage    = 20
2025/10/03 12:28:41.6    FinishTime (s)    = 5
2025/10/03 12:28:41.6    Temperature       = 30.0
2025/10/03 12:28:41.6    Lamp Power        = 36
2025/10/03 12:28:41.6    Spec PCB temps    = 40.4, 40.9, 41.1, 40.8, 41.1, 41.1, 39.2, 40.0
2025/10/03 12:28:41.6 
2025/10/03 12:28:41.7 GMC_SetPosZ
2025/10/03 12:28:41.7 Old State:12-ENGN_StateRunning_WaitGoingToSample New State:ENGN_StateRunning_GoingToSample
2025/10/03 12:28:46.5 GMC_ServoHere
2025/10/03 12:28:46.7 GMC_SetPosXY
2025/10/03 12:28:47.1 GMC_SetPosZ
2025/10/03 12:28:52.5 Old State:13-cycle=1, Elapsed Time:    0.0,  Ideal Time:    0.0,  Delay time =   0.00  New State:ENGN_StateRunning_GoingToSampleComplete
2025/10/03 12:28:52.6 Old State:14-ENGN_StateRunning_GoingToSampleComplete New State:ENGN_StateRunning_WaitSampling
2025/10/03 12:28:52.6 Step started at: 12:28:41
2025/10/03 12:28:52.6 XYZ movement time  = 10801 ms + Scan start delay = 10750 ms
2025/10/03 12:28:52.7 Old State:15-ENGN_StateRunning_WaitSampling New State:ENGN_StateRunning_Sampling
2025/10/03 12:28:57.2 
2025/10/03 12:28:57.2 STOP SCAN: 
2025/10/03 12:28:57.2    CycleTime (ms)    = 200
2025/10/03 12:28:57.2    CurrentCycle      = 25
2025/10/03 12:28:57.2    RunTime (ms)      = 4957
2025/10/03 12:28:57.2    AverageCycle (ms) = 198.3
2025/10/03 12:28:57.2    Temperature       = 30.0
2025/10/03 12:28:57.2    DATA OVERRUN %    = 0.00
2025/10/03 12:28:57.2    Spec PCB temps    = 40.4, 40.9, 41.1, 40.8, 41.1, 41.1, 39.2, 40.0
2025/10/03 12:28:57.2 
2025/10/03 12:28:57.3 Old State:16-cycle=25, Elapsed Time:    5.0,  Ideal Time:    4.8,  Delay time =   0.05  New State:ENGN_StateRunning_SamplingComplete
2025/10/03 12:28:57.5 Old State:18-ENGN_StateRunning_SamplingComplete New State:ENGN_StateRunning_WaitNewStep
2025/10/03 12:28:57.7 Old State:5-ENGN_StateRunning_WaitNewStep New State:ENGN_StateRunning_StartNewStep
2025/10/03 12:28:57.7 StartShaker(400)
2025/10/03 12:28:58.0 Temp: 2025/10/03 12:28:58, 30.0000
2025/10/03 12:28:58.0 Old State:6-ENGN_StateRunning_StartNewStep New State:ENGN_StateRunning_WaitGoingToSample
2025/10/03 12:28:58.0 Sample96_Q(0, 0, 7)
2025/10/03 12:28:58.1 
2025/10/03 12:28:58.1 START SCAN: 
2025/10/03 12:28:58.1    CycleTime (ms)    = 200
2025/10/03 12:28:58.1    CycleCount        = 600
2025/10/03 12:28:58.1    ScansToAverage    = 20
2025/10/03 12:28:58.1    FinishTime (s)    = 120
2025/10/03 12:28:58.1    Temperature       = 30.0
2025/10/03 12:28:58.1    Lamp Power        = 36
2025/10/03 12:28:58.1    Spec PCB temps    = 40.4, 40.9, 41.1, 40.8, 41.1, 41.1, 39.3, 40.0
2025/10/03 12:28:58.1 
2025/10/03 12:28:58.2 GMC_SetPosZ
2025/10/03 12:28:58.2 Old State:12-ENGN_StateRunning_WaitGoingToSample New State:ENGN_StateRunning_GoingToSample
2025/10/03 12:29:03.3 GMC_ServoHere
2025/10/03 12:29:03.5 GMC_SetPosXY
2025/10/03 12:29:04.2 GMC_SetPosZ
2025/10/03 12:29:08.5 Old State:13-cycle=1, Elapsed Time:    0.0,  Ideal Time:    0.0,  Delay time =   0.00  New State:ENGN_StateRunning_GoingToSampleComplete
2025/10/03 12:29:08.6 Old State:14-ENGN_StateRunning_GoingToSampleComplete New State:ENGN_StateRunning_WaitSampling
2025/10/03 12:29:08.6 Step started at: 12:28:58
2025/10/03 12:29:08.6 XYZ movement time  = 10275 ms + Scan start delay = 10231 ms
2025/10/03 12:29:08.6 DFIO: Start writing C:\ForteBio\John\2025_10_03_Beacon48WP_si212&205_p2_\251003_037.frd
2025/10/03 12:29:08.6 DFIO: Finished writing C:\ForteBio\John\2025_10_03_Beacon48WP_si212&205_p2_\251003_037.frd
2025/10/03 12:29:08.6 DFIO: Start writing C:\ForteBio\John\2025_10_03_Beacon48WP_si212&205_p2_\251003_038.frd
2025/10/03 12:29:08.6 DFIO: Finished writing C:\ForteBio\John\2025_10_03_Beacon48WP_si212&205_p2_\251003_038.frd
2025/10/03 12:29:08.6 DFIO: Start writing C:\ForteBio\John\2025_10_03_Beacon48WP_si212&205_p2_\251003_039.frd
2025/10/03 12:29:08.6 DFIO: Finished writing C:\ForteBio\John\2025_10_03_Beacon48WP_si212&205_p2_\251003_039.frd
2025/10/03 12:29:08.6 DFIO: Start writing C:\ForteBio\John\2025_10_03_Beacon48WP_si212&205_p2_\251003_040.frd
2025/10/03 12:29:08.6 DFIO: Finished writing C:\ForteBio\John\2025_10_03_Beacon48WP_si212&205_p2_\251003_040.frd
2025/10/03 12:29:08.6 DFIO: Start writing C:\ForteBio\John\2025_10_03_Beacon48WP_si212&205_p2_\251003_041.frd
2025/10/03 12:29:08.6 DFIO: Finished writing C:\ForteBio\John\2025_10_03_Beacon48WP_si212&205_p2_\251003_041.frd
2025/10/03 12:29:08.6 DFIO: Start writing C:\ForteBio\John\2025_10_03_Beacon48WP_si212&205_p2_\251003_042.frd
2025/10/03 12:29:08.6 DFIO: Finished writing C:\ForteBio\John\2025_10_03_Beacon48WP_si212&205_p2_\251003_042.frd
2025/10/03 12:29:08.6 DFIO: Finished writing C:\ForteBio\John\2025_10_03_Beacon48WP_si212&205_p2_\251003_Manifest.fmx
2025/10/03 12:29:08.7 Old State:15-ENGN_StateRunning_WaitSampling New State:ENGN_StateRunning_Sampling
2025/10/03 12:29:58.0 Temp: 2025/10/03 12:29:58, 30.0000
2025/10/03 12:30:58.1 Temp: 2025/10/03 12:30:58, 30.0000
2025/10/03 12:31:08.2 
2025/10/03 12:31:08.2 STOP SCAN: 
2025/10/03 12:31:08.2    CycleTime (ms)    = 200
2025/10/03 12:31:08.2    CurrentCycle      = 600
2025/10/03 12:31:08.2    RunTime (ms)      = 119954
2025/10/03 12:31:08.2    AverageCycle (ms) = 199.9
2025/10/03 12:31:08.2    Temperature       = 30.0
2025/10/03 12:31:08.2    DATA OVERRUN %    = 0.00
2025/10/03 12:31:08.2    Spec PCB temps    = 40.4, 40.9, 41.1, 40.8, 41.1, 41.1, 39.2, 40.0
2025/10/03 12:31:08.2 
2025/10/03 12:31:08.3 Old State:16-cycle=600, Elapsed Time:  120.0,  Ideal Time:  119.8,  Delay time =   0.04  New State:ENGN_StateRunning_SamplingComplete
2025/10/03 12:31:08.4 Old State:18-ENGN_StateRunning_SamplingComplete New State:ENGN_StateRunning_WaitEjecting
2025/10/03 12:31:08.4 EJECT: To Tray, position=4,0
2025/10/03 12:31:08.5    EjectOffset = 10.0
2025/10/03 12:31:08.5 GMC_SetPosZ
2025/10/03 12:31:08.6 Old State:19-ENGN_StateRunning_WaitEjecting New State:ENGN_StateRunning_Ejecting
2025/10/03 12:31:12.6 GMC_ServoHere
2025/10/03 12:31:12.7 GMC_SetPosXY
2025/10/03 12:31:14.9 GMC_SetPosZ
2025/10/03 12:31:19.1 GMC_Eject
2025/10/03 12:31:19.1 EJECTOR: Eject
2025/10/03 12:31:27.8 GMC_HomeZ
2025/10/03 12:31:33.2 GMC_SetPosZ
2025/10/03 12:31:33.5 GMC_ServoHere
2025/10/03 12:31:33.7 GMC_SetPosZ
2025/10/03 12:31:33.9 GMC_ServoHere
2025/10/03 12:31:34.0 GMC_SetPosXY
2025/10/03 12:31:36.2 GMC_SetPosZ
2025/10/03 12:31:36.5 Old State:20-ENGN_StateRunning_Ejecting New State:ENGN_StateRunning_EjectingComplete
2025/10/03 12:31:36.6 Old State:21-ENGN_StateRunning_EjectingComplete New State:ENGN_StateRunning_Finished
2025/10/03 12:31:36.6 StopShaker
2025/10/03 12:31:36.7 Old State:22-ENGN_StateRunning_Finished New State:ENGN_State_SystemReady
2025/10/03 12:31:36.9 Temp: 2025/10/03 12:31:36, 30.0000
2025/10/03 12:31:36.9 
2025/10/03 12:31:36.9 ASSAY SUMMARY:
2025/10/03 12:31:36.9 ==============
2025/10/03 12:31:36.9   Step #   Duration   Cycles  Overrun %
2025/10/03 12:31:36.9        1       4      25    0.00
2025/10/03 12:31:36.9        2       4      25    0.00
2025/10/03 12:31:36.9        3       4      25    0.00
2025/10/03 12:31:36.9        4       4      25    0.00
2025/10/03 12:31:36.9        5       4      25    0.00
2025/10/03 12:31:36.9        6       4      25    0.00
2025/10/03 12:31:36.9        7     119     600    0.00
2025/10/03 12:31:36.9        8       4      25    0.00
2025/10/03 12:31:36.9        9       4      25    0.00
2025/10/03 12:31:36.9       10       4      25    0.00
2025/10/03 12:31:36.9       11       4      25    0.00
2025/10/03 12:31:36.9       12       4      25    0.00
2025/10/03 12:31:36.9       13       4      25    0.00
2025/10/03 12:31:36.9       14     119     600    0.00
2025/10/03 12:31:36.9       15       4      25    0.00
2025/10/03 12:31:36.9       16       4      25    0.00
2025/10/03 12:31:36.9       17       4      25    0.00
2025/10/03 12:31:36.9       18       4      25    0.00
2025/10/03 12:31:36.9       19       4      25    0.00
2025/10/03 12:31:36.9       20       4      25    0.00
2025/10/03 12:31:36.9       21     119     600    0.00
2025/10/03 12:31:36.9       22       4      25    0.00
2025/10/03 12:31:36.9       23       4      25    0.00
2025/10/03 12:31:36.9       24       4      25    0.00
2025/10/03 12:31:36.9       25       4      25    0.00
2025/10/03 12:31:36.9       26       4      25    0.00
2025/10/03 12:31:36.9       27       4      25    0.00
2025/10/03 12:31:36.9       28     119     600    0.00
2025/10/03 12:31:36.9       29       4      25    0.00
2025/10/03 12:31:36.9       30       4      25    0.00
2025/10/03 12:31:36.9       31       4      25    0.00
2025/10/03 12:31:36.9       32       4      25    0.00
2025/10/03 12:31:36.9       33       4      25    0.00
2025/10/03 12:31:36.9       34       4      25    0.00
2025/10/03 12:31:36.9       35     119     600    0.00
2025/10/03 12:31:36.9       36       5      25    0.00
2025/10/03 12:31:36.9       37       4      25    0.00
2025/10/03 12:31:36.9       38       4      25    0.00
2025/10/03 12:31:36.9       39       4      25    0.00
2025/10/03 12:31:36.9       40       4      25    0.00
2025/10/03 12:31:36.9       41       4      25    0.00
2025/10/03 12:31:36.9       42     119     600    0.00
2025/10/03 12:31:36.9       43       4      25    0.00
2025/10/03 12:31:36.9       44       5      25    0.00
2025/10/03 12:31:36.9       45       4      25    0.00
2025/10/03 12:31:36.9       46       4      25    0.00
2025/10/03 12:31:36.9       47       4      25    0.00
2025/10/03 12:31:36.9       48       4      25    0.00
2025/10/03 12:31:36.9       49     119     600    0.00
2025/10/03 12:31:36.9       50       4      25    0.00
2025/10/03 12:31:36.9       51       4      25    0.00
2025/10/03 12:31:36.9       52       4      25    0.00
2025/10/03 12:31:36.9       53       4      25    0.00
2025/10/03 12:31:36.9       54       4      25    0.00
2025/10/03 12:31:36.9       55       4      25    0.00
2025/10/03 12:31:36.9       56     119     600    0.00
2025/10/03 12:31:36.9 -------------------------------------------
2025/10/03 12:31:36.9    Total    1197    6000    0.00
2025/10/03 12:31:37.0 DFIO: Start writing C:\ForteBio\John\2025_10_03_Beacon48WP_si212&205_p2_\251003_043.frd
2025/10/03 12:31:37.0 DFIO: Finished writing C:\ForteBio\John\2025_10_03_Beacon48WP_si212&205_p2_\251003_043.frd
2025/10/03 12:31:37.0 DFIO: Start writing C:\ForteBio\John\2025_10_03_Beacon48WP_si212&205_p2_\251003_044.frd
2025/10/03 12:31:37.0 DFIO: Finished writing C:\ForteBio\John\2025_10_03_Beacon48WP_si212&205_p2_\251003_044.frd
2025/10/03 12:31:37.0 DFIO: Start writing C:\ForteBio\John\2025_10_03_Beacon48WP_si212&205_p2_\251003_045.frd
2025/10/03 12:31:37.0 DFIO: Finished writing C:\ForteBio\John\2025_10_03_Beacon48WP_si212&205_p2_\251003_045.frd
2025/10/03 12:31:37.0 DFIO: Start writing C:\ForteBio\John\2025_10_03_Beacon48WP_si212&205_p2_\251003_046.frd
2025/10/03 12:31:37.0 DFIO: Finished writing C:\ForteBio\John\2025_10_03_Beacon48WP_si212&205_p2_\251003_046.frd
2025/10/03 12:31:37.0 DFIO: Start writing C:\ForteBio\John\2025_10_03_Beacon48WP_si212&205_p2_\251003_047.frd
2025/10/03 12:31:37.0 DFIO: Finished writing C:\ForteBio\John\2025_10_03_Beacon48WP_si212&205_p2_\251003_047.frd
2025/10/03 12:31:37.0 DFIO: Start writing C:\ForteBio\John\2025_10_03_Beacon48WP_si212&205_p2_\251003_048.frd
2025/10/03 12:31:37.0 DFIO: Finished writing C:\ForteBio\John\2025_10_03_Beacon48WP_si212&205_p2_\251003_048.frd
2025/10/03 12:31:37.0 DFIO: Finished writing C:\ForteBio\John\2025_10_03_Beacon48WP_si212&205_p2_\251003_Manifest.fmx
2025/10/03 12:58:59.3 Read C:\ForteBio\John\2024_06_25_SI125R1_pMP_SCC_d15_\240625_ExpMethod.fmf in 0 ms
2025/10/03 12:58:59.3 Read C:\ForteBio\John\2024_06_25_SI125R1_pMP_SCC_d15_\240625_ExpMethod.fmf in 0 ms
2025/10/03 12:58:59.3 Read C:\ForteBio\John\2024_06_24_125R1_d7-d13_2\240624_ExpMethod.fmf in 0 ms
2025/10/03 12:58:59.3 Read C:\ForteBio\John\2024_06_24_125R1_d7-d13_2\240624_ExpMethod.fmf in 15 ms
2025/10/03 12:58:59.3 Read C:\ForteBio\John\2024_06_24_125R1_d7-d13\240624_ExpMethod.fmf in 0 ms
2025/10/03 12:58:59.4 Read C:\ForteBio\John\2024_06_24_125R1_d7-d13\240624_ExpMethod.fmf in 15 ms
2025/10/03 12:58:59.5 Read C:\ForteBio\John\2024_05_31_50E8_D11-D14_FB_pMP_2\240531_ExpMethod.fmf in 0 ms
2025/10/03 12:58:59.6 Read C:\ForteBio\John\2024_05_31_50E8_D11-D14_FB_pMP_2\240531_ExpMethod.fmf in 15 ms
2025/10/03 12:58:59.7 Read C:\ForteBio\John\2024_06_25_SI125R1_pMP_SCC_d15_\240625_ExpMethod.fmf in 0 ms
2025/10/03 12:58:59.7 Read C:\ForteBio\John\2024_06_25_SI125R1_pMP_SCC_d15_\240625_ExpMethod.fmf in 0 ms
2025/10/03 12:58:59.8 Read C:\ForteBio\John\2024_07_02_50E15_48wp_2\240702_ExpMethod.fmf in 0 ms
2025/10/03 12:58:59.8 Read C:\ForteBio\John\2024_07_02_50E15_48wp_2\240702_ExpMethod.fmf in 0 ms
2025/10/03 12:58:59.8 Read C:\ForteBio\John\2024_08_12_50E15_125R1_BP_103c4_BP_d7_\240812_ExpMethod.fmf in 15 ms
2025/10/03 12:58:59.8 Read C:\ForteBio\John\2024_08_12_50E15_125R1_BP_103c4_BP_d7_\240812_ExpMethod.fmf in 0 ms
2025/10/03 12:58:59.8 Read C:\ForteBio\John\2024_08_13_50E15_d11_125r1_103c4_d9_\240814_ExpMethod.fmf in 15 ms
2025/10/03 12:58:59.9 Read C:\ForteBio\John\2024_08_13_50E15_d11_125r1_103c4_d9_\240814_ExpMethod.fmf in 0 ms
2025/10/03 12:58:59.9 Read C:\ForteBio\John\2024_08_16_50E15_d13_125r1_103c4_d11_2\240816_ExpMethod.fmf in 0 ms
2025/10/03 12:58:59.9 Read C:\ForteBio\John\2024_08_16_50E15_d13_125r1_103c4_d11_2\240816_ExpMethod.fmf in 0 ms
2025/10/03 12:59:00.1 Read C:\ForteBio\John\2024_08_19_50e15_d14_\240819_ExpMethod.fmf in 15 ms
2025/10/03 12:59:00.1 Read C:\ForteBio\John\2024_08_19_50e15_d14_\240819_ExpMethod.fmf in 0 ms
2025/10/03 12:59:00.4 Read C:\ForteBio\John\2024_08_16_50E15_d13_125r1_103c4_d11_2\240816_ExpMethod.fmf in 0 ms
2025/10/03 12:59:00.4 Read C:\ForteBio\John\2024_08_16_50E15_d13_125r1_103c4_d11_2\240816_ExpMethod.fmf in 0 ms
2025/10/03 12:59:00.4 Read C:\ForteBio\John\2024_08_16_50E15_d13_125r1_103c4_d11_\240816_ExpMethod.fmf in 0 ms
2025/10/03 12:59:00.4 Read C:\ForteBio\John\2024_08_16_50E15_d13_125r1_103c4_d11_\240816_ExpMethod.fmf in 16 ms
2025/10/03 12:59:00.5 Read C:\ForteBio\John\2024_08_13_50E15_d11_125r1_103c4_d9_2\240814_ExpMethod.fmf in 16 ms
2025/10/03 12:59:00.6 Read C:\ForteBio\John\2024_08_13_50E15_d11_125r1_103c4_d9_2\240814_ExpMethod.fmf in 16 ms
2025/10/03 12:59:00.6 Read C:\ForteBio\John\2024_08_13_50E15_d11_125r1_103c4_d9_\240814_ExpMethod.fmf in 0 ms
2025/10/03 12:59:00.6 Read C:\ForteBio\John\2024_08_13_50E15_d11_125r1_103c4_d9_\240814_ExpMethod.fmf in 0 ms
2025/10/03 12:59:01.7 Read C:\ForteBio\John\2024_08_13_50E15_d9_\240813_ExpMethod.fmf in 0 ms
2025/10/03 12:59:01.7 Read C:\ForteBio\John\2024_08_13_50E15_d9_\240813_ExpMethod.fmf in 31 ms
2025/10/03 12:59:01.8 Read C:\ForteBio\John\2024_08_13_50E15_d11_125r1_103c4_d9_\240814_ExpMethod.fmf in 0 ms
2025/10/03 12:59:01.8 Read C:\ForteBio\John\2024_08_13_50E15_d11_125r1_103c4_d9_\240814_ExpMethod.fmf in 15 ms
2025/10/03 12:59:01.8 Read C:\ForteBio\John\2024_08_13_50E15_d11_125r1_103c4_d9_2\240814_ExpMethod.fmf in 0 ms
2025/10/03 12:59:01.9 Read C:\ForteBio\John\2024_08_13_50E15_d11_125r1_103c4_d9_2\240814_ExpMethod.fmf in 15 ms
2025/10/03 12:59:02.0 Read C:\ForteBio\John\2024_08_16_50E15_d13_125r1_103c4_d11_\240816_ExpMethod.fmf in 0 ms
2025/10/03 12:59:02.0 Read C:\ForteBio\John\2024_08_16_50E15_d13_125r1_103c4_d11_\240816_ExpMethod.fmf in 16 ms
2025/10/03 12:59:03.2 Read C:\ForteBio\John\2024_08_19_50e15_d14_2\240819_ExpMethod.fmf in 0 ms
2025/10/03 12:59:03.2 Read C:\ForteBio\John\2024_08_19_50e15_d14_2\240819_ExpMethod.fmf in 0 ms
2025/10/03 12:59:03.2 Read C:\ForteBio\John\2024_09_03_SI-98x2_BP_D7-D12_\240903_ExpMethod.fmf in 0 ms
2025/10/03 12:59:03.2 Read C:\ForteBio\John\2024_09_03_SI-98x2_BP_D7-D12_\240903_ExpMethod.fmf in 16 ms
2025/10/03 12:59:03.2 Read C:\ForteBio\John\2024_09_13_SI125R2_BP_48WP_\240913_ExpMethod.fmf in 16 ms
2025/10/03 12:59:03.2 Read C:\ForteBio\John\2024_09_13_SI125R2_BP_48WP_\240913_ExpMethod.fmf in 0 ms
2025/10/03 12:59:03.2 Read C:\ForteBio\John\2024_09_24_bulkpool_d10_allCLD_2\240926_ExpMethod.fmf in 0 ms
2025/10/03 12:59:03.2 Read C:\ForteBio\John\2024_09_24_bulkpool_d10_allCLD_2\240926_ExpMethod.fmf in 0 ms
2025/10/03 12:59:03.3 Read C:\ForteBio\John\2024_10_25_125R2_D7_10C4_D7-9_\241025_ExpMethod.fmf in 15 ms
2025/10/03 12:59:03.4 Read C:\ForteBio\John\2024_10_25_125R2_D7_10C4_D7-9_\241025_ExpMethod.fmf in 0 ms
2025/10/03 12:59:03.7 Read C:\ForteBio\John\2024_10_29_103C4_BP_D11-13_\241029_ExpMethod.fmf in 31 ms
2025/10/03 12:59:03.7 Read C:\ForteBio\John\2024_10_29_125R2_D9-D11_\241029_ExpMethod.fmf in 0 ms
2025/10/03 12:59:03.7 Read C:\ForteBio\John\2025_01_09_49T5_BP_D7-D9_\250109_ExpMethod.fmf in 16 ms
2025/10/03 12:59:03.8 Read C:\ForteBio\John\2025_01_09_49T5_BP_D7-D9_2\250109_ExpMethod.fmf in 16 ms
2025/10/03 12:59:03.8 Read C:\ForteBio\John\2025_01_10_49T5_D11_SI1_48WP_PD_\250110_ExpMethod.fmf in 0 ms
2025/10/03 12:59:03.8 Read C:\ForteBio\John\2025_01_10_49T5_D11_SI1_48WP_PD_\250110_ExpMethod.fmf in 15 ms
2025/10/03 12:59:03.8 Read C:\ForteBio\John\2025_01_10_49T5_D11_SI1_48WP_PD_2\250110_ExpMethod.fmf in 16 ms
2025/10/03 12:59:03.8 Read C:\ForteBio\John\2025_01_14_49T5_D15_77E13_D7_153X6_D7_\250114_ExpMethod.fmf in 15 ms
2025/10/03 12:59:03.8 Read C:\ForteBio\John\2025_01_14_49T5_D15_77E13_D7_153X6_D7_2\250114_ExpMethod.fmf in 0 ms
2025/10/03 12:59:03.8 Read C:\ForteBio\John\2025_01_14_49T5_D15_77E13_D7_153X6_D7_2\250114_ExpMethod.fmf in 16 ms
2025/10/03 12:59:03.8 Read C:\ForteBio\John\2025_01_17_49T5_D13_77E13_D9-D11_153X6_D9-D11_\250117_ExpMethod.fmf in 0 ms
2025/10/03 12:59:03.8 Read C:\ForteBio\John\2025_01_17_49T5_D13_77E13_D9-D11_153X6_D9-D11_\250117_ExpMethod.fmf in 16 ms
2025/10/03 12:59:03.9 Read C:\ForteBio\John\2025_01_17_49T5_D13_77E13_D9-D11_153X6_D9-D11_2\250117_ExpMethod.fmf in 15 ms
2025/10/03 12:59:03.9 Read C:\ForteBio\John\2025_01_17_49T5_D13_77E13_D9-D11_153X6_D9-D11_2\250117_ExpMethod.fmf in 0 ms
2025/10/03 12:59:04.0 Read C:\ForteBio\John\2025_02_19_SI_1_11E8_PD_D7-D15_\250219_ExpMethod.fmf in 15 ms
2025/10/03 12:59:04.0 Read C:\ForteBio\John\2025_02_19_SI_1_11E8_PD_D7-D15_\250219_ExpMethod.fmf in 0 ms
2025/10/03 12:59:04.1 Read C:\ForteBio\John\2025_04_22_153x19_BP_48WP_plate1_2\250422_ExpMethod.fmf in 0 ms
2025/10/03 12:59:04.1 Read C:\ForteBio\John\2025_04_22_153x19_BP_48WP_plate1_2\250422_ExpMethod.fmf in 16 ms
2025/10/03 12:59:04.1 Read C:\ForteBio\John\2025_04_24_153x21_48wp_plate1_\250424_ExpMethod.fmf in 15 ms
2025/10/03 12:59:04.1 Read C:\ForteBio\John\2025_04_24_153x21_48wp_plate1_\250424_ExpMethod.fmf in 16 ms
2025/10/03 12:59:04.1 Read C:\ForteBio\John\2025_04_24_153x21_48wp_plate2_2\250424_ExpMethod.fmf in 15 ms
2025/10/03 12:59:04.1 Read C:\ForteBio\John\2025_04_24_153x21_48wp_plate2_2\250424_ExpMethod.fmf in 0 ms
2025/10/03 12:59:04.5 Read C:\ForteBio\John\2025_04_24_153x21_48wp_plate2_\250424_ExpMethod.fmf in 0 ms
2025/10/03 12:59:04.6 Read C:\ForteBio\John\2025_04_24_153x21_48wp_plate2_\250424_ExpMethod.fmf in 0 ms
2025/10/03 12:59:04.6 Read C:\ForteBio\John\2025_04_24_153x21_48wp_plate1_2\250424_ExpMethod.fmf in 0 ms
2025/10/03 12:59:04.6 Read C:\ForteBio\John\2025_04_24_153x21_48wp_plate1_2\250424_ExpMethod.fmf in 15 ms
2025/10/03 12:59:05.1 Read C:\ForteBio\John\2025_05_19_139r6_pMP_FB_\250519_ExpMethod.fmf in 0 ms
2025/10/03 12:59:05.1 Read C:\ForteBio\John\2025_05_19_139r6_pMP_FB_\250519_ExpMethod.fmf in 16 ms
2025/10/03 12:59:05.1 Read C:\ForteBio\John\2025_05_22_126C1_48wp_plate2_\250522_ExpMethod.fmf in 0 ms
2025/10/03 12:59:05.1 Read C:\ForteBio\John\2025_05_22_126C1_48wp_plate2_\250522_ExpMethod.fmf in 0 ms
2025/10/03 12:59:05.1 Read C:\ForteBio\John\2025_05_27_153X19&21_D7_PLATE1_2\250527_ExpMethod.fmf in 0 ms
2025/10/03 12:59:05.1 Read C:\ForteBio\John\2025_05_27_153X19&21_D7_PLATE1_2\250527_ExpMethod.fmf in 0 ms
2025/10/03 12:59:05.1 Read C:\ForteBio\John\2025_06_11_38E17_48WP_P1_\250611_ExpMethod.fmf in 0 ms
2025/10/03 12:59:05.1 Read C:\ForteBio\John\2025_06_11_38E17_48WP_P1_\250611_ExpMethod.fmf in 16 ms
2025/10/03 12:59:05.2 Read C:\ForteBio\John\2025_06_26_126C1_D7-D9_2\250626_ExpMethod.fmf in 15 ms
2025/10/03 12:59:05.2 Read C:\ForteBio\John\2025_06_26_126C1_D7-D9_2\250626_ExpMethod.fmf in 0 ms
2025/10/03 12:59:05.5 Read C:\ForteBio\John\2025_07_11_38E17_d8_24dw_\250710_ExpMethod.fmf in 0 ms
2025/10/03 12:59:05.5 Read C:\ForteBio\John\2025_07_11_38E17_d8_24dw_\250710_ExpMethod.fmf in 16 ms
2025/10/03 12:59:05.5 Read C:\ForteBio\John\2025_08_06_153x35BP_48wp_p2_\250806_ExpMethod.fmf in 0 ms
2025/10/03 12:59:05.6 Read C:\ForteBio\John\2025_08_06_153x35BP_48wp_p2_\250806_ExpMethod.fmf in 16 ms
2025/10/03 12:59:05.6 Read C:\ForteBio\John\2025_10_03_BEACON_48wp_SI212&205_P1_\251003_ExpMethod.fmf in 15 ms
2025/10/03 12:59:05.6 Read C:\ForteBio\John\2025_10_03_BEACON_48wp_SI212&205_P1_\251003_ExpMethod.fmf in 0 ms
2025/10/03 12:59:05.6 Read C:\ForteBio\John\2025_27_02_SI-1_III_48wp_part2_\250227_ExpMethod.fmf in 0 ms
2025/10/03 12:59:05.6 Read C:\ForteBio\John\2025_27_02_SI-1_III_48wp_part2_\250227_ExpMethod.fmf in 0 ms
2025/10/03 12:59:06.0 Read C:\ForteBio\John\2025_28_02_SI-153x6_pMP_48wp__2\250227_ExpMethod.fmf in 0 ms
2025/10/03 12:59:06.0 Read C:\ForteBio\John\2025_28_02_SI-153x6_pMP_48wp__2\250227_ExpMethod.fmf in 0 ms
2025/10/03 12:59:06.2 Read C:\ForteBio\John\010323_77P34_D7-D15_\240103_ExpMethod.fmf in 15 ms
2025/10/03 12:59:06.2 Read C:\ForteBio\John\010323_77P34_D7-D15_\240103_ExpMethod.fmf in 0 ms
2025/10/03 12:59:06.3 Read C:\ForteBio\John\010323_77P34_D7-D15_2\240103_ExpMethod.fmf in 0 ms
2025/10/03 12:59:06.4 Read C:\ForteBio\John\010323_77P34_D7-D15_2\240103_ExpMethod.fmf in 0 ms
2025/10/03 12:59:07.0 Read C:\ForteBio\John\010323_77P34_D7-D15_\240103_ExpMethod.fmf in 16 ms
2025/10/03 12:59:07.0 Read C:\ForteBio\John\010323_77P34_D7-D15_\240103_ExpMethod.fmf in 0 ms
2025/10/03 12:59:07.3 Read C:\ForteBio\John\2025_28_02_SI-153x6_pMP_48wp__2\250227_ExpMethod.fmf in 16 ms
2025/10/03 12:59:07.3 Read C:\ForteBio\John\2025_28_02_SI-153x6_pMP_48wp__2\250227_ExpMethod.fmf in 16 ms
2025/10/03 12:59:08.8 Read C:\ForteBio\John\2025_28_02_SI-153x6_pMP_48wp_\250227_ExpMethod.fmf in 0 ms
2025/10/03 12:59:08.8 Read C:\ForteBio\John\2025_28_02_SI-153x6_pMP_48wp_\250227_ExpMethod.fmf in 15 ms
2025/10/03 12:59:08.9 Read C:\ForteBio\John\2025_27_02_SI-1_III_48wp_part2_\250227_ExpMethod.fmf in 0 ms
2025/10/03 12:59:08.9 Read C:\ForteBio\John\2025_27_02_SI-1_III_48wp_part2_\250227_ExpMethod.fmf in 0 ms
2025/10/03 12:59:09.0 Read C:\ForteBio\John\2025_27_02_SI-1_III_48wp_part1_\250227_ExpMethod.fmf in 0 ms
2025/10/03 12:59:09.0 Read C:\ForteBio\John\2025_27_02_SI-1_III_48wp_part1_\250227_ExpMethod.fmf in 16 ms
2025/10/03 12:59:09.0 Read C:\ForteBio\John\2025_10_03_Beacon48WP_si212&205_p2_\251003_ExpMethod.fmf in 0 ms
2025/10/03 12:59:09.0 Read C:\ForteBio\John\2025_10_03_Beacon48WP_si212&205_p2_\251003_ExpMethod.fmf in 15 ms
2025/10/03 12:59:09.2 Read C:\ForteBio\John\2025_10_03_BEACON_48wp_SI212&205_P1_\251003_ExpMethod.fmf in 16 ms
2025/10/03 12:59:09.2 Read C:\ForteBio\John\2025_10_03_BEACON_48wp_SI212&205_P1_\251003_ExpMethod.fmf in 0 ms
2025/10/03 12:59:09.5 Read C:\ForteBio\John\2025_10_03_Beacon48WP_si212&205_p2_\251003_ExpMethod.fmf in 16 ms
2025/10/03 12:59:09.5 Read C:\ForteBio\John\2025_10_03_Beacon48WP_si212&205_p2_\251003_ExpMethod.fmf in 0 ms
2025/10/03 12:59:11.0 Read C:\ForteBio\John\2025_10_03_BEACON_48wp_SI212&205_P1_\251003_ExpMethod.fmf in 0 ms
2025/10/03 12:59:11.0 Read C:\ForteBio\John\2025_09_25_153x35_BP_D13_\250925_ExpMethod.fmf in 15 ms
2025/10/03 12:59:11.0 Read C:\ForteBio\John\2025_08_06_153x35BP_48wp_p2_\250806_ExpMethod.fmf in 0 ms
2025/10/03 12:59:11.0 Read C:\ForteBio\John\2025_07_02_1_126B3_\250702_ExpMethod.fmf in 0 ms
2025/10/03 12:59:11.0 Read C:\ForteBio\John\2025_06_26_126C1_D7-D9_\250626_ExpMethod.fmf in 0 ms
2025/10/03 12:59:13.7 
2025/10/03 12:59:13.7 In StExperiment.Init()
2025/10/03 12:59:13.7 
2025/10/03 12:59:13.7 Progress: 0 %
2025/10/03 12:59:13.7 Progress: 2 %
2025/10/03 12:59:13.7 Progress: 4 %
2025/10/03 12:59:13.7 Progress: 6 %
2025/10/03 12:59:13.7 Progress: 8 %
2025/10/03 12:59:13.7 Progress: 10 %
2025/10/03 12:59:13.7 Progress: 12 %
2025/10/03 12:59:13.7 Progress: 14 %
2025/10/03 12:59:13.7 Progress: 16 %
2025/10/03 12:59:13.7 Progress: 18 %
2025/10/03 12:59:13.7 Progress: 20 %
2025/10/03 12:59:13.7 Progress: 22 %
2025/10/03 12:59:13.7 Progress: 25 %
2025/10/03 12:59:13.7 Progress: 27 %
2025/10/03 12:59:13.7 Progress: 29 %
2025/10/03 12:59:13.7 Progress: 31 %
2025/10/03 12:59:13.7 Progress: 33 %
2025/10/03 12:59:13.7 Progress: 35 %
2025/10/03 12:59:13.7 Progress: 37 %
2025/10/03 12:59:13.7 Progress: 39 %
2025/10/03 12:59:13.7 Progress: 41 %
2025/10/03 12:59:13.7 Progress: 43 %
2025/10/03 12:59:13.7 Progress: 45 %
2025/10/03 12:59:13.7 Progress: 47 %
2025/10/03 12:59:13.7 Progress: 50 %
2025/10/03 12:59:13.7 Progress: 52 %
2025/10/03 12:59:13.7 Progress: 54 %
2025/10/03 12:59:13.7 Progress: 56 %
2025/10/03 12:59:13.7 Progress: 58 %
2025/10/03 12:59:13.7 Progress: 60 %
2025/10/03 12:59:13.7 Progress: 62 %
2025/10/03 12:59:13.7 Progress: 64 %
2025/10/03 12:59:13.7 Progress: 66 %
2025/10/03 12:59:13.7 Progress: 68 %
2025/10/03 12:59:13.7 Progress: 70 %
2025/10/03 12:59:13.7 Progress: 72 %
2025/10/03 12:59:13.7 Progress: 75 %
2025/10/03 12:59:13.7 Progress: 77 %
2025/10/03 12:59:13.7 Progress: 79 %
2025/10/03 12:59:13.7 Progress: 81 %
2025/10/03 12:59:13.7 Progress: 83 %
2025/10/03 12:59:13.7 Progress: 85 %
2025/10/03 12:59:13.7 Progress: 87 %
2025/10/03 12:59:13.7 Progress: 89 %
2025/10/03 12:59:13.7 Progress: 91 %
2025/10/03 12:59:13.7 Progress: 93 %
2025/10/03 12:59:13.7 Progress: 95 %
2025/10/03 12:59:13.7 Progress: 97 %
2025/10/03 12:59:13.7 Progress: 100 %
2025/10/03 12:59:13.8 Time = 93 ms
2025/10/03 12:59:13.8 
2025/10/03 12:59:16.1 Tab 0: # of curves 1
2025/10/03 12:59:18.4 Tab 1: # of curves 1
2025/10/03 12:59:19.6 Tab 0: # of curves 2
2025/10/03 12:59:24.6 Calculating ............................
2025/10/03 12:59:24.8 Analysis Begins 12:59:24 PM
2025/10/03 12:59:26.2 Tab 0: # of curves 4
2025/10/03 12:59:26.4 this {Width=251, Height=348} sender {Width=251, Height=348} Clip {Width=249, Height=346}
2025/10/03 12:59:28.2 Tab 1: # of curves 4
2025/10/03 12:59:28.3 this {Width=251, Height=348} sender {Width=251, Height=348} Clip {Width=249, Height=346}
2025/10/03 12:59:31.5 Tab 0: # of curves 5
2025/10/03 12:59:31.6 this {Width=251, Height=348} sender {Width=251, Height=348} Clip {Width=249, Height=346}
2025/10/03 12:59:32.4 Tab 1: # of curves 5
2025/10/03 12:59:32.5 this {Width=251, Height=348} sender {Width=251, Height=348} Clip {Width=249, Height=346}
2025/10/03 12:59:34.1 Tab 0: # of curves 6
2025/10/03 12:59:34.2 this {Width=251, Height=348} sender {Width=251, Height=348} Clip {Width=249, Height=346}
2025/10/03 12:59:34.6 Tab 1: # of curves 6
2025/10/03 12:59:34.7 this {Width=251, Height=348} sender {Width=251, Height=348} Clip {Width=249, Height=346}
2025/10/03 12:59:49.8 Tab 0: # of curves 7
2025/10/03 12:59:50.1 this {Width=251, Height=348} sender {Width=251, Height=348} Clip {Width=249, Height=346}
2025/10/03 12:59:52.2 Export image takes 214ms
2025/10/03 12:59:52.4 Export image takes 99ms
2025/10/03 12:59:52.9 Tab 1: # of curves 7
2025/10/03 12:59:53.1 this {Width=251, Height=348} sender {Width=251, Height=348} Clip {Width=249, Height=346}
2025/10/03 12:59:55.1 Export image takes 241ms
2025/10/03 12:59:55.4 Export image takes 113ms
2025/10/06 12:30:19.9 <I Name="ExperimentName" O="20250820 PE samples 20 sec load" N="20251006_212T11_48wp_beacon_asym_" />
2025/10/06 12:30:19.9 Sensor tray definitions were changed
2025/10/06 12:30:20.0 SetHeaterTemperature 30.0
2025/10/06 12:30:20.1 Temp: 2025/10/06 12:30:20, 30.2000
2025/10/06 12:30:20.1 bShakeWhileWaiting=0, nShakerRPM=0
2025/10/06 12:30:20.2 DELAYED START: Waiting for 600 s
2025/10/06 12:30:20.2 GMC_SetPosZ
2025/10/06 12:30:20.2 Old State:4-ENGN_State_SystemReady New State:ENGN_State_ControllerBusy
2025/10/06 12:30:20.4 GMC_ServoHere
2025/10/06 12:30:20.5 GMC_SetPosXY
2025/10/06 12:30:20.7 GMC_SetPosZ
2025/10/06 12:30:21.1 Old State:29-ENGN_State_ControllerBusy New State:ENGN_State_ControllerDone
2025/10/06 12:30:21.2 Old State:30-ENGN_State_ControllerDone New State:ENGN_State_SystemReady
2025/10/06 12:31:20.2 Temp: 2025/10/06 12:31:20, 30.1000
2025/10/06 12:32:20.3 Temp: 2025/10/06 12:32:20, 30.1000
2025/10/06 12:33:20.3 Temp: 2025/10/06 12:33:20, 30.0000
2025/10/06 12:34:20.4 Temp: 2025/10/06 12:34:20, 30.0000
2025/10/06 12:35:20.4 Temp: 2025/10/06 12:35:20, 30.0000
2025/10/06 12:36:20.5 Temp: 2025/10/06 12:36:20, 30.0000
2025/10/06 12:37:20.6 Temp: 2025/10/06 12:37:20, 30.0000
2025/10/06 12:38:20.6 Temp: 2025/10/06 12:38:20, 30.0000
2025/10/06 12:39:20.7 Temp: 2025/10/06 12:39:20, 30.0000
2025/10/06 12:40:20.8 Temp: 2025/10/06 12:40:20, 30.0000
2025/10/06 12:40:21.5 DELAYED START: Done.
2025/10/06 12:40:21.5 Starting new assay
2025/10/06 12:40:21.7 Old State:4-ENGN_State_SystemReady New State:ENGN_StateRunning_StartNewStep
2025/10/06 12:40:21.8 Plate 1 temperature = 30 C
2025/10/06 12:40:21.8 Old State:6-ENGN_StateRunning_StartNewStep New State:ENGN_StateRunning_WaitPickingSensors
2025/10/06 12:40:21.8 Pick(0, 5)
2025/10/06 12:40:22.0 GMC_SetPosZ
2025/10/06 12:40:22.0 Old State:7-ENGN_StateRunning_WaitPickingSensors New State:ENGN_StateRunning_PickingSensors
2025/10/06 12:40:22.0 Temp: 2025/10/06 12:40:22, 30.0000
2025/10/06 12:40:22.1 GMC_ServoHere
2025/10/06 12:40:22.3 GMC_SetPosXY
2025/10/06 12:40:24.4 GMC_SetPosZ
2025/10/06 12:40:29.9 GMC_SetPosZ
2025/10/06 12:40:30.4 Old State:8-ENGN_StateRunning_PickingSensors New State:ENGN_StateRunning_CheckingSensors
2025/10/06 12:40:30.5 
2025/10/06 12:40:30.5 Detect Sensors
2025/10/06 12:40:30.5 ==============
2025/10/06 12:40:30.6 1	YES		6.6	5838.8
2025/10/06 12:40:30.6 2	YES		6.2	5070.9
2025/10/06 12:40:30.6 3	YES		6.2	6305.1
2025/10/06 12:40:30.6 4	YES		6.2	6510.6
2025/10/06 12:40:30.6 5	YES		5.8	5281.9
2025/10/06 12:40:30.6 6	YES		6.8	5413.1
2025/10/06 12:40:30.6 7	YES		6.1	6695.2
2025/10/06 12:40:30.6 8	YES		6.6	7721.3
2025/10/06 12:40:30.6 
2025/10/06 12:40:30.7 CH1: Correction Factor = 2.34512
2025/10/06 12:40:30.7 CH2: Correction Factor = 2.70387
2025/10/06 12:40:30.7 CH3: Correction Factor = 2.29446
2025/10/06 12:40:30.7 CH4: Correction Factor = 2.13889
2025/10/06 12:40:30.7 CH5: Correction Factor = 2.74073
2025/10/06 12:40:30.7 CH6: Correction Factor = 2.80862
2025/10/06 12:40:30.7 CH7: Correction Factor = 2.20765
2025/10/06 12:40:30.7 CH8: Correction Factor = 1.883
2025/10/06 12:40:30.9 CH1: Correction Factor = 1.07327
2025/10/06 12:40:30.9 CH2: Correction Factor = 1.07995
2025/10/06 12:40:30.9 CH3: Correction Factor = 1.09571
2025/10/06 12:40:30.9 CH4: Correction Factor = 1.06989
2025/10/06 12:40:30.9 CH5: Correction Factor = 1.10201
2025/10/06 12:40:30.9 CH6: Correction Factor = 1.08638
2025/10/06 12:40:30.9 CH7: Correction Factor = 1.06966
2025/10/06 12:40:30.9 CH8: Correction Factor = 1.08074
2025/10/06 12:40:31.0 CH1: Correction Factor = 1.0099
2025/10/06 12:40:31.0 CH2: Correction Factor = 1.01206
2025/10/06 12:40:31.0 CH3: Correction Factor = 0.988014
2025/10/06 12:40:31.0 CH4: Correction Factor = 1.01172
2025/10/06 12:40:31.0 CH5: Correction Factor = 0.9864
2025/10/06 12:40:31.0 CH6: Correction Factor = 1.00313
2025/10/06 12:40:31.0 CH7: Correction Factor = 1.00939
2025/10/06 12:40:31.0 CH8: Correction Factor = 0.990106
2025/10/06 12:40:31.2 CH1: Correction Factor = 0.99967
2025/10/06 12:40:31.2 CH2: Correction Factor = 0.999981
2025/10/06 12:40:31.2 CH3: Correction Factor = 0.998313
2025/10/06 12:40:31.2 CH4: Correction Factor = 0.997325
2025/10/06 12:40:31.2 CH5: Correction Factor = 1.00007
2025/10/06 12:40:31.2 CH6: Correction Factor = 1.00037
2025/10/06 12:40:31.2 CH7: Correction Factor = 0.999067
2025/10/06 12:40:31.2 CH8: Correction Factor = 0.998478
2025/10/06 12:40:31.3 CH1: Correction Factor = 0.999746
2025/10/06 12:40:31.4 CH2: Correction Factor = 0.999941
2025/10/06 12:40:31.4 CH3: Correction Factor = 0.998093
2025/10/06 12:40:31.4 CH4: Correction Factor = 1.00094
2025/10/06 12:40:31.4 CH5: Correction Factor = 1.00057
2025/10/06 12:40:31.4 CH6: Correction Factor = 1.00036
2025/10/06 12:40:31.4 CH7: Correction Factor = 0.999106
2025/10/06 12:40:31.4 CH8: Correction Factor = 0.998393
2025/10/06 12:40:31.5 CH1: Correction Factor = 0.999527
2025/10/06 12:40:31.5 CH2: Correction Factor = 0.999731
2025/10/06 12:40:31.5 CH3: Correction Factor = 1.00154
2025/10/06 12:40:31.5 CH4: Correction Factor = 0.99735
2025/10/06 12:40:31.5 CH5: Correction Factor = 0.997853
2025/10/06 12:40:31.5 CH6: Correction Factor = 1.00028
2025/10/06 12:40:31.5 CH7: Correction Factor = 1.00278
2025/10/06 12:40:31.5 CH8: Correction Factor = 1.00238
2025/10/06 12:40:31.5 Sensor 1: Integration Time = 2.54 ms
2025/10/06 12:40:31.5 Sensor 2: Integration Time = 2.95 ms
2025/10/06 12:40:31.5 Sensor 3: Integration Time = 2.48 ms
2025/10/06 12:40:31.5 Sensor 4: Integration Time = 2.31 ms
2025/10/06 12:40:31.5 Sensor 5: Integration Time = 2.97 ms
2025/10/06 12:40:31.5 Sensor 6: Integration Time = 3.06 ms
2025/10/06 12:40:31.5 Sensor 7: Integration Time = 2.39 ms
2025/10/06 12:40:31.5 Sensor 8: Integration Time = 2.01 ms
2025/10/06 12:40:31.5 WaitControllerIdle(30000)
2025/10/06 12:40:31.6 GMC_HomeZ
2025/10/06 12:40:38.2 GMC_SetPosZ
2025/10/06 12:40:38.6 GMC_ServoHere
2025/10/06 12:40:38.9 Old State:9-ENGN_StateRunning_CheckingSensors New State:ENGN_StateRunning_PickingSensorsComplete
2025/10/06 12:40:38.9 StartShaker(1000)
2025/10/06 12:40:38.9 Integration Time: 2.54,2.95,2.48,2.31,2.97,3.06,2.39,2.01,
2025/10/06 12:40:39.0 Plate 1 temperature = 30 C
2025/10/06 12:40:39.0 Pickups: 3014, Warn: 90, Error: 100
2025/10/06 12:40:39.2 Old State:10-ENGN_StateRunning_PickingSensorsComplete New State:ENGN_StateRunning_WaitGoingToSample
2025/10/06 12:40:39.2 Sample96_Q(0, 0, 0)
2025/10/06 12:40:39.3 GMC_SetPosZ
2025/10/06 12:40:39.3 
2025/10/06 12:40:39.3 START SCAN: 
2025/10/06 12:40:39.3    CycleTime (ms)    = 200
2025/10/06 12:40:39.3    CycleCount        = 900
2025/10/06 12:40:39.3    ScansToAverage    = 20
2025/10/06 12:40:39.3    FinishTime (s)    = 180
2025/10/06 12:40:39.3    Temperature       = 30.0
2025/10/06 12:40:39.3    Lamp Power        = 36
2025/10/06 12:40:39.3    Spec PCB temps    = 40.1, 40.6, 40.7, 40.6, 40.7, 40.9, 38.8, 39.7
2025/10/06 12:40:39.3 
2025/10/06 12:40:39.4 Old State:12-ENGN_StateRunning_WaitGoingToSample New State:ENGN_StateRunning_GoingToSample
2025/10/06 12:40:39.5 GMC_ServoHere
2025/10/06 12:40:39.7 GMC_SetPosXY
2025/10/06 12:40:41.9 GMC_SetPosZ
2025/10/06 12:40:44.0 Old State:13-ENGN_StateRunning_GoingToSample New State:ENGN_StateRunning_GoingToSampleComplete
2025/10/06 12:40:44.1 Old State:14-cycle=1, Elapsed Time:    0.0,  Ideal Time:    0.0,  Delay time =   0.00  New State:ENGN_StateRunning_WaitSampling
2025/10/06 12:40:44.1 Step started at: 12:40:39
2025/10/06 12:40:44.1 XYZ movement time  = 4739 ms + Scan start delay = 4724 ms
2025/10/06 12:40:44.2 Old State:15-ENGN_StateRunning_WaitSampling New State:ENGN_StateRunning_Sampling
2025/10/06 12:41:22.2 Temp: 2025/10/06 12:41:22, 30.0000
2025/10/06 12:42:22.2 Temp: 2025/10/06 12:42:22, 30.0000
2025/10/06 12:43:22.3 Temp: 2025/10/06 12:43:22, 30.0000
2025/10/06 12:43:43.9 
2025/10/06 12:43:43.9 STOP SCAN: 
2025/10/06 12:43:43.9    CycleTime (ms)    = 200
2025/10/06 12:43:43.9    CurrentCycle      = 900
2025/10/06 12:43:43.9    RunTime (ms)      = 179956
2025/10/06 12:43:43.9    AverageCycle (ms) = 200.0
2025/10/06 12:43:43.9    Temperature       = 30.0
2025/10/06 12:43:43.9    DATA OVERRUN %    = 0.00
2025/10/06 12:43:43.9    Spec PCB temps    = 40.1, 40.7, 40.7, 40.6, 40.7, 40.9, 38.9, 39.7
2025/10/06 12:43:43.9 
2025/10/06 12:43:44.0 Old State:16-cycle=900, Elapsed Time:  180.0,  Ideal Time:  179.8,  Delay time =   0.04  New State:ENGN_StateRunning_SamplingComplete
2025/10/06 12:43:44.1 Old State:18-ENGN_StateRunning_SamplingComplete New State:ENGN_StateRunning_WaitNewStep
2025/10/06 12:43:44.3 Old State:5-ENGN_StateRunning_WaitNewStep New State:ENGN_StateRunning_StartNewStep
2025/10/06 12:43:44.3 StartShaker(1000)
2025/10/06 12:43:44.7 Old State:6-ENGN_StateRunning_StartNewStep New State:ENGN_StateRunning_WaitGoingToSample
2025/10/06 12:43:44.7 Sample96_Q(0, 0, 1)
2025/10/06 12:43:44.7 Temp: 2025/10/06 12:43:44, 30.0000
2025/10/06 12:43:44.8 
2025/10/06 12:43:44.8 START SCAN: 
2025/10/06 12:43:44.8    CycleTime (ms)    = 200
2025/10/06 12:43:44.8    CycleCount        = 100
2025/10/06 12:43:44.8    ScansToAverage    = 20
2025/10/06 12:43:44.8    FinishTime (s)    = 20
2025/10/06 12:43:44.8    Temperature       = 30.0
2025/10/06 12:43:44.8    Lamp Power        = 36
2025/10/06 12:43:44.8    Spec PCB temps    = 40.1, 40.7, 40.7, 40.6, 40.7, 40.9, 38.9, 39.7
2025/10/06 12:43:44.8 
2025/10/06 12:43:44.8 GMC_SetPosZ
2025/10/06 12:43:44.8 Old State:12-ENGN_StateRunning_WaitGoingToSample New State:ENGN_StateRunning_GoingToSample
2025/10/06 12:43:46.8 GMC_ServoHere
2025/10/06 12:43:47.0 GMC_SetPosXY
2025/10/06 12:43:47.4 GMC_SetPosZ
2025/10/06 12:43:49.7 Old State:13-ENGN_StateRunning_GoingToSample New State:ENGN_StateRunning_GoingToSampleComplete
2025/10/06 12:43:49.8 Old State:14-cycle=1, Elapsed Time:    0.0,  Ideal Time:    0.0,  Delay time =   0.00  New State:ENGN_StateRunning_WaitSampling
2025/10/06 12:43:49.8 Step started at: 12:43:44
2025/10/06 12:43:49.8 XYZ movement time  = 4951 ms + Scan start delay = 4960 ms
2025/10/06 12:43:49.9 Old State:15-ENGN_StateRunning_WaitSampling New State:ENGN_StateRunning_Sampling
2025/10/06 12:44:09.6 
2025/10/06 12:44:09.6 STOP SCAN: 
2025/10/06 12:44:09.6    CycleTime (ms)    = 200
2025/10/06 12:44:09.6    CurrentCycle      = 100
2025/10/06 12:44:09.6    RunTime (ms)      = 19957
2025/10/06 12:44:09.6    AverageCycle (ms) = 199.6
2025/10/06 12:44:09.6    Temperature       = 30.0
2025/10/06 12:44:09.6    DATA OVERRUN %    = 0.00
2025/10/06 12:44:09.6    Spec PCB temps    = 40.1, 40.7, 40.7, 40.6, 40.7, 40.9, 38.9, 39.7
2025/10/06 12:44:09.6 
2025/10/06 12:44:09.7 Old State:16-cycle=100, Elapsed Time:   20.0,  Ideal Time:   19.8,  Delay time =  -0.00 <<<<<<<<<< New State:ENGN_StateRunning_SamplingComplete
2025/10/06 12:44:09.8 Old State:18-ENGN_StateRunning_SamplingComplete New State:ENGN_StateRunning_WaitNewStep
2025/10/06 12:44:10.1 Old State:5-ENGN_StateRunning_WaitNewStep New State:ENGN_StateRunning_StartNewStep
2025/10/06 12:44:10.2 StartShaker(1000)
2025/10/06 12:44:10.4 Temp: 2025/10/06 12:44:10, 30.0000
2025/10/06 12:44:10.5 Old State:6-ENGN_StateRunning_StartNewStep New State:ENGN_StateRunning_WaitGoingToSample
2025/10/06 12:44:10.5 Sample96_Q(0, 0, 0)
2025/10/06 12:44:10.6 
2025/10/06 12:44:10.6 START SCAN: 
2025/10/06 12:44:10.6    CycleTime (ms)    = 200
2025/10/06 12:44:10.6    CycleCount        = 100
2025/10/06 12:44:10.6    ScansToAverage    = 20
2025/10/06 12:44:10.6    FinishTime (s)    = 20
2025/10/06 12:44:10.6    Temperature       = 30.0
2025/10/06 12:44:10.6    Lamp Power        = 36
2025/10/06 12:44:10.6    Spec PCB temps    = 40.1, 40.7, 40.7, 40.6, 40.7, 40.9, 38.9, 39.7
2025/10/06 12:44:10.6 
2025/10/06 12:44:10.6 GMC_SetPosZ
2025/10/06 12:44:10.6 Old State:12-ENGN_StateRunning_WaitGoingToSample New State:ENGN_StateRunning_GoingToSample
2025/10/06 12:44:12.8 GMC_ServoHere
2025/10/06 12:44:13.0 GMC_SetPosXY
2025/10/06 12:44:13.3 GMC_SetPosZ
2025/10/06 12:44:15.5 Old State:13-ENGN_StateRunning_GoingToSample New State:ENGN_StateRunning_GoingToSampleComplete
2025/10/06 12:44:15.6 Old State:14-cycle=1, Elapsed Time:    0.0,  Ideal Time:    0.0,  Delay time =   0.00  New State:ENGN_StateRunning_WaitSampling
2025/10/06 12:44:15.6 Step started at: 12:44:10
2025/10/06 12:44:15.6 XYZ movement time  = 4942 ms + Scan start delay = 4907 ms
2025/10/06 12:44:15.7 Old State:15-ENGN_StateRunning_WaitSampling New State:ENGN_StateRunning_Sampling
2025/10/06 12:44:35.3 
2025/10/06 12:44:35.3 STOP SCAN: 
2025/10/06 12:44:35.3    CycleTime (ms)    = 200
2025/10/06 12:44:35.3    CurrentCycle      = 100
2025/10/06 12:44:35.3    RunTime (ms)      = 19955
2025/10/06 12:44:35.3    AverageCycle (ms) = 199.6
2025/10/06 12:44:35.3    Temperature       = 30.0
2025/10/06 12:44:35.3    DATA OVERRUN %    = 0.00
2025/10/06 12:44:35.3    Spec PCB temps    = 40.1, 40.7, 40.7, 40.6, 40.7, 40.9, 38.9, 39.7
2025/10/06 12:44:35.3 
2025/10/06 12:44:35.4 Old State:16-cycle=100, Elapsed Time:   20.0,  Ideal Time:   19.8,  Delay time =   0.01  New State:ENGN_StateRunning_SamplingComplete
2025/10/06 12:44:35.6 Old State:18-ENGN_StateRunning_SamplingComplete New State:ENGN_StateRunning_WaitNewStep
2025/10/06 12:44:35.8 Old State:5-ENGN_StateRunning_WaitNewStep New State:ENGN_StateRunning_StartNewStep
2025/10/06 12:44:35.8 StartShaker(1000)
2025/10/06 12:44:36.1 Old State:6-ENGN_StateRunning_StartNewStep New State:ENGN_StateRunning_WaitGoingToSample
2025/10/06 12:44:36.1 Sample96_Q(0, 0, 1)
2025/10/06 12:44:36.1 Temp: 2025/10/06 12:44:36, 30.0000
2025/10/06 12:44:36.2 
2025/10/06 12:44:36.2 START SCAN: 
2025/10/06 12:44:36.2    CycleTime (ms)    = 200
2025/10/06 12:44:36.2    CycleCount        = 100
2025/10/06 12:44:36.2    ScansToAverage    = 20
2025/10/06 12:44:36.2    FinishTime (s)    = 20
2025/10/06 12:44:36.2    Temperature       = 30.0
2025/10/06 12:44:36.2    Lamp Power        = 36
2025/10/06 12:44:36.2    Spec PCB temps    = 40.1, 40.7, 40.7, 40.6, 40.7, 40.9, 38.9, 39.7
2025/10/06 12:44:36.2 
2025/10/06 12:44:36.2 GMC_SetPosZ
2025/10/06 12:44:36.3 Old State:12-ENGN_StateRunning_WaitGoingToSample New State:ENGN_StateRunning_GoingToSample
2025/10/06 12:44:38.2 GMC_ServoHere
2025/10/06 12:44:38.4 GMC_SetPosXY
2025/10/06 12:44:38.8 GMC_SetPosZ
2025/10/06 12:44:41.1 Old State:13-ENGN_StateRunning_GoingToSample New State:ENGN_StateRunning_GoingToSampleComplete
2025/10/06 12:44:41.2 Old State:14-cycle=1, Elapsed Time:    0.0,  Ideal Time:    0.0,  Delay time =   0.00  New State:ENGN_StateRunning_WaitSampling
2025/10/06 12:44:41.2 Step started at: 12:44:36
2025/10/06 12:44:41.2 XYZ movement time  = 4896 ms + Scan start delay = 4866 ms
2025/10/06 12:44:41.3 Old State:15-ENGN_StateRunning_WaitSampling New State:ENGN_StateRunning_Sampling
2025/10/06 12:45:00.9 
2025/10/06 12:45:00.9 STOP SCAN: 
2025/10/06 12:45:00.9    CycleTime (ms)    = 200
2025/10/06 12:45:00.9    CurrentCycle      = 100
2025/10/06 12:45:00.9    RunTime (ms)      = 19956
2025/10/06 12:45:00.9    AverageCycle (ms) = 199.6
2025/10/06 12:45:00.9    Temperature       = 30.0
2025/10/06 12:45:00.9    DATA OVERRUN %    = 0.00
2025/10/06 12:45:00.9    Spec PCB temps    = 40.1, 40.7, 40.7, 40.6, 40.7, 40.9, 38.9, 39.7
2025/10/06 12:45:00.9 
2025/10/06 12:45:01.0 Old State:16-cycle=100, Elapsed Time:   20.0,  Ideal Time:   19.8,  Delay time =   0.05  New State:ENGN_StateRunning_SamplingComplete
2025/10/06 12:45:01.2 Old State:18-ENGN_StateRunning_SamplingComplete New State:ENGN_StateRunning_WaitNewStep
2025/10/06 12:45:01.6 Old State:5-ENGN_StateRunning_WaitNewStep New State:ENGN_StateRunning_StartNewStep
2025/10/06 12:45:01.6 StartShaker(1000)
2025/10/06 12:45:01.9 Temp: 2025/10/06 12:45:01, 30.0000
2025/10/06 12:45:02.0 Old State:6-ENGN_StateRunning_StartNewStep New State:ENGN_StateRunning_WaitGoingToSample
2025/10/06 12:45:02.0 Sample96_Q(0, 0, 0)
2025/10/06 12:45:02.0 GMC_SetPosZ
2025/10/06 12:45:02.1 
2025/10/06 12:45:02.1 START SCAN: 
2025/10/06 12:45:02.1    CycleTime (ms)    = 200
2025/10/06 12:45:02.1    CycleCount        = 100
2025/10/06 12:45:02.1    ScansToAverage    = 20
2025/10/06 12:45:02.1    FinishTime (s)    = 20
2025/10/06 12:45:02.1    Temperature       = 30.0
2025/10/06 12:45:02.1    Lamp Power        = 36
2025/10/06 12:45:02.1    Spec PCB temps    = 40.1, 40.7, 40.7, 40.6, 40.7, 40.9, 38.9, 39.7
2025/10/06 12:45:02.1 
2025/10/06 12:45:02.1 Old State:12-ENGN_StateRunning_WaitGoingToSample New State:ENGN_StateRunning_GoingToSample
2025/10/06 12:45:04.2 GMC_ServoHere
2025/10/06 12:45:04.4 GMC_SetPosXY
2025/10/06 12:45:04.8 GMC_SetPosZ
2025/10/06 12:45:06.9 Old State:13-ENGN_StateRunning_GoingToSample New State:ENGN_StateRunning_GoingToSampleComplete
2025/10/06 12:45:07.0 Old State:14-cycle=1, Elapsed Time:    0.0,  Ideal Time:    0.0,  Delay time =   0.00  New State:ENGN_StateRunning_WaitSampling
2025/10/06 12:45:07.0 Step started at: 12:45:02
2025/10/06 12:45:07.0 XYZ movement time  = 4892 ms + Scan start delay = 4842 ms
2025/10/06 12:45:07.1 Old State:15-ENGN_StateRunning_WaitSampling New State:ENGN_StateRunning_Sampling
2025/10/06 12:45:26.8 
2025/10/06 12:45:26.8 STOP SCAN: 
2025/10/06 12:45:26.8    CycleTime (ms)    = 200
2025/10/06 12:45:26.8    CurrentCycle      = 100
2025/10/06 12:45:26.8    RunTime (ms)      = 19956
2025/10/06 12:45:26.8    AverageCycle (ms) = 199.6
2025/10/06 12:45:26.8    Temperature       = 30.0
2025/10/06 12:45:26.8    DATA OVERRUN %    = 0.00
2025/10/06 12:45:26.8    Spec PCB temps    = 40.1, 40.7, 40.7, 40.6, 40.7, 40.9, 38.9, 39.7
2025/10/06 12:45:26.8 
2025/10/06 12:45:26.9 Old State:16-cycle=100, Elapsed Time:   20.0,  Ideal Time:   19.8,  Delay time =   0.04  New State:ENGN_StateRunning_SamplingComplete
2025/10/06 12:45:27.0 Old State:18-ENGN_StateRunning_SamplingComplete New State:ENGN_StateRunning_WaitNewStep
2025/10/06 12:45:27.4 Old State:5-ENGN_StateRunning_WaitNewStep New State:ENGN_StateRunning_StartNewStep
2025/10/06 12:45:27.4 StartShaker(1000)
2025/10/06 12:45:27.7 Temp: 2025/10/06 12:45:27, 30.0000
2025/10/06 12:45:27.7 Old State:6-ENGN_StateRunning_StartNewStep New State:ENGN_StateRunning_WaitGoingToSample
2025/10/06 12:45:27.7 Sample96_Q(0, 0, 1)
2025/10/06 12:45:27.8 
2025/10/06 12:45:27.8 START SCAN: 
2025/10/06 12:45:27.8    CycleTime (ms)    = 200
2025/10/06 12:45:27.8    CycleCount        = 100
2025/10/06 12:45:27.8    ScansToAverage    = 20
2025/10/06 12:45:27.8    FinishTime (s)    = 20
2025/10/06 12:45:27.8    Temperature       = 30.0
2025/10/06 12:45:27.8    Lamp Power        = 36
2025/10/06 12:45:27.8    Spec PCB temps    = 40.1, 40.7, 40.7, 40.6, 40.7, 40.9, 38.9, 39.7
2025/10/06 12:45:27.8 
2025/10/06 12:45:27.8 GMC_SetPosZ
2025/10/06 12:45:27.9 Old State:12-ENGN_StateRunning_WaitGoingToSample New State:ENGN_StateRunning_GoingToSample
2025/10/06 12:45:29.8 GMC_ServoHere
2025/10/06 12:45:30.0 GMC_SetPosXY
2025/10/06 12:45:30.4 GMC_SetPosZ
2025/10/06 12:45:32.7 Old State:13-cycle=1, Elapsed Time:    0.0,  Ideal Time:    0.0,  Delay time =   0.00  New State:ENGN_StateRunning_GoingToSampleComplete
2025/10/06 12:45:32.8 Old State:14-ENGN_StateRunning_GoingToSampleComplete New State:ENGN_StateRunning_WaitSampling
2025/10/06 12:45:32.8 Step started at: 12:45:27
2025/10/06 12:45:32.8 XYZ movement time  = 4941 ms + Scan start delay = 4872 ms
2025/10/06 12:45:32.9 Old State:15-ENGN_StateRunning_WaitSampling New State:ENGN_StateRunning_Sampling
2025/10/06 12:45:52.6 
2025/10/06 12:45:52.6 STOP SCAN: 
2025/10/06 12:45:52.6    CycleTime (ms)    = 200
2025/10/06 12:45:52.6    CurrentCycle      = 100
2025/10/06 12:45:52.6    RunTime (ms)      = 20008
2025/10/06 12:45:52.6    AverageCycle (ms) = 200.1
2025/10/06 12:45:52.6    Temperature       = 30.0
2025/10/06 12:45:52.6    DATA OVERRUN %    = 0.00
2025/10/06 12:45:52.6    Spec PCB temps    = 40.1, 40.7, 40.7, 40.6, 40.7, 40.9, 38.9, 39.7
2025/10/06 12:45:52.6 
2025/10/06 12:45:52.7 Old State:16-cycle=100, Elapsed Time:   20.0,  Ideal Time:   19.8,  Delay time =   0.04  New State:ENGN_StateRunning_SamplingComplete
2025/10/06 12:45:52.9 Old State:18-ENGN_StateRunning_SamplingComplete New State:ENGN_StateRunning_WaitNewStep
2025/10/06 12:45:53.1 Old State:5-ENGN_StateRunning_WaitNewStep New State:ENGN_StateRunning_StartNewStep
2025/10/06 12:45:53.1 StartShaker(1000)
2025/10/06 12:45:53.4 Temp: 2025/10/06 12:45:53, 30.0000
2025/10/06 12:45:53.4 Old State:6-ENGN_StateRunning_StartNewStep New State:ENGN_StateRunning_WaitGoingToSample
2025/10/06 12:45:53.4 Sample96_Q(0, 0, 0)
2025/10/06 12:45:53.5 GMC_SetPosZ
2025/10/06 12:45:53.5 
2025/10/06 12:45:53.5 START SCAN: 
2025/10/06 12:45:53.5    CycleTime (ms)    = 200
2025/10/06 12:45:53.5    CycleCount        = 100
2025/10/06 12:45:53.5    ScansToAverage    = 20
2025/10/06 12:45:53.5    FinishTime (s)    = 20
2025/10/06 12:45:53.5    Temperature       = 30.0
2025/10/06 12:45:53.5    Lamp Power        = 36
2025/10/06 12:45:53.5    Spec PCB temps    = 40.1, 40.7, 40.7, 40.6, 40.7, 40.9, 38.9, 39.8
2025/10/06 12:45:53.5 
2025/10/06 12:45:53.6 Old State:12-ENGN_StateRunning_WaitGoingToSample New State:ENGN_StateRunning_GoingToSample
2025/10/06 12:45:55.6 GMC_ServoHere
2025/10/06 12:45:55.8 GMC_SetPosXY
2025/10/06 12:45:56.2 GMC_SetPosZ
2025/10/06 12:45:58.3 Old State:13-ENGN_StateRunning_GoingToSample New State:ENGN_StateRunning_GoingToSampleComplete
2025/10/06 12:45:58.4 Old State:14-cycle=1, Elapsed Time:    0.0,  Ideal Time:    0.0,  Delay time =   0.00  New State:ENGN_StateRunning_WaitSampling
2025/10/06 12:45:58.4 Step started at: 12:45:53
2025/10/06 12:45:58.4 XYZ movement time  = 4826 ms + Scan start delay = 4788 ms
2025/10/06 12:45:58.5 Old State:15-ENGN_StateRunning_WaitSampling New State:ENGN_StateRunning_Sampling
2025/10/06 12:46:18.2 
2025/10/06 12:46:18.2 STOP SCAN: 
2025/10/06 12:46:18.2    CycleTime (ms)    = 200
2025/10/06 12:46:18.2    CurrentCycle      = 100
2025/10/06 12:46:18.2    RunTime (ms)      = 19956
2025/10/06 12:46:18.2    AverageCycle (ms) = 199.6
2025/10/06 12:46:18.2    Temperature       = 30.0
2025/10/06 12:46:18.2    DATA OVERRUN %    = 0.00
2025/10/06 12:46:18.2    Spec PCB temps    = 40.1, 40.7, 40.8, 40.6, 40.7, 40.9, 38.9, 39.7
2025/10/06 12:46:18.2 
2025/10/06 12:46:18.3 Old State:16-cycle=100, Elapsed Time:   20.0,  Ideal Time:   19.8,  Delay time =   0.04  New State:ENGN_StateRunning_SamplingComplete
2025/10/06 12:46:18.4 Old State:18-ENGN_StateRunning_SamplingComplete New State:ENGN_StateRunning_WaitNewStep
2025/10/06 12:46:18.5 Old State:5-ENGN_StateRunning_WaitNewStep New State:ENGN_StateRunning_StartNewStep
2025/10/06 12:46:18.6 StartShaker(1000)
2025/10/06 12:46:18.8 Temp: 2025/10/06 12:46:18, 30.0000
2025/10/06 12:46:18.9 Old State:6-ENGN_StateRunning_StartNewStep New State:ENGN_StateRunning_WaitGoingToSample
2025/10/06 12:46:18.9 Sample96_Q(0, 0, 2)
2025/10/06 12:46:18.9 GMC_SetPosZ
2025/10/06 12:46:19.0 
2025/10/06 12:46:19.0 START SCAN: 
2025/10/06 12:46:19.0    CycleTime (ms)    = 200
2025/10/06 12:46:19.0    CycleCount        = 600
2025/10/06 12:46:19.0    ScansToAverage    = 20
2025/10/06 12:46:19.0    FinishTime (s)    = 120
2025/10/06 12:46:19.0    Temperature       = 30.0
2025/10/06 12:46:19.0    Lamp Power        = 36
2025/10/06 12:46:19.0    Spec PCB temps    = 40.1, 40.7, 40.7, 40.6, 40.7, 40.9, 38.9, 39.7
2025/10/06 12:46:19.0 
2025/10/06 12:46:19.1 Old State:12-ENGN_StateRunning_WaitGoingToSample New State:ENGN_StateRunning_GoingToSample
2025/10/06 12:46:20.9 GMC_ServoHere
2025/10/06 12:46:21.1 GMC_SetPosXY
2025/10/06 12:46:21.7 GMC_SetPosZ
2025/10/06 12:46:24.3 Old State:13-ENGN_StateRunning_GoingToSample New State:ENGN_StateRunning_GoingToSampleComplete
2025/10/06 12:46:24.4 Old State:14-cycle=1, Elapsed Time:    0.0,  Ideal Time:    0.0,  Delay time =   0.00  New State:ENGN_StateRunning_WaitSampling
2025/10/06 12:46:24.4 Step started at: 12:46:18
2025/10/06 12:46:24.4 XYZ movement time  = 5315 ms + Scan start delay = 5310 ms
2025/10/06 12:46:24.5 Old State:15-ENGN_StateRunning_WaitSampling New State:ENGN_StateRunning_Sampling
2025/10/06 12:47:18.9 Temp: 2025/10/06 12:47:18, 30.0000
2025/10/06 12:48:18.9 Temp: 2025/10/06 12:48:18, 30.0000
2025/10/06 12:48:24.2 
2025/10/06 12:48:24.2 STOP SCAN: 
2025/10/06 12:48:24.2    CycleTime (ms)    = 200
2025/10/06 12:48:24.2    CurrentCycle      = 600
2025/10/06 12:48:24.2    RunTime (ms)      = 119979
2025/10/06 12:48:24.2    AverageCycle (ms) = 200.0
2025/10/06 12:48:24.2    Temperature       = 30.0
2025/10/06 12:48:24.2    DATA OVERRUN %    = 0.00
2025/10/06 12:48:24.2    Spec PCB temps    = 40.1, 40.7, 40.8, 40.6, 40.8, 40.9, 38.9, 39.7
2025/10/06 12:48:24.2 
2025/10/06 12:48:24.3 Old State:16-cycle=600, Elapsed Time:  120.0,  Ideal Time:  119.8,  Delay time =   0.04  New State:ENGN_StateRunning_SamplingComplete
2025/10/06 12:48:24.4 Old State:18-ENGN_StateRunning_SamplingComplete New State:ENGN_StateRunning_WaitNewStep
2025/10/06 12:48:24.8 Old State:5-ENGN_StateRunning_WaitNewStep New State:ENGN_StateRunning_StartNewStep
2025/10/06 12:48:24.8 StartShaker(1000)
2025/10/06 12:48:25.1 Old State:6-ENGN_StateRunning_StartNewStep New State:ENGN_StateRunning_WaitGoingToSample
2025/10/06 12:48:25.1 Sample96_Q(0, 0, 3)
2025/10/06 12:48:25.1 Temp: 2025/10/06 12:48:25, 30.0000
2025/10/06 12:48:25.2 
2025/10/06 12:48:25.2 START SCAN: 
2025/10/06 12:48:25.2    CycleTime (ms)    = 200
2025/10/06 12:48:25.2    CycleCount        = 100
2025/10/06 12:48:25.2    ScansToAverage    = 20
2025/10/06 12:48:25.2    FinishTime (s)    = 20
2025/10/06 12:48:25.2    Temperature       = 30.0
2025/10/06 12:48:25.2    Lamp Power        = 36
2025/10/06 12:48:25.2    Spec PCB temps    = 40.1, 40.7, 40.8, 40.6, 40.8, 40.9, 38.9, 39.7
2025/10/06 12:48:25.2 
2025/10/06 12:48:25.3 GMC_SetPosZ
2025/10/06 12:48:25.3 Old State:12-ENGN_StateRunning_WaitGoingToSample New State:ENGN_StateRunning_GoingToSample
2025/10/06 12:48:27.8 GMC_ServoHere
2025/10/06 12:48:28.0 GMC_SetPosXY
2025/10/06 12:48:28.4 GMC_SetPosZ
2025/10/06 12:48:31.4 Old State:13-ENGN_StateRunning_GoingToSample New State:ENGN_StateRunning_GoingToSampleComplete
2025/10/06 12:48:31.5 Old State:14-cycle=1, Elapsed Time:    0.0,  Ideal Time:    0.0,  Delay time =   0.00  New State:ENGN_StateRunning_WaitSampling
2025/10/06 12:48:31.5 Step started at: 12:48:25
2025/10/06 12:48:31.5 XYZ movement time  = 6189 ms + Scan start delay = 6137 ms
2025/10/06 12:48:31.6 Old State:15-ENGN_StateRunning_WaitSampling New State:ENGN_StateRunning_Sampling
2025/10/06 12:48:51.2 
2025/10/06 12:48:51.2 STOP SCAN: 
2025/10/06 12:48:51.2    CycleTime (ms)    = 200
2025/10/06 12:48:51.2    CurrentCycle      = 100
2025/10/06 12:48:51.2    RunTime (ms)      = 19956
2025/10/06 12:48:51.2    AverageCycle (ms) = 199.6
2025/10/06 12:48:51.2    Temperature       = 30.0
2025/10/06 12:48:51.2    DATA OVERRUN %    = 0.00
2025/10/06 12:48:51.2    Spec PCB temps    = 40.2, 40.7, 40.8, 40.6, 40.8, 40.9, 38.9, 39.7
2025/10/06 12:48:51.2 
2025/10/06 12:48:51.2 Old State:16-cycle=100, Elapsed Time:   20.0,  Ideal Time:   19.8,  Delay time =   0.02  New State:ENGN_StateRunning_SamplingComplete
2025/10/06 12:48:51.4 Old State:18-ENGN_StateRunning_SamplingComplete New State:ENGN_StateRunning_WaitNewStep
2025/10/06 12:48:51.6 Old State:5-ENGN_StateRunning_WaitNewStep New State:ENGN_StateRunning_StartNewStep
2025/10/06 12:48:51.6 StartShaker(1000)
2025/10/06 12:48:51.9 Temp: 2025/10/06 12:48:51, 30.0000
2025/10/06 12:48:51.9 Old State:6-ENGN_StateRunning_StartNewStep New State:ENGN_StateRunning_WaitGoingToSample
2025/10/06 12:48:51.9 Sample96_Q(0, 0, 4)
2025/10/06 12:48:52.0 GMC_SetPosZ
2025/10/06 12:48:52.0 
2025/10/06 12:48:52.0 START SCAN: 
2025/10/06 12:48:52.0    CycleTime (ms)    = 200
2025/10/06 12:48:52.0    CycleCount        = 300
2025/10/06 12:48:52.0    ScansToAverage    = 20
2025/10/06 12:48:52.0    FinishTime (s)    = 60
2025/10/06 12:48:52.0    Temperature       = 30.0
2025/10/06 12:48:52.0    Lamp Power        = 36
2025/10/06 12:48:52.0    Spec PCB temps    = 40.1, 40.7, 40.8, 40.6, 40.8, 40.9, 38.9, 39.8
2025/10/06 12:48:52.0 
2025/10/06 12:48:52.1 Old State:12-ENGN_StateRunning_WaitGoingToSample New State:ENGN_StateRunning_GoingToSample
2025/10/06 12:48:54.8 GMC_ServoHere
2025/10/06 12:48:54.9 GMC_SetPosXY
2025/10/06 12:48:55.3 GMC_SetPosZ
2025/10/06 12:48:58.5 Old State:13-ENGN_StateRunning_GoingToSample New State:ENGN_StateRunning_GoingToSampleComplete
2025/10/06 12:48:58.6 Old State:14-cycle=1, Elapsed Time:    0.0,  Ideal Time:    0.0,  Delay time =   0.00  New State:ENGN_StateRunning_WaitSampling
2025/10/06 12:48:58.6 Step started at: 12:48:52
2025/10/06 12:48:58.6 XYZ movement time  = 6483 ms + Scan start delay = 6457 ms
2025/10/06 12:48:58.7 Old State:15-ENGN_StateRunning_WaitSampling New State:ENGN_StateRunning_Sampling
2025/10/06 12:49:51.9 Temp: 2025/10/06 12:49:51, 30.0000
2025/10/06 12:49:58.4 
2025/10/06 12:49:58.4 STOP SCAN: 
2025/10/06 12:49:58.4    CycleTime (ms)    = 200
2025/10/06 12:49:58.4    CurrentCycle      = 300
2025/10/06 12:49:58.4    RunTime (ms)      = 59955
2025/10/06 12:49:58.4    AverageCycle (ms) = 199.8
2025/10/06 12:49:58.4    Temperature       = 30.0
2025/10/06 12:49:58.4    DATA OVERRUN %    = 0.00
2025/10/06 12:49:58.4    Spec PCB temps    = 40.2, 40.7, 40.9, 40.6, 40.8, 40.9, 38.9, 39.8
2025/10/06 12:49:58.4 
2025/10/06 12:49:58.4 Old State:16-cycle=300, Elapsed Time:   60.0,  Ideal Time:   59.8,  Delay time =   0.04  New State:ENGN_StateRunning_SamplingComplete
2025/10/06 12:49:58.5 Old State:18-ENGN_StateRunning_SamplingComplete New State:ENGN_StateRunning_WaitNewStep
2025/10/06 12:49:58.9 Old State:5-ENGN_StateRunning_WaitNewStep New State:ENGN_StateRunning_StartNewStep
2025/10/06 12:49:58.9 StartShaker(1000)
2025/10/06 12:49:59.2 Temp: 2025/10/06 12:49:59, 30.0000
2025/10/06 12:49:59.2 Old State:6-ENGN_StateRunning_StartNewStep New State:ENGN_StateRunning_WaitGoingToSample
2025/10/06 12:49:59.2 Sample96_Q(0, 0, 5)
2025/10/06 12:49:59.3 GMC_SetPosZ
2025/10/06 12:49:59.3 
2025/10/06 12:49:59.3 START SCAN: 
2025/10/06 12:49:59.3    CycleTime (ms)    = 200
2025/10/06 12:49:59.3    CycleCount        = 100
2025/10/06 12:49:59.3    ScansToAverage    = 20
2025/10/06 12:49:59.3    FinishTime (s)    = 20
2025/10/06 12:49:59.3    Temperature       = 30.0
2025/10/06 12:49:59.3    Lamp Power        = 36
2025/10/06 12:49:59.3    Spec PCB temps    = 40.2, 40.7, 40.9, 40.6, 40.8, 40.9, 38.9, 39.7
2025/10/06 12:49:59.3 
2025/10/06 12:49:59.4 Old State:12-ENGN_StateRunning_WaitGoingToSample New State:ENGN_StateRunning_GoingToSample
2025/10/06 12:50:02.4 GMC_ServoHere
2025/10/06 12:50:02.6 GMC_SetPosXY
2025/10/06 12:50:02.9 GMC_SetPosZ
2025/10/06 12:50:06.5 Old State:13-cycle=1, Elapsed Time:    0.0,  Ideal Time:    0.0,  Delay time =   0.00  New State:ENGN_StateRunning_GoingToSampleComplete
2025/10/06 12:50:06.6 Old State:14-ENGN_StateRunning_GoingToSampleComplete New State:ENGN_StateRunning_WaitSampling
2025/10/06 12:50:06.6 Step started at: 12:49:59
2025/10/06 12:50:06.6 XYZ movement time  = 7181 ms + Scan start delay = 7113 ms
2025/10/06 12:50:06.7 Old State:15-ENGN_StateRunning_WaitSampling New State:ENGN_StateRunning_Sampling
2025/10/06 12:50:26.3 
2025/10/06 12:50:26.3 STOP SCAN: 
2025/10/06 12:50:26.3    CycleTime (ms)    = 200
2025/10/06 12:50:26.3    CurrentCycle      = 100
2025/10/06 12:50:26.3    RunTime (ms)      = 19956
2025/10/06 12:50:26.3    AverageCycle (ms) = 199.6
2025/10/06 12:50:26.3    Temperature       = 30.0
2025/10/06 12:50:26.3    DATA OVERRUN %    = 0.00
2025/10/06 12:50:26.3    Spec PCB temps    = 40.2, 40.7, 40.9, 40.6, 40.8, 40.9, 39.0, 39.7
2025/10/06 12:50:26.3 
2025/10/06 12:50:26.4 Old State:16-cycle=100, Elapsed Time:   20.0,  Ideal Time:   19.8,  Delay time =   0.04  New State:ENGN_StateRunning_SamplingComplete
2025/10/06 12:50:26.5 Old State:18-ENGN_StateRunning_SamplingComplete New State:ENGN_StateRunning_WaitNewStep
2025/10/06 12:50:26.7 Old State:5-ENGN_StateRunning_WaitNewStep New State:ENGN_StateRunning_StartNewStep
2025/10/06 12:50:26.7 StartShaker(1000)
2025/10/06 12:50:27.0 Temp: 2025/10/06 12:50:27, 30.0000
2025/10/06 12:50:27.1 Old State:6-ENGN_StateRunning_StartNewStep New State:ENGN_StateRunning_WaitGoingToSample
2025/10/06 12:50:27.1 Sample96_Q(0, 0, 6)
2025/10/06 12:50:27.2 
2025/10/06 12:50:27.2 START SCAN: 
2025/10/06 12:50:27.2    CycleTime (ms)    = 200
2025/10/06 12:50:27.2    CycleCount        = 600
2025/10/06 12:50:27.2    ScansToAverage    = 20
2025/10/06 12:50:27.2    FinishTime (s)    = 120
2025/10/06 12:50:27.2    Temperature       = 30.0
2025/10/06 12:50:27.2    Lamp Power        = 36
2025/10/06 12:50:27.2    Spec PCB temps    = 40.2, 40.7, 40.9, 40.6, 40.9, 40.9, 39.0, 39.7
2025/10/06 12:50:27.2 
2025/10/06 12:50:27.2 GMC_SetPosZ
2025/10/06 12:50:27.2 Old State:12-ENGN_StateRunning_WaitGoingToSample New State:ENGN_StateRunning_GoingToSample
2025/10/06 12:50:30.6 GMC_ServoHere
2025/10/06 12:50:30.7 GMC_SetPosXY
2025/10/06 12:50:31.1 GMC_SetPosZ
2025/10/06 12:50:34.9 Old State:13-ENGN_StateRunning_GoingToSample New State:ENGN_StateRunning_GoingToSampleComplete
2025/10/06 12:50:35.0 Old State:14-cycle=1, Elapsed Time:    0.0,  Ideal Time:    0.0,  Delay time =   0.00  New State:ENGN_StateRunning_WaitSampling
2025/10/06 12:50:35.0 Step started at: 12:50:27
2025/10/06 12:50:35.0 XYZ movement time  = 7793 ms + Scan start delay = 7800 ms
2025/10/06 12:50:35.1 Old State:15-ENGN_StateRunning_WaitSampling New State:ENGN_StateRunning_Sampling
2025/10/06 12:51:27.0 Temp: 2025/10/06 12:51:27, 30.0000
2025/10/06 12:52:27.1 Temp: 2025/10/06 12:52:27, 30.0000
2025/10/06 12:52:34.8 
2025/10/06 12:52:34.8 STOP SCAN: 
2025/10/06 12:52:34.8    CycleTime (ms)    = 200
2025/10/06 12:52:34.8    CurrentCycle      = 600
2025/10/06 12:52:34.8    RunTime (ms)      = 119957
2025/10/06 12:52:34.8    AverageCycle (ms) = 199.9
2025/10/06 12:52:34.8    Temperature       = 30.0
2025/10/06 12:52:34.8    DATA OVERRUN %    = 0.00
2025/10/06 12:52:34.8    Spec PCB temps    = 40.2, 40.7, 40.9, 40.6, 40.9, 40.9, 39.0, 39.8
2025/10/06 12:52:34.8 
2025/10/06 12:52:35.0 Old State:16-cycle=600, Elapsed Time:  120.0,  Ideal Time:  119.8,  Delay time =   0.04  New State:ENGN_StateRunning_SamplingComplete
2025/10/06 12:52:35.1 Old State:18-ENGN_StateRunning_SamplingComplete New State:ENGN_StateRunning_WaitEjecting
2025/10/06 12:52:35.1 EJECT: To Tray, position=5,0
2025/10/06 12:52:35.1    EjectOffset = 10.0
2025/10/06 12:52:35.2 GMC_SetPosZ
2025/10/06 12:52:35.3 Old State:19-ENGN_StateRunning_WaitEjecting New State:ENGN_StateRunning_Ejecting
2025/10/06 12:52:38.9 GMC_ServoHere
2025/10/06 12:52:39.1 GMC_SetPosXY
2025/10/06 12:52:41.2 GMC_SetPosZ
2025/10/06 12:52:45.4 GMC_Eject
2025/10/06 12:52:45.4 EJECTOR: Eject
2025/10/06 12:52:54.2 GMC_HomeZ
2025/10/06 12:52:59.7 GMC_SetPosZ
2025/10/06 12:53:00.0 GMC_ServoHere
2025/10/06 12:53:00.2 GMC_SetPosZ
2025/10/06 12:53:00.3 GMC_ServoHere
2025/10/06 12:53:00.5 GMC_SetPosXY
2025/10/06 12:53:02.6 GMC_SetPosZ
2025/10/06 12:53:03.0 Old State:20-ENGN_StateRunning_Ejecting New State:ENGN_StateRunning_EjectingComplete
2025/10/06 12:53:03.1 Old State:21-ENGN_StateRunning_EjectingComplete New State:ENGN_StateRunning_WaitNewStep
2025/10/06 12:53:03.2 Old State:5-ENGN_StateRunning_WaitNewStep New State:ENGN_StateRunning_StartNewStep
2025/10/06 12:53:03.3 Old State:6-ENGN_StateRunning_StartNewStep New State:ENGN_StateRunning_WaitPickingSensors
2025/10/06 12:53:03.3 Pick(0, 6)
2025/10/06 12:53:03.4 GMC_SetPosZ
2025/10/06 12:53:03.5 Old State:7-ENGN_StateRunning_WaitPickingSensors New State:ENGN_StateRunning_PickingSensors
2025/10/06 12:53:03.5 Temp: 2025/10/06 12:53:03, 30.0000
2025/10/06 12:53:03.6 GMC_ServoHere
2025/10/06 12:53:03.8 GMC_SetPosXY
2025/10/06 12:53:05.9 GMC_SetPosZ
2025/10/06 12:53:11.4 GMC_SetPosZ
2025/10/06 12:53:11.9 Old State:8-ENGN_StateRunning_PickingSensors New State:ENGN_StateRunning_CheckingSensors
2025/10/06 12:53:12.0 
2025/10/06 12:53:12.0 Detect Sensors
2025/10/06 12:53:12.0 ==============
2025/10/06 12:53:12.0 1	YES		6.6	6258.5
2025/10/06 12:53:12.0 2	YES		6.2	5161.9
2025/10/06 12:53:12.0 3	YES		6.2	6829.4
2025/10/06 12:53:12.0 4	YES		6.2	6517.9
2025/10/06 12:53:12.0 5	YES		5.8	4961.0
2025/10/06 12:53:12.0 6	YES		6.8	5672.3
2025/10/06 12:53:12.0 7	YES		6.1	6522.6
2025/10/06 12:53:12.0 8	YES		6.6	6698.7
2025/10/06 12:53:12.0 
2025/10/06 12:53:12.2 DFIO: Start writing C:\ForteBio\John\20251006_212T11_48wp_beacon_asym_\251006_001.frd
2025/10/06 12:53:12.2 DFIO: Finished writing C:\ForteBio\John\20251006_212T11_48wp_beacon_asym_\251006_001.frd
2025/10/06 12:53:12.2 DFIO: Start writing C:\ForteBio\John\20251006_212T11_48wp_beacon_asym_\251006_002.frd
2025/10/06 12:53:12.2 DFIO: Finished writing C:\ForteBio\John\20251006_212T11_48wp_beacon_asym_\251006_002.frd
2025/10/06 12:53:12.2 DFIO: Start writing C:\ForteBio\John\20251006_212T11_48wp_beacon_asym_\251006_003.frd
2025/10/06 12:53:12.2 DFIO: Finished writing C:\ForteBio\John\20251006_212T11_48wp_beacon_asym_\251006_003.frd
2025/10/06 12:53:12.2 DFIO: Start writing C:\ForteBio\John\20251006_212T11_48wp_beacon_asym_\251006_004.frd
2025/10/06 12:53:12.2 DFIO: Finished writing C:\ForteBio\John\20251006_212T11_48wp_beacon_asym_\251006_004.frd
2025/10/06 12:53:12.2 DFIO: Start writing C:\ForteBio\John\20251006_212T11_48wp_beacon_asym_\251006_005.frd
2025/10/06 12:53:12.2 DFIO: Finished writing C:\ForteBio\John\20251006_212T11_48wp_beacon_asym_\251006_005.frd
2025/10/06 12:53:12.2 DFIO: Start writing C:\ForteBio\John\20251006_212T11_48wp_beacon_asym_\251006_006.frd
2025/10/06 12:53:12.2 DFIO: Finished writing C:\ForteBio\John\20251006_212T11_48wp_beacon_asym_\251006_006.frd
2025/10/06 12:53:12.2 DFIO: Start writing C:\ForteBio\John\20251006_212T11_48wp_beacon_asym_\251006_007.frd
2025/10/06 12:53:12.2 DFIO: Finished writing C:\ForteBio\John\20251006_212T11_48wp_beacon_asym_\251006_007.frd
2025/10/06 12:53:12.2 DFIO: Start writing C:\ForteBio\John\20251006_212T11_48wp_beacon_asym_\251006_008.frd
2025/10/06 12:53:12.2 CH1: Correction Factor = 2.21924
2025/10/06 12:53:12.2 CH2: Correction Factor = 2.67949
2025/10/06 12:53:12.2 CH3: Correction Factor = 2.09391
2025/10/06 12:53:12.2 CH4: Correction Factor = 2.15368
2025/10/06 12:53:12.2 CH5: Correction Factor = 2.90531
2025/10/06 12:53:12.2 DFIO: Finished writing C:\ForteBio\John\20251006_212T11_48wp_beacon_asym_\251006_008.frd
2025/10/06 12:53:12.2 CH6: Correction Factor = 2.6551
2025/10/06 12:53:12.2 CH7: Correction Factor = 2.25931
2025/10/06 12:53:12.2 CH8: Correction Factor = 2.18974
2025/10/06 12:53:12.2 DFIO: Finished writing C:\ForteBio\John\20251006_212T11_48wp_beacon_asym_\251006_Manifest.fmx
2025/10/06 12:53:12.3 CH1: Correction Factor = 1.07308
2025/10/06 12:53:12.3 CH2: Correction Factor = 1.08678
2025/10/06 12:53:12.3 CH3: Correction Factor = 1.0662
2025/10/06 12:53:12.3 CH4: Correction Factor = 1.06826
2025/10/06 12:53:12.3 CH5: Correction Factor = 1.07616
2025/10/06 12:53:12.3 CH6: Correction Factor = 1.07782
2025/10/06 12:53:12.3 CH7: Correction Factor = 1.07096
2025/10/06 12:53:12.3 CH8: Correction Factor = 1.06189
2025/10/06 12:53:12.5 CH1: Correction Factor = 1.00658
2025/10/06 12:53:12.5 CH2: Correction Factor = 1.00407
2025/10/06 12:53:12.5 CH3: Correction Factor = 1.00762
2025/10/06 12:53:12.5 CH4: Correction Factor = 1.00753
2025/10/06 12:53:12.5 CH5: Correction Factor = 1.00977
2025/10/06 12:53:12.5 CH6: Correction Factor = 1.01211
2025/10/06 12:53:12.5 CH7: Correction Factor = 1.00521
2025/10/06 12:53:12.5 CH8: Correction Factor = 1.00974
2025/10/06 12:53:12.7 CH1: Correction Factor = 1.00302
2025/10/06 12:53:12.7 CH2: Correction Factor = 1.0006
2025/10/06 12:53:12.7 CH3: Correction Factor = 0.999877
2025/10/06 12:53:12.7 CH4: Correction Factor = 1.00387
2025/10/06 12:53:12.7 CH5: Correction Factor = 1.00121
2025/10/06 12:53:12.7 CH6: Correction Factor = 0.999888
2025/10/06 12:53:12.7 CH7: Correction Factor = 1.00188
2025/10/06 12:53:12.7 CH8: Correction Factor = 1.00284
2025/10/06 12:53:12.9 CH1: Correction Factor = 0.999347
2025/10/06 12:53:12.9 CH2: Correction Factor = 1.00058
2025/10/06 12:53:12.9 CH3: Correction Factor = 1.00336
2025/10/06 12:53:12.9 CH4: Correction Factor = 1.00014
2025/10/06 12:53:12.9 CH5: Correction Factor = 0.99865
2025/10/06 12:53:12.9 CH6: Correction Factor = 0.999749
2025/10/06 12:53:12.9 CH7: Correction Factor = 1.00177
2025/10/06 12:53:12.9 CH8: Correction Factor = 0.998735
2025/10/06 12:53:13.0 CH1: Correction Factor = 0.999373
2025/10/06 12:53:13.0 CH2: Correction Factor = 1.00052
2025/10/06 12:53:13.0 CH3: Correction Factor = 0.999681
2025/10/06 12:53:13.0 CH4: Correction Factor = 1.00005
2025/10/06 12:53:13.0 CH5: Correction Factor = 1.00128
2025/10/06 12:53:13.0 CH6: Correction Factor = 0.999874
2025/10/06 12:53:13.0 CH7: Correction Factor = 0.998056
2025/10/06 12:53:13.0 CH8: Correction Factor = 0.998726
2025/10/06 12:53:13.0 Sensor 1: Integration Time = 2.40 ms
2025/10/06 12:53:13.0 Sensor 2: Integration Time = 2.93 ms
2025/10/06 12:53:13.0 Sensor 3: Integration Time = 2.26 ms
2025/10/06 12:53:13.0 Sensor 4: Integration Time = 2.33 ms
2025/10/06 12:53:13.0 Sensor 5: Integration Time = 3.16 ms
2025/10/06 12:53:13.0 Sensor 6: Integration Time = 2.89 ms
2025/10/06 12:53:13.0 Sensor 7: Integration Time = 2.44 ms
2025/10/06 12:53:13.0 Sensor 8: Integration Time = 2.35 ms
2025/10/06 12:53:13.0 WaitControllerIdle(30000)
2025/10/06 12:53:13.1 GMC_HomeZ
2025/10/06 12:53:19.7 GMC_SetPosZ
2025/10/06 12:53:20.1 GMC_ServoHere
2025/10/06 12:53:20.4 Old State:9-ENGN_StateRunning_CheckingSensors New State:ENGN_StateRunning_PickingSensorsComplete
2025/10/06 12:53:20.4 StartShaker(1000)
2025/10/06 12:53:20.4 Integration Time: 2.40,2.93,2.26,2.33,3.16,2.89,2.44,2.35,
2025/10/06 12:53:20.7 Plate 1 temperature = 30 C
2025/10/06 12:53:20.7 Pickups: 3015, Warn: 90, Error: 100
2025/10/06 12:53:20.7 Old State:10-ENGN_StateRunning_PickingSensorsComplete New State:ENGN_StateRunning_WaitGoingToSample
2025/10/06 12:53:20.7 Sample96_Q(0, 0, 0)
2025/10/06 12:53:20.8 
2025/10/06 12:53:20.8 START SCAN: 
2025/10/06 12:53:20.8    CycleTime (ms)    = 200
2025/10/06 12:53:20.8    CycleCount        = 900
2025/10/06 12:53:20.8    ScansToAverage    = 20
2025/10/06 12:53:20.8    FinishTime (s)    = 180
2025/10/06 12:53:20.8    Temperature       = 30.0
2025/10/06 12:53:20.8    Lamp Power        = 36
2025/10/06 12:53:20.8    Spec PCB temps    = 40.2, 40.7, 40.9, 40.6, 40.9, 40.9, 39.0, 39.8
2025/10/06 12:53:20.8 
2025/10/06 12:53:20.8 GMC_SetPosZ
2025/10/06 12:53:20.9 Old State:12-ENGN_StateRunning_WaitGoingToSample New State:ENGN_StateRunning_GoingToSample
2025/10/06 12:53:21.0 GMC_ServoHere
2025/10/06 12:53:21.2 GMC_SetPosXY
2025/10/06 12:53:23.4 GMC_SetPosZ
2025/10/06 12:53:25.5 Old State:13-ENGN_StateRunning_GoingToSample New State:ENGN_StateRunning_GoingToSampleComplete
2025/10/06 12:53:25.6 Old State:14-cycle=1, Elapsed Time:    0.0,  Ideal Time:    0.0,  Delay time =   0.00  New State:ENGN_StateRunning_WaitSampling
2025/10/06 12:53:25.6 Step started at: 12:53:20
2025/10/06 12:53:25.6 XYZ movement time  = 4740 ms + Scan start delay = 4711 ms
2025/10/06 12:53:25.7 Old State:15-ENGN_StateRunning_WaitSampling New State:ENGN_StateRunning_Sampling
2025/10/06 12:54:03.5 Temp: 2025/10/06 12:54:03, 30.0000
2025/10/06 12:55:03.6 Temp: 2025/10/06 12:55:03, 30.0000
2025/10/06 12:56:03.6 Temp: 2025/10/06 12:56:03, 30.0000
2025/10/06 12:56:25.4 
2025/10/06 12:56:25.4 STOP SCAN: 
2025/10/06 12:56:25.4    CycleTime (ms)    = 200
2025/10/06 12:56:25.4    CurrentCycle      = 900
2025/10/06 12:56:25.4    RunTime (ms)      = 179971
2025/10/06 12:56:25.4    AverageCycle (ms) = 200.0
2025/10/06 12:56:25.4    Temperature       = 30.0
2025/10/06 12:56:25.4    DATA OVERRUN %    = 0.00
2025/10/06 12:56:25.4    Spec PCB temps    = 40.2, 40.7, 40.9, 40.7, 40.9, 40.9, 39.1, 39.9
2025/10/06 12:56:25.4 
2025/10/06 12:56:25.5 Old State:16-cycle=900, Elapsed Time:  180.0,  Ideal Time:  179.8,  Delay time =   0.04  New State:ENGN_StateRunning_SamplingComplete
2025/10/06 12:56:25.7 Old State:18-ENGN_StateRunning_SamplingComplete New State:ENGN_StateRunning_WaitNewStep
2025/10/06 12:56:26.0 Old State:5-ENGN_StateRunning_WaitNewStep New State:ENGN_StateRunning_StartNewStep
2025/10/06 12:56:26.0 StartShaker(1000)
2025/10/06 12:56:26.3 Temp: 2025/10/06 12:56:26, 30.0000
2025/10/06 12:56:26.4 Old State:6-ENGN_StateRunning_StartNewStep New State:ENGN_StateRunning_WaitGoingToSample
2025/10/06 12:56:26.4 Sample96_Q(0, 0, 1)
2025/10/06 12:56:26.5 GMC_SetPosZ
2025/10/06 12:56:26.5 
2025/10/06 12:56:26.5 START SCAN: 
2025/10/06 12:56:26.5    CycleTime (ms)    = 200
2025/10/06 12:56:26.5    CycleCount        = 100
2025/10/06 12:56:26.5    ScansToAverage    = 20
2025/10/06 12:56:26.5    FinishTime (s)    = 20
2025/10/06 12:56:26.5    Temperature       = 30.0
2025/10/06 12:56:26.5    Lamp Power        = 36
2025/10/06 12:56:26.5    Spec PCB temps    = 40.2, 40.7, 40.9, 40.7, 40.9, 40.9, 39.1, 39.8
2025/10/06 12:56:26.5 
2025/10/06 12:56:26.5 Old State:12-ENGN_StateRunning_WaitGoingToSample New State:ENGN_StateRunning_GoingToSample
2025/10/06 12:56:28.4 GMC_ServoHere
2025/10/06 12:56:28.6 GMC_SetPosXY
2025/10/06 12:56:29.0 GMC_SetPosZ
2025/10/06 12:56:31.3 Old State:13-ENGN_StateRunning_GoingToSample New State:ENGN_StateRunning_GoingToSampleComplete
2025/10/06 12:56:31.4 Old State:14-cycle=1, Elapsed Time:    0.0,  Ideal Time:    0.0,  Delay time =   0.00  New State:ENGN_StateRunning_WaitSampling
2025/10/06 12:56:31.4 Step started at: 12:56:26
2025/10/06 12:56:31.4 XYZ movement time  = 4848 ms + Scan start delay = 4802 ms
2025/10/06 12:56:31.5 Old State:15-ENGN_StateRunning_WaitSampling New State:ENGN_StateRunning_Sampling
2025/10/06 12:56:51.2 
2025/10/06 12:56:51.2 STOP SCAN: 
2025/10/06 12:56:51.2    CycleTime (ms)    = 200
2025/10/06 12:56:51.2    CurrentCycle      = 100
2025/10/06 12:56:51.2    RunTime (ms)      = 19987
2025/10/06 12:56:51.2    AverageCycle (ms) = 199.9
2025/10/06 12:56:51.2    Temperature       = 30.0
2025/10/06 12:56:51.2    DATA OVERRUN %    = 0.00
2025/10/06 12:56:51.2    Spec PCB temps    = 40.2, 40.7, 40.9, 40.7, 40.9, 40.9, 39.1, 39.8
2025/10/06 12:56:51.2 
2025/10/06 12:56:51.3 Old State:16-cycle=100, Elapsed Time:   20.0,  Ideal Time:   19.8,  Delay time =   0.04  New State:ENGN_StateRunning_SamplingComplete
2025/10/06 12:56:51.4 Old State:18-ENGN_StateRunning_SamplingComplete New State:ENGN_StateRunning_WaitNewStep
2025/10/06 12:56:51.7 Old State:5-ENGN_StateRunning_WaitNewStep New State:ENGN_StateRunning_StartNewStep
2025/10/06 12:56:51.8 StartShaker(1000)
2025/10/06 12:56:52.1 Old State:6-ENGN_StateRunning_StartNewStep New State:ENGN_StateRunning_WaitGoingToSample
2025/10/06 12:56:52.1 Sample96_Q(0, 0, 0)
2025/10/06 12:56:52.1 Temp: 2025/10/06 12:56:52, 30.0000
2025/10/06 12:56:52.2 GMC_SetPosZ
2025/10/06 12:56:52.2 
2025/10/06 12:56:52.2 START SCAN: 
2025/10/06 12:56:52.2    CycleTime (ms)    = 200
2025/10/06 12:56:52.2    CycleCount        = 100
2025/10/06 12:56:52.2    ScansToAverage    = 20
2025/10/06 12:56:52.2    FinishTime (s)    = 20
2025/10/06 12:56:52.2    Temperature       = 30.0
2025/10/06 12:56:52.2    Lamp Power        = 36
2025/10/06 12:56:52.2    Spec PCB temps    = 40.2, 40.7, 40.9, 40.7, 40.9, 40.9, 39.1, 39.8
2025/10/06 12:56:52.2 
2025/10/06 12:56:52.2 Old State:12-ENGN_StateRunning_WaitGoingToSample New State:ENGN_StateRunning_GoingToSample
2025/10/06 12:56:54.4 GMC_ServoHere
2025/10/06 12:56:54.5 GMC_SetPosXY
2025/10/06 12:56:54.9 GMC_SetPosZ
2025/10/06 12:56:57.1 Old State:13-ENGN_StateRunning_GoingToSample New State:ENGN_StateRunning_GoingToSampleComplete
2025/10/06 12:56:57.2 Old State:14-cycle=1, Elapsed Time:    0.0,  Ideal Time:    0.0,  Delay time =   0.00  New State:ENGN_StateRunning_WaitSampling
2025/10/06 12:56:57.2 Step started at: 12:56:52
2025/10/06 12:56:57.2 XYZ movement time  = 4913 ms + Scan start delay = 4884 ms
2025/10/06 12:56:57.3 Old State:15-ENGN_StateRunning_WaitSampling New State:ENGN_StateRunning_Sampling
2025/10/06 12:57:16.9 
2025/10/06 12:57:16.9 STOP SCAN: 
2025/10/06 12:57:16.9    CycleTime (ms)    = 200
2025/10/06 12:57:16.9    CurrentCycle      = 100
2025/10/06 12:57:16.9    RunTime (ms)      = 19955
2025/10/06 12:57:16.9    AverageCycle (ms) = 199.6
2025/10/06 12:57:16.9    Temperature       = 30.0
2025/10/06 12:57:16.9    DATA OVERRUN %    = 0.00
2025/10/06 12:57:16.9    Spec PCB temps    = 40.2, 40.7, 40.9, 40.7, 40.9, 40.9, 39.1, 39.8
2025/10/06 12:57:16.9 
2025/10/06 12:57:17.1 Old State:16-cycle=100, Elapsed Time:   20.0,  Ideal Time:   19.8,  Delay time =   0.03  New State:ENGN_StateRunning_SamplingComplete
2025/10/06 12:57:17.2 Old State:18-ENGN_StateRunning_SamplingComplete New State:ENGN_StateRunning_WaitNewStep
2025/10/06 12:57:17.5 Old State:5-ENGN_StateRunning_WaitNewStep New State:ENGN_StateRunning_StartNewStep
2025/10/06 12:57:17.5 StartShaker(1000)
2025/10/06 12:57:17.8 Temp: 2025/10/06 12:57:17, 30.0000
2025/10/06 12:57:17.9 Old State:6-ENGN_StateRunning_StartNewStep New State:ENGN_StateRunning_WaitGoingToSample
2025/10/06 12:57:17.9 Sample96_Q(0, 0, 1)
2025/10/06 12:57:17.9 GMC_SetPosZ
2025/10/06 12:57:18.0 
2025/10/06 12:57:18.0 START SCAN: 
2025/10/06 12:57:18.0    CycleTime (ms)    = 200
2025/10/06 12:57:18.0    CycleCount        = 100
2025/10/06 12:57:18.0    ScansToAverage    = 20
2025/10/06 12:57:18.0    FinishTime (s)    = 20
2025/10/06 12:57:18.0    Temperature       = 30.0
2025/10/06 12:57:18.0    Lamp Power        = 36
2025/10/06 12:57:18.0    Spec PCB temps    = 40.2, 40.7, 40.9, 40.7, 40.9, 40.9, 39.1, 39.8
2025/10/06 12:57:18.0 
2025/10/06 12:57:18.0 Old State:12-ENGN_StateRunning_WaitGoingToSample New State:ENGN_StateRunning_GoingToSample
2025/10/06 12:57:19.9 GMC_ServoHere
2025/10/06 12:57:20.1 GMC_SetPosXY
2025/10/06 12:57:20.4 GMC_SetPosZ
2025/10/06 12:57:22.8 Old State:13-ENGN_StateRunning_GoingToSample New State:ENGN_StateRunning_GoingToSampleComplete
2025/10/06 12:57:22.9 Old State:14-cycle=1, Elapsed Time:    0.0,  Ideal Time:    0.0,  Delay time =   0.00  New State:ENGN_StateRunning_WaitSampling
2025/10/06 12:57:22.9 Step started at: 12:57:17
2025/10/06 12:57:22.9 XYZ movement time  = 4828 ms + Scan start delay = 4760 ms
2025/10/06 12:57:23.0 Old State:15-ENGN_StateRunning_WaitSampling New State:ENGN_StateRunning_Sampling
2025/10/06 12:57:42.6 
2025/10/06 12:57:42.6 STOP SCAN: 
2025/10/06 12:57:42.6    CycleTime (ms)    = 200
2025/10/06 12:57:42.6    CurrentCycle      = 100
2025/10/06 12:57:42.6    RunTime (ms)      = 19954
2025/10/06 12:57:42.6    AverageCycle (ms) = 199.5
2025/10/06 12:57:42.6    Temperature       = 30.0
2025/10/06 12:57:42.6    DATA OVERRUN %    = 0.00
2025/10/06 12:57:42.6    Spec PCB temps    = 40.2, 40.7, 40.9, 40.7, 40.9, 40.9, 39.1, 39.8
2025/10/06 12:57:42.6 
2025/10/06 12:57:42.7 Old State:16-cycle=100, Elapsed Time:   20.0,  Ideal Time:   19.8,  Delay time =   0.05  New State:ENGN_StateRunning_SamplingComplete
2025/10/06 12:57:42.8 Old State:18-ENGN_StateRunning_SamplingComplete New State:ENGN_StateRunning_WaitNewStep
2025/10/06 12:57:42.9 Old State:5-ENGN_StateRunning_WaitNewStep New State:ENGN_StateRunning_StartNewStep
2025/10/06 12:57:42.9 StartShaker(1000)
2025/10/06 12:57:43.2 Temp: 2025/10/06 12:57:43, 30.0000
2025/10/06 12:57:43.3 Old State:6-ENGN_StateRunning_StartNewStep New State:ENGN_StateRunning_WaitGoingToSample
2025/10/06 12:57:43.3 Sample96_Q(0, 0, 0)
2025/10/06 12:57:43.3 GMC_SetPosZ
2025/10/06 12:57:43.4 
2025/10/06 12:57:43.4 START SCAN: 
2025/10/06 12:57:43.4    CycleTime (ms)    = 200
2025/10/06 12:57:43.4    CycleCount        = 100
2025/10/06 12:57:43.4    ScansToAverage    = 20
2025/10/06 12:57:43.4    FinishTime (s)    = 20
2025/10/06 12:57:43.4    Temperature       = 30.0
2025/10/06 12:57:43.4    Lamp Power        = 36
2025/10/06 12:57:43.4    Spec PCB temps    = 40.2, 40.7, 40.9, 40.7, 40.9, 40.9, 39.1, 39.8
2025/10/06 12:57:43.4 
2025/10/06 12:57:43.5 Old State:12-ENGN_StateRunning_WaitGoingToSample New State:ENGN_StateRunning_GoingToSample
2025/10/06 12:57:45.5 GMC_ServoHere
2025/10/06 12:57:45.7 GMC_SetPosXY
2025/10/06 12:57:46.0 GMC_SetPosZ
2025/10/06 12:57:48.2 Old State:13-ENGN_StateRunning_GoingToSample New State:ENGN_StateRunning_GoingToSampleComplete
2025/10/06 12:57:48.3 Old State:14-cycle=1, Elapsed Time:    0.0,  Ideal Time:    0.0,  Delay time =   0.00  New State:ENGN_StateRunning_WaitSampling
2025/10/06 12:57:48.3 Step started at: 12:57:43
2025/10/06 12:57:48.3 XYZ movement time  = 4864 ms + Scan start delay = 4811 ms
2025/10/06 12:57:48.4 Old State:15-ENGN_StateRunning_WaitSampling New State:ENGN_StateRunning_Sampling
2025/10/06 12:58:08.0 
2025/10/06 12:58:08.0 STOP SCAN: 
2025/10/06 12:58:08.0    CycleTime (ms)    = 200
2025/10/06 12:58:08.0    CurrentCycle      = 100
2025/10/06 12:58:08.0    RunTime (ms)      = 19956
2025/10/06 12:58:08.0    AverageCycle (ms) = 199.6
2025/10/06 12:58:08.0    Temperature       = 30.0
2025/10/06 12:58:08.0    DATA OVERRUN %    = 0.00
2025/10/06 12:58:08.0    Spec PCB temps    = 40.2, 40.7, 40.9, 40.7, 40.9, 40.9, 39.1, 39.8
2025/10/06 12:58:08.0 
2025/10/06 12:58:08.2 Old State:16-cycle=100, Elapsed Time:   20.0,  Ideal Time:   19.8,  Delay time =   0.04  New State:ENGN_StateRunning_SamplingComplete
2025/10/06 12:58:08.3 Old State:18-ENGN_StateRunning_SamplingComplete New State:ENGN_StateRunning_WaitNewStep
2025/10/06 12:58:08.6 Old State:5-ENGN_StateRunning_WaitNewStep New State:ENGN_StateRunning_StartNewStep
2025/10/06 12:58:08.6 StartShaker(1000)
2025/10/06 12:58:09.0 Old State:6-ENGN_StateRunning_StartNewStep New State:ENGN_StateRunning_WaitGoingToSample
2025/10/06 12:58:09.0 Sample96_Q(0, 0, 1)
2025/10/06 12:58:09.0 Temp: 2025/10/06 12:58:09, 30.0000
2025/10/06 12:58:09.1 
2025/10/06 12:58:09.1 START SCAN: 
2025/10/06 12:58:09.1    CycleTime (ms)    = 200
2025/10/06 12:58:09.1    CycleCount        = 100
2025/10/06 12:58:09.1    ScansToAverage    = 20
2025/10/06 12:58:09.1    FinishTime (s)    = 20
2025/10/06 12:58:09.1    Temperature       = 30.0
2025/10/06 12:58:09.1    Lamp Power        = 36
2025/10/06 12:58:09.1    Spec PCB temps    = 40.2, 40.7, 40.9, 40.7, 40.9, 40.9, 39.1, 39.8
2025/10/06 12:58:09.1 
2025/10/06 12:58:09.1 GMC_SetPosZ
2025/10/06 12:58:09.2 Old State:12-ENGN_StateRunning_WaitGoingToSample New State:ENGN_StateRunning_GoingToSample
2025/10/06 12:58:11.1 GMC_ServoHere
2025/10/06 12:58:11.3 GMC_SetPosXY
2025/10/06 12:58:11.7 GMC_SetPosZ
2025/10/06 12:58:14.0 Old State:13-ENGN_StateRunning_GoingToSample New State:ENGN_StateRunning_GoingToSampleComplete
2025/10/06 12:58:14.1 Old State:14-cycle=1, Elapsed Time:    0.0,  Ideal Time:    0.0,  Delay time =   0.00  New State:ENGN_StateRunning_WaitSampling
2025/10/06 12:58:14.1 Step started at: 12:58:09
2025/10/06 12:58:14.1 XYZ movement time  = 4977 ms + Scan start delay = 4905 ms
2025/10/06 12:58:14.2 Old State:15-ENGN_StateRunning_WaitSampling New State:ENGN_StateRunning_Sampling
2025/10/06 12:58:33.8 
2025/10/06 12:58:33.8 STOP SCAN: 
2025/10/06 12:58:33.8    CycleTime (ms)    = 200
2025/10/06 12:58:33.8    CurrentCycle      = 100
2025/10/06 12:58:33.8    RunTime (ms)      = 19956
2025/10/06 12:58:33.8    AverageCycle (ms) = 199.6
2025/10/06 12:58:33.8    Temperature       = 30.0
2025/10/06 12:58:33.8    DATA OVERRUN %    = 0.00
2025/10/06 12:58:33.8    Spec PCB temps    = 40.2, 40.7, 40.9, 40.7, 40.9, 40.9, 39.1, 39.8
2025/10/06 12:58:33.8 
2025/10/06 12:58:33.9 Old State:16-cycle=100, Elapsed Time:   20.0,  Ideal Time:   19.8,  Delay time =   0.02  New State:ENGN_StateRunning_SamplingComplete
2025/10/06 12:58:34.0 Old State:18-ENGN_StateRunning_SamplingComplete New State:ENGN_StateRunning_WaitNewStep
2025/10/06 12:58:34.3 Old State:5-ENGN_StateRunning_WaitNewStep New State:ENGN_StateRunning_StartNewStep
2025/10/06 12:58:34.4 StartShaker(1000)
2025/10/06 12:58:34.7 Old State:6-ENGN_StateRunning_StartNewStep New State:ENGN_StateRunning_WaitGoingToSample
2025/10/06 12:58:34.7 Sample96_Q(0, 0, 0)
2025/10/06 12:58:34.7 Temp: 2025/10/06 12:58:34, 30.0000
2025/10/06 12:58:34.7 GMC_SetPosZ
2025/10/06 12:58:34.8 
2025/10/06 12:58:34.8 START SCAN: 
2025/10/06 12:58:34.8    CycleTime (ms)    = 200
2025/10/06 12:58:34.8    CycleCount        = 100
2025/10/06 12:58:34.8    ScansToAverage    = 20
2025/10/06 12:58:34.8    FinishTime (s)    = 20
2025/10/06 12:58:34.8    Temperature       = 30.0
2025/10/06 12:58:34.8    Lamp Power        = 36
2025/10/06 12:58:34.8    Spec PCB temps    = 40.2, 40.7, 40.9, 40.7, 40.9, 40.9, 39.1, 39.8
2025/10/06 12:58:34.8 
2025/10/06 12:58:34.9 Old State:12-ENGN_StateRunning_WaitGoingToSample New State:ENGN_StateRunning_GoingToSample
2025/10/06 12:58:36.9 GMC_ServoHere
2025/10/06 12:58:37.1 GMC_SetPosXY
2025/10/06 12:58:37.4 GMC_SetPosZ
2025/10/06 12:58:39.5 Old State:13-ENGN_StateRunning_GoingToSample New State:ENGN_StateRunning_GoingToSampleComplete
2025/10/06 12:58:39.6 Old State:14-cycle=1, Elapsed Time:    0.0,  Ideal Time:    0.0,  Delay time =   0.00  New State:ENGN_StateRunning_WaitSampling
2025/10/06 12:58:39.6 Step started at: 12:58:34
2025/10/06 12:58:39.6 XYZ movement time  = 4778 ms + Scan start delay = 4787 ms
2025/10/06 12:58:39.7 Old State:15-ENGN_StateRunning_WaitSampling New State:ENGN_StateRunning_Sampling
2025/10/06 12:58:59.4 
2025/10/06 12:58:59.4 STOP SCAN: 
2025/10/06 12:58:59.4    CycleTime (ms)    = 200
2025/10/06 12:58:59.4    CurrentCycle      = 100
2025/10/06 12:58:59.4    RunTime (ms)      = 19956
2025/10/06 12:58:59.4    AverageCycle (ms) = 199.6
2025/10/06 12:58:59.4    Temperature       = 30.0
2025/10/06 12:58:59.4    DATA OVERRUN %    = 0.00
2025/10/06 12:58:59.4    Spec PCB temps    = 40.2, 40.7, 40.9, 40.6, 40.9, 40.9, 39.1, 39.8
2025/10/06 12:58:59.4 
2025/10/06 12:58:59.5 Old State:16-cycle=100, Elapsed Time:   20.0,  Ideal Time:   19.8,  Delay time =   0.02  New State:ENGN_StateRunning_SamplingComplete
2025/10/06 12:58:59.6 Old State:18-ENGN_StateRunning_SamplingComplete New State:ENGN_StateRunning_WaitNewStep
2025/10/06 12:58:59.8 Old State:5-ENGN_StateRunning_WaitNewStep New State:ENGN_StateRunning_StartNewStep
2025/10/06 12:58:59.8 StartShaker(1000)
2025/10/06 12:59:00.1 Temp: 2025/10/06 12:59:00, 30.0000
2025/10/06 12:59:00.2 Old State:6-ENGN_StateRunning_StartNewStep New State:ENGN_StateRunning_WaitGoingToSample
2025/10/06 12:59:00.2 Sample96_Q(0, 0, 2)
2025/10/06 12:59:00.2 GMC_SetPosZ
2025/10/06 12:59:00.3 
2025/10/06 12:59:00.3 START SCAN: 
2025/10/06 12:59:00.3    CycleTime (ms)    = 200
2025/10/06 12:59:00.3    CycleCount        = 600
2025/10/06 12:59:00.3    ScansToAverage    = 20
2025/10/06 12:59:00.3    FinishTime (s)    = 120
2025/10/06 12:59:00.3    Temperature       = 30.0
2025/10/06 12:59:00.3    Lamp Power        = 36
2025/10/06 12:59:00.3    Spec PCB temps    = 40.2, 40.7, 40.9, 40.7, 40.9, 40.9, 39.1, 39.8
2025/10/06 12:59:00.3 
2025/10/06 12:59:00.3 Old State:12-ENGN_StateRunning_WaitGoingToSample New State:ENGN_StateRunning_GoingToSample
2025/10/06 12:59:02.2 GMC_ServoHere
2025/10/06 12:59:02.3 GMC_SetPosXY
2025/10/06 12:59:02.9 GMC_SetPosZ
2025/10/06 12:59:05.5 Old State:13-ENGN_StateRunning_GoingToSample New State:ENGN_StateRunning_GoingToSampleComplete
2025/10/06 12:59:05.6 Old State:14-cycle=1, Elapsed Time:    0.0,  Ideal Time:    0.0,  Delay time =   0.00  New State:ENGN_StateRunning_WaitSampling
2025/10/06 12:59:05.6 Step started at: 12:59:00
2025/10/06 12:59:05.6 XYZ movement time  = 5307 ms + Scan start delay = 5278 ms
2025/10/06 12:59:05.7 Old State:15-ENGN_StateRunning_WaitSampling New State:ENGN_StateRunning_Sampling
2025/10/06 13:00:00.1 Temp: 2025/10/06 13:00:00, 30.0000
2025/10/06 13:01:00.2 Temp: 2025/10/06 13:01:00, 30.0000
2025/10/06 13:01:05.4 
2025/10/06 13:01:05.4 STOP SCAN: 
2025/10/06 13:01:05.4    CycleTime (ms)    = 200
2025/10/06 13:01:05.4    CurrentCycle      = 600
2025/10/06 13:01:05.4    RunTime (ms)      = 119955
2025/10/06 13:01:05.4    AverageCycle (ms) = 199.9
2025/10/06 13:01:05.4    Temperature       = 30.0
2025/10/06 13:01:05.4    DATA OVERRUN %    = 0.00
2025/10/06 13:01:05.4    Spec PCB temps    = 40.2, 40.7, 40.9, 40.7, 40.9, 40.9, 39.1, 39.8
2025/10/06 13:01:05.4 
2025/10/06 13:01:05.5 Old State:16-cycle=600, Elapsed Time:  120.0,  Ideal Time:  119.8,  Delay time =   0.04  New State:ENGN_StateRunning_SamplingComplete
2025/10/06 13:01:05.6 Old State:18-ENGN_StateRunning_SamplingComplete New State:ENGN_StateRunning_WaitNewStep
2025/10/06 13:01:05.7 Old State:5-ENGN_StateRunning_WaitNewStep New State:ENGN_StateRunning_StartNewStep
2025/10/06 13:01:05.8 StartShaker(1000)
2025/10/06 13:01:06.0 Temp: 2025/10/06 13:01:06, 30.0000
2025/10/06 13:01:06.1 Old State:6-ENGN_StateRunning_StartNewStep New State:ENGN_StateRunning_WaitGoingToSample
2025/10/06 13:01:06.1 Sample96_Q(0, 0, 7)
2025/10/06 13:01:06.2 GMC_SetPosZ
2025/10/06 13:01:06.2 
2025/10/06 13:01:06.2 START SCAN: 
2025/10/06 13:01:06.2    CycleTime (ms)    = 200
2025/10/06 13:01:06.2    CycleCount        = 100
2025/10/06 13:01:06.2    ScansToAverage    = 20
2025/10/06 13:01:06.2    FinishTime (s)    = 20
2025/10/06 13:01:06.2    Temperature       = 30.0
2025/10/06 13:01:06.2    Lamp Power        = 36
2025/10/06 13:01:06.2    Spec PCB temps    = 40.2, 40.7, 40.9, 40.7, 40.9, 40.9, 39.1, 39.8
2025/10/06 13:01:06.2 
2025/10/06 13:01:06.3 Old State:12-ENGN_StateRunning_WaitGoingToSample New State:ENGN_StateRunning_GoingToSample
2025/10/06 13:01:08.7 GMC_ServoHere
2025/10/06 13:01:08.9 GMC_SetPosXY
2025/10/06 13:01:09.8 GMC_SetPosZ
2025/10/06 13:01:14.0 Old State:13-cycle=1, Elapsed Time:    0.0,  Ideal Time:    0.0,  Delay time =   0.00  New State:ENGN_StateRunning_GoingToSampleComplete
2025/10/06 13:01:14.1 Old State:14-ENGN_StateRunning_GoingToSampleComplete New State:ENGN_StateRunning_WaitSampling
2025/10/06 13:01:14.1 Step started at: 13:01:06
2025/10/06 13:01:14.1 XYZ movement time  = 7827 ms + Scan start delay = 7758 ms
2025/10/06 13:01:14.2 Old State:15-ENGN_StateRunning_WaitSampling New State:ENGN_StateRunning_Sampling
2025/10/06 13:01:33.8 
2025/10/06 13:01:33.8 STOP SCAN: 
2025/10/06 13:01:33.8    CycleTime (ms)    = 200
2025/10/06 13:01:33.8    CurrentCycle      = 100
2025/10/06 13:01:33.8    RunTime (ms)      = 19968
2025/10/06 13:01:33.8    AverageCycle (ms) = 199.7
2025/10/06 13:01:33.8    Temperature       = 30.0
2025/10/06 13:01:33.8    DATA OVERRUN %    = 0.00
2025/10/06 13:01:33.8    Spec PCB temps    = 40.2, 40.7, 40.9, 40.7, 40.9, 40.9, 39.1, 39.8
2025/10/06 13:01:33.8 
2025/10/06 13:01:33.9 Old State:16-cycle=100, Elapsed Time:   20.0,  Ideal Time:   19.8,  Delay time =   0.04  New State:ENGN_StateRunning_SamplingComplete
2025/10/06 13:01:34.0 Old State:18-ENGN_StateRunning_SamplingComplete New State:ENGN_StateRunning_WaitNewStep
2025/10/06 13:01:34.2 Old State:5-ENGN_StateRunning_WaitNewStep New State:ENGN_StateRunning_StartNewStep
2025/10/06 13:01:34.3 StartShaker(1000)
2025/10/06 13:01:34.6 Temp: 2025/10/06 13:01:34, 30.0000
2025/10/06 13:01:34.6 Old State:6-ENGN_StateRunning_StartNewStep New State:ENGN_StateRunning_WaitGoingToSample
2025/10/06 13:01:34.6 Sample96_Q(0, 0, 8)
2025/10/06 13:01:34.7 
2025/10/06 13:01:34.7 START SCAN: 
2025/10/06 13:01:34.7    CycleTime (ms)    = 200
2025/10/06 13:01:34.7    CycleCount        = 300
2025/10/06 13:01:34.7    ScansToAverage    = 20
2025/10/06 13:01:34.7    FinishTime (s)    = 60
2025/10/06 13:01:34.7    Temperature       = 30.0
2025/10/06 13:01:34.7    Lamp Power        = 36
2025/10/06 13:01:34.7    Spec PCB temps    = 40.2, 40.7, 40.9, 40.7, 40.9, 40.9, 39.1, 39.8
2025/10/06 13:01:34.7 
2025/10/06 13:01:34.7 GMC_SetPosZ
2025/10/06 13:01:34.8 Old State:12-ENGN_StateRunning_WaitGoingToSample New State:ENGN_StateRunning_GoingToSample
2025/10/06 13:01:38.7 GMC_ServoHere
2025/10/06 13:01:38.8 GMC_SetPosXY
2025/10/06 13:01:39.2 GMC_SetPosZ
2025/10/06 13:01:43.7 Old State:13-cycle=1, Elapsed Time:    0.0,  Ideal Time:    0.0,  Delay time =   0.00  New State:ENGN_StateRunning_GoingToSampleComplete
2025/10/06 13:01:43.8 Old State:14-ENGN_StateRunning_GoingToSampleComplete New State:ENGN_StateRunning_WaitSampling
2025/10/06 13:01:43.8 Step started at: 13:01:34
2025/10/06 13:01:43.8 XYZ movement time  = 9042 ms + Scan start delay = 8974 ms
2025/10/06 13:01:43.9 Old State:15-ENGN_StateRunning_WaitSampling New State:ENGN_StateRunning_Sampling
2025/10/06 13:02:34.6 Temp: 2025/10/06 13:02:34, 30.0000
2025/10/06 13:02:43.5 
2025/10/06 13:02:43.5 STOP SCAN: 
2025/10/06 13:02:43.5    CycleTime (ms)    = 200
2025/10/06 13:02:43.5    CurrentCycle      = 300
2025/10/06 13:02:43.5    RunTime (ms)      = 59955
2025/10/06 13:02:43.5    AverageCycle (ms) = 199.8
2025/10/06 13:02:43.5    Temperature       = 30.0
2025/10/06 13:02:43.5    DATA OVERRUN %    = 0.00
2025/10/06 13:02:43.5    Spec PCB temps    = 40.2, 40.7, 41.0, 40.7, 40.9, 40.9, 39.1, 39.8
2025/10/06 13:02:43.5 
2025/10/06 13:02:43.7 Old State:16-cycle=300, Elapsed Time:   60.0,  Ideal Time:   59.8,  Delay time =   0.05  New State:ENGN_StateRunning_SamplingComplete
2025/10/06 13:02:43.8 Old State:18-ENGN_StateRunning_SamplingComplete New State:ENGN_StateRunning_WaitNewStep
2025/10/06 13:02:43.9 Old State:5-ENGN_StateRunning_WaitNewStep New State:ENGN_StateRunning_StartNewStep
2025/10/06 13:02:43.9 StartShaker(1000)
2025/10/06 13:02:44.2 Old State:6-ENGN_StateRunning_StartNewStep New State:ENGN_StateRunning_WaitGoingToSample
2025/10/06 13:02:44.2 Sample96_Q(0, 0, 9)
2025/10/06 13:02:44.2 Temp: 2025/10/06 13:02:44, 30.0000
2025/10/06 13:02:44.4 
2025/10/06 13:02:44.4 START SCAN: 
2025/10/06 13:02:44.4    CycleTime (ms)    = 200
2025/10/06 13:02:44.4    CycleCount        = 100
2025/10/06 13:02:44.4    ScansToAverage    = 20
2025/10/06 13:02:44.4    FinishTime (s)    = 20
2025/10/06 13:02:44.4    Temperature       = 30.0
2025/10/06 13:02:44.4    Lamp Power        = 36
2025/10/06 13:02:44.4    Spec PCB temps    = 40.2, 40.7, 40.9, 40.7, 40.9, 40.9, 39.1, 39.8
2025/10/06 13:02:44.4 
2025/10/06 13:02:44.4 GMC_SetPosZ
2025/10/06 13:02:44.4 Old State:12-ENGN_StateRunning_WaitGoingToSample New State:ENGN_StateRunning_GoingToSample
2025/10/06 13:02:48.7 GMC_ServoHere
2025/10/06 13:02:48.9 GMC_SetPosXY
2025/10/06 13:02:49.2 GMC_SetPosZ
2025/10/06 13:02:53.9 Old State:13-ENGN_StateRunning_GoingToSample New State:ENGN_StateRunning_GoingToSampleComplete
2025/10/06 13:02:54.0 Old State:14-cycle=1, Elapsed Time:    0.0,  Ideal Time:    0.0,  Delay time =   0.00  New State:ENGN_StateRunning_WaitSampling
2025/10/06 13:02:54.0 Step started at: 13:02:44
2025/10/06 13:02:54.0 XYZ movement time  = 9591 ms + Scan start delay = 9555 ms
2025/10/06 13:02:54.1 Old State:15-ENGN_StateRunning_WaitSampling New State:ENGN_StateRunning_Sampling
2025/10/06 13:03:13.7 
2025/10/06 13:03:13.7 STOP SCAN: 
2025/10/06 13:03:13.7    CycleTime (ms)    = 200
2025/10/06 13:03:13.7    CurrentCycle      = 100
2025/10/06 13:03:13.7    RunTime (ms)      = 19956
2025/10/06 13:03:13.7    AverageCycle (ms) = 199.6
2025/10/06 13:03:13.7    Temperature       = 30.0
2025/10/06 13:03:13.7    DATA OVERRUN %    = 0.00
2025/10/06 13:03:13.7    Spec PCB temps    = 40.2, 40.7, 40.9, 40.7, 40.9, 40.9, 39.1, 39.8
2025/10/06 13:03:13.7 
2025/10/06 13:03:13.8 Old State:16-cycle=100, Elapsed Time:   20.0,  Ideal Time:   19.8,  Delay time =   0.05  New State:ENGN_StateRunning_SamplingComplete
2025/10/06 13:03:14.0 Old State:18-ENGN_StateRunning_SamplingComplete New State:ENGN_StateRunning_WaitNewStep
2025/10/06 13:03:14.1 Old State:5-ENGN_StateRunning_WaitNewStep New State:ENGN_StateRunning_StartNewStep
2025/10/06 13:03:14.1 StartShaker(1000)
2025/10/06 13:03:14.4 Old State:6-ENGN_StateRunning_StartNewStep New State:ENGN_StateRunning_WaitGoingToSample
2025/10/06 13:03:14.4 Sample96_Q(0, 0, 10)
2025/10/06 13:03:14.4 Temp: 2025/10/06 13:03:14, 30.0000
2025/10/06 13:03:14.5 GMC_SetPosZ
2025/10/06 13:03:14.5 
2025/10/06 13:03:14.5 START SCAN: 
2025/10/06 13:03:14.5    CycleTime (ms)    = 200
2025/10/06 13:03:14.5    CycleCount        = 600
2025/10/06 13:03:14.5    ScansToAverage    = 20
2025/10/06 13:03:14.5    FinishTime (s)    = 120
2025/10/06 13:03:14.5    Temperature       = 30.0
2025/10/06 13:03:14.5    Lamp Power        = 36
2025/10/06 13:03:14.5    Spec PCB temps    = 40.2, 40.7, 40.9, 40.7, 40.9, 40.9, 39.1, 39.8
2025/10/06 13:03:14.5 
2025/10/06 13:03:14.6 Old State:12-ENGN_StateRunning_WaitGoingToSample New State:ENGN_StateRunning_GoingToSample
2025/10/06 13:03:19.0 GMC_ServoHere
2025/10/06 13:03:19.1 GMC_SetPosXY
2025/10/06 13:03:19.5 GMC_SetPosZ
2025/10/06 13:03:24.6 Old State:13-cycle=1, Elapsed Time:    0.0,  Ideal Time:    0.0,  Delay time =   0.00  New State:ENGN_StateRunning_GoingToSampleComplete
2025/10/06 13:03:24.7 Old State:14-ENGN_StateRunning_GoingToSampleComplete New State:ENGN_StateRunning_WaitSampling
2025/10/06 13:03:24.7 Step started at: 13:03:14
2025/10/06 13:03:24.7 XYZ movement time  = 9992 ms + Scan start delay = 9924 ms
2025/10/06 13:03:24.8 Old State:15-ENGN_StateRunning_WaitSampling New State:ENGN_StateRunning_Sampling
2025/10/06 13:04:14.5 Temp: 2025/10/06 13:04:14, 30.0000
2025/10/06 13:05:14.6 Temp: 2025/10/06 13:05:14, 30.0000
2025/10/06 13:05:24.3 
2025/10/06 13:05:24.3 STOP SCAN: 
2025/10/06 13:05:24.3    CycleTime (ms)    = 200
2025/10/06 13:05:24.3    CurrentCycle      = 600
2025/10/06 13:05:24.3    RunTime (ms)      = 119955
2025/10/06 13:05:24.3    AverageCycle (ms) = 199.9
2025/10/06 13:05:24.3    Temperature       = 30.0
2025/10/06 13:05:24.3    DATA OVERRUN %    = 0.00
2025/10/06 13:05:24.3    Spec PCB temps    = 40.2, 40.7, 40.9, 40.7, 40.9, 40.9, 39.1, 39.9
2025/10/06 13:05:24.3 
2025/10/06 13:05:24.4 Old State:16-cycle=600, Elapsed Time:  120.0,  Ideal Time:  119.8,  Delay time =   0.04  New State:ENGN_StateRunning_SamplingComplete
2025/10/06 13:05:24.5 Old State:18-ENGN_StateRunning_SamplingComplete New State:ENGN_StateRunning_WaitEjecting
2025/10/06 13:05:24.5 EJECT: To Tray, position=6,0
2025/10/06 13:05:24.5    EjectOffset = 10.0
2025/10/06 13:05:24.7 GMC_SetPosZ
2025/10/06 13:05:24.7 Old State:19-ENGN_StateRunning_WaitEjecting New State:ENGN_StateRunning_Ejecting
2025/10/06 13:05:29.5 GMC_ServoHere
2025/10/06 13:05:29.6 GMC_SetPosXY
2025/10/06 13:05:31.7 GMC_SetPosZ
2025/10/06 13:05:35.9 GMC_Eject
2025/10/06 13:05:35.9 EJECTOR: Eject
2025/10/06 13:05:44.7 GMC_HomeZ
2025/10/06 13:05:50.2 GMC_SetPosZ
2025/10/06 13:05:50.5 GMC_ServoHere
2025/10/06 13:05:50.7 GMC_SetPosZ
2025/10/06 13:05:50.9 GMC_ServoHere
2025/10/06 13:05:51.0 GMC_SetPosXY
2025/10/06 13:05:53.2 GMC_SetPosZ
2025/10/06 13:05:53.5 Old State:20-ENGN_StateRunning_Ejecting New State:ENGN_StateRunning_EjectingComplete
2025/10/06 13:05:53.6 Old State:21-ENGN_StateRunning_EjectingComplete New State:ENGN_StateRunning_Finished
2025/10/06 13:05:53.6 StopShaker
2025/10/06 13:05:53.7 Old State:22-ENGN_StateRunning_Finished New State:ENGN_State_SystemReady
2025/10/06 13:05:53.7 Temp: 2025/10/06 13:05:53, 30.0000
2025/10/06 13:05:53.7 
2025/10/06 13:05:53.7 ASSAY SUMMARY:
2025/10/06 13:05:53.7 ==============
2025/10/06 13:05:53.7   Step #   Duration   Cycles  Overrun %
2025/10/06 13:05:53.7        1     179     900    0.00
2025/10/06 13:05:53.7        2      19     100    0.00
2025/10/06 13:05:53.7        3      19     100    0.00
2025/10/06 13:05:53.7        4      19     100    0.00
2025/10/06 13:05:53.7        5      19     100    0.00
2025/10/06 13:05:53.7        6      20     100    0.00
2025/10/06 13:05:53.7        7      19     100    0.00
2025/10/06 13:05:53.7        8     119     600    0.00
2025/10/06 13:05:53.7        9      19     100    0.00
2025/10/06 13:05:53.7       10      59     300    0.00
2025/10/06 13:05:53.7       11      19     100    0.00
2025/10/06 13:05:53.7       12     119     600    0.00
2025/10/06 13:05:53.7       13     179     900    0.00
2025/10/06 13:05:53.7       14      19     100    0.00
2025/10/06 13:05:53.7       15      19     100    0.00
2025/10/06 13:05:53.7       16      19     100    0.00
2025/10/06 13:05:53.7       17      19     100    0.00
2025/10/06 13:05:53.7       18      19     100    0.00
2025/10/06 13:05:53.7       19      19     100    0.00
2025/10/06 13:05:53.7       20     119     600    0.00
2025/10/06 13:05:53.7       21      19     100    0.00
2025/10/06 13:05:53.7       22      59     300    0.00
2025/10/06 13:05:53.7       23      19     100    0.00
2025/10/06 13:05:53.7       24     119     600    0.00
2025/10/06 13:05:53.7 -------------------------------------------
2025/10/06 13:05:53.7    Total    1279    6400    0.00
2025/10/06 13:05:53.9 DFIO: Start writing C:\ForteBio\John\20251006_212T11_48wp_beacon_asym_\251006_009.frd
2025/10/06 13:05:53.9 DFIO: Finished writing C:\ForteBio\John\20251006_212T11_48wp_beacon_asym_\251006_009.frd
2025/10/06 13:05:53.9 DFIO: Start writing C:\ForteBio\John\20251006_212T11_48wp_beacon_asym_\251006_010.frd
2025/10/06 13:05:53.9 DFIO: Finished writing C:\ForteBio\John\20251006_212T11_48wp_beacon_asym_\251006_010.frd
2025/10/06 13:05:53.9 DFIO: Start writing C:\ForteBio\John\20251006_212T11_48wp_beacon_asym_\251006_011.frd
2025/10/06 13:05:53.9 DFIO: Finished writing C:\ForteBio\John\20251006_212T11_48wp_beacon_asym_\251006_011.frd
2025/10/06 13:05:53.9 DFIO: Start writing C:\ForteBio\John\20251006_212T11_48wp_beacon_asym_\251006_012.frd
2025/10/06 13:05:53.9 DFIO: Finished writing C:\ForteBio\John\20251006_212T11_48wp_beacon_asym_\251006_012.frd
2025/10/06 13:05:53.9 DFIO: Start writing C:\ForteBio\John\20251006_212T11_48wp_beacon_asym_\251006_013.frd
2025/10/06 13:05:53.9 DFIO: Finished writing C:\ForteBio\John\20251006_212T11_48wp_beacon_asym_\251006_013.frd
2025/10/06 13:05:53.9 DFIO: Start writing C:\ForteBio\John\20251006_212T11_48wp_beacon_asym_\251006_014.frd
2025/10/06 13:05:53.9 DFIO: Finished writing C:\ForteBio\John\20251006_212T11_48wp_beacon_asym_\251006_014.frd
2025/10/06 13:05:53.9 DFIO: Start writing C:\ForteBio\John\20251006_212T11_48wp_beacon_asym_\251006_015.frd
2025/10/06 13:05:53.9 DFIO: Finished writing C:\ForteBio\John\20251006_212T11_48wp_beacon_asym_\251006_015.frd
2025/10/06 13:05:53.9 DFIO: Start writing C:\ForteBio\John\20251006_212T11_48wp_beacon_asym_\251006_016.frd
2025/10/06 13:05:53.9 DFIO: Finished writing C:\ForteBio\John\20251006_212T11_48wp_beacon_asym_\251006_016.frd
2025/10/06 13:05:53.9 DFIO: Finished writing C:\ForteBio\John\20251006_212T11_48wp_beacon_asym_\251006_Manifest.fmx
2025/10/06 13:13:02.1 this {Width=251, Height=348} sender {Width=251, Height=348} Clip {Width=249, Height=346}
2025/10/06 13:13:02.1 this {Width=251, Height=348} sender {Width=251, Height=348} Clip {Width=0, Height=0}
2025/10/06 13:13:35.2 
2025/10/06 13:13:35.2 In StExperiment.Init()
2025/10/06 13:13:35.2 
2025/10/06 13:13:35.2 Progress: 0 %
2025/10/06 13:13:35.2 Progress: 6 %
2025/10/06 13:13:35.2 Progress: 12 %
2025/10/06 13:13:35.3 Progress: 18 %
2025/10/06 13:13:35.3 Progress: 25 %
2025/10/06 13:13:35.3 Progress: 31 %
2025/10/06 13:13:35.3 Progress: 37 %
2025/10/06 13:13:35.3 Progress: 43 %
2025/10/06 13:13:35.3 Progress: 50 %
2025/10/06 13:13:35.3 Progress: 56 %
2025/10/06 13:13:35.3 Progress: 62 %
2025/10/06 13:13:35.3 Progress: 68 %
2025/10/06 13:13:35.3 Progress: 75 %
2025/10/06 13:13:35.3 Progress: 81 %
2025/10/06 13:13:35.3 Progress: 87 %
2025/10/06 13:13:35.3 Progress: 93 %
2025/10/06 13:13:35.3 Progress: 100 %
2025/10/06 13:13:35.3 Read C:\ForteBio\John\20250901 SI-205X1 ASYM\250902_ExpMethod.fmf in 0 ms
2025/10/06 13:13:35.3 Read C:\ForteBio\John\20250901 SI-205X1 ASYM\250902_ExpMethod.fmf in 0 ms
2025/10/06 13:13:35.3 Time = 125 ms
2025/10/06 13:13:35.3 
2025/10/06 13:13:59.7 Read C:\ForteBio\John\2025_07_02_1_126B3_\250702_ExpMethod.fmf in 0 ms
2025/10/06 13:13:59.7 Read C:\ForteBio\John\2025_07_02_1_126B3_2\250702_ExpMethod.fmf in 0 ms
2025/10/06 13:13:59.7 Read C:\ForteBio\John\2025_07_11_38E17_d8_24dw_\250710_ExpMethod.fmf in 0 ms
2025/10/06 13:13:59.7 Read C:\ForteBio\John\2025_07_11_38E17_d8_24dw_\250710_ExpMethod.fmf in 0 ms
2025/10/06 13:13:59.7 Read C:\ForteBio\John\2025_07_11_38E17_d8_24dw_2\250710_ExpMethod.fmf in 0 ms
2025/10/06 13:13:59.7 Read C:\ForteBio\John\2025_07_11_38E17_d8_24dw_2\250710_ExpMethod.fmf in 0 ms
2025/10/06 13:13:59.7 Read C:\ForteBio\John\2025_08_06_153x35BP_48wp_p1_\250806_ExpMethod.fmf in 0 ms
2025/10/06 13:13:59.7 Read C:\ForteBio\John\2025_09_22_153x35_BP_SCC_d7-d11_\250922_ExpMethod.fmf in 0 ms
2025/10/06 13:13:59.7 Read C:\ForteBio\John\2025_09_22_153x35_BP_SCC_d7-d11_\250922_ExpMethod.fmf in 0 ms
2025/10/06 13:13:59.8 Read C:\ForteBio\John\2025_10_03_BEACON_48wp_SI212&205_P1_\251003_ExpMethod.fmf in 16 ms
2025/10/06 13:13:59.8 Read C:\ForteBio\John\2025_10_03_BEACON_48wp_SI212&205_P1_\251003_ExpMethod.fmf in 0 ms
2025/10/06 13:13:59.8 Read C:\ForteBio\John\2025_10_03_Beacon48WP_si212&205_p2_\251003_ExpMethod.fmf in 0 ms
2025/10/06 13:13:59.8 Read C:\ForteBio\John\2025_10_03_Beacon48WP_si212&205_p2_\251003_ExpMethod.fmf in 0 ms
2025/10/06 13:14:00.3 Read C:\ForteBio\John\2025_10_03_BEACON_48wp_SI212&205_P1_\251003_ExpMethod.fmf in 0 ms
2025/10/06 13:14:00.4 Read C:\ForteBio\John\2025_10_03_BEACON_48wp_SI212&205_P1_\251003_ExpMethod.fmf in 16 ms
2025/10/06 13:14:08.0 Read C:\ForteBio\John\2025_10_03_BEACON_48wp_SI212&205_P1_\251003_ExpMethod.fmf in 0 ms
2025/10/06 13:14:08.0 Read C:\ForteBio\John\2025_10_03_BEACON_48wp_SI212&205_P1_\251003_ExpMethod.fmf in 16 ms
2025/10/06 13:14:08.0 Read C:\ForteBio\John\2025_10_03_Beacon48WP_si212&205_p2_\251003_ExpMethod.fmf in 0 ms
2025/10/06 13:14:08.0 Read C:\ForteBio\John\2025_10_03_Beacon48WP_si212&205_p2_\251003_ExpMethod.fmf in 0 ms
2025/10/06 13:14:09.0 Read C:\ForteBio\John\2025_10_03_Beacon48WP_si212&205_p2_\251003_ExpMethod.fmf in 16 ms
2025/10/06 13:14:09.0 Read C:\ForteBio\John\2025_10_03_Beacon48WP_si212&205_p2_\251003_ExpMethod.fmf in 0 ms
2025/10/06 13:14:11.7 Read C:\ForteBio\John\2025_10_03_BEACON_48wp_SI212&205_P1_\251003_ExpMethod.fmf in 0 ms
2025/10/06 13:14:11.7 Read C:\ForteBio\John\2025_10_03_BEACON_48wp_SI212&205_P1_\251003_ExpMethod.fmf in 16 ms
2025/10/06 13:14:12.0 Read C:\ForteBio\John\2025_10_03_Beacon48WP_si212&205_p2_\251003_ExpMethod.fmf in 0 ms
2025/10/06 13:14:12.0 Read C:\ForteBio\John\2025_10_03_Beacon48WP_si212&205_p2_\251003_ExpMethod.fmf in 15 ms
2025/10/06 13:14:12.1 Read C:\ForteBio\John\2025_27_02_SI-1_III_48wp_part1_\250227_ExpMethod.fmf in 16 ms
2025/10/06 13:14:12.1 Read C:\ForteBio\John\2025_27_02_SI-1_III_48wp_part1_\250227_ExpMethod.fmf in 0 ms
2025/10/06 13:14:12.2 Read C:\ForteBio\John\2025_27_02_SI-1_III_48wp_part2_\250227_ExpMethod.fmf in 16 ms
2025/10/06 13:14:12.2 Read C:\ForteBio\John\2025_27_02_SI-1_III_48wp_part2_\250227_ExpMethod.fmf in 0 ms
2025/10/06 13:14:12.6 Read C:\ForteBio\John\2025_28_02_SI-153x6_pMP_48wp_\250227_ExpMethod.fmf in 0 ms
2025/10/06 13:14:12.6 Read C:\ForteBio\John\2025_28_02_SI-153x6_pMP_48wp_\250227_ExpMethod.fmf in 16 ms
2025/10/06 13:14:13.7 Read C:\ForteBio\John\2025_10_03_Beacon48WP_si212&205_p2_\251003_ExpMethod.fmf in 0 ms
2025/10/06 13:14:13.7 Read C:\ForteBio\John\2025_10_03_Beacon48WP_si212&205_p2_\251003_ExpMethod.fmf in 0 ms
2025/10/06 13:14:16.8 Read C:\ForteBio\John\2025_10_03_BEACON_48wp_SI212&205_P1_\251003_ExpMethod.fmf in 16 ms
2025/10/06 13:14:16.8 Read C:\ForteBio\John\2025_10_03_BEACON_48wp_SI212&205_P1_\251003_ExpMethod.fmf in 0 ms
2025/10/06 13:14:32.6 Read C:\ForteBio\John\20250901 SI-205X1 ASYM\250902_ExpMethod.fmf in 0 ms
2025/10/06 13:14:32.7 Read C:\ForteBio\John\20250901 SI-205X1 ASYM\250902_ExpMethod.fmf in 16 ms
2025/10/06 13:14:33.3 Read C:\ForteBio\John\20240523_SI-125R1_48WP_pMP_SCC_\240523_ExpMethod.fmf in 32 ms
2025/10/06 13:14:33.3 Read C:\ForteBio\John\20240523_SI-125R1_48WP_pMP_SCC_\240523_ExpMethod.fmf in 0 ms
2025/10/06 13:14:33.3 Read C:\ForteBio\John\01122232_Si88M7_FB625-630_STvsHCCF\230112_ExpMethod.fmf in 16 ms
2025/10/06 13:14:33.3 Read C:\ForteBio\John\01122232_Si88M7_FB625-630_STvsHCCF\230112_ExpMethod.fmf in 0 ms
2025/10/06 13:14:33.5 Read C:\ForteBio\John\123022_SI88M7_UCOE_MPs_D7-D11_FB_2_\221230_ExpMethod.fmf in 16 ms
2025/10/06 13:14:33.5 Read C:\ForteBio\John\123022_SI88M7_UCOE_MPs_D7-D11_FB_2_\221230_ExpMethod.fmf in 15 ms
2025/10/06 13:14:34.0 Read C:\ForteBio\John\123022_SI88M7_UCOE_MPs_D7-D11_FB_\221230_ExpMethod.fmf in 16 ms
2025/10/06 13:14:34.0 Read C:\ForteBio\John\123022_SI88M7_UCOE_MPs_D7-D11_FB_\221230_ExpMethod.fmf in 0 ms
2025/10/06 13:15:23.0 Read C:\ForteBio\John\153X6_D13-Harvest_38e17_139r6_harvest_2\250519_ExpMethod.fmf in 15 ms
2025/10/06 13:15:31.0 Read C:\ForteBio\John\88M23_BP_SCC_D7-D15_\240326_ExpMethod.fmf in 15 ms
2025/10/06 13:15:31.0 Read C:\ForteBio\John\88M23_BP_SCC_D7-D15_\240326_ExpMethod.fmf in 0 ms
2025/10/06 13:15:32.3 Read C:\ForteBio\John\153X6_D13-Harvest_38e17_139r6_harvest_2\250519_ExpMethod.fmf in 0 ms
2025/10/06 13:15:32.4 Read C:\ForteBio\John\153X6_D13-Harvest_38e17_139r6_harvest_2\250519_ExpMethod.fmf in 0 ms
2025/10/06 13:16:20.0 Read C:\ForteBio\John\SI-49P33_48WP_SI83M11_5H3_D15_17_\220830_ExpMethod.fmf in 16 ms
2025/10/06 13:16:20.3 Read C:\ForteBio\John\20251006_212T11_48wp_beacon_asym_\251006_ExpMethod.fmf in 0 ms
2025/10/06 13:16:20.3 Read C:\ForteBio\John\SI20M6_UCOE_D11-D15_\__ExpMethod.fmf in 31 ms
2025/10/06 13:16:20.4 Read C:\ForteBio\John\SI95X44_UCOE_pMP_ST368-370_PLATE 2_48scc\230517_ExpMethod.fmf in 16 ms
2025/10/06 13:16:20.4 Read C:\ForteBio\John\SI95X44_UCOE_pMP_ST368-370_PLATE 2_48scc\230517_ExpMethod.fmf in 16 ms
2025/10/06 13:16:21.5 Read C:\ForteBio\John\SI83M11_5H3_D7-D15_081822_2_\220819_ExpMethod.fmf in 16 ms
2025/10/06 13:16:21.5 Read C:\ForteBio\John\SI83M11_5H3_D7-D15_081822_2_\220819_ExpMethod.fmf in 0 ms
2025/10/06 13:16:21.6 Read C:\ForteBio\John\SI83M11_5H3_D7-D15_081822_\220819_ExpMethod.fmf in 15 ms
2025/10/06 13:16:21.6 Read C:\ForteBio\John\SI83M11_5H3_D7-D15_081822_\220819_ExpMethod.fmf in 0 ms
2025/10/06 13:16:21.6 Read C:\ForteBio\John\SI-49P33_48WP_SI83M11_5H3_D15_17_2_\220830_ExpMethod.fmf in 16 ms
2025/10/06 13:16:21.6 Read C:\ForteBio\John\SI-49P33_48WP_SI83M11_5H3_D15_17_2_\220830_ExpMethod.fmf in 0 ms
2025/10/06 13:16:21.6 Read C:\ForteBio\John\SI-49P33_48WP_SI83M11_5H3_D15_17_\220830_ExpMethod.fmf in 0 ms
2025/10/06 13:16:21.6 Read C:\ForteBio\John\SI-49P33_48WP_SI83M11_5H3_D15_17_\220830_ExpMethod.fmf in 0 ms
2025/10/06 13:16:21.6 Read C:\ForteBio\John\SI-41M8_ST401-402_24DW_D7_\231002_ExpMethod.fmf in 16 ms
2025/10/06 13:16:21.6 Read C:\ForteBio\John\SI-41M8_ST401-402_24DW_D7_\231002_ExpMethod.fmf in 15 ms
2025/10/06 13:16:22.5 Read C:\ForteBio\John\20251006_212T11_48wp_beacon_asym_\251006_ExpMethod.fmf in 15 ms
2025/10/06 13:16:22.5 Read C:\ForteBio\John\20251006_212T11_48wp_beacon_asym_\251006_ExpMethod.fmf in 16 ms
2025/10/06 13:16:26.8 Read C:\ForteBio\John\20251006_212T11_48wp_beacon_asym_\251006_ExpMethod.fmf in 0 ms
2025/10/06 13:16:31.9 
2025/10/06 13:16:31.9 In StExperiment.Init()
2025/10/06 13:16:31.9 
2025/10/06 13:16:31.9 Progress: 0 %
2025/10/06 13:16:31.9 Progress: 6 %
2025/10/06 13:16:31.9 Progress: 12 %
2025/10/06 13:16:31.9 Progress: 18 %
2025/10/06 13:16:31.9 Progress: 25 %
2025/10/06 13:16:31.9 Progress: 31 %
2025/10/06 13:16:31.9 Progress: 37 %
2025/10/06 13:16:31.9 Progress: 43 %
2025/10/06 13:16:31.9 Progress: 50 %
2025/10/06 13:16:31.9 Progress: 56 %
2025/10/06 13:16:31.9 Progress: 62 %
2025/10/06 13:16:31.9 Progress: 68 %
2025/10/06 13:16:31.9 Progress: 75 %
2025/10/06 13:16:31.9 Progress: 81 %
2025/10/06 13:16:31.9 Progress: 87 %
2025/10/06 13:16:31.9 Progress: 93 %
2025/10/06 13:16:32.0 Progress: 100 %
2025/10/06 13:16:32.0 Read C:\ForteBio\John\20251006_212T11_48wp_beacon_asym_\251006_ExpMethod.fmf in 0 ms
2025/10/06 13:16:32.0 Read C:\ForteBio\John\20251006_212T11_48wp_beacon_asym_\251006_ExpMethod.fmf in 16 ms
2025/10/06 13:16:32.0 Time = 125 ms
2025/10/06 13:16:32.0 
2025/10/06 13:19:07.0    at DataAnalysisUserControls.ExcelReport.SelectKExportOptions()
2025/10/06 13:19:07.0    at DataAnalysisUserControls.ExcelReport.ExportKReport(IGetTableData arg)
2025/10/06 13:19:07.0    at DataAnalysis.DataAnalysis.ExcelExport(IGetTableData arg)
2025/10/06 13:19:07.0    at DataAnalysis.DataAnalysis.exportToExcelToolStripMenuItem_Click(Object sender, EventArgs e)
2025/10/06 13:19:07.0    at System.Windows.Forms.ToolStripItem.RaiseEvent(Object key, EventArgs e)
2025/10/06 13:19:07.0    at System.Windows.Forms.ToolStripMenuItem.OnClick(EventArgs e)
2025/10/06 13:19:07.0    at System.Windows.Forms.ToolStripItem.HandleClick(EventArgs e)
2025/10/06 13:19:07.0    at System.Windows.Forms.ToolStripItem.HandleMouseUp(MouseEventArgs e)
2025/10/06 13:19:07.0    at System.Windows.Forms.ToolStripItem.FireEventInteractive(EventArgs e, ToolStripItemEventType met)
2025/10/06 13:19:07.0    at System.Windows.Forms.ToolStripItem.FireEvent(EventArgs e, ToolStripItemEventType met)
2025/10/06 13:19:07.0    at System.Windows.Forms.ToolStrip.OnMouseUp(MouseEventArgs mea)
2025/10/06 13:19:07.0    at System.Windows.Forms.ToolStripDropDown.OnMouseUp(MouseEventArgs mea)
2025/10/06 13:19:07.0    at System.Windows.Forms.Control.WmMouseUp(Message& m, MouseButtons button, Int32 clicks)
2025/10/06 13:19:07.0    at System.Windows.Forms.Control.WndProc(Message& m)
2025/10/06 13:19:07.0    at System.Windows.Forms.ScrollableControl.WndProc(Message& m)
2025/10/06 13:19:07.0    at System.Windows.Forms.ToolStrip.WndProc(Message& m)
2025/10/06 13:19:07.0    at System.Windows.Forms.ToolStripDropDown.WndProc(Message& m)
2025/10/06 13:19:07.0    at System.Windows.Forms.Control.ControlNativeWindow.OnMessage(Message& m)
2025/10/06 13:19:07.0    at System.Windows.Forms.Control.ControlNativeWindow.WndProc(Message& m)
2025/10/06 13:19:07.0    at System.Windows.Forms.NativeWindow.Callback(IntPtr hWnd, Int32 msg, IntPtr wparam, IntPtr lparam)
2025/10/06 13:20:54.1 
2025/10/06 13:20:54.1 In StExperiment.Init()
2025/10/06 13:20:54.1 
2025/10/06 13:20:54.1 Progress: 0 %
2025/10/06 13:20:54.1 Progress: 6 %
2025/10/06 13:20:54.1 Progress: 12 %
2025/10/06 13:20:54.1 Progress: 18 %
2025/10/06 13:20:54.1 Progress: 25 %
2025/10/06 13:20:54.1 Progress: 31 %
2025/10/06 13:20:54.1 Progress: 37 %
2025/10/06 13:20:54.1 Progress: 43 %
2025/10/06 13:20:54.1 Progress: 50 %
2025/10/06 13:20:54.1 Progress: 56 %
2025/10/06 13:20:54.1 Progress: 62 %
2025/10/06 13:20:54.1 Progress: 68 %
2025/10/06 13:20:54.2 Progress: 75 %
2025/10/06 13:20:54.2 Progress: 81 %
2025/10/06 13:20:54.2 Progress: 87 %
2025/10/06 13:20:54.2 Progress: 93 %
2025/10/06 13:20:54.2 Progress: 100 %
2025/10/06 13:20:54.2 Read C:\ForteBio\John\20250901 SI-205X1 ASYM\250902_ExpMethod.fmf in 0 ms
2025/10/06 13:20:54.2 Read C:\ForteBio\John\20250901 SI-205X1 ASYM\250902_ExpMethod.fmf in 16 ms
2025/10/06 13:20:54.2 Time = 125 ms
2025/10/06 13:20:54.2 
2025/10/06 13:21:13.1 
2025/10/06 13:21:13.1 In StExperiment.Init()
2025/10/06 13:21:13.1 
2025/10/06 13:21:13.2 Progress: 0 %
2025/10/06 13:21:13.2 Progress: 6 %
2025/10/06 13:21:13.2 Progress: 12 %
2025/10/06 13:21:13.2 Progress: 18 %
2025/10/06 13:21:13.2 Progress: 25 %
2025/10/06 13:21:13.2 Progress: 31 %
2025/10/06 13:21:13.2 Progress: 37 %
2025/10/06 13:21:13.2 Progress: 43 %
2025/10/06 13:21:13.2 Progress: 50 %
2025/10/06 13:21:13.2 Progress: 56 %
2025/10/06 13:21:13.2 Progress: 62 %
2025/10/06 13:21:13.2 Progress: 68 %
2025/10/06 13:21:13.2 Progress: 75 %
2025/10/06 13:21:13.2 Progress: 81 %
2025/10/06 13:21:13.2 Progress: 87 %
2025/10/06 13:21:13.2 Progress: 93 %
2025/10/06 13:21:13.2 Progress: 100 %
2025/10/06 13:21:13.2 Read C:\ForteBio\John\20251006_212T11_48wp_beacon_asym_\251006_ExpMethod.fmf in 0 ms
2025/10/06 13:21:13.3 Read C:\ForteBio\John\20251006_212T11_48wp_beacon_asym_\251006_ExpMethod.fmf in 16 ms
2025/10/06 13:21:13.3 Time = 109 ms
2025/10/06 13:21:13.3 
2025/10/06 13:23:48.4 Export image takes 234ms
2025/10/06 13:23:49.3 Export image takes 153ms
2025/10/06 13:23:49.6 Export image takes 95ms
2025/10/06 13:23:50.0 Export image takes 124ms
2025/10/06 13:23:50.3 Export image takes 114ms
2025/10/06 13:23:50.5 Export image takes 120ms
2025/10/06 13:23:50.7 Export image takes 132ms
2025/10/06 13:23:51.0 Export image takes 137ms
2025/10/06 13:23:51.2 Export image takes 118ms
2025/10/06 13:23:51.4 Group -- begin 8
2025/10/06 13:23:51.4 Group -- continue 9
2025/10/06 13:23:51.4 Group -- continue 10
2025/10/06 13:23:51.4 Group -- continue 11
2025/10/06 13:23:51.4 Group -- continue 12
2025/10/06 13:23:51.4 Group -- continue 13
2025/10/06 13:23:51.4 Group -- continue 14
2025/10/06 13:23:51.4 Group -- continue 15
2025/10/06 13:23:51.4 Group -- begin 0
2025/10/06 13:23:51.4 Group -- continue 1
2025/10/06 13:23:51.4 Group -- continue 2
2025/10/06 13:23:51.4 Group -- continue 3
2025/10/06 13:23:51.4 Group -- continue 4
2025/10/06 13:23:51.4 Group -- continue 5
2025/10/06 13:23:51.4 Group -- continue 6
2025/10/06 13:23:51.4 Group -- continue 7
2025/10/06 13:23:51.7 Export images takes 140ms
2025/10/06 13:34:03.1 
2025/10/06 13:34:03.1 In StExperiment.Init()
2025/10/06 13:34:03.1 
2025/10/06 13:34:03.2 Progress: 0 %
2025/10/06 13:34:03.2 Progress: 6 %
2025/10/06 13:34:03.2 Progress: 12 %
2025/10/06 13:34:03.2 Progress: 18 %
2025/10/06 13:34:03.2 Progress: 25 %
2025/10/06 13:34:03.2 Progress: 31 %
2025/10/06 13:34:03.2 Progress: 37 %
2025/10/06 13:34:03.2 Progress: 43 %
2025/10/06 13:34:03.2 Progress: 50 %
2025/10/06 13:34:03.2 Progress: 56 %
2025/10/06 13:34:03.2 Progress: 62 %
2025/10/06 13:34:03.2 Progress: 68 %
2025/10/06 13:34:03.2 Progress: 75 %
2025/10/06 13:34:03.2 Progress: 81 %
2025/10/06 13:34:03.2 Progress: 87 %
2025/10/06 13:34:03.2 Progress: 93 %
2025/10/06 13:34:03.2 Progress: 100 %
2025/10/06 13:34:03.2 Read C:\ForteBio\John\20250901 SI-205X1 ASYM\250902_ExpMethod.fmf in 0 ms
2025/10/06 13:34:03.3 Read C:\ForteBio\John\20250901 SI-205X1 ASYM\250902_ExpMethod.fmf in 16 ms
2025/10/06 13:34:03.3 Time = 125 ms
2025/10/06 13:34:03.3 
2025/10/06 13:34:35.9 Read C:\ForteBio\John\20251006_212T11_48wp_beacon_asym_\251006_ExpMethod.fmf in 16 ms
2025/10/06 13:34:35.9 Read C:\ForteBio\John\20251006_212T11_48wp_beacon_asym_\251006_ExpMethod.fmf in 15 ms
2025/10/06 13:34:38.3 Read C:\ForteBio\John\20251006_212T11_48wp_beacon_asym_\251006_ExpMethod.fmf in 0 ms
2025/10/06 13:34:38.4 Read C:\ForteBio\John\20251006_212T11_48wp_beacon_asym_\251006_ExpMethod.fmf in 16 ms
2025/10/06 13:34:38.6 Read C:\ForteBio\John\20250901 SI-205X1 ASYM\250902_ExpMethod.fmf in 15 ms
2025/10/06 13:34:44.2 
2025/10/06 13:34:44.2 In StExperiment.Init()
2025/10/06 13:34:44.2 
2025/10/06 13:34:44.2 Progress: 0 %
2025/10/06 13:34:44.2 Progress: 6 %
2025/10/06 13:34:44.2 Progress: 12 %
2025/10/06 13:34:44.2 Progress: 18 %
2025/10/06 13:34:44.2 Progress: 25 %
2025/10/06 13:34:44.2 Progress: 31 %
2025/10/06 13:34:44.2 Progress: 37 %
2025/10/06 13:34:44.2 Progress: 43 %
2025/10/06 13:34:44.2 Progress: 50 %
2025/10/06 13:34:44.2 Progress: 56 %
2025/10/06 13:34:44.2 Progress: 62 %
2025/10/06 13:34:44.2 Progress: 68 %
2025/10/06 13:34:44.2 Progress: 75 %
2025/10/06 13:34:44.2 Progress: 81 %
2025/10/06 13:34:44.2 Progress: 87 %
2025/10/06 13:34:44.3 Progress: 93 %
2025/10/06 13:34:44.3 Progress: 100 %
2025/10/06 13:34:44.3 Read C:\ForteBio\John\20251006_212T11_48wp_beacon_asym_\251006_ExpMethod.fmf in 0 ms
2025/10/06 13:34:44.3 Read C:\ForteBio\John\20251006_212T11_48wp_beacon_asym_\251006_ExpMethod.fmf in 16 ms
2025/10/06 13:34:44.3 Time = 125 ms
2025/10/06 13:34:44.3 
2025/10/06 13:36:03.1 
2025/10/06 13:36:03.1 In StExperiment.Init()
2025/10/06 13:36:03.1 
2025/10/06 13:36:03.1 Progress: 0 %
2025/10/06 13:36:03.1 Progress: 6 %
2025/10/06 13:36:03.1 Progress: 12 %
2025/10/06 13:36:03.1 Progress: 18 %
2025/10/06 13:36:03.1 Progress: 25 %
2025/10/06 13:36:03.1 Progress: 31 %
2025/10/06 13:36:03.1 Progress: 37 %
2025/10/06 13:36:03.1 Progress: 43 %
2025/10/06 13:36:03.1 Progress: 50 %
2025/10/06 13:36:03.1 Progress: 56 %
2025/10/06 13:36:03.1 Progress: 62 %
2025/10/06 13:36:03.1 Progress: 68 %
2025/10/06 13:36:03.2 Progress: 75 %
2025/10/06 13:36:03.2 Progress: 81 %
2025/10/06 13:36:03.2 Progress: 87 %
2025/10/06 13:36:03.2 Progress: 93 %
2025/10/06 13:36:03.2 Progress: 100 %
2025/10/06 13:36:03.2 Read C:\ForteBio\John\20250901 SI-205X1 ASYM\250902_ExpMethod.fmf in 0 ms
2025/10/06 13:36:03.2 Read C:\ForteBio\John\20250901 SI-205X1 ASYM\250902_ExpMethod.fmf in 15 ms
2025/10/06 13:36:03.2 Time = 124 ms
2025/10/06 13:36:03.2 
2025/10/06 13:36:25.9 Export image takes 76ms
2025/10/06 13:36:27.0 Export image takes 242ms
2025/10/06 13:36:27.3 Export image takes 93ms
2025/10/06 13:36:27.7 Export image takes 142ms
2025/10/06 13:36:27.9 Export image takes 113ms
2025/10/06 13:36:28.2 Export image takes 129ms
2025/10/06 13:36:28.5 Export image takes 126ms
2025/10/06 13:36:28.7 Export image takes 155ms
2025/10/06 13:36:28.9 Export image takes 124ms
2025/10/06 13:36:29.1 Group -- begin 8
2025/10/06 13:36:29.1 Group -- continue 9
2025/10/06 13:36:29.1 Group -- continue 10
2025/10/06 13:36:29.1 Group -- continue 11
2025/10/06 13:36:29.1 Group -- continue 12
2025/10/06 13:36:29.1 Group -- continue 13
2025/10/06 13:36:29.1 Group -- continue 14
2025/10/06 13:36:29.1 Group -- continue 15
2025/10/06 13:36:29.1 Group -- begin 0
2025/10/06 13:36:29.1 Group -- continue 1
2025/10/06 13:36:29.1 Group -- continue 2
2025/10/06 13:36:29.1 Group -- continue 3
2025/10/06 13:36:29.1 Group -- continue 4
2025/10/06 13:36:29.1 Group -- continue 5
2025/10/06 13:36:29.1 Group -- continue 6
2025/10/06 13:36:29.1 Group -- continue 7
2025/10/06 13:36:29.3 Export images takes 170ms
2025/10/07 11:48:52.0 <I Name="ExperimentName" O="20250820 PE samples 20 sec load" N="20251007 205X1 ASYM assay" />
2025/10/07 11:48:52.0 Sensor tray definitions were changed
2025/10/07 11:48:52.0 Assay params step 4: Time 20 to 30
2025/10/07 11:48:52.0 SetHeaterTemperature 30.0
2025/10/07 11:48:52.1 Temp: 2025/10/07 11:48:52, 30.0000
2025/10/07 11:48:52.1 bShakeWhileWaiting=0, nShakerRPM=0
2025/10/07 11:48:52.2 DELAYED START: Waiting for 600 s
2025/10/07 11:48:52.3 Old State:4-ENGN_State_SystemReady New State:ENGN_State_ControllerBusy
2025/10/07 11:48:52.3 GMC_SetPosZ
2025/10/07 11:48:52.5 GMC_ServoHere
2025/10/07 11:48:52.6 GMC_SetPosXY
2025/10/07 11:48:52.8 GMC_SetPosZ
2025/10/07 11:48:53.2 Old State:29-ENGN_State_ControllerBusy New State:ENGN_State_ControllerDone
2025/10/07 11:48:53.3 Old State:30-ENGN_State_ControllerDone New State:ENGN_State_SystemReady
2025/10/07 11:49:52.5 Temp: 2025/10/07 11:49:52, 30.0000
2025/10/07 11:50:52.5 Temp: 2025/10/07 11:50:52, 30.0000
2025/10/07 11:51:52.6 Temp: 2025/10/07 11:51:52, 30.0000
2025/10/07 11:52:52.7 Temp: 2025/10/07 11:52:52, 30.0000
2025/10/07 11:53:52.7 Temp: 2025/10/07 11:53:52, 30.0000
2025/10/07 11:54:52.8 Temp: 2025/10/07 11:54:52, 30.0000
2025/10/07 11:55:52.8 Temp: 2025/10/07 11:55:52, 30.0000
2025/10/07 11:56:52.9 Temp: 2025/10/07 11:56:52, 30.0000
2025/10/07 11:57:53.0 Temp: 2025/10/07 11:57:53, 30.0000
2025/10/07 11:58:53.0 Temp: 2025/10/07 11:58:53, 30.0000
2025/10/07 11:58:53.5 DELAYED START: Done.
2025/10/07 11:58:53.5 Starting new assay
2025/10/07 11:58:53.8 Old State:4-ENGN_State_SystemReady New State:ENGN_StateRunning_StartNewStep
2025/10/07 11:58:53.8 Plate 1 temperature = 30 C
2025/10/07 11:58:53.9 Old State:6-ENGN_StateRunning_StartNewStep New State:ENGN_StateRunning_WaitPickingSensors
2025/10/07 11:58:53.9 Pick(0, 7)
2025/10/07 11:58:53.9 GMC_SetPosZ
2025/10/07 11:58:54.0 Temp: 2025/10/07 11:58:54, 30.0000
2025/10/07 11:58:54.0 Old State:7-ENGN_StateRunning_WaitPickingSensors New State:ENGN_StateRunning_PickingSensors
2025/10/07 11:58:54.1 GMC_ServoHere
2025/10/07 11:58:54.3 GMC_SetPosXY
2025/10/07 11:58:56.4 GMC_SetPosZ
2025/10/07 11:59:01.9 GMC_SetPosZ
2025/10/07 11:59:02.4 Old State:8-ENGN_StateRunning_PickingSensors New State:ENGN_StateRunning_CheckingSensors
2025/10/07 11:59:02.5 
2025/10/07 11:59:02.5 Detect Sensors
2025/10/07 11:59:02.5 ==============
2025/10/07 11:59:02.5 1	YES		6.6	5568.1
2025/10/07 11:59:02.5 2	YES		6.2	5154.7
2025/10/07 11:59:02.5 3	YES		6.2	7027.8
2025/10/07 11:59:02.5 4	YES		6.2	6592.9
2025/10/07 11:59:02.5 5	YES		5.8	5233.7
2025/10/07 11:59:02.5 6	YES		6.8	5594.0
2025/10/07 11:59:02.5 7	YES		6.1	6589.7
2025/10/07 11:59:02.5 8	YES		6.6	7166.3
2025/10/07 11:59:02.5 
2025/10/07 11:59:02.7 CH1: Correction Factor = 2.51009
2025/10/07 11:59:02.7 CH2: Correction Factor = 2.68334
2025/10/07 11:59:02.7 CH3: Correction Factor = 2.06101
2025/10/07 11:59:02.7 CH4: Correction Factor = 2.13755
2025/10/07 11:59:02.7 CH5: Correction Factor = 2.75857
2025/10/07 11:59:02.7 CH6: Correction Factor = 2.6998
2025/10/07 11:59:02.7 CH7: Correction Factor = 2.18807
2025/10/07 11:59:02.7 CH8: Correction Factor = 2.04908
2025/10/07 11:59:02.9 CH1: Correction Factor = 1.07335
2025/10/07 11:59:02.9 CH2: Correction Factor = 1.10189
2025/10/07 11:59:02.9 CH3: Correction Factor = 1.089
2025/10/07 11:59:02.9 CH4: Correction Factor = 1.06923
2025/10/07 11:59:02.9 CH5: Correction Factor = 1.10849
2025/10/07 11:59:02.9 CH6: Correction Factor = 1.10762
2025/10/07 11:59:02.9 CH7: Correction Factor = 1.0961
2025/10/07 11:59:02.9 CH8: Correction Factor = 1.0642
2025/10/07 11:59:03.0 CH1: Correction Factor = 1.01082
2025/10/07 11:59:03.0 CH2: Correction Factor = 0.997458
2025/10/07 11:59:03.0 CH3: Correction Factor = 0.989486
2025/10/07 11:59:03.0 CH4: Correction Factor = 1.00804
2025/10/07 11:59:03.0 CH5: Correction Factor = 0.988358
2025/10/07 11:59:03.0 CH6: Correction Factor = 0.985135
2025/10/07 11:59:03.0 CH7: Correction Factor = 0.987452
2025/10/07 11:59:03.0 CH8: Correction Factor = 1.0047
2025/10/07 11:59:03.2 CH1: Correction Factor = 1.00104
2025/10/07 11:59:03.2 CH2: Correction Factor = 0.996531
2025/10/07 11:59:03.2 CH3: Correction Factor = 0.996795
2025/10/07 11:59:03.2 CH4: Correction Factor = 1.00042
2025/10/07 11:59:03.2 CH5: Correction Factor = 0.992
2025/10/07 11:59:03.2 CH6: Correction Factor = 0.998968
2025/10/07 11:59:03.2 CH7: Correction Factor = 0.997595
2025/10/07 11:59:03.2 CH8: Correction Factor = 1.00084
2025/10/07 11:59:03.4 CH1: Correction Factor = 1.00112
2025/10/07 11:59:03.4 CH2: Correction Factor = 0.99938
2025/10/07 11:59:03.4 CH3: Correction Factor = 1.00089
2025/10/07 11:59:03.4 CH4: Correction Factor = 1.00049
2025/10/07 11:59:03.4 CH5: Correction Factor = 1.00064
2025/10/07 11:59:03.4 CH6: Correction Factor = 0.99946
2025/10/07 11:59:03.4 CH7: Correction Factor = 0.99818
2025/10/07 11:59:03.4 CH8: Correction Factor = 1.00057
2025/10/07 11:59:03.5 CH1: Correction Factor = 1.00095
2025/10/07 11:59:03.5 CH2: Correction Factor = 0.999326
2025/10/07 11:59:03.5 CH3: Correction Factor = 1.00082
2025/10/07 11:59:03.5 CH4: Correction Factor = 1.00057
2025/10/07 11:59:03.5 CH5: Correction Factor = 0.998394
2025/10/07 11:59:03.5 CH6: Correction Factor = 0.999354
2025/10/07 11:59:03.5 CH7: Correction Factor = 1.00165
2025/10/07 11:59:03.5 CH8: Correction Factor = 1.00052
2025/10/07 11:59:03.5 Sensor 1: Integration Time = 2.73 ms
2025/10/07 11:59:03.5 Sensor 2: Integration Time = 2.94 ms
2025/10/07 11:59:03.5 Sensor 3: Integration Time = 2.22 ms
2025/10/07 11:59:03.5 Sensor 4: Integration Time = 2.31 ms
2025/10/07 11:59:03.5 Sensor 5: Integration Time = 3.00 ms
2025/10/07 11:59:03.5 Sensor 6: Integration Time = 2.94 ms
2025/10/07 11:59:03.5 Sensor 7: Integration Time = 2.36 ms
2025/10/07 11:59:03.5 Sensor 8: Integration Time = 2.20 ms
2025/10/07 11:59:03.5 WaitControllerIdle(30000)
2025/10/07 11:59:03.6 GMC_HomeZ
2025/10/07 11:59:10.2 GMC_SetPosZ
2025/10/07 11:59:10.5 GMC_ServoHere
2025/10/07 11:59:10.8 Old State:9-ENGN_StateRunning_CheckingSensors New State:ENGN_StateRunning_PickingSensorsComplete
2025/10/07 11:59:10.8 StartShaker(1000)
2025/10/07 11:59:10.8 Integration Time: 2.73,2.94,2.22,2.31,3.00,2.94,2.36,2.20,
2025/10/07 11:59:10.9 Plate 1 temperature = 30 C
2025/10/07 11:59:10.9 Pickups: 3016, Warn: 90, Error: 100
2025/10/07 11:59:11.2 Old State:10-ENGN_StateRunning_PickingSensorsComplete New State:ENGN_StateRunning_WaitGoingToSample
2025/10/07 11:59:11.2 Sample96_Q(0, 0, 0)
2025/10/07 11:59:11.3 
2025/10/07 11:59:11.3 START SCAN: 
2025/10/07 11:59:11.3    CycleTime (ms)    = 200
2025/10/07 11:59:11.3    CycleCount        = 900
2025/10/07 11:59:11.3    ScansToAverage    = 20
2025/10/07 11:59:11.3    FinishTime (s)    = 180
2025/10/07 11:59:11.3    Temperature       = 30.0
2025/10/07 11:59:11.3    Lamp Power        = 36
2025/10/07 11:59:11.3    Spec PCB temps    = 40.1, 40.7, 40.7, 40.7, 40.7, 40.9, 38.9, 39.8
2025/10/07 11:59:11.3 
2025/10/07 11:59:11.3 GMC_SetPosZ
2025/10/07 11:59:11.4 Old State:12-ENGN_StateRunning_WaitGoingToSample New State:ENGN_StateRunning_GoingToSample
2025/10/07 11:59:11.5 GMC_ServoHere
2025/10/07 11:59:11.6 GMC_SetPosXY
2025/10/07 11:59:13.8 GMC_SetPosZ
2025/10/07 11:59:16.0 Old State:13-cycle=1, Elapsed Time:    0.0,  Ideal Time:    0.0,  Delay time =   0.00  New State:ENGN_StateRunning_GoingToSampleComplete
2025/10/07 11:59:16.1 Old State:14-ENGN_StateRunning_GoingToSampleComplete New State:ENGN_StateRunning_WaitSampling
2025/10/07 11:59:16.1 Step started at: 11:59:11
2025/10/07 11:59:16.1 XYZ movement time  = 4765 ms + Scan start delay = 4686 ms
2025/10/07 11:59:16.2 Old State:15-ENGN_StateRunning_WaitSampling New State:ENGN_StateRunning_Sampling
2025/10/07 11:59:54.1 Temp: 2025/10/07 11:59:54, 30.0000
2025/10/07 12:00:54.1 Temp: 2025/10/07 12:00:54, 30.0000
2025/10/07 12:01:54.2 Temp: 2025/10/07 12:01:54, 30.0000
2025/10/07 12:02:15.8 
2025/10/07 12:02:15.8 STOP SCAN: 
2025/10/07 12:02:15.8    CycleTime (ms)    = 200
2025/10/07 12:02:15.8    CurrentCycle      = 900
2025/10/07 12:02:15.8    RunTime (ms)      = 179954
2025/10/07 12:02:15.8    AverageCycle (ms) = 199.9
2025/10/07 12:02:15.8    Temperature       = 30.0
2025/10/07 12:02:15.8    DATA OVERRUN %    = 0.00
2025/10/07 12:02:15.8    Spec PCB temps    = 40.1, 40.7, 40.8, 40.7, 40.7, 40.9, 38.9, 39.8
2025/10/07 12:02:15.8 
2025/10/07 12:02:15.9 Old State:16-cycle=900, Elapsed Time:  180.0,  Ideal Time:  179.8,  Delay time =   0.04  New State:ENGN_StateRunning_SamplingComplete
2025/10/07 12:02:16.0 Old State:18-ENGN_StateRunning_SamplingComplete New State:ENGN_StateRunning_WaitNewStep
2025/10/07 12:02:16.2 Old State:5-ENGN_StateRunning_WaitNewStep New State:ENGN_StateRunning_StartNewStep
2025/10/07 12:02:16.3 StartShaker(1000)
2025/10/07 12:02:16.5 Temp: 2025/10/07 12:02:16, 30.0000
2025/10/07 12:02:16.6 Old State:6-ENGN_StateRunning_StartNewStep New State:ENGN_StateRunning_WaitGoingToSample
2025/10/07 12:02:16.6 Sample96_Q(0, 0, 1)
2025/10/07 12:02:16.7 
2025/10/07 12:02:16.7 START SCAN: 
2025/10/07 12:02:16.7    CycleTime (ms)    = 200
2025/10/07 12:02:16.7    CycleCount        = 100
2025/10/07 12:02:16.7    ScansToAverage    = 20
2025/10/07 12:02:16.7    FinishTime (s)    = 20
2025/10/07 12:02:16.7    Temperature       = 30.0
2025/10/07 12:02:16.7    Lamp Power        = 36
2025/10/07 12:02:16.7    Spec PCB temps    = 40.1, 40.7, 40.8, 40.7, 40.7, 40.9, 38.9, 39.8
2025/10/07 12:02:16.7 
2025/10/07 12:02:16.7 GMC_SetPosZ
2025/10/07 12:02:16.7 Old State:12-ENGN_StateRunning_WaitGoingToSample New State:ENGN_StateRunning_GoingToSample
2025/10/07 12:02:18.7 GMC_ServoHere
2025/10/07 12:02:18.9 GMC_SetPosXY
2025/10/07 12:02:19.3 GMC_SetPosZ
2025/10/07 12:02:21.6 Old State:13-ENGN_StateRunning_GoingToSample New State:ENGN_StateRunning_GoingToSampleComplete
2025/10/07 12:02:21.7 Old State:14-cycle=1, Elapsed Time:    0.0,  Ideal Time:    0.0,  Delay time =   0.00  New State:ENGN_StateRunning_WaitSampling
2025/10/07 12:02:21.7 Step started at: 12:02:16
2025/10/07 12:02:21.7 XYZ movement time  = 4955 ms + Scan start delay = 4888 ms
2025/10/07 12:02:21.8 Old State:15-ENGN_StateRunning_WaitSampling New State:ENGN_StateRunning_Sampling
2025/10/07 12:02:41.5 
2025/10/07 12:02:41.5 STOP SCAN: 
2025/10/07 12:02:41.5    CycleTime (ms)    = 200
2025/10/07 12:02:41.5    CurrentCycle      = 100
2025/10/07 12:02:41.5    RunTime (ms)      = 19979
2025/10/07 12:02:41.5    AverageCycle (ms) = 199.8
2025/10/07 12:02:41.5    Temperature       = 30.0
2025/10/07 12:02:41.5    DATA OVERRUN %    = 0.00
2025/10/07 12:02:41.5    Spec PCB temps    = 40.1, 40.7, 40.8, 40.7, 40.7, 40.9, 38.9, 39.9
2025/10/07 12:02:41.5 
2025/10/07 12:02:41.6 Old State:16-cycle=100, Elapsed Time:   20.0,  Ideal Time:   19.8,  Delay time =   0.04  New State:ENGN_StateRunning_SamplingComplete
2025/10/07 12:02:41.7 Old State:18-ENGN_StateRunning_SamplingComplete New State:ENGN_StateRunning_WaitNewStep
2025/10/07 12:02:41.9 Old State:5-ENGN_StateRunning_WaitNewStep New State:ENGN_StateRunning_StartNewStep
2025/10/07 12:02:42.0 StartShaker(1000)
2025/10/07 12:02:42.3 Temp: 2025/10/07 12:02:42, 30.0000
2025/10/07 12:02:42.3 Old State:6-ENGN_StateRunning_StartNewStep New State:ENGN_StateRunning_WaitGoingToSample
2025/10/07 12:02:42.3 Sample96_Q(0, 0, 0)
2025/10/07 12:02:42.4 GMC_SetPosZ
2025/10/07 12:02:42.4 
2025/10/07 12:02:42.4 START SCAN: 
2025/10/07 12:02:42.4    CycleTime (ms)    = 200
2025/10/07 12:02:42.4    CycleCount        = 100
2025/10/07 12:02:42.4    ScansToAverage    = 20
2025/10/07 12:02:42.4    FinishTime (s)    = 20
2025/10/07 12:02:42.4    Temperature       = 30.0
2025/10/07 12:02:42.4    Lamp Power        = 36
2025/10/07 12:02:42.4    Spec PCB temps    = 40.1, 40.7, 40.8, 40.7, 40.7, 40.9, 38.9, 39.8
2025/10/07 12:02:42.4 
2025/10/07 12:02:42.5 Old State:12-ENGN_StateRunning_WaitGoingToSample New State:ENGN_StateRunning_GoingToSample
2025/10/07 12:02:44.5 GMC_ServoHere
2025/10/07 12:02:44.7 GMC_SetPosXY
2025/10/07 12:02:45.1 GMC_SetPosZ
2025/10/07 12:02:47.2 Old State:13-cycle=1, Elapsed Time:    0.0,  Ideal Time:    0.0,  Delay time =   0.00  New State:ENGN_StateRunning_GoingToSampleComplete
2025/10/07 12:02:47.3 Old State:14-ENGN_StateRunning_GoingToSampleComplete New State:ENGN_StateRunning_WaitSampling
2025/10/07 12:02:47.3 Step started at: 12:02:42
2025/10/07 12:02:47.3 XYZ movement time  = 4876 ms + Scan start delay = 4819 ms
2025/10/07 12:02:47.4 Old State:15-ENGN_StateRunning_WaitSampling New State:ENGN_StateRunning_Sampling
2025/10/07 12:03:07.1 
2025/10/07 12:03:07.1 STOP SCAN: 
2025/10/07 12:03:07.1    CycleTime (ms)    = 200
2025/10/07 12:03:07.1    CurrentCycle      = 100
2025/10/07 12:03:07.1    RunTime (ms)      = 19955
2025/10/07 12:03:07.1    AverageCycle (ms) = 199.6
2025/10/07 12:03:07.1    Temperature       = 30.0
2025/10/07 12:03:07.1    DATA OVERRUN %    = 0.00
2025/10/07 12:03:07.1    Spec PCB temps    = 40.1, 40.7, 40.8, 40.7, 40.8, 40.9, 38.9, 39.8
2025/10/07 12:03:07.1 
2025/10/07 12:03:07.1 Old State:16-cycle=100, Elapsed Time:   20.0,  Ideal Time:   19.8,  Delay time =   0.01  New State:ENGN_StateRunning_SamplingComplete
2025/10/07 12:03:07.2 Old State:18-ENGN_StateRunning_SamplingComplete New State:ENGN_StateRunning_WaitNewStep
2025/10/07 12:03:07.3 Old State:5-ENGN_StateRunning_WaitNewStep New State:ENGN_StateRunning_StartNewStep
2025/10/07 12:03:07.4 StartShaker(1000)
2025/10/07 12:03:07.7 Temp: 2025/10/07 12:03:07, 30.0000
2025/10/07 12:03:07.7 Old State:6-ENGN_StateRunning_StartNewStep New State:ENGN_StateRunning_WaitGoingToSample
2025/10/07 12:03:07.7 Sample96_Q(0, 0, 1)
2025/10/07 12:03:07.8 
2025/10/07 12:03:07.8 START SCAN: 
2025/10/07 12:03:07.8    CycleTime (ms)    = 200
2025/10/07 12:03:07.8    CycleCount        = 100
2025/10/07 12:03:07.8    ScansToAverage    = 20
2025/10/07 12:03:07.8    FinishTime (s)    = 20
2025/10/07 12:03:07.8    Temperature       = 30.0
2025/10/07 12:03:07.8    Lamp Power        = 36
2025/10/07 12:03:07.8 GMC_SetPosZ
2025/10/07 12:03:07.8    Spec PCB temps    = 40.1, 40.7, 40.7, 40.7, 40.8, 40.9, 38.9, 39.9
2025/10/07 12:03:07.8 
2025/10/07 12:03:07.9 Old State:12-ENGN_StateRunning_WaitGoingToSample New State:ENGN_StateRunning_GoingToSample
2025/10/07 12:03:09.8 GMC_ServoHere
2025/10/07 12:03:10.0 GMC_SetPosXY
2025/10/07 12:03:10.4 GMC_SetPosZ
2025/10/07 12:03:12.6 Old State:13-ENGN_StateRunning_GoingToSample New State:ENGN_StateRunning_GoingToSampleComplete
2025/10/07 12:03:12.7 Old State:14-cycle=1, Elapsed Time:    0.0,  Ideal Time:    0.0,  Delay time =   0.00  New State:ENGN_StateRunning_WaitSampling
2025/10/07 12:03:12.7 Step started at: 12:03:07
2025/10/07 12:03:12.7 XYZ movement time  = 4861 ms + Scan start delay = 4854 ms
2025/10/07 12:03:12.8 Old State:15-ENGN_StateRunning_WaitSampling New State:ENGN_StateRunning_Sampling
2025/10/07 12:03:32.5 
2025/10/07 12:03:32.5 STOP SCAN: 
2025/10/07 12:03:32.5    CycleTime (ms)    = 200
2025/10/07 12:03:32.5    CurrentCycle      = 100
2025/10/07 12:03:32.5    RunTime (ms)      = 19956
2025/10/07 12:03:32.5    AverageCycle (ms) = 199.6
2025/10/07 12:03:32.5    Temperature       = 30.0
2025/10/07 12:03:32.5    DATA OVERRUN %    = 0.00
2025/10/07 12:03:32.5    Spec PCB temps    = 40.1, 40.7, 40.8, 40.7, 40.8, 40.9, 39.0, 39.9
2025/10/07 12:03:32.5 
2025/10/07 12:03:32.6 Old State:16-cycle=100, Elapsed Time:   20.0,  Ideal Time:   19.8,  Delay time =   0.04  New State:ENGN_StateRunning_SamplingComplete
2025/10/07 12:03:32.8 Old State:18-ENGN_StateRunning_SamplingComplete New State:ENGN_StateRunning_WaitNewStep
2025/10/07 12:03:33.1 Old State:5-ENGN_StateRunning_WaitNewStep New State:ENGN_StateRunning_StartNewStep
2025/10/07 12:03:33.1 StartShaker(1000)
2025/10/07 12:03:33.4 Temp: 2025/10/07 12:03:33, 30.0000
2025/10/07 12:03:33.4 Old State:6-ENGN_StateRunning_StartNewStep New State:ENGN_StateRunning_WaitGoingToSample
2025/10/07 12:03:33.4 Sample96_Q(0, 0, 0)
2025/10/07 12:03:33.5 GMC_SetPosZ
2025/10/07 12:03:33.5 
2025/10/07 12:03:33.5 START SCAN: 
2025/10/07 12:03:33.5    CycleTime (ms)    = 200
2025/10/07 12:03:33.5    CycleCount        = 100
2025/10/07 12:03:33.5    ScansToAverage    = 20
2025/10/07 12:03:33.5    FinishTime (s)    = 20
2025/10/07 12:03:33.5    Temperature       = 30.0
2025/10/07 12:03:33.5    Lamp Power        = 36
2025/10/07 12:03:33.5    Spec PCB temps    = 40.1, 40.7, 40.8, 40.7, 40.8, 40.9, 39.0, 39.8
2025/10/07 12:03:33.5 
2025/10/07 12:03:33.6 Old State:12-ENGN_StateRunning_WaitGoingToSample New State:ENGN_StateRunning_GoingToSample
2025/10/07 12:03:35.6 GMC_ServoHere
2025/10/07 12:03:35.8 GMC_SetPosXY
2025/10/07 12:03:36.2 GMC_SetPosZ
2025/10/07 12:03:38.3 Old State:13-ENGN_StateRunning_GoingToSample New State:ENGN_StateRunning_GoingToSampleComplete
2025/10/07 12:03:38.4 Old State:14-cycle=1, Elapsed Time:    0.0,  Ideal Time:    0.0,  Delay time =   0.00  New State:ENGN_StateRunning_WaitSampling
2025/10/07 12:03:38.4 Step started at: 12:03:33
2025/10/07 12:03:38.4 XYZ movement time  = 4829 ms + Scan start delay = 4790 ms
2025/10/07 12:03:38.5 Old State:15-ENGN_StateRunning_WaitSampling New State:ENGN_StateRunning_Sampling
2025/10/07 12:03:58.2 
2025/10/07 12:03:58.2 STOP SCAN: 
2025/10/07 12:03:58.2    CycleTime (ms)    = 200
2025/10/07 12:03:58.2    CurrentCycle      = 100
2025/10/07 12:03:58.2    RunTime (ms)      = 19955
2025/10/07 12:03:58.2    AverageCycle (ms) = 199.6
2025/10/07 12:03:58.2    Temperature       = 30.0
2025/10/07 12:03:58.2    DATA OVERRUN %    = 0.00
2025/10/07 12:03:58.2    Spec PCB temps    = 40.1, 40.7, 40.8, 40.7, 40.8, 40.9, 38.9, 39.8
2025/10/07 12:03:58.2 
2025/10/07 12:03:58.2 Old State:16-cycle=100, Elapsed Time:   20.0,  Ideal Time:   19.8,  Delay time =   0.04  New State:ENGN_StateRunning_SamplingComplete
2025/10/07 12:03:58.4 Old State:18-ENGN_StateRunning_SamplingComplete New State:ENGN_StateRunning_WaitNewStep
2025/10/07 12:03:58.5 Old State:5-ENGN_StateRunning_WaitNewStep New State:ENGN_StateRunning_StartNewStep
2025/10/07 12:03:58.5 StartShaker(1000)
2025/10/07 12:03:58.8 Temp: 2025/10/07 12:03:58, 30.0000
2025/10/07 12:03:58.8 Old State:6-ENGN_StateRunning_StartNewStep New State:ENGN_StateRunning_WaitGoingToSample
2025/10/07 12:03:58.8 Sample96_Q(0, 0, 1)
2025/10/07 12:03:58.9 GMC_SetPosZ
2025/10/07 12:03:58.9 
2025/10/07 12:03:58.9 START SCAN: 
2025/10/07 12:03:58.9    CycleTime (ms)    = 200
2025/10/07 12:03:58.9    CycleCount        = 100
2025/10/07 12:03:58.9    ScansToAverage    = 20
2025/10/07 12:03:58.9    FinishTime (s)    = 20
2025/10/07 12:03:58.9    Temperature       = 30.0
2025/10/07 12:03:58.9    Lamp Power        = 36
2025/10/07 12:03:58.9    Spec PCB temps    = 40.1, 40.7, 40.8, 40.7, 40.8, 40.9, 39.0, 39.8
2025/10/07 12:03:58.9 
2025/10/07 12:03:59.0 Old State:12-ENGN_StateRunning_WaitGoingToSample New State:ENGN_StateRunning_GoingToSample
2025/10/07 12:04:00.9 GMC_ServoHere
2025/10/07 12:04:01.0 GMC_SetPosXY
2025/10/07 12:04:01.4 GMC_SetPosZ
2025/10/07 12:04:03.7 Old State:13-ENGN_StateRunning_GoingToSample New State:ENGN_StateRunning_GoingToSampleComplete
2025/10/07 12:04:03.8 Old State:14-cycle=1, Elapsed Time:    0.0,  Ideal Time:    0.0,  Delay time =   0.00  New State:ENGN_StateRunning_WaitSampling
2025/10/07 12:04:03.8 Step started at: 12:03:58
2025/10/07 12:04:03.8 XYZ movement time  = 4750 ms + Scan start delay = 4757 ms
2025/10/07 12:04:03.9 Old State:15-ENGN_StateRunning_WaitSampling New State:ENGN_StateRunning_Sampling
2025/10/07 12:04:23.6 
2025/10/07 12:04:23.6 STOP SCAN: 
2025/10/07 12:04:23.6    CycleTime (ms)    = 200
2025/10/07 12:04:23.6    CurrentCycle      = 100
2025/10/07 12:04:23.6    RunTime (ms)      = 19980
2025/10/07 12:04:23.6    AverageCycle (ms) = 199.8
2025/10/07 12:04:23.6    Temperature       = 30.0
2025/10/07 12:04:23.6    DATA OVERRUN %    = 0.00
2025/10/07 12:04:23.6    Spec PCB temps    = 40.1, 40.7, 40.8, 40.7, 40.8, 40.9, 39.0, 39.9
2025/10/07 12:04:23.6 
2025/10/07 12:04:23.7 Old State:16-cycle=100, Elapsed Time:   20.0,  Ideal Time:   19.8,  Delay time =   0.04  New State:ENGN_StateRunning_SamplingComplete
2025/10/07 12:04:23.9 Old State:18-ENGN_StateRunning_SamplingComplete New State:ENGN_StateRunning_WaitNewStep
2025/10/07 12:04:24.2 Old State:5-ENGN_StateRunning_WaitNewStep New State:ENGN_StateRunning_StartNewStep
2025/10/07 12:04:24.2 StartShaker(1000)
2025/10/07 12:04:24.5 Old State:6-ENGN_StateRunning_StartNewStep New State:ENGN_StateRunning_WaitGoingToSample
2025/10/07 12:04:24.5 Sample96_Q(0, 0, 0)
2025/10/07 12:04:24.5 Temp: 2025/10/07 12:04:24, 30.0000
2025/10/07 12:04:24.6 
2025/10/07 12:04:24.6 START SCAN: 
2025/10/07 12:04:24.6    CycleTime (ms)    = 200
2025/10/07 12:04:24.6    CycleCount        = 100
2025/10/07 12:04:24.6    ScansToAverage    = 20
2025/10/07 12:04:24.6    FinishTime (s)    = 20
2025/10/07 12:04:24.6    Temperature       = 30.0
2025/10/07 12:04:24.6    Lamp Power        = 36
2025/10/07 12:04:24.6    Spec PCB temps    = 40.1, 40.7, 40.8, 40.7, 40.8, 40.9, 39.0, 39.9
2025/10/07 12:04:24.6 
2025/10/07 12:04:24.7 GMC_SetPosZ
2025/10/07 12:04:24.7 Old State:12-ENGN_StateRunning_WaitGoingToSample New State:ENGN_StateRunning_GoingToSample
2025/10/07 12:04:26.9 GMC_ServoHere
2025/10/07 12:04:27.0 GMC_SetPosXY
2025/10/07 12:04:27.4 GMC_SetPosZ
2025/10/07 12:04:29.5 Old State:13-ENGN_StateRunning_GoingToSample New State:ENGN_StateRunning_GoingToSampleComplete
2025/10/07 12:04:29.6 Old State:14-cycle=1, Elapsed Time:    0.0,  Ideal Time:    0.0,  Delay time =   0.00  New State:ENGN_StateRunning_WaitSampling
2025/10/07 12:04:29.6 Step started at: 12:04:24
2025/10/07 12:04:29.6 XYZ movement time  = 4947 ms + Scan start delay = 4947 ms
2025/10/07 12:04:29.8 Old State:15-ENGN_StateRunning_WaitSampling New State:ENGN_StateRunning_Sampling
2025/10/07 12:04:49.4 
2025/10/07 12:04:49.4 STOP SCAN: 
2025/10/07 12:04:49.4    CycleTime (ms)    = 200
2025/10/07 12:04:49.4    CurrentCycle      = 100
2025/10/07 12:04:49.4    RunTime (ms)      = 19956
2025/10/07 12:04:49.4    AverageCycle (ms) = 199.6
2025/10/07 12:04:49.4    Temperature       = 30.0
2025/10/07 12:04:49.4    DATA OVERRUN %    = 0.00
2025/10/07 12:04:49.4    Spec PCB temps    = 40.1, 40.7, 40.8, 40.7, 40.8, 40.9, 39.0, 39.9
2025/10/07 12:04:49.4 
2025/10/07 12:04:49.6 Old State:16-cycle=100, Elapsed Time:   20.0,  Ideal Time:   19.8,  Delay time =   0.03  New State:ENGN_StateRunning_SamplingComplete
2025/10/07 12:04:49.7 Old State:18-ENGN_StateRunning_SamplingComplete New State:ENGN_StateRunning_WaitNewStep
2025/10/07 12:04:49.9 Old State:5-ENGN_StateRunning_WaitNewStep New State:ENGN_StateRunning_StartNewStep
2025/10/07 12:04:49.9 StartShaker(1000)
2025/10/07 12:04:50.3 Old State:6-ENGN_StateRunning_StartNewStep New State:ENGN_StateRunning_WaitGoingToSample
2025/10/07 12:04:50.3 Sample96_Q(0, 0, 2)
2025/10/07 12:04:50.3 Temp: 2025/10/07 12:04:50, 30.0000
2025/10/07 12:04:50.4 
2025/10/07 12:04:50.4 START SCAN: 
2025/10/07 12:04:50.4    CycleTime (ms)    = 200
2025/10/07 12:04:50.4    CycleCount        = 600
2025/10/07 12:04:50.4    ScansToAverage    = 20
2025/10/07 12:04:50.4    FinishTime (s)    = 120
2025/10/07 12:04:50.4    Temperature       = 30.0
2025/10/07 12:04:50.4    Lamp Power        = 36
2025/10/07 12:04:50.4    Spec PCB temps    = 40.1, 40.7, 40.8, 40.7, 40.8, 40.9, 39.0, 39.9
2025/10/07 12:04:50.4 
2025/10/07 12:04:50.4 GMC_SetPosZ
2025/10/07 12:04:50.4 Old State:12-ENGN_StateRunning_WaitGoingToSample New State:ENGN_StateRunning_GoingToSample
2025/10/07 12:04:52.4 GMC_ServoHere
2025/10/07 12:04:52.5 GMC_SetPosXY
2025/10/07 12:04:53.1 GMC_SetPosZ
2025/10/07 12:04:55.7 Old State:13-ENGN_StateRunning_GoingToSample New State:ENGN_StateRunning_GoingToSampleComplete
2025/10/07 12:04:55.8 Old State:14-cycle=1, Elapsed Time:    0.0,  Ideal Time:    0.0,  Delay time =   0.00  New State:ENGN_StateRunning_WaitSampling
2025/10/07 12:04:55.8 Step started at: 12:04:50
2025/10/07 12:04:55.8 XYZ movement time  = 5350 ms + Scan start delay = 5359 ms
2025/10/07 12:04:55.9 Old State:15-ENGN_StateRunning_WaitSampling New State:ENGN_StateRunning_Sampling
2025/10/07 12:05:50.3 Temp: 2025/10/07 12:05:50, 30.0000
2025/10/07 12:06:50.4 Temp: 2025/10/07 12:06:50, 30.0000
2025/10/07 12:06:55.6 
2025/10/07 12:06:55.6 STOP SCAN: 
2025/10/07 12:06:55.6    CycleTime (ms)    = 200
2025/10/07 12:06:55.6    CurrentCycle      = 600
2025/10/07 12:06:55.6    RunTime (ms)      = 119994
2025/10/07 12:06:55.6    AverageCycle (ms) = 200.0
2025/10/07 12:06:55.6    Temperature       = 30.0
2025/10/07 12:06:55.6    DATA OVERRUN %    = 0.00
2025/10/07 12:06:55.6    Spec PCB temps    = 40.2, 40.8, 40.9, 40.7, 40.8, 40.9, 39.1, 39.9
2025/10/07 12:06:55.6 
2025/10/07 12:06:55.7 Old State:16-cycle=600, Elapsed Time:  120.0,  Ideal Time:  119.8,  Delay time =   0.04  New State:ENGN_StateRunning_SamplingComplete
2025/10/07 12:06:55.8 Old State:18-ENGN_StateRunning_SamplingComplete New State:ENGN_StateRunning_WaitNewStep
2025/10/07 12:06:55.9 Old State:5-ENGN_StateRunning_WaitNewStep New State:ENGN_StateRunning_StartNewStep
2025/10/07 12:06:56.0 StartShaker(1000)
2025/10/07 12:06:56.2 Temp: 2025/10/07 12:06:56, 30.0000
2025/10/07 12:06:56.3 Old State:6-ENGN_StateRunning_StartNewStep New State:ENGN_StateRunning_WaitGoingToSample
2025/10/07 12:06:56.3 Sample96_Q(0, 0, 3)
2025/10/07 12:06:56.3 GMC_SetPosZ
2025/10/07 12:06:56.4 
2025/10/07 12:06:56.4 START SCAN: 
2025/10/07 12:06:56.4    CycleTime (ms)    = 200
2025/10/07 12:06:56.4    CycleCount        = 150
2025/10/07 12:06:56.4    ScansToAverage    = 20
2025/10/07 12:06:56.4    FinishTime (s)    = 30
2025/10/07 12:06:56.4    Temperature       = 30.0
2025/10/07 12:06:56.4    Lamp Power        = 36
2025/10/07 12:06:56.4    Spec PCB temps    = 40.2, 40.8, 40.9, 40.7, 40.9, 41.0, 39.0, 39.9
2025/10/07 12:06:56.4 
2025/10/07 12:06:56.5 Old State:12-ENGN_StateRunning_WaitGoingToSample New State:ENGN_StateRunning_GoingToSample
2025/10/07 12:06:58.9 GMC_ServoHere
2025/10/07 12:06:59.0 GMC_SetPosXY
2025/10/07 12:06:59.4 GMC_SetPosZ
2025/10/07 12:07:02.3 Old State:13-ENGN_StateRunning_GoingToSample New State:ENGN_StateRunning_GoingToSampleComplete
2025/10/07 12:07:02.4 Old State:14-cycle=1, Elapsed Time:    0.0,  Ideal Time:    0.0,  Delay time =   0.00  New State:ENGN_StateRunning_WaitSampling
2025/10/07 12:07:02.4 Step started at: 12:06:56
2025/10/07 12:07:02.4 XYZ movement time  = 5991 ms + Scan start delay = 5977 ms
2025/10/07 12:07:02.6 Old State:15-ENGN_StateRunning_WaitSampling New State:ENGN_StateRunning_Sampling
2025/10/07 12:07:32.2 
2025/10/07 12:07:32.2 STOP SCAN: 
2025/10/07 12:07:32.2    CycleTime (ms)    = 200
2025/10/07 12:07:32.2    CurrentCycle      = 150
2025/10/07 12:07:32.2    RunTime (ms)      = 29956
2025/10/07 12:07:32.2    AverageCycle (ms) = 199.7
2025/10/07 12:07:32.2    Temperature       = 30.0
2025/10/07 12:07:32.2    DATA OVERRUN %    = 0.00
2025/10/07 12:07:32.2    Spec PCB temps    = 40.2, 40.7, 40.9, 40.7, 40.9, 40.9, 39.1, 39.9
2025/10/07 12:07:32.2 
2025/10/07 12:07:32.4 Old State:16-cycle=150, Elapsed Time:   30.0,  Ideal Time:   29.8,  Delay time =   0.02  New State:ENGN_StateRunning_SamplingComplete
2025/10/07 12:07:32.5 Old State:18-ENGN_StateRunning_SamplingComplete New State:ENGN_StateRunning_WaitNewStep
2025/10/07 12:07:32.6 Old State:5-ENGN_StateRunning_WaitNewStep New State:ENGN_StateRunning_StartNewStep
2025/10/07 12:07:32.6 StartShaker(1000)
2025/10/07 12:07:32.9 Old State:6-ENGN_StateRunning_StartNewStep New State:ENGN_StateRunning_WaitGoingToSample
2025/10/07 12:07:32.9 Sample96_Q(0, 0, 4)
2025/10/07 12:07:32.9 Temp: 2025/10/07 12:07:32, 30.0000
2025/10/07 12:07:33.0 GMC_SetPosZ
2025/10/07 12:07:33.1 
2025/10/07 12:07:33.1 START SCAN: 
2025/10/07 12:07:33.1    CycleTime (ms)    = 200
2025/10/07 12:07:33.1    CycleCount        = 300
2025/10/07 12:07:33.1    ScansToAverage    = 20
2025/10/07 12:07:33.1    FinishTime (s)    = 60
2025/10/07 12:07:33.1    Temperature       = 30.0
2025/10/07 12:07:33.1    Lamp Power        = 36
2025/10/07 12:07:33.1    Spec PCB temps    = 40.2, 40.8, 40.9, 40.7, 40.9, 41.0, 39.0, 39.8
2025/10/07 12:07:33.1 
2025/10/07 12:07:33.1 Old State:12-ENGN_StateRunning_WaitGoingToSample New State:ENGN_StateRunning_GoingToSample
2025/10/07 12:07:35.9 GMC_ServoHere
2025/10/07 12:07:36.0 GMC_SetPosXY
2025/10/07 12:07:36.4 GMC_SetPosZ
2025/10/07 12:07:39.7 Old State:13-ENGN_StateRunning_GoingToSample New State:ENGN_StateRunning_GoingToSampleComplete
2025/10/07 12:07:39.8 Old State:14-cycle=1, Elapsed Time:    0.0,  Ideal Time:    0.0,  Delay time =   0.00  New State:ENGN_StateRunning_WaitSampling
2025/10/07 12:07:39.8 Step started at: 12:07:33
2025/10/07 12:07:39.8 XYZ movement time  = 6688 ms + Scan start delay = 6659 ms
2025/10/07 12:07:39.9 Old State:15-ENGN_StateRunning_WaitSampling New State:ENGN_StateRunning_Sampling
2025/10/07 12:08:33.0 Temp: 2025/10/07 12:08:33, 30.0000
2025/10/07 12:08:39.6 
2025/10/07 12:08:39.6 STOP SCAN: 
2025/10/07 12:08:39.6    CycleTime (ms)    = 200
2025/10/07 12:08:39.6    CurrentCycle      = 300
2025/10/07 12:08:39.6    RunTime (ms)      = 59992
2025/10/07 12:08:39.6    AverageCycle (ms) = 200.0
2025/10/07 12:08:39.6    Temperature       = 30.0
2025/10/07 12:08:39.6    DATA OVERRUN %    = 0.00
2025/10/07 12:08:39.6    Spec PCB temps    = 40.2, 40.7, 40.9, 40.7, 40.9, 41.0, 39.1, 39.9
2025/10/07 12:08:39.6 
2025/10/07 12:08:39.7 Old State:16-cycle=300, Elapsed Time:   60.0,  Ideal Time:   59.8,  Delay time =   0.04  New State:ENGN_StateRunning_SamplingComplete
2025/10/07 12:08:39.9 Old State:18-ENGN_StateRunning_SamplingComplete New State:ENGN_StateRunning_WaitNewStep
2025/10/07 12:08:40.3 Old State:5-ENGN_StateRunning_WaitNewStep New State:ENGN_StateRunning_StartNewStep
2025/10/07 12:08:40.3 StartShaker(1000)
2025/10/07 12:08:40.6 Temp: 2025/10/07 12:08:40, 30.0000
2025/10/07 12:08:40.6 Old State:6-ENGN_StateRunning_StartNewStep New State:ENGN_StateRunning_WaitGoingToSample
2025/10/07 12:08:40.6 Sample96_Q(0, 0, 5)
2025/10/07 12:08:40.7 GMC_SetPosZ
2025/10/07 12:08:40.7 
2025/10/07 12:08:40.7 START SCAN: 
2025/10/07 12:08:40.7    CycleTime (ms)    = 200
2025/10/07 12:08:40.7    CycleCount        = 100
2025/10/07 12:08:40.7    ScansToAverage    = 20
2025/10/07 12:08:40.7    FinishTime (s)    = 20
2025/10/07 12:08:40.7    Temperature       = 30.0
2025/10/07 12:08:40.7    Lamp Power        = 36
2025/10/07 12:08:40.7    Spec PCB temps    = 40.2, 40.8, 40.9, 40.7, 40.9, 41.0, 39.1, 39.9
2025/10/07 12:08:40.7 
2025/10/07 12:08:40.8 Old State:12-ENGN_StateRunning_WaitGoingToSample New State:ENGN_StateRunning_GoingToSample
2025/10/07 12:08:43.8 GMC_ServoHere
2025/10/07 12:08:44.0 GMC_SetPosXY
2025/10/07 12:08:44.4 GMC_SetPosZ
2025/10/07 12:08:47.9 Old State:13-ENGN_StateRunning_GoingToSample New State:ENGN_StateRunning_GoingToSampleComplete
2025/10/07 12:08:48.0 Old State:14-cycle=1, Elapsed Time:    0.0,  Ideal Time:    0.0,  Delay time =   0.00  New State:ENGN_StateRunning_WaitSampling
2025/10/07 12:08:48.0 Step started at: 12:08:40
2025/10/07 12:08:48.0 XYZ movement time  = 7155 ms + Scan start delay = 7109 ms
2025/10/07 12:08:48.1 Old State:15-ENGN_StateRunning_WaitSampling New State:ENGN_StateRunning_Sampling
2025/10/07 12:09:07.7 
2025/10/07 12:09:07.7 STOP SCAN: 
2025/10/07 12:09:07.7    CycleTime (ms)    = 200
2025/10/07 12:09:07.7    CurrentCycle      = 100
2025/10/07 12:09:07.7    RunTime (ms)      = 19964
2025/10/07 12:09:07.7    AverageCycle (ms) = 199.6
2025/10/07 12:09:07.7    Temperature       = 30.0
2025/10/07 12:09:07.7    DATA OVERRUN %    = 0.00
2025/10/07 12:09:07.7    Spec PCB temps    = 40.2, 40.8, 40.9, 40.7, 40.9, 40.9, 39.1, 39.9
2025/10/07 12:09:07.7 
2025/10/07 12:09:07.9 Old State:16-cycle=100, Elapsed Time:   20.0,  Ideal Time:   19.8,  Delay time =   0.04  New State:ENGN_StateRunning_SamplingComplete
2025/10/07 12:09:08.0 Old State:18-ENGN_StateRunning_SamplingComplete New State:ENGN_StateRunning_WaitNewStep
2025/10/07 12:09:08.4 Old State:5-ENGN_StateRunning_WaitNewStep New State:ENGN_StateRunning_StartNewStep
2025/10/07 12:09:08.4 StartShaker(1000)
2025/10/07 12:09:08.7 Temp: 2025/10/07 12:09:08, 30.0000
2025/10/07 12:09:08.8 Old State:6-ENGN_StateRunning_StartNewStep New State:ENGN_StateRunning_WaitGoingToSample
2025/10/07 12:09:08.8 Sample96_Q(0, 0, 6)
2025/10/07 12:09:08.8 GMC_SetPosZ
2025/10/07 12:09:08.9 
2025/10/07 12:09:08.9 START SCAN: 
2025/10/07 12:09:08.9    CycleTime (ms)    = 200
2025/10/07 12:09:08.9    CycleCount        = 600
2025/10/07 12:09:08.9    ScansToAverage    = 20
2025/10/07 12:09:08.9    FinishTime (s)    = 120
2025/10/07 12:09:08.9    Temperature       = 30.0
2025/10/07 12:09:08.9    Lamp Power        = 36
2025/10/07 12:09:08.9    Spec PCB temps    = 40.2, 40.7, 40.9, 40.7, 40.9, 41.0, 39.1, 39.9
2025/10/07 12:09:08.9 
2025/10/07 12:09:08.9 Old State:12-ENGN_StateRunning_WaitGoingToSample New State:ENGN_StateRunning_GoingToSample
2025/10/07 12:09:12.2 GMC_ServoHere
2025/10/07 12:09:12.3 GMC_SetPosXY
2025/10/07 12:09:12.7 GMC_SetPosZ
2025/10/07 12:09:16.5 Old State:13-ENGN_StateRunning_GoingToSample New State:ENGN_StateRunning_GoingToSampleComplete
2025/10/07 12:09:16.6 Old State:14-cycle=1, Elapsed Time:    0.0,  Ideal Time:    0.0,  Delay time =   0.00  New State:ENGN_StateRunning_WaitSampling
2025/10/07 12:09:16.6 Step started at: 12:09:08
2025/10/07 12:09:16.6 XYZ movement time  = 7645 ms + Scan start delay = 7616 ms
2025/10/07 12:09:16.7 Old State:15-ENGN_StateRunning_WaitSampling New State:ENGN_StateRunning_Sampling
2025/10/07 12:10:08.7 Temp: 2025/10/07 12:10:08, 30.0000
2025/10/07 12:11:08.8 Temp: 2025/10/07 12:11:08, 30.0000
2025/10/07 12:11:16.4 
2025/10/07 12:11:16.4 STOP SCAN: 
2025/10/07 12:11:16.4    CycleTime (ms)    = 200
2025/10/07 12:11:16.4    CurrentCycle      = 600
2025/10/07 12:11:16.4    RunTime (ms)      = 119960
2025/10/07 12:11:16.4    AverageCycle (ms) = 199.9
2025/10/07 12:11:16.4    Temperature       = 30.0
2025/10/07 12:11:16.4    DATA OVERRUN %    = 0.00
2025/10/07 12:11:16.4    Spec PCB temps    = 40.2, 40.8, 40.9, 40.7, 40.9, 41.0, 39.1, 39.9
2025/10/07 12:11:16.4 
2025/10/07 12:11:16.5 Old State:16-cycle=600, Elapsed Time:  120.0,  Ideal Time:  119.8,  Delay time =   0.02  New State:ENGN_StateRunning_SamplingComplete
2025/10/07 12:11:16.6 Old State:18-ENGN_StateRunning_SamplingComplete New State:ENGN_StateRunning_WaitEjecting
2025/10/07 12:11:16.6 EJECT: To Tray, position=7,0
2025/10/07 12:11:16.7    EjectOffset = 10.0
2025/10/07 12:11:16.7 GMC_SetPosZ
2025/10/07 12:11:16.8 Old State:19-ENGN_StateRunning_WaitEjecting New State:ENGN_StateRunning_Ejecting
2025/10/07 12:11:20.4 GMC_ServoHere
2025/10/07 12:11:20.6 GMC_SetPosXY
2025/10/07 12:11:22.7 GMC_SetPosZ
2025/10/07 12:11:26.9 GMC_Eject
2025/10/07 12:11:26.9 EJECTOR: Eject
2025/10/07 12:11:35.6 GMC_HomeZ
2025/10/07 12:11:41.1 GMC_SetPosZ
2025/10/07 12:11:41.4 GMC_ServoHere
2025/10/07 12:11:41.6 GMC_SetPosZ
2025/10/07 12:11:41.8 GMC_ServoHere
2025/10/07 12:11:41.9 GMC_SetPosXY
2025/10/07 12:11:44.1 GMC_SetPosZ
2025/10/07 12:11:44.4 Old State:20-ENGN_StateRunning_Ejecting New State:ENGN_StateRunning_EjectingComplete
2025/10/07 12:11:44.5 Old State:21-ENGN_StateRunning_EjectingComplete New State:ENGN_StateRunning_WaitNewStep
2025/10/07 12:11:44.9 Old State:5-ENGN_StateRunning_WaitNewStep New State:ENGN_StateRunning_StartNewStep
2025/10/07 12:11:45.0 Old State:6-ENGN_StateRunning_StartNewStep New State:ENGN_StateRunning_WaitPickingSensors
2025/10/07 12:11:45.0 Pick(0, 8)
2025/10/07 12:11:45.1 GMC_SetPosZ
2025/10/07 12:11:45.2 Old State:7-ENGN_StateRunning_WaitPickingSensors New State:ENGN_StateRunning_PickingSensors
2025/10/07 12:11:45.2 Temp: 2025/10/07 12:11:45, 30.0000
2025/10/07 12:11:45.2 GMC_ServoHere
2025/10/07 12:11:45.4 GMC_SetPosXY
2025/10/07 12:11:47.5 GMC_SetPosZ
2025/10/07 12:11:53.0 GMC_SetPosZ
2025/10/07 12:11:53.5 Old State:8-ENGN_StateRunning_PickingSensors New State:ENGN_StateRunning_CheckingSensors
2025/10/07 12:11:53.7 
2025/10/07 12:11:53.7 Detect Sensors
2025/10/07 12:11:53.7 ==============
2025/10/07 12:11:53.7 1	YES		6.6	5471.8
2025/10/07 12:11:53.7 2	YES		6.2	5346.0
2025/10/07 12:11:53.7 3	YES		6.2	7292.8
2025/10/07 12:11:53.7 4	YES		6.2	6580.8
2025/10/07 12:11:53.7 5	YES		5.8	5278.8
2025/10/07 12:11:53.7 6	YES		6.8	5596.2
2025/10/07 12:11:53.7 7	YES		6.1	6613.0
2025/10/07 12:11:53.7 8	YES		6.6	6921.0
2025/10/07 12:11:53.7 
2025/10/07 12:11:53.8 CH1: Correction Factor = 2.53648
2025/10/07 12:11:53.8 CH2: Correction Factor = 2.57698
2025/10/07 12:11:53.8 CH3: Correction Factor = 1.98461
2025/10/07 12:11:53.8 CH4: Correction Factor = 2.10311
2025/10/07 12:11:53.8 CH5: Correction Factor = 2.70253
2025/10/07 12:11:53.8 CH6: Correction Factor = 2.7093
2025/10/07 12:11:53.8 CH7: Correction Factor = 2.22202
2025/10/07 12:11:53.8 CH8: Correction Factor = 2.09048
2025/10/07 12:11:53.8 DFIO: Start writing C:\ForteBio\John\20251007 205X1 ASYM assay\251007_001.frd
2025/10/07 12:11:53.8 DFIO: Finished writing C:\ForteBio\John\20251007 205X1 ASYM assay\251007_001.frd
2025/10/07 12:11:53.8 DFIO: Start writing C:\ForteBio\John\20251007 205X1 ASYM assay\251007_002.frd
2025/10/07 12:11:53.9 DFIO: Finished writing C:\ForteBio\John\20251007 205X1 ASYM assay\251007_002.frd
2025/10/07 12:11:53.9 DFIO: Start writing C:\ForteBio\John\20251007 205X1 ASYM assay\251007_003.frd
2025/10/07 12:11:53.9 DFIO: Finished writing C:\ForteBio\John\20251007 205X1 ASYM assay\251007_003.frd
2025/10/07 12:11:53.9 DFIO: Start writing C:\ForteBio\John\20251007 205X1 ASYM assay\251007_004.frd
2025/10/07 12:11:53.9 DFIO: Finished writing C:\ForteBio\John\20251007 205X1 ASYM assay\251007_004.frd
2025/10/07 12:11:53.9 DFIO: Start writing C:\ForteBio\John\20251007 205X1 ASYM assay\251007_005.frd
2025/10/07 12:11:53.9 DFIO: Finished writing C:\ForteBio\John\20251007 205X1 ASYM assay\251007_005.frd
2025/10/07 12:11:53.9 DFIO: Start writing C:\ForteBio\John\20251007 205X1 ASYM assay\251007_006.frd
2025/10/07 12:11:53.9 DFIO: Finished writing C:\ForteBio\John\20251007 205X1 ASYM assay\251007_006.frd
2025/10/07 12:11:53.9 DFIO: Start writing C:\ForteBio\John\20251007 205X1 ASYM assay\251007_007.frd
2025/10/07 12:11:53.9 DFIO: Finished writing C:\ForteBio\John\20251007 205X1 ASYM assay\251007_007.frd
2025/10/07 12:11:53.9 DFIO: Start writing C:\ForteBio\John\20251007 205X1 ASYM assay\251007_008.frd
2025/10/07 12:11:53.9 DFIO: Finished writing C:\ForteBio\John\20251007 205X1 ASYM assay\251007_008.frd
2025/10/07 12:11:53.9 DFIO: Finished writing C:\ForteBio\John\20251007 205X1 ASYM assay\251007_Manifest.fmx
2025/10/07 12:11:54.0 CH1: Correction Factor = 1.07635
2025/10/07 12:11:54.0 CH2: Correction Factor = 1.07986
2025/10/07 12:11:54.0 CH3: Correction Factor = 1.06376
2025/10/07 12:11:54.0 CH4: Correction Factor = 1.06678
2025/10/07 12:11:54.0 CH5: Correction Factor = 1.07397
2025/10/07 12:11:54.0 CH6: Correction Factor = 1.10138
2025/10/07 12:11:54.0 CH7: Correction Factor = 1.06769
2025/10/07 12:11:54.0 CH8: Correction Factor = 1.06057
2025/10/07 12:11:54.1 CH1: Correction Factor = 1.01052
2025/10/07 12:11:54.1 CH2: Correction Factor = 1.01218
2025/10/07 12:11:54.1 CH3: Correction Factor = 1.00968
2025/10/07 12:11:54.1 CH4: Correction Factor = 1.01161
2025/10/07 12:11:54.1 CH5: Correction Factor = 1.01231
2025/10/07 12:11:54.1 CH6: Correction Factor = 0.995359
2025/10/07 12:11:54.1 CH7: Correction Factor = 1.00875
2025/10/07 12:11:54.1 CH8: Correction Factor = 1.01266
2025/10/07 12:11:54.3 CH1: Correction Factor = 1.00087
2025/10/07 12:11:54.3 CH2: Correction Factor = 0.999485
2025/10/07 12:11:54.3 CH3: Correction Factor = 0.998921
2025/10/07 12:11:54.3 CH4: Correction Factor = 0.997523
2025/10/07 12:11:54.3 CH5: Correction Factor = 1.00025
2025/10/07 12:11:54.3 CH6: Correction Factor = 0.994124
2025/10/07 12:11:54.3 CH7: Correction Factor = 1.00188
2025/10/07 12:11:54.3 CH8: Correction Factor = 0.998663
2025/10/07 12:11:54.5 CH1: Correction Factor = 0.997834
2025/10/07 12:11:54.5 CH2: Correction Factor = 0.999615
2025/10/07 12:11:54.5 CH3: Correction Factor = 1.00286
2025/10/07 12:11:54.5 CH4: Correction Factor = 1.00136
2025/10/07 12:11:54.5 CH5: Correction Factor = 1.00038
2025/10/07 12:11:54.5 CH6: Correction Factor = 1.00007
2025/10/07 12:11:54.5 CH7: Correction Factor = 1.00153
2025/10/07 12:11:54.5 CH8: Correction Factor = 0.998815
2025/10/07 12:11:54.6 CH1: Correction Factor = 1.00081
2025/10/07 12:11:54.6 CH2: Correction Factor = 0.999365
2025/10/07 12:11:54.6 CH3: Correction Factor = 0.998728
2025/10/07 12:11:54.6 CH4: Correction Factor = 1.00115
2025/10/07 12:11:54.6 CH5: Correction Factor = 0.997316
2025/10/07 12:11:54.6 CH6: Correction Factor = 1.00023
2025/10/07 12:11:54.6 CH7: Correction Factor = 0.99776
2025/10/07 12:11:54.7 CH8: Correction Factor = 0.998695
2025/10/07 12:11:54.7 Sensor 1: Integration Time = 2.76 ms
2025/10/07 12:11:54.7 Sensor 2: Integration Time = 2.81 ms
2025/10/07 12:11:54.7 Sensor 3: Integration Time = 2.13 ms
2025/10/07 12:11:54.7 Sensor 4: Integration Time = 2.27 ms
2025/10/07 12:11:54.7 Sensor 5: Integration Time = 2.93 ms
2025/10/07 12:11:54.7 Sensor 6: Integration Time = 2.95 ms
2025/10/07 12:11:54.7 Sensor 7: Integration Time = 2.40 ms
2025/10/07 12:11:54.7 Sensor 8: Integration Time = 2.24 ms
2025/10/07 12:11:54.7 WaitControllerIdle(30000)
2025/10/07 12:11:54.7 GMC_HomeZ
2025/10/07 12:12:01.3 GMC_SetPosZ
2025/10/07 12:12:01.6 GMC_ServoHere
2025/10/07 12:12:01.9 Old State:9-ENGN_StateRunning_CheckingSensors New State:ENGN_StateRunning_PickingSensorsComplete
2025/10/07 12:12:01.9 StartShaker(1000)
2025/10/07 12:12:01.9 Integration Time: 2.76,2.81,2.13,2.27,2.93,2.95,2.40,2.24,
2025/10/07 12:12:02.0 Plate 1 temperature = 30 C
2025/10/07 12:12:02.0 Pickups: 3017, Warn: 90, Error: 100
2025/10/07 12:12:02.3 Old State:10-ENGN_StateRunning_PickingSensorsComplete New State:ENGN_StateRunning_WaitGoingToSample
2025/10/07 12:12:02.3 Sample96_Q(0, 0, 0)
2025/10/07 12:12:02.4 
2025/10/07 12:12:02.4 START SCAN: 
2025/10/07 12:12:02.4    CycleTime (ms)    = 200
2025/10/07 12:12:02.4    CycleCount        = 900
2025/10/07 12:12:02.4    ScansToAverage    = 20
2025/10/07 12:12:02.4    FinishTime (s)    = 180
2025/10/07 12:12:02.4    Temperature       = 30.0
2025/10/07 12:12:02.4    Lamp Power        = 36
2025/10/07 12:12:02.4    Spec PCB temps    = 40.2, 40.8, 40.9, 40.7, 40.9, 41.0, 39.1, 39.9
2025/10/07 12:12:02.4 
2025/10/07 12:12:02.4 GMC_SetPosZ
2025/10/07 12:12:02.5 Old State:12-ENGN_StateRunning_WaitGoingToSample New State:ENGN_StateRunning_GoingToSample
2025/10/07 12:12:02.6 GMC_ServoHere
2025/10/07 12:12:02.7 GMC_SetPosXY
2025/10/07 12:12:04.9 GMC_SetPosZ
2025/10/07 12:12:07.1 Old State:13-cycle=1, Elapsed Time:    0.0,  Ideal Time:    0.0,  Delay time =   0.00  New State:ENGN_StateRunning_GoingToSampleComplete
2025/10/07 12:12:07.2 Old State:14-ENGN_StateRunning_GoingToSampleComplete New State:ENGN_StateRunning_WaitSampling
2025/10/07 12:12:07.2 Step started at: 12:12:02
2025/10/07 12:12:07.2 XYZ movement time  = 4781 ms + Scan start delay = 4723 ms
2025/10/07 12:12:07.3 Old State:15-ENGN_StateRunning_WaitSampling New State:ENGN_StateRunning_Sampling
2025/10/07 12:12:45.2 Temp: 2025/10/07 12:12:45, 30.0000
2025/10/07 12:13:45.3 Temp: 2025/10/07 12:13:45, 30.0000
2025/10/07 12:14:45.3 Temp: 2025/10/07 12:14:45, 30.0000
2025/10/07 12:15:06.9 
2025/10/07 12:15:06.9 STOP SCAN: 
2025/10/07 12:15:06.9    CycleTime (ms)    = 200
2025/10/07 12:15:06.9    CurrentCycle      = 900
2025/10/07 12:15:06.9    RunTime (ms)      = 179953
2025/10/07 12:15:06.9    AverageCycle (ms) = 199.9
2025/10/07 12:15:06.9    Temperature       = 30.0
2025/10/07 12:15:06.9    DATA OVERRUN %    = 0.00
2025/10/07 12:15:06.9    Spec PCB temps    = 40.3, 40.9, 40.9, 40.7, 40.9, 41.0, 39.1, 39.9
2025/10/07 12:15:06.9 
2025/10/07 12:15:07.0 Old State:16-cycle=900, Elapsed Time:  180.0,  Ideal Time:  179.8,  Delay time =   0.02  New State:ENGN_StateRunning_SamplingComplete
2025/10/07 12:15:07.2 Old State:18-ENGN_StateRunning_SamplingComplete New State:ENGN_StateRunning_WaitNewStep
2025/10/07 12:15:07.4 Old State:5-ENGN_StateRunning_WaitNewStep New State:ENGN_StateRunning_StartNewStep
2025/10/07 12:15:07.4 StartShaker(1000)
2025/10/07 12:15:07.7 Temp: 2025/10/07 12:15:07, 30.0000
2025/10/07 12:15:07.7 Old State:6-ENGN_StateRunning_StartNewStep New State:ENGN_StateRunning_WaitGoingToSample
2025/10/07 12:15:07.7 Sample96_Q(0, 0, 1)
2025/10/07 12:15:07.8 
2025/10/07 12:15:07.8 START SCAN: 
2025/10/07 12:15:07.8    CycleTime (ms)    = 200
2025/10/07 12:15:07.8    CycleCount        = 100
2025/10/07 12:15:07.8    ScansToAverage    = 20
2025/10/07 12:15:07.8    FinishTime (s)    = 20
2025/10/07 12:15:07.8    Temperature       = 30.0
2025/10/07 12:15:07.8    Lamp Power        = 36
2025/10/07 12:15:07.8    Spec PCB temps    = 40.3, 40.8, 41.0, 40.7, 40.9, 41.0, 39.1, 39.9
2025/10/07 12:15:07.8 
2025/10/07 12:15:07.8 GMC_SetPosZ
2025/10/07 12:15:07.9 Old State:12-ENGN_StateRunning_WaitGoingToSample New State:ENGN_StateRunning_GoingToSample
2025/10/07 12:15:09.8 GMC_ServoHere
2025/10/07 12:15:10.0 GMC_SetPosXY
2025/10/07 12:15:10.4 GMC_SetPosZ
2025/10/07 12:15:12.7 Old State:13-ENGN_StateRunning_GoingToSample New State:ENGN_StateRunning_GoingToSampleComplete
2025/10/07 12:15:12.8 Old State:14-cycle=1, Elapsed Time:    0.0,  Ideal Time:    0.0,  Delay time =   0.00  New State:ENGN_StateRunning_WaitSampling
2025/10/07 12:15:12.8 Step started at: 12:15:07
2025/10/07 12:15:12.8 XYZ movement time  = 4895 ms + Scan start delay = 4852 ms
2025/10/07 12:15:12.9 Old State:15-ENGN_StateRunning_WaitSampling New State:ENGN_StateRunning_Sampling
2025/10/07 12:15:32.5 
2025/10/07 12:15:32.5 STOP SCAN: 
2025/10/07 12:15:32.5    CycleTime (ms)    = 200
2025/10/07 12:15:32.5    CurrentCycle      = 100
2025/10/07 12:15:32.5    RunTime (ms)      = 19955
2025/10/07 12:15:32.5    AverageCycle (ms) = 199.6
2025/10/07 12:15:32.5    Temperature       = 30.0
2025/10/07 12:15:32.5    DATA OVERRUN %    = 0.00
2025/10/07 12:15:32.5    Spec PCB temps    = 40.3, 40.8, 40.9, 40.7, 40.9, 41.0, 39.1, 39.9
2025/10/07 12:15:32.5 
2025/10/07 12:15:32.7 Old State:16-cycle=100, Elapsed Time:   20.0,  Ideal Time:   19.8,  Delay time =   0.04  New State:ENGN_StateRunning_SamplingComplete
2025/10/07 12:15:32.8 Old State:18-ENGN_StateRunning_SamplingComplete New State:ENGN_StateRunning_WaitNewStep
2025/10/07 12:15:33.1 Old State:5-ENGN_StateRunning_WaitNewStep New State:ENGN_StateRunning_StartNewStep
2025/10/07 12:15:33.1 StartShaker(1000)
2025/10/07 12:15:33.4 Temp: 2025/10/07 12:15:33, 30.0000
2025/10/07 12:15:33.5 Old State:6-ENGN_StateRunning_StartNewStep New State:ENGN_StateRunning_WaitGoingToSample
2025/10/07 12:15:33.5 Sample96_Q(0, 0, 0)
2025/10/07 12:15:33.5 
2025/10/07 12:15:33.5 START SCAN: 
2025/10/07 12:15:33.5    CycleTime (ms)    = 200
2025/10/07 12:15:33.5    CycleCount        = 100
2025/10/07 12:15:33.5    ScansToAverage    = 20
2025/10/07 12:15:33.5    FinishTime (s)    = 20
2025/10/07 12:15:33.5    Temperature       = 30.0
2025/10/07 12:15:33.5    Lamp Power        = 36
2025/10/07 12:15:33.5    Spec PCB temps    = 40.3, 40.8, 40.9, 40.7, 40.9, 41.0, 39.1, 39.9
2025/10/07 12:15:33.5 
2025/10/07 12:15:33.6 GMC_SetPosZ
2025/10/07 12:15:33.6 Old State:12-ENGN_StateRunning_WaitGoingToSample New State:ENGN_StateRunning_GoingToSample
2025/10/07 12:15:35.8 GMC_ServoHere
2025/10/07 12:15:36.0 GMC_SetPosXY
2025/10/07 12:15:36.3 GMC_SetPosZ
2025/10/07 12:15:38.5 Old State:13-ENGN_StateRunning_GoingToSample New State:ENGN_StateRunning_GoingToSampleComplete
2025/10/07 12:15:38.6 Old State:14-cycle=1, Elapsed Time:    0.0,  Ideal Time:    0.0,  Delay time =   0.00  New State:ENGN_StateRunning_WaitSampling
2025/10/07 12:15:38.6 Step started at: 12:15:33
2025/10/07 12:15:38.6 XYZ movement time  = 4936 ms + Scan start delay = 4893 ms
2025/10/07 12:15:38.7 Old State:15-ENGN_StateRunning_WaitSampling New State:ENGN_StateRunning_Sampling
2025/10/07 12:15:58.3 
2025/10/07 12:15:58.3 STOP SCAN: 
2025/10/07 12:15:58.3    CycleTime (ms)    = 200
2025/10/07 12:15:58.3    CurrentCycle      = 100
2025/10/07 12:15:58.3    RunTime (ms)      = 19956
2025/10/07 12:15:58.3    AverageCycle (ms) = 199.6
2025/10/07 12:15:58.3    Temperature       = 30.0
2025/10/07 12:15:58.3    DATA OVERRUN %    = 0.00
2025/10/07 12:15:58.3    Spec PCB temps    = 40.3, 40.8, 40.9, 40.7, 40.9, 41.0, 39.1, 39.9
2025/10/07 12:15:58.3 
2025/10/07 12:15:58.5 Old State:16-cycle=100, Elapsed Time:   20.0,  Ideal Time:   19.8,  Delay time =   0.01  New State:ENGN_StateRunning_SamplingComplete
2025/10/07 12:15:58.6 Old State:18-ENGN_StateRunning_SamplingComplete New State:ENGN_StateRunning_WaitNewStep
2025/10/07 12:15:58.8 Old State:5-ENGN_StateRunning_WaitNewStep New State:ENGN_StateRunning_StartNewStep
2025/10/07 12:15:58.8 StartShaker(1000)
2025/10/07 12:15:59.1 Temp: 2025/10/07 12:15:59, 30.0000
2025/10/07 12:15:59.2 Old State:6-ENGN_StateRunning_StartNewStep New State:ENGN_StateRunning_WaitGoingToSample
2025/10/07 12:15:59.2 Sample96_Q(0, 0, 1)
2025/10/07 12:15:59.2 GMC_SetPosZ
2025/10/07 12:15:59.2 
2025/10/07 12:15:59.2 START SCAN: 
2025/10/07 12:15:59.2    CycleTime (ms)    = 200
2025/10/07 12:15:59.2    CycleCount        = 100
2025/10/07 12:15:59.2    ScansToAverage    = 20
2025/10/07 12:15:59.2    FinishTime (s)    = 20
2025/10/07 12:15:59.2    Temperature       = 30.0
2025/10/07 12:15:59.2    Lamp Power        = 36
2025/10/07 12:15:59.2    Spec PCB temps    = 40.3, 40.8, 40.9, 40.7, 40.9, 41.0, 39.1, 39.9
2025/10/07 12:15:59.2 
2025/10/07 12:15:59.3 Old State:12-ENGN_StateRunning_WaitGoingToSample New State:ENGN_StateRunning_GoingToSample
2025/10/07 12:16:01.2 GMC_ServoHere
2025/10/07 12:16:01.4 GMC_SetPosXY
2025/10/07 12:16:01.8 GMC_SetPosZ
2025/10/07 12:16:04.1 Old State:13-ENGN_StateRunning_GoingToSample New State:ENGN_StateRunning_GoingToSampleComplete
2025/10/07 12:16:04.2 Old State:14-cycle=1, Elapsed Time:    0.0,  Ideal Time:    0.0,  Delay time =   0.00  New State:ENGN_StateRunning_WaitSampling
2025/10/07 12:16:04.2 Step started at: 12:15:59
2025/10/07 12:16:04.2 XYZ movement time  = 4863 ms + Scan start delay = 4832 ms
2025/10/07 12:16:04.3 Old State:15-ENGN_StateRunning_WaitSampling New State:ENGN_StateRunning_Sampling
2025/10/07 12:16:23.9 
2025/10/07 12:16:23.9 STOP SCAN: 
2025/10/07 12:16:23.9    CycleTime (ms)    = 200
2025/10/07 12:16:23.9    CurrentCycle      = 100
2025/10/07 12:16:23.9    RunTime (ms)      = 19956
2025/10/07 12:16:23.9    AverageCycle (ms) = 199.6
2025/10/07 12:16:23.9    Temperature       = 30.0
2025/10/07 12:16:23.9    DATA OVERRUN %    = 0.00
2025/10/07 12:16:23.9    Spec PCB temps    = 40.3, 40.8, 40.9, 40.7, 40.9, 41.0, 39.1, 39.9
2025/10/07 12:16:23.9 
2025/10/07 12:16:24.1 Old State:16-cycle=100, Elapsed Time:   20.0,  Ideal Time:   19.8,  Delay time =   0.04  New State:ENGN_StateRunning_SamplingComplete
2025/10/07 12:16:24.2 Old State:18-ENGN_StateRunning_SamplingComplete New State:ENGN_StateRunning_WaitNewStep
2025/10/07 12:16:24.5 Old State:5-ENGN_StateRunning_WaitNewStep New State:ENGN_StateRunning_StartNewStep
2025/10/07 12:16:24.6 StartShaker(1000)
2025/10/07 12:16:24.9 Old State:6-ENGN_StateRunning_StartNewStep New State:ENGN_StateRunning_WaitGoingToSample
2025/10/07 12:16:24.9 Sample96_Q(0, 0, 0)
2025/10/07 12:16:24.9 Temp: 2025/10/07 12:16:24, 30.0000
2025/10/07 12:16:24.9 GMC_SetPosZ
2025/10/07 12:16:25.0 
2025/10/07 12:16:25.0 START SCAN: 
2025/10/07 12:16:25.0    CycleTime (ms)    = 200
2025/10/07 12:16:25.0    CycleCount        = 100
2025/10/07 12:16:25.0    ScansToAverage    = 20
2025/10/07 12:16:25.0    FinishTime (s)    = 20
2025/10/07 12:16:25.0    Temperature       = 30.0
2025/10/07 12:16:25.0    Lamp Power        = 36
2025/10/07 12:16:25.0    Spec PCB temps    = 40.3, 40.8, 40.9, 40.7, 40.9, 41.0, 39.1, 39.9
2025/10/07 12:16:25.0 
2025/10/07 12:16:25.1 Old State:12-ENGN_StateRunning_WaitGoingToSample New State:ENGN_StateRunning_GoingToSample
2025/10/07 12:16:27.1 GMC_ServoHere
2025/10/07 12:16:27.3 GMC_SetPosXY
2025/10/07 12:16:27.6 GMC_SetPosZ
2025/10/07 12:16:29.7 Old State:13-ENGN_StateRunning_GoingToSample New State:ENGN_StateRunning_GoingToSampleComplete
2025/10/07 12:16:29.8 Old State:14-cycle=1, Elapsed Time:    0.0,  Ideal Time:    0.0,  Delay time =   0.00  New State:ENGN_StateRunning_WaitSampling
2025/10/07 12:16:29.8 Step started at: 12:16:24
2025/10/07 12:16:29.8 XYZ movement time  = 4778 ms + Scan start delay = 4770 ms
2025/10/07 12:16:29.9 Old State:15-ENGN_StateRunning_WaitSampling New State:ENGN_StateRunning_Sampling
2025/10/07 12:16:49.6 
2025/10/07 12:16:49.6 STOP SCAN: 
2025/10/07 12:16:49.6    CycleTime (ms)    = 200
2025/10/07 12:16:49.6    CurrentCycle      = 100
2025/10/07 12:16:49.6    RunTime (ms)      = 19962
2025/10/07 12:16:49.6    AverageCycle (ms) = 199.6
2025/10/07 12:16:49.6    Temperature       = 30.0
2025/10/07 12:16:49.6    DATA OVERRUN %    = 0.00
2025/10/07 12:16:49.6    Spec PCB temps    = 40.3, 40.8, 41.0, 40.7, 40.9, 41.0, 39.1, 39.9
2025/10/07 12:16:49.6 
2025/10/07 12:16:49.8 Old State:16-cycle=100, Elapsed Time:   20.0,  Ideal Time:   19.8,  Delay time =   0.04  New State:ENGN_StateRunning_SamplingComplete
2025/10/07 12:16:49.9 Old State:18-ENGN_StateRunning_SamplingComplete New State:ENGN_StateRunning_WaitNewStep
2025/10/07 12:16:50.0 Old State:5-ENGN_StateRunning_WaitNewStep New State:ENGN_StateRunning_StartNewStep
2025/10/07 12:16:50.0 StartShaker(1000)
2025/10/07 12:16:50.3 Temp: 2025/10/07 12:16:50, 30.0000
2025/10/07 12:16:50.4 Old State:6-ENGN_StateRunning_StartNewStep New State:ENGN_StateRunning_WaitGoingToSample
2025/10/07 12:16:50.4 Sample96_Q(0, 0, 1)
2025/10/07 12:16:50.4 GMC_SetPosZ
2025/10/07 12:16:50.4 
2025/10/07 12:16:50.4 START SCAN: 
2025/10/07 12:16:50.4    CycleTime (ms)    = 200
2025/10/07 12:16:50.4    CycleCount        = 100
2025/10/07 12:16:50.4    ScansToAverage    = 20
2025/10/07 12:16:50.4    FinishTime (s)    = 20
2025/10/07 12:16:50.4    Temperature       = 30.0
2025/10/07 12:16:50.4    Lamp Power        = 36
2025/10/07 12:16:50.4    Spec PCB temps    = 40.3, 40.9, 40.9, 40.7, 40.9, 41.0, 39.1, 39.9
2025/10/07 12:16:50.4 
2025/10/07 12:16:50.5 Old State:12-ENGN_StateRunning_WaitGoingToSample New State:ENGN_StateRunning_GoingToSample
2025/10/07 12:16:52.4 GMC_ServoHere
2025/10/07 12:16:52.5 GMC_SetPosXY
2025/10/07 12:16:52.9 GMC_SetPosZ
2025/10/07 12:16:55.3 Old State:13-cycle=1, Elapsed Time:    0.0,  Ideal Time:    0.0,  Delay time =   0.00  New State:ENGN_StateRunning_GoingToSampleComplete
2025/10/07 12:16:55.4 Old State:14-ENGN_StateRunning_GoingToSampleComplete New State:ENGN_StateRunning_WaitSampling
2025/10/07 12:16:55.4 Step started at: 12:16:50
2025/10/07 12:16:55.4 XYZ movement time  = 4862 ms + Scan start delay = 4786 ms
2025/10/07 12:16:55.5 Old State:15-ENGN_StateRunning_WaitSampling New State:ENGN_StateRunning_Sampling
2025/10/07 12:17:15.1 
2025/10/07 12:17:15.1 STOP SCAN: 
2025/10/07 12:17:15.1    CycleTime (ms)    = 200
2025/10/07 12:17:15.1    CurrentCycle      = 100
2025/10/07 12:17:15.1    RunTime (ms)      = 19985
2025/10/07 12:17:15.1    AverageCycle (ms) = 199.8
2025/10/07 12:17:15.1    Temperature       = 30.0
2025/10/07 12:17:15.1    DATA OVERRUN %    = 0.00
2025/10/07 12:17:15.1    Spec PCB temps    = 40.3, 40.8, 41.0, 40.7, 41.0, 41.0, 39.1, 39.9
2025/10/07 12:17:15.1 
2025/10/07 12:17:15.3 Old State:16-cycle=100, Elapsed Time:   20.0,  Ideal Time:   19.8,  Delay time =   0.04  New State:ENGN_StateRunning_SamplingComplete
2025/10/07 12:17:15.4 Old State:18-ENGN_StateRunning_SamplingComplete New State:ENGN_StateRunning_WaitNewStep
2025/10/07 12:17:15.7 Old State:5-ENGN_StateRunning_WaitNewStep New State:ENGN_StateRunning_StartNewStep
2025/10/07 12:17:15.7 StartShaker(1000)
2025/10/07 12:17:16.0 Temp: 2025/10/07 12:17:16, 30.0000
2025/10/07 12:17:16.1 Old State:6-ENGN_StateRunning_StartNewStep New State:ENGN_StateRunning_WaitGoingToSample
2025/10/07 12:17:16.1 Sample96_Q(0, 0, 0)
2025/10/07 12:17:16.2 
2025/10/07 12:17:16.2 START SCAN: 
2025/10/07 12:17:16.2    CycleTime (ms)    = 200
2025/10/07 12:17:16.2    CycleCount        = 100
2025/10/07 12:17:16.2    ScansToAverage    = 20
2025/10/07 12:17:16.2    FinishTime (s)    = 20
2025/10/07 12:17:16.2    Temperature       = 30.0
2025/10/07 12:17:16.2    Lamp Power        = 36
2025/10/07 12:17:16.2    Spec PCB temps    = 40.3, 40.8, 40.9, 40.7, 40.9, 41.0, 39.1, 39.9
2025/10/07 12:17:16.2 
2025/10/07 12:17:16.2 GMC_SetPosZ
2025/10/07 12:17:16.2 Old State:12-ENGN_StateRunning_WaitGoingToSample New State:ENGN_StateRunning_GoingToSample
2025/10/07 12:17:18.4 GMC_ServoHere
2025/10/07 12:17:18.5 GMC_SetPosXY
2025/10/07 12:17:18.9 GMC_SetPosZ
2025/10/07 12:17:21.0 Old State:13-ENGN_StateRunning_GoingToSample New State:ENGN_StateRunning_GoingToSampleComplete
2025/10/07 12:17:21.1 Old State:14-cycle=1, Elapsed Time:    0.0,  Ideal Time:    0.0,  Delay time =   0.00  New State:ENGN_StateRunning_WaitSampling
2025/10/07 12:17:21.1 Step started at: 12:17:16
2025/10/07 12:17:21.1 XYZ movement time  = 4875 ms + Scan start delay = 4862 ms
2025/10/07 12:17:21.2 Old State:15-ENGN_StateRunning_WaitSampling New State:ENGN_StateRunning_Sampling
2025/10/07 12:17:40.9 
2025/10/07 12:17:40.9 STOP SCAN: 
2025/10/07 12:17:40.9    CycleTime (ms)    = 200
2025/10/07 12:17:40.9    CurrentCycle      = 100
2025/10/07 12:17:40.9    RunTime (ms)      = 19956
2025/10/07 12:17:40.9    AverageCycle (ms) = 199.6
2025/10/07 12:17:40.9    Temperature       = 30.0
2025/10/07 12:17:40.9    DATA OVERRUN %    = 0.00
2025/10/07 12:17:40.9    Spec PCB temps    = 40.3, 40.8, 40.9, 40.7, 40.9, 41.0, 39.1, 39.9
2025/10/07 12:17:40.9 
2025/10/07 12:17:41.0 Old State:16-cycle=100, Elapsed Time:   20.0,  Ideal Time:   19.8,  Delay time =   0.04  New State:ENGN_StateRunning_SamplingComplete
2025/10/07 12:17:41.2 Old State:18-ENGN_StateRunning_SamplingComplete New State:ENGN_StateRunning_WaitNewStep
2025/10/07 12:17:41.5 Old State:5-ENGN_StateRunning_WaitNewStep New State:ENGN_StateRunning_StartNewStep
2025/10/07 12:17:41.5 StartShaker(1000)
2025/10/07 12:17:41.8 Temp: 2025/10/07 12:17:41, 30.0000
2025/10/07 12:17:41.8 Old State:6-ENGN_StateRunning_StartNewStep New State:ENGN_StateRunning_WaitGoingToSample
2025/10/07 12:17:41.8 Sample96_Q(0, 0, 2)
2025/10/07 12:17:41.9 GMC_SetPosZ
2025/10/07 12:17:41.9 
2025/10/07 12:17:41.9 START SCAN: 
2025/10/07 12:17:41.9    CycleTime (ms)    = 200
2025/10/07 12:17:41.9    CycleCount        = 600
2025/10/07 12:17:41.9    ScansToAverage    = 20
2025/10/07 12:17:41.9    FinishTime (s)    = 120
2025/10/07 12:17:41.9    Temperature       = 30.0
2025/10/07 12:17:41.9    Lamp Power        = 36
2025/10/07 12:17:41.9    Spec PCB temps    = 40.3, 40.8, 40.9, 40.7, 40.9, 41.0, 39.1, 39.9
2025/10/07 12:17:41.9 
2025/10/07 12:17:42.0 Old State:12-ENGN_StateRunning_WaitGoingToSample New State:ENGN_StateRunning_GoingToSample
2025/10/07 12:17:43.9 GMC_ServoHere
2025/10/07 12:17:44.1 GMC_SetPosXY
2025/10/07 12:17:44.7 GMC_SetPosZ
2025/10/07 12:17:47.3 Old State:13-ENGN_StateRunning_GoingToSample New State:ENGN_StateRunning_GoingToSampleComplete
2025/10/07 12:17:47.4 Old State:14-cycle=1, Elapsed Time:    0.0,  Ideal Time:    0.0,  Delay time =   0.00  New State:ENGN_StateRunning_WaitSampling
2025/10/07 12:17:47.4 Step started at: 12:17:41
2025/10/07 12:17:47.4 XYZ movement time  = 5444 ms + Scan start delay = 5372 ms
2025/10/07 12:17:47.5 Old State:15-ENGN_StateRunning_WaitSampling New State:ENGN_StateRunning_Sampling
2025/10/07 12:18:41.8 Temp: 2025/10/07 12:18:41, 30.0000
2025/10/07 12:19:41.8 Temp: 2025/10/07 12:19:41, 30.0000
2025/10/07 12:19:47.2 
2025/10/07 12:19:47.2 STOP SCAN: 
2025/10/07 12:19:47.2    CycleTime (ms)    = 200
2025/10/07 12:19:47.2    CurrentCycle      = 600
2025/10/07 12:19:47.2    RunTime (ms)      = 119956
2025/10/07 12:19:47.2    AverageCycle (ms) = 199.9
2025/10/07 12:19:47.2    Temperature       = 30.0
2025/10/07 12:19:47.2    DATA OVERRUN %    = 0.00
2025/10/07 12:19:47.2    Spec PCB temps    = 40.3, 40.8, 40.9, 40.7, 40.9, 41.0, 39.1, 39.9
2025/10/07 12:19:47.2 
2025/10/07 12:19:47.3 Old State:16-cycle=600, Elapsed Time:  120.0,  Ideal Time:  119.8,  Delay time =   0.03  New State:ENGN_StateRunning_SamplingComplete
2025/10/07 12:19:47.4 Old State:18-ENGN_StateRunning_SamplingComplete New State:ENGN_StateRunning_WaitNewStep
2025/10/07 12:19:47.7 Old State:5-ENGN_StateRunning_WaitNewStep New State:ENGN_StateRunning_StartNewStep
2025/10/07 12:19:47.8 StartShaker(1000)
2025/10/07 12:19:48.1 Temp: 2025/10/07 12:19:48, 30.0000
2025/10/07 12:19:48.1 Old State:6-ENGN_StateRunning_StartNewStep New State:ENGN_StateRunning_WaitGoingToSample
2025/10/07 12:19:48.1 Sample96_Q(0, 0, 7)
2025/10/07 12:19:48.2 GMC_SetPosZ
2025/10/07 12:19:48.2 
2025/10/07 12:19:48.2 START SCAN: 
2025/10/07 12:19:48.2    CycleTime (ms)    = 200
2025/10/07 12:19:48.2    CycleCount        = 150
2025/10/07 12:19:48.2    ScansToAverage    = 20
2025/10/07 12:19:48.2    FinishTime (s)    = 30
2025/10/07 12:19:48.2    Temperature       = 30.0
2025/10/07 12:19:48.2    Lamp Power        = 36
2025/10/07 12:19:48.2    Spec PCB temps    = 40.3, 40.8, 41.0, 40.7, 40.9, 41.0, 39.2, 39.9
2025/10/07 12:19:48.2 
2025/10/07 12:19:48.3 Old State:12-ENGN_StateRunning_WaitGoingToSample New State:ENGN_StateRunning_GoingToSample
2025/10/07 12:19:50.7 GMC_ServoHere
2025/10/07 12:19:50.8 GMC_SetPosXY
2025/10/07 12:19:51.8 GMC_SetPosZ
2025/10/07 12:19:55.9 Old State:13-ENGN_StateRunning_GoingToSample New State:ENGN_StateRunning_GoingToSampleComplete
2025/10/07 12:19:56.0 Old State:14-cycle=1, Elapsed Time:    0.0,  Ideal Time:    0.0,  Delay time =   0.00  New State:ENGN_StateRunning_WaitSampling
2025/10/07 12:19:56.0 Step started at: 12:19:48
2025/10/07 12:19:56.0 XYZ movement time  = 7709 ms + Scan start delay = 7703 ms
2025/10/07 12:19:56.1 Old State:15-ENGN_StateRunning_WaitSampling New State:ENGN_StateRunning_Sampling
2025/10/07 12:20:25.8 
2025/10/07 12:20:25.8 STOP SCAN: 
2025/10/07 12:20:25.8    CycleTime (ms)    = 200
2025/10/07 12:20:25.8    CurrentCycle      = 150
2025/10/07 12:20:25.8    RunTime (ms)      = 29956
2025/10/07 12:20:25.8    AverageCycle (ms) = 199.7
2025/10/07 12:20:25.8    Temperature       = 30.0
2025/10/07 12:20:25.8    DATA OVERRUN %    = 0.00
2025/10/07 12:20:25.8    Spec PCB temps    = 40.3, 40.8, 41.0, 40.7, 40.9, 41.0, 39.1, 39.9
2025/10/07 12:20:25.8 
2025/10/07 12:20:25.9 Old State:16-cycle=150, Elapsed Time:   30.0,  Ideal Time:   29.8,  Delay time =   0.04  New State:ENGN_StateRunning_SamplingComplete
2025/10/07 12:20:26.0 Old State:18-ENGN_StateRunning_SamplingComplete New State:ENGN_StateRunning_WaitNewStep
2025/10/07 12:20:26.2 Old State:5-ENGN_StateRunning_WaitNewStep New State:ENGN_StateRunning_StartNewStep
2025/10/07 12:20:26.2 StartShaker(1000)
2025/10/07 12:20:26.5 Temp: 2025/10/07 12:20:26, 30.0000
2025/10/07 12:20:26.5 Old State:6-ENGN_StateRunning_StartNewStep New State:ENGN_StateRunning_WaitGoingToSample
2025/10/07 12:20:26.5 Sample96_Q(0, 0, 8)
2025/10/07 12:20:26.6 
2025/10/07 12:20:26.6 START SCAN: 
2025/10/07 12:20:26.6    CycleTime (ms)    = 200
2025/10/07 12:20:26.6    CycleCount        = 300
2025/10/07 12:20:26.6    ScansToAverage    = 20
2025/10/07 12:20:26.6    FinishTime (s)    = 60
2025/10/07 12:20:26.6    Temperature       = 30.0
2025/10/07 12:20:26.6    Lamp Power        = 36
2025/10/07 12:20:26.6    Spec PCB temps    = 40.3, 40.8, 41.0, 40.7, 40.9, 41.0, 39.2, 39.9
2025/10/07 12:20:26.6 
2025/10/07 12:20:26.7 GMC_SetPosZ
2025/10/07 12:20:26.7 Old State:12-ENGN_StateRunning_WaitGoingToSample New State:ENGN_StateRunning_GoingToSample
2025/10/07 12:20:30.7 GMC_ServoHere
2025/10/07 12:20:30.8 GMC_SetPosXY
2025/10/07 12:20:31.2 GMC_SetPosZ
2025/10/07 12:20:35.7 Old State:13-ENGN_StateRunning_GoingToSample New State:ENGN_StateRunning_GoingToSampleComplete
2025/10/07 12:20:35.8 Old State:14-cycle=1, Elapsed Time:    0.0,  Ideal Time:    0.0,  Delay time =   0.00  New State:ENGN_StateRunning_WaitSampling
2025/10/07 12:20:35.8 Step started at: 12:20:26
2025/10/07 12:20:35.8 XYZ movement time  = 9079 ms + Scan start delay = 9012 ms
2025/10/07 12:20:35.9 Old State:15-ENGN_StateRunning_WaitSampling New State:ENGN_StateRunning_Sampling
2025/10/07 12:21:26.5 Temp: 2025/10/07 12:21:26, 30.0000
2025/10/07 12:21:35.5 
2025/10/07 12:21:35.5 STOP SCAN: 
2025/10/07 12:21:35.5    CycleTime (ms)    = 200
2025/10/07 12:21:35.5    CurrentCycle      = 300
2025/10/07 12:21:35.5    RunTime (ms)      = 59969
2025/10/07 12:21:35.5    AverageCycle (ms) = 199.9
2025/10/07 12:21:35.5    Temperature       = 30.0
2025/10/07 12:21:35.5    DATA OVERRUN %    = 0.00
2025/10/07 12:21:35.5    Spec PCB temps    = 40.3, 40.9, 41.0, 40.7, 40.9, 41.0, 39.2, 39.9
2025/10/07 12:21:35.5 
2025/10/07 12:21:35.6 Old State:16-cycle=300, Elapsed Time:   60.0,  Ideal Time:   59.8,  Delay time =   0.04  New State:ENGN_StateRunning_SamplingComplete
2025/10/07 12:21:35.7 Old State:18-ENGN_StateRunning_SamplingComplete New State:ENGN_StateRunning_WaitNewStep
2025/10/07 12:21:35.9 Old State:5-ENGN_StateRunning_WaitNewStep New State:ENGN_StateRunning_StartNewStep
2025/10/07 12:21:35.9 StartShaker(1000)
2025/10/07 12:21:36.2 Temp: 2025/10/07 12:21:36, 30.0000
2025/10/07 12:21:36.2 Old State:6-ENGN_StateRunning_StartNewStep New State:ENGN_StateRunning_WaitGoingToSample
2025/10/07 12:21:36.2 Sample96_Q(0, 0, 9)
2025/10/07 12:21:36.2 GMC_SetPosZ
2025/10/07 12:21:36.3 
2025/10/07 12:21:36.3 START SCAN: 
2025/10/07 12:21:36.3    CycleTime (ms)    = 200
2025/10/07 12:21:36.3    CycleCount        = 100
2025/10/07 12:21:36.3    ScansToAverage    = 20
2025/10/07 12:21:36.3    FinishTime (s)    = 20
2025/10/07 12:21:36.3    Temperature       = 30.0
2025/10/07 12:21:36.3    Lamp Power        = 36
2025/10/07 12:21:36.3    Spec PCB temps    = 40.3, 40.8, 41.0, 40.7, 40.9, 41.0, 39.1, 39.9
2025/10/07 12:21:36.3 
2025/10/07 12:21:36.4 Old State:12-ENGN_StateRunning_WaitGoingToSample New State:ENGN_StateRunning_GoingToSample
2025/10/07 12:21:40.5 GMC_ServoHere
2025/10/07 12:21:40.7 GMC_SetPosXY
2025/10/07 12:21:41.1 GMC_SetPosZ
2025/10/07 12:21:45.7 Old State:13-ENGN_StateRunning_GoingToSample New State:ENGN_StateRunning_GoingToSampleComplete
2025/10/07 12:21:45.8 Old State:14-cycle=1, Elapsed Time:    0.0,  Ideal Time:    0.0,  Delay time =   0.00  New State:ENGN_StateRunning_WaitSampling
2025/10/07 12:21:45.8 Step started at: 12:21:36
2025/10/07 12:21:45.8 XYZ movement time  = 9427 ms + Scan start delay = 9422 ms
2025/10/07 12:21:45.9 Old State:15-ENGN_StateRunning_WaitSampling New State:ENGN_StateRunning_Sampling
2025/10/07 12:22:05.6 
2025/10/07 12:22:05.6 STOP SCAN: 
2025/10/07 12:22:05.6    CycleTime (ms)    = 200
2025/10/07 12:22:05.6    CurrentCycle      = 100
2025/10/07 12:22:05.6    RunTime (ms)      = 19954
2025/10/07 12:22:05.6    AverageCycle (ms) = 199.5
2025/10/07 12:22:05.6    Temperature       = 30.0
2025/10/07 12:22:05.6    DATA OVERRUN %    = 0.00
2025/10/07 12:22:05.6    Spec PCB temps    = 40.3, 40.8, 41.0, 40.7, 40.9, 41.0, 39.1, 39.9
2025/10/07 12:22:05.6 
2025/10/07 12:22:05.7 Old State:16-cycle=100, Elapsed Time:   20.0,  Ideal Time:   19.8,  Delay time =   0.04  New State:ENGN_StateRunning_SamplingComplete
2025/10/07 12:22:05.8 Old State:18-ENGN_StateRunning_SamplingComplete New State:ENGN_StateRunning_WaitNewStep
2025/10/07 12:22:06.1 Old State:5-ENGN_StateRunning_WaitNewStep New State:ENGN_StateRunning_StartNewStep
2025/10/07 12:22:06.1 StartShaker(1000)
2025/10/07 12:22:06.4 Temp: 2025/10/07 12:22:06, 30.0000
2025/10/07 12:22:06.4 Old State:6-ENGN_StateRunning_StartNewStep New State:ENGN_StateRunning_WaitGoingToSample
2025/10/07 12:22:06.4 Sample96_Q(0, 0, 10)
2025/10/07 12:22:06.5 
2025/10/07 12:22:06.5 START SCAN: 
2025/10/07 12:22:06.5    CycleTime (ms)    = 200
2025/10/07 12:22:06.5    CycleCount        = 600
2025/10/07 12:22:06.5    ScansToAverage    = 20
2025/10/07 12:22:06.5    FinishTime (s)    = 120
2025/10/07 12:22:06.5    Temperature       = 30.0
2025/10/07 12:22:06.5    Lamp Power        = 36
2025/10/07 12:22:06.5    Spec PCB temps    = 40.3, 40.8, 41.0, 40.7, 40.9, 41.0, 39.1, 39.9
2025/10/07 12:22:06.5 
2025/10/07 12:22:06.5 GMC_SetPosZ
2025/10/07 12:22:06.6 Old State:12-ENGN_StateRunning_WaitGoingToSample New State:ENGN_StateRunning_GoingToSample
2025/10/07 12:22:11.0 GMC_ServoHere
2025/10/07 12:22:11.2 GMC_SetPosXY
2025/10/07 12:22:11.6 GMC_SetPosZ
2025/10/07 12:22:16.6 Old State:13-cycle=1, Elapsed Time:    0.0,  Ideal Time:    0.0,  Delay time =   0.00  New State:ENGN_StateRunning_GoingToSampleComplete
2025/10/07 12:22:16.7 Old State:14-ENGN_StateRunning_GoingToSampleComplete New State:ENGN_StateRunning_WaitSampling
2025/10/07 12:22:16.7 Step started at: 12:22:06
2025/10/07 12:22:16.7 XYZ movement time  = 10072 ms + Scan start delay = 10043 ms
2025/10/07 12:22:16.8 Old State:15-ENGN_StateRunning_WaitSampling New State:ENGN_StateRunning_Sampling
2025/10/07 12:23:06.4 Temp: 2025/10/07 12:23:06, 30.0000
2025/10/07 12:24:06.5 Temp: 2025/10/07 12:24:06, 30.0000
2025/10/07 12:24:16.4 
2025/10/07 12:24:16.4 STOP SCAN: 
2025/10/07 12:24:16.4    CycleTime (ms)    = 200
2025/10/07 12:24:16.4    CurrentCycle      = 600
2025/10/07 12:24:16.4    RunTime (ms)      = 119957
2025/10/07 12:24:16.4    AverageCycle (ms) = 199.9
2025/10/07 12:24:16.4    Temperature       = 30.0
2025/10/07 12:24:16.4    DATA OVERRUN %    = 0.00
2025/10/07 12:24:16.4    Spec PCB temps    = 40.4, 40.9, 41.0, 40.7, 41.0, 41.0, 39.2, 39.9
2025/10/07 12:24:16.4 
2025/10/07 12:24:16.5 Old State:16-cycle=600, Elapsed Time:  120.0,  Ideal Time:  119.8,  Delay time =   0.01  New State:ENGN_StateRunning_SamplingComplete
2025/10/07 12:24:16.7 Old State:18-ENGN_StateRunning_SamplingComplete New State:ENGN_StateRunning_WaitEjecting
2025/10/07 12:24:16.7 EJECT: To Tray, position=8,0
2025/10/07 12:24:16.7    EjectOffset = 10.0
2025/10/07 12:24:16.8 GMC_SetPosZ
2025/10/07 12:24:16.9 Old State:19-ENGN_StateRunning_WaitEjecting New State:ENGN_StateRunning_Ejecting
2025/10/07 12:24:21.6 GMC_ServoHere
2025/10/07 12:24:21.7 GMC_SetPosXY
2025/10/07 12:24:23.9 GMC_SetPosZ
2025/10/07 12:24:28.0 GMC_Eject
2025/10/07 12:24:28.0 EJECTOR: Eject
2025/10/07 12:24:36.8 GMC_HomeZ
2025/10/07 12:24:42.3 GMC_SetPosZ
2025/10/07 12:24:42.6 GMC_ServoHere
2025/10/07 12:24:42.8 GMC_SetPosZ
2025/10/07 12:24:43.0 GMC_ServoHere
2025/10/07 12:24:43.2 GMC_SetPosXY
2025/10/07 12:24:45.3 GMC_SetPosZ
2025/10/07 12:24:45.6 Old State:20-ENGN_StateRunning_Ejecting New State:ENGN_StateRunning_EjectingComplete
2025/10/07 12:24:45.8 Old State:21-ENGN_StateRunning_EjectingComplete New State:ENGN_StateRunning_Finished
2025/10/07 12:24:45.8 StopShaker
2025/10/07 12:24:45.9 Old State:22-ENGN_StateRunning_Finished New State:ENGN_State_SystemReady
2025/10/07 12:24:46.0 Temp: 2025/10/07 12:24:46, 30.0000
2025/10/07 12:24:46.0 
2025/10/07 12:24:46.0 ASSAY SUMMARY:
2025/10/07 12:24:46.0 ==============
2025/10/07 12:24:46.0   Step #   Duration   Cycles  Overrun %
2025/10/07 12:24:46.0        1     179     900    0.00
2025/10/07 12:24:46.0        2      19     100    0.00
2025/10/07 12:24:46.0        3      19     100    0.00
2025/10/07 12:24:46.0        4      19     100    0.00
2025/10/07 12:24:46.0        5      19     100    0.00
2025/10/07 12:24:46.0        6      19     100    0.00
2025/10/07 12:24:46.0        7      19     100    0.00
2025/10/07 12:24:46.0        8     119     600    0.00
2025/10/07 12:24:46.0        9      29     150    0.00
2025/10/07 12:24:46.0       10      59     300    0.00
2025/10/07 12:24:46.0       11      19     100    0.00
2025/10/07 12:24:46.0       12     119     600    0.00
2025/10/07 12:24:46.0       13     179     900    0.00
2025/10/07 12:24:46.0       14      19     100    0.00
2025/10/07 12:24:46.0       15      19     100    0.00
2025/10/07 12:24:46.0       16      19     100    0.00
2025/10/07 12:24:46.0       17      19     100    0.00
2025/10/07 12:24:46.0       18      19     100    0.00
2025/10/07 12:24:46.0       19      19     100    0.00
2025/10/07 12:24:46.0       20     119     600    0.00
2025/10/07 12:24:46.0       21      29     150    0.00
2025/10/07 12:24:46.0       22      59     300    0.00
2025/10/07 12:24:46.0       23      19     100    0.00
2025/10/07 12:24:46.0       24     119     600    0.00
2025/10/07 12:24:46.0 -------------------------------------------
2025/10/07 12:24:46.0    Total    1299    6500    0.00
2025/10/07 12:24:46.1 DFIO: Start writing C:\ForteBio\John\20251007 205X1 ASYM assay\251007_009.frd
2025/10/07 12:24:46.1 DFIO: Finished writing C:\ForteBio\John\20251007 205X1 ASYM assay\251007_009.frd
2025/10/07 12:24:46.1 DFIO: Start writing C:\ForteBio\John\20251007 205X1 ASYM assay\251007_010.frd
2025/10/07 12:24:46.1 DFIO: Finished writing C:\ForteBio\John\20251007 205X1 ASYM assay\251007_010.frd
2025/10/07 12:24:46.1 DFIO: Start writing C:\ForteBio\John\20251007 205X1 ASYM assay\251007_011.frd
2025/10/07 12:24:46.1 DFIO: Finished writing C:\ForteBio\John\20251007 205X1 ASYM assay\251007_011.frd
2025/10/07 12:24:46.1 DFIO: Start writing C:\ForteBio\John\20251007 205X1 ASYM assay\251007_012.frd
2025/10/07 12:24:46.1 DFIO: Finished writing C:\ForteBio\John\20251007 205X1 ASYM assay\251007_012.frd
2025/10/07 12:24:46.1 DFIO: Start writing C:\ForteBio\John\20251007 205X1 ASYM assay\251007_013.frd
2025/10/07 12:24:46.1 DFIO: Finished writing C:\ForteBio\John\20251007 205X1 ASYM assay\251007_013.frd
2025/10/07 12:24:46.1 DFIO: Start writing C:\ForteBio\John\20251007 205X1 ASYM assay\251007_014.frd
2025/10/07 12:24:46.1 DFIO: Finished writing C:\ForteBio\John\20251007 205X1 ASYM assay\251007_014.frd
2025/10/07 12:24:46.1 DFIO: Start writing C:\ForteBio\John\20251007 205X1 ASYM assay\251007_015.frd
2025/10/07 12:24:46.1 DFIO: Finished writing C:\ForteBio\John\20251007 205X1 ASYM assay\251007_015.frd
2025/10/07 12:24:46.1 DFIO: Start writing C:\ForteBio\John\20251007 205X1 ASYM assay\251007_016.frd
2025/10/07 12:24:46.1 DFIO: Finished writing C:\ForteBio\John\20251007 205X1 ASYM assay\251007_016.frd
2025/10/07 12:24:46.1 DFIO: Finished writing C:\ForteBio\John\20251007 205X1 ASYM assay\251007_Manifest.fmx
2025/10/07 12:39:06.3 Read C:\ForteBio\John\20250901 SI-205X1 ASYM\250902_ExpMethod.fmf in 16 ms
2025/10/07 12:39:06.3 Read C:\ForteBio\John\20250901 SI-205X1 ASYM\250902_ExpMethod.fmf in 0 ms
2025/10/07 12:39:10.9 Read C:\ForteBio\John\2024_06_25_SI125R1_pMP_SCC_d15_2\240625_ExpMethod.fmf in 15 ms
2025/10/07 12:39:10.9 Read C:\ForteBio\John\2024_06_25_SI125R1_pMP_SCC_d15_2\240625_ExpMethod.fmf in 0 ms
2025/10/07 12:39:10.9 Read C:\ForteBio\John\2024_06_25_SI125R1_pMP_SCC_d15_\240625_ExpMethod.fmf in 16 ms
2025/10/07 12:39:10.9 Read C:\ForteBio\John\2024_06_25_SI125R1_pMP_SCC_d15_\240625_ExpMethod.fmf in 0 ms
2025/10/07 12:39:10.9 Read C:\ForteBio\John\2024_06_24_125R1_d7-d13_2\240624_ExpMethod.fmf in 0 ms
2025/10/07 12:39:33.6 Read C:\ForteBio\John\20251007 205X1 ASYM assay\251007_ExpMethod.fmf in 0 ms
2025/10/07 12:39:33.6 Read C:\ForteBio\John\20251007 205X1 ASYM assay\251007_ExpMethod.fmf in 16 ms
2025/10/07 12:39:37.3 Read C:\ForteBio\John\20251006_212T11_48wp_beacon_asym_\251006_ExpMethod.fmf in 16 ms
2025/10/07 12:39:37.4 Read C:\ForteBio\John\122822_SI20M6_UCOE_BP_SCC_48WP_\221227_ExpMethod.fmf in 16 ms
2025/10/07 12:39:45.3 Read C:\ForteBio\John\121222_SI88M7UCOE_MP_96DW_Plate2_2_\221212_ExpMethod.fmf in 16 ms
2025/10/07 12:39:45.3 Read C:\ForteBio\John\122822_SI20M6_UCOE_BP_SCC_48WP_\221227_ExpMethod.fmf in 15 ms
2025/10/07 12:39:45.3 Read C:\ForteBio\John\122822_SI20M6_UCOE_BP_SCC_48WP_2_\221227_ExpMethod.fmf in 0 ms
2025/10/07 12:39:45.4 Read C:\ForteBio\John\20240523_SI-125R1_48WP_pMP_SCC_\240523_ExpMethod.fmf in 0 ms
2025/10/07 12:39:45.4 Read C:\ForteBio\John\20241003_125R2_24dw_d7_\241003_ExpMethod.fmf in 16 ms
2025/10/07 12:39:45.5 Read C:\ForteBio\John\20251006_212T11_48wp_beacon_asym_\251006_ExpMethod.fmf in 15 ms
2025/10/07 12:39:45.5 Read C:\ForteBio\John\20251006_212T11_48wp_beacon_asym_\251006_ExpMethod.fmf in 16 ms
2025/10/07 12:39:45.5 Read C:\ForteBio\John\Experiment_1_2\20250728_153x35_d7-d10_pMP_2_ExpMethod.fmf in 16 ms
2025/10/07 12:39:45.5 Read C:\ForteBio\John\Experiment_1_2\20250728_153x35_d7-d10_pMP_2_ExpMethod.fmf in 0 ms
2025/10/07 12:39:45.6 Read C:\ForteBio\John\Experiment_1\20250728_153x35_d7-d10_pMP_ExpMethod.fmf in 0 ms
2025/10/07 12:39:45.6 Read C:\ForteBio\John\Experiment_1\20250728_153x35_d7-d10_pMP_ExpMethod.fmf in 16 ms
2025/10/07 12:39:45.8 Read C:\ForteBio\John\20251007 205X1 ASYM assay\251007_ExpMethod.fmf in 16 ms
2025/10/07 12:39:45.8 Read C:\ForteBio\John\20251007 205X1 ASYM assay\251007_ExpMethod.fmf in 16 ms
2025/10/07 12:39:46.4 Read C:\ForteBio\John\20251006_212T11_48wp_beacon_asym_\251006_ExpMethod.fmf in 15 ms
2025/10/07 12:39:46.4 Read C:\ForteBio\John\20251006_212T11_48wp_beacon_asym_\251006_ExpMethod.fmf in 16 ms
2025/10/07 12:39:46.4 Read C:\ForteBio\John\20241030_49T5_48wp_\241030_ExpMethod.fmf in 16 ms
2025/10/07 12:39:46.4 Read C:\ForteBio\John\122722_SI88M7_UCOE_BP_SCC_48WP_\221227_ExpMethod.fmf in 15 ms
2025/10/07 12:39:49.0 Read C:\ForteBio\John\122722_SI88M7_UCOE_BP_SCC_48WP_2_\221227_ExpMethod.fmf in 16 ms
2025/10/07 12:39:49.0 Read C:\ForteBio\John\122822_SI20M6_UCOE_BP_SCC_48WP_2_\221227_ExpMethod.fmf in 0 ms
2025/10/07 12:39:49.0 Read C:\ForteBio\John\123022_SI88M7_UCOE_MPs_D7-D11_FB_2_\221230_ExpMethod.fmf in 0 ms
2025/10/07 12:39:49.0 Read C:\ForteBio\John\01122232_Si88M7_FB625-630_STvsHCCF\230112_ExpMethod.fmf in 0 ms
2025/10/07 12:39:49.0 Read C:\ForteBio\John\20240523_SI-125R1_48WP_pMP_SCC_\240523_ExpMethod.fmf in 0 ms
2025/10/07 12:39:49.1 Read C:\ForteBio\John\20241003_125R2_24dw_d7_\241003_ExpMethod.fmf in 0 ms
2025/10/07 12:39:49.1 Read C:\ForteBio\John\20241030_49T5_48wp_\241030_ExpMethod.fmf in 0 ms
2025/10/07 12:39:49.1 Read C:\ForteBio\John\20241030_49T5_48wp_\241030_ExpMethod.fmf in 0 ms
2025/10/07 12:39:49.1 Read C:\ForteBio\John\20241216_77E132_24DW_\241216_ExpMethod.fmf in 16 ms
2025/10/07 12:39:49.1 Read C:\ForteBio\John\20241216_77E132_24DW_\241216_ExpMethod.fmf in 0 ms
2025/10/07 12:39:49.2 Read C:\ForteBio\John\20251006_212T11_48wp_beacon_asym_\251006_ExpMethod.fmf in 0 ms
2025/10/07 12:39:49.2 Read C:\ForteBio\John\20251006_212T11_48wp_beacon_asym_\251006_ExpMethod.fmf in 16 ms
2025/10/07 12:39:49.2 Read C:\ForteBio\John\20251007 205X1 ASYM assay\251007_ExpMethod.fmf in 15 ms
2025/10/07 12:39:49.3 Read C:\ForteBio\John\20251007 205X1 ASYM assay\251007_ExpMethod.fmf in 16 ms
2025/10/07 12:39:49.4 Read C:\ForteBio\John\20251006_212T11_48wp_beacon_asym_\251006_ExpMethod.fmf in 31 ms
2025/10/07 12:39:49.4 Read C:\ForteBio\John\20251006_212T11_48wp_beacon_asym_\251006_ExpMethod.fmf in 0 ms
2025/10/07 12:39:49.7 Read C:\ForteBio\John\20251007 205X1 ASYM assay\251007_ExpMethod.fmf in 15 ms
2025/10/07 12:39:49.7 Read C:\ForteBio\John\20251007 205X1 ASYM assay\251007_ExpMethod.fmf in 16 ms
2025/10/07 12:39:50.5 Read C:\ForteBio\John\20251007 205X1 ASYM assay\251007_ExpMethod.fmf in 16 ms
2025/10/07 12:39:50.5 Read C:\ForteBio\John\20251007 205X1 ASYM assay\251007_ExpMethod.fmf in 15 ms
2025/10/07 12:40:02.1 
2025/10/07 12:40:02.1 In StExperiment.Init()
2025/10/07 12:40:02.1 
2025/10/07 12:40:02.2 Progress: 0 %
2025/10/07 12:40:02.2 Progress: 6 %
2025/10/07 12:40:02.2 Progress: 12 %
2025/10/07 12:40:02.2 Progress: 18 %
2025/10/07 12:40:02.2 Progress: 25 %
2025/10/07 12:40:02.2 Progress: 31 %
2025/10/07 12:40:02.2 Progress: 37 %
2025/10/07 12:40:02.2 Progress: 43 %
2025/10/07 12:40:02.2 Progress: 50 %
2025/10/07 12:40:02.2 Progress: 56 %
2025/10/07 12:40:02.2 Progress: 62 %
2025/10/07 12:40:02.2 Progress: 68 %
2025/10/07 12:40:02.2 Progress: 75 %
2025/10/07 12:40:02.2 Progress: 81 %
2025/10/07 12:40:02.2 Progress: 87 %
2025/10/07 12:40:02.2 Progress: 93 %
2025/10/07 12:40:02.3 Progress: 100 %
2025/10/07 12:40:02.3 Read C:\ForteBio\John\20251007 205X1 ASYM assay\251007_ExpMethod.fmf in 15 ms
2025/10/07 12:40:02.3 Read C:\ForteBio\John\20251007 205X1 ASYM assay\251007_ExpMethod.fmf in 16 ms
2025/10/07 12:40:02.3 Time = 140 ms
2025/10/07 12:40:02.3 
2025/10/07 12:42:25.5 Export image takes 110ms
2025/10/07 12:42:26.5 Export image takes 111ms
2025/10/07 12:42:26.8 Export image takes 92ms
2025/10/07 12:42:27.2 Export image takes 125ms
2025/10/07 12:42:27.5 Export image takes 157ms
2025/10/07 12:42:27.8 Export image takes 143ms
2025/10/07 12:42:28.0 Export image takes 139ms
2025/10/07 12:42:28.4 Export image takes 164ms
2025/10/07 12:42:28.6 Export image takes 134ms
2025/10/07 12:42:28.7 Group -- begin 8
2025/10/07 12:42:28.7 Group -- continue 9
2025/10/07 12:42:28.7 Group -- continue 10
2025/10/07 12:42:28.7 Group -- continue 11
2025/10/07 12:42:28.7 Group -- continue 12
2025/10/07 12:42:28.7 Group -- continue 13
2025/10/07 12:42:28.7 Group -- continue 14
2025/10/07 12:42:28.7 Group -- continue 15
2025/10/07 12:42:28.7 Group -- begin 0
2025/10/07 12:42:28.7 Group -- continue 1
2025/10/07 12:42:28.7 Group -- continue 2
2025/10/07 12:42:28.7 Group -- continue 3
2025/10/07 12:42:28.7 Group -- continue 4
2025/10/07 12:42:28.7 Group -- continue 5
2025/10/07 12:42:28.7 Group -- continue 6
2025/10/07 12:42:28.7 Group -- continue 7
2025/10/07 12:42:29.0 Export images takes 201ms
2025/10/08 15:03:01.7 <I Name="ExperimentName" O="20250820 PE samples 20 sec load" N="20251008 UPFB0001" />
2025/10/08 15:03:01.7 <I Name="DelayedStart" O="TRUE" N="FALSE" />
2025/10/08 15:03:01.7 SetHeaterTemperature 30.0
2025/10/08 15:03:01.8 Temp: 2025/10/08 15:03:01, 30.2000
2025/10/08 15:03:01.9 Starting new assay
2025/10/08 15:03:02.1 Old State:4-ENGN_State_SystemReady New State:ENGN_StateRunning_StartNewStep
2025/10/08 15:03:02.1 Plate 1 temperature = 30 C
2025/10/08 15:03:02.2 Old State:6-ENGN_StateRunning_StartNewStep New State:ENGN_StateRunning_WaitPickingSensors
2025/10/08 15:03:02.2 Pick(0, 0)
2025/10/08 15:03:02.3 GMC_SetPosZ
2025/10/08 15:03:02.3 Temp: 2025/10/08 15:03:02, 30.2000
2025/10/08 15:03:02.4 Old State:7-ENGN_StateRunning_WaitPickingSensors New State:ENGN_StateRunning_PickingSensors
2025/10/08 15:03:02.4 GMC_ServoHere
2025/10/08 15:03:02.6 GMC_SetPosXY
2025/10/08 15:03:04.7 GMC_SetPosZ
2025/10/08 15:03:10.2 GMC_SetPosZ
2025/10/08 15:03:10.7 Old State:8-ENGN_StateRunning_PickingSensors New State:ENGN_StateRunning_CheckingSensors
2025/10/08 15:03:10.8 
2025/10/08 15:03:10.8 Detect Sensors
2025/10/08 15:03:10.8 ==============
2025/10/08 15:03:10.8 1	YES		6.6	5693.3
2025/10/08 15:03:10.8 2	YES		6.2	5032.2
2025/10/08 15:03:10.8 3	YES		6.2	7114.3
2025/10/08 15:03:10.8 4	YES		6.2	6020.2
2025/10/08 15:03:10.8 5	YES		5.8	4941.6
2025/10/08 15:03:10.8 6	YES		6.8	5177.3
2025/10/08 15:03:10.8 7	YES		6.1	6692.8
2025/10/08 15:03:10.8 8	YES		6.6	6864.4
2025/10/08 15:03:10.8 
2025/10/08 15:03:11.0 CH1: Correction Factor = 2.47531
2025/10/08 15:03:11.0 CH2: Correction Factor = 2.80594
2025/10/08 15:03:11.0 CH3: Correction Factor = 2.00261
2025/10/08 15:03:11.0 CH4: Correction Factor = 2.36726
2025/10/08 15:03:11.0 CH5: Correction Factor = 2.97287
2025/10/08 15:03:11.0 CH6: Correction Factor = 2.95072
2025/10/08 15:03:11.0 CH7: Correction Factor = 2.1583
2025/10/08 15:03:11.0 CH8: Correction Factor = 2.11244
2025/10/08 15:03:11.2 CH1: Correction Factor = 1.07512
2025/10/08 15:03:11.2 CH2: Correction Factor = 1.08096
2025/10/08 15:03:11.2 CH3: Correction Factor = 1.08799
2025/10/08 15:03:11.2 CH4: Correction Factor = 1.07289
2025/10/08 15:03:11.2 CH5: Correction Factor = 1.07523
2025/10/08 15:03:11.2 CH6: Correction Factor = 1.08278
2025/10/08 15:03:11.2 CH7: Correction Factor = 1.0688
2025/10/08 15:03:11.2 CH8: Correction Factor = 1.06155
2025/10/08 15:03:11.3 CH1: Correction Factor = 1.00785
2025/10/08 15:03:11.3 CH2: Correction Factor = 1.01264
2025/10/08 15:03:11.3 CH3: Correction Factor = 0.991055
2025/10/08 15:03:11.3 CH4: Correction Factor = 1.00967
2025/10/08 15:03:11.3 CH5: Correction Factor = 1.01342
2025/10/08 15:03:11.3 CH6: Correction Factor = 1.01062
2025/10/08 15:03:11.3 CH7: Correction Factor = 1.01097
2025/10/08 15:03:11.3 CH8: Correction Factor = 1.01038
2025/10/08 15:03:11.5 CH1: Correction Factor = 1.00187
2025/10/08 15:03:11.5 CH2: Correction Factor = 0.99815
2025/10/08 15:03:11.5 CH3: Correction Factor = 0.998868
2025/10/08 15:03:11.5 CH4: Correction Factor = 1.00007
2025/10/08 15:03:11.5 CH5: Correction Factor = 1.00016
2025/10/08 15:03:11.5 CH6: Correction Factor = 0.999728
2025/10/08 15:03:11.5 CH7: Correction Factor = 0.99717
2025/10/08 15:03:11.5 CH8: Correction Factor = 1.00044
2025/10/08 15:03:11.7 CH1: Correction Factor = 1.00131
2025/10/08 15:03:11.7 CH2: Correction Factor = 1.00095
2025/10/08 15:03:11.7 CH3: Correction Factor = 0.998625
2025/10/08 15:03:11.7 CH4: Correction Factor = 0.999953
2025/10/08 15:03:11.7 CH5: Correction Factor = 0.996957
2025/10/08 15:03:11.7 CH6: Correction Factor = 0.999232
2025/10/08 15:03:11.7 CH7: Correction Factor = 1.00039
2025/10/08 15:03:11.7 CH8: Correction Factor = 1.00016
2025/10/08 15:03:11.9 CH1: Correction Factor = 0.998154
2025/10/08 15:03:11.9 CH2: Correction Factor = 1.00114
2025/10/08 15:03:11.9 CH3: Correction Factor = 0.998897
2025/10/08 15:03:11.9 CH4: Correction Factor = 0.999818
2025/10/08 15:03:11.9 CH5: Correction Factor = 0.999515
2025/10/08 15:03:11.9 CH6: Correction Factor = 0.999407
2025/10/08 15:03:11.9 CH7: Correction Factor = 1.0004
2025/10/08 15:03:11.9 CH8: Correction Factor = 1.00026
2025/10/08 15:03:11.9 Sensor 1: Integration Time = 2.69 ms
2025/10/08 15:03:11.9 Sensor 2: Integration Time = 3.07 ms
2025/10/08 15:03:11.9 Sensor 3: Integration Time = 2.15 ms
2025/10/08 15:03:11.9 Sensor 4: Integration Time = 2.56 ms
2025/10/08 15:03:11.9 Sensor 5: Integration Time = 3.23 ms
2025/10/08 15:03:11.9 Sensor 6: Integration Time = 3.22 ms
2025/10/08 15:03:11.9 Sensor 7: Integration Time = 2.33 ms
2025/10/08 15:03:11.9 Sensor 8: Integration Time = 2.27 ms
2025/10/08 15:03:11.9 WaitControllerIdle(30000)
2025/10/08 15:03:11.9 GMC_HomeZ
2025/10/08 15:03:18.5 GMC_SetPosZ
2025/10/08 15:03:18.8 GMC_ServoHere
2025/10/08 15:03:19.1 Old State:9-ENGN_StateRunning_CheckingSensors New State:ENGN_StateRunning_PickingSensorsComplete
2025/10/08 15:03:19.1 StartShaker(1000)
2025/10/08 15:03:19.1 Integration Time: 2.69,3.07,2.15,2.56,3.23,3.22,2.33,2.27,
2025/10/08 15:03:19.4 Plate 1 temperature = 30 C
2025/10/08 15:03:19.4 Pickups: 3018, Warn: 90, Error: 100
2025/10/08 15:03:19.4 Old State:10-ENGN_StateRunning_PickingSensorsComplete New State:ENGN_StateRunning_WaitGoingToSample
2025/10/08 15:03:19.4 Sample96_Q(0, 0, 0)
2025/10/08 15:03:19.5 
2025/10/08 15:03:19.5 START SCAN: 
2025/10/08 15:03:19.5    CycleTime (ms)    = 200
2025/10/08 15:03:19.5    CycleCount        = 900
2025/10/08 15:03:19.5    ScansToAverage    = 20
2025/10/08 15:03:19.5    FinishTime (s)    = 180
2025/10/08 15:03:19.5    Temperature       = 30.2
2025/10/08 15:03:19.5    Lamp Power        = 36
2025/10/08 15:03:19.5    Spec PCB temps    = 40.0, 40.6, 40.7, 40.6, 40.7, 40.9, 38.7, 39.6
2025/10/08 15:03:19.5 
2025/10/08 15:03:19.6 GMC_SetPosZ
2025/10/08 15:03:19.6 Old State:12-ENGN_StateRunning_WaitGoingToSample New State:ENGN_StateRunning_GoingToSample
2025/10/08 15:03:19.7 GMC_ServoHere
2025/10/08 15:03:19.9 GMC_SetPosXY
2025/10/08 15:03:22.1 GMC_SetPosZ
2025/10/08 15:03:24.2 Old State:13-ENGN_StateRunning_GoingToSample New State:ENGN_StateRunning_GoingToSampleComplete
2025/10/08 15:03:24.3 Old State:14-cycle=1, Elapsed Time:    0.0,  Ideal Time:    0.0,  Delay time =   0.00  New State:ENGN_StateRunning_WaitSampling
2025/10/08 15:03:24.3 Step started at: 15:03:19
2025/10/08 15:03:24.3 XYZ movement time  = 4721 ms + Scan start delay = 4733 ms
2025/10/08 15:03:24.4 Old State:15-ENGN_StateRunning_WaitSampling New State:ENGN_StateRunning_Sampling
2025/10/08 15:04:02.3 Temp: 2025/10/08 15:04:02, 30.1000
2025/10/08 15:05:02.3 Temp: 2025/10/08 15:05:02, 30.1000
2025/10/08 15:06:02.4 Temp: 2025/10/08 15:06:02, 30.0000
2025/10/08 15:06:24.1 
2025/10/08 15:06:24.1 STOP SCAN: 
2025/10/08 15:06:24.1    CycleTime (ms)    = 200
2025/10/08 15:06:24.1    CurrentCycle      = 900
2025/10/08 15:06:24.1    RunTime (ms)      = 179955
2025/10/08 15:06:24.1    AverageCycle (ms) = 199.9
2025/10/08 15:06:24.1    Temperature       = 30.0
2025/10/08 15:06:24.1    DATA OVERRUN %    = 0.00
2025/10/08 15:06:24.1    Spec PCB temps    = 40.1, 40.6, 40.7, 40.6, 40.7, 40.9, 38.8, 39.7
2025/10/08 15:06:24.1 
2025/10/08 15:06:24.3 Old State:16-cycle=900, Elapsed Time:  180.0,  Ideal Time:  179.8,  Delay time =   0.03  New State:ENGN_StateRunning_SamplingComplete
2025/10/08 15:06:24.4 Old State:18-ENGN_StateRunning_SamplingComplete New State:ENGN_StateRunning_WaitNewStep
2025/10/08 15:06:24.7 Old State:5-ENGN_StateRunning_WaitNewStep New State:ENGN_StateRunning_StartNewStep
2025/10/08 15:06:24.8 StartShaker(1000)
2025/10/08 15:06:25.1 Temp: 2025/10/08 15:06:25, 30.1000
2025/10/08 15:06:25.1 Old State:6-ENGN_StateRunning_StartNewStep New State:ENGN_StateRunning_WaitGoingToSample
2025/10/08 15:06:25.1 Sample96_Q(0, 0, 1)
2025/10/08 15:06:25.1 GMC_SetPosZ
2025/10/08 15:06:25.2 
2025/10/08 15:06:25.2 START SCAN: 
2025/10/08 15:06:25.2    CycleTime (ms)    = 200
2025/10/08 15:06:25.2    CycleCount        = 100
2025/10/08 15:06:25.2    ScansToAverage    = 20
2025/10/08 15:06:25.2    FinishTime (s)    = 20
2025/10/08 15:06:25.2    Temperature       = 30.1
2025/10/08 15:06:25.2    Lamp Power        = 36
2025/10/08 15:06:25.2    Spec PCB temps    = 40.1, 40.6, 40.7, 40.6, 40.7, 40.9, 38.8, 39.7
2025/10/08 15:06:25.2 
2025/10/08 15:06:25.2 Old State:12-ENGN_StateRunning_WaitGoingToSample New State:ENGN_StateRunning_GoingToSample
2025/10/08 15:06:27.0 GMC_ServoHere
2025/10/08 15:06:27.2 GMC_SetPosXY
2025/10/08 15:06:27.5 GMC_SetPosZ
2025/10/08 15:06:29.9 Old State:13-cycle=1, Elapsed Time:    0.0,  Ideal Time:    0.0,  Delay time =   0.00  New State:ENGN_StateRunning_GoingToSampleComplete
2025/10/08 15:06:30.0 Old State:14-ENGN_StateRunning_GoingToSampleComplete New State:ENGN_StateRunning_WaitSampling
2025/10/08 15:06:30.0 Step started at: 15:06:25
2025/10/08 15:06:30.0 XYZ movement time  = 4742 ms + Scan start delay = 4673 ms
2025/10/08 15:06:30.1 Old State:15-ENGN_StateRunning_WaitSampling New State:ENGN_StateRunning_Sampling
2025/10/08 15:06:49.7 
2025/10/08 15:06:49.7 STOP SCAN: 
2025/10/08 15:06:49.7    CycleTime (ms)    = 200
2025/10/08 15:06:49.7    CurrentCycle      = 100
2025/10/08 15:06:49.7    RunTime (ms)      = 19956
2025/10/08 15:06:49.7    AverageCycle (ms) = 199.6
2025/10/08 15:06:49.7    Temperature       = 30.0
2025/10/08 15:06:49.7    DATA OVERRUN %    = 0.00
2025/10/08 15:06:49.7    Spec PCB temps    = 40.1, 40.6, 40.7, 40.6, 40.7, 40.9, 38.8, 39.7
2025/10/08 15:06:49.7 
2025/10/08 15:06:49.8 Old State:16-cycle=100, Elapsed Time:   20.0,  Ideal Time:   19.8,  Delay time =   0.01  New State:ENGN_StateRunning_SamplingComplete
2025/10/08 15:06:49.9 Old State:18-ENGN_StateRunning_SamplingComplete New State:ENGN_StateRunning_WaitNewStep
2025/10/08 15:06:50.1 Old State:5-ENGN_StateRunning_WaitNewStep New State:ENGN_StateRunning_StartNewStep
2025/10/08 15:06:50.1 StartShaker(1000)
2025/10/08 15:06:50.4 Temp: 2025/10/08 15:06:50, 30.0000
2025/10/08 15:06:50.5 Old State:6-ENGN_StateRunning_StartNewStep New State:ENGN_StateRunning_WaitGoingToSample
2025/10/08 15:06:50.5 Sample96_Q(0, 0, 0)
2025/10/08 15:06:50.6 
2025/10/08 15:06:50.6 START SCAN: 
2025/10/08 15:06:50.6    CycleTime (ms)    = 200
2025/10/08 15:06:50.6    CycleCount        = 100
2025/10/08 15:06:50.6    ScansToAverage    = 20
2025/10/08 15:06:50.6    FinishTime (s)    = 20
2025/10/08 15:06:50.6    Temperature       = 30.0
2025/10/08 15:06:50.6    Lamp Power        = 36
2025/10/08 15:06:50.6    Spec PCB temps    = 40.1, 40.6, 40.7, 40.6, 40.7, 40.9, 38.8, 39.7
2025/10/08 15:06:50.6 
2025/10/08 15:06:50.6 Old State:12-ENGN_StateRunning_WaitGoingToSample New State:ENGN_StateRunning_GoingToSample
2025/10/08 15:06:50.6 GMC_SetPosZ
2025/10/08 15:06:52.8 GMC_ServoHere
2025/10/08 15:06:53.0 GMC_SetPosXY
2025/10/08 15:06:53.4 GMC_SetPosZ
2025/10/08 15:06:55.5 Old State:13-ENGN_StateRunning_GoingToSample New State:ENGN_StateRunning_GoingToSampleComplete
2025/10/08 15:06:55.6 Old State:14-cycle=1, Elapsed Time:    0.0,  Ideal Time:    0.0,  Delay time =   0.00  New State:ENGN_StateRunning_WaitSampling
2025/10/08 15:06:55.6 Step started at: 15:06:50
2025/10/08 15:06:55.6 XYZ movement time  = 4966 ms + Scan start delay = 4961 ms
2025/10/08 15:06:55.7 Old State:15-ENGN_StateRunning_WaitSampling New State:ENGN_StateRunning_Sampling
2025/10/08 15:07:15.4 
2025/10/08 15:07:15.4 STOP SCAN: 
2025/10/08 15:07:15.4    CycleTime (ms)    = 200
2025/10/08 15:07:15.4    CurrentCycle      = 100
2025/10/08 15:07:15.4    RunTime (ms)      = 19954
2025/10/08 15:07:15.4    AverageCycle (ms) = 199.5
2025/10/08 15:07:15.4    Temperature       = 30.0
2025/10/08 15:07:15.4    DATA OVERRUN %    = 0.00
2025/10/08 15:07:15.4    Spec PCB temps    = 40.1, 40.6, 40.7, 40.6, 40.7, 40.8, 38.8, 39.7
2025/10/08 15:07:15.4 
2025/10/08 15:07:15.5 Old State:16-cycle=100, Elapsed Time:   20.0,  Ideal Time:   19.8,  Delay time =   0.03  New State:ENGN_StateRunning_SamplingComplete
2025/10/08 15:07:15.7 Old State:18-ENGN_StateRunning_SamplingComplete New State:ENGN_StateRunning_WaitNewStep
2025/10/08 15:07:15.9 Old State:5-ENGN_StateRunning_WaitNewStep New State:ENGN_StateRunning_StartNewStep
2025/10/08 15:07:15.9 StartShaker(1000)
2025/10/08 15:07:16.2 Temp: 2025/10/08 15:07:16, 30.0000
2025/10/08 15:07:16.2 Old State:6-ENGN_StateRunning_StartNewStep New State:ENGN_StateRunning_WaitGoingToSample
2025/10/08 15:07:16.2 Sample96_Q(0, 0, 1)
2025/10/08 15:07:16.3 
2025/10/08 15:07:16.3 START SCAN: 
2025/10/08 15:07:16.3    CycleTime (ms)    = 200
2025/10/08 15:07:16.3    CycleCount        = 100
2025/10/08 15:07:16.3    ScansToAverage    = 20
2025/10/08 15:07:16.3    FinishTime (s)    = 20
2025/10/08 15:07:16.3    Temperature       = 30.0
2025/10/08 15:07:16.3    Lamp Power        = 36
2025/10/08 15:07:16.3    Spec PCB temps    = 40.1, 40.6, 40.8, 40.6, 40.7, 40.9, 38.8, 39.7
2025/10/08 15:07:16.3 
2025/10/08 15:07:16.3 GMC_SetPosZ
2025/10/08 15:07:16.4 Old State:12-ENGN_StateRunning_WaitGoingToSample New State:ENGN_StateRunning_GoingToSample
2025/10/08 15:07:18.3 GMC_ServoHere
2025/10/08 15:07:18.5 GMC_SetPosXY
2025/10/08 15:07:18.9 GMC_SetPosZ
2025/10/08 15:07:21.2 Old State:13-cycle=1, Elapsed Time:    0.0,  Ideal Time:    0.0,  Delay time =   0.00  New State:ENGN_StateRunning_GoingToSampleComplete
2025/10/08 15:07:21.3 Old State:14-ENGN_StateRunning_GoingToSampleComplete New State:ENGN_StateRunning_WaitSampling
2025/10/08 15:07:21.3 Step started at: 15:07:16
2025/10/08 15:07:21.3 XYZ movement time  = 4947 ms + Scan start delay = 4883 ms
2025/10/08 15:07:21.4 Old State:15-ENGN_StateRunning_WaitSampling New State:ENGN_StateRunning_Sampling
2025/10/08 15:07:41.1 
2025/10/08 15:07:41.1 STOP SCAN: 
2025/10/08 15:07:41.1    CycleTime (ms)    = 200
2025/10/08 15:07:41.1    CurrentCycle      = 100
2025/10/08 15:07:41.1    RunTime (ms)      = 19955
2025/10/08 15:07:41.1    AverageCycle (ms) = 199.6
2025/10/08 15:07:41.1    Temperature       = 30.0
2025/10/08 15:07:41.1    DATA OVERRUN %    = 0.00
2025/10/08 15:07:41.1    Spec PCB temps    = 40.1, 40.6, 40.7, 40.6, 40.7, 40.9, 38.8, 39.7
2025/10/08 15:07:41.1 
2025/10/08 15:07:41.1 Old State:16-cycle=100, Elapsed Time:   20.0,  Ideal Time:   19.8,  Delay time =   0.02  New State:ENGN_StateRunning_SamplingComplete
2025/10/08 15:07:41.2 Old State:18-ENGN_StateRunning_SamplingComplete New State:ENGN_StateRunning_WaitNewStep
2025/10/08 15:07:41.6 Old State:5-ENGN_StateRunning_WaitNewStep New State:ENGN_StateRunning_StartNewStep
2025/10/08 15:07:41.6 StartShaker(1000)
2025/10/08 15:07:41.9 Old State:6-ENGN_StateRunning_StartNewStep New State:ENGN_StateRunning_WaitGoingToSample
2025/10/08 15:07:41.9 Sample96_Q(0, 0, 0)
2025/10/08 15:07:41.9 Temp: 2025/10/08 15:07:41, 30.0000
2025/10/08 15:07:42.0 GMC_SetPosZ
2025/10/08 15:07:42.0 
2025/10/08 15:07:42.0 START SCAN: 
2025/10/08 15:07:42.0    CycleTime (ms)    = 200
2025/10/08 15:07:42.0    CycleCount        = 100
2025/10/08 15:07:42.0    ScansToAverage    = 20
2025/10/08 15:07:42.0    FinishTime (s)    = 20
2025/10/08 15:07:42.0    Temperature       = 30.0
2025/10/08 15:07:42.0    Lamp Power        = 36
2025/10/08 15:07:42.0    Spec PCB temps    = 40.1, 40.6, 40.8, 40.6, 40.7, 40.9, 38.9, 39.7
2025/10/08 15:07:42.0 
2025/10/08 15:07:42.1 Old State:12-ENGN_StateRunning_WaitGoingToSample New State:ENGN_StateRunning_GoingToSample
2025/10/08 15:07:44.2 GMC_ServoHere
2025/10/08 15:07:44.3 GMC_SetPosXY
2025/10/08 15:07:44.7 GMC_SetPosZ
2025/10/08 15:07:46.9 Old State:13-ENGN_StateRunning_GoingToSample New State:ENGN_StateRunning_GoingToSampleComplete
2025/10/08 15:07:47.0 Old State:14-cycle=1, Elapsed Time:    0.0,  Ideal Time:    0.0,  Delay time =   0.00  New State:ENGN_StateRunning_WaitSampling
2025/10/08 15:07:47.0 Step started at: 15:07:42
2025/10/08 15:07:47.0 XYZ movement time  = 4873 ms + Scan start delay = 4844 ms
2025/10/08 15:07:47.1 Old State:15-ENGN_StateRunning_WaitSampling New State:ENGN_StateRunning_Sampling
2025/10/08 15:08:06.8 
2025/10/08 15:08:06.8 STOP SCAN: 
2025/10/08 15:08:06.8    CycleTime (ms)    = 200
2025/10/08 15:08:06.8    CurrentCycle      = 100
2025/10/08 15:08:06.8    RunTime (ms)      = 19990
2025/10/08 15:08:06.8    AverageCycle (ms) = 199.9
2025/10/08 15:08:06.8    Temperature       = 30.0
2025/10/08 15:08:06.8    DATA OVERRUN %    = 0.00
2025/10/08 15:08:06.8    Spec PCB temps    = 40.1, 40.6, 40.7, 40.6, 40.7, 40.9, 38.9, 39.7
2025/10/08 15:08:06.8 
2025/10/08 15:08:06.9 Old State:16-cycle=100, Elapsed Time:   20.0,  Ideal Time:   19.8,  Delay time =   0.04  New State:ENGN_StateRunning_SamplingComplete
2025/10/08 15:08:07.0 Old State:18-ENGN_StateRunning_SamplingComplete New State:ENGN_StateRunning_WaitNewStep
2025/10/08 15:08:07.4 Old State:5-ENGN_StateRunning_WaitNewStep New State:ENGN_StateRunning_StartNewStep
2025/10/08 15:08:07.4 StartShaker(1000)
2025/10/08 15:08:07.7 Temp: 2025/10/08 15:08:07, 30.0000
2025/10/08 15:08:07.7 Old State:6-ENGN_StateRunning_StartNewStep New State:ENGN_StateRunning_WaitGoingToSample
2025/10/08 15:08:07.7 Sample96_Q(0, 0, 1)
2025/10/08 15:08:07.8 
2025/10/08 15:08:07.8 START SCAN: 
2025/10/08 15:08:07.8    CycleTime (ms)    = 200
2025/10/08 15:08:07.8    CycleCount        = 100
2025/10/08 15:08:07.8    ScansToAverage    = 20
2025/10/08 15:08:07.8    FinishTime (s)    = 20
2025/10/08 15:08:07.8    Temperature       = 30.0
2025/10/08 15:08:07.8    Lamp Power        = 36
2025/10/08 15:08:07.8    Spec PCB temps    = 40.1, 40.6, 40.7, 40.6, 40.7, 40.9, 38.9, 39.7
2025/10/08 15:08:07.8 
2025/10/08 15:08:07.8 GMC_SetPosZ
2025/10/08 15:08:07.9 Old State:12-ENGN_StateRunning_WaitGoingToSample New State:ENGN_StateRunning_GoingToSample
2025/10/08 15:08:09.8 GMC_ServoHere
2025/10/08 15:08:10.0 GMC_SetPosXY
2025/10/08 15:08:10.4 GMC_SetPosZ
2025/10/08 15:08:12.7 Old State:13-ENGN_StateRunning_GoingToSample New State:ENGN_StateRunning_GoingToSampleComplete
2025/10/08 15:08:12.8 Old State:14-cycle=1, Elapsed Time:    0.0,  Ideal Time:    0.0,  Delay time =   0.00  New State:ENGN_StateRunning_WaitSampling
2025/10/08 15:08:12.8 Step started at: 15:08:07
2025/10/08 15:08:12.8 XYZ movement time  = 4876 ms + Scan start delay = 4870 ms
2025/10/08 15:08:12.9 Old State:15-ENGN_StateRunning_WaitSampling New State:ENGN_StateRunning_Sampling
2025/10/08 15:08:32.5 
2025/10/08 15:08:32.5 STOP SCAN: 
2025/10/08 15:08:32.5    CycleTime (ms)    = 200
2025/10/08 15:08:32.5    CurrentCycle      = 100
2025/10/08 15:08:32.5    RunTime (ms)      = 19956
2025/10/08 15:08:32.5    AverageCycle (ms) = 199.6
2025/10/08 15:08:32.5    Temperature       = 30.0
2025/10/08 15:08:32.5    DATA OVERRUN %    = 0.00
2025/10/08 15:08:32.5    Spec PCB temps    = 40.1, 40.6, 40.8, 40.6, 40.7, 40.9, 38.9, 39.7
2025/10/08 15:08:32.5 
2025/10/08 15:08:32.7 Old State:16-cycle=100, Elapsed Time:   20.0,  Ideal Time:   19.8,  Delay time =   0.03  New State:ENGN_StateRunning_SamplingComplete
2025/10/08 15:08:32.8 Old State:18-ENGN_StateRunning_SamplingComplete New State:ENGN_StateRunning_WaitNewStep
2025/10/08 15:08:33.1 Old State:5-ENGN_StateRunning_WaitNewStep New State:ENGN_StateRunning_StartNewStep
2025/10/08 15:08:33.1 StartShaker(1000)
2025/10/08 15:08:33.4 Temp: 2025/10/08 15:08:33, 30.0000
2025/10/08 15:08:33.5 Old State:6-ENGN_StateRunning_StartNewStep New State:ENGN_StateRunning_WaitGoingToSample
2025/10/08 15:08:33.5 Sample96_Q(0, 0, 0)
2025/10/08 15:08:33.5 
2025/10/08 15:08:33.5 START SCAN: 
2025/10/08 15:08:33.5    CycleTime (ms)    = 200
2025/10/08 15:08:33.5    CycleCount        = 100
2025/10/08 15:08:33.5    ScansToAverage    = 20
2025/10/08 15:08:33.5    FinishTime (s)    = 20
2025/10/08 15:08:33.5    Temperature       = 30.0
2025/10/08 15:08:33.5    Lamp Power        = 36
2025/10/08 15:08:33.5    Spec PCB temps    = 40.1, 40.6, 40.7, 40.6, 40.7, 40.9, 38.9, 39.7
2025/10/08 15:08:33.5 
2025/10/08 15:08:33.6 Old State:12-ENGN_StateRunning_WaitGoingToSample New State:ENGN_StateRunning_GoingToSample
2025/10/08 15:08:33.6 GMC_SetPosZ
2025/10/08 15:08:35.8 GMC_ServoHere
2025/10/08 15:08:35.9 GMC_SetPosXY
2025/10/08 15:08:36.3 GMC_SetPosZ
2025/10/08 15:08:38.4 Old State:13-ENGN_StateRunning_GoingToSample New State:ENGN_StateRunning_GoingToSampleComplete
2025/10/08 15:08:38.5 Old State:14-cycle=1, Elapsed Time:    0.0,  Ideal Time:    0.0,  Delay time =   0.00  New State:ENGN_StateRunning_WaitSampling
2025/10/08 15:08:38.5 Step started at: 15:08:33
2025/10/08 15:08:38.5 XYZ movement time  = 4914 ms + Scan start delay = 4914 ms
2025/10/08 15:08:38.6 Old State:15-ENGN_StateRunning_WaitSampling New State:ENGN_StateRunning_Sampling
2025/10/08 15:08:58.4 
2025/10/08 15:08:58.4 STOP SCAN: 
2025/10/08 15:08:58.4    CycleTime (ms)    = 200
2025/10/08 15:08:58.4    CurrentCycle      = 100
2025/10/08 15:08:58.4    RunTime (ms)      = 19967
2025/10/08 15:08:58.4    AverageCycle (ms) = 199.7
2025/10/08 15:08:58.4    Temperature       = 30.0
2025/10/08 15:08:58.4    DATA OVERRUN %    = 0.00
2025/10/08 15:08:58.4    Spec PCB temps    = 40.1, 40.6, 40.8, 40.6, 40.7, 40.9, 38.9, 39.7
2025/10/08 15:08:58.4 
2025/10/08 15:08:58.5 Old State:16-cycle=100, Elapsed Time:   20.0,  Ideal Time:   19.8,  Delay time =   0.04  New State:ENGN_StateRunning_SamplingComplete
2025/10/08 15:08:58.6 Old State:18-ENGN_StateRunning_SamplingComplete New State:ENGN_StateRunning_WaitNewStep
2025/10/08 15:08:58.8 Old State:5-ENGN_StateRunning_WaitNewStep New State:ENGN_StateRunning_StartNewStep
2025/10/08 15:08:58.8 StartShaker(1000)
2025/10/08 15:08:59.1 Temp: 2025/10/08 15:08:59, 30.0000
2025/10/08 15:08:59.2 Old State:6-ENGN_StateRunning_StartNewStep New State:ENGN_StateRunning_WaitGoingToSample
2025/10/08 15:08:59.2 Sample96_Q(0, 0, 2)
2025/10/08 15:08:59.3 
2025/10/08 15:08:59.3 START SCAN: 
2025/10/08 15:08:59.3    CycleTime (ms)    = 200
2025/10/08 15:08:59.3    CycleCount        = 600
2025/10/08 15:08:59.3    ScansToAverage    = 20
2025/10/08 15:08:59.3    FinishTime (s)    = 120
2025/10/08 15:08:59.3    Temperature       = 30.0
2025/10/08 15:08:59.3    Lamp Power        = 36
2025/10/08 15:08:59.3    Spec PCB temps    = 40.1, 40.6, 40.8, 40.6, 40.7, 40.9, 38.9, 39.7
2025/10/08 15:08:59.3 
2025/10/08 15:08:59.3 GMC_SetPosZ
2025/10/08 15:08:59.4 Old State:12-ENGN_StateRunning_WaitGoingToSample New State:ENGN_StateRunning_GoingToSample
2025/10/08 15:09:01.3 GMC_ServoHere
2025/10/08 15:09:01.4 GMC_SetPosXY
2025/10/08 15:09:02.0 GMC_SetPosZ
2025/10/08 15:09:04.7 Old State:13-ENGN_StateRunning_GoingToSample New State:ENGN_StateRunning_GoingToSampleComplete
2025/10/08 15:09:04.8 Old State:14-cycle=1, Elapsed Time:    0.0,  Ideal Time:    0.0,  Delay time =   0.00  New State:ENGN_StateRunning_WaitSampling
2025/10/08 15:09:04.8 Step started at: 15:08:59
2025/10/08 15:09:04.8 XYZ movement time  = 5413 ms + Scan start delay = 5381 ms
2025/10/08 15:09:04.9 Old State:15-ENGN_StateRunning_WaitSampling New State:ENGN_StateRunning_Sampling
2025/10/08 15:09:59.2 Temp: 2025/10/08 15:09:59, 30.0000
2025/10/08 15:10:59.2 Temp: 2025/10/08 15:10:59, 30.0000
2025/10/08 15:11:04.5 
2025/10/08 15:11:04.5 STOP SCAN: 
2025/10/08 15:11:04.5    CycleTime (ms)    = 200
2025/10/08 15:11:04.5    CurrentCycle      = 600
2025/10/08 15:11:04.5    RunTime (ms)      = 119982
2025/10/08 15:11:04.5    AverageCycle (ms) = 200.0
2025/10/08 15:11:04.5    Temperature       = 30.0
2025/10/08 15:11:04.5    DATA OVERRUN %    = 0.00
2025/10/08 15:11:04.5    Spec PCB temps    = 40.1, 40.6, 40.8, 40.6, 40.8, 40.9, 38.9, 39.7
2025/10/08 15:11:04.5 
2025/10/08 15:11:04.6 Old State:16-cycle=600, Elapsed Time:  120.0,  Ideal Time:  119.8,  Delay time =   0.05  New State:ENGN_StateRunning_SamplingComplete
2025/10/08 15:11:04.8 Old State:18-ENGN_StateRunning_SamplingComplete New State:ENGN_StateRunning_WaitNewStep
2025/10/08 15:11:05.1 Old State:5-ENGN_StateRunning_WaitNewStep New State:ENGN_StateRunning_StartNewStep
2025/10/08 15:11:05.1 StartShaker(1000)
2025/10/08 15:11:05.4 Old State:6-ENGN_StateRunning_StartNewStep New State:ENGN_StateRunning_WaitGoingToSample
2025/10/08 15:11:05.4 Sample96_Q(0, 0, 3)
2025/10/08 15:11:05.4 Temp: 2025/10/08 15:11:05, 30.0000
2025/10/08 15:11:05.5 GMC_SetPosZ
2025/10/08 15:11:05.5 
2025/10/08 15:11:05.5 START SCAN: 
2025/10/08 15:11:05.5    CycleTime (ms)    = 200
2025/10/08 15:11:05.5    CycleCount        = 100
2025/10/08 15:11:05.5    ScansToAverage    = 20
2025/10/08 15:11:05.5    FinishTime (s)    = 20
2025/10/08 15:11:05.5    Temperature       = 30.0
2025/10/08 15:11:05.5    Lamp Power        = 36
2025/10/08 15:11:05.5    Spec PCB temps    = 40.1, 40.6, 40.8, 40.6, 40.7, 40.9, 38.9, 39.7
2025/10/08 15:11:05.5 
2025/10/08 15:11:05.6 Old State:12-ENGN_StateRunning_WaitGoingToSample New State:ENGN_StateRunning_GoingToSample
2025/10/08 15:11:08.1 GMC_ServoHere
2025/10/08 15:11:08.2 GMC_SetPosXY
2025/10/08 15:11:08.6 GMC_SetPosZ
2025/10/08 15:11:11.6 Old State:13-cycle=1, Elapsed Time:    0.0,  Ideal Time:    0.0,  Delay time =   0.00  New State:ENGN_StateRunning_GoingToSampleComplete
2025/10/08 15:11:11.7 Old State:14-ENGN_StateRunning_GoingToSampleComplete New State:ENGN_StateRunning_WaitSampling
2025/10/08 15:11:11.7 Step started at: 15:11:05
2025/10/08 15:11:11.7 XYZ movement time  = 6154 ms + Scan start delay = 6083 ms
2025/10/08 15:11:11.8 Old State:15-ENGN_StateRunning_WaitSampling New State:ENGN_StateRunning_Sampling
2025/10/08 15:11:31.5 
2025/10/08 15:11:31.5 STOP SCAN: 
2025/10/08 15:11:31.5    CycleTime (ms)    = 200
2025/10/08 15:11:31.5    CurrentCycle      = 100
2025/10/08 15:11:31.5    RunTime (ms)      = 19954
2025/10/08 15:11:31.5    AverageCycle (ms) = 199.5
2025/10/08 15:11:31.5    Temperature       = 30.0
2025/10/08 15:11:31.5    DATA OVERRUN %    = 0.00
2025/10/08 15:11:31.5    Spec PCB temps    = 40.1, 40.6, 40.8, 40.6, 40.8, 40.9, 38.9, 39.7
2025/10/08 15:11:31.5 
2025/10/08 15:11:31.6 Old State:16-cycle=100, Elapsed Time:   20.0,  Ideal Time:   19.8,  Delay time =   0.04  New State:ENGN_StateRunning_SamplingComplete
2025/10/08 15:11:31.7 Old State:18-ENGN_StateRunning_SamplingComplete New State:ENGN_StateRunning_WaitNewStep
2025/10/08 15:11:31.9 Old State:5-ENGN_StateRunning_WaitNewStep New State:ENGN_StateRunning_StartNewStep
2025/10/08 15:11:31.9 StartShaker(1000)
2025/10/08 15:11:32.2 Old State:6-ENGN_StateRunning_StartNewStep New State:ENGN_StateRunning_WaitGoingToSample
2025/10/08 15:11:32.2 Sample96_Q(0, 0, 4)
2025/10/08 15:11:32.2 Temp: 2025/10/08 15:11:32, 30.0000
2025/10/08 15:11:32.3 GMC_SetPosZ
2025/10/08 15:11:32.3 
2025/10/08 15:11:32.3 START SCAN: 
2025/10/08 15:11:32.3    CycleTime (ms)    = 200
2025/10/08 15:11:32.3    CycleCount        = 300
2025/10/08 15:11:32.3    ScansToAverage    = 20
2025/10/08 15:11:32.3    FinishTime (s)    = 60
2025/10/08 15:11:32.3    Temperature       = 30.0
2025/10/08 15:11:32.3    Lamp Power        = 36
2025/10/08 15:11:32.3    Spec PCB temps    = 40.1, 40.6, 40.8, 40.6, 40.8, 40.9, 38.9, 39.7
2025/10/08 15:11:32.3 
2025/10/08 15:11:32.4 Old State:12-ENGN_StateRunning_WaitGoingToSample New State:ENGN_StateRunning_GoingToSample
2025/10/08 15:11:35.1 GMC_ServoHere
2025/10/08 15:11:35.2 GMC_SetPosXY
2025/10/08 15:11:35.6 GMC_SetPosZ
2025/10/08 15:11:38.9 Old State:13-ENGN_StateRunning_GoingToSample New State:ENGN_StateRunning_GoingToSampleComplete
2025/10/08 15:11:39.0 Old State:14-cycle=1, Elapsed Time:    0.0,  Ideal Time:    0.0,  Delay time =   0.00  New State:ENGN_StateRunning_WaitSampling
2025/10/08 15:11:39.0 Step started at: 15:11:32
2025/10/08 15:11:39.0 XYZ movement time  = 6671 ms + Scan start delay = 6619 ms
2025/10/08 15:11:39.1 Old State:15-ENGN_StateRunning_WaitSampling New State:ENGN_StateRunning_Sampling
2025/10/08 15:12:32.2 Temp: 2025/10/08 15:12:32, 30.0000
2025/10/08 15:12:38.8 
2025/10/08 15:12:38.8 STOP SCAN: 
2025/10/08 15:12:38.8    CycleTime (ms)    = 200
2025/10/08 15:12:38.8    CurrentCycle      = 300
2025/10/08 15:12:38.8    RunTime (ms)      = 59956
2025/10/08 15:12:38.8    AverageCycle (ms) = 199.9
2025/10/08 15:12:38.8    Temperature       = 30.0
2025/10/08 15:12:38.8    DATA OVERRUN %    = 0.00
2025/10/08 15:12:38.8    Spec PCB temps    = 40.1, 40.7, 40.8, 40.6, 40.8, 40.9, 38.9, 39.7
2025/10/08 15:12:38.8 
2025/10/08 15:12:38.9 Old State:16-cycle=300, Elapsed Time:   60.0,  Ideal Time:   59.8,  Delay time =   0.03  New State:ENGN_StateRunning_SamplingComplete
2025/10/08 15:12:39.1 Old State:18-ENGN_StateRunning_SamplingComplete New State:ENGN_StateRunning_WaitNewStep
2025/10/08 15:12:39.2 Old State:5-ENGN_StateRunning_WaitNewStep New State:ENGN_StateRunning_StartNewStep
2025/10/08 15:12:39.2 StartShaker(1000)
2025/10/08 15:12:39.5 Temp: 2025/10/08 15:12:39, 30.0000
2025/10/08 15:12:39.5 Old State:6-ENGN_StateRunning_StartNewStep New State:ENGN_StateRunning_WaitGoingToSample
2025/10/08 15:12:39.5 Sample96_Q(0, 0, 5)
2025/10/08 15:12:39.6 GMC_SetPosZ
2025/10/08 15:12:39.6 
2025/10/08 15:12:39.6 START SCAN: 
2025/10/08 15:12:39.6    CycleTime (ms)    = 200
2025/10/08 15:12:39.6    CycleCount        = 100
2025/10/08 15:12:39.6    ScansToAverage    = 20
2025/10/08 15:12:39.6    FinishTime (s)    = 20
2025/10/08 15:12:39.6    Temperature       = 30.0
2025/10/08 15:12:39.6    Lamp Power        = 36
2025/10/08 15:12:39.6    Spec PCB temps    = 40.2, 40.6, 40.8, 40.6, 40.8, 40.9, 38.9, 39.7
2025/10/08 15:12:39.6 
2025/10/08 15:12:39.7 Old State:12-ENGN_StateRunning_WaitGoingToSample New State:ENGN_StateRunning_GoingToSample
2025/10/08 15:12:42.7 GMC_ServoHere
2025/10/08 15:12:42.9 GMC_SetPosXY
2025/10/08 15:12:43.3 GMC_SetPosZ
2025/10/08 15:12:46.7 Old State:13-ENGN_StateRunning_GoingToSample New State:ENGN_StateRunning_GoingToSampleComplete
2025/10/08 15:12:46.9 Old State:14-cycle=1, Elapsed Time:    0.0,  Ideal Time:    0.0,  Delay time =   0.00  New State:ENGN_StateRunning_WaitSampling
2025/10/08 15:12:46.9 Step started at: 15:12:39
2025/10/08 15:12:46.9 XYZ movement time  = 7167 ms + Scan start delay = 7150 ms
2025/10/08 15:12:47.0 Old State:15-ENGN_StateRunning_WaitSampling New State:ENGN_StateRunning_Sampling
2025/10/08 15:13:06.6 
2025/10/08 15:13:06.6 STOP SCAN: 
2025/10/08 15:13:06.6    CycleTime (ms)    = 200
2025/10/08 15:13:06.6    CurrentCycle      = 100
2025/10/08 15:13:06.6    RunTime (ms)      = 19956
2025/10/08 15:13:06.6    AverageCycle (ms) = 199.6
2025/10/08 15:13:06.6    Temperature       = 30.0
2025/10/08 15:13:06.6    DATA OVERRUN %    = 0.00
2025/10/08 15:13:06.6    Spec PCB temps    = 40.2, 40.6, 40.9, 40.6, 40.8, 40.9, 38.9, 39.7
2025/10/08 15:13:06.6 
2025/10/08 15:13:06.8 Old State:16-cycle=100, Elapsed Time:   20.0,  Ideal Time:   19.8,  Delay time =   0.04  New State:ENGN_StateRunning_SamplingComplete
2025/10/08 15:13:06.9 Old State:18-ENGN_StateRunning_SamplingComplete New State:ENGN_StateRunning_WaitNewStep
2025/10/08 15:13:07.0 Old State:5-ENGN_StateRunning_WaitNewStep New State:ENGN_StateRunning_StartNewStep
2025/10/08 15:13:07.0 StartShaker(1000)
2025/10/08 15:13:07.3 Temp: 2025/10/08 15:13:07, 30.0000
2025/10/08 15:13:07.3 Old State:6-ENGN_StateRunning_StartNewStep New State:ENGN_StateRunning_WaitGoingToSample
2025/10/08 15:13:07.3 Sample96_Q(0, 0, 6)
2025/10/08 15:13:07.4 GMC_SetPosZ
2025/10/08 15:13:07.4 
2025/10/08 15:13:07.4 START SCAN: 
2025/10/08 15:13:07.4    CycleTime (ms)    = 200
2025/10/08 15:13:07.4    CycleCount        = 600
2025/10/08 15:13:07.4    ScansToAverage    = 20
2025/10/08 15:13:07.4    FinishTime (s)    = 120
2025/10/08 15:13:07.4    Temperature       = 30.0
2025/10/08 15:13:07.4    Lamp Power        = 36
2025/10/08 15:13:07.4    Spec PCB temps    = 40.2, 40.7, 40.9, 40.6, 40.8, 40.9, 38.9, 39.7
2025/10/08 15:13:07.4 
2025/10/08 15:13:07.5 Old State:12-ENGN_StateRunning_WaitGoingToSample New State:ENGN_StateRunning_GoingToSample
2025/10/08 15:13:10.7 GMC_ServoHere
2025/10/08 15:13:10.9 GMC_SetPosXY
2025/10/08 15:13:11.3 GMC_SetPosZ
2025/10/08 15:13:15.1 Old State:13-ENGN_StateRunning_GoingToSample New State:ENGN_StateRunning_GoingToSampleComplete
2025/10/08 15:13:15.2 Old State:14-cycle=1, Elapsed Time:    0.0,  Ideal Time:    0.0,  Delay time =   0.00  New State:ENGN_StateRunning_WaitSampling
2025/10/08 15:13:15.2 Step started at: 15:13:07
2025/10/08 15:13:15.2 XYZ movement time  = 7648 ms + Scan start delay = 7648 ms
2025/10/08 15:13:15.3 Old State:15-ENGN_StateRunning_WaitSampling New State:ENGN_StateRunning_Sampling
2025/10/08 15:14:07.3 Temp: 2025/10/08 15:14:07, 30.0000
2025/10/08 15:15:07.3 Temp: 2025/10/08 15:15:07, 30.0000
2025/10/08 15:15:14.9 
2025/10/08 15:15:14.9 STOP SCAN: 
2025/10/08 15:15:14.9    CycleTime (ms)    = 200
2025/10/08 15:15:14.9    CurrentCycle      = 600
2025/10/08 15:15:14.9    RunTime (ms)      = 119956
2025/10/08 15:15:14.9    AverageCycle (ms) = 199.9
2025/10/08 15:15:14.9    Temperature       = 30.0
2025/10/08 15:15:14.9    DATA OVERRUN %    = 0.00
2025/10/08 15:15:14.9    Spec PCB temps    = 40.2, 40.7, 40.9, 40.6, 40.9, 40.9, 38.9, 39.7
2025/10/08 15:15:14.9 
2025/10/08 15:15:15.1 Old State:16-cycle=600, Elapsed Time:  120.0,  Ideal Time:  119.8,  Delay time =   0.04  New State:ENGN_StateRunning_SamplingComplete
2025/10/08 15:15:15.2 Old State:18-ENGN_StateRunning_SamplingComplete New State:ENGN_StateRunning_WaitEjecting
2025/10/08 15:15:15.2 EJECT: To Tray, position=0,0
2025/10/08 15:15:15.2    EjectOffset = 10.0
2025/10/08 15:15:15.4 GMC_SetPosZ
2025/10/08 15:15:15.4 Old State:19-ENGN_StateRunning_WaitEjecting New State:ENGN_StateRunning_Ejecting
2025/10/08 15:15:19.1 GMC_ServoHere
2025/10/08 15:15:19.2 GMC_SetPosXY
2025/10/08 15:15:21.4 GMC_SetPosZ
2025/10/08 15:15:25.6 GMC_Eject
2025/10/08 15:15:25.6 EJECTOR: Eject
2025/10/08 15:15:34.3 GMC_HomeZ
2025/10/08 15:15:39.8 GMC_SetPosZ
2025/10/08 15:15:40.1 GMC_ServoHere
2025/10/08 15:15:40.3 GMC_SetPosZ
2025/10/08 15:15:40.5 GMC_ServoHere
2025/10/08 15:15:40.6 GMC_SetPosXY
2025/10/08 15:15:42.7 GMC_SetPosZ
2025/10/08 15:15:43.1 Old State:20-ENGN_StateRunning_Ejecting New State:ENGN_StateRunning_EjectingComplete
2025/10/08 15:15:43.2 Old State:21-ENGN_StateRunning_EjectingComplete New State:ENGN_StateRunning_WaitNewStep
2025/10/08 15:15:43.4 Old State:5-ENGN_StateRunning_WaitNewStep New State:ENGN_StateRunning_StartNewStep
2025/10/08 15:15:43.5 Old State:6-ENGN_StateRunning_StartNewStep New State:ENGN_StateRunning_WaitPickingSensors
2025/10/08 15:15:43.5 Pick(0, 1)
2025/10/08 15:15:43.7 Old State:7-ENGN_StateRunning_WaitPickingSensors New State:ENGN_StateRunning_PickingSensors
2025/10/08 15:15:43.7 GMC_SetPosZ
2025/10/08 15:15:43.7 Temp: 2025/10/08 15:15:43, 30.0000
2025/10/08 15:15:43.9 GMC_ServoHere
2025/10/08 15:15:44.0 GMC_SetPosXY
2025/10/08 15:15:46.2 GMC_SetPosZ
2025/10/08 15:15:51.6 GMC_SetPosZ
2025/10/08 15:15:52.1 Old State:8-ENGN_StateRunning_PickingSensors New State:ENGN_StateRunning_CheckingSensors
2025/10/08 15:15:52.2 
2025/10/08 15:15:52.2 Detect Sensors
2025/10/08 15:15:52.2 ==============
2025/10/08 15:15:52.2 1	YES		6.6	5798.2
2025/10/08 15:15:52.2 2	YES		6.2	5204.2
2025/10/08 15:15:52.2 3	YES		6.2	7009.6
2025/10/08 15:15:52.2 4	YES		6.2	6005.8
2025/10/08 15:15:52.2 5	YES		5.8	4868.4
2025/10/08 15:15:52.2 6	YES		6.8	5211.9
2025/10/08 15:15:52.2 7	YES		6.1	6636.7
2025/10/08 15:15:52.2 8	YES		6.6	6763.1
2025/10/08 15:15:52.2 
2025/10/08 15:15:52.4 CH1: Correction Factor = 2.4451
2025/10/08 15:15:52.4 DFIO: Start writing C:\ForteBio\Bill\20251008 UPFB0001\251008_001.frd
2025/10/08 15:15:52.4 CH2: Correction Factor = 2.70873
2025/10/08 15:15:52.4 CH3: Correction Factor = 2.09038
2025/10/08 15:15:52.4 CH4: Correction Factor = 2.35143
2025/10/08 15:15:52.4 CH5: Correction Factor = 3.01139
2025/10/08 15:15:52.4 CH6: Correction Factor = 2.92711
2025/10/08 15:15:52.4 CH7: Correction Factor = 2.17143
2025/10/08 15:15:52.4 CH8: Correction Factor = 2.1043
2025/10/08 15:15:52.4 DFIO: Finished writing C:\ForteBio\Bill\20251008 UPFB0001\251008_001.frd
2025/10/08 15:15:52.4 DFIO: Start writing C:\ForteBio\Bill\20251008 UPFB0001\251008_002.frd
2025/10/08 15:15:52.4 DFIO: Finished writing C:\ForteBio\Bill\20251008 UPFB0001\251008_002.frd
2025/10/08 15:15:52.4 DFIO: Start writing C:\ForteBio\Bill\20251008 UPFB0001\251008_003.frd
2025/10/08 15:15:52.4 DFIO: Finished writing C:\ForteBio\Bill\20251008 UPFB0001\251008_003.frd
2025/10/08 15:15:52.4 DFIO: Start writing C:\ForteBio\Bill\20251008 UPFB0001\251008_004.frd
2025/10/08 15:15:52.4 DFIO: Finished writing C:\ForteBio\Bill\20251008 UPFB0001\251008_004.frd
2025/10/08 15:15:52.4 DFIO: Start writing C:\ForteBio\Bill\20251008 UPFB0001\251008_005.frd
2025/10/08 15:15:52.4 DFIO: Finished writing C:\ForteBio\Bill\20251008 UPFB0001\251008_005.frd
2025/10/08 15:15:52.4 DFIO: Start writing C:\ForteBio\Bill\20251008 UPFB0001\251008_006.frd
2025/10/08 15:15:52.4 DFIO: Finished writing C:\ForteBio\Bill\20251008 UPFB0001\251008_006.frd
2025/10/08 15:15:52.4 DFIO: Start writing C:\ForteBio\Bill\20251008 UPFB0001\251008_007.frd
2025/10/08 15:15:52.4 DFIO: Finished writing C:\ForteBio\Bill\20251008 UPFB0001\251008_007.frd
2025/10/08 15:15:52.4 DFIO: Start writing C:\ForteBio\Bill\20251008 UPFB0001\251008_008.frd
2025/10/08 15:15:52.4 DFIO: Finished writing C:\ForteBio\Bill\20251008 UPFB0001\251008_008.frd
2025/10/08 15:15:52.4 DFIO: Finished writing C:\ForteBio\Bill\20251008 UPFB0001\251008_Manifest.fmx
2025/10/08 15:15:52.6 CH1: Correction Factor = 1.07458
2025/10/08 15:15:52.6 CH2: Correction Factor = 1.08126
2025/10/08 15:15:52.6 CH3: Correction Factor = 1.06442
2025/10/08 15:15:52.6 CH4: Correction Factor = 1.06996
2025/10/08 15:15:52.6 CH5: Correction Factor = 1.10836
2025/10/08 15:15:52.6 CH6: Correction Factor = 1.11306
2025/10/08 15:15:52.6 CH7: Correction Factor = 1.06614
2025/10/08 15:15:52.6 CH8: Correction Factor = 1.08795
2025/10/08 15:15:52.7 CH1: Correction Factor = 1.01026
2025/10/08 15:15:52.7 CH2: Correction Factor = 1.01031
2025/10/08 15:15:52.7 CH3: Correction Factor = 1.01027
2025/10/08 15:15:52.7 CH4: Correction Factor = 1.01054
2025/10/08 15:15:52.7 CH5: Correction Factor = 0.984811
2025/10/08 15:15:52.7 CH6: Correction Factor = 0.984662
2025/10/08 15:15:52.7 CH7: Correction Factor = 1.00997
2025/10/08 15:15:52.7 CH8: Correction Factor = 0.98908
2025/10/08 15:15:52.9 CH1: Correction Factor = 1.00035
2025/10/08 15:15:52.9 CH2: Correction Factor = 1.00185
2025/10/08 15:15:52.9 CH3: Correction Factor = 1.00248
2025/10/08 15:15:52.9 CH4: Correction Factor = 1.00008
2025/10/08 15:15:52.9 CH5: Correction Factor = 0.996897
2025/10/08 15:15:52.9 CH6: Correction Factor = 0.997262
2025/10/08 15:15:52.9 CH7: Correction Factor = 1.00232
2025/10/08 15:15:52.9 CH8: Correction Factor = 0.996166
2025/10/08 15:15:53.1 CH1: Correction Factor = 1.00043
2025/10/08 15:15:53.1 CH2: Correction Factor = 0.998682
2025/10/08 15:15:53.1 CH3: Correction Factor = 0.998837
2025/10/08 15:15:53.1 CH4: Correction Factor = 1.00019
2025/10/08 15:15:53.1 CH5: Correction Factor = 1.00016
2025/10/08 15:15:53.1 CH6: Correction Factor = 1.00039
2025/10/08 15:15:53.1 CH7: Correction Factor = 0.998761
2025/10/08 15:15:53.1 CH8: Correction Factor = 1.00028
2025/10/08 15:15:53.3 CH1: Correction Factor = 1.00032
2025/10/08 15:15:53.3 CH2: Correction Factor = 0.998603
2025/10/08 15:15:53.3 CH3: Correction Factor = 0.998907
2025/10/08 15:15:53.3 CH4: Correction Factor = 1.0001
2025/10/08 15:15:53.3 CH5: Correction Factor = 1.0001
2025/10/08 15:15:53.3 CH6: Correction Factor = 0.997751
2025/10/08 15:15:53.3 CH7: Correction Factor = 0.998485
2025/10/08 15:15:53.3 CH8: Correction Factor = 1.00023
2025/10/08 15:15:53.3 Sensor 1: Integration Time = 2.66 ms
2025/10/08 15:15:53.3 Sensor 2: Integration Time = 2.96 ms
2025/10/08 15:15:53.3 Sensor 3: Integration Time = 2.25 ms
2025/10/08 15:15:53.3 Sensor 4: Integration Time = 2.54 ms
2025/10/08 15:15:53.3 Sensor 5: Integration Time = 3.28 ms
2025/10/08 15:15:53.3 Sensor 6: Integration Time = 3.19 ms
2025/10/08 15:15:53.3 Sensor 7: Integration Time = 2.34 ms
2025/10/08 15:15:53.3 Sensor 8: Integration Time = 2.26 ms
2025/10/08 15:15:53.3 WaitControllerIdle(30000)
2025/10/08 15:15:53.4 GMC_HomeZ
2025/10/08 15:15:59.9 GMC_SetPosZ
2025/10/08 15:16:00.3 GMC_ServoHere
2025/10/08 15:16:00.6 Old State:9-ENGN_StateRunning_CheckingSensors New State:ENGN_StateRunning_PickingSensorsComplete
2025/10/08 15:16:00.6 StartShaker(1000)
2025/10/08 15:16:00.6 Integration Time: 2.66,2.96,2.25,2.54,3.28,3.19,2.34,2.26,
2025/10/08 15:16:00.9 Old State:10-ENGN_StateRunning_PickingSensorsComplete New State:ENGN_StateRunning_WaitGoingToSample
2025/10/08 15:16:00.9 Sample96_Q(0, 0, 0)
2025/10/08 15:16:00.9 Plate 1 temperature = 30 C
2025/10/08 15:16:00.9 Pickups: 3019, Warn: 90, Error: 100
2025/10/08 15:16:01.0 
2025/10/08 15:16:01.0 START SCAN: 
2025/10/08 15:16:01.0    CycleTime (ms)    = 200
2025/10/08 15:16:01.0    CycleCount        = 900
2025/10/08 15:16:01.0    ScansToAverage    = 20
2025/10/08 15:16:01.0    FinishTime (s)    = 180
2025/10/08 15:16:01.0    Temperature       = 30.0
2025/10/08 15:16:01.0    Lamp Power        = 36
2025/10/08 15:16:01.0    Spec PCB temps    = 40.2, 40.7, 40.9, 40.6, 40.9, 40.9, 38.9, 39.7
2025/10/08 15:16:01.0 
2025/10/08 15:16:01.0 GMC_SetPosZ
2025/10/08 15:16:01.1 Old State:12-ENGN_StateRunning_WaitGoingToSample New State:ENGN_StateRunning_GoingToSample
2025/10/08 15:16:01.2 GMC_ServoHere
2025/10/08 15:16:01.4 GMC_SetPosXY
2025/10/08 15:16:03.6 GMC_SetPosZ
2025/10/08 15:16:05.7 Old State:13-ENGN_StateRunning_GoingToSample New State:ENGN_StateRunning_GoingToSampleComplete
2025/10/08 15:16:05.8 Old State:14-cycle=1, Elapsed Time:    0.0,  Ideal Time:    0.0,  Delay time =   0.00  New State:ENGN_StateRunning_WaitSampling
2025/10/08 15:16:05.8 Step started at: 15:16:01
2025/10/08 15:16:05.8 XYZ movement time  = 4753 ms + Scan start delay = 4698 ms
2025/10/08 15:16:05.9 Old State:15-ENGN_StateRunning_WaitSampling New State:ENGN_StateRunning_Sampling
2025/10/08 15:16:43.8 Temp: 2025/10/08 15:16:43, 30.0000
2025/10/08 15:17:43.9 Temp: 2025/10/08 15:17:43, 30.0000
2025/10/08 15:18:43.9 Temp: 2025/10/08 15:18:43, 30.0000
2025/10/08 15:19:05.6 
2025/10/08 15:19:05.6 STOP SCAN: 
2025/10/08 15:19:05.6    CycleTime (ms)    = 200
2025/10/08 15:19:05.6    CurrentCycle      = 900
2025/10/08 15:19:05.6    RunTime (ms)      = 179981
2025/10/08 15:19:05.6    AverageCycle (ms) = 200.0
2025/10/08 15:19:05.6    Temperature       = 30.0
2025/10/08 15:19:05.6    DATA OVERRUN %    = 0.00
2025/10/08 15:19:05.6    Spec PCB temps    = 40.2, 40.7, 40.9, 40.6, 40.9, 40.9, 39.0, 39.7
2025/10/08 15:19:05.6 
2025/10/08 15:19:05.7 Old State:16-cycle=900, Elapsed Time:  180.0,  Ideal Time:  179.8,  Delay time =   0.04  New State:ENGN_StateRunning_SamplingComplete
2025/10/08 15:19:05.8 Old State:18-ENGN_StateRunning_SamplingComplete New State:ENGN_StateRunning_WaitNewStep
2025/10/08 15:19:05.9 Old State:5-ENGN_StateRunning_WaitNewStep New State:ENGN_StateRunning_StartNewStep
2025/10/08 15:19:05.9 StartShaker(1000)
2025/10/08 15:19:06.2 Temp: 2025/10/08 15:19:06, 30.0000
2025/10/08 15:19:06.2 Old State:6-ENGN_StateRunning_StartNewStep New State:ENGN_StateRunning_WaitGoingToSample
2025/10/08 15:19:06.2 Sample96_Q(0, 0, 1)
2025/10/08 15:19:06.3 GMC_SetPosZ
2025/10/08 15:19:06.3 
2025/10/08 15:19:06.3 START SCAN: 
2025/10/08 15:19:06.3    CycleTime (ms)    = 200
2025/10/08 15:19:06.3    CycleCount        = 100
2025/10/08 15:19:06.3    ScansToAverage    = 20
2025/10/08 15:19:06.3    FinishTime (s)    = 20
2025/10/08 15:19:06.3    Temperature       = 30.0
2025/10/08 15:19:06.3    Lamp Power        = 36
2025/10/08 15:19:06.3    Spec PCB temps    = 40.2, 40.7, 40.9, 40.6, 40.9, 40.9, 39.0, 39.7
2025/10/08 15:19:06.3 
2025/10/08 15:19:06.4 Old State:12-ENGN_StateRunning_WaitGoingToSample New State:ENGN_StateRunning_GoingToSample
2025/10/08 15:19:08.3 GMC_ServoHere
2025/10/08 15:19:08.4 GMC_SetPosXY
2025/10/08 15:19:08.8 GMC_SetPosZ
2025/10/08 15:19:11.1 Old State:13-ENGN_StateRunning_GoingToSample New State:ENGN_StateRunning_GoingToSampleComplete
2025/10/08 15:19:11.2 Old State:14-cycle=1, Elapsed Time:    0.0,  Ideal Time:    0.0,  Delay time =   0.00  New State:ENGN_StateRunning_WaitSampling
2025/10/08 15:19:11.2 Step started at: 15:19:06
2025/10/08 15:19:11.2 XYZ movement time  = 4828 ms + Scan start delay = 4765 ms
2025/10/08 15:19:11.3 Old State:15-ENGN_StateRunning_WaitSampling New State:ENGN_StateRunning_Sampling
2025/10/08 15:19:31.0 
2025/10/08 15:19:31.0 STOP SCAN: 
2025/10/08 15:19:31.0    CycleTime (ms)    = 200
2025/10/08 15:19:31.0    CurrentCycle      = 100
2025/10/08 15:19:31.0    RunTime (ms)      = 19994
2025/10/08 15:19:31.0    AverageCycle (ms) = 199.9
2025/10/08 15:19:31.0    Temperature       = 30.0
2025/10/08 15:19:31.0    DATA OVERRUN %    = 0.00
2025/10/08 15:19:31.0    Spec PCB temps    = 40.2, 40.7, 40.9, 40.6, 40.9, 40.9, 39.0, 39.7
2025/10/08 15:19:31.0 
2025/10/08 15:19:31.1 Old State:16-cycle=100, Elapsed Time:   20.0,  Ideal Time:   19.8,  Delay time =   0.04  New State:ENGN_StateRunning_SamplingComplete
2025/10/08 15:19:31.3 Old State:18-ENGN_StateRunning_SamplingComplete New State:ENGN_StateRunning_WaitNewStep
2025/10/08 15:19:31.4 Old State:5-ENGN_StateRunning_WaitNewStep New State:ENGN_StateRunning_StartNewStep
2025/10/08 15:19:31.4 StartShaker(1000)
2025/10/08 15:19:31.6 Temp: 2025/10/08 15:19:31, 30.0000
2025/10/08 15:19:31.7 Old State:6-ENGN_StateRunning_StartNewStep New State:ENGN_StateRunning_WaitGoingToSample
2025/10/08 15:19:31.7 Sample96_Q(0, 0, 0)
2025/10/08 15:19:31.8 GMC_SetPosZ
2025/10/08 15:19:31.8 
2025/10/08 15:19:31.8 START SCAN: 
2025/10/08 15:19:31.8    CycleTime (ms)    = 200
2025/10/08 15:19:31.8    CycleCount        = 100
2025/10/08 15:19:31.8    ScansToAverage    = 20
2025/10/08 15:19:31.8    FinishTime (s)    = 20
2025/10/08 15:19:31.8    Temperature       = 30.0
2025/10/08 15:19:31.8    Lamp Power        = 36
2025/10/08 15:19:31.8    Spec PCB temps    = 40.2, 40.7, 40.9, 40.6, 40.9, 40.9, 39.0, 39.7
2025/10/08 15:19:31.8 
2025/10/08 15:19:31.9 Old State:12-ENGN_StateRunning_WaitGoingToSample New State:ENGN_StateRunning_GoingToSample
2025/10/08 15:19:33.9 GMC_ServoHere
2025/10/08 15:19:34.1 GMC_SetPosXY
2025/10/08 15:19:34.4 GMC_SetPosZ
2025/10/08 15:19:36.5 Old State:13-ENGN_StateRunning_GoingToSample New State:ENGN_StateRunning_GoingToSampleComplete
2025/10/08 15:19:36.6 Old State:14-cycle=1, Elapsed Time:    0.0,  Ideal Time:    0.0,  Delay time =   0.00  New State:ENGN_StateRunning_WaitSampling
2025/10/08 15:19:36.6 Step started at: 15:19:31
2025/10/08 15:19:36.6 XYZ movement time  = 4694 ms + Scan start delay = 4642 ms
2025/10/08 15:19:36.7 Old State:15-ENGN_StateRunning_WaitSampling New State:ENGN_StateRunning_Sampling
2025/10/08 15:19:56.3 
2025/10/08 15:19:56.3 STOP SCAN: 
2025/10/08 15:19:56.3    CycleTime (ms)    = 200
2025/10/08 15:19:56.3    CurrentCycle      = 100
2025/10/08 15:19:56.3    RunTime (ms)      = 19956
2025/10/08 15:19:56.3    AverageCycle (ms) = 199.6
2025/10/08 15:19:56.3    Temperature       = 30.0
2025/10/08 15:19:56.3    DATA OVERRUN %    = 0.00
2025/10/08 15:19:56.3    Spec PCB temps    = 40.2, 40.7, 40.9, 40.6, 40.9, 40.9, 39.0, 39.7
2025/10/08 15:19:56.3 
2025/10/08 15:19:56.4 Old State:16-cycle=100, Elapsed Time:   20.0,  Ideal Time:   19.8,  Delay time =   0.04  New State:ENGN_StateRunning_SamplingComplete
2025/10/08 15:19:56.5 Old State:18-ENGN_StateRunning_SamplingComplete New State:ENGN_StateRunning_WaitNewStep
2025/10/08 15:19:56.7 Old State:5-ENGN_StateRunning_WaitNewStep New State:ENGN_StateRunning_StartNewStep
2025/10/08 15:19:56.7 StartShaker(1000)
2025/10/08 15:19:57.0 Temp: 2025/10/08 15:19:57, 30.0000
2025/10/08 15:19:57.1 Old State:6-ENGN_StateRunning_StartNewStep New State:ENGN_StateRunning_WaitGoingToSample
2025/10/08 15:19:57.1 Sample96_Q(0, 0, 1)
2025/10/08 15:19:57.2 
2025/10/08 15:19:57.2 START SCAN: 
2025/10/08 15:19:57.2    CycleTime (ms)    = 200
2025/10/08 15:19:57.2    CycleCount        = 100
2025/10/08 15:19:57.2    ScansToAverage    = 20
2025/10/08 15:19:57.2    FinishTime (s)    = 20
2025/10/08 15:19:57.2    Temperature       = 30.0
2025/10/08 15:19:57.2    Lamp Power        = 36
2025/10/08 15:19:57.2    Spec PCB temps    = 40.2, 40.7, 40.9, 40.6, 40.9, 40.9, 39.0, 39.7
2025/10/08 15:19:57.2 
2025/10/08 15:19:57.2 GMC_SetPosZ
2025/10/08 15:19:57.3 Old State:12-ENGN_StateRunning_WaitGoingToSample New State:ENGN_StateRunning_GoingToSample
2025/10/08 15:19:59.2 GMC_ServoHere
2025/10/08 15:19:59.4 GMC_SetPosXY
2025/10/08 15:19:59.8 GMC_SetPosZ
2025/10/08 15:20:02.1 Old State:13-ENGN_StateRunning_GoingToSample New State:ENGN_StateRunning_GoingToSampleComplete
2025/10/08 15:20:02.2 Old State:14-cycle=1, Elapsed Time:    0.0,  Ideal Time:    0.0,  Delay time =   0.00  New State:ENGN_StateRunning_WaitSampling
2025/10/08 15:20:02.2 Step started at: 15:19:57
2025/10/08 15:20:02.2 XYZ movement time  = 4957 ms + Scan start delay = 4890 ms
2025/10/08 15:20:02.3 Old State:15-ENGN_StateRunning_WaitSampling New State:ENGN_StateRunning_Sampling
2025/10/08 15:20:22.0 
2025/10/08 15:20:22.0 STOP SCAN: 
2025/10/08 15:20:22.0    CycleTime (ms)    = 200
2025/10/08 15:20:22.0    CurrentCycle      = 100
2025/10/08 15:20:22.0    RunTime (ms)      = 20002
2025/10/08 15:20:22.0    AverageCycle (ms) = 200.0
2025/10/08 15:20:22.0    Temperature       = 30.0
2025/10/08 15:20:22.0    DATA OVERRUN %    = 0.00
2025/10/08 15:20:22.0    Spec PCB temps    = 40.2, 40.7, 40.9, 40.6, 40.9, 40.9, 39.0, 39.7
2025/10/08 15:20:22.0 
2025/10/08 15:20:22.1 Old State:16-cycle=100, Elapsed Time:   20.0,  Ideal Time:   19.8,  Delay time =   0.04  New State:ENGN_StateRunning_SamplingComplete
2025/10/08 15:20:22.2 Old State:18-ENGN_StateRunning_SamplingComplete New State:ENGN_StateRunning_WaitNewStep
2025/10/08 15:20:22.4 Old State:5-ENGN_StateRunning_WaitNewStep New State:ENGN_StateRunning_StartNewStep
2025/10/08 15:20:22.4 StartShaker(1000)
2025/10/08 15:20:22.8 Old State:6-ENGN_StateRunning_StartNewStep New State:ENGN_StateRunning_WaitGoingToSample
2025/10/08 15:20:22.8 Sample96_Q(0, 0, 0)
2025/10/08 15:20:22.8 Temp: 2025/10/08 15:20:22, 30.0000
2025/10/08 15:20:22.9 
2025/10/08 15:20:22.9 START SCAN: 
2025/10/08 15:20:22.9    CycleTime (ms)    = 200
2025/10/08 15:20:22.9    CycleCount        = 100
2025/10/08 15:20:22.9    ScansToAverage    = 20
2025/10/08 15:20:22.9    FinishTime (s)    = 20
2025/10/08 15:20:22.9    Temperature       = 30.0
2025/10/08 15:20:22.9    Lamp Power        = 36
2025/10/08 15:20:22.9    Spec PCB temps    = 40.2, 40.7, 40.9, 40.6, 40.9, 40.9, 39.0, 39.7
2025/10/08 15:20:22.9 
2025/10/08 15:20:22.9 GMC_SetPosZ
2025/10/08 15:20:22.9 Old State:12-ENGN_StateRunning_WaitGoingToSample New State:ENGN_StateRunning_GoingToSample
2025/10/08 15:20:25.1 GMC_ServoHere
2025/10/08 15:20:25.2 GMC_SetPosXY
2025/10/08 15:20:25.6 GMC_SetPosZ
2025/10/08 15:20:27.7 Old State:13-ENGN_StateRunning_GoingToSample New State:ENGN_StateRunning_GoingToSampleComplete
2025/10/08 15:20:27.8 Old State:14-cycle=1, Elapsed Time:    0.0,  Ideal Time:    0.0,  Delay time =   0.00  New State:ENGN_StateRunning_WaitSampling
2025/10/08 15:20:27.8 Step started at: 15:20:22
2025/10/08 15:20:27.8 XYZ movement time  = 4914 ms + Scan start delay = 4878 ms
2025/10/08 15:20:27.9 Old State:15-ENGN_StateRunning_WaitSampling New State:ENGN_StateRunning_Sampling
2025/10/08 15:20:47.6 
2025/10/08 15:20:47.6 STOP SCAN: 
2025/10/08 15:20:47.6    CycleTime (ms)    = 200
2025/10/08 15:20:47.6    CurrentCycle      = 100
2025/10/08 15:20:47.6    RunTime (ms)      = 19986
2025/10/08 15:20:47.6    AverageCycle (ms) = 199.9
2025/10/08 15:20:47.6    Temperature       = 30.0
2025/10/08 15:20:47.6    DATA OVERRUN %    = 0.00
2025/10/08 15:20:47.6    Spec PCB temps    = 40.2, 40.7, 40.9, 40.6, 40.9, 40.9, 39.0, 39.7
2025/10/08 15:20:47.6 
2025/10/08 15:20:47.8 Old State:16-cycle=100, Elapsed Time:   20.0,  Ideal Time:   19.8,  Delay time =   0.01  New State:ENGN_StateRunning_SamplingComplete
2025/10/08 15:20:47.9 Old State:18-ENGN_StateRunning_SamplingComplete New State:ENGN_StateRunning_WaitNewStep
2025/10/08 15:20:48.2 Old State:5-ENGN_StateRunning_WaitNewStep New State:ENGN_StateRunning_StartNewStep
2025/10/08 15:20:48.2 StartShaker(1000)
2025/10/08 15:20:48.5 Temp: 2025/10/08 15:20:48, 30.0000
2025/10/08 15:20:48.6 Old State:6-ENGN_StateRunning_StartNewStep New State:ENGN_StateRunning_WaitGoingToSample
2025/10/08 15:20:48.6 Sample96_Q(0, 0, 1)
2025/10/08 15:20:48.7 
2025/10/08 15:20:48.7 START SCAN: 
2025/10/08 15:20:48.7    CycleTime (ms)    = 200
2025/10/08 15:20:48.7    CycleCount        = 100
2025/10/08 15:20:48.7    ScansToAverage    = 20
2025/10/08 15:20:48.7    FinishTime (s)    = 20
2025/10/08 15:20:48.7    Temperature       = 30.0
2025/10/08 15:20:48.7    Lamp Power        = 36
2025/10/08 15:20:48.7    Spec PCB temps    = 40.2, 40.7, 40.9, 40.6, 40.9, 40.9, 39.0, 39.7
2025/10/08 15:20:48.7 
2025/10/08 15:20:48.7 GMC_SetPosZ
2025/10/08 15:20:48.8 Old State:12-ENGN_StateRunning_WaitGoingToSample New State:ENGN_StateRunning_GoingToSample
2025/10/08 15:20:50.7 GMC_ServoHere
2025/10/08 15:20:50.9 GMC_SetPosXY
2025/10/08 15:20:51.2 GMC_SetPosZ
2025/10/08 15:20:53.5 Old State:13-ENGN_StateRunning_GoingToSample New State:ENGN_StateRunning_GoingToSampleComplete
2025/10/08 15:20:53.6 Old State:14-cycle=1, Elapsed Time:    0.0,  Ideal Time:    0.0,  Delay time =   0.00  New State:ENGN_StateRunning_WaitSampling
2025/10/08 15:20:53.6 Step started at: 15:20:48
2025/10/08 15:20:53.6 XYZ movement time  = 4893 ms + Scan start delay = 4882 ms
2025/10/08 15:20:53.7 Old State:15-ENGN_StateRunning_WaitSampling New State:ENGN_StateRunning_Sampling
2025/10/08 15:21:13.4 
2025/10/08 15:21:13.4 STOP SCAN: 
2025/10/08 15:21:13.4    CycleTime (ms)    = 200
2025/10/08 15:21:13.4    CurrentCycle      = 100
2025/10/08 15:21:13.4    RunTime (ms)      = 19993
2025/10/08 15:21:13.4    AverageCycle (ms) = 199.9
2025/10/08 15:21:13.4    Temperature       = 30.0
2025/10/08 15:21:13.4    DATA OVERRUN %    = 0.00
2025/10/08 15:21:13.4    Spec PCB temps    = 40.2, 40.7, 40.9, 40.6, 40.9, 40.9, 39.0, 39.7
2025/10/08 15:21:13.4 
2025/10/08 15:21:13.6 Old State:16-cycle=100, Elapsed Time:   20.0,  Ideal Time:   19.8,  Delay time =   0.04  New State:ENGN_StateRunning_SamplingComplete
2025/10/08 15:21:13.7 Old State:18-ENGN_StateRunning_SamplingComplete New State:ENGN_StateRunning_WaitNewStep
2025/10/08 15:21:13.9 Old State:5-ENGN_StateRunning_WaitNewStep New State:ENGN_StateRunning_StartNewStep
2025/10/08 15:21:13.9 StartShaker(1000)
2025/10/08 15:21:14.3 Old State:6-ENGN_StateRunning_StartNewStep New State:ENGN_StateRunning_WaitGoingToSample
2025/10/08 15:21:14.3 Sample96_Q(0, 0, 0)
2025/10/08 15:21:14.3 Temp: 2025/10/08 15:21:14, 30.0000
2025/10/08 15:21:14.4 
2025/10/08 15:21:14.4 START SCAN: 
2025/10/08 15:21:14.4    CycleTime (ms)    = 200
2025/10/08 15:21:14.4    CycleCount        = 100
2025/10/08 15:21:14.4    ScansToAverage    = 20
2025/10/08 15:21:14.4    FinishTime (s)    = 20
2025/10/08 15:21:14.4    Temperature       = 30.0
2025/10/08 15:21:14.4    Lamp Power        = 36
2025/10/08 15:21:14.4    Spec PCB temps    = 40.2, 40.7, 40.9, 40.6, 40.9, 40.9, 39.0, 39.7
2025/10/08 15:21:14.4 
2025/10/08 15:21:14.4 GMC_SetPosZ
2025/10/08 15:21:14.4 Old State:12-ENGN_StateRunning_WaitGoingToSample New State:ENGN_StateRunning_GoingToSample
2025/10/08 15:21:16.6 GMC_ServoHere
2025/10/08 15:21:16.7 GMC_SetPosXY
2025/10/08 15:21:17.1 GMC_SetPosZ
2025/10/08 15:21:19.1 Old State:13-ENGN_StateRunning_GoingToSample New State:ENGN_StateRunning_GoingToSampleComplete
2025/10/08 15:21:19.2 Old State:14-cycle=1, Elapsed Time:    0.0,  Ideal Time:    0.0,  Delay time =   0.00  New State:ENGN_StateRunning_WaitSampling
2025/10/08 15:21:19.2 Step started at: 15:21:14
2025/10/08 15:21:19.2 XYZ movement time  = 4746 ms + Scan start delay = 4741 ms
2025/10/08 15:21:19.3 Old State:15-ENGN_StateRunning_WaitSampling New State:ENGN_StateRunning_Sampling
2025/10/08 15:21:39.0 
2025/10/08 15:21:39.0 STOP SCAN: 
2025/10/08 15:21:39.0    CycleTime (ms)    = 200
2025/10/08 15:21:39.0    CurrentCycle      = 100
2025/10/08 15:21:39.0    RunTime (ms)      = 19959
2025/10/08 15:21:39.0    AverageCycle (ms) = 199.6
2025/10/08 15:21:39.0    Temperature       = 30.0
2025/10/08 15:21:39.0    DATA OVERRUN %    = 0.00
2025/10/08 15:21:39.0    Spec PCB temps    = 40.2, 40.7, 40.9, 40.6, 40.9, 40.9, 39.0, 39.7
2025/10/08 15:21:39.0 
2025/10/08 15:21:39.1 Old State:16-cycle=100, Elapsed Time:   20.0,  Ideal Time:   19.8,  Delay time =   0.04  New State:ENGN_StateRunning_SamplingComplete
2025/10/08 15:21:39.2 Old State:18-ENGN_StateRunning_SamplingComplete New State:ENGN_StateRunning_WaitNewStep
2025/10/08 15:21:39.4 Old State:5-ENGN_StateRunning_WaitNewStep New State:ENGN_StateRunning_StartNewStep
2025/10/08 15:21:39.4 StartShaker(1000)
2025/10/08 15:21:39.6 Temp: 2025/10/08 15:21:39, 30.0000
2025/10/08 15:21:39.8 Old State:6-ENGN_StateRunning_StartNewStep New State:ENGN_StateRunning_WaitGoingToSample
2025/10/08 15:21:39.8 Sample96_Q(0, 0, 2)
2025/10/08 15:21:39.9 
2025/10/08 15:21:39.9 START SCAN: 
2025/10/08 15:21:39.9    CycleTime (ms)    = 200
2025/10/08 15:21:39.9    CycleCount        = 600
2025/10/08 15:21:39.9    ScansToAverage    = 20
2025/10/08 15:21:39.9    FinishTime (s)    = 120
2025/10/08 15:21:39.9    Temperature       = 30.0
2025/10/08 15:21:39.9    Lamp Power        = 36
2025/10/08 15:21:39.9    Spec PCB temps    = 40.2, 40.7, 40.9, 40.6, 40.9, 40.9, 39.0, 39.7
2025/10/08 15:21:39.9 
2025/10/08 15:21:39.9 GMC_SetPosZ
2025/10/08 15:21:39.9 Old State:12-ENGN_StateRunning_WaitGoingToSample New State:ENGN_StateRunning_GoingToSample
2025/10/08 15:21:41.9 GMC_ServoHere
2025/10/08 15:21:42.0 GMC_SetPosXY
2025/10/08 15:21:42.4 GMC_SetPosZ
2025/10/08 15:21:45.1 Old State:13-ENGN_StateRunning_GoingToSample New State:ENGN_StateRunning_GoingToSampleComplete
2025/10/08 15:21:45.2 Old State:14-cycle=1, Elapsed Time:    0.0,  Ideal Time:    0.0,  Delay time =   0.00  New State:ENGN_StateRunning_WaitSampling
2025/10/08 15:21:45.2 Step started at: 15:21:39
2025/10/08 15:21:45.2 XYZ movement time  = 5239 ms + Scan start delay = 5204 ms
2025/10/08 15:21:45.3 Old State:15-ENGN_StateRunning_WaitSampling New State:ENGN_StateRunning_Sampling
2025/10/08 15:22:39.7 Temp: 2025/10/08 15:22:39, 30.0000
2025/10/08 15:23:39.7 Temp: 2025/10/08 15:23:39, 30.0000
2025/10/08 15:23:45.0 
2025/10/08 15:23:45.0 STOP SCAN: 
2025/10/08 15:23:45.0    CycleTime (ms)    = 200
2025/10/08 15:23:45.0    CurrentCycle      = 600
2025/10/08 15:23:45.0    RunTime (ms)      = 119995
2025/10/08 15:23:45.0    AverageCycle (ms) = 200.0
2025/10/08 15:23:45.0    Temperature       = 30.0
2025/10/08 15:23:45.0    DATA OVERRUN %    = 0.00
2025/10/08 15:23:45.0    Spec PCB temps    = 40.2, 40.7, 40.9, 40.6, 40.9, 40.9, 39.0, 39.7
2025/10/08 15:23:45.0 
2025/10/08 15:23:45.0 Old State:16-cycle=600, Elapsed Time:  120.0,  Ideal Time:  119.8,  Delay time =   0.04  New State:ENGN_StateRunning_SamplingComplete
2025/10/08 15:23:45.2 Old State:18-ENGN_StateRunning_SamplingComplete New State:ENGN_StateRunning_WaitNewStep
2025/10/08 15:23:45.3 Old State:5-ENGN_StateRunning_WaitNewStep New State:ENGN_StateRunning_StartNewStep
2025/10/08 15:23:45.3 StartShaker(1000)
2025/10/08 15:23:45.6 Old State:6-ENGN_StateRunning_StartNewStep New State:ENGN_StateRunning_WaitGoingToSample
2025/10/08 15:23:45.6 Sample96_Q(0, 0, 7)
2025/10/08 15:23:45.6 Temp: 2025/10/08 15:23:45, 30.0000
2025/10/08 15:23:45.7 
2025/10/08 15:23:45.7 START SCAN: 
2025/10/08 15:23:45.7    CycleTime (ms)    = 200
2025/10/08 15:23:45.7    CycleCount        = 100
2025/10/08 15:23:45.7    ScansToAverage    = 20
2025/10/08 15:23:45.7    FinishTime (s)    = 20
2025/10/08 15:23:45.7    Temperature       = 30.0
2025/10/08 15:23:45.7    Lamp Power        = 36
2025/10/08 15:23:45.7    Spec PCB temps    = 40.2, 40.7, 40.9, 40.6, 40.9, 40.9, 39.0, 39.7
2025/10/08 15:23:45.7 
2025/10/08 15:23:45.7 GMC_SetPosZ
2025/10/08 15:23:45.8 Old State:12-ENGN_StateRunning_WaitGoingToSample New State:ENGN_StateRunning_GoingToSample
2025/10/08 15:23:48.2 GMC_ServoHere
2025/10/08 15:23:48.4 GMC_SetPosXY
2025/10/08 15:23:49.3 GMC_SetPosZ
2025/10/08 15:23:53.4 Old State:13-ENGN_StateRunning_GoingToSample New State:ENGN_StateRunning_GoingToSampleComplete
2025/10/08 15:23:53.5 Old State:14-cycle=1, Elapsed Time:    0.0,  Ideal Time:    0.0,  Delay time =   0.00  New State:ENGN_StateRunning_WaitSampling
2025/10/08 15:23:53.5 Step started at: 15:23:45
2025/10/08 15:23:53.5 XYZ movement time  = 7741 ms + Scan start delay = 7750 ms
2025/10/08 15:23:53.6 Old State:15-ENGN_StateRunning_WaitSampling New State:ENGN_StateRunning_Sampling
2025/10/08 15:24:13.3 
2025/10/08 15:24:13.3 STOP SCAN: 
2025/10/08 15:24:13.3    CycleTime (ms)    = 200
2025/10/08 15:24:13.3    CurrentCycle      = 100
2025/10/08 15:24:13.3    RunTime (ms)      = 19969
2025/10/08 15:24:13.3    AverageCycle (ms) = 199.7
2025/10/08 15:24:13.3    Temperature       = 30.0
2025/10/08 15:24:13.3    DATA OVERRUN %    = 0.00
2025/10/08 15:24:13.3    Spec PCB temps    = 40.2, 40.7, 40.9, 40.6, 40.9, 40.9, 39.0, 39.7
2025/10/08 15:24:13.3 
2025/10/08 15:24:13.5 Old State:16-cycle=100, Elapsed Time:   20.0,  Ideal Time:   19.8,  Delay time =   0.04  New State:ENGN_StateRunning_SamplingComplete
2025/10/08 15:24:13.6 Old State:18-ENGN_StateRunning_SamplingComplete New State:ENGN_StateRunning_WaitNewStep
2025/10/08 15:24:13.8 Old State:5-ENGN_StateRunning_WaitNewStep New State:ENGN_StateRunning_StartNewStep
2025/10/08 15:24:13.8 StartShaker(1000)
2025/10/08 15:24:14.1 Temp: 2025/10/08 15:24:14, 30.0000
2025/10/08 15:24:14.2 Old State:6-ENGN_StateRunning_StartNewStep New State:ENGN_StateRunning_WaitGoingToSample
2025/10/08 15:24:14.2 Sample96_Q(0, 0, 8)
2025/10/08 15:24:14.2 GMC_SetPosZ
2025/10/08 15:24:14.2 
2025/10/08 15:24:14.2 START SCAN: 
2025/10/08 15:24:14.2    CycleTime (ms)    = 200
2025/10/08 15:24:14.2    CycleCount        = 300
2025/10/08 15:24:14.2    ScansToAverage    = 20
2025/10/08 15:24:14.2    FinishTime (s)    = 60
2025/10/08 15:24:14.2    Temperature       = 30.0
2025/10/08 15:24:14.2    Lamp Power        = 36
2025/10/08 15:24:14.2    Spec PCB temps    = 40.2, 40.7, 40.9, 40.6, 40.9, 40.9, 39.0, 39.7
2025/10/08 15:24:14.2 
2025/10/08 15:24:14.3 Old State:12-ENGN_StateRunning_WaitGoingToSample New State:ENGN_StateRunning_GoingToSample
2025/10/08 15:24:18.3 GMC_ServoHere
2025/10/08 15:24:18.4 GMC_SetPosXY
2025/10/08 15:24:18.8 GMC_SetPosZ
2025/10/08 15:24:23.3 Old State:13-ENGN_StateRunning_GoingToSample New State:ENGN_StateRunning_GoingToSampleComplete
2025/10/08 15:24:23.4 Old State:14-cycle=1, Elapsed Time:    0.0,  Ideal Time:    0.0,  Delay time =   0.00  New State:ENGN_StateRunning_WaitSampling
2025/10/08 15:24:23.4 Step started at: 15:24:14
2025/10/08 15:24:23.4 XYZ movement time  = 9029 ms + Scan start delay = 8988 ms
2025/10/08 15:24:23.5 Old State:15-ENGN_StateRunning_WaitSampling New State:ENGN_StateRunning_Sampling
2025/10/08 15:25:14.1 Temp: 2025/10/08 15:25:14, 30.0000
2025/10/08 15:25:23.1 
2025/10/08 15:25:23.1 STOP SCAN: 
2025/10/08 15:25:23.1    CycleTime (ms)    = 200
2025/10/08 15:25:23.1    CurrentCycle      = 300
2025/10/08 15:25:23.1    RunTime (ms)      = 59956
2025/10/08 15:25:23.1    AverageCycle (ms) = 199.9
2025/10/08 15:25:23.1    Temperature       = 30.0
2025/10/08 15:25:23.1    DATA OVERRUN %    = 0.00
2025/10/08 15:25:23.1    Spec PCB temps    = 40.2, 40.7, 40.9, 40.6, 40.9, 40.9, 39.0, 39.7
2025/10/08 15:25:23.1 
2025/10/08 15:25:23.3 Old State:16-cycle=300, Elapsed Time:   60.0,  Ideal Time:   59.8,  Delay time =   0.04  New State:ENGN_StateRunning_SamplingComplete
2025/10/08 15:25:23.4 Old State:18-ENGN_StateRunning_SamplingComplete New State:ENGN_StateRunning_WaitNewStep
2025/10/08 15:25:23.5 Old State:5-ENGN_StateRunning_WaitNewStep New State:ENGN_StateRunning_StartNewStep
2025/10/08 15:25:23.5 StartShaker(1000)
2025/10/08 15:25:23.7 Temp: 2025/10/08 15:25:23, 30.0000
2025/10/08 15:25:23.9 Old State:6-ENGN_StateRunning_StartNewStep New State:ENGN_StateRunning_WaitGoingToSample
2025/10/08 15:25:23.9 Sample96_Q(0, 0, 9)
2025/10/08 15:25:23.9 GMC_SetPosZ
2025/10/08 15:25:23.9 
2025/10/08 15:25:23.9 START SCAN: 
2025/10/08 15:25:23.9    CycleTime (ms)    = 200
2025/10/08 15:25:23.9    CycleCount        = 100
2025/10/08 15:25:23.9    ScansToAverage    = 20
2025/10/08 15:25:23.9    FinishTime (s)    = 20
2025/10/08 15:25:23.9    Temperature       = 30.0
2025/10/08 15:25:23.9    Lamp Power        = 36
2025/10/08 15:25:23.9    Spec PCB temps    = 40.2, 40.7, 40.9, 40.6, 40.9, 40.9, 39.0, 39.7
2025/10/08 15:25:23.9 
2025/10/08 15:25:24.0 Old State:12-ENGN_StateRunning_WaitGoingToSample New State:ENGN_StateRunning_GoingToSample
2025/10/08 15:25:28.1 GMC_ServoHere
2025/10/08 15:25:28.2 GMC_SetPosXY
2025/10/08 15:25:28.6 GMC_SetPosZ
2025/10/08 15:25:33.2 Old State:13-ENGN_StateRunning_GoingToSample New State:ENGN_StateRunning_GoingToSampleComplete
2025/10/08 15:25:33.3 Old State:14-cycle=1, Elapsed Time:    0.0,  Ideal Time:    0.0,  Delay time =   0.00  New State:ENGN_StateRunning_WaitSampling
2025/10/08 15:25:33.3 Step started at: 15:25:23
2025/10/08 15:25:33.3 XYZ movement time  = 9255 ms + Scan start delay = 9255 ms
2025/10/08 15:25:33.4 Old State:15-ENGN_StateRunning_WaitSampling New State:ENGN_StateRunning_Sampling
2025/10/08 15:25:53.1 
2025/10/08 15:25:53.1 STOP SCAN: 
2025/10/08 15:25:53.1    CycleTime (ms)    = 200
2025/10/08 15:25:53.1    CurrentCycle      = 100
2025/10/08 15:25:53.1    RunTime (ms)      = 19955
2025/10/08 15:25:53.1    AverageCycle (ms) = 199.6
2025/10/08 15:25:53.1    Temperature       = 30.0
2025/10/08 15:25:53.1    DATA OVERRUN %    = 0.00
2025/10/08 15:25:53.1    Spec PCB temps    = 40.2, 40.7, 40.9, 40.6, 40.9, 40.9, 39.0, 39.7
2025/10/08 15:25:53.1 
2025/10/08 15:25:53.2 Old State:16-cycle=100, Elapsed Time:   20.0,  Ideal Time:   19.8,  Delay time =   0.03  New State:ENGN_StateRunning_SamplingComplete
2025/10/08 15:25:53.3 Old State:18-ENGN_StateRunning_SamplingComplete New State:ENGN_StateRunning_WaitNewStep
2025/10/08 15:25:53.7 Old State:5-ENGN_StateRunning_WaitNewStep New State:ENGN_StateRunning_StartNewStep
2025/10/08 15:25:53.7 StartShaker(1000)
2025/10/08 15:25:53.9 Temp: 2025/10/08 15:25:53, 30.0000
2025/10/08 15:25:54.0 Old State:6-ENGN_StateRunning_StartNewStep New State:ENGN_StateRunning_WaitGoingToSample
2025/10/08 15:25:54.0 Sample96_Q(0, 0, 10)
2025/10/08 15:25:54.1 
2025/10/08 15:25:54.1 START SCAN: 
2025/10/08 15:25:54.1    CycleTime (ms)    = 200
2025/10/08 15:25:54.1    CycleCount        = 600
2025/10/08 15:25:54.1    ScansToAverage    = 20
2025/10/08 15:25:54.1    FinishTime (s)    = 120
2025/10/08 15:25:54.1    Temperature       = 30.0
2025/10/08 15:25:54.1    Lamp Power        = 36
2025/10/08 15:25:54.1    Spec PCB temps    = 40.2, 40.7, 40.9, 40.6, 40.9, 40.9, 39.0, 39.7
2025/10/08 15:25:54.1 
2025/10/08 15:25:54.2 GMC_SetPosZ
2025/10/08 15:25:54.2 Old State:12-ENGN_StateRunning_WaitGoingToSample New State:ENGN_StateRunning_GoingToSample
2025/10/08 15:25:58.7 GMC_ServoHere
2025/10/08 15:25:58.8 GMC_SetPosXY
2025/10/08 15:25:59.2 GMC_SetPosZ
2025/10/08 15:26:04.2 Old State:13-cycle=1, Elapsed Time:    0.0,  Ideal Time:    0.0,  Delay time =   0.00  New State:ENGN_StateRunning_GoingToSampleComplete
2025/10/08 15:26:04.3 Old State:14-ENGN_StateRunning_GoingToSampleComplete New State:ENGN_StateRunning_WaitSampling
2025/10/08 15:26:04.3 Step started at: 15:25:54
2025/10/08 15:26:04.3 XYZ movement time  = 10047 ms + Scan start delay = 10042 ms
2025/10/08 15:26:04.4 Old State:15-ENGN_StateRunning_WaitSampling New State:ENGN_StateRunning_Sampling
2025/10/08 15:26:54.0 Temp: 2025/10/08 15:26:54, 30.0000
2025/10/08 15:27:54.1 Temp: 2025/10/08 15:27:54, 30.0000
2025/10/08 15:28:04.0 
2025/10/08 15:28:04.0 STOP SCAN: 
2025/10/08 15:28:04.0    CycleTime (ms)    = 200
2025/10/08 15:28:04.0    CurrentCycle      = 600
2025/10/08 15:28:04.0    RunTime (ms)      = 119956
2025/10/08 15:28:04.0    AverageCycle (ms) = 199.9
2025/10/08 15:28:04.0    Temperature       = 30.0
2025/10/08 15:28:04.0    DATA OVERRUN %    = 0.00
2025/10/08 15:28:04.0    Spec PCB temps    = 40.2, 40.7, 40.9, 40.6, 40.9, 40.9, 39.0, 39.7
2025/10/08 15:28:04.0 
2025/10/08 15:28:04.1 Old State:16-cycle=600, Elapsed Time:  120.0,  Ideal Time:  119.8,  Delay time =   0.04  New State:ENGN_StateRunning_SamplingComplete
2025/10/08 15:28:04.3 Old State:18-ENGN_StateRunning_SamplingComplete New State:ENGN_StateRunning_WaitEjecting
2025/10/08 15:28:04.3 EJECT: To Tray, position=1,0
2025/10/08 15:28:04.3    EjectOffset = 10.0
2025/10/08 15:28:04.4 GMC_SetPosZ
2025/10/08 15:28:04.5 Old State:19-ENGN_StateRunning_WaitEjecting New State:ENGN_StateRunning_Ejecting
2025/10/08 15:28:09.2 GMC_ServoHere
2025/10/08 15:28:09.3 GMC_SetPosXY
2025/10/08 15:28:11.4 GMC_SetPosZ
2025/10/08 15:28:15.6 GMC_Eject
2025/10/08 15:28:15.6 EJECTOR: Eject
2025/10/08 15:28:24.4 GMC_HomeZ
2025/10/08 15:28:29.9 GMC_SetPosZ
2025/10/08 15:28:30.2 GMC_ServoHere
2025/10/08 15:28:30.4 GMC_SetPosZ
2025/10/08 15:28:30.5 GMC_ServoHere
2025/10/08 15:28:30.7 GMC_SetPosXY
2025/10/08 15:28:32.8 GMC_SetPosZ
2025/10/08 15:28:33.2 Old State:20-ENGN_StateRunning_Ejecting New State:ENGN_StateRunning_EjectingComplete
2025/10/08 15:28:33.3 Old State:21-ENGN_StateRunning_EjectingComplete New State:ENGN_StateRunning_Finished
2025/10/08 15:28:33.3 StopShaker
2025/10/08 15:28:33.4 Old State:22-ENGN_StateRunning_Finished New State:ENGN_State_SystemReady
2025/10/08 15:28:33.5 Temp: 2025/10/08 15:28:33, 30.0000
2025/10/08 15:28:33.5 
2025/10/08 15:28:33.5 ASSAY SUMMARY:
2025/10/08 15:28:33.5 ==============
2025/10/08 15:28:33.5   Step #   Duration   Cycles  Overrun %
2025/10/08 15:28:33.5        1     179     900    0.00
2025/10/08 15:28:33.5        2      19     100    0.00
2025/10/08 15:28:33.5        3      19     100    0.00
2025/10/08 15:28:33.5        4      19     100    0.00
2025/10/08 15:28:33.5        5      19     100    0.00
2025/10/08 15:28:33.5        6      19     100    0.00
2025/10/08 15:28:33.5        7      19     100    0.00
2025/10/08 15:28:33.5        8     119     600    0.00
2025/10/08 15:28:33.5        9      19     100    0.00
2025/10/08 15:28:33.5       10      59     300    0.00
2025/10/08 15:28:33.5       11      19     100    0.00
2025/10/08 15:28:33.5       12     119     600    0.00
2025/10/08 15:28:33.5       13     179     900    0.00
2025/10/08 15:28:33.5       14      19     100    0.00
2025/10/08 15:28:33.5       15      19     100    0.00
2025/10/08 15:28:33.5       16      20     100    0.00
2025/10/08 15:28:33.5       17      19     100    0.00
2025/10/08 15:28:33.5       18      19     100    0.00
2025/10/08 15:28:33.5       19      19     100    0.00
2025/10/08 15:28:33.5       20     119     600    0.00
2025/10/08 15:28:33.5       21      19     100    0.00
2025/10/08 15:28:33.5       22      59     300    0.00
2025/10/08 15:28:33.5       23      19     100    0.00
2025/10/08 15:28:33.5       24     119     600    0.00
2025/10/08 15:28:33.5 -------------------------------------------
2025/10/08 15:28:33.5    Total    1279    6400    0.00
